cell_id,PC_1,PC_2
c_1_1_1,0.16596116,0.046890374
c_1_1_2,4.9661283,0.84027016
c_1_1_3,0.26939437,-1.2018071
c_1_1_5,-0.35955828,-0.78269416
c_1_1_7,-0.6303123,1.4814248
c_1_1_8,-0.556065,-1.3276632
c_1_1_9,-0.80674386,-0.21202037
c_1_1_10,-1.7739114,-0.057602935
c_1_1_11,-0.25874415,-1.3760004
c_1_1_12,3.979425,-0.3686223
c_1_1_13,3.863327,-0.70289326
c_1_1_14,2.8593507,-2.3507075
c_1_1_15,-0.07448901,-0.9126482
c_1_1_16,-0.098039016,-0.92216176
c_1_1_17,1.6106212,-2.2166977
c_1_1_18,0.51433456,0.7894813
c_1_1_19,1.0034387,-1.4870523
c_1_1_20,-1.2311121,0.08712872
c_1_1_21,-1.5110061,0.76572
c_1_1_23,-0.610868,-0.53837687
c_1_1_24,-0.004961192,-1.3318886
c_1_1_26,0.4756398,-1.2862124
c_1_1_28,0.34392557,-1.6426449
c_1_1_29,0.3629537,-0.07898002
c_1_1_30,0.034800008,-1.1839856
c_1_1_31,-1.3672522,-1.5231255
c_1_1_32,-0.29516733,-0.8561768
c_1_1_33,-0.9840561,-1.4948852
c_1_1_34,-1.7235004,-1.5172187
c_1_1_35,-0.8296136,-0.47453874
c_1_1_36,-0.6129806,-0.2961245
c_1_1_37,-0.11006932,-0.72764206
c_1_1_38,-0.11078898,-0.5200106
c_1_1_39,0.9328404,0.42431808
c_1_1_40,0.3143012,-0.6474937
c_1_1_41,1.0810571,-2.0093637
c_1_1_42,-3.0542023,0.8617412
c_1_1_43,-0.2913377,-1.5495977
c_1_1_44,-1.0640223,0.11585864
c_1_1_45,-0.013736459,-1.0392947
c_1_1_46,-0.8141103,-0.57953584
c_1_1_47,0.47448507,-1.4526182
c_1_1_48,-1.987177,-3.700742
c_1_1_49,-1.1885417,-1.0551139
c_1_1_50,-0.9908271,-0.48334107
c_1_1_51,-1.3688256,0.8420294
c_1_1_52,-0.18219613,-0.62156117
c_1_1_54,-0.695318,-2.669093
c_1_1_55,-0.74311274,-0.95201117
c_1_1_56,-0.7146947,0.70565516
c_1_1_57,-0.11388177,-0.19504555
c_1_1_58,-0.7877625,-2.279505
c_1_1_59,-0.9125236,0.23343223
c_1_1_60,-1.6281761,-0.7026989
c_1_1_61,-1.3913447,-0.42901906
c_1_1_62,-0.7293122,0.21453884
c_1_1_64,-0.8312648,-0.3003576
c_1_1_65,0.788926,-1.815617
c_1_1_66,0.75565463,-0.28165323
c_1_1_67,-0.0051051243,-1.8320146
c_1_1_68,4.8709817,-1.0232235
c_1_1_69,-1.0082223,-2.477784
c_1_1_70,0.7492457,-2.6583092
c_1_1_71,-0.4493369,-0.20851292
c_1_1_72,-0.4255981,-0.34050083
c_1_1_73,0.84196997,-0.5908792
c_1_1_74,-0.34928983,-0.23472007
c_1_1_76,0.038625915,-0.6353274
c_1_1_77,1.6104435,-0.32334235
c_1_1_78,-0.06328503,-0.6391877
c_1_1_79,0.5401616,-0.86082417
c_1_1_80,-0.46933684,-1.1196187
c_1_1_81,2.9089785,-1.76482
c_1_1_82,0.077304386,-0.5068508
c_1_1_83,-2.0117803,0.707134
c_1_1_84,1.9120928,0.093977116
c_1_1_85,0.71910244,-1.0459024
c_1_1_86,0.29823145,-1.390673
c_1_1_87,-1.4821203,0.04000547
c_1_1_88,-0.016093541,-2.4263594
c_1_1_89,0.19231525,-0.5932864
c_1_1_90,1.1507428,-0.5913164
c_1_1_93,-0.8239733,-1.6539036
c_1_1_95,2.4466455,-1.3825412
c_1_1_96,6.341466,-0.93824905
c_1_1_97,-0.7077769,-0.27249035
c_1_1_99,0.53805155,-0.55406195
c_1_1_100,-1.069274,-2.4815505
c_1_1_102,-1.2803826,-1.9147875
c_1_1_103,0.7739439,-0.3040928
c_1_1_104,-0.40571603,1.2934217
c_1_1_106,0.6638863,-0.5341701
c_1_1_108,0.4143191,0.8920232
c_1_1_110,0.43323138,-2.4662957
c_1_1_112,0.64581203,-0.15655911
c_1_1_113,-1.3557826,-2.9531682
c_1_1_114,-1.0114298,0.70031875
c_1_1_115,2.3363068,-1.6759218
c_1_1_116,2.70728,-1.2268596
c_1_1_117,1.3693293,-0.9425644
c_1_1_118,-0.92910767,-0.6240606
c_1_1_119,1.3740704,-0.6274893
c_1_1_120,-0.8820504,-1.8517897
c_1_1_121,-0.07510607,-0.63968116
c_1_1_122,-0.0016624148,-1.7879677
c_1_1_123,-0.23029423,0.41884562
c_1_1_124,0.7425198,0.27451652
c_1_1_125,2.1595335,0.44630557
c_1_1_126,1.4369454,-0.62363243
c_1_1_127,-0.3638064,-1.0498277
c_1_1_128,0.14072281,0.21221863
c_1_1_130,1.1497093,-0.23627093
c_1_1_131,2.8240528,-0.39009887
c_1_1_132,0.09729585,-1.180816
c_1_1_133,-0.14777005,-0.92904377
c_1_1_135,0.09676388,-1.2381054
c_1_1_136,0.45647922,0.43920064
c_1_1_137,0.8779431,-0.39892793
c_1_1_138,-2.0311587,-1.3990045
c_1_1_142,0.37687618,-0.4285951
c_1_1_143,-0.5275103,-1.6780655
c_1_1_145,1.0395823,-1.0964482
c_1_1_146,-1.0241592,-0.936243
c_1_1_147,1.2196618,0.96345246
c_1_1_148,0.7663902,-0.6689896
c_1_1_149,-0.7520021,-1.332903
c_1_1_151,-0.5062517,-0.67588836
c_1_1_152,-2.0704076,-2.9645877
c_1_1_153,-1.5033574,-0.4956564
c_1_1_154,2.5292697,-1.8698121
c_1_1_155,1.0325118,-0.5611113
c_1_1_156,2.1595,-3.1207914
c_1_1_157,0.022859523,-0.4789238
c_1_1_158,-1.2368023,-3.2725077
c_1_1_159,-0.8364338,-1.5386773
c_1_1_160,0.8954672,-0.8690673
c_1_1_161,1.9879609,0.9352275
c_1_1_162,0.005251055,-1.0948638
c_1_1_163,0.7312522,-1.5801976
c_1_1_164,1.559778,0.10744223
c_1_1_165,4.655514,-2.5588052
c_1_1_166,1.239698,0.6783367
c_1_1_167,0.3298493,0.416202
c_1_1_168,0.36383486,-0.2499988
c_1_1_169,0.7698793,-0.81863403
c_1_1_170,-0.08544909,-1.1973932
c_1_1_171,-0.2104815,-0.920529
c_1_1_172,2.8454778,0.119845055
c_1_1_173,0.23099788,-0.45592487
c_1_1_174,0.13504279,-0.40024018
c_1_1_175,-0.7252457,0.021098081
c_1_1_176,0.33566636,-1.0596336
c_1_1_177,5.4958205,0.10204142
c_1_1_178,-0.8383084,0.23385823
c_1_1_179,0.22609928,-0.47779799
c_1_1_180,0.39515665,-1.0891346
c_1_1_181,3.6765769,-1.5783429
c_1_1_182,3.6899,-0.0013380154
c_1_1_184,1.0998746,-1.2327144
c_1_1_185,3.735052,0.6361872
c_1_1_187,4.5717435,1.1731361
c_1_1_188,0.86123854,0.14622115
c_1_1_189,-1.930389,0.03517567
c_1_1_190,1.7352829,1.9519477
c_1_1_191,1.836779,-0.04198855
c_1_1_192,2.5598624,-0.23517425
c_1_1_193,-1.087522,0.7577675
c_1_1_195,3.0327222,-0.51985484
c_1_1_196,1.6182448,0.9476999
c_1_1_197,0.47605544,0.19212423
c_1_1_198,0.03869205,-0.2301871
c_1_1_199,1.0681925,-1.0797569
c_1_1_200,-0.40851748,0.08434361
c_1_1_201,4.6528616,-0.39130935
c_1_1_204,0.4763736,-0.058454424
c_1_1_205,-0.72914666,0.16730915
c_1_1_206,0.6213358,0.8077046
c_1_1_207,0.7117412,1.5608016
c_1_1_208,3.265309,-0.36203858
c_1_1_209,4.462888,1.9156669
c_1_1_211,-0.7806552,-1.8921359
c_1_1_212,-0.6092801,-0.7197922
c_1_1_213,1.5962901,-1.118538
c_1_1_214,5.9216685,0.78218293
c_1_1_215,2.0473988,-1.3998386
c_1_1_216,0.3008335,-0.023043675
c_1_1_218,0.054168027,-1.66685
c_1_1_219,2.4618797,-0.9930084
c_1_1_220,2.4701593,0.111323014
c_1_1_221,-0.82214665,-1.5439247
c_1_1_222,-0.8504423,-0.48407054
c_1_1_223,-1.76011,-1.9239805
c_1_1_224,-0.2469776,-0.1406418
c_1_1_225,-1.6374885,0.034015335
c_1_1_227,-1.1395385,-0.18681811
c_1_1_229,-0.8951505,-1.4922636
c_1_1_230,-0.09007644,-0.8830414
c_1_1_231,0.80320084,-1.8996588
c_1_1_232,-0.10540853,-0.9289948
c_1_1_233,1.8066183,-0.5314872
c_1_1_234,-0.22929779,-0.51228154
c_1_1_235,-0.49164668,-0.88523024
c_1_1_236,0.20517145,-0.69274634
c_1_1_237,-1.2450984,1.2314146
c_1_1_238,-0.015053461,-0.18010208
c_1_1_239,-0.7180713,-1.6432687
c_1_1_240,-1.203738,-0.1554998
c_1_1_242,1.7338337,-0.29204795
c_1_1_243,-0.39197975,-1.6470327
c_1_1_244,-0.611621,1.102308
c_1_1_245,0.011823235,0.013188779
c_1_1_246,-1.319814,-0.1053156
c_1_1_247,-1.048026,-2.0728216
c_1_1_248,-1.1477371,-1.0330697
c_1_1_249,2.910466,0.03933879
c_1_1_250,-1.0484275,-1.326043
c_1_1_251,-0.6754493,0.7554523
c_1_1_252,-0.44524813,0.34600666
c_1_1_253,-0.11450292,0.74453264
c_1_1_256,-0.035609484,-0.81665546
c_1_1_257,-0.23016396,-0.3882181
c_1_1_258,-0.9042551,-0.9652138
c_1_1_259,0.64860684,-2.0999649
c_1_1_260,-0.45448413,-0.06575448
c_1_1_261,-0.88022643,-1.315078
c_1_1_262,1.2591302,-1.2586097
c_1_1_263,0.5065908,-0.11764576
c_1_1_264,-0.62621105,-0.6872299
c_1_1_265,0.2898997,-0.78071797
c_1_1_266,-1.2090484,-1.4660789
c_1_1_267,-0.65753764,-2.4787989
c_1_1_268,-0.588771,-2.7220836
c_1_1_269,-0.29557824,-1.3022987
c_1_1_270,-1.2407746,0.0081770085
c_1_1_271,-0.08062396,-1.9302062
c_1_1_272,3.1318026,-1.2154466
c_1_1_273,-0.12065846,-0.82969457
c_1_1_274,-0.18144351,0.47258374
c_1_1_275,3.6700993,0.7313757
c_1_1_276,2.2140357,-2.3199863
c_1_1_277,4.682629,0.8076514
c_1_1_278,-1.1300905,-0.31966197
c_1_1_279,-0.84160465,-4.1005816
c_1_1_280,-0.5829486,-1.5759338
c_1_1_281,-0.7746469,-0.050728578
c_1_1_282,-0.46780908,0.24140386
c_1_1_283,1.3848726,-1.9151253
c_1_1_284,1.3266537,-0.14903793
c_1_1_285,-0.6658615,-1.581381
c_1_1_286,-0.2512702,-2.2686234
c_1_1_287,3.6223886,-0.2847766
c_1_1_288,0.8825514,-0.6523463
c_1_1_289,1.400988,-1.4573193
c_1_1_290,-1.9398687,3.412694
c_1_1_292,0.1362592,-1.8134947
c_1_1_294,-1.3428113,-1.1723542
c_1_1_295,4.2377477,-0.6516306
c_1_1_297,-0.24344358,-0.810147
c_1_1_298,-0.5624624,-0.24513969
c_1_1_299,0.15696734,-1.5218246
c_1_1_300,1.0419501,-2.0769205
c_1_1_301,0.12887771,-1.3151842
c_1_1_302,-1.3901732,-2.840034
c_1_1_303,2.176867,-1.2547598
c_1_1_305,0.2377059,-1.474095
c_1_1_306,-1.9365102,-2.285589
c_1_1_307,2.4390392,-0.7289116
c_1_1_308,-1.8396825,-2.6102679
c_1_1_309,-0.26341334,-0.957798
c_1_1_310,-0.6423396,-1.3767649
c_1_1_311,2.3598022,-1.1427379
c_1_1_313,3.0499573,-0.23641051
c_1_1_314,-1.0948435,-2.2035227
c_1_1_315,0.31999162,-0.001348713
c_1_1_317,-0.8965461,0.22109577
c_1_1_318,1.6641152,0.13236985
c_1_1_319,-1.3135468,-0.083178535
c_1_1_320,6.4456687,-0.88580805
c_1_1_321,0.58783704,0.8426964
c_1_1_322,5.0570126,-1.528726
c_1_1_324,3.0332365,-1.9347291
c_1_1_325,0.36901402,-0.3713025
c_1_1_326,-0.3845148,-0.24752046
c_1_1_327,2.7236562,-0.91157
c_1_1_328,4.298223,-0.20332736
c_1_1_329,0.16542985,1.0457221
c_1_1_330,0.19099249,-0.14796789
c_1_1_331,-0.37813517,-3.8418744
c_1_1_332,2.4775465,-0.14598942
c_1_1_333,6.155498,0.32751378
c_1_1_334,4.806003,1.7156781
c_1_1_335,0.5659552,-1.3690436
c_1_1_336,0.72971547,-0.23089033
c_1_1_337,2.347848,-1.0121973
c_1_1_338,-0.34399143,-1.5282842
c_1_1_339,-1.4084316,-2.062763
c_1_1_340,1.7593149,0.35268188
c_1_1_341,5.0424,1.4849818
c_1_1_342,1.6553651,-0.69527495
c_1_1_343,0.42617956,-0.47233066
c_1_1_344,1.8877909,-1.3219833
c_1_1_345,-0.07246475,0.6479391
c_1_1_346,5.1389356,-0.52533805
c_1_1_347,1.1479688,-0.5551556
c_1_1_348,0.5173341,-1.821823
c_1_1_349,-0.94332933,-1.0429947
c_1_1_350,-0.066160545,-0.35068834
c_1_1_351,-0.60910213,-1.2746861
c_1_1_352,1.7800678,-1.460288
c_1_1_353,1.2253464,-0.7926343
c_1_1_354,5.3143144,0.68173045
c_1_1_355,3.343413,-0.25769508
c_1_1_357,5.9090657,1.8075969
c_1_1_359,6.3404922,0.3964829
c_1_1_361,3.2969642,-0.0065883524
c_1_1_362,-1.8258028,0.7635574
c_1_1_363,3.339833,-0.42582363
c_1_1_365,0.5697286,0.09134843
c_1_1_366,5.7227316,0.5256304
c_1_1_367,1.9739426,0.29508802
c_1_1_368,-0.5991232,-0.43097714
c_1_1_369,-0.1782678,-0.68732256
c_1_1_370,3.2987654,-0.45992923
c_1_1_371,-0.47964844,0.28063193
c_1_1_372,2.5414934,-0.22648422
c_1_1_373,5.568585,-0.97851694
c_1_1_374,0.58399796,-1.0694777
c_1_1_376,4.6046567,-0.64210695
c_1_1_377,3.5287094,-0.3409151
c_1_1_378,0.37093747,-1.1127795
c_1_1_379,1.6925455,-0.8158958
c_1_1_380,0.90977186,-1.1010247
c_1_1_381,-1.1185285,-2.0111392
c_1_1_382,1.3152329,0.26213017
c_1_1_383,1.510012,-0.50228393
c_1_1_384,2.7345111,0.6470632
c_1_1_385,-0.708039,-0.7265544
c_1_1_386,1.0649914,-0.56305045
c_1_1_387,-0.9714478,-0.71856445
c_1_1_388,-1.5072271,-1.1363453
c_1_1_389,3.8001122,-1.8305801
c_1_1_390,1.0255288,-1.1475393
c_1_1_391,3.964322,0.503899
c_1_1_392,3.9120457,-1.2675483
c_1_1_393,11.693863,0.6480189
c_1_1_394,4.0664744,-1.0556581
c_1_1_395,0.63790715,-0.021538315
c_1_1_396,1.9773077,-0.9206518
c_1_1_398,2.7907941,0.33403704
c_1_1_399,4.3525662,0.9258727
c_1_1_400,-1.9370854,-1.2235117
c_1_1_401,-0.72488964,-0.61087596
c_1_1_402,-0.8019461,-1.0687209
c_1_1_403,-1.2928113,-2.6308281
c_1_1_404,0.11280757,-2.032471
c_1_1_405,0.3352955,-1.7942343
c_1_1_406,4.0431395,-1.9203724
c_1_1_407,0.69065285,-1.4729828
c_1_1_408,1.5949354,-0.6289411
c_1_1_409,0.082188234,-0.95963097
c_1_1_410,-1.0068299,-0.21336967
c_1_1_411,2.2229774,0.0039681215
c_1_1_412,-0.46280718,1.8092304
c_1_1_413,4.812122,-0.7417953
c_1_1_414,5.418988,1.2041718
c_1_1_415,2.5967977,0.62940437
c_1_1_416,-0.47380942,0.61587906
c_1_1_417,-1.0554926,2.0158186
c_1_1_418,-1.1309756,-1.3307788
c_1_1_419,3.5212767,-1.1279367
c_1_1_420,2.2700248,0.34105873
c_1_1_421,0.66886896,-1.9083505
c_1_1_423,0.34372297,-0.6998908
c_1_1_424,0.6563756,-1.2700417
c_1_1_425,4.418503,-0.31601858
c_1_1_426,0.014664135,-0.07149364
c_1_1_427,-1.036253,-1.5398589
c_1_1_428,4.6500487,0.48276347
c_1_1_429,2.5421267,-0.118343815
c_1_1_430,-1.2243011,-0.019499658
c_1_1_431,-0.9630073,-0.18833905
c_1_1_432,0.11627725,0.3681014
c_1_1_433,-0.6830754,-0.32959282
c_1_1_434,0.19580805,0.16328114
c_1_1_435,4.212592,-0.46033984
c_1_1_436,-0.8612577,0.28981307
c_1_1_437,-1.5991106,-0.23845862
c_1_1_438,0.6693599,-1.1361964
c_1_1_442,2.8983307,-0.2316034
c_1_1_443,1.59115,1.2615044
c_1_1_444,-1.0468447,-0.34238884
c_1_1_445,0.05010478,-0.88702184
c_1_1_446,1.5505027,-1.4233963
c_1_1_447,3.077913,0.6414626
c_1_1_448,2.624822,0.9306612
c_1_1_450,-1.51421,-0.21952784
c_1_1_451,-1.1868005,0.52336293
c_1_1_452,0.42057368,-1.021645
c_1_1_453,-1.1964195,-0.9891843
c_1_1_454,-0.14219388,-1.9642283
c_1_1_455,-1.2691528,-2.6456435
c_1_1_456,-0.07344247,0.8683453
c_1_1_457,-0.5998252,-0.060181525
c_1_1_458,-1.5428141,-1.6293051
c_1_1_459,-0.8131536,-0.28559726
c_1_1_460,1.660815,-1.8913872
c_1_1_461,-2.048308,-0.6838017
c_1_1_462,-0.63582087,-2.0914943
c_1_1_463,0.59936106,-0.3721755
c_1_2_1,-1.7665408,-1.9636532
c_1_2_2,-0.7618649,-1.8279158
c_1_2_3,1.5943432,0.77682656
c_1_2_4,0.2845478,-0.4138489
c_1_2_5,0.49356362,-0.17872539
c_1_2_6,-0.49077895,0.14714427
c_1_2_7,-1.5087727,-0.16758649
c_1_2_8,-0.42356905,-0.94101214
c_1_2_9,-0.9655979,-0.36017585
c_1_2_10,-0.078319415,-1.9167436
c_1_2_11,-1.4706116,-0.51257557
c_1_2_12,-0.2238166,-1.8742964
c_1_2_13,0.046706747,-0.5520862
c_1_2_14,-1.889411,-1.2011667
c_1_2_15,-0.34000602,-0.111386396
c_1_2_16,0.3453482,-2.7857053
c_1_2_17,0.5157555,1.485138
c_1_2_18,-0.1807564,-0.90326065
c_1_2_19,0.51579034,-1.5804784
c_1_2_21,0.0956512,-0.22123516
c_1_2_22,-0.06733574,-1.521089
c_1_2_23,-1.3198833,-0.21266444
c_1_2_24,0.76931316,-1.7698569
c_1_2_25,-0.85593915,-2.1010315
c_1_2_26,-1.7575071,0.52419215
c_1_2_27,0.38505927,-0.16965458
c_1_2_28,-1.1845516,-0.38052684
c_1_2_29,-1.5662204,-1.1927772
c_1_2_30,-1.0230948,1.6111451
c_1_2_31,-0.92377883,-0.6824004
c_1_2_32,-0.4298807,-0.82104313
c_1_2_33,0.24314025,-0.60932034
c_1_2_34,-0.13591613,-1.07232
c_1_2_36,-0.17724313,-0.47358793
c_1_2_37,-0.15303099,-1.4343264
c_1_2_38,1.2111403,-0.3959981
c_1_2_39,-0.17354633,-0.7117527
c_1_2_40,-0.079225145,-0.43791577
c_1_2_41,-0.5987021,-0.94680357
c_1_2_42,-0.73095536,-0.4879645
c_1_2_43,-1.3670257,-1.3831558
c_1_2_44,-0.9094509,-0.21643727
c_1_2_45,-1.3032783,-1.1258595
c_1_2_46,-0.37675643,-1.9492241
c_1_2_47,0.1521282,-0.47533345
c_1_2_48,-1.3465027,0.17476444
c_1_2_49,0.24875101,-0.99664664
c_1_2_50,0.9727756,-0.4820804
c_1_2_51,-1.2882667,-0.885991
c_1_2_52,-0.39658004,0.13888843
c_1_2_53,-1.3328744,-1.3469635
c_1_2_54,-0.94659334,-0.1595051
c_1_2_55,-0.7102382,-1.8663154
c_1_2_56,-0.6819262,-0.71293753
c_1_2_57,0.56477493,-1.2337089
c_1_2_58,-0.2301169,-2.0450203
c_1_2_59,0.9188885,0.33791524
c_1_2_60,-0.4326731,-0.32373542
c_1_2_61,0.32184544,-0.1405036
c_1_2_62,0.21799143,-0.059487928
c_1_2_63,1.539923,0.781176
c_1_2_64,0.66592354,0.01955668
c_1_2_65,-0.8286524,-0.21175422
c_1_2_66,-0.7902031,-0.5177168
c_1_2_67,-0.7760855,0.27422228
c_1_2_68,-0.52581537,-0.59425473
c_1_2_69,-2.2284782,-1.850264
c_1_2_70,-0.47762102,-0.502238
c_1_2_71,-0.100549534,-0.40688968
c_1_2_72,-0.0707236,-1.1765684
c_1_2_73,-0.08150636,-0.36876962
c_1_2_74,-1.0011681,0.2119131
c_1_2_75,-0.43154272,-0.94996095
c_1_2_76,-2.0761662,-0.14601448
c_1_2_77,0.20024844,0.9956379
c_1_2_78,-1.8440423,-2.3276021
c_1_2_79,-0.5313766,-0.7677459
c_1_2_80,-0.37460154,0.4357113
c_1_2_81,-0.13639104,-1.6994588
c_1_2_82,-0.27638847,-0.39774013
c_1_2_83,-1.3285725,-0.36834905
c_1_2_84,-1.2988024,-0.7124304
c_1_2_85,1.9973303,-0.4392864
c_1_2_86,0.4367182,-0.7649238
c_1_2_87,-1.2982785,0.14419533
c_1_2_88,-2.0274553,-2.1316025
c_1_2_89,-0.93892896,0.54617506
c_1_2_90,-0.65134746,-0.8793032
c_1_2_91,0.66310984,-0.23313788
c_1_2_92,-0.10945064,0.3093565
c_1_2_93,-1.3773112,0.44483808
c_1_2_94,-1.7136631,0.30235574
c_1_2_95,-1.8198085,-1.2845924
c_1_2_96,0.45980895,-0.53449863
c_1_2_97,-0.17146769,-1.2185965
c_1_2_98,-0.36739287,0.6440822
c_1_2_99,-1.6538297,0.73844296
c_1_2_101,-2.0558386,-1.5220113
c_1_2_102,-0.7931399,-2.023954
c_1_2_103,-0.21311904,0.015280816
c_1_2_104,-2.0054684,-1.7861781
c_1_2_105,0.21339671,0.8091637
c_1_2_106,-1.0351173,-0.33969665
c_1_2_107,0.33646673,0.2402732
c_1_2_108,-1.1026781,-0.34526628
c_1_2_109,-1.0661983,-0.45499745
c_1_2_110,-1.3246843,0.428242
c_1_2_111,-1.2025944,-0.507008
c_1_2_112,-0.6477683,0.046031713
c_1_2_113,1.5136832,-1.2678727
c_1_2_114,-1.4392611,-0.18590975
c_1_2_115,0.3021973,-1.1771764
c_1_2_116,-0.93542993,-0.37463084
c_1_2_117,-0.70401144,-1.0587926
c_1_2_118,-1.6219343,-1.1985964
c_1_2_119,-1.0896778,-1.2855878
c_1_2_120,-1.4499438,0.3393283
c_1_2_121,1.17136,-1.0070097
c_1_2_122,-1.3788149,-0.90028113
c_1_2_123,-1.4214733,-1.3875351
c_1_2_124,-0.6952871,2.9309146
c_1_2_125,-1.3374809,-0.0019275047
c_1_2_126,0.069839545,-0.8905749
c_1_2_127,-0.94092923,-0.44488162
c_1_2_128,-0.96606857,-0.94509655
c_1_2_130,-0.75503004,0.057411764
c_1_2_131,-0.13205643,-1.0732378
c_1_2_132,-0.20868742,-1.5927987
c_1_2_133,-1.0409281,-1.1356126
c_1_2_134,0.17352983,-0.49493542
c_1_2_135,-0.98348534,-0.21585718
c_1_2_136,0.30690104,-0.4958323
c_1_2_137,0.041688148,-1.6292182
c_1_2_138,-1.1637936,-0.6195238
c_1_2_139,-0.6263324,-0.4258992
c_1_2_141,-1.1979378,-0.40895617
c_1_2_142,-1.6866043,-0.11265374
c_1_2_143,-1.5263752,-0.12372911
c_1_2_144,-0.35599852,0.29248565
c_1_2_145,0.77353543,-0.7731455
c_1_2_146,0.74820465,-1.3627514
c_1_2_147,-0.4432511,0.13597722
c_1_2_148,-1.2811855,-1.3332103
c_1_2_149,-0.57414275,0.11376472
c_1_2_150,-0.8936954,-2.4340222
c_1_2_151,-1.7103623,-0.20910467
c_1_2_152,-0.92575186,-0.46475163
c_1_2_154,-1.1255771,-0.54685295
c_1_2_155,-0.43532717,-0.9052958
c_1_2_156,-1.2562331,0.07317335
c_1_2_158,-0.018190496,-1.9395473
c_1_2_159,0.806802,-0.41654977
c_1_2_160,-0.6313193,-0.87724894
c_1_2_162,-1.6329628,0.2789
c_1_2_165,-2.024545,-0.5653004
c_1_2_166,0.51430297,-0.5594472
c_1_2_167,-0.91392416,0.1558407
c_1_2_168,-0.80371326,-0.17653981
c_1_2_169,-0.6644244,-1.5544002
c_1_2_170,-0.54415613,-0.93888307
c_1_2_171,-0.8999334,-0.6159704
c_1_2_172,-0.28035063,-0.7753702
c_1_2_173,-0.63543046,-0.2877863
c_1_2_174,-0.5797187,-0.3639197
c_1_2_175,-0.40173867,-1.6746769
c_1_2_176,-0.66418636,-0.7572815
c_1_2_177,0.2617323,-0.4288682
c_1_2_178,-0.87044615,-0.8161003
c_1_2_179,-2.0978043,-0.7560692
c_1_2_180,3.1055818,-0.192957
c_1_2_181,-1.1772242,-1.8393556
c_1_2_182,-1.2352345,-0.45858294
c_1_2_183,-0.84613997,-0.08825126
c_1_2_184,-0.020762337,-2.1813722
c_1_2_185,-0.91505104,-0.81160665
c_1_2_186,-1.7417132,-0.12028391
c_1_2_187,-0.15545855,-1.2720169
c_1_2_188,-1.6373075,-1.6144835
c_1_2_189,-0.8257211,-1.9016919
c_1_2_190,1.0243552,-0.78711957
c_1_2_191,-2.5889204,-2.9853165
c_1_2_192,2.3517668,-0.7243407
c_1_2_193,-1.2948761,-0.007859597
c_1_2_194,-0.9576605,0.3520728
c_1_2_195,-1.7189982,-1.3733207
c_1_2_196,-0.58325696,0.61714107
c_1_2_197,1.0686946,-0.6601976
c_1_2_198,-0.48898676,-0.35297304
c_1_2_199,-1.068896,-2.303351
c_1_2_200,-0.6991067,-2.1283493
c_1_2_201,-1.1302606,-1.5356727
c_1_2_202,0.0635245,-0.33804458
c_1_2_203,0.7845743,0.39214543
c_1_2_204,-1.4042764,-1.3562721
c_1_2_205,-1.9843799,-1.278735
c_1_2_206,-0.62152934,0.28417096
c_1_2_207,-1.7703638,-1.0402973
c_1_2_208,0.75648904,-1.2748405
c_1_2_209,-2.33822,-0.44017822
c_1_2_210,-0.66684157,-1.2719423
c_1_2_211,-0.87211007,0.2831596
c_1_2_212,0.018564295,0.8581217
c_1_2_213,3.1564896,1.6491036
c_1_2_214,-0.6166159,-1.0650485
c_1_2_215,-0.7826648,0.7705409
c_1_2_216,-0.22077243,0.020375649
c_1_2_217,0.019741004,-0.69621813
c_1_2_218,-1.545392,-1.713934
c_1_2_219,-0.69384736,-1.3391873
c_1_2_220,-0.01583702,-0.14351897
c_1_2_221,-1.4070541,1.1233226
c_1_2_222,-1.096442,-2.0717785
c_1_2_223,-0.8832482,-1.7097642
c_1_2_224,0.6024303,-0.77173316
c_1_2_225,-1.2224804,-2.6003983
c_1_2_226,0.03941356,0.15606068
c_1_2_227,-0.8783468,-1.2967837
c_1_2_228,-1.4987826,0.8758373
c_1_2_229,-1.7226994,-1.5569935
c_1_2_231,-0.17868088,-1.1149608
c_1_2_232,-0.2060392,-0.7860662
c_1_2_233,-1.881526,-0.5047417
c_1_2_234,-0.642811,0.33763424
c_1_2_235,1.3435674,-0.25653297
c_1_2_236,-0.97524756,-0.6474946
c_1_2_237,-1.4167947,-0.5421033
c_1_2_238,0.3286957,-0.2206546
c_1_2_239,-1.0756859,-1.1240935
c_1_2_240,-0.33955428,-1.0139319
c_1_2_241,-0.4730622,0.46135983
c_1_2_242,-1.2472701,-0.052171137
c_1_2_243,-1.1702077,0.09647754
c_1_2_244,-0.82443273,-1.1951579
c_1_2_245,-1.1756032,-0.5075959
c_1_2_246,-0.20545071,-0.49550772
c_1_2_247,1.0498917,-1.5102234
c_1_2_248,-0.5274264,-1.5790418
c_1_2_249,0.29378158,-1.1823376
c_1_2_250,-1.00463,-0.6811616
c_1_2_251,-1.6339629,0.7000903
c_1_2_252,-0.44815198,-1.8454244
c_1_2_253,-1.9396684,0.103014864
c_1_2_254,-0.35578346,-0.38757166
c_1_2_255,-1.1203349,-0.47026816
c_1_2_256,-1.1940717,-0.7698685
c_1_2_257,-0.6310691,-1.5820119
c_1_2_258,-1.393734,-1.2571255
c_1_2_259,-1.3921916,-1.3713521
c_1_2_260,-1.283072,-1.9745088
c_1_2_261,-1.3088514,-0.7809706
c_1_2_262,-0.6465545,0.55656976
c_1_2_263,-1.4869165,0.7975123
c_1_2_264,-1.5784973,-0.97260666
c_1_2_265,-1.3775836,-1.2100914
c_1_2_266,1.0609907,-0.44292668
c_1_2_267,-1.1516244,-1.00198
c_1_2_268,-0.38374367,0.11677956
c_1_2_269,-0.19586723,-0.84264064
c_1_2_270,-0.9855754,-1.5526228
c_1_2_271,-0.6019531,-1.4662313
c_1_2_272,-1.7369721,-0.84053874
c_1_2_273,0.18419452,-0.7819293
c_1_2_274,-1.7507595,-0.30350608
c_1_2_275,-0.58000565,-0.42502707
c_1_2_276,-1.990758,-2.0390117
c_1_2_277,-0.8672856,-0.8894882
c_1_2_278,-1.4145488,-0.38620546
c_1_2_279,-2.250822,0.07836451
c_1_2_280,-0.7281134,-0.79105425
c_1_2_281,-1.0304564,0.1744508
c_1_2_282,-0.87759954,-0.18129174
c_1_2_283,-0.66437054,-0.7534567
c_1_2_284,-2.061256,-1.4415244
c_1_2_285,0.04486712,-1.3647029
c_1_2_286,-0.0070452294,0.12767482
c_1_2_287,0.78607786,-1.6113409
c_1_2_288,-1.7816222,0.6117982
c_1_2_289,-1.5831631,-1.3356442
c_1_2_290,-0.103792146,-1.4420896
c_1_2_291,0.6418733,-0.6743818
c_1_2_292,0.7521237,0.03666066
c_1_2_293,-0.7964995,-1.1717664
c_1_2_294,-0.13510795,1.0255437
c_1_2_295,-1.3543389,-0.3639541
c_1_2_296,0.47924098,-0.5942338
c_1_2_297,-0.51575714,-1.5153391
c_1_2_298,-0.49257898,-0.8451698
c_1_2_299,0.45363876,1.4709052
c_1_2_300,-1.7642233,-1.2732347
c_1_2_301,-0.87283194,-0.5789749
c_1_2_302,-1.780913,0.855188
c_1_2_303,-1.863629,-1.7005024
c_1_2_304,-0.7861967,0.4665954
c_1_2_305,-1.2271477,-0.79358816
c_1_2_306,0.20526521,-0.8719665
c_1_2_308,-0.5317933,-0.2876022
c_1_2_309,-0.18012616,-0.7961348
c_1_2_310,-0.08308196,-1.1486138
c_1_2_311,0.3113675,-0.9852885
c_1_2_312,0.059479058,-0.1764083
c_1_2_313,0.002827008,0.14426261
c_1_2_314,-0.591195,-0.6999271
c_1_2_315,-1.1107029,-1.9640714
c_1_2_316,-1.7374902,-0.22597094
c_1_2_317,-0.7010508,-2.1484618
c_1_2_318,-0.30173975,-0.5976944
c_1_2_319,0.29355595,-0.53357893
c_1_2_320,-1.0620704,-1.3204584
c_1_2_321,-0.3213033,-1.9130164
c_1_2_322,-1.2732496,-0.8025332
c_1_2_323,-0.9078523,1.0556349
c_1_2_324,-1.3590456,1.439473
c_1_2_325,0.5229066,-0.78569895
c_1_2_326,-0.5597595,-0.44800484
c_1_2_327,0.08151237,-1.069522
c_1_2_328,-0.7473415,-0.121833764
c_1_2_329,-0.78047454,1.475878
c_1_2_331,-1.5981989,-1.8083736
c_1_2_332,-1.3437418,0.23048212
c_1_2_333,-1.7384089,-0.880835
c_1_2_335,-0.16319236,-1.3060067
c_1_2_337,-0.78028476,-1.1820656
c_1_2_338,-0.83120584,-1.8871919
c_1_2_339,-0.65466577,-0.8742306
c_1_2_340,1.2843722,-0.12084996
c_1_2_341,-1.5707425,-1.0351866
c_1_2_342,-1.541421,-0.039797436
c_1_2_343,-0.5052678,-0.36078855
c_1_2_344,-1.0044777,-0.2551989
c_1_2_345,-1.23174,-1.1629753
c_1_2_346,-0.44283396,-2.2495968
c_1_2_347,0.9316336,-0.22993965
c_1_2_348,-0.45071137,-0.8094349
c_1_2_349,1.2009463,-1.0337746
c_1_2_350,-1.6451693,-0.42912844
c_1_2_351,-0.26924807,-1.9132276
c_1_2_353,-0.9582172,-1.9380889
c_1_2_354,-0.77694064,-0.18418656
c_1_2_355,-1.9821936,-1.2345048
c_1_2_356,-0.46519223,-0.5846097
c_1_2_357,-1.6449896,-1.2300371
c_1_2_358,-0.19416405,0.5920441
c_1_2_359,-1.1358978,0.56683755
c_1_2_360,-1.0953059,-0.6707977
c_1_2_362,0.31684962,-0.41486543
c_1_2_363,-0.920964,-1.3187753
c_1_2_364,-1.564301,0.08975886
c_1_2_366,-0.7404236,-2.1449015
c_1_2_367,-1.1430005,-0.40328377
c_1_2_368,1.1158907,-3.3632188
c_1_2_369,-0.27917612,-0.79005337
c_1_2_370,-1.6960611,-1.1745706
c_1_2_371,-0.0054175085,0.0011973415
c_1_2_372,-1.5489769,-1.0993121
c_1_2_373,-1.0091044,0.29760304
c_1_2_374,0.2740913,-0.7928184
c_1_2_375,-0.9445962,-2.5232005
c_1_2_376,0.34351385,-0.2223788
c_1_2_377,0.5046254,0.20160565
c_1_2_378,-0.37912118,-0.13130838
c_1_2_379,-0.7160508,-1.6616796
c_1_2_380,-1.0121825,-2.039388
c_1_2_381,-0.43825668,-0.4537991
c_1_2_382,-1.6148056,0.63705546
c_1_2_383,-0.73537636,-0.8390378
c_1_2_384,-1.7122043,-1.2571981
c_1_2_385,-0.9288092,0.313071
c_1_2_386,-1.330333,-1.2798696
c_1_2_387,-0.6143812,-1.0687399
c_1_2_388,-0.2524289,-1.3797618
c_1_2_389,-1.9278923,-0.7353157
c_1_2_390,0.01836685,1.0112511
c_1_2_391,-0.72978014,-3.098813
c_1_2_392,-0.9004407,-1.0924348
c_1_2_393,-0.80520153,-0.58219004
c_1_2_394,-1.0120977,-0.9769805
c_1_2_395,-0.46533838,-0.37666148
c_1_2_396,-0.65071094,-1.09231
c_1_2_397,-0.4827432,-1.4792161
c_1_2_398,0.75714564,0.42509824
c_1_2_399,-1.6250584,-0.2045317
c_1_2_400,0.29912305,-0.6884128
c_1_2_401,-1.1163093,-0.6489006
c_1_2_402,-0.73344606,-0.6067045
c_1_2_403,0.34364364,-0.8871137
c_1_2_404,-0.68358976,-0.40471816
c_1_2_405,-0.5695331,0.14561564
c_1_2_406,0.29494634,-0.54518837
c_1_2_407,0.85835624,-0.09555163
c_1_2_408,-0.37703913,-0.36706468
c_1_2_409,-0.9586703,0.7006693
c_1_2_410,0.2609959,-0.5278805
c_1_2_411,-1.2110058,-2.4560888
c_1_2_412,-1.0325261,-1.1031343
c_1_2_413,-0.47440103,0.27699474
c_1_2_414,-0.6992936,-0.76002234
c_1_2_415,-1.1618983,0.08534871
c_1_2_416,-1.4647807,-1.7309252
c_1_2_417,-1.2236574,-0.9287457
c_1_2_418,-0.8138607,-0.6116672
c_1_2_419,3.4892972,-1.1238835
c_1_2_420,-0.14994134,-0.050158173
c_1_2_421,-0.408412,-0.6049297
c_1_2_422,-1.4311789,-0.78727245
c_1_2_423,-0.27618065,-0.59363514
c_1_2_424,-2.30166,-0.47593847
c_1_2_425,0.0996858,0.3127051
c_1_2_426,-1.3828303,-1.2207978
c_1_2_427,-1.7403708,-2.0016928
c_1_2_428,-1.0094522,-0.5423353
c_1_2_429,0.31536826,-1.1055901
c_1_2_430,-0.76732993,-0.3990526
c_1_2_431,-1.4446853,-0.39523315
c_1_2_432,-0.1005701,-0.7896604
c_1_2_433,0.49496347,-0.08107854
c_1_2_434,-1.0039684,-3.1578047
c_1_2_435,-1.1680634,-0.7149545
c_1_2_436,0.060751475,0.6116919
c_1_2_437,1.8865484,-0.96591973
c_1_2_438,-0.7553367,-1.2401439
c_1_2_439,-0.41706133,-0.5146102
c_1_2_440,-1.0065321,-0.22986962
c_1_2_441,-1.0444527,-0.6327903
c_1_2_442,0.49424237,-0.321782
c_1_2_443,-0.8403224,1.0830499
c_1_2_444,-0.4776123,-0.34531254
c_1_2_445,-0.75101745,-0.5711237
c_1_2_446,0.5219899,-0.39794436
c_1_2_447,-1.0028474,-0.5808311
c_1_2_448,-1.6060804,-1.2981154
c_1_2_449,-0.81394434,-0.5594985
c_1_2_450,-0.1533531,-1.1096284
c_1_2_451,-0.95375115,-0.035415284
c_1_2_452,-0.39432198,0.37811458
c_1_2_453,-0.67007893,-1.5105478
c_1_2_454,0.46267813,0.8555365
c_1_2_455,-1.2841195,-1.2084812
c_1_2_456,0.85114163,0.328671
c_1_2_457,-0.30443904,0.39092466
c_1_2_458,0.90571815,-0.123397544
c_1_2_459,-0.7896387,-0.6399168
c_1_2_460,-0.59756404,-0.20628211
c_1_2_461,-1.0756084,-0.9995045
c_1_2_462,-1.0171568,-0.43049803
c_1_2_463,-1.3489289,-0.3521744
c_1_2_464,0.40227562,-0.39641294
c_1_2_465,0.26643333,-1.9964279
c_1_2_466,-1.3353566,-0.7369592
c_1_2_467,-1.5194806,0.5064587
c_1_2_468,-0.8967023,-1.0485185
c_1_2_469,-1.4182922,-0.76934963
c_1_2_470,-1.1759107,-0.21745692
c_1_2_471,0.59214145,-0.007067864
c_1_2_472,-1.539661,-0.6561963
c_1_2_473,-2.081903,-1.5170208
c_1_2_474,-0.4652562,-0.8288661
c_1_2_475,-0.7737659,-2.0428495
c_1_2_476,-1.2930288,0.032275867
c_1_2_477,0.06902801,-0.052760646
c_1_2_478,-0.8633187,-0.5687427
c_1_2_479,-1.3780091,-0.9803545
c_1_2_480,-0.4937278,-0.64165664
c_1_2_481,0.2735612,-0.86449474
c_1_2_482,-1.2810518,1.2711637
c_1_2_483,-1.1485018,-1.0938878
c_1_2_484,-0.37410352,-0.891602
c_1_2_485,-0.69344985,-0.63798386
c_1_2_486,0.774418,0.5394104
c_1_2_487,0.39984247,-0.5780433
c_1_2_488,-0.5785884,-0.819935
c_1_2_489,-0.0013250753,-0.74871355
c_1_2_490,-1.2922295,-0.6253486
c_1_2_491,1.0257387,-1.6130556
c_1_2_492,-1.6104364,-0.7675209
c_1_2_493,-1.3975242,-0.25286263
c_1_2_494,0.051684204,0.13945298
c_1_2_495,-1.2270514,-0.9525294
c_1_2_496,-1.7207206,0.0051508565
c_1_2_497,-0.8245789,0.13213885
c_1_2_498,-1.4649037,-0.7756707
c_1_2_499,-0.65361154,-1.356312
c_1_2_500,-0.89144576,-0.47645915
c_1_2_501,0.31976834,-0.58351487
c_1_2_502,-1.7234719,0.15188894
c_1_2_503,-0.25798216,-0.9796011
c_1_2_504,-2.2544613,-2.093256
c_1_2_505,-1.9132777,-0.7707469
c_1_2_506,-0.30694696,-0.12246735
c_1_2_507,0.5317704,-0.8536939
c_1_2_508,-0.98828745,-0.005701317
c_1_2_509,-1.5019405,-2.5700667
c_1_2_510,-0.31582326,-0.18948048
c_1_2_511,-1.650218,-0.22982801
c_1_2_512,0.7204376,-1.5172129
c_1_2_513,-0.8958279,-0.5807294
c_1_2_514,-0.7459014,0.99454945
c_1_2_515,-0.53597873,-1.8196585
c_1_2_516,-0.13398412,-1.8488505
c_1_2_517,-1.4149698,-0.6807045
c_1_2_518,1.75103,-3.8042767
c_1_2_519,0.017601272,-2.0119715
c_1_2_520,0.34885293,-1.9746785
c_1_2_521,-0.7811236,-0.6564591
c_1_2_522,0.9150393,-0.6430661
c_1_2_523,0.15035646,0.15169883
c_1_2_524,-0.06915618,-0.04996343
c_1_2_525,-0.88285464,-0.35063016
c_1_2_526,0.2967844,-1.1603148
c_1_2_527,-0.8782732,-0.04012253
c_1_2_528,0.4329381,-1.4191705
c_1_2_529,-0.07449919,-0.3587635
c_1_2_531,-0.9654176,0.049091615
c_1_2_532,0.20680247,-1.04863
c_1_2_533,1.2492428,-1.0617355
c_1_2_534,-1.0275917,-1.318834
c_1_2_536,-0.67404824,-0.55517703
c_1_2_537,-1.1635706,-1.0684922
c_1_2_538,-0.61149216,-0.09811015
c_1_2_539,-0.40140867,-1.7766329
c_1_2_540,-1.4821657,-1.1068623
c_1_2_541,0.040325757,0.22121376
c_1_2_542,0.2718378,-1.3825527
c_1_2_543,0.5886091,-0.3754569
c_1_2_544,-1.6677545,0.037924886
c_1_2_545,-1.2824012,-0.7535535
c_1_2_546,0.3056042,-1.2464736
c_1_2_547,0.45549297,-1.4066925
c_1_2_548,-1.4970201,0.25958002
c_1_2_549,-0.6893207,-3.4831555
c_1_2_550,-0.5182126,-0.042084593
c_1_2_551,-0.6723922,0.43558306
c_1_2_552,-1.0988733,-2.5006826
c_1_2_553,-0.88840985,-1.3066639
c_1_2_554,1.2555648,1.3639091
c_1_2_555,-1.8977674,0.94104576
c_1_2_556,1.2802151,-0.29198214
c_1_2_557,-0.95640254,-1.5256858
c_1_2_558,-0.9919692,-0.63125217
c_1_2_559,-0.17370862,-1.5981107
c_1_2_560,0.1008739,-0.9583458
c_1_2_561,0.6822281,-0.27785048
c_1_2_562,-1.6191705,0.4276881
c_1_2_563,-0.95517755,-3.0725787
c_1_2_564,-0.55551845,-0.14669167
c_1_2_565,-1.2568994,0.2884437
c_1_2_566,5.26815,1.3481876
c_1_2_567,-0.9723675,-0.7695809
c_1_2_568,-1.5702122,-1.0061407
c_1_2_569,1.350269,0.83868164
c_1_2_570,-2.8049517,-3.3115377
c_1_2_571,0.20448074,-1.119184
c_1_2_572,-0.83199096,-0.027807148
c_1_2_573,-1.3738556,-1.8939675
c_1_2_574,-0.3199777,-0.9193999
c_1_2_575,-0.008406713,-0.3564675
c_1_2_576,-0.86937094,-0.31348202
c_1_2_577,-1.3977865,-1.775015
c_1_2_578,-1.2474784,0.8442318
c_1_2_579,-0.31282827,-0.38071647
c_1_2_580,-0.96563804,-0.314038
c_1_2_581,-1.6359617,-1.3977284
c_1_2_582,-1.1804702,-1.0602742
c_1_2_583,-0.0074339504,0.33460334
c_1_2_584,0.6555005,-0.51605177
c_1_2_585,0.07133834,-1.6591524
c_1_2_586,-0.3086411,-0.50554395
c_1_2_587,0.2471104,-0.5668667
c_1_2_588,-0.015254599,-1.1821257
c_1_2_589,-1.3315092,-1.667737
c_1_2_590,2.7256973,0.28000307
c_1_2_591,-1.4289347,-0.44060212
c_1_2_592,-0.54977304,-0.41016066
c_1_2_593,-1.2661445,1.2596104
c_1_2_594,-1.708249,-2.697497
c_1_2_595,-0.2742757,-0.27760893
c_1_2_596,-0.6964659,0.60038555
c_1_2_597,-0.70735353,-1.3671244
c_1_2_598,-0.14729667,-1.0290087
c_1_2_599,0.46213573,-1.9436793
c_1_2_600,-0.49564195,-1.70295
c_1_2_601,-0.86014414,-1.2926303
c_1_2_602,-1.5892732,-0.80625427
c_1_2_603,-0.85980624,-0.36476514
c_1_2_604,-0.05380676,-0.22020036
c_1_2_605,-0.9631022,-0.47689024
c_1_2_606,-0.09255788,-1.3236182
c_1_2_607,-1.9104903,-1.8090028
c_1_2_608,0.046278547,-1.0480088
c_1_2_609,-0.19273348,-0.9593577
c_1_2_610,-1.0888304,-0.5376181
c_1_2_611,-1.4504462,-1.5781972
c_1_2_612,-1.1236789,-0.97206503
c_1_2_613,-0.31713143,-1.7969537
c_1_2_614,1.1258233,-0.837749
c_1_2_615,1.2427757,-1.2640067
c_1_2_616,-0.6491836,-0.09595391
c_1_2_617,0.5085309,-0.91148657
c_1_2_618,-1.0069612,-1.828304
c_1_2_619,-0.804252,0.8224331
c_1_2_620,-0.31200013,-1.3136852
c_1_2_621,-0.10582781,-0.78681123
c_1_2_622,0.26210243,0.32155758
c_1_2_623,-1.0096232,-0.04278974
c_1_2_624,-0.3349431,1.276347
c_1_2_625,-0.059471093,0.2653141
c_1_2_626,-0.022405792,-0.059970606
c_1_2_627,-1.2063434,-1.43815
c_1_2_628,-0.66797906,-1.6136286
c_1_2_629,-1.2136327,-2.0047233
c_1_2_630,-0.94173694,-0.4380294
c_1_2_631,0.43848664,-0.21398638
c_1_2_632,-0.93680686,-0.34305423
c_1_2_633,2.5644622,-1.5474632
c_1_2_634,0.72914857,-1.0421913
c_1_2_636,-1.0835218,-0.4078484
c_1_2_637,-1.3469002,-2.0616796
c_1_2_638,0.7571979,-0.76258874
c_1_2_639,-0.91065997,0.81127614
c_1_2_640,-0.823408,0.09861046
c_1_2_641,-0.0069252686,-0.23638286
c_1_2_642,-0.01333767,1.6065685
c_1_2_643,1.0443423,-1.337914
c_1_2_644,-0.4635289,-0.5624416
c_1_2_645,-0.7908691,-0.048521753
c_1_2_646,-0.4757945,-1.3808091
c_1_2_647,-0.8222106,0.9597269
c_1_2_648,0.34746286,-1.0714891
c_1_2_649,-0.25877127,-1.2068233
c_1_2_650,0.42007783,-0.06551386
c_1_2_651,-0.91441375,-1.8729639
c_1_2_652,-1.2422168,-0.74782205
c_1_2_653,1.1957754,-0.5163193
c_1_2_654,-1.7488487,-1.0854626
c_1_2_655,-0.7874457,0.20393349
c_1_2_656,0.32697004,-1.1874306
c_1_2_657,-0.687153,-1.3054076
c_1_2_658,-1.3954161,-0.81923836
c_1_2_659,-0.9166391,-1.4056872
c_1_2_660,-1.1457366,-0.40979406
c_1_2_661,-1.0913563,-0.8767741
c_1_2_662,-0.60863215,-1.897346
c_1_2_664,-1.4773709,-1.9792442
c_1_2_665,-0.419266,-1.9212502
c_1_2_666,-1.809903,-1.4817866
c_1_2_667,-1.4462264,0.5892795
c_1_2_668,-0.0031956818,-1.067412
c_1_2_669,-0.45278767,-1.2560104
c_1_2_670,-0.72327346,-0.7267325
c_1_2_671,-0.66393656,-0.44425157
c_1_2_672,-0.12015658,-0.7591444
c_1_2_673,-0.94688106,-1.2702806
c_1_2_674,-1.2411146,-0.39697832
c_1_2_675,6.0240736,-0.19651018
c_1_2_676,-1.3448532,0.3605001
c_1_2_677,-2.6866448,-2.1732204
c_1_2_678,-0.9537262,-0.07667252
c_1_2_679,-0.9637383,0.05341576
c_1_2_680,0.1000422,0.68113464
c_1_2_681,0.9488424,-2.5019872
c_1_2_682,1.2108421,-0.4175813
c_1_2_683,4.4742355,-0.8797647
c_1_2_684,-0.85921013,0.18163863
c_1_2_685,-0.5739723,-0.63671863
c_1_2_686,0.2886081,-2.12041
c_1_2_687,1.9752802,-1.1800797
c_1_2_688,-0.2680917,-0.1274737
c_1_2_689,-0.71453047,-0.036152203
c_1_2_690,0.6198619,-0.8350413
c_1_2_691,-0.005340816,-0.05909083
c_1_2_692,1.3243256,-0.4909545
c_1_2_693,-1.3567593,-2.795718
c_1_2_694,-1.5482471,1.38779
c_1_2_695,-1.0483639,-1.543301
c_1_2_696,-1.2930007,-1.1547573
c_1_2_697,-1.5485343,-2.6256077
c_1_2_698,3.424829,-0.2630819
c_1_2_699,3.2668273,-2.0901437
c_1_2_700,-1.3173374,-1.2541858
c_1_2_701,-1.7159305,-1.865448
c_1_2_702,0.95794976,-1.2436657
c_1_2_703,-1.7143471,1.7250271
c_1_2_704,2.3260272,-0.86633676
c_1_2_705,-1.4915973,-0.4261994
c_1_2_706,-2.2904365,-1.6910114
c_1_2_708,-1.0185883,-0.22685288
c_1_2_709,-0.0018792107,-1.4125613
c_1_2_710,1.1804053,-0.66418475
c_1_2_711,0.12405611,-1.2253364
c_1_2_712,-0.90709555,2.8905754
c_1_2_713,-0.55407375,-1.6691571
c_1_2_714,-0.25595245,-2.4483886
c_1_2_715,4.8703556,-0.7821999
c_1_2_716,-1.8656946,-2.033229
c_1_2_717,1.0533872,0.76613116
c_1_2_719,-0.24617687,-0.075714454
c_1_2_720,-1.7509364,-2.011235
c_1_2_721,-0.4860788,-2.6628566
c_1_2_722,-1.3903728,-0.9207184
c_1_2_723,2.8662074,-0.6440329
c_1_2_724,-0.79922324,-2.5045953
c_1_2_725,-1.0636832,-0.62166774
c_1_2_726,-0.84165007,-0.1650442
c_1_2_729,-1.3057361,-1.5064251
c_1_2_730,-1.8043333,-3.8098524
c_1_2_731,-1.8221724,-2.8366075
c_1_2_732,0.20690502,-0.8456666
c_1_2_734,-0.3743277,-1.5797955
c_1_2_735,-0.45765328,0.99680614
c_1_2_736,1.4606876,1.2690972
c_1_2_737,-1.4364914,-0.053643905
c_1_2_738,2.1180484,-0.9130123
c_1_2_739,-1.7016567,-1.6524336
c_1_2_740,-1.1368281,-0.6733091
c_1_2_741,-1.3512639,-1.1175845
c_1_2_742,-0.7438745,-1.5231026
c_1_2_743,-1.6237924,-0.91322774
c_1_2_744,-0.55950356,-0.9842647
c_1_2_745,-1.3328941,0.713649
c_1_2_746,-1.2646745,-1.079355
c_1_2_747,1.8111856,-0.36215383
c_1_2_748,-1.8213948,-1.6642629
c_1_2_749,0.3837412,-1.8334588
c_1_2_750,-1.0642462,-2.2990615
c_1_2_751,-0.26904622,-2.4018416
c_1_2_752,2.2343152,0.6435876
c_1_2_753,-0.43677363,-1.1307791
c_1_2_754,-0.718717,-0.17894301
c_1_2_755,0.9123027,-0.5933875
c_1_2_756,0.025845101,-1.411764
c_1_2_757,-0.63814014,-0.38472176
c_1_2_758,2.756652,0.6483474
c_1_2_759,-0.83446085,-1.82658
c_1_2_760,-0.6240879,-1.0538664
c_1_2_761,-0.34784842,-2.5118659
c_1_2_762,0.14604418,0.09567301
c_1_2_763,0.14620222,-1.1087583
c_1_2_764,-2.524263,-3.90098
c_1_2_765,-0.27345467,-2.2363582
c_1_2_766,5.133114,-1.203992
c_1_2_767,-0.86665,-1.5673362
c_1_2_768,-0.16561426,-1.2627718
c_1_2_770,-1.3750566,-2.0367498
c_1_2_771,3.5218005,0.65566987
c_1_2_772,-0.19784643,-1.0513128
c_1_2_774,2.0957685,-0.40565398
c_1_2_775,1.3756505,-0.8607338
c_1_2_776,-1.6463917,-0.5300584
c_1_2_777,-1.1874505,-0.4430402
c_1_2_778,0.25356996,-2.9980638
c_1_2_779,-0.56000197,-2.0930092
c_1_2_780,0.9194877,-1.5088183
c_1_2_781,1.4620934,1.169878
c_1_2_783,-1.3687873,0.6724556
c_1_2_785,0.82635164,-1.162433
c_1_2_786,-0.9665614,0.045585446
c_1_2_787,3.689443,-1.2415692
c_1_2_788,-0.3789371,-1.0357996
c_1_2_789,0.12569349,-0.5889249
c_1_2_790,2.528897,0.36405843
c_1_2_792,-0.8435346,-0.09887779
c_1_2_793,-0.9450884,-0.52507496
c_1_2_796,-0.5442307,-0.380552
c_1_2_797,-0.9747668,-0.35252818
c_1_2_798,-0.23553279,-2.4919693
c_1_2_799,-0.5409092,-0.1612008
c_1_2_802,-0.6856273,2.8892603
c_1_2_804,0.6488378,1.1859764
c_1_2_806,-1.0994657,1.4721645
c_1_2_807,0.6799171,-3.0594985
c_1_2_812,-0.9301496,-1.5905775
c_1_2_813,1.9337283,0.75124735
c_1_2_815,-0.72997713,-0.6785281
c_1_2_816,-0.9488622,0.19863577
c_1_2_817,-0.21799855,-0.023407701
c_1_2_818,3.1009898,-0.9748936
c_1_2_819,2.8402905,0.82090336
c_1_2_820,0.6728486,-0.7437349
c_1_2_821,-1.0717301,-0.72237116
c_1_2_822,-0.752237,-0.37278518
c_1_2_823,-0.83907604,-2.0367393
c_1_2_824,-1.0372518,-0.42107227
c_1_2_825,4.323468,-0.67330813
c_1_2_826,0.7248481,-0.9740478
c_1_2_827,2.0015814,-0.72140193
c_1_2_828,1.5390862,-0.97115135
c_1_2_829,5.464031,0.5181392
c_1_2_830,-0.6372292,0.69215816
c_1_2_831,0.88584965,-0.7634066
c_1_2_832,-1.7042193,-0.38403356
c_1_2_833,1.3171406,0.08805608
c_1_2_835,-0.3051262,-0.62943286
c_1_2_837,3.534527,0.23836602
c_1_2_838,-1.0188061,-0.8706988
c_1_2_839,-0.23636597,-1.0813581
c_1_2_840,-1.5698693,-0.28709224
c_1_2_841,-0.91817546,-0.12691912
c_1_2_842,-1.3325969,0.96493953
c_1_2_843,0.1289467,-1.0534947
c_1_2_844,-1.1389889,-2.105744
c_1_2_845,-1.1111472,-0.3262483
c_1_2_846,-1.1697661,-0.16013338
c_1_2_847,0.2948965,0.116729416
c_1_2_848,-2.052553,-1.509088
c_1_2_849,4.2715483,1.0571605
c_1_2_850,-1.9555122,-0.12690745
c_1_2_851,-0.4970535,-1.0468422
c_1_2_852,-0.70934546,-0.11162724
c_1_2_853,-1.8787428,-2.6403327
c_1_2_854,-0.5116078,-0.6663017
c_1_2_855,-1.1518297,-0.28780943
c_1_2_856,5.260136,-0.29595622
c_1_2_857,-0.78429306,0.044352975
c_1_2_858,3.3811266,-0.686709
c_1_2_859,1.2269291,-0.5834261
c_1_2_860,-0.1216316,-0.5948899
c_1_2_861,2.14002,1.1099216
c_1_2_862,-0.8054543,-0.86576027
c_1_2_863,-1.4225047,0.39354923
c_1_2_864,-0.81854326,-1.0764606
c_1_2_865,-0.3982746,0.2656204
c_1_2_866,-0.8095086,0.40143496
c_1_2_867,5.313506,0.8414888
c_1_2_868,-1.0638188,-1.1569495
c_1_2_869,-0.8690596,0.13522232
c_1_2_870,-1.0889006,-0.24130218
c_1_2_871,5.288534,-0.55034876
c_1_2_872,0.3935095,-0.25604513
c_1_2_873,-1.2767881,-0.42949817
c_1_2_874,-0.61754465,-1.0052645
c_1_2_875,3.487708,-1.4835945
c_1_2_876,-0.5215378,-0.9089313
c_1_2_877,-1.500145,-1.0208247
c_1_2_878,-1.618418,3.2090821
c_1_2_879,0.62775606,-0.19874841
c_1_2_880,1.2658806,-1.3263935
c_1_2_881,-0.9933049,0.6026684
c_1_2_882,-0.86888784,1.9638695
c_1_2_883,-0.7085531,-0.502308
c_1_2_884,-1.029298,-1.1990819
c_1_2_885,-0.24719737,-1.6442479
c_1_2_886,2.529781,-0.39734545
c_1_2_887,-1.0794092,-2.8467119
c_1_2_888,-0.70455265,-1.2391943
c_1_2_889,-1.1595314,0.6346985
c_1_2_890,-1.0113819,-1.1300428
c_1_2_891,-0.3436539,-0.4195917
c_1_2_893,0.009218528,-1.7079108
c_1_2_894,-0.23769224,-1.2022581
c_1_2_895,-0.36545303,0.33534616
c_1_2_896,-1.3476422,-0.55581456
c_1_2_897,-1.0941712,-0.6333693
c_1_2_898,-0.36392406,-0.09833286
c_1_2_899,-0.79040396,-0.55183345
c_1_2_900,-1.3322271,1.4991239
c_1_2_901,-0.54007334,-0.926044
c_1_2_902,-1.476375,0.1706973
c_1_2_903,2.1695101,-0.36503643
c_1_2_904,-0.5245666,1.4431611
c_1_2_905,-0.1504691,-1.3565631
c_1_2_906,-1.9949602,0.065383136
c_1_2_907,-0.6506222,-1.5352782
c_1_2_908,-0.49903676,0.014427478
c_1_2_909,-0.08272017,-0.23500764
c_1_2_910,0.07624791,-0.2805221
c_1_2_911,1.230283,1.000951
c_1_2_912,-1.263135,-0.68707585
c_1_2_913,2.5313382,-0.22415511
c_1_2_914,-1.7027044,-0.23284544
c_1_2_915,-0.3106419,-1.1336591
c_1_2_916,-2.2179782,-0.19869734
c_1_2_917,-1.0659953,-1.5794011
c_1_2_918,-1.2350649,-0.4041758
c_1_2_919,-0.6073895,-1.4081988
c_1_2_920,-0.6671312,-1.4057902
c_1_2_921,-0.50042874,-0.32609075
c_1_2_922,-0.7289515,-0.36994278
c_1_2_923,1.7524034,0.08013626
c_1_2_924,0.4967499,0.8354559
c_1_2_925,-0.6110804,-0.6791666
c_1_2_926,-0.08117948,2.145669
c_1_2_927,-0.022482643,-0.33240357
c_1_2_928,-1.4692392,0.25734234
c_1_2_929,6.1332855,0.16443764
c_1_2_930,-1.2573456,-0.40368587
c_1_2_931,-0.30775258,0.16330013
c_1_2_932,-1.0546283,-0.33689582
c_1_2_933,3.138634,-1.504324
c_1_2_934,-1.176816,-0.47869313
c_1_2_935,0.31531513,0.2630521
c_1_2_936,5.387357,0.803632
c_1_2_937,-0.5829765,-2.0031512
c_1_2_938,-0.021263566,-1.7127094
c_1_2_939,-1.1832594,0.1747687
c_1_2_940,4.8504524,-0.27248758
c_1_2_941,-0.7968351,-0.67058563
c_1_2_942,-1.1705875,1.1054446
c_1_2_943,-0.6901149,0.46944636
c_1_2_944,3.4247472,0.94856226
c_1_2_945,-0.44404855,0.5714125
c_1_2_946,1.3841366,-0.8931531
c_1_2_947,2.292548,-0.609304
c_1_2_948,-0.022404414,-1.6453075
c_1_2_949,-1.1525366,-0.637944
c_1_2_951,2.5637517,-1.3171299
c_1_2_952,0.6021621,0.34948304
c_1_2_953,1.4356327,-0.80856663
c_1_2_954,-0.2640567,-0.6955622
c_1_2_955,-0.88392496,-1.9244591
c_1_2_956,-1.3147231,0.9066458
c_1_2_957,2.3292856,-0.0107078105
c_1_2_959,1.0839696,-1.3056828
c_1_2_960,-0.3149461,-0.6265418
c_1_2_961,-1.8555826,1.5279664
c_1_2_962,1.414027,-0.85436386
c_1_2_963,4.510825,0.13353162
c_1_2_964,4.475861,1.6903778
c_1_2_965,-1.4493048,1.1091344
c_1_2_966,-1.9054538,-0.46316412
c_1_2_967,0.18444502,-0.14619282
c_1_2_968,-1.1041487,-0.20183454
c_1_2_969,-0.921225,-1.0057682
c_1_2_970,-0.7347047,-0.18951677
c_1_2_971,2.3410652,-0.5724698
c_1_2_973,-0.16867219,-0.803145
c_1_2_974,3.8507104,-0.08599017
c_1_2_975,-0.93362594,-0.07869611
c_1_2_976,-1.2886928,0.19567853
c_1_2_977,1.2187217,0.25798678
c_1_2_978,-2.0246408,-1.1615744
c_1_2_979,-2.2652967,-2.1932926
c_1_2_980,3.4069185,-0.8608442
c_1_2_981,-0.0431328,-1.3984574
c_1_2_982,4.0649223,1.0192858
c_1_2_983,-2.3042502,-3.8966844
c_1_2_984,-1.1932424,1.103285
c_1_2_985,3.2078786,-0.12691647
c_1_2_986,6.4049516,-1.6018885
c_1_2_987,0.37021562,0.97772646
c_1_2_988,1.9768385,-0.93815625
c_1_2_989,1.9087145,-0.8735424
c_1_2_990,-1.5576625,0.989891
c_1_2_991,-1.8499178,-3.670187
c_1_2_992,0.8316295,-0.3024146
c_1_2_993,-0.14295079,0.09741578
c_1_2_994,-2.3096573,0.18896213
c_1_2_995,1.5611022,-0.6615374
c_1_2_996,-0.91924924,-0.3159181
c_1_2_997,2.379638,0.102449104
c_1_2_998,-0.9641067,-0.07154733
c_1_2_999,6.2575154,-0.7470055
c_1_2_1000,-0.14107676,-0.90799016
c_1_2_1001,-1.424204,-1.3622563
c_1_2_1002,-1.1393845,-0.739036
c_1_2_1004,4.155631,-0.49143502
c_1_2_1005,0.99722844,0.5587759
c_1_2_1006,-0.9832289,-1.0060396
c_1_2_1007,-0.19356269,0.3072271
c_1_2_1008,0.9960021,-2.2060015
c_1_2_1009,0.37225336,0.56454515
c_1_2_1010,-0.533977,-1.1299123
c_1_2_1011,-0.72178394,-0.05942623
c_1_2_1012,2.2923958,-0.7933438
c_1_2_1013,-0.099577226,-0.51564527
c_1_2_1014,-0.37711552,0.015910987
c_1_2_1015,4.5184517,-0.070390314
c_1_2_1016,-2.3141532,-2.126412
c_1_2_1017,-1.8950664,-1.7258586
c_1_2_1018,-0.047898404,-1.5330226
c_1_2_1019,-1.9317374,-2.0598521
c_1_2_1020,-1.7812774,-4.0421057
c_1_2_1021,4.825673,0.37065545
c_1_2_1022,1.1591767,0.71229213
c_1_2_1023,-1.1816254,-0.51516
c_1_2_1024,-1.4673569,-2.1909726
c_1_2_1025,-1.289459,-1.3084432
c_1_2_1026,0.14620745,-1.2297481
c_1_2_1027,-1.6782889,-0.99238276
c_1_2_1028,-0.56064624,-1.0345954
c_1_2_1029,-1.2179116,-0.21579638
c_1_2_1030,-2.0573168,0.10407876
c_1_2_1031,-1.3771313,-2.2690597
c_1_2_1032,0.7257736,-0.23739901
c_1_2_1033,-1.3593944,-1.7562532
c_1_2_1034,-0.20360555,-0.73187965
c_1_2_1035,-0.72136164,-1.9358516
c_1_2_1036,-0.8816987,-1.2148708
c_1_2_1037,-1.0228757,-0.7360991
c_1_2_1038,-2.332852,-2.6128485
c_1_2_1039,-0.531684,-0.30753776
c_1_2_1040,-0.9746557,0.697059
c_1_2_1041,-0.29545444,-0.64725596
c_1_2_1042,-1.4350371,-1.4655628
c_1_2_1043,-1.1588516,0.49843916
c_1_2_1044,-0.33168334,-2.0035741
c_1_2_1045,-0.34016153,-1.0047473
c_1_2_1046,-0.93767065,0.17481378
c_1_2_1047,-0.29793087,1.0020382
c_1_2_1048,-0.9284158,-0.8994576
c_1_2_1050,-0.5521231,-0.0051585995
c_1_2_1051,1.1977218,1.8341165
c_1_2_1052,-1.3618885,0.49757934
c_1_2_1053,-1.1460217,-0.8334646
c_1_2_1054,1.9780846,-0.64557564
c_1_2_1055,0.44131112,-0.3773376
c_1_2_1056,0.57870436,-1.3567795
c_1_2_1057,2.358031,0.40072316
c_1_2_1058,-0.09800259,-0.33692828
c_1_2_1059,0.5264722,-0.8347369
c_1_2_1060,1.7857101,-1.0062741
c_1_2_1061,0.44880813,-1.5833694
c_1_2_1062,5.062546,0.43567866
c_1_2_1063,-1.557058,2.4724295
c_1_2_1064,-0.77294666,-0.8227975
c_1_2_1065,0.99532396,0.7192871
c_1_2_1066,0.2899651,-0.88255495
c_1_2_1067,-1.8197529,-0.6817345
c_1_2_1068,2.685141,-0.5487913
c_1_2_1069,4.473676,1.1675065
c_1_2_1070,-2.364662,-0.64539945
c_1_2_1071,-1.0411202,-1.310175
c_1_2_1072,0.020781904,0.062753454
c_1_2_1073,2.1140158,0.3054312
c_1_2_1074,4.543239,0.49915317
c_1_2_1075,-0.77300686,-0.13863401
c_1_2_1076,-1.0527188,-0.9972194
c_1_2_1077,3.4897478,0.70724744
c_1_2_1078,0.12360384,-0.5280909
c_1_2_1079,-1.0167096,-0.7295531
c_1_2_1080,-1.1937388,0.6938091
c_1_2_1081,-0.55922085,-0.008329692
c_1_2_1082,-0.9185715,-0.8222421
c_1_2_1083,1.2143437,0.2116742
c_1_2_1084,1.7780272,-0.85618836
c_1_2_1085,0.2915264,-0.76811236
c_1_2_1086,0.13220133,-1.3523438
c_1_2_1087,-1.4134951,-2.1386569
c_1_2_1088,0.66214186,-0.53015935
c_1_2_1089,0.3904178,-1.0769722
c_1_2_1090,-1.8516082,-0.536909
c_1_2_1091,-1.1469561,-1.5401114
c_1_2_1092,-0.7218616,-1.1564596
c_1_2_1093,0.62729836,0.77014714
c_1_2_1094,0.14064646,0.29847202
c_1_2_1095,-0.16361868,-2.2627451
c_1_2_1096,-1.1884781,-1.2671531
c_1_2_1097,1.5518364,0.7676671
c_1_2_1098,-1.0659662,-2.0721714
c_1_2_1099,-1.1329545,0.36893284
c_1_2_1100,-0.5253856,-0.66924596
c_1_2_1101,-0.6809776,-0.3631719
c_1_2_1102,-1.3861709,-0.5408616
c_1_2_1103,-0.41460186,-0.31349832
c_1_2_1104,0.90059775,-0.79745764
c_1_2_1105,1.6587648,0.010938122
c_1_2_1106,1.2713397,-0.007513578
c_1_2_1107,4.2425585,-1.9193363
c_1_2_1108,0.62041295,0.482899
c_1_2_1109,-1.3136903,-1.3376683
c_1_2_1110,0.81944996,-0.89400774
c_1_2_1111,-1.0213209,0.3315097
c_1_2_1112,-0.5747802,-1.0485787
c_1_2_1113,5.332124,-1.32593
c_1_2_1114,-0.9666704,0.8751442
c_1_2_1115,-2.2000272,-4.3230658
c_1_2_1116,-1.9329892,-2.8085082
c_1_2_1117,1.1044902,-0.20888944
c_1_2_1118,0.9734206,-1.010745
c_1_2_1119,0.5217335,-1.449123
c_1_2_1120,-1.7012633,-2.038675
c_1_2_1121,-0.6247114,-1.7417365
c_1_2_1122,-1.6710492,-0.56884027
c_1_2_1123,-0.698517,-0.14660212
c_1_2_1124,0.48514742,-0.42706528
c_1_2_1125,0.47018945,0.730415
c_1_2_1126,-0.35634276,-1.383164
c_1_2_1127,-0.77729535,-1.1732168
c_1_2_1128,-1.5861381,-1.3652439
c_1_2_1129,0.7291092,-1.388962
c_1_2_1130,0.17251092,-1.409011
c_1_2_1131,-0.6872049,-0.284736
c_1_2_1132,-0.5516043,0.18591024
c_1_2_1133,-0.41686487,-1.34536
c_1_2_1134,-1.5130743,0.30614865
c_1_2_1135,-1.5211712,0.9291778
c_1_2_1136,1.7949977,-1.1791297
c_1_2_1137,-1.1358792,0.76290727
c_1_2_1139,2.4381928,-0.028446196
c_1_2_1140,0.7621661,-0.56096053
c_1_2_1141,-1.7208822,-2.724785
c_1_2_1142,-0.47447726,0.58448863
c_1_2_1143,3.0897992,-1.0558745
c_1_2_1144,3.7949054,0.6034788
c_1_2_1145,-0.4553909,-0.55528146
c_1_2_1146,0.025428636,0.24608788
c_1_2_1147,-0.788047,2.5088449
c_1_2_1148,1.1178974,-0.8023488
c_1_2_1149,-1.3846806,0.3310853
c_1_2_1150,-1.6786258,-1.0723138
c_1_2_1151,5.004959,-0.23930505
c_1_2_1152,-0.9202186,2.0958323
c_1_2_1153,-0.778446,-1.2640833
c_1_2_1154,-1.1834904,-0.4235421
c_1_2_1155,-1.3994406,0.84803754
c_1_2_1156,-0.85240406,-0.21458945
c_1_2_1157,-0.4189386,1.0010005
c_1_2_1158,-0.88562983,1.5306047
c_1_2_1159,1.3530724,-0.77130115
c_1_2_1160,0.48275238,-0.041176204
c_1_2_1161,-0.23602799,-0.78834736
c_1_2_1162,0.38016012,-0.59612817
c_1_2_1163,-0.42400733,-0.43431446
c_1_2_1164,-0.83866954,-1.1851528
c_1_2_1165,-0.1393602,-0.31951445
c_1_2_1166,-0.34469774,-1.6721965
c_1_2_1167,1.9055685,-0.57870036
c_1_2_1168,0.53398514,-2.7057726
c_1_2_1169,-0.8961221,-0.82839495
c_1_2_1170,2.0553553,-0.3997801
c_1_2_1171,-1.3883767,0.009469468
c_1_2_1172,-1.4500592,-0.38748136
c_1_2_1173,-0.4843907,-0.45748338
c_1_2_1174,4.4316635,0.40624204
c_1_2_1175,-1.3650935,-0.35129815
c_1_2_1177,0.4593239,-0.42252836
c_1_2_1178,-0.38023823,-0.93183064
c_1_2_1180,-1.4536918,1.1755222
c_1_2_1181,-0.59301096,-1.1607355
c_1_2_1182,0.71354246,-1.5582023
c_1_2_1183,2.201206,-0.87486863
c_1_2_1185,0.7902803,-1.625597
c_1_2_1186,-0.98741025,-0.45819375
c_1_2_1187,-0.46116966,1.373359
c_1_2_1188,0.5428843,1.9300398
c_1_2_1189,2.936985,0.05979738
c_1_2_1190,0.14281207,-0.73448086
c_1_2_1191,0.38935688,-0.95837134
c_1_2_1192,2.8251393,-1.8150668
c_1_2_1193,0.38276458,0.51448935
c_1_2_1194,0.72979754,-0.15272176
c_1_2_1196,-0.41261277,-1.1897128
c_1_2_1197,0.2521588,-0.4126149
c_1_2_1198,-1.2887753,1.5657004
c_1_2_1199,-0.2437387,-1.0892159
c_1_2_1200,-0.69509214,-1.2626135
c_1_2_1201,-1.6725748,-2.2327971
c_1_2_1202,-0.14116119,-0.571847
c_1_2_1203,-0.9544428,0.18765998
c_1_2_1204,-1.0674257,-0.8649395
c_1_2_1205,-0.459715,0.6774111
c_1_2_1206,0.27355704,1.0564643
c_1_2_1207,-0.5418717,0.4235241
c_1_2_1208,-0.7515608,-2.1955357
c_1_2_1209,-2.005178,-2.7487237
c_1_2_1210,-0.46488622,-2.1388469
c_1_2_1211,1.8599173,-1.2726142
c_1_2_1212,1.1027548,-0.43794492
c_1_2_1213,-0.67418534,-0.7212288
c_1_2_1214,-1.27879,0.6688453
c_1_2_1215,1.0033282,0.3830138
c_1_2_1216,-0.2740606,-1.8673714
c_1_2_1217,-0.29938778,0.946411
c_1_2_1218,0.115719505,0.09974409
c_1_2_1219,-1.5715948,-1.6969784
c_1_2_1220,-1.9579021,-0.34128472
c_1_2_1221,-1.5113828,0.06365429
c_1_2_1222,-0.663828,-0.007622519
c_1_2_1223,0.6329964,-0.30432352
c_1_2_1224,-0.048275348,-0.06719271
c_1_2_1225,-1.0924963,-1.1422051
c_1_2_1226,-0.53540057,-0.053463914
c_1_2_1227,-0.6144919,0.39427888
c_1_2_1228,0.04293267,-1.3932654
c_1_2_1229,-1.0282032,-0.3993476
c_1_2_1230,-0.4683938,-2.0068722
c_1_2_1231,-0.8540214,-0.8162202
c_1_2_1232,-0.5716261,-1.4028835
c_1_2_1233,1.6224017,0.0822058
c_1_2_1234,-0.9835849,-0.6333221
c_1_2_1235,-1.3993145,-1.1228306
c_1_2_1236,0.63431954,-0.2067751
c_1_2_1237,-0.8712335,-1.393301
c_1_2_1238,0.3238464,0.99892247
c_1_2_1239,4.063234,-0.46103576
c_1_2_1240,-0.8744904,-0.6137713
c_1_2_1242,-1.0523616,0.35162407
c_1_2_1243,-0.15767294,-0.91191185
c_1_2_1244,-2.178006,1.8712397
c_1_2_1245,-1.0750408,-0.29418558
c_1_2_1246,0.5371377,0.5438895
c_1_2_1247,3.17037,-1.5031304
c_1_2_1248,-0.6337096,0.0010275146
c_1_2_1249,2.2159028,0.7894841
c_1_2_1250,2.8354642,0.33576742
c_1_2_1251,5.644065,0.6734979
c_1_2_1252,-0.025702925,-1.0981702
c_1_2_1253,-1.0485168,-0.037166104
c_1_2_1254,-0.6181889,-2.3010614
c_1_2_1255,-1.0850221,-0.5929228
c_1_2_1256,-0.83752346,0.5828417
c_1_2_1257,4.002717,1.1045986
c_1_2_1258,7.2462564,1.86153
c_1_2_1259,-0.84994155,0.2869717
c_1_2_1260,-0.48335457,1.8850608
c_1_2_1261,1.4592665,0.95347804
c_1_2_1262,2.5984576,0.100874946
c_1_2_1263,4.830345,2.8084772
c_1_2_1264,3.346295,-0.6392562
c_1_2_1265,-0.047787327,0.7237258
c_1_2_1266,4.6700444,-0.73764515
c_1_2_1267,2.2801185,0.0019478697
c_1_2_1268,3.701187,-1.000113
c_1_2_1270,4.42003,-0.6217183
c_1_2_1272,1.2006979,1.9315345
c_1_2_1273,2.12113,-1.6274796
c_1_2_1274,4.7084217,0.049757186
c_1_2_1275,4.0451803,-0.54531854
c_1_2_1276,0.6972523,-0.74529207
c_1_2_1277,1.6623367,0.0015755695
c_1_2_1278,2.4908674,-0.35622334
c_1_2_1279,6.4811225,0.84550107
c_1_2_1280,3.5559916,0.40529975
c_1_2_1281,2.2629101,-0.2153354
c_1_2_1282,-1.134097,-0.14861114
c_1_2_1283,0.8530911,-0.054513346
c_1_2_1284,3.1999888,0.86622494
c_1_2_1285,-1.5450155,0.119523
c_1_2_1287,-0.03722667,-1.4113665
c_1_2_1288,4.996736,-0.37765214
c_1_2_1290,3.0788686,-0.08413872
c_1_2_1291,-1.4146088,-0.10812933
c_1_2_1292,1.140527,-1.1792688
c_1_2_1293,6.216932,-1.2894627
c_1_2_1294,1.6606065,-2.5722747
c_1_2_1295,-1.1813943,1.0577247
c_1_2_1296,-1.5179863,-1.5264722
c_1_2_1297,-0.09924338,-0.72878087
c_1_2_1298,-1.4356817,-1.4322739
c_1_2_1299,-2.3028936,-1.5734997
c_1_2_1300,1.1065606,-1.4693447
c_1_2_1301,1.1882796,0.12470338
c_1_2_1302,4.039432,1.2888882
c_1_2_1304,4.1183977,-0.8186701
c_1_2_1305,-1.4247856,-0.8824153
c_1_2_1306,0.0034862615,-0.5858712
c_1_2_1307,-0.12770168,-1.0982487
c_1_2_1308,0.6616714,-0.41356745
c_1_2_1309,3.2589478,0.6688237
c_1_2_1311,-0.40166873,1.1867523
c_1_2_1312,-1.1169832,-0.26552314
c_1_2_1313,3.0458891,-0.34382543
c_1_2_1314,-0.804783,0.15067533
c_1_2_1315,-0.41119584,-0.06702422
c_1_2_1316,-1.3284062,-0.08092044
c_1_2_1317,-0.43911657,-0.5693581
c_1_2_1318,5.276954,-0.3379074
c_1_2_1319,0.43148854,0.49254245
c_1_2_1320,-1.2981461,0.09625746
c_1_2_1321,2.9038672,-0.47204015
c_1_2_1322,1.6477866,-0.4762876
c_1_2_1323,-0.34574744,0.404732
c_1_2_1324,-0.071252055,0.30748206
c_1_2_1326,-1.8098975,-0.6667357
c_1_2_1327,-0.8975089,-0.89965653
c_1_2_1328,0.19561608,-0.7393147
c_1_2_1329,3.659267,3.3501546
c_1_2_1330,-0.18886307,0.3123658
c_1_2_1331,-1.1943622,-0.8570031
c_1_2_1332,4.8180037,-0.3133206
c_1_2_1333,2.5903618,1.2653806
c_1_2_1334,-0.5568844,0.21512908
c_1_2_1335,-0.89153934,1.2994728
c_1_2_1336,3.3936725,-0.31906423
c_1_2_1337,1.8598295,-1.1900245
c_1_2_1338,-0.01263383,-0.62033576
c_1_2_1339,-1.1141641,0.55268556
c_1_2_1340,-2.5337336,-0.65217525
c_1_2_1341,-1.1891971,0.31282592
c_1_2_1342,0.25108585,-1.5549891
c_1_2_1343,3.6345484,-1.475256
c_1_2_1344,-0.60782003,-0.5019535
c_1_2_1345,-0.41332787,0.4550215
c_1_2_1346,3.4127262,-1.1362092
c_1_2_1347,1.88708,-0.012082191
c_1_2_1348,-0.76280046,1.382644
c_1_2_1349,-0.13023485,-0.012037124
c_1_2_1350,-0.43906364,-0.46579435
c_1_2_1351,-0.416212,-0.7756671
c_1_2_1352,4.8049517,-0.47115397
c_1_2_1353,4.4411244,-0.18347348
c_1_2_1354,1.8604219,-0.7478958
c_1_2_1355,-0.16149785,1.62206
c_1_2_1356,4.693618,-0.30223086
c_1_2_1357,-0.118123196,-2.2058353
c_1_2_1358,0.93281543,-1.350094
c_1_2_1359,-1.5106502,-0.17757437
c_1_2_1360,-0.88750905,3.8270226
c_1_2_1361,0.06725325,-0.6528148
c_1_2_1362,-2.3040364,-1.9615607
c_1_2_1363,1.4027324,-0.30331606
c_1_2_1364,2.55877,0.25387585
c_1_2_1365,0.6592497,-2.5740662
c_1_2_1366,-0.73424786,-1.2806337
c_1_2_1367,2.0069473,-1.2998623
c_1_2_1368,2.7037196,-0.6638726
c_1_2_1369,0.18670154,-0.700671
c_1_2_1370,0.95462,-0.33539554
c_1_2_1371,-1.0476786,0.25772744
c_1_2_1372,-0.8132336,-2.1543334
c_1_2_1373,3.4036775,-0.20542131
c_1_2_1374,-1.592342,-1.911894
c_1_2_1375,0.21586755,-0.7027647
c_1_2_1376,-1.3260319,-0.43992606
c_1_2_1377,0.31659317,0.66219246
c_1_2_1378,-1.0810423,-1.1965554
c_1_2_1379,-1.1242672,-0.8258688
c_1_2_1380,-0.96508336,-0.7002004
c_1_2_1381,-0.76332235,1.0161148
c_1_2_1382,0.3707811,0.045780968
c_1_2_1383,-1.5223708,0.44456404
c_1_2_1384,-1.538269,-0.23980363
c_1_2_1385,6.701672,0.2663436
c_1_2_1386,2.026798,0.2120481
c_1_2_1387,-0.57237756,-0.44977275
c_1_2_1388,-1.3381451,-1.7009575
c_1_2_1389,-1.0462236,-0.4750294
c_1_2_1390,5.041523,-0.008682721
c_1_2_1391,0.15423533,-1.9342588
c_1_2_1392,5.140369,-0.44702578
c_1_2_1393,3.8373632,-0.26649377
c_1_2_1394,-1.1438239,-0.8582462
c_1_2_1395,-0.7173677,-1.2965257
c_1_2_1396,-0.5822104,-0.24812132
c_1_2_1397,-1.4902418,1.7464628
c_1_2_1398,-0.53352267,-0.86123556
c_1_2_1399,-0.6149214,-1.2712635
c_1_2_1400,1.8932291,-0.040144213
c_1_2_1401,-0.65142065,0.70398045
c_1_2_1402,-0.39703566,-0.32810566
c_1_2_1403,0.7439315,-0.64245856
c_1_2_1404,4.9639063,0.11089147
c_1_2_1405,6.3308964,0.7130598
c_1_2_1406,0.6670679,0.3410004
c_1_2_1407,-1.0280701,-1.1630979
c_1_2_1408,0.22065158,-1.4935364
c_1_2_1409,0.64576167,-0.94978297
c_1_2_1410,1.4918119,0.06783686
c_1_2_1411,-1.5635502,-0.3428671
c_1_2_1412,-0.31071,-0.058453236
c_1_2_1414,0.07419111,-0.25112453
c_1_2_1415,-0.8174817,-1.0756587
c_1_2_1416,-0.76001525,0.5995947
c_1_2_1417,-0.21122667,-1.2621318
c_1_2_1418,-0.6136723,-0.66114956
c_1_2_1419,1.0502112,-0.048786372
c_1_2_1420,5.8528943,-0.42179155
c_1_2_1421,-1.1657304,-1.4225318
c_1_2_1422,-0.28293282,-1.3925049
c_1_2_1423,-1.4098611,-1.2736603
c_1_2_1424,5.4325385,0.28134432
c_1_2_1425,-0.9174877,-0.37198785
c_1_2_1426,-1.5679201,0.90808296
c_1_2_1427,2.581555,1.0564888
c_1_2_1428,-0.096872345,-0.88193476
c_1_2_1429,-0.2649233,-1.6405829
c_1_2_1430,0.71433526,-0.7343469
c_1_2_1431,-0.51086855,-0.6170116
c_1_2_1432,-0.9976126,-0.27668336
c_1_2_1433,-0.81882,0.4538253
c_1_2_1434,4.1166525,-0.38295627
c_1_2_1435,-1.2475332,-0.78553325
c_1_2_1436,-1.1436976,-0.029230954
c_1_2_1437,-0.68411595,-2.057999
c_1_2_1438,0.41193312,-1.6548102
c_1_2_1439,-0.73716396,-0.03984003
c_1_2_1440,0.495153,0.137484
c_1_2_1441,-1.0442221,0.008145311
c_1_2_1442,-1.3114394,-0.28283733
c_1_2_1443,-0.7038719,-1.3382684
c_1_2_1444,1.329732,0.59812593
c_1_2_1445,3.7809494,0.66275173
c_1_2_1446,-0.6298594,-0.4008869
c_1_2_1447,-0.62122875,-0.94683576
c_1_2_1448,5.2443686,0.6342504
c_1_2_1449,-1.6603686,-0.7634105
c_1_2_1450,-0.5033659,-0.92891675
c_1_2_1451,-0.8646593,-0.009202995
c_1_2_1452,-0.7921511,-1.013739
c_1_2_1453,5.57426,-0.1693079
c_1_2_1454,1.1203125,-0.857387
c_1_2_1455,-1.0405478,-0.49226496
c_1_2_1456,-0.8715313,0.13593192
c_1_2_1457,-0.72762084,0.123519264
c_1_2_1458,-1.1910069,-1.2405381
c_1_2_1459,-1.0040463,1.0956935
c_1_2_1460,-0.8696483,-1.8017583
c_1_2_1461,1.1320648,-0.6776279
c_1_2_1462,-0.053932276,-1.8264078
c_1_2_1463,0.07772414,-1.4335004
c_1_2_1464,3.549593,-1.4874548
c_1_2_1465,0.17936264,-0.30604544
c_1_2_1466,-0.42202416,0.051721685
c_1_2_1467,0.23064476,-0.9404612
c_1_2_1468,-0.5862603,-0.8896912
c_1_2_1469,-0.49009612,-0.87229204
c_1_2_1470,-1.3539412,-1.1084931
c_1_2_1471,-0.9397628,-1.8442553
c_1_2_1472,-0.60994864,-2.1001775
c_1_2_1473,0.45283958,0.43439573
c_1_2_1474,-0.5738312,-0.87849134
c_1_2_1475,-2.4324362,-1.0481267
c_1_2_1476,-0.43715736,-1.2194096
c_1_2_1477,0.42057952,0.9006873
c_1_2_1478,-0.5203054,0.37432685
c_1_2_1479,-0.53939193,-0.8359596
c_1_2_1480,7.412706,-0.7430143
c_1_2_1481,1.8692833,0.40351054
c_1_2_1482,-1.1077737,-1.0682214
c_1_2_1483,5.0352945,0.5611591
c_1_2_1484,4.674291,-0.388248
c_1_2_1485,-1.441047,-1.7027903
c_1_2_1486,-0.59138197,0.06614178
c_1_2_1487,-1.0870955,-1.3366798
c_1_2_1488,4.341995,1.6431459
c_1_2_1489,-0.6784712,-1.1816857
c_1_2_1490,4.031583,-1.3461727
c_1_2_1491,0.4851302,-1.4096525
c_1_2_1492,-0.98472726,-1.0974909
c_1_2_1493,-1.7946512,-1.2337588
c_1_2_1494,-1.7786971,-2.5197115
c_1_2_1495,4.4418845,-0.12405108
c_1_2_1496,-0.5003406,-1.2612126
c_1_2_1497,1.7466393,0.050122425
c_1_2_1498,-1.6830091,0.91355705
c_1_2_1499,1.4114637,0.30236974
c_1_2_1500,-1.1681225,-1.4847685
c_1_2_1501,-0.27911952,-1.3675799
c_1_2_1502,0.27973422,-1.0979147
c_1_2_1503,4.2275786,-0.22953838
c_1_2_1504,-0.5789304,-1.6415377
c_1_2_1505,-0.594068,0.5565872
c_1_2_1506,3.5550747,-0.48886466
c_1_2_1507,-0.5302395,0.42732918
c_1_2_1508,0.5352013,-2.4195516
c_1_2_1509,0.03822682,-1.9183483
c_1_2_1510,0.29765442,-0.70834434
c_1_2_1511,0.63340163,0.02729626
c_1_2_1512,-1.197267,-1.7724799
c_1_2_1513,1.1376858,-0.38692802
c_1_2_1514,-0.27536577,-0.73193586
c_1_2_1515,-2.041131,0.33142635
c_1_2_1516,3.7622793,0.05598586
c_1_2_1517,0.3245987,-0.6457636
c_1_2_1519,2.720067,1.1357148
c_1_2_1520,-2.0268068,0.97533184
c_1_2_1521,-1.7241699,-0.20594883
c_1_2_1522,-1.8751369,-1.3434051
c_1_2_1523,-2.1942272,1.1368083
c_1_2_1524,-1.26115,-3.0371525
c_1_2_1525,3.83774,0.6893535
c_1_2_1526,2.9477584,-0.17191526
c_1_2_1527,-0.7242119,-0.930525
c_1_2_1529,-0.31477112,-1.9265007
c_1_2_1530,-0.7618105,-0.90514374
c_1_2_1531,1.9592342,-0.21272387
c_1_2_1532,-0.53940284,-1.5934496
c_1_2_1533,-0.75555944,-2.6295483
c_1_2_1534,-1.2202054,-2.4205935
c_1_2_1535,0.1909965,-0.7454299
c_1_2_1536,0.9936264,-0.82890564
c_1_2_1537,1.5074145,0.5311085
c_1_2_1538,-1.0201565,-1.7310382
c_1_2_1539,-1.0060121,0.046234246
c_1_2_1540,-0.684237,-0.66642064
c_1_2_1541,-1.1574892,-0.5848443
c_1_2_1542,0.08696745,-0.28593403
c_1_2_1543,-1.420662,0.46782336
c_1_2_1544,-1.5376761,-2.3591862
c_1_2_1545,-0.71336234,-1.1296622
c_1_2_1546,-0.65271574,1.5030209
c_1_2_1547,0.5220383,-1.0060494
c_1_2_1548,3.9993627,0.51213074
c_1_2_1549,-0.59739584,2.18456
c_1_2_1550,-0.50928044,0.37001425
c_1_2_1551,2.6702547,-0.17921099
c_1_2_1552,-0.056781102,-0.122467086
c_1_2_1554,-0.88275564,-2.3240411
c_1_2_1555,-1.0035233,-1.8861145
c_1_2_1557,-1.087114,0.7091601
c_1_2_1558,-1.3049445,-1.7733549
c_1_2_1559,-0.6742148,-0.19645424
c_1_2_1560,-1.3818184,0.75450224
c_1_2_1561,0.23558202,-2.009616
c_1_2_1562,-2.1014416,-1.0855007
c_1_2_1563,-0.42898548,-1.3148447
c_1_2_1564,0.91959643,-1.7553673
c_1_2_1565,-1.6246984,-1.9431845
c_1_2_1566,-0.96688104,-0.8648069
c_1_2_1567,-0.7592797,-1.5861461
c_1_2_1568,0.052532118,-1.4459342
c_1_2_1569,-0.039771907,0.47807556
c_1_2_1570,-1.134457,-0.4755834
c_1_2_1571,2.134238,0.34644789
c_1_2_1572,1.299274,-0.7725333
c_1_2_1573,-0.3179899,-0.6858486
c_1_2_1574,1.6331116,-1.0545301
c_1_2_1576,-0.9798279,-1.6857011
c_1_2_1577,-0.7584097,0.14318067
c_1_2_1578,0.11854452,-1.3462969
c_1_2_1579,-0.22861303,-1.1425996
c_1_2_1580,-2.6543536,-0.57643235
c_1_2_1581,2.174629,-0.40162104
c_1_2_1582,4.4260817,0.45387343
c_1_2_1583,-1.2227443,-0.62847835
c_1_2_1584,2.9804275,-0.46017796
c_1_2_1585,1.8303448,0.31999123
c_1_2_1586,-1.3554722,-0.5291686
c_1_2_1587,-0.6746598,-0.17386256
c_1_2_1588,-0.701904,-1.4569159
c_1_2_1589,-1.1535304,-0.6231798
c_1_2_1590,-0.055966992,-0.838052
c_1_2_1591,-1.4866971,-1.2142433
c_1_2_1592,-0.69087344,-1.4999826
c_1_2_1593,-2.0291736,-0.42038697
c_1_2_1594,1.8267862,-0.8130917
c_1_2_1595,-1.5597482,-1.3159895
c_1_2_1596,-1.1569048,-0.3173332
c_1_2_1597,3.7408304,-0.38951075
c_1_2_1598,0.9044094,-0.5487479
c_1_2_1599,7.960878,0.91500705
c_1_2_1600,-0.5734114,-0.6460084
c_1_2_1601,-1.4688717,-1.4962013
c_1_2_1602,5.447293,1.1713548
c_1_2_1603,-1.0032862,-0.58234173
c_1_2_1604,-0.26696044,-0.6020467
c_1_2_1605,0.081317246,-1.308686
c_1_2_1606,-0.6323598,-2.4919167
c_1_2_1607,-1.0081171,-1.6043298
c_1_2_1608,-0.12161528,-3.3812783
c_1_2_1609,0.26661295,-0.79439986
c_1_2_1610,-0.53509116,-1.9063531
c_1_2_1611,-0.88698816,-0.37778106
c_1_2_1612,-0.026944358,-1.3085102
c_1_2_1613,0.37884182,-0.16623104
c_1_2_1614,-1.1855607,0.16857943
c_1_2_1615,-0.117155604,-0.55858076
c_1_2_1616,0.2896235,1.1269633
c_1_2_1617,-0.5292701,-1.8316164
c_1_2_1618,-0.5795228,0.114231594
c_1_2_1619,-1.153549,-1.8995006
c_1_2_1620,-1.3735566,-2.4839625
c_1_2_1621,0.3933992,-0.8591388
c_1_2_1622,-0.9326742,-1.7213082
c_1_2_1623,-1.0851518,-0.1467255
c_1_2_1624,5.9483495,-0.34597707
c_1_2_1625,-0.993475,0.8970406
c_1_2_1626,2.2398639,0.0760356
c_1_2_1627,6.97991,0.7312946
c_1_2_1628,-1.0443267,-1.0910124
c_1_2_1629,-0.39423853,-1.193962
c_1_2_1630,-0.8516457,-1.1584599
c_1_2_1631,-0.2606829,-2.2110271
c_1_2_1632,0.30244672,-0.16851543
c_1_2_1633,-1.3577025,-0.5702048
c_1_2_1634,-1.2958922,-1.354193
c_1_2_1635,-1.8284786,-1.1949995
c_1_2_1636,-1.2766982,-1.5065938
c_1_2_1637,-0.545294,-1.0789462
c_1_2_1638,-0.3220746,-2.0549834
c_1_2_1639,-2.0633457,-0.46615198
c_1_2_1640,-1.1480132,0.4096019
c_1_2_1641,-1.117632,-1.7193054
c_1_2_1643,-0.21043837,-0.5065747
c_1_2_1644,0.4767556,-1.0642288
c_1_2_1645,-0.9763914,-1.5067129
c_1_2_1646,-0.34574327,-2.365173
c_1_2_1648,-1.3359827,-0.6457598
c_1_2_1649,3.7714107,-0.34890935
c_1_2_1650,2.4719121,-0.12676916
c_1_2_1651,-1.3825349,-1.661434
c_1_2_1652,3.7573977,0.84996444
c_1_2_1653,0.120456,0.3745872
c_1_2_1654,-0.94300884,-1.259364
c_1_2_1655,3.3772187,-0.9643379
c_1_2_1656,-0.53387904,-1.8446655
c_1_2_1657,0.7262527,-0.49989784
c_1_2_1658,-0.014317288,-0.030742124
c_1_2_1659,-1.2007167,-1.9498693
c_1_2_1660,-0.7185404,-1.046114
c_1_2_1661,1.389197,-0.6228901
c_1_2_1662,2.4630663,0.34007257
c_1_2_1663,-0.32645714,-1.5034336
c_1_2_1664,0.13595317,-0.9292775
c_1_2_1665,-0.60033804,-0.9365602
c_1_2_1667,1.7271079,-2.2520142
c_1_2_1668,0.31286877,-2.348672
c_1_2_1669,-0.93368274,-0.78024006
c_1_2_1670,-0.53528214,-0.8617454
c_1_2_1671,3.987687,0.6571883
c_1_2_1672,-1.1184918,-2.0876293
c_1_2_1673,-1.0651084,0.38271996
c_1_2_1674,-0.48819104,-0.30879965
c_1_2_1675,0.20087884,0.7940006
c_1_2_1676,0.47455093,0.31858265
c_1_2_1677,5.0077343,0.5434418
c_1_2_1678,0.08137308,-1.4178385
c_1_2_1679,-1.4036802,1.1937939
c_1_2_1680,-0.90759003,-1.2116717
c_1_2_1681,-0.98374224,-0.60950166
c_1_2_1682,0.72168106,1.0418937
c_1_2_1683,-1.3812698,-0.5366906
c_1_2_1684,-1.2698565,-0.026606215
c_1_2_1685,-0.15123293,-0.43273798
c_1_2_1686,0.7872438,-0.037970886
c_1_2_1687,-0.30427015,-1.0610538
c_1_2_1688,-1.4719439,-0.6183612
c_1_2_1689,-1.1448032,-2.1845107
c_1_2_1690,1.5860076,0.32887852
c_1_2_1691,-0.04376562,1.0305892
c_1_2_1693,-1.3895484,-1.8201858
c_1_2_1695,-0.61965877,-1.0518724
c_1_2_1696,-0.85624796,-1.4224693
c_1_2_1697,4.7783113,0.7357099
c_1_2_1698,-0.80332613,-0.8479983
c_1_2_1699,0.31474262,1.504102
c_1_2_1700,1.0344038,-1.1072845
c_1_2_1701,-0.6444718,0.23625517
c_1_2_1702,0.8555086,-1.0944442
c_1_2_1703,1.2736316,-0.5326344
c_1_2_1704,0.7977606,-0.5465698
c_1_2_1705,-0.17100936,1.2363229
c_1_2_1706,6.810136,-0.37641388
c_1_2_1707,-1.0397105,-0.42546684
c_1_2_1710,-0.8863307,-0.90200347
c_1_3_1,1.5100639,0.627108
c_1_3_2,-1.3215653,-0.4390853
c_1_3_3,0.19971931,2.3733854
c_1_3_4,-1.8774503,2.7502813
c_1_3_5,-0.6956352,-1.4522547
c_1_3_6,-0.13580896,-0.3187994
c_1_3_7,-0.5703173,2.4316778
c_1_3_8,-2.412692,3.3583724
c_1_3_9,0.23486285,6.610525
c_1_3_10,-0.9255783,-0.757782
c_1_3_11,-0.8792162,-1.6081328
c_1_3_12,-3.2334187,9.303403
c_1_3_13,-0.9204138,-2.4318247
c_1_3_14,-1.3357475,1.873164
c_1_3_15,0.07280584,0.97764677
c_1_3_16,-0.48153162,-1.014477
c_1_3_17,-1.1876447,-0.8673308
c_1_3_18,-1.3566885,0.16120185
c_1_3_19,-1.0503432,-1.0584954
c_1_3_20,-1.4075577,-0.447077
c_1_3_21,-0.5230987,-2.4592052
c_1_3_22,-0.5681402,-2.283335
c_1_3_23,-0.927161,3.1345034
c_1_3_24,-1.6338899,1.5517768
c_1_3_25,-1.4086651,-0.24555828
c_1_3_26,0.87044865,-0.7035802
c_1_3_27,-0.4815275,3.9336715
c_1_3_28,-1.2125207,1.3456526
c_1_3_29,0.01489806,0.12556869
c_1_3_30,0.038739357,-0.25016823
c_1_3_31,-1.6078956,-1.7724171
c_1_3_32,-1.1263702,-0.5179095
c_1_3_33,-0.7783499,1.2777908
c_1_3_34,-1.4145925,2.7364686
c_1_3_35,-1.0145745,2.1063864
c_1_3_36,0.26939788,-0.3069341
c_1_3_37,-1.0054097,0.95482814
c_1_3_38,-0.9751443,2.9440458
c_1_3_39,-1.0204489,-0.21420847
c_1_3_40,-1.3964942,1.0004423
c_1_3_41,-0.77026945,1.5974352
c_1_3_42,-0.6532371,1.3393439
c_1_3_43,-0.76328677,0.44783446
c_1_3_44,-0.046914183,-1.6316001
c_1_3_45,-0.7858265,-1.3886886
c_1_3_46,-1.8925813,-2.536964
c_1_3_47,-1.1484214,1.4518157
c_1_3_48,-1.327099,1.7507616
c_1_3_49,-0.28312007,1.6302122
c_1_3_50,-1.7908579,1.6725583
c_1_3_51,-1.0385234,-0.7646914
c_1_3_52,-1.3359374,2.0050075
c_1_3_53,-1.2619467,-0.86662763
c_1_3_54,-1.1056199,-0.09586891
c_1_3_55,-0.8859068,0.9245386
c_1_3_56,-0.92508966,-0.95072705
c_1_3_57,-0.47324792,-0.55770487
c_1_3_58,-1.1229604,-2.9291358
c_1_3_59,-0.8025947,2.9341602
c_1_3_60,-1.1006864,4.2477813
c_1_3_61,-1.0104648,-0.573781
c_1_3_62,-0.44671243,2.150263
c_1_3_63,-1.786865,-1.9355973
c_1_3_64,-0.5252398,-0.10429535
c_1_3_65,-1.5892819,-1.007162
c_1_3_66,-1.3115947,1.9226904
c_1_3_67,0.86930716,1.4813365
c_1_3_68,-0.5449196,0.6710296
c_1_3_69,-0.86713016,2.197153
c_1_3_70,-0.94436854,-0.67224896
c_1_3_71,-1.4495333,0.714037
c_1_3_72,-0.6274929,0.8602238
c_1_3_73,0.6027402,0.1329719
c_1_3_74,-1.9904271,-2.5422235
c_1_3_75,-1.5246478,1.7456416
c_1_3_76,-0.17815939,-0.39542142
c_1_3_77,-0.6491426,1.376305
c_1_3_78,-0.5189231,1.2574795
c_1_3_79,-0.056351844,-2.146112
c_1_3_80,-0.49458528,-1.3179377
c_1_3_81,-1.0189898,0.73274493
c_1_3_82,-1.045392,-1.6647778
c_1_3_83,-0.49540174,-0.082698286
c_1_3_84,-0.56244093,2.384265
c_1_3_85,-0.5975537,-0.580291
c_1_3_86,-1.112942,-2.4141812
c_1_3_87,-0.8989513,-1.128773
c_1_3_88,-1.4024034,-1.6227272
c_1_3_89,-1.3430151,0.2354025
c_1_3_90,-2.320427,-2.2715325
c_1_3_91,-0.4745123,2.052814
c_1_3_92,2.1315055,2.325801
c_1_3_93,-1.8452243,-1.6863853
c_1_3_94,-2.545874,-1.0736204
c_1_3_95,0.3629238,0.5869873
c_1_3_96,-0.6820185,1.6885543
c_1_3_97,0.21435176,0.49731258
c_1_3_98,-2.1666837,-2.9780753
c_1_3_99,-1.4716833,-1.1478459
c_1_3_100,1.0652509,0.21037553
c_1_3_101,1.5492744,1.0877738
c_1_3_102,-1.3365643,-0.9875315
c_1_3_103,-0.5064221,-1.2507406
c_1_3_104,-1.2536589,-1.4342062
c_1_3_105,-1.136315,-2.3665314
c_1_3_106,-0.10112646,-1.3430985
c_1_3_107,-0.61308956,2.6634934
c_1_3_108,-1.5776986,-0.27639058
c_1_3_109,-2.1956897,-0.75981677
c_1_3_110,-1.6470623,-0.5696746
c_1_3_111,-0.73231995,-0.6836973
c_1_3_112,-0.79330313,-0.9470946
c_1_3_113,-1.0552107,-2.1839077
c_1_3_114,-1.5627383,-0.71831846
c_1_3_115,-1.5118916,1.9780011
c_1_3_116,-1.3438555,-2.2612782
c_1_3_117,-1.4256247,-2.2340446
c_1_3_118,-1.1689712,-1.4051477
c_1_3_119,-1.3809531,-2.490606
c_1_3_120,-0.71062243,1.6758846
c_1_3_121,-1.453437,1.959358
c_1_3_122,-0.47055712,0.028820684
c_1_3_123,-0.709025,-1.116874
c_1_3_124,-1.6003345,0.39562583
c_1_3_125,-1.0786569,1.7533232
c_1_3_126,0.35733044,2.0010428
c_1_3_127,-0.39527974,-2.5043116
c_1_3_128,-1.473599,-1.4672289
c_1_3_129,-0.73352486,0.9011062
c_1_3_130,1.377043,-0.19219543
c_1_3_131,-2.329909,-0.64030087
c_1_3_132,-0.878052,0.8703179
c_1_3_133,-0.080988206,0.9149969
c_1_3_134,-0.76374954,0.9138784
c_1_3_135,-1.8000952,-0.47777703
c_1_3_136,-0.60904366,-1.8884048
c_1_3_137,-0.27786568,-1.3530145
c_1_3_138,0.26729903,-2.3252256
c_1_3_139,-1.1279551,-1.2302179
c_1_3_140,-0.92601585,0.4696997
c_1_3_141,0.21400727,-0.40179172
c_1_3_142,-1.1564354,-0.9776702
c_1_3_143,-0.6281008,-1.6029999
c_1_3_144,-2.1722903,-2.058616
c_1_3_145,1.1361668,-1.013058
c_1_3_146,-0.50870997,-1.1775539
c_1_3_147,-0.8259562,4.008128
c_1_3_148,-0.98603433,-0.7825824
c_1_3_149,-0.88433003,-1.1078044
c_1_3_150,-0.76930314,-1.1613177
c_1_3_151,-0.583961,0.97013736
c_1_3_152,0.0094847595,-0.0981362
c_1_3_153,-1.7329011,-1.7257235
c_1_3_154,-0.79615223,-0.85741884
c_1_3_155,0.016083444,0.34848693
c_1_3_156,-0.84670675,-0.42590836
c_1_3_157,-1.5229249,4.698379
c_1_3_158,-0.76476395,-1.2579355
c_1_3_159,-1.3392746,-2.1889374
c_1_3_160,-2.3611114,-2.0032327
c_1_3_161,-1.8386241,-1.0681484
c_1_3_162,-1.185071,-0.17245746
c_1_3_163,-0.94256717,-1.8617706
c_1_3_164,-0.6295374,-0.8959736
c_1_3_165,-0.4703019,1.3746717
c_1_3_166,-1.2232586,-1.0055356
c_1_3_167,-0.84475136,-0.62496614
c_1_3_168,-0.101974115,0.058269303
c_1_3_169,-0.6199982,-1.3287716
c_1_3_170,-1.0749195,3.1818767
c_1_3_171,-2.1288812,-2.800056
c_1_3_172,-0.84890896,0.85984033
c_1_3_173,-0.72778165,0.06669599
c_1_3_174,-1.1194652,0.46463695
c_1_3_175,-1.0200524,1.4626067
c_1_3_176,-0.6470524,-1.6718937
c_1_3_177,-1.2630044,-0.67776644
c_1_3_178,-0.8798139,-1.1806257
c_1_3_179,-0.26829582,2.2263658
c_1_3_180,-0.89614797,-1.303537
c_1_3_181,-1.320888,-1.9111097
c_1_3_182,-0.7181821,0.27838147
c_1_3_183,0.1229731,-0.023464255
c_1_3_184,-1.9573783,-2.2917774
c_1_3_185,-2.4503996,-2.1320522
c_1_3_186,-2.0531445,-2.9252455
c_1_3_187,-0.93887734,-0.76747215
c_1_3_188,-1.3397515,-0.066525914
c_1_3_189,-1.3608326,-0.45055938
c_1_3_190,0.27026328,-1.175754
c_1_3_191,-0.35766542,-1.8026541
c_1_3_192,-1.821011,-1.1275642
c_1_3_193,-0.8906263,-1.9555808
c_1_3_194,-0.864787,0.7748759
c_1_3_195,-0.3233832,-1.516941
c_1_3_196,-1.8544741,-2.6682286
c_1_3_197,-1.7878739,-2.6669002
c_1_3_198,-1.4083555,-1.9227717
c_1_3_199,-0.2455384,-0.42810586
c_1_3_200,-1.8760358,4.2745743
c_1_3_201,-0.6050771,-1.267332
c_1_3_202,-1.6939065,-0.8119966
c_1_3_203,-1.3208556,-1.8888717
c_1_3_204,-1.2446004,3.3596582
c_1_3_205,-0.55001396,-1.6005489
c_1_3_206,-0.86569434,-0.28694707
c_1_3_207,-1.3978122,-0.370428
c_1_3_208,-1.7884437,-1.7062602
c_1_3_209,-0.9554692,-0.7438345
c_1_3_210,-1.8562003,-1.679372
c_1_3_211,0.24346691,0.8888727
c_1_3_212,-0.09220114,0.3306418
c_1_3_213,-1.2611606,1.6998674
c_1_3_214,-1.3707505,-1.5576249
c_1_3_215,-1.1679379,-0.032491557
c_1_3_216,-1.3229444,-0.57646537
c_1_3_217,-1.7485793,-1.7035167
c_1_3_218,-1.2733889,-2.6509504
c_1_3_219,-0.89408237,1.9081314
c_1_3_220,-1.5749316,-1.51888
c_1_3_221,-1.5988622,0.9514896
c_1_3_222,-1.643818,-1.4558736
c_1_3_223,-1.6229023,0.35771203
c_1_3_224,-2.8161366,-3.0239198
c_1_3_225,-0.34154877,0.14809
c_1_3_226,-0.890301,2.7444818
c_1_3_228,-0.8669795,-0.69885373
c_1_3_229,-1.1064868,0.7358603
c_1_3_230,-1.2860401,-1.2934027
c_1_3_231,-1.451631,-1.5940055
c_1_3_232,-0.77253664,0.31873623
c_1_3_233,-0.5094189,-0.65792614
c_1_3_234,0.4770632,-1.313208
c_1_3_235,-1.5835825,-2.8985946
c_1_3_236,-1.5980868,-1.4411958
c_1_3_237,-0.9181616,0.7436279
c_1_3_238,-0.0014963388,0.87344104
c_1_3_239,-1.4977778,2.1103718
c_1_3_240,-0.5947502,1.7061709
c_1_3_241,-0.36919945,-0.27542654
c_1_3_242,-1.129749,-1.3424361
c_1_3_243,-1.4188249,1.7842319
c_1_3_244,-2.408354,-2.9476354
c_1_3_245,-1.1533614,-0.8059251
c_1_3_246,-0.9197055,3.335534
c_1_3_247,-0.30127156,-0.6487002
c_1_3_248,-1.6645321,2.8830845
c_1_3_249,-0.5563007,0.40889177
c_1_3_250,-0.8571255,-0.4844548
c_1_3_251,-0.21499152,0.9060742
c_1_3_252,-0.10405727,-1.2225215
c_1_3_253,-0.73626906,-1.9531636
c_1_3_254,-0.12866195,-0.32942528
c_1_3_255,0.30507842,-0.99682283
c_1_3_256,-1.5626638,0.12919721
c_1_3_257,-0.85237914,-1.3638203
c_1_3_258,-0.15785496,0.882817
c_1_3_259,1.5325643,0.34664723
c_1_3_260,-0.0015041657,0.30099788
c_1_3_261,-1.0108306,-1.5571649
c_1_3_262,-0.4861513,-1.3798608
c_1_3_263,-1.660743,-1.5301536
c_1_3_264,-1.1572841,2.8044915
c_1_3_265,-0.30902624,3.7355268
c_1_3_266,-1.3041507,0.72942466
c_1_3_267,-2.0905898,3.6093676
c_1_3_268,0.5214429,0.5927965
c_1_3_269,-0.55868304,0.14455742
c_1_3_270,-0.45321548,0.82830137
c_1_3_271,-1.0039201,-0.9510132
c_1_3_272,-1.6819838,-1.8084369
c_1_3_273,-0.8415654,-0.020359576
c_1_3_274,-0.8870097,-0.39595833
c_1_3_275,0.32431337,-2.7939966
c_1_3_276,-1.1336944,-0.90324026
c_1_3_277,0.0527655,-0.24806492
c_1_3_278,-1.2129327,1.3757306
c_1_3_279,-1.2892727,-2.5655212
c_1_3_280,-0.26895666,3.3383317
c_1_3_281,-0.6706252,1.1879821
c_1_3_282,-0.924613,-0.20410806
c_1_3_283,-0.5749172,-1.3986467
c_1_3_284,-0.31456766,-0.05929346
c_1_3_285,-0.9472383,0.26669908
c_1_3_286,-0.77565074,1.1518756
c_1_3_287,-0.4924724,-1.2069709
c_1_3_288,-0.39600778,0.48954746
c_1_3_289,-0.2116236,-0.7956052
c_1_3_290,-0.40925935,-0.6314122
c_1_3_291,-0.7893782,1.9896797
c_1_3_292,-0.65094066,-0.9881072
c_1_3_293,-1.6698505,0.5881322
c_1_3_294,-2.0856185,1.7014425
c_1_3_295,-1.174932,2.2985306
c_1_3_296,-1.2435209,3.2622232
c_1_3_297,-0.79287106,-2.8206928
c_1_3_298,-1.1522658,-0.4867887
c_1_3_299,-1.3574439,-0.16560623
c_1_3_300,-0.46137884,0.31251115
c_1_3_301,-0.47555506,-0.5048269
c_1_3_302,0.41651487,0.979468
c_1_3_303,-1.676133,0.99748874
c_1_3_304,-1.4404496,-0.56984556
c_1_3_305,-0.92911893,-0.30944946
c_1_3_306,-1.8030852,0.057448264
c_1_3_307,-0.85523915,0.9747661
c_1_3_308,-0.69208455,1.4887621
c_1_3_309,-1.1201234,-0.98468584
c_1_3_310,-0.2864422,-0.27071178
c_1_3_311,-0.49558243,0.4801559
c_1_3_312,-0.9113391,0.2960679
c_1_3_313,-0.54771775,1.4049174
c_1_3_314,-0.12378223,1.7131668
c_1_3_315,-0.83199155,0.49636889
c_1_3_316,-1.2785286,-0.061773896
c_1_3_317,-1.109501,-0.16887578
c_1_3_318,0.92122257,1.4559505
c_1_3_319,-1.0355077,-0.6674025
c_1_3_320,-0.9794448,0.34329972
c_1_3_321,-0.9287329,0.7179549
c_1_3_322,-0.8318538,0.06661944
c_1_3_323,-1.3925208,0.77496415
c_1_3_324,-0.19971369,-0.44585738
c_1_3_325,-0.75119823,0.011114438
c_1_3_326,-0.16744316,-0.17050254
c_1_3_327,-0.9642508,3.6557622
c_1_3_329,-0.7837319,0.021956302
c_1_3_330,0.48440474,0.07647254
c_1_3_331,-1.3180053,-0.122782305
c_1_3_332,-0.7665708,-0.67385846
c_1_3_333,-2.060336,-1.1431085
c_1_3_334,-0.45386678,0.7583806
c_1_3_335,0.3048166,-0.23320653
c_1_3_336,-0.7659891,0.4342069
c_1_3_337,-1.582391,0.24721622
c_1_3_338,0.002597704,-0.33005813
c_1_3_339,-1.59736,-0.9923689
c_1_3_340,-0.90112364,1.3310872
c_1_3_341,-0.26779127,1.5638064
c_1_3_342,-0.69144547,0.8528222
c_1_3_343,-1.3510499,-0.018368484
c_1_3_344,0.35888368,-0.7036775
c_1_3_345,-1.3181187,-0.203803
c_1_3_346,-1.4149977,-1.0122788
c_1_3_347,-0.49689895,2.9631188
c_1_3_348,0.29684517,-0.3518236
c_1_3_349,-1.0193304,-0.24352397
c_1_3_350,-1.6081376,-0.8322819
c_1_3_351,-0.68426275,-0.13197841
c_1_3_352,-0.4875187,-0.5973078
c_1_3_353,-1.8958596,1.2206882
c_1_3_354,0.30084842,-0.2742036
c_1_3_355,-1.6248387,-0.4767078
c_1_3_356,0.08190602,0.47538903
c_1_3_357,-0.973207,1.3390181
c_1_3_358,-1.4442691,0.6217876
c_1_3_359,-0.40762976,2.2529433
c_1_3_360,-0.9484773,-0.85380197
c_1_3_361,-0.6372102,-0.635933
c_1_3_362,-0.52833414,-0.4370676
c_1_3_363,-1.1897016,-1.4050816
c_1_3_364,-0.16005093,-0.19893934
c_1_3_365,0.8651522,0.38343173
c_1_3_366,-1.5190468,2.8006048
c_1_3_367,-1.206075,-0.9175839
c_1_3_368,-1.5362004,0.1196851
c_1_3_369,-1.5347927,-1.5005804
c_1_3_370,-1.4235455,1.3548658
c_1_3_371,-1.6547356,-1.1805499
c_1_3_372,-1.216901,-0.057884455
c_1_3_373,-0.33905545,-0.7043763
c_1_3_374,-1.8208071,0.9829384
c_1_3_375,-1.4145551,-0.5362907
c_1_3_376,-0.17991525,0.5254973
c_1_3_377,-0.4807919,-0.39381725
c_1_3_378,-0.31820026,0.6536515
c_1_3_379,-1.7397721,-0.43618193
c_1_3_380,-0.57943547,0.29218405
c_1_3_381,-2.1405253,3.545954
c_1_3_382,-1.6519729,-0.121109046
c_1_3_383,-1.1008142,0.09281611
c_1_3_384,-0.788771,-0.83226174
c_1_3_385,-1.518887,3.140342
c_1_3_386,-1.2350004,0.62317204
c_1_3_387,-0.60456795,-0.6239521
c_1_3_388,0.30557862,0.50909364
c_1_3_389,-1.0318092,2.3903508
c_1_3_390,-2.3654716,0.8268199
c_1_3_391,-0.8316662,-0.25435007
c_1_3_392,-0.99536693,-1.1698407
c_1_3_393,-1.0198562,0.037482977
c_1_3_394,-1.9348096,-1.0286876
c_1_3_395,-1.1891633,-1.2252088
c_1_3_396,-0.62718487,2.2119634
c_1_3_397,-0.8010193,1.2888571
c_1_3_399,-1.694476,-0.748396
c_1_3_400,-2.390839,-2.872881
c_1_3_401,-1.1227025,0.5311437
c_1_3_402,-1.6296903,-0.29106662
c_1_3_403,-0.47900355,0.4811902
c_1_3_404,-1.3642968,3.3568208
c_1_3_405,-1.402286,0.04276925
c_1_3_406,-0.8255111,-0.48003572
c_1_3_407,-1.7377995,-0.49466088
c_1_3_408,-1.1663275,-0.2031022
c_1_3_409,-0.47981137,1.3898141
c_1_3_410,-1.0126239,-1.1192367
c_1_3_411,-0.6934779,-0.33110765
c_1_3_412,0.36610734,0.7597504
c_1_3_413,0.018297205,-1.5071616
c_1_3_414,-0.29164174,0.6447586
c_1_3_415,-0.74736667,-0.38294908
c_1_3_416,-0.40539432,0.022793498
c_1_3_417,-1.2108582,0.7571704
c_1_3_418,-0.3651713,-0.8867556
c_1_3_419,-1.1455098,-0.80039173
c_1_3_420,-1.3102711,-0.3210776
c_1_3_421,-1.0210009,-0.89640576
c_1_3_422,-0.38375342,2.7511516
c_1_3_423,-1.0658056,0.17751674
c_1_3_424,-1.0937612,0.35077786
c_1_3_425,-0.72877914,-0.5099541
c_1_3_426,-0.82434535,1.774868
c_1_3_427,-0.97766185,-0.18686001
c_1_3_428,-0.41375956,-0.9108555
c_1_3_429,-1.2428397,-0.91115475
c_1_3_430,-1.1246358,2.606085
c_1_3_431,-0.05217187,1.0188361
c_1_3_432,1.1553384,-0.37452286
c_1_3_433,-0.9420248,0.09416913
c_1_3_434,-1.4187158,-0.6314443
c_1_3_435,-0.75729966,2.428594
c_1_3_436,-1.6214963,-1.2144129
c_1_3_437,-1.0022125,2.4647431
c_1_3_438,-0.58350915,0.7836092
c_1_3_439,-1.7641804,-0.4361321
c_1_3_440,-1.602204,-0.8898372
c_1_3_441,-1.5519594,2.6998603
c_1_3_442,-0.71539766,3.1466398
c_1_3_443,-0.811281,0.57161367
c_1_3_444,-1.4434803,-0.16959271
c_1_3_445,-1.6649907,-0.231
c_1_3_446,-0.030211067,0.9383193
c_1_3_447,-1.2722363,0.8850217
c_1_3_448,-0.9738683,0.6157657
c_1_3_449,-0.93386215,1.809241
c_1_3_450,-1.68541,-2.3668146
c_1_3_451,-1.9443203,-1.2946172
c_1_3_452,-1.1526989,4.4464216
c_1_3_453,-0.9671844,-0.784965
c_1_3_454,-1.2223046,-0.8920932
c_1_3_455,-1.1247224,-0.24236037
c_1_3_456,-0.83449686,-0.3767059
c_1_3_457,-1.6886976,0.40330064
c_1_3_458,-1.2887031,3.173077
c_1_3_459,-0.09487292,0.10539329
c_1_3_460,-0.36455378,1.0089984
c_1_3_461,-1.2934185,2.7277117
c_1_3_462,-1.1508744,-0.49443248
c_1_3_463,-1.2819139,0.27177063
c_1_3_464,-1.9429661,-0.23751236
c_1_3_465,-1.9527535,-1.5061476
c_1_3_466,-0.28329718,-0.6528201
c_1_3_467,-1.1613629,1.491449
c_1_3_468,-0.5442271,-0.59811896
c_1_3_469,-0.42422062,0.96641386
c_1_3_470,-1.5838536,1.3171145
c_1_3_471,-1.2306416,-0.67323893
c_1_3_472,-0.3254906,0.8622754
c_1_3_473,-0.68250847,0.18301052
c_1_3_474,-0.20656085,-0.89745855
c_1_3_475,-1.2490796,0.8615365
c_1_3_476,-1.6162373,1.3487139
c_1_3_477,-0.19859669,1.1384579
c_1_3_478,-1.7839801,0.04719454
c_1_3_479,-1.7007092,0.9758667
c_1_3_480,-0.17999218,1.6654202
c_1_3_481,-0.50014913,0.77969855
c_1_3_482,-1.450483,1.9494941
c_1_3_483,-1.4663355,-0.7466455
c_1_3_484,-2.0681784,-0.93516576
c_1_3_485,-0.09042705,0.8657545
c_1_3_486,0.437586,0.019785628
c_1_3_487,-0.37750536,0.24106073
c_1_3_488,-1.0616709,2.1092472
c_1_3_489,-0.048348807,0.7659785
c_1_3_490,-0.8482152,-0.26509124
c_1_3_491,-0.69552815,1.614442
c_1_3_492,-0.44411743,-0.8896388
c_1_3_493,-1.2108103,2.3507195
c_1_3_494,-2.1313221,-0.3819684
c_1_3_495,-1.6062088,-1.2776988
c_1_3_496,-1.6116141,-0.6229253
c_1_3_497,-1.6957104,-0.6944723
c_1_3_498,-1.8039346,-1.3110889
c_1_3_499,-1.4221348,-0.09143901
c_1_3_500,-1.2598177,0.15541258
c_1_3_501,-2.0581765,-0.97939086
c_1_3_502,-1.5004083,-0.40148076
c_1_3_503,-0.8960355,2.0604932
c_1_3_504,-1.694345,-1.7032859
c_1_3_505,-0.8043585,-0.5052097
c_1_3_506,-0.38951468,0.036788486
c_1_3_507,-0.70312285,-0.1367501
c_1_3_508,-0.5928278,-1.5372081
c_1_3_509,-1.0430048,-0.0685911
c_1_3_510,-0.5515785,0.69134045
c_1_3_511,-2.153523,-1.0269524
c_1_3_512,-0.7429481,2.150631
c_1_3_513,-0.72508746,1.4538336
c_1_3_514,-1.3380048,-2.1562808
c_1_3_515,-0.49994996,-0.90175617
c_1_3_516,-2.2374928,-1.8585205
c_1_3_517,-1.4734035,2.0103247
c_1_3_518,-0.9100916,-0.9737882
c_1_3_519,-1.4787724,1.4796432
c_1_3_520,-0.4204462,0.19153078
c_1_3_521,-1.6779846,0.9692254
c_1_3_522,-0.7492036,1.4199301
c_1_3_523,-0.9171278,0.15426995
c_1_3_524,-0.9628778,0.08595245
c_1_3_525,-0.9139819,0.26559463
c_1_3_526,-0.81738967,-0.17028512
c_1_3_527,-1.3399907,-1.1096615
c_1_3_528,0.26437974,0.6728977
c_1_3_529,-0.15155216,0.41271737
c_1_3_530,-1.5319865,-0.3781414
c_1_3_531,-1.286318,-0.63819754
c_1_3_532,-0.6872042,0.70665145
c_1_3_533,0.47830662,0.3735724
c_1_3_534,-1.2514772,-0.7069369
c_1_3_535,-0.46626347,-0.106412806
c_1_3_536,-1.2814497,-1.3742719
c_1_3_537,-1.3605574,-0.1709594
c_1_3_538,-1.2842075,-0.2521577
c_1_3_539,-1.0267098,-0.92972285
c_1_3_540,0.19103137,0.526619
c_1_3_541,-1.4086072,0.43289593
c_1_3_542,-0.4289325,-1.0391133
c_1_3_543,-0.6558231,0.6979518
c_1_3_544,-0.44965345,-1.5224671
c_1_3_545,-0.16285431,-0.8565552
c_1_3_546,-0.17576832,-0.49712923
c_1_3_547,-0.75246173,2.2807102
c_1_3_548,-0.82421935,-0.2197175
c_1_3_549,1.335354,1.9396007
c_1_3_550,-0.70211273,0.122564785
c_1_3_551,0.31720796,2.9847376
c_1_3_552,-1.2500601,-0.9037275
c_1_3_553,-0.18444416,1.6363746
c_1_3_554,-1.3262956,-0.6238781
c_1_3_555,-0.36792752,0.45660034
c_1_3_556,-0.82303935,1.8111682
c_1_3_557,-0.5307273,-0.89943886
c_1_3_558,-0.78313553,-0.23608
c_1_3_559,-1.0526695,3.2750125
c_1_3_560,-1.1344697,0.78646904
c_1_3_561,-1.1590759,-0.15800384
c_1_3_562,-0.54676807,1.7589068
c_1_3_563,-0.40266204,-0.90233785
c_1_3_564,-0.68120223,0.5411201
c_1_3_565,-1.0680746,0.7483914
c_1_3_566,-1.0187567,-0.11337833
c_1_3_567,-1.3562319,-0.23760512
c_1_3_568,-0.89275175,-0.5995296
c_1_3_569,-1.433888,-0.49849382
c_1_3_570,-1.703248,-1.0808951
c_1_3_571,-0.4099813,1.9306792
c_1_3_572,-1.0668993,1.8972297
c_1_3_573,-0.95237577,-0.09319312
c_1_3_574,-1.097163,-0.7198465
c_1_3_575,-1.6083701,-1.5832387
c_1_3_576,-1.6389517,1.090679
c_1_3_577,-0.94170815,-0.29628608
c_1_3_578,-0.9426591,-0.5125494
c_1_3_579,-0.05126969,-0.09448828
c_1_3_580,-0.175785,-0.5733697
c_1_3_581,-1.2212468,-0.38524595
c_1_3_582,-0.76209444,2.8120425
c_1_3_583,-0.9165346,2.6049464
c_1_3_584,-1.293574,4.3082347
c_1_3_585,-1.3285487,3.7014172
c_1_3_586,-1.3589429,0.46432632
c_1_3_587,-1.4681817,-0.9260482
c_1_3_588,-0.43822104,3.562636
c_1_3_589,-0.8731489,0.22629987
c_1_3_590,0.1565221,3.6922936
c_1_3_591,-0.03397437,-0.45984212
c_1_3_592,-2.2011213,0.34873497
c_1_3_593,-0.99844646,2.432635
c_1_3_594,-0.82173526,1.2720367
c_1_3_595,-0.32002518,-0.861382
c_1_3_596,-2.012106,-0.52710634
c_1_3_597,-1.9893467,-0.45139238
c_1_3_598,-1.5560796,-0.77910745
c_1_3_599,-1.0439209,-1.7459322
c_1_3_600,-0.32157236,-0.52878755
c_1_3_601,-0.26648322,-0.84752923
c_1_3_602,-1.6911474,3.071401
c_1_3_603,-0.76282465,-0.8123179
c_1_3_604,0.913672,-1.5513996
c_1_3_605,-0.95654166,-1.4115895
c_1_3_606,-0.8647315,-0.57910115
c_1_3_607,-2.4802241,4.0837154
c_1_3_608,-0.20810075,1.785709
c_1_3_609,-1.164005,-0.43714413
c_1_3_610,0.26912823,-0.2588725
c_1_3_611,-0.9153483,-0.08369527
c_1_3_612,-1.2359294,-0.7276603
c_1_3_613,-1.906697,1.5645882
c_1_3_614,-0.16757794,-0.40080947
c_1_3_615,-1.6192204,4.282674
c_1_3_616,-0.7997705,0.5806045
c_1_3_617,-1.1771941,0.87026167
c_1_3_618,0.3943874,-0.46035707
c_1_3_619,-1.0493343,4.031967
c_1_3_620,-1.1942861,-1.3742226
c_1_3_621,-0.53227144,-3.1071403
c_1_3_623,-0.75742143,2.28149
c_1_3_624,-0.93257207,3.4605968
c_1_3_625,0.23538172,-0.50432146
c_1_3_626,-1.0620139,0.005680248
c_1_3_627,-0.40946782,0.13678057
c_1_3_628,0.25073996,-0.29646468
c_1_3_629,-1.5974032,3.6431437
c_1_3_630,-0.8184128,3.24197
c_1_3_631,-1.2680985,3.4045
c_1_3_632,0.37023622,-1.2032624
c_1_3_633,-1.4197618,-0.65312624
c_1_3_634,-0.013595548,-0.8087345
c_1_3_635,-0.8709401,-0.31812835
c_1_3_636,-0.0015794525,-2.365105
c_1_3_637,-0.59158236,1.6096323
c_1_3_638,1.7355388,0.31780818
c_1_3_639,-2.2066455,1.8577158
c_1_3_640,-0.9404972,2.9982793
c_1_3_641,1.2390845,0.31048962
c_1_3_642,-0.5350923,-0.7970323
c_1_3_643,-1.0757583,3.4160128
c_1_3_644,-0.70505565,-0.6735053
c_1_3_645,-0.68956137,-0.9810538
c_1_3_646,-0.3205538,-0.2929676
c_1_3_647,-0.84118766,3.3099477
c_1_3_648,-0.12759088,-0.056711923
c_1_3_649,-0.73282444,-0.6682229
c_1_3_650,-1.0352888,5.0006685
c_1_3_651,-0.28030926,2.5239193
c_1_3_652,0.27819157,-1.115644
c_1_3_653,-1.3126395,3.1630526
c_1_3_654,-0.4727947,-0.9173798
c_1_3_655,-1.351244,1.8981555
c_1_3_656,-0.37764004,1.5747193
c_1_3_657,-1.719393,0.9873055
c_1_3_658,-0.51134217,-0.49976793
c_1_3_659,-0.7004374,0.09359856
c_1_3_660,0.025702583,0.46697223
c_1_3_661,-1.4240263,-1.5845107
c_1_3_662,-0.87871116,-0.681033
c_1_3_663,-0.82440996,0.04546011
c_1_3_664,-0.67642736,1.0320668
c_1_3_665,-0.20351568,3.675374
c_1_3_666,-0.8929224,-1.6169167
c_1_3_667,0.13426973,-0.60019803
c_1_3_668,-0.913784,-0.9490251
c_1_3_669,-0.8391343,1.6569788
c_1_3_670,-0.4076407,2.1815312
c_1_3_671,-1.2959012,-0.94027156
c_1_3_672,-1.1216369,2.457786
c_1_3_673,-1.6661446,-0.9592359
c_1_3_674,-0.9695634,-0.7373349
c_1_3_675,-1.0188186,-1.1861137
c_1_3_676,-1.7780701,-0.5100932
c_1_3_677,-0.8042751,1.0477307
c_1_3_678,-0.3767907,-0.019642536
c_1_3_679,-0.040898055,0.14632845
c_1_3_680,0.120242365,3.1983025
c_1_3_681,-1.1153548,3.2406902
c_1_3_682,-1.3158059,-0.024378639
c_1_3_683,-0.74557817,-1.3085752
c_1_3_684,-0.86056703,-1.7421987
c_1_3_685,-0.7689616,-1.027138
c_1_3_686,2.4114766,-0.28545976
c_1_3_687,-1.5081114,-0.85664517
c_1_3_688,-1.3369391,0.10989371
c_1_3_689,-0.4143645,-1.1603693
c_1_3_690,0.048255615,0.582761
c_1_3_691,0.44362885,-1.0840884
c_1_3_692,-0.40448415,4.040862
c_1_3_693,-0.8034008,2.5463552
c_1_3_694,-0.5758835,-1.7666726
c_1_3_695,-1.1156574,0.62524045
c_1_3_696,-2.2881515,5.862138
c_1_3_697,-0.4507586,-0.95153725
c_1_3_698,-0.9180642,-0.7541585
c_1_3_699,-0.8306632,3.5599868
c_1_3_700,-0.123701274,-0.5271138
c_1_3_701,-0.15754893,-0.89200836
c_1_3_702,0.08489088,-1.3154018
c_1_3_703,-1.3207527,-1.6109853
c_1_3_704,-1.3554838,3.667824
c_1_3_705,-1.9464076,0.43395132
c_1_3_706,-1.5799958,1.0589842
c_1_3_707,-1.0294493,-0.5162709
c_1_3_708,-1.2977192,-2.288157
c_1_3_709,-0.9113595,-2.7725115
c_1_3_710,-0.81068134,-1.3582419
c_1_3_711,-1.2495528,3.7883723
c_1_3_712,-0.2881634,-0.2885948
c_1_3_713,0.6326976,-1.0651032
c_1_3_714,-0.75320566,3.8974807
c_1_3_715,-1.6380447,7.6493564
c_1_3_716,-0.89584845,-1.3612065
c_1_3_717,0.2917518,-0.055223163
c_1_3_718,-1.4256616,-0.76609874
c_1_3_719,-0.28874078,-0.7325299
c_1_3_720,-1.0954696,-1.4860438
c_1_3_721,-1.2300884,0.7029004
c_1_3_722,-1.6565185,4.6344976
c_1_3_723,-0.58313847,-0.5588639
c_1_3_724,-0.3202584,-0.3841764
c_1_3_725,-0.83770645,1.1104672
c_1_3_726,-0.15051877,-0.27894643
c_1_3_727,-1.1036493,-1.2290865
c_1_3_728,-1.0627124,4.098295
c_1_3_729,-0.2687456,-1.2666733
c_1_3_730,-0.9085113,-1.1450503
c_1_3_731,-1.2736865,-0.36362654
c_1_3_732,0.25005943,-1.8362796
c_1_3_733,-1.5922596,-1.6547273
c_1_3_734,-1.1765203,2.934338
c_1_3_735,-0.88834566,-1.5158316
c_1_3_736,-1.3693101,1.2821714
c_1_3_737,-1.0418065,-0.32648113
c_1_3_738,-0.5264902,-2.0438077
c_1_3_739,-1.3529387,-0.14168014
c_1_3_740,-1.1915932,-1.392152
c_1_3_741,-1.3083817,-1.1104418
c_1_3_742,-0.40882763,2.907482
c_1_3_743,-1.2685057,4.2009153
c_1_3_744,-1.0586445,-1.0649018
c_1_3_746,0.34774613,2.6894321
c_1_3_747,-0.87421435,2.6572187
c_1_3_748,-0.8472347,-1.4982573
c_1_3_749,1.0442634,-0.10885778
c_1_3_750,-0.19212507,1.4662359
c_1_3_751,-2.1244438,2.1555326
c_1_3_752,-1.166982,-0.09655303
c_1_3_753,0.52997017,-0.5179586
c_1_3_754,-1.5323898,-1.5449896
c_1_3_755,0.068797864,0.49750927
c_1_3_756,1.1038588,-1.6204419
c_1_3_757,-0.88449,1.9840646
c_1_3_758,-1.0448375,3.205226
c_1_3_759,-1.1048087,-0.025959754
c_1_3_760,1.1066138,-0.28236338
c_1_3_761,-0.6471788,2.3823228
c_1_3_762,0.6856857,-1.4098661
c_1_3_763,0.94539994,3.2411191
c_1_3_764,-0.92235345,-2.3942697
c_1_3_765,-1.0304481,-1.8896109
c_1_3_766,-1.5721838,-0.96622413
c_1_3_767,-1.2741694,3.2626987
c_1_3_768,-0.19503412,-0.48662794
c_1_3_769,-1.4823955,3.8472672
c_1_3_770,-1.3898777,2.0593758
c_1_3_771,-1.7462182,4.223407
c_1_3_772,-0.620782,1.7029074
c_1_3_773,-1.4330148,-1.3650328
c_1_3_774,-1.0299001,0.4630378
c_1_3_775,-1.0078465,0.49943963
c_1_3_776,-0.7812003,1.2499267
c_1_3_777,-1.581828,3.6721342
c_1_3_778,-0.26037365,-0.63259304
c_1_3_779,-0.17882667,-0.7991655
c_1_3_780,-0.8622283,-0.7978967
c_1_3_781,-1.2696599,2.5945506
c_1_3_782,-0.7940412,0.93589336
c_1_3_783,-1.8529965,-0.80600786
c_1_3_784,-0.75876606,0.8039454
c_1_3_785,-0.98493403,-1.0920279
c_1_3_786,-1.1064855,0.6495883
c_1_3_787,-1.2366235,1.6597114
c_1_3_788,-1.2097288,-1.5412319
c_1_3_789,-0.69926834,-1.1344979
c_1_3_790,-0.49162883,-0.8104771
c_1_3_791,0.4780412,-1.3250884
c_1_3_792,-1.3912297,0.70260423
c_1_3_793,-0.6374377,2.9980152
c_1_3_794,-1.1276803,4.854187
c_1_3_795,-2.0146885,-2.2294152
c_1_3_796,-0.49954316,-0.9926846
c_1_3_797,-1.8930128,1.9514633
c_1_3_798,-0.8780197,3.3790622
c_1_3_799,-1.5746458,1.241383
c_1_3_800,-1.1615307,0.43358943
c_1_3_801,-1.4856188,-1.1573849
c_1_3_802,-1.130138,0.6441866
c_1_3_803,0.21121582,-0.93670577
c_1_3_804,-1.0526552,0.47679153
c_1_3_805,-1.5958064,-0.6535293
c_1_3_806,-0.6453053,2.800773
c_1_3_807,-1.8266234,2.6099596
c_1_3_808,-1.3206394,-0.46879572
c_1_3_809,-1.0415769,1.3328079
c_1_3_810,-1.061803,3.4650006
c_1_3_811,-1.6584659,3.262195
c_1_3_812,2.5360076,-0.33522174
c_1_3_813,-0.011679343,2.9750085
c_1_3_814,-1.3798099,1.7082261
c_1_3_815,-0.67529464,1.1602454
c_1_3_816,-1.7176514,1.8343318
c_1_3_817,-1.9957172,4.3589044
c_1_3_818,-1.0767097,2.1942043
c_1_3_819,-0.48237538,-0.7012597
c_1_3_820,-0.89202714,0.8174485
c_1_3_821,-0.5930733,2.5250795
c_1_3_822,-0.90258545,2.6437178
c_1_3_823,-1.3786386,-2.3582268
c_1_3_824,-0.9251796,2.070494
c_1_3_825,0.72270894,-0.68217635
c_1_3_826,-0.77895916,0.18287125
c_1_3_827,-1.6150557,1.835456
c_1_3_828,-1.5011536,3.5291126
c_1_3_829,-0.66371036,3.452783
c_1_3_830,-0.90363324,-0.9480985
c_1_3_831,-1.5013366,2.9632993
c_1_3_832,-0.8649954,2.8237464
c_1_3_833,-0.6336934,0.26873517
c_1_3_834,-1.8105723,-3.2572277
c_1_3_835,-0.36380816,4.3281837
c_1_3_836,-1.4177324,2.5988126
c_1_3_837,-0.10322319,-0.23624556
c_1_3_838,-0.34949076,3.779485
c_1_3_839,-1.2896466,3.474623
c_1_3_840,-1.2644199,-1.0741911
c_1_3_841,-1.3907791,2.7668054
c_1_3_842,-1.4484779,2.7673461
c_1_3_843,-0.7347519,1.5991503
c_1_3_844,-1.0553488,3.0245714
c_1_3_845,-0.76679903,4.2987466
c_1_3_846,-1.2738637,4.5181336
c_1_3_847,-2.2016468,4.59976
c_1_3_848,-1.7354932,3.5898037
c_1_3_849,-0.9498775,3.7646897
c_1_3_850,-0.74249023,2.3229513
c_1_3_851,-1.2662122,2.7968154
c_1_3_852,-0.24854138,1.8426459
c_1_3_853,0.43144053,2.0899975
c_1_3_854,-1.3298342,1.2629858
c_1_3_855,-1.6968873,6.632719
c_1_3_856,-1.9274375,2.8677914
c_1_3_857,-1.5834734,2.8338423
c_1_3_858,-1.5675926,4.619953
c_1_3_859,-0.82330966,0.33834612
c_1_3_860,-0.033898897,1.1827474
c_1_3_861,-1.0963192,3.208721
c_1_3_862,-1.0856961,6.921494
c_1_3_863,-1.454909,3.9738116
c_1_3_864,-1.3823546,0.71964866
c_1_3_865,-1.7578576,4.8140054
c_1_3_866,-0.48198232,3.3945801
c_1_3_867,-1.0134794,3.1416454
c_1_3_868,-0.7888429,0.70515406
c_1_3_869,1.1029004,-0.45359552
c_1_3_870,-0.40183,1.9766396
c_1_3_871,-0.74610484,4.187104
c_1_3_872,-1.8355403,1.0254561
c_1_3_873,-2.3060658,4.0288944
c_1_3_874,0.085787006,2.48809
c_1_3_875,-1.1108605,1.046123
c_1_3_877,-1.7208197,3.5369532
c_1_3_878,-0.24287975,2.1816125
c_1_3_880,-0.2238657,-0.99337
c_1_3_881,-1.0960528,-0.4107496
c_1_3_883,-1.8610426,3.5383296
c_1_3_884,-0.08377503,-0.7814298
c_1_3_885,-2.1320417,-2.1649206
c_1_3_887,-2.0498881,2.953752
c_1_3_888,-0.15665556,-1.7180835
c_1_3_889,-1.1303024,-0.2536027
c_1_3_892,2.2548249,-1.6426154
c_1_3_893,-1.0379666,0.467733
c_1_3_894,-0.035288297,0.54876554
c_1_3_896,-1.375066,1.6665585
c_1_3_897,-1.2826754,-0.6222244
c_1_3_898,0.65440106,1.3090805
c_1_3_899,0.49301186,0.49341196
c_1_3_900,-0.832717,1.7199705
c_1_3_901,-1.4957184,0.5307624
c_1_3_902,-0.046010986,-0.08088283
c_1_3_903,-0.6971616,1.1734567
c_1_3_904,0.9606376,-0.25386056
c_1_3_905,-0.79739195,-0.31931797
c_1_3_906,-1.1025693,-0.7737667
c_1_3_907,-0.3065805,-0.8362474
c_1_3_908,-0.9839313,-0.32894236
c_1_3_909,0.22948195,-0.14821567
c_1_3_910,-0.84036094,-0.9144943
c_1_3_911,-2.22722,-1.5526571
c_1_3_912,-0.07630327,-0.04867448
c_1_3_913,-1.2630732,2.0821497
c_1_3_914,-1.1351937,-0.5354862
c_1_3_915,-0.09769035,-0.95537186
c_1_3_916,0.5951042,-0.20130199
c_1_3_917,0.31341857,-1.5627967
c_1_3_918,-1.3870666,2.2256725
c_1_3_919,-0.95117897,2.0693672
c_1_3_920,-1.1096603,3.6355705
c_1_3_921,0.9899523,-0.44682583
c_1_3_922,-1.0952686,0.019740291
c_1_3_923,-0.516463,-0.29456994
c_1_3_924,-1.5360465,0.8912251
c_1_3_925,-0.8781321,-1.2884234
c_1_3_926,-1.3918248,7.0262074
c_1_3_927,1.3986238,0.57714486
c_1_3_928,-2.030084,-0.39196008
c_1_3_929,-2.4792407,6.0227556
c_1_3_930,-0.60552573,0.3684276
c_1_3_931,-0.43711236,0.48091045
c_1_3_932,-0.28625348,1.4745479
c_1_3_933,-1.2749614,0.10789346
c_1_3_934,-0.08518719,2.6158545
c_1_3_935,-0.6107109,-1.0060707
c_1_3_936,1.4104654,-0.08355389
c_1_3_938,-1.35004,-1.2034415
c_1_3_939,-0.8889784,-2.2371368
c_1_3_940,-1.9810424,-1.3574032
c_1_3_941,-0.93177956,-0.32002437
c_1_3_942,-0.26675245,2.3201647
c_1_3_943,-0.3941767,-0.6644628
c_1_3_944,-1.7829142,-0.27180552
c_1_3_945,-0.5126628,1.4271098
c_1_3_946,-1.6233537,-0.23162211
c_1_3_947,-1.6846982,0.5980334
c_1_3_948,0.023471033,-0.8205536
c_1_3_949,0.7417199,-1.089574
c_1_3_950,0.9097875,0.51126665
c_1_3_951,-0.91324997,-0.12665401
c_1_3_952,0.508478,-1.0456703
c_1_3_953,-2.8847864,0.06915428
c_1_3_954,-1.2740225,2.548341
c_1_3_956,-0.10857756,1.253755
c_1_3_957,-1.929833,2.0773141
c_1_3_958,-1.1689949,3.5231657
c_1_3_959,-0.81113595,-1.0770677
c_1_3_960,-0.089607924,-0.6552136
c_1_3_961,-0.22296308,0.8805748
c_1_3_962,-0.38028842,-0.2975646
c_1_3_963,-0.38540345,0.644045
c_1_3_964,1.9367828,-0.42579556
c_1_3_965,0.07498554,4.5156355
c_1_3_966,0.2739139,0.8419601
c_1_3_967,-0.02158978,-0.05537993
c_1_3_968,-0.3348595,-0.6211574
c_1_3_969,-1.8284216,2.8348482
c_1_3_970,-2.007289,2.628198
c_1_3_971,-0.35134962,-1.3952632
c_1_3_972,0.95424104,-0.3363523
c_1_3_973,-0.14572887,1.781539
c_1_3_974,-1.2408943,0.9509301
c_1_3_975,2.1598618,-0.025812637
c_1_3_976,-1.0880272,-0.73451227
c_1_3_977,-1.2739592,-1.3793957
c_1_3_978,0.6501138,0.5339293
c_1_3_979,-0.9861565,1.6526226
c_1_3_980,-1.4770743,1.1966379
c_1_3_981,-0.34737393,2.118424
c_1_3_982,1.3982984,0.7501141
c_1_3_983,-0.6582811,-2.4158406
c_1_3_984,0.1037029,-0.5121232
c_1_3_985,1.0265703,-1.2327008
c_1_3_986,-0.6986319,-0.3924679
c_1_3_987,-0.9297974,-2.055576
c_1_3_988,-0.8100663,-1.6267204
c_1_3_989,-1.2925212,-2.2231705
c_1_3_990,-1.7676082,-2.7510173
c_1_3_991,-0.92227095,0.92024845
c_1_3_992,-1.1671827,-1.2782668
c_1_3_993,-0.41567722,-2.2399888
c_1_3_994,-0.63546,-2.355338
c_1_3_995,-0.20015982,-0.7531321
c_1_3_996,0.97641665,-1.239397
c_1_3_997,-1.4128308,-0.4575911
c_1_3_998,-0.013404411,-1.2831494
c_1_3_999,3.1536708,1.2365822
c_1_3_1000,-0.7995436,-1.6452694
c_1_3_1001,-0.2625344,-1.4621403
c_1_3_1002,-0.6119087,-1.2177479
c_1_3_1003,-0.23484655,-0.7166239
c_1_3_1004,-0.2444998,-1.5183606
c_1_3_1005,0.14608742,0.9574496
c_1_3_1006,-0.66111887,1.2000431
c_1_3_1007,-0.39562306,1.3439311
c_1_3_1008,-1.1631349,-2.203847
c_1_3_1009,-0.048282243,0.49512196
c_1_3_1010,-0.03827394,0.8243304
c_1_3_1011,0.12666616,-0.43510127
c_1_3_1012,-0.8681941,-0.5291541
c_1_3_1013,-0.42595962,-1.0766191
c_1_3_1014,-1.1147852,1.0905528
c_1_3_1016,-0.77055925,5.587804
c_1_3_1017,1.021121,-0.47106615
c_1_3_1018,0.20913213,-0.7595853
c_1_3_1020,-0.96605295,-0.9306899
c_1_3_1021,-1.1126279,-0.5935469
c_1_3_1022,-1.6217859,6.121131
c_1_3_1023,-0.14821461,0.5150085
c_1_3_1024,-0.6298284,0.18441007
c_1_3_1025,-2.1420002,-2.115323
c_1_3_1026,-2.053723,-0.9525813
c_1_3_1027,0.45996127,-1.4419131
c_1_3_1028,-0.016657496,-1.1378899
c_1_3_1029,0.17199312,-0.47988868
c_1_3_1030,-0.71577644,-0.7058041
c_1_3_1031,-1.0030475,-0.67333555
c_1_3_1032,-0.9500558,-0.79144865
c_1_3_1033,0.66203934,-0.1360251
c_1_3_1034,-0.366844,2.174966
c_1_3_1035,-0.8577266,-0.18471582
c_1_3_1037,-1.6433085,-3.5438676
c_1_3_1038,-1.1347094,-1.1181768
c_1_3_1039,-0.27064475,-0.9553145
c_1_3_1040,-1.3304988,-0.49382198
c_1_3_1041,-1.453931,-1.9062046
c_1_3_1042,-1.5820243,4.224029
c_1_3_1043,-1.2317305,1.0489328
c_1_3_1044,-0.9222659,0.5937957
c_1_3_1045,0.036639627,-0.76316905
c_1_3_1046,-1.1014905,-0.66721904
c_1_3_1047,-0.7857401,1.7546483
c_1_3_1048,-1.0966123,3.4636767
c_1_3_1049,-0.15392655,1.7678763
c_1_3_1050,-1.5952573,2.7912679
c_1_3_1051,-1.9180646,-1.2906832
c_1_3_1052,-1.2825671,2.9893603
c_1_3_1053,-0.3504282,-0.5737633
c_1_3_1054,-0.44153214,-3.199915
c_1_3_1056,1.091449,-0.015450692
c_1_3_1057,-0.762163,2.1794207
c_1_3_1058,-1.632191,-0.40904197
c_1_3_1059,0.03442897,-0.7201472
c_1_3_1060,0.20560974,0.8906971
c_1_3_1061,-1.4644449,1.7194583
c_1_3_1062,0.16222349,-0.116354086
c_1_3_1063,-1.4290397,4.2915235
c_1_3_1064,-0.85473764,-0.8426792
c_1_3_1065,-1.4827116,-0.4967241
c_1_3_1066,-0.8243442,-1.459196
c_1_3_1067,-0.92415315,2.640068
c_1_3_1068,-1.8207715,-1.7256383
c_1_3_1069,-1.4877748,3.1960282
c_1_3_1070,-0.8294383,0.76215047
c_1_3_1071,0.52774554,-0.007935176
c_1_3_1072,-1.9428736,-0.4815299
c_1_3_1073,-0.0130768465,-0.3875461
c_1_3_1074,-0.7746464,-2.0111077
c_1_3_1075,-0.44890285,-1.1171823
c_1_3_1076,-1.8956016,-2.5798137
c_1_3_1077,0.94652975,1.3858751
c_1_3_1078,0.3673685,0.83383876
c_1_3_1079,-1.1731871,2.8786936
c_1_3_1080,1.4325489,-0.004590771
c_1_3_1081,-0.74064815,-0.9393545
c_1_3_1082,-1.9007957,3.7337272
c_1_3_1083,0.42561194,-0.37478784
c_1_3_1084,-1.5447457,-1.2521473
c_1_3_1085,0.49505708,0.22503965
c_1_3_1086,-1.5310994,0.6166336
c_1_3_1087,0.57777643,0.59117514
c_1_3_1088,-0.02070938,-1.0180496
c_1_3_1089,-0.69349355,-1.1712189
c_1_3_1090,-0.080133654,-0.25845757
c_1_3_1091,2.330436,-0.9487222
c_1_3_1092,-0.085151404,1.1084429
c_1_3_1093,-2.1453998,-2.0995486
c_1_3_1094,0.15908463,-1.3762606
c_1_3_1095,-0.78749937,1.1595283
c_1_3_1096,-1.9003193,-0.16340713
c_1_3_1097,-1.4942666,3.164831
c_1_3_1098,-1.2888371,-0.22339632
c_1_3_1099,-1.2820446,-2.6152372
c_1_3_1100,-1.6046313,-0.15344399
c_1_3_1101,-1.3102683,-2.0333192
c_1_3_1102,-1.0925632,2.1924832
c_1_3_1103,-1.1071483,-0.96993965
c_1_3_1104,0.16370575,-1.0888946
c_1_3_1105,-1.4956661,-1.6406157
c_1_3_1106,-1.0664479,-1.7723248
c_1_3_1107,-0.6752683,0.44649228
c_1_3_1108,-1.3322439,-1.2858989
c_1_3_1109,-0.9745267,1.6993734
c_1_3_1110,-0.9942731,-1.2421626
c_1_3_1111,-1.8835703,0.24253769
c_1_3_1112,-1.7737204,-0.69958234
c_1_3_1113,-1.0474095,-0.6822622
c_1_3_1114,-0.7012607,-1.2358978
c_1_3_1115,-1.4060316,-0.42386612
c_1_3_1116,-1.1347355,-0.7198141
c_1_3_1117,0.07767636,-0.72035927
c_1_3_1118,0.432109,-1.5135567
c_1_3_1119,-0.21617873,-0.43103108
c_1_3_1120,-1.0543184,-1.2075012
c_1_3_1121,-0.6717317,0.25011745
c_1_3_1122,-1.103911,0.44147357
c_1_3_1123,-1.7379005,-1.6363918
c_1_3_1124,1.1122168,0.5427707
c_1_3_1125,0.20532352,-0.4535278
c_1_3_1126,0.124011375,2.5851758
c_1_3_1127,-0.60090286,-1.4917593
c_1_3_1128,-0.27239978,0.06697409
c_1_3_1129,-0.14844912,-1.6274214
c_1_3_1130,-0.8018048,-0.9827187
c_1_3_1131,-0.8657468,2.7371697
c_1_3_1132,-1.8141392,-1.1175754
c_1_3_1133,-1.8856018,-3.019974
c_1_3_1134,-2.2254856,-1.7637782
c_1_3_1135,-1.7047255,-1.3988831
c_1_3_1136,-0.44028986,-1.7839503
c_1_3_1137,-1.6616164,1.8712015
c_1_3_1138,-0.8898381,-1.1902447
c_1_3_1139,-0.21973915,-1.731723
c_1_3_1140,-1.0709956,-0.17347178
c_1_3_1141,-1.9961302,-1.9083266
c_1_3_1142,-2.168401,-0.6531482
c_1_3_1143,-1.6086857,-1.059697
c_1_3_1144,-1.1915486,0.87479204
c_1_3_1145,-2.493513,-1.8990124
c_1_3_1146,-1.4149423,-1.7751986
c_1_3_1147,0.38904297,-1.1627716
c_1_3_1148,-1.4783516,0.9549834
c_1_3_1150,-0.8160273,-0.1888957
c_1_3_1151,0.055684667,1.3777037
c_1_3_1152,1.6498137,-1.2872517
c_1_3_1153,0.41971213,-1.5207201
c_1_3_1154,-1.9483349,3.4646046
c_1_3_1155,-1.629629,0.45929998
c_1_3_1156,-1.7489492,-2.4426746
c_1_3_1157,0.9027179,-1.6594799
c_1_3_1158,-1.3225203,-0.9295001
c_1_3_1159,0.32561576,-1.5123492
c_1_3_1160,-1.2936321,-1.2744182
c_1_3_1162,0.15312119,-0.5368625
c_1_3_1163,-0.13438699,-1.216973
c_1_3_1165,-1.8804976,4.6018214
c_1_3_1166,-0.2960572,-0.8625747
c_1_3_1167,-1.1549697,-0.35564783
c_1_3_1168,-0.8486493,-1.6170828
c_1_3_1169,0.822801,-1.305493
c_1_3_1170,-0.78046954,-0.478918
c_1_3_1171,-0.93477046,0.54489666
c_1_3_1172,-1.3498302,-0.24537483
c_1_3_1173,-0.8794026,-0.48466468
c_1_3_1174,-0.53785825,-1.8229432
c_1_3_1175,-0.98209506,-1.3852311
c_1_3_1176,-1.3318298,-1.0307875
c_1_3_1177,-0.7001857,1.5021105
c_1_3_1178,-2.6793935,-3.2809575
c_1_3_1179,-0.69229454,-0.5828723
c_1_3_1180,-0.19285233,0.32493952
c_1_3_1181,0.37537017,-0.5060625
c_1_3_1182,-1.2233554,0.90456975
c_1_3_1183,-1.4600096,-2.4082365
c_1_3_1184,-0.7206939,-0.8938905
c_1_3_1185,-2.2700107,-0.65752363
c_1_3_1186,1.0071844,2.075877
c_1_3_1187,2.400713,-0.4887452
c_1_3_1188,-1.4797268,0.479385
c_1_3_1189,-1.0121558,0.4112184
c_1_3_1190,-1.4083332,2.9184504
c_1_3_1191,-0.3649421,-0.188452
c_1_3_1192,-0.4706714,-2.3256242
c_1_3_1193,-1.3897399,-1.050802
c_1_3_1194,-0.28681156,-0.5967558
c_1_3_1195,0.2929695,0.89327985
c_1_3_1196,-0.8821659,-2.6854956
c_1_3_1197,-0.27688006,-0.5593617
c_1_3_1198,-1.7297482,-1.1679181
c_1_3_1199,0.31134462,-0.7419177
c_1_3_1200,-0.8789381,-0.4946129
c_1_3_1201,-2.2131472,-1.7033522
c_1_3_1202,-0.6574119,-0.5783161
c_1_3_1203,-0.90251905,-0.77463996
c_1_3_1204,-1.3717526,0.017372323
c_1_3_1205,-0.3829586,-1.1926335
c_1_3_1206,-1.5249286,-1.9555503
c_1_3_1207,-0.02585269,-0.40597653
c_1_3_1208,-0.07251156,-0.042674262
c_1_3_1209,-0.7383386,1.8382424
c_1_3_1210,-0.86410564,-1.0522158
c_1_3_1211,-0.6747637,1.6213452
c_1_3_1212,-1.6059564,0.59635574
c_1_3_1213,0.15935385,-1.8200078
c_1_3_1214,-1.7262374,-0.9896023
c_1_3_1215,0.4365047,0.02460763
c_1_3_1216,-1.3841639,-1.2377526
c_1_3_1217,-2.5827823,2.415302
c_1_3_1218,-1.6300505,-2.2435174
c_1_3_1219,-0.066912815,-0.8750771
c_1_3_1220,-0.6697571,1.1315386
c_1_3_1221,-0.90794563,-0.93682075
c_1_3_1222,-0.43434688,-0.0036021352
c_1_3_1223,-0.9265834,-0.09193696
c_1_3_1224,-0.97094697,-0.47835487
c_1_3_1225,0.021166157,1.5004274
c_1_3_1226,-1.2515779,0.74401957
c_1_3_1227,-1.129821,-1.5163152
c_1_3_1228,-1.0276805,-0.7673914
c_1_3_1229,-1.2028852,-0.117340624
c_1_3_1230,-0.79398,-1.7588619
c_1_3_1231,-0.9584693,3.10135
c_1_3_1232,-0.3642739,-0.016843168
c_1_3_1233,1.1061131,0.7316837
c_1_3_1234,-0.53175503,-1.4641308
c_1_3_1235,-1.1087776,-0.98991126
c_1_3_1236,-0.19773158,-0.8697368
c_1_3_1237,-0.35688475,-0.12476201
c_1_3_1238,0.6663608,1.3499084
c_1_3_1239,-1.7788792,0.7736352
c_1_3_1240,0.24298161,-0.522769
c_1_3_1241,-0.82503176,-1.1670961
c_1_3_1242,-1.420941,0.014187538
c_1_3_1243,-1.6960593,-1.6020095
c_1_3_1244,0.012279102,-0.5665762
c_1_3_1245,0.07707715,-0.33614516
c_1_3_1246,-0.927368,-0.2105538
c_1_3_1247,-1.2823102,-0.82730937
c_1_3_1248,-1.9895267,-0.24588217
c_1_3_1249,-0.7900438,1.0676383
c_1_3_1250,0.0033454765,-1.0256797
c_1_3_1251,-1.7735542,3.7889416
c_1_3_1252,-1.0066746,-0.5605567
c_1_3_1253,-1.3077646,3.9721804
c_1_3_1254,-1.8634884,2.1163588
c_1_3_1255,-0.37366685,-0.032074966
c_1_3_1256,-0.095098965,-0.95575434
c_1_3_1257,-1.1502907,0.04334321
c_1_3_1258,-1.0377002,1.6283169
c_1_3_1259,1.2738677,-0.06711938
c_1_3_1260,-0.69964606,-1.9834361
c_1_3_1261,-0.7942408,1.0132605
c_1_3_1262,-0.9166972,-0.933435
c_1_3_1263,-0.32217693,-1.1850863
c_1_3_1264,-0.3098374,-1.066825
c_1_3_1265,-0.030349974,0.3661739
c_1_3_1266,-1.3258128,0.4483484
c_1_3_1267,-0.3916034,0.49062312
c_1_3_1268,0.8621627,-0.20215212
c_1_3_1269,1.5416493,-0.29087114
c_1_3_1271,-0.9739323,-2.6205554
c_1_3_1272,-1.6767763,-1.4279668
c_1_3_1273,-1.9385271,0.06415546
c_1_3_1274,-1.0252368,-1.0259134
c_1_3_1275,-0.7200006,-0.1884639
c_1_3_1276,-0.43771031,-0.1836001
c_1_3_1277,0.28889683,0.96026284
c_1_3_1278,-1.8585417,0.7044513
c_1_3_1279,-0.17578751,0.11840982
c_1_3_1280,-1.1577832,0.009105754
c_1_3_1281,0.81393725,-1.1102582
c_1_3_1282,-0.7349058,0.4647885
c_1_3_1283,-1.0043585,-0.10208061
c_1_3_1284,-0.59048635,3.3015563
c_1_3_1285,0.66599053,-0.5335405
c_1_3_1286,1.3945055,-0.6487002
c_1_3_1287,-0.94713116,1.0254111
c_1_3_1288,-0.22033736,1.0981061
c_1_3_1289,-0.8345553,4.7428994
c_1_3_1290,-1.5791688,-0.11489193
c_1_3_1291,-0.14639835,-0.7357221
c_1_3_1292,0.56063044,-0.57732487
c_1_3_1293,-1.4053689,3.731462
c_1_3_1294,-0.9876988,1.8379687
c_1_3_1295,-1.0399715,-0.3674869
c_1_3_1296,-0.8044121,1.0266348
c_1_3_1297,0.020648828,0.6637438
c_1_3_1298,1.0221671,0.21952513
c_1_3_1299,-2.0652628,-1.4793143
c_1_3_1300,0.0940581,-1.8016545
c_1_3_1301,-0.7120379,2.348595
c_1_3_1302,-0.9702304,0.17077485
c_1_3_1303,-1.0172229,1.2755961
c_1_3_1304,-1.2756978,2.3577101
c_1_3_1305,-0.42809522,-0.11166312
c_1_3_1306,-0.03436128,2.3245847
c_1_3_1307,-2.6855268,0.2113449
c_1_3_1308,1.5147057,-0.13719666
c_1_3_1309,-1.4378978,-1.1199236
c_1_3_1310,-0.81745535,-0.645007
c_1_3_1311,-1.0248001,-1.9061869
c_1_3_1312,-0.30277777,-1.1606252
c_1_3_1313,-0.60059017,-0.31328753
c_1_3_1314,-1.5823666,0.84136426
c_1_3_1315,-1.2281501,-0.2801371
c_1_3_1316,-1.5991743,-0.34696788
c_1_3_1317,-1.0608069,-0.14922136
c_1_3_1318,-0.065901466,-1.2538606
c_1_3_1319,-0.43882215,-0.8469073
c_1_3_1320,-1.1603335,1.9770355
c_1_3_1321,-0.63271266,-1.8513143
c_1_3_1322,-1.3933913,1.9011884
c_1_3_1323,-0.7366056,-0.9035352
c_1_3_1324,-0.5794819,-2.361492
c_1_3_1325,-0.33556554,0.072421424
c_1_3_1326,-0.5117748,1.3792331
c_1_3_1327,-0.85717255,-0.7070787
c_1_3_1328,-0.9621517,-0.04387239
c_1_3_1329,-1.5029192,-0.84192705
c_1_3_1330,-0.53809756,2.3123636
c_1_3_1331,-1.2453768,-0.28938776
c_1_3_1332,-1.2179637,-0.5627742
c_1_3_1333,-1.3356657,-1.1890967
c_1_3_1334,-1.4541726,0.2869227
c_1_3_1335,-1.1568866,-0.12861845
c_1_3_1336,-0.71123934,0.4667869
c_1_3_1337,-0.8440655,0.74304366
c_1_3_1338,-1.0177951,-0.09693216
c_1_3_1339,-1.0570438,-0.9681614
c_1_3_1340,-0.6576703,1.0479145
c_1_3_1341,0.6722903,-0.022084408
c_1_3_1342,-1.8479947,2.1164274
c_1_3_1343,-0.045509923,0.08663713
c_1_3_1344,-1.3064246,1.0038656
c_1_3_1345,-1.357773,0.870298
c_1_3_1346,-0.7133033,-0.35573754
c_1_3_1347,0.91994476,0.9579414
c_1_3_1348,-0.90377414,0.53792465
c_1_3_1349,-1.1087844,1.4273864
c_1_3_1350,1.0635055,1.3865242
c_1_3_1351,-2.0087225,0.47774178
c_1_3_1352,-1.5973557,-2.0807345
c_1_3_1353,-0.05731299,0.92778444
c_1_3_1354,-0.6685051,2.0971806
c_1_3_1355,0.93097126,0.18250713
c_1_3_1356,-0.4004974,-0.73887676
c_1_3_1357,-0.39539972,0.015291977
c_1_3_1358,-1.6429862,0.3333578
c_1_3_1359,-0.19327933,-0.1893168
c_1_3_1360,-0.16943876,-0.018983413
c_1_3_1361,-1.0882335,-1.3460377
c_1_3_1362,-0.59794897,1.8892086
c_1_3_1363,-1.0007671,1.2034159
c_1_3_1364,-0.7485913,-1.2120343
c_1_3_1365,-1.1071599,-0.93029433
c_1_3_1366,-0.4186643,-0.72045106
c_1_3_1367,0.0031208848,-0.7967628
c_1_3_1368,-0.386933,0.4553262
c_1_3_1369,-1.2377326,-0.02650252
c_1_3_1370,-1.6365494,0.6403844
c_1_3_1371,-0.26464996,1.7543347
c_1_3_1372,-1.8832262,-1.1098442
c_1_3_1373,0.30927935,1.1485204
c_1_3_1374,-1.920286,0.012941132
c_1_3_1375,-0.68015605,0.9577198
c_1_3_1376,-0.73405206,-0.22218679
c_1_3_1377,0.6223992,0.24070157
c_1_3_1378,-1.2193494,-0.63776076
c_1_3_1379,-1.8826326,-1.0164566
c_1_3_1380,-0.659238,1.8195857
c_1_3_1382,-0.46749666,-0.73022753
c_1_3_1383,-1.0431199,-1.536378
c_1_3_1384,-1.0909714,-1.2763313
c_1_3_1385,-1.4030273,-0.48274887
c_1_3_1386,-0.9364032,-0.6087648
c_1_3_1387,-0.69442296,0.13255598
c_1_3_1388,-0.728436,-1.8043392
c_1_3_1389,-1.5355648,-0.2065503
c_1_3_1390,-1.4248542,0.61679983
c_1_3_1391,-0.4188638,-0.766828
c_1_3_1392,-1.2386549,-0.56280905
c_1_3_1393,-1.0209621,-0.41247502
c_1_3_1394,-0.84048563,-0.6435415
c_1_3_1395,-1.3885838,0.5003423
c_1_3_1396,-1.2473094,0.016576093
c_1_3_1397,1.625471,-0.3597586
c_1_3_1398,-1.8583612,2.3318138
c_1_3_1399,-0.4612035,0.5991708
c_1_3_1400,1.6081452,1.1072615
c_1_3_1402,-0.41978443,-1.0794288
c_1_3_1403,-1.6662704,-0.0612384
c_1_3_1404,-0.9978874,0.005515689
c_1_3_1405,-1.354422,-0.8712658
c_1_3_1406,-1.4289345,-1.7678627
c_1_3_1407,-0.6096999,-1.0906202
c_1_3_1408,-0.75166094,1.9576418
c_1_3_1409,-1.3877233,-0.056564823
c_1_3_1410,-1.8256859,-1.2046531
c_1_3_1411,-0.6063798,-0.9594027
c_1_3_1412,-1.5925927,-0.3863782
c_1_3_1413,-1.3673131,-1.5019594
c_1_3_1414,-0.89233935,-0.26999372
c_1_3_1415,0.3946726,-0.5503045
c_1_3_1416,-0.590346,-0.05263041
c_1_3_1417,-0.65387565,-0.69103205
c_1_3_1418,-0.9261226,0.32241002
c_1_3_1419,-0.4077918,-0.22732617
c_1_3_1420,-0.094630934,-0.25084636
c_1_3_1421,-1.2961252,2.5526881
c_1_3_1422,1.0794259,-0.80355436
c_1_3_1423,-1.163964,-0.33339435
c_1_3_1424,-2.0201404,-1.5792722
c_1_3_1425,-1.0652632,-0.8058885
c_1_3_1426,-1.2701176,0.106244825
c_1_3_1427,0.42496344,-0.28414017
c_1_3_1428,-1.3468448,-0.43844694
c_1_3_1429,-0.6418926,-0.46647754
c_1_3_1430,0.030014751,-0.8306209
c_1_3_1431,-2.4697008,-0.036323663
c_1_3_1432,-0.83759654,1.542377
c_1_3_1433,-1.0459615,0.28122935
c_1_3_1434,-1.4675264,0.88759065
c_1_3_1435,-1.1973852,0.190131
c_1_3_1436,0.6141011,-0.8098234
c_1_3_1437,-0.96614385,1.8955008
c_1_3_1438,-0.763201,0.022518357
c_1_3_1439,-1.2301377,-0.8160415
c_1_3_1440,-1.7096249,0.4503811
c_1_3_1441,-1.077179,1.9744508
c_1_3_1442,-0.8682512,-0.08845204
c_1_3_1443,-1.6567608,-0.95727515
c_1_3_1444,-1.3693724,-0.36835438
c_1_3_1445,-1.2658237,-0.45293406
c_1_3_1446,-0.728789,0.89472413
c_1_3_1447,-1.1778644,0.09050332
c_1_3_1448,0.6067553,1.5621946
c_1_3_1449,-0.82507515,-0.08752161
c_1_3_1450,-0.5290858,0.016077764
c_1_3_1451,-0.6751832,-0.54112387
c_1_3_1452,-0.38756227,-0.7133111
c_1_3_1453,-1.7551569,0.3014489
c_1_3_1454,-1.8219291,-1.0499424
c_1_3_1455,-0.5421476,1.1278286
c_1_3_1456,-2.1269083,1.1156106
c_1_3_1457,0.32456708,1.4388342
c_1_3_1458,-1.1047583,-0.21276876
c_1_3_1459,0.34262356,-0.0023271688
c_1_3_1460,-0.9295309,-0.8036897
c_1_3_1461,-0.89400584,0.07540011
c_1_3_1464,-1.5926574,-0.12871173
c_1_3_1465,-0.071335524,-0.15234247
c_1_3_1466,-1.1869926,-0.76652163
c_1_3_1467,-1.7486675,-0.46107385
c_1_3_1468,-1.7483938,-1.3599484
c_1_3_1469,-0.860079,-0.027291238
c_1_3_1470,-1.5854225,-0.4591304
c_1_3_1471,0.1582126,-0.81450087
c_1_3_1472,-1.3897583,-0.0030381589
c_1_3_1474,-0.5490581,-0.74780595
c_1_3_1475,-1.9057032,-0.36110067
c_1_3_1476,0.30887294,-1.0444015
c_1_3_1477,-0.6779812,0.14267415
c_1_3_1478,-0.50379103,0.36846885
c_1_3_1479,-1.2902414,-0.66744787
c_1_3_1480,-1.8220829,0.32986438
c_1_3_1481,-0.6010689,0.34097177
c_1_3_1482,-1.6248068,0.6342861
c_1_3_1483,-1.5262783,0.9999863
c_1_3_1484,-0.8236246,-1.4522719
c_1_3_1485,-1.0053777,0.011089105
c_1_3_1486,-0.56265604,-0.81389546
c_1_3_1487,-1.4120607,-0.23663364
c_1_3_1488,-1.0989918,1.7758553
c_1_3_1489,0.065847546,0.32204837
c_1_3_1490,0.18266396,-0.40949792
c_1_3_1491,-0.19166319,-0.39428592
c_1_3_1492,-1.4586627,0.14942785
c_1_3_1493,0.19065154,0.0766489
c_1_3_1494,-0.41290748,-1.1324012
c_1_3_1495,-1.3876346,-1.7550719
c_1_3_1496,-0.20725419,-0.10584085
c_1_3_1497,-0.71409076,-0.86012024
c_1_3_1498,-1.6404634,-0.06697669
c_1_3_1499,-1.4006071,1.3330705
c_1_3_1500,-0.95296764,-0.7019637
c_1_3_1501,-0.79584664,-1.6020812
c_1_3_1502,-0.51773804,-1.6591768
c_1_3_1503,-2.3984244,0.35624504
c_1_3_1504,-0.7776397,0.41577247
c_1_3_1505,-0.9553395,-0.982635
c_1_3_1506,-0.10319707,1.4290842
c_1_3_1507,-0.22446759,-1.0910785
c_1_3_1508,-0.44881758,2.077474
c_1_3_1509,-1.2654977,0.32957873
c_1_3_1510,-0.89216435,-0.15198474
c_1_3_1511,-1.642216,-1.210838
c_1_3_1512,-1.7449006,3.034124
c_1_3_1513,-0.31807575,-0.048911236
c_1_3_1514,-1.9174042,-0.54446614
c_1_3_1515,0.66153085,2.4377184
c_1_3_1516,-1.3200585,-1.0970334
c_1_3_1517,-1.0851794,0.41240537
c_1_3_1518,-1.2962639,-2.3714767
c_1_3_1519,-0.4248937,-0.10967349
c_1_3_1520,-1.6150073,2.2565956
c_1_3_1521,-1.9012483,-0.49509832
c_1_3_1522,0.025485715,-0.80756253
c_1_3_1523,-0.6878535,-1.030392
c_1_3_1524,0.2806855,-0.5645568
c_1_3_1525,-1.639348,-0.7753017
c_1_3_1526,-1.0900455,0.8685267
c_1_3_1527,-0.8905241,-1.3978118
c_1_3_1528,-1.6745961,-0.2132712
c_1_3_1529,-1.8437036,-2.3755999
c_1_3_1530,-3.0758853,-2.0536761
c_1_3_1531,-2.078451,-0.8605157
c_1_3_1532,-0.47097352,0.2735361
c_1_3_1533,1.3466132,-1.816533
c_1_3_1534,-1.5154154,-0.2400145
c_1_3_1535,-0.18671308,-1.076761
c_1_3_1536,1.078022,0.14002235
c_1_3_1537,-0.9669544,-1.278231
c_1_3_1538,1.2208016,-0.4874859
c_1_3_1539,-1.262173,0.04100266
c_1_3_1540,-0.35303807,-0.16462186
c_1_3_1541,-1.3821468,-0.5360759
c_1_3_1542,-1.2414981,1.1587894
c_1_3_1543,-0.06762693,-0.5843293
c_1_3_1544,-1.3465053,-0.6605233
c_1_3_1545,-0.39080974,-1.3406968
c_1_3_1546,-1.0126765,-0.95462704
c_1_3_1547,-1.1298028,0.5778721
c_1_3_1549,-0.98131716,0.58414227
c_1_3_1550,-1.7896762,0.77703214
c_1_3_1551,-0.739768,-0.51316494
c_1_3_1552,0.43857607,1.2118512
c_1_3_1553,-0.29498616,-0.9818466
c_1_3_1554,0.93043333,0.47334832
c_1_3_1555,-1.4585992,1.1228505
c_1_3_1556,-0.1387445,-0.5878254
c_1_3_1558,-1.408089,0.1575455
c_1_3_1559,-0.71325016,-0.04445953
c_1_3_1560,-0.24238104,0.2933698
c_1_3_1561,-1.4599705,-0.440225
c_1_3_1562,-1.6895078,-0.67640495
c_1_3_1563,-1.4252851,-0.30503905
c_1_3_1564,-2.247436,-1.2198317
c_1_3_1565,-1.7413288,0.21340004
c_1_3_1566,-2.4639928,-2.1949267
c_1_3_1567,-1.8565847,0.10898101
c_1_3_1568,-1.4635448,-0.40110222
c_1_3_1569,-1.6203394,-1.1103363
c_1_3_1570,-0.83628833,0.31487492
c_1_3_1572,-0.858752,0.069375314
c_1_3_1573,-1.7076192,-0.28341913
c_1_3_1575,-1.0797502,0.36667442
c_1_3_1576,-1.5163399,-0.8202522
c_1_3_1577,-0.010962131,-0.41635996
c_1_3_1578,-0.6077121,0.21540351
c_1_3_1579,-1.6435483,-0.07778072
c_1_3_1580,-0.6834694,-0.2190478
c_1_3_1581,-1.2967923,-0.5684828
c_1_3_1582,-0.93597364,-0.8546219
c_1_3_1583,-0.8787046,-0.249733
c_1_3_1584,-0.95177007,0.23320033
c_1_3_1585,-0.70617265,-0.28137854
c_1_3_1586,-2.0478146,-0.42445168
c_1_3_1587,-0.37387365,0.14178933
c_1_3_1588,-0.60437024,0.596522
c_1_3_1589,-1.0439835,0.7126717
c_1_3_1590,-0.9943579,2.1278949
c_1_3_1591,-1.2032988,1.773007
c_1_3_1592,-0.07040984,0.27839682
c_1_3_1593,-1.1536368,-1.0253044
c_1_3_1595,-0.89100397,0.2194504
c_1_3_1596,-0.07014889,-1.1310958
c_1_3_1597,-0.4347988,-0.03056411
c_1_3_1598,-0.16650377,-0.087746374
c_1_3_1599,-1.0130697,2.5751023
c_1_3_1600,0.41793305,-0.16526331
c_1_3_1601,-1.3493577,-0.5417823
c_1_3_1602,-1.5054395,-0.72917217
c_1_3_1603,-2.0020823,0.4455638
c_1_3_1604,-1.2020986,-0.4591575
c_1_3_1605,-0.4817087,-1.1758724
c_1_3_1606,-1.4886124,-1.104831
c_1_3_1607,-1.427139,-1.1318727
c_1_3_1608,1.6716354,0.3391968
c_1_3_1609,-1.6205921,-1.3419621
c_1_3_1610,0.09089717,-0.42935848
c_1_3_1611,-1.2827519,-0.025498137
c_1_3_1612,-0.21273208,0.100804515
c_1_3_1613,-0.82827586,-0.9910792
c_1_3_1614,-1.7861387,-0.57524866
c_1_3_1615,1.2529945,-0.3840681
c_1_3_1616,-1.1163749,-0.15165177
c_1_3_1617,0.9892643,-0.15536475
c_1_3_1618,-1.4976083,0.6783515
c_1_3_1619,-1.9950467,-0.9489712
c_1_3_1620,-0.1638408,-1.6964861
c_1_3_1621,-0.35016516,-0.06504843
c_1_3_1622,-1.303969,-0.22727396
c_1_3_1623,-0.89355516,-1.5085045
c_1_3_1624,-1.5110761,-0.2849034
c_1_3_1625,-0.25119358,-0.0863747
c_1_3_1626,-0.33829942,-0.7735625
c_1_3_1627,-0.72732,0.2898547
c_1_3_1628,0.017360624,-0.46887884
c_1_3_1629,0.50859785,0.9491498
c_1_3_1630,-0.88890547,-0.3518804
c_1_3_1631,-0.23759452,0.17977315
c_1_3_1632,-2.6557434,-0.6498053
c_1_3_1633,-0.5169559,1.233726
c_1_3_1634,0.81491756,1.1882755
c_1_3_1635,-2.059325,-0.450904
c_1_3_1636,-1.8152832,-2.1104102
c_1_3_1637,-0.9058626,-0.5864899
c_1_3_1638,-0.652008,0.67822254
c_1_3_1640,-0.9388302,-0.8381558
c_1_3_1641,-1.2036512,-0.9268535
c_1_3_1642,-0.8510835,-0.5236499
c_1_3_1643,-1.2426285,-0.034343336
c_1_3_1644,-0.29356605,-0.6747142
c_1_3_1645,-1.6391757,0.27477133
c_1_3_1646,1.3279892,0.24345899
c_1_3_1647,0.15650362,-0.78792447
c_1_3_1648,-1.2856742,-1.3507687
c_1_3_1649,-1.2205452,-1.4255393
c_1_3_1650,-1.3240299,-0.8969526
c_1_3_1651,-1.3299814,0.3419359
c_1_3_1652,-1.2626612,-1.2858491
c_1_3_1653,-0.82892716,0.86576957
c_1_3_1654,-0.20302132,-2.010142
c_1_3_1655,-0.91856295,-0.96015376
c_1_3_1656,-0.5227028,-1.4306834
c_1_3_1657,-0.21062002,-0.76667833
c_1_3_1659,-1.1097889,0.40924612
c_1_3_1660,-1.0210309,-0.6725558
c_1_3_1661,1.360474,-0.23720397
c_1_3_1662,-0.75140035,-0.5958768
c_1_3_1663,-1.0883487,1.4681472
c_1_3_1664,-1.0699806,-0.06264215
c_1_3_1666,-1.4400483,0.9963861
c_1_3_1667,-1.1485698,-0.3804264
c_1_3_1668,-1.8025893,0.032221965
c_1_3_1669,-1.5550303,-0.9151888
c_1_3_1670,-0.37287474,0.60714996
c_1_3_1671,-1.9820313,-0.122282214
c_1_3_1672,-0.6732002,0.5232012
c_1_3_1673,-0.8234727,1.967078
c_1_3_1675,-0.37178788,1.2178789
c_1_3_1677,-2.053945,-2.5967698
c_1_3_1678,-0.057435382,0.08110508
c_1_3_1679,-0.4580767,-0.012934296
c_1_3_1680,-0.7045714,1.1315912
c_1_3_1681,-1.0801997,-0.58226097
c_1_3_1682,0.079420306,-0.44221857
c_1_3_1683,-0.32477644,-0.81312245
c_1_3_1684,-0.28032264,1.4899646
c_1_3_1685,-1.348836,-1.418073
c_1_3_1686,-2.0632677,-1.652434
c_1_3_1687,-0.010734695,-0.4279109
c_1_3_1688,-1.1498584,-0.2048189
c_1_3_1689,-1.0141165,0.30972278
c_1_3_1691,-2.1627471,1.5929066
c_1_3_1692,-0.9252308,0.20302613
c_1_3_1694,-0.014276468,-1.7481294
c_1_3_1695,-0.7333502,-0.62353224
c_1_3_1696,-0.59277976,-0.6108746
c_1_3_1697,-1.2543147,-2.0172408
c_1_3_1698,-0.7866897,-0.71348774
c_1_3_1699,-1.5015337,-0.5101462
c_1_3_1700,0.50440174,-0.23123547
c_1_3_1701,-1.573155,-0.80618733
c_1_3_1702,-0.10939404,-0.08492104
c_1_3_1703,-1.328758,-0.82032746
c_1_3_1704,-1.2280024,0.42000458
c_1_3_1705,-1.8701682,-0.4129588
c_1_3_1706,-1.343658,-0.46053818
c_1_3_1707,-0.55312186,-0.66289765
c_1_3_1708,-1.2453892,0.24199767
c_1_3_1709,-1.2955774,-0.46431845
c_1_3_1710,-0.5677972,-0.10103797
c_1_3_1711,-1.5095198,0.49782437
c_1_3_1712,-0.86683315,1.4122462
c_1_3_1713,-0.7253734,-0.29813942
c_1_3_1714,-1.4898018,-0.0754387
c_1_3_1716,-0.1088231,-0.37455213
c_1_3_1717,-1.9066963,2.6863658
c_1_3_1718,-1.2398317,-0.71770406
c_1_3_1719,-1.2090917,0.4364494
c_1_3_1720,-2.2006102,-0.30324122
c_1_3_1721,-1.0110784,-0.8139834
c_1_3_1722,0.7230596,0.15721625
c_1_3_1723,0.37673694,0.3199624
c_1_3_1724,-0.33436635,1.4336171
c_1_3_1725,-1.4501574,0.4179062
c_1_3_1726,-1.3811284,-0.5770619
c_1_3_1727,-1.0535372,-0.77278566
c_1_3_1728,-1.0727363,-0.23850325
c_1_3_1729,-0.09275185,0.24555995
c_1_3_1730,0.604142,-0.31248555
c_1_3_1731,0.46026397,-0.62585473
c_1_3_1732,-1.4418133,-2.4026136
c_1_3_1733,-0.8809395,-0.4463782
c_1_3_1734,-1.0463916,0.93151224
c_1_3_1735,-0.43195075,-0.3702341
c_1_3_1736,-1.3708105,1.184118
c_1_3_1737,-0.80123216,0.013137349
c_1_3_1738,-0.49901456,-0.95386434
c_1_3_1739,-0.97417283,-0.0900682
c_1_3_1740,-1.6396139,-0.358527
c_1_3_1741,-0.3027725,-0.01081852
c_1_3_1742,-0.39645487,0.77502364
c_1_3_1743,-0.59136415,-1.781747
c_1_3_1744,-1.4884628,-0.04005088
c_1_3_1745,-0.6462751,1.3632548
c_1_3_1746,-0.9347407,1.7391675
c_1_3_1748,-0.8722641,-0.55347335
c_1_3_1749,-1.8750894,-1.1585162
c_1_3_1750,-0.62110204,-0.80323905
c_1_3_1751,-0.7401119,-0.19140641
c_1_3_1752,-1.6142061,-0.358562
c_1_3_1753,-1.762991,0.24539967
c_1_3_1754,-1.5332845,1.7131634
c_1_3_1755,-0.27520224,-0.64780104
c_1_3_1756,-0.8321426,-0.29381195
c_1_3_1757,-1.4007877,-0.062312264
c_1_3_1758,-1.4086518,-0.25807697
c_1_3_1759,-0.81880826,-1.4575438
c_1_3_1760,-0.06453329,-1.5981954
c_1_3_1761,-1.8408972,-1.3118118
c_1_3_1762,-1.0983815,-0.3005
c_1_3_1763,-1.2205298,-0.48663706
c_1_3_1765,-1.5300779,-0.30798545
c_1_3_1766,-1.7764469,0.09803396
c_1_3_1767,-1.0181528,-0.34411788
c_1_3_1768,-1.9606261,-1.9024612
c_1_3_1769,-0.44771695,-0.70460844
c_1_3_1770,-1.0288225,0.6591562
c_1_3_1771,-1.8830776,-0.5999025
c_1_3_1772,0.6873217,0.5240878
c_1_3_1773,-1.365752,0.14202131
c_1_3_1774,0.33826068,-0.7870182
c_1_3_1775,-1.0744213,2.3991253
c_1_3_1776,-1.4924502,-1.0853229
c_1_3_1777,-1.228879,-1.279911
c_1_3_1778,0.6607551,0.013202049
c_1_3_1779,0.17245473,0.0023552882
c_1_3_1780,-1.1444876,-0.1077256
c_1_3_1781,-2.0900462,2.7653987
c_1_3_1782,-0.9776187,-0.22174604
c_1_3_1783,0.594929,-0.25423414
c_1_3_1784,0.45018634,-0.080160215
c_1_3_1785,-0.7889635,-0.7002162
c_1_3_1786,-1.1448829,-0.26759276
c_1_3_1787,-1.892104,1.036393
c_1_3_1788,-0.44540343,-0.30452853
c_1_3_1789,-1.1716862,0.16533664
c_1_3_1790,-2.1274402,-1.5918908
c_1_3_1791,0.06608549,-0.9950371
c_1_3_1792,-1.4094639,0.04825634
c_1_3_1793,-1.0553625,0.46026668
c_1_3_1794,-1.2688752,0.79886436
c_1_3_1795,-1.5087708,-0.5167867
c_1_3_1796,-0.634755,-0.35208967
c_1_3_1797,-1.501115,0.62126994
c_1_3_1798,1.0959933,4.22386
c_1_3_1799,-0.17578112,-0.40247935
c_1_3_1800,-1.2587765,-1.3011379
c_1_3_1801,-1.0690074,-1.0406187
c_1_3_1802,-0.67078924,0.20390451
c_1_3_1803,-1.0782282,2.5964634
c_1_3_1804,-1.8616371,-0.8668204
c_1_3_1805,-1.2754725,2.9924843
c_1_3_1806,0.46716648,1.0645676
c_1_3_1807,-2.1309695,-1.0660849
c_1_3_1808,0.14709137,2.8447733
c_1_3_1809,-0.35836914,-1.6307638
c_1_3_1810,-1.3993628,-1.4470938
c_1_3_1811,-1.403286,-0.21351376
c_1_3_1812,-0.26362807,0.1267876
c_1_3_1813,0.448955,-0.76354915
c_1_3_1814,0.50087804,-0.718438
c_1_3_1815,-1.3931022,-0.041427158
c_1_3_1816,-0.9580471,-0.8372424
c_1_3_1817,-1.2708681,0.39278814
c_1_3_1818,0.06573748,2.8516054
c_1_3_1819,-1.2281964,-0.53388184
c_1_3_1820,-0.60062677,2.6301174
c_1_3_1821,-1.2430952,1.4257456
c_1_3_1822,2.1601374,-0.1160298
c_1_3_1823,-1.3216747,-0.74513125
c_1_3_1824,-0.05113891,-0.66403884
c_1_3_1825,-1.1242998,0.05449805
c_1_3_1826,-1.5100298,4.5844045
c_1_3_1827,-0.6496663,-1.0586706
c_1_3_1828,-1.1695825,4.7851796
c_1_3_1829,-1.572113,2.550009
c_1_3_1830,-0.13197634,1.5981896
c_1_3_1832,-1.0833173,-0.17490947
c_1_3_1833,-1.1193975,0.25470543
c_1_3_1834,-0.8352147,2.0241284
c_1_3_1835,0.9357866,-0.9573947
c_1_3_1836,0.9992173,1.1423879
c_1_3_1837,2.2190068,0.64169675
c_1_3_1838,-0.20156358,-1.7418269
c_1_3_1839,0.027320825,0.26457983
c_1_3_1840,-3.1526647,-1.0748129
c_1_3_1841,-0.9490078,0.031792123
c_1_3_1842,-0.6252685,-0.23266551
c_1_3_1843,-0.67638034,1.6200622
c_1_3_1844,-2.3326619,0.39012796
c_1_3_1845,-1.0005363,-0.21298435
c_1_3_1846,-0.94213104,-0.19293779
c_1_3_1847,-0.4276674,1.4062203
c_1_3_1848,-0.5398813,0.20454086
c_1_3_1849,-1.6336197,2.8968277
c_1_3_1850,-1.9513067,3.0533397
c_1_3_1851,-1.0869424,-0.6666095
c_1_3_1852,-0.96797556,3.77947
c_1_3_1853,-2.0811555,-0.80588937
c_1_3_1854,-1.6262262,-0.2174411
c_1_3_1855,-1.2219661,1.9050474
c_1_3_1856,-1.1805491,-0.6098546
c_1_3_1857,-1.3430307,0.6930047
c_1_3_1858,-0.15480939,0.5833225
c_1_3_1859,-0.88045996,-0.18540154
c_1_3_1860,-0.58688134,5.2436614
c_1_3_1861,-1.2009932,-1.6591365
c_1_3_1862,-1.3530214,0.19295213
c_1_3_1863,-0.20738462,-0.56050885
c_1_3_1864,-1.2490629,-0.9029545
c_1_3_1865,-1.347762,-0.5964257
c_1_3_1866,-1.3521739,3.0720494
c_1_3_1867,0.08923327,-0.12276275
c_1_3_1868,0.1238236,-0.14322683
c_1_3_1869,0.96955216,0.96357644
c_1_3_1870,-0.14819682,1.3234757
c_1_3_1871,-0.63828945,3.1203742
c_1_3_1872,-0.9892954,-0.355573
c_1_3_1873,-0.43782857,-0.17907721
c_1_3_1874,-0.7755452,-1.2127535
c_1_3_1875,-0.54673976,-0.5024066
c_1_3_1876,1.0016032,-0.22901224
c_1_3_1877,0.313467,-0.3953184
c_1_3_1880,0.028881794,0.115620576
c_1_3_1881,-1.1101514,6.261928
c_1_3_1882,-0.5997535,0.036410715
c_1_3_1883,0.40382266,-0.12294847
c_1_3_1884,0.16164364,-0.80418634
c_1_3_1885,0.22870584,-1.1008122
c_1_3_1886,0.97415876,-0.50255847
c_1_3_1887,-0.6514171,-1.6239386
c_1_3_1888,-0.29581985,1.2188594
c_1_3_1889,0.74559206,-0.7992331
c_1_3_1890,-0.9126117,-0.3566576
c_1_3_1891,-1.2734523,0.09964016
c_1_3_1892,0.68152946,-0.06720363
c_1_3_1893,-0.86143595,-2.0278082
c_1_3_1894,-1.81693,1.2731061
c_1_3_1895,-1.5172286,-1.9545826
c_1_3_1896,-1.722859,0.5950983
c_1_3_1897,1.7395709,-0.20681421
c_1_3_1898,1.3535093,-0.25406778
c_1_3_1899,-0.9296651,-1.7481031
c_1_3_1900,1.108262,1.1289885
c_1_3_1901,-0.8261438,2.2781518
c_1_3_1902,-0.8246334,0.4762295
c_1_3_1903,-1.4713943,2.4019248
c_1_3_1904,0.8555748,0.05050082
c_1_3_1905,-0.8174304,-0.4801549
c_1_3_1906,-0.90119207,1.6292655
c_1_3_1907,-1.4916607,2.7765384
c_1_3_1908,0.07004582,-0.36542478
c_1_3_1909,0.10747697,0.8604645
c_1_3_1910,-1.2445625,-1.3585559
c_1_3_1911,-0.18130048,-0.013920408
c_1_3_1913,1.1832279,-1.4651877
c_1_3_1914,1.0530723,0.054152723
c_1_3_1915,-1.7360064,-0.8680268
c_1_3_1916,-0.83937186,3.1661925
c_1_3_1917,-0.74512017,-1.7206236
c_1_3_1918,-0.42133614,-0.45496836
c_1_3_1919,0.52585226,-1.0785359
c_1_3_1920,-0.9774823,0.69299096
c_1_3_1921,-1.3361462,3.4589133
c_1_3_1922,-1.4057927,-0.46568382
c_1_3_1923,-0.8190924,0.056122098
c_1_3_1924,-1.3505071,4.366147
c_1_3_1925,-0.73008657,0.26015338
c_1_3_1926,-2.0036917,1.6151477
c_1_3_1927,-1.1473641,4.002233
c_1_3_1928,0.24518886,-0.98899156
c_1_3_1929,0.3276985,-1.7761889
c_1_3_1930,0.31725505,0.06232595
c_1_3_1931,-0.091110736,-0.3224146
c_1_3_1932,-0.6535435,-0.880656
c_1_3_1933,-0.5815057,-2.6919806
c_1_3_1934,1.0802222,0.82735527
c_1_3_1935,-1.3244696,3.819578
c_1_3_1936,-1.8858935,3.0039914
c_1_3_1937,-0.72453773,-0.008399003
c_1_3_1938,-1.2299892,1.1232853
c_1_3_1939,-0.27948317,-0.3961666
c_1_3_1940,-1.2645991,0.96884716
c_1_3_1941,-0.23251925,-0.2692831
c_1_3_1942,-0.72876346,5.3981004
c_1_3_1943,-0.05973768,-0.042676266
c_1_3_1944,0.16230394,0.26582515
c_1_3_1945,-0.5194758,0.04528978
c_1_3_1946,-1.5546441,4.648056
c_1_3_1947,0.83093137,0.8430199
c_1_3_1948,-0.23488338,0.7425911
c_1_3_1949,-1.439862,-1.2434435
c_1_3_1950,-1.3246862,0.57915086
c_1_3_1951,0.048840705,1.9877481
c_1_3_1952,-1.1090195,4.0630507
c_1_3_1954,-1.9584593,-2.2738123
c_1_3_1955,0.3016518,-0.4410163
c_1_3_1956,-0.71690375,-1.4111327
c_1_3_1957,0.29550934,0.08962575
c_1_3_1958,-1.6263975,2.2895482
c_1_3_1959,-0.59600973,3.142543
c_1_3_1960,-2.0314996,-0.9304641
c_1_3_1961,-0.8973473,3.533346
c_1_3_1962,-0.15029971,-1.0327272
c_1_3_1963,-1.162932,-0.51266986
c_1_3_1964,0.9134738,-0.48822427
c_1_3_1965,-0.3276678,4.0836415
c_1_3_1966,2.391561,0.7358916
c_1_3_1968,-0.37656885,0.73710406
c_1_3_1969,-1.3896573,-1.0085422
c_1_3_1971,-0.68806154,1.4392061
c_1_3_1972,-0.07101726,1.31291
c_1_3_1973,-0.940476,5.1575327
c_1_3_1974,0.0045741946,-0.45772246
c_1_3_1975,-1.810129,4.1117544
c_1_3_1976,-1.5482236,-1.5477561
c_1_3_1977,-0.8162754,-1.2125392
c_1_3_1978,-1.4586059,0.9664034
c_1_3_1979,-0.6981898,5.0273814
c_1_3_1980,0.073591724,-0.56310475
c_1_3_1981,-1.4692425,1.6863899
c_1_3_1982,0.38988423,0.033039253
c_1_3_1983,-1.6520112,5.298567
c_1_3_1984,-1.2859341,2.0884428
c_1_3_1985,0.56840086,-1.3017536
c_1_3_1986,-1.5711722,3.5562794
c_1_3_1987,-0.9346789,2.7674096
c_1_3_1988,-0.6141056,-1.3037382
c_1_3_1989,-1.1087202,-0.18702804
c_1_3_1990,1.0085423,1.658099
c_1_3_1991,0.28346977,-0.3767489
c_1_3_1992,-1.3715993,-0.8419633
c_1_3_1993,-1.2034146,-1.2031987
c_1_3_1994,-1.0894959,4.9579797
c_1_3_1995,0.80848527,-0.8995061
c_1_3_1996,-1.3113447,4.1312056
c_1_3_1997,-1.1372634,-0.8810199
c_1_3_1998,-1.2628404,3.8232958
c_1_3_1999,-0.044836152,0.27430266
c_1_3_2000,-1.0064704,5.440833
c_1_3_2001,-0.40926066,-0.7813458
c_1_3_2002,-0.41175506,0.12817883
c_1_3_2003,-0.7691788,-0.37156487
c_1_3_2004,-2.6371126,-1.6459198
c_1_3_2005,0.15892337,-0.319428
c_1_3_2006,-1.0089597,3.5659683
c_1_3_2008,-1.7088195,1.1676935
c_1_3_2009,-1.2705256,-1.3442986
c_1_3_2010,-1.346256,-0.42382103
c_1_3_2011,-0.8318232,-0.098377824
c_1_3_2012,-2.079605,-3.324196
c_1_3_2013,-1.341696,-0.8544854
c_1_3_2014,-1.0124693,3.8394122
c_1_3_2015,-0.13826664,-0.20426689
c_1_3_2016,-0.292417,-1.3992476
c_1_3_2017,-0.8189215,4.0610957
c_1_3_2018,-1.3820488,3.1571634
c_1_3_2019,-0.13036156,-0.3747454
c_1_3_2020,-1.8210199,0.21505515
c_1_3_2021,-0.5279316,-1.9187794
c_1_3_2022,-0.7308666,-0.9672431
c_1_3_2023,-0.27658877,-0.5725171
c_1_3_2024,-2.4993167,0.009724116
c_1_3_2025,-1.5304934,-0.765552
c_1_3_2026,-1.2653866,0.36758476
c_1_3_2027,0.24841443,2.7943106
c_1_3_2028,0.14968303,-0.943025
c_1_3_2029,-0.8940974,0.49951363
c_1_3_2030,-1.8489356,3.0535078
c_1_3_2031,-0.9441143,2.947362
c_1_3_2033,-0.08827077,1.795751
c_1_3_2034,0.43121845,-0.4527405
c_1_3_2035,-0.85485226,-0.026702704
c_1_3_2036,0.5391205,-0.2257186
c_1_3_2037,-0.611199,0.011041985
c_1_3_2038,-2.2368364,0.19008414
c_1_3_2039,0.21956928,-0.8662452
c_1_3_2040,-0.77173823,0.85353786
c_1_3_2041,-0.2170509,0.64003015
c_1_3_2042,-1.6256657,1.3236456
c_1_3_2043,0.7120443,-1.0029117
c_1_3_2044,3.9745333,-0.1627415
c_1_3_2045,-0.796658,-0.9305741
c_1_3_2046,0.066057175,0.3284444
c_1_3_2047,0.8981414,-0.71198124
c_1_3_2048,-1.020072,-0.9470716
c_1_3_2050,-1.7055724,0.20219307
c_1_3_2051,-0.68686175,-0.95908827
c_1_3_2052,-0.67636496,-0.45578918
c_1_3_2053,-0.44015408,0.11900604
c_1_3_2054,-0.12292149,0.34282476
c_1_3_2055,-0.16325007,-1.5020995
c_1_3_2056,-0.40166128,1.9255276
c_1_3_2057,-0.1845146,-1.0643233
c_1_3_2058,-1.1411668,-0.94047034
c_1_3_2059,-1.5184141,-0.2633173
c_1_3_2060,0.40264794,-0.2868859
c_1_3_2061,-0.8893007,-0.2852701
c_1_3_2062,-1.0630465,-0.73195916
c_1_3_2063,0.6281701,-0.23602691
c_1_3_2064,-0.06888664,-0.21643743
c_1_3_2066,-1.6343431,-0.4476692
c_1_3_2067,0.20983304,-1.2025927
c_1_3_2068,1.2620032,0.48837167
c_1_3_2069,0.8825784,-0.14612381
c_1_3_2070,-1.922955,1.3603382
c_1_3_2071,0.5278588,-0.14710504
c_1_3_2073,-1.6000998,-0.6622957
c_1_3_2074,0.28808168,2.1310902
c_1_3_2075,-0.40613025,0.9406848
c_1_3_2076,3.7087495,0.03294018
c_1_3_2077,-0.2760591,1.0624975
c_1_3_2078,4.25157,2.678511
c_1_3_2082,-0.6323262,3.1676764
c_1_3_2083,-0.11408836,3.5286057
c_1_3_2084,4.526188,-0.4231963
c_1_3_2085,-1.0130676,0.5354177
c_1_3_2086,-1.1143337,-0.0064155487
c_1_3_2087,-0.39974627,1.3609573
c_1_3_2088,-0.54256654,-0.37521258
c_1_3_2089,-0.26535183,1.8302779
c_1_3_2090,2.192941,0.32673487
c_1_3_2091,-0.77300775,2.4665954
c_1_3_2092,-0.7426017,0.7222478
c_1_3_2093,-1.7135166,1.1156181
c_1_3_2094,-0.4546206,-0.30971375
c_1_3_2095,-0.710482,0.38212705
c_1_3_2097,1.1176014,-0.24917118
c_1_3_2098,0.74292004,-0.9695849
c_1_3_2099,-0.99372315,1.9963626
c_1_3_2100,-0.8170662,-0.7912946
c_1_3_2101,2.7132518,-1.6595951
c_1_3_2102,-0.0150883915,0.822442
c_1_3_2103,-0.2595012,0.55665815
c_1_3_2104,-1.3358629,-0.22277941
c_1_3_2105,-1.4977585,2.329823
c_1_3_2106,-0.24469954,2.0311487
c_1_3_2107,3.1096354,-0.8073959
c_1_3_2108,-0.60782456,2.5468323
c_1_3_2109,-0.47001815,3.908583
c_1_3_2110,-1.1087744,2.289761
c_1_3_2111,-1.8323671,2.7722452
c_1_3_2112,-2.0527313,6.3645444
c_1_3_2113,0.009994423,3.542485
c_1_3_2114,-1.2444104,-0.76686007
c_1_3_2115,-0.7095742,1.8002117
c_1_3_2116,-0.6923466,-1.6424527
c_1_3_2117,-0.9799746,1.6440793
c_1_3_2119,-0.48857674,0.109294124
c_1_3_2120,-0.6602768,3.6731133
c_1_3_2121,-0.6119339,1.9724691
c_1_3_2122,-0.41251034,2.1398253
c_1_3_2123,-0.9893462,2.2652037
c_1_3_2124,-0.039605267,-0.3765849
c_1_3_2125,-1.0783782,-1.476796
c_1_3_2126,-0.52213943,1.2210582
c_1_3_2127,-1.5914667,3.5213392
c_1_3_2128,-1.0075487,1.7522565
c_1_3_2129,-1.0881014,1.1636548
c_1_3_2130,-0.016410217,-1.156974
c_1_3_2131,-0.6217279,1.5097185
c_1_3_2133,1.3918649,-0.450702
c_1_3_2134,0.30196565,-2.148676
c_1_3_2135,-0.78491896,0.7815671
c_1_3_2136,-1.1725142,-0.50141525
c_1_3_2137,0.63820213,0.7793936
c_1_3_2138,-0.7174781,3.0125382
c_1_3_2140,3.7140493,-0.17743227
c_1_3_2141,-0.6982938,1.3986298
c_1_3_2142,-1.315722,5.082578
c_1_3_2143,-1.3891221,-0.7888328
c_1_3_2144,-0.38436675,3.174962
c_1_3_2147,0.94446975,-0.9053197
c_1_3_2148,0.71052533,-0.0103310365
c_1_3_2149,3.4248545,-0.81677157
c_1_3_2150,2.6713161,-0.6963783
c_1_3_2152,-1.2221903,2.0222235
c_1_3_2153,-1.1003163,4.4107246
c_1_3_2154,-2.0738235,4.139831
c_1_3_2155,0.5940653,-2.1960478
c_1_3_2156,-0.13290024,1.5929358
c_1_3_2157,-1.718755,-0.891923
c_1_3_2158,2.385668,-0.720649
c_1_3_2160,-1.3881657,-2.7106347
c_1_3_2161,1.3427739,-0.5465626
c_1_3_2162,-1.4316545,-0.3116137
c_1_3_2163,-1.091132,2.3138433
c_1_3_2164,-0.93712753,0.68946487
c_1_3_2165,-1.3641225,-0.85241866
c_1_3_2166,1.3854452,-1.2308127
c_1_3_2167,1.8014082,0.42572346
c_1_3_2168,-2.0229065,-0.6358344
c_1_3_2169,1.5283799,0.732981
c_1_3_2170,2.861679,0.10581267
c_1_3_2171,-1.0784258,0.9705025
c_1_3_2172,-0.2139175,1.4477118
c_1_3_2173,-1.137905,-0.37491402
c_1_3_2174,-0.35456395,0.122078575
c_1_3_2175,-1.0802989,-0.53166175
c_1_3_2176,-1.5494839,-0.7137161
c_1_3_2177,-0.77125627,-1.932511
c_1_3_2178,1.2447026,0.46646845
c_1_3_2179,-1.186542,0.9059563
c_1_3_2180,1.4074007,0.09347876
c_1_3_2181,-0.39149255,-0.8892021
c_1_3_2182,2.0042222,0.019983528
c_1_3_2183,-0.5518859,1.4604403
c_1_3_2184,3.4053776,-0.64744395
c_1_3_2186,-1.0388491,2.2365384
c_1_3_2187,-0.18843041,-0.4580988
c_1_3_2188,2.4376695,0.97557753
c_1_3_2189,-0.9118938,1.9065453
c_1_3_2190,-0.9531006,1.5595851
c_1_3_2191,2.4092567,-0.4583259
c_1_3_2192,-0.27006868,-0.21712932
c_1_3_2193,-1.0367867,2.6698337
c_1_3_2194,0.3077202,-0.39509907
c_1_3_2195,-1.2484276,-0.86316556
c_1_3_2196,1.5267274,0.06936645
c_1_3_2197,-0.82776064,1.7046896
c_1_3_2198,-0.18453516,0.50353503
c_1_3_2199,-0.8749913,-0.31225136
c_1_3_2200,1.5591189,-0.6473975
c_1_3_2202,-0.21405336,5.5939455
c_1_3_2203,0.58719987,3.0273318
c_1_3_2204,-0.9761946,-0.5510313
c_1_3_2205,-0.26398918,-0.20807564
c_1_3_2206,1.231273,-1.136801
c_1_3_2207,-1.6868693,-0.76859075
c_1_3_2208,-0.3125094,-0.86143106
c_1_3_2209,0.68883234,0.50777185
c_1_3_2210,-1.1228083,1.5812036
c_1_3_2211,1.766309,0.63262695
c_1_3_2212,0.06808446,1.1188735
c_1_3_2213,-1.7950608,-0.913512
c_1_3_2214,-0.81147593,0.9935044
c_1_3_2215,-0.758569,-0.63951683
c_1_3_2216,0.8976546,2.7180614
c_1_3_2217,2.5245283,-0.67916274
c_1_3_2218,0.48122674,0.7718105
c_1_3_2219,-0.65080553,-0.84465736
c_1_3_2220,-1.4325607,1.5812572
c_1_3_2221,-0.16800971,2.8909392
c_1_3_2222,-0.7658766,1.8656131
c_1_3_2224,-0.19097956,0.59925157
c_1_3_2225,-0.7307884,3.0457773
c_1_3_2226,-1.1556833,1.0845929
c_1_3_2228,-0.7538692,-0.0020383678
c_1_4_1,2.196607,1.2633674
c_1_4_2,-1.1360627,-1.2835101
c_1_4_3,-1.3726974,-0.83705854
c_1_4_4,-0.6796572,0.41578233
c_1_4_5,-2.092871,0.44760573
c_1_4_6,2.0354877,0.91191
c_1_4_7,4.44432,0.3800134
c_1_4_8,0.6155984,-1.2600554
c_1_4_9,-0.80876726,0.7622853
c_1_4_10,-1.1383938,-1.7764008
c_1_4_11,2.921025,-1.3326879
c_1_4_13,2.0703616,-0.64712983
c_1_4_14,0.11950646,-0.89644057
c_1_4_15,4.989664,0.27683806
c_1_4_16,-1.3308253,-0.64623326
c_1_4_17,-1.1936992,-0.2305733
c_1_4_18,-1.4116673,-1.8216332
c_1_4_19,-0.39936402,-1.4639084
c_1_4_20,-0.89140356,-0.6881434
c_1_4_22,1.0302923,-1.1938645
c_1_4_26,-1.1953012,-0.49780136
c_1_4_27,6.2503896,-0.89539665
c_1_4_28,2.4835606,-0.7135429
c_1_4_31,-0.54116803,-0.8382184
c_1_4_32,-1.7727811,-0.2281399
c_1_4_33,0.6788457,-0.7180443
c_1_4_34,-0.35111776,-1.6799514
c_1_4_36,-0.33184662,0.97689843
c_1_4_37,1.760207,-1.0657215
c_1_4_38,-0.082590826,0.05830064
c_1_4_39,-0.06145223,-0.13902445
c_1_4_40,-0.37079498,-0.43045437
c_1_4_41,-0.99495834,-0.17278619
c_1_4_42,-0.98337215,-0.7956566
c_1_4_43,4.3002157,-0.6743593
c_1_4_44,-0.38112774,0.62922806
c_1_4_45,1.5778586,0.7836245
c_1_4_46,-1.471179,-2.3861341
c_1_4_47,-0.33705434,-0.15294115
c_1_4_48,1.2154889,0.08852455
c_1_4_49,1.5312885,-0.9030323
c_1_4_50,0.9604635,-1.4340216
c_1_4_51,1.6131945,0.1231321
c_1_4_52,0.9158973,-0.26162592
c_1_4_53,-0.43660668,0.26243424
c_1_4_55,0.37301466,0.2280817
c_1_4_56,0.4997328,-0.8336413
c_1_4_57,-1.5394591,-2.3572283
c_1_4_58,1.4295338,-0.068868004
c_1_4_59,0.20889668,-0.2796336
c_1_4_60,-0.6845784,0.018127836
c_1_4_61,-0.42406383,-0.75184655
c_1_4_62,0.14684603,-0.635769
c_1_4_63,-0.6505285,0.37573123
c_1_4_65,-1.1645551,1.3335139
c_1_4_67,-1.2919481,-0.43465564
c_1_4_68,-0.46797767,-0.35636264
c_1_4_69,-1.7916764,-1.8293813
c_1_4_70,-0.27584296,-1.3183035
c_1_4_71,1.7028583,0.7759524
c_1_4_74,0.35982314,-0.41703328
c_1_4_75,2.236364,0.33109006
c_1_4_76,-0.5560136,-1.2426748
c_1_4_77,-0.044444147,0.29311126
c_1_4_78,-0.43354017,-1.6459123
c_1_4_79,3.190163,-0.32338014
c_1_4_80,-1.4939679,-2.207493
c_1_4_81,2.6999931,-0.47301507
c_1_4_82,2.5721114,-1.0560079
c_1_4_85,0.6123996,-0.027059916
c_1_4_87,3.9995837,-0.25221768
c_1_4_88,-1.0437256,-0.8702041
c_1_4_92,2.1338735,-0.7593997
c_1_4_93,1.2341954,1.2194574
c_1_4_94,-0.1861112,0.10709961
c_1_4_95,0.6311253,0.18534482
c_1_4_96,0.5199448,0.20314492
c_1_4_97,-1.5220513,-2.3027506
c_1_4_98,1.9141259,-0.9830119
c_1_4_99,0.8775654,-0.803256
c_1_4_100,0.87298656,-1.912898
c_1_4_101,0.5404189,-1.0222402
c_1_4_102,0.31012857,-0.3997256
c_1_4_103,-0.77549136,-2.932956
c_1_4_104,0.5099332,0.99181974
c_1_4_105,7.4158573,0.7861767
c_1_4_106,0.75335824,-2.0426252
c_1_4_107,-0.38011014,-0.77706796
c_1_4_108,-0.121494636,-0.58717644
c_1_4_109,-0.7846585,-0.14890963
c_1_4_110,-0.18062387,0.5616838
c_1_4_111,1.5732006,-0.6326701
c_1_4_112,1.7948118,-0.79967606
c_1_4_113,0.121837854,-0.11394438
c_1_4_114,4.708553,0.3404245
c_1_4_115,0.41610736,-1.5037847
c_1_4_116,0.2603767,-0.5300199
c_1_4_117,-0.33072916,-1.9170053
c_1_4_119,-1.5431657,-0.2609003
c_1_4_120,1.4343581,0.039728843
c_1_4_121,0.15719092,-0.042129252
c_1_4_123,4.89623,0.89790773
c_1_4_124,4.0336385,-0.31367412
c_1_4_125,2.0548403,1.1205226
c_1_4_126,2.6144707,0.39200225
c_1_4_127,1.1854801,-1.4936311
c_1_4_128,-0.02570708,-0.13118778
c_1_4_129,-0.8947586,-1.5095154
c_1_4_130,1.2528719,-0.3503871
c_1_4_131,1.3522722,0.23503499
c_1_4_132,5.8868546,1.0931857
c_1_4_133,0.8576711,-0.6127298
c_1_4_134,3.2876186,0.91810626
c_1_4_135,-1.2705468,-1.6292166
c_1_4_137,4.2984886,-0.48778313
c_1_4_138,-1.5512447,-0.3399597
c_1_4_139,1.6901786,0.35762614
c_1_4_140,1.5439911,-1.4283382
c_1_4_141,0.8701406,2.436997
c_1_4_142,1.617831,-0.3855687
c_1_4_144,2.423543,-1.8882235
c_1_4_145,7.3196974,0.10431019
c_1_4_146,-1.6645422,-0.91567254
c_1_4_147,0.2888878,-1.1176641
c_1_4_148,2.2389472,-0.7306799
c_1_4_149,4.3063626,-1.4338332
c_1_4_150,-0.6406596,-1.3630437
c_1_4_151,3.0103357,-0.9554999
c_1_4_152,1.817743,-0.48409232
c_1_4_153,7.871503,0.14565998
c_1_4_154,1.4948968,0.16280584
c_1_4_155,1.2080944,-2.3198264
c_1_4_156,2.605757,0.56023943
c_1_4_157,6.7033606,0.28747728
c_1_4_158,3.3954968,-0.4119804
c_1_4_159,3.7885036,-0.3357821
c_1_4_161,2.829221,0.74612695
c_1_4_162,-0.50881845,-1.4764271
c_1_4_163,1.8443106,2.0930655
c_1_4_164,-1.6399956,-0.5328065
c_1_4_166,-0.5691719,0.25132835
c_1_4_167,-0.19275615,-1.106497
c_1_4_168,0.6542211,-0.23300855
c_1_4_169,0.49272814,-1.5840923
c_1_4_171,4.04245,0.3488892
c_1_4_172,3.176562,-1.3615147
c_1_4_174,4.89886,0.46113676
c_1_4_175,-1.5055879,2.9859614
c_1_4_176,0.1951957,-0.1978668
c_1_4_177,0.25524667,-0.6072322
c_1_4_178,3.4840982,0.25539115
c_1_4_180,-1.7085052,1.0694206
c_1_4_182,5.271672,-0.5946325
c_1_4_183,2.5748975,-0.16809215
c_1_4_184,4.023033,-0.91614956
c_1_4_187,7.719801,1.1859792
c_1_4_188,1.8202862,-1.1115813
c_1_4_189,5.586088,-0.30113807
c_1_4_190,8.1528225,0.123405814
c_1_4_191,6.041854,0.55231297
c_1_4_192,7.06975,2.4722383
c_1_4_193,2.8619385,1.5188348
c_1_4_194,5.070029,-0.38681415
c_1_4_195,6.324275,2.3248506
c_1_4_196,4.7910104,0.12717304
c_1_4_197,1.2178912,0.26535484
c_1_4_198,6.292233,1.813594
c_1_4_199,-0.28242406,-0.8007451
c_1_4_200,5.11658,-0.5012736
c_1_4_201,1.7620101,0.1487235
c_1_4_202,4.6324635,-0.7382112
c_1_4_203,7.5863,0.7976814
c_1_4_204,5.428848,-1.059536
c_1_4_205,3.192863,0.34779269
c_1_4_206,5.0904703,-0.32939398
c_1_4_207,5.7654448,-0.40780166
c_1_4_208,6.75141,0.68181694
c_1_4_209,5.9951115,1.7331313
c_1_4_210,5.0426197,0.30095845
c_1_4_211,4.694273,0.82836187
c_1_4_212,4.3988285,1.1516755
c_1_4_213,4.901079,-0.3716293
c_1_4_214,5.447918,1.1820897
c_1_4_215,8.585851,-2.2195516
c_1_4_216,1.3866125,-0.6650454
c_1_4_217,6.4555616,1.8472924
c_1_4_218,4.583139,0.35267612
c_1_4_219,0.06299681,-1.0007199
c_1_4_220,3.4996116,-1.0763469
c_1_4_221,6.858354,0.9778608
c_1_4_222,4.6774163,0.5921185
c_1_4_223,5.5725975,0.81124157
c_1_4_224,6.3679204,-0.18411711
c_1_4_225,5.3364477,0.26677978
c_1_4_226,5.866647,-0.14524542
c_1_4_228,0.054323394,-1.8095082
c_1_4_229,2.492115,-0.85619944
c_1_4_230,-0.06905242,-2.8022487
c_1_4_231,2.5205073,1.4619719
c_1_4_232,9.198515,1.4575716
c_1_4_234,3.6543968,-0.92322356
c_1_4_235,5.9320316,1.1185696
c_1_4_236,1.4509016,0.529086
c_1_4_237,4.1204505,-0.4485994
c_1_4_238,1.6226155,0.12950374
c_1_4_239,5.0491705,-0.07608979
c_1_4_240,4.9795947,0.7377924
c_1_4_241,5.852325,0.25096443
c_1_4_242,-0.69526684,-0.113831714
c_1_4_243,6.6439996,1.4302242
c_1_4_244,6.115668,-0.5392945
c_1_4_245,1.8179178,-0.35379642
c_1_4_246,3.9774134,-0.9389665
c_1_4_247,9.525994,2.7593179
c_1_4_248,4.7595873,0.7482543
c_1_4_250,6.7768598,0.062116623
c_1_4_252,1.7039509,-0.2203927
c_1_4_253,5.2487006,0.89678025
c_1_4_254,3.1990166,0.82432795
c_1_4_255,1.5695451,-0.067787014
c_1_4_256,4.522715,0.58177835
c_1_4_257,3.2021434,-0.020831628
c_1_4_258,5.9889836,-0.20718007
c_1_4_259,4.705345,-0.50655735
c_1_4_260,10.08311,1.5435166
c_1_4_261,-0.67229664,-0.0035132004
c_1_4_262,3.0247161,1.0459942
c_1_4_263,3.996453,-0.33075872
c_1_4_264,8.868596,2.154922
c_1_4_265,2.5076976,1.2210083
c_1_4_266,0.7152402,-0.5511303
c_1_4_267,4.616228,-0.46020696
c_1_4_268,6.4575434,1.737553
c_1_4_269,3.7829823,0.5206949
c_1_4_270,10.263079,2.3670871
c_1_4_271,7.3799095,1.7218789
c_1_4_272,1.5142633,0.26563433
c_1_4_273,6.122521,1.1114565
c_1_4_274,3.095631,-0.11886924
c_1_4_275,3.5778737,-0.12307753
c_1_4_276,2.0733438,0.07091869
c_1_4_277,5.213958,0.8844222
c_1_4_278,7.566536,0.296744
c_1_4_279,2.9160664,-0.51531273
c_1_4_280,4.485402,-1.5663987
c_1_4_281,5.9617963,0.123948045
c_1_4_282,1.5601398,-0.17752041
c_1_4_283,5.707619,0.43986636
c_1_4_284,4.4599357,-0.2667764
c_1_4_285,5.9621153,0.32744506
c_1_4_286,10.391257,1.8007311
c_1_4_287,4.8990345,0.0849733
c_1_4_288,6.1611137,0.97318727
c_1_4_289,7.819064,0.6800408
c_1_4_290,5.1742826,0.2662536
c_1_4_292,4.786495,0.84389025
c_1_4_293,7.8060093,1.619531
c_1_4_294,4.656658,0.11893529
c_1_4_295,8.078745,0.68053675
c_1_4_296,5.0423446,-0.38650602
c_1_4_297,5.6015625,1.3887376
c_1_4_298,3.4233804,-0.1771319
c_1_4_299,6.1173735,1.2382473
c_1_4_300,5.7648745,2.112649
c_1_4_301,1.6783956,-0.45545834
c_1_4_302,7.8946443,-0.13752615
c_1_4_303,5.414372,0.22460721
c_1_4_305,4.7072434,-0.72662705
c_1_4_306,4.259657,0.06692861
c_1_4_307,1.9172121,-0.12681915
c_1_4_308,4.354386,0.96961164
c_1_4_309,6.741588,1.4239975
c_1_4_310,6.7932916,-1.7913839
c_1_4_311,4.303804,0.023116244
c_1_4_312,4.180895,0.50948274
c_1_4_313,2.3183744,-0.6452012
c_1_4_314,3.6599739,0.03199117
c_1_4_315,9.982119,1.095012
c_1_4_316,5.0472865,1.1926774
c_1_4_317,4.454356,0.54615015
c_1_4_318,7.077755,0.06925689
c_1_4_319,0.16725262,-1.2578529
c_1_4_320,3.2811935,-0.71728617
c_1_4_321,4.1268764,0.20717862
c_1_4_322,4.4753056,0.7660486
c_1_4_323,5.33223,0.7522289
c_1_4_324,5.599145,-0.8356254
c_1_4_326,4.821573,1.0562823
c_1_4_327,2.0833235,0.013920829
c_1_4_329,5.8238053,2.0357616
c_1_4_330,4.7256913,-1.3981186
c_1_4_331,2.7535634,1.931239
c_1_4_332,5.646956,0.030310338
c_1_4_333,4.7566123,0.39318773
c_1_4_334,5.672429,0.37281114
c_1_4_335,-0.8287042,-1.9885381
c_1_4_336,5.261803,0.46028787
c_1_4_337,0.94815934,-0.28558257
c_1_4_338,2.9437754,-0.42612463
c_1_4_339,2.772971,1.166709
c_1_4_340,2.3336883,1.8848373
c_1_4_341,7.1273365,0.7032634
c_1_4_342,5.995884,-0.55475277
c_1_4_343,2.5758638,-1.2802947
c_1_4_345,-0.53429264,-1.6088492
c_1_4_346,6.6043663,1.0487152
c_1_4_347,5.746308,-0.91196644
c_1_4_348,1.0461797,-0.09099023
c_1_4_349,3.169211,0.4396213
c_1_4_351,4.1261973,-0.25613806
c_1_4_352,10.606459,1.6019846
c_1_4_353,2.5289397,-0.12891324
c_1_4_354,3.8788676,1.0670301
c_1_4_355,6.673739,0.20559879
c_1_4_356,2.6942365,0.1935185
c_1_4_357,1.3957821,-1.2093316
c_1_4_358,0.25758535,-0.40310496
c_1_4_359,-0.15693824,-1.024068
c_1_4_360,5.957571,-0.19458923
c_1_4_361,8.141785,0.26762727
c_1_4_362,3.4755147,-0.071499206
c_1_4_363,1.723095,-1.6318594
c_1_4_364,1.9248588,-0.95513326
c_1_4_365,2.8902714,0.6623166
c_1_4_366,3.7723875,0.25285965
c_1_4_367,5.5344095,2.1324806
c_1_4_368,7.6123037,0.9576839
c_1_4_369,-0.80718625,0.51826984
c_1_4_370,-0.41726023,1.3061538
c_1_4_371,0.85764354,-0.29258144
c_1_4_372,4.804378,0.5950355
c_1_4_373,3.5609589,0.18633237
c_1_4_374,8.620447,2.5904398
c_1_4_375,-0.073884755,-0.13388811
c_1_4_376,5.7728353,2.1858077
c_1_4_377,1.9355791,0.024777113
c_1_4_378,5.18033,0.7573413
c_1_4_379,1.9580613,0.07661882
c_1_4_380,8.681735,0.2618864
c_1_4_381,0.2550102,-0.66240925
c_1_4_382,5.4716363,0.92971575
c_1_4_383,5.255751,-0.42516437
c_1_4_384,1.6643388,0.06338382
c_1_4_385,4.10542,-0.59377456
c_1_4_387,4.513101,-0.5493585
c_1_4_388,5.481975,0.3991501
c_1_4_389,1.2348374,-0.7617868
c_1_4_390,-0.19611065,-0.83645386
c_1_4_391,2.1155124,-0.70682853
c_1_4_392,2.7484949,0.72828656
c_1_4_393,2.0247111,0.78541553
c_1_4_394,4.6115317,-0.9949816
c_1_4_395,6.613203,0.171127
c_1_4_396,6.90355,0.41851455
c_1_4_397,4.422538,1.0434821
c_1_4_398,0.7899186,-0.5785373
c_1_4_399,4.3402405,0.8229214
c_1_4_400,5.7916756,0.5050334
c_1_4_401,4.496566,2.0368817
c_1_4_402,8.279437,1.1032408
c_1_4_403,2.8241227,-0.63133734
c_1_4_404,4.159649,-0.6021672
c_1_4_405,6.2458787,0.42070913
c_1_4_406,2.2456965,-0.61382747
c_1_4_407,7.950158,2.3565578
c_1_4_408,3.440798,-0.465191
c_1_4_409,5.351598,-0.7928275
c_1_4_410,4.26105,0.54165936
c_1_4_411,5.962433,0.23551379
c_1_4_412,0.5076212,-0.56582373
c_1_4_413,3.443112,-0.07162023
c_1_4_414,0.74808484,0.42759573
c_1_4_415,4.2719445,0.003083231
c_1_4_416,1.1995561,-1.9342657
c_1_4_417,6.4786267,2.6768634
c_1_4_418,4.441779,4.055618
c_1_4_419,5.0262027,1.2533771
c_1_4_420,7.831824,2.143209
c_1_4_421,3.7175682,-0.31245658
c_1_4_422,6.299081,0.54002154
c_1_4_424,7.1797433,0.66000426
c_1_4_425,3.8012426,-0.3245731
c_1_4_426,3.5186024,-1.3040731
c_1_4_427,4.071485,0.28859004
c_1_4_428,6.622499,1.1888071
c_1_4_429,-0.31961077,-0.11978018
c_1_4_430,0.061956603,-0.7231924
c_1_4_431,1.5458578,0.69917125
c_1_4_432,0.10842081,0.76346105
c_1_4_433,4.2876277,-0.70075166
c_1_4_434,5.846593,0.09890378
c_1_4_435,-0.46462947,-2.6956499
c_1_4_436,0.05699801,-1.1249988
c_1_4_437,-1.0521466,-0.6639416
c_1_4_438,-0.49161914,-1.3210795
c_1_4_439,3.1271691,-0.128744
c_1_4_440,5.7697153,0.31147763
c_1_4_441,1.4478905,0.13496825
c_1_4_442,3.8222532,-1.1758393
c_1_4_443,3.2266133,-0.7455952
c_1_4_444,6.2905097,1.5895696
c_1_4_445,3.4827154,-0.59609085
c_1_4_446,1.5826046,-0.9620817
c_1_4_447,5.932408,0.32407483
c_1_4_448,5.6475554,0.83265966
c_1_4_449,2.7513366,0.7462851
c_1_4_450,9.427079,1.208357
c_1_4_451,5.5882177,0.5144369
c_1_4_452,2.2616527,2.5946763
c_1_4_453,5.8296957,-0.4556302
c_1_4_454,2.528277,1.7739836
c_1_4_455,3.2137682,-0.3202664
c_1_4_456,3.9622462,0.9593925
c_1_4_457,-1.102166,0.3335164
c_1_4_459,2.7907078,0.39552
c_1_4_460,4.652787,-1.0620475
c_1_4_461,4.1863275,-0.3361089
c_1_4_462,4.47694,0.17895767
c_1_4_463,4.00358,1.2539802
c_1_4_465,6.166909,0.96570855
c_1_4_466,-0.49251226,2.0063243
c_1_4_467,1.565065,-1.0778266
c_1_4_468,7.267768,1.8848732
c_1_4_469,5.4192553,0.20263124
c_1_4_470,2.4023774,-0.8026415
c_1_4_471,6.671186,-0.3906533
c_1_4_472,3.0845463,-0.55495834
c_1_4_473,3.7821832,1.0713067
c_1_4_474,5.9631305,-0.19799006
c_1_4_475,5.183958,-0.90385336
c_1_4_476,3.1233962,0.17648645
c_1_4_477,2.7947366,-1.3338467
c_1_4_478,4.7059293,2.0216458
c_1_4_480,-0.6160076,-0.22017254
c_1_4_481,5.231179,0.15075009
c_1_4_482,3.4136176,0.45573753
c_1_4_483,2.19044,-1.0639535
c_1_4_484,10.440506,-0.37103754
c_1_4_485,3.3095353,-0.46829706
c_1_4_486,-0.6409105,-0.9395978
c_1_4_487,4.4902983,-1.4965198
c_1_4_488,1.9081076,-0.34702563
c_1_4_489,3.1428545,-0.18814239
c_1_4_490,6.161149,0.3572364
c_1_4_491,1.2563844,-0.81150085
c_1_4_492,4.6372066,1.4618661
c_1_4_494,3.677562,1.0865448
c_1_4_495,6.160856,0.545195
c_1_4_496,-0.2673472,-1.7575032
c_1_4_497,7.6826997,1.3369341
c_1_4_498,6.318078,1.1234276
c_1_4_500,0.7013252,-0.88103074
c_1_4_501,3.3765926,0.09099503
c_1_4_502,3.378609,0.16606453
c_1_4_503,6.513064,2.6227057
c_1_4_504,1.0981221,-1.3929279
c_1_4_505,3.8016274,0.3315734
c_1_4_506,-0.47059688,-0.20749177
c_1_4_507,2.2107322,-0.30236626
c_1_4_508,-0.5502125,1.7682505
c_1_4_509,5.026212,0.04490538
c_1_4_510,2.7902071,1.5941569
c_1_4_511,2.6049113,-1.2753443
c_1_4_512,3.7651467,1.8040859
c_1_4_513,3.1041653,0.4386095
c_1_4_514,2.8354337,0.5951254
c_1_4_515,5.70818,0.38670874
c_1_4_516,2.5271852,1.2744075
c_1_4_517,-1.2389652,1.2857167
c_1_4_519,1.9602495,-0.9536642
c_1_4_520,1.8310409,-0.40542734
c_1_4_521,3.5945933,-0.32267815
c_1_4_522,1.4926612,0.6718225
c_1_4_523,4.277811,-1.4299544
c_1_4_524,2.7151253,-0.5771526
c_1_4_525,4.6050477,-0.8196193
c_1_4_526,3.8274426,0.92997694
c_1_4_528,4.898364,0.15343377
c_1_4_529,1.6248906,0.36596
c_1_4_530,-1.0995051,-1.208616
c_1_4_531,3.694306,0.73365116
c_1_4_532,0.7440522,-0.26980168
c_1_4_533,2.1304672,-0.6013459
c_1_4_534,9.764768,1.0582776
c_1_4_535,0.4622133,-0.6668466
c_1_4_536,4.285902,0.19712861
c_1_4_537,-0.64027804,0.31721097
c_1_4_538,6.344691,1.0538844
c_1_4_540,2.4629319,0.45665064
c_1_4_541,0.3216359,-2.125764
c_1_4_542,6.1356473,0.14257437
c_1_4_543,6.122561,-0.41915867
c_1_4_545,3.0975292,-0.9601037
c_1_4_546,7.3064423,0.7452828
c_1_4_547,7.9619203,-0.60439086
c_1_4_548,6.0395975,-0.9479372
c_1_4_550,5.9293275,0.22363845
c_1_4_551,1.7163463,-0.61678535
c_1_4_552,6.8074718,0.87158793
c_1_4_553,4.5867014,-0.27158976
c_1_4_554,4.6105733,0.3812329
c_1_4_555,3.0385842,0.3786602
c_1_4_556,3.1991973,-1.4052328
c_1_4_557,2.0053763,-1.3792573
c_1_4_559,5.8397245,1.2201289
c_1_4_560,2.4386458,-0.49162257
c_1_4_561,1.001898,0.12955146
c_1_4_562,3.3581092,-0.2508677
c_1_4_563,7.0552006,0.6056506
c_1_4_564,1.0051106,0.5346707
c_1_4_565,-0.86508226,-0.55231357
c_1_4_566,6.7061996,0.74598235
c_1_4_567,1.2284954,-0.22459099
c_1_4_568,-1.4547205,-3.3618915
c_1_4_569,2.142843,-1.0890181
c_1_4_570,7.239714,0.83683807
c_1_4_571,3.191715,1.3605431
c_1_4_572,1.9444596,-0.4164606
c_1_4_573,5.7218804,-0.3606019
c_1_4_574,0.34330383,0.035637636
c_1_4_575,4.973303,0.4549379
c_1_4_576,7.6520867,0.7205117
c_1_4_577,4.3440967,-0.83239526
c_1_4_578,1.558556,-0.6174999
c_1_4_579,0.081241734,0.18351792
c_1_4_580,4.6112065,0.42238024
c_1_4_581,4.2544155,-0.41341072
c_1_4_582,3.9176176,0.25910497
c_1_4_583,-0.1025427,0.7130241
c_1_4_584,1.2354819,-0.13652733
c_1_4_586,5.5693903,0.14134336
c_1_4_587,5.7128325,-0.44887626
c_1_4_588,-0.7547639,0.32782558
c_1_4_589,2.7868273,1.0266529
c_1_4_590,6.8034334,-0.7487979
c_1_4_591,-0.08629651,-1.5141685
c_1_4_592,2.8082683,-2.2278357
c_1_4_593,6.236197,-0.41635168
c_1_4_594,4.458261,0.03961867
c_1_4_595,3.8916614,-0.40732196
c_1_4_596,0.46816263,0.42124033
c_1_4_597,3.0568702,-1.6050574
c_1_4_598,2.3913884,-0.3156144
c_1_4_599,5.315563,0.44353932
c_1_4_600,5.034155,0.037125282
c_1_4_601,-0.50050205,-1.6852119
c_1_4_602,5.081313,-0.7700994
c_1_4_603,3.6132424,1.2949194
c_1_4_604,4.1757145,0.32740065
c_1_4_605,4.9117575,0.49633282
c_1_4_606,2.0308006,-1.2815585
c_1_4_608,4.3544183,-0.18670946
c_1_4_609,7.01235,0.8402782
c_1_4_610,5.2259884,1.7266215
c_1_4_611,5.5511436,0.9738283
c_1_4_612,7.7627196,0.45290312
c_1_4_613,6.977551,1.8263967
c_1_4_614,5.438166,-0.3617938
c_1_4_615,1.490875,-0.38712227
c_1_4_616,1.5940516,-1.4286755
c_1_4_617,3.329989,0.2400063
c_1_4_618,4.7883825,0.71503705
c_1_4_619,4.6916637,-0.13386965
c_1_4_620,4.40482,-0.60581094
c_1_4_621,6.7158113,0.68690205
c_1_4_622,6.4863377,0.997817
c_1_4_623,1.4350804,-0.6330075
c_1_4_624,7.0237246,0.8310624
c_1_4_625,4.8504715,0.13410869
c_1_4_626,-0.08487519,1.4375247
c_1_4_627,-0.7024694,-1.3829055
c_1_4_628,6.1326594,1.596822
c_1_4_629,10.702431,1.4776075
c_1_4_630,6.421028,-1.2988929
c_1_4_631,3.398008,-1.0977832
c_1_4_632,2.2905855,-0.6929098
c_1_4_633,3.1857574,0.9242166
c_1_4_634,4.234219,0.8103497
c_1_4_635,6.7484336,0.20735773
c_1_4_636,5.700539,0.84124005
c_1_4_637,3.2472248,0.21234933
c_1_4_638,5.1012826,0.45794246
c_1_4_639,0.67192996,0.30258015
c_1_4_640,3.7190673,0.90024287
c_1_4_641,3.1830943,1.454865
c_1_4_642,2.7903416,-0.6423462
c_1_4_643,7.517384,-0.08612362
c_1_4_644,4.845106,-0.77586013
c_1_4_645,2.1887803,-1.0968826
c_1_4_646,5.3927503,0.11264467
c_1_4_647,3.5719955,0.2629786
c_1_4_648,1.4790736,0.9026092
c_1_4_649,5.970435,-1.1096011
c_1_4_650,2.7775059,-0.5539553
c_1_4_651,3.2578602,1.6393927
c_1_4_652,5.013617,1.477284
c_1_4_653,2.532816,-0.39153668
c_1_4_654,1.2709476,1.7249719
c_1_4_655,5.947193,0.43692407
c_1_4_656,9.936126,1.3667297
c_1_4_657,7.0858593,-0.020907711
c_1_4_658,7.763678,1.4598223
c_1_4_659,5.2154894,2.3924735
c_1_4_661,5.9361606,-0.8095013
c_1_4_663,5.4585676,0.4192632
c_1_4_664,0.6600274,-0.2812004
c_1_4_665,4.10529,0.77577853
c_1_4_666,4.4008603,0.14248814
c_1_4_667,8.911522,-0.12670124
c_1_4_668,-0.42839372,-0.0023307735
c_1_4_669,5.516046,2.0410833
c_1_4_670,5.6624103,0.29361945
c_1_4_671,5.9869556,-0.2278577
c_1_4_672,2.9570007,-0.33873674
c_1_4_673,0.8657129,0.7785573
c_1_4_674,8.058428,1.11673
c_1_4_675,9.99805,1.0124525
c_1_4_676,4.3987813,1.5829328
c_1_4_677,0.34552732,-1.0348463
c_1_4_678,6.3338356,1.9365348
c_1_4_679,3.8606288,0.13055661
c_1_4_680,2.5364885,-0.86990094
c_1_4_681,3.042761,-0.5839165
c_1_4_682,5.4422755,0.49634174
c_1_4_683,3.4158127,0.07074401
c_1_4_684,5.338074,0.23199354
c_1_4_685,10.308109,0.2854493
c_1_4_687,4.89222,0.5660408
c_1_4_688,3.0295217,0.8797582
c_1_4_689,8.478446,-0.58304244
c_1_4_690,4.8750234,1.8440613
c_1_4_691,0.9674641,-0.27741677
c_1_4_692,5.6647797,-0.20930648
c_1_4_693,2.238362,-0.8882319
c_1_4_694,5.384173,-0.35174882
c_1_4_695,0.13948628,-0.39600036
c_1_4_696,3.1773965,0.6978084
c_1_4_697,6.546342,0.091650486
c_1_4_698,8.982846,1.2067829
c_1_4_699,-0.6216444,0.2958839
c_1_4_700,3.4014835,0.41392842
c_1_4_701,1.3585594,0.7558808
c_1_4_702,5.606273,0.9153539
c_1_4_703,7.239428,0.18619901
c_1_4_704,6.1547527,0.6419138
c_1_4_705,6.2541456,2.2828968
c_1_4_706,7.4504695,0.86530465
c_1_4_707,8.417283,-0.17271036
c_1_4_709,7.518977,0.7971865
c_1_4_710,6.998687,-0.145338
c_1_4_711,4.0735745,-0.17503442
c_1_4_712,5.5124516,0.25786993
c_1_4_713,5.817093,-0.7352177
c_1_4_714,1.5939065,0.49951684
c_1_4_715,-0.09535451,0.5512551
c_1_4_716,1.653599,0.08300382
c_1_4_717,5.975564,-0.19614488
c_1_4_718,5.3122864,-1.641407
c_1_4_719,5.311505,0.83499986
c_1_4_720,4.3035583,-0.08906012
c_1_4_721,4.869708,-0.5154624
c_1_4_722,0.12513855,0.13317284
c_1_4_723,4.476101,0.74191356
c_1_4_724,3.8381174,0.5034585
c_1_4_725,9.461231,0.18516958
c_1_4_726,5.6213026,0.038642306
c_1_4_728,7.4851103,0.16674842
c_1_4_729,3.6378863,0.8890473
c_1_4_730,0.09220977,0.0771265
c_1_4_731,4.7426405,0.49082443
c_1_4_732,6.119771,0.6183859
c_1_4_733,11.639725,0.4820138
c_1_4_734,1.5924469,0.39614382
c_1_4_735,6.8220744,0.7354706
c_1_4_736,8.090078,-0.63052446
c_1_4_737,6.5669603,-0.7923283
c_1_4_738,7.0237308,0.42630854
c_1_4_739,3.2022123,0.42992848
c_1_4_740,2.272716,-0.09583379
c_1_4_741,8.079434,1.3079455
c_1_4_742,6.089904,1.2091057
c_1_4_743,3.5226417,-0.83564305
c_1_4_744,6.2809443,-0.827583
c_1_4_745,6.431566,1.1485459
c_1_4_746,0.67049795,-0.7300926
c_1_4_747,5.3635645,-0.114788204
c_1_4_748,2.187894,-1.5734744
c_1_4_749,4.9033976,0.64495504
c_1_4_750,7.061486,0.6970457
c_1_4_751,7.027883,-0.5257924
c_1_4_752,4.104273,-0.54359585
c_1_4_753,2.980254,-0.3839303
c_1_4_754,5.232977,1.5710636
c_1_4_755,5.486637,-1.8845633
c_1_4_756,4.626493,0.6842526
c_1_4_757,4.385253,1.3086926
c_1_4_758,4.1117597,0.5215816
c_1_4_759,-0.38396686,0.59684944
c_1_4_760,4.4360657,0.4187045
c_1_4_761,4.6315103,0.91808677
c_1_4_762,3.804333,-2.2672298
c_1_4_763,7.3565245,0.62866163
c_1_4_764,6.4050097,0.34568003
c_1_4_765,3.382155,-0.7373626
c_1_4_766,2.6625218,-0.2830813
c_1_4_767,5.0347886,-0.30720857
c_1_4_768,2.683083,-0.99059194
c_1_4_769,-1.2049129,-1.5214896
c_1_4_770,4.6734514,-0.044496328
c_1_4_771,5.137511,-0.56792766
c_1_4_772,6.229875,0.75367653
c_1_4_773,7.295289,0.5370779
c_1_4_774,2.9956348,0.13225429
c_1_4_775,5.13079,0.5192951
c_1_4_776,4.9420977,2.575884
c_1_4_777,8.589679,-0.008492626
c_1_4_778,7.5204773,1.6427176
c_1_4_779,4.0942116,-1.4818195
c_1_4_781,7.4468265,0.14882474
c_1_4_782,3.7172875,-0.3580061
c_1_4_783,4.0359664,0.337566
c_1_4_784,4.328708,-0.032749113
c_1_4_785,5.1440406,0.015192888
c_1_4_786,6.2282543,0.24462488
c_1_4_787,6.486722,1.8480997
c_1_4_788,7.621065,2.8632154
c_1_4_790,4.1225457,-0.124132656
c_1_4_791,5.8976774,-0.005261677
c_1_4_792,7.183405,-0.62387675
c_1_4_793,1.1938081,-0.83026946
c_1_4_794,0.9402264,-1.422282
c_1_4_795,3.3736417,-0.5279836
c_1_4_796,7.6991086,1.3744862
c_1_4_797,5.4274917,0.50414413
c_1_4_798,9.041907,1.7306957
c_1_4_799,1.1038178,-0.8173552
c_1_4_800,5.6565247,0.14700219
c_1_4_801,5.4739237,-0.36876324
c_1_4_802,4.319619,0.06987638
c_1_4_803,6.051577,-0.14334929
c_1_4_804,6.695637,0.44843727
c_1_4_805,5.910324,-0.9370665
c_1_4_806,8.264755,0.7340188
c_1_4_807,5.6952167,0.50460947
c_1_4_808,4.439616,-0.5790542
c_1_4_809,5.239474,-0.9885874
c_1_4_810,9.703066,0.21739721
c_1_4_811,5.6075745,1.4557763
c_1_4_812,9.3793,1.2081887
c_1_4_813,5.9310727,0.7895748
c_1_4_814,4.359507,0.3965514
c_1_4_815,7.561889,1.8281955
c_1_4_816,2.8884346,-1.2932891
c_1_4_817,7.166694,-1.5613525
c_1_4_818,2.883234,-1.5057151
c_1_4_819,5.818223,0.61941725
c_1_4_820,3.1483953,-0.4649587
c_1_4_821,6.189046,0.15299296
c_1_4_822,5.9616604,0.40855262
c_1_4_823,3.3580134,2.1111364
c_1_4_824,4.193707,-0.51062554
c_1_4_825,4.3514605,0.26281136
c_1_4_826,6.9258523,0.43720636
c_1_4_827,8.445975,0.45358363
c_1_4_828,3.653958,0.17039102
c_1_4_829,5.913743,0.4104774
c_1_4_830,4.3990936,-0.09680087
c_1_4_832,7.9254904,0.6743886
c_1_4_833,6.100296,1.4675663
c_1_4_834,5.280992,-0.31507552
c_1_4_835,3.1894486,-0.76008224
c_1_4_836,5.895375,-0.60282093
c_1_4_837,9.672876,0.99608696
c_1_4_838,3.3275354,-0.24142271
c_1_4_839,6.337394,0.5141059
c_1_4_840,8.378338,0.76729286
c_1_4_841,6.3098235,0.6504785
c_1_4_842,7.504432,0.076290816
c_1_4_843,2.4266696,-1.1533605
c_1_4_844,4.9438357,0.2986047
c_1_4_845,5.1882167,-0.45748302
c_1_4_846,3.0454125,-0.86134094
c_1_4_847,7.9150987,1.0195864
c_1_4_848,9.361168,0.14398816
c_1_4_849,-0.65563273,-1.7501829
c_1_4_850,2.53863,-0.045940932
c_1_4_851,5.0375743,0.99253184
c_1_4_852,4.9732575,0.30758792
c_1_4_853,8.907206,0.83198357
c_1_4_854,5.94619,-0.44825187
c_1_4_855,5.58026,-0.47516865
c_1_4_856,4.2752094,0.4319628
c_1_4_857,5.997582,-0.59314007
c_1_4_858,6.053414,-0.2021912
c_1_4_859,-1.3362852,-0.5021952
c_1_4_860,10.914721,0.07396637
c_1_4_861,6.413745,-0.4261692
c_1_4_862,9.593535,2.3305707
c_1_4_863,7.2243347,0.7964565
c_1_4_864,0.5348423,-0.41094315
c_1_4_865,3.0601633,0.13123606
c_1_4_866,6.204299,-0.09252576
c_1_4_867,1.0827858,0.29832265
c_1_4_868,2.8967378,-1.3773413
c_1_4_869,4.505598,-0.47622907
c_1_4_870,7.4732747,1.4449008
c_1_4_871,9.11286,0.6565307
c_1_4_872,5.3166327,0.13065544
c_1_4_873,5.4864388,1.3943259
c_1_4_874,6.458232,0.59663755
c_1_4_875,4.580365,-0.14251266
c_1_4_876,0.14254573,-1.1584839
c_1_4_877,6.7198024,0.009994807
c_1_4_878,5.9815917,0.39187405
c_1_4_879,4.458709,0.42862445
c_1_4_880,1.6560354,-1.1442065
c_1_4_881,6.367131,1.5267338
c_1_4_882,7.4399066,-0.4085655
c_1_4_883,5.4205,0.19441801
c_1_4_884,2.3117943,0.8631782
c_1_4_885,3.425974,2.1301723
c_1_4_886,3.4158945,0.8816016
c_1_4_887,1.8676711,-0.8254371
c_1_4_888,6.579216,-0.31402656
c_1_4_889,6.6809006,0.43848997
c_1_4_890,7.816192,0.12906618
c_1_4_891,7.4488025,1.6886265
c_1_4_892,4.220969,1.4672048
c_1_4_893,6.1595063,0.45779967
c_1_4_894,7.4295506,0.87644595
c_1_4_895,5.459411,1.3342227
c_1_4_896,0.79227245,-0.81146777
c_1_4_897,7.871693,0.3249886
c_1_4_898,7.020036,1.4577786
c_1_4_899,4.991222,-1.6539581
c_1_4_900,3.154391,-0.7712551
c_1_4_901,4.9684086,2.3802755
c_1_4_902,6.547433,0.24893309
c_1_4_903,0.83751506,-0.80732834
c_1_4_904,6.0504932,1.7623664
c_1_4_905,9.467398,0.26044095
c_1_4_906,5.6203966,0.5788341
c_1_4_907,5.0593553,0.26411182
c_1_4_908,2.7929902,0.24919659
c_1_4_909,4.0893683,-0.20627683
c_1_4_910,7.1038413,1.051155
c_1_4_911,5.119238,-0.6028301
c_1_4_912,10.896387,0.47783297
c_1_4_913,3.1900303,-0.2370726
c_1_4_914,4.1860476,0.42398652
c_1_4_915,1.0385457,2.7264938
c_1_4_916,4.9451036,0.7111445
c_1_4_917,6.336128,-0.21430922
c_1_4_918,7.143082,1.9767355
c_1_4_919,7.304587,0.023264892
c_1_4_920,4.3225493,0.29058966
c_1_4_921,6.974445,0.82790244
c_1_4_922,4.5188193,-0.53461474
c_1_4_923,3.0765305,-0.9105149
c_1_4_924,6.2825274,0.05382631
c_1_4_925,4.682727,0.66432923
c_1_4_926,7.5821514,1.342097
c_1_4_927,5.516625,1.1897314
c_1_4_928,4.236539,1.1325203
c_1_4_929,4.3795595,0.43228367
c_1_4_930,4.325049,-0.842131
c_1_4_931,4.3604584,0.22298971
c_1_4_932,3.8665762,-0.9656744
c_1_4_933,4.9753857,-0.41905853
c_1_4_934,5.6922064,-0.23132247
c_1_4_935,4.4906726,-0.36910743
c_1_4_936,8.384138,1.5210553
c_1_4_937,0.21645726,1.215796
c_1_4_938,9.200944,0.77231014
c_1_4_939,7.3067393,1.2415717
c_1_4_940,7.7203493,2.068397
c_1_4_941,7.942126,0.084449336
c_1_4_942,4.133751,0.38748473
c_1_4_943,5.27527,0.75394297
c_1_4_944,13.265666,0.792781
c_1_4_945,5.428748,0.33202305
c_1_4_946,0.66634905,-1.2196699
c_1_4_947,3.702466,0.5059208
c_1_4_948,2.487704,0.49324384
c_1_4_949,5.713602,1.1467123
c_1_4_950,6.718537,0.49785608
c_1_4_951,5.160817,0.35044926
c_1_4_952,4.343966,0.018766712
c_1_4_953,8.531722,0.11143181
c_1_4_954,6.5271616,0.23068349
c_1_4_955,6.5292883,0.82967806
c_1_4_956,2.6874964,-0.34919864
c_1_4_957,6.5332894,1.0451363
c_1_4_958,4.6705704,-0.51865757
c_1_4_959,6.5389814,1.1931188
c_1_4_960,6.531014,0.78508306
c_1_4_961,0.15765446,-0.27196124
c_1_4_962,7.3419566,1.369776
c_1_4_963,6.209908,0.027965153
c_1_4_964,5.0217686,-0.0032684645
c_1_4_965,4.392712,-0.2752237
c_1_4_966,4.0832076,0.10470948
c_1_4_967,3.3280406,0.7040497
c_1_4_968,6.743272,0.6192963
c_1_4_969,5.7856874,1.1757773
c_1_4_970,-0.5565894,-1.3630569
c_1_4_971,6.329566,0.4314901
c_1_4_972,3.8506186,0.14676912
c_1_4_973,4.7249184,-0.6523362
c_1_4_974,8.6051655,0.5281406
c_1_4_975,5.8308992,0.08294581
c_1_4_976,3.8549266,-0.12108343
c_1_4_977,7.650733,-0.11786766
c_1_4_978,4.9687667,0.3484865
c_1_4_979,8.385737,-0.8373279
c_1_4_980,7.422512,0.5117898
c_1_4_982,8.038753,-0.38667226
c_1_4_983,7.98408,1.6319361
c_1_4_984,4.9203014,0.7136334
c_1_4_985,6.2595143,0.23417811
c_1_4_986,4.025549,0.01110751
c_1_4_987,10.809261,1.5585761
c_1_4_988,6.1919765,0.5169537
c_1_4_989,10.680744,-0.65404797
c_1_4_990,9.612471,-0.43395096
c_1_4_991,0.9125726,0.44338998
c_1_4_992,8.314347,3.0169504
c_1_4_993,4.26111,-0.27040204
c_1_4_994,7.718464,0.69450265
c_1_4_995,6.3624554,1.1939152
c_1_4_996,8.112513,-0.31345752
c_1_4_997,5.572267,0.3963474
c_1_4_998,5.1814485,0.93456554
c_1_4_999,5.6584625,0.85289836
c_1_4_1000,6.3702006,0.60043865
c_1_4_1001,5.2666063,1.892916
c_1_4_1002,6.0361056,-0.42490023
c_1_4_1003,3.477019,1.0277091
c_1_4_1004,3.9885476,0.47223452
c_1_4_1005,3.73744,0.34394106
c_1_4_1006,4.139627,-0.80508125
c_1_4_1007,7.2271066,1.448774
c_1_4_1008,4.03496,-0.38450164
c_1_4_1009,5.690602,1.6524686
c_1_4_1010,6.0485716,1.7650782
c_1_4_1011,0.07001756,0.75033295
c_1_4_1012,2.3515434,-1.5171963
c_1_4_1013,2.020293,0.5444883
c_1_4_1014,-0.84276974,0.9057723
c_1_5_4,0.3961176,0.061079226
c_1_5_5,0.13688852,-0.7910215
c_1_5_6,1.0640638,-1.5344918
c_1_5_7,2.2151651,-0.73242307
c_1_5_8,1.6310289,-1.4118083
c_1_5_9,1.8534186,0.72652006
c_1_5_10,1.1980265,1.1012162
c_1_5_11,-0.3357905,-1.5051763
c_1_5_13,-1.1596594,-2.9987543
c_1_5_15,-0.27932072,-1.2529684
c_1_5_17,-0.8497666,-1.0444782
c_1_5_19,0.9343554,-0.20722423
c_1_5_22,-2.2145693,-1.2096488
c_1_5_24,-2.1097937,-0.35525003
c_1_5_26,1.4850856,-1.3088952
c_1_5_27,-1.5958756,-1.7610911
c_1_5_28,-0.69700783,-1.111023
c_1_5_31,3.64621,1.036876
c_1_5_33,-0.8034327,-1.221547
c_1_5_34,-0.7074342,-2.1167946
c_1_5_37,-0.06598981,-1.3905706
c_1_5_38,1.8946124,-2.5783336
c_1_5_40,-1.0242741,-1.246047
c_1_5_45,-0.21064974,-1.1222105
c_1_5_46,0.618677,-0.42491835
c_1_5_47,-2.235316,1.908551
c_1_5_54,0.6372997,-2.0187843
c_1_5_55,-0.18024287,-1.6126227
c_1_5_56,-1.106698,-1.881909
c_1_5_58,-0.68389004,-3.2163148
c_1_5_60,-0.49628738,0.5708936
c_1_5_61,-0.5636491,0.4827873
c_1_5_62,-0.34864068,0.1399273
c_1_5_64,-0.4645199,-0.23048991
c_1_5_65,-1.5222818,0.8871099
c_1_5_66,0.084760025,-1.2555915
c_1_5_67,2.2690396,-1.646532
c_1_5_70,-0.7403667,-0.73564786
c_1_5_71,-0.5260894,-1.3558124
c_1_5_72,-0.8204233,-1.1977788
c_1_5_74,-0.4801196,-0.5768652
c_1_5_76,-1.4035246,-0.105915405
c_1_5_77,-0.44386074,-0.96040297
c_1_5_78,-0.08828517,0.9768849
c_1_5_79,-0.7183371,-2.3016675
c_1_5_80,0.5050073,-0.91207683
c_1_5_81,-0.58938277,-1.2981488
c_1_5_82,0.05721181,0.58843774
c_1_5_83,-0.7560857,-2.9093027
c_1_5_84,-1.6070035,-1.1401314
c_1_5_85,-1.2585505,1.0836133
c_1_5_86,0.14916219,-0.9168353
c_1_5_87,-0.45221552,-0.14005178
c_1_5_88,-0.9668564,-1.7899281
c_1_5_89,-1.7718856,-1.4126058
c_1_5_90,0.18424016,-1.1445323
c_1_5_91,0.6220592,-0.4634659
c_1_5_92,-1.0686659,-1.9371214
c_1_5_93,-0.9048521,-0.53389066
c_1_5_94,-1.5517014,0.45047927
c_1_5_95,-1.8055285,-0.6873173
c_1_5_96,-1.2478018,-1.2954804
c_1_5_97,-1.2700008,-2.0615945
c_1_5_98,-1.9540426,-0.23702915
c_1_5_99,-0.021196457,-0.62461805
c_1_5_100,-0.6352586,-1.5923779
c_1_5_101,-0.7028979,0.655962
c_1_5_102,0.43037546,-0.13115819
c_1_5_103,-1.0633475,-0.34676805
c_1_5_104,-0.71550685,-1.2358872
c_1_5_105,-1.3340197,-0.682246
c_1_5_106,-0.85339576,-1.2386757
c_1_5_107,-2.1681669,1.0493138
c_1_5_108,-1.367559,-2.1313956
c_1_5_109,-0.7491271,-0.6363563
c_1_5_110,5.595727,-0.6617061
c_1_5_111,-1.3585207,-1.0240886
c_1_5_112,-0.7982669,-0.86690784
c_1_5_113,0.9467297,-1.0400379
c_1_5_114,-0.68515253,-0.3326344
c_1_5_115,0.85010266,-1.211625
c_1_5_117,-0.25895992,-0.94553035
c_1_5_118,-0.49103373,-0.8184297
c_1_5_119,-1.8446627,0.022739952
c_1_5_120,-1.308344,-0.620914
c_1_5_121,-1.2669002,-0.94887954
c_1_5_122,-0.24964017,-0.7090201
c_1_5_123,-1.1258223,-1.0570508
c_1_5_124,-0.6973009,-0.5142846
c_1_5_125,3.2098038,-0.55523944
c_1_5_126,-1.7302121,-0.026145265
c_1_5_127,0.7076377,-1.7258726
c_1_5_128,2.8093297,-1.4966754
c_1_5_129,-0.20230682,0.035850894
c_1_5_130,-0.38069808,-0.5355635
c_1_5_131,0.4574749,-1.4059925
c_1_5_132,-1.3869648,-0.41026554
c_1_5_133,-0.9822634,-0.55912167
c_1_5_134,-0.11801968,-2.036095
c_1_5_135,3.3479156,-1.920616
c_1_5_136,1.1611972,-0.668046
c_1_5_137,1.233191,-0.72531354
c_1_5_138,-1.0934536,0.1737457
c_1_5_139,-0.41056332,0.043890398
c_1_5_140,-0.18921602,-1.5965767
c_1_5_141,-0.522682,-1.1882918
c_1_5_142,1.6423965,-1.7836212
c_1_5_143,1.0558788,-0.4513123
c_1_5_144,-1.1056944,-1.5017432
c_1_5_145,-1.2979525,-0.5937442
c_1_5_146,0.74920416,-0.97432876
c_1_5_147,-1.6052347,-1.2586117
c_1_5_148,-0.89609647,1.2517763
c_1_5_149,-1.6671805,-1.5955906
c_1_5_151,-0.42564264,-2.0273006
c_1_5_152,3.1378999,-1.7959293
c_1_5_153,-1.1419007,-0.42371228
c_1_5_154,-0.33615455,-0.2505085
c_1_5_155,-0.57832134,-0.91320837
c_1_5_156,0.2075677,0.754015
c_1_5_157,-0.660232,-0.7997655
c_1_5_158,0.12428267,-1.3883564
c_1_5_159,1.7064141,0.39399722
c_1_5_160,-0.4101845,-0.79984826
c_1_5_161,-1.5244051,-2.239676
c_1_5_162,-1.3976395,0.27433643
c_1_5_163,-1.9269791,0.6465581
c_1_5_164,-1.5906929,0.39917496
c_1_5_165,-1.6157398,-0.49438268
c_1_5_166,-0.93058985,-0.8746467
c_1_5_167,-1.604875,-1.9098799
c_1_5_168,1.5687,-1.8712231
c_1_5_169,-1.6806247,-0.30841458
c_1_5_171,-1.3947328,1.7007815
c_1_5_172,-0.2411055,-0.2712691
c_1_5_173,0.60176045,-0.049573526
c_1_5_174,-0.54937243,-0.5377231
c_1_5_175,0.15656123,-0.5213682
c_1_5_176,-1.8031018,-0.12977554
c_1_5_177,-0.6064735,-0.7078455
c_1_5_178,-0.73742163,-2.1751006
c_1_5_179,-1.2508088,0.94193906
c_1_5_180,-0.10953795,-0.44781926
c_1_5_181,-0.80970675,-0.68606097
c_1_5_182,-1.9015967,-0.66733736
c_1_5_183,2.4632225,-2.424469
c_1_5_184,0.7924028,-0.78631395
c_1_5_185,0.18955164,-1.7305442
c_1_5_186,-0.5758719,-0.86448085
c_1_5_187,0.66416425,-0.75488806
c_1_5_188,-1.4018414,-2.2451005
c_1_5_189,-0.9931666,-0.4992695
c_1_5_190,-1.3748916,-1.7873093
c_1_5_191,-0.96689683,-0.79850894
c_1_5_192,-0.9073826,-1.013896
c_1_5_193,-0.91987956,-1.1402488
c_1_5_194,-0.7542865,-0.9329668
c_1_5_195,0.9065497,-1.4829259
c_1_5_196,-0.723634,0.19442284
c_1_5_197,-0.5612804,-1.1330119
c_1_5_198,-1.1887513,-0.40098315
c_1_5_199,1.8437177,-0.34589395
c_1_5_200,-0.5563205,-0.1583515
c_1_5_201,-1.0883038,0.007732428
c_1_5_202,-1.4797263,-1.190091
c_1_5_203,-0.6612139,-0.25216335
c_1_5_204,-0.34172705,-0.39089468
c_1_5_205,-1.0461595,-0.15862846
c_1_5_206,-2.4214299,-1.177151
c_1_5_207,-1.6844221,1.1362702
c_1_5_208,-0.39676815,-1.2922779
c_1_5_209,-0.8846281,-1.260846
c_1_5_210,-0.31391346,-0.65645957
c_1_5_211,-0.2537219,-1.0703596
c_1_5_212,-0.4600335,-0.48445046
c_1_5_213,-0.59468055,-1.2168783
c_1_5_214,-1.0545411,1.3196675
c_1_5_215,-0.772289,0.3826016
c_1_5_216,-0.97821903,0.67907786
c_1_5_217,-1.4295207,-1.2256322
c_1_5_218,-0.32165813,-0.6870256
c_1_5_219,-1.0673721,0.56316864
c_1_5_220,-0.9269391,-0.13994402
c_1_5_221,-1.2795925,-0.6463014
c_1_5_222,-0.5103746,-1.4555867
c_1_5_223,1.493037,-1.6648086
c_1_5_224,-1.4389577,-0.30500567
c_1_5_225,-0.5471932,-1.0770364
c_1_5_226,-0.6458647,-1.9441832
c_1_5_227,-0.6517149,-1.3349702
c_1_5_228,-0.6986329,-1.9564836
c_1_5_229,-0.3824794,-0.78058535
c_1_5_230,-1.3945915,1.5862269
c_1_5_231,-1.0728544,-1.2920402
c_1_5_232,0.30804712,0.2690213
c_1_5_233,-1.7589266,-0.99348325
c_1_5_234,1.789808,-0.8350919
c_1_5_235,-1.2388694,-1.6603265
c_1_5_236,-0.6962599,0.022703137
c_1_5_237,-0.6860473,-1.441883
c_1_5_238,-0.942511,0.32590812
c_1_5_239,-0.341697,-0.49945343
c_1_5_240,0.6863173,-1.0566697
c_1_5_241,0.35355407,-2.5144668
c_1_5_242,-0.9065347,-1.2370131
c_1_5_243,-0.2506708,-0.369606
c_1_5_244,-0.17891084,-1.8585316
c_1_5_245,-1.4769121,-0.3364718
c_1_5_246,-1.898444,-0.72628856
c_1_5_247,-0.7996344,-1.0239638
c_1_5_248,-1.9112934,-0.3240662
c_1_5_249,-0.50200623,-0.93663275
c_1_5_250,1.7603396,-0.9372809
c_1_5_251,-1.6310977,-2.2698402
c_1_5_252,-0.8286071,-0.1925592
c_1_5_253,-0.7551992,-0.38395998
c_1_5_254,-0.58846277,-1.0039706
c_1_5_255,-2.0599647,-0.4017618
c_1_5_256,0.60042423,-2.1716654
c_1_5_257,-1.8435482,-1.561317
c_1_5_259,-1.5074962,-3.4740448
c_1_5_260,0.47239447,-0.2778288
c_1_5_261,-0.45147425,-0.36123124
c_1_5_262,-1.3510357,-0.14417821
c_1_5_263,-0.8044326,-0.9847908
c_1_5_264,1.1762999,-0.5907487
c_1_5_265,-1.6464304,-1.5392939
c_1_5_266,-1.4062846,0.26981333
c_1_5_267,0.30267408,-1.2043475
c_1_5_268,1.7891961,-1.344786
c_1_5_269,1.1087651,-0.1922757
c_1_5_270,-1.4091141,0.9705956
c_1_5_271,-1.6597762,0.12404087
c_1_5_272,-0.3226818,-0.54346365
c_1_5_273,-1.127966,-1.1575723
c_1_5_274,-1.0740752,0.45412627
c_1_5_275,-1.7027256,-1.502202
c_1_5_277,-1.591698,-1.6439606
c_1_5_278,-0.96537435,0.51960456
c_1_5_279,-1.5757844,-2.1636722
c_1_5_280,-3.402645,-1.2770884
c_1_5_281,1.4826418,-0.78933865
c_1_5_282,-1.1140505,-0.8741293
c_1_5_283,0.3484345,-0.7809477
c_1_5_284,-1.0449665,-0.8223961
c_1_5_285,0.32617784,1.8708295
c_1_5_287,5.137448,-1.5182722
c_1_5_288,-1.8871075,-1.9813966
c_1_5_289,-1.3406557,-0.6109527
c_1_5_290,-1.4979177,-0.3643096
c_1_5_291,-0.5309525,-0.42787486
c_1_5_292,0.96837056,-0.115873076
c_1_5_293,-0.6498727,-1.0772554
c_1_5_294,-0.7471171,-1.0344919
c_1_5_295,0.12326212,-1.3524382
c_1_5_296,0.018064573,-1.7252399
c_1_5_297,-0.11087728,-0.19451357
c_1_5_298,-0.40898156,0.13909604
c_1_5_299,-0.87268543,-3.024226
c_1_5_300,-1.7359812,-1.8302243
c_1_5_301,-0.08852048,0.01994536
c_1_5_302,-0.9163502,-0.4308213
c_1_5_303,0.65544176,-0.8078195
c_1_5_304,0.46061936,-2.4404292
c_1_5_305,-0.57949126,-0.29549798
c_1_5_306,1.8733789,-1.1151863
c_1_5_307,0.08695918,0.21909705
c_1_5_308,-0.70358104,-0.76059645
c_1_5_309,4.883299,-0.5798003
c_1_5_310,0.63466924,-1.6048042
c_1_5_311,-0.40707502,-0.8021815
c_1_5_312,-1.095942,-1.8524979
c_1_5_313,-1.292854,-0.9920257
c_1_5_314,-1.5934445,-0.68903595
c_1_5_315,-1.4070346,-0.17286423
c_1_5_316,-0.81815165,-1.0274843
c_1_5_317,-1.1049751,-1.139303
c_1_5_318,-1.2659086,0.3331746
c_1_5_319,-0.39926693,-0.450604
c_1_5_320,-2.1030352,-3.0211143
c_1_5_321,-0.993275,-0.18355154
c_1_5_322,-1.1611761,-0.7580372
c_1_5_323,-0.9736983,-1.4526935
c_1_5_324,-1.488055,-2.176368
c_1_5_325,3.8452787,-0.0926771
c_1_5_326,-0.45263624,-1.6859885
c_1_5_327,-0.77768135,-0.679628
c_1_5_328,-0.42030016,-0.12272438
c_1_5_329,0.17610663,-0.35787082
c_1_5_330,-1.3352889,-1.3019719
c_1_5_331,-0.7968265,-0.37514392
c_1_5_332,-1.3482586,-0.20204665
c_1_5_333,-0.8858235,-0.713486
c_1_5_334,-0.8409378,-0.6385723
c_1_5_335,-0.65445215,-1.6225811
c_1_5_336,-0.9280615,-2.349579
c_1_5_337,-1.4395155,0.1680739
c_1_5_338,-1.6920197,-0.8637248
c_1_5_339,-0.14747429,0.02781409
c_1_5_340,0.28617018,-1.6151297
c_1_5_341,-1.0015812,-0.79263383
c_1_5_342,-1.3100834,-0.6647323
c_1_5_343,-1.5709964,-1.0188628
c_1_5_344,-1.1840963,0.117913954
c_1_5_345,-1.2875011,-1.7857671
c_1_5_346,1.3927927,-1.5150752
c_1_5_347,0.6562673,0.093488716
c_1_5_348,-1.0605615,-0.5354408
c_1_5_349,-0.6579475,-0.0072218264
c_1_5_350,-2.0151951,1.5703261
c_1_5_351,-0.7566,-1.1532001
c_1_5_352,1.9144137,-1.8603468
c_1_5_353,-0.024404315,-0.0620044
c_1_5_354,-0.84939355,-1.5918392
c_1_5_355,-0.6163633,-0.69472826
c_1_5_356,0.8259068,-0.78420454
c_1_5_357,0.79123986,-0.52821696
c_1_5_358,5.612185,-0.3896309
c_1_5_359,0.6078165,-1.2345247
c_1_5_360,-0.6993149,-1.705662
c_1_5_361,-0.119377926,-1.3524729
c_1_5_362,-1.4321718,-0.60799325
c_1_5_363,-1.1097919,-1.4034365
c_1_5_364,1.1799412,-0.96408063
c_1_5_365,-0.19679365,-0.50578946
c_1_5_366,-0.25997165,-0.68890387
c_1_5_367,-1.1646786,-1.6528456
c_1_5_368,-0.6941105,-0.6450313
c_1_5_369,-0.98269564,-1.1327173
c_1_5_370,-0.7077282,-0.18092713
c_1_5_371,-1.2749356,1.1243333
c_1_5_372,-1.6242584,-1.5851499
c_1_5_373,-0.3447267,-0.15707995
c_1_5_374,-0.020875797,-0.785582
c_1_5_375,-0.875608,0.1114536
c_1_5_376,2.661856,0.52691835
c_1_5_377,-0.04541931,-0.7402931
c_1_5_378,-0.6280133,-0.51771474
c_1_5_379,-0.93204063,1.8630669
c_1_5_380,-0.2722843,0.19615878
c_1_5_381,-1.7602547,-3.1661658
c_1_5_382,-1.1665254,0.6253545
c_1_5_383,-1.1220347,-1.3183088
c_1_5_384,-1.7744883,0.36610165
c_1_5_385,-0.9301551,-0.7588249
c_1_5_386,-0.6132107,1.1333076
c_1_5_387,0.15317951,-0.6201895
c_1_5_388,-0.3144621,-1.7373649
c_1_5_389,-0.9391591,-0.96790683
c_1_5_390,-0.8211319,-0.5349805
c_1_5_391,-1.5676305,0.4302576
c_1_5_392,-0.3341093,-0.24843958
c_1_5_393,-0.8791585,0.09135908
c_1_5_394,-0.8846673,-0.4272039
c_1_5_395,-1.2713668,0.20135827
c_1_5_396,-1.4265492,-1.783552
c_1_5_397,-1.5658187,-1.4798192
c_1_5_398,-1.864476,-0.1160977
c_1_5_399,0.95479524,0.044559285
c_1_5_400,-0.93568045,-0.19603062
c_1_5_401,-0.38671336,-1.2619325
c_1_5_402,-0.6011783,-0.66223866
c_1_5_403,-0.48953265,-1.067656
c_1_5_404,-1.1607637,-1.9625065
c_1_5_405,-0.541038,-1.1362425
c_1_5_406,0.28230634,-1.9825132
c_1_5_407,0.2456945,-0.010462488
c_1_5_408,-1.1831672,-0.27375382
c_1_5_409,-1.2428254,-0.8680857
c_1_5_410,-1.2403992,-0.051744055
c_1_5_411,-1.4750452,-2.1115022
c_1_5_412,-0.28091934,-0.057688203
c_1_5_413,-0.39754075,-0.42432794
c_1_5_414,-1.0716423,-0.6289515
c_1_5_415,-0.80750525,-1.3776727
c_1_5_416,-0.6424133,-0.9813477
c_1_5_417,-0.9603638,-0.45413575
c_1_5_418,-1.6284748,-1.375115
c_1_5_419,-2.0102143,-0.9226887
c_1_5_420,0.34424365,-1.3906168
c_1_5_422,0.07792172,-1.0094868
c_1_5_423,0.017913422,-1.7784892
c_1_5_425,0.34819746,2.7173164
c_1_5_426,-0.45986816,-0.56671494
c_1_5_427,-1.0384676,-1.4354346
c_1_5_428,0.02405702,-0.8325707
c_1_5_429,0.32804173,0.83051395
c_1_5_430,-1.4856321,-0.63582677
c_1_5_431,0.5106159,-0.733673
c_1_5_432,-0.41060233,0.51012814
c_1_5_433,-1.4995829,-0.81697357
c_1_5_434,-1.0377563,-1.0538107
c_1_5_435,0.23265806,-0.7814063
c_1_5_436,0.40661177,0.3892697
c_1_5_437,-1.0460051,-1.060699
c_1_5_438,-1.5839845,-2.6847608
c_1_5_439,-0.8995188,-0.5267134
c_1_5_440,-0.72637933,-0.4407977
c_1_5_441,-1.1719769,0.78724265
c_1_5_442,-1.0054941,0.7373986
c_1_5_443,2.9278588,1.1879374
c_1_5_444,-0.4152151,-0.55655307
c_1_5_445,-0.15827726,-1.0381804
c_1_5_446,-0.47389802,-0.55405444
c_1_5_447,-0.4424004,-1.3281293
c_1_5_448,-2.3010924,-1.7563504
c_1_5_449,-0.21107872,-0.4685078
c_1_5_450,-1.6013533,0.8441425
c_1_5_451,-1.4036747,-0.6820405
c_1_5_452,-0.29025236,-0.61073685
c_1_5_453,-0.3006103,0.28254375
c_1_5_454,-0.67654777,-1.3585756
c_1_5_455,-1.2417645,-1.3849523
c_1_5_456,1.3406577,-0.77019066
c_1_5_457,-1.1422383,-0.38886768
c_1_5_458,-1.3584831,-1.3557864
c_1_5_459,-0.40513283,-0.9243842
c_1_5_460,-0.3326076,-0.109362245
c_1_5_461,-0.7655293,0.421559
c_1_5_462,-1.5124161,-0.02393101
c_1_5_463,0.5925459,-0.5128357
c_1_5_464,0.22052921,-1.5485958
c_1_5_465,-1.7868322,-1.3979719
c_1_5_466,1.88221,-1.4531376
c_1_5_467,0.5004145,-1.2449152
c_1_5_468,-0.7616612,-1.1793329
c_1_5_469,-1.1975468,0.270139
c_1_5_470,-0.5777665,-2.2727387
c_1_5_471,1.0481815,-1.2220883
c_1_5_472,-1.0131269,0.38871315
c_1_5_473,-1.1715535,-3.0814402
c_1_5_474,-1.4821335,-0.23642263
c_1_5_475,-0.34072432,-1.9720547
c_1_5_476,-1.2642196,-0.23097734
c_1_5_477,-1.1055657,-1.6134157
c_1_5_478,-1.1329404,1.0208482
c_1_5_479,-0.8875393,0.64537656
c_1_5_480,-1.1510216,0.2057414
c_1_5_481,-0.864976,-0.115719564
c_1_5_482,-1.8898747,-0.44426405
c_1_5_483,-1.0047594,-0.9967656
c_1_5_484,-0.8828338,-1.324598
c_1_5_485,-1.3313879,-0.03706195
c_1_5_486,-1.755096,-1.3345774
c_1_5_487,-1.0151532,-1.0561824
c_1_5_488,-1.3245078,-0.5828931
c_1_5_489,-0.7607879,-1.150734
c_1_5_490,-1.0945426,-1.0496502
c_1_5_491,-0.04223,-1.5193886
c_1_5_492,-1.2685997,-0.06271627
c_1_5_493,-1.2305009,-0.61315763
c_1_5_494,0.29102948,-1.0609695
c_1_5_495,-1.638196,-2.2414
c_1_5_496,-0.98801243,0.18465258
c_1_5_497,0.3289501,-1.2738804
c_1_5_498,-1.2156411,-1.4595578
c_1_5_499,-0.88535714,0.9963726
c_1_5_500,0.5302508,-0.4028512
c_1_5_501,0.062290397,-0.25900477
c_1_5_502,-0.20166895,-0.8642164
c_1_5_503,-0.20597474,-0.8786268
c_1_5_504,-1.3972785,-0.6967802
c_1_5_505,-0.3751509,-0.87743396
c_1_5_506,-2.0231316,0.17455484
c_1_5_507,-1.4451636,-1.3487281
c_1_5_508,-0.3102727,0.30646625
c_1_5_509,-0.2220522,-1.4547746
c_1_5_510,-0.9512945,-1.8148981
c_1_5_511,0.01046062,-1.7814665
c_1_5_512,0.90871334,1.2933046
c_1_5_513,-0.7631306,-0.8841241
c_1_5_514,-2.003248,0.8111174
c_1_5_515,-1.6325047,-1.4911859
c_1_5_516,-0.39834818,-0.32244796
c_1_5_517,1.3348786,-0.60240775
c_1_5_518,-1.6009662,-0.42046034
c_1_5_519,3.6266344,-0.6220263
c_1_5_520,-0.0033234966,-1.039931
c_1_5_521,-1.9482625,-0.748784
c_1_5_522,-0.14575785,-0.41430652
c_1_5_523,-0.4706598,-0.7219678
c_1_5_524,-0.72172344,0.38016722
c_1_5_525,-1.9157563,1.0168861
c_1_5_526,-2.0708177,1.0087645
c_1_5_527,0.48199174,-0.32421547
c_1_5_528,-1.0836897,-0.69592327
c_1_5_529,-0.6214755,-1.0828714
c_1_5_530,-1.3871156,-0.5373741
c_1_5_531,-0.73726386,-0.5371029
c_1_5_532,-1.5894676,-0.86577857
c_1_5_533,-0.901152,-0.1134542
c_1_5_534,-0.46363777,-0.33856148
c_1_5_535,-0.5241604,-0.24187642
c_1_5_536,0.11936326,-0.5052894
c_1_5_537,-0.24453849,0.822464
c_1_5_538,-0.11997596,-0.10162562
c_1_5_539,-0.8823059,-0.9977193
c_1_5_540,-1.0864656,-0.69504267
c_1_5_541,-1.3504701,-0.42373788
c_1_5_542,-0.63608146,0.607021
c_1_5_543,-2.1745412,0.9088573
c_1_5_544,-1.0539283,-0.7524085
c_1_5_545,-0.56172293,-0.9376327
c_1_5_546,-0.8918448,-0.49206957
c_1_5_547,-1.2147086,-1.2918886
c_1_5_548,-0.8172901,-1.4500638
c_1_5_549,-0.89438486,-0.102118716
c_1_5_550,-1.0739622,0.27070376
c_1_5_551,-1.0930029,-1.0601008
c_1_5_552,-0.8447281,1.1586595
c_1_5_553,-1.1934226,-0.6484466
c_1_5_554,-0.97106665,1.2004936
c_1_5_555,-0.24580196,-0.22871986
c_1_5_556,0.5137582,-0.71680135
c_1_5_557,0.13754138,0.2288354
c_1_5_558,1.9129492,-0.21555328
c_1_5_559,-1.8373214,-2.5977156
c_1_5_560,-1.3750924,-0.72122777
c_1_5_561,-0.75187093,-1.78958
c_1_5_562,-0.67288154,-1.1855764
c_1_5_563,-0.7886277,-0.38290596
c_1_5_564,-1.6715226,-0.119792774
c_1_5_565,1.0412184,-1.6509669
c_1_5_566,1.9995444,-1.0788401
c_1_5_567,2.2307842,-1.971576
c_1_5_568,-1.3829498,-1.0466506
c_1_5_569,-1.4938649,-1.8165655
c_1_5_570,1.1962303,-1.2516079
c_1_5_571,-0.16173948,-0.96919113
c_1_5_572,-0.86712575,-0.14194244
c_1_5_573,-0.25767288,-1.0242524
c_1_5_574,-1.6003371,-0.49755302
c_1_5_575,0.27105293,-0.9583677
c_1_5_576,-1.0426735,0.5371742
c_1_5_577,3.8487058,-0.4636206
c_1_5_578,0.3917685,-0.9519424
c_1_5_579,-1.5288525,-0.520106
c_1_5_580,-1.0790515,-1.4227326
c_1_5_581,-0.16460164,-0.7174261
c_1_5_582,0.146889,-0.6131347
c_1_5_583,-0.033389773,-0.5469277
c_1_5_584,-1.3159925,-0.2668285
c_1_5_585,-1.2605239,2.3234234
c_1_5_586,0.061810605,0.12988074
c_1_5_587,1.0425764,-0.79952174
c_1_5_588,1.0216267,0.045629077
c_1_5_589,-1.9814671,-0.72790545
c_1_5_590,0.45835835,-1.3225505
c_1_5_591,1.5068103,-0.2460405
c_1_5_592,0.34687918,-0.49900344
c_1_5_593,-0.105821244,-0.25094008
c_1_5_594,0.41060093,-2.2201405
c_1_5_595,-0.87147486,1.356747
c_1_5_596,2.5565526,-0.008308263
c_1_5_597,-0.4716767,-0.17808537
c_1_5_598,1.0349846,-0.50101256
c_1_5_599,-0.4106994,0.22279163
c_1_5_600,-1.2128251,0.00115091
c_1_5_601,-0.17468207,0.31040725
c_1_5_602,-1.5773135,-0.7252704
c_1_5_603,-0.23653434,-1.1015313
c_1_5_604,-0.4181633,0.6445119
c_1_5_605,-0.55002177,-1.6157862
c_1_5_607,0.4077907,-1.3724064
c_1_5_609,1.2464392,-0.5859225
c_1_5_610,-0.013561639,-0.4492156
c_1_5_611,-2.3290951,-0.75263536
c_1_5_612,-0.053989727,-2.7429564
c_1_5_615,3.9202578,-0.42769003
c_1_5_616,-0.85803443,-2.5548987
c_1_5_617,1.6310084,-0.5564834
c_1_5_618,-2.1725624,-2.2249162
c_1_5_619,-0.3324041,-1.4734985
c_1_5_620,-1.945736,-0.44069287
c_1_5_621,-0.26171404,-2.0255086
c_1_5_622,-0.6222514,-1.4758835
c_1_5_623,2.658259,-0.6584505
c_1_5_624,0.5507921,-2.341901
c_1_5_625,-0.0940577,-3.7108073
c_1_5_626,-1.2905909,0.04077912
c_1_5_627,-1.1434172,-1.0746645
c_1_5_628,-1.9326247,-2.4989986
c_1_5_629,0.07222288,0.4788381
c_1_5_631,-0.95456403,-1.691215
c_1_5_632,-0.55596024,-1.7852561
c_1_5_633,-0.114972465,-1.8942258
c_1_5_634,-1.0982925,-1.1892915
c_1_5_635,-1.5603709,-1.6838294
c_1_5_636,-0.7354305,-0.35447222
c_1_5_637,0.06709137,0.16225544
c_1_5_638,-0.7271356,-0.98545593
c_1_5_639,-1.3372614,-2.8793921
c_1_5_640,0.5137274,0.33651096
c_1_5_641,0.19035502,-2.0659168
c_1_5_642,-0.52637506,-1.4481847
c_1_5_643,-0.5226826,-0.5976607
c_1_5_644,-0.7372061,-0.62325984
c_1_5_645,0.14583333,-1.7236135
c_1_5_646,3.283395,-1.162829
c_1_5_647,0.6281034,-0.22002435
c_1_5_648,-1.7588844,-1.1220216
c_1_5_649,-1.3442699,-0.2755124
c_1_5_650,0.08025794,-0.5016793
c_1_5_651,1.4680892,-0.9861773
c_1_5_653,0.059411395,-1.6053293
c_1_5_654,2.4783103,-1.2332678
c_1_5_655,-1.1581986,0.09364389
c_1_5_656,-0.9280706,-0.31896612
c_1_5_657,-1.6839465,0.42312363
c_1_5_659,-1.9197879,0.6331731
c_1_5_660,0.17486328,-0.331736
c_1_5_661,2.106467,-0.76353353
c_1_5_662,0.42775455,-1.9395579
c_1_5_664,0.28256208,-1.111065
c_1_5_665,-1.8407617,-0.48105922
c_1_5_666,-0.97059035,-1.5541853
c_1_5_667,0.6343736,-0.1817425
c_1_5_668,1.6458969,-1.2008564
c_1_5_669,-0.8104822,-1.6130012
c_1_5_670,-0.56491,-1.2931776
c_1_5_671,-0.33226445,-1.384769
c_1_5_672,-0.5224825,-0.9334601
c_1_5_673,0.56264585,-1.4703013
c_1_5_674,-1.3772974,-2.7454894
c_1_5_675,-0.79771286,-0.22783844
c_1_5_676,-0.4997026,-0.14462899
c_1_5_677,-0.5828529,-0.012484643
c_1_5_678,0.41866505,0.120607525
c_1_5_679,-1.6358624,-2.614262
c_1_5_680,-1.1409854,-0.8771186
c_1_5_681,1.2515572,-1.4056636
c_1_5_683,-0.45279506,-1.1370264
c_1_5_684,-1.2076108,-0.7760242
c_1_5_685,0.421906,-0.46017462
c_1_5_686,-0.11484314,0.8132071
c_1_5_687,-0.16816436,-0.45071644
c_1_5_688,-0.97339517,-1.5232441
c_1_5_690,-1.0431625,0.22233339
c_1_5_691,1.0596386,-1.2425574
c_1_5_692,0.5438967,-0.36398134
c_1_5_693,-1.1767106,-1.11027
c_1_5_694,-1.0489383,0.5077067
c_1_5_695,-0.83664995,-1.1238259
c_1_5_696,-2.1237495,-1.7101175
c_1_5_697,-0.6031652,0.2730033
c_1_5_698,-1.7393398,-1.1275862
c_1_5_699,-2.4446263,0.55880284
c_1_5_700,-0.6309027,-0.30969813
c_1_5_701,0.67438203,0.020175776
c_1_5_702,-1.1462435,0.3220596
c_1_5_703,-1.3985375,-1.2705013
c_1_5_704,-0.7811347,-1.3425885
c_1_5_705,-0.59852487,-0.8471487
c_1_5_706,0.14994588,-0.7891757
c_1_5_707,1.8224814,-0.47140265
c_1_5_708,-0.7858089,-1.524473
c_1_5_709,-1.4295908,-1.1403034
c_1_5_710,-0.9620262,-0.21411303
c_1_5_711,-2.1173046,0.2797142
c_1_5_712,-1.2389351,-0.79166806
c_1_5_714,-0.8866693,-1.1049482
c_1_5_715,-1.5445555,-1.2763621
c_1_5_716,-0.34756526,0.28432688
c_1_5_717,-1.2497749,-2.9070115
c_1_5_718,-0.91659606,-1.8480207
c_1_5_719,-0.5387823,-1.774787
c_1_5_720,-1.7852707,-1.19508
c_1_5_721,-1.6205751,0.7000566
c_1_5_722,-1.449862,-0.2521166
c_1_5_723,-0.53175235,-0.47417188
c_1_5_724,-0.031160591,0.31495166
c_1_5_725,-0.3117477,-0.46756494
c_1_5_726,-0.3881504,-0.9387517
c_1_5_727,-0.16736314,-0.6767819
c_1_5_728,0.042747486,1.1400362
c_1_5_729,0.84194684,-1.4951191
c_1_5_730,0.52593327,0.19823235
c_1_5_731,0.06608005,-1.0142945
c_1_5_732,-0.50719017,-0.31408572
c_1_5_733,-1.9141486,-1.229708
c_1_5_734,-0.84992826,-1.0365196
c_1_5_735,-1.92248,0.507949
c_1_5_736,-0.8904656,-0.91418314
c_1_5_737,-1.0981076,-1.7878281
c_1_5_738,-0.9200138,-1.451964
c_1_5_739,0.4745712,0.6269293
c_1_5_740,-0.06637594,0.92232877
c_1_5_741,-0.8680094,2.0968916
c_1_5_742,-0.41841897,-1.0863758
c_1_5_744,-1.6708776,-0.3553237
c_1_5_745,-2.134494,-0.8547383
c_1_5_746,0.36460352,-1.5615444
c_1_5_747,4.1896367,-1.3647287
c_1_5_748,-1.5618864,-0.662487
c_1_5_749,-0.98073566,-1.116985
c_1_5_750,-1.0762235,-0.20786981
c_1_5_751,1.0516331,-0.030223865
c_1_5_752,0.47480315,0.57372016
c_1_5_753,-1.0467528,-1.2360568
c_1_5_754,0.050123356,-1.7354122
c_1_5_755,-0.84591997,-1.1644354
c_1_5_756,-0.112214044,1.4434402
c_1_5_757,0.63249123,-1.8616205
c_1_5_758,-1.589255,-0.56393296
c_1_5_759,3.5205884,-0.4916576
c_1_5_760,-0.95300233,-0.2811175
c_1_5_761,-1.6152103,-0.06306521
c_1_5_762,-0.5136551,-0.5217852
c_1_5_763,-0.83605087,0.38359654
c_1_5_764,-0.9274996,0.26670113
c_1_5_765,-1.826254,-1.9087907
c_1_5_766,1.7146345,-1.418454
c_1_5_767,-2.0962362,-0.13283359
c_1_5_768,-1.1300154,0.09488039
c_1_5_769,-0.9467107,-0.95503193
c_1_5_770,-1.1419168,-0.42323542
c_1_5_771,3.0235195,0.14910169
c_1_5_772,-0.7014955,-1.9285686
c_1_5_773,-0.34662127,0.54471815
c_1_5_774,-0.66010165,1.764426
c_1_5_775,4.106032,-0.6776473
c_1_5_776,3.19734,-0.44971326
c_1_5_777,3.2816725,-0.8599858
c_1_5_778,4.3754106,0.14471541
c_1_5_779,0.143222,-1.6347378
c_1_5_780,-0.37631834,-0.27887133
c_1_5_781,-0.76039875,-0.017127119
c_1_5_782,-0.20640574,-0.5578631
c_1_5_783,-0.9352254,-1.3970898
c_1_5_784,0.7640363,0.09461134
c_1_5_785,-0.9725471,-1.3856326
c_1_5_786,-0.44016433,-0.23074931
c_1_5_787,-1.1393832,0.38734508
c_1_5_788,4.8938575,0.54007936
c_1_5_789,-1.850366,-0.12463067
c_1_5_790,-0.34792575,0.8611332
c_1_5_791,-0.83839834,-0.7818495
c_1_5_792,-1.0396844,0.5004094
c_1_5_793,2.97617,-0.66878927
c_1_5_794,-0.8687349,0.46374607
c_1_5_795,-1.0292447,-1.6781317
c_1_5_796,-0.09346077,-0.030125989
c_1_5_797,2.3402972,0.13473253
c_1_5_798,-1.1164008,-1.0309998
c_1_5_799,-1.3039757,-1.4824545
c_1_5_800,0.47246313,-1.147826
c_1_5_801,-0.8098218,-0.9169029
c_1_5_802,2.939313,-0.70782167
c_1_5_803,-0.537974,-0.56260586
c_1_5_804,-1.7527162,0.25839728
c_1_5_805,-0.64013255,-0.9508085
c_1_5_806,-0.32255593,-1.2912655
c_1_5_807,4.721456,-0.9480127
c_1_5_808,-1.2621061,-0.9690314
c_1_5_809,-0.44479215,-1.4354212
c_1_5_810,-0.41934422,-1.4122251
c_1_5_811,0.5854147,-2.1590533
c_1_5_812,-0.13933156,0.25797567
c_1_5_813,-1.2981737,-0.38931507
c_1_5_814,-1.6562271,0.2855607
c_1_5_815,1.464821,-1.2916662
c_1_5_816,-0.95867294,-0.9468643
c_1_5_817,-1.0324532,-1.679029
c_1_5_818,2.390014,0.13583016
c_1_5_819,-0.99237883,-1.2095724
c_1_5_820,0.56375486,0.2781001
c_1_5_821,-1.9767547,-2.0937328
c_1_5_822,2.3493514,0.084580116
c_1_5_823,1.1835546,-0.5444984
c_1_5_824,-0.89407843,0.13464448
c_1_5_825,1.2860148,-0.6658121
c_1_5_826,-0.61009943,-1.4894853
c_1_5_827,-0.15740159,-2.5863235
c_1_5_828,0.009781626,-0.80989796
c_1_5_829,-0.47003755,-0.2530803
c_1_5_830,-1.6087165,0.20806058
c_1_5_831,2.6867046,-1.4369545
c_1_5_832,-2.009266,0.41566217
c_1_5_833,1.3986527,0.8600508
c_1_5_834,-1.3425151,-0.68122953
c_1_5_835,-0.4315485,-0.8443976
c_1_5_836,-0.039193466,0.49995726
c_1_5_837,-0.26317334,2.185783
c_1_5_838,0.6620841,0.1935478
c_1_5_839,-0.9248847,-0.4571812
c_1_5_840,0.941325,0.97525424
c_1_5_841,1.4789594,-1.9800409
c_1_5_842,0.18444245,0.332235
c_1_5_843,-1.282482,-0.08017466
c_1_5_844,1.3525666,-0.5712169
c_1_5_845,-0.776394,-1.3347569
c_1_5_846,1.7597655,-0.599645
c_1_5_847,-0.53646535,1.7250994
c_1_5_848,-0.013641008,-0.8089701
c_1_5_849,0.15146656,-1.6871632
c_1_5_850,-0.11754362,-0.89128935
c_1_5_851,-1.6062284,-2.3800027
c_1_5_852,-0.476075,-0.16320157
c_1_5_853,-0.42132893,-1.1612992
c_1_5_854,-1.4904019,-0.25344512
c_1_5_855,0.65576285,-2.1166427
c_1_5_856,-1.5325495,-0.5474293
c_1_5_857,-1.0182105,-0.46420452
c_1_5_858,0.45379257,-1.0458047
c_1_5_859,-0.9096056,-0.4514041
c_1_5_860,-0.64272183,-1.066985
c_1_5_861,-0.5821248,-0.65080404
c_1_5_862,0.32516432,0.4514967
c_1_5_863,-0.11227512,-0.9207743
c_1_5_864,-0.28031504,-0.94730014
c_1_5_865,0.017021408,-1.1109283
c_1_5_866,-0.6531621,-1.3434453
c_1_5_867,-1.6352583,-0.18458237
c_1_5_868,-0.13781045,-1.0617529
c_1_5_869,-1.4617374,1.3867189
c_1_5_870,-0.80684394,-0.41044056
c_1_5_871,-1.078293,-1.109308
c_1_5_872,-0.8957901,-1.369962
c_1_5_873,-1.0595338,1.070544
c_1_5_874,0.5593861,-0.38860112
c_1_5_875,0.14842467,-0.95200366
c_1_5_876,-0.22120509,0.494582
c_1_5_877,0.6712704,0.19295536
c_1_5_878,-1.5740567,-0.7057057
c_1_5_879,-1.5318676,-0.53383875
c_1_5_880,0.43218124,-0.7951258
c_1_5_881,-1.0297745,-1.6497704
c_1_5_882,-1.1302335,0.5630804
c_1_5_883,-0.9374055,-0.78173596
c_1_5_884,-0.61371,0.52278936
c_1_5_885,-0.8289035,-1.06648
c_1_5_886,-1.1555965,0.65185153
c_1_5_887,0.27919784,0.3533844
c_1_5_888,-0.7380349,-1.7719986
c_1_5_890,2.9593298,1.5022631
c_1_5_891,-1.2398456,-1.4811229
c_1_5_892,2.988508,-1.4323249
c_1_5_893,-1.5395747,-0.8459602
c_1_5_894,-1.3387799,-1.5900983
c_1_5_895,1.6084645,-0.28813255
c_1_5_896,-1.5946237,0.6345221
c_1_5_897,-0.52151567,-0.50229627
c_1_5_898,-0.61076033,-1.4536263
c_1_5_899,0.4654331,0.27280653
c_1_5_900,-1.2876384,-2.3848562
c_1_5_901,1.3473115,-1.8586191
c_1_5_902,1.4872802,-0.9079349
c_1_5_903,2.1739454,-0.24207602
c_1_5_904,-0.22671449,-1.4064977
c_1_5_905,-0.055424124,-0.9638483
c_1_5_906,0.33725032,-1.1684421
c_1_5_907,-1.0830847,-3.3292332
c_1_5_908,-2.0607653,-0.9692054
c_1_5_909,0.050717406,-1.7768323
c_1_5_910,-0.77584654,-0.12549505
c_1_5_911,2.142448,-0.21091294
c_1_5_912,3.53669,-1.1545792
c_1_5_913,-0.39271176,0.4417734
c_1_5_914,-0.4618859,-0.33543292
c_1_5_915,0.02643831,0.40309122
c_1_5_916,2.4101644,0.25353932
c_1_5_917,-0.32509983,-0.7193401
c_1_5_918,0.56357676,-0.5032865
c_1_5_919,3.2623088,-1.5275775
c_1_5_920,0.02241984,-0.073639184
c_1_5_921,0.35392055,-1.7742897
c_1_5_922,-1.4467254,-0.9383003
c_1_5_923,-1.9752878,1.0894063
c_1_5_924,-0.7396725,-1.1293298
c_1_5_925,0.15497613,-1.6105769
c_1_5_926,2.9225497,-0.19084097
c_1_5_927,4.8020835,-0.26142228
c_1_5_928,-0.98734665,-0.78997713
c_1_5_929,-0.06263757,-0.36467785
c_1_5_930,5.5146456,1.5135843
c_1_5_931,-1.3806489,-0.45270133
c_1_5_932,-1.2088906,-0.92699564
c_1_5_933,-0.24414164,-0.9833469
c_1_5_934,-0.4597606,-0.5318407
c_1_5_935,1.4739351,0.061067436
c_1_5_936,-0.055398602,-0.2374415
c_1_5_937,-1.3813148,-1.4737458
c_1_5_938,-0.72720355,0.47674015
c_1_5_939,0.018458456,0.74981815
c_1_5_940,-0.95367193,0.40988904
c_1_5_941,5.8277445,0.07129402
c_1_5_942,-0.97063863,-0.82454914
c_1_5_944,-1.6034236,-0.35259327
c_1_5_945,0.17629775,0.6056852
c_1_5_946,0.86118263,-1.0065451
c_1_5_947,0.6783195,1.6894362
c_1_5_948,1.1118969,-1.4788737
c_1_5_949,0.6301033,-2.3804386
c_1_5_950,-0.38471794,-1.7301062
c_1_5_951,0.012370436,-0.3278225
c_1_5_952,2.8911157,-1.3071955
c_1_5_953,-0.56234777,1.6049994
c_1_5_954,2.8697572,-0.7704826
c_1_5_955,-1.3716615,-0.37351874
c_1_5_956,-0.14937103,-0.2941693
c_1_5_957,-1.2408736,-0.553257
c_1_5_958,-0.22670387,-0.04366954
c_1_5_959,-0.1002383,0.33737987
c_1_5_960,0.49619165,0.33646232
c_1_5_961,-0.3431654,-1.0987294
c_1_5_962,-0.5504662,2.0658092
c_1_5_963,-0.41546214,-1.8865292
c_1_5_964,1.0152911,0.87104166
c_1_5_965,0.79167485,-1.3157674
c_1_5_966,-2.0299475,-0.50481653
c_1_5_967,0.580132,-1.8928922
c_1_5_968,-0.94449645,-0.037040643
c_1_5_969,-1.6892009,-0.8644902
c_1_5_970,2.6506763,-1.0599836
c_1_5_971,4.9272056,0.30502516
c_1_5_972,-0.34762117,0.39638945
c_1_5_973,-0.17402193,-0.4473702
c_1_5_974,0.0042966236,0.6883827
c_1_5_975,3.6071694,0.85311383
c_1_5_976,-0.27152306,0.36393473
c_1_5_977,2.494602,1.412221
c_1_5_978,0.47392568,-0.7568773
c_1_5_979,-1.4936433,-0.20695539
c_1_5_980,3.5729036,-0.85355514
c_1_5_981,0.10798208,-0.7653256
c_1_5_982,0.67779356,-0.59325093
c_1_5_983,-1.020664,-0.4137219
c_1_5_984,-0.8670616,-1.7686578
c_1_5_985,-0.4356626,-0.89677566
c_1_5_986,2.301379,-0.43201932
c_1_5_987,1.5650496,-1.08371
c_1_5_988,-0.9454948,-1.4225862
c_1_5_989,-0.1517993,-0.7496493
c_1_5_990,-0.25913227,-0.09795711
c_1_5_991,-1.4021624,-0.6946174
c_1_5_992,-0.567239,0.24254838
c_1_5_993,0.013258138,-0.3941305
c_1_5_994,-0.29944205,-1.4630953
c_1_5_995,-0.30609348,-1.1607285
c_1_5_996,0.977893,-0.23654763
c_1_5_997,-1.4360257,0.40814057
c_1_5_998,-1.861426,-0.708971
c_1_5_999,6.759946,1.0164644
c_1_5_1000,-0.6595401,0.94489527
c_1_5_1001,0.2572286,-0.57953274
c_1_5_1002,-0.8058134,0.5104615
c_1_5_1003,-2.1905675,-1.4334853
c_1_5_1004,-0.7233804,-0.06555078
c_1_5_1005,2.5493817,-0.9642685
c_1_5_1006,-0.056897845,0.6585471
c_1_5_1007,-0.16495807,-2.1801493
c_1_5_1008,0.5841266,-0.90932256
c_1_5_1009,-1.3706672,2.3622835
c_1_5_1010,-0.02422444,-0.49528638
c_1_5_1011,4.9433165,0.776696
c_1_5_1012,-0.67588973,1.1194105
c_1_5_1013,0.7128381,-0.259125
c_1_5_1014,3.3035288,0.13758454
c_1_5_1015,1.072897,0.049585447
c_1_5_1016,-1.2097956,-0.698901
c_1_5_1017,-1.1007823,-0.59966695
c_1_5_1018,0.006420758,-0.5364634
c_1_5_1019,1.3288049,-0.26783666
c_1_5_1020,-0.9374213,-0.7133659
c_1_5_1021,5.010253,0.24266943
c_1_5_1022,-2.2007902,0.51352257
c_1_5_1023,-0.508081,-1.0357584
c_1_5_1024,-0.002024207,-1.367365
c_1_5_1025,0.60497123,-1.6002713
c_1_5_1026,6.18369,0.7683211
c_1_5_1027,1.6597202,-0.79424393
c_1_5_1029,-0.092887305,-0.10671047
c_1_5_1030,1.7938101,-0.11260425
c_1_5_1031,-1.5900825,-1.3820299
c_1_5_1032,-0.83081543,-1.1045467
c_1_5_1033,-2.0629478,-1.1457436
c_1_5_1034,-0.8780249,-0.27724564
c_1_5_1035,-0.8967835,-0.092101306
c_1_5_1036,5.562038,-0.40398872
c_1_5_1037,-1.5037544,1.4575027
c_1_5_1038,-1.5331502,-1.5655668
c_1_5_1039,1.7771682,-1.1998268
c_1_5_1040,-1.959026,1.1845942
c_1_5_1041,-0.3434607,-0.6983081
c_1_5_1042,0.18668552,-1.8987957
c_1_5_1043,0.29517534,-1.453861
c_1_5_1044,-0.26445523,0.4130787
c_1_5_1045,-0.33565676,-0.19931369
c_1_5_1046,-0.7114464,0.14322078
c_1_5_1047,-0.34085548,-0.6950713
c_1_5_1048,-1.5222778,-0.6214831
c_1_5_1049,0.51647574,1.0401223
c_1_5_1050,-2.089891,0.13730478
c_1_5_1051,-0.10212988,-0.30188596
c_1_5_1052,-0.07362637,-1.5597608
c_1_5_1054,-1.4813477,-0.94226515
c_1_5_1055,0.25291562,-1.0674597
c_1_5_1056,3.819567,-0.768798
c_1_5_1058,-1.9272583,-1.6629751
c_1_5_1059,0.1004784,-0.38143352
c_1_5_1060,8.469366,-0.3139799
c_1_5_1061,1.0037106,-0.7589673
c_1_5_1062,-0.72779906,-1.63059
c_1_5_1063,0.92987436,0.10551181
c_1_5_1064,-0.79906535,-1.3646119
c_1_5_1065,-0.04674762,0.023110284
c_1_5_1066,-1.1404581,-0.019867051
c_1_5_1067,0.8542063,-0.24643396
c_1_5_1068,-1.4424195,-1.1543618
c_1_5_1069,4.168717,0.50581473
c_1_5_1070,0.39000297,-2.5181534
c_1_5_1071,-1.5067562,1.494035
c_1_5_1072,3.0105155,-0.3839566
c_1_5_1073,0.27015913,-1.3241669
c_1_5_1074,-0.19049676,-1.3830026
c_1_5_1075,-0.56592244,-1.0981929
c_1_5_1076,-1.6652044,-2.5667522
c_1_5_1077,-0.8703088,-0.6745744
c_1_5_1078,-1.4636853,-1.9315352
c_1_5_1079,-1.244527,-0.55883133
c_1_5_1080,-1.811242,-0.38362944
c_1_5_1081,1.5089451,1.1990469
c_1_5_1083,-0.7518398,-1.4462492
c_1_5_1084,1.3286796,-1.2978144
c_1_5_1085,-0.98793226,-2.1391873
c_1_5_1086,-1.2367216,-1.8552774
c_1_5_1087,2.148714,-0.009405787
c_1_5_1088,6.723356,2.4423277
c_1_5_1089,0.8508438,-0.27434072
c_1_5_1090,6.1267977,0.02058352
c_1_5_1091,1.6494597,-1.0604273
c_1_5_1092,-1.9856212,-0.31110325
c_1_5_1093,2.5374713,0.17402565
c_1_5_1094,0.90038025,-1.799696
c_1_5_1095,-0.4327334,-3.1384256
c_1_5_1096,-1.2304407,0.29453212
c_1_5_1097,7.367837,1.1315703
c_1_5_1098,0.05590081,-2.0782096
c_1_5_1099,-1.2733587,-1.166483
c_1_5_1100,0.19103229,-0.49672636
c_1_5_1101,4.7300453,-0.038103048
c_1_5_1102,-0.5499888,-1.7330406
c_1_5_1103,-0.095581934,-0.64628005
c_1_5_1104,4.8692074,2.0463293
c_1_5_1105,1.664014,-0.47487348
c_1_5_1106,-0.262932,-1.9269601
c_1_5_1107,-1.4642558,-0.30479103
c_1_5_1108,-0.27830184,-1.6794382
c_1_5_1109,1.4296044,-0.103483744
c_1_5_1110,-1.4581723,0.61611474
c_1_5_1111,1.8665563,-0.93085176
c_1_5_1112,0.362365,-1.6973686
c_1_5_1113,-0.27545354,0.57131636
c_1_5_1114,-0.8092582,-0.6679827
c_1_5_1115,-0.7425815,-0.61465585
c_1_5_1116,-0.96491563,-0.15512756
c_1_5_1117,0.94233793,-1.0697236
c_1_5_1118,-0.6970044,1.0411483
c_1_5_1119,-1.1862757,-0.30614895
c_1_5_1120,1.2229259,-1.8777624
c_1_5_1121,1.2767142,-0.049369358
c_1_5_1122,-0.69279486,-0.7788584
c_1_5_1123,-0.36788842,-0.4622751
c_1_5_1124,-1.0609391,-0.64044076
c_1_5_1125,-1.6933639,-0.7305506
c_1_5_1126,-0.4727974,0.7669809
c_1_5_1127,5.1551766,-0.21233442
c_1_5_1128,0.90053195,-1.5001956
c_1_5_1129,-2.2745876,0.4290542
c_1_5_1130,-0.106808014,-0.92601967
c_1_5_1131,-0.86086935,-0.07529116
c_1_5_1132,-1.5756234,-0.6839694
c_1_5_1133,-0.6128835,1.3436606
c_1_5_1134,-0.5039889,-0.78836244
c_1_5_1135,-0.44902977,0.023017254
c_1_5_1136,-0.12661678,-0.28986093
c_1_5_1137,2.8353193,-0.29259747
c_1_5_1138,-1.441608,-2.328872
c_1_5_1139,-0.5107882,-0.23702899
c_1_5_1140,-1.4808915,-1.0670835
c_1_5_1141,0.23737188,-0.45182428
c_1_5_1142,0.23046903,-1.611621
c_1_5_1143,-0.69290644,-1.0500268
c_1_5_1144,0.2545373,-0.4712112
c_1_5_1145,-0.3728131,0.23744845
c_1_5_1146,-2.0730336,-1.286134
c_1_5_1147,4.009228,-0.16199201
c_1_5_1148,-0.48594114,-0.5648546
c_1_5_1149,-0.3831157,0.100385025
c_1_5_1150,-2.0380034,-0.32010293
c_1_5_1151,-0.7371644,0.26735792
c_1_5_1152,-1.3530499,-1.1601487
c_1_5_1153,-0.11738434,-0.9408893
c_1_5_1154,-1.7174909,1.1774368
c_1_5_1155,-1.2304058,-0.39615697
c_1_5_1156,-0.7953393,-0.60758764
c_1_5_1157,0.42735186,-1.4146117
c_1_5_1158,-1.3797566,-1.2187611
c_1_5_1159,-1.6276814,-0.6537438
c_1_5_1160,-0.45765167,-0.2302975
c_1_5_1161,0.37144563,-0.5760051
c_1_5_1162,-0.106721185,-1.8998985
c_1_5_1163,-0.1825787,-1.3101765
c_1_5_1164,-1.0858133,-0.2388379
c_1_5_1165,-0.5992791,0.07381373
c_1_5_1166,-1.4687773,-0.5712463
c_1_5_1167,0.97990483,-1.8322284
c_1_5_1168,-0.99251765,-1.3469175
c_1_5_1169,-1.2962781,-0.8644223
c_1_5_1170,-0.8911083,-0.5379985
c_1_5_1171,0.15422699,-0.23497275
c_1_5_1172,-1.3576975,-1.3128666
c_1_5_1173,-1.1506782,-0.6200719
c_1_5_1174,-1.0532867,-0.27987757
c_1_5_1175,-1.290577,1.0160047
c_1_5_1176,0.25308833,-1.3822789
c_1_5_1177,-0.28931528,0.011301943
c_1_5_1178,-0.4927278,0.13736208
c_1_5_1179,-0.22776416,-1.5579058
c_1_5_1180,-2.8164427,-1.1761391
c_1_5_1181,-0.61824256,-1.4949641
c_1_5_1182,-1.5453335,-1.8200346
c_1_5_1183,6.7456675,-0.061817557
c_1_5_1184,-0.9814858,-0.1466924
c_1_5_1185,-0.5676276,-1.6003178
c_1_5_1186,-0.9925385,-0.96554065
c_1_5_1187,-0.6729306,-0.68535805
c_1_5_1188,1.3724468,0.45031738
c_1_5_1189,-1.3957006,-0.21479067
c_1_5_1190,-0.28634456,-1.1564065
c_1_5_1191,0.6812309,0.5255119
c_1_5_1192,-0.006455617,-1.2662292
c_1_5_1193,-1.065323,-2.0639045
c_1_5_1194,3.9516819,0.723024
c_1_5_1195,-1.1501135,-0.9084109
c_1_5_1196,-1.7254353,-1.2514976
c_1_5_1197,-0.3425325,0.675448
c_1_5_1198,1.1126696,-0.742632
c_1_5_1199,0.13107777,-1.2282666
c_1_5_1200,-1.1505257,-1.1124356
c_1_5_1201,-1.0272017,1.7542951
c_1_5_1202,-0.414688,0.004423239
c_1_5_1203,-2.053566,0.16597338
c_1_5_1204,-0.022303276,-0.66537505
c_1_5_1205,-1.6792301,-0.55189294
c_1_5_1207,-0.42282706,-0.738675
c_1_5_1208,-0.99244225,-0.53511745
c_1_5_1209,6.806856,-0.25333467
c_1_5_1210,4.1945076,0.0063033327
c_1_5_1211,-0.042748265,-0.8692045
c_1_5_1212,7.2081623,0.5905994
c_1_5_1213,-0.060335346,0.30491084
c_1_5_1214,-1.4319328,-0.08122057
c_1_5_1216,-0.20692745,-1.0004655
c_1_5_1217,2.709361,-1.1947192
c_1_5_1218,-0.46491182,-0.95023286
c_1_5_1219,0.26406515,-0.4798818
c_1_5_1220,-0.909533,-1.3880755
c_1_5_1221,2.437385,0.39162025
c_1_5_1222,-0.9106022,-1.6632181
c_1_5_1223,-1.0007687,-0.07831569
c_1_5_1224,-1.365002,-0.8542989
c_1_5_1225,0.41773182,-0.99282885
c_1_5_1226,6.078543,-0.01885238
c_1_5_1227,-1.1888404,-0.9656541
c_1_5_1228,5.5318685,1.078917
c_1_5_1229,4.784008,0.2465072
c_1_5_1230,-1.7723131,0.44105047
c_1_5_1231,-1.6728414,-1.7289134
c_1_5_1232,0.99745464,0.4213957
c_1_5_1233,4.5187545,0.620626
c_1_5_1234,-0.9777518,-1.0197269
c_1_5_1235,-1.034794,-2.5083208
c_1_5_1236,2.904429,-0.17094363
c_1_5_1237,1.4072475,-0.29686978
c_1_5_1238,0.78430736,-1.2418141
c_1_5_1239,-1.0075898,-0.90745175
c_1_5_1240,7.3309836,0.9070249
c_1_5_1241,0.0753087,-1.35702
c_1_5_1242,-1.9164447,-0.48482695
c_1_5_1243,0.9996673,-0.58580506
c_1_5_1244,4.0016484,0.7872114
c_1_5_1245,4.4685807,-0.48594126
c_1_5_1246,-0.9116947,-0.7058159
c_1_5_1247,-0.107531264,-1.5439645
c_1_5_1248,-0.5809995,0.6913563
c_1_5_1249,7.9650464,-0.3299709
c_1_5_1250,-1.0231297,-1.0503315
c_1_5_1251,9.88657,0.40249053
c_1_5_1252,-0.40794992,-0.73092616
c_1_5_1253,-1.1545628,0.17361769
c_1_5_1254,-0.94981694,-0.3332013
c_1_5_1255,-1.4986833,-1.2832968
c_1_5_1256,3.2932055,-0.48114136
c_1_5_1257,-0.032469567,0.5748896
c_1_5_1258,0.014577652,0.61068016
c_1_5_1259,-1.0243024,-1.051794
c_1_5_1260,1.0249429,-1.42511
c_1_5_1261,-0.40597707,-1.1394616
c_1_5_1262,-1.1463786,-1.1645527
c_1_5_1263,0.60190845,-0.6992592
c_1_5_1264,-0.4001844,-0.11427066
c_1_5_1265,-0.7924599,-0.7176166
c_1_5_1266,-0.46574026,0.6426809
c_1_5_1267,-1.8096967,0.3418756
c_1_5_1268,-0.47765213,0.6944417
c_1_5_1269,4.464665,2.5186136
c_1_5_1270,-0.36601424,-2.0425246
c_1_5_1271,0.12806243,-1.7822202
c_1_5_1272,-0.6028526,0.45159674
c_1_5_1273,-1.5375675,0.28590545
c_1_5_1274,0.06322225,-0.6756843
c_1_5_1275,-0.98692644,0.7917564
c_1_5_1277,0.4219026,1.2527672
c_1_6_4,-1.2206057,-0.059470903
c_1_6_5,-0.6399341,-1.692109
c_1_6_6,-1.4648919,-0.5962535
c_1_6_7,0.86964035,-0.6131991
c_1_6_10,-0.8045065,-0.58463705
c_1_6_11,-1.2200946,-1.2910867
c_1_6_13,-0.92946965,-2.008278
c_1_6_14,-1.7207322,-1.8032875
c_1_6_15,-1.6592718,-2.1825688
c_1_6_18,-1.4844947,-1.0576715
c_1_6_19,-1.3111029,-1.5502445
c_1_6_22,-0.71078044,-0.64267355
c_1_6_23,-0.704441,-0.23271412
c_1_6_25,-0.14690347,-0.81401473
c_1_6_27,-0.23464288,-0.5943917
c_1_6_28,-0.86549205,-1.820728
c_1_6_29,0.777127,-0.52233094
c_1_6_30,-0.43045884,-0.18463518
c_1_6_33,-0.33447364,-2.0759633
c_1_6_34,-0.8067303,-1.1008246
c_1_6_36,1.6203442,-0.18549816
c_1_6_37,-1.1590455,-2.9455705
c_1_6_39,-1.0280534,-1.3899565
c_1_6_40,-0.73939437,-1.3737428
c_1_6_41,-0.10220914,0.4661303
c_1_6_42,-0.76789916,-0.8819857
c_1_6_43,-0.99632335,0.9839894
c_1_6_44,1.1954364,-1.0873047
c_1_6_48,-1.7764504,-1.5099293
c_1_6_49,1.9874732,-0.22122702
c_1_6_51,4.0444293,-1.0028247
c_1_6_52,-0.1911823,0.30373985
c_1_6_53,-1.1041206,-1.7381126
c_1_6_56,2.1785424,-0.57471496
c_1_6_57,0.6165796,-0.50307566
c_1_6_58,-0.6732446,-2.200731
c_1_6_59,-0.44271097,-1.1497184
c_1_6_60,0.3701468,-0.8721796
c_1_6_63,2.212159,-0.48805127
c_1_6_65,-0.11965024,-3.8991783
c_1_6_66,0.6321901,0.27580085
c_1_6_67,-0.6608651,0.021671062
c_1_6_68,0.8209634,-1.0893857
c_1_6_70,0.47274187,-0.11582103
c_1_6_71,3.9632998,-1.5033854
c_1_6_75,-0.8593414,0.6573259
c_1_6_77,-0.9527103,-0.28792524
c_1_6_78,-1.4291227,0.072110265
c_1_6_80,-0.6461309,-0.7797639
c_1_6_82,2.1656976,-0.83256876
c_1_6_83,-0.3214737,-0.93980587
c_1_6_84,-0.05075713,1.307643
c_1_6_85,-1.2508974,-0.6991025
c_1_6_86,5.0212655,0.16387537
c_1_6_87,-0.63963234,-1.6545198
c_1_6_88,-0.42118555,-1.3061583
c_1_6_89,0.49185497,1.143063
c_1_6_92,-1.347725,-0.5270225
c_1_6_93,4.1699343,1.0231913
c_1_6_95,-1.8987119,-0.46817288
c_1_6_97,-0.5896832,-1.2701179
c_1_6_99,2.337484,-0.13341227
c_1_6_100,-1.8725957,2.4503345
c_1_6_102,-1.5566821,-0.982997
c_1_6_103,-0.4797901,-0.59639907
c_1_6_104,-1.0407902,0.7159704
c_1_6_105,-0.4428407,0.61350507
c_1_6_107,-0.19171156,-1.3818913
c_1_6_108,-0.48578703,1.0299805
c_1_6_109,-0.82009786,-0.16298525
c_1_6_110,-0.6944632,-1.308399
c_1_6_111,-0.92318285,1.565346
c_1_6_112,-0.8409702,-0.7269502
c_1_6_113,-1.0372955,-0.29683915
c_1_6_114,-1.779303,-1.0347767
c_1_6_115,-0.10885576,-0.78004193
c_1_6_117,-1.3245536,0.46515438
c_1_6_118,-0.8996931,0.6026005
c_1_6_119,-1.2990668,-0.21308132
c_1_6_121,6.621455,1.0108397
c_1_6_122,-1.4457015,-0.7835459
c_1_6_124,-0.75430447,0.24358255
c_1_6_125,-0.5096881,-0.08167686
c_1_6_126,-0.8310769,-0.39239714
c_1_6_127,3.3736873,0.18418477
c_1_6_128,1.3466859,2.648684
c_1_6_130,-0.2658202,-1.0332994
c_1_6_131,-1.8111093,0.7167918
c_1_6_132,-1.334248,0.28190354
c_1_6_133,-1.7329612,1.0993534
c_1_6_134,-0.8035046,-0.7797897
c_1_6_135,0.79509497,-0.23365238
c_1_6_136,0.019638244,-1.4699908
c_1_6_137,0.14597976,-1.0960882
c_1_6_138,-1.0283833,-1.6704111
c_1_6_139,4.788558,-0.6933954
c_1_6_140,-1.5293586,-0.5446426
c_1_6_141,1.1770947,-1.2415644
c_1_6_142,-0.5674527,0.8328202
c_1_6_143,2.3358514,-0.24199495
c_1_6_144,0.37997812,0.17421737
c_1_6_145,-0.36357057,-0.88192934
c_1_6_146,0.6493142,-0.48978317
c_1_6_147,-1.4162825,0.88150626
c_1_6_148,-0.24133214,-0.8969791
c_1_6_149,-1.2938918,-0.16733636
c_1_6_150,-1.276506,-0.22881778
c_1_6_151,-1.6181365,2.236104
c_1_6_154,0.21762834,-1.7430694
c_1_6_155,-2.199723,-2.3461778
c_1_6_157,0.33402658,-1.9837302
c_1_6_158,3.0842717,0.52826077
c_1_6_159,-1.2684485,-1.2744012
c_1_6_160,-0.12533219,0.5727788
c_1_6_161,-1.1581317,0.12395032
c_1_6_162,-1.1843506,-1.0873709
c_1_6_163,0.781228,-0.3115747
c_1_6_164,-1.0091971,-1.0522339
c_1_6_165,-0.08589831,-0.08077375
c_1_6_166,-0.6560893,1.3812996
c_1_6_167,-1.3178719,-1.8901743
c_1_6_168,-0.8197431,-0.30149493
c_1_6_169,-0.97398674,-0.33271995
c_1_6_170,-1.055537,0.12103771
c_1_6_171,-1.6325188,-0.8800237
c_1_6_172,-0.8072186,-1.0862085
c_1_6_173,-0.18086194,-1.4653163
c_1_6_174,-0.5604133,-0.23130614
c_1_6_175,-0.24656627,-1.2685695
c_1_6_176,-1.051847,-0.484643
c_1_6_177,-0.31066707,-1.6282843
c_1_6_178,-0.40901387,-0.6872611
c_1_6_179,-0.71234107,0.031825993
c_1_6_180,-1.837844,-2.2563262
c_1_6_181,-0.15719333,-0.24879383
c_1_6_182,-1.018832,-0.756884
c_1_6_183,-0.22901616,-0.012038911
c_1_6_184,-0.56133,-0.76441664
c_1_6_185,1.04798,-1.6431624
c_1_6_186,-1.4613613,-2.4215238
c_1_6_187,-1.5937859,-0.5444615
c_1_6_188,-1.4203569,-1.2133787
c_1_6_189,1.1843402,-0.41016328
c_1_6_190,-0.39485055,0.115830116
c_1_6_191,-0.42269024,-0.7416677
c_1_6_192,0.48257744,-1.0896869
c_1_6_193,-1.2134471,-0.048059914
c_1_6_194,-0.6257548,-0.27743745
c_1_6_195,-0.5740085,0.22943372
c_1_6_196,0.63386744,-0.39100924
c_1_6_197,-0.86000687,-1.3995013
c_1_6_198,-0.73011315,-0.48307136
c_1_6_199,0.15995905,1.1664567
c_1_6_200,-0.94246066,-0.1971954
c_1_6_201,0.61464334,-2.049935
c_1_6_202,-1.6767681,-0.03335266
c_1_6_203,-0.4671455,-2.2818067
c_1_6_204,-0.0063864663,-3.2022686
c_1_6_205,0.065030955,-1.9208397
c_1_6_206,0.22352517,-0.3607336
c_1_6_208,-0.25042376,0.21625258
c_1_6_209,-1.8803368,-2.0556571
c_1_6_210,-0.5992418,-0.76830393
c_1_6_211,-0.83127093,-0.5880667
c_1_6_212,-1.8145298,-2.1263208
c_1_6_213,-1.4018457,-0.53784347
c_1_6_214,-0.5962191,-0.1906694
c_1_6_215,-2.071115,-2.2803624
c_1_6_216,-1.4341677,-1.094254
c_1_6_217,-0.990167,-0.6896795
c_1_6_218,-0.4692199,-0.2187686
c_1_6_219,-1.2545031,-2.1913512
c_1_6_220,-1.0123166,-0.8319375
c_1_6_221,-1.4777204,1.5965856
c_1_6_222,-0.6611006,-1.1109718
c_1_6_223,-0.25760645,0.21759664
c_1_6_224,-1.2637513,-1.9875816
c_1_6_226,-0.5889683,0.7629417
c_1_6_227,1.0290917,0.38328123
c_1_6_228,-0.76210785,-0.6484133
c_1_6_229,1.1191324,-0.1478899
c_1_6_230,-0.93895185,0.0688724
c_1_6_231,-0.37175602,-0.4126631
c_1_6_232,-0.8346747,0.24458848
c_1_6_233,-0.07386174,-1.0408908
c_1_6_235,-0.85637164,-1.1128476
c_1_6_236,-0.64272994,0.10325731
c_1_6_237,-1.1467162,-0.6937484
c_1_6_238,-1.3332754,-0.3647272
c_1_6_239,-1.0057479,-0.012201102
c_1_6_240,-0.2683327,-0.36140025
c_1_6_241,0.39204118,0.031254347
c_1_6_242,0.60024196,-0.77022076
c_1_6_244,-0.063286595,-0.56468904
c_1_6_245,-1.8470415,-1.9045538
c_1_6_246,-0.10061308,-0.48788124
c_1_6_247,-0.10276771,-0.3765893
c_1_6_248,-0.056817852,-0.07976491
c_1_6_249,-2.0424895,0.43566877
c_1_6_250,-1.7594751,-1.6321001
c_1_6_251,-0.89599043,-1.0164889
c_1_6_252,-0.83895785,-1.425975
c_1_6_253,1.4639895,-0.21065007
c_1_6_254,0.1961112,-0.37824237
c_1_6_255,-1.5435361,-1.3651603
c_1_6_256,-1.4893929,-0.4103945
c_1_6_257,-1.8032184,-1.5510048
c_1_6_258,-1.9747872,-2.1129553
c_1_6_259,2.7189312,-0.110543214
c_1_6_260,0.2127351,-1.360316
c_1_6_261,-0.90951574,-0.3711768
c_1_6_262,-0.73813325,-0.63355654
c_1_6_263,-1.7024598,-3.2551136
c_1_6_264,-0.18754005,-0.3806284
c_1_6_265,-1.2683194,0.5362298
c_1_6_266,-1.4519395,-1.3538369
c_1_6_267,-0.22147991,-0.90224576
c_1_6_268,0.25033447,-0.7491702
c_1_6_269,-0.33907077,-1.1691811
c_1_6_270,-0.1006445,-0.8781116
c_1_6_271,-0.88630503,-0.9407319
c_1_6_272,-1.8167843,1.5945315
c_1_6_273,-0.7781951,-0.48155096
c_1_6_274,-0.9521623,-1.0494683
c_1_6_275,-1.022646,0.14566134
c_1_6_276,-1.1383682,0.8847952
c_1_6_277,-0.9408887,-0.7989331
c_1_6_278,-1.3946446,-1.1564249
c_1_6_279,-1.3521247,0.22294877
c_1_6_280,-1.4227059,-2.0733006
c_1_6_281,-1.1871003,-1.1152123
c_1_6_282,-0.85739917,-0.6828346
c_1_6_283,-1.6596866,-1.5241506
c_1_6_284,-1.0025795,-1.3515042
c_1_6_285,-0.9993056,-0.8613483
c_1_6_286,-0.46041986,-0.7670144
c_1_6_287,0.01638821,-0.69939363
c_1_6_288,0.34333396,-0.4986731
c_1_6_289,0.62561727,2.090725
c_1_6_290,-1.0316144,1.8198369
c_1_6_291,-1.4453794,2.4981356
c_1_6_292,-0.7964506,0.70653903
c_1_6_293,-0.70698464,-0.27746972
c_1_6_294,-1.6426157,0.23051812
c_1_6_295,-1.5004468,0.15800428
c_1_6_296,-1.0160434,-0.6036634
c_1_6_297,-0.49883717,-0.22172026
c_1_6_298,-0.3983291,-1.5202338
c_1_6_299,-0.40779123,-0.2432091
c_1_6_300,0.09299806,0.9624744
c_1_6_301,-0.36345717,-0.87991387
c_1_6_302,-0.2149694,-0.7233437
c_1_6_303,0.050042216,0.37202957
c_1_6_304,-0.3732607,0.2593609
c_1_6_305,-0.68636245,-2.3880582
c_1_6_306,-0.4648449,-1.2266401
c_1_6_307,-0.77460307,-2.1963384
c_1_6_308,-0.9795357,-1.14358
c_1_6_309,1.7110206,-0.28627697
c_1_6_310,-1.7617244,-1.5518763
c_1_6_311,-1.3101611,0.12572032
c_1_6_312,-0.9271027,0.6636109
c_1_6_313,0.59749526,-1.0614413
c_1_6_314,-1.1384381,0.5120173
c_1_6_315,-0.5741261,0.17984875
c_1_6_316,-0.40125486,-0.7722048
c_1_6_317,-1.3885407,-1.7297797
c_1_6_318,-1.1562792,-1.2139982
c_1_6_319,0.1766633,-1.0168028
c_1_6_320,-1.2689269,-0.7317307
c_1_6_321,-0.27739957,-0.92975444
c_1_6_322,0.20316423,-1.0171974
c_1_6_323,0.93700886,0.36960635
c_1_6_324,0.6897006,-1.5747766
c_1_6_325,-1.7056547,3.0309
c_1_6_326,-0.5379276,-1.6677436
c_1_6_327,-0.22814952,-0.4683179
c_1_6_328,-0.06174934,-0.08780873
c_1_6_329,-1.0437393,-1.3573992
c_1_6_330,-0.28624994,-0.49451208
c_1_6_331,-1.2296966,-0.24380332
c_1_6_332,-1.0014235,3.20453
c_1_6_333,-0.911658,-0.23971651
c_1_6_334,0.014264197,-0.8900443
c_1_6_335,-1.3549253,-2.158525
c_1_6_336,-1.0876113,1.886166
c_1_6_337,-0.20661879,-1.8730445
c_1_6_338,-0.34677193,-0.05231493
c_1_6_339,-1.2246679,-0.8076281
c_1_6_340,-1.316016,-0.66811657
c_1_6_341,-2.6170871,-1.2276971
c_1_6_342,1.1031955,0.68473893
c_1_6_343,-0.8688887,-0.21617843
c_1_6_344,-0.5019471,-1.5550551
c_1_6_345,0.8533162,-1.4450879
c_1_6_346,0.21953307,-0.8658409
c_1_6_347,-0.6262893,-0.29306683
c_1_6_348,-0.9447417,3.3677256
c_1_6_349,-0.24805191,-1.2916577
c_1_6_350,-0.8488583,-1.4515243
c_1_6_351,-0.7376406,-0.80584407
c_1_6_352,-0.49248824,0.5375958
c_1_6_353,-1.1866704,-0.16046947
c_1_6_354,-1.1309161,-0.6869059
c_1_6_355,-1.2365903,-0.30074936
c_1_6_356,2.215902,0.6468198
c_1_6_357,-1.3366946,-0.44418707
c_1_6_358,0.5863974,-0.9073637
c_1_6_359,-1.3396529,-0.24579576
c_1_6_360,0.026543919,1.7439653
c_1_6_361,-0.7286629,-0.7515387
c_1_6_362,-0.6751979,-0.6273776
c_1_6_363,0.60872895,1.0658648
c_1_6_364,-1.4228401,1.6052744
c_1_6_365,-1.827541,-0.8724515
c_1_6_366,-0.90667206,-0.34238464
c_1_6_367,-0.22330092,-0.46415982
c_1_6_368,-1.391459,2.7955894
c_1_6_369,-1.1612535,4.0116615
c_1_6_370,-1.7327664,-1.1653502
c_1_6_371,0.021735169,4.964587
c_1_6_372,-1.360987,8.855658
c_1_6_373,-0.77350116,-0.9719507
c_1_6_374,-0.5011917,-0.57437056
c_1_6_375,-0.6657543,2.0141184
c_1_6_376,-0.9973178,1.5105059
c_1_6_377,-1.4868855,-1.138537
c_1_6_378,-1.8796244,2.6050632
c_1_6_379,-1.9494764,1.7144907
c_1_6_381,0.4301503,-0.860891
c_1_6_382,-0.936411,2.257541
c_1_6_383,1.1772672,-1.5801798
c_1_6_384,-0.45818806,-0.7386157
c_1_6_385,-1.0746982,0.89991343
c_1_6_386,-0.55129355,-0.60043365
c_1_6_387,-1.1256016,-1.1878443
c_1_6_388,-1.3114862,3.0395043
c_1_6_389,-0.77498335,7.0095587
c_1_6_390,0.42528483,0.92868793
c_1_6_391,-0.6531213,-1.3186916
c_1_6_392,0.020415159,0.9597433
c_1_6_393,-0.59883416,-0.24317391
c_1_6_394,-0.80236834,1.3457814
c_1_6_395,-0.5384175,-1.4234068
c_1_6_396,0.051226586,-0.29943022
c_1_6_397,-1.1721135,-0.7198219
c_1_6_398,-0.41829985,-1.664049
c_1_6_399,-0.24191707,-0.65530884
c_1_6_400,-0.8549901,-0.90475863
c_1_6_401,-0.22830333,-0.37669462
c_1_6_402,-1.3409008,3.21509
c_1_6_403,-0.77638775,-0.8416763
c_1_6_404,-1.0628368,-2.1233764
c_1_6_405,-2.0338387,2.7290435
c_1_6_406,0.35907078,-1.0050266
c_1_6_407,-1.1143084,1.6826236
c_1_6_408,-0.7054749,0.2399012
c_1_6_409,0.5610669,-0.5337802
c_1_6_410,-1.1013601,-0.30567396
c_1_6_411,-1.4442403,-0.8767369
c_1_6_412,0.9976467,-2.2712493
c_1_6_413,-0.31844,2.2419136
c_1_6_414,0.19433658,-2.045822
c_1_6_415,-0.35038355,0.3069919
c_1_6_416,-1.9725932,6.432386
c_1_6_417,-0.19439834,0.5594693
c_1_6_418,-0.90467924,-0.8997317
c_1_6_419,-1.2296954,-0.01871236
c_1_6_420,-0.91360545,-0.7121411
c_1_6_421,-1.5953926,4.6976366
c_1_6_422,0.277549,-0.5570307
c_1_6_423,-1.3317598,2.493491
c_1_6_424,-0.9624211,-1.0134873
c_1_6_425,-1.2715193,3.2637355
c_1_6_426,0.9526501,-0.4251804
c_1_6_427,-1.513128,5.3023705
c_1_6_428,-0.40432546,-0.767334
c_1_6_429,0.5641983,-1.4040118
c_1_6_430,-1.9684926,2.9774628
c_1_6_431,-0.21641435,-0.34517694
c_1_6_432,-0.47149736,3.685001
c_1_6_433,-2.1882079,1.6733074
c_1_6_434,-0.800313,0.2130519
c_1_6_435,-1.6343559,-2.5957153
c_1_6_436,-1.5277858,-0.94331586
c_1_6_437,-1.1684352,-0.814825
c_1_6_438,-1.7393538,2.8475246
c_1_6_439,-1.5877182,0.57263505
c_1_6_440,-0.5529592,-1.0386893
c_1_6_441,-2.596873,-1.595663
c_1_6_442,-0.85301137,0.73428214
c_1_6_443,-0.97089523,-0.85287255
c_1_6_444,-0.795902,3.4357429
c_1_6_445,-1.479146,-0.47030348
c_1_6_446,-2.0081432,4.2000694
c_1_6_447,-0.45041907,0.7070038
c_1_6_448,-1.6202663,-1.8722067
c_1_6_449,-1.2660367,0.9883867
c_1_6_450,-0.943205,0.598484
c_1_6_451,0.043603268,1.8632798
c_1_6_452,-1.0341638,-0.573372
c_1_6_453,-0.3882024,-0.46188563
c_1_6_454,-0.45322928,3.760491
c_1_6_455,-2.3630743,-1.0595553
c_1_6_456,-0.29540092,-0.2696995
c_1_6_457,-1.8047482,4.7434473
c_1_6_458,-0.33540368,-0.26081118
c_1_6_459,-1.1699275,-1.3250952
c_1_6_460,-1.9517096,3.2807286
c_1_6_461,-0.8990584,1.9950064
c_1_6_462,-0.8918042,-1.2993963
c_1_6_463,0.5710627,-1.417243
c_1_6_464,0.546725,-1.0378871
c_1_6_465,-1.3596095,-0.85389066
c_1_6_466,0.11958292,-1.1617621
c_1_6_467,0.78685755,-1.635376
c_1_6_468,-0.28421614,0.2714163
c_1_6_469,-1.6239696,2.5109951
c_1_6_470,-0.82003045,2.2834592
c_1_6_471,-1.5604888,2.0932384
c_1_6_472,-1.5395379,2.7016358
c_1_6_473,-0.9045302,-1.1668311
c_1_6_474,-1.579944,-1.2872201
c_1_6_475,-1.985659,4.083046
c_1_6_476,-2.2078645,-2.1743333
c_1_6_477,-1.0996021,0.36439726
c_1_6_478,-0.55287707,-1.2469871
c_1_6_479,-0.88007426,-0.059010092
c_1_6_480,-1.7768472,-0.7123636
c_1_6_481,-1.0818969,0.23946616
c_1_6_482,-0.47458148,-1.0285759
c_1_6_483,-1.2073611,-1.3888321
c_1_6_484,-2.305768,3.0683985
c_1_6_485,-1.4659629,-1.6112758
c_1_6_486,-0.223288,-1.0047109
c_1_6_487,-0.13638714,-2.4025357
c_1_6_488,-0.56670755,2.8407896
c_1_6_489,-1.7825617,-1.9165101
c_1_6_490,-0.7861606,-0.7937257
c_1_6_491,-1.0736611,0.3280975
c_1_6_492,-1.3595611,-0.9025384
c_1_6_493,-0.13010664,-0.31491175
c_1_6_494,-0.71116996,-2.019946
c_1_6_495,-0.36002904,-0.8119445
c_1_6_496,-0.28876504,-0.75237113
c_1_6_497,-0.5941309,2.6516724
c_1_6_498,-2.4176815,3.5747743
c_1_6_499,-0.6536276,-1.4313363
c_1_6_500,-0.9452013,0.2533305
c_1_6_501,-1.222276,0.9355705
c_1_6_502,-1.1237669,-1.0484728
c_1_6_503,-0.9684552,4.797764
c_1_6_504,-1.4581751,-0.80241466
c_1_6_505,-1.109669,1.9931177
c_1_6_506,-0.368319,-0.7253921
c_1_6_507,-1.7571697,-1.1712052
c_1_6_508,-0.30620334,-0.5886535
c_1_6_509,-1.4085909,0.6322323
c_1_6_510,-0.031592328,-1.1016029
c_1_6_511,-1.8446558,4.183754
c_1_6_512,1.6141577,-0.22881608
c_1_6_513,-1.1418272,-0.61414975
c_1_6_514,-0.17738703,-1.119099
c_1_6_515,-0.5208371,-0.5995606
c_1_6_516,-0.56660604,-1.4053901
c_1_6_517,-1.8880627,2.1477287
c_1_6_518,-0.87711436,-0.94523597
c_1_6_519,-0.5400447,0.2726147
c_1_6_520,-0.4075184,-1.1321946
c_1_6_521,0.0061919885,1.4269247
c_1_6_522,-0.47055194,-1.0467322
c_1_6_523,-0.72675997,3.5884013
c_1_6_524,-1.3916237,-0.52177346
c_1_6_525,-0.09648842,-0.51053077
c_1_6_526,0.41062337,-0.6752256
c_1_6_527,-0.33708596,-0.21904749
c_1_6_528,-1.3676903,0.63806456
c_1_6_529,-1.3996472,1.4237984
c_1_6_530,-0.20609239,-0.9955321
c_1_6_531,1.1936328,-1.3078855
c_1_6_532,-1.1435581,3.9401028
c_1_6_533,-2.3776748,6.5525336
c_1_6_534,-0.3174696,0.72551054
c_1_6_535,-2.196864,-2.4747124
c_1_6_536,1.4146523,0.6826796
c_1_6_537,0.36899698,-1.0869362
c_1_6_538,-0.17214268,1.1313478
c_1_6_539,-0.6786402,-1.1666484
c_1_6_540,-0.5456538,-1.6935189
c_1_6_541,-1.2258508,1.9804026
c_1_6_542,-0.4674568,-0.6480285
c_1_6_543,-1.0981965,-0.47259912
c_1_6_544,0.6682368,-0.42198294
c_1_6_545,-0.65876144,-2.327516
c_1_6_546,-0.26513508,0.31448138
c_1_6_547,-0.9744416,-0.44883698
c_1_6_548,0.97631407,-1.2627258
c_1_6_549,-0.7786378,-1.6947801
c_1_6_550,-1.121624,-0.42451808
c_1_6_551,-1.2129152,3.0676923
c_1_6_552,-0.68375176,-1.0797994
c_1_6_553,-1.2458847,2.6573558
c_1_6_554,-0.85673666,4.2206087
c_1_6_555,-1.6080478,-0.74335647
c_1_6_556,-0.16373333,-1.1554295
c_1_6_557,0.16671523,-0.4786992
c_1_6_558,-1.242136,-1.1530102
c_1_6_559,-1.0391833,0.42921618
c_1_6_560,-1.2076133,4.250645
c_1_6_561,-0.60375315,-0.6270144
c_1_6_562,-1.1180241,-1.6636467
c_1_6_563,-0.73571384,-0.70549405
c_1_6_564,-1.060869,-0.031745866
c_1_6_565,0.71846515,-1.0923514
c_1_6_566,0.4925526,-0.5663926
c_1_6_567,-0.008154074,-0.3408279
c_1_6_568,-0.5124784,-0.6297073
c_1_6_569,-0.016743742,-0.22576462
c_1_6_570,-1.4395691,-1.431693
c_1_6_571,-0.6641149,-1.2128983
c_1_6_572,-0.07329843,-1.6005758
c_1_6_573,-1.4360381,5.487635
c_1_6_574,-1.0009465,-0.83623517
c_1_6_575,-1.3500789,-1.016005
c_1_6_576,-0.2815851,-0.03169834
c_1_6_577,0.39176965,-1.5957024
c_1_6_578,-0.44292498,-2.5031984
c_1_6_579,-1.0313215,-0.6151601
c_1_6_580,-1.1326102,-1.1217283
c_1_6_581,0.40937105,-0.63865757
c_1_6_582,-0.139968,-0.022382911
c_1_6_583,-0.8332719,-0.11346317
c_1_6_584,0.11017188,1.5101752
c_1_6_585,-0.32000124,1.7526925
c_1_6_586,-1.343921,1.6632864
c_1_6_587,-0.43506578,-0.260641
c_1_6_588,-0.21882461,0.3929363
c_1_6_589,-0.6019563,-0.9044919
c_1_6_590,0.35561338,-0.049935173
c_1_6_591,1.0522217,0.3759487
c_1_6_592,-0.5419654,-1.309403
c_1_6_593,-0.50316316,-0.5727704
c_1_6_594,-1.5125555,-1.8370644
c_1_6_595,0.21112056,-0.9098154
c_1_6_596,-0.86527234,-0.18287212
c_1_6_597,-1.2963984,4.1554337
c_1_6_598,-1.5868458,-0.047396347
c_1_6_599,-2.0935936,-1.4558386
c_1_6_600,-0.46950814,-1.2488297
c_1_6_601,-0.35954148,-1.0246454
c_1_6_602,-1.2433594,-1.4958904
c_1_6_603,-1.0548964,0.7149477
c_1_6_604,-0.8915288,-1.3623246
c_1_6_605,-1.7413247,-0.8864402
c_1_6_606,-1.5963286,1.857393
c_1_6_607,0.65135914,-1.7600579
c_1_6_608,-0.15357412,-0.5899823
c_1_6_609,-0.74105054,3.9035199
c_1_6_610,-0.5378777,-0.53684247
c_1_6_611,-0.08243826,-0.5422702
c_1_6_612,-0.18023852,-0.34495428
c_1_6_613,-1.2072711,-1.5166684
c_1_6_614,-1.6696237,-0.8326437
c_1_6_615,-0.7272212,-0.17077911
c_1_6_616,1.5928884,0.0786228
c_1_6_617,0.043437738,-0.94764924
c_1_6_618,-0.4449483,-0.83728826
c_1_6_619,-1.1210482,-0.61108553
c_1_6_620,-2.2092507,-0.59351397
c_1_6_621,-1.3399918,-0.3927325
c_1_6_622,2.7400198,-0.059930462
c_1_6_623,-1.1843783,-0.5567094
c_1_6_624,-1.0130267,-0.5717894
c_1_6_625,-0.8068176,-1.1528417
c_1_6_626,-2.3735023,-0.28184292
c_1_6_627,-0.4376918,-0.88459563
c_1_6_628,-1.7653334,0.56765395
c_1_6_630,-3.2764354,8.9896965
c_1_6_631,-0.44472027,1.8952295
c_1_6_632,-0.7896601,-1.1195287
c_1_6_633,-1.4242698,0.03801547
c_1_6_634,-0.9227844,-0.55583715
c_1_6_635,-0.83965886,-2.218789
c_1_6_636,0.5646743,-1.6252177
c_1_6_637,-1.529941,-2.0021896
c_1_6_638,-0.9238414,-1.0129291
c_1_6_639,0.033806637,-1.6531768
c_1_6_640,0.25171816,-0.14014432
c_1_6_641,-1.7060307,1.9508388
c_1_6_642,-1.0830706,-0.592541
c_1_6_643,-1.0196677,0.4315243
c_1_6_644,0.47215948,0.6232488
c_1_6_645,0.114300445,0.51861453
c_1_6_647,-1.5492349,3.5699706
c_1_6_648,-1.1431938,-0.8480997
c_1_6_649,-0.22343686,-0.7908925
c_1_6_650,-0.8060298,-0.6015808
c_1_6_651,-1.315864,-1.0847647
c_1_6_652,-0.8257354,-1.0069447
c_1_6_653,0.046912722,-1.8044914
c_1_6_654,1.4051526,-0.7663634
c_1_6_655,-1.2807915,0.18993719
c_1_6_656,1.9021747,-0.35843182
c_1_6_657,-1.2765462,3.1462095
c_1_6_658,-1.2348256,1.0923598
c_1_6_659,-1.7876774,6.6487236
c_1_6_660,-0.23501797,0.31661004
c_1_6_661,-1.8801913,-2.2190683
c_1_6_662,-2.0474672,-1.64248
c_1_6_663,-0.089147106,-0.9406186
c_1_6_664,-1.3757305,-0.16578878
c_1_6_665,-1.1900059,-1.496486
c_1_6_666,-1.0012769,-1.0303588
c_1_6_668,-0.9724427,-0.568393
c_1_6_669,-0.9518333,-0.6605988
c_1_6_670,-1.5831401,1.0412084
c_1_6_671,-1.199561,-1.3742144
c_1_6_672,-0.8733067,-1.3946925
c_1_6_673,-0.29882038,-1.8531489
c_1_6_674,1.9726353,-0.61997217
c_1_6_675,-0.21382362,2.0250373
c_1_6_676,-2.1002488,0.4621408
c_1_6_677,0.0021127868,-0.5583868
c_1_6_679,-0.7163771,0.3014629
c_1_6_680,-1.8940235,-1.5813811
c_1_6_681,-0.66349393,-1.1011523
c_1_6_682,-0.81279343,-0.857288
c_1_6_683,0.2934798,-1.1846308
c_1_6_684,-0.6694475,-0.015382485
c_1_6_685,-2.0945373,-1.548807
c_1_6_686,-0.63897145,-0.74269587
c_1_6_687,-0.15774354,-1.0650668
c_1_6_688,-0.41912487,-0.6022094
c_1_6_689,-1.1333029,1.709911
c_1_6_690,-0.46724352,-1.6584028
c_1_6_691,-1.9021655,-1.4953381
c_1_6_692,-1.1856533,-0.33237258
c_1_6_693,0.67163026,-1.2594283
c_1_6_694,-2.112127,-2.823375
c_1_6_695,-1.1535393,2.622559
c_1_6_696,-1.6462687,-0.5322511
c_1_6_697,-1.8795335,-1.4973474
c_1_6_698,0.15393291,-0.6505453
c_1_6_699,0.8506573,-0.49426863
c_1_6_700,1.1615872,-0.9294012
c_1_6_702,-0.803927,-0.18081057
c_1_6_703,-1.8712798,-0.5005492
c_1_6_704,-2.1033823,-2.4041975
c_1_6_705,-0.83076674,0.070971355
c_1_6_706,-1.1989505,0.10001305
c_1_6_707,-0.31113237,-0.2182005
c_1_6_708,-1.5797321,-0.7448562
c_1_6_709,-0.69263107,-0.2017087
c_1_6_710,-0.2508104,-1.6876081
c_1_6_711,-1.0946645,-0.26422036
c_1_6_712,-1.1105777,0.6595893
c_1_6_713,-1.2093284,-1.222226
c_1_6_714,-0.6578177,-0.9728136
c_1_6_715,-0.06906261,0.5066944
c_1_6_716,0.0977689,-1.256885
c_1_6_717,-0.64764255,-1.6351364
c_1_6_718,-0.8247756,-0.49881074
c_1_6_719,-0.74993277,-1.1803474
c_1_6_720,-1.420246,-0.7067538
c_1_6_721,-1.1212413,-0.6583781
c_1_6_722,-1.6235301,-0.40245837
c_1_6_723,0.12656595,-0.769043
c_1_6_724,-0.77767646,-1.0057722
c_1_6_725,-1.4832287,0.75569063
c_1_6_726,-0.63845354,-0.34492362
c_1_6_727,-0.9719749,-0.93957084
c_1_6_728,-1.3734695,1.5536567
c_1_6_729,-0.07863141,-0.91534305
c_1_6_730,-1.4217633,-0.17300956
c_1_6_731,-0.86205596,-0.22985913
c_1_6_732,-0.7490203,-0.38401404
c_1_6_733,-0.6506046,0.257559
c_1_6_734,0.25247467,0.25072503
c_1_6_735,1.3302299,-1.3011365
c_1_6_736,-0.73786503,0.71709484
c_1_6_737,-0.2918977,-0.1630759
c_1_6_738,0.6091928,0.18144776
c_1_6_739,-1.3215048,-0.10001038
c_1_6_740,1.7470497,-1.135705
c_1_6_741,-0.24871907,-1.3302135
c_1_6_742,0.023766883,-0.4294893
c_1_6_743,-1.0662668,-0.3166139
c_1_6_744,-0.6585302,-0.5456814
c_1_6_745,-1.8825324,-0.40454915
c_1_6_746,0.2730867,-0.9031175
c_1_6_747,-0.63113374,-1.2474089
c_1_6_748,-2.3309321,-0.23774444
c_1_6_749,-0.7231729,-0.7542831
c_1_6_750,-1.0350953,2.8882248
c_1_6_751,-0.8862922,-0.6676828
c_1_6_752,-0.5363501,-0.37162372
c_1_6_753,0.64939445,-0.8237435
c_1_6_754,0.23643763,-0.7637478
c_1_6_755,-1.2308463,1.6997848
c_1_6_756,0.5103094,-0.61358875
c_1_6_757,-0.21792172,-0.698781
c_1_6_758,-1.7359318,1.4680108
c_1_6_759,-1.2998562,2.0755727
c_1_6_760,-0.042539597,-0.92134094
c_1_6_761,-0.6787218,-1.0283468
c_1_6_762,-1.1442904,-1.0622029
c_1_6_763,-1.6150839,-0.9805579
c_1_6_764,1.8522596,-0.0558932
c_1_6_765,-0.5018406,-0.71457887
c_1_6_766,-1.1208253,-0.62775314
c_1_6_768,-1.192241,-1.3137785
c_1_6_769,-0.49816427,-1.0803478
c_1_6_770,-0.3029184,-1.0058879
c_1_6_771,0.86659443,-0.48011196
c_1_6_772,-0.33188254,-1.0238557
c_1_6_773,-0.90419453,0.105180666
c_1_6_774,0.017043334,0.34355658
c_1_6_775,-0.9245737,0.11288246
c_1_6_776,-0.7105183,2.5956178
c_1_6_777,-2.018903,0.7124344
c_1_6_778,-1.7303,-0.7667051
c_1_6_779,-0.6731162,-0.41277426
c_1_6_780,-0.48812205,-0.7266688
c_1_6_781,-0.2280697,-1.5410782
c_1_6_782,-0.21739896,-0.23172912
c_1_6_783,0.20029636,-1.5169756
c_1_6_784,-0.37811127,-0.67317635
c_1_6_785,-1.1783825,-2.188099
c_1_6_787,-1.6195891,3.9796388
c_1_6_788,-0.18311602,-0.039788224
c_1_6_789,0.20738664,-1.2640103
c_1_6_790,0.74022746,-0.14803901
c_1_6_791,0.6319865,-1.1766781
c_1_6_792,0.25190854,-0.38851815
c_1_6_793,-1.2742658,0.56518143
c_1_6_794,-0.6802007,0.6740998
c_1_6_795,-1.2344447,-0.92758197
c_1_6_796,-2.1616871,-1.8002365
c_1_6_797,-1.1373435,-0.18041202
c_1_6_798,-0.61135113,-0.72457975
c_1_6_799,-0.87680995,-0.033965766
c_1_6_800,0.32193676,-0.8108346
c_1_6_801,-1.5089166,5.6580057
c_1_6_802,-0.88479966,-0.89831895
c_1_6_803,-0.58486044,-0.2210999
c_1_6_804,-0.2654307,-1.0938959
c_1_6_805,-1.9675655,-3.0990453
c_1_6_806,-1.683848,0.90196425
c_1_6_807,-0.9290091,0.50611526
c_1_6_808,-1.6938022,-1.0342754
c_1_6_809,-0.71962166,-1.2963386
c_1_6_810,-1.0678229,-0.23375797
c_1_6_811,-0.82727325,-0.28196415
c_1_6_812,-1.3526652,0.117932715
c_1_6_813,0.4058271,-0.41074663
c_1_6_814,-1.7104409,0.629356
c_1_6_815,0.2083171,-0.6351711
c_1_6_816,-0.13962644,0.65271145
c_1_6_817,-0.78894013,-0.55095017
c_1_6_818,-1.02353,-1.5510546
c_1_6_819,-0.23285016,-1.0498861
c_1_6_820,2.5317428,-2.684023
c_1_6_821,0.56779754,0.000614385
c_1_6_822,-1.4511311,-0.29383376
c_1_6_823,-1.2319865,-0.9204259
c_1_6_824,-0.42772338,-1.1954664
c_1_6_825,0.24629822,-0.51413924
c_1_6_826,2.4514365,-0.11097038
c_1_6_827,-0.6477251,-1.3976897
c_1_6_828,-0.08536378,-0.5451769
c_1_6_829,-0.34201035,-1.0855428
c_1_6_830,-1.5831915,-1.1867927
c_1_6_831,0.38133624,-1.1451852
c_1_6_832,0.20752572,-0.6538564
c_1_6_833,-0.28901014,-1.4444975
c_1_6_834,-1.7097192,-0.12871438
c_1_6_835,-0.9640306,-0.7098081
c_1_6_836,-0.4253597,4.5983086
c_1_6_837,-0.89014715,-0.33767968
c_1_6_838,-0.8989552,-2.4699917
c_1_6_839,-1.1427222,0.20843843
c_1_6_840,-0.004591857,-0.050999366
c_1_6_841,-0.31228858,-0.83638793
c_1_6_842,-1.9310613,1.1113064
c_1_6_843,-0.6858556,0.305626
c_1_6_844,0.85286003,0.14726394
c_1_6_845,-1.0079844,-0.6572804
c_1_6_846,-1.7265686,1.197646
c_1_6_847,-0.9281222,-0.27779204
c_1_6_848,-0.40425688,-0.2772227
c_1_6_849,0.08289929,-0.544118
c_1_6_850,-0.30954456,-1.1175884
c_1_6_851,-1.1793448,3.070828
c_1_6_852,-0.50979054,0.25856164
c_1_6_853,-1.6914608,-0.2450254
c_1_6_854,-0.85807544,0.07186143
c_1_6_855,-0.7045149,-0.84404975
c_1_6_856,-0.674209,-1.5783286
c_1_6_857,0.34384364,-0.55444574
c_1_6_858,0.26688367,0.34424263
c_1_6_859,-0.5283415,-0.48290208
c_1_6_860,-1.1956332,-0.52842104
c_1_6_861,0.5728035,-0.52896315
c_1_6_862,-0.78169197,1.6512513
c_1_6_863,-1.3178139,-1.0447173
c_1_6_864,-1.2826505,3.8541768
c_1_6_865,0.05029758,-0.58605915
c_1_6_866,-0.81211257,-0.161634
c_1_6_867,-0.894799,-0.7055539
c_1_6_868,-0.09598205,-1.4349842
c_1_6_869,-1.4689693,3.2964761
c_1_6_870,0.84370834,-0.6579547
c_1_6_871,-0.5920956,4.116423
c_1_6_872,-1.5945562,-0.14893764
c_1_6_873,1.5056045,-0.14005749
c_1_6_874,-0.21306044,-1.4259962
c_1_6_875,-0.29850957,-1.0797195
c_1_6_876,-0.61611503,-0.057579577
c_1_6_877,-0.6665779,-0.7313405
c_1_6_878,0.15619059,-0.15623675
c_1_6_879,-0.9803355,0.22216375
c_1_6_880,-1.2113954,-0.7496478
c_1_6_881,-1.1198066,-0.5001979
c_1_6_882,-0.74997205,-0.110657655
c_1_6_883,-0.5289735,-1.1925869
c_1_6_884,-0.3326299,-1.1785463
c_1_6_885,-1.2161528,-0.5720554
c_1_6_886,-1.2662411,5.2305517
c_1_6_887,0.100288235,-0.022731623
c_1_6_888,-1.9075445,3.5430782
c_1_6_889,-0.8745088,-0.36848256
c_1_6_890,-0.6446886,0.19773076
c_1_6_891,-0.17865437,-1.1957967
c_1_6_892,2.69624,-0.4294928
c_1_6_893,0.8131668,-0.3058408
c_1_6_895,0.010476588,-1.0296496
c_1_6_896,-1.3512359,0.06084929
c_1_6_897,-0.5693095,-0.09961745
c_1_6_898,-0.43501595,-0.70539904
c_1_6_899,-1.6249217,-0.7148648
c_1_6_900,-1.3498582,-0.08761469
c_1_6_902,-1.2336491,0.11262876
c_1_6_903,-1.3869787,-0.93654877
c_1_6_904,-2.0560117,-0.7938517
c_1_6_905,0.90966535,-1.4253535
c_1_6_906,-0.230589,-1.2895138
c_1_6_907,-0.9208596,-1.0315642
c_1_6_908,-1.1607773,-0.20242652
c_1_6_909,-0.99015266,-1.0687553
c_1_6_910,-1.4325303,-1.4463177
c_1_6_911,-1.3095136,0.039041
c_1_6_912,-1.43551,7.1699624
c_1_6_913,-0.9844439,-0.32672498
c_1_6_914,-0.19994563,-0.57928824
c_1_6_915,0.43375495,-0.95328367
c_1_6_916,-0.06435936,-2.0301516
c_1_6_917,-0.24757455,-1.213265
c_1_6_918,-1.357448,-2.1050413
c_1_6_919,-0.66962975,1.9259269
c_1_6_920,-0.10917483,-1.0657933
c_1_6_921,-0.16411062,-1.4987996
c_1_6_922,-1.1207904,-0.47713774
c_1_6_923,-0.36932725,-0.06252367
c_1_6_924,-0.26340565,-1.9348234
c_1_6_925,-0.9053117,-1.0277376
c_1_6_926,0.04594233,-1.6569133
c_1_6_927,0.83490515,-1.1583107
c_1_6_928,-0.95882684,-1.2110002
c_1_6_929,-0.7267036,-0.49885568
c_1_6_930,-1.4956986,-0.23798272
c_1_6_931,-0.80434185,-0.8122305
c_1_6_932,-1.4924353,0.5178371
c_1_6_933,-1.2962693,0.783377
c_1_6_934,-0.66244835,-0.3504069
c_1_6_935,-1.3707277,0.41180012
c_1_6_936,-0.8002804,0.03795096
c_1_6_937,-1.5883589,-0.908272
c_1_6_938,0.047715493,-0.80177146
c_1_6_939,0.25821924,-1.21124
c_1_6_940,-0.77570546,-2.0498002
c_1_6_941,0.19775504,-1.9340518
c_1_6_942,-2.29241,7.973414
c_1_6_943,0.5408338,-0.5150215
c_1_6_944,0.3672146,-1.0573508
c_1_6_945,-1.4019039,-0.74990195
c_1_6_946,-1.9286075,-1.2860953
c_1_6_947,0.22592603,0.32585964
c_1_6_948,-1.4216256,0.023442598
c_1_6_949,0.18766306,-1.5071695
c_1_6_950,-0.13109465,-0.7532198
c_1_6_951,-0.122843176,-0.9500289
c_1_6_953,-0.6381484,-0.19814895
c_1_6_954,-0.6949792,-0.90764725
c_1_6_955,-0.5148189,0.14818934
c_1_6_956,-1.0480369,0.84605926
c_1_6_957,-1.1917849,1.3521006
c_1_6_958,0.11397103,-0.7096103
c_1_6_959,-0.73357975,0.16342382
c_1_6_960,0.28190485,-1.5731872
c_1_6_961,-0.96917146,-1.6241593
c_1_6_962,-1.0084897,-0.39517814
c_1_6_963,-1.609706,-0.83238024
c_1_6_964,-0.22169569,0.25854167
c_1_6_965,-0.9827003,-1.2292717
c_1_6_966,0.65970093,-0.40376478
c_1_6_967,-0.5065955,1.5962672
c_1_6_968,-0.14778315,-1.6672497
c_1_6_969,-0.8487706,-1.1937548
c_1_6_970,-0.96911657,-0.7252377
c_1_6_971,-0.34035933,0.22098486
c_1_6_972,-1.2244153,-0.61016333
c_1_6_973,-0.09751056,-0.35559663
c_1_6_974,1.0911945,0.10578333
c_1_6_975,-0.46993726,-0.11594962
c_1_6_976,-0.28003085,0.07655881
c_1_6_977,-1.9205492,-0.31774324
c_1_6_978,-0.8957953,1.8298903
c_1_6_979,-0.9662181,-1.0201572
c_1_6_980,0.26545778,0.21101062
c_1_6_981,-0.8563882,3.923261
c_1_6_982,-0.9941916,-1.2665436
c_1_6_983,-0.16069591,-0.5012114
c_1_6_984,-0.553314,0.36944714
c_1_6_985,-0.6217232,-0.2126928
c_1_6_986,-0.521773,-0.29755405
c_1_6_987,-1.1512127,0.6117749
c_1_6_988,-0.0724002,0.64868563
c_1_6_989,0.33542925,-1.9029325
c_1_6_990,-0.9695609,-2.292398
c_1_6_991,-0.40394375,-0.54169536
c_1_6_992,-1.2340057,-0.463185
c_1_6_993,-1.2627498,0.23732412
c_1_6_994,-1.6171367,-1.6763015
c_1_6_995,-0.047925103,-1.2124237
c_1_6_996,-1.5568756,2.4737818
c_1_6_997,-1.0696032,-0.37682903
c_1_6_998,0.28894448,-2.0045643
c_1_6_999,0.6539433,0.6039098
c_1_6_1000,0.09381889,-0.49851358
c_1_6_1001,-1.2960316,-0.40682223
c_1_6_1002,-1.395407,-1.6577817
c_1_6_1003,-0.9848431,0.39564747
c_1_6_1004,-0.5529281,-0.8263639
c_1_6_1005,-0.7963023,0.054330904
c_1_6_1006,-0.8099981,-0.102859974
c_1_6_1007,-0.54863614,-0.5546995
c_1_6_1008,-0.2005189,-0.39197388
c_1_6_1009,0.26068074,-0.2881621
c_1_6_1010,1.1967385,-0.22012083
c_1_6_1011,-0.99440914,0.41391817
c_1_6_1012,-0.88301647,-1.2517791
c_1_6_1013,-0.22828081,-0.56955135
c_1_6_1014,-0.7485379,-0.13431226
c_1_6_1015,0.14260735,-0.9084555
c_1_6_1016,-0.4823199,-0.34150994
c_1_6_1017,-1.1492211,-0.84264946
c_1_6_1018,-0.5038543,-0.9271375
c_1_6_1019,1.1887722,1.8738506
c_1_6_1020,-0.8349561,0.5678637
c_1_6_1021,0.17855549,-0.51784694
c_1_6_1022,-0.7545963,-1.091561
c_1_6_1023,-1.6850523,4.8295927
c_1_6_1024,-0.3190268,-1.2546866
c_1_6_1025,0.017594889,0.1187766
c_1_6_1026,-0.5238065,-1.4617031
c_1_6_1027,-1.2046441,-1.4621896
c_1_6_1028,-0.3384812,0.44724983
c_1_6_1029,0.08981855,-0.8710762
c_1_6_1030,-0.8684301,-1.3975224
c_1_6_1031,-0.028523458,0.31842285
c_1_6_1032,-0.46953636,-0.887725
c_1_6_1033,0.679947,-0.7096226
c_1_6_1034,-1.531056,1.0983815
c_1_6_1035,-1.4674029,3.8441684
c_1_6_1036,-0.39045256,-1.8603007
c_1_6_1037,-0.040659077,0.7227933
c_1_6_1038,-0.996218,-0.46884048
c_1_6_1039,-0.82354194,-0.83381635
c_1_6_1040,-0.032882813,-1.1976222
c_1_6_1041,-0.659896,-1.1267978
c_1_6_1042,-0.30282062,0.37464792
c_1_6_1043,-0.95487434,2.8482714
c_1_6_1044,-0.6486199,-1.0789074
c_1_6_1045,-0.11149451,-0.0010654505
c_1_6_1046,-0.7476312,0.36420172
c_1_6_1047,0.17862448,0.4334452
c_1_6_1048,-1.1254281,-1.4970325
c_1_6_1049,1.3984264,-0.7744706
c_1_6_1050,-0.008735437,-0.03905421
c_1_6_1051,-0.6825991,-1.4024227
c_1_6_1052,0.7413519,0.66028726
c_1_6_1053,0.6484777,-1.0126053
c_1_6_1054,-0.32306886,-1.8736871
c_1_6_1055,-0.5492111,2.519212
c_1_6_1056,-0.23880123,-0.4076022
c_1_6_1057,-1.0386966,-1.1198645
c_1_6_1058,-1.0768541,0.26352724
c_1_6_1059,-0.7167898,-1.9827958
c_1_6_1060,-0.96553254,0.076658376
c_1_6_1061,-0.98022836,1.4117957
c_1_6_1062,-1.3310055,-0.5464778
c_1_6_1063,-1.3158792,0.033151776
c_1_6_1064,-0.80714786,-0.53934926
c_1_6_1065,-1.198572,-1.1714228
c_1_6_1066,-1.4128118,0.19390157
c_1_6_1067,-0.86975116,0.0072115385
c_1_6_1068,-1.3959306,0.35152605
c_1_6_1069,-1.636909,-0.9684519
c_1_6_1070,-0.88975555,-0.45195603
c_1_6_1071,-0.008431223,-1.1507474
c_1_6_1072,-0.9653431,-0.68883157
c_1_6_1073,0.17542656,0.105605066
c_1_6_1074,1.3417368,-0.027533274
c_1_6_1075,-1.938486,1.1986707
c_1_6_1076,-0.12522411,0.3204664
c_1_6_1077,-0.22745992,0.44884887
c_1_6_1078,-0.71300966,3.285006
c_1_6_1079,1.1763949,-0.046445135
c_1_6_1080,-0.98492986,-1.5052247
c_1_6_1081,-0.2843084,-0.8237706
c_1_6_1082,-1.5453165,-0.48986563
c_1_6_1083,-0.97110605,0.89124846
c_1_6_1084,-0.9997996,-0.92591345
c_1_6_1085,-1.1844804,0.4267096
c_1_6_1086,-0.17750096,-1.2657677
c_1_6_1087,0.27443245,-0.29200485
c_1_6_1088,0.2924873,-1.4659395
c_1_6_1089,-1.5948488,-0.34818253
c_1_6_1090,-0.26174796,-0.53142315
c_1_6_1091,-0.7245427,2.8778963
c_1_6_1092,0.09548129,-0.08333883
c_1_6_1093,-1.3834251,-1.1083232
c_1_6_1094,-0.06372938,-1.0511684
c_1_6_1095,-1.6912341,-0.17735974
c_1_6_1096,-0.47865576,-0.47747597
c_1_6_1097,0.60069203,-0.23395224
c_1_6_1098,-0.566447,-0.6598707
c_1_6_1099,-0.6762466,-0.06198817
c_1_6_1100,-1.2509815,-0.4773027
c_1_6_1101,-1.6130037,0.010268242
c_1_6_1102,0.19429004,0.13879873
c_1_6_1103,0.94710386,0.4654023
c_1_6_1104,0.21500917,-0.08347339
c_1_6_1105,-1.0714239,-1.103334
c_1_6_1106,0.847485,-0.08502308
c_1_6_1107,-0.71837187,-1.9006256
c_1_6_1108,-0.8137153,-1.2556368
c_1_6_1109,-0.97513264,-1.096363
c_1_6_1110,-0.086727776,1.144164
c_1_6_1111,-0.89452314,-0.60033345
c_1_6_1112,-0.8313,0.829414
c_1_6_1113,-1.2335248,-1.4460479
c_1_6_1114,0.29745296,-0.5509527
c_1_6_1115,-0.20207247,-0.19326268
c_1_6_1116,0.6571237,-1.266542
c_1_6_1117,-1.4315444,-0.45480368
c_1_6_1118,-0.67716014,1.4294627
c_1_6_1119,-0.29315436,-1.0616634
c_1_6_1120,-1.4875779,0.106839165
c_1_6_1121,-0.11159492,-0.7322792
c_1_6_1122,-1.3118017,-1.6906685
c_1_6_1123,-1.2837033,-0.07322762
c_1_6_1124,-0.94669956,0.1886634
c_1_6_1125,0.8718956,-0.8279997
c_1_6_1126,-1.4251531,1.217351
c_1_6_1127,-1.133046,-0.08465683
c_1_6_1128,-0.35073075,0.02142068
c_1_6_1129,0.0056960275,-0.64735234
c_1_6_1130,-1.6943626,-0.5355471
c_1_6_1131,-1.3313334,1.3281915
c_1_6_1132,0.78296906,-0.65575475
c_1_6_1133,-0.5527227,-1.171182
c_1_6_1134,-0.5315661,0.21752292
c_1_6_1135,-0.6122097,-0.26336008
c_1_6_1136,-1.4774886,-3.0161965
c_1_6_1137,-1.0208609,0.15077281
c_1_6_1138,-0.35183382,-0.12992159
c_1_6_1139,-1.8724346,-0.8830592
c_1_6_1140,-1.3913124,-1.0254431
c_1_6_1141,-0.95608956,-0.83006066
c_1_6_1142,-0.764436,-0.5475805
c_1_6_1143,-1.7756927,0.052868508
c_1_6_1144,-0.43943873,0.18017358
c_1_6_1145,-0.044455875,-0.7202525
c_1_6_1146,-0.43536317,-0.870684
c_1_6_1147,-1.091599,0.47114834
c_1_6_1148,-0.57974064,3.1309626
c_1_6_1149,-0.78697985,0.63591087
c_1_6_1150,-1.5532618,0.007418084
c_1_6_1151,-0.9213482,3.8767471
c_1_6_1152,-1.2770797,2.2068841
c_1_6_1153,0.47567776,-1.0440286
c_1_6_1154,-0.63629735,-1.0472707
c_1_6_1155,0.4818966,0.06982071
c_1_6_1156,-0.7532747,-0.37920097
c_1_6_1157,-0.7902749,-0.22525324
c_1_6_1158,-0.51932454,-0.8897266
c_1_6_1159,-1.5738354,-1.9639969
c_1_6_1160,0.8999489,0.20815034
c_1_6_1161,-1.5899239,3.3449795
c_1_6_1162,-1.1616327,-0.27292657
c_1_6_1163,-0.7158348,-1.7155449
c_1_6_1164,-1.2179581,-0.80106026
c_1_6_1165,-1.1547856,-0.50758517
c_1_6_1166,0.08978594,1.8700836
c_1_6_1167,-0.25603473,0.017508857
c_1_6_1168,-0.34417194,-0.53246397
c_1_6_1169,0.58966255,0.12369954
c_1_6_1170,-1.5567871,-1.8731405
c_1_6_1171,-1.1510649,1.7592535
c_1_6_1172,-1.7608949,-0.72985905
c_1_6_1173,-1.4268997,-0.8974431
c_1_6_1174,-1.321366,-1.8364685
c_1_6_1175,0.33311924,-1.3454158
c_1_6_1176,-0.612477,-2.599846
c_1_6_1177,-0.7800966,-0.87829036
c_1_6_1178,2.4352968,-0.34386328
c_1_6_1179,-0.54135424,-0.4233053
c_1_6_1180,-0.13724467,-1.2549007
c_1_6_1181,-1.704432,-1.297378
c_1_6_1182,-0.5714278,-0.057588004
c_1_6_1183,-1.2528845,-2.31504
c_1_6_1184,-0.84250754,1.8643491
c_1_6_1185,0.042861246,-0.73247427
c_1_6_1186,-0.35768738,1.8015927
c_1_6_1187,0.014580592,-0.816503
c_1_6_1188,-0.9449141,-1.5295069
c_1_6_1189,-0.83978224,-0.7219732
c_1_6_1190,-1.2835423,-1.2684121
c_1_6_1191,-0.3311503,-0.6406872
c_1_6_1192,0.61167365,0.28971964
c_1_6_1193,-0.1545386,-1.6409649
c_1_6_1194,-0.4993172,-2.4309142
c_1_6_1195,-1.8094896,-1.1901463
c_1_6_1196,0.09160105,-1.9252229
c_1_6_1197,-0.10473334,0.75851244
c_1_6_1198,-0.19828601,0.377873
c_1_6_1199,-1.4314779,-2.7099614
c_1_6_1200,0.3189095,-0.680725
c_1_6_1201,-0.012397731,-1.4253874
c_1_6_1202,-0.2640143,-0.9676803
c_1_6_1203,-0.92652535,-1.0444868
c_1_6_1204,-0.86328554,-0.9782489
c_1_6_1205,-1.0171208,-1.139954
c_1_6_1206,0.39409623,-0.010421493
c_1_6_1207,-0.6425544,-0.78664774
c_1_6_1208,-0.37792706,-0.7709218
c_1_6_1209,0.7224877,0.30940315
c_1_6_1210,0.4742284,-1.2848496
c_1_6_1211,-0.1843445,-1.1810756
c_1_6_1212,-0.31146944,-0.47132257
c_1_6_1213,-0.6104326,-1.0719064
c_1_6_1214,-1.4662288,-0.6502864
c_1_6_1215,-0.5187972,-0.7636682
c_1_6_1216,0.15202716,0.78424704
c_1_6_1217,-1.0415612,-0.35733166
c_1_6_1218,-0.4919803,-0.63187486
c_1_6_1219,-0.3944875,-0.685052
c_1_6_1220,0.041215397,-0.15414731
c_1_6_1221,0.059238918,-0.9523835
c_1_6_1222,0.8673869,-0.8127415
c_1_6_1223,-0.5533536,-0.6660765
c_1_6_1224,-0.36008835,-1.2856438
c_1_6_1225,-0.5050314,0.7661888
c_1_6_1226,-0.556608,-1.1524162
c_1_6_1227,-0.18501185,-1.694989
c_1_6_1228,-1.1138622,-0.97981954
c_1_6_1229,-0.2786803,-0.6241008
c_1_6_1230,-1.3519636,-0.87207836
c_1_6_1231,0.7547597,-0.54633164
c_1_6_1232,0.62885207,-1.2517884
c_1_6_1233,-0.44175214,0.23728181
c_1_6_1234,1.3609724,-0.27466837
c_1_6_1235,-1.2120861,-1.3257109
c_1_6_1236,-0.4552415,-0.66681516
c_1_6_1237,-1.3305429,-0.75784785
c_1_6_1238,-1.9592736,-0.77154213
c_1_6_1239,-0.48377568,-0.58239114
c_1_6_1240,-0.3385304,-0.9933265
c_1_6_1242,-1.3072994,-1.6573795
c_1_6_1243,-1.0707593,-0.5234755
c_1_6_1244,-1.4195584,-0.2272983
c_1_6_1245,-1.1248878,0.21234822
c_1_6_1246,-0.42548922,-1.837562
c_1_6_1247,-1.1069247,-0.2984031
c_1_6_1248,-1.509318,-0.07386162
c_1_6_1249,-1.0063596,0.9416494
c_1_6_1250,0.58557755,-0.5854559
c_1_6_1251,-1.0337662,2.9202075
c_1_6_1252,0.7725374,0.24123634
c_1_6_1253,-0.39076284,-0.6915016
c_1_6_1254,-1.0870901,-1.8549844
c_1_6_1255,0.10871048,-0.741732
c_1_6_1256,-0.2010261,-0.10792782
c_1_6_1257,-1.3639238,-0.5787919
c_1_6_1258,-1.3349714,1.271496
c_1_6_1259,-0.61562103,-1.599502
c_1_6_1260,0.5089805,-0.46218655
c_1_6_1261,-0.43900782,-0.14173567
c_1_6_1262,0.20357041,0.32282358
c_1_6_1263,-0.6700636,-1.1786866
c_1_6_1264,-0.7831003,-0.4875592
c_1_6_1265,-1.4542016,3.5002866
c_1_6_1266,-1.4824488,2.5042415
c_1_6_1267,-0.9798752,-0.40924063
c_1_6_1268,0.09124535,0.31868127
c_1_6_1269,-0.43436256,-0.6686925
c_1_6_1270,-0.08352296,-0.5550955
c_1_6_1271,-0.084582575,-0.978276
c_1_6_1272,-0.91075146,-1.0951284
c_1_6_1273,-0.2018988,-1.0421245
c_1_6_1274,0.6039383,-0.4535926
c_1_6_1275,-1.6463304,-0.8378949
c_1_6_1276,0.23553303,0.40946132
c_1_6_1277,-1.2227961,-0.8789071
c_1_6_1278,-0.011352261,-0.0016338647
c_1_6_1279,0.629685,-1.0736803
c_1_6_1280,0.04807019,-0.9321908
c_1_6_1281,-0.5788726,3.9042845
c_1_6_1282,-0.88543355,-0.8397864
c_1_6_1283,-1.3149433,-2.9135654
c_1_6_1284,0.8954778,-0.43883362
c_1_6_1285,-1.5601851,-0.6607452
c_1_6_1286,-1.4765366,0.8538042
c_1_6_1287,-1.2146515,-0.63133246
c_1_6_1288,1.8518167,-0.7626652
c_1_6_1289,0.016795313,-0.022013197
c_1_6_1290,-0.16658168,0.43662125
c_1_6_1291,-0.28150195,-1.1896069
c_1_6_1292,-1.3033025,-0.93021894
c_1_6_1293,0.041415676,-0.46133673
c_1_6_1294,-1.7421595,-1.1773112
c_1_6_1295,-0.473565,-0.054702364
c_1_6_1296,-0.9240331,-0.40420055
c_1_6_1297,0.18823048,1.1245905
c_1_6_1298,-0.5735194,0.5098655
c_1_6_1299,0.010818805,-0.66286755
c_1_6_1300,-0.94562906,-0.6528058
c_1_6_1301,-1.0762085,-0.37485105
c_1_6_1302,0.34869066,-0.36890402
c_1_6_1303,-0.029430728,-0.63892436
c_1_6_1304,1.5028677,-1.0035444
c_1_6_1305,-0.2144322,-0.36020124
c_1_6_1306,0.11733646,2.386801
c_1_6_1307,-2.415292,1.6922562
c_1_6_1308,0.15834986,1.7714173
c_1_6_1309,1.5428387,-0.23785362
c_1_6_1310,-0.45042226,-0.25940898
c_1_6_1311,-0.9418014,-0.60346437
c_1_6_1312,-0.5368127,-0.5052794
c_1_6_1313,-1.3115274,-0.2995187
c_1_6_1314,-0.5386183,-1.436206
c_1_6_1315,0.24937485,1.1862329
c_1_6_1316,-0.09041055,-0.56477255
c_1_6_1317,-1.0150301,2.6795704
c_1_6_1318,0.112544164,1.1965907
c_1_6_1319,-0.852548,-1.0803261
c_1_6_1320,-0.49541765,0.09078232
c_1_6_1321,-0.72546273,-0.67009044
c_1_6_1322,-0.7788593,-0.090917744
c_1_6_1323,-0.6717349,1.0120387
c_1_6_1324,-1.4131154,-0.037325293
c_1_6_1325,-0.092873104,0.9114592
c_1_6_1326,-1.713172,-0.87885374
c_1_6_1327,-0.618311,-1.00526
c_1_6_1328,-0.7220464,0.6238164
c_1_6_1329,0.5799397,-0.8729948
c_1_6_1330,-0.8718612,-1.903743
c_1_6_1331,0.5197336,-0.45374075
c_1_6_1332,-1.2134917,-0.15917972
c_1_6_1333,0.7843792,-1.8905784
c_1_6_1334,-2.6574745,-1.1813737
c_1_6_1335,-0.049844842,-1.0644599
c_1_6_1336,-1.4296508,2.230915
c_1_6_1337,0.646832,-0.7700387
c_1_6_1338,-0.81855404,0.52317107
c_1_6_1339,-0.13993473,-1.0002214
c_1_6_1340,-0.9497822,1.962803
c_1_6_1341,-0.74993026,-0.74971265
c_1_6_1342,-0.1957237,0.14928101
c_1_6_1343,0.80300146,-1.0283433
c_1_6_1344,-1.2697536,0.18194264
c_1_6_1345,-0.84024763,-0.6984454
c_1_6_1346,-0.8604083,-0.46236396
c_1_6_1347,-0.5445929,-0.27244878
c_1_6_1348,-1.3898313,1.759713
c_1_6_1349,-1.1991053,0.9430632
c_1_6_1350,-0.09846134,-0.4275637
c_1_6_1351,-0.681908,0.08195121
c_1_6_1352,-0.7433951,0.03286708
c_1_6_1353,-0.3732687,1.4974145
c_1_6_1354,-1.3390183,-0.2702225
c_1_6_1355,-0.40287438,-0.62097514
c_1_6_1356,0.17051916,0.7157685
c_1_6_1357,-0.40812597,-0.37502167
c_1_6_1358,-0.30110937,-0.071397945
c_1_6_1359,-0.6672425,-0.9676566
c_1_6_1360,-1.0470855,-0.4894756
c_1_6_1361,-0.29977086,0.032006424
c_1_6_1362,-1.6818739,-0.37129682
c_1_6_1363,-1.1776512,2.9314096
c_1_6_1364,-1.0284017,-0.23055923
c_1_6_1365,-0.9186737,-0.29838488
c_1_6_1366,0.71112907,-0.23026963
c_1_6_1367,0.3214146,-0.5008297
c_1_6_1368,-1.30195,-1.9244797
c_1_6_1369,-0.59662485,0.19193946
c_1_6_1370,-0.6691358,1.1860116
c_1_6_1371,-1.6734351,0.21470788
c_1_6_1372,0.3973768,0.111652546
c_1_6_1373,-1.1155773,-0.31701538
c_1_6_1374,-0.2770698,-1.1658612
c_1_6_1375,-1.0236268,-1.2537776
c_1_6_1376,0.4816032,-0.4250113
c_1_6_1377,-1.3536007,-0.69089144
c_1_6_1378,-0.7899561,0.6267344
c_1_6_1379,-1.3285724,3.0211942
c_1_6_1380,-0.49869418,-1.3508149
c_1_6_1381,0.22548053,-1.0007278
c_1_6_1382,-0.98871744,-1.1414392
c_1_6_1383,0.042474825,-0.28485927
c_1_6_1384,-1.4099652,-0.23888199
c_1_6_1385,0.013527649,-0.5576892
c_1_6_1386,-1.1868796,1.6678627
c_1_6_1387,-2.340582,-1.1540126
c_1_6_1388,-1.4152678,-0.08629084
c_1_6_1389,-0.5497844,-1.6849192
c_1_6_1390,-0.6838507,-0.80742615
c_1_6_1391,-0.70715994,1.6140317
c_1_6_1392,-0.9876549,2.0900755
c_1_6_1393,-0.90266377,1.4931632
c_1_6_1394,1.3866665,-0.5262948
c_1_6_1395,-0.33571404,-0.13021734
c_1_6_1396,-1.4016405,0.20142111
c_1_6_1397,-0.014887041,-1.3553214
c_1_6_1398,-0.3982338,-0.103695765
c_1_6_1399,0.7638378,2.8938954
c_1_6_1400,0.059150703,-0.2818192
c_1_6_1401,-0.27469167,-0.17528951
c_1_6_1402,-0.29225224,2.3100543
c_1_6_1403,-0.8259741,1.1947396
c_1_6_1404,-1.0820014,-0.84493804
c_1_6_1405,-0.8847676,1.514207
c_1_6_1406,0.27374795,-0.32169294
c_1_6_1407,-0.37867096,-0.92086643
c_1_6_1408,-0.15111704,-0.09224272
c_1_6_1409,-1.4083766,-1.0247777
c_1_6_1410,0.25057632,0.01839359
c_1_6_1411,-1.8723636,1.4977378
c_1_6_1412,-0.2527133,0.12313694
c_1_6_1413,-0.91264486,2.4117222
c_1_6_1414,-0.23826967,-0.67954504
c_1_6_1415,-1.3384345,1.8125814
c_1_6_1416,-0.56569713,0.49825338
c_1_6_1417,0.5157469,-0.19662628
c_1_6_1418,-2.1234887,-0.72965413
c_1_6_1419,-1.0152309,-0.427998
c_1_6_1420,-1.0852104,0.48132983
c_1_6_1421,-0.466657,-1.0690395
c_1_6_1422,-0.17473227,0.20028225
c_1_6_1423,0.5382825,0.09614071
c_1_6_1424,-0.512387,1.6532395
c_1_6_1425,0.5468651,1.409663
c_1_6_1426,-2.032314,1.6547673
c_1_6_1429,-0.62633103,-2.6963973
c_1_6_1431,0.021144237,0.7990921
c_1_6_1432,-0.8153902,-0.8886203
c_1_6_1434,0.34662825,-1.9164013
c_1_6_1438,-0.3505675,-0.35240564
c_1_6_1440,5.510822,-1.2400066
c_1_6_1441,0.07742439,-0.48057967
c_1_6_1442,-0.33936664,-0.8753533
c_1_6_1443,-0.32628137,-1.8035736
c_1_6_1444,0.81722265,-0.63667804
c_1_6_1445,0.3390869,-2.399067
c_1_6_1447,0.6391091,0.17191319
c_1_6_1448,1.8255048,0.6286094
c_1_6_1450,2.073867,0.5494338
c_1_6_1452,-0.32748002,-0.64623034
c_1_6_1453,-1.5374209,0.07421458
c_1_6_1454,-1.3037999,-0.10573069
c_1_6_1455,-0.60285956,-0.70126307
c_1_6_1456,1.82285,0.9683657
c_1_6_1457,0.09425985,-1.3229737
c_1_6_1458,-0.17574595,0.5665676
c_1_6_1459,-1.1928016,1.1349736
c_1_6_1460,-1.6085076,0.4288192
c_1_6_1461,1.228434,0.079257555
c_1_6_1462,-0.019553324,0.02402664
c_1_6_1463,-1.0857109,-0.8961803
c_1_6_1464,-1.13532,-1.9591197
c_1_6_1465,0.15497167,-1.6936114
c_1_6_1466,2.0940728,-2.1449962
c_1_6_1468,-1.9229757,1.0147841
c_1_6_1469,-0.28456163,-2.0319512
c_1_6_1470,5.889037,0.25547096
c_1_6_1472,-0.76607835,-1.1444764
c_1_6_1473,-1.3544778,0.8395244
c_1_6_1474,-0.07399619,-0.9738592
c_1_6_1475,0.37303433,-1.3127596
c_1_6_1476,0.21096314,-0.0506606
c_1_6_1477,3.4373672,1.5232834
c_1_6_1478,0.8193377,-1.9399053
c_1_6_1479,1.3270178,-1.414838
c_1_6_1480,6.823,0.3056094
c_1_6_1481,-1.9720862,-0.8793718
c_1_6_1483,-1.8005596,-1.0813018
c_1_6_1484,-0.6271737,-1.1710843
c_1_6_1485,0.95561934,-1.1612883
c_1_6_1486,-0.89040816,-0.2537855
c_1_6_1487,0.85168695,-0.5857124
c_1_6_1488,-2.064049,-0.7990715
c_1_6_1489,2.4492092,-1.4202976
c_1_6_1490,0.49870557,-1.1998072
c_1_6_1491,1.7991343,-0.60713047
c_1_6_1492,-0.6952512,-1.0432186
c_1_6_1493,1.261713,-0.83093685
c_1_6_1494,0.5036861,-0.39038253
c_1_6_1495,0.18309519,-1.1025562
c_1_6_1496,-0.551053,-0.25928217
c_1_6_1497,1.1577523,-0.52444446
c_1_6_1498,3.9724863,0.49628618
c_1_6_1499,-0.36878932,-0.415962
c_1_6_1500,0.90565,-0.66650504
c_1_6_1501,4.077452,-0.22989866
c_1_6_1502,-0.85866857,-1.5559099
c_1_6_1503,-0.16076355,-1.8574132
c_1_6_1504,-0.7915488,-0.09413143
c_1_6_1505,-1.1688336,2.0205536
c_1_6_1506,5.3782563,0.76595163
c_1_6_1507,4.2476506,0.853799
c_1_6_1508,-1.1862868,-0.042300858
c_1_6_1509,0.22316022,-1.2314146
c_1_6_1510,-1.4783596,-0.40214974
c_1_6_1511,-0.045756944,-1.2913003
c_1_6_1512,0.40607986,0.995257
c_1_6_1513,5.1244226,1.062481
c_1_6_1514,-1.1941935,-1.2310488
c_1_6_1515,2.2555294,-0.92994523
c_1_6_1516,2.112104,-1.3501835
c_1_6_1517,0.045218106,-1.3409506
c_1_6_1518,1.7797319,-0.97483325
c_1_6_1519,2.3505328,1.4114997
c_1_6_1520,0.7684861,-1.636496
c_1_6_1521,2.4486866,1.3039734
c_1_6_1522,0.13706195,0.5136266
c_1_6_1523,3.0566735,-0.26398703
c_1_6_1524,-0.11399337,-3.0085437
c_1_6_1528,1.117053,-0.79361767
c_1_6_1529,1.0189495,-1.0359823
c_1_6_1530,-0.15307726,-0.9084186
c_1_6_1531,-1.4963075,1.8519639
c_1_6_1532,1.5224998,-0.96754724
c_1_6_1533,3.0803428,0.8244103
c_1_6_1534,0.91390926,-0.5972188
c_1_6_1536,0.9416024,-0.51023626
c_1_6_1537,2.5022738,-0.031461373
c_1_6_1538,1.6700009,0.055478644
c_1_6_1540,-0.3954584,-2.4953425
c_1_6_1541,-0.55718803,-0.72195256
c_1_6_1542,-0.29073158,-2.337977
c_1_6_1543,3.532838,-1.1481167
c_1_6_1544,1.6985055,-0.12585124
c_1_6_1545,-1.3282675,-0.8300733
c_1_6_1546,1.2851577,-0.5532754
c_1_6_1547,3.3641071,0.3028587
c_1_6_1548,-0.3568784,0.10227466
c_1_6_1549,-0.90003824,-0.96744674
c_1_6_1550,4.555806,0.39974865
c_1_6_1551,-1.2882017,-0.84774536
c_1_6_1552,1.1096985,-1.2778035
c_1_6_1553,0.21873431,-0.21038634
c_1_6_1554,4.815201,0.39002898
c_1_6_1555,5.2638354,-0.004649914
c_1_6_1556,0.5789525,-0.5399771
c_1_6_1557,0.49845627,0.182045
c_1_6_1558,1.0507557,-0.87438875
c_1_6_1559,-0.7469831,-0.14512984
c_1_6_1560,-0.7387942,-1.6270518
c_1_6_1561,3.641581,-0.42407873
c_1_6_1562,0.96853226,-0.49779415
c_1_6_1563,-1.4874693,-1.3694394
c_1_6_1564,-0.56119347,-0.50338054
c_1_6_1565,0.0740116,0.46677932
c_1_6_1566,0.70154536,-0.7496668
c_1_6_1567,10.098054,0.075931795
c_1_6_1568,0.3406437,-1.2037398
c_1_6_1569,3.16901,0.09357144
c_1_6_1570,1.6433587,0.26321825
c_1_6_1571,-1.6307611,-0.006171705
c_1_6_1573,-0.80119646,-1.3272762
c_1_6_1574,0.8072281,-0.3585351
c_1_6_1575,-1.5708704,-0.6807848
c_1_6_1576,3.8786573,0.6048276
c_1_6_1577,1.0310469,-0.6944998
c_1_6_1578,4.530172,1.0055734
c_1_6_1579,-0.009196451,-1.4494383
c_1_6_1580,1.192526,0.49791545
c_1_6_1581,-0.30692998,-0.003399883
c_1_6_1582,-0.41482535,-0.8769561
c_1_6_1583,3.8487704,-1.4272789
c_1_6_1584,0.4981268,-0.23242883
c_1_6_1585,-1.4017634,-0.525003
c_1_6_1586,-0.77959114,1.1173507
c_1_6_1587,-0.42913258,-0.3196018
c_1_6_1588,4.981335,0.3486105
c_1_6_1589,0.62669384,0.47262698
c_1_6_1590,-0.13084751,-0.38428307
c_1_6_1591,-0.26863572,-0.27415213
c_1_6_1592,2.9559999,-0.45074064
c_1_6_1593,1.4983597,-1.7813978
c_1_6_1595,-0.8845078,0.24665558
c_1_6_1596,0.26298136,-0.4980205
c_1_6_1597,-0.2539778,-0.49170107
c_1_6_1598,-0.6091697,0.042290714
c_1_6_1599,-0.77905005,-0.8735333
c_1_6_1600,-0.39767948,0.25776598
c_1_6_1601,-1.6538568,-0.5004581
c_1_6_1602,0.034640558,-1.7637937
c_1_6_1603,0.15178135,0.22701047
c_1_6_1604,2.2352047,2.3597078
c_1_6_1605,-1.294797,-0.56663364
c_1_6_1606,-1.023615,0.15341367
c_1_6_1607,-1.5286802,0.4904839
c_1_6_1608,-1.69175,-1.3918
c_1_6_1609,1.8539255,-0.5257419
c_1_6_1610,0.58290523,-1.2040318
c_1_6_1611,7.6010275,-0.007007347
c_1_6_1612,-1.5066478,-0.13931657
c_1_6_1614,3.7077732,-0.18541303
c_1_6_1615,-0.820582,-1.9268904
c_1_6_1616,4.0890794,1.2617741
c_1_6_1617,-1.2269417,-0.67899317
c_1_6_1618,0.84854096,-1.549719
c_1_6_1619,5.3077383,-0.52666396
c_1_6_1620,-1.335232,0.88014704
c_1_6_1621,1.3569931,-0.4567157
c_1_6_1622,2.0257006,-1.6774393
c_1_6_1623,-0.51767015,-0.71557826
c_1_6_1624,2.7047496,0.48817104
c_1_6_1625,3.800018,0.989315
c_1_6_1626,-1.159584,-1.8124048
c_1_6_1627,5.402991,0.45799214
c_1_6_1628,-0.26717028,-0.62057596
c_1_6_1629,-0.5710242,1.7205659
c_1_6_1630,-1.29558,-1.3435125
c_1_6_1631,-0.67488647,-0.3151087
c_1_6_1632,-0.3273593,-0.4343723
c_1_6_1633,0.13383369,-1.0607625
c_1_6_1634,0.06631872,0.7458306
c_1_6_1635,-0.3812223,-1.759524
c_1_6_1636,1.6717483,-0.37653705
c_1_6_1637,-0.9821128,1.1167507
c_1_6_1638,2.6311407,2.2297707
c_1_6_1639,-0.8106188,-0.4362174
c_1_6_1640,1.902536,-0.33718994
c_1_6_1641,3.870454,1.072898
c_1_6_1642,0.5887777,-0.734702
c_1_6_1643,1.2229762,-0.71077454
c_1_6_1644,3.837208,0.07062989
c_1_6_1645,1.0091883,-1.8673533
c_1_6_1646,1.4147131,0.68609524
c_1_6_1647,2.5959067,-0.75390583
c_1_6_1648,-0.89272755,0.3303441
c_1_6_1649,0.7182108,-0.38461623
c_1_6_1650,2.4171522,-0.539493
c_1_6_1651,2.0479422,0.38658717
c_1_6_1652,3.0820827,-1.1522518
c_1_6_1653,-0.9263461,-1.986127
c_1_6_1654,-0.2815378,-1.2421343
c_1_6_1656,-0.78211766,1.8132857
c_1_6_1657,2.0650375,1.0283879
c_1_6_1658,-0.53392786,1.0138294
c_1_6_1659,1.3925028,1.0173142
c_1_6_1660,1.2072632,0.22439097
c_1_6_1661,-0.044121705,0.2204168
c_1_6_1662,-0.44530717,-1.2630936
c_1_6_1664,0.9289116,-1.6572812
c_1_6_1665,1.2551813,-0.4341684
c_1_6_1666,-0.54683363,-0.5812844
c_1_6_1667,-0.5215818,1.1022859
c_1_6_1668,-0.8585858,-0.04337051
c_1_6_1669,-1.6365885,-0.13461128
c_1_6_1670,1.6327999,-1.2574991
c_1_6_1671,2.2220404,-1.540903
c_1_6_1672,5.7120323,0.027170967
c_1_6_1673,4.436039,0.22549438
c_1_6_1674,-1.0900098,-0.14766057
c_1_6_1675,2.079269,-0.0737429
c_1_6_1676,4.2819076,0.22819678
c_1_6_1677,3.5423698,-0.03062299
c_1_6_1678,-1.5544775,-0.39100337
c_1_6_1679,0.06565364,-0.92668444
c_1_6_1680,-0.4412631,-0.9150885
c_1_6_1681,-1.5090723,-1.0256501
c_1_6_1682,0.79073423,0.026925769
c_1_6_1683,0.47057557,0.9682247
c_1_6_1684,0.92235506,-0.8436322
c_1_6_1685,1.1970006,-1.9834185
c_1_6_1686,-2.0712829,-0.23899202
c_1_6_1687,1.9633015,-0.9028778
c_1_6_1688,-1.1965207,0.01617069
c_1_6_1689,-1.3113278,0.6252741
c_1_6_1690,4.7766185,0.030440707
c_1_6_1691,1.7389625,-1.8083587
c_1_6_1692,0.13682589,-1.1034743
c_1_6_1693,0.24986757,0.21693939
c_1_6_1694,5.3434644,0.4833964
c_1_6_1695,0.19462065,0.06051812
c_1_6_1696,-1.5074428,-3.5882921
c_1_6_1697,2.6813476,-0.6309862
c_1_6_1700,2.6935701,-0.008068377
c_1_6_1701,2.283913,-1.317028
c_1_6_1702,0.23042203,1.9442825
c_1_6_1703,-0.9068308,1.180539
c_1_6_1704,-1.2196109,1.0088108
c_1_6_1705,-0.40688866,-1.683185
c_1_6_1706,-1.4502867,-0.22469816
c_1_6_1707,-0.10455905,-0.10364857
c_1_6_1708,-0.38149065,-0.23301543
c_1_6_1709,0.3692814,-0.9722843
c_1_6_1710,-0.8373695,0.540803
c_1_6_1711,-0.29194322,-1.5199872
c_1_6_1712,3.2235804,1.3074371
c_1_6_1713,1.0632969,0.1751048
c_1_6_1714,4.612731,-0.4169284
c_1_6_1715,-1.0853432,-0.19360334
c_1_6_1716,2.458359,-0.15216057
c_1_6_1717,1.0739017,-0.49492994
c_1_6_1718,3.9020362,0.72493976
c_1_6_1719,-0.41331357,1.0203761
c_1_6_1721,-0.26958,-0.06996698
c_1_6_1722,-1.6054631,0.00048628286
c_1_6_1723,-1.5834408,-1.2160172
c_1_6_1724,-1.2650039,-1.46211
c_1_6_1725,0.26348737,-0.941922
c_1_6_1726,-0.14947642,-0.13473819
c_1_6_1727,-0.9568168,-2.4358895
c_1_6_1728,-1.1751522,-0.6748084
c_1_6_1729,0.19113103,0.093779474
c_1_6_1730,-1.078872,-0.81048787
c_1_6_1731,4.559843,-0.9726929
c_1_6_1732,-0.91674566,0.91483235
c_1_6_1733,-1.7190595,-1.1113994
c_1_6_1734,-0.6169591,-0.016206942
c_1_6_1735,-1.8205988,-0.30404922
c_1_6_1736,1.4661186,-0.1287592
c_1_6_1737,-1.3442069,-1.127363
c_1_6_1738,-0.10278042,-0.9295622
c_1_6_1739,1.3340513,-0.8065273
c_1_6_1740,-1.3643923,-0.03531487
c_1_6_1741,-1.1167531,1.7664591
c_1_6_1742,2.0553591,0.049513333
c_1_6_1743,4.3203726,0.5064417
c_1_6_1744,-1.4176624,-0.22058539
c_1_6_1745,-0.7111764,-0.4873588
c_1_6_1746,0.2368816,-0.45096266
c_1_6_1747,3.7951312,-0.70919335
c_1_6_1749,0.34352502,-1.2770745
c_1_6_1750,-1.1322925,-2.27181
c_1_6_1751,3.942524,-1.6651247
c_1_6_1752,0.8008439,-0.14750145
c_1_6_1753,-0.9857096,-0.3943017
c_1_6_1754,3.157441,0.2432105
c_1_6_1755,3.2284367,-0.5755796
c_1_6_1756,4.7908325,0.85617065
c_1_6_1757,-1.1062975,1.4691446
c_1_6_1758,-1.1039777,1.3581581
c_1_6_1759,3.6225173,-0.12039164
c_1_6_1760,-0.6591902,0.6785457
c_1_6_1761,-1.3073328,-1.5689238
c_1_6_1762,3.4554324,-0.02242094
c_1_6_1763,1.1440649,-0.3508444
c_1_6_1764,1.7542837,-0.016253976
c_1_6_1765,-1.3327706,0.7725578
c_1_6_1766,-2.075122,-0.94595414
c_1_6_1767,-0.8216822,-0.48043987
c_1_6_1769,-0.731615,-0.72361654
c_1_6_1770,-0.53533936,-0.028736329
c_1_6_1771,-0.3552938,-0.5002003
c_1_6_1772,-0.3652969,-0.5839884
c_1_6_1773,-0.5992937,0.40990934
c_1_6_1774,2.157804,-0.6812634
c_1_6_1775,-0.15974908,-0.72486067
c_1_6_1776,-0.8287216,1.1160743
c_1_6_1777,-0.955216,-1.1905056
c_1_6_1778,-0.37830666,-0.94330513
c_1_6_1779,2.2453685,-0.34446958
c_1_6_1780,-1.2248824,0.098698825
c_1_6_1781,-0.27642298,-1.9419692
c_1_6_1782,-1.6322154,-2.0447016
c_1_6_1783,-1.1183894,-0.5339193
c_1_6_1784,1.1638508,-0.43708646
c_1_6_1786,-0.96476173,-1.6227765
c_1_6_1787,-0.4776251,-0.7461605
c_1_6_1788,-0.908006,0.24951701
c_1_6_1789,1.7716199,-0.005066465
c_1_6_1790,-0.15379673,-0.6409791
c_1_6_1791,-0.58398867,-0.11750162
c_1_6_1792,2.4815745,-0.8493493
c_1_6_1793,-0.94884956,-0.765527
c_1_6_1794,0.4755454,-0.8593323
c_1_6_1796,1.2228601,0.06021522
c_1_6_1797,0.1780776,-2.428691
c_1_6_1798,0.7516512,1.226285
c_1_6_1799,-0.9660707,-0.81681246
c_1_6_1800,-1.0264246,0.47221333
c_1_6_1801,0.1428554,-0.7011083
c_1_6_1802,-0.114793755,-0.099977754
c_1_6_1804,-1.0055666,-0.629468
c_1_6_1805,-1.4533426,-0.75511
c_1_6_1806,-1.7298044,1.2937541
c_1_6_1807,3.4855015,0.15813199
c_1_6_1808,-0.6534373,-2.3740733
c_1_6_1809,-1.1132486,-0.26100248
c_1_6_1810,-0.76698536,-0.63877743
c_1_6_1811,-1.0238794,-0.548289
c_1_6_1812,-0.06079869,0.5456857
c_1_6_1813,-0.6827425,-0.01642776
c_1_6_1814,0.46562004,-1.0223544
c_1_6_1815,-0.9212896,0.64192426
c_1_6_1816,0.6497766,-0.94887
c_1_6_1817,-0.15129855,0.07825113
c_1_6_1818,0.8802662,-1.0080355
c_1_6_1819,-0.8168665,0.62209
c_1_6_1821,0.46321085,0.5146881
c_1_6_1822,-1.9923893,-1.207781
c_1_6_1823,-1.6335369,-0.20568177
c_1_6_1824,2.1681032,-0.30229476
c_1_6_1825,-0.007761957,-0.5804222
c_1_6_1826,4.760743,0.78057635
c_1_6_1827,0.2545566,0.8714975
c_1_6_1828,-0.53611887,-1.7973127
c_1_6_1829,2.819194,0.6649567
c_1_6_1830,-0.2541768,-1.3308265
c_1_6_1831,3.6172235,-1.0259997
c_1_6_1832,0.91344845,-1.9180136
c_1_6_1833,-0.062616035,-0.07385854
c_1_6_1834,-0.9584609,-1.8765923
c_1_6_1835,3.8119571,0.6391855
c_1_6_1837,-1.8970778,-0.08669819
c_1_6_1838,3.0612848,2.6001353
c_1_6_1839,-0.5003419,-0.68619335
c_1_6_1841,-0.0410827,-0.47267115
c_1_6_1842,-0.8839786,-1.6039151
c_1_6_1843,-0.8569186,0.12562051
c_1_6_1844,-0.24539337,-0.21636207
c_1_6_1845,-0.73475814,-3.0922847
c_1_6_1846,-2.4272287,-2.4690995
c_1_6_1847,-1.0752804,-0.08751768
c_1_6_1848,-1.5973046,-0.26236397
c_1_6_1849,-0.73289925,-0.027752265
c_1_6_1850,-1.5608467,-0.88003767
c_1_6_1851,0.3300094,-0.21301648
c_1_6_1852,0.118457906,-1.6599809
c_1_6_1853,-0.59293103,0.41427755
c_1_6_1854,-1.1350708,1.6394213
c_1_6_1855,-1.4441448,-0.9034045
c_1_6_1856,1.1884165,0.020218354
c_1_6_1857,4.7239347,0.24969341
c_1_6_1858,0.6221629,-1.1733881
c_1_6_1859,-0.9811807,-1.2180015
c_1_6_1860,-1.6704347,-1.1417353
c_1_6_1861,-1.0890999,-0.5702302
c_1_6_1862,-0.029603396,0.16769966
c_1_6_1863,-0.5107537,0.4907041
c_1_6_1864,-0.35607845,-1.5303243
c_1_6_1865,3.1726727,0.41984433
c_1_6_1866,-1.1741626,-1.5926553
c_1_6_1868,0.21347283,-1.9658871
c_1_6_1869,1.8523779,1.1502482
c_1_6_1870,-1.8148341,-1.9530663
c_1_6_1871,-0.76828784,0.3942274
c_1_6_1872,-0.001910327,-0.7490265
c_1_6_1873,-0.4481403,-1.954025
c_1_6_1874,-1.9068484,0.1865747
c_1_6_1875,5.364625,0.98260236
c_1_6_1876,-0.7397585,-0.46706435
c_1_6_1877,2.3370538,1.8872627
c_1_6_1878,-1.128139,-1.6537209
c_1_6_1879,-0.6620745,-2.5110257
c_1_6_1880,7.454837,0.6542721
c_1_6_1881,-1.0363982,-0.52014637
c_1_6_1882,-1.8698686,-0.59056485
c_1_6_1883,-0.934141,-0.01840246
c_1_6_1884,-1.0522995,0.4728293
c_1_6_1885,-0.30011576,-0.7326995
c_1_6_1886,0.085238494,-1.085068
c_1_6_1887,0.6849928,-0.019910425
c_1_6_1888,-1.4210095,-0.6095547
c_1_6_1889,3.1546988,-0.2726478
c_1_6_1890,-0.86898685,0.6427314
c_1_6_1891,2.993954,-0.80004376
c_1_6_1892,-0.118758485,-1.4102278
c_1_6_1893,-1.3018875,0.2111245
c_1_6_1894,-1.2028081,-0.91764295
c_1_6_1895,0.17159551,-0.18852991
c_1_6_1896,0.7855948,-0.9755173
c_1_6_1897,0.11914577,-0.72091657
c_1_6_1898,-0.7348104,0.35333985
c_1_6_1899,-1.2666532,0.082073264
c_1_6_1900,-1.6072677,-1.1275572
c_1_6_1901,-1.6319113,-1.5125762
c_1_6_1902,0.20502502,-0.8181567
c_1_6_1903,-0.67917365,-1.6557422
c_1_6_1904,-1.6564616,0.37673226
c_1_6_1905,-0.24881002,-0.2802282
c_1_6_1906,-1.55549,-0.94554
c_1_6_1907,-1.4955184,0.51553774
c_1_6_1908,1.3820473,-0.97464675
c_1_6_1909,-1.3398681,-2.3759658
c_1_6_1910,-1.7003642,0.45581967
c_1_6_1911,1.8578751,-0.4893388
c_1_6_1912,-0.494862,-1.7737546
c_1_6_1913,-0.8179144,-0.1769766
c_1_6_1914,0.08621673,-0.9303007
c_1_6_1915,0.21024472,-0.65946275
c_1_6_1916,0.5818534,0.4383006
c_1_6_1917,-1.2151874,-0.43813637
c_1_6_1918,-0.03681723,0.035602763
c_1_6_1919,-0.68543106,-1.2521473
c_1_6_1920,3.7030792,-1.5299026
c_1_6_1921,2.526618,-0.67355835
c_1_6_1923,-0.48792607,-0.097774096
c_1_6_1924,-1.1672362,-1.6996146
c_1_6_1925,-0.3468642,-0.49834344
c_1_6_1926,-1.4333935,0.35346642
c_1_6_1927,-0.46699193,0.9171245
c_1_6_1928,6.6798263,1.2908413
c_1_6_1929,0.16510797,-0.024046088
c_1_6_1930,-0.5423423,-1.314085
c_1_6_1931,-0.7324669,-1.7303238
c_1_6_1932,-0.4728187,-1.1236814
c_1_6_1933,4.68817,-1.2160168
c_1_6_1934,2.3960574,-0.18119068
c_1_6_1935,3.23629,-0.42693046
c_1_6_1936,-1.4470183,-1.3773881
c_1_6_1937,-1.8909762,-1.2109336
c_1_6_1938,-0.96052253,-0.9188686
c_1_6_1939,-1.3044786,-2.193981
c_1_6_1940,-0.9962539,0.5711616
c_1_6_1942,0.024153467,1.0361732
c_1_6_1943,0.09982129,-1.9373156
c_1_6_1944,-1.7478004,-1.9859518
c_1_6_1945,0.8971693,-0.27777883
c_1_6_1946,-1.4185618,-0.27807203
c_1_6_1947,-0.42353535,0.2716976
c_1_6_1948,-0.78711945,-0.0041866894
c_1_6_1949,-0.89551705,-0.85909396
c_1_6_1950,0.001047559,-0.62670034
c_1_6_1951,3.0321069,-0.4300297
c_1_6_1952,-1.4178476,-0.89844364
c_1_6_1953,-1.008165,-0.63749194
c_1_6_1954,2.6666832,-1.2041796
c_1_6_1955,-0.7810229,-0.71084654
c_1_6_1956,-2.0105667,-1.5695328
c_1_6_1957,-0.6093079,-1.0595713
c_1_6_1958,0.5738951,-1.4588404
c_1_6_1959,4.0824175,0.6683352
c_1_6_1960,-2.0362444,2.2724113
c_1_6_1961,5.306613,-0.40723708
c_1_6_1962,-1.1904318,-1.0298847
c_1_6_1963,-1.2960783,-2.2125793
c_1_6_1964,1.644907,-0.46758643
c_1_6_1965,-1.0142163,-0.91725814
c_1_6_1966,-1.4481465,-1.0898991
c_1_6_1967,-0.7890025,-0.9580471
c_1_6_1968,0.3314059,0.4401926
c_1_6_1970,-0.70869076,-2.004318
c_1_6_1971,-1.5674659,-1.438484
c_1_6_1972,-0.3626931,1.7274681
c_1_6_1973,-1.289057,-0.3637979
c_1_6_1974,0.5208007,-0.49758723
c_1_6_1975,-1.7912699,-1.287985
c_1_6_1976,-0.15243581,-0.4234132
c_1_6_1977,-0.46722287,-1.5935416
c_1_6_1978,-1.949096,-1.0522575
c_1_6_1979,-1.7358211,-0.5999148
c_1_6_1980,-1.2450242,-2.0204844
c_1_6_1981,-1.4979873,-0.58519447
c_1_6_1982,-0.40219778,-0.86749846
c_1_6_1983,-1.660046,-1.183633
c_1_6_1985,-1.6126801,-0.26658916
c_1_6_1986,-0.88386476,-0.99353147
c_1_6_1987,-1.4874666,-1.5310105
c_1_6_1988,-1.1028184,0.88892823
c_1_6_1989,-0.52509516,0.66087407
c_1_6_1990,-0.46156922,1.7732455
c_1_6_1991,2.4735582,0.5297865
c_1_6_1992,0.06774333,-1.1430715
c_1_6_1993,-0.48412094,-0.3688819
c_1_6_1995,-0.21613437,-0.13852656
c_1_6_1996,-0.89256287,-1.4508582
c_1_6_1997,-0.8746179,-0.32454035
c_1_6_1998,-1.1935651,-1.2822309
c_1_6_1999,-0.34656456,-1.3691406
c_1_6_2000,0.038792346,-1.1998273
c_1_6_2001,-1.2750806,-0.32958457
c_1_6_2002,0.861962,0.30225864
c_1_6_2003,-0.827119,-0.05354677
c_1_6_2004,-0.4725647,2.0133848
c_1_6_2005,-1.7569305,0.47595817
c_1_6_2006,2.2206929,0.37050068
c_1_6_2007,-1.0914261,0.14551653
c_1_6_2008,0.87327194,0.031167183
c_1_6_2009,-0.10864374,-1.2090412
c_1_6_2010,-0.3731148,0.5933577
c_1_6_2011,-1.1155288,-0.1517552
c_1_6_2012,0.8207986,-0.35705957
c_1_6_2013,-0.06234463,-0.27984366
c_1_6_2014,-0.29824284,-0.431788
c_1_6_2016,0.58377093,0.17909968
c_1_6_2017,-0.76272327,-0.08420085
c_1_6_2018,3.4725828,0.3238996
c_1_6_2019,0.47454774,-1.4964432
c_1_6_2020,-0.85749257,0.61882186
c_1_6_2021,2.862846,-1.0349385
c_1_6_2022,1.7820153,-0.26297796
c_1_6_2023,-0.34030426,-0.9937224
c_1_6_2024,-0.8432729,0.089578286
c_1_6_2025,-0.7154052,-2.2664282
c_1_6_2026,-1.190993,-0.7271955
c_1_6_2027,-1.4311501,0.101185225
c_1_6_2028,-1.2857369,-0.27914613
c_1_6_2029,-3.270049,-2.043028
c_1_6_2030,-1.5148667,-0.41670093
c_1_6_2031,2.270686,-0.12041662
c_1_6_2032,2.2287805,-0.57125187
c_1_6_2033,0.16042341,-1.1157172
c_1_6_2034,-1.1979668,-1.3089995
c_1_6_2035,-1.1623157,-1.6268358
c_1_6_2036,-1.8596569,-0.65078044
c_1_6_2037,1.8798938,-0.83159894
c_1_6_2038,-1.0841395,-3.1606672
c_1_6_2039,1.524223,1.5413306
c_1_6_2040,0.24424772,0.6712832
c_1_6_2041,0.99403024,-0.9517845
c_1_6_2042,-1.5921857,-0.16604654
c_1_6_2044,-0.38558683,-0.10029532
c_1_6_2045,-1.1398798,-0.54954594
c_1_6_2046,-0.80311155,-0.37965044
c_1_6_2047,1.9046104,-0.4018756
c_1_6_2048,1.1104187,0.35354754
c_1_6_2049,-0.36950806,-0.18033712
c_1_6_2050,-0.32192734,-1.9925218
c_1_6_2051,-1.2898637,0.350156
c_1_6_2052,-0.44244853,0.21783862
c_1_6_2053,-1.4743197,-0.5155923
c_1_6_2054,-1.0997727,-1.5238346
c_1_6_2055,1.2022698,0.5071647
c_1_6_2056,2.797622,0.8503853
c_1_6_2057,-0.46670523,-0.31665784
c_1_6_2058,-1.3913506,-1.2093558
c_1_6_2059,-1.2320106,-0.19833013
c_1_6_2060,-0.7939408,-0.14080626
c_1_6_2061,0.23274387,-0.5423762
c_1_6_2062,-0.60922366,-0.720514
c_1_6_2063,-1.2569828,-0.5888687
c_1_6_2064,-0.65799075,0.14271301
c_1_6_2065,0.011711914,-1.0654261
c_1_6_2066,0.46761736,-1.3730117
c_1_6_2067,2.63385,-0.517024
c_1_6_2068,1.9766142,0.24660182
c_1_6_2069,-1.2716212,0.2797103
c_1_6_2070,-0.74808395,-0.1768235
c_1_6_2071,-1.3447435,0.5939777
c_1_6_2072,0.19827391,-0.7812246
c_1_6_2073,0.44795358,-1.7500708
c_1_6_2074,0.2447702,-0.87799627
c_1_6_2075,-0.17555435,-0.65732855
c_1_6_2076,-0.34355333,-1.1412563
c_1_6_2078,-1.7217764,1.7177149
c_1_6_2079,1.1980054,-0.7965742
c_1_6_2080,-0.7853334,-1.4797785
c_1_6_2082,-0.1180726,-1.2886419
c_1_6_2083,-1.1025403,-1.058887
c_1_6_2084,-1.0069627,0.14765795
c_1_6_2085,-0.41320124,0.24196444
c_1_6_2086,-0.7359888,0.6730597
c_1_6_2087,-0.807911,-0.7465031
c_1_6_2088,0.23921528,-0.96609616
c_1_6_2089,-0.8962813,-0.3756598
c_1_6_2090,-0.80728066,-1.2588524
c_1_6_2091,6.2631936,0.30985016
c_1_6_2092,-0.60919,0.08351504
c_1_6_2093,-0.7359247,-1.0492263
c_1_6_2094,0.43670765,-0.1835922
c_1_6_2095,-0.5901681,-1.3466632
c_1_6_2096,-0.6307482,-1.1831218
c_1_6_2097,0.09655807,-1.9779774
c_1_6_2098,-1.3152801,0.35359663
c_1_6_2099,-1.0989562,-0.81089073
c_1_6_2100,0.8876142,-0.4455848
c_1_6_2101,5.4123306,-1.4126596
c_1_6_2102,-0.47970402,-0.3615826
c_1_6_2103,-1.4366432,0.8356856
c_1_6_2104,-0.99716794,0.35603353
c_1_6_2106,-1.2760637,0.8434705
c_1_6_2107,-0.8589906,-1.486944
c_1_6_2108,-0.014552652,-1.0211946
c_1_6_2109,-1.0723652,-1.0661845
c_1_6_2111,-0.71087635,0.60977846
c_1_6_2112,-0.786413,0.3133058
c_1_6_2113,1.1922308,-0.3435588
c_1_6_2114,-2.1836967,-0.87706614
c_1_6_2115,-0.17379835,-1.4523344
c_1_6_2116,0.061878722,0.956046
c_1_6_2117,0.27880856,0.8220138
c_1_6_2118,-0.6414059,-0.07545914
c_1_6_2119,-1.1695452,1.0959488
c_1_6_2120,-2.266869,-0.36132976
c_1_6_2121,-1.5353029,0.87855554
c_1_6_2122,1.1981895,-0.9842322
c_1_6_2123,-0.74195457,-2.3166285
c_1_6_2124,0.17370208,1.4716755
c_1_6_2125,-0.3290139,2.1994522
c_1_6_2126,-0.9127377,0.55400795
c_1_6_2127,-0.9321704,-1.5329183
c_1_6_2128,1.268571,-0.71844345
c_1_6_2130,3.8755484,1.0595428
c_1_6_2131,-1.3683573,1.2708926
c_1_6_2132,-1.2064413,-2.552623
c_1_6_2133,0.54164934,0.83804595
c_1_6_2134,0.29410326,-0.96098214
c_1_6_2135,-0.256398,-1.8918316
c_1_6_2136,0.10530306,0.36932525
c_1_6_2137,-0.11549482,-1.5581375
c_1_6_2138,-1.9843448,-0.25207552
c_1_6_2139,0.574117,-0.8704035
c_1_6_2140,-1.0291804,-0.80952275
c_1_6_2141,-0.07813771,-0.60303503
c_1_6_2142,-0.24388717,-0.5390827
c_1_6_2143,-0.6107184,-0.19415617
c_1_6_2144,3.0079503,-0.2579412
c_1_6_2145,-1.1509122,-0.18822561
c_1_6_2146,-1.9787538,1.3564728
c_1_6_2147,-0.9876033,-0.32583308
c_1_6_2148,-0.17802449,-0.2942544
c_1_6_2149,-0.1668866,0.5999459
c_1_6_2150,-1.4844046,-0.87439746
c_1_6_2151,-0.33031586,-0.29688865
c_1_6_2152,-1.2351291,-0.9555756
c_1_6_2153,2.5072327,-0.10703216
c_1_6_2154,0.09931064,-0.47721246
c_1_6_2155,-0.27584895,-0.78672975
c_1_6_2156,-0.008417048,0.8175688
c_1_6_2157,-1.5997823,-0.34999958
c_1_6_2158,0.04782563,-0.8569625
c_1_6_2160,-0.07396015,0.8915407
c_1_6_2161,0.24951886,-1.221591
c_1_6_2162,0.008556487,-0.5498649
c_1_6_2163,-1.4739802,2.4273813
c_1_6_2164,-1.5772507,-0.6128623
c_1_6_2165,-1.1302356,-1.9586447
c_1_6_2166,0.8386183,-0.97610223
c_1_6_2168,-1.4895406,-2.06484
c_1_6_2169,-0.7137748,-0.4040671
c_1_6_2170,0.2356645,-0.087260485
c_1_6_2171,-1.1851864,2.2649345
c_1_6_2172,-0.48197553,0.42008296
c_1_6_2173,-1.4142702,-0.7604015
c_1_6_2174,-1.1908641,-1.756197
c_1_6_2176,-0.26726094,0.21558417
c_1_6_2177,0.11834302,-0.60025775
c_1_6_2178,-1.812466,2.1196373
c_1_6_2179,0.37288302,0.39849123
c_1_6_2180,-0.47232163,-0.93553734
c_1_6_2181,-0.89539224,-0.69765085
c_1_6_2182,-0.9579174,0.19028483
c_1_6_2184,-1.0366526,2.141293
c_1_6_2185,1.1654432,-0.7047053
c_1_6_2186,-2.4522452,3.846632
c_1_6_2187,-1.2511114,-1.7253699
c_1_6_2188,-1.3110955,-0.467951
c_1_6_2189,-1.2107811,-0.6993136
c_1_6_2190,0.063722126,-0.9087261
c_1_6_2191,-1.5500954,-0.30482244
c_1_6_2192,0.5511787,-0.36891997
c_1_6_2193,-1.6583611,-0.19991133
c_1_6_2194,-1.1570511,-0.7143568
c_1_6_2195,0.5261438,-0.52780133
c_1_6_2196,-1.4382029,0.37542653
c_1_6_2197,-1.0237827,-0.6379025
c_1_6_2198,-0.5471179,-1.2293451
c_1_6_2199,2.9308915,-1.0338348
c_1_6_2200,1.1599696,0.2264551
c_1_6_2201,-0.6554851,0.12858531
c_1_6_2202,-1.4880654,-2.697577
c_1_6_2203,-1.1970577,-1.233035
c_1_6_2204,-0.70319563,-1.081329
c_1_6_2205,-0.27792782,-0.59617597
c_1_6_2206,-0.754244,-0.41622552
c_1_6_2207,-0.22267786,8.4930105
c_1_6_2208,0.92721224,-0.82800645
c_1_6_2209,0.16359897,-0.7849523
c_1_6_2210,0.004448457,-0.030523134
c_1_6_2211,-2.6018684,4.533133
c_1_6_2212,-1.2628123,0.56908065
c_1_6_2213,-0.6286231,-1.8492754
c_1_6_2214,0.47867495,-0.23405658
c_1_6_2215,-0.07937925,-0.7846942
c_1_6_2216,0.017684532,-2.8467603
c_1_6_2217,-0.11150517,-0.09137298
c_1_6_2218,-1.0223694,-1.2526098
c_1_6_2219,-0.6370537,-2.9550703
c_1_6_2220,-0.9785704,0.6977539
c_1_6_2221,0.1263402,-0.03376711
c_1_6_2222,-0.58941805,2.138287
c_1_6_2223,-0.92887205,-2.2923255
c_1_6_2224,-2.2269778,0.6473136
c_1_6_2225,-0.7820205,-1.1656615
c_1_6_2226,0.67020094,-0.25159997
c_1_6_2227,-0.7210108,-0.66044325
c_1_6_2228,-1.6684353,0.6806522
c_1_6_2229,-0.9264618,1.1610503
c_1_6_2230,-0.41916478,-1.2959398
c_1_6_2231,0.01918572,-1.8712335
c_1_6_2232,-0.5505433,-1.1097485
c_1_6_2233,-1.368374,-1.7260511
c_1_6_2234,0.063334204,-0.3838965
c_1_6_2235,-1.0461397,-1.5236989
c_1_6_2236,-0.79050714,-1.130975
c_1_6_2237,0.18100883,-0.8382253
c_1_6_2238,-0.6432853,-1.1177163
c_1_6_2239,-0.8696389,-0.49853155
c_1_6_2240,-0.6320242,-1.3671511
c_1_6_2242,-1.123043,-0.5857039
c_1_6_2243,-0.35501313,-1.9130198
c_1_6_2244,-1.6142232,-1.02173
c_1_6_2245,0.9096089,4.4005885
c_1_6_2246,-0.35425413,-2.0074344
c_1_6_2247,-1.590824,-0.07744693
c_1_6_2248,-0.9210113,-1.5135641
c_1_6_2249,-1.2702229,1.5850352
c_1_6_2250,1.3022681,0.30910814
c_1_6_2251,-0.34190926,-1.1395769
c_1_6_2252,-1.3414031,1.3644385
c_1_6_2253,-0.7458823,-0.6334311
c_1_6_2254,-0.91567993,1.0976042
c_1_6_2255,-1.6466444,-0.42998168
c_1_6_2256,-1.3203218,-0.98590624
c_1_6_2257,-1.1644729,-0.5414461
c_1_6_2258,-0.33828548,-1.9497925
c_1_6_2259,-1.0222955,-0.7661904
c_1_6_2260,-1.7846493,0.9127819
c_1_6_2261,-0.09051896,5.258077
c_1_6_2262,-1.8175921,-1.4761046
c_1_6_2263,-1.2816985,-1.2991581
c_1_6_2264,-0.5492024,-1.187511
c_1_6_2265,-0.6881214,-0.1186604
c_1_6_2266,0.90038395,-1.7017817
c_1_6_2267,1.0850824,3.4985352
c_1_6_2268,-0.36867598,-1.527897
c_1_6_2269,-0.67511487,-0.24763867
c_1_6_2270,-0.42485285,5.6520786
c_1_6_2271,0.50040764,-0.48934507
c_1_6_2272,-1.8243042,-0.17379306
c_1_6_2274,-1.1328807,0.16956791
c_1_6_2275,-1.8349798,-0.6997357
c_1_6_2276,-0.9594834,-1.6838583
c_1_6_2277,0.83973837,0.5504793
c_1_6_2278,-0.84628475,-0.65720296
c_1_6_2279,-1.2332956,-1.2494434
c_1_6_2280,-0.5788495,-0.84080577
c_1_6_2281,-1.1707816,0.22030404
c_1_6_2282,-1.0396096,-0.6900497
c_1_6_2283,-0.010663777,-1.0882187
c_1_6_2284,2.3066177,1.0205908
c_1_6_2285,-1.3748822,-1.566062
c_1_6_2286,-0.4611467,0.40778193
c_1_6_2287,-0.03885679,-0.9027484
c_1_6_2288,-1.4551872,-0.4845943
c_1_6_2289,-0.41175115,0.3677289
c_1_6_2290,-1.1679524,0.3617446
c_1_6_2291,-1.3018327,1.955133
c_1_6_2292,-0.054307874,-1.140111
c_1_6_2293,-0.55953515,4.0746956
c_1_6_2294,-0.24027418,-0.9430043
c_1_6_2295,-0.54436964,-1.5486715
c_1_6_2296,-1.3588737,1.3373978
c_1_6_2297,-0.7597111,0.9048597
c_1_6_2299,-1.2111526,0.085470654
c_1_6_2300,0.76603115,-0.92168784
c_1_6_2302,-1.937539,0.7354845
c_1_6_2303,-0.8788109,-0.92397535
c_1_6_2304,-0.74469566,-0.82229143
c_1_6_2305,-1.4107956,6.786625
c_1_6_2306,-1.7738609,-0.88595307
c_1_6_2307,-1.0964283,-0.08205118
c_1_6_2308,-1.5464776,-0.7258537
c_1_6_2309,-0.63748145,0.109352626
c_1_6_2310,-0.449475,-1.1555693
c_1_6_2311,2.8822997,-2.5038514
c_1_6_2312,-2.0425086,1.037076
c_1_6_2313,0.55752414,-1.695357
c_1_6_2314,-2.7166486,7.117969
c_1_6_2315,-0.35496664,-2.64614
c_1_6_2316,-1.0836852,-1.030913
c_1_6_2317,0.2640102,1.7095085
c_1_6_2318,-1.1890905,0.67317194
c_1_6_2319,-1.2956423,1.5629934
c_1_6_2320,2.176925,-1.6344138
c_1_6_2321,2.325179,1.0595577
c_1_6_2322,-1.6185781,0.45061207
c_1_6_2323,-0.70837295,-1.3232869
c_1_6_2324,-2.381517,-0.41142583
c_1_6_2325,-0.42883182,-0.11922268
c_1_6_2326,0.13381256,0.13528119
c_1_6_2327,-1.1308862,-0.4016763
c_1_6_2328,0.13414359,1.930909
c_1_6_2329,-1.6587836,-0.09087494
c_1_6_2330,-1.9897319,2.365398
c_1_6_2331,-0.31456175,0.9877742
c_1_6_2332,-1.6678057,1.1036631
c_1_6_2333,-0.6872376,-1.3645047
c_1_6_2335,0.7137008,-0.9050186
c_1_6_2336,1.0530384,-0.11141701
c_1_6_2337,-0.7474165,-0.33608165
c_1_6_2338,0.44739264,-1.5404191
c_1_6_2339,-0.5227711,-0.4003729
c_1_6_2340,-1.3771243,-0.2906408
c_1_6_2341,-1.7342958,-0.53148824
c_1_6_2343,0.19977193,-0.5644462
c_1_6_2344,-0.0516166,-0.61820793
c_1_6_2345,-1.6117637,3.1472163
c_1_6_2346,-1.8216636,-2.1663072
c_1_6_2347,-0.58799636,4.9501557
c_1_6_2348,0.10007655,-0.38166904
c_1_6_2349,0.2661884,0.08692559
c_1_6_2350,0.21229772,0.9057614
c_1_6_2351,-1.0608673,2.6203382
c_1_6_2352,1.1708438,-0.47421917
c_1_6_2353,-0.4853538,1.4993361
c_1_6_2354,-1.2688327,-0.29778433
c_1_6_2355,3.5106032,0.6602587
c_1_6_2356,-2.490883,0.73817414
c_1_6_2357,-0.41485372,-0.92566246
c_1_6_2358,-0.7246336,2.0767748
c_1_6_2359,-1.2213079,0.87725586
c_1_6_2360,4.726991,-1.5715091
c_1_6_2361,0.17325579,-0.33614627
c_1_6_2362,-0.90422356,2.117448
c_1_6_2363,0.5270294,-2.23607
c_1_6_2364,-0.0040383255,1.1104691
c_1_6_2365,1.9864887,-0.36593124
c_1_6_2366,0.10580983,-1.7575141
c_1_6_2367,-0.78578264,1.4616382
c_1_6_2368,-1.1732471,-0.08753591
c_1_6_2369,-1.4525143,-1.56169
c_1_6_2370,-1.3174113,-0.42668766
c_1_6_2371,0.14437908,-0.08082138
c_1_6_2372,-1.276567,0.30865666
c_1_6_2374,-0.031194871,-2.0438714
c_1_6_2375,-1.2868037,-0.2794956
c_1_6_2376,-1.6498945,-0.5584446
c_1_6_2377,-1.3475974,-0.66328996
c_1_6_2378,-0.9406636,1.9559907
c_1_6_2379,-2.5494847,-0.97914726
c_1_6_2380,-0.53975874,0.40616184
c_1_6_2381,1.8314455,-0.806213
c_1_6_2383,-0.83570147,-0.5352535
c_1_6_2384,-0.17606065,-0.04393313
c_1_6_2385,-0.7737666,-0.0032266034
c_1_6_2386,-1.0222955,0.059402067
c_1_6_2388,-0.54693484,0.21103732
c_1_6_2389,0.2347259,-1.0586314
c_1_6_2390,-1.3420534,-0.9392764
c_1_6_2391,0.53965336,-0.40082863
c_1_6_2392,-1.044831,1.8506306
c_1_6_2393,-1.8280077,-0.99870765
c_1_6_2394,-1.89797,1.025877
c_1_6_2395,-1.4035263,4.9969697
c_1_6_2396,-0.1832052,-1.9073182
c_1_6_2397,-1.1715474,-0.5405763
c_1_6_2398,-1.1927539,-0.0019627172
c_1_6_2399,-1.5218964,-1.4586223
c_1_6_2401,-0.30446184,-2.229665
c_1_6_2402,-0.5596654,-0.7545418
c_1_6_2403,-0.7367602,-0.2317398
c_1_6_2404,1.9983793,-1.0156685
c_1_6_2405,-0.5489499,-0.85115427
c_1_6_2406,-0.26416585,0.15120505
c_1_6_2408,0.7028271,-0.26401484
c_1_6_2409,-0.22636172,-0.30715558
c_1_6_2410,-0.94533116,2.6714745
c_1_6_2411,0.057237152,-0.64460903
c_1_6_2412,-0.33482918,-0.5855089
c_1_6_2413,-0.72023785,-1.4891598
c_1_6_2414,-1.4586165,5.326738
c_1_6_2415,-0.86261797,-0.3136141
c_1_6_2416,-0.56671095,-0.57302535
c_1_6_2417,0.22765237,-0.6053838
c_1_6_2418,-1.3248426,1.3239163
c_1_6_2419,-0.9546002,0.3511623
c_1_6_2420,-2.1749916,-0.46942902
c_1_6_2421,-0.21711825,0.34412315
c_1_6_2422,-0.51192826,0.7304742
c_1_6_2423,-1.1501733,-0.053108852
c_1_6_2424,-0.69298327,3.5660627
c_1_6_2425,-0.5827036,-0.70096976
c_1_6_2426,-1.1761347,-0.58927906
c_1_6_2427,-0.63033086,-0.24328475
c_1_6_2428,-1.217252,-1.681902
c_1_6_2429,-1.5518548,-1.2635839
c_1_6_2430,-1.9174111,4.362464
c_1_6_2431,-0.60192126,2.063825
c_1_6_2432,-1.5293705,4.2142105
c_1_6_2433,-1.1807066,1.0972708
c_1_6_2434,0.36039335,-0.8855895
c_1_6_2435,-0.46091136,0.90634084
c_1_6_2436,-0.2834725,0.33759105
c_1_6_2437,-0.6148629,4.1916404
c_1_6_2438,-2.0558548,-0.6507006
c_1_6_2439,-1.8639213,1.3017424
c_1_6_2440,-0.11051434,0.84616303
c_1_6_2441,0.11672125,-1.5595026
c_1_6_2442,-0.84538615,2.4398217
c_1_6_2443,-0.50355923,-0.40521422
c_1_6_2444,0.055009354,-0.656612
c_1_6_2445,-1.8703532,-1.4417725
c_1_6_2446,-0.2122033,-1.2011708
c_1_6_2447,1.068419,-0.8837326
c_1_6_2448,-1.2078755,2.3695798
c_1_6_2449,-1.8183268,-0.77151877
c_1_6_2450,-1.5958211,-1.6550108
c_1_6_2451,-0.44861087,-1.2557313
c_1_6_2452,3.5159597,1.4253381
c_1_6_2453,-1.0378424,-0.78485847
c_1_6_2454,-1.0096501,3.124258
c_1_6_2455,0.46731687,-0.55140835
c_1_6_2456,-1.2504992,0.24701922
c_1_6_2458,-1.304456,0.18499309
c_1_6_2459,-1.4421493,-0.9914048
c_1_6_2460,-2.2929487,-0.13467784
c_1_6_2461,-1.4719995,-1.7367883
c_1_6_2462,-1.1884618,1.4404122
c_1_6_2463,-0.9318303,-1.3832439
c_1_6_2464,-0.612728,-1.16241
c_1_6_2465,-1.0410165,-1.7616924
c_1_6_2466,-0.74691033,0.8093841
c_1_6_2467,-1.1422806,0.48922154
c_1_6_2468,-0.9847546,-1.6390573
c_1_6_2470,-0.2981137,-1.3191726
c_1_6_2471,-0.3252285,-0.50079983
c_1_6_2472,-1.3463713,-0.27050525
c_1_6_2473,0.76139873,-1.4251944
c_1_6_2474,-0.4613911,-2.3738582
c_1_6_2475,-1.1064495,0.6881873
c_1_6_2476,-0.6771085,-0.66365975
c_1_6_2477,0.00020708812,-0.21732284
c_1_6_2478,-0.5851165,-0.6487308
c_1_6_2479,-0.9701668,-0.08456929
c_1_6_2480,-1.5765309,4.5165424
c_1_6_2481,-0.8094706,-0.31771758
c_1_6_2482,-0.62053204,1.1413715
c_1_6_2483,-0.71433955,0.010882442
c_1_6_2484,-1.7096282,0.60262597
c_1_6_2485,-0.61797804,-0.54343486
c_1_6_2486,-1.3987685,-1.8305131
c_1_6_2487,-0.01785426,-1.7470169
c_1_6_2488,-0.23870282,-0.48075294
c_1_6_2489,-1.1778952,1.6742544
c_1_6_2490,-1.865616,1.1862732
c_1_6_2491,0.7557802,0.113173574
c_1_6_2492,-0.8781743,-0.1888072
c_1_6_2493,-0.56276494,-0.7708564
c_1_6_2495,-0.64726853,-0.46581134
c_1_6_2496,-1.0856396,-1.3996403
c_1_6_2497,-1.4976203,-1.7422569
c_1_6_2498,-0.04785118,-1.7640903
c_1_6_2500,-1.6049833,-1.6538705
c_1_6_2501,-0.44452605,-0.88973945
c_1_6_2502,0.798827,-0.61083066
c_1_6_2503,-1.0431749,-0.89028335
c_1_6_2504,-0.47338322,0.15541938
c_1_6_2505,-0.84869975,0.013888224
c_1_6_2506,0.021498345,0.395245
c_1_6_2507,-0.8127008,-0.63675296
c_1_6_2508,-0.95611906,0.5043957
c_1_6_2509,0.60613286,-1.0502284
c_1_6_2510,-2.1139243,0.7643435
c_1_6_2511,-0.80731565,0.39755133
c_1_6_2512,-1.3213179,1.5125599
c_1_6_2513,-0.22832002,-2.1490757
c_1_6_2515,0.13164625,-0.37947696
c_1_6_2516,-1.644622,0.7451618
c_1_6_2518,1.0054924,-0.78296703
c_1_6_2519,-1.4691043,-0.6446303
c_1_6_2520,-1.0303757,-1.8281076
c_1_6_2521,-0.6498782,1.0439208
c_1_6_2522,-0.46985665,-0.41399148
c_1_6_2523,-3.4535117,8.845702
c_1_6_2524,-0.78735614,1.4515944
c_1_6_2525,-0.64621973,-1.6759769
c_1_6_2526,-0.17445695,-0.5073022
c_1_6_2527,-0.42893112,-0.8784609
c_1_6_2528,-0.836171,-0.849547
c_1_6_2529,-0.16170987,-0.7864873
c_1_6_2530,-1.1481259,0.55710065
c_1_6_2531,-0.3286864,0.08472136
c_1_6_2532,0.24365768,-1.3846815
c_1_6_2533,-0.23409313,-1.7289752
c_1_6_2534,-1.0902313,-0.5137471
c_1_6_2535,-0.9718868,-1.4086357
c_1_6_2536,-0.2724098,-0.9120712
c_1_6_2537,-1.2296321,-1.1813401
c_1_6_2538,-0.6682989,1.8869426
c_1_6_2539,-0.052885734,-0.49492928
c_1_6_2540,1.8580766,-1.7601826
c_1_6_2541,-1.8119856,0.13650697
c_1_6_2542,-1.9282794,-1.8942816
c_1_6_2543,-1.2005612,-1.8603078
c_1_6_2545,-1.193226,-1.4674782
c_1_6_2546,-0.8807506,-1.0881873
c_1_6_2547,-1.2474067,-0.8626361
c_1_6_2548,-1.1409016,-0.1582002
c_1_6_2549,0.24714746,1.5644495
c_1_6_2550,-0.80094606,1.108342
c_1_6_2551,-1.1118674,-0.21980102
c_1_6_2552,0.08664347,-0.27084094
c_1_6_2553,-0.37071136,0.3336175
c_1_6_2554,-2.1643188,-0.29807863
c_1_6_2555,-1.7802241,-2.1450603
c_1_6_2556,0.66076,-0.9979234
c_1_6_2557,-2.4265666,-1.1096866
c_1_6_2558,-1.4969739,-0.9020015
c_1_6_2559,-1.9404023,0.0398476
c_1_6_2560,-1.5227561,-1.9577347
c_1_6_2561,-0.8637901,-1.1868311
c_1_6_2562,0.60260445,1.2559739
c_1_6_2563,-0.4348434,-1.0849123
c_1_6_2564,-1.1774032,-1.1516774
c_1_6_2565,0.15276772,0.32066804
c_1_6_2566,-1.7163793,1.0133948
c_1_6_2567,-1.6950275,1.8709626
c_1_6_2568,-0.9661998,-0.54094166
c_1_6_2569,-0.49791563,0.3165507
c_1_6_2571,0.1825699,-1.0630183
c_1_6_2572,-1.1512932,-0.6752121
c_1_6_2574,-1.1338395,-0.75996137
c_1_6_2575,-0.37239453,1.7190142
c_1_6_2576,-1.073443,-0.32330725
c_1_6_2577,0.546017,-0.5233747
c_1_6_2578,0.43308723,-0.7203872
c_1_6_2579,-2.2121482,-0.9074034
c_1_6_2580,-0.5512778,0.15002334
c_1_6_2581,-0.44899717,-1.1015705
c_1_6_2582,-0.08867409,0.24421875
c_1_6_2583,-1.3779489,-0.8036882
c_1_6_2584,-1.2887484,1.7971933
c_1_6_2585,-1.1870998,0.79230213
c_1_6_2586,-0.23505281,0.87209696
c_1_6_2587,-1.2993385,-2.104252
c_1_6_2588,-1.0512302,-0.29536438
c_1_6_2589,-1.116818,2.1203914
c_1_6_2590,-0.92995065,4.985688
c_1_6_2592,-0.082371466,-0.9484624
c_1_6_2593,0.04618378,1.8812525
c_1_6_2594,-1.176744,0.41793108
c_1_6_2595,-1.651725,-1.2523496
c_1_6_2596,-0.7842775,-1.4314481
c_1_6_2597,-1.6839402,3.7434025
c_1_6_2598,-1.4816067,1.5035707
c_1_6_2599,-1.019273,-0.42171443
c_1_6_2600,-0.3406974,-0.22345045
c_1_6_2601,-1.1607027,-0.72146106
c_1_6_2602,-0.45241642,-0.7589786
c_1_6_2603,1.4013914,-1.2650166
c_1_6_2604,-1.1080363,-0.69445986
c_1_6_2605,0.13052556,0.22747321
c_1_6_2606,-0.61856264,-0.6783687
c_1_6_2607,-0.48881087,1.0751878
c_1_6_2608,-0.30064785,0.08450201
c_1_6_2609,-1.5960728,1.5681168
c_1_6_2610,-0.20947301,-0.17634071
c_1_6_2611,-1.5725672,-0.4899653
c_1_6_2612,-1.0797038,-0.88356805
c_1_6_2613,-0.64431447,-0.8445542
c_1_6_2614,-1.8623389,3.5368445
c_1_6_2615,-1.4128305,-0.9412135
c_1_6_2616,-1.129736,-0.85577154
c_1_6_2617,-2.0902364,-1.200945
c_1_6_2618,-1.5975931,-0.693733
c_1_6_2619,-1.5759248,-0.10880497
c_1_6_2620,-1.0134325,-0.80427164
c_1_6_2621,-0.5296161,-0.39550963
c_1_6_2622,-2.3459704,1.0384011
c_1_6_2623,-0.6571322,-1.090198
c_1_6_2624,0.1726786,-0.59471506
c_1_6_2625,0.11082572,0.38870254
c_1_6_2626,-2.1570811,4.178864
c_1_6_2627,-1.3760598,2.617436
c_1_6_2628,0.61801195,-0.96121603
c_1_6_2629,0.6037125,-0.6574847
c_1_6_2630,-1.2969139,0.08553696
c_1_6_2631,-0.84958935,0.084597826
c_1_6_2632,-1.1213517,3.4247358
c_1_6_2633,-0.49096814,-0.8262328
c_1_6_2634,-1.6788759,-1.1046693
c_1_6_2635,-1.7773834,0.43720767
c_1_6_2636,-1.2274187,0.22523296
c_1_6_2637,1.3690934,-0.66747046
c_1_6_2638,-0.5445343,-0.4356279
c_1_6_2639,-2.465723,-0.96099716
c_1_6_2640,-1.8860872,-0.5566497
c_1_6_2641,-0.30042163,0.9546146
c_1_6_2642,-1.9938208,-1.2962292
c_1_6_2643,-1.1403785,0.19179383
c_1_6_2644,-1.5393522,-0.11518054
c_1_6_2645,0.9551318,-1.3653303
c_1_6_2646,-0.23688523,0.5870162
c_1_6_2647,0.3792026,-1.3321947
c_1_6_2648,2.1859329,-0.11550769
c_1_6_2649,-0.42001796,0.20606014
c_1_6_2650,-1.0598419,0.4993533
c_1_6_2652,-0.039659213,2.8668094
c_1_6_2654,-1.4008372,-1.0869803
c_1_6_2655,-0.8816423,-1.0302228
c_1_6_2656,-0.37366036,-0.41790053
c_1_6_2657,-0.8120333,0.28233352
c_1_6_2658,0.47071916,-0.4147451
c_1_6_2659,-0.7829771,-1.5942655
c_1_6_2660,-1.486019,-0.81435287
c_1_6_2661,-1.3361517,-1.3581011
c_1_6_2662,-0.7242856,2.2528272
c_1_6_2663,0.90838647,0.137071
c_1_6_2664,-0.9174379,-0.2936836
c_1_6_2665,-0.9490487,-1.2507592
c_1_6_2666,-2.258865,-0.30839825
c_1_6_2667,1.2283245,-1.1225498
c_1_6_2668,-0.70345837,-0.7557577
c_1_6_2669,-0.9365793,1.5563693
c_1_6_2670,-0.6587153,-0.8564876
c_1_6_2671,-1.0779094,-1.6988578
c_1_6_2672,-0.6460376,1.7738357
c_1_6_2673,-0.72327614,-1.0306685
c_1_6_2674,-1.5056452,-1.0280759
c_1_6_2675,-0.86981356,0.95715964
c_1_6_2676,-1.6480725,-1.0459222
c_1_6_2677,-0.5953661,1.173798
c_1_6_2678,-1.1434165,-1.7630521
c_1_6_2680,-1.334674,0.4988
c_1_6_2681,-1.2585009,-1.2985363
c_1_6_2682,0.27298704,-1.9330838
c_1_6_2683,-0.40980238,-0.7948884
c_1_6_2684,-1.2454089,-0.86670315
c_1_6_2685,-1.3591558,-0.817901
c_1_6_2686,-1.3981308,-1.6085371
c_1_6_2687,0.67119664,1.5107126
c_1_6_2688,-0.6494538,0.56933254
c_1_6_2689,-0.8610916,0.73797816
c_1_6_2690,-0.63836,-1.2699956
c_1_6_2691,0.60295504,-0.864261
c_1_6_2692,-0.0035136302,1.1755524
c_1_6_2693,-0.88670284,0.19849615
c_1_6_2694,-0.42681995,-0.90168524
c_1_6_2695,-0.85391456,-0.46484688
c_1_6_2696,1.009637,-1.140347
c_1_6_2697,-0.13363728,5.8795624
c_1_6_2698,-1.7919152,-0.6964481
c_1_6_2699,-0.89560413,1.5214921
c_1_6_2700,-1.354575,-0.794599
c_1_6_2701,-0.63494366,0.14372908
c_1_6_2702,0.032864537,-0.1893147
c_1_6_2703,0.2795764,-1.0258745
c_1_6_2704,-1.2436912,-0.4329531
c_1_6_2705,-0.5093494,2.2122202
c_1_6_2706,0.9421289,-1.4518039
c_1_6_2707,-1.2603285,-0.9714581
c_1_6_2708,-1.1814474,-1.6927671
c_1_6_2709,-1.2725897,-0.47188658
c_1_6_2710,-1.768275,4.1477532
c_1_6_2711,-0.77620345,-0.6805479
c_1_6_2712,-1.3983551,-1.3842546
c_1_6_2713,-0.76900494,-0.88814324
c_1_6_2715,-1.3199878,-0.41398627
c_1_6_2716,-1.2518125,-0.5645975
c_1_6_2717,0.21218522,-0.8107986
c_1_6_2718,-0.9105954,-1.426703
c_1_6_2719,-0.88592684,-0.50682944
c_1_6_2720,-1.6531864,-0.75889575
c_1_6_2721,-0.882101,1.0000792
c_1_6_2722,-1.7148908,4.599537
c_1_6_2723,-0.84011275,0.13572797
c_1_6_2724,-1.8742814,-0.118904136
c_1_6_2725,-0.12773786,0.6160613
c_1_6_2726,-0.21625467,-1.0986123
c_1_6_2727,-1.3954173,1.1266145
c_1_6_2728,-1.4042704,0.20715821
c_1_6_2729,-1.1372867,-0.57855725
c_1_6_2730,-1.0407563,1.8650818
c_1_6_2731,-1.3524383,-1.9994566
c_1_6_2732,-1.1325881,0.99189603
c_1_6_2733,-0.16009787,-0.28430358
c_1_6_2734,-0.20553349,-0.8731765
c_1_6_2736,-0.8872818,-1.6628795
c_1_6_2738,-1.7181319,-1.5567546
c_1_6_2739,-0.17982385,0.19911006
c_1_6_2740,-0.41594824,-0.7552823
c_1_6_2741,2.3207307,-0.5206649
c_1_6_2742,-1.3753113,-0.2784238
c_1_6_2743,-0.27606955,0.9390931
c_1_6_2744,-0.76617527,2.3587296
c_1_6_2745,-0.25845695,-0.3275952
c_1_6_2746,-1.4821787,0.4437704
c_1_6_2747,-2.4849966,2.3895981
c_1_6_2748,-1.8455623,0.112459704
c_1_6_2749,-0.20888752,1.9586604
c_1_6_2750,-0.33688033,-0.26072967
c_1_6_2751,-1.5969956,2.8411546
c_1_6_2752,-0.5641431,-0.68952626
c_1_6_2753,-1.0145096,-1.8717214
c_1_6_2754,-0.37332258,-1.0151831
c_1_6_2755,-0.58970314,1.0760311
c_1_6_2756,0.2738218,0.71511906
c_1_6_2757,-0.452854,2.0592206
c_1_6_2758,0.041898984,-1.3986084
c_1_6_2759,-1.7774258,-0.72683877
c_1_6_2761,0.700975,-0.2947983
c_1_6_2762,-1.2001433,-1.3999404
c_1_6_2763,-1.1803435,1.2334216
c_1_6_2764,-0.2017192,-0.30983645
c_1_6_2765,-0.47693118,0.23817328
c_1_6_2766,0.0019769596,-0.21024758
c_1_6_2767,2.2616377,-1.7518504
c_1_6_2768,-2.2456863,0.37319213
c_1_6_2769,1.1650436,-1.379258
c_1_6_2770,-1.234079,-0.0057360865
c_1_6_2772,2.0469813,-0.43631214
c_1_6_2773,-0.78228897,0.0827812
c_1_6_2774,0.27827075,2.1253896
c_1_6_2775,1.8804209,0.6717016
c_1_6_2776,-0.6583887,-0.9149104
c_1_6_2777,-0.48974797,-0.5281939
c_1_6_2778,-0.94531125,-0.2013298
c_1_6_2779,0.034161095,0.19874191
c_1_6_2780,-0.37578282,-0.8078137
c_1_6_2781,-1.9147673,1.1563207
c_1_6_2782,-0.72441095,-0.52376556
c_1_6_2783,-1.8400652,2.6336365
c_1_6_2784,-1.2644708,-0.37292555
c_1_6_2785,-0.30628648,0.79705906
c_1_6_2786,-1.5542477,0.60417855
c_1_6_2787,-0.9680113,-0.07070469
c_1_6_2788,-1.430109,-1.2690394
c_1_6_2789,-1.5719874,0.76585716
c_1_6_2790,-0.98600984,-1.4127411
c_1_6_2791,-0.17539944,0.020427251
c_1_6_2792,-0.5735246,-1.2341346
c_1_6_2793,0.05534577,-0.8189624
c_1_6_2794,-2.0077276,-1.8505802
c_1_6_2795,1.4339957,1.568192
c_1_6_2796,2.5588748,-0.1924665
c_1_6_2797,-1.4266626,-0.42777646
c_1_6_2798,-2.3888445,1.7968471
c_1_6_2799,-0.6004466,-0.49755692
c_1_6_2800,0.54589796,0.2042105
c_1_6_2802,-0.8884825,0.2523125
c_1_6_2803,0.015350127,-0.33650818
c_1_6_2805,3.336201,-0.3644783
c_1_6_2806,-0.7591986,-0.8763975
c_1_6_2807,-0.44463596,-0.44252947
c_1_6_2808,-0.05493587,-0.43673182
c_1_6_2809,-1.118318,1.6207763
c_1_6_2810,0.5795695,-0.666636
c_1_6_2811,-1.0831289,-0.19872212
c_1_6_2813,-0.10497722,0.072240725
c_1_6_2814,-1.3474144,0.78461
c_1_6_2815,-0.33146983,-0.89762664
c_1_6_2816,-0.41318148,-0.98845214
c_1_6_2817,-0.81251293,0.48734707
c_1_6_2818,1.2515552,-0.156757
c_1_6_2819,1.4232694,1.3208733
c_1_6_2820,-1.6294885,1.4329804
c_1_6_2821,1.0924428,-2.2960002
c_1_6_2822,-0.93273044,2.7677615
c_1_6_2823,-0.6648044,-0.12002856
c_1_6_2824,-1.0436262,0.8057396
c_1_6_2825,0.46749368,-0.62228703
c_1_6_2826,-2.0848444,0.43508092
c_1_6_2827,-1.600325,0.7693436
c_1_6_2828,-0.7512641,-0.43611363
c_1_6_2829,-1.4403847,-0.68911517
c_1_6_2830,-1.5429281,-1.1989044
c_1_6_2832,3.2547305,-0.86195797
c_1_6_2833,0.6313457,-0.8310946
c_1_6_2834,-0.97356385,-1.116046
c_1_6_2835,-1.1464493,0.5304505
c_1_6_2836,-0.4546458,-1.2939531
c_1_6_2837,-0.9241719,5.9949245
c_1_6_2838,-0.7423628,-0.26878893
c_1_6_2839,0.23526166,-0.44297987
c_1_6_2840,-0.85772896,0.99167997
c_1_6_2841,-1.9383792,2.21785
c_1_6_2842,0.016125048,-0.81934327
c_1_6_2843,1.0039383,-0.16782801
c_1_6_2844,-0.17070083,-0.9086798
c_1_6_2845,-0.74877506,-0.62023103
c_1_6_2846,-0.43879148,0.21037187
c_1_6_2847,-1.350046,-1.7063894
c_1_6_2848,-0.30736846,-0.470531
c_1_6_2849,-0.3021849,-0.14935768
c_1_6_2850,-1.8550338,-0.75664955
c_1_6_2851,-1.1621495,0.8435816
c_1_6_2852,-1.5286144,-0.22749999
c_1_6_2853,0.79785305,1.0337288
c_1_6_2854,-0.70350885,-0.89061284
c_1_6_2855,-0.49535644,-1.2630651
c_1_6_2856,-2.063468,2.6804228
c_1_6_2857,-1.6575457,-1.1940956
c_1_6_2858,-0.4215954,2.2394989
c_1_6_2859,-0.7004893,-1.8665563
c_1_6_2861,-1.8675336,-0.75988436
c_1_6_2862,-1.8879831,-1.939003
c_1_6_2863,-0.4058626,-1.5684409
c_1_6_2864,-0.8848818,-1.141623
c_1_6_2865,-1.2253765,-0.4241762
c_1_6_2866,-0.8357341,1.8569138
c_1_6_2867,-0.5482019,-1.3494972
c_1_6_2868,-0.78046656,3.5951025
c_1_6_2869,-1.6065253,-0.63746375
c_1_6_2871,-0.2740887,-1.4562591
c_1_6_2872,-1.1548822,0.85131186
c_1_6_2873,-0.70859706,1.6137582
c_1_6_2874,-0.11813757,0.4939979
c_1_6_2875,1.5994359,-0.504544
c_1_6_2876,-2.090839,1.824455
c_1_6_2877,0.11499279,-0.07564557
c_1_6_2878,-0.01881276,0.1663517
c_1_6_2879,-1.4478198,-0.22753945
c_1_6_2880,-0.87125546,0.6817209
c_1_6_2881,-1.6749979,-0.407288
c_1_6_2882,0.06072554,0.6091049
c_1_6_2883,-1.2619107,1.7791888
c_1_6_2884,-0.19306849,1.0207518
c_1_6_2885,0.796249,-0.44010895
c_1_6_2886,-1.0901184,-0.27152348
c_1_6_2887,-0.93405485,-0.19102387
c_1_6_2889,-0.3858385,-0.76150256
c_1_6_2890,-1.7165039,1.4493314
c_1_6_2891,-1.2874811,-1.0989008
c_1_6_2892,-0.32934418,-0.45810232
c_1_6_2893,0.18620142,-1.1676275
c_1_6_2894,0.8256186,0.0690478
c_1_6_2895,-0.58676666,0.3422403
c_1_6_2896,0.04254949,2.5530868
c_1_6_2897,-1.2956938,-0.101807676
c_1_6_2898,-1.2417041,-0.29427785
c_1_6_2899,-0.8784586,0.4606517
c_1_6_2900,0.22457163,-0.9058446
c_1_6_2901,-1.145232,-0.5364306
c_1_6_2902,-1.6163344,-0.43348747
c_1_6_2903,-0.78176194,-0.496581
c_1_6_2904,-0.65173507,1.9777324
c_1_6_2905,-1.4379334,2.6496055
c_1_6_2906,-1.2395346,1.3340521
c_1_6_2908,0.8969908,-0.97304606
c_1_6_2909,-1.2927135,-0.65982866
c_1_6_2910,-1.1748884,-0.052100215
c_1_6_2911,0.1800318,-0.5332892
c_1_6_2912,0.9006473,-2.396214
c_1_6_2913,-1.9434695,0.37151158
c_1_6_2914,-0.2410417,0.5362053
c_1_6_2915,0.4726757,-1.9143835
c_1_6_2916,0.22138081,-0.5714304
c_1_6_2917,-0.42224336,-1.2461591
c_1_6_2918,-0.1809626,2.2538188
c_1_6_2919,0.43309584,0.19340053
c_1_6_2920,-2.5950408,-0.2211931
c_1_6_2921,-1.3895712,0.081958786
c_1_6_2922,-0.1651243,-0.9335847
c_1_6_2923,-1.4548956,-0.7854497
c_1_6_2924,1.5361226,-0.60826844
c_1_6_2925,-0.5811447,1.9138092
c_1_6_2926,-0.8206893,2.6047204
c_1_6_2927,-0.4183982,1.5662625
c_1_6_2928,-0.7819633,-1.685707
c_1_6_2929,-0.7855974,0.3575968
c_1_6_2930,-0.90911436,-0.18014611
c_1_6_2931,2.26739,2.0813804
c_1_6_2932,0.26585114,-0.43833572
c_1_6_2933,1.2104144,-0.8400854
c_1_6_2934,-1.318011,-1.5908668
c_1_6_2935,-1.2115078,0.45582253
c_1_6_2936,-1.230868,-0.10114159
c_1_6_2937,0.9591538,-0.71802485
c_1_6_2938,-1.2534748,-1.480273
c_1_6_2939,-0.8472605,-1.0630759
c_1_6_2940,-0.0249525,0.017051442
c_1_6_2941,-0.5519506,-0.19081903
c_1_6_2942,-0.5514352,-1.4130957
c_1_6_2943,-0.40526342,0.3805792
c_1_6_2944,-0.9458402,-0.735795
c_1_6_2945,0.12914896,-0.57522875
c_1_6_2946,-1.0331761,-0.40423453
c_1_6_2947,-0.40846276,-0.29829413
c_1_6_2948,0.009948382,-1.0218779
c_1_6_2949,-2.2400846,0.19046623
c_1_6_2950,-1.057128,-0.025059432
c_1_6_2951,0.6520086,0.045637332
c_1_6_2952,0.38061747,1.3419849
c_1_6_2953,0.68572545,0.06233221
c_1_6_2954,-2.0825453,0.4885119
c_1_6_2955,-1.1587651,-0.13506526
c_1_6_2956,-1.1380258,0.32297957
c_1_6_2957,-0.3416782,1.2253674
c_1_6_2958,-0.7169486,-0.18737696
c_1_6_2959,-0.15316205,-0.4907772
c_1_6_2960,-1.2544972,3.306132
c_1_6_2961,-1.1142052,-2.7968206
c_1_6_2962,-0.1096701,0.81523347
c_1_6_2963,0.35137436,-0.53873265
c_1_6_2965,-1.6481593,-0.9457204
c_1_6_2967,-1.0228556,-0.55970985
c_1_6_2968,-0.41025677,0.81884646
c_1_6_2969,-0.42095864,0.55543536
c_1_6_2970,-1.1477879,-1.2214638
c_1_6_2971,-0.5487588,-0.49268427
c_1_6_2972,0.38233545,-0.47865108
c_1_6_2973,-1.7727964,1.5691501
c_1_6_2974,-0.62686497,0.13897036
c_1_6_2975,-0.96342397,-0.7085494
c_1_6_2976,-0.10435295,-0.93113333
c_1_6_2977,-1.4492196,-1.1369888
c_1_6_2979,0.20832671,-0.09244175
c_1_6_2980,-1.2580824,2.2464392
c_1_6_2981,-1.3792291,-0.95614314
c_1_6_2982,-0.6684198,-0.70025146
c_1_6_2983,-1.4625199,3.2902963
c_1_6_2984,-0.46919137,0.7371933
c_1_6_2985,0.74370706,2.3927124
c_1_6_2986,-1.6497444,-0.03914844
c_1_6_2988,-0.8398996,0.773622
c_1_6_2989,-0.6983551,-1.2648216
c_1_6_2990,-0.5422691,-0.33486038
c_1_6_2991,0.31357306,0.94283074
c_1_6_2992,-0.5492418,1.6340666
c_1_6_2993,0.43088564,-2.6184149
c_1_6_2994,-1.0917778,-1.4805374
c_1_6_2995,0.29258764,-0.050517626
c_1_6_2996,-0.8915374,3.235551
c_1_6_2997,2.3450522,-0.735594
c_1_6_2998,-0.82550234,0.51273334
c_1_6_2999,-1.6734095,-1.778662
c_1_6_3000,-0.2305553,0.2508442
c_1_6_3001,0.66759056,-0.44820133
c_1_6_3002,-0.3229596,0.73692966
c_1_6_3003,-2.2209785,0.8915889
c_1_6_3004,-0.26993862,-0.9427611
c_1_6_3005,-1.0544883,-0.25673774
c_1_6_3006,0.17083715,1.5437436
c_1_6_3007,0.05302594,-1.2889419
c_1_6_3008,-0.69259,0.12530312
c_1_6_3009,0.0784375,-2.1161997
c_1_6_3010,0.789347,1.1014712
c_1_6_3011,-0.6093744,-0.7968056
c_1_6_3012,-0.58624226,-0.252758
c_1_6_3013,-1.3354323,-0.80058664
c_1_6_3014,-0.267776,-0.955581
c_1_6_3015,-0.83357656,-2.090749
c_1_6_3017,-1.5111235,-0.94129217
c_1_6_3018,-2.2273235,-3.2027829
c_1_6_3019,-1.532145,-0.51499885
c_1_6_3020,-0.34910548,-0.37697846
c_1_6_3021,-0.9645723,-0.92622995
c_1_6_3022,1.7573357,-0.122550935
c_1_6_3023,-0.5822079,0.052667674
c_1_6_3024,-0.4057773,0.17882892
c_1_6_3025,-1.6412221,2.7572312
c_1_6_3026,0.7549843,-0.8236587
c_1_6_3027,-0.8340008,1.1526102
c_1_6_3028,-1.5797225,-0.6807244
c_1_6_3029,0.31336212,1.7906462
c_1_6_3033,-0.24266103,-0.84067816
c_1_6_3034,0.4440807,-0.5902847
c_1_7_2,-1.1092068,0.26350063
c_1_7_5,-0.21863832,3.4012625
c_1_7_6,-1.6444153,1.7032769
c_1_7_7,-0.87833625,1.940521
c_1_7_8,0.8207574,-1.002841
c_1_7_9,-0.8389014,0.23118615
c_1_7_10,-1.1693842,0.43103117
c_1_7_11,-1.0216018,-0.7353496
c_1_7_12,-0.32263052,1.7605469
c_1_7_13,0.16936174,2.9270542
c_1_7_14,-1.2963821,0.34073177
c_1_7_15,-1.038197,1.4459277
c_1_7_16,-1.1423277,3.9579492
c_1_7_17,-0.04583595,2.5588715
c_1_7_18,-0.28494394,-0.724292
c_1_7_19,-0.12702654,1.7609406
c_1_7_20,-1.2596012,3.550017
c_1_7_22,-1.0891627,3.377102
c_1_7_23,-1.5746617,-0.418439
c_1_7_24,-0.83159554,-0.6327129
c_1_7_25,-0.5394508,-1.2684677
c_1_7_26,-1.5328318,-1.5043646
c_1_7_27,-0.6098777,0.09824544
c_1_7_28,-1.3961066,-1.4064306
c_1_7_29,-0.07680548,-1.4589651
c_1_7_30,-0.89109445,-1.7007669
c_1_7_31,-0.090643905,-0.74767405
c_1_7_32,-0.42803484,-0.9778569
c_1_7_34,-1.5860171,-1.6532363
c_1_7_35,-0.6807733,-1.4321015
c_1_7_36,-0.056632973,-0.8249559
c_1_7_37,-1.9667684,0.50169075
c_1_7_38,0.4602485,0.6172258
c_1_7_40,-0.6398997,-1.8107883
c_1_7_41,0.017350847,-0.4671952
c_1_7_42,-2.227755,-1.7376667
c_1_7_43,1.6118389,-1.4588188
c_1_7_44,-2.2228415,-2.4786277
c_1_7_45,-0.46546888,-1.7419326
c_1_7_46,-0.7643312,-1.7367202
c_1_7_47,-1.4676716,2.195184
c_1_7_48,-1.923797,-2.6453416
c_1_7_49,-2.3324027,0.24525121
c_1_7_50,-1.1176652,0.9612772
c_1_7_51,-1.567805,-1.3119327
c_1_7_52,-1.4795479,-1.2917829
c_1_7_53,-1.5228164,-1.5342548
c_1_7_55,-0.8897706,-0.91932917
c_1_7_56,-0.48216093,-1.1315854
c_1_7_57,-1.4110286,-1.8496624
c_1_7_58,-1.0166438,-1.0932466
c_1_7_59,-1.3442576,-0.9787137
c_1_7_60,-1.0905473,2.6438544
c_1_7_61,-0.6248365,-0.37173355
c_1_7_62,0.63100314,0.48378035
c_1_7_63,-0.59587365,0.0111318
c_1_7_64,-1.059749,-1.1081622
c_1_7_65,-1.0728235,3.0238929
c_1_7_66,-1.8768572,4.203681
c_1_7_67,-1.8886368,-1.5581592
c_1_7_68,-1.4644579,0.40108976
c_1_7_69,-0.6670822,-0.65332466
c_1_7_70,-0.889027,2.220463
c_1_7_71,-2.3235972,4.4008517
c_1_7_72,-0.9740217,-1.1762605
c_1_7_73,-1.1394575,-2.2721167
c_1_7_74,-0.8522424,-0.44505602
c_1_7_75,-0.37617388,-1.3590196
c_1_7_76,-1.3395984,1.6754006
c_1_7_77,-0.6635037,-0.66326356
c_1_7_78,-2.6423254,-2.4021127
c_1_7_79,-1.2523892,4.3444266
c_1_7_80,-1.2818813,7.133281
c_1_7_81,-0.50412434,3.751011
c_1_7_82,-2.494773,-1.7499158
c_1_7_83,-1.4459944,1.3768052
c_1_7_84,-2.1726723,-1.6412714
c_1_7_85,-0.37816504,0.07868126
c_1_7_86,-0.11877933,-0.12524217
c_1_7_87,-2.8047388,6.733023
c_1_7_88,-1.4357293,-0.2266559
c_1_7_89,-2.12436,-3.3520067
c_1_7_90,-1.6139286,5.8290243
c_1_7_91,0.50838935,-0.39359555
c_1_7_92,-1.577021,7.1812162
c_1_7_94,0.4622868,-1.428894
c_1_7_95,-0.18612817,0.17245747
c_1_7_96,-0.20769788,6.6021504
c_1_7_97,-1.6448385,-0.36614504
c_1_7_98,-2.6484432,5.2538958
c_1_7_99,-1.4010892,-1.9643228
c_1_7_100,-1.4718869,-2.3984349
c_1_7_101,-1.6048037,3.0247374
c_1_7_102,-2.5189214,5.55656
c_1_7_103,-0.21860993,3.5343263
c_1_7_104,-0.8497328,-2.162267
c_1_7_105,-1.2316445,-0.18450856
c_1_7_107,-1.3758059,5.4290943
c_1_7_108,-1.6512088,6.17054
c_1_7_109,-0.35032403,3.191945
c_1_7_110,-0.5535473,1.703261
c_1_7_111,-1.5950769,5.1402235
c_1_7_112,0.54067826,0.07761457
c_1_7_113,-0.46414718,-2.1925716
c_1_7_114,-1.551803,2.5210202
c_1_7_115,0.5705253,0.51903826
c_1_7_116,-0.012782235,-0.01835981
c_1_7_117,-0.72201747,0.89997625
c_1_7_118,-1.2425196,1.2619722
c_1_7_119,-0.8929357,-0.4114529
c_1_7_120,-1.8682446,5.632179
c_1_7_121,-2.3634868,8.546573
c_1_7_122,-1.5432068,2.088168
c_1_7_123,-1.4597775,2.5735707
c_1_7_124,-1.2155409,0.36959848
c_1_7_125,-1.3638413,4.175151
c_1_7_126,-0.8734929,2.343716
c_1_7_127,-0.6102259,1.8478283
c_1_7_128,-1.7646792,4.5106444
c_1_7_129,-1.3785734,5.9761896
c_1_7_130,-0.6924018,0.7188099
c_1_7_131,-0.8920166,-1.6724417
c_1_7_132,-1.6438897,0.6281442
c_1_7_133,-2.055881,-1.6174817
c_1_7_134,-0.45959288,3.4860358
c_1_7_135,-1.6414131,4.3172626
c_1_7_136,-1.0098444,1.0516254
c_1_7_137,-1.7273202,1.2317625
c_1_7_138,-2.7963412,6.6812954
c_1_7_139,-0.81627303,1.2829102
c_1_7_140,-0.005276366,2.2177236
c_1_7_141,-1.5678537,6.63714
c_1_7_142,-1.0831366,-1.5872427
c_1_7_143,-1.7872546,1.3418683
c_1_7_144,-0.8391767,0.7165409
c_1_7_145,-0.65379864,2.3718328
c_1_7_146,-0.92145884,6.3487635
c_1_7_147,0.06895434,3.1225595
c_1_7_148,-1.089545,8.330959
c_1_7_149,-1.0624204,-1.8684223
c_1_7_150,-1.4224373,-1.8328247
c_1_7_151,-0.7126232,-1.2608646
c_1_7_152,-0.6823455,-0.23284997
c_1_7_153,-0.58924913,-2.3167596
c_1_7_154,-1.6298205,-1.6064993
c_1_7_155,-1.6462241,-1.182556
c_1_7_156,-1.0638356,2.7801354
c_1_7_157,0.088164456,0.007186401
c_1_7_158,-1.6178023,4.0036616
c_1_7_159,-1.3194338,-0.39836752
c_1_7_160,-0.6627418,0.7607757
c_1_7_161,-2.0624309,-1.3498876
c_1_7_162,0.33078212,2.6481862
c_1_7_163,0.17130865,1.5671567
c_1_7_164,-0.046340015,-0.32919878
c_1_7_165,-0.804189,-0.12384143
c_1_7_166,-0.952416,3.216089
c_1_7_167,-1.7816099,3.1022773
c_1_7_168,-1.1166896,-1.4515015
c_1_7_169,-1.2752903,3.0707016
c_1_7_170,-1.9838194,-1.5520148
c_1_7_171,-1.4323071,1.8474445
c_1_7_172,-0.55734706,-1.6666306
c_1_7_173,-1.8051537,-0.7947949
c_1_7_174,-1.2672414,-1.9325002
c_1_7_175,-1.0100116,-0.60355026
c_1_7_176,-1.4018313,-1.1808121
c_1_7_177,-1.9042495,-0.29657987
c_1_7_178,-0.40635014,2.7342842
c_1_7_179,-2.2694778,-1.8544687
c_1_7_180,-1.0860933,-0.92553294
c_1_7_182,-1.5203414,-1.6400912
c_1_7_183,-0.22061561,-1.1187187
c_1_7_184,-1.5774311,0.7459781
c_1_7_185,-1.5794522,-3.057392
c_1_7_186,-1.6442579,-1.7817237
c_1_7_187,-1.0034211,-1.2422396
c_1_7_188,-0.59341556,-1.2792692
c_1_7_189,-1.9028647,-2.3503993
c_1_7_190,-1.5296268,-2.7579842
c_1_7_191,-1.1071304,-2.3165212
c_1_7_192,-1.1479982,0.01861024
c_1_7_193,1.3350819,2.282969
c_1_7_194,-1.813184,1.7230482
c_1_7_195,-2.2082314,-2.164717
c_1_7_196,-1.61451,-2.7810547
c_1_7_197,-0.16611683,2.0303779
c_1_7_198,-1.7538961,1.6855648
c_1_7_199,-0.28033745,0.53333324
c_1_7_200,0.2316226,-1.1609163
c_1_7_201,-0.44629937,0.8212501
c_1_7_202,-1.9148105,-1.8074392
c_1_7_203,-1.0932229,1.5975611
c_1_7_204,-1.3354683,-0.29684657
c_1_7_205,-1.724917,-1.5838426
c_1_7_206,-0.40125346,-1.0240655
c_1_7_207,-0.96846235,-1.1314535
c_1_7_208,-0.78073955,-1.164516
c_1_7_209,-0.6875738,-0.41787854
c_1_7_210,-1.6139802,-0.37223244
c_1_7_211,-0.9002221,-1.6082526
c_1_7_212,-1.6444314,-0.88070816
c_1_7_213,-1.7634535,-0.71611655
c_1_7_214,-0.74265593,-1.7302464
c_1_7_215,-1.7398403,-3.0836487
c_1_7_216,-1.9020375,2.4476242
c_1_7_217,-1.0771147,0.33753708
c_1_7_218,-1.5514718,0.14770003
c_1_7_219,-0.62683773,-1.3179983
c_1_7_220,-2.073063,-0.62165797
c_1_7_221,-2.3517256,-2.581051
c_1_7_222,-1.5283915,3.2055807
c_1_7_223,-1.8557619,1.4026148
c_1_7_224,-0.013814098,-0.27499658
c_1_7_225,-1.602809,-2.466409
c_1_7_226,-3.1547987,-3.7891417
c_1_7_227,-0.26177427,0.17618833
c_1_7_228,0.20778671,-0.32861084
c_1_7_229,-2.25541,-0.45426518
c_1_7_230,-2.4828641,0.8462257
c_1_7_231,-0.896746,-0.9173913
c_1_7_232,-1.0317965,1.610015
c_1_7_233,-1.9781199,0.10913479
c_1_7_234,-0.103707835,-1.2179408
c_1_7_235,-1.9004564,-0.7245011
c_1_7_236,-1.2031577,0.95133406
c_1_7_237,-0.24461101,1.2801932
c_1_7_238,-0.66352427,1.0789168
c_1_7_239,-2.4891837,5.477134
c_1_7_240,-0.014400455,-0.23574924
c_1_7_241,-0.8337807,-0.4855158
c_1_7_242,-1.5420872,2.7454343
c_1_7_243,-0.35590556,-0.29373422
c_1_7_244,-2.2765086,-1.3303788
c_1_7_245,-1.4184002,-1.5303117
c_1_7_246,-0.74883956,-0.42388633
c_1_7_247,-0.9124925,0.3893266
c_1_7_248,0.34982827,0.29462528
c_1_7_249,-1.2040762,-2.2062676
c_1_7_250,-1.0093997,-1.0569956
c_1_7_251,-0.5640818,1.1374152
c_1_7_252,-1.1834031,2.1264095
c_1_7_253,-2.1061537,5.8279867
c_1_7_254,-0.21598731,-0.8496118
c_1_7_255,-1.0219314,0.0075447885
c_1_7_256,-1.347113,2.3447297
c_1_7_257,-0.74874276,-1.011475
c_1_7_258,-1.4476445,-2.610527
c_1_7_259,-1.176484,0.19021887
c_1_7_260,-0.5689784,0.29730278
c_1_7_261,-0.30986038,2.0258527
c_1_7_262,-1.6439011,2.1792815
c_1_7_263,-0.42834055,-2.7823102
c_1_7_264,-1.3504119,-0.90531415
c_1_7_265,-0.68989617,-0.005924339
c_1_7_266,-1.3523974,-2.1533558
c_1_7_267,-1.2183431,2.7661588
c_1_7_268,-0.38355204,-0.8476776
c_1_7_269,-2.7026794,-2.6144147
c_1_7_270,-1.6176207,-0.45350257
c_1_7_271,-0.785064,-1.7728058
c_1_7_272,-0.3418575,-2.8536658
c_1_7_273,-0.7600537,-2.2015247
c_1_7_274,-1.8437169,3.5208337
c_1_7_275,-1.7363262,6.59475
c_1_7_276,-1.1723157,-2.1551003
c_1_7_277,1.0176476,-1.148023
c_1_7_278,-1.681507,-2.0690267
c_1_7_279,-0.5569389,0.12357472
c_1_7_280,-1.0962343,0.49886063
c_1_7_281,-1.5734528,2.5232518
c_1_7_282,-2.0559523,3.8331313
c_1_7_283,-1.4989576,4.020358
c_1_7_284,-1.9449257,-2.923267
c_1_7_285,-1.8954532,4.0526767
c_1_7_286,-1.3215199,1.6562743
c_1_7_287,-1.0829645,-2.3559146
c_1_7_288,-1.3181365,3.580895
c_1_7_289,-2.3185856,1.1221124
c_1_7_290,-0.37111527,3.282438
c_1_7_291,-2.5756757,-2.9105585
c_1_7_292,-1.0403771,1.5623115
c_1_7_293,-0.78702354,-1.7961146
c_1_7_294,-0.25594708,-0.43523306
c_1_7_295,-0.6578726,-1.2870154
c_1_7_296,-0.8440315,0.4624009
c_1_7_297,-1.292643,3.1918516
c_1_7_298,0.12707826,-0.051975325
c_1_7_299,-0.9493662,2.092375
c_1_7_300,-0.7054,-1.1941638
c_1_7_301,-1.4846987,2.8193078
c_1_7_302,-1.8207042,3.500524
c_1_7_303,-2.557641,-1.2631971
c_1_7_304,-1.158116,4.440253
c_1_7_305,-1.3560979,0.8172988
c_1_7_306,-2.3017063,-2.180501
c_1_7_307,-1.6017941,-1.117013
c_1_7_308,-2.3902686,-2.4240444
c_1_7_309,-0.5897675,-0.58944845
c_1_7_310,-1.1423578,3.2296033
c_1_7_311,-1.2115417,1.4703349
c_1_7_312,-1.9529225,-1.4484688
c_1_7_313,-1.2048662,-1.6656141
c_1_7_314,1.0533172,-0.67630816
c_1_7_315,-0.7413406,-2.1804702
c_1_7_316,-0.42666292,-0.5551254
c_1_7_317,-1.1918813,3.8583655
c_1_7_318,-1.8373826,-2.410578
c_1_7_319,-1.3152034,-1.9562503
c_1_7_321,-0.8656379,3.9238665
c_1_7_323,-1.5772312,-1.3456005
c_1_7_324,0.028890695,-1.9650179
c_1_7_325,-2.7584682,-2.6888528
c_1_7_326,-1.0603976,-0.3014697
c_1_7_327,-1.1946843,3.9987242
c_1_7_328,-0.4594463,2.4424508
c_1_7_329,-1.220862,-3.0548737
c_1_7_330,-0.45380914,-1.0345799
c_1_7_331,-0.96329135,2.3698785
c_1_7_332,-1.3423749,2.5222063
c_1_7_333,-2.389216,6.2469177
c_1_7_334,-1.453018,-2.2625253
c_1_7_335,-1.3113022,1.9993159
c_1_7_336,-0.659912,4.214785
c_1_7_337,-1.6421508,-3.2293591
c_1_7_338,0.3534498,-0.78429943
c_1_7_340,-0.2693522,-0.70857644
c_1_7_341,-0.75883204,2.7275484
c_1_7_342,-0.7113433,2.2937627
c_1_7_343,-1.568499,0.97889674
c_1_7_344,0.7820986,-1.3319736
c_1_7_345,-2.4315326,-2.1104703
c_1_7_346,-1.2967521,-1.7402478
c_1_7_347,-0.8198662,-0.7714121
c_1_7_348,-0.6029955,-1.7644362
c_1_7_349,-0.6329159,-1.0428838
c_1_7_350,-0.1145467,-0.0843204
c_1_7_351,-0.81691617,0.98594296
c_1_7_352,-1.2922795,-1.4859374
c_1_7_353,-1.8221267,2.7295353
c_1_7_354,-0.42209253,-2.356552
c_1_7_355,-0.24236795,-0.70318544
c_1_7_356,-1.6954935,1.9472152
c_1_7_357,-3.004223,-0.40902564
c_1_7_358,1.4013764,0.19953977
c_1_7_359,-1.6127628,-0.14096309
c_1_7_360,0.05425631,-1.6335846
c_1_7_361,-1.1826869,-0.38765752
c_1_7_362,-1.5275896,3.4216
c_1_7_363,-1.2057489,-2.2685833
c_1_7_364,-1.4119824,-2.5898707
c_1_7_365,-0.9839393,-1.3086908
c_1_7_366,-0.96258485,1.5800855
c_1_7_367,-0.7879716,-0.83689344
c_1_7_368,-0.80521727,0.9630754
c_1_7_369,-0.9029791,0.9701289
c_1_7_370,-0.91949326,-1.9818308
c_1_7_371,-0.18422446,-1.0971874
c_1_7_372,-0.35193476,-0.23255317
c_1_7_373,-1.3672662,1.8418586
c_1_7_374,3.3640003,1.286652
c_1_7_375,-1.4495269,-1.340071
c_1_7_376,0.812659,-0.610917
c_1_7_377,-1.5741497,-0.6320439
c_1_7_378,0.077898055,-0.09863246
c_1_7_379,-0.08072743,0.7179166
c_1_7_380,-0.72819686,2.3262227
c_1_7_381,-1.5934905,-1.309444
c_1_7_382,-0.27156663,0.3005311
c_1_7_383,-1.6003157,3.520644
c_1_7_384,-1.1447167,2.7277246
c_1_7_385,-0.75207996,-0.73207307
c_1_7_386,-1.6155547,-1.4323739
c_1_7_387,-1.3269806,-0.55962807
c_1_7_388,-0.32955906,-1.7928399
c_1_7_389,-0.14174503,0.42644137
c_1_7_390,-2.1544833,4.737681
c_1_7_391,-0.03502834,0.4064837
c_1_7_392,0.12728849,0.030726438
c_1_7_393,-1.7343166,4.156298
c_1_7_394,0.082867675,-0.21424673
c_1_7_395,-1.2817006,-1.3672882
c_1_7_396,-0.21598099,3.078001
c_1_7_397,0.18234205,0.78845626
c_1_7_398,-1.3348432,-0.620721
c_1_7_399,-1.4862406,-0.44931215
c_1_7_400,-0.6767307,-0.82556134
c_1_7_401,0.09384212,0.68050575
c_1_7_402,-1.86306,3.8317742
c_1_7_403,-1.5211935,1.482431
c_1_7_404,-1.4783777,-2.7042549
c_1_7_405,-0.7479151,1.1245998
c_1_7_406,-0.51999754,1.7919574
c_1_7_407,-0.5081349,-1.1204982
c_1_7_408,-1.2807782,-2.1873116
c_1_7_409,-0.87903935,1.7708431
c_1_7_410,-0.5410367,3.4220192
c_1_7_411,-0.43327573,2.6082196
c_1_7_412,-0.8744844,-0.49556938
c_1_7_413,-1.0117723,-1.2476504
c_1_7_414,1.1623416,-1.647247
c_1_7_415,-1.7262433,4.551966
c_1_7_416,-1.567775,-0.09734922
c_1_7_417,-0.580942,1.8995749
c_1_7_418,-1.2568289,-0.9281622
c_1_7_419,-0.8636583,2.13727
c_1_7_420,-2.0468605,-3.0338266
c_1_7_421,0.13790894,0.46676826
c_1_7_422,-0.31592137,2.1329093
c_1_7_423,-1.1400312,-0.53668433
c_1_7_424,-1.112864,-1.5406644
c_1_7_425,-1.2972877,0.8988813
c_1_7_426,-1.4724696,5.1829033
c_1_7_427,-0.11210092,-1.8720881
c_1_7_428,-0.6626717,-0.897418
c_1_7_429,-0.7423652,3.428039
c_1_7_430,-0.87062645,0.8144764
c_1_7_431,-1.3761703,-2.3061671
c_1_7_432,-0.9513037,3.5461519
c_1_7_434,-0.5033528,2.9440057
c_1_7_435,-0.6823011,-1.0535387
c_1_7_436,-0.61402845,1.7746629
c_1_7_437,0.73977214,3.0973654
c_1_7_438,-0.8644262,-2.2000806
c_1_7_439,-0.82524395,-2.590297
c_1_7_440,-1.1039761,-1.008426
c_1_7_441,-0.8481559,2.1479468
c_1_7_442,-1.0656977,3.2417877
c_1_7_443,-1.3629144,-1.1910316
c_1_7_444,-1.479577,-2.115507
c_1_7_445,0.9030821,0.34352514
c_1_7_446,0.25041902,-0.49466345
c_1_7_447,-1.559375,-1.5985456
c_1_7_448,-0.6421193,-1.665288
c_1_7_449,-2.065806,-2.042837
c_1_7_450,-0.6252831,-1.3413441
c_1_7_451,-1.2081999,7.03088
c_1_7_452,0.706225,1.8490174
c_1_7_453,-1.2371137,-2.1318367
c_1_7_454,-0.5892844,-1.0024502
c_1_7_455,-2.3450344,1.8746713
c_1_7_456,-0.4493101,2.9628537
c_1_7_457,-0.52932376,2.7278447
c_1_7_458,-0.4710245,-0.619161
c_1_7_459,-1.4911753,-1.2805581
c_1_7_460,-1.314031,-0.97182083
c_1_7_461,-1.3472917,-1.5037758
c_1_7_462,0.42128843,1.2542638
c_1_7_463,-0.57178915,-1.9524106
c_1_7_464,-1.4161689,2.5733905
c_1_7_465,-1.8658985,-2.2520077
c_1_7_466,-1.768939,-1.5272857
c_1_7_467,-1.499035,-0.82007873
c_1_7_468,3.3095312,-0.62145734
c_1_7_469,-0.50168437,-1.1804838
c_1_7_470,0.0016914905,1.9798839
c_1_7_471,-0.86691123,1.9655063
c_1_7_472,-1.4260854,2.052046
c_1_7_473,-1.0401945,-0.7870993
c_1_7_474,-1.5816643,-0.6339834
c_1_7_475,1.609618,-0.46615705
c_1_7_476,-0.85774887,2.5581903
c_1_7_477,-0.578039,-1.5522538
c_1_7_478,0.9579559,-0.87541044
c_1_7_479,-1.6530437,-0.8855571
c_1_7_480,-1.3822793,2.3160543
c_1_7_481,-0.2984054,1.9451098
c_1_7_482,-1.6783638,-1.5320439
c_1_7_483,-1.9005288,-0.5352746
c_1_7_484,-2.1749449,6.171132
c_1_7_485,-1.554793,4.5847154
c_1_7_486,-1.152768,1.2096356
c_1_7_487,0.10022097,2.8534727
c_1_7_488,-1.2556978,1.7337039
c_1_7_489,-0.7917702,2.5660448
c_1_7_490,-0.49374664,-1.5532601
c_1_7_491,-1.0574279,-0.9012437
c_1_7_492,-0.11667812,-0.31865317
c_1_7_493,-1.1313033,-1.8812035
c_1_7_494,-2.1211202,4.6010504
c_1_7_495,-0.28278413,0.6361161
c_1_7_496,-0.64288807,-1.9881771
c_1_7_497,-0.14846884,-1.0618993
c_1_7_498,-1.7351539,-3.2138977
c_1_7_499,-1.0482265,0.41990402
c_1_7_500,-2.0215979,3.7605624
c_1_7_501,-1.0499336,1.857932
c_1_7_502,-1.4103353,3.5675876
c_1_7_503,-0.18788514,-1.5776397
c_1_7_504,-0.5771188,-0.90546554
c_1_7_505,-1.5528306,-1.5997365
c_1_7_506,-0.80458105,-0.13856044
c_1_7_507,-0.87686455,4.014699
c_1_7_508,0.34385502,-0.2125804
c_1_7_509,-1.8475381,-1.7990013
c_1_7_510,-0.96715516,2.4494984
c_1_7_511,-1.3371036,-1.2683192
c_1_7_512,-1.3269745,1.3267043
c_1_7_513,-1.8528117,6.1217623
c_1_7_514,-0.5279098,1.5117584
c_1_7_515,-0.4816004,-0.77655417
c_1_7_516,-0.96638745,-0.3606896
c_1_7_517,-1.1432287,-1.7352682
c_1_7_518,-1.6623679,1.4933426
c_1_7_519,-0.022978285,-1.045193
c_1_7_520,-0.6618029,3.8902864
c_1_7_521,-1.471868,-3.006845
c_1_7_522,-1.3899199,-1.2067962
c_1_7_523,-2.7082827,-3.056773
c_1_7_524,-0.67359895,-1.5244744
c_1_7_525,0.8509325,0.58526963
c_1_7_526,-0.77348614,-1.3645419
c_1_7_527,0.74469703,-0.59010494
c_1_7_528,-0.94305044,1.4727159
c_1_7_529,-0.82403684,0.2551421
c_1_7_530,-1.7848704,-1.3318218
c_1_7_531,-2.1169498,3.9269903
c_1_7_532,-2.6384215,-2.5684056
c_1_7_533,-1.0809816,3.2780912
c_1_7_534,-1.4442921,-0.47643337
c_1_7_535,-0.44480562,-2.323513
c_1_7_536,-0.82881415,1.3623443
c_1_7_537,-0.3472769,2.7234335
c_1_7_538,2.3608663,-0.6933647
c_1_7_539,1.2806114,-0.51407415
c_1_7_540,-1.5279026,-0.79962796
c_1_7_541,-0.2791616,5.935954
c_1_7_542,-1.4211328,-0.93185794
c_1_7_543,-1.0082796,1.5442523
c_1_7_544,-1.2680097,-0.1782767
c_1_7_545,-1.0674996,4.5206842
c_1_7_546,-0.897688,-2.2350585
c_1_7_547,-1.4125547,3.7334015
c_1_7_548,-0.68779445,0.07768863
c_1_7_549,-1.0201975,2.4002283
c_1_7_550,-0.9402255,-1.5966482
c_1_7_551,-1.0277649,-0.37146524
c_1_7_552,-0.11756778,-0.21958171
c_1_7_553,-1.3237191,3.1676142
c_1_7_554,-1.0431374,-0.607361
c_1_7_555,-1.5553114,-0.9504637
c_1_7_556,-2.095613,-1.5067599
c_1_7_557,-0.33607662,-0.3691636
c_1_7_558,-0.5084513,0.51703525
c_1_7_559,-1.4835765,-1.9171112
c_1_7_560,-0.63612264,-0.4149928
c_1_7_561,-1.284866,0.52304524
c_1_7_562,-1.5876087,2.6109865
c_1_7_563,-0.89615536,3.0587811
c_1_7_564,-2.4830456,-1.5386202
c_1_7_565,-2.0288901,-2.3176155
c_1_7_566,-1.1653202,-1.0290589
c_1_7_567,-2.0397227,-2.117877
c_1_7_568,-1.3085235,-1.3800635
c_1_7_569,-0.69869506,1.326833
c_1_7_570,-1.5087216,-0.5552406
c_1_7_571,-1.0613927,1.475812
c_1_7_572,-1.9447949,-1.4959346
c_1_7_573,-0.7248667,-0.17014216
c_1_7_574,-0.53222686,-0.6310436
c_1_7_575,-1.2859687,-0.78900224
c_1_7_576,-0.6177114,2.5291133
c_1_7_577,-0.99434906,1.5665483
c_1_7_578,-1.6916356,0.8684837
c_1_7_579,-2.1992059,-2.8436036
c_1_7_580,-1.0580564,1.8063672
c_1_7_581,-1.1620773,2.6427712
c_1_7_582,-0.66906315,-0.94325024
c_1_7_583,-1.0598296,-0.50075734
c_1_7_584,1.8687553,-0.49494022
c_1_7_585,-0.47046453,3.7828243
c_1_7_586,-1.3140203,-1.825466
c_1_7_587,-0.65895957,-1.5655097
c_1_7_588,-1.2793167,-1.0614659
c_1_7_589,-1.6475855,-0.13622673
c_1_7_590,-1.5958462,-1.7778031
c_1_7_591,1.8584062,0.7801873
c_1_7_592,-0.5528756,-1.7177179
c_1_7_593,-0.023849808,-2.1620984
c_1_7_594,-0.20214058,0.3450966
c_1_7_595,-1.2268443,2.6617365
c_1_7_596,2.6558614,-0.71912867
c_1_7_597,1.8937119,0.37372166
c_1_7_598,-0.532501,-3.1338673
c_1_7_599,-0.7845527,1.8907399
c_1_7_600,-1.4810345,3.3660252
c_1_7_601,-1.3541781,-1.7321332
c_1_7_602,-1.6504894,-0.53599924
c_1_7_603,-0.9852856,-0.14189966
c_1_7_604,-1.8966022,-0.2302987
c_1_7_605,-0.7529886,-0.06713426
c_1_7_606,-0.6076851,-1.4341995
c_1_7_607,-1.86203,-1.0027195
c_1_7_608,-1.581671,-2.1243684
c_1_7_609,-1.0120231,1.7358321
c_1_7_610,1.0351167,-1.288208
c_1_7_611,-1.617948,-1.3489996
c_1_7_612,0.6016362,-0.76824206
c_1_7_613,-2.0632129,-1.4905596
c_1_7_614,-1.4705876,1.4252934
c_1_7_615,-0.096925505,0.90289336
c_1_7_616,-1.0901227,-0.38730398
c_1_7_617,1.2033186,-1.0667924
c_1_7_618,-2.1137164,2.4818845
c_1_7_619,-1.365252,-2.4923468
c_1_7_620,-1.7759244,-0.53675675
c_1_7_621,-2.0636437,-0.07964364
c_1_7_622,-0.40868753,-0.6929195
c_1_7_623,-0.8352294,1.2777287
c_1_7_624,-0.68554914,2.049442
c_1_7_625,-1.7340304,-1.1020269
c_1_7_626,-0.8396953,1.5352539
c_1_7_627,-0.8487489,-1.7313306
c_1_7_628,0.9031996,-0.36267224
c_1_7_629,0.24533409,-0.66710854
c_1_7_630,0.15106948,-3.039795
c_1_7_631,-1.2134925,0.19717799
c_1_7_632,-0.18877357,-0.32403365
c_1_7_633,-2.918806,-3.4656174
c_1_7_634,-1.2027965,2.4696722
c_1_7_635,-1.1011502,2.5439417
c_1_7_636,-1.0305363,-0.7715259
c_1_7_637,-1.1273446,5.575265
c_1_7_638,-0.8160053,0.46674496
c_1_7_639,-0.86110413,6.620232
c_1_7_640,-0.45786673,-1.3065684
c_1_7_641,-0.9841119,-1.1147093
c_1_7_642,-0.78573763,2.2348928
c_1_7_643,-0.93662,-1.6340976
c_1_7_644,-0.095538,1.987673
c_1_7_645,-1.1051236,2.4710512
c_1_7_646,-0.22144902,0.37131736
c_1_7_647,-0.7901533,-0.95663846
c_1_7_648,-0.6861814,1.509935
c_1_7_649,-0.73400074,-1.5566504
c_1_7_650,0.23385175,2.61211
c_1_7_651,-0.87025744,1.3504413
c_1_7_652,-1.7742218,1.2670867
c_1_7_653,-1.6962819,-0.7430272
c_1_7_654,-1.2736036,-1.5176449
c_1_7_655,-1.6009527,5.9197283
c_1_7_656,1.0625101,-0.6244904
c_1_7_657,-0.19530433,2.2418463
c_1_7_658,-0.610283,-1.80715
c_1_7_659,-0.06281597,-1.960355
c_1_7_660,-1.2255069,-0.77729994
c_1_7_661,-1.362805,2.8251097
c_1_7_662,-2.2509482,-2.5284495
c_1_7_663,-1.6111169,-2.1963425
c_1_7_664,-0.92577153,1.2590389
c_1_7_665,-2.2274966,8.37284
c_1_7_666,-1.3354597,2.479327
c_1_7_667,-2.0913298,4.18533
c_1_7_668,1.0420561,-0.6873123
c_1_7_669,-1.2449192,-1.4889259
c_1_7_670,-1.3250455,3.8697047
c_1_7_671,-0.12687531,-0.045582954
c_1_7_672,-1.353733,2.111953
c_1_7_673,-0.6017971,-2.4512484
c_1_7_674,-1.7426354,6.8283467
c_1_7_675,-1.1784644,1.3176885
c_1_7_676,-0.5765841,-1.6162941
c_1_7_677,-1.6679723,4.0533032
c_1_7_678,-2.8025749,0.5633321
c_1_7_679,-1.3082652,-2.023888
c_1_7_680,-0.976933,1.4048694
c_1_7_681,-0.060966305,-0.5005931
c_1_7_682,-0.3562489,1.3497748
c_1_7_683,-1.4194019,-1.3433881
c_1_7_684,-1.1237835,0.31119114
c_1_7_685,-0.78401065,2.0320747
c_1_7_686,-1.0369041,2.8524883
c_1_7_687,-0.5261422,0.10587218
c_1_7_688,-0.6132673,0.97036135
c_1_7_689,-2.1565323,7.263638
c_1_7_690,-1.1917037,-2.0105538
c_1_7_691,-1.7201934,-1.0747569
c_1_7_692,-1.0839212,2.7097902
c_1_7_693,-0.8084366,3.0886393
c_1_7_694,-1.3397156,-0.25997734
c_1_7_695,-2.3460112,-1.96721
c_1_7_696,0.44036928,-1.0809691
c_1_7_697,-0.8175402,1.9198992
c_1_7_698,-1.7189049,2.0255094
c_1_7_699,-1.4629724,2.6397142
c_1_7_700,-1.1084042,0.8653478
c_1_7_701,0.1930747,-0.42298007
c_1_7_702,-0.033379126,3.1795576
c_1_7_703,-1.0480216,2.2079353
c_1_7_704,0.29716635,0.83086365
c_1_7_705,-1.2737685,-1.2684832
c_1_7_706,-2.3909554,-1.1969526
c_1_7_707,0.5043018,5.864165
c_1_7_708,-0.8013838,-3.0499587
c_1_7_709,-1.0484905,2.9473207
c_1_7_710,-1.3270782,7.7072935
c_1_7_711,-1.5373744,-1.3151633
c_1_7_712,-2.423053,2.7473361
c_1_7_713,-1.9187518,4.73932
c_1_7_714,-1.331053,1.5720123
c_1_7_715,-2.143527,-1.2267748
c_1_7_716,-0.95210046,0.6212136
c_1_7_717,-0.91045624,0.28971797
c_1_7_718,-1.5127946,6.2323008
c_1_7_719,-0.6642087,2.426505
c_1_7_720,-0.80193913,-1.5410746
c_1_7_721,-0.7194196,4.1893096
c_1_7_722,-0.87795335,1.2098892
c_1_7_723,-0.49097902,1.9145708
c_1_7_724,-0.5804701,3.087232
c_1_7_725,-1.1482906,-2.5947948
c_1_7_726,-0.8961407,-1.8004166
c_1_7_727,-1.2602758,-2.1840928
c_1_7_728,-2.0635173,6.908754
c_1_7_729,-0.07212841,1.4797707
c_1_7_730,-1.3886247,1.7257583
c_1_7_731,-1.5946151,-1.4863093
c_1_7_732,-0.29381755,2.701539
c_1_7_733,-0.96154773,0.6956454
c_1_7_734,-0.26801336,-0.0536196
c_1_7_735,-1.2331345,6.184007
c_1_7_736,-1.1861268,7.151521
c_1_7_737,-1.5248067,1.4886892
c_1_7_738,-0.8967482,-0.0936158
c_1_7_739,-0.78070766,-2.6861248
c_1_7_740,-1.1758041,-1.9351693
c_1_7_741,-0.87955266,0.9700764
c_1_7_742,-0.5501471,4.066648
c_1_7_743,-1.6683872,-0.9102103
c_1_7_744,-0.93827516,3.6091478
c_1_7_745,-1.0617678,-1.5306617
c_1_7_746,-0.9686827,-1.0091007
c_1_7_747,-1.9036871,-0.65483993
c_1_7_748,-0.8820878,1.7836419
c_1_7_749,-0.6974405,3.9285676
c_1_7_750,-0.72300875,3.305387
c_1_7_751,-0.6568081,4.581813
c_1_7_752,-0.7845963,-1.6650492
c_1_7_753,-0.98153543,4.3321037
c_1_7_754,-0.5379938,0.6464104
c_1_7_755,-1.3688462,-0.7314532
c_1_7_756,-0.41216967,-1.1460341
c_1_7_757,-0.9575097,5.4264235
c_1_7_758,-1.7419024,-2.1566591
c_1_7_759,-2.24055,6.9580293
c_1_7_760,-0.83901554,2.2729466
c_1_7_761,-1.0088056,1.7745767
c_1_7_762,0.4667177,1.061416
c_1_7_763,0.86100686,-0.9573909
c_1_7_764,-2.126858,-1.2530615
c_1_7_765,-2.2106454,5.2280893
c_1_7_766,-0.082507685,2.7553694
c_1_7_767,-1.0146028,3.0068333
c_1_7_768,0.30426562,-1.2507383
c_1_7_769,-0.9359429,-1.1298896
c_1_7_770,-0.40724707,2.0835743
c_1_7_771,-0.9971806,-2.3057983
c_1_7_772,-0.44467962,1.6537875
c_1_7_773,-1.2141193,3.6778724
c_1_7_774,-0.5595773,-1.4826771
c_1_7_775,-1.4951516,-1.3541875
c_1_7_776,-1.904486,-2.005235
c_1_7_777,-0.7937597,4.339602
c_1_7_778,0.026082013,-1.0599115
c_1_7_779,0.52030975,-0.11449895
c_1_7_780,-1.374557,2.3272746
c_1_7_781,-1.0518446,3.8432202
c_1_7_782,-0.12179898,1.5268831
c_1_7_783,-0.95550716,2.803986
c_1_7_784,-0.3978345,2.9592133
c_1_7_785,-1.0109216,-0.89363587
c_1_7_786,-1.2494813,4.3623843
c_1_7_787,-1.1725878,-0.46713415
c_1_7_788,-1.3131278,3.2316816
c_1_7_789,1.283728,0.12928055
c_1_7_790,-0.43015957,0.49844158
c_1_7_791,0.46605155,-3.4716516
c_1_7_792,-0.6367539,2.7502272
c_1_7_793,-1.0530353,4.660737
c_1_7_794,-1.281761,-1.4123876
c_1_7_795,-0.8817139,1.8194546
c_1_7_796,-1.1898409,1.4476206
c_1_7_797,0.2084766,3.2022862
c_1_7_798,-0.6733824,2.3309646
c_1_7_799,-0.34891012,3.7897
c_1_7_800,-1.4145116,4.661781
c_1_7_801,-0.7395977,3.4782195
c_1_7_802,-1.6328464,2.0668652
c_1_7_803,-1.8890259,4.60484
c_1_7_804,-1.7737072,-0.2994458
c_1_7_805,-1.5403423,-0.792944
c_1_7_806,-2.5251515,-2.2875867
c_1_7_807,-1.807818,6.337589
c_1_7_808,-0.69268775,0.8246969
c_1_7_809,-0.6308575,-1.5025579
c_1_7_810,0.06550774,2.796386
c_1_7_811,-1.6306167,0.5997059
c_1_7_812,-1.5293508,-2.0494843
c_1_7_813,-1.124219,-1.1446965
c_1_7_814,-0.2560716,2.8219087
c_1_7_815,-2.5025084,2.7829113
c_1_7_816,-0.518204,3.3922553
c_1_7_817,-1.8893613,-0.25094357
c_1_7_818,-0.7683451,1.2028229
c_1_7_819,-0.60019124,2.376361
c_1_7_820,-0.37295067,-1.7689683
c_1_7_821,-1.0882293,2.4790502
c_1_7_822,-1.8444208,-1.4688429
c_1_7_823,-1.1904413,2.7684667
c_1_7_824,-0.006508352,0.7784638
c_1_7_825,-0.54967505,0.49976623
c_1_7_826,-1.3600644,2.7881982
c_1_7_827,-1.6251807,-2.302009
c_1_7_828,-0.5557622,2.3876832
c_1_7_829,-0.0909029,2.2973764
c_1_7_830,-0.10574665,-1.6671021
c_1_7_831,-0.977698,2.1761737
c_1_7_832,-1.6803604,3.8731685
c_1_7_833,-0.42289835,-0.9334397
c_1_7_834,-0.8711148,1.5398382
c_1_7_835,-0.22957619,1.1177399
c_1_7_836,-0.40202543,4.8606653
c_1_7_837,-1.8472102,-0.8926515
c_1_7_838,-0.4648611,3.5752418
c_1_7_839,-0.37765983,-1.4732435
c_1_7_840,-0.038303632,2.1951764
c_1_7_841,-0.5950422,3.1080017
c_1_7_842,-0.8199009,-0.4435677
c_1_7_843,-1.765931,2.7666438
c_1_7_844,-1.9118103,-3.2510552
c_1_7_845,-0.8226149,0.35446775
c_1_7_846,-1.7622533,-1.8064165
c_1_7_847,-1.8350638,-1.8505164
c_1_7_848,0.30763662,3.9871109
c_1_7_849,-0.26276204,2.6857886
c_1_7_850,-0.57783175,-0.9325649
c_1_7_851,-0.07918644,-1.8394371
c_1_7_852,-0.5533838,4.6631045e-05
c_1_7_853,-0.5039112,1.874755
c_1_7_854,-1.4701239,4.5049405
c_1_7_855,0.24064258,-0.041180894
c_1_7_856,-0.33277848,-1.5727186
c_1_7_857,-1.0993513,4.650946
c_1_7_858,-0.05632624,-0.76578397
c_1_7_859,-1.1897843,-1.7452894
c_1_7_860,-0.778886,1.0534406
c_1_7_861,-0.5258744,-0.40642986
c_1_7_862,-1.4119729,-1.7090476
c_1_7_863,-0.31044772,1.8167496
c_1_7_864,-0.33811516,2.5714962
c_1_7_865,-1.0992652,-0.12768026
c_1_7_866,-0.21759312,-2.7587013
c_1_7_867,-0.7462572,-0.10863064
c_1_7_868,-0.44660124,-0.72164595
c_1_7_870,-1.2979336,-3.6938276
c_1_7_871,0.16171303,0.6003992
c_1_7_872,0.074362,-1.2166897
c_1_7_873,-0.007155284,0.3399812
c_1_7_874,-0.017483843,-1.4769716
c_1_7_875,-0.59202486,-2.9742482
c_1_7_876,-0.64491624,-1.4667358
c_1_7_877,-1.49961,-1.1074711
c_1_7_878,-0.73009074,-0.3687992
c_1_7_879,-0.7694587,-1.5592442
c_1_7_880,-1.0411069,-1.4685954
c_1_7_881,-0.8513769,0.23569715
c_1_7_882,-1.7455132,-1.8387282
c_1_7_883,-1.7221866,-1.2421958
c_1_7_884,-2.1134145,-1.1213822
c_1_7_885,-1.3772271,-0.7485937
c_1_7_886,-1.3190638,-1.6907586
c_1_7_888,-1.5142072,-2.1790636
c_1_7_889,-2.358085,-2.7499735
c_1_7_890,-0.53818345,-0.30003795
c_1_7_892,-1.5534341,-0.9337654
c_1_7_893,-1.9315187,-0.43739447
c_1_7_894,-0.90927386,-0.70843655
c_1_7_897,0.07423343,-1.2695774
c_1_7_899,-0.55930454,1.1657664
c_1_7_900,-1.5004133,2.715949
c_1_7_901,0.08135734,0.2920852
c_1_7_902,0.70774627,-0.11683469
c_1_7_903,1.127347,-0.5773247
c_1_7_907,-0.81198543,-0.016804362
c_1_7_908,1.4226665,-0.13329913
c_1_7_909,0.07375613,0.16425176
c_1_7_910,-2.145594,2.5322013
c_1_7_911,0.53838265,0.14030334
c_1_7_912,-1.3451772,3.1080008
c_1_7_913,0.7106916,-0.9259878
c_1_7_914,1.9274492,-0.31228074
c_1_7_915,-0.20289451,2.139449
c_1_7_916,-1.1461983,1.5575049
c_1_7_917,-0.49393034,0.5195328
c_1_7_918,-1.3508604,3.797638
c_1_7_919,-0.865606,-0.006971357
c_1_7_920,-0.79055303,3.5714154
c_1_7_921,0.5295397,0.22236612
c_1_7_922,-1.7468498,3.3809013
c_1_7_923,-1.5540843,1.4793155
c_1_7_924,-1.8485492,2.328346
c_1_7_925,-0.92730874,1.7044027
c_1_7_926,-1.36693,1.4864231
c_1_7_927,-1.7198639,0.43185735
c_1_7_928,-0.41647273,2.2111943
c_1_7_929,0.48990515,0.32889998
c_1_7_930,-1.15675,1.4767609
c_1_7_931,-1.478042,0.8063484
c_1_7_932,-0.18995474,2.8551352
c_1_7_933,-0.9432592,0.05490397
c_1_7_934,0.14317328,-0.45721933
c_1_7_935,-1.7208537,1.8884395
c_1_7_936,0.29873446,-1.0099784
c_1_7_937,-0.67698485,0.94954437
c_1_7_938,-0.36677387,-1.5607654
c_1_7_939,-1.7747477,1.5462416
c_1_7_940,-0.45108503,2.7277722
c_1_7_941,-1.9864028,2.7880018
c_1_7_942,-1.1638497,3.816832
c_1_7_943,-0.9465772,1.2979038
c_1_7_944,-2.0036368,4.2064023
c_1_7_945,-0.7970135,2.7004457
c_1_7_946,-1.5884703,0.7783548
c_1_7_947,3.3230262,1.4652523
c_1_7_948,-0.6985733,0.11560849
c_1_7_949,-2.148081,5.1050653
c_1_7_950,-1.8375293,2.2760894
c_1_7_951,3.209951,-0.30168253
c_1_7_952,-1.6224258,1.296578
c_1_7_953,-0.50982946,0.3432707
c_1_7_954,-1.8139209,1.8929325
c_1_7_955,-1.2330067,0.2633438
c_1_7_956,-1.2550201,-0.8063971
c_1_7_957,0.35692406,-0.6650359
c_1_7_958,0.1460858,0.4874837
c_1_7_959,0.31843308,-0.024278965
c_1_7_960,-1.1845397,0.64549786
c_1_7_961,-1.1308385,1.9454999
c_1_7_962,0.11213055,-0.56804425
c_1_7_963,-0.6767471,0.7221235
c_1_7_964,2.9308932,-0.7599334
c_1_7_965,-2.5563614,6.919254
c_1_7_966,-0.1943708,2.0711353
c_1_7_967,0.14410843,-0.3246797
c_1_7_968,-1.9458385,1.267717
c_1_7_969,-0.8788129,-0.8924158
c_1_7_970,-1.2431465,1.5024209
c_1_7_971,0.993416,-1.3440272
c_1_7_972,-0.030716088,2.6208053
c_1_7_973,0.17450173,-1.6773026
c_1_7_974,-1.0883646,2.277563
c_1_7_975,-1.4196417,0.98459595
c_1_7_976,-2.4315743,5.145635
c_1_7_977,-0.50665516,-0.48604676
c_1_7_978,-2.1676457,4.3201737
c_1_7_979,-1.7996483,4.0279403
c_1_7_980,-1.0851717,2.163539
c_1_7_981,-0.11332871,2.342174
c_1_7_982,-1.2216318,1.5594432
c_1_7_983,-1.0494096,-0.47050074
c_1_7_984,-0.7994278,1.3880811
c_1_7_985,-0.21294637,2.1570644
c_1_7_986,-0.80962527,-0.8773541
c_1_7_987,0.35393718,2.9271507
c_1_7_988,-0.85540897,4.4571075
c_1_7_989,-0.10917273,6.1526804
c_1_7_990,-0.51333857,-1.1166508
c_1_7_991,-0.82622004,-0.1271595
c_1_7_992,0.38065237,4.3014994
c_1_7_993,-1.0095333,2.030497
c_1_7_994,-1.3469905,2.4334903
c_1_7_995,-1.7671373,0.5886082
c_1_7_996,0.16802971,1.0409647
c_1_7_997,-0.65953237,1.9931791
c_1_7_998,-0.67538714,3.2514167
c_1_7_999,-1.5805495,4.310412
c_1_7_1000,-0.8646981,1.34811
c_1_7_1002,0.95936054,0.47966635
c_1_7_1003,-0.7059698,3.0635571
c_1_7_1004,0.84702593,0.7907284
c_1_7_1005,-0.7408549,0.09735294
c_1_7_1006,-0.38370728,-0.44770634
c_1_7_1007,-0.7269298,-2.5212405
c_1_7_1008,-1.2503829,-0.42982885
c_1_7_1009,0.9738012,1.0122399
c_1_7_1010,-3.2916422,7.8532724
c_1_7_1011,1.46466,-0.7098356
c_1_7_1012,-1.4668394,1.9199888
c_1_7_1013,-1.5474511,2.5135849
c_1_7_1014,-1.7013763,2.7299898
c_1_7_1015,-0.3057519,-0.6974056
c_1_7_1016,-0.99773127,2.6884255
c_1_7_1017,0.70036024,0.5547463
c_1_7_1018,-1.7052305,4.093376
c_1_7_1019,-1.7345059,3.9396932
c_1_7_1020,-1.4125293,-1.5168966
c_1_7_1021,0.6243469,3.386716
c_1_7_1022,-1.478032,-1.4738595
c_1_7_1023,-0.1235504,0.1327906
c_1_7_1024,-1.5066605,0.8686369
c_1_7_1025,-1.2169639,-0.63486046
c_1_7_1026,1.2268367,-1.1518689
c_1_7_1027,-1.3027493,5.0216317
c_1_7_1028,0.13372478,2.2303746
c_1_7_1029,-0.7505393,-0.4121175
c_1_7_1030,-0.95178515,-0.61111975
c_1_7_1031,-0.5036076,-0.4225203
c_1_7_1032,-1.0970131,-0.7105896
c_1_7_1033,0.16915596,2.5171158
c_1_7_1034,-0.29504386,-1.4670393
c_1_7_1036,-0.60369116,2.326316
c_1_7_1037,-1.0488927,1.042086
c_1_7_1038,-0.8153696,0.81292117
c_1_7_1039,-0.6165399,1.0222794
c_1_7_1040,-0.785006,-0.4248544
c_1_7_1041,-0.9029627,-0.39276344
c_1_7_1042,-1.5637602,4.7789626
c_1_7_1043,-0.19567749,-1.6641649
c_1_7_1044,-1.880302,-1.3131828
c_1_7_1045,-0.9079601,-0.531403
c_1_7_1046,2.8684843,-1.2341337
c_1_7_1047,-1.4815459,3.5734613
c_1_7_1048,-0.95440716,1.0189956
c_1_7_1049,-0.62094706,-1.3819153
c_1_7_1050,-1.353574,-0.72170365
c_1_7_1051,-0.5720665,-0.44864264
c_1_7_1052,-1.5684214,1.7210034
c_1_7_1053,-1.6289937,-1.723796
c_1_7_1054,-0.8176631,-0.93615067
c_1_7_1055,-0.85813844,-0.4845095
c_1_7_1056,-0.8999656,-1.3106767
c_1_7_1057,-0.113340944,-1.6725204
c_1_7_1058,-1.1479388,0.86572844
c_1_7_1059,1.1623253,-0.5469092
c_1_7_1060,-2.448564,-1.1677877
c_1_7_1061,-0.76904196,2.7182584
c_1_7_1062,-1.6409118,1.9460989
c_1_7_1063,-0.06619645,2.4432414
c_1_7_1064,1.6144848,-2.1566558
c_1_7_1065,-1.039935,0.6004163
c_1_7_1066,-0.5902985,0.252656
c_1_7_1067,-0.5994108,3.3783922
c_1_7_1068,-1.9860191,-1.6550943
c_1_7_1069,-1.0428095,-1.3051051
c_1_7_1070,-1.4855101,0.49804434
c_1_7_1071,-1.6586891,-2.8623972
c_1_7_1072,-0.53983814,-1.1739228
c_1_7_1073,-1.4863145,2.0058744
c_1_7_1074,0.12586364,-1.1084825
c_1_7_1075,-1.8762516,4.311231
c_1_7_1076,-0.3547496,-3.0435085
c_1_7_1077,-1.0042143,0.8259852
c_1_7_1078,-0.62509644,0.03575272
c_1_7_1079,-0.9922071,-0.5972885
c_1_7_1080,-1.567182,2.7600553
c_1_7_1081,0.6940993,-0.35285145
c_1_7_1082,-0.7078133,-1.188968
c_1_7_1083,-1.6820285,-1.003787
c_1_7_1084,-1.0316614,-0.74742055
c_1_7_1085,-1.8973544,-0.8744859
c_1_7_1086,-0.0044550537,0.3138335
c_1_7_1087,-0.29939803,0.8266945
c_1_7_1088,-1.0013127,-1.3473161
c_1_7_1089,-2.4432356,-2.1279893
c_1_7_1090,-2.0455344,-0.64895064
c_1_7_1091,-0.40767673,-0.24184352
c_1_7_1092,-0.20846097,0.646253
c_1_7_1093,-0.9113096,1.7826351
c_1_7_1094,0.8427249,-0.8607135
c_1_7_1095,-1.6759255,0.15931223
c_1_7_1096,1.5935172,0.7398545
c_1_7_1097,1.1622317,0.18231101
c_1_7_1098,-1.8100636,-0.38499364
c_1_7_1099,-0.39193052,0.30874646
c_1_7_1100,-0.48276913,-1.5845009
c_1_7_1101,-0.908121,-1.3757144
c_1_7_1103,0.63172996,1.7565813
c_1_7_1104,2.5232697,0.15403475
c_1_7_1105,-0.9608279,-0.89417446
c_1_7_1106,-2.034101,4.041775
c_1_7_1107,-1.2295672,-0.9179272
c_1_7_1108,-1.7344519,-3.4135356
c_1_7_1109,-0.81906205,-0.7221952
c_1_7_1110,-0.82002395,-1.460634
c_1_7_1111,-0.09624914,-0.43671444
c_1_7_1112,2.0994244,-0.13783522
c_1_7_1113,-2.6445806,-1.5748566
c_1_7_1114,-1.3048348,-1.550053
c_1_7_1115,0.85980165,-1.38925
c_1_7_1116,0.4615372,-0.30364
c_1_7_1117,-0.2936394,0.551796
c_1_7_1118,-0.55437875,0.006910108
c_1_7_1119,-2.1665163,2.0743115
c_1_7_1120,-1.5615445,1.6129445
c_1_7_1121,-0.35968,-0.16652465
c_1_7_1122,-1.1064084,-1.3944901
c_1_7_1123,1.2013656,-0.4620974
c_1_7_1124,-2.1389387,-0.3578558
c_1_7_1125,0.14781554,-0.3773962
c_1_7_1126,-1.5989953,2.1731298
c_1_7_1127,-1.2496146,0.2308045
c_1_7_1128,-1.3146745,1.3005012
c_1_7_1130,0.06814932,1.5917689
c_1_7_1131,-0.95430976,1.0199353
c_1_7_1132,-1.0905061,-1.4249219
c_1_7_1133,-0.96584445,0.44852287
c_1_7_1134,-1.3354434,-1.4160119
c_1_7_1135,-0.21243145,0.37923703
c_1_7_1136,-1.8206259,0.07036143
c_1_7_1137,-0.60082287,0.4478644
c_1_7_1138,-0.51574343,2.02813
c_1_7_1139,-1.8816595,-0.32799542
c_1_7_1140,-1.3391771,1.4142857
c_1_7_1141,-1.8985455,-2.1887808
c_1_7_1142,0.41207486,-1.0940359
c_1_7_1143,2.4933884,-0.22892122
c_1_7_1144,-0.0045857015,-0.420354
c_1_7_1145,-0.9608371,-1.8568839
c_1_7_1146,-0.49170294,-0.7121809
c_1_7_1147,0.040619485,-0.9391496
c_1_7_1148,-1.02724,-0.3683553
c_1_7_1149,-1.0346978,1.4033096
c_1_7_1150,-0.42631704,-0.32351524
c_1_7_1151,0.19700368,0.22267695
c_1_7_1152,-1.5760833,1.3508852
c_1_7_1153,-1.0908029,-0.6468886
c_1_7_1154,-1.0685917,0.57315755
c_1_7_1155,-1.532923,-0.50045425
c_1_7_1156,-1.3583666,2.000374
c_1_7_1157,2.004477,-1.0080044
c_1_7_1158,-0.9160084,-0.47075158
c_1_7_1159,-2.1807117,-1.6446201
c_1_7_1160,-0.13998942,-0.07816091
c_1_7_1161,-0.8775466,0.29396605
c_1_7_1162,0.00035536446,2.8335648
c_1_7_1163,-0.3188698,0.005600061
c_1_7_1164,-0.9033584,0.66036177
c_1_7_1165,2.7830281,-0.21228117
c_1_7_1166,-0.9104927,1.0909349
c_1_7_1167,-1.2142172,-0.2321566
c_1_7_1168,-0.99453884,-1.0442677
c_1_7_1169,0.66036254,0.6226846
c_1_7_1170,0.9381169,0.2803319
c_1_7_1171,-0.8401835,-0.060399435
c_1_7_1172,-1.4105504,1.5856469
c_1_7_1173,-1.4597565,1.7557291
c_1_7_1174,-1.2844551,1.7856752
c_1_7_1175,-0.6946927,0.08058926
c_1_7_1176,-0.64849216,1.5455974
c_1_7_1177,-0.32035536,-0.66794145
c_1_7_1178,0.3994997,0.8010562
c_1_7_1179,0.11808309,0.25571996
c_1_7_1180,0.08259094,2.8093543
c_1_7_1181,-1.3442807,0.01830377
c_1_7_1182,-1.1431952,1.0991232
c_1_7_1183,-0.7137634,2.522818
c_1_7_1184,-1.4147784,1.7736644
c_1_7_1185,0.4377109,2.7557745
c_1_7_1186,-0.8059567,-0.08208654
c_1_7_1187,-1.5326151,2.551197
c_1_7_1188,-1.3915588,2.332602
c_1_7_1189,0.24217318,-0.2802573
c_1_7_1190,-1.1137516,2.3816473
c_1_7_1191,-0.57143545,3.295532
c_1_7_1192,-0.5630926,-0.5289902
c_1_7_1193,-1.8145514,2.5405548
c_1_7_1194,-1.2886386,2.0585802
c_1_7_1195,-1.1456676,2.2717931
c_1_7_1196,-1.1904346,2.699164
c_1_7_1197,-0.94711,-0.47774148
c_1_7_1198,-1.2095968,0.7507564
c_1_7_1199,-1.6261035,3.180523
c_1_7_1200,-1.5839688,-2.4355223
c_1_7_1201,-0.8389028,0.56076205
c_1_7_1202,-1.7372171,2.932788
c_1_7_1203,-1.0591931,1.7637053
c_1_7_1204,-0.45406148,1.4091805
c_1_7_1205,-1.2375773,0.6186224
c_1_7_1206,0.0718605,1.2976418
c_1_7_1207,-2.3176794,2.695123
c_1_7_1208,-1.8286878,2.4356358
c_1_7_1209,-1.1817505,-0.7751002
c_1_7_1210,-0.6130656,-0.22132719
c_1_7_1211,-0.060404293,3.373096
c_1_7_1212,-2.1363826,2.8034775
c_1_7_1213,-0.8083699,4.1150737
c_1_7_1214,-0.63012785,0.27163026
c_1_7_1215,0.013914017,-0.8424336
c_1_7_1216,-2.2197342,7.4279523
c_1_7_1217,0.025144137,-0.81125724
c_1_7_1219,-1.2037189,1.3217485
c_1_7_1220,-0.5385059,3.0900123
c_1_7_1221,-2.040065,4.5888834
c_1_7_1222,-0.66097754,1.5682868
c_1_7_1223,0.6391355,-0.6311557
c_1_7_1224,-1.6495479,3.1897523
c_1_7_1225,-1.037323,2.0632472
c_1_7_1226,-0.65857786,4.0167103
c_1_7_1227,0.21175456,0.42583343
c_1_7_1228,0.17391045,0.35410196
c_1_7_1229,-1.3913199,-0.7228588
c_1_7_1230,-1.3837944,5.173099
c_1_7_1231,-1.8192891,1.4748445
c_1_7_1232,-1.0464935,0.15329917
c_1_7_1233,-2.224646,0.7645039
c_1_7_1234,-0.4902486,2.717329
c_1_7_1235,-1.7932937,8.714907
c_1_7_1236,-1.5803465,5.385724
c_1_7_1237,0.043247096,0.14117801
c_1_7_1238,-2.0900156,3.842944
c_1_7_1239,-1.4311992,0.5366501
c_1_7_1240,-1.1682796,3.8714237
c_1_7_1241,-1.1046498,4.900264
c_1_7_1242,-0.23966156,1.2287588
c_1_7_1243,-1.6792887,2.6784987
c_1_7_1244,-1.3201854,6.311312
c_1_7_1245,-0.98441315,1.5669091
c_1_7_1246,-0.17242461,5.1226234
c_1_7_1247,-1.4519547,1.3573265
c_1_7_1248,-0.7483058,1.2320496
c_1_7_1249,-1.5291044,1.037916
c_1_7_1250,-0.70724696,-1.7509207
c_1_7_1251,-0.539636,2.6386921
c_1_7_1252,-1.2617927,-0.87004125
c_1_7_1253,-0.07420865,1.1035552
c_1_7_1254,-0.85538214,1.9434006
c_1_7_1255,-0.20789634,3.5107882
c_1_7_1256,-1.5830636,-1.8626568
c_1_7_1257,-0.02380434,3.1274812
c_1_7_1258,-0.48058444,0.9140982
c_1_7_1259,-1.4482074,0.5805938
c_1_7_1260,-1.0677632,0.76194984
c_1_7_1261,-1.0165904,0.8250183
c_1_7_1262,0.13577504,0.8083005
c_1_7_1263,-0.61491054,-0.3966232
c_1_7_1264,0.44183713,1.6729133
c_1_7_1266,-0.8368694,-1.019357
c_1_7_1267,-1.5610522,1.052646
c_1_7_1268,-0.7242865,2.0179267
c_1_7_1269,-1.1899889,-0.10020464
c_1_7_1270,-0.83142763,1.7063888
c_1_7_1271,1.0747236,-0.7073271
c_1_7_1272,-0.940548,1.2846271
c_1_7_1273,0.92865837,2.5121334
c_1_7_1274,1.928686,-0.7464007
c_1_7_1275,-1.7006488,-0.27364683
c_1_7_1276,-1.0891229,-1.3257385
c_1_7_1277,0.8816951,1.4820256
c_1_7_1278,1.0406889,1.7173195
c_1_7_1279,-1.48774,0.051891904
c_1_7_1280,-0.6656189,-0.3145697
c_1_7_1281,-1.2001331,1.7848958
c_1_7_1283,-1.7154125,-0.21930932
c_1_7_1284,-0.10892128,-0.028905788
c_1_7_1285,-2.7107565,2.3019767
c_1_7_1286,-1.4337698,2.000732
c_1_7_1287,0.83129615,-0.13742235
c_1_7_1288,0.17327802,-1.7849597
c_1_7_1289,-0.25880805,-0.39631206
c_1_7_1290,-0.4247659,1.1232963
c_1_7_1291,-1.4186075,-1.361035
c_1_7_1292,-1.5169293,0.06461138
c_1_7_1293,-0.62587833,0.07923723
c_1_7_1294,-1.0523889,-1.5876127
c_1_7_1295,-1.6480958,0.58924997
c_1_7_1296,-1.5006654,-0.017025463
c_1_7_1297,-2.168065,-0.5206763
c_1_7_1298,-1.4193629,3.91859
c_1_7_1299,-1.6539408,0.9151569
c_1_7_1300,-0.86988056,-0.84002054
c_1_7_1301,0.55514103,-0.520014
c_1_7_1302,-0.7711463,-1.5892836
c_1_7_1303,-0.47622368,-0.12349675
c_1_7_1304,0.5277075,3.8793337
c_1_7_1305,-1.0759568,-0.6068983
c_1_7_1306,1.2629644,4.268887
c_1_7_1308,-0.6933893,-0.03790613
c_1_7_1309,-1.8370316,0.6533944
c_1_7_1310,0.59735847,-0.21584125
c_1_7_1311,-1.589176,0.21570942
c_1_7_1312,0.24721861,0.24934292
c_1_7_1313,0.962214,-0.5302363
c_1_7_1314,-1.1640923,0.23868959
c_1_7_1315,-1.3817475,-1.4333009
c_1_7_1316,-1.2880228,-2.1478918
c_1_7_1317,-2.5259423,-0.847488
c_1_7_1318,-0.008475929,-1.3098228
c_1_7_1319,-0.9107418,2.6540544
c_1_7_1320,-1.5031408,-0.619351
c_1_7_1321,-0.37538055,1.9998462
c_1_7_1322,-0.29597613,-0.43960974
c_1_7_1323,0.3795888,-1.4166266
c_1_7_1324,-0.44205782,-0.9709628
c_1_7_1325,-1.9690952,0.08086672
c_1_7_1326,-0.98251295,-0.18962395
c_1_7_1327,-0.31223276,0.4697944
c_1_7_1328,0.4977002,-1.4848286
c_1_7_1329,-0.4937543,0.379274
c_1_7_1330,-1.6272352,1.4449545
c_1_7_1331,-2.1664846,1.4855883
c_1_7_1332,-1.4802026,-1.1940479
c_1_7_1333,0.032796834,-1.092742
c_1_7_1334,-2.1045425,2.655525
c_1_7_1335,-1.1657819,-0.120252974
c_1_7_1336,-1.1409117,0.29413167
c_1_7_1337,-1.1448957,0.37820238
c_1_7_1338,-0.22406332,-1.4073011
c_1_7_1339,-1.2392111,0.2908219
c_1_7_1340,-0.48462287,-0.23375465
c_1_7_1341,-1.7425691,5.366883
c_1_7_1342,-0.6802042,0.8753313
c_1_7_1343,-0.5342233,2.6868918
c_1_7_1344,-1.3303163,-2.4667938
c_1_7_1345,0.5515099,1.8043597
c_1_7_1346,-1.3583544,-0.3880187
c_1_7_1347,-1.1538054,1.7426019
c_1_7_1348,-1.2253119,-1.2581288
c_1_7_1349,-1.1416476,-1.4264222
c_1_7_1350,-0.91074514,1.5735599
c_1_7_1351,-0.20579162,0.60578793
c_1_7_1352,-0.5020763,-0.40731737
c_1_7_1353,0.066959046,-1.1568004
c_1_7_1354,-1.2339734,1.1674877
c_1_7_1355,0.24755986,-1.561229
c_1_7_1356,-0.23318663,-0.45561963
c_1_7_1357,-0.26469216,0.15578024
c_1_7_1358,-1.6071104,5.1433787
c_1_7_1359,-0.2309495,-1.0657243
c_1_7_1360,-0.6864064,-0.4447801
c_1_7_1361,-0.24477999,1.9358637
c_1_7_1362,-0.96108645,2.3515263
c_1_7_1363,-0.85349655,0.8072545
c_1_7_1364,-1.2638141,3.1663175
c_1_7_1365,-0.20916407,0.8947393
c_1_7_1366,-1.159588,0.6029612
c_1_7_1367,-0.65974766,-0.16206631
c_1_7_1368,-0.05817404,-0.7881305
c_1_7_1369,-0.34712583,1.5938804
c_1_7_1370,-1.1403002,1.3169802
c_1_7_1371,-1.4145898,-0.7853771
c_1_7_1372,-3.0121005,7.3654323
c_1_7_1373,-0.538167,-1.0701282
c_1_7_1374,-0.11232162,0.24199444
c_1_7_1375,-1.2581751,3.0856853
c_1_7_1376,-0.84328383,4.005186
c_1_7_1377,-1.0033216,-0.1441862
c_1_7_1378,0.044274174,-0.7947379
c_1_7_1379,-0.39512667,-1.2570341
c_1_7_1380,-1.2061027,1.4160976
c_1_7_1381,-1.1575108,1.2425836
c_1_7_1382,0.8274209,0.24526542
c_1_7_1383,-2.5094388,2.1142964
c_1_7_1384,-2.0223424,4.8783255
c_1_7_1385,-1.19105,-0.21877593
c_1_7_1386,-0.7077032,0.5106891
c_1_7_1387,-0.648889,-0.63804555
c_1_7_1388,-0.5805077,1.9893826
c_1_7_1389,-0.20108792,0.4648079
c_1_7_1390,-0.2563717,-0.07496092
c_1_7_1391,-0.24577242,-0.7870256
c_1_7_1392,-0.6082749,2.026887
c_1_7_1393,-0.49165088,0.5968836
c_1_7_1394,-1.1388321,1.6952671
c_1_7_1395,-1.3084449,0.68910486
c_1_7_1396,-2.290532,4.678099
c_1_7_1397,-0.16985145,3.8320584
c_1_7_1398,-3.2671173,10.121062
c_1_7_1399,-1.0310994,-1.4288765
c_1_7_1400,-0.052900333,-0.19647303
c_1_7_1401,-0.38952005,1.9608113
c_1_7_1402,-0.7267168,-0.58956385
c_1_7_1403,-1.9687588,1.4945745
c_1_7_1404,-0.3300083,1.103897
c_1_7_1405,-1.0019801,3.397645
c_1_7_1406,-2.683962,9.255196
c_1_7_1407,-1.3744868,3.5249681
c_1_7_1408,-0.9144284,-0.21916234
c_1_7_1409,-1.6378398,-2.3527966
c_1_7_1410,0.67300344,-0.9782782
c_1_7_1411,-1.2689887,3.697151
c_1_7_1412,-1.164649,-2.2233021
c_1_7_1413,-1.1099507,3.3832033
c_1_7_1414,-1.2690499,-0.61057085
c_1_7_1415,-0.5988054,-1.1812037
c_1_7_1416,-1.0859941,2.76875
c_1_7_1417,-1.1022794,1.6435349
c_1_7_1418,-0.94962156,-0.15100038
c_1_7_1419,-0.8273356,0.24087319
c_1_7_1420,-0.81223816,0.02915699
c_1_7_1421,-1.3636595,1.0118195
c_1_7_1422,-1.1373217,-1.9980717
c_1_7_1423,0.6141523,-0.18388474
c_1_7_1424,-1.2458807,0.7535008
c_1_7_1425,0.08654432,2.5070415
c_1_7_1426,-1.3216133,-0.493774
c_1_7_1427,-0.54343295,-0.03718642
c_1_7_1428,-1.4425255,-0.69667536
c_1_7_1429,1.2805079,-0.05754561
c_1_7_1430,-1.9262686,1.6316305
c_1_7_1431,-0.69689465,2.439278
c_1_7_1432,-1.4631307,2.2834172
c_1_7_1433,-0.8600725,4.6239614
c_1_7_1434,-0.7336202,1.0193776
c_1_7_1435,-0.40016907,-0.21985622
c_1_7_1436,-0.7113658,0.11728908
c_1_7_1437,-1.0673487,2.1210828
c_1_7_1438,-1.2229388,0.46293426
c_1_7_1439,-0.77534086,-0.10799537
c_1_7_1440,-1.3924975,2.5029943
c_1_7_1441,-1.6165699,2.019081
c_1_7_1443,-1.4599416,0.5861386
c_1_7_1444,-1.1228632,0.9005236
c_1_7_1445,-1.0008595,0.9742746
c_1_7_1446,-1.448261,-0.44632685
c_1_7_1448,-0.32541123,-0.7587894
c_1_7_1449,0.15892127,-0.7487385
c_1_7_1450,-0.980126,-1.7955592
c_1_7_1451,-1.0610913,-1.4787998
c_1_7_1452,-1.1414356,2.4101555
c_1_7_1453,-0.34459838,0.06174105
c_1_7_1454,-1.2469312,0.4519349
c_1_7_1455,-1.0798584,0.54963
c_1_7_1456,-1.774331,-1.9534594
c_1_7_1458,-1.1556953,-1.0649793
c_1_7_1459,-1.5286944,-1.7638874
c_1_7_1460,-1.0090517,-0.552456
c_1_7_1461,0.75892955,1.6534435
c_1_7_1462,-0.5589104,0.04932274
c_1_7_1463,-1.198571,0.23158441
c_1_7_1464,-1.7087253,3.0025036
c_1_7_1465,-0.7796704,0.24737944
c_1_7_1466,-1.3787069,-0.9445267
c_1_7_1467,-1.1495194,-1.0551224
c_1_7_1468,0.6415789,-1.4823694
c_1_7_1469,-0.6353253,-1.5123571
c_1_7_1470,-0.64252365,-1.042154
c_1_7_1471,-0.019320894,0.47912157
c_1_7_1472,0.050677154,-0.009487932
c_1_7_1473,-0.7977699,0.6308709
c_1_7_1474,-1.4284806,-0.71837234
c_1_7_1475,-1.5551134,-0.038829755
c_1_7_1476,0.84662515,0.6662772
c_1_7_1477,-2.1441648,-2.6943374
c_1_7_1478,-1.0382266,-0.07151093
c_1_7_1479,-1.2114967,-0.7763098
c_1_7_1480,-1.6673532,-0.2712014
c_1_7_1481,-0.32424954,-0.15507632
c_1_7_1482,-1.2741662,-0.47311598
c_1_7_1483,-1.640272,2.5336251
c_1_7_1484,-1.4820027,1.3261412
c_1_7_1485,-1.5020238,-0.53036714
c_1_7_1486,-0.44957075,1.3706754
c_1_7_1488,-0.44765103,-2.5041032
c_1_7_1489,-1.2125933,0.6614899
c_1_7_1490,-0.47117865,-0.43203622
c_1_7_1491,-1.0728796,0.5036652
c_1_7_1492,-1.1251963,-0.7966081
c_1_7_1493,-0.13905947,0.7480535
c_1_7_1494,-0.39522278,1.1568253
c_1_7_1495,-3.4713697,-4.172128
c_1_7_1496,0.19473222,0.018809985
c_1_7_1498,-0.7741853,-0.36818907
c_1_7_1499,-1.5922592,-1.2205291
c_1_7_1500,0.26180378,0.76408195
c_1_7_1501,-1.2267295,2.3195772
c_1_7_1503,-0.7322152,-0.563231
c_1_7_1504,-1.107533,-2.0711966
c_1_7_1505,-0.6607121,-0.32927874
c_1_7_1506,-0.99444556,0.17642006
c_1_7_1507,-1.8862756,3.3411894
c_1_7_1508,-1.0599898,0.15896583
c_1_7_1509,-2.2347884,1.2973899
c_1_7_1510,-1.4435138,-1.5184608
c_1_7_1511,-1.2102122,-0.32814044
c_1_7_1512,-0.017536128,1.0104481
c_1_7_1513,-1.0716265,-2.5800467
c_1_7_1514,-1.2712176,1.5643958
c_1_7_1515,-0.007095681,0.78568465
c_1_7_1516,-1.4453292,2.0696836
c_1_7_1517,-1.5035669,-0.2596647
c_1_7_1518,0.9690152,-0.039819475
c_1_7_1519,-0.95811474,0.7558992
c_1_7_1520,-2.1380718,1.8787955
c_1_7_1521,-0.83029604,2.3691287
c_1_7_1522,-0.9327581,-0.5044933
c_1_7_1523,-1.9885317,2.9264004
c_1_7_1524,-1.3255583,0.22917272
c_1_7_1525,-1.1296291,-0.7026459
c_1_7_1526,-1.4560606,-1.5595789
c_1_7_1527,-0.9023206,1.3149929
c_1_7_1528,-0.8197672,2.649801
c_1_7_1529,-1.6347438,-1.3482637
c_1_7_1530,-1.9158455,-2.8944283
c_1_7_1531,-1.177937,1.2594647
c_1_7_1532,-1.2189118,-0.29650852
c_1_7_1533,-1.2396368,-0.89171535
c_1_7_1534,0.016273795,-0.30343717
c_1_7_1535,-0.5473574,1.5685692
c_1_7_1536,-0.93458474,-2.6222866
c_1_7_1537,-1.9390552,4.8172483
c_1_7_1538,-0.77508575,0.029343234
c_1_7_1539,-0.81269664,-2.5616026
c_1_7_1541,-1.7183582,1.9342526
c_1_7_1542,-1.5167233,-3.9739966
c_1_7_1543,-1.538045,-1.3019015
c_1_7_1544,-0.67231923,-0.64701676
c_1_7_1545,-1.0757746,-0.4696705
c_1_7_1546,-2.3508687,4.453068
c_1_7_1547,-0.84064794,-1.006777
c_1_7_1548,-1.3879143,-0.37076026
c_1_7_1549,-1.7391975,-0.5904384
c_1_7_1550,-1.9501581,5.3261523
c_1_7_1551,-0.39198413,0.503028
c_1_7_1552,1.2493477,-0.8484581
c_1_7_1553,-1.1305968,0.09223723
c_1_7_1554,-1.6386664,-1.8489635
c_1_7_1555,-0.77618134,1.4409981
c_1_7_1556,-1.2094452,-1.9783218
c_1_7_1557,-0.80151856,-1.1626123
c_1_7_1558,-0.5864864,-0.5570632
c_1_7_1559,-1.8217591,2.401685
c_1_7_1560,-0.75180155,-1.4891096
c_1_7_1561,-1.5191084,-0.95830953
c_1_7_1562,-0.49723697,-0.781277
c_1_7_1563,-0.5446085,-0.19962816
c_1_7_1564,0.6036654,2.03273
c_1_7_1565,-1.1569483,3.3242013
c_1_7_1566,-1.436426,0.9249389
c_1_7_1567,-0.17509422,-0.6705744
c_1_7_1568,-0.8207997,-1.1863446
c_1_7_1569,-1.513641,-0.9777662
c_1_7_1570,-1.689114,6.7913337
c_1_7_1571,-1.0758218,0.69533366
c_1_7_1572,-0.1920621,0.5373235
c_1_7_1573,-0.47321355,0.010939758
c_1_7_1574,-0.48407236,-1.2412752
c_1_7_1575,0.6562492,-0.6266521
c_1_7_1576,-1.5604419,2.5176535
c_1_7_1577,-0.660967,1.7019724
c_1_7_1578,-0.46703562,-1.8723524
c_1_7_1579,-1.7819738,5.8097444
c_1_7_1580,-0.64017713,-1.0280334
c_1_7_1581,-0.25916323,-0.60226727
c_1_7_1582,-1.6947769,-0.37440893
c_1_7_1583,-1.6732309,0.8955752
c_1_7_1584,-1.386706,-1.8889104
c_1_7_1585,-1.9992442,-2.4884791
c_1_7_1586,-0.68163204,-0.9941456
c_1_7_1587,-0.80812395,2.0089529
c_1_7_1588,-1.2312806,-1.5301505
c_1_7_1589,-0.5028849,-0.1899826
c_1_7_1590,-1.8033416,1.5756778
c_1_7_1591,-1.4959491,-0.8720567
c_1_7_1592,-1.2757049,-0.7572549
c_1_7_1593,-1.4466332,1.2069921
c_1_7_1594,-0.7410603,-0.34054247
c_1_7_1595,-1.6640056,0.716154
c_1_7_1596,-0.8626932,-1.6673808
c_1_7_1597,-1.4143311,0.89296997
c_1_7_1598,-0.55977744,-1.0574654
c_1_7_1599,-1.1865616,-1.7472314
c_1_7_1600,-1.4936116,1.5101298
c_1_7_1601,-1.7904935,4.8775373
c_1_7_1602,-2.0244224,1.8982487
c_1_7_1603,-0.53602403,-1.0396571
c_1_7_1605,0.02112306,-1.0537195
c_1_7_1606,-1.0752379,-2.2558215
c_1_7_1607,1.2497745,1.0186542
c_1_7_1608,-1.9734874,4.3642235
c_1_7_1609,-0.73760957,1.5637916
c_1_7_1610,-2.0753398,-1.6278619
c_1_7_1611,-0.8936859,0.661436
c_1_7_1612,-1.5123541,-1.2089162
c_1_7_1613,-0.98797977,-0.7144749
c_1_7_1614,0.1906527,-1.1457995
c_1_7_1615,-0.7078312,1.3744197
c_1_7_1616,-0.9975659,2.2599485
c_1_7_1617,0.7934015,-0.9748215
c_1_7_1618,-1.6242514,-1.8112245
c_1_7_1619,-0.9506212,-0.8336463
c_1_7_1620,0.1649017,-4.2812552
c_1_7_1621,-0.84708947,0.21710747
c_1_7_1622,-0.73281765,0.16828115
c_1_7_1623,-1.7600492,-2.5658097
c_1_7_1624,-1.0561728,-0.49727383
c_1_7_1625,-0.3824626,0.89901876
c_1_7_1626,0.10138227,0.54618037
c_1_7_1627,-1.5763295,1.7361536
c_1_7_1628,-1.3756455,1.8400774
c_1_7_1629,0.21604429,-0.7232037
c_1_7_1630,0.42298615,0.7867966
c_1_7_1631,-1.5192251,-1.4606155
c_1_7_1632,-2.0575714,-0.60198855
c_1_7_1633,-1.7029746,-3.6520138
c_1_7_1634,-0.6404062,-0.5333573
c_1_7_1635,-1.1297301,4.0011334
c_1_7_1636,-0.41317347,-1.0087683
c_1_7_1637,-0.83387643,0.68086237
c_1_7_1638,-2.132893,2.5146608
c_1_7_1639,-1.5792303,1.7289356
c_1_7_1640,-0.49567178,1.4645929
c_1_7_1641,-0.267717,1.6579212
c_1_7_1642,0.14313942,2.177216
c_1_7_1643,-1.9082781,3.773627
c_1_7_1644,0.20628752,1.4160067
c_1_7_1645,-1.5872352,-0.98610663
c_1_7_1646,-2.7217731,6.9499164
c_1_7_1647,-0.18465567,-0.30532753
c_1_7_1648,-0.79173005,1.9952974
c_1_7_1649,-0.36434257,2.1030877
c_1_7_1650,-1.6012844,3.2633913
c_1_7_1651,-0.27735835,-0.18212618
c_1_7_1652,-1.6513289,4.040767
c_1_7_1653,-1.3970591,-0.50021815
c_1_7_1654,-1.2535907,1.6744088
c_1_7_1655,-0.5703816,-0.14582789
c_1_7_1656,0.634071,1.3908244
c_1_7_1657,-1.069748,2.6336348
c_1_7_1658,-1.7742242,-3.5477455
c_1_7_1659,-0.5026758,-0.26021776
c_1_7_1660,-1.3325096,2.6860645
c_1_7_1661,-1.1762933,3.8368077
c_1_7_1662,-0.25315472,-2.3066692
c_1_7_1663,-0.34623137,-1.2293524
c_1_7_1664,-1.6445475,3.889139
c_1_7_1665,-0.7271823,0.1939042
c_1_7_1666,-1.030456,2.1293561
c_1_7_1667,-1.4812758,-1.4488769
c_1_7_1668,-1.7928339,3.9783363
c_1_7_1669,-0.85168123,0.6793144
c_1_7_1670,-1.2374701,-0.43448874
c_1_7_1671,0.2684743,1.3639064
c_1_7_1672,-1.0191525,0.5520625
c_1_7_1673,-0.69751054,2.341837
c_1_7_1674,-2.0251324,1.857068
c_1_7_1675,-1.5818925,3.719073
c_1_7_1676,-0.97292227,-0.7940207
c_1_7_1677,-0.86172813,2.7563899
c_1_7_1678,-1.3422775,2.8371027
c_1_7_1679,-1.72291,2.3292372
c_1_7_1680,-0.90612113,4.2067604
c_1_7_1681,-1.3512259,0.80827934
c_1_7_1682,-0.8898814,-0.25976053
c_1_7_1684,-0.28610203,1.7423958
c_1_7_1685,-1.340963,1.6112856
c_1_7_1686,-1.4323639,2.2968392
c_1_7_1687,-0.9692957,2.7242267
c_1_7_1688,-1.0784872,-1.587172
c_1_7_1689,-2.8168173,3.9394057
c_1_7_1690,-1.2415622,-2.403719
c_1_7_1691,-0.40848577,1.6740761
c_1_7_1692,0.20005484,-1.0525485
c_1_7_1693,-0.69221944,1.4870257
c_1_7_1694,-1.9254842,1.0764469
c_1_7_1695,-0.76702666,0.237984
c_1_7_1696,-0.98847646,3.275855
c_1_7_1697,-2.1838324,-2.3215418
c_1_7_1698,-0.97113293,-2.60649
c_1_7_1699,-2.118651,2.7406573
c_1_7_1700,-1.5560048,1.5927597
c_1_7_1701,-1.8848149,2.359755
c_1_7_1702,-2.0704753,3.724843
c_1_7_1703,-1.0357068,1.0939529
c_1_7_1704,-2.0455554,2.5714145
c_1_7_1705,0.40478683,-1.2227912
c_1_7_1706,-0.2135783,0.8776829
c_1_7_1707,-0.6977916,2.6157682
c_1_7_1708,-1.0517576,-0.6416403
c_1_7_1709,-0.5863989,1.8052337
c_1_7_1710,-0.91332036,3.3423605
c_1_7_1711,-1.2224152,1.9432154
c_1_7_1712,-1.6278754,3.4758036
c_1_7_1713,-0.23811334,-1.9182516
c_1_7_1714,-2.7052517,4.5641913
c_1_7_1715,2.3325012,-1.0659488
c_1_7_1716,-0.8245574,1.6001211
c_1_7_1717,-1.3365347,3.3031533
c_1_7_1718,-1.8958467,-1.4720845
c_1_7_1719,0.376505,-1.855995
c_1_7_1720,-0.7117126,2.740278
c_1_7_1721,-1.0886776,-0.99438715
c_1_7_1722,-0.8107145,0.13628902
c_1_7_1723,-1.5964713,4.100469
c_1_7_1724,-1.0114517,-1.5294324
c_1_7_1725,-1.1716336,-0.91822535
c_1_7_1726,-0.7245047,2.2491243
c_1_7_1727,-0.72951186,-2.3867474
c_1_7_1728,-0.18515623,-1.4792008
c_1_7_1729,-1.625943,3.4820693
c_1_7_1730,-1.5559051,-1.1579976
c_1_7_1731,-1.5912218,2.2693653
c_1_7_1732,-0.9390994,-1.3294514
c_1_7_1733,-1.7650595,3.2808003
c_1_7_1734,-1.0066135,-2.6376803
c_1_7_1735,0.08857257,1.3122098
c_1_7_1736,-2.0569863,3.1488812
c_1_7_1737,-1.8618095,2.1950853
c_1_7_1738,0.0386712,-0.24520396
c_1_7_1739,-1.6342251,0.2097342
c_1_7_1740,-1.1287364,-0.38970172
c_1_7_1741,-0.82539666,4.451753
c_1_7_1742,1.0844947,0.59058154
c_1_7_1743,-0.58433706,2.7338076
c_1_7_1744,-1.0132601,-0.866264
c_1_7_1745,-1.5878687,-0.205086
c_1_7_1746,0.07128986,-0.4754176
c_1_7_1747,-0.60496974,1.3954586
c_1_7_1748,-1.7517481,0.82026
c_1_7_1749,-2.3253224,-2.3091187
c_1_7_1750,-0.5941908,1.6688622
c_1_7_1751,-0.9006219,2.8872235
c_1_7_1752,-0.3983129,1.6392354
c_1_7_1753,0.29323667,3.615182
c_1_7_1754,-1.1231124,1.450538
c_1_7_1755,-1.4268008,4.830142
c_1_7_1756,-1.299902,0.6034056
c_1_7_1757,-1.1041776,2.9284596
c_1_7_1758,-1.2240986,-2.7749774
c_1_7_1759,-1.9028788,1.1456072
c_1_7_1760,-1.5284009,2.6993866
c_1_7_1761,-1.0718714,-1.9567317
c_1_7_1762,-0.4209671,2.6591308
c_1_7_1763,-0.30123118,3.2206216
c_1_7_1764,0.07966208,-0.5520843
c_1_7_1765,0.25302702,-0.44714916
c_1_7_1766,-1.0466334,3.3630407
c_1_7_1767,0.20767498,-0.7792573
c_1_7_1768,-1.3764262,-0.7476622
c_1_7_1769,-1.1559938,3.0836005
c_1_7_1770,-1.2294998,-0.4010666
c_1_7_1771,0.21517953,1.4759675
c_1_7_1772,-1.2960894,3.1447275
c_1_7_1773,-1.3146116,0.8785125
c_1_7_1774,-1.3063166,0.52486473
c_1_7_1775,-1.4787068,-0.8709861
c_1_7_1776,-0.84916776,1.1072196
c_1_7_1777,-0.74958664,2.8995566
c_1_7_1778,-1.347923,1.6372323
c_1_7_1779,-1.6890558,-3.107006
c_1_7_1780,-1.0918832,3.8316133
c_1_7_1781,-0.48045108,1.2291204
c_1_7_1782,-1.0895201,2.8166146
c_1_7_1783,1.0447135,1.4290863
c_1_7_1784,-0.51660043,3.6520474
c_1_7_1785,0.8245607,-0.7167765
c_1_7_1786,0.25686148,-0.49216428
c_1_7_1787,-0.32909325,0.06294933
c_1_7_1788,-1.4527057,1.8548107
c_1_7_1789,-1.3310741,2.5459285
c_1_7_1790,-2.137013,-0.02602024
c_1_7_1791,-0.51724046,0.113755696
c_1_7_1792,-1.7065226,5.768583
c_1_7_1793,-0.5904226,0.46349144
c_1_7_1794,-1.7051262,4.13414
c_1_7_1795,-0.8116127,2.0826705
c_1_7_1796,-0.65081304,2.653975
c_1_7_1797,-1.3372403,2.9026349
c_1_7_1798,-0.83379525,3.34895
c_1_7_1799,0.28534076,-1.4167333
c_1_7_1800,-1.0024258,3.6170022
c_1_7_1802,-1.917515,0.5674598
c_1_7_1803,-1.7211142,-0.24613841
c_1_7_1804,-0.3744571,3.771356
c_1_7_1805,-1.4102912,-0.44760334
c_1_7_1806,-0.7640022,2.5455046
c_1_7_1807,-1.32256,2.9341216
c_1_7_1808,-0.6471995,4.66585
c_1_7_1809,-1.242251,2.501215
c_1_7_1810,-1.2199053,6.1537704
c_1_7_1811,-1.326576,4.9208255
c_1_7_1812,-1.2738249,3.0150936
c_1_7_1813,-1.6910543,6.6161904
c_1_7_1814,-0.4127726,0.63219404
c_1_7_1815,0.37182415,1.634716
c_1_7_1816,-1.827507,2.471642
c_1_7_1817,1.011815,1.6754534
c_1_7_1818,-1.2077394,1.6329311
c_1_7_1819,0.057506807,1.0802008
c_1_7_1820,0.55219907,-1.936074
c_1_7_1822,-0.94676757,-1.3918685
c_1_7_1823,-1.4654392,-0.5920161
c_1_7_1824,-0.8787094,0.6660541
c_1_7_1825,-1.5498725,0.65197676
c_1_7_1827,-0.75353557,1.081855
c_1_7_1828,-0.08354154,-0.38487488
c_1_7_1829,-1.1007609,1.7330359
c_1_7_1830,-2.095544,1.4050468
c_1_7_1831,-0.65108246,-0.3955386
c_1_7_1832,-0.0915492,-0.29572523
c_1_7_1833,-1.4616369,4.0927105
c_1_7_1834,-1.8164979,3.5933504
c_1_7_1835,-1.2006103,1.863173
c_1_7_1836,-1.6745762,2.1529903
c_1_7_1837,-0.72475135,0.021967987
c_1_7_1838,-0.24199146,2.4758365
c_1_7_1839,0.11660757,0.8028975
c_1_7_1840,-1.2956002,1.6636095
c_1_7_1841,0.43485534,1.3285773
c_1_7_1842,-1.5240464,-0.50278324
c_1_7_1843,-0.75450855,1.9185339
c_1_7_1844,-1.2907495,-1.9949727
c_1_7_1845,0.039250992,2.5003798
c_1_7_1846,-1.4432685,1.7602313
c_1_7_1847,-0.7207443,0.04179643
c_1_7_1848,-1.0124948,2.0295594
c_1_7_1849,0.03611783,0.9119493
c_1_7_1850,-1.0934186,2.6570337
c_1_7_1851,-1.6242402,3.9879434
c_1_7_1852,-0.15644819,3.3821445
c_1_7_1853,-0.28648022,-2.0710242
c_1_7_1854,-0.43438637,2.6202397
c_1_7_1855,-0.30270898,1.1197609
c_1_7_1856,-1.1380845,1.4290301
c_1_7_1857,-0.38737088,1.6434937
c_1_7_1858,0.57152617,-0.79699206
c_1_7_1859,0.19829343,1.6757965
c_1_7_1861,-0.9145086,2.9217484
c_1_7_1862,-1.2501197,-1.7642952
c_1_7_1863,-0.49374592,2.7398403
c_1_7_1864,-1.4985485,-1.2156193
c_1_7_1865,-0.69843537,-1.5393729
c_1_7_1866,-0.35915813,0.24773596
c_1_7_1868,-0.7515934,1.4750345
c_1_7_1869,-1.602462,1.8090211
c_1_7_1870,-1.2227902,2.3825617
c_1_7_1871,-0.7574651,-0.14424987
c_1_7_1872,-1.4153284,5.1245255
c_1_7_1873,-0.04802514,1.4067023
c_1_7_1874,-1.32335,-0.503334
c_1_7_1875,0.3852107,-0.3745477
c_1_7_1876,-1.8883821,2.1852956
c_1_7_1877,-0.3060255,0.3985709
c_1_7_1878,-1.6743323,5.33087
c_1_7_1879,-0.54076314,2.9747267
c_1_7_1880,-1.6453148,-1.7083327
c_1_7_1881,-0.5228969,0.7105001
c_1_7_1882,-1.458447,2.464745
c_1_7_1883,2.1443172,0.21843031
c_1_7_1884,-2.292263,5.1619515
c_1_7_1885,-0.8807427,-0.4698329
c_1_7_1886,0.018149057,0.09390205
c_1_7_1887,-1.2941854,0.5307472
c_1_7_1888,-1.3840305,2.5613205
c_1_7_1889,-0.7720983,1.7827874
c_1_7_1890,-1.4040942,0.09086391
c_1_7_1891,-0.97295594,2.7226748
c_1_7_1892,-1.8986084,-0.91204035
c_1_7_1893,-0.33854952,1.760077
c_1_7_1894,0.078851245,-1.008811
c_1_7_1895,-1.7695699,2.486887
c_1_7_1896,-0.7880481,2.4472837
c_1_7_1897,-1.9018899,7.9461875
c_1_7_1898,-1.1014439,0.8978028
c_1_7_1899,-2.2764435,-1.8268188
c_1_7_1900,-1.382918,-0.11691852
c_1_7_1901,-0.7032239,-1.1190244
c_1_7_1902,-1.3543173,-1.709263
c_1_7_1903,-0.2305926,-0.20126988
c_1_7_1904,0.2375024,-0.07897438
c_1_7_1905,-0.8615248,-0.64442235
c_1_7_1906,0.06739469,0.9898935
c_1_7_1907,1.1172622,-0.40828413
c_1_7_1908,-0.12777278,0.16026878
c_1_7_1909,-0.7297387,0.16133866
c_1_7_1910,-1.6376591,-0.13146648
c_1_7_1911,-2.299674,-0.5673922
c_1_7_1912,-1.1605002,1.2263693
c_1_7_1913,-1.4542143,2.013658
c_1_7_1914,-0.8287619,0.6537797
c_1_7_1915,-2.1914365,1.6351352
c_1_7_1916,-1.2424554,1.7597692
c_1_7_1917,-1.3734014,1.130977
c_1_7_1918,-0.57336557,1.8986588
c_1_7_1919,-0.85908616,0.8431783
c_1_7_1920,-1.2811975,-0.2910585
c_1_7_1921,-0.81367093,2.5825362
c_1_7_1922,-1.0051583,0.25033674
c_1_7_1923,-1.9039075,-0.5302273
c_1_7_1924,-0.6816391,2.823987
c_1_7_1925,0.20225647,-0.19043261
c_1_7_1926,-0.13657387,4.058013
c_1_7_1927,-1.6565055,1.3659
c_1_7_1928,-1.6407032,5.7506633
c_1_7_1929,-1.5757124,3.3760622
c_1_7_1930,-0.8764491,-1.113056
c_1_7_1931,-0.48752925,-0.0036434864
c_1_7_1932,-1.4111011,3.2881248
c_1_7_1933,-0.08522412,2.981999
c_1_7_1934,-1.8928902,-2.898646
c_1_7_1935,-2.128136,3.8649628
c_1_7_1936,1.0757662,1.2255063
c_1_7_1937,-0.73907304,1.510575
c_1_7_1938,-0.5406502,2.2878618
c_1_7_1939,0.004921728,1.4364684
c_1_7_1940,-0.7948749,3.8383021
c_1_7_1941,0.353201,-0.45138618
c_1_7_1942,-1.0211811,1.3857787
c_1_7_1943,-2.0634556,0.7855358
c_1_7_1944,-0.18571429,2.0605946
c_1_7_1945,-1.2456634,3.5523498
c_1_7_1946,-0.7694513,2.4619431
c_1_7_1947,-1.7317088,4.536027
c_1_7_1948,-1.9556369,-0.792379
c_1_7_1949,-0.10868448,3.5478306
c_1_7_1950,-0.5593597,0.493872
c_1_7_1951,-2.5207036,-2.0101693
c_1_7_1952,-1.6289821,2.7717142
c_1_7_1953,-0.47348118,0.9471382
c_1_7_1954,-1.2514274,-0.7648632
c_1_7_1955,-1.4590234,4.1382875
c_1_7_1956,-1.4687845,-2.119095
c_1_7_1957,-2.0103927,2.3890662
c_1_7_1958,-2.3882248,4.091781
c_1_7_1959,-1.5307168,-2.012429
c_1_7_1960,-1.430639,-1.1720008
c_1_7_1961,-1.1450899,5.328188
c_1_7_1962,-0.692482,-0.6963779
c_1_7_1963,-1.2869744,-0.5278663
c_1_7_1964,-3.0751083,1.0408958
c_1_7_1965,-0.8217881,2.2859037
c_1_7_1966,-0.9163059,1.4301245
c_1_7_1967,-1.3734878,2.627744
c_1_7_1968,-0.081747614,-1.5242611
c_1_7_1969,-2.4519775,5.826766
c_1_7_1970,-1.4637822,-1.315473
c_1_7_1971,-0.0115742525,2.1194265
c_1_7_1972,-0.8375421,3.840617
c_1_7_1973,1.0077608,-1.7396724
c_1_7_1974,-0.65074944,4.085893
c_1_7_1975,-0.86972904,-0.75412476
c_1_7_1976,0.26030442,2.4747894
c_1_7_1977,-0.4390793,3.1064353
c_1_7_1978,0.16639268,1.7750975
c_1_7_1979,-1.1833363,0.25977886
c_1_7_1980,-1.3994683,2.7368324
c_1_7_1981,-0.045665458,-1.724885
c_1_7_1982,-0.41703212,-0.04021522
c_1_7_1983,-1.9958205,-0.10297452
c_1_7_1984,-0.6357811,1.6868211
c_1_7_1985,-1.2444379,0.92545474
c_1_7_1986,0.6132102,-0.0708566
c_1_7_1987,-0.32760078,3.0255148
c_1_7_1988,-2.0077004,3.0896437
c_1_7_1989,-0.78921616,2.6005707
c_1_7_1990,-2.8844967,7.8302903
c_1_7_1991,-0.56410486,0.7659961
c_1_7_1992,-0.73825574,-2.373219
c_1_7_1994,-0.58864,2.3577735
c_1_7_1995,-1.1308061,2.5354612
c_1_7_1996,0.2045631,-2.0998304
c_1_7_1997,-0.85948044,0.20181763
c_1_7_1998,-1.9236779,3.1806667
c_1_7_1999,-1.2757759,2.1577368
c_1_7_2000,-1.0936152,0.852454
c_1_7_2001,-0.0923144,1.9920855
c_1_7_2002,-0.6639666,0.83597755
c_1_7_2003,-0.52020305,5.476629
c_1_7_2004,-0.9268855,2.4959958
c_1_7_2005,0.30318913,0.25314155
c_1_7_2006,-0.53490317,0.23202486
c_1_7_2007,-0.33283332,-0.5013301
c_1_7_2008,0.65398496,1.6560436
c_1_7_2009,-0.34231937,1.1362306
c_1_7_2010,-1.2895437,5.63336
c_1_7_2011,-0.35658225,2.5059967
c_1_7_2013,-0.9537082,1.1076126
c_1_7_2014,-0.9705218,-0.11622046
c_1_7_2015,-0.68733674,-0.538795
c_1_7_2016,-1.8203884,-0.3819366
c_1_7_2017,-1.637134,2.8259213
c_1_7_2018,-1.3782133,7.3440895
c_1_7_2019,-1.147818,3.310631
c_1_7_2020,-0.21215776,3.7390113
c_1_7_2021,-0.4369636,0.63266015
c_1_7_2022,-1.6243021,2.8940096
c_1_7_2023,-0.5800824,2.1749115
c_1_7_2024,-1.7323761,2.4866123
c_1_7_2025,0.15651365,1.3048549
c_1_7_2026,-1.7549816,3.0370345
c_1_7_2027,-1.1302233,-0.26734027
c_1_7_2028,-0.088522434,0.40793595
c_1_7_2029,-0.43358704,-0.45038494
c_1_7_2030,-0.31372997,0.4364763
c_1_7_2031,-0.99875546,3.3559577
c_1_7_2032,-0.9725055,-2.8988073
c_1_7_2033,-0.6062968,-2.3258748
c_1_7_2034,-0.101087,-1.0259486
c_1_7_2035,-0.76939464,0.9683288
c_1_7_2036,-1.0131639,-1.1710039
c_1_7_2037,-1.320855,2.565989
c_1_7_2038,-0.8126312,-2.1013348
c_1_7_2039,0.31658125,1.2857578
c_1_7_2040,-1.2302362,-0.43098667
c_1_7_2041,-1.824717,2.9793274
c_1_7_2042,-0.71065277,-0.62095946
c_1_7_2043,-1.5318204,6.4953732
c_1_7_2044,-0.638511,1.4873106
c_1_7_2045,-1.6317635,2.0433733
c_1_7_2046,-0.84531265,-1.5205537
c_1_7_2047,-0.8580188,3.3852525
c_1_7_2048,-0.031272624,0.19276492
c_1_7_2049,-0.82798904,-2.5425403
c_1_7_2050,-2.0382433,4.8350534
c_1_7_2051,-0.36564314,-2.270651
c_1_7_2052,0.118536755,2.128563
c_1_7_2053,-0.91013247,-3.697614
c_1_7_2054,-1.9827589,-1.4917576
c_1_7_2055,0.49013188,-0.6573126
c_1_7_2056,-0.7687017,-3.8455188
c_1_7_2057,1.1497617,0.722041
c_1_7_2058,-1.6813755,1.8005469
c_1_7_2059,-0.028134432,-0.36576593
c_1_7_2060,-1.1695436,2.9864979
c_1_7_2061,-1.0639338,1.1312048
c_1_7_2062,-1.8810707,0.8192873
c_1_7_2063,-0.69091976,-1.2413384
c_1_7_2064,-1.4639552,1.6587898
c_1_7_2065,-0.37971628,2.2831051
c_1_7_2066,-0.67081213,0.6747317
c_1_7_2067,-1.6280657,2.8700998
c_1_7_2068,-1.8328142,0.58645165
c_1_7_2069,0.06084618,-0.7643302
c_1_7_2070,-1.7060602,-0.817145
c_1_7_2071,-0.546799,5.4804206
c_1_7_2072,-0.32806155,2.255553
c_1_7_2073,-0.769464,0.33555683
c_1_7_2074,0.8402863,0.65408295
c_1_7_2075,-0.2307387,1.9180988
c_1_7_2076,-0.8625193,3.5389748
c_1_7_2077,-2.2994742,-0.016497925
c_1_7_2078,-1.3700584,1.1920714
c_1_7_2079,-0.4716598,2.2960126
c_1_7_2080,-0.50778663,0.17856607
c_1_7_2081,0.11792409,-0.06335318
c_1_7_2082,-0.6261748,2.6109579
c_1_7_2083,-0.73231786,-0.017347446
c_1_7_2084,-0.9832697,3.1311793
c_1_7_2085,-1.4063936,-2.3252492
c_1_7_2086,-0.7999783,2.304664
c_1_7_2087,-0.32038316,-1.2813402
c_1_7_2088,-0.20699589,1.0367134
c_1_7_2089,-0.7542544,1.8056618
c_1_7_2090,-0.9637582,0.6905814
c_1_7_2091,-0.3910449,1.280617
c_1_7_2092,-0.67149407,4.395842
c_1_7_2093,-0.5855918,3.2962623
c_1_7_2094,-2.1102355,5.656069
c_1_7_2095,-1.196071,-1.6481829
c_1_7_2096,-1.440908,2.5876226
c_1_7_2097,-0.734093,1.9400939
c_1_7_2098,0.24823627,-2.331399
c_1_7_2099,0.77358407,-2.2003329
c_1_7_2100,-1.1294439,2.7016563
c_1_7_2101,-1.9577502,4.297079
c_1_7_2102,-0.7848561,2.6736357
c_1_7_2103,-0.4587665,-1.334788
c_1_7_2104,-0.01781878,-2.0332596
c_1_7_2105,-2.0461333,5.4449573
c_1_7_2106,-0.8003088,2.8755233
c_1_7_2107,-2.2751987,-3.09328
c_1_7_2108,-1.1403564,0.36496547
c_1_7_2109,-2.157708,-1.0531355
c_1_7_2110,-1.3348607,2.01647
c_1_7_2111,-1.0936029,5.7227244
c_1_7_2112,-1.50817,2.8820415
c_1_7_2113,-1.8721826,5.4207582
c_1_7_2114,-0.46047023,1.4682995
c_1_7_2115,-1.4949331,1.0468311
c_1_7_2116,-1.0832125,5.916685
c_1_7_2117,-0.92890936,3.7356339
c_1_7_2118,-1.2039715,3.3626397
c_1_7_2119,-0.40205923,-1.2327274
c_1_7_2120,-0.8850095,0.35384917
c_1_7_2121,-0.45680678,0.29465526
c_1_7_2122,-0.3342126,0.7828401
c_1_7_2123,-1.9093429,-0.80334175
c_1_7_2124,-1.6070677,4.2432146
c_1_7_2125,0.18484882,0.32096002
c_1_7_2126,-0.76490927,1.9567971
c_1_7_2127,0.80560327,-0.9669333
c_1_7_2128,-0.012125983,0.98066765
c_1_7_2129,-0.6015782,3.0455685
c_1_7_2130,-0.3107443,4.4964476
c_1_7_2131,-1.8371891,0.6787196
c_1_7_2132,0.054088697,2.4732273
c_1_7_2133,-1.2902162,-1.3638885
c_1_7_2134,-1.2203802,4.318756
c_1_7_2135,-0.31657857,4.827809
c_1_7_2136,-0.5273774,2.7833905
c_1_7_2137,-0.8333487,1.8913398
c_1_7_2138,-1.8680773,6.194834
c_1_7_2139,-0.5655367,0.9016085
c_1_7_2140,-0.97237897,3.2319613
c_1_7_2141,-0.7656786,1.7409037
c_1_7_2142,-0.356948,2.6955864
c_1_7_2143,0.25124747,0.8941089
c_1_7_2144,-1.5067477,3.656931
c_1_7_2145,-0.6098787,0.39989263
c_1_7_2146,-1.2143258,-0.7570974
c_1_7_2147,-0.7263045,1.2312583
c_1_7_2148,-0.7092962,2.8119605
c_1_7_2149,-0.73011553,2.9428723
c_1_7_2150,-1.2701259,4.066504
c_1_7_2151,-0.61019576,1.4066201
c_1_7_2152,-1.5911226,2.809616
c_1_7_2153,-0.6475983,3.5007114
c_1_7_2154,-0.36435723,-1.9430715
c_1_7_2155,0.04707055,1.3697582
c_1_7_2156,0.2682849,2.4609246
c_1_7_2157,-0.044764798,-1.956677
c_1_7_2158,-1.9822843,2.7262845
c_1_7_2159,-0.8117845,0.9271238
c_1_7_2160,-1.1578356,-0.71333766
c_1_7_2161,-0.27596268,2.3886716
c_1_7_2162,-0.63918,4.100458
c_1_7_2163,-0.93151677,3.6430507
c_1_7_2164,-0.7516588,3.2501252
c_1_7_2165,-1.8124807,5.1943746
c_1_7_2166,-1.0908004,1.4225886
c_1_7_2167,0.46917287,-1.0568908
c_1_7_2168,-0.87317705,1.8245571
c_1_7_2169,-0.96033365,1.1375189
c_1_7_2170,-1.0586573,1.2985587
c_1_7_2171,-0.4824102,2.7504308
c_1_7_2172,-1.2978693,0.012760421
c_1_7_2173,-1.0102897,0.34492025
c_1_7_2174,-1.116434,7.024086
c_1_7_2175,1.3672549,0.89167124
c_1_7_2176,-1.6315057,4.667029
c_1_7_2177,-1.9022436,2.8738651
c_1_7_2178,-0.3804888,2.0954425
c_1_7_2179,-1.1448145,6.4424467
c_1_7_2180,-0.4177686,-2.3777156
c_1_7_2181,-1.2668949,-1.4353596
c_1_7_2182,0.74087846,-0.4011459
c_1_7_2183,-1.0936836,0.94329476
c_1_7_2184,-0.7709124,0.9550277
c_1_7_2185,0.07152983,2.6252692
c_1_7_2186,-1.0823302,2.7668736
c_1_7_2187,-2.3126485,-0.1655432
c_1_7_2188,-0.13479197,1.9158394
c_1_7_2189,-0.47213477,2.390141
c_1_7_2190,0.76249915,1.2155703
c_1_7_2191,-0.6198643,1.9463781
c_1_7_2192,-1.6441749,0.6936904
c_1_7_2193,-0.3530988,-0.7745353
c_1_7_2194,-0.56983113,1.3966663
c_1_7_2195,-1.2875346,2.899495
c_1_7_2196,0.16602446,-1.9631063
c_1_7_2197,-0.8214198,-0.6452758
c_1_7_2198,-1.3600458,1.8748537
c_1_7_2199,1.4654349,-0.4275645
c_1_7_2200,-1.6094874,3.7460074
c_1_7_2201,-0.5983564,1.9813948
c_1_7_2202,-1.4724575,0.60188454
c_1_7_2203,-0.47264212,1.4972858
c_1_7_2204,-0.36986008,1.483573
c_1_7_2205,-1.6283357,2.9903467
c_1_7_2206,0.2088524,-1.3947073
c_1_7_2207,0.34117645,1.0839455
c_1_7_2208,-0.9393622,1.3427445
c_1_7_2209,-1.4092823,1.8745333
c_1_7_2210,-0.016701344,1.5650105
c_1_7_2211,-0.31465793,2.7914126
c_1_7_2212,-1.3180739,1.432022
c_1_7_2213,-1.3813076,-2.31768
c_1_7_2214,-1.6555827,2.6783454
c_1_7_2215,-0.4615467,3.3054566
c_1_7_2216,-1.5349405,0.5869326
c_1_7_2217,-0.20399071,1.7200618
c_1_7_2218,-0.48402846,1.2979686
c_1_7_2219,0.38409504,-1.682401
c_1_7_2220,-0.65583783,5.865163
c_1_7_2221,-1.3916545,-0.4548143
c_1_7_2222,-0.64137834,2.3558896
c_1_7_2223,-1.0238707,0.82889855
c_1_7_2224,-0.6041466,2.2246315
c_1_7_2225,-0.38946298,-2.174332
c_1_7_2226,-0.8369626,4.202983
c_1_7_2227,-1.0109385,6.8809805
c_1_7_2228,-1.1352724,0.5260552
c_1_7_2229,-1.1436734,-1.1301743
c_1_7_2230,-0.36459577,3.3125138
c_1_7_2231,-0.45090938,-0.8225835
c_1_7_2232,-1.5549067,2.0085113
c_1_7_2233,1.036359,-3.1226301
c_1_7_2234,-2.1170342,-2.073432
c_1_7_2235,-0.30799612,1.540948
c_1_7_2236,-0.053446442,5.6485834
c_1_7_2237,0.04423951,1.5896492
c_1_7_2238,-1.4709485,-0.60880715
c_1_7_2239,0.38209093,0.44117326
c_1_7_2240,-2.1853685,0.124254905
c_1_7_2241,-0.6096946,0.49699983
c_1_7_2242,1.2154319,0.18036634
c_1_7_2243,0.35426477,0.98150826
c_1_7_2244,-0.7717316,-0.5404272
c_1_7_2245,-1.5158335,2.131345
c_1_7_2246,-0.9387565,-1.1006756
c_1_7_2247,-1.1147497,-1.6806589
c_1_7_2248,-0.15028714,1.6904128
c_1_7_2249,-1.7508429,-1.881016
c_1_7_2250,-0.4793803,-2.0126023
c_1_7_2251,-0.8518273,0.13560125
c_1_7_2252,-1.09711,-0.41036192
c_1_7_2253,-2.4161003,-2.4925177
c_1_7_2254,-0.9171196,0.59005827
c_1_7_2256,1.2667412,-0.7729863
c_1_7_2258,-0.4864208,-0.96470165
c_1_7_2259,-0.766768,4.402088
c_1_7_2260,-1.1129974,3.9116166
c_1_7_2261,0.34717014,-1.0214746
c_1_7_2262,-1.5030754,2.6600854
c_1_7_2263,-1.6544645,-1.0777301
c_1_7_2264,-1.0743085,0.90014285
c_1_7_2265,0.13578667,0.43471777
c_1_7_2266,-1.3935628,1.3106409
c_1_7_2267,1.2503765,-0.05566581
c_1_7_2268,-0.5571215,-0.63120204
c_1_7_2269,-1.4765102,4.101506
c_1_7_2270,-1.1964079,3.6385942
c_1_7_2271,-1.5234867,-1.1250963
c_1_7_2272,-1.7065859,-3.9753022
c_1_7_2273,-0.5337216,-1.5860839
c_1_7_2274,-1.9726171,-0.3060514
c_1_7_2276,-0.46539608,1.3648951
c_1_7_2277,1.1606857,2.4469786
c_1_7_2279,-0.7130741,1.4246022
c_1_7_2280,0.79711163,-3.1546938
c_1_7_2281,-0.45556498,0.5619347
c_1_7_2282,-0.75662106,2.0045705
c_1_7_2283,-0.51035243,1.5383192
c_1_7_2284,0.2673325,-0.4362303
c_1_7_2285,-0.70064515,-1.0599548
c_1_7_2286,-1.3313422,3.8057818
c_1_7_2287,-0.496754,3.901806
c_1_7_2288,1.111729,7.6545
c_1_7_2289,-1.7256361,-2.4504085
c_1_7_2290,-1.6007679,-2.2524571
c_1_7_2291,-0.8074054,0.987257
c_1_7_2292,-1.26848,1.8478111
c_1_7_2293,-1.9766214,0.46294796
c_1_7_2294,-0.72255117,2.8698394
c_1_7_2296,0.1085351,2.3111308
c_1_7_2297,-1.1979405,-1.3392744
c_1_7_2298,-0.77006435,3.495177
c_1_7_2299,-0.10382805,-0.54120505
c_1_7_2300,-0.7634747,-0.6537396
c_1_7_2301,-0.7523179,0.9520399
c_1_7_2302,1.2493292,-1.9645103
c_1_7_2303,-1.8285471,-1.2122822
c_1_7_2304,-1.1125889,-1.5319531
c_1_7_2305,-0.7046205,-2.8042734
c_1_7_2306,-2.066954,-2.6527324
c_1_7_2307,-0.66431504,-0.13306728
c_1_7_2308,-1.0034525,2.6524
c_1_7_2309,-0.7904938,-2.1611443
c_1_7_2310,-0.37463096,0.80813706
c_1_7_2311,1.2124093,2.2313685
c_1_7_2312,-0.91509515,-0.27140528
c_1_7_2313,0.65384126,-2.2207396
c_1_7_2314,0.2133605,-0.1712533
c_1_7_2315,-1.5300387,-0.19573848
c_1_7_2316,-0.5090676,1.431144
c_1_7_2317,-0.70364624,0.36312768
c_1_7_2318,0.6795858,0.02679826
c_1_7_2319,-0.3746811,-2.7885306
c_1_7_2320,-1.5671542,-0.66986966
c_1_7_2321,-1.0535772,-0.06254175
c_1_7_2322,-0.12389394,3.627659
c_1_7_2323,0.88357747,-1.7580138
c_1_7_2324,-0.5582291,1.0309641
c_1_7_2325,-1.7533209,-1.4034066
c_1_7_2326,-0.41284284,-1.4302528
c_1_7_2327,0.20395666,-0.12311993
c_1_7_2328,0.7512661,-0.517898
c_1_7_2329,0.118867226,1.0499905
c_1_7_2330,-0.17495745,-0.09597562
c_1_7_2331,0.021745503,0.14831872
c_1_7_2332,-2.7221987,-1.5595568
c_1_7_2333,-0.52117336,-1.59796
c_1_7_2334,1.3761407,0.6356168
c_1_7_2335,-0.45882112,0.06333571
c_1_7_2336,0.35857788,-0.12464205
c_1_7_2337,1.237509,0.86195695
c_1_7_2338,-0.9883067,-1.4166671
c_1_7_2339,-0.9676836,-0.62811035
c_1_7_2340,-1.3376696,-0.46026355
c_1_7_2341,0.2717691,-0.89335835
c_1_7_2342,0.00022344272,-0.433193
c_1_7_2343,-1.1670254,-0.711715
c_1_7_2344,-0.21666506,-1.009438
c_1_7_2345,-1.7116495,-2.2666562
c_1_7_2346,-1.7436934,-0.037511025
c_1_7_2347,-1.1274127,0.54168653
c_1_7_2348,0.23721342,0.045953438
c_1_7_2349,-1.7515826,-1.2985069
c_1_7_2350,-1.2931988,-1.1813405
c_1_7_2351,-0.5519676,-0.82680464
c_1_7_2352,-2.3752158,-2.311591
c_1_7_2353,-1.6500534,-0.9814984
c_1_7_2354,-1.0426829,-2.5753777
c_1_7_2355,-1.8338931,-1.3759768
c_1_7_2356,-0.38662088,-1.5069379
c_1_7_2357,-0.31657854,0.036797006
c_1_7_2358,-0.1903435,-0.92741907
c_1_7_2359,-0.4982145,1.1913425
c_1_7_2360,-0.032607596,-1.3335061
c_1_7_2361,-1.4049773,-1.5822648
c_1_7_2362,-0.48084474,-0.9007883
c_1_7_2363,0.34340167,-1.06531
c_1_7_2364,-0.37656358,-2.3402307
c_1_7_2365,-1.889544,0.70998466
c_1_7_2366,-0.59702355,0.11139116
c_1_7_2367,0.88601744,0.4367497
c_1_7_2368,1.3418809,-0.9145146
c_1_7_2369,-1.3256129,0.15626387
c_1_7_2370,-0.21402082,0.13971652
c_1_7_2371,-0.50602365,-0.89438796
c_1_7_2372,-0.9157686,-1.3103687
c_1_7_2373,-2.5652177,-2.117194
c_1_7_2374,0.23659885,-0.5417124
c_1_7_2375,-1.1878196,1.0630857
c_1_7_2376,-1.2398838,1.4130477
c_1_7_2377,0.12059973,0.5125033
c_1_7_2378,0.0433319,-0.16467534
c_1_7_2379,-1.2966335,0.09316983
c_1_7_2380,-2.0540538,1.9407574
c_1_8_1,-0.5653408,-0.43952823
c_1_8_2,0.17247997,0.476284
c_1_8_3,3.8578594,-0.18291181
c_1_8_4,-0.20673785,-1.0181814
c_1_8_5,2.204325,-2.1819994
c_1_8_6,-0.84859747,-0.088131234
c_1_8_7,6.4415793,2.1772861
c_1_8_8,0.5976713,-0.30582035
c_1_8_9,1.7896445,-1.865892
c_1_8_10,5.817252,0.23611124
c_1_8_11,3.7313118,0.61078775
c_1_8_12,0.4482976,-1.4670898
c_1_8_14,0.94790757,0.62541974
c_1_8_15,5.795889,-0.2006216
c_1_8_16,4.9055243,0.09986261
c_1_8_17,1.0013074,0.16935468
c_1_8_18,-1.0521764,-0.06372006
c_1_8_19,6.9177027,-1.299316
c_1_8_20,5.295659,-0.1814651
c_1_8_21,3.0486176,0.023758313
c_1_8_22,3.8534834,-0.016245225
c_1_8_23,3.2625785,-0.36656836
c_1_8_24,-0.7419789,-0.09636082
c_1_8_25,4.967122,1.463971
c_1_8_26,2.0801349,-0.10782779
c_1_8_27,-0.86050874,0.062742665
c_1_8_28,3.219951,0.48621294
c_1_8_29,3.875332,0.3285365
c_1_8_30,4.0869675,1.822401
c_1_8_31,5.4534655,-1.1099597
c_1_8_32,-0.06745426,-1.415646
c_1_8_33,5.188915,-0.2388158
c_1_8_34,3.6866324,-1.9414984
c_1_8_35,1.6555098,1.4721203
c_1_8_36,5.98455,0.26960522
c_1_8_37,-0.5207119,-0.98488945
c_1_8_38,3.733797,0.4240938
c_1_8_40,3.3152633,0.12612924
c_1_8_41,6.2425756,0.030174244
c_1_8_42,0.52912396,-0.19327377
c_1_8_43,0.8942601,0.5196665
c_1_8_44,3.0484278,1.9143058
c_1_8_45,2.5187664,-0.48066413
c_1_8_47,-0.9573172,-0.46473217
c_1_8_48,-0.4756892,-1.6178402
c_1_8_49,1.5691736,1.6518505
c_1_8_50,7.875465,0.7918965
c_1_8_51,7.8337765,0.36578342
c_1_8_52,-0.20073484,-2.1535645
c_1_8_53,4.8005557,1.3969212
c_1_8_54,-1.1975172,-0.38572723
c_1_8_55,1.2417519,0.24304475
c_1_8_56,0.6342841,-1.8536495
c_1_8_57,-0.49531803,-1.1228226
c_1_8_58,2.2784896,-0.8941458
c_1_8_59,-0.5877435,-0.923497
c_1_8_60,2.3747764,-0.831419
c_1_8_61,6.4910307,-0.51138896
c_1_8_62,0.5222917,-1.7919366
c_1_8_63,1.4597894,-2.7731276
c_1_8_64,2.4957159,1.6327155
c_1_8_66,0.5741966,-0.04856336
c_1_8_67,1.6661196,-1.4840468
c_1_8_68,-0.8269773,0.4997965
c_1_8_69,4.734613,-0.2800665
c_1_8_70,3.8684955,-0.36540392
c_1_8_71,1.1648158,-1.1733919
c_1_8_72,4.546939,2.200092
c_1_8_73,6.2845654,-0.29306093
c_1_8_74,-0.9177638,-0.40152484
c_1_8_75,-1.444905,-0.6774669
c_1_8_76,2.7671835,-1.1985809
c_1_8_77,6.936663,0.6267066
c_1_8_78,0.077318124,-1.3532853
c_1_8_81,4.2325287,-0.85579175
c_1_8_82,6.8846807,-0.7821507
c_1_8_83,-0.8766742,-0.7280123
c_1_8_84,2.104839,-0.6185621
c_1_8_85,1.2612227,-1.3010322
c_1_8_86,3.8425186,-0.56668067
c_1_8_87,-1.079041,-0.797472
c_1_8_88,4.3093376,-0.46553648
c_1_8_91,6.2716446,0.07797534
c_1_8_92,-1.2858604,-0.4074702
c_1_8_94,6.354811,-0.28200057
c_1_8_96,1.0593151,-1.3116559
c_1_8_97,0.042772382,-0.94025683
c_1_8_99,5.250428,1.1213346
c_1_8_101,2.480666,-0.28982404
c_1_8_102,5.948253,-0.622164
c_1_8_103,0.8712984,-1.1497365
c_1_8_104,-1.0969484,0.69828314
c_1_8_105,-0.5395631,-1.1751715
c_1_8_106,-0.78000927,1.4473364
c_1_8_107,-0.88545245,-1.798304
c_1_8_108,-0.74263567,1.2203753
c_1_8_109,-1.5141312,-1.4680717
c_1_8_110,5.2648277,0.38907275
c_1_8_111,0.25937322,-2.6859746
c_1_8_112,0.7362419,0.2075916
c_1_8_113,0.63437706,-0.57150596
c_1_8_114,-0.20589738,-1.4885713
c_1_8_115,-0.4120499,-1.0403769
c_1_8_116,-0.49513546,0.13110812
c_1_8_118,0.06419886,-1.0097063
c_1_8_120,8.442062,-1.1144685
c_1_8_122,0.6067148,-0.8467002
c_1_8_124,-0.8318983,-0.012155791
c_1_8_125,-0.6282932,-0.64960045
c_1_8_126,1.3285097,0.027483655
c_1_8_127,0.46440196,-0.21849714
c_1_8_128,-0.831856,0.12779497
c_1_8_129,-0.36786973,-1.2283748
c_1_8_131,2.2631357,-1.5718637
c_1_8_132,-1.1188418,-1.4320891
c_1_8_133,-0.37913647,-2.0315845
c_1_8_134,5.7148495,0.37169018
c_1_8_135,6.166442,-0.5230365
c_1_8_136,3.5300088,-0.4981046
c_1_8_137,4.38125,-0.29810613
c_1_8_138,0.30316687,-0.39517587
c_1_8_139,4.241308,2.4443305
c_1_8_140,0.19731666,-0.84059364
c_1_8_143,4.534062,-0.5040705
c_1_8_145,3.5186055,0.64536035
c_1_8_146,9.182507,-1.5170642
c_1_8_147,7.608827,0.20269784
c_1_8_148,5.137716,0.33223534
c_1_8_149,6.0224648,-0.19631362
c_1_8_150,6.659696,0.76541764
c_1_8_151,8.464305,-0.36985987
c_1_8_152,7.806288,1.3393528
c_1_8_153,1.2069365,-0.7189392
c_1_8_154,6.6148252,-0.38016132
c_1_8_155,4.534902,-0.5537168
c_1_8_156,5.51514,0.4252174
c_1_8_157,6.7873144,1.1399517
c_1_8_158,6.881568,0.7265102
c_1_8_159,5.3937416,-0.56432956
c_1_8_160,1.3338703,0.09964829
c_1_8_161,5.2586045,0.8494178
c_1_8_162,6.431947,0.46074766
c_1_8_163,4.0064073,-0.38906786
c_1_8_164,-0.0055534746,-0.9539595
c_1_8_165,5.1354747,2.4181776
c_1_8_166,4.390505,0.24461384
c_1_8_167,5.810008,0.11407126
c_1_8_168,6.8650103,1.4726582
c_1_8_169,3.223821,0.3323142
c_1_8_170,0.80843043,-1.7233195
c_1_8_171,5.6759434,-0.0460105
c_1_8_172,3.3779047,-0.11120017
c_1_8_173,6.801866,0.38650933
c_1_8_174,6.955435,1.049171
c_1_8_175,7.6272573,-0.7128884
c_1_8_176,5.3594646,-0.118896194
c_1_8_177,4.589523,0.5829187
c_1_8_178,5.723747,0.19899099
c_1_8_179,6.0834346,0.7636633
c_1_8_180,3.4133627,-2.1584466
c_1_8_181,8.896804,-0.97941434
c_1_8_182,6.4438295,0.60756886
c_1_8_183,5.25532,0.5782942
c_1_8_184,6.869314,0.52276284
c_1_8_185,4.825136,0.71101385
c_1_8_186,6.0248,-0.1363099
c_1_8_187,4.377615,-0.1216362
c_1_8_188,5.9166856,0.99831986
c_1_8_189,5.833092,0.8664821
c_1_8_190,4.7303324,2.9916859
c_1_8_191,4.631684,-0.29822874
c_1_8_192,5.2066927,0.6874652
c_1_8_193,6.601152,1.3503771
c_1_8_194,6.244282,0.8943309
c_1_8_195,6.3426585,-0.6867874
c_1_8_196,5.85734,0.40203634
c_1_8_198,7.1895885,1.5915974
c_1_8_199,1.9431732,-0.66289467
c_1_8_200,6.740214,-1.0797876
c_1_8_201,4.610019,-1.0130422
c_1_8_202,3.0129726,-0.07709656
c_1_8_204,2.6688082,-1.5527287
c_1_8_205,4.1568704,-0.12934507
c_1_8_206,5.741207,1.1207498
c_1_8_207,2.2176871,-1.3360715
c_1_8_208,7.533386,0.03041716
c_1_8_209,5.6495123,0.17716256
c_1_8_210,5.287402,0.9026286
c_1_8_211,0.07787865,-0.12851919
c_1_8_212,5.136213,0.00548986
c_1_8_213,8.913721,-0.1079472
c_1_8_214,5.9722567,-0.43659407
c_1_8_215,6.0338054,0.28029087
c_1_8_216,7.3276024,1.4445721
c_1_8_217,2.809893,0.13876615
c_1_8_218,4.8209715,0.20629677
c_1_8_219,2.0860472,-1.3701427
c_1_8_220,4.880425,-0.5902874
c_1_8_221,3.880663,-0.12864491
c_1_8_222,4.843001,0.8258409
c_1_8_223,3.6979058,-0.002368653
c_1_8_224,1.3422627,-0.91316426
c_1_8_225,4.7351327,1.440731
c_1_8_226,1.6018941,0.5248906
c_1_8_227,3.4320846,0.39174116
c_1_8_228,5.2001386,1.2362847
c_1_8_229,6.4568453,-0.16412522
c_1_8_230,5.021189,1.2826666
c_1_8_231,4.6072593,-0.30097246
c_1_8_232,8.887324,1.4740709
c_1_8_233,4.486056,-1.1437366
c_1_8_234,5.6535735,0.9225574
c_1_8_235,0.52030903,-0.7290068
c_1_8_236,4.211359,0.22834311
c_1_8_237,5.7239423,-0.50213045
c_1_8_238,7.4613013,1.2038629
c_1_8_239,5.2043977,1.0799594
c_1_8_240,5.99219,-0.38157097
c_1_8_241,4.748145,0.011170995
c_1_8_242,3.3628943,0.1977427
c_1_8_243,6.57434,0.28833348
c_1_8_244,5.9624643,0.34601068
c_1_8_245,4.5055313,0.70156074
c_1_8_246,0.4757594,-0.40604454
c_1_8_247,6.0278273,1.2868878
c_1_8_248,4.4500904,1.6576864
c_1_8_249,3.9341855,-0.8900196
c_1_8_250,5.0045543,0.8506331
c_1_8_251,5.2399793,-0.32223347
c_1_8_252,1.5860325,-2.6178715
c_1_8_253,4.7162886,0.7389549
c_1_8_255,5.3146286,0.27668488
c_1_8_256,3.3121915,-0.32906023
c_1_8_257,4.0115814,-1.0241822
c_1_8_258,4.5744963,0.3736805
c_1_8_259,4.593432,-0.0846464
c_1_8_261,5.326512,0.28464043
c_1_8_262,5.922993,-0.8520021
c_1_8_263,1.3873973,-0.94883597
c_1_8_264,5.08936,-0.26936057
c_1_8_265,4.6333003,1.0010067
c_1_8_266,5.7440896,0.27483627
c_1_8_267,3.4452212,-0.071733125
c_1_8_268,2.6177135,-1.0682403
c_1_8_269,6.3240805,-0.7776375
c_1_8_270,5.802243,0.5265332
c_1_8_271,3.5060365,0.19508345
c_1_8_272,0.5269019,-0.75132936
c_1_8_273,5.656518,-0.06411462
c_1_8_274,4.1871114,-0.48071533
c_1_8_275,5.4049077,0.33965093
c_1_8_276,-0.7050741,-0.3789867
c_1_8_277,6.240832,-0.38899085
c_1_8_278,5.3314176,0.6577029
c_1_8_279,2.602463,-0.4093678
c_1_8_280,2.129019,0.7109867
c_1_8_281,3.9847252,1.3297592
c_1_8_282,6.517519,0.23338433
c_1_8_283,5.162604,0.2689956
c_1_8_284,7.5333858,2.6599483
c_1_8_285,11.518714,1.4656583
c_1_8_286,5.370468,0.47047073
c_1_8_287,0.7113783,-0.29475713
c_1_8_288,5.99334,0.6467154
c_1_8_289,3.7012873,0.46600187
c_1_8_290,-0.42579502,-0.28001884
c_1_8_291,4.6018014,0.0720215
c_1_8_292,4.5057116,0.02495735
c_1_8_293,0.03884209,-0.9400471
c_1_8_294,6.420232,-0.7653525
c_1_8_295,5.0373893,0.1935952
c_1_8_296,6.9274807,-0.051086664
c_1_8_297,6.742824,1.1658918
c_1_8_298,6.5975304,-0.6813058
c_1_8_299,9.2399645,1.8779008
c_1_8_300,5.8983874,0.36629364
c_1_8_301,9.03783,3.240786
c_1_8_302,3.7098002,0.84951085
c_1_8_303,3.4383516,0.33961493
c_1_8_304,5.5514035,0.078662015
c_1_8_305,-1.6601332,-0.6507918
c_1_8_306,5.7503853,-0.3458472
c_1_8_307,5.8013024,0.6087738
c_1_8_308,6.670594,1.2457312
c_1_8_309,4.40844,-0.19918323
c_1_8_310,5.8684587,-1.525536
c_1_8_311,6.018313,-0.26845938
c_1_8_312,5.028051,-0.81991315
c_1_8_313,2.2333894,-0.33470723
c_1_8_314,6.038298,-0.17078601
c_1_8_315,3.5615773,-0.49828172
c_1_8_316,6.2812314,1.5569849
c_1_8_318,7.1851335,0.76351684
c_1_8_319,-1.2269889,-0.8250185
c_1_8_320,6.714439,0.36143246
c_1_8_321,6.980086,0.3537904
c_1_8_322,4.6881647,0.3570848
c_1_8_323,4.7726545,0.12829357
c_1_8_324,5.7653203,-0.3601249
c_1_8_325,5.4737983,2.5687935
c_1_8_326,4.63769,0.008929346
c_1_8_327,2.9592218,1.0171158
c_1_8_328,1.582819,-0.049434155
c_1_8_329,4.3120446,-0.4030112
c_1_8_330,8.502883,-0.0812888
c_1_8_331,2.480669,-0.20355497
c_1_8_332,6.061474,0.7363759
c_1_8_333,7.4375253,0.06522469
c_1_8_334,6.7265563,0.71562004
c_1_8_335,10.072219,0.96091014
c_1_8_336,-0.22556084,-0.053882647
c_1_8_337,3.5353763,-0.43087623
c_1_8_338,7.869242,1.4575224
c_1_8_339,6.5522285,-0.8293694
c_1_8_340,5.2909913,0.4785267
c_1_8_342,3.6906672,0.310849
c_1_8_343,-0.2617137,-1.0792584
c_1_8_344,4.300722,1.2289851
c_1_8_345,2.8153558,0.4757487
c_1_8_346,3.0974982,0.8725746
c_1_8_347,2.8181922,0.31196478
c_1_8_348,5.9823136,-0.14662203
c_1_8_349,0.79343826,0.99568397
c_1_8_350,5.2820487,1.7487237
c_1_8_351,4.0195346,0.75617397
c_1_8_352,6.9508924,-0.069064185
c_1_8_353,4.10229,0.04735201
c_1_8_354,2.697754,2.1285305
c_1_8_355,7.116601,-0.09686209
c_1_8_356,2.3888512,-0.020654924
c_1_8_357,0.60089546,-0.19172674
c_1_8_358,7.11683,-0.33368254
c_1_8_359,8.384893,1.5597247
c_1_8_360,4.9874234,1.9078655
c_1_8_361,4.650696,1.4155777
c_1_8_362,-1.305466,-0.09821962
c_1_8_363,4.494709,-1.8460726
c_1_8_364,5.497804,0.12525833
c_1_8_365,1.269772,0.14720835
c_1_8_366,6.9009004,1.5840346
c_1_8_367,7.456929,-0.05981216
c_1_8_368,5.8657966,2.8758037
c_1_8_369,0.8736651,-0.35199443
c_1_8_370,9.015754,2.5278444
c_1_8_371,4.637499,0.49785686
c_1_8_372,5.5444446,0.25791785
c_1_8_373,3.2541864,-0.4790737
c_1_8_374,4.3644547,-0.6266804
c_1_8_375,1.4661669,-1.5279104
c_1_8_376,6.991422,0.45851797
c_1_8_377,4.8850517,0.38838226
c_1_8_378,5.798753,0.22854258
c_1_8_379,5.630641,1.2960216
c_1_8_380,5.0092583,0.035509173
c_1_8_381,6.428992,0.7675413
c_1_8_382,7.2010016,0.91765815
c_1_8_383,3.6936948,0.05413575
c_1_8_384,1.4911718,-2.0479534
c_1_8_385,3.80582,-0.87650883
c_1_8_386,5.2332416,0.44130036
c_1_8_387,8.294309,-0.14604019
c_1_8_388,4.774611,0.15002254
c_1_8_390,9.0052595,-0.4257042
c_1_8_391,6.245491,0.631441
c_1_8_392,-0.64337665,-0.5235132
c_1_8_393,9.934774,-0.07542937
c_1_8_394,7.793825,-1.1364766
c_1_8_395,3.4302497,0.55649877
c_1_8_396,6.060098,0.4695971
c_1_8_397,5.7765355,0.7118957
c_1_8_398,7.8405037,0.113676384
c_1_8_399,4.2574615,-0.1882193
c_1_8_400,9.423887,0.34839153
c_1_8_401,6.366968,-1.0822102
c_1_8_402,3.5291603,-0.82212687
c_1_8_403,10.284931,1.235294
c_1_8_404,7.666961,-0.43097422
c_1_8_405,1.1222328,0.17890848
c_1_8_406,4.188484,-1.6218925
c_1_8_407,8.976798,-0.058611076
c_1_8_408,5.259719,0.12475352
c_1_8_409,12.327139,1.7801452
c_1_8_410,6.9691677,1.8347976
c_1_8_411,4.1550655,0.31165826
c_1_8_412,4.9333997,-1.6233798
c_1_8_413,7.4402742,1.618671
c_1_8_414,2.6162763,-1.4622358
c_1_8_415,7.0216002,1.1040192
c_1_8_416,7.5530148,0.865956
c_1_8_417,2.6031065,0.6201734
c_1_8_418,5.8610015,1.8918364
c_1_8_419,7.0303397,-0.43715167
c_1_8_420,5.5162606,0.4937514
c_1_8_421,0.6377559,-0.4998177
c_1_8_422,4.3144674,-0.10278466
c_1_8_423,11.633588,-0.66841406
c_1_8_424,3.7540185,-0.37670422
c_1_8_425,6.663686,0.8713796
c_1_8_426,7.457559,0.7150561
c_1_8_427,6.04817,-0.04133164
c_1_8_428,9.071505,0.98310375
c_1_8_429,1.0772748,-1.2140734
c_1_8_430,5.536427,0.1592355
c_1_8_431,4.3875337,1.3908322
c_1_8_432,1.6651025,-0.82531285
c_1_8_433,5.998888,1.4935474
c_1_8_434,-0.32742208,-0.6447919
c_1_8_435,5.198464,-0.6859511
c_1_8_436,5.564646,2.1274798
c_1_8_437,5.369461,0.63538337
c_1_8_438,4.3789454,0.76594245
c_1_8_439,3.9727547,-0.2072292
c_1_8_440,4.5359774,-0.39295298
c_1_8_441,5.826947,0.06589188
c_1_8_442,1.3810807,-1.4341708
c_1_8_443,5.3584332,-0.7354396
c_1_8_444,5.699335,-0.23827164
c_1_8_445,5.703361,1.1119276
c_1_8_446,10.590926,2.353115
c_1_8_447,3.336945,-0.5121725
c_1_8_448,5.875195,0.83147526
c_1_8_449,3.9823592,-0.13575444
c_1_8_450,7.730644,-0.43591747
c_1_8_451,7.580472,0.62527084
c_1_8_452,6.776864,0.059322353
c_1_8_453,4.0487247,0.0088088075
c_1_8_454,3.78989,-0.9562934
c_1_8_455,5.881239,1.4239367
c_1_8_456,3.2544785,-2.177012
c_1_8_457,5.7633877,-0.91644806
c_1_8_458,9.45389,0.5854322
c_1_8_459,-0.6746545,-0.32567474
c_1_8_460,8.418014,0.8621536
c_1_8_461,2.7610013,-2.6123304
c_1_8_462,7.071227,1.3759129
c_1_8_464,4.7605624,0.35678372
c_1_8_465,5.1238265,0.19836253
c_1_8_466,7.3614283,0.50519896
c_1_8_467,3.5484617,0.8024188
c_1_8_468,3.4035835,0.6762429
c_1_8_469,2.3257384,-0.020346077
c_1_8_470,4.2071147,1.0640255
c_1_8_471,5.8239756,-0.9312316
c_1_8_472,4.0109096,1.063217
c_1_8_473,5.7379985,-0.16013046
c_1_8_474,5.084578,-0.08130245
c_1_8_475,0.42747715,-0.6345543
c_1_8_476,9.625547,1.1168429
c_1_8_477,9.77971,1.0690142
c_1_8_478,8.658636,0.95914626
c_1_8_479,3.2013066,1.0925548
c_1_8_480,2.485239,1.7104654
c_1_8_481,7.1002855,-2.5723617
c_1_8_482,6.533769,-0.2619463
c_1_8_483,-0.16271622,-0.71276283
c_1_8_484,6.551462,0.99490213
c_1_8_486,4.8592267,0.65315944
c_1_8_487,7.2772293,0.10977892
c_1_8_488,-0.23020753,-0.3532249
c_1_8_489,0.16626619,-1.1366836
c_1_8_490,8.185486,0.9288926
c_1_8_491,3.4943144,0.14788786
c_1_8_492,7.5656805,-0.18745467
c_1_8_493,7.1447034,-0.22161128
c_1_8_494,6.0138674,0.9686321
c_1_8_495,6.206053,1.1612957
c_1_8_496,0.13683106,-1.9824661
c_1_8_497,3.5961967,0.5802354
c_1_8_498,-0.46962145,-0.36673877
c_1_8_499,2.8776658,0.14708847
c_1_8_500,4.654758,-0.3860855
c_1_8_501,8.767268,0.65539265
c_1_8_502,6.971514,0.10857428
c_1_8_503,1.9369944,-0.14481695
c_1_8_504,6.342337,-0.16713366
c_1_8_505,6.1743875,1.6615815
c_1_8_506,5.351282,-0.133145
c_1_8_507,6.540065,0.52082306
c_1_8_508,6.5219617,-0.4491599
c_1_8_509,5.8837476,0.48267975
c_1_8_510,5.8336306,-1.1537353
c_1_8_511,8.072597,1.8383607
c_1_8_512,-0.239978,-0.23701058
c_1_8_513,11.703727,1.3632169
c_1_8_514,6.0517564,-0.9780565
c_1_8_515,6.2855,2.1295743
c_1_8_516,8.785349,0.4881496
c_1_8_517,4.3574743,0.36516976
c_1_8_518,5.858004,0.17598622
c_1_8_519,9.512395,0.7219523
c_1_8_520,6.1222315,-0.079357065
c_1_8_521,1.42736,-0.69296855
c_1_8_522,7.907759,0.44428185
c_1_8_523,1.0173692,0.6747674
c_1_8_524,6.68785,0.26682934
c_1_8_525,4.393427,-0.7641848
c_1_8_526,0.473356,0.1000067
c_1_8_527,3.9210358,1.0138962
c_1_8_528,8.119108,0.20990553
c_1_8_529,10.158384,-0.42714933
c_1_8_530,5.827255,-0.06562438
c_1_8_531,10.19685,0.6303
c_1_8_532,3.0835924,0.8147324
c_1_8_533,4.919898,0.0942195
c_1_8_534,6.8114643,1.2367556
c_1_8_535,4.623509,0.14757432
c_1_8_536,5.3092513,0.25052172
c_1_8_537,0.97356504,-1.0722294
c_1_8_538,4.503942,0.5477581
c_1_8_539,4.1276584,0.03401496
c_1_8_540,4.617175,0.24891663
c_1_8_541,2.2040052,-0.30824584
c_1_8_542,4.4060535,0.91617656
c_1_8_543,1.6757396,-1.1486669
c_1_8_544,2.7631447,-0.5769699
c_1_8_545,4.6178,0.24029383
c_1_8_546,8.615974,0.8993409
c_1_8_547,5.784479,0.3947518
c_1_8_548,0.31821084,0.6443484
c_1_8_549,8.482921,0.6712139
c_1_8_550,5.2197523,0.453183
c_1_8_551,5.2775,0.019982003
c_1_8_552,6.921811,0.5384362
c_1_8_553,4.805229,0.063789696
c_1_8_554,6.056935,-2.6266282
c_1_8_556,0.1464249,-1.065145
c_1_8_557,5.8175354,1.1357857
c_1_8_558,10.173689,1.3678617
c_1_8_559,-0.58394855,-1.3037823
c_1_8_560,5.362716,0.79438746
c_1_8_561,6.4374166,0.4937339
c_1_8_562,5.5152273,0.077053696
c_1_8_563,5.048548,0.5309689
c_1_8_564,8.589362,-0.83243066
c_1_8_565,6.3613873,0.6596712
c_1_8_566,5.939733,-0.36688134
c_1_8_567,3.8003824,0.042452462
c_1_8_568,7.2384243,-0.54266363
c_1_8_569,13.584838,1.1756967
c_1_8_570,2.4241228,-1.3705347
c_1_8_571,8.817079,0.32777393
c_1_8_572,0.08669504,-2.3309774
c_1_8_573,11.774897,0.24270827
c_1_8_574,0.1873333,-0.50296146
c_1_8_575,8.278746,0.67097515
c_1_8_576,7.146091,-0.42695314
c_1_8_577,5.4191008,-0.57839227
c_1_8_578,7.4859776,1.7319047
c_1_8_579,15.965682,0.99507177
c_1_8_580,5.324858,0.5862324
c_1_8_581,4.520638,0.26795742
c_1_8_582,5.2481823,0.9143413
c_1_8_583,4.389341,-0.85739505
c_1_8_584,8.1892185,0.7030519
c_1_8_585,7.633622,0.45133346
c_1_8_586,3.472107,0.53684574
c_1_8_587,3.2609167,-0.55246603
c_1_8_588,1.9506183,-1.6669459
c_1_8_589,5.32435,1.0502361
c_1_8_590,3.3361986,-0.99159175
c_1_8_591,4.3089533,0.6863779
c_1_8_592,4.984417,-0.42108795
c_1_8_593,4.2533054,0.4840614
c_1_8_594,6.1773467,-0.401496
c_1_8_595,9.246302,1.2970526
c_1_8_596,6.297537,0.30537868
c_1_8_597,1.5508934,-1.3087945
c_1_8_598,5.7030067,0.26251376
c_1_8_599,5.183869,-0.012116444
c_1_8_600,11.307278,-0.34414
c_1_8_601,1.8333498,1.104692
c_1_8_602,6.3245196,0.31316245
c_1_8_603,3.3154783,-1.0495217
c_1_8_604,0.5830313,-0.06668434
c_1_8_605,7.610111,0.6072344
c_1_8_606,4.42416,-0.019368242
c_1_8_607,4.7977676,0.8006018
c_1_8_608,4.6018114,0.5238024
c_1_8_609,5.6889477,1.4444934
c_1_8_610,4.863439,-0.046810642
c_1_8_611,6.609978,0.29514128
c_1_8_612,6.604593,1.0528418
c_1_8_613,8.999507,-0.7336014
c_1_8_614,6.0092826,0.38815627
c_1_8_615,6.796379,-0.4626172
c_1_8_616,5.018201,0.37103167
c_1_8_617,1.8743922,2.3817415
c_1_8_618,4.5442824,1.0694941
c_1_8_619,6.6721797,1.8606037
c_1_8_620,6.661669,-0.12503791
c_1_8_621,3.5580943,-0.45169914
c_1_8_622,7.1636753,0.77804184
c_1_8_623,5.3086224,-0.5292626
c_1_8_624,4.324685,0.104298465
c_1_8_625,3.767093,2.2448852
c_1_8_626,5.210066,1.0919265
c_1_8_627,6.582601,0.53293115
c_1_8_628,-0.8055841,2.0176015
c_1_8_629,0.8405274,-1.05773
c_1_8_630,5.889089,1.0671962
c_1_8_631,1.4408045,1.0365742
c_1_8_632,6.3120656,0.98035824
c_1_8_633,4.4610953,0.54388577
c_1_8_634,0.43815345,-0.5683956
c_1_8_635,6.3964453,-0.078469075
c_1_8_636,5.861643,0.9940862
c_1_8_637,3.167055,-0.7155267
c_1_8_638,1.5225657,2.0966315
c_1_8_639,5.503798,0.14778121
c_1_8_640,6.4682627,2.1505384
c_1_8_641,4.5911326,-0.2248823
c_1_8_642,1.9218098,-0.4661624
c_1_8_643,8.013321,0.72530985
c_1_8_644,3.0725486,1.1574954
c_1_8_645,7.7566943,0.973682
c_1_8_646,4.4728703,0.18677266
c_1_8_647,1.4825648,-0.5013502
c_1_8_648,0.24021602,-1.1840857
c_1_8_649,3.0208933,-0.243506
c_1_8_650,5.055004,-0.10576116
c_1_8_651,4.969545,0.25285792
c_1_8_652,6.6157103,-0.2875605
c_1_8_653,7.9018917,0.7873458
c_1_8_654,4.691569,2.9990377
c_1_8_655,-0.3710172,-0.2549729
c_1_8_656,5.9376416,0.21223213
c_1_8_657,5.5483747,1.1847606
c_1_8_658,6.2621017,-0.6895316
c_1_8_659,5.423337,-0.37950712
c_1_8_660,5.8765373,0.31552184
c_1_8_661,3.117132,-1.4172503
c_1_8_662,3.402687,-1.3562943
c_1_8_663,10.553282,2.685421
c_1_8_664,7.268597,0.5755695
c_1_8_665,6.483668,-0.4246312
c_1_8_666,2.1546478,-0.6424606
c_1_8_667,8.275343,0.5355705
c_1_8_668,1.3190342,-1.0694766
c_1_8_669,10.887175,0.63215667
c_1_8_670,-1.2660041,-0.9633405
c_1_8_671,2.1316872,-0.7833689
c_1_8_672,5.6758575,-0.2459083
c_1_8_673,1.0090533,-0.77927226
c_1_8_674,1.8920062,-0.5656825
c_1_8_675,3.9887006,0.98813254
c_1_8_676,4.6067424,1.8643203
c_1_8_677,6.2912188,0.7719869
c_1_8_678,6.3078194,0.49267355
c_1_8_679,5.1003456,-0.6507836
c_1_8_680,3.9965255,0.17320105
c_1_8_681,4.4580097,-0.88285697
c_1_8_682,6.975093,2.5867848
c_1_8_683,4.6751285,0.79331595
c_1_8_684,4.2425866,1.5437036
c_1_8_685,3.345129,-1.1422175
c_1_8_686,4.201541,-0.90427256
c_1_8_687,7.0999117,1.464445
c_1_8_688,5.7114897,-0.19481647
c_1_8_689,4.787382,-0.33825296
c_1_8_690,8.024202,1.3311676
c_1_8_691,-0.1041226,-1.4796783
c_1_8_692,3.7712257,-2.175222
c_1_8_693,2.773093,-0.4553107
c_1_8_694,2.4472892,0.8452162
c_1_8_695,0.3115822,0.23099157
c_1_8_696,0.20702276,0.2450799
c_1_8_697,5.134228,0.5279231
c_1_8_699,0.4431503,-0.9048253
c_1_8_700,3.812996,-0.5431703
c_1_8_701,6.3877473,-0.1253955
c_1_8_702,1.9217873,0.3220211
c_1_8_703,3.4577408,1.3003541
c_1_8_704,6.4246473,-0.562832
c_1_8_705,5.723295,1.6201155
c_1_8_706,3.581499,0.3993262
c_1_8_707,6.441081,0.4345028
c_1_8_708,5.7658105,2.9690025
c_1_8_709,1.6070931,0.020828785
c_1_8_710,1.1187862,0.07467316
c_1_8_711,6.4043527,0.048633363
c_1_8_712,7.6275644,0.1900194
c_1_8_713,0.16517298,1.1882838
c_1_8_714,2.2323744,-0.7973876
c_1_8_715,5.0009956,0.5292237
c_1_8_716,1.3152121,-0.850092
c_1_8_717,0.49718845,-0.15675367
c_1_8_718,-0.80681473,-1.5080982
c_1_8_719,3.8682015,-0.13851206
c_1_8_720,4.6097965,0.49097544
c_1_8_721,2.162577,-0.37276798
c_1_8_722,5.7086844,-0.26594314
c_1_8_723,4.966894,0.41530263
c_1_8_724,2.4668005,-1.3469454
c_1_8_725,0.17772324,0.05508311
c_1_8_726,5.29235,-0.21967278
c_1_8_727,5.6091294,1.7754383
c_1_8_728,6.62245,-0.10322177
c_1_8_729,8.139547,-0.4520636
c_1_8_730,1.423401,0.17408869
c_1_8_731,0.93966365,-0.17259412
c_1_8_732,8.126236,1.1620115
c_1_8_733,6.638798,0.059670348
c_1_8_734,2.4534597,0.89952767
c_1_8_735,3.541815,-1.4754682
c_1_8_736,2.170671,0.16531147
c_1_8_737,5.6288333,-1.4908433
c_1_8_738,7.994491,-0.1271377
c_1_8_739,6.582471,0.2849186
c_1_8_740,4.077538,1.2828865
c_1_8_742,5.11865,-0.26816618
c_1_8_743,8.275285,1.006991
c_1_8_744,6.9491386,0.37402108
c_1_8_745,7.499085,-0.19061363
c_1_8_746,2.9366643,-0.4338132
c_1_8_747,5.9453063,0.24019398
c_1_8_748,9.8090725,1.7836835
c_1_8_749,8.966348,-0.2785528
c_1_8_750,6.240236,0.7152172
c_1_8_751,0.76684964,1.5030711
c_1_8_752,6.7884417,-0.54589677
c_1_8_753,3.873662,0.3203862
c_1_8_754,6.0732203,0.72086936
c_1_8_755,6.696679,-0.08355965
c_1_8_756,6.3936944,0.3124435
c_1_8_757,5.1277633,-0.06416682
c_1_8_758,7.0685115,0.38580537
c_1_8_759,2.7732985,-0.05159199
c_1_8_760,5.982435,0.32451132
c_1_8_761,4.6302805,0.516161
c_1_8_762,6.362921,-0.16549812
c_1_8_763,7.5471773,-0.42994863
c_1_8_764,2.5731478,-1.3918583
c_1_8_765,3.935797,-1.2012061
c_1_8_766,4.9318314,-0.5836094
c_1_8_767,1.0977131,0.61139005
c_1_8_768,7.261899,0.1697021
c_1_8_769,7.0278025,0.4673007
c_1_8_770,2.1229832,-0.4044877
c_1_8_771,-0.1681625,-0.7895874
c_1_8_772,5.148269,0.52741456
c_1_8_773,6.158302,0.36636195
c_1_8_774,3.8727183,0.26022226
c_1_8_775,8.113997,0.67547673
c_1_8_776,6.051735,1.0190356
c_1_8_777,2.380061,0.05865914
c_1_8_778,12.223517,0.8705533
c_1_8_779,5.2326136,0.23803127
c_1_8_780,6.6452675,0.53305316
c_1_8_781,7.699362,0.23009402
c_1_8_782,3.9835873,0.6108206
c_1_8_783,7.4764767,0.5334205
c_1_8_784,8.5650215,-0.7732471
c_1_8_785,5.359591,-0.30490312
c_1_8_786,3.4390225,0.22437401
c_1_8_787,5.851513,-0.67908955
c_1_8_788,5.9716215,-0.10174892
c_1_8_789,6.4142766,0.7215904
c_1_8_790,5.7703514,1.8897535
c_1_8_791,2.7973335,-0.58140135
c_1_8_792,-0.8024469,0.41228622
c_1_8_793,6.8404756,-0.19588238
c_1_8_794,1.1618832,-0.5271246
c_1_8_795,8.572303,0.23929073
c_1_8_796,5.458482,0.03092818
c_1_8_797,6.128668,0.26268288
c_1_8_798,8.082929,-0.29234624
c_1_8_799,5.619799,1.0055643
c_1_8_800,8.079564,0.801052
c_1_8_801,6.9494047,0.9472475
c_1_8_802,6.7325506,0.014796883
c_1_8_803,3.83992,-0.42100823
c_1_8_804,5.7805557,0.25548357
c_1_8_805,0.1574257,-0.58587277
c_1_8_806,-0.77836597,-1.6054965
c_1_8_807,5.3114,-0.0800512
c_1_8_808,6.695785,0.9801619
c_1_8_809,5.2745895,-0.3511393
c_1_8_810,3.6359754,-1.032324
c_1_8_811,2.6139379,-0.83652073
c_1_8_812,7.4305077,1.1960392
c_1_8_813,5.5324116,0.6326938
c_1_8_814,7.0807357,-0.24734543
c_1_8_815,0.64747804,1.2149224
c_1_8_816,6.0568748,0.3896509
c_1_8_817,2.7663171,-0.029332152
c_1_8_818,4.665804,-1.0484741
c_1_8_819,6.4059296,-0.18557887
c_1_8_820,6.0449,-0.0036332828
c_1_8_821,4.7456827,1.3109123
c_1_8_822,7.518703,0.79620945
c_1_8_823,6.018433,1.1141198
c_1_8_824,-0.8906747,-0.17274283
c_1_8_825,-1.0524318,-0.80291283
c_1_8_826,6.7516365,-0.113917395
c_1_8_827,5.754358,-0.22724368
c_1_8_829,4.7348676,-0.1519922
c_1_8_830,6.7017384,1.3860426
c_1_8_831,6.040226,-1.3072209
c_1_8_832,1.1242188,0.77412945
c_1_8_833,7.6243143,-0.10617268
c_1_8_835,-0.6918289,-1.0987643
c_1_8_836,1.4536998,0.90487075
c_1_8_837,-0.856563,0.16386858
c_1_8_838,-0.051863194,-0.8900372
c_1_8_839,4.344038,0.38525346
c_1_8_840,2.1563628,-0.00038194063
c_1_8_841,7.622476,-0.35880485
c_1_8_842,5.5109453,0.017972613
c_1_8_843,3.1964495,0.52422595
c_1_8_844,1.3516152,-1.5450335
c_1_8_845,3.5187783,-1.3526516
c_1_8_846,6.308361,0.077934526
c_1_8_847,0.24499555,-1.1926142
c_1_8_848,3.4495738,-0.14496082
c_1_8_849,1.036708,0.0019803836
c_1_8_850,3.185782,0.5246915
c_1_8_851,2.8483384,0.5595753
c_1_8_852,0.9822392,-1.8305577
c_1_8_853,5.8787575,1.6492509
c_1_8_854,-0.7820185,0.12089895
c_1_8_855,6.6240706,-0.63809043
c_1_8_856,4.498467,-0.0023833313
c_1_8_857,-0.2991583,-1.1004409
c_1_8_858,3.7993102,-0.5515704
c_1_8_859,6.349979,0.67958635
c_1_8_861,3.5614872,-0.75692225
c_1_8_862,1.7644657,-0.78813106
c_1_8_863,2.8549736,-0.09428182
c_1_8_864,2.6418176,-0.38645616
c_1_8_865,5.8363757,-0.0061993897
c_1_8_866,3.561083,-1.4918218
c_1_8_867,7.801987,0.8345403
c_1_8_869,-0.62572914,0.9188134
c_1_8_870,3.8525066,-0.1143265
c_1_8_871,4.2439876,0.7644926
c_1_8_872,4.0582056,-0.7819508
c_1_8_873,2.1671958,-1.3763863
c_1_8_874,1.1658226,0.14490177
c_1_8_875,4.7003064,1.451155
c_1_8_876,5.247666,0.71418864
c_1_8_877,1.0502509,1.9104984
c_1_8_878,8.577352,0.5859813
c_1_8_879,4.6784763,-0.03780963
c_1_8_880,-0.68385416,0.07662275
c_1_8_881,1.3167374,-1.3344815
c_1_8_882,5.3984437,1.7914903
c_1_8_883,0.9306213,-0.09829337
c_1_8_884,6.204152,-0.51032954
c_1_8_885,5.532377,1.4433298
c_1_8_886,3.2899826,-0.43086377
c_1_9_1,9.8927765,0.3330463
c_1_9_5,-0.56561404,-0.72379273
c_1_9_6,-2.4609513,1.8814731
c_1_9_7,-0.878642,-2.4096582
c_1_9_8,8.949587,-0.7140716
c_1_9_9,-0.33404168,-1.6976007
c_1_9_10,-1.3993545,-1.3606311
c_1_9_11,-1.7863859,0.00048576682
c_1_9_12,-0.46558267,-0.86515623
c_1_9_13,1.3654882,-0.047830533
c_1_9_14,-1.6538703,-1.5957857
c_1_9_15,-1.2105467,-1.1479062
c_1_9_16,-0.6984072,-0.9598873
c_1_9_17,1.1540998,-0.038244195
c_1_9_18,-1.0593874,-1.1630653
c_1_9_19,2.8265398,-0.78255093
c_1_9_20,-1.1758282,-0.84357995
c_1_9_21,-1.4629949,-0.4581123
c_1_9_22,-0.25830454,-0.7270823
c_1_9_23,-0.13357905,0.09705116
c_1_9_24,-2.0413823,-0.2236263
c_1_9_25,-1.8752756,-3.8254964
c_1_9_26,2.0547926,-1.1018505
c_1_9_27,-0.38976863,-1.0749241
c_1_9_28,-0.96971226,-0.882082
c_1_9_29,1.0938603,-1.1575837
c_1_9_30,-1.3400965,-0.77013785
c_1_9_31,-0.013395311,-1.4274178
c_1_9_32,-0.026513407,-0.5847888
c_1_9_33,0.20918213,-0.0043363087
c_1_9_34,0.38109118,-1.2426931
c_1_9_35,-0.845798,-2.0010018
c_1_9_36,-1.6058309,0.07652721
c_1_9_37,-1.2892374,-1.5192294
c_1_9_38,-0.0017392681,-0.6278088
c_1_9_39,-0.37990546,-0.48228648
c_1_9_40,-0.38230065,-0.49216884
c_1_9_41,-0.56829035,-1.4860907
c_1_9_42,-1.8338093,-0.24399956
c_1_9_43,-1.0286877,-0.77060044
c_1_9_44,0.24032372,-0.4739618
c_1_9_45,0.8852477,0.06445693
c_1_9_46,0.049184714,0.050634094
c_1_9_47,0.8449221,-1.3415848
c_1_9_48,-1.6618176,-1.0226692
c_1_9_49,1.7609282,-2.8875012
c_1_9_50,-0.34327617,-0.55334103
c_1_9_51,-1.2928277,-1.3355981
c_1_9_52,0.9271196,1.6626338
c_1_9_53,-0.59888726,-0.13136378
c_1_9_54,-0.9447398,-0.63757485
c_1_9_55,-1.7398528,-3.3354123
c_1_9_56,-0.0023021102,-0.40158337
c_1_9_57,0.85772526,-1.4866977
c_1_9_58,0.27600345,-0.45291418
c_1_9_59,-1.351539,-0.6533411
c_1_9_60,-1.404081,1.2526811
c_1_9_61,-1.2713015,-2.0938907
c_1_9_62,-1.5406531,0.050323464
c_1_9_63,0.020389646,-1.154864
c_1_9_64,-0.4184958,-0.717359
c_1_9_65,-1.0193161,-1.0572377
c_1_9_66,-1.6602424,-0.42771563
c_1_9_67,-0.25918096,-1.3232234
c_1_9_68,-1.618509,-0.4189072
c_1_9_69,1.1893383,-0.82343835
c_1_9_70,-1.8274616,2.5947974
c_1_9_71,3.8732684,2.516723
c_1_9_72,-1.1213344,-0.9982197
c_1_9_73,-1.2749788,-0.9025634
c_1_9_74,-0.6104412,-0.7112625
c_1_9_75,-1.2398839,0.72507536
c_1_9_76,1.4083109,-1.1631855
c_1_9_77,-1.165867,-0.22035024
c_1_9_78,-1.0186578,1.4734224
c_1_9_79,-0.40855402,0.44455698
c_1_9_80,-0.17409898,-1.4718949
c_1_9_81,-1.106144,0.22575189
c_1_9_82,-0.176583,0.38122627
c_1_9_83,4.208721,0.3138473
c_1_9_84,-0.87519604,-1.3653449
c_1_9_85,-0.32663423,-0.46379614
c_1_9_86,-0.22658056,-1.4018989
c_1_9_87,0.36648533,-0.74935794
c_1_9_88,-1.2397704,0.04415451
c_1_9_89,-0.21919225,-2.2467477
c_1_9_90,-0.8656482,0.21994077
c_1_9_91,-1.747189,-1.7720191
c_1_9_92,-1.0037223,0.9550521
c_1_9_93,-0.5240058,-1.364464
c_1_9_94,-0.78204376,0.33907837
c_1_9_95,-1.2572178,0.17838578
c_1_9_96,3.7975347,0.6280195
c_1_9_97,-0.56946754,-1.7256353
c_1_9_98,-2.6417954,-2.6929882
c_1_9_99,-1.4189746,0.4095879
c_1_9_100,-0.8057885,-1.3077433
c_1_9_101,-0.9751076,-1.0149845
c_1_9_102,0.091440715,0.30286723
c_1_9_103,-1.0811172,-0.46822473
c_1_9_104,-0.6119529,-0.70371044
c_1_9_105,-0.3223872,-0.94427395
c_1_9_106,0.028138487,-1.187177
c_1_9_107,-0.5945858,-0.68483245
c_1_9_108,0.0076812874,-0.7831345
c_1_9_109,-1.5682273,-2.1612272
c_1_9_110,2.116334,-1.1802121
c_1_9_111,-0.55643904,-2.1946187
c_1_9_112,2.2497683,-1.3791951
c_1_9_113,-1.1734607,-1.272793
c_1_9_114,0.34004214,-0.43236145
c_1_9_115,1.3361443,-0.10891983
c_1_9_116,-0.23187326,-0.8080122
c_1_9_117,-0.06260535,-0.9521486
c_1_9_118,-0.6617152,0.15152553
c_1_9_119,-0.121529505,-1.8057516
c_1_9_120,-0.8634263,1.1895418
c_1_9_121,0.6916898,-0.41272813
c_1_9_122,-1.1481328,-1.2628136
c_1_9_123,-1.6318116,0.823639
c_1_9_124,-0.860521,0.08088858
c_1_9_125,-1.2989172,-1.0250306
c_1_9_126,-1.3934195,-0.26799065
c_1_9_127,-0.8581627,2.0638452
c_1_9_128,0.19009045,-0.9157782
c_1_9_129,-2.2916632,-2.4103284
c_1_9_130,-1.5418823,-0.69276017
c_1_9_131,-1.4165038,-1.0139467
c_1_9_132,-1.4886503,-1.1182059
c_1_9_133,-0.7698616,-1.7643343
c_1_9_134,4.8289824,-0.4126104
c_1_9_135,-0.1988136,-0.12663072
c_1_9_136,0.113380745,-0.8190357
c_1_9_137,-0.9712325,-1.5018221
c_1_9_138,-0.118197046,-0.9039918
c_1_9_139,0.48542738,-1.4780071
c_1_9_140,-0.8179654,-1.8522748
c_1_9_141,-1.1312237,0.09490604
c_1_9_142,-1.7675351,0.17287181
c_1_9_143,3.15702,-1.5393561
c_1_9_144,-0.45530435,-0.36463133
c_1_9_145,-0.6596039,-0.98175406
c_1_9_146,-0.30835614,-1.0901953
c_1_9_147,0.15700017,-1.3385665
c_1_9_149,-1.291058,-0.63352346
c_1_9_150,0.54308695,-0.8568862
c_1_9_151,-0.7694913,0.3690004
c_1_9_152,4.8002152,-0.7238068
c_1_9_153,-0.31078354,-0.41916403
c_1_9_154,-0.8840467,-1.2169737
c_1_9_155,-1.4022979,-0.041818395
c_1_9_156,-1.7593938,-1.7332071
c_1_9_157,-0.5376623,-1.8985046
c_1_9_158,-0.34749523,-0.55638224
c_1_9_159,-0.4481957,-0.9849919
c_1_9_160,-1.1311151,-1.462938
c_1_9_161,-1.0158519,-0.14940272
c_1_9_162,-0.6148926,-1.2808794
c_1_9_163,-0.32698444,-3.8023765
c_1_9_164,-1.0680199,-0.38354778
c_1_9_165,-0.78474885,-0.9048875
c_1_9_166,0.6588052,-1.3228667
c_1_9_167,1.7947905,0.16362894
c_1_9_168,3.8791504,0.6357509
c_1_9_169,-1.2129515,-0.6755987
c_1_9_170,-0.46212366,-0.74028546
c_1_9_171,-0.40919,-0.24412024
c_1_9_172,-0.616297,1.3253448
c_1_9_173,6.304839,1.6034658
c_1_9_174,-0.4225937,-0.49416742
c_1_9_175,-1.0225769,-0.48916686
c_1_9_176,-0.025639681,-0.6910374
c_1_9_177,-1.0710336,-0.7613537
c_1_9_178,-0.9563427,-0.67815983
c_1_9_179,-0.20432526,-0.6884286
c_1_9_180,-1.8409251,-3.2609649
c_1_9_181,0.18286592,-0.54474694
c_1_9_182,0.078633726,-0.7642104
c_1_9_183,-0.12651616,0.7885971
c_1_9_184,-1.5286057,-0.36056754
c_1_9_185,-0.80233884,0.4411904
c_1_9_186,-0.7905498,-1.0762413
c_1_9_187,-1.814517,-0.4609853
c_1_9_189,-0.739315,-0.46343547
c_1_9_190,1.4824302,-1.7844412
c_1_9_191,-0.7361122,-1.0282274
c_1_9_192,-0.63373256,-0.5666082
c_1_9_193,-0.5635201,-1.5484871
c_1_9_194,-0.47787464,-1.8748987
c_1_9_195,-1.1046491,-1.9625943
c_1_9_196,-1.0762448,0.4932305
c_1_9_197,-0.2198131,1.1403745
c_1_9_198,-0.2609555,-1.1519896
c_1_9_199,-0.8586831,0.26223123
c_1_9_200,1.4144112,-0.490829
c_1_9_201,-1.2219408,0.29333928
c_1_9_202,-1.2736568,-1.4754298
c_1_9_203,-0.49009478,-0.0073504164
c_1_9_204,0.45348212,0.22588226
c_1_9_205,-1.1526206,-0.013525656
c_1_9_206,0.13784428,0.27328017
c_1_9_207,-0.6793895,0.370497
c_1_9_209,0.030154433,-0.2221605
c_1_9_210,-1.9222516,1.0027502
c_1_9_211,-0.68215185,-1.2826064
c_1_9_212,-2.2260625,-1.2810057
c_1_9_213,-0.5574522,-0.8974264
c_1_9_214,-1.5292146,0.032583423
c_1_9_215,-0.7332018,0.15306453
c_1_9_216,1.1111603,-0.10827668
c_1_9_217,-0.5467159,-1.2573924
c_1_9_218,-1.78307,0.4591143
c_1_9_219,0.0111256605,-1.1730093
c_1_9_220,-0.48271295,0.12543854
c_1_9_221,-0.19460316,-1.2822593
c_1_9_222,2.0105274,-0.22088078
c_1_9_223,1.8141384,-1.6453241
c_1_9_224,0.09705764,-0.65856314
c_1_9_225,-0.884454,0.32627764
c_1_9_226,0.24378781,-2.0630765
c_1_9_227,-1.8674259,-0.13086815
c_1_9_228,-0.018935537,-0.83526987
c_1_9_229,-0.46592197,-1.2130677
c_1_9_230,-1.9462098,-1.4116446
c_1_9_231,-0.509379,-1.4589033
c_1_9_232,-0.9147498,-1.0414904
c_1_9_233,-0.01677514,0.71931565
c_1_9_234,-0.32031798,-0.5274725
c_1_9_235,-0.73128706,-0.94978774
c_1_9_236,-1.2357082,-0.41264603
c_1_9_237,-1.3915365,0.01975049
c_1_9_239,-0.33160147,-0.88588125
c_1_9_240,-1.8045852,-0.058492903
c_1_9_241,-1.6194749,-0.6858101
c_1_9_242,-0.874055,-0.22704054
c_1_9_243,-1.2875923,-0.74099874
c_1_9_244,0.54538286,-0.26442617
c_1_9_245,1.0244803,-0.1167354
c_1_9_246,-2.0394006,-2.5407832
c_1_9_247,-0.32193944,-0.9782893
c_1_9_248,-0.9023746,0.28570434
c_1_9_249,-1.7098274,0.88685524
c_1_9_250,-1.517118,-1.4912417
c_1_9_251,-0.9968357,-0.04859906
c_1_9_252,-1.3733231,-0.9422887
c_1_9_253,3.5807261,0.14592761
c_1_9_254,0.92440194,-0.99092704
c_1_9_255,-0.2743711,-0.75852555
c_1_9_256,0.3061583,-0.08239139
c_1_9_257,0.20690687,0.02025324
c_1_9_258,-0.88474077,-2.5740628
c_1_9_259,-0.36001772,-1.5850146
c_1_9_260,-0.11523995,-1.1178905
c_1_9_261,0.56315285,0.38512668
c_1_9_262,-0.58834785,-0.37800157
c_1_9_263,-1.6936321,0.04706551
c_1_9_264,-0.26408216,-1.1443807
c_1_9_265,-0.69020724,-1.0296688
c_1_9_266,0.30112985,-1.5672616
c_1_9_267,0.8673527,-0.1254876
c_1_9_268,-1.2254819,0.038530152
c_1_9_269,-1.1407716,-0.85280913
c_1_9_270,-0.5672155,-1.5236744
c_1_9_271,-0.46051258,-0.43499985
c_1_9_273,-1.9497935,-0.58141506
c_1_9_274,3.1693897,-0.19581464
c_1_9_275,4.7630353,-0.7414141
c_1_9_276,-0.2838955,-0.53844744
c_1_9_277,-0.041185092,-0.5871737
c_1_9_278,0.16246249,0.3001988
c_1_9_279,-1.4157605,-1.4251724
c_1_9_280,-0.2526152,0.4232987
c_1_9_281,-0.2126996,1.6097
c_1_9_282,-0.47501197,0.5736546
c_1_9_283,-0.9527377,-1.2665627
c_1_9_284,-1.1866595,1.0283864
c_1_9_285,-0.4164638,0.013331557
c_1_9_286,-0.98586047,-1.2629244
c_1_9_287,-0.8436495,-1.2817682
c_1_9_288,0.015627313,-1.0221771
c_1_9_289,0.55427444,-0.528496
c_1_9_290,-0.70104617,-0.95491534
c_1_9_291,-1.2375909,-1.0989628
c_1_9_292,-0.7804087,-1.0791445
c_1_9_293,0.6537984,-0.44717276
c_1_9_294,1.0991721,-0.075956896
c_1_9_295,-1.2070125,-1.5575604
c_1_9_296,-0.15457322,-1.6504992
c_1_9_297,-0.61361206,-0.99140286
c_1_9_298,-0.68980527,-0.6858163
c_1_9_299,-0.23440185,0.179841
c_1_9_300,-0.6342254,-1.311218
c_1_9_301,-1.5655717,0.115584664
c_1_9_302,0.6189574,0.6131373
c_1_9_303,1.9111449,-0.26325762
c_1_9_304,-1.2868844,-0.25794372
c_1_9_305,2.8734033,0.49784997
c_1_9_307,-1.2738181,-1.0769118
c_1_9_308,-0.34548092,-1.5959637
c_1_9_309,-0.778112,-0.3009789
c_1_9_310,-0.34184733,-0.69680774
c_1_9_311,0.6381464,-0.23287341
c_1_9_312,0.33992612,-1.7980863
c_1_9_313,-0.3724729,-0.52793294
c_1_9_314,-0.7288442,-0.23497501
c_1_9_315,-0.6640808,-0.9566697
c_1_9_316,0.29026243,-0.2622856
c_1_9_317,1.6665356,1.2948254
c_1_9_318,-1.0478393,-0.529706
c_1_9_319,-0.77135444,-1.233251
c_1_9_320,-0.6534129,1.263351
c_1_9_321,-1.7349563,-1.9460293
c_1_9_322,-0.68784577,-0.4994122
c_1_9_323,-0.21058623,-0.9368274
c_1_9_324,-1.6459254,-2.2167442
c_1_9_325,0.40251482,-1.8197386
c_1_9_326,-0.43145242,-3.1580634
c_1_9_327,3.2274778,1.3354592
c_1_9_328,0.23437998,-1.3611403
c_1_9_329,-3.1153214,-2.7158244
c_1_9_330,0.29526648,-0.6796346
c_1_9_331,0.78672737,-0.4735137
c_1_9_332,2.3794234,0.50639075
c_1_9_333,1.1782496,-2.1640544
c_1_9_334,-1.3499919,-0.6898616
c_1_9_335,-0.7449022,-1.8108104
c_1_9_336,-1.1042044,-2.42504
c_1_9_338,-1.9155746,-0.33846527
c_1_9_339,0.14601612,-1.1245303
c_1_9_340,-1.989973,-0.6204941
c_1_9_342,1.9485769,-0.5464943
c_1_9_343,9.606885,1.5291756
c_1_9_344,-0.21523125,-1.203529
c_1_9_345,-1.717765,-0.12236856
c_1_9_346,-0.7373308,-1.502649
c_1_9_347,0.046100564,-1.584305
c_1_9_348,0.63737327,-0.92126423
c_1_9_349,-0.87662035,-2.1092954
c_1_9_350,0.15553959,-1.148835
c_1_9_351,3.6025963,1.4831531
c_1_9_352,0.18291715,0.34249133
c_1_9_353,-0.06684136,-1.6095141
c_1_9_354,-1.120557,0.27284747
c_1_9_355,-1.8304124,-2.6496925
c_1_9_356,5.978835,0.6530114
c_1_9_357,1.6302737,0.41205984
c_1_9_358,0.004133156,-0.18352185
c_1_9_359,0.5553519,-1.595699
c_1_9_360,0.82510155,-0.62832206
c_1_9_361,-2.0970368,-2.561294
c_1_9_362,-0.41182008,-2.3004892
c_1_9_363,-0.6279689,-1.0453355
c_1_9_365,-2.76312,-2.9358618
c_1_9_366,-0.5024244,-0.87552017
c_1_9_367,0.930611,-1.2200426
c_1_9_368,-2.020994,-1.333084
c_1_9_369,-1.2397346,-1.4647688
c_1_9_370,-1.7304004,-3.079026
c_1_9_372,0.2096818,-0.8910697
c_1_9_373,-0.7424554,-1.3576719
c_1_9_374,-1.8683962,-0.39199567
c_1_9_375,-0.25685602,-0.8258066
c_1_9_376,-2.2579267,-0.88863593
c_1_9_377,-1.5178745,-0.6569484
c_1_9_378,-0.6830835,-1.0170664
c_1_9_379,-0.9551234,-1.5047287
c_1_9_380,0.5854884,-0.026983174
c_1_9_381,-1.0032127,0.37280348
c_1_9_382,-0.30510166,-0.5497019
c_1_9_383,4.2060485,-2.3322642
c_1_9_384,0.034398563,-0.22450815
c_1_9_385,-1.4808269,0.23838642
c_1_9_386,0.12619254,-0.5555236
c_1_9_387,-0.7773853,-0.44071367
c_1_9_388,-2.1976037,-3.3869336
c_1_9_389,-0.9172158,0.08431945
c_1_9_390,-1.533381,-0.52116513
c_1_9_391,-0.065339305,-0.118678376
c_1_9_393,-1.3172354,-1.8113211
c_1_9_394,0.70060086,-0.8263344
c_1_9_395,-0.9062164,-0.93556947
c_1_9_397,-0.80235356,-1.1270221
c_1_9_398,-1.714062,-0.5792846
c_1_9_402,0.073343284,-0.86556005
c_1_9_405,-0.6112609,-0.14829214
c_1_9_407,-1.2530518,-0.24238527
c_1_9_409,-0.35293958,-0.99861646
c_1_9_410,-0.8827688,-0.84838516
c_1_9_411,0.55968946,-0.25913766
c_1_9_412,-0.41811028,-1.9502509
c_1_9_413,0.26951167,-0.699814
c_1_9_414,-0.1101832,-0.88754445
c_1_9_415,3.1231594,-0.6784717
c_1_9_416,-0.26150146,1.3614136
c_1_9_417,-1.6663527,-0.82976514
c_1_9_418,0.39935803,-0.11121645
c_1_9_419,0.4126785,-1.7580222
c_1_9_420,-0.11927631,0.9143721
c_1_9_421,0.63753486,-0.68294215
c_1_9_422,-0.74600667,-0.40767616
c_1_9_423,-1.6091878,0.32930374
c_1_9_424,-1.5892502,-0.04089269
c_1_9_425,0.584323,1.0113112
c_1_9_426,-1.830589,-0.013678724
c_1_9_427,-0.36297905,0.5410397
c_1_9_428,-0.42258358,-2.637064
c_1_9_429,-0.49754688,-0.60665613
c_1_9_430,-2.0930078,1.3492868
c_1_9_431,-1.1845396,-1.7232466
c_1_9_432,-1.4230984,-0.764941
c_1_9_433,-0.819016,0.24988127
c_1_9_434,-0.48126584,0.29988766
c_1_9_435,-0.654827,-1.4358981
c_1_9_436,1.3995088,-1.1069386
c_1_9_437,-0.9407084,-0.56198823
c_1_9_438,-1.0689778,-2.083089
c_1_9_439,-0.46969166,-0.9942935
c_1_9_440,-0.6925321,1.3020055
c_1_9_441,-0.115410395,-0.47401562
c_1_9_442,-0.53448844,0.054195996
c_1_9_443,-0.13803948,1.4867108
c_1_9_444,0.06951148,0.26528743
c_1_9_445,5.352425,0.6612985
c_1_9_446,-0.18233365,-0.98404026
c_1_9_447,-0.86707723,-1.0115304
c_1_9_448,-1.3350761,-1.6081808
c_1_9_449,-2.1108227,0.24168676
c_1_9_450,-1.4211345,0.09579898
c_1_9_451,-1.3938497,-0.28210673
c_1_9_452,-0.42479232,-0.81090516
c_1_9_453,2.0781224,0.60315424
c_1_9_454,0.7379942,-1.754939
c_1_9_455,0.21732314,-1.0334585
c_1_9_456,-1.6839828,-0.27603376
c_1_9_457,-0.77438843,-0.52021503
c_1_9_458,-0.2369294,0.7806038
c_1_9_459,-1.778551,-2.742482
c_1_9_460,-0.8220813,-1.5169705
c_1_9_461,0.17026663,-1.4966303
c_1_9_462,-0.6516259,-1.056953
c_1_9_463,-0.591094,-0.89539933
c_1_9_464,-0.24701315,-1.5090522
c_1_9_465,-0.31086168,-1.0119233
c_1_9_466,-1.1156684,0.48098645
c_1_9_467,1.6303122,-0.81856394
c_1_9_468,-0.36105052,-0.029826848
c_1_9_469,-0.25557536,-0.84255284
c_1_9_470,-1.338629,0.80861944
c_1_9_471,-0.61399543,-0.6653878
c_1_9_472,3.3885026,0.07435279
c_1_9_473,-0.18825404,-1.1257392
c_1_9_474,2.018788,-0.90166306
c_1_9_475,-1.0674136,0.2851506
c_1_9_476,-0.6327721,0.073013745
c_1_9_477,-1.3689659,0.43096563
c_1_9_478,-0.29736403,-0.71487117
c_1_9_479,-1.1408566,0.24243142
c_1_9_480,0.5350012,-0.3921205
c_1_9_481,-0.9207784,-0.24672525
c_1_9_482,-0.5071054,-1.6970359
c_1_9_483,1.0340265,0.65098834
c_1_9_484,-1.4345107,1.6617864
c_1_9_485,0.54902864,-2.7497654
c_1_9_486,1.4935387,-0.75868624
c_1_9_487,-1.0106506,-1.3286875
c_1_9_488,-0.35593268,-2.5279176
c_1_9_489,-1.1420023,-0.61549455
c_1_9_490,0.25255546,-0.7823388
c_1_9_491,-1.2645582,-1.3573922
c_1_9_492,-1.815989,-0.69537365
c_1_9_493,-1.0810677,-1.4802603
c_1_9_494,0.4342778,0.1283364
c_1_9_495,-2.1910195,-1.8802776
c_1_9_496,-0.9824623,0.10086768
c_1_9_497,-1.0926219,-0.5037874
c_1_9_498,0.9170343,-0.98453563
c_1_9_499,3.5269172,-1.1644229
c_1_9_500,-1.1825819,-0.8465742
c_1_9_502,-1.3242455,-1.0887259
c_1_9_503,-1.3911196,0.9016245
c_1_9_504,4.6839023,-0.17357785
c_1_9_505,0.09061875,-0.60813594
c_1_9_506,-1.5321077,-0.19183944
c_1_9_507,-1.4633934,-0.10924657
c_1_9_508,5.562503,0.6588151
c_1_9_509,-1.0050256,0.45533982
c_1_9_510,-0.4143019,0.01879449
c_1_9_511,-0.80934983,-1.179695
c_1_9_512,0.9252398,-0.62099195
c_1_9_513,0.013892132,-0.4425116
c_1_9_514,0.28449002,0.10327108
c_1_9_515,-1.3966982,0.33312696
c_1_9_516,0.1431898,0.54699886
c_1_9_517,0.48010513,-1.2135495
c_1_9_518,-0.7374763,-0.4262075
c_1_9_520,0.09563361,0.41439843
c_1_9_521,3.6872385,0.023022916
c_1_9_522,-1.207798,1.3411833
c_1_9_523,-0.6534011,-0.6733548
c_1_9_524,-0.3552555,-1.0678813
c_1_9_525,-0.24537933,-1.2956401
c_1_9_526,-0.18711667,-1.0411532
c_1_9_527,3.139701,-1.5572146
c_1_9_528,0.704622,0.3175038
c_1_9_529,-1.8560627,-1.507863
c_1_9_530,-0.9816032,-1.288296
c_1_9_531,6.6464314,1.1759262
c_1_9_532,-0.5660088,-0.99433833
c_1_9_533,-0.49291673,0.5579149
c_1_9_534,-0.6427289,-2.23727
c_1_9_535,-0.8097994,3.3224902
c_1_9_536,-2.165383,-1.1558458
c_1_9_537,0.31697732,-1.1201026
c_1_9_538,0.23457497,-0.45979404
c_1_9_539,-1.8266778,-2.177075
c_1_9_540,5.0402236,-0.9330038
c_1_9_541,-1.1890919,-0.84285253
c_1_9_542,-0.78480387,-0.7865798
c_1_9_543,-1.8249302,-0.63185465
c_1_9_544,-1.157768,-0.56293714
c_1_9_545,-0.26566553,-0.8040758
c_1_9_546,-1.0662167,0.032844033
c_1_9_548,-0.80848694,-1.63187
c_1_9_549,-0.9887061,-1.6143308
c_1_9_550,-1.5818237,0.14506716
c_1_9_551,-0.9935087,0.03946991
c_1_9_552,-0.34705976,0.12581682
c_1_9_553,-1.1969037,-1.0051508
c_1_9_554,3.7593017,-0.1803961
c_1_9_555,-1.2236756,-1.0315157
c_1_9_556,-1.3933147,-1.674568
c_1_9_557,0.22357531,-1.5504895
c_1_9_558,0.15211105,0.42409697
c_1_9_560,-1.4508559,-3.0571046
c_1_9_561,3.6680508,1.0336837
c_1_9_562,-0.7275968,-1.4368589
c_1_9_563,1.6803546,-0.17408162
c_1_9_564,-1.3090125,0.7654189
c_1_9_565,-1.518665,-1.6777997
c_1_9_566,0.11570835,0.044907216
c_1_9_567,-1.3097535,0.039383654
c_1_9_568,0.67406553,0.09336526
c_1_9_569,0.16831604,1.1152244
c_1_9_571,1.1090107,-1.4594125
c_1_9_572,-0.017522238,-1.46675
c_1_9_573,-0.7197633,-0.5215272
c_1_9_575,-0.44401255,-0.26187983
c_1_9_576,-0.35048848,-0.7922989
c_1_9_577,0.24466832,-0.6189467
c_1_9_578,-0.4984072,-1.3357259
c_1_9_579,-0.7449973,-1.6534461
c_1_9_580,-1.2327766,1.8651352
c_1_9_581,-0.22257528,-0.9251462
c_1_9_582,-1.231707,-0.92899203
c_1_9_583,-0.07527405,-1.2677697
c_1_9_585,-1.7138244,-1.1343795
c_1_9_586,-1.445745,-0.39673725
c_1_9_587,2.4946756,-0.8992382
c_1_9_588,-1.8279243,-1.3495114
c_1_9_589,0.8796029,-0.3522513
c_1_9_590,-0.5701935,-2.006411
c_1_9_591,-0.31280643,-1.8719645
c_1_9_592,-0.64913166,-1.1709348
c_1_9_593,-0.054094847,-1.2541108
c_1_9_595,-1.9971176,-1.9347624
c_1_9_596,-1.6477587,-1.1319567
c_1_9_597,-0.5901078,-0.0338613
c_1_9_598,-0.7894775,-0.005940866
c_1_9_599,-1.0169084,-0.7869475
c_1_9_600,0.76634467,-0.26279956
c_1_9_601,-2.1716337,-1.1692836
c_1_9_602,-1.347635,-0.6676099
c_1_9_603,0.29572055,-0.49141508
c_1_9_604,0.6517756,1.3444612
c_1_9_605,-0.19163388,-0.91098964
c_1_9_606,-0.5464384,-1.574022
c_1_9_607,2.491008,0.749044
c_1_9_608,-0.832544,-2.6512816
c_1_9_609,-1.1982552,3.6573637
c_1_9_610,5.488738,0.06972831
c_1_9_611,-0.8230638,-1.4444715
c_1_9_612,0.103013925,-1.301812
c_1_9_613,1.1862301,0.5800525
c_1_9_614,-1.7035028,-1.8100797
c_1_9_615,0.47143048,-0.06333678
c_1_9_616,-1.6597364,-0.8751972
c_1_9_617,0.1856805,0.94806504
c_1_9_618,6.9946594,1.722419
c_1_9_619,-1.1344538,1.2955078
c_1_9_620,0.407207,-0.58589643
c_1_9_621,-1.1655365,-1.3091651
c_1_9_622,1.0614591,0.5351683
c_1_9_623,-0.48004532,-0.1322441
c_1_9_624,-0.9529973,-0.79823536
c_1_9_625,-0.0022901392,-0.46773416
c_1_9_626,-0.12949912,-0.41392738
c_1_9_627,2.3607407,1.2112749
c_1_9_628,-0.3824497,0.25369263
c_1_9_629,-0.88906765,-0.76573193
c_1_9_630,2.12534,0.43458566
c_1_9_631,-0.8207498,-1.1025867
c_1_9_632,-0.41382137,0.21106447
c_1_9_633,-1.5073488,-2.1004236
c_1_9_634,-0.07912219,-1.6172271
c_1_9_635,-0.65201324,0.25987217
c_1_9_636,-0.9406275,-1.9217105
c_1_9_637,0.9457629,-0.636683
c_1_9_638,-0.36569282,0.46744737
c_1_9_639,0.8543147,-0.96523464
c_1_9_640,3.6879988,-0.21324532
c_1_9_641,-1.3040129,0.19708148
c_1_9_642,0.048919253,-0.38966286
c_1_9_644,0.14080262,-0.9001809
c_1_9_645,-0.026568476,-0.24952765
c_1_9_646,4.1378098,0.19048227
c_1_9_647,-0.4947016,-0.9656646
c_1_9_648,-1.7083882,-1.9553227
c_1_9_649,-0.761073,-1.1719974
c_1_9_650,-0.41834497,-0.6658978
c_1_9_651,1.2569206,-0.2729096
c_1_9_652,-0.5862079,-0.5944079
c_1_9_653,-0.6928244,-1.4152776
c_1_9_654,-0.7107944,-2.6275826
c_1_9_655,0.3887779,-1.0005723
c_1_9_656,-0.9597401,0.25146356
c_1_9_657,-0.7381659,0.5302354
c_1_9_658,-0.9098075,-0.696765
c_1_9_659,3.0166006,0.35600656
c_1_9_660,0.39701846,-1.9191527
c_1_9_661,-0.7314315,0.18424442
c_1_9_662,-0.5552328,-0.46654233
c_1_9_663,1.6118088,-0.7282598
c_1_9_664,0.045380466,-0.29030588
c_1_9_665,-0.34501442,-0.5295743
c_1_9_666,-1.1548641,1.0040724
c_1_9_667,-1.9749886,-0.46571738
c_1_9_668,0.23158467,-1.7681913
c_1_9_669,3.185142,-1.1222427
c_1_9_670,-1.7136321,-1.4078668
c_1_9_671,0.56934243,-1.6407884
c_1_9_672,0.35577753,-1.4899237
c_1_9_673,-1.5237072,-2.0289311
c_1_9_674,0.10781133,-0.51627797
c_1_9_675,3.64863,-0.17578186
c_1_9_676,3.4120162,-1.1810892
c_1_9_677,1.8166324,0.38289565
c_1_9_678,-0.3205071,-0.9625958
c_1_9_679,-1.4259046,-1.8318048
c_1_9_680,4.2793956,1.9995189
c_1_9_681,-0.9590196,-1.2671254
c_1_9_682,0.62316126,-0.75972867
c_1_9_683,-1.8778529,-0.56943756
c_1_9_684,-0.39222136,0.5835298
c_1_9_685,-1.9657742,-1.1213113
c_1_9_686,0.46731088,-0.035417765
c_1_9_687,-1.4775614,-1.4221909
c_1_9_688,1.1217189,-0.5574087
c_1_9_689,0.17982887,-1.2531317
c_1_9_690,-0.46249765,-0.22161719
c_1_9_691,4.114604,-0.46014738
c_1_9_692,-0.82908934,-0.898585
c_1_9_693,0.6261046,-0.38248566
c_1_9_694,-1.3230066,-1.37492
c_1_9_695,-0.36141697,-0.050730083
c_1_9_696,-0.5299293,-0.21102636
c_1_9_697,-0.5007971,0.7711601
c_1_9_698,-1.158799,-1.176016
c_1_9_699,1.4023124,0.08595655
c_1_9_700,-1.4579595,-0.3294833
c_1_9_701,-0.87949324,-0.6125043
c_1_9_704,-0.419053,-0.1832033
c_1_9_705,-0.8080737,0.23554642
c_1_9_706,1.3785028,-0.3137876
c_1_9_707,-1.5330148,-0.49215847
c_1_9_708,3.4388547,-0.6702549
c_1_9_709,0.32230088,-0.96588415
c_1_9_710,-1.3154335,-0.32013452
c_1_9_711,-0.77991575,-0.22180182
c_1_9_712,-0.4041924,-0.6452439
c_1_9_713,3.2406895,-0.06644906
c_1_9_714,0.5982923,0.62503654
c_1_9_715,-0.1852252,0.57422894
c_1_9_717,-0.20183931,-1.1559521
c_1_9_718,4.300182,-0.38489592
c_1_9_719,4.9245105,1.4322252
c_1_9_720,-0.7455105,2.512413
c_1_9_721,2.2291784,-1.7009971
c_1_9_722,-1.074519,0.84960073
c_1_9_723,0.3794335,0.24088278
c_1_9_724,-0.019956611,-2.096101
c_1_9_725,-0.60439587,2.6951618
c_1_9_726,3.8121252,1.1379958
c_1_9_727,-0.14008647,1.1940092
c_1_9_728,-0.63056374,-1.3575299
c_1_9_729,3.2333941,0.26684734
c_1_9_730,-0.48203972,-1.0697722
c_1_9_731,0.14648001,-1.2182958
c_1_9_732,-0.2627662,-0.23561823
c_1_9_734,-0.5024864,-0.20348209
c_1_9_735,-0.6323314,0.44687855
c_1_9_736,2.6074047,-0.19495973
c_1_9_737,-0.47148645,-1.1987083
c_1_9_738,-1.8470557,-0.2660177
c_1_9_739,-0.82607687,-0.6859754
c_1_9_740,-0.22682922,-0.6653038
c_1_9_741,-1.1947825,-0.6100587
c_1_9_742,-0.27379125,-0.9052092
c_1_9_743,2.6220994,0.012939516
c_1_9_744,0.6856258,-1.0311844
c_1_9_745,0.85908574,-1.9032762
c_1_9_747,3.467183,-0.68112403
c_1_9_748,-1.8544863,-1.356601
c_1_9_749,-0.14736181,0.7379804
c_1_9_750,4.8760023,-0.12251423
c_1_9_751,-1.5810399,-1.4678131
c_1_9_752,0.19248031,-1.3139491
c_1_9_753,-1.3461812,0.11679786
c_1_9_754,6.944002,1.6522038
c_1_9_755,0.82104856,-1.7321488
c_1_9_756,3.3739662,-0.16660081
c_1_9_757,0.26818562,-0.21529701
c_1_9_758,0.39089742,-0.47921818
c_1_9_759,-0.10594762,-0.95310247
c_1_9_760,-1.471574,-1.8966894
c_1_9_761,0.10002966,-0.08929947
c_1_9_762,3.1766663,0.41355005
c_1_9_763,-0.4821887,-0.7892008
c_1_9_764,-1.6129622,-1.7974085
c_1_9_765,0.35107836,-0.62870836
c_1_9_766,4.732791,-0.07087726
c_1_9_767,-0.9935098,-0.47433665
c_1_9_768,-1.8301702,-1.1127626
c_1_9_769,-0.27605528,-0.4435058
c_1_9_770,3.1341374,-0.5186579
c_1_9_771,-1.7806672,-2.0397248
c_1_9_772,-1.5406586,-0.93079
c_1_9_773,-0.95699155,-0.8224439
c_1_9_774,-0.120218486,-0.523837
c_1_9_775,-0.5927061,-1.111375
c_1_9_776,4.736446,-0.7399519
c_1_9_777,1.493673,-1.9741318
c_1_9_778,3.7025511,0.88714445
c_1_9_779,0.81985664,-0.1810857
c_1_9_780,-1.0766256,1.7900795
c_1_9_781,-1.2118449,-0.5442814
c_1_9_782,-1.1920397,0.82955575
c_1_9_783,-1.4244848,-0.95313203
c_1_9_784,2.2901456,-0.15009806
c_1_9_785,-0.4906392,-0.9537697
c_1_9_786,4.6096044,-0.025806969
c_1_9_787,1.3950299,-2.0196996
c_1_9_789,-2.0501819,-0.88393843
c_1_9_790,5.4043064,0.059971254
c_1_9_791,-0.52639735,-0.8902034
c_1_9_793,-1.772246,-1.6252944
c_1_9_794,-1.3739077,-0.9715925
c_1_9_795,-0.37409467,0.07211679
c_1_9_796,1.2852294,0.46776962
c_1_9_797,1.0593106,-1.1697109
c_1_9_798,-0.21246438,0.50363404
c_1_9_799,-1.9496926,-0.8600096
c_1_9_801,3.4850378,-0.73300344
c_1_9_802,-1.062326,-0.5327849
c_1_9_803,-0.24829349,-0.54523504
c_1_9_804,-1.4563563,-0.74555
c_1_9_805,-0.20604356,-0.20567435
c_1_9_806,0.5090811,-1.379691
c_1_9_807,-0.92913675,0.7585851
c_1_9_808,5.2663035,0.14262362
c_1_9_809,4.5160336,-0.24744843
c_1_9_810,-0.017621811,-1.3031104
c_1_9_811,4.175084,-0.4311475
c_1_9_812,-0.970071,0.007453705
c_1_9_813,-0.21501294,0.3767702
c_1_9_814,-0.87974626,0.4560174
c_1_9_815,2.4824889,0.73804295
c_1_9_816,0.4549511,-0.22429106
c_1_9_817,3.9389553,-1.391985
c_1_9_818,-0.33927894,3.0386474
c_1_9_819,1.1401677,0.1395651
c_1_9_820,6.77325,0.32562694
c_1_9_821,-0.3488049,-0.6917963
c_1_9_822,3.5863857,-0.7028438
c_1_9_823,-1.4522482,-0.7865407
c_1_9_824,-1.7686064,-0.5661509
c_1_9_825,-0.8175858,0.32238123
c_1_9_826,-0.074774824,-0.59375346
c_1_9_827,-0.6677914,0.43399993
c_1_9_828,-1.2207617,-0.5052339
c_1_9_829,-0.91921586,-0.8207327
c_1_9_830,3.6729033,0.5667492
c_1_9_831,4.6918025,-0.25485265
c_1_9_832,-0.4938875,-0.7122689
c_1_9_833,3.0824142,-0.19703639
c_1_9_834,2.994601,0.6666724
c_1_9_835,3.0112076,-0.7009413
c_1_9_836,-0.8598092,-1.7183251
c_1_9_837,3.4209561,0.47023338
c_1_9_838,-0.56731915,-0.74938875
c_1_9_839,0.53338814,-0.75517637
c_1_9_840,-1.4732531,0.028957367
c_1_9_841,1.3955754,-2.4471025
c_1_9_842,0.5643555,-0.18701656
c_1_9_843,-1.931606,-0.56764203
c_1_9_844,5.0921435,0.60246694
c_1_9_845,-0.9671542,-1.0165349
c_1_9_846,4.012914,1.0525645
c_1_9_847,-0.92381227,0.46716326
c_1_9_848,3.715048,0.587521
c_1_9_849,1.5085282,-1.0416112
c_1_9_850,-0.08464732,-2.3734784
c_1_9_851,4.512842,0.9999899
c_1_9_852,3.2822485,0.7675643
c_1_9_853,4.572036,1.1288141
c_1_9_854,1.3059059,-0.43353462
c_1_9_855,-1.845138,1.5159843
c_1_9_856,-0.79200745,-1.7939267
c_1_9_857,8.025976,0.31232113
c_1_9_858,-2.5933764,-1.5088801
c_1_9_859,3.2561467,-0.54934317
c_1_9_860,-0.11037155,-1.7572111
c_1_9_861,0.83180755,0.09825081
c_1_9_862,1.9468168,-1.1988426
c_1_9_863,0.30183765,-1.56935
c_1_9_864,-1.1069661,-0.86660725
c_1_9_865,2.0433726,-0.2665402
c_1_9_866,2.4045339,-0.8674731
c_1_9_867,4.1052837,-0.40966085
c_1_9_868,4.545194,0.12960197
c_1_9_869,-0.40722057,-0.23701344
c_1_9_870,2.293493,-0.3323694
c_1_9_871,-0.21925095,0.5745998
c_1_9_872,-1.5132374,-1.1958286
c_1_9_873,4.8418922,1.5683758
c_1_9_874,-0.9033689,0.58974487
c_1_9_875,-1.129265,-1.7555383
c_1_9_876,-1.3825898,-1.0054166
c_1_9_877,-0.19101134,-1.5452843
c_1_9_878,-1.090389,0.2087378
c_1_9_879,-0.3493133,-0.56337774
c_1_9_880,2.9975238,0.6380125
c_1_9_881,-1.4713131,-0.5682038
c_1_9_883,-0.54011947,-0.433678
c_1_9_884,-1.6415181,-2.731002
c_1_9_885,-0.56989515,-0.61732996
c_1_9_886,-0.26464638,0.6115603
c_1_9_887,-1.2216839,0.24247237
c_1_9_888,1.7467661,-1.7611773
c_1_9_889,-0.3311868,-0.87159497
c_1_9_890,-0.84477895,-0.19844924
c_1_9_891,-0.89757556,-1.5489651
c_1_9_892,0.56443727,-0.63399565
c_1_9_893,-0.9804685,0.8117738
c_1_9_894,-1.276927,-1.3387952
c_1_9_896,-2.2542598,-1.8131249
c_1_9_897,-0.2803054,0.010492635
c_1_9_898,-0.47656876,-0.97763413
c_1_9_899,-0.20864859,-0.7198398
c_1_9_900,-0.1586973,-0.7882773
c_1_9_902,-1.4128423,-2.0165758
c_1_9_903,-0.25787038,-1.5013704
c_1_9_904,0.66694385,-0.23724554
c_1_9_905,-0.86765224,-1.4638819
c_1_9_906,0.7216442,-0.052290015
c_1_9_907,-0.81560504,-0.92366165
c_1_9_908,-0.73396945,-1.008806
c_1_9_909,-1.9436005,-0.5885334
c_1_9_910,-0.053995866,-0.09846783
c_1_9_911,-0.005785283,-1.3901693
c_1_9_912,-0.8352189,-0.9241956
c_1_9_913,-1.6578201,-2.0809174
c_1_9_914,-1.4700458,-0.71645147
c_1_9_915,-1.4408481,0.74597764
c_1_9_916,-1.4924212,0.022454133
c_1_9_917,-0.30248848,-0.95664203
c_1_9_918,-1.810709,-0.98810863
c_1_9_919,1.9245055,-0.23905596
c_1_9_920,-1.1282914,-1.6431183
c_1_9_921,0.26972827,-1.2809939
c_1_9_922,1.6136239,0.17632619
c_1_9_923,3.3830526,0.27076426
c_1_9_924,-1.2153473,-0.86815494
c_1_9_925,-0.26219073,0.92861944
c_1_9_926,-1.5032706,-0.9599647
c_1_9_927,-0.70242876,-1.5313147
c_1_9_928,0.15073009,-1.8627568
c_1_9_929,1.7266555,-0.33629373
c_1_9_930,-0.2642147,-1.3240906
c_1_9_931,-0.3965365,-1.6768048
c_1_9_932,5.3288236,-0.24637008
c_1_9_933,-0.083392434,2.9520063
c_1_9_934,-1.908277,-1.0387857
c_1_9_935,0.7910963,-0.6262527
c_1_9_937,2.3827069,0.02788469
c_1_9_938,-1.4081633,-0.46730033
c_1_9_939,-0.8796969,1.3680935
c_1_9_940,1.9566567,0.9910837
c_1_9_941,-1.2337803,-1.3487378
c_1_9_942,1.9111367,-0.5204786
c_1_9_943,1.2238164,0.13932669
c_1_9_944,0.70323753,-0.64221215
c_1_9_945,0.262703,-0.39741337
c_1_9_946,-0.49042365,-0.51789707
c_1_9_947,5.337054,0.122520275
c_1_9_948,-0.12718415,-0.9160812
c_1_9_949,1.1366972,-1.2362279
c_1_9_950,-1.09313,-0.6686044
c_1_9_951,3.2019942,0.7895232
c_1_9_952,2.8623767,-1.1444918
c_1_9_953,0.26748,-0.1871455
c_1_9_954,1.1413077,-0.08134148
c_1_9_955,0.66094804,-1.6586589
c_1_9_956,1.8296654,2.055307
c_1_9_957,-0.5744193,-0.43199366
c_1_9_958,-2.2656379,-0.85987985
c_1_9_960,-1.1712312,0.09349373
c_1_9_961,-1.044734,-0.71792644
c_1_9_962,-1.2922803,0.2225022
c_1_9_963,-0.8253816,-0.6781505
c_1_9_964,2.7520156,0.73817044
c_1_9_965,-0.8962458,-1.5714887
c_1_9_966,-1.1245737,-1.6159928
c_1_9_967,-0.4872493,-3.1859615
c_1_9_968,-0.43408105,0.19384496
c_1_9_969,-0.8490612,0.39962605
c_1_9_970,-0.9075451,-0.73263675
c_1_9_971,4.539709,1.526806
c_1_9_972,-0.8508809,-1.8864945
c_1_9_973,1.1345383,0.34942672
c_1_9_974,5.272264,1.3318685
c_1_9_975,-0.45128673,-1.1188598
c_1_9_976,0.009128411,-0.33214185
c_1_9_977,0.114063464,0.684371
c_1_9_978,2.1539297,-0.08005776
c_1_9_979,-0.13640998,-2.048459
c_1_9_980,-2.1980565,1.1580466
c_1_9_981,1.1799009,0.049287584
c_1_9_982,-1.9218565,-1.3950614
c_1_9_983,0.7718779,-1.3272998
c_1_9_984,-1.0647321,0.118031085
c_1_9_985,0.32380143,-1.0430151
c_1_9_986,2.7190526,-1.1230716
c_1_9_987,1.6332417,-0.5742231
c_1_9_988,-0.1898505,0.97857046
c_1_9_989,4.619908,-0.18794373
c_1_9_990,0.24824125,-2.000359
c_1_9_991,-1.7059945,-0.39589804
c_1_9_992,0.6978009,0.07267195
c_1_9_993,4.6608543,-1.1726985
c_1_9_994,-0.14097908,-1.9290133
c_1_9_995,2.2191584,-0.6138493
c_1_9_996,-1.1025306,0.03957169
c_1_9_997,-0.6934618,-1.6703303
c_1_9_998,2.6739938,0.300229
c_1_9_999,-1.9594733,0.05018118
c_1_9_1000,-0.86770177,-0.07405662
c_1_9_1001,0.8063992,0.7532883
c_1_9_1002,0.6202218,0.4797902
c_1_9_1003,-1.030739,-0.68117714
c_1_9_1004,-0.585226,-0.8735188
c_1_9_1005,-0.62366676,-1.1564854
c_1_9_1006,-1.0232214,-0.5654936
c_1_9_1007,-1.0727038,0.5129279
c_1_9_1008,0.20083228,-1.7082881
c_1_9_1009,0.662933,-1.3152966
c_1_9_1010,1.6503198,0.16012524
c_1_9_1011,-1.5732391,0.018553926
c_1_9_1012,-0.22761525,0.31836045
c_1_9_1013,1.6281043,-1.7979507
c_1_9_1014,-1.7508386,-1.5153875
c_1_9_1015,-1.510531,-0.92050284
c_1_9_1016,-0.90969753,-0.9765187
c_1_9_1017,2.134914,-1.2511802
c_1_9_1018,-0.27181226,-0.41122833
c_1_9_1019,-1.2406038,-2.080556
c_1_9_1020,-0.8115113,-0.6956443
c_1_9_1021,2.2663674,-0.6415609
c_1_9_1022,-0.09299086,-0.91385496
c_1_9_1023,0.17865328,2.8600836
c_1_9_1024,-1.1878574,-0.50029874
c_1_9_1025,-2.4901264,-2.4480686
c_1_9_1027,-0.70008427,-1.6291267
c_1_9_1028,-1.3156166,-1.4548073
c_1_9_1029,-0.037722886,-0.3669292
c_1_9_1030,1.8185123,-1.2165881
c_1_9_1031,-1.7160977,-1.4451196
c_1_9_1032,-0.5176396,-0.28231385
c_1_9_1034,-1.7850538,-0.6943672
c_1_9_1035,-1.017057,-1.8134775
c_1_9_1036,-0.18827613,-0.9063746
c_1_9_1038,1.9377209,1.7917951
c_1_9_1039,-1.1289271,0.41784617
c_1_9_1040,4.9410253,-0.8389475
c_1_9_1041,-0.471034,-0.64086473
c_1_9_1042,-1.1965649,-0.47221586
c_1_9_1044,0.31823146,-0.7284709
c_1_9_1045,-0.7106945,0.010254893
c_1_9_1046,6.5189524,0.5996095
c_1_9_1047,-1.0441773,-1.1186036
c_1_9_1048,-1.1147425,-0.12453775
c_1_9_1049,-0.8075188,-1.611568
c_1_9_1051,-0.40848243,-0.124650024
c_1_9_1052,7.1172156,0.7012039
c_1_9_1053,3.857441,-0.3546877
c_1_9_1054,-0.7234145,-1.0547886
c_1_9_1055,5.6535583,-0.6933366
c_1_9_1056,0.40739334,-0.8406844
c_1_9_1057,-0.6758539,-0.81092304
c_1_9_1058,3.5633647,0.9311706
c_1_9_1059,2.5713744,0.6885102
c_1_9_1060,-1.3523815,-0.92381036
c_1_9_1061,3.4641593,0.17409174
c_1_9_1062,0.06427018,-2.1007144
c_1_9_1063,-0.8185902,-1.7107326
c_1_9_1064,-0.9803027,0.58744955
c_1_9_1065,-0.1529208,0.10627179
c_1_9_1066,-1.0531696,-1.2095592
c_1_9_1067,-1.2756609,-0.8486212
c_1_9_1068,-1.7988534,-0.9212768
c_1_9_1069,-1.0757836,0.07357076
c_1_9_1070,-0.005634698,-1.1551584
c_1_9_1071,0.30832097,-0.0022950137
c_1_9_1072,2.678385,-0.017390292
c_1_9_1073,2.1213577,-0.6579246
c_1_9_1074,2.7232568,1.8563805
c_1_9_1075,-0.8484911,-2.2034745
c_1_9_1076,2.8915606,-0.81219256
c_1_9_1077,0.2786778,-1.3673171
c_1_9_1078,-0.069595195,-0.32051304
c_1_9_1079,-0.16472395,-1.2873536
c_1_9_1080,-1.3919879,-1.8620726
c_1_9_1081,0.45604655,-2.188728
c_1_9_1082,-0.426651,-1.758025
c_1_9_1083,-0.79664767,-2.280258
c_1_9_1084,0.13667229,-1.7285225
c_1_9_1085,4.5843515,0.08127873
c_1_9_1086,-1.2165225,-1.7461405
c_1_9_1087,-1.7625244,-0.88183606
c_1_9_1088,-1.749607,-0.33402884
c_1_9_1089,5.311452,0.65944046
c_1_9_1090,-0.7174128,-0.927686
c_1_9_1091,0.30086526,-0.9043657
c_1_9_1092,-1.232642,0.62122786
c_1_9_1093,-1.2962055,-0.44989586
c_1_9_1094,0.8020872,-1.5783012
c_1_9_1095,-0.8499631,1.2856656
c_1_9_1096,-0.7638042,-0.3230118
c_1_9_1097,0.6590194,-1.9945337
c_1_9_1098,-1.3522469,-0.5172127
c_1_9_1099,1.6870699,-0.6468143
c_1_9_1100,-0.70927125,-0.84760964
c_1_9_1101,9.352802,0.19770783
c_1_9_1102,0.13775276,-1.755383
c_1_9_1103,1.5620406,-0.9214224
c_1_9_1104,-1.822506,-2.0348597
c_1_9_1105,-0.27004302,-1.5835749
c_1_9_1106,-0.5766751,-0.63494414
c_1_9_1107,0.13070507,-2.1526794
c_1_9_1108,-1.360902,-1.9640929
c_1_9_1109,-0.008004416,0.06512484
c_1_9_1110,-0.9026722,0.810292
c_1_9_1111,-0.2127328,-1.4128315
c_1_9_1112,0.03687908,0.24988124
c_1_9_1113,4.354366,0.955486
c_1_9_1114,-0.6049287,-1.1057729
c_1_9_1115,-1.9722414,-1.8851908
c_1_9_1116,0.3951146,-1.115815
c_1_9_1117,3.233644,1.6310118
c_1_9_1118,-0.44084477,-1.4638302
c_1_9_1119,2.8454945,-0.66892505
c_1_9_1120,-0.6743015,-1.3587211
c_1_9_1121,2.5016906,-0.110008284
c_1_9_1123,0.58860856,-2.4536977
c_1_9_1124,0.90549785,-0.8311824
c_1_9_1125,-1.1620479,-0.79916567
c_1_9_1126,-0.65752053,-0.92542046
c_1_9_1127,-1.3896854,-1.0386444
c_1_9_1128,-1.3536359,-0.46340033
c_1_9_1130,-0.6078247,-1.9046924
c_1_9_1131,-1.4565754,-0.3040894
c_1_9_1132,-0.8250953,-1.1390463
c_1_9_1133,1.9204063,1.49345
c_1_9_1134,3.518291,-0.23127459
c_1_9_1135,2.6037862,-0.8558039
c_1_9_1136,-1.3655806,-1.7594167
c_1_9_1137,-1.4065951,-0.73967904
c_1_9_1138,-1.5016729,-1.3239855
c_1_9_1139,-0.39816162,-0.51058304
c_1_9_1140,-0.9243129,-1.2061344
c_1_9_1141,-1.745324,-0.290934
c_1_9_1142,-1.5045308,-1.9695622
c_1_9_1143,2.6203296,-0.14594291
c_1_9_1144,1.5664822,-0.33940855
c_1_9_1145,3.5059862,-0.7585631
c_1_9_1146,-0.4774488,-0.17503256
c_1_9_1147,2.3014545,-0.72154754
c_1_9_1148,3.6267886,-0.46932024
c_1_9_1149,3.0932782,0.51286536
c_1_9_1150,-1.1247934,0.3159613
c_1_9_1151,4.8885756,-1.0330638
c_1_9_1152,0.31958207,-1.8175678
c_1_9_1153,3.2629228,-0.14588295
c_1_9_1154,-0.84072083,1.7459325
c_1_9_1155,-1.0291777,-0.5944236
c_1_9_1156,-2.4035344,0.33011976
c_1_9_1157,-1.3187547,-0.4239599
c_1_9_1158,-2.1984627,-2.8795469
c_1_9_1159,0.4821375,-0.7773383
c_1_9_1160,-0.120730184,-0.6495878
c_1_9_1161,6.3436,1.0312858
c_1_9_1162,0.12209391,-1.0355144
c_1_9_1163,-0.13840139,-0.763784
c_1_9_1164,2.8828123,-2.4047112
c_1_9_1165,-0.34529886,0.33134088
c_1_9_1166,0.28103057,-0.91690993
c_1_9_1167,8.065105,0.023467928
c_1_9_1168,1.1302371,-1.5779078
c_1_9_1169,-1.7521554,-0.7301723
c_1_9_1170,4.0285997,0.9791404
c_1_9_1171,0.69159263,-1.1377889
c_1_9_1172,2.571701,1.2598363
c_1_9_1173,2.002558,0.3148759
c_1_9_1174,-0.87750036,-4.409958
c_1_9_1175,0.77555525,-0.5509347
c_1_9_1176,0.10526044,0.17256334
c_1_9_1177,0.18957196,-1.1372747
c_1_9_1179,0.58810836,-1.6823239
c_1_9_1180,2.9155917,0.06902892
c_1_9_1181,0.95690596,-0.73563325
c_1_9_1182,-0.5141256,0.087828524
c_1_9_1183,0.3303329,-0.25448918
c_1_9_1184,-0.26451537,-1.5621461
c_1_9_1185,0.51145875,-0.4235068
c_1_9_1186,-1.7104228,0.25903282
c_1_9_1187,-0.7765861,-0.6167158
c_1_9_1188,-1.5879737,-0.88184917
c_1_9_1189,4.011515,1.4519637
c_1_9_1190,-1.4608533,-2.5448296
c_1_9_1191,-1.3797438,-1.5761224
c_1_9_1192,0.06530789,-0.05756992
c_1_9_1193,-2.0424302,-0.8418329
c_1_9_1194,1.7883035,-0.090076245
c_1_9_1195,0.44295284,-1.7655796
c_1_9_1196,1.0392733,-1.8494167
c_1_9_1197,-0.3121636,-0.68948823
c_1_9_1198,0.026822692,-1.2241132
c_1_9_1199,2.1489086,0.34045696
c_1_9_1200,0.8883639,-0.33695853
c_1_9_1201,4.304676,-0.47134572
c_1_9_1202,-1.1405449,-1.6114717
c_1_9_1203,0.7534489,0.07031065
c_1_9_1204,0.0133181065,0.4261937
c_1_9_1205,0.12784436,-1.2174037
c_1_9_1206,8.823056,1.1788198
c_1_9_1207,4.9412785,1.0480052
c_1_9_1208,-1.0200806,-0.9635463
c_1_9_1209,1.6904112,-1.1861347
c_1_9_1210,6.6593947,1.0256361
c_1_9_1211,0.42972907,0.88389933
c_1_9_1212,0.24913459,0.4081657
c_1_9_1213,6.36602,-1.4060556
c_1_9_1214,-0.31436962,-1.0839367
c_1_9_1215,-2.2440958,-4.1363597
c_1_9_1216,5.719145,0.014327571
c_1_9_1217,-1.1378245,-1.0068694
c_1_9_1218,-0.02227991,-1.1310836
c_1_9_1219,-0.641308,-1.996986
c_1_9_1220,4.5020356,0.49739063
c_1_9_1221,-0.95552075,-2.065049
c_1_9_1222,0.11790911,-0.5580976
c_1_9_1223,-0.47225288,-2.838087
c_1_9_1224,5.727018,-0.15550044
c_1_9_1225,-0.9653927,-0.7926799
c_1_9_1226,-1.3773297,-2.4112992
c_1_9_1227,0.6475349,0.9493426
c_1_9_1228,5.6263633,-1.465433
c_1_9_1229,-0.33140194,-2.044488
c_1_9_1230,-0.6651429,-2.6978414
c_1_9_1231,-1.4544506,-0.505222
c_1_9_1232,5.979248,-0.18015546
c_1_9_1233,-0.14688593,-1.473141
c_1_9_1234,-1.0458401,-0.7172046
c_1_9_1236,-1.0544336,-0.7870146
c_1_9_1237,-0.22596407,-0.9589317
c_1_9_1238,-0.9603411,-1.2035043
c_1_9_1239,0.052150343,-1.3623257
c_1_9_1240,4.0961137,-0.11866419
c_1_9_1241,-0.7874899,-2.6864529
c_1_9_1242,-1.3823118,-1.1662781
c_1_9_1243,6.545474,0.48077747
c_1_9_1244,2.1915317,-1.3283191
c_1_9_1245,0.8765122,-1.8107903
c_1_9_1246,-0.5029183,-1.628244
c_1_9_1247,-1.896308,-1.0979699
c_1_9_1248,4.1743326,-2.0928442
c_1_9_1249,-1.1055,0.3611474
c_1_9_1250,-2.177355,-1.4454398
c_1_9_1251,4.7985177,-2.4387736
c_1_9_1252,4.202486,0.6346551
c_1_9_1253,-0.6869666,1.8978069
c_1_9_1254,1.1255943,-1.3902326
c_1_9_1255,-1.0518135,-0.62506586
c_1_9_1256,-0.9761175,-0.34998587
c_1_9_1257,0.04414682,-2.09739
c_1_9_1258,3.0644336,-1.236658
c_1_9_1259,2.6813145,-1.2174199
c_1_9_1260,-0.71754014,2.3453283
c_1_9_1261,3.6241155,-0.52837545
c_1_9_1262,5.8253083,1.4196111
c_1_9_1263,-0.64783466,0.5139742
c_1_9_1264,3.2774856,-0.33732066
c_1_9_1265,-2.149443,-2.5114944
c_1_9_1266,7.2700987,0.2403869
c_1_9_1267,-0.6142019,2.3132634
c_1_9_1268,0.24092752,-0.68856424
c_1_9_1269,3.5002737,-0.0144515345
c_1_9_1270,3.217574,0.009755042
c_1_9_1271,-0.015812986,-1.842724
c_1_9_1272,-1.3777112,-0.7877038
c_1_9_1273,3.8325481,-1.0711128
c_1_9_1274,4.9476514,-0.11781014
c_1_9_1276,-1.591295,-1.004254
c_1_9_1277,4.620021,-0.45781195
c_1_9_1278,-0.64606684,-1.219683
c_1_9_1279,-1.0318588,0.7209385
c_1_9_1280,-1.167373,-0.9408481
c_1_9_1281,-1.3607697,-2.837004
c_1_9_1282,2.841956,0.041696317
c_1_9_1283,0.1623262,-0.62697923
c_1_9_1284,-1.9107009,-0.42805532
c_1_9_1285,0.04020864,0.8115645
c_1_9_1286,-0.3834353,-2.7789109
c_1_9_1287,0.22659534,-0.58531696
c_1_9_1288,1.7840984,1.0387149
c_1_9_1289,1.1473247,-0.3583146
c_1_9_1290,-1.300768,-1.9435321
c_1_9_1291,1.1908848,-1.7934358
c_1_9_1292,-0.7658918,-0.9345982
c_1_9_1293,0.03907324,-0.28342545
c_1_9_1294,-1.3314472,-1.708523
c_1_9_1295,4.005491,-0.9409711
c_1_9_1296,0.55791384,-0.5603114
c_1_9_1297,0.116421424,-1.4393357
c_1_9_1298,3.4226055,1.4251553
c_1_9_1299,-0.9280034,-1.2665336
c_1_9_1300,-0.41304657,-1.5267861
c_1_9_1301,1.3595226,-1.2272398
c_1_9_1302,-0.4661879,-0.49132964
c_1_9_1303,-0.46411383,-0.673447
c_1_9_1304,0.010360254,-0.85349935
c_1_9_1305,-1.3552405,1.3534048
c_1_9_1306,-3.1884422,-4.402108
c_1_9_1307,-0.8513816,-0.8956775
c_1_9_1308,5.988072,-1.0171233
c_1_9_1309,5.0055637,0.14874925
c_1_9_1310,6.3042407,-0.40860042
c_1_9_1311,0.9317889,-1.1568257
c_1_9_1312,-1.3793764,-0.7924087
c_1_9_1313,-0.76928073,-0.43116736
c_1_9_1315,1.9820871,-2.068791
c_1_9_1316,-1.4784966,-0.6278285
c_1_9_1320,-2.1750298,-6.1683745
c_1_10_1,-0.8786868,-0.42686573
c_1_10_2,-1.0141675,-0.10205219
c_1_10_3,-0.03298518,-1.3382812
c_1_10_4,-0.8941751,1.2181674
c_1_10_5,-1.1007158,-0.6307513
c_1_10_6,-0.48225835,-0.89281845
c_1_10_7,-0.85666466,-1.3393222
c_1_10_8,-0.9967302,-1.1343019
c_1_10_9,-1.0327795,-0.057624985
c_1_10_10,-0.4258098,3.4004595
c_1_10_11,-0.6261174,-0.41720635
c_1_10_12,-1.3085917,-0.7613558
c_1_10_13,-0.5243192,-1.6057304
c_1_10_14,-1.2511353,1.7621323
c_1_10_15,-0.69368744,2.408522
c_1_10_16,-1.6346651,0.78546816
c_1_10_17,0.24610545,-1.1341252
c_1_10_18,-0.9739376,0.529063
c_1_10_19,-0.5399798,1.4588693
c_1_10_20,1.2106454,-0.38940454
c_1_10_21,-0.4443544,1.0603069
c_1_10_22,-0.8759693,0.37286463
c_1_10_23,-0.5675508,3.342338
c_1_10_24,-1.2684084,1.6267637
c_1_10_25,-1.1827235,2.8735132
c_1_10_26,-0.9748708,2.451919
c_1_10_27,-1.2801101,4.8188767
c_1_10_28,0.5353539,-0.73524016
c_1_10_29,-1.5580384,4.661279
c_1_10_30,-0.89489836,1.9050529
c_1_10_31,-1.6124479,3.4254744
c_1_10_32,-0.32824272,2.8874977
c_1_10_33,-0.3378797,3.697774
c_1_10_34,-1.2886952,-0.69141805
c_1_10_35,-0.8318799,0.042504974
c_1_10_36,-1.5757635,2.736734
c_1_10_37,0.5050959,-0.9468891
c_1_10_38,-1.0340576,-1.2997993
c_1_10_39,-0.4766038,4.125922
c_1_10_40,-0.08074054,2.004841
c_1_10_41,-1.1053325,2.8867593
c_1_10_42,0.3987127,0.102845
c_1_10_43,-1.2640482,4.0456305
c_1_10_44,-1.423311,2.8696365
c_1_10_45,-0.74605167,0.11223645
c_1_10_46,-0.056573536,-0.40943325
c_1_10_47,-1.1501154,3.7903428
c_1_10_48,-0.24419938,-0.59389514
c_1_10_49,-1.0235054,0.22568576
c_1_10_50,-1.0506042,2.999597
c_1_10_51,0.8403112,0.37141976
c_1_10_52,-0.98741275,-1.6224345
c_1_10_53,-1.7367201,-1.1261241
c_1_10_54,-1.6033142,-0.6410391
c_1_10_55,-0.8926094,2.9897926
c_1_10_56,0.20918407,-1.3308829
c_1_10_57,-1.183883,4.27043
c_1_10_58,-1.160859,1.521109
c_1_10_59,-1.1527098,5.0155563
c_1_10_60,-0.84352255,-0.13370809
c_1_10_61,-1.0414497,-0.29107845
c_1_10_62,-0.9675586,0.094445735
c_1_10_63,-0.70842654,3.0495863
c_1_10_64,-2.1112006,-0.31119642
c_1_10_65,-2.1324441,-1.3538911
c_1_10_66,0.8686457,-0.093184255
c_1_10_67,0.38351622,4.6819496
c_1_10_68,-0.16195272,3.5614028
c_1_10_69,-0.31555125,-1.5357157
c_1_10_70,-0.9372205,3.9479485
c_1_10_71,-1.0708283,3.4518976
c_1_10_72,-1.2733883,2.7357936
c_1_10_73,0.41947752,0.041116636
c_1_10_74,-2.0670152,-1.5199814
c_1_10_75,-1.2304382,3.6124418
c_1_10_76,-0.53272533,2.644191
c_1_10_77,-0.47581688,4.5978394
c_1_10_78,2.077749,0.087784745
c_1_10_79,0.16339357,0.5521485
c_1_10_80,-1.4491918,3.137994
c_1_10_81,-1.4632998,3.251914
c_1_10_82,-1.1787859,-1.7547216
c_1_10_83,-1.3228688,-1.0942975
c_1_10_84,-1.1511601,3.0589724
c_1_10_85,-0.7685764,-0.3512347
c_1_10_86,-1.7868631,5.227407
c_1_10_87,0.2726186,-0.14601286
c_1_10_88,-0.91478306,0.57085
c_1_10_89,-1.2685434,-0.7502578
c_1_10_90,1.1581993,0.06377392
c_1_10_91,-1.1189712,1.995259
c_1_10_92,0.32126236,0.4092808
c_1_10_93,0.3592251,-1.3351456
c_1_10_94,-1.4025004,5.849344
c_1_10_95,-0.9268817,2.9014366
c_1_10_96,-0.004424637,-1.0162842
c_1_10_97,-1.1004664,0.072177194
c_1_10_98,0.15094362,-0.32132727
c_1_10_99,-0.651769,1.6275002
c_1_10_100,-0.4740271,-0.7050419
c_1_10_101,-1.4903352,0.98632103
c_1_10_102,-0.17098352,0.28566152
c_1_10_103,-0.60774094,-1.2961202
c_1_10_104,-0.015175558,-0.5846965
c_1_10_105,2.0222535,-0.34764177
c_1_10_106,-1.0829093,5.0072527
c_1_10_107,-0.6099665,-0.48508444
c_1_10_108,-0.6636032,3.531337
c_1_10_109,-0.6175177,1.9665884
c_1_10_110,0.85451204,0.41708487
c_1_10_111,-2.1187503,6.8194327
c_1_10_112,-0.25932002,-0.79788905
c_1_10_113,-0.93333745,1.3838981
c_1_10_114,1.2416031,-0.26393896
c_1_10_115,0.060406163,2.151002
c_1_10_116,0.23579684,-0.3521141
c_1_10_117,-1.58212,-0.6943173
c_1_10_118,-1.6452928,-2.5253022
c_1_10_119,-0.7356459,2.5590725
c_1_10_120,-0.14094624,0.12723146
c_1_10_121,-1.0037771,-1.6155314
c_1_10_122,0.024098221,2.5819716
c_1_10_123,-1.0345612,2.2924924
c_1_10_124,-1.8764518,4.694506
c_1_10_125,0.13970228,0.7730792
c_1_10_126,-0.4274102,-0.76695037
c_1_10_127,-1.892289,3.2136183
c_1_10_128,-1.9018265,3.4266248
c_1_10_129,-0.010492817,3.753904
c_1_10_130,-0.024111768,-0.38935184
c_1_10_131,-1.2725494,4.0867743
c_1_10_132,-0.5809366,1.9008243
c_1_10_133,-0.42982116,-1.4154899
c_1_10_134,0.8198689,0.9245681
c_1_10_135,-1.6249315,3.2664487
c_1_10_136,-1.1792024,3.2424266
c_1_10_137,-0.71086895,4.5131617
c_1_10_138,-0.58648163,-0.24272053
c_1_10_139,-0.97102237,3.0155191
c_1_10_140,-0.97864723,-0.7509237
c_1_10_141,-1.1392006,3.0710485
c_1_10_142,-0.37921482,-0.4308618
c_1_10_143,-0.3562485,2.9458125
c_1_10_144,-1.5695333,3.4638631
c_1_10_145,1.6776589,-0.9587012
c_1_10_146,-0.34060356,2.6027687
c_1_10_147,-0.65188015,-0.6424527
c_1_10_148,-1.6048107,2.4853692
c_1_10_149,-0.6141211,3.3322628
c_1_10_150,0.25884742,-0.5283586
c_1_10_151,-0.9145501,-0.5687496
c_1_10_152,-0.81420815,2.2322075
c_1_10_153,-1.1567352,3.3649738
c_1_10_154,-0.17225897,7.357258
c_1_10_155,-0.30702114,2.072261
c_1_10_156,-0.30504575,0.8387854
c_1_10_157,-0.9516405,2.8320603
c_1_10_158,-0.72331125,4.403918
c_1_10_159,-1.3625412,0.10112361
c_1_10_160,-0.47957978,3.4316618
c_1_10_161,-0.6942865,2.761987
c_1_10_162,-0.45795807,3.3320286
c_1_10_163,-0.74228275,2.9255087
c_1_10_164,-1.1105802,3.7832682
c_1_10_165,-0.2631727,1.9482615
c_1_10_166,-0.47034216,3.1731153
c_1_10_167,-0.2048957,4.03406
c_1_10_168,-1.1725268,2.5525398
c_1_10_169,-1.447133,2.0197735
c_1_10_170,0.095236495,2.0910509
c_1_10_171,-0.11237564,1.9834793
c_1_10_172,-0.17464538,2.463452
c_1_10_173,0.08954764,1.8713914
c_1_10_174,-0.61387354,2.2062287
c_1_10_175,-1.0004244,3.6654732
c_1_10_176,-1.3202848,1.1445398
c_1_10_177,-1.8767158,-0.39918196
c_1_10_178,-0.1607346,2.2266123
c_1_10_179,-0.76487446,2.5554638
c_1_10_180,-1.9292337,-0.4456168
c_1_10_181,-0.6550385,3.961482
c_1_10_182,1.8198082,-0.7883607
c_1_10_183,-0.42143393,1.9865994
c_1_10_184,-0.84510386,-0.1226605
c_1_10_185,-1.0971675,3.7047968
c_1_10_186,-1.3102391,3.2771723
c_1_10_187,-1.014975,3.0466745
c_1_10_188,-1.2628007,1.6367449
c_1_10_189,-1.0654864,3.959826
c_1_10_190,-0.0894707,2.1387913
c_1_10_191,-1.4024823,2.0379918
c_1_10_192,-0.6257826,0.39586502
c_1_10_193,0.5590432,2.5998058
c_1_10_194,-1.727391,3.0136213
c_1_10_195,-1.6657833,4.144227
c_1_10_196,-0.7320539,1.8962716
c_1_10_197,-0.9447088,1.972656
c_1_10_198,-0.9137651,3.4800124
c_1_10_199,-1.048003,1.1437957
c_1_10_200,-0.6621141,1.9227905
c_1_10_201,-1.5792111,6.8386984
c_1_10_202,-0.06849781,-0.95979124
c_1_10_203,-1.2950227,1.464116
c_1_10_204,-0.5127595,1.0633076
c_1_10_205,-0.99739,2.7641616
c_1_10_206,-0.7644775,-1.1943547
c_1_10_207,-1.306798,4.3667297
c_1_10_208,-0.97610354,3.059251
c_1_10_209,-1.1151794,3.7784717
c_1_10_210,-0.327931,2.957868
c_1_10_211,-1.0931525,3.5728724
c_1_10_212,-0.87135834,-1.8803998
c_1_10_213,-0.11596233,2.3584237
c_1_10_214,-0.6559723,1.000401
c_1_10_215,-2.2814324,3.0381417
c_1_10_216,-0.39299977,-0.9956793
c_1_10_217,-0.9030373,2.5624573
c_1_10_218,-0.6569289,3.4549508
c_1_10_219,-0.2938792,2.9441137
c_1_10_220,-0.5532163,2.469346
c_1_10_221,-1.2431225,2.6945744
c_1_10_222,1.4152117,-1.1316589
c_1_10_223,-0.8554943,-0.14853798
c_1_10_224,-0.4588215,4.5715265
c_1_10_225,-0.6579553,1.2020702
c_1_10_226,-0.91118836,0.031169808
c_1_10_227,0.93064916,-1.2318189
c_1_10_228,-1.7064542,3.332929
c_1_10_229,-1.5578912,3.8731713
c_1_10_230,-1.2756637,3.8213086
c_1_10_231,-0.91598773,-0.93036026
c_1_10_232,-1.0164648,1.5293525
c_1_10_233,-0.7707845,-0.6173978
c_1_10_234,-0.42094192,2.9642596
c_1_10_235,-0.42528895,0.6164163
c_1_10_236,-0.087944925,0.3372745
c_1_10_237,-0.97535783,-0.019502396
c_1_10_238,-1.6296839,3.0307603
c_1_10_239,-0.6289754,1.0950289
c_1_10_240,-1.0158061,1.4755758
c_1_10_241,-0.3464014,1.4840609
c_1_10_242,-1.4053391,-0.296809
c_1_10_243,-0.5004826,0.9973346
c_1_10_244,-0.78414917,2.3071673
c_1_10_245,-0.14079021,0.87022907
c_1_10_246,-0.114749335,-0.9233665
c_1_10_247,-1.0794868,1.8363526
c_1_10_248,1.2621405,-0.71163917
c_1_10_249,-0.51788145,0.7471714
c_1_10_250,-0.7961781,0.03995539
c_1_10_251,-0.5455278,0.9652707
c_1_10_252,-1.2921878,0.12220675
c_1_10_253,0.8682278,-2.0865176
c_1_10_254,-1.1990825,0.26762712
c_1_10_255,-0.9402499,-0.16312958
c_1_10_256,-0.9822469,3.267173
c_1_10_257,-1.6218641,1.1539193
c_1_10_258,-1.2227086,2.282241
c_1_10_259,-0.37781876,-0.03735652
c_1_10_260,-2.194849,-2.2900047
c_1_10_261,1.1839709,-0.7349078
c_1_10_262,-0.90872496,-0.5024628
c_1_10_263,-0.2724868,1.9797212
c_1_10_264,-0.8904467,-0.30464178
c_1_10_265,-0.8625873,-1.0580192
c_1_10_266,-0.15727328,0.20896506
c_1_10_267,0.23684086,1.8240341
c_1_10_268,-1.03098,1.945501
c_1_10_269,-0.5370374,-1.0049721
c_1_10_270,-0.17319709,-0.18559466
c_1_10_271,-1.0914338,-1.403559
c_1_10_272,1.4686716,0.2519072
c_1_10_273,-1.8207855,0.80027264
c_1_10_274,-0.60083413,-1.1491785
c_1_10_275,-0.5112287,-0.39072323
c_1_10_276,-0.9083386,0.6018161
c_1_10_277,-0.7762179,1.7174505
c_1_10_278,-0.6327064,4.27375
c_1_10_279,-1.5233682,-0.8635478
c_1_10_280,-1.0577022,-0.77450794
c_1_10_281,-1.7763989,-2.1359057
c_1_10_282,0.3314897,-1.2368506
c_1_10_283,-0.40772203,-0.80230635
c_1_10_284,-0.52408576,1.4425586
c_1_10_285,-2.065315,-1.801086
c_1_10_286,-1.1622812,0.31317908
c_1_10_287,-0.8575892,-0.8214223
c_1_10_288,-0.7954005,2.0608542
c_1_10_289,-0.7659151,-1.0739317
c_1_10_290,-1.0420845,3.5480685
c_1_10_291,0.5584042,0.75324106
c_1_10_292,-1.8657764,1.2083845
c_1_10_293,-1.0956594,0.10242128
c_1_10_294,-1.3561045,-0.6236062
c_1_10_295,-0.12952885,-0.13137315
c_1_10_296,0.093904115,-0.71127236
c_1_10_297,-0.7610599,0.98013
c_1_10_298,-0.2883845,0.2195947
c_1_10_299,-0.11028994,-1.0907869
c_1_10_300,-0.84332234,-1.3951508
c_1_10_301,-0.8179181,0.37976786
c_1_10_302,-0.5721853,-0.28137332
c_1_10_303,-1.663111,-0.13197607
c_1_10_304,-0.76091826,2.9874709
c_1_10_305,-1.1080914,-1.764725
c_1_10_306,-0.17878617,0.028312223
c_1_10_307,-0.92201984,0.07636509
c_1_10_308,-0.5691462,0.084540255
c_1_10_309,-0.7022433,0.46083987
c_1_10_310,1.2824731,-0.24074729
c_1_10_311,-1.0201253,-0.59658396
c_1_10_312,-0.14105691,-1.3590494
c_1_10_313,-1.3829484,-0.055959005
c_1_10_314,-1.7142117,-1.1344995
c_1_10_315,-1.0804076,-1.5465661
c_1_10_316,-0.2176694,-0.33012563
c_1_10_317,-0.70299494,1.3559347
c_1_10_318,-0.6470854,0.550587
c_1_10_319,-1.6904533,-0.9033973
c_1_10_320,-1.300299,-1.1152548
c_1_10_321,-1.2354168,0.1462125
c_1_10_322,-1.292961,-0.3734315
c_1_10_323,-0.9760336,0.4141154
c_1_10_324,-0.83096725,-0.9541976
c_1_10_325,-1.0284128,-1.8264201
c_1_10_326,-1.5139084,2.2853682
c_1_10_327,-0.41698745,-0.36409065
c_1_10_328,-0.48368296,-1.8144511
c_1_10_329,-0.9191067,-0.45749095
c_1_10_330,-0.34089717,-0.7397039
c_1_10_331,0.70592564,0.030300861
c_1_10_332,-0.7725283,-1.3340453
c_1_10_333,-0.24221914,-0.9645075
c_1_10_334,-1.134649,-0.44356683
c_1_10_335,-1.249631,-0.58349097
c_1_10_336,-1.6599789,-2.7814643
c_1_10_337,0.06891081,-0.9231791
c_1_10_338,-1.5738463,-0.96794957
c_1_10_339,0.09153817,-0.5261809
c_1_10_340,0.5798936,0.2410219
c_1_10_341,-1.2353556,-0.83227897
c_1_10_342,0.90747267,0.010157379
c_1_10_343,-1.7581682,0.3789679
c_1_10_344,-1.922812,-2.958627
c_1_10_345,-0.038693205,0.15598641
c_1_10_346,-2.201717,-1.4146128
c_1_10_347,0.32461613,-1.7825809
c_1_10_348,-2.5326471,-3.4116514
c_1_10_349,-0.6499017,-0.3812285
c_1_10_350,-0.75178105,-0.18056822
c_1_10_351,-2.3604994,-2.8279982
c_1_10_352,0.074247055,-0.19590257
c_1_10_353,-0.7395386,-1.3743318
c_1_10_354,-1.699008,-1.7338028
c_1_10_355,-0.384778,-0.20303018
c_1_10_356,-0.68470585,0.032290787
c_1_10_357,-1.5050204,-0.16750747
c_1_10_358,-0.42321107,2.2873116
c_1_10_359,-1.8131269,-0.7302319
c_1_10_360,0.38637137,-0.122451596
c_1_10_361,-0.5037479,-0.829347
c_1_10_362,0.27471665,-0.641299
c_1_10_363,0.402638,-0.500855
c_1_10_364,-0.3078478,-1.2972518
c_1_10_365,-1.4410963,-0.319277
c_1_10_366,-2.370692,-1.7596912
c_1_10_367,-1.4341493,-0.84094083
c_1_10_368,-0.88084257,0.47865954
c_1_10_369,0.5302282,-0.15206018
c_1_10_370,-1.1653942,-1.3160019
c_1_10_371,0.1418284,-0.81756663
c_1_10_372,-1.892044,-1.6775784
c_1_10_373,0.93811333,0.5193626
c_1_10_374,-0.49344313,-0.7648358
c_1_10_375,-0.8313324,2.5878158
c_1_10_376,-0.51560175,1.5387125
c_1_10_377,-0.33536172,0.13124429
c_1_10_378,-0.7001813,-0.2787172
c_1_10_379,-1.8220187,-0.47471803
c_1_10_380,-0.81310934,-0.9636257
c_1_10_381,-0.9052628,-0.6232113
c_1_10_382,-0.8460061,1.8687186
c_1_10_383,-0.59320754,-1.7962712
c_1_10_384,-0.48884174,-0.016732814
c_1_10_385,-0.85064334,-1.6824435
c_1_10_386,-1.1968613,-2.2456183
c_1_10_387,-1.6663747,-1.7021953
c_1_10_388,-0.8732268,-0.8724509
c_1_10_389,-1.0059698,-0.372903
c_1_10_390,-1.2857857,-0.60730326
c_1_10_391,-2.3522859,-1.7046608
c_1_10_392,-1.2995611,-1.4571118
c_1_10_393,-1.0128781,-0.82710975
c_1_10_394,-0.5320966,-1.3210196
c_1_10_395,-1.2756256,-0.94740486
c_1_10_396,-1.7960337,-1.8864893
c_1_10_397,-0.6851253,-0.7260396
c_1_10_398,-0.42560014,-1.3025588
c_1_10_399,0.797193,-0.3719501
c_1_10_400,-0.61321574,-0.5972112
c_1_10_401,-1.0444646,2.2958734
c_1_10_402,-0.3256737,-1.5963602
c_1_10_403,-1.4625018,-0.32819656
c_1_10_404,-1.6270677,-1.1453131
c_1_10_405,-1.083816,-1.7786387
c_1_10_406,-0.06564144,-0.32478073
c_1_10_407,-0.7526139,1.0329808
c_1_10_408,-1.2255187,-0.7979584
c_1_10_409,-1.7213734,-0.05870807
c_1_10_410,-0.3717545,1.0179192
c_1_10_411,-0.9526586,-0.20259961
c_1_10_412,-0.16796438,1.0214422
c_1_10_413,-1.9221901,0.52384543
c_1_10_414,-1.8345491,-1.3809307
c_1_10_415,-1.1737807,-1.2231833
c_1_10_416,-1.4411259,0.08245224
c_1_10_417,-1.2258587,-2.204599
c_1_10_418,-0.026028818,0.29710203
c_1_10_419,-0.75586957,-0.44250688
c_1_10_420,-0.8953908,-0.040297896
c_1_10_421,-0.3068278,-0.8331428
c_1_10_422,-0.71986544,-0.0003943413
c_1_10_423,-1.2658803,-0.8197678
c_1_10_424,-1.1064588,-0.54213023
c_1_10_425,-0.4782601,-1.0544214
c_1_10_426,-0.58562773,0.5431179
c_1_10_427,-1.5815171,-3.581201
c_1_10_428,-1.6013044,-1.4753674
c_1_10_429,-1.3376846,-1.3221977
c_1_10_430,-1.3326168,-1.3039165
c_1_10_431,-0.6379084,-1.4739008
c_1_10_432,-2.0599768,-2.1876283
c_1_10_433,-1.3965327,-0.12356755
c_1_10_434,-0.038979128,0.25834832
c_1_10_435,-0.8703878,-0.2522906
c_1_10_436,-0.9412918,2.9378774
c_1_10_437,-0.77482617,-0.76341057
c_1_10_438,-0.6100462,-1.1286691
c_1_10_439,-0.009631332,-1.5765743
c_1_10_440,-0.3028737,-1.3168933
c_1_10_441,-1.6959168,-0.6301915
c_1_10_442,-1.9724383,-2.7745173
c_1_10_443,1.2077584,0.45192847
c_1_10_444,-0.79919994,-2.3266895
c_1_10_445,-1.762139,-1.4016336
c_1_10_446,-0.67441,-0.40174806
c_1_10_447,-0.24426518,-1.6214865
c_1_10_448,-1.1159097,-1.2932436
c_1_10_449,-0.22067958,-0.8040715
c_1_10_450,-0.24315937,-0.6462039
c_1_10_451,0.25053114,0.11357215
c_1_10_452,0.23634541,-0.35608152
c_1_10_453,-0.65449154,-0.388459
c_1_10_454,-1.2090513,-1.6533394
c_1_10_455,-0.48283353,3.0973828
c_1_10_456,-0.15746473,-1.2969784
c_1_10_457,-0.23111084,-0.83767635
c_1_10_458,-0.056661803,-0.48029146
c_1_10_459,-1.4727086,2.5033436
c_1_10_460,-0.87718534,2.9775147
c_1_10_461,-1.1354038,3.5845952
c_1_10_462,-0.8865949,-0.9071145
c_1_10_463,-0.6314093,-0.6660185
c_1_10_464,-0.39219853,0.6108697
c_1_10_465,-0.05737847,1.8339027
c_1_10_466,-1.2659411,2.5947187
c_1_10_467,-0.41450888,-1.0062639
c_1_10_468,-1.655383,-1.3882122
c_1_10_469,-1.1244677,1.0062314
c_1_10_470,-0.51329154,-1.404841
c_1_10_471,-1.0480206,-0.19804402
c_1_10_472,-0.88630986,2.9668388
c_1_10_473,-1.1741372,-1.049414
c_1_10_474,-0.9012307,2.591973
c_1_10_475,-0.9228213,1.9978275
c_1_10_476,-0.97611225,2.3215592
c_1_10_477,-1.5573763,1.6551808
c_1_10_478,-1.6903237,-1.8925022
c_1_10_479,-1.2709047,2.013358
c_1_10_480,-0.7338827,-0.34872782
c_1_10_481,-0.1777486,1.3859891
c_1_10_482,-0.5876293,-0.36214453
c_1_10_483,-0.25855854,1.4302421
c_1_10_484,-0.63135254,-0.82022744
c_1_10_485,0.34140807,0.5348176
c_1_10_486,-0.63135904,0.19994977
c_1_10_487,-1.1972206,-2.67833
c_1_10_488,-0.56245184,0.28454834
c_1_10_489,0.49456608,-1.0746711
c_1_10_490,-1.4325655,4.8717422
c_1_10_491,-1.6385138,2.5834267
c_1_10_492,-0.31814092,-0.037703823
c_1_10_493,-0.6398782,2.8460472
c_1_10_494,0.47695437,-1.1816747
c_1_10_495,-1.1783968,-0.3056617
c_1_10_496,-0.19520688,0.042913463
c_1_10_497,-1.1041558,-0.60865
c_1_10_498,0.163978,-0.4003482
c_1_10_499,-0.75938874,0.85076004
c_1_10_500,-0.45450032,-1.608234
c_1_10_501,-0.16398507,-0.7606396
c_1_10_502,-2.0161817,-0.589447
c_1_10_503,-0.9618366,0.28715605
c_1_10_504,-0.95090014,-0.22200541
c_1_10_505,-0.18496227,-0.7231633
c_1_10_506,0.266563,-1.1813632
c_1_10_507,-0.30588487,-1.9425547
c_1_10_508,-1.3535284,0.6551096
c_1_10_509,-1.1073668,1.2077966
c_1_10_510,-1.8398156,6.3527746
c_1_10_511,-0.77243125,2.0074482
c_1_10_512,-0.41657978,0.4908164
c_1_10_513,-1.6815906,-0.5471404
c_1_10_514,-0.6056737,-0.71678126
c_1_10_515,-1.2757527,-2.1570327
c_1_10_516,-0.45708627,2.7873518
c_1_10_517,0.18726698,-1.444061
c_1_10_518,-0.83197546,-1.6663487
c_1_10_519,-0.78953093,1.0931164
c_1_10_520,-0.8233591,-1.2199229
c_1_10_521,-1.1592703,-1.6440848
c_1_10_522,-1.129887,-0.56771535
c_1_10_523,-2.9262106,-2.2462993
c_1_10_524,0.0021898414,-0.6794907
c_1_10_525,-0.31694603,0.33114794
c_1_10_526,-0.089208916,2.170392
c_1_10_527,-1.3845301,2.0519807
c_1_10_528,0.55109274,-0.70385724
c_1_10_529,-0.6209473,-1.8597561
c_1_10_530,-0.8131751,0.40147436
c_1_10_531,-1.3091593,-0.6763665
c_1_10_532,-0.3817573,-0.6323671
c_1_10_533,-1.664153,-2.0949364
c_1_10_534,-0.000363897,1.8433663
c_1_10_535,-0.5483537,-0.6298836
c_1_10_536,-0.33935598,-0.5074917
c_1_10_537,-0.13520068,-2.1280432
c_1_10_538,0.57158065,-0.122007884
c_1_10_539,-0.97795147,-1.5733377
c_1_10_540,-1.4485033,-0.65302294
c_1_10_541,-0.7133261,-2.722951
c_1_10_542,-1.8315675,2.1058679
c_1_10_543,-0.9335705,1.8307426
c_1_10_544,-1.1662107,-1.8438894
c_1_10_545,-0.32618573,0.5040824
c_1_10_546,-0.62323225,-1.0025241
c_1_10_547,-0.33007172,-1.9782621
c_1_10_548,-0.8744005,-0.007954144
c_1_10_549,0.5312004,-0.5440533
c_1_10_550,-1.7283318,-0.4280945
c_1_10_551,-0.97108847,-1.5651354
c_1_10_552,1.9247907,2.753212
c_1_10_553,-0.2611136,-0.11925593
c_1_10_554,-0.8195882,0.15148361
c_1_10_555,-0.57019895,-1.1105945
c_1_10_556,0.19382082,-0.070640124
c_1_10_557,-0.41310406,0.24905217
c_1_10_558,-0.67975265,-1.6072311
c_1_10_559,-1.0761186,0.6855527
c_1_10_560,-2.1622605,3.0790796
c_1_10_561,-2.0498154,0.08344548
c_1_10_562,-0.89023435,1.5198563
c_1_10_563,-0.42808315,-0.33757526
c_1_10_564,0.25117615,-0.60843855
c_1_10_565,-0.5081151,-1.321837
c_1_10_566,-0.306425,-0.89148116
c_1_10_567,-0.9527451,-1.5060722
c_1_10_568,-1.5161483,-0.09272279
c_1_10_569,-1.3380197,-1.1499473
c_1_10_570,-0.48572162,-0.85029876
c_1_10_571,0.536806,0.32355967
c_1_10_572,-0.8797545,1.9330168
c_1_10_573,-0.8270395,1.0809747
c_1_10_574,-1.8806331,1.9887339
c_1_10_575,2.0242825,-0.8123766
c_1_10_576,-1.2743,1.0792049
c_1_10_577,-0.8439585,0.17893897
c_1_10_578,-1.0505246,-0.02772096
c_1_10_579,1.4389653,3.3151672
c_1_10_580,-0.7046609,-1.6361504
c_1_10_581,-1.2722204,2.4606092
c_1_10_582,-1.0487369,-0.44780195
c_1_10_583,-1.6461731,1.2193981
c_1_10_584,-0.9142822,-0.69570446
c_1_10_585,-0.9216224,-0.84418994
c_1_10_586,-0.95884806,0.8673376
c_1_10_587,-2.1494925,4.3451457
c_1_10_588,-0.020511426,2.7611816
c_1_10_589,-1.3152878,-0.78888917
c_1_10_590,-1.6616589,1.6354468
c_1_10_591,-1.7004775,0.0098788915
c_1_10_592,-0.9038263,-1.2572703
c_1_10_593,-0.1165961,-0.7709523
c_1_10_594,-0.21709178,2.3201501
c_1_10_595,-0.7040211,-1.0698189
c_1_10_596,0.18615495,0.3171314
c_1_10_597,0.8611423,0.538456
c_1_10_598,-0.88975126,-0.9859962
c_1_10_599,-1.2138913,-0.44049042
c_1_10_600,-1.146154,-0.5674592
c_1_10_601,0.18873446,0.062747434
c_1_10_602,-1.2565814,-0.62847745
c_1_10_603,-2.5961974,4.951177
c_1_10_604,-1.2113652,0.83723426
c_1_10_605,-1.9443972,5.438521
c_1_10_606,-0.7028856,-0.9260034
c_1_10_607,0.120312154,-1.2300091
c_1_10_608,-0.72710866,-1.0595423
c_1_10_609,-1.8108013,-0.29030967
c_1_10_610,-2.2312527,1.572137
c_1_10_611,-1.3283775,0.31982228
c_1_10_612,-0.8154655,-1.6373291
c_1_10_613,-1.6274776,1.1306851
c_1_10_614,-1.8309275,-0.12727243
c_1_10_615,-0.9486308,-0.31250083
c_1_10_616,-1.208552,0.64922696
c_1_10_617,-0.8969469,-0.5390887
c_1_10_618,-1.8268032,0.4734562
c_1_10_619,-1.8303698,-3.198869
c_1_10_620,-0.86747056,-0.8983634
c_1_10_621,-1.0573773,-1.453304
c_1_10_622,-1.3259488,3.8825593
c_1_10_623,-0.6473741,1.5913836
c_1_10_624,-1.5969825,-1.0761809
c_1_10_625,-0.887753,-1.025245
c_1_10_626,-0.053739633,-1.0311059
c_1_10_627,0.07894969,-0.7800826
c_1_10_628,-0.660112,-1.732823
c_1_10_629,0.6195357,0.67509097
c_1_10_630,0.7170424,0.0926552
c_1_10_631,-0.5507321,-1.7335588
c_1_10_632,0.5307449,-0.6529374
c_1_10_633,-0.8089708,-0.42956015
c_1_10_634,-1.3542749,6.484562
c_1_10_635,-1.1209518,1.6884341
c_1_10_636,0.15886119,-0.055991456
c_1_10_637,-1.3743114,-0.6042578
c_1_10_638,-0.923033,-0.78104717
c_1_10_639,-1.4654335,-0.990087
c_1_10_640,0.018284453,1.731778
c_1_10_641,-1.656621,5.2319245
c_1_10_642,-2.7552938,-0.8116637
c_1_10_643,-1.1811814,0.2029532
c_1_10_644,2.2920153,-1.4851916
c_1_10_645,-0.86513776,2.0990334
c_1_10_646,-0.16263661,-1.1072427
c_1_10_647,-0.30615664,-1.1831869
c_1_10_648,-0.7984623,-0.4076185
c_1_10_650,-0.114601836,-0.3937858
c_1_10_651,-1.0630351,-1.6966747
c_1_10_652,0.4666783,1.24708
c_1_10_653,0.22652315,0.21807092
c_1_10_654,-0.3731582,-1.2774456
c_1_10_655,2.1632593,-1.2542595
c_1_10_656,-0.15198989,3.5517192
c_1_10_657,0.49338272,-1.9780476
c_1_10_658,-1.3654507,-0.31487247
c_1_10_659,-1.952667,0.2907163
c_1_10_660,-1.3142151,2.4512963
c_1_10_661,-1.4362363,2.0132735
c_1_10_662,0.02043624,-2.0067594
c_1_10_663,-1.6790963,0.39222345
c_1_10_664,-2.4885035,6.328727
c_1_10_665,-0.673755,-0.74687636
c_1_10_666,-0.9111057,-2.201516
c_1_10_667,0.3525916,-0.24473166
c_1_10_668,-1.8442783,-0.5347346
c_1_10_669,-0.66682285,0.19550686
c_1_10_670,-0.21211523,0.4874023
c_1_10_671,-1.5243402,-0.77827257
c_1_10_672,-1.2032553,-0.109086014
c_1_10_673,-1.203988,-2.0400379
c_1_10_674,-2.2724319,1.8803657
c_1_10_675,-0.5192427,-0.3238393
c_1_10_676,-0.8342456,-0.9273191
c_1_10_677,-0.5839126,-0.5209194
c_1_10_678,-0.96277577,-1.0974826
c_1_10_679,-0.04272089,0.19001722
c_1_10_680,-1.3757715,-0.84069073
c_1_10_681,-0.4329548,-0.7049666
c_1_10_682,-0.9673858,-1.2174946
c_1_10_683,-2.263223,-0.3572019
c_1_10_684,0.25347865,1.5782163
c_1_10_685,-0.674555,0.18152101
c_1_10_686,-1.1242584,-2.4832041
c_1_10_687,-0.6970133,3.098686
c_1_10_688,-0.80369765,-0.9764372
c_1_10_689,-1.2470341,1.0781813
c_1_10_690,-1.3166994,-0.1715797
c_1_10_691,-0.06350608,-0.7057914
c_1_10_692,-0.75591874,-0.83237284
c_1_10_693,-0.02038334,-1.0261016
c_1_10_694,-1.585264,0.019307088
c_1_10_695,1.39875,-0.30031306
c_1_10_696,0.061088797,-1.4272023
c_1_10_697,-0.2798776,-1.3602005
c_1_10_698,1.8312993,1.492331
c_1_10_699,-1.3914422,-0.93383896
c_1_10_700,-0.42360735,-0.47302502
c_1_10_701,0.3889313,-1.0558958
c_1_10_702,0.28886312,-0.9142002
c_1_10_703,-0.8007517,3.5518415
c_1_10_704,-0.18280745,0.78877157
c_1_10_705,-0.024396364,-0.006029519
c_1_10_706,-1.1938425,3.7395692
c_1_10_707,-0.68275905,1.3379539
c_1_10_708,-1.3581889,-1.4173687
c_1_10_709,-0.75245327,0.0005055556
c_1_10_710,0.8351617,-0.6976854
c_1_10_711,-1.5222226,-1.5688123
c_1_10_712,-1.4926678,-1.9597285
c_1_10_713,-0.6579938,-1.174502
c_1_10_714,0.094391264,1.299938
c_1_10_715,-1.7497321,-0.8806731
c_1_10_716,-0.44223535,-0.42598826
c_1_10_717,-0.3649666,-1.1532109
c_1_10_718,-1.6327316,-0.917772
c_1_10_719,-1.5204717,0.2774899
c_1_10_720,-0.83907133,0.36444995
c_1_10_721,-0.803628,-2.0962687
c_1_10_722,-0.9253854,-0.15790504
c_1_10_723,-0.69829816,-2.0670671
c_1_10_724,-0.25649497,-1.1651566
c_1_10_725,-1.0966908,-1.7101488
c_1_10_726,-0.64883447,-0.23342083
c_1_10_727,-0.5155009,-1.1434518
c_1_10_728,-0.8494236,-0.5382338
c_1_10_729,-0.47906613,-1.9504988
c_1_10_730,-1.7379246,-1.0976925
c_1_10_731,1.8160961,-0.21783689
c_1_10_732,-1.4564459,-0.2772733
c_1_10_733,-1.0337341,-0.011219037
c_1_10_734,-1.9244065,-3.1526744
c_1_10_735,-1.6200596,-2.8279548
c_1_10_736,-1.4068776,-1.0261856
c_1_10_737,-0.92079055,-1.8133173
c_1_10_738,-0.40290895,1.4407479
c_1_10_739,-1.374893,-2.5458663
c_1_10_740,-0.3622259,0.4518222
c_1_10_741,-0.9895529,-2.3990815
c_1_10_742,-0.5891677,-1.7172095
c_1_10_743,-0.86208034,-0.33655745
c_1_10_744,-1.6924566,1.0039902
c_1_10_745,-1.984091,-0.32313624
c_1_10_746,-0.9157336,-1.980748
c_1_10_747,-0.903606,-1.4504855
c_1_10_748,-1.4544078,0.684958
c_1_10_749,-0.7543854,-1.037283
c_1_10_750,1.3068645,1.706974
c_1_10_751,-1.1546345,3.360017
c_1_10_752,-0.19568603,1.8038821
c_1_10_753,-0.6389307,-1.7922969
c_1_10_754,-0.9935242,-1.215235
c_1_10_755,0.5562309,-1.0060835
c_1_10_756,0.080054425,-1.0427765
c_1_10_757,0.16217387,1.4126754
c_1_10_758,-0.53356034,-1.954669
c_1_10_759,-0.71090895,-0.16035846
c_1_10_760,-0.4389161,1.1970236
c_1_10_761,-1.7044203,1.0449494
c_1_10_762,-1.2611727,-0.7255934
c_1_10_763,-0.47159553,-2.172965
c_1_10_764,-0.84878933,0.45674655
c_1_10_765,0.53540415,-0.6988628
c_1_10_766,-1.1674619,0.6656762
c_1_10_767,-2.0702968,3.1444883
c_1_10_768,-1.1473116,0.0662063
c_1_10_769,1.7900459,-0.034118388
c_1_10_770,-0.26250446,0.77659154
c_1_10_771,-0.6604606,-1.0241251
c_1_10_772,-0.6378124,-0.6221366
c_1_10_773,-0.2673766,0.8848797
c_1_10_774,-1.2689016,0.7437215
c_1_10_775,0.8432031,-0.28456917
c_1_10_776,-0.65567565,1.2995929
c_1_10_777,-1.4944607,-0.14498363
c_1_10_778,-1.5870211,1.5701803
c_1_10_779,1.5181044,2.0114744
c_1_10_780,-1.132737,0.6580365
c_1_10_781,-0.87474036,1.4458342
c_1_10_782,-0.56153864,-0.073253706
c_1_10_783,-0.79087615,0.015530156
c_1_10_784,-1.9978671,2.8773787
c_1_10_785,-1.0834192,0.3709938
c_1_10_786,0.47603476,0.63647866
c_1_10_787,-0.53973895,1.7971348
c_1_10_788,-0.7695242,0.45960662
c_1_10_789,-0.800276,0.53691
c_1_10_790,-1.4687816,3.0176504
c_1_10_791,-0.76866025,2.7544777
c_1_10_792,-0.35174763,-0.25833836
c_1_10_793,-1.0423961,1.7363704
c_1_10_794,-0.7980848,0.15862882
c_1_10_795,-0.3806773,0.97174793
c_1_10_796,-1.115566,-0.35135627
c_1_10_797,-0.9571525,2.8177783
c_1_10_798,1.3774062,0.421493
c_1_10_799,-1.0638357,1.9547198
c_1_10_800,-0.3054037,-0.16175452
c_1_10_801,-1.3786733,1.2379707
c_1_10_802,-0.6844351,0.7605117
c_1_10_803,-0.1031497,-0.05845348
c_1_10_804,-1.5179826,1.7936023
c_1_10_805,-1.0485202,-0.044701125
c_1_10_806,-0.6843462,2.3883615
c_1_10_807,0.13136557,-0.14510797
c_1_10_808,-0.96902007,2.3980415
c_1_10_809,-0.82503253,1.4599899
c_1_10_810,-1.1893374,4.2651744
c_1_10_811,-0.68605256,4.081397
c_1_10_812,-2.0667157,4.350437
c_1_10_813,-0.337961,2.5233488
c_1_10_814,-1.3592106,2.6142535
c_1_10_815,-1.7967136,2.656713
c_1_10_816,-0.32856432,0.49469784
c_1_10_817,-0.9233892,2.110055
c_1_10_818,0.1587323,0.39959434
c_1_10_819,-1.0383518,1.5050728
c_1_10_820,-0.56916857,0.38887486
c_1_10_821,-0.6901417,0.36211786
c_1_10_822,0.21891253,0.53946805
c_1_10_823,-0.47169665,0.3538249
c_1_10_824,-1.5992494,1.773664
c_1_10_825,-1.2142735,2.2089431
c_1_10_826,-0.98820466,-0.48888218
c_1_10_827,-1.1381133,0.19186306
c_1_10_828,-0.4970811,-0.46445203
c_1_10_829,0.20268331,2.7193081
c_1_10_830,-1.4339148,7.459606
c_1_10_831,-0.56035066,2.0184197
c_1_10_832,-1.0345061,4.8738627
c_1_10_833,-0.33167264,0.9077459
c_1_10_834,-0.57559395,2.4560912
c_1_10_835,-1.128163,1.4199557
c_1_10_836,-0.15976846,1.5665363
c_1_10_837,0.048975576,2.449713
c_1_10_838,0.23848641,-0.7282873
c_1_10_839,0.21567903,-0.41021928
c_1_10_840,-1.824912,-0.4094227
c_1_10_841,-1.2874823,2.3156717
c_1_10_842,-0.9720979,4.102853
c_1_10_843,0.62901485,-1.1700654
c_1_10_844,-0.18144307,-0.19329262
c_1_10_845,-1.3971794,0.8918739
c_1_10_846,0.04335795,3.0871673
c_1_10_847,1.0934038,4.174977
c_1_10_848,-0.71238816,2.1940565
c_1_10_849,-0.058798544,0.8140684
c_1_10_850,-0.18456343,1.200351
c_1_10_851,-1.9334867,4.4637423
c_1_10_852,-0.070023574,2.2704372
c_1_10_853,-0.7032365,1.0396855
c_1_10_854,-0.5811936,5.334038
c_1_10_855,0.068701,1.818985
c_1_10_856,-1.2233155,0.37207738
c_1_10_857,-0.80053425,0.55047023
c_1_10_858,-1.6059402,2.5148003
c_1_10_859,-0.58019304,2.033674
c_1_10_860,-1.2225106,3.8721344
c_1_10_861,-1.2216918,1.8305482
c_1_10_862,-1.4978577,1.2039086
c_1_10_863,-0.52148324,1.3588554
c_1_10_864,-0.5263085,3.4436524
c_1_10_865,-0.33495298,-0.8500702
c_1_10_866,-1.1719929,-0.75454766
c_1_10_867,-2.004887,5.877789
c_1_10_868,-1.3882504,2.2749033
c_1_10_869,-1.1202277,2.8496904
c_1_10_870,-1.4255394,2.3800309
c_1_10_871,-1.4660448,4.811251
c_1_10_872,-0.0935843,1.7302121
c_1_10_873,-0.4070255,5.025271
c_1_10_874,-0.59570503,6.2932754
c_1_10_875,-1.1233591,3.060153
c_1_10_876,-1.7348056,2.462927
c_1_10_877,0.79934305,-0.23578008
c_1_10_878,-2.2461865,-1.2384338
c_1_10_879,-2.056084,7.0261254
c_1_10_880,-0.8639619,1.4437474
c_1_10_881,-0.25044075,3.617053
c_1_10_882,-0.15561457,0.6104269
c_1_10_883,-3.059203,7.1623974
c_1_10_884,-1.2291858,3.0205605
c_1_10_885,-0.4066913,0.8282245
c_1_10_886,-1.3698053,-0.6250306
c_1_10_887,-0.9033883,2.399241
c_1_10_888,0.5743127,2.3822086
c_1_10_889,-1.6134142,1.351814
c_1_10_891,1.6377772,3.7268577
c_1_10_892,-1.3476784,-0.46187952
c_1_10_893,-1.0154498,2.1904898
c_1_10_894,0.23528863,1.6822008
c_1_10_895,-1.5350349,-0.28676647
c_1_10_896,-0.6352063,3.6386063
c_1_10_897,-1.7841096,1.944509
c_1_10_898,-0.49033973,1.0370921
c_1_10_899,0.3704583,0.75261474
c_1_10_900,-0.56658494,-0.9772409
c_1_10_901,-0.31639707,1.5729249
c_1_10_902,-0.6333928,-0.51501626
c_1_10_903,-0.97702044,1.1906884
c_1_10_904,-0.09334591,2.882428
c_1_10_905,-1.2950207,3.135221
c_1_10_906,-1.6590078,-0.39223713
c_1_10_907,-1.6805979,-0.8300438
c_1_10_908,-0.44872034,3.0401366
c_1_10_909,-1.9581196,5.2196965
c_1_10_910,-1.5170617,6.999075
c_1_10_911,-1.6936933,-0.54646045
c_1_10_912,-0.77038646,1.6604974
c_1_10_913,-1.1248025,3.0356019
c_1_10_914,-1.1701472,2.1663764
c_1_10_915,-0.8881291,-1.3628271
c_1_10_916,-0.9270084,1.948634
c_1_10_917,-1.1132226,4.070158
c_1_10_918,-1.1629806,4.0897937
c_1_10_919,-0.689242,-0.28930217
c_1_10_920,0.6713411,1.5015315
c_1_10_921,-1.5608056,2.6299524
c_1_10_922,-1.144339,0.6369149
c_1_10_923,0.2358586,0.26918775
c_1_10_924,-1.3247082,-0.6079044
c_1_10_925,-1.3738382,3.0929916
c_1_10_926,-1.7788287,3.5252764
c_1_10_927,-0.13252488,0.5175159
c_1_10_928,-0.54394555,1.5293747
c_1_10_929,-1.5466306,3.6428292
c_1_10_930,-0.17908174,-1.3448325
c_1_10_931,-0.3278103,1.3815945
c_1_10_932,-0.6589003,-0.7285176
c_1_10_933,-0.73017746,3.55724
c_1_10_934,-0.74948466,1.8738211
c_1_10_935,-0.9463461,3.337112
c_1_10_936,-0.70792645,-1.641642
c_1_10_937,0.16937512,-0.17489202
c_1_10_938,-0.117771156,1.4195857
c_1_10_939,-0.96489453,0.26221505
c_1_10_940,-1.9590827,2.3881626
c_1_10_941,-1.0749055,-0.18292062
c_1_10_942,-0.97858983,1.7594196
c_1_10_943,-1.1437682,3.7481997
c_1_10_944,-0.7100201,-1.5611391
c_1_10_945,-2.1176403,0.19461448
c_1_10_946,-1.1955944,3.4978418
c_1_10_947,-1.0604236,1.2413179
c_1_10_948,-1.6465188,-0.3165352
c_1_10_949,-2.0866687,-0.029868836
c_1_10_950,-1.1431154,1.836796
c_1_10_951,-0.98401076,3.5626814
c_1_10_952,-0.89239335,2.4314377
c_1_10_953,-1.4412856,3.361441
c_1_10_954,-0.78172946,1.5572956
c_1_10_955,-0.94186634,-0.254153
c_1_10_956,-0.32565132,1.8058394
c_1_10_957,-2.1233299,-1.8697517
c_1_10_958,0.95176387,0.16463085
c_1_10_959,-0.5105067,1.5499539
c_1_10_960,-1.2148281,2.2773912
c_1_10_961,-0.5546006,0.037964843
c_1_10_962,2.2395442,1.2010375
c_1_10_963,-1.0981852,3.5617135
c_1_10_964,-1.4279635,2.3503418
c_1_10_965,0.21316268,-0.38593537
c_1_10_966,-1.3779751,-1.3566706
c_1_10_967,-1.3900613,-0.4599004
c_1_10_968,-0.029778631,2.29875
c_1_10_969,-2.0201492,1.8464571
c_1_10_970,-1.2816302,0.50139606
c_1_10_971,-0.94102734,2.8229978
c_1_10_972,-0.71661824,0.65448546
c_1_10_973,-2.5970132,5.0644655
c_1_10_974,-0.5885887,0.7828358
c_1_10_975,-1.4335476,-0.38814497
c_1_10_976,-0.58425003,1.2801211
c_1_10_977,-0.39115834,-0.8872087
c_1_10_978,-1.1672928,2.2692704
c_1_10_979,-0.12242123,-0.6790688
c_1_10_980,-0.87509465,2.8619375
c_1_10_981,-0.8858978,1.6390034
c_1_10_982,2.1816611,7.5958853
c_1_10_983,-0.89494497,2.6812754
c_1_10_984,-0.53030074,0.6875548
c_1_10_985,0.43783745,-0.46948794
c_1_10_986,-2.3263113,7.543412
c_1_10_987,1.0783498,-0.59107685
c_1_10_988,-1.2415782,2.0655193
c_1_10_989,-0.22484705,-0.8114176
c_1_10_990,-1.3251237,-0.6720827
c_1_10_991,-2.8954542,10.055474
c_1_10_992,0.9131804,-0.26633856
c_1_10_993,-1.663517,-1.5051683
c_1_10_994,-0.7298967,1.6240658
c_1_10_995,0.5656443,-1.6379646
c_1_10_996,-1.9088203,5.1519814
c_1_10_997,0.22684789,0.28483954
c_1_10_998,-1.5278982,2.114684
c_1_10_999,-0.29890123,-0.15983061
c_1_10_1000,-0.30574417,-0.56557035
c_1_10_1001,-0.7100868,2.7725165
c_1_10_1005,0.12877676,-0.13229339
c_1_10_1007,-0.45211083,-0.4899079
c_1_10_1011,-1.3812605,1.1633263
c_1_10_1014,-1.4433767,-1.3088048
c_1_10_1016,0.65082234,-0.18313378
c_1_10_1018,-0.89321816,-1.4451886
c_1_10_1019,-0.8381381,-3.127111
c_1_10_1022,2.892724,-0.62143844
c_1_10_1025,-1.4843774,1.8480151
c_1_10_1028,0.34781075,-0.42996135
c_1_10_1029,-0.28111953,-1.1930741
c_1_10_1030,0.39236957,-1.2913305
c_1_10_1031,-0.5214019,1.3764639
c_1_10_1032,-0.9022881,1.0588335
c_1_10_1034,-0.0895054,1.9893763
c_1_10_1035,-0.87406355,-0.4761466
c_1_10_1036,-1.2357758,-1.1227843
c_1_10_1037,-0.22750372,0.292836
c_1_10_1038,-0.93474823,-1.1786
c_1_10_1039,-1.5265372,0.58495104
c_1_10_1040,-0.35194668,2.1022012
c_1_10_1041,-0.40423927,0.05145478
c_1_10_1042,-0.1329356,0.6828038
c_1_10_1043,-0.37942094,-0.96488416
c_1_10_1044,-1.4935457,-0.62770957
c_1_10_1045,-1.3416411,-0.017954407
c_1_10_1046,1.8297784,-0.05416222
c_1_10_1047,2.046226,3.9386826
c_1_10_1048,-1.7584362,-3.494605
c_1_10_1049,-0.24265377,0.8186216
c_1_10_1050,0.8743015,-0.32405186
c_1_10_1051,0.053959973,-1.2145038
c_1_10_1052,-0.33351117,-0.6518064
c_1_10_1053,-0.7106892,0.16258875
c_1_10_1054,1.3838577,-0.7354967
c_1_10_1055,-0.6504124,0.9287993
c_1_10_1056,-1.0956033,-0.6268011
c_1_10_1057,-0.7646005,1.4533573
c_1_10_1058,-1.6655378,1.2607495
c_1_10_1059,-1.055467,-0.28760755
c_1_10_1060,-0.7314747,-0.96557575
c_1_10_1061,0.5897813,1.7409225
c_1_10_1062,-0.9211613,1.8523146
c_1_10_1063,0.8642855,-2.0799248
c_1_10_1064,-1.0707686,-0.27038738
c_1_10_1065,-0.30305466,-1.1480764
c_1_10_1066,-1.406062,-1.2083321
c_1_10_1068,-1.7505687,-0.19437046
c_1_10_1069,-1.4165869,-1.2997392
c_1_10_1070,-0.7034932,-0.39675668
c_1_10_1071,0.70998055,-1.1192546
c_1_10_1072,-0.17377791,0.00803166
c_1_10_1073,-0.12652408,-0.24666107
c_1_10_1074,-1.2444421,2.0869424
c_1_10_1076,-0.58841664,-0.6373451
c_1_10_1077,-1.8722686,-1.0798278
c_1_10_1078,-1.1936821,0.8576509
c_1_10_1079,-1.5439173,-1.1249986
c_1_10_1080,-1.3829912,1.2368906
c_1_10_1081,0.045996763,-0.017487507
c_1_10_1082,-0.19037174,-0.30200168
c_1_10_1083,-1.725253,-0.0005921365
c_1_10_1084,-0.8993966,0.31078464
c_1_10_1085,0.111630954,-0.39767122
c_1_10_1086,-0.6643451,1.2233225
c_1_10_1087,0.8712752,0.17222655
c_1_10_1088,-1.2497019,2.0387821
c_1_10_1089,-0.50761724,0.88535094
c_1_10_1090,0.60551286,-1.2418132
c_1_10_1091,-1.2973655,0.7549946
c_1_10_1092,0.44086725,-1.0735736
c_1_10_1093,-0.7436796,-0.29614502
c_1_10_1094,-0.78473127,2.794674
c_1_10_1095,0.163724,-0.6672168
c_1_10_1096,-1.3637518,-0.28684443
c_1_10_1097,-0.6798342,-0.23997185
c_1_10_1098,-0.41060182,0.30940914
c_1_10_1099,-1.4888768,2.2615893
c_1_10_1100,-0.90316886,-1.3967004
c_1_10_1101,-1.1479025,-0.8334793
c_1_10_1102,-0.740674,0.78245085
c_1_10_1103,-0.59349686,0.60034627
c_1_10_1104,-1.0367949,0.68732
c_1_10_1105,-1.0072638,-1.1096374
c_1_10_1106,0.5306009,-1.0703684
c_1_10_1107,-0.7019044,-0.56370586
c_1_10_1108,-0.99724597,3.6254952
c_1_10_1109,-0.80571026,-1.0579643
c_1_10_1111,-1.372645,3.2404165
c_1_10_1112,1.0573862,-0.0649947
c_1_10_1113,0.18983799,0.026822252
c_1_10_1114,-0.95202583,0.585352
c_1_10_1115,-1.4972097,-0.010026365
c_1_10_1116,-2.2436643,-0.34509188
c_1_10_1117,-0.781033,0.9246186
c_1_10_1118,-2.2089536,0.27851743
c_1_10_1120,-0.7877068,0.2592678
c_1_10_1121,-0.21824457,-1.170595
c_1_10_1122,0.08041029,0.10869451
c_1_10_1123,-0.3136645,0.60771894
c_1_10_1124,-0.634837,-1.3615308
c_1_10_1125,-0.7576389,6.247859
c_1_10_1126,-1.3544794,0.7594267
c_1_10_1127,-1.3286401,-0.6480313
c_1_10_1128,2.6590128,0.90691096
c_1_10_1129,-0.25047687,-1.380733
c_1_10_1130,-1.7866702,0.37913698
c_1_10_1131,-0.3394437,-0.45245007
c_1_10_1132,-0.61490875,-1.1036481
c_1_10_1133,-1.8910006,-2.112982
c_1_10_1134,-1.5905306,-1.1493375
c_1_10_1135,-1.715671,-2.909268
c_1_10_1136,0.95587224,0.07475542
c_1_10_1137,-0.59225255,0.21680693
c_1_10_1138,-0.92847836,1.7495197
c_1_10_1139,0.12207822,-1.5343202
c_1_10_1140,-0.91299087,-0.57391006
c_1_10_1141,-1.2406617,-0.9482374
c_1_10_1142,-0.99106294,0.5507019
c_1_10_1143,-1.1248666,1.9400644
c_1_10_1144,1.2064806,-0.19316445
c_1_10_1145,-0.78496826,-0.07031614
c_1_10_1146,-1.5037661,0.5916309
c_1_10_1147,0.26472268,-0.0955837
c_1_10_1148,-1.4452723,-1.4154943
c_1_10_1149,-0.59000266,-0.86076283
c_1_10_1150,-2.6021733,-1.5598245
c_1_10_1151,-0.5022717,-0.28930467
c_1_10_1152,-0.85965115,0.76882327
c_1_10_1153,-0.13065517,-0.7411633
c_1_10_1154,-0.3879714,2.3545597
c_1_10_1155,-1.0241003,0.021502605
c_1_10_1156,-1.6198577,2.4001257
c_1_10_1157,-1.1215255,1.0906814
c_1_10_1158,-1.027209,0.068074696
c_1_10_1159,-1.9394035,2.5882175
c_1_10_1160,-0.99622035,-2.3519747
c_1_10_1161,-0.733724,3.5016649
c_1_10_1162,-1.1721059,0.57118523
c_1_10_1163,0.6582921,-0.66988766
c_1_10_1164,-1.0305437,0.24344815
c_1_10_1165,-0.44045234,-1.4412769
c_1_10_1166,-0.56313175,-0.10699411
c_1_10_1167,-0.5432897,-0.8229701
c_1_10_1168,-0.72034144,1.3281457
c_1_10_1169,-0.33589584,-0.1391769
c_1_10_1170,-0.4710478,-0.5584347
c_1_10_1171,-0.025701772,2.4763184
c_1_10_1172,-2.1956725,-0.704668
c_1_10_1174,-1.9036173,-1.5078969
c_1_10_1175,-1.9288027,-0.61980885
c_1_10_1176,0.09643255,0.2623811
c_1_10_1177,-0.87697154,-1.0009979
c_1_10_1178,-0.19155145,-1.2203752
c_1_10_1179,0.77978915,1.6928252
c_1_10_1180,-1.3884454,-0.9383491
c_1_10_1181,-0.24330537,-0.34273058
c_1_10_1182,-1.1489519,-1.5904683
c_1_10_1183,-0.7424483,0.94959617
c_1_10_1184,1.5453601,-1.1788679
c_1_10_1186,-0.0679239,-0.14497395
c_1_10_1187,-1.1937249,-1.8692155
c_1_10_1188,-0.73930985,-0.39300233
c_1_10_1189,-1.4288782,-0.46067712
c_1_10_1190,-1.9658245,4.6737733
c_1_10_1191,0.24141619,-1.1472874
c_1_10_1192,-0.22411609,1.2053163
c_1_10_1193,-0.8976948,-0.76238596
c_1_10_1194,-0.13404855,-0.6657783
c_1_10_1195,1.0031307,2.3197355
c_1_10_1196,1.9390913,0.053724203
c_1_10_1197,-1.1604857,0.39474228
c_1_10_1198,2.1568582,-0.6029261
c_1_10_1199,-0.6978542,0.84069526
c_1_10_1200,0.500988,0.32368597
c_1_10_1201,-1.1002676,-0.6626254
c_1_10_1202,0.52723587,0.20504637
c_1_10_1203,-0.6401379,-0.23503608
c_1_10_1204,-0.36109322,-1.3615917
c_1_10_1205,-2.0514522,-0.75401604
c_1_10_1206,-0.87784594,-0.35750875
c_1_10_1208,-0.8591943,-0.5068749
c_1_10_1209,-1.284581,1.8410457
c_1_10_1210,-1.3172117,0.27748692
c_1_10_1211,-0.13656877,-0.51935136
c_1_10_1212,-1.2172395,0.2525308
c_1_10_1213,-1.8215421,-1.7028404
c_1_10_1214,2.264246,1.1244999
c_1_10_1215,0.07026711,-0.6044014
c_1_10_1216,-1.5227319,-0.5237815
c_1_10_1217,0.9174005,0.06544547
c_1_10_1219,-1.0193254,-2.127128
c_1_10_1220,-0.86973023,-0.048837245
c_1_10_1221,-1.2251093,-0.4603509
c_1_10_1222,-1.2195421,-0.6742124
c_1_10_1223,-0.15874228,-0.048746847
c_1_10_1224,-1.5804158,-0.16025685
c_1_10_1225,-0.21552265,-0.8883021
c_1_10_1226,-0.36818638,-0.2982127
c_1_10_1227,-0.32913056,-0.7460837
c_1_10_1228,0.019499002,-1.6353483
c_1_10_1229,0.9719211,0.050352667
c_1_10_1230,0.19064294,-0.15963678
c_1_10_1231,-0.72576404,-1.3464174
c_1_10_1232,-0.36845887,0.7677947
c_1_10_1233,1.1882576,0.19395144
c_1_10_1234,-1.6067611,-2.0247805
c_1_10_1235,-0.5011409,-0.10415344
c_1_10_1236,-0.78992105,0.45874155
c_1_10_1237,-0.7564632,0.022989258
c_1_10_1238,-0.35258806,-1.0321076
c_1_10_1239,-1.0744066,2.4355109
c_1_10_1240,0.75206715,-1.040131
c_1_10_1241,0.72447526,-0.34882793
c_1_10_1242,-0.83744425,0.12179314
c_1_10_1243,-1.403326,-0.7006847
c_1_10_1244,-0.438031,0.11721946
c_1_10_1245,-1.4467263,-0.3121768
c_1_10_1246,-1.0733738,-1.7372643
c_1_10_1247,-0.46167147,-1.2869985
c_1_10_1248,-0.28716373,0.97541887
c_1_10_1249,-1.2237216,1.7476876
c_1_10_1250,-0.80891937,-0.70233834
c_1_10_1251,0.34495237,-0.17519905
c_1_10_1252,0.35524702,-0.496757
c_1_10_1253,1.3904773,-0.29996693
c_1_10_1254,-0.5741739,-1.051972
c_1_10_1255,-1.1057621,-0.24847786
c_1_10_1256,0.43812662,-1.2241104
c_1_10_1257,-1.1666989,-0.45079094
c_1_10_1258,-0.53827256,0.29279888
c_1_10_1259,-1.6078935,-0.9938562
c_1_10_1260,-0.54189724,1.7499157
c_1_10_1261,-1.2420739,-0.76680374
c_1_10_1262,-0.59512246,-0.2420871
c_1_10_1263,-1.3429375,-0.23736481
c_1_10_1264,0.101519555,-0.74669766
c_1_10_1265,-1.3344483,-0.54291177
c_1_10_1266,0.33990642,0.2745948
c_1_10_1267,-1.482944,-0.8177327
c_1_10_1268,0.45276174,-0.24979603
c_1_10_1269,-1.0240113,-0.58925563
c_1_10_1270,-1.2439808,-0.39869955
c_1_10_1271,-0.28009635,-0.43158382
c_1_10_1272,-1.1425456,1.3221644
c_1_10_1273,-1.4386237,1.0835384
c_1_10_1275,-1.3031459,1.3344901
c_1_10_1276,-0.5752283,-0.7642207
c_1_10_1277,-1.6271936,-1.6773245
c_1_10_1278,-0.886545,0.5594568
c_1_10_1279,-0.7433431,1.4753009
c_1_10_1280,-0.894356,-0.8786316
c_1_10_1281,-0.73255414,-1.2448053
c_1_10_1282,-0.38655844,-0.515294
c_1_10_1283,-0.3658609,-0.549581
c_1_10_1284,-1.3338983,1.4674789
c_1_10_1285,-1.084353,-0.2964527
c_1_10_1286,-0.18003632,-0.5589296
c_1_10_1287,-0.22020957,-1.091955
c_1_10_1288,0.9037132,-0.22278495
c_1_10_1289,-0.58421236,0.38173315
c_1_10_1290,-1.3456398,-0.37667784
c_1_10_1291,-0.13736796,0.5813236
c_1_10_1292,-1.2237339,-1.6391765
c_1_10_1293,-0.9139371,0.22051978
c_1_10_1294,0.3513872,-0.6157294
c_1_10_1295,-0.052832484,4.167931
c_1_10_1296,-0.14361502,-0.9229118
c_1_10_1297,-2.1327214,0.26615983
c_1_10_1298,-1.0003985,4.1505756
c_1_10_1299,-0.5379766,-0.911959
c_1_10_1300,-0.74154747,3.813328
c_1_10_1301,-0.7499306,2.2839072
c_1_10_1302,1.2268664,-0.2461998
c_1_10_1303,-0.96035343,1.9213111
c_1_10_1304,-1.2050253,1.4347407
c_1_10_1305,0.35618848,-0.05799261
c_1_10_1306,-1.3400142,-1.77451
c_1_10_1307,-0.46669114,-1.616049
c_1_10_1308,-0.24069282,-0.5552884
c_1_10_1309,-0.7601282,-1.0930029
c_1_10_1310,-1.1245815,-0.24898021
c_1_10_1311,-1.0343077,4.67749
c_1_10_1312,-2.13895,5.180129
c_1_10_1314,-0.88273025,-1.3125012
c_1_10_1316,-1.5638003,0.06216378
c_1_10_1317,-0.7419792,-1.0023842
c_1_10_1318,-1.8196037,0.40697098
c_1_10_1319,-0.3025325,-0.63097316
c_1_10_1320,-1.644674,-0.5608364
c_1_10_1321,0.09371398,-0.25761092
c_1_10_1322,-1.342322,4.2140527
c_1_10_1323,-0.20225534,0.4226416
c_1_10_1324,1.4546653,0.2817617
c_1_10_1325,-0.71620345,0.22128189
c_1_10_1326,-0.86017483,-0.29202476
c_1_10_1327,-0.7147418,1.0926945
c_1_10_1328,-1.4024148,-1.037223
c_1_10_1329,-0.114685915,-0.5366348
c_1_10_1330,0.11309745,0.12246002
c_1_10_1331,3.2741337,-0.41636026
c_1_10_1332,-2.1696086,-1.1176504
c_1_10_1333,-0.08038666,-0.33855954
c_1_10_1334,-0.9463974,0.720763
c_1_10_1335,-0.628318,-1.0757558
c_1_10_1336,-0.6203706,-1.3654846
c_1_10_1337,-1.8631186,0.030916555
c_1_10_1338,-1.1063249,-1.4664565
c_1_10_1339,0.312688,0.15147468
c_1_10_1340,0.021796867,-0.20732626
c_1_10_1341,-1.074462,-0.39382547
c_1_10_1342,-0.36874232,0.75464463
c_1_10_1343,-1.3349862,0.9675158
c_1_10_1344,-1.2380048,0.022037625
c_1_10_1345,-1.0324585,-1.4730555
c_1_10_1346,-0.45745033,-1.0379373
c_1_10_1347,0.7963049,-0.297289
c_1_10_1348,-0.21017377,0.5605219
c_1_10_1349,-1.2265126,-0.93235725
c_1_10_1350,-1.5375694,2.7650385
c_1_10_1351,-1.7350073,3.6409678
c_1_10_1352,-1.0086657,-0.2589236
c_1_10_1353,-0.23736086,-0.23312455
c_1_10_1354,-0.8262366,-0.6346177
c_1_10_1355,-0.35453856,0.5790778
c_1_10_1356,0.25848544,-0.9972031
c_1_10_1357,-1.2852008,-0.9959281
c_1_10_1358,0.5293795,0.17162786
c_1_10_1359,-1.4315362,-1.328255
c_1_10_1360,-2.0890276,-0.07270092
c_1_10_1361,-0.991194,-2.4822013
c_1_10_1362,-0.9037112,-0.3956238
c_1_10_1363,-0.5593825,1.10002
c_1_10_1364,-1.5119319,0.106936984
c_1_10_1365,1.4725975,0.12978314
c_1_10_1366,-1.0341917,0.8742685
c_1_10_1367,-0.6506816,-1.9052254
c_1_10_1368,-1.1694078,3.7608125
c_1_10_1370,0.98845565,-1.0958588
c_1_10_1371,-0.24627285,-1.0355331
c_1_10_1372,-0.9568185,-1.3627661
c_1_10_1373,-1.1637597,-0.6129087
c_1_10_1374,-0.41375718,5.533443
c_1_10_1375,-0.6563978,-0.34764174
c_1_10_1376,0.35621923,-0.4082341
c_1_10_1377,-0.8201526,-0.5559588
c_1_10_1378,-0.3240868,-1.5215769
c_1_10_1379,0.84154814,1.6634496
c_1_10_1380,-0.864738,-1.2930263
c_1_10_1381,-2.018516,-0.9059161
c_1_10_1382,-0.68374926,-0.97862905
c_1_10_1383,-1.2804211,0.34819326
c_1_10_1384,-0.9107663,3.9533594
c_1_10_1385,-2.0303814,4.706837
c_1_10_1386,-1.8847481,2.5305202
c_1_10_1387,-0.40326104,-0.95768905
c_1_10_1388,-0.36212987,2.9252794
c_1_10_1389,0.21125476,-1.2533242
c_1_10_1390,-1.0530646,-0.9327711
c_1_10_1391,-2.1541283,5.2925425
c_1_10_1392,-1.5322552,-1.4297186
c_1_10_1393,-1.4634868,-1.1641355
c_1_10_1394,-0.22422406,-1.051799
c_1_10_1395,-0.8673541,-0.054715917
c_1_10_1396,-1.3123617,-1.112416
c_1_10_1397,-1.1998007,-0.62398976
c_1_10_1399,-1.7036,-1.8370895
c_1_10_1400,-1.1040874,-0.55112106
c_1_10_1401,-0.79960054,-0.08600769
c_1_10_1403,-1.5225464,1.957691
c_1_10_1404,-0.97152674,3.4209652
c_1_10_1405,-0.24703638,-1.2977333
c_1_10_1406,-0.1940255,1.2539012
c_1_10_1407,-0.38348737,2.1299074
c_1_10_1408,-0.9643092,3.5048308
c_1_10_1409,0.011562037,-0.56791437
c_1_10_1410,0.15561911,-0.3249545
c_1_10_1411,-0.67467666,-2.1076865
c_1_10_1412,0.32331342,1.0411441
c_1_10_1413,-0.8983425,2.9229836
c_1_10_1414,0.11117689,-0.10518763
c_1_10_1415,-0.3617039,-1.4304028
c_1_10_1416,-0.39721978,3.0317686
c_1_10_1417,-1.0673765,-0.9466191
c_1_10_1418,-0.3618973,3.716961
c_1_10_1419,-1.3492521,-1.6147166
c_1_10_1420,-1.0696647,-0.6634076
c_1_10_1421,0.72602445,1.8506737
c_1_10_1422,0.0872576,0.38260728
c_1_10_1423,-0.7943984,2.9667473
c_1_10_1424,-0.2072998,1.8405815
c_1_10_1425,-0.2571605,-0.12582342
c_1_10_1426,-1.2066514,0.8099858
c_1_10_1427,-1.2132759,-0.582376
c_1_10_1428,0.7647799,1.1557217
c_1_10_1429,-2.396121,6.4411902
c_1_10_1430,-1.393136,-0.49134776
c_1_10_1431,-0.13893901,-3.260098
c_1_10_1432,-1.4731954,2.8817728
c_1_10_1433,-0.28599504,-0.68565625
c_1_10_1434,-1.9745234,-1.4114151
c_1_10_1435,-0.76926476,-2.506008
c_1_10_1437,-1.3182218,0.84789276
c_1_10_1438,-0.6542198,1.1768619
c_1_10_1439,-1.0033959,-0.4945668
c_1_10_1440,-0.8767107,2.187921
c_1_10_1441,-0.18734968,5.848723
c_1_10_1442,-0.87260234,-0.6620362
c_1_10_1443,-1.0773425,0.6033978
c_1_10_1444,-1.9920802,-1.9705445
c_1_10_1445,-1.0006577,3.1946876
c_1_10_1446,-0.76764196,0.26579905
c_1_10_1447,-1.3135921,-0.8058904
c_1_10_1448,-0.5283787,0.5315351
c_1_10_1449,-0.018864362,-2.1339068
c_1_10_1450,-1.4529514,0.044975176
c_1_10_1451,-1.4662596,1.4985524
c_1_10_1452,0.013183447,2.1389537
c_1_10_1453,-0.08620277,2.984379
c_1_10_1454,-0.18685453,1.0762166
c_1_10_1455,-1.4493126,-1.4706999
c_1_10_1456,-0.8534426,5.8513184
c_1_10_1457,-1.1166856,2.054361
c_1_10_1458,-1.5072522,-0.49595797
c_1_10_1460,-1.1071482,1.2182796
c_1_10_1461,-0.3859594,3.7354736
c_1_10_1462,-0.26189417,-2.1455455
c_1_10_1463,-0.40690187,-1.1343603
c_1_10_1464,-0.46205676,0.7771666
c_1_10_1465,-1.6326321,-2.748179
c_1_10_1467,-0.2603386,0.068757996
c_1_10_1468,-1.7285572,0.17625701
c_1_10_1469,-0.95564395,-2.1971805
c_1_10_1470,-1.7593204,3.5532968
c_1_10_1472,-0.97139764,-1.8206706
c_1_10_1473,-0.50648856,-1.0448118
c_1_10_1474,-0.0904381,-1.2071061
c_1_10_1475,-0.17974478,-0.54927915
c_1_10_1476,-2.3441458,1.2902464
c_1_10_1477,-0.75958,0.6175819
c_1_10_1478,0.0520323,-0.027263986
c_1_10_1479,-0.37030345,-0.86214703
c_1_10_1480,0.85538507,-1.5840932
c_1_10_1481,-0.5738566,1.0868989
c_1_10_1482,0.28932038,-0.124339394
c_1_10_1483,-0.7313859,0.64466065
c_1_10_1484,0.42992732,0.9225
c_1_10_1485,-0.83012736,3.38669
c_1_10_1486,-0.93021697,-1.6124387
c_1_10_1487,0.14217483,-0.9463987
c_1_10_1488,-0.063733414,-0.83765
c_1_10_1489,-0.5248387,-0.76838964
c_1_10_1490,0.5440582,1.6912022
c_1_10_1491,-1.0771762,-1.387436
c_1_10_1492,-0.69709486,4.5237093
c_1_10_1493,-0.9921942,3.4995682
c_1_10_1494,-1.4143114,-0.4311835
c_1_10_1495,0.19588087,1.9418855
c_1_10_1496,-1.1311998,0.86025244
c_1_10_1497,0.11412412,-1.0165862
c_1_10_1498,-0.006066147,0.5706234
c_1_10_1499,-1.4283669,-0.5488851
c_1_10_1500,-0.6435845,-1.1625233
c_1_10_1501,-0.41293168,0.039649677
c_1_10_1502,-1.5909368,-0.5108792
c_1_10_1503,3.1029105,-1.6216135
c_1_10_1504,-1.7394214,4.009192
c_1_10_1506,-0.653984,-0.070144005
c_1_10_1507,-0.9855181,-0.99923235
c_1_10_1508,-1.3021561,4.0006967
c_1_10_1509,0.10100086,1.0549445
c_1_10_1510,1.4564312,-1.5348859
c_1_10_1511,-0.29564992,3.8776834
c_1_10_1512,-2.0165806,3.7424574
c_1_10_1513,-1.8256435,1.3712047
c_1_10_1514,-1.1933612,-1.8018903
c_1_10_1515,3.1688893,-0.1273532
c_1_10_1516,-1.1045575,3.4491503
c_1_10_1517,-1.7474916,-0.3892823
c_1_10_1518,-0.98801744,-0.32909915
c_1_10_1519,-1.500937,-0.85819906
c_1_10_1520,0.6153728,0.243183
c_1_10_1521,-0.69435024,2.784822
c_1_10_1522,-0.29942903,1.3491015
c_1_10_1523,-0.6291961,1.4000568
c_1_10_1524,-0.4118892,-0.55735016
c_1_10_1525,-0.61476576,3.1782508
c_1_10_1526,-0.8115821,0.18927595
c_1_10_1528,-0.38141552,-0.21227603
c_1_10_1529,-0.080500044,-0.3382687
c_1_10_1530,-0.99622476,3.3906653
c_1_10_1531,-0.19563316,1.7403256
c_1_10_1532,-0.9886322,-1.6411049
c_1_10_1533,-0.38235396,-0.92967486
c_1_10_1534,-0.044737983,2.195372
c_1_10_1535,-1.0257634,1.3293706
c_1_10_1536,-0.31906733,-1.06723
c_1_10_1537,-0.17694555,-0.15108205
c_1_10_1538,-1.3844454,2.2456176
c_1_10_1540,-1.6659459,0.42015266
c_1_10_1541,-0.6631044,0.2611588
c_1_10_1542,-1.0856738,-1.3227583
c_1_10_1543,-0.32154158,-0.56490177
c_1_10_1544,-1.3957423,4.4821987
c_1_10_1545,-0.70759594,-1.5141833
c_1_10_1546,-0.9817462,4.3820925
c_1_10_1548,0.3154575,0.07706717
c_1_10_1549,-0.80739105,-1.6035547
c_1_10_1550,-0.9829083,-1.6888793
c_1_10_1551,0.23628452,0.25270277
c_1_10_1552,-0.6345316,-1.0686659
c_1_10_1553,-0.6545436,-0.22020277
c_1_10_1554,-0.099823244,1.0629684
c_1_10_1555,-1.1940074,2.7732837
c_1_10_1556,-0.71651125,-1.125396
c_1_10_1557,-0.47905844,1.6779149
c_1_10_1560,-1.6152487,-2.6658368
c_1_10_1561,0.1657477,-1.5381212
c_1_10_1562,-1.5877693,2.9756362
c_1_10_1563,-0.5587779,-0.730576
c_1_10_1564,-0.21970806,-0.18852814
c_1_10_1565,1.4055625,0.7223538
c_1_10_1566,-2.5249302,4.2834234
c_1_10_1567,-0.9684046,-1.0278367
c_1_10_1568,-0.88507205,-0.14952475
c_1_10_1569,-0.7500032,-1.2461408
c_1_10_1570,-1.0943682,-0.90116894
c_1_10_1571,-0.27680385,0.22400174
c_1_10_1572,-0.44386023,1.8320931
c_1_10_1573,-1.8459623,2.737791
c_1_10_1574,-1.422041,4.021868
c_1_10_1575,-0.34373245,-2.2056215
c_1_10_1576,-0.9057524,-0.28619748
c_1_10_1577,1.0050769,0.7734775
c_1_10_1578,0.8639647,0.16905521
c_1_10_1579,-0.6683996,-1.1841176
c_1_10_1580,0.100460164,-1.2186352
c_1_10_1581,0.106055565,-1.0745263
c_1_10_1582,-0.08313924,-1.0000818
c_1_10_1583,-0.8288563,2.1459477
c_1_10_1584,-1.1315545,-1.3965037
c_1_10_1585,-0.45129648,-0.6364959
c_1_10_1586,-1.7175888,-3.6033463
c_1_10_1587,-1.8278644,-0.39776713
c_1_10_1588,-0.10015343,2.8633747
c_1_10_1589,-1.0159129,-1.4914474
c_1_10_1590,-1.4221725,-1.9508427
c_1_10_1591,-1.8916432,-1.0815184
c_1_10_1592,-0.55182517,-1.7850851
c_1_10_1593,0.72933674,-1.1524249
c_1_10_1594,-0.1588287,-1.1895111
c_1_10_1595,1.2810985,-0.10505151
c_1_10_1596,-1.424181,0.1760841
c_1_10_1597,-1.8214887,-1.9517682
c_1_10_1598,-1.3501664,2.6483371
c_1_10_1599,-0.666338,-0.4707158
c_1_10_1600,-0.9532619,-0.073927835
c_1_10_1601,-0.35749474,-0.12230363
c_1_10_1602,-0.22350772,-0.67924315
c_1_10_1603,-0.6209778,0.182871
c_1_10_1604,-2.4677022,4.604074
c_1_10_1605,-0.42054132,0.2955645
c_1_10_1606,-1.0313864,2.2436366
c_1_10_1607,-1.288741,-2.343154
c_1_10_1608,-0.5536814,-0.17011838
c_1_10_1609,-0.28772628,-1.5165118
c_1_10_1610,-1.0448468,-0.9223107
c_1_10_1611,-0.56370836,-1.3852922
c_1_10_1612,-0.7545774,-0.1419615
c_1_10_1613,-1.803069,-0.9275101
c_1_10_1614,-0.032975383,-0.33153507
c_1_10_1615,0.9438667,-1.2487352
c_1_10_1616,-0.42821813,-1.1121413
c_1_10_1617,-0.37165183,1.7410117
c_1_10_1618,-1.096044,-1.6729212
c_1_10_1619,-1.4605943,-1.7955709
c_1_10_1620,-0.34074682,-0.095981896
c_1_10_1621,-0.71902156,2.1384623
c_1_10_1622,-0.56220347,-0.23234774
c_1_10_1623,-0.93387824,0.4117693
c_1_10_1624,-0.8377796,2.6277294
c_1_10_1625,-0.21030907,-1.7413641
c_1_10_1626,-0.7748837,3.2775488
c_1_10_1627,-1.0284861,-1.371887
c_1_10_1628,-0.620358,0.6924751
c_1_10_1629,-0.9359338,1.206415
c_1_10_1630,-0.6317196,-0.7573602
c_1_10_1631,0.24594566,-1.9595101
c_1_10_1632,-1.5364484,-0.46004713
c_1_10_1633,-0.74704015,0.49685553
c_1_10_1634,-0.84494644,-0.60293627
c_1_10_1635,-1.6450679,-0.49877763
c_1_10_1636,-0.850506,0.098071426
c_1_10_1637,-1.1828834,2.2131202
c_1_10_1638,-0.2944669,-0.31776786
c_1_10_1639,-1.0026795,-1.3499476
c_1_10_1640,-1.741742,1.4227091
c_1_10_1642,-1.1405108,-1.9284687
c_1_10_1643,-0.7995868,-0.97582483
c_1_10_1644,-1.1178371,-0.68935513
c_1_10_1645,-1.2244558,-0.35203072
c_1_10_1646,-1.526557,-2.1201882
c_1_10_1647,0.6709554,1.8755056
c_1_10_1648,-0.83855057,-0.22085632
c_1_10_1649,-0.82214195,-2.1930802
c_1_10_1650,-0.4050225,0.1876131
c_1_10_1652,-1.0913223,-0.9384182
c_1_10_1653,-0.16863462,-0.6182361
c_1_10_1654,-0.9048621,0.82863474
c_1_10_1655,-1.5021191,0.7354662
c_1_10_1656,-0.37662914,-0.687238
c_1_10_1657,0.04357555,-0.5347761
c_1_10_1658,-0.8148971,-1.5964518
c_1_10_1659,-0.005230774,-0.5878805
c_1_10_1661,0.07914335,0.6289387
c_1_10_1662,0.19665469,0.67337877
c_1_10_1663,-2.8137386,0.45614114
c_1_10_1664,-1.2664315,-1.70609
c_1_10_1666,2.6720712,-1.6217525
c_1_10_1667,-1.1203827,-1.3231272
c_1_10_1668,-0.5352355,-0.1272193
c_1_10_1669,-1.8136945,0.39810002
c_1_10_1671,-0.71769696,-0.4353057
c_1_10_1672,-0.75525445,-0.90091264
c_1_10_1673,1.2621061,-0.6733826
c_1_10_1674,-1.0098864,-0.5728844
c_1_10_1675,-0.61672384,0.48268467
c_1_10_1676,-0.08693841,1.8518984
c_1_10_1677,0.32899633,-1.605583
c_1_10_1678,0.47912878,-0.99045885
c_1_10_1679,0.18804914,0.30660954
c_1_10_1680,-1.1354644,-2.0975811
c_1_10_1681,-0.4313449,-0.6268208
c_1_10_1683,-1.4054334,0.08957725
c_1_10_1684,0.62829816,-0.8851502
c_1_10_1685,-0.8562322,-1.5222046
c_1_10_1686,0.74956924,-0.51897246
c_1_10_1687,-0.6397041,1.8790474
c_1_10_1688,-0.43835092,-0.49923405
c_1_10_1689,-2.1805024,-0.3222486
c_1_10_1690,-0.7640486,-0.41192922
c_1_10_1691,-0.74303275,-0.25877702
c_1_10_1692,0.11087605,0.6319947
c_1_10_1693,0.5979088,-0.31730208
c_1_10_1694,-0.8850809,-0.39379498
c_1_10_1695,-1.4129851,-1.7748498
c_1_10_1696,-0.418557,0.062050797
c_1_10_1697,-0.46342358,2.344997
c_1_10_1698,-0.42706683,-1.0483578
c_1_10_1699,-1.1289,0.09208673
c_1_10_1700,0.29915127,0.8171727
c_1_10_1701,-1.1315724,-1.8415354
c_1_10_1702,-0.5832052,-2.0814695
c_1_10_1703,-1.6478258,-0.8858356
c_1_10_1704,-0.80676585,-0.74747247
c_1_10_1705,0.9508677,-0.36250687
c_1_10_1707,-0.6215671,1.151612
c_1_10_1708,-0.72422636,-1.5229307
c_1_10_1709,-0.8749458,-0.92765456
c_1_10_1710,-1.4728874,-2.5602286
c_1_10_1711,0.07073183,1.8471968
c_1_10_1712,-1.5898325,2.2599938
c_1_10_1713,-0.3705497,1.8848569
c_1_10_1714,-0.38021195,-1.7648022
c_1_10_1715,-0.9481444,-0.9939648
c_1_10_1716,-1.6075776,-0.22076689
c_1_10_1717,-0.36422947,0.12258202
c_1_10_1718,-0.28990695,1.8949769
c_1_10_1719,-0.585763,-0.75568575
c_1_10_1720,-0.46884888,-1.1897329
c_1_10_1721,-0.78147125,-1.4337963
c_1_10_1722,0.15743597,0.18716712
c_1_10_1723,0.036240924,-0.18026724
c_1_10_1724,-1.0275142,-0.25664935
c_1_10_1725,-0.93894863,-0.52280176
c_1_10_1726,0.26154462,-0.16298944
c_1_10_1727,0.359004,0.1719793
c_1_10_1728,-0.91974044,-0.7176302
c_1_10_1729,-0.7526902,-1.1683344
c_1_10_1730,-1.5297946,-1.2324445
c_1_10_1731,-0.5047089,-0.040080357
c_1_10_1732,-0.9878127,0.50914955
c_1_10_1734,1.8297985,-0.98946446
c_1_10_1735,-0.41408372,-1.5536429
c_1_10_1736,2.3301392,-1.2825171
c_1_10_1737,-0.7521481,-1.6608226
c_1_10_1738,-0.25075722,-0.6961014
c_1_10_1739,-0.1622361,-1.7670488
c_1_10_1740,0.49480882,-1.1599685
c_1_10_1741,-1.4164112,-0.54422075
c_1_10_1742,0.28067166,0.1300577
c_1_10_1743,0.30029765,0.18661658
c_1_10_1744,-0.38012382,-0.77829844
c_1_10_1745,0.28080204,-0.48009232
c_1_10_1746,-1.151166,0.5193736
c_1_10_1748,-1.3211156,-0.17905091
c_1_10_1749,-0.7201568,-1.1988862
c_1_10_1750,-2.202537,-1.0927254
c_1_10_1751,-0.9972042,-0.83249396
c_1_10_1752,-0.9405628,-1.854348
c_1_10_1753,-0.30029365,-0.63338906
c_1_10_1754,-1.3758794,2.0729299
c_1_10_1755,-0.19608419,-1.2396667
c_1_10_1756,-0.63719654,0.05288546
c_1_10_1757,-0.4516652,0.57639277
c_1_10_1758,-0.9615453,1.2356417
c_1_10_1759,0.35891822,0.08574597
c_1_10_1760,-0.42502397,-0.66182363
c_1_10_1761,-0.8814574,-0.21730742
c_1_10_1762,-0.7203016,-2.3077765
c_1_10_1763,-1.494,-0.89740056
c_1_10_1764,-0.5839453,-3.017531
c_1_10_1765,-1.5448383,-2.7638066
c_1_10_1766,-0.7356933,-1.3748518
c_1_10_1767,-0.79624593,0.11730993
c_1_10_1768,1.841,-0.2944052
c_1_10_1769,-1.8228818,-2.122062
c_1_10_1770,-2.2125566,-2.795596
c_1_10_1771,-0.62917167,-0.71444744
c_1_10_1772,-0.38506415,0.9647591
c_1_10_1773,-1.7029674,-0.554699
c_1_10_1774,0.703935,-0.6583262
c_1_10_1775,-1.0148165,-1.1046855
c_1_10_1776,-0.84333014,-0.8718778
c_1_10_1777,-1.1266633,-1.2946292
c_1_10_1778,-0.68925846,-0.050206352
c_1_10_1779,-0.42879555,-0.34688747
c_1_10_1780,-1.1242552,-1.6107764
c_1_10_1781,-0.8502605,-1.871152
c_1_10_1782,-0.93839014,-2.3271117
c_1_10_1783,-0.94312865,-1.7886423
c_1_10_1784,-1.5098456,-0.91899216
c_1_10_1785,-1.6915447,-2.897065
c_1_10_1786,-0.7038536,-1.7400414
c_1_10_1787,-0.26959446,-2.209981
c_1_10_1788,-0.16631138,1.4074816
c_1_10_1789,0.049455695,-2.379616
c_1_10_1790,-0.55137676,-0.6485552
c_1_10_1791,-0.8782632,-0.109007046
c_1_10_1792,-1.3445458,0.73138773
c_1_10_1793,-0.79748625,-0.21721031
c_1_10_1794,-1.6645262,-0.30732855
c_1_10_1795,-0.4959254,-0.9690685
c_1_10_1796,-1.3325561,-0.009742629
c_1_10_1797,-1.108455,-2.8118584
c_1_10_1798,-1.2538071,0.76433074
c_1_10_1799,0.0384262,-1.2224964
c_1_10_1800,-1.1740391,-0.770208
c_1_10_1801,0.055001482,-0.7902802
c_1_10_1802,-0.50709957,-0.3118149
c_1_10_1803,0.756535,-1.1703823
c_1_10_1804,1.429668,-0.030247176
c_1_10_1805,-1.0858216,-0.91732484
c_1_10_1806,0.034701563,-0.24440368
c_1_10_1807,-1.3063093,-0.59203434
c_1_10_1808,-0.15039161,-1.1138659
c_1_10_1809,-0.65685374,-1.0289013
c_1_10_1810,-1.7059389,-2.6886456
c_1_10_1811,-0.38315523,1.122397
c_1_10_1812,-0.7695356,2.0411394
c_1_10_1813,-0.72738403,-0.80968297
c_1_10_1814,-0.47227424,0.53862166
c_1_10_1815,-2.2660768,-0.45340228
c_1_10_1816,-1.0115743,-0.80943686
c_1_10_1817,-1.8531346,-0.5512525
c_1_10_1818,0.33016917,-0.1362127
c_1_10_1819,-0.36353528,-0.490175
c_1_10_1820,0.008071954,0.35849345
c_1_10_1821,-1.1147923,-0.4993916
c_1_10_1822,-0.8945151,-1.1373171
c_1_10_1823,-1.4558699,-1.3326503
c_1_10_1824,-2.0252266,0.07315506
c_1_10_1825,2.4236789,-0.631567
c_1_10_1826,0.47065786,-1.0143133
c_1_10_1827,0.8639949,-0.40810376
c_1_10_1828,-1.4690611,0.5914706
c_1_10_1829,-1.0258636,0.33467785
c_1_10_1830,-0.045916542,-1.9765686
c_1_10_1831,-1.2058622,-0.18188804
c_1_10_1832,-0.93459237,0.48539472
c_1_10_1833,-0.5945283,0.081218116
c_1_10_1834,-0.8572652,-1.1018733
c_1_10_1835,-1.0802583,-0.46523857
c_1_10_1836,-2.0121799,-1.4313847
c_1_10_1837,-1.1987377,-0.7480589
c_1_10_1838,-0.5379256,-0.59046453
c_1_10_1839,-1.3960727,-1.7868184
c_1_10_1840,-0.98429507,0.9582164
c_1_10_1841,0.25623745,-0.1396879
c_1_10_1842,0.15075967,0.9984998
c_1_10_1843,-1.0932974,-0.94259596
c_1_10_1844,-0.46848065,-0.8857316
c_1_10_1845,-0.9610534,-1.3345239
c_1_10_1846,-0.96015227,-0.44278824
c_1_10_1847,1.1643835,-0.52046704
c_1_10_1848,-1.0884899,-0.7366535
c_1_10_1849,-0.4586383,-1.6148727
c_1_10_1850,0.38866884,-0.6992345
c_1_10_1851,-2.029554,0.18918122
c_1_10_1852,-0.2846936,-2.073763
c_1_10_1853,-1.3132429,-0.8083355
c_1_10_1854,0.23016451,-1.398178
c_1_10_1855,-1.7944846,-0.94451135
c_1_10_1856,-1.2535304,-0.48317224
c_1_10_1857,0.50530267,1.1583374
c_1_10_1858,-1.1960444,-2.19625
c_1_10_1859,-0.815714,-1.0060198
c_1_10_1860,0.15016484,0.25577745
c_1_10_1861,-0.70193154,-1.2739173
c_1_10_1862,-1.5356925,-2.14854
c_1_10_1863,-0.48346025,-2.3363233
c_1_10_1864,-1.2073262,-1.0725588
c_1_10_1865,-0.13956484,-0.10959672
c_1_10_1866,1.9323845,-0.75446856
c_1_10_1867,-0.12012005,0.05374815
c_1_10_1868,-1.0111623,0.010126338
c_1_10_1869,-0.5059192,-0.87457067
c_1_10_1870,1.572574,0.6681732
c_1_10_1871,-0.73038495,-1.1401913
c_1_10_1872,-1.4188678,0.73124325
c_1_10_1873,-0.15691401,-1.460711
c_1_10_1874,-0.4522864,-1.5465766
c_1_10_1875,0.87256926,-0.5764545
c_1_10_1876,0.59519815,-0.72697437
c_1_10_1877,-0.7264286,-0.763308
c_1_10_1878,0.1680962,-0.9133095
c_1_10_1879,-0.6493983,-1.4540174
c_1_10_1881,0.12257337,-0.1313924
c_1_10_1882,-1.4048563,-2.294045
c_1_10_1883,0.21201137,-1.9993826
c_1_10_1884,0.45728555,-0.77831066
c_1_10_1885,-0.2264803,-0.55193406
c_1_10_1886,-0.08172702,-0.24313693
c_1_10_1888,-0.21815605,0.5022996
c_1_10_1889,-0.80947524,0.41158
c_1_10_1890,-2.0254133,0.4209872
c_1_10_1891,-1.1728659,-1.6397954
c_1_10_1894,-1.0020436,-0.3894256
c_1_10_1895,-1.8270215,-1.7250006
c_1_10_1896,-1.1779343,0.45830452
c_1_10_1897,0.4490185,-1.2104975
c_1_10_1898,-1.054161,0.054547194
c_1_10_1899,-1.2574692,-1.5398226
c_1_10_1900,1.0398778,-0.7203092
c_1_10_1901,-0.8177989,0.45848343
c_1_10_1902,-0.6871402,-0.12574695
c_1_10_1903,-0.12051408,-1.057432
c_1_10_1904,0.5483329,-0.094687186
c_1_10_1905,-0.53238994,-0.3118372
c_1_10_1906,-0.7292727,-0.55568373
c_1_10_1909,1.4194928,-0.0645532
c_1_10_1910,-0.81895435,-0.6069223
c_1_10_1911,-0.9347401,-0.14995076
c_1_10_1912,0.93673545,-0.16548584
c_1_10_1913,-1.0854203,-1.2195272
c_1_10_1914,0.32839543,-0.06478346
c_1_10_1915,-1.3071175,-0.42415068
c_1_10_1916,0.9233821,-0.95410204
c_1_10_1917,-0.16179329,-0.8163854
c_1_10_1918,-0.3132485,-0.6938394
c_1_10_1919,-0.6588336,-0.15295294
c_1_10_1920,-0.53891295,-0.27052122
c_1_10_1921,2.5078647,0.7549999
c_1_10_1922,-1.2995509,-0.024240179
c_1_10_1923,-0.8168118,-0.20057863
c_1_10_1924,-0.19399591,-1.339571
c_1_10_1926,-0.014656092,-0.600255
c_1_10_1927,1.8285918,0.11038597
c_1_10_1928,-0.09022229,-0.85511047
c_1_10_1929,-1.4825379,-0.33237022
c_1_10_1930,0.41405317,-0.45838553
c_1_10_1931,-0.5359732,-1.2848377
c_1_10_1932,-0.3773115,1.5812935
c_1_10_1933,-0.32894832,-0.64321536
c_1_10_1935,-0.6546523,-1.4174501
c_1_10_1936,-1.1215615,-0.16290516
c_1_10_1937,-0.7711646,-0.6782061
c_1_10_1938,-0.76581824,-0.9171122
c_1_10_1939,-0.6057251,-1.0011959
c_1_10_1940,-0.37905747,-0.55429786
c_1_10_1941,-0.44172004,-0.5773923
c_1_10_1942,0.48313206,-2.0799305
c_1_10_1943,-0.27100664,-0.22551958
c_1_10_1944,-0.67756546,-0.22184725
c_1_10_1945,-0.42424512,1.7284108
c_1_10_1946,0.96311724,-0.6135911
c_1_10_1948,-0.44223836,-0.41180903
c_1_10_1949,0.1634517,1.53395
c_1_10_1950,-0.6792603,0.38905647
c_1_10_1951,0.15788873,-0.8134402
c_1_10_1952,-2.119248,0.016605685
c_1_10_1953,-1.1972808,0.045083527
c_1_10_1954,-1.4741572,-0.29217768
c_1_10_1955,-1.4791975,-1.0094042
c_1_10_1956,-1.4187324,-1.0685778
c_1_10_1957,-1.0181161,-0.97974473
c_1_10_1959,-1.8366911,-0.16039178
c_1_10_1960,0.7278477,0.5249718
c_1_10_1964,-0.530144,3.014622
c_1_10_1965,-1.112295,1.5264941
c_1_10_1966,-0.2746174,-0.17181821
c_1_10_1967,-0.22020002,-1.6258817
c_1_10_1968,-0.5616144,-1.9110352
c_1_10_1969,-1.9332634,-1.2653519
c_1_10_1970,-0.7327358,-0.6591181
c_1_10_1971,-0.44188467,-1.3845272
c_1_10_1972,0.59488076,-0.6569328
c_1_10_1973,-2.1021705,-1.9691954
c_1_10_1974,-0.5441023,-2.3688755
c_1_10_1976,-0.58198094,1.6841043
c_1_10_1978,-0.7175868,0.4516658
c_1_10_1979,-1.2918434,2.6316333
c_1_10_1980,-0.53704953,-1.5034827
c_1_10_1981,-0.14489962,-0.4999854
c_1_10_1982,0.64491767,-0.9145491
c_1_10_1983,-0.12115611,-1.1311108
c_1_10_1984,-1.7245785,-1.5568745
c_1_10_1985,-0.12835473,0.7667689
c_1_10_1986,-1.3593434,1.8157356
c_1_10_1987,-0.61786294,-1.4226156
c_1_10_1988,0.1240996,1.1723838
c_1_10_1989,-0.28590706,0.6905672
c_1_10_1990,-1.0323254,-1.1927689
c_1_10_1991,-0.4897967,-0.836936
c_1_10_1992,-1.7501888,-0.39838615
c_1_10_1993,-1.1096613,-0.15291256
c_1_10_1994,-0.39441037,-1.1333419
c_1_10_1995,0.22084351,-1.8724039
c_1_10_1996,-1.1616372,-0.90716404
c_1_10_1997,-1.5902526,0.57340926
c_1_10_1998,-1.8422701,-0.6376989
c_1_10_1999,-0.23536062,0.77472854
c_1_10_2000,-0.35808432,-0.63305986
c_1_10_2001,3.1404428,1.455703
c_1_10_2002,1.8575437,-0.40406355
c_1_10_2003,-1.7155361,-0.64507747
c_1_10_2004,-1.5350266,-0.05327131
c_1_10_2005,-0.55796456,-1.1165572
c_1_10_2006,-1.4949791,-1.1693122
c_1_10_2007,-0.660065,-1.1565241
c_1_10_2008,0.63191867,0.5466526
c_1_10_2009,-0.22639592,1.7683928
c_1_10_2010,-0.50791854,4.1220965
c_1_10_2011,-0.8223976,0.5090294
c_1_10_2012,-1.614456,-2.6900487
c_1_10_2013,-0.042597413,0.44911644
c_1_10_2014,-1.552684,-1.3500323
c_1_10_2015,0.38004446,-0.83930373
c_1_10_2016,-1.3297709,-0.9022935
c_1_10_2017,-1.2612746,-1.0551052
c_1_10_2018,-2.2397878,7.241073
c_1_10_2019,-1.1420374,0.699246
c_1_10_2020,-0.12565273,-0.107127875
c_1_10_2021,-1.0172269,-0.25272137
c_1_10_2022,-1.4330747,-0.064793944
c_1_10_2023,-2.094816,-2.6334596
c_1_10_2024,-0.5046298,0.393097
c_1_10_2025,0.38649285,-1.241326
c_1_10_2026,-0.63127196,-0.83866346
c_1_10_2027,-0.29535758,-1.1314256
c_1_10_2028,1.7837901,-1.3168184
c_1_10_2029,-1.5442209,1.4363165
c_1_10_2030,-0.34274822,-0.5092405
c_1_10_2032,-0.27907112,0.43630534
c_1_10_2033,-0.28411865,-0.541496
c_1_10_2034,-1.2317913,0.39295444
c_1_10_2035,-1.3561753,2.174348
c_1_10_2036,-1.599659,3.38718
c_1_10_2037,-1.4103602,4.057723
c_1_10_2038,-0.054534875,-0.074335426
c_1_10_2039,0.6470565,-0.919644
c_1_10_2040,-1.9934922,-0.49313152
c_1_10_2041,-1.3268071,-0.52726024
c_1_10_2042,1.0421431,0.5519333
c_1_10_2043,-1.1517414,-1.1941617
c_1_10_2044,-0.45564106,1.8609082
c_1_10_2045,-1.0021709,1.0474726
c_1_10_2046,-0.45217517,1.2320516
c_1_10_2047,-1.2802413,-1.1898264
c_1_10_2048,-1.5664375,-0.50720465
c_1_10_2049,-2.1814542,-0.64520735
c_1_10_2050,-0.88387716,-0.554841
c_1_10_2051,-1.4017582,0.043624006
c_1_10_2052,-1.0718493,2.3038592
c_1_10_2053,-0.9808961,-0.80930376
c_1_10_2054,-1.2269412,0.09731736
c_1_10_2056,-0.79884297,-0.6936117
c_1_10_2057,-1.400489,-0.63472927
c_1_10_2058,-1.1702833,2.9680426
c_1_10_2059,-0.9550949,-0.7575342
c_1_10_2060,-1.4103214,-0.70004684
c_1_10_2061,-1.0685773,-1.4798895
c_1_10_2063,-1.5761607,0.32084984
c_1_10_2064,-1.0738078,-0.6725143
c_1_10_2065,-1.6904633,0.6111319
c_1_10_2066,-0.6167939,2.0713925
c_1_10_2067,-0.76937854,0.84823865
c_1_10_2068,-0.32853708,2.615619
c_1_10_2069,-1.2501082,-0.8578623
c_1_10_2070,-0.8069009,0.82455736
c_1_10_2071,-0.15336244,0.03127104
c_1_10_2072,-0.56614375,0.028779853
c_1_10_2073,-0.4101837,-2.0663683
c_1_10_2075,-0.7368886,-0.3617191
c_1_10_2076,-0.5289209,2.7440012
c_1_10_2077,-0.7243764,1.6011246
c_1_10_2078,0.71076816,-1.2087953
c_1_10_2079,-1.1804346,1.0226139
c_1_10_2080,-0.41999456,-0.2635781
c_1_10_2081,-0.918738,0.7385943
c_1_10_2082,-0.8455177,1.5993118
c_1_10_2083,-1.5357403,2.4696145
c_1_10_2084,-0.37909228,-2.1159954
c_1_10_2085,-0.20839518,-0.38658503
c_1_10_2086,-1.0229394,-0.5753854
c_1_10_2087,0.07210532,0.5848827
c_1_10_2088,-0.8076111,-2.2147849
c_1_10_2089,-0.9720376,0.24896826
c_1_10_2090,-0.5886305,-3.199553
c_1_10_2091,-1.6671575,0.24735838
c_1_10_2092,-0.6348652,-1.0608168
c_1_10_2093,-1.1345384,2.5689025
c_1_10_2094,-0.21590124,1.2756591
c_1_10_2095,0.68338853,1.2526212
c_1_10_2098,-1.0786754,-1.8351928
c_1_10_2099,-1.823572,-1.4540476
c_1_10_2100,-0.7318,0.16044863
c_1_10_2101,-1.1863705,-0.012843709
c_1_10_2102,0.117307074,-1.2136966
c_1_10_2103,-1.2823762,-0.34856415
c_1_10_2104,0.6165358,2.6016443
c_1_10_2105,-1.5247418,-0.78883445
c_1_10_2106,-0.8428733,-0.6190718
c_1_10_2107,-1.2854371,1.2037492
c_1_10_2108,-1.1959907,0.8359718
c_1_10_2109,0.39822522,-0.946581
c_1_10_2110,-0.6891958,0.94178617
c_1_10_2112,-0.19479807,-1.5663955
c_1_10_2113,-0.20574409,-0.4624862
c_1_10_2114,-0.67729384,1.3819315
c_1_10_2115,-0.1879573,-0.73773515
c_1_10_2116,-0.7052399,0.074963406
c_1_10_2117,-1.7557073,1.0415564
c_1_10_2118,-0.8616346,5.3636827
c_1_10_2119,-0.34725538,-1.1438855
c_1_10_2120,0.27218825,0.14227444
c_1_10_2121,-0.27376333,4.1644473
c_1_10_2122,-0.27524567,1.3279407
c_1_10_2123,-2.0706859,1.1231493
c_1_10_2124,0.47836375,0.85688704
c_1_10_2125,-0.6143237,-0.81545764
c_1_10_2126,-1.1131139,3.2853854
c_1_10_2127,-1.6722046,-0.5081613
c_1_10_2128,-1.4021052,-0.21706876
c_1_10_2129,-1.374996,-0.71078974
c_1_10_2130,-0.5510856,-0.64964783
c_1_10_2131,-0.33654678,-0.029270263
c_1_10_2132,-1.468761,1.3212343
c_1_10_2133,-0.80744576,0.55120105
c_1_10_2134,-2.2011356,5.160033
c_1_10_2135,-0.04029713,-0.57441014
c_1_10_2136,-1.8240392,-1.250031
c_1_10_2137,-0.33118618,-1.1460812
c_1_10_2138,-1.2670752,1.5474522
c_1_10_2139,-0.37408966,-1.0498981
c_1_10_2140,-2.2532299,2.9637122
c_1_10_2141,-0.89325815,-1.1396732
c_1_10_2142,0.37481624,-1.4441936
c_1_10_2143,-0.38260227,-0.031732403
c_1_10_2144,-0.78617877,-1.8344954
c_1_10_2145,-0.6317235,1.8648394
c_1_10_2146,-1.9962369,1.8914148
c_1_10_2147,0.30028993,0.21726967
c_1_10_2148,-0.48626763,-1.3843502
c_1_10_2149,0.11024438,0.3195986
c_1_10_2150,-1.2154078,-1.6215416
c_1_10_2151,-1.1728187,2.0380769
c_1_10_2152,-1.3830547,2.2110546
c_1_10_2153,0.27487075,-1.6357002
c_1_10_2154,-0.78179455,4.247745
c_1_10_2155,-2.0103889,0.41436666
c_1_10_2156,-1.5105205,4.4245057
c_1_10_2157,-0.48758858,-0.46228486
c_1_10_2158,-1.8125309,2.1499455
c_1_10_2159,-0.45942062,0.12876153
c_1_10_2160,-1.5611756,6.6940336
c_1_10_2162,-0.39755863,-0.4746411
c_1_10_2163,-1.0232189,-0.7077805
c_1_10_2164,-1.4252744,0.019689927
c_1_10_2165,-0.5145606,-0.3518013
c_1_10_2166,-0.7999606,-1.4911304
c_1_10_2167,-1.8053945,-1.1440227
c_1_10_2168,-1.4874911,0.7582341
c_1_10_2169,-2.0283878,6.134199
c_1_10_2170,0.9251112,0.5736449
c_1_10_2171,1.0926409,-0.92514586
c_1_10_2172,-0.47991097,0.5353498
c_1_10_2173,-1.0344652,0.7045345
c_1_10_2174,-2.6318502,2.4161713
c_1_10_2175,-1.2594906,1.3660531
c_1_10_2176,-0.48501444,-1.8223593
c_1_10_2177,-0.9760462,0.53017354
c_1_10_2178,-0.91515636,-2.0485313
c_1_10_2179,-1.8803886,5.4098487
c_1_10_2180,-0.8042039,-1.851876
c_1_10_2181,-0.23937489,-1.1875213
c_1_10_2182,-0.88129,0.10526314
c_1_10_2183,1.1817595,-2.0924342
c_1_10_2184,-0.7890258,-1.6870933
c_1_10_2185,-0.5382071,-0.4638387
c_1_10_2186,-1.2589961,0.13828257
c_1_10_2187,-2.3896284,5.7085147
c_1_10_2188,-0.26739836,2.5619261
c_1_10_2189,-0.7315973,1.279696
c_1_10_2190,-0.7818958,-0.9452415
c_1_10_2191,-0.8020427,1.9109625
c_1_10_2192,-1.785429,5.1907578
c_1_10_2193,-1.534615,-2.6852164
c_1_10_2194,0.4584865,0.33738723
c_1_10_2195,0.7760855,1.0861887
c_1_10_2196,-0.6517021,-1.4042507
c_1_10_2197,-0.006099454,-0.56849426
c_1_10_2198,-2.7910938,5.7420497
c_1_10_2199,-0.9619841,0.92072546
c_1_10_2201,-0.3030422,-0.28521556
c_1_10_2203,-1.5119138,-1.5706161
c_1_10_2205,0.40536118,0.4188696
c_1_10_2206,-0.96806216,0.63363296
c_1_10_2207,-0.45875016,-1.1970909
c_1_10_2208,-1.0503106,0.9175213
c_1_10_2209,-0.3124275,-1.3411806
c_1_10_2210,-1.5386835,-1.2904544
c_1_10_2211,-0.39356014,-0.65663624
c_1_10_2212,-1.1878219,-0.8635076
c_1_10_2214,-0.9760321,1.6323293
c_1_10_2215,-0.37159485,0.032196514
c_1_10_2216,-0.47889185,1.7011932
c_1_10_2217,-1.4999815,5.631037
c_1_10_2218,-0.6953981,-0.710916
c_1_10_2219,2.2125795,0.53693926
c_1_10_2221,-2.5666203,-0.19810057
c_1_10_2222,0.91292566,1.4428533
c_1_10_2223,-2.36137,-2.0019348
c_1_10_2224,-0.506017,-0.6921096
c_1_10_2225,-0.7523235,-0.05896346
c_1_10_2226,-0.5962517,-0.9412152
c_1_10_2227,-0.013516929,0.72966826
c_1_10_2228,-1.8329127,6.266564
c_1_10_2229,-0.9346634,1.1688453
c_1_10_2230,-0.22311749,-0.3360902
c_1_10_2231,-0.5573662,-1.7426121
c_1_10_2232,-0.5136623,-1.2963579
c_1_10_2234,-0.13633363,0.437604
c_1_10_2235,-2.3057666,0.44867486
c_1_10_2236,-2.7201922,-2.0104487
c_1_10_2238,-2.090237,-2.1645882
c_1_10_2239,-0.44354066,-0.79753745
c_1_10_2240,-0.58356076,0.4951107
c_1_10_2241,-1.3837595,-0.5026741
c_1_10_2242,-2.2344265,1.9316418
c_1_10_2243,-1.314935,-1.031688
c_1_10_2244,-0.62349725,0.41447604
c_1_10_2245,-0.8909937,2.2682223
c_1_10_2246,-0.46079168,2.0916214
c_1_10_2247,-1.6237199,0.097529486
c_1_10_2248,1.4130911,-1.1373321
c_1_10_2249,-1.2127163,-0.56566525
c_1_10_2250,-1.2851768,1.6757345
c_1_10_2251,-1.2213184,0.73303014
c_1_10_2252,-1.5399954,5.5826664
c_1_10_2253,-1.2480733,-0.4040259
c_1_10_2254,-0.14819606,1.1891667
c_1_10_2255,-1.5144914,6.179777
c_1_10_2256,2.7095098,0.56963617
c_1_10_2257,-1.7564524,0.3304605
c_1_10_2258,-0.61824155,1.5527613
c_1_10_2259,-1.5372858,1.1546086
c_1_10_2260,-1.6669899,-1.6681327
c_1_10_2261,-0.79543704,-1.1823325
c_1_10_2262,-0.00011552979,-0.9197826
c_1_10_2263,-0.12084098,-0.9960733
c_1_10_2264,-0.8234669,1.7829581
c_1_10_2265,-0.8888782,2.0125792
c_1_10_2266,-1.4117169,2.784655
c_1_10_2267,-1.1589886,0.104719
c_1_10_2268,-1.4245695,-1.3184953
c_1_10_2269,-1.1547244,-0.9532584
c_1_10_2271,-0.47282365,2.8538082
c_1_10_2272,-1.548548,-0.6775515
c_1_10_2273,-1.9666191,0.9840727
c_1_10_2274,-2.8148904,-1.7736481
c_1_10_2275,0.32033977,-1.6016284
c_1_10_2276,-0.5621756,-0.51925075
c_1_10_2277,-1.8241389,-0.42078277
c_1_10_2279,-1.3386972,-0.87719786
c_1_10_2280,-0.31518334,-1.4545747
c_1_10_2281,-1.3308648,-0.1466262
c_1_10_2282,-0.11710974,1.0363522
c_1_10_2283,-2.0626652,-1.2365229
c_1_10_2284,-1.9441661,-1.6817943
c_1_10_2285,-0.54065394,0.043580484
c_1_10_2286,0.9938661,-0.9335658
c_1_10_2287,-0.45847535,-0.33753887
c_1_10_2288,-0.46359995,1.1366669
c_1_10_2289,-2.0262442,3.896048
c_1_10_2290,-1.9524361,2.4862623
c_1_10_2291,0.3386572,-1.4131168
c_1_10_2292,0.6832149,-1.0897526
c_1_10_2294,-0.14445081,-0.24950494
c_1_10_2295,-2.110489,-3.1455383
c_1_10_2296,1.7987357,-0.8882968
c_1_10_2297,-1.0630742,1.2798856
c_1_10_2298,2.7789838,0.77881664
c_1_10_2299,-1.8780127,-2.2251322
c_1_10_2300,-0.6296508,-0.31733787
c_1_10_2301,1.3499861,-0.19313237
c_1_10_2302,-0.87182957,-0.79867226
c_1_10_2303,0.32570067,-0.46831265
c_1_10_2304,-2.8916044,3.9927738
c_1_10_2305,-1.9019474,4.4782863
c_1_10_2306,-1.5649667,0.56959623
c_1_10_2307,-1.3558702,1.7209755
c_1_10_2308,-1.0670202,-0.0658632
c_1_10_2309,0.14136611,-2.840891
c_1_10_2310,1.0388658,-0.40707043
c_1_10_2311,-0.795049,2.3484213
c_1_10_2312,-1.2517742,3.0328648
c_1_10_2313,-1.2845426,-0.61118066
c_1_10_2314,0.31034845,-0.9982197
c_1_10_2315,-1.1446084,1.0508493
c_1_10_2317,-0.28938693,3.329004
c_1_10_2318,-0.9732098,-1.6830689
c_1_10_2319,-0.41817206,0.5549139
c_1_10_2320,-1.4494393,-2.364338
c_1_10_2321,3.33944,0.84461796
c_1_10_2322,0.06527388,-0.2681627
c_1_10_2323,0.76664495,0.31435663
c_1_10_2324,1.5529721,0.55190766
c_1_10_2325,-1.0048852,2.5140934
c_1_10_2326,-0.96539384,0.6537732
c_1_10_2327,-0.5357372,2.665644
c_1_10_2328,-1.2146132,-0.92783344
c_1_10_2329,-1.3558288,1.1021315
c_1_10_2330,-1.7161732,-0.9704387
c_1_10_2331,-1.3769351,1.273445
c_1_10_2332,0.79685163,0.14372231
c_1_10_2333,-0.7119757,-1.0225027
c_1_10_2334,-0.7005405,1.5484403
c_1_10_2335,0.8062146,2.4682608
c_1_10_2337,-0.91428983,-0.23305234
c_1_10_2338,-0.74564576,0.8979795
c_1_10_2339,-0.5745334,-2.7328267
c_1_10_2340,0.43913275,-0.18941925
c_1_10_2341,0.36701623,-0.99090916
c_1_10_2342,-0.6407976,-2.2401638
c_1_10_2343,-0.45122704,-1.8235459
c_1_10_2344,-0.9034523,2.1577098
c_1_10_2346,-0.4411963,0.9049493
c_1_10_2347,-0.057574563,-1.0690138
c_1_10_2348,-1.0037032,-0.25006622
c_1_10_2350,-0.8120932,-0.37321025
c_1_10_2351,-1.3924868,-0.5911832
c_1_10_2352,-1.2864774,-0.6035812
c_1_10_2353,-0.25409657,-0.7086006
c_1_10_2354,-0.74333537,-1.1491759
c_1_10_2355,0.5732061,-1.0985215
c_1_10_2356,0.1555878,-0.9687988
c_1_10_2357,-2.1559894,-0.48058143
c_1_10_2358,-1.4248592,1.4247327
c_1_10_2359,-0.04744482,-0.41811356
c_1_10_2360,-0.85422385,-1.3758699
c_1_10_2361,-1.2207738,-1.2401654
c_1_10_2362,-1.3911871,-0.28953227
c_1_10_2363,-1.5932796,-1.1907864
c_1_10_2365,-0.27089638,-0.56663513
c_1_10_2366,-1.1063516,-0.5207073
c_1_10_2367,-1.6945598,-0.60335624
c_1_10_2368,-1.0198969,0.1628654
c_1_10_2369,-0.7360974,1.0692729
c_1_10_2370,-1.1045829,1.316151
c_1_10_2371,-0.20297013,-0.8320189
c_1_10_2372,-0.16010879,1.6141148
c_1_10_2373,1.6690582,-0.55232424
c_1_10_2374,-1.056072,-1.2017232
c_1_10_2375,-0.8872717,-0.9832317
c_1_10_2376,0.14723368,-0.07097436
c_1_10_2377,-0.47234222,3.167645
c_1_10_2378,-1.671459,1.9537627
c_1_10_2379,0.7249272,-0.75862867
c_1_10_2380,0.09300633,-0.5604625
c_1_10_2381,-0.44111824,-0.5340051
c_1_10_2382,-0.5074062,2.1841044
c_1_10_2383,-0.49714893,2.571807
c_1_10_2384,-1.2587478,-1.2352922
c_1_10_2385,-0.14010514,1.2807854
c_1_10_2386,-0.5619266,-1.0907438
c_1_10_2387,-0.11636425,-1.3465735
c_1_10_2388,-0.8137456,0.8191252
c_1_10_2389,-0.9296822,0.7278624
c_1_10_2390,-1.6315914,-1.6974175
c_1_10_2391,-1.757846,3.0414548
c_1_10_2392,-0.75834674,-0.65826946
c_1_10_2393,-1.3273388,1.6393764
c_1_10_2394,0.43091416,1.9543737
c_1_10_2395,-0.6980885,0.79824597
c_1_10_2397,-1.135539,-1.7643775
c_1_10_2398,-0.58942395,1.546588
c_1_10_2399,-1.0597607,-1.1755152
c_1_10_2400,-1.3563696,1.57323
c_1_10_2401,-1.127885,1.9253391
c_1_10_2402,-1.0731423,-0.48618287
c_1_10_2403,-0.9150097,0.7232669
c_1_10_2404,-0.488369,0.5978561
c_1_10_2405,1.4017254,-0.8629432
c_1_10_2406,-1.332604,0.94620144
c_1_10_2407,0.43665814,-0.15076494
c_1_10_2408,-1.0687954,-0.68732816
c_1_10_2409,-1.8382751,-0.662929
c_1_10_2410,-0.9360927,-0.13160454
c_1_10_2411,-2.0202785,2.7113824
c_1_10_2412,-0.59809464,0.69417655
c_1_10_2413,-0.73777914,0.47002867
c_1_10_2414,0.016156638,1.5241951
c_1_10_2416,-1.1417773,1.1080675
c_1_10_2417,-0.41755018,1.3038291
c_1_10_2418,0.50630885,-2.6398625
c_1_10_2419,-1.1955535,1.3854167
c_1_10_2420,-0.15000263,-1.6534208
c_1_10_2421,-0.06215033,1.013686
c_1_10_2422,-0.41750556,1.4656488
c_1_10_2423,-1.2306263,-0.74303985
c_1_10_2424,-0.30285648,-1.2353029
c_1_10_2425,-1.4862858,1.7609688
c_1_10_2426,0.27946916,0.8650683
c_1_10_2427,-0.8009968,-0.040063478
c_1_10_2428,-0.9944303,2.0196614
c_1_10_2429,-0.25078028,0.42501417
c_1_10_2430,-2.0960553,0.53239083
c_1_10_2431,-0.27478427,-0.71177316
c_1_10_2432,-0.8638457,2.1897502
c_1_10_2433,-0.72902495,2.2826483
c_1_10_2434,-1.2110641,-0.17613317
c_1_10_2435,0.9789661,1.378397
c_1_10_2436,-1.9328684,3.5861752
c_1_10_2437,-1.0418153,1.133168
c_1_10_2438,-0.7828818,-0.5393676
c_1_10_2439,-0.93051606,1.6023254
c_1_10_2440,-0.5186275,0.8403316
c_1_10_2441,0.51622546,1.5357329
c_1_10_2442,-1.1261746,-0.8624677
c_1_10_2443,-0.26152772,2.07216
c_1_10_2444,-0.42519575,2.6251657
c_1_10_2445,-0.18987614,0.091347165
c_1_10_2446,-0.44793725,2.8036911
c_1_10_2447,-1.8085456,3.8398354
c_1_10_2448,-1.4279906,1.2273945
c_1_10_2449,-1.1159067,-0.6034212
c_1_10_2450,-0.54677284,-0.66920525
c_1_10_2451,-0.8199026,2.3772147
c_1_10_2452,1.4218436,-0.6879941
c_1_10_2453,-0.50490147,3.2604823
c_1_10_2454,-1.3136415,2.1463594
c_1_10_2455,-0.69556916,1.3372608
c_1_10_2456,-1.3152375,-1.1905469
c_1_10_2457,-0.8789016,2.0123868
c_1_10_2458,0.047737885,-0.22130272
c_1_10_2459,-1.1097437,2.454459
c_1_10_2460,-0.058556672,-0.13851278
c_1_10_2461,-1.5102991,-1.2123661
c_1_10_2462,-1.4574767,0.8929854
c_1_10_2463,0.60671324,-1.8879143
c_1_10_2464,-1.0358481,3.3751657
c_1_10_2465,-1.9342762,1.9202168
c_1_10_2466,-1.3202342,4.3269186
c_1_10_2467,-0.037081704,1.51002
c_1_10_2468,0.7834756,-1.0799067
c_1_10_2469,-1.3462237,3.6321535
c_1_10_2470,-0.6071091,0.07757233
c_1_10_2471,-0.7834481,-0.83476824
c_1_10_2472,-1.3625008,-1.7020425
c_1_10_2473,-1.8312796,4.2784505
c_1_10_2474,-1.2676375,0.30407932
c_1_10_2475,-1.9230549,0.88399965
c_1_10_2476,1.9137689,0.7908508
c_1_10_2477,-0.5241259,-1.4379865
c_1_10_2478,-1.0466288,-0.27459568
c_1_10_2479,-0.9713201,-1.3427311
c_1_10_2480,-0.26375186,1.5869027
c_1_10_2481,-1.043184,1.175929
c_1_10_2482,-1.9889266,3.931678
c_1_10_2483,-1.6525699,2.3868444
c_1_10_2484,-1.1662391,0.12755461
c_1_10_2485,-1.7662603,3.4917958
c_1_10_2486,0.6547008,2.1989694
c_1_10_2487,-0.41052103,-0.020458499
c_1_10_2488,-1.398547,0.7305753
c_1_10_2489,-1.2572116,2.6249921
c_1_10_2490,-0.9995415,-1.3403349
c_1_10_2491,-1.1815753,-1.5096958
c_1_10_2492,-0.6908246,5.6774516
c_1_10_2493,-1.2580806,1.7012879
c_1_10_2494,-1.3593609,-1.3989487
c_1_10_2496,-2.0629506,-3.189805
c_1_10_2497,-1.1442033,2.1660664
c_1_10_2498,-0.99896663,7.6773796
c_1_10_2499,-1.116027,-0.12558092
c_1_10_2500,-0.97774804,0.48024198
c_1_10_2501,-1.3214,1.9692667
c_1_10_2502,-1.5321704,1.5261513
c_1_10_2503,-0.9305418,-1.2290249
c_1_10_2504,-1.4354986,2.0078502
c_1_10_2505,0.113516934,-0.2559144
c_1_10_2506,-1.189578,2.900124
c_1_10_2507,-0.8462927,1.6947043
c_1_10_2508,1.1426651,0.23936182
c_1_10_2509,-1.9678868,3.8199182
c_1_10_2510,-0.38990673,-0.70072246
c_1_10_2511,-1.5651062,4.8913283
c_1_10_2512,0.5231452,0.24891244
c_1_10_2513,1.0629047,-0.62190497
c_1_10_2514,-1.828139,3.9313805
c_1_10_2515,-0.29485676,-1.4692668
c_1_10_2516,-1.1916287,1.0541185
c_1_10_2517,2.5857694,0.1174673
c_1_10_2518,-1.2105013,0.6834718
c_1_10_2519,-0.96794546,0.044753317
c_1_10_2520,-0.96965724,3.7171001
c_1_10_2521,-0.90283525,-1.0385348
c_1_10_2522,-0.7500049,2.5988028
c_1_10_2523,-1.1060077,-0.54781467
c_1_10_2524,1.2502294,0.18382223
c_1_10_2525,-1.0905296,-1.276251
c_1_10_2526,-2.1304839,-1.2282382
c_1_10_2527,1.5257971,4.0976725
c_1_10_2528,-1.1017569,-0.6329416
c_1_10_2529,-0.69464964,1.1612194
c_1_10_2530,-1.3067418,4.9201403
c_1_10_2531,-0.4848506,0.010371224
c_1_10_2532,-1.8844334,-0.71564084
c_1_10_2533,-1.6948113,2.3608453
c_1_10_2534,-1.2718031,-1.7852181
c_1_10_2535,0.41353124,2.588552
c_1_10_2536,0.20763354,-0.4184336
c_1_10_2537,-1.1388928,-1.8961458
c_1_10_2538,0.51484317,-1.1736006
c_1_10_2539,-0.83146054,1.5732322
c_1_10_2540,0.20272495,6.290559
c_1_10_2541,-0.7961819,0.7756431
c_1_10_2542,0.2373834,-0.19869617
c_1_10_2543,-2.0613992,-1.81638
c_1_10_2544,-1.220402,1.5371233
c_1_10_2546,-0.11808471,-0.52873665
c_1_10_2547,-1.5526576,4.55991
c_1_10_2548,-0.45426694,1.1253057
c_1_10_2549,-0.989363,3.049934
c_1_10_2550,-0.17012721,1.5013025
c_1_10_2551,-1.0341632,2.7510593
c_1_10_2552,-0.6812288,1.2706577
c_1_10_2553,0.25491527,0.15836456
c_1_10_2554,1.0148551,-0.23200393
c_1_10_2555,-0.008400056,-0.9472988
c_1_10_2556,0.16687216,1.332115
c_1_10_2557,-1.0934227,-0.034751453
c_1_10_2558,-0.578893,0.51542336
c_1_10_2559,-0.9964683,3.0744379
c_1_10_2560,-0.14191703,-1.130609
c_1_10_2562,-0.83974844,1.6450514
c_1_10_2563,-0.31261706,0.95319587
c_1_10_2564,0.25372577,0.20653765
c_1_10_2565,-0.06889154,1.2572658
c_1_10_2566,-2.447739,0.36940417
c_1_10_2567,-0.7664695,2.0138884
c_1_10_2568,-0.11345787,0.9419236
c_1_10_2569,-2.2922316,5.799864
c_1_10_2570,-1.7743641,2.7492
c_1_10_2571,-2.108659,2.8897038
c_1_10_2572,-1.0378643,-0.4460682
c_1_10_2573,0.75520784,-1.2510768
c_1_10_2574,-0.13874005,-1.0456063
c_1_10_2575,0.11985115,-0.79866564
c_1_10_2576,-1.07104,1.1640768
c_1_10_2577,-1.8080677,2.999994
c_1_10_2578,0.71508956,-0.8001583
c_1_10_2579,-0.06690049,3.1762235
c_1_10_2580,-1.1079934,-0.8692885
c_1_10_2581,-0.8908284,1.9772657
c_1_10_2582,-0.58564234,-0.9581628
c_1_10_2583,-0.4714981,1.2824463
c_1_10_2584,-1.165354,-1.3523637
c_1_10_2586,-1.2038916,0.8430794
c_1_10_2587,-2.0202382,1.4750655
c_1_10_2588,-2.0326662,4.6620064
c_1_10_2589,-1.3537315,-1.4913965
c_1_10_2590,-0.2099914,1.9551274
c_1_10_2592,0.19380134,3.2498643
c_1_10_2593,-1.6651026,-2.765749
c_1_10_2594,-0.63308245,-0.79191965
c_1_10_2595,-1.8066028,-0.7406432
c_1_10_2596,-1.5424129,2.714901
c_1_10_2597,-0.68464136,1.5039244
c_1_10_2598,-0.78019434,-0.14054276
c_1_10_2599,-0.94328463,-0.6031951
c_1_10_2600,-1.2072574,-0.9319669
c_1_10_2601,-1.8704008,-0.6706087
c_1_10_2602,-0.7818611,2.1389663
c_1_10_2603,-0.8386363,3.2237632
c_1_10_2604,-2.5261948,3.7892697
c_1_10_2605,0.23979951,-0.7119595
c_1_10_2606,-1.1969308,-0.12261429
c_1_10_2607,0.7553529,1.4757754
c_1_10_2608,-1.5459749,5.1179867
c_1_10_2609,0.062074948,-0.970363
c_1_10_2610,0.6966505,0.01428978
c_1_10_2611,-1.83697,0.14577012
c_1_10_2612,-0.47529066,3.0702176
c_1_10_2613,-1.1798542,1.3094927
c_1_10_2614,-0.9339136,1.2382022
c_1_10_2615,-0.79569477,-0.6700872
c_1_10_2616,-1.8603902,4.525795
c_1_10_2617,-1.5752947,2.1221502
c_1_10_2618,-1.4359176,3.0735703
c_1_10_2619,-1.0170237,3.0640976
c_1_10_2620,-0.24426895,0.47178072
c_1_10_2622,-0.65120435,-2.5399666
c_1_10_2623,0.97982544,-1.0027823
c_1_10_2624,-0.7052729,-0.2991458
c_1_10_2625,-0.5215806,-0.22634093
c_1_10_2626,1.4184904,0.19509414
c_1_10_2627,0.114433095,0.5548521
c_1_10_2628,-1.3038746,-1.1864812
c_1_10_2629,-0.42403093,2.1060843
c_1_10_2630,-1.9003315,3.4115777
c_1_10_2631,-1.6363876,-0.039181225
c_1_10_2632,-0.9611018,0.07689083
c_1_10_2633,0.7168052,0.15269716
c_1_10_2634,-1.2074553,1.0593073
c_1_10_2635,2.4844375,1.3870045
c_1_10_2636,-0.391284,-1.3965229
c_1_10_2637,-2.0567718,-2.608625
c_1_10_2638,0.8166395,-1.2487576
c_1_10_2639,-1.2858045,-1.430299
c_1_10_2640,-0.8972887,2.27771
c_1_10_2641,-2.4237437,6.8511553
c_1_10_2642,-0.640377,-0.8996581
c_1_10_2643,0.028037967,0.07076538
c_1_10_2644,-0.8801334,-0.20764804
c_1_10_2645,-0.21388908,3.1482956
c_1_10_2646,-2.6915975,-3.4656792
c_1_10_2647,-0.6078473,1.0817896
c_1_10_2648,-1.0851524,0.30602932
c_1_10_2649,-0.058149267,1.2903962
c_1_10_2650,-1.8589863,1.885334
c_1_10_2651,0.4295873,2.1534448
c_1_10_2652,-0.60750616,1.5618956
c_1_10_2654,-0.6213462,-0.019813094
c_1_10_2655,-1.4345815,3.2721713
c_1_10_2658,-0.41944715,2.3246055
c_1_10_2659,1.1633466,-1.7116332
c_1_10_2660,-1.4101411,4.087316
c_1_10_2661,-0.17188083,0.09707857
c_1_10_2662,-0.9611617,-0.29874435
c_1_10_2663,-0.43150505,1.5709578
c_1_10_2664,0.368715,-0.4295897
c_1_10_2665,-1.1722761,2.9442873
c_1_10_2666,-1.0758375,-0.5799545
c_1_10_2667,0.27460858,-0.16225222
c_1_10_2668,-0.6943773,1.3203126
c_1_10_2669,-2.0726068,4.0306478
c_1_10_2670,-0.30428267,2.5456786
c_1_10_2671,-0.59806556,-0.48442554
c_1_10_2672,-0.6852079,-0.6387284
c_1_10_2673,-0.8469773,1.9896041
c_1_10_2674,-0.61305547,-0.03382268
c_1_10_2675,-1.4565746,0.87186736
c_1_10_2676,0.20395762,1.3829952
c_1_10_2677,-2.722348,3.5888276
c_1_10_2678,0.3420982,-0.69290066
c_1_10_2679,-1.2145492,1.9883429
c_1_10_2680,-0.029310195,1.5833064
c_1_10_2681,-0.42621785,4.1795654
c_1_10_2682,-0.8008522,2.6983938
c_1_10_2683,-1.4653982,0.14746037
c_1_10_2684,-1.4566634,2.0645957
c_1_10_2685,-0.31772012,2.013756
c_1_10_2686,1.8195287,-0.9852762
c_1_10_2687,-0.40429342,1.2987041
c_1_10_2688,-1.5605491,-2.2209568
c_1_10_2689,-0.95403624,2.103273
c_1_10_2690,-1.6672437,2.8206398
c_1_10_2692,-0.58447737,3.2880461
c_1_10_2693,-0.8435278,-0.37822136
c_1_10_2694,-0.69364977,-0.5252179
c_1_10_2695,-0.49292752,0.8189997
c_1_10_2696,0.0030806125,-0.62133384
c_1_10_2698,-1.5728616,1.4823725
c_1_11_1,-1.6319667,1.1012166
c_1_11_2,-0.8674285,0.13916323
c_1_11_3,-0.029240128,2.0166113
c_1_11_4,-0.48486954,-0.04580799
c_1_11_5,-1.5729278,-0.6122372
c_1_11_6,-0.81032926,-0.6723956
c_1_11_7,-0.6726197,0.14371547
c_1_11_8,-0.6479889,-1.8559195
c_1_11_9,-1.0463724,-1.0414449
c_1_11_10,-1.2025632,-0.88045734
c_1_11_11,0.22808738,-1.3816874
c_1_11_12,-0.5711651,1.9247115
c_1_11_13,-1.349003,2.339124
c_1_11_14,0.56514496,-1.8249303
c_1_11_15,-0.87753564,-0.8129248
c_1_11_16,-0.7899569,-0.97733873
c_1_11_17,1.0825328,-1.197018
c_1_11_20,-0.3203538,2.0879264
c_1_11_22,-1.1441401,-0.501572
c_1_11_23,-1.6934103,-1.9368235
c_1_11_24,0.11502129,-0.37957564
c_1_11_25,-0.60669714,-0.76477367
c_1_11_26,0.25752515,-0.8150873
c_1_11_27,0.65314025,2.2948477
c_1_11_28,-0.39404365,-0.9436737
c_1_11_29,-0.30240023,1.5346687
c_1_11_30,-0.80702204,0.5452321
c_1_11_31,0.842851,-0.03263186
c_1_11_32,-0.44617933,0.6290053
c_1_11_33,-0.16576298,0.5083349
c_1_11_34,0.099654935,-0.5742279
c_1_11_35,1.269453,0.35152927
c_1_11_36,-1.3429929,-0.47831428
c_1_11_37,-0.24074495,-2.0582402
c_1_11_38,-0.6912631,-0.20551662
c_1_11_39,0.7220164,-1.356624
c_1_11_40,-1.2065169,0.41467404
c_1_11_41,-1.106747,-0.5066688
c_1_11_42,-1.628952,1.6140555
c_1_11_43,-0.6598231,0.01652237
c_1_11_44,-0.73209333,2.156368
c_1_11_45,-1.1105188,-1.1682091
c_1_11_46,-1.2428226,-2.1124294
c_1_11_47,-0.66630566,3.6607485
c_1_11_48,-1.5895973,1.2515928
c_1_11_49,-0.98406744,1.1228358
c_1_11_50,-1.2180425,2.7417917
c_1_11_51,-1.5681762,-1.254456
c_1_11_52,0.19423059,-0.7531997
c_1_11_53,-0.32252774,2.6560154
c_1_11_54,0.109352596,0.8302875
c_1_11_55,-0.54220974,1.3695047
c_1_11_56,-0.0979706,1.5244437
c_1_11_57,0.37415382,-1.0201824
c_1_11_58,-0.35291082,1.6009326
c_1_11_59,-1.6472574,0.17662022
c_1_11_60,-0.074168235,0.8974304
c_1_11_61,-1.2855976,-1.9585512
c_1_11_62,-1.9447892,-0.2873106
c_1_11_64,-1.2464675,-0.19100814
c_1_11_65,-0.7524653,-0.5659803
c_1_11_66,-0.049336944,0.96209085
c_1_11_67,-0.06714152,0.050378956
c_1_11_68,-0.54454535,1.5137028
c_1_11_69,0.08628063,1.785074
c_1_11_71,-0.251315,2.1534362
c_1_11_72,-0.49808714,-0.76665735
c_1_11_73,-0.2760701,3.1508143
c_1_11_74,-0.9663664,3.1167283
c_1_11_75,0.35399026,-0.17269525
c_1_11_76,-1.204417,-0.44968796
c_1_11_77,-0.6149828,-0.48665974
c_1_11_78,-0.97919816,-0.38712975
c_1_11_79,-0.012471336,0.3006242
c_1_11_80,-0.7604981,-0.70340997
c_1_11_81,-0.970606,-0.41957542
c_1_11_82,-0.6644775,0.49616736
c_1_11_83,0.69363445,-2.262268
c_1_11_84,-1.197766,1.825291
c_1_11_85,-0.6528555,-0.80598205
c_1_11_86,-0.045566093,-1.6220342
c_1_11_87,-0.15832734,1.2908612
c_1_11_88,-0.266592,-0.83220345
c_1_11_89,-1.4779594,-0.72133356
c_1_11_90,-0.77197355,-1.41222
c_1_11_91,-2.041096,2.437809
c_1_11_92,-0.39123943,-0.5981796
c_1_11_93,0.26120612,-0.24414909
c_1_11_94,-0.96860206,-1.9003738
c_1_11_95,-0.58573,-1.0457432
c_1_11_96,-0.28295526,-0.4855286
c_1_11_97,-1.055675,-1.5184331
c_1_11_98,-1.2651689,3.5779905
c_1_11_99,-1.5205351,-0.30858088
c_1_11_100,-0.12836964,-0.57118917
c_1_11_101,-1.4017981,0.7949524
c_1_11_102,-1.1800272,2.1905694
c_1_11_103,-0.90462613,0.3262539
c_1_11_104,0.069454074,1.4026549
c_1_11_105,-0.84429854,1.1496412
c_1_11_106,-0.9224987,-2.19846
c_1_11_107,-2.2685158,6.834629
c_1_11_108,-0.5574854,-0.9627589
c_1_11_109,-2.024361,4.851607
c_1_11_110,-0.75857574,0.876157
c_1_11_111,-2.1573467,-0.96503294
c_1_11_112,-2.1533039,-2.6799908
c_1_11_113,-1.6933824,-1.8109244
c_1_11_114,1.035828,4.9972944
c_1_11_115,-1.3154895,-0.43390304
c_1_11_116,-0.49842307,-2.0188005
c_1_11_117,0.108632825,-0.8672039
c_1_11_118,-0.8757525,1.111051
c_1_11_119,-1.5064461,0.6455958
c_1_11_120,-0.9009196,2.2377074
c_1_11_121,-0.7937662,0.26730484
c_1_11_122,-1.078809,6.336274
c_1_11_123,-0.7699152,-1.8690485
c_1_11_124,-0.8801049,1.5186946
c_1_11_125,-1.6554348,-0.6608709
c_1_11_126,-1.1815801,-1.8092616
c_1_11_127,-1.1579075,0.3160961
c_1_11_128,-1.3503996,0.28241137
c_1_11_129,-0.9156852,-0.6875344
c_1_11_130,-0.2617054,-0.6448569
c_1_11_131,2.6870556,0.80490845
c_1_11_132,-1.8893056,-0.72674674
c_1_11_133,-0.6358801,-0.65450126
c_1_11_134,-1.0468096,-0.7665143
c_1_11_135,-0.5784825,-0.30873644
c_1_11_136,-0.8768861,2.3194973
c_1_11_137,-0.4661534,-0.6150052
c_1_11_138,-1.4727312,-0.7899329
c_1_11_139,-0.27303827,2.5491374
c_1_11_140,-1.2537421,-0.5812134
c_1_11_141,-1.2981571,-1.2642721
c_1_11_142,-1.3816755,-1.906816
c_1_11_143,0.048349172,1.611054
c_1_11_144,-1.654326,1.287332
c_1_11_145,-1.8777364,1.8315535
c_1_11_146,-0.72123605,-0.59647065
c_1_11_147,-0.7799141,-1.2284672
c_1_11_148,-1.2396659,-0.8560704
c_1_11_149,-1.4652038,-0.48772967
c_1_11_150,1.4479542,-0.64249986
c_1_11_151,0.2869703,-0.17889601
c_1_11_152,-0.6225108,-1.017409
c_1_11_153,-0.18390153,-1.3545744
c_1_11_154,-1.1857287,0.2632822
c_1_11_155,0.046364166,1.9458001
c_1_11_156,-0.5209894,-0.35373315
c_1_11_157,-0.65788984,1.9560088
c_1_11_158,-0.6572179,-0.14839457
c_1_11_159,-1.0102451,1.233567
c_1_11_160,-0.9533895,-0.5341498
c_1_11_161,-1.3578444,-0.4858884
c_1_11_162,-1.717469,0.33734778
c_1_11_163,-0.45739403,-0.95658207
c_1_11_164,-0.30338854,-1.200362
c_1_11_165,-0.35400632,-0.041937634
c_1_11_166,-0.9456197,-0.8846412
c_1_11_167,-0.6370408,0.6587111
c_1_11_168,-1.3944461,2.5885422
c_1_11_169,-0.1975306,-0.6683757
c_1_11_170,-0.16759622,2.4320269
c_1_11_171,-1.2748903,0.79532176
c_1_11_172,-0.68546337,0.12149704
c_1_11_173,-1.6134206,-0.6978393
c_1_11_174,-0.574478,2.3539612
c_1_11_175,-0.6253858,-0.1453535
c_1_11_176,-1.5271962,-1.2495196
c_1_11_177,-1.5620803,-0.61477727
c_1_11_178,-0.602409,-0.34618405
c_1_11_179,-0.8240498,-1.2481714
c_1_11_180,0.054130126,1.5766997
c_1_11_181,0.050269406,1.0679188
c_1_11_182,-0.6170483,0.25059918
c_1_11_183,-0.6358856,-0.72466815
c_1_11_184,-0.7350563,-1.2695396
c_1_11_185,-1.0380262,0.6067211
c_1_11_186,-1.5903655,-0.64000577
c_1_11_187,-0.49391901,1.35179
c_1_11_188,0.14109427,-1.3433126
c_1_11_189,-1.3926883,-1.3349826
c_1_11_190,-0.3637255,-0.326077
c_1_11_191,-1.709285,0.54194605
c_1_11_192,-0.66627365,0.7289646
c_1_11_193,-1.1221902,0.2694018
c_1_11_194,-1.5382341,1.2676771
c_1_11_195,-1.1377138,-0.1236845
c_1_11_196,0.46946165,-1.5243807
c_1_11_197,-1.098701,0.32235348
c_1_11_198,-0.43509328,2.9548497
c_1_11_199,-2.0104928,-1.8525329
c_1_11_200,-0.84094876,-1.9937463
c_1_11_201,-0.56514996,-1.6035697
c_1_11_202,-0.58493036,-0.045049895
c_1_11_203,-0.066648215,-1.4597613
c_1_11_204,-0.42210174,2.424464
c_1_11_205,-0.54887545,-0.9548066
c_1_11_206,-0.62147844,4.130031
c_1_11_207,-1.5152802,-0.67417157
c_1_11_208,-0.651081,-1.5104816
c_1_11_209,-0.49532667,-1.0158535
c_1_11_210,-0.5612549,-2.4046528
c_1_11_211,0.16663699,-1.2191912
c_1_11_212,-0.3237096,0.88386476
c_1_11_213,1.0678806,-1.7623762
c_1_11_214,-0.024820931,-0.6613117
c_1_11_215,-1.5533603,-1.8056644
c_1_11_216,-0.22660977,-0.2962973
c_1_11_217,0.029421082,-0.022427773
c_1_11_218,-0.34285244,-1.4717352
c_1_11_219,1.4453397,0.45293206
c_1_11_220,0.62601507,-0.5295059
c_1_11_221,-0.93400466,1.669897
c_1_11_222,-1.2663552,-1.3540258
c_1_11_223,-0.5240998,1.298368
c_1_11_224,0.0037209943,-0.7446841
c_1_11_225,-1.9856381,-2.4614966
c_1_11_226,-0.42935,2.251316
c_1_11_227,-1.4918491,0.20889983
c_1_11_228,-1.4071103,0.3969738
c_1_11_229,-1.2462815,0.6099389
c_1_11_230,-0.5835497,-0.017955149
c_1_11_231,-1.1967413,1.7171915
c_1_11_232,-2.2534344,-1.3355434
c_1_11_233,-1.3872396,2.5561383
c_1_11_234,-0.9399378,-2.7946382
c_1_11_235,-0.13280088,1.0319827
c_1_11_236,-0.66526103,-1.4329867
c_1_11_237,0.5801252,-0.864943
c_1_11_238,-1.1594718,-1.3590717
c_1_11_239,-1.2584177,-1.4303174
c_1_11_240,-0.0849583,-0.44908994
c_1_11_241,-1.6143696,1.2874577
c_1_11_242,-1.1865367,3.3073993
c_1_11_243,-1.4727799,1.120581
c_1_11_244,0.21046309,2.4450781
c_1_11_245,0.1892522,2.2718246
c_1_11_246,-0.04400647,-0.040891856
c_1_11_247,-0.35664538,-0.7953655
c_1_11_248,-1.6991587,1.6362933
c_1_11_249,0.0726034,-1.085016
c_1_11_250,5.9090686,0.18848647
c_1_11_251,-1.8586687,-1.6786691
c_1_11_252,-0.83780503,-1.9527974
c_1_11_253,-0.51476073,0.14724065
c_1_11_254,-0.74129283,2.391555
c_1_11_255,-1.4076219,2.1345577
c_1_11_256,-0.818026,5.8968287
c_1_11_257,-1.3333676,2.19524
c_1_11_258,-0.8334306,1.1108263
c_1_11_259,-0.6389219,1.0590727
c_1_11_260,-0.70316875,-0.48069113
c_1_11_261,-0.46654856,1.094477
c_1_11_262,-0.8686449,2.858172
c_1_11_263,-0.25530684,2.0982335
c_1_11_264,-0.4245991,2.3095405
c_1_11_265,-0.45537412,1.1385652
c_1_11_266,-0.9798939,3.5395424
c_1_11_267,0.4979958,-1.62942
c_1_11_268,-0.48615277,1.7453854
c_1_11_269,-0.8795774,0.8538081
c_1_11_270,-0.65788424,-1.1872582
c_1_11_271,-0.98173404,4.6539817
c_1_11_272,-0.84354013,0.4772937
c_1_11_273,0.19107391,0.9832661
c_1_11_275,0.052991234,1.5240839
c_1_11_276,-1.6024148,9.406426
c_1_11_277,-2.5552561,3.419108
c_1_11_278,-1.0845287,2.6241071
c_1_11_279,-1.1897782,1.1493584
c_1_11_280,-0.90020585,1.5986662
c_1_11_281,-0.19066016,1.597974
c_1_11_282,-0.6683572,0.25514668
c_1_11_283,-0.3204389,-1.8398541
c_1_11_284,-1.0094777,0.6421805
c_1_11_285,-2.0566726,0.24550831
c_1_11_286,-1.9178444,6.6353626
c_1_11_287,-1.6263483,-1.7681159
c_1_11_288,-1.1045123,2.0437455
c_1_11_289,-0.9579882,2.0418253
c_1_11_290,-0.94192654,0.6328935
c_1_11_291,-0.7697196,-1.4924381
c_1_11_292,-0.83046836,1.1486521
c_1_11_293,-1.3087279,-1.480851
c_1_11_294,-1.4602472,1.9027677
c_1_11_295,-1.1176476,1.7457073
c_1_11_296,-1.0613706,1.1884928
c_1_11_297,-0.5495804,-1.4168378
c_1_11_298,-0.56460696,3.1330967
c_1_11_299,1.0600727,-0.30132645
c_1_11_300,-1.8805718,2.8136837
c_1_11_301,-1.4936361,1.664195
c_1_11_302,-0.87247336,1.1096685
c_1_11_303,-1.4730024,-1.3460231
c_1_11_304,-1.2632248,-0.019354139
c_1_11_305,-1.039696,1.2513958
c_1_11_306,-0.10941452,-1.4306264
c_1_11_307,-1.5403469,1.1548072
c_1_11_308,-2.0739815,0.8087058
c_1_11_309,-1.4530882,-2.9674754
c_1_11_310,-1.0657675,-0.021193018
c_1_11_311,-0.19649175,-0.6589248
c_1_11_312,-1.381962,3.6688964
c_1_11_313,-1.2563261,0.55591655
c_1_11_314,0.16157112,-1.2211124
c_1_11_315,-0.78186554,2.1546135
c_1_11_316,-0.64471996,-0.8628755
c_1_11_317,0.63828635,-0.7091504
c_1_11_318,0.29035205,0.6205795
c_1_11_319,-1.7380575,5.1938896
c_1_11_320,0.218229,0.6607487
c_1_11_321,-1.4258869,-1.4240124
c_1_11_322,-0.73038226,3.1283393
c_1_11_323,-0.17077683,-0.5161611
c_1_11_324,-1.2051015,-2.0072002
c_1_11_325,-0.726215,0.05528157
c_1_11_326,-0.5690744,-2.2795737
c_1_11_327,-0.2680902,-1.9419382
c_1_11_328,-0.44177365,-0.8810354
c_1_11_329,-1.0940449,0.97696674
c_1_11_330,-2.108697,2.8760045
c_1_11_332,-0.16701211,-0.89351004
c_1_11_333,-1.4343808,2.4306066
c_1_11_334,-0.36863938,0.09435729
c_1_11_335,-1.4974521,1.2866355
c_1_11_336,-0.5118068,-0.5268242
c_1_11_337,-0.46153536,2.2873561
c_1_11_338,-0.21440859,1.4918435
c_1_11_339,-0.6735626,-1.7426604
c_1_11_340,-1.3682499,-0.6448167
c_1_11_341,-1.0389673,3.5033414
c_1_11_342,-0.7499578,-1.1613202
c_1_11_343,-0.88134825,-1.6381443
c_1_11_344,-0.60509187,1.247956
c_1_11_345,-1.4039624,1.6721869
c_1_11_346,-1.6852133,3.4483793
c_1_11_347,-0.122961655,3.2094524
c_1_11_348,-1.6573461,0.47472042
c_1_11_349,-1.8424501,-0.8268649
c_1_11_350,0.1516934,-0.7406262
c_1_11_351,-0.9869126,3.0328784
c_1_11_352,-0.22776462,-0.7351749
c_1_11_353,-1.5560681,-1.1433952
c_1_11_354,-0.24881504,-0.29118514
c_1_11_355,-0.8254752,4.9046025
c_1_11_356,-0.50790614,-1.46266
c_1_11_357,-0.21343936,0.15639257
c_1_11_358,-1.3312644,-0.54115796
c_1_11_359,-2.0858607,3.0231187
c_1_11_360,0.05795689,-0.6874548
c_1_11_361,-0.8006256,-0.39351988
c_1_11_362,-0.57642996,-0.96508396
c_1_11_363,-1.2026527,-1.8840812
c_1_11_364,-0.8131858,0.6164584
c_1_11_365,-2.488107,5.594804
c_1_11_366,-1.0960151,2.526429
c_1_11_367,0.89925534,-1.7805964
c_1_11_368,-1.3668236,-0.15657875
c_1_11_369,-1.6574323,1.4764459
c_1_11_370,-1.6159717,3.0853941
c_1_11_371,-1.0730941,-0.16634427
c_1_11_372,-1.1533163,1.4234343
c_1_11_373,-1.4956838,1.0549701
c_1_11_374,-1.0148346,0.38110974
c_1_11_375,-1.4712871,0.14379638
c_1_11_376,-0.931195,-0.28070068
c_1_11_377,-0.26190203,-0.44060928
c_1_11_378,0.34355846,3.5284708
c_1_11_379,-1.1675608,-1.5428375
c_1_11_380,-1.1398195,-0.23379484
c_1_11_381,-1.3419845,0.7529793
c_1_11_382,0.86922944,-0.34855905
c_1_11_383,-1.2107596,-1.1109713
c_1_11_384,0.27528313,-0.55602354
c_1_11_385,-0.33524826,3.168365
c_1_11_386,0.5885668,1.2612058
c_1_11_387,0.65986186,-0.29232204
c_1_11_388,0.13225898,-2.6602216
c_1_11_389,-1.9796356,-0.6312271
c_1_11_390,-1.0828099,3.6687949
c_1_11_391,-1.1417806,-0.0048850807
c_1_11_392,-0.43466243,3.4684227
c_1_11_393,-0.53843015,-1.0429598
c_1_11_394,-1.1342568,1.8106834
c_1_11_395,-0.035366733,2.309036
c_1_11_396,-0.46383575,-0.038882628
c_1_11_397,-0.5255696,2.08388
c_1_11_398,0.77143216,-2.4177635
c_1_11_399,-0.9854933,-0.6723557
c_1_11_400,-1.3261404,1.4191337
c_1_11_401,-0.9927935,-0.45292345
c_1_11_402,-1.5238364,1.6790419
c_1_11_403,0.7976193,-0.2760481
c_1_11_404,-0.26272002,4.1493883
c_1_11_405,1.2474166,0.09021906
c_1_11_406,0.60470694,-0.19100758
c_1_11_407,-0.6731355,-0.11775512
c_1_11_408,-1.7156838,0.41710815
c_1_11_409,-0.117394105,0.30648062
c_1_11_410,-1.3580546,0.5812654
c_1_11_411,-1.1440492,3.3747537
c_1_11_412,-0.59268874,2.253098
c_1_11_413,-0.110737294,0.5804241
c_1_11_414,-1.4231582,-0.88864887
c_1_11_415,-0.9174434,-0.75586706
c_1_11_416,-2.1526744,3.4343843
c_1_11_417,-1.5381538,1.1060897
c_1_11_418,-0.6922042,0.7080189
c_1_11_419,-0.041458145,0.6848686
c_1_11_420,1.510226,0.79398555
c_1_11_421,-0.45100656,-0.60482395
c_1_11_422,-1.3254797,1.3551781
c_1_11_423,-0.84387285,-0.15055938
c_1_11_424,-0.75968415,-0.43372765
c_1_11_425,0.3987975,-1.1912786
c_1_11_426,-1.1512789,1.5597402
c_1_11_427,-1.5314674,-1.5196065
c_1_11_428,-0.8881067,-0.7459081
c_1_11_429,-0.7237913,1.540192
c_1_11_430,-1.3143163,1.6925789
c_1_11_431,-0.9717741,-2.173965
c_1_11_432,-0.7419803,1.5723124
c_1_11_433,-2.1970775,3.7062542
c_1_11_434,-0.89747846,-0.93013203
c_1_11_435,0.6005123,0.67700046
c_1_11_436,-0.7963139,1.4837875
c_1_11_437,-1.6332079,2.8723092
c_1_11_438,-0.28991756,-1.0833011
c_1_11_439,-1.2128061,-0.81759125
c_1_11_440,-0.6154094,-0.36097392
c_1_11_441,-1.4369526,3.5878048
c_1_11_442,-0.108905554,0.06293712
c_1_11_443,-0.15586866,1.456926
c_1_11_444,-1.1221077,0.27189013
c_1_11_445,-1.598795,2.0782375
c_1_11_446,-0.48058274,0.38167334
c_1_11_447,-0.40081376,0.2567683
c_1_11_448,0.23967409,1.1976435
c_1_11_449,-0.97799397,-0.1799084
c_1_11_450,-0.7635942,-0.25486058
c_1_11_451,0.9298895,1.3861381
c_1_11_452,0.21463522,0.31226113
c_1_11_453,-0.4685278,-0.2867169
c_1_11_454,-0.41619402,-1.1846257
c_1_11_455,-1.4548321,0.10474625
c_1_11_456,-1.0690267,-0.7164163
c_1_11_457,-0.71502507,-0.3519373
c_1_11_458,-1.4168864,-0.72257894
c_1_11_459,-0.2527614,-0.042512845
c_1_11_460,-0.49467957,0.9213762
c_1_11_461,0.16428867,2.118095
c_1_11_462,-1.650784,-1.8504585
c_1_11_463,0.22122417,1.5422788
c_1_11_464,-1.3465539,-1.4273973
c_1_11_465,-1.6000353,-0.6487057
c_1_11_466,0.34222257,-0.3342468
c_1_11_467,-0.19581485,0.04569439
c_1_11_468,-0.7124114,-0.99699306
c_1_11_469,0.9768833,-0.62905574
c_1_11_470,-1.2697924,3.9611073
c_1_11_471,-0.32848307,-0.9055659
c_1_11_472,-0.4555021,-2.0908859
c_1_11_473,-0.9472311,-0.8017175
c_1_11_474,4.0061545,-2.9897432
c_1_11_475,0.8773777,0.022873152
c_1_11_476,1.0303957,-1.0136443
c_1_11_477,-1.0584893,-1.0628426
c_1_11_478,1.2263502,1.1026558
c_1_11_479,-1.0298634,-0.24112543
c_1_11_480,0.3504996,-0.014136572
c_1_11_481,0.21500139,-0.047656644
c_1_11_482,-1.0780195,-0.76845497
c_1_11_483,-0.721938,-0.72845393
c_1_11_484,0.26174292,-1.0821627
c_1_11_485,-0.9932091,-1.3534778
c_1_11_486,-1.9691813,-2.2592409
c_1_11_487,-1.1448532,-0.56796736
c_1_11_488,-0.83706886,-0.9936646
c_1_11_489,-1.5298529,-0.93385375
c_1_11_490,-0.8437128,-1.1487489
c_1_11_491,-1.7554973,-1.3979542
c_1_11_492,-0.38732466,0.8292137
c_1_11_493,0.9888621,1.0625453
c_1_11_494,-0.15274812,-0.74474233
c_1_11_495,-1.0507164,0.25217637
c_1_11_496,-0.47646102,1.4502312
c_1_11_497,-0.6942158,-1.0749362
c_1_11_498,-0.26569238,-1.1806108
c_1_11_499,0.03910239,-0.9544281
c_1_11_500,0.5194961,0.39718544
c_1_11_501,-1.1567724,-1.6203793
c_1_11_502,-0.5171452,-0.8496979
c_1_11_503,-1.0924116,0.12382297
c_1_11_504,-1.419911,-2.0792558
c_1_11_505,-1.0148613,-0.3831772
c_1_11_506,-1.0105109,0.35635412
c_1_11_507,-0.92412406,0.11392695
c_1_11_508,-1.16028,-1.0403535
c_1_11_509,-0.22187811,-0.8680505
c_1_11_510,-0.2011449,0.3964025
c_1_11_511,0.015674284,-1.866309
c_1_11_512,4.6578383,-0.6164946
c_1_11_513,-0.09142084,-1.2297161
c_1_11_514,-1.1179237,-1.2653912
c_1_11_515,-1.5518725,-0.7422323
c_1_11_516,-0.27385914,0.859062
c_1_11_517,-0.23072156,-1.3535699
c_1_11_518,0.44805196,-0.3888936
c_1_11_519,0.1304563,-0.8222492
c_1_11_520,-0.2559816,0.39801446
c_1_11_521,-0.5368492,-0.0666966
c_1_11_522,-1.4475197,-1.2099353
c_1_11_523,0.31626165,-2.04821
c_1_11_524,-0.23187004,-2.1654184
c_1_11_525,-0.23502915,-1.3767177
c_1_11_526,-1.0656046,-2.2034616
c_1_11_527,-0.77310765,-0.99942833
c_1_11_528,-0.14921759,-1.5768182
c_1_11_529,-0.47980115,-0.5298592
c_1_11_530,-0.7782041,2.9635391
c_1_11_531,0.57868665,0.14160272
c_1_11_532,-1.4644675,1.547746
c_1_11_533,-0.3549827,-0.80085886
c_1_11_534,-0.6822984,0.41231063
c_1_11_535,-0.24090402,1.0628588
c_1_11_536,-1.2860171,0.03823983
c_1_11_537,-0.55378497,-0.90428054
c_1_11_538,-0.8042521,-2.0395904
c_1_11_539,-1.6910155,-1.7897291
c_1_11_540,1.3803849,-0.2932108
c_1_11_541,-0.2002587,-1.5866545
c_1_11_542,-1.6848338,-1.6329589
c_1_11_543,-2.1086304,-0.46957642
c_1_11_544,0.46730396,-0.9172574
c_1_11_545,-0.6410751,-0.18803018
c_1_11_546,0.11398707,-1.213395
c_1_11_547,-0.5501037,0.76913977
c_1_11_548,-1.2122526,-0.7755497
c_1_11_549,-0.06518473,0.769293
c_1_11_550,-0.8694019,-0.5485119
c_1_11_551,-1.1448244,-0.8065074
c_1_11_552,0.009823592,-1.2369244
c_1_11_553,-0.6450591,0.6980876
c_1_11_554,-0.45833847,-1.3770782
c_1_11_555,-1.4295564,-0.2875239
c_1_11_556,-0.9444105,0.37862793
c_1_11_557,-0.9526792,-1.2803261
c_1_11_558,0.46016115,-1.7263998
c_1_11_559,-0.5338008,-0.66211873
c_1_11_560,-0.5362023,-0.5143887
c_1_11_561,-0.802942,-2.6344392
c_1_11_562,-0.744713,-1.0155984
c_1_11_563,-0.40888232,-0.2895996
c_1_11_564,0.0044155368,-1.0836755
c_1_11_565,-0.44115168,-0.61618936
c_1_11_566,-0.89630264,-1.4257168
c_1_11_567,-0.75046706,0.44259652
c_1_11_568,-0.032593373,-0.24523981
c_1_11_569,-0.024993522,-1.94444
c_1_11_570,-0.05311501,-1.562728
c_1_11_571,-0.42434192,-0.55742776
c_1_11_572,-1.0632739,-2.0775356
c_1_11_573,-0.8715336,-0.75409114
c_1_11_574,-1.1078067,-1.2625684
c_1_11_575,-1.7120084,1.1900403
c_1_11_576,-0.3482398,0.46330863
c_1_11_577,0.2806139,-0.1537142
c_1_11_578,-0.684097,-0.40773907
c_1_11_579,-0.22450873,-1.4998775
c_1_11_580,-0.37533718,-0.6468935
c_1_11_581,-1.1630057,0.90573645
c_1_11_582,-0.3685383,0.06705124
c_1_11_583,-1.1701373,-0.4956384
c_1_11_584,-0.5820544,-3.1557863
c_1_11_585,-1.8042334,-2.123081
c_1_11_586,0.37116843,0.29592767
c_1_11_587,-0.98080987,-1.6805384
c_1_11_588,-1.2887045,-1.3212764
c_1_11_589,-2.3475783,2.1387138
c_1_11_590,-1.1432263,-1.4344417
c_1_11_591,-1.027759,-0.2260683
c_1_11_592,-0.39653113,-0.34757167
c_1_11_593,-0.9634179,0.05835694
c_1_11_594,0.45990172,0.36489463
c_1_11_595,0.17965196,-1.956937
c_1_11_596,-1.0187325,-0.0872806
c_1_11_597,-1.8872465,-0.8774049
c_1_11_598,-1.2667738,-0.53983516
c_1_11_599,-0.80538625,-1.4826837
c_1_11_600,-1.2021959,1.0028546
c_1_11_601,-0.8765065,0.61401194
c_1_11_602,1.7349988,-1.4073232
c_1_11_603,-0.5834042,-0.56607485
c_1_11_604,-0.034555856,0.030935349
c_1_11_605,-1.5466042,-2.2937636
c_1_11_606,-0.3685326,0.7916496
c_1_11_607,-0.14169832,-1.1331478
c_1_11_608,0.5801271,-2.7216814
c_1_11_609,1.2311702,-0.5484712
c_1_11_610,-1.0045748,0.014870844
c_1_11_611,-1.0086443,-0.97147083
c_1_11_612,-0.5905078,-0.4394749
c_1_11_613,0.33027256,0.70989674
c_1_11_614,-0.5284455,-1.0501931
c_1_11_615,-0.8402471,-0.16009544
c_1_11_616,-2.027059,-0.2523373
c_1_11_617,-1.8733355,-1.1099615
c_1_11_618,-0.7016173,-1.7038397
c_1_11_619,-1.4609663,-1.9558101
c_1_11_620,0.23907636,-1.1824229
c_1_11_621,0.38390058,0.4526012
c_1_11_622,-2.2192247,-1.2175624
c_1_11_623,-1.0754917,-1.0379843
c_1_11_624,-0.6981298,-0.7737384
c_1_11_625,-0.04271454,1.3989828
c_1_11_626,-0.41890195,-0.70553184
c_1_11_627,-0.25290146,-0.84301114
c_1_11_628,0.7494097,-0.92776644
c_1_11_629,-0.62464136,0.20859599
c_1_11_630,-0.79661447,-0.4142052
c_1_11_631,1.8195473,-1.2844985
c_1_11_632,-0.84327394,-2.1177766
c_1_11_633,0.25488988,-1.1489146
c_1_11_634,-0.9338741,-0.45181593
c_1_11_635,-0.119465746,0.3124279
c_1_11_636,0.89891726,-1.2621347
c_1_11_637,-1.3314477,-0.79572195
c_1_11_638,-0.9607767,-2.0536413
c_1_11_639,-0.3961957,0.8798787
c_1_11_640,0.23255624,-0.056350876
c_1_11_641,2.891598,-0.11801752
c_1_11_642,0.460806,-0.7654592
c_1_11_643,0.25217512,-0.61739916
c_1_11_644,0.21282981,-1.3680148
c_1_11_645,-0.8023899,-0.16651694
c_1_11_646,-0.946728,-0.21313469
c_1_11_647,-0.110265724,-0.7896193
c_1_11_648,-1.2069827,-1.0837661
c_1_11_649,0.05622952,0.23393959
c_1_11_650,0.3602381,-1.8808762
c_1_11_651,-1.206031,-0.65761364
c_1_11_652,-0.7944326,-1.1441854
c_1_11_653,0.6418794,0.09596195
c_1_11_654,0.92198884,0.97670263
c_1_11_655,-1.3440659,-0.32646847
c_1_11_656,-0.5671568,-1.1524516
c_1_11_657,0.25762814,-1.6751074
c_1_11_658,-1.0090387,-0.1597401
c_1_11_659,-1.6520991,-1.4870889
c_1_11_660,-0.6678961,-0.40825364
c_1_11_661,-0.31817177,-1.5372676
c_1_11_662,0.7502632,-0.66442454
c_1_11_663,0.5042045,0.9951288
c_1_11_664,-0.97827625,-0.57102543
c_1_11_665,-0.5171586,-0.587502
c_1_11_666,-0.8285879,-1.9092904
c_1_11_667,-1.2605419,-2.3521314
c_1_11_668,0.85619825,-1.3054515
c_1_11_669,0.15469006,-0.8101385
c_1_11_670,-0.7247576,-0.40170082
c_1_11_671,-1.2264987,0.01041081
c_1_11_672,-1.0178821,-0.5863417
c_1_11_673,0.08816516,-0.6901192
c_1_11_674,-1.063947,-0.897653
c_1_11_675,-0.61867607,-2.6075478
c_1_11_676,-0.6837608,-0.63029337
c_1_11_677,-1.0474603,-0.7169361
c_1_11_678,-0.36061913,-0.052105933
c_1_11_679,-0.10483482,-1.0540935
c_1_11_680,-0.58675516,-1.5041113
c_1_11_681,-1.4465586,-1.8965702
c_1_11_682,-0.6220104,-0.21700083
c_1_11_683,-0.503454,0.071045525
c_1_11_684,-0.67285514,-0.66756314
c_1_11_685,-1.7968764,-0.701947
c_1_11_686,-0.39310694,-0.33356252
c_1_11_687,-0.9950479,-0.18694204
c_1_11_688,-0.22377291,-0.10397285
c_1_11_689,0.053890664,-1.4783907
c_1_11_690,-0.387226,-0.45788926
c_1_11_691,-0.94582516,-0.81776243
c_1_11_692,0.35941923,-0.86838055
c_1_11_693,0.56052476,-1.2362169
c_1_11_694,-0.33071232,-0.49273977
c_1_11_695,-0.45029634,-1.0615822
c_1_11_696,1.024212,-1.1397434
c_1_11_697,-0.48590955,-0.36061054
c_1_11_698,-0.8608061,-0.7086731
c_1_11_699,-1.187229,-0.8593763
c_1_11_700,-0.513877,0.1437006
c_1_11_701,-0.13052642,0.14889057
c_1_11_702,-1.2130688,-0.8546929
c_1_11_703,-0.5795079,-1.242902
c_1_11_704,-0.6839749,1.0431787
c_1_11_705,-1.6631786,-1.0004513
c_1_11_706,-1.0755533,-0.2473151
c_1_11_707,-1.293983,-0.51826453
c_1_11_708,-0.959629,-0.90669256
c_1_11_709,-0.94549847,-0.6628256
c_1_11_710,-0.10371251,-1.4630759
c_1_11_711,-0.54937845,-1.6630832
c_1_11_712,-0.16288988,-0.91937554
c_1_11_713,-1.5883634,-1.5330077
c_1_11_714,-1.3515313,-1.4713129
c_1_11_715,-0.72808087,-0.6007757
c_1_11_716,-0.48294526,-1.3091791
c_1_11_717,-1.4892747,-1.2498391
c_1_11_718,-1.3921837,0.5792265
c_1_11_719,-1.2429584,-1.3569982
c_1_11_720,-0.08467958,-0.22055851
c_1_11_721,-1.7858682,-0.11839831
c_1_11_722,-1.3076763,-1.9242767
c_1_11_723,-1.0132214,-1.9642168
c_1_11_724,-1.3700274,-0.31461525
c_1_11_725,-1.3997587,-0.5968265
c_1_11_726,-1.1221524,-0.35269845
c_1_11_727,-0.83799314,-1.5729856
c_1_11_728,-0.41512692,-1.8675201
c_1_11_729,-1.1444173,-1.0440286
c_1_11_730,-0.24884228,-1.3223029
c_1_11_731,-0.48572746,-2.1762388
c_1_11_732,-0.96430737,-1.4230486
c_1_11_733,-0.9155383,-0.49795553
c_1_11_734,-1.1620171,-1.0992538
c_1_11_735,-0.3098953,-0.4650252
c_1_11_736,-0.6669556,-0.8004514
c_1_11_737,-0.56420267,-0.63018864
c_1_11_738,2.8639023,0.023227118
c_1_11_739,0.3810651,-0.69910926
c_1_11_740,0.61681056,-1.1095704
c_1_11_741,-0.97706836,-1.4443648
c_1_11_742,-1.0535,-1.5301192
c_1_11_743,-1.3866197,-1.1952746
c_1_11_744,0.49809706,-1.5902553
c_1_11_745,-0.6450795,-0.9369361
c_1_11_746,0.6844652,-0.9439773
c_1_11_747,0.088657066,-0.89200586
c_1_11_748,0.2504991,-0.4577122
c_1_11_749,-1.2338339,-0.7737241
c_1_11_750,-0.35774255,-0.32895008
c_1_11_751,-0.30620757,-0.86089724
c_1_11_752,-1.1884048,-0.7596986
c_1_11_755,1.9711257,-1.3461592
c_1_11_760,-0.8058729,1.2314707
c_1_11_761,-1.2374204,3.3420796
c_1_11_762,-1.3917251,4.2423983
c_1_11_763,-1.3467568,1.1723292
c_1_11_765,-1.3221302,1.5901861
c_1_11_767,-1.7146765,3.3578777
c_1_11_768,-2.1058104,3.7485096
c_1_11_771,-0.2117739,0.8799774
c_1_11_772,-0.012925897,1.0686287
c_1_11_776,0.024823265,-0.51496166
c_1_11_777,-0.46699792,-0.37219414
c_1_11_780,0.025624432,2.3177786
c_1_11_781,-1.598045,3.0129845
c_1_11_783,-0.9794444,2.5218313
c_1_11_784,-0.7954681,1.0514908
c_1_11_786,-0.3236703,2.1942642
c_1_11_787,-1.2227118,2.0073106
c_1_11_788,0.18659614,-0.13805883
c_1_11_789,-1.2025877,0.95727307
c_1_11_790,-0.21349779,-0.92083573
c_1_11_791,0.5150865,-0.46451458
c_1_11_792,-0.7452237,-0.011551884
c_1_11_793,-0.7770153,0.47117826
c_1_11_794,-0.33327734,-0.054114174
c_1_11_795,-0.1797942,0.76796615
c_1_11_796,-0.92656314,0.9474844
c_1_11_797,-1.2764518,2.748185
c_1_11_798,-0.29561573,0.1878136
c_1_11_799,-1.7839116,0.075276084
c_1_11_800,-1.7127156,3.7575626
c_1_11_801,-0.104769245,1.5436463
c_1_11_802,-0.19189788,-0.7726693
c_1_11_803,-0.018921066,-0.82750636
c_1_11_804,1.6057305,-0.050200723
c_1_11_805,-2.035422,2.9646106
c_1_11_806,-1.6473176,3.1552377
c_1_11_807,-0.5818728,0.9514963
c_1_11_808,0.8575117,-1.2338655
c_1_11_809,-0.298466,2.6407254
c_1_11_810,-0.90769607,0.75462955
c_1_11_811,-0.14646368,2.3760352
c_1_11_812,-0.383363,4.4989114
c_1_11_813,0.1583634,0.45566675
c_1_11_814,-2.0314026,2.6111593
c_1_11_815,-0.9417662,1.6463513
c_1_11_816,-0.96123046,2.035016
c_1_11_817,0.36939386,-0.7275162
c_1_11_818,-1.0008947,1.0769271
c_1_11_819,0.21369164,0.23760971
c_1_11_820,-0.6278538,0.31715968
c_1_11_821,-1.6712126,2.305775
c_1_11_822,-1.9942636,-1.0790181
c_1_11_823,-1.7582278,0.9069439
c_1_11_824,-0.9338942,0.48391634
c_1_11_825,-0.64698374,3.2508662
c_1_11_826,-2.3604372,2.8559198
c_1_11_827,-1.2126213,1.0829687
c_1_11_828,-1.7298635,5.1564126
c_1_11_829,-0.8778639,1.746906
c_1_11_831,0.8713834,-0.6628386
c_1_11_832,-1.177624,1.1908779
c_1_11_833,-0.67669374,2.275917
c_1_11_834,-1.1762214,0.682119
c_1_11_835,-1.0729403,0.31455028
c_1_11_837,-2.12385,4.2571526
c_1_11_838,-0.45930946,-1.1935333
c_1_11_839,1.9199708,-0.62389475
c_1_11_840,-1.0382065,2.0605597
c_1_11_841,-0.4825516,2.0946674
c_1_11_842,-0.9368002,2.602908
c_1_11_843,-0.8223844,2.985304
c_1_11_844,-1.2783046,1.3886473
c_1_11_845,-0.57521474,3.0550077
c_1_11_846,0.6479515,1.1910228
c_1_11_847,0.74004596,0.28079188
c_1_11_849,-1.530337,0.93693525
c_1_11_850,-0.3891205,3.2672608
c_1_11_851,-0.29278696,1.7914915
c_1_11_852,-0.5232688,-0.43090972
c_1_11_853,-1.2593596,0.5748289
c_1_11_854,0.050882403,-0.64420825
c_1_11_855,-0.8532299,0.6475494
c_1_11_856,-0.8175724,1.6213858
c_1_11_857,-0.19871862,1.3254738
c_1_11_858,-0.8457944,3.0634131
c_1_11_859,-0.9473052,0.13709037
c_1_11_860,1.1129458,-1.4270724
c_1_11_861,-0.89209276,1.8201097
c_1_11_862,-0.75340456,2.8274107
c_1_11_863,-0.67799,-0.6451195
c_1_11_864,2.4391544,1.8267014
c_1_11_865,-0.052123718,1.0373942
c_1_11_866,-0.014843711,1.9582092
c_1_11_867,0.51147944,1.5088035
c_1_11_868,-1.1075953,0.90626353
c_1_11_869,-0.58915615,-0.49729115
c_1_11_870,-0.9425238,0.7077275
c_1_11_871,-0.92509025,2.5178115
c_1_11_872,-0.2969965,2.1690803
c_1_11_873,-0.6846215,0.7621798
c_1_11_874,-0.21044932,1.4690677
c_1_11_875,-0.9044997,-0.71109074
c_1_11_876,-0.7318525,1.285857
c_1_11_877,-0.44905785,1.7354724
c_1_11_878,-0.90984,6.061929
c_1_11_880,-0.9635054,1.5238433
c_1_11_881,-1.2427263,0.84760934
c_1_11_882,-0.95032156,2.628013
c_1_11_883,0.6263544,1.6628433
c_1_11_884,-0.50543773,3.139518
c_1_11_885,-1.0478028,1.0717437
c_1_11_886,-0.77772343,2.9180396
c_1_11_887,-0.61714256,1.0193375
c_1_11_888,0.1725309,3.11357
c_1_11_889,-0.6779201,2.5748014
c_1_11_890,-1.3609825,0.8497376
c_1_11_891,-2.2681267,2.0192213
c_1_11_892,-0.87397975,3.3032453
c_1_11_893,0.52211154,2.7579288
c_1_11_894,-0.7805591,1.3626856
c_1_11_895,-1.2858186,-0.6926604
c_1_11_896,-0.73806167,0.040903796
c_1_11_897,-1.0813719,1.0700678
c_1_11_898,-0.60873806,1.82989
c_1_11_899,-1.2147298,-0.016183553
c_1_11_901,-0.37298,2.1524808
c_1_11_903,-1.4618858,-2.420719
c_1_11_904,-1.6652586,2.9208846
c_1_11_905,1.14954,2.000988
c_1_11_906,-0.2091049,0.8918837
c_1_11_907,0.49184072,2.5127704
c_1_11_908,-1.5455856,-1.7617059
c_1_11_909,-1.1359735,-1.3490947
c_1_11_910,-1.0071775,1.3574419
c_1_11_911,-1.5397317,0.55807894
c_1_11_912,1.5325558,0.3208889
c_1_11_913,-1.0907911,-2.2428548
c_1_11_914,0.101968035,2.7664144
c_1_11_915,-1.5505759,1.2044111
c_1_11_916,-0.51500845,1.7126483
c_1_11_917,-0.090914175,-0.83278215
c_1_11_918,-2.0571144,4.6633725
c_1_11_919,-1.3011585,-2.1432848
c_1_11_920,-1.6804525,3.1251345
c_1_11_921,-1.6472793,2.5509605
c_1_11_922,-1.6843008,1.6045732
c_1_11_923,-0.5991655,0.2657745
c_1_11_924,-1.5285128,-1.55262
c_1_11_925,0.0044774534,2.0315433
c_1_11_926,-0.8268812,3.4890811
c_1_11_927,-1.5366501,-1.0546432
c_1_11_928,-1.4633751,6.4495606
c_1_11_929,-1.1529299,2.1081517
c_1_11_930,-0.15256166,0.9412284
c_1_11_931,-1.509771,3.4703174
c_1_11_932,-1.0931621,1.4476507
c_1_11_933,-1.2039399,4.001746
c_1_11_934,-0.36968178,-1.9146061
c_1_11_935,-0.55079603,-1.5780332
c_1_11_936,-0.7732307,5.1262374
c_1_11_937,-1.4643786,3.304072
c_1_11_938,-0.013578072,-0.75507337
c_1_11_939,-0.07415751,-1.8991544
c_1_11_940,-1.4297038,1.8930451
c_1_11_941,0.19288893,-0.08368476
c_1_11_942,-0.7786356,-2.1125584
c_1_11_943,0.17926338,1.6354578
c_1_11_944,1.5880202,-0.84208286
c_1_11_945,-0.9694119,-0.37021008
c_1_11_946,-2.0388973,-1.2701381
c_1_11_947,-1.9222025,2.3945637
c_1_11_948,3.7640316,-0.6908714
c_1_11_949,-0.49419546,0.9913236
c_1_11_950,-0.36657584,1.7962999
c_1_11_951,0.3990573,-1.1868372
c_1_11_952,0.04848405,-0.027480448
c_1_11_953,0.83851004,2.1103237
c_1_11_954,0.05574664,3.434332
c_1_11_955,0.8374808,1.0048012
c_1_11_956,-1.0313948,-0.63872564
c_1_11_957,-0.9744404,-1.1489165
c_1_11_958,-1.2791363,2.552801
c_1_11_959,1.2825867,-0.8055913
c_1_11_960,-0.32311198,-1.3079494
c_1_11_961,-0.1505902,-0.25892165
c_1_11_962,-1.2239505,-0.62787324
c_1_11_963,-0.7370805,0.11430278
c_1_11_964,0.52379984,-1.0179569
c_1_11_965,0.27285713,3.694881
c_1_11_966,0.34396932,-0.55300474
c_1_11_967,-1.5141377,5.2340927
c_1_11_968,-1.6203845,1.0495628
c_1_11_969,-1.5669756,-1.0643635
c_1_11_970,-0.46923724,-1.5394025
c_1_11_971,-1.2355292,1.8437436
c_1_11_972,-0.4449117,-1.5491203
c_1_11_973,0.1598944,1.1653969
c_1_11_974,-1.3363062,1.7371925
c_1_11_975,-0.7913433,-1.5396305
c_1_11_976,-0.2286014,-0.4145828
c_1_11_977,-2.0465362,-2.68656
c_1_11_978,-0.94540024,0.8530086
c_1_11_979,-0.037806544,0.8109183
c_1_11_980,-1.4388427,1.817775
c_1_11_981,-0.71864575,0.7602682
c_1_11_982,-0.93741816,0.59903026
c_1_11_983,-0.8629496,-1.2911648
c_1_11_984,0.2123974,0.9379501
c_1_11_985,-1.0684367,-0.401967
c_1_11_986,0.7721827,-0.52158654
c_1_11_987,0.16644745,-0.11773755
c_1_11_988,-0.64103127,2.1256046
c_1_11_989,-0.94962555,2.4365056
c_1_11_990,-1.4533464,-0.66950715
c_1_11_991,-1.8265133,-2.3320525
c_1_11_992,0.47300518,0.7673157
c_1_11_993,-0.65937537,-1.5164874
c_1_11_994,5.6471376,-0.25994545
c_1_11_995,-0.92382115,1.4693888
c_1_11_996,-1.027305,0.3592083
c_1_11_998,-0.18098974,0.35827535
c_1_11_999,-1.0162828,2.7179213
c_1_11_1000,-2.382104,4.797654
c_1_11_1001,-0.46934274,1.0821255
c_1_11_1002,-0.8207177,-1.0623628
c_1_11_1003,-1.2970873,1.6819488
c_1_11_1004,-0.23511164,4.4269376
c_1_11_1005,-0.62847775,1.458298
c_1_11_1006,0.16355237,-0.951797
c_1_11_1007,-0.7031869,0.8666594
c_1_11_1008,-0.97182745,1.7792481
c_1_11_1009,-1.7546916,0.9326965
c_1_11_1010,5.9505687,-0.03424528
c_1_11_1011,-1.1943724,2.3260481
c_1_11_1013,-1.1262182,0.532771
c_1_11_1014,-0.8561171,0.08962625
c_1_11_1015,-1.1133492,2.3289597
c_1_11_1016,0.3666655,0.36453888
c_1_11_1017,-0.95075846,3.5524828
c_1_11_1018,-1.649828,-0.37033677
c_1_11_1019,-2.0013094,-2.509641
c_1_11_1020,-1.0938226,-1.2119135
c_1_11_1021,-1.4322772,2.9491198
c_1_11_1022,-0.103317365,-1.1253126
c_1_11_1023,-0.4943584,-0.41734242
c_1_11_1024,-1.6918131,-0.6463919
c_1_11_1025,-0.04105096,-0.6559575
c_1_11_1026,-0.9747419,-0.48451626
c_1_11_1027,-0.87578076,-1.2360816
c_1_11_1028,0.36691508,1.0278292
c_1_11_1029,-1.5775448,0.067955025
c_1_11_1030,-1.0839993,2.390406
c_1_11_1031,-0.76270795,0.39842635
c_1_11_1032,-0.035410747,0.401258
c_1_11_1033,-0.69651425,-0.22420262
c_1_11_1034,-0.9313033,-0.87611675
c_1_11_1035,0.22759911,-0.5090673
c_1_11_1036,-1.3064518,3.2035265
c_1_11_1037,0.25693667,-0.20351924
c_1_11_1038,0.61135477,0.34645525
c_1_11_1039,-0.6496063,3.365989
c_1_11_1040,-0.4981642,0.08225931
c_1_11_1041,-0.74822956,0.64828926
c_1_11_1042,-0.12069035,-0.9022451
c_1_11_1043,-0.32436416,1.4494654
c_1_11_1044,-0.9771341,2.741306
c_1_11_1045,-1.2636933,0.64799947
c_1_11_1046,0.44972676,-0.18855135
c_1_11_1047,-0.041631375,-0.44740283
c_1_11_1048,-1.1570414,1.6853721
c_1_11_1049,6.262571,1.8260359
c_1_11_1050,-1.2666285,3.5602188
c_1_11_1051,-1.8763384,1.0036789
c_1_11_1052,-0.962036,1.550452
c_1_11_1053,-0.8205847,-0.6613166
c_1_11_1054,-0.3417672,-0.70657486
c_1_11_1055,0.20326559,0.786355
c_1_11_1057,-0.66345465,-1.3391998
c_1_11_1058,-1.5236092,1.7646358
c_1_11_1059,-0.579124,-0.23440051
c_1_11_1060,-1.9388279,6.8325152
c_1_11_1061,-0.7784759,-0.4411071
c_1_11_1062,-1.2590417,1.6285543
c_1_11_1063,-0.83545417,1.6533129
c_1_11_1064,-1.251585,2.3506303
c_1_11_1065,-0.4709822,0.5020246
c_1_11_1066,0.33783868,1.3456781
c_1_11_1067,-0.17044683,0.83419234
c_1_11_1068,-1.072298,0.7415249
c_1_11_1069,-0.7573104,-0.70906055
c_1_11_1070,-1.7918383,2.2466516
c_1_11_1071,-0.5292788,1.4740999
c_1_11_1072,0.6885041,-1.4134461
c_1_11_1073,-1.4186604,0.060952008
c_1_11_1074,-1.1708784,-1.0266637
c_1_11_1075,0.41118723,-0.74011683
c_1_11_1076,-0.42602202,1.6385642
c_1_11_1077,-0.9478796,0.9972451
c_1_11_1078,-1.0585006,1.1641601
c_1_11_1080,-0.012208477,0.818328
c_1_11_1081,0.18326125,-0.9023371
c_1_11_1082,0.13281745,-1.51378
c_1_11_1083,-1.4395561,1.6669365
c_1_11_1084,-1.3051805,-0.20559812
c_1_11_1085,-1.0791038,-0.1307081
c_1_11_1086,-0.4946669,0.14713417
c_1_11_1087,-0.97827953,0.35598153
c_1_11_1088,-0.65817595,0.6836732
c_1_11_1090,4.408798,-0.50495017
c_1_11_1091,-1.3039565,-1.2671198
c_1_11_1092,-0.81093913,1.2735453
c_1_11_1093,0.22854993,-2.1252425
c_1_11_1094,-0.98634833,0.9285232
c_1_11_1095,0.5958688,2.0352163
c_1_11_1096,-1.5090437,-2.017889
c_1_11_1097,0.16771333,2.9665983
c_1_11_1098,-0.8198093,-1.7397158
c_1_11_1099,-0.7933623,2.4731145
c_1_11_1100,3.6328313,0.8132
c_1_11_1101,1.1222419,0.57839507
c_1_11_1102,-0.023248902,0.11607077
c_1_11_1103,-0.3035062,1.3892788
c_1_11_1104,0.86345,0.528541
c_1_11_1105,-0.8047998,-1.6521578
c_1_11_1106,-1.3966739,2.4718792
c_1_11_1107,-0.13157372,-0.31624854
c_1_11_1108,-1.0592259,-0.22953871
c_1_11_1109,-1.4137139,0.88525987
c_1_11_1110,-1.2580771,0.115107015
c_1_11_1111,-0.359327,2.1739678
c_1_11_1112,4.3543406,-1.7564447
c_1_11_1113,-0.42505273,-1.1985561
c_1_11_1114,-1.4489255,0.51016253
c_1_11_1115,-1.2056782,1.3169966
c_1_11_1116,-1.2144064,0.87988305
c_1_11_1117,-0.94193333,0.30606347
c_1_11_1118,-0.5898428,-0.8420456
c_1_11_1119,-0.12520833,-0.35017124
c_1_11_1120,2.0488522,-0.63542056
c_1_11_1121,-1.1976817,-1.0166016
c_1_11_1122,-2.2211137,-1.8902277
c_1_11_1123,-0.6685039,-1.237731
c_1_11_1124,-0.47153187,-0.10345569
c_1_11_1125,-0.29477254,0.013055368
c_1_11_1126,-1.0822507,1.2172477
c_1_11_1127,-0.1637328,0.14775667
c_1_11_1128,0.30469462,1.5927685
c_1_11_1129,-1.1071234,-0.9017798
c_1_11_1130,-1.1281767,3.9045262
c_1_11_1131,-0.6233821,1.727864
c_1_11_1132,-2.300935,-0.2465774
c_1_11_1133,-0.25445408,0.68847555
c_1_11_1134,-1.6064792,3.739986
c_1_11_1135,0.22413428,-0.5759909
c_1_11_1136,3.3453674,0.85655975
c_1_11_1137,-0.78650993,1.7845173
c_1_11_1138,0.46814927,-0.40814978
c_1_11_1139,-0.9044334,3.415741
c_1_11_1140,-1.6819072,3.5266938
c_1_11_1141,1.0486363,-0.033860292
c_1_11_1142,-1.0411249,0.6291047
c_1_11_1143,-0.4516417,-0.6132381
c_1_11_1144,0.5895104,1.1485394
c_1_11_1145,-0.75588804,-1.0760794
c_1_11_1146,-0.8446683,2.0226376
c_1_11_1147,-0.66784793,0.0328084
c_1_11_1148,-0.84613085,-1.1879027
c_1_11_1149,-1.1049131,2.2145157
c_1_11_1150,-0.935381,4.9032545
c_1_11_1151,-0.4145353,0.7862846
c_1_11_1152,1.5113058,-0.18783382
c_1_11_1153,4.2060647,0.9632325
c_1_11_1154,-1.3621312,-0.8908094
c_1_11_1155,-1.4317427,-1.3387161
c_1_11_1156,-0.30520952,2.331514
c_1_11_1157,-0.75010747,2.3962867
c_1_11_1158,-1.7704251,1.8941673
c_1_11_1159,-1.3578128,1.9216124
c_1_11_1160,-0.85591006,-0.85507405
c_1_11_1161,-0.6705814,-2.4075253
c_1_11_1162,-0.5040245,2.1884825
c_1_11_1163,-1.5498946,2.2642126
c_1_11_1164,-1.9444165,5.9783683
c_1_11_1165,-1.6595122,-1.8672036
c_1_11_1166,-1.3546484,-1.5491105
c_1_11_1167,-1.2340038,0.8219017
c_1_11_1168,0.15790853,-0.5155451
c_1_11_1169,-0.35414365,1.6138029
c_1_11_1170,-1.1921039,-1.8274015
c_1_11_1171,-0.5809033,3.451225
c_1_11_1172,-0.77558416,-2.0982137
c_1_11_1173,-0.8192045,1.4487176
c_1_11_1174,-0.7294592,1.019696
c_1_11_1175,0.442612,-0.088639416
c_1_11_1176,1.100579,-1.0678517
c_1_11_1177,-0.586471,-1.7041504
c_1_11_1178,-0.4598182,-0.9002709
c_1_11_1179,0.69958556,0.2822516
c_1_11_1180,-0.92577434,-2.1486616
c_1_11_1181,-0.7596918,-0.64083743
c_1_11_1182,-1.105385,0.123566814
c_1_11_1183,-1.2899158,-0.9818241
c_1_11_1184,-1.5005031,2.7934933
c_1_11_1185,-1.2108116,1.4621283
c_1_11_1186,-1.4913017,-1.0162566
c_1_11_1187,1.0046641,-0.9724305
c_1_11_1188,-0.25375247,-0.95863605
c_1_11_1189,-0.23361899,-0.6995352
c_1_11_1190,-0.29703826,0.5807301
c_1_11_1191,-1.1286252,1.3404697
c_1_11_1192,-0.47660276,2.2919621
c_1_11_1193,-1.0202502,-0.69118744
c_1_11_1194,0.16128924,-1.3352207
c_1_11_1195,-0.6518145,-1.8135417
c_1_11_1196,-1.0018948,1.3627667
c_1_11_1197,-0.7908709,4.0471425
c_1_11_1198,-1.336786,-0.7194007
c_1_11_1200,-0.9045995,1.3858364
c_1_11_1201,-0.930327,3.1720893
c_1_11_1202,1.2025973,0.5093139
c_1_11_1203,2.5629263,2.2129927
c_1_11_1204,-0.5643767,-0.08093881
c_1_11_1205,-2.176518,-1.2731359
c_1_11_1206,0.6591572,0.26704478
c_1_11_1207,-0.22597866,-0.8362921
c_1_11_1208,-1.1788512,-0.35819262
c_1_11_1209,0.41285333,2.9897218
c_1_11_1210,2.8091118,-0.20958418
c_1_11_1211,-2.653151,-3.2239816
c_1_11_1212,-1.4498873,-1.4701164
c_1_11_1213,0.10208429,2.5529747
c_1_11_1214,-1.2204757,-0.66206634
c_1_11_1215,-2.0388474,-1.2116448
c_1_11_1216,2.7748375,-0.31382388
c_1_11_1217,-0.7109664,-0.772872
c_1_11_1218,-0.6935802,-0.39229313
c_1_11_1219,-0.7305524,1.4191757
c_1_11_1220,0.10137397,0.014053538
c_1_11_1221,-1.8985085,-0.8566165
c_1_11_1222,-0.5024316,-1.8785537
c_1_11_1223,-1.0649444,0.5206527
c_1_11_1224,-1.2232298,1.2936554
c_1_11_1225,-0.35437042,0.0047293142
c_1_11_1226,0.23217133,0.6786854
c_1_11_1227,-1.7600816,-0.4799094
c_1_11_1230,0.18438973,-0.52043545
c_1_11_1231,-0.720709,0.59894854
c_1_11_1232,2.7876844,-2.001842
c_1_11_1233,2.2918494,-1.6049196
c_1_11_1234,0.3892078,-1.9498465
c_1_11_1235,-1.1319987,0.92734224
c_1_11_1236,-1.3263923,-1.0196736
c_1_11_1237,0.87172735,-1.513923
c_1_11_1238,0.37887245,0.20792001
c_1_11_1239,-0.39643776,-0.3673767
c_1_11_1240,3.3920279,-0.363225
c_1_11_1242,-0.3575496,-1.9105119
c_1_11_1243,0.025964525,-0.70823896
c_1_11_1244,-0.50859433,-1.6280197
c_1_11_1245,1.1284983,-1.042706
c_1_11_1246,-0.47834602,-1.1476097
c_1_11_1247,2.2928786,0.116258316
c_1_11_1248,0.73406005,-1.8846552
c_1_11_1249,-0.7188494,2.8884535
c_1_11_1250,-1.9983475,-2.7463787
c_1_11_1251,-2.3476698,2.6000507
c_1_11_1252,-0.36396053,1.3033109
c_1_11_1253,-1.2742666,-1.1891061
c_1_11_1254,-0.13982551,-2.7802296
c_1_11_1255,-0.76018846,-0.19968952
c_1_11_1256,-1.1573582,0.25049296
c_1_11_1257,-2.498329,-1.5228131
c_1_11_1258,-1.3649981,0.054539904
c_1_11_1259,0.6273822,0.22251993
c_1_11_1260,0.9132594,-0.19408281
c_1_11_1261,-2.1669827,0.44109154
c_1_11_1262,0.81797284,0.31638294
c_1_11_1263,-0.021036528,0.21886586
c_1_11_1264,-0.044790793,-0.58354694
c_1_11_1265,-0.40644264,1.4705749
c_1_11_1266,-1.1418415,3.8044543
c_1_11_1267,0.05963394,-0.8194854
c_1_11_1268,-0.855214,0.9591777
c_1_11_1269,-2.098617,-0.7220461
c_1_11_1270,-0.5575546,-1.9011937
c_1_11_1271,-1.182897,-2.8656151
c_1_11_1272,0.033158537,0.5679546
c_1_11_1273,-0.36958796,1.5593756
c_1_11_1274,1.3104811,3.2048879
c_1_11_1275,0.5189227,-1.2451602
c_1_11_1276,-0.9675774,-0.5980482
c_1_11_1277,-0.97756654,1.417133
c_1_11_1278,-0.8376841,1.6999668
c_1_11_1279,-1.9997123,1.8708243
c_1_11_1280,-0.44531742,2.1936553
c_1_11_1281,-0.2557699,-1.8228389
c_1_11_1282,-0.7959534,2.8191185
c_1_11_1283,-0.74067694,-0.6063497
c_1_11_1284,0.8657257,-1.4206287
c_1_11_1285,-1.152591,0.5322954
c_1_11_1286,-0.3414643,3.7619407
c_1_11_1287,0.7160821,-0.82007796
c_1_11_1288,0.42867768,1.4763385
c_1_11_1289,-0.6789276,-0.98169
c_1_11_1290,-0.96507907,-1.222982
c_1_11_1291,-2.1662812,-3.8002498
c_1_11_1292,0.46572986,-1.8203043
c_1_11_1293,-0.94696444,0.45213303
c_1_11_1294,0.28758752,2.9374537
c_1_11_1295,-0.6128972,0.6354143
c_1_11_1296,-1.374021,0.73853207
c_1_11_1297,-1.5077621,-0.9838311
c_1_11_1298,-1.2670163,-0.4190816
c_1_11_1299,0.8688785,-0.75779545
c_1_11_1301,-1.3616631,-2.5092611
c_1_11_1302,-0.62053645,-1.457881
c_1_11_1303,1.3614037,1.6245909
c_1_11_1304,-1.4653901,-0.29264513
c_1_11_1305,0.6692332,-1.5238419
c_1_11_1306,-1.1123283,-0.576705
c_1_11_1307,-1.7301346,2.4734426
c_1_11_1308,-0.39906675,2.191479
c_1_11_1309,-1.4693615,-1.7615838
c_1_11_1310,-0.52257806,-0.06422227
c_1_11_1311,-0.53843105,0.124237545
c_1_11_1312,-1.7465953,-1.1764108
c_1_11_1313,-1.0702838,-0.73659617
c_1_11_1314,3.249044,0.7888054
c_1_11_1315,-0.18606812,-0.36327055
c_1_11_1316,-0.9134107,-1.1605107
c_1_11_1317,0.39218003,-2.9220417
c_1_11_1318,1.0247228,0.22777076
c_1_11_1319,-1.2713474,-1.3462969
c_1_11_1320,1.1533694,-2.386833
c_1_11_1321,-1.2497305,4.9237223
c_1_11_1322,1.5174017,0.2847247
c_1_11_1323,-0.76761883,-1.3176739
c_1_11_1324,-2.092912,2.9327161
c_1_11_1325,-1.7122723,-0.62801135
c_1_11_1326,0.45771798,0.5567054
c_1_11_1327,-0.3114956,-1.0847586
c_1_11_1328,0.24469352,-0.04410499
c_1_11_1329,-0.46135303,1.3290626
c_1_11_1330,-0.6192511,-1.4336259
c_1_11_1332,-0.32059827,0.4895407
c_1_11_1333,-1.129291,-1.6704894
c_1_11_1334,-0.7763236,-0.104160726
c_1_11_1335,0.18756558,0.36962187
c_1_11_1336,-0.8466612,-0.45754725
c_1_11_1337,1.2194959,1.0733722
c_1_11_1338,-0.54249376,0.5689921
c_1_11_1339,-1.2110204,-2.2331748
c_1_11_1340,-1.941593,5.9832096
c_1_11_1341,0.13998559,-0.76772213
c_1_11_1342,-0.40072843,0.6949108
c_1_11_1343,-1.6463367,1.4300047
c_1_11_1344,-0.8984136,-0.58244073
c_1_11_1346,-1.1172017,-1.8587873
c_1_11_1347,-0.5340702,0.41475004
c_1_11_1348,-0.5804235,-0.4648918
c_1_11_1349,0.01801143,0.6889164
c_1_11_1350,-0.91706985,4.0403457
c_1_11_1351,-1.2346997,0.28523606
c_1_11_1352,-0.91426104,-0.4868923
c_1_11_1353,-0.3309064,-1.207076
c_1_11_1354,-1.7343565,-1.9977654
c_1_11_1355,0.07204341,-0.7481607
c_1_11_1357,0.72447526,-0.19487865
c_1_11_1358,-0.9029871,-1.3313848
c_1_11_1359,-0.6701233,0.032201633
c_1_11_1360,0.45011398,-0.9277465
c_1_11_1361,-0.9426579,-1.1444683
c_1_11_1362,3.429368,-0.18931428
c_1_11_1363,1.0033226,0.078364365
c_1_11_1364,-1.560295,-0.88766
c_1_11_1365,-0.48400065,0.94180655
c_1_11_1366,1.3494418,0.29719493
c_1_11_1367,-1.2659522,0.262656
c_1_11_1368,-0.45417207,-0.67931
c_1_11_1369,-0.023284333,0.5882046
c_1_11_1370,-0.45661756,-0.49584293
c_1_11_1371,-0.22931457,-0.37407288
c_1_11_1372,-1.038351,-0.6914361
c_1_11_1373,-0.2911787,-0.8826689
c_1_11_1374,-0.58569515,1.9424498
c_1_11_1375,-0.6842276,0.4544852
c_1_11_1376,-1.7481799,-3.6968431
c_1_11_1377,-0.4885172,0.113158934
c_1_11_1378,-0.13281484,-1.593281
c_1_11_1379,-0.9006587,-1.4785199
c_1_11_1380,-0.8595821,0.6199657
c_1_11_1381,-1.5398875,1.8345379
c_1_11_1382,-0.8009958,-1.1066222
c_1_11_1383,1.147492,-0.09931423
c_1_11_1384,-0.31579432,-0.022728559
c_1_11_1385,-0.17413482,0.22831307
c_1_11_1386,-1.1580756,-0.9021131
c_1_11_1387,0.74858314,-0.027334386
c_1_11_1388,-1.430785,-1.5854068
c_1_11_1389,-0.6981684,-0.109820195
c_1_11_1390,-1.0370606,-0.6576343
c_1_11_1391,-0.7962042,-1.0410295
c_1_11_1392,-1.2188901,0.4755292
c_1_11_1393,-0.42519793,2.5004637
c_1_11_1394,-0.4278202,-1.4443369
c_1_11_1395,-0.66014683,1.8918794
c_1_11_1396,-1.946892,-1.6716001
c_1_11_1397,-1.2277386,1.3646868
c_1_11_1398,-0.36384234,-1.0872781
c_1_11_1399,-0.90697527,-1.2662998
c_1_11_1400,-0.39881718,0.44582373
c_1_11_1401,-2.2274857,2.456912
c_1_11_1402,-1.9533509,-0.838538
c_1_11_1403,-0.95633394,1.5012556
c_1_11_1404,0.1450844,-0.10774008
c_1_11_1405,-0.48113865,-0.32751337
c_1_11_1406,-0.92759746,0.49525598
c_1_11_1407,-0.20729046,-1.227001
c_1_11_1408,-0.4048832,1.8110878
c_1_11_1409,-0.35032076,0.9382326
c_1_11_1410,-0.5966986,-1.043084
c_1_11_1411,0.32860908,0.02308342
c_1_11_1412,0.47751558,-0.75923246
c_1_11_1413,-0.66905123,-1.6291296
c_1_11_1414,-0.4209027,-2.7367806
c_1_11_1415,-0.63512814,-1.1979631
c_1_11_1416,0.6884128,-1.0371103
c_1_11_1417,-0.25775176,2.1918128
c_1_11_1418,0.055622328,-1.5170344
c_1_11_1419,-1.315967,0.14054713
c_1_11_1420,-2.2427714,-2.6606033
c_1_11_1421,-0.993894,-1.2819433
c_1_11_1422,0.03714275,0.07520541
c_1_11_1423,0.6910512,0.2755861
c_1_11_1424,-0.27072123,-1.6204222
c_1_11_1425,-1.2640598,-0.9424504
c_1_11_1426,-0.8582622,2.4817615
c_1_11_1427,-1.4972606,2.3199327
c_1_11_1428,-0.32683697,-2.047121
c_1_11_1429,-0.8286437,-1.4238676
c_1_11_1430,-0.8772271,-2.0150068
c_1_11_1431,0.26824054,-0.997726
c_1_11_1432,-1.5834239,-1.0950428
c_1_11_1433,-1.3301096,-1.3570963
c_1_11_1434,-0.7333072,0.043123383
c_1_11_1435,-1.462816,-0.48749882
c_1_11_1436,-1.8576014,0.47580698
c_1_11_1437,-0.9761996,-1.6625559
c_1_11_1438,-1.396021,-1.1787373
c_1_11_1439,-1.1467319,-1.084232
c_1_11_1440,0.1374981,-0.17129269
c_1_11_1441,-0.672506,0.25314155
c_1_11_1442,0.1922355,-1.2846261
c_1_11_1443,0.4570045,1.0513275
c_1_11_1444,-0.44543514,1.089588
c_1_11_1445,0.2381464,0.70877737
c_1_11_1446,1.1094255,-0.95657873
c_1_11_1447,-0.7595253,-0.40687504
c_1_11_1448,0.34702513,-1.1608447
c_1_11_1449,-1.2127156,0.4565873
c_1_11_1450,-1.8455235,-3.3232813
c_1_11_1451,-1.8757792,-0.48399138
c_1_11_1452,-1.8262054,0.36042464
c_1_11_1453,0.25360924,0.6266841
c_1_11_1454,-1.0848187,-0.2513741
c_1_11_1455,-0.18319763,-0.7433304
c_1_11_1456,-1.2488074,-0.8644089
c_1_11_1457,0.8490935,0.24538656
c_1_11_1458,-0.74590015,0.037944887
c_1_11_1459,-1.4862182,2.2545934
c_1_11_1460,-0.4708904,-0.41001704
c_1_11_1461,-1.5660162,1.9798675
c_1_11_1462,-0.9097385,-0.7414034
c_1_11_1463,0.9298994,-0.657644
c_1_11_1464,-0.08672242,-0.7108319
c_1_11_1465,0.04330345,-0.09648555
c_1_11_1466,0.5934256,1.3839033
c_1_11_1467,-1.2642534,2.4866493
c_1_11_1468,-0.7134068,2.256643
c_1_11_1469,-1.2855045,-0.6070617
c_1_11_1470,-1.4174258,1.8766814
c_1_11_1471,0.04453201,-0.75825274
c_1_11_1472,1.3297961,-0.15976639
c_1_11_1473,-0.24826929,-1.0485951
c_1_11_1474,-0.30537087,-0.84294444
c_1_11_1475,0.04496701,0.5733946
c_1_11_1476,-1.0208534,-1.5092841
c_1_11_1477,-0.38729995,0.37276503
c_1_11_1478,-1.9237696,0.104630314
c_1_11_1479,-2.4631343,0.68997663
c_1_11_1480,-2.1702697,2.0110092
c_1_11_1481,-0.01740219,2.0126898
c_1_11_1482,-0.57197666,-0.65418285
c_1_11_1483,-0.6946121,-0.5485337
c_1_11_1484,-0.9313611,0.68651146
c_1_11_1485,0.011343431,-0.29968178
c_1_11_1486,1.1224332,-1.8696287
c_1_11_1487,-0.19126596,-0.504179
c_1_11_1488,-1.531806,1.7938883
c_1_11_1489,0.34536603,-1.2658536
c_1_11_1490,-1.0815562,-0.78968114
c_1_11_1491,-1.5054625,0.20995942
c_1_11_1492,-1.1127275,0.03067158
c_1_11_1493,-0.8883518,0.43225366
c_1_11_1494,0.10770043,0.5576833
c_1_11_1495,-0.74328655,-1.1013751
c_1_11_1496,-0.47183707,-0.60536677
c_1_11_1497,-0.8046895,1.7534182
c_1_11_1498,-0.34671652,1.769265
c_1_11_1499,0.473836,-1.3705379
c_1_11_1500,-0.42474395,2.0374455
c_1_11_1501,-1.3709401,1.5954772
c_1_11_1502,-0.3154866,0.44160426
c_1_11_1503,-1.3073171,-0.7848923
c_1_11_1504,-0.48550484,-0.68627405
c_1_11_1505,-0.21172273,-1.3507475
c_1_11_1506,-0.14358206,-0.60667914
c_1_11_1507,0.6586199,0.4911672
c_1_11_1508,-0.4522167,-0.10397324
c_1_11_1509,-0.045979906,-0.30777913
c_1_11_1510,-0.47348368,0.42841375
c_1_11_1511,-1.2906277,0.5671831
c_1_11_1512,3.2204106,0.45797506
c_1_11_1513,-0.5606235,-0.5279382
c_1_11_1514,-1.3183528,2.1267865
c_1_11_1515,-0.32286242,2.1397853
c_1_11_1516,-0.64315015,0.51307887
c_1_11_1517,-0.78445697,-1.167809
c_1_11_1518,-1.1583147,1.6303693
c_1_11_1519,-0.7052421,2.514194
c_1_11_1520,-0.5448876,-1.616901
c_1_11_1522,-1.8320212,3.7182038
c_1_11_1523,-0.7996817,0.093441814
c_1_11_1524,0.24818628,0.3828187
c_1_11_1525,-0.41229174,-1.1298621
c_1_11_1526,0.5539737,-1.5157497
c_1_11_1528,-1.0181886,1.6766977
c_1_11_1530,-0.06515118,0.4453441
c_1_11_1531,-0.4959528,-2.0284154
c_1_11_1532,0.17358579,0.7670252
c_1_11_1533,-0.88366926,0.35740706
c_1_11_1534,-1.9506197,0.99801284
c_1_11_1535,-1.6836897,-2.2976267
c_1_11_1536,0.5062876,-0.682088
c_1_11_1537,-1.163738,-0.21417731
c_1_11_1538,-0.52904207,0.30141592
c_1_11_1539,-0.96414614,-0.51194006
c_1_11_1540,-0.25204778,2.0556207
c_1_11_1541,-1.0675539,-0.46562427
c_1_11_1542,-0.7807623,-2.6049032
c_1_11_1543,-1.7487773,-0.77389497
c_1_11_1544,-0.91317546,-0.37037826
c_1_11_1545,-0.82483613,0.38843802
c_1_11_1546,-1.6820537,-0.010108822
c_1_11_1547,-0.43546614,-0.22392265
c_1_11_1548,-0.633684,0.9995955
c_1_11_1549,2.1902032,-1.4688677
c_1_11_1550,-1.5116105,1.2174939
c_1_11_1551,-0.91619945,1.6249516
c_1_11_1552,-1.001917,-1.1756685
c_1_11_1553,-1.0117995,0.49378225
c_1_11_1554,-1.3290098,-0.59185684
c_1_11_1555,0.718951,2.798083
c_1_11_1556,-0.8321752,-0.1659411
c_1_11_1557,-1.7020304,-1.1874477
c_1_11_1558,-1.665737,0.22785662
c_1_11_1559,0.84320104,0.79369235
c_1_11_1560,-1.2940199,-1.0602208
c_1_11_1561,-0.50402665,-1.4226972
c_1_11_1562,0.508487,0.71236515
c_1_11_1563,-0.35047403,-1.1394324
c_1_11_1564,-0.048837937,-0.84821695
c_1_11_1565,-1.0685648,0.67780536
c_1_11_1566,-1.27983,-0.6828415
c_1_11_1567,-1.1262771,1.6786218
c_1_11_1568,-0.7719766,-1.1863483
c_1_11_1569,-1.3834246,1.390637
c_1_11_1570,-1.2269197,1.4702861
c_1_11_1571,-1.3318491,-0.0658378
c_1_11_1572,0.25156412,1.4210325
c_1_11_1573,0.48297992,0.635249
c_1_11_1574,-0.92875904,1.1394066
c_1_11_1575,0.17929792,1.6445444
c_1_11_1576,-0.2142169,1.1158333
c_1_11_1577,0.016058026,-0.54966706
c_1_11_1578,-1.7467816,3.9847372
c_1_11_1579,-0.30162644,-0.40820584
c_1_11_1580,-0.8226495,1.5475149
c_1_11_1581,-2.2193148,5.5207734
c_1_11_1582,-0.7847909,-0.53911954
c_1_11_1583,0.17960574,1.6684154
c_1_11_1584,-0.6833177,-0.2913328
c_1_11_1585,0.21743473,0.12091524
c_1_11_1586,-1.2023298,-0.17740992
c_1_11_1587,-0.2866392,-1.9439414
c_1_11_1588,-1.6268784,-0.95852995
c_1_11_1589,4.441316,0.38347644
c_1_11_1590,-1.8394835,0.3417317
c_1_11_1591,-0.37683982,-0.6881553
c_1_11_1592,0.5253782,-0.041887537
c_1_11_1593,-0.4470355,1.1134715
c_1_11_1594,0.49498996,-0.843919
c_1_11_1595,-0.93726534,0.41597494
c_1_11_1596,0.5807869,-0.40980405
c_1_11_1597,-1.2677277,-0.94116426
c_1_11_1598,0.28421056,-0.28881684
c_1_11_1599,-1.120104,-0.53632194
c_1_11_1600,-2.2535284,3.7982523
c_1_11_1601,-1.3590577,3.736884
c_1_11_1603,0.3050844,1.1434423
c_1_11_1604,0.1444997,-0.9198323
c_1_11_1605,-1.5379729,-1.784722
c_1_11_1606,-1.316169,-1.4465532
c_1_11_1607,-0.48070735,0.95896655
c_1_11_1608,-0.21200557,-1.129054
c_1_11_1609,1.3083785,-0.021722155
c_1_11_1610,-0.18325953,-0.23408441
c_1_11_1611,-1.2996739,2.4348435
c_1_11_1612,-0.7456589,1.1441518
c_1_11_1613,-0.6742702,-1.8383423
c_1_11_1614,-1.5941645,0.73433524
c_1_11_1615,-0.1128072,1.6204981
c_1_11_1616,0.4036776,0.15198848
c_1_11_1617,-0.17910707,3.013089
c_1_11_1618,-0.46532083,-1.0287251
c_1_11_1619,-0.06285793,-1.0212111
c_1_11_1620,-0.53252226,1.6437006
c_1_11_1621,-0.9446465,-1.1204523
c_1_11_1622,0.24237654,-0.6661421
c_1_11_1623,-0.39668497,-1.3339597
c_1_11_1624,-0.94805336,-2.2862465
c_1_11_1625,-0.0963873,1.8955282
c_1_11_1626,-1.9605142,2.5689938
c_1_11_1628,4.828347,-0.55174226
c_1_11_1629,0.21040235,1.6162032
c_1_11_1630,-0.08940055,-1.0133013
c_1_11_1631,0.23326749,0.49521166
c_1_11_1632,3.105469,0.20518294
c_1_11_1633,-1.4100133,1.2767404
c_1_11_1634,-0.7472143,0.8937362
c_1_11_1635,-0.76219213,-2.524072
c_1_11_1636,-1.7851763,-1.3220836
c_1_11_1637,-0.86212814,0.3521841
c_1_11_1638,1.6087811,-0.77269775
c_1_11_1639,-0.8420822,2.3914037
c_1_11_1640,-0.52807397,-1.0477756
c_1_11_1641,-1.318457,2.6874197
c_1_11_1642,-1.0194546,1.1850474
c_1_11_1643,1.6713455,-0.6235114
c_1_11_1644,-0.07578283,1.2702625
c_1_11_1645,-0.3037215,-1.8423
c_1_11_1646,-1.4247029,0.58747935
c_1_11_1647,0.064518265,-0.9231928
c_1_11_1648,-0.66000485,-0.5480511
c_1_11_1649,-0.4893661,0.70646054
c_1_11_1650,-0.54843485,-0.5066094
c_1_11_1651,-0.5689824,-0.15400656
c_1_11_1652,-0.092505895,-0.55530006
c_1_11_1653,-2.338205,0.5915802
c_1_11_1655,-0.066496976,3.089817
c_1_11_1656,-1.6068851,-1.3854681
c_1_11_1657,-0.20320186,-0.4078861
c_1_11_1658,-0.17219357,-0.6076732
c_1_11_1659,-1.7633952,-0.09144761
c_1_11_1660,-0.58377534,0.39637154
c_1_11_1661,-0.4505443,0.74030125
c_1_11_1662,4.2183824,-0.53851044
c_1_11_1663,-0.92606205,0.050989695
c_1_11_1664,-0.869713,0.3756063
c_1_11_1665,0.86763656,-0.14322844
c_1_11_1666,-0.11427389,-0.7850257
c_1_11_1667,-0.19303492,-0.47923198
c_1_11_1668,-0.47523153,0.9294177
c_1_11_1669,-0.5302109,-0.26038536
c_1_11_1670,-0.20213014,0.9008436
c_1_11_1671,1.1517456,0.30437666
c_1_11_1672,0.65303755,-0.16655736
c_1_11_1673,-1.2552568,-1.1183255
c_1_11_1674,-0.68739146,1.6784267
c_1_11_1675,-0.69391257,-0.17039868
c_1_11_1676,-0.41712284,-0.03273031
c_1_11_1677,1.2952245,-1.0037466
c_1_11_1678,-0.23999433,0.65614474
c_1_11_1679,0.48657796,-1.5582566
c_1_11_1680,-1.4611449,3.4368086
c_1_11_1681,-0.055263184,0.022508133
c_1_11_1682,-1.2093431,-0.19604135
c_1_11_1683,-0.71968883,2.5651608
c_1_11_1684,-0.84032667,-0.7335929
c_1_11_1685,-1.1559507,1.2145282
c_1_11_1686,-2.083857,0.83929706
c_1_11_1687,6.1510277,-1.1936958
c_1_11_1689,1.0911154,0.30974495
c_1_11_1691,-0.48722866,-1.4899738
c_1_11_1692,-2.3725746,4.929924
c_1_11_1693,-1.9052839,-2.153295
c_1_11_1694,0.33864725,1.7521293
c_1_11_1695,-0.89184,-0.58442926
c_1_11_1696,-1.294459,1.9414022
c_1_11_1697,-2.468664,-2.1559348
c_1_11_1698,-1.7506442,-0.9785391
c_1_11_1699,-0.07217377,2.250683
c_1_11_1700,-0.3667084,0.42435604
c_1_11_1701,-0.7675793,0.5800624
c_1_11_1703,-0.79107654,-1.1817657
c_1_11_1704,3.030142,-0.3018528
c_1_11_1705,-0.13700171,1.0919557
c_1_11_1706,-1.5618644,-1.8453363
c_1_11_1707,-0.8382405,-1.16069
c_1_11_1708,-0.53882986,0.8983894
c_1_11_1709,2.0457535,-0.19350477
c_1_11_1710,1.1142538,-1.7016472
c_1_11_1711,-1.3490644,0.1682553
c_1_11_1712,0.07835686,-0.6547145
c_1_11_1713,3.1935046,-1.1163222
c_1_11_1714,-0.9072539,0.3962179
c_1_11_1715,0.76743245,0.6139797
c_1_11_1716,0.76091415,0.8141839
c_1_11_1717,-0.9600425,-1.7080647
c_1_11_1718,-1.5905919,0.031220095
c_1_11_1719,-1.1841971,4.65636
c_1_11_1720,1.6452341,-0.9163698
c_1_11_1721,-0.21484718,-1.7766796
c_1_11_1722,-1.1742709,1.997824
c_1_11_1723,-0.5685386,0.65013725
c_1_11_1724,4.6534333,-0.32124475
c_1_11_1725,-0.500262,-1.9225895
c_1_11_1726,0.61453116,0.65128106
c_1_11_1727,-0.7597804,0.90167147
c_1_11_1728,-0.52341056,-1.580787
c_1_11_1729,-0.15652753,0.9841057
c_1_11_1730,-0.16271058,-0.7438148
c_1_11_1731,-1.4837279,-2.1595144
c_1_11_1732,-1.1849482,2.0103352
c_1_11_1733,-0.4690393,3.5291083
c_1_11_1734,-0.7631128,-0.766665
c_1_11_1735,-1.1273011,2.146865
c_1_11_1736,-0.80974495,-0.857883
c_1_11_1737,-0.67559534,-2.1878676
c_1_11_1738,3.1842122,0.9385166
c_1_11_1740,-1.6184888,1.0864507
c_1_11_1741,-0.64940464,-1.2666211
c_1_11_1742,-2.9902034,5.1069922
c_1_11_1743,-0.6335796,-0.14642179
c_1_11_1744,-1.5408726,1.6418716
c_1_11_1745,0.50028735,-1.1230552
c_1_11_1746,-0.37146872,0.44709495
c_1_11_1747,-0.8120373,2.4835749
c_1_11_1748,-0.8146312,2.1933959
c_1_11_1749,-0.5944156,4.785891
c_1_11_1750,-1.3724902,-0.1853615
c_1_11_1751,-0.13989319,-0.28966352
c_1_11_1752,-0.96241224,0.1411969
c_1_11_1753,0.3942245,1.5401307
c_1_11_1754,-1.0749485,-2.0672834
c_1_11_1755,-0.019026756,1.755487
c_1_11_1756,0.60963696,0.3101562
c_1_11_1757,-1.5625335,0.38054442
c_1_11_1758,-1.0294056,0.9838267
c_1_11_1759,-1.8691455,-1.1763122
c_1_11_1760,-1.365094,-1.253591
c_1_11_1761,-1.824179,2.7761202
c_1_11_1762,-1.6584173,2.8761919
c_1_11_1763,-0.75912106,-0.8790051
c_1_11_1764,0.06922384,-0.8831966
c_1_11_1765,-0.19911785,-0.9010749
c_1_11_1766,-0.40103146,0.057572808
c_1_11_1767,-0.7623351,1.7464646
c_1_11_1768,-1.1240915,-1.2616229
c_1_11_1769,-1.7188002,-1.9274858
c_1_11_1770,-0.022228492,-0.7735574
c_1_11_1771,-0.43886715,-1.1913029
c_1_11_1772,0.30711246,-1.1082164
c_1_11_1773,-0.5156258,-0.96476597
c_1_11_1774,2.0699363,-0.49944362
c_1_11_1775,-1.8990848,5.55045
c_1_11_1776,-1.0469992,2.9346745
c_1_11_1777,-0.4090298,-3.4395752
c_1_11_1778,-1.0344789,0.8519687
c_1_11_1779,-0.22934784,1.3815475
c_1_11_1780,0.73525363,1.4613969
c_1_11_1781,-0.86517125,0.18366756
c_1_11_1782,-1.3736817,0.5930166
c_1_11_1783,0.010744826,-3.412283
c_1_11_1784,0.43154508,-0.47623152
c_1_11_1785,-1.2550232,0.3514353
c_1_11_1786,-0.0797104,0.95344883
c_1_11_1787,-0.27190784,-1.3865757
c_1_11_1788,-1.3101113,0.2472244
c_1_11_1789,-0.73328525,-1.5416992
c_1_11_1790,-0.6086509,2.3838995
c_1_11_1791,7.752886,0.8094529
c_1_11_1792,-0.03087097,-0.28997195
c_1_11_1793,2.9816816,0.31529307
c_1_11_1794,-0.786339,0.4079401
c_1_11_1795,0.0060519357,1.025765
c_1_11_1796,0.4173102,-0.5991479
c_1_11_1797,-0.67145085,1.810882
c_1_11_1798,-1.0689992,-0.41264603
c_1_11_1799,-0.61805266,1.7159289
c_1_11_1800,-1.5640546,-1.811601
c_1_11_1801,-0.028218575,-1.1819237
c_1_11_1802,-1.0800195,0.7957709
c_1_11_1803,0.5949478,-1.1696543
c_1_11_1804,-0.63479805,-2.9034312
c_1_11_1805,-0.6358208,-0.10340543
c_1_11_1806,-0.8178159,-0.477093
c_1_11_1807,-1.3288018,0.6809744
c_1_11_1808,-1.8338804,2.0458093
c_1_11_1809,0.33195043,0.09355807
c_1_11_1810,0.9514984,-0.6236679
c_1_11_1811,0.06397285,-0.5057107
c_1_11_1812,-0.1623567,0.7971563
c_1_11_1813,1.0305164,0.24825574
c_1_11_1814,0.586511,-0.1342575
c_1_11_1815,-0.9291277,0.34920356
c_1_11_1816,0.0824264,-0.53139055
c_1_11_1817,-0.80771095,-1.4761157
c_1_11_1818,-1.3981489,0.80883807
c_1_11_1819,0.031709664,-1.0692309
c_1_11_1820,-0.4032862,0.1216262
c_1_11_1821,-1.7170163,-0.52135664
c_1_11_1822,0.63389504,0.6341224
c_1_11_1823,1.1161802,0.9942259
c_1_11_1824,0.12202938,-1.6237264
c_1_11_1825,-1.3035872,-0.6261777
c_1_11_1826,-1.0155832,1.3180338
c_1_11_1827,-1.2615706,-1.2080196
c_1_11_1828,3.2442486,0.58003366
c_1_11_1829,-1.1493422,-0.19066416
c_1_11_1830,-1.9731462,2.8184218
c_1_11_1831,1.2283462,-0.13974525
c_1_11_1832,-1.1679591,1.2609718
c_1_11_1833,-1.7077267,-4.6541057
c_1_11_1834,1.1646991,0.6752517
c_1_11_1835,0.4269466,-0.94633675
c_1_11_1836,-1.7675523,-0.9617487
c_1_11_1837,0.5768979,0.19220006
c_1_11_1838,-0.79782426,-1.4690801
c_1_11_1839,-0.01485688,0.1326115
c_1_11_1841,-1.100607,0.038012806
c_1_11_1842,-0.9790888,-0.26226866
c_1_11_1843,0.0510673,-0.65594685
c_1_11_1844,1.4346277,0.39465773
c_1_11_1845,-0.8364737,-1.9757649
c_1_11_1846,-0.4179116,-0.5831725
c_1_11_1847,0.22278497,0.24816827
c_1_11_1848,0.042480376,0.6461474
c_1_11_1849,1.493643,-1.9897002
c_1_11_1850,-0.7838703,-1.8083028
c_1_11_1851,3.5483344,-0.6184033
c_1_11_1852,1.8762455,0.59811544
c_1_11_1853,-0.6021748,-0.387321
c_1_11_1854,0.4095037,-1.9475175
c_1_11_1855,-0.7407547,-1.6087639
c_1_11_1856,-0.7648402,-0.5080942
c_1_11_1857,-1.3208573,0.35159403
c_1_11_1858,-0.79105234,1.4292395
c_1_11_1859,-0.077926114,-0.45757043
c_1_11_1860,-1.275878,-1.2682928
c_1_11_1861,-2.2101254,6.783711
c_1_11_1863,0.1172521,0.3537232
c_1_11_1864,0.7272825,-0.2895701
c_1_11_1865,1.5921856,-0.11997866
c_1_11_1866,-0.48709264,2.251545
c_1_11_1867,0.13239725,-0.51967573
c_1_11_1868,-0.17627062,-0.7097204
c_1_11_1869,-0.7353793,-1.456297
c_1_11_1870,0.5107635,-0.72277194
c_1_11_1871,1.3293718,-0.8709919
c_1_11_1872,-1.2233899,1.9620458
c_1_11_1873,-0.54691887,-1.6762167
c_1_11_1874,-0.75291044,-0.35988504
c_1_11_1875,-0.83100444,-0.860089
c_1_11_1876,0.29434976,-0.7428761
c_1_11_1877,-1.2530121,1.1777327
c_1_11_1878,0.12863712,-1.7717048
c_1_11_1879,-0.9524599,1.8009214
c_1_11_1880,-2.5194933,-0.026889244
c_1_11_1881,0.35064995,-0.28908148
c_1_11_1882,-1.1045138,-0.4723493
c_1_11_1883,-1.0834914,-0.6227339
c_1_11_1884,-1.4936209,-1.8887554
c_1_11_1885,-0.14131822,3.830796
c_1_11_1886,0.11741723,-0.9232559
c_1_11_1888,-0.6518348,-0.9629652
c_1_11_1889,-0.4677049,-0.39900464
c_1_11_1890,0.17698778,-1.4876963
c_1_11_1891,-1.3461392,2.4669025
c_1_11_1892,-0.6769588,-1.949449
c_1_11_1893,-0.47530413,-1.3569759
c_1_11_1894,-1.5834494,-0.89640695
c_1_11_1895,-0.31407857,0.5923941
c_1_11_1896,-0.51326835,-0.32167408
c_1_11_1898,-0.19630972,-0.21422316
c_1_11_1899,-1.1122112,-0.100844756
c_1_11_1900,0.69840324,1.4820085
c_1_11_1901,-1.4225081,-0.4106342
c_1_11_1902,-1.65677,-0.09236291
c_1_11_1903,-0.19698103,-0.3770215
c_1_11_1904,-0.70928365,-0.021604633
c_1_11_1905,1.670852,2.1120307
c_1_11_1906,-1.241119,-1.2707595
c_1_11_1907,-1.056871,-0.9141364
c_1_11_1908,1.8564712,0.5697775
c_1_11_1909,3.8172817,1.4884237
c_1_11_1910,-0.7613966,-1.0598508
c_1_11_1911,4.235556,-1.3524424
c_1_11_1912,1.726723,-1.1275997
c_1_11_1913,-0.5424104,-0.47269654
c_1_11_1914,-0.73981553,-0.6516461
c_1_11_1915,-1.4246274,-1.010369
c_1_11_1916,-1.0834949,0.8233237
c_1_11_1918,-1.6403784,0.0153640695
c_1_11_1919,1.5776442,-0.18418047
c_1_11_1920,1.9400966,1.9333062
c_1_11_1921,0.019478258,0.211049
c_1_11_1923,0.57802665,0.048144326
c_1_11_1924,1.0493969,1.6711482
c_1_11_1925,-0.7086567,-1.0457935
c_1_11_1926,-1.0403731,-1.7195659
c_1_11_1927,-0.5918854,0.50561476
c_1_11_1928,0.35116777,0.8975852
c_1_11_1929,-0.35085365,-1.2333016
c_1_11_1930,-1.9950072,-1.0476536
c_1_11_1931,-0.74197096,-1.3981558
c_1_11_1933,0.70802367,-1.4015405
c_1_11_1934,-1.407177,-0.19132155
c_1_11_1935,-1.3150818,-0.61960196
c_1_11_1936,-0.25041154,-0.7761868
c_1_11_1937,-1.0121689,-1.507154
c_1_11_1938,-0.74779344,-0.6804081
c_1_11_1939,-0.6509693,-0.68098724
c_1_11_1940,-1.2921416,0.07421
c_1_11_1941,-0.9428888,-0.26525998
c_1_11_1943,-0.1997004,-0.26483297
c_1_11_1944,-2.0664256,0.19202626
c_1_11_1945,-0.16517179,0.15059954
c_1_11_1946,-1.2208989,0.18254128
c_1_11_1947,-1.2479341,-0.28536022
c_1_11_1948,-1.3347536,-1.3076032
c_1_11_1949,-0.23472726,0.053941056
c_1_11_1950,0.9284815,-1.2905918
c_1_11_1951,0.3530769,-1.6094192
c_1_11_1952,0.031780988,-0.2423415
c_1_11_1953,-0.96379215,-1.3439223
c_1_11_1954,-2.1270506,0.48617116
c_1_11_1955,-0.5055612,-1.32404
c_1_11_1957,-0.29142752,-1.125805
c_1_11_1958,-0.58566403,-0.8261019
c_1_11_1959,-0.6398379,-2.1018548
c_1_11_1960,0.04621383,-1.8445882
c_1_11_1961,-1.3929368,-1.2856971
c_1_11_1962,0.73098844,-0.04554167
c_1_11_1963,1.0783969,0.38115814
c_1_11_1964,0.4181766,-0.5631396
c_1_11_1965,-1.0550039,-1.1322386
c_1_11_1967,1.1259619,-0.86862725
c_1_11_1968,3.653386,-1.4194618
c_1_11_1969,-0.32301998,-0.15239525
c_1_11_1970,-1.6277943,-0.39937302
c_1_11_1971,0.79687995,-0.44648516
c_1_11_1972,-0.35872728,-1.0159034
c_1_11_1973,0.024369765,0.5400775
c_1_11_1974,0.99749005,-0.73787147
c_1_11_1975,0.6802626,-0.029750828
c_1_11_1976,-1.0810722,0.107715756
c_1_11_1977,0.031563498,-1.9505676
c_1_11_1978,1.1327403,-1.6642871
c_1_11_1979,-1.9462016,-0.98901033
c_1_11_1980,-0.882941,-1.1062945
c_1_11_1981,-0.8005693,-1.5030626
c_1_11_1982,-1.4236926,-2.68246
c_1_11_1983,-1.6894314,-0.24014212
c_1_11_1984,-0.1733261,-1.3407309
c_1_11_1985,5.111958,-0.055442795
c_1_11_1986,-0.04999607,0.084848106
c_1_11_1987,0.3041712,0.42778
c_1_11_1988,0.29814157,-2.4334083
c_1_11_1989,-0.9291571,1.4021498
c_1_11_1990,-1.9908354,-0.7663676
c_1_11_1991,1.0142425,-0.4200944
c_1_11_1992,-1.896466,0.86139154
c_1_11_1993,-0.8789407,-0.42473876
c_1_11_1994,-1.4236742,-0.80988574
c_1_11_1995,-0.98032683,-0.3924819
c_1_11_1996,0.7449972,-0.2627773
c_1_11_1997,-0.674285,1.1376508
c_1_11_1999,-0.8405963,0.010710012
c_1_11_2000,0.70243865,-1.5639641
c_1_11_2001,1.3428727,0.6199751
c_1_11_2002,0.2612631,-1.220888
c_1_11_2003,-0.5283259,-0.48456198
c_1_11_2004,-0.73620844,0.72635776
c_1_11_2005,-1.0388595,-0.20776346
c_1_11_2006,-0.8250379,-1.8574024
c_1_11_2007,0.090513594,0.18332718
c_1_11_2008,-0.5013763,-0.2687754
c_1_11_2009,1.2551724,-0.78897464
c_1_11_2010,-0.202717,-0.40046698
c_1_11_2011,-1.039522,0.14181764
c_1_11_2012,0.65872264,-1.260395
c_1_11_2013,0.21730413,0.028560081
c_1_11_2014,-0.5258932,-0.35503095
c_1_11_2015,-0.03581504,-0.7392036
c_1_11_2016,-0.3378082,-1.2329916
c_1_11_2017,3.0503862,-1.0799254
c_1_11_2018,2.3760421,-0.2016323
c_1_11_2019,-0.04058979,-0.73250633
c_1_11_2020,-0.88697004,-2.4699402
c_1_11_2021,-0.9041057,-1.1839907
c_1_11_2022,-0.46539104,-0.08271361
c_1_11_2023,-1.0471492,-0.14159362
c_1_11_2024,-0.72742987,-0.36106616
c_1_11_2025,0.2132711,1.2010523
c_1_11_2026,-0.6048935,-1.0898302
c_1_11_2027,-1.2857009,2.1310666
c_1_11_2028,-1.0938386,-2.114252
c_1_11_2029,0.244043,-1.2485265
c_1_11_2030,-0.29083583,-1.7221596
c_1_11_2031,-1.2048786,-1.6272862
c_1_11_2032,1.5714818,-1.5148137
c_1_11_2033,0.10478589,0.73210275
c_1_11_2034,1.9989978,2.0234377
c_1_11_2035,-1.0199422,-1.4748738
c_1_11_2036,-0.67927116,-1.4690027
c_1_11_2037,-1.7814617,2.104169
c_1_11_2038,-1.0414083,-0.53138256
c_1_11_2039,-0.39110658,-1.1881158
c_1_11_2040,0.2480249,-0.57926005
c_1_11_2041,0.6685759,-0.18319696
c_1_11_2042,-0.20611173,-0.5444367
c_1_11_2043,0.13819535,0.49868703
c_1_11_2044,-0.88999856,-1.2351815
c_1_11_2045,-0.54824066,-0.7383159
c_1_11_2046,-1.8571752,1.4456686
c_1_11_2047,-0.5928848,0.111039296
c_1_11_2048,-0.1996659,1.1757977
c_1_11_2049,-0.06779049,-0.80252564
c_1_11_2050,-0.8009182,-0.2850426
c_1_11_2051,0.59528667,-0.29070133
c_1_11_2052,-0.4890193,-1.3817427
c_1_11_2053,0.6652752,-0.91654736
c_1_11_2054,-1.2082806,-1.752221
c_1_11_2055,0.5525884,-1.7942024
c_1_11_2056,1.338849,-0.9877907
c_1_11_2057,-0.3671649,-1.1215054
c_1_11_2059,-1.0795959,-1.5392469
c_1_11_2061,0.92429215,-0.97151613
c_1_11_2062,-0.8228443,0.010833736
c_1_11_2063,-0.64285874,-1.1296072
c_1_11_2064,0.18185984,-1.1949651
c_1_11_2065,2.9543247,1.0343261
c_1_11_2066,0.25680438,-0.5878334
c_1_11_2067,-0.56333464,-1.6934963
c_1_11_2068,-1.0934144,-0.66168696
c_1_11_2069,-1.1514674,-1.4848346
c_1_11_2070,-1.1098276,-0.5663095
c_1_11_2071,-0.70870656,-0.5774232
c_1_11_2072,-0.76855373,-1.5630511
c_1_11_2073,-0.5491914,-1.304507
c_1_11_2074,0.23020974,-1.0348381
c_1_11_2075,-0.55497605,1.026587
c_1_11_2076,-0.6710308,-1.4473907
c_1_11_2077,-0.35168934,-0.7771986
c_1_11_2078,-0.7671122,-0.87124133
c_1_11_2079,1.767361,0.3599481
c_1_11_2080,0.040288042,0.5802707
c_1_11_2081,-0.48059133,-0.4767218
c_1_11_2082,-1.2131526,-0.7735106
c_1_11_2083,-1.1119146,-1.5602133
c_1_11_2084,-2.191258,1.6590674
c_1_11_2085,-0.19475694,0.14842442
c_1_11_2086,0.28118885,1.6389289
c_1_11_2087,-0.77180016,-0.21486683
c_1_11_2088,-0.3449788,-2.2784479
c_1_11_2089,-0.024955178,0.39842847
c_1_11_2090,-0.23804687,5.364878
c_1_11_2091,0.34073547,-0.4994227
c_1_11_2092,-0.47019058,-1.1372869
c_1_11_2093,-0.5401499,-1.1121489
c_1_11_2094,-0.12812635,-0.44571042
c_1_11_2095,-0.8421992,-2.745888
c_1_11_2096,0.74369615,-0.8558251
c_1_11_2097,-0.49904922,-1.8789208
c_1_11_2098,-0.64313054,-0.68595463
c_1_11_2099,-1.8078369,-1.0779601
c_1_11_2100,-1.0164632,0.027629104
c_1_11_2101,-0.205365,-2.180304
c_1_11_2102,2.193313,-0.0019749207
c_1_11_2103,-0.725687,0.13909279
c_1_11_2104,-0.7906223,-1.6998687
c_1_11_2105,-0.58469486,0.3436927
c_1_11_2106,-1.231695,-1.5576388
c_1_11_2107,-1.1517864,-0.7478075
c_1_11_2108,0.654416,-0.60085696
c_1_11_2109,-0.24070646,-2.4770236
c_1_11_2110,-1.949085,-1.283166
c_1_11_2111,-0.4867461,-1.1352034
c_1_11_2113,-1.1557047,1.5506037
c_1_11_2114,-0.7412489,-1.4319354
c_1_11_2115,-0.47943538,1.4831523
c_1_11_2116,1.1538432,-0.09852058
c_1_11_2117,-0.19421427,-0.9269856
c_1_11_2118,-0.3255125,-0.52495366
c_1_11_2119,-1.5418338,3.7138715
c_1_11_2120,-0.662024,0.5600849
c_1_11_2121,-0.49903864,0.032367267
c_1_11_2122,0.21772164,1.1583232
c_1_11_2123,-0.38669696,0.49299154
c_1_11_2124,-1.2959453,0.26350605
c_1_11_2125,-0.9582819,-1.4365149
c_1_11_2126,-0.6033993,0.52352047
c_1_11_2127,-0.9697241,-1.6367613
c_1_11_2128,0.8310453,-1.0067065
c_1_11_2129,-0.123279,-1.2816994
c_1_11_2130,-1.0899398,0.83070827
c_1_11_2131,-0.17696196,0.08228472
c_1_11_2132,-1.6475542,4.8838005
c_1_11_2133,-0.83873194,0.93975955
c_1_11_2134,-0.2545844,0.21630785
c_1_11_2135,0.90136087,-2.0936573
c_1_11_2136,-0.51078105,-1.0603424
c_1_11_2137,-1.4335294,-0.2035851
c_1_11_2138,-1.0903096,2.3949444
c_1_11_2139,-1.3513898,-1.0437146
c_1_11_2140,-0.75460577,0.7739502
c_1_11_2141,1.1606555,1.4215308
c_1_11_2142,0.9641675,-0.5571681
c_1_11_2143,-0.5809805,-1.2586144
c_1_11_2144,-1.5610546,-1.8019406
c_1_11_2145,-0.07901363,0.38494048
c_1_11_2146,2.8892286,-2.104569
c_1_11_2147,-0.7925391,1.2089998
c_1_11_2148,3.5766802,0.5868385
c_1_11_2149,-1.207321,1.992267
c_1_11_2150,-1.702279,-1.168771
c_1_11_2151,-0.3931998,-1.5936781
c_1_11_2152,-1.3813409,-1.535983
c_1_11_2153,0.6745115,0.05952777
c_1_11_2154,-1.5132896,-0.65647846
c_1_11_2155,-1.5519685,-0.99147475
c_1_11_2156,1.4863232,-1.376604
c_1_11_2157,0.3161974,-0.337664
c_1_11_2158,1.4506186,-1.0811646
c_1_11_2159,-1.2429429,-0.5943894
c_1_11_2160,-0.54990625,-0.52142924
c_1_11_2161,-0.11437429,0.9090989
c_1_11_2162,-0.8749099,-1.691934
c_1_11_2163,-0.429715,1.0517646
c_1_11_2164,-1.7931902,-0.8486384
c_1_11_2165,1.9866861,-0.6300116
c_1_11_2166,-0.9557945,-0.36834422
c_1_11_2167,0.27017492,-0.47197843
c_1_11_2168,2.3416963,-1.7290812
c_1_11_2169,-1.9630859,-2.445625
c_1_11_2170,0.11398278,-1.27542
c_1_11_2171,0.03030255,-1.7784119
c_1_11_2172,-0.7319548,-1.3203164
c_1_11_2173,-0.91314614,-1.6087586
c_1_11_2174,1.6268148,0.95912147
c_1_11_2175,-0.96512,-0.4657422
c_1_11_2176,-0.73707515,-0.23712908
c_1_11_2177,0.9023576,-0.060989525
c_1_11_2178,-1.4255966,-0.6920339
c_1_11_2179,1.983461,-0.32611418
c_1_11_2180,-0.6633233,-0.48908234
c_1_11_2181,0.5103328,-1.13135
c_1_11_2182,-1.2364886,-1.7297009
c_1_11_2183,-0.29370263,0.35601306
c_1_11_2184,-0.8159827,-0.18584459
c_1_11_2185,-0.8074001,-0.80399454
c_1_11_2186,-1.0658184,0.06297702
c_1_11_2187,2.9057748,0.29373047
c_1_11_2188,0.7957184,-0.97060734
c_1_11_2189,1.7565973,-0.9840484
c_1_11_2190,-0.6352395,-0.73848665
c_1_11_2191,7.732142,0.34945047
c_1_11_2192,2.9362535,-0.97629005
c_1_11_2193,-0.7869594,-0.3313357
c_1_11_2194,-0.5812129,0.34684148
c_1_11_2195,1.9210665,-0.5995102
c_1_11_2196,-1.1272187,1.3422343
c_1_11_2197,-1.256201,-0.45688328
c_1_11_2198,-1.0683178,-1.0305327
c_1_11_2199,-0.5363965,-2.7835727
c_1_11_2200,-0.7455543,-1.1922319
c_1_11_2201,-0.24056463,-0.7345846
c_1_11_2202,-0.43090755,-0.6244897
c_1_11_2203,-0.72473735,-0.753778
c_1_11_2204,-0.79332286,-0.35399836
c_1_11_2205,0.3067124,0.6179414
c_1_11_2206,0.7024364,-0.32656276
c_1_11_2207,3.4777577,-0.63984823
c_1_11_2208,-0.8494309,-0.52517307
c_1_11_2209,-0.8422766,-0.94888335
c_1_11_2210,0.4314501,-1.8529335
c_1_11_2211,-0.08699356,-1.1355015
c_1_11_2212,-0.65010226,0.11734563
c_1_11_2213,0.045772035,-0.60061324
c_1_11_2214,-0.7805218,-0.99112386
c_1_11_2215,-0.6201653,-1.111968
c_1_11_2216,-0.14720532,-1.7535981
c_1_11_2217,0.70802534,-1.1982441
c_1_11_2218,-0.89445233,-1.2569498
c_1_11_2220,0.40448776,-0.26191077
c_1_11_2221,1.3303167,-0.9141911
c_1_11_2222,-1.1089762,-0.7811832
c_1_11_2223,4.2415357,0.7437588
c_1_11_2224,0.3608438,-0.16583702
c_1_11_2225,0.6021727,-0.56248486
c_1_11_2226,-0.15110417,-1.4569681
c_1_11_2227,-1.225642,-0.58905864
c_1_11_2228,-1.2932621,-1.0404125
c_1_11_2230,0.18510903,0.8231473
c_1_11_2231,1.6844747,0.03377788
c_1_11_2232,-0.40896317,-0.27035475
c_1_11_2233,0.38956034,-0.22715165
c_1_11_2234,-0.34117544,1.0948746
c_1_11_2235,2.191558,0.17250668
c_1_11_2236,0.30765355,-0.68805313
c_1_11_2237,-1.1141363,0.18918157
c_1_11_2238,-1.2234205,0.0726739
c_1_11_2239,1.7690109,-0.20714106
c_1_11_2240,1.8259721,-0.47468397
c_1_11_2241,0.3008089,-1.2375696
c_1_11_2242,-0.66778386,0.21395974
c_1_11_2243,0.39312735,1.8522578
c_1_11_2244,1.3851544,0.6461843
c_1_11_2245,-0.44292665,-0.38512108
c_1_11_2247,0.48254275,-1.3139277
c_1_11_2248,-0.84280133,-0.46499792
c_1_11_2249,1.2122906,0.03579432
c_1_11_2250,-1.0074903,-0.4147369
c_1_11_2251,0.092908815,-0.9358241
c_1_11_2252,-1.1310729,-1.8310205
c_1_11_2253,-0.48464012,-1.1928343
c_1_11_2254,-0.70518166,-0.84863126
c_1_11_2255,-1.9529974,-0.42761132
c_1_11_2256,-0.24972156,-2.360541
c_1_11_2257,-0.6284683,0.35961068
c_1_11_2258,-0.63289094,-0.5505669
c_1_11_2259,0.65488595,-0.58621144
c_1_11_2260,1.4488417,0.07295795
c_1_11_2261,1.6250626,-0.19531973
c_1_11_2262,2.7348979,0.34619695
c_1_11_2263,-0.47202936,1.6243509
c_1_11_2264,-0.57878613,-0.91824484
c_1_11_2265,-1.0902208,-1.3248487
c_1_11_2266,0.274929,-1.3705701
c_1_11_2267,0.23344235,-1.4897281
c_1_11_2268,-1.1453531,-0.5796675
c_1_11_2269,0.17817512,0.08149711
c_1_11_2270,-0.5080636,-2.8494828
c_1_11_2272,1.2320957,-0.28362435
c_1_11_2273,1.6526009,-0.7307064
c_1_11_2274,-1.2612714,-1.0373802
c_1_11_2275,-0.7998626,-0.35935643
c_1_11_2276,2.5119033,-0.1191767
c_1_11_2277,-0.6376412,-0.60702866
c_1_11_2279,-0.864304,-0.22886235
c_1_11_2280,0.1520785,0.09909569
c_1_11_2281,0.21430099,-1.6695589
c_1_11_2282,-1.2540724,1.0664673
c_1_11_2283,-0.7883217,-1.1038972
c_1_11_2284,1.070676,-0.196302
c_1_11_2285,-0.6893124,-0.46121016
c_1_11_2286,-1.4823277,-1.597381
c_1_11_2287,-2.3272426,0.11337148
c_1_11_2288,-0.22672027,-0.91297954
c_1_11_2289,0.09613902,0.63876396
c_1_11_2290,-1.3205584,-1.1237701
c_1_11_2291,-1.3047117,-1.4202125
c_1_11_2292,-2.1218846,-0.27772722
c_1_11_2293,0.46993876,-0.87918234
c_1_11_2294,-0.33568314,-0.38582635
c_1_11_2295,-1.1673441,-0.10626947
c_1_11_2296,-0.56318396,-0.5784316
c_1_11_2297,-0.5842904,-1.1369653
c_1_11_2298,-1.5470268,-0.95493895
c_1_11_2299,-0.43804294,-0.9346306
c_1_11_2300,-0.72923595,-1.7075871
c_1_11_2301,0.5552858,-1.0940611
c_1_11_2302,-1.2416234,-1.4283693
c_1_11_2303,0.40201113,1.2337046
c_1_11_2304,-1.4829677,-0.38884705
c_1_11_2305,-0.4980958,-0.775731
c_1_11_2306,0.36034477,-0.60627407
c_1_11_2307,-0.9391723,0.063950166
c_1_11_2308,-0.45654348,-3.1266162
c_1_11_2309,0.72548324,0.99196315
c_1_11_2310,-0.094753064,0.6989137
c_1_11_2311,-1.4625459,-0.5032528
c_1_11_2312,-0.7216917,-0.35311377
c_1_11_2313,-0.9626,-0.2585026
c_1_11_2314,-0.8381789,-0.5283737
c_1_11_2315,0.11449248,-0.21853733
c_1_11_2316,-0.19535235,-0.18937762
c_1_11_2317,-0.8688691,-0.9637794
c_1_11_2318,0.13547303,0.8280871
c_1_11_2319,0.17897552,-1.0919381
c_1_11_2320,-0.017590145,-0.79585177
c_1_11_2322,0.789171,-0.3181206
c_1_11_2323,-1.9026995,-0.17955787
c_1_11_2324,-0.2940843,-0.16832137
c_1_11_2325,-0.57182956,-1.1605115
c_1_11_2326,-0.91686654,0.51618737
c_1_11_2328,1.2185122,-1.2295038
c_1_11_2329,0.45639095,1.1728963
c_1_11_2330,-1.7882159,-3.2016401
c_1_11_2331,3.2670054,0.014399384
c_1_11_2332,-1.2126418,-1.9395692
c_1_11_2334,-0.17478961,-1.5390185
c_1_11_2335,-2.1270285,1.3092923
c_1_11_2336,-1.658601,-0.5036493
c_1_11_2337,-0.089211375,-0.7633983
c_1_11_2338,0.34493372,-1.1905975
c_1_11_2339,-0.6843318,0.66004723
c_1_11_2341,-1.0433483,-0.24099176
c_1_11_2342,0.17984365,-1.0066733
c_1_11_2343,1.708692,-1.0047715
c_1_11_2344,0.1445068,-0.49102548
c_1_11_2345,-0.39432967,0.4638484
c_1_11_2346,-0.427551,-0.15610678
c_1_11_2347,-0.50018495,-0.69126415
c_1_11_2348,-0.10359347,-0.83044696
c_1_11_2349,0.029723594,0.3393642
c_1_11_2350,-0.014785018,-0.42242584
c_1_11_2351,1.2562904,-0.4982332
c_1_11_2352,3.3965592,0.65766835
c_1_11_2353,-1.6138752,0.13253723
c_1_11_2354,-0.467563,0.120797835
c_1_11_2355,-1.3764144,-1.4832447
c_1_11_2356,-0.43119773,-1.8026344
c_1_11_2357,-0.9916067,-0.31530398
c_1_11_2358,-0.6160806,0.032016654
c_1_11_2359,-0.89487493,-0.8808259
c_1_11_2360,-0.2156441,0.01742187
c_1_11_2361,-0.6745443,0.9482379
c_1_11_2362,1.2512249,0.09487216
c_1_11_2363,-0.85939515,-0.65535164
c_1_11_2364,0.18565086,-0.40423778
c_1_11_2365,0.1372442,-1.0711828
c_1_11_2366,1.1079243,1.8476095
c_1_11_2367,0.36032358,-0.8020093
c_1_11_2368,-1.1844229,0.67769355
c_1_11_2369,-0.88293284,-0.2916018
c_1_11_2370,0.5025652,1.627957
c_1_11_2371,0.044651672,-0.13792033
c_1_11_2372,-0.80539405,-1.6597309
c_1_11_2373,-1.2626883,-2.8884106
c_1_11_2374,1.148418,-0.69970423
c_1_11_2375,0.07243094,2.3844972
c_1_11_2376,-1.712706,1.208042
c_1_11_2377,-0.6879945,-1.740293
c_1_11_2378,-0.5601602,-0.08594541
c_1_11_2379,-0.9381279,-0.66544384
c_1_11_2380,-1.1301627,-1.0095736
c_1_11_2381,1.6373694,0.15214737
c_1_11_2382,-0.52190405,-0.7953775
c_1_11_2383,-0.45833743,-2.0163672
c_1_11_2384,-0.70580083,-0.2759822
c_1_11_2385,-1.1931158,-0.36876315
c_1_11_2386,-2.1628036,-0.0233456
c_1_11_2387,-0.21866272,-0.80460185
c_1_11_2388,0.13297541,0.31485748
c_1_11_2389,-0.42050922,-0.42796934
c_1_11_2390,-1.4704143,-1.1847032
c_1_11_2391,-0.8591793,-0.7269011
c_1_11_2392,-0.9921644,-0.094319135
c_1_11_2393,-1.3596324,-0.3081811
c_1_11_2394,-0.64080226,-0.24290507
c_1_11_2395,-1.4955788,0.06427262
c_1_11_2396,0.23385887,-1.8221697
c_1_11_2397,-0.8268396,-1.1631488
c_1_11_2398,1.1283287,1.007436
c_1_11_2399,-1.1563592,-0.704293
c_1_11_2400,0.90758747,-0.5074916
c_1_11_2401,2.0667744,-0.43743223
c_1_11_2402,0.08162487,-1.9794769
c_1_11_2403,0.26745668,0.9207897
c_1_11_2404,-0.378944,-1.4222292
c_1_11_2405,-0.48140514,0.18470336
c_1_11_2406,-1.2271181,0.43809915
c_1_11_2407,-0.738876,-1.3007847
c_1_11_2408,-0.77358395,-1.8463029
c_1_11_2409,-0.9240903,-0.15786646
c_1_11_2410,-1.090488,-0.57053363
c_1_11_2411,-0.83247495,-2.6156442
c_1_11_2412,-0.30072796,-2.2997308
c_1_11_2413,-0.23046066,-1.4004754
c_1_11_2414,-1.8164895,-0.81626886
c_1_11_2415,0.35738775,-1.2667875
c_1_11_2416,0.14932604,-1.1407013
c_1_11_2417,-0.801419,-0.9475365
c_1_11_2418,-1.1226639,-1.8927975
c_1_11_2419,-1.4106599,-1.1358457
c_1_11_2421,-0.18891586,-0.52207404
c_1_11_2422,-0.491388,-1.2120782
c_1_11_2423,-0.8895534,-1.5030988
c_1_11_2424,0.030947873,-0.62489456
c_1_11_2425,0.6273015,-1.295622
c_1_11_2426,-0.81145334,0.23956282
c_1_11_2427,-1.1623993,-0.08481869
c_1_11_2428,0.046676442,0.5319135
c_1_11_2429,-0.33813897,-0.45551914
c_1_11_2430,-0.26312146,-0.82892996
c_1_11_2431,-0.70477206,-1.1642811
c_1_11_2432,-0.17553815,0.38072336
c_1_11_2433,-0.82538766,-2.039343
c_1_11_2434,-0.059759576,-2.2424083
c_1_11_2435,-1.6983628,-0.024312453
c_1_11_2436,0.90530014,0.401073
c_1_11_2437,-1.6437103,-1.9005979
c_1_11_2438,-0.34331638,-0.37350297
c_1_11_2439,-1.1791763,-0.1759132
c_1_11_2440,-0.22056518,-1.989212
c_1_11_2441,-1.1332954,-0.54145044
c_1_11_2442,-1.2309271,-0.097614534
c_1_11_2443,0.18768129,0.19610849
c_1_11_2444,0.5066223,0.008218811
c_1_11_2445,-1.3323246,-1.3389597
c_1_11_2446,-0.58817816,0.67890996
c_1_11_2447,-1.7319851,-0.12865072
c_1_11_2448,0.46599331,-1.1810764
c_1_11_2449,-1.4524988,-1.5285277
c_1_11_2450,-1.2898688,0.37335685
c_1_11_2451,1.5329694,-0.13514678
c_1_11_2452,-1.6326482,-0.12183181
c_1_11_2453,-0.11030568,0.09143198
c_1_11_2454,-1.5690451,-1.522085
c_1_11_2455,4.391787,0.029962463
c_1_11_2456,-0.3786247,0.4896883
c_1_11_2457,-0.033956364,0.15010902
c_1_11_2458,3.9348223,-0.4223059
c_1_11_2459,-0.4036132,-0.88114023
c_1_11_2460,-0.5370137,-0.351179
c_1_11_2461,-0.52723074,-2.1035886
c_1_11_2462,-0.026285721,-0.7743286
c_1_11_2463,-1.3501405,0.19281967
c_1_11_2464,-0.19388367,-0.24631055
c_1_11_2465,0.5226867,0.19230783
c_1_11_2466,5.5252748,0.910213
c_1_11_2468,-0.7296685,-0.10134727
c_1_11_2469,0.14242055,-2.4116185
c_1_11_2470,-0.3573842,-0.60741013
c_1_11_2471,0.6760577,-0.727527
c_1_11_2472,-0.32697737,0.57016826
c_1_11_2473,-1.1537087,-2.1344333
c_1_11_2474,-0.9263868,-0.1332926
c_1_11_2475,-1.6870637,-0.07659727
c_1_11_2476,-1.8209245,-1.5858047
c_1_11_2477,4.6761413,-0.14201683
c_1_11_2478,-0.5400213,-1.00739
c_1_11_2479,-0.9154908,0.9135222
c_1_11_2480,0.9398665,-0.15927473
c_1_11_2482,-1.0625554,0.24006529
c_1_11_2483,-1.0389571,1.0391924
c_1_11_2484,-1.1500871,0.3321539
c_1_11_2485,4.7074895,-0.22556028
c_1_11_2486,-0.08517666,-0.9661664
c_1_11_2487,4.476801,-0.6218521
c_1_11_2488,3.310753,-0.15628794
c_1_11_2489,3.2756205,0.84019655
c_1_11_2490,-0.35422826,0.45416132
c_1_11_2491,1.2037632,0.38945052
c_1_11_2492,-1.1321082,-0.43350148
c_1_11_2493,0.34430707,-0.32092673
c_1_11_2494,-1.5237128,-1.2200406
c_1_11_2495,0.5608514,-0.8308995
c_1_11_2496,1.2489574,-2.0274038
c_1_11_2497,-1.186359,-1.6572392
c_1_11_2498,-2.2581244,-3.4949083
c_1_11_2499,-0.85990095,0.45792022
c_1_11_2500,0.93120915,-0.1819344
c_1_11_2501,-1.2819417,0.10212986
c_1_11_2502,0.32744277,-0.47595602
c_1_11_2503,4.15249,-0.4093576
c_1_11_2504,-0.89515144,-1.0444643
c_1_11_2505,0.28691897,-0.023575576
c_1_11_2506,0.35213435,-0.3378433
c_1_11_2507,2.895129,-0.83760595
c_1_11_2508,-0.48472258,-0.9651337
c_1_11_2509,-0.81766903,-0.5284285
c_1_11_2510,1.0678469,-0.48891678
c_1_11_2511,0.15897946,0.5258555
c_1_11_2512,-0.23531304,-1.4575838
c_1_11_2513,-0.7026492,2.880714
c_1_11_2514,-2.2037313,-1.2686781
c_1_11_2515,4.589023,0.09618339
c_1_11_2516,-2.2592678,0.3042007
c_1_11_2517,-0.53008294,-0.52791345
c_1_11_2518,-0.70527935,-1.1007918
c_1_11_2519,-1.0156041,0.3939509
c_1_11_2520,0.12647006,-1.5990925
c_1_11_2521,-0.7050845,-0.42427903
c_1_11_2522,0.7108381,-0.5762656
c_1_11_2523,-0.87395275,0.80912197
c_1_11_2524,-1.2650082,-0.10893007
c_1_11_2525,-1.5177592,-0.9181788
c_1_11_2526,-1.7442664,-0.7427613
c_1_11_2527,-1.1880239,-1.0153328
c_1_11_2528,-0.25525108,0.47343102
c_1_11_2529,0.0027580212,-0.9749527
c_1_11_2530,-1.6188166,0.10461682
c_1_11_2531,1.7736226,0.49662828
c_1_11_2532,3.2279215,0.3391714
c_1_11_2533,2.3097742,-0.7896049
c_1_11_2534,0.2698595,0.91759413
c_1_11_2535,-1.1829011,-1.44532
c_1_11_2536,0.01590064,-0.5876535
c_1_11_2537,1.2666019,-1.2670131
c_1_11_2538,-0.37744522,-1.5093335
c_1_11_2539,-1.3517462,-0.630747
c_1_11_2540,-0.424088,-0.57813615
c_1_11_2541,-0.110932484,-0.49545488
c_1_11_2542,-0.5301472,-0.20320547
c_1_11_2543,0.10364888,-3.1828072
c_1_11_2544,0.022517486,-1.9577619
c_1_11_2545,0.14032833,0.56901777
c_1_11_2546,0.73252064,-1.2069256
c_1_11_2547,-1.251454,0.3744031
c_1_11_2548,-0.87490565,-1.2193154
c_1_11_2549,1.1132957,-1.0765147
c_1_11_2550,-0.8356788,0.5654803
c_1_11_2551,-1.8773897,-1.4912447
c_1_11_2552,0.028866975,-1.7832391
c_1_11_2553,-0.546163,-1.2437602
c_1_11_2554,0.4768941,-0.36607
c_1_11_2555,-0.4096178,0.04318863
c_1_11_2556,-0.76175416,-0.409364
c_1_11_2558,-1.4602082,-0.2305506
c_1_11_2559,0.53532636,-0.4988995
c_1_11_2560,-0.102192685,-1.0667087
c_1_11_2561,-0.4105159,0.10402929
