cell_id,UMAP_1,UMAP_2
c_1_18_1,2.1365917,0.643922
c_1_18_2,9.067833,0.91255206
c_1_18_3,5.3252234,-0.8621641
c_1_18_5,7.9525123,0.4683916
c_1_18_6,7.1942477,1.1785979
c_1_18_7,1.7276206,-0.42175442
c_1_18_8,7.6957865,1.1888638
c_1_18_9,5.849736,-3.617797
c_1_18_10,5.346223,-1.5610057
c_1_18_11,8.114079,-0.26358598
c_1_18_12,3.4658396,2.99768
c_1_18_13,5.0866957,0.31522396
c_1_18_14,6.932994,-0.06501916
c_1_18_15,5.14583,1.5257821
c_1_18_16,8.158423,0.14270636
c_1_18_17,3.4400601,-0.33682817
c_1_18_18,4.24733,-2.1523461
c_1_18_19,5.4416714,0.24399494
c_1_18_20,6.587938,0.7676464
c_1_18_21,4.215786,0.694019
c_1_18_22,3.8771844,4.149546
c_1_18_23,8.435193,0.5712229
c_1_18_24,5.403561,1.0130281
c_1_18_25,6.4433594,1.7002858
c_1_18_26,5.6477895,1.5224743
c_1_18_27,5.68256,1.6844207
c_1_18_28,3.4250927,-2.0844162
c_1_18_29,9.023008,1.3677408
c_1_18_30,6.823103,0.42701828
c_1_18_31,8.012523,2.318947
c_1_18_32,1.3578104,0.28431574
c_1_18_33,4.275221,-0.364393
c_1_18_34,5.0490117,1.0230452
c_1_18_35,7.7431774,1.5074044
c_1_18_36,6.3704066,0.2761979
c_1_18_37,4.9808764,-0.28214562
c_1_18_39,6.0408535,0.35709664
c_1_18_40,6.393162,2.722502
c_1_18_41,5.633671,1.2641556
c_1_18_42,5.329831,1.6066735
c_1_18_43,1.8807386,-0.43932864
c_1_18_44,4.1825023,0.64640206
c_1_18_45,7.208418,0.15806074
c_1_18_47,4.9543653,0.16714738
c_1_18_48,7.2148027,2.5701075
c_1_18_49,2.9552388,-1.2368231
c_1_18_50,8.247002,0.023560233
c_1_18_51,1.7539834,1.9621339
c_1_18_52,8.323835,0.3556536
c_1_18_53,7.725974,0.5138499
c_1_18_54,6.428436,1.4011421
c_1_18_55,8.001527,2.8591168
c_1_18_56,3.5898802,-1.7313287
c_1_18_57,5.7042956,0.26306158
c_1_18_58,4.9059477,1.6324564
c_1_18_59,1.2482536,0.22254623
c_1_18_60,3.0351171,-1.4128201
c_1_18_61,6.7844152,0.959559
c_1_18_62,2.7938614,0.85304075
c_1_18_63,5.9640837,3.2480762
c_1_18_64,3.6058815,3.822852
c_1_18_65,4.011958,-0.13774127
c_1_18_68,4.867922,-1.8538641
c_1_18_70,5.0611606,-3.270701
c_1_18_71,5.0964007,1.0665852
c_1_18_72,6.513818,0.6673661
c_1_18_73,5.5772643,-3.326613
c_1_18_74,5.126096,0.07483351
c_1_18_75,4.832743,-0.39831284
c_1_18_76,1.5992153,0.22396016
c_1_18_77,7.4752593,-1.5365356
c_1_18_78,4.884064,-2.1488361
c_1_18_79,4.906633,0.48380578
c_1_18_80,2.0695636,0.20732088
c_1_18_81,4.85636,-0.94685996
c_1_18_82,5.018086,-1.7701342
c_1_18_83,8.509306,0.6796867
c_1_18_84,5.91345,-3.1482115
c_1_18_85,6.2424045,-1.561901
c_1_18_86,5.504784,1.143783
c_1_18_87,3.0572374,2.133
c_1_18_88,3.3106618,0.39630023
c_1_18_89,6.1260276,-0.94459313
c_1_18_90,6.1342587,-0.57920414
c_1_18_91,7.166152,-0.12042004
c_1_18_93,6.411847,-1.8014055
c_1_18_94,2.9652703,-0.10375115
c_1_18_95,4.9384894,-0.88642055
c_1_18_96,4.094541,-3.1452723
c_1_18_97,6.7143817,-1.5658311
c_1_18_98,4.8753886,-0.73235476
c_1_18_99,6.797013,3.9282312
c_1_18_100,6.3850474,-0.9516917
c_1_18_101,5.74786,-2.4088888
c_1_18_103,8.286538,0.7036671
c_1_18_104,3.918352,-2.0926554
c_1_18_105,4.973595,-1.5945504
c_1_18_106,5.44782,-2.0829527
c_1_18_107,5.5930653,-3.0400312
c_1_18_108,5.415315,-0.4657076
c_1_18_109,5.611559,-2.583889
c_1_18_110,3.3719087,-1.899417
c_1_18_111,6.495529,-0.20543161
c_1_18_112,1.9990246,-0.51407385
c_1_18_113,6.0398874,-0.67583734
c_1_18_114,5.956083,-1.6183599
c_1_18_115,4.7422104,-0.910555
c_1_18_116,4.562084,-3.5334039
c_1_18_117,6.270887,-2.0476751
c_1_18_118,3.7207794,-2.098541
c_1_18_121,6.563611,-2.0217855
c_1_18_122,5.2572346,-3.810132
c_1_18_123,6.300681,0.7571193
c_1_18_124,8.394673,1.4701513
c_1_18_125,4.0497203,-3.0458102
c_1_18_126,3.8764834,-3.4762282
c_1_18_127,1.896922,-0.14688553
c_1_18_128,5.705692,-4.0009847
c_1_18_129,3.5616453,-0.65972614
c_1_18_130,4.6258826,-0.15332577
c_1_18_131,4.2488155,-2.3932173
c_1_18_132,4.1534896,-0.38984752
c_1_18_133,5.631434,-0.61908495
c_1_18_134,7.190362,-2.8068054
c_1_18_135,1.4444017,0.17471
c_1_18_136,4.7887177,-0.9194071
c_1_18_137,3.3401835,-2.6140206
c_1_18_138,3.0120518,-2.3701916
c_1_18_139,6.154284,-2.6010957
c_1_18_140,4.901311,-3.6944504
c_1_18_141,2.9108307,0.23393653
c_1_18_142,6.410646,0.91062814
c_1_18_143,3.735887,-3.7905066
c_1_18_144,5.622072,-2.9636517
c_1_18_145,3.0729918,4.10963
c_1_18_146,6.065333,-0.6649586
c_1_18_147,6.255342,-1.5879935
c_1_18_148,3.4465418,-2.7575567
c_1_18_150,4.55057,1.6915652
c_1_18_151,4.8671823,-3.3272057
c_1_18_152,4.575417,0.40941983
c_1_18_153,3.182943,4.5575256
c_1_18_154,2.826442,-1.9612983
c_1_18_155,5.2523746,-4.3280134
c_1_18_156,1.9734048,1.3999257
c_1_18_157,8.070872,1.2576575
c_1_18_158,6.743752,-3.885049
c_1_18_159,6.841031,-1.7718424
c_1_18_161,7.2635455,0.75186825
c_1_18_162,6.061733,-2.8662283
c_1_18_163,3.896955,-1.2499564
c_1_18_164,0.87977415,0.40544087
c_1_18_165,7.1029606,2.4455419
c_1_18_166,5.18238,-2.888623
c_1_18_167,5.1913233,-3.5336766
c_1_18_168,3.5447226,-0.7531678
c_1_18_169,5.8252697,-0.23265873
c_1_18_170,4.121405,-2.5476558
c_1_18_171,4.0029297,-2.003765
c_1_18_172,5.403508,0.5418631
c_1_18_173,6.2160745,-3.2093241
c_1_18_174,3.3665922,-0.20070308
c_1_18_175,3.096059,4.3583946
c_1_18_176,4.267935,-1.4389082
c_1_18_177,5.539602,0.054252524
c_1_18_178,1.6315756,-0.16935726
c_1_18_179,6.2131386,-2.5494273
c_1_18_180,4.6035585,-3.4289432
c_1_18_181,4.4416466,-3.5966773
c_1_18_182,6.0276,-0.4847855
c_1_18_183,3.4999282,4.3863482
c_1_18_184,4.633888,1.5727531
c_1_18_185,4.7161684,-2.388018
c_1_18_186,4.8230815,-2.5582228
c_1_18_187,6.745471,1.2482687
c_1_18_188,3.9399529,-2.440462
c_1_18_189,2.9289165,4.302326
c_1_18_190,7.2519455,3.105557
c_1_18_191,3.5932791,-3.819935
c_1_18_192,4.0704494,4.672746
c_1_18_193,3.8413537,3.8057053
c_1_18_194,6.820568,3.2436504
c_1_18_195,6.2335277,-3.3002586
c_1_18_196,5.9372835,-2.9630692
c_1_18_197,2.2052126,0.006826316
c_1_18_198,3.271153,-0.1947166
c_1_18_199,5.5138392,-3.0080485
c_1_18_200,6.483513,1.4883584
c_1_18_201,7.420945,-3.3825614
c_1_18_202,6.7983446,-1.440205
c_1_18_203,6.767294,2.906914
c_1_18_204,4.429944,-1.8411827
c_1_18_205,4.4335227,-0.34719273
c_1_18_206,6.8284974,-3.7594147
c_1_18_207,5.834976,-2.4044883
c_1_18_208,3.4956176,-3.339785
c_1_18_210,7.442818,-0.113167465
c_1_18_211,4.7037234,-1.6384017
c_1_18_212,6.3151116,2.2457807
c_1_18_213,2.6708868,-3.9245806
c_1_18_215,5.8955035,-2.193246
c_1_18_216,5.873832,-3.7602253
c_1_18_217,7.3048897,2.0334315
c_1_18_218,6.009008,-2.3354588
c_1_18_219,3.537344,-2.7493052
c_1_18_220,6.92031,-3.1006176
c_1_18_221,4.5582113,-1.14748
c_1_18_222,6.9931846,-3.0085907
c_1_18_223,4.907389,-0.105113484
c_1_18_224,6.0411935,-1.5140772
c_1_18_225,5.471559,-3.0533733
c_1_18_226,5.7581167,-2.2731404
c_1_18_227,5.3838005,-0.25491488
c_1_18_228,5.121561,-3.3403769
c_1_18_229,1.8738137,5.4745054
c_1_18_230,5.9369016,-3.3046658
c_1_18_231,4.866514,-3.0080037
c_1_18_232,4.4523783,-3.5281448
c_1_18_233,6.1471725,-3.659396
c_1_18_234,2.6875553,-1.5606406
c_1_18_235,4.74966,0.79739094
c_1_18_236,6.5633206,-2.9052393
c_1_18_237,4.718198,-1.8222914
c_1_18_238,4.8466477,-0.33331814
c_1_18_239,5.467936,-1.9129217
c_1_18_240,6.3141913,-4.2121625
c_1_18_241,6.8174095,-2.2105925
c_1_18_242,7.181167,-0.32866785
c_1_18_243,6.6220956,1.837506
c_1_18_244,3.1522481,2.9837127
c_1_18_245,4.895731,-3.4464414
c_1_18_246,4.2673445,0.49436757
c_1_18_247,6.5107665,-3.5840902
c_1_18_248,4.9865236,-1.3379455
c_1_18_249,5.600744,-3.4183054
c_1_18_250,5.7865014,-1.332785
c_1_18_251,7.1178904,-2.6876912
c_1_18_252,6.0761266,-2.6370378
c_1_18_253,1.6673237,0.19562876
c_1_18_254,5.785482,-1.4740547
c_1_18_255,2.8572292,5.060933
c_1_18_256,5.7746096,-0.7646908
c_1_18_257,6.1739516,-2.3092434
c_1_18_258,4.0748925,-2.0608299
c_1_18_259,-0.040477604,3.2040346
c_1_18_260,7.233052,-2.371671
c_1_18_261,4.500797,-2.0570786
c_1_18_262,3.1518934,2.8622866
c_1_18_263,6.719966,-4.367102
c_1_18_264,5.1346207,-3.0922134
c_1_18_265,3.7080946,-0.55870664
c_1_18_266,2.9956956,5.2718296
c_1_18_267,6.5822372,-2.367071
c_1_18_268,4.6921973,-0.34282175
c_1_18_269,5.8276362,0.024998605
c_1_18_270,2.3025742,-0.33525836
c_1_18_271,6.3763413,-3.0107844
c_1_18_272,7.2582226,0.9495028
c_1_18_273,3.630694,-3.2292783
c_1_18_274,7.005517,-4.0253425
c_1_18_275,4.2149863,-0.51032126
c_1_18_276,6.3291388,-1.0514332
c_1_18_277,5.48224,-2.901916
c_1_18_278,5.2055917,-1.7799948
c_1_18_279,5.774075,-1.2463548
c_1_18_280,3.6054595,-2.732345
c_1_18_281,4.3728933,-3.1704988
c_1_18_282,6.8980575,-2.924813
c_1_18_283,5.8091826,-0.15894212
c_1_18_284,6.6025395,-3.6516564
c_1_18_285,5.2652946,3.897756
c_1_18_286,2.7235835,0.75498074
c_1_18_287,4.631247,-1.4784906
c_1_18_288,4.4334664,-1.7290676
c_1_18_289,5.8126655,-2.7034016
c_1_18_290,6.2445793,3.447077
c_1_18_291,6.1913996,-1.6488129
c_1_18_292,4.5915613,1.5606723
c_1_18_293,2.8307283,-1.1649158
c_1_18_294,4.195006,-1.6317042
c_1_18_295,3.6987336,-1.174061
c_1_18_296,0.77078843,0.3384371
c_1_18_297,6.4804506,1.5006543
c_1_18_298,6.5418816,1.5749451
c_1_18_299,2.853521,-0.86673737
c_1_18_300,6.6178083,1.3664441
c_1_18_301,4.168851,-2.838238
c_1_18_302,4.2723427,-2.8920085
c_1_18_303,3.7288892,3.039491
c_1_18_304,4.6763563,-2.2157035
c_1_18_305,5.8293943,-2.4023247
c_1_18_306,5.1450014,-0.5624063
c_1_18_307,6.476672,-2.908159
c_1_18_308,1.0999105,0.24641395
c_1_18_309,5.4254107,-2.3776104
c_1_18_310,6.959314,3.617625
c_1_18_311,2.882718,5.5480194
c_1_18_312,1.3626362,2.8192234
c_1_18_313,6.087804,2.1870053
c_1_18_314,3.311383,-2.230552
c_1_18_315,6.4262767,-3.177437
c_1_18_316,5.918556,-2.0610595
c_1_18_317,4.503857,-1.2112763
c_1_18_318,1.5694414,-2.1084206
c_1_18_319,7.044019,1.1051537
c_1_18_320,6.843164,-4.64514
c_1_18_321,4.4484334,-0.019284042
c_1_18_322,0.5985461,2.5341392
c_1_18_323,3.1516094,-0.2377876
c_1_18_325,6.102216,0.37592992
c_1_18_326,1.0417752,3.2427175
c_1_18_327,6.247264,-2.4782221
c_1_18_328,6.1882434,-2.0101128
c_1_18_329,6.164976,-2.339279
c_1_18_330,1.227206,-0.17562957
c_1_18_331,4.4090505,-0.69968814
c_1_18_332,3.30352,-0.75557435
c_1_18_333,6.1936646,-1.8859916
c_1_18_334,4.9589295,-0.58106226
c_1_18_335,6.8405466,-2.2546523
c_1_18_336,2.0340238,2.1992602
c_1_18_337,5.388827,1.1151443
c_1_18_338,4.8888693,-1.8872703
c_1_18_339,3.5463486,-2.421562
c_1_18_340,6.196059,3.7746572
c_1_18_341,5.0967135,3.2333674
c_1_18_342,4.937764,3.2996867
c_1_18_343,6.504397,-2.139461
c_1_18_344,5.594232,-1.4722108
c_1_18_345,3.797394,-2.0520794
c_1_18_346,5.331775,-1.2655067
c_1_18_347,5.5742803,-1.5532348
c_1_18_348,2.5523314,-2.4944146
c_1_18_349,5.2447658,-0.53613245
c_1_18_350,2.611049,0.043128338
c_1_18_351,4.248005,-1.7653142
c_1_18_352,5.729712,-1.5026718
c_1_18_353,3.5696266,-0.25197017
c_1_18_354,4.4061766,-2.9139988
c_1_18_355,3.0071938,1.2417703
c_1_18_356,1.334973,2.8523383
c_1_18_357,2.0405257,0.38861153
c_1_18_358,7.683822,3.7540913
c_1_18_359,4.940928,-1.9244064
c_1_18_360,6.1893964,-1.8790506
c_1_18_361,5.0406775,-1.9725404
c_1_18_362,4.485059,-1.2322426
c_1_18_363,6.053863,-0.48963723
c_1_18_364,6.477282,-4.143679
c_1_18_365,4.1850405,-0.97179484
c_1_18_366,6.9288716,-4.688837
c_1_18_367,4.6266313,1.3094802
c_1_18_368,4.8170276,-1.8103095
c_1_18_369,6.4875164,-3.6850593
c_1_18_370,4.94566,-1.0717775
c_1_18_371,5.9782453,-1.6502607
c_1_18_372,3.3266082,-4.003064
c_1_18_374,6.3126497,-3.4133527
c_1_18_375,6.8512716,-1.3626066
c_1_18_376,1.84079,0.24682412
c_1_18_378,4.619561,-0.52033013
c_1_18_379,3.1370125,-0.77830523
c_1_18_380,0.46021363,1.8963995
c_1_18_381,4.9245625,-0.53149176
c_1_18_382,7.3208003,4.1037107
c_1_18_383,6.6645427,-3.0957766
c_1_18_384,3.937401,-0.8248374
c_1_18_385,4.1448393,-0.39002028
c_1_18_386,3.7028878,-1.3058933
c_1_18_388,4.5513053,-1.3881639
c_1_18_389,5.5583186,-3.1347923
c_1_18_390,7.1648426,-2.683381
c_1_18_391,8.157046,4.4921865
c_1_18_392,7.001244,-0.5999642
c_1_18_393,4.4052806,-2.0447817
c_1_18_394,6.0851154,-2.6198018
c_1_18_396,7.2277603,-2.969338
c_1_18_397,2.2580526,2.074581
c_1_18_398,6.8680654,-1.4176089
c_1_18_399,4.530344,-3.4457881
c_1_18_400,7.500215,-2.7428503
c_1_18_401,5.6314306,0.18933439
c_1_18_402,5.926355,1.3903476
c_1_18_403,3.9386399,-3.8004806
c_1_18_404,5.3987803,-0.26337737
c_1_18_405,3.2948952,1.3333488
c_1_18_406,2.887548,-0.7289419
c_1_18_407,5.134713,-3.628836
c_1_18_408,3.6801927,-0.345606
c_1_18_409,5.1866665,-1.6415595
c_1_18_410,7.352475,-1.4150659
c_1_18_411,6.104172,-0.63641053
c_1_18_412,5.282684,-3.1941168
c_1_18_413,3.2896745,-1.4031655
c_1_18_414,5.314968,2.6695142
c_1_18_415,5.091077,-1.2623188
c_1_18_416,4.355384,-0.6258765
c_1_18_417,7.367435,1.3159189
c_1_18_418,7.6718082,1.2200301
c_1_18_419,2.8328571,-1.1848108
c_1_18_420,5.9148703,-1.5760171
c_1_18_421,2.3735757,0.4069842
c_1_18_422,6.6411614,-1.5543139
c_1_18_423,0.13581982,2.7724426
c_1_18_424,4.82877,-2.1789272
c_1_18_425,5.549574,-2.2684684
c_1_18_426,4.0741754,-1.4637728
c_1_18_427,2.164637,-0.10770827
c_1_18_428,6.738231,-1.9344596
c_1_18_429,4.7894506,-0.1701769
c_1_18_430,4.455772,0.7117552
c_1_18_431,7.113152,1.3909997
c_1_18_432,4.433418,0.06539289
c_1_18_433,4.5833716,-2.4133623
c_1_18_436,1.074091,3.2455795
c_1_18_437,7.829959,-3.35854
c_1_18_438,5.221815,-0.03302688
c_1_18_439,6.8874583,-2.977804
c_1_18_441,6.583978,-2.7660372
c_1_18_442,6.8414516,-2.3460965
c_1_18_443,3.6648047,2.1584504
c_1_18_444,3.2899125,-0.34385782
c_1_18_446,5.6672792,0.31087616
c_1_18_447,5.9585433,-3.4306824
c_1_18_448,6.5812945,-3.293995
c_1_18_449,5.0407877,-3.128888
c_1_18_450,4.243475,-2.7967613
c_1_18_451,1.978251,0.04646328
c_1_18_452,5.3284216,-0.9854919
c_1_18_453,4.8382177,-2.4596887
c_1_18_454,5.776097,-0.2328064
c_1_18_455,6.141915,-2.4922838
c_1_18_456,6.3111305,-2.109232
c_1_18_458,0.1407451,2.938206
c_1_18_459,4.6399636,0.71461695
c_1_18_460,5.715789,0.842404
c_1_18_461,7.027835,2.856952
c_1_18_462,4.43359,-1.450746
c_1_18_463,0.25807956,3.1080844
c_1_18_464,4.6569023,-0.1283089
c_1_18_465,6.972415,-0.12439038
c_1_18_466,6.7583413,-0.053832617
c_1_18_467,2.3278673,-0.036898065
c_1_18_468,6.2361064,-2.145803
c_1_18_469,5.9087596,-2.0541735
c_1_18_470,5.033635,-3.6844919
c_1_18_471,2.6090834,0.4218106
c_1_18_472,5.2262354,0.42995232
c_1_18_473,4.8479977,-0.0044824635
c_1_18_474,5.7364783,0.37870115
c_1_18_475,5.049462,2.8936002
c_1_18_476,5.785483,-3.9958012
c_1_18_477,4.629633,-2.407387
c_1_18_478,4.2763243,0.31546375
c_1_18_479,4.550868,-2.172926
c_1_18_480,4.525171,-2.9737742
c_1_18_481,4.2411823,-1.027714
c_1_18_482,6.3559594,-1.4500303
c_1_18_483,2.3410552,0.23538512
c_1_18_484,6.9079857,-1.8607038
c_1_18_485,4.5078425,1.8530296
c_1_18_486,2.910543,-2.2909448
c_1_18_487,5.950668,-2.1608937
c_1_18_488,1.9642127,0.11372362
c_1_18_489,6.155169,-3.3722339
c_1_18_490,1.3937061,2.6480417
c_1_18_491,6.440816,-3.7307947
c_1_18_492,6.527963,1.4539402
c_1_18_493,1.7330822,-0.32277966
c_1_18_494,6.0337186,3.876264
c_1_18_496,4.5207396,0.17639601
c_1_18_497,7.19792,-2.083585
c_1_18_498,4.5898867,-0.736977
c_1_18_500,3.9424021,-1.1342945
c_1_18_501,0.9951295,2.3932626
c_1_18_502,3.2551908,4.117993
c_1_18_503,3.6262884,-0.47856656
c_1_18_505,6.344932,2.3557081
c_1_18_506,0.44317552,3.3311634
c_1_18_508,3.5107732,-1.070633
c_1_18_509,3.594428,-1.562032
c_1_18_511,1.3837657,3.1947637
c_1_18_512,5.407504,-2.8125274
c_1_18_514,4.2683487,-3.4082627
c_1_18_515,3.2554426,-0.952866
c_1_18_516,-0.06328713,3.376608
c_1_18_517,3.8513725,1.819223
c_1_18_518,1.0141813,4.188295
c_1_18_519,5.0985327,2.1680214
c_1_18_520,6.669234,-1.7446496
c_1_18_521,7.2528934,-3.9787905
c_1_18_522,0.4338069,2.993692
c_1_18_523,2.0559745,4.2600975
c_1_18_525,3.2329876,-1.718957
c_1_18_526,1.4126116,3.3757894
c_1_18_527,0.9654901,4.2973957
c_1_18_528,5.6817894,-1.7702185
c_1_18_530,4.2632604,1.499039
c_1_18_531,7.134792,-2.998628
c_1_18_532,5.554679,-1.4665053
c_1_18_533,2.9184155,0.66956204
c_1_18_534,6.7917695,-4.225897
c_1_18_535,5.9423647,-2.3371868
c_1_18_536,0.98914087,2.5635276
c_1_18_537,7.451525,-2.7132318
c_1_18_538,1.3638268,2.3915572
c_1_18_539,1.3702099,2.1011448
c_1_18_540,1.7978156,3.2219348
c_1_18_541,5.1200986,-1.417519
c_1_18_542,4.217587,-2.9908276
c_1_18_543,7.0593204,-3.5702157
c_1_18_544,4.582233,-2.3196626
c_1_18_545,4.645145,-1.0666721
c_1_18_546,1.3748069,5.1590495
c_1_18_547,5.490904,1.0570494
c_1_18_548,6.536195,-2.2201202
c_1_18_549,1.3024639,4.7039943
c_1_18_550,6.4256854,-2.089797
c_1_18_551,2.0664907,1.7861252
c_1_18_552,1.0301973,3.081894
c_1_18_553,0.80636585,3.5764925
c_1_18_554,2.5692391,-0.045421317
c_1_18_555,6.742651,-2.6401372
c_1_18_556,6.7900114,-3.8867278
c_1_18_557,4.920379,-1.9336574
c_1_18_558,6.3796687,-3.9111583
c_1_18_559,4.1312523,-1.3707004
c_1_18_560,4.779829,-2.9138467
c_1_18_561,0.6688341,2.4623172
c_1_18_562,6.531216,-2.6282885
c_1_18_563,5.697578,3.2065687
c_1_18_564,3.8677702,-0.17003527
c_1_18_565,6.7415543,-3.297195
c_1_18_566,6.924374,-2.9132774
c_1_18_567,1.9285467,2.1591692
c_1_18_568,5.383681,-2.4286118
c_1_18_569,5.916114,-2.2829251
c_1_18_570,5.286267,3.0804014
c_1_18_571,6.520796,-1.8118652
c_1_18_572,2.341834,-0.011919207
c_1_18_573,4.043738,-0.27646595
c_1_18_574,6.886386,-4.365002
c_1_18_575,6.7723494,-2.8462546
c_1_18_576,2.4456754,-3.3469162
c_1_18_577,3.123228,0.21897423
c_1_18_578,6.9386206,-1.2403129
c_1_18_579,2.2360754,-0.12502602
c_1_18_580,0.675708,3.2510686
c_1_18_582,6.2698097,3.3847253
c_1_18_583,6.9448185,-3.4869847
c_1_18_584,8.269876,2.7733479
c_1_18_585,2.0576267,-0.46408996
c_1_18_586,6.7182584,-3.4405313
c_1_18_587,5.3479667,-3.2398262
c_1_18_588,5.705815,-2.492028
c_1_18_589,3.8967164,0.44651634
c_1_18_590,2.9237862,2.6620965
c_1_18_591,1.0922624,4.4870443
c_1_18_592,5.982858,-0.47107065
c_1_18_593,2.3825276,0.37306127
c_1_18_594,6.31976,-2.0984333
c_1_18_595,1.8365703,0.014506567
c_1_18_596,3.8301594,-1.7458122
c_1_18_597,0.98041326,3.377789
c_1_18_598,1.8950295,3.5133686
c_1_18_599,0.94617856,3.6232545
c_1_18_600,4.920746,-2.0741997
c_1_18_601,5.5986943,-3.0921922
c_1_18_602,5.524492,-3.019221
c_1_18_603,7.799673,0.5390702
c_1_18_604,5.9138293,2.646164
c_1_18_605,1.4170997,2.3227694
c_1_18_606,5.3733525,-1.1066442
c_1_18_607,4.150758,-2.1347275
c_1_18_608,0.34637347,2.9352293
c_1_18_609,1.0193971,2.8188634
c_1_18_610,1.2039613,3.2545593
c_1_18_611,3.7864666,-1.5422156
c_1_18_612,4.58415,0.11844524
c_1_18_613,3.4041731,0.14340968
c_1_18_614,0.39784223,2.7579613
c_1_18_615,4.5721655,-1.5826687
c_1_18_616,-0.12911354,3.2923784
c_1_18_617,4.567248,-2.5104349
c_1_18_618,0.84746414,3.750461
c_1_18_619,5.8928733,-2.9468768
c_1_18_620,5.125827,1.1343029
c_1_18_623,3.3712854,-2.2628355
c_1_18_624,5.999993,-3.3235075
c_1_18_625,6.8620434,-3.551717
c_1_18_626,0.9002502,2.617016
c_1_18_627,5.682366,-3.1681294
c_1_18_628,0.78284556,3.1612327
c_1_18_629,0.6137045,3.0280368
c_1_18_630,-0.46895486,0.26718676
c_1_18_631,6.2835135,-1.7991427
c_1_18_632,7.0203733,-3.7793794
c_1_18_633,1.1569366,2.730063
c_1_18_634,0.59626913,2.8282094
c_1_18_635,6.9553075,-1.9641298
c_1_18_636,7.0767946,-4.095767
c_1_18_637,3.6742122,0.44041735
c_1_18_638,5.5620337,3.377492
c_1_18_639,1.7664428,1.8384546
c_1_18_640,0.509083,2.635792
c_1_18_641,1.0828562,3.5137439
c_1_18_642,2.01702,1.2855476
c_1_18_643,2.4667218,3.199472
c_1_18_644,4.5432596,2.0558193
c_1_18_645,5.3086333,1.8766755
c_1_18_646,6.7128453,-3.4295335
c_1_18_647,6.071177,-2.5571074
c_1_18_648,4.765979,-0.48671043
c_1_18_649,3.2723475,-1.7948589
c_1_18_650,3.3122652,1.2907959
c_1_18_651,0.88702524,3.002618
c_1_18_652,4.386044,-0.6923683
c_1_18_653,2.7221406,1.5383554
c_1_18_654,4.7720656,3.5452592
c_1_18_655,3.5026155,0.35259798
c_1_18_656,6.124005,-1.93544
c_1_18_657,5.561047,-2.4428308
c_1_18_658,6.1932793,-2.937794
c_1_18_659,4.0900526,0.8671186
c_1_18_660,1.9034014,3.148761
c_1_18_661,5.7011504,3.736032
c_1_18_662,6.6889105,-3.5724113
c_1_18_663,2.3263335,2.672469
c_1_18_664,6.984634,-0.04536557
c_1_18_665,2.8674905,-1.3558104
c_1_18_666,0.67242324,3.257062
c_1_18_667,5.784916,-2.4670293
c_1_18_668,1.483307,3.1821108
c_1_18_669,6.5349917,3.8503063
c_1_18_670,1.7073262,5.2304807
c_1_18_671,5.490236,-2.4544656
c_1_18_672,0.84372735,0.30634496
c_1_18_673,-0.09973226,3.5184488
c_1_18_674,0.5798107,3.0134087
c_1_18_675,6.806881,-1.2573833
c_1_18_676,7.107602,-3.9162495
c_1_18_677,3.5919812,-1.5023986
c_1_18_678,2.7373345,2.9703088
c_1_18_679,1.6281704,3.462187
c_1_18_680,5.5356565,-3.468607
c_1_18_681,2.2213078,2.4007363
c_1_18_682,7.0910945,-3.036782
c_1_18_684,6.749622,-3.5569441
c_1_18_685,5.9755936,-4.0390224
c_1_18_687,6.1654563,-2.3271122
c_1_18_688,1.0128179,4.3732038
c_1_18_689,3.8957515,-1.354041
c_1_18_690,3.3680637,1.7785153
c_1_18_691,1.5414826,2.5714133
c_1_18_692,4.0029287,1.401941
c_1_18_693,3.9528153,3.920977
c_1_18_694,7.3454776,-2.3179724
c_1_18_695,5.515814,-2.7966704
c_1_18_696,2.6194823,-1.4704623
c_1_18_697,6.28,-2.1398544
c_1_18_698,5.760092,-1.8729634
c_1_18_699,6.974237,-4.3724265
c_1_18_700,5.1815815,-0.0043274323
c_1_18_701,3.161183,0.6542909
c_1_18_703,6.4898477,-2.0197403
c_1_18_704,6.1453686,-2.7597206
c_1_18_705,1.1214031,4.078949
c_1_18_706,5.6352034,-3.7055588
c_1_18_707,7.1514416,-3.8121738
c_1_18_708,6.633988,-0.87387496
c_1_18_709,4.678748,4.406224
c_1_18_710,5.475996,-1.6635306
c_1_18_711,5.534767,-1.6823937
c_1_18_712,2.7387207,-0.6932513
c_1_18_713,6.3095098,-1.0708237
c_1_18_714,0.76240534,3.57183
c_1_18_715,5.913269,-3.515246
c_1_18_716,1.1507295,4.419026
c_1_18_717,5.765817,-2.2497654
c_1_18_718,3.8282769,-0.21285166
c_1_18_719,6.190136,-3.6245108
c_1_18_720,6.7888317,-1.9763849
c_1_18_721,5.314062,0.08531316
c_1_18_722,3.0062776,-3.2887225
c_1_18_723,2.8009186,-1.1673094
c_1_18_724,2.5854185,-2.4750466
c_1_18_725,5.695958,-2.8950288
c_1_18_726,4.658031,-1.6938369
c_1_18_727,4.000159,-2.2828155
c_1_18_728,0.8189929,3.253737
c_1_18_729,5.8848143,-1.6816294
c_1_18_731,5.4663434,-0.7809831
c_1_18_732,5.8058424,-3.4935508
c_1_18_733,4.6803565,-1.5050956
c_1_18_734,0.85397476,1.44055
c_1_18_735,0.99349415,2.9165835
c_1_18_736,1.7956338,2.6868465
c_1_18_737,2.8016088,0.28403297
c_1_18_738,7.2499337,-4.113521
c_1_18_739,5.4705124,-0.7832057
c_1_18_740,6.3602114,-1.6353253
c_1_18_741,0.7534596,3.3331091
c_1_18_742,7.4809866,-3.353744
c_1_18_743,6.3848443,-3.468198
c_1_18_744,6.1566386,1.6847532
c_1_18_745,2.4152167,0.17673758
c_1_18_746,0.52039427,2.8019655
c_1_18_747,5.40162,-2.3359985
c_1_18_748,4.821589,-1.0850159
c_1_18_749,0.9926102,1.2463045
c_1_18_751,6.9288745,-2.8950534
c_1_18_752,5.1705303,-0.74543214
c_1_18_753,4.6752267,-1.2246958
c_1_18_754,3.6204903,1.4231808
c_1_18_755,2.4908087,1.5339527
c_1_18_756,6.4646297,-4.139873
c_1_18_757,7.225132,-1.9392438
c_1_18_758,5.968169,-2.0569713
c_1_18_759,6.399599,1.1525726
c_1_18_760,5.1922235,0.37190908
c_1_18_761,6.5578923,-1.2890214
c_1_18_762,4.4389043,-1.8469325
c_1_18_763,4.489812,3.7116265
c_1_18_764,3.4997647,-3.2030878
c_1_18_765,-0.056400556,3.6604722
c_1_18_766,4.06494,-2.627451
c_1_18_767,6.612241,-1.3614312
c_1_18_768,4.6244545,-0.9286807
c_1_18_769,0.5103584,3.0099685
c_1_18_770,5.2513013,2.7385283
c_1_18_771,4.6510863,0.98855495
c_1_18_772,4.3648496,0.67782307
c_1_18_773,2.880406,-1.2620692
c_1_18_774,2.6692262,-3.192098
c_1_18_775,6.186353,-2.797212
c_1_18_776,3.2573352,2.440615
c_1_18_777,6.8408656,-1.0996224
c_1_18_778,5.9407616,1.2569264
c_1_18_779,4.971899,3.753072
c_1_18_780,8.4449005,2.4271238
c_1_18_781,6.5396786,-1.8188864
c_1_18_782,4.62233,0.14290103
c_1_18_783,5.034087,-1.5131512
c_1_18_784,5.732401,-3.4932394
c_1_18_785,0.38228574,3.3182995
c_1_18_786,7.7428417,0.01846985
c_1_18_787,4.9589987,-0.31890517
c_1_18_788,4.63595,-2.0629828
c_1_18_789,4.477573,-1.3255898
c_1_18_790,6.567698,-2.937357
c_1_18_791,5.9147286,-0.26904365
c_1_18_792,4.7288294,0.53458655
c_1_18_793,4.986083,4.086115
c_1_18_794,5.392472,-1.1626796
c_1_18_795,4.8759613,0.9130106
c_1_18_796,5.144249,-0.17535618
c_1_18_797,6.9411073,4.3057404
c_1_18_798,2.5125914,1.5108876
c_1_18_799,5.3437066,0.53179836
c_1_18_801,2.998567,-0.80440396
c_1_18_802,2.268973,-3.0549593
c_1_18_803,6.3039093,-3.0597446
c_1_18_804,4.486594,-0.9473126
c_1_18_805,4.24474,-2.7974353
c_1_18_806,4.679187,-0.18495373
c_1_18_807,4.6050415,0.038514968
c_1_18_808,2.1293027,3.4129472
c_1_18_809,5.974577,-0.51228654
c_1_18_810,6.4314456,-3.8223586
c_1_18_811,4.551723,-0.38630733
c_1_18_812,4.319558,-0.173889
c_1_18_813,2.5273373,-0.7427154
c_1_18_814,5.8959875,-2.2200491
c_1_18_815,5.7759476,-2.5495987
c_1_18_816,5.927016,-1.4256425
c_1_18_817,5.2677073,-0.2550205
c_1_18_818,3.4240131,-2.8497283
c_1_18_819,6.222869,-3.39728
c_1_18_820,6.8340893,-4.1288342
c_1_18_821,5.349014,1.0503267
c_1_18_822,6.447875,-3.1449332
c_1_18_823,5.177889,3.8821795
c_1_18_825,5.813024,-3.3128183
c_1_18_826,4.7799625,-2.2973962
c_1_18_827,5.2865534,-1.8212876
c_1_18_828,6.9971423,-4.4680266
c_1_18_829,4.5174055,-2.4100792
c_1_18_830,1.5862781,-1.3193018
c_1_18_831,6.4126,-2.848106
c_1_18_832,4.670569,-1.8675829
c_1_18_833,6.0911465,3.058364
c_1_18_834,6.8658,-3.011299
c_1_18_836,2.3065557,1.5958521
c_1_18_838,5.2588844,3.4243584
c_1_18_840,5.7619042,-1.0534726
c_1_18_841,4.1586585,-2.9627178
c_1_18_842,3.3687801,-1.5485011
c_1_18_843,5.2252245,-1.9283773
c_1_18_844,6.6619244,-2.7123227
c_1_18_845,6.0048413,-3.7520604
c_1_18_846,2.9842749,-0.06636437
c_1_18_847,4.5218897,-0.9005942
c_1_18_848,6.2471776,-1.550126
c_1_18_849,4.897961,-0.38016272
c_1_18_850,6.841537,-4.3946133
c_1_18_851,4.3605833,-0.7855991
c_1_18_853,2.8919873,-3.7540658
c_1_18_854,2.710888,-3.9691634
c_1_18_855,4.3631,2.0011494
c_1_18_856,5.8958654,-1.7274346
c_1_18_857,6.5725923,-0.12944384
c_1_18_858,4.733279,-0.7022405
c_1_18_859,5.547717,0.98250467
c_1_18_860,5.141485,-2.2532554
c_1_18_861,6.0102425,-2.019206
c_1_18_862,4.202632,-0.70639
c_1_18_863,2.0804062,0.47515434
c_1_18_864,4.412977,-1.2132666
c_1_18_865,5.5913835,-1.6481785
c_1_18_866,4.031756,0.2540529
c_1_18_868,6.671324,-1.2672602
c_1_18_869,3.2710264,-1.7143073
c_1_18_870,1.5672991,0.5882983
c_1_18_871,5.8753343,-1.6177052
c_1_18_872,5.608518,-3.4687514
c_1_18_873,3.9882421,0.0053743864
c_1_18_874,5.6010957,-1.2051376
c_1_18_875,6.9664235,-0.49316585
c_1_18_876,3.95122,-3.5873308
c_1_18_877,6.4536552,-1.8447762
c_1_18_878,1.7661504,-0.0072660265
c_1_18_879,4.1467166,-2.2193785
c_1_18_881,3.1356528,-1.2806398
c_1_18_882,4.660835,-0.030445727
c_1_18_883,3.7968998,-1.1645559
c_1_18_884,5.6775656,-0.31604093
c_1_18_885,3.6925774,-2.117109
c_1_18_886,5.4604096,-0.91007596
c_1_18_887,2.8322387,-0.4162698
c_1_18_888,5.251671,-2.299808
c_1_18_889,5.4991465,-2.2623014
c_1_18_890,5.2859135,-0.7844917
c_1_18_891,3.9048781,-1.8713965
c_1_18_892,4.4566703,-0.7515104
c_1_18_893,3.6009438,0.31563932
c_1_18_894,4.0457077,0.4495451
c_1_18_895,3.1102424,0.11262253
c_1_18_896,6.125617,-2.7758958
c_1_18_897,4.138666,-3.1028018
c_1_18_898,4.4599905,-0.85587275
c_1_18_899,5.2756276,-1.5439895
c_1_18_900,3.0189521,4.1352406
c_1_18_901,6.6500244,-0.9898061
c_1_18_902,4.19453,-1.8488716
c_1_18_903,4.7659926,-1.9427247
c_1_18_904,3.9743211,-0.47865328
c_1_18_905,6.62704,-0.44912824
c_1_18_906,7.3196163,-2.1612437
c_1_18_907,4.636751,-2.273449
c_1_18_908,4.1220794,-2.6167371
c_1_18_909,6.385499,-3.0553126
c_1_18_911,4.823581,0.44863504
c_1_18_912,6.885175,-1.0368556
c_1_18_913,3.4986367,3.1626508
c_1_18_914,3.7106953,0.36042246
c_1_18_915,5.337418,-0.5196242
c_1_18_917,5.2042794,-1.7452123
c_1_18_918,3.1809063,-0.64602596
c_1_18_919,5.1636143,-2.8505762
c_1_18_920,6.1821337,0.33767056
c_1_18_922,4.191239,-1.9503983
c_1_18_924,5.522789,-0.4315955
c_1_18_925,0.47303694,2.9658005
c_1_18_926,4.9259815,-1.2975241
c_1_18_927,5.03072,-2.2612793
c_1_18_928,4.4724407,-1.4040818
c_1_18_929,3.6573749,-3.0430698
c_1_18_930,5.491833,-2.760317
c_1_18_931,0.10712187,2.6525612
c_1_18_932,5.6650577,0.28896093
c_1_18_933,5.571218,-2.5016882
c_1_18_934,5.8945827,-0.52587867
c_1_18_936,5.934006,-1.13268
c_1_18_937,6.5918417,3.4035103
c_1_18_938,4.1126356,-2.161052
c_1_18_939,6.960872,-3.873868
c_1_18_940,2.9415526,1.0003903
c_1_18_944,4.5405083,-1.6125087
c_1_18_946,3.579708,-2.8981254
c_1_18_947,3.1528862,-1.3297708
c_1_18_948,4.1267505,-0.6929762
c_1_18_949,4.5212946,-2.3393734
c_1_18_950,5.8547254,3.2136164
c_1_18_951,0.7184906,2.568091
c_1_18_953,3.3186731,-0.22141482
c_1_18_955,0.6823083,3.157941
c_1_18_956,6.2060227,-0.6106363
c_1_18_957,5.144034,-3.346568
c_1_18_958,7.130533,3.5622501
c_1_18_959,6.334345,-3.1985316
c_1_18_960,6.456214,-0.82136005
c_1_18_961,1.1240543,3.0289602
c_1_18_962,6.4861054,-4.0171638
c_1_18_963,0.30019116,3.4776947
c_1_18_964,3.1758597,0.5200848
c_1_18_965,6.0083327,-0.5781909
c_1_18_966,0.77054334,3.21093
c_1_18_967,1.2525762,3.121392
c_1_18_968,3.7112722,2.3940809
c_1_18_969,5.860273,-2.3780913
c_1_18_970,5.0205693,-1.6642572
c_1_18_971,3.6388104,-2.5196924
c_1_18_972,4.058346,3.9077744
c_1_18_973,6.9888415,-3.1109958
c_1_18_974,7.061865,-3.2410853
c_1_18_975,7.1995006,-2.2864542
c_1_18_976,0.038596,3.4304821
c_1_18_977,4.2519736,-0.8738291
c_1_18_978,1.8739424,4.5155606
c_1_18_979,7.761946,4.34871
c_1_18_980,0.48897263,2.8374698
c_1_18_981,6.95049,-3.2169933
c_1_18_982,6.6195474,-4.2808514
c_1_18_983,6.8864503,-3.3400097
c_1_18_984,5.2004766,-2.3004105
c_1_18_985,5.3727484,0.0693741
c_1_18_986,6.9590993,-2.302272
c_1_18_987,1.7854569,4.948257
c_1_18_988,6.787672,-3.0875394
c_1_18_989,4.6308365,-1.3019074
c_1_18_990,5.9444995,-1.5511916
c_1_18_991,6.680682,-4.209766
c_1_18_992,2.0427814,-2.0423408
c_1_18_993,4.6944923,-1.208678
c_1_18_994,4.3464956,-0.21604472
c_1_18_995,6.0956507,-0.4575007
c_1_18_996,6.942925,-1.9667318
c_1_18_997,5.651782,-3.267158
c_1_18_998,0.37168038,2.8987124
c_1_18_999,0.8263679,3.4905126
c_1_18_1000,0.07984138,0.22046638
c_1_18_1001,5.7797875,3.4018722
c_1_18_1002,6.0230384,3.3958108
c_1_18_1003,6.80312,-2.6484585
c_1_18_1004,1.6494758,2.6678085
c_1_18_1005,5.321149,2.4515114
c_1_18_1006,5.0467896,-1.2823229
c_1_18_1007,0.95194334,3.0726528
c_1_18_1008,5.336325,-2.3126552
c_1_18_1009,1.789948,0.28614265
c_1_18_1010,7.220658,-3.1773336
c_1_18_1011,6.3350883,-3.3207173
c_1_18_1012,4.8810906,0.6573112
c_1_18_1013,2.7478065,0.25401765
c_1_18_1014,6.7047935,-3.8111231
c_1_18_1015,6.140277,-1.9332799
c_1_18_1016,6.844271,2.0231988
c_1_18_1017,7.0406303,-2.930338
c_1_18_1018,7.100873,-3.240538
c_1_18_1019,5.0571804,-0.89147633
c_1_18_1020,1.5735686,-0.06925147
c_1_18_1021,1.0456337,3.3233988
c_1_18_1022,2.8936262,1.6188507
c_1_18_1023,7.078682,-1.9878815
c_1_18_1024,6.489678,-2.1030571
c_1_18_1025,6.009969,-3.3860655
c_1_18_1026,6.4552093,-2.842725
c_1_18_1027,0.27325723,3.0257015
c_1_18_1028,0.12193934,2.455515
c_1_18_1029,7.086925,-3.128273
c_1_18_1030,5.3251133,-1.0969099
c_1_18_1031,6.72735,-2.5764215
c_1_18_1032,2.620882,0.71460116
c_1_18_1033,3.510874,0.48893154
c_1_18_1034,6.69685,1.721515
c_1_18_1035,6.44578,0.3321803
c_1_18_1036,4.376131,0.22474046
c_1_18_1037,1.5780073,2.8695061
c_1_18_1038,1.1887666,3.6872518
c_1_18_1039,5.1804104,1.117071
c_1_18_1040,0.10383938,3.204175
c_1_18_1041,3.9651694,-0.52523243
c_1_18_1042,0.093296774,0.3393912
c_1_18_1043,5.2840176,2.0875323
c_1_18_1044,5.620376,3.6396513
c_1_18_1045,6.3110404,0.69129235
c_1_18_1046,1.2961773,3.0718963
c_1_18_1047,1.4510244,3.052856
c_1_18_1048,2.3595958,1.8192406
c_1_18_1050,5.2826843,0.32682234
c_1_18_1056,8.978557,5.5679474
c_1_18_1058,4.19716,0.23412478
c_1_18_1059,5.9682937,-0.5290694
c_1_18_1060,8.855313,0.89242345
c_1_18_1062,4.248431,-1.2919407
c_1_18_1067,4.4239535,1.5920409
c_1_18_1070,5.3807526,-3.8765974
c_1_18_1071,3.2954369,4.2438054
c_1_18_1072,7.9900293,4.6077175
c_1_18_1073,3.0382028,1.3374445
c_1_18_1074,7.4758573,2.6771147
c_1_18_1075,7.665632,3.6791134
c_1_18_1076,8.711341,0.536585
c_1_18_1077,10.176867,4.179461
c_1_18_1078,9.042805,5.9245563
c_1_18_1079,9.032051,1.6906093
c_1_18_1080,7.5923214,0.98158044
c_1_18_1081,7.371774,0.9529062
c_1_18_1082,7.177057,1.7426304
c_1_18_1083,2.8264482,-3.8522487
c_1_18_1084,4.2645345,-2.1575665
c_1_18_1085,2.5379014,-0.51400816
c_1_18_1086,3.459545,2.466253
c_1_18_1087,2.9151978,-1.140189
c_1_18_1088,2.1709278,5.5199604
c_1_18_1089,4.8395796,-0.8142843
c_1_18_1090,9.620056,4.271987
c_1_18_1091,5.1359158,-0.09244016
c_1_18_1092,6.90003,3.046476
c_1_18_1094,8.247817,2.8294592
c_1_18_1095,8.215312,3.2660115
c_1_18_1096,3.3438916,-1.1673397
c_1_18_1097,6.1019044,-0.21392825
c_1_18_1098,6.031247,-1.2012616
c_1_18_1102,-0.24898942,0.34401795
c_1_18_1105,5.5444245,0.6529872
c_1_18_1106,2.6112506,0.651019
c_1_18_1107,9.563418,2.702615
c_1_18_1109,4.938984,-2.365598
c_1_18_1110,4.2012134,-1.8859423
c_1_18_1111,6.092513,0.41061863
c_1_18_1113,4.1173005,-1.004601
c_1_18_1114,8.380873,0.5244269
c_1_18_1115,6.951188,1.2198377
c_1_18_1116,6.8148475,2.5021477
c_1_18_1117,5.8757696,2.2235808
c_1_18_1118,5.3181024,-1.5996318
c_1_18_1119,4.291231,-0.918349
c_1_18_1120,8.229508,4.266501
c_1_18_1121,9.577037,2.7158594
c_1_18_1122,8.742689,1.4917591
c_1_18_1123,5.9497533,0.036906093
c_1_18_1124,7.69755,-0.3804091
c_1_18_1125,6.034681,1.2636069
c_1_18_1126,5.592212,0.53745013
c_1_18_1127,5.197264,-0.19097312
c_1_18_1128,8.052817,1.2578356
c_1_18_1129,2.8258963,-2.2715282
c_1_18_1130,8.836981,1.3446501
c_1_18_1131,0.366874,0.22413553
c_1_18_1132,7.782845,2.5213249
c_1_18_1133,6.0479755,1.3423296
c_1_18_1135,3.3951633,0.80895627
c_1_18_1137,4.648118,1.1989298
c_1_18_1138,6.670362,2.6955516
c_1_18_1139,5.626438,-0.10103305
c_1_18_1140,7.6206317,0.57038033
c_1_18_1141,7.5863647,4.9189906
c_1_18_1142,6.1310906,0.30883464
c_1_18_1143,9.04138,3.0442305
c_1_18_1144,8.852731,4.189133
c_1_18_1145,3.1323502,-2.6035256
c_1_18_1146,3.833857,0.23938718
c_1_18_1147,6.094819,-0.23993711
c_1_18_1148,8.44393,5.44517
c_1_18_1149,3.3985062,0.5839723
c_1_18_1150,2.8832514,-2.7366054
c_1_18_1152,8.097045,3.896112
c_1_18_1153,-0.2740164,0.2751665
c_1_18_1154,7.697061,2.787649
c_1_18_1155,7.0358186,0.43166345
c_1_18_1156,8.474576,1.8753326
c_1_18_1160,9.244887,1.0489767
c_1_18_1161,2.8498662,-1.7125134
c_1_18_1162,8.010958,0.81709206
c_1_18_1163,3.6323802,-1.116406
c_1_18_1164,2.4083364,-2.5408301
c_1_18_1166,2.4210997,-3.0167463
c_1_18_1167,8.629896,0.6683355
c_1_18_1169,9.185389,0.43984127
c_1_18_1170,4.4663897,0.5421207
c_1_18_1171,8.059653,5.44641
c_1_18_1172,8.336944,1.990211
c_1_18_1173,9.288468,6.3440213
c_1_18_1175,5.377564,0.3720061
c_1_18_1176,8.792384,1.55162
c_1_18_1177,2.3866189,1.0689901
c_1_18_1178,7.17716,-0.30073312
c_1_18_1179,1.5162644,-2.5681787
c_1_18_1180,5.431138,2.024588
c_1_18_1181,8.723896,5.5980086
c_1_18_1184,6.2722325,-1.2496696
c_1_18_1185,7.6687465,4.8295555
c_1_18_1186,6.0134077,-1.1170738
c_1_18_1187,6.244615,2.0642123
c_1_18_1188,5.84727,-1.0862299
c_1_18_1189,5.6914487,1.073114
c_1_18_1190,6.79925,1.7665325
c_1_18_1191,7.720825,4.9895344
c_1_18_1192,9.269631,0.70177
c_1_18_1193,4.5267935,-0.3071834
c_1_18_1195,8.83767,1.6543654
c_1_18_1196,6.2913413,1.7510291
c_1_18_1197,7.277807,1.5325366
c_1_18_1198,7.4890738,1.795338
c_1_18_1199,8.308621,5.2249975
c_1_18_1200,7.329663,1.0930982
c_1_18_1201,8.978464,1.4490106
c_1_18_1202,8.127153,1.2425412
c_1_18_1203,7.08829,1.636595
c_1_18_1206,7.370867,1.1034733
c_1_18_1207,8.129315,5.7345595
c_1_18_1208,5.641406,0.18926117
c_1_18_1209,4.936013,-0.2647911
c_1_18_1210,6.795314,-0.68738854
c_1_18_1211,8.703817,3.776976
c_1_18_1212,4.012361,-2.0306935
c_1_18_1213,5.1081862,-0.8610455
c_1_18_1214,4.023849,0.8343957
c_1_18_1215,5.1064405,2.344477
c_1_18_1216,7.700248,1.4318595
c_1_18_1217,0.20279111,0.36932397
c_1_18_1221,5.7664332,-2.0969913
c_1_18_1222,4.901041,-2.851099
c_1_18_1223,1.677909,-3.3580134
c_1_18_1224,7.068187,0.9118372
c_1_18_1225,5.3822856,1.2236302
c_1_18_1226,8.821534,5.330085
c_1_18_1227,2.7412922,0.51448464
c_1_18_1228,5.318011,-3.104713
c_1_18_1229,8.841006,2.4880352
c_1_18_1230,5.3285136,1.1344275
c_1_18_1231,2.7802408,-1.8521737
c_1_18_1232,7.3563337,1.1964072
c_1_18_1233,9.582861,1.0286053
c_1_18_1234,6.1167626,-0.4259466
c_1_18_1235,4.515536,-1.5056568
c_1_18_1236,6.8993325,2.3730102
c_1_18_1237,6.2436223,1.3216196
c_1_18_1239,8.335524,0.7615552
c_1_18_1240,5.0133877,-2.2305505
c_1_18_1241,8.626963,5.840697
c_1_18_1242,5.6737247,1.1445729
c_1_18_1243,8.16456,1.4270182
c_1_18_1245,3.0581224,-2.4279356
c_1_18_1248,9.106802,2.9826355
c_1_18_1249,2.6629481,5.562128
c_1_18_1250,6.9510994,0.45605198
c_1_18_1251,8.184892,5.4528522
c_1_18_1252,3.7240193,0.37759048
c_1_18_1253,8.029842,3.8588567
c_1_18_1255,5.843716,3.4501994
c_1_18_1257,2.7932239,0.22077315
c_1_18_1258,7.930844,0.6243225
c_1_18_1259,7.453887,0.77820504
c_1_18_1260,5.170408,2.1379101
c_1_18_1262,2.4729254,-0.56299055
c_1_18_1263,2.928347,-0.020956043
c_1_18_1264,6.3236756,1.6369675
c_1_18_1265,8.478176,5.5945196
c_1_18_1266,8.50466,4.7334046
c_1_18_1267,7.8235407,2.6512473
c_1_18_1268,3.1994612,4.673875
c_1_18_1271,2.513457,1.667222
c_1_18_1273,3.3377206,-1.7425873
c_1_18_1275,7.9869366,1.5969899
c_1_18_1276,7.6970687,1.0939491
c_1_18_1277,7.468439,-3.150439
c_1_18_1278,5.3938932,-1.1491531
c_1_18_1279,2.5816817,5.6016426
c_1_18_1280,4.8432946,0.04738504
c_1_18_1281,4.883108,-1.034884
c_1_18_1282,3.5645766,2.789414
c_1_18_1283,7.618921,5.3440824
c_1_18_1284,7.7105875,1.7794168
c_1_18_1286,7.9431577,4.925467
c_1_18_1287,4.7859836,3.102416
c_1_18_1288,5.1433816,0.93671376
c_1_18_1289,6.431721,1.7713372
c_1_18_1291,8.222531,2.5327535
c_1_18_1292,6.53663,0.90705514
c_1_18_1293,9.313746,6.1565266
c_1_18_1295,6.7000203,2.0167763
c_1_18_1297,3.6712534,-2.293808
c_1_18_1298,3.2618754,5.4671354
c_1_18_1299,1.7235909,-0.16926536
c_1_18_1300,8.196734,2.2523484
c_1_18_1301,9.57554,2.728245
c_1_18_1302,3.4567473,5.2621202
c_1_18_1303,8.153114,4.312435
c_1_18_1305,5.0322394,-0.6736093
c_1_18_1306,5.9741106,3.9915996
c_1_18_1307,2.683961,4.754298
c_1_18_1309,5.3075757,0.8879011
c_1_18_1310,6.1212664,0.5877738
c_1_18_1314,3.4959722,1.6486199
c_1_18_1315,2.0099494,-0.38368165
c_1_18_1316,3.040032,0.69029
c_1_18_1317,2.5399287,-0.94782877
c_1_18_1318,8.910307,5.654979
c_1_18_1319,8.359291,2.2799368
c_1_18_1320,5.1973658,0.10486461
c_1_18_1321,7.3176913,5.245392
c_1_18_1322,4.2080345,-0.84183663
c_1_18_1323,5.629112,-0.29172635
c_1_18_1324,2.9451587,5.2530923
c_1_18_1325,8.44549,5.4211173
c_1_18_1326,3.800356,2.7456207
c_1_18_1328,8.12274,2.8811822
c_1_18_1329,1.4071949,3.1769805
c_1_18_1330,2.0300298,-0.05406395
c_1_18_1331,5.351959,1.6453749
c_1_18_1332,4.1558523,2.2381728
c_1_18_1334,3.2454474,-1.917239
c_1_18_1335,4.098741,3.8443384
c_1_18_1336,8.987423,0.921926
c_1_18_1337,5.42333,0.77975965
c_1_18_1338,3.4970448,-0.38109368
c_1_18_1339,5.4439635,-0.21784234
c_1_18_1340,5.7562466,-3.9017625
c_1_18_1341,5.04734,1.5534189
c_1_18_1342,8.144165,5.7522607
c_1_18_1343,5.4375405,-3.4652004
c_1_18_1344,3.8333626,-1.2039094
c_1_18_1345,5.375657,3.0623643
c_1_18_1346,7.5047584,0.5817359
c_1_18_1347,5.9639187,-3.394864
c_1_18_1348,4.367191,-0.032574635
c_1_18_1349,4.1363115,-1.9747003
c_1_18_1350,1.9406494,-1.1565223
c_1_18_1351,6.110742,1.7373728
c_1_18_1353,8.530489,2.5279508
c_1_18_1354,8.11244,1.6381999
c_1_18_1355,6.276007,-0.80480874
c_1_18_1356,0.5211529,2.6551979
c_1_18_1357,8.576131,2.214499
c_1_18_1358,4.9457846,2.8854709
c_1_18_1359,7.2296844,-1.7605734
c_1_18_1360,7.911075,3.4975464
c_1_18_1361,8.447072,0.7984166
c_1_18_1363,3.5381472,-0.6848518
c_1_18_1366,3.8486896,1.3359258
c_1_18_1367,8.040213,2.548323
c_1_18_1368,3.1064553,4.7233787
c_1_18_1369,8.060745,4.6773276
c_1_18_1370,5.8644443,-0.3819083
c_1_18_1372,6.4007688,2.3580365
c_1_18_1373,5.0579114,0.035995577
c_1_18_1374,7.210127,1.8527809
c_1_18_1375,7.805275,2.3101993
c_1_18_1377,5.8109784,2.8475184
c_1_18_1378,2.6529915,4.9616556
c_1_18_1379,4.0594416,-2.2811735
c_1_18_1380,4.485942,-0.639857
c_1_18_1382,5.6032915,3.0520437
c_1_18_1383,6.310205,1.2676144
c_1_18_1384,3.4521067,5.3287973
c_1_18_1385,3.3900034,5.0264716
c_1_18_1386,5.5515594,4.2799387
c_1_18_1387,7.502263,-1.3103411
c_1_18_1388,5.016397,2.4604461
c_1_18_1389,3.3331826,-1.5710744
c_1_18_1390,3.6390038,4.9504766
c_1_18_1394,2.637239,5.76015
c_1_18_1395,6.9766865,3.9024835
c_1_18_1396,9.52452,1.4680704
c_1_18_1397,2.5191588,5.8428507
c_1_18_1400,4.2594724,-1.2074587
c_1_18_1402,7.6168737,4.2193894
c_1_18_1404,6.917495,4.89933
c_1_18_1406,1.4292604,2.032639
c_1_18_1407,2.5488794,2.4289274
c_1_18_1410,7.0035787,-2.8888624
c_1_18_1411,2.4437792,5.6877275
c_1_18_1412,7.291534,2.4680543
c_1_18_1415,0.07860899,0.2712418
c_1_18_1416,2.6150007,5.6787963
c_1_18_1417,1.7224494,-1.607981
c_1_18_1419,7.905307,4.9778523
c_1_18_1424,4.199649,-1.7634119
c_1_18_1425,8.523819,2.138366
c_1_18_1426,7.9012184,3.5496278
c_1_18_1427,4.3262744,-1.4560012
c_1_18_1430,7.743673,5.2067475
c_1_18_1431,2.6938665,5.6165113
c_1_18_1432,2.2783022,0.46600506
c_1_18_1434,1.5883241,-2.1055353
c_1_18_1435,5.0953856,-0.9804695
c_1_18_1436,2.35346,5.715851
c_1_18_1437,5.582548,0.45576447
c_1_18_1438,8.879624,1.87725
c_1_18_1439,6.6012454,0.8808301
c_1_18_1440,5.9713635,1.648607
c_1_18_1441,8.813616,5.157394
c_1_18_1442,4.780962,-3.0508506
c_1_18_1443,2.432761,5.8471913
c_1_18_1445,5.3349032,1.3975235
c_1_18_1446,3.5167193,4.1297975
c_1_18_1447,4.781347,1.037797
c_1_18_1448,4.7106347,0.11958293
c_1_18_1449,7.499168,2.7216637
c_1_18_1451,4.4227395,0.32911175
c_1_18_1453,3.0967548,5.0720434
c_1_18_1454,8.713652,0.91470265
c_1_18_1455,5.807153,-1.5850111
c_1_18_1456,6.386734,0.95425546
c_1_18_1457,6.543438,4.422979
c_1_18_1459,1.5400096,0.7325649
c_1_18_1461,5.6644044,2.8899586
c_1_18_1462,7.2546263,-2.1036053
c_1_18_1463,3.640788,1.1249676
c_1_18_1464,5.4041357,0.21280764
c_1_18_1465,8.049106,3.3009093
c_1_18_1466,3.714531,-2.362386
c_1_18_1468,6.273519,-3.567094
c_1_18_1470,2.8079689,5.639085
c_1_18_1471,4.3772473,-0.7231148
c_1_18_1472,3.1557312,4.986834
c_1_18_1473,2.7102768,-1.194967
c_1_18_1474,2.8126733,5.5464425
c_1_18_1475,9.302191,2.8146431
c_1_18_1476,4.706455,-0.8133852
c_1_18_1477,9.056449,5.492559
c_1_18_1478,1.5780216,-0.6196558
c_1_18_1480,5.0432577,0.15381713
c_1_18_1481,5.9077044,3.3601625
c_1_18_1482,7.01074,1.8057545
c_1_18_1483,3.8671331,1.8981453
c_1_18_1484,2.3387625,0.23029713
c_1_18_1485,2.5414932,-1.020462
c_1_18_1486,3.0853639,4.715116
c_1_18_1487,3.8832197,-2.9640558
c_1_18_1488,5.720504,-2.3520017
c_1_18_1489,2.696429,-0.82938415
c_1_18_1490,7.423073,1.5724823
c_1_18_1491,6.012989,2.628126
c_1_18_1492,6.6824727,1.085032
c_1_18_1493,2.5497975,5.9837556
c_1_18_1494,2.2662323,0.7045479
c_1_18_1495,2.8034062,3.2089663
c_1_18_1496,3.8205154,2.5036697
c_1_18_1498,2.8040078,5.4333467
c_1_18_1502,5.2893443,2.8333013
c_1_18_1503,7.8886776,0.089547366
c_1_18_1504,2.7929642,4.733637
c_1_18_1507,2.8606603,5.741505
c_1_18_1508,5.980412,-1.5731573
c_1_18_1509,3.522986,4.8836346
c_1_18_1510,0.6681629,0.2608076
c_1_18_1511,3.7227156,0.37522048
c_1_18_1513,6.3193364,-1.4199702
c_1_18_1514,5.2415667,-3.0446305
c_1_18_1515,3.508668,4.489594
c_1_18_1516,2.6538095,5.697027
c_1_18_1517,2.9350152,4.3749967
c_1_18_1518,3.4823585,0.6849416
c_1_18_1521,3.6035745,0.921104
c_1_18_1522,6.554715,2.751646
c_1_18_1524,6.3137593,1.8752507
c_1_18_1526,1.5351242,0.1906274
c_1_18_1527,7.993655,0.95252115
c_1_18_1528,6.6898675,-0.5215524
c_1_18_1529,3.3324838,2.5568535
c_1_18_1530,6.443285,3.5437286
c_1_18_1531,5.587444,0.84552884
c_1_18_1532,2.0946872,0.48630455
c_1_18_1533,5.776557,2.210981
c_1_18_1534,8.162398,3.561705
c_1_18_1536,7.9496,4.6117115
c_1_18_1537,6.5436535,1.436731
c_1_18_1538,3.8586967,-1.0758423
c_1_18_1539,6.086143,0.015845561
c_1_18_1541,7.4628344,2.6750996
c_1_18_1542,6.394625,-1.5376203
c_1_18_1543,5.3623877,2.5982378
c_1_18_1544,4.4290223,-1.489421
c_1_18_1545,5.5355988,-0.6682522
c_1_18_1547,1.6404676,2.7141025
c_1_18_1548,5.616961,-3.177969
c_1_18_1549,6.8529425,4.048323
c_1_18_1550,6.92279,0.035444543
c_1_18_1552,7.9396515,3.2352617
c_1_18_1553,4.3883038,-2.2578545
c_1_18_1554,5.7125974,-1.6600426
c_1_18_1555,4.2719984,-0.27832332
c_1_18_1556,4.269915,1.1839733
c_1_18_1557,6.607369,3.7825081
c_1_18_1558,2.5255651,-0.099063195
c_1_18_1559,5.861275,4.002548
c_1_18_1560,4.757743,-0.47806367
c_1_18_1561,6.8098645,-0.4950144
c_1_18_1562,1.955106,-0.51060146
c_1_18_1563,8.506149,1.5503535
c_1_18_1564,4.211526,-1.8009855
c_1_18_1566,5.1405683,1.2724171
c_1_18_1568,8.089695,4.1892586
c_1_18_1569,4.5183377,-3.071113
c_1_18_1570,7.883006,5.0292397
c_1_18_1572,4.9605336,-1.0073597
c_1_18_1573,5.9675837,-2.9276161
c_1_18_1574,5.41492,-1.4689817
c_1_18_1576,7.395674,4.008223
c_1_18_1577,3.6206346,-1.0530257
c_1_18_1580,2.859029,-1.5348846
c_1_18_1581,4.5558343,3.8357723
c_1_18_1583,6.2171516,3.2915926
c_1_18_1584,7.1884036,3.7863517
c_1_18_1585,8.516466,5.5470076
c_1_18_1586,7.1353874,3.4960968
c_1_18_1588,6.5605464,-0.8097085
c_1_18_1590,3.789286,-2.1271605
c_1_18_1591,5.898783,1.6756282
c_1_18_1592,4.73266,-0.3128987
c_1_18_1595,6.3914886,1.0869876
c_1_18_1596,8.56516,5.0197263
c_1_18_1597,8.174997,2.5939074
c_1_18_1598,8.220822,3.0791817
c_1_18_1599,8.680306,5.246582
c_1_18_1601,3.8675804,-1.4969312
c_1_18_1603,7.5551705,-2.9140036
c_1_18_1604,7.5206532,4.0787644
c_1_18_1605,8.24887,5.6792393
c_1_18_1606,8.008025,5.4080696
c_1_18_1607,7.9445395,5.064272
c_1_18_1608,6.3178425,1.6236081
c_1_18_1610,3.9873857,-0.51746684
c_1_18_1612,8.681414,2.6626928
c_1_18_1613,5.065384,-1.3489314
c_1_18_1617,6.9783273,0.5645171
c_1_18_1618,6.126308,-0.6652429
c_1_18_1619,5.793626,3.4718106
c_1_18_1620,2.6250904,-2.1214693
c_1_18_1621,2.2881684,5.4378996
c_1_18_1623,2.7716072,-0.073909864
c_1_18_1624,7.7319174,0.92672735
c_1_18_1625,8.979728,5.2475348
c_1_18_1626,4.115801,1.3632759
c_1_18_1627,3.34237,-0.8731716
c_1_18_1629,7.496523,1.8889124
c_1_18_1631,8.532172,5.3411593
c_1_18_1632,8.915226,5.564622
c_1_18_1633,1.3851885,-1.6401517
c_1_18_1634,1.7807486,0.21160907
c_1_18_1635,4.206217,-1.74518
c_1_18_1637,6.1569095,-2.898558
c_1_18_1638,7.0128703,-0.70126194
c_1_18_1640,2.5335934,-3.319313
c_1_18_1641,6.1808205,-2.0230255
c_1_18_1642,7.38401,2.9445288
c_1_18_1644,7.2873087,2.4347894
c_1_18_1645,8.118185,3.8654647
c_1_18_1647,3.0517712,-0.7245164
c_1_18_1648,3.7863932,-3.0896947
c_1_18_1649,1.7049085,3.5495677
c_1_18_1651,8.200222,4.9764056
c_1_18_1652,8.201266,5.1603
c_1_18_1653,5.8933377,-2.839519
c_1_18_1654,8.318215,5.11708
c_1_18_1656,3.5309668,0.6346789
c_1_18_1657,-0.27670547,3.2597177
c_1_18_1658,6.1861253,-0.60245603
c_1_18_1659,1.4146917,-2.804317
c_1_18_1661,3.5945652,-0.46985435
c_1_18_1663,9.397865,1.3538287
c_1_18_1664,1.3305058,-1.6950252
c_1_18_1665,3.2075403,-1.4892174
c_1_18_1666,5.7482295,-1.8274065
c_1_18_1667,9.295694,2.71353
c_1_18_1669,8.216876,4.727548
c_1_18_1670,4.2843156,0.050720807
c_1_18_1671,5.240532,-2.8187242
c_1_18_1672,6.761375,-1.076272
c_1_18_1673,1.6579863,-1.4706382
c_1_18_1676,8.345145,4.2749095
c_1_18_1677,0.7315102,3.799473
c_1_18_1678,5.588178,2.639964
c_1_18_1679,7.8844976,4.105792
c_1_18_1680,3.8059533,0.44617772
c_1_18_1681,6.1327915,0.4290507
c_1_18_1683,4.7530947,-2.3800476
c_1_18_1684,3.440594,-0.5246402
c_1_18_1688,4.204103,-1.6318303
c_1_18_1689,3.5141153,-1.3628391
c_1_18_1690,8.284149,6.050105
c_1_18_1692,4.4136806,-0.95990574
c_1_18_1693,5.4623604,0.1154539
c_1_18_1694,3.7585318,-1.57604
c_1_18_1696,7.7009406,5.862292
c_1_18_1699,0.60715413,0.3645395
c_1_18_1700,3.8980994,0.21089189
c_1_18_1702,4.5470257,-2.5665774
c_1_18_1703,2.5635128,-0.65248764
c_1_18_1704,4.1877885,-1.4005477
c_1_18_1705,3.2084222,-1.6098064
c_1_18_1707,7.7387147,4.4508944
c_1_18_1708,6.607739,2.7160952
c_1_18_1709,2.7624757,-0.016603276
c_1_18_1710,1.1753602,-2.0378928
c_1_18_1711,-0.00417173,0.25524965
c_1_18_1712,5.794983,3.4202747
c_1_18_1713,7.135764,3.5745184
c_1_18_1714,3.5400288,-0.53171885
c_1_18_1715,8.409644,5.165813
c_1_18_1716,6.581004,-1.6445488
c_1_18_1717,6.284207,3.638959
c_1_18_1718,4.7674456,-2.9749224
c_1_18_1719,4.0025005,-2.391153
c_1_18_1720,0.95355475,1.5505451
c_1_18_1721,5.397737,-0.7350527
c_1_18_1723,7.298723,3.1042404
c_1_18_1725,5.331423,-0.32970798
c_1_18_1726,4.3016863,-2.6987092
c_1_18_1727,5.6723423,-0.41185838
c_1_18_1728,4.9214907,0.90889347
c_1_18_1729,1.897093,1.819441
c_1_18_1730,7.0003266,3.3132076
c_1_18_1731,5.871793,3.3668418
c_1_18_1732,1.1900977,0.55397946
c_1_18_1733,4.5860405,0.21087806
c_1_18_1734,3.7876203,-2.342357
c_1_18_1735,3.4754992,-1.2155567
c_1_18_1736,6.221017,1.4862555
c_1_18_1737,6.8811264,5.344264
c_1_18_1738,1.7160741,-1.4227866
c_1_18_1739,5.124308,2.2597466
c_1_18_1740,8.760294,2.3857827
c_1_18_1741,2.2474391,-0.8979452
c_1_18_1742,1.64312,-1.0147018
c_1_18_1743,2.3923006,-0.032888032
c_1_18_1744,6.2746763,-2.2975428
c_1_18_1745,7.2505226,-1.99265
c_1_18_1746,8.198258,3.939529
c_1_18_1747,2.454817,1.2126321
c_1_18_1748,4.82915,-1.9661293
c_1_18_1749,1.8113322,-0.4477804
c_1_18_1750,5.531725,-0.93048865
c_1_18_1751,3.983746,-1.4150934
c_1_18_1752,5.150542,-3.3052058
c_1_18_1753,2.8639195,-0.69091207
c_1_18_1754,1.5103762,2.141892
c_1_18_1756,1.9190978,3.0093057
c_1_18_1760,9.155827,2.5591588
c_1_18_1761,8.733766,3.2438145
c_1_18_1762,8.381523,3.128521
c_1_18_1763,5.975434,-3.6564882
c_1_18_1764,5.330274,-1.7065103
c_1_18_1765,5.8539443,4.4772224
c_1_18_1767,6.744508,1.5392516
c_1_18_1768,7.9421344,2.244645
c_1_18_1770,2.8391783,4.42938
c_1_18_1771,2.6760519,2.0656374
c_1_18_1773,7.754934,1.8979992
c_1_18_1774,2.0004485,2.2954504
c_1_18_1775,0.24656335,2.5651822
c_1_18_1776,7.040671,-4.3578434
c_1_18_1777,3.3969672,-0.5519713
c_1_18_1778,6.6955943,3.6628082
c_1_18_1779,1.9938707,-2.211757
c_1_18_1780,2.900052,-0.038094584
c_1_18_1781,9.209628,2.5227847
c_1_18_1782,8.082294,6.0153894
c_1_18_1783,1.2100133,-1.9142222
c_1_18_1787,2.5843067,-0.38720918
c_1_18_1790,2.5034153,-1.4126784
c_1_18_1791,6.7988677,-4.589834
c_1_18_1792,7.339495,3.2128701
c_1_18_1793,4.573492,2.1501496
c_1_18_1794,0.08617753,3.3117893
c_1_18_1795,4.576786,0.74772334
c_1_18_1796,9.409392,3.6429145
c_1_18_1797,1.6253775,0.2809101
c_1_18_1798,5.967395,-2.8943121
c_1_18_1799,1.2577404,-0.61886156
c_1_18_1800,5.867152,-1.3432512
c_1_18_1802,7.848728,1.6867179
c_1_18_1804,1.931101,-2.1865754
c_1_18_1805,6.386382,-0.5777443
c_1_18_1806,1.3040012,0.9537752
c_1_18_1808,1.9223496,2.1986187
c_1_18_1809,5.9840193,-3.3341746
c_1_18_1810,7.554678,3.7902365
c_1_18_1811,1.4257972,2.6896734
c_1_18_1812,1.3354998,2.312874
c_1_18_1814,5.6528797,1.6501621
c_1_18_1815,2.8889902,-1.4456539
c_1_18_1816,9.394838,3.9455967
c_1_18_1817,5.4192715,1.2511984
c_1_18_1818,4.034191,3.8295085
c_1_18_1819,-0.056472253,3.0700898
c_1_18_1820,8.1243,2.5125608
c_1_18_1821,6.6578846,-1.0172945
c_1_18_1822,3.2957299,-2.438365
c_1_18_1824,6.193966,-0.63070786
c_1_18_1825,4.866814,-0.5290458
c_1_18_1826,6.241029,-3.6035833
c_1_18_1827,8.0594225,4.224548
c_1_18_1828,9.306719,3.6768231
c_1_18_1829,5.4810953,3.2626867
c_1_18_1830,8.413385,5.4638014
c_1_18_1831,7.346363,-3.4238381
c_1_18_1832,4.4000735,-0.4490002
c_1_18_1833,6.8511534,-3.9384277
c_1_18_1834,0.96803397,4.570347
c_1_18_1836,0.87931895,2.7790396
c_1_18_1837,6.916683,-3.5965748
c_1_18_1838,4.9315596,-3.7272778
c_1_18_1839,7.2302575,2.0946505
c_1_18_1841,5.993708,-0.016381606
c_1_18_1842,2.2787397,3.5301597
c_1_18_1844,4.9026527,-3.9407299
c_1_18_1845,5.676344,-2.1816068
c_1_18_1846,7.060407,-3.2430875
c_1_18_1847,6.5514684,-2.309733
c_1_18_1849,2.6425848,0.84497374
c_1_18_1850,3.6598992,1.438692
c_1_18_1851,7.9771743,1.6787223
c_1_18_1852,1.7662958,3.7985485
c_1_18_1853,6.0760107,-1.9424628
c_1_18_1855,3.6733842,0.14186709
c_1_18_1857,7.8911867,4.6161013
c_1_18_1858,4.3068814,1.705907
c_1_18_1859,6.170902,-0.91971606
c_1_18_1862,5.184919,0.28719413
c_1_18_1864,1.5726898,3.2574794
c_1_18_1865,6.155619,-3.0640798
c_1_18_1866,7.130332,2.3452854
c_1_18_1868,2.8021626,-1.850976
c_1_18_1870,3.1001675,-1.9751524
c_1_18_1871,6.389654,1.8364891
c_1_18_1872,2.6917057,-2.6847355
c_1_18_1873,2.0034957,3.2499988
c_1_18_1874,7.894156,3.8577
c_1_18_1875,8.680237,4.411537
c_1_18_1876,3.3929198,-0.61526686
c_1_18_1877,7.3225207,4.625194
c_1_18_1878,4.559937,-2.7278383
c_1_18_1879,8.252811,5.2332783
c_1_18_1880,8.26643,4.1438346
c_1_18_1881,6.2406826,3.0595384
c_1_18_1882,2.4225848,-2.3144734
c_1_18_1884,4.478861,0.9712809
c_1_18_1887,9.213228,2.756304
c_1_18_1888,5.639008,1.0555035
c_1_18_1890,7.8830357,4.7145057
c_1_18_1891,8.849305,6.1313157
c_1_18_1892,3.8570912,0.67881876
c_1_18_1894,5.4651933,-0.6529305
c_1_18_1895,4.918142,2.2057989
c_1_18_1898,5.18471,-0.10991077
c_1_18_1900,9.194586,5.5698385
c_1_18_1901,2.277563,-1.0269738
c_1_18_1902,3.7139027,0.41118708
c_1_18_1903,4.199403,2.1427941
c_1_18_1904,6.1612864,-0.29880068
c_1_18_1905,1.24399,3.595605
c_1_18_1906,5.994197,-3.0967636
c_1_18_1907,2.2135303,0.4371912
c_1_18_1910,4.1751227,-3.1626527
c_1_18_1912,7.464258,4.1458864
c_1_18_1913,7.7439885,3.6531043
c_1_18_1915,2.8673728,-1.9066311
c_1_18_1916,8.891539,2.5618258
c_1_18_1917,4.386255,-0.04036576
c_1_18_1918,6.261477,2.0460713
c_1_18_1919,8.330201,2.4659424
c_1_18_1920,7.06346,4.014581
c_1_18_1921,4.706043,-1.6024098
c_1_18_1922,6.535068,-3.0626616
c_1_18_1924,1.7976236,0.07844179
c_1_18_1925,6.5813293,-2.4572544
c_1_18_1926,7.7494235,4.7822595
c_1_18_1927,6.1892567,0.56442
c_1_18_1929,6.8554935,-2.6550677
c_1_18_1930,3.0192783,-1.1180778
c_1_18_1932,5.209122,-1.2799848
c_1_18_1933,7.957193,4.99955
c_1_18_1934,6.809165,-2.720906
c_1_18_1935,2.5644846,5.963506
c_1_18_1936,6.367614,-3.244383
c_1_18_1937,8.600989,4.787908
c_1_18_1938,6.859779,-0.58451796
c_1_18_1939,7.0985255,4.1475725
c_1_18_1941,1.1161882,2.273687
c_1_18_1942,7.292478,2.6179495
c_1_18_1944,6.089857,-2.5591028
c_1_18_1945,4.753296,0.7914831
c_1_18_1946,7.7174397,3.3315322
c_1_18_1948,5.2678146,-0.38716394
c_1_18_1949,5.9637957,1.3734821
c_1_18_1951,5.664385,-0.19053666
c_1_18_1952,4.981485,-2.4463475
c_1_18_1954,6.033679,-0.9680458
c_1_18_1957,2.2110968,3.0239336
c_1_18_1958,2.4837286,-1.1671648
c_1_18_1959,3.25066,2.4737442
c_1_18_1960,4.8166265,-2.4521677
c_1_18_1961,5.711772,-2.171762
c_1_18_1962,8.936254,5.3627725
c_1_18_1963,5.9347825,2.47468
c_1_18_1964,7.6181016,4.385495
c_1_18_1967,7.944874,5.292419
c_1_18_1968,5.1692233,-0.90156525
c_1_18_1970,6.964215,4.0512443
c_1_18_1972,7.8645144,3.6433704
c_1_18_1973,4.2409167,-1.6983312
c_1_18_1974,3.145123,-2.8830228
c_1_18_1975,2.46327,5.109218
c_1_18_1976,3.29123,-1.1072031
c_1_18_1977,3.7530272,-0.22676912
c_1_18_1978,7.0629106,-2.2377455
c_1_18_1979,7.4677124,2.0516381
c_1_18_1982,3.0266616,-2.109049
c_1_18_1983,3.9715304,-2.3017116
c_1_18_1984,6.8572106,2.74982
c_1_18_1985,6.42128,3.948436
c_1_18_1986,2.283816,1.4063259
c_1_18_1987,5.973087,-2.887759
c_1_18_1988,6.107414,-2.9462504
c_1_18_1990,7.5697575,3.6115687
c_1_18_1991,5.5736594,1.9897436
c_1_18_1992,7.7509365,4.4280963
c_1_18_1994,8.045234,4.9720407
c_1_18_1995,7.9273424,5.3545785
c_1_18_1996,3.896879,0.6753529
c_1_18_1997,7.3218923,2.4083085
c_1_18_1999,0.114685334,3.0875585
c_1_18_2000,8.555856,5.970928
c_1_18_2001,4.034786,0.42392474
c_1_18_2003,7.5067925,-3.0548847
c_1_18_2004,5.158665,1.4848506
c_1_18_2005,0.78969187,3.4083698
c_1_18_2006,5.200281,-2.5131958
c_1_18_2007,9.509735,2.6138232
c_1_18_2008,6.6505504,1.2059773
c_1_18_2009,3.8711133,-1.0623586
c_1_18_2010,7.365208,3.767226
c_1_18_2011,8.351816,5.794134
c_1_18_2012,4.717148,1.347349
c_1_18_2013,3.8184373,4.767728
c_1_18_2014,1.3211083,5.3413634
c_1_18_2015,6.7678986,-3.4476683
c_1_18_2016,3.4316106,-0.34967172
c_1_18_2017,8.3871155,4.905122
c_1_18_2018,6.827137,-0.62082237
c_1_18_2019,6.231794,2.1606748
c_1_18_2020,6.819856,1.9238455
c_1_18_2022,6.31251,0.74719405
c_1_18_2023,5.76249,-0.7129335
c_1_18_2024,7.0750055,1.6275308
c_1_18_2025,2.9797876,0.37187904
c_1_18_2029,1.2997005,3.3790238
c_1_18_2031,7.251217,5.679785
c_1_18_2032,3.3523724,1.7808211
c_1_18_2033,7.334816,5.3162937
c_1_18_2034,8.254704,4.935533
c_1_18_2036,5.8672137,2.3619936
c_1_18_2037,2.1990063,1.571293
c_1_18_2038,7.673056,1.6278175
c_1_18_2039,5.945087,2.5211804
c_1_18_2041,4.736951,-2.9218125
c_1_18_2042,5.7759867,3.9426339
c_1_18_2044,6.222426,-1.7918342
c_1_18_2046,4.6715074,-1.6269975
c_1_18_2047,6.5549755,3.5520742
c_1_18_2048,7.06788,2.2102294
c_1_18_2049,3.7657144,-2.3383348
c_1_18_2050,5.4416323,-0.031577405
c_1_18_2052,6.1411295,-0.16067517
c_1_18_2054,6.620473,-1.5719264
c_1_18_2055,7.279903,4.1095257
c_1_18_2056,5.337669,-0.5405764
c_1_18_2057,3.1113183,-2.3575866
c_1_18_2058,4.215349,-2.34058
c_1_18_2059,6.34628,-2.841826
c_1_18_2060,7.8828835,4.538116
c_1_18_2062,0.0076586264,3.2333221
c_1_18_2063,7.3351107,3.7746115
c_1_18_2064,5.1666484,3.424035
c_1_18_2065,3.5546162,-1.0911729
c_1_18_2066,3.3925257,-0.64723563
c_1_18_2069,8.373659,2.552463
c_1_18_2071,5.9328322,2.305072
c_1_18_2072,5.088463,-0.15288207
c_1_18_2073,6.0731826,0.7311356
c_1_18_2074,7.3321204,2.8534791
c_1_18_2075,8.17509,6.041964
c_1_18_2076,5.703419,0.64935637
c_1_18_2077,3.2093585,-0.96114534
c_1_18_2078,5.0238457,-1.4569589
c_1_18_2079,7.7479463,2.4006448
c_1_18_2080,6.3012238,-1.2137774
c_1_18_2081,8.613885,5.5413437
c_1_18_2083,5.1592975,-1.0638846
c_1_18_2085,6.8440466,-1.226128
c_1_18_2086,7.225114,2.750083
c_1_18_2088,2.8549123,5.6126957
c_1_18_2092,4.52045,-2.7154047
c_1_18_2093,8.270127,1.8440101
c_1_18_2094,8.994739,4.7530904
c_1_18_2096,6.0657277,-1.7713687
c_1_18_2097,3.4045534,0.19317129
c_1_18_2098,8.533719,4.6631093
c_1_18_2099,3.332168,-0.46080905
c_1_18_2100,2.926785,-3.8767292
c_1_18_2102,8.003796,3.8805726
c_1_18_2103,6.2876406,-1.1030658
c_1_18_2104,6.7896595,0.23588167
c_1_18_2106,1.7053152,0.4459444
c_1_18_2107,8.078927,5.6518807
c_1_18_2108,8.487104,5.984841
c_1_18_2109,8.787179,6.211269
c_1_18_2110,6.4111695,-1.5550377
c_1_18_2112,7.235932,4.746981
c_1_18_2113,7.869696,4.294257
c_1_18_2114,8.019716,2.6910386
c_1_18_2115,1.2209966,0.29355705
c_1_18_2116,8.205923,4.549637
c_1_18_2117,5.8544226,3.25903
c_1_18_2119,8.392,5.4880033
c_1_18_2120,8.368847,5.172224
c_1_18_2121,7.622366,2.5661259
c_1_18_2122,3.9660356,0.5298215
c_1_18_2123,0.70293945,2.6961238
c_1_18_2124,8.931265,2.9865322
c_1_18_2125,5.3445787,-3.663232
c_1_18_2127,2.1270626,-0.46455088
c_1_18_2129,8.482059,2.6756048
c_1_18_2130,8.125144,5.0669813
c_1_18_2131,8.675844,2.7407382
c_1_18_2134,7.338695,4.875072
c_1_18_2137,8.055927,1.7518613
c_1_18_2138,8.234569,2.4168851
c_1_18_2139,5.5343423,3.6239266
c_1_18_2141,4.2026005,-0.9517709
c_1_18_2142,0.66642016,4.0708585
c_1_18_2143,5.614149,-2.3965044
c_1_18_2144,4.3396354,0.22804792
c_1_18_2145,4.5412703,0.24301495
c_1_18_2146,4.4991097,0.3614808
c_1_18_2147,2.9264815,-1.3566177
c_1_18_2148,1.9411823,0.5367234
c_1_18_2149,4.7649064,2.400653
c_1_18_2150,7.7478952,4.4136906
c_1_18_2152,8.226655,3.8371022
c_1_18_2153,4.885044,0.6249024
c_1_18_2154,5.9311547,0.540742
c_1_18_2155,9.355798,4.0250497
c_1_18_2156,8.869074,2.3372872
c_1_18_2157,3.2860904,-3.4722614
c_1_18_2158,5.3411226,1.4035673
c_1_18_2160,0.36846963,2.8685217
c_1_18_2163,1.3108059,2.4457848
c_1_18_2164,2.238927,2.8669682
c_1_18_2165,5.418533,4.0840454
c_1_18_2166,8.055096,2.7662985
c_1_18_2167,-0.104568504,3.6352608
c_1_18_2171,4.2792873,4.3606944
c_1_18_2173,2.0564747,3.4095156
c_1_18_2174,3.9277024,-2.1074963
c_1_18_2175,3.2113225,1.7271804
c_1_18_2176,7.426798,4.061504
c_1_18_2177,6.123956,1.9924363
c_1_18_2178,6.2725673,4.1954083
c_1_18_2179,6.123608,3.8178642
c_1_18_2180,6.418028,2.7612014
c_1_18_2181,10.081343,4.3421183
c_1_18_2183,2.5159404,2.883278
c_1_18_2184,4.8190575,1.6137831
c_1_18_2185,0.09323059,2.8199952
c_1_18_2186,5.884679,1.6912668
c_1_18_2187,8.670287,5.5681834
c_1_18_2188,6.2116804,3.8974452
c_1_18_2189,2.5340478,1.560301
c_1_18_2190,5.2607975,3.7496767
c_1_18_2192,2.2503188,3.2184405
c_1_18_2195,5.494124,-0.31552753
c_1_18_2199,-0.07188174,3.2996647
c_1_18_2200,0.84250903,3.038927
c_1_18_2201,2.6942794,5.894283
c_1_19_1,-0.036569156,3.2927532
c_1_19_3,7.0925126,2.2071195
c_1_19_4,1.5994158,2.3824122
c_1_19_5,3.4494765,-0.66698366
c_1_19_6,7.14399,1.8821498
c_1_19_7,0.13739191,0.21708469
c_1_19_8,5.567834,4.449049
c_1_19_9,3.334295,-1.409828
c_1_19_10,3.232305,-2.5920675
c_1_19_11,2.4494367,1.4603754
c_1_19_12,6.0970144,-2.6192095
c_1_19_13,1.6078973,2.595885
c_1_19_14,1.5699098,3.0870323
c_1_19_15,6.2449393,-2.9937117
c_1_19_16,7.421876,-2.4087286
c_1_19_17,6.498949,-2.8474214
c_1_19_18,6.5831304,-0.39843976
c_1_19_19,5.591814,-2.461706
c_1_19_20,6.9782853,-3.1884735
c_1_19_21,0.7310906,2.2383535
c_1_19_22,5.533426,-3.28636
c_1_19_23,5.6651983,-2.0660841
c_1_19_24,0.42833894,0.481906
c_1_19_25,6.2478,-3.0237648
c_1_19_26,0.79774874,1.9680274
c_1_19_27,6.541142,-2.278721
c_1_19_28,3.611522,-1.5360245
c_1_19_29,3.155231,1.4834493
c_1_19_30,2.1647222,1.8486496
c_1_19_31,6.614588,-1.7005575
c_1_19_32,5.4962177,-2.2963827
c_1_19_33,5.4402413,3.5855749
c_1_19_34,6.412257,-2.738154
c_1_19_35,4.5842495,-1.1497955
c_1_19_36,3.8399203,-2.0824313
c_1_19_37,5.8083944,-2.4966652
c_1_19_38,5.846108,-3.883814
c_1_19_39,3.3619876,-0.91369396
c_1_19_41,7.146479,-3.1499786
c_1_19_42,3.3929849,-1.1375118
c_1_19_43,6.8627486,-3.2978685
c_1_19_44,6.913221,-4.400594
c_1_19_45,2.8182132,-1.4923371
c_1_19_46,3.9044895,-0.33575538
c_1_19_47,2.1040986,0.4606618
c_1_19_48,3.2661297,-3.1338947
c_1_19_49,6.333879,-3.139218
c_1_19_50,2.4845774,-1.1427574
c_1_19_51,2.3051407,2.04119
c_1_19_52,0.7939417,0.089880005
c_1_19_53,5.008,-3.2694476
c_1_19_54,5.982066,-3.6011703
c_1_19_56,5.140817,-1.9057567
c_1_19_57,4.1592135,0.45724875
c_1_19_58,5.8961973,-3.6075928
c_1_19_59,6.5816703,-2.7901256
c_1_19_60,7.4263806,-3.7820268
c_1_19_61,2.5229838,-2.742526
c_1_19_62,0.29678354,2.3080776
c_1_19_63,5.9279723,-2.6314445
c_1_19_64,6.317461,-4.2409983
c_1_19_65,5.799217,-3.9677746
c_1_19_66,6.523317,3.6231468
c_1_19_67,0.76341534,2.8791232
c_1_19_68,2.2057636,1.54538
c_1_19_69,2.7046132,-3.44545
c_1_19_70,6.0709124,-4.30238
c_1_19_71,3.188389,-1.9740214
c_1_19_72,6.2252345,-3.9441757
c_1_19_73,4.629829,2.2045348
c_1_19_74,4.648646,-2.6626012
c_1_19_75,2.8712556,-2.7531507
c_1_19_76,6.983664,-1.1255352
c_1_19_77,4.480386,-0.66935366
c_1_19_78,4.8273706,-0.5234245
c_1_19_79,5.766688,-3.8917127
c_1_19_80,4.8375998,-2.9288018
c_1_19_81,2.159317,-3.7477288
c_1_19_82,3.6116962,-2.9323044
c_1_19_83,1.393257,0.06135323
c_1_19_84,4.6225586,-2.857613
c_1_19_85,4.328074,-2.6340022
c_1_19_86,6.402406,-1.3659143
c_1_19_87,4.669287,-0.96265453
c_1_19_88,5.610161,-2.5810997
c_1_19_89,4.371347,-0.12346812
c_1_19_90,3.6759,-3.2033155
c_1_19_91,3.1908038,-3.4141
c_1_19_92,5.780979,1.3114247
c_1_19_93,4.460791,0.53777546
c_1_19_94,5.5496025,2.710139
c_1_19_95,2.9185715,-3.1836367
c_1_19_96,4.3330183,-1.6558759
c_1_19_97,3.037299,-1.2558749
c_1_19_98,5.661223,-2.9563758
c_1_19_99,4.1451597,-1.5814755
c_1_19_100,5.416444,-1.9279578
c_1_19_101,3.0392587,-0.07047999
c_1_19_102,2.143296,-2.633267
c_1_19_103,3.4534209,-2.064021
c_1_19_104,2.8502383,0.07620708
c_1_19_105,3.2232275,-2.5754118
c_1_19_106,6.1978807,-4.1740394
c_1_19_107,7.746853,0.78204685
c_1_19_108,2.8250165,-0.18353526
c_1_19_109,5.74532,2.3612428
c_1_19_110,4.1628127,-1.8938398
c_1_19_111,3.9852626,-1.8458477
c_1_19_112,5.925837,-2.995504
c_1_19_113,0.70391375,0.15045698
c_1_19_114,5.7267933,3.7346876
c_1_19_115,6.9191527,-2.0442624
c_1_19_116,2.9873183,-3.1773071
c_1_19_117,5.2233167,-3.0709608
c_1_19_118,2.347326,-3.9991035
c_1_19_119,1.5032187,-2.2449398
c_1_19_120,3.1956415,0.6176311
c_1_19_121,5.0379996,-0.56611973
c_1_19_122,4.72128,-1.6591326
c_1_19_123,4.2133727,-2.766598
c_1_19_124,3.8186245,-2.003764
c_1_19_125,4.9065075,-2.5687017
c_1_19_126,2.867521,-2.2388186
c_1_19_127,3.2459881,-3.4118662
c_1_19_128,4.1327314,-2.7889545
c_1_19_129,6.2374997,-1.4601531
c_1_19_130,3.9155142,-3.2673435
c_1_19_131,5.037445,-1.8293686
c_1_19_132,2.3975992,-3.9909418
c_1_19_133,4.169709,-3.0365765
c_1_19_134,4.248482,-3.3628585
c_1_19_135,3.3989964,-2.4125247
c_1_19_136,3.415712,-2.2475843
c_1_19_137,5.9971943,-1.0678294
c_1_19_138,4.9738913,-3.5663464
c_1_19_139,2.1060858,-3.0676544
c_1_19_140,4.037666,-0.6225852
c_1_19_141,3.712346,-3.2278595
c_1_19_142,2.3014457,-3.589684
c_1_19_143,2.7989957,-3.237692
c_1_19_144,2.7431402,-3.7365053
c_1_19_145,2.2781897,-3.9403243
c_1_19_146,5.792708,-1.3486986
c_1_19_147,4.2415333,-0.7209621
c_1_19_148,2.775756,-2.3691156
c_1_19_149,2.9876914,-2.1160474
c_1_19_151,3.1464527,-3.4620917
c_1_19_152,2.3150864,-4.2122455
c_1_19_153,2.168398,-3.43066
c_1_19_154,3.3689957,-3.5083988
c_1_19_155,2.4414296,-2.8577893
c_1_19_157,3.2168632,-3.6454406
c_1_19_158,3.5106132,-1.1389842
c_1_19_159,2.2871528,1.4017208
c_1_19_160,4.6070886,-1.7636261
c_1_19_161,2.6929655,-4.2058506
c_1_19_162,3.6217055,1.1521051
c_1_19_163,3.447831,-1.3388561
c_1_19_164,0.7597902,2.152723
c_1_19_165,3.14114,-0.8340763
c_1_19_166,4.630676,-2.182587
c_1_19_167,2.4810464,-2.8210297
c_1_19_168,2.0227902,-1.8749077
c_1_19_169,2.3010964,-4.266961
c_1_19_170,6.382894,1.2312258
c_1_19_171,3.0274765,-1.4572021
c_1_19_172,2.2333195,-3.1835995
c_1_19_173,3.1115558,-3.4537752
c_1_19_174,2.8578494,-1.880094
c_1_19_175,5.704807,1.517912
c_1_19_176,2.4024017,-4.242122
c_1_19_177,3.7158427,-2.3563936
c_1_19_178,4.3809566,-3.7348726
c_1_19_180,4.084762,-2.7801204
c_1_19_181,3.6232586,-3.708535
c_1_19_183,2.9200077,-1.8641497
c_1_19_184,2.1850228,-4.389833
c_1_19_185,2.4615977,-3.2938437
c_1_19_186,0.4949343,3.0455143
c_1_19_188,4.5102243,-2.5611143
c_1_19_189,3.0220544,-3.4357727
c_1_19_190,4.282728,-1.121597
c_1_19_191,1.151053,-0.06822591
c_1_19_192,4.6011763,-2.2036855
c_1_19_193,6.076446,-1.6790446
c_1_19_194,5.008117,-3.508215
c_1_19_195,2.4989176,2.518106
c_1_19_196,4.231011,-1.365636
c_1_19_197,4.322529,-3.288091
c_1_19_198,0.005747644,3.2080574
c_1_19_199,6.5222297,-3.4266875
c_1_19_200,3.7099605,-3.8671243
c_1_19_201,0.90829015,2.5223832
c_1_19_202,0.44231853,2.693496
c_1_19_203,5.4630165,-3.1775756
c_1_19_204,2.4342048,-3.7944622
c_1_19_205,5.031449,-3.1672971
c_1_19_206,0.018239636,3.208356
c_1_19_207,6.075574,-2.0757596
c_1_19_208,4.390443,-0.05338591
c_1_19_209,5.717112,-3.5449703
c_1_19_210,5.6889534,3.6418045
c_1_19_211,2.799423,-3.2559454
c_1_19_212,6.8050747,-3.0992773
c_1_19_213,1.4235765,2.5294688
c_1_19_214,5.945782,-1.4278947
c_1_19_215,1.0434515,2.4020865
c_1_19_216,6.6684413,1.761946
c_1_19_217,3.666477,3.8778994
c_1_19_218,4.012574,-0.86071
c_1_19_219,1.2053804,1.7364205
c_1_19_220,4.4183125,-3.6043377
c_1_19_221,3.8088503,-0.25828266
c_1_19_222,6.874538,-2.9188938
c_1_19_223,0.63380736,3.015559
c_1_19_224,4.534538,3.803898
c_1_19_225,1.0390021,3.0497222
c_1_19_226,2.1500552,-3.2986605
c_1_19_227,5.61618,-2.4824507
c_1_19_228,2.487145,-3.3654845
c_1_19_229,4.726566,-1.2696835
c_1_19_230,4.7800364,-1.6490635
c_1_19_231,4.429148,-1.8170105
c_1_19_232,6.954611,-4.347557
c_1_19_233,2.5171382,-2.1411772
c_1_19_234,4.9904065,3.6308093
c_1_19_235,2.7038343,-1.1537558
c_1_19_236,6.8650656,-4.6645055
c_1_19_237,2.6355526,-1.5312278
c_1_19_238,5.0653787,-2.6708083
c_1_19_239,6.4740305,-3.1785986
c_1_19_240,4.9866476,-2.5603986
c_1_19_241,3.1885495,0.71060044
c_1_19_242,4.506174,0.25137708
c_1_19_243,4.725074,-2.2933972
c_1_19_244,2.5610204,-3.1471744
c_1_19_245,6.0644875,4.077434
c_1_19_246,0.97246486,3.2190948
c_1_19_247,2.9615695,-1.6045146
c_1_19_248,5.405883,-2.0922499
c_1_19_249,5.005459,1.0080953
c_1_19_250,5.9654455,-4.1254535
c_1_19_251,2.5309668,-1.3051217
c_1_19_252,2.9094074,-0.23962152
c_1_19_253,5.740017,-2.4954646
c_1_19_254,2.609942,-3.8144357
c_1_19_255,4.2625065,-0.022999596
c_1_19_256,5.176351,0.57404125
c_1_19_257,5.9821434,4.068459
c_1_19_258,5.1124067,-4.209164
c_1_19_259,5.519291,-2.957027
c_1_19_260,2.124119,-0.34798545
c_1_19_261,5.9715557,-0.08598744
c_1_19_262,5.473195,-2.5246665
c_1_19_263,7.1386595,-2.187673
c_1_19_264,4.8499737,-3.4548323
c_1_19_265,3.5125897,-3.8556778
c_1_19_266,5.71969,-2.8074665
c_1_19_267,3.5962956,-1.1407958
c_1_19_268,5.0948005,-2.753283
c_1_19_269,2.4541261,-4.0645156
c_1_19_270,6.160501,-3.760604
c_1_19_271,6.2984357,-2.2604759
c_1_19_272,4.514047,-3.8585303
c_1_19_273,0.21104035,2.6553097
c_1_19_274,2.835344,-2.4994056
c_1_19_275,6.5304036,-3.011181
c_1_19_276,5.171458,-2.8913093
c_1_19_277,0.22736627,2.8770885
c_1_19_278,0.46171942,3.112229
c_1_19_279,4.6580873,-0.78657883
c_1_19_280,0.34649068,3.4851124
c_1_19_281,4.6861258,-2.1401303
c_1_19_282,3.9699228,-2.554328
c_1_19_283,5.113751,0.90878415
c_1_19_284,1.5256692,2.6655507
c_1_19_285,5.678953,-2.735355
c_1_19_286,5.016911,-2.9831414
c_1_19_287,5.800227,-2.0001817
c_1_19_288,5.311898,-0.483158
c_1_19_289,0.022017261,2.765886
c_1_19_290,6.4253216,-3.2371044
c_1_19_291,5.4942465,-2.564498
c_1_19_292,6.2033257,-1.6295476
c_1_19_293,5.149283,1.0456913
c_1_19_294,2.6005452,0.7863511
c_1_19_295,0.38791448,3.2841933
c_1_19_296,5.8810253,2.0316582
c_1_19_297,4.0335946,-1.3423615
c_1_19_298,0.7646019,3.2303061
c_1_19_299,2.26383,1.8581042
c_1_19_300,5.9105425,-3.0691347
c_1_19_301,0.32490152,3.1538477
c_1_19_302,6.241583,-4.121317
c_1_19_303,4.8002625,-2.967201
c_1_19_304,3.7053828,-1.2774699
c_1_19_305,6.000044,-3.651095
c_1_19_306,3.808399,-1.6468143
c_1_19_307,6.144885,3.78086
c_1_19_308,0.27035028,3.7140768
c_1_19_309,5.601243,-0.29100573
c_1_19_310,6.6831026,-0.5087826
c_1_19_311,5.945903,-1.5931456
c_1_19_312,6.3027544,-2.1112719
c_1_19_313,0.5932009,3.4529195
c_1_19_314,4.1939225,-0.4894572
c_1_19_315,6.338391,-4.1337676
c_1_19_316,5.188177,-3.7309809
c_1_19_317,3.955483,0.24754567
c_1_19_318,4.2257557,-3.2611172
c_1_19_319,6.4375744,-2.6369755
c_1_19_320,0.780983,3.87414
c_1_19_321,6.0810723,-4.2541943
c_1_19_322,1.9945798,-2.3782225
c_1_19_323,6.0157213,1.7875333
c_1_19_324,3.8194835,-3.1399207
c_1_19_325,3.8608065,-2.3469107
c_1_19_326,3.5160139,-3.7981365
c_1_19_327,4.0158033,-1.677795
c_1_19_328,1.9098213,1.2665367
c_1_19_329,0.023788642,2.8169389
c_1_19_330,1.4300457,0.38195106
c_1_19_331,0.6152979,2.9041505
c_1_19_332,4.1675267,-3.6556733
c_1_19_333,1.0139307,3.1834786
c_1_19_334,5.7094636,3.5648293
c_1_19_335,5.7062163,-1.3815985
c_1_19_336,5.944993,-3.2854116
c_1_19_337,5.223921,-2.8224976
c_1_19_338,7.1472774,-2.5454512
c_1_19_339,4.8526893,-2.515687
c_1_19_340,5.7380033,-3.8860645
c_1_19_341,2.9308643,3.5044758
c_1_19_342,3.9258432,-2.3385081
c_1_19_343,1.9475136,-3.5504916
c_1_19_344,5.4288387,-0.5492902
c_1_19_345,2.8155916,-2.1222794
c_1_19_346,3.646965,-0.7954108
c_1_19_347,4.1439815,1.3321939
c_1_19_348,3.7809544,-2.583473
c_1_19_349,5.4390345,2.7162051
c_1_19_350,1.146446,2.7669494
c_1_19_351,5.636106,2.0099747
c_1_19_352,2.2121766,-1.9871087
c_1_19_353,0.5980806,2.5995533
c_1_19_354,2.462437,-2.8712306
c_1_19_355,2.6155827,-2.1934602
c_1_19_356,5.94494,-1.9014162
c_1_19_357,3.3647122,-3.171865
c_1_19_358,6.236508,-3.864775
c_1_19_359,6.4911127,-3.1346495
c_1_19_360,3.6451082,-0.5394737
c_1_19_361,9.440075,2.9058065
c_1_19_362,4.481374,-1.4478048
c_1_19_363,2.8187206,-4.0469837
c_1_19_364,3.478381,-1.564201
c_1_19_365,4.8907366,-3.30237
c_1_19_366,3.03524,-2.530743
c_1_19_367,6.1092877,0.0067275786
c_1_19_368,0.7500215,3.0652585
c_1_19_369,5.6052513,-3.4776387
c_1_19_370,3.2226903,-2.7189212
c_1_19_371,2.3879762,-4.364497
c_1_19_372,2.5575821,-4.1885
c_1_19_373,3.1110845,-3.0417378
c_1_19_374,3.6988597,-2.404189
c_1_19_375,1.0371466,3.7566602
c_1_19_376,6.3764095,-3.048588
c_1_19_377,4.6691585,0.17829183
c_1_19_378,5.5415683,-1.2112805
c_1_19_379,2.970389,-1.207984
c_1_19_380,3.7769804,-1.3838884
c_1_19_381,4.860615,0.05498188
c_1_19_382,2.4075706,-2.9321783
c_1_19_383,5.8434362,-2.4528074
c_1_19_384,1.0829397,3.1456573
c_1_19_385,5.6920934,-3.2428942
c_1_19_386,3.0744348,-3.0275488
c_1_19_387,3.377445,-2.503691
c_1_19_388,4.7146525,-1.7859743
c_1_19_389,3.0910628,-2.6169167
c_1_19_390,4.264667,-2.0382614
c_1_19_391,3.3427634,-0.55133706
c_1_19_392,4.3307433,-3.3070843
c_1_19_393,4.650141,-1.7239616
c_1_19_394,4.1934533,2.3561742
c_1_19_395,2.295736,-3.8558767
c_1_19_396,3.3258529,-0.9583287
c_1_19_397,2.1701689,-3.4742975
c_1_19_398,0.2501697,3.024321
c_1_19_399,4.8674994,-2.8456564
c_1_19_400,5.380943,2.6540906
c_1_19_401,0.047452062,3.4012296
c_1_19_402,2.8207264,-2.6299634
c_1_19_403,2.6629581,-3.597205
c_1_19_404,4.285425,-0.23917772
c_1_19_405,3.631278,-2.4372244
c_1_19_406,0.43801302,3.9546149
c_1_19_407,2.4529119,-2.0233035
c_1_19_408,2.759263,-3.1278193
c_1_19_409,0.136634,2.7414975
c_1_19_410,2.3483586,-3.8763041
c_1_19_411,2.7371264,-3.3142285
c_1_19_412,2.771067,-2.809793
c_1_19_413,3.669539,-2.5253432
c_1_19_414,1.997203,3.121966
c_1_19_415,3.3500464,-2.0424962
c_1_19_416,3.4009345,-2.6654065
c_1_19_417,1.519328,3.1866276
c_1_19_418,2.3480935,-1.6980689
c_1_19_419,0.91337484,1.4160446
c_1_19_420,3.3621447,-2.0757585
c_1_19_421,3.9502301,-1.9267818
c_1_19_422,1.9761262,-1.5030545
c_1_19_423,0.6949153,2.6068277
c_1_19_424,-0.09888325,3.1707296
c_1_19_425,2.242231,1.2552289
c_1_19_426,2.3343163,-3.147449
c_1_19_427,3.2137249,-3.9675424
c_1_19_428,2.6180494,1.5012298
c_1_19_429,3.0227575,-3.7887387
c_1_19_430,0.49260724,2.8616567
c_1_19_431,1.755152,0.17041355
c_1_19_432,3.1585674,-1.598014
c_1_19_433,6.2474213,3.4731874
c_1_19_434,3.5484207,0.2026249
c_1_19_435,5.040241,-1.3713032
c_1_19_436,6.313083,3.114593
c_1_19_437,3.3194993,-1.3468846
c_1_19_438,1.6978195,2.0455205
c_1_19_439,-0.37532413,3.3693008
c_1_19_440,5.530279,2.1448357
c_1_19_441,2.8378947,-0.6411882
c_1_19_442,1.7795397,0.41941005
c_1_19_443,0.30580226,2.8344042
c_1_19_444,2.8611646,-2.2913682
c_1_19_445,0.54678625,2.7425296
c_1_19_446,2.1512094,-3.2173617
c_1_19_447,3.1251013,-3.584915
c_1_19_448,3.0354955,-0.72401977
c_1_19_449,3.2290497,-0.9100294
c_1_19_450,2.0964973,2.5251715
c_1_19_451,1.7781477,-2.8812718
c_1_19_452,2.7269955,-3.4335492
c_1_19_453,1.3331048,3.6469216
c_1_19_454,5.74194,3.3627224
c_1_19_455,4.2118797,1.4394413
c_1_19_456,6.1894393,0.35690573
c_1_19_457,2.992561,-0.37696296
c_1_19_458,2.170228,-1.1293231
c_1_19_459,1.4247465,2.376848
c_1_19_460,-0.14882216,3.0415103
c_1_19_461,0.18881358,3.5781555
c_1_19_462,3.078869,-1.3927922
c_1_19_463,5.605359,-0.9329257
c_1_19_464,-0.06741315,2.7524397
c_1_19_465,1.5644686,3.2678552
c_1_19_466,1.9901184,-3.58318
c_1_19_467,2.786609,-0.22580597
c_1_19_468,1.4812397,2.3634486
c_1_19_469,5.344837,-1.7103003
c_1_19_470,5.033757,0.79388255
c_1_19_471,5.6075196,-2.1237514
c_1_19_472,6.29202,-2.006831
c_1_19_473,0.02639487,0.3316248
c_1_19_474,5.6909842,3.1437998
c_1_19_475,6.515886,3.667909
c_1_19_476,6.0723696,-2.43653
c_1_19_477,5.7830963,-3.061515
c_1_19_478,3.9163358,-0.9430459
c_1_19_479,6.5955715,-1.5018265
c_1_19_480,4.7536883,-2.8259888
c_1_19_481,2.6073873,0.029317394
c_1_19_482,6.5292497,-2.1521525
c_1_19_483,4.552558,-3.6398947
c_1_19_484,4.366941,-2.7624872
c_1_19_485,6.0708957,-1.4197547
c_1_19_486,2.675406,-2.9267914
c_1_19_487,4.822555,-1.141549
c_1_19_488,4.46922,-1.209789
c_1_19_489,4.596519,-3.0648134
c_1_19_490,5.9258695,4.0146213
c_1_19_491,3.9126039,-1.7794027
c_1_19_492,5.608008,-1.0121212
c_1_19_493,5.4897428,0.8806066
c_1_19_494,3.719876,-1.56797
c_1_19_495,5.6666665,3.547342
c_1_19_496,1.2971644,1.40471
c_1_19_497,4.172813,-1.2683159
c_1_19_498,4.836832,-1.9550779
c_1_19_500,5.3640113,-3.2778134
c_1_19_501,4.490343,0.32549345
c_1_19_502,3.8908474,-2.2751672
c_1_19_503,5.5719247,-3.351134
c_1_19_504,4.568786,-2.0114233
c_1_19_505,2.1675577,-1.8689758
c_1_19_506,3.7176268,-1.6813002
c_1_19_507,5.179013,2.96978
c_1_19_508,3.489396,-1.7562655
c_1_19_509,3.2500763,-0.9262777
c_1_19_510,2.507848,0.10740896
c_1_19_511,3.1585264,-3.521695
c_1_19_512,6.355169,-2.259921
c_1_19_513,6.3993826,-2.2225845
c_1_19_514,2.7997298,-2.7106419
c_1_19_515,5.5387244,-1.8946062
c_1_19_516,4.8534904,-2.8582325
c_1_19_517,6.7931147,-3.3988519
c_1_19_518,3.6749017,-0.29063734
c_1_19_519,3.7268143,-2.7203987
c_1_19_520,2.264056,-4.112199
c_1_19_521,2.7573586,-2.9056795
c_1_19_522,7.2698402,-3.1428313
c_1_19_523,4.3041334,-3.2463894
c_1_19_524,5.4288106,-2.4921098
c_1_19_525,6.1746974,-0.95636714
c_1_19_526,5.455755,0.77518773
c_1_19_527,3.348487,-1.4362417
c_1_19_528,2.2638829,-3.4021711
c_1_19_529,5.5903993,-1.80146
c_1_19_530,5.434356,-1.6667373
c_1_19_531,5.1709127,2.5264115
c_1_19_532,2.838812,-3.5146596
c_1_19_533,5.2302637,-2.3665934
c_1_19_534,6.4281883,-4.1420703
c_1_19_535,6.7042794,-3.866788
c_1_19_536,4.0304966,-2.8125334
c_1_19_537,3.994885,1.7402911
c_1_19_538,3.9443197,-3.1050029
c_1_19_539,4.3791924,-2.1832585
c_1_19_540,3.5307708,-0.29679278
c_1_19_541,3.8528898,-2.97538
c_1_19_542,4.5195055,-1.1657846
c_1_19_543,4.359257,-3.644177
c_1_19_544,5.640265,-2.3786776
c_1_19_545,3.814868,-1.157189
c_1_19_547,3.1040468,-3.1774733
c_1_19_548,3.5285134,-0.12738939
c_1_19_549,6.295163,-0.15343264
c_1_19_550,5.304473,-1.3406342
c_1_19_551,1.2758887,-1.8375725
c_1_19_552,2.9907718,-0.70837265
c_1_19_553,3.0485413,-3.4241197
c_1_19_554,2.815618,0.4290622
c_1_19_555,3.83067,-2.746208
c_1_19_556,5.886912,-2.3014069
c_1_19_557,3.5624478,-3.5158637
c_1_19_558,5.449314,-3.9517705
c_1_19_559,5.2313285,-1.246717
c_1_19_560,4.1260886,-2.4041429
c_1_19_561,5.6282907,-1.5172884
c_1_19_562,2.642983,0.045211963
c_1_19_563,4.4861608,0.23100704
c_1_19_564,4.513688,0.47480154
c_1_19_565,2.553349,-2.6907547
c_1_19_566,7.058218,-2.7982926
c_1_19_567,4.859123,0.0919712
c_1_19_568,3.8414402,-1.1885642
c_1_19_569,4.2850533,0.5872333
c_1_19_570,5.132543,-1.7427133
c_1_19_571,4.536023,-1.2448057
c_1_19_572,4.68683,-2.2095284
c_1_19_573,5.7538977,-1.3296344
c_1_19_574,3.3268816,0.41793004
c_1_19_575,5.256176,-1.6135876
c_1_19_576,4.229071,-2.3635478
c_1_19_577,3.2165945,0.057056826
c_1_19_578,5.315151,-2.5523336
c_1_19_579,4.9492345,-1.2039232
c_1_19_580,4.414593,-3.1202028
c_1_19_581,3.4993412,-3.5468175
c_1_19_582,6.151482,-0.63528067
c_1_19_583,2.9100363,-2.7781808
c_1_19_584,2.6912472,1.6601156
c_1_19_585,3.6292613,-1.8657657
c_1_19_586,6.9094043,-2.4860497
c_1_19_587,1.5086875,5.2459083
c_1_19_588,3.620093,3.4270802
c_1_19_589,2.948292,-3.674851
c_1_19_590,5.5898294,-3.8157248
c_1_19_591,4.5980887,-1.7575316
c_1_19_592,4.558708,-2.774629
c_1_19_593,2.9755106,0.55047697
c_1_19_594,0.24381392,2.5405638
c_1_19_595,7.1308856,-3.7119255
c_1_19_596,2.5094752,-1.5638038
c_1_19_597,3.7765741,-3.3961148
c_1_19_598,5.48102,-3.715529
c_1_19_599,4.9219313,2.054271
c_1_19_600,5.2953234,0.50265837
c_1_19_601,4.479713,1.7141783
c_1_19_602,4.8110104,-2.9237812
c_1_19_603,3.9307861,-0.97859716
c_1_19_604,4.321895,-0.39061305
c_1_19_605,4.8051167,-0.40263867
c_1_19_606,5.6157484,-3.453073
c_1_19_607,0.40936333,3.6826258
c_1_19_608,5.6808476,-1.9351146
c_1_19_609,3.1340392,0.44648907
c_1_19_610,1.6524143,2.401763
c_1_19_611,3.9057462,-3.4491
c_1_19_612,5.0019875,0.24454948
c_1_19_613,7.1085477,-3.1851873
c_1_19_614,4.332011,-1.0264591
c_1_19_615,4.4010787,-0.98604244
c_1_19_616,2.505535,-2.9153955
c_1_19_617,6.0173874,-3.0779366
c_1_19_618,3.396042,0.80399674
c_1_19_619,2.9251444,-0.5499337
c_1_19_620,2.1885579,-0.5470752
c_1_19_621,6.5294313,0.700093
c_1_19_622,5.3163385,-2.3844981
c_1_19_623,4.779206,1.1418327
c_1_19_624,5.8986464,-1.3079249
c_1_19_625,5.6869016,3.2759602
c_1_19_626,3.419782,-2.178406
c_1_19_627,5.9740033,-3.0759199
c_1_19_628,7.179565,-4.189994
c_1_19_629,6.813745,-3.8626316
c_1_19_630,2.1922715,-3.3415582
c_1_19_631,5.7599616,-2.5969443
c_1_19_632,1.4377931,2.0022707
c_1_19_633,3.014052,-1.6306353
c_1_19_634,5.257801,-1.4003917
c_1_19_635,7.417758,-3.3766985
c_1_19_636,3.4395485,-2.376392
c_1_19_637,2.9587386,-1.830921
c_1_19_638,5.808066,0.12859249
c_1_19_639,6.8408117,-3.6323395
c_1_19_640,5.6552787,-3.2444034
c_1_19_641,4.9957814,-0.19091007
c_1_19_642,5.2007833,-0.5465924
c_1_19_643,4.493655,0.42465413
c_1_19_644,5.0057874,-3.6397421
c_1_19_645,1.1481485,1.8841898
c_1_19_646,3.3679917,2.3812423
c_1_19_647,0.9834674,1.9190671
c_1_19_648,4.8760023,-1.8602421
c_1_19_649,6.246399,-1.8830047
c_1_19_650,7.539198,0.6038381
c_1_19_651,4.3067956,-0.84220725
c_1_19_652,1.2983652,2.2085607
c_1_19_653,2.7758024,-3.874288
c_1_19_654,5.987269,3.6523316
c_1_19_655,4.861845,-0.5001573
c_1_19_656,2.074106,1.6919552
c_1_19_657,4.9727955,-0.8821439
c_1_19_658,4.272932,2.3405142
c_1_19_659,1.441968,4.1433535
c_1_19_660,5.0717893,0.37621137
c_1_19_661,2.7133884,-3.749964
c_1_19_662,2.6980314,-3.1602309
c_1_19_663,3.7506926,0.28410628
c_1_19_664,5.2591915,-0.3398776
c_1_19_665,6.860767,3.909172
c_1_19_666,4.06495,-0.25687373
c_1_19_667,6.8212523,1.4622486
c_1_19_669,2.6977153,0.7503634
c_1_19_670,4.885219,-0.2977693
c_1_19_671,3.2281153,-1.58555
c_1_19_672,7.065863,-2.5678637
c_1_19_673,6.058084,4.2331195
c_1_19_674,6.779458,-2.7122521
c_1_19_675,5.3095245,-2.8625734
c_1_19_676,3.4945567,-3.6485693
c_1_19_677,4.1204457,0.15143225
c_1_19_678,1.1838319,2.0725188
c_1_19_679,6.64499,-0.20021626
c_1_19_680,3.4974127,-0.15744986
c_1_19_681,4.3386292,-1.1431808
c_1_19_682,3.5455735,1.8779247
c_1_19_683,0.6879627,2.8759332
c_1_19_684,2.5308368,-2.9633577
c_1_19_685,5.9884624,1.9282684
c_1_19_687,2.9020154,0.063358255
c_1_19_688,4.3869166,-0.7707495
c_1_19_689,1.8203138,-3.241416
c_1_19_690,3.0425081,-2.5327158
c_1_19_691,2.1776226,-0.5570722
c_1_19_692,5.7084975,-0.25785768
c_1_19_693,4.776733,-0.1364557
c_1_19_694,2.6921751,4.4407144
c_1_19_695,4.9317985,0.26387095
c_1_19_696,1.0659596,0.874782
c_1_19_697,6.394078,2.2097454
c_1_19_698,3.1203644,-3.3576035
c_1_19_699,5.1546893,0.17591716
c_1_19_700,6.222615,3.1125128
c_1_19_701,3.207138,-0.28092057
c_1_19_702,3.5979738,-1.3468006
c_1_19_703,2.2182233,-3.706282
c_1_19_704,3.5718372,-0.32152116
c_1_19_705,2.384789,-2.8439677
c_1_19_706,1.9040254,1.7479709
c_1_19_707,5.3176975,-3.9366684
c_1_19_708,1.2727717,-1.6708397
c_1_19_709,2.7919657,-0.25641328
c_1_19_710,3.4998853,-1.8346401
c_1_19_711,1.9925872,2.0310256
c_1_19_712,1.0625533,2.0322707
c_1_19_713,2.5391915,-3.5437512
c_1_19_714,1.1761167,2.4832423
c_1_19_715,2.7861876,-3.4402847
c_1_19_716,7.104173,1.8763223
c_1_19_717,4.948628,-3.7484705
c_1_19_718,3.5245233,-2.9323497
c_1_19_719,7.0991235,1.4454209
c_1_19_720,2.873138,-1.8254477
c_1_19_721,4.2037606,0.31013966
c_1_19_722,2.7859027,-3.507312
c_1_19_723,2.4789932,-3.5045698
c_1_19_724,8.774261,0.5511415
c_1_19_725,3.7149854,-1.1833777
c_1_19_726,3.2875872,-0.027091248
c_1_19_727,2.9629102,-1.319517
c_1_19_728,5.076526,0.11338862
c_1_19_729,2.7877228,-2.964682
c_1_19_730,7.0467896,-3.4323077
c_1_19_731,2.2423134,-1.7966651
c_1_19_732,6.164789,-2.1116376
c_1_19_733,2.0550995,-3.907755
c_1_19_734,3.191758,-0.4967468
c_1_19_735,6.7745185,-2.8549747
c_1_19_736,5.636767,-2.3737383
c_1_19_737,4.706431,-3.0558155
c_1_19_738,3.6165712,-0.96072525
c_1_19_739,6.805614,-3.6132998
c_1_19_740,2.3183603,-0.7957129
c_1_19_741,3.6236317,-2.2811754
c_1_19_742,7.3285275,-2.6048543
c_1_19_743,0.7803588,2.3605456
c_1_19_744,5.5251646,-0.31838477
c_1_19_745,6.2774315,1.1156516
c_1_19_746,1.3565733,2.7028217
c_1_19_747,5.0586677,-2.4429665
c_1_19_748,5.0507846,-0.45029676
c_1_19_749,5.828915,-0.48504
c_1_19_750,5.996032,-0.6025326
c_1_19_751,6.4171667,-1.6295388
c_1_19_752,4.749718,-1.6290677
c_1_19_753,2.8546917,-1.7239834
c_1_19_754,3.389287,-0.85354143
c_1_19_755,5.37465,1.8258866
c_1_19_756,2.5561934,-1.9235728
c_1_19_757,2.8943412,1.1792849
c_1_19_758,1.758469,2.3088362
c_1_19_759,1.0777687,3.47268
c_1_19_760,2.1236105,-2.253455
c_1_19_761,6.6459093,-3.4414
c_1_19_762,7.2447824,-3.0392964
c_1_19_763,8.1274185,0.7062685
c_1_19_764,3.7849236,-0.24867332
c_1_19_765,6.6027255,-0.2422064
c_1_19_766,6.1356215,0.6684329
c_1_19_767,2.2096605,0.6477643
c_1_19_769,3.2249613,-2.464929
c_1_19_770,5.4132414,-1.8864462
c_1_19_771,5.871227,-1.7461184
c_1_19_772,3.5456963,3.547662
c_1_19_773,6.861528,3.489963
c_1_19_774,2.902019,-2.5819595
c_1_19_775,1.0165821,1.5331069
c_1_19_776,2.8053374,-2.9778175
c_1_19_777,3.5255272,0.75796586
c_1_19_778,3.653649,-3.469143
c_1_19_779,4.7656536,-1.5904331
c_1_19_780,1.2402995,3.0588331
c_1_19_781,5.946161,-1.8448471
c_1_19_782,7.011631,-3.103412
c_1_19_783,4.095926,-2.2226136
c_1_19_784,-0.112833485,3.4005613
c_1_19_786,6.4426756,-2.9284668
c_1_19_787,6.6640606,-3.0466316
c_1_19_788,3.741102,2.8231058
c_1_19_789,4.1194997,-0.5894014
c_1_19_790,5.1743646,-2.486689
c_1_19_791,2.5561783,1.9357009
c_1_19_792,5.7567377,0.88938993
c_1_19_793,1.8460922,2.1754615
c_1_19_794,3.624371,0.91345024
c_1_19_795,2.083093,-2.386523
c_1_19_796,2.990093,-3.5218282
c_1_19_797,6.8131638,-3.043955
c_1_19_798,7.5039225,1.2034433
c_1_19_799,4.2325253,-1.3349352
c_1_19_800,2.7863266,0.33476773
c_1_19_801,5.583587,-2.0611084
c_1_19_802,6.4835453,2.419944
c_1_19_803,4.417283,-3.9262917
c_1_19_804,3.1972184,-3.6933305
c_1_19_805,3.5058966,1.1199758
c_1_19_806,0.5913662,2.7223098
c_1_19_807,2.2560806,-3.7735689
c_1_19_808,3.6437733,0.67910767
c_1_19_809,3.8242118,-1.00232
c_1_19_810,2.558824,0.11795901
c_1_19_811,4.5194035,1.6032779
c_1_19_812,2.8364246,-2.6916907
c_1_19_813,1.0717704,3.1662362
c_1_19_814,5.8885126,-3.2922175
c_1_19_815,6.3602114,-3.1946084
c_1_19_816,4.513821,-1.7349856
c_1_19_817,2.5757802,1.5675957
c_1_19_818,5.1521945,0.23919576
c_1_19_819,2.5116584,-3.5373669
c_1_19_820,0.012285999,3.1260943
c_1_19_821,0.6953465,3.111221
c_1_19_822,0.19716214,2.7363873
c_1_19_823,6.7906284,-1.7863785
c_1_19_824,3.3889074,0.60390884
c_1_19_825,3.7231052,-2.7228427
c_1_19_826,6.935893,-1.2816606
c_1_19_827,6.130118,1.0226909
c_1_19_828,3.145183,-2.3320913
c_1_19_829,6.4982724,-1.9216743
c_1_19_830,2.2866035,-2.0152457
c_1_19_831,6.313645,-2.0987914
c_1_19_832,3.0481634,-3.5800421
c_1_19_833,5.7020087,0.259799
c_1_19_834,2.3549964,1.6210592
c_1_19_835,3.7763608,-2.6492271
c_1_19_836,3.1570134,-3.629644
c_1_19_837,6.5894265,-2.7643495
c_1_19_838,3.757203,1.8501203
c_1_19_839,7.33656,0.5268932
c_1_19_840,3.364509,0.4761971
c_1_19_841,5.987373,-3.4528282
c_1_19_842,8.462739,1.181483
c_1_19_843,2.4144225,-2.795808
c_1_19_844,6.351512,-3.7394795
c_1_19_845,6.270489,-2.5112202
c_1_19_846,6.134023,1.8274089
c_1_19_847,5.7012978,-3.026886
c_1_19_848,2.6507542,-2.4826102
c_1_19_849,6.9586325,-0.8902507
c_1_19_850,6.8132052,0.0103177475
c_1_19_851,4.9235816,-2.2259047
c_1_19_852,6.584089,-4.106054
c_1_19_853,8.275428,0.4516437
c_1_19_854,1.9904747,-2.7011404
c_1_19_855,2.363431,1.8804358
c_1_19_856,3.9922657,1.4969608
c_1_19_857,6.465375,-3.0051131
c_1_19_858,5.0748024,-0.73389107
c_1_19_859,6.0426803,-0.28072575
c_1_19_860,4.7788157,-0.042825922
c_1_19_861,4.135142,2.395442
c_1_19_862,8.830793,0.560541
c_1_19_863,3.4415102,1.0416073
c_1_19_864,6.2616386,-1.6347983
c_1_19_865,7.028267,0.82361674
c_1_19_866,4.2376337,1.7196832
c_1_19_867,3.8945963,0.3332443
c_1_19_868,4.1862783,1.4246625
c_1_19_869,6.723647,-2.4233844
c_1_19_870,7.160688,-2.081728
c_1_19_871,3.6707652,-0.5427636
c_1_19_872,6.193199,-0.7110497
c_1_19_873,3.9426339,-2.3500423
c_1_19_874,6.4495773,-1.992165
c_1_19_875,5.608148,-0.8909616
c_1_19_876,7.008978,-3.0212414
c_1_19_877,7.228332,-1.9469471
c_1_19_878,7.828341,1.2945431
c_1_19_879,4.2183204,-2.288339
c_1_19_880,1.762808,1.8815198
c_1_19_881,9.177416,1.015535
c_1_19_882,3.6114326,3.049826
c_1_19_883,7.791494,0.68590194
c_1_19_884,4.4519377,1.1930496
c_1_19_885,6.151922,0.44395778
c_1_19_886,4.2380614,-1.8184676
c_1_19_887,3.896325,0.090718284
c_1_19_888,4.005376,-1.886163
c_1_19_889,3.5322375,1.02351
c_1_19_890,8.722513,0.9547967
c_1_19_891,5.72205,0.8723946
c_1_19_892,5.98625,-1.2159138
c_1_19_893,5.56861,-1.5597072
c_1_19_894,4.9860415,-3.012282
c_1_19_895,4.0975146,0.17244825
c_1_19_896,6.4426875,-0.7441849
c_1_19_897,6.3749595,-2.4991424
c_1_19_898,6.787394,-2.936676
c_1_19_899,3.5947323,-2.1672065
c_1_19_900,4.9788156,0.80041414
c_1_19_901,3.764607,-1.008338
c_1_19_902,0.9295498,2.5759556
c_1_19_903,4.740568,-0.93434256
c_1_19_904,1.8910607,4.953092
c_1_19_905,5.8032136,3.061345
c_1_19_906,7.0821247,0.9547376
c_1_19_907,6.598083,0.2177726
c_1_19_908,3.8468087,-1.6768031
c_1_19_909,6.0316577,0.004613965
c_1_19_910,6.0146036,3.7043545
c_1_19_911,5.2694173,-0.91850704
c_1_19_912,6.2896056,-1.5332705
c_1_19_913,6.674838,0.037029743
c_1_19_914,4.5417423,-1.7047906
c_1_19_915,0.41499883,3.7438169
c_1_19_916,1.3413141,2.677654
c_1_19_917,4.6832633,2.3993323
c_1_19_918,1.2486438,2.395148
c_1_19_919,5.261173,0.26974094
c_1_19_920,-0.19151165,3.088228
c_1_19_921,3.0948982,0.68422747
c_1_19_922,2.0654035,3.646606
c_1_19_923,3.766964,-3.2679954
c_1_19_924,0.6560049,3.2454379
c_1_19_925,2.5170488,1.3043782
c_1_19_926,1.7318842,2.1634076
c_1_19_927,3.074964,1.2812773
c_1_19_928,2.4824386,3.8348904
c_1_19_929,3.7844944,0.26119855
c_1_19_930,0.097520664,3.5937889
c_1_19_931,5.897815,2.9727209
c_1_19_932,1.9241588,3.3646796
c_1_19_933,3.7363853,-1.4010007
c_1_19_934,6.1177626,0.29323256
c_1_19_935,2.887268,4.080094
c_1_19_936,3.4015553,1.8764234
c_1_19_937,2.7628503,2.0735111
c_1_19_938,5.7289,-2.9938457
c_1_19_939,5.470451,-2.9617436
c_1_19_940,2.7933702,3.9818623
c_1_19_941,5.910443,1.0406246
c_1_19_943,3.5670102,1.3893486
c_1_19_944,4.92066,-1.4104569
c_1_19_945,6.496414,1.9537338
c_1_19_946,3.1521866,-0.23423637
c_1_19_947,7.8500032,1.625428
c_1_19_948,3.2650692,-1.2139721
c_1_19_949,3.9976768,1.8474133
c_1_19_950,1.5387317,1.6985463
c_1_19_951,3.7094197,1.0253378
c_1_19_952,3.4329085,1.2719201
c_1_19_953,3.467008,2.5670123
c_1_19_954,6.528848,-0.50581557
c_1_19_955,2.982325,1.0373353
c_1_19_956,2.568514,4.459067
c_1_19_957,4.1807065,3.047807
c_1_19_958,3.38344,1.9271255
c_1_19_959,4.5134797,1.9123597
c_1_19_960,3.5492225,3.949976
c_1_19_961,1.5292251,3.5683742
c_1_19_962,3.7058954,-3.3411937
c_1_19_963,6.43226,0.48199305
c_1_19_964,4.5133724,-2.4692214
c_1_19_965,5.2355986,-0.653669
c_1_19_966,0.78994536,3.0992723
c_1_19_967,0.961838,4.2019153
c_1_19_968,2.5677226,3.4588175
c_1_19_969,8.755696,0.95544285
c_1_19_970,2.336424,1.538902
c_1_19_971,3.0000834,0.21991453
c_1_19_972,3.4778671,2.5369804
c_1_19_973,3.033676,2.6507928
c_1_19_974,2.5031538,3.6885252
c_1_19_975,1.1441644,2.5268717
c_1_19_976,5.405081,0.22612645
c_1_19_977,5.468659,0.10486733
c_1_19_978,2.647119,4.517263
c_1_19_979,6.5195913,-0.57907075
c_1_19_980,3.6818802,1.2694598
c_1_19_981,5.6194177,2.3969889
c_1_19_982,1.6419533,5.183249
c_1_19_983,0.329168,0.43203828
c_1_19_986,1.9335524,2.305404
c_1_19_987,1.6838957,2.7660513
c_1_19_988,4.44746,3.1388297
c_1_19_990,2.263629,1.4361781
c_1_19_991,7.221879,-1.9182134
c_1_19_994,1.3264862,-0.10979749
c_1_19_996,4.310636,-1.3083022
c_1_19_1000,1.129692,0.1221745
c_1_19_1001,2.6460629,0.79960847
c_1_19_1002,2.9537625,0.5450844
c_1_19_1003,6.7784567,-0.2843893
c_1_19_1004,4.322661,1.1680634
c_1_19_1005,5.3234196,3.3711672
c_1_19_1006,6.21418,0.76002467
c_1_19_1008,7.333851,2.8739607
c_1_19_1009,0.5638901,3.555504
c_1_19_1010,0.32791138,3.0916436
c_1_19_1011,0.06912647,3.5421612
c_1_19_1012,0.24761152,3.948981
c_1_19_1013,5.8845963,3.6865005
c_1_19_1014,6.1125245,1.1393828
c_1_19_1015,1.0099971,3.4534237
c_1_19_1016,0.50935876,2.9779236
c_1_19_1017,0.9782142,3.2779443
c_1_19_1019,7.254028,2.2368605
c_1_19_1020,6.276385,1.7458957
c_1_19_1021,6.090114,3.466216
c_1_19_1023,7.0069647,1.8008351
c_1_19_1024,5.1749215,2.701919
c_1_19_1025,1.1139145,3.3873432
c_1_19_1026,8.279176,3.8476825
c_1_19_1027,3.5761328,-0.74202603
c_1_19_1028,4.6527987,-0.32957804
c_1_19_1029,-0.23894154,3.0756404
c_1_19_1030,5.500493,0.6507105
c_1_19_1031,4.6741424,-0.1770177
c_1_19_1032,3.483679,-0.7328324
c_1_19_1033,1.5188603,2.2748408
c_1_19_1035,4.5613523,1.1172205
c_1_19_1036,5.8747325,2.375989
c_1_19_1037,3.5652788,0.16722552
c_1_19_1038,4.186332,0.8947136
c_1_19_1039,7.257701,3.8770113
c_1_19_1043,3.7995944,3.655523
c_1_19_1044,3.650168,3.8910336
c_1_19_1045,5.3865147,2.3855865
c_1_19_1047,6.7676477,1.3631414
c_1_19_1048,3.2611163,1.9436027
c_1_19_1049,2.6820245,5.6387587
c_1_19_1050,4.5082593,2.714659
c_1_19_1051,4.745173,0.1055918
c_1_19_1053,-0.12222106,3.4340634
c_1_19_1054,0.41290456,1.9880834
c_1_19_1055,7.901449,4.847923
c_1_19_1057,2.1364768,-3.0939991
c_1_19_1058,6.0425034,1.3995125
c_1_19_1059,0.753623,0.22266732
c_1_19_1062,7.122678,5.3017497
c_1_19_1064,3.6154294,-2.9800494
c_1_19_1065,2.7394502,-2.735914
c_1_19_1066,6.472411,4.1119623
c_1_19_1067,7.9643316,4.1772804
c_1_19_1068,6.0462456,2.6418993
c_1_19_1069,5.656744,-2.4950106
c_1_19_1070,8.441457,4.7964864
c_1_19_1071,4.5932307,-3.2765093
c_1_19_1072,3.3610725,-0.7590629
c_1_19_1073,1.5353197,1.4201894
c_1_19_1074,7.7409825,4.1242995
c_1_19_1075,6.6577744,2.6262205
c_1_19_1076,0.053324554,3.378384
c_1_19_1077,0.8194839,4.2151055
c_1_19_1078,6.993916,1.9073908
c_1_19_1080,0.93370795,2.748973
c_1_19_1081,5.095074,-1.1651309
c_1_19_1083,8.347867,5.64742
c_1_19_1084,8.430327,4.68736
c_1_19_1085,8.683189,2.5753648
c_1_19_1086,0.95852196,3.5190547
c_1_19_1087,6.653208,-2.6870358
c_1_19_1088,6.1565595,-3.0101433
c_1_19_1089,4.8785768,-1.0280195
c_1_19_1090,2.4474845,-3.409289
c_1_19_1092,5.557083,-3.6965992
c_1_19_1093,6.485252,1.5301095
c_1_19_1094,8.476319,4.6666875
c_1_19_1095,-0.113099106,2.79594
c_1_19_1096,4.953336,-1.8805372
c_1_19_1097,3.3307676,1.6421465
c_1_19_1098,2.7934725,-2.3019223
c_1_19_1100,8.962409,5.8464475
c_1_19_1101,1.826991,0.14102985
c_1_19_1102,1.5319179,2.141094
c_1_19_1103,4.906862,-1.844121
c_1_19_1104,8.004023,4.530312
c_1_19_1105,5.390175,0.23741081
c_1_19_1107,4.945438,-3.7702634
c_1_19_1108,1.0702398,2.3128054
c_1_19_1109,5.7626805,-2.2118392
c_1_19_1111,3.7153254,-3.5319142
c_1_19_1112,-0.17439221,3.278351
c_1_19_1114,5.740759,-0.99648076
c_1_19_1115,6.1537776,-2.2839496
c_1_19_1116,4.4943395,1.0557462
c_1_19_1117,7.935384,4.955766
c_1_19_1118,2.3980758,-3.3016462
c_1_19_1119,5.5578213,0.82826346
c_1_19_1120,0.04386384,2.6443393
c_1_19_1121,6.860616,2.5240467
c_1_19_1122,2.6431122,0.57223004
c_1_19_1123,-0.21585605,3.6325846
c_1_19_1124,3.6528802,-1.5325087
c_1_19_1125,4.2458353,-1.2028149
c_1_19_1126,8.305271,4.7129836
c_1_19_1127,3.2270148,-3.9755545
c_1_19_1128,6.985246,4.129833
c_1_19_1129,6.2809625,-1.0991518
c_1_19_1130,6.6878924,-2.3368385
c_1_19_1131,3.1179724,-1.9975735
c_1_19_1132,3.7121964,-1.8586701
c_1_19_1133,5.5973315,1.3380952
c_1_19_1135,5.9712896,-0.35168648
c_1_19_1136,4.123575,-0.39198053
c_1_19_1137,7.064546,-2.4660046
c_1_19_1138,3.443125,0.49830633
c_1_19_1139,5.8086033,3.6306975
c_1_19_1140,7.200875,-3.7160363
c_1_19_1141,6.2660403,2.2209542
c_1_19_1142,6.675974,-0.6502944
c_1_19_1143,4.8375382,-2.1376038
c_1_19_1144,6.420248,-2.442428
c_1_19_1146,3.3642979,-3.2509575
c_1_19_1147,9.162805,4.8952527
c_1_19_1148,0.046583816,2.8899019
c_1_19_1149,1.4954726,2.7925406
c_1_19_1150,5.1352973,1.4662498
c_1_19_1151,4.0047793,-0.76559424
c_1_19_1152,8.022207,3.9203317
c_1_19_1153,3.7958403,-2.751593
c_1_19_1154,7.1655498,2.6885905
c_1_19_1155,7.8600993,5.2528954
c_1_19_1156,8.417221,2.7976272
c_1_19_1157,2.410222,-3.3802197
c_1_19_1158,7.9471245,4.315618
c_1_19_1162,0.65377235,2.171069
c_1_19_1163,4.597235,0.6383318
c_1_19_1165,3.3423946,-0.40289712
c_1_19_1166,6.417467,-0.78222173
c_1_19_1167,6.9634876,-0.74145913
c_1_19_1168,6.7819605,-2.920657
c_1_19_1169,7.3923244,3.844879
c_1_19_1170,3.64733,-2.9662683
c_1_19_1171,8.967959,5.441099
c_1_19_1172,4.85366,-0.23469909
c_1_19_1174,5.789922,-0.72342265
c_1_19_1175,5.7673197,-0.15976304
c_1_19_1176,5.2046943,-0.9508047
c_1_19_1177,5.861078,-1.4165438
c_1_19_1178,4.7993903,-1.9295379
c_1_19_1179,6.075911,2.1097782
c_1_19_1182,6.807444,2.4312553
c_1_19_1183,6.184342,-3.0979207
c_1_19_1184,3.571297,-0.051118474
c_1_19_1185,6.079609,0.7958157
c_1_19_1186,3.030717,4.4528975
c_1_19_1187,6.9735656,4.032516
c_1_19_1189,6.3461013,-0.40893427
c_1_19_1190,6.4534345,3.1258967
c_1_19_1191,7.599246,4.1755414
c_1_19_1192,3.215797,-3.6148472
c_1_19_1193,7.4798303,5.458813
c_1_19_1194,6.385975,-2.0511959
c_1_19_1195,2.7334106,-3.0491834
c_1_19_1197,4.2175446,-1.3904738
c_1_19_1199,5.9992437,-1.0148304
c_1_19_1200,5.069503,-0.537304
c_1_19_1202,7.2491283,5.2216673
c_1_19_1204,7.9956813,4.064991
c_1_19_1205,3.3279452,-2.9540823
c_1_19_1206,6.515121,1.5963287
c_1_19_1207,3.5604916,-2.8360896
c_1_19_1209,4.8115664,-0.9879546
c_1_19_1210,8.671928,5.1412435
c_1_19_1211,2.2398682,-0.46988666
c_1_19_1212,2.5459821,-1.4012388
c_1_19_1214,4.8608,-2.851953
c_1_19_1215,2.625719,2.6676471
c_1_19_1216,5.238705,2.659862
c_1_19_1217,5.836948,0.15283665
c_1_19_1218,2.5763354,-3.3601964
c_1_19_1219,1.5012634,2.1757755
c_1_19_1220,3.2719443,-0.09168957
c_1_19_1221,2.9322608,0.18196477
c_1_19_1222,8.276057,6.4363894
c_1_19_1223,0.8130855,0.30311978
c_1_19_1224,2.7493575,-0.20206833
c_1_19_1225,6.613448,0.34375677
c_1_19_1227,3.8802595,-1.774853
c_1_19_1228,3.9675183,-2.0518198
c_1_19_1229,5.603355,-0.3703357
c_1_19_1232,6.2256103,2.120241
c_1_19_1233,7.7786493,3.4557407
c_1_19_1234,7.9573994,3.0231214
c_1_19_1235,3.7861662,3.812612
c_1_19_1236,0.797944,3.7173703
c_1_19_1237,6.7240796,1.884439
c_1_19_1238,4.128903,-0.45726165
c_1_19_1239,3.5940459,-2.4884903
c_1_19_1241,2.506625,0.2886595
c_1_19_1242,5.594965,0.034145337
c_1_19_1243,8.45991,5.952871
c_1_19_1244,5.6222444,2.1156058
c_1_19_1245,2.1958563,0.6822078
c_1_19_1246,7.1722274,0.55535215
c_1_19_1247,3.480239,4.617884
c_1_19_1248,2.4194741,5.7265515
c_1_19_1249,4.1313977,-1.983364
c_1_19_1250,5.9487925,0.5837653
c_1_19_1252,4.450591,-1.8196912
c_1_19_1254,2.1450193,2.8188653
c_1_19_1255,2.5153131,-2.8915524
c_1_19_1256,2.2818816,-4.0119476
c_1_19_1258,1.515953,1.2337383
c_1_19_1259,3.9739482,-2.473925
c_1_19_1260,8.108961,4.5732884
c_1_19_1261,0.08047569,0.45137748
c_1_19_1262,2.9743788,-0.3349662
c_1_19_1263,5.554341,-1.5902839
c_1_19_1265,1.393774,-0.5490815
c_1_19_1267,6.607603,-0.31143567
c_1_19_1268,5.2107396,0.85732585
c_1_19_1269,2.5356026,1.0270631
c_1_19_1270,4.633317,-0.46950588
c_1_19_1271,3.38075,-2.1219518
c_1_19_1273,1.6709003,-0.1250347
c_1_19_1274,5.3582344,3.7708287
c_1_19_1275,2.5659616,5.2560787
c_1_19_1276,8.10701,2.449743
c_1_19_1277,3.5518198,-1.328925
c_1_19_1278,4.2040005,0.05773911
c_1_19_1279,1.7506444,2.058362
c_1_19_1281,5.329128,-0.6213469
c_1_19_1282,5.98113,-0.4914731
c_1_19_1283,5.389218,0.28628477
c_1_19_1284,5.430977,-0.06914534
c_1_19_1285,7.993376,2.7631435
c_1_19_1287,-0.26258335,3.4083369
c_1_19_1288,6.033978,-0.73465604
c_1_19_1289,0.30644816,3.568183
c_1_19_1291,6.7230215,1.8826765
c_1_19_1292,1.463034,2.4129968
c_1_19_1294,0.51415455,3.3394308
c_1_19_1295,5.509801,0.2945946
c_1_19_1296,1.6618838,-0.6066783
c_1_19_1297,6.2877746,-2.746472
c_1_19_1298,8.204995,5.4066095
c_1_19_1299,3.3900428,-2.3937776
c_1_19_1300,5.008167,1.6304219
c_1_19_1303,4.6430573,-1.0418532
c_1_19_1304,0.8844325,3.4904218
c_1_19_1305,0.66701597,2.8255787
c_1_19_1306,1.6113151,3.1936734
c_1_19_1308,7.060307,-4.240087
c_1_19_1309,6.442849,3.0676866
c_1_19_1310,5.4854326,-3.1139758
c_1_19_1311,1.5769227,0.477212
c_1_19_1312,2.2956486,3.1835527
c_1_19_1314,5.850288,-2.9279487
c_1_19_1315,5.777691,0.61621386
c_1_19_1316,0.9490382,2.5825593
c_1_19_1317,1.1018078,0.8045884
c_1_19_1319,1.34606,4.2460585
c_1_19_1320,6.0409274,-2.042707
c_1_19_1321,0.11394494,2.9648852
c_1_19_1322,5.8008165,-3.7120926
c_1_19_1323,5.159328,-1.6114084
c_1_19_1324,4.2256885,-1.3295963
c_1_19_1325,3.3463628,-2.2055817
c_1_19_1326,6.243742,-3.927507
c_1_19_1327,5.497322,-1.525898
c_1_19_1328,5.1955357,3.925788
c_1_19_1329,4.979902,4.0509567
c_1_19_1330,4.348001,-1.8061323
c_1_19_1331,5.844761,2.214291
c_1_19_1332,5.4606867,1.3157884
c_1_19_1333,6.4955196,0.59528464
c_1_19_1334,1.9053692,-3.4494317
c_1_19_1336,5.6614027,2.8065186
c_1_19_1337,5.1995106,3.0863512
c_1_19_1338,1.8111125,2.154798
c_1_19_1339,5.6273127,0.3232524
c_1_19_1340,-0.07548407,3.445916
c_1_19_1341,2.8015873,-2.9776363
c_1_19_1343,4.1487293,0.4567365
c_1_19_1344,6.18999,-3.0673268
c_1_19_1345,5.0154295,3.4602191
c_1_19_1346,1.3301878,-2.5295222
c_1_19_1347,4.435337,-2.5972965
c_1_19_1348,2.937305,-1.4131973
c_1_19_1350,3.5862584,1.9830611
c_1_19_1352,4.9166784,-2.9855723
c_1_19_1353,2.995224,-1.7219028
c_1_19_1354,6.3236856,-2.6335256
c_1_19_1355,5.158452,-1.822443
c_1_19_1356,4.220165,-3.2993228
c_1_19_1357,4.585033,-0.27516603
c_1_19_1359,2.406734,0.047398094
c_1_19_1361,0.40689507,2.7138476
c_1_19_1362,9.4526,2.7996101
c_1_19_1363,7.052987,-2.0784748
c_1_19_1364,7.5316415,2.5723262
c_1_19_1365,3.3552096,-0.5493765
c_1_19_1366,7.792997,4.837621
c_1_19_1367,3.6166623,1.6524464
c_1_19_1368,3.384498,-0.033149615
c_1_19_1369,4.653978,-0.5930187
c_1_19_1370,7.007406,-2.170163
c_1_19_1371,2.7279363,2.8061228
c_1_19_1372,-0.25356856,3.464416
c_1_19_1373,6.099432,3.6965535
c_1_19_1374,1.7506198,3.1270776
c_1_19_1375,3.0818946,-1.0466245
c_1_19_1376,6.939122,-3.083004
c_1_19_1377,6.8562384,-4.6181226
c_1_19_1379,6.05655,3.2256036
c_1_19_1380,3.223467,2.076394
c_1_19_1381,3.733776,-2.6673021
c_1_19_1382,0.7580642,3.2416136
c_1_19_1383,7.9600697,3.1943312
c_1_19_1384,0.10991501,2.4647639
c_1_19_1387,4.237772,-3.3373055
c_1_19_1388,6.3877506,-1.3491108
c_1_19_1389,0.6998718,3.551435
c_1_19_1390,4.8146386,3.3352685
c_1_19_1391,1.4703777,4.790837
c_1_19_1393,7.739618,5.295741
c_1_19_1395,3.658253,-1.8181086
c_1_19_1396,3.3424737,3.9247584
c_1_19_1397,6.2982416,2.1428761
c_1_19_1398,1.1807374,3.3876078
c_1_19_1400,4.8753223,2.4826283
c_1_19_1402,4.471016,-0.2893141
c_1_19_1403,-0.21256481,3.2830641
c_1_19_1404,6.805931,2.868725
c_1_19_1405,4.042155,-0.33040428
c_1_19_1406,2.8644516,-0.9455622
c_1_19_1408,6.091199,-3.7761097
c_1_19_1409,0.28991055,3.1855004
c_1_19_1410,7.179943,2.5718021
c_1_19_1412,3.5054193,-1.4268979
c_1_19_1413,7.5446367,2.7596064
c_1_19_1414,1.5512357,2.8447328
c_1_19_1416,3.3734655,0.9128919
c_1_19_1417,6.909401,2.9727502
c_1_19_1418,0.045714352,3.5564842
c_1_19_1419,4.8296866,0.79226124
c_1_19_1420,4.558627,-1.9119391
c_1_19_1421,4.6610456,-2.3001692
c_1_19_1422,6.3737016,-0.32914174
c_1_19_1423,4.3308897,-1.6967267
c_1_19_1424,3.6368523,-2.8193278
c_1_19_1425,2.5251925,-3.365911
c_1_19_1426,3.4317644,-1.578069
c_1_19_1427,4.4230714,-2.753032
c_1_19_1428,3.5764856,-2.0765042
c_1_19_1429,2.543999,0.66726905
c_1_19_1430,4.716983,-1.9645524
c_1_19_1431,6.679882,2.821127
c_1_19_1432,3.7173855,-3.4203131
c_1_19_1433,2.9854558,5.2446914
c_1_19_1434,4.390595,-0.9375544
c_1_19_1435,5.381723,1.6995198
c_1_19_1436,8.29759,3.4810796
c_1_19_1437,9.336742,2.8027327
c_1_19_1438,3.1761408,-2.9917848
c_1_19_1439,2.2476664,-3.1571527
c_1_19_1440,2.9770951,-1.6745483
c_1_19_1441,7.3452315,2.6886928
c_1_19_1442,7.07811,2.5544279
c_1_19_1443,6.1445546,2.6310425
c_1_19_1445,7.6415997,-0.2158702
c_1_19_1446,4.3630214,-0.7216794
c_1_19_1447,5.317546,3.1053238
c_1_19_1448,5.4095144,-2.6139014
c_1_19_1449,2.561774,-3.8619418
c_1_19_1451,6.5625095,2.1561966
c_1_19_1452,6.6911736,-1.5896462
c_1_19_1453,7.163782,3.6377027
c_1_19_1454,7.1909637,1.989689
c_1_19_1455,3.824837,-0.87503874
c_1_19_1456,6.1952004,3.7747922
c_1_19_1457,5.442944,4.2718406
c_1_19_1458,4.8872085,-3.257305
c_1_19_1459,3.2113588,-2.5593865
c_1_19_1461,5.7276435,3.8664103
c_1_19_1462,3.1107578,-2.26276
c_1_19_1463,5.368481,-2.6814525
c_1_19_1464,5.4007783,-3.1796439
c_1_19_1465,3.8873105,-1.3888811
c_1_19_1466,2.7256305,0.3176916
c_1_19_1467,6.1781807,1.5722651
c_1_19_1468,-0.09533421,2.915671
c_1_19_1469,5.702055,-1.474827
c_1_19_1471,4.0445986,-0.6817478
c_1_19_1472,-0.1525225,0.28983286
c_1_19_1473,0.41942275,1.0373274
c_1_19_1474,6.9158835,-3.9213424
c_1_19_1477,0.120117806,3.7079098
c_1_19_1478,6.999797,-0.73007077
c_1_19_1479,6.122487,3.1307337
c_1_19_1480,3.2097287,5.3391733
c_1_19_1481,6.8763733,1.3009787
c_1_19_1482,3.64467,-2.8695807
c_1_19_1483,5.220916,-1.7703049
c_1_19_1484,6.5087523,-0.7194537
c_1_19_1485,0.50353885,2.5752752
c_1_19_1486,6.228578,-1.2791508
c_1_19_1487,3.821876,-2.6797795
c_1_19_1488,4.945919,-1.5970203
c_1_19_1489,4.2804976,-3.1609948
c_1_19_1490,6.7161694,-2.7530398
c_1_19_1492,8.906615,2.6292424
c_1_19_1493,6.320539,-0.246214
c_1_19_1494,5.6951437,-2.5163155
c_1_19_1495,3.6770315,-3.3978343
c_1_19_1496,5.7628455,1.0400717
c_1_19_1497,7.2783785,2.1722798
c_1_19_1498,5.869955,1.6011467
c_1_19_1499,8.179292,1.8630322
c_1_19_1500,4.9604096,-3.380544
c_1_19_1501,6.459242,2.0830414
c_1_19_1502,3.7519996,4.687937
c_1_19_1503,5.1813445,-3.1690674
c_1_19_1504,4.476507,-1.1045192
c_1_19_1505,5.916519,1.6947069
c_1_19_1506,1.8412256,-1.3699255
c_1_19_1508,0.108109966,3.4765918
c_1_19_1509,4.5460553,3.0348372
c_1_19_1510,5.4427214,-2.7744167
c_1_19_1512,3.2807438,-0.27352408
c_1_19_1513,5.9265776,-3.6735337
c_1_19_1514,6.6588206,-3.4363153
c_1_19_1515,7.747037,1.3165792
c_1_19_1516,4.8870263,-2.5617037
c_1_19_1517,3.926291,-1.9370093
c_1_19_1518,5.8239856,3.7506874
c_1_19_1519,7.043894,3.2414508
c_1_19_1520,5.2615414,3.11926
c_1_19_1521,6.482708,-3.7088752
c_1_19_1522,1.5124247,2.302172
c_1_19_1523,8.313204,2.1254208
c_1_19_1524,0.66982627,2.7559736
c_1_19_1525,4.6854277,-1.3004572
c_1_19_1526,5.7574115,-0.2814003
c_1_19_1527,5.5534554,3.7751482
c_1_19_1528,8.969219,2.8034117
c_1_19_1529,6.8325686,1.9454188
c_1_19_1530,6.462886,1.0745968
c_1_19_1531,6.1115274,1.0649436
c_1_19_1532,8.569344,1.9501237
c_1_19_1534,1.4397701,2.2009137
c_1_19_1536,3.2492337,4.417099
c_1_19_1539,9.40863,2.9919355
c_1_19_1540,1.124806,3.1094875
c_1_19_1541,0.2356548,2.8631146
c_1_19_1542,1.9729481,3.525932
c_1_19_1546,1.4097178,3.1338804
c_1_19_1547,5.477021,1.4557738
c_1_19_1548,7.7361183,3.3931706
c_1_19_1549,2.7555737,2.7530756
c_1_19_1550,0.012304473,3.213742
c_1_19_1551,7.776602,2.3569365
c_1_19_1552,6.1193085,0.88541645
c_1_19_1553,5.522352,-0.7920709
c_1_19_1554,0.42766133,0.23295052
c_1_19_1556,6.727119,3.4518397
c_1_19_1557,5.920751,2.92567
c_1_19_1558,0.47740924,2.6128051
c_1_19_1560,6.755564,3.5010557
c_1_19_1561,4.995574,0.7364282
c_1_19_1562,6.7188168,3.089372
c_1_19_1563,0.32135034,2.9630148
c_1_19_1564,1.337184,2.4235246
c_1_19_1565,8.046561,4.642465
c_1_19_1566,6.0287085,2.0726082
c_1_19_1568,8.246674,0.6590859
c_1_19_1569,2.0500095,-3.4810154
c_1_19_1571,0.437348,3.4262667
c_1_19_1572,7.248062,2.6005363
c_1_19_1573,1.0927734,3.1810918
c_1_19_1574,3.0637655,4.5843887
c_1_19_1575,2.8588042,5.3744655
c_1_19_1576,4.1691456,-2.3522875
c_1_19_1577,0.16314282,2.9006107
c_1_19_1578,4.6120043,-3.1935256
c_1_19_1579,5.066139,3.9443364
c_1_19_1581,5.5262027,0.010622646
c_1_19_1582,0.14270513,3.0027342
c_1_19_1583,3.8539774,4.0292478
c_1_19_1584,4.833391,0.27972925
c_1_19_1585,5.1356354,3.9763474
c_1_19_1588,0.82461685,0.42158845
c_1_19_1589,3.2726543,-1.1927679
c_1_19_1590,1.8445053,0.71433336
c_1_19_1591,-0.044630095,2.8902462
c_1_19_1593,4.325567,-1.0325664
c_1_19_1594,8.577646,3.5456965
c_1_19_1595,4.431581,3.3057377
c_1_19_1596,0.35180318,2.9139717
c_1_19_1597,-0.09530176,2.8352158
c_1_19_1598,2.933688,-0.8994871
c_1_19_1601,3.3342977,0.12689245
c_1_19_1604,1.2954003,0.16308145
c_1_19_1606,0.4915167,2.525551
c_1_19_1607,3.1764512,5.170596
c_1_19_1608,4.2427325,4.101802
c_1_19_1610,2.7841897,3.714865
c_1_19_1611,-0.09498907,2.8681822
c_1_19_1612,0.7976692,2.3641715
c_1_19_1613,2.9258742,-0.2438531
c_1_19_1614,5.7783475,-0.33668026
c_1_19_1615,1.7490575,2.7973921
c_1_19_1616,7.6386514,1.001524
c_1_19_1617,2.5040889,5.9464064
c_1_19_1619,2.7658274,0.17704521
c_1_19_1620,1.102597,0.09936691
c_1_19_1621,5.8700094,0.070515886
c_1_19_1622,6.010902,1.729038
c_1_19_1623,3.7244413,-3.7825263
c_1_19_1624,3.1372614,2.8513753
c_1_19_1625,3.6875134,-0.6604351
c_1_19_1626,3.1555088,-3.2644913
c_1_19_1628,3.566287,-1.1020377
c_1_19_1629,3.3419201,1.0420846
c_1_19_1630,1.971552,3.215976
c_1_19_1631,1.6382753,1.6031507
c_1_19_1632,3.3276875,3.2867515
c_1_19_1633,2.7858682,5.3102136
c_1_19_1634,3.05648,-1.0100398
c_1_19_1635,0.20423926,2.5455308
c_1_19_1636,5.0173674,-0.02961629
c_1_19_1637,8.482138,0.649581
c_1_19_1638,1.3736497,0.21131864
c_1_19_1639,6.053575,-0.18809563
c_1_19_1640,1.7778605,1.1803579
c_1_19_1641,1.5771776,2.0394013
c_1_19_1643,5.263528,1.5013618
c_1_19_1644,3.047502,-2.2356093
c_1_19_1645,-0.21873571,3.4284365
c_1_19_1646,-0.27389124,3.2219698
c_1_19_1647,2.6246014,-4.108753
c_1_19_1648,1.0718242,2.9044166
c_1_19_1649,8.10035,4.573287
c_1_19_1650,7.0460224,-3.9190443
c_1_19_1651,-0.24046284,3.0210323
c_1_19_1652,6.8652773,0.6518834
c_1_19_1653,0.7987372,3.0912979
c_1_19_1654,1.9947237,-3.1850517
c_1_19_1655,2.7595422,-1.990802
c_1_19_1656,3.9932096,-0.4300362
c_1_19_1657,0.85474426,2.9257405
c_1_19_1659,0.19939141,2.541244
c_1_19_1660,0.77263457,2.579908
c_1_19_1662,2.7734585,-4.323358
c_1_19_1664,-0.01384172,3.2238252
c_1_19_1665,3.129409,-3.0963724
c_1_19_1666,1.7784481,0.34458852
c_1_19_1667,1.276101,2.5424814
c_1_19_1668,6.312123,1.6736914
c_1_19_1669,2.8761053,0.8274088
c_1_19_1671,1.4496894,-1.9120148
c_1_19_1672,4.514613,1.4685626
c_1_19_1673,5.237475,-1.0537952
c_1_19_1674,0.04782492,3.2298927
c_1_19_1675,4.44156,3.2359304
c_1_19_1676,3.3608446,0.4196582
c_1_19_1677,5.253043,-0.69606185
c_1_19_1678,2.7311366,-2.526468
c_1_19_1679,3.0934525,-1.7691664
c_1_19_1680,6.3091846,3.2549536
c_1_19_1682,5.877916,0.3879575
c_1_19_1683,6.3490167,-3.6061041
c_1_19_1684,4.0386577,-0.8694029
c_1_19_1686,5.5422344,0.69249386
c_1_19_1687,3.8600569,-1.6520193
c_1_19_1688,3.5200973,-2.665965
c_1_19_1689,7.9796495,5.9436216
c_1_19_1690,8.361208,3.0926516
c_1_19_1691,8.725208,2.5451021
c_1_19_1692,4.5602474,-0.95841956
c_1_19_1693,3.753583,-2.4683826
c_1_19_1694,2.9041405,0.4246531
c_1_19_1695,5.7983003,-2.3058684
c_1_19_1696,7.523619,-0.62648106
c_1_19_1697,7.050147,-2.2651632
c_1_19_1699,2.6519434,5.491264
c_1_19_1700,3.5133526,-0.35890865
c_1_19_1701,6.6692543,-2.1528955
c_1_19_1703,2.2135751,-3.5000894
c_1_19_1704,4.8835683,0.2776944
c_1_19_1705,7.157165,-2.8476717
c_1_19_1706,2.6104264,-1.9189838
c_1_19_1707,4.837708,-2.1959538
c_1_19_1708,4.6268744,-2.3519537
c_1_19_1709,2.1687899,0.086595915
c_1_19_1710,2.5191588,-3.0566232
c_1_19_1711,5.9916945,1.1221086
c_1_19_1712,2.727458,-2.0082774
c_1_19_1713,6.03671,-3.0711124
c_1_19_1715,4.2520356,-0.8046407
c_1_19_1716,2.0476487,-3.706627
c_1_19_1717,7.1439333,-4.1081038
c_1_19_1719,3.3807294,-3.4602754
c_1_19_1720,4.7920833,-1.2969773
c_1_19_1722,4.815139,-2.1445863
c_1_19_1723,2.328811,-3.5466373
c_1_19_1724,6.4637427,-2.7712533
c_1_19_1725,6.1530113,1.1528087
c_1_19_1726,2.1390839,-2.0993445
c_1_19_1727,2.988914,-1.65363
c_1_19_1729,2.8454237,-3.4268088
c_1_19_1730,6.068713,-0.48084947
c_1_19_1731,4.7636814,1.3721148
c_1_19_1732,2.661827,-2.7177444
c_1_19_1734,6.8430266,1.425703
c_1_19_1735,4.6977153,-1.4200556
c_1_19_1737,1.9759271,0.58504254
c_1_19_1738,4.344026,-1.9005698
c_1_19_1739,5.683521,-1.2651836
c_1_19_1741,4.9951615,-0.35473844
c_1_19_1742,5.456935,-1.751795
c_1_19_1743,7.6385584,2.7066207
c_1_19_1746,2.5119488,-3.079994
c_1_19_1747,2.3177998,-3.8706582
c_1_19_1748,4.9328437,-1.1907392
c_1_19_1749,2.4977384,-1.0794784
c_1_19_1750,6.254456,-2.201976
c_1_19_1751,3.8784385,2.6098464
c_1_19_1752,3.6286016,2.311996
c_1_19_1754,6.3085213,-3.3726768
c_1_19_1755,5.320037,0.42326146
c_1_19_1756,1.708227,-0.13823697
c_1_19_1758,7.766305,2.3593569
c_1_19_1759,2.5836005,-4.159834
c_1_19_1760,5.913287,-0.12878644
c_1_19_1761,5.5138607,-0.26204276
c_1_19_1762,7.48266,3.1162562
c_1_19_1763,2.1071274,1.131658
c_1_19_1766,3.6668696,-0.42888898
c_1_19_1767,7.308488,3.7649255
c_1_19_1768,1.2768778,-0.53899014
c_1_19_1769,5.3529515,1.2652968
c_1_19_1770,6.9017477,1.1019156
c_1_19_1771,3.9612656,-1.1626456
c_1_19_1772,1.8015033,-2.8300538
c_1_19_1773,4.3842554,-1.977896
c_1_19_1775,7.52992,1.1972839
c_1_19_1776,5.929253,-3.0165756
c_1_19_1777,5.682784,4.3975735
c_1_19_1778,8.225267,2.373131
c_1_19_1779,3.3015246,-2.498987
c_1_19_1780,2.8106296,-3.095515
c_1_19_1781,1.5915335,-2.7679482
c_1_19_1782,4.4708924,1.9886982
c_1_19_1783,6.052654,2.7272336
c_1_19_1784,5.5863876,-3.5934746
c_1_19_1785,5.514824,0.92529714
c_1_19_1786,6.3377495,0.31804493
c_1_19_1787,1.7360333,4.151657
c_1_19_1788,6.443176,0.33872706
c_1_19_1789,6.7654133,1.6161909
c_1_19_1790,4.815,-0.28834668
c_1_19_1791,1.7109933,1.810409
c_1_19_1792,1.07767,2.3609009
c_1_19_1794,4.961829,-0.75164527
c_1_19_1795,4.3678436,-1.8845696
c_1_19_1796,4.9959235,0.19592682
c_1_19_1797,2.9423583,-3.415732
c_1_19_1798,2.513798,-4.2915006
c_1_19_1799,6.612254,1.5380493
c_1_19_1800,6.0124693,-3.108655
c_1_19_1801,2.897001,5.1073737
c_1_19_1802,2.2449763,3.864663
c_1_19_1803,3.1032114,1.6820415
c_1_19_1804,3.8917465,-3.62745
c_1_19_1806,5.5651727,-3.4679613
c_1_19_1807,6.4683332,-0.60063994
c_1_19_1808,6.8758354,-0.79882145
c_1_19_1809,2.1240838,1.4165593
c_1_19_1810,6.348061,1.2631344
c_1_19_1811,6.2702303,-3.6146915
c_1_19_1812,8.216091,5.9769235
c_1_19_1813,6.6325336,2.59407
c_1_19_1814,0.86070204,2.6910164
c_1_19_1815,3.9959183,-1.843001
c_1_19_1816,5.851343,-2.3953075
c_1_19_1817,6.344076,-0.16213277
c_1_19_1819,3.3690648,0.42743686
c_1_19_1820,2.3889527,5.775666
c_1_19_1821,1.464014,-2.7977903
c_1_19_1823,3.3039694,-2.2693338
c_1_19_1824,6.3651023,1.3339381
c_1_19_1825,4.5936747,0.4905753
c_1_19_1826,6.6407084,-3.4880736
c_1_19_1827,3.453418,-3.2741072
c_1_19_1828,4.7197437,-1.5262427
c_1_19_1829,5.8150363,-1.1439146
c_1_19_1830,3.3359504,1.7769445
c_1_19_1831,8.1259165,1.1038444
c_1_19_1832,2.653274,5.5296235
c_1_19_1833,4.6745896,-3.6270342
c_1_19_1834,5.477581,-1.6451428
c_1_19_1835,3.6500254,2.8416054
c_1_19_1836,3.9295022,-1.0300856
c_1_19_1837,5.5807333,2.8316514
c_1_19_1838,5.2903457,2.2229326
c_1_19_1839,6.990148,1.1567738
c_1_19_1840,6.689219,0.49802184
c_1_19_1841,2.8810182,3.699212
c_1_19_1843,3.5404682,3.737209
c_1_19_1844,6.343897,-1.2069947
c_1_19_1845,6.9015684,0.8839657
c_1_19_1846,7.0201607,0.66088384
c_1_19_1847,2.3808818,3.1496542
c_1_19_1848,1.4132477,-0.27197814
c_1_19_1849,4.202241,-1.9478667
c_1_19_1850,4.226451,2.0059402
c_1_19_1851,7.1920033,0.78087515
c_1_19_1852,5.589056,1.3966701
c_1_19_1853,4.312441,-2.2442656
c_1_19_1854,0.12845384,2.6345823
c_1_19_1855,8.72494,1.4684652
c_1_19_1856,3.9204352,-2.8324378
c_1_19_1857,7.278811,2.0731494
c_1_19_1858,6.1277714,-3.5390096
c_1_19_1859,1.9986048,-2.0061538
c_1_19_1860,7.9038224,2.5871964
c_1_19_1861,7.7176127,1.590847
c_1_19_1862,3.074636,-3.447107
c_1_19_1863,6.502305,3.6975346
c_1_19_1864,5.718783,-0.75077707
c_1_19_1865,7.151491,1.2828382
c_1_19_1866,1.2216152,0.5385599
c_1_19_1867,5.8804536,-0.89392483
c_1_19_1868,5.457463,-1.4603902
c_1_19_1869,6.774222,0.03142741
c_1_19_1870,0.25340533,2.8916173
c_1_19_1871,1.7535964,-0.44204742
c_1_19_1872,3.228499,-0.7982303
c_1_19_1873,5.509245,-0.21626036
c_1_19_1874,5.476479,-1.0316932
c_1_19_1875,2.796188,0.6335419
c_1_19_1876,9.544466,1.4310417
c_1_19_1877,6.188686,-0.049768943
c_1_19_1878,4.514372,0.73858666
c_1_19_1879,8.261847,2.3550835
c_1_19_1880,0.7221971,2.5704048
c_1_19_1881,8.575663,2.541752
c_1_19_1882,1.9002103,-0.07182054
c_1_19_1883,1.953204,-2.3386228
c_1_19_1885,6.2530823,0.60674846
c_1_19_1886,7.114202,-2.9798808
c_1_19_1887,8.136076,4.382144
c_1_19_1888,5.989106,0.16623986
c_1_19_1889,3.2535923,-1.4784079
c_1_19_1890,3.1618752,-3.7146482
c_1_19_1891,3.2405345,-4.2544465
c_1_19_1892,0.6458974,0.8990861
c_1_19_1893,1.5579357,0.47830883
c_1_19_1894,6.602251,1.0565023
c_1_19_1895,1.5605253,-1.5508559
c_1_19_1896,1.0634776,2.729179
c_1_19_1897,5.801804,-0.6582267
c_1_19_1898,3.7312603,0.03816675
c_1_19_1899,8.411015,4.2092385
c_1_19_1900,2.628712,0.8112419
c_1_19_1902,5.0122247,-0.6066788
c_1_19_1903,7.917947,4.20532
c_1_19_1904,5.4979696,0.60017633
c_1_19_1905,2.2094085,-3.1425858
c_1_19_1906,7.503657,2.3738043
c_1_19_1907,3.9650428,-2.7582026
c_1_19_1909,5.637604,1.7283843
c_1_19_1910,5.3359504,-2.739142
c_1_19_1911,0.8032554,3.0660508
c_1_19_1912,1.398217,2.1265385
c_1_19_1914,2.0253377,-0.3810962
c_1_19_1915,0.95116925,3.2031636
c_1_19_1916,4.0145984,0.015440227
c_1_19_1917,6.9995213,-0.07768202
c_1_19_1918,5.532232,0.33432212
c_1_19_1919,0.18286803,3.3053997
c_1_19_1920,6.92706,2.3156514
c_1_19_1921,8.970893,3.8244388
c_1_19_1922,2.2061882,3.1895993
c_1_19_1923,4.5034933,0.7960935
c_1_19_1924,3.5047731,0.34275728
c_1_19_1925,3.9261544,1.2059804
c_1_19_1926,2.7105591,-3.6195607
c_1_19_1927,3.5256526,-3.2135892
c_1_19_1928,7.8725786,2.1047192
c_1_19_1929,5.081252,3.071613
c_1_19_1930,4.322086,1.1373463
c_1_19_1931,5.8733535,2.9091141
c_1_19_1933,2.517332,5.699428
c_1_19_1934,2.8083003,1.4272282
c_1_19_1935,1.1099488,3.230132
c_1_19_1936,7.813318,2.4185367
c_1_19_1937,2.401989,-0.7078881
c_1_19_1938,3.67413,-3.2820392
c_1_19_1939,5.049449,-1.5770152
c_1_19_1940,0.5265877,2.40738
c_1_19_1941,7.362021,1.9807935
c_1_19_1942,5.9880643,4.265401
c_1_19_1943,2.932631,4.3480434
c_1_19_1946,4.3732786,-2.6135125
c_1_19_1947,2.6525724,-2.796555
c_1_19_1948,5.7613244,-3.4324954
c_1_19_1950,5.5770807,3.32808
c_1_19_1951,2.7352831,2.9727714
c_1_19_1952,4.8739104,-0.6937546
c_1_19_1953,5.3877673,0.17909437
c_1_19_1954,5.4728127,0.007934185
c_1_19_1955,6.8042426,-0.6316086
c_1_19_1956,0.40851492,3.4499233
c_1_19_1957,4.604844,2.5969508
c_1_19_1958,5.991608,0.33760914
c_1_19_1959,5.5497236,-3.405036
c_1_19_1962,6.6988425,-1.2234032
c_1_19_1963,3.0354135,3.2871358
c_1_19_1964,3.1830156,2.1443312
c_1_19_1966,4.5688877,0.93742955
c_1_19_1967,7.9498463,4.2870264
c_1_19_1968,3.646409,-1.9224595
c_1_19_1970,1.6010554,2.1239524
c_1_19_1971,5.2233043,-0.8355574
c_1_19_1973,3.0011103,0.16400102
c_1_19_1974,2.9519053,1.6579883
c_1_19_1975,7.745383,2.1450865
c_1_19_1976,5.4653535,0.7036059
c_1_19_1977,8.71484,6.027078
c_1_19_1978,5.2774587,-0.12090067
c_1_19_1979,2.5622184,-3.9939847
c_1_19_1980,5.0104628,0.99794114
c_1_19_1981,3.878404,0.10810584
c_1_19_1982,6.293902,-1.5519129
c_1_19_1983,3.4718635,-3.5727792
c_1_19_1984,7.03415,1.5331666
c_1_19_1985,5.6003656,3.554863
c_1_19_1986,5.862876,-1.6159003
c_1_19_1987,5.379324,-0.64798355
c_1_19_1988,6.058972,-3.0760171
c_1_19_1989,9.6333065,2.7461581
c_1_19_1990,2.068134,0.06701772
c_1_19_1991,3.7084107,-3.4821696
c_1_19_1992,6.912832,-2.596402
c_1_19_1993,5.260131,-1.1151612
c_1_19_1994,5.164392,-1.38454
c_1_19_1995,5.8678937,-4.101985
c_1_19_1996,4.1756425,0.016100813
c_1_19_1998,3.7807114,0.6207215
c_1_19_1999,5.3498096,-2.171735
c_1_19_2001,4.828724,-0.73123485
c_1_19_2002,2.1757665,0.70226127
c_1_19_2003,6.385727,-0.6374145
c_1_19_2004,3.8166816,1.6343739
c_1_19_2005,6.983531,2.1592815
c_1_19_2007,7.0839715,-1.3122296
c_1_19_2009,4.739667,-1.6812215
c_1_19_2011,3.8679645,1.5938807
c_1_19_2012,3.3466883,-1.7997867
c_1_19_2013,6.5699625,-2.5405085
c_1_19_2014,5.683971,1.3697753
c_1_19_2015,3.6496677,1.7208319
c_1_19_2016,4.2968144,-0.094189994
c_1_19_2017,1.8531636,1.6977428
c_1_19_2018,1.5096911,-0.1480079
c_1_19_2019,4.7905035,-0.571777
c_1_19_2021,2.737544,0.17198278
c_1_19_2022,5.3046694,-0.058014788
c_1_19_2023,1.0503926,-2.6852014
c_1_19_2024,4.9552627,-1.496979
c_1_19_2025,3.3825006,-0.59976757
c_1_19_2026,7.0211964,-3.7230034
c_1_19_2027,3.8336048,-0.06536969
c_1_19_2028,3.567676,2.029618
c_1_19_2029,8.002693,2.2426035
c_1_19_2030,4.1384797,0.37258565
c_1_19_2031,8.6261425,4.328868
c_1_19_2032,5.8720098,-0.06826266
c_1_19_2033,6.2218966,-3.0904124
c_1_19_2034,6.974871,2.376929
c_1_19_2035,6.6918154,2.1914012
c_1_19_2036,6.0333166,-3.8176572
c_1_19_2037,2.9564278,-1.7889454
c_1_19_2038,5.1036243,-0.701797
c_1_19_2039,5.270716,-2.3975775
c_1_19_2040,6.654033,-1.0163944
c_1_19_2041,4.1475573,-0.41025054
c_1_19_2042,4.203235,-0.43865022
c_1_19_2043,5.316807,-0.6569574
c_1_19_2044,3.7264984,1.0862004
c_1_19_2045,3.9456475,-2.048207
c_1_19_2046,3.1430843,-2.993788
c_1_19_2047,6.3037925,-4.0349393
c_1_19_2048,7.2638226,2.6539502
c_1_19_2049,6.4621186,-0.22041343
c_1_19_2050,6.408881,-1.889631
c_1_19_2051,5.7152796,2.6924312
c_1_19_2052,6.827059,-1.3069309
c_1_19_2053,3.3285122,-0.35764563
c_1_19_2054,7.072999,-1.8896902
c_1_19_2056,6.4960275,-2.2217262
c_1_19_2057,7.1150475,-2.3893018
c_1_19_2058,5.494002,-0.66140604
c_1_19_2060,4.2637725,-1.998438
c_1_19_2061,5.3601,-0.943278
c_1_19_2062,2.907156,3.6738582
c_1_19_2064,5.5657287,-0.43410417
c_1_19_2065,5.073552,-2.294652
c_1_19_2067,5.166411,2.9697342
c_1_19_2068,6.964122,-2.06087
c_1_19_2069,2.9167774,-2.8511932
c_1_19_2070,6.828026,1.6078286
c_1_19_2071,3.7883067,1.8575915
c_1_19_2072,4.6144753,-2.1776922
c_1_19_2073,8.713026,0.52984875
c_1_19_2074,3.2420068,0.7826999
c_1_19_2075,1.9205424,5.38911
c_1_19_2076,6.684853,-2.3979087
c_1_19_2077,3.6680093,-2.4295566
c_1_19_2078,2.2000878,-0.44469106
c_1_19_2079,2.8894193,-3.2676635
c_1_19_2080,-0.07925638,2.8880804
c_1_19_2081,7.093533,-2.8953884
c_1_19_2082,1.3343074,3.6026542
c_1_19_2083,2.6204476,0.35229552
c_1_19_2084,2.3108928,-2.3093412
c_1_19_2085,6.882887,0.30755937
c_1_19_2086,6.0657377,-3.4656785
c_1_19_2087,0.8695472,0.71301526
c_1_19_2088,1.8964432,5.687685
c_1_19_2091,5.8188953,0.18785882
c_1_19_2092,4.415494,-2.6525693
c_1_19_2093,2.4627535,1.6153343
c_1_19_2095,2.164506,1.421821
c_1_19_2096,3.2154768,-1.4037036
c_1_19_2097,4.891763,0.5773812
c_1_19_2098,8.824523,1.2175561
c_1_19_2099,5.1431975,0.29328933
c_1_19_2100,5.4082665,3.1708906
c_1_19_2101,3.310038,-0.5530347
c_1_19_2102,3.664727,0.18388629
c_1_19_2103,1.7466886,2.1503515
c_1_19_2104,1.7833525,5.451494
c_1_19_2105,5.110755,0.49513885
c_1_19_2106,7.902221,1.8634578
c_1_19_2107,3.1659565,0.84182304
c_1_19_2108,3.7217448,1.799391
c_1_19_2110,4.001388,4.939886
c_1_19_2111,2.9265935,1.1963433
c_1_19_2112,2.8112683,-2.6131005
c_1_19_2113,3.8062274,-0.16062087
c_1_19_2114,3.5663862,2.2671597
c_1_19_2115,5.2708383,-2.6226554
c_1_19_2116,7.4751678,1.9805123
c_1_19_2117,2.5213513,-0.7580233
c_1_19_2118,3.1299992,1.2929854
c_1_19_2119,1.8796872,-0.71734804
c_1_19_2120,8.079188,0.12416579
c_1_19_2121,1.7018849,2.558599
c_1_19_2122,1.990149,1.9487798
c_1_19_2123,1.078134,0.13202794
c_1_19_2124,5.947315,-0.9817539
c_1_19_2125,7.7103653,3.5129137
c_1_19_2127,1.5698042,4.9438696
c_1_19_2128,0.2461754,0.6045346
c_1_19_2129,2.325706,-3.4076898
c_1_19_2130,4.839,-0.88216966
c_1_19_2131,2.9144177,5.4547963
c_1_19_2132,5.319181,0.085763276
c_1_19_2133,4.1906624,2.0632231
c_1_19_2134,3.5792959,1.1103234
c_1_19_2135,4.404894,3.7243261
c_1_19_2136,4.194354,2.9317935
c_1_19_2137,1.3042688,2.3028746
c_1_19_2138,3.2480686,-0.62660295
c_1_19_2139,1.4608076,2.383362
c_1_19_2141,4.4178824,1.3608459
c_1_19_2142,4.202264,-0.93077785
c_1_19_2145,4.5662174,-1.2224208
c_1_19_2146,2.2499912,5.241643
c_1_19_2147,1.5963287,1.462924
c_1_19_2148,8.319464,0.50428563
c_1_19_2149,6.9242887,4.6471205
c_1_19_2150,4.958197,-2.1024296
c_1_19_2151,5.2550025,-2.266095
c_1_19_2152,1.0685159,3.6640913
c_1_19_2154,6.2634315,1.4792706
c_1_19_2155,4.8627806,-0.8760229
c_1_19_2156,0.7948006,2.6547809
c_1_19_2158,8.251555,4.961053
c_1_19_2159,5.7170777,3.760234
c_1_19_2160,6.5232844,0.5007312
c_1_19_2161,0.422004,3.2769046
c_1_19_2163,3.587303,3.2922962
c_1_19_2164,3.854099,0.5910896
c_1_19_2165,5.550963,-0.3483574
c_1_19_2166,5.5236354,0.68041456
c_1_19_2167,3.802397,-1.8160231
c_1_19_2168,3.0542552,4.1449676
c_1_19_2171,1.2296488,2.0579967
c_1_19_2172,4.362148,0.3343469
c_1_19_2173,3.13364,4.0149813
c_1_19_2174,3.4709847,-2.50813
c_1_19_2175,0.4044044,3.2820857
c_1_19_2176,7.895967,2.3380232
c_1_19_2177,4.9960637,3.9281034
c_1_19_2179,0.7586706,2.7239096
c_1_19_2180,2.5082672,-3.0621133
c_1_19_2181,4.790831,-0.23666628
c_1_19_2182,3.4291239,-2.0374582
c_1_19_2183,3.706559,-1.9100084
c_1_19_2184,5.382627,2.5040188
c_1_19_2185,5.2435603,-3.1226091
c_1_19_2186,1.9434396,4.7895627
c_1_19_2187,0.75801384,2.9568465
c_1_19_2188,6.3269873,0.33980474
c_1_19_2189,7.662888,-0.31566894
c_1_19_2190,6.4906697,-1.2764175
c_1_19_2191,6.40799,-1.8917648
c_1_19_2192,5.0366373,1.7562284
c_1_19_2193,-0.09040922,3.0305061
c_1_19_2194,3.2481544,1.082026
c_1_19_2195,2.8761015,4.4979854
c_1_19_2196,6.139889,0.71179795
c_1_19_2197,3.7989452,0.80290294
c_1_19_2198,3.4391057,0.15878668
c_1_19_2199,6.647251,-0.7728843
c_1_19_2200,7.0595174,1.6258543
c_1_19_2201,5.836044,3.0059223
c_1_19_2202,4.882188,-0.2975181
c_1_19_2203,4.5978127,-2.58829
c_1_19_2204,5.50624,-3.0557876
c_1_19_2205,5.5130634,-2.4755278
c_1_19_2206,1.7310003,0.12082325
c_1_19_2207,5.596839,-0.8053252
c_1_19_2210,7.702275,3.3371396
c_1_19_2211,7.2291574,0.59250927
c_1_19_2212,2.8436654,3.5641067
c_1_19_2213,1.4325207,2.7727227
c_1_19_2214,4.506539,-1.6694194
c_1_19_2215,9.790215,4.076944
c_1_19_2216,5.9769254,-0.52361673
c_1_19_2217,1.9419367,5.4458885
c_1_19_2218,6.0152035,-1.1150059
c_1_19_2219,7.1128697,4.416419
c_1_19_2220,7.49357,-0.2323921
c_1_19_2221,3.863996,-1.5269562
c_1_19_2222,6.3861737,-0.67422205
c_1_19_2223,3.214795,-0.19253577
c_1_19_2224,3.7056456,-0.44042546
c_1_19_2225,2.1776214,1.6994623
c_1_19_2226,2.0224576,1.5077002
c_1_19_2227,5.148853,3.7355332
c_1_19_2228,1.5882607,1.819951
c_1_19_2229,6.5481634,0.71138614
c_1_19_2230,4.082264,-0.5081209
c_1_19_2231,3.0007193,-0.349413
c_1_19_2232,3.2357306,0.17544907
c_1_19_2233,6.6259513,-3.2825706
c_1_19_2234,5.9639177,-2.243814
c_1_19_2235,6.181115,-3.841635
c_1_19_2236,4.5402875,-2.857645
c_1_19_2237,1.9926654,2.6869285
c_1_19_2238,1.893849,0.60200375
c_1_19_2239,2.3452187,1.6223062
c_1_19_2240,4.4954576,2.7977521
c_1_19_2241,3.3679821,4.521177
c_1_19_2242,5.072924,1.5343409
c_1_19_2243,3.2317405,5.6249256
c_1_19_2244,3.5534992,-3.4280698
c_1_19_2245,0.33923456,2.2562451
c_1_19_2246,7.261214,-3.059475
c_1_19_2247,9.20027,2.3840737
c_1_19_2248,5.415152,3.7438803
c_1_19_2249,2.8474548,3.007939
c_1_19_2250,3.4291356,-0.6845375
c_1_19_2251,1.1131934,2.3985293
c_1_19_2252,2.1390774,1.4526502
c_1_19_2253,-0.22540812,3.2558737
c_1_19_2254,6.4919677,-4.579407
c_1_19_2255,1.0873965,2.5395665
c_1_19_2256,0.516263,2.5819154
c_1_19_2258,3.0773559,0.34551105
c_1_19_2259,3.179397,0.007255417
c_1_19_2260,8.904984,1.9405593
c_1_19_2261,3.3264353,3.26306
c_1_19_2262,5.5745416,-2.4110284
c_1_19_2263,5.050423,0.46406054
c_1_19_2264,3.3191962,-0.75250024
c_1_19_2265,3.2738626,3.4130833
c_1_19_2266,4.8078938,4.6251783
c_1_19_2267,2.952305,4.64695
c_1_19_2268,4.8202972,-0.10810798
c_1_19_2269,1.028945,4.3279123
c_1_19_2270,6.3689885,1.4939524
c_1_19_2271,5.4699697,-1.9723003
c_1_19_2272,8.849578,1.7649082
c_1_19_2273,7.3035426,4.9352684
c_1_19_2274,8.157434,1.0565271
c_1_19_2275,2.2051475,5.1871986
c_1_19_2276,1.4839654,0.47008964
c_1_19_2277,1.7201965,-1.4224651
c_1_19_2279,6.210138,-0.53196764
c_1_19_2280,2.943669,-0.7632203
c_1_19_2281,8.190124,1.7159252
c_1_19_2282,4.8709283,-0.41019857
c_1_19_2283,2.5259128,1.6480875
c_1_19_2284,0.48257586,2.2239983
c_1_19_2285,0.5313049,4.0827355
c_1_19_2286,2.776316,-1.2269859
c_1_19_2287,1.1923548,2.5964785
c_1_19_2288,3.7674837,1.0470532
c_1_19_2289,3.9955437,2.3502717
c_1_19_2290,4.6332455,-0.6702333
c_1_19_2291,3.5168307,0.88957983
c_1_19_2292,5.444308,-0.13524263
c_1_19_2293,0.9064319,2.6583538
c_1_19_2294,3.4305072,3.0490298
c_1_19_2295,1.0263028,3.1043394
c_1_19_2296,1.6497148,3.2155683
c_1_19_2297,6.024664,0.62915945
c_1_19_2298,7.4638267,1.2476362
c_1_19_2299,7.1189775,2.4537845
c_1_19_2301,2.9220912,1.5247517
c_1_19_2302,4.8068147,0.673344
c_1_19_2303,5.348748,2.02028
c_1_19_2304,4.266979,1.3608062
c_1_19_2305,0.9161378,2.375396
c_1_19_2306,3.446836,1.3765172
c_1_19_2307,5.766277,2.7586813
c_1_19_2308,3.97296,1.5046854
c_1_19_2309,2.9379566,1.5286636
c_1_19_2310,3.061708,1.3486092
c_1_19_2311,6.434254,0.36455774
c_1_19_2312,4.394231,-1.7376857
c_1_19_2313,5.951063,-0.9337001
c_1_19_2314,4.948738,1.7502311
c_1_19_2315,7.2001414,4.2999406
c_1_19_2316,1.330269,2.3170705
c_1_19_2317,7.230073,0.24011843
c_1_19_2318,2.8542755,3.6227345
c_1_19_2319,4.139832,3.3400571
c_1_19_2320,4.4202166,-0.006171981
c_1_19_2321,3.468178,2.8471582
c_1_19_2322,3.9358993,-1.2237444
c_1_19_2323,5.304511,-1.4649901
c_1_19_2324,4.634977,-1.5364685
c_1_19_2325,8.1568985,1.4373407
c_1_19_2326,5.4769926,0.13972229
c_1_19_2327,8.153631,0.797392
c_1_19_2328,3.7052822,0.119974285
c_1_19_2329,5.09165,1.8108366
c_1_19_2330,1.5748258,2.1456313
c_1_19_2331,3.0924296,-2.5221097
c_1_19_2332,3.2708213,0.8593353
c_1_19_2333,5.623042,0.7925212
c_1_19_2334,4.639843,-0.19546972
c_1_19_2335,2.98745,5.047295
c_1_19_2336,-0.1605889,0.32627875
c_1_19_2337,4.3553653,0.08935547
c_1_19_2338,6.7368207,2.3283625
c_1_19_2339,3.617047,0.04342975
c_1_19_2340,1.7048068,2.384732
c_1_19_2341,3.4826493,3.3217793
c_1_19_2342,3.6274285,1.8756403
c_1_19_2343,6.889001,0.32004428
c_1_19_2344,3.2940829,0.3181307
c_1_19_2345,4.9488797,-1.4026405
c_1_19_2346,5.333475,0.52592635
c_1_19_2347,9.667783,6.0065904
c_1_19_2348,3.8543217,-2.3617857
c_1_19_2349,2.1701007,1.9232442
c_1_19_2350,6.0214825,1.1157588
c_1_19_2351,7.6041794,1.541176
c_1_19_2352,2.097672,3.4202747
c_1_19_2353,7.4133477,-0.9615252
c_1_19_2354,3.0971196,1.2271713
c_1_19_2355,3.5531821,1.4335129
c_1_19_2357,1.749713,2.759817
c_1_19_2358,1.8744792,-2.1173935
c_1_19_2359,0.06812735,3.3609269
c_1_19_2360,8.615801,1.0089391
c_1_19_2362,2.4914892,-0.910457
c_1_19_2363,5.925431,2.8684711
c_1_19_2364,4.3149157,0.9233373
c_1_19_2365,2.9188423,-4.0260153
c_1_19_2366,8.90905,6.029624
c_1_19_2367,5.2105103,2.7821598
c_1_19_2368,8.314122,2.3988812
c_1_19_2369,0.3272811,3.0969946
c_1_19_2370,0.75395083,2.8962197
c_1_19_2371,6.3045297,-0.24038492
c_1_19_2373,4.939177,1.9872463
c_1_19_2375,8.172959,-0.123843566
c_1_19_2376,0.57716566,1.6970303
c_1_19_2377,0.3723814,2.9545467
c_1_19_2378,2.2616665,0.648197
c_1_19_2379,6.083235,-1.516651
c_1_19_2380,2.6208522,2.2300584
c_1_19_2381,7.130418,1.3954587
c_1_19_2382,1.2997142,3.386887
c_1_19_2383,5.5040865,1.4815358
c_1_19_2384,2.6382785,0.6330054
c_1_19_2385,8.3143,2.058419
c_1_19_2386,3.663454,2.332774
c_1_19_2387,-0.050661735,2.6934683
c_1_19_2388,1.2371854,2.8952029
c_1_19_2389,1.0890234,2.5036592
c_1_19_2390,4.1299715,1.3134493
c_1_19_2391,7.466322,-0.40686628
c_1_19_2392,4.6998487,-0.3652848
c_1_19_2393,8.141068,5.677204
c_1_19_2394,4.1002107,-0.07778225
c_1_19_2395,6.0749965,-2.45958
c_1_19_2396,7.8029923,0.9084567
c_1_19_2397,2.1039817,5.1018443
c_1_19_2398,1.2646425,2.503538
c_1_19_2399,3.8405952,0.16997853
c_1_19_2400,4.2110486,4.242881
c_1_19_2401,1.2322193,3.1201959
c_1_19_2402,0.010408532,3.5887344
c_1_19_2403,2.8313136,3.3226473
c_1_19_2404,5.7459526,2.69854
c_1_19_2405,1.9155637,-1.2326161
c_1_19_2406,0.9687542,3.421414
c_1_19_2407,2.3951993,1.945088
c_1_19_2408,0.48847675,2.7501333
c_1_19_2409,6.127301,3.2710803
c_1_19_2410,6.622056,-2.2849503
c_1_19_2411,1.1322827,2.8462312
c_1_19_2412,9.011352,0.68442786
c_1_19_2413,0.7176425,3.543521
c_1_19_2414,6.258075,-0.48987707
c_1_19_2415,7.680116,0.57378757
c_1_19_2416,8.829684,0.53978336
c_1_19_2417,6.578054,-3.2437758
c_1_19_2418,3.446355,1.5615396
c_1_19_2419,8.160947,2.2330883
c_1_19_2420,2.8510234,1.7939258
c_1_19_2421,6.398622,-2.644766
c_1_19_2422,2.1605673,5.2885675
c_1_19_2423,3.590277,-3.4574518
c_1_19_2424,2.3536131,5.6557837
c_1_19_2425,3.3967507,0.26148513
c_1_19_2426,2.2095582,0.08933844
c_1_19_2427,5.8909707,-0.3407497
c_1_19_2428,1.3055207,2.355538
c_1_19_2429,6.388801,1.1610638
c_1_19_2430,0.06843628,3.376966
c_1_19_2431,7.453852,-2.5177822
c_1_19_2432,2.702782,2.0684147
c_1_19_2433,7.035377,-2.857812
c_1_19_2434,7.157093,3.4777186
c_1_19_2435,0.054636974,3.0953166
c_1_19_2436,1.4791309,2.5359006
c_1_19_2437,1.3735098,2.267283
c_1_19_2438,5.1848965,1.2742286
c_1_19_2439,1.4612038,0.35525766
c_1_19_2440,7.694347,2.5493119
c_1_19_2441,1.8987753,2.0557363
c_1_19_2442,1.0299354,2.601657
c_1_19_2443,0.40414792,2.5307338
c_1_19_2444,7.292795,0.17540064
c_1_19_2445,1.7838173,2.3907688
c_1_19_2446,5.3741803,0.21617752
c_1_19_2447,6.5510798,0.64496136
c_1_19_2448,3.6640568,-0.034986548
c_1_19_2449,8.99797,1.2606901
c_1_19_2450,2.5144641,-1.2016389
c_1_19_2451,2.106286,-2.702475
c_1_19_2452,2.3918786,1.780985
c_1_19_2453,4.4827237,0.31989214
c_1_19_2454,1.0952202,2.510249
c_1_19_2456,3.9617732,2.2715828
c_1_19_2457,5.0326552,-2.9448237
c_1_19_2458,5.542524,0.79795223
c_1_19_2459,2.727836,1.7825285
c_1_19_2460,3.1884995,2.1240373
c_1_19_2461,6.8952317,-3.6411467
c_1_19_2462,5.551119,-3.7571955
c_1_19_2463,3.0890164,2.233873
c_1_19_2464,7.4208736,-2.9754148
c_1_19_2465,3.4412148,1.2692702
c_1_19_2466,5.8467917,-1.6439502
c_1_19_2467,4.1547,-0.206963
c_1_19_2468,7.7641983,2.2800455
c_1_19_2469,5.550437,3.3495488
c_1_19_2470,6.126463,1.6783367
c_1_19_2471,4.9887853,0.31962132
c_1_19_2472,6.9042673,-0.39938357
c_1_19_2473,6.842996,0.57013947
c_1_19_2474,2.9681349,1.3984737
c_1_19_2475,3.0876994,1.7122433
c_1_19_2476,5.4641223,-1.2834411
c_1_19_2477,1.7432377,2.1026566
c_1_19_2478,5.6336074,-0.93163615
c_1_19_2479,3.092006,1.0760865
c_1_19_2480,6.422201,-1.236146
c_1_19_2481,0.53991556,3.5778742
c_1_19_2482,6.0504375,-0.773514
c_1_19_2483,3.0271573,0.9971387
c_1_19_2484,1.5281079,2.3754008
c_1_19_2485,7.4480267,2.3081214
c_1_19_2486,4.646191,0.89672506
c_1_19_2488,3.5737607,1.164762
c_1_19_2489,6.3848777,-1.8301536
c_1_19_2490,4.100836,-3.2360156
c_1_19_2491,-0.05619923,2.9843755
c_1_19_2492,8.111794,0.2648002
c_1_19_2493,4.921784,-1.107434
c_1_19_2494,5.9630113,-1.6721928
c_1_19_2495,2.0694294,2.4356248
c_1_19_2496,3.7631853,0.6633841
c_1_19_2497,8.29662,0.36618248
c_1_19_2498,3.535216,1.564331
c_1_19_2499,5.8713856,-0.56881744
c_1_19_2500,7.5512457,1.6168878
c_1_19_2501,1.6895938,2.0694072
c_1_19_2503,4.445321,-2.003597
c_1_19_2504,0.69202423,2.0942888
c_1_19_2505,8.407503,1.0413481
c_1_19_2506,7.10365,-1.8677016
c_1_19_2507,3.1008937,-1.1010063
c_1_19_2508,7.011891,-2.4046075
c_1_19_2509,3.3381054,1.3087896
c_1_19_2510,1.5148375,2.5233524
c_1_19_2511,3.7237566,0.84569067
c_1_19_2512,5.6444607,-1.6051598
c_1_19_2513,5.7461586,3.0721188
c_1_19_2514,6.728114,0.15341534
c_1_19_2515,7.05477,0.5990471
c_1_19_2516,5.5068483,-3.814815
c_1_19_2517,2.9526958,1.8252001
c_1_19_2518,5.4048853,0.31443545
c_1_19_2519,4.117045,3.342059
c_1_19_2520,5.3622203,1.0262849
c_1_19_2521,4.1408167,2.0894725
c_1_19_2522,7.2324204,2.0742078
c_1_19_2523,7.399316,2.4426112
c_1_19_2524,4.4109397,0.10317814
c_1_19_2525,-0.051806547,3.13977
c_1_19_2526,2.9388094,0.32670906
c_1_19_2528,5.597306,-2.8231266
c_1_19_2529,4.2553344,1.8664794
c_1_19_2530,2.3672187,1.2877563
c_1_19_2532,4.5069027,1.6597842
c_1_19_2533,2.911306,2.2481637
c_1_19_2534,7.5884743,0.69563234
c_1_19_2535,6.192158,-0.13576424
c_1_19_2536,1.3495395,3.5454204
c_1_19_2537,1.7604328,3.5451856
c_1_19_2538,3.7116826,-0.310631
c_1_19_2539,7.7282634,0.96993524
c_1_19_2540,3.055793,2.1669433
c_1_19_2541,4.5395756,0.48087978
c_1_19_2542,9.349296,1.2975616
c_1_19_2543,6.038733,-1.156533
c_1_19_2544,2.1238103,2.4385397
c_1_19_2545,5.5788813,3.456103
c_1_19_2546,1.8231088,4.813336
c_1_19_2547,2.985961,4.2038784
c_1_19_2548,1.1865331,2.972486
c_1_19_2549,6.6616206,-0.15904115
c_1_19_2550,6.239472,2.248434
c_1_19_2551,3.5952415,0.63871825
c_1_19_2552,4.881258,0.44864818
c_1_19_2553,7.207,1.8016564
c_1_19_2554,5.647388,-1.0443183
c_1_19_2555,4.342946,-0.6904855
c_1_19_2556,5.19888,-0.59899265
c_1_19_2557,4.1998935,0.18966447
c_1_19_2558,7.079505,2.9679456
c_1_19_2559,-0.1568149,3.6042094
c_1_19_2560,1.3483521,1.296731
c_1_19_2561,5.1556873,0.21702828
c_1_19_2562,2.0369775,2.1512403
c_1_19_2563,3.8991878,1.7525953
c_1_19_2564,4.397134,0.16312364
c_1_19_2565,1.6746185,2.2822533
c_1_19_2566,5.0147133,2.6522515
c_1_19_2567,6.252126,2.6411197
c_1_19_2568,4.669604,0.3242668
c_1_19_2569,3.5079153,2.1707659
c_1_19_2570,3.3318405,3.0646033
c_1_19_2571,5.308831,-1.5722299
c_1_19_2572,3.2180257,0.57810754
c_1_19_2573,7.520584,-3.4839935
c_1_19_2574,0.6394341,0.26127502
c_1_19_2575,5.5891843,0.482472
c_1_19_2577,7.278885,1.2495425
c_1_19_2578,5.7958207,2.7329273
c_1_19_2579,7.4882464,1.2813272
c_1_19_2580,2.6805224,5.432024
c_1_19_2581,8.048,0.6099992
c_1_19_2582,3.122455,1.0207355
c_1_19_2583,4.6107774,-0.7895253
c_1_19_2584,0.8380711,2.6882627
c_1_19_2585,-0.12981154,3.1147602
c_1_19_2586,5.6099725,0.44928303
c_1_19_2587,1.1121033,1.9003127
c_1_19_2588,5.6881733,-0.65455425
c_1_19_2589,3.5629063,-0.82018894
c_1_19_2591,9.147742,0.9688136
c_1_19_2592,6.154089,0.37580657
c_1_19_2593,4.5816813,1.6836107
c_1_19_2594,4.574323,0.27973297
c_1_19_2595,1.6456251,4.5612597
c_1_19_2596,1.2059953,2.4865592
c_1_19_2597,2.7253654,1.7894871
c_1_19_2598,3.0110624,1.3383205
c_1_19_2599,7.3101206,0.6130499
c_1_19_2600,5.833446,2.4013586
c_1_19_2601,6.4920125,-0.2586948
c_1_19_2602,2.6845622,5.603144
c_1_19_2603,4.1918907,0.11226377
c_1_19_2604,8.327372,1.1465644
c_1_19_2605,1.9727808,3.7861304
c_1_19_2606,2.8328016,5.572447
c_1_19_2607,1.9232954,4.298082
c_1_19_2608,8.9153,1.5380217
c_1_19_2609,6.0354114,-0.3249713
c_1_19_2610,8.155007,-0.08292007
c_1_19_2611,5.281251,-1.6559881
c_1_19_2612,3.6680222,2.6063654
c_1_19_2613,8.842007,2.0111763
c_1_19_2614,7.771366,2.3560472
c_1_19_2615,8.368223,1.1678153
c_1_19_2616,5.471414,-1.9401546
c_1_19_2617,6.8621917,2.1354332
c_1_19_2619,1.3049154,4.4643784
c_1_19_2620,2.106565,5.302577
c_1_19_2621,0.63546056,0.21848391
c_1_19_2622,3.4170573,-2.0112004
c_1_19_2623,8.823332,0.9602608
c_1_19_2624,1.7214093,5.4061446
c_1_19_2625,0.3016767,3.08372
c_1_19_2626,6.9444914,-0.01112237
c_1_19_2627,3.9191182,2.3945127
c_1_19_2628,4.483141,-0.06140841
c_1_19_2629,4.0134816,-2.1612282
c_1_19_2630,2.7757013,5.29813
c_1_19_2631,7.3054247,1.1659842
c_1_19_2632,3.2653441,1.9507014
c_1_19_2633,6.48679,1.2117844
c_1_19_2634,5.3177776,0.048204873
c_1_19_2635,3.9533067,-0.8850503
c_1_19_2636,1.136207,4.693857
c_1_19_2637,2.077242,4.2636757
c_1_19_2638,4.0256157,0.33381408
c_1_19_2639,7.461428,0.8106116
c_1_19_2641,2.026766,5.314726
c_1_19_2642,6.2974577,0.7600941
c_1_19_2643,3.7929265,0.012906325
c_1_19_2644,1.4113683,5.3816915
c_1_19_2645,2.674065,5.708196
c_1_19_2646,1.4779797,4.974374
c_1_19_2647,1.707075,5.4424477
c_1_19_2648,4.99762,-0.7858005
c_1_19_2649,2.8231852,1.9421016
c_1_19_2650,5.9148974,0.9608142
c_1_19_2651,2.2915082,4.687628
c_1_19_2652,3.934485,2.1886926
c_1_19_2653,7.581493,2.2320905
c_1_19_2654,8.73835,1.264674
c_1_19_2655,6.915286,-0.2225487
c_1_19_2656,5.5549054,-0.8074373
c_1_19_2657,3.6290958,4.211397
c_1_19_2658,1.5529933,5.36577
c_1_19_2659,8.433165,0.99196315
c_1_19_2660,5.493175,0.17415383
c_1_19_2661,3.1616895,1.7801265
c_1_19_2662,4.429384,0.21777618
c_1_19_2663,2.752501,-1.5471636
c_1_19_2664,6.5211067,0.2298626
c_1_19_2665,4.308931,-0.5602366
c_1_19_2666,2.1016526,5.408882
c_1_19_2667,7.1210613,0.13082558
c_1_19_2669,3.8814065,-0.5181013
c_1_19_2670,5.49714,0.08791682
c_1_19_2671,2.5754244,-0.5982844
c_1_19_2672,8.21451,1.9781686
c_1_19_2673,8.633521,1.9110836
c_1_19_2674,5.650804,-1.1593347
c_1_19_2675,2.8097532,0.94536084
c_1_19_2676,2.5655723,4.686974
c_1_19_2677,7.2827654,0.4913137
c_1_19_2678,5.5692406,1.0197673
c_1_19_2679,5.0537972,-0.72568893
c_1_19_2680,4.055045,-0.43399808
c_1_19_2681,5.063806,-0.48290676
c_1_19_2682,6.705836,0.58241373
c_1_19_2683,1.74291,2.2856596
c_1_19_2684,6.6163244,4.082858
c_1_19_2685,5.1346035,-0.32673678
c_1_19_2686,6.9548974,0.7687364
c_1_19_2687,1.6627172,5.2673683
c_1_19_2688,2.8095543,4.843708
c_1_19_2689,7.414927,2.844143
c_1_19_2690,7.6409535,3.869462
c_1_19_2691,3.390565,-0.37479186
c_1_19_2692,5.0590014,0.941775
c_1_19_2693,3.0488555,4.774467
c_1_19_2694,4.148858,0.9357235
c_1_19_2695,6.439621,1.2343322
c_1_19_2696,8.833324,1.0829227
c_1_19_2697,0.49496365,4.083615
c_1_19_2698,6.6124425,0.6417181
c_1_19_2700,1.2018663,2.7322433
c_1_19_2701,3.6821892,5.196254
c_1_19_2702,2.1489365,5.627891
c_1_19_2703,5.147739,0.08400356
c_1_19_2704,5.5553255,3.8970134
c_1_19_2705,6.7069855,-3.0196266
c_1_19_2706,3.325449,2.6024363
c_1_19_2707,8.115154,0.9115932
c_1_19_2708,2.2665799,0.7046109
c_1_19_2709,8.140353,1.5817627
c_1_19_2710,3.4496446,2.588206
c_1_19_2711,8.528579,0.88648903
c_1_19_2712,4.173624,2.6885293
c_1_19_2714,6.6267614,-1.2907438
c_1_19_2715,7.179397,0.82164365
c_1_19_2716,2.5856116,4.2033415
c_1_19_2717,2.324854,5.0950527
c_1_19_2718,3.2633605,-0.5783151
c_1_19_2719,1.278493,2.2825744
c_1_19_2720,6.687315,0.2999465
c_1_19_2722,2.6998022,1.1979169
c_1_19_2724,2.0053158,2.0594385
c_1_19_2725,8.9302225,1.2168893
c_1_19_2726,5.878252,-0.996179
c_1_19_2727,5.6337295,3.1919904
c_1_19_2728,7.3752227,3.3009248
c_1_19_2729,4.4500027,0.14833525
c_1_19_2730,2.7650409,2.0459347
c_1_19_2731,7.9286575,0.6877054
c_1_19_2732,2.829502,5.448837
c_1_19_2734,1.018436,2.3640184
c_1_19_2735,0.40727952,3.2509904
c_1_19_2736,7.4733467,2.7659035
c_1_19_2737,2.0543876,0.8210988
c_1_19_2738,8.570322,1.0546536
c_1_19_2739,7.5583997,1.7216344
c_1_19_2740,8.563441,0.9127206
c_1_19_2741,1.2974466,3.0735197
c_1_19_2742,6.918345,-1.9716432
c_1_19_2744,4.5087457,0.3735644
c_1_19_2745,6.4078054,0.26980895
c_1_19_2746,5.553949,0.6785739
c_1_19_2747,2.7443383,4.2823744
c_1_19_2748,4.4567347,2.721864
c_1_19_2749,5.7292986,3.999073
c_1_19_2750,4.0651946,1.018668
c_1_19_2751,8.029185,2.6586347
c_1_19_2752,3.2581432,3.440583
c_1_19_2753,4.232277,3.3503044
c_1_19_2754,3.8827002,-0.6344383
c_1_19_2755,6.224328,-0.48169887
c_1_19_2756,5.1788225,0.10718089
c_1_19_2757,5.9948425,0.2899369
c_1_19_2759,0.45539606,3.776744
c_1_19_2760,1.520798,2.681665
c_1_19_2761,3.262337,0.8607454
c_1_19_2762,0.93995965,2.8064446
c_1_19_2763,0.14925638,3.0045476
c_1_19_2764,1.3467599,2.234856
c_1_19_2765,0.29895583,3.1588857
c_1_20_2,1.5481828,1.8209304
c_1_20_3,1.5926199,5.401831
c_1_20_4,3.3295212,-0.17902078
c_1_20_5,5.2835274,1.343999
c_1_20_6,7.0377007,-2.6986547
c_1_20_7,1.6485327,4.3991733
c_1_20_9,4.816076,-0.6174373
c_1_20_10,2.6578467,-1.3254793
c_1_20_11,6.328117,1.6231009
c_1_20_12,3.5053096,-3.7317312
c_1_20_13,6.228064,2.0251422
c_1_20_14,3.9851668,1.0288372
c_1_20_15,2.692274,3.755075
c_1_20_16,6.2510605,-2.2740858
c_1_20_17,4.393043,-0.74028814
c_1_20_18,5.2623057,0.2304927
c_1_20_19,8.019862,0.70431846
c_1_20_20,3.29953,0.4403385
c_1_20_21,4.69882,1.433353
c_1_20_22,3.2201805,4.1553283
c_1_20_23,4.141374,-0.19033621
c_1_20_24,3.3309865,1.7394794
c_1_20_25,5.8505964,2.248202
c_1_20_26,3.6942232,0.48198816
c_1_20_27,3.3573914,0.6512816
c_1_20_28,5.2333603,0.1520485
c_1_20_29,2.1375139,2.063102
c_1_20_30,1.4058688,2.1746721
c_1_20_31,4.310518,-2.6292827
c_1_20_32,4.9699345,-2.0858512
c_1_20_33,1.6450968,-0.09400836
c_1_20_34,1.0634018,2.2625144
c_1_20_35,4.9945116,-1.4850336
c_1_20_36,3.1087623,3.725236
c_1_20_37,3.3557134,0.033470493
c_1_20_38,2.1535325,-3.72208
c_1_20_39,1.7155623,2.1068614
c_1_20_40,6.888123,-0.34314847
c_1_20_41,5.4028325,1.5406224
c_1_20_42,4.6242013,0.46131834
c_1_20_43,5.6914854,-2.2618632
c_1_20_44,3.1793296,1.9194041
c_1_20_45,5.8312917,0.5032457
c_1_20_46,2.2733107,-3.572747
c_1_20_47,5.5848546,0.43100858
c_1_20_48,0.80473536,2.8986983
c_1_20_49,6.09814,1.0780158
c_1_20_50,1.8316362,-3.358581
c_1_20_51,4.9088545,-0.23805684
c_1_20_52,4.436871,-1.535096
c_1_20_53,6.416882,-1.1950867
c_1_20_54,3.6896186,1.4552122
c_1_20_55,6.78623,-0.07466692
c_1_20_56,6.776075,-3.9218602
c_1_20_57,7.212317,0.37479952
c_1_20_58,1.9966573,1.0317993
c_1_20_59,3.3831675,-0.99562883
c_1_20_60,2.6042075,2.12925
c_1_20_61,3.0662565,0.07924441
c_1_20_62,2.8356974,2.0375717
c_1_20_63,5.500322,-1.740169
c_1_20_64,2.7982862,4.575565
c_1_20_65,3.1861145,1.7036473
c_1_20_66,4.63916,-1.4614223
c_1_20_67,5.8583574,-0.7801258
c_1_20_68,2.9899702,2.1422257
c_1_20_69,5.1359735,0.70250577
c_1_20_70,1.6670473,4.63418
c_1_20_71,4.5721917,-1.1873116
c_1_20_72,4.6022944,1.1344117
c_1_20_73,2.3281229,-3.7508485
c_1_20_74,4.261017,-2.9471922
c_1_20_75,4.901439,-2.1660094
c_1_20_76,3.4535148,3.3399944
c_1_20_77,3.5517764,0.47425762
c_1_20_78,2.4614315,4.6243873
c_1_20_79,5.449582,-1.0996727
c_1_20_80,3.963877,1.0770847
c_1_20_81,3.1030703,3.2228382
c_1_20_82,8.666771,0.6895591
c_1_20_83,4.4457493,-0.5183161
c_1_20_84,2.702017,5.467004
c_1_20_85,4.504315,-2.0691051
c_1_20_86,5.517958,0.21761066
c_1_20_87,3.6984725,2.8770676
c_1_20_88,5.1019835,0.78816015
c_1_20_89,3.078488,4.0826187
c_1_20_90,1.9929943,-2.7497513
c_1_20_91,7.5920467,2.5481887
c_1_20_92,3.625823,-2.7053819
c_1_20_93,5.962912,1.0074892
c_1_20_94,2.4818842,4.14625
c_1_20_95,1.1181065,4.3295646
c_1_20_96,4.918011,3.9935632
c_1_20_97,5.757016,-0.70542383
c_1_20_98,4.01568,-0.2902373
c_1_20_99,5.861153,1.2382271
c_1_20_100,6.6893187,-1.6721047
c_1_20_101,3.571752,2.8890536
c_1_20_102,2.940867,4.0501914
c_1_20_103,8.382825,0.86701053
c_1_20_104,6.374182,-0.5140825
c_1_20_105,4.586691,-2.636928
c_1_20_106,2.042418,-2.952635
c_1_20_107,4.944785,-0.3394326
c_1_20_108,2.5102208,-3.6012068
c_1_20_109,6.4571853,-2.1546545
c_1_20_110,4.4179792,0.61191624
c_1_20_111,4.6931157,-0.88338125
c_1_20_112,3.080527,1.555116
c_1_20_113,3.65525,4.0078354
c_1_20_114,5.4850874,0.5729824
c_1_20_115,5.914522,-1.294419
c_1_20_116,2.492327,-3.5662394
c_1_20_117,3.8516996,3.173103
c_1_20_118,5.2501454,1.0339502
c_1_20_119,5.3838673,3.9209883
c_1_20_120,4.4908257,-0.9873742
c_1_20_121,3.0930681,4.0708675
c_1_20_122,2.6502066,-3.1783214
c_1_20_123,3.1841648,-2.0021694
c_1_20_124,4.3497925,1.6528388
c_1_20_125,4.8264637,-1.5343529
c_1_20_126,4.211641,0.8439536
c_1_20_127,2.5784616,-3.5972605
c_1_20_128,3.7886295,0.07783131
c_1_20_129,3.0770037,4.9217863
c_1_20_130,3.7790594,-2.726219
c_1_20_131,5.5996203,0.6536828
c_1_20_132,6.2636156,1.3564411
c_1_20_133,4.577508,-0.9852813
c_1_20_134,4.428493,-0.00034113866
c_1_20_135,5.719926,4.296021
c_1_20_136,2.6192675,3.8257415
c_1_20_137,5.2027373,-0.91701084
c_1_20_138,2.9600422,3.73825
c_1_20_139,7.3763013,0.5479088
c_1_20_140,6.449043,-1.5803012
c_1_20_141,3.0437415,0.56339836
c_1_20_142,2.1845493,-3.904742
c_1_20_143,2.8848114,3.1930354
c_1_20_144,4.966922,2.3983727
c_1_20_145,2.3883781,5.358632
c_1_20_146,1.7483574,-3.1445665
c_1_20_147,3.30378,2.964479
c_1_20_148,3.7891316,1.2809228
c_1_20_149,2.937212,4.8531694
c_1_20_150,3.3796358,0.16598262
c_1_20_151,5.512918,3.5999582
c_1_20_152,3.0143602,3.4400833
c_1_20_153,6.4881945,2.21487
c_1_20_154,7.286082,1.0176895
c_1_20_155,7.438981,0.74420375
c_1_20_156,4.3812184,-0.6218867
c_1_20_157,2.2590241,-3.6125288
c_1_20_158,4.3050156,-0.48487848
c_1_20_159,4.9075046,0.86847055
c_1_20_160,5.67064,4.1035767
c_1_20_161,3.0122936,3.2586591
c_1_20_162,3.3708968,-3.8299952
c_1_20_163,4.1180463,0.7447828
c_1_20_164,5.1189384,3.964888
c_1_20_165,2.3695285,5.367616
c_1_20_167,3.6124966,-1.0820749
c_1_20_168,3.8357987,2.2509198
c_1_20_169,8.2959175,2.1612165
c_1_20_170,6.8664627,0.78239524
c_1_20_171,4.0418253,2.321376
c_1_20_172,4.1817656,0.19041285
c_1_20_173,2.199389,2.2558146
c_1_20_174,5.892578,2.6822681
c_1_20_175,3.4450417,-1.5681732
c_1_20_176,4.823337,1.2564646
c_1_20_177,4.254704,2.0935724
c_1_20_178,5.7754097,4.165276
c_1_20_179,1.7206432,-3.132522
c_1_20_180,8.681788,-0.005538907
c_1_20_181,3.2926137,3.1998975
c_1_20_182,4.5880322,0.7725941
c_1_20_183,4.921905,0.48402414
c_1_20_184,2.459865,-3.4406672
c_1_20_185,4.0123544,4.284559
c_1_20_186,3.6468995,3.111243
c_1_20_187,3.3959076,1.7114908
c_1_20_188,3.9809232,4.874128
c_1_20_189,3.0418022,3.516771
c_1_20_190,3.8175538,0.23421693
c_1_20_191,3.934817,1.2563195
c_1_20_192,7.088916,0.08666146
c_1_20_193,3.4046185,2.4051242
c_1_20_194,5.962385,1.7490064
c_1_20_195,7.8385234,0.13707906
c_1_20_196,2.5994005,-3.5237632
c_1_20_197,3.7471995,4.2016344
c_1_20_198,3.6814117,-0.075812496
c_1_20_199,3.569234,-2.2626224
c_1_20_200,4.043778,3.985652
c_1_20_201,3.1736827,4.5994463
c_1_20_202,3.9973714,1.0283289
c_1_20_203,4.455696,0.4480571
c_1_20_204,2.4547367,1.2362766
c_1_20_205,2.7124453,5.406766
c_1_20_206,2.7148747,-2.5473185
c_1_20_207,5.558336,2.0442002
c_1_20_208,4.2262397,1.7929364
c_1_20_209,2.5855374,1.1524048
c_1_20_210,5.221162,-0.4166132
c_1_20_211,6.4547105,-0.54665637
c_1_20_212,4.2821946,1.5161483
c_1_20_213,3.6686928,2.8467202
c_1_20_214,2.9576094,3.7624924
c_1_20_215,3.3390608,2.5782652
c_1_20_216,4.6053543,-0.39194688
c_1_20_217,3.62146,0.45732692
c_1_20_218,3.177529,1.3440542
c_1_20_219,4.7622805,3.951655
c_1_20_220,5.5522494,3.4407735
c_1_20_221,2.9189553,5.1510673
c_1_20_222,3.3197095,3.3371828
c_1_20_223,5.661492,2.530186
c_1_20_224,3.5331547,3.601622
c_1_20_225,8.424008,0.5102637
c_1_20_226,2.3431513,-0.510196
c_1_20_227,4.3175974,2.828888
c_1_20_228,3.9571137,2.7124815
c_1_20_229,3.184711,-2.308936
c_1_20_230,2.2221875,1.7393596
c_1_20_231,1.6098473,-1.2605172
c_1_20_232,3.1406004,3.4008648
c_1_20_233,7.767716,1.2989029
c_1_20_234,3.6415484,1.3258076
c_1_20_235,5.861608,-0.46654058
c_1_20_236,4.650822,0.54702336
c_1_20_237,2.6113346,4.912619
c_1_20_238,5.2033963,0.9556426
c_1_20_239,3.0429518,0.74961454
c_1_20_240,1.5960855,4.319232
c_1_20_241,3.332975,4.945665
c_1_20_242,3.0342324,1.7904824
c_1_20_243,3.7312896,1.5314506
c_1_20_244,3.1252258,1.9124817
c_1_20_245,2.786566,3.455093
c_1_20_246,2.598641,3.0683472
c_1_20_247,4.0882034,0.1347833
c_1_20_248,7.048275,0.6694245
c_1_20_249,5.5879874,4.3463917
c_1_20_250,3.7809305,0.5244351
c_1_20_251,5.0750327,1.8495779
c_1_20_252,2.256369,0.5729948
c_1_20_253,5.130946,3.6042213
c_1_20_254,3.7456667,1.8956333
c_1_20_255,3.3097134,-3.1240222
c_1_20_256,2.8735268,1.3589404
c_1_20_257,4.349317,1.2064179
c_1_20_258,5.095316,-0.06577489
c_1_20_259,5.700169,-0.34013203
c_1_20_260,6.290627,-2.2206013
c_1_20_261,2.0177495,5.242717
c_1_20_262,3.554567,0.86296725
c_1_20_263,6.456352,1.1588303
c_1_20_264,6.1247516,3.9584043
c_1_20_265,1.7369736,2.1060996
c_1_20_266,3.5944839,1.0221305
c_1_20_268,3.159567,1.8814527
c_1_20_269,3.5751235,2.425144
c_1_20_270,3.664416,2.2502177
c_1_20_271,2.3427105,1.6117715
c_1_20_272,5.318368,-2.1140685
c_1_20_273,4.732335,-1.1392165
c_1_20_274,4.5317473,1.960712
c_1_20_275,1.9890332,0.44931266
c_1_20_276,8.840471,1.8225719
c_1_20_277,2.48654,1.3089077
c_1_20_278,4.0272074,0.75943756
c_1_20_279,4.2186303,1.2503335
c_1_20_280,7.644431,3.4146473
c_1_20_281,2.006524,-2.1878319
c_1_20_282,2.144899,2.357559
c_1_20_283,5.740713,0.16765557
c_1_20_284,3.2175639,4.6633945
c_1_20_285,3.6605394,1.8656265
c_1_20_286,4.959291,1.9151498
c_1_20_287,3.539102,0.43126076
c_1_20_288,3.0508065,1.7193366
c_1_20_289,5.5894513,-0.16043553
c_1_20_290,3.66947,2.4727228
c_1_20_291,4.651028,2.2551184
c_1_20_292,4.509054,1.100298
c_1_20_293,4.071534,-0.0783681
c_1_20_294,4.881475,0.86127925
c_1_20_295,2.4081557,1.3036491
c_1_20_296,5.676189,2.2493024
c_1_20_297,6.8421006,-0.43144703
c_1_20_298,3.2958994,3.593384
c_1_20_299,5.9069667,0.7874913
c_1_20_300,2.6913066,1.7710397
c_1_20_301,1.9719695,-2.6595743
c_1_20_302,1.0823749,2.745532
c_1_20_303,3.13849,4.1346445
c_1_20_304,7.1266956,2.0232131
c_1_20_305,3.685015,3.3442657
c_1_20_306,4.058341,1.2769957
c_1_20_307,4.0614576,-0.6350028
c_1_20_308,4.2120047,-1.7307371
c_1_20_309,2.9135447,3.271128
c_1_20_310,4.5391192,1.3118812
c_1_20_311,2.7241151,1.0332423
c_1_20_312,3.456869,-2.8092527
c_1_20_313,3.5278225,-2.9251504
c_1_20_314,5.7964997,1.0708089
c_1_20_315,2.8098872,3.8211415
c_1_20_316,3.514922,0.75277555
c_1_20_317,3.2474837,1.8463852
c_1_20_318,2.7669413,-0.6098976
c_1_20_319,4.2587004,1.7477106
c_1_20_320,4.026065,1.7810078
c_1_20_321,2.4262922,2.6154368
c_1_20_322,2.630869,2.1408186
c_1_20_323,4.9464173,0.9193631
c_1_20_324,4.0182977,-0.04267064
c_1_20_325,3.2229471,2.1898355
c_1_20_326,4.1449933,1.9414403
c_1_20_327,3.5543766,-8.014355e-05
c_1_20_328,5.6021404,3.4599137
c_1_20_329,2.5817094,5.05476
c_1_20_330,6.0005465,0.4512285
c_1_20_331,3.6745994,1.7261534
c_1_20_332,3.7147171,1.5474123
c_1_20_333,3.2342637,-1.9054344
c_1_20_334,3.5174053,3.4292452
c_1_20_335,3.143156,3.635337
c_1_20_336,2.5115023,0.33423683
c_1_20_337,6.125495,2.1565056
c_1_20_338,2.5427701,5.5955343
c_1_20_339,4.583759,2.1690645
c_1_20_340,4.164309,1.4617735
c_1_20_341,2.6651094,5.0119243
c_1_20_342,3.6858778,1.398116
c_1_20_343,2.9034915,1.8006048
c_1_20_344,4.2174854,1.3949962
c_1_20_345,3.7856956,1.4525623
c_1_20_346,3.944937,1.5218945
c_1_20_347,2.9607532,3.82321
c_1_20_348,5.997111,2.8295422
c_1_20_349,3.8521535,2.1142023
c_1_20_350,3.9117556,4.1772127
c_1_20_351,3.372843,2.391728
c_1_20_352,3.151387,3.8897908
c_1_20_353,3.548843,0.87478644
c_1_20_354,2.8151357,5.3272505
c_1_20_355,3.1314626,1.9125742
c_1_20_356,4.270136,1.808187
c_1_20_357,3.835309,1.4067149
c_1_20_358,4.4666505,3.9603724
c_1_20_359,6.167331,1.912162
c_1_20_360,4.84205,0.3606998
c_1_20_361,4.7718105,2.297245
c_1_20_362,3.114626,3.2760808
c_1_20_363,6.128344,-0.2166862
c_1_20_364,3.22872,3.252578
c_1_20_365,2.3332474,-4.024804
c_1_20_366,2.9723735,0.8870321
c_1_20_367,3.1567764,1.0890203
c_1_20_368,4.3814597,0.2945317
c_1_20_369,2.5840232,5.251327
c_1_20_370,4.2484245,3.9210992
c_1_20_371,2.9211016,2.4554594
c_1_20_372,3.4117763,0.50531477
c_1_20_373,7.130616,-0.7576187
c_1_20_374,7.768359,1.0797507
c_1_20_375,3.5535903,3.0496442
c_1_20_376,6.6261225,2.0787687
c_1_20_377,3.5276191,1.3612616
c_1_20_378,5.4024496,2.5476308
c_1_20_379,2.3045228,-3.5787075
c_1_20_380,3.522933,2.9696686
c_1_20_381,8.012527,0.48144475
c_1_20_382,2.0302176,5.203876
c_1_20_383,2.9106584,1.201268
c_1_20_384,3.1489794,2.6248314
c_1_20_385,2.2741778,-2.4671283
c_1_20_386,2.5944295,0.6729376
c_1_20_387,5.015366,0.23739542
c_1_20_388,3.15969,1.6380502
c_1_20_389,3.2696428,3.259318
c_1_20_390,3.0825818,1.1604453
c_1_20_391,5.080755,2.4990277
c_1_20_392,3.73063,2.3538432
c_1_20_393,3.866211,1.6256832
c_1_20_394,3.9318182,0.17027695
c_1_20_395,3.4109933,2.807005
c_1_20_396,4.833545,0.12469757
c_1_20_397,3.2917144,-2.5543375
c_1_20_398,4.9812307,2.0527697
c_1_20_399,2.2273364,0.10098853
c_1_20_400,4.4978757,2.99305
c_1_20_401,2.0267196,-3.801962
c_1_20_402,3.1001,2.0810664
c_1_20_403,3.6822948,1.0803946
c_1_20_404,4.437044,2.3482854
c_1_20_405,3.6319058,1.9888043
c_1_20_406,3.5932248,0.52906173
c_1_20_407,3.9094005,2.693396
c_1_20_408,3.739851,-0.13314916
c_1_20_409,3.1512797,1.0806777
c_1_20_410,6.8745885,3.2903988
c_1_20_411,5.2445235,1.6454936
c_1_20_412,4.290236,1.3048606
c_1_20_413,2.7948089,-1.1018621
c_1_20_414,3.609685,1.832283
c_1_20_415,3.5984542,1.3235015
c_1_20_416,4.2800536,2.9173625
c_1_20_417,4.588262,0.15042353
c_1_20_418,4.0715637,1.3607877
c_1_20_419,2.7899864,1.2461169
c_1_20_420,4.8419356,1.2926568
c_1_20_421,3.7269642,2.5634322
c_1_20_422,3.438273,1.4709888
c_1_20_423,5.119926,-0.46325845
c_1_20_424,5.015792,-1.092414
c_1_20_425,3.025436,1.2482815
c_1_20_426,4.24784,2.0749884
c_1_20_427,4.716083,2.4978788
c_1_20_428,3.7173705,2.276848
c_1_20_429,3.754398,0.59146285
c_1_20_430,3.4348154,-1.0889491
c_1_20_431,3.470444,1.6297235
c_1_20_432,3.266383,0.7039219
c_1_20_433,4.889944,0.13157867
c_1_20_434,4.3903694,-1.5297341
c_1_20_435,3.258338,-0.27210978
c_1_20_436,3.296277,0.9256618
c_1_20_437,2.3052251,-4.045418
c_1_20_438,6.554581,-1.245653
c_1_20_439,4.455906,1.4534906
c_1_20_440,3.9773786,1.9647341
c_1_20_441,3.5410469,0.43994135
c_1_20_442,2.3591332,0.24515374
c_1_20_443,2.8733354,1.2611455
c_1_20_444,4.9760528,0.6825672
c_1_20_445,3.599316,1.897192
c_1_20_446,2.6818032,2.5613208
c_1_20_447,3.7181478,0.6695701
c_1_20_448,4.2132773,2.4439461
c_1_20_449,1.8046538,1.7619306
c_1_20_450,3.2866428,-2.079687
c_1_20_451,3.496902,2.3903384
c_1_20_452,3.2596612,1.5603958
c_1_20_453,4.9658127,1.3877152
c_1_20_454,4.118265,1.208352
c_1_20_455,5.653122,-1.4037515
c_1_20_456,5.9724793,2.5144725
c_1_20_457,3.2695284,2.12527
c_1_20_458,3.4452627,-0.8527147
c_1_20_459,5.731992,0.25549895
c_1_20_460,2.7623398,1.4878246
c_1_20_461,4.074993,2.708185
c_1_20_462,7.034398,0.077819906
c_1_20_463,5.2913494,1.4585508
c_1_20_464,2.915652,2.3936481
c_1_20_465,2.3835123,-2.697245
c_1_20_466,5.3129354,0.45429328
c_1_20_467,4.2794967,-1.4106691
c_1_20_468,4.503597,2.6051717
c_1_20_469,5.420034,-0.93055266
c_1_20_470,4.754997,2.4904711
c_1_20_471,5.6228094,3.5540466
c_1_20_472,4.158953,2.268004
c_1_20_473,5.1350327,1.815683
c_1_20_474,3.8154807,-0.83430845
c_1_20_475,4.5836143,2.141694
c_1_20_476,4.644317,2.4348433
c_1_20_477,4.5704412,0.57468516
c_1_20_478,3.7986555,1.2968163
c_1_20_479,4.5304885,2.6073253
c_1_20_480,5.3039317,1.8777598
c_1_20_481,3.832575,3.2027879
c_1_20_482,3.695612,0.031155257
c_1_20_483,4.1145077,-0.5601888
c_1_20_484,3.5460002,3.2097945
c_1_20_485,4.511234,0.60375
c_1_20_486,6.000744,3.7860522
c_1_20_487,5.1109138,2.937194
c_1_20_488,5.389985,1.7611943
c_1_20_489,7.412887,0.3628221
c_1_20_490,3.1794853,2.760337
c_1_20_491,3.1433942,3.7162611
c_1_20_492,4.6064224,2.073929
c_1_20_493,6.119782,3.2808897
c_1_20_494,3.3118408,0.87147915
c_1_20_495,3.6465816,-0.93082154
c_1_20_496,3.4175787,-0.3622283
c_1_20_497,7.7915044,1.0829085
c_1_20_498,3.2779877,0.14492811
c_1_20_499,3.7237842,-0.76517534
c_1_20_500,3.935326,1.2439805
c_1_20_501,5.242257,2.1902106
c_1_20_502,3.678676,3.1954749
c_1_20_503,4.1941977,0.44652054
c_1_20_504,5.3672824,-0.9124805
c_1_20_505,2.0815794,-3.9226942
c_1_20_506,2.7287333,1.5248129
c_1_20_507,4.7414436,1.1847166
c_1_20_508,3.79469,2.0340133
c_1_20_509,4.818907,1.4760526
c_1_20_510,4.533258,2.1421177
c_1_20_511,3.3742206,2.2695625
c_1_20_512,3.6487362,1.58551
c_1_20_513,2.7164407,-3.3353133
c_1_20_514,3.629125,2.7406309
c_1_20_515,3.7238665,1.8611394
c_1_20_516,3.8265388,1.7048357
c_1_20_517,4.4419565,1.7675277
c_1_20_518,5.872929,0.5560141
c_1_20_519,4.8185873,0.6807542
c_1_20_520,3.3055897,2.3986716
c_1_20_521,3.2118824,3.5651908
c_1_20_522,5.1698155,2.3529563
c_1_20_523,3.2531526,2.2984052
c_1_20_524,2.9759505,0.3499892
c_1_20_525,3.1409662,1.700381
c_1_20_526,4.24525,3.1721575
c_1_20_527,2.2073996,2.1666646
c_1_20_528,3.9159944,2.4328632
c_1_20_529,4.9684987,1.9267985
c_1_20_530,4.7852693,2.2768037
c_1_20_531,3.2758508,2.5989099
c_1_20_532,3.3904617,1.8630177
c_1_20_533,3.5826225,1.4219955
c_1_20_534,7.163398,1.7942891
c_1_20_535,2.3282886,-4.395421
c_1_20_536,3.2479076,2.6266408
c_1_20_537,5.6780853,0.898973
c_1_20_538,2.6169572,1.8222924
c_1_20_539,3.1844914,1.6952127
c_1_20_540,3.3777711,1.3985531
c_1_20_541,2.9917784,-2.5067894
c_1_20_542,3.478229,1.5104094
c_1_20_543,2.8654501,1.6027627
c_1_20_544,3.440121,-0.71451825
c_1_20_545,4.223153,0.6354059
c_1_20_546,4.198713,3.1396742
c_1_20_547,2.6552005,-4.1522493
c_1_20_548,4.585573,0.66903704
c_1_20_549,3.8609664,0.6802124
c_1_20_550,2.7735612,-0.4095853
c_1_20_551,3.6058319,3.9716363
c_1_20_552,8.798985,0.7759113
c_1_20_553,2.5966032,0.7283717
c_1_20_554,4.1674905,1.3812838
c_1_20_555,4.437432,0.17795639
c_1_20_556,7.765663,0.509609
c_1_20_557,3.2322927,3.3690286
c_1_20_558,3.2684374,3.0405507
c_1_20_559,4.5573783,1.4610965
c_1_20_560,3.0469918,3.8562198
c_1_20_561,3.4493577,0.5411492
c_1_20_562,3.151406,2.3555853
c_1_20_563,3.9585428,2.8722494
c_1_20_564,3.9171069,1.9765836
c_1_20_565,4.4284024,1.442249
c_1_20_566,2.5965598,1.8826503
c_1_20_567,5.592628,-2.085824
c_1_20_568,5.6005754,-0.4371255
c_1_20_569,4.8978534,2.5791802
c_1_20_570,4.36852,1.3206972
c_1_20_571,2.264457,-3.251255
c_1_20_572,3.1726165,1.3869824
c_1_20_573,4.516636,0.6930578
c_1_20_574,3.4063978,1.0150098
c_1_20_575,3.4565253,1.4669343
c_1_20_576,3.4913414,1.4185019
c_1_20_577,4.401883,0.9784501
c_1_20_578,3.650306,0.09939471
c_1_20_579,5.088357,2.0966904
c_1_20_580,6.106296,3.885795
c_1_20_581,4.126363,0.32444414
c_1_20_582,2.9851692,0.96349406
c_1_20_583,3.3903039,1.0548083
c_1_20_584,4.542073,2.5862892
c_1_20_585,4.7562494,-0.7239616
c_1_20_586,4.0177155,1.2783568
c_1_20_587,4.008866,0.8110077
c_1_20_588,3.6154716,0.61768305
c_1_20_589,3.145818,3.9523814
c_1_20_590,3.6112645,-0.74525636
c_1_20_591,3.8718755,0.76157475
c_1_20_592,2.2213504,0.24283627
c_1_20_593,4.372081,1.7293657
c_1_20_594,2.8062885,2.126583
c_1_20_595,3.4672043,0.6995287
c_1_20_596,3.9654126,1.4436371
c_1_20_597,7.0600677,-1.2586488
c_1_20_598,4.773635,0.8073997
c_1_20_599,5.6761613,0.2615787
c_1_20_600,3.211283,3.6637073
c_1_20_601,4.1623755,0.74167204
c_1_20_602,1.7623595,-2.6479788
c_1_20_603,4.845,0.928641
c_1_20_604,3.546195,1.6148237
c_1_20_605,4.049847,1.5289086
c_1_20_606,3.3327591,0.27925715
c_1_20_607,5.511821,1.2365329
c_1_20_608,3.7954729,0.7484944
c_1_20_609,3.9734669,-0.7091585
c_1_20_610,3.9077759,-0.54539216
c_1_20_611,5.7702727,1.8421328
c_1_20_612,2.9503288,1.5011182
c_1_20_613,3.0266643,3.6937618
c_1_20_614,4.128287,0.5082514
c_1_20_615,5.1783423,-2.2528973
c_1_20_616,5.623305,-0.24767505
c_1_20_617,4.1301904,3.3063297
c_1_20_618,2.3903897,-3.7897518
c_1_20_619,3.0703044,-3.1208107
c_1_20_620,5.475994,-1.1250756
c_1_20_621,3.383183,0.46518293
c_1_20_622,4.9979067,2.2306964
c_1_20_623,2.6577609,1.9411831
c_1_20_624,3.2849975,0.6049109
c_1_20_625,4.4499454,1.4440541
c_1_20_626,5.272305,0.7684363
c_1_20_627,2.4302053,-2.3503387
c_1_20_628,4.215105,0.4410303
c_1_20_629,3.8835673,0.20983136
c_1_20_630,4.12584,0.15323345
c_1_20_631,4.4484253,2.4880633
c_1_20_632,3.3932228,1.5594902
c_1_20_633,5.0515394,2.0466309
c_1_20_634,3.744027,3.0977056
c_1_20_635,3.3073766,0.44436377
c_1_20_636,6.2628703,0.1867492
c_1_20_637,4.316407,0.58101755
c_1_20_638,3.1230402,2.6418784
c_1_20_639,3.6744256,1.5705298
c_1_20_640,3.1306736,3.0801976
c_1_20_641,3.984766,0.4761432
c_1_20_642,3.2956648,-0.8182201
c_1_20_643,6.574586,1.9903158
c_1_20_644,4.402258,2.3553402
c_1_20_645,1.4873954,-2.6296613
c_1_20_646,6.24004,2.9762158
c_1_20_647,7.3167267,1.1551439
c_1_20_648,5.885407,2.45611
c_1_20_649,3.8293426,3.4413755
c_1_20_650,2.781711,1.5079577
c_1_20_651,3.2760549,0.43094438
c_1_20_652,2.7388606,0.89335084
c_1_20_653,3.5174813,0.18036792
c_1_20_654,3.3437376,2.8192303
c_1_20_655,3.1745777,2.4165545
c_1_20_656,4.1400213,0.15449518
c_1_20_657,3.1938088,-3.7296646
c_1_20_658,2.8664677,3.7574286
c_1_20_659,5.0457025,1.8291245
c_1_20_660,3.4611294,0.70640165
c_1_20_661,3.80076,1.594019
c_1_20_662,2.2820847,0.8103658
c_1_20_663,5.1678247,-0.3533431
c_1_20_664,2.1755357,0.565901
c_1_20_665,4.2719116,-2.7569816
c_1_20_666,3.8476036,1.4025902
c_1_20_667,4.657106,2.2343538
c_1_20_668,4.931085,0.26347417
c_1_20_669,5.56119,3.5615036
c_1_20_670,2.6367843,5.0510883
c_1_20_671,5.2583547,-0.28298646
c_1_20_672,4.5737157,0.28831854
c_1_20_673,4.1002417,1.4880816
c_1_20_674,3.0505214,2.3053029
c_1_20_675,5.7317076,1.6111455
c_1_20_676,8.3490505,0.6626248
c_1_20_677,3.5834544,3.4812114
c_1_20_678,2.776008,4.367853
c_1_20_679,4.861275,-0.5202883
c_1_20_680,2.3922586,1.3001791
c_1_20_681,5.3445845,-0.40614328
c_1_20_682,3.251115,1.2293605
c_1_20_683,4.1956773,0.5873048
c_1_20_684,2.8549125,-3.1469274
c_1_20_685,2.3375814,-4.3922095
c_1_20_686,2.5071266,1.034062
c_1_20_687,3.2594993,0.88935405
c_1_20_688,5.2903194,2.1620364
c_1_20_689,3.4564235,-0.63261926
c_1_20_690,3.6871893,0.7507455
c_1_20_691,2.948189,-3.3686807
c_1_20_692,3.5896935,2.1941862
c_1_20_693,3.9861073,2.149927
c_1_20_694,3.0302162,-3.4189317
c_1_20_695,3.1026177,3.3945396
c_1_20_696,5.043331,0.7284663
c_1_20_697,3.4409177,1.7321345
c_1_20_698,3.236973,3.2048068
c_1_20_699,4.164612,3.3359702
c_1_20_700,4.145044,0.66651917
c_1_20_701,3.7490437,-0.30879676
c_1_20_702,3.9869869,1.4211185
c_1_20_703,2.6101012,1.0458375
c_1_20_704,3.4790475,1.0660207
c_1_20_705,3.969183,0.79689026
c_1_20_706,4.4433355,-0.0052192756
c_1_20_707,5.2384787,-1.4966247
c_1_20_708,5.856314,-2.8064559
c_1_20_709,3.35858,0.2834476
c_1_20_710,3.2253187,2.3395612
c_1_20_711,4.5718765,-0.025770672
c_1_20_712,4.400402,0.43863454
c_1_20_713,4.5106206,-0.20839775
c_1_20_714,3.8456292,0.591012
c_1_20_715,3.0517032,0.19969605
c_1_20_716,3.991376,0.8321012
c_1_20_717,3.645359,0.6535034
c_1_20_718,2.9199638,-0.863956
c_1_20_719,4.28851,1.9235704
c_1_20_720,3.3137488,3.1374981
c_1_20_721,4.2843566,1.9670366
c_1_20_722,5.942088,4.017015
c_1_20_723,4.9432793,-2.2715538
c_1_20_724,3.4717944,-0.011335492
c_1_20_725,6.0417957,3.7168634
c_1_20_726,4.2632074,-0.35061195
c_1_20_727,4.787457,0.65249527
c_1_20_728,3.3103652,1.0417737
c_1_20_729,3.6077273,-0.53939974
c_1_20_730,2.6717598,2.2385814
c_1_20_731,3.478991,-2.5167344
c_1_20_732,5.0136895,-0.1824204
c_1_20_733,5.7116346,1.598945
c_1_20_734,3.207916,2.4732506
c_1_20_735,3.6779678,2.6375895
c_1_20_736,4.5672703,-0.029450325
c_1_20_737,4.525447,0.5140775
c_1_20_738,4.257872,1.5360706
c_1_20_739,6.022423,2.8209076
c_1_20_740,4.4359894,0.5340363
c_1_20_741,6.0116944,1.5377077
c_1_20_742,3.7794023,2.2343028
c_1_20_743,3.6333075,2.4377198
c_1_20_744,2.7088158,2.363701
c_1_20_745,4.7057657,1.5681523
c_1_20_746,4.1238766,1.753287
c_1_20_747,4.6752515,1.0955367
c_1_20_748,3.6717036,1.1801152
c_1_20_749,3.9508545,2.8239446
c_1_20_750,3.1718788,0.6102133
c_1_20_751,3.3709857,1.8848118
c_1_20_752,5.1521134,3.9986746
c_1_20_753,6.7715173,2.0814068
c_1_20_754,5.8626227,-0.13631745
c_1_20_755,5.620923,0.31037232
c_1_20_756,4.8848968,1.4824225
c_1_20_757,7.099859,2.0130672
c_1_20_758,4.266982,-0.0864359
c_1_20_759,3.9990172,2.0052688
c_1_20_760,2.640056,0.7376292
c_1_20_761,5.2537303,-0.076812424
c_1_20_762,2.770489,-3.6919236
c_1_20_763,3.7642515,1.7446297
c_1_20_764,3.3789067,0.6059702
c_1_20_765,5.461038,0.4391324
c_1_20_766,1.9120117,-2.9550667
c_1_20_767,6.8181643,-0.12045704
c_1_20_768,6.4329143,1.3460562
c_1_20_769,3.3711355,1.4189991
c_1_20_770,6.5519495,3.2016807
c_1_20_771,3.273822,0.49705738
c_1_20_772,3.7425401,2.639865
c_1_20_773,6.0218315,-0.1496816
c_1_20_774,3.325496,1.1177274
c_1_20_775,4.1013,-0.084906936
c_1_20_776,3.5672677,-1.2669271
c_1_20_777,4.362681,0.60515594
c_1_20_778,1.9026963,-3.5357594
c_1_20_779,3.9009624,-2.0792465
c_1_20_780,5.248205,2.309802
c_1_20_781,8.966881,0.54875064
c_1_20_782,2.8790789,3.617316
c_1_20_783,3.9091198,0.6368772
c_1_20_784,3.691207,3.7795098
c_1_20_785,5.6051593,2.6215436
c_1_20_786,3.7475352,3.0609071
c_1_20_787,5.7620783,1.2987299
c_1_20_788,2.3592355,-0.6373109
c_1_20_789,2.876561,4.4833093
c_1_20_790,5.8387814,0.41691446
c_1_20_791,2.713195,0.5988786
c_1_20_792,2.9873033,2.8302472
c_1_20_793,2.1860814,-1.3931502
c_1_20_794,4.18391,-0.7638631
c_1_20_795,4.966126,0.5325743
c_1_20_796,5.9300594,4.1178226
c_1_20_797,6.212336,0.2913154
c_1_20_798,3.842343,3.4926507
c_1_20_799,3.1660874,1.3930342
c_1_20_800,3.2869577,2.4948266
c_1_20_801,7.1411824,0.25798205
c_1_20_802,3.3222578,4.0952377
c_1_20_803,6.15373,1.211601
c_1_20_804,6.5365725,1.0206745
c_1_20_805,2.9823148,-2.98017
c_1_20_806,7.9409966,1.2626449
c_1_20_807,3.2791104,-3.5973763
c_1_20_808,4.436867,-0.5637289
c_1_20_809,3.2142513,3.2203157
c_1_20_810,5.3653345,2.6431887
c_1_20_811,1.3636148,-1.6223688
c_1_20_812,4.7175975,2.5181034
c_1_20_813,5.3897214,2.7982414
c_1_20_814,2.7995455,2.2987518
c_1_20_815,4.7164116,0.46282363
c_1_20_816,1.1375359,2.72494
c_1_20_817,9.553945,1.2348661
c_1_20_818,3.082318,-3.395395
c_1_20_819,8.214224,0.458839
c_1_20_820,2.716171,0.24631462
c_1_20_821,5.016176,0.7982987
c_1_20_822,3.3936687,3.419193
c_1_20_823,3.0810072,3.084281
c_1_20_824,1.9906423,-1.8417752
c_1_20_825,3.68607,-2.5029058
c_1_20_826,9.492012,0.8141414
c_1_20_827,2.7544568,1.8676387
c_1_20_828,3.1960595,4.208147
c_1_20_829,5.0134206,1.9203238
c_1_20_830,3.2412443,0.08686626
c_1_20_831,5.4675517,3.21609
c_1_20_832,2.975386,-3.812641
c_1_20_833,5.2427497,2.0529919
c_1_20_834,7.6881776,0.4809985
c_1_20_835,5.3047338,-1.6596764
c_1_20_836,3.3844628,3.9539587
c_1_20_837,4.011751,0.5339575
c_1_20_838,3.9330695,1.078724
c_1_20_839,5.2973514,0.43079343
c_1_20_840,2.4973757,-0.70364547
c_1_20_841,1.7715154,2.6994307
c_1_20_842,2.131121,4.430061
c_1_20_843,1.8831806,2.5568843
c_1_20_844,3.0700428,3.851166
c_1_20_845,3.2263353,-3.1418169
c_1_20_846,3.03017,3.3929658
c_1_20_847,5.0019774,0.94925547
c_1_20_848,3.3465486,3.6839917
c_1_20_849,3.4062514,4.1291084
c_1_20_850,4.077042,-0.69807297
c_1_20_851,5.1881676,-0.8742321
c_1_20_852,7.974025,0.37716722
c_1_20_853,4.217317,3.6464722
c_1_20_854,0.70977986,3.4104648
c_1_20_855,8.119707,-0.2293535
c_1_20_856,2.6599963,-0.2049536
c_1_20_857,3.7508905,4.232909
c_1_20_858,4.231882,3.1557333
c_1_20_859,2.0954838,5.4278264
c_1_20_860,5.7315984,1.6680968
c_1_20_861,3.4757645,3.0415
c_1_20_862,2.5667198,5.4020705
c_1_20_863,2.4254987,5.5512457
c_1_20_864,3.4582667,-1.5020471
c_1_20_865,5.5333524,0.8226443
c_1_20_866,1.9899776,5.211827
c_1_20_867,2.1025958,5.2472167
c_1_20_868,5.876965,3.7917612
c_1_20_869,3.2555952,4.687452
c_1_20_870,2.094778,3.0907297
c_1_20_871,2.112939,5.5412893
c_1_20_872,1.275534,3.3446734
c_1_20_873,2.804931,-3.7123768
c_1_20_874,8.216699,0.80259186
c_1_20_875,2.9480765,-3.100662
c_1_20_876,4.398056,0.8678115
c_1_20_877,1.845026,4.967837
c_1_20_878,3.9579186,4.442442
c_1_20_879,5.691168,-0.5658328
c_1_20_880,5.3012147,-1.6747874
c_1_20_881,6.55129,0.17621014
c_1_20_882,2.35801,5.280646
c_1_20_883,4.9372497,-1.813261
c_1_20_884,4.6568923,1.0936284
c_1_20_885,3.0545201,-2.120476
c_1_20_886,5.2710276,1.0241927
c_1_20_887,2.491512,-4.21739
c_1_20_888,2.375232,4.7633977
c_1_20_889,4.473035,-0.5822933
c_1_20_890,4.66537,0.86746603
c_1_20_891,5.49824,-2.9456046
c_1_20_892,8.193523,0.082969755
c_1_20_893,4.500153,-0.9361392
c_1_20_894,6.274279,-1.5406643
c_1_20_895,5.3306074,-0.9832383
c_1_20_896,5.66641,-2.828518
c_1_20_897,5.8853273,-1.9124258
c_1_20_898,4.468495,3.7942805
c_1_20_899,6.0539207,-2.9789107
c_1_20_900,2.0828764,-0.1875122
c_1_20_901,6.83781,-0.90589714
c_1_20_902,4.002934,-3.2563908
c_1_20_903,5.1975026,-1.492587
c_1_20_904,2.4243753,-0.14746371
c_1_20_905,6.245901,-2.6900609
c_1_20_906,5.2899513,-2.1682086
c_1_20_907,4.5403485,-1.0487338
c_1_20_908,5.42205,-1.1969008
c_1_20_909,5.723206,0.045909137
c_1_20_910,4.553769,-1.8974452
c_1_20_911,4.4485793,1.4653175
c_1_20_912,6.2958827,-1.2982081
c_1_20_913,5.8282676,-0.98343956
c_1_20_914,5.885118,0.709499
c_1_20_915,4.641017,-3.0813587
c_1_20_916,5.1450586,-2.3522997
c_1_20_917,4.2557573,-2.2961128
c_1_20_918,5.8722086,-1.3789024
c_1_20_919,5.1606455,-3.1346254
c_1_20_920,3.6273472,-0.040818494
c_1_20_921,6.1783195,-3.7585208
c_1_20_922,4.984632,0.42384186
c_1_20_923,3.9273176,-1.5354191
c_1_20_925,5.197951,-2.6073334
c_1_20_926,4.8248224,1.9153842
c_1_20_927,5.559333,-1.7601862
c_1_20_928,2.421324,-3.8464565
c_1_20_929,5.621815,-3.1663852
c_1_20_930,4.4097586,-1.858866
c_1_20_931,5.796787,-3.4659324
c_1_20_932,5.029331,-1.1064404
c_1_20_933,2.1614885,-0.51359016
c_1_20_934,4.3972006,-2.0956821
c_1_20_935,4.4427433,-1.0244652
c_1_20_936,6.791523,-1.928437
c_1_20_938,4.5876985,-3.0085347
c_1_20_939,5.5999446,-3.0612297
c_1_20_940,5.526103,-4.126638
c_1_20_941,5.182594,-1.8761032
c_1_20_942,5.3533173,-3.4740736
c_1_20_943,4.021012,-2.1508849
c_1_20_944,4.497909,-1.8576317
c_1_20_945,2.4639482,-3.2351193
c_1_20_946,4.2578583,-2.4661157
c_1_20_947,4.049903,-3.9319224
c_1_20_948,3.4678583,-1.0249984
c_1_20_949,5.872001,-0.6070745
c_1_20_950,3.936244,-3.619127
c_1_20_951,4.9366856,-1.5500762
c_1_20_952,2.077701,-3.6435373
c_1_20_954,5.0998435,-2.6416886
c_1_20_955,2.2363393,-1.2030876
c_1_20_956,3.0805476,-1.814411
c_1_20_957,9.3604355,0.8153069
c_1_20_958,5.4394383,-3.384719
c_1_20_959,6.8047757,-3.478329
c_1_20_960,7.6733074,-0.27341998
c_1_20_961,1.860366,-3.9479942
c_1_20_962,2.9700537,-2.4134333
c_1_20_963,3.1064808,-0.48892653
c_1_20_964,3.838795,-2.4366422
c_1_20_965,2.8565931,-3.8868814
c_1_20_966,4.6606445,-3.6699133
c_1_20_967,4.7418795,-2.1996388
c_1_20_968,4.631371,0.5708911
c_1_20_969,4.1754327,-2.9911933
c_1_20_970,2.2639651,-1.5969416
c_1_20_971,4.722124,-1.9225245
c_1_20_972,3.865777,-0.90787005
c_1_20_973,4.308992,-2.0441878
c_1_20_974,4.248677,-0.7709194
c_1_20_976,4.2608986,-3.0297992
c_1_20_977,1.7491146,0.021623727
c_1_20_978,5.59564,-1.598515
c_1_20_979,2.7046201,-3.6878119
c_1_20_980,6.8793054,-1.5784588
c_1_20_981,4.932693,-3.2815719
c_1_20_982,8.854532,0.6751404
c_1_20_983,4.4629326,0.37900868
c_1_20_984,1.9901155,-1.8720374
c_1_20_985,6.5009522,-1.2144338
c_1_20_986,4.00175,-3.288322
c_1_20_987,3.8290799,-3.6674852
c_1_20_988,3.4452379,-0.150731
c_1_20_989,6.5361238,-3.914382
c_1_20_990,1.6214741,-2.4348896
c_1_20_991,4.6863837,-0.8014341
c_1_20_992,4.2581754,-3.5722337
c_1_20_993,3.9423995,-1.1496807
c_1_20_994,3.469174,-2.6727967
c_1_20_995,1.9237025,-3.2139602
c_1_20_996,3.7913465,-3.0940397
c_1_20_997,6.413897,-1.9612858
c_1_20_998,4.3362837,-2.5263643
c_1_20_999,3.7396402,-2.5775096
c_1_20_1000,4.126471,-4.0961127
c_1_20_1001,3.5586083,-2.568244
c_1_20_1002,2.421485,-3.0477254
c_1_20_1003,4.097789,-3.7944052
c_1_20_1005,6.746644,-3.1286473
c_1_20_1006,3.2701347,-2.875048
c_1_20_1007,2.7391677,-3.8802712
c_1_20_1008,3.244891,-2.729474
c_1_20_1010,7.3124256,-3.750221
c_1_20_1011,3.0711327,-0.146119
c_1_20_1012,4.6774173,-0.43974218
c_1_20_1013,3.620695,-1.569761
c_1_20_1014,4.029556,-3.0207884
c_1_20_1015,3.1179671,-1.9568508
c_1_20_1017,3.0341148,-0.86473906
c_1_20_1018,4.5067334,-2.3278747
c_1_20_1020,1.9726924,-3.6434453
c_1_20_1021,4.549321,-1.6936008
c_1_20_1022,6.0789843,-0.5771006
c_1_20_1023,3.532419,-0.50152785
c_1_20_1024,6.6239924,-0.14765806
c_1_20_1025,2.0771713,-2.5460212
c_1_20_1026,2.2463522,-4.37553
c_1_20_1027,4.2744656,-0.7163382
c_1_20_1028,2.6148844,-0.691544
c_1_20_1029,3.9365978,-3.3894439
c_1_20_1030,1.706418,-1.260659
c_1_20_1031,1.6550786,3.62102
c_1_20_1032,6.2782154,2.9321265
c_1_20_1033,3.5314884,-1.242869
c_1_20_1034,3.8042867,-3.194673
c_1_20_1035,6.5535913,-4.177722
c_1_20_1036,3.465852,-1.3183737
c_1_20_1037,4.894369,-3.6812127
c_1_20_1038,4.8235044,-2.1787498
c_1_20_1039,6.5247693,-0.33570367
c_1_20_1040,4.915408,1.4341488
c_1_20_1041,4.7389593,1.1742275
c_1_20_1042,9.295074,0.6610426
c_1_20_1043,4.8758254,-1.4612329
c_1_20_1044,4.277143,-2.902293
c_1_20_1045,3.8194478,-1.1621846
c_1_20_1046,4.66093,-3.0751073
c_1_20_1047,5.2495146,-3.1950274
c_1_20_1048,3.0123162,-3.8823273
c_1_20_1049,2.8122308,2.203002
c_1_20_1050,3.310876,-3.86189
c_1_20_1051,2.2993598,-1.3476179
c_1_20_1052,1.3630325,3.8135095
c_1_20_1053,3.1047974,-1.50456
c_1_20_1054,5.8969393,-1.7740757
c_1_20_1055,6.4684324,2.1774642
c_1_20_1056,6.488019,-2.839015
c_1_20_1057,5.6777363,-1.4452486
c_1_20_1058,1.5812557,3.51465
c_1_20_1059,4.785349,-1.9781033
c_1_20_1060,5.1560736,-2.6848252
c_1_20_1061,5.369601,0.01402133
c_1_20_1062,3.8125508,-1.6566447
c_1_20_1063,6.4851584,-0.17325297
c_1_20_1064,3.074363,-0.7263789
c_1_20_1065,0.34863755,2.5298269
c_1_20_1066,4.680128,-0.5929322
c_1_20_1067,5.6636004,-1.9129926
c_1_20_1068,6.4973197,-3.4125671
c_1_20_1069,1.7313644,-0.67219174
c_1_20_1070,8.077821,0.11726933
c_1_20_1071,3.6073818,-3.6415133
c_1_20_1072,5.791158,-3.4684913
c_1_20_1073,1.6638823,-1.1065271
c_1_20_1074,4.9382515,-0.58163774
c_1_20_1075,0.34976628,2.828375
c_1_20_1076,3.928135,-2.1945677
c_1_20_1077,4.7132354,-1.9179999
c_1_20_1078,1.707348,5.456297
c_1_20_1079,6.96756,-2.814026
c_1_20_1080,6.404603,-2.6236453
c_1_20_1081,4.038008,-1.752174
c_1_20_1082,2.1042502,-3.6479428
c_1_20_1083,3.7750397,-3.0426955
c_1_20_1084,6.2296486,-0.9256462
c_1_20_1085,7.062701,-2.5717237
c_1_20_1086,6.7905364,-2.6409903
c_1_20_1087,1.9724649,-3.2456045
c_1_20_1088,2.2581968,-2.6793232
c_1_20_1089,3.391734,-3.3009095
c_1_20_1090,5.3606315,3.4878242
c_1_20_1091,6.341571,3.242469
c_1_20_1092,3.7573159,-2.2463295
c_1_20_1093,3.5426426,-0.067226715
c_1_20_1094,0.9788805,4.241305
c_1_20_1095,5.9454527,-2.2808216
c_1_20_1096,5.16949,-2.1393962
c_1_20_1097,1.9950114,-1.0417839
c_1_20_1098,1.9134746,1.9225285
c_1_20_1099,6.3718,0.039514203
c_1_20_1100,4.078872,-2.4254396
c_1_20_1101,6.2315574,-0.1721813
c_1_20_1102,6.0852823,-2.0946336
c_1_20_1103,1.7528883,-2.4782894
c_1_20_1104,5.3527837,-0.77912825
c_1_20_1105,2.5533056,-2.8973644
c_1_20_1106,3.5221362,-3.0967445
c_1_20_1107,5.518542,-1.1169697
c_1_20_1108,1.9048253,-1.9933472
c_1_20_1109,0.9880779,4.0955434
c_1_20_1110,2.812013,-2.0256174
c_1_20_1111,5.7870097,4.092724
c_1_20_1112,3.0337427,-3.725619
c_1_20_1113,4.5751963,-1.6402242
c_1_20_1114,1.8148273,5.384594
c_1_20_1115,2.851918,-2.3148246
c_1_20_1116,0.6151087,2.7510788
c_1_20_1117,0.6440815,2.6304288
c_1_20_1118,7.041385,0.8585018
c_1_20_1119,4.0798416,-2.3855114
c_1_20_1120,5.796752,3.8602169
c_1_20_1121,1.8566962,-2.8239365
c_1_20_1122,3.2298179,-3.1065257
c_1_20_1123,3.9821975,-2.9248223
c_1_20_1124,1.8831125,4.6406984
c_1_20_1125,2.9614475,3.606851
c_1_20_1126,2.6478093,-2.433474
c_1_20_1127,1.9238669,-3.41027
c_1_20_1128,2.1791422,-0.8986464
c_1_20_1129,1.1680818,-2.045993
c_1_20_1130,2.8306322,-0.4178709
c_1_20_1131,4.543429,-0.6323876
c_1_20_1132,4.342089,-3.45417
c_1_20_1133,3.586183,-0.06384099
c_1_20_1134,0.7658423,2.4709501
c_1_20_1135,0.95767987,4.3655686
c_1_20_1136,7.0565615,2.099252
c_1_20_1137,2.230957,3.5739722
c_1_20_1138,3.0948267,-2.7498784
c_1_20_1139,2.6804724,5.502602
c_1_20_1140,0.8880726,4.167275
c_1_20_1141,2.2128062,-2.98505
c_1_20_1142,3.4430132,-2.901073
c_1_20_1143,2.5508444,-1.7183828
c_1_20_1144,3.600143,-3.0045345
c_1_20_1145,3.5991933,3.3071535
c_1_20_1146,3.0224252,-2.5704837
c_1_20_1147,3.0046842,5.002831
c_1_20_1148,3.4358478,-3.5048518
c_1_20_1149,4.197443,-1.2453271
c_1_20_1150,2.7245455,-3.0410843
c_1_20_1151,2.6826484,-2.2251637
c_1_20_1152,3.8632789,-1.0568424
c_1_20_1153,1.500937,4.851344
c_1_20_1154,2.360452,3.8166883
c_1_20_1155,1.8245465,5.4688797
c_1_20_1156,3.3327692,-1.4098893
c_1_20_1157,2.3774674,1.6152191
c_1_20_1158,3.508017,-1.762752
c_1_20_1159,3.159471,-2.288911
c_1_20_1160,3.3002903,-2.2726142
c_1_20_1161,2.9437354,1.3422168
c_1_20_1162,3.3120418,4.2551413
c_1_20_1163,2.3204453,0.7007439
c_1_20_1164,1.5568899,3.633495
c_1_20_1165,1.9409481,-1.0187615
c_1_20_1166,1.1168694,0.606272
c_1_20_1167,3.8302386,-2.1617303
c_1_20_1168,3.9023445,-2.0143406
c_1_20_1169,3.240381,-1.553148
c_1_20_1170,1.958384,5.365692
c_1_20_1171,0.75092345,3.3884041
c_1_20_1172,2.3296065,-1.9066278
c_1_20_1173,3.549904,-2.2122874
c_1_20_1174,2.9479847,-1.8660705
c_1_20_1175,5.7856593,-1.3458202
c_1_20_1176,1.6749392,5.4720736
c_1_20_1177,2.2105663,-3.1367917
c_1_20_1178,2.747915,0.8970963
c_1_20_1179,1.8805687,-1.5818563
c_1_20_1180,3.2201324,-3.3884249
c_1_20_1181,2.9594042,4.4400024
c_1_20_1182,5.1217575,-0.7265956
c_1_20_1183,6.124313,-0.51390755
c_1_20_1184,0.48480344,3.1868088
c_1_20_1185,3.0678344,-1.6768632
c_1_20_1186,3.962821,-1.7783463
c_1_20_1187,4.2313714,1.5200369
c_1_20_1188,0.8845224,2.9922795
c_1_20_1189,2.412475,3.976162
c_1_20_1190,3.6080225,-3.1082847
c_1_20_1191,1.566607,-0.9006965
c_1_20_1192,2.2359927,-2.5139391
c_1_20_1193,1.8788756,5.0694017
c_1_20_1194,4.7046967,-2.807358
c_1_20_1195,3.2402263,-2.4065838
c_1_20_1196,0.43895328,2.693715
c_1_20_1197,3.3916936,4.247151
c_1_20_1198,0.6928543,2.1251163
c_1_20_1199,2.64865,1.5627413
c_1_20_1200,2.3142195,-2.3454401
c_1_20_1201,5.658352,-0.38808936
c_1_20_1202,6.22039,1.0856323
c_1_20_1203,1.6491836,-1.0810171
c_1_20_1204,0.32237214,2.8849392
c_1_20_1205,3.2853315,-0.32263356
c_1_20_1206,3.4626544,2.9640884
c_1_20_1207,4.1763678,3.5095537
c_1_20_1208,4.8034387,4.2010083
c_1_20_1209,0.8794937,0.2924407
c_1_20_1210,2.096751,5.5915866
c_1_20_1211,4.5034237,-0.42576987
c_1_20_1212,3.2032328,1.0373307
c_1_20_1213,2.0927546,-2.3629336
c_1_20_1214,4.6621275,1.361423
c_1_20_1215,3.03597,4.4394865
c_1_20_1216,2.9258256,-0.8569073
c_1_20_1217,0.4567792,3.3479183
c_1_20_1218,2.3903646,4.2990847
c_1_20_1219,3.5906117,-3.1316288
c_1_20_1220,2.859772,-2.365793
c_1_20_1222,2.5629995,1.7320311
c_1_20_1224,1.6559787,3.6280737
c_1_20_1225,2.942425,3.9175653
c_1_20_1226,4.0675545,-1.4619085
c_1_20_1227,8.175716,3.3916714
c_1_20_1228,3.3266945,3.3502362
c_1_20_1229,6.0766506,1.2701147
c_1_20_1230,6.484495,-2.8953238
c_1_20_1231,5.7515917,-2.0487034
c_1_20_1232,6.227714,4.137169
c_1_20_1233,1.5833046,2.7544549
c_1_20_1234,3.0872583,-3.9808495
c_1_20_1235,1.7516049,1.4807037
c_1_20_1236,7.0075207,-0.53127337
c_1_20_1238,5.4276423,-1.9260521
c_1_20_1239,3.5649967,-2.932015
c_1_20_1240,4.1340632,1.2525969
c_1_20_1241,6.420263,-0.30462041
c_1_20_1242,2.3308969,-4.078201
c_1_20_1243,2.7449503,2.6186283
c_1_20_1244,2.877021,-2.9921412
c_1_20_1245,4.6283555,0.97809464
c_1_20_1246,6.1577034,3.7552557
c_1_20_1247,2.0573401,-1.4914845
c_1_20_1248,3.4967544,-0.18501498
c_1_20_1249,6.430477,1.0958569
c_1_20_1250,3.9706333,1.0154427
c_1_20_1251,5.7257295,-2.2529843
c_1_20_1252,2.3313441,-0.33701
c_1_20_1253,3.3020625,2.0045319
c_1_20_1254,6.817295,-0.3359559
c_1_20_1255,6.102296,0.80346525
c_1_20_1256,2.5345373,-0.7390782
c_1_20_1257,6.919422,-0.8911384
c_1_20_1258,5.9336243,-1.3226995
c_1_20_1259,8.056681,2.9324555
c_1_20_1260,3.8680947,-1.3105276
c_1_20_1261,2.2915478,-3.3095543
c_1_20_1262,4.41005,-0.78726226
c_1_20_1263,3.2686954,-2.8000288
c_1_20_1264,6.005279,-0.3344388
c_1_20_1265,5.845067,0.62226504
c_1_20_1266,6.8713264,-3.3965678
c_1_20_1267,4.067927,-1.623591
c_1_20_1268,5.7293153,4.440719
c_1_20_1269,6.178936,2.2233129
c_1_20_1270,5.59886,-1.6812423
c_1_20_1271,4.7474446,-3.2930803
c_1_20_1272,3.142777,-0.22280265
c_1_20_1273,6.5549026,-0.54131645
c_1_20_1274,5.734097,-1.330581
c_1_20_1275,6.4362454,-1.3273361
c_1_20_1276,4.2436666,-0.16220471
c_1_20_1277,6.9164944,0.37350604
c_1_20_1278,4.1624556,-0.025546532
c_1_20_1279,5.949301,-0.5438856
c_1_20_1280,4.3936687,0.21111968
c_1_20_1281,4.661602,-2.5791671
c_1_20_1282,6.0770054,-1.3809181
c_1_20_1283,4.603798,-2.2610178
c_1_20_1284,5.2570415,-1.8287321
c_1_20_1285,4.146761,-1.4804517
c_1_20_1286,5.7371264,0.849404
c_1_20_1287,3.5597537,-0.42657384
c_1_20_1288,5.6001043,-0.70705175
c_1_20_1289,6.512399,-1.7314065
c_1_20_1290,2.800569,-0.85689205
c_1_20_1291,7.058175,-0.15634502
c_1_20_1292,2.067459,-1.2295474
c_1_20_1293,6.618025,-0.55641145
c_1_20_1294,5.6572676,-2.805675
c_1_20_1295,2.268777,-1.7897099
c_1_20_1296,2.8145835,-3.7839396
c_1_20_1297,5.802814,-1.0825588
c_1_20_1298,6.8112955,0.7830745
c_1_20_1299,5.1105714,-1.0111399
c_1_20_1300,6.2297406,-1.2696557
c_1_20_1301,5.5222306,-0.9809141
c_1_20_1302,4.631031,-2.8784714
c_1_20_1303,2.5893316,-2.1297135
c_1_20_1304,5.8047214,-1.2794914
c_1_20_1305,6.517669,2.7225583
c_1_20_1306,3.732568,-2.4388645
c_1_20_1307,5.302306,-1.4250371
c_1_20_1308,6.212062,-0.54105014
c_1_20_1309,4.1561975,-0.16840065
c_1_20_1310,7.1833134,0.55078334
c_1_20_1311,3.2782557,-1.7748313
c_1_20_1313,6.1491303,0.18067788
c_1_20_1314,5.6481376,-1.1775981
c_1_20_1315,6.2182584,-0.816065
c_1_20_1316,3.9023938,-3.677382
c_1_20_1317,6.8280077,-0.12378326
c_1_20_1318,4.3011374,-1.6577905
c_1_20_1319,7.269785,-1.0633173
c_1_20_1320,5.70049,-1.0160913
c_1_20_1321,4.685423,-0.3317159
c_1_20_1322,3.423534,-2.227339
c_1_20_1323,5.16262,-1.8550406
c_1_20_1324,3.0119658,-0.87163264
c_1_20_1325,4.464374,-1.6449023
c_1_20_1326,6.7128916,-1.2048035
c_1_20_1327,3.6456363,-2.986576
c_1_20_1328,6.405135,-0.1887293
c_1_20_1329,4.1931033,-2.4559069
c_1_20_1330,3.9718246,-3.1563013
c_1_20_1331,4.881444,-2.3648539
c_1_20_1332,4.275754,-0.46916318
c_1_20_1333,3.8052762,-1.3568158
c_1_20_1334,6.664854,-0.7528081
c_1_20_1335,4.392296,-0.915254
c_1_20_1336,1.7926413,-1.6115271
c_1_20_1337,3.7774768,0.03860966
c_1_20_1338,5.26983,-2.0001006
c_1_20_1339,4.4991584,-2.5768037
c_1_20_1340,6.6055136,-1.042047
c_1_20_1341,5.64778,-0.9540924
c_1_20_1342,2.8668497,-2.1391478
c_1_20_1343,2.3335617,0.5728832
c_1_20_1344,4.25542,-3.1890059
c_1_20_1345,5.6027417,-2.6328292
c_1_20_1346,3.3668685,0.018180482
c_1_20_1347,6.7112026,-0.30224615
c_1_20_1348,7.1470046,2.5162895
c_1_20_1349,5.0533543,-1.8731561
c_1_20_1350,5.1090465,-2.7843442
c_1_20_1351,5.8146152,-0.4988851
c_1_20_1352,3.813038,-1.4838521
c_1_20_1353,3.7188296,-0.53651315
c_1_20_1354,3.1182668,0.119300514
c_1_20_1355,5.107076,-2.369242
c_1_20_1356,3.1390924,0.3268246
c_1_20_1357,7.0581503,0.98165804
c_1_20_1358,6.268368,1.3125954
c_1_20_1359,3.7267494,-1.8782542
c_1_20_1360,7.555545,0.22148272
c_1_20_1361,6.0700517,0.1511048
c_1_20_1362,6.7770834,1.1375347
c_1_20_1363,4.699152,-1.1307825
c_1_20_1364,3.0131552,-3.4728937
c_1_20_1365,6.4301167,-0.6730422
c_1_20_1366,6.3229628,-0.3090157
c_1_20_1367,4.8556533,-0.711034
c_1_20_1368,3.4462717,-0.26495865
c_1_20_1369,5.582093,-2.0985339
c_1_20_1370,5.091651,-2.8423905
c_1_20_1371,2.7874665,0.3000339
c_1_20_1372,5.8703895,-1.3816692
c_1_20_1373,5.4540205,-1.9269782
c_1_20_1374,2.8407702,2.567343
c_1_20_1375,4.879444,-2.6388335
c_1_20_1376,5.0631657,-1.0082527
c_1_20_1377,5.622701,-0.5725419
c_1_20_1378,4.9985547,-1.3643937
c_1_20_1379,4.232817,-0.33291852
c_1_20_1380,6.118751,-1.1787202
c_1_20_1381,5.2299037,-0.9824208
c_1_20_1382,6.282402,2.803301
c_1_20_1383,5.661135,0.91767585
c_1_20_1384,4.688749,-2.8381634
c_1_20_1385,3.1605783,-1.7439845
c_1_20_1386,5.251284,-0.5940063
c_1_20_1387,1.1505535,-1.6842893
c_1_20_1388,5.3612685,-0.70996463
c_1_20_1389,6.2385473,-1.8125004
c_1_20_1390,4.400597,4.422336
c_1_20_1391,4.2105646,-1.4351261
c_1_20_1392,5.188082,0.840429
c_1_20_1393,5.704295,-0.122711584
c_1_20_1394,1.3089259,-1.8111414
c_1_20_1395,5.782389,-1.0354509
c_1_20_1396,4.1372657,-0.6184934
c_1_20_1397,6.6554084,-1.0622638
c_1_20_1398,5.2875714,-1.4465675
c_1_20_1399,5.1575828,-3.6414886
c_1_20_1400,6.544944,-1.9450673
c_1_20_1401,1.7844385,-3.2280738
c_1_20_1402,6.7250133,-0.7290202
c_1_20_1403,6.218082,0.96835244
c_1_20_1404,6.114714,-0.7101037
c_1_20_1405,6.239977,2.2621136
c_1_20_1406,2.0538836,-1.1375396
c_1_20_1407,6.736119,-0.77567464
c_1_20_1408,6.360561,1.3995652
c_1_20_1409,2.654084,-2.8154693
c_1_20_1410,3.810757,-2.8181176
c_1_20_1411,6.470879,1.0628843
c_1_20_1412,5.679252,-3.4111955
c_1_20_1413,5.709111,0.10435739
c_1_20_1414,4.793587,-0.34822962
c_1_20_1415,4.8899226,0.013930328
c_1_20_1416,6.277751,-1.1026281
c_1_20_1417,3.4015229,3.1364794
c_1_20_1418,2.380838,5.1368666
c_1_20_1419,3.4997537,-3.295659
c_1_20_1420,6.25568,2.1749327
c_1_20_1421,6.2720394,0.19818358
c_1_20_1422,7.418558,0.08905695
c_1_20_1423,6.036627,-1.4897244
c_1_20_1424,1.5877967,-1.4754454
c_1_20_1425,2.1458685,-1.7156703
c_1_20_1426,4.236188,-2.9498878
c_1_20_1427,2.8593423,-3.1151564
c_1_20_1428,5.127948,-1.9120427
c_1_20_1429,4.414134,-2.0626528
c_1_20_1430,6.4314666,0.57717425
c_1_20_1431,5.1768317,0.9906685
c_1_20_1432,2.6534772,3.052551
c_1_20_1433,4.64182,-1.9455085
c_1_20_1434,3.1146371,0.7739167
c_1_20_1435,5.5651293,3.9775846
c_1_20_1436,5.326533,2.442096
c_1_20_1437,2.6327965,2.1615653
c_1_20_1438,4.2711306,1.6290619
c_1_20_1439,2.9119215,2.8828115
c_1_20_1440,2.1878726,-2.54154
c_1_20_1441,1.6203853,-1.7210052
c_1_20_1442,6.7662134,1.4300511
c_1_20_1443,2.705736,-0.9433294
c_1_20_1444,7.667615,-0.3663847
c_1_20_1445,6.609944,-0.61372745
c_1_20_1446,3.0993664,2.2271385
c_1_20_1447,3.3024697,-0.9783231
c_1_20_1448,5.1891203,-2.2740557
c_1_20_1449,4.1914926,0.52365553
c_1_20_1450,6.351396,4.048503
c_1_20_1451,5.5076213,4.1263356
c_1_20_1452,6.928871,1.4435678
c_1_20_1453,3.5832872,-1.5036466
c_1_20_1454,4.1339674,2.327502
c_1_20_1455,2.9778986,-2.218907
c_1_20_1456,7.023294,1.7743958
c_1_20_1457,4.781921,2.4931107
c_1_20_1458,4.105389,0.26754564
c_1_20_1459,7.01108,2.231805
c_1_20_1460,4.725802,1.0245907
c_1_20_1461,3.4487844,0.26883987
c_1_20_1462,2.7931073,-1.9599197
c_1_20_1463,3.835035,3.0575619
c_1_20_1464,6.045996,2.3340194
c_1_20_1465,2.9629807,-2.6811574
c_1_20_1466,7.0468483,-0.6120585
c_1_20_1467,4.3585443,-1.1654133
c_1_20_1468,5.3066936,-0.18108061
c_1_20_1469,6.5019107,0.6732586
c_1_20_1470,6.2382317,1.9220246
c_1_20_1472,1.8917278,-1.2294666
c_1_20_1473,5.1719804,2.3012135
c_1_20_1474,5.013863,0.15861501
c_1_20_1475,2.237041,-0.21629713
c_1_20_1476,3.638188,1.7853276
c_1_20_1477,3.5579455,-1.4542279
c_1_20_1480,2.6871593,4.4480042
c_1_20_1481,2.0780702,2.1447847
c_1_20_1482,4.0408525,0.095229894
c_1_20_1484,2.1637695,4.783487
c_1_20_1485,2.922445,4.9915814
c_1_20_1486,4.7583604,1.1235523
c_1_20_1488,5.2995095,-0.22505794
c_1_20_1489,6.1977286,-1.0829854
c_1_20_1490,5.6939235,-0.985416
c_1_20_1491,6.089991,1.0844067
c_1_20_1492,2.8895652,4.7818165
c_1_20_1494,5.203523,-1.6337388
c_1_20_1498,6.3509398,-0.56015116
c_1_20_1499,1.8314711,5.4351315
c_1_20_1500,5.1974726,1.5236775
c_1_20_1501,4.6554365,0.66252613
c_1_20_1502,6.0670753,3.4749064
c_1_20_1503,3.343743,1.2305291
c_1_20_1504,3.3425715,3.3353596
c_1_20_1505,7.6538053,0.39437163
c_1_20_1506,6.7326474,-0.76955116
c_1_20_1507,3.120564,1.9261463
c_1_20_1508,7.0666633,-2.9355197
c_1_20_1509,5.8041973,2.727338
c_1_20_1510,5.435338,-0.32377806
c_1_20_1511,2.4179804,4.272493
c_1_20_1512,7.104892,3.9305818
c_1_20_1513,7.6267214,1.2778674
c_1_20_1514,8.445169,0.89386725
c_1_20_1515,4.366234,0.5806628
c_1_20_1516,3.5467105,0.71552
c_1_20_1517,5.9300723,3.8220944
c_1_20_1518,3.0281656,-0.69118226
c_1_20_1519,2.6030273,5.0999713
c_1_20_1520,3.3343153,2.9574904
c_1_20_1521,4.5831957,-3.579962
c_1_20_1522,2.943051,2.480414
c_1_20_1523,2.0032747,4.4986296
c_1_20_1524,5.943923,-0.9579194
c_1_20_1525,1.4657961,3.8612666
c_1_20_1526,4.82966,1.0784897
c_1_20_1527,3.3589973,4.0565553
c_1_20_1528,3.329638,1.4819738
c_1_20_1529,2.3389244,4.987442
c_1_20_1530,4.068272,0.10104246
c_1_20_1531,4.3337736,0.18228835
c_1_20_1532,3.0944757,2.1340806
c_1_20_1533,2.971108,-1.1585648
c_1_20_1534,9.479448,1.4752446
c_1_20_1535,4.6086874,1.3813112
c_1_20_1536,6.856238,-2.3059757
c_1_20_1538,3.516531,-1.2949115
c_1_20_1539,2.9817004,3.3284476
c_1_20_1540,5.956128,2.1116645
c_1_20_1541,4.2474585,0.5016063
c_1_20_1542,3.9609823,-1.7737807
c_1_20_1543,3.4419768,3.8897047
c_1_20_1544,8.933404,0.85787237
c_1_20_1545,4.0362673,3.978063
c_1_20_1546,4.45643,1.3786125
c_1_20_1547,5.109526,1.680068
c_1_20_1548,2.3798094,3.9770188
c_1_20_1549,8.746611,0.5924213
c_1_20_1550,1.1364625,3.486339
c_1_20_1551,4.5407586,-0.8060033
c_1_20_1552,7.878643,0.33604607
c_1_20_1553,1.6209608,0.5124123
c_1_20_1554,6.880216,-0.7454267
c_1_20_1555,0.6314555,2.828841
c_1_20_1556,2.454714,5.495809
c_1_20_1557,8.496833,0.27706784
c_1_20_1558,3.3409789,3.548883
c_1_20_1559,8.074226,0.6638739
c_1_20_1560,2.9136908,3.169186
c_1_20_1562,8.807446,0.58847296
c_1_20_1563,1.163658,0.06493025
c_1_20_1564,6.110296,2.7153676
c_1_20_1565,4.6624126,-1.6002789
c_1_20_1566,6.179789,0.6746971
c_1_20_1567,9.195425,1.2008344
c_1_20_1568,4.6452327,0.38939267
c_1_20_1569,7.2379622,2.5140347
c_1_20_1570,7.909453,0.1488239
c_1_20_1571,4.0129027,4.120932
c_1_20_1572,3.4369204,0.3612815
c_1_20_1573,5.004093,1.8466012
c_1_20_1574,4.1126137,-0.77377135
c_1_20_1575,6.205868,0.52067655
c_1_20_1576,3.0100157,2.284212
c_1_20_1577,5.0172176,1.6984503
c_1_20_1578,6.14531,-0.2961918
c_1_20_1579,6.2846904,0.8782946
c_1_20_1580,9.306941,1.2684563
c_1_20_1581,7.431762,0.5894741
c_1_20_1582,8.339079,0.7915147
c_1_20_1583,6.0169325,0.5965223
c_1_20_1584,4.4369106,0.19410954
c_1_20_1585,7.1399,0.5101575
c_1_20_1586,1.5067891,3.5930781
c_1_20_1587,4.0163684,3.5202982
c_1_20_1588,6.0306163,1.0863568
c_1_20_1589,5.4347982,-0.65272444
c_1_20_1590,5.4629483,2.3834598
c_1_20_1591,3.7691896,-1.6533592
c_1_20_1592,5.0711184,3.5846453
c_1_20_1593,6.7295246,-2.4931946
c_1_20_1594,2.967113,4.7584953
c_1_20_1595,4.2516007,2.4347246
c_1_20_1596,3.1737988,-0.42710838
c_1_20_1597,6.302098,2.8365088
c_1_20_1598,3.309205,2.041466
c_1_20_1599,8.944929,1.5477842
c_1_20_1600,6.977373,2.055737
c_1_20_1601,6.6758757,-0.6212282
c_1_20_1602,3.2194865,4.654245
c_1_20_1603,5.189149,0.21679446
c_1_20_1604,6.9870806,0.24445613
c_1_20_1605,8.095505,-0.17357309
c_1_20_1606,5.618329,4.0546813
c_1_20_1607,3.2369401,3.5691695
c_1_20_1608,8.136274,2.1872747
c_1_20_1609,7.4027853,1.6992935
c_1_20_1610,2.7900107,-1.347108
c_1_20_1611,2.8136663,2.104208
c_1_20_1612,1.6348858,2.6133368
c_1_20_1613,3.6536183,0.47221184
c_1_20_1614,2.8144734,2.0040786
c_1_20_1615,2.5462904,-0.4071891
c_1_20_1616,5.9372716,2.2461326
c_1_20_1617,5.881571,-0.9116753
c_1_20_1618,3.5587125,2.2471051
c_1_20_1619,6.8010664,0.60212505
c_1_20_1620,4.9342375,-0.6071611
c_1_20_1621,9.552028,1.3076851
c_1_20_1622,8.223978,0.953618
c_1_20_1623,3.174684,-0.2566824
c_1_20_1624,6.2829084,3.4127665
c_1_20_1625,1.8434613,2.4242973
c_1_20_1626,3.6851158,2.1756818
c_1_20_1627,7.2159452,1.2764933
c_1_20_1628,4.758652,-1.2272388
c_1_20_1629,7.18774,0.65835905
c_1_20_1630,6.11816,1.1557698
c_1_20_1631,4.092103,2.3109453
c_1_20_1632,5.5979424,4.0480785
c_1_20_1633,4.10145,-2.6298475
c_1_20_1634,4.778059,0.11815538
c_1_20_1635,2.840381,1.629826
c_1_20_1636,6.2641993,3.298188
c_1_20_1637,4.2899218,0.59121263
c_1_20_1638,4.526186,4.0443473
c_1_20_1639,2.7854724,3.70534
c_1_20_1640,7.3854604,0.29270035
c_1_20_1641,4.016036,1.6960354
c_1_20_1642,3.3497286,1.3927804
c_1_20_1643,2.5134501,0.42945468
c_1_20_1644,7.9588294,0.50895697
c_1_20_1645,4.544452,2.358794
c_1_20_1646,4.9817095,2.0731351
c_1_20_1647,7.9539056,-0.079196
c_1_20_1648,4.511349,0.3679418
c_1_20_1649,5.862984,3.1576626
c_1_20_1650,4.6384487,1.5571136
c_1_20_1651,5.361029,1.4098303
c_1_20_1652,5.4970174,4.4430423
c_1_20_1653,5.942132,2.4872227
c_1_20_1654,5.6024876,1.8067988
c_1_20_1655,7.9871106,0.3534162
c_1_20_1656,5.260689,2.7672853
c_1_20_1657,6.391248,3.114319
c_1_20_1658,6.88675,0.85148335
c_1_20_1659,8.909911,1.0991821
c_1_20_1661,4.04985,0.75099915
c_1_20_1662,3.9040697,2.2363393
c_1_20_1663,2.9709446,1.678342
c_1_20_1664,5.089111,-1.1868895
c_1_20_1665,5.580282,2.8612244
c_1_20_1666,2.2343388,3.9525194
c_1_20_1667,7.9722004,0.34859398
c_1_20_1668,7.892614,1.1395473
c_1_20_1669,8.097367,1.1247468
c_1_20_1670,4.2012205,1.32612
c_1_20_1671,5.131736,2.1994877
c_1_20_1672,2.5077062,3.881275
c_1_20_1673,3.5811305,-2.7033086
c_1_20_1674,5.519472,-0.24665755
c_1_20_1675,2.8230052,-1.2775258
c_1_20_1676,4.3534107,0.40125293
c_1_20_1677,6.9488254,0.48770052
c_1_20_1678,7.9256744,0.24357209
c_1_20_1679,3.0008342,4.1369357
c_1_20_1680,6.371921,1.4944078
c_1_20_1681,4.8176136,1.001385
c_1_20_1682,7.5188494,0.31758055
c_1_20_1683,6.399335,-0.30500293
c_1_20_1684,4.654008,-0.4655608
c_1_20_1685,3.5347037,2.9098089
c_1_20_1686,4.483575,0.8263012
c_1_20_1687,4.2741766,-2.430701
c_1_20_1688,5.887477,-0.46868223
c_1_20_1689,7.4830337,3.9838383
c_1_20_1690,2.6642275,5.5831327
c_1_20_1691,3.906901,1.0196224
c_1_20_1692,3.4082115,3.4445517
c_1_20_1693,2.8836117,1.0807778
c_1_20_1694,6.349612,0.9246108
c_1_20_1695,9.16887,1.7834855
c_1_20_1696,5.5275474,-1.0302799
c_1_20_1697,3.2227547,-1.0066363
c_1_20_1698,3.5431902,1.3686277
c_1_20_1699,7.139547,2.007321
c_1_20_1700,4.1288834,1.30106
c_1_20_1701,6.4416823,-3.0140884
c_1_20_1702,6.044515,2.8884354
c_1_20_1703,4.604972,1.1627699
c_1_20_1704,5.7325215,3.293819
c_1_20_1705,5.0049376,0.94157284
c_1_20_1706,3.919094,1.2483727
c_1_20_1707,5.539315,0.25169596
c_1_20_1708,3.3464215,0.9079471
c_1_20_1709,6.2493086,-3.81938
c_1_20_1710,7.031867,0.18569599
c_1_20_1711,9.288263,1.3864381
c_1_20_1712,6.2712936,3.8858304
c_1_20_1713,4.4908543,0.56199914
c_1_20_1714,6.4094424,3.5275946
c_1_20_1715,5.0636764,1.1382711
c_1_20_1716,6.0915403,0.527072
c_1_20_1717,4.0871015,-0.42518333
c_1_20_1718,3.4823575,2.7517457
c_1_20_1719,9.839572,1.3138953
c_1_20_1720,8.274061,0.72473717
c_1_20_1721,8.40784,0.8869471
c_1_20_1722,4.5036063,1.2909347
c_1_20_1723,6.8827057,0.5591457
c_1_20_1724,6.011867,3.8123374
c_1_20_1725,2.4304848,0.7879702
c_1_20_1726,5.107768,-0.61358625
c_1_20_1727,4.648513,4.278128
c_1_20_1728,6.2031255,0.4453479
c_1_20_1729,4.6321425,0.28838652
c_1_20_1730,8.326774,1.4164336
c_1_20_1731,5.7771935,3.5133488
c_1_20_1732,5.0627427,-0.056015685
c_1_20_1733,7.554229,0.31551474
c_1_20_1734,4.175782,4.3244624
c_1_20_1735,5.074954,3.9973624
c_1_20_1736,5.4683914,0.43698454
c_1_20_1737,3.563098,0.50105757
c_1_20_1739,4.1537786,3.9523556
c_1_20_1740,4.911144,-0.5096945
c_1_20_1741,7.3972783,0.89738303
c_1_20_1742,4.7119436,2.0133724
c_1_20_1743,8.656955,1.0556726
c_1_20_1744,5.7353377,4.0054064
c_1_20_1745,4.6899714,2.5453026
c_1_20_1746,4.502914,2.2999697
c_1_20_1747,6.3113174,2.6494555
c_1_20_1748,8.659521,0.6049516
c_1_20_1749,8.99457,1.4565034
c_1_20_1750,4.5039673,4.28445
c_1_20_1751,6.1209507,2.7488499
c_1_20_1752,1.4810863,0.21971044
c_1_20_1753,5.032106,-0.26832262
c_1_20_1754,8.098566,0.010944521
c_1_20_1755,4.721761,2.2867067
c_1_20_1756,5.0132136,0.01164621
c_1_20_1757,3.583321,0.45569038
c_1_20_1758,5.105644,1.4646008
c_1_20_1759,5.8427544,3.7742083
c_1_20_1760,3.7239149,0.5168116
c_1_20_1761,6.4408307,-0.077340685
c_1_20_1762,6.0119786,1.7421474
c_1_20_1763,4.806169,1.1469805
c_1_20_1764,5.3816223,-0.9833411
c_1_20_1765,6.0374117,-2.1634011
c_1_20_1766,3.7626767,4.702565
c_1_20_1767,2.9368856,4.6761584
c_1_20_1768,2.358776,-0.21441527
c_1_20_1769,3.3806868,3.000092
c_1_20_1770,5.0103836,0.19877236
c_1_20_1771,5.112786,2.0504508
c_1_20_1772,5.2050033,-1.3527677
c_1_20_1773,5.9807916,3.9574986
c_1_20_1774,4.9567175,-0.795853
c_1_20_1775,3.9480872,0.6699923
c_1_20_1776,3.797095,1.4891638
c_1_20_1777,3.214516,1.5099449
c_1_20_1778,9.232691,0.8464209
c_1_20_1779,5.663247,1.728734
c_1_20_1780,8.056582,1.0577993
c_1_20_1781,2.8758671,3.2285485
c_1_20_1782,2.6949308,2.2347016
c_1_20_1783,2.6355293,5.3744335
c_1_20_1784,3.4671996,2.6720812
c_1_20_1785,3.618474,2.851361
c_1_20_1786,1.7540541,-0.1809333
c_1_20_1787,5.322376,-0.15361176
c_1_20_1788,3.3456297,2.307698
c_1_20_1789,3.6122248,-0.4060093
c_1_20_1790,4.557297,0.19535543
c_1_20_1791,8.145013,1.3554504
c_1_20_1792,4.701989,0.9965646
c_1_20_1793,4.1036353,2.0059617
c_1_20_1794,5.7548933,3.5005906
c_1_20_1795,6.082183,3.2247322
c_1_20_1796,5.4327817,4.0376124
c_1_20_1797,2.3348672,2.1342824
c_1_20_1798,6.6177845,0.040565748
c_1_20_1799,4.853939,1.4320377
c_1_20_1800,4.0395036,1.0715228
c_1_20_1801,4.497116,2.1568635
c_1_20_1802,4.3930855,2.376241
c_1_20_1803,3.3520367,2.6796904
c_1_20_1804,5.278916,1.124364
c_1_20_1805,3.2467382,2.3879616
c_1_20_1806,6.130911,1.3472546
c_1_20_1807,3.250824,1.9535314
c_1_20_1808,2.8921764,1.6597177
c_1_20_1809,5.289733,3.2036312
c_1_20_1810,3.3814435,-0.46346486
c_1_20_1811,4.583393,0.4365251
c_1_20_1812,4.3335676,2.3056984
c_1_20_1813,3.0913944,3.2791462
c_1_20_1814,3.716934,1.3469698
c_1_20_1815,3.4746158,3.858818
c_1_20_1816,4.737607,2.4772952
c_1_20_1817,3.6804929,0.86946666
c_1_20_1818,8.319402,5.608134
c_1_20_1819,4.5025053,-0.48879114
c_1_20_1820,3.4449203,1.0752982
c_1_20_1821,3.3936899,-0.9074939
c_1_20_1822,4.3643847,0.24139267
c_1_20_1823,9.164265,0.7483385
c_1_20_1824,3.5139823,-1.4453676
c_1_20_1825,4.433332,1.6288865
c_1_20_1826,5.8524914,3.321318
c_1_20_1827,3.397044,0.67238367
c_1_20_1829,5.8728046,2.1409893
c_1_20_1830,3.9144838,0.28387988
c_1_20_1831,3.8477979,1.4489444
c_1_20_1832,6.538307,0.74459445
c_1_20_1833,4.766693,-0.43255404
c_1_20_1834,8.657261,1.9820687
c_1_20_1835,3.6126466,3.2868404
c_1_20_1836,7.101706,1.7335173
c_1_20_1837,6.9785576,0.8763747
c_1_20_1838,2.9146507,0.8374939
c_1_20_1839,8.476352,0.48975205
c_1_20_1840,4.0862193,0.7096997
c_1_20_1841,6.739623,1.1334404
c_1_20_1842,3.1801603,1.9206704
c_1_20_1843,3.6011891,-0.16168287
c_1_20_1844,3.012744,1.8578528
c_1_20_1845,6.2060885,3.700437
c_1_20_1846,7.1456866,1.0852633
c_1_20_1847,4.5323443,-0.93280244
c_1_20_1848,8.792133,1.1306689
c_1_20_1850,7.576853,2.0203938
c_1_20_1851,6.7733316,-1.1818312
c_1_20_1852,3.968672,2.1313286
c_1_20_1853,4.902265,3.729684
c_1_20_1854,2.7178257,1.5282946
c_1_20_1855,6.5672517,-0.16455263
c_1_20_1856,8.276165,0.9099967
c_1_20_1857,2.0414948,1.2723535
c_1_20_1858,6.496079,-0.876915
c_1_20_1859,8.880783,0.4582608
c_1_20_1860,3.1986876,3.354002
c_1_20_1861,5.0649505,-1.8320853
c_1_20_1862,6.5273566,0.30651534
c_1_20_1863,2.4852452,5.588577
c_1_20_1864,3.9413495,1.4812133
c_1_20_1865,4.1987276,0.27408898
c_1_20_1866,3.3563519,0.90076315
c_1_20_1867,2.7529557,1.6246303
c_1_20_1868,4.910055,0.55418056
c_1_20_1869,4.4591312,0.25214365
c_1_20_1870,3.3082488,1.5605446
c_1_20_1871,4.5779386,-1.6999804
c_1_20_1872,2.6002064,1.4628904
c_1_20_1873,4.1194263,-0.88573337
c_1_20_1874,4.99317,0.35024658
c_1_20_1875,4.043984,3.5940096
c_1_20_1876,7.330315,2.655296
c_1_20_1877,3.9383204,1.1265439
c_1_20_1878,7.2415743,0.83654183
c_1_20_1879,3.2880104,-1.3208747
c_1_20_1880,6.762934,1.2008077
c_1_20_1881,7.5409665,0.3907646
c_1_20_1882,3.466157,0.6819162
c_1_20_1883,6.3692665,3.0057757
c_1_20_1884,3.9631698,3.5697274
c_1_20_1885,5.916708,-1.174828
c_1_20_1886,7.55556,0.47674164
c_1_20_1887,4.237091,1.5901574
c_1_20_1888,3.4425192,1.0370535
c_1_20_1889,4.374738,0.41533282
c_1_20_1890,7.08339,1.6896791
c_1_20_1891,4.8012285,1.3272195
c_1_20_1892,3.1326356,3.2662857
c_1_20_1893,4.386189,2.0629022
c_1_20_1894,7.699508,0.68709236
c_1_20_1895,3.751272,2.940384
c_1_20_1896,2.882211,2.1014774
c_1_20_1897,4.323492,2.4088979
c_1_20_1898,4.382674,1.2183652
c_1_20_1899,3.9306326,-0.04553722
c_1_20_1900,4.3781357,4.390214
c_1_20_1901,6.056524,2.4512856
c_1_20_1902,4.4850283,-0.31345102
c_1_20_1903,3.7905877,2.6719155
c_1_20_1904,5.8169007,0.8921999
c_1_20_1905,9.024689,0.63342154
c_1_20_1906,0.94068813,3.7704365
c_1_20_1907,4.423703,0.6242335
c_1_20_1908,3.6735287,0.23608689
c_1_20_1909,8.727836,-0.11119152
c_1_20_1910,3.42969,3.9346483
c_1_20_1911,4.167773,0.9392462
c_1_20_1912,0.84808993,3.0732892
c_1_20_1913,3.0920196,3.0530815
c_1_20_1914,4.6295805,-1.1724064
c_1_20_1915,4.923436,1.1888136
c_1_20_1916,2.8198442,-3.823509
c_1_20_1917,2.368879,1.3371333
c_1_20_1918,8.739181,1.1072717
c_1_20_1919,4.2652884,1.1133841
c_1_20_1920,7.974715,0.70265716
c_1_20_1921,5.172236,0.4723744
c_1_20_1922,5.4375367,-0.5767471
c_1_20_1923,8.24354,1.4539034
c_1_20_1924,5.010749,2.4256694
c_1_20_1925,3.2030087,1.4534858
c_1_20_1926,3.7357595,1.194439
c_1_20_1927,2.511349,2.3037605
c_1_20_1928,4.180927,-0.098272055
c_1_20_1929,3.67034,2.8749585
c_1_20_1930,5.630563,0.07194097
c_1_20_1931,8.2815075,1.5363474
c_1_20_1932,3.480924,4.0318084
c_1_20_1933,7.0716314,1.0691153
c_1_20_1934,4.6505485,0.8056723
c_1_20_1935,2.9094083,1.5456866
c_1_20_1936,4.959288,0.9036992
c_1_20_1937,3.248663,1.4073603
c_1_20_1938,4.2922993,0.61229175
c_1_20_1939,8.6471405,1.8315064
c_1_20_1940,4.978907,-1.077685
c_1_20_1941,3.1755984,2.879364
c_1_20_1942,4.2663,0.49335462
c_1_20_1943,2.485077,1.0406905
c_1_20_1944,3.8046873,0.13957678
c_1_20_1945,6.0645823,-1.1785922
c_1_20_1946,5.250846,4.255669
c_1_20_1947,6.498457,2.0089839
c_1_20_1948,2.5026186,4.272322
c_1_20_1949,2.3503473,0.51366144
c_1_20_1950,4.896778,0.6998924
c_1_20_1951,4.653323,1.6912974
c_1_20_1952,3.2396033,1.516226
c_1_20_1953,4.238163,2.8146098
c_1_20_1954,3.2357543,1.7042556
c_1_20_1955,3.9087691,1.7871702
c_1_20_1956,8.272869,1.2931458
c_1_20_1957,4.6178713,2.086342
c_1_20_1958,3.129921,-3.1820645
c_1_20_1959,7.754954,0.71203023
c_1_20_1960,4.1587353,3.1626508
c_1_20_1961,6.8343344,2.0749981
c_1_20_1962,5.3946424,0.16966902
c_1_20_1963,2.7871609,0.8785883
c_1_20_1964,5.209509,1.772535
c_1_20_1965,7.8475347,1.610353
c_1_20_1966,4.009664,1.6552382
c_1_20_1967,4.1741257,1.7124838
c_1_20_1968,6.7679853,2.7521117
c_1_20_1969,3.738407,-0.9778569
c_1_20_1970,3.3285584,2.415168
c_1_20_1971,5.4212747,0.22959314
c_1_20_1972,4.086157,1.9565512
c_1_20_1973,2.9154546,2.1579847
c_1_20_1974,7.416242,0.61890846
c_1_20_1975,2.487839,-3.6238096
c_1_20_1976,3.2322123,1.2078376
c_1_20_1977,2.9915016,0.38713825
c_1_20_1978,2.7747502,1.4872876
c_1_20_1979,4.461076,1.5503978
c_1_20_1980,2.0492218,-3.8008077
c_1_20_1981,2.0599108,-0.34440705
c_1_20_1982,4.7475424,1.2551996
c_1_20_1983,5.167217,2.0546014
c_1_20_1984,2.9970458,1.042087
c_1_20_1985,5.878398,-1.2999209
c_1_20_1986,4.1904917,1.4504045
c_1_20_1987,4.1380816,1.2324032
c_1_20_1988,6.7723756,-0.527814
c_1_20_1989,3.103937,3.1435025
c_1_20_1990,4.411057,2.835515
c_1_20_1991,5.6861887,1.830138
c_1_20_1993,2.979849,4.173729
c_1_20_1994,6.6853623,-1.2633938
c_1_20_1995,5.088146,-0.41702756
c_1_20_1996,2.7244234,1.0933475
c_1_20_1997,3.6768832,3.2103777
c_1_20_1998,6.216765,2.6764073
c_1_20_2000,7.4148836,0.029078469
c_1_20_2001,3.0028505,3.949698
c_1_20_2002,5.958228,3.7440362
c_1_20_2003,3.007226,0.57463074
c_1_20_2004,7.8592954,2.3527846
c_1_20_2005,3.22981,-2.0133939
c_1_20_2006,3.146712,0.8155712
c_1_20_2007,4.2498097,0.9874228
c_1_20_2008,3.9226491,2.912851
c_1_20_2009,3.6878264,3.7269983
c_1_20_2010,8.380002,0.2366079
c_1_20_2011,6.445381,-0.9886172
c_1_20_2012,3.6977782,-3.2012074
c_1_20_2013,3.7502763,0.99508935
c_1_20_2014,2.9055402,1.2709514
c_1_20_2015,3.3911462,2.845149
c_1_20_2016,2.6297626,1.2562193
c_1_20_2017,3.5108135,1.8013186
c_1_20_2018,3.3344135,1.2202394
c_1_20_2019,2.6067233,1.9636731
c_1_20_2020,3.9718108,1.0204127
c_1_20_2021,4.6351714,0.6421037
c_1_20_2022,4.6164346,0.5252373
c_1_20_2023,3.6791065,2.4479687
c_1_20_2024,3.8604596,2.373965
c_1_20_2025,5.219084,3.9314725
c_1_20_2026,3.7120605,1.8659512
c_1_20_2027,3.8771906,2.188459
c_1_20_2028,4.2814236,2.2239535
c_1_20_2029,3.7913477,0.9477527
c_1_20_2030,7.969708,0.7936198
c_1_20_2031,5.3065324,0.4213752
c_1_20_2032,6.0611396,3.8096764
c_1_20_2033,3.9003859,0.9639483
c_1_20_2035,8.347035,1.0155681
c_1_20_2036,3.3950071,0.49717268
c_1_20_2037,7.9086413,-0.017247397
c_1_20_2038,2.9274049,3.8139467
c_1_20_2039,4.9314213,-1.7015804
c_1_20_2040,2.7349155,0.34883755
c_1_20_2041,4.7793465,2.0550816
c_1_20_2042,6.69886,0.57367206
c_1_20_2043,4.904805,-0.18084536
c_1_20_2044,5.1442795,2.6551075
c_1_20_2045,4.3095613,-0.21229379
c_1_20_2046,3.452213,2.1461592
c_1_20_2047,5.7798142,2.0404103
c_1_20_2048,5.7772074,1.2575161
c_1_20_2049,5.341344,2.360389
c_1_20_2050,6.6561093,-0.2557633
c_1_20_2051,4.7193465,1.9351871
c_1_20_2052,6.7899265,1.8795915
c_1_20_2053,5.1943245,-1.7873075
c_1_20_2054,4.673681,1.7289855
c_1_20_2055,9.292058,3.5104902
c_1_20_2056,4.495607,0.5976744
c_1_20_2057,3.0410588,3.7336063
c_1_20_2058,4.3228784,3.6094859
c_1_20_2059,3.3513875,2.1560464
c_1_20_2060,4.5791245,-0.36787438
c_1_20_2061,3.265801,0.93830675
c_1_20_2062,4.641178,1.0486634
c_1_20_2063,8.833423,1.8322905
c_1_20_2064,7.4991045,0.8132843
c_1_20_2065,8.072431,-0.021789934
c_1_20_2066,2.4489558,1.0558959
c_1_20_2067,4.1163597,0.75618815
c_1_20_2068,5.7376714,2.2776072
c_1_20_2069,5.662534,3.625975
c_1_20_2070,5.187363,-0.41998845
c_1_20_2071,3.2334735,1.3758776
c_1_20_2072,2.7833273,-2.6971815
c_1_20_2073,4.3755302,1.1672326
c_1_20_2075,2.3581846,1.8312333
c_1_20_2076,2.9473214,-1.09447
c_1_20_2077,3.6741393,1.4563801
c_1_20_2079,3.6438618,-1.6103472
c_1_20_2080,3.2026308,1.4176451
c_1_20_2081,4.4918046,2.9049366
c_1_20_2082,1.9806594,1.7344162
c_1_20_2083,3.6312056,0.39346686
c_1_20_2084,3.6110048,0.051118366
c_1_20_2085,3.744336,2.801168
c_1_20_2086,2.7374117,2.6910434
c_1_20_2087,5.0192165,-0.0159826
c_1_20_2088,3.3751445,3.7682872
c_1_20_2089,4.6623106,0.8655749
c_1_20_2090,5.2736087,2.1450498
c_1_20_2091,4.4319897,2.1543863
c_1_20_2092,3.9035192,0.73418236
c_1_20_2093,2.5498812,-0.5418202
c_1_20_2094,3.6272118,3.2773438
c_1_20_2095,2.6823204,1.6059868
c_1_20_2096,2.1535769,0.97813165
c_1_20_2097,3.3746574,3.070202
c_1_20_2098,5.1315446,2.819267
c_1_20_2099,4.0617266,1.043071
c_1_20_2100,5.6225057,0.35217205
c_1_20_2101,5.2485933,0.62891513
c_1_20_2102,3.4601023,2.681335
c_1_20_2103,5.023808,0.609099
c_1_20_2104,4.0776763,0.886066
c_1_20_2105,5.929779,3.6058416
c_1_20_2106,1.3501865,-0.21884975
c_1_20_2107,7.772591,1.2604629
c_1_20_2108,3.4375045,-0.62890047
c_1_20_2109,3.126836,1.1793574
c_1_20_2110,3.3608437,3.2999783
c_1_20_2111,4.225566,3.0876524
c_1_20_2112,4.5775332,0.20735972
c_1_20_2113,5.1748924,1.7227011
c_1_20_2114,8.913643,0.5480978
c_1_20_2115,3.3381174,0.53378886
c_1_20_2116,7.7357244,0.9806275
c_1_20_2117,4.16815,2.3342495
c_1_20_2118,1.1144072,-0.23148195
c_1_20_2119,4.0834913,-0.6605821
c_1_20_2120,2.209637,2.3281994
c_1_20_2121,3.3643446,0.76404905
c_1_20_2122,2.2244174,0.6022879
c_1_20_2123,4.1600623,2.5688148
c_1_20_2124,4.8330536,2.167532
c_1_20_2125,4.490135,2.7340453
c_1_20_2126,6.378519,0.82927233
c_1_20_2127,3.8287768,2.018941
c_1_20_2128,1.4823487,1.2165368
c_1_20_2129,3.4252453,0.6610825
c_1_20_2130,3.6218154,3.6614323
c_1_20_2131,3.3415265,1.2860073
c_1_20_2132,3.2550824,3.0371857
c_1_20_2133,5.6897645,1.1242977
c_1_20_2134,4.08126,1.9990863
c_1_20_2135,2.7792196,0.89974195
c_1_20_2136,3.421818,0.6207168
c_1_20_2137,4.3798003,2.8641698
c_1_20_2138,4.1124196,2.573012
c_1_20_2139,2.9901412,2.3126638
c_1_20_2140,4.1861033,2.066553
c_1_20_2141,3.2419791,2.041981
c_1_20_2142,4.244201,0.79551405
c_1_20_2143,5.889473,-0.04327597
c_1_20_2144,4.203761,1.8876114
c_1_20_2145,3.6982021,1.3225902
c_1_20_2146,8.220013,0.79558796
c_1_20_2147,4.532614,4.066444
c_1_20_2148,9.750735,1.4162557
c_1_20_2149,4.514469,-2.2465074
c_1_20_2150,4.8395023,-1.1511093
c_1_20_2151,4.5394754,1.3496789
c_1_20_2152,4.182569,2.4723768
c_1_20_2153,2.8251026,1.9844912
c_1_20_2154,4.3721995,-1.8531975
c_1_20_2155,4.5033793,0.8189616
c_1_20_2156,5.8199573,3.1677332
c_1_20_2157,3.5658495,-0.73513573
c_1_20_2158,4.653219,2.6686804
c_1_20_2159,3.2039497,-0.7895715
c_1_20_2160,3.3993459,1.6013484
c_1_20_2161,2.1943223,1.3331244
c_1_20_2162,3.9401655,0.17335705
c_1_20_2163,6.06704,3.4685402
c_1_20_2164,4.720962,1.7799801
c_1_20_2165,5.629937,0.81114984
c_1_20_2166,4.312798,2.153299
c_1_20_2167,3.412258,3.9196823
c_1_20_2168,8.5800085,0.947502
c_1_20_2169,6.7961335,-2.115661
c_1_20_2170,8.205944,0.78678256
c_1_20_2171,3.9655964,2.1942947
c_1_20_2172,4.783542,1.6997774
c_1_20_2173,2.2646143,-0.5999423
c_1_20_2174,2.7046955,5.4644995
c_1_20_2175,3.432492,2.2698379
c_1_20_2176,3.6441727,1.8555963
c_1_20_2177,8.619126,1.8628435
c_1_20_2178,4.9453816,1.6664143
c_1_20_2179,4.5789785,-0.9740957
c_1_20_2180,4.6439667,-0.20423391
c_1_20_2181,3.295724,1.3089191
c_1_20_2182,3.857691,2.3882651
c_1_20_2183,4.6826773,1.3760651
c_1_20_2184,2.540791,1.9017164
c_1_20_2185,8.0365,0.63574755
c_1_20_2186,7.058343,0.54495907
c_1_20_2187,3.2066844,2.8887274
c_1_20_2188,5.28252,2.9168162
c_1_20_2189,4.491013,0.042565685
c_1_20_2190,5.7117867,0.5283871
c_1_20_2191,2.7709486,3.541499
c_1_20_2192,7.031977,2.7930024
c_1_20_2193,2.6313615,0.9223914
c_1_20_2194,9.278803,1.2599434
c_1_20_2195,6.8788204,2.2435367
c_1_20_2196,2.1526601,-3.4245572
c_1_20_2197,7.1868906,0.729641
c_1_20_2198,4.2178755,1.8454844
c_1_20_2199,3.9970102,3.2866292
c_1_20_2200,4.8484035,1.4993951
c_1_20_2201,6.1155376,0.86996055
c_1_20_2202,3.8410895,-0.6769595
c_1_20_2203,4.312094,-0.9558017
c_1_20_2204,3.1528938,0.10496633
c_1_20_2205,4.526551,0.19263232
c_1_20_2206,4.4740443,2.7876472
c_1_20_2207,3.0266562,3.5709493
c_1_20_2208,7.9791884,2.0385804
c_1_20_2210,4.5792937,0.45884663
c_1_20_2211,1.9945289,1.1451926
c_1_20_2212,3.6801653,0.030769136
c_1_20_2213,5.6121206,-1.2980123
c_1_20_2214,6.537545,2.6712396
c_1_20_2215,6.6783524,2.1186872
c_1_20_2216,5.6347713,4.3775754
c_1_20_2217,9.195425,1.5106989
c_1_20_2218,4.00559,0.21626359
c_1_20_2219,3.2005699,0.76770127
c_1_20_2220,6.7351384,-3.7147741
c_1_20_2221,4.6144996,1.6316677
c_1_20_2222,3.5644667,0.34256318
c_1_20_2223,3.5125165,-0.9059035
c_1_20_2224,4.6326985,2.2559302
c_1_20_2225,6.0875926,-1.3483752
c_1_20_2226,3.0294752,0.03446915
c_1_20_2227,3.6222806,-0.19836167
c_1_20_2228,7.293943,2.4870083
c_1_20_2229,3.3352258,3.1073105
c_1_20_2230,7.252589,0.61904305
c_1_20_2231,3.48598,1.3965299
c_1_20_2232,1.120388,-0.16473037
c_1_20_2234,5.7008963,0.26675206
c_1_20_2235,3.4445758,0.9767927
c_1_20_2236,6.3382545,2.4816606
c_1_20_2237,8.369976,0.83433276
c_1_20_2238,6.316348,2.253782
c_1_20_2239,4.843608,2.0572903
c_1_20_2240,6.599634,-0.36460644
c_1_20_2241,6.508327,0.653784
c_1_20_2242,3.7493382,1.2995523
c_1_20_2243,3.9820914,1.7579051
c_1_20_2244,4.826377,2.6610913
c_1_20_2245,6.3795867,1.5593374
c_1_20_2246,6.211397,0.81634575
c_1_20_2247,6.067958,0.38568342
c_1_20_2248,5.3152676,1.9311873
c_1_20_2249,4.554848,2.0378203
c_1_20_2250,4.682695,2.6467423
c_1_20_2251,2.331196,-1.6546549
c_1_20_2252,3.6733098,3.3623648
c_1_20_2253,7.6289077,0.25166035
c_1_20_2254,5.2322474,-0.51155525
c_1_20_2255,3.459339,-0.40990084
c_1_20_2256,7.595921,1.3576471
c_1_20_2257,9.576421,1.4230707
c_1_20_2258,6.0211062,1.8314553
c_1_20_2259,6.8060684,0.7449242
c_1_20_2260,6.7633348,0.33056918
c_1_20_2261,5.0216064,1.9489859
c_1_20_2262,3.9181578,-1.9428967
c_1_20_2263,3.1844883,-3.4582274
c_1_20_2264,3.6759322,0.842611
c_1_20_2265,7.3984184,0.23871455
c_1_20_2266,7.228672,0.43170547
c_1_20_2267,5.555193,-0.8381658
c_1_20_2268,4.512033,2.680694
c_1_20_2269,7.0302105,1.7912526
c_1_20_2270,4.1580997,-2.6457496
c_1_20_2271,8.307993,0.47540045
c_1_20_2272,2.9332623,1.8052231
c_1_20_2273,4.0028644,3.2946491
c_1_20_2274,7.732077,0.8559947
c_1_20_2275,3.6199818,-0.22247563
c_1_20_2276,2.4779177,5.677589
c_1_20_2277,3.4683373,1.2600638
c_1_20_2278,5.418685,1.9753433
c_1_20_2279,7.179628,1.8862265
c_1_20_2280,8.274383,0.3122682
c_1_20_2281,2.554534,-0.36897436
c_1_20_2282,3.3460975,2.1986496
c_1_20_2283,8.571721,0.5169055
c_1_20_2284,6.699103,2.0058322
c_1_20_2285,6.7545457,0.30094287
c_1_20_2286,7.663958,-0.053053714
c_1_20_2287,4.2376585,0.30984885
c_1_20_2288,8.588281,2.3628967
c_1_20_2289,4.448543,2.732444
c_1_20_2290,8.413346,1.6655891
c_1_20_2291,3.891221,-0.09038856
c_1_20_2293,3.197027,-1.4324964
c_1_20_2294,2.3608632,1.7085303
c_1_20_2295,4.475971,4.372911
c_1_20_2296,8.695046,3.7408314
c_1_20_2297,3.4146047,1.5955151
c_1_20_2298,3.1452808,1.1721958
c_1_20_2299,4.9145904,-1.06049
c_1_20_2300,7.105775,1.8556446
c_1_20_2301,3.7326448,1.267708
c_1_20_2302,3.4848533,-0.29603156
c_1_20_2303,3.7963006,2.6984046
c_1_20_2304,8.908184,0.54263973
c_1_20_2306,3.5768886,1.0700377
c_1_20_2307,8.472815,1.8947004
c_1_20_2308,4.2734313,0.4540746
c_1_20_2309,3.4289715,-0.7335434
c_1_20_2310,8.662025,1.3236427
c_1_20_2311,1.9185694,2.39158
c_1_20_2312,4.8959856,1.1579525
c_1_20_2313,6.709105,1.4263042
c_1_20_2314,2.6889257,1.218251
c_1_20_2315,8.194308,1.6100597
c_1_20_2316,5.6580944,-0.94093347
c_1_20_2317,4.483068,1.7135292
c_1_20_2318,3.1119323,1.0633373
c_1_20_2319,9.202911,1.3749264
c_1_20_2320,4.167871,0.9098611
c_1_20_2321,4.523657,0.060817588
c_1_20_2322,1.7929531,-0.20367552
c_1_20_2323,4.11284,0.704551
c_1_20_2324,6.881332,1.4768277
c_1_20_2325,3.9825833,1.4288237
c_1_20_2326,6.511927,2.9905345
c_1_20_2327,3.477999,1.4419087
c_1_20_2328,9.352174,1.1237276
c_1_20_2329,4.030617,-0.2895641
c_1_20_2330,8.536382,0.43836752
c_1_20_2331,3.0072784,1.5798458
c_1_20_2332,4.3465014,0.6650322
c_1_20_2333,4.0380087,0.5895113
c_1_20_2334,2.6956336,-0.88244534
c_1_20_2335,8.924627,1.8094493
c_1_20_2336,4.5010552,1.6430688
c_1_20_2337,5.1661854,2.5320742
c_1_20_2338,5.59529,0.9234807
c_1_20_2339,5.934162,-0.2157634
c_1_20_2340,3.19062,2.0499485
c_1_20_2341,6.0078135,-0.16625139
c_1_20_2342,8.288656,0.75943196
c_1_20_2343,6.9068036,0.040102508
c_1_20_2344,2.762948,1.8117445
c_1_20_2345,7.5246353,0.65443385
c_1_20_2346,3.4615421,1.8223294
c_1_20_2347,3.611513,-1.6685026
c_1_20_2348,3.5013614,1.8153732
c_1_20_2349,4.0149927,-1.357326
c_1_20_2350,9.70569,1.2017545
c_1_20_2351,3.2431524,2.158906
c_1_20_2352,8.70169,0.8665215
c_1_20_2353,6.5095625,1.3977351
c_1_20_2354,2.9158099,-1.9930847
c_1_20_2355,5.9541736,3.9268026
c_1_20_2356,3.9777143,-1.3843681
c_1_20_2358,2.4321136,0.38374832
c_1_20_2359,3.6675122,2.2568626
c_1_20_2360,8.974311,0.37269574
c_1_20_2361,8.945614,0.5007127
c_1_20_2362,8.08345,0.76874214
c_1_20_2363,3.7429159,-0.050889384
c_1_20_2364,3.9115355,0.280536
c_1_20_2365,4.702047,0.9761155
c_1_20_2366,3.6919527,0.097515285
c_1_20_2367,6.714908,0.89119077
c_1_20_2368,3.5004227,2.0234828
c_1_20_2369,5.1653895,-0.8332224
c_1_20_2370,3.3170054,-1.6213491
c_1_20_2371,2.6423419,2.2931473
c_1_20_2372,3.0176299,0.91904867
c_1_20_2373,4.2452073,2.1226997
c_1_20_2374,9.40612,0.97598267
c_1_20_2375,2.9249675,-1.7847874
c_1_20_2376,7.0364413,-1.1223909
c_1_20_2378,2.9920905,2.5470297
c_1_20_2379,3.1667662,0.9234753
c_1_20_2380,3.9209864,0.40269837
c_1_20_2381,6.817515,1.5639609
c_1_20_2382,9.633426,1.0745666
c_1_20_2383,8.032699,0.73348254
c_1_20_2384,3.46027,-3.7216945
c_1_20_2385,3.8710554,-1.7787775
c_1_20_2386,3.575032,2.4761524
c_1_20_2387,7.2965436,1.0257262
c_1_20_2388,3.0530562,4.2970967
c_1_20_2389,4.424105,0.24895339
c_1_20_2390,3.8383036,-0.61038274
c_1_20_2391,6.96392,2.098632
c_1_20_2393,3.1864936,2.839346
c_1_20_2394,2.8407261,-0.14461851
c_1_20_2395,8.8712225,2.1137986
c_1_20_2397,5.730267,3.648627
c_1_20_2398,7.2967157,1.5650587
c_1_20_2399,9.603765,1.4182992
c_1_20_2400,2.7254477,-1.461063
c_1_20_2401,4.6008954,0.07856732
c_1_20_2402,2.8941867,1.5506175
c_1_20_2403,1.7803313,0.1329804
c_1_20_2404,4.5626254,0.07359054
c_1_20_2405,2.2914672,-1.1826855
c_1_20_2406,5.62758,1.1708463
c_1_20_2407,2.9851773,-2.9500582
c_1_20_2408,5.357141,1.2701731
c_1_20_2409,3.012119,5.3791523
c_1_20_2410,3.8194823,-0.07377549
c_1_20_2411,3.123443,0.15305364
c_1_20_2412,6.8415785,1.2321423
c_1_20_2413,3.907632,0.99957544
c_1_20_2414,1.9387335,-2.7392464
c_1_20_2415,6.8014,0.6015533
c_1_20_2416,4.4416857,-0.6181048
c_1_20_2417,3.4696817,0.26623845
c_1_20_2418,5.191589,2.0106518
c_1_20_2419,5.5626407,4.52047
c_1_20_2420,4.028016,3.4636173
c_1_20_2421,3.649001,1.7561657
c_1_20_2422,2.6046882,-1.6933805
c_1_20_2423,3.635933,-2.7465806
c_1_20_2424,2.7145262,0.14566524
c_1_20_2425,8.9683,1.7264471
c_1_20_2426,6.501081,2.2279942
c_1_20_2427,2.8489065,-3.5081441
c_1_20_2428,9.938116,1.099316
c_1_20_2429,7.869217,1.0031872
c_1_20_2430,8.238867,0.95151544
c_1_20_2431,5.7417145,1.3540096
c_1_20_2432,3.3172872,2.90332
c_1_20_2433,5.8474174,-0.14401111
c_1_20_2434,4.1774216,-1.6837496
c_1_20_2436,3.824712,0.30413306
c_1_20_2437,8.534803,1.7935157
c_1_20_2438,4.2902474,-1.0531092
c_1_20_2439,2.943199,2.2731197
c_1_20_2440,8.528178,5.0747514
c_1_20_2441,2.8928773,1.8877571
c_1_20_2442,5.970554,1.2250615
c_1_20_2443,5.2117133,0.7311113
c_1_20_2444,3.8336084,-0.3050402
c_1_20_2445,5.8572173,0.504876
c_1_20_2446,2.6185377,-0.081812404
c_1_20_2447,8.047057,2.1542563
c_1_20_2448,7.961219,2.6101491
c_1_20_2449,3.3026986,2.4791565
c_1_20_2450,3.1011462,1.3805927
c_1_20_2451,3.1019568,-0.34594417
c_1_20_2452,2.8580103,-2.0631163
c_1_20_2453,4.9149017,0.64202905
c_1_20_2454,2.5633037,-0.99141115
c_1_20_2455,8.665015,0.38183355
c_1_20_2456,4.415625,-0.4237282
c_1_20_2457,8.563071,1.4346783
c_1_20_2458,5.8908496,2.065814
c_1_20_2459,2.9190907,-1.9625745
c_1_20_2460,3.8191483,-1.7521422
c_1_20_2461,4.2368865,1.9087541
c_1_20_2462,5.147049,2.0324829
c_1_20_2463,3.2027807,-2.8510427
c_1_20_2464,5.772955,0.42366216
c_1_20_2465,6.912683,3.132925
c_1_20_2466,1.5734042,-2.3025587
c_1_20_2467,2.9195797,-0.27693477
c_1_20_2468,4.7355957,3.8130522
c_1_20_2469,8.435845,0.92191076
c_1_20_2470,0.9679195,0.06489527
c_1_20_2471,2.8798473,5.160193
c_1_20_2472,2.348446,-0.7677426
c_1_20_2473,5.669784,0.39372605
c_1_20_2474,9.013231,3.4497285
c_1_20_2475,3.7361903,-2.0480118
c_1_20_2476,2.383443,1.1320655
c_1_20_2477,8.196934,0.33072925
c_1_20_2478,6.045837,0.68726754
c_1_20_2479,4.155875,-0.8146097
c_1_20_2480,9.374338,1.3186798
c_1_20_2481,2.9262486,-3.5889726
c_1_20_2482,4.003779,4.782034
c_1_20_2483,2.870062,-2.5118623
c_1_20_2484,3.5896428,0.103666574
c_1_20_2485,3.0142355,1.2567972
c_1_20_2486,3.258565,-3.78959
c_1_20_2487,4.4744296,0.4539131
c_1_20_2489,3.0789876,2.6181893
c_1_20_2490,2.4158041,-2.1729152
c_1_20_2491,4.642297,0.29238024
c_1_20_2492,3.1804693,4.622984
c_1_20_2493,6.4365897,2.1445036
c_1_20_2494,1.9875365,-1.80651
c_1_20_2495,9.237153,0.3465757
c_1_20_2496,5.5265303,3.3541515
c_1_20_2497,3.1597795,4.4828763
c_1_20_2498,3.89491,-2.0582962
c_1_20_2499,3.8140182,-0.975472
c_1_20_2500,2.6070526,3.6195154
c_1_20_2501,1.9451116,1.8415639
c_1_20_2502,3.5468042,0.97392577
c_1_20_2503,8.321633,2.7469132
c_1_20_2504,3.4161744,4.2038307
c_1_20_2505,3.2059526,1.4721762
c_1_20_2506,4.410235,-3.2917047
c_1_20_2507,7.691451,2.307419
c_1_20_2508,6.9871902,0.0082965875
c_1_20_2509,8.854942,1.8681563
c_1_20_2510,4.9837623,0.26722223
c_1_20_2511,6.260585,2.4582264
c_1_20_2512,7.885124,0.2986468
c_1_20_2513,4.37562,2.5213988
c_1_20_2514,3.4622784,3.0201814
c_1_20_2515,4.7651105,1.4946773
c_1_20_2516,4.836996,0.2951514
c_1_20_2517,1.7405033,-1.8518622
c_1_20_2518,3.1672997,-0.82694465
c_1_20_2519,4.355181,-0.7316733
c_1_20_2520,7.904666,0.6318313
c_1_20_2521,2.2267416,4.1142287
c_1_20_2522,2.9384203,1.8068382
c_1_20_2523,5.0866714,0.27077723
c_1_20_2524,1.6996379,-2.322178
c_1_20_2525,4.5270376,1.3612183
c_1_20_2526,3.8708851,-1.3762412
c_1_20_2527,8.885573,0.82980245
c_1_20_2528,3.1389065,-0.37332225
c_1_20_2529,6.0118976,3.9961755
c_1_20_2530,9.77357,1.2305182
c_1_20_2531,3.1059191,1.8438855
c_1_20_2532,3.428932,3.598915
c_1_20_2533,4.056617,-0.49686742
c_1_20_2534,5.5196996,0.16495936
c_1_20_2535,4.099936,-4.004712
c_1_20_2536,6.6062155,0.30117235
c_1_20_2537,3.8088336,0.7404695
c_1_20_2538,6.6987877,-0.68587154
c_1_20_2539,3.842629,1.1013049
c_1_20_2540,9.518679,0.78685886
c_1_20_2541,3.6429796,-3.2152376
c_1_20_2542,3.2894819,-1.1325899
c_1_20_2543,6.3614836,1.2216245
c_1_20_2544,4.077231,-0.3771278
c_1_20_2545,4.18115,0.32202962
c_1_20_2546,4.119296,0.83493024
c_1_20_2547,3.9015107,-1.0092046
c_1_20_2548,0.39343703,2.8866096
c_1_20_2549,3.1100025,4.8491282
c_1_20_2550,4.8700128,0.10206272
c_1_20_2551,6.9946976,2.1005623
c_1_20_2552,5.1336384,-0.4384219
c_1_20_2553,5.137631,-0.44042
c_1_20_2554,4.261616,-0.24952838
c_1_20_2555,5.089024,0.76711285
c_1_20_2556,1.7818642,-2.2913642
c_1_20_2557,1.7495933,-1.788892
c_1_20_2558,7.084129,1.8846081
c_1_20_2559,1.3168647,-1.7053268
c_1_20_2560,7.276761,0.523889
c_1_20_2561,4.098017,2.149033
c_1_20_2562,5.277623,1.7867112
c_1_20_2563,4.361522,-0.6554513
c_1_20_2564,3.0062287,5.121347
c_1_20_2565,4.51034,2.0510023
c_1_20_2566,4.2412634,-2.1987402
c_1_20_2567,5.657232,-0.13780792
c_1_20_2568,3.272039,0.40387657
c_1_20_2569,9.749909,1.1535847
c_1_20_2570,3.2463346,0.7838579
c_1_20_2571,5.9197903,-0.020149793
c_1_20_2572,2.6461496,-1.6582508
c_1_20_2573,4.5336256,-1.8065559
c_1_20_2574,3.013666,4.3205957
c_1_20_2575,6.1942477,2.9179509
c_1_20_2576,1.8349615,-1.8015132
c_1_20_2577,4.837026,2.087983
c_1_20_2578,7.7210536,0.46874693
c_1_20_2579,4.088872,-3.116622
c_1_20_2580,5.082289,2.78802
c_1_20_2581,2.698895,-1.8549157
c_1_20_2582,1.8956572,-3.3433983
c_1_20_2583,5.339689,1.391541
c_1_20_2584,3.41483,4.878352
c_1_20_2585,2.5269537,-2.6500022
c_1_20_2586,5.92574,4.124038
c_1_20_2587,3.2198215,-0.0348369
c_1_20_2588,4.0662456,-0.36663708
c_1_20_2589,8.784508,0.3849872
c_1_20_2590,2.7605877,0.059392735
c_1_20_2591,5.1763225,-0.22931173
c_1_20_2592,5.2223387,-0.21806838
c_1_20_2593,7.2371936,1.9449097
c_1_20_2594,7.2334466,-0.17531233
c_1_20_2595,2.9632943,-0.10581548
c_1_20_2596,4.640454,-1.8206998
c_1_20_2597,2.911747,-1.953915
c_1_20_2598,3.1484036,3.884396
c_1_20_2599,6.1708446,-0.19914615
c_1_20_2600,4.8490114,-0.035342034
c_1_20_2601,4.806069,1.1086302
c_1_20_2602,5.9789186,-0.68399674
c_1_20_2603,3.0102885,3.6995585
c_1_20_2604,3.9626136,2.911691
c_1_20_2605,5.013589,1.1379391
c_1_20_2606,1.6106229,4.4664993
c_1_20_2607,3.109929,3.8588386
c_1_20_2608,4.3683577,4.2662807
c_1_20_2609,2.9624517,-1.3133757
c_1_20_2610,2.726202,-0.765628
c_1_20_2611,2.6732783,-2.07543
c_1_20_2612,4.138578,-2.081806
c_1_20_2613,6.993586,1.9741775
c_1_20_2614,5.28706,0.6937878
c_1_20_2615,2.176162,-1.7608038
c_1_20_2616,2.376282,-1.464747
c_1_20_2617,5.5260797,2.9259346
c_1_20_2618,7.822398,0.073762536
c_1_20_2619,3.2834506,-0.8020697
c_1_20_2620,3.07698,-1.9496329
c_1_20_2621,4.199393,-0.56503457
c_1_20_2622,4.814974,0.38172027
c_1_20_2623,4.788056,-0.7339758
c_1_20_2624,8.948992,0.675228
c_1_20_2625,7.770426,0.8789238
c_1_20_2626,3.3852887,-1.8502585
c_1_20_2627,5.3872027,-1.2196484
c_1_20_2628,1.7158401,5.0895104
c_1_20_2629,6.966407,1.9690015
c_1_20_2630,2.7058108,4.1118474
c_1_20_2631,5.92792,2.687611
c_1_20_2632,2.1996198,-2.1823516
c_1_20_2633,1.8758355,-1.8757318
c_1_20_2634,5.2941527,1.1291031
c_1_20_2635,3.9460804,1.6095009
c_1_20_2636,2.5249107,-1.3844324
c_1_20_2637,7.4538054,2.800557
c_1_20_2638,5.063031,-3.192052
c_1_20_2639,7.0582128,2.380884
c_1_20_2640,2.2353308,-2.6249993
c_1_20_2641,8.022303,1.5587223
c_1_20_2642,6.8377523,1.1105107
c_1_20_2643,8.219401,0.67436486
c_1_20_2644,5.571474,0.70035917
c_1_20_2646,3.2102947,-0.60607666
c_1_20_2647,2.5211895,-0.7939772
c_1_20_2648,4.477421,-2.44456
c_1_20_2649,2.4893627,-1.5385022
c_1_20_2650,3.820748,-0.9714119
c_1_20_2651,6.1435685,-1.8413017
c_1_20_2653,6.2955556,0.99452335
c_1_20_2654,5.1060467,1.4206183
c_1_20_2655,5.1305585,0.511361
c_1_20_2656,3.4369845,-0.42580664
c_1_20_2657,1.4262476,-1.799773
c_1_20_2658,7.85943,-0.17400242
c_1_20_2659,1.1851963,-1.6630358
c_1_20_2660,3.210713,-0.6233849
c_1_20_2661,2.6588411,-2.9034944
c_1_20_2663,3.0186615,1.5473948
c_1_20_2664,6.153939,1.456318
c_1_20_2665,1.9466224,-0.7515572
c_1_20_2666,7.705535,-0.33975044
c_1_20_2667,5.3464785,2.3774097
c_1_20_2668,3.0002124,-1.8052129
c_1_20_2669,3.2513392,-1.2828531
c_1_20_2671,2.8208525,-0.35223463
c_1_20_2672,5.6257367,-1.0446798
c_1_20_2673,6.061282,-0.6271993
c_1_20_2674,5.570103,-2.4463751
c_1_20_2675,1.879668,-1.7513351
c_1_20_2676,1.9000463,-0.54656506
c_1_20_2677,7.384816,-0.52512133
c_1_20_2678,7.5379643,-2.706113
c_1_20_2679,8.4013405,0.36558324
c_1_20_2680,4.2150965,4.891991
c_1_20_2681,3.5227346,-3.2424512
c_1_20_2682,1.6809722,-2.8373697
c_1_20_2683,5.7033405,0.7765181
c_1_20_2684,3.6857555,-0.74227244
c_1_20_2685,6.808013,0.93084884
c_1_20_2686,1.5082296,-2.9793506
c_1_20_2687,4.418105,-1.9939028
c_1_20_2689,9.717534,0.90133405
c_1_20_2690,3.9374552,2.1331048
c_1_20_2691,2.5403438,-2.4713447
c_1_20_2692,9.455744,1.8500513
c_1_20_2693,3.4890265,-1.4924005
c_1_20_2694,5.852749,-1.7686828
c_1_20_2695,3.3507388,-1.0687504
c_1_20_2697,6.481933,3.673987
c_1_20_2698,5.1798253,1.90841
c_1_20_2699,4.056202,-2.8846889
c_1_20_2701,7.9929605,-0.041812215
c_1_20_2702,5.621846,-1.76647
c_1_20_2703,5.550857,-0.5410273
c_1_20_2704,4.01531,-0.58029383
c_1_20_2705,8.3582945,2.2932284
c_1_20_2706,8.997891,1.8789277
c_1_20_2707,4.0986524,-2.505045
c_1_20_2708,6.997463,0.12772076
c_1_20_2709,1.4554209,-2.127108
c_1_20_2710,6.629133,0.7122312
c_1_20_2711,6.410035,-4.372498
c_1_20_2712,5.220983,-0.8564313
c_1_20_2713,4.667327,1.0574062
c_1_20_2714,3.8353074,3.3025994
c_1_20_2715,6.9907207,0.87992597
c_1_20_2716,5.5100465,-0.876677
c_1_20_2717,7.467043,2.293884
c_1_20_2718,5.8189845,-0.4772993
c_1_20_2719,4.2478495,-2.7955048
c_1_20_2720,3.6382108,-2.6937149
c_1_20_2721,1.7629943,-0.4512672
c_1_20_2724,2.3720598,-3.482908
c_1_20_2725,4.277917,-1.1003455
c_1_20_2726,3.4238017,4.168445
c_1_20_2727,3.8948336,-2.2264216
c_1_20_2728,2.4203494,2.1602685
c_1_20_2729,4.1098423,1.2574041
c_1_20_2730,2.6306846,-1.5533432
c_1_20_2731,7.4582615,0.36335734
c_1_20_2732,3.1711512,4.3714566
c_1_20_2733,4.1729903,-2.350639
c_1_20_2734,1.5832398,-2.576036
c_1_20_2735,4.995137,-1.03043
c_1_20_2736,3.7172544,-2.3041055
c_1_20_2737,5.764101,-1.380931
c_1_20_2738,6.757458,1.2877661
c_1_20_2739,8.680688,0.09147445
c_1_20_2740,3.9374998,-2.6116428
c_1_20_2741,3.2960558,-2.7301083
c_1_20_2743,2.7867591,3.6350632
c_1_20_2744,3.8608673,-0.47102374
c_1_20_2745,9.366573,1.1722049
c_1_20_2746,2.4100227,-2.3776927
c_1_20_2747,3.1908228,-3.200294
c_1_20_2748,3.915916,-0.67900497
c_1_20_2749,4.7296247,-1.4560907
c_1_20_2750,8.435721,0.58629405
c_1_20_2751,6.1070557,1.8565305
c_1_20_2752,0.8635075,0.39470187
c_1_20_2753,7.4908,-0.05635513
c_1_20_2754,3.5865512,-2.0886316
c_1_20_2755,2.9031036,-0.06267771
c_1_20_2756,2.7610786,-3.0018075
c_1_20_2757,8.6014385,0.6238458
c_1_20_2758,1.339846,-2.934732
c_1_20_2759,9.087841,0.90746474
c_1_20_2760,3.388315,-2.8847313
c_1_20_2761,4.3404536,-2.6844466
c_1_20_2762,4.665993,-0.5503913
c_1_20_2763,1.8041099,-0.5181917
c_1_20_2764,5.814473,-0.9503416
c_1_20_2765,3.387525,-2.180858
c_1_20_2766,3.7532308,3.358652
c_1_20_2767,2.0840607,-2.5615094
c_1_20_2768,5.8700757,0.51455307
c_1_20_2769,4.6294217,1.3803813
c_1_20_2770,5.3837814,0.57491577
c_1_20_2772,2.1606607,-2.6711853
c_1_20_2773,5.0122857,-2.505305
c_1_20_2774,5.1682067,-0.46727166
c_1_20_2775,2.862199,-0.73600954
c_1_20_2776,6.9506326,1.7645124
c_1_20_2777,6.6148148,-0.063576005
c_1_20_2778,2.621608,1.4818202
c_1_20_2779,4.805342,0.00944749
c_1_20_2780,3.9730604,0.05319211
c_1_20_2781,8.395932,2.2044091
c_1_20_2782,7.4012003,1.4740268
c_1_20_2783,4.3687105,-2.080459
c_1_20_2784,5.446017,3.996755
c_1_20_2785,2.7126935,-1.5141835
c_1_20_2786,4.2822385,-1.2965264
c_1_20_2788,2.187243,-1.134634
c_1_20_2789,4.730753,-0.23627208
c_1_20_2790,3.1200562,-0.7681544
c_1_20_2791,9.78387,0.62359726
c_1_20_2792,5.500782,3.578335
c_1_20_2793,7.5273337,-2.8451374
c_1_20_2794,6.0593514,0.5250145
c_1_20_2795,4.3093376,-2.8936777
c_1_20_2796,1.7997341,-2.7637837
c_1_20_2797,2.9523911,0.54960173
c_1_20_2798,2.3816087,-1.4765593
c_1_20_2799,3.4117453,-0.7779285
c_1_20_2800,9.570064,0.66852707
c_1_20_2801,5.7113237,4.2759295
c_1_20_2802,7.9948907,0.7442243
c_1_20_2803,1.8998866,0.20567329
c_1_20_2804,1.181057,-2.045297
c_1_20_2805,2.6581745,-2.346568
c_1_20_2806,2.917073,-3.5438254
c_1_20_2807,3.1852062,-0.49821222
c_1_20_2808,3.3479607,0.6036275
c_1_20_2809,7.216933,0.8560286
c_1_20_2810,5.8994546,-1.1048167
c_1_20_2811,5.654397,-0.17723508
c_1_20_2812,9.573614,0.7585018
c_1_20_2813,0.12749705,3.4854324
c_1_20_2815,3.408566,-1.6571084
c_1_20_2816,1.8185279,-1.7269659
c_1_20_2817,2.0300362,-2.3800325
c_1_20_2818,5.34162,-0.3069835
c_1_20_2819,4.4093647,-0.295003
c_1_20_2820,1.2240329,-1.934677
c_1_20_2821,1.5035232,5.4030585
c_1_20_2822,2.6527143,5.849251
c_1_20_2823,2.4352226,0.02078338
c_1_20_2824,6.0913353,-3.5980272
c_1_20_2825,-0.26480564,3.2712636
c_1_20_2826,2.2207785,4.48593
c_1_20_2827,4.945515,0.14813522
c_1_20_2828,2.1581457,-2.4047923
c_1_20_2829,7.445681,0.7831568
c_1_20_2831,1.6875585,-1.0026752
c_1_20_2832,1.3989962,4.1326904
c_1_20_2833,3.9781437,-0.9676774
c_1_20_2834,2.5201612,-2.1998608
c_1_20_2835,5.4126987,-0.40456837
c_1_20_2836,0.68362206,2.87073
c_1_20_2837,2.1361415,-2.3095737
c_1_20_2838,6.272931,-0.38886455
c_1_20_2839,6.904442,-3.1345108
c_1_20_2840,5.6917777,1.5755213
c_1_20_2841,1.9317929,-1.7253546
c_1_20_2842,3.319227,3.493171
c_1_20_2843,7.2392187,1.3643162
c_1_20_2844,5.2141595,0.94417346
c_1_20_2847,3.281282,-1.7897087
c_1_20_2848,5.45593,3.6745987
c_1_20_2849,0.14923692,2.9757729
c_1_20_2850,5.1971364,-1.4351705
c_1_20_2851,3.8971844,-2.1918042
c_1_20_2852,6.3193507,-1.8554518
c_1_20_2853,6.2769985,-0.874874
c_1_20_2854,4.8820972,1.70861
c_1_20_2855,6.687214,1.8607473
c_1_20_2856,6.014608,1.6380568
c_1_20_2857,2.1770654,-1.6875213
c_1_20_2858,1.611357,2.7616115
c_1_20_2859,2.9350512,0.04109476
c_1_20_2860,6.857371,0.90283716
c_1_20_2861,1.1341861,-0.24500863
c_1_20_2862,8.996133,0.5839309
c_1_20_2863,7.1200533,-1.5104626
c_1_20_2865,6.2735877,3.672413
c_1_20_2866,3.1580575,4.159271
c_1_20_2867,0.5265611,2.750893
c_1_20_2868,4.193292,-1.6179012
c_1_20_2869,2.3588564,-1.0082897
c_1_20_2870,5.1049395,2.3695755
c_1_20_2871,2.229302,2.5480735
c_1_20_2872,2.6493466,-1.2128015
c_1_20_2873,7.413086,3.2615542
c_1_20_2874,6.857231,-3.0254688
c_1_20_2875,5.0130167,-0.6053027
c_1_20_2876,-0.0018501068,3.4297802
c_1_20_2877,3.1127243,-3.1268003
c_1_20_2878,5.9916964,0.9527024
c_1_20_2879,6.220271,1.4496795
c_1_20_2880,5.477707,0.8891058
c_1_20_2881,-0.09880335,0.31191483
c_1_20_2882,4.492217,-2.000189
c_1_20_2883,1.9289613,-1.7475023
c_1_20_2884,0.37519068,3.3834248
c_1_20_2885,1.6275502,-1.8983225
c_1_20_2886,3.6388216,-2.6718032
c_1_20_2887,5.288539,-2.0885763
c_1_20_2888,1.513292,-2.5540724
c_1_20_2889,1.9845486,-0.90274954
c_1_20_2890,5.8340874,-2.1807654
c_1_20_2891,5.4043984,-2.1073678
c_1_20_2892,2.3878326,-0.7806493
c_1_20_2893,2.4497602,-1.4952278
c_1_20_2894,2.7315392,-1.1026331
c_1_20_2895,5.121596,4.2645926
c_1_20_2896,4.2997932,0.844232
c_1_20_2897,0.5620092,2.8986192
c_1_20_2898,5.660929,-1.4162079
c_1_20_2900,7.571791,1.1562539
c_1_20_2901,5.1468277,1.1113381
c_1_20_2902,4.7027707,-2.1069849
c_1_20_2904,8.217688,0.66776764
c_1_20_2905,1.9202456,3.6758835
c_1_20_2906,3.5911043,-0.21718435
c_1_20_2907,2.715532,1.0278871
c_1_20_2908,5.081441,-2.2738485
c_1_20_2909,3.3882074,3.7350414
c_1_20_2910,3.3299997,-1.4790388
c_1_20_2911,1.9644278,-0.8410501
c_1_20_2912,4.3209434,-2.9828548
c_1_20_2913,1.1376926,0.77365124
c_1_20_2914,5.31227,4.1924367
c_1_20_2915,2.7475107,5.42987
c_1_20_2916,3.8983,-0.014317815
c_1_20_2917,0.16305459,0.15711741
c_1_20_2918,6.040271,-1.5916085
c_1_20_2919,5.7567887,4.088763
c_1_20_2920,5.001903,1.3904774
c_1_20_2921,6.549848,0.59614384
c_1_20_2922,2.050455,-0.45804083
c_1_20_2923,6.328181,3.6338305
c_1_20_2924,4.5186214,-1.1476378
c_1_20_2925,1.7254956,-0.75057244
c_1_20_2926,4.6041646,0.52417535
c_1_20_2927,2.1305273,2.5364952
c_1_20_2928,3.319995,-2.7660272
c_1_20_2929,2.4893653,4.9904737
c_1_20_2930,7.327107,0.93899626
c_1_20_2931,6.04581,0.12252975
c_1_20_2933,4.235636,4.7870555
c_1_20_2934,1.4018602,-0.6168788
c_1_20_2935,7.4354796,2.9644182
c_1_20_2936,0.72840303,0.06547698
c_1_20_2937,2.1733198,-1.973954
c_1_20_2938,4.2750926,-2.3026593
c_1_20_2939,2.7724354,5.2920866
c_1_20_2940,1.1275454,-2.1413782
c_1_20_2941,2.3154957,-1.7229018
c_1_20_2942,8.062681,0.78202057
c_1_20_2943,1.7839499,-0.31595042
c_1_20_2944,4.4485364,-0.23959093
c_1_20_2945,8.385893,2.7070928
c_1_20_2946,-0.19784264,0.3372654
c_1_20_2947,3.3928452,4.4072905
c_1_20_2948,6.052744,-3.3547268
c_1_20_2949,1.9648358,-1.2914937
c_1_20_2950,7.7902584,2.4126582
c_1_20_2952,3.2068136,-2.435892
c_1_20_2953,3.0990915,-0.7335923
c_1_20_2955,3.6795132,2.98541
c_1_20_2956,2.6208878,1.5177355
c_1_20_2957,5.1142406,0.050514497
c_1_20_2958,2.4582236,-4.209655
c_1_20_2959,1.4251748,3.4767845
c_1_20_2960,4.594308,-0.18630077
c_1_20_2961,6.4651957,1.285806
c_1_20_2962,1.5234091,5.3996944
c_1_20_2963,1.731016,5.2490997
c_1_20_2964,2.5690076,-2.275074
c_1_20_2965,5.7569933,-2.5707662
c_1_20_2966,2.9446557,5.5437794
c_1_20_2967,7.2771688,0.91317356
c_1_20_2968,1.2957567,-2.2062488
c_1_20_2969,1.9964662,0.0759374
c_1_20_2970,-0.078268416,3.5041525
c_1_20_2971,6.5522194,2.85563
c_1_20_2973,0.7277801,2.417074
c_1_20_2974,4.6274076,-0.25314373
c_1_20_2975,4.2359815,-0.3124122
c_1_20_2977,5.6427693,-1.2118806
c_1_20_2978,1.2153554,4.735333
c_1_20_2979,2.922675,5.728229
c_1_20_2980,2.2282217,-0.14590178
c_1_20_2981,1.7105252,-0.675212
c_1_20_2982,5.6583943,2.8524642
c_1_20_2983,2.3195772,-0.9826258
c_1_20_2984,4.644458,-1.9097705
c_1_20_2985,2.6613367,-0.6551744
c_1_20_2986,8.9691925,0.59070414
c_1_20_2987,3.0168176,0.96169084
c_1_20_2988,8.000824,3.8541474
c_1_20_2989,7.3569884,-1.173001
c_1_20_2990,6.582974,0.11760721
c_1_20_2991,3.5289192,-3.446013
c_1_20_2992,4.7586007,-3.5399048
c_1_20_2993,4.5173607,3.7037787
c_1_20_2994,3.9900317,2.6094391
c_1_20_2995,2.2641182,-3.211399
c_1_20_2996,8.229314,2.9400113
c_1_20_2997,5.819739,0.5952017
c_1_20_2998,0.57629716,1.3636853
c_1_20_2999,1.9049797,-1.3558216
c_1_20_3000,4.971104,1.4170036
c_1_20_3001,2.5193536,0.0532241
c_1_20_3002,4.1880064,-2.927452
c_1_20_3003,4.203857,-0.7377202
c_1_20_3004,4.173335,-0.27635944
c_1_20_3005,2.8795455,-3.6008313
c_1_20_3006,3.0616446,3.0490634
c_1_20_3007,2.9639635,1.521498
c_1_20_3008,4.1568217,-1.607758
c_1_20_3009,6.2915897,-2.023287
c_1_20_3010,2.4996433,4.553162
c_1_20_3011,5.752178,-2.0960057
c_1_20_3012,1.0337229,3.4191093
c_1_20_3013,4.8762608,-0.78299385
c_1_20_3014,6.124809,-0.44941992
c_1_20_3015,2.3203382,-1.158278
c_1_20_3016,3.3247042,3.2705092
c_1_20_3017,8.7401085,0.5242251
c_1_20_3018,2.9116724,-3.39626
c_1_20_3020,2.4580834,3.0504065
c_1_20_3021,2.67055,-2.3787792
c_1_20_3022,3.5821376,-1.5217977
c_1_20_3023,1.4988151,3.4958649
c_1_20_3024,2.9354594,5.4103913
c_1_20_3025,5.265403,-0.61948526
c_1_20_3026,3.0793598,-1.5568963
c_1_20_3028,7.8230557,0.79436827
c_1_20_3029,3.6551213,-3.4116647
c_1_20_3030,0.4287405,2.9177635
c_1_20_3031,2.9584243,0.23096938
c_1_20_3032,2.0763135,1.8786535
c_1_20_3033,4.6626344,0.22522363
c_1_20_3034,5.4846206,-1.391863
c_1_20_3035,3.2485104,-1.9485132
c_1_20_3036,1.6078545,-2.4527817
c_1_20_3037,2.5699992,-0.26400164
c_1_20_3038,2.113989,0.10805802
c_1_20_3039,2.4184098,-1.9883784
c_1_20_3040,8.408514,0.18777883
c_1_20_3041,3.395724,0.8248391
c_1_20_3042,2.694348,3.7202451
c_1_20_3043,6.6261806,0.2300098
c_1_20_3044,6.521158,2.5566247
c_1_20_3045,7.313496,2.4987
c_1_20_3046,3.673156,-0.71567506
c_1_20_3047,3.9743938,0.3455674
c_1_20_3048,1.0911198,1.6932018
c_1_20_3049,2.061302,-0.15249325
c_1_20_3050,3.002885,4.149688
c_1_20_3051,1.1829729,-1.5589879
c_1_20_3052,6.929605,-0.8935448
c_1_20_3053,1.4576253,-1.9210527
c_1_20_3054,6.7551384,0.7332559
c_1_20_3055,2.4236212,1.9857016
c_1_20_3056,5.7365646,-1.7049237
c_1_20_3057,2.0594757,-1.9116484
c_1_20_3058,4.3354187,0.32463005
c_1_20_3059,7.1533594,1.8191143
c_1_20_3060,6.5194845,3.3240728
c_1_20_3061,6.4617977,0.99678886
c_1_20_3062,3.6153953,-1.8109288
c_1_20_3064,5.5712442,-1.9100833
c_1_20_3065,2.8289332,5.171933
c_1_20_3066,2.0978658,-0.646339
c_1_20_3067,2.4003947,-1.371706
c_1_20_3068,3.4530377,-3.0795238
c_1_20_3069,4.250195,-2.912013
c_1_20_3070,0.5134762,2.2540917
c_1_20_3072,1.8073275,-3.170331
c_1_20_3074,5.4243836,-1.5703871
c_1_20_3076,2.0072672,0.40008113
c_1_20_3077,2.4508727,-0.25996917
c_1_20_3078,0.34262425,3.45879
c_1_20_3079,3.414127,-1.7693642
c_1_20_3080,2.6722443,-1.2418872
c_1_20_3081,7.6621356,1.0768266
c_1_20_3082,7.630696,2.597739
c_1_20_3083,1.5504695,-2.0644994
c_1_20_3084,4.844598,-1.9123307
c_1_20_3085,1.0240866,-1.8112488
c_1_20_3086,5.175892,-2.275724
c_1_20_3087,5.4387445,3.4037519
c_1_20_3088,6.0621347,-3.6845925
c_1_20_3090,4.035494,-2.4998307
c_1_20_3091,3.2187662,4.679363
c_1_20_3092,1.5923442,-2.0274916
c_1_20_3093,7.640402,2.663995
c_1_20_3094,1.8900412,-1.1998392
c_1_20_3095,6.149628,3.9879189
c_1_20_3096,2.1304646,5.5377965
c_1_20_3097,2.1450086,2.0834084
c_1_20_3098,7.0256333,3.014905
c_1_20_3099,3.2948077,0.011455102
c_1_20_3100,6.237659,1.6123825
c_1_20_3102,1.3753809,-1.8302091
c_1_20_3103,2.9457657,-0.68291146
c_1_20_3104,7.1014786,3.3616762
c_1_20_3105,7.2260513,-0.924662
c_1_20_3106,2.9263391,5.219799
c_1_20_3107,7.027771,3.6934068
c_1_20_3108,7.231292,4.493117
c_1_20_3109,6.1381083,3.2697475
c_1_20_3110,3.973781,0.655685
c_1_20_3111,5.0981865,2.2907174
c_1_20_3112,6.5211816,2.5895476
c_1_20_3113,3.051274,-1.7918235
c_1_20_3114,3.1686652,0.53557295
c_1_20_3115,5.882527,-0.5714023
c_1_20_3116,6.2779903,2.9453306
c_1_20_3117,4.378474,-3.9934387
c_1_20_3118,4.401214,-1.3330927
c_1_20_3119,4.0814214,-0.19563155
c_1_20_3120,6.4544106,-2.0734868
c_1_20_3121,1.7148162,-1.8879882
c_1_20_3123,2.3388276,-0.8230187
c_1_20_3124,6.2569237,-0.7773821
c_1_20_3126,5.853637,-2.4148571
c_1_20_3129,2.3464472,-1.8806677
c_1_20_3130,6.5408134,-0.573701
c_1_20_3131,6.4779143,-1.2036849
c_1_20_3132,3.1071143,-0.062024746
c_1_20_3133,1.5866063,-1.7567558
c_1_20_3134,6.214717,-0.250919
c_1_20_3135,2.4357655,-1.2958072
c_1_20_3136,2.3238666,-1.4880893
c_1_20_3137,9.269717,4.2899413
c_1_20_3138,3.461153,0.33762333
c_1_20_3139,6.146776,1.9430932
c_1_20_3140,7.1580653,1.2041497
c_1_20_3141,5.6433816,-1.2394404
c_1_20_3142,5.6953645,4.3523526
c_1_20_3143,4.567052,0.08385913
c_1_20_3144,2.5027025,-1.5982991
c_1_20_3145,5.17087,-0.034235064
c_1_20_3146,4.1345024,1.8113698
c_1_20_3147,7.393639,2.418499
c_1_20_3148,6.83208,-0.19385096
c_1_20_3150,1.2413149,-1.599039
c_1_20_3151,4.7764325,-0.81513155
c_1_20_3152,1.3775889,-1.8350991
c_1_20_3155,2.7406342,0.061717693
c_1_20_3156,7.1920877,0.2525902
c_1_20_3157,6.6102653,3.9425988
c_1_20_3158,3.2244093,0.966772
c_1_20_3159,3.8177674,-1.7038882
c_1_20_3160,5.529438,-0.3616178
c_1_20_3161,1.3831784,-2.4417217
c_1_20_3162,7.7925754,3.0622025
c_1_20_3163,1.6300577,-1.8302876
c_1_20_3164,2.9484212,-0.054030057
c_1_20_3165,5.271908,-1.8685306
c_1_20_3166,2.5266104,-1.8725535
c_1_20_3167,5.324805,0.908409
c_1_20_3168,6.4599795,-1.5299464
c_1_20_3169,1.675826,-2.30755
c_1_20_3170,5.9334025,-1.5697936
c_1_20_3171,1.321383,-0.5430009
c_1_20_3172,3.657725,-1.3787702
c_1_20_3173,6.485892,1.17014
c_1_20_3174,9.37884,2.878717
c_1_20_3175,6.5406265,0.8818661
c_1_20_3176,2.6868365,-1.4671149
c_1_20_3177,6.6870384,-2.292163
c_1_20_3178,2.4716222,-1.371622
c_1_20_3179,2.3069377,-1.9695724
c_1_20_3180,3.9760435,-3.366418
c_1_20_3181,2.4892204,0.30384573
c_1_20_3182,3.4553497,-0.2738407
c_1_20_3183,3.3408253,-3.5330355
c_1_20_3184,7.275127,0.105212174
c_1_20_3185,4.876732,-2.9100554
c_1_20_3186,2.235933,-1.7607577
c_1_20_3188,3.805187,-0.7198331
c_1_20_3189,6.724477,3.9554334
c_1_20_3190,1.6967547,-1.6288196
c_1_20_3191,1.5633078,-2.1123285
c_1_20_3192,3.286283,-0.9084962
c_1_20_3193,3.181108,-2.169766
c_1_20_3194,5.7660766,-1.2121047
c_1_20_3195,6.3486357,0.294709
c_1_20_3196,2.8156164,-1.2277062
c_1_20_3197,6.0830846,-1.0720813
c_1_20_3198,4.270291,0.8916725
c_1_20_3199,3.2774696,1.3959454
c_1_20_3200,1.7640523,-0.6215357
c_1_20_3201,5.9694695,-1.5966597
c_1_20_3202,4.115358,1.3214662
c_1_20_3203,6.0168242,-1.4500064
c_1_20_3204,5.9113584,-0.4171568
c_1_20_3205,5.535041,-1.1467258
c_1_20_3206,2.9514637,1.8769764
c_1_20_3207,7.253225,2.9983463
c_1_20_3208,1.5120977,-1.8778584
c_1_20_3209,4.859455,-3.5943153
c_1_20_3210,4.8128753,0.79117864
c_1_20_3211,5.282267,-2.6577206
c_1_20_3212,2.7619448,-0.07970836
c_1_20_3213,6.265502,-0.6340123
c_1_20_3214,4.395756,2.1862888
c_1_20_3215,1.765795,-1.8941405
c_1_20_3216,5.932829,0.23216142
c_1_20_3217,1.9520038,0.27025592
c_1_20_3218,3.124512,3.5026243
c_1_20_3219,1.3444067,-1.6230078
c_1_20_3220,4.0824594,-0.32540536
c_1_20_3221,6.7631364,-1.0681229
c_1_20_3222,2.415221,-2.423876
c_1_20_3223,2.254835,-1.50888
c_1_20_3224,9.220684,0.89479077
c_1_20_3225,6.5884376,0.29763445
c_1_20_3226,4.347476,-2.2386696
c_1_20_3227,6.1515474,-2.9991162
c_1_20_3228,2.4967294,-1.2282758
c_1_20_3229,4.8763094,-3.070801
c_1_20_3230,4.0322337,-2.1727452
c_1_20_3232,7.4002786,1.2215137
c_1_20_3233,1.6426663,-1.4302243
c_1_20_3234,3.367307,-0.15106252
c_1_20_3235,7.0253897,0.20766632
c_1_20_3236,2.1869702,-1.31856
c_1_20_3237,6.4851003,-0.4063701
c_1_20_3238,5.5556216,-0.8778372
c_1_20_3239,3.5072658,-0.16641822
c_1_20_3240,7.1845407,-3.383021
c_1_20_3241,3.2728057,0.41518688
c_1_20_3242,3.2379436,-0.1103358
c_1_20_3243,4.849705,1.3296475
c_1_20_3244,5.4380856,-0.9912174
c_1_20_3245,4.499428,-0.13494374
c_1_20_3246,3.4550316,0.25004327
c_1_20_3247,6.741652,-0.16750814
c_1_20_3248,4.351419,-1.0656967
c_1_20_3249,6.5960093,0.8944712
c_1_20_3250,5.972205,-2.2650554
c_1_20_3251,6.327144,-0.79512334
c_1_20_3252,5.076899,2.128219
c_1_20_3253,1.5488418,-1.2804205
c_1_20_3254,4.0052843,-0.4873707
c_1_20_3255,7.015419,1.2102998
c_1_20_3256,6.9258432,-2.6197867
c_1_20_3257,7.65974,1.649359
c_1_20_3258,6.9183426,-0.23758475
c_1_20_3259,6.7854023,-3.115319
c_1_20_3260,5.944997,-2.9923484
c_1_20_3261,7.677045,2.5589688
c_1_20_3262,5.3146734,-3.1459043
c_1_20_3263,4.839396,2.7153745
c_1_20_3264,4.122462,-0.27710998
c_1_20_3265,3.9325635,-2.513751
c_1_20_3266,5.576109,-0.34893885
c_1_20_3267,5.501463,-3.284483
c_1_20_3268,6.463761,-0.35615745
c_1_20_3269,3.907973,-0.9149509
c_1_20_3270,8.22957,1.6058731
c_1_20_3271,5.9914064,-0.7548041
c_1_20_3272,7.1683836,-2.5694008
c_1_20_3273,3.8008642,-2.7218633
c_1_20_3274,1.2621318,-1.7334546
c_1_20_3275,6.3842783,0.89367765
c_1_20_3276,6.875421,2.0902631
c_1_20_3277,6.653003,1.4950057
c_1_20_3278,6.188019,-1.1446204
c_1_20_3279,7.7343554,0.34466526
c_1_20_3280,5.3150477,-3.7138083
c_1_20_3281,1.3277621,-1.9216316
c_1_20_3282,5.047831,-1.1269147
c_1_20_3283,2.9951396,-1.5056075
c_1_20_3284,5.57888,1.841201
c_1_20_3285,6.2198005,-2.953882
c_1_20_3286,3.1660666,4.800964
c_1_20_3287,4.5075417,2.2409997
c_1_20_3288,6.347926,-1.4013427
c_1_20_3289,2.1445858,0.6514791
c_1_20_3290,6.72007,-0.256743
c_1_20_3291,8.359669,2.2797654
c_1_20_3292,1.4427662,-1.8747414
c_1_20_3293,2.8739345,1.484448
c_1_20_3294,5.26143,0.31742352
c_1_20_3295,3.422633,3.5655327
c_1_20_3296,6.464191,2.793223
c_1_20_3297,6.2327366,-0.020182572
c_1_20_3298,5.3026223,3.9501407
c_1_20_3299,4.118864,-3.0762403
c_1_20_3300,3.6349952,-1.1142946
c_1_20_3301,1.5643952,-1.9908565
c_1_20_3302,4.458196,1.0574975
c_1_20_3303,7.812498,2.3835127
c_1_20_3304,7.202444,1.6029334
c_1_20_3305,1.3903759,3.7257411
c_1_20_3307,3.5130367,2.8513124
c_1_20_3308,5.168617,3.2280188
c_1_20_3309,1.0793053,-2.2921615
c_1_20_3310,1.3175788,-1.5175536
c_1_20_3311,4.0303526,-0.91319746
c_1_20_3312,1.8029709,-2.4035156
c_1_20_3313,3.3339262,3.1216598
c_1_20_3314,6.1214924,3.5278645
c_1_20_3315,3.3249674,3.2982008
c_1_20_3316,2.9320478,0.13616459
c_1_20_3317,2.9073958,5.007866
c_1_20_3318,5.446026,4.3212385
c_1_20_3319,1.2982452,-1.7580767
c_1_20_3320,1.7627712,-0.5121727
c_1_20_3321,6.176013,4.091021
c_1_20_3322,4.310228,-0.28420162
c_1_20_3323,5.0313573,2.7717173
c_1_20_3324,5.9322643,4.2008395
c_1_20_3325,6.3329372,2.589222
c_1_20_3326,6.963611,0.6114448
c_1_20_3327,8.757323,3.6403496
c_1_20_3328,4.978466,-2.0898695
c_1_20_3329,6.0924783,3.4812303
c_1_20_3330,5.387539,-1.6303107
c_1_20_3331,4.0160284,4.034156
c_1_20_3332,5.845262,0.92537296
c_1_20_3333,1.7710847,-0.6896411
c_1_20_3334,2.2281716,0.9391514
c_1_20_3335,5.6030455,1.9941095
c_1_20_3336,2.5096316,1.5541427
c_1_20_3337,6.2575293,3.1818082
c_1_20_3338,5.8853507,-0.6930134
c_1_20_3339,4.362763,0.79554117
c_1_20_3340,4.375036,2.178156
c_1_20_3341,2.6409297,-1.8420898
c_1_20_3342,4.270938,-1.2680919
c_1_20_3343,3.9910967,0.5550384
c_1_20_3344,5.4699335,-0.70138013
c_1_20_3346,6.4316506,3.322509
c_1_20_3347,5.283685,0.9909299
c_1_20_3349,3.8512645,0.43837363
c_1_20_3350,3.545983,0.34633332
c_1_20_3351,4.8896303,-0.3664716
c_1_21_1,3.3521674,-3.5645978
c_1_21_2,2.81446,-3.9848523
c_1_21_3,6.2483554,-0.26801804
c_1_21_4,5.4981413,-2.0534816
c_1_21_5,6.952593,-2.2191675
c_1_21_7,2.3463008,-0.20972265
c_1_21_8,4.2269044,-2.1902673
c_1_21_9,5.23117,-0.8460864
c_1_21_10,5.299229,-0.9357779
c_1_21_11,6.474707,-1.2188662
c_1_21_12,6.4763536,-0.8271488
c_1_21_13,3.2173135,0.28771287
c_1_21_14,5.2284827,-1.995369
c_1_21_15,2.3685663,-3.0915833
c_1_21_16,4.7253985,-3.580468
c_1_21_17,1.6992872,-2.5529728
c_1_21_18,3.622786,-2.4800093
c_1_21_19,3.3760188,-2.6144896
c_1_21_20,1.9336576,-4.0427437
c_1_21_21,6.51252,-1.0426823
c_1_21_22,2.3560405,-4.009552
c_1_21_23,3.5472317,-3.1382508
c_1_21_24,4.556857,-3.33642
c_1_21_25,2.4208877,-4.3899894
c_1_21_26,5.212554,0.43551716
c_1_21_27,1.9358351,-3.9748886
c_1_21_28,3.2990956,-1.3982592
c_1_21_30,4.909174,-1.0573956
c_1_21_31,3.729189,-3.187549
c_1_21_32,2.5909212,-2.8506281
c_1_21_33,2.8983793,-3.355455
c_1_21_34,5.21481,-0.9839913
c_1_21_35,2.8759432,-3.5011234
c_1_21_36,5.2682767,-0.23641442
c_1_21_38,3.7235494,-2.6806223
c_1_21_39,3.4795244,-0.8769301
c_1_21_40,2.5220618,-4.0762606
c_1_21_41,2.2366645,-4.2910485
c_1_21_42,4.0970454,-1.1965836
c_1_21_43,5.7282195,-0.16878055
c_1_21_44,2.6560388,-3.6027482
c_1_21_45,6.468372,1.6593345
c_1_21_46,5.3340344,-0.718847
c_1_21_47,3.6114159,-2.5475497
c_1_21_48,5.8899517,-0.7515657
c_1_21_49,4.9619637,-1.610416
c_1_21_50,3.9782557,0.5248938
c_1_21_51,5.1206026,-0.98979825
c_1_21_52,5.204493,0.58127546
c_1_21_53,4.089223,-2.0263302
c_1_21_54,3.5687294,-3.1179209
c_1_21_55,3.0357502,-2.8466206
c_1_21_56,5.792755,-0.95702446
c_1_21_57,3.4736497,-3.7060432
c_1_21_58,5.118895,-1.1986176
c_1_21_59,4.294076,2.2311492
c_1_21_60,5.0378294,-1.8094774
c_1_21_61,2.8460846,-2.1586616
c_1_21_62,3.1651983,3.6059432
c_1_21_63,4.9351187,-2.130492
c_1_21_64,5.2263923,-3.7741373
c_1_21_65,6.648568,-0.6980109
c_1_21_66,3.296134,-3.5655897
c_1_21_67,3.8784876,-3.1028004
c_1_21_68,2.8484383,-0.3513052
c_1_21_69,3.9854689,-1.3589661
c_1_21_70,4.156187,-2.9587874
c_1_21_71,4.4320765,-0.0724033
c_1_21_72,4.304722,-1.847986
c_1_21_73,4.7777796,-1.5368195
c_1_21_74,5.2288246,-1.4949969
c_1_21_75,3.2340093,-3.7339554
c_1_21_76,3.801308,-3.525573
c_1_21_77,4.4906583,0.015611228
c_1_21_78,2.005498,-0.7722854
c_1_21_79,3.83864,-3.061009
c_1_21_80,5.7501116,-0.6469999
c_1_21_81,4.685681,1.7313806
c_1_21_82,6.787831,0.32848284
c_1_21_83,3.4222243,-3.5883281
c_1_21_84,4.1011076,0.39854202
c_1_21_85,6.3331304,0.2839976
c_1_21_86,5.2207212,-3.5638115
c_1_21_87,2.9181285,-3.9978087
c_1_21_88,3.3077114,-3.297024
c_1_21_89,3.7301173,-2.6028638
c_1_21_90,3.3392782,-2.2274756
c_1_21_91,6.209866,-0.3784563
c_1_21_92,3.424774,-1.8811511
c_1_21_93,3.5960875,-1.5499767
c_1_21_94,3.7903306,-2.4000418
c_1_21_95,8.45033,1.480467
c_1_21_96,5.822058,-0.9430993
c_1_21_97,5.860545,-0.84155667
c_1_21_98,6.298621,-0.15697114
c_1_21_99,3.3767667,-2.535718
c_1_21_100,4.3950086,0.82760286
c_1_21_101,2.0770493,-3.5139558
c_1_21_102,4.088855,-2.5926738
c_1_21_103,3.5607514,-3.316105
c_1_21_104,3.7960417,1.0584404
c_1_21_105,2.4610143,2.2044756
c_1_21_106,3.8478215,-0.81269336
c_1_21_107,5.741494,-0.6253335
c_1_21_108,5.9605775,3.411659
c_1_21_109,4.129122,1.7936647
c_1_21_110,3.3453915,0.98686695
c_1_21_111,5.9181943,2.6782777
c_1_21_112,6.1278086,3.8548417
c_1_21_113,5.049984,2.59599
c_1_21_114,4.8518763,1.468124
c_1_21_115,5.6893272,4.260585
c_1_21_116,4.109338,0.5242255
c_1_21_117,5.4639335,2.501215
c_1_21_118,5.0828023,1.39417
c_1_21_119,5.8436494,3.7483912
c_1_21_120,2.9174454,-3.1264334
c_1_21_121,3.6458535,2.9364223
c_1_21_122,4.3675127,-2.0590637
c_1_21_123,4.2244306,1.4417003
c_1_21_124,5.4997516,0.27303302
c_1_21_125,3.5380087,2.0883782
c_1_21_126,2.6892245,-2.3018231
c_1_21_127,5.667479,1.506754
c_1_21_128,3.3128724,3.5636067
c_1_21_129,5.9003124,-1.2421817
c_1_21_130,6.1676245,4.288726
c_1_21_131,3.3437161,-2.7477107
c_1_21_132,3.3205156,-2.0039196
c_1_21_133,3.1046233,-1.7401255
c_1_21_134,3.4335618,-3.2684736
c_1_21_135,5.7772584,3.1452832
c_1_21_136,3.5839825,-2.3870614
c_1_21_137,4.406479,-0.6933954
c_1_21_138,3.273841,0.94132525
c_1_21_139,5.885424,3.5594094
c_1_21_140,4.0148773,-0.25323787
c_1_21_141,2.7791255,2.1601703
c_1_21_142,4.3341007,1.377449
c_1_21_143,4.6963763,1.3647882
c_1_21_144,3.2990274,-1.8358958
c_1_21_145,6.6232133,3.1260169
c_1_21_146,4.3312035,1.6206423
c_1_21_147,4.0117817,0.9567421
c_1_21_148,6.3383927,0.059026524
c_1_21_150,3.84953,2.6189008
c_1_21_151,4.060551,0.66208524
c_1_21_152,3.4166994,4.261117
c_1_21_153,3.6504533,-0.37137192
c_1_21_154,5.441162,1.9594235
c_1_21_155,5.070191,0.029192673
c_1_21_156,2.5593827,4.631682
c_1_21_157,6.108322,3.119215
c_1_21_158,2.5056477,0.19098467
c_1_21_159,4.459099,-1.0731746
c_1_21_160,3.0428307,3.057468
c_1_21_161,3.5274303,-1.636991
c_1_21_162,4.570485,1.7714891
c_1_21_163,4.4303155,-0.49802446
c_1_21_164,5.897839,1.0110096
c_1_21_165,4.12768,2.1971684
c_1_21_166,4.9936533,0.7079563
c_1_21_167,3.431515,-1.7699809
c_1_21_168,3.3693416,1.694967
c_1_21_169,3.7795863,-2.2046952
c_1_21_170,1.1945503,-1.5361913
c_1_21_171,4.6008987,-1.1635045
c_1_21_172,3.882862,1.173745
c_1_21_173,3.6963303,0.60992575
c_1_21_174,3.6540055,2.625553
c_1_21_175,5.8731627,0.48065338
c_1_21_176,3.9746115,-3.2655091
c_1_21_177,3.547254,-2.131015
c_1_21_178,4.1822987,1.0930064
c_1_21_179,3.3238065,2.0168495
c_1_21_180,3.3919723,-0.02592176
c_1_21_181,2.4829524,-2.641908
c_1_21_182,4.652479,-1.0218427
c_1_21_183,3.7403126,0.5283214
c_1_21_184,3.8392212,1.9748557
c_1_21_185,2.012234,-1.7344193
c_1_21_186,1.6826055,-1.9468879
c_1_21_187,5.991846,0.21085393
c_1_21_188,4.340433,1.6201242
c_1_21_189,3.3011396,1.3288311
c_1_21_190,2.8703175,1.4387264
c_1_21_191,3.0161326,3.586809
c_1_21_192,3.1136975,4.135965
c_1_21_193,3.995841,2.1184788
c_1_21_194,5.5922084,3.0560994
c_1_21_195,5.835477,3.515653
c_1_21_196,3.9444091,-1.3828943
c_1_21_197,2.9887319,4.149213
c_1_21_198,4.8793187,0.34609786
c_1_21_199,4.3454213,-2.6046138
c_1_21_200,2.8378358,3.312852
c_1_21_201,6.4062023,0.020198984
c_1_21_202,6.4968224,0.92054605
c_1_21_203,4.7423863,0.8518743
c_1_21_204,3.6619117,1.7937311
c_1_21_205,3.8921092,-1.9647337
c_1_21_206,4.0949574,-1.4046173
c_1_21_207,3.3346074,2.1440065
c_1_21_208,4.831618,0.8410664
c_1_21_209,2.2639523,5.2520633
c_1_21_210,5.5127664,-3.4972615
c_1_21_211,1.9217141,4.030534
c_1_21_212,4.3415556,1.7875243
c_1_21_213,5.351891,-1.199613
c_1_21_214,4.7055974,1.0179925
c_1_21_215,4.476706,-0.36857083
c_1_21_216,3.2644062,3.4386823
c_1_21_217,4.0978227,0.3793198
c_1_21_218,3.7615337,0.476641
c_1_21_219,3.3657842,1.3746097
c_1_21_220,5.344331,0.6708767
c_1_21_221,2.2443104,-1.8695627
c_1_21_222,3.5935192,3.6730926
c_1_21_223,2.3726854,2.6412382
c_1_21_224,2.7184403,1.5680863
c_1_21_225,1.7351305,2.457276
c_1_21_226,3.5725467,3.255337
c_1_21_227,5.598885,3.9727674
c_1_21_228,6.0408545,3.7185116
c_1_21_229,3.9273815,3.8632193
c_1_21_230,4.484014,2.5075705
c_1_21_231,3.1415505,3.8615475
c_1_21_232,3.1567924,3.7049184
c_1_21_233,1.1873697,2.3267264
c_1_21_234,3.974409,-0.2177704
c_1_21_235,1.2387788,2.5931373
c_1_21_236,3.0639374,3.8187482
c_1_21_237,1.6426655,-3.155667
c_1_21_238,3.7418509,1.0271343
c_1_21_239,5.788262,3.8622582
c_1_21_240,5.939616,3.7838106
c_1_21_241,3.0108166,2.4785304
c_1_21_242,4.2640963,0.92077595
c_1_21_243,1.4360465,-2.3788192
c_1_21_244,3.0689895,4.734919
c_1_21_245,2.5118427,-2.1270761
c_1_21_246,3.6883447,0.9877398
c_1_21_247,3.1087475,3.7019677
c_1_21_248,2.683366,2.3714914
c_1_21_249,3.976756,0.4296854
c_1_21_250,4.683834,0.4926323
c_1_21_251,1.7002335,2.6352851
c_1_21_252,3.5195534,3.0409002
c_1_21_253,4.237574,2.1559026
c_1_21_254,7.405502,1.5724981
c_1_21_255,2.0027337,-3.0619822
c_1_21_256,6.9391737,3.332645
c_1_21_257,3.8736749,2.5498838
c_1_21_258,3.2597852,-3.4975019
c_1_21_259,3.673931,0.3253441
c_1_21_260,2.3130388,0.9962629
c_1_21_261,1.3135028,-2.2581594
c_1_21_262,2.4572213,5.579988
c_1_21_263,4.2620254,1.1461267
c_1_21_264,2.1183095,5.21603
c_1_21_265,5.207163,3.9215803
c_1_21_266,3.6741118,2.7781894
c_1_21_267,4.673673,2.7093298
c_1_21_268,4.1637836,0.13946627
c_1_21_269,4.967594,3.5669749
c_1_21_270,2.9477155,-2.2798603
c_1_21_271,2.8530438,3.3364704
c_1_21_272,2.9890609,3.5077012
c_1_21_273,3.4599996,1.3521539
c_1_21_274,4.5258875,0.85220206
c_1_21_275,4.936624,2.821278
c_1_21_276,5.9358487,0.18106714
c_1_21_277,1.5239861,-1.5949228
c_1_21_278,1.4796541,-2.1234138
c_1_21_279,3.8811991,-0.2876025
c_1_21_280,4.5018444,-3.1625853
c_1_21_281,6.252051,3.3030221
c_1_21_282,2.882568,1.8526713
c_1_21_283,3.8158169,-0.132769
c_1_21_284,4.0064535,-2.320035
c_1_21_285,5.1176367,3.7557192
c_1_21_286,3.6470168,1.2186815
c_1_21_287,3.7697625,4.725167
c_1_21_288,2.485645,5.5202684
c_1_21_289,5.442856,4.2777815
c_1_21_290,7.0587373,0.85872805
c_1_21_291,3.0652113,2.3118057
c_1_21_292,3.0506525,3.888551
c_1_21_293,3.490599,-2.59608
c_1_21_294,4.358325,3.1252105
c_1_21_295,3.525231,0.25305954
c_1_21_296,4.0603886,-3.235582
c_1_21_297,3.0579143,5.019598
c_1_21_298,2.5233395,-4.3029237
c_1_21_299,2.8873174,4.4627
c_1_21_300,3.4888635,-2.7464135
c_1_21_301,3.675919,3.6205363
c_1_21_302,3.409158,3.6516263
c_1_21_303,2.697912,-3.1248035
c_1_21_304,3.282956,1.8977658
c_1_21_306,1.2024766,-1.5243832
c_1_21_307,3.6632621,-3.5771556
c_1_21_308,4.5955486,-1.593576
c_1_21_309,4.530344,0.23488544
c_1_21_310,4.207446,-3.416678
c_1_21_311,3.7294812,3.984609
c_1_21_312,6.498441,3.1811259
c_1_21_313,3.6569192,-2.8176115
c_1_21_314,6.6088605,-0.99022824
c_1_21_315,3.3190677,-3.2716572
c_1_21_316,3.4000316,2.8625908
c_1_21_317,3.5764341,1.4251347
c_1_21_318,4.7440996,-1.3964288
c_1_21_319,4.915548,1.3103427
c_1_21_320,2.62274,5.570832
c_1_21_321,2.5198655,-0.5731243
c_1_21_322,3.0260503,3.5745506
c_1_21_323,3.5036974,-3.434303
c_1_21_324,4.769073,-2.127748
c_1_21_325,5.4419246,0.5294866
c_1_21_326,3.9956813,-2.20389
c_1_21_327,3.444206,-3.7089155
c_1_21_328,6.20227,-0.9988288
c_1_21_329,4.207595,0.39822608
c_1_21_330,4.8820076,1.0042682
c_1_21_331,5.2600617,-0.9987337
c_1_21_332,4.473732,-3.2924128
c_1_21_333,2.5632284,-2.7904115
c_1_21_334,5.3884454,0.7006394
c_1_21_335,4.0904517,-2.9032228
c_1_21_336,5.4333544,-2.434227
c_1_21_337,3.379933,4.092727
c_1_21_338,2.4763699,-1.105294
c_1_21_340,4.034993,-1.2638153
c_1_21_341,5.792753,3.9921834
c_1_21_342,5.9631295,-0.325647
c_1_21_343,5.1905775,0.40937376
c_1_21_344,5.341714,-0.9278533
c_1_21_345,5.2530527,-1.7597765
c_1_21_346,5.380959,1.8711989
c_1_21_347,2.5124161,-4.435981
c_1_21_348,5.4262457,-1.51329
c_1_21_349,3.5171213,-2.299953
c_1_21_350,7.198352,2.8983166
c_1_21_352,5.513513,0.8745579
c_1_21_353,3.7080839,1.7358121
c_1_21_354,4.2998147,1.1571709
c_1_21_355,6.6849723,-0.14048758
c_1_21_356,5.776015,2.6335604
c_1_21_357,5.0167246,-3.2142444
c_1_21_358,6.646616,-0.91865706
c_1_21_359,5.2503786,2.4321063
c_1_21_360,2.9326823,-3.9542503
c_1_21_361,2.2641733,-3.6471584
c_1_21_362,3.210385,-0.11100836
c_1_21_363,2.6326885,5.3896513
c_1_21_364,4.38628,-2.7374985
c_1_21_365,2.9909596,1.0452485
c_1_21_366,3.3465471,-3.2002823
c_1_21_367,6.8537827,0.31779632
c_1_21_368,5.836918,-0.430221
c_1_21_369,7.093425,0.6643297
c_1_21_370,1.3118893,-1.627117
c_1_21_371,4.149395,-2.9604168
c_1_21_372,3.7202377,-3.2622948
c_1_21_373,3.0192215,-3.6591034
c_1_21_374,3.450962,-3.3064373
c_1_21_375,2.7871957,1.277307
c_1_21_376,3.9408422,-2.8048744
c_1_21_377,3.3195677,1.1999108
c_1_21_378,4.633108,-0.061950985
c_1_21_379,3.6536694,-2.018027
c_1_21_380,4.074217,3.3719778
c_1_21_381,2.6805732,1.974213
c_1_21_382,8.016314,1.0259686
c_1_21_383,5.1373625,-2.141694
c_1_21_384,4.703538,-0.051457595
c_1_21_385,5.264836,-1.3788466
c_1_21_386,2.5822272,0.5808991
c_1_21_387,3.887392,-1.8573056
c_1_21_388,5.5698333,-0.49904814
c_1_21_389,6.2649317,3.3358574
c_1_21_390,3.3825536,-1.7507446
c_1_21_391,5.323406,1.6681659
c_1_21_392,6.0163164,3.308827
c_1_21_393,2.0212,-1.9512106
c_1_21_394,1.6997808,-2.2792788
c_1_21_395,1.4073879,-1.7073491
c_1_21_396,2.3357127,-2.2138212
c_1_21_397,4.246336,1.4125788
c_1_21_398,1.8007497,-1.4375921
c_1_21_399,1.7836916,-1.4482166
c_1_21_400,1.5946891,-1.8927326
c_1_21_401,2.7575376,-0.8728091
c_1_21_402,1.423995,-2.5053954
c_1_21_403,2.2458496,-1.4991175
c_1_21_404,1.4117556,-1.9657786
c_1_21_405,1.3574551,-1.9560403
c_1_21_406,1.3609295,-2.0450695
c_1_21_407,5.5811105,0.49984238
c_1_21_408,2.689009,-1.9154445
c_1_21_409,1.3472131,-1.9183227
c_1_21_410,2.081743,-1.6167858
c_1_21_411,3.5945518,-1.1022476
c_1_21_412,5.664265,0.7387387
c_1_21_413,3.4213495,-0.6368045
c_1_21_414,9.55362,3.4898062
c_1_21_415,2.587903,-2.5244193
c_1_21_416,8.473369,2.2033353
c_1_21_417,1.958726,-3.2729287
c_1_21_418,1.5623639,-2.77619
c_1_21_419,1.6068096,-1.845917
c_1_21_421,2.0617096,-1.5148717
c_1_21_422,3.598816,3.8915942
c_1_21_423,4.0318074,-2.305803
c_1_21_424,7.455566,0.28802177
c_1_21_425,1.1452249,-1.5121413
c_1_21_426,2.5831897,-1.735807
c_1_21_427,2.2786367,-0.48499447
c_1_21_428,1.2601895,-1.3011563
c_1_21_429,4.351645,-1.4970006
c_1_21_431,7.352896,2.4609277
c_1_21_432,2.0164225,-2.7549024
c_1_21_433,5.2242713,2.1661344
c_1_21_434,6.60846,1.8101767
c_1_21_435,8.116484,1.1390623
c_1_21_436,4.960816,2.3904185
c_1_21_437,7.3862996,-1.120372
c_1_21_438,1.354178,-1.5175439
c_1_21_439,5.7140574,1.708629
c_1_21_440,6.0047274,1.031334
c_1_21_441,1.3996357,-2.6557684
c_1_21_442,3.4138765,-2.305322
c_1_21_443,6.1318674,1.5792353
c_1_21_444,1.875746,-0.9702173
c_1_21_445,4.796575,-0.6667932
c_1_21_446,3.1708782,-2.2849693
c_1_21_447,6.035337,1.3387786
c_1_21_448,2.0672064,-1.4663461
c_1_21_449,2.2533107,-0.82342035
c_1_21_450,1.8908184,-1.7971424
c_1_21_451,6.3941813,0.51089597
c_1_21_452,2.208932,-2.0925066
c_1_21_453,1.076557,-1.6289617
c_1_21_454,2.9143286,-0.6895645
c_1_21_455,6.184649,0.22275047
c_1_21_456,1.6748123,-2.0342977
c_1_21_457,6.3782344,-0.6219562
c_1_21_458,7.9866366,2.5490386
c_1_21_460,4.884486,0.4196901
c_1_21_461,6.9383025,-2.2120569
c_1_21_463,6.888645,-1.9707413
c_1_21_464,5.9144464,-3.597523
c_1_21_465,5.8775682,0.110026434
c_1_21_469,6.8050013,1.4644897
c_1_21_470,3.0299933,-2.0337493
c_1_21_472,2.7852216,-3.9467049
c_1_21_473,3.1057909,-1.9591413
c_1_21_474,6.0074663,3.1031513
c_1_21_475,2.170987,-2.741498
c_1_21_476,3.8594742,-2.8758948
c_1_21_477,5.6025977,-2.1752725
c_1_21_478,3.4054499,-2.2651415
c_1_21_479,3.4396267,-2.3884835
c_1_21_480,6.773961,-1.0126756
c_1_21_481,6.5086236,1.2230021
c_1_21_482,6.44021,1.9598019
c_1_21_483,7.5592937,0.35769793
c_1_21_484,8.019436,0.07380565
c_1_21_485,1.516786,-3.1297774
c_1_21_486,3.7213829,0.8571189
c_1_21_487,4.8591046,0.4703162
c_1_21_488,2.598766,-2.0653064
c_1_21_489,5.473551,-1.8809196
c_1_21_490,2.028203,-1.810027
c_1_21_491,6.7657065,-0.64149356
c_1_21_492,8.4893675,-0.1530501
c_1_21_493,4.4203167,-0.0005451651
c_1_21_494,4.7743745,-0.8859098
c_1_21_495,3.6112697,-3.348665
c_1_21_496,6.023772,0.9070534
c_1_21_497,1.4078242,-0.38560727
c_1_21_498,2.5264175,-2.0471323
c_1_21_499,4.142557,-3.4120781
c_1_21_500,1.6604778,-1.6534033
c_1_21_501,1.8407197,-1.9464037
c_1_21_502,3.0069728,-1.153616
c_1_21_503,3.154832,0.16122052
c_1_21_506,2.0286388,-1.4175998
c_1_21_507,1.6689364,-1.1030366
c_1_21_508,1.9823484,-3.5284324
c_1_21_509,1.7141436,-1.8674239
c_1_21_510,1.5811564,-1.8079764
c_1_21_511,3.2828972,-0.6512424
c_1_21_512,1.2801383,-2.2063177
c_1_21_513,2.7742205,-0.2589362
c_1_21_514,3.6144848,-2.5072453
c_1_21_515,1.7488984,-2.9182305
c_1_21_516,3.9105737,0.5254144
c_1_21_517,2.3440318,-1.5089043
c_1_21_518,3.581579,3.1981106
c_1_21_519,5.3347096,-0.6233411
c_1_21_520,3.680369,-2.8941915
c_1_21_521,4.8649707,-0.09229253
c_1_21_522,8.965456,2.8687534
c_1_21_523,5.828054,3.9392037
c_1_21_524,3.478789,-3.4193866
c_1_21_525,3.316991,-2.512705
c_1_21_526,6.3935614,3.515652
c_1_21_527,2.6127048,-3.7881196
c_1_21_528,4.604028,-1.8429029
c_1_21_529,3.0247087,-1.924756
c_1_21_530,2.2076313,-2.1449125
c_1_21_531,4.157728,3.6448824
c_1_21_533,7.060919,2.4102714
c_1_21_534,3.50379,1.9801152
c_1_21_535,2.813587,-3.794332
c_1_21_536,4.4688406,0.25689742
c_1_21_537,2.9309623,-1.1646751
c_1_21_538,2.382794,-2.0611508
c_1_21_539,1.2330042,-2.2146811
c_1_21_540,6.2555056,0.41852865
c_1_21_541,2.796362,5.005965
c_1_21_542,7.2922363,1.5300133
c_1_21_543,5.2604694,2.3311634
c_1_21_544,8.063222,2.7654114
c_1_21_545,3.5168502,2.7097685
c_1_21_546,6.5273733,2.9941797
c_1_21_547,2.149335,-0.6204611
c_1_21_548,5.7526546,3.94344
c_1_21_549,4.8421903,1.490778
c_1_21_550,5.601566,-0.28452915
c_1_21_551,3.8464487,-0.23944448
c_1_21_552,3.9654324,0.6201303
c_1_21_553,1.2755107,-1.631341
c_1_21_554,4.0868316,1.3092185
c_1_21_555,1.7617335,-1.2373233
c_1_21_556,3.4396198,2.7997117
c_1_21_557,2.0374353,-0.15153629
c_1_21_558,6.5344777,1.5796798
c_1_21_559,5.0070925,-1.4869633
c_1_21_560,6.1826515,2.206249
c_1_21_561,2.3008804,-2.0076973
c_1_21_562,2.1061904,-1.5366302
c_1_21_563,4.3094277,0.55695623
c_1_21_564,4.2033257,-0.19235396
c_1_21_565,3.724315,2.7834218
c_1_21_566,5.319558,0.060645837
c_1_21_567,3.4160078,4.8855934
c_1_21_568,5.2613854,1.4566451
c_1_21_569,3.1733088,-3.2794533
c_1_21_570,5.951691,1.9855816
c_1_21_571,6.0079665,0.060677312
c_1_21_572,6.005415,1.6722233
c_1_21_573,3.0917532,1.6144444
c_1_21_574,4.5923896,-1.5810912
c_1_21_575,4.214025,-1.1974062
c_1_21_576,4.1965246,2.4465814
c_1_21_577,4.344549,-2.9880419
c_1_21_578,5.9195337,3.5093265
c_1_21_579,6.6574545,1.6546875
c_1_21_580,3.264155,4.2499275
c_1_21_581,3.6164343,2.6986926
c_1_21_582,3.4054217,2.6406746
c_1_21_583,3.8377798,-2.4039068
c_1_21_584,1.2472558,-2.2150962
c_1_21_585,3.5619698,3.405526
c_1_21_586,2.9854507,-2.4145868
c_1_21_587,3.4015687,-0.05792151
c_1_21_588,4.610601,1.0279858
c_1_21_589,1.221246,-2.04584
c_1_21_590,3.2265744,-1.9492486
c_1_21_591,5.6649995,3.0378973
c_1_21_592,5.938076,-0.13522834
c_1_21_593,4.9591427,0.26051864
c_1_21_594,4.840839,3.0038977
c_1_21_595,2.8133388,-1.5118117
c_1_21_596,2.6884255,-2.6325033
c_1_21_597,3.1294122,4.2830844
c_1_21_598,1.7667578,0.26396307
c_1_21_599,3.0948436,-1.5131322
c_1_21_600,2.3906775,0.24669302
c_1_21_602,4.4919543,1.1789091
c_1_21_603,4.9565845,4.1911445
c_1_21_604,1.9055753,-3.4618807
c_1_21_605,2.7731864,-3.2145534
c_1_21_606,5.52254,2.2733867
c_1_21_607,1.3914025,-0.9983225
c_1_21_608,5.734522,0.62657845
c_1_21_609,5.7919393,2.6037843
c_1_21_610,5.492133,0.54127985
c_1_21_611,3.9895525,2.0350938
c_1_21_613,4.080768,0.6219243
c_1_21_614,4.055095,0.12237238
c_1_21_615,2.334376,-1.5911711
c_1_21_616,3.1979268,0.010045845
c_1_21_617,2.6318622,0.4426982
c_1_21_618,1.6404463,-1.3550242
c_1_21_619,5.6207523,-1.351975
c_1_21_620,6.563875,2.0809832
c_1_21_621,1.6093243,-2.3653533
c_1_21_623,4.3128514,-0.4615327
c_1_21_624,4.905314,-1.6304684
c_1_21_625,4.038618,1.5664531
c_1_21_626,4.9254894,-1.8329574
c_1_21_627,6.637705,0.2970883
c_1_21_628,8.449264,3.0653458
c_1_21_629,5.31801,2.4427896
c_1_21_630,3.739284,0.078271806
c_1_21_631,3.4715889,-2.4384491
c_1_21_632,3.246758,0.90886426
c_1_21_633,2.6041486,0.22168557
c_1_21_634,2.5813358,-2.0183043
c_1_21_635,5.39141,2.952727
c_1_21_636,2.7618546,0.025405817
c_1_21_637,1.8756604,-3.5986896
c_1_21_638,5.7402067,-1.4364047
c_1_21_639,-0.23930696,0.2587011
c_1_21_640,4.7431827,0.8482143
c_1_21_641,3.332093,2.2774734
c_1_21_642,3.4695828,-2.242805
c_1_21_643,1.98145,-1.8653332
c_1_21_644,2.320055,-1.0645382
c_1_21_645,3.7791786,-0.9747899
c_1_21_646,4.7885838,1.2324343
c_1_21_647,1.6481469,-1.864641
c_1_21_648,4.4782543,4.157318
c_1_21_649,4.094514,-0.6752065
c_1_21_650,4.0396614,-0.91949785
c_1_21_651,5.846087,1.0620568
c_1_21_652,5.0770097,-0.38645402
c_1_21_653,5.406033,0.58942276
c_1_21_654,3.5353818,-0.29351562
c_1_21_655,1.4994553,-1.288109
c_1_21_656,1.2264329,-2.5800467
c_1_21_657,1.7026953,-1.4281657
c_1_21_658,1.5327458,-2.1600857
c_1_21_659,2.1721444,-1.1288242
c_1_21_660,2.7715461,5.037211
c_1_21_661,3.5847402,2.14383
c_1_21_662,6.182465,0.64904106
c_1_21_663,2.2954147,-1.3377599
c_1_21_664,5.2591267,-1.244179
c_1_21_665,3.78745,0.4170198
c_1_21_666,4.4279313,1.2878326
c_1_21_667,3.4185967,-3.3738635
c_1_21_668,3.5874662,1.5990951
c_1_21_669,8.071375,2.3778546
c_1_21_670,3.4355667,2.5461998
c_1_21_671,3.1994467,4.4899783
c_1_21_672,3.8251579,0.20856754
c_1_21_673,1.5951742,-1.9020338
c_1_21_674,3.565602,-0.34749052
c_1_21_675,4.100747,0.54474926
c_1_21_676,3.1057446,5.311636
c_1_21_677,4.1504793,0.5158899
c_1_21_678,2.6955435,4.426606
c_1_21_679,1.5709358,-1.9470891
c_1_21_680,2.0682704,-2.250073
c_1_21_681,3.0575836,-3.6855314
c_1_21_682,5.756099,2.2913036
c_1_21_683,3.3398266,3.1884887
c_1_21_684,4.8791485,0.6947116
c_1_21_685,3.0050652,2.2886386
c_1_21_686,5.513331,3.4053316
c_1_21_687,3.3753066,2.0857337
c_1_21_688,4.0516753,3.6061416
c_1_21_689,3.7082288,-0.67434746
c_1_21_690,6.4964614,2.725777
c_1_21_691,3.6218858,-1.2122717
c_1_21_692,1.1914132,-1.9640154
c_1_21_693,3.083015,3.2537515
c_1_21_694,2.9278212,4.4450183
c_1_21_695,4.8028145,0.36540967
c_1_21_696,1.7798666,-2.7044814
c_1_21_697,6.87389,2.176802
c_1_21_698,3.2572677,3.288849
c_1_21_699,3.4194221,-1.2268583
c_1_21_700,1.9268763,-2.1322339
c_1_21_701,3.1077712,3.8923683
c_1_21_702,2.510282,-4.0921907
c_1_21_703,2.7103162,2.8131375
c_1_21_704,4.956861,0.06826879
c_1_21_705,4.654866,-2.7658222
c_1_21_706,2.2200186,-1.2383691
c_1_21_707,2.2654278,-2.3861935
c_1_21_708,5.245886,0.36227438
c_1_21_709,3.4154003,0.19305779
c_1_21_710,5.0248885,3.3198428
c_1_21_711,3.5117228,-0.15315746
c_1_21_712,5.743887,3.8871677
c_1_21_713,5.66,2.8938224
c_1_21_714,4.435967,-0.13476732
c_1_21_715,6.222489,3.7661564
c_1_21_716,5.9488406,0.15564384
c_1_21_717,3.252461,2.787317
c_1_21_718,2.143687,-2.3142414
c_1_21_719,2.4253345,-2.4030812
c_1_21_720,4.776633,1.4674886
c_1_21_721,5.977601,0.56987464
c_1_21_722,2.8120909,4.3289046
c_1_21_723,1.2915539,-2.6972039
c_1_21_724,3.291039,-2.087716
c_1_21_725,3.8251202,2.3146467
c_1_21_726,4.8717227,1.2386205
c_1_21_727,4.3998475,-3.1037245
c_1_21_728,5.9042764,0.15533978
c_1_21_729,2.4482338,4.751401
c_1_21_730,2.3681743,-1.7635822
c_1_21_731,2.462227,-1.4052813
c_1_21_732,4.7264256,0.510864
c_1_21_733,1.6680963,-1.62143
c_1_21_734,3.3161743,4.762261
c_1_21_735,2.0912452,0.7914953
c_1_21_736,5.4434385,0.30297694
c_1_21_737,5.5222507,3.338813
c_1_21_738,2.885987,-2.2503762
c_1_21_739,4.4752383,1.1192323
c_1_21_740,3.5158207,-2.183665
c_1_21_741,4.338527,-0.7820018
c_1_21_742,3.3089035,0.25864336
c_1_21_743,1.325115,-0.0855142
c_1_21_744,3.9445503,-0.8413866
c_1_21_745,3.3185682,0.30640504
c_1_21_746,2.9576807,1.1355827
c_1_21_747,1.6649715,-1.8892561
c_1_21_748,2.104887,-3.3973262
c_1_21_749,3.6986732,-0.37791553
c_1_21_750,1.2259556,-1.8109858
c_1_21_751,5.1184564,-0.54734606
c_1_21_752,1.6462072,-2.5506792
c_1_21_753,3.4588122,4.441586
c_1_21_754,1.4636736,-2.5535553
c_1_21_755,4.881755,-2.5574605
c_1_21_756,5.4223485,-0.52112406
c_1_21_757,1.6115271,2.8554916
c_1_21_758,6.0581627,3.9707634
c_1_21_759,3.2009974,3.5985253
c_1_21_760,5.6775002,0.8408076
c_1_21_762,2.0114455,-1.5132947
c_1_21_763,3.6163425,1.8628918
c_1_21_764,3.7864115,-2.1194582
c_1_21_765,2.4800835,-0.07213872
c_1_21_767,5.010952,-0.5190442
c_1_21_768,2.8315043,3.4929023
c_1_21_769,5.537976,4.3630295
c_1_21_770,5.7741375,1.8489072
c_1_21_771,3.453457,5.0016727
c_1_21_772,2.338332,-3.684641
c_1_21_774,3.3070135,-0.6854474
c_1_21_775,2.7667813,5.57438
c_1_21_776,4.0690312,2.0383508
c_1_21_777,1.1284512,-1.7415075
c_1_21_778,5.793134,3.0373495
c_1_21_779,1.4718646,-1.9750272
c_1_21_780,6.7088776,1.7046871
c_1_21_781,5.510057,1.7276609
c_1_21_782,3.1811385,4.4790597
c_1_21_783,2.3769822,-1.6504242
c_1_21_784,6.279325,0.19969414
c_1_21_785,5.49964,-3.2816403
c_1_21_786,6.464019,3.3862305
c_1_21_788,2.0966365,-1.6247953
c_1_21_789,1.6520615,-1.6951953
c_1_21_791,6.790863,-0.8403047
c_1_21_792,2.9686766,0.38744265
c_1_21_793,6.719869,1.539362
c_1_21_794,1.7266921,-2.8889427
c_1_21_795,5.323658,0.38039628
c_1_21_796,2.138304,-1.5368148
c_1_21_797,2.9316032,-3.6376328
c_1_21_798,6.9295435,0.47617912
c_1_21_799,4.3908834,0.30824184
c_1_21_800,6.0411906,0.36937594
c_1_21_801,6.1819906,3.6339347
c_1_21_803,2.867845,-1.2249517
c_1_21_804,1.9956403,-3.2085862
c_1_21_805,3.0326743,-1.1546271
c_1_21_806,2.9041882,-0.5711192
c_1_21_807,3.8013608,-0.6602451
c_1_21_808,2.2542868,-0.8176112
c_1_21_809,2.778867,-2.7791781
c_1_21_810,3.1758213,4.4442573
c_1_21_811,6.4243345,2.8994064
c_1_21_812,4.476163,1.7371066
c_1_21_813,1.8708596,-1.7462313
c_1_21_814,2.8223014,-1.7697848
c_1_21_815,2.6631377,-2.532709
c_1_21_816,4.413572,-0.45391053
c_1_21_817,1.4361235,-2.7260618
c_1_21_818,2.8614337,-1.4434398
c_1_21_819,1.8684496,-2.4726472
c_1_21_820,2.8988762,5.341113
c_1_21_821,1.7802869,-1.8742526
c_1_21_822,1.4133855,-1.7675135
c_1_21_823,2.0894086,-2.1238947
c_1_21_824,4.2202463,1.4777763
c_1_21_825,4.2832394,-1.194475
c_1_21_826,6.4707065,3.3840122
c_1_21_828,9.320069,3.7451363
c_1_21_829,3.1518824,-3.092121
c_1_21_830,2.5503883,-1.586791
c_1_21_831,1.6546832,-2.2206259
c_1_21_832,4.2405915,2.4263442
c_1_21_833,2.533574,-1.1513623
c_1_21_834,6.0391703,1.8952589
c_1_21_835,1.8923383,-1.7339557
c_1_21_836,1.8105508,-2.0471716
c_1_21_837,2.0003114,-2.054677
c_1_21_838,2.2946696,-2.8024023
c_1_21_839,1.8029915,1.7881191
c_1_21_840,6.842017,2.6196113
c_1_21_841,4.883259,3.844721
c_1_21_842,2.034052,-2.0087712
c_1_21_843,4.8212256,0.6229356
c_1_21_844,7.1255035,2.7186873
c_1_21_845,3.0402288,-2.6378403
c_1_21_846,1.3431501,-1.4303128
c_1_21_847,2.854386,-2.4690032
c_1_21_848,7.710437,0.10834272
c_1_21_849,5.70649,3.974958
c_1_21_850,2.935079,-0.9041639
c_1_21_851,2.2006733,-2.4742367
c_1_21_852,1.8159087,-2.0794334
c_1_21_853,2.266651,-1.0922252
c_1_21_854,6.3064795,-2.7121222
c_1_21_855,3.3921497,-1.5422214
c_1_21_856,2.0857718,-1.5502868
c_1_21_857,4.8424177,-0.5096189
c_1_21_858,4.847711,-0.8424276
c_1_21_859,2.7580726,-2.3659775
c_1_21_860,2.373174,-1.156243
c_1_21_861,2.136181,-3.0954406
c_1_21_862,2.789267,0.54643124
c_1_21_863,6.788346,1.6095322
c_1_21_864,2.2702057,-1.180125
c_1_21_865,3.6898,-1.7978139
c_1_21_866,6.60791,3.6337295
c_1_21_867,3.215409,-2.3351307
c_1_21_868,3.6460254,-1.5324519
c_1_21_869,9.05848,3.2988515
c_1_21_870,3.7291348,-1.6031731
c_1_21_871,8.696547,3.920005
c_1_21_872,7.0580482,-0.82149935
c_1_21_873,5.2821474,0.4332533
c_1_21_874,8.336444,3.228899
c_1_21_875,1.3223392,-1.5839959
c_1_21_876,8.179836,5.87972
c_1_21_877,1.518908,-1.5752444
c_1_21_878,3.5449338,-0.220551
c_1_21_879,7.160392,1.7799404
c_1_21_880,6.1891756,2.709515
c_1_21_881,7.5384603,0.56635594
c_1_21_882,3.0182621,-2.5049708
c_1_21_884,2.5824733,0.028659662
c_1_21_885,1.7489749,-1.91874
c_1_21_886,9.308213,3.4726932
c_1_21_887,3.25092,-1.7933196
c_1_21_888,3.1381037,-1.3251632
c_1_21_889,2.2749534,-2.2287016
c_1_21_891,2.2408943,-2.1039507
c_1_21_892,1.296318,-2.7496173
c_1_21_893,1.4520285,-2.1417542
c_1_21_894,1.7812008,-1.2172323
c_1_21_895,8.547159,5.124473
c_1_21_896,6.8874893,2.1475208
c_1_21_897,4.0971246,-0.62433404
c_1_21_898,1.3399369,-1.459414
c_1_21_900,5.024101,-1.1723473
c_1_21_901,2.1669571,-1.5329362
c_1_21_902,2.8051684,-0.46983376
c_1_21_903,7.360311,1.6079875
c_1_21_904,2.3841503,-0.9799407
c_1_21_905,5.638583,0.7522604
c_1_21_906,8.087285,5.1579647
c_1_21_907,2.966357,-2.8625493
c_1_21_908,1.6928066,-2.4485886
c_1_21_909,2.736687,2.8943064
c_1_21_910,7.3491917,1.7096232
c_1_21_911,8.278609,2.4386048
c_1_21_912,2.207426,-1.2103503
c_1_21_913,4.130597,-0.5584232
c_1_21_915,1.5089488,-1.7591586
c_1_21_916,2.0705934,-4.075321
c_1_21_917,4.0674996,-0.28686106
c_1_21_918,1.3152703,-2.1527474
c_1_21_919,1.9499696,-1.8645451
c_1_21_920,8.838824,5.0965314
c_1_21_921,1.0869426,-1.6889077
c_1_21_922,2.6959293,-1.3706604
c_1_21_923,2.8428102,-2.070198
c_1_21_924,8.296434,5.750903
c_1_21_925,1.3391962,-1.5346035
c_1_21_926,5.0989847,1.4620928
c_1_21_927,1.8094444,-2.8625128
c_1_21_928,2.4633079,-1.1568832
c_1_21_930,2.781098,-2.4793644
c_1_21_931,2.4660156,-1.46319
c_1_21_932,2.1754453,-1.7753361
c_1_21_933,3.60934,-0.6488521
c_1_21_934,2.4614086,-1.6760916
c_1_21_935,2.9775,-1.8105087
c_1_21_936,2.610619,-2.488075
c_1_21_937,2.0132651,-0.49765486
c_1_21_938,8.265533,2.9765732
c_1_21_939,4.0061364,0.445508
c_1_21_941,2.3671544,-1.6791427
c_1_21_943,4.974878,-0.56301695
c_1_21_944,1.4719938,-2.2935472
c_1_21_945,8.197084,4.125991
c_1_21_946,1.5335534,-1.5933043
c_1_21_947,1.2237182,-1.2862613
c_1_21_948,9.049869,2.7479022
c_1_21_949,4.3821044,-1.1286818
c_1_21_950,8.610249,5.4011335
c_1_21_951,1.852815,-1.3737478
c_1_21_952,8.154657,5.21624
c_1_21_953,7.0067415,0.66795915
c_1_21_954,8.363539,4.8310494
c_1_21_955,3.4171376,-2.26216
c_1_21_956,2.3343139,-2.6831388
c_1_21_957,1.6741612,-1.5521278
c_1_21_958,6.4621763,4.3153706
c_1_21_959,2.4075317,-0.46508476
c_1_21_960,2.6777616,-1.3968842
c_1_21_961,8.255124,5.6372013
c_1_21_962,7.5164433,-1.0437824
c_1_21_963,8.254768,4.8055935
c_1_21_964,5.8517356,0.42413422
c_1_21_965,4.8934565,-1.7502565
c_1_21_966,2.361745,-2.0660703
c_1_21_968,1.1854641,-2.1622488
c_1_21_969,1.8526715,-2.8768418
c_1_21_970,3.8543978,-0.118419126
c_1_21_971,3.3617973,-1.5886257
c_1_21_972,1.6205277,-1.9462545
c_1_21_973,1.8898841,-1.3254393
c_1_21_974,4.9898925,2.0932946
c_1_21_975,8.03057,5.1941347
c_1_21_976,1.6655303,-1.8401446
c_1_21_977,1.7910926,-1.5848887
c_1_21_978,1.321368,-1.8239655
c_1_21_979,4.8381467,1.6806325
c_1_21_980,1.7315683,-1.5526179
c_1_21_981,6.099987,0.56833535
c_1_21_982,8.799419,3.0537274
c_1_21_983,1.0955417,-1.7837237
c_1_21_984,2.8553085,-2.675227
c_1_21_985,3.5003734,-2.8646092
c_1_21_986,2.1187255,-1.5438845
c_1_21_987,1.8344264,-2.716626
c_1_21_989,3.8438978,-0.34532863
c_1_21_990,8.780806,6.146756
c_1_21_991,9.101594,5.6828623
c_1_21_992,2.0053287,-1.1841005
c_1_21_993,5.160371,-1.6262958
c_1_21_994,2.4566796,-2.2186544
c_1_21_995,1.9710065,-0.7650078
c_1_21_996,6.5254126,3.275717
c_1_21_997,1.5281283,-1.7562563
c_1_21_998,2.274456,-2.4227157
c_1_21_999,1.3803384,-1.3709446
c_1_21_1000,8.919271,5.7652535
c_1_21_1001,3.034572,-2.337687
c_1_21_1002,2.0265703,-2.2179244
c_1_21_1003,2.1779811,-1.8594755
c_1_21_1004,7.5914264,4.9133573
c_1_21_1005,1.9220607,-2.2014892
c_1_21_1006,1.997503,-1.7637509
c_1_21_1007,4.5269003,-0.9964043
c_1_21_1008,7.524924,4.550149
c_1_21_1009,6.705781,2.0792837
c_1_21_1010,9.595721,2.8302293
c_1_21_1011,3.5496702,-3.070321
c_1_21_1012,4.043998,-2.863527
c_1_21_1013,1.7572529,-0.50392526
c_1_21_1014,1.8974174,-1.9261816
c_1_21_1015,2.875449,-0.7775882
c_1_21_1016,8.657698,6.403875
c_1_21_1018,8.363592,4.288851
c_1_21_1019,1.8830005,-1.5925592
c_1_21_1020,1.263862,-1.930497
c_1_21_1021,8.423158,5.1499085
c_1_21_1022,1.297887,-1.2543079
c_1_21_1024,5.0716753,1.6834954
c_1_21_1026,8.800169,5.141783
c_1_21_1027,7.5408206,2.7996511
c_1_21_1028,1.3211362,-1.6874921
c_1_21_1029,5.312409,0.38178298
c_1_21_1030,6.0887356,-1.7254659
c_1_21_1031,2.781362,-2.6562293
c_1_21_1032,4.019669,-1.5175192
c_1_21_1033,8.471108,2.9685457
c_1_21_1034,1.9321041,-2.2401938
c_1_21_1035,6.7676015,1.7975368
c_1_21_1036,2.6536672,-1.6121365
c_1_21_1037,7.5506635,3.9562075
c_1_21_1038,7.132288,2.834409
c_1_21_1039,7.7047067,2.4604425
c_1_21_1040,1.9557301,-1.3507823
c_1_21_1041,2.6214025,-1.1056738
c_1_21_1042,6.762395,-1.1513315
c_1_21_1043,2.4083865,-0.8867052
c_1_21_1044,1.5406914,0.40590286
c_1_21_1045,1.2622955,-1.6132618
c_1_21_1046,8.584362,4.70713
c_1_21_1047,2.1612124,-2.0789027
c_1_21_1048,1.7148569,-1.424517
c_1_21_1049,1.159897,-2.3311307
c_1_21_1051,1.928656,-1.6142191
c_1_21_1052,6.814819,2.120397
c_1_21_1053,7.353133,2.8543391
c_1_21_1054,6.371834,1.0314826
c_1_21_1055,8.528857,5.3293333
c_1_21_1056,1.3342636,-2.198531
c_1_21_1057,7.918183,2.5625143
c_1_21_1058,8.29024,3.5578644
c_1_21_1059,4.739201,-1.9306043
c_1_21_1060,6.3139596,2.2198644
c_1_21_1061,3.915058,-2.9668617
c_1_21_1062,2.9002807,-0.9846012
c_1_21_1063,8.210209,2.6925592
c_1_21_1064,8.53496,2.8009958
c_1_21_1065,1.6058017,-2.4731061
c_1_21_1066,8.791571,5.5309515
c_1_21_1067,1.3881824,-1.6662502
c_1_21_1068,8.773258,2.5338154
c_1_21_1069,1.725721,-1.6128072
c_1_21_1070,1.5038774,-2.260669
c_1_21_1071,9.225602,2.8586054
c_1_21_1072,7.5984464,1.8939091
c_1_21_1073,1.8525177,-0.40761507
c_1_21_1074,1.8701156,-1.761385
c_1_21_1075,1.2765611,-1.7913151
c_1_21_1076,3.2825239,0.9322227
c_1_21_1077,7.8379087,5.363045
c_1_21_1078,5.174866,0.5316798
c_1_21_1079,6.6136594,0.30345285
c_1_21_1080,8.262169,4.75537
c_1_21_1081,6.238894,1.6406033
c_1_21_1082,7.687671,5.644111
c_1_21_1083,9.032517,5.0868607
c_1_21_1084,3.3281658,0.13628373
c_1_21_1086,3.2741084,-1.526428
c_1_21_1087,2.8212814,-1.8298064
c_1_21_1089,1.9271595,-1.5814707
c_1_21_1090,8.339955,2.987612
c_1_21_1091,8.933864,0.99343175
c_1_21_1092,3.281634,-2.7445023
c_1_21_1093,6.806688,2.3033612
c_1_21_1094,3.1890478,-1.1551276
c_1_21_1095,7.5812435,2.445216
c_1_21_1096,7.6087923,3.7741446
c_1_21_1097,3.1433768,1.056728
c_1_21_1098,3.9470956,-0.8483759
c_1_21_1099,7.543739,3.0741255
c_1_21_1100,7.247069,2.7769935
c_1_21_1101,8.260726,5.5253224
c_1_21_1102,1.0091442,-0.1509274
c_1_21_1103,6.522128,0.36164054
c_1_21_1104,6.5751953,2.9910977
c_1_21_1105,6.344416,1.4697962
c_1_21_1106,8.061577,4.0248394
c_1_21_1107,6.1479754,3.6221786
c_1_21_1108,4.094094,-0.6892839
c_1_21_1109,6.540101,2.7211049
c_1_21_1110,2.2042997,-1.4390452
c_1_21_1111,7.5501747,3.1802278
c_1_21_1112,1.2042674,-2.2799761
c_1_21_1113,9.092582,2.6892982
c_1_21_1114,7.7833433,5.426247
c_1_21_1115,2.519655,-1.4990468
c_1_21_1116,2.8893292,-0.8802046
c_1_21_1117,7.4765716,3.3456476
c_1_21_1118,7.072665,0.7674954
c_1_21_1119,3.4996321,-1.3789092
c_1_21_1120,2.7155945,-1.7654884
c_1_21_1121,4.3077784,-0.97762465
c_1_21_1122,5.4211893,2.0084407
c_1_21_1123,7.9344788,5.128673
c_1_21_1124,8.77536,5.482443
c_1_21_1125,1.3550452,-1.8952017
c_1_21_1126,1.2068982,-2.2994022
c_1_21_1127,8.01539,3.5199997
c_1_21_1128,1.7540399,-1.8838251
c_1_21_1129,1.8011214,-1.3247038
c_1_21_1130,7.8337793,4.0843353
c_1_21_1131,8.232957,4.9780893
c_1_21_1132,5.798037,-3.1063645
c_1_21_1133,8.919752,2.6815875
c_1_21_1134,2.3827512,-2.8073254
c_1_21_1135,3.1234927,-1.4195471
c_1_21_1136,8.137423,5.063264
c_1_21_1137,8.5223,6.034372
c_1_21_1138,4.9446263,-1.8143351
c_1_21_1139,2.7550976,-3.4945931
c_1_21_1140,3.7662642,-1.0232704
c_1_21_1141,2.1625345,-1.3981985
c_1_21_1142,1.7757114,-1.3999066
c_1_21_1143,6.7731867,2.1060967
c_1_21_1144,8.749903,6.2071304
c_1_21_1145,2.060431,-1.8644903
c_1_21_1146,2.8796277,-1.1460463
c_1_21_1147,1.2140324,-1.837228
c_1_21_1148,1.5705214,-1.9683421
c_1_21_1149,5.226089,-1.9229292
c_1_21_1150,3.5822952,-1.3954649
c_1_21_1151,7.6811852,-0.2743783
c_1_21_1152,6.0365076,0.2095808
c_1_21_1154,8.056962,3.5423186
c_1_21_1155,2.1538923,-2.4964008
c_1_21_1157,6.9431605,1.0319239
c_1_21_1158,8.589761,4.923337
c_1_21_1160,3.303224,-0.99103427
c_1_21_1161,2.6032178,-2.8024023
c_1_21_1162,8.531284,6.0719705
c_1_21_1163,7.1339273,1.8069731
c_1_21_1164,2.09367,-1.7773974
c_1_21_1165,8.163529,5.831604
c_1_21_1166,5.034953,0.7797994
c_1_21_1168,1.346652,-1.7078031
c_1_21_1169,2.9106708,-0.6909882
c_1_21_1171,8.136522,3.9583824
c_1_21_1172,6.3192306,3.674315
c_1_21_1173,6.6493773,3.733728
c_1_21_1174,2.2454422,-0.82894766
c_1_21_1175,8.263381,5.4969063
c_1_21_1176,7.3795795,4.341997
c_1_21_1177,8.498896,4.8000093
c_1_21_1178,9.408028,3.066459
c_1_21_1179,2.380038,-2.0730963
c_1_21_1180,8.140603,2.5649517
c_1_21_1181,3.3105257,-2.1572728
c_1_21_1182,6.3941236,2.7704651
c_1_21_1183,1.8469526,-1.5737269
c_1_21_1184,7.9602175,4.381706
c_1_21_1185,5.6717114,1.4461443
c_1_21_1186,4.9063725,-0.48921323
c_1_21_1187,7.609922,5.4524565
c_1_21_1188,3.632285,2.7814703
c_1_21_1189,3.8117263,-0.8395983
c_1_21_1190,6.0962186,2.7846227
c_1_21_1191,2.814552,-0.8092864
c_1_21_1192,6.9064407,1.0822167
c_1_21_1193,8.547629,4.291468
c_1_21_1195,8.80349,2.8595192
c_1_22_2,4.482812,-0.42869404
c_1_22_3,5.5402985,0.541177
c_1_22_4,2.5321116,5.764749
c_1_22_5,3.840904,0.7355055
c_1_22_6,4.8318768,1.5221379
c_1_22_7,4.500339,2.1812577
c_1_22_8,4.3364806,-0.36027753
c_1_22_9,3.7698464,0.57282144
c_1_22_10,3.9439964,1.444783
c_1_22_11,2.9499636,1.3342162
c_1_22_12,5.384102,-0.053908337
c_1_22_13,6.1227674,-1.2852511
c_1_22_14,4.359568,1.7375398
c_1_22_15,6.926661,1.3617039
c_1_22_16,3.1091526,3.378699
c_1_22_17,4.9637547,0.82827246
c_1_22_18,3.7338827,0.021452907
c_1_22_19,4.7379036,0.51990557
c_1_22_20,4.3077755,2.2249794
c_1_22_21,4.7784705,-0.32326436
c_1_22_22,4.452542,2.589572
c_1_22_23,3.951674,1.4309872
c_1_22_24,3.8047585,1.9779451
c_1_22_25,4.456622,0.6547445
c_1_22_26,2.3581927,0.22137977
c_1_22_27,2.7765467,1.7484841
c_1_22_28,2.8660812,0.97136813
c_1_22_29,4.314359,2.6356344
c_1_22_30,6.378856,0.12509577
c_1_22_31,2.844227,4.586996
c_1_22_32,2.9272513,5.0418754
c_1_22_33,1.5433251,0.62561643
c_1_22_34,5.0687184,1.7586668
c_1_22_35,4.8103456,-0.85696167
c_1_22_36,4.41292,2.1122594
c_1_22_37,4.5805836,1.3558353
c_1_22_38,3.219524,4.2950206
c_1_22_39,7.4236054,0.39094067
c_1_22_40,8.606244,0.6066339
c_1_22_41,3.2282214,2.9751444
c_1_22_42,5.788331,1.7269915
c_1_22_43,6.821697,1.1067936
c_1_22_44,2.5817997,2.298923
c_1_22_45,7.5961185,0.0033322864
c_1_22_46,3.873681,0.33924925
c_1_22_47,3.8545952,3.2842155
c_1_22_48,3.9610076,2.9801946
c_1_22_49,6.376899,2.8162847
c_1_22_50,5.056955,1.1495655
c_1_22_51,8.563584,0.47917804
c_1_22_52,9.188899,0.9379665
c_1_22_53,8.283331,0.40218103
c_1_22_54,3.0691817,3.0139003
c_1_22_55,4.4301972,2.737667
c_1_22_56,2.3053362,0.56571066
c_1_22_57,3.205428,2.1997526
c_1_22_58,4.5569024,1.8352578
c_1_22_59,3.8323877,3.7712114
c_1_22_60,4.026269,3.408841
c_1_22_61,8.498388,0.5824922
c_1_22_62,4.5616693,-0.1008057
c_1_22_63,8.6802435,1.361847
c_1_22_64,3.8605413,3.4807944
c_1_22_65,7.311123,0.43464097
c_1_22_66,9.501023,1.5042028
c_1_22_67,3.4813402,2.2691183
c_1_22_68,4.36565,2.9766312
c_1_22_69,3.5902789,0.8277291
c_1_22_70,4.4440317,-0.88474464
c_1_22_71,6.5302153,1.8190804
c_1_22_72,3.718332,1.5690472
c_1_22_73,5.18673,1.2198106
c_1_22_74,3.4940794,2.4135437
c_1_22_75,3.9329693,0.69192064
c_1_22_76,7.7600884,0.2997752
c_1_22_77,3.578897,2.2013047
c_1_22_78,4.0285983,1.560871
c_1_22_79,5.3524327,2.4772098
c_1_22_80,3.326728,0.78144175
c_1_22_81,4.6188354,0.20894071
c_1_22_82,5.4839277,-2.375427
c_1_22_83,4.7648487,-2.3215027
c_1_22_84,4.2469335,2.853212
c_1_22_85,8.41015,1.0593836
c_1_22_86,3.4150786,3.8810983
c_1_22_87,4.247047,2.9134817
c_1_22_88,4.0581937,1.0417632
c_1_22_89,3.8638387,3.1202579
c_1_22_90,6.2019415,2.172724
c_1_22_91,3.6489637,0.12029688
c_1_22_92,3.712181,2.111525
c_1_22_93,7.595915,-0.11749556
c_1_22_94,5.2297935,-0.34924316
c_1_22_95,2.7995157,4.89426
c_1_22_96,3.7352715,3.692623
c_1_22_97,2.5669432,0.38051748
c_1_22_98,7.125986,1.8080906
c_1_22_99,2.8158395,1.7532661
c_1_22_100,4.999926,-1.2854867
c_1_22_101,3.5949175,4.0435205
c_1_22_102,4.634703,1.2130452
c_1_22_103,4.1000843,3.1467838
c_1_22_104,2.7805548,1.1950319
c_1_22_105,3.441672,1.373665
c_1_22_106,4.3565445,3.2017202
c_1_22_107,5.2810388,0.9488881
c_1_22_108,1.983631,5.553777
c_1_22_109,2.539192,0.5085959
c_1_22_110,4.2478223,2.4661372
c_1_22_111,5.124839,2.1659737
c_1_22_112,4.232062,2.3736532
c_1_22_113,3.7326617,1.8517554
c_1_22_114,4.757195,2.2661157
c_1_22_115,5.2758036,0.81993645
c_1_22_116,4.240976,1.6720333
c_1_22_117,7.702813,3.8890135
c_1_22_118,4.1538925,2.6559787
c_1_22_119,3.675503,2.7549326
c_1_22_120,4.8016233,2.73176
c_1_22_121,5.782085,0.0988277
c_1_22_122,4.40272,2.7299378
c_1_22_123,4.9812546,2.6356752
c_1_22_124,3.8463702,3.3240979
c_1_22_125,3.5677166,2.2929134
c_1_22_126,2.2084239,4.4020495
c_1_22_127,3.623235,4.0589657
c_1_22_128,6.8984833,1.7534808
c_1_22_129,4.4770412,2.1724815
c_1_22_130,3.9753757,3.0042899
c_1_22_131,3.2120924,0.609722
c_1_22_132,4.3197784,-0.097645655
c_1_22_134,3.9048197,2.9628274
c_1_22_135,2.8675952,4.9808993
c_1_22_136,4.5261855,2.8171952
c_1_22_137,3.8799658,2.9152007
c_1_22_138,2.274782,5.16487
c_1_22_139,2.7017713,1.6716372
c_1_22_140,8.308415,1.1052505
c_1_22_141,2.898553,4.9394083
c_1_22_142,5.5456934,0.46210536
c_1_22_143,4.4911194,1.8145528
c_1_22_144,4.068921,3.0033305
c_1_22_145,5.740785,1.0103654
c_1_22_146,3.4523416,0.27297628
c_1_22_147,3.641809,3.114636
c_1_22_148,5.9597826,0.31500095
c_1_22_149,4.4094396,0.40246993
c_1_22_150,2.8556747,3.864178
c_1_22_151,4.094611,3.6527288
c_1_22_152,4.2735972,1.742752
c_1_22_153,7.318217,2.4668212
c_1_22_154,4.32913,1.8872037
c_1_22_155,4.4795957,3.1050706
c_1_22_156,4.576446,2.4666631
c_1_22_157,5.590565,-0.07189245
c_1_22_158,2.8380497,5.187389
c_1_22_159,4.2076573,3.5054877
c_1_22_160,4.127575,2.6365309
c_1_22_161,4.211127,3.6382248
c_1_22_162,3.7097921,3.6012595
c_1_22_163,4.7096267,2.084693
c_1_22_164,3.8926396,0.845604
c_1_22_165,2.3911326,5.281353
c_1_22_166,4.1152186,0.4971227
c_1_22_167,3.8741057,1.001205
c_1_22_168,4.737395,2.2639434
c_1_22_169,6.5585027,1.3636111
c_1_22_170,3.4538023,4.465193
c_1_22_171,4.2461433,1.3259115
c_1_22_172,4.6380167,2.8412323
c_1_22_173,4.3247313,2.0838559
c_1_22_174,4.6196384,2.3816252
c_1_22_176,5.6072016,2.2373576
c_1_22_177,5.312416,0.03545163
c_1_22_179,3.916989,3.9770963
c_1_22_180,5.359559,1.6930265
c_1_22_181,8.594882,0.4692387
c_1_22_182,3.2061574,4.8855085
c_1_22_183,5.0019803,-1.3726662
c_1_22_184,6.05188,2.1612303
c_1_22_185,5.484552,-0.9780371
c_1_22_186,5.0969834,2.0552478
c_1_22_187,4.1671476,2.81937
c_1_22_188,3.162048,0.2102133
c_1_22_189,3.494079,4.1079483
c_1_22_190,3.7278569,3.8481112
c_1_22_191,4.127488,2.044192
c_1_22_192,3.790556,2.7475464
c_1_22_193,3.9293149,3.270722
c_1_22_194,2.9423287,4.3864512
c_1_22_195,3.3788238,4.8466053
c_1_22_196,6.6951413,1.6495929
c_1_22_197,5.8400083,-0.3376255
c_1_22_198,3.5888076,1.090432
c_1_22_199,4.402065,2.7561162
c_1_22_200,3.9398835,3.487311
c_1_22_201,3.838391,3.417441
c_1_22_202,7.5969462,3.5205398
c_1_22_203,3.6779668,1.6983546
c_1_22_204,4.0557485,2.2881067
c_1_22_205,3.6921637,-3.3953931
c_1_22_206,4.444974,-0.28793022
c_1_22_207,3.5200202,-2.1332612
c_1_22_208,4.5452557,1.2549694
c_1_22_209,3.0067797,2.3999999
c_1_22_210,3.5421362,3.6604393
c_1_22_211,5.6893888,-0.946864
c_1_22_212,2.384221,0.30648202
c_1_22_213,2.4677672,0.5714029
c_1_22_214,4.102469,2.3765512
c_1_22_215,4.6315093,2.574924
c_1_22_216,3.8091912,3.9062219
c_1_22_217,6.163781,1.7942437
c_1_22_218,3.9115555,-2.4066732
c_1_22_219,6.386702,-0.025092699
c_1_22_220,3.1010175,-2.1186755
c_1_22_221,4.4935226,2.2830706
c_1_22_222,5.110479,-0.7574404
c_1_22_223,4.645821,2.1353385
c_1_22_224,5.2363,1.6300243
c_1_22_225,5.3097243,1.8642707
c_1_22_226,4.2256756,1.7666492
c_1_22_227,3.621572,-0.84192514
c_1_22_228,2.3733692,1.8617676
c_1_22_229,4.48917,1.2810862
c_1_22_230,0.8244676,0.21988133
c_1_22_231,4.1384983,-0.38829747
c_1_22_232,2.7952926,2.4876273
c_1_22_233,5.3547144,-2.041599
c_1_22_234,5.6483064,0.100925066
c_1_22_235,3.0258431,2.550125
c_1_22_236,4.906104,-0.15196352
c_1_22_237,2.6177251,2.5255117
c_1_22_238,5.655626,1.53746
c_1_22_239,5.542104,0.79877394
c_1_22_240,4.1850157,1.3378248
c_1_22_241,4.1350117,4.2218094
c_1_22_242,3.6910212,2.5869865
c_1_22_243,6.60591,2.1024122
c_1_22_244,2.4820654,1.6058502
c_1_22_245,3.1036718,3.351867
c_1_22_246,2.7725484,2.2229502
c_1_22_247,0.5261542,2.9388485
c_1_22_248,2.2766175,-1.6462675
c_1_22_249,4.122188,1.2023453
c_1_22_250,3.1903675,1.1563915
c_1_22_251,3.7642338,1.0694942
c_1_22_253,3.043391,-0.5191235
c_1_22_254,1.4717113,5.4168935
c_1_22_255,6.967008,-2.9292324
c_1_22_256,3.0512683,3.0756178
c_1_22_257,6.30246,-0.80468583
c_1_22_258,4.1331806,1.1237489
c_1_22_259,3.0785217,1.1204656
c_1_22_260,6.241673,3.3993523
c_1_22_261,3.2857215,1.3140357
c_1_22_262,4.892536,-0.8335899
c_1_22_263,5.7193656,1.7747568
c_1_22_264,3.5896354,0.605806
c_1_22_265,4.0489273,-0.29706785
c_1_22_266,3.1742532,2.1819725
c_1_22_267,2.9095888,1.2269189
c_1_22_268,1.4427757,1.4239241
c_1_22_269,6.134633,3.349295
c_1_22_270,3.09291,-2.5977314
c_1_22_271,3.8879104,1.141155
c_1_22_272,3.0496423,-0.5115549
c_1_22_273,6.982489,3.4314954
c_1_22_275,1.3792183,0.54252756
c_1_22_276,4.2423534,1.6640899
c_1_22_277,6.1121554,1.4447523
c_1_22_278,3.1021714,2.8638296
c_1_22_279,3.0042768,0.46247074
c_1_22_280,5.343046,-3.012828
c_1_22_281,3.4328632,1.2449367
c_1_22_282,3.2634583,1.3810558
c_1_22_283,3.3995237,-1.177106
c_1_22_284,4.0924187,1.5772572
c_1_22_285,5.872357,2.9130232
c_1_22_286,6.139093,2.9713328
c_1_22_287,6.1556797,3.3191512
c_1_22_288,3.5674336,3.308034
c_1_22_289,5.659732,-1.5718602
c_1_22_290,4.0735655,0.12446641
c_1_22_291,4.53987,-3.0860639
c_1_22_292,1.3531348,2.7563713
c_1_22_293,5.4336867,1.4914563
c_1_22_294,5.4337773,-2.8157296
c_1_22_295,2.924267,0.00015681276
c_1_22_296,6.0812297,3.4042883
c_1_22_297,5.6899333,-0.30132195
c_1_22_298,4.8380055,0.32711518
c_1_22_299,7.01809,3.306706
c_1_22_300,7.0777016,-3.1555078
c_1_22_301,2.8603475,0.30123714
c_1_22_302,2.6248178,1.7173135
c_1_22_303,5.822029,3.5286129
c_1_22_304,5.9691043,-2.2582328
c_1_22_305,3.4591107,0.80108374
c_1_22_306,5.026596,1.953776
c_1_22_307,5.22432,-1.2202013
c_1_22_308,6.2510304,2.7285204
c_1_22_309,5.7029033,-0.8311224
c_1_22_310,4.7677574,-2.5662203
c_1_22_311,4.4635878,-0.699481
c_1_22_312,6.637467,-2.1628833
c_1_22_313,2.0762813,2.4447381
c_1_22_314,3.5934176,1.009016
c_1_22_315,5.487839,-1.6947832
c_1_22_316,6.5977225,-2.0909154
c_1_22_317,4.837503,-2.6415465
c_1_22_318,2.9400506,2.745412
c_1_22_319,3.7487593,2.7881608
c_1_22_320,5.804673,3.548148
c_1_22_321,7.1431065,-2.278931
c_1_22_322,6.877035,-1.8635919
c_1_22_323,4.7957115,2.1260777
c_1_22_324,5.3326626,-0.8781132
c_1_22_325,3.5624678,1.2612579
c_1_22_326,6.661048,-2.8225663
c_1_22_327,6.4726152,-1.6908131
c_1_22_328,5.6401324,-1.4824938
c_1_22_329,4.2420874,1.4087417
c_1_22_330,3.7211497,-0.5128799
c_1_22_331,6.5557623,-1.5843803
c_1_22_332,6.963298,-2.948395
c_1_22_333,5.369333,-3.3232486
c_1_22_334,6.118675,2.5193129
c_1_22_335,6.571987,-2.405195
c_1_22_336,5.249088,-3.1546283
c_1_22_337,4.7237554,0.8387109
c_1_22_338,6.1383057,-3.8686106
c_1_22_339,4.381339,-0.63895065
c_1_22_340,6.5698895,-1.2278924
c_1_22_341,2.7775927,1.0205525
c_1_22_342,5.979714,1.2351174
c_1_22_343,6.589504,-1.9902369
c_1_22_344,6.9638968,-3.0682783
c_1_22_345,3.7567174,-3.546932
c_1_22_346,4.3886547,0.07725872
c_1_22_347,6.306371,-3.0285752
c_1_22_348,3.7266898,0.83350486
c_1_22_349,6.5357466,0.44080964
c_1_22_350,5.019396,1.2338128
c_1_22_351,3.8176816,-0.3009292
c_1_22_352,6.0761404,-3.1417325
c_1_22_353,7.238813,-2.5551715
c_1_22_354,4.1889486,-0.78999513
c_1_22_355,3.562044,-2.06851
c_1_22_356,4.342269,-0.39238453
c_1_22_357,5.557474,-1.7994591
c_1_22_358,4.5002174,-1.5226102
c_1_22_359,5.829677,-2.526765
c_1_22_360,3.270754,1.1891865
c_1_22_361,5.958174,2.363037
c_1_22_362,6.997639,-2.539352
c_1_22_363,6.8434734,-1.8601187
c_1_22_365,5.770097,-3.8415494
c_1_22_366,5.784609,2.9569933
c_1_22_367,4.7754455,-3.7914941
c_1_22_368,4.002881,0.37700966
c_1_22_369,5.1564236,-2.5065231
c_1_22_370,3.5355818,-0.16318192
c_1_22_371,3.6070733,-2.5997744
c_1_22_372,6.35657,-3.9093947
c_1_22_373,3.933144,1.4952755
c_1_22_374,4.17454,1.8825632
c_1_22_376,6.8217044,-3.3433995
c_1_22_377,4.9175267,-0.041639343
c_1_22_378,2.533197,1.1075201
c_1_22_379,5.7310314,-2.129953
c_1_22_380,4.7763953,-3.304478
c_1_22_381,7.245264,-3.8786664
c_1_22_382,7.4895706,-1.9051936
c_1_22_383,4.6544647,0.11445862
c_1_22_384,5.8451214,-2.329963
c_1_22_385,6.008275,-1.1859665
c_1_22_386,4.6863713,0.71947277
c_1_22_387,8.580808,0.8229501
c_1_22_388,1.441259,0.20099169
c_1_22_389,5.9393053,-1.3025563
c_1_22_390,5.606218,-3.1551895
c_1_22_392,3.2512498,-0.41249537
c_1_22_393,7.025229,-3.1015043
c_1_22_394,6.816717,-0.31631058
c_1_22_395,4.0757127,-2.5352094
c_1_22_396,7.4075027,-4.1319485
c_1_22_397,5.4216948,-2.4098766
c_1_22_398,7.9189444,0.3200716
c_1_22_399,7.522985,0.46601856
c_1_22_400,6.4694824,-3.7402048
c_1_22_401,5.8232126,-2.8214662
c_1_22_402,6.1125984,-1.9297026
c_1_22_404,6.5737214,-4.183797
c_1_22_405,6.6796336,-3.9868639
c_1_22_407,3.7462466,-0.46788782
c_1_22_408,3.0123644,-2.893095
c_1_22_409,3.7707593,-0.38662526
c_1_22_410,3.0733273,2.4895222
c_1_22_411,6.3233194,-0.7851615
c_1_22_412,4.7081504,0.519707
c_1_22_413,4.094015,0.80856884
c_1_22_414,7.214027,-3.981749
c_1_22_416,5.289858,1.8099476
c_1_22_417,6.24506,1.3715208
c_1_22_418,5.1318192,-2.4086103
c_1_22_419,4.2734766,-0.4432954
c_1_22_420,1.8352617,-0.25925633
c_1_22_421,6.357037,-4.3900957
c_1_22_422,7.139337,-3.654734
c_1_22_423,3.7818387,0.07824642
c_1_22_424,6.3398705,3.6694322
c_1_22_425,6.5300736,-4.095898
c_1_22_426,3.797332,1.3292013
c_1_22_427,5.8038273,-2.6489115
c_1_22_428,6.3843703,-3.1554213
c_1_22_430,2.7481987,0.42065972
c_1_22_431,1.2920827,4.1026945
c_1_22_432,5.0420465,0.4086785
c_1_22_433,6.614829,-3.6993308
c_1_22_435,7.4159064,-2.3955886
c_1_22_436,4.4542346,-1.2324669
c_1_22_437,3.5319777,-0.062270712
c_1_22_438,5.1717086,-2.281265
c_1_22_440,7.201738,-3.0558712
c_1_22_441,7.2397966,-3.7382426
c_1_22_442,3.5211596,-2.3141294
c_1_22_443,7.9896226,0.43437567
c_1_22_444,3.5244634,3.5024896
c_1_22_445,7.046706,-2.473153
c_1_22_446,6.140284,-3.3580859
c_1_22_447,3.3923519,0.5690414
c_1_22_449,5.9432926,0.081472434
c_1_22_450,2.6874824,2.5183985
c_1_22_451,4.844733,-0.031260815
c_1_22_452,6.3946543,3.400481
c_1_22_453,6.788927,-2.9798346
c_1_22_454,5.7793684,-0.74001366
c_1_22_455,6.782267,-2.4331243
c_1_22_456,6.630758,-2.9541104
c_1_22_457,7.4287343,-2.5380292
c_1_22_458,5.1909723,-3.7610526
c_1_22_459,5.0065904,-0.86101264
c_1_22_460,4.3881793,-1.5528132
c_1_22_461,6.0121384,-1.1479667
c_1_22_462,5.882601,-3.1552217
c_1_22_463,2.2575793,3.856194
c_1_22_464,4.198373,2.4490986
c_1_22_465,7.679517,-3.8410537
c_1_22_466,5.881292,-2.5004253
c_1_22_467,5.940995,3.1305594
c_1_22_468,6.6075087,-3.1848156
c_1_22_469,4.1350327,1.7027302
c_1_22_470,5.047058,-0.7256763
c_1_22_471,3.829268,-0.052668575
c_1_22_472,5.6858373,-1.222746
c_1_22_473,6.4766784,-4.193538
c_1_22_474,5.077502,-3.6724563
c_1_22_475,6.8384666,-1.5618492
c_1_22_476,5.3407273,-1.4039898
c_1_22_477,5.695366,-1.7185947
c_1_22_478,6.626416,-3.272847
c_1_22_479,6.893209,1.3533771
c_1_22_480,6.4939322,0.38726532
c_1_22_481,6.3085833,-2.3929236
c_1_22_482,5.841301,-2.322653
c_1_22_483,5.706149,-0.11937904
c_1_22_484,7.102443,-3.8881028
c_1_22_485,6.699469,-4.360224
c_1_22_486,7.1076293,-3.261582
c_1_22_487,6.4540863,-3.7948446
c_1_22_488,6.986467,-2.0095925
c_1_22_490,5.9698114,-2.585038
c_1_22_491,6.0925837,-1.7670181
c_1_22_492,5.8301287,-1.8226846
c_1_22_493,1.989534,4.9301643
c_1_22_494,6.7129216,-3.676196
c_1_22_495,3.94449,-3.94344
c_1_22_497,8.42135,2.2835083
c_1_22_498,6.103354,2.9902549
c_1_22_499,5.834673,-4.157072
c_1_22_500,2.9735022,4.166847
c_1_22_501,3.227844,-2.4722226
c_1_22_502,6.9480467,-3.6465476
c_1_22_503,4.1979866,-3.7139664
c_1_22_504,5.7955346,-2.3639877
c_1_22_505,6.355693,-1.6003872
c_1_22_506,6.354378,-1.4700676
c_1_22_507,5.2122545,-1.8657478
c_1_22_508,4.602004,0.35987252
c_1_22_509,5.36833,-1.9105704
c_1_22_510,6.2656407,-3.0837727
c_1_22_511,0.67018014,4.077746
c_1_22_512,4.135197,2.172753
c_1_22_513,2.9866996,-1.5444882
c_1_22_515,7.2142577,-2.5641506
c_1_22_516,4.3510733,-1.4974908
c_1_22_517,5.9372115,-1.36727
c_1_22_518,4.016371,1.1802391
c_1_22_519,1.3595715,4.8425097
c_1_22_520,5.2404256,-3.5515995
c_1_22_521,2.9390638,5.1884413
c_1_22_522,4.2236056,-0.37077817
c_1_22_523,3.1523538,-0.66651994
c_1_22_524,5.523643,-0.2406359
c_1_22_525,3.4530363,-3.632812
c_1_22_526,2.5197551,-0.8142794
c_1_22_527,2.7617967,4.5490932
c_1_22_528,7.3033137,-3.4804924
c_1_22_529,6.586835,-3.7148545
c_1_22_530,5.9412684,-3.199649
c_1_22_531,6.833589,2.5464394
c_1_22_532,4.709515,-2.3806462
c_1_22_533,6.648171,-2.4637527
c_1_22_534,3.941287,-2.147113
c_1_22_535,6.0360165,-3.4842536
c_1_22_536,7.4063373,-3.5099473
c_1_22_537,1.814157,1.2514818
c_1_22_538,4.486522,-1.7736541
c_1_22_539,5.9281993,-0.7359656
c_1_22_540,3.6537375,-0.3596905
c_1_22_541,6.6088433,-3.2274232
c_1_22_542,2.1924894,5.1788015
c_1_22_543,6.30799,-3.923165
c_1_22_544,2.8681955,4.867446
c_1_22_545,5.149984,-1.0001493
c_1_22_546,6.763625,-2.2917998
c_1_22_547,7.87081,2.7338734
c_1_22_548,6.673439,1.8126781
c_1_22_549,0.42055622,3.8569362
c_1_22_550,2.156507,5.3376417
c_1_22_551,5.927147,-1.9950666
c_1_22_552,2.0892246,-0.30060285
c_1_22_553,4.4398837,-2.7175512
c_1_22_554,4.8282313,-2.338796
c_1_22_555,1.5757993,5.35334
c_1_22_556,7.3690867,-3.1636305
c_1_22_557,5.107203,-3.3235917
c_1_22_558,7.008757,-2.1672661
c_1_22_559,1.9267423,3.8611755
c_1_22_560,6.9660506,-4.602832
c_1_22_561,6.8097873,-3.799152
c_1_22_562,4.349459,-1.3398656
c_1_22_563,7.446249,-3.094718
c_1_22_564,6.637219,0.9112385
c_1_22_565,6.2483087,-1.409099
c_1_22_566,4.25819,1.3395057
c_1_22_567,6.759778,-4.175872
c_1_22_568,6.0041804,-2.5655496
c_1_22_569,6.9100924,-1.5625632
c_1_22_570,6.3978148,-2.7390618
c_1_22_571,6.228328,-2.1078587
c_1_22_572,4.5611696,-1.826361
c_1_22_573,6.3695335,-4.154979
c_1_22_574,7.5189834,-2.6851132
c_1_22_575,2.4181728,-0.8459196
c_1_22_576,6.0421185,-2.8310082
c_1_22_577,5.4211993,4.412065
c_1_22_578,2.8023827,3.6037939
c_1_22_579,6.0103087,-3.2199273
c_1_22_580,7.1277757,-2.6665082
c_1_22_581,3.4322522,3.1469529
c_1_22_582,3.934167,-2.7558634
c_1_22_583,2.1526225,4.2828407
c_1_22_584,0.90465605,3.7507112
c_1_22_585,5.681364,-1.6557273
c_1_22_586,6.8438034,-4.141792
c_1_22_587,3.5011444,4.2014546
c_1_22_588,6.524623,-1.8617015
c_1_22_589,5.192008,-0.6524343
c_1_22_590,6.228754,-1.3528367
c_1_22_591,5.7192507,-2.0418725
c_1_22_592,2.6170628,4.756232
c_1_22_593,5.390422,-2.0426924
c_1_22_594,4.1760664,1.8944421
c_1_22_595,2.6875267,5.475526
c_1_22_596,2.928557,4.849749
c_1_22_597,6.7663493,-3.7915564
c_1_22_598,7.289213,-3.258431
c_1_22_599,5.8512616,-3.7475007
c_1_22_600,2.6056924,5.5943832
c_1_22_602,5.9898033,-3.9328706
c_1_22_603,5.7787833,-1.9168372
c_1_22_604,6.734968,-3.3615704
c_1_22_605,5.9459925,-3.554471
c_1_22_606,6.274283,-0.17484532
c_1_22_607,6.8050942,-4.056226
c_1_22_608,1.6226727,-0.11701942
c_1_22_609,5.9094276,-2.8004842
c_1_22_610,3.9609137,-0.95314145
c_1_22_611,6.5976357,-3.5104895
c_1_22_612,1.5404367,3.5160637
c_1_22_613,5.675872,-1.2163789
c_1_22_614,4.76176,-2.0354548
c_1_22_615,6.6064153,-1.8361632
c_1_22_616,6.9881682,-4.5114527
c_1_22_617,7.25413,1.8538535
c_1_22_619,7.308029,-2.1697843
c_1_22_620,5.513413,-1.0949365
c_1_22_621,2.9046242,0.6014493
c_1_22_622,6.727577,-1.7360016
c_1_22_623,5.3744545,-2.6328242
c_1_22_624,3.108956,-3.7009492
c_1_22_625,5.1424785,0.29423153
c_1_22_626,0.053343087,3.4713643
c_1_22_627,1.8613396,-0.27433342
c_1_22_628,7.050637,-3.8395965
c_1_22_629,6.9288774,-3.176689
c_1_22_630,4.710728,-1.9617943
c_1_22_631,6.3530693,-2.6832728
c_1_22_632,2.2314882,5.7203484
c_1_22_633,3.5787826,0.45679614
c_1_22_634,2.7740245,0.46452555
c_1_22_635,5.9020653,-2.0919876
c_1_22_636,6.945024,-2.910754
c_1_22_637,4.573757,-1.122709
c_1_22_638,5.7720647,-3.4302113
c_1_22_639,5.059171,-1.6036689
c_1_22_640,6.0520244,-2.2310276
c_1_22_641,5.617785,-2.3988504
c_1_22_642,5.815454,-1.5684464
c_1_22_643,5.78693,-2.6415477
c_1_22_644,5.320846,-2.7248983
c_1_22_645,3.4814796,4.636607
c_1_22_646,5.7716727,-2.8385215
c_1_22_647,0.9669375,0.3312378
c_1_22_648,7.4549074,-2.5655773
c_1_22_649,6.3402452,-1.3862997
c_1_22_650,1.3906963,3.201651
c_1_22_651,6.8126197,-3.2505672
c_1_22_653,3.1275015,3.282747
c_1_22_654,7.1708364,-3.8528547
c_1_22_655,4.8719745,-2.2845588
c_1_22_656,2.9018884,-3.4253092
c_1_22_657,3.617083,0.24616095
c_1_22_658,6.87281,-4.455433
c_1_22_659,1.4926603,0.037661932
c_1_22_660,5.2092757,0.45111698
c_1_22_661,3.742942,2.138355
c_1_22_662,5.413011,-2.1391976
c_1_22_663,7.7916217,2.1053283
c_1_22_664,4.608971,-1.5582384
c_1_22_665,4.4613066,-2.6788225
c_1_22_666,4.6826115,-1.1565996
c_1_22_667,7.4311886,-2.3944829
c_1_22_668,2.9409964,3.8894246
c_1_22_669,5.9801884,-2.8374326
c_1_22_670,6.9026003,-3.4493437
c_1_22_671,2.5471509,4.192573
c_1_22_673,3.116371,-3.0498953
c_1_22_674,4.825909,-2.2266164
c_1_22_675,5.027,0.11732386
c_1_22_676,5.4768386,-2.0676146
c_1_22_677,6.008646,-3.8054054
c_1_22_678,5.2104,-2.5510583
c_1_22_679,4.4786,-1.1129895
c_1_22_680,6.734232,-3.952092
c_1_22_681,1.7993634,3.4280128
c_1_22_682,5.955459,-2.481782
c_1_22_683,5.4453707,-1.9894642
c_1_22_684,0.68718374,2.1882038
c_1_22_685,4.2616024,1.1056176
c_1_22_686,1.3978522,-0.26870766
c_1_22_687,6.012297,-3.2998495
c_1_22_689,2.317922,0.16657846
c_1_22_690,6.8139877,-0.6456459
c_1_22_691,4.8520527,-1.4353828
c_1_22_692,3.0007331,3.0149934
c_1_22_694,4.8492103,-3.4042053
c_1_22_695,4.4161415,-2.1558611
c_1_22_696,1.3777496,4.3338013
c_1_22_697,4.8734097,0.19925886
c_1_22_698,7.2840886,-3.4864902
c_1_22_699,7.4686074,-3.7036254
c_1_22_700,4.3563356,0.42422986
c_1_22_701,6.139001,0.6663977
c_1_22_702,2.6427996,-1.4430592
c_1_22_704,7.080299,-3.7934659
c_1_22_705,6.4637637,-3.848346
c_1_22_707,7.3813086,2.717758
c_1_22_708,3.3385973,3.3792841
c_1_22_709,5.3671947,-2.2940817
c_1_22_710,5.590191,-1.1521397
c_1_22_711,7.158597,-3.4955597
c_1_22_712,6.734526,-2.500053
c_1_22_713,5.231747,-2.5812287
c_1_22_714,3.330485,1.9249358
c_1_22_715,5.7971854,-0.884738
c_1_22_716,5.256094,1.268476
c_1_22_717,6.6594677,-3.299807
c_1_22_718,3.8829944,-1.5731534
c_1_22_719,5.1401405,0.54344
c_1_22_720,6.1320014,-2.0040832
c_1_22_721,6.464826,-3.3771644
c_1_22_722,6.486142,-3.7714565
c_1_22_723,6.7561426,-3.932871
c_1_22_724,6.111388,-1.9448253
c_1_22_725,5.3853197,-3.6740499
c_1_22_727,1.8236022,5.433034
c_1_22_728,5.1374283,-1.0076371
c_1_22_729,6.5486465,-3.5126228
c_1_22_730,6.064628,-0.96759427
c_1_22_731,3.9468894,-1.4655576
c_1_22_732,5.5140266,-3.2809474
c_1_22_734,3.9873996,-3.3400638
c_1_22_735,4.4145603,0.34772304
c_1_22_736,2.601003,0.06884447
c_1_22_737,5.6774383,-3.3078594
c_1_22_738,3.9392962,-0.5403144
c_1_22_739,5.8469415,-1.8481929
c_1_22_740,6.361541,1.6161112
c_1_22_741,4.322786,1.2253354
c_1_22_742,6.31127,-2.0436568
c_1_22_743,6.576726,-1.5321926
c_1_22_744,5.010029,-1.6577551
c_1_22_745,6.304361,-1.5453986
c_1_22_746,4.7549357,-3.192414
c_1_22_747,4.7896595,0.4512008
c_1_22_748,4.4122124,-1.8945518
c_1_22_749,6.939179,1.8077033
c_1_22_750,7.153487,-2.7222493
c_1_22_751,2.8553677,-1.8996978
c_1_22_752,3.4181867,-4.1256976
c_1_22_753,6.187871,-3.4820805
c_1_22_754,5.1747937,-1.8670526
c_1_22_755,6.7942224,-4.3001766
c_1_22_756,5.2790346,-1.6318508
c_1_22_757,4.963035,-0.14941111
c_1_22_759,7.061847,-4.198925
c_1_22_760,4.751571,-3.714646
c_1_22_761,2.6171587,-0.2609557
c_1_22_762,6.1035666,-3.5548909
c_1_22_763,3.4288244,-2.5464745
c_1_22_764,4.683357,-2.679856
c_1_22_765,6.22642,-1.2641941
c_1_22_766,6.4045734,-3.594185
c_1_22_767,6.2993426,3.8732967
c_1_22_768,5.213326,-3.036148
c_1_22_769,3.720163,-0.3888406
c_1_22_770,5.0974503,-0.1639814
c_1_22_771,2.0546947,4.7745614
c_1_22_772,6.306841,-1.7013141
c_1_22_773,2.6254735,0.4387739
c_1_22_774,4.019292,1.1138921
c_1_22_775,5.1432734,-0.14754513
c_1_22_776,6.7929096,-4.160518
c_1_22_777,7.6765957,1.9913144
c_1_22_778,3.3870013,1.4128209
c_1_22_779,6.623793,-3.9334311
c_1_22_780,4.747594,-1.4364346
c_1_22_781,2.9309278,-1.6169032
c_1_22_782,4.355848,0.37426347
c_1_22_783,4.0409665,1.0902603
c_1_22_784,5.200956,-2.2964723
c_1_22_785,4.4652157,-3.8470433
c_1_22_786,4.037098,-3.4394329
c_1_22_787,3.7725914,-0.1872009
c_1_22_788,5.086547,-1.3362974
c_1_22_789,3.9473562,-0.025272682
c_1_22_790,6.1386476,0.9833346
c_1_22_791,6.634223,-1.7691826
c_1_22_792,5.1173496,-0.46195808
c_1_22_793,3.9670143,0.13023567
c_1_22_794,2.869881,0.9833341
c_1_22_795,2.5774786,-2.6005056
c_1_22_796,5.063506,-2.6209862
c_1_22_797,1.3752898,2.264557
c_1_22_798,6.2805166,1.535862
c_1_22_799,3.8006012,-2.9785848
c_1_22_800,3.3402865,-0.5141227
c_1_22_801,5.5510798,-3.1095707
c_1_22_802,4.175126,-0.91021615
c_1_22_803,2.6091392,0.5282548
c_1_22_804,4.285527,0.74489456
c_1_22_805,6.1635776,2.8215697
c_1_22_806,5.067761,-1.0352699
c_1_22_807,8.755312,1.9460232
c_1_22_808,3.4656982,-2.1926122
c_1_22_809,4.491513,-4.1703696
c_1_22_810,5.6767216,-2.6108015
c_1_22_811,1.7922823,-1.9472517
c_1_22_812,3.8979745,-2.3465033
c_1_22_813,3.974289,-0.47835308
c_1_22_814,3.171028,-1.8992677
c_1_22_815,2.2239976,0.354203
c_1_22_816,-0.17611113,2.9264774
c_1_22_817,5.7450128,-1.5565732
c_1_22_818,3.9331706,-0.6475109
c_1_22_819,5.890163,-0.18818009
c_1_22_820,5.7094865,0.74540704
c_1_22_821,3.0541582,-0.99802494
c_1_22_822,6.813526,-2.3192863
c_1_22_823,0.83690363,2.8629818
c_1_22_824,6.161435,-2.7581842
c_1_22_825,6.1296062,-3.9512246
c_1_22_826,5.6473207,-4.087498
c_1_22_827,0.38901663,3.2766347
c_1_22_828,4.8434534,4.0100856
c_1_22_829,3.3373675,-0.13112755
c_1_22_830,4.4530435,1.350931
c_1_22_831,7.1949134,-3.743312
c_1_22_832,4.564046,-2.2048056
c_1_22_833,4.238981,-2.4951882
c_1_22_834,6.099958,3.936422
c_1_22_835,3.7254922,-2.207323
c_1_22_836,6.6008806,0.47581995
c_1_22_837,4.6317196,-2.6067514
c_1_22_838,5.2381897,-3.3661466
c_1_22_839,4.1187983,-1.4186953
c_1_22_840,6.007994,1.0232697
c_1_22_842,8.810711,0.88751364
c_1_22_843,7.908415,0.71689314
c_1_22_844,8.638969,1.0299842
c_1_22_845,3.8513017,0.6559236
c_1_22_846,0.8067357,4.050407
c_1_22_847,1.037452,4.046865
c_1_22_848,6.871682,2.5822017
c_1_22_849,6.210877,-3.740737
c_1_22_850,6.2149515,-1.392329
c_1_22_851,5.491525,-2.5205884
c_1_22_852,8.084557,0.63611346
c_1_22_853,2.9642794,-1.1064824
c_1_22_854,6.9035797,-0.42060807
c_1_22_855,3.997075,-2.2127278
c_1_22_856,3.2900805,1.0854249
c_1_22_857,8.275728,1.5818735
c_1_22_858,2.272284,1.7204342
c_1_22_859,4.1311264,-2.3181694
c_1_22_860,4.8775206,-2.8501532
c_1_22_861,5.402921,-1.3867944
c_1_22_862,5.0202494,-3.7265494
c_1_22_863,8.325198,1.0988337
c_1_22_864,3.938981,-0.3700532
c_1_22_865,5.6075473,-0.054428898
c_1_22_866,4.95792,-2.7778008
c_1_22_867,5.035912,2.0224361
c_1_22_868,6.2335677,-1.7830086
c_1_22_869,0.7389479,3.541125
c_1_22_870,2.2657495,-0.3268141
c_1_22_871,7.8971305,0.9299883
c_1_22_872,3.4674106,-1.9737877
c_1_22_873,6.5805144,1.0434397
c_1_22_874,0.66725427,3.6327927
c_1_22_875,3.2615871,-0.9833681
c_1_22_876,8.910346,1.533168
c_1_22_877,3.977637,3.249392
c_1_22_878,4.637567,-2.108678
c_1_22_879,6.948188,-3.9275365
c_1_22_880,5.4892206,-2.3335733
c_1_22_881,6.8793874,-3.5594366
c_1_22_882,6.893904,-0.6767743
c_1_22_883,4.357686,-1.0796354
c_1_22_884,4.98362,3.6851737
c_1_22_885,5.473819,0.6486619
c_1_22_886,4.1822395,2.4141293
c_1_22_887,5.1162815,0.8627723
c_1_22_888,2.7715776,-1.1246178
c_1_22_889,6.196447,-2.8948085
c_1_22_890,4.5656157,0.9030303
c_1_22_891,0.19123523,3.1113088
c_1_22_892,1.6391362,2.9782732
c_1_22_893,8.354544,0.05745847
c_1_22_894,4.8524346,-0.7225162
c_1_22_895,6.377329,-2.1153975
c_1_22_896,3.9439616,-0.39348003
c_1_22_897,8.797189,0.3169336
c_1_22_898,8.31041,1.1386975
c_1_22_899,4.0187354,-1.2287599
c_1_22_900,2.1247618,0.31501058
c_1_22_901,5.5710363,-4.0877028
c_1_22_902,3.2221777,1.2106937
c_1_22_903,3.9744658,-3.2304418
c_1_22_904,4.843918,-2.1358588
c_1_22_905,7.294627,-3.688774
c_1_22_906,4.940483,-2.3127654
c_1_22_907,5.8339114,-1.4561905
c_1_22_908,6.6471357,0.27699447
c_1_22_909,8.866917,0.7566157
c_1_22_910,5.5277786,-0.100699626
c_1_22_911,5.3992753,-2.5650022
c_1_22_912,7.330242,-3.3542516
c_1_22_913,5.6490088,3.0614166
c_1_22_914,4.6827955,-3.4836338
c_1_22_915,4.8350067,1.5483043
c_1_22_916,5.114548,-1.8940426
c_1_22_917,5.922445,-3.0111718
c_1_22_918,1.7934047,1.9882103
c_1_22_919,6.522732,-0.1952439
c_1_22_920,5.980134,-2.455675
c_1_22_921,4.433307,-1.2526377
c_1_22_922,-0.12294618,3.4975007
c_1_22_923,3.2551327,-0.8853501
c_1_22_924,5.8758574,-2.2027934
c_1_22_925,6.0210285,-1.2100834
c_1_22_926,6.6439624,-0.56102043
c_1_22_927,8.799155,0.6689097
c_1_22_928,5.935621,-3.1845734
c_1_22_929,7.277776,0.79408735
c_1_22_930,6.6420774,-2.6755219
c_1_22_931,8.160364,1.3728399
c_1_22_932,6.959341,3.4439402
c_1_22_933,5.824514,-4.1003504
c_1_22_934,3.868792,-3.102186
c_1_22_935,4.907618,-1.3341552
c_1_22_936,7.2747917,-3.9470534
c_1_22_937,2.654926,-4.314867
c_1_22_938,5.06224,-3.0717409
c_1_22_939,6.1641726,-1.6801083
c_1_22_940,3.8816593,-0.7507553
c_1_22_941,6.2621775,-1.4837375
c_1_22_942,6.369874,-1.3336616
c_1_22_943,4.1553683,0.07170139
c_1_22_944,2.3640068,-2.7092192
c_1_22_945,6.476277,-2.8634157
c_1_22_946,3.7631059,1.884946
c_1_22_947,4.606369,2.5589445
c_1_22_948,4.985274,1.7023981
c_1_22_949,7.047673,1.7315831
c_1_22_950,2.2465577,-0.111197
c_1_22_951,1.8982209,-0.06658352
c_1_22_952,6.572602,0.34289998
c_1_22_953,7.0457187,-3.3930938
c_1_22_954,3.5866313,-1.2754508
c_1_22_955,4.949125,-2.4281647
c_1_22_956,1.0269848,2.7887022
c_1_22_957,3.8050792,-0.31873757
c_1_22_958,3.0071359,0.891927
c_1_22_959,3.9412146,0.6796313
c_1_22_960,5.4649277,-2.0338473
c_1_22_961,4.6209593,-1.3080258
c_1_22_962,5.09128,1.3530672
c_1_22_963,5.6750693,1.9497582
c_1_22_964,6.86824,-1.8556658
c_1_22_965,2.22433,1.6642386
c_1_22_966,4.474527,-3.0427701
c_1_22_967,6.2966833,-2.7648723
c_1_22_968,3.2674112,-1.4535358
c_1_22_969,4.914337,-2.3524394
c_1_22_970,8.223084,0.87809974
c_1_22_971,8.753385,0.3432414
c_1_22_972,5.1278715,-1.593158
c_1_22_973,7.0046663,-3.6227584
c_1_22_974,7.1982675,-2.8155167
c_1_22_975,3.2266083,1.2733481
c_1_22_976,7.169429,-2.3130672
c_1_22_977,6.5235534,-1.7030417
c_1_22_978,5.235284,-0.72716033
c_1_22_979,8.990248,1.350027
c_1_22_980,0.65308386,2.8675706
c_1_22_981,5.3261166,-1.1856667
c_1_22_982,4.3551984,1.1547074
c_1_22_983,7.1055846,-2.7227612
c_1_22_984,6.852625,-2.2524877
c_1_22_985,3.8935907,0.62134457
c_1_22_986,7.855089,0.6912151
c_1_22_987,3.027017,-2.6707287
c_1_22_988,1.8822873,2.2593431
c_1_22_989,6.737654,2.4518683
c_1_22_990,4.929221,-2.4061878
c_1_22_991,6.256744,-3.4109836
c_1_22_992,3.5067902,-1.2144296
c_1_22_993,2.4700406,0.081810415
c_1_22_994,4.0639834,-3.5515068
c_1_22_995,4.830787,1.0547218
c_1_22_996,6.375717,-2.8234015
c_1_22_997,2.572878,-3.7261271
c_1_22_998,4.6718764,-3.4131792
c_1_22_999,6.0790296,1.5113586
c_1_22_1000,4.4854984,2.0988743
c_1_22_1001,9.135292,0.72311217
c_1_22_1002,2.4904983,-3.6144097
c_1_22_1003,7.1659813,-2.2629292
c_1_22_1004,5.927867,-2.9819694
c_1_22_1005,6.637221,0.5876775
c_1_22_1006,5.683912,0.19555792
c_1_22_1007,3.6661522,-0.7969288
c_1_22_1008,8.680903,-0.107084334
c_1_22_1009,5.877527,1.2600694
c_1_22_1010,4.7118053,0.79038703
c_1_22_1011,6.672023,0.6581503
c_1_22_1012,2.9670057,-3.8149455
c_1_22_1013,4.5980825,-2.8666356
c_1_22_1014,6.064186,-3.5245874
c_1_22_1015,2.6479077,-0.16061133
c_1_22_1016,6.0234513,0.3088866
c_1_22_1017,5.85147,-0.8641584
c_1_22_1018,8.437592,0.7483634
c_1_22_1019,6.1061497,-3.642827
c_1_22_1020,4.2996807,-2.5599897
c_1_22_1021,5.7243366,-2.7555978
c_1_22_1022,5.0804467,3.2276857
c_1_22_1024,4.845194,-1.1687973
c_1_22_1025,2.6471355,-3.7271519
c_1_22_1026,7.7499104,0.28904408
c_1_22_1027,5.0935893,-2.363884
c_1_22_1028,3.476756,-3.2474644
c_1_22_1029,5.599014,-1.1331375
c_1_22_1030,2.8181572,0.1970663
c_1_22_1031,5.4819818,-1.2917421
c_1_22_1032,6.5305376,-2.8614247
c_1_22_1033,5.7026615,-0.81511855
c_1_22_1034,5.736552,-1.9860096
c_1_22_1035,6.854099,2.9358435
c_1_22_1036,3.1682105,-2.4265802
c_1_22_1037,5.323242,-3.1608043
c_1_22_1038,0.3603717,2.898853
c_1_22_1039,7.4727516,-3.2760067
c_1_22_1040,5.379835,-1.3202363
c_1_22_1042,5.5588293,2.046008
c_1_22_1043,5.3696604,-2.9223642
c_1_22_1044,5.2215085,-2.5514727
c_1_22_1045,6.996171,-4.5167065
c_1_22_1046,9.128374,0.8103699
c_1_22_1047,6.290113,2.0884428
c_1_22_1048,7.0521617,-4.1090465
c_1_22_1049,5.6714926,-0.104182445
c_1_22_1050,9.20429,0.9354573
c_1_22_1051,1.718163,0.4970719
c_1_22_1053,9.036668,0.6379996
c_1_22_1054,8.504599,0.4157116
c_1_22_1055,3.678987,-1.6969557
c_1_22_1056,5.700751,4.013967
c_1_22_1057,4.8030596,-3.7937393
c_1_22_1058,3.1635325,-3.1866243
c_1_22_1059,8.538148,0.16742368
c_1_22_1060,4.659532,2.6103897
c_1_22_1061,8.060689,0.012154017
c_1_22_1062,9.50926,0.66246104
c_1_22_1063,7.8436723,3.4104247
c_1_22_1064,9.91814,1.0668714
c_1_22_1065,4.5018167,0.636011
c_1_22_1067,4.961012,0.9913659
c_1_22_1068,8.79514,0.820784
c_1_22_1069,6.6203327,-2.9335594
c_1_22_1070,0.55497843,3.2345722
c_1_22_1071,6.4666224,-3.6169982
c_1_22_1072,3.1301997,-0.40238887
c_1_22_1073,8.0584345,0.32516956
c_1_22_1074,5.828847,-2.5152147
c_1_22_1075,2.714683,1.4769552
c_1_22_1077,3.207653,0.10800244
c_1_22_1078,5.2760773,1.5102937
c_1_22_1079,3.051895,-2.8138251
c_1_22_1081,4.2288823,2.3792024
c_1_22_1082,2.1484208,1.9426275
c_1_22_1083,5.066675,0.029174125
c_1_22_1084,7.837164,0.17526385
c_1_22_1085,5.5293026,2.4412272
c_1_22_1086,4.9759974,-0.9005646
c_1_22_1087,7.411342,-2.9326
c_1_22_1088,9.780279,0.9267892
c_1_22_1089,2.4047263,-4.123233
c_1_22_1090,4.0303164,1.7708174
c_1_22_1091,8.917601,0.18046232
c_1_22_1092,6.5769677,-3.4655178
c_1_22_1093,7.801857,0.1224597
c_1_22_1094,4.2437186,0.25918594
c_1_22_1095,0.8670458,2.2833436
c_1_22_1096,6.7717557,-2.298324
c_1_22_1097,5.6305346,-1.446258
c_1_22_1098,5.8108497,-2.2393596
c_1_22_1099,4.6327553,-1.0310373
c_1_22_1100,5.5386796,-1.5670421
c_1_22_1101,9.870184,0.6407064
c_1_22_1102,5.8763757,3.01704
c_1_22_1103,8.001563,1.0672349
c_1_22_1104,5.3890753,-4.0234566
c_1_22_1105,6.593661,0.17280143
c_1_22_1106,6.1908712,-0.8858762
c_1_22_1107,7.1870737,-4.472873
c_1_22_1108,6.3923974,-1.8356631
c_1_22_1109,5.7163734,-3.8844156
c_1_22_1110,4.8470535,0.11545575
c_1_22_1111,5.5441937,-2.1296182
c_1_22_1112,0.6613497,2.3471878
c_1_22_1113,2.6816466,3.3039038
c_1_22_1114,4.0877523,0.0423467
c_1_22_1115,7.9480495,0.32985353
c_1_22_1116,1.8091921,-0.12508692
c_1_22_1117,7.2503057,-2.1731875
c_1_22_1118,6.948378,-1.6681488
c_1_22_1119,5.72253,-3.1356745
c_1_22_1120,9.715123,1.0324644
c_1_22_1121,0.45373705,2.3367841
c_1_22_1122,4.891451,1.5439254
c_1_22_1123,4.8122077,-2.9026122
c_1_22_1124,4.8451743,2.0539367
c_1_22_1125,3.0526783,-3.6013315
c_1_22_1126,1.6906964,3.877944
c_1_22_1127,6.945965,-3.3901384
c_1_22_1128,4.374869,-2.825021
c_1_22_1129,4.7647257,1.0482166
c_1_22_1130,9.075348,0.5420237
c_1_22_1131,7.37261,-3.2068455
c_1_22_1132,2.580592,-2.62788
c_1_22_1133,0.7195794,3.1461086
c_1_22_1134,8.8752985,0.19929647
c_1_22_1135,7.0713987,-3.8911395
c_1_22_1136,5.409678,-3.6832845
c_1_22_1137,5.1413174,3.6584513
c_1_22_1138,5.3879266,-1.462445
c_1_22_1139,2.7688522,-0.59193784
c_1_22_1140,3.7408085,-0.3951939
c_1_22_1141,5.235064,-3.653339
c_1_22_1142,6.7953796,-3.346269
c_1_22_1143,5.716879,-2.6950066
c_1_22_1144,9.389813,0.6624098
c_1_22_1145,5.6554627,1.119515
c_1_22_1146,0.32102507,2.9658122
c_1_22_1147,8.327233,0.37723383
c_1_22_1148,1.9745741,4.0690155
c_1_22_1149,5.962045,-2.133781
c_1_22_1150,6.659401,-3.797273
c_1_22_1151,6.4424214,-2.3584337
c_1_22_1152,6.602603,-3.395544
c_1_22_1153,7.8232636,-3.480145
c_1_22_1154,6.103345,-3.2968905
c_1_22_1155,3.6316886,0.06422697
c_1_22_1156,6.626455,-3.1323817
c_1_22_1157,6.225907,-3.8640072
c_1_22_1158,2.2870324,1.6174691
c_1_22_1160,8.539633,0.6524976
c_1_22_1161,9.066594,0.3838102
c_1_22_1162,2.693452,-3.2127237
c_1_22_1163,7.7915373,0.18456167
c_1_22_1164,7.2045045,-1.8640141
c_1_22_1165,-0.083131246,0.4933961
c_1_22_1167,6.0328884,-3.7589324
c_1_22_1168,3.7989523,-0.24853744
c_1_22_1169,4.042259,-1.3856812
c_1_22_1170,4.3375974,0.14224775
c_1_22_1171,0.77969736,3.0285535
c_1_22_1172,3.3237438,-0.13647297
c_1_22_1173,7.0448337,-0.61403555
c_1_22_1174,4.307667,-2.0762448
c_1_22_1175,0.11143472,2.9141054
c_1_22_1176,6.154588,-2.1419015
c_1_22_1177,8.305328,0.012269478
c_1_22_1178,1.7915627,3.3883169
c_1_22_1179,2.9277408,-3.0025394
c_1_22_1180,5.9798155,-2.939389
c_1_22_1181,6.8999815,-2.8284667
c_1_22_1182,7.1389947,0.35647222
c_1_22_1184,7.0699024,-4.488058
c_1_22_1185,8.530661,4.049156
c_1_22_1186,6.0183263,2.1553924
c_1_22_1187,6.953048,-3.9965587
c_1_22_1188,6.4768963,-0.6355398
c_1_22_1189,2.9410887,-2.9165661
c_1_22_1190,0.019902816,3.1786566
c_1_22_1191,6.0815177,-3.7479777
c_1_22_1192,9.506204,0.28467715
c_1_22_1193,5.365132,-1.4910333
c_1_22_1194,5.2665977,-1.9087931
c_1_22_1195,8.285983,-0.37688246
c_1_22_1196,4.314666,-0.2847671
c_1_22_1197,1.204758,2.2514179
c_1_22_1198,5.8462024,-3.5000675
c_1_22_1199,1.3278922,2.9196599
c_1_22_1200,6.9043903,-2.3634293
c_1_22_1201,7.8274007,-0.14477949
c_1_22_1202,4.318,-0.15834033
c_1_22_1203,0.49151802,3.1333132
c_1_22_1204,8.246808,0.26152372
c_1_22_1205,7.3224115,-3.6528096
c_1_22_1206,5.5885344,-0.018245764
c_1_22_1207,2.0171497,-2.6587915
c_1_22_1208,8.684951,0.00078667037
c_1_22_1209,7.268554,-3.8355854
c_1_22_1210,6.0998735,-0.28724387
c_1_22_1211,3.88478,-2.3205466
c_1_22_1212,7.0685196,-2.7722557
c_1_22_1213,6.9493628,-2.722435
c_1_22_1214,4.8325744,1.2577324
c_1_22_1215,4.225637,-1.7095469
c_1_22_1216,5.800944,-3.531465
c_1_22_1217,7.489528,0.59255034
c_1_22_1218,0.5944827,3.4539666
c_1_22_1219,6.566475,-2.0395343
c_1_22_1220,5.2900414,0.5042887
c_1_22_1221,5.745736,-1.6375694
c_1_22_1222,6.09042,-2.3571522
c_1_22_1223,0.70312864,2.4825985
c_1_22_1224,5.4531765,-1.5706427
c_1_22_1225,4.246464,-0.5254303
c_1_22_1226,3.0150752,-0.29728597
c_1_22_1227,3.8112175,-2.6855268
c_1_22_1228,7.147507,-2.55803
c_1_22_1229,0.0037409258,0.30544907
c_1_22_1230,3.9698002,-0.50683725
c_1_22_1231,6.6405425,-2.1211376
c_1_22_1232,4.3494587,-2.3879545
c_1_22_1233,8.585865,0.30314878
c_1_22_1234,6.3341255,0.12782815
c_1_22_1235,4.771404,-0.55468607
c_1_22_1236,9.470228,1.1975942
c_1_22_1237,5.2843237,-2.0086613
c_1_22_1238,2.5414734,-1.0298609
c_1_22_1239,6.569347,-0.008222436
c_1_22_1240,4.9368353,-0.9319656
c_1_22_1241,4.098592,-1.20288
c_1_22_1242,2.4435322,-3.7871518
c_1_22_1243,5.4148097,-2.502205
c_1_22_1245,5.803486,-0.04403376
c_1_22_1246,1.5427976,-0.5178312
c_1_22_1247,6.982081,-2.7730672
c_1_22_1248,6.3669147,2.2134564
c_1_22_1249,2.8253238,-3.8970468
c_1_22_1250,6.296004,-1.931421
c_1_22_1251,7.1334662,-2.6867259
c_1_22_1252,2.4085011,0.6622748
c_1_22_1254,5.0343385,-0.32031167
c_1_22_1256,6.328488,-2.9579573
c_1_22_1257,9.183415,0.41317284
c_1_22_1258,7.548099,0.51447064
c_1_22_1259,1.1240287,3.1988668
c_1_22_1260,5.559379,-3.0230515
c_1_22_1261,8.4142275,0.12152588
c_1_22_1262,4.4138503,-0.89686453
c_1_22_1263,5.1988416,3.1842074
c_1_22_1264,5.249772,-1.0056071
c_1_22_1265,4.834014,3.6421232
c_1_22_1266,3.5667255,0.2655454
c_1_22_1267,1.5171102,2.3371522
c_1_22_1268,3.2438242,-2.496419
c_1_22_1269,8.515129,0.3627071
c_1_22_1270,8.744703,0.8190839
c_1_22_1271,1.6961747,-0.16971181
c_1_22_1272,3.5130212,-1.1622441
c_1_22_1273,4.6704483,-2.2617996
c_1_22_1274,6.533365,3.68528
c_1_22_1275,2.3891492,1.7831814
c_1_22_1276,0.67907727,2.394812
c_1_22_1277,5.477679,0.78895605
c_1_22_1278,4.766675,-0.33171487
c_1_22_1279,2.6370094,-0.19053844
c_1_22_1280,8.804399,-0.10852757
c_1_22_1281,8.152066,-0.019369192
c_1_22_1282,2.7032259,-1.5514188
c_1_22_1283,4.0018954,1.9712322
c_1_22_1284,4.2927833,-2.7964978
c_1_22_1285,5.591502,-1.5031606
c_1_22_1286,3.9922369,-0.26730856
c_1_22_1287,5.211417,-2.4802063
c_1_22_1288,6.9148207,-0.635166
c_1_22_1289,4.1593823,-1.5292686
c_1_22_1290,1.4938971,4.42529
c_1_22_1291,9.576983,0.993727
c_1_22_1292,0.3765323,0.23819591
c_1_22_1293,3.6169274,1.3081021
c_1_22_1294,7.450049,0.24176456
c_1_22_1295,6.8968444,-3.2305977
c_1_22_1296,9.325663,0.3759205
c_1_22_1297,4.481521,-0.78169334
c_1_22_1298,5.1904078,-0.05230592
c_1_22_1299,8.281209,0.17276798
c_1_22_1300,3.2224286,-0.70272803
c_1_22_1301,3.5491834,-0.9108219
c_1_22_1302,5.6411524,-2.3098192
c_1_22_1303,5.434705,-1.672937
c_1_22_1304,4.3195767,-0.26371032
c_1_22_1305,8.715145,0.13794424
c_1_22_1306,5.707222,0.62620336
c_1_22_1307,4.341816,0.13809654
c_1_22_1308,0.22731324,2.7838018
c_1_22_1309,-0.020463564,3.5879295
c_1_22_1310,5.659144,-1.7333989
c_1_22_1311,1.8862883,4.385889
c_1_22_1312,8.125756,0.4191002
c_1_22_1313,0.60589296,3.4893448
c_1_22_1314,4.2060466,-0.8498735
c_1_22_1315,4.7300115,-0.744383
c_1_22_1316,-0.0638719,2.8643162
c_1_22_1317,6.070637,1.7186489
c_1_22_1318,0.723211,2.5941749
c_1_22_1319,9.0646715,0.49522865
c_1_22_1320,9.578118,0.75015634
c_1_22_1321,3.3321404,-3.5352945
c_1_22_1322,4.421908,-0.23676065
c_1_22_1323,2.2618532,0.92911905
c_1_22_1325,3.8013372,-0.29203704
c_1_22_1326,7.99211,0.11250029
c_1_22_1327,5.5147185,4.450398
c_1_22_1328,4.6737485,-1.5315742
c_1_22_1329,2.7482684,-0.31408253
c_1_22_1330,3.5194569,-1.1998025
c_1_22_1331,0.94045484,1.1179732
c_1_22_1332,4.5045853,-1.2549022
c_1_22_1333,1.7816192,-1.6698843
c_1_22_1334,2.9561675,-2.8720205
c_1_22_1335,6.2601805,-1.5944809
c_1_22_1336,6.5505176,-3.3879364
c_1_22_1337,0.76443493,3.5846837
c_1_22_1338,1.8120164,2.3695652
c_1_22_1339,4.373824,-1.3231472
c_1_22_1340,3.422573,-3.9585605
c_1_22_1341,8.369381,0.29067206
c_1_22_1342,7.160209,-0.32416722
c_1_22_1343,1.7884927,0.0071745645
c_1_22_1344,3.0731688,0.5110392
c_1_22_1345,3.8754737,-1.9523269
c_1_22_1346,0.1492811,0.2101322
c_1_22_1348,4.135381,-0.66155404
c_1_22_1349,8.719577,0.5667776
c_1_22_1350,3.5160992,0.6815548
c_1_22_1351,0.62759066,2.5706937
c_1_22_1352,6.0999117,-1.1941948
c_1_22_1353,6.5331373,-0.5074089
c_1_22_1354,6.172393,-1.7519081
c_1_22_1355,4.9731827,1.2079809
c_1_22_1356,3.8192601,-3.425085
c_1_22_1357,5.1256785,-1.3477467
c_1_22_1359,8.777559,0.82601494
c_1_22_1360,9.740093,0.82815576
c_1_22_1361,5.6470985,-1.4063225
c_1_22_1362,1.5379152,3.206893
c_1_22_1363,7.2847276,-3.532594
c_1_22_1364,7.176125,2.7883787
c_1_22_1365,7.7751546,0.029130012
c_1_22_1366,5.5311885,4.32333
c_1_22_1367,3.6042106,-3.5575829
c_1_22_1368,0.8151457,3.243258
c_1_22_1369,0.30488083,3.3490307
c_1_22_1370,6.9885697,1.7280343
c_1_22_1371,7.0045033,2.0908132
c_1_22_1372,5.66804,-1.2440531
c_1_22_1373,4.3813677,-0.545879
c_1_22_1374,7.228825,-0.052338626
c_1_22_1375,3.8766801,-0.683608
c_1_22_1376,5.834966,-3.1754675
c_1_22_1377,4.202665,0.22279914
c_1_22_1378,0.35379544,3.3830543
c_1_22_1379,9.478173,0.5465592
c_1_22_1380,8.335781,0.88893276
c_1_22_1381,0.95344675,2.2672622
c_1_22_1382,3.2593305,-0.83615184
c_1_22_1383,6.7505894,-2.929796
c_1_22_1384,6.9400473,-3.4427521
c_1_22_1385,7.309078,0.292424
c_1_22_1386,9.584508,1.0856615
c_1_22_1387,6.5044117,-2.5989408
c_1_22_1388,5.134973,-0.2245454
c_1_22_1389,2.6790519,-2.6685705
c_1_22_1390,0.5012278,1.1857508
c_1_22_1391,7.9797826,0.3533925
c_1_22_1392,3.9599276,-2.1590533
c_1_22_1393,3.072316,0.37376267
c_1_22_1394,5.55094,-1.5370191
c_1_22_1395,6.54135,-3.9507725
c_1_22_1396,4.3678226,-0.15735273
c_1_22_1397,9.509299,0.31729755
c_1_22_1398,6.0218687,-0.7502521
c_1_22_1399,1.6282644,2.0882065
c_1_22_1400,4.200156,-0.12345499
c_1_22_1401,1.806814,0.67215353
c_1_22_1402,4.759116,-1.067844
c_1_22_1403,5.749496,-0.43996245
c_1_22_1404,3.8447273,-3.4717999
c_1_22_1405,2.4431655,-1.5409709
c_1_22_1406,8.021847,0.49602666
c_1_22_1407,4.374105,-1.5897254
c_1_22_1408,6.092579,-3.1433764
c_1_22_1409,7.4749193,-0.1406736
c_1_22_1410,4.702333,-0.61467266
c_1_22_1411,5.3115063,0.0954343
c_1_22_1412,6.8422956,0.18099518
c_1_22_1413,9.215364,0.21948503
c_1_22_1414,3.1958199,-0.90612686
c_1_22_1415,2.749085,2.2300072
c_1_22_1416,7.2030487,-1.7083554
c_1_22_1417,2.0672472,2.1708338
c_1_22_1418,7.2638593,-4.1993694
c_1_22_1419,3.0873487,-1.9620503
c_1_22_1420,-0.19160548,3.471423
c_1_22_1421,6.914408,-3.4975216
c_1_22_1422,7.0343266,-3.7605393
c_1_22_1423,8.162319,-0.33731586
c_1_22_1424,4.417443,-1.8662093
c_1_22_1425,7.4195666,0.19741724
c_1_22_1427,5.332453,-0.6977694
c_1_22_1428,4.5809326,-0.6361226
c_1_22_1429,5.554244,-0.08189041
c_1_22_1430,0.29631117,2.4569418
c_1_22_1431,7.0938945,-3.587335
c_1_22_1432,5.651606,-3.0775602
c_1_22_1433,4.80754,-2.053869
c_1_22_1434,2.699788,-2.2302911
c_1_22_1435,5.9904037,0.37647885
c_1_22_1436,0.81530136,2.7406697
c_1_22_1437,5.8823266,-0.4994145
c_1_22_1438,4.0343475,-1.3799943
c_1_22_1439,3.1563761,0.40793705
c_1_22_1440,6.2005963,-2.257211
c_1_22_1441,3.627815,1.7050328
c_1_22_1442,0.698604,3.4462206
c_1_22_1443,9.266293,0.44396892
c_1_22_1444,4.8549166,1.3192638
c_1_22_1445,4.66849,-1.3748907
c_1_22_1446,0.6007254,3.4852233
c_1_22_1447,3.3946784,-0.7400213
c_1_22_1448,2.9942818,-3.6260614
c_1_22_1449,5.975818,-2.485983
c_1_22_1450,3.6245105,0.66027045
c_1_22_1451,2.7729678,-2.6551132
c_1_22_1452,6.2331524,0.673773
c_1_22_1453,3.564961,3.8366373
c_1_22_1454,6.799224,-4.1748996
c_1_22_1455,0.25055015,3.1675951
c_1_22_1456,6.0587263,-2.901178
c_1_22_1457,5.6432714,0.17868163
c_1_22_1458,6.422939,0.030992836
c_1_22_1459,4.8668647,-3.2583723
c_1_22_1460,9.587261,0.30687186
c_1_22_1461,7.952093,-0.08082591
c_1_22_1462,1.1882926,2.8451219
c_1_22_1463,9.197256,0.8957086
c_1_22_1464,9.819992,0.7353508
c_1_22_1465,6.752111,-4.7062445
c_1_22_1466,5.330229,3.59359
c_1_22_1467,7.084884,-0.21477176
c_1_22_1468,7.6823287,0.0950094
c_1_22_1469,5.161114,-2.1128192
c_1_22_1470,5.578912,-2.054077
c_1_22_1471,3.9845016,-0.84111017
c_1_22_1472,4.1192093,-0.0036329636
c_1_22_1473,7.117146,-4.1710997
c_1_22_1474,0.6412115,2.821711
c_1_22_1475,0.27834713,2.7397463
c_1_22_1476,3.1900578,0.1979697
c_1_22_1477,0.3559011,2.8221078
c_1_22_1478,7.3916917,-3.7269652
c_1_22_1479,8.5735235,-0.10187421
c_1_22_1480,0.75831795,3.529554
c_1_22_1481,7.9931726,0.40494415
c_1_22_1482,5.292585,-1.435509
c_1_22_1483,7.5288744,-0.02148105
c_1_22_1484,6.7256336,-1.065109
c_1_22_1485,6.775632,-1.4361366
c_1_22_1486,6.087187,-0.9525879
c_1_22_1487,6.1041946,2.4681823
c_1_22_1488,4.7193365,-0.51885676
c_1_22_1489,6.5940547,-0.89687544
c_1_22_1490,2.5984282,-1.4643301
c_1_22_1491,5.4287925,-2.4287517
c_1_22_1492,3.6147459,-3.707208
c_1_22_1493,0.6400339,3.8672879
c_1_22_1494,7.593667,-0.2219648
c_1_22_1495,5.672292,-1.1353445
c_1_22_1496,0.9922564,2.1687982
c_1_22_1497,3.8720987,-1.5201147
c_1_22_1498,0.3440343,3.2368848
c_1_22_1499,0.36250648,2.8202097
c_1_22_1500,6.0665383,-4.220691
c_1_22_1501,7.4441767,1.9000294
c_1_22_1502,5.6648273,-2.3301513
c_1_22_1503,4.034749,0.66774094
c_1_22_1504,2.5861232,-1.3383149
c_1_22_1505,3.3715706,-1.2681136
c_1_22_1506,8.065469,0.21699351
c_1_22_1507,4.4087753,-1.4127839
c_1_22_1508,6.9170513,1.40417
c_1_22_1509,6.177691,-0.014526268
c_1_22_1510,3.0047565,-4.1542964
c_1_22_1511,0.15398797,3.5191333
c_1_22_1512,7.749365,1.0439955
c_1_22_1513,1.0994223,3.097622
c_1_22_1514,7.791787,2.5235324
c_1_22_1515,9.357741,0.23566134
c_1_22_1516,5.290322,1.0204891
c_1_22_1517,5.1217456,-0.027437959
c_1_22_1518,3.0805087,-3.7699091
c_1_22_1519,3.0611482,0.62801576
c_1_22_1520,8.788148,0.01387271
c_1_22_1521,2.9989476,1.3150449
c_1_22_1522,5.1718154,3.6130526
c_1_22_1523,5.187662,0.66224
c_1_22_1524,-0.000433547,3.263815
c_1_22_1525,7.8972735,-0.059022173
c_1_22_1526,5.955547,0.47249383
c_1_22_1527,3.8104553,-0.56358224
c_1_22_1528,8.483769,0.20125762
c_1_22_1529,6.7165446,-3.6829479
c_1_22_1530,3.5393283,-0.94988626
c_1_22_1531,3.2760367,-1.3979758
c_1_22_1532,8.009405,0.26531562
c_1_22_1533,9.01476,0.11159741
c_1_22_1534,3.137282,-1.134122
c_1_22_1535,4.170577,-3.2390583
c_1_22_1536,9.126513,-0.0076696626
c_1_22_1537,7.265328,0.1414271
c_1_22_1538,5.2324,-0.18949363
c_1_22_1539,0.3003847,3.242332
c_1_22_1540,8.162641,0.31157562
c_1_22_1541,0.6949466,3.3459098
c_1_22_1542,5.846284,0.2019801
c_1_22_1543,9.63695,0.42470014
c_1_22_1544,4.2531476,0.8706094
c_1_22_1545,4.1738396,-0.9596256
c_1_22_1546,6.394144,-2.1300175
c_1_22_1547,5.647062,-3.3466194
c_1_22_1548,9.29967,0.15663089
c_1_22_1549,3.9703083,-1.7957308
c_1_22_1550,6.908356,-3.2794826
c_1_22_1552,0.69077855,3.2616742
c_1_22_1553,3.7166848,-2.6890643
c_1_22_1554,8.268281,0.12778682
c_1_22_1555,9.266435,0.45981297
c_1_22_1556,3.963091,-1.616692
c_1_22_1557,6.3790665,-0.4143738
c_1_22_1558,6.26906,-2.4847293
c_1_22_1559,5.981804,-0.13312282
c_1_22_1560,8.5292845,-0.045868017
c_1_22_1561,6.2540536,-2.1313689
c_1_22_1562,3.572667,-3.864156
c_1_22_1563,4.2018843,0.42566004
c_1_22_1564,5.233423,-3.0548894
c_1_22_1565,9.016135,0.108677946
c_1_22_1566,1.3358141,3.571063
c_1_22_1567,5.078338,-2.017289
c_1_22_1568,7.573351,-0.030561838
c_1_22_1569,6.9098754,-0.42678466
c_1_22_1570,4.356306,-1.9036499
c_1_22_1571,7.1072874,0.5480458
c_1_22_1572,5.6850467,-1.6958578
c_1_22_1573,6.101577,-4.5578322
c_1_22_1574,4.6912403,0.53391284
c_1_22_1575,4.6240296,4.17467
c_1_22_1576,5.4892206,3.2156649
c_1_22_1577,4.038238,-0.758709
c_1_22_1578,8.264301,-0.08124266
c_1_22_1579,5.3241096,-3.9782267
c_1_22_1580,8.098539,0.2282936
c_1_22_1581,5.7941594,-1.0768772
c_1_22_1582,7.88521,0.19009288
c_1_22_1583,7.131323,-1.9306996
c_1_22_1584,5.236894,-0.821698
c_1_22_1585,5.8627067,-1.3505392
c_1_22_1586,5.015121,0.49516836
c_1_22_1587,3.0091937,-0.62283236
c_1_22_1588,5.801653,-2.8632803
c_1_22_1589,7.7476683,-0.12948266
c_1_22_1590,4.7357697,-1.4719247
c_1_22_1591,4.087922,-0.3410871
c_1_22_1592,4.7655797,-2.1913085
c_1_22_1593,7.6506567,0.6482992
c_1_22_1594,5.569701,-0.11302524
c_1_22_1595,0.5961561,1.2998992
c_1_22_1596,4.339959,-0.26403975
c_1_22_1597,4.819627,0.07231181
c_1_22_1598,4.637352,0.8113087
c_1_22_1599,3.1196504,-1.7969131
c_1_22_1600,3.994723,-2.5451064
c_1_22_1601,4.131368,-2.635457
c_1_22_1602,4.8411813,-1.3077703
c_1_22_1603,8.084491,0.36190873
c_1_22_1604,1.9930797,-2.2958982
c_1_22_1605,3.646228,-0.83591896
c_1_22_1606,3.9046695,-0.7784513
c_1_22_1607,9.176176,0.8210764
c_1_22_1608,5.6820464,0.2678002
c_1_22_1609,0.28391832,2.1304238
c_1_22_1610,6.907711,-2.5974576
c_1_22_1611,0.48024666,2.5192828
c_1_22_1612,5.9427595,-0.40653443
c_1_22_1613,3.6568153,-2.7452533
c_1_22_1614,5.4198127,-0.48867813
c_1_22_1615,6.0968623,-0.0033052275
c_1_22_1616,5.3984823,-2.6349254
c_1_22_1617,2.4601927,1.4930127
c_1_22_1618,4.3878994,-2.9628205
c_1_22_1619,5.1383343,2.053973
c_1_22_1620,8.345806,0.0791428
c_1_22_1621,3.708783,-1.889904
c_1_22_1622,6.726103,-3.6531954
c_1_22_1623,0.60743,2.131007
c_1_22_1624,6.5168133,0.1112976
c_1_22_1625,3.9328742,-2.9091635
c_1_22_1626,5.187443,-0.31474832
c_1_22_1627,6.410894,-1.2990863
c_1_22_1628,7.228974,-1.1839836
c_1_22_1629,5.8581057,-2.6930525
c_1_22_1630,9.270252,0.2652551
c_1_22_1631,8.552588,0.046571203
c_1_22_1632,5.4757013,3.8270597
c_1_22_1633,8.5557165,-0.09048396
c_1_22_1634,3.4332778,-0.47111535
c_1_22_1635,9.167712,0.046305187
c_1_22_1636,8.326142,0.6401261
c_1_22_1637,2.9973698,2.387802
c_1_22_1638,4.926863,-0.837961
c_1_22_1639,6.587766,0.46162593
c_1_22_1640,7.0783615,-2.6211345
c_1_22_1641,5.889913,-1.4976851
c_1_22_1642,4.217203,3.4798214
c_1_22_1643,-0.18095303,2.8377256
c_1_22_1644,6.5206013,-0.3786438
c_1_22_1645,3.8908834,-1.1757218
c_1_22_1646,3.1442575,-3.0937872
c_1_22_1647,6.3430514,-0.31295812
c_1_22_1648,9.342459,1.2006097
c_1_22_1649,4.544498,-2.1053894
c_1_22_1650,0.54461634,3.2934206
c_1_22_1651,0.32648188,3.398194
c_1_22_1652,8.27539,0.028482722
c_1_22_1653,2.6518054,-2.550072
c_1_22_1654,8.691381,-0.16128647
c_1_22_1655,8.784217,5.106002
c_1_22_1656,4.506829,-0.22133227
c_1_22_1657,5.8489256,4.1577044
c_1_22_1658,3.8118289,-2.494957
c_1_22_1659,5.466784,1.968359
c_1_22_1660,2.3592958,-2.926384
c_1_22_1661,4.517179,-1.1033616
c_1_22_1662,8.307747,-0.010383176
c_1_22_1663,3.675419,-1.5704724
c_1_22_1664,9.114573,0.08384321
c_1_22_1665,5.043477,-3.1246135
c_1_22_1666,6.172688,2.880327
c_1_22_1667,8.595871,-0.0022363686
c_1_22_1668,5.663721,-0.3426702
c_1_22_1669,1.26149,2.5303528
c_1_22_1670,6.44745,-2.1082506
c_1_22_1671,0.21638699,0.3156705
c_1_22_1672,6.5367217,0.39671984
c_1_22_1673,1.6868497,0.5625464
c_1_22_1674,6.222443,-2.5824313
c_1_22_1675,1.8545814,1.1461663
c_1_22_1676,5.414886,0.28287908
c_1_22_1677,5.743665,-1.5651761
c_1_22_1678,6.0928597,3.0114803
c_1_22_1679,2.8512473,2.296376
c_1_22_1680,9.512366,0.36213663
c_1_22_1681,6.6004567,0.31115097
c_1_22_1682,2.186954,-3.4554057
c_1_22_1684,0.88588655,2.5464118
c_1_22_1685,5.193562,-3.1196196
c_1_22_1687,5.3433743,0.01460692
c_1_22_1691,4.163039,2.1188035
c_1_22_1692,4.516765,3.0051937
c_1_22_1693,2.0611773,0.52471215
c_1_22_1695,5.9028263,-2.1289272
c_1_22_1696,4.5647697,1.971237
c_1_22_1697,4.3021626,0.8812913
c_1_22_1698,5.595462,0.8626767
c_1_22_1699,7.36433,2.5611763
c_1_22_1700,4.0758286,3.2148228
c_1_22_1701,7.6794343,2.9659097
c_1_22_1703,3.5776336,1.9977802
c_1_22_1707,5.2648883,-0.45746425
c_1_22_1708,8.184,0.10025887
c_1_22_1709,3.1942866,-0.077171594
c_1_22_1710,4.3055663,2.5797744
c_1_22_1711,9.110309,2.7310927
c_1_22_1712,9.261453,1.2042081
c_1_22_1713,4.9860997,0.67414665
c_1_22_1714,5.417889,2.816032
c_1_22_1715,3.6163447,0.97086436
c_1_22_1716,5.3794584,0.5656771
c_1_22_1717,6.122648,-0.26982188
c_1_22_1718,3.4407995,3.6761682
c_1_22_1719,9.241769,0.9291976
c_1_22_1720,3.271474,3.8850758
c_1_22_1721,1.3973224,0.26734298
c_1_22_1722,2.002207,-0.108737886
c_1_22_1723,4.0536885,0.9595783
c_1_22_1724,2.3034153,0.02056093
c_1_22_1725,3.5900292,3.9451814
c_1_22_1726,3.8886254,4.1750894
c_1_22_1728,5.300668,2.0438352
c_1_22_1731,5.3848753,3.238072
c_1_22_1732,7.943209,0.38508758
c_1_22_1733,6.8400927,-0.31167957
c_1_22_1734,3.9219613,1.215711
c_1_22_1735,4.366351,3.164286
c_1_22_1736,4.5997977,-0.6507881
c_1_22_1737,8.041121,3.9890769
c_1_22_1738,4.083477,0.5901902
c_1_22_1739,4.159294,0.80922556
c_1_22_1740,6.213466,-2.6857529
c_1_22_1742,3.610014,-1.0136819
c_1_22_1743,7.4524217,1.3058872
c_1_22_1744,4.121037,-0.15310654
c_1_22_1745,2.6613514,5.9302487
c_1_22_1746,4.0085125,0.25788456
c_1_22_1747,8.0436325,2.9495578
c_1_22_1748,5.9194527,1.9517483
c_1_22_1749,2.9169617,-2.4222274
c_1_22_1750,8.645704,0.14158362
c_1_22_1751,4.217938,2.5771918
c_1_22_1752,7.2756886,-0.09873036
c_1_22_1754,4.146856,4.8287416
c_1_22_1755,6.8193316,3.4206862
c_1_22_1756,4.5161757,1.6901588
c_1_22_1758,5.5379567,0.87178415
c_1_22_1759,7.0014725,3.081449
c_1_22_1760,8.367221,0.5152917
c_1_22_1761,7.8997445,0.08023994
c_1_22_1762,2.9689004,-1.7616677
c_1_22_1763,5.749058,-0.25544813
c_1_22_1764,8.557007,5.706587
c_1_22_1766,5.813812,2.8502038
c_1_22_1767,4.9133477,-0.74874455
c_1_22_1768,4.3596563,2.3091075
c_1_22_1769,5.482924,-0.5337938
c_1_22_1770,8.022653,4.7804904
c_1_22_1771,7.8319755,4.229174
c_1_22_1772,7.7965784,2.1518953
c_1_22_1773,3.0262973,-0.5421547
c_1_22_1774,3.7993588,5.3053594
c_1_22_1775,4.499825,2.7096524
c_1_22_1776,4.1071754,1.9747928
c_1_22_1777,7.054973,3.1270607
c_1_22_1778,8.3644905,1.551521
c_1_22_1780,3.3726969,-1.6125607
c_1_22_1781,2.6704154,4.991585
c_1_22_1782,6.8141975,-0.9686585
c_1_22_1783,4.0223336,3.4044063
c_1_22_1784,6.81414,-0.40569043
c_1_22_1785,9.328347,6.101646
c_1_22_1786,4.298917,-0.10887458
c_1_22_1787,4.732085,2.9436517
c_1_22_1788,2.5088868,0.27141958
c_1_22_1789,2.9122818,2.7300088
c_1_22_1790,3.720831,0.26767144
c_1_22_1791,6.240103,1.7466768
c_1_22_1792,2.1424155,0.25299415
c_1_22_1793,2.4881487,5.743781
c_1_22_1794,6.2535152,1.0621494
c_1_22_1795,8.239922,2.5887322
c_1_22_1798,4.8374114,0.017616076
c_1_22_1799,7.224081,1.3463829
c_1_22_1800,4.4782524,0.3317541
c_1_22_1801,7.097845,2.1986914
c_1_22_1802,8.192147,0.7734881
c_1_22_1803,8.062543,4.260335
c_1_22_1804,4.096067,-0.6733109
c_1_22_1805,8.210706,6.2578225
c_1_22_1806,7.4137917,1.9886143
c_1_22_1807,4.2773447,0.082017496
c_1_22_1808,5.950604,-0.2758551
c_1_22_1809,7.3658643,0.7629149
c_1_22_1810,8.107648,1.3585005
c_1_22_1811,8.039447,2.0824618
c_1_22_1812,3.2211053,1.5944972
c_1_22_1813,4.561146,0.67461413
c_1_22_1814,7.533224,4.103063
c_1_22_1815,3.9808145,1.0792348
c_1_22_1818,7.518127,1.4900807
c_1_22_1819,8.775684,2.666913
c_1_22_1820,6.493908,-0.910775
c_1_22_1821,8.359019,1.9498338
c_1_22_1822,7.384157,4.5208735
c_1_22_1823,3.922729,1.4392742
c_1_22_1824,7.1220536,1.6143782
c_1_22_1825,7.679443,5.650389
c_1_22_1826,1.3094453,-2.2080183
c_1_22_1827,8.274701,1.8980341
c_1_22_1828,2.8006372,3.3859382
c_1_22_1829,5.5604086,1.7565364
c_1_22_1830,3.0663161,3.4293597
c_1_22_1831,3.4407554,2.4783263
c_1_22_1832,5.8858705,0.78223985
c_1_22_1833,5.9341135,0.509569
c_1_22_1834,4.375737,3.2780194
c_1_22_1835,6.4335556,3.0488892
c_1_22_1839,7.8170834,4.223228
c_1_22_1840,7.2177353,4.2787285
c_1_22_1841,7.6443186,4.1601644
c_1_22_1842,5.664694,1.2701591
c_1_22_1843,6.8546104,3.8199363
c_1_22_1844,2.698739,5.8231273
c_1_22_1845,3.0445254,0.66641974
c_1_22_1846,5.5005364,-0.84589285
c_1_22_1847,0.15227391,0.37297034
c_1_22_1848,6.4496326,1.7798942
c_1_22_1849,2.9931839,4.9094186
c_1_22_1850,7.563939,3.618255
c_1_22_1851,3.4932985,2.0273817
c_1_22_1852,3.6301548,2.013842
c_1_22_1853,4.931484,1.6447209
c_1_22_1854,7.997842,2.5967386
c_1_22_1856,9.065819,3.5362964
c_1_22_1857,8.478513,2.12998
c_1_22_1858,2.095302,2.5412962
c_1_22_1859,9.0907135,2.4687963
c_1_22_1860,7.5102677,4.4875894
c_1_22_1861,6.3774824,1.8251996
c_1_22_1863,2.0562372,0.6512377
c_1_22_1865,8.404209,2.655658
c_1_22_1867,2.2060564,0.47621977
c_1_22_1868,8.386829,5.5068026
c_1_22_1869,4.67866,0.67409444
c_1_22_1870,7.684301,4.9622836
c_1_22_1871,9.86033,4.1177635
c_1_22_1872,8.494333,5.105965
c_1_22_1874,3.7076695,2.8697631
c_1_22_1875,9.12953,5.2110395
c_1_22_1876,4.910643,2.5092287
c_1_22_1877,3.8390334,1.1063522
c_1_22_1879,2.8320282,4.19606
c_1_22_1880,2.6947353,-3.2674425
c_1_22_1881,8.328552,4.6093144
c_1_22_1882,6.812676,-0.7191331
c_1_22_1883,6.2842402,1.5161803
c_1_22_1884,7.555794,5.005815
c_1_22_1886,7.670001,3.5471687
c_1_22_1887,4.4383698,2.9307358
c_1_22_1888,3.0437841,4.725196
c_1_22_1889,7.770342,5.57542
c_1_22_1890,2.1219008,5.582081
c_1_22_1891,7.497834,5.0976963
c_1_22_1892,9.582633,4.327254
c_1_22_1893,8.328913,4.9700017
c_1_22_1894,8.46865,6.082912
c_1_22_1895,3.2926433,4.930194
c_1_22_1896,5.091087,1.9835349
c_1_22_1899,4.015894,-2.7232156
c_1_22_1900,5.5843153,1.9388838
c_1_22_1902,4.1295795,0.16497931
c_1_22_1903,4.340084,1.8721884
c_1_22_1904,9.349321,5.9403663
c_1_22_1905,7.1017427,3.7737682
c_1_22_1906,8.152556,6.1194973
c_1_22_1908,7.932295,3.83357
c_1_22_1909,5.1335416,-1.0903995
c_1_22_1910,10.0337515,4.1868196
c_1_22_1912,4.356231,3.8069353
c_1_22_1917,3.761883,1.9400759
c_1_22_1918,6.801136,0.6499086
c_1_22_1919,9.116518,5.785809
c_1_22_1920,7.777952,1.8656886
c_1_22_1921,3.524946,-0.6390669
c_1_22_1922,4.991296,-2.062409
c_1_22_1925,7.8268647,3.6148834
c_1_22_1926,5.467478,0.7388289
c_1_22_1927,8.263326,2.8383973
c_1_22_1928,5.6919284,4.1437826
c_1_22_1929,7.256946,3.1499841
c_1_22_1930,7.4688725,5.4546146
c_1_22_1931,8.552431,1.9873229
c_1_22_1932,8.089526,2.990894
c_1_22_1933,1.108744,0.380618
c_1_22_1934,5.29337,0.5954775
c_1_22_1935,8.244963,4.3217306
c_1_22_1937,2.6483686,5.0209913
c_1_22_1938,4.191359,4.062986
c_1_22_1940,2.401401,-1.0833882
c_1_22_1942,7.521563,0.8497534
c_1_22_1943,9.081584,1.334288
c_1_22_1944,5.666073,1.5412695
c_1_22_1947,3.1490073,-0.85701823
c_1_22_1949,2.5825412,-0.23939013
c_1_22_1950,2.5048487,5.485278
c_1_22_1951,7.7630835,2.2413025
c_1_22_1953,5.411215,-0.12172757
c_1_22_1954,4.400353,-0.64087963
c_1_22_1955,1.6296436,-3.1742795
c_1_22_1956,9.156058,1.4621798
c_1_22_1957,8.252616,3.6691396
c_1_22_1958,7.461782,4.7651453
c_1_22_1959,4.219743,3.010873
c_1_22_1961,6.3058453,-0.777354
c_1_22_1962,6.711383,0.5439095
c_1_22_1963,7.1447334,3.2539825
c_1_22_1964,1.3926189,-2.6986647
c_1_22_1965,6.799452,4.3174453
c_1_22_1969,7.6936736,3.92287
c_1_22_1971,6.882678,2.9070778
c_1_22_1972,8.978955,1.4613174
c_1_22_1973,2.8165557,0.10018253
c_1_22_1975,3.8094552,1.2872508
c_1_22_1976,6.4926195,3.7075431
c_1_22_1978,7.9215837,2.4877207
c_1_22_1979,4.1542273,2.0232122
c_1_22_1980,4.8492227,2.4682775
c_1_22_1981,4.074348,0.76545584
c_1_22_1984,5.1090727,2.7287095
c_1_22_1985,-0.26758212,0.24164106
c_1_22_1986,7.0049105,4.433627
c_1_22_1988,6.0063915,-2.3518245
c_1_22_1989,3.95709,2.6032355
c_1_22_1990,7.2581177,2.5274017
c_1_22_1991,3.7894564,-2.6356514
c_1_22_1992,2.1956723,-2.4692636
c_1_22_1993,6.2924,0.1882374
c_1_22_1994,9.295574,6.0149827
c_1_22_1996,8.053359,1.2592735
c_1_22_1998,1.6922438,-0.10662196
c_1_22_1999,7.6998057,2.4819646
c_1_22_2003,4.5753565,2.623428
c_1_22_2004,8.3745985,4.959657
c_1_22_2005,7.3172545,2.0995612
c_1_22_2007,6.938824,0.7638392
c_1_22_2008,6.5896974,3.1916463
c_1_22_2009,6.148254,-1.0067165
c_1_22_2010,5.4544563,3.6711671
c_1_22_2011,5.44692,1.9191839
c_1_22_2012,4.3345785,1.4470967
c_1_22_2013,7.308644,1.1277275
c_1_22_2014,8.493257,2.8473785
c_1_22_2015,7.695729,3.2265499
c_1_22_2016,6.813436,4.9876957
c_1_22_2018,5.8007355,0.86276937
c_1_22_2019,8.135073,2.5600014
c_1_22_2020,2.8510032,0.6523673
c_1_22_2021,8.614914,4.8688593
c_1_22_2022,5.3040786,-0.064492404
c_1_22_2023,3.6868958,1.8134342
c_1_22_2024,4.7747154,-0.5827126
c_1_22_2025,6.8948364,1.338486
c_1_22_2026,4.128623,-0.8409468
c_1_22_2027,2.5228662,-2.3328502
c_1_22_2028,4.3347836,-0.5818622
c_1_22_2029,8.861753,5.47409
c_1_22_2030,4.8277774,2.3603227
c_1_22_2031,6.001632,1.7630211
c_1_22_2033,7.7765856,3.6492465
c_1_22_2035,3.5299885,1.2390968
c_1_22_2036,8.062265,4.152506
c_1_22_2038,4.478244,0.39947236
c_1_22_2039,4.9079275,2.0915685
c_1_22_2040,6.779994,2.387381
c_1_22_2041,4.2289057,-0.2718597
c_1_22_2042,4.6055684,2.5443969
c_1_22_2043,5.3063707,-0.99807554
c_1_22_2044,4.973836,0.114975765
c_1_22_2045,8.499869,2.041513
c_1_22_2047,6.6817603,0.7744212
c_1_22_2048,7.123213,4.407909
c_1_22_2049,2.8079386,4.852082
c_1_22_2050,3.6973317,1.394632
c_1_22_2051,8.309565,6.244812
c_1_22_2052,3.2902493,-2.5451314
c_1_22_2053,8.00206,0.18524998
c_1_22_2054,7.73116,5.6026497
c_1_22_2056,7.0143847,0.48943317
c_1_22_2057,2.313633,-0.011020602
c_1_22_2058,3.9432652,3.6898663
c_1_22_2059,5.552752,0.67841417
c_1_22_2060,7.4716163,1.5939865
c_1_22_2061,7.498103,2.1605601
c_1_22_2062,7.843468,2.2683785
c_1_22_2063,7.0711484,4.4385905
c_1_22_2064,9.302231,6.547372
c_1_22_2065,6.324843,2.9208782
c_1_22_2066,8.152787,4.9152727
c_1_22_2068,3.5847037,3.9668837
c_1_22_2070,4.751235,-0.34225553
c_1_22_2071,5.689466,-0.42070347
c_1_22_2072,4.4202704,-1.1766481
c_1_22_2073,8.036569,5.1740417
c_1_22_2074,6.0405726,3.7247016
c_1_22_2075,3.232053,1.2746686
c_1_22_2076,5.3277326,1.764335
c_1_22_2077,6.3626595,3.7600567
c_1_22_2078,2.1795142,-3.6048505
c_1_22_2079,1.222971,0.7296308
c_1_22_2080,8.365682,2.1217036
c_1_22_2082,0.660429,0.18809731
c_1_22_2083,6.3166227,0.49684957
c_1_22_2084,7.3638296,3.7192948
c_1_22_2085,4.3213954,2.736601
c_1_22_2086,9.107118,4.114727
c_1_22_2087,4.0732293,2.0153973
c_1_22_2089,3.157467,-2.5636258
c_1_22_2090,3.8975852,-1.4522423
c_1_22_2091,2.585405,1.9443403
c_1_22_2093,5.2553678,-1.8166614
c_1_22_2094,3.455626,4.301629
c_1_22_2095,3.359844,1.3681924
c_1_22_2097,6.722644,0.13664474
c_1_22_2098,7.1706243,1.0892415
c_1_22_2099,2.4465206,1.8904415
c_1_22_2101,5.421324,1.6372533
c_1_22_2102,8.274227,5.2928762
c_1_22_2103,3.4684467,1.1683294
c_1_22_2106,6.8345294,-2.4515955
c_1_22_2107,2.7508407,0.9916663
c_1_22_2109,9.310676,4.8778567
c_1_22_2110,3.1297038,0.64426637
c_1_22_2111,4.913009,2.4492028
c_1_22_2113,5.831531,3.489017
c_1_22_2114,7.241564,1.467912
c_1_22_2115,5.938898,1.1024854
c_1_22_2117,7.680535,2.0967793
c_1_22_2118,6.9724107,-0.01551328
c_1_22_2119,2.6260104,3.9653325
c_1_22_2120,5.4929314,1.0461389
c_1_22_2121,8.481787,4.139134
c_1_22_2122,6.1816354,2.8425517
c_1_22_2123,5.694293,-2.040158
c_1_22_2124,2.518566,5.6530237
c_1_22_2126,6.1127915,3.1377776
c_1_22_2129,6.892456,1.8607947
c_1_22_2130,7.698896,3.087647
c_1_22_2131,1.397558,-0.6128855
c_1_22_2132,7.085388,1.8003623
c_1_22_2133,8.455799,1.9209416
c_1_22_2135,9.016271,4.1074023
c_1_22_2136,1.9638475,0.5585405
c_1_22_2139,4.1228776,0.659138
c_1_22_2140,7.3325634,4.6445336
c_1_22_2141,8.560529,4.2758784
c_1_22_2142,9.211362,3.5515099
c_1_22_2144,2.8589127,-3.481406
c_1_22_2145,6.1694984,3.6167178
c_1_22_2146,3.3189096,-0.16171616
c_1_22_2147,4.60305,-0.5611403
c_1_22_2148,5.8335676,-1.6789176
c_1_22_2149,3.2463744,1.1534274
c_1_22_2150,7.3285275,0.82190555
c_1_22_2151,5.8436894,3.4975922
c_1_22_2152,4.589965,1.7704523
c_1_22_2153,5.4172373,-0.19070616
c_1_22_2154,4.204737,4.4128017
c_1_22_2155,6.0482326,0.60430044
c_1_22_2156,6.0171237,0.74772185
c_1_22_2157,6.1887765,-0.6852493
c_1_22_2158,2.4265206,5.7804923
c_1_22_2160,9.077024,3.5617883
c_1_22_2161,7.664112,3.5125046
c_1_22_2162,4.532356,2.0647287
c_1_22_2163,6.7123365,1.807134
c_1_22_2164,7.712733,5.006221
c_1_22_2165,7.805164,4.85421
c_1_22_2167,5.5180573,3.1319153
c_1_22_2168,7.572131,1.8786145
c_1_22_2169,9.231912,4.416786
c_1_22_2170,3.186763,0.98902214
c_1_22_2171,4.129152,2.171792
c_1_22_2172,6.0626516,4.1679482
c_1_22_2173,5.3496037,-0.7714225
c_1_22_2174,3.2279053,3.087757
c_1_22_2175,4.3931994,1.9795854
c_1_22_2176,1.1861115,2.0609517
c_1_22_2178,4.305893,1.9294596
c_1_22_2179,5.966743,0.1802224
c_1_22_2180,7.63412,3.4791007
c_1_22_2181,4.6289945,0.74089915
c_1_22_2182,7.2098722,3.623291
c_1_22_2183,3.1987379,3.1140218
c_1_22_2184,6.707859,-0.39134383
c_1_22_2185,3.4759636,-0.39177844
c_1_22_2186,4.485366,1.8426211
c_1_22_2187,3.7573733,-0.6224478
c_1_22_2188,4.8693047,-0.9907611
c_1_22_2189,5.3946953,1.611517
c_1_22_2190,7.221222,2.9092615
c_1_22_2191,7.939034,1.2862517
c_1_22_2195,6.164956,0.73259157
c_1_22_2196,8.379112,2.8387177
c_1_22_2198,5.547963,0.6973123
c_1_22_2199,7.6988115,4.615511
c_1_22_2200,4.194576,0.3399522
c_1_22_2201,4.796005,-2.2439115
c_1_22_2202,4.643726,-0.775464
c_1_22_2203,8.78231,2.0582125
c_1_22_2204,5.7264466,4.427645
c_1_22_2206,4.503293,-1.094616
c_1_22_2207,5.506805,-0.97899884
c_1_22_2208,4.9662166,-2.7426581
c_1_22_2209,7.5278726,0.4068715
c_1_22_2210,2.0127397,1.8135625
c_1_22_2211,7.9660697,4.7319345
c_1_22_2214,8.934748,6.0799184
c_1_22_2215,4.530482,3.71809
c_1_22_2216,6.3520837,4.3248205
c_1_22_2217,7.99231,4.8226204
c_1_22_2218,4.27782,-0.33293092
c_1_22_2219,8.136203,5.224057
c_1_22_2221,9.389066,6.345712
c_1_22_2222,6.4131117,-1.1644585
c_1_22_2224,3.8763025,4.3819366
c_1_22_2225,0.8523823,0.20303349
c_1_22_2226,7.5051594,2.146123
c_1_22_2227,6.094733,0.31905594
c_1_22_2228,6.019141,2.2448895
c_1_22_2230,7.973526,1.7066782
c_1_22_2231,7.510118,2.667492
c_1_22_2232,6.277422,2.1642373
c_1_22_2233,9.417782,1.6498368
c_1_22_2234,5.684695,3.6150048
c_1_22_2237,7.2937565,0.15274034
c_1_22_2238,7.4212937,1.980235
c_1_22_2239,1.8273635,-0.37503186
c_1_22_2240,4.988906,-2.4685879
c_1_22_2241,4.965494,1.0060123
c_1_22_2243,7.2207437,0.21690738
c_1_22_2244,3.215416,3.115481
c_1_22_2245,8.467768,6.0720673
c_1_22_2247,2.5304437,-0.8482819
c_1_22_2248,4.5783534,-0.4529344
c_1_22_2249,9.343435,3.881107
c_1_22_2250,7.238947,2.604597
c_1_22_2251,4.578719,1.5763036
c_1_22_2252,3.3716855,-0.5960145
c_1_22_2253,5.639903,1.0380983
c_1_22_2254,5.9588137,-1.5656184
c_1_22_2255,4.7453995,-1.2847588
c_1_22_2256,4.42041,-3.4287188
c_1_22_2257,3.0704126,3.8370068
c_1_22_2258,7.2555313,-0.10553356
c_1_22_2259,5.8528414,1.2269132
c_1_22_2260,8.395965,0.77670044
c_1_22_2261,8.360905,5.2869577
c_1_22_2262,3.851617,2.1090298
c_1_22_2263,5.711101,4.0978465
c_1_22_2264,4.979082,-0.50880367
c_1_22_2265,8.571752,5.2653575
c_1_22_2266,4.5734982,1.2519795
c_1_22_2267,3.7981434,-2.7545304
c_1_22_2268,2.5603368,-2.8133368
c_1_22_2269,4.3893723,1.2060292
c_1_22_2270,6.402168,3.8083253
c_1_22_2271,6.410072,3.332267
c_1_22_2272,6.647037,-1.9912229
c_1_22_2273,4.39432,0.95643604
c_1_22_2276,9.004769,0.46840233
c_1_22_2277,6.793986,2.1717327
c_1_22_2279,5.577414,0.21016118
c_1_22_2280,3.475715,0.38473627
c_1_22_2281,8.103687,5.1852055
c_1_22_2282,7.6226974,1.4387603
c_1_22_2283,5.2541227,2.0961335
c_1_22_2284,4.7497177,2.874356
c_1_22_2285,8.793682,5.0489497
c_1_22_2286,2.2213414,0.5791366
c_1_22_2287,6.805373,2.1192367
c_1_22_2288,6.130534,-0.26336148
c_1_22_2289,3.1489916,0.5969847
c_1_22_2290,8.397404,4.6668696
c_1_22_2291,7.8517475,3.0737126
c_1_22_2292,6.282976,3.082997
c_1_22_2293,9.430073,0.5464287
c_1_22_2294,4.582925,2.5217252
c_1_22_2296,6.098025,4.210494
c_1_22_2297,8.043363,4.192246
c_1_22_2298,8.323575,5.810265
c_1_22_2299,6.0026298,4.083134
c_1_22_2300,4.5556,-3.6302977
c_1_22_2301,7.4935884,2.8398192
c_1_22_2302,7.1870756,2.1122916
c_1_22_2304,8.2939415,1.7579681
c_1_22_2305,5.9175453,4.009019
c_1_22_2306,6.0820074,3.5390928
c_1_22_2307,8.218337,4.4052463
c_1_22_2308,8.561613,6.298055
c_1_22_2311,5.246323,1.4848993
c_1_22_2312,4.6743975,-0.74129844
c_1_22_2314,3.0104718,0.10430671
c_1_22_2315,5.5794244,2.928422
c_1_22_2317,7.2763124,2.1232662
c_1_22_2318,4.0382156,0.5491977
c_1_22_2319,8.485409,5.6211305
c_1_22_2320,7.2979627,5.346872
c_1_22_2321,2.6486464,-1.9916111
c_1_22_2322,1.5970395,3.292319
c_1_22_2323,3.7044349,1.9083301
c_1_22_2324,8.004142,5.377184
c_1_22_2326,7.899264,3.9997945
c_1_22_2327,3.1834335,1.4622462
c_1_22_2328,7.716409,4.6705728
c_1_22_2329,6.504011,3.9478555
c_1_22_2330,7.437894,3.7209165
c_1_22_2331,9.816555,4.220892
c_1_22_2332,6.455537,4.2309046
c_1_22_2333,4.3342977,-1.2334167
c_1_22_2334,5.0932245,1.4572141
c_1_22_2335,5.976084,0.70278543
c_1_22_2336,4.0735097,-2.537593
c_1_22_2337,3.206614,-1.1578877
c_1_22_2339,4.497762,3.3075056
c_1_22_2340,6.2834206,1.4808298
c_1_22_2341,5.804596,1.3710582
c_1_22_2342,4.1827083,3.1082745
c_1_22_2343,7.9473114,4.9634986
c_1_22_2344,2.3805966,5.7260427
c_1_22_2345,6.4266033,-2.215255
c_1_22_2347,4.6933985,-0.055367224
c_1_22_2348,3.0281932,5.314166
c_1_22_2350,8.22091,4.8577094
c_1_22_2351,4.5634007,1.6185681
c_1_22_2352,1.2219961,4.824043
c_1_22_2353,6.785406,1.8668511
c_1_22_2354,6.1573896,0.117721476
c_1_22_2356,8.198846,3.7351604
c_1_22_2357,8.292921,4.139905
c_1_22_2358,1.6712567,5.3446565
c_1_22_2359,6.3054714,2.5228815
c_1_22_2360,0.93806374,1.9865972
c_1_22_2361,7.977416,2.0896
c_1_22_2363,4.0302567,3.4239736
c_1_22_2364,8.00783,4.5968285
c_1_22_2365,2.8971822,5.8303885
c_1_22_2366,4.7182755,4.646452
c_1_22_2367,3.6226091,-2.5083792
c_1_22_2368,3.8171208,4.3815913
c_1_22_2369,1.4250748,0.375716
c_1_22_2370,5.7124414,1.0850533
c_1_22_2372,9.137722,5.620432
c_1_22_2373,3.9094958,4.422003
c_1_22_2374,9.858225,3.8528683
c_1_22_2375,5.6901298,0.41402113
c_1_22_2376,6.550487,-0.18575814
c_1_22_2377,7.54531,3.9787154
c_1_22_2378,3.1395252,-1.0037869
c_1_22_2379,2.818297,4.966001
c_1_22_2380,3.4593,1.1660135
c_1_22_2381,6.167051,-2.5145028
c_1_22_2382,5.938135,-0.28147852
c_1_22_2386,6.672374,2.1692991
c_1_22_2387,3.9775646,-0.9552435
c_1_22_2388,0.9550632,0.15144366
c_1_22_2389,6.528845,1.9233959
c_1_22_2390,2.1380022,-2.8408077
c_1_22_2391,3.04774,4.843942
c_1_22_2392,6.951607,1.5710231
c_1_22_2394,5.191879,3.788368
c_1_22_2395,9.321536,3.8713608
c_1_22_2396,2.0195925,2.9756973
c_1_22_2397,8.232209,5.1190987
c_1_22_2399,8.710492,3.4314182
c_1_22_2400,9.409952,4.425441
c_1_22_2401,7.0543857,2.6245975
c_1_22_2402,4.8738217,4.172026
c_1_22_2403,4.3742127,4.9596004
c_1_22_2404,8.343573,4.6281147
c_1_22_2407,6.9174113,-3.7759356
c_1_22_2409,7.014381,2.8898354
c_1_22_2410,5.475117,-1.4924473
c_1_22_2411,6.409635,1.1005855
c_1_22_2412,7.2978916,2.0055141
c_1_22_2413,1.7534671,0.4226927
c_1_22_2414,1.5307435,1.874693
c_1_22_2415,3.3631604,-1.1831787
c_1_22_2416,7.6061625,2.1751478
c_1_22_2417,5.573298,0.62456024
c_1_22_2418,1.4645324,0.37813926
c_1_22_2420,3.5162976,1.6882333
c_1_22_2421,1.1203318,4.261489
c_1_22_2422,1.3725057,0.22876309
c_1_22_2423,8.967239,4.2710366
c_1_22_2424,1.964322,5.160199
c_1_22_2425,5.165294,-1.1272396
c_1_22_2426,6.689658,4.115805
c_1_22_2427,3.7455041,4.2357244
c_1_22_2428,5.7744145,1.9601862
c_1_22_2429,2.3041496,-2.7692688
c_1_22_2430,7.0542436,-3.1034725
c_1_22_2431,8.194588,3.5051253
c_1_22_2432,5.95916,-2.310573
c_1_22_2433,7.4322886,-3.4288745
c_1_22_2434,5.6161675,0.83726305
c_1_22_2436,10.286157,4.2580523
c_1_22_2438,3.8562217,0.4949141
c_1_22_2439,7.716843,5.071532
c_1_22_2440,4.337789,1.9465451
c_1_22_2441,7.2015185,0.07407433
c_1_22_2443,2.5637102,-1.505434
c_1_22_2444,7.1705704,2.1506095
c_1_22_2445,8.389268,1.7162832
c_1_22_2447,1.8062333,3.7315278
c_1_22_2448,6.0391235,3.669283
c_1_22_2450,5.445728,-3.1041703
c_1_22_2452,7.6608915,1.7556165
c_1_22_2453,6.4957576,-0.14290851
c_1_22_2455,7.8756685,1.2108133
c_1_22_2456,6.4454446,2.2274451
c_1_22_2457,6.1849146,-2.4905167
c_1_22_2458,8.328938,5.319666
c_1_22_2459,6.5593314,1.8849024
c_1_22_2461,5.217701,1.395194
c_1_22_2462,9.535838,1.3567969
c_1_22_2463,7.119222,2.3895662
c_1_22_2464,5.2979155,2.8210094
c_1_22_2465,7.1906495,1.7002704
c_1_22_2466,9.291402,5.4599795
c_1_22_2467,3.8302436,-0.9835965
c_1_22_2468,5.1769705,0.51081157
c_1_22_2470,7.9167657,2.6746483
c_1_22_2471,1.1330684,3.364467
c_1_22_2472,6.9956875,0.15014152
c_1_22_2474,5.445884,2.6840742
c_1_22_2475,8.71752,6.0849695
c_1_22_2476,0.8805926,3.0914962
c_1_22_2477,6.195939,-0.22246245
c_1_22_2478,6.9817443,0.039729875
c_1_22_2479,7.550288,4.3516397
c_1_22_2480,7.999049,2.2131233
c_1_22_2481,4.483625,-2.0597641
c_1_22_2482,8.271876,5.3716435
c_1_22_2483,8.696578,5.511649
c_1_22_2485,7.15203,4.110428
c_1_22_2486,7.618961,2.3591974
c_1_22_2487,7.420424,1.3182052
c_1_22_2488,0.70243424,3.2613688
c_1_22_2489,7.15061,1.6801728
c_1_22_2490,3.7814271,-0.82131433
c_1_22_2491,1.6955125,-1.2133197
c_1_22_2492,7.696529,5.0437117
c_1_22_2493,7.5666957,0.9446088
c_1_22_2495,8.148268,0.49058637
c_1_22_2496,6.158432,2.462902
c_1_22_2497,7.589077,5.594251
c_1_22_2498,7.2137747,1.9405754
c_1_22_2499,6.350908,3.0908878
c_1_22_2500,6.8309608,-0.036532175
c_1_22_2501,7.9398456,5.1804886
c_1_22_2502,5.6961665,3.7028046
c_1_22_2503,8.411115,5.436789
c_1_22_2504,7.7426834,5.4754796
c_1_22_2507,1.938653,0.25830513
c_1_22_2511,6.895814,-0.15428832
c_1_22_2512,6.6540604,-4.044474
c_1_22_2513,8.60886,4.8792534
c_1_22_2514,7.703191,0.46011904
c_1_22_2515,5.1980553,0.8549381
c_1_22_2516,7.0198197,2.6891751
c_1_22_2517,3.5319383,1.4713373
c_1_22_2518,2.198793,1.818496
c_1_22_2519,4.5667562,-0.19689544
c_1_22_2520,7.6211395,3.759818
c_1_22_2523,7.74405,1.0564307
c_1_22_2524,1.8788153,-0.18985981
c_1_22_2525,6.1072917,0.5864626
c_1_22_2526,7.6387124,3.1455126
c_1_22_2528,7.5917225,5.023265
c_1_22_2529,5.546426,3.2219372
c_1_22_2531,3.327997,3.3371563
c_1_22_2533,7.3057013,2.251317
c_1_22_2534,8.270394,4.506041
c_1_22_2535,6.1491256,2.5477772
c_1_22_2536,8.083111,4.350895
c_1_22_2537,8.078079,2.2386498
c_1_22_2539,2.936195,-2.0925677
c_1_22_2540,3.5770962,-2.7261336
c_1_22_2541,3.9284387,0.86490697
c_1_22_2542,4.2523003,-0.46166557
c_1_22_2543,4.5825686,-0.30888236
c_1_22_2545,5.300485,0.92697716
c_1_22_2546,4.0311127,-2.9029095
c_1_22_2547,4.69671,-0.73984146
c_1_22_2548,8.866545,1.5915009
c_1_22_2553,5.6872025,-0.79510266
c_1_22_2554,0.64411587,2.2926142
c_1_22_2557,5.7057004,1.8857206
c_1_22_2559,6.56367,0.8975373
c_1_22_2560,8.465752,4.255258
c_1_22_2561,5.102796,0.29375672
c_1_22_2562,7.0491676,0.91959935
c_1_22_2564,9.185441,1.6601492
c_1_22_2565,0.6722226,2.7306542
c_1_22_2566,1.4516096,-0.3934902
c_1_22_2567,6.6583247,-1.5366167
c_1_22_2568,8.831431,5.494434
c_1_22_2569,5.208988,3.9420574
c_1_22_2571,0.8956438,2.5436907
c_1_22_2572,5.9323826,0.30977556
c_1_22_2573,9.690588,1.2612991
c_1_22_2574,2.7163897,3.2085524
c_1_22_2576,8.345838,1.8931837
c_1_22_2577,4.205167,0.5258412
c_1_22_2578,9.804665,0.98944587
c_1_22_2579,5.807247,-1.4164051
c_1_22_2580,5.119979,4.3291745
c_1_22_2582,7.582438,1.6596408
c_1_22_2583,4.7973833,1.8987002
c_1_22_2584,8.030336,0.1947447
c_1_22_2585,7.6876545,2.5270631
c_1_22_2586,7.855176,0.21568017
c_1_22_2587,5.9747386,-1.0717465
c_1_22_2589,6.351128,3.6995797
c_1_22_2591,4.430056,-0.1417021
c_1_22_2593,6.705776,-3.2833514
c_1_22_2594,3.7409809,-0.15198956
c_1_22_2595,4.545957,3.778195
c_1_22_2596,7.018241,0.9795371
c_1_22_2597,0.27393228,2.8414958
c_1_22_2598,3.3066266,-2.969712
c_1_22_2599,5.6401024,1.7627276
c_1_22_2600,6.318929,0.7876914
c_1_22_2601,3.3424838,-1.8180063
c_1_22_2602,8.786501,1.5297092
c_1_22_2603,4.519806,0.9065325
c_1_22_2605,6.943284,3.9201632
c_1_22_2606,0.4689559,3.0221736
c_1_22_2607,8.672996,0.093510024
c_1_22_2609,4.4700446,-0.93720055
c_1_22_2610,6.399435,1.6097426
c_1_22_2611,7.570821,2.012894
c_1_22_2612,7.624068,2.0583503
c_1_22_2616,2.855201,-0.9245603
c_1_22_2617,6.1639743,0.6485894
c_1_22_2619,3.1107254,-2.9829283
c_1_22_2620,5.135432,2.9231212
c_1_22_2622,5.4884405,0.6364974
c_1_22_2623,0.7112235,3.3479395
c_1_22_2624,4.5427876,-1.600334
c_1_22_2626,6.4295764,-0.27192414
c_1_22_2627,4.2641053,1.3839675
c_1_22_2628,3.069114,-3.7397
c_1_22_2629,5.9786596,-1.04422
c_1_22_2630,8.676927,2.7487462
c_1_22_2631,6.249999,-0.13601851
c_1_22_2632,6.8019257,1.0681484
c_1_22_2633,4.6544237,-3.109732
c_1_22_2634,8.20423,2.270597
c_1_22_2635,6.304703,-0.7852649
c_1_22_2636,8.009604,1.9502485
c_1_22_2638,4.6347504,3.7385798
c_1_22_2639,7.3738093,5.511387
c_1_22_2641,6.060947,-1.9595699
c_1_22_2642,3.1365159,1.0351061
c_1_22_2643,5.1897297,2.1668403
c_1_22_2645,7.6009607,1.8375838
c_1_22_2646,8.04505,5.0890856
c_1_22_2647,6.9624515,1.4561198
c_1_22_2648,4.8962464,1.4107658
c_1_22_2649,0.27762595,3.2843654
c_1_22_2651,0.97699404,0.42971092
c_1_22_2652,6.3367867,-1.2375317
c_1_22_2653,0.41391253,2.9961255
c_1_22_2654,5.833954,1.5692476
c_1_22_2655,3.3243377,2.534737
c_1_22_2656,0.83659726,2.7745028
c_1_22_2657,1.1681236,0.4829373
c_1_22_2658,6.7721105,2.659617
c_1_22_2659,1.8051708,2.2821991
c_1_22_2660,3.6014912,-2.878081
c_1_22_2662,2.5166976,0.94608366
c_1_22_2663,8.5238285,-0.29313076
c_1_22_2664,5.1044893,-1.5668478
c_1_22_2665,2.2871404,2.3243148
c_1_22_2666,2.2992387,2.8662467
c_1_22_2667,7.2054467,0.83607996
c_1_22_2668,3.4872644,-0.7002275
c_1_22_2669,5.2148237,1.2151287
c_1_22_2670,2.721785,1.8636527
c_1_22_2671,8.784219,1.8004882
c_1_22_2672,8.640874,0.2338455
c_1_22_2673,6.0383115,-2.2281225
c_1_22_2674,3.99753,-2.8374062
c_1_22_2675,5.971766,2.1305165
c_1_22_2676,7.2516727,3.3828468
c_1_22_2677,8.086502,2.5928469
c_1_22_2678,3.8413846,-1.4365237
c_1_22_2679,5.9468317,0.63891536
c_1_22_2680,6.4848504,2.9964821
c_1_22_2681,8.900586,0.32109478
c_1_22_2682,9.813322,1.0906461
c_1_22_2683,7.727158,4.1581025
c_1_22_2684,8.702417,5.5049253
c_1_22_2685,9.608058,1.1859231
c_1_22_2686,9.40815,0.46644458
c_1_22_2687,2.8819406,0.3731439
c_1_22_2688,2.7520287,-3.7200217
c_1_22_2689,2.9548407,-0.8566693
c_1_22_2690,1.8301885,1.5455868
c_1_22_2691,6.9769645,0.33841854
c_1_22_2692,8.032771,0.22604677
c_1_22_2693,3.5568943,-1.4953697
c_1_22_2694,7.0392256,0.16672903
c_1_22_2695,8.201104,0.20759365
c_1_22_2696,6.438447,-0.7440284
c_1_22_2698,1.2407917,-1.1419864
c_1_22_2699,3.8565016,0.7909351
c_1_22_2700,2.9147472,-1.7751163
c_1_22_2702,9.390908,0.8838675
c_1_22_2703,6.2905755,-1.8156339
c_1_22_2704,8.867943,0.07348825
c_1_22_2705,0.98679143,2.4316792
c_1_22_2706,3.923518,2.8133209
c_1_22_2707,6.2808356,-2.5456076
c_1_22_2708,9.164544,1.6646683
c_1_22_2709,5.5822535,1.7475125
c_1_22_2710,3.550088,-3.4136384
c_1_22_2711,5.4189434,-0.45027676
c_1_22_2712,9.481208,1.4210709
c_1_22_2713,3.1548312,0.2724053
c_1_22_2714,5.352909,-3.3478284
c_1_22_2715,9.700513,1.3529438
c_1_22_2716,3.8428836,-2.2812805
c_1_22_2717,9.643003,0.9461138
c_1_22_2718,7.3632545,0.54579514
c_1_22_2719,4.5700965,0.05270721
c_1_22_2720,2.770889,-3.5207088
c_1_22_2721,4.07258,2.2700834
c_1_22_2722,6.583096,1.6548402
c_1_22_2723,6.0071983,-0.5822993
c_1_22_2724,1.3216127,0.4651715
c_1_22_2725,2.7523441,-2.6606834
c_1_22_2726,5.0467296,-2.798111
c_1_22_2728,3.396859,0.8513993
c_1_22_2729,9.473219,1.1945378
c_1_22_2731,7.8890233,2.6748874
c_1_22_2732,4.258262,0.7411833
c_1_22_2733,5.4863663,0.7130391
c_1_22_2734,2.2510571,-2.9431875
c_1_22_2735,9.486251,1.0499822
c_1_22_2736,8.268688,-0.17737153
c_1_22_2737,6.913854,0.034550887
c_1_22_2738,9.414794,1.2274811
c_1_22_2739,5.032782,-2.664874
c_1_22_2740,4.6440735,3.831651
c_1_22_2741,5.0149455,0.496358
c_1_22_2742,5.9316854,-2.5030062
c_1_22_2743,9.025121,0.34574214
c_1_22_2744,2.5925314,-1.5386664
c_1_22_2745,5.6350627,-0.97378325
c_1_22_2746,0.27592468,3.0728788
c_1_22_2747,1.3549709,-0.13849472
c_1_22_2749,4.7699018,-1.4591484
c_1_22_2751,0.51826376,2.5320377
c_1_22_2752,7.8816485,5.730906
c_1_22_2753,9.236787,1.2355639
c_1_22_2754,0.19655296,3.113711
c_1_22_2757,5.21933,-0.9464215
c_1_22_2758,7.0484953,0.6359563
c_1_22_2759,4.838326,0.81302667
c_1_22_2760,8.172682,1.8260258
c_1_22_2761,8.634852,0.28865784
c_1_22_2762,5.4441123,2.3442264
c_1_22_2763,8.020284,0.09019088
c_1_22_2764,1.8949528,3.7834237
c_1_22_2766,3.3081882,-3.8184104
c_1_22_2768,3.3464475,-1.6405623
c_1_22_2769,2.4846964,0.90780425
c_1_22_2770,6.9559073,0.7558404
c_1_22_2771,6.772789,0.4925361
c_1_22_2772,5.6889033,0.2889717
c_1_22_2775,6.3910666,-0.35441154
c_1_22_2776,5.4684863,-1.6928445
c_1_22_2777,2.1221204,-0.25169578
c_1_22_2779,2.659434,-1.8336269
c_1_22_2781,4.7659163,-1.0444645
c_1_22_2783,7.285633,1.9027063
c_1_22_2784,7.5562325,0.14211181
c_1_22_2785,6.8685136,-3.6152246
c_1_22_2786,7.0311475,0.9498738
c_1_22_2787,3.486608,-2.110251
c_1_22_2788,8.448304,3.7730632
c_1_22_2789,9.826247,0.6586164
c_1_22_2791,2.1383157,-1.2129346
c_1_22_2792,5.1776547,1.7889111
c_1_22_2793,7.2681785,2.4885707
c_1_22_2794,8.711473,0.98811346
c_1_22_2795,4.491517,2.1650255
c_1_22_2796,2.4397573,-1.0754229
c_1_22_2797,8.066946,5.309792
c_1_22_2798,5.6125865,0.43161184
c_1_22_2799,9.6959,1.32977
c_1_22_2800,4.3099284,-0.60584337
c_1_22_2801,2.6457622,3.2556517
c_1_22_2802,9.731491,1.3157839
c_1_22_2803,8.7403965,-0.028764458
c_1_22_2804,6.3937745,-3.3519366
c_1_22_2805,1.427411,2.213961
c_1_22_2807,2.4895988,-1.6852732
c_1_22_2808,4.996044,-0.72820896
c_1_22_2809,5.352231,0.7592597
c_1_22_2810,9.689719,0.8575951
c_1_22_2811,9.297456,0.4034427
c_1_22_2812,7.8449035,1.742014
c_1_22_2813,6.936182,0.8709594
c_1_22_2814,8.478647,0.7932962
c_1_22_2815,-0.222194,3.2281492
c_1_22_2816,7.7064548,-3.5131812
c_1_22_2817,7.5885773,0.18199277
c_1_22_2818,6.366724,-1.7312933
c_1_22_2819,-0.20183246,3.461749
c_1_22_2820,3.958168,-3.6245248
c_1_22_2822,6.3366647,-3.481221
c_1_22_2823,2.2844515,0.03845769
c_1_22_2824,5.0590615,-0.95426905
c_1_22_2825,6.2236648,-0.0035999254
c_1_22_2826,0.20381999,2.7676337
c_1_22_2827,6.2206016,-2.680907
c_1_22_2828,8.229206,0.9837423
c_1_22_2829,2.4554758,-3.9311662
c_1_22_2830,7.6850634,-2.7440608
c_1_22_2831,2.143661,-0.34463042
c_1_22_2832,4.275786,-0.16685173
c_1_22_2833,7.811361,-0.06335242
c_1_22_2834,2.824269,-3.2606735
c_1_22_2837,9.599022,0.5739193
c_1_22_2838,8.467638,-0.12041167
c_1_22_2839,8.136027,1.0015278
c_1_22_2840,4.8562245,-0.5214424
c_1_22_2841,9.31422,0.86583626
c_1_22_2842,1.9284263,-3.0642312
c_1_22_2843,2.4462605,-0.49096397
c_1_22_2845,5.3674903,0.4528694
c_1_22_2847,4.850563,-0.42109486
c_1_22_2848,8.896081,4.5349565
c_1_22_2849,2.3369594,3.2304904
c_1_22_2850,8.365162,0.1801493
c_1_22_2851,3.695037,1.0015762
c_1_22_2852,6.6756244,3.5551383
c_1_22_2853,6.907613,1.2051588
c_1_22_2854,3.180811,0.055237785
c_1_22_2855,8.144195,-0.055202056
c_1_22_2856,6.474012,2.3710682
c_1_22_2857,9.504301,1.1613548
c_1_22_2858,4.486215,-1.3572767
c_1_22_2860,7.301289,4.022303
c_1_22_2861,5.9427457,0.42690793
c_1_22_2862,4.626116,1.4457784
c_1_22_2863,7.204069,0.39834163
c_1_22_2864,3.325028,-2.1293623
c_1_22_2866,3.503098,1.4705997
c_1_22_2867,4.6128955,1.2032471
c_1_22_2868,-0.10874601,3.124646
c_1_22_2869,5.687799,1.3747232
c_1_22_2870,5.1052547,-0.79869324
c_1_22_2872,2.4013681,-3.2784705
c_1_22_2873,0.85957074,2.2607062
c_1_22_2874,7.7383676,0.71547294
c_1_22_2875,9.585449,0.16672893
c_1_22_2876,4.6118,-2.054524
c_1_22_2877,7.477348,0.71481764
c_1_22_2878,7.8821907,4.7282567
c_1_22_2879,6.6330996,0.7543583
c_1_22_2880,9.011066,4.350696
c_1_22_2881,8.293672,4.1988263
c_1_22_2882,7.221226,2.328748
c_1_22_2883,6.4908133,0.5576888
c_1_22_2884,6.3220644,0.46084544
c_1_22_2885,8.734433,1.0968769
c_1_22_2886,5.125607,0.03288846
c_1_22_2887,8.120172,2.3984244
c_1_22_2888,4.089212,1.8308787
c_1_22_2889,6.300383,0.7272103
c_1_22_2891,1.3276199,0.51516575
c_1_22_2893,1.5034736,-0.39969963
c_1_22_2894,1.111923,3.2263947
c_1_22_2895,8.009896,3.827902
c_1_22_2896,5.724949,1.0188401
c_1_22_2897,5.561944,0.50800407
c_1_22_2898,8.63763,0.062392727
c_1_22_2900,4.041975,2.557944
c_1_22_2902,8.87,5.0412707
c_1_22_2903,9.770897,0.37538218
c_1_22_2904,3.3654962,-2.4512787
c_1_22_2905,3.4164174,-3.653834
c_1_22_2906,1.1349323,2.913774
c_1_22_2907,5.268519,0.7387682
c_1_22_2909,4.344615,0.9090546
c_1_22_2910,4.2822156,-0.7986965
c_1_22_2911,6.7579756,-0.0065998114
c_1_22_2912,-0.12401217,3.57134
c_1_22_2913,7.8333483,-0.07919644
c_1_22_2915,5.0870104,0.22792846
c_1_22_2916,8.738922,0.23151289
c_1_22_2918,2.7871056,-2.6920927
c_1_22_2919,7.6387863,5.388713
c_1_22_2920,5.6853604,4.441194
c_1_22_2921,5.189671,-0.20075275
c_1_22_2922,3.6429617,-3.0673754
c_1_22_2923,1.1746634,3.2499828
c_1_22_2924,7.338174,1.2225487
c_1_22_2925,3.8513587,-1.540544
c_1_22_2926,2.893058,-1.8518724
c_1_22_2927,7.429972,4.6853714
c_1_22_2928,4.279841,-3.530219
c_1_22_2929,6.064237,-1.6393938
c_1_22_2930,8.728777,5.09468
c_1_22_2931,7.819287,2.8190572
c_1_22_2932,7.523982,4.35629
c_1_22_2933,5.7507596,1.1197149
c_1_22_2934,3.1629133,-0.45529443
c_1_22_2935,6.438689,2.1835186
c_1_22_2936,4.840899,-1.2180536
c_1_22_2937,7.7329593,-0.04124282
c_1_22_2938,6.2883663,-1.0033257
c_1_22_2939,0.26997986,2.3949783
c_1_22_2940,8.788374,5.957507
c_1_22_2941,9.592331,0.32141733
c_1_22_2942,0.20221137,3.308767
c_1_22_2943,3.61684,-3.462138
c_1_22_2944,8.893103,0.34952727
c_1_22_2945,5.515448,-0.7600579
c_1_22_2946,7.7074823,1.286939
c_1_22_2948,6.339847,4.4744887
c_1_22_2949,3.0740845,-0.79045814
c_1_22_2950,9.589803,1.0523921
c_1_22_2951,2.5800295,-4.079197
c_1_22_2952,3.19238,-2.7415433
c_1_22_2953,2.786602,-0.45920005
c_1_22_2954,5.7190595,4.0596433
c_1_22_2955,6.049803,-2.5439951
c_1_22_2956,3.1215901,-2.5113826
c_1_22_2957,3.5209506,-0.9269211
c_1_22_2958,5.071993,-1.6881953
c_1_22_2959,0.27439928,2.7266235
c_1_22_2960,7.7257586,0.27947918
c_1_22_2961,5.46739,3.8919468
c_1_22_2962,5.8885345,-0.8733627
c_1_22_2963,5.0259843,-0.29858074
c_1_22_2964,1.6469195,0.5353641
c_1_22_2965,5.2197948,1.0746216
c_1_22_2966,9.212071,1.6783006
c_1_22_2967,6.048775,1.6249129
c_1_22_2968,9.328948,1.1604092
c_1_22_2969,7.6484256,0.6187898
c_1_22_2970,5.48978,-1.8153925
c_1_22_2972,6.6258016,0.16238648
c_1_22_2973,1.1671073,3.1356907
c_1_22_2975,1.4743145,2.0148757
c_1_22_2976,7.0195975,-4.2639995
c_1_22_2977,5.576735,-3.4147577
c_1_22_2978,6.72805,2.6426733
c_1_22_2979,8.420098,-0.048691984
c_1_22_2980,6.0173674,2.323303
c_1_22_2981,2.8239975,-2.7867105
c_1_22_2983,9.479813,0.35023776
c_1_22_2984,1.239903,-1.5522653
c_1_22_2985,1.0450104,0.4562896
c_1_22_2986,9.579385,5.8282523
c_1_22_2987,5.8805494,-0.5098312
c_1_22_2989,9.379306,0.19777295
c_1_22_2990,7.127927,-3.3325555
c_1_22_2991,5.764222,2.7366252
c_1_22_2992,8.81977,5.6005044
c_1_22_2993,1.7741427,2.626829
c_1_22_2994,2.244035,-0.005925365
c_1_22_2995,3.1937416,1.6002185
c_1_22_2996,0.6404129,3.644508
c_1_22_2997,6.4733987,-3.9515522
c_1_22_2998,4.805093,-0.6258513
c_1_22_2999,8.535788,3.9507241
c_1_22_3000,9.10164,4.238924
c_1_22_3001,3.2269046,-0.9812264
c_1_22_3003,5.0251064,0.43692136
c_1_22_3004,9.847201,0.43286258
c_1_22_3005,0.22070366,2.7929485
c_1_22_3007,4.037749,0.53996557
c_1_22_3008,5.651245,0.7908305
c_1_22_3009,8.528311,0.33220991
c_1_22_3010,1.1862806,1.8656892
c_1_22_3012,2.7704911,-3.5829515
c_1_22_3013,1.9932323,-0.5911938
c_1_22_3014,5.416439,2.5369904
c_1_22_3015,8.742203,5.593284
c_1_22_3016,4.498462,0.19026266
c_1_22_3017,8.393351,-0.1582777
c_1_22_3018,5.331384,2.2852569
c_1_22_3019,8.475072,0.6313093
c_1_22_3020,3.671975,-1.8018242
c_1_22_3021,7.077837,-3.4313514
c_1_22_3022,7.076291,-0.16089566
c_1_22_3023,4.8287444,-3.8221743
c_1_22_3024,7.88087,3.0491614
c_1_22_3025,2.2769134,1.5095145
c_1_22_3026,7.757612,1.961058
c_1_22_3027,8.455598,-0.23181178
c_1_22_3028,6.680271,4.2373962
c_1_22_3029,2.2148736,-0.5427867
c_1_22_3030,5.3763857,-0.8956019
c_1_22_3031,3.2162354,-2.7783203
c_1_22_3032,7.5986214,3.229192
c_1_22_3033,9.319959,0.9580417
c_1_22_3034,6.9993653,1.6083091
c_1_22_3036,2.55134,-0.538493
c_1_22_3037,5.719402,1.0674667
c_1_22_3038,0.42614126,2.9017575
c_1_22_3039,5.516078,-1.9501095
c_1_22_3040,7.4680376,5.428152
c_1_22_3041,1.7142816,1.8615359
c_1_22_3042,3.7000887,-2.7082481
c_1_22_3044,6.9231815,-0.4052125
c_1_22_3045,4.5910516,-1.3834673
c_1_22_3047,3.0702178,2.5635982
c_1_22_3048,6.0912237,1.4236597
c_1_22_3049,3.2442741,0.3596953
c_1_22_3051,8.676278,0.18719012
c_1_22_3052,7.1903753,-4.0039163
c_1_22_3053,6.8502192,0.36046103
c_1_22_3054,0.53137165,2.9985993
c_1_22_3055,2.9507115,0.1544369
c_1_22_3056,8.240929,2.876626
c_1_22_3057,7.5926743,0.2649631
c_1_22_3058,8.92373,0.20172504
c_1_22_3059,9.162017,0.8943748
c_1_22_3060,0.8823203,3.1315174
c_1_22_3061,6.2064915,0.8881204
c_1_22_3062,5.255801,-1.2507138
c_1_22_3063,6.346541,1.0192498
c_1_22_3064,6.5476704,2.0984678
c_1_22_3065,5.5209513,1.4690768
c_1_22_3066,8.048969,0.20923106
c_1_22_3067,4.626376,0.64381695
c_1_22_3068,6.155538,1.9186372
c_1_22_3069,4.5192933,-0.28465125
c_1_22_3070,2.957678,0.16353211
c_1_22_3071,8.439203,4.711851
c_1_22_3073,2.4114723,0.05028133
c_1_22_3074,8.808103,2.0793881
c_1_22_3075,8.625754,0.5946956
c_1_22_3076,6.777709,-0.13679701
c_1_22_3077,4.7664137,1.6411699
c_1_22_3078,7.6128144,0.33251426
c_1_22_3079,4.438645,4.1576104
c_1_22_3080,4.2721424,3.8263695
c_1_22_3081,6.1359606,-2.4792123
c_1_22_3082,3.1544895,-2.9308555
c_1_22_3083,3.4558783,-3.5165997
c_1_22_3084,7.9156384,0.0024127807
c_1_22_3085,6.5597095,3.5724652
c_1_22_3086,3.6481977,0.19785488
c_1_22_3087,7.6784296,-0.1932138
c_1_22_3088,4.680993,-0.58242416
c_1_22_3089,3.3021755,0.60283035
c_1_22_3091,5.7328525,-0.33097675
c_1_22_3092,1.9027802,1.7427984
c_1_22_3093,2.7723346,-3.9654763
c_1_22_3094,3.9917226,-0.04552201
c_1_22_3095,5.342153,-2.3357167
c_1_22_3096,5.937947,3.7005382
c_1_22_3097,5.388654,-0.2805899
c_1_22_3098,3.7349315,-0.3080658
c_1_22_3099,2.6872084,-1.4714882
c_1_22_3100,6.7825656,-0.068896644
c_1_22_3101,6.2240505,0.17661999
c_1_22_3102,1.6387541,0.42776993
c_1_22_3103,1.429994,2.7587929
c_1_22_3104,8.436412,5.267959
c_1_22_3105,8.596039,4.4447207
c_1_22_3106,7.2076764,3.6357088
c_1_22_3108,5.787866,3.7317934
c_1_22_3109,6.2925677,1.828178
c_1_22_3110,-0.33582562,3.368942
c_1_22_3111,9.6215925,5.1579876
c_1_22_3112,5.176154,3.6931958
c_1_22_3113,7.0972486,-4.1379657
c_1_22_3114,2.2312448,0.35631752
c_1_22_3115,7.2991753,0.25958374
c_1_22_3116,4.6203685,-0.114661716
c_1_22_3117,5.572065,0.41270256
c_1_22_3118,4.8530555,-2.9570632
c_1_22_3119,7.7997828,0.11644314
c_1_22_3120,7.0673866,4.562534
c_1_22_3121,1.6714369,-2.6368349
c_1_22_3122,1.8189855,1.4262811
c_1_22_3123,4.657766,-1.813149
c_1_22_3125,0.4608465,2.6850872
c_1_22_3126,9.471126,0.911501
c_1_22_3128,0.4886428,3.0469239
c_1_22_3131,7.2745624,-3.4061565
c_1_22_3132,6.9178944,-1.413694
c_1_22_3133,8.189081,2.0934744
c_1_22_3134,5.365755,-0.25567463
c_1_22_3135,5.7828894,2.259657
c_1_22_3136,5.8472915,-1.648195
c_1_22_3137,2.8511796,1.6524454
c_1_22_3139,8.049952,4.952219
c_1_22_3140,2.6267095,-3.258153
c_1_22_3141,7.325062,1.9698513
c_1_22_3142,5.2112412,-0.18479192
c_1_22_3143,7.951838,-0.021156805
c_1_22_3145,0.48213774,2.9162269
c_1_22_3146,2.9899387,-1.8412741
c_1_22_3147,3.352791,-1.1201829
c_1_22_3148,1.7434114,0.4914724
c_1_22_3149,3.4522781,-3.11497
c_1_22_3150,8.026139,4.4466534
c_1_22_3151,5.7469115,1.6252517
c_1_22_3152,6.862195,-2.1162498
c_1_22_3154,1.9477221,-3.431278
c_1_22_3155,3.2106583,-2.8334172
c_1_22_3156,0.12549017,3.3607798
c_1_22_3157,4.3677397,-2.9861548
c_1_22_3159,7.5414357,4.802094
c_1_22_3160,8.85826,0.25942644
c_1_22_3161,5.876357,-1.1210065
c_1_22_3162,3.1294148,0.5057395
c_1_22_3163,3.591187,-0.18864144
c_1_22_3164,7.977901,4.4184585
c_1_22_3165,7.1584406,4.4651566
c_1_22_3166,8.131493,0.07822896
c_1_22_3168,2.3516424,-1.8782456
c_1_22_3169,2.3020906,-1.9564298
c_1_22_3170,2.5943036,-2.8559592
c_1_22_3171,5.175315,-1.3682939
c_1_22_3172,8.681173,-0.20052843
c_1_22_3173,9.656342,0.2575376
c_1_22_3174,7.040977,-2.073631
c_1_22_3176,3.5231407,-0.4077724
c_1_22_3177,0.64345306,2.8885908
c_1_22_3179,1.3600392,-1.0496798
c_1_22_3181,4.8782787,4.3361497
c_1_22_3182,6.526236,-3.306073
c_1_22_3184,4.87788,-0.45380324
c_1_22_3186,9.797893,0.828184
c_1_22_3187,-0.11537972,3.013939
c_1_22_3188,3.5334888,1.154251
c_1_23_1,1.8388785,-2.1582327
c_1_23_4,3.1817646,0.21513344
c_1_23_5,2.2443023,-2.14534
c_1_23_6,1.5729418,-1.3537049
c_1_23_7,4.9684463,1.4014314
c_1_23_9,9.068111,2.5161731
c_1_23_10,1.6621866,-2.0954585
c_1_23_11,1.5203961,-1.5329462
c_1_23_12,1.7011561,-1.730385
c_1_23_14,1.8180943,-2.035605
c_1_23_15,1.1900256,-1.8383428
c_1_23_16,9.061778,2.3494713
c_1_23_17,9.282337,2.707659
c_1_23_18,6.478544,1.7431054
c_1_23_21,5.533618,0.28796142
c_1_23_23,2.3047688,-2.5683148
c_1_23_24,6.6401906,1.3655022
c_1_23_25,2.1636176,-1.4431849
c_1_23_27,2.339988,-1.9107245
c_1_23_28,2.4881313,5.7908325
c_1_23_29,2.3769634,5.6567283
c_1_23_30,2.093248,-0.58479553
c_1_23_33,5.2913437,-0.46652237
c_1_23_34,9.438101,2.7325695
c_1_23_35,7.6666684,2.102618
c_1_23_36,2.850195,-0.8213161
c_1_23_37,8.467376,2.5293844
c_1_23_38,7.769655,-0.3905922
c_1_23_39,7.5773134,2.0960758
c_1_23_40,3.328919,-3.4904158
c_1_23_41,7.649955,2.0868037
c_1_23_43,8.626081,1.0967773
c_1_23_44,5.8106318,-0.94564164
c_1_23_45,5.303996,0.91021746
c_1_23_46,9.412992,1.262771
c_1_23_47,4.8089266,-1.8138069
c_1_23_48,7.105462,0.8426683
c_1_23_49,7.9061656,0.7998324
c_1_23_50,8.215007,-0.35685718
c_1_23_51,8.459386,-0.042523574
c_1_23_52,5.944814,-1.0960162
c_1_23_53,7.855809,0.66019565
c_1_23_54,1.4811183,-1.2170676
c_1_23_55,8.651848,0.46977553
c_1_23_56,7.781296,2.0672743
c_1_23_57,6.3207517,0.8810597
c_1_23_58,9.583995,0.6826607
c_1_23_59,5.57297,1.5242431
c_1_23_60,1.9708045,0.37100235
c_1_23_61,6.022182,0.90807056
c_1_23_62,8.793241,0.6116523
c_1_23_63,9.575776,0.8984696
c_1_23_64,1.7992681,-2.8452644
c_1_23_65,6.1956573,0.7400657
c_1_23_66,3.2539485,5.519432
c_1_23_68,5.076574,0.31323692
c_1_23_69,3.6537852,-0.389171
c_1_23_70,9.221454,0.19579285
c_1_23_71,8.656971,0.077409804
c_1_23_72,9.513168,0.91633964
c_1_23_73,8.893624,0.25266865
c_1_23_75,8.56641,1.0036529
c_1_23_76,9.184806,0.8378534
c_1_23_77,8.839209,0.77712804
c_1_23_78,6.784346,-0.042791832
c_1_23_79,7.81381,0.49364674
c_1_23_80,6.4796305,1.9763577
c_1_23_81,4.0503407,0.25684315
c_1_23_82,5.085837,1.1294279
c_1_23_83,9.385172,0.6489339
c_1_23_84,4.3613987,-0.7144151
c_1_23_85,5.7320223,-0.073101275
c_1_23_86,5.2268143,-0.60104
c_1_23_87,4.3139577,-2.2856488
c_1_23_88,8.153944,0.8885062
c_1_23_89,5.0908155,0.3088396
c_1_23_90,8.683259,0.7233738
c_1_23_91,5.636416,1.5409821
c_1_23_92,8.7467,0.13491534
c_1_23_93,8.371367,0.9768514
c_1_23_94,6.4555154,-0.59302175
c_1_23_95,9.81155,1.3485588
c_1_23_96,8.218782,1.5885453
c_1_23_97,9.785103,0.860439
c_1_23_98,3.299109,-0.1745048
c_1_23_99,5.548409,0.04924216
c_1_23_100,8.870345,0.5052606
c_1_23_101,7.1574807,-0.08797489
c_1_23_102,8.555145,0.19639568
c_1_23_103,8.755126,0.27762827
c_1_23_104,9.504585,0.75489366
c_1_23_105,6.055017,0.12354429
c_1_23_106,5.674215,0.30968907
c_1_23_107,7.834102,0.86371183
c_1_23_108,5.693051,-0.069668435
c_1_23_109,5.603091,0.67829144
c_1_23_110,2.5093215,-0.1954317
c_1_23_111,8.729766,0.17269947
c_1_23_112,8.460109,1.0851295
c_1_23_113,7.456598,0.9150818
c_1_23_114,6.8963428,1.9476047
c_1_23_115,6.7158856,1.8174235
c_1_23_116,4.376953,0.1479699
c_1_23_118,6.7160106,1.9906574
c_1_23_119,4.317808,-0.43878242
c_1_23_121,5.6225023,1.3683952
c_1_23_123,9.116523,1.5350937
c_1_23_124,6.4483476,0.73822194
c_1_23_125,1.5290091,-1.3517411
c_1_23_126,3.1015117,2.179603
c_1_23_127,9.06114,0.0051226686
c_1_23_128,5.818802,0.6085388
c_1_23_129,9.410969,0.20746861
c_1_23_130,9.544393,0.3609734
c_1_23_131,9.425913,0.7263554
c_1_23_132,6.605274,2.0268183
c_1_23_133,8.885551,0.4540906
c_1_23_134,9.049669,0.5312555
c_1_23_135,4.8907676,0.4526633
c_1_23_137,8.898515,0.5210008
c_1_23_138,4.3083863,1.1135659
c_1_23_139,6.4161468,1.3950133
c_1_23_140,7.193034,0.11137325
c_1_23_141,6.13019,0.6333175
c_1_23_142,3.480544,0.715674
c_1_23_143,4.622361,-1.4217315
c_1_23_144,4.231645,1.0399424
c_1_23_145,7.7551293,0.73635596
c_1_23_146,1.9227682,-2.0122075
c_1_23_147,9.086269,2.6142197
c_1_23_148,2.023148,-2.3440802
c_1_23_149,4.9815345,0.9315752
c_1_23_150,9.576325,0.80814475
c_1_23_151,8.474564,0.38311723
c_1_23_152,9.142076,0.19853203
c_1_23_153,7.0601482,2.045244
c_1_23_155,8.406395,0.16986418
c_1_23_156,8.914633,0.7730828
c_1_23_157,6.3792543,0.5518816
c_1_23_158,7.461222,0.4737416
c_1_23_159,8.20749,0.06477321
c_1_23_160,6.6065784,0.37941524
c_1_23_161,6.681524,2.1215613
c_1_23_162,6.10952,0.12213493
c_1_23_163,5.8312106,1.1953934
c_1_23_164,5.0837736,0.643118
c_1_23_165,6.863457,0.57846
c_1_23_166,5.6828456,-0.37986135
c_1_23_167,9.632501,0.43682572
c_1_23_168,8.127114,0.93237484
c_1_23_169,4.3652496,0.18251856
c_1_23_171,3.7003486,0.8352063
c_1_23_172,2.6670165,-2.859394
c_1_23_173,9.953361,4.1205544
c_1_23_174,10.112782,4.2350235
c_1_23_175,10.336444,4.3270435
c_1_23_176,1.6979128,-2.5395558
c_1_23_177,6.067668,1.6992033
c_1_23_178,-0.028589983,0.31126305
c_1_23_179,8.806489,5.743332
c_1_23_180,8.0029745,4.218402
c_1_23_181,8.805152,4.4787436
c_1_23_182,7.740538,2.1884844
c_1_23_183,8.789705,4.688329
c_1_23_184,1.7277312,-3.172695
c_1_23_185,9.730615,4.0472693
c_1_23_186,10.0091715,4.614057
c_1_23_187,2.2263775,-2.8342392
c_1_23_188,6.01282,0.564933
c_1_23_189,1.9434483,-2.7479692
c_1_23_190,8.638413,3.3880877
c_1_23_191,9.652483,4.385283
c_1_23_192,10.195261,4.0433917
c_1_23_194,9.372664,4.438647
c_1_23_195,2.0157754,-0.60749066
c_1_23_196,1.1590989,-2.4381983
c_1_23_197,8.136015,4.0570345
c_1_23_198,10.230156,4.369337
c_1_23_199,1.732225,-2.8082762
c_1_23_201,7.493263,4.4409704
c_1_23_202,9.341204,3.972605
c_1_23_203,9.524419,4.5003
c_1_23_204,8.561393,3.885613
c_1_23_205,9.887829,5.0524735
c_1_23_206,6.4277296,0.23783246
c_1_23_207,8.368132,4.24004
c_1_23_208,6.590614,0.37083802
c_1_23_210,6.69492,2.460094
c_1_23_211,9.479738,3.8145657
c_1_23_212,9.532753,4.2867694
c_1_23_213,9.178842,2.8151774
c_1_23_214,10.4168415,4.221114
c_1_23_215,8.6596365,4.0061903
c_1_23_216,9.69422,3.7278495
c_1_23_217,9.949123,4.1650767
c_1_23_219,10.0335865,3.9671912
c_1_23_220,9.34415,3.869962
c_1_23_222,9.870292,3.9844322
c_1_23_223,5.1203012,-2.1689994
c_1_23_224,1.4210817,-2.806278
c_1_23_225,1.4047717,-3.0882034
c_1_23_226,5.9544954,1.3713846
c_1_23_227,9.440339,4.6949654
c_1_23_228,3.3254042,-2.038697
c_1_23_229,8.914014,3.455953
c_1_23_230,10.27649,4.535377
c_1_23_231,3.7922995,-0.7359497
c_1_23_232,9.867538,3.6347206
c_1_23_233,6.5127525,1.727617
c_1_23_234,9.444827,4.4126744
c_1_23_235,9.638228,3.8453012
c_1_23_238,9.608783,3.9389684
c_1_23_239,9.580196,2.702437
c_1_23_241,9.66322,4.718279
c_1_23_242,9.357882,3.838655
c_1_23_243,7.8363733,2.931897
c_1_23_245,7.6792054,3.2414446
c_1_23_246,1.2188681,-2.2059033
c_1_23_248,10.347644,4.144543
c_1_23_249,4.3484135,0.8805542
c_1_23_250,8.022065,3.222383
c_1_23_251,7.950214,3.6287494
c_1_23_252,9.788271,4.268677
c_1_23_253,10.232688,4.3660946
c_1_23_254,1.9801617,-2.3890646
c_1_23_255,1.2591535,-1.8396051
c_1_23_257,9.138486,2.5399163
c_1_23_259,9.881292,4.3456264
c_1_23_260,9.063223,4.3157215
c_1_23_261,7.847922,4.9758406
c_1_23_262,9.700678,3.808746
c_1_23_263,5.5931253,3.9341288
c_1_23_264,9.466223,3.9288542
c_1_23_265,9.431686,4.543856
c_1_23_266,8.951113,2.726318
c_1_23_267,6.257958,0.32556748
c_1_23_268,10.381708,3.8886425
c_1_23_270,10.009291,4.3394217
c_1_23_271,10.224037,4.3923264
c_1_23_272,8.774195,4.585674
c_1_23_274,10.225991,4.040148
c_1_23_275,1.3844639,-1.8347529
c_1_23_276,1.784941,-2.7139273
c_1_23_277,8.010468,3.4511802
c_1_23_278,9.666333,4.02355
c_1_23_279,1.612076,-2.0491116
c_1_23_280,7.1857033,1.9298894
c_1_23_281,9.429528,3.9601753
c_1_23_282,7.5523586,1.8639323
c_1_23_283,2.4434845,-1.7516012
c_1_23_284,10.08718,3.833239
c_1_23_285,8.961166,4.2532964
c_1_23_286,1.5109048,-2.4254034
c_1_23_288,8.553508,3.735897
c_1_23_289,2.0442348,-2.5812342
c_1_23_290,2.2560875,-2.3004682
c_1_23_293,2.017652,-2.2878082
c_1_23_295,8.801937,4.0674205
c_1_23_296,1.2800642,-2.1782744
c_1_23_298,1.6875277,-2.4016447
c_1_23_299,9.584208,2.87569
c_1_23_301,8.908132,3.6379173
c_1_23_302,9.146824,4.4870234
c_1_23_303,9.882572,4.452167
c_1_23_304,8.096543,4.435748
c_1_23_305,10.321474,4.010127
c_1_23_306,9.368171,3.831216
c_1_23_309,7.9734983,2.2439764
c_1_23_310,8.432218,4.5002437
c_1_23_313,8.512664,4.5904875
c_1_23_314,8.898852,3.6147583
c_1_23_315,10.232305,3.8691025
c_1_23_316,9.76352,5.012597
c_1_23_317,5.368727,0.9724162
c_1_23_318,1.1608582,-3.0336187
c_1_23_319,7.970163,1.9393942
c_1_23_320,1.8932214,-1.969981
c_1_23_321,10.077051,4.353242
c_1_23_322,1.6979519,-2.8340487
c_1_23_323,6.6242957,2.0453234
c_1_23_324,9.239994,2.822877
c_1_23_325,1.0956297,-2.9273984
c_1_23_326,8.711886,2.725128
c_1_23_327,9.133919,3.693585
c_1_23_328,4.3830147,0.5367447
c_1_23_329,6.0209985,3.328292
c_1_23_330,9.943668,4.058345
c_1_23_331,-0.11931268,0.3676058
c_1_23_332,5.0258136,0.1409071
c_1_23_333,2.7760425,-2.8258727
c_1_23_334,8.555568,4.192395
c_1_23_335,9.205967,4.3448076
c_1_23_336,2.4150665,4.485002
c_1_23_337,6.947909,1.5260817
c_1_23_338,10.244408,4.0648494
c_1_23_339,1.4694017,-3.0156944
c_1_23_340,3.9826264,-1.5181166
c_1_23_341,8.774429,4.854738
c_1_23_342,10.113884,3.8146703
c_1_23_343,9.736411,4.039218
c_1_23_345,6.3352585,1.7322382
c_1_23_346,9.990607,4.3714457
c_1_23_347,1.4873327,-2.5481582
c_1_23_349,6.571587,1.4962217
c_1_23_350,9.0765,3.945034
c_1_23_351,6.087614,1.5334971
c_1_23_352,1.3560307,-2.7917316
c_1_23_353,2.2245867,-1.6424618
c_1_23_354,9.775634,4.744552
c_1_23_357,8.743761,4.313194
c_1_23_358,9.546557,5.372245
c_1_23_359,1.8994312,-1.5336459
c_1_23_361,2.6139116,-1.8842541
c_1_23_362,9.870228,4.331287
c_1_23_363,9.078203,4.0193458
c_1_23_365,1.1115001,-2.947916
c_1_23_366,2.1678658,-2.555273
c_1_23_368,-0.1950327,0.31367856
c_1_23_369,2.8371058,-0.0031299982
c_1_23_370,8.425071,4.818927
c_1_23_371,6.5277424,0.10079711
c_1_23_372,3.7977924,4.1951323
c_1_23_374,10.188001,3.8998177
c_1_23_375,1.5372541,-2.3229647
c_1_23_376,2.3599927,-3.1191993
c_1_23_377,8.765695,4.092213
c_1_23_378,6.926609,2.1972826
c_1_23_380,7.243608,2.1113746
c_1_23_381,10.004815,4.2393465
c_1_23_385,8.708847,2.1384742
c_1_23_386,9.446169,4.041417
c_1_23_387,9.876538,4.2029223
c_1_23_388,9.847834,4.129537
c_1_23_390,9.662303,4.0799003
c_1_23_391,8.610269,4.3124766
c_1_23_392,9.650226,3.7918646
c_1_23_393,9.603873,3.7814584
c_1_23_394,8.925954,2.2905726
c_1_23_395,10.317295,4.1899843
c_1_23_396,1.7969949,-0.996754
c_1_23_397,9.8726,3.8201046
c_1_23_398,10.199891,4.143081
c_1_23_399,-0.48882338,0.22692132
c_1_23_400,10.074181,4.3668094
c_1_23_402,9.368702,6.1952667
c_1_23_404,9.772675,4.7104397
c_1_23_405,2.5326579,-3.6016746
c_1_23_406,7.1704006,0.5610735
c_1_23_407,8.201478,0.44531432
c_1_23_408,10.028519,3.818041
c_1_23_409,5.7059603,1.6749555
c_1_23_410,9.108141,4.617477
c_1_23_411,9.961637,3.9028091
c_1_23_412,1.7573471,-2.8137448
c_1_23_413,7.5906053,2.5260816
c_1_23_414,10.503916,4.335949
c_1_23_415,3.097494,-2.47006
c_1_23_416,9.694471,4.391229
c_1_23_417,7.045944,2.4290242
c_1_23_418,6.727053,4.21436
c_1_23_419,10.007098,4.421879
c_1_23_420,2.0246382,-2.823677
c_1_23_421,9.580025,4.2218504
c_1_23_422,10.022834,4.2360706
c_1_23_423,10.187329,4.225093
c_1_23_424,10.241636,4.0188346
c_1_23_425,9.844322,4.0685115
c_1_23_427,8.661286,3.5938067
c_1_23_428,10.102855,3.9317913
c_1_23_429,10.006573,4.194418
c_1_23_430,10.421712,4.075904
c_1_23_431,0.16698971,0.13766013
c_1_23_432,5.3638625,-0.20641784
c_1_23_433,6.646919,2.2090685
c_1_23_434,10.37258,4.3855658
c_1_23_435,5.7104564,4.315195
c_1_23_436,10.086843,3.990425
c_1_23_437,9.263529,2.9793913
c_1_23_438,9.065764,3.0379674
c_1_23_439,10.294331,4.260846
c_1_23_440,9.763727,4.1169457
c_1_23_441,8.267692,2.1145658
c_1_23_442,2.2695649,-0.182063
c_1_23_443,8.18127,2.9739814
c_1_23_444,5.7238803,1.1097245
c_1_23_445,10.109079,4.1625834
c_1_23_446,9.268127,4.1755853
c_1_23_447,9.713114,5.4069195
c_1_23_448,9.887219,3.7485523
c_1_23_449,5.4210873,-0.56495243
c_1_23_450,10.324321,4.216901
c_1_23_451,6.3649,2.370105
c_1_23_452,2.2367647,-2.510944
c_1_23_453,10.242058,4.1583424
c_1_23_454,8.562273,4.4773927
c_1_23_455,9.126722,4.361108
c_1_23_456,9.955159,4.1505547
c_1_23_457,10.156864,3.7687645
c_1_23_458,10.052991,4.3236284
c_1_23_460,7.976753,5.373416
c_1_23_461,4.8842673,-0.002184148
c_1_23_462,5.343064,0.15870842
c_1_23_463,6.2484455,1.1579189
c_1_23_464,6.6343503,3.671602
c_1_23_465,10.207951,4.374787
c_1_23_466,6.9640718,3.8232229
c_1_23_467,9.330278,4.165575
c_1_23_468,6.1419168,-1.0879072
c_1_23_469,7.3919334,0.96662515
c_1_23_470,9.752408,4.2750683
c_1_23_471,6.3320646,2.6411505
c_1_23_472,10.084978,4.4164705
c_1_23_473,10.429492,4.2265577
c_1_23_475,0.37810564,0.21852367
c_1_23_476,6.9977627,2.9802904
c_1_23_477,10.13045,4.6651096
c_1_23_478,5.333998,-0.44433197
c_1_23_479,9.823356,4.320034
c_1_23_480,9.778873,4.3862348
c_1_23_481,5.2215366,2.3984942
c_1_23_483,9.621426,4.1414456
c_1_23_484,8.925769,2.924354
c_1_23_485,7.95476,2.618861
c_1_23_486,2.7044725,-0.7768918
c_1_23_487,2.9175339,-1.5121123
c_1_23_488,7.415347,1.6974951
c_1_23_489,9.51186,2.6928935
c_1_23_490,9.219607,2.6831894
c_1_23_491,8.493999,2.783283
c_1_23_492,4.657123,-2.585777
c_1_23_493,7.906528,2.658438
c_1_23_494,2.2478302,-0.16566049
c_1_23_495,8.337287,1.953473
c_1_23_496,3.6674504,-0.7206807
c_1_23_497,3.2126431,1.0446483
c_1_23_498,7.7278223,2.1665099
c_1_23_499,8.282795,4.1778193
c_1_23_501,8.027158,3.0981607
c_1_23_502,9.064404,2.5510316
c_1_23_503,6.7147827,0.56464607
c_1_23_506,2.7426026,-2.5566952
c_1_23_508,8.936598,2.4921055
c_1_23_509,5.7554607,0.15056053
c_1_23_510,3.5331736,2.4804196
c_1_23_511,1.7730676,-2.6314397
c_1_23_512,6.52687,0.14936861
c_1_23_513,9.2846775,2.7767134
c_1_23_514,6.168047,-0.37319407
c_1_23_515,6.324687,1.1345557
c_1_23_517,5.894843,-0.7653923
c_1_23_518,7.235699,0.02194974
c_1_23_520,9.057504,2.6964417
c_1_23_521,2.094506,-3.9489038
c_1_23_523,6.901994,2.8524184
c_1_23_524,6.2521057,3.0505064
c_1_23_525,8.466504,3.2097957
c_1_23_526,9.557505,2.7021284
c_1_23_527,2.847922,-0.31008038
c_1_23_528,9.463687,0.98790437
c_1_23_529,6.5689797,0.41505513
c_1_23_531,6.645337,-0.18930735
c_1_23_532,7.65332,0.6844307
c_1_23_533,8.888455,1.2327516
c_1_23_534,7.10722,2.7152054
c_1_23_535,4.0851555,-0.21757449
c_1_23_537,7.8573384,2.1350913
c_1_23_539,0.04224139,0.13621753
c_1_23_540,7.7000585,0.62061095
c_1_23_541,8.4799795,2.7266357
c_1_23_543,7.5921106,2.088129
c_1_23_544,6.926198,0.14295031
c_1_23_545,8.493548,0.5444869
c_1_23_546,3.5337155,0.009115387
c_1_23_547,8.118254,-0.22399543
c_1_23_548,2.437972,-2.8341286
c_1_23_549,9.80216,2.786706
c_1_23_550,9.40288,2.693158
c_1_23_551,9.579386,2.7939603
c_1_23_552,7.675929,0.70092094
c_1_23_553,6.2971015,1.592218
c_1_23_554,8.024774,0.664539
c_1_23_555,5.580345,-0.67007726
c_1_23_557,9.006464,0.6922217
c_1_23_558,5.7828336,3.3418558
c_1_23_560,1.8511126,1.7812623
c_1_23_561,5.2169704,-1.3327224
c_1_23_562,6.2743382,2.1151783
c_1_23_563,7.956972,0.4710395
c_1_23_564,6.5490336,2.1736367
c_1_23_565,9.227692,2.9344385
c_1_23_566,9.176428,0.06823203
c_1_23_567,9.072347,2.3327072
c_1_23_568,6.892212,0.51602453
c_1_23_569,5.0554876,-0.71281254
c_1_23_570,0.044145502,0.23113547
c_1_23_571,1.9215177,-0.14236291
c_1_23_572,5.028289,0.10741171
c_1_23_573,7.812799,2.2887247
c_1_23_574,8.51859,2.473206
c_1_23_575,7.011057,2.026247
c_1_23_576,7.538178,-0.084069915
c_1_23_578,9.74654,1.3419927
c_1_23_580,8.8136635,0.32831088
c_1_23_582,5.898098,3.5595407
c_1_23_584,8.047724,2.0424263
c_1_23_585,9.627982,1.5668972
c_1_23_587,5.410555,-0.11852709
c_1_23_588,9.381723,2.9719133
c_1_23_589,6.844412,0.5261748
c_1_23_591,9.547551,1.4785182
c_1_23_592,2.2696223,-0.19226703
c_1_23_593,9.72602,1.2550224
c_1_23_594,6.329849,1.3101225
c_1_23_595,4.495165,-1.649424
c_1_23_596,8.43268,0.5802745
c_1_23_597,8.802108,0.48611298
c_1_23_598,7.979652,-0.35442963
c_1_23_599,9.28354,1.3173358
c_1_23_600,8.886369,0.21949057
c_1_23_601,8.057798,2.7049227
c_1_23_602,4.328444,-1.2170509
c_1_23_603,6.2939854,-0.5024153
c_1_23_605,8.714615,-0.042909563
c_1_23_606,7.04766,0.038420487
c_1_23_607,5.7088623,2.8968632
c_1_23_608,2.6708343,0.98490435
c_1_23_609,8.652075,0.12407061
c_1_23_610,8.728669,0.49914888
c_1_23_611,3.9071963,-1.2520503
c_1_23_612,5.929936,0.25030196
c_1_23_613,7.950678,0.6436616
c_1_23_614,8.476259,0.5191519
c_1_23_615,4.7313223,-3.1140935
c_1_23_616,5.526322,3.6996636
c_1_23_617,8.665464,-0.15140882
c_1_23_618,9.759677,3.97828
c_1_23_619,7.887452,1.6156772
c_1_23_620,9.34565,0.92368704
c_1_23_621,10.214394,3.8498168
c_1_23_622,7.8178678,-0.25121203
c_1_23_623,7.823531,-0.062075973
c_1_23_624,4.2434525,0.30217272
c_1_23_626,9.795052,4.050851
c_1_23_627,9.955573,4.252973
c_1_23_628,10.344356,3.8447096
c_1_23_629,8.183398,-0.118833244
c_1_23_631,7.5463634,3.8014123
c_1_23_632,1.607906,-2.5037112
c_1_23_633,7.940859,0.47801632
c_1_23_634,2.734053,-0.33592987
c_1_23_635,7.9057927,0.020969134
c_1_23_636,7.799312,0.8926911
c_1_23_637,8.395936,0.70956707
c_1_23_638,6.630507,2.8440037
c_1_23_639,5.38583,1.7147288
c_1_23_640,7.497123,1.3543453
c_1_23_641,4.996321,0.12681657
c_1_23_643,9.121652,0.23040257
c_1_23_644,9.758835,4.022842
c_1_23_645,9.741181,0.5299765
c_1_23_646,5.2005067,0.92494744
c_1_23_647,2.4761894,-3.4866772
c_1_23_648,10.126439,3.9646585
c_1_23_649,8.9306755,4.240404
c_1_23_650,9.59468,4.1924796
c_1_23_651,8.786389,2.591348
c_1_23_653,2.3153608,-1.5243247
c_1_23_654,6.342078,1.2019926
c_1_23_657,7.616986,2.23637
c_1_23_658,6.3807874,1.6029525
c_1_23_659,6.457124,2.1020029
c_1_23_660,1.723062,-1.3896024
c_1_23_661,1.6242446,-0.4427356
c_1_23_662,9.907337,0.62567365
c_1_23_663,1.4197463,-2.4469457
c_1_23_664,9.585723,2.8306706
c_1_23_665,0.08266851,0.27672443
c_1_23_666,1.7473925,-1.8722992
c_1_23_668,9.180719,0.23148209
c_1_23_670,9.666166,4.150737
c_1_23_671,8.535779,0.9119793
c_1_23_672,1.7204199,-2.458216
c_1_23_673,9.502016,3.8638742
c_1_23_674,9.244351,0.5540982
c_1_23_675,1.4751195,-2.0532224
c_1_23_676,1.8882693,-1.0149351
c_1_23_678,6.182497,1.351457
c_1_23_679,9.689901,1.3718848
c_1_23_681,8.502763,0.6371904
c_1_23_683,4.8872547,1.6945637
c_1_23_684,10.057716,1.1665388
c_1_23_685,9.439245,2.6669314
c_1_23_687,6.8566813,4.1306257
c_1_23_688,8.912776,0.9149093
c_1_23_689,8.80605,0.23015374
c_1_23_690,9.393888,0.9043558
c_1_23_691,1.7915865,-2.12831
c_1_23_692,10.093549,4.03555
c_1_23_693,1.3987198,-0.46780354
c_1_23_694,6.7642074,2.047563
c_1_23_695,8.447443,2.6271737
c_1_23_696,7.773206,2.7412062
c_1_23_697,9.101812,5.176397
c_1_23_698,8.467447,1.2293185
c_1_23_699,6.6985497,1.8871747
c_1_23_701,7.99576,2.6654384
c_1_23_702,7.956077,4.3168035
c_1_23_703,9.454389,0.642761
c_1_23_704,2.505869,-1.4126103
c_1_23_705,9.616046,1.272494
c_1_23_706,4.054766,-0.8962955
c_1_23_707,8.966266,3.932179
c_1_23_708,2.7753687,-0.8630372
c_1_23_709,9.977996,3.9636655
c_1_23_710,9.357176,0.86334866
c_1_23_711,10.1985,4.4191775
c_1_23_712,9.32873,0.45352563
c_1_23_713,10.192983,3.855478
c_1_23_714,10.213341,4.3917236
c_1_23_715,1.3309269,-1.602599
c_1_23_716,1.3965011,-1.722566
c_1_23_717,9.875569,4.0744824
c_1_23_718,5.471677,0.5602618
c_1_23_719,9.610835,3.6880598
c_1_23_720,8.095798,-0.09443501
c_1_23_721,7.352183,-0.2504285
c_1_23_722,6.858036,1.5778625
c_1_23_723,10.092883,4.5741267
c_1_23_724,9.551515,0.248743
c_1_23_726,6.870233,2.0165439
c_1_23_727,4.7522902,0.28826192
c_1_23_729,10.038252,4.309991
c_1_23_730,7.574701,2.1324086
c_1_23_731,4.423347,-0.16030319
c_1_23_733,9.2044,0.9714963
c_1_23_734,7.312492,2.1425061
c_1_23_735,10.201408,4.111254
c_1_23_736,8.765307,2.6254628
c_1_23_737,5.9188666,0.91163087
c_1_23_738,7.055318,2.133005
c_1_23_739,9.523612,2.7989397
c_1_23_740,3.3526683,-1.1167707
c_1_23_741,3.1949475,-0.89016056
c_1_23_742,8.308284,2.8541777
c_1_23_743,1.835334,-2.770766
c_1_23_744,3.663363,-0.46853212
c_1_23_745,1.7137834,-1.193612
c_1_23_746,6.973813,2.057181
c_1_23_747,9.2781925,0.82309884
c_1_23_748,9.733831,4.1309705
c_1_23_749,10.384847,4.0166626
c_1_23_752,6.291094,0.45099074
c_1_23_753,1.114996,-2.628496
c_1_23_754,5.9798603,1.6890205
c_1_23_755,10.185707,4.5831413
c_1_23_756,5.192429,-2.9644992
c_1_23_757,8.757077,4.7018228
c_1_23_758,8.736073,0.3288887
c_1_23_759,8.433813,0.7216363
c_1_23_760,3.6932569,0.027245628
c_1_23_761,8.024801,-0.040437337
c_1_23_762,4.5049963,2.2490861
c_1_23_763,7.5608163,2.5003977
c_1_23_764,8.357439,0.4065899
c_1_23_765,9.94341,3.8209753
c_1_23_766,5.326297,-0.0014639673
c_1_23_767,10.259196,4.3707895
c_1_23_769,1.5275261,-1.9563907
c_1_23_770,1.3235056,-2.7277346
c_1_23_771,10.174789,4.10728
c_1_23_773,9.469691,1.4223863
c_1_23_774,7.9328294,3.295842
c_1_23_775,5.7221403,-0.2828527
c_1_23_776,9.550457,2.760638
c_1_23_777,8.330884,0.08550019
c_1_23_778,9.823835,4.2585983
c_1_23_780,8.320653,0.24900264
c_1_23_781,1.7587112,0.7387339
c_1_23_782,7.0049863,1.8592284
c_1_23_784,9.370466,0.17139664
c_1_23_785,6.3767138,0.8809712
c_1_23_787,9.190547,0.9944539
c_1_23_788,8.758787,4.1260476
c_1_23_789,1.4276567,-1.516035
c_1_23_790,8.341769,0.5467493
c_1_23_792,9.694845,4.5165443
c_1_23_794,9.371972,1.5863651
c_1_23_795,4.626064,1.4865456
c_1_23_796,9.957513,3.9868717
c_1_23_797,9.783987,4.007523
c_1_23_798,9.502196,4.243133
c_1_23_799,7.689057,2.8430343
c_1_23_800,9.36015,3.9416473
c_1_23_801,2.365211,-1.0192049
c_1_23_803,7.229639,0.3273908
c_1_23_805,9.714225,1.3799553
c_1_23_806,3.374683,-0.6819028
c_1_23_807,7.1888423,-0.018717807
c_1_23_808,9.475641,0.9355059
c_1_23_809,9.598366,0.85585654
c_1_23_810,2.9042156,-0.76217055
c_1_23_811,7.948419,3.4670272
c_1_23_812,7.1100893,2.0541618
c_1_23_813,5.0128045,0.082196645
c_1_23_814,8.665811,2.6718762
c_1_23_815,1.247898,-2.637065
c_1_23_816,9.371899,2.697238
c_1_23_817,2.3365824,-0.26926422
c_1_23_818,10.052424,4.0274568
c_1_23_821,8.6629,1.8481345
c_1_23_823,8.940966,4.541851
c_1_23_824,3.2508688,-0.96470845
c_1_23_825,8.132056,0.53167814
c_1_23_826,2.6473718,-1.1188656
c_1_23_827,3.3209372,1.8291494
c_1_23_828,7.1936655,0.5266156
c_1_24_1,2.414417,-2.6850069
c_1_24_3,1.1919867,-3.1925154
c_1_24_4,7.5111504,3.3532357
c_1_24_5,5.451292,3.4371622
c_1_24_6,6.8015995,1.7972698
c_1_24_7,1.7381755,-1.6970459
c_1_24_8,6.2070513,3.9965649
c_1_24_9,5.7346506,2.4648554
c_1_24_10,0.9854671,-0.23688184
c_1_24_11,6.65063,0.79310834
c_1_24_12,5.5323033,1.128613
c_1_24_13,6.8958883,3.4757829
c_1_24_14,6.9415016,4.1477036
c_1_24_15,1.7272892,-2.4187274
c_1_24_16,5.6338177,1.400243
c_1_24_17,1.4050163,-2.9933152
c_1_24_18,8.511254,3.5156603
c_1_24_19,3.7416713,0.7601916
c_1_24_20,1.3818693,-3.0025992
c_1_24_21,8.154035,4.5560436
c_1_24_22,5.1519194,-1.6851628
c_1_24_23,1.4060069,-2.9810286
c_1_24_24,1.6800303,-2.5797036
c_1_24_25,3.9464,-0.3518132
c_1_24_26,3.616154,-0.37188783
c_1_24_27,6.407519,-0.9837327
c_1_24_28,9.600548,6.4904294
c_1_24_29,8.317171,2.8046188
c_1_24_30,3.8397067,-1.8930376
c_1_24_31,8.37181,4.8386617
c_1_24_32,1.3610642,-2.8907456
c_1_24_33,7.2956233,2.7652504
c_1_24_34,4.2076106,1.4324018
c_1_24_36,9.129099,2.879774
c_1_24_37,3.8467975,-0.5774584
c_1_24_38,8.645248,4.9630723
c_1_24_39,7.1292167,3.2422893
c_1_24_40,7.7047434,1.5678228
c_1_24_41,7.441827,1.0778154
c_1_24_42,5.607808,2.1579804
c_1_24_43,1.6165926,-0.5917191
c_1_24_44,6.0355306,-0.6419117
c_1_24_45,6.711568,0.62802726
c_1_24_47,3.4210439,-2.2070417
c_1_24_48,9.267484,2.6037092
c_1_24_49,7.2715664,3.7352798
c_1_24_50,5.4610515,0.26342395
c_1_24_51,7.0991435,2.4548886
c_1_24_52,6.5979266,3.4005766
c_1_24_53,6.982494,3.150766
c_1_24_54,6.426204,1.6177033
c_1_24_56,4.938145,0.5930491
c_1_24_57,6.6985936,1.8141721
c_1_24_58,9.437729,5.9535384
c_1_24_59,1.2881247,-2.7684116
c_1_24_60,6.450345,-0.33966053
c_1_24_62,8.281609,1.9882723
c_1_24_64,9.06266,5.2836432
c_1_24_65,6.9038744,0.17740071
c_1_24_66,8.428508,3.0397742
c_1_24_67,9.548295,2.6372983
c_1_24_68,8.661097,5.354376
c_1_24_69,1.4035728,-0.047230944
c_1_24_70,7.463944,2.9962406
c_1_24_71,6.3145175,3.5794337
c_1_24_72,7.5125566,4.015677
c_1_24_73,6.596384,2.310267
c_1_24_75,8.298527,5.3839345
c_1_24_76,9.763225,2.7620454
c_1_24_77,9.61732,6.3423734
c_1_24_78,6.205062,2.2563114
c_1_24_79,4.933864,2.7981205
c_1_24_80,8.57371,3.2908065
c_1_24_81,7.5750403,5.6211185
c_1_24_82,1.578187,-2.5666301
c_1_24_83,7.100187,2.9714615
c_1_24_84,8.205782,4.842793
c_1_24_85,6.0907793,3.019715
c_1_24_87,5.408543,-0.15100609
c_1_24_89,7.036741,4.179953
c_1_24_93,9.797966,6.2729383
c_1_24_94,8.570246,2.9254293
c_1_24_96,8.2781315,3.7377596
c_1_24_97,8.452331,4.486645
c_1_24_103,9.060262,6.2658563
c_1_24_104,7.077672,5.906649
c_1_24_105,7.8523064,5.837631
c_1_24_106,9.730816,6.474396
c_1_24_109,8.822601,4.6216965
c_1_24_111,8.566607,6.059549
c_1_24_112,9.748701,6.6214848
c_1_24_113,9.056419,6.3518395
c_1_24_114,8.8646345,5.088714
c_1_24_115,9.424535,5.95786
c_1_24_116,7.8010864,5.698992
c_1_24_119,6.687852,0.10813202
c_1_24_121,7.4421225,5.0477943
c_1_24_122,2.1824934,-1.0681216
c_1_24_123,8.909437,4.9760303
c_1_24_124,9.161332,5.8396373
c_1_24_125,3.405423,-1.8260655
c_1_24_126,5.587811,2.0149794
c_1_24_127,7.556907,4.9202304
c_1_24_128,1.7020224,0.14326982
c_1_24_129,4.634563,-2.124561
c_1_24_131,6.7064023,1.6281726
c_1_24_133,7.8933873,5.002752
c_1_24_135,5.9938674,1.7405434
c_1_24_137,8.480045,2.991502
c_1_24_138,2.4112406,-1.4279114
c_1_24_139,8.801955,6.2026663
c_1_24_140,9.520913,6.2908125
c_1_24_141,8.547478,6.3446116
c_1_24_142,8.462624,6.1942377
c_1_24_143,5.6480746,0.15266459
c_1_24_144,9.056512,6.1849394
c_1_24_147,6.404602,0.9354161
c_1_24_148,5.8397455,2.3127606
c_1_24_149,7.3500385,4.879534
c_1_24_150,9.371052,6.673749
c_1_24_151,4.825938,-2.389577
c_1_24_152,3.760553,3.2244837
c_1_24_153,2.9613476,-1.6753926
c_1_24_155,9.060184,2.952613
c_1_24_156,6.911371,0.6145475
c_1_24_157,4.394532,-1.296697
c_1_24_158,7.618798,3.1340933
c_1_24_159,8.695315,5.6815977
c_1_24_161,8.522671,4.8802805
c_1_24_163,8.537888,6.5608296
c_1_24_165,8.256584,5.930685
c_1_24_168,7.1900434,3.6016474
c_1_24_169,2.7535646,-2.804694
c_1_24_170,9.056589,6.22865
c_1_24_171,6.814767,2.5706296
c_1_24_172,8.954212,5.694543
c_1_24_173,6.89517,3.1132355
c_1_24_175,7.766013,5.375763
c_1_24_176,9.084818,6.0000887
c_1_24_177,8.126436,3.7322905
c_1_24_179,7.834744,3.9288583
c_1_24_180,7.5715947,3.966173
c_1_24_181,7.6820283,3.6818318
c_1_24_182,6.434709,1.6566215
c_1_24_183,6.0166254,-1.3631123
c_1_24_184,9.204773,6.0715733
c_1_24_185,8.349472,3.941441
c_1_24_186,8.636935,2.8405614
c_1_24_188,7.9133334,5.784882
c_1_24_191,8.19584,6.2651305
c_1_24_192,8.001456,5.230144
c_1_24_193,8.333317,5.21678
c_1_24_194,6.6349654,2.72619
c_1_24_195,8.899765,5.925175
c_1_24_196,7.0807853,2.2364933
c_1_24_197,1.2623516,-3.13287
c_1_24_200,7.5450444,0.7412679
c_1_24_201,7.9716434,5.1836934
c_1_24_202,7.307856,3.0658798
c_1_24_203,7.2569547,3.7415397
c_1_24_204,9.005412,2.6986728
c_1_24_205,1.1616205,-3.0622315
c_1_24_206,8.047427,5.833669
c_1_24_209,5.8584924,1.1529995
c_1_24_210,7.580458,4.594153
c_1_24_211,8.587369,5.3853173
c_1_24_212,6.7804985,5.4516416
c_1_24_213,8.836566,3.5786095
c_1_24_214,7.655513,5.3435717
c_1_24_216,7.49981,2.1487
c_1_24_217,5.3433123,2.8841872
c_1_24_218,7.2249026,4.1991167
c_1_24_219,9.73428,2.7492282
c_1_24_222,6.341312,2.95332
c_1_24_223,2.194404,-2.2798202
c_1_24_224,7.6411486,4.383799
c_1_24_225,7.536962,5.6279054
c_1_24_226,6.393,0.46993658
c_1_24_227,7.812817,2.972927
c_1_24_228,8.0539055,5.9269757
c_1_24_229,3.9702952,-1.9850966
c_1_24_230,7.7250195,3.0428777
c_1_24_231,7.5999894,2.5502517
c_1_24_232,8.433926,6.191208
c_1_24_234,7.863477,5.166256
c_1_24_235,2.5036943,0.81961215
c_1_24_236,8.130606,6.1794744
c_1_24_237,9.12995,5.8746996
c_1_24_239,2.4560037,-1.5958215
c_1_24_240,7.9137044,3.5917718
c_1_24_242,3.6631289,-1.9540724
c_1_24_243,8.449555,6.195185
c_1_24_245,8.520201,5.6526475
c_1_24_246,7.0320916,5.199069
c_1_24_247,4.7698007,-1.2406279
c_1_24_249,9.330815,6.2676697
c_1_24_250,7.96904,3.1011329
c_1_24_251,8.7575245,5.8665667
c_1_24_252,7.303265,4.425879
c_1_24_253,6.127615,3.2983115
c_1_24_254,3.6213071,-0.72658366
c_1_24_256,6.7359724,4.085522
c_1_24_257,8.604612,5.1427054
c_1_24_258,9.535255,6.324033
c_1_24_259,2.2157583,-1.7331734
c_1_24_261,1.2187837,0.17181449
c_1_24_262,7.5354967,4.799366
c_1_24_263,5.69569,-0.11338221
c_1_24_264,7.8860793,3.0130599
c_1_24_265,6.7918115,2.4154806
c_1_24_266,6.9899573,3.5255477
c_1_24_267,9.419842,6.1613874
c_1_24_268,8.327693,3.6969495
c_1_24_269,6.6659827,5.388412
c_1_24_272,8.723942,5.5545583
c_1_24_273,9.123291,2.782673
c_1_24_274,7.6781116,5.4056897
c_1_24_276,0.8469514,0.41213825
c_1_24_280,8.933741,6.3864093
c_1_24_281,9.35959,5.9986987
c_1_24_282,8.820632,5.407765
c_1_24_283,6.9738894,3.1017504
c_1_24_284,5.245404,1.3523659
c_1_24_285,7.761824,6.207646
c_1_24_286,7.359771,5.6520042
c_1_24_287,4.7622,0.61109036
c_1_24_288,4.6599817,0.11412762
c_1_24_290,5.762496,2.179809
c_1_24_291,8.550872,6.4350724
c_1_24_292,6.1003947,0.23037788
c_1_24_293,7.0753007,4.360194
c_1_24_295,9.539182,6.414237
c_1_24_297,7.9619775,3.4838767
c_1_24_298,7.367225,4.296991
c_1_24_299,9.108746,5.5973206
c_1_24_301,8.613002,5.5161805
c_1_24_302,6.474691,4.777476
c_1_24_303,8.40558,6.0807133
c_1_24_304,7.29984,2.442517
c_1_24_305,6.8963933,1.2548051
c_1_24_306,9.286186,6.150058
c_1_24_307,7.3563857,4.310681
c_1_24_308,8.437209,5.542405
c_1_24_309,7.7508874,1.9566154
c_1_24_314,6.3303356,2.1976018
c_1_24_315,5.922733,2.416639
c_1_24_317,8.318567,5.6272864
c_1_24_318,8.959637,5.569442
c_1_24_319,7.318554,2.6750288
c_1_24_320,6.6750565,2.9978235
c_1_24_321,7.575686,5.694106
c_1_24_322,6.110711,2.6515634
c_1_24_323,7.3042994,4.011643
c_1_24_324,7.525638,5.236279
c_1_24_325,9.06678,2.9800415
c_1_24_326,8.615153,5.352364
c_1_24_327,1.6490927,0.44297725
c_1_24_328,8.861372,5.512365
c_1_24_329,9.599171,6.2167373
c_1_24_330,9.579879,6.2694063
c_1_24_331,9.1917715,5.084251
c_1_24_332,9.087865,5.94228
c_1_24_333,8.272909,3.8219738
c_1_24_335,9.308078,6.605775
c_1_24_336,7.892101,5.9923286
c_1_24_338,6.458822,3.986714
c_1_24_339,9.501183,6.2374406
c_1_24_341,2.3969707,-1.1641465
c_1_24_342,7.274077,5.226749
c_1_24_343,8.188936,5.039299
c_1_24_346,9.089076,5.9284806
c_1_24_348,8.284348,2.583437
c_1_24_351,6.614195,4.1856227
c_1_24_352,6.806239,5.4124694
c_1_24_353,7.4655128,5.8126287
c_1_24_354,2.0563173,-1.0027757
c_1_24_355,9.351078,2.6626832
c_1_24_356,9.145624,5.8264203
c_1_24_358,8.749874,6.1555185
c_1_24_359,9.334685,6.2560205
c_1_24_362,7.2877603,4.521513
c_1_24_363,9.60457,6.6567
c_1_24_364,8.301082,4.8323064
c_1_24_365,9.181497,5.6690583
c_1_24_366,6.8496404,5.462223
c_1_24_367,4.5233846,0.56714046
c_1_24_368,9.825443,3.9728544
c_1_24_369,7.156569,4.1299453
c_1_24_370,7.925636,5.0425377
c_1_24_371,7.9509435,4.4971137
c_1_24_372,8.634973,5.356361
c_1_24_373,8.340517,3.8819761
c_1_24_374,6.8061285,4.069134
c_1_24_375,8.163477,4.2365336
c_1_24_376,6.7965245,2.48459
c_1_24_377,7.3425593,4.3294454
c_1_24_378,7.5998387,4.2245173
c_1_24_379,8.961012,6.303094
c_1_24_380,8.099744,4.131844
c_1_24_381,6.7865934,5.466365
c_1_24_382,8.446755,4.2156215
c_1_24_383,7.660892,3.5629203
c_1_24_385,6.482562,3.781408
c_1_24_386,7.7204247,2.9074607
c_1_24_387,8.821168,5.9608808
c_1_24_388,7.9784656,4.0127354
c_1_24_389,6.4511623,5.126137
c_1_24_390,7.965026,6.02044
c_1_24_392,8.617746,6.0725074
c_1_24_393,8.392799,2.853107
c_1_24_394,7.909186,4.2177362
c_1_24_395,8.223711,3.8219516
c_1_24_396,7.3097506,4.4945354
c_1_24_397,8.874212,5.5610313
c_1_24_398,9.480843,6.659249
c_1_24_399,7.701609,5.576371
c_1_24_400,8.320845,5.3348317
c_1_24_401,8.107646,4.4475756
c_1_24_402,6.599532,5.4299917
c_1_24_403,8.274188,5.3618107
c_1_24_404,9.75461,6.747353
c_1_24_405,9.808533,6.5342617
c_1_24_406,7.2782097,3.4496508
c_1_24_407,8.310792,4.5882554
c_1_24_408,9.196487,5.9055867
c_1_24_409,7.196992,5.085257
c_1_24_410,8.624386,5.867184
c_1_24_411,7.09843,4.413184
c_1_24_412,7.711546,5.048607
c_1_24_413,7.303459,5.0975146
c_1_24_414,9.208799,6.295947
c_1_24_415,8.6964445,6.416099
c_1_24_416,7.4586296,5.0294294
c_1_24_417,8.578946,5.7656603
c_1_24_418,6.6403985,4.704712
c_1_24_420,9.412575,5.400673
c_1_24_421,7.131182,3.0361426
c_1_24_422,8.903573,5.729868
c_1_24_424,6.4843698,2.2810438
c_1_24_425,8.844427,5.317792
c_1_24_426,6.80771,0.0643951
c_1_24_429,6.3452187,4.317717
c_1_24_430,9.332042,6.532851
c_1_24_431,9.345093,6.3035984
c_1_24_432,8.169748,5.9568863
c_1_24_433,2.713529,-0.93292606
c_1_24_434,7.4028525,3.9295402
c_1_24_435,6.772944,4.0158477
c_1_24_436,8.537866,5.268616
c_1_24_437,9.676662,6.5493145
c_1_24_438,7.707834,2.6761112
c_1_24_440,6.8359427,1.2860401
c_1_24_441,6.643016,2.7869718
c_1_24_442,9.432305,6.4975033
c_1_24_443,8.394956,3.7188566
c_1_24_445,8.2612095,5.303621
c_1_24_446,8.399134,6.360911
c_1_24_447,9.41974,6.0751624
c_1_24_448,8.575987,6.34736
c_1_24_449,8.232569,4.749082
c_1_24_450,8.455987,5.1757183
c_1_24_451,7.916741,5.800491
c_1_24_453,7.5855517,5.400183
c_1_24_454,9.596279,6.5149355
c_1_24_455,9.291374,6.19834
c_1_24_456,7.730142,4.7079315
c_1_24_457,7.791282,5.4776955
c_1_24_458,6.782705,5.134204
c_1_24_459,9.39432,6.379863
c_1_24_460,8.057189,5.827831
c_1_24_461,8.742667,4.9657974
c_1_24_462,7.6111627,3.9758825
c_1_24_463,6.6693206,3.0424392
c_1_24_464,7.5892572,5.833794
c_1_24_465,8.435958,6.0615225
c_1_24_466,9.760288,5.656821
c_1_24_467,7.3931074,2.9665494
c_1_24_468,8.461884,5.787374
c_1_24_470,7.1794515,5.2506304
c_1_24_471,8.627444,2.8595383
c_1_24_472,7.699745,1.6801728
c_1_24_473,7.9315815,5.16147
c_1_24_475,8.420344,6.077206
c_1_24_476,7.517708,5.049064
c_1_24_477,8.691827,1.7892872
c_1_24_478,7.505845,6.1350574
c_1_24_480,8.298923,4.036297
c_1_24_481,8.874441,6.1062837
c_1_24_483,7.6343746,4.529531
c_1_24_484,9.737067,6.468841
c_1_24_485,6.7300353,2.7090154
c_1_24_486,9.31835,6.5704885
c_1_24_487,8.632984,5.611165
c_1_24_488,6.6706715,4.833926
c_1_24_489,7.963134,0.32834333
c_1_24_490,7.151906,2.7689471
c_1_24_491,7.553323,4.996275
c_1_24_494,4.9544077,-0.21854578
c_1_24_496,8.105743,5.594894
c_1_24_498,7.552602,4.7430997
c_1_24_499,8.036032,6.1034546
c_1_24_500,8.017348,4.8551683
c_1_24_501,7.328907,4.502779
c_1_24_503,7.2505226,4.6665754
c_1_24_504,9.248272,2.6410513
c_1_24_507,8.669282,2.7020006
c_1_24_508,7.181502,1.3315887
c_1_24_509,9.133976,6.1534104
c_1_24_510,6.4823213,1.0603827
c_1_24_511,7.3078146,5.5623474
c_1_24_513,8.20334,4.982742
c_1_24_514,6.990007,5.708998
c_1_24_515,6.610181,5.4066067
c_1_24_516,6.6093273,5.0117984
c_1_24_519,9.116392,5.984578
c_1_24_520,6.730382,4.6126304
c_1_24_521,7.6120715,5.432095
c_1_24_523,7.2280693,5.6135283
c_1_24_524,7.068228,3.815534
c_1_24_525,6.8733454,5.1683087
c_1_24_526,7.353779,3.5620325
c_1_24_527,6.9770737,5.3086615
c_1_24_529,9.848305,4.889438
c_1_24_530,7.942691,4.752959
c_1_24_531,9.308972,5.581622
c_1_24_532,7.158747,3.4045033
c_1_24_533,8.703831,5.643999
c_1_24_534,8.635378,3.1373239
c_1_24_535,7.3580885,4.136884
c_1_24_536,6.908167,4.5580525
c_1_24_538,8.877394,5.0517483
c_1_24_539,6.7422395,5.42622
c_1_24_540,6.21191,3.0155313
c_1_24_542,7.6859775,5.7680955
c_1_24_543,9.387061,6.359432
c_1_24_546,7.533983,2.7325423
c_1_24_547,9.083726,5.6556864
c_1_24_548,9.339493,6.214891
c_1_24_549,7.583427,5.7554626
c_1_24_550,9.1840925,6.091224
c_1_24_551,6.3047657,1.9864924
c_1_24_552,7.1464715,5.264667
c_1_24_553,8.211696,4.5635195
c_1_24_554,8.891096,4.6363735
c_1_24_555,9.565186,6.5719
c_1_24_556,7.998368,6.214354
c_1_24_557,6.471056,3.9163387
c_1_24_558,8.933168,5.7476573
c_1_24_559,6.4970226,0.62593454
c_1_24_560,8.433925,5.801053
c_1_24_561,6.9592414,5.6071444
c_1_24_562,8.193683,5.328489
c_1_24_563,6.7074075,5.0354757
c_1_24_565,6.923675,5.436954
c_1_24_566,7.104144,2.9676921
c_1_24_567,9.022793,4.8960567
c_1_24_568,6.5419474,2.167295
c_1_24_571,8.1525955,5.971935
c_1_24_572,8.590377,3.2370427
c_1_24_573,8.553838,4.7720137
c_1_24_574,8.327524,5.2682085
c_1_24_576,9.891931,3.921125
c_1_24_577,9.243649,5.432133
c_1_24_581,9.145626,6.1182556
c_1_24_582,8.208267,5.7721634
c_1_24_583,8.663173,4.8657365
c_1_24_584,7.9823246,4.240505
c_1_24_585,2.7950685,-0.52831376
c_1_24_586,7.4997373,5.649105
c_1_24_587,7.2557087,3.0838678
c_1_24_588,7.994728,3.5122828
c_1_24_589,8.187549,3.0678957
c_1_24_590,4.9391913,1.195943
c_1_24_591,8.965276,5.9531555
c_1_24_592,9.580861,6.248296
c_1_24_593,6.2788124,4.3982553
c_1_24_594,9.191647,6.644172
c_1_24_596,7.5207734,4.998156
c_1_24_597,9.653789,6.369839
c_1_24_598,7.390566,4.4056416
c_1_24_600,7.3592095,3.45639
c_1_24_601,9.388196,6.679544
c_1_24_602,6.6483073,5.0895104
c_1_24_603,8.21,4.329896
c_1_24_604,8.99178,6.0408573
c_1_24_605,8.371412,5.11898
c_1_24_606,9.065425,6.5222106
c_1_24_607,7.747717,4.451394
c_1_24_608,9.696239,6.6415334
c_1_24_609,9.319028,5.976101
c_1_24_610,6.957021,5.6089654
c_1_24_611,9.160728,5.857518
c_1_24_612,8.623414,5.00247
c_1_24_613,8.014028,5.77558
c_1_24_614,8.92574,5.5429673
c_1_24_615,7.8268065,4.262305
c_1_24_616,8.042633,5.907279
c_1_24_617,7.880193,5.378531
c_1_24_618,6.781746,3.755769
c_1_24_619,7.8064504,3.315671
c_1_24_620,7.9442186,3.7699835
c_1_24_621,8.340225,4.8639593
c_1_24_622,9.04799,5.8758864
c_1_24_623,9.370447,6.3386836
c_1_24_624,6.463767,5.0321574
c_1_24_625,9.339255,6.5358963
c_1_24_626,9.678039,5.9594975
c_1_24_627,8.510105,5.219925
c_1_24_628,6.4064293,0.9883684
c_1_24_629,9.537785,6.8532486
c_1_24_630,8.8059225,6.2957864
c_1_24_632,9.080195,5.6968637
c_1_24_633,9.129091,5.578095
c_1_24_634,5.7423778,1.3671134
c_1_24_636,7.5240493,3.5714161
c_1_24_637,9.435437,2.5762908
c_1_24_638,7.8820195,6.1856313
c_1_24_639,8.834303,5.0937457
c_1_24_640,7.1828475,5.0383735
c_1_24_641,8.489418,3.3051772
c_1_24_642,8.972196,5.303734
c_1_24_643,6.8107824,5.128896
c_1_24_645,8.262415,5.1580234
c_1_24_647,9.390002,6.4894476
c_1_24_648,9.581861,6.3083153
c_1_24_650,6.8642197,5.1653647
c_1_24_652,7.457075,4.171572
c_1_24_653,6.4749207,-0.14952067
c_1_24_654,9.424734,6.1551547
c_1_24_655,7.2527537,5.4697776
c_1_24_656,7.6259336,2.3210936
c_1_24_657,7.387133,5.8406878
c_1_24_658,9.727276,6.5043797
c_1_24_660,7.5536523,3.842683
c_1_24_661,8.133399,6.0499644
c_1_24_662,9.199057,6.3119016
c_1_24_664,8.748817,6.02888
c_1_24_665,5.8149476,3.3273616
c_1_24_667,7.5790157,4.9290338
c_1_24_669,9.681278,6.742869
c_1_24_670,6.228345,3.5429418
c_1_24_671,7.2270474,5.8688593
c_1_24_672,7.876188,2.7916071
c_1_24_673,9.570854,6.7028174
c_1_24_674,8.907332,2.9794369
c_1_24_676,9.602574,6.6663218
c_1_24_677,9.293949,2.590531
c_1_24_678,7.7696238,5.811478
c_1_24_679,9.087433,6.5552397
c_1_24_680,6.612821,3.3681192
c_1_24_682,7.093189,3.3318744
c_1_24_683,9.599281,6.6657567
c_1_24_684,8.684769,3.0133579
c_1_24_685,9.627177,6.403302
c_1_24_686,6.5626097,3.9288366
c_1_24_687,7.4935074,5.513421
c_1_24_688,8.4492655,6.3756576
c_1_24_689,9.5308485,6.8379245
c_1_24_693,8.156459,5.7708707
c_1_24_694,8.194027,5.9910235
c_1_24_695,7.295609,5.3647532
c_1_24_696,5.6514516,1.2771544
c_1_24_697,9.199824,5.7783127
c_1_24_699,7.257392,5.683165
c_1_24_701,8.96911,5.5419164
c_1_24_702,9.488722,6.5744524
c_1_24_703,8.921118,6.2554774
c_1_24_704,9.130847,6.4209633
c_1_24_705,8.754883,4.22886
c_1_24_706,9.473386,6.2938175
c_1_24_707,8.624759,4.859003
c_1_24_709,7.463632,1.8761292
c_1_24_710,9.40807,6.3102946
c_1_24_711,8.886397,5.0761814
c_1_24_713,9.4365425,6.393374
c_1_24_714,6.9624577,1.9537971
c_1_24_715,9.295635,2.7446208
c_1_24_716,8.912704,4.8011518
c_1_24_717,4.522092,-2.7951238
c_1_24_718,7.0587378,4.7865033
c_1_24_719,8.505011,3.1769896
c_1_24_722,5.826086,3.7370095
c_1_24_723,9.750428,6.6115355
c_1_24_724,9.045101,5.625223
c_1_24_726,9.518464,5.8156867
c_1_24_727,8.059229,4.714979
c_1_24_728,8.469644,4.6302714
c_1_24_729,9.505847,5.9271145
c_1_24_732,7.2716913,3.8370457
c_1_24_733,7.8726487,3.7358284
c_1_24_734,9.765549,6.3776135
c_1_24_735,6.7090154,5.400799
c_1_24_736,9.3705,2.8858204
c_1_24_737,6.900001,5.5897317
c_1_24_738,2.8658419,-0.690081
c_1_24_739,4.801842,2.1258862
c_1_24_741,6.0520744,1.0144049
c_1_24_742,6.9159346,1.6684542
c_1_24_743,7.8056273,4.9059715
c_1_24_744,9.809523,6.426869
c_1_24_745,6.955077,0.8234007
c_1_24_747,7.777455,4.2948184
c_1_24_748,9.535661,6.7918305
c_1_24_749,7.7767544,4.1635847
c_1_24_752,8.293463,5.7369356
c_1_24_753,9.434963,6.417851
c_1_24_754,7.538154,4.532358
c_1_24_755,8.832372,4.667854
c_1_24_756,6.9875846,5.5939474
c_1_24_757,8.409913,4.367842
c_1_24_758,8.704935,6.35535
c_1_24_759,9.744479,6.7454205
c_1_24_760,7.315788,5.4752655
c_1_24_761,7.0645876,5.3969464
c_1_24_762,9.115564,6.1246734
c_1_24_763,9.639476,6.2058268
c_1_24_764,6.8407865,-1.5257334
c_1_24_765,7.6957464,5.591529
c_1_24_766,9.584591,6.1783504
c_1_24_767,8.500319,5.811955
c_1_24_768,8.244554,5.539553
c_1_24_769,7.7338305,3.5855951
c_1_24_770,8.015559,4.503539
c_1_24_775,9.565846,6.605756
c_1_24_776,8.450458,3.7957895
c_1_24_777,4.9824834,-0.5910929
c_1_24_778,8.232222,3.952821
c_1_24_779,9.253271,6.6013455
c_1_24_780,6.827664,5.655959
c_1_24_781,9.359843,6.392699
c_1_24_783,6.7377706,4.8107796
c_1_24_784,7.804756,3.8709943
c_1_24_786,7.128496,4.1237283
c_1_24_787,6.567835,2.0608764
c_1_24_788,8.578219,4.507383
c_1_24_789,9.711818,6.6455064
c_1_24_790,8.958873,6.1553745
c_1_24_791,8.491572,5.085192
c_1_24_792,8.885962,4.9960656
c_1_24_793,9.722998,5.6653533
c_1_24_795,9.006087,5.653833
c_1_24_796,6.5498896,1.3417386
c_1_24_797,8.787114,4.8504233
c_1_24_798,8.098369,4.739487
c_1_24_799,6.8659644,3.4925802
c_1_24_800,5.932112,1.8029363
c_1_24_802,9.251086,6.056793
c_1_24_803,7.5029035,5.974522
c_1_24_805,6.547167,5.232291
c_1_24_806,6.745756,5.565985
c_1_24_807,9.313215,2.7105153
c_1_24_808,8.833335,6.32732
c_1_24_809,8.290667,4.663458
c_1_24_810,8.400672,5.4878182
c_1_24_813,8.686994,5.4913626
c_1_24_814,7.0231185,4.8085217
c_1_24_815,2.070453,0.5947381
c_1_24_816,8.479432,5.3317494
c_1_24_817,9.741934,6.816717
c_1_24_820,9.02778,6.059106
c_1_24_821,8.754608,4.7631764
c_1_24_822,9.569707,6.1089206
c_1_24_823,8.856426,6.4650383
c_1_24_825,8.98574,5.0641046
c_1_24_826,7.9816875,6.0644636
c_1_24_827,8.434595,2.9274206
c_1_24_828,7.8613,5.5416465
c_1_24_829,7.6015687,4.6533737
c_1_24_830,7.6104093,2.7332766
c_1_24_833,9.043692,5.801376
c_1_24_834,8.619575,4.7121267
c_1_24_835,7.342758,1.8897759
c_1_24_836,8.116264,5.537763
c_1_24_837,7.344946,1.4465692
c_1_24_838,7.031439,1.6585767
c_1_24_839,7.30864,3.549537
c_1_24_840,8.966938,6.6049576
c_1_24_841,8.018368,5.0408306
c_1_24_842,9.431164,6.0887175
c_1_24_844,9.213885,6.2984443
c_1_24_845,8.683671,5.6194425
c_1_24_847,7.017056,4.8192806
c_1_24_849,8.042026,4.0425863
c_1_24_850,7.309619,2.4267664
c_1_24_851,9.528123,5.5598497
c_1_24_852,7.348687,2.182752
c_1_24_854,9.524657,6.388031
c_1_24_855,6.6126885,0.5539855
c_1_24_857,9.22683,6.3868303
c_1_24_858,7.3939767,4.7294407
c_1_24_859,7.1803603,1.5304211
c_1_24_860,5.676464,2.594944
c_1_24_861,6.980263,4.593421
c_1_24_862,7.50798,5.9277873
c_1_24_863,8.206677,4.7070394
c_1_24_864,8.750082,6.1713104
c_1_24_865,9.768561,6.882224
c_1_24_866,9.54705,6.6709046
c_1_24_867,7.0053725,5.83376
c_1_24_868,9.3033905,6.5085926
c_1_24_869,9.454839,6.7705636
c_1_24_870,9.435678,6.302044
c_1_24_871,8.25535,5.8173423
c_1_24_872,10.175937,4.6356306
c_1_24_873,8.88083,5.4600015
c_1_24_874,6.218228,0.035057947
c_1_24_875,7.3210645,5.3190866
c_1_24_876,7.4224386,3.9246955
c_1_24_878,6.5821786,2.08519
c_1_24_879,7.179189,4.679496
c_1_24_881,8.108061,5.6731477
c_1_24_882,9.572083,6.132934
c_1_24_883,7.619074,5.2804327
c_1_24_884,7.580635,5.830168
c_1_24_885,7.0528483,5.3590665
c_1_24_887,9.4044075,6.2725134
c_1_24_888,7.8669252,2.1710238
c_1_24_890,7.819594,6.1266365
c_1_24_892,7.5409436,3.2018228
c_1_24_894,7.0054855,4.3471494
c_1_24_895,9.553467,6.604417
c_1_24_896,6.0928454,2.9499195
c_1_24_897,8.331303,6.248406
c_1_24_898,5.074462,2.3025415
c_1_24_899,8.95057,5.5974736
c_1_24_900,5.2387147,1.6892318
c_1_24_901,9.009629,6.5569544
c_1_24_902,4.4780874,0.96448964
c_1_24_903,9.529348,6.222203
c_1_24_904,8.779208,5.4544897
c_1_24_905,8.325275,4.3948793
c_1_24_907,7.6505275,5.16365
c_1_24_910,8.322515,4.935961
c_1_24_911,8.3109,5.1486535
c_1_24_912,6.655441,-0.76705813
c_1_24_913,9.715709,6.418203
c_1_24_915,8.036241,4.5264187
c_1_24_916,7.0135813,4.8243537
c_1_24_917,5.037556,2.127829
c_1_24_918,9.629516,6.8667645
c_1_24_919,7.0278516,5.153987
c_1_24_920,6.3931255,3.754308
c_1_24_922,7.5285277,5.556418
c_1_24_923,8.611441,4.10357
c_1_24_924,6.662463,4.9603744
c_1_24_926,6.6570606,4.8732715
c_1_24_928,8.833814,6.36292
c_1_24_929,7.70941,5.252262
c_1_24_930,7.8953176,4.8480167
c_1_24_931,9.23696,2.7613957
c_1_24_933,7.174566,1.7758092
c_1_24_934,8.270188,6.0763497
c_1_24_936,5.740596,2.095058
c_1_24_937,9.705554,6.557052
c_1_24_940,6.9935536,5.3868046
c_1_24_941,6.523186,3.3346834
c_1_24_943,6.904396,4.5907764
c_1_24_944,8.795617,6.5245023
c_1_24_945,9.265559,6.0426016
c_1_24_946,7.144317,4.8051395
c_1_24_949,6.946006,5.2286696
c_1_24_951,5.978198,0.9321892
c_1_24_953,6.92514,4.9860153
c_1_24_954,6.937996,5.27104
c_1_24_955,6.0833726,0.19565918
c_1_24_956,6.6512175,5.629787
c_1_24_958,7.0624413,3.9174266
c_1_24_959,7.8536053,2.5210125
c_1_24_960,9.85273,6.16059
c_1_24_961,6.971555,3.9934747
c_1_24_962,9.352316,4.8847218
c_1_24_963,7.7407765,3.2451746
c_1_24_964,6.356384,3.1571357
c_1_24_965,9.668663,3.539552
c_1_24_967,9.328358,5.8665705
c_1_24_968,8.776474,5.8357034
c_1_24_971,7.6736436,5.0170746
c_1_24_972,9.195537,6.316682
c_1_24_973,7.129952,3.6744866
c_1_24_974,6.6667953,4.6871953
c_1_24_975,9.47978,6.5086017
c_1_24_976,6.8722687,2.5660267
c_1_24_977,7.4490743,5.139611
c_1_24_978,6.458753,0.3268933
c_1_24_981,8.617218,5.049988
c_1_24_982,7.5863466,4.603662
c_1_24_984,6.6571836,2.9621851
c_1_24_985,7.3184724,5.7343917
c_1_24_986,7.1770334,4.571877
c_1_24_987,8.854896,5.796851
c_1_24_989,7.208201,3.0032618
c_1_24_990,7.7729487,5.71163
c_1_24_991,5.83019,0.10362819
c_1_24_992,6.773621,4.6581683
c_1_24_993,7.636981,4.590791
c_1_24_994,6.531771,4.323225
c_1_24_996,7.367539,5.5424066
c_1_24_997,9.17292,2.8953142
c_1_24_999,4.8958516,-0.79741865
c_1_24_1000,5.130041,-0.35719606
c_1_24_1001,5.398521,1.3689507
c_1_24_1002,8.782853,5.1045666
c_1_24_1003,9.430738,6.3139496
c_1_24_1006,6.8990736,5.1014075
c_1_24_1007,9.407274,6.631425
c_1_24_1008,7.146019,5.7881494
c_1_24_1009,9.384578,6.493206
c_1_24_1010,6.2370667,0.61768436
c_1_24_1013,9.514369,6.451623
c_1_24_1015,7.8347273,5.456929
c_1_24_1016,6.837671,5.2886786
c_1_24_1017,9.23893,5.696501
c_1_24_1018,5.6170077,2.4481838
c_1_24_1019,7.6425667,3.4112027
c_1_24_1020,9.256494,5.9265075
c_1_24_1021,7.5766463,4.394712
c_1_24_1023,7.32297,6.06873
c_1_24_1024,6.4289575,3.5198376
c_1_24_1025,6.7924767,3.973194
c_1_24_1026,9.340862,5.866239
c_1_24_1027,7.276811,5.505394
c_1_24_1028,9.070417,6.767765
c_1_24_1029,8.151243,5.95545
c_1_24_1030,6.646568,5.3598423
c_1_24_1032,9.211753,6.3497014
c_1_24_1033,8.484893,5.1551104
c_1_24_1034,9.514817,6.65164
c_1_24_1035,8.624283,2.7770483
c_1_24_1036,8.762894,4.969886
c_1_24_1037,9.175924,6.018029
c_1_24_1038,6.4687676,2.1147935
c_1_24_1040,1.5111945,0.34805617
c_1_24_1041,8.728102,3.014648
c_1_24_1042,6.8553495,2.7952454
c_1_24_1044,9.295796,5.2511377
c_1_24_1045,9.064935,5.8341646
c_1_24_1046,5.4831023,3.192516
c_1_24_1047,9.484494,2.7750707
c_1_24_1048,9.287145,2.673679
c_1_24_1050,9.787774,4.6688704
c_1_24_1051,9.420997,6.5987225
c_1_24_1052,3.2381485,-1.263056
c_1_24_1054,9.032193,6.251589
c_1_24_1055,6.7523723,3.5098372
c_1_24_1057,7.5156884,4.8390403
c_1_24_1058,8.010061,3.1314082
c_1_24_1059,8.443175,3.2527926
c_1_24_1060,1.7961476,-1.0254574
c_1_24_1061,8.166648,6.3751063
c_1_24_1062,8.409051,4.6686788
c_1_24_1066,5.2634788,-0.03869209
c_1_24_1067,8.0418215,5.0451503
c_1_24_1069,6.8538384,4.1073723
c_1_24_1070,9.14372,5.9951205
c_1_24_1071,8.851771,5.683728
c_1_24_1072,9.233059,6.3828263
c_1_24_1073,9.805516,6.892879
c_1_24_1074,9.56606,6.085645
c_1_24_1075,7.5814657,4.303878
c_1_24_1076,9.618603,6.1225524
c_1_24_1077,6.5140457,3.392131
c_1_24_1078,9.130148,5.8927164
c_1_24_1079,8.309734,5.901692
c_1_24_1080,5.526041,2.457818
c_1_24_1082,8.701708,4.401499
c_1_24_1083,6.4322743,2.471887
c_1_24_1084,6.2453628,0.7780729
c_1_24_1086,8.226199,5.219549
c_1_24_1087,9.846674,6.647615
c_1_24_1089,9.066391,2.72305
c_1_24_1090,6.968361,3.9011123
c_1_24_1091,8.980429,5.310028
c_1_24_1092,4.863541,-1.0215908
c_1_24_1094,9.048821,6.304968
c_1_24_1095,9.703591,6.8692164
c_1_24_1097,7.6730905,4.6960583
c_1_24_1098,9.590721,6.4220204
c_1_24_1099,7.745797,4.6911173
c_1_24_1100,9.27819,5.9520497
c_1_24_1101,7.6130753,4.4145365
c_1_24_1102,7.893015,6.0270376
c_1_24_1106,7.229427,5.5618505
c_1_24_1108,7.372354,4.5174527
c_1_24_1111,8.884576,5.7920556
c_1_24_1114,9.415381,5.9088597
c_1_24_1115,7.164982,3.9227245
c_1_24_1116,7.674089,6.0667124
c_1_24_1118,4.4801974,-0.38583925
c_1_24_1119,7.2585306,5.7874794
c_1_24_1121,7.7522645,3.3610008
c_1_24_1122,9.037561,3.7256787
c_1_24_1123,9.207824,5.9608836
c_1_24_1125,8.066244,5.5978003
c_1_24_1126,9.127125,4.984297
c_1_24_1134,5.9984655,3.9200451
c_1_24_1136,9.569825,6.3038774
c_1_50_1,4.9668117,0.34460908
c_1_50_2,7.2109766,1.8925428
c_1_50_3,5.6391735,0.8571461
c_1_50_4,6.345761,0.038001545
c_1_50_5,5.7604165,0.6756149
c_1_50_7,8.075063,2.384328
c_1_50_8,6.2010064,1.2057594
c_1_50_9,6.7502275,3.2296464
c_1_50_11,3.1482687,-0.72637165
c_1_50_12,8.881767,0.7014795
c_1_50_13,-0.22249664,0.47327858
c_1_50_14,4.9563603,-1.629259
c_1_50_15,6.9913344,5.660623
c_1_50_16,6.073579,1.1801734
c_1_50_17,5.543218,1.4525949
c_1_50_18,7.7354493,4.973592
c_1_50_19,3.9674993,1.4568753
c_1_50_20,9.03701,2.6070898
c_1_50_21,8.269148,6.0600057
c_1_50_22,8.827356,2.7444892
c_1_50_23,6.5310936,1.8439181
c_1_50_24,7.4395804,4.620761
c_1_50_25,8.3628645,2.9271176
c_1_50_26,6.531139,2.1053193
c_1_50_27,8.210441,2.6545932
c_1_50_28,8.549214,5.108026
c_1_50_29,7.4912744,1.8398021
c_1_50_30,6.856106,2.2332363
c_1_50_31,6.4584746,-1.6629043
c_1_50_32,8.26957,2.2992525
c_1_50_33,7.024557,2.160118
c_1_50_34,8.095741,3.4059162
c_1_50_35,7.322589,1.300334
c_1_50_36,7.8759065,2.5639136
c_1_50_37,8.271432,5.5082746
c_1_50_38,2.9290094,4.842182
c_1_50_39,7.267405,1.3366829
c_1_50_40,2.6992178,-1.349123
c_1_50_41,0.57929343,0.20746735
c_1_50_42,3.9214785,-1.3694137
c_1_50_43,6.4204316,0.3807639
c_1_50_44,7.4240537,1.9932768
c_1_50_45,8.583897,0.6594167
c_1_50_46,1.7801906,5.5321846
c_1_50_47,9.597939,4.531689
c_1_50_48,0.2494329,0.30482417
c_1_50_49,0.8162388,0.42781073
c_1_50_50,7.8478723,5.793008
c_1_50_51,9.20074,3.8045437
c_1_50_52,6.9875274,3.6956382
c_1_50_53,2.9237924,3.9779031
c_1_50_54,3.042604,0.19334844
c_1_50_55,7.5884027,2.5469556
c_1_50_56,1.4744924,-1.5055919
c_1_50_57,4.4919724,1.1175908
c_1_50_58,5.6639047,1.4979062
c_1_50_59,3.9994698,-0.8099759
c_1_50_60,5.579745,0.36532256
c_1_50_61,6.2271647,1.0505359
c_1_50_62,3.7762127,-0.4796285
c_1_50_63,6.2588124,2.115384
c_1_50_64,7.543069,-0.14245497
c_1_50_65,2.9288821,-0.92490005
c_1_50_66,2.9336371,5.5265255
c_1_50_67,4.2018914,0.5097336
c_1_50_68,2.2940764,-0.947603
c_1_50_69,4.7850466,1.7598193
c_1_50_70,5.4727397,1.7730792
c_1_50_71,7.868183,3.5514872
c_1_50_72,5.2403474,1.0377027
c_1_50_73,4.6466146,0.74490535
c_1_50_74,5.4912043,0.8294375
c_1_50_75,2.6398072,0.25369135
c_1_50_76,3.5294807,-0.3207019
c_1_50_77,5.247326,0.4702311
c_1_50_78,4.6832194,-0.050474133
c_1_50_79,5.3249364,0.6869407
c_1_50_81,5.351189,0.6028961
c_1_50_82,3.8315973,-0.06242849
c_1_50_83,5.6895804,1.9144237
c_1_50_84,6.3688126,-2.6580389
c_1_50_85,5.754207,3.4315097
c_1_50_86,5.626828,-1.885683
c_1_50_87,2.2946548,0.32147947
c_1_50_88,6.7188406,-1.990554
c_1_50_89,5.1612353,-2.2818313
c_1_50_90,2.3101642,-0.89093095
c_1_50_91,8.016705,2.152734
c_1_50_92,6.7864003,-3.6027293
c_1_50_93,5.588447,1.428241
c_1_50_94,4.514179,-1.1773175
c_1_50_95,7.1373615,0.11670781
c_1_50_96,6.621641,-0.13074549
c_1_50_97,2.5914085,-0.6597581
c_1_50_98,5.4443374,-2.3328109
c_1_50_99,6.459528,-3.3617504
c_1_50_100,6.3931103,1.3281848
c_1_50_101,6.6346216,-1.0822066
c_1_50_102,5.51071,-2.6507568
c_1_50_103,7.0215898,-4.0012813
c_1_50_104,6.584505,-2.4831023
c_1_50_105,2.9847023,-0.7642086
c_1_50_106,5.5206623,1.5202962
c_1_50_107,2.7017488,-1.7685035
c_1_50_108,4.05774,0.049871266
c_1_50_109,3.7391098,-0.23206086
c_1_50_110,7.0156775,2.0139282
c_1_50_111,2.8395476,-0.00705316
c_1_50_112,3.5099843,-1.9037454
c_1_50_113,4.3605022,-0.5253249
c_1_50_114,2.959669,0.4068326
c_1_50_115,6.8245835,-2.899673
c_1_50_116,5.2546263,-3.6822836
c_1_50_117,7.02178,-3.2485158
c_1_50_118,5.7981052,0.6152055
c_1_50_119,3.0683236,-0.77468765
c_1_50_120,6.5480485,-2.4768548
c_1_50_121,6.5850463,1.6364319
c_1_50_122,4.6620917,-3.2034972
c_1_50_123,1.0345894,0.39175612
c_1_50_124,5.27827,-3.5251095
c_1_50_125,6.3559675,-2.9303336
c_1_50_126,3.8485417,1.558238
c_1_50_127,6.2096133,2.485642
c_1_50_128,-0.17575689,0.1915022
c_1_50_129,4.2523527,1.2183684
c_1_50_130,3.8881783,-2.9446208
c_1_50_131,2.684968,-0.3514889
c_1_50_132,6.521857,-0.2967632
c_1_50_133,5.789916,-0.010502951
c_1_50_134,6.3291698,1.6871845
c_1_50_135,4.0220976,-1.7408677
c_1_50_136,7.5270066,0.4077249
c_1_50_137,6.2869263,1.0716971
c_1_50_138,7.5590696,-3.62284
c_1_50_139,6.4548388,-1.8922153
c_1_50_141,5.092305,-2.0064247
c_1_50_142,5.9522185,-0.25455812
c_1_50_143,6.1449304,1.1797968
c_1_50_144,4.47336,-1.2803793
c_1_50_145,6.6926622,-2.9686651
c_1_50_146,5.324919,-0.37052834
c_1_50_147,3.7527275,-2.5558817
c_1_50_148,1.8216766,3.0236304
c_1_50_149,4.6909714,0.74559724
c_1_50_150,2.7542684,-1.4034383
c_1_50_151,3.9892428,1.1547722
c_1_50_152,4.897433,-0.57874995
c_1_50_153,6.9807725,-1.8759961
c_1_50_154,1.7756817,-0.9813743
c_1_50_155,4.002093,0.34475267
c_1_50_156,5.689308,-3.2333732
c_1_50_157,6.4136167,-3.605546
c_1_50_158,5.190167,0.9100882
c_1_50_159,3.8963113,1.04289
c_1_50_160,6.3516254,-3.5444984
c_1_50_161,6.7522945,-3.788541
c_1_50_162,3.6546578,2.4786284
c_1_50_163,6.416056,-0.088712916
c_1_50_164,5.358419,-1.7275766
c_1_50_165,2.5984998,-2.1245065
c_1_50_166,4.9147816,-0.78528047
c_1_50_167,3.9382994,-1.5261736
c_1_50_168,4.705882,-1.6416276
c_1_50_169,5.4598765,1.241897
c_1_50_170,3.9955015,-1.1416821
c_1_50_171,4.0122976,-3.6281414
c_1_50_172,6.035421,1.2934663
c_1_50_173,5.043718,-3.2790082
c_1_50_174,5.901457,-2.5159688
c_1_50_175,6.1081095,-0.9270125
c_1_50_176,2.2656715,-0.38672662
c_1_50_177,5.6945124,-3.3643174
c_1_50_178,6.086212,-0.6514778
c_1_50_179,7.3396397,-2.196115
c_1_50_180,5.5323086,-3.6336088
c_1_50_181,4.8487787,-2.0283515
c_1_50_182,7.201201,2.9544365
c_1_50_183,6.502908,-1.3930598
c_1_50_184,5.005635,-3.0051758
c_1_50_186,3.9779801,0.9668136
c_1_50_187,5.8156533,-4.058777
c_1_50_188,5.51345,1.2766484
c_1_50_189,5.3229694,-0.17987478
c_1_50_190,5.083809,-1.9365522
c_1_50_191,2.881071,-0.68203807
c_1_50_192,1.7102644,-0.066282995
c_1_50_193,3.5684872,0.31150678
c_1_50_194,6.1190424,-2.9152596
c_1_50_195,2.4203637,1.3161601
c_1_50_196,5.8887587,-2.765136
c_1_50_198,5.314824,2.663342
c_1_50_199,3.7685351,-0.08696542
c_1_50_200,3.434269,-0.9773144
c_1_50_201,3.684353,-1.0579536
c_1_50_202,4.9711647,0.15154585
c_1_50_203,3.2441301,-0.55315995
c_1_50_204,1.7220873,2.0739636
c_1_50_205,6.7014813,-3.3617177
c_1_50_206,6.625145,-3.9713347
c_1_50_207,4.658916,-0.98370665
c_1_50_208,7.392389,-2.2106192
c_1_50_209,6.948604,-1.5663682
c_1_50_210,3.2546492,-1.4109565
c_1_50_211,5.495643,-2.2794235
c_1_50_212,8.189823,4.535621
c_1_50_213,4.0264344,-1.4094471
c_1_50_214,3.2739124,-0.33183038
c_1_50_215,6.9010215,-2.7185714
c_1_50_216,5.464084,2.1797252
c_1_50_217,5.58674,-1.7792487
c_1_50_218,5.1189723,1.9028574
c_1_50_219,5.3805623,-1.9248763
c_1_50_220,6.406243,-2.76025
c_1_50_221,0.9064704,3.0370686
c_1_50_222,8.209261,4.177103
c_1_50_223,5.0152626,-0.24343196
c_1_50_224,5.7355485,3.4042492
c_1_50_225,4.6552343,-0.65868753
c_1_50_226,5.185081,0.2553598
c_1_50_227,6.9250293,-1.786516
c_1_50_228,5.6870365,-0.9383808
c_1_50_229,2.8007555,2.6464415
c_1_50_230,6.2033615,-3.9840813
c_1_50_231,7.1253843,-3.3252795
c_1_50_232,5.737222,-1.980773
c_1_50_233,5.1549907,-3.133663
c_1_50_234,3.7585082,2.511662
c_1_50_235,4.8503447,-0.9351082
c_1_50_237,7.3670697,-2.8281868
c_1_50_238,2.2332134,0.29187396
c_1_50_239,5.1915655,0.88494384
c_1_50_240,3.6604984,-1.0555677
c_1_50_241,5.0165668,-1.258549
c_1_50_242,5.3505197,2.1696978
c_1_50_243,7.207216,-3.3697286
c_1_50_244,5.5245223,3.3414216
c_1_50_245,2.597434,1.6290092
c_1_50_246,5.625047,-3.5531988
c_1_50_247,2.8702993,-1.9372487
c_1_50_248,5.3501186,-2.6142397
c_1_50_249,3.1343966,-0.3673555
c_1_50_250,0.43391678,3.5232964
c_1_50_251,3.5615444,-0.7025039
c_1_50_252,7.034266,-3.0986269
c_1_50_253,4.0367084,-0.4149996
c_1_50_255,6.948475,-1.1652626
c_1_50_256,5.037853,-0.13863936
c_1_50_257,4.596406,-1.2004601
c_1_50_258,3.8340096,-2.1008503
c_1_50_259,4.894981,2.5675883
c_1_50_260,3.1566865,0.22338717
c_1_50_261,6.8701315,-3.4624107
c_1_50_262,5.8656073,-2.2979321
c_1_50_263,4.9707637,0.40520236
c_1_50_264,2.4169292,-0.2505623
c_1_50_265,0.062250603,2.798064
c_1_50_266,6.7904334,3.950708
c_1_50_267,5.220029,2.9336088
c_1_50_268,5.365323,-2.2556293
c_1_50_269,2.8668606,-1.3566196
c_1_50_270,4.1268144,-0.79460835
c_1_50_271,5.870409,-3.2250857
c_1_50_272,4.449695,0.2083062
c_1_50_273,4.9833617,-3.1261067
c_1_50_274,1.9449778,-1.6984674
c_1_50_275,5.0845394,1.519224
c_1_50_277,5.8423543,-2.1139877
c_1_50_278,6.5467596,3.827372
c_1_50_279,5.331038,-2.9914682
c_1_50_280,5.145378,-1.885747
c_1_50_281,7.6011457,-3.2190795
c_1_50_282,2.8996255,-1.3441825
c_1_50_283,2.73043,-1.0493306
c_1_50_284,7.238977,-4.29489
c_1_50_285,6.824795,-2.583052
c_1_50_286,3.3596878,4.392327
c_1_50_287,5.3799324,2.3967853
c_1_50_288,5.8534784,3.6657846
c_1_50_289,7.1306677,1.2365061
c_1_50_290,4.5974455,-0.32614964
c_1_50_291,5.8641686,-2.2550786
c_1_50_292,3.7227056,1.860643
c_1_50_293,6.2081885,-1.402504
c_1_50_294,1.5339454,0.9177264
c_1_50_295,4.156671,-1.1942079
c_1_50_296,7.02211,-2.5650206
c_1_50_297,0.8386151,2.5003657
c_1_50_298,6.454424,-3.6860235
c_1_50_299,3.975239,-0.8772778
c_1_50_300,7.352266,0.4325896
c_1_50_301,6.335855,3.45782
c_1_50_302,5.065067,-1.6009722
c_1_50_303,4.3741,-1.9837873
c_1_50_304,6.6332273,-3.0813756
c_1_50_305,-0.15057369,0.36512232
c_1_50_306,4.452083,-0.20272134
c_1_50_307,4.5445447,-2.7373192
c_1_50_308,4.4934893,-1.1248082
c_1_50_309,0.43248576,0.26103568
c_1_50_310,5.2108808,-0.926345
c_1_50_311,7.2709007,-2.7519927
c_1_50_312,4.9025025,0.6506024
c_1_50_313,2.4814506,0.13367158
c_1_50_314,2.7750065,0.13768528
c_1_50_315,6.063745,-3.2230825
c_1_50_316,5.0186896,-1.1819494
c_1_50_317,6.071074,0.9979779
c_1_50_318,5.5056286,-1.7588145
c_1_50_319,6.4769306,-1.8205454
c_1_50_320,4.445809,-0.03075334
c_1_50_321,4.3423862,1.1251483
c_1_50_322,3.7031004,-3.1144092
c_1_50_323,6.0204816,1.0759737
c_1_50_324,3.9203854,-0.9971114
c_1_50_325,4.303174,-1.3842044
c_1_50_326,6.655285,-2.9874322
c_1_50_327,7.2330956,-2.3966286
c_1_50_328,3.2137678,-1.4363053
c_1_50_329,4.580617,-0.9455944
c_1_50_330,6.542776,-1.0529332
c_1_50_331,6.351292,-3.5514941
c_1_50_332,7.419334,-3.0166037
c_1_50_333,7.112623,-0.29231662
c_1_50_334,6.7506156,-1.510277
c_1_50_335,5.3327036,0.41695192
c_1_50_336,3.2536852,-0.96831954
c_1_50_337,2.3803616,3.5842576
c_1_50_338,6.471404,-3.3749926
c_1_50_339,4.1036887,1.7730957
c_1_50_340,6.9299674,-0.11735227
c_1_50_341,5.2071643,-0.54230833
c_1_50_343,4.4313135,-0.064213686
c_1_50_344,5.91503,-3.064707
c_1_50_345,7.168402,-3.9141338
c_1_50_346,6.9838076,-3.4300375
c_1_50_347,6.0505133,0.9407405
c_1_50_348,6.4163523,-4.075109
c_1_50_349,3.2243078,-2.0154676
c_1_50_350,6.4524484,-2.9625757
c_1_50_351,4.0750294,1.8415196
c_1_50_352,6.839827,-2.4919887
c_1_50_353,3.515036,-2.082045
c_1_50_355,4.405733,-3.014166
c_1_50_356,6.1602535,-2.8900533
c_1_50_357,3.2171767,0.22757442
c_1_50_358,5.017936,-0.11033007
c_1_50_359,7.7980638,0.8716666
c_1_50_360,2.323937,1.4687982
c_1_50_361,6.6662793,-2.0160723
c_1_50_362,4.647839,-2.4919338
c_1_50_363,1.959181,1.789695
c_1_50_364,4.892586,-1.4397769
c_1_50_365,6.7356424,-3.7006586
c_1_50_366,5.434455,-3.3291414
c_1_50_367,3.0733268,-2.2323978
c_1_50_368,7.212739,-3.1636188
c_1_50_369,2.0486646,1.3350286
c_1_50_370,6.260166,-4.0871644
c_1_50_371,6.6465282,-2.210732
c_1_50_372,7.367527,-0.096294686
c_1_50_373,5.8299737,-3.72442
c_1_50_374,6.5377245,-4.02673
c_1_50_375,4.2255516,-0.07949449
c_1_50_376,6.185927,0.15477815
c_1_50_377,5.7705703,-1.3344405
c_1_50_378,6.684013,-3.0520253
c_1_50_379,5.6264615,-0.60305816
c_1_50_380,6.6336393,-3.9183908
c_1_50_381,3.7051377,3.4248638
c_1_50_382,1.8952483,-1.1027731
c_1_50_383,4.379052,-2.3979974
c_1_50_384,6.414176,-3.1173623
c_1_50_385,6.718054,-1.6662786
c_1_50_386,3.3633041,-2.544821
c_1_50_388,0.9223422,1.8363541
c_1_50_389,7.305343,-1.9221654
c_1_50_390,5.882961,-1.0063964
c_1_50_391,8.577288,0.5405284
c_1_50_392,3.6792333,-0.62822753
c_1_50_393,6.428575,-2.047136
c_1_50_394,5.654364,-1.7628865
c_1_50_395,5.9697175,3.6170635
c_1_50_396,6.14308,-3.1465933
c_1_50_397,3.6611402,1.095322
c_1_50_398,3.0403917,-3.7439744
c_1_50_399,5.8367996,-3.642413
c_1_50_400,6.8386593,-2.3684645
c_1_50_401,7.1275744,-3.4809332
c_1_50_402,7.152802,-3.0825717
c_1_50_403,7.0301466,-2.454082
c_1_50_404,6.0683174,-2.8519306
c_1_50_405,6.7775493,-3.2689447
c_1_50_406,4.772991,-1.7564305
c_1_50_407,0.43866324,2.6177154
c_1_50_408,7.6373744,-3.900645
c_1_50_409,6.0701637,-3.5714195
c_1_50_410,6.026935,-1.2828128
c_1_50_411,6.914951,-3.4769983
c_1_50_412,5.4699893,-3.1005623
c_1_50_413,6.580491,-2.1599338
c_1_50_414,7.6135554,-3.2101529
c_1_50_415,6.989667,-1.6452891
c_1_50_416,1.3586682,2.600929
c_1_50_417,5.0350037,-3.132528
c_1_50_418,5.5576324,1.5714831
c_1_50_419,6.86007,-3.9234018
c_1_50_420,6.049307,-2.2379546
c_1_50_421,7.5483155,-2.5478518
c_1_50_422,6.5473943,3.033729
c_1_50_423,4.689798,-0.24603626
c_1_50_424,4.998315,-1.9942751
c_1_50_425,5.7819657,-2.8260593
c_1_50_426,5.5468416,-2.876711
c_1_50_427,6.3933907,-2.1820676
c_1_50_428,4.012263,-2.95333
c_1_50_429,4.7956724,-1.8365778
c_1_50_430,5.9691916,-3.2672691
c_1_50_431,4.673631,-2.656992
c_1_50_432,5.8229513,-2.5170493
c_1_50_433,4.5122747,-1.050676
c_1_50_434,6.239532,-2.890348
c_1_50_435,5.5776095,-2.9149299
c_1_50_436,7.1330104,-2.4312668
c_1_50_437,5.272992,-0.60163474
c_1_50_438,4.945045,0.25798747
c_1_50_439,4.402146,1.1782341
c_1_50_440,3.3247538,2.7167215
c_1_50_441,6.6589603,-2.5030656
c_1_50_442,2.4250536,-2.1986127
c_1_50_443,6.013773,-3.506715
c_1_50_444,4.9204516,-0.34936798
c_1_50_445,5.215359,-3.8268256
c_1_50_446,3.5125895,-2.3160188
c_1_50_447,3.831178,-0.6751004
c_1_50_448,6.3058376,-2.272349
c_1_50_449,4.434843,0.07592522
c_1_50_450,6.861742,-2.6196492
c_1_50_451,5.411392,-0.5395666
c_1_50_452,2.6735988,1.5322145
c_1_50_453,3.687965,0.954106
c_1_50_454,5.55611,-2.1690726
c_1_50_455,6.895994,-2.4319417
c_1_50_456,5.85213,-0.059561454
c_1_50_457,6.967016,-2.4061406
c_1_50_458,5.0449185,-1.1648679
c_1_50_459,4.224203,4.364744
c_1_50_460,4.5592394,1.8677872
c_1_50_461,2.6144812,-0.69798005
c_1_50_462,6.495671,-3.1436474
c_1_50_463,6.2982535,-1.0020372
c_1_50_465,6.244235,-2.865487
c_1_50_466,0.6928258,2.666617
c_1_50_467,6.0041723,-1.5540282
c_1_50_468,5.9285946,-3.4643364
c_1_50_469,5.3538923,-1.6548845
c_1_50_470,6.4639864,-1.2176687
c_1_50_471,6.005283,-2.8586292
c_1_50_472,6.567674,-2.2014248
c_1_50_473,6.2815275,-2.3295774
c_1_50_474,5.386703,0.5621641
c_1_50_475,4.861925,-3.8650389
c_1_50_476,5.818177,-0.5830897
c_1_50_477,5.026279,-1.8332943
c_1_50_478,0.992157,2.0053658
c_1_50_479,7.2055564,-3.5673451
c_1_50_480,7.8501534,-3.116031
c_1_50_481,6.2767215,-3.0628839
c_1_50_482,5.4920197,-3.3956895
c_1_50_483,4.1594744,0.7429344
c_1_50_484,4.671517,-3.1345603
c_1_50_485,4.71055,-0.6754678
c_1_50_486,7.4112363,-2.322478
c_1_50_487,5.259576,0.014763652
c_1_50_488,6.1640086,-3.4648218
c_1_50_489,6.858601,-4.4473658
c_1_50_491,6.5246387,-3.768412
c_1_50_492,6.418766,-2.097461
c_1_50_493,5.3119884,-0.2890357
c_1_50_494,6.5980115,0.50743264
c_1_50_495,6.4660416,-2.8879821
c_1_50_496,5.2717805,1.3952172
c_1_50_497,5.008177,-1.094316
c_1_50_498,4.9480424,-2.6818686
c_1_50_499,5.3640566,1.5186262
c_1_50_500,2.630439,-1.0308385
c_1_50_501,6.1609693,-3.8852232
c_1_50_502,7.605304,-3.1627681
c_1_50_503,4.6613975,-0.24611588
c_1_50_504,3.8954532,0.47258392
c_1_50_505,2.0000474,3.8190634
c_1_50_507,1.63028,5.6271772
c_1_50_508,6.8285127,-2.8138058
c_1_50_509,6.039568,-3.556136
c_1_50_510,6.0095787,-1.515882
c_1_50_511,6.43178,-1.6594375
c_1_50_512,5.6426764,-2.8196044
c_1_50_513,6.9710608,-4.115465
c_1_50_514,3.2569804,0.3311496
c_1_50_515,1.6038424,2.50988
c_1_50_516,6.1656585,-2.0838053
c_1_50_517,6.9004536,-2.212483
c_1_50_518,6.880837,-2.4438777
c_1_50_519,3.781625,2.0306683
c_1_50_520,6.7856464,-3.4188917
c_1_50_521,7.060446,-2.8555412
c_1_50_523,3.8089905,-0.6605675
c_1_50_524,7.049569,-3.971907
c_1_50_526,6.609745,-3.9385777
c_1_50_527,7.000874,-1.3743358
c_1_50_528,6.641647,-4.4099
c_1_50_529,7.657283,-3.3108213
c_1_50_531,4.208124,2.023314
c_1_50_532,6.1275573,-3.449477
c_1_50_533,2.3141012,2.0021117
c_1_50_534,6.451543,-3.1598692
c_1_50_535,6.5470943,-2.4727733
c_1_50_536,6.9110007,-4.4301105
c_1_50_537,5.1266704,-0.4774623
c_1_50_538,5.175703,-1.8868958
c_1_50_539,5.3700914,-1.4144143
c_1_50_540,6.3207045,-3.4913104
c_1_50_541,5.611381,-3.7074928
c_1_50_542,6.236788,-0.31965446
c_1_50_543,4.5804768,-1.879382
c_1_50_544,6.9209523,-4.095864
c_1_50_545,6.658004,-0.88656557
c_1_50_546,3.2157278,0.30018437
c_1_50_547,7.380462,-3.6597013
c_1_50_548,1.8117521,0.2862742
c_1_50_549,4.182963,-2.0950565
c_1_50_550,5.4054093,0.74373204
c_1_50_551,4.123942,1.7629427
c_1_50_552,5.096907,-3.7414508
c_1_50_553,6.2900105,-1.5354859
c_1_50_555,6.7763553,-3.8203652
c_1_50_556,7.5201554,-3.6581132
c_1_50_557,2.9041264,-0.8489082
c_1_50_558,5.9800453,-2.3546872
c_1_50_559,7.024042,-3.9833102
c_1_50_560,6.638076,-2.6634
c_1_50_561,5.8162274,-2.3516538
c_1_50_562,6.716607,-1.2414482
c_1_50_564,6.944839,-2.2193289
c_1_50_565,0.36407763,3.1230855
c_1_50_566,5.8982863,-2.2882395
c_1_50_567,7.1044974,-1.9600438
c_1_50_568,3.0229483,-3.3355582
c_1_50_569,5.9046993,0.047706854
c_1_50_570,5.514715,-2.7793698
c_1_50_571,1.8386295,0.36970693
c_1_50_572,5.3818903,-3.3996649
c_1_50_573,4.3218436,-1.3944203
c_1_50_574,6.362868,-3.5379844
c_1_50_575,6.447497,-1.7150645
c_1_50_576,6.431924,-2.068024
c_1_50_577,6.7343774,-3.724178
c_1_50_578,7.0417695,0.2846585
c_1_50_579,6.473397,-3.1128588
c_1_50_580,5.617478,-2.3978522
c_1_50_581,4.473521,-0.86947304
c_1_50_582,4.7923694,-2.1462333
c_1_50_583,5.402886,1.3457189
c_1_50_584,7.044119,-1.8386916
c_1_50_585,2.8173563,-1.0497781
c_1_50_586,4.109751,-2.0399241
c_1_50_587,6.1922836,-1.0977174
c_1_50_588,2.928083,-0.8553003
c_1_50_589,5.74622,-3.2055073
c_1_50_590,5.3505216,-2.726303
c_1_50_591,6.3069043,-4.297537
c_1_50_592,6.1465974,-3.699229
c_1_50_593,4.2306724,-2.4992547
c_1_50_594,5.9973207,-2.585955
c_1_50_595,2.8124266,-0.6936404
c_1_50_596,7.2071004,-2.673094
c_1_50_597,6.874555,-3.7226505
c_1_50_598,7.3323083,-2.8063195
c_1_50_599,6.026378,-2.518872
c_1_50_600,6.775198,-1.3842237
c_1_50_601,6.212938,-3.7422817
c_1_50_602,6.742969,-2.3998032
c_1_50_603,6.6589785,-2.7654686
c_1_50_604,4.988821,-0.3405785
c_1_50_605,7.381338,-3.6037266
c_1_50_606,4.724028,-1.3745056
c_1_50_607,7.079708,-4.1923256
c_1_50_608,6.3253155,-4.1109757
c_1_50_609,6.617223,-1.2342801
c_1_50_610,0.4957031,2.7293563
c_1_50_611,6.846369,-2.6842175
c_1_50_612,7.012487,-3.4067981
c_1_50_613,7.2966537,-3.6684647
c_1_50_614,6.1238637,-2.1417964
c_1_50_615,7.1634746,-3.4835265
c_1_50_616,7.026839,-3.502266
c_1_50_617,6.1115155,-3.2839177
c_1_50_618,6.641504,-3.5749257
c_1_50_619,6.1622357,-4.2707157
c_1_50_620,5.743233,-1.559198
c_1_50_621,7.081097,3.2839127
c_1_50_622,4.184407,1.1477844
c_1_50_623,5.532314,-1.8240178
c_1_50_624,6.6771235,-2.2416737
c_1_50_625,3.5574946,2.1822338
c_1_50_626,3.8876147,0.41111112
c_1_50_627,7.045406,-2.505101
c_1_50_628,6.9939723,-2.4714007
c_1_50_629,4.9726434,-3.5681355
c_1_50_630,4.839164,-3.2506356
c_1_50_631,6.9609528,-3.2829542
c_1_50_632,6.1911135,-2.2274446
c_1_50_633,3.3319738,-0.20161854
c_1_50_634,2.2634392,-0.56682265
c_1_50_636,1.3038148,1.9680632
c_1_50_637,4.88289,-0.6404118
c_1_50_638,5.8324513,-1.9698496
c_1_50_639,7.492094,-2.5174322
c_1_50_640,6.1445117,-3.0842187
c_1_50_641,7.4022813,-3.506835
c_1_50_642,5.7829056,-2.2205977
c_1_50_643,5.4972286,0.57798886
c_1_50_644,6.8943653,0.21318056
c_1_50_645,5.797077,-2.8465629
c_1_50_646,6.9128666,-2.8221843
c_1_50_648,7.0851154,-3.9177666
c_1_50_649,1.6735166,-0.07160214
c_1_50_650,4.3674383,1.1809973
c_1_50_651,5.3691077,2.0711925
c_1_50_652,4.5227814,-1.7148013
c_1_50_653,6.1930113,-1.7553186
c_1_50_654,6.4618044,-3.0612462
c_1_50_655,5.5185523,-3.630357
c_1_50_656,4.938125,-2.0731952
c_1_50_657,1.0990766,3.1443424
c_1_50_658,6.2465086,-4.367389
c_1_50_659,4.487451,-0.10581649
c_1_50_660,6.957912,-3.545215
c_1_50_661,0.44846374,2.2871833
c_1_50_662,7.014048,-2.6960902
c_1_50_663,4.2552056,-1.6025668
c_1_50_664,7.416322,-3.9377024
c_1_50_665,7.229706,-3.8278892
c_1_50_666,4.797307,-1.2936878
c_1_50_667,6.655611,-2.9490175
c_1_50_668,4.9630365,-2.6012883
c_1_50_669,4.5473976,-1.3680707
c_1_50_670,5.753289,-2.9918866
c_1_50_671,2.855526,0.6766959
c_1_50_672,6.364651,-2.4300485
c_1_50_673,6.820435,-2.9515207
c_1_50_674,3.2491803,4.578467
c_1_50_675,0.84436125,3.2392685
c_1_50_676,4.9930615,-2.215722
c_1_50_677,5.514905,-1.0665362
c_1_50_678,1.1705849,0.2791368
c_1_50_679,6.7628374,-4.4577155
c_1_50_680,1.9733979,0.18687977
c_1_50_681,4.468576,1.3377746
c_1_50_682,1.4197845,3.5630536
c_1_50_683,6.258579,-1.5237672
c_1_50_684,6.976656,-2.413186
c_1_50_685,6.4884906,-3.180518
c_1_50_686,6.681891,-1.5034518
c_1_50_687,4.6133018,-1.578337
c_1_50_688,0.5427344,3.584188
c_1_50_690,7.5775757,-3.3730648
c_1_50_691,2.9550717,-0.33245742
c_1_50_692,6.6180677,-3.0704708
c_1_50_693,6.6243916,-3.1014452
c_1_50_694,7.138981,-1.8286644
c_1_50_695,5.3033032,-1.2459565
c_1_50_696,5.9385552,-1.6740543
c_1_50_697,6.666941,-3.1869075
c_1_50_698,5.8944025,-1.6811231
c_1_50_699,2.3433876,-0.85425514
c_1_50_700,4.278061,1.0019995
c_1_50_701,5.3698783,-1.0303295
c_1_50_702,5.1261477,0.68486
c_1_50_703,1.1178435,2.5813572
c_1_50_704,4.759277,-0.5908469
c_1_50_705,5.770673,-3.499621
c_1_50_706,4.215419,-2.110205
c_1_50_707,4.7418866,-1.4879793
c_1_50_708,5.344431,-2.008955
c_1_50_709,6.4935193,-2.0620701
c_1_50_711,2.7425594,0.572616
c_1_50_712,4.591057,0.5498305
c_1_50_713,3.9272232,2.3867652
c_1_50_714,0.36604223,3.180461
c_1_50_715,6.4706025,-3.5082796
c_1_50_716,6.3429193,-2.855409
c_1_50_717,4.806069,-0.8711817
c_1_50_718,6.0759277,0.6952801
c_1_50_719,1.1132334,2.9217317
c_1_50_720,5.053331,-2.1266725
c_1_50_721,4.926561,0.08217858
c_1_50_722,3.7003746,-0.715236
c_1_50_723,5.8759527,-3.0974908
c_1_50_724,5.241062,-1.7802422
c_1_50_725,6.4811287,-2.6162517
c_1_50_726,5.9375515,-3.461481
c_1_50_727,6.0821247,-3.5549514
c_1_50_728,5.139245,-0.4476105
c_1_50_729,5.410292,-2.4912138
c_1_50_730,4.099527,-1.3023527
c_1_50_731,3.5537047,-0.8355268
c_1_50_732,3.8992174,1.3014468
c_1_50_733,4.841859,-1.0585563
c_1_50_734,5.658044,-1.6131402
c_1_50_735,3.8026714,0.17831613
c_1_50_736,6.0101967,-2.7129257
c_1_50_737,7.272917,-4.219779
c_1_50_738,6.8070273,-4.354059
c_1_50_739,4.864906,-2.7742143
c_1_50_740,6.8189907,-3.8484802
c_1_50_741,5.3096437,0.7698541
c_1_50_742,5.179071,-3.1738477
c_1_50_743,4.9511323,0.19949184
c_1_50_744,4.7057757,0.9891342
c_1_50_745,3.6122837,-0.048003845
c_1_50_746,4.0469294,-3.3540719
c_1_50_747,5.7811484,-2.711835
c_1_50_748,5.1663747,-3.269108
c_1_50_749,6.8307114,-3.647206
c_1_50_750,6.9651937,-4.3400273
c_1_50_751,6.417287,-2.1672401
c_1_50_752,5.2214084,-0.4931154
c_1_50_753,4.8659525,-2.2511349
c_1_50_755,1.9532162,-0.5253024
c_1_50_756,3.461282,2.0120716
c_1_50_757,4.8634458,-1.005171
c_1_50_758,5.743203,-1.7524574
c_1_50_759,5.42235,-1.028202
c_1_50_760,4.3992987,-2.0293036
c_1_50_761,6.2240486,-0.2637261
c_1_50_762,2.8928022,-0.5243856
c_1_50_763,6.5063534,-3.0479126
c_1_50_764,7.215698,-3.782759
c_1_50_765,3.7875187,0.55280924
c_1_50_766,0.574915,3.4645462
c_1_50_767,7.299539,-3.6490378
c_1_50_768,4.117301,0.088637084
c_1_50_769,1.1473238,3.4286332
c_1_50_770,6.1626515,-1.3697348
c_1_50_771,5.4458604,-2.102737
c_1_50_772,6.779027,-1.6700828
c_1_50_773,6.9952474,-3.5206103
c_1_50_774,5.9587917,-4.426137
c_1_50_775,5.205822,-0.54498917
c_1_50_776,5.4230433,-1.6232325
c_1_50_777,5.267503,1.1349094
c_1_50_778,1.982112,0.523683
c_1_50_779,5.2681484,-3.4987347
c_1_50_780,6.186497,-4.1579647
c_1_50_781,5.064423,-0.54719394
c_1_50_782,0.79208976,2.981523
c_1_50_783,4.0617085,-0.1500741
c_1_50_784,6.43886,-3.3893116
c_1_50_785,5.6150956,-0.8152426
c_1_50_786,6.3228445,-2.799453
c_1_50_787,3.7424085,-1.8909394
c_1_50_788,6.1298504,-2.3442545
c_1_50_789,3.8785827,1.9761481
c_1_50_790,6.7753453,-2.5359182
c_1_50_791,7.2416687,-2.9931858
c_1_50_792,4.0400195,1.3882076
c_1_50_793,3.9683218,-1.0640382
c_1_50_794,4.573424,-2.0282629
c_1_50_795,4.2815366,-2.534086
c_1_50_796,4.688085,-2.8398707
c_1_50_797,4.241212,-2.5509233
c_1_50_798,6.5611577,-1.0124916
c_1_50_799,4.5234327,-1.825436
c_1_50_800,5.8096504,-2.5897927
c_1_50_801,3.587174,-2.5993905
c_1_50_802,5.4901013,-0.28685787
c_1_50_803,5.7730417,-1.9259154
c_1_50_804,5.0319505,-3.8186984
c_1_50_805,4.22941,-0.64334416
c_1_50_806,6.5154676,-1.6316789
c_1_50_807,5.018889,-1.3155055
c_1_50_808,3.6344426,0.7508962
c_1_50_809,4.5080094,-2.445569
c_1_50_810,3.29123,-0.1526116
c_1_50_811,4.9057674,-1.703209
c_1_50_812,4.470028,0.9406719
c_1_50_813,5.7371664,-3.6539204
c_1_50_814,4.3479533,-1.2060957
c_1_50_815,6.7142935,1.4301877
c_1_50_816,5.2985473,-1.3848318
c_1_50_817,6.623741,-1.9152143
c_1_50_818,2.9869874,-3.1429887
c_1_50_819,4.0515985,3.3406982
c_1_50_820,3.9250827,0.110471666
c_1_50_821,4.719418,-2.9154677
c_1_50_822,5.4567695,-2.6128244
c_1_50_823,5.289716,1.5711973
c_1_50_824,5.7191525,-2.5650702
c_1_50_825,4.440934,-1.1584308
c_1_50_826,6.3944597,-4.242589
c_1_50_827,6.450515,-2.0251513
c_1_50_828,6.147853,-1.9233997
c_1_50_829,3.0688026,-3.365995
c_1_50_830,1.9968635,-0.09549709
c_1_50_831,6.942551,-3.2615073
c_1_50_832,5.6570644,-3.0827372
c_1_50_833,3.9980597,-2.8600872
c_1_50_834,6.062962,-0.07126948
c_1_50_835,4.676296,0.23656166
c_1_50_836,5.711511,-1.53993
c_1_50_837,5.675531,-0.9469309
c_1_50_838,3.332716,3.69567
c_1_50_839,6.471679,-0.79849726
c_1_50_840,5.6133056,-3.1637552
c_1_50_841,5.952,-0.7451629
c_1_50_842,5.720335,-2.3767204
c_1_50_843,6.251347,-4.185766
c_1_50_844,1.3940794,2.9695373
c_1_50_845,3.783281,1.1700722
c_1_50_846,4.225158,-0.056445498
c_1_50_847,2.9876723,0.26895553
c_1_50_848,6.111628,-3.1937442
c_1_50_849,4.2402296,-0.67258656
c_1_50_850,5.5533648,0.8300908
c_1_50_851,6.3965116,-2.7807252
c_1_50_852,5.6098714,-2.655716
c_1_50_853,5.5411973,-0.5416577
c_1_50_854,6.0465403,-0.36864403
c_1_50_855,4.3563075,-1.4714257
c_1_50_856,6.234029,-2.300278
c_1_50_857,4.892708,-1.9606723
c_1_50_858,5.2198353,-1.6612172
c_1_50_859,6.566192,-2.9167936
c_1_50_860,6.2950573,-1.5913874
c_1_50_861,6.562763,1.1009386
c_1_50_862,4.1873136,0.18375455
c_1_50_863,6.2542706,-1.3749813
c_1_50_864,6.5050845,-0.27144676
c_1_50_865,3.2245247,2.1354063
c_1_50_866,6.850711,-2.6782696
c_1_50_867,5.826999,-2.530012
c_1_50_868,4.343754,-3.2394714
c_1_50_869,6.617212,-2.86157
c_1_50_870,4.578214,-3.790567
c_1_50_871,4.5455046,1.1326861
c_1_50_872,6.1050706,-1.4717723
c_1_50_873,5.0281167,0.25868556
c_1_50_874,4.7682357,-2.3582404
c_1_50_875,6.2301974,-4.049803
c_1_50_876,4.761982,-0.42542633
c_1_50_877,6.9918413,-0.96134585
c_1_50_878,4.88476,-0.54177904
c_1_50_879,5.4579287,-1.5285447
c_1_50_880,1.884958,0.8866215
c_1_50_881,5.610233,0.6630074
c_1_50_882,3.4856603,-0.6252552
c_1_50_883,6.986832,-0.18813498
c_1_50_884,5.3100896,3.9941387
c_1_50_885,6.2490845,-1.2161316
c_1_50_886,5.0565505,-2.093396
c_1_50_887,4.3600316,-1.505318
c_1_50_888,1.4890386,-0.4293901
c_1_50_889,6.9778695,-3.2815015
c_1_50_890,4.2136016,1.5091841
c_1_50_891,6.8779554,-2.11196
c_1_50_892,3.2627096,-1.8352982
c_1_50_893,6.0283136,-2.8977613
c_1_50_894,6.2151213,-3.5356688
c_1_50_895,3.566892,-0.6630861
c_1_50_896,7.2661705,-1.6984012
c_1_50_897,4.938622,-2.5102127
c_1_50_898,6.4989777,-2.3028784
c_1_50_899,6.10241,-1.0783398
c_1_50_900,3.5346606,-1.1720935
c_1_50_901,6.518967,-4.0978904
c_1_50_902,5.391489,-2.365673
c_1_50_903,5.374503,-2.5941684
c_1_50_904,4.8656406,-0.8363342
c_1_50_905,6.1890574,-2.986334
c_1_50_906,6.488131,-0.86378706
c_1_50_907,0.6978984,2.5493965
c_1_50_908,3.4569173,0.66962117
c_1_50_909,1.6013023,1.8277059
c_1_50_910,6.2725954,-1.2302418
c_1_50_911,7.03992,-2.7276545
c_1_50_912,5.030626,-2.7491448
c_1_50_913,4.7905297,-0.7396597
c_1_50_914,4.898955,1.1801202
c_1_50_915,6.817666,-4.115037
c_1_50_916,6.221474,-1.0881578
c_1_50_917,5.614894,-0.053710528
c_1_50_918,2.5667589,5.593479
c_1_50_919,4.1358147,1.4269307
c_1_50_920,7.0140934,-0.7246943
c_1_50_921,5.4529905,-1.7136177
c_1_50_922,4.6192307,-2.1565733
c_1_50_923,4.567091,-0.26844168
c_1_50_924,4.007437,4.30079
c_1_50_925,4.9404335,-2.8392174
c_1_50_926,4.8855343,-2.4333723
c_1_50_927,4.7957826,-3.8775725
c_1_50_928,4.456615,-2.8031511
c_1_50_929,6.4188185,-1.6231585
c_1_50_930,3.667975,0.35720754
c_1_50_931,4.062141,-3.0487807
c_1_50_932,5.2638054,-0.90397084
c_1_50_933,4.575517,-2.5980844
c_1_50_934,3.8974717,-1.5340039
c_1_50_935,4.947317,-1.2905965
c_1_50_936,4.300497,-3.5501723
c_1_50_937,0.2074833,2.9387925
c_1_50_938,5.485825,-2.4587831
c_1_50_939,4.9826436,-2.9662132
c_1_50_940,7.05216,-3.409648
c_1_50_941,5.5242143,-3.7546904
c_1_50_942,7.1221085,-1.7339016
c_1_50_943,2.4650354,0.04629271
c_1_50_944,6.5744,-0.6171658
c_1_50_945,3.887497,-4.0040755
c_1_50_946,6.738035,-0.09752231
c_1_50_947,6.2033353,-0.3926687
c_1_50_948,7.338545,-3.5015416
c_1_50_949,5.719064,-3.3252149
c_1_50_950,0.19292907,2.8579948
c_1_50_951,6.1992874,-0.8564551
c_1_50_952,4.42915,-2.9901133
c_1_50_953,3.8233075,1.2987031
c_1_50_954,3.2129064,0.11180995
c_1_50_955,5.7565885,-1.373581
c_1_50_956,3.6494875,0.5751422
c_1_50_957,4.394135,-0.9192802
c_1_50_958,4.8359036,-1.5815761
c_1_50_959,6.4176893,0.19732583
c_1_50_960,2.0327759,-1.7967548
c_1_50_961,2.9633143,4.122384
c_1_50_962,3.0133305,3.966357
c_1_50_963,1.2414953,1.9656895
c_1_50_964,3.7807856,-1.2341987
c_1_50_965,5.819323,-2.0429251
c_1_50_966,4.6459336,-3.0174859
c_1_50_967,4.996153,-3.2543848
c_1_50_968,5.431778,-2.0077608
c_1_50_969,5.8083835,-1.7116271
c_1_50_970,5.616251,-0.8318021
c_1_50_971,5.8345456,-1.9048764
c_1_50_972,4.5694113,-2.563518
c_1_50_974,4.108989,-1.7829447
c_1_50_975,7.044352,-3.4383698
c_1_50_976,6.73494,-4.540382
c_1_50_977,3.018013,-0.16432732
c_1_50_978,4.7250934,-2.5622902
c_1_50_979,6.1262426,-0.84785575
c_1_50_980,6.214642,1.1693103
c_1_50_981,0.05490491,2.990734
c_1_50_982,6.359886,-1.4274008
c_1_50_983,2.4179761,2.6832058
c_1_50_984,6.1496725,-1.1937157
c_1_50_985,3.29052,-3.4137545
c_1_50_986,3.504498,-0.8244144
c_1_50_987,2.190915,4.01418
c_1_50_988,4.310522,-2.936193
c_1_50_989,5.6516395,-0.44364062
c_1_50_990,3.3688035,1.228953
c_1_50_991,1.6689103,-0.4570388
c_1_50_992,4.40292,-1.2267491
c_1_50_993,4.886713,1.054988
c_1_50_994,5.970779,-2.930401
c_1_50_995,6.397402,-1.1813618
c_1_50_996,4.353383,-2.8616383
c_1_50_997,6.391864,-1.0581379
c_1_50_998,5.272824,-3.8059418
c_1_50_999,4.9909554,-1.214411
c_1_50_1000,5.0837708,-1.7261486
c_1_50_1001,3.398954,-1.2942592
c_1_50_1002,2.6893923,-0.3815842
c_1_50_1003,5.487818,-3.080424
c_1_50_1004,3.339216,-2.2926888
c_1_50_1005,4.4950657,-1.0351496
c_1_50_1006,5.533723,-1.8639112
c_1_50_1008,4.5916,-2.3754728
c_1_50_1009,3.8070176,-2.8309817
c_1_50_1010,4.927034,-2.702569
c_1_50_1011,7.1918406,-3.0473363
c_1_50_1012,5.0649295,-0.11880238
c_1_50_1013,3.3420181,3.9876795
c_1_50_1014,5.686566,3.5314977
c_1_50_1015,5.5258927,-2.9184608
c_1_50_1016,4.450524,-1.5708209
c_1_50_1017,3.4796047,3.4693549
c_1_50_1018,7.4028254,-3.6280687
c_1_50_1019,2.6642573,4.9869924
c_1_50_1020,5.505749,-1.7236776
c_1_50_1021,4.312821,-1.0143148
c_1_50_1022,6.437089,-1.2248808
c_1_50_1023,0.62412614,2.2090487
c_1_50_1024,3.2678454,-4.0055094
c_1_50_1025,4.694841,-2.770941
c_1_50_1026,4.944633,2.0741704
c_1_50_1027,6.765523,-3.2158544
c_1_50_1028,5.4687166,2.4758694
c_1_50_1029,6.3706083,-2.687871
c_1_50_1030,6.5366325,-0.50294507
c_1_50_1031,3.7204924,-0.1404412
c_1_50_1032,4.367722,-1.1832328
c_1_50_1033,1.2910302,0.08602602
c_1_50_1034,1.0867102,2.5737946
c_1_50_1035,5.4911475,-0.61987567
c_1_50_1036,5.138693,1.9467628
c_1_50_1037,5.967064,-0.29457298
c_1_50_1038,5.0468054,-0.97440785
c_1_50_1039,4.923909,-1.3007939
c_1_50_1040,3.3676865,-1.4583724
c_1_50_1041,4.459346,-2.7716877
c_1_50_1042,2.7791195,0.25935665
c_1_50_1043,3.6556048,2.2385914
c_1_50_1044,0.9032772,2.54539
c_1_50_1045,6.0959067,-0.29324114
c_1_50_1046,5.6839085,-2.026057
c_1_50_1047,3.0923765,5.3062563
c_1_50_1048,5.3458924,2.6749997
c_1_50_1049,6.592553,-3.3551004
c_1_50_1050,6.4438744,-3.3902776
c_1_50_1051,5.5461826,-0.936083
c_1_50_1052,2.7089713,4.9060597
c_1_50_1053,2.5851307,1.4964465
c_1_50_1054,4.7520185,-2.3983848
c_1_50_1055,5.924815,-4.1101832
c_1_50_1056,3.4093206,-2.0444903
c_1_50_1057,2.096124,0.31111985
c_1_50_1058,5.8432345,-2.97653
c_1_50_1059,2.910916,-1.2182766
c_1_50_1060,3.8678021,1.452658
c_1_50_1061,6.5401316,-3.0584154
c_1_50_1062,6.361119,-1.7869025
c_1_50_1063,4.1730204,-1.743313
c_1_50_1064,3.5127275,-1.4548113
c_1_50_1065,4.7769012,-1.598662
c_1_50_1066,3.443097,-2.5465987
c_1_50_1067,6.87475,-2.2741046
c_1_50_1068,2.922397,2.8210566
c_1_50_1069,5.072705,-3.0634503
c_1_50_1070,5.416796,-0.58424115
c_1_50_1071,3.104809,-3.0935254
c_1_50_1072,4.416648,-2.4800067
c_1_50_1073,5.2889543,-0.991115
c_1_50_1074,3.2046392,4.3672824
c_1_50_1075,6.9879217,0.108021535
c_1_50_1076,0.28394783,2.2895901
c_1_50_1077,4.05009,1.8903933
c_1_50_1078,3.5918615,-1.6691792
c_1_50_1079,5.823707,-1.1316994
c_1_50_1080,6.6791778,-4.037694
c_1_50_1081,5.0575733,-1.653965
c_1_50_1082,3.512568,-1.0167089
c_1_50_1083,4.78035,-0.47116807
c_1_50_1084,1.6066515,-0.55178887
c_1_50_1085,1.7725717,1.3820437
c_1_50_1086,0.6544814,2.7850146
c_1_50_1087,5.550299,-3.9327374
c_1_50_1088,5.968943,-1.248009
c_1_50_1089,4.4560437,1.8042688
c_1_50_1090,4.706692,-0.1288943
c_1_50_1091,2.5259595,2.152785
c_1_50_1092,5.796396,-3.9751766
c_1_50_1093,2.8557365,4.7924685
c_1_50_1094,6.7693214,-1.7095728
c_1_50_1095,4.4100194,-3.0529354
c_1_50_1096,4.921084,-2.7009718
c_1_50_1097,6.9460416,0.03004938
c_1_50_1098,5.2362523,-2.6256635
c_1_50_1099,4.641548,-0.94992733
c_1_50_1100,2.9048731,2.0542161
c_1_50_1101,4.7564006,-1.7484456
c_1_50_1102,5.67374,-3.5225334
c_1_50_1103,4.3187766,-1.9430231
c_1_50_1104,5.7540236,-1.3706901
c_1_50_1105,5.979462,2.9520936
c_1_50_1106,3.9367645,2.0037968
c_1_50_1107,4.559146,-1.957192
c_1_50_1108,5.074306,-1.2360405
c_1_50_1109,1.6316904,-1.7750481
c_1_50_1110,3.9384263,-3.2068524
c_1_50_1111,2.6507986,5.2147527
c_1_50_1112,4.4601846,-0.76378155
c_1_50_1113,5.303266,-2.5285575
c_1_50_1114,6.266938,2.6402555
c_1_50_1115,2.3902774,-1.0824023
c_1_50_1116,4.1034503,-1.0165035
c_1_50_1117,2.0009158,4.154268
c_1_50_1118,5.281715,0.6542967
c_1_50_1119,0.09929767,0.4410719
c_1_50_1120,3.3185658,-3.6943693
c_1_50_1121,3.9735599,-2.3717175
c_1_50_1122,1.8356489,-0.3016763
c_1_50_1123,3.5682337,2.3128
c_1_50_1124,1.112775,2.5265985
c_1_50_1125,6.817818,-1.406348
c_1_50_1126,5.786572,-0.4491857
c_1_50_1127,6.0635157,-0.43133345
c_1_50_1128,4.146016,-3.5132372
c_1_50_1129,5.45828,-2.2270226
c_1_50_1130,3.2002573,-0.49630404
c_1_50_1131,5.174668,-2.537103
c_1_50_1132,3.8365388,-2.627313
c_1_50_1133,3.6450825,-2.760646
c_1_50_1134,2.0643353,3.010682
c_1_50_1135,5.459152,-4.1484885
c_1_50_1136,3.5574343,-1.6048305
c_1_50_1137,7.553629,-3.2229419
c_1_50_1138,3.3070185,2.7847033
c_1_50_1139,4.5326056,0.4612391
c_1_50_1140,4.994703,1.6028097
c_1_50_1141,2.3564942,2.5716202
c_1_50_1142,4.504856,-3.2152004
c_1_50_1143,2.7536519,3.9671304
c_1_50_1144,4.937329,-2.9080145
c_1_50_1145,5.5699186,-2.000407
c_1_50_1146,3.3489199,-3.385941
c_1_50_1147,6.7159996,-0.9695681
c_1_50_1148,6.612347,-4.556435
c_1_50_1149,2.9559834,3.438629
c_1_50_1150,3.3613348,-1.3154583
c_1_50_1151,3.7322538,-3.2248206
c_1_50_1152,3.639578,-2.3503041
c_1_50_1153,3.6470006,-0.46493712
c_1_50_1154,1.5482382,4.2137284
c_1_50_1155,3.97761,-3.074521
c_1_50_1156,5.0892587,-1.6805913
c_1_50_1157,4.355138,-3.2221599
c_1_50_1158,5.1337743,-1.6717321
c_1_50_1159,3.7241402,0.6033584
c_1_50_1160,2.886227,-2.404587
c_1_50_1161,3.905454,1.1067528
c_1_50_1162,0.6405124,3.7407308
c_1_50_1163,3.3087947,-3.9959722
c_1_50_1164,3.1624665,4.155414
c_1_50_1165,4.8157973,0.8628384
c_1_50_1166,4.946051,-2.7918463
c_1_50_1167,4.7713923,3.895229
c_1_50_1168,2.9258978,5.3814898
c_1_50_1169,5.572575,-2.3974948
c_1_50_1170,3.5813696,-2.8682756
c_1_50_1171,2.8041868,-3.3104875
c_1_50_1172,4.550816,-3.6345038
c_1_50_1173,4.765058,-1.8893234
c_1_50_1174,3.4448514,4.1748295
c_1_50_1175,3.3642552,-2.0996482
c_1_50_1176,3.235605,-0.3482496
c_1_50_1177,3.198448,1.8203235
c_1_50_1178,6.3999333,-0.10502555
c_1_50_1179,7.4105124,0.8800937
c_1_50_1180,4.4503803,0.934645
c_1_50_1181,2.9701278,1.477614
c_1_50_1182,5.137287,-1.032816
c_1_50_1183,3.9357262,-2.3850543
c_1_50_1184,2.6979911,-0.95423764
c_1_50_1185,1.8591772,5.462908
c_1_50_1186,6.086771,3.2813745
c_1_50_1187,4.0030074,-1.9674464
c_1_50_1188,2.5173218,-0.28476468
c_1_50_1189,0.67716444,0.4609269
c_1_50_1190,4.327434,-0.65059566
c_1_50_1191,6.341488,-0.5549949
c_1_50_1192,5.964851,1.8157158
c_1_50_1193,2.0504923,4.5028806
c_1_50_1194,3.989649,-1.8299819
c_1_50_1195,1.1851313,4.782903
c_1_50_1196,3.9259896,-2.1704063
c_1_50_1197,5.2475257,0.21808538
c_1_50_1198,3.455841,-3.670167
c_1_50_1199,3.049941,1.0656449
c_1_50_1200,1.2410604,2.218754
c_1_50_1201,5.1207156,-2.057344
c_1_50_1202,2.4067886,-1.349514
c_1_50_1203,5.0473356,-2.6331182
c_1_50_1204,0.70567006,3.5304627
c_1_50_1205,0.3960299,3.021717
c_1_50_1206,2.4604661,5.190116
c_1_50_1207,5.570094,0.9741924
c_1_50_1208,5.991882,2.8318152
c_1_50_1209,4.4767528,-3.401793
c_1_50_1210,5.7230616,-3.55326
c_1_50_1211,4.437108,3.8136272
c_1_50_1212,2.72574,-1.0512612
c_1_50_1213,5.67545,-1.2817272
c_1_50_1214,3.0127776,-3.9218512
c_1_50_1215,3.697917,-2.0520957
c_1_50_1216,3.2986617,1.4347742
c_1_50_1217,2.9411108,1.1439626
c_1_50_1218,5.294207,-2.4614203
c_1_50_1219,3.4521196,-0.10720291
c_1_50_1220,6.033668,-0.6258597
c_1_50_1221,5.6410136,3.8069797
c_1_50_1222,4.590863,-1.9404006
c_1_50_1223,2.5426521,-3.5674057
c_1_50_1224,0.46779853,3.159347
c_1_50_1225,5.838833,-1.5884755
c_1_50_1226,3.986246,0.5401627
c_1_50_1227,2.0202508,-2.9512343
c_1_50_1228,4.9892964,-1.4565243
c_1_50_1229,3.235074,3.9798658
c_1_50_1230,5.9880886,3.2960286
c_1_50_1231,3.394088,-2.7835324
c_1_50_1232,-0.032601476,2.9831247
c_1_50_1233,3.3510957,3.6998665
c_1_50_1234,4.411818,-2.985213
c_1_50_1235,3.3560407,-0.9934286
c_1_50_1236,4.3427687,-1.4663845
c_1_50_1237,4.162758,-1.7949258
c_1_50_1238,0.9311345,0.34915742
c_1_50_1239,4.4874215,-2.5302434
c_1_50_1240,3.7217007,-3.23308
c_1_50_1241,1.581849,2.3448126
c_1_50_1242,3.345542,2.8607578
c_1_50_1243,4.1095395,2.142037
c_1_50_1244,5.862079,0.16733266
c_1_50_1245,5.1768847,-0.95334953
c_1_50_1246,4.348383,-1.3075932
c_1_50_1247,5.187241,2.4232225
c_1_50_1248,4.0165596,-2.5462186
c_1_50_1249,2.8027284,-3.3021402
c_1_50_1250,3.7756133,-1.7438445
c_1_50_1251,6.00827,-0.7558338
c_1_50_1252,3.4794466,2.9051063
c_1_50_1253,6.386461,-0.59395796
c_1_50_1254,2.935383,3.14263
c_1_50_1255,0.7335642,2.763564
c_1_50_1256,1.5769751,3.2909303
c_1_50_1257,5.7430573,4.033015
c_1_50_1258,4.9424005,-2.1251767
c_1_50_1259,4.4875455,-1.563607
c_1_50_1260,6.2468643,1.3772558
c_1_50_1261,4.0080113,-1.9852213
c_1_50_1262,4.9667187,-1.36174
c_1_50_1263,3.5224152,-1.5271432
c_1_50_1264,2.3817043,-3.8421795
c_1_50_1265,5.1565366,1.366132
c_1_50_1266,2.7552214,5.750113
c_1_50_1267,3.0526805,-3.0684738
c_1_50_1268,4.8676395,-1.5077422
c_1_50_1269,5.0440426,-3.0793507
c_1_50_1270,3.220912,2.0221448
c_1_50_1271,6.2225137,1.9445795
c_1_50_1272,4.5363274,1.6980333
c_1_50_1273,0.17304428,3.0851884
c_1_50_1274,6.680358,-1.0277685
c_1_50_1275,2.9933484,-1.6025628
c_1_50_1276,1.6084043,3.1085083
c_1_50_1277,2.8960662,-3.0490506
c_1_50_1278,3.1497695,3.5802858
c_1_50_1279,4.371341,0.80198014
c_1_50_1280,4.20274,-0.94964254
c_1_50_1281,5.0548773,-1.5399321
c_1_50_1282,3.7677531,-3.7804582
c_1_50_1283,3.93777,-0.0686027
c_1_50_1284,2.7932212,1.9525325
c_1_50_1285,5.415383,0.4288515
c_1_50_1286,5.1534166,-1.7265314
c_1_50_1287,1.9025306,1.3700558
c_1_50_1288,2.5143435,5.533418
c_1_50_1289,5.130621,2.3455343
c_1_50_1290,3.439372,-3.017553
c_1_50_1291,0.82799536,3.2247076
c_1_50_1292,4.50903,-2.5191236
c_1_50_1293,1.3719314,2.6964166
c_1_50_1294,3.115899,-1.8611751
c_1_50_1295,3.7159705,-3.0700989
c_1_50_1296,2.7853224,-3.4424682
c_1_50_1297,2.611543,0.26340723
c_1_50_1298,5.4791427,-0.80694324
c_1_50_1299,0.65821534,3.506588
c_1_50_1300,2.665897,-1.0069886
c_1_50_1301,5.3384013,-1.6939104
c_1_50_1302,3.4332025,-1.9940423
c_1_50_1303,3.5225894,-1.4759076
c_1_50_1304,5.520007,2.7706451
c_1_50_1305,2.6155293,-0.1043099
c_1_50_1306,0.6284022,2.8873203
c_1_50_1307,1.4476029,2.2255697
c_1_50_1308,4.171249,-1.3094364
c_1_50_1309,4.4099116,0.875205
c_1_50_1310,3.1198542,2.167892
c_1_50_1311,2.6527164,-1.634749
c_1_50_1312,2.953794,-3.6097796
c_1_50_1313,3.6928117,3.4314525
c_1_50_1314,3.1025186,0.7560747
c_1_50_1315,2.1040738,1.4008652
c_1_50_1316,7.1024265,2.5687943
c_1_50_1317,3.2449212,4.1248817
c_1_50_1318,2.8065245,-0.79057854
c_1_50_1319,0.52446777,2.3837442
c_1_50_1320,2.721936,1.5959322
c_1_50_1321,5.410409,1.0725257
c_1_50_1322,3.2729943,-3.583959
c_1_50_1323,3.1104667,-0.07735336
c_1_50_1324,6.03281,-0.36820483
c_1_50_1325,3.1604161,-0.75364417
c_1_50_1326,4.449291,-2.632061
c_1_50_1327,3.3902202,1.1486471
c_1_50_1328,5.453528,1.3338689
c_1_50_1329,3.7666543,-2.5589542
c_1_50_1330,3.9444616,-2.8740268
c_1_50_1331,3.469079,0.053477883
c_1_50_1332,0.8731535,2.5028548
c_1_50_1333,2.9656355,-3.6950622
c_1_50_1334,3.0949364,-1.7197449
c_1_50_1335,4.2698956,0.12966667
c_1_50_1336,5.874898,3.8598275
c_1_50_1337,3.20817,4.0383315
c_1_50_1338,1.2798209,3.2882764
c_1_50_1339,5.295684,-2.0549328
c_1_50_1340,4.285226,-3.5620303
c_1_50_1341,2.2278287,-0.037785627
c_1_50_1342,1.5111748,0.15279172
c_1_50_1343,4.2985764,4.600208
c_1_50_1344,3.5942395,-0.33013156
c_1_50_1345,-0.3179412,0.30380893
c_1_50_1346,4.004711,-3.0061116
c_1_50_1347,2.8232644,0.22035737
c_1_50_1348,3.9433413,-0.17423972
c_1_50_1349,2.08021,0.25754616
c_1_50_1350,2.9220767,-1.1480721
c_1_50_1351,3.425733,-1.9345462
c_1_50_1352,2.9416437,-2.4802816
c_1_50_1353,3.4055407,-1.555991
c_1_50_1354,3.8166037,-0.8614469
c_1_50_1355,1.9005412,-2.5131414
c_1_50_1356,3.9286644,-2.0798419
c_1_50_1357,6.27371,2.4526162
c_1_50_1358,2.3754258,-3.4409826
c_1_50_1359,4.962545,1.3566256
c_1_50_1360,3.018048,-3.7393174
c_1_50_1361,3.4357908,-2.1197095
c_1_50_1362,4.089257,-1.440597
c_1_50_1363,4.772476,3.9953082
c_1_50_1364,2.9623544,1.5137713
c_1_50_1365,3.0423415,-2.2196307
c_1_50_1366,3.3444011,-3.0092285
c_1_50_1367,2.5209835,4.006427
c_1_50_1368,3.4076567,0.8318668
c_1_50_1369,2.9761484,3.7644434
c_1_50_1370,3.837004,0.36165065
c_1_50_1371,2.328679,-1.1794469
c_1_50_1372,3.5023363,-0.25709862
c_1_50_1373,2.782013,5.330081
c_1_50_1374,5.9456224,-0.6718751
c_1_50_1375,3.0493062,-1.8528666
c_1_50_1376,2.5775075,-1.9768012
c_1_50_1377,3.2074745,-3.650088
c_1_50_1378,2.8175626,-2.2598665
c_1_50_1379,1.9604882,-0.86535996
c_1_50_1380,3.3604314,2.0290148
c_1_50_1381,4.9586673,-0.01434725
c_1_50_1382,1.2799914,2.9583716
c_1_50_1383,4.2306857,-0.95372194
c_1_50_1384,2.3685634,-3.5505216
c_1_50_1385,0.71899277,3.1676893
c_1_50_1386,3.6792536,-0.7477694
c_1_50_1387,4.3826776,1.1824126
c_1_50_1388,3.1873536,4.681291
c_1_50_1389,5.991465,3.4186182
c_1_50_1390,7.958462,2.8781986
c_1_50_1391,5.0065784,-0.22762723
c_1_50_1392,2.861874,-1.1361774
c_1_50_1393,3.0757353,2.3276346
c_1_50_1394,2.7821443,-1.5672466
c_1_50_1395,6.1347556,3.1681411
c_1_50_1396,1.865858,2.7980402
c_1_50_1397,1.3019576,-0.70168084
c_1_50_1398,3.7994466,-1.3638891
c_1_50_1399,2.4841423,-2.263069
c_1_50_1400,4.147821,1.4651581
c_1_50_1401,4.573218,-3.1791086
c_1_50_1402,4.9031615,1.1459819
c_1_50_1403,3.999605,-1.588202
c_1_50_1404,2.3828442,0.38639295
c_1_50_1405,5.4512086,1.8991994
c_1_50_1406,3.008565,4.3960524
c_1_50_1407,2.923987,4.1439095
c_1_50_1408,2.467232,-3.17605
c_1_50_1409,4.546704,-0.8153229
c_1_50_1410,3.0118806,3.6171567
c_1_50_1411,6.07465,1.58281
c_1_50_1412,1.893185,2.2065682
c_1_50_1413,3.3730524,0.49099952
c_1_50_1414,2.910481,-2.2035258
c_1_50_1415,2.989544,3.0746174
c_1_50_1416,1.2678446,3.5837424
c_1_50_1417,4.3129253,-1.447072
c_1_50_1418,1.8259314,-3.0332177
c_1_50_1419,2.1196723,-0.60155815
c_1_50_1420,4.6917095,-3.8647435
c_1_50_1421,2.540976,-3.5554528
c_1_50_1422,3.2718942,-3.1694753
c_1_50_1423,5.4274187,-1.5635297
c_1_50_1424,3.9108856,1.9020349
c_1_50_1425,3.8502913,3.7678654
c_1_50_1426,5.040368,0.062393203
c_1_50_1427,3.1902757,1.2662343
c_1_50_1428,2.6260464,-1.4942193
c_1_50_1429,3.4566915,-3.9728236
c_1_50_1430,2.889881,-1.82587
c_1_50_1431,3.1651053,-3.0231197
c_1_50_1432,2.0442872,-3.669833
c_1_50_1433,5.7675114,2.9307766
c_1_50_1434,6.383493,-0.5982773
c_1_50_1435,5.98261,1.6058313
c_1_50_1436,2.2050738,1.9109591
c_1_50_1437,1.5395778,3.8539867
c_1_50_1438,3.9940405,-3.1778605
c_1_50_1439,2.2813559,1.2250649
c_1_50_1440,3.2888796,3.7342372
c_1_50_1441,5.308048,1.2424423
c_1_50_1442,5.725125,4.2824845
c_1_50_1443,2.4563625,-1.2570907
c_1_50_1444,4.803192,-0.025283203
c_1_50_1445,4.477986,-0.6696031
c_1_50_1446,2.5762262,-3.2819107
c_1_50_1447,4.986923,-0.47843745
c_1_50_1448,1.9158013,-3.0927105
c_1_50_1449,5.376806,0.65469396
c_1_50_1450,2.3020473,4.1261787
c_1_50_1451,3.0268998,-2.9202535
c_1_50_1452,4.8955154,-2.3569121
c_1_50_1453,4.581966,0.8039974
c_1_50_1454,2.5935123,0.49890187
c_1_50_1455,5.346294,-1.2450485
c_1_50_1456,1.3309189,-0.8445384
c_1_50_1457,1.4954436,-2.1753109
c_1_50_1458,2.2061987,-3.6222434
c_1_50_1459,4.893731,0.028784972
c_1_50_1460,2.9981327,4.20887
c_1_50_1461,3.7650912,2.3600419
c_1_50_1462,5.849982,3.9362013
c_1_50_1463,2.0663767,-3.0567324
c_1_50_1464,3.0553715,-2.0263512
c_1_50_1465,2.3529274,-3.0942693
c_1_50_1466,6.205721,4.274498
c_1_50_1467,5.550538,3.9078946
c_1_50_1468,2.9116251,5.6932693
c_1_50_1469,2.107764,-2.4537523
c_1_50_1470,5.0244365,0.90759856
c_1_50_1471,4.2673426,-0.10838854
c_1_50_1472,3.1800303,-3.9111428
c_1_50_1473,2.8707893,-3.2727718
c_1_50_1474,1.8757833,1.5896196
c_1_50_1475,5.5791764,0.6305016
c_1_50_1476,4.0121365,-3.0098226
c_1_50_1477,2.4725955,-1.1330811
c_1_50_1478,2.1545444,-0.1222004
c_1_50_1479,3.4947226,0.16814198
c_1_50_1480,2.8117683,-3.0483396
c_1_50_1481,1.9595919,-2.6030495
c_1_50_1482,2.6175919,-2.236847
c_1_50_1483,1.563281,-2.6822314
c_1_50_1484,4.1828074,4.493813
c_1_50_1485,5.637954,-0.19610415
c_1_50_1486,2.8272681,1.240894
c_1_50_1487,5.476373,3.2774053
c_1_50_1488,2.624457,-2.8424428
c_1_50_1489,2.523304,5.0520964
c_1_50_1490,2.3249843,-3.5740213
c_1_50_1491,2.447865,-3.3323162
c_1_50_1492,5.0140615,-1.7353443
c_1_50_1493,4.0674233,-3.403949
c_1_50_1494,4.5649667,0.8444692
c_1_50_1495,2.6207154,-1.8200874
c_1_50_1496,2.73248,-3.7521489
c_1_50_1497,4.4893484,1.1548798
c_1_50_1498,4.596272,-2.1496558
c_1_50_1499,3.6501303,-1.6211365
c_1_50_1501,6.1245203,0.9728125
c_1_50_1502,4.168371,-1.3252443
c_1_50_1503,6.048158,3.1342292
c_1_50_1504,2.893989,-3.1345234
c_1_50_1505,7.471777,2.7208822
c_1_50_1506,2.3431349,-2.8357675
c_1_50_1507,4.839373,-0.84535146
c_1_50_1508,2.336523,-2.3610346
c_1_50_1509,6.342783,0.4627926
c_1_50_1510,2.3267815,-2.9288943
c_1_50_1511,4.2518306,0.19890696
c_1_50_1512,4.864647,1.7083935
c_1_50_1513,1.7208256,2.733163
c_1_50_1514,4.7730727,1.0988469
c_1_50_1515,2.7880478,-1.0114286
c_1_50_1516,5.898023,-0.07306847
c_1_50_1517,1.2110146,2.5052977
c_1_50_1518,1.9055196,-2.6346323
c_1_50_1519,6.017226,-0.018820675
c_1_50_1520,2.8895268,-3.3997722
c_1_50_1521,5.5831037,1.9645914
c_1_50_1522,4.927778,-1.1398737
c_1_50_1523,3.1255379,-1.7797015
c_1_50_1524,2.6908982,-3.1237514
c_1_50_1525,4.2154117,0.36712882
c_1_50_1526,3.6364794,-2.148523
c_1_50_1527,0.6858922,3.3440197
c_1_50_1528,2.77836,-3.6511345
c_1_50_1529,5.6392555,3.106271
c_1_50_1530,4.9205847,0.6173469
c_1_50_1531,2.0065413,-3.66058
c_1_50_1532,3.9270895,-0.68468845
c_1_50_1533,3.8072865,-3.241469
c_1_50_1534,4.008856,-0.76932514
c_1_50_1535,3.213681,1.2628968
c_1_50_1536,2.2764032,-2.730376
c_1_50_1537,6.2585993,3.1691756
c_1_50_1539,8.597331,3.4044619
c_1_50_1541,2.302741,-3.335879
c_1_50_1543,4.7663136,1.0849682
c_1_50_1545,9.163759,2.6657135
c_1_50_1546,3.999995,-1.7159814
c_1_50_1547,5.760561,3.2983272
c_1_50_1549,8.283832,2.3254771
c_1_50_1550,9.3811655,4.036368
c_1_50_1551,8.163207,3.3382027
c_1_50_1552,9.3430395,4.002152
c_1_50_1553,8.02249,3.9512227
c_1_50_1555,3.8257267,-2.9552698
c_1_50_1556,2.3196838,5.444846
c_1_50_1558,8.904693,4.161495
c_1_50_1559,5.211176,3.6077356
c_1_50_1560,3.7730134,-2.826487
c_1_50_1561,8.943552,3.968517
c_1_50_1562,7.0784445,3.2777667
c_1_50_1563,9.566388,3.9405746
c_1_50_1565,2.640676,5.6553645
c_1_50_1566,0.53864586,0.01657386
c_1_50_1568,6.596187,0.8514045
c_1_50_1570,4.893732,-0.68171895
c_1_50_1572,0.9130729,0.4778097
c_1_50_1573,8.478918,3.5274875
c_1_50_1574,10.025026,3.8419986
c_1_50_1576,0.0016457879,0.35236666
c_1_50_1581,8.976369,2.1332374
c_1_50_1583,8.447154,0.78507435
c_1_50_1584,5.4155035,2.6375976
c_1_50_1585,3.5527003,5.433424
c_1_50_1586,5.267457,4.3394775
c_1_50_1587,5.819322,-2.048992
c_1_50_1588,6.1474743,1.9179306
c_1_50_1589,2.3975878,5.47145
c_1_50_1592,7.7186995,2.3211913
c_1_50_1594,6.171526,2.7288756
c_1_50_1595,6.1666,3.36075
c_1_50_1596,7.1378226,3.1551254
c_1_50_1597,7.727875,4.731126
c_1_50_1599,6.151715,1.1662508
c_1_50_1600,4.465916,1.4940557
c_1_50_1601,7.429226,2.6904392
c_1_50_1603,2.95987,-1.1241058
c_1_50_1604,7.51678,5.209587
c_1_50_1605,2.2183754,-1.3935317
c_1_50_1606,7.099587,2.8541105
c_1_50_1607,1.128394,0.36314204
c_1_50_1609,2.752121,1.437826
c_1_50_1610,8.6521845,2.5241027
c_1_50_1612,7.621042,0.69434214
c_1_50_1614,6.212008,0.028159155
c_1_50_1615,6.937352,2.1222265
c_1_50_1616,8.381966,4.572264
c_1_50_1617,8.37498,4.3842673
c_1_50_1618,8.608141,2.8893952
c_1_50_1619,0.10320593,0.4469766
c_1_50_1621,6.4377728,-1.2476931
c_1_50_1622,7.9832954,3.8118536
c_1_50_1623,7.2098994,4.5013576
c_1_50_1624,7.272131,3.9217968
c_1_50_1625,2.832153,-1.9384856
c_1_50_1627,8.21548,2.282621
c_1_50_1628,5.937388,-1.3720293
c_1_50_1630,7.871026,0.21265692
c_1_50_1631,7.3723674,2.5549877
c_1_50_1632,5.636689,0.33366883
c_1_50_1633,2.059887,5.524989
c_1_50_1634,8.526307,4.9621115
c_1_50_1635,4.2864027,-2.1704237
c_1_50_1636,8.221583,4.527912
c_1_50_1637,6.25416,-0.49902248
c_1_50_1639,4.5441093,2.8805046
c_1_50_1640,4.776512,-0.7282183
c_1_50_1641,7.5241175,5.750797
c_1_50_1642,8.540617,4.698674
c_1_50_1643,7.6618114,3.3900576
c_1_50_1644,6.3680606,2.1761491
c_1_50_1645,7.12084,2.6975102
c_1_50_1646,8.101385,5.536365
c_1_50_1647,8.451992,-0.0014843851
c_1_50_1648,6.86241,1.3853228
c_1_50_1649,2.855399,0.48739126
c_1_50_1650,8.328509,5.203119
c_1_50_1651,7.088596,2.3479877
c_1_50_1652,8.198639,4.66174
c_1_50_1654,7.287502,1.9500844
c_1_50_1655,7.3466,4.121754
c_1_50_1657,2.3094845,5.251298
c_1_50_1659,4.44112,0.44496077
c_1_50_1661,6.641625,-2.5478582
c_1_50_1662,7.496124,5.1366653
c_1_50_1663,7.8941326,5.5283384
c_1_50_1664,7.647264,5.482449
c_1_50_1665,7.952389,4.63735
c_1_50_1666,9.44133,4.058931
c_1_50_1667,7.40902,4.1026554
c_1_50_1668,7.19097,0.011015372
c_1_50_1670,8.412891,1.3866011
c_1_50_1671,2.1747017,-0.73715895
c_1_50_1672,8.11538,4.3580947
c_1_50_1674,5.576839,-1.7389767
c_1_50_1675,6.3580427,1.4629493
c_1_50_1676,2.8383124,5.605163
c_1_50_1678,6.936335,-0.0632152
c_1_50_1679,8.250043,3.5876656
c_1_50_1680,5.3444834,1.266431
c_1_50_1681,8.372948,4.2534366
c_1_50_1682,2.3885598,0.4202965
c_1_50_1684,8.336262,5.2620797
c_1_50_1685,6.956878,0.7663044
c_1_50_1686,5.438171,1.5114212
c_1_50_1687,6.6382294,0.6442931
c_1_50_1688,7.839883,5.9693756
c_1_50_1690,6.681383,1.9094319
c_1_50_1691,8.842419,4.9157968
c_1_50_1692,7.969929,5.257088
c_1_50_1693,8.20907,5.2193623
c_1_50_1694,8.872333,2.573242
c_1_50_1695,8.365341,5.3920546
c_1_50_1696,8.308688,2.2993271
c_1_50_1697,8.252423,1.9399829
c_1_50_1698,6.437905,2.4117832
c_1_50_1701,7.77084,3.1765504
c_1_50_1702,3.9479373,-0.6393229
c_1_50_1703,7.894333,5.4188833
c_1_50_1704,8.372907,5.936566
c_1_50_1705,3.6798375,4.522774
c_1_50_1706,9.226873,1.6608025
c_1_50_1707,8.457594,6.0584583
c_1_50_1708,6.82812,3.9220724
c_1_50_1709,2.554098,5.666103
c_1_50_1710,8.720723,4.2884116
c_1_50_1711,5.06291,0.54936415
c_1_50_1717,8.16536,2.555787
c_1_50_1720,6.5771265,2.6695435
c_1_50_1721,7.5753183,2.0007696
c_1_50_1722,6.766617,2.2880232
c_1_50_1723,7.5418153,5.0493736
c_1_50_1727,7.6447024,3.2132723
c_1_50_1728,3.6077425,4.2967153
c_1_50_1729,9.391974,5.9908423
c_1_50_1731,8.173637,4.7658157
c_1_50_1732,8.60803,5.564525
c_1_50_1737,8.167635,4.8472323
c_1_50_1738,8.458341,5.970669
c_1_50_1739,7.6174197,1.348526
c_1_50_1740,8.312368,5.194491
c_1_50_1741,8.788772,5.3451915
c_1_50_1742,6.4288173,0.58172977
c_1_50_1743,8.548821,5.2158012
c_1_50_1744,8.28517,4.545946
c_1_50_1746,7.954096,5.866219
c_1_50_1747,8.4548025,4.5115895
c_1_50_1748,8.402994,6.1086097
c_1_50_1749,7.5798855,4.5073195
c_1_50_1750,6.7706604,1.2992271
c_1_50_1751,8.784293,4.1279836
c_1_50_1752,8.683177,5.069065
c_1_50_1753,2.979466,-0.2387625
c_1_50_1755,7.511509,5.3875113
c_1_50_1756,7.030997,4.5640616
c_1_50_1757,9.936794,4.21458
c_1_50_1758,7.483673,2.9566774
c_1_50_1759,6.3291817,0.70501596
c_1_50_1760,2.8440073,4.5745463
c_1_50_1761,7.451667,4.8631387
c_1_50_1762,7.5863404,4.531132
c_1_50_1763,7.790101,4.204929
c_1_50_1764,7.453111,1.5192562
c_1_50_1765,8.72343,4.3170657
c_1_50_1766,8.55053,4.8361197
c_1_50_1767,3.3104427,4.9856052
c_1_50_1768,3.993759,-0.31395742
c_1_50_1769,8.795934,5.6616006
c_1_50_1770,4.4680266,4.868815
c_1_50_1772,7.6935177,4.542982
c_1_50_1773,7.6167603,4.5934663
c_1_50_1774,7.2367883,3.7859943
c_1_50_1775,8.043714,1.9277905
c_1_50_1776,8.424149,5.6275287
c_1_50_1777,9.449198,1.2271972
c_1_50_1778,2.8650975,5.1994123
c_1_50_1780,6.7526364,3.690245
c_1_50_1781,6.7925396,0.8213355
c_1_50_1782,6.5620265,3.59199
c_1_50_1783,6.9892387,3.2517414
c_1_50_1784,7.5136957,4.2819896
c_1_50_1785,7.1252856,5.1159573
c_1_50_1786,8.093162,4.2542567
c_1_50_1787,7.3911004,4.332266
c_1_50_1788,7.9039154,4.334995
c_1_50_1789,8.410525,4.097474
c_1_50_1791,7.1600394,3.6813018
c_1_50_1792,7.613704,3.5306792
c_1_50_1793,8.967165,5.7560215
c_1_50_1794,5.80589,2.0296128
c_1_50_1796,7.654909,3.043571
c_1_50_1797,7.684668,2.043929
c_1_50_1798,7.5862055,2.9784648
c_1_50_1799,8.089968,2.8271637
c_1_50_1800,8.200051,3.9732509
c_1_50_1802,5.5233083,1.6160179
c_1_50_1803,8.216089,2.4040391
c_1_50_1804,7.0461516,4.0669465
c_1_50_1805,6.587869,2.5094635
c_1_50_1806,7.9548125,4.9811044
c_1_50_1807,6.758759,2.6917164
c_1_50_1808,7.156297,2.0556235
c_1_50_1809,8.951711,5.5424485
c_1_50_1810,7.5593905,4.8216987
c_1_50_1811,9.111903,2.5485907
c_1_50_1812,6.625925,3.5645587
c_1_50_1814,8.509933,5.475126
c_1_50_1815,8.107932,3.3854592
c_1_50_1816,9.18376,6.1825204
c_1_50_1817,8.812882,5.9467473
c_1_50_1818,8.362413,4.431591
c_1_50_1819,7.372231,4.235554
c_1_50_1820,7.81691,2.293919
c_1_50_1821,7.5240984,4.993476
c_1_50_1822,8.800792,5.202469
c_1_50_1823,6.7104025,1.779224
c_1_50_1824,8.482809,5.3653874
c_1_50_1825,7.691063,5.8619423
c_1_50_1826,8.387812,4.509875
c_1_50_1828,7.7522054,3.9933872
c_1_50_1829,7.032375,3.6077585
c_1_50_1830,7.074093,2.9831245
c_1_50_1831,7.924797,0.372259
c_1_50_1832,8.680382,5.7294197
c_1_50_1833,8.765699,4.920462
c_1_50_1834,2.0328987,-1.565622
c_1_50_1835,8.285155,4.6282277
c_1_50_1836,7.732396,4.438961
c_1_50_1837,8.501691,2.896954
c_1_50_1839,5.898455,4.1480527
c_1_50_1840,9.04631,3.752175
c_1_50_1841,8.057791,4.1482224
c_1_50_1842,7.105533,1.4415636
c_1_50_1843,8.204841,4.645949
c_1_50_1844,8.523629,5.3068576
c_1_50_1846,6.3569527,0.86255556
c_1_50_1847,7.9697094,4.1616554
c_1_50_1848,7.0861692,4.1469326
c_1_50_1850,8.117132,2.2455182
c_1_50_1851,7.227649,3.6126873
c_1_50_1852,8.860107,5.4663196
c_1_50_1853,8.145533,5.4712653
c_1_50_1857,8.349141,6.197674
c_1_50_1858,8.298839,5.6549916
c_1_50_1860,9.015613,4.3970037
c_1_50_1861,5.2185435,-1.0546564
c_1_50_1862,7.332875,5.291954
c_1_50_1863,7.97211,3.2746377
c_1_50_1864,7.573071,4.2023478
c_1_50_1867,8.361834,5.918802
c_1_50_1868,2.993301,2.130771
c_1_50_1869,8.783345,4.8788943
c_1_50_1871,5.766309,2.0049336
c_1_50_1872,9.142829,2.7774673
c_1_50_1874,2.6804054,5.7193723
c_1_50_1875,8.548015,2.8043036
c_1_50_1876,7.6375675,1.301285
c_1_50_1877,6.091877,-0.10500725
c_1_50_1878,8.556552,0.4385691
c_1_50_1880,8.267574,4.6584606
c_1_50_1881,8.260946,4.3366275
c_1_50_1882,8.414594,5.408275
c_1_50_1883,8.126081,4.5326443
c_1_50_1885,7.8721113,2.8735187
c_1_50_1886,7.0735292,2.1554434
c_1_50_1889,8.624874,5.0454807
c_1_50_1890,6.8489313,4.1018414
c_1_50_1891,5.480192,1.2588367
c_1_50_1892,7.25375,4.81942
c_1_50_1893,7.4779367,2.8153276
c_1_50_1894,1.9399916,0.06546411
c_1_50_1895,7.759499,2.4711313
c_1_50_1896,7.92455,1.286929
c_1_50_1898,9.057024,5.5411267
c_1_50_1899,8.251132,5.0365453
c_1_50_1900,7.9612284,3.8179345
c_1_50_1901,8.665055,5.7646666
c_1_50_1902,8.260777,5.50493
c_1_50_1903,6.7527833,3.4171433
c_1_50_1904,6.230742,3.0254967
c_1_50_1905,3.4130054,4.877878
c_1_50_1906,7.6264434,3.9222872
c_1_50_1907,5.2562027,-0.0983482
c_1_50_1908,7.3101854,3.2929327
c_1_50_1909,7.261231,1.3864567
c_1_50_1910,6.318981,4.0083365
c_1_50_1913,7.5336018,3.3521338
c_1_50_1915,7.2985992,4.9857726
c_1_50_1916,8.516568,5.1584225
c_1_50_1917,6.8834124,5.4270167
c_1_50_1918,6.708044,3.6700816
c_1_50_1919,8.118462,5.043551
c_1_50_1920,1.0280142,0.13491926
c_1_50_1921,8.41782,1.5540298
c_1_50_1923,9.035675,5.8338337
c_1_50_1924,7.157069,1.1075649
c_1_50_1926,7.420925,5.4069843
c_1_50_1927,2.7971992,5.5430517
c_1_50_1929,7.3999085,3.7309237
c_1_50_1930,7.7294407,5.348578
c_1_50_1931,6.497165,3.794234
c_1_50_1932,5.1951847,-0.28627256
c_1_50_1933,8.133252,6.25338
c_1_50_1934,6.7599654,0.683751
c_1_50_1935,3.8865097,-1.7956889
c_1_50_1936,3.722025,4.1099777
c_1_50_1937,6.305064,0.9470518
c_1_50_1938,8.047642,5.243419
c_1_50_1939,7.504589,5.421197
c_1_50_1940,8.652864,2.3212051
c_1_50_1941,7.9004574,5.9441376
c_1_50_1942,7.8519673,5.41231
c_1_50_1943,9.545509,4.275392
c_1_50_1944,6.3760586,3.2739828
c_1_50_1945,7.082318,3.4008176
c_1_50_1946,4.1562033,-2.6553156
c_1_50_1948,8.243259,4.703168
c_1_50_1949,2.4377913,-0.89423174
c_1_50_1950,6.7754908,2.227718
c_1_50_1951,7.9865413,4.332352
c_1_50_1952,8.7872715,5.3108797
c_1_50_1953,6.6835365,4.227379
c_1_50_1954,4.400546,-1.3462347
c_1_50_1955,7.225369,-0.3700503
c_1_50_1956,8.319226,4.7351217
c_1_50_1957,3.2215269,-1.370857
c_1_50_1958,4.5839562,1.4098728
c_1_50_1960,8.317889,4.3065634
c_1_50_1961,8.5052805,5.1759577
c_1_50_1962,7.5986624,5.154735
c_1_50_1963,8.4720125,6.0169606
c_1_50_1964,8.873496,5.1598945
c_1_50_1965,7.50293,4.516524
c_1_50_1966,8.505762,6.293581
c_1_50_1968,8.476701,5.2058773
c_1_50_1969,8.258042,5.5196247
c_1_50_1971,2.9278154,4.448706
c_1_50_1972,6.6849923,0.15046725
c_1_50_1973,8.789638,4.6743546
c_1_50_1974,8.720038,6.049503
c_1_50_1975,6.7365594,1.9942223
c_1_50_1976,7.5400515,3.8472807
c_1_50_1977,8.524341,5.1338377
c_1_50_1978,8.352708,5.5048013
c_1_50_1980,7.0147877,4.126088
c_1_50_1981,8.48923,3.32423
c_1_50_1983,2.982924,-2.4608092
c_1_50_1984,7.690019,4.343754
c_1_50_1986,8.945057,5.5182533
c_1_50_1987,2.1286285,-0.97998405
c_1_50_1988,3.7139728,3.1816807
c_1_50_1990,8.2175,4.7231517
c_1_50_1992,2.5860581,4.7215757
c_1_50_1993,5.739623,-0.84698534
c_1_50_1994,6.0242243,1.7950513
c_1_50_1995,6.9163475,3.7753947
c_1_50_1996,8.653902,5.1819377
c_1_50_1997,5.342486,2.9848702
c_1_50_1999,7.193027,4.0196977
c_1_50_2000,7.947827,5.4120455
c_1_50_2001,8.276377,4.4064684
c_1_50_2002,7.321328,3.6455925
c_1_50_2003,5.8973455,3.4146757
c_1_50_2004,2.3749714,-1.0452561
c_1_50_2005,8.430393,5.983679
c_1_50_2007,6.8793025,2.5172467
c_1_50_2008,8.8109865,4.409127
c_1_50_2009,7.7505445,5.486012
c_1_50_2010,6.934857,4.0195756
c_1_50_2012,8.010894,4.5844765
c_1_50_2014,8.351167,4.92427
c_1_50_2015,8.027329,4.438389
c_1_50_2017,8.557481,5.6346455
c_1_50_2018,8.376663,5.6780477
c_1_50_2019,6.82461,3.2296016
c_1_50_2020,7.883229,4.1983542
c_1_50_2022,5.2513328,2.2616806
c_1_50_2023,5.7941175,3.0611527
c_1_50_2024,8.276956,4.138272
c_1_50_2025,8.300156,5.254139
c_1_50_2027,7.6692147,3.1430287
c_1_50_2028,6.374162,-1.1654814
c_1_50_2030,5.8968606,-2.2793026
c_1_50_2031,8.213996,5.135509
c_1_50_2032,3.212672,-0.11440544
c_1_50_2033,7.930602,2.9352055
c_1_50_2034,5.8619905,0.5625023
c_1_50_2035,7.055906,4.1325464
c_1_50_2036,2.9805417,1.5224476
c_1_50_2037,8.509392,4.1413355
c_1_50_2038,8.298222,4.9942007
c_1_50_2040,6.4191346,2.7091808
c_1_50_2041,7.0271854,1.514206
c_1_50_2042,7.9978395,5.54097
c_1_50_2043,7.978827,4.9395847
c_1_50_2044,8.007014,5.0765553
c_1_50_2045,6.377306,3.402431
c_1_50_2046,7.1981854,1.3316972
c_1_50_2047,8.948591,5.5559654
c_1_50_2048,8.573667,5.1513786
c_1_50_2049,8.072607,4.742788
c_1_50_2050,5.8818903,3.8325841
c_1_50_2052,5.036022,-0.53619504
c_1_50_2053,5.5736413,1.5613766
c_1_50_2054,7.3183584,3.5573251
c_1_50_2055,9.213301,5.7649884
c_1_50_2056,7.2709785,2.8597536
c_1_50_2057,8.581107,5.995307
c_1_50_2058,9.385416,5.577078
c_1_50_2059,2.0399656,-0.26831967
c_1_50_2060,7.4753823,4.438987
c_1_50_2061,4.6274214,-0.5737049
c_1_50_2063,5.6288753,-0.5588445
c_1_50_2064,4.978847,-2.6866667
c_1_50_2065,6.3371434,3.258314
c_1_50_2066,6.461205,0.9983655
c_1_50_2067,8.1575775,5.1515584
c_1_50_2068,8.219259,5.8434796
c_1_50_2069,7.498487,4.7566133
c_1_50_2070,8.020586,4.313899
c_1_50_2071,0.84910494,0.40154463
c_1_50_2072,8.705998,5.580878
c_1_50_2074,5.54437,1.5134691
c_1_50_2075,8.174572,5.2719655
c_1_50_2076,5.8234835,1.9704919
c_1_50_2077,7.977533,3.1601882
c_1_50_2078,7.3856387,3.1828115
c_1_50_2079,8.14266,5.7533927
c_1_50_2080,6.9135113,5.1865997
c_1_50_2081,4.189252,-2.2465365
c_1_50_2082,8.837354,4.47467
c_1_50_2083,7.5165806,4.5734167
c_1_50_2084,6.695662,3.3863292
c_1_50_2085,5.983236,0.049094267
c_1_50_2086,2.9289184,0.0417451
c_1_50_2088,7.1629953,1.4035381
c_1_50_2089,6.798924,4.257877
c_1_50_2090,7.7826037,2.4473662
c_1_50_2091,4.077321,-0.5442361
c_1_50_2092,5.671173,1.7887279
c_1_50_2093,7.9841394,4.579714
c_1_50_2095,7.7215166,5.953164
c_1_50_2096,8.515489,4.460214
c_1_50_2097,8.096937,4.677789
c_1_50_2098,7.496108,5.3411493
c_1_50_2099,7.9824834,2.7609386
c_1_50_2100,5.0649314,-0.08860708
c_1_50_2102,5.8893785,2.0724025
c_1_50_2103,3.693708,-1.1437631
c_1_50_2105,6.712998,2.926108
c_1_50_2107,8.749228,4.535102
c_1_50_2108,6.4692106,3.8623316
c_1_50_2109,5.2131596,-1.677618
c_1_50_2110,1.8997134,1.012958
c_1_50_2111,6.8097167,0.45390865
c_1_50_2113,8.075298,5.368303
c_1_50_2114,6.528641,1.0783877
c_1_50_2115,7.8483467,0.39238846
c_1_50_2116,5.0806923,1.0629952
c_1_50_2117,8.73609,1.0850708
c_1_50_2118,2.3568602,-0.7578544
c_1_50_2120,4.401166,-1.0645558
c_1_50_2121,4.4749336,-0.11787147
c_1_50_2122,3.472058,-1.3816307
c_1_50_2124,6.630441,2.767018
c_1_50_2125,1.9622622,-2.3146374
c_1_50_2126,7.266754,4.5825386
c_1_50_2127,4.4293737,-0.6361187
c_1_50_2129,5.76184,0.3734052
c_1_50_2130,1.4401838,0.5996508
c_1_50_2131,5.815385,3.3910615
c_1_50_2132,4.96492,-1.1639131
c_1_50_2133,8.463886,5.492187
c_1_50_2135,8.691955,5.6705866
c_1_50_2136,8.088427,4.3457937
c_1_50_2137,7.9173465,3.2985182
c_1_50_2138,7.603486,4.360833
c_1_50_2139,6.76895,1.895876
c_1_50_2140,8.585942,5.028586
c_1_50_2141,1.9723063,0.24147521
c_1_50_2143,3.78944,1.7276675
c_1_50_2144,6.592022,-2.225797
c_1_50_2145,2.7391808,-1.1799078
c_1_50_2147,8.102257,4.456061
c_1_50_2148,6.7570353,3.3132038
c_1_50_2149,5.9902496,3.9117436
c_1_50_2150,7.9992595,5.045293
c_1_50_2151,7.0926695,3.2149239
c_1_50_2152,4.080015,-1.5854009
c_1_50_2153,8.937736,4.8159738
c_1_50_2154,8.281306,3.2951179
c_1_50_2156,5.917887,-1.6535543
c_1_50_2157,3.1455114,-1.0690595
c_1_50_2158,7.088386,4.8237205
c_1_50_2160,4.9033303,-1.8362104
c_1_50_2161,4.516767,-2.234443
c_1_50_2163,4.4247913,-1.952505
c_1_50_2164,5.8960075,-2.351108
c_1_50_2166,5.6826267,-3.5788841
c_1_50_2168,6.1162453,0.6675376
c_1_50_2169,4.6644745,-0.780074
c_1_50_2170,1.194066,0.43729338
c_1_50_2173,8.150199,1.0531831
c_1_50_2174,5.6234818,-0.46480608
c_1_50_2175,8.839194,1.8682157
c_1_50_2176,7.1652865,-3.045709
c_1_50_2177,4.42567,-0.44315976
c_1_50_2179,6.9873853,1.6523097
c_1_50_2181,6.417423,3.3771892
c_1_50_2182,-0.03592705,0.2890657
c_1_50_2183,7.1199417,3.0920675
c_1_50_2185,6.4978023,1.030914
c_1_50_2186,7.7763066,5.3320327
c_1_50_2187,8.594486,6.124992
c_1_50_2188,1.0548502,0.3134876
c_1_50_2189,4.1508026,-1.0550148
c_1_50_2190,6.4015303,4.079496
c_1_50_2191,-0.15922119,0.41357812
c_1_50_2192,7.403697,1.9988928
c_1_50_2193,7.797601,1.4585646
c_1_50_2196,3.9509878,-1.7479812
c_1_50_2197,5.364745,1.869907
c_1_50_2199,7.7252955,2.291971
c_1_50_2200,4.537904,-0.42136848
c_1_50_2202,4.2238975,-0.39744064
c_1_50_2203,3.8616786,-0.0053486587
c_1_50_2205,4.919382,0.19408649
c_1_50_2208,5.500032,1.0832161
c_1_50_2209,4.637051,-0.49964464
c_1_50_2210,4.9635563,-1.3449744
c_1_50_2211,5.533209,3.4853806
c_1_50_2213,7.337695,3.6498218
c_1_50_2214,5.7451887,-2.32567
c_1_50_2215,4.036713,-0.3878867
c_1_50_2216,6.131854,-0.7311681
c_1_50_2217,8.077783,5.8142457
c_1_50_2218,4.1477838,1.7826664
c_1_50_2219,7.699417,3.0411003
c_1_50_2220,5.3991404,0.4970177
c_1_50_2221,5.318637,0.9872298
c_1_50_2222,5.397715,-1.407872
c_1_50_2223,5.316824,-2.8094535
c_1_50_2225,4.0845437,-1.0344911
c_1_50_2226,4.9848356,0.75846255
c_1_50_2227,6.0247083,-1.9795798
c_1_50_2228,5.9977345,-2.8054209
c_1_50_2229,3.1868832,0.62285453
c_1_50_2230,5.1860795,-0.44248015
c_1_50_2231,3.2275288,-1.5640613
c_1_50_2233,8.48871,5.819264
c_1_50_2235,5.5614257,2.4305234
c_1_50_2236,7.809217,2.2459857
c_1_50_2238,4.5145516,-2.7718947
c_1_50_2239,4.62276,-1.400747
c_1_50_2241,3.5467405,-0.71139747
c_1_50_2242,5.9378386,-2.341467
c_1_50_2243,5.376562,-0.25868648
c_1_50_2244,3.990556,-3.8233688
c_1_50_2245,4.072365,1.4900805
c_1_50_2246,8.202779,5.0914474
c_1_50_2247,4.764337,-1.9428031
c_1_50_2248,6.649546,3.001988
c_1_50_2249,3.4312856,-0.7473388
c_1_50_2250,7.1464257,2.162544
c_1_50_2251,6.204481,-0.42000714
c_1_50_2252,5.698367,0.9810412
c_1_50_2253,4.867608,-0.10456039
c_1_50_2254,6.776103,-4.5340214
c_1_50_2255,3.963089,-1.4784002
c_1_50_2256,7.1115303,-1.5192271
c_1_50_2257,7.670435,-3.3830247
c_1_50_2258,4.0940967,-0.19222175
c_1_50_2259,4.0031137,0.46289918
c_1_50_2261,3.950668,-1.2333218
c_1_50_2262,3.039157,2.32255
c_1_50_2263,6.794457,-0.26166776
c_1_50_2264,6.151473,-0.97851443
c_1_50_2265,5.268082,1.5057062
c_1_50_2266,5.8717985,-0.4825402
c_1_50_2267,4.170897,-1.0299128
c_1_50_2268,4.917548,-1.7629416
c_1_50_2269,1.3104237,1.1683713
c_1_50_2270,2.9095585,1.1144598
c_1_50_2271,6.2247605,-2.9410517
c_1_50_2273,3.6777253,-2.1190886
c_1_50_2274,1.0179304,0.7577179
c_1_50_2275,5.0240617,3.4872289
c_1_50_2276,5.594619,-3.110935
c_1_50_2279,3.634483,0.60744643
c_1_50_2280,4.052159,2.3351536
c_1_50_2281,4.0741963,0.18943751
c_1_50_2283,5.566251,-2.0436032
c_1_50_2284,6.38306,-0.8104068
c_1_50_2285,6.545416,0.8328919
c_1_50_2286,3.6140606,-2.8825538
c_1_50_2287,5.4961276,-2.4593713
c_1_50_2288,5.754133,0.5880643
c_1_50_2289,5.6990848,-3.1204817
c_1_50_2290,5.5492854,-1.3963113
c_1_50_2291,2.8861275,-0.78211266
c_1_50_2292,7.049128,0.5139062
c_1_50_2293,5.255635,-0.48916784
c_1_50_2294,5.5573354,-0.4524225
c_1_50_2296,5.398251,2.3166676
c_1_50_2297,0.5103607,3.5506928
c_1_50_2298,5.233205,-0.43237048
c_1_50_2299,4.4399524,-1.8651842
c_1_50_2300,-0.07960625,3.3156168
c_1_50_2302,1.8277929,0.705262
c_1_50_2304,3.493251,0.19309346
c_1_50_2305,7.871241,-0.47184268
c_1_50_2306,2.7986836,2.671669
c_1_50_2307,7.0822296,4.9266825
c_1_50_2308,6.0340133,2.3629637
c_1_50_2309,6.337011,-1.9284697
c_1_50_2310,5.7891464,0.082917385
c_1_50_2311,4.5170517,-0.36370757
c_1_50_2312,2.3684945,0.55359256
c_1_50_2313,2.593151,0.33058524
c_1_50_2314,6.6444683,-2.3082805
c_1_50_2317,5.649568,3.110019
c_1_50_2318,7.2907662,-3.3526952
c_1_50_2319,5.778137,3.1400232
c_1_50_2320,7.237037,-1.2807058
c_1_50_2321,5.4047155,0.76060325
c_1_50_2322,2.0588028,2.4091394
c_1_50_2323,7.3431344,3.0993662
c_1_50_2325,4.6744976,0.8327099
c_1_50_2326,3.6866531,0.48949122
c_1_50_2327,6.810612,-1.5025176
c_1_50_2329,8.401117,2.2181053
c_1_50_2330,5.1160626,-3.780448
c_1_50_2333,5.6943197,0.049183298
c_1_50_2336,1.9811299,1.9201623
c_1_50_2339,1.561795,-2.10646
c_1_50_2341,5.0239162,-2.3209884
c_1_50_2342,5.067555,1.1498755
c_1_50_2344,4.2534995,3.4253242
c_1_50_2345,4.5653853,-1.025999
c_1_50_2346,4.9465246,1.4243516
c_1_50_2348,6.527598,-1.8350067
c_1_50_2349,4.797343,0.21068136
c_1_50_2350,3.2113066,-0.106492974
c_1_50_2351,6.084254,0.7726344
c_1_50_2352,4.775696,0.6061877
c_1_50_2355,1.0386561,0.23985921
c_1_50_2356,5.1997147,-3.5690923
c_1_50_2357,1.5752031,3.4383087
c_1_50_2358,5.408384,2.5670047
c_1_50_2359,4.412086,-2.249951
c_1_50_2360,1.2069398,3.4671202
c_1_50_2361,8.399443,4.17154
c_1_50_2362,4.8907495,-2.5716572
c_1_50_2363,5.1386466,1.3413876
c_1_50_2364,3.2728486,-1.865676
c_1_50_2365,5.903992,-2.7930002
c_1_50_2366,3.2704234,-2.3500245
c_1_50_2367,6.6776495,-0.6577364
c_1_50_2368,5.7770414,0.38561726
c_1_50_2369,3.9556465,-1.2527771
c_1_50_2370,5.366167,2.2109215
c_1_50_2371,7.2331576,0.50805765
c_1_50_2372,1.0340934,-2.8461077
c_1_50_2373,5.7187686,-3.4308653
c_1_50_2375,6.3252444,-2.7679517
c_1_50_2376,3.065258,0.4578203
c_1_50_2377,5.881377,-2.5829673
c_1_50_2378,6.3034353,-3.1392472
c_1_50_2379,6.782243,-1.8183213
c_1_50_2380,1.9897681,-1.2496585
c_1_50_2381,4.026046,-0.64674747
c_1_50_2382,2.9179313,3.6454349
c_1_50_2383,1.3403971,0.4785628
c_1_50_2384,6.3357105,0.11434971
c_1_50_2385,7.238107,0.70267713
c_1_50_2387,4.7563047,0.03199729
c_1_50_2388,1.2599305,0.4891152
c_1_50_2389,0.9307826,2.3807247
c_1_50_2390,7.8880806,1.4518409
c_1_50_2392,6.424638,-2.801275
c_1_50_2394,5.3785567,-1.0813203
c_1_50_2395,4.0492363,-0.8732218
c_1_50_2396,5.171177,0.6256082
c_1_50_2397,1.6608036,2.154156
c_1_50_2398,6.861924,2.2513986
c_1_50_2399,3.6940086,2.4880106
c_1_50_2400,7.0640535,-2.6906807
c_1_50_2401,6.7734385,-0.92063385
c_1_50_2402,4.76286,-0.68082476
c_1_50_2403,1.4742619,-0.78778994
c_1_50_2405,6.584541,3.0847445
c_1_50_2406,6.2483277,-0.9722833
c_1_50_2407,5.152284,2.1576476
c_1_50_2408,5.5604377,-0.35143074
c_1_50_2409,6.363564,3.031106
c_1_50_2410,3.6975493,3.7098558
c_1_50_2412,4.3881783,-1.141739
c_1_50_2413,5.4963927,-2.5649278
c_1_50_2414,7.9665103,3.609221
c_1_50_2415,5.4757977,-3.0234926
c_1_50_2416,7.502083,1.3954049
c_1_50_2417,3.8228846,0.74844134
c_1_50_2420,5.1348553,2.643301
c_1_50_2421,3.0510619,0.45406374
c_1_50_2423,6.9422626,-3.9346225
c_1_50_2425,4.763634,-0.79602873
c_1_50_2426,4.925012,1.2579206
c_1_50_2427,2.0735025,0.20523418
c_1_50_2428,6.4262204,-1.4246641
c_1_50_2429,8.144017,1.6296641
c_1_50_2430,7.129277,-1.9206637
c_1_50_2431,6.3462634,1.27476
c_1_50_2432,1.9377788,1.5664072
c_1_50_2433,4.6222005,-2.807168
c_1_50_2435,5.486344,-0.89061236
c_1_50_2436,7.50506,1.1591465
c_1_50_2437,4.59878,0.085379384
c_1_50_2438,0.7180701,1.9368546
c_1_50_2439,5.649804,-1.6886932
c_1_50_2441,7.9429855,5.0027137
c_1_50_2442,4.2172604,-0.59902585
c_1_50_2443,4.1860127,3.4812717
c_1_50_2444,7.570668,-1.4190242
c_1_50_2445,4.2483087,-0.94783115
c_1_50_2446,1.4516504,2.8732433
c_1_50_2447,6.8832088,1.564432
c_1_50_2448,6.229644,-2.6430075
c_1_50_2449,5.4442334,-1.35807
c_1_50_2450,1.5482407,4.973431
c_1_50_2451,6.1874323,-1.184745
c_1_50_2452,6.3906074,0.9900016
c_1_50_2453,5.177183,0.5074062
c_1_50_2454,5.406714,-1.4474119
c_1_50_2455,5.5416512,-2.4318583
c_1_50_2456,5.106031,0.7525578
c_1_50_2458,3.656599,2.8026834
c_1_50_2460,4.670377,-0.4542433
c_1_50_2461,6.6909704,-0.08596223
c_1_50_2462,6.8691463,1.8224565
c_1_50_2463,5.351196,-0.016236933
c_1_50_2464,3.1914868,-0.1064633
c_1_50_2465,4.9274535,3.8673146
c_1_50_2466,0.78795975,2.287681
c_1_50_2467,6.4736276,-2.5943844
c_1_50_2469,5.0191145,-2.815824
c_1_50_2470,5.566964,2.5599694
c_1_50_2471,7.1150618,0.8868537
c_1_50_2472,6.621914,3.0431588
c_1_50_2473,6.8598385,0.8271773
c_1_50_2474,4.8940763,4.6009064
c_1_50_2475,5.363467,0.70811176
c_1_50_2477,3.2541761,1.9020716
c_1_50_2478,6.91152,-0.59987897
c_1_50_2479,3.138227,4.666599
c_1_50_2480,3.4721527,3.9355085
c_1_50_2481,5.3418603,-2.757099
c_1_50_2482,0.8702288,0.20247306
c_1_50_2483,3.4736667,0.87532216
c_1_50_2484,5.9025054,3.8060956
c_1_50_2485,1.5202088,3.521701
c_1_50_2486,3.8521185,3.9539921
c_1_50_2487,6.875987,0.17208269
c_1_50_2488,3.0366526,5.375045
c_1_50_2489,4.5107875,2.487315
c_1_50_2490,6.7394943,-2.7921705
c_1_50_2491,4.3374195,0.047208574
c_1_50_2492,2.1430578,2.1329846
c_1_50_2493,1.6606958,3.2277355
c_1_50_2494,6.731702,-3.5326884
c_1_50_2495,-0.30489296,0.31171805
c_1_50_2496,2.5976849,5.3222327
c_1_50_2497,0.8008654,2.7501717
c_1_50_2498,1.5300347,0.6617576
c_1_50_2499,6.69149,-3.192063
c_1_50_2500,5.9523187,0.06712617
c_1_50_2501,2.2992935,5.7513876
c_1_50_2502,4.542258,-0.6535462
c_1_50_2503,5.9442887,3.679984
c_1_50_2504,3.6304102,-0.31047186
c_1_50_2505,1.9711957,3.096263
c_1_50_2506,6.668202,-0.23030923
c_1_50_2507,6.92943,-2.816705
c_1_50_2508,4.6183505,1.3335028
c_1_50_2509,1.2192534,3.10336
c_1_50_2510,0.3419418,1.2455698
c_1_50_2512,7.4898615,-3.6291723
c_1_50_2514,6.699572,-2.3124883
c_1_50_2515,3.4234126,1.0743657
c_1_50_2517,7.7549853,-2.9634907
c_1_50_2518,4.337594,3.0071077
c_1_50_2519,4.8074784,-3.3120594
c_1_50_2520,5.617879,0.25620213
c_1_50_2521,4.008667,2.2898376
c_1_50_2522,7.237512,0.9436889
c_1_50_2523,4.9941936,2.3113143
c_1_50_2524,3.9101632,-0.1541174
c_1_50_2525,5.631268,3.9364908
c_1_50_2526,5.2471337,1.3256869
c_1_50_2527,3.6621387,4.0877166
c_1_50_2528,6.4927087,-2.2250316
c_1_50_2529,5.248098,-3.9443238
c_1_50_2530,5.668051,-2.959862
c_1_50_2531,0.3900735,2.6508787
c_1_50_2532,4.1410713,-1.7376492
c_1_50_2533,0.36351186,3.2937808
c_1_50_2534,0.8455171,0.20881402
c_1_50_2535,7.453195,-2.589273
c_1_50_2536,4.1812606,0.5758974
c_1_50_2537,0.92864263,3.304333
c_1_50_2538,3.637897,-1.0922683
c_1_50_2539,1.0871676,2.144213
c_1_50_2540,5.0242896,0.0114531005
c_1_50_2541,0.94167423,1.9701018
c_1_50_2542,0.21280468,2.9324498
c_1_50_2543,3.8147876,1.355431
c_1_50_2544,1.3920809,3.3200538
c_1_50_2545,0.23198234,2.4433405
c_1_50_2546,4.7910385,-2.8795907
c_1_50_2547,5.9202204,-0.8878179
c_1_50_2548,4.4948955,0.060546402
c_1_50_2550,7.163211,1.5165523
c_1_50_2551,0.66702384,4.134911
c_1_50_2552,8.000408,-0.25410837
c_1_50_2553,3.9210472,0.92397034
c_1_50_2554,6.87334,-4.2968345
c_1_50_2555,0.19578916,3.1488588
c_1_50_2556,6.0749054,3.0202835
c_1_50_2557,-0.094219424,3.5042307
c_1_50_2558,0.36157084,3.2801466
c_1_50_2559,3.412978,0.9950951
c_1_50_2560,1.8880335,2.4576373
c_1_50_2561,0.6524774,3.04307
c_1_50_2562,5.098903,2.4771044
c_1_50_2563,-0.27280554,0.32721445
c_1_50_2564,7.0493884,-2.8686404
c_1_50_2565,5.7569675,-1.7822013
c_1_50_2566,5.817476,-2.368497
c_1_50_2567,6.298312,-0.7636086
c_1_50_2568,3.6052716,-0.15843815
c_1_50_2569,7.078888,-3.7988377
c_1_50_2570,4.36438,0.082069434
c_1_50_2571,6.77789,-1.2190148
c_1_50_2572,1.277875,4.062111
c_1_50_2573,7.645637,3.5551748
c_1_50_2574,6.3550158,-0.31860343
c_1_50_2575,1.7259918,0.46115044
c_1_50_2576,3.7339926,1.8024043
c_1_50_2577,6.1643705,-3.3076625
c_1_50_2578,8.71967,0.88511467
c_1_50_2579,2.5372176,3.455109
c_1_50_2581,2.1279454,2.8835788
c_1_50_2582,1.994971,-0.006858665
c_1_50_2583,4.9526625,-2.4196155
c_1_50_2584,5.6687465,2.5068512
c_1_50_2585,6.597551,-1.5476141
c_1_50_2587,1.3427272,5.0608363
c_1_50_2588,1.642866,-1.8706827
c_1_50_2589,7.4827795,0.14115714
c_1_50_2590,6.998246,3.9497812
c_1_50_2592,4.3032928,-0.102329955
c_1_50_2593,3.0543623,0.77266204
c_1_50_2594,4.298884,0.4590106
c_1_50_2595,0.8339142,3.1621835
c_1_50_2596,0.8219682,3.8862226
c_1_50_2597,1.3827784,2.961571
c_1_50_2598,4.71672,0.29405037
c_1_50_2599,3.9327364,1.4000218
c_1_50_2600,6.4427023,-3.0949502
c_1_50_2601,1.2088957,0.40600163
c_1_50_2602,6.2213817,-2.9595344
c_1_50_2603,6.820976,-0.25967708
c_1_50_2604,7.512941,-2.6811862
c_1_50_2605,0.46867812,0.95020133
c_1_50_2606,5.6329274,-0.3509528
c_1_50_2607,-0.07721834,3.322848
c_1_50_2608,5.396339,-3.0201154
c_1_50_2609,0.2525664,0.2782719
c_1_50_2610,3.389585,-1.2061492
c_1_50_2611,1.3064513,3.268246
c_1_50_2612,4.384993,-0.6704441
c_1_50_2613,4.675192,2.6642265
c_1_50_2614,5.597284,3.7448645
c_1_50_2615,6.5621796,-3.4715502
c_1_50_2616,2.8375752,0.5754691
c_1_50_2617,2.0437422,3.6066058
c_1_50_2618,2.92894,2.7593753
c_1_50_2619,1.0339766,1.1158767
c_1_50_2620,5.0429463,-2.1775825
c_1_50_2621,7.660081,-2.9093118
c_1_50_2622,7.618686,2.1654522
c_1_50_2623,3.3639474,-0.99881494
c_1_50_2624,6.8491197,1.5161009
c_1_50_2625,6.071451,-1.459023
c_1_50_2626,2.4761364,0.639676
c_1_50_2627,5.5583315,0.090456486
c_1_50_2628,4.950492,2.7142296
c_1_50_2629,5.028016,-2.8897383
c_1_50_2630,5.7569003,-2.2695456
c_1_50_2631,2.739922,2.0479705
c_1_50_2632,3.06435,-0.48585278
c_1_50_2633,5.0886607,0.027665146
c_1_50_2634,3.8299365,-0.5332927
c_1_50_2635,5.9945874,-2.6386623
c_1_50_2636,3.628842,-1.558511
c_1_50_2637,5.71745,-3.2785876
c_1_50_2638,-0.097051814,3.3459706
c_1_50_2639,4.859948,1.722712
c_1_50_2640,6.4521255,-1.8898747
c_1_50_2641,3.2473128,0.17890023
c_1_50_2642,2.5839574,2.428802
c_1_50_2643,2.7678573,-0.9607722
c_1_50_2644,4.8990192,1.2111483
c_1_50_2645,3.0793068,-0.4735386
c_1_50_2646,3.0964086,-0.22334196
c_1_50_2647,5.1041102,-0.2195583
c_1_50_2648,0.50985056,2.797735
c_1_50_2649,5.887715,-1.384674
c_1_50_2650,6.599529,-3.470505
c_1_50_2651,7.3627453,-2.9901686
c_1_50_2652,4.611849,-1.9198127
c_1_50_2653,6.900267,0.38132834
c_1_50_2654,5.257281,-3.3741832
c_1_50_2655,5.8743315,0.87401307
c_1_50_2656,3.7826831,0.79290426
c_1_50_2658,0.84300965,2.678272
c_1_50_2659,5.1944523,-3.3648512
c_1_50_2660,3.6648912,-0.9066564
c_1_50_2661,5.706913,4.2687364
c_1_50_2662,8.718244,4.9219766
c_1_50_2664,5.5875864,-2.2155871
c_1_50_2665,5.0658503,-3.9666076
c_1_50_2666,1.9959475,3.5659845
c_1_50_2667,7.1064935,-0.93428415
c_1_50_2668,5.0240154,-0.27853587
c_1_50_2669,7.1041665,2.8164487
c_1_50_2670,6.249201,-1.468528
c_1_50_2671,2.791097,-0.8222055
c_1_50_2672,1.8676798,0.262325
c_1_50_2673,1.629502,-1.2583252
c_1_50_2674,1.5971885,2.7658203
c_1_50_2675,4.307299,-0.1033083
c_1_50_2676,0.35320818,2.2836022
c_1_50_2677,4.4439273,-1.1367819
c_1_50_2678,2.2313166,-2.448134
c_1_50_2679,2.0852284,0.5811278
c_1_50_2680,2.814299,1.9808471
c_1_50_2681,3.572206,0.8457071
c_1_50_2682,5.129612,0.28128877
c_1_50_2683,5.858406,1.5596967
c_1_50_2684,4.622992,-2.9845157
c_1_50_2685,5.759574,2.4860563
c_1_50_2686,4.37032,0.76294214
c_1_50_2687,5.8095856,0.2708283
c_1_50_2688,6.4422193,0.11636407
c_1_50_2689,6.0693917,3.5959525
c_1_50_2690,6.3869333,-1.7365515
c_1_50_2691,1.735718,4.7560654
c_1_50_2692,5.1828823,-3.3390834
c_1_50_2693,4.9416842,1.2691697
c_1_50_2694,4.348628,-1.5754834
c_1_50_2695,5.2611895,-0.90643954
c_1_50_2696,4.6718316,-1.8203813
c_1_50_2697,3.9408875,-1.8493994
c_1_50_2698,4.204219,0.25954437
c_1_50_2699,6.5141616,-1.7429299
c_1_50_2700,3.397134,1.3456169
c_1_50_2701,6.7970395,-1.2871764
c_1_50_2702,3.1157916,0.35863844
c_1_50_2703,6.432282,-0.6862994
c_1_50_2704,0.70732635,3.1601248
c_1_50_2705,3.3870032,0.22208692
c_1_50_2706,7.2924047,4.225803
c_1_50_2707,3.124238,2.5956063
c_1_50_2708,6.538142,1.7579992
c_1_50_2709,5.596078,-0.26633438
c_1_50_2710,5.712284,-1.8430531
c_1_50_2711,5.215115,0.5035094
c_1_50_2712,6.432535,-3.5139947
c_1_50_2713,3.0737028,0.66958857
c_1_50_2714,2.6735876,3.5998566
c_1_50_2715,8.828842,0.042943023
c_1_50_2716,6.161012,3.4189756
c_1_50_2717,5.6287827,2.8814838
c_1_50_2718,5.8046737,0.24701615
c_1_50_2720,2.590527,-0.03899775
c_1_50_2721,1.6335129,1.1318253
c_1_50_2722,1.324705,-0.3588662
c_1_50_2723,6.132421,-2.1058314
c_1_50_2724,4.8472586,-2.4023676
c_1_50_2725,5.163138,2.9427292
c_1_50_2727,3.479075,-0.91186666
c_1_50_2728,4.7697883,-1.1550204
c_1_50_2730,5.731847,3.2095513
c_1_50_2731,5.955158,-0.5191403
c_1_50_2732,4.845839,-1.9912418
c_1_50_2733,5.133359,0.7406993
c_1_50_2734,1.0863652,0.9004023
c_1_50_2735,1.0323389,3.6845672
c_1_50_2736,4.018616,1.5546334
c_1_50_2737,5.415813,3.7841494
c_1_50_2738,4.432097,-0.55521244
c_1_50_2739,2.9260132,2.3621817
c_1_50_2740,3.954723,-0.99026
c_1_50_2741,5.47656,0.6278947
c_1_50_2743,5.363365,0.6994859
c_1_50_2744,2.6341782,3.0003455
c_1_50_2745,4.5863433,2.0395496
c_1_50_2746,5.4855723,3.8287807
c_1_50_2747,1.6074958,3.783211
c_1_50_2748,8.68005,0.37007448
c_1_50_2749,4.928432,-2.4366093
c_1_50_2750,4.2955265,-0.97011405
c_1_50_2751,6.392241,-2.0267265
c_1_50_2752,1.5309082,5.451051
c_1_50_2753,1.457367,2.9694583
c_1_50_2754,3.3133261,-0.06402446
c_1_50_2755,4.0411124,1.2891219
c_1_50_2756,5.772861,-1.0670044
c_1_50_2757,5.261324,0.62421334
c_1_50_2758,0.19219421,3.1148534
c_1_50_2759,2.0370855,2.5861676
c_1_50_2760,1.1462272,2.8064773
c_1_50_2761,6.4836936,-0.5983289
c_1_50_2762,6.7455626,-2.622863
c_1_50_2763,0.79164255,2.2811923
c_1_50_2764,-0.31368437,3.1570787
c_1_50_2765,2.0638332,-0.15582739
c_1_50_2766,5.1128983,2.6086578
c_1_50_2767,6.2488832,0.26631436
c_1_50_2768,5.785702,-4.1357203
c_1_50_2769,3.0805047,2.5945032
c_1_50_2770,1.6279744,1.6953517
c_1_50_2771,1.2644218,3.54752
c_1_50_2772,5.71812,-1.7396451
c_1_50_2773,4.555822,-0.23265374
c_1_50_2774,0.58254063,3.316568
c_1_50_2775,1.5652648,5.4120793
c_1_50_2776,3.2110987,4.636741
c_1_50_2777,3.154002,-0.32723224
c_1_50_2778,7.2515535,0.6600509
c_1_50_2779,5.2909794,3.8126016
c_1_50_2782,5.0373626,1.4296333
c_1_50_2783,8.044318,0.95557225
c_1_50_2784,0.62765634,1.697322
c_1_50_2785,0.35674587,3.0327308
c_1_50_2786,2.418699,5.539679
c_1_50_2787,2.2105088,-0.8088126
c_1_50_2788,-0.043169346,0.4075777
c_1_50_2789,2.5727222,5.334684
c_1_50_2790,5.8696337,2.8578596
c_1_50_2791,0.5175458,3.3610575
c_1_50_2793,0.27557,3.2118568
c_1_50_2794,5.2096725,3.8169122
c_1_50_2795,2.5708477,4.989167
c_1_50_2796,4.644509,-0.8238648
c_1_50_2797,-0.19159003,3.721343
c_1_50_2798,2.903149,4.3261304
c_1_50_2799,3.0971236,0.27459416
c_1_50_2801,1.8215644,0.36140013
c_1_50_2802,4.0122986,2.039043
c_1_50_2803,7.1424065,3.5369403
c_1_50_2804,7.9901915,3.5829668
c_1_50_2805,1.2836554,3.128319
c_1_50_2806,2.7517922,-0.84789187
c_1_50_2807,3.8593962,1.110694
c_1_50_2808,2.3214571,1.2725883
c_1_50_2809,3.677289,-0.2771907
c_1_50_2810,3.353964,0.047450136
c_1_50_2811,3.1528525,-0.7092045
c_1_50_2812,2.703578,5.666158
c_1_50_2813,2.147687,1.8824289
c_1_50_2814,2.2430303,0.85901636
c_1_50_2815,3.6483815,1.1880325
c_1_50_2816,6.626333,-1.2700727
c_1_50_2817,1.7699375,2.211172
c_1_50_2818,4.704133,0.85023457
c_1_50_2819,2.4874346,4.813097
c_1_50_2821,2.6411479,3.6129587
c_1_50_2822,2.1283062,1.8985825
c_1_50_2823,4.909118,-0.7293522
c_1_50_2824,5.288823,1.9747441
c_1_50_2825,5.988374,-1.0148981
c_1_50_2826,3.9680808,-3.3002431
c_1_50_2827,0.83544457,3.5838492
c_1_50_2828,1.5038987,2.9853747
c_1_50_2829,0.7530332,4.129724
c_1_50_2830,0.5840581,3.4293582
c_1_50_2831,5.5964603,3.0327764
c_1_50_2832,0.57189494,2.5195923
c_1_50_2834,4.726778,1.6386056
c_1_50_2835,5.0888796,-0.8848181
c_1_50_2836,0.74901867,2.5286438
c_1_50_2837,5.960546,1.6060115
c_1_50_2838,6.318375,3.3421557
c_1_50_2839,-0.07189996,3.285401
c_1_50_2840,4.970034,1.6784852
c_1_50_2841,5.7568583,2.7669263
c_1_50_2843,2.155304,4.694177
c_1_50_2844,1.8988847,4.4112005
c_1_50_2845,0.5800434,3.045407
c_1_50_2846,5.4543266,-1.308636
c_1_50_2847,2.98184,3.4409513
c_1_50_2848,-0.0013178795,2.8246007
c_1_50_2850,1.8293772,1.5999303
c_1_50_2851,2.392146,0.9447041
c_1_50_2852,6.2088585,0.530048
c_1_50_2853,3.4639997,-1.8449452
c_1_50_2854,0.44558585,1.8328937
c_1_50_2856,6.1295915,-0.8924908
c_1_50_2857,5.971013,-1.0577408
c_1_50_2858,5.0437064,-3.1887698
c_1_50_2859,5.586948,-0.3406542
c_1_50_2860,3.48532,-0.21415299
c_1_50_2862,3.032118,-1.4193977
c_1_50_2863,1.3484355,2.045503
c_1_50_2864,1.1409059,2.038984
c_1_50_2865,4.4715977,-2.3688004
c_1_50_2866,4.986662,-1.652832
c_1_50_2867,6.0755224,-1.7601498
c_1_50_2868,0.72031236,3.2422297
c_1_50_2869,2.8473198,5.578232
c_1_50_2870,3.3360405,0.13218048
c_1_50_2871,4.168014,-2.178105
c_1_50_2872,4.9282966,-3.0601425
c_1_50_2873,3.3105714,2.6434903
c_1_50_2874,5.250967,2.167105
c_1_50_2875,1.1062094,2.9304757
c_1_50_2876,5.591018,-0.6550271
c_1_50_2877,3.6092968,1.5668972
c_1_50_2879,2.988165,1.422635
c_1_50_2881,0.012334197,0.6981544
c_1_50_2882,1.8929389,2.158058
c_1_50_2883,5.1541133,3.639476
c_1_50_2884,0.40416965,2.9830663
c_1_50_2885,3.358562,3.750524
c_1_50_2886,1.5663074,2.5229912
c_1_50_2887,4.534245,-2.1161132
c_1_50_2888,2.3421965,-0.7724839
c_1_50_2889,6.7094336,-1.2171664
c_1_50_2890,0.7571341,2.7915375
c_1_50_2891,4.487948,-1.313938
c_1_50_2892,0.8041516,3.1714685
c_1_50_2893,4.5183387,-2.171557
c_1_50_2894,1.7592142,2.8754323
c_1_50_2895,1.8363199,3.1100621
c_1_50_2896,6.16967,-0.93274665
c_1_50_2897,4.3197694,3.1077757
c_1_50_2898,0.7808651,2.3792956
c_1_50_2899,1.4534335,2.2219663
c_1_50_2900,3.6427574,-1.9934182
c_1_50_2901,4.384034,-2.2231305
c_1_50_2902,3.6191428,-1.0151267
c_1_50_2903,0.58837485,2.818222
c_1_50_2904,3.879043,-1.7345142
c_1_50_2905,3.9255648,-3.1685164
c_1_50_2907,3.817449,0.0042105904
c_1_50_2908,1.0354022,4.214222
c_1_50_2909,2.968473,2.4313202
c_1_50_2910,-0.15284137,3.3330889
c_1_50_2911,2.017265,1.259779
c_1_50_2912,0.6399632,2.2734568
c_1_50_2913,-0.43878964,0.29240614
c_1_50_2914,5.143857,-0.9328117
c_1_50_2915,5.265818,-3.185758
c_1_50_2916,6.3466525,0.64367425
c_1_50_2917,0.5292781,2.68657
c_1_50_2918,0.69638425,3.042493
c_1_50_2919,1.8865259,4.7207537
c_1_50_2920,4.992321,0.12924294
c_1_50_2921,0.35061523,3.2393582
c_1_50_2922,5.4523973,4.3442144
c_1_50_2923,5.9979854,1.1136369
c_1_50_2924,1.6132052,1.817973
c_1_50_2926,2.2179515,2.378687
c_1_50_2927,2.1090357,2.8635902
c_1_50_2928,5.041254,3.84421
c_1_50_2929,6.2821884,3.2614558
c_1_50_2930,-0.23380332,2.791318
c_1_50_2931,0.15890077,3.5238075
c_1_50_2932,5.374344,4.22159
c_1_50_2933,2.0583847,3.010369
c_1_50_2934,0.4697626,3.4492676
c_1_50_2935,4.6042156,0.89087284
c_1_50_2936,2.9417272,-3.7044191
c_1_50_2937,5.9616275,3.6627107
c_1_50_2938,0.68362194,3.3542695
c_1_50_2939,5.6329756,4.4464536
c_1_50_2940,0.76722765,2.4176676
c_1_50_2941,3.7951813,-0.15031755
c_1_50_2942,6.5868196,0.28547084
c_1_50_2943,3.153908,1.0826948
c_1_50_2944,0.31185445,2.7016442
c_1_50_2945,4.6722803,-3.2000859
c_1_50_2946,3.921273,1.7835205
c_1_50_2947,1.9945272,0.9542802
c_1_50_2948,0.99256533,3.7090921
c_1_50_2949,5.242563,7.681134e-05
c_1_50_2950,0.88116837,3.6163096
c_1_50_2951,1.6906116,0.76757246
c_1_50_2952,4.8195043,-3.7053075
c_1_50_2953,5.977428,1.801339
c_1_50_2954,3.2787006,5.302677
c_1_50_2955,7.0587716,-0.9596054
c_1_50_2956,0.7184081,2.3997302
c_1_50_2957,9.448634,3.7787647
c_1_50_2958,2.860037,3.7863655
c_1_50_2959,2.3683205,1.2468889
c_1_50_2960,5.961977,3.443422
c_1_50_2961,1.113237,1.9290073
c_1_50_2962,4.844463,3.332974
c_1_50_2963,2.0887246,-2.1444361
c_1_50_2964,4.748509,-0.23419088
c_1_50_2965,0.46715295,2.6277971
c_1_50_2966,1.3139391,3.481435
c_1_50_2967,6.9163623,2.957634
c_1_50_2968,0.83028543,3.4287632
c_1_50_2969,4.0224543,0.31282312
c_1_50_2970,5.4908543,-1.1096
c_1_50_2971,0.78483146,2.8288562
c_1_50_2972,2.2607267,3.38685
c_1_50_2973,2.4828553,-2.123915
c_1_50_2974,1.3238813,2.4284234
c_1_50_2975,5.1303587,1.112723
c_1_50_2976,1.2354696,3.0280461
c_1_50_2977,4.008897,-1.6761367
c_1_50_2978,0.6814113,2.9349685
c_1_50_2979,0.057898622,2.870174
c_1_50_2980,2.2243547,-0.33418182
c_1_50_2981,4.005929,4.082332
c_1_50_2982,1.5589762,5.1147547
c_1_50_2983,0.5671089,0.1502927
c_1_50_2984,2.8041863,-2.8728948
c_1_50_2986,2.8078213,-0.59641135
c_1_50_2987,5.5971384,-1.3999109
c_1_50_2988,0.20944092,2.8348498
c_1_50_2989,1.7647227,0.7953798
c_1_50_2990,2.335255,-0.37297392
c_1_50_2991,2.715779,-0.77940506
c_1_50_2992,0.03199387,3.4875743
c_1_50_2993,8.869159,3.6671667
c_1_50_2994,4.916983,3.174999
c_1_50_2995,0.5886553,3.6655235
c_1_50_2996,1.1765662,3.6271873
c_1_50_2997,6.122884,4.350886
c_1_50_2998,5.4305105,0.22338206
c_1_50_2999,4.856862,3.7219346
c_1_50_3000,6.4380794,0.84035724
c_1_50_3001,2.544464,3.5378242
c_1_50_3002,1.0871078,3.2382708
c_1_50_3003,1.7848101,2.2336721
c_1_50_3004,2.9061506,1.7878819
c_1_50_3005,4.395255,2.045138
c_1_50_3006,2.5716991,-0.5320859
c_1_50_3007,1.8249184,2.4697938
c_1_50_3010,0.5010382,2.0277212
c_1_50_3011,3.3108015,-0.8074321
c_1_50_3012,2.7775016,4.7174535
c_1_50_3013,4.4950795,-0.5458308
c_1_50_3014,2.7614043,4.4174747
c_1_50_3016,5.5028524,3.1546679
c_1_50_3017,4.2360196,-2.2340188
c_1_50_3018,3.826984,-2.4897923
c_1_50_3019,3.6870763,-3.5405962
c_1_50_3020,4.4538345,3.663688
c_1_50_3021,4.663698,-1.2818459
c_1_50_3022,4.4799995,0.647609
c_1_50_3023,4.985813,3.5623534
c_1_50_3024,0.8391453,3.4729278
c_1_50_3026,5.7727823,-0.60780144
c_1_50_3027,2.8429213,4.648479
c_1_50_3028,3.3389397,4.0593996
c_1_50_3029,2.0137467,1.8289608
c_1_50_3030,5.1317058,3.4645715
c_1_50_3031,0.6767914,2.9434047
c_1_50_3032,4.7978444,0.52139705
c_1_50_3033,6.6645308,2.8945627
c_1_50_3034,5.6630654,0.07442788
c_1_50_3035,3.8598773,2.085406
c_1_50_3038,5.5226135,2.7330272
c_1_50_3039,5.589313,1.2763572
c_1_50_3040,3.043386,3.8715873
c_1_50_3041,2.506033,-0.04924917
c_1_50_3042,3.8559656,-2.9968495
c_1_50_3043,4.477333,-1.3763697
c_1_50_3045,3.9267008,-3.1786218
c_1_50_3046,1.4218682,-2.3201282
c_1_50_3047,2.4048085,-2.814054
c_1_50_3048,0.26264262,2.610469
c_1_50_3049,5.061961,0.74725765
c_1_50_3050,4.139389,-2.9344928
c_1_50_3051,6.7894564,1.4985566
c_1_50_3052,5.8986163,2.9941707
c_1_50_3053,7.0449686,3.310753
c_1_50_3054,5.7116985,2.0942407
c_1_50_3055,5.606878,3.6104686
c_1_50_3057,2.4518473,4.7145143
c_1_50_3058,5.8992777,0.34240493
c_1_50_3059,6.3896236,1.21023
c_1_50_3060,4.773927,2.4071462
c_1_50_3061,3.8439605,2.58369
c_1_50_3062,6.2980437,3.584799
c_1_50_3063,3.6120882,-1.4964998
c_1_50_3064,3.0853245,-1.8515289
c_1_50_3065,3.2899046,4.373196
c_1_50_3066,1.9340512,0.14817894
c_1_50_3067,3.8117054,0.76004016
c_1_50_3068,3.0552893,-2.0095544
c_1_50_3069,4.082664,-3.519266
c_1_50_3070,1.0686879,2.40149
c_1_50_3071,3.9651845,-2.7802553
c_1_50_3072,6.5087748,-1.0724778
c_1_50_3074,1.4351065,-2.8053687
c_1_50_3075,7.3199964,2.1155965
c_1_50_3076,4.5073366,-3.4895804
c_1_50_3077,5.205256,2.109615
c_1_50_3078,4.72653,-0.12335021
c_1_50_3079,0.76448554,2.7513933
c_1_50_3080,3.9987018,-0.09695573
c_1_50_3081,3.4493728,1.0761908
c_1_50_3082,2.6999989,5.775038
c_1_50_3083,6.8693385,4.3373246
c_1_50_3084,3.5496237,-1.2688775
c_1_50_3085,3.9496243,-1.2267518
c_1_50_3086,3.2170022,-4.035521
c_1_50_3087,1.9477718,5.3497252
c_1_50_3088,3.25177,-2.7313166
c_1_50_3089,2.2826467,2.1256318
c_1_50_3090,3.6954706,-3.3799164
c_1_50_3092,5.48378,3.5258474
c_1_50_3093,4.3413696,-2.821706
c_1_50_3094,4.113455,-2.6169314
c_1_50_3095,6.6678123,1.9514182
c_1_50_3096,6.919971,3.2975304
c_1_50_3097,0.9562158,4.042944
c_1_50_3098,6.2501802,-0.46961516
c_1_50_3099,3.930381,0.099300265
c_1_50_3100,4.533721,4.657608
c_1_50_3101,5.766848,-1.032433
c_1_50_3103,4.459021,-0.057079744
c_1_50_3104,6.036806,-0.5209138
c_1_50_3105,6.172609,1.4561142
c_1_50_3106,1.1645845,2.596913
c_1_50_3108,2.5518415,3.543836
c_1_50_3109,5.0600877,-0.24095449
c_1_50_3110,3.0421808,-2.474115
c_1_50_3111,6.4155235,3.9957087
c_1_50_3112,6.78672,3.117482
c_1_50_3116,3.6393669,-0.95433503
c_1_50_3117,3.250992,4.2300467
c_1_50_3118,6.0237007,1.2949207
c_1_50_3119,5.0022225,2.8764665
c_1_50_3120,5.3880935,-0.56756586
c_1_50_3121,2.6938293,-1.4405619
c_1_50_3123,2.3266258,5.413754
c_1_50_3124,3.0305812,-2.6598585
c_1_50_3125,6.024135,2.5627253
c_1_50_3126,2.2046273,-1.0609084
c_1_50_3127,2.8539925,-0.19921125
c_1_50_3128,3.434521,-1.8522117
c_1_50_3129,3.054274,-0.75680035
c_1_50_3130,3.460653,-1.0861635
c_1_50_3131,5.961638,3.9282568
c_1_50_3132,5.694556,3.6249282
c_1_50_3133,2.2080114,-1.7195343
c_1_50_3134,3.135378,-1.344335
c_1_50_3135,2.859329,-2.2520626
c_1_50_3136,5.929472,1.8667867
c_1_50_3137,5.8852024,4.1564846
c_1_50_3138,3.4809065,-2.8479037
c_1_50_3139,5.8252687,-1.0477024
c_1_50_3140,1.468591,-0.5791352
c_1_50_3141,1.5106775,-0.0681387
c_1_50_3142,3.8134828,-1.1590822
c_1_50_3143,4.345481,-2.4558737
c_1_50_3144,5.314598,2.5101304
c_1_50_3145,3.9133341,-1.2935966
c_1_50_3146,4.8838434,0.090899035
c_1_50_3147,3.919126,0.3527427
c_1_50_3148,2.9412603,5.4130263
c_1_50_3149,5.5319943,-0.86255765
c_1_50_3150,3.1579013,3.0582783
c_1_50_3151,5.743209,2.144855
c_1_50_3152,2.6576366,-3.1215456
c_1_50_3153,5.882186,1.7761788
c_1_50_3154,2.7859676,4.143482
c_1_50_3155,3.2309668,-2.985174
c_1_50_3156,5.8702254,-0.9287992
c_1_50_3158,3.4468992,-2.7159045
c_1_50_3159,5.2571015,-0.5026058
c_1_50_3160,3.5156238,3.4135098
c_1_50_3161,4.826301,0.97963995
c_1_50_3162,3.5950131,-3.7569563
c_1_50_3163,5.921258,3.3788507
c_1_50_3164,3.4189649,-3.477449
c_1_50_3165,2.2371626,-2.9494128
c_1_50_3166,5.753569,4.2103148
c_1_50_3167,2.395795,-1.6013861
c_1_50_3168,3.6987636,-0.75059235
c_1_50_3169,3.1160538,-4.020845
c_1_50_3170,1.4582593,-3.1539917
c_1_50_3171,3.661262,-1.9107862
c_1_50_3172,7.5724473,2.5965374
c_1_50_3173,2.1111326,-0.02268273
c_1_50_3174,2.0923805,-2.4147358
c_1_50_3175,3.3977613,-1.9480208
c_1_50_3176,5.9906297,0.664752
c_1_50_3177,3.3016834,-2.9893775
c_1_50_3178,6.2713385,1.0114466
c_1_50_3179,2.6503947,-3.680675
c_1_50_3180,1.9437523,-3.2214353
c_1_50_3182,4.3857846,-2.303681
c_1_50_3183,6.416821,1.9554048
c_1_50_3185,3.0696273,-3.0660155
c_1_50_3186,4.621423,-1.6348195
c_1_50_3187,2.4953482,-3.3927724
c_1_50_3188,1.7855066,-2.1403658
c_1_50_3189,2.6943867,-3.8476284
c_1_50_3190,1.3470312,-2.839133
c_1_50_3191,1.2452729,-2.050394
c_1_50_3192,1.6486198,-2.4875922
c_1_50_3193,2.1711192,-3.446782
c_1_50_3194,5.6535215,1.1754596
c_1_50_3195,4.5809717,-1.6933733
c_1_50_3196,6.822246,-1.3172827
c_1_50_3197,6.1010256,1.3991123
c_1_50_3199,4.155141,-1.1095986
c_1_50_3200,2.2063794,-1.0993847
c_1_50_3201,5.9506593,1.1716404
c_1_50_3202,1.90823,-2.3283048
c_1_50_3203,2.4403498,-3.1292217
c_1_50_3204,3.6697066,-2.4967391
c_1_50_3205,2.1143117,0.37562153
c_1_50_3206,4.290068,0.75990164
c_1_50_3207,5.936459,2.363489
c_1_50_3208,2.641466,-0.9720904
c_1_50_3209,2.6695263,-1.0845747
c_1_50_3210,1.7914836,-3.2450106
c_1_50_3211,4.033002,-2.0773265
c_1_50_3212,2.7202475,-1.6031368
c_1_50_3213,3.0606983,-2.2284975
c_1_50_3214,6.8227754,-0.34721026
c_1_50_3215,3.176589,-0.87781876
c_1_50_3216,2.4585125,-3.7807126
c_1_50_3217,2.1658993,-1.1623884
c_1_50_3218,5.5920186,0.6271055
c_1_50_3220,3.7378342,-1.514005
c_1_50_3222,4.117518,-1.7442502
c_1_50_3223,2.171698,-2.9493732
c_1_50_3224,5.165649,0.39007542
c_1_50_3225,3.8973992,-0.88921565
c_1_50_3226,1.4244857,-2.123058
c_1_50_3227,1.2092783,-0.48764834
