cell_id,cell_type
c_1_29_1,Endothelial
c_1_29_2,Endothelial
c_1_29_3,Mesenchymal-Stromal
c_1_29_4,Mesenchymal-Stromal
c_1_29_5,Mesenchymal-Stromal
c_1_29_6,Endothelial
c_1_29_7,Myeloid
c_1_29_8,Neuronal-Glial
c_1_29_9,Mesenchymal-Stromal
c_1_29_10,Lymphoid-T
c_1_29_11,Lymphoid-Other
c_1_29_12,Endothelial
c_1_29_13,Mesenchymal-Stromal
c_1_29_14,Mesenchymal-Stromal
c_1_29_15,Endothelial
c_1_29_16,Mesenchymal-Stromal
c_1_29_17,Mesenchymal-Stromal
c_1_29_18,Mesenchymal-Stromal
c_1_29_19,Mesenchymal-Stromal
c_1_29_20,Mesenchymal-Stromal
c_1_29_21,Mesenchymal-Stromal
c_1_29_22,Endothelial
c_1_29_23,Mesenchymal-Stromal
c_1_29_24,Mesenchymal-Stromal
c_1_29_25,Mesenchymal-Stromal
c_1_29_26,Mesenchymal-Stromal
c_1_29_27,Mesenchymal-Stromal
c_1_29_28,Lymphoid-T
c_1_29_29,Mesenchymal-Stromal
c_1_29_30,Mesenchymal-Stromal
c_1_29_31,Mesenchymal-Stromal
c_1_29_32,Mesenchymal-Stromal
c_1_29_33,Mesenchymal-Stromal
c_1_29_34,Endothelial
c_1_29_35,Endothelial
c_1_29_36,Mesenchymal-Stromal
c_1_29_37,Endothelial
c_1_29_38,Mesenchymal-Stromal
c_1_29_39,Mesenchymal-Stromal
c_1_29_40,Mesenchymal-Stromal
c_1_29_41,Mesenchymal-Stromal
c_1_29_42,Mesenchymal-Stromal
c_1_29_43,Mesenchymal-Stromal
c_1_29_44,Mesenchymal-Stromal
c_1_29_45,Mesenchymal-Stromal
c_1_29_46,Mesenchymal-Stromal
c_1_29_47,Mesenchymal-Stromal
c_1_29_48,Mesenchymal-Stromal
c_1_29_49,Endothelial
c_1_29_50,Mesenchymal-Stromal
c_1_29_51,Myeloid
c_1_29_52,Mesenchymal-Stromal
c_1_29_53,Endothelial
c_1_29_54,Mesenchymal-Stromal
c_1_29_55,Neuronal-Glial
c_1_29_56,Endothelial
c_1_29_57,Mesenchymal-Stromal
c_1_29_58,Lymphoid-T
c_1_29_59,Mesenchymal-Stromal
c_1_29_60,Endothelial
c_1_29_61,Mesenchymal-Stromal
c_1_29_62,Endothelial
c_1_29_63,Mesenchymal-Stromal
c_1_29_64,Endothelial
c_1_29_65,Lymphoid-Other
c_1_29_66,Mesenchymal-Stromal
c_1_29_67,Mesenchymal-Stromal
c_1_29_68,Mesenchymal-Stromal
c_1_29_69,Mesenchymal-Stromal
c_1_29_70,Mesenchymal-Stromal
c_1_29_71,Mesenchymal-Stromal
c_1_29_72,Mesenchymal-Stromal
c_1_29_73,Mesenchymal-Stromal
c_1_29_74,None
c_1_29_75,Mesenchymal-Stromal
c_1_29_76,Mesenchymal-Stromal
c_1_29_77,Mesenchymal-Stromal
c_1_29_78,Mesenchymal-Stromal
c_1_29_79,Mesenchymal-Stromal
c_1_29_80,Neuronal-Glial
c_1_29_81,Mesenchymal-Stromal
c_1_29_82,Mesenchymal-Stromal
c_1_29_83,Mesenchymal-Stromal
c_1_29_84,Lymphoid-Other
c_1_29_85,Mesenchymal-Stromal
c_1_29_86,Mesenchymal-Stromal
c_1_29_87,Mesenchymal-Stromal
c_1_29_88,Mesenchymal-Stromal
c_1_29_89,Lymphoid-T
c_1_29_90,Mesenchymal-Stromal
c_1_29_91,Mesenchymal-Stromal
c_1_29_92,Mesenchymal-Stromal
c_1_29_93,Mesenchymal-Stromal
c_1_29_94,Mesenchymal-Stromal
c_1_29_95,Mesenchymal-Stromal
c_1_29_96,Mesenchymal-Stromal
c_1_29_97,Mesenchymal-Stromal
c_1_29_98,Mesenchymal-Stromal
c_1_29_99,Mesenchymal-Stromal
c_1_29_100,None
c_1_29_101,Lymphoid-Other
c_1_29_102,Myeloid
c_1_29_103,Mesenchymal-Stromal
c_1_29_104,Lymphoid-Other
c_1_29_105,Mesenchymal-Stromal
c_1_29_106,Mesenchymal-Stromal
c_1_29_107,Mesenchymal-Stromal
c_1_29_108,Mesenchymal-Stromal
c_1_29_109,Mesenchymal-Stromal
c_1_29_110,Mesenchymal-Stromal
c_1_29_111,Mesenchymal-Stromal
c_1_29_112,Mesenchymal-Stromal
c_1_29_113,Mesenchymal-Stromal
c_1_29_114,Mesenchymal-Stromal
c_1_29_115,Mesenchymal-Stromal
c_1_29_116,Mesenchymal-Stromal
c_1_29_117,Mesenchymal-Stromal
c_1_29_118,Mesenchymal-Stromal
c_1_29_119,Mesenchymal-Stromal
c_1_29_120,Mesenchymal-Stromal
c_1_29_121,Mesenchymal-Stromal
c_1_29_122,Mesenchymal-Stromal
c_1_29_123,Mesenchymal-Stromal
c_1_29_124,Mesenchymal-Stromal
c_1_29_125,Mesenchymal-Stromal
c_1_29_126,Mesenchymal-Stromal
c_1_29_127,Mesenchymal-Stromal
c_1_29_128,Endothelial
c_1_29_129,Mesenchymal-Stromal
c_1_29_130,Mesenchymal-Stromal
c_1_29_131,Mesenchymal-Stromal
c_1_29_132,Lymphoid-T
c_1_29_133,Mesenchymal-Stromal
c_1_29_134,Mesenchymal-Stromal
c_1_29_135,Mesenchymal-Stromal
c_1_29_136,Mesenchymal-Stromal
c_1_29_137,Mesenchymal-Stromal
c_1_29_138,Mesenchymal-Stromal
c_1_29_139,Mesenchymal-Stromal
c_1_29_140,Mesenchymal-Stromal
c_1_29_141,Mesenchymal-Stromal
c_1_29_142,Mesenchymal-Stromal
c_1_29_143,Mesenchymal-Stromal
c_1_29_144,Mesenchymal-Stromal
c_1_29_145,Mesenchymal-Stromal
c_1_29_146,Mesenchymal-Stromal
c_1_29_147,Mesenchymal-Stromal
c_1_29_148,Mesenchymal-Stromal
c_1_29_149,Mesenchymal-Stromal
c_1_29_150,Mesenchymal-Stromal
c_1_29_151,Mesenchymal-Stromal
c_1_29_152,Mesenchymal-Stromal
c_1_29_153,Myeloid
c_1_29_154,Mesenchymal-Stromal
c_1_29_155,Mesenchymal-Stromal
c_1_29_156,Mesenchymal-Stromal
c_1_29_157,Mesenchymal-Stromal
c_1_29_158,Mesenchymal-Stromal
c_1_29_159,Mesenchymal-Stromal
c_1_29_160,Mesenchymal-Stromal
c_1_29_161,Mesenchymal-Stromal
c_1_29_162,Mesenchymal-Stromal
c_1_29_163,Mesenchymal-Stromal
c_1_29_164,Mesenchymal-Stromal
c_1_29_165,Mesenchymal-Stromal
c_1_29_166,Mesenchymal-Stromal
c_1_29_167,Neuronal-Glial
c_1_29_168,Mesenchymal-Stromal
c_1_29_169,Endothelial
c_1_29_170,Mesenchymal-Stromal
c_1_29_171,Mesenchymal-Stromal
c_1_29_172,Mesenchymal-Stromal
c_1_29_173,Mesenchymal-Stromal
c_1_29_174,Mesenchymal-Stromal
c_1_29_175,Mesenchymal-Stromal
c_1_29_176,Mesenchymal-Stromal
c_1_29_177,Mesenchymal-Stromal
c_1_29_178,Mesenchymal-Stromal
c_1_29_179,Mesenchymal-Stromal
c_1_29_180,Mesenchymal-Stromal
c_1_29_181,Mesenchymal-Stromal
c_1_29_182,Mesenchymal-Stromal
c_1_29_183,Mesenchymal-Stromal
c_1_29_184,Mesenchymal-Stromal
c_1_29_185,Mesenchymal-Stromal
c_1_29_186,Mesenchymal-Stromal
c_1_29_187,Mesenchymal-Stromal
c_1_29_188,Mesenchymal-Stromal
c_1_29_189,Mesenchymal-Stromal
c_1_29_190,Lymphoid-T
c_1_29_191,Mesenchymal-Stromal
c_1_29_192,Mesenchymal-Stromal
c_1_29_193,Mesenchymal-Stromal
c_1_29_194,Mesenchymal-Stromal
c_1_29_195,Mesenchymal-Stromal
c_1_29_196,Mesenchymal-Stromal
c_1_29_197,Mesenchymal-Stromal
c_1_29_198,Mesenchymal-Stromal
c_1_29_199,Mesenchymal-Stromal
c_1_29_200,Mesenchymal-Stromal
c_1_29_201,Mesenchymal-Stromal
c_1_29_202,Mesenchymal-Stromal
c_1_29_203,Mesenchymal-Stromal
c_1_29_204,Lymphoid-Other
c_1_29_205,Mesenchymal-Stromal
c_1_29_206,Mesenchymal-Stromal
c_1_29_207,Mesenchymal-Stromal
c_1_29_208,Mesenchymal-Stromal
c_1_29_209,Mesenchymal-Stromal
c_1_29_210,Lymphoid-Other
c_1_29_211,Mesenchymal-Stromal
c_1_29_212,Mesenchymal-Stromal
c_1_29_213,Mesenchymal-Stromal
c_1_29_214,Endothelial
c_1_29_215,Mesenchymal-Stromal
c_1_29_216,Mesenchymal-Stromal
c_1_29_217,Mesenchymal-Stromal
c_1_29_218,Mesenchymal-Stromal
c_1_29_219,Mesenchymal-Stromal
c_1_29_220,Mesenchymal-Stromal
c_1_29_221,Mesenchymal-Stromal
c_1_29_222,Mesenchymal-Stromal
c_1_29_223,Mesenchymal-Stromal
c_1_29_224,Mesenchymal-Stromal
c_1_29_225,Mesenchymal-Stromal
c_1_29_226,Mesenchymal-Stromal
c_1_29_227,Mesenchymal-Stromal
c_1_29_228,Mesenchymal-Stromal
c_1_29_229,Mesenchymal-Stromal
c_1_29_230,Mesenchymal-Stromal
c_1_29_231,Mesenchymal-Stromal
c_1_29_232,Mesenchymal-Stromal
c_1_29_233,Mesenchymal-Stromal
c_1_29_234,Mesenchymal-Stromal
c_1_29_235,Mesenchymal-Stromal
c_1_29_236,Mesenchymal-Stromal
c_1_29_237,Mesenchymal-Stromal
c_1_29_238,Mesenchymal-Stromal
c_1_29_239,Mesenchymal-Stromal
c_1_29_240,Mesenchymal-Stromal
c_1_29_241,Mesenchymal-Stromal
c_1_29_242,Mesenchymal-Stromal
c_1_29_243,Mesenchymal-Stromal
c_1_29_244,Lymphoid-Other
c_1_29_245,Mesenchymal-Stromal
c_1_29_246,Mesenchymal-Stromal
c_1_29_247,Mesenchymal-Stromal
c_1_29_248,Mesenchymal-Stromal
c_1_29_249,Mesenchymal-Stromal
c_1_29_250,Mesenchymal-Stromal
c_1_29_251,Mesenchymal-Stromal
c_1_29_252,Mesenchymal-Stromal
c_1_29_253,Mesenchymal-Stromal
c_1_29_254,Mesenchymal-Stromal
c_1_29_255,Mesenchymal-Stromal
c_1_29_256,Mesenchymal-Stromal
c_1_29_257,Endothelial
c_1_29_258,Mesenchymal-Stromal
c_1_29_259,Mesenchymal-Stromal
c_1_29_260,Endothelial
c_1_29_261,Mesenchymal-Stromal
c_1_29_262,Endothelial
c_1_29_263,Mesenchymal-Stromal
c_1_29_264,Mesenchymal-Stromal
c_1_29_265,Mesenchymal-Stromal
c_1_29_266,Endothelial
c_1_29_267,Mesenchymal-Stromal
c_1_29_268,Mesenchymal-Stromal
c_1_29_269,Mesenchymal-Stromal
c_1_29_270,Mesenchymal-Stromal
c_1_29_271,Mesenchymal-Stromal
c_1_29_272,Mesenchymal-Stromal
c_1_29_273,Mesenchymal-Stromal
c_1_29_274,Mesenchymal-Stromal
c_1_29_275,Mesenchymal-Stromal
c_1_29_276,Mesenchymal-Stromal
c_1_29_277,Endothelial
c_1_29_278,Mesenchymal-Stromal
c_1_29_279,Mesenchymal-Stromal
c_1_29_280,Mesenchymal-Stromal
c_1_29_281,Mesenchymal-Stromal
c_1_29_282,Mesenchymal-Stromal
c_1_29_283,Mesenchymal-Stromal
c_1_29_284,Mesenchymal-Stromal
c_1_29_285,Mesenchymal-Stromal
c_1_29_286,Mesenchymal-Stromal
c_1_29_287,Mesenchymal-Stromal
c_1_29_288,Mesenchymal-Stromal
c_1_29_289,Mesenchymal-Stromal
c_1_29_290,Mesenchymal-Stromal
c_1_29_291,Mesenchymal-Stromal
c_1_29_292,Mesenchymal-Stromal
c_1_29_293,Mesenchymal-Stromal
c_1_29_294,Mesenchymal-Stromal
c_1_29_295,Mesenchymal-Stromal
c_1_29_296,Mesenchymal-Stromal
c_1_29_297,Mesenchymal-Stromal
c_1_29_298,Mesenchymal-Stromal
c_1_29_299,Mesenchymal-Stromal
c_1_29_300,Mesenchymal-Stromal
c_1_29_301,Mesenchymal-Stromal
c_1_29_302,Mesenchymal-Stromal
c_1_29_303,Mesenchymal-Stromal
c_1_29_304,Mesenchymal-Stromal
c_1_29_305,Mesenchymal-Stromal
c_1_29_306,Lymphoid-T
c_1_29_307,Mesenchymal-Stromal
c_1_29_308,Mesenchymal-Stromal
c_1_29_309,None
c_1_29_310,Mesenchymal-Stromal
c_1_29_311,Mesenchymal-Stromal
c_1_29_312,Mesenchymal-Stromal
c_1_29_313,Mesenchymal-Stromal
c_1_29_314,Mesenchymal-Stromal
c_1_29_315,Mesenchymal-Stromal
c_1_29_316,Mesenchymal-Stromal
c_1_29_317,Endothelial
c_1_29_318,Endothelial
c_1_29_319,Mesenchymal-Stromal
c_1_29_320,Mesenchymal-Stromal
c_1_29_321,Mesenchymal-Stromal
c_1_29_322,Mesenchymal-Stromal
c_1_29_323,Mesenchymal-Stromal
c_1_29_324,Mesenchymal-Stromal
c_1_29_325,Mesenchymal-Stromal
c_1_29_326,Mesenchymal-Stromal
c_1_29_327,Mesenchymal-Stromal
c_1_29_328,Mesenchymal-Stromal
c_1_29_329,Mesenchymal-Stromal
c_1_29_330,Mesenchymal-Stromal
c_1_29_331,Endothelial
c_1_29_332,Endothelial
c_1_29_333,Mesenchymal-Stromal
c_1_29_334,Mesenchymal-Stromal
c_1_29_335,Mesenchymal-Stromal
c_1_29_336,Mesenchymal-Stromal
c_1_29_337,Mesenchymal-Stromal
c_1_29_338,Mesenchymal-Stromal
c_1_29_339,Mesenchymal-Stromal
c_1_29_340,Mesenchymal-Stromal
c_1_29_341,Mesenchymal-Stromal
c_1_29_342,Mesenchymal-Stromal
c_1_29_343,Mesenchymal-Stromal
c_1_29_344,Mesenchymal-Stromal
c_1_29_345,Mesenchymal-Stromal
c_1_29_346,Mesenchymal-Stromal
c_1_29_347,Mesenchymal-Stromal
c_1_29_348,Mesenchymal-Stromal
c_1_29_349,Mesenchymal-Stromal
c_1_29_350,Mesenchymal-Stromal
c_1_29_351,Mesenchymal-Stromal
c_1_29_352,Lymphoid-Other
c_1_29_353,Mesenchymal-Stromal
c_1_29_354,Mesenchymal-Stromal
c_1_29_355,Mesenchymal-Stromal
c_1_29_356,Mesenchymal-Stromal
c_1_29_357,Mesenchymal-Stromal
c_1_29_358,Mesenchymal-Stromal
c_1_29_359,Mesenchymal-Stromal
c_1_29_360,Endothelial
c_1_29_361,Mesenchymal-Stromal
c_1_29_362,Mesenchymal-Stromal
c_1_29_363,Mesenchymal-Stromal
c_1_29_364,Mesenchymal-Stromal
c_1_29_365,Mesenchymal-Stromal
c_1_29_366,Mesenchymal-Stromal
c_1_29_367,Mesenchymal-Stromal
c_1_29_368,Mesenchymal-Stromal
c_1_29_369,Mesenchymal-Stromal
c_1_29_370,Mesenchymal-Stromal
c_1_29_371,Mesenchymal-Stromal
c_1_29_372,Mesenchymal-Stromal
c_1_29_373,Mesenchymal-Stromal
c_1_29_374,Mesenchymal-Stromal
c_1_29_375,Mesenchymal-Stromal
c_1_29_376,Mesenchymal-Stromal
c_1_29_377,Mesenchymal-Stromal
c_1_29_378,Mesenchymal-Stromal
c_1_29_379,Mesenchymal-Stromal
c_1_29_380,Lymphoid-Other
c_1_29_381,Lymphoid-Other
c_1_29_382,Mesenchymal-Stromal
c_1_29_383,Mesenchymal-Stromal
c_1_29_384,Endothelial
c_1_29_385,Mesenchymal-Stromal
c_1_29_386,Mesenchymal-Stromal
c_1_29_387,Endothelial
c_1_29_388,Mesenchymal-Stromal
c_1_29_389,Mesenchymal-Stromal
c_1_29_390,Lymphoid-T
c_1_29_391,Mesenchymal-Stromal
c_1_29_392,Mesenchymal-Stromal
c_1_29_393,Mesenchymal-Stromal
c_1_29_394,Mesenchymal-Stromal
c_1_29_395,Mesenchymal-Stromal
c_1_29_396,Mesenchymal-Stromal
c_1_29_397,Mesenchymal-Stromal
c_1_29_398,Mesenchymal-Stromal
c_1_29_399,Mesenchymal-Stromal
c_1_29_400,Mesenchymal-Stromal
c_1_29_401,Mesenchymal-Stromal
c_1_29_402,Mesenchymal-Stromal
c_1_29_403,Mesenchymal-Stromal
c_1_29_404,Mesenchymal-Stromal
c_1_29_405,Mesenchymal-Stromal
c_1_29_406,Mesenchymal-Stromal
c_1_29_407,Mesenchymal-Stromal
c_1_29_408,Mesenchymal-Stromal
c_1_29_409,Endothelial
c_1_29_410,Mesenchymal-Stromal
c_1_29_411,Mesenchymal-Stromal
c_1_29_412,Mesenchymal-Stromal
c_1_29_413,Mesenchymal-Stromal
c_1_29_414,Mesenchymal-Stromal
c_1_29_415,Mesenchymal-Stromal
c_1_29_416,Mesenchymal-Stromal
c_1_29_417,Mesenchymal-Stromal
c_1_29_418,Mesenchymal-Stromal
c_1_29_419,Mesenchymal-Stromal
c_1_29_420,Mesenchymal-Stromal
c_1_29_421,Mesenchymal-Stromal
c_1_29_422,Mesenchymal-Stromal
c_1_29_423,Mesenchymal-Stromal
c_1_29_424,Mesenchymal-Stromal
c_1_29_425,Mesenchymal-Stromal
c_1_29_426,Mesenchymal-Stromal
c_1_29_427,Mesenchymal-Stromal
c_1_29_428,Endothelial
c_1_29_429,Mesenchymal-Stromal
c_1_29_430,Mesenchymal-Stromal
c_1_29_431,Mesenchymal-Stromal
c_1_29_432,Mesenchymal-Stromal
c_1_29_433,Endothelial
c_1_29_434,Mesenchymal-Stromal
c_1_29_435,Mesenchymal-Stromal
c_1_29_436,Mesenchymal-Stromal
c_1_29_437,Mesenchymal-Stromal
c_1_29_438,Mesenchymal-Stromal
c_1_29_439,Mesenchymal-Stromal
c_1_29_440,Mesenchymal-Stromal
c_1_29_441,Mesenchymal-Stromal
c_1_29_442,Lymphoid-Other
c_1_29_443,Mesenchymal-Stromal
c_1_29_444,Mesenchymal-Stromal
c_1_29_445,Mesenchymal-Stromal
c_1_29_446,Mesenchymal-Stromal
c_1_29_447,Mesenchymal-Stromal
c_1_29_448,Mesenchymal-Stromal
c_1_29_449,Endothelial
c_1_29_450,Mesenchymal-Stromal
c_1_29_451,Mesenchymal-Stromal
c_1_29_452,Mesenchymal-Stromal
c_1_29_453,Mesenchymal-Stromal
c_1_29_454,Endothelial
c_1_29_455,Mesenchymal-Stromal
c_1_29_456,Mesenchymal-Stromal
c_1_29_457,Mesenchymal-Stromal
c_1_29_458,Mesenchymal-Stromal
c_1_29_459,Mesenchymal-Stromal
c_1_29_460,Mesenchymal-Stromal
c_1_29_461,Mesenchymal-Stromal
c_1_29_462,Mesenchymal-Stromal
c_1_29_463,Mesenchymal-Stromal
c_1_29_464,Mesenchymal-Stromal
c_1_29_465,Lymphoid-Other
c_1_29_466,Mesenchymal-Stromal
c_1_29_467,Mesenchymal-Stromal
c_1_29_468,Mesenchymal-Stromal
c_1_29_469,Mesenchymal-Stromal
c_1_29_470,Lymphoid-Other
c_1_29_471,Mesenchymal-Stromal
c_1_29_472,Mesenchymal-Stromal
c_1_29_473,Mesenchymal-Stromal
c_1_29_474,None
c_1_29_475,Mesenchymal-Stromal
c_1_29_476,Lymphoid-Other
c_1_29_477,Mesenchymal-Stromal
c_1_29_478,Mesenchymal-Stromal
c_1_29_479,Mesenchymal-Stromal
c_1_29_480,Mesenchymal-Stromal
c_1_29_481,Mesenchymal-Stromal
c_1_29_482,Mesenchymal-Stromal
c_1_29_483,Mesenchymal-Stromal
c_1_29_484,Mesenchymal-Stromal
c_1_29_485,Mesenchymal-Stromal
c_1_29_486,Mesenchymal-Stromal
c_1_29_487,Mesenchymal-Stromal
c_1_29_488,Mesenchymal-Stromal
c_1_29_489,Mesenchymal-Stromal
c_1_29_490,Mesenchymal-Stromal
c_1_29_491,Mesenchymal-Stromal
c_1_29_492,Mesenchymal-Stromal
c_1_29_493,Mesenchymal-Stromal
c_1_29_494,Mesenchymal-Stromal
c_1_29_495,Mesenchymal-Stromal
c_1_29_496,Mesenchymal-Stromal
c_1_29_497,Mesenchymal-Stromal
c_1_29_498,Endothelial
c_1_29_499,Mesenchymal-Stromal
c_1_29_500,Mesenchymal-Stromal
c_1_29_501,Endothelial
c_1_29_502,Mesenchymal-Stromal
c_1_29_503,Mesenchymal-Stromal
c_1_29_504,Mesenchymal-Stromal
c_1_29_505,Mesenchymal-Stromal
c_1_29_506,Mesenchymal-Stromal
c_1_29_507,Mesenchymal-Stromal
c_1_29_508,Mesenchymal-Stromal
c_1_29_509,Lymphoid-Other
c_1_29_510,Mesenchymal-Stromal
c_1_29_511,Mesenchymal-Stromal
c_1_29_512,Mesenchymal-Stromal
c_1_29_513,Mesenchymal-Stromal
c_1_29_514,Mesenchymal-Stromal
c_1_29_515,Mesenchymal-Stromal
c_1_29_516,Mesenchymal-Stromal
c_1_29_517,Mesenchymal-Stromal
c_1_29_518,Mesenchymal-Stromal
c_1_29_519,Mesenchymal-Stromal
c_1_29_520,Mesenchymal-Stromal
c_1_29_521,Mesenchymal-Stromal
c_1_29_522,Mesenchymal-Stromal
c_1_29_523,Mesenchymal-Stromal
c_1_29_524,Mesenchymal-Stromal
c_1_29_525,Mesenchymal-Stromal
c_1_29_526,Mesenchymal-Stromal
c_1_29_527,Mesenchymal-Stromal
c_1_29_528,Mesenchymal-Stromal
c_1_29_529,Mesenchymal-Stromal
c_1_29_530,Mesenchymal-Stromal
c_1_29_531,Mesenchymal-Stromal
c_1_29_532,Mesenchymal-Stromal
c_1_29_533,Mesenchymal-Stromal
c_1_29_534,Mesenchymal-Stromal
c_1_29_535,Mesenchymal-Stromal
c_1_29_536,Mesenchymal-Stromal
c_1_29_537,Mesenchymal-Stromal
c_1_29_538,Mesenchymal-Stromal
c_1_29_539,Mesenchymal-Stromal
c_1_29_540,Mesenchymal-Stromal
c_1_29_541,Mesenchymal-Stromal
c_1_29_542,Mesenchymal-Stromal
c_1_29_543,Mesenchymal-Stromal
c_1_29_544,Mesenchymal-Stromal
c_1_29_545,Mesenchymal-Stromal
c_1_29_546,Mesenchymal-Stromal
c_1_29_547,Mesenchymal-Stromal
c_1_29_548,Mesenchymal-Stromal
c_1_29_549,Mesenchymal-Stromal
c_1_29_550,Mesenchymal-Stromal
c_1_29_551,Mesenchymal-Stromal
c_1_29_552,Mesenchymal-Stromal
c_1_29_553,Mesenchymal-Stromal
c_1_29_554,Mesenchymal-Stromal
c_1_29_555,Mesenchymal-Stromal
c_1_29_556,Mesenchymal-Stromal
c_1_29_557,Mesenchymal-Stromal
c_1_29_558,Mesenchymal-Stromal
c_1_29_559,Mesenchymal-Stromal
c_1_29_560,Mesenchymal-Stromal
c_1_29_561,Mesenchymal-Stromal
c_1_29_562,Mesenchymal-Stromal
c_1_29_563,Mesenchymal-Stromal
c_1_29_564,Mesenchymal-Stromal
c_1_29_565,Mesenchymal-Stromal
c_1_29_566,Mesenchymal-Stromal
c_1_29_567,Mesenchymal-Stromal
c_1_29_568,Mesenchymal-Stromal
c_1_29_569,Lymphoid-Plasma
c_1_29_570,Mesenchymal-Stromal
c_1_29_571,Mesenchymal-Stromal
c_1_29_572,Mesenchymal-Stromal
c_1_29_573,Mesenchymal-Stromal
c_1_29_574,Mesenchymal-Stromal
c_1_29_575,Mesenchymal-Stromal
c_1_29_576,Mesenchymal-Stromal
c_1_29_577,Mesenchymal-Stromal
c_1_29_578,Mesenchymal-Stromal
c_1_29_579,Mesenchymal-Stromal
c_1_29_580,Mesenchymal-Stromal
c_1_29_581,Lymphoid-T
c_1_29_582,Endothelial
c_1_29_583,Mesenchymal-Stromal
c_1_29_584,Mesenchymal-Stromal
c_1_29_585,Mesenchymal-Stromal
c_1_29_586,Neuronal-Glial
c_1_29_587,Mesenchymal-Stromal
c_1_29_588,Mesenchymal-Stromal
c_1_29_589,Mesenchymal-Stromal
c_1_29_590,Mesenchymal-Stromal
c_1_29_591,Mesenchymal-Stromal
c_1_29_592,Mesenchymal-Stromal
c_1_29_593,Mesenchymal-Stromal
c_1_29_594,Endothelial
c_1_29_595,Mesenchymal-Stromal
c_1_29_596,Mesenchymal-Stromal
c_1_29_597,Endothelial
c_1_29_598,Mesenchymal-Stromal
c_1_29_599,Mesenchymal-Stromal
c_1_29_600,Mesenchymal-Stromal
c_1_29_601,Endothelial
c_1_29_602,Lymphoid-Other
c_1_29_603,Mesenchymal-Stromal
c_1_29_604,Mesenchymal-Stromal
c_1_29_605,None
c_1_29_606,Neuronal-Glial
c_1_29_607,Mesenchymal-Stromal
c_1_29_608,Mesenchymal-Stromal
c_1_29_609,Mesenchymal-Stromal
c_1_29_610,Mesenchymal-Stromal
c_1_29_611,Mesenchymal-Stromal
c_1_29_612,Mesenchymal-Stromal
c_1_29_613,Mesenchymal-Stromal
c_1_29_614,Mesenchymal-Stromal
c_1_29_615,Mesenchymal-Stromal
c_1_29_616,Mesenchymal-Stromal
c_1_29_617,Mesenchymal-Stromal
c_1_29_618,Mesenchymal-Stromal
c_1_29_619,Mesenchymal-Stromal
c_1_29_620,Mesenchymal-Stromal
c_1_29_621,Lymphoid-B
c_1_29_622,Mesenchymal-Stromal
c_1_29_623,Mesenchymal-Stromal
c_1_29_624,Mesenchymal-Stromal
c_1_29_625,Mesenchymal-Stromal
c_1_29_626,Mesenchymal-Stromal
c_1_29_627,Mesenchymal-Stromal
c_1_29_628,Mesenchymal-Stromal
c_1_29_629,Mesenchymal-Stromal
c_1_29_630,Mesenchymal-Stromal
c_1_29_631,Mesenchymal-Stromal
c_1_29_632,Mesenchymal-Stromal
c_1_29_633,Mesenchymal-Stromal
c_1_29_634,Mesenchymal-Stromal
c_1_29_635,Endothelial
c_1_29_636,Mesenchymal-Stromal
c_1_29_637,Mesenchymal-Stromal
c_1_29_638,Mesenchymal-Stromal
c_1_29_639,Mesenchymal-Stromal
c_1_29_640,Mesenchymal-Stromal
c_1_29_641,Mesenchymal-Stromal
c_1_29_642,Mesenchymal-Stromal
c_1_29_643,Mesenchymal-Stromal
c_1_29_644,Lymphoid-B
c_1_29_645,Lymphoid-T
c_1_29_646,Mesenchymal-Stromal
c_1_29_647,Mesenchymal-Stromal
c_1_29_648,Mesenchymal-Stromal
c_1_29_649,Mesenchymal-Stromal
c_1_29_650,Mesenchymal-Stromal
c_1_29_651,Mesenchymal-Stromal
c_1_29_652,Mesenchymal-Stromal
c_1_29_653,Mesenchymal-Stromal
c_1_29_654,Mesenchymal-Stromal
c_1_29_655,Mesenchymal-Stromal
c_1_29_656,Lymphoid-Plasma
c_1_29_657,Mesenchymal-Stromal
c_1_29_658,Mesenchymal-Stromal
c_1_29_659,Mesenchymal-Stromal
c_1_29_660,Mesenchymal-Stromal
c_1_29_661,Mesenchymal-Stromal
c_1_29_662,Mesenchymal-Stromal
c_1_29_663,Lymphoid-Plasma
c_1_29_664,Mesenchymal-Stromal
c_1_29_665,Endothelial
c_1_29_666,Mesenchymal-Stromal
c_1_29_667,Neuronal-Glial
c_1_29_668,Mesenchymal-Stromal
c_1_29_669,Mesenchymal-Stromal
c_1_29_670,Mesenchymal-Stromal
c_1_29_671,Mesenchymal-Stromal
c_1_29_672,Mesenchymal-Stromal
c_1_29_673,Lymphoid-T
c_1_29_674,Mesenchymal-Stromal
c_1_29_675,Lymphoid-Other
c_1_29_676,None
c_1_29_677,Mesenchymal-Stromal
c_1_29_678,Mesenchymal-Stromal
c_1_29_679,Lymphoid-Plasma
c_1_29_680,Mesenchymal-Stromal
c_1_29_681,Mesenchymal-Stromal
c_1_29_682,Mesenchymal-Stromal
c_1_29_683,Mesenchymal-Stromal
c_1_29_684,Mesenchymal-Stromal
c_1_29_685,Lymphoid-Other
c_1_29_686,Mesenchymal-Stromal
c_1_29_687,Mesenchymal-Stromal
c_1_29_688,Mesenchymal-Stromal
c_1_29_689,Endothelial
c_1_29_690,Mesenchymal-Stromal
c_1_29_691,Lymphoid-Other
c_1_29_692,Mesenchymal-Stromal
c_1_29_693,Mesenchymal-Stromal
c_1_29_694,Mesenchymal-Stromal
c_1_29_695,Mesenchymal-Stromal
c_1_29_696,Mesenchymal-Stromal
c_1_29_697,Lymphoid-Plasma
c_1_29_698,Endothelial
c_1_29_699,Mesenchymal-Stromal
c_1_29_700,Mesenchymal-Stromal
c_1_29_701,Mesenchymal-Stromal
c_1_29_702,Mesenchymal-Stromal
c_1_29_703,Mesenchymal-Stromal
c_1_29_704,Mesenchymal-Stromal
c_1_29_705,Mesenchymal-Stromal
c_1_29_706,Mesenchymal-Stromal
c_1_29_707,Mesenchymal-Stromal
c_1_29_708,Mesenchymal-Stromal
c_1_29_709,Mesenchymal-Stromal
c_1_29_710,Mesenchymal-Stromal
c_1_29_711,Mesenchymal-Stromal
c_1_29_712,Mesenchymal-Stromal
c_1_29_713,Mesenchymal-Stromal
c_1_29_714,Mesenchymal-Stromal
c_1_29_715,Mesenchymal-Stromal
c_1_29_716,Mesenchymal-Stromal
c_1_29_717,Endothelial
c_1_29_718,Mesenchymal-Stromal
c_1_29_719,Myeloid
c_1_29_720,Endothelial
c_1_29_721,Mesenchymal-Stromal
c_1_29_722,Mesenchymal-Stromal
c_1_29_723,Mesenchymal-Stromal
c_1_29_724,Mesenchymal-Stromal
c_1_29_725,Mesenchymal-Stromal
c_1_29_726,Mesenchymal-Stromal
c_1_29_727,Mesenchymal-Stromal
c_1_29_728,Neuronal-Glial
c_1_29_729,Lymphoid-Plasma
c_1_29_730,Mesenchymal-Stromal
c_1_29_731,Endothelial
c_1_29_732,Mesenchymal-Stromal
c_1_29_733,Mesenchymal-Stromal
c_1_29_734,Mesenchymal-Stromal
c_1_29_735,Mesenchymal-Stromal
c_1_29_736,Mesenchymal-Stromal
c_1_29_737,Mesenchymal-Stromal
c_1_29_738,Mesenchymal-Stromal
c_1_29_739,Mesenchymal-Stromal
c_1_29_740,Mesenchymal-Stromal
c_1_29_741,Endothelial
c_1_29_742,Mesenchymal-Stromal
c_1_29_743,Mesenchymal-Stromal
c_1_29_744,Mesenchymal-Stromal
c_1_29_745,Mesenchymal-Stromal
c_1_29_746,Mesenchymal-Stromal
c_1_29_747,Mesenchymal-Stromal
c_1_29_748,Mesenchymal-Stromal
c_1_29_749,Mesenchymal-Stromal
c_1_29_750,Neuronal-Glial
c_1_29_751,Lymphoid-Other
c_1_29_752,Mesenchymal-Stromal
c_1_29_753,Mesenchymal-Stromal
c_1_29_754,Mesenchymal-Stromal
c_1_29_755,Endothelial
c_1_29_756,Mesenchymal-Stromal
c_1_29_757,Mesenchymal-Stromal
c_1_29_758,Mesenchymal-Stromal
c_1_29_759,Mesenchymal-Stromal
c_1_29_760,Mesenchymal-Stromal
c_1_29_761,Mesenchymal-Stromal
c_1_29_762,Lymphoid-Plasma
c_1_29_763,Mesenchymal-Stromal
c_1_29_764,Mesenchymal-Stromal
c_1_29_765,Lymphoid-Plasma
c_1_29_766,Endothelial
c_1_29_767,Mesenchymal-Stromal
c_1_29_768,Mesenchymal-Stromal
c_1_29_769,Mesenchymal-Stromal
c_1_29_770,Mesenchymal-Stromal
c_1_29_771,Lymphoid-Other
c_1_29_772,Mesenchymal-Stromal
c_1_29_773,Mesenchymal-Stromal
c_1_29_774,Endothelial
c_1_29_775,Mesenchymal-Stromal
c_1_29_776,Endothelial
c_1_29_777,Mesenchymal-Stromal
c_1_29_778,Mesenchymal-Stromal
c_1_29_779,Mesenchymal-Stromal
c_1_29_780,Mesenchymal-Stromal
c_1_29_781,Mesenchymal-Stromal
c_1_29_782,Mesenchymal-Stromal
c_1_29_783,Mesenchymal-Stromal
c_1_29_784,Mesenchymal-Stromal
c_1_29_785,Mesenchymal-Stromal
c_1_29_786,Mesenchymal-Stromal
c_1_29_787,Mesenchymal-Stromal
c_1_29_788,Myeloid
c_1_29_789,Mesenchymal-Stromal
c_1_29_790,Mesenchymal-Stromal
c_1_29_791,Endothelial
c_1_29_792,Mesenchymal-Stromal
c_1_29_793,Mesenchymal-Stromal
c_1_29_794,Mesenchymal-Stromal
c_1_29_795,Mesenchymal-Stromal
c_1_29_796,Mesenchymal-Stromal
c_1_29_797,Mesenchymal-Stromal
c_1_29_798,Mesenchymal-Stromal
c_1_29_799,Mesenchymal-Stromal
c_1_29_800,Mesenchymal-Stromal
c_1_29_801,Mesenchymal-Stromal
c_1_29_802,Mesenchymal-Stromal
c_1_29_803,Mesenchymal-Stromal
c_1_29_804,Mesenchymal-Stromal
c_1_29_805,Mesenchymal-Stromal
c_1_29_806,Mesenchymal-Stromal
c_1_29_807,Mesenchymal-Stromal
c_1_29_808,Mesenchymal-Stromal
c_1_29_809,Lymphoid-T
c_1_29_810,Mesenchymal-Stromal
c_1_29_811,Mesenchymal-Stromal
c_1_29_812,Mesenchymal-Stromal
c_1_29_813,Lymphoid-Plasma
c_1_29_814,Mesenchymal-Stromal
c_1_29_815,Mesenchymal-Stromal
c_1_29_816,Endothelial
c_1_29_817,Mesenchymal-Stromal
c_1_29_818,Mesenchymal-Stromal
c_1_29_819,Endothelial
c_1_29_820,Mesenchymal-Stromal
c_1_29_821,Mesenchymal-Stromal
c_1_29_822,Mesenchymal-Stromal
c_1_29_823,Endothelial
c_1_29_824,Mesenchymal-Stromal
c_1_29_825,Endothelial
c_1_29_826,Mesenchymal-Stromal
c_1_29_827,Mesenchymal-Stromal
c_1_29_828,Mesenchymal-Stromal
c_1_29_829,Lymphoid-Other
c_1_29_830,Mesenchymal-Stromal
c_1_29_831,Mesenchymal-Stromal
c_1_29_832,Mesenchymal-Stromal
c_1_29_833,Mesenchymal-Stromal
c_1_29_834,Mesenchymal-Stromal
c_1_29_835,Mesenchymal-Stromal
c_1_29_836,Mesenchymal-Stromal
c_1_29_837,Lymphoid-T
c_1_29_838,Mesenchymal-Stromal
c_1_29_839,Mesenchymal-Stromal
c_1_29_840,Mesenchymal-Stromal
c_1_29_841,Mesenchymal-Stromal
c_1_29_842,Mesenchymal-Stromal
c_1_29_843,Mesenchymal-Stromal
c_1_29_844,Mesenchymal-Stromal
c_1_29_845,Mesenchymal-Stromal
c_1_29_846,Myeloid
c_1_29_847,Mesenchymal-Stromal
c_1_29_848,Mesenchymal-Stromal
c_1_29_849,Mesenchymal-Stromal
c_1_29_850,Mesenchymal-Stromal
c_1_29_851,Mesenchymal-Stromal
c_1_29_852,Endothelial
c_1_29_853,Mesenchymal-Stromal
c_1_29_854,Mesenchymal-Stromal
c_1_29_855,Mesenchymal-Stromal
c_1_29_856,Mesenchymal-Stromal
c_1_29_857,Mesenchymal-Stromal
c_1_29_858,Mesenchymal-Stromal
c_1_29_859,Mesenchymal-Stromal
c_1_29_860,Mesenchymal-Stromal
c_1_29_861,Lymphoid-Plasma
c_1_29_862,Lymphoid-Other
c_1_29_863,Mesenchymal-Stromal
c_1_29_864,Mesenchymal-Stromal
c_1_29_865,Mesenchymal-Stromal
c_1_29_866,Mesenchymal-Stromal
c_1_29_867,Mesenchymal-Stromal
c_1_29_868,Mesenchymal-Stromal
c_1_29_869,Mesenchymal-Stromal
c_1_29_870,Mesenchymal-Stromal
c_1_29_871,Mesenchymal-Stromal
c_1_29_872,Mesenchymal-Stromal
c_1_29_873,Mesenchymal-Stromal
c_1_29_874,Mesenchymal-Stromal
c_1_29_875,Lymphoid-B
c_1_29_876,Mesenchymal-Stromal
c_1_29_877,Endothelial
c_1_29_878,Mesenchymal-Stromal
c_1_29_879,Mesenchymal-Stromal
c_1_29_880,Mesenchymal-Stromal
c_1_29_881,Mesenchymal-Stromal
c_1_29_882,Mesenchymal-Stromal
c_1_29_883,Mesenchymal-Stromal
c_1_29_884,Mesenchymal-Stromal
c_1_29_885,Mesenchymal-Stromal
c_1_29_886,Mesenchymal-Stromal
c_1_29_887,Mesenchymal-Stromal
c_1_29_888,Mesenchymal-Stromal
c_1_29_889,Mesenchymal-Stromal
c_1_29_890,Mesenchymal-Stromal
c_1_29_891,Mesenchymal-Stromal
c_1_29_892,Mesenchymal-Stromal
c_1_29_893,Mesenchymal-Stromal
c_1_29_894,Mesenchymal-Stromal
c_1_29_895,Mesenchymal-Stromal
c_1_29_896,Mesenchymal-Stromal
c_1_29_897,Mesenchymal-Stromal
c_1_29_898,Mesenchymal-Stromal
c_1_29_899,Mesenchymal-Stromal
c_1_29_900,Lymphoid-Plasma
c_1_29_901,Mesenchymal-Stromal
c_1_29_902,Mesenchymal-Stromal
c_1_29_903,Mesenchymal-Stromal
c_1_29_904,Lymphoid-Other
c_1_29_905,Mesenchymal-Stromal
c_1_29_906,Mesenchymal-Stromal
c_1_29_907,Mesenchymal-Stromal
c_1_29_908,Mesenchymal-Stromal
c_1_29_909,Mesenchymal-Stromal
c_1_29_910,Mesenchymal-Stromal
c_1_29_911,Myeloid
c_1_29_912,Lymphoid-Plasma
c_1_29_913,Mesenchymal-Stromal
c_1_29_914,Mesenchymal-Stromal
c_1_29_915,Mesenchymal-Stromal
c_1_29_916,Mesenchymal-Stromal
c_1_29_917,Mesenchymal-Stromal
c_1_29_918,Mesenchymal-Stromal
c_1_29_919,Mesenchymal-Stromal
c_1_29_920,Mesenchymal-Stromal
c_1_29_921,Mesenchymal-Stromal
c_1_29_922,Mesenchymal-Stromal
c_1_29_923,Mesenchymal-Stromal
c_1_29_924,Mesenchymal-Stromal
c_1_29_925,Mesenchymal-Stromal
c_1_29_926,Endothelial
c_1_29_927,Mesenchymal-Stromal
c_1_29_928,Mesenchymal-Stromal
c_1_29_929,Mesenchymal-Stromal
c_1_29_930,Mesenchymal-Stromal
c_1_29_931,Mesenchymal-Stromal
c_1_29_932,Mesenchymal-Stromal
c_1_29_933,Mesenchymal-Stromal
c_1_29_934,Mesenchymal-Stromal
c_1_29_935,Mesenchymal-Stromal
c_1_29_936,Mesenchymal-Stromal
c_1_29_937,Endothelial
c_1_29_938,Mesenchymal-Stromal
c_1_29_939,Mesenchymal-Stromal
c_1_29_940,Mesenchymal-Stromal
c_1_29_941,Mesenchymal-Stromal
c_1_29_942,Mesenchymal-Stromal
c_1_29_943,Mesenchymal-Stromal
c_1_29_944,Mesenchymal-Stromal
c_1_29_945,Mesenchymal-Stromal
c_1_29_946,Neuronal-Glial
c_1_29_947,Mesenchymal-Stromal
c_1_29_948,Mesenchymal-Stromal
c_1_29_949,Lymphoid-Other
c_1_29_950,Mesenchymal-Stromal
c_1_29_951,Mesenchymal-Stromal
c_1_29_952,Mesenchymal-Stromal
c_1_29_953,Mesenchymal-Stromal
c_1_29_954,Mesenchymal-Stromal
c_1_29_955,Mesenchymal-Stromal
c_1_29_956,Mesenchymal-Stromal
c_1_29_957,Mesenchymal-Stromal
c_1_29_958,Endothelial
c_1_29_959,Mesenchymal-Stromal
c_1_29_960,Mesenchymal-Stromal
c_1_29_961,Mesenchymal-Stromal
c_1_29_962,Mesenchymal-Stromal
c_1_29_963,Mesenchymal-Stromal
c_1_29_964,Mesenchymal-Stromal
c_1_29_965,Mesenchymal-Stromal
c_1_29_966,Lymphoid-Plasma
c_1_29_967,Mesenchymal-Stromal
c_1_29_968,Mesenchymal-Stromal
c_1_29_969,Mesenchymal-Stromal
c_1_29_970,Mesenchymal-Stromal
c_1_29_971,Mesenchymal-Stromal
c_1_29_972,Mesenchymal-Stromal
c_1_29_973,Mesenchymal-Stromal
c_1_29_974,Mesenchymal-Stromal
c_1_29_975,Endothelial
c_1_29_976,Mesenchymal-Stromal
c_1_29_977,Mesenchymal-Stromal
c_1_29_978,Mesenchymal-Stromal
c_1_29_979,Mesenchymal-Stromal
c_1_29_980,Mesenchymal-Stromal
c_1_29_981,Mesenchymal-Stromal
c_1_29_982,Lymphoid-Other
c_1_29_983,Mesenchymal-Stromal
c_1_29_984,Mesenchymal-Stromal
c_1_29_985,Endothelial
c_1_29_986,Endothelial
c_1_29_987,Mesenchymal-Stromal
c_1_29_988,Mesenchymal-Stromal
c_1_29_989,Mesenchymal-Stromal
c_1_29_990,Mesenchymal-Stromal
c_1_29_991,Mesenchymal-Stromal
c_1_29_992,Mesenchymal-Stromal
c_1_29_993,Lymphoid-Other
c_1_29_994,Mesenchymal-Stromal
c_1_29_995,Mesenchymal-Stromal
c_1_29_996,Endothelial
c_1_29_997,Mesenchymal-Stromal
c_1_29_998,Mesenchymal-Stromal
c_1_29_999,Mesenchymal-Stromal
c_1_29_1000,Mesenchymal-Stromal
c_1_29_1001,Mesenchymal-Stromal
c_1_29_1002,Mesenchymal-Stromal
c_1_29_1003,Mesenchymal-Stromal
c_1_29_1004,Mesenchymal-Stromal
c_1_29_1005,Mesenchymal-Stromal
c_1_29_1006,Mesenchymal-Stromal
c_1_29_1007,Lymphoid-Plasma
c_1_29_1008,Mesenchymal-Stromal
c_1_29_1009,Mesenchymal-Stromal
c_1_29_1010,Mesenchymal-Stromal
c_1_29_1011,Mesenchymal-Stromal
c_1_29_1012,Mesenchymal-Stromal
c_1_29_1013,Endothelial
c_1_29_1014,Mesenchymal-Stromal
c_1_29_1015,Mesenchymal-Stromal
c_1_29_1016,Mesenchymal-Stromal
c_1_29_1017,Mesenchymal-Stromal
c_1_29_1018,Mesenchymal-Stromal
c_1_29_1019,Mesenchymal-Stromal
c_1_29_1020,Mesenchymal-Stromal
c_1_29_1021,Mesenchymal-Stromal
c_1_29_1022,Mesenchymal-Stromal
c_1_29_1023,Mesenchymal-Stromal
c_1_29_1024,Mesenchymal-Stromal
c_1_29_1025,Mesenchymal-Stromal
c_1_29_1026,Mesenchymal-Stromal
c_1_29_1027,Endothelial
c_1_29_1028,Mesenchymal-Stromal
c_1_29_1029,Mesenchymal-Stromal
c_1_29_1030,Lymphoid-T
c_1_29_1031,Mesenchymal-Stromal
c_1_29_1032,Mesenchymal-Stromal
c_1_29_1033,Mesenchymal-Stromal
c_1_29_1034,Mesenchymal-Stromal
c_1_29_1035,Mesenchymal-Stromal
c_1_29_1036,Mesenchymal-Stromal
c_1_29_1037,Mesenchymal-Stromal
c_1_29_1038,Mesenchymal-Stromal
c_1_29_1039,Mesenchymal-Stromal
c_1_29_1040,Endothelial
c_1_29_1041,Mesenchymal-Stromal
c_1_29_1042,Mesenchymal-Stromal
c_1_29_1043,Mesenchymal-Stromal
c_1_29_1044,Mesenchymal-Stromal
c_1_29_1045,Mesenchymal-Stromal
c_1_29_1046,Lymphoid-Other
c_1_29_1047,Lymphoid-T
c_1_29_1048,Mesenchymal-Stromal
c_1_29_1049,Mesenchymal-Stromal
c_1_29_1050,Mesenchymal-Stromal
c_1_29_1051,Mesenchymal-Stromal
c_1_29_1052,Mesenchymal-Stromal
c_1_29_1053,Mesenchymal-Stromal
c_1_29_1054,Erythroid
c_1_29_1055,Mesenchymal-Stromal
c_1_29_1056,Mesenchymal-Stromal
c_1_29_1057,Mesenchymal-Stromal
c_1_29_1058,Mesenchymal-Stromal
c_1_29_1059,Lymphoid-Plasma
c_1_29_1060,Endothelial
c_1_29_1061,Mesenchymal-Stromal
c_1_29_1062,Mesenchymal-Stromal
c_1_29_1063,Mesenchymal-Stromal
c_1_29_1064,Mesenchymal-Stromal
c_1_29_1065,Mesenchymal-Stromal
c_1_29_1066,Mesenchymal-Stromal
c_1_29_1067,Mesenchymal-Stromal
c_1_29_1068,Mesenchymal-Stromal
c_1_29_1069,Mesenchymal-Stromal
c_1_29_1070,Mesenchymal-Stromal
c_1_29_1071,Lymphoid-Other
c_1_29_1072,Mesenchymal-Stromal
c_1_29_1073,Endothelial
c_1_29_1074,Neuronal-Glial
c_1_29_1075,Mesenchymal-Stromal
c_1_29_1076,Mesenchymal-Stromal
c_1_29_1077,Mesenchymal-Stromal
c_1_29_1078,Mesenchymal-Stromal
c_1_29_1079,Mesenchymal-Stromal
c_1_29_1080,Mesenchymal-Stromal
c_1_29_1081,Mesenchymal-Stromal
c_1_29_1082,Mesenchymal-Stromal
c_1_29_1083,Mesenchymal-Stromal
c_1_29_1084,Mesenchymal-Stromal
c_1_29_1085,Mesenchymal-Stromal
c_1_29_1086,Mesenchymal-Stromal
c_1_29_1087,Mesenchymal-Stromal
c_1_29_1088,Mesenchymal-Stromal
c_1_29_1089,Lymphoid-Other
c_1_29_1090,Lymphoid-Plasma
c_1_29_1091,Mesenchymal-Stromal
c_1_29_1092,Mesenchymal-Stromal
c_1_29_1093,Mesenchymal-Stromal
c_1_29_1094,Mesenchymal-Stromal
c_1_29_1095,Mesenchymal-Stromal
c_1_29_1096,Mesenchymal-Stromal
c_1_29_1097,Mesenchymal-Stromal
c_1_29_1098,Mesenchymal-Stromal
c_1_29_1099,Mesenchymal-Stromal
c_1_29_1100,Mesenchymal-Stromal
c_1_29_1101,Mesenchymal-Stromal
c_1_29_1102,Mesenchymal-Stromal
c_1_29_1103,Lymphoid-Plasma
c_1_29_1104,Mesenchymal-Stromal
c_1_29_1105,Mesenchymal-Stromal
c_1_29_1106,Mesenchymal-Stromal
c_1_29_1107,Mesenchymal-Stromal
c_1_29_1108,Mesenchymal-Stromal
c_1_29_1109,Mesenchymal-Stromal
c_1_29_1110,Lymphoid-Plasma
c_1_29_1111,Mesenchymal-Stromal
c_1_29_1112,Lymphoid-Plasma
c_1_29_1113,Mesenchymal-Stromal
c_1_29_1114,Mesenchymal-Stromal
c_1_29_1115,Mesenchymal-Stromal
c_1_29_1116,Mesenchymal-Stromal
c_1_29_1117,Mesenchymal-Stromal
c_1_29_1118,Mesenchymal-Stromal
c_1_29_1119,Mesenchymal-Stromal
c_1_29_1120,Mesenchymal-Stromal
c_1_29_1121,Lymphoid-T
c_1_29_1122,Mesenchymal-Stromal
c_1_29_1123,Mesenchymal-Stromal
c_1_29_1124,Mesenchymal-Stromal
c_1_29_1125,Mesenchymal-Stromal
c_1_29_1126,Mesenchymal-Stromal
c_1_29_1127,Mesenchymal-Stromal
c_1_29_1128,Mesenchymal-Stromal
c_1_29_1129,Mesenchymal-Stromal
c_1_29_1130,Mesenchymal-Stromal
c_1_29_1131,Mesenchymal-Stromal
c_1_29_1132,Endothelial
c_1_29_1133,Mesenchymal-Stromal
c_1_29_1134,Lymphoid-Other
c_1_29_1135,Mesenchymal-Stromal
c_1_29_1136,Mesenchymal-Stromal
c_1_29_1137,Lymphoid-T
c_1_29_1138,Lymphoid-Plasma
c_1_29_1139,Mesenchymal-Stromal
c_1_29_1140,Lymphoid-Plasma
c_1_29_1141,Mesenchymal-Stromal
c_1_29_1142,Endothelial
c_1_29_1143,Mesenchymal-Stromal
c_1_29_1144,Mesenchymal-Stromal
c_1_29_1145,Mesenchymal-Stromal
c_1_29_1146,Mesenchymal-Stromal
c_1_29_1147,Mesenchymal-Stromal
c_1_29_1148,Mesenchymal-Stromal
c_1_29_1149,Mesenchymal-Stromal
c_1_29_1150,Mesenchymal-Stromal
c_1_29_1151,Mesenchymal-Stromal
c_1_29_1152,Mesenchymal-Stromal
c_1_29_1153,Endothelial
c_1_29_1154,Mesenchymal-Stromal
c_1_29_1155,Mesenchymal-Stromal
c_1_29_1156,Lymphoid-T
c_1_29_1157,Mesenchymal-Stromal
c_1_29_1158,Mesenchymal-Stromal
c_1_29_1159,Mesenchymal-Stromal
c_1_29_1160,Mesenchymal-Stromal
c_1_29_1161,Lymphoid-Other
c_1_29_1162,Mesenchymal-Stromal
c_1_29_1163,Mesenchymal-Stromal
c_1_29_1164,Mesenchymal-Stromal
c_1_29_1165,Lymphoid-Plasma
c_1_29_1166,Mesenchymal-Stromal
c_1_29_1167,Mesenchymal-Stromal
c_1_29_1168,Mesenchymal-Stromal
c_1_29_1169,Mesenchymal-Stromal
c_1_29_1170,Endothelial
c_1_29_1171,Mesenchymal-Stromal
c_1_29_1172,Lymphoid-Plasma
c_1_29_1173,Mesenchymal-Stromal
c_1_29_1174,Mesenchymal-Stromal
c_1_29_1175,Mesenchymal-Stromal
c_1_29_1176,Endothelial
c_1_29_1177,Mesenchymal-Stromal
c_1_29_1178,Mesenchymal-Stromal
c_1_29_1179,Mesenchymal-Stromal
c_1_29_1180,Endothelial
c_1_29_1181,Mesenchymal-Stromal
c_1_29_1182,Mesenchymal-Stromal
c_1_29_1183,Mesenchymal-Stromal
c_1_29_1184,Mesenchymal-Stromal
c_1_29_1185,Mesenchymal-Stromal
c_1_29_1186,Mesenchymal-Stromal
c_1_29_1187,Mesenchymal-Stromal
c_1_29_1188,Lymphoid-B
c_1_29_1189,Lymphoid-Other
c_1_29_1190,Mesenchymal-Stromal
c_1_29_1191,Mesenchymal-Stromal
c_1_29_1192,Mesenchymal-Stromal
c_1_29_1193,Mesenchymal-Stromal
c_1_29_1194,Mesenchymal-Stromal
c_1_29_1195,Mesenchymal-Stromal
c_1_29_1196,Mesenchymal-Stromal
c_1_29_1197,Mesenchymal-Stromal
c_1_29_1198,Mesenchymal-Stromal
c_1_29_1199,Mesenchymal-Stromal
c_1_29_1200,Mesenchymal-Stromal
c_1_29_1201,Mesenchymal-Stromal
c_1_29_1202,Myeloid
c_1_29_1203,Mesenchymal-Stromal
c_1_29_1204,Mesenchymal-Stromal
c_1_29_1205,Mesenchymal-Stromal
c_1_29_1206,Mesenchymal-Stromal
c_1_29_1207,Mesenchymal-Stromal
c_1_29_1208,Mesenchymal-Stromal
c_1_29_1209,Mesenchymal-Stromal
c_1_29_1210,Mesenchymal-Stromal
c_1_29_1211,Lymphoid-Other
c_1_29_1212,Mesenchymal-Stromal
c_1_29_1213,Neuronal-Glial
c_1_29_1214,Mesenchymal-Stromal
c_1_29_1215,Mesenchymal-Stromal
c_1_29_1216,Mesenchymal-Stromal
c_1_29_1217,Mesenchymal-Stromal
c_1_29_1218,Endothelial
c_1_29_1219,Mesenchymal-Stromal
c_1_29_1220,Mesenchymal-Stromal
c_1_29_1221,Mesenchymal-Stromal
c_1_29_1222,Mesenchymal-Stromal
c_1_29_1223,Mesenchymal-Stromal
c_1_29_1224,Mesenchymal-Stromal
c_1_29_1225,Mesenchymal-Stromal
c_1_29_1226,Mesenchymal-Stromal
c_1_29_1227,Mesenchymal-Stromal
c_1_29_1228,Endothelial
c_1_29_1229,Mesenchymal-Stromal
c_1_29_1230,Epithelial
c_1_29_1231,Mesenchymal-Stromal
c_1_29_1232,Mesenchymal-Stromal
c_1_30_1,Lymphoid-T
c_1_30_2,Mesenchymal-Stromal
c_1_30_3,Mesenchymal-Stromal
c_1_30_4,Mesenchymal-Stromal
c_1_30_5,Mesenchymal-Stromal
c_1_30_6,Mesenchymal-Stromal
c_1_30_7,Mesenchymal-Stromal
c_1_30_8,Mesenchymal-Stromal
c_1_30_9,Endothelial
c_1_30_10,Endothelial
c_1_30_11,Mesenchymal-Stromal
c_1_30_12,Mesenchymal-Stromal
c_1_30_13,Mesenchymal-Stromal
c_1_30_14,Mesenchymal-Stromal
c_1_30_15,Mesenchymal-Stromal
c_1_30_16,Mesenchymal-Stromal
c_1_30_17,Mesenchymal-Stromal
c_1_30_18,Mesenchymal-Stromal
c_1_30_19,Mesenchymal-Stromal
c_1_30_20,Mesenchymal-Stromal
c_1_30_21,Mesenchymal-Stromal
c_1_30_22,Mesenchymal-Stromal
c_1_30_23,Endothelial
c_1_30_24,Endothelial
c_1_30_25,Mesenchymal-Stromal
c_1_30_26,Mesenchymal-Stromal
c_1_30_27,Mesenchymal-Stromal
c_1_30_28,Mesenchymal-Stromal
c_1_30_29,Neuronal-Glial
c_1_30_30,Myeloid
c_1_30_31,Mesenchymal-Stromal
c_1_30_32,Lymphoid-B
c_1_30_33,Mesenchymal-Stromal
c_1_30_34,Endothelial
c_1_30_35,Lymphoid-Other
c_1_30_36,Mesenchymal-Stromal
c_1_30_37,Mesenchymal-Stromal
c_1_30_38,Lymphoid-Other
c_1_30_39,None
c_1_30_40,Mesenchymal-Stromal
c_1_30_41,Endothelial
c_1_30_42,Endothelial
c_1_30_43,Lymphoid-T
c_1_30_44,Lymphoid-DC
c_1_30_45,Lymphoid-DC
c_1_30_46,Lymphoid-DC
c_1_30_47,Lymphoid-T
c_1_30_48,Lymphoid-DC
c_1_30_49,Lymphoid-T
c_1_30_50,Lymphoid-Other
c_1_30_51,Lymphoid-DC
c_1_30_52,Lymphoid-T
c_1_30_53,Lymphoid-DC
c_1_30_54,Lymphoid-Other
c_1_30_55,Lymphoid-DC
c_1_30_56,Lymphoid-DC
c_1_30_57,Lymphoid-T
c_1_30_58,Lymphoid-T
c_1_30_59,Lymphoid-Plasma
c_1_30_60,Lymphoid-DC
c_1_30_61,Lymphoid-DC
c_1_30_62,Lymphoid-DC
c_1_30_63,Mesenchymal-Stromal
c_1_30_64,Lymphoid-Other
c_1_30_65,Lymphoid-T
c_1_30_66,Lymphoid-T
c_1_30_67,Lymphoid-T
c_1_30_68,Endothelial
c_1_30_69,Lymphoid-T
c_1_30_70,Lymphoid-DC
c_1_30_71,Lymphoid-T
c_1_30_72,Lymphoid-T
c_1_30_73,Lymphoid-DC
c_1_30_74,Lymphoid-DC
c_1_30_75,Lymphoid-T
c_1_30_76,Lymphoid-T
c_1_30_77,Lymphoid-T
c_1_30_78,Lymphoid-DC
c_1_30_79,Lymphoid-DC
c_1_30_80,Lymphoid-T
c_1_30_81,Lymphoid-DC
c_1_30_82,Lymphoid-DC
c_1_30_83,Lymphoid-T
c_1_30_84,Lymphoid-T
c_1_30_85,Lymphoid-T
c_1_30_86,Lymphoid-T
c_1_30_87,Lymphoid-Other
c_1_30_88,Lymphoid-Other
c_1_30_89,Lymphoid-T
c_1_30_90,Lymphoid-DC
c_1_30_91,Lymphoid-DC
c_1_30_92,None
c_1_30_93,Lymphoid-DC
c_1_30_94,Lymphoid-Other
c_1_30_95,Lymphoid-T
c_1_30_96,Lymphoid-DC
c_1_30_97,Lymphoid-Other
c_1_30_98,Lymphoid-Other
c_1_30_99,Lymphoid-T
c_1_30_100,Lymphoid-Other
c_1_30_101,Lymphoid-DC
c_1_30_102,Lymphoid-DC
c_1_30_103,Mesenchymal-Stromal
c_1_30_104,Lymphoid-Other
c_1_30_105,Lymphoid-T
c_1_30_106,Lymphoid-DC
c_1_30_107,Lymphoid-DC
c_1_30_108,Lymphoid-Other
c_1_30_109,Lymphoid-DC
c_1_30_110,Mesenchymal-Stromal
c_1_30_111,Lymphoid-T
c_1_30_112,Lymphoid-T
c_1_30_113,Lymphoid-T
c_1_30_114,Lymphoid-DC
c_1_30_115,Lymphoid-DC
c_1_30_116,Lymphoid-DC
c_1_30_117,Lymphoid-Other
c_1_30_118,Lymphoid-T
c_1_30_119,Lymphoid-T
c_1_30_120,Lymphoid-T
c_1_30_121,Lymphoid-T
c_1_30_122,Lymphoid-T
c_1_30_123,Lymphoid-T
c_1_30_124,Lymphoid-T
c_1_30_125,Endothelial
c_1_30_126,Neuronal-Glial
c_1_30_127,Lymphoid-DC
c_1_30_128,Lymphoid-DC
c_1_30_129,Lymphoid-T
c_1_30_130,Lymphoid-T
c_1_30_131,Lymphoid-DC
c_1_30_132,Lymphoid-T
c_1_30_133,Lymphoid-DC
c_1_30_134,Lymphoid-T
c_1_30_135,Lymphoid-T
c_1_30_136,Lymphoid-T
c_1_30_137,Lymphoid-Other
c_1_30_138,Lymphoid-T
c_1_30_139,Lymphoid-Other
c_1_30_140,Lymphoid-T
c_1_30_141,Lymphoid-T
c_1_30_142,Lymphoid-T
c_1_30_143,Lymphoid-T
c_1_30_144,Lymphoid-DC
c_1_30_145,Neuronal-Glial
c_1_30_146,Lymphoid-Other
c_1_30_147,Lymphoid-Other
c_1_30_148,Lymphoid-Other
c_1_30_149,Lymphoid-T
c_1_30_150,Lymphoid-T
c_1_30_151,Lymphoid-T
c_1_30_152,Myeloid
c_1_30_153,Lymphoid-T
c_1_30_154,Lymphoid-DC
c_1_30_155,Lymphoid-T
c_1_30_156,Lymphoid-T
c_1_30_157,Lymphoid-T
c_1_30_158,Lymphoid-Plasma
c_1_30_159,Lymphoid-DC
c_1_30_160,Lymphoid-Other
c_1_30_161,Lymphoid-Other
c_1_30_162,Lymphoid-T
c_1_30_163,Lymphoid-T
c_1_30_164,Lymphoid-T
c_1_30_165,Lymphoid-T
c_1_30_166,Lymphoid-T
c_1_30_167,Lymphoid-T
c_1_30_168,Lymphoid-T
c_1_30_169,Lymphoid-T
c_1_30_170,Lymphoid-T
c_1_30_171,Lymphoid-DC
c_1_30_172,Lymphoid-T
c_1_30_173,Lymphoid-DC
c_1_30_174,Lymphoid-DC
c_1_30_175,Lymphoid-T
c_1_30_176,Lymphoid-Other
c_1_30_177,Lymphoid-T
c_1_30_178,Lymphoid-T
c_1_30_179,Lymphoid-DC
c_1_30_180,Lymphoid-T
c_1_30_181,Lymphoid-DC
c_1_30_182,Lymphoid-Other
c_1_30_183,Lymphoid-T
c_1_30_184,Mesenchymal-Stromal
c_1_30_185,Lymphoid-T
c_1_30_186,Lymphoid-T
c_1_30_187,Lymphoid-DC
c_1_30_188,Lymphoid-DC
c_1_30_189,Lymphoid-T
c_1_30_190,Lymphoid-T
c_1_30_191,Lymphoid-T
c_1_30_192,Lymphoid-T
c_1_30_193,Lymphoid-Other
c_1_30_194,Lymphoid-T
c_1_30_195,Lymphoid-T
c_1_30_196,Lymphoid-Other
c_1_30_197,Lymphoid-T
c_1_30_198,Myeloid
c_1_30_199,Lymphoid-T
c_1_30_200,Lymphoid-Other
c_1_30_201,Lymphoid-DC
c_1_30_202,Mesenchymal-Stromal
c_1_30_203,Lymphoid-T
c_1_30_204,Lymphoid-T
c_1_30_205,Lymphoid-Other
c_1_30_206,Lymphoid-T
c_1_30_207,Lymphoid-T
c_1_30_208,None
c_1_30_209,Lymphoid-Other
c_1_30_210,Lymphoid-DC
c_1_30_211,Lymphoid-Other
c_1_30_212,Lymphoid-DC
c_1_30_213,Lymphoid-T
c_1_30_214,Mesenchymal-Stromal
c_1_30_215,Lymphoid-Other
c_1_30_216,Lymphoid-DC
c_1_30_217,Lymphoid-B
c_1_30_218,Lymphoid-T
c_1_30_219,Lymphoid-DC
c_1_30_220,Lymphoid-Other
c_1_30_221,Lymphoid-DC
c_1_30_222,Lymphoid-Other
c_1_30_223,Lymphoid-T
c_1_30_224,Lymphoid-T
c_1_30_225,Lymphoid-Other
c_1_30_226,Lymphoid-T
c_1_30_227,Lymphoid-T
c_1_30_228,Lymphoid-T
c_1_30_229,Lymphoid-DC
c_1_30_230,Lymphoid-T
c_1_30_231,Lymphoid-T
c_1_30_232,Lymphoid-T
c_1_30_233,Lymphoid-DC
c_1_30_234,Lymphoid-Other
c_1_30_235,Lymphoid-Other
c_1_30_236,Lymphoid-T
c_1_30_237,Lymphoid-T
c_1_30_238,Lymphoid-T
c_1_30_239,Lymphoid-T
c_1_30_240,Lymphoid-Other
c_1_30_241,Lymphoid-T
c_1_30_242,Lymphoid-Other
c_1_30_243,Lymphoid-T
c_1_30_244,Lymphoid-DC
c_1_30_245,Lymphoid-DC
c_1_30_246,Lymphoid-T
c_1_30_247,Lymphoid-T
c_1_30_248,Lymphoid-T
c_1_30_249,Lymphoid-Other
c_1_30_250,Lymphoid-Other
c_1_30_251,Lymphoid-T
c_1_30_252,Lymphoid-T
c_1_30_253,Lymphoid-Other
c_1_30_254,Lymphoid-DC
c_1_30_255,Lymphoid-Other
c_1_30_256,Lymphoid-T
c_1_30_257,Lymphoid-T
c_1_30_258,Lymphoid-Other
c_1_30_259,Lymphoid-Other
c_1_30_260,Lymphoid-T
c_1_30_261,Mesenchymal-Stromal
c_1_30_262,Lymphoid-DC
c_1_30_263,Lymphoid-DC
c_1_30_264,Lymphoid-T
c_1_30_265,Lymphoid-T
c_1_30_266,Lymphoid-DC
c_1_30_267,Lymphoid-T
c_1_30_268,Lymphoid-T
c_1_30_269,Lymphoid-T
c_1_30_270,Lymphoid-DC
c_1_30_271,Lymphoid-T
c_1_30_272,Lymphoid-Other
c_1_30_273,Lymphoid-T
c_1_30_274,Lymphoid-T
c_1_30_275,Lymphoid-T
c_1_30_276,Lymphoid-T
c_1_30_277,Lymphoid-T
c_1_30_278,Lymphoid-T
c_1_30_279,Lymphoid-T
c_1_30_280,Lymphoid-T
c_1_30_281,Lymphoid-Other
c_1_30_282,Lymphoid-T
c_1_30_283,Lymphoid-T
c_1_30_284,Lymphoid-T
c_1_30_285,Lymphoid-T
c_1_30_286,Lymphoid-DC
c_1_30_287,Lymphoid-Other
c_1_30_288,Lymphoid-T
c_1_30_289,Lymphoid-T
c_1_30_290,None
c_1_30_291,Lymphoid-T
c_1_30_292,Lymphoid-Other
c_1_30_293,Lymphoid-Other
c_1_30_294,Lymphoid-Other
c_1_30_295,Lymphoid-Other
c_1_30_296,Lymphoid-T
c_1_30_297,Lymphoid-Other
c_1_30_298,None
c_1_30_299,Lymphoid-T
c_1_30_300,Lymphoid-DC
c_1_30_301,Lymphoid-T
c_1_30_302,Lymphoid-DC
c_1_30_303,Lymphoid-T
c_1_30_304,Lymphoid-T
c_1_30_305,Lymphoid-T
c_1_30_306,Lymphoid-T
c_1_30_307,Lymphoid-Other
c_1_30_308,Lymphoid-T
c_1_30_309,Lymphoid-T
c_1_30_310,Lymphoid-T
c_1_30_311,Lymphoid-T
c_1_30_312,Lymphoid-T
c_1_30_313,Lymphoid-DC
c_1_30_314,Lymphoid-T
c_1_30_315,Lymphoid-DC
c_1_30_316,Lymphoid-T
c_1_30_317,Lymphoid-T
c_1_30_318,Lymphoid-Other
c_1_30_319,Lymphoid-T
c_1_30_320,Lymphoid-Other
c_1_30_321,Lymphoid-T
c_1_30_322,Lymphoid-DC
c_1_30_323,Lymphoid-T
c_1_30_324,Lymphoid-T
c_1_30_325,Lymphoid-T
c_1_30_326,Lymphoid-T
c_1_30_327,Lymphoid-T
c_1_30_328,Lymphoid-T
c_1_30_329,Lymphoid-DC
c_1_30_330,Lymphoid-T
c_1_30_331,Lymphoid-T
c_1_30_332,Lymphoid-DC
c_1_30_333,Lymphoid-Other
c_1_30_334,Lymphoid-T
c_1_30_335,Lymphoid-T
c_1_30_336,Lymphoid-DC
c_1_30_337,Lymphoid-DC
c_1_30_338,Lymphoid-T
c_1_30_339,Lymphoid-T
c_1_30_340,Lymphoid-T
c_1_30_341,Lymphoid-T
c_1_30_342,Lymphoid-Other
c_1_30_343,Lymphoid-DC
c_1_30_344,Lymphoid-DC
c_1_30_345,Lymphoid-T
c_1_30_346,Lymphoid-T
c_1_30_347,Lymphoid-T
c_1_30_348,Lymphoid-DC
c_1_30_349,Lymphoid-DC
c_1_30_350,Lymphoid-T
c_1_30_351,Lymphoid-Other
c_1_30_352,Lymphoid-T
c_1_30_353,Lymphoid-T
c_1_30_354,Lymphoid-DC
c_1_30_355,Lymphoid-T
c_1_30_356,Lymphoid-DC
c_1_30_357,Lymphoid-T
c_1_30_358,Lymphoid-T
c_1_30_359,Lymphoid-T
c_1_30_360,Lymphoid-T
c_1_30_361,Lymphoid-T
c_1_30_362,Lymphoid-T
c_1_30_363,Lymphoid-T
c_1_30_364,Lymphoid-Other
c_1_30_365,Lymphoid-DC
c_1_30_366,Lymphoid-Other
c_1_30_367,Lymphoid-DC
c_1_30_368,Lymphoid-DC
c_1_30_369,Lymphoid-Other
c_1_30_370,Lymphoid-T
c_1_30_371,Lymphoid-DC
c_1_30_372,Lymphoid-DC
c_1_30_373,Lymphoid-T
c_1_30_374,Lymphoid-Other
c_1_30_375,Lymphoid-DC
c_1_30_376,Lymphoid-DC
c_1_30_377,Lymphoid-T
c_1_30_378,Lymphoid-T
c_1_30_379,Lymphoid-T
c_1_30_380,Lymphoid-DC
c_1_30_381,Lymphoid-DC
c_1_30_382,Lymphoid-DC
c_1_30_383,Lymphoid-T
c_1_30_384,Lymphoid-Other
c_1_30_385,Lymphoid-T
c_1_30_386,Lymphoid-T
c_1_30_387,Lymphoid-T
c_1_30_388,Lymphoid-T
c_1_30_389,Lymphoid-T
c_1_30_390,Lymphoid-Other
c_1_30_391,Lymphoid-T
c_1_30_392,Lymphoid-T
c_1_30_393,Lymphoid-T
c_1_30_394,Lymphoid-T
c_1_30_395,Lymphoid-T
c_1_30_396,Lymphoid-DC
c_1_30_397,Lymphoid-T
c_1_30_398,Lymphoid-T
c_1_30_399,Lymphoid-DC
c_1_30_400,Lymphoid-Other
c_1_30_401,Lymphoid-T
c_1_30_402,Lymphoid-Other
c_1_30_403,Lymphoid-T
c_1_30_404,Lymphoid-DC
c_1_30_405,Lymphoid-T
c_1_30_406,Lymphoid-T
c_1_30_407,Lymphoid-T
c_1_30_408,None
c_1_30_409,Lymphoid-B
c_1_30_410,Lymphoid-Other
c_1_30_411,Lymphoid-T
c_1_30_412,Lymphoid-DC
c_1_30_413,Lymphoid-T
c_1_30_414,Lymphoid-DC
c_1_30_415,Lymphoid-T
c_1_30_416,Lymphoid-Other
c_1_30_417,Lymphoid-T
c_1_30_418,Lymphoid-T
c_1_30_419,Lymphoid-Other
c_1_30_420,Lymphoid-T
c_1_30_421,Lymphoid-Other
c_1_30_422,Lymphoid-B
c_1_30_423,Lymphoid-T
c_1_30_424,Lymphoid-T
c_1_30_425,Lymphoid-Other
c_1_30_426,Lymphoid-DC
c_1_30_427,Lymphoid-T
c_1_30_428,Lymphoid-Other
c_1_30_429,Lymphoid-T
c_1_30_430,Lymphoid-B
c_1_30_431,Lymphoid-Other
c_1_30_432,Lymphoid-DC
c_1_30_433,Lymphoid-DC
c_1_30_434,Lymphoid-T
c_1_30_435,Lymphoid-T
c_1_30_436,Lymphoid-Other
c_1_30_437,Lymphoid-Other
c_1_30_438,Lymphoid-T
c_1_30_439,Lymphoid-T
c_1_30_440,Lymphoid-T
c_1_30_441,Lymphoid-Other
c_1_30_442,Lymphoid-B
c_1_30_443,Lymphoid-DC
c_1_30_444,Lymphoid-T
c_1_30_445,Lymphoid-DC
c_1_30_446,Lymphoid-T
c_1_30_447,Lymphoid-T
c_1_30_448,Lymphoid-DC
c_1_30_449,Lymphoid-T
c_1_30_450,Lymphoid-T
c_1_30_451,Lymphoid-DC
c_1_30_452,Lymphoid-DC
c_1_30_453,Lymphoid-DC
c_1_30_454,Lymphoid-T
c_1_30_455,Lymphoid-T
c_1_30_456,Lymphoid-T
c_1_30_457,Lymphoid-Other
c_1_30_458,Lymphoid-Other
c_1_30_459,Lymphoid-T
c_1_30_460,Lymphoid-T
c_1_30_461,Lymphoid-DC
c_1_30_462,Lymphoid-Other
c_1_30_463,Lymphoid-T
c_1_30_464,Lymphoid-T
c_1_30_465,Lymphoid-DC
c_1_30_466,Myeloid
c_1_30_467,Lymphoid-T
c_1_30_468,Lymphoid-T
c_1_30_469,Lymphoid-T
c_1_30_470,Lymphoid-DC
c_1_30_471,Lymphoid-T
c_1_30_472,Lymphoid-Other
c_1_30_473,Lymphoid-T
c_1_30_474,Lymphoid-Other
c_1_30_475,Lymphoid-T
c_1_30_476,Lymphoid-T
c_1_30_477,Lymphoid-DC
c_1_30_478,Lymphoid-T
c_1_30_479,Lymphoid-DC
c_1_30_480,Lymphoid-DC
c_1_30_481,Lymphoid-Other
c_1_30_482,Lymphoid-B
c_1_30_483,Lymphoid-Other
c_1_30_484,Lymphoid-Other
c_1_30_485,Lymphoid-DC
c_1_30_486,Lymphoid-Other
c_1_30_487,Lymphoid-T
c_1_30_488,Lymphoid-T
c_1_30_489,Lymphoid-Other
c_1_30_490,Lymphoid-DC
c_1_30_491,Lymphoid-T
c_1_30_492,Lymphoid-Other
c_1_30_493,Lymphoid-T
c_1_30_494,Lymphoid-T
c_1_30_495,Lymphoid-DC
c_1_30_496,Lymphoid-Other
c_1_30_497,Lymphoid-T
c_1_30_498,Lymphoid-Other
c_1_30_499,Lymphoid-T
c_1_30_500,Lymphoid-T
c_1_30_501,Lymphoid-DC
c_1_30_502,Lymphoid-DC
c_1_30_503,Lymphoid-T
c_1_30_504,Lymphoid-T
c_1_30_505,Lymphoid-Other
c_1_30_506,Lymphoid-T
c_1_30_507,Lymphoid-Other
c_1_30_508,Lymphoid-T
c_1_30_509,Lymphoid-T
c_1_30_510,Lymphoid-T
c_1_30_511,Lymphoid-T
c_1_30_512,Lymphoid-T
c_1_30_513,Lymphoid-T
c_1_30_514,Lymphoid-T
c_1_30_515,Lymphoid-T
c_1_30_516,Lymphoid-B
c_1_30_517,Lymphoid-T
c_1_30_518,Lymphoid-DC
c_1_30_519,Lymphoid-DC
c_1_30_520,Lymphoid-T
c_1_30_521,Lymphoid-DC
c_1_30_522,Lymphoid-T
c_1_30_523,Lymphoid-Other
c_1_30_524,Lymphoid-T
c_1_30_525,Lymphoid-T
c_1_30_526,Lymphoid-DC
c_1_30_527,Lymphoid-T
c_1_30_528,Lymphoid-T
c_1_30_529,Lymphoid-DC
c_1_30_530,Lymphoid-Other
c_1_30_531,Lymphoid-B
c_1_30_532,Lymphoid-T
c_1_30_533,Lymphoid-T
c_1_30_534,Lymphoid-T
c_1_30_535,Lymphoid-T
c_1_30_536,Lymphoid-T
c_1_30_537,Lymphoid-DC
c_1_30_538,Lymphoid-DC
c_1_30_539,Lymphoid-T
c_1_30_540,Lymphoid-T
c_1_30_541,Lymphoid-T
c_1_30_542,Lymphoid-T
c_1_30_543,Lymphoid-T
c_1_30_544,Lymphoid-Other
c_1_30_545,Lymphoid-T
c_1_30_546,Lymphoid-DC
c_1_30_547,Lymphoid-T
c_1_30_548,Lymphoid-T
c_1_30_549,Lymphoid-T
c_1_30_550,Lymphoid-DC
c_1_30_551,Lymphoid-T
c_1_30_552,Lymphoid-DC
c_1_30_553,Lymphoid-T
c_1_30_554,Lymphoid-T
c_1_30_555,Lymphoid-Other
c_1_30_556,Lymphoid-T
c_1_30_557,Lymphoid-Other
c_1_30_558,Lymphoid-Other
c_1_30_559,Lymphoid-T
c_1_30_560,Lymphoid-T
c_1_30_561,Lymphoid-DC
c_1_30_562,Lymphoid-T
c_1_30_563,Lymphoid-T
c_1_30_564,Lymphoid-DC
c_1_30_565,Lymphoid-DC
c_1_30_566,Lymphoid-T
c_1_30_567,Lymphoid-Other
c_1_30_568,Lymphoid-T
c_1_30_569,Lymphoid-T
c_1_30_570,Lymphoid-T
c_1_30_571,Lymphoid-T
c_1_30_572,Lymphoid-T
c_1_30_573,Lymphoid-T
c_1_30_574,Lymphoid-T
c_1_30_575,Lymphoid-T
c_1_30_576,Lymphoid-T
c_1_30_577,Lymphoid-T
c_1_30_578,Lymphoid-T
c_1_30_579,Lymphoid-Other
c_1_30_580,Lymphoid-T
c_1_30_581,Lymphoid-Other
c_1_30_582,Lymphoid-T
c_1_30_583,Lymphoid-T
c_1_30_584,Lymphoid-T
c_1_30_585,Lymphoid-Other
c_1_30_586,Lymphoid-T
c_1_30_587,Lymphoid-T
c_1_30_588,Lymphoid-T
c_1_30_589,Lymphoid-Other
c_1_30_590,Lymphoid-T
c_1_30_591,Lymphoid-T
c_1_30_592,Lymphoid-T
c_1_30_593,Lymphoid-DC
c_1_30_594,Lymphoid-T
c_1_30_595,Lymphoid-T
c_1_30_596,Endothelial
c_1_30_597,Lymphoid-Other
c_1_30_598,Lymphoid-T
c_1_30_599,Lymphoid-DC
c_1_30_600,Lymphoid-T
c_1_30_601,Lymphoid-T
c_1_30_602,Lymphoid-Other
c_1_30_603,Lymphoid-T
c_1_30_604,Lymphoid-DC
c_1_30_605,Lymphoid-Other
c_1_30_606,Lymphoid-T
c_1_30_607,Lymphoid-DC
c_1_30_608,Lymphoid-T
c_1_30_609,Lymphoid-T
c_1_30_610,Lymphoid-DC
c_1_30_611,Lymphoid-T
c_1_30_612,Lymphoid-DC
c_1_30_613,Lymphoid-T
c_1_30_614,Lymphoid-T
c_1_30_615,Lymphoid-DC
c_1_30_616,Lymphoid-T
c_1_30_617,Lymphoid-Other
c_1_30_618,Lymphoid-T
c_1_30_619,Lymphoid-T
c_1_30_620,Lymphoid-T
c_1_30_621,Lymphoid-Other
c_1_30_622,Lymphoid-DC
c_1_30_623,Lymphoid-Other
c_1_30_624,Lymphoid-DC
c_1_30_625,Lymphoid-T
c_1_30_626,Lymphoid-T
c_1_30_627,Lymphoid-T
c_1_30_628,Lymphoid-T
c_1_30_629,Lymphoid-DC
c_1_30_630,Lymphoid-Other
c_1_30_631,Lymphoid-T
c_1_30_632,Lymphoid-DC
c_1_30_633,Lymphoid-Other
c_1_30_634,Lymphoid-T
c_1_30_635,Lymphoid-Other
c_1_30_636,Lymphoid-T
c_1_30_637,Lymphoid-T
c_1_30_638,Lymphoid-DC
c_1_30_639,Lymphoid-Other
c_1_30_640,Lymphoid-Other
c_1_30_641,Lymphoid-T
c_1_30_642,Lymphoid-T
c_1_30_643,Lymphoid-T
c_1_30_644,Lymphoid-T
c_1_30_645,Lymphoid-T
c_1_30_646,Lymphoid-T
c_1_30_647,Lymphoid-T
c_1_30_648,Lymphoid-DC
c_1_30_649,Lymphoid-T
c_1_30_650,Lymphoid-DC
c_1_30_651,Lymphoid-DC
c_1_30_652,Lymphoid-Other
c_1_30_653,Lymphoid-DC
c_1_30_654,Lymphoid-T
c_1_30_655,Lymphoid-T
c_1_30_656,Lymphoid-T
c_1_30_657,Lymphoid-Other
c_1_30_658,Lymphoid-Other
c_1_30_659,Lymphoid-T
c_1_30_660,Lymphoid-Other
c_1_30_661,Lymphoid-DC
c_1_30_662,Lymphoid-T
c_1_30_663,Lymphoid-T
c_1_30_664,Lymphoid-T
c_1_30_665,Lymphoid-Other
c_1_30_666,Lymphoid-T
c_1_30_667,Myeloid
c_1_30_668,Lymphoid-T
c_1_30_669,Lymphoid-T
c_1_30_670,Lymphoid-T
c_1_30_671,Lymphoid-Other
c_1_30_672,Lymphoid-DC
c_1_30_673,Lymphoid-Other
c_1_30_674,Lymphoid-Other
c_1_30_675,Lymphoid-Other
c_1_30_676,Lymphoid-Other
c_1_30_677,Lymphoid-DC
c_1_30_678,Lymphoid-T
c_1_30_679,Lymphoid-B
c_1_30_680,Lymphoid-Other
c_1_30_681,Lymphoid-DC
c_1_30_682,Lymphoid-T
c_1_30_683,Lymphoid-T
c_1_30_684,Lymphoid-T
c_1_30_685,Lymphoid-T
c_1_30_686,Lymphoid-DC
c_1_30_687,Lymphoid-DC
c_1_30_688,Lymphoid-T
c_1_30_689,Lymphoid-Other
c_1_30_690,Lymphoid-T
c_1_30_691,Lymphoid-Other
c_1_30_692,Lymphoid-T
c_1_30_693,Lymphoid-T
c_1_30_694,Lymphoid-T
c_1_30_695,Lymphoid-T
c_1_30_696,Lymphoid-DC
c_1_30_697,Lymphoid-DC
c_1_30_698,Lymphoid-Other
c_1_30_699,Lymphoid-DC
c_1_30_700,Lymphoid-T
c_1_30_701,Lymphoid-T
c_1_30_702,Lymphoid-T
c_1_30_703,Lymphoid-Other
c_1_30_704,Lymphoid-T
c_1_30_705,Lymphoid-T
c_1_30_706,Lymphoid-DC
c_1_30_707,Lymphoid-DC
c_1_30_708,Lymphoid-T
c_1_30_709,Lymphoid-T
c_1_30_710,Lymphoid-T
c_1_30_711,Lymphoid-DC
c_1_30_712,Lymphoid-Other
c_1_30_713,Lymphoid-T
c_1_30_714,Lymphoid-T
c_1_30_715,Lymphoid-T
c_1_30_716,Lymphoid-T
c_1_30_717,Lymphoid-Other
c_1_30_718,Lymphoid-T
c_1_30_719,Lymphoid-Other
c_1_30_720,Lymphoid-T
c_1_30_721,Lymphoid-DC
c_1_30_722,Lymphoid-T
c_1_30_723,Lymphoid-T
c_1_30_724,Lymphoid-T
c_1_30_725,Myeloid
c_1_30_726,Myeloid
c_1_30_727,Lymphoid-T
c_1_30_728,Lymphoid-T
c_1_30_729,Lymphoid-Other
c_1_30_730,Lymphoid-DC
c_1_30_731,Lymphoid-T
c_1_30_732,Lymphoid-T
c_1_30_733,Myeloid
c_1_30_734,Lymphoid-DC
c_1_30_735,Lymphoid-DC
c_1_30_736,Lymphoid-DC
c_1_30_737,Lymphoid-DC
c_1_30_738,Lymphoid-T
c_1_30_739,Lymphoid-T
c_1_30_740,Lymphoid-T
c_1_30_741,Lymphoid-B
c_1_30_742,Lymphoid-DC
c_1_30_743,Lymphoid-T
c_1_30_744,Lymphoid-DC
c_1_30_745,Lymphoid-T
c_1_30_746,Lymphoid-DC
c_1_30_747,Lymphoid-T
c_1_30_748,Lymphoid-T
c_1_30_749,Lymphoid-DC
c_1_30_750,Lymphoid-DC
c_1_30_751,Lymphoid-Other
c_1_30_752,Lymphoid-Other
c_1_30_753,Lymphoid-T
c_1_30_754,Lymphoid-T
c_1_30_755,Lymphoid-T
c_1_30_756,Lymphoid-T
c_1_30_757,Lymphoid-DC
c_1_30_758,Lymphoid-T
c_1_30_759,Lymphoid-Other
c_1_30_760,Lymphoid-Other
c_1_30_761,Lymphoid-DC
c_1_30_762,Lymphoid-Other
c_1_30_763,Lymphoid-T
c_1_30_764,Lymphoid-T
c_1_30_765,Lymphoid-DC
c_1_30_766,Lymphoid-T
c_1_30_767,Myeloid
c_1_30_768,Lymphoid-Other
c_1_30_769,Lymphoid-DC
c_1_30_770,Lymphoid-T
c_1_30_771,Lymphoid-T
c_1_30_772,Lymphoid-T
c_1_30_773,Lymphoid-T
c_1_30_774,Lymphoid-Other
c_1_30_775,Lymphoid-Other
c_1_30_776,Lymphoid-T
c_1_30_777,Lymphoid-DC
c_1_30_778,Lymphoid-T
c_1_30_779,Lymphoid-B
c_1_30_780,Lymphoid-Other
c_1_30_781,Lymphoid-T
c_1_30_782,Lymphoid-T
c_1_30_783,Lymphoid-T
c_1_30_784,Lymphoid-T
c_1_30_785,Lymphoid-Other
c_1_30_786,Lymphoid-T
c_1_30_787,Lymphoid-T
c_1_30_788,Lymphoid-Other
c_1_30_789,Lymphoid-T
c_1_30_790,Lymphoid-T
c_1_30_791,Lymphoid-T
c_1_30_792,Lymphoid-Other
c_1_30_793,Lymphoid-T
c_1_30_794,Lymphoid-DC
c_1_30_795,Lymphoid-T
c_1_30_796,Lymphoid-T
c_1_30_797,Lymphoid-DC
c_1_30_798,Lymphoid-T
c_1_30_799,Lymphoid-T
c_1_30_800,Lymphoid-Other
c_1_30_801,Lymphoid-DC
c_1_30_802,Lymphoid-T
c_1_30_803,Lymphoid-T
c_1_30_804,Lymphoid-T
c_1_30_805,Lymphoid-DC
c_1_30_806,Lymphoid-T
c_1_30_807,Lymphoid-Other
c_1_30_808,Lymphoid-DC
c_1_30_809,Lymphoid-B
c_1_30_810,Lymphoid-Other
c_1_30_811,Lymphoid-Other
c_1_30_812,Lymphoid-Other
c_1_30_813,Lymphoid-Other
c_1_30_814,Lymphoid-DC
c_1_30_815,Lymphoid-DC
c_1_30_816,Lymphoid-Other
c_1_30_817,Lymphoid-T
c_1_30_818,Lymphoid-T
c_1_30_819,Lymphoid-T
c_1_30_820,Lymphoid-T
c_1_30_821,Lymphoid-T
c_1_30_822,Lymphoid-DC
c_1_30_823,Lymphoid-T
c_1_30_824,Lymphoid-T
c_1_30_825,Lymphoid-Other
c_1_30_826,Lymphoid-DC
c_1_30_827,Lymphoid-Other
c_1_30_828,Lymphoid-T
c_1_30_829,Lymphoid-T
c_1_30_830,Lymphoid-T
c_1_30_831,Lymphoid-T
c_1_30_832,Lymphoid-T
c_1_30_833,Lymphoid-Other
c_1_30_834,Lymphoid-T
c_1_30_835,Lymphoid-T
c_1_30_836,Lymphoid-DC
c_1_30_837,Lymphoid-T
c_1_30_838,Lymphoid-T
c_1_30_839,Lymphoid-Other
c_1_30_840,Lymphoid-T
c_1_30_841,Lymphoid-Other
c_1_30_842,Lymphoid-Other
c_1_30_843,Lymphoid-T
c_1_30_844,Lymphoid-B
c_1_30_845,Lymphoid-T
c_1_30_846,Lymphoid-DC
c_1_30_847,Lymphoid-Other
c_1_30_848,Lymphoid-T
c_1_30_849,Lymphoid-DC
c_1_30_850,Myeloid
c_1_30_851,Lymphoid-T
c_1_30_852,Lymphoid-T
c_1_30_853,Lymphoid-T
c_1_30_854,Lymphoid-T
c_1_30_855,Lymphoid-Other
c_1_30_856,Lymphoid-Other
c_1_30_857,Lymphoid-T
c_1_30_858,Lymphoid-T
c_1_30_859,Lymphoid-DC
c_1_30_860,Lymphoid-T
c_1_30_861,Lymphoid-T
c_1_30_862,Lymphoid-T
c_1_30_863,Lymphoid-DC
c_1_30_864,Lymphoid-DC
c_1_30_865,Lymphoid-T
c_1_30_866,Lymphoid-T
c_1_30_867,Lymphoid-T
c_1_30_868,Lymphoid-T
c_1_30_869,Lymphoid-T
c_1_30_870,Lymphoid-T
c_1_30_871,None
c_1_30_872,Lymphoid-DC
c_1_30_873,Lymphoid-T
c_1_30_874,Lymphoid-T
c_1_30_875,Myeloid
c_1_30_876,Lymphoid-T
c_1_30_877,Lymphoid-DC
c_1_30_878,Lymphoid-T
c_1_30_879,Lymphoid-DC
c_1_30_880,Lymphoid-Other
c_1_30_881,Lymphoid-DC
c_1_30_882,Lymphoid-T
c_1_30_883,Lymphoid-T
c_1_30_884,Lymphoid-T
c_1_30_885,Lymphoid-T
c_1_30_886,Lymphoid-Other
c_1_30_887,Lymphoid-Other
c_1_30_888,Lymphoid-Other
c_1_30_889,Lymphoid-Other
c_1_30_890,Lymphoid-Other
c_1_30_891,Lymphoid-T
c_1_30_892,Lymphoid-T
c_1_30_893,Lymphoid-Other
c_1_30_894,Lymphoid-T
c_1_30_895,Lymphoid-T
c_1_30_896,Lymphoid-B
c_1_30_897,Lymphoid-T
c_1_30_898,Lymphoid-T
c_1_30_899,Lymphoid-T
c_1_30_900,Lymphoid-T
c_1_30_901,Lymphoid-T
c_1_30_902,Lymphoid-T
c_1_30_903,Lymphoid-T
c_1_30_904,Lymphoid-T
c_1_30_905,Lymphoid-T
c_1_30_906,Lymphoid-T
c_1_30_907,Myeloid
c_1_30_908,Lymphoid-Other
c_1_30_909,Lymphoid-Other
c_1_30_910,Lymphoid-T
c_1_30_911,Lymphoid-T
c_1_30_912,Lymphoid-T
c_1_30_913,Lymphoid-T
c_1_30_914,Lymphoid-T
c_1_30_915,Endothelial
c_1_30_916,Lymphoid-T
c_1_30_917,Lymphoid-DC
c_1_30_918,Lymphoid-T
c_1_30_919,Lymphoid-T
c_1_30_920,Lymphoid-T
c_1_30_921,Lymphoid-DC
c_1_30_922,Lymphoid-T
c_1_30_923,Lymphoid-T
c_1_30_924,Lymphoid-T
c_1_30_925,Lymphoid-T
c_1_30_926,Lymphoid-T
c_1_30_927,Lymphoid-DC
c_1_30_928,Lymphoid-Other
c_1_30_929,Lymphoid-T
c_1_30_930,Lymphoid-Other
c_1_30_931,Lymphoid-T
c_1_30_932,Lymphoid-T
c_1_30_933,Lymphoid-T
c_1_30_934,Lymphoid-Other
c_1_30_935,Lymphoid-T
c_1_30_936,Lymphoid-T
c_1_30_937,Lymphoid-Other
c_1_30_938,Lymphoid-T
c_1_30_939,Lymphoid-T
c_1_30_940,Lymphoid-T
c_1_30_941,Lymphoid-T
c_1_30_942,Lymphoid-DC
c_1_30_943,Lymphoid-Other
c_1_30_944,Lymphoid-Other
c_1_30_945,Lymphoid-Other
c_1_30_946,Lymphoid-T
c_1_30_947,Lymphoid-B
c_1_30_948,Lymphoid-Other
c_1_30_949,Lymphoid-Other
c_1_30_950,Lymphoid-T
c_1_30_951,Lymphoid-T
c_1_30_952,Lymphoid-T
c_1_30_953,Lymphoid-T
c_1_30_954,Lymphoid-T
c_1_30_955,Lymphoid-T
c_1_30_956,Lymphoid-T
c_1_30_957,Lymphoid-T
c_1_30_958,Lymphoid-T
c_1_30_959,Lymphoid-T
c_1_30_960,Lymphoid-T
c_1_30_961,Lymphoid-T
c_1_30_962,Lymphoid-Other
c_1_30_963,Lymphoid-Other
c_1_30_964,Lymphoid-Other
c_1_30_965,Lymphoid-DC
c_1_30_966,Lymphoid-T
c_1_30_967,Lymphoid-Other
c_1_30_968,Lymphoid-T
c_1_30_969,Lymphoid-DC
c_1_30_970,Lymphoid-T
c_1_30_971,Lymphoid-T
c_1_30_972,Lymphoid-Other
c_1_30_973,Lymphoid-T
c_1_30_974,Lymphoid-T
c_1_30_975,Lymphoid-T
c_1_30_976,Lymphoid-T
c_1_30_977,Lymphoid-T
c_1_30_978,Lymphoid-T
c_1_30_979,Lymphoid-DC
c_1_30_980,Lymphoid-T
c_1_30_981,Lymphoid-Other
c_1_30_982,Lymphoid-T
c_1_30_983,Lymphoid-Other
c_1_30_984,Lymphoid-T
c_1_30_985,Lymphoid-T
c_1_30_986,Lymphoid-DC
c_1_30_987,Lymphoid-T
c_1_30_988,Lymphoid-DC
c_1_30_989,Lymphoid-Other
c_1_30_990,Lymphoid-Other
c_1_30_991,Lymphoid-T
c_1_30_992,Lymphoid-T
c_1_30_993,Lymphoid-T
c_1_30_994,Lymphoid-T
c_1_30_995,Lymphoid-Other
c_1_30_996,Lymphoid-T
c_1_30_997,Endothelial
c_1_30_998,Lymphoid-DC
c_1_30_999,Lymphoid-T
c_1_30_1000,Lymphoid-T
c_1_30_1001,Lymphoid-T
c_1_30_1002,Lymphoid-DC
c_1_30_1003,Lymphoid-Other
c_1_30_1004,Lymphoid-T
c_1_30_1005,Lymphoid-T
c_1_30_1006,Lymphoid-T
c_1_30_1007,Lymphoid-T
c_1_30_1008,Lymphoid-Other
c_1_30_1009,Lymphoid-Other
c_1_30_1010,Lymphoid-T
c_1_30_1011,Lymphoid-T
c_1_30_1012,Myeloid
c_1_30_1013,Lymphoid-Other
c_1_30_1014,Lymphoid-T
c_1_30_1015,Lymphoid-DC
c_1_30_1016,Lymphoid-T
c_1_30_1017,Lymphoid-Other
c_1_30_1018,Lymphoid-T
c_1_30_1019,Lymphoid-T
c_1_30_1020,Lymphoid-T
c_1_30_1021,Lymphoid-T
c_1_30_1022,Lymphoid-T
c_1_30_1023,Lymphoid-T
c_1_30_1024,Lymphoid-T
c_1_30_1025,Epithelial
c_1_30_1026,Lymphoid-Other
c_1_30_1027,None
c_1_30_1028,Lymphoid-T
c_1_30_1029,Lymphoid-Other
c_1_30_1030,Lymphoid-DC
c_1_30_1031,Lymphoid-Other
c_1_30_1032,Lymphoid-T
c_1_30_1033,Lymphoid-T
c_1_30_1034,Lymphoid-T
c_1_30_1035,Lymphoid-T
c_1_30_1036,Lymphoid-T
c_1_30_1037,Lymphoid-T
c_1_30_1038,Lymphoid-T
c_1_30_1039,Lymphoid-T
c_1_30_1040,Lymphoid-T
c_1_30_1041,Lymphoid-T
c_1_30_1042,Lymphoid-Other
c_1_30_1043,Lymphoid-Other
c_1_30_1044,Myeloid
c_1_30_1045,Lymphoid-T
c_1_30_1046,Lymphoid-Other
c_1_30_1047,Lymphoid-Other
c_1_30_1048,Lymphoid-Other
c_1_30_1049,Lymphoid-DC
c_1_30_1050,Lymphoid-T
c_1_30_1051,Lymphoid-T
c_1_30_1052,Lymphoid-T
c_1_30_1053,Lymphoid-Other
c_1_30_1054,Lymphoid-DC
c_1_30_1055,Lymphoid-T
c_1_30_1056,Lymphoid-Other
c_1_30_1057,Lymphoid-T
c_1_30_1058,Lymphoid-Other
c_1_30_1059,Lymphoid-T
c_1_30_1060,Lymphoid-T
c_1_30_1061,Lymphoid-Other
c_1_30_1062,Lymphoid-T
c_1_30_1063,Lymphoid-T
c_1_30_1064,Lymphoid-T
c_1_30_1065,Lymphoid-T
c_1_30_1066,Lymphoid-Other
c_1_30_1067,Lymphoid-Other
c_1_30_1068,Lymphoid-Other
c_1_30_1069,Lymphoid-Other
c_1_30_1070,Lymphoid-T
c_1_30_1071,Lymphoid-T
c_1_30_1072,Lymphoid-T
c_1_30_1073,Lymphoid-Other
c_1_30_1074,Lymphoid-T
c_1_30_1075,Lymphoid-T
c_1_30_1076,Lymphoid-T
c_1_30_1077,Lymphoid-Other
c_1_30_1078,Lymphoid-T
c_1_30_1079,Lymphoid-T
c_1_30_1080,Lymphoid-T
c_1_30_1081,Lymphoid-T
c_1_30_1082,Lymphoid-T
c_1_30_1083,Lymphoid-T
c_1_30_1084,Lymphoid-DC
c_1_30_1085,Lymphoid-DC
c_1_30_1086,Lymphoid-Other
c_1_30_1087,Lymphoid-T
c_1_30_1088,Lymphoid-T
c_1_30_1089,Lymphoid-DC
c_1_30_1090,Lymphoid-T
c_1_30_1091,Lymphoid-Other
c_1_30_1092,Lymphoid-T
c_1_30_1093,Lymphoid-T
c_1_30_1094,Lymphoid-T
c_1_30_1095,Lymphoid-DC
c_1_30_1096,Lymphoid-T
c_1_30_1097,Lymphoid-B
c_1_30_1098,Lymphoid-DC
c_1_30_1099,Lymphoid-T
c_1_30_1100,Lymphoid-T
c_1_30_1101,Lymphoid-T
c_1_30_1102,Lymphoid-T
c_1_30_1103,Lymphoid-T
c_1_30_1104,Lymphoid-T
c_1_30_1105,Lymphoid-T
c_1_30_1106,Lymphoid-T
c_1_30_1107,Lymphoid-T
c_1_30_1108,Lymphoid-T
c_1_30_1109,Lymphoid-Other
c_1_30_1110,Lymphoid-T
c_1_30_1111,Lymphoid-B
c_1_30_1112,Lymphoid-T
c_1_30_1113,Lymphoid-T
c_1_30_1114,Lymphoid-B
c_1_30_1115,Lymphoid-Other
c_1_30_1116,Lymphoid-Other
c_1_30_1117,Lymphoid-Other
c_1_30_1118,Lymphoid-T
c_1_30_1119,Lymphoid-T
c_1_30_1120,Lymphoid-T
c_1_30_1121,Lymphoid-Other
c_1_30_1122,Lymphoid-T
c_1_30_1123,Lymphoid-Other
c_1_30_1124,Myeloid
c_1_30_1125,Lymphoid-T
c_1_30_1126,Lymphoid-T
c_1_30_1127,Lymphoid-T
c_1_30_1128,Lymphoid-T
c_1_30_1129,Lymphoid-Other
c_1_30_1130,Lymphoid-DC
c_1_30_1131,Myeloid
c_1_30_1132,Lymphoid-DC
c_1_30_1133,Lymphoid-Plasma
c_1_30_1134,Lymphoid-T
c_1_30_1135,Lymphoid-T
c_1_30_1136,Lymphoid-T
c_1_30_1137,Lymphoid-T
c_1_30_1138,Lymphoid-T
c_1_30_1139,Lymphoid-T
c_1_30_1140,Lymphoid-T
c_1_30_1141,Lymphoid-T
c_1_30_1142,Lymphoid-T
c_1_30_1143,Lymphoid-T
c_1_30_1144,Lymphoid-DC
c_1_30_1145,Lymphoid-Other
c_1_30_1146,Lymphoid-Other
c_1_30_1147,Lymphoid-T
c_1_30_1148,Lymphoid-T
c_1_30_1149,Lymphoid-Other
c_1_30_1150,Lymphoid-T
c_1_30_1151,Lymphoid-T
c_1_30_1152,Lymphoid-DC
c_1_30_1153,Lymphoid-T
c_1_30_1154,Lymphoid-Other
c_1_30_1155,Lymphoid-Other
c_1_30_1156,Lymphoid-Other
c_1_30_1157,Lymphoid-T
c_1_30_1158,Lymphoid-T
c_1_30_1159,Lymphoid-DC
c_1_30_1160,Lymphoid-T
c_1_30_1161,Lymphoid-T
c_1_30_1162,Lymphoid-DC
c_1_30_1163,Lymphoid-T
c_1_30_1164,Lymphoid-T
c_1_30_1165,Lymphoid-T
c_1_30_1166,Lymphoid-T
c_1_30_1167,Lymphoid-Other
c_1_30_1168,Lymphoid-Other
c_1_30_1169,Lymphoid-T
c_1_30_1170,Lymphoid-T
c_1_30_1171,Lymphoid-T
c_1_30_1172,Lymphoid-T
c_1_30_1173,Mesenchymal-Stromal
c_1_30_1174,Mesenchymal-Stromal
c_1_30_1175,Lymphoid-T
c_1_30_1176,Mesenchymal-Stromal
c_1_30_1177,Mesenchymal-Stromal
c_1_30_1178,Mesenchymal-Stromal
c_1_30_1179,Mesenchymal-Stromal
c_1_30_1180,Mesenchymal-Stromal
c_1_30_1181,Endothelial
c_1_30_1182,Mesenchymal-Stromal
c_1_30_1183,Lymphoid-Plasma
c_1_30_1184,Lymphoid-Plasma
c_1_30_1185,Mesenchymal-Stromal
c_1_30_1186,Mesenchymal-Stromal
c_1_30_1187,Mesenchymal-Stromal
c_1_30_1188,Mesenchymal-Stromal
c_1_30_1189,Mesenchymal-Stromal
c_1_30_1190,Mesenchymal-Stromal
c_1_30_1191,Lymphoid-Other
c_1_30_1192,Mesenchymal-Stromal
c_1_30_1193,Lymphoid-B
c_1_30_1194,Endothelial
c_1_30_1195,Mesenchymal-Stromal
c_1_30_1196,Mesenchymal-Stromal
c_1_30_1197,Lymphoid-T
c_1_30_1198,Lymphoid-Plasma
c_1_30_1199,Lymphoid-Other
c_1_30_1200,Mesenchymal-Stromal
c_1_30_1201,Lymphoid-T
c_1_30_1202,Mesenchymal-Stromal
c_1_30_1203,Mesenchymal-Stromal
c_1_30_1204,Endothelial
c_1_30_1205,Mesenchymal-Stromal
c_1_30_1206,Mesenchymal-Stromal
c_1_30_1207,Mesenchymal-Stromal
c_1_30_1208,Lymphoid-Plasma
c_1_30_1209,Mesenchymal-Stromal
c_1_30_1210,Mesenchymal-Stromal
c_1_30_1211,Lymphoid-Plasma
c_1_30_1212,Mesenchymal-Stromal
c_1_30_1213,Lymphoid-Plasma
c_1_30_1214,Endothelial
c_1_30_1215,Mesenchymal-Stromal
c_1_30_1216,Mesenchymal-Stromal
c_1_30_1217,Lymphoid-T
c_1_30_1218,Mesenchymal-Stromal
c_1_30_1219,Epithelial
c_1_30_1220,Mesenchymal-Stromal
c_1_30_1221,Mesenchymal-Stromal
c_1_30_1222,Mesenchymal-Stromal
c_1_30_1223,Mesenchymal-Stromal
c_1_30_1224,Mesenchymal-Stromal
c_1_30_1225,Mesenchymal-Stromal
c_1_30_1226,Lymphoid-Other
c_1_30_1227,Mesenchymal-Stromal
c_1_30_1228,Mesenchymal-Stromal
c_1_30_1229,Mesenchymal-Stromal
c_1_30_1230,Mesenchymal-Stromal
c_1_30_1231,Mesenchymal-Stromal
c_1_30_1232,Mesenchymal-Stromal
c_1_30_1233,Mesenchymal-Stromal
c_1_30_1234,Mesenchymal-Stromal
c_1_30_1235,Mesenchymal-Stromal
c_1_30_1236,Mesenchymal-Stromal
c_1_30_1237,Mesenchymal-Stromal
c_1_30_1238,Mesenchymal-Stromal
c_1_30_1239,Mesenchymal-Stromal
c_1_30_1240,Mesenchymal-Stromal
c_1_30_1241,Mesenchymal-Stromal
c_1_30_1242,Mesenchymal-Stromal
c_1_30_1243,Neuronal-Glial
c_1_30_1244,Mesenchymal-Stromal
c_1_30_1245,Lymphoid-B
c_1_30_1246,Mesenchymal-Stromal
c_1_30_1247,Mesenchymal-Stromal
c_1_30_1248,Lymphoid-Plasma
c_1_30_1249,Mesenchymal-Stromal
c_1_30_1250,Mesenchymal-Stromal
c_1_30_1251,Endothelial
c_1_30_1252,Lymphoid-Plasma
c_1_30_1253,Mesenchymal-Stromal
c_1_30_1254,Mesenchymal-Stromal
c_1_30_1255,Mesenchymal-Stromal
c_1_30_1256,Mesenchymal-Stromal
c_1_30_1257,Mesenchymal-Stromal
c_1_30_1258,Mesenchymal-Stromal
c_1_30_1259,Mesenchymal-Stromal
c_1_30_1260,Lymphoid-Plasma
c_1_30_1261,Endothelial
c_1_30_1262,Mesenchymal-Stromal
c_1_30_1263,Mesenchymal-Stromal
c_1_30_1264,Mesenchymal-Stromal
c_1_30_1265,Endothelial
c_1_30_1266,Endothelial
c_1_30_1267,Mesenchymal-Stromal
c_1_30_1268,Lymphoid-T
c_1_30_1269,Mesenchymal-Stromal
c_1_30_1270,Mesenchymal-Stromal
c_1_30_1271,Endothelial
c_1_30_1272,Mesenchymal-Stromal
c_1_30_1273,Neuronal-Glial
c_1_30_1274,Mesenchymal-Stromal
c_1_30_1275,Mesenchymal-Stromal
c_1_30_1276,Lymphoid-T
c_1_30_1277,Mesenchymal-Stromal
c_1_30_1278,Mesenchymal-Stromal
c_1_30_1279,Mesenchymal-Stromal
c_1_30_1280,Lymphoid-Other
c_1_30_1281,Lymphoid-Other
c_1_30_1282,Lymphoid-Other
c_1_30_1283,Mesenchymal-Stromal
c_1_30_1284,Lymphoid-Plasma
c_1_30_1285,Mesenchymal-Stromal
c_1_30_1286,Mesenchymal-Stromal
c_1_30_1287,Lymphoid-Plasma
c_1_30_1288,Mesenchymal-Stromal
c_1_30_1289,Mesenchymal-Stromal
c_1_30_1290,Mesenchymal-Stromal
c_1_30_1291,Lymphoid-Other
c_1_30_1292,Lymphoid-Other
c_1_30_1293,Mesenchymal-Stromal
c_1_30_1294,Mesenchymal-Stromal
c_1_30_1295,Mesenchymal-Stromal
c_1_30_1296,Mesenchymal-Stromal
c_1_30_1297,Mesenchymal-Stromal
c_1_30_1298,Lymphoid-Plasma
c_1_30_1299,Mesenchymal-Stromal
c_1_30_1300,Mesenchymal-Stromal
c_1_30_1301,Lymphoid-Plasma
c_1_30_1302,Lymphoid-Other
c_1_30_1303,Lymphoid-Plasma
c_1_30_1304,Mesenchymal-Stromal
c_1_30_1305,None
c_1_30_1306,Mesenchymal-Stromal
c_1_30_1307,Mesenchymal-Stromal
c_1_30_1308,Lymphoid-Plasma
c_1_30_1309,Mesenchymal-Stromal
c_1_30_1310,Mesenchymal-Stromal
c_1_30_1311,Lymphoid-Other
c_1_30_1312,Mesenchymal-Stromal
c_1_30_1313,Mesenchymal-Stromal
c_1_30_1314,Mesenchymal-Stromal
c_1_30_1315,Mesenchymal-Stromal
c_1_30_1316,Mesenchymal-Stromal
c_1_30_1317,Mesenchymal-Stromal
c_1_30_1318,Mesenchymal-Stromal
c_1_30_1319,Mesenchymal-Stromal
c_1_30_1320,Mesenchymal-Stromal
c_1_30_1321,Mesenchymal-Stromal
c_1_30_1322,Endothelial
c_1_30_1323,Mesenchymal-Stromal
c_1_30_1324,Mesenchymal-Stromal
c_1_30_1325,Mesenchymal-Stromal
c_1_30_1326,Lymphoid-T
c_1_30_1327,Lymphoid-Other
c_1_30_1328,Lymphoid-Plasma
c_1_30_1329,Lymphoid-Plasma
c_1_30_1330,Lymphoid-B
c_1_30_1331,Mesenchymal-Stromal
c_1_30_1332,Lymphoid-B
c_1_30_1333,Endothelial
c_1_30_1334,Mesenchymal-Stromal
c_1_30_1335,Endothelial
c_1_30_1336,Lymphoid-B
c_1_30_1337,Lymphoid-Other
c_1_30_1338,Mesenchymal-Stromal
c_1_30_1339,Mesenchymal-Stromal
c_1_30_1340,Lymphoid-Plasma
c_1_30_1341,Mesenchymal-Stromal
c_1_30_1342,Mesenchymal-Stromal
c_1_30_1343,Mesenchymal-Stromal
c_1_30_1344,Mesenchymal-Stromal
c_1_30_1345,Mesenchymal-Stromal
c_1_30_1346,Mesenchymal-Stromal
c_1_30_1347,Mesenchymal-Stromal
c_1_30_1348,Mesenchymal-Stromal
c_1_30_1349,Mesenchymal-Stromal
c_1_30_1350,Mesenchymal-Stromal
c_1_30_1351,Mesenchymal-Stromal
c_1_30_1352,Mesenchymal-Stromal
c_1_30_1353,Mesenchymal-Stromal
c_1_30_1354,Mesenchymal-Stromal
c_1_30_1355,Mesenchymal-Stromal
c_1_30_1356,Lymphoid-Other
c_1_30_1357,Mesenchymal-Stromal
c_1_30_1358,Mesenchymal-Stromal
c_1_30_1359,Mesenchymal-Stromal
c_1_30_1360,Neuronal-Glial
c_1_30_1361,Mesenchymal-Stromal
c_1_30_1362,Mesenchymal-Stromal
c_1_30_1363,Mesenchymal-Stromal
c_1_30_1364,Lymphoid-Plasma
c_1_30_1365,Mesenchymal-Stromal
c_1_30_1366,Mesenchymal-Stromal
c_1_30_1367,Mesenchymal-Stromal
c_1_30_1368,Mesenchymal-Stromal
c_1_30_1369,Mesenchymal-Stromal
c_1_30_1370,Lymphoid-Other
c_1_30_1371,Mesenchymal-Stromal
c_1_30_1372,Mesenchymal-Stromal
c_1_30_1373,Mesenchymal-Stromal
c_1_30_1374,Mesenchymal-Stromal
c_1_30_1375,Lymphoid-T
c_1_30_1376,Lymphoid-Other
c_1_30_1377,Mesenchymal-Stromal
c_1_30_1378,Lymphoid-Plasma
c_1_30_1379,Mesenchymal-Stromal
c_1_30_1380,Mesenchymal-Stromal
c_1_30_1381,Lymphoid-Other
c_1_30_1382,Mesenchymal-Stromal
c_1_30_1383,Mesenchymal-Stromal
c_1_30_1384,Mesenchymal-Stromal
c_1_30_1385,Mesenchymal-Stromal
c_1_30_1386,None
c_1_30_1387,Lymphoid-T
c_1_30_1388,Erythroid
c_1_30_1389,Mesenchymal-Stromal
c_1_30_1390,Lymphoid-B
c_1_30_1391,Mesenchymal-Stromal
c_1_30_1392,Mesenchymal-Stromal
c_1_30_1393,Mesenchymal-Stromal
c_1_30_1394,Mesenchymal-Stromal
c_1_30_1395,Mesenchymal-Stromal
c_1_30_1396,Lymphoid-Other
c_1_30_1397,Mesenchymal-Stromal
c_1_30_1398,Mesenchymal-Stromal
c_1_30_1399,Lymphoid-Plasma
c_1_30_1400,Mesenchymal-Stromal
c_1_30_1401,Lymphoid-T
c_1_30_1402,Mesenchymal-Stromal
c_1_30_1403,Endothelial
c_1_30_1404,Mesenchymal-Stromal
c_1_30_1405,Mesenchymal-Stromal
c_1_30_1406,Mesenchymal-Stromal
c_1_30_1407,Lymphoid-Other
c_1_30_1408,Mesenchymal-Stromal
c_1_30_1409,Mesenchymal-Stromal
c_1_30_1410,Mesenchymal-Stromal
c_1_30_1411,Endothelial
c_1_30_1412,Endothelial
c_1_30_1413,Mesenchymal-Stromal
c_1_30_1414,Mesenchymal-Stromal
c_1_30_1415,Mesenchymal-Stromal
c_1_30_1416,Mesenchymal-Stromal
c_1_30_1417,Mesenchymal-Stromal
c_1_30_1418,Mesenchymal-Stromal
c_1_30_1419,Endothelial
c_1_30_1420,Lymphoid-Plasma
c_1_30_1421,Mesenchymal-Stromal
c_1_30_1422,Epithelial
c_1_30_1423,Mesenchymal-Stromal
c_1_30_1424,Mesenchymal-Stromal
c_1_30_1425,Lymphoid-Plasma
c_1_30_1426,Lymphoid-Plasma
c_1_30_1427,Mesenchymal-Stromal
c_1_30_1428,Mesenchymal-Stromal
c_1_30_1429,Lymphoid-Plasma
c_1_30_1430,Mesenchymal-Stromal
c_1_30_1431,Mesenchymal-Stromal
c_1_30_1432,Mesenchymal-Stromal
c_1_30_1433,Mesenchymal-Stromal
c_1_30_1434,Lymphoid-T
c_1_30_1435,Mesenchymal-Stromal
c_1_30_1436,Lymphoid-B
c_1_30_1437,Mesenchymal-Stromal
c_1_30_1438,Mesenchymal-Stromal
c_1_30_1439,Mesenchymal-Stromal
c_1_30_1440,Mesenchymal-Stromal
c_1_30_1441,Lymphoid-T
c_1_30_1442,Mesenchymal-Stromal
c_1_30_1443,Mesenchymal-Stromal
c_1_30_1444,Mesenchymal-Stromal
c_1_30_1445,Mesenchymal-Stromal
c_1_30_1446,Mesenchymal-Stromal
c_1_30_1447,Mesenchymal-Stromal
c_1_30_1448,Lymphoid-T
c_1_30_1449,Mesenchymal-Stromal
c_1_30_1450,Mesenchymal-Stromal
c_1_30_1451,Mesenchymal-Stromal
c_1_30_1452,Endothelial
c_1_30_1453,Mesenchymal-Stromal
c_1_30_1454,Mesenchymal-Stromal
c_1_30_1455,Mesenchymal-Stromal
c_1_30_1456,Mesenchymal-Stromal
c_1_30_1457,Mesenchymal-Stromal
c_1_30_1458,Mesenchymal-Stromal
c_1_30_1459,Mesenchymal-Stromal
c_1_30_1460,Endothelial
c_1_30_1461,Mesenchymal-Stromal
c_1_30_1462,Mesenchymal-Stromal
c_1_30_1463,Mesenchymal-Stromal
c_1_30_1464,Mesenchymal-Stromal
c_1_30_1465,Mesenchymal-Stromal
c_1_30_1466,Mesenchymal-Stromal
c_1_30_1467,Endothelial
c_1_30_1468,Mesenchymal-Stromal
c_1_30_1469,Mesenchymal-Stromal
c_1_30_1470,Neuronal-Glial
c_1_30_1471,Mesenchymal-Stromal
c_1_30_1472,Lymphoid-Other
c_1_30_1473,Mesenchymal-Stromal
c_1_30_1474,Mesenchymal-Stromal
c_1_30_1475,Mesenchymal-Stromal
c_1_30_1476,Endothelial
c_1_30_1477,Lymphoid-Plasma
c_1_30_1478,Mesenchymal-Stromal
c_1_30_1479,Mesenchymal-Stromal
c_1_30_1480,Myeloid
c_1_30_1481,Mesenchymal-Stromal
c_1_30_1482,Endothelial
c_1_30_1483,Mesenchymal-Stromal
c_1_30_1484,Mesenchymal-Stromal
c_1_30_1485,Lymphoid-Plasma
c_1_30_1486,Mesenchymal-Stromal
c_1_30_1487,Mesenchymal-Stromal
c_1_30_1488,Endothelial
c_1_30_1489,Neuronal-Glial
c_1_30_1490,Mesenchymal-Stromal
c_1_30_1491,Mesenchymal-Stromal
c_1_30_1492,Mesenchymal-Stromal
c_1_30_1493,Mesenchymal-Stromal
c_1_30_1494,Mesenchymal-Stromal
c_1_30_1495,Mesenchymal-Stromal
c_1_30_1496,Mesenchymal-Stromal
c_1_30_1497,Lymphoid-Other
c_1_30_1498,Mesenchymal-Stromal
c_1_30_1499,Mesenchymal-Stromal
c_1_30_1500,Lymphoid-T
c_1_30_1501,Mesenchymal-Stromal
c_1_30_1502,Mesenchymal-Stromal
c_1_30_1503,Endothelial
c_1_30_1504,Mesenchymal-Stromal
c_1_30_1505,Lymphoid-T
c_1_30_1506,Mesenchymal-Stromal
c_1_30_1507,Lymphoid-B
c_1_30_1508,Mesenchymal-Stromal
c_1_30_1509,Mesenchymal-Stromal
c_1_30_1510,Lymphoid-Plasma
c_1_30_1511,Mesenchymal-Stromal
c_1_30_1512,Mesenchymal-Stromal
c_1_30_1513,Mesenchymal-Stromal
c_1_30_1514,Mesenchymal-Stromal
c_1_30_1515,Mesenchymal-Stromal
c_1_30_1516,Mesenchymal-Stromal
c_1_30_1517,Neuronal-Glial
c_1_30_1518,Lymphoid-T
c_1_30_1519,Mesenchymal-Stromal
c_1_30_1520,Mesenchymal-Stromal
c_1_30_1521,Endothelial
c_1_30_1522,Lymphoid-B
c_1_30_1523,Lymphoid-T
c_1_30_1524,Endothelial
c_1_30_1525,Mesenchymal-Stromal
c_1_30_1526,Endothelial
c_1_30_1527,Endothelial
c_1_30_1528,Mesenchymal-Stromal
c_1_30_1529,Endothelial
c_1_30_1530,Mesenchymal-Stromal
c_1_30_1531,Mesenchymal-Stromal
c_1_30_1532,Endothelial
c_1_30_1533,Mesenchymal-Stromal
c_1_30_1534,None
c_1_30_1535,Lymphoid-Plasma
c_1_30_1536,Mesenchymal-Stromal
c_1_30_1537,Mesenchymal-Stromal
c_1_30_1538,Endothelial
c_1_30_1539,Mesenchymal-Stromal
c_1_30_1540,Mesenchymal-Stromal
c_1_30_1541,Mesenchymal-Stromal
c_1_30_1542,Lymphoid-T
c_1_30_1543,Lymphoid-Plasma
c_1_30_1544,Mesenchymal-Stromal
c_1_30_1545,Mesenchymal-Stromal
c_1_30_1546,Lymphoid-Plasma
c_1_30_1547,Mesenchymal-Stromal
c_1_30_1548,Mesenchymal-Stromal
c_1_30_1549,Lymphoid-Other
c_1_30_1550,Endothelial
c_1_30_1551,Mesenchymal-Stromal
c_1_30_1552,Mesenchymal-Stromal
c_1_30_1553,Mesenchymal-Stromal
c_1_30_1554,Mesenchymal-Stromal
c_1_30_1555,Lymphoid-T
c_1_30_1556,Mesenchymal-Stromal
c_1_30_1557,Lymphoid-Plasma
c_1_30_1558,Lymphoid-Other
c_1_30_1559,Mesenchymal-Stromal
c_1_30_1560,Lymphoid-Other
c_1_30_1561,Lymphoid-Other
c_1_30_1562,Lymphoid-B
c_1_30_1563,Lymphoid-Plasma
c_1_30_1564,Mesenchymal-Stromal
c_1_30_1565,Myeloid
c_1_30_1566,Mesenchymal-Stromal
c_1_30_1567,Lymphoid-T
c_1_30_1568,Mesenchymal-Stromal
c_1_30_1569,Mesenchymal-Stromal
c_1_30_1570,Mesenchymal-Stromal
c_1_30_1571,Lymphoid-T
c_1_30_1572,Endothelial
c_1_30_1573,Mesenchymal-Stromal
c_1_30_1574,Endothelial
c_1_30_1575,Mesenchymal-Stromal
c_1_30_1576,Endothelial
c_1_30_1577,Mesenchymal-Stromal
c_1_30_1578,Mesenchymal-Stromal
c_1_30_1579,Mesenchymal-Stromal
c_1_30_1580,Mesenchymal-Stromal
c_1_30_1581,Lymphoid-Plasma
c_1_30_1582,Mesenchymal-Stromal
c_1_30_1583,Lymphoid-Plasma
c_1_30_1584,Mesenchymal-Stromal
c_1_30_1585,Mesenchymal-Stromal
c_1_30_1586,Mesenchymal-Stromal
c_1_30_1587,Mesenchymal-Stromal
c_1_30_1588,Lymphoid-Other
c_1_30_1589,Endothelial
c_1_30_1590,Mesenchymal-Stromal
c_1_30_1591,Mesenchymal-Stromal
c_1_30_1592,Mesenchymal-Stromal
c_1_30_1593,Mesenchymal-Stromal
c_1_30_1594,Lymphoid-B
c_1_30_1595,Neuronal-Glial
c_1_30_1596,Lymphoid-Plasma
c_1_30_1597,Lymphoid-Other
c_1_30_1598,Mesenchymal-Stromal
c_1_30_1599,Mesenchymal-Stromal
c_1_30_1600,Mesenchymal-Stromal
c_1_30_1601,Mesenchymal-Stromal
c_1_30_1602,Lymphoid-Plasma
c_1_30_1603,Lymphoid-Plasma
c_1_30_1604,Mesenchymal-Stromal
c_1_30_1605,Lymphoid-Other
c_1_30_1606,Lymphoid-Other
c_1_30_1607,Lymphoid-Other
c_1_30_1608,Mesenchymal-Stromal
c_1_30_1609,Lymphoid-Other
c_1_30_1610,Mesenchymal-Stromal
c_1_30_1611,Lymphoid-T
c_1_30_1612,Mesenchymal-Stromal
c_1_30_1613,Neuronal-Glial
c_1_30_1614,Mesenchymal-Stromal
c_1_30_1615,Mesenchymal-Stromal
c_1_30_1616,Lymphoid-B
c_1_30_1617,Mesenchymal-Stromal
c_1_30_1618,Mesenchymal-Stromal
c_1_30_1619,Lymphoid-T
c_1_30_1620,Mesenchymal-Stromal
c_1_30_1621,Mesenchymal-Stromal
c_1_30_1622,Lymphoid-Plasma
c_1_30_1623,Endothelial
c_1_30_1624,Mesenchymal-Stromal
c_1_30_1625,Mesenchymal-Stromal
c_1_30_1626,Endothelial
c_1_30_1627,Mesenchymal-Stromal
c_1_30_1628,Mesenchymal-Stromal
c_1_30_1629,Mesenchymal-Stromal
c_1_30_1630,Lymphoid-T
c_1_30_1631,Mesenchymal-Stromal
c_1_30_1632,Mesenchymal-Stromal
c_1_30_1633,Mesenchymal-Stromal
c_1_30_1634,Lymphoid-Other
c_1_30_1635,Lymphoid-T
c_1_30_1636,Lymphoid-T
c_1_30_1637,Lymphoid-T
c_1_30_1638,Endothelial
c_1_30_1639,Endothelial
c_1_30_1640,Mesenchymal-Stromal
c_1_30_1641,Lymphoid-Other
c_1_30_1642,Mesenchymal-Stromal
c_1_30_1643,Lymphoid-T
c_1_30_1644,Lymphoid-T
c_1_30_1645,Lymphoid-T
c_1_30_1646,Mesenchymal-Stromal
c_1_30_1647,Mesenchymal-Stromal
c_1_30_1648,Lymphoid-T
c_1_30_1649,Lymphoid-T
c_1_30_1650,Mesenchymal-Stromal
c_1_30_1651,Mesenchymal-Stromal
c_1_30_1652,Lymphoid-T
c_1_30_1653,Endothelial
c_1_30_1654,Lymphoid-DC
c_1_30_1655,Lymphoid-Other
c_1_30_1656,Lymphoid-Other
c_1_30_1657,Lymphoid-Other
c_1_30_1658,Mesenchymal-Stromal
c_1_30_1659,Mesenchymal-Stromal
c_1_30_1660,Mesenchymal-Stromal
c_1_30_1661,Myeloid
c_1_30_1662,Lymphoid-DC
c_1_30_1663,Mesenchymal-Stromal
c_1_30_1664,Mesenchymal-Stromal
c_1_30_1665,Lymphoid-T
c_1_30_1666,Lymphoid-Other
c_1_30_1667,Mesenchymal-Stromal
c_1_30_1668,Lymphoid-Other
c_1_30_1669,Mesenchymal-Stromal
c_1_30_1670,Lymphoid-DC
c_1_30_1671,Lymphoid-T
c_1_30_1672,Lymphoid-Other
c_1_30_1673,Lymphoid-T
c_1_30_1674,Endothelial
c_1_30_1675,Lymphoid-Other
c_1_30_1676,Lymphoid-DC
c_1_30_1677,Mesenchymal-Stromal
c_1_30_1678,Lymphoid-DC
c_1_30_1679,Mesenchymal-Stromal
c_1_30_1680,Lymphoid-Plasma
c_1_30_1681,Endothelial
c_1_30_1682,Lymphoid-T
c_1_30_1683,Lymphoid-Other
c_1_30_1684,Lymphoid-T
c_1_30_1685,Lymphoid-Other
c_1_30_1686,Lymphoid-DC
c_1_30_1687,Lymphoid-T
c_1_30_1688,Lymphoid-DC
c_1_30_1689,Mesenchymal-Stromal
c_1_30_1690,Endothelial
c_1_30_1691,Mesenchymal-Stromal
c_1_30_1692,Mesenchymal-Stromal
c_1_30_1693,Lymphoid-T
c_1_30_1694,Endothelial
c_1_30_1695,Lymphoid-T
c_1_30_1696,Lymphoid-T
c_1_30_1697,Mesenchymal-Stromal
c_1_30_1698,Lymphoid-T
c_1_30_1699,Lymphoid-DC
c_1_30_1700,Lymphoid-Other
c_1_30_1701,Lymphoid-T
c_1_30_1702,Lymphoid-DC
c_1_30_1703,Lymphoid-T
c_1_30_1704,Lymphoid-Other
c_1_30_1705,Lymphoid-B
c_1_30_1706,Mesenchymal-Stromal
c_1_30_1707,Lymphoid-Other
c_1_30_1708,Lymphoid-T
c_1_30_1709,Lymphoid-T
c_1_30_1710,Mesenchymal-Stromal
c_1_30_1711,Lymphoid-T
c_1_30_1712,Lymphoid-DC
c_1_30_1713,Lymphoid-T
c_1_30_1714,Lymphoid-T
c_1_30_1715,Lymphoid-T
c_1_30_1716,Lymphoid-T
c_1_30_1717,Lymphoid-DC
c_1_30_1718,Lymphoid-DC
c_1_30_1719,Mesenchymal-Stromal
c_1_30_1720,Mesenchymal-Stromal
c_1_30_1721,Lymphoid-T
c_1_30_1722,Mesenchymal-Stromal
c_1_30_1723,Lymphoid-Other
c_1_30_1724,Lymphoid-T
c_1_30_1725,Lymphoid-T
c_1_30_1726,Lymphoid-DC
c_1_30_1727,Lymphoid-DC
c_1_30_1728,Lymphoid-DC
c_1_30_1729,Mesenchymal-Stromal
c_1_30_1730,Lymphoid-T
c_1_30_1731,Lymphoid-DC
c_1_30_1732,Lymphoid-DC
c_1_30_1733,Mesenchymal-Stromal
c_1_30_1734,Lymphoid-T
c_1_30_1735,Endothelial
c_1_30_1736,Lymphoid-DC
c_1_30_1737,Lymphoid-Other
c_1_30_1738,Endothelial
c_1_30_1739,Lymphoid-DC
c_1_30_1740,Lymphoid-DC
c_1_30_1741,Lymphoid-DC
c_1_30_1742,Mesenchymal-Stromal
c_1_30_1743,Lymphoid-DC
c_1_30_1744,Lymphoid-DC
c_1_30_1745,Lymphoid-Other
c_1_30_1746,Lymphoid-T
c_1_30_1747,Lymphoid-DC
c_1_30_1748,Lymphoid-DC
c_1_30_1749,Mesenchymal-Stromal
c_1_30_1750,Lymphoid-Other
c_1_30_1751,Lymphoid-DC
c_1_30_1752,Lymphoid-T
c_1_30_1753,Lymphoid-T
c_1_30_1754,Lymphoid-T
c_1_30_1755,Lymphoid-T
c_1_30_1756,Lymphoid-DC
c_1_30_1757,Lymphoid-DC
c_1_30_1758,Lymphoid-T
c_1_30_1759,Lymphoid-DC
c_1_30_1760,Lymphoid-Other
c_1_30_1761,Lymphoid-DC
c_1_30_1762,Lymphoid-T
c_1_30_1763,Lymphoid-Other
c_1_30_1764,Lymphoid-DC
c_1_30_1765,Lymphoid-DC
c_1_30_1766,Lymphoid-DC
c_1_30_1767,Lymphoid-DC
c_1_30_1768,Lymphoid-T
c_1_30_1769,Lymphoid-Other
c_1_30_1770,Lymphoid-DC
c_1_30_1771,Mesenchymal-Stromal
c_1_30_1772,Mesenchymal-Stromal
c_1_30_1773,Lymphoid-T
c_1_30_1774,Lymphoid-T
c_1_30_1775,Mesenchymal-Stromal
c_1_30_1776,Lymphoid-T
c_1_30_1777,Lymphoid-Plasma
c_1_30_1778,Lymphoid-Other
c_1_30_1779,Mesenchymal-Stromal
c_1_30_1780,Lymphoid-T
c_1_30_1781,Lymphoid-T
c_1_30_1782,Lymphoid-T
c_1_30_1783,Mesenchymal-Stromal
c_1_30_1784,Lymphoid-Other
c_1_30_1785,Mesenchymal-Stromal
c_1_30_1786,Lymphoid-Other
c_1_30_1787,Lymphoid-T
c_1_30_1788,Lymphoid-Other
c_1_30_1789,Lymphoid-T
c_1_30_1790,Lymphoid-Other
c_1_30_1791,Mesenchymal-Stromal
c_1_30_1792,Endothelial
c_1_30_1793,Lymphoid-DC
c_1_30_1794,Lymphoid-Other
c_1_30_1795,Lymphoid-T
c_1_30_1796,Lymphoid-T
c_1_30_1797,Lymphoid-Other
c_1_30_1798,Mesenchymal-Stromal
c_1_30_1799,Erythroid
c_1_30_1800,Lymphoid-T
c_1_30_1801,Lymphoid-T
c_1_30_1802,Lymphoid-DC
c_1_30_1803,Mesenchymal-Stromal
c_1_30_1804,Endothelial
c_1_30_1805,Lymphoid-T
c_1_30_1806,Lymphoid-T
c_1_30_1807,Lymphoid-DC
c_1_30_1808,Lymphoid-T
c_1_30_1809,Endothelial
c_1_30_1810,Lymphoid-T
c_1_30_1811,Lymphoid-Other
c_1_30_1812,Lymphoid-T
c_1_30_1813,Endothelial
c_1_30_1814,Mesenchymal-Stromal
c_1_30_1815,Lymphoid-Other
c_1_30_1816,Lymphoid-T
c_1_30_1817,Lymphoid-T
c_1_30_1818,Lymphoid-DC
c_1_30_1819,Lymphoid-Other
c_1_30_1820,Lymphoid-T
c_1_30_1821,Lymphoid-Other
c_1_30_1822,None
c_1_30_1823,Lymphoid-T
c_1_30_1824,Lymphoid-Other
c_1_30_1825,Mesenchymal-Stromal
c_1_30_1826,Lymphoid-T
c_1_30_1827,Lymphoid-Other
c_1_30_1828,Mesenchymal-Stromal
c_1_30_1829,Mesenchymal-Stromal
c_1_30_1830,Lymphoid-DC
c_1_30_1831,Lymphoid-Other
c_1_30_1832,Lymphoid-DC
c_1_30_1833,Myeloid
c_1_30_1834,Mesenchymal-Stromal
c_1_30_1835,Lymphoid-T
c_1_30_1836,Lymphoid-T
c_1_30_1837,Lymphoid-DC
c_1_30_1838,Lymphoid-T
c_1_30_1839,Lymphoid-DC
c_1_30_1840,Lymphoid-DC
c_1_30_1841,Lymphoid-T
c_1_30_1842,Lymphoid-DC
c_1_30_1843,Lymphoid-Other
c_1_30_1844,Lymphoid-T
c_1_30_1845,Lymphoid-T
c_1_30_1846,Lymphoid-B
c_1_30_1847,Lymphoid-T
c_1_30_1848,Lymphoid-Other
c_1_30_1849,Lymphoid-T
c_1_30_1850,Lymphoid-Other
c_1_30_1851,Lymphoid-T
c_1_30_1852,Endothelial
c_1_30_1853,Lymphoid-T
c_1_30_1854,Mesenchymal-Stromal
c_1_30_1855,Lymphoid-T
c_1_30_1856,Lymphoid-T
c_1_30_1857,Lymphoid-T
c_1_30_1858,Lymphoid-T
c_1_30_1859,Lymphoid-T
c_1_30_1860,Lymphoid-T
c_1_30_1861,Lymphoid-DC
c_1_30_1862,Lymphoid-DC
c_1_30_1863,Lymphoid-T
c_1_30_1864,Lymphoid-Other
c_1_30_1865,Lymphoid-DC
c_1_30_1866,Lymphoid-T
c_1_30_1867,Lymphoid-DC
c_1_30_1868,Mesenchymal-Stromal
c_1_30_1869,Lymphoid-T
c_1_30_1870,Lymphoid-DC
c_1_30_1871,Lymphoid-T
c_1_30_1872,Lymphoid-T
c_1_30_1873,Myeloid
c_1_30_1874,Lymphoid-DC
c_1_30_1875,Lymphoid-T
c_1_30_1876,Lymphoid-DC
c_1_30_1877,Lymphoid-DC
c_1_30_1878,Lymphoid-T
c_1_30_1879,Lymphoid-T
c_1_30_1880,Lymphoid-T
c_1_30_1881,Mesenchymal-Stromal
c_1_30_1882,Lymphoid-T
c_1_30_1883,Lymphoid-DC
c_1_30_1884,Lymphoid-T
c_1_30_1885,Mesenchymal-Stromal
c_1_30_1886,Lymphoid-DC
c_1_30_1887,Lymphoid-T
c_1_30_1888,Lymphoid-Other
c_1_30_1889,Lymphoid-DC
c_1_30_1890,Lymphoid-DC
c_1_30_1891,Lymphoid-T
c_1_30_1892,Lymphoid-DC
c_1_30_1893,Lymphoid-Other
c_1_30_1894,Lymphoid-T
c_1_30_1895,Lymphoid-T
c_1_30_1896,Lymphoid-DC
c_1_30_1897,Lymphoid-T
c_1_30_1898,Lymphoid-T
c_1_30_1899,Lymphoid-T
c_1_30_1900,Lymphoid-T
c_1_30_1901,Lymphoid-T
c_1_30_1902,Lymphoid-T
c_1_30_1903,Lymphoid-T
c_1_30_1904,Lymphoid-Other
c_1_30_1905,Lymphoid-Other
c_1_30_1906,Lymphoid-T
c_1_30_1907,Lymphoid-Other
c_1_30_1908,Lymphoid-T
c_1_30_1909,Lymphoid-T
c_1_30_1910,Lymphoid-B
c_1_30_1911,Lymphoid-T
c_1_30_1912,Lymphoid-T
c_1_30_1913,Endothelial
c_1_30_1914,Lymphoid-T
c_1_30_1915,Lymphoid-Other
c_1_30_1916,Lymphoid-T
c_1_30_1917,Lymphoid-DC
c_1_30_1918,None
c_1_30_1919,Lymphoid-T
c_1_30_1920,Lymphoid-T
c_1_30_1921,Lymphoid-T
c_1_30_1922,Lymphoid-Other
c_1_30_1923,Lymphoid-T
c_1_30_1924,Lymphoid-T
c_1_30_1925,Lymphoid-DC
c_1_30_1926,None
c_1_30_1927,Lymphoid-T
c_1_30_1928,Lymphoid-DC
c_1_30_1929,Mesenchymal-Stromal
c_1_30_1930,Lymphoid-DC
c_1_30_1931,Lymphoid-B
c_1_30_1932,Lymphoid-DC
c_1_30_1933,Lymphoid-Other
c_1_30_1934,Lymphoid-T
c_1_30_1935,Lymphoid-T
c_1_30_1936,Lymphoid-Other
c_1_30_1937,Lymphoid-T
c_1_30_1938,Lymphoid-T
c_1_30_1939,Lymphoid-T
c_1_30_1940,Lymphoid-T
c_1_30_1941,Lymphoid-T
c_1_30_1942,Lymphoid-T
c_1_30_1943,Lymphoid-T
c_1_30_1944,Lymphoid-Other
c_1_30_1945,Lymphoid-Other
c_1_30_1946,Lymphoid-T
c_1_30_1947,Lymphoid-T
c_1_30_1948,Lymphoid-T
c_1_30_1949,Lymphoid-T
c_1_30_1950,Lymphoid-DC
c_1_30_1951,Lymphoid-B
c_1_30_1952,Lymphoid-T
c_1_30_1953,Lymphoid-B
c_1_30_1954,Lymphoid-T
c_1_30_1955,Lymphoid-DC
c_1_30_1956,Lymphoid-T
c_1_30_1957,Lymphoid-T
c_1_30_1958,Lymphoid-T
c_1_30_1959,Lymphoid-Other
c_1_30_1960,Lymphoid-DC
c_1_30_1961,Mesenchymal-Stromal
c_1_30_1962,Lymphoid-T
c_1_30_1963,Lymphoid-T
c_1_30_1964,Lymphoid-DC
c_1_30_1965,Lymphoid-DC
c_1_30_1966,Lymphoid-Other
c_1_30_1967,Lymphoid-T
c_1_30_1968,Lymphoid-DC
c_1_30_1969,Lymphoid-T
c_1_30_1970,Lymphoid-Other
c_1_30_1971,Myeloid
c_1_30_1972,Lymphoid-T
c_1_30_1973,Lymphoid-DC
c_1_30_1974,Lymphoid-T
c_1_30_1975,Lymphoid-T
c_1_30_1976,Lymphoid-DC
c_1_30_1977,Lymphoid-T
c_1_30_1978,Lymphoid-DC
c_1_30_1979,Lymphoid-T
c_1_30_1980,Lymphoid-T
c_1_30_1981,Lymphoid-Other
c_1_30_1982,Lymphoid-Other
c_1_30_1983,Lymphoid-T
c_1_30_1984,Lymphoid-DC
c_1_30_1985,Lymphoid-DC
c_1_30_1986,Lymphoid-T
c_1_30_1987,Lymphoid-T
c_1_30_1988,Lymphoid-Other
c_1_30_1989,Lymphoid-T
c_1_30_1990,Endothelial
c_1_30_1991,Lymphoid-T
c_1_30_1992,Lymphoid-T
c_1_30_1993,Lymphoid-DC
c_1_30_1994,Lymphoid-DC
c_1_30_1995,Mesenchymal-Stromal
c_1_30_1996,Lymphoid-T
c_1_30_1997,Lymphoid-T
c_1_30_1998,Lymphoid-Other
c_1_30_1999,Lymphoid-T
c_1_30_2000,Lymphoid-Other
c_1_30_2001,Lymphoid-T
c_1_30_2002,Lymphoid-T
c_1_30_2003,Lymphoid-T
c_1_30_2004,Lymphoid-T
c_1_30_2005,Lymphoid-Other
c_1_30_2006,Lymphoid-T
c_1_30_2007,Lymphoid-T
c_1_30_2008,Lymphoid-T
c_1_30_2009,Lymphoid-T
c_1_30_2010,Lymphoid-Other
c_1_30_2011,Lymphoid-Other
c_1_30_2012,Lymphoid-Other
c_1_30_2013,Lymphoid-DC
c_1_30_2014,Lymphoid-T
c_1_30_2015,Lymphoid-T
c_1_30_2016,Lymphoid-T
c_1_30_2017,Lymphoid-DC
c_1_30_2018,Lymphoid-T
c_1_30_2019,Lymphoid-Other
c_1_30_2020,Lymphoid-T
c_1_30_2021,Lymphoid-T
c_1_30_2022,Lymphoid-T
c_1_30_2023,Lymphoid-T
c_1_30_2024,Lymphoid-Other
c_1_30_2025,Lymphoid-T
c_1_30_2026,Lymphoid-T
c_1_30_2027,Lymphoid-T
c_1_30_2028,Lymphoid-Other
c_1_30_2029,Lymphoid-T
c_1_30_2030,Lymphoid-T
c_1_30_2031,Lymphoid-Other
c_1_30_2032,Lymphoid-Other
c_1_30_2033,Lymphoid-T
c_1_30_2034,Lymphoid-T
c_1_30_2035,Lymphoid-Other
c_1_30_2036,Lymphoid-DC
c_1_30_2037,Lymphoid-T
c_1_30_2038,Lymphoid-DC
c_1_30_2039,Lymphoid-Other
c_1_30_2040,Lymphoid-T
c_1_30_2041,Lymphoid-T
c_1_30_2042,Lymphoid-Other
c_1_30_2043,Lymphoid-T
c_1_30_2044,Lymphoid-T
c_1_30_2045,Lymphoid-Other
c_1_30_2046,Lymphoid-Other
c_1_30_2047,Lymphoid-T
c_1_30_2048,Lymphoid-T
c_1_30_2049,Lymphoid-Other
c_1_30_2050,Lymphoid-T
c_1_30_2051,Lymphoid-DC
c_1_30_2052,Mesenchymal-Stromal
c_1_30_2053,Lymphoid-Other
c_1_30_2054,Lymphoid-T
c_1_30_2055,Lymphoid-T
c_1_30_2056,Lymphoid-T
c_1_30_2057,Lymphoid-Other
c_1_30_2058,Lymphoid-T
c_1_30_2059,Lymphoid-DC
c_1_30_2060,Lymphoid-T
c_1_30_2061,Lymphoid-Other
c_1_30_2062,Lymphoid-T
c_1_30_2063,Lymphoid-T
c_1_30_2064,Lymphoid-DC
c_1_30_2065,Lymphoid-T
c_1_30_2066,Lymphoid-Other
c_1_30_2067,Lymphoid-T
c_1_30_2068,Lymphoid-Other
c_1_30_2069,Lymphoid-T
c_1_30_2070,Lymphoid-T
c_1_30_2071,Lymphoid-DC
c_1_30_2072,Lymphoid-T
c_1_30_2073,Lymphoid-Other
c_1_30_2074,Lymphoid-Other
c_1_30_2075,Lymphoid-DC
c_1_30_2076,Lymphoid-T
c_1_30_2077,Lymphoid-T
c_1_30_2078,Lymphoid-T
c_1_30_2079,Lymphoid-T
c_1_30_2080,Lymphoid-Other
c_1_30_2081,Lymphoid-Other
c_1_30_2082,Lymphoid-DC
c_1_30_2083,Lymphoid-DC
c_1_30_2084,Lymphoid-DC
c_1_30_2085,Lymphoid-Other
c_1_30_2086,Lymphoid-T
c_1_30_2087,Lymphoid-T
c_1_30_2088,Lymphoid-DC
c_1_30_2089,Lymphoid-T
c_1_30_2090,Lymphoid-T
c_1_30_2091,Lymphoid-Other
c_1_30_2092,Lymphoid-B
c_1_30_2093,Lymphoid-T
c_1_30_2094,Lymphoid-T
c_1_30_2095,Lymphoid-DC
c_1_30_2096,Lymphoid-DC
c_1_30_2097,Lymphoid-T
c_1_30_2098,Lymphoid-DC
c_1_30_2099,Lymphoid-DC
c_1_30_2100,Lymphoid-DC
c_1_30_2101,Lymphoid-T
c_1_30_2102,Lymphoid-T
c_1_30_2103,Lymphoid-DC
c_1_30_2104,Lymphoid-T
c_1_30_2105,Lymphoid-DC
c_1_30_2106,Lymphoid-DC
c_1_30_2107,Lymphoid-T
c_1_30_2108,Lymphoid-T
c_1_30_2109,Lymphoid-Other
c_1_30_2110,Lymphoid-Other
c_1_30_2111,Lymphoid-DC
c_1_30_2112,Lymphoid-DC
c_1_30_2113,Lymphoid-Other
c_1_30_2114,Lymphoid-DC
c_1_30_2115,Myeloid
c_1_30_2116,Lymphoid-T
c_1_30_2117,Lymphoid-Other
c_1_30_2118,Lymphoid-T
c_1_30_2119,Lymphoid-Other
c_1_30_2120,Lymphoid-DC
c_1_30_2121,Lymphoid-Other
c_1_30_2122,Lymphoid-Other
c_1_30_2123,Lymphoid-T
c_1_30_2124,Lymphoid-Other
c_1_30_2125,Lymphoid-T
c_1_30_2126,Lymphoid-DC
c_1_30_2127,Lymphoid-T
c_1_30_2128,Lymphoid-T
c_1_30_2129,Lymphoid-T
c_1_30_2130,Lymphoid-T
c_1_30_2131,Lymphoid-Other
c_1_30_2132,Lymphoid-T
c_1_30_2133,Lymphoid-DC
c_1_30_2134,Lymphoid-Other
c_1_30_2135,Lymphoid-Other
c_1_30_2136,Lymphoid-T
c_1_30_2137,Lymphoid-T
c_1_30_2138,Lymphoid-Other
c_1_30_2139,Lymphoid-Other
c_1_30_2140,Lymphoid-Other
c_1_30_2141,Lymphoid-B
c_1_30_2142,Lymphoid-T
c_1_30_2143,Lymphoid-T
c_1_30_2144,Lymphoid-T
c_1_30_2145,Lymphoid-T
c_1_30_2146,Lymphoid-T
c_1_30_2147,Lymphoid-T
c_1_30_2148,Lymphoid-Other
c_1_30_2149,Lymphoid-T
c_1_30_2150,Lymphoid-T
c_1_30_2151,Lymphoid-T
c_1_30_2152,Lymphoid-Other
c_1_30_2153,Lymphoid-T
c_1_30_2154,Lymphoid-DC
c_1_30_2155,Lymphoid-Other
c_1_30_2156,Lymphoid-DC
c_1_30_2157,Lymphoid-T
c_1_30_2158,Lymphoid-Other
c_1_30_2159,Lymphoid-T
c_1_30_2160,Myeloid
c_1_30_2161,Lymphoid-Other
c_1_30_2162,Lymphoid-T
c_1_30_2163,Lymphoid-Other
c_1_30_2164,Lymphoid-Other
c_1_30_2165,Lymphoid-DC
c_1_30_2166,Lymphoid-T
c_1_30_2167,Lymphoid-T
c_1_30_2168,Lymphoid-T
c_1_30_2169,Lymphoid-T
c_1_30_2170,Lymphoid-T
c_1_30_2171,Lymphoid-T
c_1_30_2172,Lymphoid-T
c_1_30_2173,Lymphoid-DC
c_1_30_2174,Lymphoid-T
c_1_30_2175,Lymphoid-T
c_1_30_2176,Lymphoid-Other
c_1_30_2177,Lymphoid-Other
c_1_30_2178,Lymphoid-T
c_1_30_2179,Lymphoid-T
c_1_30_2180,Lymphoid-T
c_1_30_2181,Lymphoid-T
c_1_30_2182,Lymphoid-T
c_1_30_2183,Lymphoid-DC
c_1_30_2184,Lymphoid-DC
c_1_30_2185,Lymphoid-T
c_1_30_2186,Lymphoid-Other
c_1_30_2187,Lymphoid-T
c_1_30_2188,Lymphoid-T
c_1_30_2189,Lymphoid-T
c_1_30_2190,Lymphoid-T
c_1_30_2191,Lymphoid-T
c_1_30_2192,Lymphoid-T
c_1_30_2193,Lymphoid-T
c_1_30_2194,Lymphoid-T
c_1_30_2195,Lymphoid-T
c_1_30_2196,Lymphoid-Other
c_1_30_2197,Lymphoid-T
c_1_30_2198,Lymphoid-T
c_1_30_2199,Lymphoid-T
c_1_30_2200,Lymphoid-DC
c_1_30_2201,Lymphoid-T
c_1_30_2202,Lymphoid-T
c_1_30_2203,Lymphoid-T
c_1_30_2204,Lymphoid-Other
c_1_30_2205,Lymphoid-DC
c_1_30_2206,Lymphoid-T
c_1_30_2207,Lymphoid-DC
c_1_30_2208,Lymphoid-T
c_1_30_2209,Lymphoid-T
c_1_30_2210,Lymphoid-DC
c_1_30_2211,Lymphoid-T
c_1_30_2212,Lymphoid-Other
c_1_30_2213,Lymphoid-DC
c_1_30_2214,Lymphoid-T
c_1_30_2215,Lymphoid-T
c_1_30_2216,Lymphoid-T
c_1_30_2217,Lymphoid-T
c_1_30_2218,Lymphoid-T
c_1_30_2219,Lymphoid-DC
c_1_30_2220,Lymphoid-Other
c_1_30_2221,Lymphoid-DC
c_1_30_2222,Lymphoid-T
c_1_30_2223,Lymphoid-DC
c_1_30_2224,Lymphoid-T
c_1_30_2225,Lymphoid-T
c_1_30_2226,Lymphoid-Other
c_1_30_2227,Lymphoid-T
c_1_30_2228,Lymphoid-T
c_1_30_2229,Lymphoid-T
c_1_30_2230,Lymphoid-T
c_1_30_2231,Lymphoid-Other
c_1_30_2232,Lymphoid-T
c_1_30_2233,Lymphoid-Other
c_1_30_2234,Lymphoid-Other
c_1_30_2235,Lymphoid-T
c_1_30_2236,Lymphoid-T
c_1_30_2237,Lymphoid-Other
c_1_30_2238,Lymphoid-T
c_1_30_2239,Lymphoid-Other
c_1_30_2240,Lymphoid-T
c_1_30_2241,Lymphoid-T
c_1_30_2242,Lymphoid-T
c_1_30_2243,Lymphoid-T
c_1_30_2244,Lymphoid-T
c_1_30_2245,Lymphoid-T
c_1_30_2246,Lymphoid-T
c_1_30_2247,Lymphoid-T
c_1_30_2248,Lymphoid-T
c_1_30_2249,Lymphoid-Other
c_1_30_2250,Lymphoid-T
c_1_30_2251,Lymphoid-T
c_1_30_2252,Lymphoid-T
c_1_30_2253,Lymphoid-DC
c_1_30_2254,Lymphoid-T
c_1_30_2255,Lymphoid-DC
c_1_30_2256,Lymphoid-Other
c_1_30_2257,Lymphoid-T
c_1_30_2258,Lymphoid-DC
c_1_30_2259,Lymphoid-T
c_1_30_2260,Lymphoid-T
c_1_30_2261,None
c_1_30_2262,Lymphoid-T
c_1_30_2263,Lymphoid-T
c_1_30_2264,Lymphoid-T
c_1_30_2265,Lymphoid-Other
c_1_30_2266,Lymphoid-T
c_1_30_2267,Lymphoid-T
c_1_30_2268,Lymphoid-T
c_1_30_2269,Lymphoid-Other
c_1_30_2270,Lymphoid-T
c_1_30_2271,Lymphoid-Other
c_1_30_2272,Lymphoid-Other
c_1_30_2273,Lymphoid-Other
c_1_30_2274,Lymphoid-Other
c_1_30_2275,Lymphoid-T
c_1_30_2276,Lymphoid-T
c_1_30_2277,Lymphoid-T
c_1_30_2278,Lymphoid-DC
c_1_30_2279,Lymphoid-DC
c_1_30_2280,Lymphoid-DC
c_1_30_2281,Lymphoid-DC
c_1_30_2282,Lymphoid-Other
c_1_30_2283,Lymphoid-Other
c_1_30_2284,Lymphoid-T
c_1_30_2285,Lymphoid-Other
c_1_30_2286,Lymphoid-T
c_1_30_2287,Lymphoid-DC
c_1_30_2288,Lymphoid-T
c_1_30_2289,Lymphoid-T
c_1_30_2290,Lymphoid-T
c_1_30_2291,Lymphoid-T
c_1_30_2292,Lymphoid-T
c_1_30_2293,Lymphoid-T
c_1_30_2294,Lymphoid-Other
c_1_30_2295,Lymphoid-DC
c_1_30_2296,Lymphoid-Other
c_1_30_2297,Lymphoid-T
c_1_30_2298,Lymphoid-Other
c_1_30_2299,Lymphoid-Other
c_1_30_2300,Lymphoid-T
c_1_30_2301,Lymphoid-DC
c_1_30_2302,Lymphoid-Other
c_1_30_2303,Lymphoid-B
c_1_30_2304,Lymphoid-Other
c_1_30_2305,Lymphoid-T
c_1_30_2306,Lymphoid-T
c_1_30_2307,Lymphoid-T
c_1_30_2308,Lymphoid-T
c_1_30_2309,Lymphoid-T
c_1_30_2310,Endothelial
c_1_30_2311,Lymphoid-T
c_1_30_2312,Lymphoid-DC
c_1_30_2313,Lymphoid-T
c_1_30_2314,Lymphoid-Other
c_1_30_2315,Lymphoid-DC
c_1_30_2316,Lymphoid-DC
c_1_30_2317,Lymphoid-T
c_1_30_2318,Lymphoid-T
c_1_30_2319,Lymphoid-T
c_1_30_2320,Lymphoid-Other
c_1_30_2321,Lymphoid-T
c_1_30_2322,Lymphoid-T
c_1_30_2323,Lymphoid-Other
c_1_30_2324,Lymphoid-T
c_1_30_2325,Lymphoid-T
c_1_30_2326,Lymphoid-T
c_1_30_2327,Lymphoid-Other
c_1_30_2328,Lymphoid-DC
c_1_30_2329,Lymphoid-T
c_1_30_2330,Lymphoid-T
c_1_30_2331,Lymphoid-T
c_1_30_2332,Lymphoid-T
c_1_30_2333,Myeloid
c_1_30_2334,Lymphoid-T
c_1_30_2335,Lymphoid-B
c_1_30_2336,Lymphoid-T
c_1_30_2337,Lymphoid-T
c_1_30_2338,Lymphoid-T
c_1_30_2339,Lymphoid-T
c_1_30_2340,Lymphoid-DC
c_1_30_2341,Lymphoid-T
c_1_30_2342,Lymphoid-T
c_1_30_2343,Lymphoid-T
c_1_30_2344,Lymphoid-Other
c_1_30_2345,Lymphoid-DC
c_1_30_2346,Lymphoid-DC
c_1_30_2347,Lymphoid-T
c_1_30_2348,Lymphoid-T
c_1_30_2349,Lymphoid-T
c_1_30_2350,Lymphoid-T
c_1_30_2351,Lymphoid-T
c_1_30_2352,Lymphoid-T
c_1_30_2353,Endothelial
c_1_30_2354,Lymphoid-T
c_1_30_2355,Lymphoid-T
c_1_30_2356,Lymphoid-T
c_1_30_2357,Lymphoid-T
c_1_30_2358,Lymphoid-DC
c_1_30_2359,Lymphoid-T
c_1_30_2360,Lymphoid-Other
c_1_30_2361,Lymphoid-T
c_1_30_2362,Lymphoid-Other
c_1_30_2363,Lymphoid-Other
c_1_30_2364,Lymphoid-T
c_1_30_2365,Lymphoid-T
c_1_30_2366,Lymphoid-Other
c_1_30_2367,Lymphoid-DC
c_1_30_2368,Lymphoid-T
c_1_30_2369,Lymphoid-Other
c_1_30_2370,Lymphoid-Other
c_1_30_2371,Lymphoid-T
c_1_30_2372,Lymphoid-T
c_1_30_2373,Lymphoid-T
c_1_30_2374,Lymphoid-T
c_1_30_2375,Lymphoid-Other
c_1_30_2376,Lymphoid-T
c_1_30_2377,Lymphoid-Other
c_1_30_2378,Lymphoid-T
c_1_30_2379,Lymphoid-T
c_1_30_2380,Lymphoid-Other
c_1_30_2381,Lymphoid-T
c_1_30_2382,Lymphoid-Other
c_1_30_2383,Lymphoid-T
c_1_30_2384,Lymphoid-Plasma
c_1_30_2385,Lymphoid-T
c_1_30_2386,Lymphoid-DC
c_1_30_2387,Lymphoid-T
c_1_30_2388,Lymphoid-Other
c_1_30_2389,Lymphoid-DC
c_1_30_2390,Lymphoid-Other
c_1_30_2391,Lymphoid-T
c_1_30_2392,Lymphoid-DC
c_1_30_2393,Lymphoid-T
c_1_30_2394,Lymphoid-T
c_1_30_2395,Myeloid
c_1_30_2396,Lymphoid-DC
c_1_30_2397,Lymphoid-T
c_1_30_2398,Lymphoid-Other
c_1_30_2399,Lymphoid-Other
c_1_30_2400,Lymphoid-T
c_1_30_2401,Lymphoid-T
c_1_30_2402,Lymphoid-T
c_1_30_2403,Lymphoid-B
c_1_30_2404,Lymphoid-Other
c_1_30_2405,None
c_1_30_2406,Lymphoid-T
c_1_30_2407,Lymphoid-T
c_1_30_2408,Lymphoid-T
c_1_30_2409,Lymphoid-T
c_1_30_2410,Lymphoid-DC
c_1_30_2411,Lymphoid-Other
c_1_30_2412,Lymphoid-Other
c_1_30_2413,Lymphoid-Other
c_1_30_2414,Myeloid
c_1_30_2415,Lymphoid-DC
c_1_30_2416,Lymphoid-T
c_1_30_2417,Lymphoid-T
c_1_30_2418,Lymphoid-Other
c_1_30_2419,Lymphoid-Other
c_1_30_2420,Lymphoid-T
c_1_30_2421,Lymphoid-T
c_1_30_2422,Myeloid
c_1_30_2423,Lymphoid-T
c_1_30_2424,None
c_1_30_2425,Lymphoid-Plasma
c_1_30_2426,Lymphoid-Other
c_1_30_2427,Lymphoid-T
c_1_30_2428,Lymphoid-DC
c_1_30_2429,Lymphoid-T
c_1_30_2430,Lymphoid-T
c_1_30_2431,Lymphoid-T
c_1_30_2432,Lymphoid-T
c_1_30_2433,Lymphoid-Other
c_1_30_2434,Lymphoid-T
c_1_30_2435,Lymphoid-Other
c_1_30_2436,Lymphoid-T
c_1_30_2437,Lymphoid-Other
c_1_30_2438,Lymphoid-DC
c_1_30_2439,Lymphoid-Other
c_1_30_2440,Lymphoid-T
c_1_30_2441,Lymphoid-Other
c_1_30_2442,Lymphoid-T
c_1_30_2443,Lymphoid-T
c_1_30_2444,Lymphoid-T
c_1_30_2445,Lymphoid-T
c_1_30_2446,Lymphoid-T
c_1_30_2447,Lymphoid-B
c_1_30_2448,Lymphoid-T
c_1_30_2449,Lymphoid-DC
c_1_30_2450,Lymphoid-T
c_1_30_2451,Lymphoid-T
c_1_30_2452,Lymphoid-T
c_1_30_2453,Lymphoid-T
c_1_30_2454,Lymphoid-T
c_1_30_2455,Lymphoid-T
c_1_30_2456,Lymphoid-T
c_1_30_2457,Lymphoid-T
c_1_30_2458,Lymphoid-DC
c_1_30_2459,Lymphoid-T
c_1_30_2460,Lymphoid-Other
c_1_30_2461,Lymphoid-T
c_1_30_2462,Lymphoid-T
c_1_30_2463,Lymphoid-Other
c_1_30_2464,Lymphoid-T
c_1_30_2465,Lymphoid-DC
c_1_30_2466,Lymphoid-T
c_1_30_2467,Lymphoid-DC
c_1_30_2468,Lymphoid-T
c_1_30_2469,Lymphoid-T
c_1_30_2470,Lymphoid-T
c_1_30_2471,Lymphoid-Other
c_1_31_1,Lymphoid-Other
c_1_31_2,None
c_1_31_3,Lymphoid-T
c_1_31_4,None
c_1_31_5,None
c_1_31_6,None
c_1_31_7,Endothelial
c_1_31_8,None
c_1_31_9,None
c_1_31_10,Lymphoid-Other
c_1_31_11,Mesenchymal-Stromal
c_1_31_12,Lymphoid-Other
c_1_31_13,Endothelial
c_1_31_14,Lymphoid-Other
c_1_31_15,Lymphoid-Other
c_1_31_16,Lymphoid-T
c_1_31_17,Lymphoid-T
c_1_31_18,Lymphoid-T
c_1_31_19,Lymphoid-T
c_1_31_20,Lymphoid-T
c_1_31_21,Lymphoid-T
c_1_31_22,Lymphoid-Other
c_1_31_23,Lymphoid-T
c_1_31_24,Endothelial
c_1_31_25,Mesenchymal-Stromal
c_1_31_26,Lymphoid-T
c_1_31_27,Lymphoid-T
c_1_31_28,Lymphoid-T
c_1_31_29,Lymphoid-T
c_1_31_30,Lymphoid-Other
c_1_31_31,Lymphoid-B
c_1_31_32,Lymphoid-Other
c_1_31_33,Lymphoid-T
c_1_31_34,Lymphoid-T
c_1_31_35,Endothelial
c_1_31_36,Lymphoid-Other
c_1_31_37,Endothelial
c_1_31_38,Mesenchymal-Stromal
c_1_31_39,Lymphoid-Other
c_1_31_40,Lymphoid-T
c_1_31_41,Lymphoid-T
c_1_31_42,Lymphoid-Other
c_1_31_43,Lymphoid-T
c_1_31_44,Lymphoid-Other
c_1_31_45,Mesenchymal-Stromal
c_1_31_46,Lymphoid-Other
c_1_31_47,Mesenchymal-Stromal
c_1_31_48,Lymphoid-T
c_1_31_49,Lymphoid-T
c_1_31_50,Endothelial
c_1_31_51,Lymphoid-T
c_1_31_52,Lymphoid-DC
c_1_31_53,Lymphoid-T
c_1_31_54,Lymphoid-Other
c_1_31_55,None
c_1_31_56,Lymphoid-T
c_1_31_57,Lymphoid-T
c_1_31_58,Lymphoid-T
c_1_31_59,None
c_1_31_60,Lymphoid-B
c_1_31_61,Endothelial
c_1_31_62,Endothelial
c_1_31_63,Lymphoid-DC
c_1_31_64,None
c_1_31_65,Lymphoid-B
c_1_31_66,Endothelial
c_1_31_67,Lymphoid-T
c_1_31_68,Lymphoid-Other
c_1_31_69,None
c_1_31_70,Lymphoid-T
c_1_31_71,None
c_1_31_72,Endothelial
c_1_31_73,Lymphoid-T
c_1_31_74,Lymphoid-T
c_1_31_75,Lymphoid-T
c_1_31_76,Epithelial
c_1_31_77,Lymphoid-Other
c_1_31_78,Lymphoid-T
c_1_31_79,Lymphoid-T
c_1_31_80,Lymphoid-T
c_1_31_81,Endothelial
c_1_31_82,Endothelial
c_1_31_83,Lymphoid-T
c_1_31_84,Lymphoid-T
c_1_31_85,Epithelial
c_1_31_86,Endothelial
c_1_31_87,Endothelial
c_1_31_88,None
c_1_31_89,Epithelial
c_1_31_90,Epithelial
c_1_31_91,Lymphoid-T
c_1_31_92,Lymphoid-B
c_1_31_93,Epithelial
c_1_31_94,Lymphoid-Other
c_1_31_95,Lymphoid-T
c_1_31_96,Epithelial
c_1_31_97,Epithelial
c_1_31_98,Lymphoid-T
c_1_31_99,Lymphoid-Other
c_1_31_100,Lymphoid-Other
c_1_31_101,Lymphoid-T
c_1_31_102,Lymphoid-Other
c_1_31_103,Lymphoid-T
c_1_31_104,Lymphoid-Other
c_1_31_105,Epithelial
c_1_31_106,Lymphoid-T
c_1_31_107,Epithelial
c_1_31_108,None
c_1_31_109,Lymphoid-T
c_1_31_110,Epithelial
c_1_31_111,Epithelial
c_1_31_112,Lymphoid-T
c_1_31_113,Mesenchymal-Stromal
c_1_31_114,Epithelial
c_1_31_115,Endothelial
c_1_31_116,Epithelial
c_1_31_117,Epithelial
c_1_31_118,Lymphoid-Other
c_1_31_119,Epithelial
c_1_31_120,Lymphoid-T
c_1_31_121,Epithelial
c_1_31_122,Endothelial
c_1_31_123,Epithelial
c_1_31_124,Lymphoid-Other
c_1_31_125,Lymphoid-Other
c_1_31_126,Lymphoid-T
c_1_31_127,Lymphoid-T
c_1_31_128,Lymphoid-T
c_1_31_129,Epithelial
c_1_31_130,Epithelial
c_1_31_131,Lymphoid-T
c_1_31_132,Epithelial
c_1_31_133,Epithelial
c_1_31_134,Endothelial
c_1_31_135,Endothelial
c_1_31_136,Lymphoid-T
c_1_31_137,Lymphoid-T
c_1_31_138,Lymphoid-T
c_1_31_139,Epithelial
c_1_31_140,None
c_1_31_141,Lymphoid-Other
c_1_31_142,Lymphoid-T
c_1_31_143,Lymphoid-Other
c_1_31_144,Lymphoid-T
c_1_31_145,None
c_1_31_146,None
c_1_31_147,Epithelial
c_1_31_148,Mesenchymal-Stromal
c_1_31_149,Endothelial
c_1_31_150,Lymphoid-DC
c_1_31_151,Lymphoid-T
c_1_31_152,Epithelial
c_1_31_153,Lymphoid-T
c_1_31_154,Epithelial
c_1_31_155,Lymphoid-T
c_1_31_156,Lymphoid-Other
c_1_31_157,Lymphoid-T
c_1_31_158,Lymphoid-B
c_1_31_159,Lymphoid-T
c_1_31_160,Lymphoid-Other
c_1_31_161,Lymphoid-T
c_1_31_162,None
c_1_31_163,Epithelial
c_1_31_164,Lymphoid-T
c_1_31_165,Epithelial
c_1_31_166,Lymphoid-T
c_1_31_167,Lymphoid-T
c_1_31_168,Lymphoid-T
c_1_31_169,Lymphoid-Other
c_1_31_170,Epithelial
c_1_31_171,Lymphoid-T
c_1_31_172,Lymphoid-T
c_1_31_173,Endothelial
c_1_31_174,Lymphoid-T
c_1_31_175,Lymphoid-T
c_1_31_176,Lymphoid-T
c_1_31_177,Lymphoid-T
c_1_31_178,Lymphoid-T
c_1_31_179,Lymphoid-T
c_1_31_180,Lymphoid-T
c_1_31_181,Lymphoid-T
c_1_31_182,Lymphoid-Other
c_1_31_183,Lymphoid-T
c_1_31_184,Lymphoid-T
c_1_31_185,Endothelial
c_1_31_186,Mesenchymal-Stromal
c_1_31_187,Lymphoid-T
c_1_31_188,Lymphoid-Other
c_1_31_189,Lymphoid-T
c_1_31_190,Lymphoid-Other
c_1_31_191,Epithelial
c_1_31_192,Lymphoid-Other
c_1_31_193,Lymphoid-T
c_1_31_194,Lymphoid-B
c_1_31_195,Lymphoid-T
c_1_31_196,Lymphoid-T
c_1_31_197,Lymphoid-T
c_1_31_198,None
c_1_31_199,Lymphoid-T
c_1_31_200,Lymphoid-T
c_1_31_201,None
c_1_31_202,Lymphoid-T
c_1_31_203,Lymphoid-Other
c_1_31_204,None
c_1_31_205,Lymphoid-T
c_1_31_206,Lymphoid-T
c_1_31_207,Lymphoid-T
c_1_31_208,Lymphoid-Other
c_1_31_209,None
c_1_31_210,Lymphoid-Other
c_1_31_211,Lymphoid-T
c_1_31_212,Lymphoid-Other
c_1_31_213,Lymphoid-T
c_1_31_214,Lymphoid-Other
c_1_31_215,Neuronal-Glial
c_1_31_216,Endothelial
c_1_31_217,Endothelial
c_1_31_218,Lymphoid-T
c_1_31_219,Lymphoid-T
c_1_31_220,Lymphoid-Other
c_1_31_221,Lymphoid-Other
c_1_31_222,Lymphoid-Other
c_1_31_223,Lymphoid-T
c_1_31_224,Lymphoid-T
c_1_31_225,None
c_1_31_226,Lymphoid-T
c_1_31_227,None
c_1_31_228,Lymphoid-Plasma
c_1_31_229,Lymphoid-T
c_1_31_230,Endothelial
c_1_31_231,Lymphoid-Other
c_1_31_232,Lymphoid-T
c_1_31_233,Lymphoid-T
c_1_31_234,Lymphoid-T
c_1_31_235,Lymphoid-Other
c_1_31_236,Lymphoid-T
c_1_31_237,Lymphoid-B
c_1_31_238,Lymphoid-T
c_1_31_239,Lymphoid-T
c_1_31_240,Lymphoid-Other
c_1_31_241,Lymphoid-T
c_1_31_242,Lymphoid-T
c_1_31_243,Lymphoid-Other
c_1_31_244,Lymphoid-Other
c_1_31_245,Endothelial
c_1_31_246,Endothelial
c_1_31_247,Lymphoid-T
c_1_31_248,Lymphoid-T
c_1_31_249,Lymphoid-T
c_1_31_250,Endothelial
c_1_31_251,Lymphoid-T
c_1_31_252,Lymphoid-Other
c_1_31_253,Lymphoid-T
c_1_31_254,Lymphoid-T
c_1_31_255,Lymphoid-Other
c_1_31_256,Lymphoid-B
c_1_31_257,Endothelial
c_1_31_258,Endothelial
c_1_31_259,Lymphoid-T
c_1_31_260,Lymphoid-T
c_1_31_261,Lymphoid-T
c_1_31_262,Lymphoid-T
c_1_31_263,Lymphoid-Other
c_1_31_264,Lymphoid-Other
c_1_31_265,Lymphoid-T
c_1_31_266,Lymphoid-T
c_1_31_267,Lymphoid-T
c_1_31_268,Lymphoid-Other
c_1_31_269,Lymphoid-T
c_1_31_270,Lymphoid-DC
c_1_31_271,Lymphoid-T
c_1_31_272,Mesenchymal-Stromal
c_1_31_273,Lymphoid-T
c_1_31_274,Lymphoid-T
c_1_31_275,Lymphoid-T
c_1_31_276,Lymphoid-Other
c_1_31_277,Lymphoid-Other
c_1_31_278,Lymphoid-Other
c_1_31_279,Lymphoid-T
c_1_31_280,Lymphoid-T
c_1_31_281,Endothelial
c_1_31_282,Lymphoid-T
c_1_31_283,Lymphoid-T
c_1_31_284,Lymphoid-T
c_1_31_285,Lymphoid-T
c_1_31_286,Lymphoid-T
c_1_31_287,Lymphoid-T
c_1_31_288,Lymphoid-T
c_1_31_289,Lymphoid-T
c_1_31_290,Lymphoid-T
c_1_31_291,Endothelial
c_1_31_292,Lymphoid-Other
c_1_31_293,Lymphoid-T
c_1_31_294,Lymphoid-Other
c_1_31_295,Lymphoid-DC
c_1_31_296,Lymphoid-T
c_1_31_297,Lymphoid-T
c_1_31_298,Endothelial
c_1_31_299,Neuronal-Glial
c_1_31_300,Lymphoid-DC
c_1_31_301,Lymphoid-T
c_1_31_302,Lymphoid-T
c_1_31_303,Lymphoid-T
c_1_31_304,Lymphoid-T
c_1_31_305,Lymphoid-Other
c_1_31_306,Lymphoid-T
c_1_31_307,Lymphoid-T
c_1_31_308,Lymphoid-Other
c_1_31_309,Lymphoid-T
c_1_31_310,Lymphoid-T
c_1_31_311,Lymphoid-T
c_1_31_312,Lymphoid-T
c_1_31_313,Lymphoid-Other
c_1_31_314,Lymphoid-Other
c_1_31_315,Lymphoid-Other
c_1_31_316,Lymphoid-T
c_1_31_317,Lymphoid-T
c_1_31_318,Endothelial
c_1_31_319,Lymphoid-B
c_1_31_320,Lymphoid-DC
c_1_31_321,Lymphoid-T
c_1_31_322,Lymphoid-Other
c_1_31_323,Lymphoid-T
c_1_31_324,Lymphoid-Other
c_1_31_325,Lymphoid-T
c_1_31_326,Lymphoid-T
c_1_31_327,Lymphoid-T
c_1_31_328,Endothelial
c_1_31_329,Lymphoid-T
c_1_31_330,Lymphoid-T
c_1_31_331,Lymphoid-T
c_1_31_332,Lymphoid-T
c_1_31_333,Lymphoid-Other
c_1_31_334,Lymphoid-T
c_1_31_335,Lymphoid-T
c_1_31_336,Lymphoid-T
c_1_31_337,Endothelial
c_1_31_338,Lymphoid-T
c_1_31_339,Lymphoid-T
c_1_31_340,Lymphoid-T
c_1_31_341,Lymphoid-DC
c_1_31_342,Lymphoid-T
c_1_31_343,Lymphoid-T
c_1_31_344,Lymphoid-T
c_1_31_345,Lymphoid-T
c_1_31_346,Lymphoid-DC
c_1_31_347,Lymphoid-T
c_1_31_348,Lymphoid-Other
c_1_31_349,Lymphoid-DC
c_1_31_350,Lymphoid-T
c_1_31_351,Lymphoid-T
c_1_31_352,Lymphoid-T
c_1_31_353,Lymphoid-T
c_1_31_354,Lymphoid-T
c_1_31_355,Lymphoid-T
c_1_31_356,Lymphoid-T
c_1_31_357,Lymphoid-Other
c_1_31_358,Lymphoid-T
c_1_31_359,Lymphoid-T
c_1_31_360,Endothelial
c_1_31_361,Lymphoid-T
c_1_31_362,Lymphoid-T
c_1_31_363,Lymphoid-T
c_1_31_364,Lymphoid-T
c_1_31_365,Lymphoid-Other
c_1_31_366,Lymphoid-B
c_1_31_367,Lymphoid-T
c_1_31_368,Lymphoid-T
c_1_31_369,Lymphoid-Other
c_1_31_370,Lymphoid-T
c_1_31_371,Lymphoid-T
c_1_31_372,Lymphoid-T
c_1_31_373,Lymphoid-Other
c_1_31_374,Lymphoid-Other
c_1_31_375,Lymphoid-T
c_1_31_376,Lymphoid-Other
c_1_31_377,Lymphoid-T
c_1_31_378,Lymphoid-Other
c_1_31_379,Lymphoid-T
c_1_31_380,Lymphoid-T
c_1_31_381,Endothelial
c_1_31_382,Lymphoid-Other
c_1_31_383,Lymphoid-T
c_1_31_384,Lymphoid-T
c_1_31_385,Lymphoid-Other
c_1_31_386,Lymphoid-T
c_1_31_387,Lymphoid-T
c_1_31_388,Lymphoid-T
c_1_31_389,Lymphoid-Other
c_1_31_390,Lymphoid-T
c_1_31_391,Lymphoid-Other
c_1_31_392,Lymphoid-Other
c_1_31_393,Lymphoid-T
c_1_31_394,Lymphoid-Other
c_1_31_395,Lymphoid-T
c_1_31_396,Lymphoid-Other
c_1_31_397,Lymphoid-T
c_1_31_398,Lymphoid-T
c_1_31_399,Lymphoid-T
c_1_31_400,Lymphoid-Other
c_1_31_401,Lymphoid-Other
c_1_31_402,Lymphoid-T
c_1_31_403,Lymphoid-Other
c_1_31_404,Lymphoid-Other
c_1_31_405,Lymphoid-T
c_1_31_406,Lymphoid-Other
c_1_31_407,Lymphoid-Other
c_1_31_408,Lymphoid-T
c_1_31_409,Lymphoid-Other
c_1_31_410,Lymphoid-T
c_1_31_411,Lymphoid-T
c_1_31_412,Lymphoid-T
c_1_31_413,Lymphoid-Other
c_1_31_414,Lymphoid-T
c_1_31_415,Lymphoid-T
c_1_31_416,Endothelial
c_1_31_417,Lymphoid-Other
c_1_31_418,Lymphoid-T
c_1_31_419,Endothelial
c_1_31_420,Lymphoid-T
c_1_31_421,Lymphoid-T
c_1_31_422,Lymphoid-Other
c_1_31_423,Lymphoid-T
c_1_31_424,Lymphoid-T
c_1_31_425,Lymphoid-Other
c_1_31_426,Lymphoid-T
c_1_31_427,Lymphoid-T
c_1_31_428,Lymphoid-T
c_1_31_429,Lymphoid-T
c_1_31_430,Lymphoid-Other
c_1_31_431,Lymphoid-Other
c_1_31_432,Lymphoid-Other
c_1_31_433,Lymphoid-T
c_1_31_434,Lymphoid-T
c_1_31_435,Lymphoid-Other
c_1_31_436,Endothelial
c_1_31_437,Endothelial
c_1_31_438,Myeloid
c_1_31_439,Lymphoid-T
c_1_31_440,Lymphoid-Other
c_1_31_441,Lymphoid-T
c_1_31_442,Lymphoid-T
c_1_31_443,Lymphoid-T
c_1_31_444,Lymphoid-T
c_1_31_445,Lymphoid-T
c_1_31_446,Lymphoid-T
c_1_31_447,Lymphoid-T
c_1_31_448,Lymphoid-T
c_1_31_449,Lymphoid-T
c_1_31_450,Lymphoid-T
c_1_31_451,Lymphoid-T
c_1_31_452,Lymphoid-T
c_1_31_453,Lymphoid-DC
c_1_31_454,Lymphoid-T
c_1_31_455,Lymphoid-T
c_1_31_456,Lymphoid-T
c_1_31_457,Lymphoid-T
c_1_31_458,Lymphoid-T
c_1_31_459,Lymphoid-T
c_1_31_460,Lymphoid-T
c_1_31_461,Lymphoid-T
c_1_31_462,Endothelial
c_1_31_463,Lymphoid-B
c_1_31_464,Lymphoid-T
c_1_31_465,Lymphoid-T
c_1_31_466,Lymphoid-T
c_1_31_467,Lymphoid-T
c_1_31_468,Lymphoid-T
c_1_31_469,Lymphoid-Other
c_1_31_470,Lymphoid-T
c_1_31_471,Lymphoid-T
c_1_31_472,Lymphoid-T
c_1_31_473,Lymphoid-T
c_1_31_474,Lymphoid-DC
c_1_31_475,Lymphoid-T
c_1_31_476,Endothelial
c_1_31_477,Lymphoid-Other
c_1_31_478,Lymphoid-T
c_1_31_479,Lymphoid-T
c_1_31_480,Lymphoid-T
c_1_31_481,Lymphoid-T
c_1_31_482,Lymphoid-T
c_1_31_483,Lymphoid-Other
c_1_31_484,Lymphoid-DC
c_1_31_485,Lymphoid-T
c_1_31_486,Lymphoid-T
c_1_31_487,Lymphoid-T
c_1_31_488,Lymphoid-Other
c_1_31_489,Lymphoid-T
c_1_31_490,Lymphoid-Other
c_1_31_491,Lymphoid-Other
c_1_31_492,Lymphoid-Other
c_1_31_493,Lymphoid-T
c_1_31_494,Lymphoid-T
c_1_31_495,Lymphoid-T
c_1_31_496,Lymphoid-T
c_1_31_497,Lymphoid-T
c_1_31_498,Lymphoid-Other
c_1_31_499,Lymphoid-T
c_1_31_500,Lymphoid-T
c_1_31_501,Lymphoid-Other
c_1_31_502,Lymphoid-Other
c_1_31_503,Lymphoid-DC
c_1_31_504,Lymphoid-DC
c_1_31_505,Lymphoid-T
c_1_31_506,Lymphoid-T
c_1_31_507,Lymphoid-Other
c_1_31_508,Lymphoid-DC
c_1_31_509,Lymphoid-T
c_1_31_510,Lymphoid-Plasma
c_1_31_511,Lymphoid-T
c_1_31_512,Lymphoid-Other
c_1_31_513,Lymphoid-T
c_1_31_514,Lymphoid-DC
c_1_31_515,Lymphoid-DC
c_1_31_516,Lymphoid-Other
c_1_31_517,Lymphoid-T
c_1_31_518,Lymphoid-T
c_1_31_519,Lymphoid-T
c_1_31_520,Lymphoid-Other
c_1_31_521,Lymphoid-T
c_1_31_522,Lymphoid-T
c_1_31_523,Lymphoid-T
c_1_31_524,Lymphoid-T
c_1_31_525,None
c_1_31_526,Lymphoid-T
c_1_31_527,Lymphoid-T
c_1_31_528,Lymphoid-T
c_1_31_529,Lymphoid-T
c_1_31_530,Lymphoid-T
c_1_31_531,Lymphoid-T
c_1_31_532,Lymphoid-T
c_1_31_533,Lymphoid-T
c_1_31_534,Lymphoid-T
c_1_31_535,Lymphoid-Other
c_1_31_536,Endothelial
c_1_31_537,Lymphoid-T
c_1_31_538,Lymphoid-T
c_1_31_539,Lymphoid-T
c_1_31_540,Lymphoid-T
c_1_31_541,Lymphoid-T
c_1_31_542,Lymphoid-T
c_1_31_543,Lymphoid-DC
c_1_31_544,Lymphoid-T
c_1_31_545,Lymphoid-DC
c_1_31_546,Lymphoid-T
c_1_31_547,Lymphoid-T
c_1_31_548,Lymphoid-B
c_1_31_549,Lymphoid-T
c_1_31_550,Lymphoid-T
c_1_31_551,Lymphoid-T
c_1_31_552,Lymphoid-T
c_1_31_553,Lymphoid-T
c_1_31_554,Lymphoid-T
c_1_31_555,Lymphoid-T
c_1_31_556,Lymphoid-Other
c_1_31_557,Lymphoid-T
c_1_31_558,Lymphoid-T
c_1_31_559,Lymphoid-Other
c_1_31_560,Lymphoid-T
c_1_31_561,Lymphoid-Other
c_1_31_562,Lymphoid-Other
c_1_31_563,Lymphoid-T
c_1_31_564,Lymphoid-T
c_1_31_565,Endothelial
c_1_31_566,Lymphoid-Other
c_1_31_567,Lymphoid-T
c_1_31_568,Lymphoid-Other
c_1_31_569,Lymphoid-T
c_1_31_570,Lymphoid-Other
c_1_31_571,Lymphoid-T
c_1_31_572,Lymphoid-DC
c_1_31_573,Endothelial
c_1_31_574,Endothelial
c_1_31_575,Lymphoid-Other
c_1_31_576,Lymphoid-T
c_1_31_577,Lymphoid-T
c_1_31_578,Lymphoid-T
c_1_31_579,Lymphoid-T
c_1_31_580,Lymphoid-T
c_1_31_581,Lymphoid-T
c_1_31_582,Lymphoid-T
c_1_31_583,Lymphoid-T
c_1_31_584,Endothelial
c_1_31_585,Lymphoid-T
c_1_31_586,Lymphoid-T
c_1_31_587,Lymphoid-T
c_1_31_588,Lymphoid-T
c_1_31_589,Lymphoid-DC
c_1_31_590,Lymphoid-T
c_1_31_591,Lymphoid-DC
c_1_31_592,Lymphoid-T
c_1_31_593,Lymphoid-T
c_1_31_594,Lymphoid-T
c_1_31_595,Lymphoid-T
c_1_31_596,Lymphoid-T
c_1_31_597,Lymphoid-T
c_1_31_598,Lymphoid-T
c_1_31_599,Lymphoid-T
c_1_31_600,Lymphoid-T
c_1_31_601,Lymphoid-T
c_1_31_602,Lymphoid-T
c_1_31_603,Lymphoid-T
c_1_31_604,Lymphoid-T
c_1_31_605,Lymphoid-Other
c_1_31_606,Lymphoid-Other
c_1_31_607,Lymphoid-T
c_1_31_608,Lymphoid-T
c_1_31_609,Lymphoid-T
c_1_31_610,Lymphoid-T
c_1_31_611,Mesenchymal-Stromal
c_1_31_612,Lymphoid-Other
c_1_31_613,Lymphoid-Other
c_1_31_614,Lymphoid-T
c_1_31_615,Lymphoid-T
c_1_31_616,Lymphoid-Other
c_1_31_617,Lymphoid-T
c_1_31_618,Lymphoid-Other
c_1_31_619,Lymphoid-T
c_1_31_620,Lymphoid-Other
c_1_31_621,Lymphoid-T
c_1_31_622,Lymphoid-T
c_1_31_623,Lymphoid-T
c_1_31_624,Lymphoid-T
c_1_31_625,Lymphoid-T
c_1_31_626,Lymphoid-T
c_1_31_627,Lymphoid-DC
c_1_31_628,Lymphoid-T
c_1_31_629,Lymphoid-T
c_1_31_630,Lymphoid-Plasma
c_1_31_631,Lymphoid-T
c_1_31_632,Lymphoid-T
c_1_31_633,Lymphoid-DC
c_1_31_634,Lymphoid-T
c_1_31_635,Lymphoid-T
c_1_31_636,Lymphoid-T
c_1_31_637,Lymphoid-T
c_1_31_638,Lymphoid-T
c_1_31_639,Lymphoid-T
c_1_31_640,Lymphoid-Other
c_1_31_641,Lymphoid-T
c_1_31_642,Lymphoid-T
c_1_31_643,Lymphoid-T
c_1_31_644,Lymphoid-T
c_1_31_645,Lymphoid-T
c_1_31_646,Lymphoid-T
c_1_31_647,Lymphoid-T
c_1_31_648,Lymphoid-T
c_1_31_649,Lymphoid-T
c_1_31_650,Lymphoid-T
c_1_31_651,Lymphoid-Other
c_1_31_652,Lymphoid-T
c_1_31_653,Lymphoid-DC
c_1_31_654,Lymphoid-T
c_1_31_655,Lymphoid-T
c_1_31_656,Lymphoid-T
c_1_31_657,Mesenchymal-Stromal
c_1_31_658,Lymphoid-T
c_1_31_659,Lymphoid-Other
c_1_31_660,Lymphoid-T
c_1_31_661,Lymphoid-T
c_1_31_662,Lymphoid-T
c_1_31_663,Lymphoid-T
c_1_31_664,Lymphoid-T
c_1_31_665,Lymphoid-T
c_1_31_666,Lymphoid-T
c_1_31_667,Lymphoid-T
c_1_31_668,Endothelial
c_1_31_669,Lymphoid-T
c_1_31_670,Lymphoid-T
c_1_31_671,Lymphoid-T
c_1_31_672,Lymphoid-T
c_1_31_673,Lymphoid-T
c_1_31_674,Lymphoid-T
c_1_31_675,Lymphoid-Other
c_1_31_676,Lymphoid-T
c_1_31_677,Lymphoid-DC
c_1_31_678,Lymphoid-T
c_1_31_679,Lymphoid-T
c_1_31_680,Lymphoid-DC
c_1_31_681,Lymphoid-T
c_1_31_682,Lymphoid-Other
c_1_31_683,Lymphoid-Other
c_1_31_684,Lymphoid-T
c_1_31_685,Lymphoid-T
c_1_31_686,Lymphoid-T
c_1_31_687,Lymphoid-T
c_1_31_688,Lymphoid-T
c_1_31_689,Lymphoid-T
c_1_31_690,Lymphoid-T
c_1_31_691,Lymphoid-Other
c_1_31_692,Lymphoid-T
c_1_31_693,Lymphoid-T
c_1_31_694,Mesenchymal-Stromal
c_1_31_695,Lymphoid-T
c_1_31_696,Lymphoid-DC
c_1_31_697,Endothelial
c_1_31_698,Lymphoid-T
c_1_31_699,Lymphoid-T
c_1_31_700,Lymphoid-T
c_1_31_701,Lymphoid-T
c_1_31_702,Lymphoid-Other
c_1_31_703,Lymphoid-T
c_1_31_704,Lymphoid-Other
c_1_31_705,Lymphoid-DC
c_1_31_706,Lymphoid-Other
c_1_31_707,Lymphoid-T
c_1_31_708,Lymphoid-Other
c_1_31_709,Lymphoid-Other
c_1_31_710,Lymphoid-T
c_1_31_711,Lymphoid-T
c_1_31_712,Lymphoid-T
c_1_31_713,Endothelial
c_1_31_714,Lymphoid-T
c_1_31_715,Lymphoid-T
c_1_31_716,Lymphoid-T
c_1_31_717,Lymphoid-T
c_1_31_718,Lymphoid-T
c_1_31_719,Lymphoid-T
c_1_31_720,Lymphoid-T
c_1_31_721,Lymphoid-T
c_1_31_722,Lymphoid-T
c_1_31_723,Lymphoid-T
c_1_31_724,Lymphoid-Plasma
c_1_31_725,Lymphoid-Other
c_1_31_726,Lymphoid-Other
c_1_31_727,Lymphoid-T
c_1_31_728,Lymphoid-Other
c_1_31_729,Lymphoid-T
c_1_31_730,Lymphoid-DC
c_1_31_731,Myeloid
c_1_31_732,Lymphoid-Other
c_1_31_733,Lymphoid-T
c_1_31_734,Lymphoid-T
c_1_31_735,Lymphoid-T
c_1_31_736,Lymphoid-T
c_1_31_737,Lymphoid-Plasma
c_1_31_738,Lymphoid-Other
c_1_31_739,Lymphoid-Other
c_1_31_740,Lymphoid-T
c_1_31_741,Lymphoid-T
c_1_31_742,Lymphoid-T
c_1_31_743,Lymphoid-T
c_1_31_744,Lymphoid-Other
c_1_31_745,Lymphoid-T
c_1_31_746,Lymphoid-T
c_1_31_747,Lymphoid-T
c_1_31_748,Lymphoid-T
c_1_31_749,Lymphoid-T
c_1_31_750,Lymphoid-T
c_1_31_751,Lymphoid-T
c_1_31_752,Lymphoid-T
c_1_31_753,Lymphoid-T
c_1_31_754,Lymphoid-T
c_1_31_755,Lymphoid-T
c_1_31_756,Lymphoid-T
c_1_31_757,Lymphoid-T
c_1_31_758,Lymphoid-T
c_1_31_759,Lymphoid-DC
c_1_31_760,Lymphoid-T
c_1_31_761,Lymphoid-T
c_1_31_762,Lymphoid-T
c_1_31_763,Lymphoid-Other
c_1_31_764,Lymphoid-T
c_1_31_765,Lymphoid-T
c_1_31_766,Lymphoid-T
c_1_31_767,Lymphoid-T
c_1_31_768,Lymphoid-T
c_1_31_769,Lymphoid-T
c_1_31_770,Lymphoid-T
c_1_31_771,Lymphoid-T
c_1_31_772,Lymphoid-T
c_1_31_773,Lymphoid-T
c_1_31_774,Lymphoid-T
c_1_31_775,Lymphoid-T
c_1_31_776,Lymphoid-T
c_1_31_777,Lymphoid-Other
c_1_31_778,Lymphoid-T
c_1_31_779,Lymphoid-T
c_1_31_780,Lymphoid-T
c_1_31_781,Lymphoid-T
c_1_31_782,Lymphoid-T
c_1_31_783,Lymphoid-T
c_1_31_784,Lymphoid-Other
c_1_31_785,Lymphoid-T
c_1_31_786,Lymphoid-T
c_1_31_787,Lymphoid-T
c_1_31_788,Lymphoid-T
c_1_31_789,Lymphoid-T
c_1_31_790,Lymphoid-T
c_1_31_791,Lymphoid-T
c_1_31_792,Lymphoid-T
c_1_31_793,Lymphoid-T
c_1_31_794,Lymphoid-T
c_1_31_795,Lymphoid-T
c_1_31_796,Lymphoid-Other
c_1_31_797,Lymphoid-DC
c_1_31_798,Lymphoid-T
c_1_31_799,Lymphoid-DC
c_1_31_800,Lymphoid-T
c_1_31_801,Lymphoid-T
c_1_31_802,Lymphoid-Other
c_1_31_803,Lymphoid-Other
c_1_31_804,Lymphoid-DC
c_1_31_805,Lymphoid-T
c_1_31_806,Lymphoid-T
c_1_31_807,Lymphoid-T
c_1_31_808,Lymphoid-Other
c_1_31_809,Lymphoid-T
c_1_31_810,Lymphoid-T
c_1_31_811,Lymphoid-DC
c_1_31_812,Lymphoid-T
c_1_31_813,Lymphoid-T
c_1_31_814,Lymphoid-T
c_1_31_815,Lymphoid-T
c_1_31_816,Lymphoid-T
c_1_31_817,Lymphoid-T
c_1_31_818,None
c_1_31_819,Lymphoid-T
c_1_31_820,Lymphoid-Other
c_1_31_821,Lymphoid-T
c_1_31_822,Lymphoid-T
c_1_31_823,Lymphoid-T
c_1_31_824,Lymphoid-T
c_1_31_825,Lymphoid-T
c_1_31_826,Lymphoid-T
c_1_31_827,Lymphoid-T
c_1_31_828,Lymphoid-T
c_1_31_829,Lymphoid-T
c_1_31_830,Lymphoid-T
c_1_31_831,Lymphoid-T
c_1_31_832,Lymphoid-Other
c_1_31_833,Lymphoid-Other
c_1_31_834,Lymphoid-T
c_1_31_835,Lymphoid-T
c_1_31_836,Lymphoid-T
c_1_31_837,Lymphoid-Other
c_1_31_838,Lymphoid-T
c_1_31_839,Lymphoid-DC
c_1_31_840,Lymphoid-T
c_1_31_841,Lymphoid-Other
c_1_31_842,Lymphoid-Other
c_1_31_843,Lymphoid-T
c_1_31_844,Lymphoid-T
c_1_31_845,Lymphoid-T
c_1_31_846,Lymphoid-T
c_1_31_847,Lymphoid-T
c_1_31_848,Lymphoid-T
c_1_31_849,Lymphoid-T
c_1_31_850,Lymphoid-Other
c_1_31_851,Lymphoid-B
c_1_31_852,Lymphoid-T
c_1_31_853,Lymphoid-DC
c_1_31_854,Lymphoid-T
c_1_31_855,Lymphoid-T
c_1_31_856,Lymphoid-T
c_1_31_857,Lymphoid-T
c_1_31_858,Lymphoid-Other
c_1_31_859,Lymphoid-T
c_1_31_860,Lymphoid-T
c_1_31_861,Lymphoid-T
c_1_31_862,Lymphoid-T
c_1_31_863,Lymphoid-T
c_1_31_864,Lymphoid-T
c_1_31_865,Lymphoid-T
c_1_31_866,Lymphoid-T
c_1_31_867,Lymphoid-DC
c_1_31_868,Lymphoid-T
c_1_31_869,Lymphoid-DC
c_1_31_870,Lymphoid-DC
c_1_31_871,Lymphoid-T
c_1_31_872,Lymphoid-T
c_1_31_873,Lymphoid-T
c_1_31_874,Lymphoid-T
c_1_31_875,Lymphoid-T
c_1_31_876,Lymphoid-Other
c_1_31_877,Lymphoid-DC
c_1_31_878,Lymphoid-Other
c_1_31_879,Lymphoid-DC
c_1_31_880,Lymphoid-DC
c_1_31_881,Lymphoid-T
c_1_31_882,Lymphoid-T
c_1_31_883,Lymphoid-T
c_1_31_884,Lymphoid-T
c_1_31_885,Lymphoid-T
c_1_31_886,Lymphoid-T
c_1_31_887,Lymphoid-Other
c_1_31_888,Lymphoid-T
c_1_31_889,Lymphoid-DC
c_1_31_890,Lymphoid-Other
c_1_31_891,Lymphoid-T
c_1_31_892,Lymphoid-Other
c_1_31_893,Lymphoid-T
c_1_31_894,Lymphoid-Other
c_1_31_895,Lymphoid-T
c_1_31_896,Lymphoid-Other
c_1_31_897,Lymphoid-T
c_1_31_898,Lymphoid-T
c_1_31_899,Lymphoid-T
c_1_31_900,Lymphoid-T
c_1_31_901,Lymphoid-Other
c_1_31_902,Lymphoid-T
c_1_31_903,Lymphoid-Other
c_1_31_904,Lymphoid-T
c_1_31_905,Lymphoid-T
c_1_31_906,Lymphoid-Other
c_1_31_907,Lymphoid-DC
c_1_31_908,Lymphoid-T
c_1_31_909,Myeloid
c_1_31_910,Lymphoid-DC
c_1_31_911,Lymphoid-T
c_1_31_912,Lymphoid-Other
c_1_31_913,Lymphoid-T
c_1_31_914,Lymphoid-T
c_1_31_915,Lymphoid-DC
c_1_31_916,Lymphoid-Other
c_1_31_917,Lymphoid-T
c_1_31_918,Lymphoid-Other
c_1_31_919,Lymphoid-Other
c_1_31_920,Lymphoid-T
c_1_31_921,Lymphoid-T
c_1_31_922,Lymphoid-DC
c_1_31_923,Lymphoid-Other
c_1_31_924,Lymphoid-T
c_1_31_925,Lymphoid-T
c_1_31_926,Lymphoid-T
c_1_31_927,Lymphoid-DC
c_1_31_928,Lymphoid-Other
c_1_31_929,Lymphoid-DC
c_1_31_930,Lymphoid-T
c_1_31_931,Lymphoid-B
c_1_31_932,Lymphoid-Other
c_1_31_933,Lymphoid-T
c_1_31_934,Lymphoid-T
c_1_31_935,Lymphoid-Other
c_1_31_936,Lymphoid-Other
c_1_31_937,Lymphoid-T
c_1_31_938,Lymphoid-DC
c_1_31_939,Lymphoid-DC
c_1_31_940,Lymphoid-T
c_1_31_941,Lymphoid-T
c_1_31_942,Lymphoid-T
c_1_31_943,Lymphoid-T
c_1_31_944,Lymphoid-T
c_1_31_945,Lymphoid-T
c_1_31_946,Lymphoid-T
c_1_31_947,Lymphoid-T
c_1_31_948,Lymphoid-Other
c_1_31_949,Lymphoid-T
c_1_31_950,Lymphoid-T
c_1_31_951,Lymphoid-T
c_1_31_952,Lymphoid-T
c_1_31_953,Lymphoid-T
c_1_31_954,Lymphoid-T
c_1_31_955,Lymphoid-T
c_1_31_956,Lymphoid-Other
c_1_31_957,Lymphoid-T
c_1_31_958,Lymphoid-T
c_1_31_959,Lymphoid-DC
c_1_31_960,Lymphoid-DC
c_1_31_961,Lymphoid-T
c_1_31_962,Lymphoid-T
c_1_31_963,Lymphoid-Other
c_1_31_964,Lymphoid-T
c_1_31_965,Lymphoid-Other
c_1_31_966,Lymphoid-T
c_1_31_967,Lymphoid-T
c_1_31_968,Lymphoid-Other
c_1_31_969,Lymphoid-T
c_1_31_970,Lymphoid-T
c_1_31_971,Lymphoid-DC
c_1_31_972,Lymphoid-T
c_1_31_973,Lymphoid-T
c_1_31_974,Lymphoid-T
c_1_31_975,Lymphoid-T
c_1_31_976,Lymphoid-T
c_1_31_977,Lymphoid-T
c_1_31_978,Lymphoid-DC
c_1_31_979,Lymphoid-Other
c_1_31_980,Lymphoid-T
c_1_31_981,Lymphoid-T
c_1_31_982,Lymphoid-Other
c_1_31_983,Lymphoid-T
c_1_31_984,Lymphoid-T
c_1_31_985,Lymphoid-T
c_1_31_986,Lymphoid-T
c_1_31_987,Lymphoid-T
c_1_31_988,Lymphoid-T
c_1_31_989,Lymphoid-DC
c_1_31_990,Myeloid
c_1_31_991,Lymphoid-DC
c_1_31_992,Lymphoid-T
c_1_31_993,Lymphoid-T
c_1_31_994,Lymphoid-T
c_1_31_995,Lymphoid-T
c_1_31_996,Lymphoid-Other
c_1_31_997,Lymphoid-Other
c_1_31_998,Lymphoid-T
c_1_31_999,Lymphoid-T
c_1_31_1000,Lymphoid-Other
c_1_31_1001,Lymphoid-T
c_1_31_1002,Lymphoid-T
c_1_31_1003,Lymphoid-DC
c_1_31_1004,Lymphoid-T
c_1_31_1005,Lymphoid-T
c_1_31_1006,Lymphoid-T
c_1_31_1007,Lymphoid-T
c_1_31_1008,Lymphoid-T
c_1_31_1009,Lymphoid-T
c_1_31_1010,Lymphoid-T
c_1_31_1011,Lymphoid-T
c_1_31_1012,Lymphoid-T
c_1_31_1013,Lymphoid-T
c_1_31_1014,Lymphoid-T
c_1_31_1015,Lymphoid-Other
c_1_31_1016,Lymphoid-Other
c_1_31_1017,Lymphoid-DC
c_1_31_1018,Lymphoid-Other
c_1_31_1019,Lymphoid-T
c_1_31_1020,Lymphoid-T
c_1_31_1021,Lymphoid-T
c_1_31_1022,Lymphoid-T
c_1_31_1023,Lymphoid-Other
c_1_31_1024,Lymphoid-DC
c_1_31_1025,Lymphoid-DC
c_1_31_1026,Lymphoid-T
c_1_31_1027,Lymphoid-T
c_1_31_1028,Lymphoid-T
c_1_31_1029,Lymphoid-Other
c_1_31_1030,Lymphoid-T
c_1_31_1031,Lymphoid-Other
c_1_31_1032,Lymphoid-T
c_1_31_1033,Lymphoid-T
c_1_31_1034,Lymphoid-Other
c_1_31_1035,Lymphoid-Other
c_1_31_1036,Lymphoid-T
c_1_31_1037,Lymphoid-T
c_1_31_1038,Lymphoid-T
c_1_31_1039,Endothelial
c_1_31_1040,Lymphoid-T
c_1_31_1041,Lymphoid-T
c_1_31_1042,Lymphoid-Other
c_1_31_1043,Lymphoid-Other
c_1_31_1044,Lymphoid-T
c_1_31_1045,Lymphoid-T
c_1_31_1046,Lymphoid-Other
c_1_31_1047,Lymphoid-T
c_1_31_1048,Lymphoid-T
c_1_31_1049,Lymphoid-T
c_1_31_1050,Lymphoid-B
c_1_31_1051,Lymphoid-Other
c_1_31_1052,Lymphoid-B
c_1_31_1053,Lymphoid-Other
c_1_31_1054,Lymphoid-T
c_1_31_1055,Lymphoid-T
c_1_31_1056,Lymphoid-DC
c_1_31_1057,Lymphoid-Other
c_1_31_1058,Lymphoid-T
c_1_31_1059,Lymphoid-T
c_1_31_1060,Lymphoid-Other
c_1_31_1061,Lymphoid-DC
c_1_31_1062,Lymphoid-Other
c_1_31_1063,Lymphoid-Other
c_1_31_1064,Lymphoid-T
c_1_31_1065,Lymphoid-Other
c_1_31_1066,Lymphoid-T
c_1_31_1067,Lymphoid-T
c_1_31_1068,Lymphoid-T
c_1_31_1069,Lymphoid-T
c_1_31_1070,Lymphoid-T
c_1_31_1071,Lymphoid-T
c_1_31_1072,Lymphoid-Other
c_1_31_1073,Lymphoid-T
c_1_31_1074,Lymphoid-Other
c_1_31_1075,Lymphoid-T
c_1_31_1076,Lymphoid-T
c_1_31_1077,Lymphoid-T
c_1_31_1078,Lymphoid-T
c_1_31_1079,None
c_1_31_1080,Lymphoid-Other
c_1_31_1081,Lymphoid-T
c_1_31_1082,Lymphoid-Other
c_1_31_1083,Lymphoid-T
c_1_31_1084,Lymphoid-Other
c_1_31_1085,Lymphoid-T
c_1_31_1086,None
c_1_31_1087,Lymphoid-T
c_1_31_1088,Lymphoid-T
c_1_31_1089,Lymphoid-T
c_1_31_1090,Lymphoid-T
c_1_31_1091,Lymphoid-Other
c_1_31_1092,Lymphoid-T
c_1_31_1093,Lymphoid-T
c_1_31_1094,Lymphoid-T
c_1_31_1095,Lymphoid-T
c_1_31_1096,Lymphoid-T
c_1_31_1097,Lymphoid-T
c_1_31_1098,Lymphoid-Other
c_1_31_1099,Lymphoid-Other
c_1_31_1100,Lymphoid-T
c_1_31_1101,Lymphoid-B
c_1_31_1102,Lymphoid-T
c_1_31_1103,Lymphoid-DC
c_1_31_1104,Lymphoid-Other
c_1_31_1105,Myeloid
c_1_31_1106,Lymphoid-T
c_1_31_1107,Lymphoid-T
c_1_31_1108,Lymphoid-Other
c_1_31_1109,Lymphoid-T
c_1_31_1110,Lymphoid-T
c_1_31_1111,Lymphoid-T
c_1_31_1112,Lymphoid-Other
c_1_31_1113,Lymphoid-T
c_1_31_1114,Lymphoid-T
c_1_31_1115,Lymphoid-Other
c_1_31_1116,Lymphoid-T
c_1_31_1117,Lymphoid-T
c_1_31_1118,Lymphoid-DC
c_1_31_1119,Lymphoid-Other
c_1_31_1120,Endothelial
c_1_31_1121,Lymphoid-T
c_1_31_1122,Lymphoid-Other
c_1_31_1123,Lymphoid-T
c_1_31_1124,Lymphoid-T
c_1_31_1125,Lymphoid-T
c_1_31_1126,Lymphoid-Other
c_1_31_1127,Lymphoid-Other
c_1_31_1128,Lymphoid-T
c_1_31_1129,Lymphoid-T
c_1_31_1130,None
c_1_31_1131,Lymphoid-T
c_1_31_1132,Lymphoid-T
c_1_31_1133,Lymphoid-T
c_1_31_1134,Endothelial
c_1_31_1135,Lymphoid-T
c_1_31_1136,Lymphoid-T
c_1_31_1137,Lymphoid-T
c_1_31_1138,Lymphoid-Other
c_1_31_1139,Lymphoid-T
c_1_31_1140,Lymphoid-T
c_1_31_1141,Lymphoid-T
c_1_31_1142,Lymphoid-T
c_1_31_1143,Lymphoid-T
c_1_31_1144,Lymphoid-T
c_1_31_1145,Lymphoid-T
c_1_31_1146,Mesenchymal-Stromal
c_1_31_1147,Lymphoid-B
c_1_31_1148,Lymphoid-Other
c_1_31_1149,Lymphoid-Other
c_1_31_1150,Lymphoid-T
c_1_31_1151,Lymphoid-T
c_1_31_1152,Lymphoid-DC
c_1_31_1153,Lymphoid-T
c_1_31_1154,Lymphoid-Other
c_1_31_1155,Lymphoid-T
c_1_31_1156,Lymphoid-T
c_1_31_1157,Lymphoid-T
c_1_31_1158,Lymphoid-T
c_1_31_1159,Lymphoid-T
c_1_31_1160,Lymphoid-T
c_1_31_1161,Lymphoid-Other
c_1_31_1162,Lymphoid-T
c_1_31_1163,Lymphoid-Other
c_1_31_1164,Lymphoid-T
c_1_31_1165,Lymphoid-T
c_1_31_1166,Lymphoid-Other
c_1_31_1167,Lymphoid-T
c_1_31_1168,Lymphoid-DC
c_1_31_1169,Lymphoid-T
c_1_31_1170,Lymphoid-T
c_1_31_1171,Lymphoid-T
c_1_31_1172,Lymphoid-T
c_1_31_1173,Lymphoid-Other
c_1_31_1174,Lymphoid-T
c_1_31_1175,Lymphoid-T
c_1_31_1176,Lymphoid-T
c_1_31_1177,Lymphoid-T
c_1_31_1178,Lymphoid-T
c_1_31_1179,Lymphoid-T
c_1_31_1180,Lymphoid-T
c_1_31_1181,Lymphoid-T
c_1_31_1182,Lymphoid-T
c_1_31_1183,Lymphoid-T
c_1_31_1184,Lymphoid-B
c_1_31_1185,Lymphoid-T
c_1_31_1186,Lymphoid-Other
c_1_31_1187,Lymphoid-T
c_1_31_1188,Lymphoid-T
c_1_31_1189,Lymphoid-T
c_1_31_1190,Lymphoid-T
c_1_31_1191,Lymphoid-Other
c_1_31_1192,Lymphoid-T
c_1_31_1193,Lymphoid-DC
c_1_31_1194,Lymphoid-T
c_1_31_1195,Lymphoid-Other
c_1_31_1196,Lymphoid-T
c_1_31_1197,Lymphoid-T
c_1_31_1198,Lymphoid-T
c_1_31_1199,Lymphoid-T
c_1_31_1200,Lymphoid-T
c_1_31_1201,Lymphoid-T
c_1_31_1202,Lymphoid-T
c_1_31_1203,Lymphoid-Other
c_1_31_1204,Lymphoid-B
c_1_31_1205,Lymphoid-T
c_1_31_1206,Lymphoid-T
c_1_31_1207,Lymphoid-T
c_1_31_1208,Lymphoid-T
c_1_31_1209,Lymphoid-T
c_1_31_1210,Endothelial
c_1_31_1211,Lymphoid-T
c_1_31_1212,Lymphoid-T
c_1_31_1213,Lymphoid-T
c_1_31_1214,Lymphoid-T
c_1_31_1215,Lymphoid-T
c_1_31_1216,Lymphoid-T
c_1_31_1217,Lymphoid-T
c_1_31_1218,Lymphoid-Other
c_1_31_1219,Lymphoid-T
c_1_31_1220,Lymphoid-Other
c_1_31_1221,Lymphoid-T
c_1_31_1222,Lymphoid-T
c_1_31_1223,Lymphoid-Other
c_1_31_1224,Lymphoid-DC
c_1_31_1225,Lymphoid-T
c_1_31_1226,Myeloid
c_1_31_1227,Lymphoid-T
c_1_31_1228,Lymphoid-T
c_1_31_1229,Lymphoid-T
c_1_31_1230,Lymphoid-T
c_1_31_1231,Lymphoid-T
c_1_31_1232,Lymphoid-T
c_1_31_1233,Lymphoid-DC
c_1_31_1234,Lymphoid-Other
c_1_31_1235,Lymphoid-T
c_1_31_1236,Lymphoid-T
c_1_31_1237,Lymphoid-T
c_1_31_1238,Lymphoid-T
c_1_31_1239,Lymphoid-T
c_1_31_1240,Lymphoid-DC
c_1_31_1241,Lymphoid-Other
c_1_31_1242,Lymphoid-DC
c_1_31_1243,Lymphoid-Other
c_1_31_1244,Lymphoid-T
c_1_31_1245,Lymphoid-T
c_1_31_1246,Lymphoid-T
c_1_31_1247,Lymphoid-T
c_1_31_1248,Lymphoid-T
c_1_31_1249,Lymphoid-T
c_1_31_1250,Lymphoid-T
c_1_31_1251,Lymphoid-T
c_1_31_1252,Lymphoid-T
c_1_31_1253,Lymphoid-B
c_1_31_1254,Lymphoid-Other
c_1_31_1255,Lymphoid-T
c_1_31_1256,Lymphoid-T
c_1_31_1257,Lymphoid-Other
c_1_31_1258,Lymphoid-T
c_1_31_1259,Lymphoid-Other
c_1_31_1260,Lymphoid-T
c_1_31_1261,Endothelial
c_1_31_1262,Lymphoid-T
c_1_31_1263,Lymphoid-Other
c_1_31_1264,Lymphoid-T
c_1_31_1265,Lymphoid-T
c_1_31_1266,Lymphoid-DC
c_1_31_1267,Lymphoid-T
c_1_31_1268,Lymphoid-DC
c_1_31_1269,Lymphoid-T
c_1_31_1270,Lymphoid-T
c_1_31_1271,Lymphoid-Other
c_1_31_1272,Lymphoid-T
c_1_31_1273,Lymphoid-Other
c_1_31_1274,Lymphoid-T
c_1_31_1275,Lymphoid-Other
c_1_31_1276,Lymphoid-T
c_1_31_1277,Lymphoid-T
c_1_31_1278,Lymphoid-T
c_1_31_1279,Lymphoid-Other
c_1_31_1280,Lymphoid-Other
c_1_31_1281,Lymphoid-Other
c_1_31_1282,Lymphoid-T
c_1_31_1283,Lymphoid-T
c_1_31_1284,Lymphoid-T
c_1_31_1285,Lymphoid-Other
c_1_31_1286,Lymphoid-T
c_1_31_1287,Lymphoid-T
c_1_31_1288,Lymphoid-T
c_1_31_1289,Lymphoid-T
c_1_31_1290,Lymphoid-T
c_1_31_1291,Lymphoid-T
c_1_31_1292,Lymphoid-T
c_1_31_1293,Lymphoid-T
c_1_31_1294,Lymphoid-T
c_1_31_1295,Lymphoid-B
c_1_31_1296,Lymphoid-T
c_1_31_1297,Lymphoid-T
c_1_31_1298,Lymphoid-T
c_1_31_1299,Lymphoid-Other
c_1_31_1300,Lymphoid-T
c_1_31_1301,Lymphoid-DC
c_1_31_1302,Lymphoid-T
c_1_31_1303,Lymphoid-T
c_1_31_1304,Lymphoid-T
c_1_31_1305,Lymphoid-T
c_1_31_1306,Lymphoid-T
c_1_31_1307,Lymphoid-T
c_1_31_1308,Lymphoid-T
c_1_31_1309,Lymphoid-T
c_1_31_1310,Lymphoid-T
c_1_31_1311,Lymphoid-DC
c_1_31_1312,Lymphoid-Other
c_1_31_1313,Lymphoid-T
c_1_31_1314,Lymphoid-Other
c_1_31_1315,Lymphoid-T
c_1_31_1316,Lymphoid-T
c_1_31_1317,Lymphoid-Other
c_1_31_1318,Lymphoid-Other
c_1_31_1319,Lymphoid-Other
c_1_31_1320,Lymphoid-Other
c_1_31_1321,Lymphoid-T
c_1_31_1322,Lymphoid-T
c_1_31_1323,Lymphoid-T
c_1_31_1324,Lymphoid-Other
c_1_31_1325,Lymphoid-T
c_1_31_1326,Lymphoid-Other
c_1_31_1327,Lymphoid-Other
c_1_31_1328,Lymphoid-T
c_1_31_1329,Lymphoid-T
c_1_31_1330,Lymphoid-T
c_1_31_1331,Myeloid
c_1_31_1332,Lymphoid-T
c_1_31_1333,Lymphoid-T
c_1_31_1334,Lymphoid-T
c_1_31_1335,Lymphoid-Other
c_1_31_1336,Lymphoid-T
c_1_31_1337,Lymphoid-Other
c_1_31_1338,Lymphoid-Other
c_1_31_1339,Lymphoid-T
c_1_31_1340,Myeloid
c_1_31_1341,Lymphoid-Other
c_1_31_1342,Lymphoid-B
c_1_31_1343,Lymphoid-T
c_1_31_1344,Lymphoid-Other
c_1_31_1345,Lymphoid-DC
c_1_31_1346,Lymphoid-T
c_1_31_1347,Lymphoid-T
c_1_31_1348,Lymphoid-Other
c_1_31_1349,Lymphoid-Other
c_1_31_1350,Lymphoid-Other
c_1_31_1351,Lymphoid-Other
c_1_31_1352,Lymphoid-T
c_1_31_1353,Lymphoid-T
c_1_31_1354,Lymphoid-DC
c_1_31_1355,Lymphoid-T
c_1_31_1356,Lymphoid-T
c_1_31_1357,Lymphoid-T
c_1_31_1358,Lymphoid-T
c_1_31_1359,Lymphoid-Other
c_1_31_1360,Lymphoid-T
c_1_31_1361,Lymphoid-T
c_1_31_1362,Lymphoid-Other
c_1_31_1363,Lymphoid-T
c_1_31_1364,Lymphoid-T
c_1_31_1365,Lymphoid-T
c_1_31_1366,Lymphoid-Other
c_1_31_1367,Lymphoid-T
c_1_31_1368,Lymphoid-Other
c_1_31_1369,Lymphoid-Other
c_1_31_1370,Lymphoid-T
c_1_31_1371,Lymphoid-T
c_1_31_1372,Lymphoid-T
c_1_31_1373,Lymphoid-Other
c_1_31_1374,Lymphoid-Other
c_1_31_1375,Lymphoid-T
c_1_31_1376,Lymphoid-T
c_1_31_1377,Lymphoid-Other
c_1_31_1378,Lymphoid-T
c_1_31_1379,Lymphoid-T
c_1_31_1380,Lymphoid-Other
c_1_31_1381,Lymphoid-T
c_1_31_1382,Lymphoid-Other
c_1_31_1383,Lymphoid-DC
c_1_31_1384,Lymphoid-T
c_1_31_1385,Lymphoid-T
c_1_31_1386,Lymphoid-Other
c_1_31_1387,Lymphoid-T
c_1_31_1388,Lymphoid-T
c_1_31_1389,Lymphoid-T
c_1_31_1390,Lymphoid-Other
c_1_31_1391,Lymphoid-T
c_1_31_1392,Lymphoid-T
c_1_31_1393,Lymphoid-T
c_1_31_1394,Lymphoid-Other
c_1_31_1395,Lymphoid-T
c_1_31_1396,None
c_1_31_1397,Lymphoid-T
c_1_31_1398,Lymphoid-T
c_1_31_1399,Lymphoid-T
c_1_31_1400,Lymphoid-Other
c_1_31_1401,Lymphoid-Other
c_1_31_1402,Lymphoid-T
c_1_31_1403,Lymphoid-T
c_1_31_1404,Lymphoid-DC
c_1_31_1405,Lymphoid-T
c_1_31_1406,Lymphoid-T
c_1_31_1407,Lymphoid-Other
c_1_31_1408,Lymphoid-T
c_1_31_1409,Lymphoid-Other
c_1_31_1410,Lymphoid-DC
c_1_31_1411,Lymphoid-T
c_1_31_1412,Lymphoid-T
c_1_31_1413,Lymphoid-Other
c_1_31_1414,Lymphoid-Other
c_1_31_1415,Lymphoid-T
c_1_31_1416,Lymphoid-T
c_1_31_1417,Endothelial
c_1_31_1418,Lymphoid-Other
c_1_31_1419,Lymphoid-T
c_1_31_1420,Lymphoid-T
c_1_31_1421,Lymphoid-Other
c_1_31_1422,Lymphoid-DC
c_1_31_1423,Lymphoid-T
c_1_31_1424,Lymphoid-T
c_1_31_1425,Lymphoid-T
c_1_31_1426,Lymphoid-T
c_1_31_1427,Lymphoid-T
c_1_31_1428,Lymphoid-DC
c_1_31_1429,Lymphoid-T
c_1_31_1430,Lymphoid-T
c_1_31_1431,Lymphoid-T
c_1_31_1432,Lymphoid-Other
c_1_31_1433,Lymphoid-Other
c_1_31_1434,Lymphoid-Other
c_1_31_1435,Lymphoid-Other
c_1_31_1436,Myeloid
c_1_31_1437,Lymphoid-Other
c_1_31_1438,None
c_1_31_1439,Lymphoid-Other
c_1_31_1440,Lymphoid-T
c_1_31_1441,Lymphoid-T
c_1_31_1442,Lymphoid-T
c_1_31_1443,Lymphoid-T
c_1_31_1444,Lymphoid-DC
c_1_31_1445,Lymphoid-T
c_1_31_1446,Lymphoid-T
c_1_31_1447,Lymphoid-Other
c_1_31_1448,Lymphoid-T
c_1_31_1449,Lymphoid-T
c_1_31_1450,Lymphoid-T
c_1_31_1451,Lymphoid-T
c_1_31_1452,Lymphoid-T
c_1_31_1453,Lymphoid-T
c_1_31_1454,Lymphoid-Other
c_1_31_1455,Lymphoid-Other
c_1_31_1456,Lymphoid-T
c_1_31_1457,Lymphoid-T
c_1_31_1458,Lymphoid-T
c_1_31_1459,Lymphoid-Other
c_1_31_1460,Lymphoid-Other
c_1_31_1461,Lymphoid-T
c_1_31_1462,Lymphoid-T
c_1_31_1463,Lymphoid-T
c_1_31_1464,Lymphoid-T
c_1_31_1465,Lymphoid-Other
c_1_31_1466,None
c_1_31_1467,Lymphoid-T
c_1_31_1468,Lymphoid-Other
c_1_31_1469,Lymphoid-T
c_1_31_1470,Lymphoid-T
c_1_31_1471,Lymphoid-T
c_1_31_1472,Lymphoid-B
c_1_31_1473,Lymphoid-DC
c_1_31_1474,Lymphoid-T
c_1_31_1475,Lymphoid-T
c_1_31_1476,Lymphoid-T
c_1_31_1477,Lymphoid-T
c_1_31_1478,Lymphoid-T
c_1_31_1479,Lymphoid-DC
c_1_31_1480,Endothelial
c_1_31_1481,Lymphoid-T
c_1_31_1482,Lymphoid-T
c_1_31_1483,Lymphoid-T
c_1_31_1484,Lymphoid-T
c_1_31_1485,Lymphoid-T
c_1_31_1486,Lymphoid-T
c_1_31_1487,Lymphoid-T
c_1_31_1488,Lymphoid-Other
c_1_31_1489,Lymphoid-T
c_1_31_1490,Lymphoid-T
c_1_31_1491,Lymphoid-T
c_1_31_1492,Lymphoid-Other
c_1_31_1493,Lymphoid-Other
c_1_31_1494,Lymphoid-T
c_1_31_1495,Lymphoid-T
c_1_31_1496,Lymphoid-T
c_1_31_1497,Lymphoid-Other
c_1_31_1498,Endothelial
c_1_31_1499,Lymphoid-T
c_1_31_1500,Lymphoid-T
c_1_31_1501,Lymphoid-T
c_1_31_1502,Lymphoid-T
c_1_31_1503,Lymphoid-T
c_1_31_1504,Lymphoid-T
c_1_31_1505,Lymphoid-DC
c_1_31_1506,Lymphoid-DC
c_1_31_1507,Lymphoid-Other
c_1_31_1508,Lymphoid-T
c_1_31_1509,Lymphoid-Other
c_1_31_1510,Lymphoid-Other
c_1_31_1511,Lymphoid-Other
c_1_31_1512,Lymphoid-T
c_1_31_1513,Lymphoid-T
c_1_31_1514,Lymphoid-T
c_1_31_1515,Lymphoid-T
c_1_31_1516,Lymphoid-T
c_1_31_1517,Lymphoid-T
c_1_31_1518,Lymphoid-Other
c_1_31_1519,Lymphoid-T
c_1_31_1520,Lymphoid-Other
c_1_31_1521,Lymphoid-T
c_1_31_1522,Lymphoid-T
c_1_31_1523,Lymphoid-Other
c_1_31_1524,Lymphoid-Other
c_1_31_1525,Lymphoid-T
c_1_31_1526,Lymphoid-Other
c_1_31_1527,Lymphoid-T
c_1_31_1528,Lymphoid-T
c_1_31_1529,Lymphoid-Other
c_1_31_1530,Lymphoid-DC
c_1_31_1531,Lymphoid-DC
c_1_31_1532,Lymphoid-T
c_1_31_1533,Lymphoid-T
c_1_31_1534,Lymphoid-T
c_1_31_1535,Lymphoid-DC
c_1_31_1536,Lymphoid-Other
c_1_31_1537,Lymphoid-Other
c_1_31_1538,Lymphoid-Other
c_1_31_1539,Lymphoid-T
c_1_31_1540,Lymphoid-T
c_1_31_1541,Lymphoid-T
c_1_31_1542,Lymphoid-Other
c_1_31_1543,Lymphoid-T
c_1_31_1544,Lymphoid-T
c_1_31_1545,Lymphoid-T
c_1_31_1546,Lymphoid-Other
c_1_31_1547,Lymphoid-Other
c_1_31_1548,Lymphoid-T
c_1_31_1549,Lymphoid-T
c_1_31_1550,Lymphoid-Other
c_1_31_1551,Lymphoid-T
c_1_31_1552,Lymphoid-T
c_1_31_1553,Epithelial
c_1_31_1554,Lymphoid-T
c_1_31_1555,Lymphoid-T
c_1_31_1556,Lymphoid-T
c_1_31_1557,Lymphoid-T
c_1_31_1558,Lymphoid-T
c_1_31_1559,Lymphoid-Other
c_1_31_1560,Lymphoid-T
c_1_31_1561,Lymphoid-Other
c_1_31_1562,Lymphoid-T
c_1_31_1563,Lymphoid-Other
c_1_31_1564,Lymphoid-T
c_1_31_1565,Lymphoid-T
c_1_31_1566,Lymphoid-T
c_1_31_1567,Lymphoid-Other
c_1_31_1568,Lymphoid-T
c_1_31_1569,Lymphoid-T
c_1_31_1570,Lymphoid-Other
c_1_31_1571,Lymphoid-T
c_1_31_1572,Lymphoid-Other
c_1_31_1573,Lymphoid-Other
c_1_31_1574,Lymphoid-Other
c_1_31_1575,Lymphoid-T
c_1_31_1576,Lymphoid-T
c_1_31_1577,Lymphoid-T
c_1_31_1578,Lymphoid-Other
c_1_31_1579,Lymphoid-DC
c_1_31_1580,Lymphoid-T
c_1_31_1581,Lymphoid-T
c_1_31_1582,Lymphoid-Other
c_1_31_1583,Lymphoid-Other
c_1_31_1584,Lymphoid-T
c_1_31_1585,Lymphoid-T
c_1_31_1586,Lymphoid-T
c_1_31_1587,None
c_1_31_1588,Lymphoid-Other
c_1_31_1589,Lymphoid-Other
c_1_31_1590,Lymphoid-Other
c_1_31_1591,Lymphoid-DC
c_1_31_1592,Lymphoid-T
c_1_31_1593,Lymphoid-T
c_1_31_1594,Lymphoid-T
c_1_31_1595,Lymphoid-T
c_1_31_1596,Lymphoid-T
c_1_31_1597,Lymphoid-DC
c_1_31_1598,Lymphoid-T
c_1_31_1599,Lymphoid-Other
c_1_31_1600,Lymphoid-T
c_1_31_1601,Lymphoid-T
c_1_31_1602,Lymphoid-Other
c_1_31_1603,Lymphoid-DC
c_1_31_1604,Endothelial
c_1_31_1605,Lymphoid-Other
c_1_31_1606,Lymphoid-T
c_1_31_1607,Lymphoid-B
c_1_31_1608,Lymphoid-T
c_1_31_1609,Lymphoid-T
c_1_31_1610,Lymphoid-Other
c_1_31_1611,Lymphoid-T
c_1_31_1612,Lymphoid-T
c_1_31_1613,Lymphoid-Other
c_1_31_1614,Lymphoid-Other
c_1_31_1615,Lymphoid-T
c_1_31_1616,Lymphoid-T
c_1_31_1617,Lymphoid-T
c_1_31_1618,Lymphoid-T
c_1_31_1619,Lymphoid-Other
c_1_31_1620,Lymphoid-DC
c_1_31_1621,Lymphoid-DC
c_1_31_1622,Lymphoid-T
c_1_31_1623,Lymphoid-T
c_1_31_1624,Lymphoid-Other
c_1_31_1625,Lymphoid-T
c_1_31_1626,Lymphoid-DC
c_1_31_1627,Lymphoid-T
c_1_31_1628,Lymphoid-T
c_1_31_1629,Lymphoid-T
c_1_31_1630,Lymphoid-T
c_1_31_1631,Lymphoid-T
c_1_31_1632,Lymphoid-Other
c_1_31_1633,Lymphoid-Other
c_1_31_1634,Lymphoid-T
c_1_31_1635,Lymphoid-T
c_1_31_1636,Endothelial
c_1_31_1637,Lymphoid-T
c_1_31_1638,Lymphoid-T
c_1_31_1639,Lymphoid-Other
c_1_31_1640,Lymphoid-T
c_1_31_1641,Lymphoid-T
c_1_31_1642,Lymphoid-T
c_1_31_1643,Lymphoid-T
c_1_31_1644,Lymphoid-DC
c_1_31_1645,Lymphoid-T
c_1_31_1646,Lymphoid-DC
c_1_31_1647,Lymphoid-Other
c_1_31_1648,Lymphoid-T
c_1_31_1649,Lymphoid-Other
c_1_31_1650,Lymphoid-T
c_1_31_1651,Lymphoid-Other
c_1_31_1652,Lymphoid-T
c_1_31_1653,Lymphoid-Other
c_1_31_1654,Lymphoid-DC
c_1_31_1655,Lymphoid-B
c_1_31_1656,Lymphoid-DC
c_1_31_1657,Lymphoid-DC
c_1_31_1658,Lymphoid-T
c_1_31_1659,Lymphoid-T
c_1_31_1660,Lymphoid-Other
c_1_31_1661,Lymphoid-T
c_1_31_1662,Lymphoid-T
c_1_31_1663,Lymphoid-Other
c_1_31_1664,Lymphoid-Other
c_1_31_1665,Lymphoid-T
c_1_31_1666,Lymphoid-T
c_1_31_1667,Lymphoid-T
c_1_31_1668,Lymphoid-Other
c_1_31_1669,Lymphoid-T
c_1_31_1670,Lymphoid-Other
c_1_31_1671,Lymphoid-T
c_1_31_1672,Lymphoid-T
c_1_31_1673,Lymphoid-Other
c_1_31_1674,Lymphoid-Other
c_1_31_1675,Lymphoid-DC
c_1_31_1676,Lymphoid-Other
c_1_31_1677,Lymphoid-T
c_1_31_1678,Lymphoid-Other
c_1_31_1679,Lymphoid-Other
c_1_31_1680,Lymphoid-Other
c_1_31_1681,Lymphoid-Other
c_1_31_1682,Lymphoid-T
c_1_31_1683,Lymphoid-Other
c_1_31_1684,Lymphoid-Other
c_1_31_1685,Lymphoid-Other
c_1_31_1686,Lymphoid-T
c_1_31_1687,Lymphoid-Other
c_1_31_1688,Lymphoid-T
c_1_31_1689,Lymphoid-T
c_1_31_1690,Lymphoid-Other
c_1_31_1691,Lymphoid-T
c_1_31_1692,Lymphoid-Other
c_1_31_1693,Lymphoid-Other
c_1_31_1694,Lymphoid-DC
c_1_31_1695,Lymphoid-Other
c_1_31_1696,Lymphoid-Other
c_1_31_1697,Myeloid
c_1_31_1698,Lymphoid-Other
c_1_31_1699,Lymphoid-T
c_1_31_1700,Lymphoid-Other
c_1_31_1701,Lymphoid-T
c_1_31_1702,Lymphoid-Other
c_1_31_1703,Lymphoid-Other
c_1_31_1704,None
c_1_31_1705,Lymphoid-T
c_1_31_1706,Lymphoid-T
c_1_31_1707,Lymphoid-T
c_1_31_1708,Lymphoid-DC
c_1_31_1709,Lymphoid-T
c_1_31_1710,Lymphoid-T
c_1_31_1711,Lymphoid-T
c_1_31_1712,Lymphoid-T
c_1_31_1713,Lymphoid-T
c_1_31_1714,Lymphoid-T
c_1_31_1715,Lymphoid-T
c_1_31_1716,Lymphoid-T
c_1_31_1717,Lymphoid-T
c_1_31_1718,Lymphoid-DC
c_1_31_1719,Lymphoid-Other
c_1_31_1720,Lymphoid-T
c_1_31_1721,Lymphoid-T
c_1_31_1722,Lymphoid-T
c_1_31_1723,Lymphoid-T
c_1_31_1724,Lymphoid-Other
c_1_31_1725,Lymphoid-T
c_1_31_1726,Lymphoid-T
c_1_31_1727,Lymphoid-T
c_1_31_1728,Lymphoid-Other
c_1_31_1729,Lymphoid-DC
c_1_31_1730,Lymphoid-T
c_1_31_1731,Lymphoid-T
c_1_31_1732,Lymphoid-DC
c_1_31_1733,Lymphoid-Other
c_1_31_1734,Lymphoid-T
c_1_31_1735,Lymphoid-Other
c_1_31_1736,Lymphoid-T
c_1_31_1737,Lymphoid-T
c_1_31_1738,Lymphoid-DC
c_1_31_1739,Lymphoid-T
c_1_31_1740,Lymphoid-T
c_1_31_1741,Lymphoid-B
c_1_31_1742,Lymphoid-T
c_1_31_1743,Lymphoid-DC
c_1_31_1744,Lymphoid-Other
c_1_31_1745,Lymphoid-T
c_1_31_1746,Lymphoid-DC
c_1_31_1747,Lymphoid-Other
c_1_31_1748,Lymphoid-T
c_1_31_1749,Lymphoid-T
c_1_31_1750,Lymphoid-T
c_1_31_1751,Lymphoid-T
c_1_31_1752,Lymphoid-T
c_1_31_1753,Lymphoid-T
c_1_31_1754,Lymphoid-DC
c_1_31_1755,Lymphoid-T
c_1_31_1756,Lymphoid-DC
c_1_31_1757,None
c_1_31_1758,Lymphoid-Other
c_1_31_1759,Lymphoid-DC
c_1_31_1760,Lymphoid-DC
c_1_31_1761,Lymphoid-Other
c_1_31_1762,Myeloid
c_1_31_1763,Lymphoid-B
c_1_31_1764,Lymphoid-Other
c_1_31_1765,Lymphoid-Other
c_1_31_1766,Lymphoid-T
c_1_31_1767,Lymphoid-Other
c_1_31_1768,Lymphoid-T
c_1_31_1769,Lymphoid-T
c_1_31_1770,Lymphoid-T
c_1_31_1771,Lymphoid-DC
c_1_31_1772,Lymphoid-Other
c_1_31_1773,Lymphoid-T
c_1_31_1774,Lymphoid-Other
c_1_31_1775,Lymphoid-T
c_1_31_1776,Lymphoid-T
c_1_31_1777,Myeloid
c_1_31_1778,Lymphoid-T
c_1_31_1779,Lymphoid-Other
c_1_31_1780,Lymphoid-Other
c_1_31_1781,Lymphoid-DC
c_1_31_1782,Lymphoid-T
c_1_31_1783,Lymphoid-Other
c_1_31_1784,Lymphoid-T
c_1_31_1785,Lymphoid-T
c_1_31_1786,Lymphoid-T
c_1_31_1787,Lymphoid-Other
c_1_31_1788,Lymphoid-Other
c_1_31_1789,Lymphoid-Other
c_1_31_1790,Lymphoid-Other
c_1_31_1791,Lymphoid-T
c_1_31_1792,Lymphoid-DC
c_1_31_1793,Lymphoid-T
c_1_31_1794,Lymphoid-Other
c_1_31_1795,Lymphoid-Other
c_1_31_1796,Lymphoid-T
c_1_31_1797,Lymphoid-DC
c_1_31_1798,Lymphoid-T
c_1_31_1799,Lymphoid-Other
c_1_31_1800,Lymphoid-DC
c_1_31_1801,Lymphoid-T
c_1_31_1802,Lymphoid-T
c_1_31_1803,Lymphoid-T
c_1_31_1804,Lymphoid-T
c_1_31_1805,Lymphoid-T
c_1_31_1806,Lymphoid-T
c_1_31_1807,Lymphoid-DC
c_1_31_1808,Lymphoid-Other
c_1_31_1809,Lymphoid-Other
c_1_31_1810,Lymphoid-T
c_1_31_1811,Lymphoid-Other
c_1_31_1812,Lymphoid-T
c_1_31_1813,Lymphoid-T
c_1_31_1814,Lymphoid-Other
c_1_31_1815,Mesenchymal-Stromal
c_1_31_1816,Lymphoid-T
c_1_31_1817,Mesenchymal-Stromal
c_1_31_1818,Mesenchymal-Stromal
c_1_31_1819,Mesenchymal-Stromal
c_1_31_1820,None
c_1_31_1821,Lymphoid-Other
c_1_31_1822,Lymphoid-T
c_1_31_1823,Mesenchymal-Stromal
c_1_31_1824,Lymphoid-Other
c_1_31_1825,Lymphoid-Other
c_1_31_1826,Lymphoid-Other
c_1_31_1827,None
c_1_31_1828,Endothelial
c_1_31_1829,Lymphoid-Other
c_1_31_1830,Lymphoid-Other
c_1_31_1831,Lymphoid-Other
c_1_31_1832,None
c_1_31_1833,Lymphoid-T
c_1_31_1834,Lymphoid-Other
c_1_31_1835,None
c_1_31_1836,Lymphoid-Other
c_1_31_1837,Mesenchymal-Stromal
c_1_31_1838,Lymphoid-T
c_1_31_1839,Endothelial
c_1_31_1840,Lymphoid-T
c_1_31_1841,Endothelial
c_1_31_1842,Endothelial
c_1_31_1843,Lymphoid-T
c_1_31_1844,Endothelial
c_1_31_1845,Endothelial
c_1_31_1846,Lymphoid-T
c_1_31_1847,None
c_1_31_1848,Mesenchymal-Stromal
c_1_31_1849,Lymphoid-T
c_1_31_1850,Neuronal-Glial
c_1_31_1851,Lymphoid-T
c_1_31_1852,Lymphoid-T
c_1_31_1853,Lymphoid-T
c_1_31_1854,Mesenchymal-Stromal
c_1_31_1855,Mesenchymal-Stromal
c_1_31_1856,Lymphoid-Other
c_1_31_1857,Lymphoid-T
c_1_31_1858,Lymphoid-T
c_1_31_1859,Lymphoid-T
c_1_31_1860,Lymphoid-T
c_1_31_1861,Lymphoid-T
c_1_31_1862,None
c_1_31_1863,Lymphoid-T
c_1_31_1864,Lymphoid-T
c_1_31_1865,Mesenchymal-Stromal
c_1_31_1866,Endothelial
c_1_31_1867,None
c_1_31_1868,Lymphoid-Other
c_1_31_1869,Lymphoid-Other
c_1_31_1870,Lymphoid-T
c_1_31_1871,Lymphoid-T
c_1_31_1872,Mesenchymal-Stromal
c_1_31_1873,Lymphoid-Other
c_1_31_1874,Endothelial
c_1_31_1875,Myeloid
c_1_31_1876,None
c_1_31_1877,Lymphoid-T
c_1_31_1878,Endothelial
c_1_31_1879,Mesenchymal-Stromal
c_1_31_1880,Lymphoid-T
c_1_31_1881,Mesenchymal-Stromal
c_1_31_1882,Lymphoid-Other
c_1_31_1883,Lymphoid-Other
c_1_31_1884,Endothelial
c_1_31_1885,Lymphoid-Other
c_1_31_1886,Lymphoid-T
c_1_31_1887,Endothelial
c_1_31_1888,Lymphoid-T
c_1_31_1889,Lymphoid-T
c_1_31_1890,Lymphoid-T
c_1_31_1891,Endothelial
c_1_31_1892,Lymphoid-T
c_1_31_1893,Mesenchymal-Stromal
c_1_31_1894,None
c_1_31_1895,Lymphoid-Other
c_1_31_1896,Lymphoid-T
c_1_31_1897,Lymphoid-Other
c_1_31_1898,None
c_1_31_1899,Lymphoid-T
c_1_31_1900,Lymphoid-DC
c_1_31_1901,Mesenchymal-Stromal
c_1_31_1902,Lymphoid-T
c_1_31_1903,Lymphoid-Other
c_1_31_1904,Endothelial
c_1_31_1905,None
c_1_31_1906,Lymphoid-Other
c_1_31_1907,Endothelial
c_1_31_1908,Lymphoid-T
c_1_31_1909,Lymphoid-Other
c_1_31_1910,Lymphoid-Other
c_1_31_1911,Endothelial
c_1_31_1912,None
c_1_31_1913,Endothelial
c_1_31_1914,Mesenchymal-Stromal
c_1_31_1915,None
c_1_31_1916,Lymphoid-T
c_1_31_1917,Endothelial
c_1_31_1918,None
c_1_31_1919,Lymphoid-T
c_1_31_1920,None
c_1_31_1921,None
c_1_31_1922,Endothelial
c_1_31_1923,Lymphoid-Other
c_1_31_1924,Lymphoid-Other
c_1_31_1925,Lymphoid-Other
c_1_31_1926,Lymphoid-B
c_1_31_1927,Lymphoid-B
c_1_31_1928,None
c_1_31_1929,Lymphoid-T
c_1_31_1930,Lymphoid-T
c_1_31_1931,None
c_1_31_1932,None
c_1_31_1933,Endothelial
c_1_31_1934,None
c_1_31_1935,Endothelial
c_1_31_1936,Lymphoid-T
c_1_31_1937,Lymphoid-T
c_1_31_1938,Lymphoid-T
c_1_31_1939,Mesenchymal-Stromal
c_1_31_1940,None
c_1_31_1941,Lymphoid-Other
c_1_31_1942,Endothelial
c_1_31_1943,Mesenchymal-Stromal
c_1_31_1944,Lymphoid-T
c_1_31_1945,Lymphoid-T
c_1_31_1946,Lymphoid-Other
c_1_31_1947,Lymphoid-T
c_1_31_1948,Lymphoid-Other
c_1_31_1949,Epithelial
c_1_31_1950,Lymphoid-Other
c_1_31_1951,Epithelial
c_1_31_1952,Lymphoid-Plasma
c_1_31_1953,None
c_1_31_1954,Lymphoid-T
c_1_31_1955,Endothelial
c_1_31_1956,Mesenchymal-Stromal
c_1_31_1957,None
c_1_31_1958,Mesenchymal-Stromal
c_1_31_1959,Lymphoid-T
c_1_31_1960,Lymphoid-Other
c_1_31_1961,None
c_1_31_1962,Myeloid
c_1_31_1963,Lymphoid-T
c_1_31_1964,None
c_1_31_1965,Lymphoid-T
c_1_31_1966,Endothelial
c_1_31_1967,Lymphoid-T
c_1_31_1968,Epithelial
c_1_31_1969,Lymphoid-Other
c_1_31_1970,Lymphoid-T
c_1_31_1971,Lymphoid-Other
c_1_31_1972,Lymphoid-T
c_1_31_1973,Epithelial
c_1_31_1974,Lymphoid-Other
c_1_31_1975,Lymphoid-T
c_1_31_1976,Epithelial
c_1_31_1977,Lymphoid-Other
c_1_31_1978,Neuronal-Glial
c_1_31_1979,Lymphoid-T
c_1_31_1980,Lymphoid-T
c_1_31_1981,Lymphoid-B
c_1_31_1982,Mesenchymal-Stromal
c_1_31_1983,Mesenchymal-Stromal
c_1_31_1984,Epithelial
c_1_31_1985,Lymphoid-T
c_1_31_1986,Lymphoid-T
c_1_31_1987,Lymphoid-T
c_1_31_1988,None
c_1_31_1989,Epithelial
c_1_31_1990,None
c_1_31_1991,Lymphoid-Other
c_1_31_1992,Lymphoid-T
c_1_31_1993,Endothelial
c_1_31_1994,Epithelial
c_1_31_1995,Epithelial
c_1_31_1996,Endothelial
c_1_31_1997,Epithelial
c_1_31_1998,Mesenchymal-Stromal
c_1_31_1999,Endothelial
c_1_31_2000,None
c_1_31_2001,Epithelial
c_1_31_2002,Lymphoid-T
c_1_31_2003,Lymphoid-T
c_1_31_2004,Mesenchymal-Stromal
c_1_31_2005,Lymphoid-T
c_1_31_2006,Lymphoid-T
c_1_31_2007,Neuronal-Glial
c_1_31_2008,Mesenchymal-Stromal
c_1_31_2009,Lymphoid-T
c_1_31_2010,Epithelial
c_1_31_2011,None
c_1_31_2012,Lymphoid-T
c_1_31_2013,Lymphoid-T
c_1_31_2014,Endothelial
c_1_31_2015,Lymphoid-Other
c_1_31_2016,Epithelial
c_1_31_2017,Endothelial
c_1_31_2018,Lymphoid-T
c_1_31_2019,Lymphoid-Other
c_1_31_2020,Lymphoid-T
c_1_31_2021,Lymphoid-T
c_1_31_2022,Epithelial
c_1_31_2023,Lymphoid-T
c_1_31_2024,Lymphoid-T
c_1_31_2025,Mesenchymal-Stromal
c_1_31_2026,Lymphoid-T
c_1_31_2027,Endothelial
c_1_31_2028,Lymphoid-T
c_1_31_2029,Lymphoid-T
c_1_31_2030,Epithelial
c_1_31_2031,Lymphoid-T
c_1_31_2032,Mesenchymal-Stromal
c_1_31_2033,Endothelial
c_1_31_2034,Lymphoid-Other
c_1_31_2035,Lymphoid-T
c_1_31_2036,Mesenchymal-Stromal
c_1_31_2037,Lymphoid-T
c_1_31_2038,Lymphoid-Other
c_1_31_2039,Endothelial
c_1_31_2040,None
c_1_31_2041,Epithelial
c_1_31_2042,Epithelial
c_1_31_2043,Lymphoid-Other
c_1_31_2044,Mesenchymal-Stromal
c_1_31_2045,Lymphoid-Other
c_1_31_2046,None
c_1_31_2047,Epithelial
c_1_31_2048,Endothelial
c_1_31_2049,Lymphoid-Other
c_1_31_2050,Lymphoid-Other
c_1_31_2051,Lymphoid-T
c_1_31_2052,Mesenchymal-Stromal
c_1_31_2053,Lymphoid-Other
c_1_31_2054,Epithelial
c_1_31_2055,Lymphoid-Other
c_1_31_2056,Lymphoid-Other
c_1_31_2057,None
c_1_31_2058,Lymphoid-Other
c_1_31_2059,Lymphoid-T
c_1_31_2060,Mesenchymal-Stromal
c_1_31_2061,Lymphoid-T
c_1_31_2062,Epithelial
c_1_31_2063,Lymphoid-DC
c_1_31_2064,Lymphoid-T
c_1_31_2065,None
c_1_31_2066,None
c_1_31_2067,Mesenchymal-Stromal
c_1_31_2068,Lymphoid-T
c_1_31_2069,Endothelial
c_1_31_2070,Epithelial
c_1_31_2071,None
c_1_31_2072,Lymphoid-Other
c_1_31_2073,Lymphoid-Other
c_1_31_2074,Lymphoid-T
c_1_31_2075,None
c_1_31_2076,Lymphoid-T
c_1_31_2077,Lymphoid-T
c_1_31_2078,Lymphoid-Other
c_1_31_2079,Lymphoid-T
c_1_31_2080,None
c_1_31_2081,Lymphoid-Other
c_1_31_2082,Lymphoid-Other
c_1_31_2083,Lymphoid-T
c_1_31_2084,Lymphoid-Other
c_1_31_2085,Lymphoid-T
c_1_31_2086,Lymphoid-T
c_1_31_2087,Lymphoid-T
c_1_31_2088,Lymphoid-T
c_1_31_2089,Epithelial
c_1_31_2090,Lymphoid-T
c_1_31_2091,Lymphoid-T
c_1_31_2092,Lymphoid-T
c_1_31_2093,Lymphoid-T
c_1_31_2094,Lymphoid-T
c_1_31_2095,Lymphoid-T
c_1_31_2096,Lymphoid-T
c_1_31_2097,Lymphoid-T
c_1_31_2098,Endothelial
c_1_31_2099,Lymphoid-T
c_1_31_2100,Lymphoid-Other
c_1_31_2101,Lymphoid-Other
c_1_31_2102,Endothelial
c_1_31_2103,Endothelial
c_1_31_2104,Endothelial
c_1_31_2105,Lymphoid-DC
c_1_31_2106,Lymphoid-Other
c_1_31_2107,Lymphoid-T
c_1_31_2108,Endothelial
c_1_31_2109,Endothelial
c_1_31_2110,Mesenchymal-Stromal
c_1_31_2111,Lymphoid-T
c_1_31_2112,Lymphoid-T
c_1_31_2113,Lymphoid-Other
c_1_31_2114,Lymphoid-Other
c_1_31_2115,Lymphoid-T
c_1_31_2116,Lymphoid-T
c_1_31_2117,Lymphoid-B
c_1_31_2118,Lymphoid-Other
c_1_31_2119,Lymphoid-DC
c_1_31_2120,Endothelial
c_1_31_2121,None
c_1_31_2122,Lymphoid-T
c_1_31_2123,Lymphoid-Other
c_1_31_2124,Endothelial
c_1_31_2125,None
c_1_31_2126,Lymphoid-T
c_1_31_2127,Lymphoid-T
c_1_31_2128,Lymphoid-T
c_1_31_2129,Lymphoid-Other
c_1_31_2130,Lymphoid-DC
c_1_31_2131,Lymphoid-T
c_1_31_2132,Lymphoid-B
c_1_31_2133,Lymphoid-Other
c_1_31_2134,Lymphoid-T
c_1_31_2135,Lymphoid-T
c_1_31_2136,Mesenchymal-Stromal
c_1_31_2137,None
c_1_31_2138,Lymphoid-T
c_1_31_2139,Lymphoid-T
c_1_31_2140,Lymphoid-Other
c_1_31_2141,Lymphoid-T
c_1_31_2142,Lymphoid-T
c_1_31_2143,Lymphoid-T
c_1_31_2144,None
c_1_31_2145,Lymphoid-Other
c_1_31_2146,Lymphoid-Other
c_1_31_2147,Lymphoid-Other
c_1_31_2148,Lymphoid-T
c_1_31_2149,Lymphoid-T
c_1_31_2150,Lymphoid-Other
c_1_31_2151,Lymphoid-Other
c_1_31_2152,Lymphoid-T
c_1_31_2153,Lymphoid-T
c_1_31_2154,Endothelial
c_1_31_2155,Lymphoid-Other
c_1_31_2156,Lymphoid-Other
c_1_31_2157,Lymphoid-T
c_1_31_2158,Lymphoid-T
c_1_31_2159,Lymphoid-T
c_1_31_2160,None
c_1_31_2161,Lymphoid-T
c_1_31_2162,Lymphoid-T
c_1_31_2163,Mesenchymal-Stromal
c_1_31_2164,Lymphoid-Other
c_1_31_2165,Endothelial
c_1_31_2166,Lymphoid-Other
c_1_31_2167,Lymphoid-Other
c_1_31_2168,Lymphoid-Other
c_1_31_2169,Lymphoid-T
c_1_31_2170,Lymphoid-T
c_1_31_2171,Lymphoid-Other
c_1_31_2172,Lymphoid-Other
c_1_31_2173,Lymphoid-Other
c_1_31_2174,Endothelial
c_1_31_2175,Lymphoid-DC
c_1_31_2176,Lymphoid-Other
c_1_31_2177,Lymphoid-Other
c_1_31_2178,Lymphoid-T
c_1_31_2179,Lymphoid-T
c_1_31_2180,Lymphoid-Other
c_1_31_2181,Lymphoid-T
c_1_31_2182,Lymphoid-T
c_1_31_2183,Lymphoid-Other
c_1_31_2184,Lymphoid-Other
c_1_31_2185,Lymphoid-Other
c_1_31_2186,Lymphoid-Other
c_1_31_2187,Endothelial
c_1_31_2188,Lymphoid-T
c_1_31_2189,Lymphoid-T
c_1_31_2190,Lymphoid-T
c_1_31_2191,Lymphoid-T
c_1_31_2192,Lymphoid-Other
c_1_31_2193,Lymphoid-Other
c_1_31_2194,Lymphoid-Other
c_1_31_2195,None
c_1_31_2196,Endothelial
c_1_31_2197,Lymphoid-T
c_1_31_2198,Lymphoid-T
c_1_31_2199,Lymphoid-Other
c_1_31_2200,Lymphoid-T
c_1_31_2201,Lymphoid-T
c_1_31_2202,Lymphoid-Other
c_1_31_2203,Lymphoid-Other
c_1_31_2204,None
c_1_31_2205,Lymphoid-Other
c_1_31_2206,Lymphoid-DC
c_1_31_2207,Lymphoid-T
c_1_31_2208,Lymphoid-T
c_1_31_2209,Lymphoid-T
c_1_31_2210,Lymphoid-DC
c_1_31_2211,Endothelial
c_1_31_2212,Lymphoid-T
c_1_31_2213,Lymphoid-T
c_1_31_2214,Endothelial
c_1_31_2215,Lymphoid-B
c_1_31_2216,Lymphoid-Other
c_1_31_2217,Lymphoid-T
c_1_31_2218,Lymphoid-T
c_1_31_2219,Lymphoid-T
c_1_31_2220,Endothelial
c_1_31_2221,Lymphoid-T
c_1_31_2222,Lymphoid-T
c_1_31_2223,Endothelial
c_1_31_2224,Lymphoid-Other
c_1_31_2225,Endothelial
c_1_31_2226,Lymphoid-Other
c_1_31_2227,Lymphoid-T
c_1_31_2228,Lymphoid-Other
c_1_31_2229,Endothelial
c_1_31_2230,Lymphoid-T
c_1_31_2231,Lymphoid-T
c_1_31_2232,Lymphoid-T
c_1_31_2233,Lymphoid-T
c_1_31_2234,Lymphoid-Other
c_1_31_2235,Lymphoid-Other
c_1_31_2236,Lymphoid-Other
c_1_31_2237,Endothelial
c_1_31_2238,Lymphoid-T
c_1_31_2239,Lymphoid-Other
c_1_31_2240,Endothelial
c_1_31_2241,Endothelial
c_1_31_2242,Endothelial
c_1_31_2243,Lymphoid-Other
c_1_31_2244,Endothelial
c_1_31_2245,Lymphoid-T
c_1_31_2246,Lymphoid-T
c_1_31_2247,Lymphoid-T
c_1_31_2248,Lymphoid-Other
c_1_31_2249,Lymphoid-Other
c_1_31_2250,Lymphoid-T
c_1_31_2251,Lymphoid-T
c_1_31_2252,Lymphoid-T
c_1_31_2253,None
c_1_31_2254,Lymphoid-T
c_1_31_2255,Endothelial
c_1_31_2256,Mesenchymal-Stromal
c_1_31_2257,Endothelial
c_1_31_2258,Lymphoid-T
c_1_31_2259,Lymphoid-DC
c_1_31_2260,Endothelial
c_1_31_2261,Lymphoid-Other
c_1_31_2262,Endothelial
c_1_31_2263,Lymphoid-T
c_1_31_2264,Lymphoid-T
c_1_31_2265,Lymphoid-Other
c_1_31_2266,Lymphoid-Other
c_1_31_2267,Lymphoid-T
c_1_31_2268,Mesenchymal-Stromal
c_1_31_2269,Lymphoid-T
c_1_31_2270,Lymphoid-Other
c_1_31_2271,Lymphoid-T
c_1_31_2272,Lymphoid-T
c_1_31_2273,Lymphoid-Other
c_1_31_2274,Lymphoid-T
c_1_31_2275,Lymphoid-T
c_1_31_2276,Lymphoid-Other
c_1_31_2277,Lymphoid-T
c_1_31_2278,Lymphoid-T
c_1_31_2279,Lymphoid-T
c_1_31_2280,Endothelial
c_1_31_2281,Lymphoid-T
c_1_31_2282,Lymphoid-T
c_1_31_2283,Lymphoid-Other
c_1_31_2284,Lymphoid-T
c_1_31_2285,Lymphoid-DC
c_1_31_2286,Lymphoid-T
c_1_31_2287,Lymphoid-Other
c_1_31_2288,Lymphoid-T
c_1_31_2289,Lymphoid-T
c_1_31_2290,Lymphoid-T
c_1_31_2291,Lymphoid-T
c_1_31_2292,Lymphoid-T
c_1_31_2293,Endothelial
c_1_31_2294,Lymphoid-T
c_1_31_2295,Lymphoid-T
c_1_31_2296,Lymphoid-Other
c_1_31_2297,Lymphoid-T
c_1_31_2298,Lymphoid-T
c_1_31_2299,Lymphoid-T
c_1_31_2300,Lymphoid-T
c_1_31_2301,Lymphoid-T
c_1_31_2302,Lymphoid-T
c_1_31_2303,Lymphoid-T
c_1_31_2304,Lymphoid-B
c_1_31_2305,Lymphoid-Other
c_1_31_2306,Lymphoid-T
c_1_31_2307,Lymphoid-T
c_1_31_2308,Lymphoid-T
c_1_31_2309,Lymphoid-T
c_1_31_2310,Lymphoid-DC
c_1_31_2311,Lymphoid-T
c_1_31_2312,Lymphoid-T
c_1_31_2313,Endothelial
c_1_31_2314,Lymphoid-T
c_1_31_2315,Lymphoid-T
c_1_31_2316,Lymphoid-T
c_1_31_2317,Lymphoid-T
c_1_31_2318,Lymphoid-B
c_1_31_2319,Lymphoid-T
c_1_31_2320,Lymphoid-T
c_1_31_2321,Lymphoid-T
c_1_31_2322,Lymphoid-T
c_1_31_2323,Lymphoid-T
c_1_31_2324,Lymphoid-Other
c_1_31_2325,Lymphoid-B
c_1_31_2326,Lymphoid-T
c_1_31_2327,Endothelial
c_1_31_2328,Lymphoid-T
c_1_31_2329,Lymphoid-T
c_1_31_2330,Lymphoid-T
c_1_31_2331,Lymphoid-T
c_1_31_2332,Lymphoid-T
c_1_31_2333,Lymphoid-T
c_1_31_2334,Lymphoid-T
c_1_31_2335,Lymphoid-T
c_1_31_2336,Lymphoid-Other
c_1_31_2337,Lymphoid-T
c_1_31_2338,None
c_1_31_2339,Lymphoid-T
c_1_31_2340,Lymphoid-T
c_1_31_2341,Lymphoid-DC
c_1_31_2342,Lymphoid-T
c_1_31_2343,Lymphoid-T
c_1_31_2344,Lymphoid-T
c_1_31_2345,Lymphoid-T
c_1_31_2346,Endothelial
c_1_31_2347,Lymphoid-T
c_1_31_2348,Lymphoid-T
c_1_31_2349,Endothelial
c_1_31_2350,Lymphoid-Other
c_1_31_2351,Lymphoid-T
c_1_31_2352,Lymphoid-T
c_1_31_2353,Lymphoid-T
c_1_31_2354,Lymphoid-B
c_1_31_2355,Endothelial
c_1_31_2356,Lymphoid-Other
c_1_31_2357,Lymphoid-T
c_1_31_2358,Lymphoid-T
c_1_31_2359,Lymphoid-T
c_1_31_2360,Lymphoid-T
c_1_31_2361,Lymphoid-T
c_1_31_2362,Lymphoid-T
c_1_31_2363,Lymphoid-T
c_1_31_2364,Lymphoid-T
c_1_31_2365,Lymphoid-DC
c_1_31_2366,Lymphoid-T
c_1_31_2367,Lymphoid-Other
c_1_31_2368,Lymphoid-T
c_1_31_2369,Lymphoid-T
c_1_31_2370,Lymphoid-T
c_1_31_2371,Lymphoid-Other
c_1_31_2372,Endothelial
c_1_31_2373,Lymphoid-T
c_1_31_2374,Lymphoid-T
c_1_31_2375,Lymphoid-T
c_1_31_2376,Lymphoid-T
c_1_31_2377,Lymphoid-T
c_1_31_2378,Lymphoid-T
c_1_31_2379,Lymphoid-Other
c_1_31_2380,Lymphoid-T
c_1_31_2381,Lymphoid-Other
c_1_31_2382,Endothelial
c_1_31_2383,Lymphoid-Other
c_1_31_2384,Mesenchymal-Stromal
c_1_31_2385,Lymphoid-Other
c_1_31_2386,Lymphoid-T
c_1_31_2387,Lymphoid-T
c_1_31_2388,Lymphoid-T
c_1_31_2389,Lymphoid-T
c_1_31_2390,Lymphoid-T
c_1_31_2391,Lymphoid-DC
c_1_31_2392,Lymphoid-T
c_1_31_2393,Lymphoid-Other
c_1_31_2394,Lymphoid-T
c_1_31_2395,Endothelial
c_1_31_2396,Lymphoid-T
c_1_31_2397,Lymphoid-T
c_1_31_2398,Lymphoid-T
c_1_31_2399,Lymphoid-T
c_1_31_2400,Lymphoid-T
c_1_31_2401,Lymphoid-Other
c_1_31_2402,Lymphoid-T
c_1_31_2403,Endothelial
c_1_31_2404,Lymphoid-T
c_1_31_2405,Lymphoid-T
c_1_31_2406,Endothelial
c_1_31_2407,Lymphoid-DC
c_1_31_2408,Lymphoid-T
c_1_31_2409,Lymphoid-T
c_1_31_2410,Lymphoid-T
c_1_31_2411,Mesenchymal-Stromal
c_1_31_2412,Lymphoid-T
c_1_31_2413,Lymphoid-T
c_1_31_2414,Lymphoid-T
c_1_31_2415,Lymphoid-T
c_1_31_2416,Lymphoid-T
c_1_31_2417,Lymphoid-T
c_1_31_2418,Lymphoid-T
c_1_31_2419,Lymphoid-T
c_1_31_2420,Endothelial
c_1_31_2421,Mesenchymal-Stromal
c_1_31_2422,Mesenchymal-Stromal
c_1_31_2423,Lymphoid-T
c_1_31_2424,Lymphoid-T
c_1_31_2425,Lymphoid-T
c_1_31_2426,Lymphoid-T
c_1_31_2427,Lymphoid-T
c_1_31_2428,Lymphoid-B
c_1_31_2429,Lymphoid-T
c_1_31_2430,Lymphoid-T
c_1_31_2431,Lymphoid-Other
c_1_31_2432,Lymphoid-T
c_1_31_2433,Lymphoid-T
c_1_31_2434,Lymphoid-T
c_1_31_2435,Lymphoid-Other
c_1_31_2436,Lymphoid-Other
c_1_31_2437,Lymphoid-T
c_1_31_2438,Lymphoid-Other
c_1_31_2439,Lymphoid-DC
c_1_31_2440,Lymphoid-Other
c_1_31_2441,Lymphoid-T
c_1_31_2442,Lymphoid-T
c_1_31_2443,Lymphoid-Other
c_1_31_2444,Endothelial
c_1_31_2445,Lymphoid-Other
c_1_31_2446,Lymphoid-T
c_1_31_2447,Lymphoid-T
c_1_31_2448,Lymphoid-T
c_1_31_2449,Lymphoid-T
c_1_31_2450,Lymphoid-T
c_1_31_2451,Endothelial
c_1_31_2452,Endothelial
c_1_31_2453,Lymphoid-T
c_1_31_2454,Lymphoid-T
c_1_31_2455,Endothelial
c_1_31_2456,Lymphoid-T
c_1_31_2457,Lymphoid-T
c_1_31_2458,Lymphoid-T
c_1_31_2459,Lymphoid-T
c_1_31_2460,Lymphoid-T
c_1_31_2461,Endothelial
c_1_31_2462,Lymphoid-B
c_1_31_2463,Lymphoid-T
c_1_31_2464,Lymphoid-T
c_1_31_2465,Lymphoid-T
c_1_31_2466,Lymphoid-T
c_1_31_2467,Lymphoid-T
c_1_31_2468,Lymphoid-T
c_1_31_2469,Mesenchymal-Stromal
c_1_31_2470,Lymphoid-Other
c_1_31_2471,Lymphoid-T
c_1_31_2472,Lymphoid-T
c_1_31_2473,Lymphoid-Other
c_1_31_2474,Endothelial
c_1_31_2475,Lymphoid-Other
c_1_31_2476,Neuronal-Glial
c_1_31_2477,Lymphoid-T
c_1_31_2478,Lymphoid-T
c_1_31_2479,Lymphoid-T
c_1_31_2480,Lymphoid-T
c_1_31_2481,Lymphoid-T
c_1_31_2482,Endothelial
c_1_31_2483,Lymphoid-Other
c_1_31_2484,Lymphoid-Other
c_1_31_2485,Lymphoid-DC
c_1_31_2486,Endothelial
c_1_31_2487,None
c_1_31_2488,Lymphoid-T
c_1_31_2489,Endothelial
c_1_31_2490,Lymphoid-T
c_1_31_2491,Lymphoid-Other
c_1_31_2492,None
c_1_31_2493,Lymphoid-DC
c_1_31_2494,Lymphoid-T
c_1_31_2495,Lymphoid-T
c_1_31_2496,Lymphoid-T
c_1_31_2497,Lymphoid-T
c_1_31_2498,Lymphoid-T
c_1_31_2499,Lymphoid-Other
c_1_31_2500,Lymphoid-Plasma
c_1_31_2501,Lymphoid-T
c_1_31_2502,Lymphoid-T
c_1_31_2503,Lymphoid-T
c_1_31_2504,Lymphoid-Other
c_1_31_2505,Lymphoid-T
c_1_31_2506,Lymphoid-T
c_1_31_2507,Lymphoid-T
c_1_31_2508,Lymphoid-T
c_1_31_2509,None
c_1_31_2510,Lymphoid-T
c_1_31_2511,Lymphoid-T
c_1_31_2512,Lymphoid-T
c_1_31_2513,Lymphoid-T
c_1_31_2514,Endothelial
c_1_31_2515,Lymphoid-T
c_1_31_2516,Lymphoid-T
c_1_31_2517,Endothelial
c_1_31_2518,Lymphoid-Other
c_1_31_2519,Lymphoid-T
c_1_31_2520,Lymphoid-T
c_1_31_2521,Epithelial
c_1_31_2522,Lymphoid-T
c_1_31_2523,Endothelial
c_1_31_2524,Lymphoid-T
c_1_31_2525,Lymphoid-Other
c_1_31_2526,Lymphoid-T
c_1_31_2527,Lymphoid-T
c_1_31_2528,Lymphoid-T
c_1_31_2529,Lymphoid-T
c_1_31_2530,Lymphoid-T
c_1_31_2531,Endothelial
c_1_31_2532,Lymphoid-T
c_1_31_2533,Lymphoid-DC
c_1_31_2534,Endothelial
c_1_31_2535,Lymphoid-T
c_1_31_2536,Lymphoid-B
c_1_31_2537,Mesenchymal-Stromal
c_1_31_2538,Lymphoid-Other
c_1_31_2539,Lymphoid-Other
c_1_31_2540,Lymphoid-T
c_1_31_2541,Lymphoid-T
c_1_31_2542,Lymphoid-Other
c_1_31_2543,Lymphoid-T
c_1_31_2544,Lymphoid-T
c_1_31_2545,Endothelial
c_1_31_2546,Lymphoid-Other
c_1_31_2547,Lymphoid-T
c_1_31_2548,Lymphoid-T
c_1_31_2549,Lymphoid-DC
c_1_31_2550,Lymphoid-T
c_1_31_2551,Lymphoid-T
c_1_31_2552,Lymphoid-T
c_1_31_2553,Lymphoid-T
c_1_31_2554,Lymphoid-T
c_1_31_2555,Myeloid
c_1_31_2556,Lymphoid-Other
c_1_31_2557,Lymphoid-Other
c_1_31_2558,Lymphoid-T
c_1_31_2559,Lymphoid-T
c_1_31_2560,Lymphoid-T
c_1_31_2561,Lymphoid-T
c_1_31_2562,Lymphoid-T
c_1_31_2563,Lymphoid-B
c_1_31_2564,Lymphoid-T
c_1_31_2565,Lymphoid-Other
c_1_31_2566,Lymphoid-DC
c_1_31_2567,Lymphoid-T
c_1_31_2568,Lymphoid-T
c_1_31_2569,Lymphoid-Other
c_1_31_2570,Lymphoid-Other
c_1_31_2571,Lymphoid-T
c_1_31_2572,Lymphoid-T
c_1_31_2573,Lymphoid-T
c_1_31_2574,Lymphoid-T
c_1_31_2575,Lymphoid-T
c_1_31_2576,Lymphoid-Plasma
c_1_31_2577,Lymphoid-Other
c_1_31_2578,Lymphoid-T
c_1_31_2579,Lymphoid-T
c_1_31_2580,Lymphoid-T
c_1_31_2581,None
c_1_31_2582,Lymphoid-T
c_1_31_2583,Lymphoid-T
c_1_31_2584,Endothelial
c_1_31_2585,Lymphoid-Other
c_1_31_2586,Lymphoid-Other
c_1_31_2587,Lymphoid-T
c_1_31_2588,Lymphoid-T
c_1_31_2589,Lymphoid-T
c_1_31_2590,Lymphoid-Plasma
c_1_31_2591,Lymphoid-T
c_1_31_2592,Lymphoid-Plasma
c_1_31_2593,Lymphoid-T
c_1_31_2594,Lymphoid-Other
c_1_31_2595,None
c_1_31_2596,Endothelial
c_1_31_2597,Lymphoid-T
c_1_31_2598,Lymphoid-T
c_1_31_2599,Lymphoid-T
c_1_31_2600,Lymphoid-T
c_1_31_2601,Lymphoid-T
c_1_31_2602,Lymphoid-T
c_1_31_2603,Lymphoid-T
c_1_31_2604,Lymphoid-T
c_1_31_2605,Lymphoid-Other
c_1_31_2606,Lymphoid-DC
c_1_31_2607,Lymphoid-T
c_1_31_2608,Lymphoid-T
c_1_31_2609,Lymphoid-DC
c_1_31_2610,Lymphoid-T
c_1_31_2611,Lymphoid-T
c_1_31_2612,Endothelial
c_1_31_2613,Lymphoid-T
c_1_31_2614,Lymphoid-Other
c_1_31_2615,Lymphoid-T
c_1_31_2616,Lymphoid-T
c_1_31_2617,Lymphoid-T
c_1_31_2618,Lymphoid-DC
c_1_31_2619,Lymphoid-T
c_1_31_2620,Lymphoid-T
c_1_31_2621,Lymphoid-Other
c_1_31_2622,Lymphoid-DC
c_1_31_2623,Lymphoid-T
c_1_31_2624,Lymphoid-T
c_1_31_2625,Lymphoid-DC
c_1_31_2626,Lymphoid-Other
c_1_31_2627,Lymphoid-T
c_1_31_2628,Lymphoid-T
c_1_31_2629,Lymphoid-T
c_1_31_2630,Lymphoid-T
c_1_31_2631,Lymphoid-Other
c_1_31_2632,Lymphoid-DC
c_1_31_2633,Lymphoid-Other
c_1_31_2634,Lymphoid-Other
c_1_31_2635,Lymphoid-T
c_1_31_2636,Lymphoid-T
c_1_31_2637,Lymphoid-T
c_1_31_2638,Endothelial
c_1_31_2639,Lymphoid-T
c_1_31_2640,Lymphoid-Other
c_1_31_2641,Lymphoid-T
c_1_31_2642,Lymphoid-T
c_1_31_2643,Lymphoid-T
c_1_31_2644,Lymphoid-T
c_1_31_2645,Lymphoid-T
c_1_31_2646,Lymphoid-T
c_1_31_2647,Lymphoid-Other
c_1_31_2648,Lymphoid-T
c_1_31_2649,Lymphoid-Other
c_1_31_2650,Lymphoid-Other
c_1_31_2651,Lymphoid-T
c_1_31_2652,Lymphoid-Other
c_1_31_2653,Lymphoid-T
c_1_31_2654,Lymphoid-T
c_1_31_2655,Lymphoid-T
c_1_31_2656,Lymphoid-T
c_1_31_2657,Lymphoid-T
c_1_31_2658,Lymphoid-Other
c_1_31_2659,Lymphoid-Other
c_1_31_2660,None
c_1_31_2661,Lymphoid-DC
c_1_31_2662,Lymphoid-Other
c_1_31_2663,Lymphoid-T
c_1_31_2664,Lymphoid-Other
c_1_31_2665,Lymphoid-Other
c_1_31_2666,Lymphoid-T
c_1_31_2667,Lymphoid-Plasma
c_1_31_2668,Lymphoid-Other
c_1_31_2669,Lymphoid-DC
c_1_31_2670,Lymphoid-Other
c_1_31_2671,Lymphoid-T
c_1_31_2672,Lymphoid-T
c_1_31_2673,Lymphoid-Other
c_1_31_2674,Lymphoid-DC
c_1_31_2675,Lymphoid-DC
c_1_31_2676,Lymphoid-T
c_1_31_2677,Lymphoid-DC
c_1_31_2678,Lymphoid-DC
c_1_31_2679,Lymphoid-T
c_1_31_2680,Lymphoid-DC
c_1_31_2681,Lymphoid-T
c_1_31_2682,Lymphoid-T
c_1_31_2683,Lymphoid-T
c_1_31_2684,Lymphoid-Other
c_1_31_2685,Lymphoid-T
c_1_31_2686,Lymphoid-T
c_1_31_2687,Lymphoid-T
c_1_31_2688,Lymphoid-T
c_1_31_2689,Lymphoid-DC
c_1_31_2690,Lymphoid-T
c_1_31_2691,Lymphoid-Other
c_1_31_2692,Lymphoid-Other
c_1_31_2693,Lymphoid-DC
c_1_31_2694,Lymphoid-T
c_1_31_2695,Lymphoid-T
c_1_31_2696,Lymphoid-Other
c_1_31_2697,Lymphoid-B
c_1_31_2698,Lymphoid-T
c_1_31_2699,Lymphoid-T
c_1_31_2700,Lymphoid-T
c_1_31_2701,Lymphoid-T
c_1_31_2702,Lymphoid-DC
c_1_31_2703,Lymphoid-Other
c_1_31_2704,Lymphoid-Other
c_1_31_2705,Lymphoid-T
c_1_31_2706,Lymphoid-T
c_1_31_2707,Lymphoid-T
c_1_31_2708,Lymphoid-DC
c_1_31_2709,Lymphoid-DC
c_1_31_2710,Lymphoid-Other
c_1_31_2711,Lymphoid-Other
c_1_31_2712,Lymphoid-T
c_1_31_2713,Lymphoid-T
c_1_31_2714,Lymphoid-T
c_1_31_2715,Lymphoid-Other
c_1_31_2716,Lymphoid-T
c_1_31_2717,Lymphoid-Other
c_1_31_2718,Lymphoid-DC
c_1_31_2719,Lymphoid-DC
c_1_31_2720,Lymphoid-T
c_1_31_2721,Lymphoid-DC
c_1_31_2722,Lymphoid-T
c_1_31_2723,Myeloid
c_1_31_2724,Lymphoid-T
c_1_31_2725,Lymphoid-T
c_1_31_2726,Lymphoid-T
c_1_31_2727,Lymphoid-Other
c_1_31_2728,Lymphoid-T
c_1_31_2729,Lymphoid-DC
c_1_31_2730,Lymphoid-DC
c_1_31_2731,Lymphoid-DC
c_1_31_2732,Lymphoid-T
c_1_31_2733,Lymphoid-DC
c_1_31_2734,Lymphoid-Other
c_1_31_2735,Lymphoid-T
c_1_31_2736,Lymphoid-T
c_1_31_2737,Lymphoid-T
c_1_31_2738,Lymphoid-T
c_1_31_2739,Lymphoid-Other
c_1_31_2740,Myeloid
c_1_31_2741,Lymphoid-T
c_1_31_2742,Lymphoid-T
c_1_31_2743,Lymphoid-T
c_1_31_2744,Lymphoid-Other
c_1_31_2745,Lymphoid-T
c_1_31_2746,Lymphoid-T
c_1_31_2747,Lymphoid-Other
c_1_31_2748,Lymphoid-T
c_1_31_2749,Lymphoid-DC
c_1_31_2750,Lymphoid-T
c_1_31_2751,Lymphoid-T
c_1_31_2752,Lymphoid-DC
c_1_31_2753,Lymphoid-DC
c_1_31_2754,Lymphoid-T
c_1_31_2755,Lymphoid-T
c_1_31_2756,Lymphoid-DC
c_1_31_2757,Lymphoid-Other
c_1_31_2758,Endothelial
c_1_31_2759,Lymphoid-T
c_1_31_2760,Lymphoid-T
c_1_31_2761,Lymphoid-Other
c_1_31_2762,Lymphoid-Other
c_1_31_2763,Lymphoid-DC
c_1_31_2764,Lymphoid-T
c_1_31_2765,Lymphoid-T
c_1_31_2766,Lymphoid-Other
c_1_31_2767,Lymphoid-Other
c_1_31_2768,Myeloid
c_1_31_2769,Lymphoid-T
c_1_31_2770,Lymphoid-Other
c_1_31_2771,Lymphoid-T
c_1_31_2772,Lymphoid-T
c_1_31_2773,Lymphoid-T
c_1_31_2774,Lymphoid-Other
c_1_31_2775,Lymphoid-T
c_1_31_2776,Lymphoid-T
c_1_31_2777,Lymphoid-T
c_1_31_2778,Lymphoid-DC
c_1_31_2779,Lymphoid-T
c_1_31_2780,Lymphoid-DC
c_1_31_2781,Lymphoid-T
c_1_31_2782,Lymphoid-T
c_1_31_2783,Lymphoid-T
c_1_31_2784,Endothelial
c_1_31_2785,Lymphoid-T
c_1_31_2786,Lymphoid-T
c_1_31_2787,Lymphoid-T
c_1_31_2788,Lymphoid-Other
c_1_31_2789,Lymphoid-T
c_1_31_2790,Lymphoid-DC
c_1_31_2791,Lymphoid-T
c_1_31_2792,Lymphoid-Other
c_1_31_2793,Lymphoid-Other
c_1_31_2794,Lymphoid-T
c_1_31_2795,Lymphoid-Other
c_1_31_2796,Endothelial
c_1_31_2797,Lymphoid-T
c_1_31_2798,Lymphoid-DC
c_1_31_2799,Lymphoid-Other
c_1_31_2800,Lymphoid-T
c_1_31_2801,Lymphoid-T
c_1_31_2802,Endothelial
c_1_31_2803,Lymphoid-T
c_1_31_2804,Lymphoid-T
c_1_31_2805,Lymphoid-T
c_1_31_2806,Lymphoid-Other
c_1_31_2807,Lymphoid-T
c_1_31_2808,Lymphoid-T
c_1_31_2809,Lymphoid-T
c_1_31_2810,Lymphoid-T
c_1_31_2811,Lymphoid-T
c_1_31_2812,Lymphoid-Other
c_1_31_2813,Lymphoid-Other
c_1_31_2814,Lymphoid-Other
c_1_31_2815,Lymphoid-T
c_1_31_2816,Lymphoid-T
c_1_31_2817,None
c_1_31_2818,Lymphoid-DC
c_1_31_2819,Lymphoid-DC
c_1_31_2820,Lymphoid-DC
c_1_31_2821,Lymphoid-T
c_1_31_2822,Lymphoid-T
c_1_31_2823,Lymphoid-T
c_1_31_2824,Lymphoid-T
c_1_31_2825,Lymphoid-T
c_1_31_2826,Lymphoid-T
c_1_31_2827,Lymphoid-T
c_1_31_2828,Endothelial
c_1_31_2829,Lymphoid-T
c_1_31_2830,Lymphoid-T
c_1_31_2831,Lymphoid-T
c_1_31_2832,Lymphoid-DC
c_1_31_2833,Lymphoid-Other
c_1_31_2834,Lymphoid-DC
c_1_31_2835,Lymphoid-T
c_1_31_2836,Lymphoid-T
c_1_31_2837,Lymphoid-T
c_1_31_2838,Lymphoid-T
c_1_31_2839,Endothelial
c_1_31_2840,Lymphoid-T
c_1_31_2841,Lymphoid-DC
c_1_31_2842,Lymphoid-T
c_1_31_2843,Lymphoid-T
c_1_31_2844,Lymphoid-T
c_1_31_2845,Lymphoid-T
c_1_31_2846,Lymphoid-T
c_1_31_2847,Lymphoid-T
c_1_31_2848,Lymphoid-T
c_1_31_2849,Lymphoid-Other
c_1_31_2850,Lymphoid-Other
c_1_31_2851,Lymphoid-T
c_1_31_2852,Lymphoid-Other
c_1_31_2853,Lymphoid-Other
c_1_31_2854,Lymphoid-T
c_1_31_2855,Lymphoid-Other
c_1_31_2856,Lymphoid-Other
c_1_31_2857,Lymphoid-T
c_1_31_2858,Lymphoid-Other
c_1_31_2859,Lymphoid-T
c_1_31_2860,Lymphoid-T
c_1_31_2861,Lymphoid-T
c_1_31_2862,Lymphoid-T
c_1_31_2863,Lymphoid-T
c_1_31_2864,Lymphoid-T
c_1_31_2865,Lymphoid-T
c_1_31_2866,Lymphoid-T
c_1_31_2867,Lymphoid-T
c_1_31_2868,Lymphoid-T
c_1_31_2869,Endothelial
c_1_31_2870,Lymphoid-T
c_1_31_2871,Lymphoid-T
c_1_31_2872,Lymphoid-T
c_1_31_2873,Lymphoid-T
c_1_31_2874,Lymphoid-T
c_1_31_2875,Lymphoid-T
c_1_31_2876,Lymphoid-T
c_1_31_2877,Lymphoid-T
c_1_31_2878,Lymphoid-Other
c_1_31_2879,Lymphoid-T
c_1_31_2880,Lymphoid-Other
c_1_31_2881,Lymphoid-Other
c_1_31_2882,Lymphoid-Other
c_1_31_2883,Lymphoid-DC
c_1_31_2884,Lymphoid-Other
c_1_31_2885,Lymphoid-T
c_1_31_2886,Lymphoid-Other
c_1_31_2887,Lymphoid-T
c_1_31_2888,Lymphoid-T
c_1_31_2889,Lymphoid-T
c_1_31_2890,Lymphoid-T
c_1_31_2891,Endothelial
c_1_31_2892,Lymphoid-Other
c_1_31_2893,Lymphoid-T
c_1_31_2894,Lymphoid-T
c_1_31_2895,Lymphoid-T
c_1_31_2896,Lymphoid-T
c_1_31_2897,Lymphoid-T
c_1_31_2898,Lymphoid-T
c_1_31_2899,Lymphoid-T
c_1_31_2900,Lymphoid-T
c_1_31_2901,Lymphoid-T
c_1_31_2902,Lymphoid-Other
c_1_31_2903,Lymphoid-T
c_1_31_2904,Lymphoid-T
c_1_31_2905,Lymphoid-T
c_1_31_2906,Lymphoid-T
c_1_31_2907,Lymphoid-Other
c_1_31_2908,Lymphoid-T
c_1_31_2909,Lymphoid-T
c_1_31_2910,Lymphoid-T
c_1_31_2911,Lymphoid-T
c_1_31_2912,Lymphoid-T
c_1_31_2913,Lymphoid-T
c_1_31_2914,Lymphoid-T
c_1_31_2915,Lymphoid-T
c_1_31_2916,Lymphoid-T
c_1_31_2917,Endothelial
c_1_31_2918,Lymphoid-Other
c_1_31_2919,Lymphoid-T
c_1_31_2920,Lymphoid-T
c_1_31_2921,Lymphoid-T
c_1_31_2922,Lymphoid-T
c_1_31_2923,Lymphoid-T
c_1_31_2924,Lymphoid-T
c_1_31_2925,Lymphoid-T
c_1_31_2926,Lymphoid-Other
c_1_31_2927,Lymphoid-T
c_1_31_2928,Lymphoid-T
c_1_31_2929,Lymphoid-T
c_1_31_2930,Lymphoid-Other
c_1_31_2931,Lymphoid-DC
c_1_31_2932,Lymphoid-T
c_1_31_2933,Lymphoid-Other
c_1_31_2934,Lymphoid-T
c_1_31_2935,Lymphoid-T
c_1_31_2936,Lymphoid-T
c_1_31_2937,Lymphoid-T
c_1_31_2938,Lymphoid-T
c_1_31_2939,Lymphoid-Other
c_1_31_2940,Endothelial
c_1_31_2941,Lymphoid-Plasma
c_1_31_2942,Lymphoid-T
c_1_31_2943,Lymphoid-T
c_1_31_2944,Lymphoid-T
c_1_31_2945,Lymphoid-T
c_1_31_2946,Lymphoid-T
c_1_31_2947,Lymphoid-Other
c_1_31_2948,Lymphoid-Other
c_1_31_2949,Lymphoid-T
c_1_31_2950,Lymphoid-T
c_1_31_2951,Lymphoid-Other
c_1_31_2952,Lymphoid-Other
c_1_31_2953,Lymphoid-T
c_1_31_2954,Lymphoid-Other
c_1_31_2955,Lymphoid-B
c_1_31_2956,Lymphoid-T
c_1_31_2957,Lymphoid-T
c_1_31_2958,Lymphoid-T
c_1_31_2959,Myeloid
c_1_31_2960,Lymphoid-T
c_1_31_2961,Lymphoid-T
c_1_31_2962,Lymphoid-Other
c_1_31_2963,Lymphoid-T
c_1_31_2964,Lymphoid-T
c_1_31_2965,Lymphoid-T
c_1_31_2966,Lymphoid-T
c_1_31_2967,Lymphoid-DC
c_1_31_2968,Lymphoid-Other
c_1_31_2969,Lymphoid-T
c_1_31_2970,Lymphoid-Other
c_1_31_2971,Lymphoid-T
c_1_31_2972,Lymphoid-Other
c_1_31_2973,Lymphoid-Other
c_1_31_2974,Lymphoid-Other
c_1_31_2975,Lymphoid-T
c_1_31_2976,Lymphoid-DC
c_1_31_2977,Lymphoid-T
c_1_31_2978,Lymphoid-DC
c_1_31_2979,Lymphoid-T
c_1_31_2980,Endothelial
c_1_31_2981,Lymphoid-DC
c_1_31_2982,Lymphoid-Plasma
c_1_31_2983,Lymphoid-T
c_1_31_2984,Lymphoid-T
c_1_31_2985,Lymphoid-T
c_1_31_2986,Myeloid
c_1_31_2987,Lymphoid-T
c_1_31_2988,Lymphoid-Other
c_1_31_2989,Lymphoid-T
c_1_31_2990,Lymphoid-DC
c_1_31_2991,Lymphoid-T
c_1_31_2992,Lymphoid-Other
c_1_31_2993,Lymphoid-T
c_1_31_2994,Lymphoid-T
c_1_31_2995,Lymphoid-T
c_1_31_2996,Lymphoid-T
c_1_31_2997,Lymphoid-Plasma
c_1_31_2998,Lymphoid-T
c_1_31_2999,Lymphoid-T
c_1_31_3000,Lymphoid-Other
c_1_31_3001,Lymphoid-T
c_1_31_3002,Lymphoid-B
c_1_31_3003,Endothelial
c_1_31_3004,Lymphoid-T
c_1_31_3005,Lymphoid-T
c_1_31_3006,Lymphoid-Other
c_1_31_3007,Lymphoid-T
c_1_31_3008,Lymphoid-Other
c_1_31_3009,Lymphoid-T
c_1_31_3010,Lymphoid-T
c_1_31_3011,Lymphoid-Other
c_1_31_3012,Lymphoid-T
c_1_31_3013,Lymphoid-Other
c_1_31_3014,Lymphoid-T
c_1_31_3015,Lymphoid-T
c_1_31_3016,Lymphoid-T
c_1_31_3017,Lymphoid-T
c_1_31_3018,Lymphoid-Other
c_1_31_3019,Lymphoid-Other
c_1_31_3020,Lymphoid-T
c_1_31_3021,Lymphoid-T
c_1_31_3022,Lymphoid-T
c_1_31_3023,Lymphoid-T
c_1_31_3024,Lymphoid-T
c_1_31_3025,Lymphoid-T
c_1_31_3026,Lymphoid-Other
c_1_31_3027,Lymphoid-T
c_1_31_3028,Lymphoid-Other
c_1_31_3029,Lymphoid-T
c_1_31_3030,Lymphoid-T
c_1_31_3031,Lymphoid-T
c_1_31_3032,Lymphoid-T
c_1_31_3033,Lymphoid-T
c_1_31_3034,Lymphoid-T
c_1_31_3035,Endothelial
c_1_31_3036,Lymphoid-T
c_1_31_3037,Lymphoid-Other
c_1_31_3038,None
c_1_31_3039,Lymphoid-T
c_1_31_3040,Lymphoid-DC
c_1_31_3041,Lymphoid-Other
c_1_31_3042,Lymphoid-T
c_1_31_3043,Lymphoid-T
c_1_31_3044,Lymphoid-T
c_1_31_3045,Lymphoid-T
c_1_31_3046,Lymphoid-Other
c_1_31_3047,Lymphoid-T
c_1_31_3048,Lymphoid-DC
c_1_31_3049,Lymphoid-T
c_1_31_3050,Lymphoid-Other
c_1_31_3051,Mesenchymal-Stromal
c_1_31_3052,Endothelial
c_1_31_3053,Lymphoid-B
c_1_31_3054,Lymphoid-T
c_1_31_3055,Lymphoid-Other
c_1_31_3056,Lymphoid-T
c_1_31_3057,Lymphoid-Other
c_1_31_3058,Lymphoid-T
c_1_31_3059,Lymphoid-Other
c_1_31_3060,Lymphoid-Other
c_1_31_3061,Lymphoid-Other
c_1_31_3062,Lymphoid-T
c_1_31_3063,Lymphoid-Other
c_1_31_3064,Lymphoid-T
c_1_31_3065,Lymphoid-DC
c_1_31_3066,Lymphoid-T
c_1_31_3067,Endothelial
c_1_31_3068,Lymphoid-B
c_1_31_3069,Lymphoid-T
c_1_31_3070,Lymphoid-T
c_1_31_3071,Lymphoid-Other
c_1_31_3072,Lymphoid-T
c_1_31_3073,Lymphoid-T
c_1_31_3074,Lymphoid-T
c_1_31_3075,None
c_1_31_3076,Lymphoid-T
c_1_31_3077,Lymphoid-Other
c_1_31_3078,Lymphoid-T
c_1_31_3079,Lymphoid-Other
c_1_31_3080,Lymphoid-Other
c_1_31_3081,Endothelial
c_1_31_3082,Lymphoid-Other
c_1_31_3083,Endothelial
c_1_31_3084,Lymphoid-T
c_1_31_3085,Lymphoid-T
c_1_31_3086,Lymphoid-T
c_1_31_3087,Lymphoid-T
c_1_31_3088,Lymphoid-T
c_1_31_3089,Lymphoid-Other
c_1_31_3090,Lymphoid-T
c_1_31_3091,Lymphoid-Other
c_1_31_3092,Lymphoid-T
c_1_31_3093,Lymphoid-Other
c_1_31_3094,Lymphoid-T
c_1_31_3095,None
c_1_31_3096,Lymphoid-T
c_1_31_3097,Lymphoid-T
c_1_31_3098,None
c_1_31_3099,Lymphoid-T
c_1_31_3100,Lymphoid-DC
c_1_31_3101,Lymphoid-T
c_1_31_3102,Lymphoid-Other
c_1_31_3103,Lymphoid-T
c_1_31_3104,Lymphoid-T
c_1_31_3105,Lymphoid-T
c_1_31_3106,Lymphoid-T
c_1_31_3107,Lymphoid-Other
c_1_31_3108,Lymphoid-DC
c_1_31_3109,Lymphoid-T
c_1_31_3110,Endothelial
c_1_31_3111,Lymphoid-T
c_1_31_3112,Lymphoid-DC
c_1_31_3113,None
c_1_31_3114,Lymphoid-Plasma
c_1_31_3115,Lymphoid-Other
c_1_31_3116,Lymphoid-Other
c_1_31_3117,Epithelial
c_1_31_3118,Lymphoid-T
c_1_31_3119,Lymphoid-T
c_1_31_3120,Lymphoid-T
c_1_31_3121,Lymphoid-B
c_1_31_3122,Lymphoid-Other
c_1_31_3123,Lymphoid-T
c_1_31_3124,Lymphoid-Other
c_1_31_3125,Lymphoid-T
c_1_31_3126,Lymphoid-T
c_1_31_3127,Lymphoid-Other
c_1_31_3128,Lymphoid-T
c_1_31_3129,Lymphoid-T
c_1_31_3130,Lymphoid-Other
c_1_31_3131,Lymphoid-T
c_1_31_3132,Lymphoid-Other
c_1_31_3133,Lymphoid-T
c_1_31_3134,Lymphoid-T
c_1_31_3135,Lymphoid-T
c_1_31_3136,Lymphoid-T
c_1_31_3137,Lymphoid-T
c_1_31_3138,Lymphoid-T
c_1_31_3139,Lymphoid-B
c_1_31_3140,Lymphoid-Other
c_1_31_3141,Lymphoid-T
c_1_31_3142,Lymphoid-T
c_1_31_3143,Lymphoid-T
c_1_31_3144,Lymphoid-T
c_1_31_3145,Lymphoid-T
c_1_31_3146,Lymphoid-T
c_1_31_3147,Lymphoid-T
c_1_31_3148,Lymphoid-Other
c_1_31_3149,Lymphoid-Other
c_1_31_3150,Lymphoid-Other
c_1_31_3151,Endothelial
c_1_31_3152,Lymphoid-T
c_1_31_3153,Lymphoid-T
c_1_31_3154,Lymphoid-T
c_1_31_3155,Lymphoid-T
c_1_31_3156,Lymphoid-T
c_1_31_3157,Lymphoid-T
c_1_31_3158,Lymphoid-T
c_1_31_3159,Lymphoid-T
c_1_31_3160,Lymphoid-T
c_1_31_3161,Lymphoid-Other
c_1_31_3162,Lymphoid-Other
c_1_31_3163,Lymphoid-T
c_1_31_3164,Lymphoid-Other
c_1_31_3165,Lymphoid-T
c_1_31_3166,Lymphoid-T
c_1_31_3167,Lymphoid-Other
c_1_31_3168,Lymphoid-DC
c_1_31_3169,Lymphoid-Other
c_1_31_3170,Lymphoid-T
c_1_31_3171,Lymphoid-Other
c_1_31_3172,Lymphoid-Other
c_1_31_3173,Lymphoid-T
c_1_31_3174,Lymphoid-Other
c_1_31_3175,Lymphoid-T
c_1_31_3176,Lymphoid-T
c_1_31_3177,Lymphoid-T
c_1_31_3178,None
c_1_31_3179,Lymphoid-T
c_1_31_3180,Lymphoid-T
c_1_31_3181,Lymphoid-T
c_1_31_3182,Lymphoid-Other
c_1_31_3183,Lymphoid-T
c_1_31_3184,Lymphoid-T
c_1_31_3185,Lymphoid-T
c_1_31_3186,Lymphoid-T
c_1_31_3187,Endothelial
c_1_31_3188,Lymphoid-T
c_1_31_3189,Lymphoid-T
c_1_31_3190,Lymphoid-T
c_1_31_3191,Lymphoid-T
c_1_31_3192,Lymphoid-T
c_1_31_3193,Lymphoid-T
c_1_31_3194,Lymphoid-T
c_1_31_3195,Lymphoid-T
c_1_31_3196,Lymphoid-Other
c_1_31_3197,Lymphoid-T
c_1_31_3198,Lymphoid-Other
c_1_31_3199,Lymphoid-T
c_1_31_3200,Endothelial
c_1_31_3201,Lymphoid-Other
c_1_31_3202,Lymphoid-T
c_1_31_3203,Lymphoid-T
c_1_31_3204,Lymphoid-T
c_1_31_3205,Lymphoid-B
c_1_31_3206,Lymphoid-B
c_1_31_3207,Lymphoid-DC
c_1_31_3208,Lymphoid-T
c_1_31_3209,Lymphoid-T
c_1_31_3210,Lymphoid-T
c_1_31_3211,Lymphoid-DC
c_1_31_3212,Lymphoid-T
c_1_31_3213,Lymphoid-Other
c_1_31_3214,Lymphoid-T
c_1_31_3215,Lymphoid-Other
c_1_31_3216,Lymphoid-T
c_1_31_3217,Lymphoid-DC
c_1_31_3218,Lymphoid-Other
c_1_31_3219,Lymphoid-DC
c_1_31_3220,Lymphoid-DC
c_1_31_3221,Lymphoid-T
c_1_31_3222,Lymphoid-Other
c_1_31_3223,Lymphoid-T
c_1_31_3224,Lymphoid-DC
c_1_31_3225,Lymphoid-DC
c_1_31_3226,Lymphoid-Other
c_1_31_3227,Myeloid
c_1_31_3228,Lymphoid-T
c_1_31_3229,Lymphoid-T
c_1_31_3230,Lymphoid-Other
c_1_31_3231,Mesenchymal-Stromal
c_1_31_3232,None
c_1_31_3233,Lymphoid-T
c_1_31_3234,Lymphoid-Other
c_1_31_3235,Endothelial
c_1_31_3236,Lymphoid-T
c_1_31_3237,Lymphoid-T
c_1_31_3238,Lymphoid-T
c_1_31_3239,Lymphoid-T
c_1_31_3240,Lymphoid-Other
c_1_31_3241,Lymphoid-T
c_1_31_3242,Lymphoid-T
c_1_31_3243,Lymphoid-Other
c_1_31_3244,Lymphoid-T
c_1_31_3245,Lymphoid-T
c_1_31_3246,Lymphoid-Other
c_1_31_3247,Lymphoid-DC
c_1_31_3248,Lymphoid-Other
c_1_31_3249,Lymphoid-T
c_1_31_3250,Lymphoid-Other
c_1_31_3251,Lymphoid-Other
c_1_31_3252,Lymphoid-T
c_1_31_3253,Lymphoid-T
c_1_31_3254,Lymphoid-Other
c_1_31_3255,Lymphoid-Other
c_1_31_3256,Lymphoid-T
c_1_31_3257,Lymphoid-Other
c_1_31_3258,Lymphoid-T
c_1_31_3259,Lymphoid-Other
c_1_31_3260,Lymphoid-DC
c_1_31_3261,Lymphoid-T
c_1_31_3262,Lymphoid-Other
c_1_31_3263,Lymphoid-T
c_1_31_3264,Lymphoid-T
c_1_31_3265,Lymphoid-T
c_1_31_3266,Lymphoid-Other
c_1_31_3267,Lymphoid-Other
c_1_31_3268,None
c_1_31_3269,Lymphoid-DC
c_1_31_3270,Lymphoid-T
c_1_31_3271,None
c_1_31_3272,Lymphoid-T
c_1_31_3273,Lymphoid-T
c_1_31_3274,Lymphoid-Other
c_1_31_3275,Lymphoid-Other
c_1_31_3276,Lymphoid-T
c_1_31_3277,Lymphoid-T
c_1_31_3278,Lymphoid-T
c_1_31_3279,Lymphoid-Other
c_1_31_3280,Lymphoid-T
c_1_31_3281,Lymphoid-Other
c_1_31_3282,Lymphoid-T
c_1_31_3283,Lymphoid-T
c_1_31_3284,Lymphoid-DC
c_1_31_3285,Lymphoid-Other
c_1_31_3286,Lymphoid-Other
c_1_31_3287,Lymphoid-Other
c_1_31_3288,Lymphoid-T
c_1_31_3289,Lymphoid-Other
c_1_31_3290,Lymphoid-Other
c_1_31_3291,Lymphoid-Other
c_1_31_3292,Lymphoid-Other
c_1_31_3293,Lymphoid-T
c_1_32_1,Mesenchymal-Stromal
c_1_32_2,Mesenchymal-Stromal
c_1_32_3,Mesenchymal-Stromal
c_1_32_4,Mesenchymal-Stromal
c_1_32_5,Mesenchymal-Stromal
c_1_32_6,Mesenchymal-Stromal
c_1_32_7,Mesenchymal-Stromal
c_1_32_8,Mesenchymal-Stromal
c_1_32_9,None
c_1_32_10,Lymphoid-Other
c_1_32_11,Lymphoid-Other
c_1_32_12,Endothelial
c_1_32_13,Endothelial
c_1_32_14,None
c_1_32_15,Mesenchymal-Stromal
c_1_32_16,Mesenchymal-Stromal
c_1_32_17,Mesenchymal-Stromal
c_1_32_18,Mesenchymal-Stromal
c_1_32_19,Mesenchymal-Stromal
c_1_32_20,Lymphoid-Other
c_1_32_21,Mesenchymal-Stromal
c_1_32_22,Lymphoid-Other
c_1_32_23,Mesenchymal-Stromal
c_1_32_24,Mesenchymal-Stromal
c_1_32_25,Lymphoid-Other
c_1_32_26,Lymphoid-T
c_1_32_27,None
c_1_32_28,Lymphoid-B
c_1_32_29,Lymphoid-T
c_1_32_30,Mesenchymal-Stromal
c_1_32_31,Mesenchymal-Stromal
c_1_32_32,Endothelial
c_1_32_33,Lymphoid-Other
c_1_32_34,Lymphoid-Other
c_1_32_35,Endothelial
c_1_32_36,Lymphoid-Other
c_1_32_37,Lymphoid-T
c_1_32_38,Mesenchymal-Stromal
c_1_32_39,Neuronal-Glial
c_1_32_40,Mesenchymal-Stromal
c_1_32_41,Mesenchymal-Stromal
c_1_32_42,Lymphoid-Other
c_1_32_43,Lymphoid-Other
c_1_32_44,Mesenchymal-Stromal
c_1_32_45,Lymphoid-T
c_1_32_46,Mesenchymal-Stromal
c_1_32_47,Lymphoid-Plasma
c_1_32_48,Lymphoid-T
c_1_32_49,Endothelial
c_1_32_50,Lymphoid-Other
c_1_32_51,Lymphoid-T
c_1_32_52,Lymphoid-T
c_1_32_53,Lymphoid-B
c_1_32_54,Lymphoid-Other
c_1_32_55,Lymphoid-Other
c_1_32_56,Endothelial
c_1_32_57,Mesenchymal-Stromal
c_1_32_58,Lymphoid-Other
c_1_32_59,Lymphoid-T
c_1_32_60,Mesenchymal-Stromal
c_1_32_61,Lymphoid-Other
c_1_32_62,Lymphoid-Other
c_1_32_63,Mesenchymal-Stromal
c_1_32_64,Lymphoid-T
c_1_32_65,Lymphoid-T
c_1_32_66,Lymphoid-T
c_1_32_67,Lymphoid-T
c_1_32_68,Lymphoid-T
c_1_32_69,Mesenchymal-Stromal
c_1_32_70,Lymphoid-Other
c_1_32_71,Lymphoid-DC
c_1_32_72,Lymphoid-Other
c_1_32_73,Lymphoid-DC
c_1_32_74,Mesenchymal-Stromal
c_1_32_75,Lymphoid-Other
c_1_32_76,Lymphoid-T
c_1_32_77,Lymphoid-T
c_1_32_78,Lymphoid-Other
c_1_32_79,Lymphoid-Other
c_1_32_80,Lymphoid-DC
c_1_32_81,Lymphoid-T
c_1_32_82,Lymphoid-Other
c_1_32_83,Lymphoid-T
c_1_32_84,Lymphoid-T
c_1_32_85,Lymphoid-T
c_1_32_86,Lymphoid-Other
c_1_32_87,Lymphoid-Other
c_1_32_88,Lymphoid-Other
c_1_32_89,Lymphoid-DC
c_1_32_90,Lymphoid-Other
c_1_32_91,Lymphoid-T
c_1_32_92,Mesenchymal-Stromal
c_1_32_93,Lymphoid-DC
c_1_32_94,Lymphoid-Other
c_1_32_95,Lymphoid-T
c_1_32_96,Lymphoid-Other
c_1_32_97,Lymphoid-T
c_1_32_98,Lymphoid-Other
c_1_32_99,Endothelial
c_1_32_100,Endothelial
c_1_32_101,Lymphoid-T
c_1_32_102,Neuronal-Glial
c_1_32_103,Lymphoid-T
c_1_32_104,Lymphoid-T
c_1_32_105,Lymphoid-T
c_1_32_106,Lymphoid-T
c_1_32_107,Endothelial
c_1_32_108,Lymphoid-Other
c_1_32_109,Mesenchymal-Stromal
c_1_32_110,Lymphoid-T
c_1_32_111,Lymphoid-DC
c_1_32_112,Lymphoid-Other
c_1_32_113,Lymphoid-Other
c_1_32_114,Lymphoid-DC
c_1_32_115,Lymphoid-T
c_1_32_116,Lymphoid-T
c_1_32_117,Lymphoid-Other
c_1_32_118,Endothelial
c_1_32_119,Lymphoid-DC
c_1_32_120,Lymphoid-Other
c_1_32_121,Endothelial
c_1_32_122,Lymphoid-T
c_1_32_123,Lymphoid-T
c_1_32_124,Mesenchymal-Stromal
c_1_32_125,Lymphoid-Other
c_1_32_126,Lymphoid-Other
c_1_32_127,Lymphoid-T
c_1_32_128,Lymphoid-T
c_1_32_129,Lymphoid-T
c_1_32_130,Lymphoid-T
c_1_32_131,Lymphoid-Other
c_1_32_132,Lymphoid-T
c_1_32_133,Lymphoid-T
c_1_32_134,Lymphoid-T
c_1_32_135,Lymphoid-DC
c_1_32_136,Lymphoid-T
c_1_32_137,Lymphoid-T
c_1_32_138,Lymphoid-Other
c_1_32_139,Mesenchymal-Stromal
c_1_32_140,Lymphoid-T
c_1_32_141,Lymphoid-T
c_1_32_142,Lymphoid-Other
c_1_32_143,Lymphoid-T
c_1_32_144,Lymphoid-Other
c_1_32_145,Mesenchymal-Stromal
c_1_32_146,Lymphoid-Other
c_1_32_147,Lymphoid-T
c_1_32_148,Lymphoid-T
c_1_32_149,Lymphoid-B
c_1_32_150,Lymphoid-T
c_1_32_151,Endothelial
c_1_32_152,Lymphoid-Other
c_1_32_153,Lymphoid-Other
c_1_32_154,Lymphoid-T
c_1_32_155,Lymphoid-T
c_1_32_156,Endothelial
c_1_32_157,Lymphoid-T
c_1_32_158,Endothelial
c_1_32_159,Mesenchymal-Stromal
c_1_32_160,Lymphoid-B
c_1_32_161,Lymphoid-T
c_1_32_162,Lymphoid-Other
c_1_32_163,Lymphoid-DC
c_1_32_164,Endothelial
c_1_32_165,Lymphoid-T
c_1_32_166,Lymphoid-T
c_1_32_167,Lymphoid-T
c_1_32_168,Lymphoid-T
c_1_32_169,Lymphoid-T
c_1_32_170,Lymphoid-Other
c_1_32_171,Lymphoid-Other
c_1_32_172,Lymphoid-T
c_1_32_173,Endothelial
c_1_32_174,Lymphoid-B
c_1_32_175,Lymphoid-Other
c_1_32_176,Lymphoid-T
c_1_32_177,Lymphoid-T
c_1_32_178,Lymphoid-Other
c_1_32_179,Lymphoid-Other
c_1_32_180,Lymphoid-Plasma
c_1_32_181,Endothelial
c_1_32_182,Lymphoid-T
c_1_32_183,Mesenchymal-Stromal
c_1_32_184,Endothelial
c_1_32_185,Lymphoid-Other
c_1_32_186,Lymphoid-T
c_1_32_187,Lymphoid-T
c_1_32_188,Lymphoid-T
c_1_32_189,Lymphoid-T
c_1_32_190,Lymphoid-T
c_1_32_191,Lymphoid-Other
c_1_32_192,Lymphoid-T
c_1_32_193,Lymphoid-T
c_1_32_194,Lymphoid-T
c_1_32_195,Lymphoid-DC
c_1_32_196,Lymphoid-Other
c_1_32_197,Mesenchymal-Stromal
c_1_32_198,Lymphoid-B
c_1_32_199,Lymphoid-T
c_1_32_200,Lymphoid-T
c_1_32_201,Lymphoid-T
c_1_32_202,Lymphoid-T
c_1_32_203,Lymphoid-Other
c_1_32_204,Mesenchymal-Stromal
c_1_32_205,Lymphoid-B
c_1_32_206,Lymphoid-Other
c_1_32_207,Lymphoid-T
c_1_32_208,Lymphoid-T
c_1_32_209,Lymphoid-T
c_1_32_210,Lymphoid-T
c_1_32_211,Lymphoid-Other
c_1_32_212,Lymphoid-T
c_1_32_213,Lymphoid-Other
c_1_32_214,Lymphoid-Other
c_1_32_215,Lymphoid-T
c_1_32_216,Lymphoid-T
c_1_32_217,Lymphoid-T
c_1_32_218,Lymphoid-T
c_1_32_219,Lymphoid-Other
c_1_32_220,Endothelial
c_1_32_221,Lymphoid-T
c_1_32_222,Lymphoid-T
c_1_32_223,Lymphoid-Other
c_1_32_224,Lymphoid-T
c_1_32_225,Lymphoid-T
c_1_32_226,Lymphoid-Other
c_1_32_227,Lymphoid-T
c_1_32_228,Lymphoid-Other
c_1_32_229,Lymphoid-Other
c_1_32_230,None
c_1_32_231,Lymphoid-T
c_1_32_232,Lymphoid-T
c_1_32_233,Lymphoid-T
c_1_32_234,Lymphoid-Other
c_1_32_235,Lymphoid-Other
c_1_32_236,Endothelial
c_1_32_237,Lymphoid-T
c_1_32_238,Lymphoid-T
c_1_32_239,Lymphoid-Other
c_1_32_240,Lymphoid-Other
c_1_32_241,Lymphoid-T
c_1_32_242,Lymphoid-T
c_1_32_243,Lymphoid-T
c_1_32_244,Lymphoid-T
c_1_32_245,Lymphoid-Other
c_1_32_246,Lymphoid-T
c_1_32_247,Lymphoid-Other
c_1_32_248,Lymphoid-Other
c_1_32_249,Lymphoid-T
c_1_32_250,Lymphoid-T
c_1_32_251,Lymphoid-T
c_1_32_252,Lymphoid-Other
c_1_32_253,Lymphoid-Other
c_1_32_254,Lymphoid-Other
c_1_32_255,Lymphoid-T
c_1_32_256,Lymphoid-Other
c_1_32_257,None
c_1_32_258,Lymphoid-T
c_1_32_259,Lymphoid-T
c_1_32_260,Lymphoid-T
c_1_32_261,Lymphoid-Other
c_1_32_262,Mesenchymal-Stromal
c_1_32_263,Endothelial
c_1_32_264,Lymphoid-T
c_1_32_265,Lymphoid-T
c_1_32_266,Lymphoid-T
c_1_32_267,Lymphoid-Other
c_1_32_268,Lymphoid-T
c_1_32_269,Lymphoid-T
c_1_32_270,Lymphoid-Other
c_1_32_271,Lymphoid-T
c_1_32_272,Lymphoid-B
c_1_32_273,Lymphoid-Other
c_1_32_274,Lymphoid-Other
c_1_32_275,Endothelial
c_1_32_276,Lymphoid-Other
c_1_32_277,Lymphoid-T
c_1_32_278,Lymphoid-Other
c_1_32_279,Lymphoid-T
c_1_32_280,Lymphoid-Other
c_1_32_281,Lymphoid-Other
c_1_32_282,Endothelial
c_1_32_283,Lymphoid-Other
c_1_32_284,Mesenchymal-Stromal
c_1_32_285,Lymphoid-T
c_1_32_286,Lymphoid-T
c_1_32_287,Mesenchymal-Stromal
c_1_32_288,Lymphoid-T
c_1_32_289,Lymphoid-T
c_1_32_290,Lymphoid-T
c_1_32_291,Lymphoid-T
c_1_32_292,Lymphoid-T
c_1_32_293,Lymphoid-Other
c_1_32_294,Lymphoid-T
c_1_32_295,Lymphoid-T
c_1_32_296,Lymphoid-T
c_1_32_297,Lymphoid-Other
c_1_32_298,Lymphoid-T
c_1_32_299,Lymphoid-T
c_1_32_300,Lymphoid-T
c_1_32_301,None
c_1_32_302,Lymphoid-T
c_1_32_303,Lymphoid-T
c_1_32_304,Lymphoid-T
c_1_32_305,Endothelial
c_1_32_306,Lymphoid-T
c_1_32_307,Lymphoid-T
c_1_32_308,Lymphoid-T
c_1_32_309,Endothelial
c_1_32_310,Lymphoid-Other
c_1_32_311,Lymphoid-T
c_1_32_312,Lymphoid-T
c_1_32_313,Lymphoid-T
c_1_32_314,None
c_1_32_315,Lymphoid-T
c_1_32_316,Lymphoid-Other
c_1_32_317,Lymphoid-T
c_1_32_318,Lymphoid-T
c_1_32_319,Lymphoid-T
c_1_32_320,Endothelial
c_1_32_321,Lymphoid-T
c_1_32_322,Lymphoid-T
c_1_32_323,Lymphoid-T
c_1_32_324,Lymphoid-B
c_1_32_325,Lymphoid-T
c_1_32_326,Lymphoid-T
c_1_32_327,Lymphoid-T
c_1_32_328,Lymphoid-T
c_1_32_329,Endothelial
c_1_32_330,Lymphoid-T
c_1_32_331,Lymphoid-T
c_1_32_332,Endothelial
c_1_32_333,Lymphoid-Other
c_1_32_334,Lymphoid-T
c_1_32_335,Lymphoid-Other
c_1_32_336,Lymphoid-Other
c_1_32_337,Lymphoid-Other
c_1_32_338,Lymphoid-T
c_1_32_339,Lymphoid-T
c_1_32_340,Lymphoid-T
c_1_32_341,Lymphoid-Other
c_1_32_342,Lymphoid-T
c_1_32_343,Lymphoid-T
c_1_32_344,Endothelial
c_1_32_345,Lymphoid-T
c_1_32_346,Lymphoid-Other
c_1_32_347,Endothelial
c_1_32_348,Lymphoid-T
c_1_32_349,Lymphoid-Other
c_1_32_350,Mesenchymal-Stromal
c_1_32_351,Lymphoid-T
c_1_32_352,Lymphoid-T
c_1_32_353,Lymphoid-T
c_1_32_354,None
c_1_32_355,Lymphoid-T
c_1_32_356,Lymphoid-Other
c_1_32_357,Lymphoid-B
c_1_32_358,Lymphoid-Other
c_1_32_359,Lymphoid-Other
c_1_32_360,Lymphoid-T
c_1_32_361,Lymphoid-DC
c_1_32_362,Lymphoid-T
c_1_32_363,Lymphoid-Other
c_1_32_364,Lymphoid-Other
c_1_32_365,Lymphoid-T
c_1_32_366,Lymphoid-T
c_1_32_367,Lymphoid-T
c_1_32_368,Lymphoid-T
c_1_32_369,Lymphoid-Other
c_1_32_370,Lymphoid-T
c_1_32_371,Lymphoid-T
c_1_32_372,Lymphoid-Other
c_1_32_373,Lymphoid-Other
c_1_32_374,Lymphoid-Other
c_1_32_375,Lymphoid-T
c_1_32_376,Lymphoid-T
c_1_32_377,Lymphoid-T
c_1_32_378,Lymphoid-Other
c_1_32_379,Lymphoid-T
c_1_32_380,Lymphoid-T
c_1_32_381,Lymphoid-Other
c_1_32_382,Lymphoid-T
c_1_32_383,Lymphoid-T
c_1_32_384,Lymphoid-Other
c_1_32_385,Lymphoid-T
c_1_32_386,Lymphoid-T
c_1_32_387,Lymphoid-Other
c_1_32_388,Lymphoid-T
c_1_32_389,Lymphoid-T
c_1_32_390,Mesenchymal-Stromal
c_1_32_391,Lymphoid-Other
c_1_32_392,Lymphoid-T
c_1_32_393,Lymphoid-Other
c_1_32_394,Lymphoid-Other
c_1_32_395,Lymphoid-T
c_1_32_396,Lymphoid-T
c_1_32_397,Lymphoid-T
c_1_32_398,Lymphoid-T
c_1_32_399,Lymphoid-T
c_1_32_400,Lymphoid-T
c_1_32_401,Lymphoid-T
c_1_32_402,Lymphoid-T
c_1_32_403,Lymphoid-T
c_1_32_404,Lymphoid-T
c_1_32_405,Lymphoid-T
c_1_32_406,Lymphoid-T
c_1_32_407,Lymphoid-T
c_1_32_408,Lymphoid-DC
c_1_32_409,Lymphoid-Other
c_1_32_410,Lymphoid-T
c_1_32_411,Lymphoid-Other
c_1_32_412,Lymphoid-T
c_1_32_413,Lymphoid-Other
c_1_32_414,Lymphoid-T
c_1_32_415,Lymphoid-Other
c_1_32_416,Lymphoid-T
c_1_32_417,Lymphoid-Other
c_1_32_418,Lymphoid-Other
c_1_32_419,Lymphoid-Other
c_1_32_420,Lymphoid-T
c_1_32_421,Myeloid
c_1_32_422,Lymphoid-T
c_1_32_423,Lymphoid-T
c_1_32_424,Lymphoid-T
c_1_32_425,Lymphoid-T
c_1_32_426,Endothelial
c_1_32_427,Lymphoid-T
c_1_32_428,Lymphoid-T
c_1_32_429,Lymphoid-T
c_1_32_430,Lymphoid-Other
c_1_32_431,Lymphoid-T
c_1_32_432,Lymphoid-T
c_1_32_433,Lymphoid-T
c_1_32_434,Lymphoid-T
c_1_32_435,Lymphoid-T
c_1_32_436,Lymphoid-T
c_1_32_437,Lymphoid-Other
c_1_32_438,Lymphoid-B
c_1_32_439,Lymphoid-T
c_1_32_440,Lymphoid-DC
c_1_32_441,Lymphoid-Other
c_1_32_442,Endothelial
c_1_32_443,Lymphoid-Other
c_1_32_444,Lymphoid-T
c_1_32_445,Lymphoid-T
c_1_32_446,Endothelial
c_1_32_447,Endothelial
c_1_32_448,Lymphoid-Other
c_1_32_449,Lymphoid-Other
c_1_32_450,Lymphoid-Other
c_1_32_451,Lymphoid-Plasma
c_1_32_452,Lymphoid-Other
c_1_32_453,Lymphoid-T
c_1_32_454,Lymphoid-T
c_1_32_455,Lymphoid-Other
c_1_32_456,Lymphoid-T
c_1_32_457,Lymphoid-T
c_1_32_458,Lymphoid-Other
c_1_32_459,Lymphoid-T
c_1_32_460,Lymphoid-T
c_1_32_461,Lymphoid-Other
c_1_32_462,Endothelial
c_1_32_463,Lymphoid-T
c_1_32_464,Lymphoid-T
c_1_32_465,Lymphoid-T
c_1_32_466,Endothelial
c_1_32_467,Lymphoid-T
c_1_32_468,Endothelial
c_1_32_469,Lymphoid-T
c_1_32_470,Endothelial
c_1_32_471,Lymphoid-T
c_1_32_472,Lymphoid-T
c_1_32_473,Lymphoid-T
c_1_32_474,Lymphoid-T
c_1_32_475,Lymphoid-Other
c_1_32_476,Lymphoid-T
c_1_32_477,Lymphoid-DC
c_1_32_478,Lymphoid-Other
c_1_32_479,Lymphoid-T
c_1_32_480,Lymphoid-T
c_1_32_481,Lymphoid-Other
c_1_32_482,Lymphoid-T
c_1_32_483,Lymphoid-T
c_1_32_484,Lymphoid-Other
c_1_32_485,Lymphoid-T
c_1_32_486,Lymphoid-T
c_1_32_487,Lymphoid-Other
c_1_32_488,Lymphoid-T
c_1_32_489,Lymphoid-Other
c_1_32_490,Lymphoid-T
c_1_32_491,Lymphoid-T
c_1_32_492,Lymphoid-T
c_1_32_493,Lymphoid-T
c_1_32_494,Lymphoid-T
c_1_32_495,None
c_1_32_496,Lymphoid-T
c_1_32_497,Lymphoid-DC
c_1_32_498,Lymphoid-T
c_1_32_499,Myeloid
c_1_32_500,Lymphoid-T
c_1_32_501,Lymphoid-T
c_1_32_502,Lymphoid-DC
c_1_32_503,Lymphoid-Other
c_1_32_504,Lymphoid-Other
c_1_32_505,Mesenchymal-Stromal
c_1_32_506,Lymphoid-T
c_1_32_507,Lymphoid-T
c_1_32_508,Lymphoid-T
c_1_32_509,Lymphoid-T
c_1_32_510,Lymphoid-T
c_1_32_511,Lymphoid-T
c_1_32_512,Lymphoid-T
c_1_32_513,Lymphoid-T
c_1_32_514,Lymphoid-T
c_1_32_515,Lymphoid-T
c_1_32_516,Lymphoid-DC
c_1_32_517,Lymphoid-T
c_1_32_518,Lymphoid-T
c_1_32_519,Lymphoid-Other
c_1_32_520,Lymphoid-T
c_1_32_521,Lymphoid-T
c_1_32_522,Endothelial
c_1_32_523,Lymphoid-DC
c_1_32_524,Lymphoid-Other
c_1_32_525,Lymphoid-B
c_1_32_526,Lymphoid-Other
c_1_32_527,Lymphoid-T
c_1_32_528,Lymphoid-Other
c_1_32_529,Lymphoid-DC
c_1_32_530,Lymphoid-T
c_1_32_531,Lymphoid-T
c_1_32_532,Lymphoid-T
c_1_32_533,Lymphoid-Other
c_1_32_534,Lymphoid-Other
c_1_32_535,Lymphoid-DC
c_1_32_536,Lymphoid-Other
c_1_32_537,Lymphoid-T
c_1_32_538,Lymphoid-T
c_1_32_539,Lymphoid-T
c_1_32_540,Lymphoid-DC
c_1_32_541,Lymphoid-Other
c_1_32_542,Lymphoid-T
c_1_32_543,Lymphoid-T
c_1_32_544,Lymphoid-Other
c_1_32_545,Lymphoid-Other
c_1_32_546,Lymphoid-T
c_1_32_547,Lymphoid-T
c_1_32_548,Lymphoid-T
c_1_32_549,Lymphoid-T
c_1_32_550,Lymphoid-T
c_1_32_551,Lymphoid-Other
c_1_32_552,Lymphoid-T
c_1_32_553,Lymphoid-DC
c_1_32_554,Lymphoid-Other
c_1_32_555,None
c_1_32_556,Lymphoid-T
c_1_32_557,Lymphoid-T
c_1_32_558,Endothelial
c_1_32_559,Endothelial
c_1_32_560,Lymphoid-T
c_1_32_561,Lymphoid-DC
c_1_32_562,Lymphoid-B
c_1_32_563,Lymphoid-Other
c_1_32_564,Lymphoid-T
c_1_32_565,Lymphoid-T
c_1_32_566,Lymphoid-Other
c_1_32_567,Lymphoid-Other
c_1_32_568,Endothelial
c_1_32_569,Lymphoid-T
c_1_32_570,Lymphoid-Other
c_1_32_571,Lymphoid-Other
c_1_32_572,Lymphoid-T
c_1_32_573,Lymphoid-T
c_1_32_574,Lymphoid-B
c_1_32_575,Lymphoid-Other
c_1_32_576,Lymphoid-T
c_1_32_577,Lymphoid-DC
c_1_32_578,Lymphoid-Other
c_1_32_579,Endothelial
c_1_32_580,Lymphoid-T
c_1_32_581,Lymphoid-T
c_1_32_582,Lymphoid-T
c_1_32_583,Lymphoid-T
c_1_32_584,Lymphoid-T
c_1_32_585,Lymphoid-T
c_1_32_586,Lymphoid-Other
c_1_32_587,Lymphoid-Other
c_1_32_588,Lymphoid-Other
c_1_32_589,Lymphoid-T
c_1_32_590,Lymphoid-T
c_1_32_591,Lymphoid-T
c_1_32_592,Lymphoid-T
c_1_32_593,Lymphoid-T
c_1_32_594,Endothelial
c_1_32_595,Lymphoid-T
c_1_32_596,Lymphoid-T
c_1_32_597,Lymphoid-T
c_1_32_598,Lymphoid-Other
c_1_32_599,Lymphoid-Other
c_1_32_600,Lymphoid-Other
c_1_32_601,Lymphoid-T
c_1_32_602,Lymphoid-T
c_1_32_603,Lymphoid-DC
c_1_32_604,Lymphoid-T
c_1_32_605,Lymphoid-Other
c_1_32_606,Lymphoid-Other
c_1_32_607,Lymphoid-T
c_1_32_608,Lymphoid-T
c_1_32_609,Lymphoid-T
c_1_32_610,Lymphoid-T
c_1_32_611,Lymphoid-T
c_1_32_612,Lymphoid-Other
c_1_32_613,Lymphoid-T
c_1_32_614,Lymphoid-T
c_1_32_615,Lymphoid-T
c_1_32_616,Lymphoid-T
c_1_32_617,Lymphoid-T
c_1_32_618,None
c_1_32_619,Lymphoid-T
c_1_32_620,Mesenchymal-Stromal
c_1_32_621,Lymphoid-Other
c_1_32_622,Lymphoid-Other
c_1_32_623,Lymphoid-T
c_1_32_624,Lymphoid-DC
c_1_32_625,Lymphoid-T
c_1_32_626,Lymphoid-Other
c_1_32_627,Lymphoid-T
c_1_32_628,Lymphoid-Plasma
c_1_32_629,Lymphoid-Other
c_1_32_630,Lymphoid-T
c_1_32_631,Lymphoid-Other
c_1_32_632,Lymphoid-Other
c_1_32_633,Lymphoid-T
c_1_32_634,Lymphoid-Other
c_1_32_635,Lymphoid-DC
c_1_32_636,Lymphoid-Other
c_1_32_637,Lymphoid-Other
c_1_32_638,Lymphoid-T
c_1_32_639,Lymphoid-DC
c_1_32_640,Lymphoid-T
c_1_32_641,Lymphoid-T
c_1_32_642,Lymphoid-Other
c_1_32_643,Lymphoid-DC
c_1_32_644,Lymphoid-T
c_1_32_645,Lymphoid-T
c_1_32_646,Lymphoid-T
c_1_32_647,Lymphoid-T
c_1_32_648,Lymphoid-Other
c_1_32_649,Lymphoid-Other
c_1_32_650,Lymphoid-Other
c_1_32_651,Lymphoid-Other
c_1_32_652,Lymphoid-T
c_1_32_653,Lymphoid-DC
c_1_32_654,Lymphoid-Other
c_1_32_655,Lymphoid-T
c_1_32_656,Lymphoid-Other
c_1_32_657,Endothelial
c_1_32_658,Lymphoid-Other
c_1_32_659,Lymphoid-T
c_1_32_660,Lymphoid-T
c_1_32_661,Lymphoid-Other
c_1_32_662,Lymphoid-T
c_1_32_663,Lymphoid-T
c_1_32_664,Lymphoid-DC
c_1_32_665,Lymphoid-T
c_1_32_666,Lymphoid-T
c_1_32_667,Lymphoid-T
c_1_32_668,Lymphoid-Other
c_1_32_669,Mesenchymal-Stromal
c_1_32_670,Mesenchymal-Stromal
c_1_32_671,Mesenchymal-Stromal
c_1_32_672,Endothelial
c_1_32_673,Mesenchymal-Stromal
c_1_32_674,Mesenchymal-Stromal
c_1_32_675,Mesenchymal-Stromal
c_1_32_676,Mesenchymal-Stromal
c_1_32_677,Mesenchymal-Stromal
c_1_32_678,Mesenchymal-Stromal
c_1_32_679,Mesenchymal-Stromal
c_1_32_680,Mesenchymal-Stromal
c_1_32_681,None
c_1_32_682,Mesenchymal-Stromal
c_1_32_683,Lymphoid-Plasma
c_1_32_684,Mesenchymal-Stromal
c_1_32_685,Lymphoid-Other
c_1_32_686,Mesenchymal-Stromal
c_1_32_687,Mesenchymal-Stromal
c_1_32_688,Mesenchymal-Stromal
c_1_32_689,Mesenchymal-Stromal
c_1_32_690,Mesenchymal-Stromal
c_1_32_691,Mesenchymal-Stromal
c_1_32_692,Endothelial
c_1_32_693,Mesenchymal-Stromal
c_1_32_694,Mesenchymal-Stromal
c_1_32_695,Mesenchymal-Stromal
c_1_32_696,Mesenchymal-Stromal
c_1_32_697,Lymphoid-Plasma
c_1_32_698,Mesenchymal-Stromal
c_1_32_699,Mesenchymal-Stromal
c_1_32_700,Lymphoid-Plasma
c_1_32_701,Mesenchymal-Stromal
c_1_32_702,Mesenchymal-Stromal
c_1_32_703,Neuronal-Glial
c_1_32_704,Mesenchymal-Stromal
c_1_32_705,Lymphoid-Other
c_1_32_706,Mesenchymal-Stromal
c_1_32_707,Mesenchymal-Stromal
c_1_32_708,Mesenchymal-Stromal
c_1_32_709,Mesenchymal-Stromal
c_1_32_710,Mesenchymal-Stromal
c_1_32_711,Mesenchymal-Stromal
c_1_32_712,Endothelial
c_1_32_713,Mesenchymal-Stromal
c_1_32_714,Mesenchymal-Stromal
c_1_32_715,Endothelial
c_1_32_716,Mesenchymal-Stromal
c_1_32_717,Mesenchymal-Stromal
c_1_32_718,Mesenchymal-Stromal
c_1_32_719,Mesenchymal-Stromal
c_1_32_720,Lymphoid-Other
c_1_32_721,Mesenchymal-Stromal
c_1_32_722,Lymphoid-Other
c_1_32_723,Mesenchymal-Stromal
c_1_32_724,Mesenchymal-Stromal
c_1_32_725,Mesenchymal-Stromal
c_1_32_726,Mesenchymal-Stromal
c_1_32_727,Mesenchymal-Stromal
c_1_32_728,Mesenchymal-Stromal
c_1_32_729,Mesenchymal-Stromal
c_1_32_730,Mesenchymal-Stromal
c_1_32_731,Mesenchymal-Stromal
c_1_32_732,Mesenchymal-Stromal
c_1_32_733,Endothelial
c_1_32_734,Mesenchymal-Stromal
c_1_32_735,Mesenchymal-Stromal
c_1_32_736,Mesenchymal-Stromal
c_1_32_737,Myeloid
c_1_32_738,Mesenchymal-Stromal
c_1_32_739,Mesenchymal-Stromal
c_1_32_740,Mesenchymal-Stromal
c_1_32_741,Mesenchymal-Stromal
c_1_32_742,Lymphoid-Plasma
c_1_32_743,Mesenchymal-Stromal
c_1_32_744,Mesenchymal-Stromal
c_1_32_745,Mesenchymal-Stromal
c_1_32_746,Mesenchymal-Stromal
c_1_32_747,Mesenchymal-Stromal
c_1_32_748,Mesenchymal-Stromal
c_1_32_749,Mesenchymal-Stromal
c_1_32_750,Lymphoid-Other
c_1_32_751,Mesenchymal-Stromal
c_1_32_752,Mesenchymal-Stromal
c_1_32_753,Mesenchymal-Stromal
c_1_32_754,Mesenchymal-Stromal
c_1_32_755,Lymphoid-Other
c_1_32_756,Mesenchymal-Stromal
c_1_32_757,Mesenchymal-Stromal
c_1_32_758,Mesenchymal-Stromal
c_1_32_759,Mesenchymal-Stromal
c_1_32_760,Mesenchymal-Stromal
c_1_32_761,Mesenchymal-Stromal
c_1_32_762,Lymphoid-T
c_1_32_763,Mesenchymal-Stromal
c_1_32_764,Endothelial
c_1_32_765,Mesenchymal-Stromal
c_1_32_766,Lymphoid-T
c_1_32_767,Endothelial
c_1_32_768,Lymphoid-Other
c_1_32_769,Mesenchymal-Stromal
c_1_32_770,Endothelial
c_1_32_771,Mesenchymal-Stromal
c_1_32_772,Mesenchymal-Stromal
c_1_32_773,Mesenchymal-Stromal
c_1_32_774,Endothelial
c_1_32_775,Lymphoid-Plasma
c_1_32_776,Mesenchymal-Stromal
c_1_32_777,Mesenchymal-Stromal
c_1_32_778,Mesenchymal-Stromal
c_1_32_779,Mesenchymal-Stromal
c_1_32_780,Endothelial
c_1_32_781,Mesenchymal-Stromal
c_1_32_782,Lymphoid-T
c_1_32_783,Lymphoid-T
c_1_32_784,Mesenchymal-Stromal
c_1_32_785,Mesenchymal-Stromal
c_1_32_786,Endothelial
c_1_32_787,Endothelial
c_1_32_788,Mesenchymal-Stromal
c_1_32_789,Lymphoid-T
c_1_32_790,Mesenchymal-Stromal
c_1_32_791,Mesenchymal-Stromal
c_1_32_792,Mesenchymal-Stromal
c_1_32_793,Mesenchymal-Stromal
c_1_32_794,Mesenchymal-Stromal
c_1_32_795,Mesenchymal-Stromal
c_1_32_796,Lymphoid-Other
c_1_32_797,Lymphoid-Other
c_1_32_798,Mesenchymal-Stromal
c_1_32_799,Lymphoid-Other
c_1_32_800,Neuronal-Glial
c_1_32_801,Endothelial
c_1_32_802,Lymphoid-Other
c_1_32_803,Mesenchymal-Stromal
c_1_32_804,Mesenchymal-Stromal
c_1_32_805,Mesenchymal-Stromal
c_1_32_806,Mesenchymal-Stromal
c_1_32_807,Mesenchymal-Stromal
c_1_32_808,Mesenchymal-Stromal
c_1_32_809,Mesenchymal-Stromal
c_1_32_810,Mesenchymal-Stromal
c_1_32_811,Endothelial
c_1_32_812,Mesenchymal-Stromal
c_1_32_813,Mesenchymal-Stromal
c_1_32_814,Mesenchymal-Stromal
c_1_32_815,Mesenchymal-Stromal
c_1_32_816,Mesenchymal-Stromal
c_1_32_817,Mesenchymal-Stromal
c_1_32_818,Mesenchymal-Stromal
c_1_32_819,Mesenchymal-Stromal
c_1_32_820,Mesenchymal-Stromal
c_1_32_821,Mesenchymal-Stromal
c_1_32_822,Mesenchymal-Stromal
c_1_32_823,Endothelial
c_1_32_824,Mesenchymal-Stromal
c_1_32_825,Endothelial
c_1_32_826,Endothelial
c_1_32_827,Mesenchymal-Stromal
c_1_32_828,Mesenchymal-Stromal
c_1_32_829,Mesenchymal-Stromal
c_1_32_830,Mesenchymal-Stromal
c_1_32_831,Lymphoid-Other
c_1_32_832,Endothelial
c_1_32_833,Mesenchymal-Stromal
c_1_32_834,Endothelial
c_1_32_835,Mesenchymal-Stromal
c_1_32_836,Mesenchymal-Stromal
c_1_32_837,Mesenchymal-Stromal
c_1_32_838,Lymphoid-Other
c_1_32_839,Mesenchymal-Stromal
c_1_32_840,Mesenchymal-Stromal
c_1_32_841,Endothelial
c_1_32_842,Lymphoid-T
c_1_32_843,Mesenchymal-Stromal
c_1_32_844,Mesenchymal-Stromal
c_1_32_845,Mesenchymal-Stromal
c_1_32_846,Mesenchymal-Stromal
c_1_32_847,Mesenchymal-Stromal
c_1_32_848,Endothelial
c_1_32_849,Mesenchymal-Stromal
c_1_32_850,Lymphoid-Plasma
c_1_32_851,Mesenchymal-Stromal
c_1_32_852,Mesenchymal-Stromal
c_1_32_853,Mesenchymal-Stromal
c_1_32_854,Endothelial
c_1_32_855,Mesenchymal-Stromal
c_1_32_856,Mesenchymal-Stromal
c_1_32_857,Mesenchymal-Stromal
c_1_32_858,Mesenchymal-Stromal
c_1_32_859,Epithelial
c_1_32_860,Mesenchymal-Stromal
c_1_32_861,Mesenchymal-Stromal
c_1_32_862,Lymphoid-T
c_1_32_863,Lymphoid-Plasma
c_1_32_864,Myeloid
c_1_32_865,Mesenchymal-Stromal
c_1_32_866,None
c_1_32_867,Lymphoid-T
c_1_32_868,Lymphoid-Plasma
c_1_32_869,Mesenchymal-Stromal
c_1_32_870,Mesenchymal-Stromal
c_1_32_871,Mesenchymal-Stromal
c_1_32_872,Lymphoid-Other
c_1_32_873,Mesenchymal-Stromal
c_1_32_874,Mesenchymal-Stromal
c_1_32_875,Mesenchymal-Stromal
c_1_32_876,Lymphoid-Plasma
c_1_32_877,Mesenchymal-Stromal
c_1_32_878,Mesenchymal-Stromal
c_1_32_879,Mesenchymal-Stromal
c_1_32_880,Mesenchymal-Stromal
c_1_32_881,Mesenchymal-Stromal
c_1_32_882,Mesenchymal-Stromal
c_1_32_883,Mesenchymal-Stromal
c_1_32_884,Lymphoid-T
c_1_32_885,Mesenchymal-Stromal
c_1_32_886,Mesenchymal-Stromal
c_1_32_887,Mesenchymal-Stromal
c_1_32_888,Mesenchymal-Stromal
c_1_32_889,Lymphoid-Other
c_1_32_890,Lymphoid-Other
c_1_32_891,Mesenchymal-Stromal
c_1_32_892,Lymphoid-Other
c_1_32_893,Mesenchymal-Stromal
c_1_32_894,Lymphoid-Other
c_1_32_895,Lymphoid-T
c_1_32_896,Neuronal-Glial
c_1_32_897,Mesenchymal-Stromal
c_1_32_898,Mesenchymal-Stromal
c_1_32_899,Mesenchymal-Stromal
c_1_32_900,Neuronal-Glial
c_1_32_901,Mesenchymal-Stromal
c_1_32_902,Mesenchymal-Stromal
c_1_32_903,Lymphoid-T
c_1_32_904,Mesenchymal-Stromal
c_1_32_905,Mesenchymal-Stromal
c_1_32_906,Mesenchymal-Stromal
c_1_32_907,Mesenchymal-Stromal
c_1_32_908,Lymphoid-Other
c_1_32_909,Mesenchymal-Stromal
c_1_32_910,Mesenchymal-Stromal
c_1_32_911,Mesenchymal-Stromal
c_1_32_912,Mesenchymal-Stromal
c_1_32_913,Lymphoid-Other
c_1_32_914,Lymphoid-Other
c_1_32_915,Lymphoid-Other
c_1_32_916,Lymphoid-T
c_1_32_917,Mesenchymal-Stromal
c_1_32_918,Mesenchymal-Stromal
c_1_32_919,Lymphoid-T
c_1_32_920,Mesenchymal-Stromal
c_1_32_921,Mesenchymal-Stromal
c_1_32_922,Mesenchymal-Stromal
c_1_32_923,Mesenchymal-Stromal
c_1_32_924,Mesenchymal-Stromal
c_1_32_925,Lymphoid-T
c_1_32_926,Endothelial
c_1_32_927,Mesenchymal-Stromal
c_1_32_928,Mesenchymal-Stromal
c_1_32_929,Mesenchymal-Stromal
c_1_32_930,Mesenchymal-Stromal
c_1_32_931,Lymphoid-Other
c_1_32_932,Endothelial
c_1_32_933,Lymphoid-Other
c_1_32_934,Mesenchymal-Stromal
c_1_32_935,Mesenchymal-Stromal
c_1_32_936,Lymphoid-T
c_1_32_937,Lymphoid-T
c_1_32_938,Mesenchymal-Stromal
c_1_32_939,Mesenchymal-Stromal
c_1_32_940,Mesenchymal-Stromal
c_1_32_941,Mesenchymal-Stromal
c_1_32_942,Mesenchymal-Stromal
c_1_32_943,Lymphoid-Plasma
c_1_32_944,Lymphoid-T
c_1_32_945,Mesenchymal-Stromal
c_1_32_946,Mesenchymal-Stromal
c_1_32_947,Mesenchymal-Stromal
c_1_32_948,Mesenchymal-Stromal
c_1_32_949,Mesenchymal-Stromal
c_1_32_950,Mesenchymal-Stromal
c_1_32_951,Mesenchymal-Stromal
c_1_32_952,Lymphoid-T
c_1_32_953,Lymphoid-Other
c_1_32_954,Neuronal-Glial
c_1_32_955,Mesenchymal-Stromal
c_1_32_956,Mesenchymal-Stromal
c_1_32_957,Lymphoid-Plasma
c_1_32_958,Endothelial
c_1_32_959,Mesenchymal-Stromal
c_1_32_960,Lymphoid-T
c_1_32_961,Mesenchymal-Stromal
c_1_32_962,Lymphoid-Plasma
c_1_32_963,Mesenchymal-Stromal
c_1_32_964,Mesenchymal-Stromal
c_1_32_965,Lymphoid-Other
c_1_32_966,Mesenchymal-Stromal
c_1_32_967,Endothelial
c_1_32_968,Lymphoid-T
c_1_32_969,Mesenchymal-Stromal
c_1_32_970,Mesenchymal-Stromal
c_1_32_971,Lymphoid-T
c_1_32_972,Mesenchymal-Stromal
c_1_32_973,Mesenchymal-Stromal
c_1_32_974,Mesenchymal-Stromal
c_1_32_975,Mesenchymal-Stromal
c_1_32_976,Mesenchymal-Stromal
c_1_32_977,Mesenchymal-Stromal
c_1_32_978,Lymphoid-Other
c_1_32_979,Mesenchymal-Stromal
c_1_32_980,Lymphoid-T
c_1_32_981,Lymphoid-T
c_1_32_982,Mesenchymal-Stromal
c_1_32_983,Lymphoid-Other
c_1_32_984,Mesenchymal-Stromal
c_1_32_985,Lymphoid-T
c_1_32_986,Mesenchymal-Stromal
c_1_32_987,Lymphoid-Other
c_1_32_988,Mesenchymal-Stromal
c_1_32_989,Mesenchymal-Stromal
c_1_32_990,Mesenchymal-Stromal
c_1_32_991,Mesenchymal-Stromal
c_1_32_992,Mesenchymal-Stromal
c_1_32_993,Lymphoid-T
c_1_32_994,Mesenchymal-Stromal
c_1_32_995,Mesenchymal-Stromal
c_1_32_996,Myeloid
c_1_32_997,Endothelial
c_1_32_998,Mesenchymal-Stromal
c_1_32_999,Mesenchymal-Stromal
c_1_32_1000,Mesenchymal-Stromal
c_1_32_1001,Lymphoid-T
c_1_32_1002,Lymphoid-T
c_1_32_1003,Mesenchymal-Stromal
c_1_32_1004,Mesenchymal-Stromal
c_1_32_1005,Lymphoid-Other
c_1_32_1006,Lymphoid-Plasma
c_1_32_1007,Endothelial
c_1_32_1008,Mesenchymal-Stromal
c_1_32_1009,Lymphoid-T
c_1_32_1010,Lymphoid-T
c_1_32_1011,Mesenchymal-Stromal
c_1_32_1012,Mesenchymal-Stromal
c_1_32_1013,Mesenchymal-Stromal
c_1_32_1014,Mesenchymal-Stromal
c_1_32_1015,Lymphoid-Other
c_1_32_1016,Lymphoid-T
c_1_32_1017,Mesenchymal-Stromal
c_1_32_1018,Mesenchymal-Stromal
c_1_32_1019,Mesenchymal-Stromal
c_1_32_1020,Lymphoid-T
c_1_32_1021,Mesenchymal-Stromal
c_1_32_1022,Lymphoid-T
c_1_32_1023,Mesenchymal-Stromal
c_1_32_1024,Mesenchymal-Stromal
c_1_32_1025,Mesenchymal-Stromal
c_1_32_1026,Mesenchymal-Stromal
c_1_32_1027,Mesenchymal-Stromal
c_1_32_1028,Mesenchymal-Stromal
c_1_32_1029,Lymphoid-B
c_1_32_1030,Mesenchymal-Stromal
c_1_32_1031,Lymphoid-B
c_1_32_1032,Lymphoid-DC
c_1_32_1033,Mesenchymal-Stromal
c_1_32_1034,Lymphoid-T
c_1_32_1035,Lymphoid-T
c_1_32_1036,None
c_1_32_1037,Mesenchymal-Stromal
c_1_32_1038,Lymphoid-Plasma
c_1_32_1039,Mesenchymal-Stromal
c_1_32_1040,Mesenchymal-Stromal
c_1_32_1041,Mesenchymal-Stromal
c_1_32_1042,Mesenchymal-Stromal
c_1_32_1043,Mesenchymal-Stromal
c_1_32_1044,Lymphoid-DC
c_1_32_1045,Endothelial
c_1_32_1046,Lymphoid-DC
c_1_32_1047,Mesenchymal-Stromal
c_1_32_1048,Lymphoid-Other
c_1_32_1049,Mesenchymal-Stromal
c_1_32_1050,Lymphoid-DC
c_1_32_1051,Lymphoid-DC
c_1_32_1052,Mesenchymal-Stromal
c_1_32_1053,Lymphoid-T
c_1_32_1054,Mesenchymal-Stromal
c_1_32_1055,Endothelial
c_1_32_1056,Lymphoid-DC
c_1_32_1057,Mesenchymal-Stromal
c_1_32_1058,Mesenchymal-Stromal
c_1_32_1059,Mesenchymal-Stromal
c_1_32_1060,Mesenchymal-Stromal
c_1_32_1061,Lymphoid-T
c_1_32_1062,Lymphoid-Plasma
c_1_32_1063,Lymphoid-T
c_1_32_1064,Mesenchymal-Stromal
c_1_32_1065,Lymphoid-T
c_1_32_1066,Lymphoid-Other
c_1_32_1067,Lymphoid-T
c_1_32_1068,Mesenchymal-Stromal
c_1_32_1069,Epithelial
c_1_32_1070,Mesenchymal-Stromal
c_1_32_1071,Lymphoid-T
c_1_32_1072,Lymphoid-T
c_1_32_1073,Lymphoid-Other
c_1_32_1074,Mesenchymal-Stromal
c_1_32_1075,Mesenchymal-Stromal
c_1_32_1076,Mesenchymal-Stromal
c_1_32_1077,Mesenchymal-Stromal
c_1_32_1078,Endothelial
c_1_32_1079,Lymphoid-T
c_1_32_1080,Mesenchymal-Stromal
c_1_32_1081,Mesenchymal-Stromal
c_1_32_1082,Mesenchymal-Stromal
c_1_32_1083,Lymphoid-Other
c_1_32_1084,Mesenchymal-Stromal
c_1_32_1085,Mesenchymal-Stromal
c_1_32_1086,Mesenchymal-Stromal
c_1_32_1087,Endothelial
c_1_32_1088,Mesenchymal-Stromal
c_1_32_1089,None
c_1_32_1090,Mesenchymal-Stromal
c_1_32_1091,Lymphoid-DC
c_1_32_1092,Mesenchymal-Stromal
c_1_32_1093,Lymphoid-T
c_1_32_1094,Lymphoid-DC
c_1_32_1095,Lymphoid-T
c_1_32_1096,Endothelial
c_1_32_1097,Mesenchymal-Stromal
c_1_32_1098,Mesenchymal-Stromal
c_1_32_1099,Mesenchymal-Stromal
c_1_32_1100,Lymphoid-T
c_1_32_1101,Lymphoid-T
c_1_32_1102,Mesenchymal-Stromal
c_1_32_1103,Lymphoid-T
c_1_32_1104,Mesenchymal-Stromal
c_1_32_1105,Mesenchymal-Stromal
c_1_32_1106,Lymphoid-T
c_1_32_1107,Mesenchymal-Stromal
c_1_32_1108,Mesenchymal-Stromal
c_1_32_1109,Mesenchymal-Stromal
c_1_32_1110,Lymphoid-T
c_1_32_1111,Endothelial
c_1_32_1112,Mesenchymal-Stromal
c_1_32_1113,Mesenchymal-Stromal
c_1_32_1114,Lymphoid-Other
c_1_32_1115,Endothelial
c_1_32_1116,Mesenchymal-Stromal
c_1_32_1117,Mesenchymal-Stromal
c_1_32_1118,Lymphoid-Plasma
c_1_32_1119,Endothelial
c_1_32_1120,Lymphoid-Other
c_1_32_1121,Lymphoid-T
c_1_32_1122,Mesenchymal-Stromal
c_1_32_1123,Lymphoid-T
c_1_32_1124,Lymphoid-T
c_1_32_1125,Lymphoid-Other
c_1_32_1126,Mesenchymal-Stromal
c_1_32_1127,Mesenchymal-Stromal
c_1_32_1128,Lymphoid-Other
c_1_32_1129,Mesenchymal-Stromal
c_1_32_1130,Mesenchymal-Stromal
c_1_32_1131,Mesenchymal-Stromal
c_1_32_1132,Endothelial
c_1_32_1133,Mesenchymal-Stromal
c_1_32_1134,Mesenchymal-Stromal
c_1_32_1135,Mesenchymal-Stromal
c_1_32_1136,Mesenchymal-Stromal
c_1_32_1137,Endothelial
c_1_32_1138,Myeloid
c_1_32_1139,Lymphoid-Other
c_1_32_1140,Endothelial
c_1_32_1141,Lymphoid-T
c_1_32_1142,Mesenchymal-Stromal
c_1_32_1143,Lymphoid-Other
c_1_32_1144,Mesenchymal-Stromal
c_1_32_1145,Mesenchymal-Stromal
c_1_32_1146,Mesenchymal-Stromal
c_1_32_1147,Mesenchymal-Stromal
c_1_32_1148,Mesenchymal-Stromal
c_1_32_1149,Lymphoid-T
c_1_32_1150,Lymphoid-Other
c_1_32_1151,Lymphoid-Other
c_1_32_1152,Lymphoid-T
c_1_32_1153,Mesenchymal-Stromal
c_1_32_1154,Lymphoid-T
c_1_32_1155,Lymphoid-T
c_1_32_1156,Lymphoid-T
c_1_32_1157,Lymphoid-Other
c_1_32_1158,Mesenchymal-Stromal
c_1_32_1159,Mesenchymal-Stromal
c_1_32_1160,Endothelial
c_1_32_1161,Mesenchymal-Stromal
c_1_32_1162,Mesenchymal-Stromal
c_1_32_1163,Lymphoid-Other
c_1_32_1164,Mesenchymal-Stromal
c_1_32_1165,Endothelial
c_1_32_1166,Mesenchymal-Stromal
c_1_32_1167,Lymphoid-T
c_1_32_1168,Mesenchymal-Stromal
c_1_32_1169,Lymphoid-Other
c_1_32_1170,Lymphoid-T
c_1_32_1171,Lymphoid-Other
c_1_32_1172,Lymphoid-Plasma
c_1_32_1173,Lymphoid-DC
c_1_32_1174,Mesenchymal-Stromal
c_1_32_1175,Mesenchymal-Stromal
c_1_32_1176,Endothelial
c_1_32_1177,Endothelial
c_1_32_1178,Mesenchymal-Stromal
c_1_32_1179,Mesenchymal-Stromal
c_1_32_1180,Mesenchymal-Stromal
c_1_32_1181,Mesenchymal-Stromal
c_1_32_1182,Lymphoid-T
c_1_32_1183,Lymphoid-Other
c_1_32_1184,Mesenchymal-Stromal
c_1_32_1185,Lymphoid-T
c_1_32_1186,Lymphoid-T
c_1_32_1187,Lymphoid-Other
c_1_32_1188,Mesenchymal-Stromal
c_1_32_1189,Lymphoid-Plasma
c_1_32_1190,Mesenchymal-Stromal
c_1_32_1191,Endothelial
c_1_32_1192,Lymphoid-Other
c_1_32_1193,Lymphoid-T
c_1_32_1194,Mesenchymal-Stromal
c_1_32_1195,Mesenchymal-Stromal
c_1_32_1196,Mesenchymal-Stromal
c_1_32_1197,Endothelial
c_1_32_1198,Lymphoid-T
c_1_32_1199,Lymphoid-T
c_1_32_1200,Myeloid
c_1_32_1201,Mesenchymal-Stromal
c_1_32_1202,Lymphoid-T
c_1_32_1203,Mesenchymal-Stromal
c_1_32_1204,Lymphoid-T
c_1_32_1205,Lymphoid-T
c_1_32_1206,Lymphoid-Plasma
c_1_32_1207,Lymphoid-Other
c_1_32_1208,Mesenchymal-Stromal
c_1_32_1209,Lymphoid-Other
c_1_32_1210,Lymphoid-Plasma
c_1_32_1211,Lymphoid-T
c_1_32_1212,Mesenchymal-Stromal
c_1_32_1213,Mesenchymal-Stromal
c_1_32_1214,Lymphoid-Plasma
c_1_32_1215,Lymphoid-Plasma
c_1_32_1216,Mesenchymal-Stromal
c_1_32_1217,Endothelial
c_1_32_1218,None
c_1_32_1219,Mesenchymal-Stromal
c_1_32_1220,Mesenchymal-Stromal
c_1_32_1221,Lymphoid-T
c_1_32_1222,Mesenchymal-Stromal
c_1_32_1223,Lymphoid-Plasma
c_1_32_1224,Mesenchymal-Stromal
c_1_32_1225,Endothelial
c_1_32_1226,Mesenchymal-Stromal
c_1_32_1227,Mesenchymal-Stromal
c_1_32_1228,Endothelial
c_1_32_1229,Mesenchymal-Stromal
c_1_32_1230,Mesenchymal-Stromal
c_1_32_1231,Lymphoid-Other
c_1_32_1232,Lymphoid-T
c_1_32_1233,Lymphoid-T
c_1_32_1234,Mesenchymal-Stromal
c_1_32_1235,Endothelial
c_1_32_1236,Mesenchymal-Stromal
c_1_32_1237,Mesenchymal-Stromal
c_1_32_1238,Mesenchymal-Stromal
c_1_32_1239,Lymphoid-T
c_1_32_1240,Lymphoid-T
c_1_32_1241,Lymphoid-Other
c_1_32_1242,Mesenchymal-Stromal
c_1_32_1243,Endothelial
c_1_32_1244,Mesenchymal-Stromal
c_1_32_1245,Mesenchymal-Stromal
c_1_32_1246,Lymphoid-Other
c_1_32_1247,Lymphoid-T
c_1_32_1248,Endothelial
c_1_32_1249,Endothelial
c_1_32_1250,Endothelial
c_1_32_1251,Mesenchymal-Stromal
c_1_32_1252,Mesenchymal-Stromal
c_1_32_1253,Lymphoid-T
c_1_32_1254,Lymphoid-Other
c_1_32_1255,Lymphoid-T
c_1_32_1256,Mesenchymal-Stromal
c_1_32_1257,Lymphoid-T
c_1_32_1258,Endothelial
c_1_32_1259,Mesenchymal-Stromal
c_1_32_1260,Endothelial
c_1_32_1261,Mesenchymal-Stromal
c_1_32_1262,Lymphoid-T
c_1_32_1263,Lymphoid-T
c_1_32_1264,Lymphoid-Other
c_1_32_1265,Endothelial
c_1_32_1266,Mesenchymal-Stromal
c_1_32_1267,Lymphoid-Other
c_1_32_1268,Lymphoid-T
c_1_32_1269,Lymphoid-T
c_1_32_1270,Lymphoid-T
c_1_32_1271,Mesenchymal-Stromal
c_1_32_1272,Mesenchymal-Stromal
c_1_32_1273,Lymphoid-T
c_1_32_1274,Lymphoid-T
c_1_32_1275,Lymphoid-T
c_1_32_1276,Lymphoid-T
c_1_32_1277,Mesenchymal-Stromal
c_1_32_1278,Lymphoid-T
c_1_32_1279,Lymphoid-Other
c_1_32_1280,Mesenchymal-Stromal
c_1_32_1281,Lymphoid-T
c_1_32_1282,Lymphoid-B
c_1_32_1283,Lymphoid-T
c_1_32_1284,Endothelial
c_1_32_1285,Mesenchymal-Stromal
c_1_32_1286,Lymphoid-T
c_1_32_1287,Lymphoid-T
c_1_32_1288,Lymphoid-T
c_1_32_1289,Lymphoid-T
c_1_32_1290,Lymphoid-T
c_1_32_1291,Mesenchymal-Stromal
c_1_32_1292,Lymphoid-Plasma
c_1_32_1293,Lymphoid-T
c_1_32_1294,Mesenchymal-Stromal
c_1_32_1295,Lymphoid-Other
c_1_32_1296,Mesenchymal-Stromal
c_1_32_1297,Mesenchymal-Stromal
c_1_32_1298,Lymphoid-Other
c_1_32_1299,Lymphoid-T
c_1_32_1300,Mesenchymal-Stromal
c_1_32_1301,Mesenchymal-Stromal
c_1_32_1302,Mesenchymal-Stromal
c_1_32_1303,Myeloid
c_1_32_1304,Lymphoid-T
c_1_32_1305,Lymphoid-T
c_1_32_1306,Mesenchymal-Stromal
c_1_32_1307,Lymphoid-T
c_1_32_1308,Lymphoid-T
c_1_32_1309,Lymphoid-T
c_1_32_1310,Mesenchymal-Stromal
c_1_32_1311,Lymphoid-T
c_1_32_1312,Mesenchymal-Stromal
c_1_32_1313,Lymphoid-T
c_1_32_1314,Lymphoid-T
c_1_32_1315,Lymphoid-T
c_1_32_1316,Endothelial
c_1_32_1317,Lymphoid-T
c_1_32_1318,Lymphoid-Other
c_1_32_1319,Endothelial
c_1_32_1320,Lymphoid-Other
c_1_32_1321,Lymphoid-B
c_1_32_1322,Lymphoid-Plasma
c_1_32_1323,Lymphoid-T
c_1_32_1324,Mesenchymal-Stromal
c_1_32_1325,Mesenchymal-Stromal
c_1_32_1326,Lymphoid-T
c_1_32_1327,Mesenchymal-Stromal
c_1_32_1328,Lymphoid-Other
c_1_32_1329,Lymphoid-Other
c_1_32_1330,Mesenchymal-Stromal
c_1_32_1331,Lymphoid-T
c_1_32_1332,Lymphoid-T
c_1_32_1333,Mesenchymal-Stromal
c_1_32_1334,Lymphoid-Other
c_1_32_1335,Lymphoid-Other
c_1_32_1336,Lymphoid-Other
c_1_32_1337,Mesenchymal-Stromal
c_1_32_1338,Lymphoid-T
c_1_32_1339,Lymphoid-T
c_1_32_1340,Lymphoid-DC
c_1_32_1341,Lymphoid-T
c_1_32_1342,Endothelial
c_1_32_1343,Lymphoid-T
c_1_32_1344,Lymphoid-DC
c_1_32_1345,Mesenchymal-Stromal
c_1_32_1346,Mesenchymal-Stromal
c_1_32_1347,Lymphoid-Other
c_1_32_1348,Mesenchymal-Stromal
c_1_32_1349,Lymphoid-Other
c_1_32_1350,Lymphoid-T
c_1_32_1351,Lymphoid-Plasma
c_1_32_1352,Lymphoid-T
c_1_32_1353,Lymphoid-T
c_1_32_1354,Lymphoid-Other
c_1_32_1355,Lymphoid-T
c_1_32_1356,Lymphoid-T
c_1_32_1357,Mesenchymal-Stromal
c_1_32_1358,Lymphoid-Other
c_1_32_1359,Lymphoid-Plasma
c_1_32_1360,Lymphoid-T
c_1_32_1361,Endothelial
c_1_32_1362,Lymphoid-Plasma
c_1_32_1363,Lymphoid-T
c_1_32_1364,Lymphoid-Other
c_1_32_1365,Lymphoid-T
c_1_32_1366,Mesenchymal-Stromal
c_1_32_1367,Endothelial
c_1_32_1368,Lymphoid-T
c_1_32_1369,Lymphoid-T
c_1_32_1370,Lymphoid-T
c_1_32_1371,Endothelial
c_1_32_1372,Lymphoid-T
c_1_32_1373,Lymphoid-Other
c_1_32_1374,Endothelial
c_1_32_1375,Endothelial
c_1_32_1376,Lymphoid-Plasma
c_1_32_1377,Lymphoid-T
c_1_32_1378,Lymphoid-Other
c_1_32_1379,Endothelial
c_1_32_1380,None
c_1_32_1381,Lymphoid-T
c_1_32_1382,Endothelial
c_1_32_1383,Lymphoid-Other
c_1_32_1384,Lymphoid-T
c_1_32_1385,Lymphoid-Other
c_1_32_1386,Lymphoid-Other
c_1_32_1387,Endothelial
c_1_32_1388,Lymphoid-Plasma
c_1_32_1389,None
c_1_32_1390,Lymphoid-T
c_1_32_1391,Mesenchymal-Stromal
c_1_32_1392,Lymphoid-T
c_1_32_1393,Lymphoid-Other
c_1_32_1394,Lymphoid-T
c_1_32_1395,Endothelial
c_1_32_1396,Lymphoid-B
c_1_32_1397,Lymphoid-Other
c_1_32_1398,Mesenchymal-Stromal
c_1_32_1399,Lymphoid-T
c_1_32_1400,Lymphoid-T
c_1_32_1401,Mesenchymal-Stromal
c_1_32_1402,Lymphoid-Other
c_1_32_1403,Mesenchymal-Stromal
c_1_32_1404,Lymphoid-T
c_1_32_1405,Lymphoid-DC
c_1_32_1406,Mesenchymal-Stromal
c_1_32_1407,Lymphoid-Other
c_1_32_1408,Lymphoid-Other
c_1_32_1409,Lymphoid-T
c_1_32_1410,Lymphoid-T
c_1_32_1411,Lymphoid-T
c_1_32_1412,Lymphoid-T
c_1_32_1413,Endothelial
c_1_32_1414,Lymphoid-T
c_1_32_1415,None
c_1_32_1416,Lymphoid-T
c_1_32_1417,Lymphoid-T
c_1_32_1418,Mesenchymal-Stromal
c_1_32_1419,Mesenchymal-Stromal
c_1_32_1420,Lymphoid-Other
c_1_32_1421,Lymphoid-Plasma
c_1_32_1422,Lymphoid-T
c_1_32_1423,Neuronal-Glial
c_1_32_1424,Lymphoid-Other
c_1_32_1425,Mesenchymal-Stromal
c_1_32_1426,Lymphoid-B
c_1_32_1427,Lymphoid-T
c_1_32_1428,Lymphoid-T
c_1_32_1429,Lymphoid-Other
c_1_32_1430,Mesenchymal-Stromal
c_1_32_1431,Endothelial
c_1_32_1432,Lymphoid-Plasma
c_1_32_1433,Mesenchymal-Stromal
c_1_32_1434,Endothelial
c_1_32_1435,Endothelial
c_1_32_1436,Lymphoid-T
c_1_32_1437,Lymphoid-T
c_1_32_1438,Endothelial
c_1_32_1439,Lymphoid-T
c_1_32_1440,Lymphoid-T
c_1_32_1441,Lymphoid-T
c_1_32_1442,Endothelial
c_1_32_1443,Lymphoid-T
c_1_32_1444,Lymphoid-DC
c_1_32_1445,Mesenchymal-Stromal
c_1_32_1446,Endothelial
c_1_32_1447,Lymphoid-T
c_1_32_1448,Lymphoid-Other
c_1_32_1449,Lymphoid-T
c_1_32_1450,Lymphoid-Other
c_1_32_1451,Mesenchymal-Stromal
c_1_32_1452,Endothelial
c_1_32_1453,Lymphoid-DC
c_1_32_1454,Lymphoid-T
c_1_32_1455,Lymphoid-Other
c_1_32_1456,Lymphoid-T
c_1_32_1457,Lymphoid-T
c_1_32_1458,Mesenchymal-Stromal
c_1_32_1459,None
c_1_32_1460,Lymphoid-Other
c_1_32_1461,Lymphoid-T
c_1_32_1462,Lymphoid-Other
c_1_32_1463,Lymphoid-T
c_1_32_1464,Mesenchymal-Stromal
c_1_32_1465,Mesenchymal-Stromal
c_1_32_1466,Endothelial
c_1_32_1467,Lymphoid-T
c_1_32_1468,Mesenchymal-Stromal
c_1_32_1469,Lymphoid-Other
c_1_32_1470,Lymphoid-T
c_1_32_1471,Lymphoid-Other
c_1_32_1472,Endothelial
c_1_32_1473,Lymphoid-T
c_1_32_1474,Lymphoid-T
c_1_32_1475,Neuronal-Glial
c_1_32_1476,Lymphoid-Other
c_1_32_1477,Endothelial
c_1_32_1478,Lymphoid-T
c_1_32_1479,Lymphoid-Other
c_1_32_1480,Lymphoid-Other
c_1_32_1481,Lymphoid-Plasma
c_1_32_1482,Lymphoid-Other
c_1_32_1483,Lymphoid-T
c_1_32_1484,Lymphoid-Other
c_1_32_1485,Lymphoid-B
c_1_32_1486,Mesenchymal-Stromal
c_1_32_1487,Lymphoid-Other
c_1_32_1488,Mesenchymal-Stromal
c_1_32_1489,Lymphoid-Other
c_1_32_1490,Mesenchymal-Stromal
c_1_32_1491,Endothelial
c_1_32_1492,Lymphoid-Other
c_1_32_1493,Endothelial
c_1_32_1494,Lymphoid-Other
c_1_32_1495,Mesenchymal-Stromal
c_1_32_1496,Endothelial
c_1_32_1497,Lymphoid-Other
c_1_32_1498,Lymphoid-Plasma
c_1_32_1499,Lymphoid-Other
c_1_32_1500,Lymphoid-T
c_1_32_1501,Endothelial
c_1_32_1502,Lymphoid-Other
c_1_32_1503,Lymphoid-T
c_1_32_1504,Lymphoid-Plasma
c_1_32_1505,Lymphoid-Other
c_1_32_1506,Mesenchymal-Stromal
c_1_32_1507,Mesenchymal-Stromal
c_1_32_1508,Lymphoid-Plasma
c_1_32_1509,Lymphoid-T
c_1_32_1510,Lymphoid-Other
c_1_32_1511,Lymphoid-T
c_1_32_1512,Lymphoid-T
c_1_32_1513,Lymphoid-T
c_1_32_1514,Lymphoid-T
c_1_32_1515,Endothelial
c_1_32_1516,Lymphoid-Other
c_1_32_1517,Endothelial
c_1_32_1518,Lymphoid-T
c_1_32_1519,None
c_1_32_1520,Mesenchymal-Stromal
c_1_32_1521,Lymphoid-T
c_1_32_1522,Lymphoid-Other
c_1_32_1523,Lymphoid-Other
c_1_32_1524,Lymphoid-T
c_1_32_1525,Lymphoid-Other
c_1_32_1526,Lymphoid-T
c_1_32_1527,Lymphoid-Other
c_1_32_1528,Lymphoid-T
c_1_32_1529,Mesenchymal-Stromal
c_1_32_1530,Lymphoid-Other
c_1_32_1531,Lymphoid-DC
c_1_32_1532,Lymphoid-T
c_1_32_1533,Lymphoid-T
c_1_32_1534,Lymphoid-T
c_1_32_1535,Lymphoid-B
c_1_32_1536,Endothelial
c_1_32_1537,Lymphoid-Other
c_1_32_1538,Lymphoid-T
c_1_32_1539,Endothelial
c_1_32_1540,Lymphoid-Other
c_1_32_1541,Lymphoid-T
c_1_32_1542,Lymphoid-Other
c_1_32_1543,Endothelial
c_1_32_1544,Lymphoid-Other
c_1_32_1545,Lymphoid-T
c_1_32_1546,Lymphoid-Other
c_1_32_1547,Lymphoid-Other
c_1_32_1548,Lymphoid-DC
c_1_32_1549,Lymphoid-T
c_1_32_1550,Endothelial
c_1_32_1551,Lymphoid-Other
c_1_32_1552,Lymphoid-T
c_1_32_1553,Mesenchymal-Stromal
c_1_32_1554,None
c_1_32_1555,Lymphoid-Other
c_1_32_1556,Endothelial
c_1_32_1557,Endothelial
c_1_32_1558,Lymphoid-T
c_1_32_1559,Lymphoid-T
c_1_32_1560,Endothelial
c_1_32_1561,Lymphoid-T
c_1_32_1562,Lymphoid-B
c_1_32_1563,Lymphoid-T
c_1_32_1564,Lymphoid-Other
c_1_32_1565,Lymphoid-T
c_1_32_1566,Lymphoid-T
c_1_32_1567,Endothelial
c_1_32_1568,Lymphoid-T
c_1_32_1569,Endothelial
c_1_32_1570,Endothelial
c_1_32_1571,Lymphoid-T
c_1_32_1572,Lymphoid-T
c_1_32_1573,Lymphoid-Other
c_1_32_1574,Lymphoid-Other
c_1_32_1575,Lymphoid-Other
c_1_32_1576,Lymphoid-Other
c_1_32_1577,Lymphoid-T
c_1_32_1578,Endothelial
c_1_32_1579,Lymphoid-Other
c_1_32_1580,Lymphoid-T
c_1_32_1581,Lymphoid-T
c_1_32_1582,Lymphoid-T
c_1_32_1583,Lymphoid-T
c_1_32_1584,Lymphoid-Other
c_1_32_1585,Endothelial
c_1_32_1586,Lymphoid-T
c_1_32_1587,Lymphoid-Other
c_1_32_1588,Lymphoid-T
c_1_32_1589,Lymphoid-Other
c_1_32_1590,Lymphoid-B
c_1_32_1591,Lymphoid-T
c_1_32_1592,Lymphoid-Other
c_1_32_1593,Endothelial
c_1_32_1594,Lymphoid-T
c_1_32_1595,Lymphoid-DC
c_1_32_1596,Lymphoid-T
c_1_32_1597,Lymphoid-T
c_1_32_1598,Lymphoid-T
c_1_32_1599,Lymphoid-T
c_1_32_1600,Lymphoid-Other
c_1_32_1601,Lymphoid-T
c_1_32_1602,Lymphoid-T
c_1_32_1603,Lymphoid-Other
c_1_32_1604,Lymphoid-T
c_1_32_1605,Lymphoid-T
c_1_32_1606,Lymphoid-DC
c_1_32_1607,Lymphoid-T
c_1_32_1608,Lymphoid-Other
c_1_32_1609,Lymphoid-T
c_1_32_1610,Mesenchymal-Stromal
c_1_32_1611,Lymphoid-T
c_1_32_1612,Lymphoid-T
c_1_32_1613,Lymphoid-T
c_1_32_1614,Lymphoid-Other
c_1_32_1615,Mesenchymal-Stromal
c_1_32_1616,Lymphoid-T
c_1_32_1617,Lymphoid-Other
c_1_32_1618,Lymphoid-T
c_1_32_1619,Lymphoid-T
c_1_32_1620,Lymphoid-T
c_1_32_1621,Lymphoid-T
c_1_32_1622,Lymphoid-T
c_1_32_1623,Lymphoid-Other
c_1_32_1624,Lymphoid-Other
c_1_32_1625,Lymphoid-T
c_1_32_1626,Lymphoid-T
c_1_32_1627,Mesenchymal-Stromal
c_1_32_1628,Lymphoid-Other
c_1_32_1629,Lymphoid-T
c_1_32_1630,Lymphoid-DC
c_1_32_1631,Lymphoid-Other
c_1_32_1632,Lymphoid-T
c_1_32_1633,Lymphoid-Other
c_1_32_1634,Lymphoid-T
c_1_32_1635,Lymphoid-T
c_1_32_1636,Lymphoid-T
c_1_32_1637,Lymphoid-T
c_1_32_1638,Lymphoid-T
c_1_32_1639,Lymphoid-Other
c_1_32_1640,Lymphoid-T
c_1_32_1641,Lymphoid-T
c_1_32_1642,Lymphoid-T
c_1_32_1643,Lymphoid-B
c_1_32_1644,Lymphoid-Other
c_1_32_1645,Lymphoid-Other
c_1_32_1646,Lymphoid-T
c_1_32_1647,Lymphoid-T
c_1_32_1648,Mesenchymal-Stromal
c_1_32_1649,Mesenchymal-Stromal
c_1_32_1650,Lymphoid-Other
c_1_32_1651,Lymphoid-Other
c_1_32_1652,Lymphoid-T
c_1_32_1653,Lymphoid-T
c_1_32_1654,Lymphoid-T
c_1_32_1655,Lymphoid-T
c_1_32_1656,Lymphoid-T
c_1_32_1657,Lymphoid-Other
c_1_32_1658,Lymphoid-Other
c_1_32_1659,Endothelial
c_1_32_1660,Endothelial
c_1_32_1661,Lymphoid-T
c_1_32_1662,Lymphoid-Other
c_1_32_1663,Lymphoid-B
c_1_32_1664,Lymphoid-DC
c_1_32_1665,Lymphoid-T
c_1_32_1666,Lymphoid-Other
c_1_32_1667,Endothelial
c_1_32_1668,Lymphoid-T
c_1_32_1669,Lymphoid-T
c_1_32_1670,Lymphoid-T
c_1_32_1671,Lymphoid-Other
c_1_32_1672,Lymphoid-T
c_1_32_1673,Lymphoid-Other
c_1_32_1674,Lymphoid-Other
c_1_32_1675,Lymphoid-DC
c_1_32_1676,Lymphoid-Other
c_1_32_1677,Lymphoid-T
c_1_32_1678,Lymphoid-Other
c_1_32_1679,Lymphoid-T
c_1_32_1680,Lymphoid-T
c_1_32_1681,Lymphoid-Other
c_1_32_1682,None
c_1_32_1683,Endothelial
c_1_32_1684,Mesenchymal-Stromal
c_1_32_1685,Lymphoid-Other
c_1_32_1686,Lymphoid-Other
c_1_32_1687,Lymphoid-DC
c_1_32_1688,Lymphoid-T
c_1_32_1689,Lymphoid-Other
c_1_32_1690,Lymphoid-T
c_1_32_1691,Lymphoid-T
c_1_32_1692,Lymphoid-Other
c_1_32_1693,Lymphoid-T
c_1_32_1694,Lymphoid-T
c_1_32_1695,Lymphoid-Other
c_1_32_1696,Lymphoid-Other
c_1_32_1697,Lymphoid-T
c_1_32_1698,Mesenchymal-Stromal
c_1_32_1699,Lymphoid-DC
c_1_32_1700,Lymphoid-Other
c_1_32_1701,Lymphoid-T
c_1_32_1702,Lymphoid-Other
c_1_32_1703,Endothelial
c_1_32_1704,Lymphoid-Other
c_1_32_1705,Mesenchymal-Stromal
c_1_32_1706,Lymphoid-T
c_1_32_1707,Lymphoid-DC
c_1_32_1708,Endothelial
c_1_32_1709,Lymphoid-T
c_1_32_1710,Mesenchymal-Stromal
c_1_32_1711,Lymphoid-T
c_1_32_1712,Endothelial
c_1_32_1713,Lymphoid-T
c_1_32_1714,Mesenchymal-Stromal
c_1_32_1715,Lymphoid-Other
c_1_32_1716,Endothelial
c_1_32_1717,Lymphoid-Other
c_1_32_1718,Lymphoid-Other
c_1_32_1719,Endothelial
c_1_32_1720,Lymphoid-Other
c_1_32_1721,Lymphoid-T
c_1_32_1722,Lymphoid-T
c_1_32_1723,Lymphoid-T
c_1_32_1724,Lymphoid-T
c_1_32_1725,None
c_1_32_1726,Lymphoid-Other
c_1_32_1727,Lymphoid-T
c_1_32_1728,Endothelial
c_1_32_1729,Mesenchymal-Stromal
c_1_32_1730,Lymphoid-DC
c_1_32_1731,Lymphoid-T
c_1_32_1732,Lymphoid-Other
c_1_32_1733,Lymphoid-T
c_1_32_1734,Lymphoid-T
c_1_32_1735,Endothelial
c_1_32_1736,Endothelial
c_1_32_1737,Lymphoid-T
c_1_32_1738,Mesenchymal-Stromal
c_1_32_1739,Lymphoid-T
c_1_32_1740,Lymphoid-T
c_1_32_1741,Lymphoid-Other
c_1_32_1742,Lymphoid-T
c_1_32_1743,Lymphoid-Plasma
c_1_32_1744,Lymphoid-Other
c_1_32_1745,Lymphoid-B
c_1_32_1746,Lymphoid-T
c_1_32_1747,Lymphoid-T
c_1_32_1748,Mesenchymal-Stromal
c_1_32_1749,Lymphoid-T
c_1_32_1750,Lymphoid-Other
c_1_32_1751,Endothelial
c_1_32_1752,Lymphoid-T
c_1_32_1753,Lymphoid-T
c_1_32_1754,Lymphoid-T
c_1_32_1755,Lymphoid-Other
c_1_32_1756,Lymphoid-T
c_1_32_1757,Lymphoid-T
c_1_32_1758,None
c_1_32_1759,Endothelial
c_1_32_1760,Lymphoid-Other
c_1_32_1761,Lymphoid-T
c_1_32_1762,Endothelial
c_1_32_1763,Lymphoid-T
c_1_32_1764,Lymphoid-T
c_1_32_1765,Lymphoid-T
c_1_32_1766,Lymphoid-T
c_1_32_1767,Lymphoid-Other
c_1_32_1768,Lymphoid-T
c_1_32_1769,Lymphoid-T
c_1_32_1770,None
c_1_32_1771,Lymphoid-Other
c_1_32_1772,Lymphoid-T
c_1_32_1773,Lymphoid-T
c_1_32_1774,Lymphoid-T
c_1_32_1775,Lymphoid-T
c_1_32_1776,Mesenchymal-Stromal
c_1_32_1777,Lymphoid-T
c_1_32_1778,Lymphoid-Other
c_1_32_1779,Lymphoid-T
c_1_32_1780,Mesenchymal-Stromal
c_1_32_1781,Lymphoid-DC
c_1_32_1782,Lymphoid-B
c_1_32_1783,Lymphoid-T
c_1_32_1784,Lymphoid-T
c_1_32_1785,Lymphoid-T
c_1_32_1786,Endothelial
c_1_32_1787,Lymphoid-T
c_1_32_1788,Lymphoid-T
c_1_32_1789,Lymphoid-T
c_1_32_1790,Lymphoid-Other
c_1_32_1791,Lymphoid-T
c_1_32_1792,Lymphoid-T
c_1_32_1793,Lymphoid-T
c_1_32_1794,None
c_1_32_1795,Lymphoid-T
c_1_32_1796,Lymphoid-T
c_1_32_1797,Mesenchymal-Stromal
c_1_32_1798,Lymphoid-T
c_1_32_1799,Lymphoid-T
c_1_32_1800,Mesenchymal-Stromal
c_1_32_1801,Lymphoid-T
c_1_32_1802,Lymphoid-T
c_1_32_1803,Lymphoid-T
c_1_32_1804,Lymphoid-B
c_1_32_1805,Lymphoid-Other
c_1_32_1806,Lymphoid-T
c_1_32_1807,Lymphoid-Other
c_1_32_1808,Lymphoid-Other
c_1_32_1809,Lymphoid-T
c_1_32_1810,Lymphoid-T
c_1_32_1811,Endothelial
c_1_32_1812,Lymphoid-T
c_1_32_1813,Lymphoid-T
c_1_32_1814,Mesenchymal-Stromal
c_1_32_1815,Lymphoid-T
c_1_32_1816,Lymphoid-Other
c_1_32_1817,Lymphoid-T
c_1_32_1818,Mesenchymal-Stromal
c_1_32_1819,Lymphoid-Other
c_1_32_1820,Lymphoid-T
c_1_32_1821,Lymphoid-T
c_1_32_1822,Lymphoid-Other
c_1_32_1823,Lymphoid-T
c_1_32_1824,Lymphoid-T
c_1_32_1825,Lymphoid-Other
c_1_32_1826,Lymphoid-T
c_1_32_1827,Lymphoid-T
c_1_32_1828,Lymphoid-T
c_1_32_1829,Lymphoid-Other
c_1_32_1830,Lymphoid-T
c_1_32_1831,Lymphoid-T
c_1_32_1832,Lymphoid-T
c_1_32_1833,Lymphoid-T
c_1_32_1834,Lymphoid-Other
c_1_32_1835,Lymphoid-T
c_1_32_1836,Lymphoid-T
c_1_32_1837,Lymphoid-T
c_1_32_1838,Lymphoid-T
c_1_32_1839,Lymphoid-T
c_1_32_1840,Lymphoid-Other
c_1_32_1841,Lymphoid-T
c_1_32_1842,Endothelial
c_1_32_1843,Endothelial
c_1_32_1844,Lymphoid-T
c_1_32_1845,Lymphoid-T
c_1_32_1846,Lymphoid-T
c_1_33_1,Lymphoid-Other
c_1_33_2,Lymphoid-T
c_1_33_3,Lymphoid-T
c_1_33_4,Lymphoid-Other
c_1_33_5,Lymphoid-DC
c_1_33_6,Lymphoid-Other
c_1_33_7,Lymphoid-DC
c_1_33_8,Lymphoid-Other
c_1_33_9,Lymphoid-T
c_1_33_10,Endothelial
c_1_33_11,Lymphoid-T
c_1_33_12,Lymphoid-Other
c_1_33_13,Lymphoid-T
c_1_33_14,Lymphoid-T
c_1_33_15,Lymphoid-T
c_1_33_16,Lymphoid-T
c_1_33_17,Lymphoid-T
c_1_33_18,Lymphoid-T
c_1_33_19,Lymphoid-DC
c_1_33_20,Myeloid
c_1_33_21,Lymphoid-DC
c_1_33_22,Lymphoid-T
c_1_33_23,Lymphoid-Other
c_1_33_24,Lymphoid-Other
c_1_33_25,Lymphoid-T
c_1_33_26,None
c_1_33_27,Lymphoid-B
c_1_33_28,Myeloid
c_1_33_29,Lymphoid-Other
c_1_33_30,Lymphoid-T
c_1_33_31,Lymphoid-T
c_1_33_32,Lymphoid-T
c_1_33_33,Lymphoid-T
c_1_33_34,Lymphoid-Other
c_1_33_35,Lymphoid-DC
c_1_33_36,Lymphoid-Other
c_1_33_37,Lymphoid-T
c_1_33_38,Lymphoid-DC
c_1_33_39,Lymphoid-Other
c_1_33_40,Lymphoid-Other
c_1_33_41,Lymphoid-Other
c_1_33_42,Lymphoid-T
c_1_33_43,Lymphoid-T
c_1_33_44,Lymphoid-T
c_1_33_45,Lymphoid-T
c_1_33_46,Lymphoid-T
c_1_33_47,Lymphoid-DC
c_1_33_48,Myeloid
c_1_33_49,Lymphoid-DC
c_1_33_50,Lymphoid-Other
c_1_33_51,Lymphoid-T
c_1_33_52,Lymphoid-Other
c_1_33_53,Lymphoid-T
c_1_33_54,Lymphoid-Other
c_1_33_55,Lymphoid-B
c_1_33_56,Lymphoid-T
c_1_33_57,Lymphoid-Other
c_1_33_58,Lymphoid-T
c_1_33_59,Lymphoid-DC
c_1_33_60,Lymphoid-T
c_1_33_61,Lymphoid-T
c_1_33_62,Lymphoid-T
c_1_33_63,Lymphoid-Other
c_1_33_64,Lymphoid-Other
c_1_33_65,Lymphoid-T
c_1_33_66,Lymphoid-T
c_1_33_67,Lymphoid-T
c_1_33_68,Lymphoid-Other
c_1_33_69,Lymphoid-T
c_1_33_70,Lymphoid-Other
c_1_33_71,Lymphoid-T
c_1_33_72,Lymphoid-T
c_1_33_73,Lymphoid-Other
c_1_33_74,None
c_1_33_75,Lymphoid-T
c_1_33_76,Lymphoid-T
c_1_33_77,Lymphoid-T
c_1_33_78,Lymphoid-T
c_1_33_79,Lymphoid-Other
c_1_33_80,Lymphoid-T
c_1_33_81,Lymphoid-Other
c_1_33_82,Lymphoid-Other
c_1_33_83,Lymphoid-Other
c_1_33_84,Lymphoid-T
c_1_33_85,Lymphoid-T
c_1_33_86,Lymphoid-Other
c_1_33_87,Lymphoid-T
c_1_33_88,Lymphoid-T
c_1_33_89,Lymphoid-T
c_1_33_90,Lymphoid-DC
c_1_33_91,Lymphoid-T
c_1_33_92,Lymphoid-Other
c_1_33_93,Lymphoid-Other
c_1_33_94,Lymphoid-T
c_1_33_95,Lymphoid-DC
c_1_33_96,Lymphoid-DC
c_1_33_97,Lymphoid-DC
c_1_33_98,Lymphoid-Other
c_1_33_99,Lymphoid-T
c_1_33_100,Lymphoid-Other
c_1_33_101,Lymphoid-T
c_1_33_102,Lymphoid-Other
c_1_33_103,Lymphoid-T
c_1_33_104,Lymphoid-T
c_1_33_105,Lymphoid-Other
c_1_33_106,Lymphoid-T
c_1_33_107,Lymphoid-T
c_1_33_108,Myeloid
c_1_33_109,Lymphoid-T
c_1_33_110,Lymphoid-T
c_1_33_111,Lymphoid-T
c_1_33_112,Lymphoid-T
c_1_33_113,Endothelial
c_1_33_114,Lymphoid-Other
c_1_33_115,Lymphoid-Other
c_1_33_116,Lymphoid-Other
c_1_33_117,Lymphoid-Other
c_1_33_118,Lymphoid-T
c_1_33_119,Myeloid
c_1_33_120,Lymphoid-DC
c_1_33_121,Lymphoid-Other
c_1_33_122,Lymphoid-T
c_1_33_123,Lymphoid-Other
c_1_33_124,Lymphoid-Other
c_1_33_125,Myeloid
c_1_33_126,Lymphoid-Other
c_1_33_127,Lymphoid-T
c_1_33_128,Lymphoid-Other
c_1_33_129,Lymphoid-T
c_1_33_130,Lymphoid-DC
c_1_33_131,Lymphoid-Other
c_1_33_132,Lymphoid-T
c_1_33_133,Lymphoid-T
c_1_33_134,Lymphoid-DC
c_1_33_135,Lymphoid-T
c_1_33_136,Lymphoid-Other
c_1_33_137,Lymphoid-DC
c_1_33_138,Lymphoid-Other
c_1_33_139,Lymphoid-Other
c_1_33_140,Lymphoid-T
c_1_33_141,Lymphoid-T
c_1_33_142,Lymphoid-Other
c_1_33_143,Lymphoid-T
c_1_33_144,Lymphoid-T
c_1_33_145,Lymphoid-Other
c_1_33_146,Lymphoid-DC
c_1_33_147,Lymphoid-T
c_1_33_148,Lymphoid-Other
c_1_33_149,Lymphoid-DC
c_1_33_150,Lymphoid-T
c_1_33_151,Lymphoid-Other
c_1_33_152,Lymphoid-T
c_1_33_153,Lymphoid-Other
c_1_33_154,Lymphoid-T
c_1_33_155,Lymphoid-DC
c_1_33_156,Lymphoid-T
c_1_33_157,Lymphoid-Other
c_1_33_158,Lymphoid-T
c_1_33_159,Lymphoid-T
c_1_33_160,Lymphoid-T
c_1_33_161,Lymphoid-T
c_1_33_162,Lymphoid-Other
c_1_33_163,None
c_1_33_164,Lymphoid-Other
c_1_33_165,Lymphoid-T
c_1_33_166,Lymphoid-T
c_1_33_167,Lymphoid-Other
c_1_33_168,Lymphoid-Other
c_1_33_169,Lymphoid-Other
c_1_33_170,Lymphoid-Other
c_1_33_171,Lymphoid-DC
c_1_33_172,Lymphoid-T
c_1_33_173,Lymphoid-Other
c_1_33_174,Lymphoid-Other
c_1_33_175,Lymphoid-Other
c_1_33_176,Lymphoid-T
c_1_33_177,Lymphoid-T
c_1_33_178,Lymphoid-T
c_1_33_179,Lymphoid-T
c_1_33_180,Lymphoid-T
c_1_33_181,Lymphoid-B
c_1_33_182,Lymphoid-T
c_1_33_183,Lymphoid-T
c_1_33_184,Lymphoid-T
c_1_33_185,Lymphoid-T
c_1_33_186,Lymphoid-T
c_1_33_187,Lymphoid-B
c_1_33_188,Lymphoid-T
c_1_33_189,Lymphoid-T
c_1_33_190,Lymphoid-Other
c_1_33_191,Lymphoid-T
c_1_33_192,Lymphoid-T
c_1_33_193,Lymphoid-T
c_1_33_194,Lymphoid-Other
c_1_33_195,Lymphoid-T
c_1_33_196,Lymphoid-T
c_1_33_197,Lymphoid-T
c_1_33_198,Lymphoid-T
c_1_33_199,Lymphoid-T
c_1_33_200,Lymphoid-DC
c_1_33_201,Lymphoid-T
c_1_33_202,Lymphoid-T
c_1_33_203,Lymphoid-Other
c_1_33_204,Lymphoid-B
c_1_33_205,Lymphoid-T
c_1_33_206,Lymphoid-T
c_1_33_207,Lymphoid-Other
c_1_33_208,Lymphoid-Other
c_1_33_209,Lymphoid-Other
c_1_33_210,Lymphoid-T
c_1_33_211,Lymphoid-T
c_1_33_212,Lymphoid-Other
c_1_33_213,Lymphoid-T
c_1_33_214,Lymphoid-T
c_1_33_215,Lymphoid-Other
c_1_33_216,Lymphoid-DC
c_1_33_217,Lymphoid-Other
c_1_33_218,Lymphoid-T
c_1_33_219,Lymphoid-T
c_1_33_220,Lymphoid-Other
c_1_33_221,Lymphoid-T
c_1_33_222,None
c_1_33_223,Lymphoid-T
c_1_33_224,Lymphoid-T
c_1_33_225,Lymphoid-T
c_1_33_226,Lymphoid-T
c_1_33_227,Lymphoid-T
c_1_33_228,Lymphoid-Other
c_1_33_229,Lymphoid-Other
c_1_33_230,Lymphoid-T
c_1_33_231,Lymphoid-T
c_1_33_232,Lymphoid-T
c_1_33_233,Lymphoid-DC
c_1_33_234,Lymphoid-T
c_1_33_235,Lymphoid-Other
c_1_33_236,Lymphoid-T
c_1_33_237,Lymphoid-DC
c_1_33_238,Lymphoid-T
c_1_33_239,Lymphoid-Other
c_1_33_240,Lymphoid-T
c_1_33_241,Lymphoid-T
c_1_33_242,Lymphoid-T
c_1_33_243,Lymphoid-Other
c_1_33_244,Lymphoid-T
c_1_33_245,Lymphoid-T
c_1_33_246,Lymphoid-Other
c_1_33_247,Lymphoid-Other
c_1_33_248,Lymphoid-T
c_1_33_249,Lymphoid-Other
c_1_33_250,Lymphoid-Other
c_1_33_251,Lymphoid-Other
c_1_33_252,Lymphoid-T
c_1_33_253,Lymphoid-T
c_1_33_254,Lymphoid-T
c_1_33_255,Lymphoid-B
c_1_33_256,Lymphoid-T
c_1_33_257,Lymphoid-T
c_1_33_258,Lymphoid-T
c_1_33_259,Lymphoid-Other
c_1_33_260,Lymphoid-DC
c_1_33_261,Lymphoid-T
c_1_33_262,Lymphoid-T
c_1_33_263,Lymphoid-Other
c_1_33_264,Lymphoid-T
c_1_33_265,Lymphoid-DC
c_1_33_266,Lymphoid-T
c_1_33_267,Lymphoid-DC
c_1_33_268,Lymphoid-T
c_1_33_269,Lymphoid-T
c_1_33_270,Lymphoid-T
c_1_33_271,Lymphoid-DC
c_1_33_272,Lymphoid-T
c_1_33_273,Lymphoid-T
c_1_33_274,Lymphoid-DC
c_1_33_275,Lymphoid-T
c_1_33_276,Lymphoid-T
c_1_33_277,Lymphoid-T
c_1_33_278,Lymphoid-T
c_1_33_279,Lymphoid-T
c_1_33_280,Lymphoid-T
c_1_33_281,Lymphoid-T
c_1_33_282,Lymphoid-T
c_1_33_283,Lymphoid-T
c_1_33_284,Lymphoid-Other
c_1_33_285,Lymphoid-T
c_1_33_286,Lymphoid-T
c_1_33_287,Lymphoid-T
c_1_33_288,Lymphoid-T
c_1_33_289,Lymphoid-T
c_1_33_290,Lymphoid-Other
c_1_33_291,Lymphoid-T
c_1_33_292,Lymphoid-T
c_1_33_293,Lymphoid-T
c_1_33_294,Lymphoid-T
c_1_33_295,Lymphoid-T
c_1_33_296,Lymphoid-T
c_1_33_297,Lymphoid-T
c_1_33_298,Lymphoid-T
c_1_33_299,Lymphoid-DC
c_1_33_300,Lymphoid-Other
c_1_33_301,Lymphoid-T
c_1_33_302,Lymphoid-DC
c_1_33_303,None
c_1_33_304,Lymphoid-T
c_1_33_305,Lymphoid-Other
c_1_33_306,Lymphoid-T
c_1_33_307,Lymphoid-T
c_1_33_308,Lymphoid-Other
c_1_33_309,Lymphoid-Other
c_1_33_310,Lymphoid-T
c_1_33_311,Lymphoid-Other
c_1_33_312,Lymphoid-Other
c_1_33_313,Lymphoid-T
c_1_33_314,Lymphoid-Other
c_1_33_315,Lymphoid-DC
c_1_33_316,Lymphoid-T
c_1_33_317,Lymphoid-T
c_1_33_318,Lymphoid-T
c_1_33_319,Lymphoid-T
c_1_33_320,Lymphoid-T
c_1_33_321,Lymphoid-DC
c_1_33_322,Lymphoid-T
c_1_33_323,Lymphoid-Other
c_1_33_324,Lymphoid-DC
c_1_33_325,Lymphoid-T
c_1_33_326,Lymphoid-T
c_1_33_327,Lymphoid-T
c_1_33_328,Lymphoid-T
c_1_33_329,Lymphoid-DC
c_1_33_330,Lymphoid-T
c_1_33_331,Lymphoid-Other
c_1_33_332,Lymphoid-T
c_1_33_333,Lymphoid-T
c_1_33_334,Lymphoid-Other
c_1_33_335,Lymphoid-T
c_1_33_336,Lymphoid-T
c_1_33_337,Lymphoid-DC
c_1_33_338,Lymphoid-T
c_1_33_339,Myeloid
c_1_33_340,Lymphoid-Other
c_1_33_341,Lymphoid-T
c_1_33_342,Lymphoid-T
c_1_33_343,Lymphoid-T
c_1_33_344,Lymphoid-T
c_1_33_345,Lymphoid-T
c_1_33_346,Lymphoid-T
c_1_33_347,Lymphoid-Other
c_1_33_348,Lymphoid-Other
c_1_33_349,Lymphoid-T
c_1_33_350,Lymphoid-Other
c_1_33_351,Lymphoid-T
c_1_33_352,Lymphoid-Other
c_1_33_353,Lymphoid-T
c_1_33_354,Lymphoid-T
c_1_33_355,Lymphoid-Other
c_1_33_356,Lymphoid-T
c_1_33_357,Lymphoid-T
c_1_33_358,Lymphoid-Other
c_1_33_359,Lymphoid-T
c_1_33_360,Lymphoid-T
c_1_33_361,Lymphoid-T
c_1_33_362,Lymphoid-T
c_1_33_363,Lymphoid-T
c_1_33_364,Lymphoid-T
c_1_33_365,None
c_1_33_366,Lymphoid-DC
c_1_33_367,Lymphoid-T
c_1_33_368,Lymphoid-B
c_1_33_369,Lymphoid-T
c_1_33_370,Lymphoid-T
c_1_33_371,Lymphoid-Other
c_1_33_372,Lymphoid-DC
c_1_33_373,Lymphoid-T
c_1_33_374,Lymphoid-DC
c_1_33_375,Lymphoid-T
c_1_33_376,Lymphoid-DC
c_1_33_377,Lymphoid-Other
c_1_33_378,Lymphoid-T
c_1_33_379,Lymphoid-T
c_1_33_380,Lymphoid-T
c_1_33_381,Lymphoid-DC
c_1_33_382,Lymphoid-T
c_1_33_383,Lymphoid-T
c_1_33_384,Lymphoid-T
c_1_33_385,Lymphoid-T
c_1_33_386,Lymphoid-T
c_1_33_387,Lymphoid-DC
c_1_33_388,Lymphoid-Other
c_1_33_389,Lymphoid-T
c_1_33_390,Lymphoid-T
c_1_33_391,Lymphoid-Other
c_1_33_392,Lymphoid-Other
c_1_33_393,Lymphoid-T
c_1_33_394,Lymphoid-Other
c_1_33_395,Lymphoid-T
c_1_33_396,Lymphoid-Other
c_1_33_397,Lymphoid-DC
c_1_33_398,Lymphoid-T
c_1_33_399,Lymphoid-Other
c_1_33_400,Lymphoid-Other
c_1_33_401,Lymphoid-T
c_1_33_402,Lymphoid-DC
c_1_33_403,Lymphoid-T
c_1_33_404,Lymphoid-T
c_1_33_405,Lymphoid-DC
c_1_33_406,Lymphoid-DC
c_1_33_407,Lymphoid-Other
c_1_33_408,Lymphoid-T
c_1_33_409,Lymphoid-DC
c_1_33_410,Lymphoid-Other
c_1_33_411,Lymphoid-Other
c_1_33_412,Lymphoid-T
c_1_33_413,Lymphoid-T
c_1_33_414,Lymphoid-T
c_1_33_415,Lymphoid-T
c_1_33_416,Lymphoid-T
c_1_33_417,Lymphoid-Other
c_1_33_418,Lymphoid-T
c_1_33_419,Lymphoid-T
c_1_33_420,Lymphoid-T
c_1_33_421,Lymphoid-T
c_1_33_422,Lymphoid-T
c_1_33_423,Lymphoid-T
c_1_33_424,Lymphoid-Other
c_1_33_425,Lymphoid-T
c_1_33_426,Lymphoid-Other
c_1_33_427,Lymphoid-T
c_1_33_428,Lymphoid-T
c_1_33_429,Lymphoid-T
c_1_33_430,Lymphoid-T
c_1_33_431,Lymphoid-Other
c_1_33_432,Lymphoid-DC
c_1_33_433,Lymphoid-T
c_1_33_434,Lymphoid-T
c_1_33_435,Lymphoid-DC
c_1_33_436,Lymphoid-DC
c_1_33_437,Lymphoid-T
c_1_33_438,Lymphoid-Other
c_1_33_439,Lymphoid-T
c_1_33_440,Lymphoid-T
c_1_33_441,Lymphoid-T
c_1_33_442,Lymphoid-T
c_1_33_443,Lymphoid-Other
c_1_33_444,Lymphoid-T
c_1_33_445,Lymphoid-T
c_1_33_446,Lymphoid-T
c_1_33_447,Lymphoid-DC
c_1_33_448,Lymphoid-T
c_1_33_449,Lymphoid-DC
c_1_33_450,Lymphoid-T
c_1_33_451,Lymphoid-T
c_1_33_452,Lymphoid-DC
c_1_33_453,Lymphoid-DC
c_1_33_454,Lymphoid-T
c_1_33_455,Lymphoid-Other
c_1_33_456,None
c_1_33_457,Myeloid
c_1_33_458,Myeloid
c_1_33_459,Lymphoid-Other
c_1_33_460,Lymphoid-T
c_1_33_461,Lymphoid-T
c_1_33_462,Lymphoid-Other
c_1_33_463,Lymphoid-T
c_1_33_464,Lymphoid-T
c_1_33_465,Lymphoid-T
c_1_33_466,Lymphoid-T
c_1_33_467,Lymphoid-T
c_1_33_468,Lymphoid-Other
c_1_33_469,Lymphoid-B
c_1_33_470,Lymphoid-B
c_1_33_471,Lymphoid-T
c_1_33_472,Lymphoid-T
c_1_33_473,Lymphoid-T
c_1_33_474,Lymphoid-T
c_1_33_475,Lymphoid-DC
c_1_33_476,Lymphoid-DC
c_1_33_477,Lymphoid-Other
c_1_33_478,Lymphoid-T
c_1_33_479,Lymphoid-DC
c_1_33_480,Lymphoid-T
c_1_33_481,Lymphoid-T
c_1_33_482,Lymphoid-T
c_1_33_483,Lymphoid-T
c_1_33_484,Lymphoid-Other
c_1_33_485,Lymphoid-T
c_1_33_486,Lymphoid-T
c_1_33_487,Lymphoid-T
c_1_33_488,Lymphoid-Other
c_1_33_489,Lymphoid-T
c_1_33_490,Lymphoid-T
c_1_33_491,Lymphoid-T
c_1_33_492,Lymphoid-T
c_1_33_493,Lymphoid-B
c_1_33_494,Lymphoid-T
c_1_33_495,Lymphoid-Other
c_1_33_496,Lymphoid-T
c_1_33_497,Lymphoid-T
c_1_33_498,Lymphoid-T
c_1_33_499,Lymphoid-T
c_1_33_500,Lymphoid-T
c_1_33_501,Lymphoid-T
c_1_33_502,Lymphoid-Other
c_1_33_503,Lymphoid-T
c_1_33_504,Lymphoid-Other
c_1_33_505,Lymphoid-T
c_1_33_506,Lymphoid-T
c_1_33_507,Lymphoid-T
c_1_33_508,Lymphoid-T
c_1_33_509,Lymphoid-T
c_1_33_510,Lymphoid-T
c_1_33_511,Lymphoid-T
c_1_33_512,Lymphoid-T
c_1_33_513,Lymphoid-T
c_1_33_514,Lymphoid-T
c_1_33_515,Lymphoid-DC
c_1_33_516,Lymphoid-T
c_1_33_517,Lymphoid-Other
c_1_33_518,Lymphoid-T
c_1_33_519,Lymphoid-T
c_1_33_520,Lymphoid-T
c_1_33_521,Lymphoid-T
c_1_33_522,Lymphoid-Other
c_1_33_523,Lymphoid-DC
c_1_33_524,Lymphoid-Other
c_1_33_525,Myeloid
c_1_33_526,Lymphoid-DC
c_1_33_527,Lymphoid-T
c_1_33_528,Lymphoid-DC
c_1_33_529,Lymphoid-T
c_1_33_530,Lymphoid-Other
c_1_33_531,Lymphoid-T
c_1_33_532,Lymphoid-T
c_1_33_533,Myeloid
c_1_33_534,Lymphoid-T
c_1_33_535,Lymphoid-T
c_1_33_536,Lymphoid-T
c_1_33_537,Lymphoid-T
c_1_33_538,Lymphoid-T
c_1_33_539,Lymphoid-T
c_1_33_540,Lymphoid-T
c_1_33_541,Lymphoid-T
c_1_33_542,Lymphoid-T
c_1_33_543,Myeloid
c_1_33_544,Lymphoid-T
c_1_33_545,Lymphoid-T
c_1_33_546,Lymphoid-DC
c_1_33_547,Lymphoid-Other
c_1_33_548,Lymphoid-T
c_1_33_549,Lymphoid-Other
c_1_33_550,Lymphoid-T
c_1_33_551,Lymphoid-T
c_1_33_552,Lymphoid-T
c_1_33_553,Lymphoid-T
c_1_33_554,Lymphoid-T
c_1_33_555,Lymphoid-B
c_1_33_556,Lymphoid-T
c_1_33_557,Lymphoid-T
c_1_33_558,Myeloid
c_1_33_559,Lymphoid-DC
c_1_33_560,Lymphoid-DC
c_1_33_561,Lymphoid-T
c_1_33_562,Lymphoid-T
c_1_33_563,Lymphoid-DC
c_1_33_564,Lymphoid-T
c_1_33_565,Lymphoid-T
c_1_33_566,Lymphoid-T
c_1_33_567,None
c_1_33_568,Lymphoid-DC
c_1_33_569,Lymphoid-T
c_1_33_570,Lymphoid-Other
c_1_33_571,Lymphoid-DC
c_1_33_572,Lymphoid-Other
c_1_33_573,Lymphoid-T
c_1_33_574,Lymphoid-T
c_1_33_575,Lymphoid-DC
c_1_33_576,Lymphoid-T
c_1_33_577,Lymphoid-DC
c_1_33_578,Lymphoid-T
c_1_33_579,Lymphoid-DC
c_1_33_580,Lymphoid-T
c_1_33_581,Lymphoid-DC
c_1_33_582,Lymphoid-DC
c_1_33_583,Lymphoid-Other
c_1_33_584,None
c_1_33_585,Lymphoid-DC
c_1_33_586,Lymphoid-T
c_1_33_587,Lymphoid-Other
c_1_33_588,Lymphoid-Other
c_1_33_589,Lymphoid-T
c_1_33_590,Lymphoid-T
c_1_33_591,Lymphoid-T
c_1_33_592,Lymphoid-T
c_1_33_593,Lymphoid-T
c_1_33_594,Lymphoid-DC
c_1_33_595,Lymphoid-T
c_1_33_596,Lymphoid-T
c_1_33_597,Lymphoid-T
c_1_33_598,Lymphoid-DC
c_1_33_599,Lymphoid-T
c_1_33_600,Lymphoid-T
c_1_33_601,Lymphoid-T
c_1_33_602,Lymphoid-T
c_1_33_603,Lymphoid-T
c_1_33_604,Lymphoid-Other
c_1_33_605,Lymphoid-DC
c_1_33_606,Lymphoid-Other
c_1_33_607,Lymphoid-T
c_1_33_608,Lymphoid-T
c_1_33_609,Myeloid
c_1_33_610,Lymphoid-T
c_1_33_611,Lymphoid-T
c_1_33_612,Lymphoid-DC
c_1_33_613,Lymphoid-T
c_1_33_614,Lymphoid-Other
c_1_33_615,Lymphoid-T
c_1_33_616,Lymphoid-T
c_1_33_617,Lymphoid-T
c_1_33_618,Lymphoid-T
c_1_33_619,Lymphoid-T
c_1_33_620,Lymphoid-T
c_1_33_621,Lymphoid-Other
c_1_33_622,Lymphoid-T
c_1_33_623,Lymphoid-T
c_1_33_624,Lymphoid-T
c_1_33_625,Lymphoid-T
c_1_33_626,Lymphoid-T
c_1_33_627,Lymphoid-T
c_1_33_628,Lymphoid-T
c_1_33_629,Lymphoid-DC
c_1_33_630,Lymphoid-T
c_1_33_631,Lymphoid-T
c_1_33_632,Lymphoid-DC
c_1_33_633,Lymphoid-T
c_1_33_634,Lymphoid-T
c_1_33_635,Lymphoid-Other
c_1_33_636,Lymphoid-Other
c_1_33_637,Lymphoid-DC
c_1_33_638,Lymphoid-T
c_1_33_639,Lymphoid-Other
c_1_33_640,Lymphoid-DC
c_1_33_641,Lymphoid-Other
c_1_33_642,Lymphoid-T
c_1_33_643,Lymphoid-T
c_1_33_644,Lymphoid-Other
c_1_33_645,Lymphoid-T
c_1_33_646,Lymphoid-T
c_1_33_647,Lymphoid-T
c_1_33_648,Lymphoid-Other
c_1_33_649,Lymphoid-DC
c_1_33_650,Lymphoid-Other
c_1_33_651,Lymphoid-DC
c_1_33_652,Lymphoid-T
c_1_33_653,Lymphoid-DC
c_1_33_654,Lymphoid-Other
c_1_33_655,Lymphoid-Other
c_1_33_656,Myeloid
c_1_33_657,Lymphoid-Other
c_1_33_658,Lymphoid-T
c_1_33_659,Lymphoid-Other
c_1_33_660,Lymphoid-T
c_1_33_661,Lymphoid-Other
c_1_33_662,Lymphoid-DC
c_1_33_663,Lymphoid-T
c_1_33_664,Lymphoid-T
c_1_33_665,Lymphoid-DC
c_1_33_666,Lymphoid-DC
c_1_33_667,Lymphoid-T
c_1_33_668,Lymphoid-T
c_1_33_669,Lymphoid-T
c_1_33_670,Lymphoid-Other
c_1_33_671,Lymphoid-T
c_1_33_672,Lymphoid-DC
c_1_33_673,Lymphoid-DC
c_1_33_674,Lymphoid-T
c_1_33_675,Lymphoid-T
c_1_33_676,Lymphoid-T
c_1_33_677,Lymphoid-DC
c_1_33_678,Lymphoid-DC
c_1_33_679,Lymphoid-T
c_1_33_680,Lymphoid-DC
c_1_33_681,Lymphoid-T
c_1_33_682,Lymphoid-T
c_1_33_683,Lymphoid-T
c_1_33_684,Lymphoid-T
c_1_33_685,Myeloid
c_1_33_686,Lymphoid-Other
c_1_33_687,Lymphoid-T
c_1_33_688,Lymphoid-T
c_1_33_689,Lymphoid-T
c_1_33_690,Lymphoid-T
c_1_33_691,Lymphoid-Other
c_1_33_692,Lymphoid-T
c_1_33_693,Lymphoid-DC
c_1_33_694,Lymphoid-T
c_1_33_695,Lymphoid-T
c_1_33_696,Lymphoid-Other
c_1_33_697,Lymphoid-T
c_1_33_698,Lymphoid-Other
c_1_33_699,Lymphoid-T
c_1_33_700,Lymphoid-T
c_1_33_701,Lymphoid-T
c_1_33_702,Lymphoid-T
c_1_33_703,Lymphoid-T
c_1_33_704,Lymphoid-Other
c_1_33_705,Lymphoid-T
c_1_33_706,Myeloid
c_1_33_707,Lymphoid-DC
c_1_33_708,Lymphoid-Other
c_1_33_709,Lymphoid-Other
c_1_33_710,Lymphoid-T
c_1_33_711,Lymphoid-T
c_1_33_712,Lymphoid-Other
c_1_33_713,Lymphoid-T
c_1_33_714,Lymphoid-Other
c_1_33_715,Lymphoid-Other
c_1_33_716,Lymphoid-T
c_1_33_717,Lymphoid-T
c_1_33_718,Lymphoid-Other
c_1_33_719,Lymphoid-Other
c_1_33_720,Lymphoid-DC
c_1_33_721,Lymphoid-B
c_1_33_722,Lymphoid-DC
c_1_33_723,Lymphoid-Other
c_1_33_724,Lymphoid-Other
c_1_33_725,Lymphoid-T
c_1_33_726,Lymphoid-T
c_1_33_727,Lymphoid-DC
c_1_33_728,Lymphoid-Other
c_1_33_729,Lymphoid-T
c_1_33_730,Lymphoid-DC
c_1_33_731,Myeloid
c_1_33_732,Lymphoid-T
c_1_33_733,Lymphoid-DC
c_1_33_734,Lymphoid-T
c_1_33_735,Lymphoid-Other
c_1_33_736,Lymphoid-T
c_1_33_737,Lymphoid-T
c_1_33_738,Lymphoid-T
c_1_33_739,Lymphoid-T
c_1_33_740,Lymphoid-T
c_1_33_741,Lymphoid-Other
c_1_33_742,Lymphoid-T
c_1_33_743,Lymphoid-T
c_1_33_744,Lymphoid-T
c_1_33_745,Lymphoid-DC
c_1_33_746,Lymphoid-T
c_1_33_747,Lymphoid-T
c_1_33_748,Lymphoid-Other
c_1_33_749,Lymphoid-T
c_1_33_750,Lymphoid-T
c_1_33_751,Lymphoid-T
c_1_33_752,Lymphoid-T
c_1_33_753,Lymphoid-T
c_1_33_754,Lymphoid-T
c_1_33_755,Lymphoid-T
c_1_33_756,Lymphoid-DC
c_1_33_757,Lymphoid-DC
c_1_33_758,Lymphoid-T
c_1_33_759,Lymphoid-T
c_1_33_760,Lymphoid-T
c_1_33_761,Lymphoid-T
c_1_33_762,Lymphoid-T
c_1_33_763,Lymphoid-Other
c_1_33_764,Lymphoid-Other
c_1_33_765,Lymphoid-T
c_1_33_766,Lymphoid-Other
c_1_33_767,Lymphoid-DC
c_1_33_768,Lymphoid-T
c_1_33_769,Lymphoid-T
c_1_33_770,Lymphoid-T
c_1_33_771,Lymphoid-T
c_1_33_772,Lymphoid-T
c_1_33_773,Lymphoid-Other
c_1_33_774,Lymphoid-T
c_1_33_775,Lymphoid-B
c_1_33_776,Lymphoid-DC
c_1_33_777,Lymphoid-T
c_1_33_778,Lymphoid-T
c_1_33_779,Myeloid
c_1_33_780,Lymphoid-B
c_1_33_781,Lymphoid-Other
c_1_33_782,Lymphoid-T
c_1_33_783,Lymphoid-DC
c_1_33_784,Lymphoid-Other
c_1_33_785,Lymphoid-DC
c_1_33_786,Lymphoid-T
c_1_33_787,Lymphoid-T
c_1_33_788,Lymphoid-T
c_1_33_789,Lymphoid-T
c_1_33_790,Lymphoid-T
c_1_33_791,Lymphoid-Other
c_1_33_792,Lymphoid-T
c_1_33_793,Lymphoid-Other
c_1_33_794,Myeloid
c_1_33_795,Lymphoid-T
c_1_33_796,Lymphoid-T
c_1_33_797,Lymphoid-T
c_1_33_798,Lymphoid-T
c_1_33_799,Lymphoid-T
c_1_33_800,Lymphoid-Other
c_1_33_801,Lymphoid-T
c_1_33_802,Lymphoid-T
c_1_33_803,Lymphoid-T
c_1_33_804,Lymphoid-DC
c_1_33_805,Lymphoid-T
c_1_33_806,Lymphoid-Other
c_1_33_807,Lymphoid-T
c_1_33_808,Lymphoid-T
c_1_33_809,Lymphoid-Other
c_1_33_810,Lymphoid-T
c_1_33_811,Lymphoid-Other
c_1_33_812,Lymphoid-DC
c_1_33_813,Lymphoid-T
c_1_33_814,Lymphoid-T
c_1_33_815,Lymphoid-Other
c_1_33_816,Lymphoid-B
c_1_33_817,Lymphoid-T
c_1_33_818,Lymphoid-T
c_1_33_819,Lymphoid-T
c_1_33_820,Lymphoid-T
c_1_33_821,Lymphoid-T
c_1_33_822,Lymphoid-T
c_1_33_823,Lymphoid-Other
c_1_33_824,Lymphoid-T
c_1_33_825,Myeloid
c_1_33_826,Lymphoid-T
c_1_33_827,Lymphoid-T
c_1_33_828,Lymphoid-T
c_1_33_829,Lymphoid-T
c_1_33_830,Lymphoid-T
c_1_33_831,Lymphoid-T
c_1_33_832,Lymphoid-T
c_1_33_833,Lymphoid-T
c_1_33_834,Lymphoid-T
c_1_33_835,Lymphoid-T
c_1_33_836,Lymphoid-Other
c_1_33_837,Lymphoid-DC
c_1_33_838,Lymphoid-Other
c_1_33_839,Lymphoid-Other
c_1_33_840,Lymphoid-T
c_1_33_841,None
c_1_33_842,Lymphoid-T
c_1_33_843,Lymphoid-Other
c_1_33_844,Lymphoid-Other
c_1_33_845,Lymphoid-T
c_1_33_846,Lymphoid-T
c_1_33_847,Lymphoid-T
c_1_33_848,Lymphoid-T
c_1_33_849,Lymphoid-DC
c_1_33_850,Lymphoid-T
c_1_33_851,Lymphoid-T
c_1_33_852,Lymphoid-T
c_1_33_853,Lymphoid-Other
c_1_33_854,Lymphoid-T
c_1_33_855,Lymphoid-Other
c_1_33_856,Lymphoid-T
c_1_33_857,Lymphoid-T
c_1_33_858,Lymphoid-T
c_1_33_859,Lymphoid-T
c_1_33_860,Lymphoid-T
c_1_33_861,Lymphoid-T
c_1_33_862,Lymphoid-DC
c_1_33_863,Lymphoid-B
c_1_33_864,Lymphoid-T
c_1_33_865,Lymphoid-T
c_1_33_866,Lymphoid-T
c_1_33_867,Lymphoid-T
c_1_33_868,Lymphoid-T
c_1_33_869,Lymphoid-T
c_1_33_870,Lymphoid-T
c_1_33_871,Lymphoid-T
c_1_33_872,Lymphoid-DC
c_1_33_873,Lymphoid-T
c_1_33_874,Lymphoid-T
c_1_33_875,Lymphoid-DC
c_1_33_876,Lymphoid-T
c_1_33_877,Lymphoid-T
c_1_33_878,Myeloid
c_1_33_879,Lymphoid-T
c_1_33_880,Lymphoid-T
c_1_33_881,Lymphoid-T
c_1_33_882,Lymphoid-T
c_1_33_883,Lymphoid-Other
c_1_33_884,Lymphoid-Other
c_1_33_885,Lymphoid-T
c_1_33_886,Lymphoid-T
c_1_33_887,Lymphoid-DC
c_1_33_888,Lymphoid-DC
c_1_33_889,Lymphoid-T
c_1_33_890,Lymphoid-T
c_1_33_891,Lymphoid-Other
c_1_33_892,Lymphoid-T
c_1_33_893,Lymphoid-T
c_1_33_894,Lymphoid-Other
c_1_33_895,Lymphoid-Other
c_1_33_896,Lymphoid-T
c_1_33_897,Lymphoid-T
c_1_33_898,Lymphoid-T
c_1_33_899,Lymphoid-DC
c_1_33_900,Lymphoid-T
c_1_33_901,Lymphoid-Other
c_1_33_902,Lymphoid-Other
c_1_33_903,Lymphoid-T
c_1_33_904,Lymphoid-Other
c_1_33_905,None
c_1_33_906,Lymphoid-T
c_1_33_907,Lymphoid-T
c_1_33_908,Lymphoid-T
c_1_33_909,Lymphoid-T
c_1_33_910,Lymphoid-T
c_1_33_911,Lymphoid-T
c_1_33_912,Lymphoid-Other
c_1_33_913,Lymphoid-T
c_1_33_914,Lymphoid-T
c_1_33_915,Lymphoid-T
c_1_33_916,Lymphoid-Other
c_1_33_917,Lymphoid-DC
c_1_33_918,Lymphoid-T
c_1_33_919,Lymphoid-T
c_1_33_920,Lymphoid-T
c_1_33_921,Myeloid
c_1_33_922,Lymphoid-T
c_1_33_923,Lymphoid-T
c_1_33_924,Lymphoid-T
c_1_33_925,Lymphoid-T
c_1_33_926,Lymphoid-T
c_1_33_927,Lymphoid-T
c_1_33_928,Lymphoid-T
c_1_33_929,Lymphoid-T
c_1_33_930,Lymphoid-T
c_1_33_931,Lymphoid-T
c_1_33_932,Lymphoid-T
c_1_33_933,Lymphoid-DC
c_1_33_934,Lymphoid-Other
c_1_33_935,Lymphoid-T
c_1_33_936,Lymphoid-DC
c_1_33_937,Lymphoid-T
c_1_33_938,Lymphoid-T
c_1_33_939,Lymphoid-T
c_1_33_940,Lymphoid-T
c_1_33_941,Lymphoid-T
c_1_33_942,Lymphoid-T
c_1_33_943,Lymphoid-Other
c_1_33_944,Lymphoid-Other
c_1_33_945,Lymphoid-Other
c_1_33_946,Lymphoid-T
c_1_33_947,Lymphoid-T
c_1_33_948,Lymphoid-T
c_1_33_949,Lymphoid-T
c_1_33_950,Lymphoid-T
c_1_33_951,Lymphoid-T
c_1_33_952,Lymphoid-T
c_1_33_953,Lymphoid-T
c_1_33_954,Lymphoid-Other
c_1_33_955,Lymphoid-DC
c_1_33_956,Lymphoid-T
c_1_33_957,Lymphoid-T
c_1_33_958,Lymphoid-T
c_1_33_959,Lymphoid-DC
c_1_33_960,Lymphoid-Other
c_1_33_961,Lymphoid-Other
c_1_33_962,Lymphoid-T
c_1_33_963,Lymphoid-T
c_1_33_964,Lymphoid-T
c_1_33_965,Lymphoid-T
c_1_33_966,Lymphoid-DC
c_1_33_967,Lymphoid-Other
c_1_33_968,Lymphoid-T
c_1_33_969,Lymphoid-T
c_1_33_970,Lymphoid-T
c_1_33_971,Lymphoid-T
c_1_33_972,Myeloid
c_1_33_973,Lymphoid-T
c_1_33_974,Lymphoid-T
c_1_33_975,None
c_1_33_976,Lymphoid-T
c_1_33_977,Lymphoid-T
c_1_33_978,Lymphoid-T
c_1_33_979,Lymphoid-Other
c_1_33_980,Lymphoid-DC
c_1_33_981,Lymphoid-T
c_1_33_982,Lymphoid-T
c_1_33_983,Lymphoid-Other
c_1_33_984,Myeloid
c_1_33_985,Lymphoid-Other
c_1_33_986,Lymphoid-T
c_1_33_987,Lymphoid-T
c_1_33_988,Myeloid
c_1_33_989,Lymphoid-T
c_1_33_990,Lymphoid-T
c_1_33_991,Lymphoid-T
c_1_33_992,Lymphoid-T
c_1_33_993,Lymphoid-Other
c_1_33_994,Lymphoid-Other
c_1_33_995,Lymphoid-T
c_1_33_996,Lymphoid-T
c_1_33_997,Lymphoid-T
c_1_33_998,Lymphoid-DC
c_1_33_999,Lymphoid-T
c_1_33_1000,Lymphoid-Other
c_1_33_1001,Lymphoid-T
c_1_33_1002,Lymphoid-DC
c_1_33_1003,Lymphoid-T
c_1_33_1004,Lymphoid-Other
c_1_33_1005,Lymphoid-T
c_1_33_1006,Lymphoid-T
c_1_33_1007,Lymphoid-Other
c_1_33_1008,Lymphoid-T
c_1_33_1009,Lymphoid-Other
c_1_33_1010,Lymphoid-T
c_1_33_1011,Lymphoid-T
c_1_33_1012,Lymphoid-DC
c_1_33_1013,Lymphoid-T
c_1_33_1014,Lymphoid-T
c_1_33_1015,Lymphoid-Other
c_1_33_1016,Lymphoid-T
c_1_33_1017,Lymphoid-T
c_1_33_1018,Lymphoid-T
c_1_33_1019,Lymphoid-T
c_1_33_1020,Lymphoid-T
c_1_33_1021,Lymphoid-T
c_1_33_1022,Lymphoid-T
c_1_33_1023,Lymphoid-DC
c_1_33_1024,Lymphoid-T
c_1_33_1025,Lymphoid-T
c_1_33_1026,Lymphoid-T
c_1_33_1027,Lymphoid-T
c_1_33_1028,Lymphoid-T
c_1_33_1029,Lymphoid-T
c_1_33_1030,Lymphoid-Other
c_1_33_1031,Lymphoid-Other
c_1_33_1032,Lymphoid-T
c_1_33_1033,Lymphoid-T
c_1_33_1034,Lymphoid-T
c_1_33_1035,Lymphoid-Other
c_1_33_1036,Lymphoid-T
c_1_33_1037,Lymphoid-T
c_1_33_1038,Lymphoid-T
c_1_33_1039,Lymphoid-T
c_1_33_1040,Lymphoid-T
c_1_33_1041,Lymphoid-T
c_1_33_1042,Lymphoid-T
c_1_33_1043,Lymphoid-T
c_1_33_1044,Lymphoid-T
c_1_33_1045,Lymphoid-T
c_1_33_1046,Lymphoid-T
c_1_33_1047,Lymphoid-DC
c_1_33_1048,Lymphoid-T
c_1_33_1049,Lymphoid-T
c_1_33_1050,Lymphoid-T
c_1_33_1051,Lymphoid-B
c_1_33_1052,Lymphoid-T
c_1_33_1053,Lymphoid-DC
c_1_33_1054,Lymphoid-DC
c_1_33_1055,Lymphoid-T
c_1_33_1056,Lymphoid-Other
c_1_33_1057,Lymphoid-T
c_1_33_1058,Lymphoid-T
c_1_33_1059,Lymphoid-T
c_1_33_1060,Lymphoid-Other
c_1_33_1061,Lymphoid-T
c_1_33_1062,Lymphoid-Other
c_1_33_1063,Lymphoid-DC
c_1_33_1064,Lymphoid-DC
c_1_33_1065,Lymphoid-T
c_1_33_1066,Lymphoid-T
c_1_33_1067,Lymphoid-T
c_1_33_1068,Lymphoid-T
c_1_33_1069,Lymphoid-T
c_1_33_1070,Lymphoid-T
c_1_33_1071,Lymphoid-T
c_1_33_1072,Lymphoid-Other
c_1_33_1073,Lymphoid-T
c_1_33_1074,Lymphoid-T
c_1_33_1075,Lymphoid-T
c_1_33_1076,Lymphoid-T
c_1_33_1077,Lymphoid-Other
c_1_33_1078,Lymphoid-DC
c_1_33_1079,Lymphoid-Other
c_1_33_1080,Lymphoid-Other
c_1_33_1081,Lymphoid-T
c_1_33_1082,Lymphoid-T
c_1_33_1083,Lymphoid-T
c_1_33_1084,Lymphoid-T
c_1_33_1085,Lymphoid-DC
c_1_33_1086,Lymphoid-Other
c_1_33_1087,Lymphoid-T
c_1_33_1088,Lymphoid-DC
c_1_33_1089,Lymphoid-T
c_1_33_1090,Lymphoid-T
c_1_33_1091,Lymphoid-DC
c_1_33_1092,Lymphoid-T
c_1_33_1093,Lymphoid-T
c_1_33_1094,Lymphoid-T
c_1_33_1095,Lymphoid-T
c_1_33_1096,Lymphoid-Other
c_1_33_1097,Lymphoid-Other
c_1_33_1098,Lymphoid-T
c_1_33_1099,Lymphoid-T
c_1_33_1100,Lymphoid-DC
c_1_33_1101,Lymphoid-T
c_1_33_1102,Lymphoid-Other
c_1_33_1103,Lymphoid-T
c_1_33_1104,Lymphoid-T
c_1_33_1105,Lymphoid-T
c_1_33_1106,Lymphoid-Other
c_1_33_1107,Lymphoid-T
c_1_33_1108,Lymphoid-T
c_1_33_1109,Lymphoid-T
c_1_33_1110,None
c_1_33_1111,Myeloid
c_1_33_1112,Lymphoid-B
c_1_33_1113,Lymphoid-T
c_1_33_1114,Lymphoid-T
c_1_33_1115,Lymphoid-T
c_1_33_1116,Lymphoid-DC
c_1_33_1117,Lymphoid-DC
c_1_33_1118,Lymphoid-Other
c_1_33_1119,Lymphoid-B
c_1_33_1120,Lymphoid-T
c_1_33_1121,None
c_1_33_1122,Lymphoid-T
c_1_33_1123,Lymphoid-T
c_1_33_1124,Lymphoid-T
c_1_33_1125,Lymphoid-T
c_1_33_1126,Lymphoid-T
c_1_33_1127,Lymphoid-T
c_1_33_1128,Lymphoid-T
c_1_33_1129,None
c_1_33_1130,Lymphoid-T
c_1_33_1131,Lymphoid-T
c_1_33_1132,Lymphoid-Other
c_1_33_1133,Lymphoid-T
c_1_33_1134,Lymphoid-T
c_1_33_1135,Lymphoid-T
c_1_33_1136,Lymphoid-Other
c_1_33_1137,Lymphoid-T
c_1_33_1138,Lymphoid-Other
c_1_33_1139,Lymphoid-T
c_1_33_1140,Lymphoid-Other
c_1_33_1141,Lymphoid-T
c_1_33_1142,Lymphoid-T
c_1_33_1143,Lymphoid-T
c_1_33_1144,Lymphoid-Other
c_1_33_1145,Lymphoid-Other
c_1_33_1146,Lymphoid-DC
c_1_33_1147,Myeloid
c_1_33_1148,Lymphoid-T
c_1_33_1149,Lymphoid-T
c_1_33_1150,Lymphoid-T
c_1_33_1151,Lymphoid-T
c_1_33_1152,Lymphoid-DC
c_1_33_1153,Lymphoid-Other
c_1_33_1154,Lymphoid-Other
c_1_33_1155,Lymphoid-T
c_1_33_1156,Lymphoid-T
c_1_33_1157,Lymphoid-DC
c_1_33_1158,Lymphoid-DC
c_1_33_1159,Lymphoid-T
c_1_33_1160,Lymphoid-T
c_1_33_1161,Lymphoid-T
c_1_33_1162,Lymphoid-T
c_1_33_1163,Lymphoid-T
c_1_33_1164,Lymphoid-T
c_1_33_1165,Lymphoid-T
c_1_33_1166,Lymphoid-T
c_1_33_1167,Lymphoid-Other
c_1_33_1168,Lymphoid-T
c_1_33_1169,Lymphoid-DC
c_1_33_1170,Lymphoid-T
c_1_33_1171,Lymphoid-T
c_1_33_1172,Lymphoid-DC
c_1_33_1173,Lymphoid-Other
c_1_33_1174,Lymphoid-T
c_1_33_1175,Lymphoid-Other
c_1_33_1176,Lymphoid-Other
c_1_33_1177,Lymphoid-T
c_1_33_1178,Lymphoid-DC
c_1_33_1179,Lymphoid-T
c_1_33_1180,Lymphoid-T
c_1_33_1181,Lymphoid-T
c_1_33_1182,Lymphoid-Other
c_1_33_1183,Lymphoid-T
c_1_33_1184,Lymphoid-DC
c_1_33_1185,Lymphoid-Other
c_1_33_1186,Lymphoid-Other
c_1_33_1187,Lymphoid-Other
c_1_33_1188,Lymphoid-T
c_1_33_1189,Lymphoid-T
c_1_33_1190,Lymphoid-T
c_1_33_1191,Lymphoid-T
c_1_33_1192,Lymphoid-T
c_1_33_1193,Lymphoid-T
c_1_33_1194,Lymphoid-T
c_1_33_1195,Lymphoid-T
c_1_33_1196,Lymphoid-T
c_1_33_1197,Lymphoid-T
c_1_33_1198,Lymphoid-T
c_1_33_1199,Lymphoid-DC
c_1_33_1200,Lymphoid-Other
c_1_33_1201,Lymphoid-Other
c_1_33_1202,Lymphoid-T
c_1_33_1203,Myeloid
c_1_33_1204,Lymphoid-T
c_1_33_1205,Lymphoid-T
c_1_33_1206,Lymphoid-T
c_1_33_1207,Lymphoid-Other
c_1_33_1208,Lymphoid-T
c_1_33_1209,Lymphoid-T
c_1_33_1210,None
c_1_33_1211,Lymphoid-T
c_1_33_1212,Lymphoid-T
c_1_33_1213,Lymphoid-T
c_1_33_1214,Lymphoid-T
c_1_33_1215,Lymphoid-T
c_1_33_1216,Lymphoid-T
c_1_33_1217,Lymphoid-T
c_1_33_1218,Lymphoid-DC
c_1_33_1219,Lymphoid-T
c_1_33_1220,Lymphoid-Plasma
c_1_33_1221,Lymphoid-Other
c_1_33_1222,Lymphoid-Other
c_1_33_1223,Lymphoid-T
c_1_33_1224,Lymphoid-T
c_1_33_1225,Lymphoid-T
c_1_33_1226,Lymphoid-DC
c_1_33_1227,Lymphoid-T
c_1_33_1228,Lymphoid-T
c_1_33_1229,Lymphoid-DC
c_1_33_1230,Lymphoid-T
c_1_33_1231,Lymphoid-Other
c_1_33_1232,Lymphoid-DC
c_1_33_1233,Lymphoid-T
c_1_33_1234,Lymphoid-DC
c_1_33_1235,Lymphoid-T
c_1_33_1236,Lymphoid-Other
c_1_33_1237,Lymphoid-T
c_1_33_1238,Lymphoid-Other
c_1_33_1239,Lymphoid-Other
c_1_33_1240,Lymphoid-T
c_1_33_1241,Myeloid
c_1_33_1242,Lymphoid-Other
c_1_33_1243,Lymphoid-Other
c_1_33_1244,Lymphoid-Other
c_1_33_1245,Lymphoid-T
c_1_33_1246,Lymphoid-DC
c_1_33_1247,Lymphoid-T
c_1_33_1248,Lymphoid-T
c_1_33_1249,Lymphoid-T
c_1_33_1250,Lymphoid-T
c_1_33_1251,Lymphoid-T
c_1_33_1252,Lymphoid-DC
c_1_33_1253,Lymphoid-T
c_1_33_1254,Lymphoid-DC
c_1_33_1255,Lymphoid-T
c_1_33_1256,Lymphoid-T
c_1_33_1257,Lymphoid-T
c_1_33_1258,Lymphoid-T
c_1_33_1259,Lymphoid-T
c_1_33_1260,Lymphoid-T
c_1_33_1261,Lymphoid-T
c_1_33_1262,Lymphoid-T
c_1_33_1263,Lymphoid-Other
c_1_33_1264,Lymphoid-T
c_1_33_1265,Lymphoid-T
c_1_33_1266,Lymphoid-Other
c_1_33_1267,Lymphoid-T
c_1_33_1268,Lymphoid-Other
c_1_33_1269,Lymphoid-T
c_1_33_1270,Lymphoid-T
c_1_33_1271,Lymphoid-T
c_1_33_1272,Lymphoid-T
c_1_33_1273,Lymphoid-T
c_1_33_1274,Lymphoid-T
c_1_33_1275,Lymphoid-T
c_1_33_1276,Lymphoid-DC
c_1_33_1277,Lymphoid-T
c_1_33_1278,Lymphoid-T
c_1_33_1279,Lymphoid-T
c_1_33_1280,Lymphoid-T
c_1_33_1281,Lymphoid-T
c_1_33_1282,Lymphoid-T
c_1_33_1283,Lymphoid-T
c_1_33_1284,Lymphoid-T
c_1_33_1285,Myeloid
c_1_33_1286,Lymphoid-T
c_1_33_1287,Lymphoid-T
c_1_33_1288,Myeloid
c_1_33_1289,Lymphoid-T
c_1_33_1290,Lymphoid-T
c_1_33_1291,Lymphoid-T
c_1_33_1292,Lymphoid-T
c_1_33_1293,Lymphoid-T
c_1_33_1294,Lymphoid-T
c_1_33_1295,Lymphoid-T
c_1_33_1296,Lymphoid-T
c_1_33_1297,Lymphoid-T
c_1_33_1298,Lymphoid-Other
c_1_33_1299,Lymphoid-T
c_1_33_1300,Lymphoid-T
c_1_33_1301,Lymphoid-T
c_1_33_1302,Lymphoid-Other
c_1_33_1303,None
c_1_33_1304,Lymphoid-T
c_1_33_1305,Lymphoid-T
c_1_33_1306,Lymphoid-T
c_1_33_1307,Lymphoid-T
c_1_33_1308,Lymphoid-T
c_1_33_1309,Lymphoid-T
c_1_33_1310,Lymphoid-T
c_1_33_1311,Lymphoid-T
c_1_33_1312,Lymphoid-T
c_1_33_1313,Lymphoid-Other
c_1_33_1314,Lymphoid-T
c_1_33_1315,Lymphoid-T
c_1_33_1316,Lymphoid-T
c_1_33_1317,Lymphoid-T
c_1_33_1318,Lymphoid-T
c_1_33_1319,Lymphoid-T
c_1_33_1320,Lymphoid-T
c_1_33_1321,Lymphoid-T
c_1_33_1322,Lymphoid-T
c_1_33_1323,Lymphoid-T
c_1_33_1324,Lymphoid-DC
c_1_33_1325,Lymphoid-Other
c_1_33_1326,Lymphoid-T
c_1_33_1327,Lymphoid-Other
c_1_33_1328,Lymphoid-T
c_1_33_1329,Myeloid
c_1_33_1330,Lymphoid-T
c_1_33_1331,Lymphoid-T
c_1_33_1332,Lymphoid-T
c_1_33_1333,Lymphoid-B
c_1_33_1334,Lymphoid-Other
c_1_33_1335,Lymphoid-T
c_1_33_1336,Lymphoid-T
c_1_33_1337,Lymphoid-Other
c_1_33_1338,Lymphoid-Other
c_1_33_1339,Lymphoid-Other
c_1_33_1340,Lymphoid-T
c_1_33_1341,Lymphoid-T
c_1_33_1342,Lymphoid-Other
c_1_33_1343,Lymphoid-Other
c_1_33_1344,Lymphoid-T
c_1_33_1345,Lymphoid-Other
c_1_33_1346,Lymphoid-T
c_1_33_1347,Lymphoid-T
c_1_33_1348,Lymphoid-T
c_1_33_1349,Lymphoid-Other
c_1_33_1350,Lymphoid-B
c_1_33_1351,Lymphoid-T
c_1_33_1352,Lymphoid-T
c_1_33_1353,Lymphoid-T
c_1_33_1354,Lymphoid-T
c_1_33_1355,Lymphoid-Other
c_1_33_1356,Lymphoid-T
c_1_33_1357,Lymphoid-Other
c_1_33_1358,Lymphoid-T
c_1_33_1359,Lymphoid-Other
c_1_33_1360,Lymphoid-T
c_1_33_1361,Lymphoid-T
c_1_33_1362,Lymphoid-T
c_1_33_1363,Lymphoid-T
c_1_33_1364,Lymphoid-T
c_1_33_1365,Lymphoid-DC
c_1_33_1366,Lymphoid-T
c_1_33_1367,Lymphoid-Plasma
c_1_33_1368,Lymphoid-Other
c_1_33_1369,Lymphoid-T
c_1_33_1370,Lymphoid-Other
c_1_33_1371,Lymphoid-Other
c_1_33_1372,Lymphoid-T
c_1_33_1373,Lymphoid-Other
c_1_33_1374,Lymphoid-T
c_1_33_1375,Lymphoid-DC
c_1_33_1376,Lymphoid-T
c_1_33_1377,Lymphoid-T
c_1_33_1378,Lymphoid-T
c_1_33_1379,Lymphoid-T
c_1_33_1380,Lymphoid-T
c_1_33_1381,Lymphoid-Other
c_1_33_1382,Lymphoid-T
c_1_33_1383,Lymphoid-T
c_1_33_1384,Lymphoid-Other
c_1_33_1385,Lymphoid-T
c_1_33_1386,Lymphoid-DC
c_1_33_1387,Lymphoid-T
c_1_33_1388,Lymphoid-T
c_1_33_1389,Lymphoid-T
c_1_33_1390,Lymphoid-T
c_1_33_1391,Lymphoid-Other
c_1_33_1392,Lymphoid-T
c_1_33_1393,Lymphoid-T
c_1_33_1394,Lymphoid-Other
c_1_33_1395,Lymphoid-T
c_1_33_1396,Lymphoid-Other
c_1_33_1397,None
c_1_33_1398,Lymphoid-DC
c_1_33_1399,Lymphoid-T
c_1_33_1400,Lymphoid-T
c_1_33_1401,Lymphoid-T
c_1_33_1402,Lymphoid-T
c_1_33_1403,Lymphoid-T
c_1_33_1404,Lymphoid-T
c_1_33_1405,Lymphoid-Other
c_1_33_1406,Lymphoid-DC
c_1_33_1407,Lymphoid-T
c_1_33_1408,Lymphoid-T
c_1_33_1409,Lymphoid-Other
c_1_33_1410,Lymphoid-DC
c_1_33_1411,Lymphoid-T
c_1_33_1412,Lymphoid-Other
c_1_33_1413,Lymphoid-T
c_1_33_1414,Lymphoid-T
c_1_33_1415,Lymphoid-T
c_1_33_1416,Lymphoid-T
c_1_33_1417,Lymphoid-T
c_1_33_1418,Lymphoid-T
c_1_33_1419,Lymphoid-Other
c_1_33_1420,Lymphoid-T
c_1_33_1421,Lymphoid-Other
c_1_33_1422,Lymphoid-T
c_1_33_1423,Lymphoid-T
c_1_33_1424,Lymphoid-T
c_1_33_1425,Lymphoid-Other
c_1_33_1426,Myeloid
c_1_33_1427,Lymphoid-B
c_1_33_1428,Lymphoid-T
c_1_33_1429,Lymphoid-T
c_1_33_1430,Lymphoid-T
c_1_33_1431,Lymphoid-T
c_1_33_1432,Lymphoid-T
c_1_33_1433,Lymphoid-Other
c_1_33_1434,Lymphoid-T
c_1_33_1435,Lymphoid-DC
c_1_33_1436,Lymphoid-T
c_1_33_1437,Lymphoid-T
c_1_33_1438,Lymphoid-T
c_1_33_1439,None
c_1_33_1440,Lymphoid-T
c_1_33_1441,Lymphoid-T
c_1_33_1442,Lymphoid-T
c_1_33_1443,Lymphoid-Other
c_1_33_1444,Lymphoid-T
c_1_33_1445,Lymphoid-T
c_1_33_1446,Lymphoid-Other
c_1_33_1447,Lymphoid-T
c_1_33_1448,Lymphoid-DC
c_1_33_1449,Lymphoid-T
c_1_33_1450,Lymphoid-T
c_1_33_1451,Lymphoid-T
c_1_33_1452,Lymphoid-T
c_1_33_1453,Lymphoid-Other
c_1_33_1454,Lymphoid-B
c_1_33_1455,Lymphoid-Other
c_1_33_1456,Lymphoid-T
c_1_33_1457,Lymphoid-T
c_1_33_1458,Lymphoid-T
c_1_33_1459,Lymphoid-T
c_1_33_1460,Lymphoid-T
c_1_33_1461,Lymphoid-T
c_1_33_1462,Lymphoid-T
c_1_33_1463,Lymphoid-T
c_1_33_1464,Lymphoid-T
c_1_33_1465,Lymphoid-T
c_1_33_1466,Lymphoid-T
c_1_33_1467,Lymphoid-T
c_1_33_1468,Lymphoid-T
c_1_33_1469,Lymphoid-T
c_1_33_1470,Lymphoid-T
c_1_33_1471,Lymphoid-T
c_1_33_1472,Lymphoid-T
c_1_33_1473,Lymphoid-T
c_1_33_1474,Lymphoid-T
c_1_33_1475,Lymphoid-T
c_1_33_1476,Lymphoid-T
c_1_33_1477,Lymphoid-Other
c_1_33_1478,Lymphoid-B
c_1_33_1479,Lymphoid-Other
c_1_33_1480,Lymphoid-T
c_1_33_1481,Lymphoid-T
c_1_33_1482,Lymphoid-Other
c_1_33_1483,Lymphoid-T
c_1_33_1484,Lymphoid-T
c_1_33_1485,Lymphoid-T
c_1_33_1486,Lymphoid-Other
c_1_33_1487,Lymphoid-T
c_1_33_1488,Lymphoid-Other
c_1_33_1489,Lymphoid-T
c_1_33_1490,Lymphoid-T
c_1_33_1491,Lymphoid-T
c_1_33_1492,Lymphoid-T
c_1_33_1493,Lymphoid-T
c_1_33_1494,Lymphoid-T
c_1_33_1495,Lymphoid-T
c_1_33_1496,Lymphoid-T
c_1_33_1497,Lymphoid-T
c_1_33_1498,Lymphoid-T
c_1_33_1499,Lymphoid-Other
c_1_33_1500,Lymphoid-T
c_1_33_1501,Lymphoid-T
c_1_33_1502,Lymphoid-T
c_1_33_1503,Lymphoid-Other
c_1_33_1504,Lymphoid-Other
c_1_33_1505,Lymphoid-T
c_1_33_1506,Lymphoid-T
c_1_33_1507,Lymphoid-T
c_1_33_1508,Lymphoid-T
c_1_33_1509,Lymphoid-Other
c_1_33_1510,Lymphoid-T
c_1_33_1511,Lymphoid-Other
c_1_33_1512,Lymphoid-T
c_1_33_1513,Lymphoid-T
c_1_33_1514,Lymphoid-T
c_1_33_1515,Lymphoid-T
c_1_33_1516,Lymphoid-T
c_1_33_1517,Lymphoid-T
c_1_33_1518,Lymphoid-Other
c_1_33_1519,Lymphoid-T
c_1_33_1520,Lymphoid-Other
c_1_33_1521,Lymphoid-T
c_1_33_1522,Lymphoid-T
c_1_33_1523,Lymphoid-Other
c_1_33_1524,Lymphoid-T
c_1_33_1525,Lymphoid-T
c_1_33_1526,Lymphoid-T
c_1_33_1527,Lymphoid-T
c_1_33_1528,Lymphoid-T
c_1_33_1529,Lymphoid-T
c_1_33_1530,Lymphoid-T
c_1_33_1531,Lymphoid-T
c_1_33_1532,Lymphoid-T
c_1_33_1533,Lymphoid-T
c_1_33_1534,Lymphoid-T
c_1_33_1535,Lymphoid-Other
c_1_33_1536,Lymphoid-T
c_1_33_1537,Lymphoid-B
c_1_33_1538,Lymphoid-T
c_1_33_1539,Lymphoid-B
c_1_33_1540,Lymphoid-T
c_1_33_1541,Lymphoid-T
c_1_33_1542,Lymphoid-Other
c_1_33_1543,Lymphoid-T
c_1_33_1544,Lymphoid-T
c_1_33_1545,Lymphoid-DC
c_1_33_1546,Lymphoid-DC
c_1_33_1547,Lymphoid-T
c_1_33_1548,Lymphoid-T
c_1_33_1549,Myeloid
c_1_33_1550,Lymphoid-T
c_1_33_1551,Lymphoid-DC
c_1_33_1552,Lymphoid-T
c_1_33_1553,Lymphoid-T
c_1_33_1554,Lymphoid-T
c_1_33_1555,Lymphoid-T
c_1_33_1556,Lymphoid-T
c_1_33_1557,Lymphoid-T
c_1_33_1558,Lymphoid-T
c_1_33_1559,Lymphoid-T
c_1_33_1560,Lymphoid-Other
c_1_33_1561,None
c_1_33_1562,Lymphoid-Other
c_1_33_1563,Lymphoid-Other
c_1_33_1564,Lymphoid-Other
c_1_33_1565,Lymphoid-T
c_1_33_1566,Lymphoid-T
c_1_33_1567,Lymphoid-T
c_1_33_1568,Lymphoid-T
c_1_33_1569,Lymphoid-T
c_1_33_1570,Lymphoid-T
c_1_33_1571,Lymphoid-T
c_1_33_1572,Lymphoid-T
c_1_33_1573,Lymphoid-T
c_1_33_1574,Lymphoid-T
c_1_33_1575,Lymphoid-Other
c_1_33_1576,Lymphoid-T
c_1_33_1577,Lymphoid-T
c_1_33_1578,Lymphoid-T
c_1_33_1579,Lymphoid-T
c_1_33_1580,Lymphoid-DC
c_1_33_1581,Lymphoid-T
c_1_33_1582,Lymphoid-T
c_1_33_1583,Lymphoid-T
c_1_33_1584,Lymphoid-T
c_1_33_1585,Lymphoid-Other
c_1_33_1586,Lymphoid-T
c_1_33_1587,Lymphoid-Other
c_1_33_1588,Lymphoid-T
c_1_33_1589,Lymphoid-T
c_1_33_1590,Lymphoid-T
c_1_33_1591,Lymphoid-T
c_1_33_1592,Lymphoid-Other
c_1_33_1593,Lymphoid-T
c_1_33_1594,Lymphoid-T
c_1_33_1595,Lymphoid-T
c_1_33_1596,Lymphoid-Other
c_1_33_1597,Lymphoid-T
c_1_33_1598,Lymphoid-T
c_1_33_1599,Lymphoid-T
c_1_33_1600,Lymphoid-Other
c_1_33_1601,Lymphoid-Other
c_1_33_1602,Lymphoid-DC
c_1_33_1603,Lymphoid-T
c_1_33_1604,Lymphoid-T
c_1_33_1605,Lymphoid-Other
c_1_33_1606,Lymphoid-DC
c_1_33_1607,Lymphoid-T
c_1_33_1608,Lymphoid-DC
c_1_33_1609,Lymphoid-Other
c_1_33_1610,Lymphoid-DC
c_1_33_1611,Lymphoid-T
c_1_33_1612,Lymphoid-T
c_1_33_1613,Lymphoid-Other
c_1_33_1614,Lymphoid-T
c_1_33_1615,Lymphoid-T
c_1_33_1616,Lymphoid-DC
c_1_33_1617,Lymphoid-T
c_1_33_1618,Lymphoid-T
c_1_33_1619,Lymphoid-T
c_1_33_1620,Lymphoid-DC
c_1_33_1621,Lymphoid-T
c_1_33_1622,Lymphoid-Other
c_1_33_1623,Lymphoid-T
c_1_33_1624,Lymphoid-DC
c_1_33_1625,Lymphoid-DC
c_1_33_1626,Lymphoid-Other
c_1_33_1627,Lymphoid-T
c_1_33_1628,Lymphoid-T
c_1_33_1629,Lymphoid-T
c_1_33_1630,Lymphoid-T
c_1_33_1631,Lymphoid-T
c_1_33_1632,Lymphoid-T
c_1_33_1633,Lymphoid-T
c_1_33_1634,Lymphoid-T
c_1_33_1635,Lymphoid-T
c_1_33_1636,Lymphoid-Other
c_1_33_1637,Lymphoid-T
c_1_33_1638,Lymphoid-T
c_1_33_1639,Lymphoid-T
c_1_33_1640,Lymphoid-T
c_1_33_1641,Lymphoid-T
c_1_33_1642,Lymphoid-DC
c_1_33_1643,Lymphoid-T
c_1_33_1644,Lymphoid-T
c_1_33_1645,Lymphoid-Other
c_1_33_1646,Lymphoid-T
c_1_33_1647,Lymphoid-Other
c_1_33_1648,None
c_1_33_1649,Lymphoid-T
c_1_33_1650,Lymphoid-T
c_1_33_1651,Lymphoid-Other
c_1_33_1652,Lymphoid-T
c_1_33_1653,Lymphoid-Plasma
c_1_33_1654,Lymphoid-T
c_1_33_1655,Lymphoid-T
c_1_33_1656,Lymphoid-T
c_1_33_1657,Lymphoid-T
c_1_33_1658,Lymphoid-T
c_1_33_1659,Lymphoid-T
c_1_33_1660,Lymphoid-Other
c_1_33_1661,Lymphoid-T
c_1_33_1662,Lymphoid-T
c_1_33_1663,Lymphoid-T
c_1_33_1664,Lymphoid-Other
c_1_33_1665,Lymphoid-T
c_1_33_1666,Lymphoid-T
c_1_33_1667,Lymphoid-T
c_1_33_1668,Lymphoid-T
c_1_33_1669,Lymphoid-T
c_1_33_1670,Lymphoid-Other
c_1_33_1671,Lymphoid-T
c_1_33_1672,Lymphoid-T
c_1_33_1673,Lymphoid-Other
c_1_33_1674,Lymphoid-Plasma
c_1_33_1675,Lymphoid-Other
c_1_33_1676,Lymphoid-T
c_1_33_1677,Lymphoid-T
c_1_33_1678,Lymphoid-Other
c_1_33_1679,Lymphoid-T
c_1_33_1680,Lymphoid-T
c_1_33_1681,Lymphoid-T
c_1_33_1682,None
c_1_33_1683,Lymphoid-T
c_1_33_1684,Lymphoid-T
c_1_33_1685,Lymphoid-T
c_1_33_1686,Lymphoid-Other
c_1_33_1687,Lymphoid-DC
c_1_33_1688,Lymphoid-T
c_1_33_1689,Lymphoid-DC
c_1_33_1690,Lymphoid-Other
c_1_33_1691,Lymphoid-DC
c_1_33_1692,Lymphoid-T
c_1_33_1693,Lymphoid-Other
c_1_33_1694,Lymphoid-Other
c_1_33_1695,Lymphoid-T
c_1_33_1696,Lymphoid-T
c_1_33_1697,Lymphoid-T
c_1_33_1698,Lymphoid-T
c_1_33_1699,Lymphoid-Other
c_1_33_1700,Lymphoid-Other
c_1_33_1701,Lymphoid-DC
c_1_33_1702,Lymphoid-T
c_1_33_1703,Lymphoid-T
c_1_33_1704,Lymphoid-T
c_1_33_1705,Lymphoid-T
c_1_33_1706,Lymphoid-T
c_1_33_1707,Lymphoid-Other
c_1_33_1708,Lymphoid-T
c_1_33_1709,None
c_1_33_1710,Lymphoid-T
c_1_33_1711,None
c_1_33_1712,Lymphoid-T
c_1_33_1713,Lymphoid-T
c_1_33_1714,Lymphoid-T
c_1_33_1715,Lymphoid-T
c_1_33_1716,Lymphoid-Other
c_1_33_1717,Lymphoid-T
c_1_33_1718,Lymphoid-T
c_1_33_1719,Lymphoid-T
c_1_33_1720,Lymphoid-T
c_1_33_1721,Lymphoid-T
c_1_33_1722,Lymphoid-Other
c_1_33_1723,Lymphoid-T
c_1_33_1724,Lymphoid-T
c_1_33_1725,Lymphoid-DC
c_1_33_1726,Lymphoid-Other
c_1_33_1727,Lymphoid-T
c_1_33_1728,Lymphoid-T
c_1_33_1729,Lymphoid-T
c_1_33_1730,Lymphoid-T
c_1_33_1731,Lymphoid-T
c_1_33_1732,Lymphoid-T
c_1_33_1733,Lymphoid-DC
c_1_33_1734,Lymphoid-T
c_1_33_1735,Lymphoid-T
c_1_33_1736,Lymphoid-T
c_1_33_1737,Lymphoid-Other
c_1_33_1738,Lymphoid-T
c_1_33_1739,Lymphoid-Plasma
c_1_33_1740,Lymphoid-T
c_1_33_1741,Lymphoid-T
c_1_33_1742,Lymphoid-Other
c_1_33_1743,Lymphoid-T
c_1_33_1744,Lymphoid-T
c_1_33_1745,Lymphoid-Other
c_1_33_1746,Lymphoid-Other
c_1_33_1747,Lymphoid-T
c_1_33_1748,Lymphoid-Other
c_1_33_1749,Lymphoid-T
c_1_33_1750,Lymphoid-Other
c_1_33_1751,Lymphoid-T
c_1_33_1752,Lymphoid-T
c_1_33_1753,None
c_1_33_1754,Lymphoid-T
c_1_33_1755,Lymphoid-T
c_1_33_1756,Lymphoid-DC
c_1_33_1757,Lymphoid-T
c_1_33_1758,Lymphoid-T
c_1_33_1759,None
c_1_33_1760,Lymphoid-Other
c_1_33_1761,Lymphoid-Other
c_1_33_1762,Lymphoid-Other
c_1_33_1763,Myeloid
c_1_33_1764,Lymphoid-Other
c_1_33_1765,Lymphoid-T
c_1_33_1766,Lymphoid-T
c_1_33_1767,Lymphoid-T
c_1_33_1768,Endothelial
c_1_33_1769,Lymphoid-T
c_1_33_1770,Lymphoid-T
c_1_33_1771,Lymphoid-DC
c_1_33_1772,Lymphoid-T
c_1_33_1773,Lymphoid-Other
c_1_33_1774,Lymphoid-T
c_1_33_1775,Lymphoid-T
c_1_33_1776,Lymphoid-Other
c_1_33_1777,Lymphoid-Other
c_1_33_1778,Lymphoid-T
c_1_33_1779,Lymphoid-Other
c_1_33_1780,Lymphoid-T
c_1_33_1781,Lymphoid-T
c_1_33_1782,Lymphoid-T
c_1_33_1783,Lymphoid-T
c_1_33_1784,Lymphoid-DC
c_1_33_1785,Lymphoid-T
c_1_33_1786,Lymphoid-Other
c_1_33_1787,Lymphoid-T
c_1_33_1788,Lymphoid-T
c_1_33_1789,Lymphoid-T
c_1_33_1790,Lymphoid-Other
c_1_33_1791,Lymphoid-Other
c_1_33_1792,Lymphoid-Other
c_1_33_1793,Lymphoid-DC
c_1_33_1794,Lymphoid-T
c_1_33_1795,Lymphoid-T
c_1_33_1796,Lymphoid-T
c_1_33_1797,Lymphoid-T
c_1_33_1798,Lymphoid-Other
c_1_33_1799,Lymphoid-T
c_1_33_1800,Lymphoid-T
c_1_33_1801,Lymphoid-T
c_1_33_1802,Lymphoid-T
c_1_33_1803,Lymphoid-T
c_1_33_1804,Lymphoid-T
c_1_33_1805,Lymphoid-T
c_1_33_1806,Lymphoid-T
c_1_33_1807,Lymphoid-Other
c_1_33_1808,Lymphoid-T
c_1_33_1809,Lymphoid-T
c_1_33_1810,Lymphoid-T
c_1_33_1811,Lymphoid-Other
c_1_33_1812,Lymphoid-Other
c_1_33_1813,Lymphoid-T
c_1_33_1814,Lymphoid-Other
c_1_33_1815,Lymphoid-Other
c_1_33_1816,Lymphoid-T
c_1_33_1817,Myeloid
c_1_33_1818,Lymphoid-Other
c_1_33_1819,Lymphoid-T
c_1_33_1820,Lymphoid-T
c_1_33_1821,Lymphoid-T
c_1_33_1822,Lymphoid-T
c_1_33_1823,Lymphoid-Other
c_1_33_1824,Lymphoid-T
c_1_33_1825,Lymphoid-T
c_1_33_1826,Lymphoid-T
c_1_33_1827,Lymphoid-T
c_1_33_1828,Lymphoid-T
c_1_33_1829,Lymphoid-T
c_1_33_1830,Lymphoid-T
c_1_33_1831,Lymphoid-T
c_1_33_1832,Lymphoid-T
c_1_33_1833,Lymphoid-T
c_1_33_1834,Lymphoid-T
c_1_33_1835,Lymphoid-T
c_1_33_1836,Lymphoid-T
c_1_33_1837,Lymphoid-T
c_1_33_1838,Myeloid
c_1_33_1839,Lymphoid-Other
c_1_33_1840,Lymphoid-Other
c_1_33_1841,Lymphoid-Other
c_1_33_1842,Lymphoid-T
c_1_33_1843,Lymphoid-T
c_1_33_1844,Lymphoid-Other
c_1_33_1845,Lymphoid-DC
c_1_33_1846,Lymphoid-T
c_1_33_1847,Lymphoid-T
c_1_33_1848,Lymphoid-T
c_1_33_1849,Lymphoid-T
c_1_33_1850,Lymphoid-DC
c_1_33_1851,Lymphoid-T
c_1_33_1852,Lymphoid-Other
c_1_33_1853,Lymphoid-T
c_1_33_1854,Lymphoid-T
c_1_33_1855,Lymphoid-T
c_1_33_1856,Lymphoid-T
c_1_33_1857,Lymphoid-T
c_1_33_1858,Lymphoid-Other
c_1_33_1859,Lymphoid-T
c_1_33_1860,Lymphoid-T
c_1_33_1861,Lymphoid-T
c_1_33_1862,Lymphoid-T
c_1_33_1863,Myeloid
c_1_33_1864,Lymphoid-T
c_1_33_1865,Lymphoid-T
c_1_33_1866,Lymphoid-Other
c_1_33_1867,Myeloid
c_1_33_1868,Lymphoid-T
c_1_33_1869,Myeloid
c_1_33_1870,Lymphoid-Other
c_1_33_1871,Lymphoid-T
c_1_33_1872,Lymphoid-T
c_1_33_1873,Lymphoid-T
c_1_33_1874,Lymphoid-T
c_1_33_1875,None
c_1_33_1876,Lymphoid-T
c_1_33_1877,Lymphoid-DC
c_1_33_1878,Lymphoid-T
c_1_33_1879,Lymphoid-T
c_1_33_1880,Lymphoid-T
c_1_33_1881,Lymphoid-T
c_1_33_1882,Lymphoid-Other
c_1_33_1883,Lymphoid-T
c_1_33_1884,Lymphoid-T
c_1_33_1885,Lymphoid-T
c_1_33_1886,Lymphoid-T
c_1_33_1887,Lymphoid-Other
c_1_33_1888,Myeloid
c_1_33_1889,Lymphoid-T
c_1_33_1890,Lymphoid-T
c_1_33_1891,Lymphoid-T
c_1_33_1892,Lymphoid-T
c_1_33_1893,Lymphoid-T
c_1_33_1894,Lymphoid-T
c_1_33_1895,Lymphoid-T
c_1_33_1896,Lymphoid-Plasma
c_1_33_1897,Lymphoid-T
c_1_33_1898,Lymphoid-T
c_1_33_1899,Lymphoid-T
c_1_33_1900,Lymphoid-T
c_1_33_1901,Lymphoid-T
c_1_33_1902,Lymphoid-Other
c_1_33_1903,Lymphoid-T
c_1_33_1904,Lymphoid-T
c_1_33_1905,Lymphoid-Other
c_1_33_1906,Lymphoid-Other
c_1_33_1907,Lymphoid-T
c_1_33_1908,Lymphoid-T
c_1_33_1909,Lymphoid-Other
c_1_33_1910,Lymphoid-T
c_1_33_1911,Lymphoid-DC
c_1_33_1912,Lymphoid-Other
c_1_33_1913,Lymphoid-T
c_1_33_1914,Lymphoid-T
c_1_33_1915,Lymphoid-T
c_1_33_1916,Lymphoid-T
c_1_33_1917,Lymphoid-T
c_1_33_1918,Lymphoid-T
c_1_33_1919,Myeloid
c_1_33_1920,Lymphoid-T
c_1_33_1921,Lymphoid-Plasma
c_1_33_1922,Lymphoid-T
c_1_33_1923,Lymphoid-Other
c_1_33_1924,Lymphoid-T
c_1_33_1925,Lymphoid-Other
c_1_33_1926,Lymphoid-Other
c_1_33_1927,Lymphoid-T
c_1_33_1928,Lymphoid-T
c_1_33_1929,Lymphoid-T
c_1_33_1930,Lymphoid-T
c_1_33_1931,Lymphoid-T
c_1_33_1932,Lymphoid-T
c_1_33_1933,Lymphoid-T
c_1_33_1934,Lymphoid-DC
c_1_33_1935,Lymphoid-T
c_1_33_1936,Lymphoid-T
c_1_33_1937,Lymphoid-T
c_1_33_1938,Lymphoid-Other
c_1_33_1939,Lymphoid-T
c_1_33_1940,Lymphoid-Other
c_1_33_1941,Myeloid
c_1_33_1942,Lymphoid-Other
c_1_33_1943,Lymphoid-Other
c_1_33_1944,Lymphoid-T
c_1_33_1945,Lymphoid-T
c_1_33_1946,Lymphoid-Other
c_1_33_1947,Lymphoid-T
c_1_33_1948,None
c_1_33_1949,Lymphoid-T
c_1_33_1950,Lymphoid-T
c_1_33_1951,Lymphoid-T
c_1_33_1952,Lymphoid-T
c_1_33_1953,Lymphoid-T
c_1_33_1954,Lymphoid-Other
c_1_33_1955,Lymphoid-T
c_1_33_1956,Lymphoid-T
c_1_33_1957,Lymphoid-T
c_1_33_1958,Lymphoid-T
c_1_33_1959,Lymphoid-T
c_1_33_1960,Lymphoid-T
c_1_33_1961,Lymphoid-T
c_1_33_1962,Lymphoid-Other
c_1_33_1963,Lymphoid-T
c_1_33_1964,Lymphoid-T
c_1_33_1965,Lymphoid-T
c_1_33_1966,Lymphoid-T
c_1_33_1967,Lymphoid-DC
c_1_33_1968,Lymphoid-DC
c_1_33_1969,Lymphoid-DC
c_1_33_1970,Lymphoid-T
c_1_33_1971,Lymphoid-T
c_1_33_1972,Lymphoid-T
c_1_33_1973,Lymphoid-T
c_1_33_1974,Lymphoid-T
c_1_33_1975,Lymphoid-DC
c_1_33_1976,Lymphoid-T
c_1_33_1977,Lymphoid-T
c_1_33_1978,Lymphoid-T
c_1_33_1979,Lymphoid-DC
c_1_33_1980,Lymphoid-Other
c_1_33_1981,Lymphoid-T
c_1_33_1982,Lymphoid-T
c_1_33_1983,Lymphoid-Other
c_1_33_1984,Lymphoid-Other
c_1_33_1985,Lymphoid-T
c_1_33_1986,Lymphoid-T
c_1_33_1987,Lymphoid-T
c_1_33_1988,Lymphoid-T
c_1_33_1989,Lymphoid-T
c_1_33_1990,Lymphoid-Other
c_1_33_1991,Lymphoid-Other
c_1_33_1992,Lymphoid-T
c_1_33_1993,Lymphoid-Other
c_1_33_1994,Lymphoid-B
c_1_33_1995,Lymphoid-T
c_1_33_1996,Lymphoid-T
c_1_33_1997,Lymphoid-T
c_1_33_1998,Lymphoid-Other
c_1_33_1999,Lymphoid-T
c_1_33_2000,Myeloid
c_1_33_2001,Lymphoid-Other
c_1_33_2002,Lymphoid-Other
c_1_33_2003,Lymphoid-T
c_1_33_2004,Lymphoid-Other
c_1_33_2005,Lymphoid-Other
c_1_33_2006,Lymphoid-T
c_1_33_2007,Lymphoid-Other
c_1_33_2008,Lymphoid-T
c_1_33_2009,Lymphoid-T
c_1_33_2010,Lymphoid-Other
c_1_33_2011,Lymphoid-T
c_1_33_2012,Lymphoid-Other
c_1_33_2013,Lymphoid-T
c_1_33_2014,Lymphoid-T
c_1_33_2015,Lymphoid-T
c_1_33_2016,Lymphoid-T
c_1_33_2017,Lymphoid-T
c_1_33_2018,Lymphoid-T
c_1_33_2019,Lymphoid-Other
c_1_33_2020,Lymphoid-T
c_1_33_2021,Lymphoid-T
c_1_33_2022,Lymphoid-T
c_1_33_2023,Lymphoid-Other
c_1_33_2024,Lymphoid-Other
c_1_33_2025,Lymphoid-T
c_1_33_2026,Lymphoid-T
c_1_33_2027,Lymphoid-T
c_1_33_2028,Lymphoid-T
c_1_33_2029,Lymphoid-T
c_1_33_2030,Lymphoid-T
c_1_33_2031,Lymphoid-T
c_1_33_2032,Lymphoid-Other
c_1_33_2033,Lymphoid-T
c_1_33_2034,Lymphoid-T
c_1_33_2035,Myeloid
c_1_33_2036,Lymphoid-T
c_1_33_2037,Lymphoid-T
c_1_33_2038,Lymphoid-Other
c_1_33_2039,Lymphoid-T
c_1_33_2040,Lymphoid-T
c_1_33_2041,Lymphoid-Other
c_1_33_2042,Lymphoid-Other
c_1_33_2043,Lymphoid-T
c_1_33_2044,Lymphoid-DC
c_1_33_2045,Lymphoid-T
c_1_33_2046,Lymphoid-DC
c_1_33_2047,Lymphoid-T
c_1_33_2048,Lymphoid-T
c_1_33_2049,Lymphoid-T
c_1_33_2050,Lymphoid-T
c_1_33_2051,Lymphoid-T
c_1_33_2052,Myeloid
c_1_33_2053,Lymphoid-T
c_1_33_2054,Lymphoid-Other
c_1_33_2055,Lymphoid-T
c_1_33_2056,Lymphoid-DC
c_1_33_2057,Lymphoid-Other
c_1_33_2058,Lymphoid-T
c_1_33_2059,Lymphoid-T
c_1_33_2060,Lymphoid-T
c_1_33_2061,Lymphoid-T
c_1_33_2062,Lymphoid-Other
c_1_33_2063,Lymphoid-T
c_1_33_2064,Lymphoid-T
c_1_33_2065,Lymphoid-T
c_1_33_2066,Lymphoid-T
c_1_33_2067,Lymphoid-T
c_1_33_2068,Lymphoid-Other
c_1_33_2069,Lymphoid-T
c_1_33_2070,Lymphoid-Other
c_1_33_2071,Lymphoid-DC
c_1_33_2072,Lymphoid-Other
c_1_33_2073,Lymphoid-T
c_1_33_2074,Lymphoid-T
c_1_33_2075,Lymphoid-T
c_1_33_2076,Lymphoid-T
c_1_33_2077,Lymphoid-T
c_1_33_2078,Lymphoid-T
c_1_33_2079,Lymphoid-T
c_1_33_2080,Lymphoid-Other
c_1_33_2081,Lymphoid-T
c_1_33_2082,Lymphoid-T
c_1_33_2083,Lymphoid-T
c_1_33_2084,Lymphoid-T
c_1_33_2085,Lymphoid-T
c_1_33_2086,Lymphoid-T
c_1_33_2087,Lymphoid-T
c_1_33_2088,Lymphoid-T
c_1_33_2089,Lymphoid-T
c_1_33_2090,Lymphoid-Other
c_1_33_2091,Lymphoid-T
c_1_33_2092,Lymphoid-Other
c_1_33_2093,Lymphoid-T
c_1_33_2094,Lymphoid-T
c_1_33_2095,Myeloid
c_1_33_2096,Lymphoid-T
c_1_33_2097,Lymphoid-T
c_1_33_2098,Lymphoid-T
c_1_33_2099,Lymphoid-T
c_1_33_2100,Lymphoid-DC
c_1_33_2101,Lymphoid-T
c_1_33_2102,Lymphoid-T
c_1_33_2103,Lymphoid-T
c_1_33_2104,Lymphoid-Other
c_1_33_2105,Lymphoid-T
c_1_33_2106,Lymphoid-T
c_1_33_2107,Lymphoid-T
c_1_33_2108,Lymphoid-T
c_1_33_2109,Lymphoid-T
c_1_33_2110,Lymphoid-T
c_1_33_2111,Lymphoid-B
c_1_33_2112,Lymphoid-T
c_1_33_2113,Myeloid
c_1_33_2114,Lymphoid-Other
c_1_33_2115,Lymphoid-T
c_1_33_2116,Lymphoid-T
c_1_33_2117,Lymphoid-T
c_1_33_2118,Lymphoid-Other
c_1_33_2119,Lymphoid-T
c_1_33_2120,Lymphoid-T
c_1_33_2121,Lymphoid-T
c_1_33_2122,Lymphoid-Other
c_1_33_2123,Lymphoid-T
c_1_33_2124,Lymphoid-DC
c_1_33_2125,Lymphoid-T
c_1_33_2126,Lymphoid-Other
c_1_33_2127,Lymphoid-T
c_1_33_2128,Lymphoid-T
c_1_33_2129,Lymphoid-T
c_1_33_2130,Lymphoid-Other
c_1_33_2131,Lymphoid-DC
c_1_33_2132,Lymphoid-T
c_1_33_2133,Lymphoid-Other
c_1_33_2134,Lymphoid-Other
c_1_33_2135,Lymphoid-T
c_1_33_2136,Lymphoid-T
c_1_33_2137,Lymphoid-DC
c_1_33_2138,Lymphoid-T
c_1_33_2139,Lymphoid-T
c_1_33_2140,Lymphoid-T
c_1_33_2141,Lymphoid-T
c_1_33_2142,Lymphoid-T
c_1_33_2143,Lymphoid-T
c_1_33_2144,Lymphoid-T
c_1_33_2145,Lymphoid-T
c_1_33_2146,Lymphoid-T
c_1_33_2147,Lymphoid-Other
c_1_33_2148,Lymphoid-T
c_1_33_2149,Lymphoid-Other
c_1_33_2150,Lymphoid-Other
c_1_33_2151,Lymphoid-DC
c_1_33_2152,Lymphoid-DC
c_1_33_2153,Lymphoid-T
c_1_33_2154,Lymphoid-Other
c_1_33_2155,Lymphoid-T
c_1_33_2156,Lymphoid-T
c_1_33_2157,Lymphoid-T
c_1_33_2158,Lymphoid-Other
c_1_33_2159,Lymphoid-Other
c_1_33_2160,Lymphoid-Plasma
c_1_33_2161,Lymphoid-Other
c_1_33_2162,Lymphoid-T
c_1_33_2163,Lymphoid-T
c_1_33_2164,Lymphoid-T
c_1_33_2165,Lymphoid-Other
c_1_33_2166,Lymphoid-T
c_1_33_2167,Lymphoid-T
c_1_33_2168,Lymphoid-DC
c_1_33_2169,Lymphoid-T
c_1_33_2170,Lymphoid-Other
c_1_33_2171,Lymphoid-T
c_1_33_2172,Lymphoid-T
c_1_33_2173,Lymphoid-Other
c_1_33_2174,Lymphoid-DC
c_1_33_2175,Lymphoid-T
c_1_33_2176,Lymphoid-Other
c_1_33_2177,Lymphoid-Other
c_1_33_2178,Lymphoid-Other
c_1_33_2179,Lymphoid-Other
c_1_33_2180,Lymphoid-DC
c_1_33_2181,Lymphoid-T
c_1_33_2182,Lymphoid-T
c_1_33_2183,Lymphoid-T
c_1_33_2184,Lymphoid-T
c_1_33_2185,Lymphoid-T
c_1_33_2186,Lymphoid-T
c_1_33_2187,Lymphoid-T
c_1_33_2188,Lymphoid-T
c_1_33_2189,Lymphoid-T
c_1_33_2190,Lymphoid-T
c_1_33_2191,Lymphoid-DC
c_1_33_2192,Lymphoid-DC
c_1_33_2193,Lymphoid-T
c_1_33_2194,Lymphoid-T
c_1_33_2195,Lymphoid-T
c_1_33_2196,Lymphoid-T
c_1_33_2197,Lymphoid-T
c_1_33_2198,Lymphoid-T
c_1_33_2199,Lymphoid-T
c_1_33_2200,Lymphoid-Other
c_1_33_2201,Lymphoid-T
c_1_33_2202,Lymphoid-T
c_1_33_2203,Lymphoid-T
c_1_33_2204,Lymphoid-T
c_1_33_2205,Lymphoid-Other
c_1_33_2206,Lymphoid-T
c_1_33_2207,Lymphoid-DC
c_1_33_2208,Lymphoid-DC
c_1_33_2209,Lymphoid-Other
c_1_33_2210,Lymphoid-Other
c_1_33_2211,Lymphoid-DC
c_1_33_2212,Lymphoid-T
c_1_33_2213,Lymphoid-Other
c_1_33_2214,Lymphoid-Other
c_1_33_2215,Lymphoid-T
c_1_33_2216,Lymphoid-T
c_1_33_2217,Lymphoid-T
c_1_33_2218,Lymphoid-Other
c_1_33_2219,Lymphoid-T
c_1_33_2220,Lymphoid-T
c_1_33_2221,Lymphoid-DC
c_1_33_2222,Lymphoid-T
c_1_33_2223,Lymphoid-T
c_1_33_2224,Lymphoid-DC
c_1_33_2225,Lymphoid-Other
c_1_33_2226,Lymphoid-Other
c_1_33_2227,Lymphoid-T
c_1_33_2228,Lymphoid-T
c_1_33_2229,Lymphoid-T
c_1_33_2230,Lymphoid-T
c_1_33_2231,Myeloid
c_1_33_2232,Lymphoid-T
c_1_33_2233,Lymphoid-T
c_1_33_2234,Lymphoid-DC
c_1_33_2235,Lymphoid-DC
c_1_33_2236,Lymphoid-T
c_1_33_2237,Lymphoid-T
c_1_33_2238,Lymphoid-DC
c_1_33_2239,Lymphoid-T
c_1_33_2240,Lymphoid-T
c_1_33_2241,Lymphoid-DC
c_1_33_2242,Lymphoid-T
c_1_33_2243,Lymphoid-DC
c_1_33_2244,Lymphoid-T
c_1_33_2245,Lymphoid-T
c_1_33_2246,Lymphoid-T
c_1_33_2247,Endothelial
c_1_33_2248,Lymphoid-T
c_1_33_2249,Lymphoid-T
c_1_33_2250,Lymphoid-Other
c_1_33_2251,Lymphoid-T
c_1_33_2252,Lymphoid-T
c_1_33_2253,Lymphoid-DC
c_1_33_2254,Lymphoid-Other
c_1_33_2255,Lymphoid-Other
c_1_33_2256,Lymphoid-T
c_1_33_2257,Lymphoid-T
c_1_33_2258,Lymphoid-T
c_1_33_2259,Lymphoid-T
c_1_33_2260,Lymphoid-T
c_1_33_2261,Lymphoid-Other
c_1_33_2262,Lymphoid-Other
c_1_33_2263,Lymphoid-T
c_1_33_2264,Lymphoid-T
c_1_33_2265,Lymphoid-T
c_1_33_2266,Lymphoid-Other
c_1_33_2267,Lymphoid-T
c_1_33_2268,Lymphoid-T
c_1_33_2269,Lymphoid-T
c_1_33_2270,Lymphoid-T
c_1_33_2271,Lymphoid-T
c_1_33_2272,Lymphoid-T
c_1_33_2273,Lymphoid-T
c_1_33_2274,Lymphoid-Other
c_1_33_2275,Lymphoid-Other
c_1_33_2276,Lymphoid-T
c_1_33_2277,Lymphoid-T
c_1_33_2278,Lymphoid-Other
c_1_33_2279,Lymphoid-T
c_1_33_2280,Lymphoid-T
c_1_33_2281,Lymphoid-T
c_1_33_2282,Myeloid
c_1_33_2283,Lymphoid-T
c_1_33_2284,Lymphoid-Other
c_1_33_2285,Lymphoid-T
c_1_33_2286,Lymphoid-T
c_1_33_2287,Lymphoid-T
c_1_33_2288,Lymphoid-Other
c_1_33_2289,Lymphoid-Other
c_1_33_2290,Lymphoid-T
c_1_33_2291,Lymphoid-T
c_1_33_2292,Lymphoid-T
c_1_33_2293,Lymphoid-T
c_1_33_2294,Lymphoid-Other
c_1_33_2295,Lymphoid-Other
c_1_33_2296,Lymphoid-T
c_1_33_2297,Lymphoid-DC
c_1_33_2298,Myeloid
c_1_33_2299,Lymphoid-T
c_1_33_2300,Lymphoid-Other
c_1_33_2301,Lymphoid-T
c_1_33_2302,Lymphoid-T
c_1_33_2303,Lymphoid-Other
c_1_33_2304,Lymphoid-Other
c_1_33_2305,Lymphoid-DC
c_1_33_2306,Lymphoid-DC
c_1_33_2307,Lymphoid-Other
c_1_33_2308,Lymphoid-T
c_1_33_2309,Lymphoid-Other
c_1_33_2310,Lymphoid-T
c_1_33_2311,Lymphoid-T
c_1_33_2312,Lymphoid-T
c_1_33_2313,Lymphoid-T
c_1_33_2314,Lymphoid-T
c_1_33_2315,Lymphoid-Other
c_1_33_2316,Lymphoid-T
c_1_33_2317,Lymphoid-T
c_1_33_2318,Lymphoid-DC
c_1_33_2319,Lymphoid-T
c_1_33_2320,Lymphoid-B
c_1_33_2321,Lymphoid-T
c_1_33_2322,Lymphoid-T
c_1_33_2323,Lymphoid-T
c_1_33_2324,Lymphoid-T
c_1_33_2325,Lymphoid-T
c_1_33_2326,Lymphoid-T
c_1_33_2327,Lymphoid-T
c_1_33_2328,Lymphoid-T
c_1_33_2329,Lymphoid-T
c_1_33_2330,Lymphoid-DC
c_1_33_2331,Lymphoid-T
c_1_33_2332,Lymphoid-T
c_1_33_2333,Lymphoid-Other
c_1_33_2334,Lymphoid-T
c_1_33_2335,Lymphoid-T
c_1_33_2336,Lymphoid-T
c_1_33_2337,Lymphoid-T
c_1_33_2338,Lymphoid-B
c_1_33_2339,Lymphoid-T
c_1_33_2340,Lymphoid-T
c_1_33_2341,Lymphoid-Other
c_1_33_2342,Lymphoid-Other
c_1_33_2343,Lymphoid-Other
c_1_33_2344,Lymphoid-Other
c_1_33_2345,Lymphoid-Other
c_1_33_2346,Lymphoid-Other
c_1_33_2347,Lymphoid-T
c_1_33_2348,Lymphoid-T
c_1_33_2349,Lymphoid-T
c_1_33_2350,Lymphoid-T
c_1_33_2351,Lymphoid-T
c_1_33_2352,Lymphoid-T
c_1_33_2353,Lymphoid-T
c_1_33_2354,Lymphoid-Other
c_1_33_2355,Lymphoid-T
c_1_33_2356,Lymphoid-T
c_1_33_2357,Lymphoid-T
c_1_33_2358,Lymphoid-T
c_1_33_2359,Lymphoid-T
c_1_33_2360,Lymphoid-T
c_1_33_2361,Lymphoid-T
c_1_33_2362,Lymphoid-T
c_1_33_2363,Lymphoid-T
c_1_33_2364,Lymphoid-T
c_1_33_2365,Lymphoid-T
c_1_33_2366,Lymphoid-T
c_1_33_2367,Lymphoid-Other
c_1_33_2368,Lymphoid-T
c_1_33_2369,Lymphoid-Other
c_1_33_2370,Lymphoid-T
c_1_33_2371,Lymphoid-Other
c_1_33_2372,Lymphoid-T
c_1_33_2373,Lymphoid-T
c_1_33_2374,Lymphoid-Other
c_1_33_2375,Lymphoid-Other
c_1_33_2376,Lymphoid-T
c_1_33_2377,Lymphoid-T
c_1_33_2378,Lymphoid-T
c_1_33_2379,Lymphoid-T
c_1_33_2380,Lymphoid-Plasma
c_1_33_2381,Lymphoid-Other
c_1_33_2382,Lymphoid-T
c_1_33_2383,Lymphoid-T
c_1_33_2384,Lymphoid-T
c_1_33_2385,Lymphoid-T
c_1_33_2386,Lymphoid-T
c_1_33_2387,Lymphoid-T
c_1_33_2388,Lymphoid-Other
c_1_33_2389,Lymphoid-T
c_1_33_2390,Lymphoid-Other
c_1_33_2391,Lymphoid-T
c_1_33_2392,Lymphoid-T
c_1_33_2393,Lymphoid-T
c_1_33_2394,Lymphoid-T
c_1_33_2395,Lymphoid-T
c_1_33_2396,Lymphoid-T
c_1_33_2397,Lymphoid-T
c_1_33_2398,Lymphoid-T
c_1_33_2399,Lymphoid-T
c_1_33_2400,Lymphoid-Other
c_1_33_2401,Lymphoid-T
c_1_33_2402,Lymphoid-T
c_1_33_2403,Lymphoid-T
c_1_33_2404,Lymphoid-Other
c_1_33_2405,Lymphoid-T
c_1_33_2406,Lymphoid-Plasma
c_1_33_2407,Lymphoid-T
c_1_33_2408,Lymphoid-T
c_1_33_2409,Lymphoid-Other
c_1_33_2410,Lymphoid-T
c_1_33_2411,Lymphoid-T
c_1_33_2412,Lymphoid-T
c_1_33_2413,Lymphoid-T
c_1_33_2414,Lymphoid-T
c_1_33_2415,Lymphoid-T
c_1_33_2416,Lymphoid-T
c_1_33_2417,Lymphoid-T
c_1_33_2418,Lymphoid-DC
c_1_33_2419,Lymphoid-Other
c_1_33_2420,Lymphoid-T
c_1_33_2421,Lymphoid-T
c_1_33_2422,Lymphoid-T
c_1_33_2423,Lymphoid-T
c_1_33_2424,Lymphoid-T
c_1_33_2425,Lymphoid-T
c_1_33_2426,Lymphoid-Other
c_1_33_2427,Lymphoid-T
c_1_33_2428,Lymphoid-T
c_1_33_2429,Lymphoid-Other
c_1_33_2430,Lymphoid-T
c_1_33_2431,Lymphoid-T
c_1_33_2432,Lymphoid-T
c_1_33_2433,Lymphoid-T
c_1_33_2434,Lymphoid-T
c_1_33_2435,Lymphoid-T
c_1_33_2436,Lymphoid-T
c_1_33_2437,Lymphoid-T
c_1_33_2438,Lymphoid-Other
c_1_33_2439,Lymphoid-Plasma
c_1_33_2440,Lymphoid-Other
c_1_33_2441,Lymphoid-T
c_1_33_2442,Lymphoid-Other
c_1_33_2443,Lymphoid-DC
c_1_33_2444,Lymphoid-T
c_1_33_2445,Lymphoid-T
c_1_33_2446,Lymphoid-T
c_1_33_2447,Lymphoid-T
c_1_33_2448,Lymphoid-Plasma
c_1_33_2449,Lymphoid-T
c_1_33_2450,Lymphoid-T
c_1_33_2451,Lymphoid-Other
c_1_33_2452,Lymphoid-T
c_1_33_2453,Lymphoid-Other
c_1_33_2454,None
c_1_33_2455,Lymphoid-DC
c_1_33_2456,Lymphoid-T
c_1_33_2457,Lymphoid-T
c_1_33_2458,Lymphoid-T
c_1_33_2459,Lymphoid-T
c_1_33_2460,Lymphoid-T
c_1_33_2461,Lymphoid-Other
c_1_33_2462,Lymphoid-Other
c_1_33_2463,Lymphoid-Other
c_1_33_2464,Lymphoid-T
c_1_33_2465,Lymphoid-T
c_1_33_2466,Lymphoid-T
c_1_33_2467,Lymphoid-T
c_1_33_2468,Lymphoid-T
c_1_33_2469,Lymphoid-T
c_1_33_2470,Lymphoid-T
c_1_33_2471,Lymphoid-DC
c_1_33_2472,Lymphoid-DC
c_1_33_2473,Lymphoid-T
c_1_33_2474,Lymphoid-T
c_1_33_2475,Lymphoid-T
c_1_33_2476,Lymphoid-T
c_1_33_2477,Lymphoid-Other
c_1_33_2478,Lymphoid-T
c_1_33_2479,Lymphoid-T
c_1_33_2480,Lymphoid-Other
c_1_33_2481,Lymphoid-T
c_1_33_2482,Lymphoid-T
c_1_33_2483,Lymphoid-Other
c_1_33_2484,Lymphoid-Other
c_1_33_2485,Lymphoid-T
c_1_33_2486,Lymphoid-T
c_1_33_2487,Lymphoid-T
c_1_33_2488,Lymphoid-T
c_1_33_2489,Lymphoid-Other
c_1_33_2490,Lymphoid-Other
c_1_33_2491,Lymphoid-T
c_1_33_2492,Lymphoid-T
c_1_33_2493,Lymphoid-T
c_1_33_2494,Lymphoid-T
c_1_33_2495,Lymphoid-T
c_1_33_2496,Lymphoid-Other
c_1_33_2497,Lymphoid-T
c_1_33_2498,Lymphoid-Other
c_1_33_2499,Lymphoid-Other
c_1_33_2500,Lymphoid-T
c_1_33_2501,Lymphoid-Other
c_1_33_2502,Lymphoid-T
c_1_33_2503,Lymphoid-T
c_1_33_2504,Lymphoid-Other
c_1_33_2505,Lymphoid-T
c_1_33_2506,Lymphoid-T
c_1_33_2507,Lymphoid-Other
c_1_33_2508,Lymphoid-Other
c_1_33_2509,Lymphoid-T
c_1_33_2510,Lymphoid-T
c_1_33_2511,Lymphoid-T
c_1_33_2512,Lymphoid-Other
c_1_33_2513,Lymphoid-Other
c_1_33_2514,Lymphoid-Other
c_1_33_2515,Lymphoid-DC
c_1_33_2516,Lymphoid-Other
c_1_33_2517,Lymphoid-Other
c_1_33_2518,Lymphoid-T
c_1_33_2519,Lymphoid-T
c_1_33_2520,Lymphoid-Other
c_1_33_2521,Lymphoid-T
c_1_33_2522,Lymphoid-T
c_1_33_2523,Lymphoid-Other
c_1_33_2524,Lymphoid-Other
c_1_33_2525,Lymphoid-T
c_1_33_2526,Lymphoid-T
c_1_33_2527,Lymphoid-DC
c_1_33_2528,Lymphoid-T
c_1_33_2529,Lymphoid-T
c_1_33_2530,Lymphoid-T
c_1_33_2531,Lymphoid-T
c_1_33_2532,Lymphoid-T
c_1_33_2533,Lymphoid-T
c_1_33_2534,Lymphoid-T
c_1_33_2535,Lymphoid-T
c_1_33_2536,Lymphoid-T
c_1_33_2537,Lymphoid-T
c_1_33_2538,Lymphoid-Other
c_1_33_2539,Lymphoid-Other
c_1_33_2540,Lymphoid-Other
c_1_33_2541,Lymphoid-Other
c_1_33_2542,Lymphoid-T
c_1_33_2543,Lymphoid-T
c_1_33_2544,Lymphoid-T
c_1_33_2545,Lymphoid-Other
c_1_33_2546,Lymphoid-T
c_1_33_2547,Lymphoid-T
c_1_33_2548,Lymphoid-Other
c_1_33_2549,Myeloid
c_1_33_2550,Lymphoid-T
c_1_33_2551,Lymphoid-T
c_1_33_2552,Lymphoid-T
c_1_33_2553,Lymphoid-Other
c_1_33_2554,Lymphoid-T
c_1_33_2555,Lymphoid-T
c_1_33_2556,Lymphoid-T
c_1_33_2557,Lymphoid-DC
c_1_33_2558,Lymphoid-T
c_1_33_2559,Lymphoid-Other
c_1_33_2560,Lymphoid-T
c_1_33_2561,Lymphoid-T
c_1_33_2562,Lymphoid-T
c_1_33_2563,Lymphoid-Other
c_1_33_2564,Lymphoid-T
c_1_33_2565,Lymphoid-T
c_1_33_2566,Lymphoid-T
c_1_33_2567,None
c_1_33_2568,Lymphoid-T
c_1_33_2569,Lymphoid-T
c_1_33_2570,Lymphoid-T
c_1_33_2571,Lymphoid-T
c_1_33_2572,Lymphoid-T
c_1_33_2573,Lymphoid-Other
c_1_33_2574,Lymphoid-T
c_1_33_2575,Lymphoid-T
c_1_33_2576,Lymphoid-T
c_1_33_2577,Lymphoid-DC
c_1_33_2578,Lymphoid-T
c_1_33_2579,Lymphoid-T
c_1_33_2580,Lymphoid-T
c_1_33_2581,Lymphoid-T
c_1_33_2582,Lymphoid-Other
c_1_33_2583,Lymphoid-T
c_1_33_2584,Lymphoid-Other
c_1_33_2585,Lymphoid-Other
c_1_33_2586,Lymphoid-Other
c_1_33_2587,Lymphoid-T
c_1_33_2588,Lymphoid-T
c_1_33_2589,Lymphoid-T
c_1_33_2590,Lymphoid-T
c_1_33_2591,Lymphoid-Other
c_1_33_2592,Lymphoid-T
c_1_33_2593,Lymphoid-T
c_1_33_2594,Lymphoid-DC
c_1_33_2595,Lymphoid-T
c_1_33_2596,Lymphoid-T
c_1_33_2597,Lymphoid-Other
c_1_33_2598,Lymphoid-Other
c_1_33_2599,Lymphoid-T
c_1_33_2600,Lymphoid-Other
c_1_33_2601,Lymphoid-Other
c_1_33_2602,Lymphoid-T
c_1_33_2603,Lymphoid-Other
c_1_33_2604,Lymphoid-T
c_1_33_2605,Lymphoid-T
c_1_33_2606,Myeloid
c_1_33_2607,Lymphoid-T
c_1_33_2608,Lymphoid-T
c_1_33_2609,Lymphoid-T
c_1_33_2610,Lymphoid-DC
c_1_33_2611,Lymphoid-T
c_1_33_2612,Lymphoid-Other
c_1_33_2613,Lymphoid-T
c_1_33_2614,Lymphoid-T
c_1_33_2615,Lymphoid-T
c_1_33_2616,Lymphoid-T
c_1_33_2617,Lymphoid-Other
c_1_33_2618,Lymphoid-Other
c_1_33_2619,Lymphoid-Other
c_1_33_2620,Lymphoid-T
c_1_33_2621,Lymphoid-Other
c_1_33_2622,Lymphoid-Other
c_1_33_2623,Lymphoid-Other
c_1_33_2624,Lymphoid-Other
c_1_33_2625,Lymphoid-T
c_1_33_2626,Lymphoid-Other
c_1_33_2627,Lymphoid-T
c_1_33_2628,Lymphoid-T
c_1_33_2629,Lymphoid-T
c_1_33_2630,Lymphoid-Other
c_1_33_2631,Lymphoid-T
c_1_33_2632,Lymphoid-T
c_1_33_2633,Lymphoid-T
c_1_33_2634,Lymphoid-Other
c_1_33_2635,Lymphoid-Other
c_1_33_2636,Lymphoid-T
c_1_33_2637,Lymphoid-T
c_1_33_2638,Lymphoid-T
c_1_33_2639,Lymphoid-T
c_1_33_2640,Lymphoid-T
c_1_33_2641,Lymphoid-Other
c_1_33_2642,Lymphoid-T
c_1_33_2643,Lymphoid-T
c_1_33_2644,Lymphoid-T
c_1_33_2645,Lymphoid-T
c_1_33_2646,Lymphoid-Other
c_1_33_2647,Lymphoid-Other
c_1_33_2648,Lymphoid-Other
c_1_33_2649,Lymphoid-T
c_1_33_2650,Lymphoid-T
c_1_33_2651,Lymphoid-Other
c_1_33_2652,Lymphoid-Other
c_1_33_2653,Lymphoid-Other
c_1_33_2654,Myeloid
c_1_33_2655,Lymphoid-T
c_1_33_2656,Lymphoid-T
c_1_33_2657,Lymphoid-Other
c_1_33_2658,Lymphoid-T
c_1_33_2659,Lymphoid-Other
c_1_33_2660,Lymphoid-DC
c_1_33_2661,Lymphoid-T
c_1_33_2662,Lymphoid-T
c_1_33_2663,Lymphoid-T
c_1_33_2664,Lymphoid-T
c_1_33_2665,Lymphoid-Other
c_1_33_2666,Lymphoid-T
c_1_33_2667,Lymphoid-T
c_1_33_2668,Lymphoid-T
c_1_33_2669,Lymphoid-T
c_1_33_2670,Lymphoid-Plasma
c_1_33_2671,Lymphoid-Other
c_1_33_2672,Lymphoid-T
c_1_33_2673,Lymphoid-T
c_1_33_2674,Lymphoid-Other
c_1_33_2675,Lymphoid-DC
c_1_33_2676,Lymphoid-T
c_1_33_2677,Lymphoid-Other
c_1_33_2678,Lymphoid-T
c_1_33_2679,Lymphoid-T
c_1_33_2680,Lymphoid-Other
c_1_33_2681,Lymphoid-T
c_1_33_2682,Lymphoid-T
c_1_33_2683,Lymphoid-T
c_1_33_2684,Lymphoid-Other
c_1_33_2685,Lymphoid-T
c_1_33_2686,Lymphoid-DC
c_1_33_2687,Lymphoid-T
c_1_33_2688,Lymphoid-T
c_1_33_2689,Lymphoid-T
c_1_33_2690,Lymphoid-Other
c_1_33_2691,Lymphoid-T
c_1_33_2692,Lymphoid-T
c_1_33_2693,Lymphoid-T
c_1_33_2694,Lymphoid-T
c_1_33_2695,Lymphoid-T
c_1_33_2696,Lymphoid-T
c_1_33_2697,Lymphoid-DC
c_1_33_2698,Lymphoid-T
c_1_33_2699,Lymphoid-T
c_1_33_2700,Lymphoid-T
c_1_33_2701,Lymphoid-T
c_1_33_2702,Lymphoid-T
c_1_33_2703,Lymphoid-Other
c_1_33_2704,Lymphoid-Other
c_1_33_2705,Lymphoid-T
c_1_33_2706,Lymphoid-T
c_1_33_2707,Lymphoid-T
c_1_33_2708,Lymphoid-Other
c_1_33_2709,Lymphoid-T
c_1_33_2710,Lymphoid-Other
c_1_33_2711,Lymphoid-T
c_1_33_2712,Lymphoid-T
c_1_33_2713,Lymphoid-T
c_1_33_2714,Lymphoid-Other
c_1_33_2715,Lymphoid-Other
c_1_33_2716,Lymphoid-T
c_1_33_2717,Lymphoid-DC
c_1_33_2718,Lymphoid-T
c_1_33_2719,Lymphoid-T
c_1_33_2720,Lymphoid-T
c_1_33_2721,Lymphoid-T
c_1_33_2722,Lymphoid-Other
c_1_33_2723,Lymphoid-T
c_1_33_2724,Lymphoid-Other
c_1_33_2725,Lymphoid-T
c_1_33_2726,Lymphoid-T
c_1_33_2727,Lymphoid-T
c_1_33_2728,Lymphoid-T
c_1_33_2729,Lymphoid-T
c_1_33_2730,Lymphoid-T
c_1_33_2731,Lymphoid-T
c_1_33_2732,Lymphoid-DC
c_1_33_2733,Lymphoid-T
c_1_33_2734,Lymphoid-T
c_1_33_2735,Lymphoid-T
c_1_33_2736,Lymphoid-T
c_1_33_2737,Lymphoid-T
c_1_33_2738,Lymphoid-Other
c_1_33_2739,Lymphoid-T
c_1_33_2740,Lymphoid-Other
c_1_33_2741,Lymphoid-T
c_1_33_2742,Lymphoid-T
c_1_33_2743,Lymphoid-Other
c_1_33_2744,Lymphoid-Other
c_1_33_2745,Lymphoid-DC
c_1_33_2746,Lymphoid-Other
c_1_33_2747,Lymphoid-T
c_1_33_2748,Lymphoid-T
c_1_33_2749,Lymphoid-Other
c_1_33_2750,Lymphoid-T
c_1_33_2751,Lymphoid-T
c_1_33_2752,Lymphoid-T
c_1_33_2753,Lymphoid-T
c_1_33_2754,Lymphoid-T
c_1_33_2755,Lymphoid-T
c_1_33_2756,Lymphoid-T
c_1_33_2757,Lymphoid-T
c_1_33_2758,Lymphoid-T
c_1_33_2759,Lymphoid-Other
c_1_33_2760,Lymphoid-Other
c_1_33_2761,Lymphoid-T
c_1_33_2762,Lymphoid-Other
c_1_33_2763,Lymphoid-B
c_1_33_2764,Lymphoid-DC
c_1_33_2765,Lymphoid-Other
c_1_33_2766,Lymphoid-T
c_1_33_2767,Lymphoid-T
c_1_33_2768,Lymphoid-DC
c_1_33_2769,Lymphoid-T
c_1_33_2770,Lymphoid-T
c_1_33_2771,Lymphoid-T
c_1_33_2772,Endothelial
c_1_33_2773,None
c_1_33_2774,Lymphoid-Other
c_1_33_2775,Lymphoid-Other
c_1_33_2776,Lymphoid-Other
c_1_33_2777,Lymphoid-T
c_1_33_2778,Lymphoid-T
c_1_33_2779,Lymphoid-T
c_1_33_2780,Lymphoid-T
c_1_33_2781,Lymphoid-T
c_1_33_2782,Lymphoid-Other
c_1_33_2783,Lymphoid-T
c_1_33_2784,Lymphoid-T
c_1_33_2785,Lymphoid-T
c_1_33_2786,Lymphoid-T
c_1_33_2787,Lymphoid-T
c_1_33_2788,Lymphoid-T
c_1_33_2789,Lymphoid-T
c_1_33_2790,Lymphoid-T
c_1_33_2791,Lymphoid-Other
c_1_33_2792,Lymphoid-T
c_1_33_2793,Lymphoid-T
c_1_33_2794,Lymphoid-T
c_1_33_2795,Lymphoid-Other
c_1_33_2796,Lymphoid-T
c_1_33_2797,Lymphoid-T
c_1_33_2798,Lymphoid-T
c_1_33_2799,Lymphoid-T
c_1_33_2800,Lymphoid-T
c_1_33_2801,Lymphoid-Plasma
c_1_33_2802,Lymphoid-T
c_1_33_2803,Lymphoid-T
c_1_33_2804,Lymphoid-T
c_1_33_2805,Lymphoid-Other
c_1_33_2806,Lymphoid-T
c_1_33_2807,Lymphoid-Other
c_1_33_2808,Lymphoid-Other
c_1_33_2809,Lymphoid-T
c_1_33_2810,Lymphoid-T
c_1_33_2811,Lymphoid-Other
c_1_33_2812,Myeloid
c_1_33_2813,Lymphoid-DC
c_1_33_2814,Lymphoid-T
c_1_33_2815,Lymphoid-T
c_1_33_2816,Lymphoid-Other
c_1_33_2817,Lymphoid-T
c_1_33_2818,Lymphoid-Other
c_1_33_2819,Lymphoid-Other
c_1_33_2820,Lymphoid-T
c_1_33_2821,Lymphoid-T
c_1_33_2822,Lymphoid-T
c_1_33_2823,Lymphoid-T
c_1_33_2824,Lymphoid-Other
c_1_33_2825,Lymphoid-T
c_1_33_2826,Lymphoid-T
c_1_33_2827,Lymphoid-Other
c_1_33_2828,Lymphoid-T
c_1_33_2829,Lymphoid-T
c_1_33_2830,Lymphoid-T
c_1_33_2831,Lymphoid-T
c_1_33_2832,Lymphoid-T
c_1_33_2833,Lymphoid-Other
c_1_33_2834,Lymphoid-T
c_1_33_2835,Lymphoid-B
c_1_33_2836,Lymphoid-T
c_1_33_2837,Lymphoid-T
c_1_33_2838,Lymphoid-T
c_1_33_2839,Lymphoid-T
c_1_33_2840,Lymphoid-T
c_1_33_2841,Lymphoid-T
c_1_33_2842,Lymphoid-T
c_1_33_2843,Lymphoid-T
c_1_33_2844,Lymphoid-B
c_1_33_2845,Lymphoid-T
c_1_33_2846,Lymphoid-T
c_1_33_2847,Lymphoid-T
c_1_33_2848,Lymphoid-T
c_1_33_2849,Lymphoid-T
c_1_33_2850,Lymphoid-T
c_1_33_2851,Lymphoid-T
c_1_33_2852,Lymphoid-T
c_1_33_2853,Lymphoid-T
c_1_33_2854,Lymphoid-T
c_1_33_2855,Lymphoid-T
c_1_33_2856,Lymphoid-T
c_1_33_2857,Lymphoid-T
c_1_33_2858,Lymphoid-T
c_1_33_2859,Lymphoid-T
c_1_33_2860,Lymphoid-T
c_1_33_2861,Lymphoid-T
c_1_33_2862,Lymphoid-T
c_1_33_2863,Lymphoid-T
c_1_33_2864,Lymphoid-T
c_1_33_2865,Lymphoid-T
c_1_33_2866,Lymphoid-T
c_1_33_2867,Lymphoid-Other
c_1_33_2868,Lymphoid-T
c_1_33_2869,Lymphoid-Other
c_1_33_2870,Lymphoid-T
c_1_33_2871,Lymphoid-Other
c_1_33_2872,Lymphoid-T
c_1_33_2873,Lymphoid-T
c_1_33_2874,Lymphoid-Other
c_1_33_2875,Lymphoid-T
c_1_33_2876,Lymphoid-T
c_1_33_2877,Lymphoid-T
c_1_33_2878,Lymphoid-Other
c_1_33_2879,Lymphoid-T
c_1_33_2880,Lymphoid-T
c_1_33_2881,Lymphoid-T
c_1_33_2882,Lymphoid-Other
c_1_33_2883,Lymphoid-T
c_1_33_2884,Lymphoid-T
c_1_33_2885,Lymphoid-T
c_1_33_2886,Lymphoid-T
c_1_33_2887,Lymphoid-DC
c_1_33_2888,Lymphoid-T
c_1_33_2889,Lymphoid-T
c_1_33_2890,Lymphoid-T
c_1_33_2891,Lymphoid-Other
c_1_33_2892,Lymphoid-T
c_1_33_2893,Lymphoid-T
c_1_33_2894,Lymphoid-Other
c_1_33_2895,Lymphoid-T
c_1_33_2896,Lymphoid-T
c_1_33_2897,Lymphoid-T
c_1_33_2898,Lymphoid-T
c_1_33_2899,Lymphoid-T
c_1_33_2900,Lymphoid-T
c_1_33_2901,Lymphoid-T
c_1_33_2902,Lymphoid-T
c_1_33_2903,Lymphoid-Other
c_1_33_2904,Lymphoid-Other
c_1_33_2905,Lymphoid-T
c_1_33_2906,Lymphoid-Other
c_1_33_2907,Lymphoid-T
c_1_33_2908,Lymphoid-T
c_1_33_2909,Lymphoid-T
c_1_33_2910,Lymphoid-T
c_1_33_2911,Lymphoid-Other
c_1_33_2912,Lymphoid-Other
c_1_33_2913,Myeloid
c_1_33_2914,Lymphoid-T
c_1_33_2915,Lymphoid-T
c_1_33_2916,Lymphoid-Other
c_1_33_2917,Lymphoid-T
c_1_33_2918,Lymphoid-Other
c_1_33_2919,Lymphoid-Other
c_1_33_2920,Lymphoid-Other
c_1_33_2921,Lymphoid-Other
c_1_33_2922,Lymphoid-T
c_1_33_2923,Lymphoid-Other
c_1_33_2924,Lymphoid-Other
c_1_33_2925,Lymphoid-T
c_1_33_2926,Lymphoid-Other
c_1_33_2927,Lymphoid-Other
c_1_33_2928,Lymphoid-T
c_1_33_2929,Lymphoid-T
c_1_33_2930,Lymphoid-T
c_1_33_2931,Lymphoid-T
c_1_33_2932,Lymphoid-T
c_1_33_2933,Lymphoid-T
c_1_33_2934,Lymphoid-Other
c_1_33_2935,Lymphoid-Other
c_1_33_2936,Lymphoid-T
c_1_33_2937,Lymphoid-T
c_1_33_2938,Lymphoid-T
c_1_33_2939,Lymphoid-T
c_1_33_2940,Lymphoid-Other
c_1_33_2941,Lymphoid-T
c_1_33_2942,Lymphoid-T
c_1_33_2943,Lymphoid-T
c_1_33_2944,Lymphoid-T
c_1_33_2945,Lymphoid-T
c_1_33_2946,Lymphoid-T
c_1_33_2947,Lymphoid-Other
c_1_33_2948,Lymphoid-T
c_1_33_2949,Lymphoid-T
c_1_33_2950,Lymphoid-T
c_1_33_2951,Lymphoid-Other
c_1_33_2952,Lymphoid-T
c_1_33_2953,Lymphoid-T
c_1_33_2954,Lymphoid-T
c_1_33_2955,Lymphoid-T
c_1_33_2956,Lymphoid-T
c_1_33_2957,Lymphoid-Other
c_1_33_2958,Lymphoid-T
c_1_33_2959,Lymphoid-Other
c_1_33_2960,Lymphoid-Other
c_1_33_2961,Lymphoid-T
c_1_33_2962,Lymphoid-T
c_1_33_2963,Lymphoid-Other
c_1_33_2964,Lymphoid-T
c_1_33_2965,Lymphoid-Other
c_1_33_2966,Lymphoid-T
c_1_33_2967,Lymphoid-T
c_1_33_2968,Lymphoid-T
c_1_33_2969,Lymphoid-T
c_1_33_2970,Lymphoid-Other
c_1_33_2971,Lymphoid-T
c_1_33_2972,Lymphoid-T
c_1_33_2973,Lymphoid-Plasma
c_1_33_2974,Lymphoid-T
c_1_33_2975,Lymphoid-T
c_1_33_2976,Lymphoid-T
c_1_33_2977,Lymphoid-T
c_1_33_2978,Lymphoid-T
c_1_33_2979,Lymphoid-T
c_1_33_2980,Lymphoid-Other
c_1_33_2981,Lymphoid-Other
c_1_33_2982,Lymphoid-T
c_1_33_2983,Lymphoid-T
c_1_33_2984,Lymphoid-Other
c_1_33_2985,Lymphoid-T
c_1_33_2986,Lymphoid-T
c_1_33_2987,Lymphoid-Other
c_1_33_2988,Lymphoid-T
c_1_33_2989,Lymphoid-Other
c_1_33_2990,Lymphoid-T
c_1_33_2991,Lymphoid-T
c_1_33_2992,Lymphoid-T
c_1_33_2993,Lymphoid-Other
c_1_33_2994,Lymphoid-Other
c_1_33_2995,Lymphoid-Other
c_1_33_2996,Lymphoid-T
c_1_33_2997,Lymphoid-T
c_1_33_2998,Lymphoid-T
c_1_33_2999,Lymphoid-Other
c_1_33_3000,Lymphoid-Other
c_1_33_3001,Lymphoid-Other
c_1_33_3002,Lymphoid-T
c_1_33_3003,Lymphoid-T
c_1_33_3004,Lymphoid-T
c_1_33_3005,Lymphoid-T
c_1_33_3006,Lymphoid-T
c_1_33_3007,Lymphoid-Other
c_1_33_3008,Lymphoid-Other
c_1_33_3009,Lymphoid-B
c_1_33_3010,Lymphoid-Other
c_1_33_3011,Lymphoid-Other
c_1_33_3012,Lymphoid-T
c_1_33_3013,Lymphoid-T
c_1_33_3014,Lymphoid-Other
c_1_33_3015,Lymphoid-T
c_1_33_3016,Lymphoid-T
c_1_33_3017,None
c_1_33_3018,Lymphoid-T
c_1_33_3019,Lymphoid-T
c_1_33_3020,Lymphoid-T
c_1_33_3021,Lymphoid-T
c_1_33_3022,Lymphoid-T
c_1_33_3023,Lymphoid-T
c_1_33_3024,Lymphoid-T
c_1_33_3025,Lymphoid-T
c_1_33_3026,Lymphoid-T
c_1_33_3027,Lymphoid-T
c_1_33_3028,Lymphoid-T
c_1_33_3029,Lymphoid-Other
c_1_33_3030,Lymphoid-T
c_1_33_3031,Lymphoid-Other
c_1_33_3032,Lymphoid-T
c_1_33_3033,Lymphoid-T
c_1_33_3034,Lymphoid-Other
c_1_33_3035,Lymphoid-T
c_1_33_3036,Lymphoid-T
c_1_33_3037,Lymphoid-T
c_1_33_3038,Lymphoid-T
c_1_33_3039,Lymphoid-T
c_1_33_3040,Lymphoid-T
c_1_33_3041,Lymphoid-Plasma
c_1_33_3042,Myeloid
c_1_33_3043,Lymphoid-T
c_1_33_3044,Lymphoid-T
c_1_33_3045,Lymphoid-T
c_1_33_3046,Lymphoid-T
c_1_33_3047,Lymphoid-T
c_1_33_3048,Lymphoid-Other
c_1_33_3049,Lymphoid-Other
c_1_33_3050,Lymphoid-Other
c_1_33_3051,Lymphoid-T
c_1_33_3052,Lymphoid-T
c_1_33_3053,Lymphoid-T
c_1_33_3054,Lymphoid-T
c_1_33_3055,Lymphoid-Other
c_1_33_3056,Lymphoid-T
c_1_33_3057,Lymphoid-T
c_1_33_3058,Lymphoid-Other
c_1_33_3059,Lymphoid-Other
c_1_33_3060,Lymphoid-T
c_1_33_3061,Lymphoid-T
c_1_33_3062,Lymphoid-T
c_1_33_3063,Lymphoid-Other
c_1_33_3064,Lymphoid-T
c_1_33_3065,Lymphoid-Other
c_1_33_3066,Lymphoid-T
c_1_33_3067,Lymphoid-T
c_1_33_3068,Lymphoid-T
c_1_33_3069,Lymphoid-T
c_1_33_3070,Lymphoid-Other
c_1_33_3071,Lymphoid-Other
c_1_33_3072,Lymphoid-Other
c_1_33_3073,Lymphoid-T
c_1_33_3074,Lymphoid-T
c_1_33_3075,Lymphoid-T
c_1_33_3076,Lymphoid-Other
c_1_33_3077,Lymphoid-T
c_1_33_3078,Lymphoid-T
c_1_33_3079,Lymphoid-Other
c_1_33_3080,Lymphoid-Other
c_1_33_3081,Lymphoid-T
c_1_33_3082,Lymphoid-T
c_1_33_3083,None
c_1_33_3084,Lymphoid-T
c_1_33_3085,Lymphoid-T
c_1_33_3086,Lymphoid-Other
c_1_33_3087,Lymphoid-T
c_1_33_3088,Lymphoid-T
c_1_33_3089,Lymphoid-T
c_1_33_3090,Lymphoid-T
c_1_33_3091,Lymphoid-T
c_1_33_3092,Myeloid
c_1_33_3093,Lymphoid-T
c_1_33_3094,Lymphoid-Other
c_1_33_3095,Lymphoid-T
c_1_33_3096,Lymphoid-T
c_1_33_3097,Lymphoid-T
c_1_33_3098,Lymphoid-T
c_1_33_3099,Lymphoid-T
c_1_33_3100,Lymphoid-T
c_1_33_3101,Lymphoid-T
c_1_33_3102,Lymphoid-T
c_1_33_3103,Lymphoid-T
c_1_33_3104,Lymphoid-Other
c_1_33_3105,Lymphoid-T
c_1_33_3106,Lymphoid-Other
c_1_33_3107,Lymphoid-T
c_1_33_3108,Lymphoid-T
c_1_33_3109,Lymphoid-T
c_1_33_3110,Lymphoid-T
c_1_33_3111,Lymphoid-Other
c_1_33_3112,Lymphoid-Other
c_1_33_3113,Lymphoid-T
c_1_33_3114,Lymphoid-T
c_1_33_3115,Lymphoid-T
c_1_33_3116,Lymphoid-Other
c_1_33_3117,Lymphoid-T
c_1_33_3118,None
c_1_33_3119,Lymphoid-T
c_1_33_3120,Lymphoid-DC
c_1_33_3121,Lymphoid-Other
c_1_33_3122,Lymphoid-T
c_1_33_3123,Lymphoid-T
c_1_33_3124,Lymphoid-T
c_1_33_3125,Lymphoid-T
c_1_33_3126,Lymphoid-T
c_1_33_3127,Lymphoid-T
c_1_33_3128,Lymphoid-T
c_1_33_3129,Lymphoid-Plasma
c_1_33_3130,Lymphoid-T
c_1_33_3131,Lymphoid-T
c_1_33_3132,Lymphoid-T
c_1_33_3133,Lymphoid-T
c_1_33_3134,Lymphoid-T
c_1_33_3135,Lymphoid-Other
c_1_33_3136,Lymphoid-T
c_1_33_3137,Lymphoid-T
c_1_33_3138,Lymphoid-T
c_1_33_3139,Lymphoid-Other
c_1_33_3140,Lymphoid-T
c_1_33_3141,Lymphoid-T
c_1_33_3142,Lymphoid-T
c_1_33_3143,None
c_1_33_3144,Lymphoid-Other
c_1_33_3145,Lymphoid-T
c_1_33_3146,Lymphoid-DC
c_1_33_3147,Lymphoid-DC
c_1_33_3148,Lymphoid-T
c_1_33_3149,Lymphoid-Other
c_1_33_3150,Lymphoid-Other
c_1_33_3151,Lymphoid-Other
c_1_33_3152,Lymphoid-T
c_1_33_3153,Lymphoid-Other
c_1_33_3154,Lymphoid-T
c_1_33_3155,Lymphoid-T
c_1_33_3156,Lymphoid-T
c_1_33_3157,Lymphoid-T
c_1_33_3158,Lymphoid-T
c_1_33_3159,Lymphoid-Other
c_1_33_3160,Lymphoid-Other
c_1_33_3161,None
c_1_33_3162,Lymphoid-T
c_1_33_3163,Lymphoid-T
c_1_33_3164,Lymphoid-T
c_1_33_3165,Lymphoid-T
c_1_33_3166,Lymphoid-T
c_1_33_3167,Lymphoid-T
c_1_33_3168,Lymphoid-Other
c_1_33_3169,Lymphoid-T
c_1_33_3170,Lymphoid-T
c_1_33_3171,Lymphoid-T
c_1_33_3172,Lymphoid-T
c_1_33_3173,Lymphoid-T
c_1_33_3174,Lymphoid-T
c_1_33_3175,Lymphoid-Other
c_1_33_3176,Lymphoid-T
c_1_33_3177,Lymphoid-T
c_1_33_3178,Lymphoid-T
c_1_33_3179,Lymphoid-T
c_1_33_3180,Lymphoid-T
c_1_33_3181,Lymphoid-T
c_1_33_3182,Lymphoid-Other
c_1_33_3183,Lymphoid-T
c_1_33_3184,Lymphoid-T
c_1_33_3185,Lymphoid-T
c_1_33_3186,Lymphoid-Other
c_1_33_3187,Lymphoid-T
c_1_33_3188,Lymphoid-Other
c_1_33_3189,Lymphoid-T
c_1_33_3190,Lymphoid-T
c_1_33_3191,Lymphoid-T
c_1_33_3192,Lymphoid-Other
c_1_33_3193,Lymphoid-Other
c_1_33_3194,Lymphoid-Other
c_1_33_3195,Lymphoid-T
c_1_33_3196,Lymphoid-DC
c_1_33_3197,Lymphoid-Other
c_1_33_3198,Lymphoid-T
c_1_33_3199,Lymphoid-T
c_1_33_3200,Lymphoid-T
c_1_33_3201,Lymphoid-T
c_1_33_3202,Lymphoid-T
c_1_33_3203,Lymphoid-T
c_1_33_3204,Lymphoid-Other
c_1_33_3205,Lymphoid-Other
c_1_33_3206,Lymphoid-T
c_1_33_3207,Lymphoid-B
c_1_33_3208,Lymphoid-Other
c_1_33_3209,Lymphoid-T
c_1_33_3210,Lymphoid-Other
c_1_33_3211,Lymphoid-Other
c_1_33_3212,Lymphoid-T
c_1_33_3213,Lymphoid-T
c_1_33_3214,Lymphoid-DC
c_1_33_3215,Lymphoid-Other
c_1_33_3216,Lymphoid-Other
c_1_33_3217,Lymphoid-T
c_1_33_3218,Lymphoid-Other
c_1_33_3219,Lymphoid-Other
c_1_33_3220,Lymphoid-T
c_1_33_3221,Lymphoid-T
c_1_33_3222,Lymphoid-T
c_1_33_3223,Lymphoid-T
c_1_33_3224,Lymphoid-T
c_1_33_3225,Lymphoid-T
c_1_33_3226,Lymphoid-T
c_1_33_3227,Lymphoid-T
c_1_33_3228,Lymphoid-T
c_1_33_3229,Lymphoid-DC
c_1_33_3230,Lymphoid-T
c_1_33_3231,Lymphoid-T
c_1_33_3232,Lymphoid-T
c_1_33_3233,Lymphoid-T
c_1_33_3234,Lymphoid-T
c_1_33_3235,Lymphoid-T
c_1_33_3236,Lymphoid-T
c_1_33_3237,Lymphoid-T
c_1_33_3238,Lymphoid-T
c_1_33_3239,Lymphoid-T
c_1_33_3240,Lymphoid-T
c_1_33_3241,Lymphoid-T
c_1_33_3242,Lymphoid-T
c_1_33_3243,Lymphoid-T
c_1_33_3244,Lymphoid-T
c_1_33_3245,Lymphoid-T
c_1_33_3246,Lymphoid-T
c_1_33_3247,Lymphoid-Other
c_1_33_3248,Lymphoid-T
c_1_33_3249,Lymphoid-Other
c_1_33_3250,Lymphoid-Other
c_1_33_3251,Lymphoid-Other
c_1_33_3252,Lymphoid-DC
c_1_33_3253,Lymphoid-T
c_1_33_3254,Lymphoid-T
c_1_33_3255,Lymphoid-DC
c_1_33_3256,Lymphoid-DC
c_1_33_3257,Lymphoid-T
c_1_33_3258,Lymphoid-T
c_1_33_3259,Lymphoid-Other
c_1_33_3260,Lymphoid-Other
c_1_33_3261,Lymphoid-T
c_1_33_3262,Lymphoid-Other
c_1_33_3263,Lymphoid-T
c_1_33_3264,Lymphoid-T
c_1_33_3265,Lymphoid-DC
c_1_33_3266,Lymphoid-T
c_1_33_3267,Lymphoid-T
c_1_33_3268,Lymphoid-DC
c_1_33_3269,Lymphoid-T
c_1_33_3270,Lymphoid-T
c_1_33_3271,Lymphoid-T
c_1_33_3272,Lymphoid-DC
c_1_33_3273,Lymphoid-DC
c_1_33_3274,Lymphoid-T
c_1_33_3275,Lymphoid-T
c_1_33_3276,Lymphoid-T
c_1_33_3277,Lymphoid-T
c_1_33_3278,Lymphoid-T
c_1_33_3279,Lymphoid-T
c_1_33_3280,Lymphoid-T
c_1_33_3281,Lymphoid-T
c_1_33_3282,Lymphoid-Other
c_1_33_3283,Lymphoid-T
c_1_33_3284,Lymphoid-T
c_1_33_3285,Myeloid
c_1_33_3286,Lymphoid-T
c_1_33_3287,Lymphoid-T
c_1_33_3288,Lymphoid-DC
c_1_33_3289,Lymphoid-T
c_1_33_3290,Lymphoid-T
c_1_33_3291,Lymphoid-T
c_1_33_3292,Lymphoid-Other
c_1_33_3293,Myeloid
c_1_33_3294,Lymphoid-T
c_1_33_3295,Lymphoid-T
c_1_33_3296,Lymphoid-T
c_1_33_3297,Lymphoid-Other
c_1_33_3298,Lymphoid-T
c_1_33_3299,Lymphoid-T
c_1_33_3300,Lymphoid-Other
c_1_33_3301,Lymphoid-T
c_1_33_3302,Lymphoid-T
c_1_33_3303,Lymphoid-DC
c_1_33_3304,Lymphoid-Other
c_1_33_3305,Lymphoid-T
c_1_33_3306,Lymphoid-T
c_1_33_3307,Lymphoid-T
c_1_33_3308,Lymphoid-Other
c_1_33_3309,Lymphoid-Other
c_1_33_3310,Lymphoid-T
c_1_33_3311,Lymphoid-T
c_1_33_3312,Lymphoid-T
c_1_33_3313,Lymphoid-Other
c_1_33_3314,Lymphoid-T
c_1_33_3315,Lymphoid-T
c_1_33_3316,Lymphoid-Other
c_1_33_3317,Lymphoid-T
c_1_33_3318,Lymphoid-T
c_1_33_3319,Lymphoid-T
c_1_33_3320,Lymphoid-Other
c_1_33_3321,Lymphoid-T
c_1_33_3322,Lymphoid-T
c_1_33_3323,Lymphoid-Other
c_1_33_3324,Lymphoid-DC
c_1_33_3325,Lymphoid-T
c_1_33_3326,Lymphoid-T
c_1_33_3327,Lymphoid-T
c_1_33_3328,Lymphoid-T
c_1_33_3329,Lymphoid-DC
c_1_33_3330,Lymphoid-T
c_1_33_3331,Lymphoid-T
c_1_33_3332,Lymphoid-Plasma
c_1_33_3333,Lymphoid-T
c_1_33_3334,Lymphoid-Other
c_1_33_3335,Lymphoid-T
c_1_33_3336,Lymphoid-T
c_1_33_3337,Lymphoid-T
c_1_33_3338,Lymphoid-Other
c_1_33_3339,Lymphoid-DC
c_1_33_3340,Lymphoid-T
c_1_33_3341,Lymphoid-DC
c_1_33_3342,Lymphoid-T
c_1_33_3343,Lymphoid-T
c_1_33_3344,Lymphoid-T
c_1_33_3345,Lymphoid-Plasma
c_1_33_3346,Lymphoid-T
c_1_33_3347,Lymphoid-T
c_1_33_3348,Lymphoid-T
c_1_33_3349,Lymphoid-Other
c_1_33_3350,Lymphoid-Other
c_1_33_3351,Lymphoid-T
c_1_33_3352,Lymphoid-T
c_1_33_3353,Lymphoid-Other
c_1_33_3354,Lymphoid-Other
c_1_33_3355,Lymphoid-Other
c_1_33_3356,None
c_1_33_3357,Lymphoid-T
c_1_33_3358,Lymphoid-T
c_1_33_3359,Lymphoid-DC
c_1_33_3360,Lymphoid-DC
c_1_33_3361,Lymphoid-T
c_1_33_3362,Lymphoid-T
c_1_33_3363,Lymphoid-T
c_1_33_3364,Lymphoid-T
c_1_33_3365,Lymphoid-T
c_1_33_3366,Lymphoid-B
c_1_33_3367,Lymphoid-T
c_1_33_3368,Lymphoid-T
c_1_33_3369,Lymphoid-T
c_1_33_3370,Lymphoid-T
c_1_33_3371,Lymphoid-T
c_1_33_3372,Lymphoid-Other
c_1_33_3373,Lymphoid-T
c_1_33_3374,Lymphoid-Other
c_1_33_3375,Lymphoid-T
c_1_33_3376,Lymphoid-Other
c_1_33_3377,Lymphoid-Other
c_1_33_3378,Lymphoid-Other
c_1_33_3379,None
c_1_33_3380,Lymphoid-DC
c_1_33_3381,Lymphoid-T
c_1_33_3382,Lymphoid-B
c_1_33_3383,Lymphoid-T
c_1_33_3384,Lymphoid-Other
c_1_33_3385,Lymphoid-T
c_1_33_3386,Lymphoid-Other
c_1_33_3387,Lymphoid-T
c_1_33_3388,Lymphoid-T
c_1_33_3389,Lymphoid-T
c_1_33_3390,Lymphoid-Other
c_1_33_3391,Lymphoid-T
c_1_33_3392,Lymphoid-T
c_1_33_3393,Lymphoid-Other
c_1_33_3394,Lymphoid-T
c_1_33_3395,Lymphoid-T
c_1_33_3396,Lymphoid-Other
c_1_33_3397,Lymphoid-T
c_1_33_3398,Lymphoid-T
c_1_33_3399,Lymphoid-T
c_1_33_3400,Lymphoid-T
c_1_33_3401,Lymphoid-DC
c_1_33_3402,Lymphoid-Other
c_1_33_3403,Lymphoid-T
c_1_33_3404,Lymphoid-T
c_1_33_3405,Lymphoid-Other
c_1_33_3406,Lymphoid-T
c_1_33_3407,Lymphoid-T
c_1_33_3408,Lymphoid-T
c_1_33_3409,Lymphoid-T
c_1_33_3410,Lymphoid-T
c_1_33_3411,Lymphoid-B
c_1_33_3412,Lymphoid-T
c_1_33_3413,Lymphoid-T
c_1_33_3414,Lymphoid-T
c_1_33_3415,Lymphoid-T
c_1_33_3416,Lymphoid-T
c_1_33_3417,Lymphoid-Other
c_1_33_3418,Lymphoid-DC
c_1_33_3419,Lymphoid-Other
c_1_33_3420,Myeloid
c_1_33_3421,Lymphoid-T
c_1_33_3422,Lymphoid-Other
c_1_33_3423,Lymphoid-T
c_1_33_3424,Lymphoid-T
c_1_33_3425,Lymphoid-T
c_1_33_3426,Lymphoid-T
c_1_33_3427,Lymphoid-T
c_1_33_3428,Lymphoid-T
c_1_33_3429,Lymphoid-T
c_1_33_3430,Lymphoid-DC
c_1_33_3431,Lymphoid-T
c_1_33_3432,Lymphoid-T
c_1_33_3433,Lymphoid-Other
c_1_33_3434,Lymphoid-T
c_1_33_3435,Lymphoid-T
c_1_33_3436,None
c_1_33_3437,Lymphoid-T
c_1_33_3438,Lymphoid-T
c_1_33_3439,Lymphoid-DC
c_1_33_3440,Lymphoid-Other
c_1_33_3441,Lymphoid-T
c_1_33_3442,Lymphoid-T
c_1_33_3443,Lymphoid-T
c_1_33_3444,Lymphoid-T
c_1_33_3445,Lymphoid-Other
c_1_33_3446,Lymphoid-Other
c_1_33_3447,Lymphoid-T
c_1_33_3448,Lymphoid-T
c_1_33_3449,Lymphoid-Plasma
c_1_33_3450,Lymphoid-DC
c_1_33_3451,Lymphoid-T
c_1_33_3452,Lymphoid-B
c_1_33_3453,Lymphoid-Other
c_1_33_3454,Lymphoid-T
c_1_33_3455,Lymphoid-T
c_1_33_3456,Endothelial
c_1_33_3457,Lymphoid-Other
c_1_33_3458,Lymphoid-Other
c_1_33_3459,Lymphoid-Other
c_1_33_3460,Lymphoid-DC
c_1_33_3461,Lymphoid-T
c_1_33_3462,Lymphoid-Other
c_1_33_3463,Myeloid
c_1_33_3464,Lymphoid-T
c_1_33_3465,Lymphoid-Other
c_1_33_3466,Lymphoid-Other
c_1_33_3467,Lymphoid-T
c_1_33_3468,Lymphoid-T
c_1_33_3469,Lymphoid-T
c_1_33_3470,Lymphoid-T
c_1_33_3471,Lymphoid-Other
c_1_33_3472,Lymphoid-Other
c_1_33_3473,Lymphoid-T
c_1_33_3474,Lymphoid-T
c_1_33_3475,Lymphoid-Other
c_1_33_3476,Lymphoid-T
c_1_33_3477,Lymphoid-T
c_1_33_3478,Lymphoid-T
c_1_33_3479,Lymphoid-T
c_1_33_3480,Lymphoid-T
c_1_33_3481,Lymphoid-T
c_1_33_3482,Lymphoid-T
c_1_33_3483,Lymphoid-T
c_1_33_3484,Lymphoid-Other
c_1_33_3485,Lymphoid-T
c_1_33_3486,Lymphoid-T
c_1_33_3487,Lymphoid-Plasma
c_1_33_3488,Lymphoid-T
c_1_33_3489,Lymphoid-T
c_1_33_3490,Lymphoid-T
c_1_33_3491,Lymphoid-T
c_1_33_3492,Lymphoid-DC
c_1_33_3493,Lymphoid-T
c_1_33_3494,Lymphoid-T
c_1_33_3495,Lymphoid-T
c_1_33_3496,Lymphoid-T
c_1_33_3497,Lymphoid-T
c_1_33_3498,Lymphoid-T
c_1_33_3499,Lymphoid-T
c_1_33_3500,Lymphoid-T
c_1_33_3501,Lymphoid-T
c_1_33_3502,Lymphoid-T
c_1_33_3503,Lymphoid-T
c_1_33_3504,Lymphoid-DC
c_1_33_3505,Lymphoid-T
c_1_33_3506,Lymphoid-T
c_1_33_3507,Lymphoid-T
c_1_33_3508,Lymphoid-T
c_1_33_3509,Lymphoid-T
c_1_33_3510,Lymphoid-Other
c_1_33_3511,Lymphoid-T
c_1_33_3512,Lymphoid-T
c_1_33_3513,Lymphoid-T
c_1_33_3514,Lymphoid-T
c_1_33_3515,Lymphoid-T
c_1_33_3516,Lymphoid-Other
c_1_33_3517,Lymphoid-T
c_1_33_3518,Lymphoid-T
c_1_33_3519,Lymphoid-T
c_1_33_3520,Lymphoid-T
c_1_33_3521,Lymphoid-T
c_1_33_3522,Lymphoid-T
c_1_33_3523,Lymphoid-DC
c_1_33_3524,None
c_1_33_3525,Lymphoid-Plasma
c_1_33_3526,Lymphoid-Other
c_1_33_3527,Lymphoid-T
c_1_33_3528,Lymphoid-T
c_1_33_3529,Lymphoid-T
c_1_33_3530,Lymphoid-Plasma
c_1_33_3531,Lymphoid-Other
c_1_33_3532,Lymphoid-T
c_1_33_3533,Lymphoid-T
c_1_33_3534,Lymphoid-T
c_1_33_3535,Lymphoid-DC
c_1_33_3536,Lymphoid-T
c_1_33_3537,Lymphoid-T
c_1_33_3538,Lymphoid-T
c_1_33_3539,Lymphoid-T
c_1_33_3540,Lymphoid-Other
c_1_33_3541,Lymphoid-T
c_1_33_3542,Lymphoid-DC
c_1_33_3543,Lymphoid-T
c_1_33_3544,Lymphoid-Other
c_1_33_3545,Lymphoid-Other
c_1_33_3546,Lymphoid-T
c_1_33_3547,Lymphoid-T
c_1_33_3548,Lymphoid-T
c_1_33_3549,Lymphoid-T
c_1_33_3550,Lymphoid-Other
c_1_33_3551,Lymphoid-Other
c_1_33_3552,Lymphoid-T
c_1_33_3553,Lymphoid-T
c_1_33_3554,Lymphoid-T
c_1_33_3555,Lymphoid-Other
c_1_33_3556,Lymphoid-T
c_1_33_3557,Lymphoid-T
c_1_33_3558,Lymphoid-T
c_1_33_3559,Lymphoid-DC
c_1_33_3560,Lymphoid-T
c_1_33_3561,Lymphoid-B
c_1_33_3562,Lymphoid-T
c_1_33_3563,Lymphoid-T
c_1_33_3564,Lymphoid-T
c_1_33_3565,Lymphoid-T
c_1_33_3566,Lymphoid-DC
c_1_33_3567,Lymphoid-Other
c_1_33_3568,Lymphoid-T
c_1_33_3569,Lymphoid-T
c_1_33_3570,Lymphoid-Other
c_1_33_3571,Lymphoid-T
c_1_33_3572,Lymphoid-T
c_1_33_3573,Lymphoid-T
c_1_33_3574,Lymphoid-T
c_1_33_3575,Lymphoid-T
c_1_33_3576,Lymphoid-T
c_1_33_3577,Lymphoid-T
c_1_33_3578,Lymphoid-T
c_1_33_3579,Lymphoid-T
c_1_33_3580,Lymphoid-T
c_1_33_3581,Lymphoid-T
c_1_33_3582,Lymphoid-Other
c_1_33_3583,Lymphoid-Other
c_1_33_3584,Lymphoid-T
c_1_33_3585,Lymphoid-T
c_1_33_3586,Lymphoid-T
c_1_33_3587,Lymphoid-T
c_1_33_3588,Lymphoid-T
c_1_33_3589,Lymphoid-Other
c_1_33_3590,Lymphoid-DC
c_1_33_3591,Lymphoid-T
c_1_33_3592,Lymphoid-Other
c_1_33_3593,Lymphoid-T
c_1_33_3594,Lymphoid-T
c_1_33_3595,Lymphoid-T
c_1_33_3596,Lymphoid-T
c_1_33_3597,Lymphoid-Other
c_1_33_3598,Lymphoid-T
c_1_33_3599,Lymphoid-Other
c_1_33_3600,Lymphoid-T
c_1_33_3601,Lymphoid-T
c_1_33_3602,Lymphoid-T
c_1_33_3603,Lymphoid-T
c_1_33_3604,Lymphoid-Other
c_1_33_3605,Lymphoid-T
c_1_33_3606,Lymphoid-T
c_1_33_3607,Lymphoid-T
c_1_33_3608,Lymphoid-T
c_1_33_3609,Lymphoid-T
c_1_33_3610,Lymphoid-Other
c_1_33_3611,Lymphoid-B
c_1_33_3612,Lymphoid-T
c_1_33_3613,Lymphoid-T
c_1_33_3614,Lymphoid-T
c_1_33_3615,Lymphoid-T
c_1_33_3616,Lymphoid-T
c_1_33_3617,Lymphoid-T
c_1_33_3618,Lymphoid-Other
c_1_33_3619,Lymphoid-T
c_1_33_3620,Lymphoid-T
c_1_33_3621,Lymphoid-T
c_1_33_3622,Lymphoid-T
c_1_33_3623,Lymphoid-Other
c_1_33_3624,Lymphoid-T
c_1_33_3625,Lymphoid-T
c_1_33_3626,Lymphoid-T
c_1_33_3627,Lymphoid-T
c_1_33_3628,Lymphoid-T
c_1_33_3629,Lymphoid-T
c_1_33_3630,Lymphoid-T
c_1_33_3631,Lymphoid-DC
c_1_33_3632,Lymphoid-T
c_1_33_3633,Lymphoid-Other
c_1_33_3634,Lymphoid-Other
c_1_33_3635,Lymphoid-DC
c_1_33_3636,Lymphoid-T
c_1_33_3637,Lymphoid-T
c_1_33_3638,Lymphoid-T
c_1_33_3639,Myeloid
c_1_33_3640,Lymphoid-Other
c_1_33_3641,Lymphoid-DC
c_1_33_3642,Lymphoid-T
c_1_33_3643,Lymphoid-T
c_1_33_3644,Lymphoid-Other
c_1_33_3645,Lymphoid-T
c_1_33_3646,Lymphoid-T
c_1_33_3647,Lymphoid-T
c_1_33_3648,Lymphoid-T
c_1_33_3649,Lymphoid-T
c_1_33_3650,Lymphoid-Other
c_1_33_3651,Lymphoid-T
c_1_33_3652,Lymphoid-T
c_1_33_3653,Myeloid
c_1_33_3654,Lymphoid-T
c_1_33_3655,Lymphoid-T
c_1_33_3656,Lymphoid-T
c_1_33_3657,Lymphoid-T
c_1_33_3658,Lymphoid-T
c_1_33_3659,Lymphoid-T
c_1_33_3660,Lymphoid-Other
c_1_33_3661,Lymphoid-T
c_1_33_3662,Lymphoid-T
c_1_33_3663,Lymphoid-T
c_1_33_3664,Lymphoid-Other
c_1_33_3665,Lymphoid-T
c_1_33_3666,Lymphoid-DC
c_1_33_3667,Lymphoid-T
c_1_33_3668,Lymphoid-T
c_1_33_3669,Lymphoid-Other
c_1_33_3670,Lymphoid-Other
c_1_33_3671,Lymphoid-T
c_1_33_3672,Lymphoid-T
c_1_33_3673,Lymphoid-T
c_1_33_3674,Lymphoid-T
c_1_33_3675,Lymphoid-T
c_1_33_3676,Lymphoid-T
c_1_33_3677,Lymphoid-Other
c_1_33_3678,Lymphoid-T
c_1_33_3679,Lymphoid-T
c_1_33_3680,Lymphoid-T
c_1_33_3681,Lymphoid-DC
c_1_33_3682,Lymphoid-T
c_1_33_3683,Lymphoid-T
c_1_33_3684,Lymphoid-DC
c_1_33_3685,Lymphoid-Other
c_1_33_3686,Lymphoid-T
c_1_33_3687,Lymphoid-Other
c_1_33_3688,Lymphoid-Other
c_1_33_3689,Lymphoid-T
c_1_33_3690,Lymphoid-T
c_1_33_3691,Lymphoid-Other
c_1_33_3692,Lymphoid-T
c_1_33_3693,Lymphoid-Other
c_1_33_3694,Lymphoid-T
c_1_33_3695,Lymphoid-T
c_1_33_3696,Lymphoid-T
c_1_33_3697,Lymphoid-T
c_1_33_3698,Lymphoid-DC
c_1_33_3699,Lymphoid-Other
c_1_33_3700,Lymphoid-Other
c_1_33_3701,Lymphoid-T
c_1_33_3702,Lymphoid-T
c_1_33_3703,Lymphoid-T
c_1_33_3704,Lymphoid-Other
c_1_33_3705,Lymphoid-T
c_1_33_3706,Myeloid
c_1_33_3707,Lymphoid-T
c_1_33_3708,Lymphoid-T
c_1_33_3709,Lymphoid-T
c_1_33_3710,Lymphoid-Other
c_1_33_3711,Lymphoid-T
c_1_33_3712,Lymphoid-T
c_1_33_3713,Lymphoid-Other
c_1_33_3714,Lymphoid-T
c_1_33_3715,Lymphoid-T
c_1_33_3716,Lymphoid-T
c_1_33_3717,Lymphoid-T
c_1_33_3718,Lymphoid-T
c_1_33_3719,Lymphoid-Other
c_1_33_3720,Lymphoid-T
c_1_33_3721,Lymphoid-T
c_1_33_3722,Lymphoid-Other
c_1_33_3723,Lymphoid-Other
c_1_33_3724,Lymphoid-T
c_1_33_3725,Lymphoid-T
c_1_33_3726,Lymphoid-T
c_1_33_3727,Lymphoid-T
c_1_33_3728,Lymphoid-Other
c_1_33_3729,Lymphoid-Other
c_1_33_3730,Lymphoid-T
c_1_33_3731,Lymphoid-T
c_1_33_3732,Lymphoid-T
c_1_33_3733,Lymphoid-Other
c_1_33_3734,Lymphoid-Other
c_1_33_3735,Lymphoid-Other
c_1_33_3736,Lymphoid-T
c_1_33_3737,Lymphoid-T
c_1_33_3738,Lymphoid-T
c_1_33_3739,Lymphoid-Other
c_1_33_3740,Lymphoid-T
c_1_33_3741,Lymphoid-T
c_1_33_3742,Lymphoid-T
c_1_33_3743,Lymphoid-T
c_1_33_3744,Lymphoid-Other
c_1_33_3745,Lymphoid-T
c_1_33_3746,Lymphoid-T
c_1_33_3747,Lymphoid-T
c_1_33_3748,None
c_1_33_3749,Lymphoid-T
c_1_33_3750,Lymphoid-T
c_1_33_3751,Lymphoid-Other
c_1_33_3752,Lymphoid-T
c_1_33_3753,Lymphoid-T
c_1_33_3754,Lymphoid-Other
c_1_33_3755,Lymphoid-B
c_1_33_3756,Lymphoid-Other
c_1_33_3757,Lymphoid-T
c_1_33_3758,Lymphoid-T
c_1_33_3759,Lymphoid-T
c_1_33_3760,Lymphoid-T
c_1_33_3761,Lymphoid-T
c_1_33_3762,Lymphoid-T
c_1_33_3763,Lymphoid-T
c_1_33_3764,Lymphoid-T
c_1_33_3765,Lymphoid-T
c_1_33_3766,Lymphoid-T
c_1_33_3767,Lymphoid-T
c_1_33_3768,Lymphoid-T
c_1_33_3769,Lymphoid-T
c_1_33_3770,Lymphoid-T
c_1_33_3771,Lymphoid-T
c_1_33_3772,Lymphoid-T
c_1_33_3773,Lymphoid-Other
c_1_33_3774,Lymphoid-T
c_1_33_3775,Lymphoid-Other
c_1_33_3776,Lymphoid-T
c_1_33_3777,Lymphoid-T
c_1_33_3778,Lymphoid-T
c_1_33_3779,Lymphoid-T
c_1_33_3780,Lymphoid-T
c_1_33_3781,Lymphoid-T
c_1_33_3782,Lymphoid-T
c_1_33_3783,Lymphoid-T
c_1_33_3784,Lymphoid-T
c_1_33_3785,Lymphoid-T
c_1_33_3786,Lymphoid-Other
c_1_33_3787,Lymphoid-T
c_1_33_3788,Lymphoid-T
c_1_33_3789,Lymphoid-T
c_1_33_3790,Lymphoid-Other
c_1_33_3791,Lymphoid-T
c_1_33_3792,Myeloid
c_1_33_3793,Lymphoid-Other
c_1_33_3794,Lymphoid-T
c_1_33_3795,Lymphoid-Other
c_1_33_3796,Lymphoid-T
c_1_33_3797,Lymphoid-T
c_1_33_3798,Lymphoid-Other
c_1_33_3799,Lymphoid-Other
c_1_33_3800,Lymphoid-T
c_1_33_3801,Lymphoid-T
c_1_33_3802,Lymphoid-T
c_1_33_3803,Lymphoid-T
c_1_33_3804,Lymphoid-T
c_1_33_3805,Lymphoid-T
c_1_33_3806,Lymphoid-Other
c_1_33_3807,Lymphoid-T
c_1_33_3808,Lymphoid-T
c_1_33_3809,Lymphoid-Other
c_1_33_3810,Lymphoid-T
c_1_33_3811,Lymphoid-T
c_1_33_3812,Lymphoid-T
c_1_33_3813,Lymphoid-T
c_1_33_3814,Lymphoid-T
c_1_33_3815,Lymphoid-Other
c_1_33_3816,Lymphoid-T
c_1_33_3817,Lymphoid-T
c_1_33_3818,Lymphoid-Other
c_1_33_3819,Lymphoid-Other
c_1_33_3820,Lymphoid-T
c_1_33_3821,Lymphoid-T
c_1_33_3822,Lymphoid-T
c_1_33_3823,Lymphoid-Other
c_1_33_3824,Lymphoid-T
c_1_33_3825,Lymphoid-Other
c_1_33_3826,Lymphoid-B
c_1_33_3827,Lymphoid-T
c_1_33_3828,Lymphoid-T
c_1_33_3829,Lymphoid-Other
c_1_33_3830,Lymphoid-Other
c_1_33_3831,Lymphoid-T
c_1_33_3832,Lymphoid-T
c_1_33_3833,Lymphoid-T
c_1_33_3834,Lymphoid-T
c_1_33_3835,Lymphoid-T
c_1_33_3836,Lymphoid-T
c_1_33_3837,Lymphoid-T
c_1_33_3838,Lymphoid-T
c_1_33_3839,Lymphoid-T
c_1_33_3840,Lymphoid-DC
c_1_33_3841,Lymphoid-Other
c_1_33_3842,Lymphoid-T
c_1_33_3843,Lymphoid-T
c_1_33_3844,Lymphoid-DC
c_1_33_3845,Lymphoid-Other
c_1_33_3846,Lymphoid-T
c_1_33_3847,Lymphoid-B
c_1_33_3848,Lymphoid-T
c_1_33_3849,Lymphoid-T
c_1_33_3850,Lymphoid-T
c_1_33_3851,Lymphoid-Other
c_1_33_3852,Myeloid
c_1_33_3853,Lymphoid-Other
c_1_33_3854,Lymphoid-T
c_1_33_3855,Lymphoid-Other
c_1_33_3856,Lymphoid-T
c_1_33_3857,Lymphoid-T
c_1_33_3858,Lymphoid-T
c_1_33_3859,Lymphoid-T
c_1_33_3860,Lymphoid-Other
c_1_33_3861,Lymphoid-B
c_1_33_3862,Myeloid
c_1_33_3863,Lymphoid-T
c_1_33_3864,Lymphoid-T
c_1_33_3865,Lymphoid-T
c_1_33_3866,Lymphoid-T
c_1_33_3867,Lymphoid-T
c_1_33_3868,Lymphoid-T
c_1_33_3869,Lymphoid-T
c_1_33_3870,None
c_1_33_3871,Lymphoid-DC
c_1_33_3872,Lymphoid-Other
c_1_33_3873,Lymphoid-T
c_1_33_3874,Lymphoid-T
c_1_33_3875,Lymphoid-T
c_1_33_3876,Lymphoid-T
c_1_33_3877,Lymphoid-Other
c_1_33_3878,Lymphoid-T
c_1_33_3879,Lymphoid-Other
c_1_33_3880,Lymphoid-T
c_1_33_3881,Lymphoid-T
c_1_33_3882,Lymphoid-T
c_1_33_3883,Lymphoid-T
c_1_33_3884,Lymphoid-T
c_1_33_3885,Lymphoid-T
c_1_33_3886,Lymphoid-Other
c_1_33_3887,Lymphoid-T
c_1_33_3888,Lymphoid-T
c_1_33_3889,Lymphoid-DC
c_1_33_3890,Lymphoid-T
c_1_33_3891,Lymphoid-T
c_1_33_3892,Lymphoid-T
c_1_33_3893,Lymphoid-Other
c_1_33_3894,Lymphoid-T
c_1_33_3895,Lymphoid-T
c_1_33_3896,Lymphoid-T
c_1_33_3897,Lymphoid-T
c_1_33_3898,Lymphoid-T
c_1_33_3899,Lymphoid-T
c_1_33_3900,Lymphoid-T
c_1_33_3901,Lymphoid-T
c_1_33_3902,Lymphoid-T
c_1_33_3903,Lymphoid-Other
c_1_33_3904,Lymphoid-T
c_1_33_3905,Lymphoid-DC
c_1_33_3906,Lymphoid-Other
c_1_33_3907,Lymphoid-T
c_1_33_3908,Lymphoid-Other
c_1_33_3909,Lymphoid-Other
c_1_33_3910,Lymphoid-T
c_1_33_3911,Lymphoid-T
c_1_33_3912,Lymphoid-T
c_1_33_3913,Lymphoid-T
c_1_33_3914,Lymphoid-T
c_1_33_3915,Lymphoid-B
c_1_33_3916,Lymphoid-Other
c_1_33_3917,Lymphoid-Other
c_1_33_3918,Lymphoid-T
c_1_33_3919,Lymphoid-T
c_1_33_3920,Lymphoid-Other
c_1_33_3921,Lymphoid-T
c_1_33_3922,Lymphoid-B
c_1_33_3923,Lymphoid-T
c_1_33_3924,Lymphoid-T
c_1_33_3925,Lymphoid-T
c_1_33_3926,Lymphoid-T
c_1_33_3927,Lymphoid-T
c_1_33_3928,Lymphoid-T
c_1_33_3929,Lymphoid-T
c_1_33_3930,Lymphoid-T
c_1_33_3931,Lymphoid-T
c_1_33_3932,Lymphoid-T
c_1_33_3933,Lymphoid-T
c_1_33_3934,Lymphoid-T
c_1_33_3935,Lymphoid-Plasma
c_1_33_3936,Lymphoid-T
c_1_33_3937,Lymphoid-T
c_1_33_3938,None
c_1_33_3939,Lymphoid-T
c_1_33_3940,Lymphoid-T
c_1_33_3941,Lymphoid-Other
c_1_33_3942,Lymphoid-DC
c_1_33_3943,Lymphoid-T
c_1_33_3944,Lymphoid-T
c_1_33_3945,Lymphoid-T
c_1_33_3946,None
c_1_33_3947,Lymphoid-T
c_1_33_3948,Lymphoid-T
c_1_33_3949,Lymphoid-T
c_1_33_3950,Lymphoid-T
c_1_33_3951,Myeloid
c_1_33_3952,Lymphoid-Other
c_1_33_3953,Lymphoid-T
c_1_33_3954,Lymphoid-T
c_1_33_3955,Lymphoid-T
c_1_33_3956,Lymphoid-Other
c_1_33_3957,Lymphoid-T
c_1_33_3958,Lymphoid-Other
c_1_33_3959,Lymphoid-T
c_1_33_3960,Lymphoid-Other
c_1_33_3961,Lymphoid-T
c_1_33_3962,Myeloid
c_1_33_3963,Lymphoid-Other
c_1_33_3964,Lymphoid-B
c_1_33_3965,Lymphoid-T
c_1_33_3966,Lymphoid-T
c_1_33_3967,Lymphoid-T
c_1_33_3968,Lymphoid-T
c_1_33_3969,Lymphoid-T
c_1_33_3970,Myeloid
c_1_33_3971,Lymphoid-B
c_1_33_3972,Lymphoid-T
c_1_33_3973,Lymphoid-T
c_1_33_3974,Lymphoid-T
c_1_33_3975,Lymphoid-T
c_1_33_3976,Lymphoid-T
c_1_33_3977,Lymphoid-T
c_1_33_3978,Lymphoid-B
c_1_33_3979,Lymphoid-T
c_1_33_3980,Lymphoid-T
c_1_33_3981,Lymphoid-T
c_1_33_3982,Lymphoid-Other
c_1_33_3983,Lymphoid-Other
c_1_33_3984,Lymphoid-T
c_1_33_3985,Lymphoid-T
c_1_33_3986,Lymphoid-T
c_1_33_3987,Lymphoid-T
c_1_33_3988,Lymphoid-Other
c_1_33_3989,Lymphoid-T
c_1_33_3990,Lymphoid-T
c_1_33_3991,Lymphoid-B
c_1_33_3992,Lymphoid-T
c_1_33_3993,Lymphoid-T
c_1_33_3994,Lymphoid-B
c_1_33_3995,Lymphoid-T
c_1_33_3996,Lymphoid-T
c_1_33_3997,Lymphoid-T
c_1_33_3998,Lymphoid-B
c_1_33_3999,Lymphoid-T
c_1_33_4000,Lymphoid-T
c_1_33_4001,Lymphoid-T
c_1_33_4002,Lymphoid-B
c_1_33_4003,Lymphoid-T
c_1_33_4004,Lymphoid-T
c_1_33_4005,Lymphoid-T
c_1_33_4006,Lymphoid-T
c_1_33_4007,Lymphoid-B
c_1_33_4008,Lymphoid-B
c_1_33_4009,Lymphoid-T
c_1_33_4010,Lymphoid-DC
c_1_33_4011,Lymphoid-Other
c_1_33_4012,Lymphoid-T
c_1_33_4013,Lymphoid-T
c_1_33_4014,Lymphoid-T
c_1_33_4015,Lymphoid-Other
c_1_33_4016,Lymphoid-T
c_1_33_4017,Lymphoid-T
c_1_33_4018,Lymphoid-T
c_1_33_4019,Lymphoid-T
c_1_33_4020,Lymphoid-T
c_1_33_4021,Lymphoid-T
c_1_33_4022,Lymphoid-T
c_1_33_4023,Lymphoid-T
c_1_33_4024,Lymphoid-T
c_1_33_4025,Lymphoid-T
c_1_33_4026,Lymphoid-T
c_1_33_4027,Lymphoid-T
c_1_33_4028,Lymphoid-T
c_1_33_4029,Lymphoid-DC
c_1_33_4030,Lymphoid-B
c_1_33_4031,Lymphoid-T
c_1_33_4032,Lymphoid-T
c_1_33_4033,None
c_1_33_4034,Lymphoid-DC
c_1_33_4035,Lymphoid-T
c_1_33_4036,Lymphoid-T
c_1_33_4037,Lymphoid-B
c_1_33_4038,Lymphoid-T
c_1_33_4039,Lymphoid-T
c_1_33_4040,Lymphoid-T
c_1_33_4041,Lymphoid-Other
c_1_33_4042,Lymphoid-T
c_1_33_4043,Lymphoid-T
c_1_33_4044,Lymphoid-T
c_1_33_4045,Lymphoid-T
c_1_33_4046,Lymphoid-T
c_1_33_4047,Lymphoid-T
c_1_33_4048,Lymphoid-T
c_1_33_4049,Lymphoid-T
c_1_33_4050,Lymphoid-Other
c_1_33_4051,Lymphoid-T
c_1_33_4052,Lymphoid-Other
c_1_33_4053,Lymphoid-T
c_1_33_4054,Lymphoid-T
c_1_33_4055,Lymphoid-T
c_1_33_4056,Lymphoid-Other
c_1_33_4057,Lymphoid-T
c_1_33_4058,Lymphoid-T
c_1_33_4059,Lymphoid-Other
c_1_33_4060,Lymphoid-Other
c_1_33_4061,Lymphoid-B
c_1_33_4062,Lymphoid-T
c_1_33_4063,Lymphoid-T
c_1_33_4064,Lymphoid-T
c_1_33_4065,Lymphoid-B
c_1_33_4066,Lymphoid-T
c_1_33_4067,Lymphoid-T
c_1_33_4068,Lymphoid-T
c_1_33_4069,Lymphoid-T
c_1_33_4070,Lymphoid-B
c_1_33_4071,Lymphoid-T
c_1_33_4072,Lymphoid-B
c_1_33_4073,Lymphoid-T
c_1_33_4074,Lymphoid-T
c_1_33_4075,Lymphoid-T
c_1_33_4076,Lymphoid-T
c_1_33_4077,Lymphoid-T
c_1_33_4078,Lymphoid-T
c_1_33_4079,Lymphoid-T
c_1_33_4080,Lymphoid-B
c_1_33_4081,Lymphoid-T
c_1_33_4082,Lymphoid-Other
c_1_33_4083,Lymphoid-Other
c_1_33_4084,Lymphoid-T
c_1_33_4085,Lymphoid-T
c_1_33_4086,Lymphoid-T
c_1_33_4087,Lymphoid-B
c_1_33_4088,Lymphoid-T
c_1_33_4089,Lymphoid-T
c_1_33_4090,Lymphoid-T
c_1_33_4091,Lymphoid-T
c_1_33_4092,Lymphoid-T
c_1_33_4093,Lymphoid-T
c_1_33_4094,Lymphoid-DC
c_1_33_4095,Lymphoid-T
c_1_33_4096,Lymphoid-B
c_1_33_4097,Lymphoid-Other
c_1_33_4098,Lymphoid-T
c_1_33_4099,Lymphoid-T
c_1_33_4100,Lymphoid-T
c_1_33_4101,Lymphoid-T
c_1_33_4102,Lymphoid-T
c_1_33_4103,Lymphoid-T
c_1_33_4104,Lymphoid-B
c_1_33_4105,Lymphoid-T
c_1_33_4106,Lymphoid-T
c_1_33_4107,Lymphoid-T
c_1_33_4108,Lymphoid-B
c_1_33_4109,Lymphoid-T
c_1_33_4110,Lymphoid-T
c_1_33_4111,Lymphoid-T
c_1_33_4112,Lymphoid-T
c_1_33_4113,Lymphoid-T
c_1_33_4114,Lymphoid-T
c_1_33_4115,Lymphoid-T
c_1_33_4116,Lymphoid-T
c_1_33_4117,Lymphoid-B
c_1_33_4118,Lymphoid-T
c_1_33_4119,Lymphoid-Other
c_1_33_4120,Lymphoid-T
c_1_33_4121,Lymphoid-B
c_1_33_4122,Lymphoid-B
c_1_33_4123,Lymphoid-T
c_1_33_4124,Lymphoid-T
c_1_33_4125,Lymphoid-T
c_1_33_4126,Lymphoid-T
c_1_33_4127,Lymphoid-T
c_1_33_4128,Lymphoid-T
c_1_33_4129,Lymphoid-B
c_1_33_4130,Lymphoid-T
c_1_33_4131,Lymphoid-Other
c_1_33_4132,Lymphoid-T
c_1_33_4133,Lymphoid-T
c_1_33_4134,Lymphoid-T
c_1_33_4135,Lymphoid-T
c_1_33_4136,Lymphoid-T
c_1_33_4137,Lymphoid-T
c_1_33_4138,Lymphoid-B
c_1_33_4139,Lymphoid-Other
c_1_33_4140,Lymphoid-B
c_1_33_4141,Lymphoid-B
c_1_33_4142,Lymphoid-T
c_1_33_4143,Lymphoid-T
c_1_33_4144,Lymphoid-T
c_1_33_4145,Lymphoid-T
c_1_33_4146,Lymphoid-T
c_1_33_4147,Lymphoid-T
c_1_33_4148,Lymphoid-B
c_1_33_4149,Lymphoid-T
c_1_33_4150,Lymphoid-T
c_1_33_4151,Lymphoid-T
c_1_33_4152,Lymphoid-T
c_1_33_4153,Lymphoid-B
c_1_33_4154,Lymphoid-T
c_1_33_4155,Lymphoid-T
c_1_33_4156,Lymphoid-T
c_1_33_4157,Lymphoid-T
c_1_33_4158,Lymphoid-B
c_1_33_4159,Lymphoid-T
c_1_33_4160,Lymphoid-T
c_1_33_4161,Lymphoid-T
c_1_33_4162,Lymphoid-T
c_1_33_4163,Lymphoid-T
c_1_33_4164,Lymphoid-T
c_1_33_4165,Lymphoid-Other
c_1_33_4166,Lymphoid-T
c_1_33_4167,Lymphoid-T
c_1_33_4168,Lymphoid-B
c_1_33_4169,Lymphoid-Other
c_1_33_4170,Lymphoid-T
c_1_33_4171,Lymphoid-T
c_1_33_4172,Lymphoid-B
c_1_33_4173,Lymphoid-T
c_1_33_4174,Lymphoid-T
c_1_33_4175,Lymphoid-T
c_1_33_4176,Lymphoid-T
c_1_33_4177,Lymphoid-T
c_1_33_4178,Lymphoid-T
c_1_33_4179,Lymphoid-B
c_1_33_4180,Lymphoid-Other
c_1_33_4181,Lymphoid-T
c_1_33_4182,Lymphoid-T
c_1_33_4183,Lymphoid-T
c_1_33_4184,Lymphoid-T
c_1_33_4185,Lymphoid-T
c_1_33_4186,Lymphoid-B
c_1_33_4187,Lymphoid-Other
c_1_33_4188,Lymphoid-B
c_1_33_4189,Lymphoid-Other
c_1_33_4190,None
c_1_33_4191,Lymphoid-B
c_1_33_4192,Lymphoid-T
c_1_33_4193,Lymphoid-T
c_1_33_4194,Lymphoid-T
c_1_33_4195,Lymphoid-T
c_1_33_4196,Lymphoid-T
c_1_33_4197,Lymphoid-Other
c_1_33_4198,Lymphoid-B
c_1_33_4199,Lymphoid-B
c_1_33_4200,Lymphoid-B
c_1_33_4201,Lymphoid-B
c_1_33_4202,Lymphoid-B
c_1_33_4203,Lymphoid-T
c_1_33_4204,Lymphoid-Other
c_1_33_4205,Lymphoid-T
c_1_33_4206,Lymphoid-T
c_1_33_4207,Lymphoid-B
c_1_33_4208,Lymphoid-T
c_1_33_4209,Lymphoid-B
c_1_33_4210,Lymphoid-T
c_1_33_4211,Lymphoid-B
c_1_33_4212,Lymphoid-B
c_1_33_4213,Lymphoid-T
c_1_33_4214,Lymphoid-Other
c_1_33_4215,Lymphoid-T
c_1_33_4216,Lymphoid-T
c_1_33_4217,Lymphoid-B
c_1_33_4218,Lymphoid-T
c_1_33_4219,Lymphoid-T
c_1_33_4220,Lymphoid-T
c_1_33_4221,Lymphoid-Plasma
c_1_33_4222,Lymphoid-T
c_1_33_4223,None
c_1_33_4224,Lymphoid-Other
c_1_33_4225,Lymphoid-B
c_1_33_4226,Lymphoid-B
c_1_33_4227,Lymphoid-T
c_1_33_4228,Lymphoid-T
c_1_33_4229,Lymphoid-T
c_1_33_4230,Lymphoid-T
c_1_33_4231,Lymphoid-T
c_1_33_4232,Lymphoid-Other
c_1_33_4233,Lymphoid-B
c_1_33_4234,Lymphoid-B
c_1_33_4235,Lymphoid-Other
c_1_33_4236,Lymphoid-B
c_1_33_4237,Lymphoid-T
c_1_33_4238,Lymphoid-B
c_1_33_4239,Lymphoid-Other
c_1_33_4240,Lymphoid-T
c_1_33_4241,Lymphoid-B
c_1_33_4242,Lymphoid-Other
c_1_33_4243,Lymphoid-T
c_1_33_4244,Lymphoid-T
c_1_33_4245,Lymphoid-Other
c_1_33_4246,Lymphoid-T
c_1_33_4247,Lymphoid-T
c_1_33_4248,Lymphoid-B
c_1_33_4249,Lymphoid-T
c_1_33_4250,Lymphoid-T
c_1_33_4251,Lymphoid-Other
c_1_33_4252,Lymphoid-B
c_1_33_4253,Lymphoid-T
c_1_33_4254,Lymphoid-B
c_1_33_4255,Lymphoid-T
c_1_33_4256,Lymphoid-T
c_1_33_4257,Lymphoid-T
c_1_33_4258,Lymphoid-B
c_1_33_4259,Lymphoid-T
c_1_33_4260,Lymphoid-Other
c_1_33_4261,Lymphoid-B
c_1_33_4262,Lymphoid-T
c_1_33_4263,Lymphoid-T
c_1_33_4264,Lymphoid-Other
c_1_33_4265,Lymphoid-T
c_1_33_4266,Lymphoid-T
c_1_33_4267,Lymphoid-T
c_1_33_4268,Lymphoid-B
c_1_33_4269,Lymphoid-T
c_1_33_4270,Lymphoid-T
c_1_33_4271,Endothelial
c_1_33_4272,Lymphoid-T
c_1_33_4273,Lymphoid-Other
c_1_33_4274,Lymphoid-B
c_1_33_4275,Lymphoid-Other
c_1_33_4276,Lymphoid-T
c_1_33_4277,Lymphoid-T
c_1_33_4278,Lymphoid-B
c_1_33_4279,Lymphoid-B
c_1_33_4280,Lymphoid-T
c_1_33_4281,Lymphoid-B
c_1_33_4282,Lymphoid-DC
c_1_33_4283,Lymphoid-T
c_1_33_4284,Lymphoid-B
c_1_33_4285,Lymphoid-B
c_1_33_4286,Lymphoid-T
c_1_33_4287,Lymphoid-B
c_1_33_4288,Lymphoid-T
c_1_33_4289,Lymphoid-B
c_1_33_4290,Lymphoid-T
c_1_33_4291,Lymphoid-T
c_1_33_4292,Lymphoid-B
c_1_33_4293,Lymphoid-B
c_1_33_4294,Lymphoid-T
c_1_33_4295,Lymphoid-B
c_1_33_4296,Lymphoid-B
c_1_33_4297,Lymphoid-T
c_1_33_4298,Lymphoid-Other
c_1_33_4299,Lymphoid-T
c_1_33_4300,Lymphoid-B
c_1_33_4301,Lymphoid-B
c_1_33_4302,Lymphoid-B
c_1_33_4303,Lymphoid-T
c_1_33_4304,Lymphoid-T
c_1_33_4305,Lymphoid-T
c_1_33_4306,Lymphoid-T
c_1_33_4307,Lymphoid-B
c_1_33_4308,Lymphoid-B
c_1_33_4309,Lymphoid-B
c_1_33_4310,Lymphoid-B
c_1_33_4311,Lymphoid-T
c_1_33_4312,Lymphoid-T
c_1_33_4313,Lymphoid-T
c_1_33_4314,Lymphoid-B
c_1_33_4315,Lymphoid-T
c_1_33_4316,Lymphoid-B
c_1_33_4317,Lymphoid-B
c_1_33_4318,Lymphoid-B
c_1_33_4319,Lymphoid-T
c_1_33_4320,Lymphoid-B
c_1_33_4321,Lymphoid-T
c_1_33_4322,Lymphoid-B
c_1_33_4323,Lymphoid-B
c_1_33_4324,Lymphoid-B
c_1_33_4325,Lymphoid-B
c_1_33_4326,Lymphoid-T
c_1_33_4327,Lymphoid-T
c_1_33_4328,Lymphoid-B
c_1_33_4329,Lymphoid-T
c_1_33_4330,Lymphoid-T
c_1_33_4331,Lymphoid-B
c_1_33_4332,Lymphoid-T
c_1_33_4333,Lymphoid-Other
c_1_33_4334,Lymphoid-T
c_1_33_4335,Lymphoid-T
c_1_33_4336,Lymphoid-T
c_1_33_4337,Lymphoid-B
c_1_33_4338,Lymphoid-B
c_1_33_4339,Lymphoid-T
c_1_33_4340,Lymphoid-T
c_1_33_4341,Lymphoid-Plasma
c_1_33_4342,Lymphoid-T
c_1_33_4343,Lymphoid-B
c_1_33_4344,Lymphoid-B
c_1_33_4345,Lymphoid-B
c_1_33_4346,Lymphoid-T
c_1_33_4347,Lymphoid-T
c_1_33_4348,Lymphoid-Other
c_1_33_4349,Lymphoid-B
c_1_33_4350,Lymphoid-T
c_1_33_4351,Lymphoid-Plasma
c_1_33_4352,Lymphoid-B
c_1_33_4353,Lymphoid-B
c_1_33_4354,Lymphoid-Other
c_1_33_4355,Lymphoid-B
c_1_33_4356,Lymphoid-B
c_1_33_4357,Lymphoid-B
c_1_33_4358,Lymphoid-B
c_1_33_4359,Lymphoid-B
c_1_33_4360,Lymphoid-T
c_1_33_4361,Lymphoid-T
c_1_33_4362,Lymphoid-Other
c_1_33_4363,Lymphoid-B
c_1_33_4364,Lymphoid-T
c_1_33_4365,Lymphoid-Other
c_1_33_4366,Lymphoid-T
c_1_33_4367,Lymphoid-T
c_1_33_4368,Lymphoid-B
c_1_33_4369,Lymphoid-Other
c_1_33_4370,Lymphoid-B
c_1_33_4371,Lymphoid-T
c_1_33_4372,Lymphoid-T
c_1_33_4373,Lymphoid-T
c_1_33_4374,Lymphoid-B
c_1_33_4375,Lymphoid-T
c_1_33_4376,Lymphoid-T
c_1_33_4377,Lymphoid-B
c_1_33_4378,Lymphoid-B
c_1_33_4379,Lymphoid-T
c_1_33_4380,Lymphoid-T
c_1_33_4381,Lymphoid-B
c_1_33_4382,Lymphoid-B
c_1_33_4383,Lymphoid-T
c_1_33_4384,Lymphoid-B
c_1_33_4385,Lymphoid-T
c_1_33_4386,Lymphoid-DC
c_1_33_4387,Lymphoid-T
c_1_33_4388,Lymphoid-T
c_1_33_4389,Lymphoid-B
c_1_33_4390,Lymphoid-T
c_1_33_4391,Lymphoid-T
c_1_33_4392,Lymphoid-T
c_1_33_4393,Lymphoid-B
c_1_33_4394,None
c_1_33_4395,Lymphoid-Other
c_1_33_4396,Lymphoid-Other
c_1_33_4397,Lymphoid-T
c_1_33_4398,Lymphoid-T
c_1_33_4399,Lymphoid-T
c_1_33_4400,Lymphoid-B
c_1_33_4401,Lymphoid-Plasma
c_1_33_4402,Lymphoid-B
c_1_33_4403,Lymphoid-B
c_1_33_4404,Lymphoid-Other
c_1_33_4405,Lymphoid-T
c_1_33_4406,Endothelial
c_1_33_4407,Lymphoid-B
c_1_33_4408,Lymphoid-B
c_1_33_4409,Lymphoid-B
c_1_33_4410,Lymphoid-B
c_1_33_4411,Lymphoid-T
c_1_33_4412,Lymphoid-B
c_1_33_4413,Lymphoid-B
c_1_33_4414,Lymphoid-T
c_1_33_4415,Lymphoid-B
c_1_33_4416,Lymphoid-T
c_1_33_4417,Lymphoid-Other
c_1_33_4418,Lymphoid-Other
c_1_33_4419,Endothelial
c_1_33_4420,Lymphoid-Other
c_1_33_4421,Lymphoid-B
c_1_33_4422,Lymphoid-B
c_1_33_4423,Lymphoid-B
c_1_33_4424,Lymphoid-B
c_1_33_4425,Lymphoid-T
c_1_33_4426,Lymphoid-T
c_1_33_4427,Lymphoid-T
c_1_33_4428,None
c_1_33_4429,Lymphoid-T
c_1_33_4430,Lymphoid-Other
c_1_33_4431,Lymphoid-DC
c_1_33_4432,Lymphoid-T
c_1_33_4433,Lymphoid-DC
c_1_33_4434,Lymphoid-Other
c_1_33_4435,Lymphoid-T
c_1_33_4436,Lymphoid-T
c_1_33_4437,Lymphoid-T
c_1_33_4438,Lymphoid-Other
c_1_33_4439,Lymphoid-Other
c_1_33_4440,Lymphoid-T
c_1_33_4441,Lymphoid-T
c_1_33_4442,Lymphoid-Other
c_1_33_4443,Lymphoid-Other
c_1_33_4444,Lymphoid-T
c_1_33_4445,Lymphoid-T
c_1_33_4446,Lymphoid-Other
c_1_33_4447,Lymphoid-T
c_1_33_4448,Lymphoid-T
c_1_33_4449,Lymphoid-Other
c_1_33_4450,Lymphoid-T
c_1_33_4451,Lymphoid-T
c_1_33_4452,Myeloid
c_1_33_4453,Lymphoid-DC
c_1_33_4454,Lymphoid-Other
c_1_33_4455,Lymphoid-T
c_1_33_4456,Lymphoid-T
c_1_33_4457,None
c_1_33_4458,Lymphoid-T
c_1_33_4459,Lymphoid-Other
c_1_33_4460,Lymphoid-T
c_1_33_4461,Lymphoid-Other
c_1_33_4462,Lymphoid-DC
c_1_33_4463,Lymphoid-T
c_1_33_4464,Lymphoid-T
c_1_33_4465,Lymphoid-Other
c_1_33_4466,Lymphoid-Other
c_1_33_4467,Lymphoid-DC
c_1_33_4468,Lymphoid-DC
c_1_33_4469,Lymphoid-T
c_1_33_4470,Lymphoid-Other
c_1_33_4471,Lymphoid-T
c_1_33_4472,Lymphoid-Other
c_1_33_4473,Lymphoid-T
c_1_33_4474,Lymphoid-Other
c_1_33_4475,Lymphoid-DC
c_1_33_4476,Lymphoid-Other
c_1_33_4477,Lymphoid-DC
c_1_33_4478,Lymphoid-Other
c_1_33_4479,Lymphoid-Other
c_1_33_4480,None
c_1_33_4481,Lymphoid-Other
c_1_33_4482,Lymphoid-Plasma
c_1_33_4483,Lymphoid-Other
c_1_33_4484,Lymphoid-Other
c_1_33_4485,Lymphoid-T
c_1_33_4486,None
c_1_33_4487,Lymphoid-DC
c_1_33_4488,Lymphoid-B
c_1_33_4489,Lymphoid-T
c_1_33_4490,Lymphoid-T
c_1_33_4491,Lymphoid-DC
c_1_33_4492,Lymphoid-DC
c_1_33_4493,Lymphoid-DC
c_1_33_4494,Endothelial
c_1_33_4495,Lymphoid-T
c_1_33_4496,Lymphoid-T
c_1_33_4497,Lymphoid-DC
c_1_33_4498,Lymphoid-Other
c_1_33_4499,Lymphoid-T
c_1_33_4500,Lymphoid-T
c_1_33_4501,Lymphoid-T
c_1_33_4502,Lymphoid-T
c_1_33_4503,Lymphoid-DC
c_1_33_4504,Lymphoid-DC
c_1_33_4505,Lymphoid-T
c_1_33_4506,Lymphoid-T
c_1_33_4507,Lymphoid-T
c_1_33_4508,Lymphoid-Other
c_1_33_4509,Lymphoid-T
c_1_33_4510,Myeloid
c_1_33_4511,Lymphoid-T
c_1_33_4512,Lymphoid-Other
c_1_33_4513,Lymphoid-T
c_1_33_4514,Lymphoid-DC
c_1_33_4515,Lymphoid-T
c_1_33_4516,Lymphoid-T
c_1_33_4517,Lymphoid-T
c_1_33_4518,Lymphoid-T
c_1_33_4519,Lymphoid-T
c_1_33_4520,Lymphoid-Other
c_1_33_4521,Lymphoid-T
c_1_33_4522,Lymphoid-Other
c_1_33_4523,Lymphoid-Other
c_1_33_4524,Lymphoid-DC
c_1_33_4525,Lymphoid-T
c_1_33_4526,Lymphoid-T
c_1_33_4527,Lymphoid-Other
c_1_33_4528,Lymphoid-Other
c_1_33_4529,Lymphoid-Other
c_1_33_4530,Lymphoid-Other
c_1_33_4531,Lymphoid-T
c_1_33_4532,Endothelial
c_1_33_4533,None
c_1_33_4534,Lymphoid-T
c_1_33_4535,Lymphoid-T
c_1_33_4536,Lymphoid-T
c_1_33_4537,Lymphoid-T
c_1_33_4538,Lymphoid-T
c_1_33_4539,Lymphoid-T
c_1_33_4540,Lymphoid-T
c_1_33_4541,Lymphoid-Other
c_1_33_4542,Lymphoid-T
c_1_33_4543,Lymphoid-Other
c_1_33_4544,Lymphoid-DC
c_1_33_4545,Lymphoid-T
c_1_33_4546,Lymphoid-Other
c_1_33_4547,Lymphoid-Other
c_1_33_4548,Lymphoid-T
c_1_33_4549,Lymphoid-T
c_1_33_4550,Lymphoid-T
c_1_33_4551,Lymphoid-Other
c_1_33_4552,Lymphoid-B
c_1_33_4553,Epithelial
c_1_33_4554,Lymphoid-T
c_1_33_4555,Lymphoid-T
c_1_33_4556,Lymphoid-T
c_1_33_4557,Lymphoid-Other
c_1_33_4558,Lymphoid-T
c_1_33_4559,Lymphoid-DC
c_1_33_4560,Lymphoid-DC
c_1_33_4561,Lymphoid-T
c_1_33_4562,Lymphoid-T
c_1_33_4563,Lymphoid-DC
c_1_33_4564,Lymphoid-Other
c_1_33_4565,Lymphoid-T
c_1_33_4566,Lymphoid-T
c_1_33_4567,Lymphoid-DC
c_1_33_4568,Myeloid
c_1_33_4569,Lymphoid-Other
c_1_33_4570,Lymphoid-T
c_1_33_4571,Lymphoid-T
c_1_33_4572,Lymphoid-T
c_1_33_4573,Lymphoid-T
c_1_33_4574,Lymphoid-T
c_1_33_4575,Lymphoid-T
c_1_33_4576,Lymphoid-T
c_1_33_4577,Lymphoid-DC
c_1_33_4578,Lymphoid-DC
c_1_33_4579,Lymphoid-DC
c_1_33_4580,Lymphoid-Other
c_1_33_4581,Lymphoid-DC
c_1_33_4582,Myeloid
c_1_33_4583,Lymphoid-T
c_1_33_4584,Lymphoid-Other
c_1_33_4585,Lymphoid-Plasma
c_1_33_4586,Lymphoid-T
c_1_33_4587,Lymphoid-DC
c_1_33_4588,Lymphoid-T
c_1_33_4589,Lymphoid-T
c_1_33_4590,Lymphoid-T
c_1_33_4591,Lymphoid-T
c_1_33_4592,Lymphoid-Other
c_1_33_4593,Lymphoid-Other
c_1_33_4594,Lymphoid-DC
c_1_33_4595,Lymphoid-DC
c_1_33_4596,None
c_1_33_4597,Endothelial
c_1_33_4598,Endothelial
c_1_33_4599,Lymphoid-T
c_1_33_4600,Lymphoid-DC
c_1_33_4601,Lymphoid-T
c_1_33_4602,Lymphoid-DC
c_1_33_4603,Lymphoid-DC
c_1_33_4604,Lymphoid-T
c_1_33_4605,Lymphoid-DC
c_1_33_4606,Lymphoid-T
c_1_33_4607,Lymphoid-Other
c_1_33_4608,Lymphoid-Other
c_1_33_4609,Lymphoid-T
c_1_33_4610,Lymphoid-DC
c_1_33_4611,Lymphoid-DC
c_1_33_4612,Lymphoid-Other
c_1_33_4613,Lymphoid-Other
c_1_33_4614,Lymphoid-T
c_1_33_4615,Lymphoid-DC
c_1_33_4616,Lymphoid-T
c_1_33_4617,Lymphoid-T
c_1_33_4618,Lymphoid-T
c_1_33_4619,Lymphoid-DC
c_1_33_4620,Lymphoid-DC
c_1_33_4621,Lymphoid-T
c_1_33_4622,Lymphoid-B
c_1_33_4623,Lymphoid-T
c_1_33_4624,Lymphoid-DC
c_1_33_4625,Lymphoid-T
c_1_33_4626,Lymphoid-Other
c_1_33_4627,Lymphoid-T
c_1_33_4628,Lymphoid-DC
c_1_33_4629,Lymphoid-T
c_1_33_4630,Lymphoid-T
c_1_33_4631,Lymphoid-T
c_1_33_4632,Lymphoid-Other
c_1_33_4633,Lymphoid-T
c_1_33_4634,Lymphoid-T
c_1_33_4635,Lymphoid-Other
c_1_33_4636,Lymphoid-DC
c_1_33_4637,Lymphoid-T
c_1_33_4638,Lymphoid-DC
c_1_33_4639,Lymphoid-DC
c_1_33_4640,Lymphoid-DC
c_1_33_4641,Lymphoid-T
c_1_33_4642,Lymphoid-DC
c_1_33_4643,Lymphoid-DC
c_1_33_4644,Lymphoid-T
c_1_33_4645,Lymphoid-T
c_1_33_4646,Lymphoid-T
c_1_33_4647,Lymphoid-Other
c_1_33_4648,Lymphoid-B
c_1_33_4649,Lymphoid-T
c_1_33_4650,Lymphoid-B
c_1_33_4651,Lymphoid-Other
c_1_33_4652,Lymphoid-T
c_1_33_4653,Lymphoid-T
c_1_33_4654,Lymphoid-B
c_1_33_4655,Lymphoid-T
c_1_33_4656,Lymphoid-T
c_1_33_4657,Lymphoid-T
c_1_33_4658,Lymphoid-Other
c_1_33_4659,Lymphoid-T
c_1_33_4660,Lymphoid-T
c_1_33_4661,Lymphoid-T
c_1_33_4662,Lymphoid-T
c_1_33_4663,Lymphoid-T
c_1_33_4664,Lymphoid-T
c_1_33_4665,Lymphoid-T
c_1_33_4666,Lymphoid-Other
c_1_33_4667,Lymphoid-T
c_1_33_4668,Lymphoid-T
c_1_33_4669,Lymphoid-T
c_1_33_4670,Lymphoid-T
c_1_33_4671,Lymphoid-T
c_1_33_4672,Lymphoid-T
c_1_33_4673,Lymphoid-T
c_1_33_4674,Lymphoid-T
c_1_33_4675,Endothelial
c_1_33_4676,Lymphoid-T
c_1_33_4677,Lymphoid-Other
c_1_33_4678,None
c_1_33_4679,Lymphoid-Other
c_1_33_4680,Lymphoid-T
c_1_33_4681,Lymphoid-DC
c_1_33_4682,Myeloid
c_1_33_4683,Lymphoid-T
c_1_33_4684,Lymphoid-DC
c_1_33_4685,Lymphoid-T
c_1_33_4686,Lymphoid-T
c_1_33_4687,Lymphoid-DC
c_1_33_4688,Lymphoid-T
c_1_33_4689,Lymphoid-T
c_1_33_4690,Lymphoid-T
c_1_33_4691,Lymphoid-T
c_1_33_4692,Lymphoid-DC
c_1_33_4693,Lymphoid-DC
c_1_33_4694,Lymphoid-DC
c_1_33_4695,Lymphoid-Other
c_1_33_4696,Lymphoid-DC
c_1_33_4697,Lymphoid-Plasma
c_1_33_4698,Lymphoid-Other
c_1_33_4699,Lymphoid-Other
c_1_33_4700,Lymphoid-Other
c_1_33_4701,Lymphoid-T
c_1_33_4702,Lymphoid-T
c_1_33_4703,Lymphoid-T
c_1_33_4704,Lymphoid-T
c_1_33_4705,Lymphoid-T
c_1_33_4706,Lymphoid-T
c_1_33_4707,Lymphoid-T
c_1_33_4708,Lymphoid-T
c_1_33_4709,Lymphoid-T
c_1_33_4710,Lymphoid-Other
c_1_33_4711,Lymphoid-T
c_1_33_4712,Lymphoid-Other
c_1_33_4713,Lymphoid-T
c_1_33_4714,Lymphoid-T
c_1_33_4715,Lymphoid-Other
c_1_33_4716,Lymphoid-T
c_1_33_4717,Lymphoid-Other
c_1_33_4718,Lymphoid-T
c_1_33_4719,Lymphoid-DC
c_1_33_4720,Lymphoid-T
c_1_33_4721,Endothelial
c_1_33_4722,Lymphoid-Other
c_1_33_4723,Endothelial
c_1_33_4724,Lymphoid-T
c_1_33_4725,Lymphoid-T
c_1_33_4726,Lymphoid-T
c_1_33_4727,Lymphoid-Other
c_1_33_4728,Lymphoid-DC
c_1_33_4729,Lymphoid-B
c_1_33_4730,Lymphoid-DC
c_1_33_4731,Lymphoid-T
c_1_33_4732,Lymphoid-Other
c_1_33_4733,Lymphoid-T
c_1_33_4734,Lymphoid-Other
c_1_33_4735,Lymphoid-T
c_1_33_4736,Lymphoid-T
c_1_33_4737,Lymphoid-T
c_1_33_4738,Lymphoid-DC
c_1_33_4739,Lymphoid-T
c_1_33_4740,Lymphoid-T
c_1_33_4741,Lymphoid-DC
c_1_33_4742,Lymphoid-T
c_1_33_4743,Lymphoid-Other
c_1_33_4744,None
c_1_33_4745,Lymphoid-T
c_1_33_4746,Lymphoid-T
c_1_33_4747,Lymphoid-T
c_1_33_4748,Lymphoid-DC
c_1_33_4749,Lymphoid-T
c_1_33_4750,Lymphoid-T
c_1_33_4751,Lymphoid-T
c_1_33_4752,Lymphoid-T
c_1_33_4753,Lymphoid-T
c_1_33_4754,Lymphoid-T
c_1_33_4755,Lymphoid-DC
c_1_33_4756,Lymphoid-DC
c_1_33_4757,Lymphoid-Other
c_1_33_4758,Lymphoid-DC
c_1_33_4759,Lymphoid-Other
c_1_33_4760,Lymphoid-T
c_1_33_4761,Lymphoid-Other
c_1_33_4762,Lymphoid-T
c_1_33_4763,Lymphoid-T
c_1_33_4764,Lymphoid-T
c_1_33_4765,Lymphoid-T
c_1_33_4766,Lymphoid-T
c_1_33_4767,Lymphoid-T
c_1_33_4768,Lymphoid-Other
c_1_33_4769,Lymphoid-DC
c_1_33_4770,Lymphoid-T
c_1_33_4771,Lymphoid-T
c_1_33_4772,Lymphoid-T
c_1_33_4773,Lymphoid-DC
c_1_33_4774,Lymphoid-Other
c_1_33_4775,Lymphoid-T
c_1_33_4776,Lymphoid-DC
c_1_33_4777,Lymphoid-T
c_1_33_4778,Lymphoid-DC
c_1_33_4779,Lymphoid-DC
c_1_33_4780,Lymphoid-T
c_1_33_4781,Lymphoid-T
c_1_33_4782,Lymphoid-T
c_1_33_4783,Lymphoid-Other
c_1_33_4784,Lymphoid-Other
c_1_33_4785,Lymphoid-T
c_1_33_4786,Lymphoid-T
c_1_33_4787,Lymphoid-DC
c_1_33_4788,Lymphoid-Other
c_1_33_4789,Lymphoid-T
c_1_33_4790,Lymphoid-Other
c_1_33_4791,Lymphoid-Other
c_1_33_4792,Lymphoid-DC
c_1_33_4793,Lymphoid-T
c_1_33_4794,Lymphoid-B
c_1_33_4795,Lymphoid-DC
c_1_33_4796,None
c_1_33_4797,Lymphoid-Other
c_1_33_4798,Lymphoid-T
c_1_33_4799,Lymphoid-Other
c_1_33_4800,Lymphoid-DC
c_1_33_4801,Lymphoid-T
c_1_33_4802,Lymphoid-T
c_1_33_4803,Lymphoid-T
c_1_33_4804,Lymphoid-T
c_1_33_4805,Lymphoid-Other
c_1_33_4806,Lymphoid-Other
c_1_33_4807,Lymphoid-B
c_1_33_4808,Lymphoid-T
c_1_33_4809,Lymphoid-Other
c_1_33_4810,Lymphoid-DC
c_1_33_4811,None
c_1_33_4812,Lymphoid-T
c_1_33_4813,Lymphoid-DC
c_1_33_4814,Lymphoid-T
c_1_33_4815,Lymphoid-T
c_1_33_4816,Lymphoid-T
c_1_33_4817,Lymphoid-T
c_1_33_4818,Lymphoid-T
c_1_33_4819,Lymphoid-T
c_1_33_4820,Lymphoid-T
c_1_33_4821,Lymphoid-T
c_1_33_4822,None
c_1_33_4823,Lymphoid-DC
c_1_33_4824,Lymphoid-T
c_1_33_4825,Lymphoid-T
c_1_33_4826,Lymphoid-Other
c_1_33_4827,Lymphoid-B
c_1_33_4828,Lymphoid-Other
c_1_33_4829,Lymphoid-T
c_1_33_4830,Lymphoid-Other
c_1_33_4831,Lymphoid-T
c_1_33_4832,Lymphoid-Other
c_1_33_4833,Lymphoid-T
c_1_33_4834,Lymphoid-Other
c_1_33_4835,Lymphoid-T
c_1_33_4836,Lymphoid-T
c_1_33_4837,Lymphoid-T
c_1_33_4838,Lymphoid-T
c_1_33_4839,Lymphoid-T
c_1_33_4840,Lymphoid-T
c_1_33_4841,Lymphoid-T
c_1_33_4842,Lymphoid-T
c_1_33_4843,Lymphoid-T
c_1_33_4844,Lymphoid-T
c_1_33_4845,Lymphoid-T
c_1_33_4846,Lymphoid-Plasma
c_1_33_4847,Lymphoid-Other
c_1_33_4848,Lymphoid-T
c_1_33_4849,Lymphoid-DC
c_1_33_4850,Lymphoid-Other
c_1_33_4851,Lymphoid-DC
c_1_33_4852,Lymphoid-T
c_1_33_4853,Lymphoid-DC
c_1_33_4854,Lymphoid-T
c_1_33_4855,Lymphoid-T
c_1_33_4856,Lymphoid-Other
c_1_33_4857,Lymphoid-Other
c_1_33_4858,Lymphoid-T
c_1_33_4859,Lymphoid-T
c_1_33_4860,Lymphoid-T
c_1_33_4861,Lymphoid-T
c_1_33_4862,Lymphoid-T
c_1_33_4863,Lymphoid-T
c_1_33_4864,Lymphoid-DC
c_1_33_4865,Lymphoid-T
c_1_33_4866,Lymphoid-T
c_1_33_4867,Endothelial
c_1_33_4868,Lymphoid-DC
c_1_33_4869,Lymphoid-Other
c_1_33_4870,Lymphoid-T
c_1_33_4871,Lymphoid-Other
c_1_33_4872,Myeloid
c_1_33_4873,Lymphoid-Other
c_1_33_4874,Lymphoid-Other
c_1_33_4875,Lymphoid-T
c_1_33_4876,Lymphoid-T
c_1_33_4877,Lymphoid-Other
c_1_33_4878,Lymphoid-T
c_1_33_4879,Lymphoid-T
c_1_33_4880,Lymphoid-T
c_1_33_4881,Lymphoid-B
c_1_33_4882,Lymphoid-T
c_1_33_4883,Lymphoid-T
c_1_33_4884,Lymphoid-T
c_1_33_4885,Lymphoid-Other
c_1_33_4886,Lymphoid-Other
c_1_33_4887,Lymphoid-DC
c_1_33_4888,Lymphoid-T
c_1_33_4889,Lymphoid-T
c_1_33_4890,Lymphoid-T
c_1_33_4891,Endothelial
c_1_33_4892,Lymphoid-T
c_1_33_4893,Lymphoid-T
c_1_33_4894,Lymphoid-Other
c_1_33_4895,Endothelial
c_1_33_4896,Lymphoid-T
c_1_33_4897,Lymphoid-Other
c_1_33_4898,Lymphoid-Other
c_1_33_4899,Lymphoid-T
c_1_33_4900,Lymphoid-T
c_1_33_4901,None
c_1_33_4902,Lymphoid-T
c_1_33_4903,Lymphoid-T
c_1_33_4904,Lymphoid-T
c_1_33_4905,Lymphoid-Other
c_1_33_4906,Myeloid
c_1_33_4907,Lymphoid-Other
c_1_33_4908,Lymphoid-T
c_1_33_4909,Lymphoid-Other
c_1_33_4910,Myeloid
c_1_33_4911,Lymphoid-T
c_1_33_4912,Lymphoid-T
c_1_33_4913,Lymphoid-T
c_1_33_4914,Lymphoid-T
c_1_33_4915,Myeloid
c_1_33_4916,Lymphoid-Other
c_1_33_4917,Lymphoid-Other
c_1_33_4918,Lymphoid-T
c_1_33_4919,Lymphoid-T
c_1_33_4920,Lymphoid-Other
c_1_33_4921,Lymphoid-T
c_1_33_4922,Lymphoid-T
c_1_33_4923,Lymphoid-T
c_1_33_4924,Lymphoid-Other
c_1_33_4925,Lymphoid-Other
c_1_33_4926,Lymphoid-T
c_1_33_4927,Lymphoid-T
c_1_33_4928,Lymphoid-T
c_1_33_4929,Lymphoid-DC
c_1_33_4930,None
c_1_33_4931,Lymphoid-DC
c_1_33_4932,Lymphoid-T
c_1_33_4933,Lymphoid-Other
c_1_33_4934,Lymphoid-T
c_1_33_4935,Lymphoid-DC
c_1_33_4936,Lymphoid-DC
c_1_33_4937,Lymphoid-Other
c_1_33_4938,Lymphoid-T
c_1_33_4939,Lymphoid-T
c_1_33_4940,Lymphoid-DC
c_1_33_4941,Lymphoid-T
c_1_33_4942,Lymphoid-B
c_1_33_4943,Lymphoid-Other
c_1_33_4944,Lymphoid-T
c_1_33_4945,Lymphoid-T
c_1_33_4946,Lymphoid-T
c_1_33_4947,Lymphoid-Other
c_1_33_4948,Lymphoid-T
c_1_33_4949,Lymphoid-T
c_1_33_4950,Lymphoid-T
c_1_33_4951,Lymphoid-T
c_1_33_4952,None
c_1_33_4953,Lymphoid-T
c_1_33_4954,Lymphoid-Other
c_1_33_4955,Lymphoid-DC
c_1_33_4956,Lymphoid-T
c_1_33_4957,Lymphoid-T
c_1_33_4958,Lymphoid-B
c_1_33_4959,Lymphoid-Other
c_1_33_4960,Lymphoid-DC
c_1_33_4961,Lymphoid-T
c_1_33_4962,Lymphoid-T
c_1_33_4963,Lymphoid-DC
c_1_33_4964,Lymphoid-DC
c_1_33_4965,Lymphoid-T
c_1_33_4966,Lymphoid-DC
c_1_33_4967,Lymphoid-T
c_1_33_4968,Lymphoid-T
c_1_33_4969,Lymphoid-T
c_1_33_4970,Lymphoid-T
c_1_33_4971,Lymphoid-B
c_1_33_4972,Lymphoid-Other
c_1_33_4973,Lymphoid-T
c_1_33_4974,Lymphoid-Other
c_1_33_4975,Lymphoid-T
c_1_33_4976,Lymphoid-T
c_1_33_4977,Lymphoid-Other
c_1_33_4978,Lymphoid-T
c_1_33_4979,Lymphoid-T
c_1_33_4980,Lymphoid-T
c_1_33_4981,Myeloid
c_1_33_4982,Lymphoid-T
c_1_33_4983,Lymphoid-DC
c_1_33_4984,Myeloid
c_1_33_4985,Lymphoid-T
c_1_33_4986,Lymphoid-DC
c_1_33_4987,Lymphoid-T
c_1_33_4988,Lymphoid-DC
c_1_33_4989,Lymphoid-B
c_1_33_4990,Lymphoid-T
c_1_33_4991,Lymphoid-Other
c_1_33_4992,Lymphoid-T
c_1_33_4993,Lymphoid-T
c_1_33_4994,Lymphoid-T
c_1_33_4995,Lymphoid-T
c_1_33_4996,Lymphoid-T
c_1_33_4997,Lymphoid-B
c_1_33_4998,Lymphoid-T
c_1_33_4999,None
c_1_33_5000,Lymphoid-T
c_1_33_5001,Lymphoid-T
c_1_33_5002,Lymphoid-DC
c_1_33_5003,Lymphoid-T
c_1_33_5004,Lymphoid-T
c_1_33_5005,Lymphoid-T
c_1_33_5006,Lymphoid-T
c_1_33_5007,Lymphoid-DC
c_1_33_5008,Lymphoid-T
c_1_33_5009,None
c_1_33_5010,Lymphoid-Other
c_1_33_5011,None
c_1_33_5012,Lymphoid-T
c_1_33_5013,Lymphoid-T
c_1_33_5014,None
c_1_33_5015,Lymphoid-T
c_1_33_5016,Lymphoid-DC
c_1_33_5017,None
c_1_33_5018,Lymphoid-T
c_1_33_5019,Lymphoid-T
c_1_33_5020,Lymphoid-T
c_1_33_5021,Lymphoid-T
c_1_33_5022,Lymphoid-T
c_1_33_5023,Lymphoid-Other
c_1_33_5024,Lymphoid-Other
c_1_33_5025,Lymphoid-Other
c_1_33_5026,Lymphoid-T
c_1_33_5027,Lymphoid-T
c_1_33_5028,Lymphoid-Other
c_1_33_5029,Lymphoid-T
c_1_33_5030,Lymphoid-T
c_1_33_5031,Lymphoid-T
c_1_33_5032,Lymphoid-T
c_1_33_5033,Lymphoid-Other
c_1_33_5034,Lymphoid-DC
c_1_33_5035,Lymphoid-Other
c_1_33_5036,Lymphoid-T
c_1_33_5037,Lymphoid-Other
c_1_33_5038,Lymphoid-Other
c_1_33_5039,Lymphoid-T
c_1_33_5040,Lymphoid-Other
c_1_33_5041,Lymphoid-Plasma
c_1_33_5042,Lymphoid-T
c_1_33_5043,Lymphoid-T
c_1_33_5044,Lymphoid-T
c_1_33_5045,Lymphoid-T
c_1_33_5046,Lymphoid-T
c_1_33_5047,Lymphoid-T
c_1_33_5048,Lymphoid-T
c_1_33_5049,Lymphoid-Other
c_1_33_5050,Lymphoid-T
c_1_33_5051,Lymphoid-T
c_1_33_5052,Lymphoid-Other
c_1_33_5053,None
c_1_33_5054,Lymphoid-T
c_1_33_5055,Lymphoid-DC
c_1_33_5056,Lymphoid-T
c_1_33_5057,Lymphoid-T
c_1_33_5058,Lymphoid-Other
c_1_33_5059,Lymphoid-T
c_1_33_5060,Lymphoid-Other
c_1_33_5061,Lymphoid-Other
c_1_33_5062,Lymphoid-T
c_1_33_5063,Lymphoid-T
c_1_33_5064,Lymphoid-Other
c_1_33_5065,Lymphoid-Other
c_1_33_5066,Lymphoid-DC
c_1_33_5067,Lymphoid-DC
c_1_33_5068,Lymphoid-Other
c_1_33_5069,Lymphoid-T
c_1_33_5070,Lymphoid-T
c_1_33_5071,Lymphoid-T
c_1_33_5072,Lymphoid-Other
c_1_33_5073,Lymphoid-T
c_1_33_5074,Lymphoid-T
c_1_33_5075,Lymphoid-Other
c_1_33_5076,Lymphoid-T
c_1_33_5077,Lymphoid-T
c_1_33_5078,Lymphoid-Other
c_1_33_5079,Lymphoid-Other
c_1_33_5080,Lymphoid-DC
c_1_33_5081,Lymphoid-Other
c_1_33_5082,Lymphoid-T
c_1_33_5083,Lymphoid-T
c_1_33_5084,Lymphoid-T
c_1_33_5085,Lymphoid-T
c_1_33_5086,Lymphoid-T
c_1_33_5087,Lymphoid-Other
c_1_33_5088,Lymphoid-Other
c_1_33_5089,Lymphoid-Other
c_1_33_5090,Lymphoid-T
c_1_33_5091,Lymphoid-Other
c_1_33_5092,Myeloid
c_1_33_5093,Lymphoid-Other
c_1_33_5094,Lymphoid-DC
c_1_33_5095,Lymphoid-Other
c_1_33_5096,Lymphoid-T
c_1_33_5097,Lymphoid-Other
c_1_33_5098,Lymphoid-T
c_1_33_5099,Lymphoid-T
c_1_33_5100,Lymphoid-DC
c_1_33_5101,Lymphoid-Other
c_1_33_5102,Lymphoid-Other
c_1_33_5103,Lymphoid-Other
c_1_33_5104,Lymphoid-T
c_1_33_5105,Lymphoid-Plasma
c_1_33_5106,Lymphoid-T
c_1_33_5107,Lymphoid-T
c_1_33_5108,Lymphoid-DC
c_1_33_5109,Lymphoid-T
c_1_33_5110,Lymphoid-T
c_1_33_5111,Lymphoid-T
c_1_33_5112,Lymphoid-Plasma
c_1_33_5113,Lymphoid-T
c_1_33_5114,Lymphoid-T
c_1_33_5115,Lymphoid-DC
c_1_33_5116,Lymphoid-Other
c_1_33_5117,None
c_1_33_5118,Lymphoid-T
c_1_33_5119,Lymphoid-T
c_1_33_5120,Lymphoid-T
c_1_33_5121,Lymphoid-Other
c_1_33_5122,Lymphoid-Other
c_1_33_5123,Lymphoid-DC
c_1_33_5124,None
c_1_33_5125,Lymphoid-T
c_1_33_5126,Lymphoid-Other
c_1_33_5127,Lymphoid-T
c_1_33_5128,Lymphoid-T
c_1_33_5129,Lymphoid-T
c_1_33_5130,Lymphoid-T
c_1_33_5131,Lymphoid-T
c_1_33_5132,Lymphoid-DC
c_1_33_5133,Lymphoid-Other
c_1_33_5134,Lymphoid-T
c_1_33_5135,Lymphoid-T
c_1_33_5136,Lymphoid-T
c_1_33_5137,Myeloid
c_1_33_5138,Lymphoid-T
c_1_33_5139,Lymphoid-T
c_1_33_5140,Lymphoid-T
c_1_33_5141,Lymphoid-B
c_1_33_5142,Lymphoid-Other
c_1_33_5143,Lymphoid-DC
c_1_33_5144,Lymphoid-T
c_1_33_5145,Lymphoid-T
c_1_33_5146,Lymphoid-Other
c_1_33_5147,Mesenchymal-Stromal
c_1_33_5148,Lymphoid-T
c_1_33_5149,Lymphoid-DC
c_1_33_5150,Lymphoid-T
c_1_33_5151,Lymphoid-T
c_1_33_5152,Lymphoid-T
c_1_33_5153,Lymphoid-T
c_1_33_5154,Lymphoid-T
c_1_33_5155,Lymphoid-Other
c_1_33_5156,Lymphoid-B
c_1_33_5157,Lymphoid-T
c_1_33_5158,Lymphoid-B
c_1_33_5159,Lymphoid-T
c_1_33_5160,Lymphoid-Other
c_1_33_5161,Lymphoid-T
c_1_33_5162,Lymphoid-Other
c_1_33_5163,Lymphoid-Other
c_1_33_5164,Lymphoid-DC
c_1_33_5165,Lymphoid-T
c_1_33_5166,Lymphoid-T
c_1_33_5167,Lymphoid-T
c_1_33_5168,Lymphoid-T
c_1_33_5169,Lymphoid-T
c_1_33_5170,Lymphoid-Other
c_1_33_5171,Lymphoid-T
c_1_33_5172,Lymphoid-T
c_1_33_5173,Lymphoid-Other
c_1_33_5174,Lymphoid-T
c_1_33_5175,Lymphoid-T
c_1_33_5176,Lymphoid-DC
c_1_33_5177,Lymphoid-T
c_1_33_5178,Lymphoid-T
c_1_33_5179,Lymphoid-T
c_1_33_5180,Lymphoid-T
c_1_33_5181,Lymphoid-Other
c_1_33_5182,Lymphoid-T
c_1_33_5183,Lymphoid-T
c_1_33_5184,None
c_1_33_5185,Lymphoid-Other
c_1_33_5186,Lymphoid-Other
c_1_33_5187,Lymphoid-T
c_1_33_5188,Lymphoid-T
c_1_33_5189,Lymphoid-DC
c_1_33_5190,Lymphoid-T
c_1_33_5191,Lymphoid-T
c_1_33_5192,Lymphoid-T
c_1_33_5193,Lymphoid-Other
c_1_33_5194,Lymphoid-Other
c_1_33_5195,Lymphoid-T
c_1_33_5196,Lymphoid-T
c_1_33_5197,Lymphoid-T
c_1_33_5198,Lymphoid-Other
c_1_33_5199,Lymphoid-T
c_1_33_5200,Lymphoid-T
c_1_33_5201,Lymphoid-T
c_1_33_5202,Lymphoid-T
c_1_33_5203,Lymphoid-Other
c_1_33_5204,Lymphoid-T
c_1_33_5205,None
c_1_33_5206,Lymphoid-T
c_1_33_5207,Lymphoid-T
c_1_33_5208,Lymphoid-Other
c_1_33_5209,Lymphoid-Other
c_1_33_5210,Lymphoid-T
c_1_33_5211,Lymphoid-T
c_1_33_5212,Lymphoid-Other
c_1_33_5213,Lymphoid-T
c_1_33_5214,Lymphoid-Other
c_1_33_5215,Lymphoid-T
c_1_33_5216,Lymphoid-T
c_1_33_5217,Lymphoid-T
c_1_33_5218,Lymphoid-T
c_1_33_5219,Lymphoid-T
c_1_33_5220,Lymphoid-Other
c_1_33_5221,Lymphoid-T
c_1_33_5222,Lymphoid-T
c_1_33_5223,Myeloid
c_1_33_5224,Lymphoid-T
c_1_33_5225,Lymphoid-T
c_1_33_5226,Lymphoid-T
c_1_33_5227,Lymphoid-T
c_1_33_5228,Lymphoid-DC
c_1_33_5229,Lymphoid-Other
c_1_33_5230,Lymphoid-T
c_1_33_5231,Lymphoid-T
c_1_33_5232,Lymphoid-Other
c_1_33_5233,Lymphoid-Other
c_1_33_5234,Lymphoid-T
c_1_33_5235,Lymphoid-T
c_1_33_5236,Lymphoid-T
c_1_33_5237,Lymphoid-T
c_1_33_5238,Lymphoid-DC
c_1_33_5239,Lymphoid-T
c_1_33_5240,Lymphoid-T
c_1_33_5241,Lymphoid-T
c_1_33_5242,Lymphoid-T
c_1_33_5243,Lymphoid-DC
c_1_33_5244,Lymphoid-DC
c_1_33_5245,Lymphoid-T
c_1_33_5246,Lymphoid-T
c_1_33_5247,Lymphoid-T
c_1_33_5248,Lymphoid-T
c_1_33_5249,Lymphoid-T
c_1_33_5250,Lymphoid-T
c_1_33_5251,Lymphoid-T
c_1_33_5252,Lymphoid-DC
c_1_33_5253,Lymphoid-T
c_1_33_5254,Lymphoid-Other
c_1_33_5255,Lymphoid-Plasma
c_1_33_5256,Lymphoid-T
c_1_33_5257,Lymphoid-T
c_1_33_5258,Lymphoid-T
c_1_33_5259,Lymphoid-T
c_1_33_5260,Lymphoid-Other
c_1_33_5261,Lymphoid-T
c_1_33_5262,Lymphoid-Other
c_1_33_5263,Lymphoid-T
c_1_33_5264,Lymphoid-DC
c_1_33_5265,Lymphoid-Other
c_1_33_5266,Lymphoid-DC
c_1_33_5267,Lymphoid-T
c_1_33_5268,Lymphoid-T
c_1_33_5269,Lymphoid-Other
c_1_33_5270,Lymphoid-DC
c_1_33_5271,Lymphoid-T
c_1_33_5272,Lymphoid-T
c_1_33_5273,Lymphoid-T
c_1_33_5274,Lymphoid-DC
c_1_33_5275,None
c_1_33_5276,Lymphoid-T
c_1_33_5277,Lymphoid-T
c_1_33_5278,Lymphoid-T
c_1_33_5279,Lymphoid-Other
c_1_33_5280,Lymphoid-Other
c_1_33_5281,Lymphoid-DC
c_1_33_5282,Lymphoid-Other
c_1_33_5283,Lymphoid-DC
c_1_33_5284,Lymphoid-DC
c_1_33_5285,Lymphoid-T
c_1_33_5286,Lymphoid-Other
c_1_33_5287,Lymphoid-DC
c_1_33_5288,Lymphoid-Other
c_1_33_5289,Endothelial
c_1_33_5290,Lymphoid-T
c_1_33_5291,Lymphoid-T
c_1_33_5292,Lymphoid-T
c_1_33_5293,Lymphoid-T
c_1_33_5294,Lymphoid-DC
c_1_33_5295,Lymphoid-Other
c_1_33_5296,Lymphoid-Other
c_1_33_5297,Lymphoid-T
c_1_33_5298,Lymphoid-Other
c_1_33_5299,Lymphoid-Other
c_1_33_5300,Lymphoid-DC
c_1_33_5301,Lymphoid-DC
c_1_33_5302,Lymphoid-T
c_1_33_5303,Lymphoid-T
c_1_33_5304,Lymphoid-Other
c_1_33_5305,Lymphoid-T
c_1_33_5306,Lymphoid-DC
c_1_33_5307,Lymphoid-T
c_1_33_5308,Lymphoid-Other
c_1_33_5309,Lymphoid-T
c_1_33_5310,Lymphoid-T
c_1_33_5311,Lymphoid-Other
c_1_33_5312,Lymphoid-T
c_1_33_5313,Lymphoid-Other
c_1_33_5314,Lymphoid-T
c_1_33_5315,Lymphoid-T
c_1_33_5316,Lymphoid-Other
c_1_33_5317,Lymphoid-T
c_1_33_5318,Lymphoid-T
c_1_33_5319,Lymphoid-T
c_1_33_5320,Lymphoid-Other
c_1_33_5321,Lymphoid-Other
c_1_33_5322,Lymphoid-T
c_1_33_5323,Lymphoid-T
c_1_33_5324,Lymphoid-T
c_1_33_5325,Lymphoid-T
c_1_33_5326,Lymphoid-Other
c_1_33_5327,Lymphoid-DC
c_1_33_5328,Lymphoid-T
c_1_33_5329,Lymphoid-Other
c_1_33_5330,Lymphoid-T
c_1_33_5331,Lymphoid-Other
c_1_33_5332,Lymphoid-T
c_1_33_5333,Lymphoid-Other
c_1_33_5334,Lymphoid-Other
c_1_33_5335,Lymphoid-Other
c_1_33_5336,Lymphoid-T
c_1_33_5337,Endothelial
c_1_33_5338,Lymphoid-T
c_1_33_5339,Lymphoid-T
c_1_33_5340,Lymphoid-T
c_1_33_5341,Lymphoid-T
c_1_33_5342,Lymphoid-T
c_1_33_5343,Endothelial
c_1_33_5344,Lymphoid-T
c_1_33_5345,Lymphoid-Plasma
c_1_33_5346,None
c_1_33_5347,Lymphoid-T
c_1_33_5348,Lymphoid-T
c_1_33_5349,Lymphoid-T
c_1_33_5350,Lymphoid-T
c_1_33_5351,Lymphoid-B
c_1_33_5352,None
c_1_33_5353,Lymphoid-T
c_1_33_5354,Lymphoid-T
c_1_33_5355,Lymphoid-T
c_1_33_5356,Lymphoid-T
c_1_33_5357,Lymphoid-T
c_1_33_5358,Lymphoid-T
c_1_33_5359,Lymphoid-T
c_1_33_5360,Lymphoid-T
c_1_33_5361,Lymphoid-T
c_1_33_5362,Lymphoid-T
c_1_33_5363,Lymphoid-T
c_1_33_5364,Lymphoid-T
c_1_33_5365,Lymphoid-T
c_1_33_5366,None
c_1_33_5367,Lymphoid-T
c_1_33_5368,Lymphoid-T
c_1_33_5369,Lymphoid-Other
c_1_33_5370,Lymphoid-T
c_1_33_5371,Lymphoid-T
c_1_33_5372,Lymphoid-T
c_1_33_5373,Lymphoid-Other
c_1_33_5374,Lymphoid-T
c_1_33_5375,Lymphoid-Other
c_1_33_5376,Lymphoid-T
c_1_33_5377,Lymphoid-T
c_1_33_5378,Lymphoid-T
c_1_33_5379,Lymphoid-T
c_1_33_5380,Lymphoid-T
c_1_33_5381,Lymphoid-Other
c_1_33_5382,Lymphoid-T
c_1_33_5383,Lymphoid-Other
c_1_33_5384,Lymphoid-T
c_1_33_5385,Lymphoid-T
c_1_33_5386,Lymphoid-T
c_1_33_5387,Lymphoid-T
c_1_33_5388,Lymphoid-Other
c_1_33_5389,Myeloid
c_1_33_5390,Lymphoid-T
c_1_33_5391,Lymphoid-T
c_1_33_5392,Lymphoid-T
c_1_33_5393,Lymphoid-T
c_1_33_5394,Lymphoid-B
c_1_33_5395,None
c_1_33_5396,Lymphoid-Plasma
c_1_33_5397,Lymphoid-T
c_1_33_5398,Lymphoid-T
c_1_33_5399,Lymphoid-T
c_1_33_5400,Lymphoid-T
c_1_33_5401,Myeloid
c_1_33_5402,Lymphoid-DC
c_1_33_5403,Lymphoid-T
c_1_33_5404,Lymphoid-T
c_1_33_5405,Lymphoid-Other
c_1_33_5406,Lymphoid-T
c_1_33_5407,Lymphoid-T
c_1_33_5408,Lymphoid-T
c_1_33_5409,Lymphoid-Other
c_1_33_5410,Lymphoid-T
c_1_33_5411,Lymphoid-T
c_1_33_5412,Lymphoid-T
c_1_33_5413,Lymphoid-T
c_1_33_5414,Lymphoid-Other
c_1_33_5415,Lymphoid-T
c_1_33_5416,Lymphoid-DC
c_1_33_5417,Lymphoid-T
c_1_33_5418,Lymphoid-T
c_1_33_5419,Lymphoid-T
c_1_33_5420,Lymphoid-T
c_1_33_5421,Lymphoid-T
c_1_33_5422,Lymphoid-T
c_1_33_5423,Lymphoid-T
c_1_33_5424,Lymphoid-T
c_1_33_5425,Lymphoid-T
c_1_33_5426,Lymphoid-Other
c_1_33_5427,Lymphoid-T
c_1_33_5428,Lymphoid-T
c_1_33_5429,Lymphoid-T
c_1_33_5430,Lymphoid-T
c_1_33_5431,Lymphoid-Other
c_1_33_5432,Lymphoid-Other
c_1_33_5433,Lymphoid-T
c_1_33_5434,Lymphoid-Other
c_1_33_5435,Lymphoid-DC
c_1_33_5436,Lymphoid-T
c_1_33_5437,Lymphoid-Other
c_1_33_5438,Lymphoid-T
c_1_33_5439,Lymphoid-T
c_1_33_5440,Lymphoid-Other
c_1_33_5441,Lymphoid-T
c_1_33_5442,Lymphoid-T
c_1_33_5443,Lymphoid-Other
c_1_33_5444,Lymphoid-Other
c_1_33_5445,Lymphoid-Other
c_1_33_5446,Lymphoid-Other
c_1_33_5447,Lymphoid-T
c_1_33_5448,Lymphoid-T
c_1_33_5449,Lymphoid-T
c_1_33_5450,Lymphoid-T
c_1_33_5451,Lymphoid-T
c_1_33_5452,None
c_1_33_5453,Lymphoid-T
c_1_33_5454,Lymphoid-T
c_1_33_5455,Lymphoid-Other
c_1_33_5456,Lymphoid-T
c_1_33_5457,Lymphoid-T
c_1_33_5458,Lymphoid-Other
c_1_33_5459,Lymphoid-T
c_1_33_5460,Lymphoid-T
c_1_33_5461,Lymphoid-T
c_1_33_5462,Lymphoid-T
c_1_33_5463,Lymphoid-Other
c_1_33_5464,Lymphoid-Other
c_1_33_5465,Lymphoid-Other
c_1_33_5466,Lymphoid-Other
c_1_33_5467,Lymphoid-Other
c_1_33_5468,Lymphoid-T
c_1_33_5469,Lymphoid-T
c_1_33_5470,Lymphoid-T
c_1_33_5471,Lymphoid-Other
c_1_33_5472,Lymphoid-T
c_1_33_5473,Lymphoid-Other
c_1_33_5474,Lymphoid-Other
c_1_33_5475,None
c_1_33_5476,Lymphoid-T
c_1_33_5477,Lymphoid-Other
c_1_33_5478,Lymphoid-Other
c_1_33_5479,Lymphoid-T
c_1_33_5480,Lymphoid-DC
c_1_33_5481,Lymphoid-T
c_1_33_5482,Lymphoid-Other
c_1_33_5483,Lymphoid-Other
c_1_33_5484,Lymphoid-T
c_1_33_5485,Lymphoid-T
c_1_33_5486,Lymphoid-T
c_1_33_5487,Lymphoid-T
c_1_33_5488,Lymphoid-DC
c_1_33_5489,Lymphoid-T
c_1_33_5490,Lymphoid-T
c_1_33_5491,Myeloid
c_1_33_5492,Lymphoid-T
c_1_33_5493,Lymphoid-T
c_1_33_5494,Lymphoid-Other
c_1_33_5495,Lymphoid-Other
c_1_33_5496,Lymphoid-Plasma
c_1_33_5497,Lymphoid-T
c_1_33_5498,Lymphoid-Other
c_1_33_5499,Lymphoid-T
c_1_33_5500,Lymphoid-Other
c_1_33_5501,None
c_1_33_5502,Lymphoid-T
c_1_33_5503,None
c_1_33_5504,Lymphoid-Other
c_1_33_5505,Lymphoid-Other
c_1_33_5506,Lymphoid-T
c_1_33_5507,Lymphoid-T
c_1_33_5508,Lymphoid-T
c_1_33_5509,Lymphoid-Other
c_1_33_5510,Endothelial
c_1_33_5511,Lymphoid-T
c_1_33_5512,Lymphoid-T
c_1_33_5513,Lymphoid-Other
c_1_33_5514,Lymphoid-Other
c_1_33_5515,Lymphoid-Other
c_1_33_5516,Lymphoid-Other
c_1_33_5517,Lymphoid-Other
c_1_33_5518,Lymphoid-T
c_1_33_5519,Lymphoid-T
c_1_33_5520,Lymphoid-DC
c_1_33_5521,Lymphoid-T
c_1_33_5522,Lymphoid-T
c_1_33_5523,Lymphoid-T
c_1_33_5524,Lymphoid-T
c_1_33_5525,Lymphoid-Other
c_1_33_5526,Lymphoid-T
c_1_33_5527,Lymphoid-T
c_1_33_5528,Lymphoid-Other
c_1_33_5529,Lymphoid-Other
c_1_33_5530,Lymphoid-T
c_1_33_5531,Lymphoid-T
c_1_33_5532,Lymphoid-Other
c_1_33_5533,Lymphoid-T
c_1_33_5534,Lymphoid-T
c_1_33_5535,Lymphoid-T
c_1_33_5536,Lymphoid-T
c_1_33_5537,Lymphoid-T
c_1_33_5538,Lymphoid-T
c_1_33_5539,Lymphoid-T
c_1_33_5540,Lymphoid-T
c_1_33_5541,Lymphoid-Other
c_1_33_5542,Lymphoid-T
c_1_33_5543,Lymphoid-T
c_1_33_5544,Lymphoid-T
c_1_33_5545,Lymphoid-T
c_1_33_5546,Lymphoid-T
c_1_33_5547,Lymphoid-Other
c_1_33_5548,Lymphoid-Other
c_1_33_5549,Lymphoid-Other
c_1_33_5550,Lymphoid-T
c_1_33_5551,Lymphoid-Plasma
c_1_33_5552,Lymphoid-T
c_1_33_5553,Lymphoid-Other
c_1_33_5554,Lymphoid-T
c_1_33_5555,Lymphoid-T
c_1_33_5556,None
c_1_33_5557,Lymphoid-Other
c_1_33_5558,Lymphoid-T
c_1_33_5559,Lymphoid-T
c_1_33_5560,Lymphoid-Other
c_1_33_5561,Lymphoid-Plasma
c_1_33_5562,Myeloid
c_1_33_5563,Lymphoid-T
c_1_33_5564,Lymphoid-Other
c_1_33_5565,Lymphoid-T
c_1_33_5566,Lymphoid-Other
c_1_33_5567,Endothelial
c_1_33_5568,Lymphoid-Plasma
c_1_33_5569,Lymphoid-Other
c_1_33_5570,Lymphoid-Other
c_1_33_5571,Lymphoid-B
c_1_33_5572,Lymphoid-T
c_1_33_5573,Lymphoid-T
c_1_33_5574,Lymphoid-Plasma
c_1_33_5575,Lymphoid-Other
c_1_33_5576,Lymphoid-T
c_1_33_5577,Lymphoid-DC
c_1_33_5578,Lymphoid-T
c_1_33_5579,Lymphoid-Other
c_1_33_5580,Lymphoid-T
c_1_33_5581,Lymphoid-Other
c_1_33_5582,Lymphoid-T
c_1_33_5583,Lymphoid-Other
c_1_33_5584,Lymphoid-T
c_1_33_5585,None
c_1_33_5586,Lymphoid-Other
c_1_33_5587,Lymphoid-Other
c_1_33_5588,Lymphoid-Other
c_1_33_5589,Lymphoid-Plasma
c_1_33_5590,None
c_1_33_5591,Lymphoid-T
c_1_33_5592,Lymphoid-T
c_1_33_5593,Lymphoid-Plasma
c_1_33_5594,Lymphoid-T
c_1_33_5595,Lymphoid-T
c_1_33_5596,Lymphoid-Plasma
c_1_33_5597,Lymphoid-T
c_1_33_5598,Lymphoid-T
c_1_33_5599,Lymphoid-T
c_1_33_5600,Lymphoid-Plasma
c_1_33_5601,Lymphoid-Other
c_1_33_5602,Lymphoid-Plasma
c_1_33_5603,Myeloid
c_1_33_5604,Lymphoid-T
c_1_33_5605,Lymphoid-T
c_1_33_5606,Endothelial
c_1_33_5607,Lymphoid-Other
c_1_33_5608,Lymphoid-Other
c_1_33_5609,Lymphoid-Other
c_1_33_5610,Lymphoid-T
c_1_33_5611,Lymphoid-T
c_1_33_5612,Endothelial
c_1_33_5613,Lymphoid-T
c_1_33_5614,Lymphoid-Other
c_1_33_5615,Lymphoid-T
c_1_33_5616,Lymphoid-T
c_1_33_5617,Lymphoid-Other
c_1_33_5618,Lymphoid-Other
c_1_33_5619,Lymphoid-DC
c_1_33_5620,Lymphoid-T
c_1_33_5621,Lymphoid-Plasma
c_1_33_5622,Lymphoid-T
c_1_33_5623,Lymphoid-DC
c_1_33_5624,Lymphoid-Other
c_1_33_5625,Lymphoid-T
c_1_33_5626,Lymphoid-Other
c_1_33_5627,Lymphoid-T
c_1_33_5628,Lymphoid-T
c_1_33_5629,Lymphoid-Plasma
c_1_33_5630,Lymphoid-T
c_1_33_5631,Lymphoid-T
c_1_33_5632,Lymphoid-Other
c_1_33_5633,Lymphoid-Other
c_1_33_5634,Lymphoid-T
c_1_33_5635,Lymphoid-DC
c_1_33_5636,Myeloid
c_1_33_5637,Lymphoid-Other
c_1_33_5638,Lymphoid-B
c_1_33_5639,Lymphoid-T
c_1_33_5640,Lymphoid-T
c_1_33_5641,Lymphoid-Other
c_1_33_5642,Lymphoid-Other
c_1_33_5643,Lymphoid-Other
c_1_33_5644,Lymphoid-T
c_1_33_5645,Lymphoid-T
c_1_33_5646,Lymphoid-Plasma
c_1_33_5647,Lymphoid-DC
c_1_33_5648,Lymphoid-T
c_1_33_5649,Lymphoid-T
c_1_33_5650,Lymphoid-T
c_1_33_5651,Lymphoid-T
c_1_33_5652,Lymphoid-T
c_1_33_5653,Lymphoid-Other
c_1_33_5654,Lymphoid-T
c_1_33_5655,Lymphoid-Other
c_1_33_5656,Lymphoid-Other
c_1_33_5657,Lymphoid-Other
c_1_33_5658,Lymphoid-Plasma
c_1_33_5659,Lymphoid-Other
c_1_33_5660,Lymphoid-Other
c_1_33_5661,Lymphoid-T
c_1_33_5662,Lymphoid-Other
c_1_33_5663,Lymphoid-Plasma
c_1_33_5664,Lymphoid-Other
c_1_33_5665,Lymphoid-T
c_1_33_5666,Endothelial
c_1_33_5667,Lymphoid-Other
c_1_33_5668,Lymphoid-T
c_1_33_5669,None
c_1_33_5670,Lymphoid-T
c_1_33_5671,Lymphoid-Other
c_1_33_5672,Lymphoid-T
c_1_33_5673,Lymphoid-T
c_1_33_5674,Lymphoid-Other
c_1_33_5675,Lymphoid-T
c_1_33_5676,Lymphoid-T
c_1_33_5677,Lymphoid-T
c_1_33_5678,Lymphoid-T
c_1_33_5679,Lymphoid-T
c_1_33_5680,Lymphoid-Other
c_1_33_5681,Lymphoid-Other
c_1_33_5682,Lymphoid-T
c_1_33_5683,Lymphoid-DC
c_1_33_5684,Lymphoid-Other
c_1_33_5685,Lymphoid-T
c_1_33_5686,Lymphoid-T
c_1_33_5687,Lymphoid-Other
c_1_33_5688,Lymphoid-T
c_1_33_5689,Lymphoid-Other
c_1_33_5690,Lymphoid-T
c_1_33_5691,Lymphoid-Other
c_1_33_5692,Lymphoid-T
c_1_33_5693,Lymphoid-T
c_1_33_5694,Lymphoid-T
c_1_33_5695,Lymphoid-T
c_1_33_5696,Lymphoid-Plasma
c_1_33_5697,Lymphoid-Other
c_1_33_5698,None
c_1_33_5699,Lymphoid-T
c_1_33_5700,Lymphoid-Other
c_1_33_5701,Lymphoid-T
c_1_33_5702,None
c_1_33_5703,Lymphoid-T
c_1_33_5704,Lymphoid-Other
c_1_33_5705,Lymphoid-Other
c_1_33_5706,Endothelial
c_1_33_5707,Lymphoid-T
c_1_33_5708,Lymphoid-T
c_1_33_5709,Lymphoid-T
c_1_33_5710,Lymphoid-T
c_1_33_5711,Lymphoid-T
c_1_33_5712,Lymphoid-Other
c_1_33_5713,Lymphoid-T
c_1_33_5714,Lymphoid-T
c_1_33_5715,Lymphoid-T
c_1_33_5716,Lymphoid-T
c_1_33_5717,Lymphoid-Other
c_1_33_5718,Lymphoid-Other
c_1_33_5719,None
c_1_33_5720,None
c_1_33_5721,Lymphoid-T
c_1_33_5722,Lymphoid-DC
c_1_33_5723,Lymphoid-Other
c_1_33_5724,Lymphoid-Other
c_1_33_5725,Lymphoid-T
c_1_33_5726,Lymphoid-T
c_1_33_5727,Lymphoid-T
c_1_33_5728,Myeloid
c_1_33_5729,None
c_1_33_5730,Lymphoid-T
c_1_33_5731,Lymphoid-Plasma
c_1_33_5732,Lymphoid-DC
c_1_33_5733,Lymphoid-Other
c_1_33_5734,Lymphoid-T
c_1_33_5735,Lymphoid-Other
c_1_33_5736,Lymphoid-Other
c_1_33_5737,Lymphoid-T
c_1_33_5738,Endothelial
c_1_33_5739,Lymphoid-T
c_1_33_5740,Lymphoid-Other
c_1_33_5741,Lymphoid-T
c_1_33_5742,Lymphoid-Other
c_1_33_5743,Lymphoid-T
c_1_33_5744,Lymphoid-T
c_1_33_5745,Lymphoid-DC
c_1_33_5746,Lymphoid-Plasma
c_1_33_5747,Lymphoid-T
c_1_33_5748,Lymphoid-T
c_1_33_5749,Lymphoid-T
c_1_33_5750,Lymphoid-T
c_1_33_5751,Lymphoid-Plasma
c_1_33_5752,Lymphoid-DC
c_1_33_5753,Lymphoid-B
c_1_33_5754,Lymphoid-T
c_1_33_5755,Lymphoid-T
c_1_33_5756,Lymphoid-DC
c_1_33_5757,Lymphoid-Other
c_1_33_5758,Lymphoid-DC
c_1_33_5759,Lymphoid-T
c_1_33_5760,Lymphoid-Other
c_1_33_5761,Lymphoid-B
c_1_33_5762,Lymphoid-B
c_1_33_5763,Lymphoid-Other
c_1_33_5764,Myeloid
c_1_33_5765,Lymphoid-T
c_1_33_5766,Lymphoid-T
c_1_33_5767,Lymphoid-T
c_1_33_5768,Lymphoid-T
c_1_33_5769,Lymphoid-DC
c_1_33_5770,Lymphoid-Other
c_1_33_5771,None
c_1_33_5772,Lymphoid-T
c_1_33_5773,Lymphoid-Other
c_1_33_5774,Lymphoid-Other
c_1_33_5775,Lymphoid-T
c_1_33_5776,Lymphoid-T
c_1_33_5777,Lymphoid-Other
c_1_33_5778,Lymphoid-T
c_1_33_5779,Lymphoid-T
c_1_33_5780,Lymphoid-T
c_1_33_5781,Lymphoid-T
c_1_33_5782,Lymphoid-T
c_1_33_5783,Endothelial
c_1_33_5784,Lymphoid-T
c_1_33_5785,Lymphoid-Other
c_1_33_5786,Endothelial
c_1_33_5787,Lymphoid-T
c_1_33_5788,Lymphoid-T
c_1_33_5789,Lymphoid-T
c_1_33_5790,Lymphoid-T
c_1_33_5791,Lymphoid-T
c_1_33_5792,Lymphoid-B
c_1_33_5793,Lymphoid-Other
c_1_33_5794,Lymphoid-T
c_1_33_5795,Lymphoid-Other
c_1_33_5796,Lymphoid-Other
c_1_33_5797,Lymphoid-T
c_1_33_5798,Lymphoid-Other
c_1_33_5799,Lymphoid-T
c_1_33_5800,Myeloid
c_1_33_5801,Lymphoid-T
c_1_33_5802,Lymphoid-T
c_1_33_5803,Lymphoid-T
c_1_33_5804,Lymphoid-T
c_1_33_5805,Lymphoid-B
c_1_33_5806,Lymphoid-Other
c_1_33_5807,Lymphoid-Other
c_1_33_5808,Lymphoid-T
c_1_33_5809,Lymphoid-T
c_1_33_5810,Lymphoid-T
c_1_33_5811,Lymphoid-T
c_1_33_5812,Lymphoid-Other
c_1_33_5813,Lymphoid-T
c_1_33_5814,Lymphoid-Other
c_1_33_5815,Lymphoid-Other
c_1_33_5816,Lymphoid-T
c_1_33_5817,Lymphoid-T
c_1_33_5818,Lymphoid-T
c_1_33_5819,Lymphoid-Other
c_1_33_5820,Lymphoid-T
c_1_33_5821,Lymphoid-Other
c_1_33_5822,Lymphoid-T
c_1_33_5823,Lymphoid-T
c_1_33_5824,Myeloid
c_1_33_5825,Lymphoid-T
c_1_33_5826,Lymphoid-Other
c_1_33_5827,Lymphoid-T
c_1_33_5828,Lymphoid-B
c_1_33_5829,Lymphoid-DC
c_1_33_5830,Lymphoid-Other
c_1_33_5831,Lymphoid-DC
c_1_33_5832,Lymphoid-T
c_1_33_5833,Lymphoid-DC
c_1_33_5834,Lymphoid-T
c_1_33_5835,Lymphoid-Other
c_1_33_5836,Lymphoid-T
c_1_33_5837,Lymphoid-Other
c_1_33_5838,Lymphoid-T
c_1_33_5839,Lymphoid-T
c_1_33_5840,Lymphoid-DC
c_1_33_5841,Lymphoid-Plasma
c_1_33_5842,Lymphoid-T
c_1_33_5843,Lymphoid-T
c_1_33_5844,Lymphoid-Other
c_1_33_5845,Lymphoid-Other
c_1_33_5846,Lymphoid-T
c_1_33_5847,Lymphoid-T
c_1_33_5848,Lymphoid-T
c_1_33_5849,Lymphoid-T
c_1_33_5850,Lymphoid-T
c_1_33_5851,Lymphoid-T
c_1_33_5852,Lymphoid-T
c_1_33_5853,Endothelial
c_1_33_5854,Lymphoid-T
c_1_33_5855,Lymphoid-DC
c_1_33_5856,Lymphoid-T
c_1_33_5857,Lymphoid-T
c_1_33_5858,None
c_1_33_5859,Lymphoid-Other
c_1_33_5860,Lymphoid-T
c_1_33_5861,Lymphoid-T
c_1_33_5862,Lymphoid-Plasma
c_1_33_5863,Lymphoid-DC
c_1_33_5864,Lymphoid-T
c_1_33_5865,None
c_1_33_5866,Lymphoid-T
c_1_33_5867,Lymphoid-T
c_1_33_5868,Lymphoid-T
c_1_33_5869,Lymphoid-T
c_1_33_5870,Lymphoid-T
c_1_33_5871,Lymphoid-T
c_1_33_5872,Lymphoid-T
c_1_33_5873,None
c_1_33_5874,Lymphoid-T
c_1_33_5875,Lymphoid-T
c_1_33_5876,Lymphoid-T
c_1_33_5877,Lymphoid-T
c_1_33_5878,Lymphoid-T
c_1_33_5879,Lymphoid-Other
c_1_33_5880,Myeloid
c_1_33_5881,Lymphoid-T
c_1_33_5882,Lymphoid-T
c_1_33_5883,Lymphoid-Other
c_1_33_5884,Lymphoid-T
c_1_33_5885,Lymphoid-T
c_1_33_5886,Lymphoid-T
c_1_33_5887,Lymphoid-T
c_1_33_5888,Lymphoid-T
c_1_33_5889,Lymphoid-T
c_1_33_5890,Lymphoid-Other
c_1_33_5891,Lymphoid-Other
c_1_33_5892,Lymphoid-T
c_1_33_5893,Lymphoid-T
c_1_33_5894,Lymphoid-T
c_1_33_5895,Lymphoid-T
c_1_33_5896,Lymphoid-Other
c_1_33_5897,Lymphoid-T
c_1_33_5898,Lymphoid-Other
c_1_33_5899,Lymphoid-Other
c_1_33_5900,Lymphoid-T
c_1_33_5901,Lymphoid-T
c_1_33_5902,Lymphoid-T
c_1_33_5903,Myeloid
c_1_33_5904,Lymphoid-T
c_1_33_5905,Lymphoid-T
c_1_33_5906,Lymphoid-T
c_1_33_5907,Lymphoid-T
c_1_33_5908,Lymphoid-DC
c_1_33_5909,Lymphoid-T
c_1_33_5910,Lymphoid-Other
c_1_33_5911,Lymphoid-B
c_1_33_5912,Lymphoid-T
c_1_33_5913,None
c_1_33_5914,None
c_1_33_5915,Lymphoid-T
c_1_33_5916,Lymphoid-T
c_1_33_5917,Lymphoid-Other
c_1_33_5918,Lymphoid-Other
c_1_33_5919,None
c_1_33_5920,None
c_1_33_5921,Lymphoid-T
c_1_33_5922,Lymphoid-T
c_1_33_5923,Lymphoid-Plasma
c_1_33_5924,Lymphoid-Other
c_1_33_5925,Lymphoid-T
c_1_33_5926,Lymphoid-T
c_1_33_5927,Lymphoid-T
c_1_33_5928,Lymphoid-DC
c_1_33_5929,Lymphoid-T
c_1_33_5930,Lymphoid-DC
c_1_33_5931,Lymphoid-T
c_1_33_5932,None
c_1_33_5933,Lymphoid-T
c_1_33_5934,Lymphoid-T
c_1_33_5935,Lymphoid-Other
c_1_33_5936,Lymphoid-T
c_1_33_5937,Lymphoid-T
c_1_33_5938,None
c_1_33_5939,Lymphoid-T
c_1_33_5940,Lymphoid-Other
c_1_33_5941,Lymphoid-Plasma
c_1_33_5942,Lymphoid-T
c_1_33_5943,Lymphoid-T
c_1_33_5944,Lymphoid-T
c_1_33_5945,Lymphoid-T
c_1_33_5946,Lymphoid-Other
c_1_33_5947,Lymphoid-T
c_1_33_5948,Lymphoid-Other
c_1_33_5949,Lymphoid-T
c_1_33_5950,Lymphoid-T
c_1_33_5951,Myeloid
c_1_33_5952,Lymphoid-T
c_1_33_5953,Lymphoid-T
c_1_33_5954,Lymphoid-T
c_1_33_5955,Lymphoid-Other
c_1_33_5956,None
c_1_33_5957,Lymphoid-T
c_1_33_5958,Lymphoid-T
c_1_33_5959,Lymphoid-Other
c_1_33_5960,Lymphoid-Other
c_1_33_5961,Lymphoid-Other
c_1_33_5962,Lymphoid-T
c_1_33_5963,None
c_1_33_5964,Lymphoid-T
c_1_33_5965,Lymphoid-Other
c_1_33_5966,Lymphoid-T
c_1_33_5967,Lymphoid-T
c_1_33_5968,Lymphoid-Other
c_1_33_5969,None
c_1_33_5970,Lymphoid-T
c_1_33_5971,Lymphoid-T
c_1_33_5972,Lymphoid-DC
c_1_33_5973,Lymphoid-DC
c_1_33_5974,Lymphoid-Other
c_1_33_5975,Lymphoid-T
c_1_33_5976,Lymphoid-Other
c_1_33_5977,Lymphoid-T
c_1_33_5978,Lymphoid-T
c_1_33_5979,Endothelial
c_1_33_5980,Lymphoid-T
c_1_33_5981,Lymphoid-Other
c_1_33_5982,Lymphoid-T
c_1_33_5983,Lymphoid-T
c_1_33_5984,Lymphoid-DC
c_1_33_5985,Lymphoid-T
c_1_33_5986,Lymphoid-DC
c_1_33_5987,Lymphoid-T
c_1_33_5988,Lymphoid-Other
c_1_33_5989,Lymphoid-T
c_1_33_5990,Lymphoid-T
c_1_33_5991,Lymphoid-Other
c_1_33_5992,Lymphoid-T
c_1_33_5993,Lymphoid-Other
c_1_33_5994,Lymphoid-T
c_1_33_5995,Lymphoid-T
c_1_33_5996,Lymphoid-DC
c_1_33_5997,Lymphoid-T
c_1_33_5998,Lymphoid-T
c_1_33_5999,Lymphoid-T
c_1_33_6000,Lymphoid-T
c_1_33_6001,Lymphoid-T
c_1_33_6002,Lymphoid-T
c_1_33_6003,Lymphoid-T
c_1_33_6004,Myeloid
c_1_33_6005,Lymphoid-DC
c_1_33_6006,Lymphoid-Other
c_1_33_6007,Lymphoid-T
c_1_33_6008,Lymphoid-T
c_1_33_6009,Lymphoid-T
c_1_33_6010,Lymphoid-B
c_1_33_6011,Lymphoid-T
c_1_33_6012,Lymphoid-Other
c_1_33_6013,None
c_1_33_6014,Lymphoid-T
c_1_33_6015,Lymphoid-Other
c_1_33_6016,Lymphoid-B
c_1_33_6017,Lymphoid-T
c_1_33_6018,Lymphoid-T
c_1_33_6019,Lymphoid-T
c_1_33_6020,Lymphoid-T
c_1_33_6021,Endothelial
c_1_33_6022,Lymphoid-T
c_1_33_6023,Endothelial
c_1_33_6024,Lymphoid-B
c_1_33_6025,Lymphoid-T
c_1_33_6026,Lymphoid-T
c_1_33_6027,Lymphoid-DC
c_1_33_6028,Lymphoid-T
c_1_33_6029,Lymphoid-B
c_1_33_6030,Lymphoid-T
c_1_33_6031,Endothelial
c_1_33_6032,Lymphoid-B
c_1_33_6033,Lymphoid-T
c_1_33_6034,Lymphoid-T
c_1_33_6035,None
c_1_33_6036,Lymphoid-T
c_1_33_6037,Lymphoid-T
c_1_33_6038,Lymphoid-T
c_1_33_6039,Lymphoid-T
c_1_33_6040,Lymphoid-B
c_1_33_6041,Lymphoid-DC
c_1_33_6042,Lymphoid-Plasma
c_1_33_6043,Lymphoid-T
c_1_33_6044,Lymphoid-Plasma
c_1_33_6045,Lymphoid-Other
c_1_33_6046,Lymphoid-T
c_1_33_6047,Lymphoid-T
c_1_33_6048,Lymphoid-Plasma
c_1_33_6049,Lymphoid-Other
c_1_33_6050,Lymphoid-Other
c_1_33_6051,Erythroid
c_1_33_6052,Lymphoid-T
c_1_33_6053,Lymphoid-T
c_1_33_6054,Lymphoid-T
c_1_33_6055,Lymphoid-T
c_1_33_6056,Lymphoid-T
c_1_33_6057,Lymphoid-T
c_1_33_6058,Lymphoid-DC
c_1_33_6059,Lymphoid-T
c_1_33_6060,Lymphoid-Other
c_1_33_6061,Lymphoid-T
c_1_33_6062,None
c_1_33_6063,Lymphoid-B
c_1_33_6064,Lymphoid-T
c_1_33_6065,Lymphoid-T
c_1_33_6066,Lymphoid-T
c_1_33_6067,Lymphoid-Other
c_1_33_6068,Lymphoid-T
c_1_33_6069,Lymphoid-DC
c_1_33_6070,Lymphoid-T
c_1_33_6071,Lymphoid-T
c_1_33_6072,Lymphoid-T
c_1_33_6073,Lymphoid-T
c_1_33_6074,Lymphoid-T
c_1_33_6075,Lymphoid-T
c_1_33_6076,Lymphoid-T
c_1_33_6077,Lymphoid-T
c_1_33_6078,Lymphoid-Other
c_1_33_6079,Lymphoid-T
c_1_33_6080,None
c_1_33_6081,Lymphoid-T
c_1_33_6082,Lymphoid-Plasma
c_1_33_6083,Lymphoid-Other
c_1_33_6084,Lymphoid-T
c_1_33_6085,Lymphoid-T
c_1_33_6086,Lymphoid-Other
c_1_33_6087,Lymphoid-T
c_1_33_6088,Lymphoid-T
c_1_33_6089,Lymphoid-Other
c_1_33_6090,Lymphoid-Other
c_1_33_6091,Myeloid
c_1_33_6092,Lymphoid-T
c_1_33_6093,Lymphoid-T
c_1_33_6094,Lymphoid-T
c_1_33_6095,Lymphoid-T
c_1_33_6096,Lymphoid-Other
c_1_33_6097,Lymphoid-B
c_1_33_6098,Lymphoid-T
c_1_33_6099,Lymphoid-T
c_1_33_6100,Lymphoid-Other
c_1_33_6101,Lymphoid-DC
c_1_33_6102,Lymphoid-T
c_1_33_6103,Lymphoid-T
c_1_33_6104,Lymphoid-T
c_1_33_6105,Lymphoid-B
c_1_33_6106,Lymphoid-T
c_1_33_6107,Lymphoid-DC
c_1_33_6108,Lymphoid-DC
c_1_33_6109,Lymphoid-B
c_1_33_6110,Lymphoid-T
c_1_33_6111,Lymphoid-T
c_1_33_6112,Lymphoid-T
c_1_33_6113,Lymphoid-T
c_1_33_6114,Lymphoid-T
c_1_33_6115,Lymphoid-T
c_1_33_6116,Lymphoid-T
c_1_33_6117,Lymphoid-T
c_1_33_6118,Lymphoid-T
c_1_33_6119,Lymphoid-T
c_1_33_6120,Lymphoid-T
c_1_33_6121,Lymphoid-T
c_1_33_6122,Lymphoid-Other
c_1_33_6123,Lymphoid-T
c_1_33_6124,Lymphoid-T
c_1_33_6125,Lymphoid-Other
c_1_33_6126,Lymphoid-T
c_1_33_6127,Lymphoid-Other
c_1_33_6128,Lymphoid-DC
c_1_33_6129,Lymphoid-Other
c_1_33_6130,Lymphoid-T
c_1_33_6131,Lymphoid-T
c_1_33_6132,Endothelial
c_1_33_6133,None
c_1_33_6134,Lymphoid-Other
c_1_33_6135,Lymphoid-T
c_1_33_6136,Lymphoid-T
c_1_33_6137,Lymphoid-T
c_1_33_6138,Lymphoid-B
c_1_33_6139,Lymphoid-T
c_1_33_6140,Lymphoid-T
c_1_33_6141,Myeloid
c_1_33_6142,Lymphoid-T
c_1_33_6143,Lymphoid-T
c_1_33_6144,Lymphoid-T
c_1_33_6145,Lymphoid-T
c_1_33_6146,Lymphoid-T
c_1_33_6147,Lymphoid-T
c_1_33_6148,Lymphoid-DC
c_1_33_6149,Lymphoid-B
c_1_33_6150,Lymphoid-T
c_1_33_6151,Lymphoid-T
c_1_33_6152,Lymphoid-B
c_1_33_6153,None
c_1_33_6154,Lymphoid-T
c_1_33_6155,Lymphoid-DC
c_1_33_6156,Lymphoid-Other
c_1_33_6157,Lymphoid-T
c_1_33_6158,Lymphoid-T
c_1_33_6159,Lymphoid-B
c_1_33_6160,Lymphoid-T
c_1_33_6161,Lymphoid-Other
c_1_33_6162,Lymphoid-Plasma
c_1_33_6163,Lymphoid-Other
c_1_33_6164,Lymphoid-T
c_1_33_6165,Lymphoid-B
c_1_33_6166,Lymphoid-T
c_1_33_6167,Lymphoid-DC
c_1_33_6168,Lymphoid-Other
c_1_33_6169,Lymphoid-Other
c_1_33_6170,Lymphoid-Other
c_1_33_6171,Lymphoid-Other
c_1_33_6172,Lymphoid-B
c_1_33_6173,Lymphoid-T
c_1_33_6174,Lymphoid-T
c_1_33_6175,Lymphoid-T
c_1_33_6176,Lymphoid-T
c_1_33_6177,Lymphoid-T
c_1_33_6178,Lymphoid-B
c_1_33_6179,Lymphoid-T
c_1_33_6180,Lymphoid-B
c_1_33_6181,Lymphoid-T
c_1_33_6182,Lymphoid-T
c_1_33_6183,Lymphoid-Other
c_1_33_6184,Lymphoid-T
c_1_33_6185,Lymphoid-Other
c_1_33_6186,Lymphoid-Plasma
c_1_33_6187,Lymphoid-T
c_1_33_6188,Lymphoid-T
c_1_33_6189,Lymphoid-T
c_1_33_6190,Endothelial
c_1_33_6191,Lymphoid-T
c_1_33_6192,Lymphoid-B
c_1_33_6193,Lymphoid-Other
c_1_33_6194,Lymphoid-T
c_1_33_6195,Lymphoid-T
c_1_33_6196,Lymphoid-T
c_1_33_6197,Lymphoid-T
c_1_33_6198,Lymphoid-Other
c_1_33_6199,Lymphoid-B
c_1_33_6200,Lymphoid-B
c_1_33_6201,Lymphoid-T
c_1_33_6202,Lymphoid-T
c_1_33_6203,Lymphoid-DC
c_1_33_6204,Lymphoid-T
c_1_33_6205,Myeloid
c_1_33_6206,Lymphoid-T
c_1_33_6207,Lymphoid-T
c_1_33_6208,None
c_1_33_6209,Lymphoid-DC
c_1_33_6210,Lymphoid-T
c_1_33_6211,Lymphoid-T
c_1_33_6212,Lymphoid-T
c_1_33_6213,Lymphoid-T
c_1_33_6214,Lymphoid-Other
c_1_33_6215,Lymphoid-Other
c_1_33_6216,Lymphoid-T
c_1_33_6217,None
c_1_33_6218,None
c_1_33_6219,Lymphoid-T
c_1_33_6220,Lymphoid-Other
c_1_33_6221,Lymphoid-Other
c_1_33_6222,None
c_1_33_6223,Lymphoid-T
c_1_33_6224,Lymphoid-DC
c_1_33_6225,Lymphoid-T
c_1_33_6226,None
c_1_33_6227,Lymphoid-T
c_1_33_6228,Lymphoid-T
c_1_33_6229,Lymphoid-Other
c_1_33_6230,Lymphoid-B
c_1_33_6231,Lymphoid-T
c_1_33_6232,Lymphoid-T
c_1_33_6233,Lymphoid-DC
c_1_33_6234,Lymphoid-T
c_1_33_6235,Lymphoid-T
c_1_33_6236,Lymphoid-T
c_1_33_6237,Lymphoid-T
c_1_33_6238,Lymphoid-T
c_1_33_6239,Lymphoid-T
c_1_33_6240,Endothelial
c_1_33_6241,Lymphoid-T
c_1_33_6242,Lymphoid-DC
c_1_33_6243,Lymphoid-Other
c_1_33_6244,Lymphoid-B
c_1_33_6245,Lymphoid-T
c_1_33_6246,Lymphoid-B
c_1_33_6247,Lymphoid-Plasma
c_1_33_6248,Lymphoid-T
c_1_33_6249,Lymphoid-T
c_1_33_6250,Lymphoid-T
c_1_33_6251,Lymphoid-B
c_1_33_6252,Lymphoid-T
c_1_33_6253,Lymphoid-B
c_1_33_6254,Lymphoid-B
c_1_33_6255,Lymphoid-T
c_1_33_6256,Lymphoid-B
c_1_33_6257,Lymphoid-T
c_1_34_1,Lymphoid-Other
c_1_34_2,Lymphoid-Other
c_1_34_3,Lymphoid-T
c_1_34_4,Myeloid
c_1_34_5,Lymphoid-Other
c_1_34_6,Lymphoid-T
c_1_34_7,Lymphoid-T
c_1_34_8,Lymphoid-T
c_1_34_9,Lymphoid-T
c_1_34_10,Lymphoid-T
c_1_34_11,Lymphoid-T
c_1_34_12,Lymphoid-T
c_1_34_13,Lymphoid-Other
c_1_34_14,Lymphoid-Other
c_1_34_15,Lymphoid-Other
c_1_34_16,Lymphoid-Other
c_1_34_17,Lymphoid-Other
c_1_34_18,Myeloid
c_1_34_19,Lymphoid-Other
c_1_34_20,Lymphoid-B
c_1_34_21,Lymphoid-Other
c_1_34_22,Lymphoid-Other
c_1_34_23,Lymphoid-T
c_1_34_24,Lymphoid-Other
c_1_34_25,Lymphoid-Other
c_1_34_26,Lymphoid-Other
c_1_34_27,Lymphoid-Other
c_1_34_28,Lymphoid-T
c_1_34_29,Lymphoid-Other
c_1_34_30,Lymphoid-T
c_1_34_31,Lymphoid-T
c_1_34_32,Lymphoid-T
c_1_34_33,Lymphoid-T
c_1_34_34,Lymphoid-Other
c_1_34_35,Lymphoid-T
c_1_34_36,Lymphoid-Other
c_1_34_37,Lymphoid-Other
c_1_34_38,Lymphoid-T
c_1_34_39,Lymphoid-Other
c_1_34_40,Lymphoid-T
c_1_34_41,Lymphoid-T
c_1_34_42,Lymphoid-T
c_1_34_43,Lymphoid-Other
c_1_34_44,Lymphoid-T
c_1_34_45,Lymphoid-T
c_1_34_46,Lymphoid-Other
c_1_34_47,Lymphoid-T
c_1_34_48,Lymphoid-Plasma
c_1_34_49,Lymphoid-Other
c_1_34_50,Lymphoid-T
c_1_34_51,Lymphoid-T
c_1_34_52,Lymphoid-T
c_1_34_53,Lymphoid-T
c_1_34_54,Lymphoid-T
c_1_34_55,Lymphoid-T
c_1_34_56,Lymphoid-T
c_1_34_57,Lymphoid-Other
c_1_34_58,Lymphoid-Other
c_1_34_59,Lymphoid-T
c_1_34_60,Lymphoid-Other
c_1_34_61,Lymphoid-T
c_1_34_62,Lymphoid-DC
c_1_34_63,Lymphoid-Other
c_1_34_64,Lymphoid-T
c_1_34_65,Lymphoid-Other
c_1_34_66,Lymphoid-T
c_1_34_67,Lymphoid-T
c_1_34_68,Lymphoid-Other
c_1_34_69,Lymphoid-T
c_1_34_70,Lymphoid-T
c_1_34_71,Lymphoid-T
c_1_34_72,Lymphoid-Other
c_1_34_73,Lymphoid-DC
c_1_34_74,Lymphoid-T
c_1_34_75,Lymphoid-T
c_1_34_76,Lymphoid-Other
c_1_34_77,Lymphoid-DC
c_1_34_78,Lymphoid-T
c_1_34_79,Lymphoid-T
c_1_34_80,Lymphoid-T
c_1_34_81,Lymphoid-DC
c_1_34_82,Lymphoid-T
c_1_34_83,Lymphoid-Other
c_1_34_84,Lymphoid-T
c_1_34_85,Lymphoid-T
c_1_34_86,Lymphoid-B
c_1_34_87,Lymphoid-T
c_1_34_88,Lymphoid-Other
c_1_34_89,Lymphoid-T
c_1_34_90,Lymphoid-T
c_1_34_91,Lymphoid-Other
c_1_34_92,Lymphoid-T
c_1_34_93,Lymphoid-Other
c_1_34_94,Lymphoid-T
c_1_34_95,Lymphoid-T
c_1_34_96,Lymphoid-Other
c_1_34_97,Lymphoid-DC
c_1_34_98,Lymphoid-T
c_1_34_99,Lymphoid-T
c_1_34_100,Lymphoid-Other
c_1_34_101,Lymphoid-Other
c_1_34_102,Lymphoid-T
c_1_34_103,Lymphoid-T
c_1_34_104,Lymphoid-T
c_1_34_105,Lymphoid-Other
c_1_34_106,Lymphoid-Other
c_1_34_107,Lymphoid-DC
c_1_34_108,Lymphoid-T
c_1_34_109,Lymphoid-T
c_1_34_110,Lymphoid-T
c_1_34_111,Lymphoid-T
c_1_34_112,Lymphoid-Other
c_1_34_113,Lymphoid-Other
c_1_34_114,Lymphoid-Other
c_1_34_115,Lymphoid-T
c_1_34_116,Lymphoid-Other
c_1_34_117,Lymphoid-DC
c_1_34_118,Lymphoid-DC
c_1_34_119,Lymphoid-T
c_1_34_120,Lymphoid-T
c_1_34_121,Lymphoid-T
c_1_34_122,Lymphoid-Other
c_1_34_123,Lymphoid-T
c_1_34_124,Lymphoid-T
c_1_34_125,Lymphoid-T
c_1_34_126,Lymphoid-T
c_1_34_127,Lymphoid-Other
c_1_34_128,Lymphoid-Other
c_1_34_129,Lymphoid-Other
c_1_34_130,Lymphoid-T
c_1_34_131,Lymphoid-Other
c_1_34_132,Lymphoid-DC
c_1_34_133,Lymphoid-T
c_1_34_134,Lymphoid-T
c_1_34_135,Lymphoid-T
c_1_34_136,Lymphoid-T
c_1_34_137,Lymphoid-Other
c_1_34_138,Lymphoid-T
c_1_34_139,Lymphoid-T
c_1_34_140,Lymphoid-T
c_1_34_141,Lymphoid-T
c_1_34_142,Lymphoid-Other
c_1_34_143,Lymphoid-T
c_1_34_144,Lymphoid-Other
c_1_34_145,Lymphoid-T
c_1_34_146,Lymphoid-T
c_1_34_147,Lymphoid-Other
c_1_34_148,Lymphoid-Other
c_1_34_149,Lymphoid-Other
c_1_34_150,Lymphoid-DC
c_1_34_151,Lymphoid-T
c_1_34_152,Lymphoid-DC
c_1_34_153,Lymphoid-Other
c_1_34_154,Lymphoid-Other
c_1_34_155,Lymphoid-Other
c_1_34_156,Lymphoid-T
c_1_34_157,Lymphoid-DC
c_1_34_158,Lymphoid-Other
c_1_34_159,Lymphoid-Other
c_1_34_160,Lymphoid-DC
c_1_34_161,Lymphoid-T
c_1_34_162,Lymphoid-T
c_1_34_163,Lymphoid-T
c_1_34_164,Lymphoid-T
c_1_34_165,Lymphoid-Other
c_1_34_166,Lymphoid-T
c_1_34_167,Lymphoid-T
c_1_34_168,Lymphoid-T
c_1_34_169,Lymphoid-T
c_1_34_170,Lymphoid-Other
c_1_34_171,Lymphoid-T
c_1_34_172,Lymphoid-T
c_1_34_173,Lymphoid-T
c_1_34_174,Lymphoid-T
c_1_34_175,Lymphoid-Other
c_1_34_176,Lymphoid-T
c_1_34_177,Lymphoid-T
c_1_34_178,Lymphoid-Other
c_1_34_179,Lymphoid-T
c_1_34_180,Lymphoid-Other
c_1_34_181,Lymphoid-Other
c_1_34_182,Lymphoid-Other
c_1_34_183,Lymphoid-Other
c_1_34_184,Lymphoid-T
c_1_34_185,Lymphoid-T
c_1_34_186,Lymphoid-T
c_1_34_187,Lymphoid-Other
c_1_34_188,Lymphoid-T
c_1_34_189,Lymphoid-Other
c_1_34_190,Lymphoid-T
c_1_34_191,Lymphoid-DC
c_1_34_192,Lymphoid-Other
c_1_34_193,Lymphoid-Other
c_1_34_194,Lymphoid-T
c_1_34_195,Lymphoid-T
c_1_34_196,Lymphoid-T
c_1_34_197,Lymphoid-T
c_1_34_198,Lymphoid-Other
c_1_34_199,Lymphoid-T
c_1_34_200,Lymphoid-T
c_1_34_201,Lymphoid-T
c_1_34_202,Lymphoid-T
c_1_34_203,Lymphoid-T
c_1_34_204,Lymphoid-DC
c_1_34_205,Lymphoid-T
c_1_34_206,Lymphoid-B
c_1_34_207,Lymphoid-T
c_1_34_208,Lymphoid-T
c_1_34_209,Lymphoid-T
c_1_34_210,Lymphoid-Other
c_1_34_211,Lymphoid-Other
c_1_34_212,Lymphoid-T
c_1_34_213,Lymphoid-Other
c_1_34_214,Lymphoid-T
c_1_34_215,Lymphoid-Other
c_1_34_216,Lymphoid-T
c_1_34_217,Lymphoid-DC
c_1_34_218,Lymphoid-Other
c_1_34_219,Lymphoid-B
c_1_34_220,Endothelial
c_1_34_221,Lymphoid-T
c_1_34_222,Lymphoid-T
c_1_34_223,Lymphoid-Other
c_1_34_224,Lymphoid-T
c_1_34_225,Lymphoid-T
c_1_34_226,Lymphoid-T
c_1_34_227,Lymphoid-T
c_1_34_228,Epithelial
c_1_34_229,Lymphoid-T
c_1_34_230,Lymphoid-T
c_1_34_231,Lymphoid-Other
c_1_34_232,Lymphoid-Other
c_1_34_233,Lymphoid-T
c_1_34_234,Lymphoid-T
c_1_34_235,Lymphoid-T
c_1_34_236,Lymphoid-T
c_1_34_237,Lymphoid-T
c_1_34_238,Lymphoid-Other
c_1_34_239,Lymphoid-Other
c_1_34_240,Lymphoid-T
c_1_34_241,Lymphoid-T
c_1_34_242,Lymphoid-Other
c_1_34_243,Lymphoid-T
c_1_34_244,Lymphoid-T
c_1_34_245,Lymphoid-T
c_1_34_246,Lymphoid-Other
c_1_34_247,Lymphoid-Plasma
c_1_34_248,Lymphoid-T
c_1_34_249,Lymphoid-T
c_1_34_250,Lymphoid-Other
c_1_34_251,Lymphoid-T
c_1_34_252,None
c_1_34_253,Lymphoid-T
c_1_34_254,Lymphoid-Other
c_1_34_255,Lymphoid-T
c_1_34_256,Lymphoid-T
c_1_34_257,Lymphoid-T
c_1_34_258,Lymphoid-DC
c_1_34_259,Lymphoid-T
c_1_34_260,Lymphoid-Other
c_1_34_261,Lymphoid-Other
c_1_34_262,Lymphoid-Other
c_1_34_263,Lymphoid-Other
c_1_34_264,Myeloid
c_1_34_265,Lymphoid-T
c_1_34_266,Lymphoid-T
c_1_34_267,Lymphoid-Other
c_1_34_268,Endothelial
c_1_34_269,Lymphoid-T
c_1_34_270,Endothelial
c_1_34_271,Lymphoid-T
c_1_34_272,Lymphoid-Other
c_1_34_273,Lymphoid-T
c_1_34_274,Lymphoid-T
c_1_34_275,Lymphoid-Other
c_1_34_276,Lymphoid-Other
c_1_34_277,Lymphoid-T
c_1_34_278,Lymphoid-DC
c_1_34_279,Lymphoid-T
c_1_34_280,Lymphoid-DC
c_1_34_281,Lymphoid-DC
c_1_34_282,Lymphoid-Other
c_1_34_283,Lymphoid-T
c_1_34_284,Lymphoid-DC
c_1_34_285,Lymphoid-DC
c_1_34_286,Lymphoid-T
c_1_34_287,Lymphoid-T
c_1_34_288,Lymphoid-DC
c_1_34_289,Lymphoid-T
c_1_34_290,Lymphoid-Other
c_1_34_291,Lymphoid-T
c_1_34_292,Lymphoid-T
c_1_34_293,Lymphoid-Other
c_1_34_294,Lymphoid-T
c_1_34_295,Lymphoid-T
c_1_34_296,Lymphoid-Other
c_1_34_297,Lymphoid-Other
c_1_34_298,Lymphoid-DC
c_1_34_299,Lymphoid-Other
c_1_34_300,Lymphoid-T
c_1_34_301,Lymphoid-T
c_1_34_302,Lymphoid-T
c_1_34_303,Lymphoid-T
c_1_34_304,Lymphoid-Plasma
c_1_34_305,Lymphoid-Other
c_1_34_306,Lymphoid-Other
c_1_34_307,Lymphoid-Other
c_1_34_308,Lymphoid-T
c_1_34_309,Lymphoid-T
c_1_34_310,Lymphoid-Other
c_1_34_311,Myeloid
c_1_34_312,Lymphoid-T
c_1_34_313,Lymphoid-Other
c_1_34_314,Lymphoid-T
c_1_34_315,Lymphoid-T
c_1_34_316,Lymphoid-Other
c_1_34_317,Lymphoid-T
c_1_34_318,Lymphoid-T
c_1_34_319,Lymphoid-T
c_1_34_320,Lymphoid-T
c_1_34_321,Lymphoid-T
c_1_34_322,Lymphoid-Other
c_1_34_323,Lymphoid-T
c_1_34_324,Lymphoid-T
c_1_34_325,Lymphoid-T
c_1_34_326,Lymphoid-T
c_1_34_327,Lymphoid-T
c_1_34_328,Lymphoid-T
c_1_34_329,Lymphoid-T
c_1_34_330,Lymphoid-Other
c_1_34_331,Lymphoid-T
c_1_34_332,Lymphoid-Other
c_1_34_333,Lymphoid-T
c_1_34_334,Lymphoid-DC
c_1_34_335,Lymphoid-Other
c_1_34_336,Lymphoid-DC
c_1_34_337,Lymphoid-T
c_1_34_338,Lymphoid-T
c_1_34_339,Lymphoid-T
c_1_34_340,Lymphoid-T
c_1_34_341,Lymphoid-Other
c_1_34_342,Lymphoid-T
c_1_34_343,Lymphoid-T
c_1_34_344,Lymphoid-T
c_1_34_345,Myeloid
c_1_34_346,Lymphoid-T
c_1_34_347,Lymphoid-Plasma
c_1_34_348,Lymphoid-T
c_1_34_349,Lymphoid-T
c_1_34_350,Lymphoid-T
c_1_34_351,Lymphoid-T
c_1_34_352,Lymphoid-T
c_1_34_353,Lymphoid-Other
c_1_34_354,Lymphoid-Other
c_1_34_355,Lymphoid-Other
c_1_34_356,Lymphoid-Other
c_1_34_357,Lymphoid-DC
c_1_34_358,Lymphoid-T
c_1_34_359,Lymphoid-T
c_1_34_360,Lymphoid-T
c_1_34_361,Lymphoid-Other
c_1_34_362,Lymphoid-T
c_1_34_363,Lymphoid-T
c_1_34_364,Lymphoid-T
c_1_34_365,Lymphoid-Other
c_1_34_366,Lymphoid-T
c_1_34_367,Lymphoid-Other
c_1_34_368,Lymphoid-T
c_1_34_369,Lymphoid-DC
c_1_34_370,Lymphoid-T
c_1_34_371,Lymphoid-Other
c_1_34_372,Lymphoid-Other
c_1_34_373,Lymphoid-Other
c_1_34_374,Lymphoid-T
c_1_34_375,Lymphoid-T
c_1_34_376,Lymphoid-Other
c_1_34_377,Endothelial
c_1_34_378,Lymphoid-T
c_1_34_379,Lymphoid-Other
c_1_34_380,Lymphoid-T
c_1_34_381,Lymphoid-Other
c_1_34_382,Lymphoid-Other
c_1_34_383,Lymphoid-T
c_1_34_384,Lymphoid-T
c_1_34_385,Lymphoid-T
c_1_34_386,Lymphoid-T
c_1_34_387,Lymphoid-T
c_1_34_388,Lymphoid-Other
c_1_34_389,Lymphoid-Other
c_1_34_390,Lymphoid-T
c_1_34_391,Lymphoid-T
c_1_34_392,Lymphoid-T
c_1_34_393,Lymphoid-Other
c_1_34_394,Lymphoid-T
c_1_34_395,Lymphoid-Other
c_1_34_396,Lymphoid-T
c_1_34_397,Lymphoid-T
c_1_34_398,Lymphoid-T
c_1_34_399,Lymphoid-Other
c_1_34_400,Endothelial
c_1_34_401,Lymphoid-T
c_1_34_402,Lymphoid-T
c_1_34_403,Lymphoid-DC
c_1_34_404,Lymphoid-T
c_1_34_405,None
c_1_34_406,Endothelial
c_1_34_407,None
c_1_34_408,Lymphoid-Other
c_1_34_409,Lymphoid-T
c_1_34_410,Lymphoid-Other
c_1_34_411,Lymphoid-Other
c_1_34_412,Lymphoid-T
c_1_34_413,Lymphoid-T
c_1_34_414,Lymphoid-T
c_1_34_415,Lymphoid-Other
c_1_34_416,Lymphoid-T
c_1_34_417,Lymphoid-T
c_1_34_418,Lymphoid-T
c_1_34_419,Lymphoid-T
c_1_34_420,Lymphoid-T
c_1_34_421,Lymphoid-T
c_1_34_422,Lymphoid-T
c_1_34_423,Lymphoid-Other
c_1_34_424,Lymphoid-T
c_1_34_425,Lymphoid-T
c_1_34_426,Lymphoid-T
c_1_34_427,Lymphoid-T
c_1_34_428,Lymphoid-T
c_1_34_429,Lymphoid-T
c_1_34_430,Lymphoid-Other
c_1_34_431,Lymphoid-T
c_1_34_432,Lymphoid-T
c_1_34_433,Lymphoid-T
c_1_34_434,Lymphoid-T
c_1_34_435,Lymphoid-T
c_1_34_436,Lymphoid-T
c_1_34_437,Lymphoid-Other
c_1_34_438,Lymphoid-DC
c_1_34_439,Lymphoid-T
c_1_34_440,Lymphoid-T
c_1_34_441,Lymphoid-T
c_1_34_442,Lymphoid-Other
c_1_34_443,Lymphoid-T
c_1_34_444,Lymphoid-T
c_1_34_445,Lymphoid-T
c_1_34_446,Lymphoid-T
c_1_34_447,Lymphoid-T
c_1_34_448,Lymphoid-T
c_1_34_449,Lymphoid-Other
c_1_34_450,Lymphoid-T
c_1_34_451,Lymphoid-Other
c_1_34_452,Lymphoid-T
c_1_34_453,Lymphoid-Plasma
c_1_34_454,Lymphoid-T
c_1_34_455,Lymphoid-T
c_1_34_456,Lymphoid-Other
c_1_34_457,Lymphoid-DC
c_1_34_458,None
c_1_34_459,Lymphoid-Other
c_1_34_460,Lymphoid-T
c_1_34_461,Lymphoid-Other
c_1_34_462,Lymphoid-T
c_1_34_463,Lymphoid-T
c_1_34_464,Myeloid
c_1_34_465,Lymphoid-T
c_1_34_466,Lymphoid-T
c_1_34_467,Lymphoid-T
c_1_34_468,Lymphoid-T
c_1_34_469,Lymphoid-T
c_1_34_470,Lymphoid-T
c_1_34_471,Lymphoid-Other
c_1_34_472,Lymphoid-T
c_1_34_473,Lymphoid-T
c_1_34_474,Lymphoid-Other
c_1_34_475,Lymphoid-T
c_1_34_476,Lymphoid-T
c_1_34_477,Lymphoid-T
c_1_34_478,Lymphoid-Other
c_1_34_479,Lymphoid-DC
c_1_34_480,Lymphoid-Other
c_1_34_481,Lymphoid-T
c_1_34_482,Lymphoid-T
c_1_34_483,Lymphoid-T
c_1_34_484,Lymphoid-T
c_1_34_485,Lymphoid-T
c_1_34_486,Lymphoid-T
c_1_34_487,None
c_1_34_488,Lymphoid-T
c_1_34_489,Lymphoid-T
c_1_34_490,Lymphoid-T
c_1_34_491,Lymphoid-T
c_1_34_492,Lymphoid-T
c_1_34_493,Lymphoid-T
c_1_34_494,Lymphoid-T
c_1_34_495,Lymphoid-DC
c_1_34_496,Lymphoid-T
c_1_34_497,Lymphoid-Other
c_1_34_498,Lymphoid-Plasma
c_1_34_499,Lymphoid-T
c_1_34_500,Lymphoid-T
c_1_34_501,Lymphoid-T
c_1_34_502,Lymphoid-Other
c_1_34_503,Lymphoid-T
c_1_34_504,Lymphoid-T
c_1_34_505,Lymphoid-T
c_1_34_506,Lymphoid-T
c_1_34_507,Lymphoid-T
c_1_34_508,Lymphoid-T
c_1_34_509,Lymphoid-T
c_1_34_510,Lymphoid-T
c_1_34_511,Lymphoid-T
c_1_34_512,Lymphoid-T
c_1_34_513,Lymphoid-Other
c_1_34_514,Lymphoid-T
c_1_34_515,Lymphoid-T
c_1_34_516,Lymphoid-T
c_1_34_517,Lymphoid-Other
c_1_34_518,Lymphoid-T
c_1_34_519,Lymphoid-Other
c_1_34_520,Lymphoid-T
c_1_34_521,Lymphoid-T
c_1_34_522,Lymphoid-Other
c_1_34_523,Lymphoid-T
c_1_34_524,Lymphoid-T
c_1_34_525,Lymphoid-T
c_1_34_526,Lymphoid-T
c_1_34_527,Lymphoid-T
c_1_34_528,Lymphoid-T
c_1_34_529,Lymphoid-T
c_1_34_530,Lymphoid-Other
c_1_34_531,Lymphoid-T
c_1_34_532,Lymphoid-Other
c_1_34_533,Lymphoid-T
c_1_34_534,Lymphoid-Other
c_1_34_535,Lymphoid-Other
c_1_34_536,Lymphoid-Other
c_1_34_537,Myeloid
c_1_34_538,Lymphoid-T
c_1_34_539,Lymphoid-Other
c_1_34_540,Lymphoid-T
c_1_34_541,Lymphoid-T
c_1_34_542,Lymphoid-Other
c_1_34_543,Lymphoid-Other
c_1_34_544,Lymphoid-T
c_1_34_545,Lymphoid-T
c_1_34_546,Lymphoid-T
c_1_34_547,Lymphoid-T
c_1_34_548,Myeloid
c_1_34_549,Lymphoid-T
c_1_34_550,Lymphoid-T
c_1_34_551,Lymphoid-Other
c_1_34_552,Endothelial
c_1_34_553,Lymphoid-T
c_1_34_554,Myeloid
c_1_34_555,Lymphoid-T
c_1_34_556,Lymphoid-T
c_1_34_557,Lymphoid-Other
c_1_34_558,Lymphoid-T
c_1_34_559,Lymphoid-T
c_1_34_560,Lymphoid-T
c_1_34_561,Lymphoid-T
c_1_34_562,Lymphoid-T
c_1_34_563,Lymphoid-T
c_1_34_564,Lymphoid-T
c_1_34_565,Lymphoid-Other
c_1_34_566,Lymphoid-B
c_1_34_567,Lymphoid-T
c_1_34_568,Lymphoid-Other
c_1_34_569,Lymphoid-T
c_1_34_570,Lymphoid-T
c_1_34_571,Lymphoid-T
c_1_34_572,Lymphoid-T
c_1_34_573,Lymphoid-Other
c_1_34_574,Lymphoid-Other
c_1_34_575,Lymphoid-T
c_1_34_576,Lymphoid-DC
c_1_34_577,Myeloid
c_1_34_578,Lymphoid-Other
c_1_34_579,Lymphoid-Other
c_1_34_580,Lymphoid-Other
c_1_34_581,Lymphoid-Other
c_1_34_582,Lymphoid-T
c_1_34_583,Lymphoid-T
c_1_34_584,Lymphoid-Other
c_1_34_585,Mesenchymal-Stromal
c_1_34_586,Lymphoid-T
c_1_34_587,Endothelial
c_1_34_588,Lymphoid-Other
c_1_34_589,Lymphoid-T
c_1_34_590,Lymphoid-T
c_1_34_591,Lymphoid-Other
c_1_34_592,Lymphoid-T
c_1_34_593,Lymphoid-Other
c_1_34_594,Lymphoid-T
c_1_34_595,Lymphoid-T
c_1_34_596,Lymphoid-Plasma
c_1_34_597,Lymphoid-Other
c_1_34_598,Lymphoid-T
c_1_34_599,Lymphoid-T
c_1_34_600,Lymphoid-T
c_1_34_601,Lymphoid-T
c_1_34_602,Lymphoid-T
c_1_34_603,Lymphoid-T
c_1_34_604,Lymphoid-T
c_1_34_605,Lymphoid-Other
c_1_34_606,Lymphoid-Other
c_1_34_607,Lymphoid-T
c_1_34_608,Lymphoid-T
c_1_34_609,Lymphoid-Other
c_1_34_610,Lymphoid-T
c_1_34_611,Lymphoid-Other
c_1_34_612,Lymphoid-T
c_1_34_613,Lymphoid-Other
c_1_34_614,Lymphoid-T
c_1_34_615,Lymphoid-Other
c_1_34_616,Lymphoid-T
c_1_34_617,Lymphoid-T
c_1_34_618,Lymphoid-T
c_1_34_619,Lymphoid-T
c_1_34_620,Lymphoid-Other
c_1_34_621,Lymphoid-Other
c_1_34_622,Lymphoid-Other
c_1_34_623,Lymphoid-T
c_1_34_624,Lymphoid-T
c_1_34_625,Lymphoid-T
c_1_34_626,Lymphoid-T
c_1_34_627,Lymphoid-T
c_1_34_628,Lymphoid-T
c_1_34_629,Lymphoid-T
c_1_34_630,Lymphoid-Other
c_1_34_631,Lymphoid-T
c_1_34_632,Lymphoid-T
c_1_34_633,Lymphoid-Plasma
c_1_34_634,Lymphoid-T
c_1_34_635,Lymphoid-Other
c_1_34_636,Lymphoid-T
c_1_34_637,Lymphoid-T
c_1_34_638,Lymphoid-Other
c_1_34_639,Lymphoid-Other
c_1_34_640,Lymphoid-T
c_1_34_641,Lymphoid-T
c_1_34_642,Lymphoid-T
c_1_34_643,Lymphoid-T
c_1_34_644,Lymphoid-T
c_1_34_645,Lymphoid-Other
c_1_34_646,Lymphoid-T
c_1_34_647,Lymphoid-T
c_1_34_648,Lymphoid-Other
c_1_34_649,Lymphoid-Other
c_1_34_650,Lymphoid-T
c_1_34_651,Lymphoid-Other
c_1_34_652,None
c_1_34_653,Lymphoid-T
c_1_34_654,Lymphoid-T
c_1_34_655,Lymphoid-T
c_1_34_656,Lymphoid-Other
c_1_34_657,Lymphoid-Other
c_1_34_658,Myeloid
c_1_34_659,Lymphoid-T
c_1_34_660,Lymphoid-T
c_1_34_661,Lymphoid-Other
c_1_34_662,Lymphoid-T
c_1_34_663,Lymphoid-T
c_1_34_664,Lymphoid-T
c_1_34_665,Lymphoid-T
c_1_34_666,Lymphoid-DC
c_1_34_667,Lymphoid-T
c_1_34_668,Lymphoid-T
c_1_34_669,Lymphoid-T
c_1_34_670,Lymphoid-T
c_1_34_671,Lymphoid-Other
c_1_34_672,Lymphoid-T
c_1_34_673,Lymphoid-Other
c_1_34_674,Lymphoid-Other
c_1_34_675,Lymphoid-Other
c_1_34_676,Lymphoid-T
c_1_34_677,Lymphoid-T
c_1_34_678,Lymphoid-Other
c_1_34_679,Lymphoid-T
c_1_34_680,Lymphoid-Other
c_1_34_681,Lymphoid-Other
c_1_34_682,Lymphoid-T
c_1_34_683,Lymphoid-Other
c_1_34_684,Lymphoid-T
c_1_34_685,Lymphoid-Other
c_1_34_686,Lymphoid-Other
c_1_34_687,Lymphoid-Other
c_1_34_688,Lymphoid-T
c_1_34_689,Lymphoid-T
c_1_34_690,Lymphoid-Other
c_1_34_691,Lymphoid-Other
c_1_34_692,Lymphoid-T
c_1_34_693,Lymphoid-Other
c_1_34_694,Lymphoid-T
c_1_34_695,Lymphoid-T
c_1_34_696,Lymphoid-T
c_1_34_697,Lymphoid-T
c_1_34_698,Lymphoid-T
c_1_34_699,Lymphoid-Other
c_1_34_700,Lymphoid-Other
c_1_34_701,Lymphoid-B
c_1_34_702,Lymphoid-Other
c_1_34_703,Lymphoid-T
c_1_34_704,Lymphoid-T
c_1_34_705,Myeloid
c_1_34_706,Lymphoid-T
c_1_34_707,Lymphoid-Other
c_1_34_708,Lymphoid-T
c_1_34_709,Lymphoid-T
c_1_34_710,Lymphoid-T
c_1_34_711,Lymphoid-Other
c_1_34_712,Lymphoid-Other
c_1_34_713,Lymphoid-T
c_1_34_714,Lymphoid-T
c_1_34_715,Lymphoid-Other
c_1_34_716,Lymphoid-Other
c_1_34_717,Lymphoid-T
c_1_34_718,Lymphoid-Other
c_1_34_719,Lymphoid-T
c_1_34_720,Myeloid
c_1_34_721,Lymphoid-T
c_1_34_722,Lymphoid-T
c_1_34_723,Lymphoid-Other
c_1_34_724,Lymphoid-T
c_1_34_725,Lymphoid-Other
c_1_34_726,Lymphoid-Other
c_1_34_727,Lymphoid-T
c_1_34_728,Lymphoid-T
c_1_34_729,Lymphoid-T
c_1_34_730,Lymphoid-T
c_1_34_731,Lymphoid-T
c_1_34_732,Lymphoid-T
c_1_34_733,Lymphoid-Other
c_1_34_734,Lymphoid-Other
c_1_34_735,Lymphoid-T
c_1_34_736,Lymphoid-T
c_1_34_737,Endothelial
c_1_34_738,Lymphoid-Other
c_1_34_739,Lymphoid-Other
c_1_34_740,Lymphoid-T
c_1_34_741,Lymphoid-T
c_1_34_742,Lymphoid-Other
c_1_34_743,Lymphoid-Other
c_1_34_744,Lymphoid-T
c_1_34_745,Lymphoid-Other
c_1_34_746,Endothelial
c_1_34_747,Lymphoid-T
c_1_34_748,Lymphoid-T
c_1_34_749,Lymphoid-T
c_1_34_750,Lymphoid-DC
c_1_34_751,Lymphoid-Other
c_1_34_752,Lymphoid-T
c_1_34_753,Lymphoid-Other
c_1_34_754,Lymphoid-T
c_1_34_755,None
c_1_34_756,Lymphoid-T
c_1_34_757,Lymphoid-B
c_1_34_758,Lymphoid-Other
c_1_34_759,Lymphoid-T
c_1_34_760,Lymphoid-T
c_1_34_761,Lymphoid-T
c_1_34_762,Lymphoid-T
c_1_34_763,Lymphoid-T
c_1_34_764,Lymphoid-T
c_1_34_765,Lymphoid-Other
c_1_34_766,Lymphoid-T
c_1_34_767,Lymphoid-T
c_1_34_768,Lymphoid-T
c_1_34_769,Lymphoid-T
c_1_34_770,Lymphoid-T
c_1_34_771,Lymphoid-T
c_1_34_772,Lymphoid-Other
c_1_34_773,Lymphoid-T
c_1_34_774,Lymphoid-Other
c_1_34_775,Lymphoid-T
c_1_34_776,Lymphoid-T
c_1_34_777,Lymphoid-T
c_1_34_778,Lymphoid-T
c_1_34_779,Lymphoid-T
c_1_34_780,Lymphoid-T
c_1_34_781,Lymphoid-T
c_1_34_782,Lymphoid-Other
c_1_34_783,Lymphoid-T
c_1_34_784,Endothelial
c_1_34_785,Lymphoid-Other
c_1_34_786,Lymphoid-Other
c_1_34_787,Lymphoid-T
c_1_34_788,Lymphoid-Other
c_1_34_789,Lymphoid-T
c_1_34_790,Lymphoid-T
c_1_34_791,Lymphoid-T
c_1_34_792,Lymphoid-T
c_1_34_793,Lymphoid-Other
c_1_34_794,Lymphoid-T
c_1_34_795,Lymphoid-Other
c_1_34_796,Lymphoid-Other
c_1_34_797,Lymphoid-T
c_1_34_798,Lymphoid-T
c_1_34_799,Lymphoid-T
c_1_34_800,Lymphoid-B
c_1_34_801,Lymphoid-T
c_1_34_802,Lymphoid-T
c_1_34_803,Lymphoid-Other
c_1_34_804,Lymphoid-T
c_1_34_805,Lymphoid-T
c_1_34_806,Lymphoid-T
c_1_34_807,Lymphoid-T
c_1_34_808,Lymphoid-T
c_1_34_809,Lymphoid-T
c_1_34_810,Lymphoid-T
c_1_34_811,Lymphoid-T
c_1_34_812,Lymphoid-Other
c_1_34_813,Lymphoid-T
c_1_34_814,Lymphoid-Other
c_1_34_815,Lymphoid-T
c_1_34_816,Lymphoid-T
c_1_34_817,Lymphoid-T
c_1_34_818,Lymphoid-Plasma
c_1_34_819,Lymphoid-Other
c_1_34_820,Lymphoid-T
c_1_34_821,Lymphoid-T
c_1_34_822,Lymphoid-T
c_1_34_823,Lymphoid-T
c_1_34_824,Lymphoid-Other
c_1_34_825,Lymphoid-Other
c_1_34_826,Lymphoid-T
c_1_34_827,Lymphoid-T
c_1_34_828,Lymphoid-T
c_1_34_829,Lymphoid-T
c_1_34_830,Lymphoid-T
c_1_34_831,Lymphoid-T
c_1_34_832,Lymphoid-Other
c_1_34_833,Lymphoid-T
c_1_34_834,Lymphoid-T
c_1_34_835,Lymphoid-T
c_1_34_836,Lymphoid-T
c_1_34_837,Lymphoid-T
c_1_34_838,Lymphoid-T
c_1_34_839,Lymphoid-T
c_1_34_840,Lymphoid-T
c_1_34_841,Lymphoid-T
c_1_34_842,Lymphoid-T
c_1_34_843,Lymphoid-T
c_1_34_844,Lymphoid-T
c_1_34_845,Lymphoid-T
c_1_34_846,Lymphoid-Other
c_1_34_847,Lymphoid-Other
c_1_34_848,Lymphoid-Other
c_1_34_849,Lymphoid-T
c_1_34_850,Lymphoid-T
c_1_34_851,Lymphoid-T
c_1_34_852,Lymphoid-T
c_1_34_853,Lymphoid-T
c_1_34_854,Lymphoid-T
c_1_34_855,Lymphoid-T
c_1_34_856,Lymphoid-T
c_1_34_857,Lymphoid-Other
c_1_34_858,Lymphoid-Other
c_1_34_859,Lymphoid-T
c_1_34_860,Lymphoid-T
c_1_34_861,Lymphoid-DC
c_1_34_862,Lymphoid-T
c_1_34_863,Lymphoid-T
c_1_34_864,Lymphoid-T
c_1_34_865,Lymphoid-T
c_1_34_866,Lymphoid-Other
c_1_34_867,Lymphoid-T
c_1_34_868,Lymphoid-Plasma
c_1_34_869,Lymphoid-T
c_1_34_870,Lymphoid-Other
c_1_34_871,Lymphoid-T
c_1_34_872,Lymphoid-T
c_1_34_873,Lymphoid-T
c_1_34_874,Lymphoid-Other
c_1_34_875,Lymphoid-Other
c_1_34_876,Lymphoid-T
c_1_34_877,Lymphoid-T
c_1_34_878,Lymphoid-T
c_1_34_879,Lymphoid-T
c_1_34_880,Lymphoid-DC
c_1_34_881,Lymphoid-T
c_1_34_882,Lymphoid-Other
c_1_34_883,Lymphoid-T
c_1_34_884,Lymphoid-T
c_1_34_885,Lymphoid-T
c_1_34_886,Lymphoid-T
c_1_34_887,Lymphoid-T
c_1_34_888,Lymphoid-T
c_1_34_889,Lymphoid-Other
c_1_34_890,Lymphoid-T
c_1_34_891,Lymphoid-DC
c_1_34_892,Lymphoid-DC
c_1_34_893,Lymphoid-T
c_1_34_894,Lymphoid-T
c_1_34_895,Lymphoid-T
c_1_34_896,Lymphoid-Other
c_1_34_897,Lymphoid-T
c_1_34_898,Lymphoid-B
c_1_34_899,Lymphoid-T
c_1_34_900,Lymphoid-T
c_1_34_901,Lymphoid-T
c_1_34_902,Lymphoid-T
c_1_34_903,Lymphoid-T
c_1_34_904,Lymphoid-T
c_1_34_905,Lymphoid-Other
c_1_34_906,Lymphoid-T
c_1_34_907,Lymphoid-T
c_1_34_908,Myeloid
c_1_34_909,Lymphoid-T
c_1_34_910,Lymphoid-Other
c_1_34_911,Lymphoid-T
c_1_34_912,Lymphoid-Other
c_1_34_913,Lymphoid-T
c_1_34_914,Lymphoid-DC
c_1_34_915,Lymphoid-T
c_1_34_916,Lymphoid-Other
c_1_34_917,Lymphoid-T
c_1_34_918,Lymphoid-T
c_1_34_919,Lymphoid-DC
c_1_34_920,Lymphoid-DC
c_1_34_921,Lymphoid-T
c_1_34_922,Lymphoid-Plasma
c_1_34_923,Lymphoid-Other
c_1_34_924,Lymphoid-T
c_1_34_925,Lymphoid-T
c_1_34_926,Lymphoid-T
c_1_34_927,Lymphoid-T
c_1_34_928,Lymphoid-Other
c_1_34_929,Lymphoid-T
c_1_34_930,Lymphoid-T
c_1_34_931,Lymphoid-T
c_1_34_932,Lymphoid-T
c_1_34_933,Lymphoid-DC
c_1_34_934,Lymphoid-T
c_1_34_935,Lymphoid-Other
c_1_34_936,Lymphoid-T
c_1_34_937,Lymphoid-Other
c_1_34_938,Lymphoid-T
c_1_34_939,Lymphoid-T
c_1_34_940,Lymphoid-T
c_1_34_941,Lymphoid-T
c_1_34_942,Lymphoid-T
c_1_34_943,Lymphoid-Other
c_1_34_944,Lymphoid-T
c_1_34_945,Lymphoid-T
c_1_34_946,Lymphoid-T
c_1_34_947,Lymphoid-T
c_1_34_948,Lymphoid-Other
c_1_34_949,Lymphoid-T
c_1_34_950,Lymphoid-Other
c_1_34_951,Lymphoid-T
c_1_34_952,None
c_1_34_953,Lymphoid-DC
c_1_34_954,Endothelial
c_1_34_955,Lymphoid-T
c_1_34_956,Lymphoid-T
c_1_34_957,Lymphoid-T
c_1_34_958,Lymphoid-T
c_1_34_959,Lymphoid-Other
c_1_34_960,Lymphoid-T
c_1_34_961,Lymphoid-T
c_1_34_962,Lymphoid-T
c_1_34_963,Lymphoid-Other
c_1_34_964,Lymphoid-T
c_1_34_965,Lymphoid-T
c_1_34_966,Lymphoid-Other
c_1_34_967,Lymphoid-T
c_1_34_968,Lymphoid-B
c_1_34_969,Lymphoid-T
c_1_34_970,None
c_1_34_971,Lymphoid-DC
c_1_34_972,Lymphoid-T
c_1_34_973,Lymphoid-Other
c_1_34_974,Lymphoid-T
c_1_34_975,Lymphoid-T
c_1_34_976,Lymphoid-T
c_1_34_977,Lymphoid-T
c_1_34_978,Lymphoid-T
c_1_34_979,Lymphoid-Other
c_1_34_980,Lymphoid-T
c_1_34_981,Lymphoid-Other
c_1_34_982,Lymphoid-T
c_1_34_983,Lymphoid-Other
c_1_34_984,Lymphoid-T
c_1_34_985,Lymphoid-T
c_1_34_986,Lymphoid-T
c_1_34_987,None
c_1_34_988,Endothelial
c_1_34_989,Lymphoid-Other
c_1_34_990,Lymphoid-T
c_1_34_991,Lymphoid-T
c_1_34_992,Lymphoid-Other
c_1_34_993,Lymphoid-T
c_1_34_994,Lymphoid-Other
c_1_34_995,Endothelial
c_1_34_996,Lymphoid-T
c_1_34_997,Lymphoid-T
c_1_34_998,Lymphoid-T
c_1_34_999,Lymphoid-T
c_1_34_1000,Lymphoid-T
c_1_34_1001,Lymphoid-T
c_1_34_1002,Lymphoid-T
c_1_34_1003,Lymphoid-B
c_1_34_1004,Lymphoid-T
c_1_34_1005,Lymphoid-T
c_1_34_1006,Lymphoid-T
c_1_34_1007,Lymphoid-T
c_1_34_1008,Lymphoid-T
c_1_34_1009,Lymphoid-T
c_1_34_1010,Lymphoid-T
c_1_34_1011,Lymphoid-Other
c_1_34_1012,Lymphoid-T
c_1_34_1013,Lymphoid-T
c_1_34_1014,Lymphoid-T
c_1_34_1015,Lymphoid-DC
c_1_34_1016,Lymphoid-T
c_1_34_1017,Lymphoid-T
c_1_34_1018,None
c_1_34_1019,Lymphoid-B
c_1_34_1020,Lymphoid-DC
c_1_34_1021,Lymphoid-T
c_1_34_1022,Lymphoid-T
c_1_34_1023,Lymphoid-Other
c_1_34_1024,Lymphoid-T
c_1_34_1025,Lymphoid-T
c_1_34_1026,Lymphoid-T
c_1_34_1027,Lymphoid-T
c_1_34_1028,Lymphoid-T
c_1_34_1029,Lymphoid-DC
c_1_34_1030,Lymphoid-T
c_1_34_1031,Lymphoid-T
c_1_34_1032,Lymphoid-T
c_1_34_1033,Lymphoid-T
c_1_34_1034,Lymphoid-T
c_1_34_1035,Lymphoid-T
c_1_34_1036,Lymphoid-T
c_1_34_1037,Lymphoid-Other
c_1_34_1038,Lymphoid-T
c_1_34_1039,Lymphoid-Other
c_1_34_1040,Lymphoid-Other
c_1_34_1041,Lymphoid-T
c_1_34_1042,Lymphoid-DC
c_1_34_1043,Lymphoid-T
c_1_34_1044,Lymphoid-T
c_1_34_1045,Lymphoid-T
c_1_34_1046,Lymphoid-T
c_1_34_1047,Lymphoid-T
c_1_34_1048,Lymphoid-Other
c_1_34_1049,Lymphoid-T
c_1_34_1050,Lymphoid-T
c_1_34_1051,Lymphoid-Other
c_1_34_1052,Lymphoid-T
c_1_34_1053,Lymphoid-T
c_1_34_1054,Lymphoid-Other
c_1_34_1055,Lymphoid-DC
c_1_34_1056,Lymphoid-T
c_1_34_1057,Lymphoid-T
c_1_34_1058,Lymphoid-Other
c_1_34_1059,Lymphoid-Other
c_1_34_1060,Lymphoid-B
c_1_34_1061,Lymphoid-T
c_1_34_1062,Lymphoid-T
c_1_34_1063,None
c_1_34_1064,Lymphoid-T
c_1_34_1065,Lymphoid-T
c_1_34_1066,Lymphoid-T
c_1_34_1067,Lymphoid-T
c_1_34_1068,Lymphoid-Other
c_1_34_1069,Lymphoid-Other
c_1_34_1070,Lymphoid-T
c_1_34_1071,Lymphoid-T
c_1_34_1072,Lymphoid-T
c_1_34_1073,Lymphoid-T
c_1_34_1074,Lymphoid-Other
c_1_34_1075,Lymphoid-T
c_1_34_1076,Lymphoid-T
c_1_34_1077,Lymphoid-T
c_1_34_1078,Lymphoid-Other
c_1_34_1079,Lymphoid-Other
c_1_34_1080,Lymphoid-T
c_1_34_1081,Lymphoid-T
c_1_34_1082,Lymphoid-T
c_1_34_1083,Lymphoid-B
c_1_34_1084,Lymphoid-T
c_1_34_1085,Lymphoid-T
c_1_34_1086,Lymphoid-T
c_1_34_1087,Lymphoid-T
c_1_34_1088,Lymphoid-Other
c_1_34_1089,Endothelial
c_1_34_1090,Lymphoid-T
c_1_34_1091,Lymphoid-T
c_1_34_1092,Lymphoid-T
c_1_34_1093,Lymphoid-T
c_1_34_1094,Lymphoid-T
c_1_34_1095,Lymphoid-B
c_1_34_1096,Lymphoid-T
c_1_34_1097,Epithelial
c_1_34_1098,Lymphoid-Other
c_1_34_1099,Lymphoid-B
c_1_34_1100,Lymphoid-B
c_1_34_1101,Lymphoid-Other
c_1_34_1102,Lymphoid-Other
c_1_34_1103,Lymphoid-Other
c_1_34_1104,Lymphoid-T
c_1_34_1105,Epithelial
c_1_34_1106,Lymphoid-Plasma
c_1_34_1107,Lymphoid-T
c_1_34_1108,Lymphoid-Other
c_1_34_1109,Lymphoid-T
c_1_34_1110,Lymphoid-Other
c_1_34_1111,Lymphoid-T
c_1_34_1112,Lymphoid-T
c_1_34_1113,Myeloid
c_1_34_1114,Lymphoid-T
c_1_34_1115,Lymphoid-T
c_1_34_1116,Lymphoid-T
c_1_34_1117,Lymphoid-Plasma
c_1_34_1118,Lymphoid-B
c_1_34_1119,Lymphoid-Other
c_1_34_1120,Lymphoid-Other
c_1_34_1121,Lymphoid-Other
c_1_34_1122,Lymphoid-T
c_1_34_1123,Lymphoid-T
c_1_34_1124,Lymphoid-T
c_1_34_1125,Lymphoid-Other
c_1_34_1126,Lymphoid-Other
c_1_34_1127,Lymphoid-T
c_1_34_1128,Lymphoid-Other
c_1_34_1129,Lymphoid-B
c_1_34_1130,Lymphoid-T
c_1_34_1131,Lymphoid-Other
c_1_34_1132,Lymphoid-B
c_1_34_1133,None
c_1_34_1134,Lymphoid-T
c_1_34_1135,Lymphoid-T
c_1_34_1136,Lymphoid-Other
c_1_34_1137,Lymphoid-Other
c_1_34_1138,Lymphoid-T
c_1_34_1139,Lymphoid-DC
c_1_34_1140,Lymphoid-T
c_1_34_1141,Lymphoid-T
c_1_34_1142,Lymphoid-T
c_1_34_1143,Lymphoid-B
c_1_34_1144,Lymphoid-Other
c_1_34_1145,Lymphoid-T
c_1_34_1146,Lymphoid-Other
c_1_34_1147,Lymphoid-Other
c_1_34_1148,Endothelial
c_1_34_1149,Lymphoid-T
c_1_34_1150,Lymphoid-Other
c_1_34_1151,Lymphoid-Other
c_1_34_1152,Lymphoid-T
c_1_34_1153,Endothelial
c_1_34_1154,Lymphoid-T
c_1_34_1155,Lymphoid-T
c_1_34_1156,Lymphoid-DC
c_1_34_1157,Lymphoid-T
c_1_34_1158,Lymphoid-Other
c_1_34_1159,None
c_1_34_1160,Lymphoid-T
c_1_34_1161,Lymphoid-T
c_1_34_1162,Lymphoid-DC
c_1_34_1163,Lymphoid-Other
c_1_34_1164,Lymphoid-T
c_1_34_1165,Lymphoid-Other
c_1_34_1166,Lymphoid-Other
c_1_34_1167,Lymphoid-T
c_1_34_1168,Myeloid
c_1_34_1169,Lymphoid-Other
c_1_34_1170,Lymphoid-T
c_1_34_1171,Lymphoid-B
c_1_34_1172,Lymphoid-T
c_1_34_1173,Lymphoid-T
c_1_34_1174,Lymphoid-T
c_1_34_1175,Lymphoid-T
c_1_34_1176,Lymphoid-Other
c_1_34_1177,Lymphoid-T
c_1_34_1178,Lymphoid-T
c_1_34_1179,Lymphoid-T
c_1_34_1180,Lymphoid-T
c_1_34_1181,Lymphoid-T
c_1_34_1182,Lymphoid-T
c_1_34_1183,Lymphoid-Other
c_1_34_1184,Lymphoid-T
c_1_34_1185,Lymphoid-T
c_1_34_1186,Lymphoid-T
c_1_34_1187,Lymphoid-T
c_1_34_1188,Lymphoid-T
c_1_34_1189,Lymphoid-T
c_1_34_1190,Lymphoid-Plasma
c_1_34_1191,Lymphoid-T
c_1_34_1192,Lymphoid-Other
c_1_34_1193,Lymphoid-Other
c_1_34_1194,Lymphoid-T
c_1_34_1195,Lymphoid-T
c_1_34_1196,Lymphoid-Other
c_1_34_1197,Lymphoid-T
c_1_34_1198,Lymphoid-Other
c_1_34_1199,Lymphoid-Other
c_1_34_1200,Lymphoid-T
c_1_34_1201,None
c_1_34_1202,Lymphoid-Other
c_1_34_1203,Lymphoid-T
c_1_34_1204,Lymphoid-DC
c_1_34_1205,Lymphoid-T
c_1_34_1206,Lymphoid-T
c_1_34_1207,Myeloid
c_1_34_1208,Lymphoid-DC
c_1_34_1209,Lymphoid-T
c_1_34_1210,Lymphoid-Other
c_1_34_1211,Lymphoid-Other
c_1_34_1212,Lymphoid-T
c_1_34_1213,Lymphoid-Other
c_1_34_1214,Myeloid
c_1_34_1215,Lymphoid-T
c_1_34_1216,Lymphoid-T
c_1_34_1217,Lymphoid-T
c_1_34_1218,Lymphoid-T
c_1_34_1219,Lymphoid-B
c_1_34_1220,Lymphoid-Plasma
c_1_34_1221,Lymphoid-T
c_1_34_1222,Lymphoid-T
c_1_34_1223,Lymphoid-Other
c_1_34_1224,Lymphoid-B
c_1_34_1225,Lymphoid-B
c_1_34_1226,Lymphoid-Other
c_1_34_1227,Lymphoid-DC
c_1_34_1228,Lymphoid-Other
c_1_34_1229,Lymphoid-T
c_1_34_1230,Lymphoid-T
c_1_34_1231,Lymphoid-T
c_1_34_1232,Lymphoid-T
c_1_34_1233,Lymphoid-T
c_1_34_1234,Lymphoid-T
c_1_34_1235,Lymphoid-Other
c_1_34_1236,Myeloid
c_1_34_1237,Lymphoid-Other
c_1_34_1238,Lymphoid-Other
c_1_34_1239,Lymphoid-B
c_1_34_1240,Lymphoid-Other
c_1_34_1241,Lymphoid-DC
c_1_34_1242,None
c_1_34_1243,Endothelial
c_1_34_1244,None
c_1_34_1245,Lymphoid-T
c_1_34_1246,Lymphoid-Other
c_1_34_1247,Lymphoid-B
c_1_34_1248,Lymphoid-B
c_1_34_1249,Lymphoid-DC
c_1_34_1250,Lymphoid-T
c_1_34_1251,Lymphoid-Other
c_1_34_1252,Lymphoid-DC
c_1_34_1253,Lymphoid-Other
c_1_34_1254,Lymphoid-T
c_1_34_1255,Lymphoid-Other
c_1_34_1256,Lymphoid-T
c_1_34_1257,Lymphoid-T
c_1_34_1258,Lymphoid-T
c_1_34_1259,Lymphoid-T
c_1_34_1260,Lymphoid-DC
c_1_34_1261,Lymphoid-T
c_1_34_1262,Lymphoid-B
c_1_34_1263,Lymphoid-T
c_1_34_1264,Lymphoid-T
c_1_34_1265,Lymphoid-Other
c_1_34_1266,Lymphoid-Other
c_1_34_1267,Lymphoid-T
c_1_34_1268,Lymphoid-T
c_1_34_1269,Lymphoid-DC
c_1_34_1270,Lymphoid-T
c_1_34_1271,Lymphoid-T
c_1_34_1272,Lymphoid-T
c_1_34_1273,Lymphoid-T
c_1_34_1274,Lymphoid-T
c_1_34_1275,Lymphoid-T
c_1_34_1276,Lymphoid-T
c_1_34_1277,Lymphoid-Other
c_1_34_1278,Lymphoid-B
c_1_34_1279,Lymphoid-Other
c_1_34_1280,Lymphoid-T
c_1_34_1281,Lymphoid-B
c_1_34_1282,Lymphoid-T
c_1_34_1283,Lymphoid-T
c_1_34_1284,Lymphoid-T
c_1_34_1285,Lymphoid-T
c_1_34_1286,None
c_1_34_1287,Lymphoid-T
c_1_34_1288,Endothelial
c_1_34_1289,Lymphoid-DC
c_1_34_1290,Lymphoid-Other
c_1_34_1291,Lymphoid-T
c_1_34_1292,Lymphoid-B
c_1_34_1293,Lymphoid-B
c_1_34_1294,Lymphoid-B
c_1_34_1295,Lymphoid-DC
c_1_34_1296,Lymphoid-T
c_1_34_1297,Lymphoid-T
c_1_34_1298,Lymphoid-B
c_1_34_1299,Lymphoid-T
c_1_34_1300,None
c_1_34_1301,Lymphoid-Plasma
c_1_34_1302,Lymphoid-T
c_1_34_1303,Lymphoid-B
c_1_34_1304,Lymphoid-T
c_1_34_1305,Lymphoid-T
c_1_34_1306,Lymphoid-Other
c_1_34_1307,Lymphoid-T
c_1_34_1308,Lymphoid-B
c_1_34_1309,Lymphoid-T
c_1_34_1310,Lymphoid-T
c_1_34_1311,Lymphoid-B
c_1_34_1312,Lymphoid-Other
c_1_34_1313,Lymphoid-T
c_1_34_1314,Lymphoid-T
c_1_34_1315,Lymphoid-Other
c_1_34_1316,Lymphoid-B
c_1_34_1317,Lymphoid-T
c_1_34_1318,Lymphoid-Other
c_1_34_1319,Lymphoid-T
c_1_34_1320,Lymphoid-T
c_1_34_1321,Lymphoid-B
c_1_34_1322,Lymphoid-Other
c_1_34_1323,Lymphoid-T
c_1_34_1324,Lymphoid-Other
c_1_34_1325,Lymphoid-Other
c_1_34_1326,Lymphoid-T
c_1_34_1327,Lymphoid-Other
c_1_34_1328,Lymphoid-T
c_1_34_1329,Lymphoid-T
c_1_34_1330,Lymphoid-B
c_1_34_1331,Lymphoid-B
c_1_34_1332,Lymphoid-B
c_1_34_1333,Endothelial
c_1_34_1334,Lymphoid-Other
c_1_34_1335,Lymphoid-Other
c_1_34_1336,Lymphoid-T
c_1_34_1337,Lymphoid-B
c_1_34_1338,Lymphoid-T
c_1_34_1339,Lymphoid-B
c_1_34_1340,Lymphoid-Other
c_1_34_1341,Lymphoid-B
c_1_34_1342,Lymphoid-B
c_1_34_1343,Lymphoid-T
c_1_34_1344,Lymphoid-T
c_1_34_1345,Lymphoid-Other
c_1_34_1346,Lymphoid-Other
c_1_34_1347,Lymphoid-B
c_1_34_1348,Lymphoid-T
c_1_34_1349,Lymphoid-T
c_1_34_1350,Lymphoid-B
c_1_34_1351,Lymphoid-Other
c_1_34_1352,Lymphoid-Other
c_1_34_1353,Lymphoid-T
c_1_34_1354,Lymphoid-T
c_1_34_1355,Lymphoid-B
c_1_34_1356,Lymphoid-B
c_1_34_1357,Lymphoid-T
c_1_34_1358,Lymphoid-T
c_1_34_1359,Lymphoid-B
c_1_34_1360,Endothelial
c_1_34_1361,Lymphoid-B
c_1_34_1362,Lymphoid-T
c_1_34_1363,Lymphoid-Other
c_1_34_1364,Lymphoid-T
c_1_34_1365,Lymphoid-B
c_1_34_1366,Lymphoid-Other
c_1_34_1367,Lymphoid-T
c_1_34_1368,Lymphoid-T
c_1_34_1369,Lymphoid-T
c_1_34_1370,Lymphoid-B
c_1_34_1371,Lymphoid-T
c_1_34_1372,Lymphoid-T
c_1_34_1373,Lymphoid-B
c_1_34_1374,Lymphoid-Other
c_1_34_1375,Lymphoid-T
c_1_34_1376,Endothelial
c_1_34_1377,Lymphoid-Other
c_1_34_1378,Lymphoid-T
c_1_34_1379,Lymphoid-Other
c_1_34_1380,Lymphoid-Other
c_1_34_1381,Lymphoid-T
c_1_34_1382,Lymphoid-T
c_1_34_1383,Lymphoid-T
c_1_34_1384,Lymphoid-T
c_1_34_1385,Lymphoid-T
c_1_34_1386,Endothelial
c_1_34_1387,Lymphoid-T
c_1_34_1388,Lymphoid-T
c_1_34_1389,Lymphoid-T
c_1_34_1390,Lymphoid-B
c_1_34_1391,Lymphoid-T
c_1_34_1392,Lymphoid-T
c_1_34_1393,Lymphoid-B
c_1_34_1394,Lymphoid-B
c_1_34_1395,Lymphoid-B
c_1_34_1396,Lymphoid-B
c_1_34_1397,Lymphoid-B
c_1_34_1398,Lymphoid-Other
c_1_34_1399,Lymphoid-T
c_1_34_1400,Lymphoid-T
c_1_34_1401,Lymphoid-T
c_1_34_1402,Lymphoid-B
c_1_34_1403,Lymphoid-T
c_1_34_1404,Lymphoid-B
c_1_34_1405,Endothelial
c_1_34_1406,Myeloid
c_1_34_1407,Lymphoid-Other
c_1_34_1408,Lymphoid-Other
c_1_34_1409,Lymphoid-T
c_1_34_1410,Lymphoid-T
c_1_34_1411,Lymphoid-B
c_1_34_1412,Lymphoid-B
c_1_34_1413,Lymphoid-B
c_1_34_1414,Lymphoid-Plasma
c_1_34_1415,Lymphoid-Other
c_1_34_1416,Lymphoid-B
c_1_34_1417,Lymphoid-B
c_1_34_1418,Lymphoid-B
c_1_34_1419,Lymphoid-B
c_1_34_1420,Lymphoid-Other
c_1_34_1421,Lymphoid-T
c_1_34_1422,Lymphoid-B
c_1_34_1423,Lymphoid-T
c_1_34_1424,Lymphoid-Other
c_1_34_1425,Lymphoid-T
c_1_34_1426,Lymphoid-B
c_1_34_1427,Lymphoid-B
c_1_34_1428,Lymphoid-T
c_1_34_1429,Lymphoid-Other
c_1_34_1430,Lymphoid-T
c_1_34_1431,Lymphoid-T
c_1_34_1432,Lymphoid-B
c_1_34_1433,Lymphoid-Other
c_1_34_1434,Lymphoid-B
c_1_34_1435,Lymphoid-T
c_1_34_1436,Lymphoid-B
c_1_34_1437,Lymphoid-Other
c_1_34_1438,Lymphoid-T
c_1_34_1439,Lymphoid-T
c_1_34_1440,Lymphoid-T
c_1_34_1441,Lymphoid-T
c_1_34_1442,Lymphoid-Other
c_1_34_1443,Lymphoid-T
c_1_34_1444,Lymphoid-Other
c_1_34_1445,Lymphoid-DC
c_1_34_1446,Lymphoid-Other
c_1_34_1447,Lymphoid-T
c_1_34_1448,Lymphoid-Other
c_1_34_1449,Lymphoid-Other
c_1_34_1450,Lymphoid-B
c_1_34_1451,Lymphoid-B
c_1_34_1452,Lymphoid-B
c_1_34_1453,Lymphoid-T
c_1_34_1454,Lymphoid-B
c_1_34_1455,Lymphoid-T
c_1_34_1456,Lymphoid-Other
c_1_34_1457,Lymphoid-Other
c_1_34_1458,Lymphoid-B
c_1_34_1459,Lymphoid-Other
c_1_34_1460,Lymphoid-B
c_1_34_1461,Lymphoid-T
c_1_34_1462,Lymphoid-B
c_1_34_1463,Lymphoid-T
c_1_34_1464,Lymphoid-Other
c_1_34_1465,Lymphoid-B
c_1_34_1466,Lymphoid-T
c_1_34_1467,Lymphoid-T
c_1_34_1468,Lymphoid-B
c_1_34_1469,Lymphoid-B
c_1_34_1470,Lymphoid-T
c_1_34_1471,Lymphoid-T
c_1_34_1472,Lymphoid-B
c_1_34_1473,Lymphoid-T
c_1_34_1474,Lymphoid-B
c_1_34_1475,Lymphoid-B
c_1_34_1476,None
c_1_34_1477,Lymphoid-B
c_1_34_1478,Lymphoid-T
c_1_34_1479,Lymphoid-T
c_1_34_1480,Lymphoid-B
c_1_34_1481,Lymphoid-T
c_1_34_1482,Lymphoid-DC
c_1_34_1483,Lymphoid-B
c_1_34_1484,Lymphoid-T
c_1_34_1485,Lymphoid-Other
c_1_34_1486,Myeloid
c_1_34_1487,Lymphoid-B
c_1_34_1488,Lymphoid-DC
c_1_34_1489,None
c_1_34_1490,Lymphoid-B
c_1_34_1491,Lymphoid-T
c_1_34_1492,Lymphoid-T
c_1_34_1493,Lymphoid-T
c_1_34_1494,Lymphoid-Other
c_1_34_1495,Lymphoid-T
c_1_34_1496,Lymphoid-Other
c_1_34_1497,Lymphoid-T
c_1_34_1498,Lymphoid-T
c_1_34_1499,Lymphoid-B
c_1_34_1500,Lymphoid-Other
c_1_34_1501,Lymphoid-T
c_1_34_1502,Lymphoid-Other
c_1_34_1503,Lymphoid-Other
c_1_34_1504,Lymphoid-T
c_1_34_1505,Lymphoid-T
c_1_34_1506,Lymphoid-B
c_1_34_1507,Lymphoid-T
c_1_34_1508,Lymphoid-B
c_1_34_1509,Lymphoid-B
c_1_34_1510,Lymphoid-T
c_1_34_1511,Lymphoid-T
c_1_34_1512,Lymphoid-B
c_1_34_1513,Lymphoid-T
c_1_34_1514,Lymphoid-B
c_1_34_1515,Lymphoid-T
c_1_34_1516,Lymphoid-T
c_1_34_1517,Lymphoid-B
c_1_34_1518,Lymphoid-B
c_1_34_1519,Endothelial
c_1_34_1520,Lymphoid-Plasma
c_1_34_1521,Lymphoid-B
c_1_34_1522,Lymphoid-Other
c_1_34_1523,Lymphoid-T
c_1_34_1524,Lymphoid-T
c_1_34_1525,Lymphoid-B
c_1_34_1526,Lymphoid-B
c_1_34_1527,Lymphoid-Plasma
c_1_34_1528,Lymphoid-B
c_1_34_1529,Lymphoid-Other
c_1_34_1530,Lymphoid-B
c_1_34_1531,Lymphoid-B
c_1_34_1532,Lymphoid-B
c_1_34_1533,Lymphoid-T
c_1_34_1534,Lymphoid-B
c_1_34_1535,Lymphoid-T
c_1_34_1536,Lymphoid-Other
c_1_34_1537,Lymphoid-T
c_1_34_1538,Lymphoid-T
c_1_34_1539,Lymphoid-T
c_1_34_1540,Lymphoid-B
c_1_34_1541,Lymphoid-B
c_1_34_1542,Lymphoid-T
c_1_34_1543,Lymphoid-B
c_1_34_1544,Lymphoid-T
c_1_34_1545,Lymphoid-Plasma
c_1_34_1546,Lymphoid-Other
c_1_34_1547,Lymphoid-B
c_1_34_1548,Lymphoid-B
c_1_34_1549,Lymphoid-B
c_1_34_1550,Lymphoid-T
c_1_34_1551,Lymphoid-DC
c_1_34_1552,Lymphoid-B
c_1_34_1553,Lymphoid-T
c_1_34_1554,Endothelial
c_1_34_1555,Lymphoid-B
c_1_34_1556,Lymphoid-B
c_1_34_1557,Lymphoid-Other
c_1_34_1558,Lymphoid-T
c_1_34_1559,Lymphoid-DC
c_1_34_1560,Lymphoid-T
c_1_34_1561,Lymphoid-Other
c_1_34_1562,Lymphoid-Other
c_1_34_1563,Lymphoid-B
c_1_34_1564,Lymphoid-B
c_1_34_1565,Lymphoid-DC
c_1_34_1566,Lymphoid-Other
c_1_34_1567,Lymphoid-B
c_1_34_1568,Lymphoid-Other
c_1_34_1569,Lymphoid-Other
c_1_34_1570,Lymphoid-B
c_1_34_1571,Lymphoid-Other
c_1_34_1572,Lymphoid-B
c_1_34_1573,Lymphoid-Other
c_1_34_1574,Lymphoid-DC
c_1_34_1575,Lymphoid-DC
c_1_34_1576,Endothelial
c_1_34_1577,Lymphoid-Other
c_1_34_1578,Myeloid
c_1_34_1579,Lymphoid-B
c_1_34_1580,Lymphoid-T
c_1_34_1581,Lymphoid-T
c_1_34_1582,Lymphoid-Other
c_1_34_1583,Endothelial
c_1_34_1584,Lymphoid-Other
c_1_34_1585,Lymphoid-T
c_1_34_1586,Lymphoid-T
c_1_34_1587,Lymphoid-B
c_1_34_1588,Lymphoid-Other
c_1_34_1589,Lymphoid-T
c_1_34_1590,Lymphoid-B
c_1_34_1591,Lymphoid-B
c_1_34_1592,Lymphoid-Other
c_1_34_1593,Lymphoid-T
c_1_34_1594,Lymphoid-B
c_1_34_1595,Lymphoid-B
c_1_34_1596,Lymphoid-B
c_1_34_1597,Lymphoid-Plasma
c_1_34_1598,Lymphoid-B
c_1_34_1599,Lymphoid-B
c_1_34_1600,Lymphoid-T
c_1_34_1601,Lymphoid-T
c_1_34_1602,Lymphoid-T
c_1_34_1603,Myeloid
c_1_34_1604,Lymphoid-B
c_1_34_1605,Lymphoid-B
c_1_34_1606,Lymphoid-Other
c_1_34_1607,Lymphoid-B
c_1_34_1608,Lymphoid-B
c_1_34_1609,Lymphoid-B
c_1_34_1610,Lymphoid-Other
c_1_34_1611,Lymphoid-T
c_1_34_1612,Lymphoid-T
c_1_34_1613,Lymphoid-B
c_1_34_1614,Lymphoid-B
c_1_34_1615,Lymphoid-DC
c_1_34_1616,Lymphoid-T
c_1_34_1617,Lymphoid-T
c_1_34_1618,Lymphoid-Other
c_1_34_1619,Lymphoid-T
c_1_34_1620,Lymphoid-B
c_1_34_1621,Lymphoid-B
c_1_34_1622,Lymphoid-T
c_1_34_1623,Lymphoid-Plasma
c_1_34_1624,Lymphoid-Other
c_1_34_1625,Lymphoid-DC
c_1_34_1626,Lymphoid-T
c_1_34_1627,Lymphoid-B
c_1_34_1628,Lymphoid-T
c_1_34_1629,Lymphoid-Other
c_1_34_1630,Lymphoid-Other
c_1_34_1631,Lymphoid-B
c_1_34_1632,Lymphoid-Other
c_1_34_1633,Lymphoid-T
c_1_34_1634,Lymphoid-B
c_1_34_1635,Lymphoid-B
c_1_34_1636,Lymphoid-B
c_1_34_1637,Lymphoid-Other
c_1_34_1638,Lymphoid-T
c_1_34_1639,Lymphoid-Other
c_1_34_1640,Lymphoid-B
c_1_34_1641,Lymphoid-Other
c_1_34_1642,Lymphoid-T
c_1_34_1643,Lymphoid-B
c_1_34_1644,Lymphoid-B
c_1_34_1645,Lymphoid-Other
c_1_34_1646,Lymphoid-B
c_1_34_1647,Lymphoid-B
c_1_34_1648,Lymphoid-B
c_1_34_1649,Lymphoid-DC
c_1_34_1650,Lymphoid-T
c_1_34_1651,Lymphoid-B
c_1_34_1652,Lymphoid-Other
c_1_34_1653,Lymphoid-T
c_1_34_1654,Lymphoid-DC
c_1_34_1655,Lymphoid-Other
c_1_34_1656,Lymphoid-B
c_1_34_1657,Lymphoid-T
c_1_34_1658,Lymphoid-T
c_1_34_1659,Lymphoid-Other
c_1_34_1660,Lymphoid-B
c_1_34_1661,Lymphoid-B
c_1_34_1662,Lymphoid-Other
c_1_34_1663,Lymphoid-T
c_1_34_1664,Lymphoid-Other
c_1_34_1665,Lymphoid-B
c_1_34_1666,Lymphoid-B
c_1_34_1667,Lymphoid-T
c_1_34_1668,Lymphoid-Other
c_1_34_1669,Lymphoid-B
c_1_34_1670,Lymphoid-B
c_1_34_1671,Lymphoid-T
c_1_34_1672,Lymphoid-B
c_1_34_1673,Lymphoid-B
c_1_34_1674,Lymphoid-B
c_1_34_1675,Lymphoid-B
c_1_34_1676,Lymphoid-T
c_1_34_1677,Lymphoid-B
c_1_34_1678,Lymphoid-Other
c_1_34_1679,Lymphoid-DC
c_1_34_1680,Lymphoid-B
c_1_34_1681,Lymphoid-T
c_1_34_1682,Endothelial
c_1_34_1683,Lymphoid-Other
c_1_34_1684,Epithelial
c_1_34_1685,Lymphoid-B
c_1_34_1686,Lymphoid-B
c_1_34_1687,Lymphoid-Other
c_1_34_1688,Lymphoid-B
c_1_34_1689,Lymphoid-T
c_1_34_1690,Lymphoid-B
c_1_34_1691,Lymphoid-Other
c_1_34_1692,Lymphoid-B
c_1_34_1693,Lymphoid-Other
c_1_34_1694,Lymphoid-T
c_1_34_1695,Lymphoid-B
c_1_34_1696,Lymphoid-B
c_1_34_1697,Endothelial
c_1_34_1698,Lymphoid-DC
c_1_34_1699,Lymphoid-T
c_1_34_1700,Lymphoid-B
c_1_34_1701,Lymphoid-T
c_1_34_1702,Lymphoid-B
c_1_34_1703,Lymphoid-T
c_1_34_1704,Lymphoid-T
c_1_34_1705,Lymphoid-T
c_1_34_1706,Lymphoid-B
c_1_34_1707,Lymphoid-B
c_1_34_1708,Lymphoid-T
c_1_34_1709,Lymphoid-B
c_1_34_1710,Lymphoid-Other
c_1_34_1711,Lymphoid-B
c_1_34_1712,Myeloid
c_1_34_1713,Lymphoid-B
c_1_34_1714,Lymphoid-T
c_1_34_1715,Lymphoid-Other
c_1_34_1716,Endothelial
c_1_34_1717,Lymphoid-Other
c_1_34_1718,Myeloid
c_1_34_1719,None
c_1_34_1720,Lymphoid-T
c_1_34_1721,Epithelial
c_1_34_1722,Lymphoid-T
c_1_34_1723,Lymphoid-T
c_1_34_1724,Lymphoid-B
c_1_34_1725,Lymphoid-T
c_1_34_1726,Lymphoid-B
c_1_34_1727,Lymphoid-Other
c_1_34_1728,Endothelial
c_1_34_1729,Lymphoid-T
c_1_34_1730,Lymphoid-T
c_1_34_1731,Lymphoid-Other
c_1_34_1732,Lymphoid-B
c_1_34_1733,Lymphoid-T
c_1_34_1734,Lymphoid-B
c_1_34_1735,Lymphoid-B
c_1_34_1736,Lymphoid-T
c_1_34_1737,Lymphoid-Other
c_1_34_1738,Lymphoid-B
c_1_34_1739,Lymphoid-Other
c_1_34_1740,None
c_1_34_1741,Lymphoid-Other
c_1_34_1742,Lymphoid-B
c_1_34_1743,Lymphoid-T
c_1_34_1744,Lymphoid-B
c_1_34_1745,Lymphoid-Other
c_1_34_1746,Endothelial
c_1_34_1747,Lymphoid-B
c_1_34_1748,Lymphoid-B
c_1_34_1749,Lymphoid-Other
c_1_34_1750,Lymphoid-B
c_1_34_1751,Lymphoid-Other
c_1_34_1752,Lymphoid-Other
c_1_34_1753,Lymphoid-T
c_1_34_1754,Lymphoid-B
c_1_34_1755,Lymphoid-T
c_1_34_1756,Lymphoid-B
c_1_34_1757,Lymphoid-T
c_1_34_1758,Lymphoid-T
c_1_34_1759,Lymphoid-T
c_1_34_1760,Lymphoid-Other
c_1_34_1761,Lymphoid-B
c_1_34_1762,Lymphoid-Other
c_1_34_1763,Lymphoid-Plasma
c_1_34_1764,Lymphoid-DC
c_1_34_1765,Myeloid
c_1_34_1766,Lymphoid-B
c_1_34_1767,Lymphoid-B
c_1_34_1768,Lymphoid-B
c_1_34_1769,Lymphoid-B
c_1_34_1770,Lymphoid-Other
c_1_34_1771,Lymphoid-Other
c_1_34_1772,Lymphoid-B
c_1_34_1773,Lymphoid-Other
c_1_34_1774,Lymphoid-Other
c_1_34_1775,Lymphoid-B
c_1_34_1776,Lymphoid-B
c_1_34_1777,Lymphoid-B
c_1_34_1778,Lymphoid-T
c_1_34_1779,Lymphoid-T
c_1_34_1780,Lymphoid-B
c_1_34_1781,Lymphoid-Other
c_1_34_1782,Lymphoid-B
c_1_34_1783,Lymphoid-Other
c_1_34_1784,Lymphoid-B
c_1_34_1785,Lymphoid-T
c_1_34_1786,Endothelial
c_1_34_1787,Lymphoid-Other
c_1_34_1788,Lymphoid-DC
c_1_34_1789,Lymphoid-DC
c_1_34_1790,Lymphoid-Other
c_1_34_1791,Lymphoid-T
c_1_34_1792,Lymphoid-B
c_1_34_1793,Lymphoid-B
c_1_34_1794,Lymphoid-T
c_1_34_1795,Lymphoid-B
c_1_34_1796,Lymphoid-B
c_1_34_1797,Myeloid
c_1_34_1798,Lymphoid-Plasma
c_1_34_1799,Lymphoid-B
c_1_34_1800,Lymphoid-Other
c_1_34_1801,None
c_1_34_1802,Lymphoid-DC
c_1_34_1803,Lymphoid-Other
c_1_34_1804,Lymphoid-Other
c_1_34_1805,Lymphoid-Other
c_1_34_1806,Lymphoid-Other
c_1_34_1807,Lymphoid-DC
c_1_34_1808,Lymphoid-T
c_1_34_1809,Lymphoid-B
c_1_34_1810,Lymphoid-B
c_1_34_1811,Lymphoid-Other
c_1_34_1812,Lymphoid-Other
c_1_34_1813,Lymphoid-Other
c_1_34_1814,Lymphoid-B
c_1_34_1815,Lymphoid-B
c_1_34_1816,Lymphoid-Other
c_1_34_1817,Lymphoid-Other
c_1_34_1818,Lymphoid-Other
c_1_34_1819,Lymphoid-Plasma
c_1_34_1820,Lymphoid-B
c_1_34_1821,Lymphoid-B
c_1_34_1822,Lymphoid-Other
c_1_34_1823,Lymphoid-B
c_1_34_1824,Lymphoid-DC
c_1_34_1825,None
c_1_34_1826,Lymphoid-B
c_1_34_1827,Lymphoid-B
c_1_34_1828,Endothelial
c_1_34_1829,None
c_1_34_1830,Lymphoid-Other
c_1_34_1831,Lymphoid-T
c_1_34_1832,Lymphoid-Other
c_1_34_1833,Lymphoid-Other
c_1_34_1834,Lymphoid-T
c_1_34_1835,Lymphoid-Other
c_1_34_1836,None
c_1_34_1837,Lymphoid-T
c_1_34_1838,Lymphoid-B
c_1_34_1839,Lymphoid-Other
c_1_34_1840,Lymphoid-Other
c_1_34_1841,None
c_1_34_1842,Lymphoid-B
c_1_34_1843,Myeloid
c_1_34_1844,Lymphoid-B
c_1_34_1845,Lymphoid-B
c_1_34_1846,Lymphoid-B
c_1_34_1847,Lymphoid-Other
c_1_34_1848,Myeloid
c_1_34_1849,Lymphoid-T
c_1_34_1850,Lymphoid-B
c_1_34_1851,Lymphoid-T
c_1_34_1852,Lymphoid-B
c_1_34_1853,Lymphoid-Other
c_1_34_1854,Lymphoid-Plasma
c_1_34_1855,Lymphoid-T
c_1_34_1856,Lymphoid-B
c_1_34_1857,Lymphoid-T
c_1_34_1858,Lymphoid-T
c_1_34_1859,Lymphoid-DC
c_1_34_1860,Lymphoid-T
c_1_34_1861,Lymphoid-B
c_1_34_1862,Lymphoid-T
c_1_34_1863,Lymphoid-DC
c_1_34_1864,Lymphoid-B
c_1_34_1865,Myeloid
c_1_34_1866,Lymphoid-Other
c_1_34_1867,Lymphoid-Other
c_1_34_1868,Lymphoid-T
c_1_34_1869,Lymphoid-Other
c_1_34_1870,Lymphoid-T
c_1_34_1871,None
c_1_34_1872,Lymphoid-T
c_1_34_1873,Lymphoid-Other
c_1_34_1874,Lymphoid-Other
c_1_34_1875,Lymphoid-B
c_1_34_1876,Lymphoid-B
c_1_34_1877,Lymphoid-T
c_1_34_1878,Lymphoid-T
c_1_34_1879,Lymphoid-Other
c_1_34_1880,Lymphoid-DC
c_1_34_1881,Lymphoid-B
c_1_34_1882,Lymphoid-T
c_1_34_1883,Lymphoid-T
c_1_34_1884,Epithelial
c_1_34_1885,Lymphoid-Other
c_1_34_1886,Lymphoid-T
c_1_34_1887,Lymphoid-Other
c_1_34_1888,Lymphoid-T
c_1_34_1889,Lymphoid-B
c_1_34_1890,Lymphoid-T
c_1_34_1891,Lymphoid-B
c_1_34_1892,Lymphoid-B
c_1_34_1893,Lymphoid-Other
c_1_34_1894,Lymphoid-B
c_1_34_1895,Lymphoid-B
c_1_34_1896,Lymphoid-B
c_1_34_1897,Lymphoid-Other
c_1_34_1898,Lymphoid-T
c_1_34_1899,Lymphoid-Other
c_1_34_1900,Lymphoid-B
c_1_34_1901,Stem
c_1_34_1902,Lymphoid-Other
c_1_34_1903,Lymphoid-B
c_1_34_1904,None
c_1_34_1905,Lymphoid-B
c_1_34_1906,Epithelial
c_1_34_1907,Lymphoid-DC
c_1_34_1908,Lymphoid-T
c_1_34_1909,Lymphoid-T
c_1_34_1910,Lymphoid-B
c_1_34_1911,None
c_1_34_1912,Lymphoid-DC
c_1_34_1913,Lymphoid-T
c_1_34_1914,Lymphoid-B
c_1_34_1915,Lymphoid-Other
c_1_34_1916,Lymphoid-Other
c_1_34_1917,Lymphoid-Other
c_1_34_1918,Lymphoid-Other
c_1_34_1919,Lymphoid-Other
c_1_34_1920,Lymphoid-T
c_1_34_1921,None
c_1_34_1922,Lymphoid-Plasma
c_1_34_1923,Lymphoid-B
c_1_34_1924,Lymphoid-Other
c_1_34_1925,Lymphoid-Other
c_1_34_1926,Lymphoid-B
c_1_34_1927,Lymphoid-Other
c_1_34_1928,Lymphoid-Other
c_1_34_1929,Lymphoid-T
c_1_34_1930,Lymphoid-B
c_1_34_1931,Lymphoid-B
c_1_34_1932,Lymphoid-B
c_1_34_1933,Myeloid
c_1_34_1934,Lymphoid-Other
c_1_34_1935,Lymphoid-Other
c_1_34_1936,Lymphoid-T
c_1_34_1937,Lymphoid-B
c_1_34_1938,Lymphoid-Plasma
c_1_34_1939,Lymphoid-Plasma
c_1_34_1940,Lymphoid-Other
c_1_34_1941,Lymphoid-B
c_1_34_1942,Lymphoid-Other
c_1_34_1943,Lymphoid-T
c_1_34_1944,None
c_1_34_1945,Lymphoid-T
c_1_34_1946,Lymphoid-B
c_1_34_1947,Lymphoid-T
c_1_34_1948,Lymphoid-DC
c_1_34_1949,Epithelial
c_1_34_1950,Endothelial
c_1_34_1951,Lymphoid-DC
c_1_34_1952,Lymphoid-Other
c_1_34_1953,Lymphoid-Other
c_1_34_1954,Lymphoid-Other
c_1_34_1955,Myeloid
c_1_34_1956,Lymphoid-Other
c_1_34_1957,Lymphoid-Plasma
c_1_34_1958,Lymphoid-Other
c_1_34_1959,Lymphoid-DC
c_1_34_1960,Lymphoid-B
c_1_34_1961,Lymphoid-T
c_1_34_1962,Lymphoid-T
c_1_34_1963,Lymphoid-B
c_1_34_1964,Lymphoid-DC
c_1_34_1965,Lymphoid-T
c_1_34_1966,Lymphoid-Other
c_1_34_1967,Lymphoid-Other
c_1_34_1968,Lymphoid-DC
c_1_34_1969,Lymphoid-T
c_1_34_1970,Myeloid
c_1_34_1971,Lymphoid-Plasma
c_1_34_1972,Lymphoid-B
c_1_34_1973,None
c_1_34_1974,Myeloid
c_1_34_1975,Lymphoid-Other
c_1_34_1976,Epithelial
c_1_34_1977,Lymphoid-Other
c_1_34_1978,Myeloid
c_1_34_1979,Lymphoid-B
c_1_34_1980,Lymphoid-T
c_1_34_1981,Lymphoid-Other
c_1_34_1982,Lymphoid-Other
c_1_34_1983,Lymphoid-T
c_1_34_1984,Lymphoid-B
c_1_34_1985,Lymphoid-B
c_1_34_1986,Lymphoid-B
c_1_34_1987,Lymphoid-B
c_1_34_1988,Lymphoid-T
c_1_34_1989,None
c_1_34_1990,Lymphoid-B
c_1_34_1991,Lymphoid-Other
c_1_34_1992,Lymphoid-DC
c_1_34_1993,Lymphoid-Plasma
c_1_34_1994,Myeloid
c_1_34_1995,Lymphoid-Other
c_1_34_1996,Lymphoid-Other
c_1_34_1997,Lymphoid-B
c_1_34_1998,Lymphoid-B
c_1_34_1999,Lymphoid-Other
c_1_34_2000,None
c_1_34_2001,Lymphoid-B
c_1_34_2002,Endothelial
c_1_34_2003,Lymphoid-T
c_1_34_2004,Lymphoid-B
c_1_34_2005,Lymphoid-T
c_1_34_2006,Lymphoid-Other
c_1_34_2007,Lymphoid-B
c_1_34_2008,Myeloid
c_1_34_2009,Lymphoid-Other
c_1_34_2010,Lymphoid-Other
c_1_34_2011,Lymphoid-T
c_1_34_2012,Lymphoid-B
c_1_34_2013,Lymphoid-T
c_1_34_2014,Lymphoid-Other
c_1_34_2015,Lymphoid-T
c_1_34_2016,Lymphoid-DC
c_1_34_2017,Lymphoid-T
c_1_34_2018,Epithelial
c_1_34_2019,Epithelial
c_1_34_2020,Lymphoid-T
c_1_34_2021,Lymphoid-B
c_1_34_2022,Lymphoid-T
c_1_34_2023,Lymphoid-Other
c_1_34_2024,Lymphoid-Plasma
c_1_34_2025,Lymphoid-Other
c_1_34_2026,Mesenchymal-Stromal
c_1_34_2027,Lymphoid-T
c_1_34_2028,Lymphoid-T
c_1_34_2029,Lymphoid-Other
c_1_34_2030,Lymphoid-B
c_1_34_2031,Lymphoid-B
c_1_34_2032,Lymphoid-DC
c_1_34_2033,Lymphoid-T
c_1_34_2034,Lymphoid-T
c_1_34_2035,Lymphoid-T
c_1_34_2036,Lymphoid-T
c_1_34_2037,Lymphoid-T
c_1_34_2038,Lymphoid-DC
c_1_34_2039,Lymphoid-T
c_1_34_2040,Epithelial
c_1_34_2041,Lymphoid-B
c_1_34_2042,None
c_1_34_2043,Lymphoid-B
c_1_34_2044,Lymphoid-Other
c_1_34_2045,Lymphoid-T
c_1_34_2046,Lymphoid-T
c_1_34_2047,Lymphoid-T
c_1_34_2048,Lymphoid-T
c_1_34_2049,Lymphoid-T
c_1_34_2050,Lymphoid-Other
c_1_34_2051,Lymphoid-B
c_1_34_2052,Lymphoid-B
c_1_34_2053,Lymphoid-T
c_1_34_2054,Lymphoid-T
c_1_34_2055,Lymphoid-DC
c_1_34_2056,Lymphoid-T
c_1_34_2057,Lymphoid-B
c_1_34_2058,Lymphoid-T
c_1_34_2059,Lymphoid-T
c_1_34_2060,Lymphoid-T
c_1_34_2061,Epithelial
c_1_34_2062,Lymphoid-T
c_1_34_2063,Lymphoid-DC
c_1_34_2064,None
c_1_34_2065,Lymphoid-T
c_1_34_2066,Lymphoid-DC
c_1_34_2067,Lymphoid-T
c_1_34_2068,Lymphoid-T
c_1_34_2069,Lymphoid-T
c_1_34_2070,Lymphoid-T
c_1_34_2071,Lymphoid-T
c_1_34_2072,Lymphoid-Other
c_1_34_2073,Lymphoid-Other
c_1_34_2074,Myeloid
c_1_34_2075,Lymphoid-Other
c_1_34_2076,Lymphoid-Other
c_1_34_2077,Lymphoid-T
c_1_34_2078,Lymphoid-T
c_1_34_2079,Lymphoid-T
c_1_34_2080,Lymphoid-DC
c_1_34_2081,Endothelial
c_1_34_2082,Lymphoid-T
c_1_34_2083,Lymphoid-B
c_1_34_2084,Endothelial
c_1_34_2085,Lymphoid-Plasma
c_1_34_2086,Lymphoid-Other
c_1_34_2087,Lymphoid-Other
c_1_34_2088,Lymphoid-Plasma
c_1_34_2089,Lymphoid-Plasma
c_1_34_2090,Lymphoid-Other
c_1_34_2091,Lymphoid-T
c_1_34_2092,Lymphoid-Other
c_1_34_2093,Lymphoid-DC
c_1_34_2094,Lymphoid-Plasma
c_1_34_2095,Lymphoid-T
c_1_34_2096,Lymphoid-DC
c_1_34_2097,Lymphoid-T
c_1_34_2098,Lymphoid-T
c_1_34_2099,Lymphoid-T
c_1_34_2100,Lymphoid-B
c_1_34_2101,Myeloid
c_1_34_2102,Lymphoid-DC
c_1_34_2103,Lymphoid-Plasma
c_1_34_2104,Lymphoid-Other
c_1_34_2105,Lymphoid-B
c_1_34_2106,Lymphoid-B
c_1_34_2107,Epithelial
c_1_34_2108,Lymphoid-T
c_1_34_2109,Lymphoid-DC
c_1_34_2110,Lymphoid-Other
c_1_34_2111,Lymphoid-T
c_1_34_2112,None
c_1_34_2113,Lymphoid-T
c_1_34_2114,Lymphoid-B
c_1_34_2115,Lymphoid-B
c_1_34_2116,Lymphoid-Plasma
c_1_34_2117,Lymphoid-T
c_1_34_2118,Lymphoid-Other
c_1_34_2119,Lymphoid-Other
c_1_34_2120,Lymphoid-T
c_1_34_2121,Lymphoid-T
c_1_34_2122,Lymphoid-Plasma
c_1_34_2123,Lymphoid-Other
c_1_34_2124,Lymphoid-DC
c_1_34_2125,Lymphoid-T
c_1_34_2126,Myeloid
c_1_34_2127,Lymphoid-Plasma
c_1_34_2128,Endothelial
c_1_34_2129,Lymphoid-Other
c_1_34_2130,Lymphoid-T
c_1_34_2131,Lymphoid-Other
c_1_34_2132,Lymphoid-Other
c_1_34_2133,Lymphoid-T
c_1_34_2134,Epithelial
c_1_34_2135,Lymphoid-Plasma
c_1_34_2136,Lymphoid-DC
c_1_34_2137,Lymphoid-B
c_1_34_2138,Lymphoid-Plasma
c_1_34_2139,Lymphoid-Other
c_1_34_2140,Lymphoid-Other
c_1_34_2141,Lymphoid-T
c_1_34_2142,Lymphoid-T
c_1_34_2143,Lymphoid-Other
c_1_34_2144,Lymphoid-DC
c_1_34_2145,None
c_1_34_2146,Lymphoid-Other
c_1_34_2147,Lymphoid-Other
c_1_34_2148,Lymphoid-T
c_1_34_2149,Lymphoid-Plasma
c_1_34_2150,Lymphoid-Other
c_1_34_2151,Lymphoid-Other
c_1_34_2152,Lymphoid-DC
c_1_34_2153,Lymphoid-B
c_1_34_2154,Lymphoid-Other
c_1_34_2155,Lymphoid-B
c_1_34_2156,None
c_1_34_2157,Epithelial
c_1_34_2158,Lymphoid-Other
c_1_34_2159,Myeloid
c_1_34_2160,Lymphoid-DC
c_1_34_2161,Lymphoid-Plasma
c_1_34_2162,Lymphoid-T
c_1_34_2163,Lymphoid-Other
c_1_34_2164,Lymphoid-T
c_1_34_2165,Lymphoid-T
c_1_34_2166,Lymphoid-Other
c_1_34_2167,Lymphoid-T
c_1_34_2168,Lymphoid-DC
c_1_34_2169,Lymphoid-Other
c_1_34_2170,Lymphoid-T
c_1_34_2171,Lymphoid-DC
c_1_34_2172,Myeloid
c_1_34_2173,None
c_1_34_2174,Lymphoid-B
c_1_34_2175,Lymphoid-Plasma
c_1_34_2176,Lymphoid-Plasma
c_1_34_2177,Lymphoid-T
c_1_34_2178,Lymphoid-T
c_1_34_2179,Lymphoid-B
c_1_34_2180,Lymphoid-DC
c_1_34_2181,Lymphoid-T
c_1_34_2182,Lymphoid-T
c_1_34_2183,Lymphoid-Other
c_1_34_2184,Lymphoid-B
c_1_34_2185,Lymphoid-B
c_1_34_2186,Lymphoid-Plasma
c_1_34_2187,Lymphoid-Other
c_1_34_2188,Lymphoid-T
c_1_34_2189,Lymphoid-T
c_1_34_2190,Lymphoid-DC
c_1_34_2191,Lymphoid-T
c_1_34_2192,Lymphoid-Other
c_1_34_2193,Lymphoid-T
c_1_34_2194,Lymphoid-T
c_1_34_2195,Lymphoid-DC
c_1_34_2196,Lymphoid-T
c_1_34_2197,Lymphoid-Other
c_1_34_2198,Lymphoid-T
c_1_34_2199,Lymphoid-DC
c_1_34_2200,None
c_1_34_2201,Lymphoid-Other
c_1_34_2202,Lymphoid-Plasma
c_1_34_2203,None
c_1_34_2204,Lymphoid-T
c_1_34_2205,Lymphoid-T
c_1_34_2206,Lymphoid-DC
c_1_34_2207,Lymphoid-DC
c_1_34_2208,Lymphoid-Other
c_1_34_2209,Lymphoid-DC
c_1_34_2210,Lymphoid-Plasma
c_1_34_2211,Myeloid
c_1_34_2212,Lymphoid-Other
c_1_34_2213,Lymphoid-T
c_1_34_2214,Lymphoid-B
c_1_34_2215,Lymphoid-T
c_1_34_2216,Epithelial
c_1_34_2217,Lymphoid-T
c_1_34_2218,Lymphoid-Other
c_1_34_2219,Myeloid
c_1_34_2220,Lymphoid-Plasma
c_1_34_2221,Lymphoid-T
c_1_34_2222,Lymphoid-Other
c_1_34_2223,Lymphoid-T
c_1_34_2224,Lymphoid-Other
c_1_34_2225,Lymphoid-T
c_1_34_2226,Lymphoid-Other
c_1_34_2227,Lymphoid-B
c_1_34_2228,Lymphoid-T
c_1_34_2229,Lymphoid-Plasma
c_1_34_2230,Lymphoid-Plasma
c_1_34_2231,Endothelial
c_1_34_2232,Lymphoid-T
c_1_34_2233,Lymphoid-T
c_1_34_2234,Lymphoid-T
c_1_34_2235,Lymphoid-DC
c_1_34_2236,Lymphoid-T
c_1_34_2237,Lymphoid-DC
c_1_34_2238,Lymphoid-B
c_1_34_2239,None
c_1_34_2240,Lymphoid-T
c_1_34_2241,Lymphoid-T
c_1_34_2242,Lymphoid-B
c_1_34_2243,Lymphoid-T
c_1_34_2244,Lymphoid-Plasma
c_1_34_2245,None
c_1_34_2246,None
c_1_34_2247,Lymphoid-Other
c_1_34_2248,Lymphoid-DC
c_1_34_2249,None
c_1_34_2250,Epithelial
c_1_34_2251,Lymphoid-T
c_1_34_2252,Lymphoid-Other
c_1_34_2253,Lymphoid-DC
c_1_34_2254,Lymphoid-Other
c_1_34_2255,Lymphoid-B
c_1_34_2256,None
c_1_34_2257,Lymphoid-T
c_1_34_2258,Myeloid
c_1_34_2259,Lymphoid-Other
c_1_34_2260,Lymphoid-DC
c_1_34_2261,Lymphoid-Other
c_1_34_2262,Myeloid
c_1_34_2263,Lymphoid-DC
c_1_34_2264,Lymphoid-T
c_1_34_2265,Myeloid
c_1_34_2266,Lymphoid-T
c_1_34_2267,None
c_1_34_2268,Lymphoid-Other
c_1_34_2269,Lymphoid-Other
c_1_34_2270,Lymphoid-Other
c_1_34_2271,Lymphoid-DC
c_1_34_2272,None
c_1_34_2273,Myeloid
c_1_34_2274,Lymphoid-T
c_1_34_2275,None
c_1_34_2276,Epithelial
c_1_34_2277,Lymphoid-Other
c_1_34_2278,Lymphoid-T
c_1_34_2279,Lymphoid-DC
c_1_34_2280,Lymphoid-Plasma
c_1_34_2281,Lymphoid-Other
c_1_34_2282,Lymphoid-DC
c_1_34_2283,Endothelial
c_1_34_2284,Lymphoid-DC
c_1_34_2285,Lymphoid-Other
c_1_34_2286,Lymphoid-T
c_1_34_2287,Lymphoid-T
c_1_34_2288,Lymphoid-DC
c_1_34_2289,Lymphoid-Other
c_1_34_2290,None
c_1_34_2291,Lymphoid-DC
c_1_34_2292,None
c_1_34_2293,Lymphoid-DC
c_1_34_2294,None
c_1_34_2295,Lymphoid-Other
c_1_34_2296,Lymphoid-Plasma
c_1_34_2297,Lymphoid-B
c_1_34_2298,Lymphoid-Plasma
c_1_34_2299,Lymphoid-Plasma
c_1_34_2300,Lymphoid-B
c_1_34_2301,Lymphoid-Plasma
c_1_34_2302,Lymphoid-DC
c_1_34_2303,Lymphoid-Other
c_1_34_2304,Lymphoid-T
c_1_34_2305,Epithelial
c_1_34_2306,Lymphoid-Plasma
c_1_34_2307,Lymphoid-Plasma
c_1_34_2308,Lymphoid-DC
c_1_34_2309,Lymphoid-Plasma
c_1_34_2310,Endothelial
c_1_34_2311,Lymphoid-B
c_1_34_2312,Lymphoid-Other
c_1_34_2313,Lymphoid-Other
c_1_34_2314,Lymphoid-Other
c_1_34_2315,Lymphoid-Other
c_1_34_2316,Lymphoid-DC
c_1_34_2317,Lymphoid-Other
c_1_34_2318,Lymphoid-T
c_1_34_2319,Lymphoid-DC
c_1_34_2320,Lymphoid-B
c_1_34_2321,Epithelial
c_1_34_2322,Lymphoid-Other
c_1_34_2323,Myeloid
c_1_34_2324,Lymphoid-DC
c_1_34_2325,Lymphoid-Other
c_1_34_2326,Lymphoid-DC
c_1_34_2327,Lymphoid-DC
c_1_34_2328,Epithelial
c_1_34_2329,Lymphoid-Other
c_1_34_2330,Lymphoid-B
c_1_34_2331,Lymphoid-DC
c_1_34_2332,Lymphoid-Plasma
c_1_34_2333,Epithelial
c_1_34_2334,Lymphoid-Other
c_1_34_2335,Lymphoid-Other
c_1_34_2336,Lymphoid-Plasma
c_1_34_2337,Myeloid
c_1_34_2338,Lymphoid-DC
c_1_34_2339,Lymphoid-Other
c_1_34_2340,None
c_1_34_2341,None
c_1_34_2342,Lymphoid-T
c_1_34_2343,None
c_1_34_2344,Lymphoid-T
c_1_34_2345,Lymphoid-Plasma
c_1_34_2346,Epithelial
c_1_34_2347,Lymphoid-DC
c_1_34_2348,Epithelial
c_1_34_2349,None
c_1_34_2350,Myeloid
c_1_34_2351,Lymphoid-DC
c_1_34_2352,None
c_1_34_2353,Lymphoid-DC
c_1_34_2354,Lymphoid-Other
c_1_34_2355,Lymphoid-T
c_1_34_2356,None
c_1_34_2357,Myeloid
c_1_34_2358,Endothelial
c_1_34_2359,Epithelial
c_1_34_2360,Lymphoid-T
c_1_34_2361,Lymphoid-Other
c_1_34_2362,Lymphoid-Plasma
c_1_34_2363,Lymphoid-DC
c_1_34_2364,Lymphoid-Other
c_1_34_2365,Lymphoid-Plasma
c_1_34_2366,Epithelial
c_1_34_2367,Lymphoid-Plasma
c_1_34_2368,Epithelial
c_1_34_2369,Lymphoid-B
c_1_34_2370,Lymphoid-T
c_1_34_2371,Lymphoid-Plasma
c_1_34_2372,Lymphoid-DC
c_1_34_2373,Lymphoid-DC
c_1_34_2374,Lymphoid-T
c_1_34_2375,Lymphoid-T
c_1_34_2376,Lymphoid-Other
c_1_34_2377,Lymphoid-DC
c_1_34_2378,Epithelial
c_1_34_2379,Lymphoid-Other
c_1_34_2380,None
c_1_34_2381,Epithelial
c_1_34_2382,Lymphoid-Other
c_1_34_2383,Lymphoid-DC
c_1_34_2384,Lymphoid-Plasma
c_1_34_2385,Lymphoid-Other
c_1_34_2386,Lymphoid-Plasma
c_1_34_2387,Epithelial
c_1_34_2388,Lymphoid-Other
c_1_34_2389,Lymphoid-DC
c_1_34_2390,Lymphoid-T
c_1_34_2391,Lymphoid-T
c_1_34_2392,Lymphoid-Plasma
c_1_34_2393,Epithelial
c_1_34_2394,Epithelial
c_1_34_2395,Epithelial
c_1_34_2396,Lymphoid-DC
c_1_34_2397,Lymphoid-T
c_1_34_2398,Lymphoid-T
c_1_34_2399,None
c_1_34_2400,None
c_1_34_2401,None
c_1_34_2402,Lymphoid-Plasma
c_1_34_2403,Lymphoid-DC
c_1_34_2404,Lymphoid-Other
c_1_34_2405,Myeloid
c_1_34_2406,None
c_1_34_2407,Lymphoid-B
c_1_34_2408,Epithelial
c_1_34_2409,Epithelial
c_1_34_2410,Lymphoid-DC
c_1_34_2411,None
c_1_34_2412,Lymphoid-DC
c_1_34_2413,None
c_1_34_2414,Myeloid
c_1_34_2415,Lymphoid-T
c_1_34_2416,Lymphoid-Other
c_1_34_2417,Lymphoid-T
c_1_34_2418,None
c_1_34_2419,Lymphoid-Plasma
c_1_34_2420,Lymphoid-T
c_1_34_2421,Lymphoid-B
c_1_34_2422,Myeloid
c_1_34_2423,Lymphoid-Other
c_1_34_2424,Lymphoid-Other
c_1_34_2425,Epithelial
c_1_34_2426,Lymphoid-DC
c_1_34_2427,Lymphoid-T
c_1_34_2428,Lymphoid-B
c_1_34_2429,Lymphoid-Plasma
c_1_34_2430,Lymphoid-T
c_1_34_2431,Lymphoid-DC
c_1_34_2432,Myeloid
c_1_34_2433,Lymphoid-T
c_1_34_2434,Myeloid
c_1_34_2435,Epithelial
c_1_34_2436,Lymphoid-DC
c_1_34_2437,Lymphoid-Plasma
c_1_34_2438,Lymphoid-T
c_1_34_2439,Lymphoid-DC
c_1_34_2440,Lymphoid-Plasma
c_1_34_2441,Lymphoid-Other
c_1_34_2442,Lymphoid-Plasma
c_1_34_2443,Lymphoid-B
c_1_34_2444,Lymphoid-Plasma
c_1_34_2445,Lymphoid-Plasma
c_1_34_2446,Lymphoid-DC
c_1_34_2447,Lymphoid-T
c_1_34_2448,Myeloid
c_1_34_2449,Lymphoid-Plasma
c_1_34_2450,Lymphoid-T
c_1_34_2451,Lymphoid-T
c_1_34_2452,None
c_1_34_2453,Lymphoid-Other
c_1_34_2454,Epithelial
c_1_34_2455,Lymphoid-T
c_1_34_2456,Lymphoid-Plasma
c_1_34_2457,Epithelial
c_1_34_2458,Lymphoid-DC
c_1_34_2459,Lymphoid-Other
c_1_34_2460,Lymphoid-B
c_1_34_2461,Lymphoid-B
c_1_34_2462,Lymphoid-Other
c_1_34_2463,Epithelial
c_1_34_2464,Lymphoid-Plasma
c_1_34_2465,Endothelial
c_1_34_2466,Lymphoid-DC
c_1_34_2467,Lymphoid-B
c_1_34_2468,Lymphoid-Other
c_1_34_2469,Epithelial
c_1_34_2470,Lymphoid-B
c_1_34_2471,Lymphoid-B
c_1_34_2472,Lymphoid-Other
c_1_34_2473,Lymphoid-DC
c_1_34_2474,None
c_1_34_2475,None
c_1_34_2476,Lymphoid-DC
c_1_34_2477,Myeloid
c_1_34_2478,Myeloid
c_1_34_2479,Lymphoid-Other
c_1_34_2480,Epithelial
c_1_34_2481,Lymphoid-DC
c_1_34_2482,Lymphoid-DC
c_1_34_2483,Lymphoid-Plasma
c_1_34_2484,Lymphoid-Other
c_1_34_2485,Lymphoid-T
c_1_34_2486,Lymphoid-Other
c_1_34_2487,Lymphoid-Other
c_1_34_2488,Lymphoid-DC
c_1_34_2489,Lymphoid-Plasma
c_1_34_2490,None
c_1_34_2491,Lymphoid-Other
c_1_34_2492,Lymphoid-Other
c_1_34_2493,Lymphoid-T
c_1_34_2494,Lymphoid-Plasma
c_1_34_2495,Lymphoid-Other
c_1_34_2496,Lymphoid-DC
c_1_34_2497,Lymphoid-B
c_1_34_2498,Lymphoid-Other
c_1_34_2499,Epithelial
c_1_34_2500,None
c_1_34_2501,Lymphoid-Other
c_1_34_2502,Lymphoid-DC
c_1_34_2503,Endothelial
c_1_34_2504,Myeloid
c_1_34_2505,None
c_1_34_2506,None
c_1_34_2507,Lymphoid-Plasma
c_1_34_2508,Epithelial
c_1_34_2509,None
c_1_34_2510,None
c_1_34_2511,Myeloid
c_1_34_2512,Lymphoid-T
c_1_34_2513,Lymphoid-DC
c_1_34_2514,None
c_1_34_2515,Lymphoid-Plasma
c_1_34_2516,Lymphoid-T
c_1_34_2517,Lymphoid-Other
c_1_34_2518,None
c_1_34_2519,None
c_1_34_2520,Myeloid
c_1_34_2521,None
c_1_34_2522,Lymphoid-Other
c_1_34_2523,Lymphoid-DC
c_1_34_2524,Lymphoid-Other
c_1_34_2525,None
c_1_34_2526,Epithelial
c_1_34_2527,Lymphoid-Plasma
c_1_34_2528,Lymphoid-DC
c_1_34_2529,Epithelial
c_1_34_2530,Lymphoid-Other
c_1_34_2531,None
c_1_34_2532,Epithelial
c_1_34_2533,Lymphoid-Other
c_1_34_2534,Lymphoid-Other
c_1_34_2535,Lymphoid-Plasma
c_1_34_2536,Lymphoid-Other
c_1_34_2537,Lymphoid-DC
c_1_34_2538,Lymphoid-T
c_1_34_2539,Lymphoid-Other
c_1_34_2540,Epithelial
c_1_34_2541,Lymphoid-Plasma
c_1_34_2542,Lymphoid-Plasma
c_1_34_2543,Lymphoid-T
c_1_34_2544,Lymphoid-Other
c_1_34_2545,Lymphoid-Other
c_1_34_2546,Myeloid
c_1_34_2547,Lymphoid-DC
c_1_34_2548,Lymphoid-DC
c_1_34_2549,None
c_1_34_2550,Lymphoid-DC
c_1_34_2551,Lymphoid-Plasma
c_1_34_2552,None
c_1_34_2553,Epithelial
c_1_34_2554,Epithelial
c_1_34_2555,Lymphoid-DC
c_1_34_2556,Lymphoid-Other
c_1_34_2557,Lymphoid-Plasma
c_1_34_2558,Lymphoid-DC
c_1_34_2559,Lymphoid-Other
c_1_34_2560,Lymphoid-Plasma
c_1_34_2561,None
c_1_34_2562,Lymphoid-Plasma
c_1_34_2563,Lymphoid-T
c_1_34_2564,Lymphoid-DC
c_1_34_2565,None
c_1_34_2566,Lymphoid-T
c_1_34_2567,Lymphoid-T
c_1_34_2568,None
c_1_34_2569,Myeloid
c_1_34_2570,Lymphoid-Plasma
c_1_34_2571,Lymphoid-T
c_1_34_2572,Lymphoid-DC
c_1_34_2573,Epithelial
c_1_34_2574,Lymphoid-Other
c_1_34_2575,None
c_1_34_2576,None
c_1_34_2577,Epithelial
c_1_34_2578,None
c_1_34_2579,Lymphoid-Plasma
c_1_34_2580,Epithelial
c_1_34_2581,Lymphoid-Plasma
c_1_34_2582,Myeloid
c_1_34_2583,None
c_1_34_2584,Epithelial
c_1_34_2585,Epithelial
c_1_34_2586,Lymphoid-Plasma
c_1_34_2587,Lymphoid-T
c_1_34_2588,None
c_1_34_2589,Lymphoid-Other
c_1_34_2590,Epithelial
c_1_34_2591,Lymphoid-T
c_1_34_2592,None
c_1_34_2593,Lymphoid-T
c_1_34_2594,None
c_1_34_2595,Epithelial
c_1_34_2596,Lymphoid-T
c_1_34_2597,Lymphoid-Plasma
c_1_34_2598,Epithelial
c_1_34_2599,None
c_1_34_2600,None
c_1_34_2601,Lymphoid-Other
c_1_34_2602,Lymphoid-Other
c_1_34_2603,Epithelial
c_1_34_2604,Lymphoid-DC
c_1_34_2605,Lymphoid-Plasma
c_1_34_2606,Lymphoid-DC
c_1_34_2607,None
c_1_34_2608,Epithelial
c_1_34_2609,Lymphoid-Plasma
c_1_34_2610,None
c_1_34_2611,Lymphoid-Other
c_1_34_2612,Lymphoid-T
c_1_34_2613,Lymphoid-Plasma
c_1_34_2614,Lymphoid-DC
c_1_34_2615,Lymphoid-DC
c_1_34_2616,Lymphoid-Other
c_1_34_2617,Epithelial
c_1_34_2618,Lymphoid-Other
c_1_34_2619,Lymphoid-DC
c_1_34_2620,None
c_1_34_2621,Lymphoid-Plasma
c_1_34_2622,Epithelial
c_1_34_2623,None
c_1_34_2624,Lymphoid-Other
c_1_34_2625,Lymphoid-Other
c_1_34_2626,Lymphoid-Other
c_1_34_2627,Lymphoid-T
c_1_34_2628,None
c_1_34_2629,Lymphoid-Plasma
c_1_34_2630,Lymphoid-T
c_1_34_2631,None
c_1_34_2632,Lymphoid-T
c_1_34_2633,None
c_1_34_2634,None
c_1_34_2635,Myeloid
c_1_34_2636,None
c_1_34_2637,Lymphoid-T
c_1_34_2638,None
c_1_34_2639,Epithelial
c_1_34_2640,None
c_1_34_2641,Myeloid
c_1_34_2642,Lymphoid-Plasma
c_1_34_2643,None
c_1_34_2644,None
c_1_34_2645,None
c_1_34_2646,Lymphoid-T
c_1_34_2647,Lymphoid-Other
c_1_34_2648,Lymphoid-T
c_1_34_2649,Myeloid
c_1_34_2650,None
c_1_34_2651,Lymphoid-Other
c_1_34_2652,None
c_1_34_2653,Lymphoid-Plasma
c_1_34_2654,None
c_1_34_2655,None
c_1_34_2656,Epithelial
c_1_34_2657,None
c_1_34_2658,Myeloid
c_1_34_2659,None
c_1_34_2660,Lymphoid-Other
c_1_34_2661,Lymphoid-Other
c_1_34_2662,None
c_1_34_2663,Lymphoid-Other
c_1_34_2664,Lymphoid-Other
c_1_34_2665,None
c_1_34_2666,Lymphoid-T
c_1_34_2667,None
c_1_34_2668,None
c_1_34_2669,None
c_1_34_2670,None
c_1_34_2671,Epithelial
c_1_34_2672,None
c_1_34_2673,None
c_1_34_2674,None
c_1_34_2675,Lymphoid-DC
c_1_34_2676,Lymphoid-T
c_1_34_2677,Lymphoid-Other
c_1_34_2678,Lymphoid-T
c_1_34_2679,Lymphoid-T
c_1_34_2680,Lymphoid-Other
c_1_34_2681,Lymphoid-Other
c_1_34_2682,Lymphoid-T
c_1_34_2683,Lymphoid-Other
c_1_34_2684,Lymphoid-Other
c_1_34_2685,None
c_1_34_2686,Lymphoid-T
c_1_34_2687,Lymphoid-T
c_1_34_2688,Lymphoid-T
c_1_34_2689,Lymphoid-T
c_1_34_2690,Lymphoid-T
c_1_34_2691,Lymphoid-T
c_1_34_2692,Lymphoid-T
c_1_34_2693,Lymphoid-T
c_1_34_2694,Lymphoid-T
c_1_34_2695,Lymphoid-Other
c_1_34_2696,Lymphoid-Other
c_1_34_2697,Lymphoid-T
c_1_34_2698,Lymphoid-Other
c_1_34_2699,Lymphoid-T
c_1_34_2700,Lymphoid-T
c_1_34_2701,Lymphoid-Other
c_1_34_2702,Lymphoid-Other
c_1_34_2703,Lymphoid-T
c_1_34_2704,Lymphoid-T
c_1_34_2705,Lymphoid-Other
c_1_34_2706,Lymphoid-Other
c_1_34_2707,Lymphoid-T
c_1_34_2708,Lymphoid-Other
c_1_34_2709,Lymphoid-T
c_1_34_2710,Lymphoid-DC
c_1_34_2711,Lymphoid-Other
c_1_34_2712,Endothelial
c_1_34_2713,Lymphoid-Other
c_1_34_2714,Lymphoid-Other
c_1_34_2715,Lymphoid-Other
c_1_34_2716,Lymphoid-T
c_1_34_2717,Lymphoid-Other
c_1_34_2718,Lymphoid-T
c_1_34_2719,Lymphoid-T
c_1_34_2720,Lymphoid-Other
c_1_34_2721,Lymphoid-T
c_1_34_2722,Endothelial
c_1_34_2723,Lymphoid-T
c_1_34_2724,Lymphoid-T
c_1_34_2725,Lymphoid-Other
c_1_34_2726,Lymphoid-T
c_1_34_2727,Lymphoid-Other
c_1_34_2728,Lymphoid-DC
c_1_34_2729,Lymphoid-Other
c_1_34_2730,Lymphoid-Other
c_1_34_2731,Endothelial
c_1_34_2732,Lymphoid-Other
c_1_34_2733,Lymphoid-Other
c_1_34_2734,Lymphoid-Other
c_1_34_2735,Lymphoid-T
c_1_34_2736,Lymphoid-T
c_1_34_2737,Lymphoid-T
c_1_34_2738,Lymphoid-T
c_1_34_2739,Lymphoid-DC
c_1_34_2740,Lymphoid-Other
c_1_34_2741,Lymphoid-Other
c_1_34_2742,Lymphoid-Plasma
c_1_34_2743,Lymphoid-T
c_1_34_2744,Lymphoid-B
c_1_34_2745,Endothelial
c_1_34_2746,Lymphoid-T
c_1_34_2747,Lymphoid-Other
c_1_34_2748,Lymphoid-T
c_1_34_2749,Lymphoid-T
c_1_34_2750,Lymphoid-Other
c_1_34_2751,Lymphoid-T
c_1_34_2752,Lymphoid-T
c_1_34_2753,Lymphoid-Other
c_1_34_2754,Lymphoid-Other
c_1_34_2755,Lymphoid-T
c_1_34_2756,Lymphoid-T
c_1_34_2757,Lymphoid-T
c_1_34_2758,Lymphoid-T
c_1_34_2759,Lymphoid-T
c_1_34_2760,Lymphoid-T
c_1_34_2761,Lymphoid-Other
c_1_34_2762,Lymphoid-Other
c_1_34_2763,Lymphoid-DC
c_1_34_2764,Lymphoid-T
c_1_34_2765,Lymphoid-T
c_1_34_2766,Endothelial
c_1_34_2767,Lymphoid-T
c_1_34_2768,Myeloid
c_1_34_2769,Lymphoid-Other
c_1_34_2770,Lymphoid-T
c_1_34_2771,Lymphoid-B
c_1_34_2772,Lymphoid-T
c_1_34_2773,Myeloid
c_1_34_2774,Lymphoid-Other
c_1_34_2775,Lymphoid-Other
c_1_34_2776,Lymphoid-T
c_1_34_2777,Lymphoid-Other
c_1_34_2778,Endothelial
c_1_34_2779,Lymphoid-T
c_1_34_2780,Lymphoid-T
c_1_34_2781,Lymphoid-T
c_1_34_2782,Epithelial
c_1_34_2783,Lymphoid-Plasma
c_1_34_2784,Lymphoid-T
c_1_34_2785,Lymphoid-Other
c_1_34_2786,Lymphoid-Other
c_1_34_2787,Endothelial
c_1_34_2788,Lymphoid-T
c_1_34_2789,Lymphoid-T
c_1_34_2790,Lymphoid-Other
c_1_34_2791,Lymphoid-T
c_1_34_2792,Lymphoid-Other
c_1_34_2793,Lymphoid-Other
c_1_34_2794,Lymphoid-T
c_1_34_2795,Lymphoid-Other
c_1_34_2796,Lymphoid-DC
c_1_34_2797,Lymphoid-Other
c_1_34_2798,Lymphoid-T
c_1_34_2799,Lymphoid-Other
c_1_34_2800,Lymphoid-T
c_1_34_2801,Lymphoid-T
c_1_34_2802,Lymphoid-T
c_1_34_2803,Endothelial
c_1_34_2804,Lymphoid-T
c_1_34_2805,Lymphoid-T
c_1_34_2806,Lymphoid-T
c_1_34_2807,Lymphoid-T
c_1_34_2808,Lymphoid-T
c_1_34_2809,Endothelial
c_1_34_2810,Lymphoid-Other
c_1_34_2811,Lymphoid-T
c_1_34_2812,Lymphoid-T
c_1_34_2813,Lymphoid-Other
c_1_34_2814,Lymphoid-T
c_1_34_2815,Lymphoid-T
c_1_34_2816,Lymphoid-T
c_1_34_2817,Lymphoid-T
c_1_34_2818,Myeloid
c_1_34_2819,Lymphoid-B
c_1_34_2820,Lymphoid-Other
c_1_34_2821,Lymphoid-T
c_1_34_2822,None
c_1_34_2823,Lymphoid-Other
c_1_34_2824,Lymphoid-T
c_1_34_2825,Lymphoid-T
c_1_34_2826,Lymphoid-T
c_1_34_2827,Lymphoid-Other
c_1_34_2828,Lymphoid-T
c_1_34_2829,Endothelial
c_1_34_2830,Lymphoid-Plasma
c_1_34_2831,Lymphoid-T
c_1_34_2832,Lymphoid-Other
c_1_34_2833,Lymphoid-Other
c_1_34_2834,Lymphoid-T
c_1_34_2835,Mesenchymal-Stromal
c_1_34_2836,Lymphoid-T
c_1_34_2837,Lymphoid-Plasma
c_1_34_2838,Lymphoid-Other
c_1_34_2839,None
c_1_34_2840,Lymphoid-DC
c_1_34_2841,Lymphoid-DC
c_1_34_2842,Lymphoid-Other
c_1_34_2843,Lymphoid-Other
c_1_34_2844,Lymphoid-T
c_1_34_2845,Lymphoid-T
c_1_34_2846,Erythroid
c_1_34_2847,None
c_1_34_2848,Lymphoid-Other
c_1_34_2849,Lymphoid-Other
c_1_34_2850,Lymphoid-Other
c_1_34_2851,Lymphoid-T
c_1_34_2852,Lymphoid-T
c_1_34_2853,Endothelial
c_1_34_2854,Lymphoid-Other
c_1_34_2855,Lymphoid-Other
c_1_34_2856,Lymphoid-T
c_1_34_2857,Lymphoid-T
c_1_34_2858,Mesenchymal-Stromal
c_1_34_2859,Lymphoid-T
c_1_34_2860,Lymphoid-T
c_1_34_2861,Lymphoid-Other
c_1_34_2862,Lymphoid-Other
c_1_34_2863,Lymphoid-T
c_1_34_2864,Lymphoid-Other
c_1_34_2865,Myeloid
c_1_34_2866,Lymphoid-T
c_1_34_2867,Lymphoid-T
c_1_34_2868,Lymphoid-Other
c_1_34_2869,None
c_1_34_2870,Lymphoid-T
c_1_34_2871,None
c_1_34_2872,Lymphoid-Other
c_1_34_2873,Lymphoid-T
c_1_34_2874,Lymphoid-Other
c_1_34_2875,Lymphoid-T
c_1_34_2876,Lymphoid-T
c_1_34_2877,Mesenchymal-Stromal
c_1_34_2878,Lymphoid-T
c_1_34_2879,Lymphoid-DC
c_1_34_2880,Lymphoid-Other
c_1_34_2881,Lymphoid-T
c_1_34_2882,Lymphoid-B
c_1_34_2883,Lymphoid-Other
c_1_34_2884,Lymphoid-Other
c_1_34_2885,None
c_1_34_2886,Lymphoid-B
c_1_34_2887,Lymphoid-DC
c_1_34_2888,Lymphoid-T
c_1_34_2889,Lymphoid-T
c_1_34_2890,Lymphoid-T
c_1_34_2891,Lymphoid-T
c_1_34_2892,Lymphoid-B
c_1_34_2893,Lymphoid-T
c_1_34_2894,Lymphoid-Other
c_1_34_2895,Lymphoid-Other
c_1_34_2896,Lymphoid-DC
c_1_34_2897,Lymphoid-Other
c_1_34_2898,Lymphoid-T
c_1_34_2899,Lymphoid-Other
c_1_34_2900,Epithelial
c_1_34_2901,Endothelial
c_1_34_2902,Lymphoid-Other
c_1_34_2903,Lymphoid-T
c_1_34_2904,Lymphoid-T
c_1_34_2905,Lymphoid-T
c_1_34_2906,Lymphoid-Other
c_1_34_2907,Lymphoid-T
c_1_34_2908,Lymphoid-Other
c_1_34_2909,Lymphoid-T
c_1_34_2910,Lymphoid-Other
c_1_34_2911,Lymphoid-T
c_1_34_2912,Lymphoid-Other
c_1_34_2913,Lymphoid-T
c_1_34_2914,Lymphoid-Other
c_1_34_2915,Lymphoid-DC
c_1_34_2916,Lymphoid-T
c_1_34_2917,Lymphoid-T
c_1_34_2918,Lymphoid-T
c_1_34_2919,Lymphoid-T
c_1_34_2920,Lymphoid-Other
c_1_34_2921,Lymphoid-Other
c_1_34_2922,Lymphoid-T
c_1_34_2923,Lymphoid-Other
c_1_34_2924,Lymphoid-Other
c_1_34_2925,Lymphoid-Other
c_1_34_2926,Lymphoid-B
c_1_34_2927,Lymphoid-Other
c_1_34_2928,Lymphoid-T
c_1_34_2929,Lymphoid-T
c_1_34_2930,Endothelial
c_1_34_2931,Lymphoid-T
c_1_34_2932,Lymphoid-Other
c_1_34_2933,Lymphoid-Other
c_1_34_2934,Lymphoid-T
c_1_34_2935,Lymphoid-DC
c_1_34_2936,Lymphoid-Other
c_1_34_2937,Lymphoid-T
c_1_34_2938,Lymphoid-T
c_1_34_2939,Lymphoid-T
c_1_34_2940,Myeloid
c_1_34_2941,Lymphoid-Other
c_1_34_2942,Lymphoid-Other
c_1_34_2943,Lymphoid-T
c_1_34_2944,Lymphoid-T
c_1_34_2945,Lymphoid-T
c_1_34_2946,Lymphoid-T
c_1_34_2947,Endothelial
c_1_34_2948,Lymphoid-T
c_1_34_2949,Lymphoid-T
c_1_34_2950,Lymphoid-T
c_1_34_2951,Lymphoid-Other
c_1_34_2952,Lymphoid-Plasma
c_1_34_2953,Lymphoid-T
c_1_34_2954,Lymphoid-T
c_1_34_2955,Lymphoid-T
c_1_34_2956,Lymphoid-T
c_1_34_2957,Lymphoid-T
c_1_34_2958,Lymphoid-T
c_1_34_2959,Lymphoid-T
c_1_34_2960,Lymphoid-DC
c_1_34_2961,Lymphoid-T
c_1_34_2962,Myeloid
c_1_34_2963,Lymphoid-T
c_1_34_2964,Lymphoid-T
c_1_34_2965,Lymphoid-T
c_1_34_2966,Lymphoid-Other
c_1_34_2967,Lymphoid-T
c_1_34_2968,Lymphoid-T
c_1_34_2969,Lymphoid-T
c_1_34_2970,Lymphoid-Other
c_1_34_2971,Lymphoid-Other
c_1_34_2972,Lymphoid-T
c_1_34_2973,Lymphoid-T
c_1_34_2974,Lymphoid-T
c_1_34_2975,Lymphoid-T
c_1_34_2976,Lymphoid-T
c_1_34_2977,Lymphoid-T
c_1_34_2978,Lymphoid-T
c_1_34_2979,Lymphoid-T
c_1_34_2980,Lymphoid-T
c_1_34_2981,Lymphoid-T
c_1_34_2982,Lymphoid-Other
c_1_34_2983,Lymphoid-Other
c_1_34_2984,Lymphoid-T
c_1_34_2985,Lymphoid-T
c_1_34_2986,Lymphoid-T
c_1_34_2987,Lymphoid-T
c_1_34_2988,Lymphoid-DC
c_1_34_2989,Lymphoid-T
c_1_34_2990,Lymphoid-Other
c_1_34_2991,Lymphoid-Other
c_1_34_2992,Lymphoid-T
c_1_34_2993,Lymphoid-T
c_1_34_2994,Lymphoid-T
c_1_34_2995,Lymphoid-T
c_1_34_2996,Lymphoid-Other
c_1_34_2997,Myeloid
c_1_34_2998,Lymphoid-T
c_1_34_2999,Lymphoid-T
c_1_34_3000,Lymphoid-Other
c_1_34_3001,Lymphoid-T
c_1_34_3002,Lymphoid-T
c_1_34_3003,Lymphoid-T
c_1_34_3004,Lymphoid-T
c_1_34_3005,None
c_1_34_3006,Lymphoid-T
c_1_34_3007,Lymphoid-T
c_1_34_3008,Lymphoid-T
c_1_34_3009,Lymphoid-Other
c_1_34_3010,Lymphoid-T
c_1_34_3011,Endothelial
c_1_34_3012,Lymphoid-T
c_1_34_3013,Lymphoid-Other
c_1_34_3014,Lymphoid-Other
c_1_34_3015,Lymphoid-Other
c_1_34_3016,Lymphoid-Other
c_1_34_3017,Lymphoid-T
c_1_34_3018,Lymphoid-Other
c_1_34_3019,Lymphoid-T
c_1_34_3020,Lymphoid-T
c_1_34_3021,Lymphoid-DC
c_1_34_3022,Lymphoid-T
c_1_34_3023,Lymphoid-Other
c_1_34_3024,Lymphoid-Other
c_1_34_3025,Lymphoid-Other
c_1_34_3026,Lymphoid-T
c_1_34_3027,Lymphoid-Other
c_1_34_3028,Lymphoid-T
c_1_34_3029,Lymphoid-DC
c_1_34_3030,Lymphoid-T
c_1_34_3031,Lymphoid-T
c_1_34_3032,Lymphoid-Other
c_1_34_3033,Lymphoid-T
c_1_34_3034,Lymphoid-T
c_1_34_3035,Lymphoid-Other
c_1_34_3036,Lymphoid-T
c_1_34_3037,Lymphoid-T
c_1_34_3038,Lymphoid-Other
c_1_34_3039,Lymphoid-T
c_1_34_3040,Lymphoid-B
c_1_34_3041,Lymphoid-Other
c_1_34_3042,Lymphoid-Other
c_1_34_3043,Lymphoid-DC
c_1_34_3044,Lymphoid-T
c_1_34_3045,Lymphoid-Plasma
c_1_34_3046,Lymphoid-T
c_1_34_3047,Lymphoid-T
c_1_34_3048,Lymphoid-T
c_1_34_3049,Lymphoid-T
c_1_34_3050,Lymphoid-T
c_1_34_3051,Myeloid
c_1_34_3052,Lymphoid-T
c_1_34_3053,Lymphoid-Plasma
c_1_34_3054,Lymphoid-T
c_1_34_3055,Lymphoid-T
c_1_34_3056,Endothelial
c_1_34_3057,Lymphoid-T
c_1_34_3058,Lymphoid-T
c_1_34_3059,Lymphoid-T
c_1_34_3060,Lymphoid-Other
c_1_34_3061,Lymphoid-T
c_1_34_3062,Lymphoid-DC
c_1_34_3063,Lymphoid-Other
c_1_34_3064,None
c_1_34_3065,Lymphoid-T
c_1_34_3066,Lymphoid-Other
c_1_34_3067,Lymphoid-Other
c_1_34_3068,Lymphoid-Other
c_1_34_3069,Lymphoid-Other
c_1_34_3070,Lymphoid-DC
c_1_34_3071,Lymphoid-Other
c_1_34_3072,Lymphoid-T
c_1_34_3073,Lymphoid-T
c_1_34_3074,Lymphoid-DC
c_1_34_3075,Lymphoid-Other
c_1_34_3076,Lymphoid-T
c_1_34_3077,Lymphoid-T
c_1_34_3078,Lymphoid-T
c_1_34_3079,Lymphoid-T
c_1_34_3080,Lymphoid-T
c_1_34_3081,Lymphoid-T
c_1_34_3082,Lymphoid-Other
c_1_34_3083,Lymphoid-T
c_1_34_3084,Lymphoid-T
c_1_34_3085,Lymphoid-Other
c_1_34_3086,Lymphoid-Other
c_1_34_3087,Lymphoid-Other
c_1_34_3088,Endothelial
c_1_34_3089,Lymphoid-Other
c_1_34_3090,Lymphoid-T
c_1_34_3091,Lymphoid-Other
c_1_34_3092,Lymphoid-Other
c_1_34_3093,Lymphoid-T
c_1_34_3094,Lymphoid-Other
c_1_34_3095,Lymphoid-T
c_1_34_3096,Lymphoid-T
c_1_34_3097,Lymphoid-T
c_1_34_3098,Lymphoid-Other
c_1_34_3099,Lymphoid-T
c_1_34_3100,Lymphoid-T
c_1_34_3101,Lymphoid-T
c_1_34_3102,Lymphoid-T
c_1_34_3103,Lymphoid-T
c_1_34_3104,Lymphoid-Other
c_1_34_3105,Lymphoid-T
c_1_34_3106,Lymphoid-T
c_1_34_3107,Lymphoid-Other
c_1_34_3108,Lymphoid-Other
c_1_34_3109,Lymphoid-T
c_1_34_3110,Lymphoid-T
c_1_34_3111,Lymphoid-T
c_1_34_3112,Lymphoid-T
c_1_34_3113,Lymphoid-T
c_1_34_3114,Lymphoid-T
c_1_34_3115,Lymphoid-T
c_1_34_3116,Lymphoid-T
c_1_34_3117,Lymphoid-T
c_1_34_3118,Lymphoid-Plasma
c_1_34_3119,Lymphoid-T
c_1_34_3120,Lymphoid-Other
c_1_34_3121,Lymphoid-T
c_1_34_3122,Lymphoid-Other
c_1_34_3123,Lymphoid-T
c_1_34_3124,Lymphoid-Other
c_1_34_3125,Lymphoid-T
c_1_34_3126,Lymphoid-T
c_1_34_3127,Lymphoid-T
c_1_34_3128,Lymphoid-T
c_1_34_3129,Lymphoid-T
c_1_34_3130,Lymphoid-T
c_1_34_3131,Lymphoid-T
c_1_34_3132,Lymphoid-T
c_1_34_3133,Lymphoid-Other
c_1_34_3134,Lymphoid-Other
c_1_34_3135,Lymphoid-T
c_1_34_3136,Lymphoid-T
c_1_34_3137,Lymphoid-T
c_1_34_3138,Lymphoid-T
c_1_34_3139,Lymphoid-Other
c_1_34_3140,Lymphoid-T
c_1_34_3141,Lymphoid-Other
c_1_34_3142,Lymphoid-Other
c_1_34_3143,Lymphoid-T
c_1_34_3144,Lymphoid-T
c_1_34_3145,Lymphoid-T
c_1_34_3146,Lymphoid-Plasma
c_1_34_3147,Lymphoid-T
c_1_34_3148,Lymphoid-Other
c_1_34_3149,Lymphoid-T
c_1_34_3150,Lymphoid-T
c_1_34_3151,Endothelial
c_1_34_3152,Lymphoid-T
c_1_34_3153,Lymphoid-Other
c_1_34_3154,Lymphoid-DC
c_1_34_3155,Lymphoid-T
c_1_34_3156,Lymphoid-Other
c_1_34_3157,Lymphoid-Other
c_1_34_3158,Lymphoid-Plasma
c_1_34_3159,Lymphoid-T
c_1_34_3160,Lymphoid-T
c_1_34_3161,Lymphoid-T
c_1_34_3162,Lymphoid-T
c_1_34_3163,Lymphoid-T
c_1_34_3164,Lymphoid-T
c_1_34_3165,Lymphoid-T
c_1_34_3166,Lymphoid-T
c_1_34_3167,Lymphoid-Other
c_1_34_3168,Lymphoid-Other
c_1_34_3169,Lymphoid-T
c_1_34_3170,Lymphoid-Other
c_1_34_3171,Lymphoid-T
c_1_34_3172,Lymphoid-T
c_1_34_3173,Lymphoid-T
c_1_34_3174,Lymphoid-Other
c_1_34_3175,Lymphoid-T
c_1_34_3176,Lymphoid-Other
c_1_34_3177,Lymphoid-Other
c_1_34_3178,Lymphoid-Other
c_1_34_3179,Lymphoid-T
c_1_34_3180,Lymphoid-T
c_1_34_3181,Lymphoid-T
c_1_34_3182,Lymphoid-T
c_1_34_3183,Endothelial
c_1_34_3184,Lymphoid-T
c_1_34_3185,Endothelial
c_1_34_3186,Lymphoid-Other
c_1_34_3187,Lymphoid-T
c_1_34_3188,Lymphoid-T
c_1_34_3189,Lymphoid-T
c_1_34_3190,Lymphoid-T
c_1_34_3191,Lymphoid-Other
c_1_34_3192,Lymphoid-T
c_1_34_3193,Lymphoid-T
c_1_34_3194,Lymphoid-T
c_1_34_3195,Lymphoid-Other
c_1_34_3196,Lymphoid-Plasma
c_1_34_3197,Lymphoid-T
c_1_34_3198,Lymphoid-Other
c_1_34_3199,Lymphoid-Other
c_1_34_3200,Lymphoid-T
c_1_34_3201,Lymphoid-Other
c_1_34_3202,Lymphoid-T
c_1_34_3203,Lymphoid-T
c_1_34_3204,Lymphoid-T
c_1_34_3205,Lymphoid-T
c_1_34_3206,Lymphoid-T
c_1_34_3207,Lymphoid-Other
c_1_34_3208,Lymphoid-Other
c_1_34_3209,Lymphoid-T
c_1_34_3210,Lymphoid-Other
c_1_34_3211,Lymphoid-Other
c_1_34_3212,Lymphoid-Other
c_1_34_3213,Endothelial
c_1_34_3214,Lymphoid-T
c_1_34_3215,Lymphoid-T
c_1_34_3216,Endothelial
c_1_34_3217,Lymphoid-T
c_1_34_3218,Lymphoid-DC
c_1_34_3219,Lymphoid-Other
c_1_34_3220,Lymphoid-T
c_1_34_3221,Endothelial
c_1_34_3222,Lymphoid-Other
c_1_34_3223,Lymphoid-T
c_1_34_3224,Lymphoid-Other
c_1_34_3225,Lymphoid-Other
c_1_34_3226,Lymphoid-T
c_1_34_3227,Endothelial
c_1_34_3228,Lymphoid-T
c_1_34_3229,Lymphoid-T
c_1_34_3230,Lymphoid-T
c_1_34_3231,Lymphoid-T
c_1_34_3232,Endothelial
c_1_34_3233,Lymphoid-T
c_1_34_3234,Lymphoid-T
c_1_34_3235,Lymphoid-T
c_1_34_3236,Lymphoid-T
c_1_34_3237,Myeloid
c_1_34_3238,Lymphoid-Other
c_1_34_3239,Lymphoid-T
c_1_34_3240,Lymphoid-T
c_1_34_3241,Lymphoid-T
c_1_34_3242,Lymphoid-T
c_1_34_3243,Mesenchymal-Stromal
c_1_34_3244,Lymphoid-T
c_1_34_3245,Lymphoid-Other
c_1_34_3246,Lymphoid-T
c_1_34_3247,None
c_1_34_3248,Lymphoid-T
c_1_34_3249,Lymphoid-T
c_1_34_3250,Lymphoid-T
c_1_34_3251,None
c_1_34_3252,Lymphoid-DC
c_1_34_3253,Lymphoid-T
c_1_34_3254,Lymphoid-Other
c_1_34_3255,Endothelial
c_1_34_3256,Lymphoid-T
c_1_34_3257,Lymphoid-T
c_1_34_3258,Lymphoid-T
c_1_34_3259,Lymphoid-Other
c_1_34_3260,Lymphoid-Other
c_1_34_3261,Lymphoid-T
c_1_34_3262,Lymphoid-Other
c_1_34_3263,Lymphoid-T
c_1_34_3264,Lymphoid-T
c_1_34_3265,Lymphoid-T
c_1_34_3266,Lymphoid-Plasma
c_1_34_3267,Lymphoid-Other
c_1_34_3268,Lymphoid-Other
c_1_34_3269,Lymphoid-T
c_1_34_3270,Endothelial
c_1_34_3271,Lymphoid-T
c_1_34_3272,Lymphoid-T
c_1_34_3273,Lymphoid-T
c_1_34_3274,Lymphoid-T
c_1_34_3275,Lymphoid-T
c_1_34_3276,Lymphoid-T
c_1_34_3277,Lymphoid-Other
c_1_34_3278,Lymphoid-T
c_1_34_3279,Lymphoid-DC
c_1_34_3280,Lymphoid-T
c_1_34_3281,Lymphoid-T
c_1_34_3282,Lymphoid-T
c_1_34_3283,Lymphoid-T
c_1_34_3284,Lymphoid-T
c_1_34_3285,Mesenchymal-Stromal
c_1_34_3286,Lymphoid-T
c_1_34_3287,Lymphoid-T
c_1_34_3288,Lymphoid-T
c_1_34_3289,Lymphoid-T
c_1_34_3290,Lymphoid-Other
c_1_34_3291,Lymphoid-T
c_1_34_3292,Lymphoid-T
c_1_34_3293,Lymphoid-T
c_1_34_3294,Lymphoid-T
c_1_34_3295,Lymphoid-T
c_1_34_3296,Lymphoid-T
c_1_34_3297,Lymphoid-Other
c_1_34_3298,Endothelial
c_1_34_3299,Lymphoid-T
c_1_34_3300,Lymphoid-Other
c_1_34_3301,Lymphoid-T
c_1_34_3302,Lymphoid-T
c_1_34_3303,Lymphoid-T
c_1_34_3304,Lymphoid-T
c_1_34_3305,Lymphoid-Other
c_1_34_3306,Endothelial
c_1_34_3307,Lymphoid-T
c_1_34_3308,Lymphoid-Other
c_1_34_3309,Lymphoid-T
c_1_34_3310,Lymphoid-Other
c_1_34_3311,Lymphoid-Other
c_1_34_3312,Lymphoid-T
c_1_34_3313,Lymphoid-B
c_1_34_3314,Lymphoid-Other
c_1_34_3315,Lymphoid-Other
c_1_34_3316,Lymphoid-T
c_1_34_3317,Lymphoid-Other
c_1_34_3318,Lymphoid-T
c_1_34_3319,Lymphoid-T
c_1_34_3320,Lymphoid-DC
c_1_34_3321,Lymphoid-T
c_1_34_3322,Lymphoid-Other
c_1_34_3323,Lymphoid-T
c_1_34_3324,Lymphoid-Other
c_1_34_3325,Lymphoid-Other
c_1_34_3326,Lymphoid-T
c_1_34_3327,Lymphoid-T
c_1_34_3328,Lymphoid-T
c_1_34_3329,Lymphoid-T
c_1_34_3330,Lymphoid-T
c_1_34_3331,Lymphoid-Other
c_1_34_3332,Lymphoid-T
c_1_34_3333,Lymphoid-T
c_1_34_3334,Lymphoid-T
c_1_34_3335,Lymphoid-Other
c_1_34_3336,Lymphoid-Other
c_1_34_3337,Lymphoid-Other
c_1_34_3338,Lymphoid-T
c_1_34_3339,Lymphoid-Other
c_1_34_3340,Lymphoid-T
c_1_34_3341,Lymphoid-DC
c_1_34_3342,Lymphoid-T
c_1_34_3343,Lymphoid-T
c_1_34_3344,Lymphoid-Other
c_1_34_3345,Lymphoid-DC
c_1_34_3346,Lymphoid-Other
c_1_34_3347,Lymphoid-Other
c_1_34_3348,Lymphoid-Other
c_1_34_3349,Lymphoid-T
c_1_34_3350,Lymphoid-T
c_1_34_3351,Lymphoid-T
c_1_34_3352,Lymphoid-T
c_1_34_3353,Lymphoid-T
c_1_34_3354,Lymphoid-T
c_1_34_3355,Lymphoid-T
c_1_34_3356,Lymphoid-Other
c_1_34_3357,Lymphoid-T
c_1_34_3358,Mesenchymal-Stromal
c_1_34_3359,Lymphoid-T
c_1_34_3360,Lymphoid-Other
c_1_34_3361,Lymphoid-T
c_1_34_3362,Lymphoid-T
c_1_34_3363,Lymphoid-B
c_1_34_3364,Lymphoid-T
c_1_34_3365,Lymphoid-T
c_1_34_3366,Lymphoid-Other
c_1_34_3367,Lymphoid-Other
c_1_34_3368,Mesenchymal-Stromal
c_1_34_3369,Lymphoid-T
c_1_34_3370,Lymphoid-T
c_1_34_3371,Lymphoid-T
c_1_34_3372,Lymphoid-T
c_1_34_3373,Lymphoid-T
c_1_34_3374,Lymphoid-T
c_1_34_3375,Lymphoid-T
c_1_34_3376,Lymphoid-Other
c_1_34_3377,Lymphoid-DC
c_1_34_3378,Lymphoid-Other
c_1_34_3379,Lymphoid-T
c_1_34_3380,Lymphoid-T
c_1_34_3381,Lymphoid-T
c_1_34_3382,Lymphoid-Other
c_1_34_3383,Lymphoid-T
c_1_34_3384,Lymphoid-T
c_1_34_3385,Lymphoid-T
c_1_34_3386,Lymphoid-T
c_1_34_3387,Lymphoid-Other
c_1_34_3388,Lymphoid-Other
c_1_34_3389,Lymphoid-T
c_1_34_3390,Lymphoid-Other
c_1_34_3391,Lymphoid-DC
c_1_34_3392,Mesenchymal-Stromal
c_1_34_3393,Lymphoid-T
c_1_34_3394,Lymphoid-T
c_1_34_3395,Lymphoid-T
c_1_34_3396,Lymphoid-Other
c_1_34_3397,Lymphoid-T
c_1_34_3398,Lymphoid-T
c_1_34_3399,Lymphoid-T
c_1_34_3400,Myeloid
c_1_34_3401,Endothelial
c_1_34_3402,Lymphoid-T
c_1_34_3403,Lymphoid-T
c_1_34_3404,Lymphoid-T
c_1_34_3405,Lymphoid-B
c_1_34_3406,Lymphoid-Other
c_1_34_3407,Lymphoid-T
c_1_34_3408,Lymphoid-T
c_1_34_3409,Lymphoid-T
c_1_34_3410,Lymphoid-T
c_1_34_3411,Lymphoid-T
c_1_34_3412,Lymphoid-T
c_1_34_3413,Lymphoid-T
c_1_34_3414,Lymphoid-T
c_1_34_3415,Lymphoid-T
c_1_34_3416,Lymphoid-T
c_1_34_3417,None
c_1_34_3418,Lymphoid-T
c_1_34_3419,None
c_1_34_3420,Lymphoid-Other
c_1_34_3421,Lymphoid-Other
c_1_34_3422,Lymphoid-T
c_1_34_3423,Lymphoid-T
c_1_34_3424,Lymphoid-T
c_1_34_3425,Lymphoid-T
c_1_34_3426,Lymphoid-T
c_1_34_3427,Lymphoid-Other
c_1_34_3428,Lymphoid-Other
c_1_34_3429,Lymphoid-T
c_1_34_3430,Lymphoid-Other
c_1_34_3431,Lymphoid-T
c_1_34_3432,Lymphoid-T
c_1_34_3433,Lymphoid-T
c_1_34_3434,Lymphoid-Other
c_1_34_3435,Lymphoid-Other
c_1_34_3436,Lymphoid-T
c_1_34_3437,Lymphoid-T
c_1_34_3438,Lymphoid-Other
c_1_34_3439,Lymphoid-T
c_1_34_3440,Lymphoid-T
c_1_34_3441,Lymphoid-T
c_1_34_3442,Lymphoid-T
c_1_34_3443,Lymphoid-T
c_1_34_3444,Mesenchymal-Stromal
c_1_34_3445,Lymphoid-T
c_1_34_3446,Lymphoid-T
c_1_34_3447,Lymphoid-T
c_1_34_3448,Lymphoid-Other
c_1_34_3449,Lymphoid-T
c_1_34_3450,Lymphoid-DC
c_1_34_3451,Lymphoid-Other
c_1_34_3452,Lymphoid-T
c_1_34_3453,Lymphoid-Other
c_1_34_3454,Lymphoid-T
c_1_34_3455,Lymphoid-T
c_1_34_3456,Lymphoid-Plasma
c_1_34_3457,Lymphoid-T
c_1_34_3458,Lymphoid-T
c_1_34_3459,Lymphoid-Other
c_1_34_3460,Lymphoid-Other
c_1_34_3461,Lymphoid-Plasma
c_1_34_3462,Mesenchymal-Stromal
c_1_34_3463,Myeloid
c_1_34_3464,Lymphoid-T
c_1_34_3465,Lymphoid-DC
c_1_34_3466,Lymphoid-T
c_1_34_3467,Lymphoid-Other
c_1_34_3468,Lymphoid-Other
c_1_34_3469,Lymphoid-T
c_1_34_3470,Lymphoid-T
c_1_34_3471,Lymphoid-T
c_1_34_3472,Lymphoid-T
c_1_34_3473,Lymphoid-Other
c_1_34_3474,Lymphoid-Other
c_1_34_3475,Lymphoid-T
c_1_34_3476,Lymphoid-Other
c_1_34_3477,Lymphoid-T
c_1_34_3478,Lymphoid-Other
c_1_34_3479,Lymphoid-T
c_1_34_3480,Lymphoid-Other
c_1_34_3481,Lymphoid-T
c_1_34_3482,Lymphoid-DC
c_1_34_3483,Lymphoid-T
c_1_34_3484,Lymphoid-T
c_1_34_3485,Lymphoid-Other
c_1_34_3486,Lymphoid-T
c_1_34_3487,Lymphoid-T
c_1_34_3488,Lymphoid-Other
c_1_34_3489,Endothelial
c_1_34_3490,Lymphoid-T
c_1_34_3491,Mesenchymal-Stromal
c_1_34_3492,Endothelial
c_1_34_3493,Lymphoid-Other
c_1_34_3494,Lymphoid-T
c_1_34_3495,Lymphoid-T
c_1_34_3496,Lymphoid-T
c_1_34_3497,Lymphoid-T
c_1_34_3498,Lymphoid-T
c_1_34_3499,None
c_1_34_3500,Endothelial
c_1_34_3501,Lymphoid-T
c_1_34_3502,Lymphoid-DC
c_1_34_3503,Lymphoid-Other
c_1_34_3504,Lymphoid-Other
c_1_34_3505,Lymphoid-Other
c_1_34_3506,Lymphoid-Other
c_1_34_3507,Lymphoid-T
c_1_34_3508,Myeloid
c_1_34_3509,None
c_1_34_3510,Lymphoid-Other
c_1_34_3511,Lymphoid-Plasma
c_1_34_3512,Lymphoid-Other
c_1_34_3513,Lymphoid-T
c_1_34_3514,Lymphoid-T
c_1_34_3515,Lymphoid-Other
c_1_34_3516,Lymphoid-T
c_1_34_3517,Lymphoid-DC
c_1_34_3518,Endothelial
c_1_34_3519,Lymphoid-Other
c_1_34_3520,Lymphoid-T
c_1_34_3521,Lymphoid-Other
c_1_34_3522,Lymphoid-T
c_1_34_3523,Lymphoid-Other
c_1_34_3524,Lymphoid-T
c_1_34_3525,Lymphoid-T
c_1_34_3526,Lymphoid-T
c_1_34_3527,Lymphoid-Other
c_1_34_3528,Lymphoid-T
c_1_34_3529,Lymphoid-Other
c_1_34_3530,Lymphoid-T
c_1_34_3531,Lymphoid-T
c_1_34_3532,Lymphoid-T
c_1_34_3533,Lymphoid-DC
c_1_34_3534,Lymphoid-DC
c_1_34_3535,Lymphoid-Other
c_1_34_3536,Lymphoid-T
c_1_34_3537,Endothelial
c_1_34_3538,Lymphoid-T
c_1_34_3539,Lymphoid-T
c_1_34_3540,Lymphoid-T
c_1_34_3541,Lymphoid-T
c_1_34_3542,Lymphoid-T
c_1_34_3543,Myeloid
c_1_34_3544,Lymphoid-Other
c_1_34_3545,Lymphoid-Other
c_1_34_3546,Lymphoid-DC
c_1_34_3547,Lymphoid-Other
c_1_34_3548,Endothelial
c_1_34_3549,Lymphoid-T
c_1_34_3550,Lymphoid-Plasma
c_1_34_3551,Lymphoid-T
c_1_34_3552,Lymphoid-T
c_1_34_3553,Endothelial
c_1_34_3554,Lymphoid-Other
c_1_34_3555,Endothelial
c_1_34_3556,Lymphoid-T
c_1_34_3557,Lymphoid-T
c_1_34_3558,Lymphoid-T
c_1_34_3559,Lymphoid-T
c_1_34_3560,Lymphoid-B
c_1_34_3561,Lymphoid-Other
c_1_34_3562,Lymphoid-T
c_1_34_3563,Lymphoid-Other
c_1_34_3564,Lymphoid-Other
c_1_34_3565,Lymphoid-T
c_1_34_3566,Lymphoid-T
c_1_34_3567,Lymphoid-T
c_1_34_3568,Mesenchymal-Stromal
c_1_34_3569,Lymphoid-T
c_1_34_3570,Lymphoid-T
c_1_34_3571,Epithelial
c_1_34_3572,Lymphoid-Other
c_1_34_3573,Lymphoid-T
c_1_34_3574,Lymphoid-Plasma
c_1_34_3575,Lymphoid-T
c_1_34_3576,Lymphoid-T
c_1_34_3577,Lymphoid-T
c_1_34_3578,Lymphoid-Other
c_1_34_3579,Lymphoid-T
c_1_34_3580,Lymphoid-T
c_1_34_3581,Lymphoid-DC
c_1_34_3582,Lymphoid-Other
c_1_34_3583,Lymphoid-T
c_1_34_3584,Lymphoid-DC
c_1_34_3585,Lymphoid-Other
c_1_34_3586,Lymphoid-Other
c_1_34_3587,Lymphoid-T
c_1_34_3588,Lymphoid-T
c_1_34_3589,Lymphoid-Other
c_1_34_3590,Lymphoid-T
c_1_34_3591,Lymphoid-T
c_1_34_3592,Lymphoid-T
c_1_34_3593,Lymphoid-Other
c_1_34_3594,Lymphoid-Other
c_1_34_3595,Lymphoid-Other
c_1_34_3596,Lymphoid-T
c_1_34_3597,Lymphoid-Other
c_1_34_3598,Lymphoid-T
c_1_34_3599,Lymphoid-Other
c_1_34_3600,Lymphoid-Other
c_1_34_3601,Lymphoid-Other
c_1_34_3602,Lymphoid-Other
c_1_34_3603,Lymphoid-T
c_1_34_3604,Lymphoid-T
c_1_34_3605,Lymphoid-T
c_1_34_3606,Lymphoid-T
c_1_34_3607,Lymphoid-T
c_1_34_3608,Endothelial
c_1_34_3609,Lymphoid-Other
c_1_34_3610,Lymphoid-Other
c_1_34_3611,Lymphoid-B
c_1_34_3612,Lymphoid-T
c_1_34_3613,Lymphoid-T
c_1_34_3614,None
c_1_34_3615,Lymphoid-T
c_1_34_3616,Lymphoid-T
c_1_34_3617,Lymphoid-T
c_1_34_3618,Lymphoid-T
c_1_34_3619,Lymphoid-Other
c_1_34_3620,Lymphoid-B
c_1_34_3621,Lymphoid-Other
c_1_34_3622,Myeloid
c_1_34_3623,Lymphoid-Other
c_1_34_3624,Lymphoid-DC
c_1_34_3625,Lymphoid-Other
c_1_34_3626,Lymphoid-Other
c_1_34_3627,None
c_1_34_3628,Lymphoid-Other
c_1_34_3629,Lymphoid-T
c_1_34_3630,Lymphoid-T
c_1_34_3631,Lymphoid-T
c_1_34_3632,Lymphoid-T
c_1_34_3633,Lymphoid-T
c_1_34_3634,Endothelial
c_1_34_3635,Lymphoid-T
c_1_34_3636,Lymphoid-Other
c_1_34_3637,Lymphoid-Other
c_1_34_3638,Lymphoid-Other
c_1_34_3639,Lymphoid-Other
c_1_34_3640,Lymphoid-Other
c_1_34_3641,Lymphoid-T
c_1_34_3642,Lymphoid-T
c_1_34_3643,Lymphoid-T
c_1_34_3644,Lymphoid-Other
c_1_34_3645,Lymphoid-T
c_1_34_3646,Lymphoid-T
c_1_34_3647,Lymphoid-Plasma
c_1_34_3648,Myeloid
c_1_34_3649,Endothelial
c_1_34_3650,Endothelial
c_1_34_3651,Lymphoid-T
c_1_34_3652,Lymphoid-Other
c_1_34_3653,Lymphoid-Other
c_1_34_3654,Lymphoid-B
c_1_34_3655,Lymphoid-T
c_1_34_3656,Lymphoid-T
c_1_34_3657,Lymphoid-T
c_1_34_3658,Lymphoid-T
c_1_34_3659,Lymphoid-Other
c_1_34_3660,Lymphoid-T
c_1_34_3661,Lymphoid-T
c_1_34_3662,Endothelial
c_1_34_3663,Lymphoid-Other
c_1_34_3664,Lymphoid-Other
c_1_34_3665,Lymphoid-Other
c_1_34_3666,Endothelial
c_1_34_3667,Lymphoid-T
c_1_34_3668,Endothelial
c_1_34_3669,Lymphoid-Other
c_1_34_3670,Lymphoid-Other
c_1_34_3671,Lymphoid-B
c_1_34_3672,Myeloid
c_1_34_3673,Lymphoid-T
c_1_34_3674,Endothelial
c_1_34_3675,Lymphoid-Plasma
c_1_34_3676,Lymphoid-Plasma
c_1_34_3677,Lymphoid-T
c_1_34_3678,Lymphoid-T
c_1_34_3679,Lymphoid-B
c_1_34_3680,Endothelial
c_1_34_3681,Lymphoid-Other
c_1_34_3682,Lymphoid-T
c_1_34_3683,Lymphoid-T
c_1_34_3684,Lymphoid-T
c_1_34_3685,Lymphoid-Other
c_1_34_3686,Endothelial
c_1_34_3687,Lymphoid-Other
c_1_34_3688,Lymphoid-T
c_1_34_3689,Lymphoid-T
c_1_34_3690,Lymphoid-Other
c_1_34_3691,Lymphoid-T
c_1_34_3692,Endothelial
c_1_34_3693,Endothelial
c_1_34_3694,None
c_1_34_3695,Lymphoid-Other
c_1_34_3696,Lymphoid-T
c_1_34_3697,Lymphoid-T
c_1_34_3698,Lymphoid-Other
c_1_34_3699,Lymphoid-T
c_1_34_3700,Lymphoid-Other
c_1_34_3701,Lymphoid-T
c_1_34_3702,Lymphoid-Other
c_1_34_3703,Lymphoid-T
c_1_34_3704,Lymphoid-T
c_1_34_3705,Endothelial
c_1_34_3706,Lymphoid-DC
c_1_34_3707,Lymphoid-Plasma
c_1_34_3708,Lymphoid-T
c_1_34_3709,Lymphoid-Other
c_1_34_3710,Endothelial
c_1_34_3711,Lymphoid-T
c_1_34_3712,Lymphoid-DC
c_1_34_3713,Lymphoid-Other
c_1_34_3714,Lymphoid-Other
c_1_34_3715,Myeloid
c_1_34_3716,Lymphoid-Other
c_1_34_3717,Lymphoid-T
c_1_34_3718,Lymphoid-B
c_1_34_3719,Mesenchymal-Stromal
c_1_34_3720,None
c_1_34_3721,None
c_1_34_3722,Lymphoid-B
c_1_34_3723,Lymphoid-DC
c_1_34_3724,None
c_1_34_3725,Lymphoid-T
c_1_34_3726,Lymphoid-T
c_1_34_3727,Lymphoid-Plasma
c_1_34_3728,Lymphoid-T
c_1_34_3729,Lymphoid-T
c_1_34_3730,Lymphoid-Plasma
c_1_34_3731,Lymphoid-Other
c_1_34_3732,Endothelial
c_1_34_3733,Lymphoid-T
c_1_34_3734,Lymphoid-T
c_1_34_3735,Lymphoid-T
c_1_34_3736,Lymphoid-Other
c_1_34_3737,Lymphoid-DC
c_1_34_3738,Lymphoid-T
c_1_34_3739,Lymphoid-Other
c_1_34_3740,Lymphoid-T
c_1_34_3741,Myeloid
c_1_34_3742,Lymphoid-DC
c_1_34_3743,Lymphoid-T
c_1_34_3744,Endothelial
c_1_34_3745,Lymphoid-T
c_1_34_3746,Lymphoid-B
c_1_34_3747,Lymphoid-T
c_1_34_3748,Endothelial
c_1_34_3749,Lymphoid-T
c_1_34_3750,Endothelial
c_1_34_3751,Lymphoid-T
c_1_34_3752,None
c_1_34_3753,Lymphoid-T
c_1_34_3754,Lymphoid-T
c_1_34_3755,Lymphoid-Other
c_1_34_3756,Lymphoid-T
c_1_34_3757,Lymphoid-Other
c_1_34_3758,Lymphoid-Other
c_1_34_3759,Lymphoid-Other
c_1_34_3760,Endothelial
c_1_34_3761,Myeloid
c_1_34_3762,Lymphoid-T
c_1_34_3763,Lymphoid-T
c_1_34_3764,Endothelial
c_1_34_3765,Lymphoid-T
c_1_34_3766,Lymphoid-DC
c_1_34_3767,Lymphoid-B
c_1_34_3768,Lymphoid-T
c_1_34_3769,Lymphoid-T
c_1_34_3770,Lymphoid-Other
c_1_34_3771,Endothelial
c_1_34_3772,Lymphoid-T
c_1_34_3773,Lymphoid-T
c_1_34_3774,Lymphoid-Plasma
c_1_34_3775,Neuronal-Glial
c_1_34_3776,Lymphoid-B
c_1_34_3777,Lymphoid-T
c_1_34_3778,Lymphoid-DC
c_1_34_3779,None
c_1_34_3780,Lymphoid-Other
c_1_34_3781,Lymphoid-Other
c_1_34_3782,Lymphoid-T
c_1_34_3783,Lymphoid-B
c_1_34_3784,Lymphoid-T
c_1_34_3785,Lymphoid-Other
c_1_34_3786,Lymphoid-B
c_1_34_3787,Lymphoid-B
c_1_34_3788,Lymphoid-Other
c_1_34_3789,Lymphoid-T
c_1_34_3790,Lymphoid-Other
c_1_34_3791,Lymphoid-T
c_1_34_3792,Lymphoid-B
c_1_34_3793,Lymphoid-B
c_1_34_3794,Lymphoid-Other
c_1_34_3795,Lymphoid-Other
c_1_34_3796,Endothelial
c_1_34_3797,Lymphoid-Other
c_1_34_3798,Lymphoid-DC
c_1_34_3799,Lymphoid-Other
c_1_34_3800,Lymphoid-Other
c_1_34_3801,Lymphoid-Other
c_1_34_3802,Lymphoid-B
c_1_34_3803,Endothelial
c_1_34_3804,Lymphoid-Other
c_1_34_3805,Lymphoid-Plasma
c_1_34_3806,Lymphoid-B
c_1_34_3807,Lymphoid-T
c_1_34_3808,Lymphoid-B
c_1_34_3809,Lymphoid-Other
c_1_34_3810,Lymphoid-B
c_1_34_3811,Lymphoid-B
c_1_34_3812,Lymphoid-DC
c_1_34_3813,Lymphoid-Other
c_1_34_3814,Lymphoid-Other
c_1_34_3815,Lymphoid-T
c_1_34_3816,Lymphoid-B
c_1_34_3817,Myeloid
c_1_34_3818,Lymphoid-Other
c_1_34_3819,Lymphoid-T
c_1_34_3820,Lymphoid-Other
c_1_34_3821,Mesenchymal-Stromal
c_1_34_3822,Endothelial
c_1_34_3823,Lymphoid-Other
c_1_34_3824,Lymphoid-Other
c_1_34_3825,Lymphoid-DC
c_1_34_3826,Lymphoid-B
c_1_34_3827,Lymphoid-DC
c_1_34_3828,Lymphoid-Other
c_1_34_3829,Lymphoid-T
c_1_34_3830,Lymphoid-Other
c_1_34_3831,Lymphoid-Other
c_1_34_3832,Lymphoid-B
c_1_34_3833,Lymphoid-Other
c_1_34_3834,Lymphoid-T
c_1_34_3835,Lymphoid-B
c_1_34_3836,Lymphoid-Other
c_1_34_3837,Endothelial
c_1_34_3838,Lymphoid-Other
c_1_34_3839,Lymphoid-Other
c_1_34_3840,Lymphoid-T
c_1_34_3841,Mesenchymal-Stromal
c_1_34_3842,Lymphoid-T
c_1_34_3843,Lymphoid-Other
c_1_34_3844,Lymphoid-Plasma
c_1_34_3845,Lymphoid-B
c_1_34_3846,Endothelial
c_1_34_3847,Lymphoid-B
c_1_34_3848,Endothelial
c_1_34_3849,Lymphoid-Other
c_1_34_3850,Lymphoid-T
c_1_34_3851,Myeloid
c_1_34_3852,Lymphoid-T
c_1_34_3853,Mesenchymal-Stromal
c_1_34_3854,Lymphoid-T
c_1_34_3855,Lymphoid-Plasma
c_1_34_3856,Lymphoid-Other
c_1_34_3857,Endothelial
c_1_34_3858,Lymphoid-T
c_1_34_3859,Lymphoid-Other
c_1_34_3860,Lymphoid-T
c_1_34_3861,Lymphoid-B
c_1_34_3862,Lymphoid-Other
c_1_34_3863,Endothelial
c_1_34_3864,Lymphoid-T
c_1_34_3865,Lymphoid-Other
c_1_34_3866,Lymphoid-T
c_1_34_3867,Lymphoid-T
c_1_34_3868,Lymphoid-DC
c_1_34_3869,Myeloid
c_1_34_3870,Lymphoid-T
c_1_34_3871,Lymphoid-T
c_1_34_3872,Mesenchymal-Stromal
c_1_34_3873,Lymphoid-Other
c_1_34_3874,Lymphoid-Plasma
c_1_34_3875,Lymphoid-T
c_1_34_3876,Lymphoid-Plasma
c_1_34_3877,Lymphoid-Other
c_1_34_3878,Lymphoid-T
c_1_34_3879,Mesenchymal-Stromal
c_1_34_3880,None
c_1_34_3881,None
c_1_34_3882,Myeloid
c_1_34_3883,Lymphoid-Other
c_1_34_3884,Lymphoid-Plasma
c_1_34_3885,Lymphoid-B
c_1_34_3886,Lymphoid-B
c_1_34_3887,Lymphoid-B
c_1_34_3888,Lymphoid-B
c_1_34_3889,Lymphoid-T
c_1_34_3890,Lymphoid-B
c_1_34_3891,Lymphoid-Other
c_1_34_3892,None
c_1_34_3893,Lymphoid-T
c_1_34_3894,Lymphoid-T
c_1_34_3895,Lymphoid-T
c_1_34_3896,Lymphoid-T
c_1_34_3897,Lymphoid-Other
c_1_34_3898,Lymphoid-Plasma
c_1_34_3899,Mesenchymal-Stromal
c_1_34_3900,Lymphoid-Other
c_1_34_3901,Lymphoid-T
c_1_34_3902,Lymphoid-Other
c_1_34_3903,Endothelial
c_1_34_3904,Lymphoid-B
c_1_34_3905,Lymphoid-Other
c_1_34_3906,Lymphoid-Other
c_1_34_3907,Lymphoid-T
c_1_34_3908,Lymphoid-Other
c_1_34_3909,Lymphoid-T
c_1_34_3910,Lymphoid-Other
c_1_34_3911,Lymphoid-Plasma
c_1_34_3912,Lymphoid-B
c_1_34_3913,Lymphoid-T
c_1_34_3914,Lymphoid-Other
c_1_34_3915,Lymphoid-Other
c_1_34_3916,Lymphoid-B
c_1_34_3917,Lymphoid-T
c_1_34_3918,Lymphoid-Other
c_1_34_3919,Lymphoid-Other
c_1_34_3920,Lymphoid-T
c_1_34_3921,None
c_1_34_3922,Lymphoid-Other
c_1_34_3923,Lymphoid-B
c_1_34_3924,None
c_1_34_3925,Lymphoid-T
c_1_34_3926,Lymphoid-T
c_1_34_3927,Lymphoid-Other
c_1_34_3928,Lymphoid-B
c_1_34_3929,Lymphoid-Other
c_1_34_3930,Lymphoid-B
c_1_34_3931,Lymphoid-B
c_1_34_3932,Lymphoid-T
c_1_34_3933,Epithelial
c_1_34_3934,Lymphoid-B
c_1_34_3935,Lymphoid-Other
c_1_34_3936,Endothelial
c_1_34_3937,Lymphoid-Other
c_1_34_3938,None
c_1_34_3939,Lymphoid-B
c_1_34_3940,None
c_1_34_3941,Lymphoid-B
c_1_34_3942,Lymphoid-Other
c_1_34_3943,Lymphoid-B
c_1_34_3944,Mesenchymal-Stromal
c_1_34_3945,Lymphoid-B
c_1_34_3946,Lymphoid-B
c_1_34_3947,Lymphoid-Other
c_1_34_3948,Lymphoid-B
c_1_34_3949,Lymphoid-T
c_1_34_3950,Lymphoid-B
c_1_34_3951,Lymphoid-T
c_1_34_3952,None
c_1_34_3953,Lymphoid-Plasma
c_1_34_3954,Lymphoid-T
c_1_34_3955,Lymphoid-DC
c_1_34_3956,Lymphoid-B
c_1_34_3957,Lymphoid-Other
c_1_34_3958,Lymphoid-T
c_1_34_3959,Lymphoid-B
c_1_34_3960,Lymphoid-B
c_1_34_3961,Lymphoid-Plasma
c_1_34_3962,Lymphoid-DC
c_1_34_3963,None
c_1_34_3964,Lymphoid-Other
c_1_34_3965,Lymphoid-Other
c_1_34_3966,Lymphoid-Other
c_1_34_3967,Lymphoid-B
c_1_34_3968,Lymphoid-T
c_1_34_3969,Lymphoid-T
c_1_34_3970,Lymphoid-Other
c_1_34_3971,Lymphoid-Other
c_1_34_3972,None
c_1_34_3973,Lymphoid-T
c_1_34_3974,Lymphoid-B
c_1_34_3975,Lymphoid-Plasma
c_1_34_3976,Lymphoid-B
c_1_34_3977,Lymphoid-T
c_1_34_3978,Lymphoid-T
c_1_34_3979,Lymphoid-T
c_1_34_3980,Lymphoid-T
c_1_34_3981,Lymphoid-T
c_1_34_3982,Lymphoid-Other
c_1_34_3983,Lymphoid-B
c_1_34_3984,Lymphoid-DC
c_1_34_3985,Lymphoid-B
c_1_34_3986,Lymphoid-Other
c_1_34_3987,Lymphoid-B
c_1_34_3988,Lymphoid-T
c_1_34_3989,Lymphoid-Other
c_1_34_3990,Lymphoid-T
c_1_34_3991,Lymphoid-T
c_1_34_3992,Lymphoid-B
c_1_34_3993,Lymphoid-T
c_1_34_3994,Lymphoid-Plasma
c_1_34_3995,None
c_1_34_3996,Endothelial
c_1_34_3997,Lymphoid-B
c_1_34_3998,Lymphoid-Other
c_1_34_3999,Lymphoid-B
c_1_34_4000,Lymphoid-B
c_1_34_4001,Endothelial
c_1_34_4002,Lymphoid-T
c_1_34_4003,Lymphoid-T
c_1_34_4004,Lymphoid-T
c_1_34_4005,Lymphoid-B
c_1_34_4006,Lymphoid-Other
c_1_34_4007,Lymphoid-Other
c_1_34_4008,Lymphoid-T
c_1_34_4009,Lymphoid-DC
c_1_34_4010,Lymphoid-B
c_1_34_4011,Endothelial
c_1_34_4012,Endothelial
c_1_34_4013,Lymphoid-B
c_1_34_4014,Lymphoid-B
c_1_34_4015,Lymphoid-Other
c_1_34_4016,Mesenchymal-Stromal
c_1_34_4017,Lymphoid-T
c_1_34_4018,Lymphoid-B
c_1_34_4019,Lymphoid-Other
c_1_34_4020,Lymphoid-T
c_1_34_4021,Lymphoid-T
c_1_34_4022,Lymphoid-Other
c_1_34_4023,Lymphoid-B
c_1_34_4024,Lymphoid-Other
c_1_34_4025,Lymphoid-Other
c_1_34_4026,Lymphoid-B
c_1_34_4027,Lymphoid-T
c_1_34_4028,Lymphoid-T
c_1_34_4029,Lymphoid-B
c_1_34_4030,Lymphoid-T
c_1_34_4031,Lymphoid-B
c_1_34_4032,Endothelial
c_1_34_4033,Lymphoid-T
c_1_34_4034,Lymphoid-T
c_1_34_4035,Lymphoid-Other
c_1_34_4036,Endothelial
c_1_34_4037,Lymphoid-B
c_1_34_4038,Lymphoid-Other
c_1_34_4039,Lymphoid-T
c_1_34_4040,Lymphoid-B
c_1_34_4041,Lymphoid-Other
c_1_34_4042,Lymphoid-Other
c_1_34_4043,Lymphoid-T
c_1_34_4044,Lymphoid-B
c_1_34_4045,Lymphoid-T
c_1_34_4046,Lymphoid-DC
c_1_34_4047,Endothelial
c_1_34_4048,Lymphoid-B
c_1_34_4049,Myeloid
c_1_34_4050,Lymphoid-Other
c_1_34_4051,Lymphoid-B
c_1_34_4052,Lymphoid-Plasma
c_1_34_4053,Lymphoid-DC
c_1_34_4054,Lymphoid-T
c_1_34_4055,Lymphoid-Other
c_1_34_4056,Lymphoid-Plasma
c_1_34_4057,Lymphoid-T
c_1_34_4058,Lymphoid-B
c_1_34_4059,Lymphoid-B
c_1_34_4060,Lymphoid-T
c_1_34_4061,Lymphoid-B
c_1_34_4062,Endothelial
c_1_34_4063,Lymphoid-B
c_1_34_4064,Lymphoid-DC
c_1_34_4065,Lymphoid-Other
c_1_34_4066,Lymphoid-Other
c_1_34_4067,Lymphoid-Other
c_1_34_4068,Lymphoid-Other
c_1_34_4069,Lymphoid-T
c_1_34_4070,Lymphoid-B
c_1_34_4071,Endothelial
c_1_34_4072,Lymphoid-Other
c_1_34_4073,Lymphoid-DC
c_1_34_4074,Endothelial
c_1_34_4075,Lymphoid-DC
c_1_34_4076,Lymphoid-T
c_1_34_4077,Lymphoid-T
c_1_34_4078,Lymphoid-T
c_1_34_4079,Lymphoid-B
c_1_34_4080,Lymphoid-Other
c_1_34_4081,Lymphoid-B
c_1_34_4082,Lymphoid-DC
c_1_34_4083,Lymphoid-T
c_1_34_4084,Myeloid
c_1_34_4085,Lymphoid-B
c_1_34_4086,Lymphoid-T
c_1_34_4087,Lymphoid-T
c_1_34_4088,Lymphoid-T
c_1_34_4089,Lymphoid-T
c_1_34_4090,None
c_1_34_4091,Lymphoid-T
c_1_34_4092,Lymphoid-T
c_1_34_4093,Lymphoid-B
c_1_34_4094,Lymphoid-DC
c_1_34_4095,Lymphoid-DC
c_1_34_4096,Lymphoid-Other
c_1_34_4097,Lymphoid-B
c_1_34_4098,None
c_1_34_4099,Lymphoid-T
c_1_34_4100,Lymphoid-T
c_1_34_4101,Lymphoid-Other
c_1_34_4102,Lymphoid-Other
c_1_34_4103,Lymphoid-T
c_1_34_4104,Lymphoid-DC
c_1_34_4105,Lymphoid-T
c_1_34_4106,None
c_1_34_4107,Endothelial
c_1_34_4108,Lymphoid-Other
c_1_34_4109,Lymphoid-B
c_1_34_4110,None
c_1_34_4111,Endothelial
c_1_34_4112,Lymphoid-T
c_1_34_4113,Lymphoid-DC
c_1_34_4114,Lymphoid-Other
c_1_34_4115,Lymphoid-B
c_1_34_4116,Myeloid
c_1_34_4117,Endothelial
c_1_34_4118,Lymphoid-B
c_1_34_4119,Lymphoid-T
c_1_34_4120,Lymphoid-Other
c_1_34_4121,Lymphoid-B
c_1_34_4122,Lymphoid-Other
c_1_34_4123,None
c_1_34_4124,Lymphoid-B
c_1_34_4125,Lymphoid-B
c_1_34_4126,Lymphoid-Other
c_1_34_4127,None
c_1_34_4128,Lymphoid-DC
c_1_34_4129,Lymphoid-Other
c_1_34_4130,Lymphoid-T
c_1_34_4131,Lymphoid-T
c_1_34_4132,Lymphoid-B
c_1_34_4133,Lymphoid-T
c_1_34_4134,Lymphoid-B
c_1_34_4135,Lymphoid-B
c_1_34_4136,Lymphoid-Other
c_1_34_4137,Lymphoid-Plasma
c_1_34_4138,Lymphoid-T
c_1_34_4139,Lymphoid-Other
c_1_34_4140,Lymphoid-Plasma
c_1_34_4141,Lymphoid-DC
c_1_34_4142,None
c_1_34_4143,Lymphoid-Other
c_1_34_4144,Lymphoid-Other
c_1_34_4145,Lymphoid-DC
c_1_34_4146,Lymphoid-Other
c_1_34_4147,Lymphoid-B
c_1_34_4148,Lymphoid-Other
c_1_34_4149,None
c_1_34_4150,Lymphoid-B
c_1_34_4151,Lymphoid-B
c_1_34_4152,Lymphoid-DC
c_1_34_4153,Lymphoid-Other
c_1_34_4154,Lymphoid-T
c_1_34_4155,Lymphoid-Other
c_1_34_4156,Lymphoid-Other
c_1_34_4157,Lymphoid-Other
c_1_34_4158,Lymphoid-Other
c_1_34_4159,Lymphoid-T
c_1_34_4160,Lymphoid-T
c_1_34_4161,Lymphoid-T
c_1_34_4162,Lymphoid-Other
c_1_34_4163,Lymphoid-Other
c_1_34_4164,Endothelial
c_1_34_4165,Lymphoid-Other
c_1_34_4166,Lymphoid-Other
c_1_34_4167,Lymphoid-Other
c_1_34_4168,Lymphoid-Plasma
c_1_34_4169,Lymphoid-T
c_1_34_4170,Lymphoid-Other
c_1_34_4171,Lymphoid-T
c_1_34_4172,Lymphoid-T
c_1_34_4173,Lymphoid-Other
c_1_34_4174,Lymphoid-Other
c_1_34_4175,Lymphoid-T
c_1_34_4176,Lymphoid-Other
c_1_34_4177,Lymphoid-B
c_1_34_4178,Endothelial
c_1_34_4179,None
c_1_34_4180,Endothelial
c_1_34_4181,Lymphoid-Other
c_1_34_4182,Lymphoid-Other
c_1_34_4183,Lymphoid-T
c_1_34_4184,Lymphoid-Other
c_1_34_4185,Lymphoid-DC
c_1_34_4186,Lymphoid-T
c_1_34_4187,Lymphoid-T
c_1_34_4188,Lymphoid-T
c_1_34_4189,Lymphoid-Other
c_1_34_4190,None
c_1_34_4191,Lymphoid-B
c_1_34_4192,Lymphoid-DC
c_1_34_4193,Lymphoid-Plasma
c_1_34_4194,Lymphoid-Other
c_1_34_4195,Lymphoid-T
c_1_34_4196,Lymphoid-T
c_1_34_4197,Lymphoid-B
c_1_34_4198,Lymphoid-B
c_1_34_4199,None
c_1_34_4200,Lymphoid-T
c_1_34_4201,Lymphoid-Other
c_1_34_4202,Lymphoid-B
c_1_34_4203,Lymphoid-T
c_1_34_4204,Lymphoid-T
c_1_34_4205,Lymphoid-B
c_1_34_4206,Lymphoid-B
c_1_34_4207,Lymphoid-Other
c_1_34_4208,Lymphoid-B
c_1_34_4209,Lymphoid-Other
c_1_34_4210,Lymphoid-T
c_1_34_4211,Lymphoid-B
c_1_34_4212,Lymphoid-B
c_1_34_4213,Lymphoid-Plasma
c_1_34_4214,Lymphoid-B
c_1_34_4215,Lymphoid-Other
c_1_34_4216,Lymphoid-T
c_1_34_4217,Lymphoid-T
c_1_34_4218,Lymphoid-Other
c_1_34_4219,Lymphoid-T
c_1_34_4220,Lymphoid-B
c_1_34_4221,Lymphoid-T
c_1_34_4222,Lymphoid-Other
c_1_34_4223,Lymphoid-Other
c_1_34_4224,Mesenchymal-Stromal
c_1_34_4225,None
c_1_34_4226,Lymphoid-Other
c_1_34_4227,Lymphoid-T
c_1_34_4228,Endothelial
c_1_34_4229,Lymphoid-Other
c_1_34_4230,Lymphoid-Other
c_1_34_4231,Lymphoid-T
c_1_34_4232,Lymphoid-DC
c_1_34_4233,Endothelial
c_1_34_4234,Lymphoid-T
c_1_34_4235,Endothelial
c_1_34_4236,Lymphoid-B
c_1_34_4237,Lymphoid-T
c_1_34_4238,Lymphoid-T
c_1_34_4239,None
c_1_34_4240,Lymphoid-Other
c_1_34_4241,Epithelial
c_1_34_4242,Epithelial
c_1_34_4243,Lymphoid-Plasma
c_1_34_4244,Lymphoid-T
c_1_34_4245,Lymphoid-Other
c_1_34_4246,Lymphoid-Other
c_1_34_4247,Lymphoid-T
c_1_34_4248,Lymphoid-Other
c_1_34_4249,Lymphoid-Other
c_1_34_4250,Lymphoid-B
c_1_34_4251,Lymphoid-T
c_1_34_4252,Epithelial
c_1_34_4253,Lymphoid-B
c_1_34_4254,Lymphoid-T
c_1_34_4255,Epithelial
c_1_34_4256,Stem
c_1_34_4257,Lymphoid-T
c_1_34_4258,Epithelial
c_1_34_4259,Lymphoid-Other
c_1_34_4260,Myeloid
c_1_34_4261,Lymphoid-B
c_1_34_4262,Lymphoid-Other
c_1_34_4263,Lymphoid-Other
c_1_34_4264,Lymphoid-T
c_1_34_4265,Lymphoid-T
c_1_34_4266,Epithelial
c_1_34_4267,Lymphoid-T
c_1_34_4268,Stem
c_1_34_4269,Endothelial
c_1_34_4270,Epithelial
c_1_34_4271,Lymphoid-Other
c_1_34_4272,Lymphoid-B
c_1_34_4273,Lymphoid-Other
c_1_34_4274,Lymphoid-T
c_1_34_4275,Lymphoid-Other
c_1_34_4276,Lymphoid-T
c_1_34_4277,Epithelial
c_1_34_4278,Lymphoid-Other
c_1_34_4279,Lymphoid-Other
c_1_34_4280,Epithelial
c_1_34_4281,Lymphoid-T
c_1_34_4282,Lymphoid-T
c_1_34_4283,Lymphoid-Other
c_1_34_4284,None
c_1_34_4285,Lymphoid-T
c_1_34_4286,Lymphoid-Other
c_1_34_4287,Lymphoid-T
c_1_34_4288,Lymphoid-B
c_1_34_4289,Lymphoid-T
c_1_34_4290,Epithelial
c_1_34_4291,Lymphoid-T
c_1_34_4292,Stem
c_1_34_4293,None
c_1_34_4294,Lymphoid-T
c_1_34_4295,Lymphoid-T
c_1_34_4296,Myeloid
c_1_34_4297,Lymphoid-T
c_1_34_4298,Myeloid
c_1_34_4299,Lymphoid-B
c_1_34_4300,Stem
c_1_34_4301,Lymphoid-Other
c_1_34_4302,Lymphoid-Other
c_1_34_4303,Lymphoid-Other
c_1_34_4304,Lymphoid-Other
c_1_34_4305,Lymphoid-T
c_1_34_4306,Lymphoid-Other
c_1_34_4307,Lymphoid-DC
c_1_34_4308,Lymphoid-B
c_1_34_4309,Epithelial
c_1_34_4310,Lymphoid-Other
c_1_34_4311,Lymphoid-T
c_1_34_4312,Lymphoid-Other
c_1_34_4313,None
c_1_34_4314,Lymphoid-Plasma
c_1_34_4315,Lymphoid-Other
c_1_34_4316,Lymphoid-T
c_1_34_4317,Lymphoid-B
c_1_34_4318,Lymphoid-Other
c_1_34_4319,None
c_1_34_4320,Lymphoid-T
c_1_34_4321,Lymphoid-T
c_1_34_4322,Lymphoid-Other
c_1_34_4323,Mesenchymal-Stromal
c_1_34_4324,None
c_1_34_4325,Lymphoid-Other
c_1_34_4326,Lymphoid-DC
c_1_34_4327,Lymphoid-B
c_1_34_4328,Lymphoid-Other
c_1_34_4329,Lymphoid-Other
c_1_34_4330,Lymphoid-T
c_1_34_4331,None
c_1_34_4332,Lymphoid-B
c_1_34_4333,Lymphoid-T
c_1_34_4334,None
c_1_34_4335,Lymphoid-Other
c_1_34_4336,None
c_1_34_4337,Lymphoid-T
c_1_34_4338,None
c_1_34_4339,None
c_1_34_4340,Lymphoid-Other
c_1_34_4341,Lymphoid-DC
c_1_34_4342,Lymphoid-Other
c_1_34_4343,None
c_1_34_4344,Lymphoid-Other
c_1_34_4345,Lymphoid-Other
c_1_34_4346,None
c_1_34_4347,Endothelial
c_1_34_4348,Myeloid
c_1_34_4349,Lymphoid-T
c_1_34_4350,Mesenchymal-Stromal
c_1_34_4351,Lymphoid-Other
c_1_34_4352,Lymphoid-T
c_1_34_4353,None
c_1_34_4354,Lymphoid-Other
c_1_34_4355,Lymphoid-Plasma
c_1_34_4356,Myeloid
c_1_34_4357,Lymphoid-B
c_1_34_4358,Lymphoid-DC
c_1_34_4359,Lymphoid-T
c_1_34_4360,None
c_1_34_4361,Lymphoid-B
c_1_34_4362,Epithelial
c_1_34_4363,Endothelial
c_1_34_4364,None
c_1_34_4365,Lymphoid-T
c_1_34_4366,Mesenchymal-Stromal
c_1_34_4367,Lymphoid-T
c_1_34_4368,Lymphoid-Other
c_1_34_4369,Endothelial
c_1_34_4370,Lymphoid-DC
c_1_34_4371,Lymphoid-T
c_1_34_4372,Lymphoid-T
c_1_34_4373,Lymphoid-T
c_1_34_4374,Lymphoid-Other
c_1_34_4375,Lymphoid-Other
c_1_34_4376,None
c_1_34_4377,None
c_1_34_4378,Lymphoid-Other
c_1_34_4379,Lymphoid-DC
c_1_34_4380,Epithelial
c_1_34_4381,Lymphoid-T
c_1_34_4382,Endothelial
c_1_34_4383,None
c_1_34_4384,Lymphoid-T
c_1_34_4385,None
c_1_34_4386,Lymphoid-T
c_1_34_4387,Lymphoid-Other
c_1_34_4388,None
c_1_34_4389,None
c_1_34_4390,Lymphoid-B
c_1_34_4391,Epithelial
c_1_34_4392,Lymphoid-DC
c_1_34_4393,Lymphoid-Other
c_1_34_4394,Lymphoid-T
c_1_34_4395,Lymphoid-T
c_1_34_4396,Lymphoid-B
c_1_34_4397,Lymphoid-T
c_1_34_4398,Endothelial
c_1_34_4399,None
c_1_34_4400,Lymphoid-T
c_1_34_4401,Lymphoid-Plasma
c_1_34_4402,Lymphoid-T
c_1_34_4403,Lymphoid-DC
c_1_34_4404,Lymphoid-Other
c_1_34_4405,Lymphoid-Other
c_1_34_4406,Lymphoid-Other
c_1_34_4407,Endothelial
c_1_34_4408,Lymphoid-T
c_1_34_4409,Lymphoid-T
c_1_34_4410,Lymphoid-T
c_1_34_4411,Lymphoid-T
c_1_34_4412,Lymphoid-Plasma
c_1_34_4413,Myeloid
c_1_34_4414,Lymphoid-T
c_1_34_4415,Lymphoid-T
c_1_34_4416,Lymphoid-T
c_1_34_4417,Lymphoid-T
c_1_34_4418,Lymphoid-T
c_1_34_4419,Lymphoid-T
c_1_34_4420,Lymphoid-T
c_1_34_4421,Lymphoid-T
c_1_34_4422,Lymphoid-T
c_1_34_4423,Lymphoid-T
c_1_34_4424,Lymphoid-T
c_1_34_4425,Lymphoid-T
c_1_34_4426,Lymphoid-DC
c_1_34_4427,Lymphoid-DC
c_1_34_4428,Lymphoid-Other
c_1_34_4429,Lymphoid-Other
c_1_34_4430,Lymphoid-T
c_1_34_4431,Lymphoid-T
c_1_34_4432,Lymphoid-Other
c_1_34_4433,Lymphoid-Other
c_1_34_4434,Lymphoid-Other
c_1_34_4435,Lymphoid-T
c_1_34_4436,Lymphoid-T
c_1_34_4437,Lymphoid-T
c_1_34_4438,Lymphoid-T
c_1_34_4439,Lymphoid-Other
c_1_34_4440,Lymphoid-T
c_1_34_4441,Myeloid
c_1_34_4442,Lymphoid-Other
c_1_34_4443,Lymphoid-Other
c_1_34_4444,Lymphoid-DC
c_1_34_4445,Lymphoid-B
c_1_34_4446,Lymphoid-T
c_1_34_4447,Lymphoid-T
c_1_34_4448,Lymphoid-Other
c_1_34_4449,Lymphoid-DC
c_1_34_4450,Lymphoid-DC
c_1_34_4451,Lymphoid-DC
c_1_34_4452,Lymphoid-T
c_1_34_4453,Lymphoid-T
c_1_34_4454,None
c_1_34_4455,Myeloid
c_1_34_4456,Lymphoid-T
c_1_34_4457,Lymphoid-Other
c_1_34_4458,Myeloid
c_1_34_4459,Stem
c_1_34_4460,Lymphoid-T
c_1_34_4461,Lymphoid-DC
c_1_34_4462,Lymphoid-DC
c_1_34_4463,None
c_1_34_4464,Lymphoid-T
c_1_34_4465,None
c_1_34_4466,Lymphoid-Plasma
c_1_34_4467,None
c_1_34_4468,Lymphoid-T
c_1_34_4469,Lymphoid-T
c_1_34_4470,Lymphoid-DC
c_1_34_4471,Lymphoid-T
c_1_34_4472,Epithelial
c_1_34_4473,Lymphoid-B
c_1_34_4474,Lymphoid-T
c_1_34_4475,None
c_1_34_4476,Lymphoid-Other
c_1_34_4477,Myeloid
c_1_34_4478,Endothelial
c_1_34_4479,None
c_1_34_4480,Lymphoid-B
c_1_34_4481,Myeloid
c_1_34_4482,Lymphoid-B
c_1_34_4483,Lymphoid-DC
c_1_34_4484,Lymphoid-Other
c_1_34_4485,Myeloid
c_1_34_4486,Lymphoid-Plasma
c_1_34_4487,Lymphoid-T
c_1_34_4488,Lymphoid-T
c_1_34_4489,Lymphoid-T
c_1_34_4490,Lymphoid-T
c_1_34_4491,Lymphoid-Other
c_1_34_4492,Lymphoid-Other
c_1_34_4493,Lymphoid-DC
c_1_34_4494,Lymphoid-B
c_1_34_4495,Lymphoid-T
c_1_34_4496,Lymphoid-B
c_1_34_4497,Lymphoid-Other
c_1_34_4498,Lymphoid-T
c_1_34_4499,Lymphoid-Plasma
c_1_34_4500,Lymphoid-B
c_1_34_4501,Lymphoid-DC
c_1_34_4502,Myeloid
c_1_34_4503,Lymphoid-DC
c_1_34_4504,Lymphoid-T
c_1_34_4505,None
c_1_34_4506,Endothelial
c_1_34_4507,Lymphoid-T
c_1_34_4508,Lymphoid-DC
c_1_34_4509,Myeloid
c_1_34_4510,Lymphoid-B
c_1_34_4511,Lymphoid-Other
c_1_34_4512,Lymphoid-DC
c_1_34_4513,None
c_1_34_4514,Lymphoid-T
c_1_34_4515,Lymphoid-T
c_1_34_4516,Lymphoid-T
c_1_34_4517,Lymphoid-Other
c_1_34_4518,Lymphoid-Other
c_1_34_4519,Lymphoid-Other
c_1_34_4520,Lymphoid-T
c_1_34_4521,Lymphoid-Other
c_1_34_4522,Lymphoid-T
c_1_34_4523,Lymphoid-Plasma
c_1_34_4524,Lymphoid-DC
c_1_34_4525,Lymphoid-T
c_1_34_4526,Lymphoid-Plasma
c_1_34_4527,Lymphoid-DC
c_1_34_4528,Lymphoid-T
c_1_34_4529,Lymphoid-Other
c_1_34_4530,Lymphoid-T
c_1_34_4531,Endothelial
c_1_34_4532,None
c_1_34_4533,Lymphoid-T
c_1_34_4534,Lymphoid-T
c_1_34_4535,Lymphoid-T
c_1_34_4536,Lymphoid-T
c_1_34_4537,Lymphoid-T
c_1_34_4538,Lymphoid-T
c_1_34_4539,Lymphoid-T
c_1_34_4540,Lymphoid-T
c_1_34_4541,Lymphoid-DC
c_1_34_4542,Lymphoid-T
c_1_34_4543,Mesenchymal-Stromal
c_1_34_4544,Lymphoid-Other
c_1_34_4545,Lymphoid-T
c_1_34_4546,Lymphoid-Plasma
c_1_34_4547,None
c_1_34_4548,Lymphoid-Other
c_1_34_4549,Lymphoid-DC
c_1_34_4550,Lymphoid-DC
c_1_34_4551,None
c_1_34_4552,Lymphoid-Other
c_1_34_4553,Lymphoid-B
c_1_34_4554,Lymphoid-DC
c_1_34_4555,Lymphoid-B
c_1_34_4556,Lymphoid-T
c_1_34_4557,Lymphoid-Other
c_1_34_4558,None
c_1_34_4559,Epithelial
c_1_34_4560,Lymphoid-DC
c_1_34_4561,Lymphoid-T
c_1_34_4562,Lymphoid-T
c_1_34_4563,Epithelial
c_1_34_4564,Lymphoid-Other
c_1_34_4565,Lymphoid-Other
c_1_34_4566,Lymphoid-T
c_1_34_4567,Lymphoid-Plasma
c_1_34_4568,Lymphoid-B
c_1_34_4569,Lymphoid-Other
c_1_34_4570,Lymphoid-Other
c_1_34_4571,Lymphoid-Other
c_1_34_4572,Mesenchymal-Stromal
c_1_34_4573,None
c_1_34_4574,Lymphoid-DC
c_1_34_4575,Lymphoid-Other
c_1_34_4576,Lymphoid-Other
c_1_34_4577,Mesenchymal-Stromal
c_1_34_4578,None
c_1_34_4579,Lymphoid-T
c_1_34_4580,Lymphoid-Plasma
c_1_34_4581,None
c_1_34_4582,Lymphoid-Other
c_1_34_4583,Lymphoid-T
c_1_34_4584,Lymphoid-T
c_1_34_4585,Lymphoid-Other
c_1_34_4586,Lymphoid-DC
c_1_34_4587,Lymphoid-B
c_1_34_4588,Lymphoid-T
c_1_34_4589,None
c_1_34_4590,Epithelial
c_1_34_4591,Lymphoid-DC
c_1_34_4592,Lymphoid-DC
c_1_34_4593,None
c_1_34_4594,Endothelial
c_1_34_4595,Epithelial
c_1_34_4596,None
c_1_34_4597,None
c_1_34_4598,Lymphoid-T
c_1_34_4599,Lymphoid-DC
c_1_34_4600,Lymphoid-T
c_1_34_4601,None
c_1_34_4602,Lymphoid-DC
c_1_34_4603,Lymphoid-T
c_1_34_4604,Lymphoid-DC
c_1_34_4605,Endothelial
c_1_34_4606,Endothelial
c_1_34_4607,Lymphoid-DC
c_1_34_4608,Lymphoid-T
c_1_34_4609,Lymphoid-Other
c_1_34_4610,Stem
c_1_34_4611,None
c_1_34_4612,Epithelial
c_1_34_4613,None
c_1_34_4614,Lymphoid-DC
c_1_34_4615,None
c_1_34_4616,Epithelial
c_1_34_4617,Myeloid
c_1_34_4618,None
c_1_34_4619,Lymphoid-Plasma
c_1_34_4620,Epithelial
c_1_34_4621,Lymphoid-Other
c_1_34_4622,Myeloid
c_1_34_4623,Lymphoid-Plasma
c_1_34_4624,Lymphoid-Other
c_1_34_4625,Epithelial
c_1_34_4626,Myeloid
c_1_34_4627,None
c_1_34_4628,Epithelial
c_1_34_4629,Lymphoid-Other
c_1_34_4630,Lymphoid-B
c_1_34_4631,Myeloid
c_1_34_4632,Lymphoid-T
c_1_34_4633,None
c_1_34_4634,Lymphoid-DC
c_1_34_4635,Lymphoid-Other
c_1_34_4636,Epithelial
c_1_34_4637,Lymphoid-Plasma
c_1_34_4638,None
c_1_34_4639,Lymphoid-T
c_1_34_4640,Lymphoid-DC
c_1_34_4641,Lymphoid-Other
c_1_34_4642,None
c_1_34_4643,Lymphoid-T
c_1_34_4644,Lymphoid-T
c_1_34_4645,Lymphoid-DC
c_1_34_4646,Lymphoid-T
c_1_34_4647,Lymphoid-Plasma
c_1_34_4648,None
c_1_34_4649,None
c_1_34_4650,Lymphoid-DC
c_1_34_4651,None
c_1_34_4652,Epithelial
c_1_34_4653,Lymphoid-Other
c_1_34_4654,Lymphoid-Other
c_1_34_4655,Lymphoid-Plasma
c_1_34_4656,Lymphoid-T
c_1_34_4657,Lymphoid-DC
c_1_34_4658,None
c_1_34_4659,None
c_1_34_4660,None
c_1_34_4661,Lymphoid-DC
c_1_34_4662,Lymphoid-Plasma
c_1_34_4663,None
c_1_34_4664,Lymphoid-DC
c_1_34_4665,None
c_1_34_4666,Lymphoid-Other
c_1_34_4667,Lymphoid-Plasma
c_1_34_4668,Lymphoid-T
c_1_34_4669,Lymphoid-Plasma
c_1_34_4670,Epithelial
c_1_34_4671,Epithelial
c_1_34_4672,Lymphoid-Plasma
c_1_34_4673,None
c_1_34_4674,Lymphoid-DC
c_1_34_4675,None
c_1_34_4676,Lymphoid-DC
c_1_34_4677,Lymphoid-DC
c_1_34_4678,Lymphoid-DC
c_1_34_4679,Epithelial
c_1_34_4680,Epithelial
c_1_34_4681,Epithelial
c_1_34_4682,Lymphoid-T
c_1_34_4683,Epithelial
c_1_34_4684,Lymphoid-Plasma
c_1_34_4685,None
c_1_34_4686,None
c_1_34_4687,Endothelial
c_1_34_4688,None
c_1_34_4689,Lymphoid-Other
c_1_34_4690,Lymphoid-T
c_1_34_4691,Lymphoid-DC
c_1_34_4692,None
c_1_34_4693,Lymphoid-T
c_1_34_4694,Lymphoid-Other
c_1_34_4695,Lymphoid-T
c_1_34_4696,Lymphoid-Plasma
c_1_34_4697,None
c_1_34_4698,None
c_1_34_4699,None
c_1_34_4700,Endothelial
c_1_34_4701,Epithelial
c_1_34_4702,Myeloid
c_1_34_4703,Lymphoid-Other
c_1_34_4704,Lymphoid-DC
c_1_34_4705,None
c_1_34_4706,Epithelial
c_1_34_4707,Myeloid
c_1_34_4708,Lymphoid-Other
c_1_34_4709,Lymphoid-Plasma
c_1_34_4710,None
c_1_34_4711,None
c_1_34_4712,None
c_1_34_4713,Lymphoid-T
c_1_34_4714,Lymphoid-Other
c_1_34_4715,Endothelial
c_1_34_4716,Lymphoid-Plasma
c_1_34_4717,Myeloid
c_1_34_4718,None
c_1_34_4719,Lymphoid-Other
c_1_34_4720,None
c_1_34_4721,None
c_1_34_4722,None
c_1_34_4723,None
c_1_34_4724,Lymphoid-T
c_1_34_4725,Epithelial
c_1_34_4726,None
c_1_34_4727,Lymphoid-Plasma
c_1_34_4728,None
c_1_34_4729,Epithelial
c_1_34_4730,None
c_1_34_4731,None
c_1_34_4732,Lymphoid-Other
c_1_34_4733,Lymphoid-Plasma
c_1_34_4734,None
c_1_34_4735,Lymphoid-T
c_1_34_4736,None
c_1_34_4737,None
c_1_34_4738,Lymphoid-Other
c_1_34_4739,Epithelial
c_1_34_4740,Lymphoid-T
c_1_34_4741,None
c_1_34_4742,Lymphoid-Other
c_1_34_4743,None
c_1_34_4744,Lymphoid-DC
c_1_34_4745,Lymphoid-T
c_1_34_4746,Epithelial
c_1_34_4747,Lymphoid-Other
c_1_34_4748,Lymphoid-Other
c_1_34_4749,Lymphoid-T
c_1_34_4750,Lymphoid-Plasma
c_1_34_4751,None
c_1_34_4752,Lymphoid-Plasma
c_1_34_4753,Lymphoid-Plasma
c_1_34_4754,Lymphoid-DC
c_1_34_4755,Lymphoid-DC
c_1_34_4756,None
c_1_34_4757,None
c_1_34_4758,None
c_1_34_4759,Epithelial
c_1_34_4760,Lymphoid-T
c_1_34_4761,None
c_1_34_4762,Lymphoid-Other
c_1_34_4763,None
c_1_34_4764,None
c_1_34_4765,Endothelial
c_1_34_4766,Lymphoid-DC
c_1_34_4767,None
c_1_34_4768,None
c_1_34_4769,None
c_1_34_4770,Lymphoid-Other
c_1_34_4771,Lymphoid-Plasma
c_1_34_4772,None
c_1_34_4773,None
c_1_34_4774,Lymphoid-T
c_1_34_4775,Epithelial
c_1_34_4776,None
c_1_34_4777,Lymphoid-DC
c_1_34_4778,Lymphoid-Plasma
c_1_34_4779,None
c_1_34_4780,None
c_1_34_4781,Lymphoid-Other
c_1_34_4782,None
c_1_34_4783,Lymphoid-B
c_1_34_4784,Neuronal-Glial
c_1_34_4785,Lymphoid-Other
c_1_34_4786,Lymphoid-Other
c_1_34_4787,Lymphoid-Other
c_1_34_4788,Epithelial
c_1_34_4789,None
c_1_34_4790,Lymphoid-Plasma
c_1_34_4791,Lymphoid-Other
c_1_34_4792,Lymphoid-T
c_1_34_4793,Epithelial
c_1_34_4794,Lymphoid-Plasma
c_1_34_4795,None
c_1_34_4796,Epithelial
c_1_34_4797,Lymphoid-Plasma
c_1_34_4798,None
c_1_34_4799,Lymphoid-Plasma
c_1_34_4800,Lymphoid-T
c_1_34_4801,Lymphoid-DC
c_1_34_4802,None
c_1_34_4803,None
c_1_34_4804,Lymphoid-T
c_1_34_4805,Lymphoid-Plasma
c_1_34_4806,None
c_1_34_4807,Lymphoid-Other
c_1_34_4808,Lymphoid-T
c_1_34_4809,Myeloid
c_1_34_4810,None
c_1_34_4811,Epithelial
c_1_34_4812,None
c_1_34_4813,Lymphoid-B
c_1_34_4814,None
c_1_34_4815,Lymphoid-Plasma
c_1_34_4816,Lymphoid-Plasma
c_1_34_4817,Epithelial
c_1_34_4818,Lymphoid-T
c_1_34_4819,None
c_1_34_4820,Lymphoid-Other
c_1_34_4821,Lymphoid-B
c_1_34_4822,Myeloid
c_1_34_4823,Epithelial
c_1_34_4824,Lymphoid-Other
c_1_34_4825,Epithelial
c_1_34_4826,Lymphoid-Plasma
c_1_34_4827,None
c_1_34_4828,Epithelial
c_1_34_4829,Lymphoid-DC
c_1_34_4830,None
c_1_34_4831,Myeloid
c_1_34_4832,Epithelial
c_1_34_4833,Lymphoid-Other
c_1_34_4834,Epithelial
c_1_34_4835,None
c_1_34_4836,Lymphoid-Other
c_1_34_4837,None
c_1_34_4838,None
c_1_34_4839,Epithelial
c_1_34_4840,Lymphoid-T
c_1_34_4841,None
c_1_34_4842,None
c_1_34_4843,Epithelial
c_1_34_4844,Lymphoid-Other
c_1_34_4845,Lymphoid-Plasma
c_1_34_4846,Lymphoid-Other
c_1_34_4847,Epithelial
c_1_34_4848,Lymphoid-T
c_1_34_4849,None
c_1_34_4850,Epithelial
c_1_34_4851,Epithelial
c_1_34_4852,None
c_1_34_4853,None
c_1_34_4854,Epithelial
c_1_34_4855,None
c_1_34_4856,None
c_1_34_4857,Endothelial
c_1_34_4858,Lymphoid-Plasma
c_1_34_4859,Epithelial
c_1_34_4860,Lymphoid-T
c_1_34_4861,Lymphoid-Plasma
c_1_34_4862,Epithelial
c_1_34_4863,Erythroid
c_1_34_4864,Lymphoid-Other
c_1_34_4865,Epithelial
c_1_34_4866,None
c_1_34_4867,Lymphoid-Other
c_1_34_4868,None
c_1_34_4869,Lymphoid-Other
c_1_34_4870,None
c_1_34_4871,None
c_1_34_4872,Epithelial
c_1_34_4873,Epithelial
c_1_34_4874,None
c_1_34_4875,None
c_1_34_4876,Lymphoid-B
c_1_34_4877,None
c_1_34_4878,None
c_1_35_1,Lymphoid-T
c_1_35_2,Lymphoid-T
c_1_35_3,None
c_1_35_4,Lymphoid-Other
c_1_35_5,Lymphoid-T
c_1_35_6,Lymphoid-Other
c_1_35_7,Lymphoid-T
c_1_35_8,Lymphoid-T
c_1_35_9,Lymphoid-T
c_1_35_10,Lymphoid-B
c_1_35_11,Lymphoid-DC
c_1_35_12,Lymphoid-T
c_1_35_13,Lymphoid-Other
c_1_35_14,Lymphoid-T
c_1_35_15,Lymphoid-T
c_1_35_16,Lymphoid-T
c_1_35_17,Endothelial
c_1_35_18,Lymphoid-T
c_1_35_19,Lymphoid-T
c_1_35_20,Lymphoid-Other
c_1_35_21,Lymphoid-T
c_1_35_22,Lymphoid-T
c_1_35_23,Mesenchymal-Stromal
c_1_35_24,Lymphoid-T
c_1_35_25,Lymphoid-T
c_1_35_26,Lymphoid-T
c_1_35_27,Lymphoid-T
c_1_35_28,Lymphoid-DC
c_1_35_29,Lymphoid-T
c_1_35_30,Endothelial
c_1_35_31,Lymphoid-Other
c_1_35_32,Lymphoid-T
c_1_35_33,Lymphoid-T
c_1_35_34,Lymphoid-T
c_1_35_35,Lymphoid-Other
c_1_35_36,Lymphoid-T
c_1_35_37,None
c_1_35_38,Lymphoid-T
c_1_35_39,Lymphoid-T
c_1_35_40,Lymphoid-T
c_1_35_41,Lymphoid-Other
c_1_35_42,Lymphoid-T
c_1_35_43,Lymphoid-T
c_1_35_44,Endothelial
c_1_35_45,Lymphoid-T
c_1_35_46,Lymphoid-T
c_1_35_47,Endothelial
c_1_35_48,Lymphoid-T
c_1_35_49,Lymphoid-T
c_1_35_50,Lymphoid-T
c_1_35_51,Lymphoid-B
c_1_35_52,Endothelial
c_1_35_53,Lymphoid-Other
c_1_35_54,Lymphoid-T
c_1_35_55,Lymphoid-Other
c_1_35_56,Lymphoid-Other
c_1_35_57,Lymphoid-T
c_1_35_58,Lymphoid-B
c_1_35_59,Lymphoid-Other
c_1_35_60,Lymphoid-T
c_1_35_61,Lymphoid-T
c_1_35_62,Lymphoid-T
c_1_35_63,Lymphoid-Other
c_1_35_64,Lymphoid-T
c_1_35_65,Lymphoid-T
c_1_35_66,Lymphoid-T
c_1_35_67,Lymphoid-T
c_1_35_68,Lymphoid-T
c_1_35_69,Lymphoid-DC
c_1_35_70,Lymphoid-Plasma
c_1_35_71,Lymphoid-DC
c_1_35_72,Lymphoid-T
c_1_35_73,Lymphoid-Other
c_1_35_74,Lymphoid-T
c_1_35_75,Lymphoid-T
c_1_35_76,Lymphoid-T
c_1_35_77,Lymphoid-Other
c_1_35_78,Lymphoid-T
c_1_35_79,Lymphoid-T
c_1_35_80,Lymphoid-T
c_1_35_81,Lymphoid-T
c_1_35_82,Lymphoid-T
c_1_35_83,Lymphoid-T
c_1_35_84,Lymphoid-T
c_1_35_85,Lymphoid-T
c_1_35_86,Lymphoid-T
c_1_35_87,Lymphoid-T
c_1_35_88,Lymphoid-Other
c_1_35_89,Lymphoid-T
c_1_35_90,Lymphoid-T
c_1_35_91,Lymphoid-Other
c_1_35_92,Lymphoid-B
c_1_35_93,Endothelial
c_1_35_94,Lymphoid-B
c_1_35_95,Lymphoid-B
c_1_35_96,Lymphoid-T
c_1_35_97,Lymphoid-T
c_1_35_98,Lymphoid-Other
c_1_35_99,Lymphoid-T
c_1_35_100,Lymphoid-Other
c_1_35_101,Lymphoid-T
c_1_35_102,Lymphoid-T
c_1_35_103,Lymphoid-T
c_1_35_104,Lymphoid-B
c_1_35_105,Lymphoid-T
c_1_35_106,Lymphoid-DC
c_1_35_107,Lymphoid-Other
c_1_35_108,Lymphoid-Other
c_1_35_109,Lymphoid-B
c_1_35_110,Lymphoid-Other
c_1_35_111,Lymphoid-T
c_1_35_112,Endothelial
c_1_35_113,Lymphoid-T
c_1_35_114,Lymphoid-Other
c_1_35_115,Lymphoid-T
c_1_35_116,Lymphoid-T
c_1_35_117,Lymphoid-DC
c_1_35_118,Lymphoid-B
c_1_35_119,Lymphoid-T
c_1_35_120,Lymphoid-Other
c_1_35_121,Lymphoid-Other
c_1_35_122,Lymphoid-T
c_1_35_123,Lymphoid-T
c_1_35_124,Lymphoid-T
c_1_35_125,Lymphoid-Other
c_1_35_126,Lymphoid-T
c_1_35_127,Lymphoid-T
c_1_35_128,Lymphoid-B
c_1_35_129,Lymphoid-T
c_1_35_130,Lymphoid-DC
c_1_35_131,Lymphoid-T
c_1_35_132,Lymphoid-T
c_1_35_133,Lymphoid-T
c_1_35_134,Lymphoid-T
c_1_35_135,Lymphoid-B
c_1_35_136,Lymphoid-Other
c_1_35_137,Lymphoid-T
c_1_35_138,Lymphoid-T
c_1_35_139,Lymphoid-Other
c_1_35_140,Lymphoid-Other
c_1_35_141,Lymphoid-T
c_1_35_142,Lymphoid-T
c_1_35_143,Lymphoid-T
c_1_35_144,Lymphoid-Other
c_1_35_145,Lymphoid-T
c_1_35_146,None
c_1_35_147,Lymphoid-B
c_1_35_148,Lymphoid-T
c_1_35_149,Lymphoid-DC
c_1_35_150,Lymphoid-B
c_1_35_151,Lymphoid-T
c_1_35_152,Lymphoid-B
c_1_35_153,Lymphoid-Other
c_1_35_154,Epithelial
c_1_35_155,Lymphoid-B
c_1_35_156,Lymphoid-T
c_1_35_157,Lymphoid-Other
c_1_35_158,Lymphoid-T
c_1_35_159,Mesenchymal-Stromal
c_1_35_160,Lymphoid-T
c_1_35_161,Lymphoid-B
c_1_35_162,Lymphoid-B
c_1_35_163,Lymphoid-Other
c_1_35_164,Lymphoid-B
c_1_35_165,Lymphoid-B
c_1_35_166,Lymphoid-B
c_1_35_167,Lymphoid-B
c_1_35_168,Mesenchymal-Stromal
c_1_35_169,Lymphoid-T
c_1_35_170,Lymphoid-Other
c_1_35_171,Lymphoid-T
c_1_35_172,Lymphoid-T
c_1_35_173,Lymphoid-B
c_1_35_174,None
c_1_35_175,Lymphoid-T
c_1_35_176,Lymphoid-T
c_1_35_177,Lymphoid-B
c_1_35_178,Lymphoid-B
c_1_35_179,Lymphoid-T
c_1_35_180,Lymphoid-Other
c_1_35_181,Lymphoid-B
c_1_35_182,Endothelial
c_1_35_183,Lymphoid-T
c_1_35_184,Lymphoid-T
c_1_35_185,Lymphoid-B
c_1_35_186,Lymphoid-Other
c_1_35_187,Lymphoid-T
c_1_35_188,Lymphoid-Other
c_1_35_189,Lymphoid-T
c_1_35_190,Lymphoid-T
c_1_35_191,Lymphoid-Other
c_1_35_192,Lymphoid-Other
c_1_35_193,Lymphoid-T
c_1_35_194,Lymphoid-B
c_1_35_195,Lymphoid-Other
c_1_35_196,Lymphoid-Other
c_1_35_197,Lymphoid-Other
c_1_35_198,Lymphoid-T
c_1_35_199,Lymphoid-T
c_1_35_200,Lymphoid-T
c_1_35_201,Lymphoid-T
c_1_35_202,Lymphoid-B
c_1_35_203,Lymphoid-T
c_1_35_204,Lymphoid-T
c_1_35_205,Lymphoid-DC
c_1_35_206,Lymphoid-T
c_1_35_207,Lymphoid-T
c_1_35_208,Lymphoid-Other
c_1_35_209,Lymphoid-Other
c_1_35_210,Endothelial
c_1_35_211,Lymphoid-Other
c_1_35_212,Lymphoid-T
c_1_35_213,Lymphoid-Other
c_1_35_214,Lymphoid-T
c_1_35_215,Lymphoid-T
c_1_35_216,Lymphoid-Other
c_1_35_217,Lymphoid-Other
c_1_35_218,Lymphoid-T
c_1_35_219,Lymphoid-Other
c_1_35_220,Lymphoid-T
c_1_35_221,Lymphoid-T
c_1_35_222,Lymphoid-T
c_1_35_223,Lymphoid-T
c_1_35_224,Lymphoid-T
c_1_35_225,Lymphoid-T
c_1_35_226,Lymphoid-DC
c_1_35_227,Lymphoid-Other
c_1_35_228,Lymphoid-T
c_1_35_229,Lymphoid-Other
c_1_35_230,Lymphoid-T
c_1_35_231,Lymphoid-B
c_1_35_232,Lymphoid-Other
c_1_35_233,Lymphoid-T
c_1_35_234,Lymphoid-T
c_1_35_235,Lymphoid-B
c_1_35_236,Lymphoid-B
c_1_35_237,Lymphoid-T
c_1_35_238,Lymphoid-Other
c_1_35_239,Lymphoid-Other
c_1_35_240,Lymphoid-T
c_1_35_241,Lymphoid-T
c_1_35_242,Lymphoid-Other
c_1_35_243,Lymphoid-Other
c_1_35_244,Lymphoid-B
c_1_35_245,None
c_1_35_246,Lymphoid-Other
c_1_35_247,Lymphoid-T
c_1_35_248,Lymphoid-T
c_1_35_249,Lymphoid-T
c_1_35_250,Lymphoid-Other
c_1_35_251,Lymphoid-T
c_1_35_252,Lymphoid-B
c_1_35_253,Lymphoid-B
c_1_35_254,Lymphoid-Other
c_1_35_255,Lymphoid-B
c_1_35_256,Lymphoid-B
c_1_35_257,Lymphoid-T
c_1_35_258,Lymphoid-B
c_1_35_259,Lymphoid-B
c_1_35_260,Lymphoid-T
c_1_35_261,Lymphoid-Plasma
c_1_35_262,Endothelial
c_1_35_263,Lymphoid-T
c_1_35_264,Lymphoid-T
c_1_35_265,Lymphoid-T
c_1_35_266,Lymphoid-DC
c_1_35_267,Lymphoid-T
c_1_35_268,Lymphoid-B
c_1_35_269,Lymphoid-T
c_1_35_270,Lymphoid-T
c_1_35_271,Lymphoid-Other
c_1_35_272,Lymphoid-T
c_1_35_273,Lymphoid-Other
c_1_35_274,Lymphoid-B
c_1_35_275,Lymphoid-T
c_1_35_276,Lymphoid-B
c_1_35_277,Lymphoid-T
c_1_35_278,Lymphoid-T
c_1_35_279,Lymphoid-DC
c_1_35_280,Lymphoid-T
c_1_35_281,Lymphoid-T
c_1_35_282,Lymphoid-T
c_1_35_283,Lymphoid-B
c_1_35_284,Lymphoid-B
c_1_35_285,Lymphoid-B
c_1_35_286,Lymphoid-Other
c_1_35_287,Lymphoid-B
c_1_35_288,Lymphoid-Other
c_1_35_289,Lymphoid-T
c_1_35_290,Lymphoid-T
c_1_35_291,Lymphoid-DC
c_1_35_292,Lymphoid-DC
c_1_35_293,Lymphoid-T
c_1_35_294,Lymphoid-Other
c_1_35_295,Lymphoid-DC
c_1_35_296,Lymphoid-T
c_1_35_297,Lymphoid-B
c_1_35_298,Lymphoid-Other
c_1_35_299,Lymphoid-B
c_1_35_300,Lymphoid-B
c_1_35_301,Lymphoid-T
c_1_35_302,Lymphoid-Other
c_1_35_303,Lymphoid-B
c_1_35_304,Lymphoid-B
c_1_35_305,Lymphoid-DC
c_1_35_306,Lymphoid-T
c_1_35_307,Lymphoid-B
c_1_35_308,Lymphoid-T
c_1_35_309,Lymphoid-DC
c_1_35_310,Lymphoid-Other
c_1_35_311,Lymphoid-DC
c_1_35_312,Lymphoid-T
c_1_35_313,Lymphoid-T
c_1_35_314,Lymphoid-T
c_1_35_315,Lymphoid-B
c_1_35_316,Lymphoid-B
c_1_35_317,Lymphoid-Other
c_1_35_318,Lymphoid-B
c_1_35_319,Lymphoid-T
c_1_35_320,Lymphoid-Other
c_1_35_321,Lymphoid-Other
c_1_35_322,Lymphoid-T
c_1_35_323,Lymphoid-T
c_1_35_324,Lymphoid-B
c_1_35_325,Lymphoid-Other
c_1_35_326,Lymphoid-T
c_1_35_327,Lymphoid-Other
c_1_35_328,Lymphoid-B
c_1_35_329,Lymphoid-Other
c_1_35_330,Lymphoid-Other
c_1_35_331,Lymphoid-T
c_1_35_332,Lymphoid-B
c_1_35_333,Mesenchymal-Stromal
c_1_35_334,Lymphoid-T
c_1_35_335,Lymphoid-B
c_1_35_336,Lymphoid-B
c_1_35_337,Lymphoid-T
c_1_35_338,Lymphoid-B
c_1_35_339,Lymphoid-T
c_1_35_340,Lymphoid-Other
c_1_35_341,Lymphoid-T
c_1_35_342,Lymphoid-Other
c_1_35_343,Lymphoid-Other
c_1_35_344,Lymphoid-B
c_1_35_345,Lymphoid-T
c_1_35_346,Lymphoid-B
c_1_35_347,Lymphoid-T
c_1_35_348,Lymphoid-T
c_1_35_349,Lymphoid-T
c_1_35_350,Lymphoid-T
c_1_35_351,Lymphoid-B
c_1_35_352,Lymphoid-T
c_1_35_353,Lymphoid-B
c_1_35_354,Lymphoid-B
c_1_35_355,Lymphoid-T
c_1_35_356,Lymphoid-T
c_1_35_357,Lymphoid-T
c_1_35_358,Lymphoid-Plasma
c_1_35_359,Lymphoid-T
c_1_35_360,Lymphoid-T
c_1_35_361,Lymphoid-Other
c_1_35_362,Lymphoid-B
c_1_35_363,Lymphoid-T
c_1_35_364,Lymphoid-T
c_1_35_365,Lymphoid-T
c_1_35_366,Lymphoid-Other
c_1_35_367,Lymphoid-T
c_1_35_368,Lymphoid-T
c_1_35_369,Lymphoid-B
c_1_35_370,Lymphoid-Other
c_1_35_371,Lymphoid-B
c_1_35_372,Lymphoid-B
c_1_35_373,Lymphoid-B
c_1_35_374,Lymphoid-B
c_1_35_375,Lymphoid-B
c_1_35_376,Lymphoid-T
c_1_35_377,Lymphoid-T
c_1_35_378,Lymphoid-B
c_1_35_379,Lymphoid-Other
c_1_35_380,Lymphoid-T
c_1_35_381,Lymphoid-T
c_1_35_382,Lymphoid-T
c_1_35_383,Lymphoid-T
c_1_35_384,Lymphoid-Plasma
c_1_35_385,Lymphoid-T
c_1_35_386,Lymphoid-T
c_1_35_387,Lymphoid-T
c_1_35_388,Lymphoid-T
c_1_35_389,Lymphoid-T
c_1_35_390,Lymphoid-T
c_1_35_391,Lymphoid-B
c_1_35_392,Lymphoid-Other
c_1_35_393,Lymphoid-B
c_1_35_394,Lymphoid-B
c_1_35_395,Lymphoid-T
c_1_35_396,Lymphoid-B
c_1_35_397,Lymphoid-B
c_1_35_398,Lymphoid-T
c_1_35_399,Lymphoid-Other
c_1_35_400,Lymphoid-T
c_1_35_401,Lymphoid-T
c_1_35_402,Endothelial
c_1_35_403,Lymphoid-T
c_1_35_404,Lymphoid-T
c_1_35_405,Lymphoid-B
c_1_35_406,Lymphoid-T
c_1_35_407,Lymphoid-T
c_1_35_408,Lymphoid-T
c_1_35_409,Lymphoid-T
c_1_35_410,Lymphoid-B
c_1_35_411,Endothelial
c_1_35_412,Lymphoid-B
c_1_35_413,Lymphoid-T
c_1_35_414,Lymphoid-B
c_1_35_415,Lymphoid-T
c_1_35_416,Lymphoid-B
c_1_35_417,Lymphoid-Other
c_1_35_418,Lymphoid-T
c_1_35_419,Lymphoid-T
c_1_35_420,Endothelial
c_1_35_421,Lymphoid-B
c_1_35_422,Lymphoid-Other
c_1_35_423,Lymphoid-Other
c_1_35_424,Lymphoid-Other
c_1_35_425,Lymphoid-B
c_1_35_426,Lymphoid-B
c_1_35_427,Lymphoid-B
c_1_35_428,Lymphoid-T
c_1_35_429,Myeloid
c_1_35_430,Lymphoid-B
c_1_35_431,Lymphoid-B
c_1_35_432,Lymphoid-Other
c_1_35_433,Lymphoid-Plasma
c_1_35_434,Lymphoid-B
c_1_35_435,Mesenchymal-Stromal
c_1_35_436,Lymphoid-T
c_1_35_437,Lymphoid-DC
c_1_35_438,Lymphoid-B
c_1_35_439,Lymphoid-T
c_1_35_440,Lymphoid-B
c_1_35_441,Lymphoid-Other
c_1_35_442,Lymphoid-Plasma
c_1_35_443,Lymphoid-Other
c_1_35_444,Lymphoid-T
c_1_35_445,Lymphoid-T
c_1_35_446,Lymphoid-Other
c_1_35_447,Lymphoid-B
c_1_35_448,Lymphoid-B
c_1_35_449,Lymphoid-T
c_1_35_450,Lymphoid-Other
c_1_35_451,Lymphoid-T
c_1_35_452,Lymphoid-T
c_1_35_453,Lymphoid-B
c_1_35_454,Lymphoid-B
c_1_35_455,Lymphoid-T
c_1_35_456,Lymphoid-T
c_1_35_457,Lymphoid-T
c_1_35_458,Lymphoid-B
c_1_35_459,Lymphoid-T
c_1_35_460,Myeloid
c_1_35_461,Lymphoid-T
c_1_35_462,Lymphoid-B
c_1_35_463,Lymphoid-T
c_1_35_464,Lymphoid-T
c_1_35_465,Lymphoid-T
c_1_35_466,Lymphoid-B
c_1_35_467,Lymphoid-Plasma
c_1_35_468,Lymphoid-T
c_1_35_469,Lymphoid-T
c_1_35_470,Lymphoid-B
c_1_35_471,Lymphoid-Other
c_1_35_472,Lymphoid-DC
c_1_35_473,Lymphoid-T
c_1_35_474,Lymphoid-B
c_1_35_475,Lymphoid-B
c_1_35_476,Lymphoid-DC
c_1_35_477,Lymphoid-T
c_1_35_478,Lymphoid-T
c_1_35_479,Lymphoid-DC
c_1_35_480,Lymphoid-B
c_1_35_481,Lymphoid-T
c_1_35_482,Mesenchymal-Stromal
c_1_35_483,Lymphoid-T
c_1_35_484,Lymphoid-B
c_1_35_485,Endothelial
c_1_35_486,Lymphoid-B
c_1_35_487,Lymphoid-T
c_1_35_488,None
c_1_35_489,Lymphoid-T
c_1_35_490,Lymphoid-T
c_1_35_491,Lymphoid-Other
c_1_35_492,Lymphoid-B
c_1_35_493,Lymphoid-T
c_1_35_494,Lymphoid-B
c_1_35_495,Lymphoid-B
c_1_35_496,Lymphoid-T
c_1_35_497,Lymphoid-T
c_1_35_498,Lymphoid-B
c_1_35_499,Lymphoid-DC
c_1_35_500,Lymphoid-T
c_1_35_501,Lymphoid-T
c_1_35_502,Lymphoid-B
c_1_35_503,Lymphoid-B
c_1_35_504,Lymphoid-T
c_1_35_505,Lymphoid-T
c_1_35_506,Lymphoid-B
c_1_35_507,Lymphoid-Other
c_1_35_508,Lymphoid-T
c_1_35_509,Lymphoid-T
c_1_35_510,Lymphoid-T
c_1_35_511,Endothelial
c_1_35_512,Lymphoid-B
c_1_35_513,Lymphoid-B
c_1_35_514,Lymphoid-T
c_1_35_515,Lymphoid-Other
c_1_35_516,Lymphoid-T
c_1_35_517,Lymphoid-Other
c_1_35_518,Lymphoid-Other
c_1_35_519,Lymphoid-T
c_1_35_520,Lymphoid-B
c_1_35_521,Lymphoid-Other
c_1_35_522,Lymphoid-T
c_1_35_523,Lymphoid-T
c_1_35_524,Lymphoid-T
c_1_35_525,Lymphoid-B
c_1_35_526,Mesenchymal-Stromal
c_1_35_527,Lymphoid-Plasma
c_1_35_528,Lymphoid-Other
c_1_35_529,Lymphoid-T
c_1_35_530,Lymphoid-T
c_1_35_531,Lymphoid-T
c_1_35_532,Lymphoid-B
c_1_35_533,Lymphoid-Other
c_1_35_534,Lymphoid-Other
c_1_35_535,Lymphoid-T
c_1_35_536,Lymphoid-T
c_1_35_537,Lymphoid-T
c_1_35_538,Lymphoid-B
c_1_35_539,Lymphoid-T
c_1_35_540,Lymphoid-B
c_1_35_541,Lymphoid-T
c_1_35_542,Lymphoid-T
c_1_35_543,Lymphoid-Other
c_1_35_544,Lymphoid-Other
c_1_35_545,Lymphoid-Other
c_1_35_546,Lymphoid-B
c_1_35_547,Lymphoid-Other
c_1_35_548,Lymphoid-Other
c_1_35_549,Lymphoid-T
c_1_35_550,Lymphoid-Other
c_1_35_551,Lymphoid-T
c_1_35_552,Lymphoid-T
c_1_35_553,Lymphoid-T
c_1_35_554,Lymphoid-Other
c_1_35_555,None
c_1_35_556,Lymphoid-T
c_1_35_557,Lymphoid-Plasma
c_1_35_558,Lymphoid-T
c_1_35_559,Lymphoid-T
c_1_35_560,Lymphoid-DC
c_1_35_561,Lymphoid-Other
c_1_35_562,Lymphoid-B
c_1_35_563,Lymphoid-DC
c_1_35_564,Lymphoid-Plasma
c_1_35_565,Lymphoid-T
c_1_35_566,Lymphoid-T
c_1_35_567,Lymphoid-Other
c_1_35_568,Lymphoid-Other
c_1_35_569,Lymphoid-T
c_1_35_570,Lymphoid-T
c_1_35_571,Lymphoid-Other
c_1_35_572,Lymphoid-T
c_1_35_573,Lymphoid-Other
c_1_35_574,Lymphoid-DC
c_1_35_575,Lymphoid-B
c_1_35_576,Lymphoid-B
c_1_35_577,Lymphoid-T
c_1_35_578,Lymphoid-DC
c_1_35_579,Lymphoid-Other
c_1_35_580,Endothelial
c_1_35_581,Lymphoid-B
c_1_35_582,Lymphoid-T
c_1_35_583,Lymphoid-Other
c_1_35_584,Lymphoid-Other
c_1_35_585,Lymphoid-T
c_1_35_586,Lymphoid-T
c_1_35_587,Lymphoid-T
c_1_35_588,Lymphoid-T
c_1_35_589,Lymphoid-B
c_1_35_590,Lymphoid-DC
c_1_35_591,Lymphoid-B
c_1_35_592,Endothelial
c_1_35_593,Lymphoid-B
c_1_35_594,Lymphoid-B
c_1_35_595,Lymphoid-B
c_1_35_596,Lymphoid-Other
c_1_35_597,Lymphoid-B
c_1_35_598,Lymphoid-T
c_1_35_599,Lymphoid-T
c_1_35_600,Endothelial
c_1_35_601,Endothelial
c_1_35_602,Lymphoid-B
c_1_35_603,None
c_1_35_604,Lymphoid-T
c_1_35_605,Lymphoid-B
c_1_35_606,Lymphoid-B
c_1_35_607,Mesenchymal-Stromal
c_1_35_608,Lymphoid-T
c_1_35_609,Lymphoid-Other
c_1_35_610,Lymphoid-T
c_1_35_611,Lymphoid-T
c_1_35_612,Lymphoid-T
c_1_35_613,Lymphoid-T
c_1_35_614,Lymphoid-B
c_1_35_615,Endothelial
c_1_35_616,Lymphoid-B
c_1_35_617,Lymphoid-B
c_1_35_618,Lymphoid-B
c_1_35_619,Lymphoid-T
c_1_35_620,Lymphoid-Other
c_1_35_621,Lymphoid-B
c_1_35_622,Lymphoid-Other
c_1_35_623,Lymphoid-B
c_1_35_624,Lymphoid-B
c_1_35_625,Lymphoid-T
c_1_35_626,Lymphoid-T
c_1_35_627,Lymphoid-B
c_1_35_628,Lymphoid-Other
c_1_35_629,Endothelial
c_1_35_630,Lymphoid-T
c_1_35_631,Lymphoid-B
c_1_35_632,Lymphoid-Plasma
c_1_35_633,Lymphoid-T
c_1_35_634,Lymphoid-B
c_1_35_635,Lymphoid-B
c_1_35_636,Lymphoid-Plasma
c_1_35_637,Lymphoid-T
c_1_35_638,Lymphoid-B
c_1_35_639,Lymphoid-T
c_1_35_640,Neuronal-Glial
c_1_35_641,Lymphoid-B
c_1_35_642,Endothelial
c_1_35_643,Lymphoid-B
c_1_35_644,Lymphoid-Other
c_1_35_645,Lymphoid-T
c_1_35_646,Mesenchymal-Stromal
c_1_35_647,Endothelial
c_1_35_648,Lymphoid-T
c_1_35_649,Lymphoid-T
c_1_35_650,Lymphoid-B
c_1_35_651,Lymphoid-T
c_1_35_652,Lymphoid-B
c_1_35_653,Lymphoid-T
c_1_35_654,Lymphoid-DC
c_1_35_655,Lymphoid-Other
c_1_35_656,Neuronal-Glial
c_1_35_657,Mesenchymal-Stromal
c_1_35_658,Lymphoid-B
c_1_35_659,Lymphoid-Other
c_1_35_660,Lymphoid-T
c_1_35_661,Lymphoid-T
c_1_35_662,Lymphoid-T
c_1_35_663,Lymphoid-B
c_1_35_664,Lymphoid-T
c_1_35_665,Lymphoid-B
c_1_35_666,Lymphoid-Other
c_1_35_667,Lymphoid-T
c_1_35_668,Lymphoid-B
c_1_35_669,Lymphoid-B
c_1_35_670,Lymphoid-T
c_1_35_671,Lymphoid-Other
c_1_35_672,Lymphoid-T
c_1_35_673,Lymphoid-B
c_1_35_674,Lymphoid-DC
c_1_35_675,Lymphoid-B
c_1_35_676,Lymphoid-T
c_1_35_677,Lymphoid-T
c_1_35_678,Lymphoid-Other
c_1_35_679,Lymphoid-T
c_1_35_680,Lymphoid-B
c_1_35_681,Lymphoid-B
c_1_35_682,Lymphoid-Other
c_1_35_683,Lymphoid-Other
c_1_35_684,Lymphoid-B
c_1_35_685,Lymphoid-B
c_1_35_686,Endothelial
c_1_35_687,Lymphoid-T
c_1_35_688,Lymphoid-Other
c_1_35_689,Lymphoid-DC
c_1_35_690,Lymphoid-B
c_1_35_691,Endothelial
c_1_35_692,Lymphoid-Other
c_1_35_693,Endothelial
c_1_35_694,Lymphoid-B
c_1_35_695,Lymphoid-B
c_1_35_696,Lymphoid-T
c_1_35_697,Lymphoid-B
c_1_35_698,Lymphoid-B
c_1_35_699,Lymphoid-Other
c_1_35_700,Lymphoid-Other
c_1_35_701,Lymphoid-T
c_1_35_702,Lymphoid-B
c_1_35_703,Lymphoid-B
c_1_35_704,Lymphoid-B
c_1_35_705,Lymphoid-B
c_1_35_706,Mesenchymal-Stromal
c_1_35_707,Lymphoid-Other
c_1_35_708,Lymphoid-B
c_1_35_709,Lymphoid-Other
c_1_35_710,Endothelial
c_1_35_711,Lymphoid-B
c_1_35_712,Lymphoid-Plasma
c_1_35_713,Lymphoid-T
c_1_35_714,Lymphoid-T
c_1_35_715,Endothelial
c_1_35_716,Lymphoid-B
c_1_35_717,Lymphoid-T
c_1_35_718,Lymphoid-DC
c_1_35_719,Lymphoid-T
c_1_35_720,Lymphoid-T
c_1_35_721,Myeloid
c_1_35_722,Endothelial
c_1_35_723,Lymphoid-Other
c_1_35_724,Lymphoid-Other
c_1_35_725,Lymphoid-T
c_1_35_726,Lymphoid-DC
c_1_35_727,Lymphoid-DC
c_1_35_728,Lymphoid-Other
c_1_35_729,Lymphoid-Other
c_1_35_730,Neuronal-Glial
c_1_35_731,Lymphoid-Other
c_1_35_732,Lymphoid-T
c_1_35_733,Endothelial
c_1_35_734,Lymphoid-B
c_1_35_735,Lymphoid-B
c_1_35_736,Lymphoid-T
c_1_35_737,Lymphoid-B
c_1_35_738,Lymphoid-T
c_1_35_739,Lymphoid-B
c_1_35_740,Lymphoid-T
c_1_35_741,Mesenchymal-Stromal
c_1_35_742,Lymphoid-Other
c_1_35_743,Lymphoid-B
c_1_35_744,Lymphoid-Other
c_1_35_745,Lymphoid-T
c_1_35_746,Lymphoid-T
c_1_35_747,Lymphoid-B
c_1_35_748,Lymphoid-B
c_1_35_749,Lymphoid-T
c_1_35_750,Lymphoid-Other
c_1_35_751,Lymphoid-B
c_1_35_752,Lymphoid-B
c_1_35_753,Lymphoid-T
c_1_35_754,Lymphoid-B
c_1_35_755,Lymphoid-T
c_1_35_756,Lymphoid-T
c_1_35_757,Lymphoid-B
c_1_35_758,Lymphoid-T
c_1_35_759,Mesenchymal-Stromal
c_1_35_760,Lymphoid-T
c_1_35_761,Lymphoid-B
c_1_35_762,Lymphoid-T
c_1_35_763,Lymphoid-T
c_1_35_764,Lymphoid-T
c_1_35_765,Lymphoid-B
c_1_35_766,Lymphoid-B
c_1_35_767,Lymphoid-Other
c_1_35_768,Lymphoid-T
c_1_35_769,Lymphoid-B
c_1_35_770,Lymphoid-T
c_1_35_771,Lymphoid-B
c_1_35_772,Lymphoid-T
c_1_35_773,Lymphoid-Other
c_1_35_774,Lymphoid-Other
c_1_35_775,Lymphoid-B
c_1_35_776,Lymphoid-Plasma
c_1_35_777,Lymphoid-T
c_1_35_778,Lymphoid-T
c_1_35_779,Lymphoid-T
c_1_35_780,Lymphoid-Plasma
c_1_35_781,Lymphoid-T
c_1_35_782,Lymphoid-Other
c_1_35_783,Lymphoid-T
c_1_35_784,Lymphoid-Other
c_1_35_785,Lymphoid-B
c_1_35_786,Lymphoid-Other
c_1_35_787,Lymphoid-B
c_1_35_788,Lymphoid-T
c_1_35_789,Lymphoid-T
c_1_35_790,Lymphoid-T
c_1_35_791,Lymphoid-B
c_1_35_792,Lymphoid-B
c_1_35_793,Lymphoid-B
c_1_35_794,Lymphoid-B
c_1_35_795,Lymphoid-Other
c_1_35_796,Lymphoid-Other
c_1_35_797,Lymphoid-B
c_1_35_798,Lymphoid-T
c_1_35_799,Lymphoid-Other
c_1_35_800,Lymphoid-T
c_1_35_801,Lymphoid-T
c_1_35_802,Lymphoid-T
c_1_35_803,Lymphoid-T
c_1_35_804,Lymphoid-T
c_1_35_805,Lymphoid-B
c_1_35_806,Lymphoid-B
c_1_35_807,Endothelial
c_1_35_808,Lymphoid-Other
c_1_35_809,Lymphoid-T
c_1_35_810,Endothelial
c_1_35_811,Lymphoid-T
c_1_35_812,Lymphoid-Other
c_1_35_813,Endothelial
c_1_35_814,Lymphoid-Other
c_1_35_815,Lymphoid-T
c_1_35_816,Lymphoid-T
c_1_35_817,Endothelial
c_1_35_818,Lymphoid-B
c_1_35_819,Lymphoid-T
c_1_35_820,Lymphoid-Other
c_1_35_821,Lymphoid-DC
c_1_35_822,Lymphoid-Other
c_1_35_823,Lymphoid-B
c_1_35_824,Lymphoid-T
c_1_35_825,Endothelial
c_1_35_826,Lymphoid-T
c_1_35_827,Lymphoid-B
c_1_35_828,Lymphoid-T
c_1_35_829,Lymphoid-B
c_1_35_830,Lymphoid-T
c_1_35_831,Lymphoid-T
c_1_35_832,Lymphoid-B
c_1_35_833,Lymphoid-B
c_1_35_834,Lymphoid-T
c_1_35_835,Lymphoid-Other
c_1_35_836,Lymphoid-T
c_1_35_837,Lymphoid-T
c_1_35_838,Lymphoid-DC
c_1_35_839,Lymphoid-T
c_1_35_840,Lymphoid-T
c_1_35_841,Lymphoid-B
c_1_35_842,Lymphoid-T
c_1_35_843,Lymphoid-T
c_1_35_844,Lymphoid-B
c_1_35_845,Endothelial
c_1_35_846,Lymphoid-Other
c_1_35_847,Lymphoid-T
c_1_35_848,Lymphoid-B
c_1_35_849,Lymphoid-Other
c_1_35_850,Lymphoid-T
c_1_35_851,Lymphoid-T
c_1_35_852,Endothelial
c_1_35_853,Lymphoid-T
c_1_35_854,Lymphoid-T
c_1_35_855,Lymphoid-Other
c_1_35_856,Lymphoid-T
c_1_35_857,Lymphoid-Other
c_1_35_858,Mesenchymal-Stromal
c_1_35_859,Lymphoid-Other
c_1_35_860,Lymphoid-Other
c_1_35_861,Lymphoid-B
c_1_35_862,None
c_1_35_863,Lymphoid-B
c_1_35_864,Endothelial
c_1_35_865,Lymphoid-T
c_1_35_866,Lymphoid-T
c_1_35_867,Endothelial
c_1_35_868,Lymphoid-T
c_1_35_869,Lymphoid-T
c_1_35_870,Lymphoid-Other
c_1_35_871,Lymphoid-Other
c_1_35_872,Lymphoid-B
c_1_35_873,Myeloid
c_1_35_874,Lymphoid-B
c_1_35_875,Lymphoid-T
c_1_35_876,Lymphoid-Other
c_1_35_877,Lymphoid-B
c_1_35_878,Lymphoid-Other
c_1_35_879,Lymphoid-B
c_1_35_880,Lymphoid-T
c_1_35_881,Lymphoid-T
c_1_35_882,Lymphoid-B
c_1_35_883,Lymphoid-B
c_1_35_884,Lymphoid-T
c_1_35_885,Lymphoid-T
c_1_35_886,Lymphoid-T
c_1_35_887,Endothelial
c_1_35_888,Lymphoid-T
c_1_35_889,Lymphoid-Other
c_1_35_890,Lymphoid-Other
c_1_35_891,Lymphoid-B
c_1_35_892,Lymphoid-T
c_1_35_893,Lymphoid-T
c_1_35_894,Lymphoid-Other
c_1_35_895,Lymphoid-Other
c_1_35_896,Lymphoid-T
c_1_35_897,Lymphoid-T
c_1_35_898,Lymphoid-T
c_1_35_899,Lymphoid-T
c_1_35_900,Lymphoid-T
c_1_35_901,Lymphoid-B
c_1_35_902,Lymphoid-T
c_1_35_903,Lymphoid-T
c_1_35_904,Lymphoid-T
c_1_35_905,Lymphoid-B
c_1_35_906,Lymphoid-T
c_1_35_907,Lymphoid-T
c_1_35_908,Lymphoid-T
c_1_35_909,Lymphoid-B
c_1_35_910,None
c_1_35_911,Lymphoid-T
c_1_35_912,Lymphoid-T
c_1_35_913,Lymphoid-Other
c_1_35_914,Lymphoid-Other
c_1_35_915,Lymphoid-T
c_1_35_916,Lymphoid-Other
c_1_35_917,Lymphoid-T
c_1_35_918,Lymphoid-T
c_1_35_919,Lymphoid-T
c_1_35_920,Lymphoid-T
c_1_35_921,Lymphoid-B
c_1_35_922,Lymphoid-B
c_1_35_923,Lymphoid-B
c_1_35_924,Lymphoid-T
c_1_35_925,Lymphoid-T
c_1_35_926,Lymphoid-B
c_1_35_927,Endothelial
c_1_35_928,Lymphoid-T
c_1_35_929,Lymphoid-T
c_1_35_930,Lymphoid-Other
c_1_35_931,Lymphoid-T
c_1_35_932,Lymphoid-Other
c_1_35_933,Lymphoid-T
c_1_35_934,Lymphoid-B
c_1_35_935,Lymphoid-Other
c_1_35_936,Lymphoid-T
c_1_35_937,Lymphoid-Plasma
c_1_35_938,Lymphoid-B
c_1_35_939,Lymphoid-T
c_1_35_940,Lymphoid-T
c_1_35_941,Lymphoid-Plasma
c_1_35_942,Mesenchymal-Stromal
c_1_35_943,Lymphoid-Other
c_1_35_944,Lymphoid-T
c_1_35_945,Lymphoid-B
c_1_35_946,Lymphoid-T
c_1_35_947,Lymphoid-B
c_1_35_948,Lymphoid-Other
c_1_35_949,Lymphoid-B
c_1_35_950,Lymphoid-T
c_1_35_951,Lymphoid-Other
c_1_35_952,Lymphoid-T
c_1_35_953,Endothelial
c_1_35_954,Lymphoid-T
c_1_35_955,Lymphoid-Other
c_1_35_956,Lymphoid-T
c_1_35_957,Lymphoid-T
c_1_35_958,Lymphoid-T
c_1_35_959,Lymphoid-T
c_1_35_960,Lymphoid-T
c_1_35_961,Lymphoid-Other
c_1_35_962,Lymphoid-T
c_1_35_963,Lymphoid-T
c_1_35_964,Lymphoid-DC
c_1_35_965,Lymphoid-Other
c_1_35_966,Lymphoid-Other
c_1_35_967,Lymphoid-B
c_1_35_968,Lymphoid-T
c_1_35_969,Lymphoid-T
c_1_35_970,Lymphoid-T
c_1_35_971,Lymphoid-T
c_1_35_972,Lymphoid-T
c_1_35_973,Lymphoid-T
c_1_35_974,Lymphoid-T
c_1_35_975,Lymphoid-T
c_1_35_976,Endothelial
c_1_35_977,Lymphoid-Other
c_1_35_978,Lymphoid-Other
c_1_35_979,Lymphoid-T
c_1_35_980,Endothelial
c_1_35_981,Lymphoid-T
c_1_35_982,Lymphoid-B
c_1_35_983,Lymphoid-T
c_1_35_984,Mesenchymal-Stromal
c_1_35_985,Endothelial
c_1_35_986,Lymphoid-T
c_1_35_987,Endothelial
c_1_35_988,Lymphoid-T
c_1_35_989,Lymphoid-T
c_1_35_990,Lymphoid-B
c_1_35_991,Lymphoid-Other
c_1_35_992,Lymphoid-Other
c_1_35_993,Lymphoid-T
c_1_35_994,Lymphoid-T
c_1_35_995,Lymphoid-T
c_1_35_996,Lymphoid-T
c_1_35_997,Lymphoid-B
c_1_35_998,Lymphoid-B
c_1_35_999,Lymphoid-T
c_1_35_1000,Lymphoid-B
c_1_35_1001,Mesenchymal-Stromal
c_1_35_1002,Lymphoid-T
c_1_35_1003,Lymphoid-T
c_1_35_1004,Lymphoid-T
c_1_35_1005,Lymphoid-B
c_1_35_1006,Lymphoid-T
c_1_35_1007,Lymphoid-Other
c_1_35_1008,Lymphoid-T
c_1_35_1009,Lymphoid-T
c_1_35_1010,Lymphoid-T
c_1_35_1011,Endothelial
c_1_35_1012,Endothelial
c_1_35_1013,Lymphoid-T
c_1_35_1014,Lymphoid-DC
c_1_35_1015,Lymphoid-Other
c_1_35_1016,Lymphoid-Other
c_1_35_1017,Lymphoid-T
c_1_35_1018,Endothelial
c_1_35_1019,Lymphoid-B
c_1_35_1020,Lymphoid-T
c_1_35_1021,Lymphoid-T
c_1_35_1022,Lymphoid-T
c_1_35_1023,Lymphoid-T
c_1_35_1024,Lymphoid-T
c_1_35_1025,Lymphoid-T
c_1_35_1026,Lymphoid-T
c_1_35_1027,Lymphoid-Other
c_1_35_1028,Neuronal-Glial
c_1_35_1029,Lymphoid-T
c_1_35_1030,Lymphoid-T
c_1_35_1031,Endothelial
c_1_35_1032,Lymphoid-T
c_1_35_1033,Lymphoid-B
c_1_35_1034,Lymphoid-T
c_1_35_1035,Lymphoid-T
c_1_35_1036,Lymphoid-T
c_1_35_1037,Lymphoid-Other
c_1_35_1038,Lymphoid-T
c_1_35_1039,Endothelial
c_1_35_1040,Endothelial
c_1_35_1041,Lymphoid-T
c_1_35_1042,Lymphoid-T
c_1_35_1043,Lymphoid-T
c_1_35_1044,Endothelial
c_1_35_1045,Endothelial
c_1_35_1046,Lymphoid-Other
c_1_35_1047,Lymphoid-T
c_1_35_1048,Lymphoid-T
c_1_35_1049,Lymphoid-Other
c_1_35_1050,Lymphoid-T
c_1_35_1051,Lymphoid-T
c_1_35_1052,Lymphoid-T
c_1_35_1053,Mesenchymal-Stromal
c_1_35_1054,Lymphoid-T
c_1_35_1055,Lymphoid-T
c_1_35_1056,Lymphoid-T
c_1_35_1057,Lymphoid-Other
c_1_35_1058,Lymphoid-T
c_1_35_1059,Lymphoid-Other
c_1_35_1060,Lymphoid-T
c_1_35_1061,Lymphoid-T
c_1_35_1062,Lymphoid-DC
c_1_35_1063,Lymphoid-T
c_1_35_1064,Lymphoid-T
c_1_35_1065,Lymphoid-T
c_1_35_1066,Lymphoid-Other
c_1_35_1067,Endothelial
c_1_35_1068,Lymphoid-T
c_1_35_1069,Lymphoid-T
c_1_35_1070,Lymphoid-Other
c_1_35_1071,Lymphoid-DC
c_1_35_1072,Endothelial
c_1_35_1073,Lymphoid-DC
c_1_35_1074,Lymphoid-T
c_1_35_1075,Lymphoid-Other
c_1_35_1076,Lymphoid-T
c_1_35_1077,Lymphoid-T
c_1_35_1078,Lymphoid-T
c_1_35_1079,Lymphoid-Other
c_1_35_1080,Lymphoid-Other
c_1_35_1081,Lymphoid-Other
c_1_35_1082,Lymphoid-Other
c_1_35_1083,Lymphoid-T
c_1_35_1084,Lymphoid-T
c_1_35_1085,Lymphoid-T
c_1_35_1086,Lymphoid-B
c_1_35_1087,Lymphoid-Other
c_1_35_1088,Endothelial
c_1_35_1089,Lymphoid-T
c_1_35_1090,Lymphoid-T
c_1_35_1091,Lymphoid-Other
c_1_35_1092,Lymphoid-T
c_1_35_1093,Lymphoid-T
c_1_35_1094,Endothelial
c_1_35_1095,Lymphoid-Other
c_1_35_1096,Lymphoid-T
c_1_35_1097,Lymphoid-T
c_1_35_1098,Lymphoid-T
c_1_35_1099,Lymphoid-Other
c_1_35_1100,Endothelial
c_1_35_1101,Lymphoid-T
c_1_35_1102,Lymphoid-T
c_1_35_1103,Lymphoid-T
c_1_35_1104,Lymphoid-B
c_1_35_1105,Lymphoid-T
c_1_35_1106,Lymphoid-T
c_1_35_1107,Lymphoid-B
c_1_35_1108,Lymphoid-Other
c_1_35_1109,Endothelial
c_1_35_1110,Lymphoid-Other
c_1_35_1111,Lymphoid-T
c_1_35_1112,Lymphoid-T
c_1_35_1113,Lymphoid-T
c_1_35_1114,Lymphoid-Other
c_1_35_1115,Endothelial
c_1_35_1116,Lymphoid-T
c_1_35_1117,Lymphoid-T
c_1_35_1118,Lymphoid-Plasma
c_1_35_1119,Lymphoid-B
c_1_35_1120,Lymphoid-Other
c_1_35_1121,Endothelial
c_1_35_1122,Lymphoid-Other
c_1_35_1123,Lymphoid-T
c_1_35_1124,Lymphoid-Other
c_1_35_1125,Lymphoid-T
c_1_35_1126,Lymphoid-DC
c_1_35_1127,Lymphoid-DC
c_1_35_1128,Lymphoid-Other
c_1_35_1129,Lymphoid-T
c_1_35_1130,Lymphoid-T
c_1_35_1131,Lymphoid-Other
c_1_35_1132,Lymphoid-Other
c_1_35_1133,Lymphoid-T
c_1_35_1134,Lymphoid-B
c_1_35_1135,Lymphoid-T
c_1_35_1136,Lymphoid-T
c_1_35_1137,Lymphoid-B
c_1_35_1138,Lymphoid-T
c_1_35_1139,Endothelial
c_1_35_1140,Lymphoid-Other
c_1_35_1141,Lymphoid-T
c_1_35_1142,Lymphoid-Other
c_1_35_1143,Lymphoid-T
c_1_35_1144,Lymphoid-B
c_1_35_1145,Lymphoid-T
c_1_35_1146,Lymphoid-T
c_1_35_1147,Lymphoid-T
c_1_35_1148,Lymphoid-T
c_1_35_1149,Lymphoid-T
c_1_35_1150,Lymphoid-Other
c_1_35_1151,Lymphoid-T
c_1_35_1152,Lymphoid-T
c_1_35_1153,Lymphoid-T
c_1_35_1154,Endothelial
c_1_35_1155,Lymphoid-B
c_1_35_1156,Endothelial
c_1_35_1157,Lymphoid-Other
c_1_35_1158,Lymphoid-T
c_1_35_1159,Lymphoid-Other
c_1_35_1160,Lymphoid-T
c_1_35_1161,Lymphoid-Other
c_1_35_1162,Lymphoid-T
c_1_35_1163,Lymphoid-T
c_1_35_1164,Lymphoid-T
c_1_35_1165,Lymphoid-Other
c_1_35_1166,Endothelial
c_1_35_1167,Lymphoid-B
c_1_35_1168,Endothelial
c_1_35_1169,Lymphoid-Other
c_1_35_1170,Myeloid
c_1_35_1171,Lymphoid-T
c_1_35_1172,Lymphoid-T
c_1_35_1173,Lymphoid-T
c_1_35_1174,Lymphoid-Other
c_1_35_1175,Endothelial
c_1_35_1176,Lymphoid-T
c_1_35_1177,Lymphoid-T
c_1_35_1178,Lymphoid-T
c_1_35_1179,Lymphoid-Other
c_1_35_1180,Endothelial
c_1_35_1181,Lymphoid-Other
c_1_35_1182,Lymphoid-T
c_1_35_1183,Endothelial
c_1_35_1184,Lymphoid-Other
c_1_35_1185,Endothelial
c_1_35_1186,Endothelial
c_1_35_1187,Lymphoid-Other
c_1_35_1188,Lymphoid-Other
c_1_35_1189,Lymphoid-T
c_1_35_1190,Lymphoid-T
c_1_35_1191,Lymphoid-Other
c_1_35_1192,Endothelial
c_1_35_1193,Lymphoid-Other
c_1_35_1194,Lymphoid-Other
c_1_35_1195,Lymphoid-Other
c_1_35_1196,Lymphoid-Other
c_1_35_1197,Lymphoid-Other
c_1_35_1198,Lymphoid-T
c_1_35_1199,Lymphoid-T
c_1_35_1200,Lymphoid-T
c_1_35_1201,Lymphoid-Other
c_1_35_1202,Lymphoid-Other
c_1_35_1203,Lymphoid-DC
c_1_35_1204,Endothelial
c_1_35_1205,Lymphoid-T
c_1_35_1206,Lymphoid-T
c_1_35_1207,Lymphoid-T
c_1_35_1208,Lymphoid-Other
c_1_35_1209,Lymphoid-Other
c_1_35_1210,Lymphoid-T
c_1_35_1211,Lymphoid-Other
c_1_35_1212,Lymphoid-DC
c_1_35_1213,Lymphoid-Other
c_1_35_1214,Lymphoid-Other
c_1_35_1215,Lymphoid-Other
c_1_35_1216,Lymphoid-T
c_1_35_1217,Lymphoid-Other
c_1_35_1218,Lymphoid-B
c_1_35_1219,Lymphoid-Other
c_1_35_1220,Endothelial
c_1_35_1221,Lymphoid-Other
c_1_35_1222,Lymphoid-T
c_1_35_1223,Lymphoid-B
c_1_35_1224,Lymphoid-T
c_1_35_1225,Lymphoid-T
c_1_35_1226,Endothelial
c_1_35_1227,Lymphoid-T
c_1_35_1228,None
c_1_35_1229,Lymphoid-Other
c_1_35_1230,Lymphoid-Other
c_1_35_1231,Lymphoid-T
c_1_35_1232,Lymphoid-T
c_1_35_1233,Lymphoid-Other
c_1_35_1234,Lymphoid-T
c_1_35_1235,Lymphoid-T
c_1_35_1236,Lymphoid-T
c_1_35_1237,Lymphoid-Other
c_1_35_1238,Endothelial
c_1_35_1239,Lymphoid-T
c_1_35_1240,Lymphoid-T
c_1_35_1241,Lymphoid-T
c_1_35_1242,Lymphoid-DC
c_1_35_1243,Lymphoid-T
c_1_35_1244,Lymphoid-T
c_1_35_1245,Endothelial
c_1_35_1246,Lymphoid-T
c_1_35_1247,Lymphoid-T
c_1_35_1248,Lymphoid-T
c_1_35_1249,Lymphoid-T
c_1_35_1250,Lymphoid-T
c_1_35_1251,Lymphoid-Other
c_1_35_1252,Lymphoid-Other
c_1_35_1253,Lymphoid-Other
c_1_35_1254,Lymphoid-B
c_1_35_1255,Lymphoid-T
c_1_35_1256,Lymphoid-T
c_1_35_1257,Lymphoid-T
c_1_35_1258,Lymphoid-T
c_1_35_1259,Lymphoid-B
c_1_35_1260,Lymphoid-T
c_1_35_1261,Endothelial
c_1_35_1262,Lymphoid-T
c_1_35_1263,Lymphoid-B
c_1_35_1264,Lymphoid-Other
c_1_35_1265,Lymphoid-T
c_1_35_1266,Lymphoid-T
c_1_35_1267,Lymphoid-Other
c_1_35_1268,Lymphoid-B
c_1_35_1269,Endothelial
c_1_35_1270,Lymphoid-Other
c_1_35_1271,Lymphoid-T
c_1_35_1272,Lymphoid-T
c_1_35_1273,Lymphoid-T
c_1_35_1274,Lymphoid-T
c_1_35_1275,Lymphoid-T
c_1_35_1276,Lymphoid-Other
c_1_35_1277,Lymphoid-T
c_1_35_1278,Lymphoid-B
c_1_35_1279,Lymphoid-Other
c_1_35_1280,Lymphoid-Other
c_1_35_1281,Endothelial
c_1_35_1282,Lymphoid-T
c_1_35_1283,Lymphoid-T
c_1_35_1284,Endothelial
c_1_35_1285,Lymphoid-T
c_1_35_1286,Lymphoid-T
c_1_35_1287,Lymphoid-T
c_1_35_1288,Lymphoid-Other
c_1_35_1289,Endothelial
c_1_35_1290,Lymphoid-T
c_1_35_1291,Lymphoid-T
c_1_35_1292,Lymphoid-Other
c_1_35_1293,Lymphoid-Other
c_1_35_1294,Lymphoid-Plasma
c_1_35_1295,Lymphoid-DC
c_1_35_1296,Lymphoid-T
c_1_35_1297,Lymphoid-Other
c_1_35_1298,Lymphoid-Other
c_1_35_1299,Lymphoid-T
c_1_35_1300,Lymphoid-Other
c_1_35_1301,None
c_1_35_1302,Endothelial
c_1_35_1303,Lymphoid-T
c_1_35_1304,Endothelial
c_1_35_1305,Lymphoid-Other
c_1_35_1306,Lymphoid-T
c_1_35_1307,Lymphoid-T
c_1_35_1308,Lymphoid-Plasma
c_1_35_1309,Lymphoid-T
c_1_35_1310,Endothelial
c_1_35_1311,Lymphoid-T
c_1_35_1312,Lymphoid-Other
c_1_35_1313,Endothelial
c_1_35_1314,Myeloid
c_1_35_1315,Lymphoid-T
c_1_35_1316,Endothelial
c_1_35_1317,Lymphoid-Other
c_1_35_1318,Lymphoid-Other
c_1_35_1319,Lymphoid-Other
c_1_35_1320,Endothelial
c_1_35_1321,Mesenchymal-Stromal
c_1_35_1322,Lymphoid-Other
c_1_35_1323,Endothelial
c_1_35_1324,Endothelial
c_1_35_1325,Myeloid
c_1_35_1326,Lymphoid-Other
c_1_35_1327,Lymphoid-B
c_1_35_1328,Lymphoid-Other
c_1_35_1329,Endothelial
c_1_35_1330,Lymphoid-T
c_1_35_1331,Lymphoid-B
c_1_35_1332,Mesenchymal-Stromal
c_1_35_1333,Lymphoid-Other
c_1_35_1334,Lymphoid-Other
c_1_35_1335,Neuronal-Glial
c_1_35_1336,Endothelial
c_1_35_1337,None
c_1_35_1338,Neuronal-Glial
c_1_35_1339,Lymphoid-Other
c_1_35_1340,Endothelial
c_1_35_1341,Lymphoid-T
c_1_35_1342,Lymphoid-Other
c_1_35_1343,Mesenchymal-Stromal
c_1_35_1344,Lymphoid-Other
c_1_35_1345,Lymphoid-T
c_1_35_1346,Endothelial
c_1_35_1347,Mesenchymal-Stromal
c_1_35_1348,Endothelial
c_1_35_1349,Endothelial
c_1_35_1350,Mesenchymal-Stromal
c_1_35_1351,Endothelial
c_1_35_1352,Epithelial
c_1_35_1353,Endothelial
c_1_35_1354,Endothelial
c_1_35_1355,Lymphoid-Plasma
c_1_35_1356,Mesenchymal-Stromal
c_1_35_1357,Endothelial
c_1_35_1358,Neuronal-Glial
c_1_35_1359,Endothelial
c_1_35_1360,Myeloid
c_1_35_1361,Lymphoid-T
c_1_35_1362,Lymphoid-Other
c_1_35_1363,Erythroid
c_1_35_1364,Lymphoid-T
c_1_35_1365,Endothelial
c_1_35_1366,Lymphoid-Plasma
c_1_35_1367,Epithelial
c_1_35_1368,Endothelial
c_1_35_1369,Lymphoid-T
c_1_35_1370,Endothelial
c_1_35_1371,Lymphoid-Plasma
c_1_35_1372,Mesenchymal-Stromal
c_1_35_1373,Lymphoid-Other
c_1_35_1374,Neuronal-Glial
c_1_35_1375,Lymphoid-Plasma
c_1_35_1376,Lymphoid-Other
c_1_35_1377,Lymphoid-T
c_1_35_1378,Endothelial
c_1_35_1379,Stem
c_1_35_1380,Endothelial
c_1_35_1381,Lymphoid-Other
c_1_35_1382,Endothelial
c_1_35_1383,Lymphoid-Other
c_1_35_1384,Lymphoid-Plasma
c_1_35_1385,Lymphoid-T
c_1_35_1386,Lymphoid-Other
c_1_35_1387,Endothelial
c_1_35_1388,Lymphoid-Plasma
c_1_35_1389,Lymphoid-Other
c_1_35_1390,Lymphoid-Other
c_1_35_1391,Lymphoid-Other
c_1_35_1392,Lymphoid-T
c_1_35_1393,Lymphoid-Other
c_1_35_1394,Neuronal-Glial
c_1_35_1395,Lymphoid-Plasma
c_1_35_1396,Endothelial
c_1_35_1397,Epithelial
c_1_35_1398,Endothelial
c_1_35_1399,Lymphoid-Other
c_1_35_1400,Endothelial
c_1_35_1401,Endothelial
c_1_35_1402,Lymphoid-B
c_1_35_1403,Mesenchymal-Stromal
c_1_35_1404,Lymphoid-Other
c_1_35_1405,Lymphoid-Other
c_1_35_1406,Lymphoid-T
c_1_35_1407,Lymphoid-T
c_1_35_1408,Endothelial
c_1_35_1409,Epithelial
c_1_35_1410,Lymphoid-Other
c_1_35_1411,Endothelial
c_1_35_1412,Lymphoid-Other
c_1_35_1413,Endothelial
c_1_35_1414,Endothelial
c_1_35_1415,Endothelial
c_1_35_1416,Endothelial
c_1_35_1417,Mesenchymal-Stromal
c_1_35_1418,Epithelial
c_1_35_1419,Lymphoid-Other
c_1_35_1420,Myeloid
c_1_35_1421,Endothelial
c_1_35_1422,Endothelial
c_1_35_1423,Lymphoid-Other
c_1_35_1424,Lymphoid-Other
c_1_35_1425,Mesenchymal-Stromal
c_1_35_1426,Lymphoid-Other
c_1_35_1427,Lymphoid-T
c_1_35_1428,Endothelial
c_1_35_1429,Endothelial
c_1_35_1430,Lymphoid-Other
c_1_35_1431,Endothelial
c_1_35_1432,Lymphoid-Other
c_1_35_1433,Endothelial
c_1_35_1434,Lymphoid-T
c_1_35_1435,Lymphoid-T
c_1_35_1436,Lymphoid-Other
c_1_35_1437,Lymphoid-T
c_1_35_1438,Endothelial
c_1_35_1439,Epithelial
c_1_35_1440,Neuronal-Glial
c_1_35_1441,Lymphoid-Other
c_1_35_1442,Endothelial
c_1_35_1443,Epithelial
c_1_35_1444,Lymphoid-T
c_1_35_1445,Lymphoid-T
c_1_35_1446,Lymphoid-Other
c_1_35_1447,Lymphoid-T
c_1_35_1448,Lymphoid-Other
c_1_35_1449,Lymphoid-T
c_1_35_1450,Neuronal-Glial
c_1_35_1451,Lymphoid-Other
c_1_35_1452,Lymphoid-Other
c_1_35_1453,Erythroid
c_1_35_1454,Lymphoid-T
c_1_35_1455,Lymphoid-T
c_1_35_1456,Endothelial
c_1_35_1457,Neuronal-Glial
c_1_35_1458,Epithelial
c_1_35_1459,Lymphoid-Other
c_1_35_1460,Endothelial
c_1_35_1461,Lymphoid-Other
c_1_35_1462,Lymphoid-T
c_1_35_1463,Lymphoid-Other
c_1_35_1464,Lymphoid-Plasma
c_1_35_1465,Lymphoid-Other
c_1_35_1466,Neuronal-Glial
c_1_35_1467,Endothelial
c_1_35_1468,Lymphoid-Other
c_1_35_1469,Erythroid
c_1_35_1470,Lymphoid-T
c_1_35_1471,Lymphoid-Other
c_1_35_1472,Lymphoid-B
c_1_35_1473,Lymphoid-Other
c_1_35_1474,Lymphoid-T
c_1_35_1475,Endothelial
c_1_35_1476,Lymphoid-Other
c_1_35_1477,Lymphoid-Other
c_1_35_1478,Endothelial
c_1_35_1479,Lymphoid-Other
c_1_35_1480,Endothelial
c_1_35_1481,Lymphoid-Other
c_1_35_1482,Mesenchymal-Stromal
c_1_35_1483,Mesenchymal-Stromal
c_1_35_1484,Lymphoid-T
c_1_35_1485,Lymphoid-Other
c_1_35_1486,Endothelial
c_1_35_1487,Lymphoid-Other
c_1_35_1488,Endothelial
c_1_35_1489,Endothelial
c_1_35_1490,None
c_1_35_1491,Lymphoid-T
c_1_35_1492,Lymphoid-T
c_1_35_1493,Neuronal-Glial
c_1_35_1494,Lymphoid-Plasma
c_1_35_1495,Lymphoid-T
c_1_35_1496,Neuronal-Glial
c_1_35_1497,None
c_1_35_1498,Lymphoid-Other
c_1_35_1499,Neuronal-Glial
c_1_35_1500,Lymphoid-T
c_1_35_1501,Endothelial
c_1_35_1502,Endothelial
c_1_35_1503,Mesenchymal-Stromal
c_1_35_1504,Lymphoid-Other
c_1_35_1505,Endothelial
c_1_35_1506,Epithelial
c_1_35_1507,Endothelial
c_1_35_1508,Lymphoid-T
c_1_35_1509,Lymphoid-Other
c_1_35_1510,Lymphoid-Other
c_1_35_1511,Lymphoid-Other
c_1_35_1512,Lymphoid-DC
c_1_35_1513,Lymphoid-T
c_1_35_1514,Mesenchymal-Stromal
c_1_35_1515,Myeloid
c_1_35_1516,Lymphoid-Other
c_1_35_1517,Mesenchymal-Stromal
c_1_35_1518,Lymphoid-Other
c_1_35_1519,Endothelial
c_1_35_1520,Lymphoid-T
c_1_35_1521,Neuronal-Glial
c_1_35_1522,Lymphoid-Other
c_1_35_1523,Endothelial
c_1_35_1524,Lymphoid-Other
c_1_35_1525,Lymphoid-Other
c_1_35_1526,Lymphoid-T
c_1_35_1527,Lymphoid-T
c_1_35_1528,Lymphoid-T
c_1_35_1529,Lymphoid-B
c_1_35_1530,Lymphoid-T
c_1_35_1531,Endothelial
c_1_35_1532,Lymphoid-B
c_1_35_1533,Lymphoid-Other
c_1_35_1534,Lymphoid-T
c_1_35_1535,None
c_1_35_1536,Lymphoid-DC
c_1_35_1537,Lymphoid-Other
c_1_35_1538,Lymphoid-T
c_1_35_1539,Lymphoid-T
c_1_35_1540,Lymphoid-T
c_1_35_1541,Lymphoid-T
c_1_35_1542,Lymphoid-T
c_1_35_1543,Lymphoid-T
c_1_35_1544,Mesenchymal-Stromal
c_1_35_1545,Mesenchymal-Stromal
c_1_35_1546,Lymphoid-T
c_1_35_1547,Lymphoid-T
c_1_35_1548,Lymphoid-Other
c_1_35_1549,Lymphoid-T
c_1_35_1550,Endothelial
c_1_35_1551,Lymphoid-Other
c_1_35_1552,Lymphoid-Other
c_1_35_1553,Endothelial
c_1_35_1554,Lymphoid-T
c_1_35_1555,Endothelial
c_1_35_1556,Endothelial
c_1_35_1557,Lymphoid-T
c_1_35_1558,Lymphoid-T
c_1_35_1559,Lymphoid-T
c_1_35_1560,Lymphoid-T
c_1_35_1561,Lymphoid-Other
c_1_35_1562,Lymphoid-T
c_1_35_1563,Lymphoid-T
c_1_35_1564,Lymphoid-T
c_1_35_1565,Lymphoid-T
c_1_35_1566,Lymphoid-Other
c_1_35_1567,Lymphoid-T
c_1_35_1568,Lymphoid-T
c_1_35_1569,Lymphoid-T
c_1_35_1570,Lymphoid-T
c_1_35_1571,Lymphoid-T
c_1_35_1572,Lymphoid-T
c_1_35_1573,Lymphoid-Other
c_1_35_1574,Lymphoid-T
c_1_35_1575,Lymphoid-Other
c_1_35_1576,Lymphoid-T
c_1_35_1577,Lymphoid-T
c_1_35_1578,Lymphoid-T
c_1_35_1579,Lymphoid-Other
c_1_35_1580,Lymphoid-Other
c_1_35_1581,Lymphoid-T
c_1_35_1582,Endothelial
c_1_35_1583,Lymphoid-T
c_1_35_1584,Lymphoid-T
c_1_35_1585,None
c_1_35_1586,Lymphoid-T
c_1_35_1587,Lymphoid-T
c_1_35_1588,Lymphoid-T
c_1_35_1589,Lymphoid-T
c_1_35_1590,Lymphoid-T
c_1_35_1591,Lymphoid-T
c_1_35_1592,Lymphoid-T
c_1_35_1593,Lymphoid-T
c_1_35_1594,Lymphoid-T
c_1_35_1595,Lymphoid-T
c_1_35_1596,Lymphoid-Other
c_1_35_1597,Lymphoid-T
c_1_35_1598,Lymphoid-T
c_1_35_1599,Lymphoid-T
c_1_35_1600,Lymphoid-T
c_1_35_1601,Lymphoid-T
c_1_35_1602,Lymphoid-T
c_1_35_1603,Lymphoid-T
c_1_35_1604,Lymphoid-T
c_1_35_1605,Lymphoid-T
c_1_35_1606,Lymphoid-DC
c_1_35_1607,Lymphoid-T
c_1_35_1608,Lymphoid-Other
c_1_35_1609,Lymphoid-T
c_1_35_1610,Endothelial
c_1_35_1611,Lymphoid-Other
c_1_35_1612,Lymphoid-T
c_1_35_1613,Lymphoid-T
c_1_35_1614,Lymphoid-T
c_1_35_1615,Lymphoid-T
c_1_35_1616,Lymphoid-T
c_1_35_1617,Endothelial
c_1_35_1618,Lymphoid-Other
c_1_35_1619,Lymphoid-Other
c_1_35_1620,Lymphoid-T
c_1_35_1621,Lymphoid-T
c_1_35_1622,Mesenchymal-Stromal
c_1_35_1623,Lymphoid-T
c_1_35_1624,Lymphoid-T
c_1_35_1625,Lymphoid-T
c_1_35_1626,Lymphoid-T
c_1_35_1627,Endothelial
c_1_35_1628,Lymphoid-T
c_1_35_1629,Lymphoid-Other
c_1_35_1630,Lymphoid-Other
c_1_35_1631,Lymphoid-DC
c_1_35_1632,Lymphoid-DC
c_1_35_1633,Lymphoid-Other
c_1_35_1634,Lymphoid-B
c_1_35_1635,Lymphoid-T
c_1_35_1636,Lymphoid-T
c_1_35_1637,Lymphoid-T
c_1_35_1638,Lymphoid-B
c_1_35_1639,Lymphoid-B
c_1_35_1640,Lymphoid-DC
c_1_35_1641,Lymphoid-T
c_1_35_1642,Lymphoid-T
c_1_35_1643,Lymphoid-T
c_1_35_1644,None
c_1_35_1645,Lymphoid-T
c_1_35_1646,Lymphoid-T
c_1_35_1647,Lymphoid-T
c_1_35_1648,Lymphoid-Other
c_1_35_1649,Lymphoid-Other
c_1_35_1650,Lymphoid-T
c_1_35_1651,Lymphoid-Other
c_1_35_1652,Lymphoid-T
c_1_35_1653,Lymphoid-T
c_1_35_1654,Lymphoid-T
c_1_35_1655,Lymphoid-Other
c_1_35_1656,Lymphoid-T
c_1_35_1657,Lymphoid-T
c_1_35_1658,Lymphoid-T
c_1_35_1659,Lymphoid-T
c_1_35_1660,Lymphoid-T
c_1_35_1661,Neuronal-Glial
c_1_35_1662,Lymphoid-T
c_1_35_1663,Lymphoid-T
c_1_35_1664,Lymphoid-Other
c_1_35_1665,Lymphoid-T
c_1_35_1666,Lymphoid-B
c_1_35_1667,Lymphoid-T
c_1_35_1668,Lymphoid-Other
c_1_35_1669,Lymphoid-T
c_1_35_1670,Lymphoid-B
c_1_35_1671,Lymphoid-T
c_1_35_1672,Lymphoid-T
c_1_35_1673,Lymphoid-T
c_1_35_1674,Lymphoid-T
c_1_35_1675,Lymphoid-T
c_1_35_1676,Lymphoid-B
c_1_35_1677,Lymphoid-T
c_1_35_1678,Lymphoid-Other
c_1_35_1679,Lymphoid-T
c_1_35_1680,Lymphoid-T
c_1_35_1681,Lymphoid-Other
c_1_35_1682,Lymphoid-T
c_1_35_1683,Lymphoid-T
c_1_35_1684,Lymphoid-B
c_1_35_1685,Lymphoid-Other
c_1_35_1686,Lymphoid-T
c_1_35_1687,Lymphoid-T
c_1_35_1688,Lymphoid-Other
c_1_35_1689,Lymphoid-T
c_1_35_1690,Lymphoid-T
c_1_35_1691,Lymphoid-T
c_1_35_1692,Lymphoid-T
c_1_35_1693,Lymphoid-B
c_1_35_1694,Lymphoid-T
c_1_35_1695,Lymphoid-B
c_1_35_1696,Lymphoid-T
c_1_35_1697,Lymphoid-T
c_1_35_1698,Lymphoid-T
c_1_35_1699,Lymphoid-T
c_1_35_1700,Lymphoid-T
c_1_35_1701,Lymphoid-T
c_1_35_1702,Lymphoid-T
c_1_35_1703,Lymphoid-T
c_1_35_1704,Lymphoid-B
c_1_35_1705,Mesenchymal-Stromal
c_1_35_1706,Lymphoid-T
c_1_35_1707,Lymphoid-T
c_1_35_1708,Lymphoid-Other
c_1_35_1709,Lymphoid-Other
c_1_35_1710,Lymphoid-Other
c_1_35_1711,Lymphoid-T
c_1_35_1712,Lymphoid-Other
c_1_35_1713,Lymphoid-Other
c_1_35_1714,Lymphoid-B
c_1_35_1715,Lymphoid-T
c_1_35_1716,Lymphoid-T
c_1_35_1717,Lymphoid-T
c_1_35_1718,Lymphoid-B
c_1_35_1719,Lymphoid-T
c_1_35_1720,Lymphoid-T
c_1_35_1721,Lymphoid-Other
c_1_35_1722,Lymphoid-T
c_1_35_1723,Lymphoid-T
c_1_35_1724,Lymphoid-B
c_1_35_1725,Lymphoid-T
c_1_35_1726,Lymphoid-T
c_1_35_1727,Lymphoid-T
c_1_35_1728,Lymphoid-T
c_1_35_1729,Lymphoid-Other
c_1_35_1730,Lymphoid-T
c_1_35_1731,Lymphoid-T
c_1_35_1732,Lymphoid-T
c_1_35_1733,Lymphoid-B
c_1_35_1734,Lymphoid-B
c_1_35_1735,Endothelial
c_1_35_1736,Lymphoid-Other
c_1_35_1737,Lymphoid-T
c_1_35_1738,Lymphoid-Other
c_1_35_1739,Lymphoid-T
c_1_35_1740,Lymphoid-T
c_1_35_1741,Lymphoid-B
c_1_35_1742,Lymphoid-T
c_1_35_1743,Lymphoid-T
c_1_35_1744,Lymphoid-T
c_1_35_1745,Lymphoid-T
c_1_35_1746,Lymphoid-Plasma
c_1_35_1747,Lymphoid-B
c_1_35_1748,Lymphoid-B
c_1_35_1749,Lymphoid-B
c_1_35_1750,Lymphoid-T
c_1_35_1751,Lymphoid-B
c_1_35_1752,Endothelial
c_1_35_1753,Lymphoid-T
c_1_35_1754,Lymphoid-T
c_1_35_1755,Lymphoid-T
c_1_35_1756,Lymphoid-T
c_1_35_1757,Lymphoid-T
c_1_35_1758,Endothelial
c_1_35_1759,Lymphoid-T
c_1_35_1760,Lymphoid-T
c_1_35_1761,Lymphoid-Other
c_1_35_1762,Lymphoid-DC
c_1_35_1763,Mesenchymal-Stromal
c_1_35_1764,Myeloid
c_1_35_1765,Lymphoid-B
c_1_35_1766,Lymphoid-T
c_1_35_1767,Lymphoid-T
c_1_35_1768,Lymphoid-B
c_1_35_1769,Lymphoid-B
c_1_35_1770,Endothelial
c_1_35_1771,Lymphoid-T
c_1_35_1772,Lymphoid-T
c_1_35_1773,Lymphoid-T
c_1_35_1774,Lymphoid-B
c_1_35_1775,Lymphoid-T
c_1_35_1776,Lymphoid-T
c_1_35_1777,Lymphoid-T
c_1_35_1778,Lymphoid-T
c_1_35_1779,Lymphoid-Other
c_1_35_1780,Lymphoid-T
c_1_35_1781,Lymphoid-B
c_1_35_1782,Lymphoid-T
c_1_35_1783,Lymphoid-T
c_1_35_1784,Lymphoid-B
c_1_35_1785,Lymphoid-T
c_1_35_1786,Lymphoid-T
c_1_35_1787,Lymphoid-T
c_1_35_1788,Lymphoid-T
c_1_35_1789,Lymphoid-T
c_1_35_1790,Mesenchymal-Stromal
c_1_35_1791,Endothelial
c_1_35_1792,Lymphoid-Other
c_1_35_1793,Lymphoid-B
c_1_35_1794,Endothelial
c_1_35_1795,Lymphoid-T
c_1_35_1796,Lymphoid-Other
c_1_35_1797,Lymphoid-B
c_1_35_1798,Lymphoid-Other
c_1_35_1799,Lymphoid-T
c_1_35_1800,Erythroid
c_1_35_1801,Mesenchymal-Stromal
c_1_35_1802,Lymphoid-T
c_1_35_1803,Lymphoid-T
c_1_35_1804,Lymphoid-T
c_1_35_1805,Lymphoid-Other
c_1_35_1806,Lymphoid-Plasma
c_1_35_1807,Lymphoid-Plasma
c_1_35_1808,Lymphoid-Other
c_1_35_1809,Lymphoid-T
c_1_35_1810,Lymphoid-T
c_1_35_1811,Lymphoid-T
c_1_35_1812,Lymphoid-T
c_1_35_1813,Lymphoid-T
c_1_35_1814,Lymphoid-B
c_1_35_1815,Lymphoid-T
c_1_35_1816,Lymphoid-T
c_1_35_1817,Lymphoid-T
c_1_35_1818,Lymphoid-T
c_1_35_1819,Lymphoid-T
c_1_35_1820,Lymphoid-T
c_1_35_1821,Lymphoid-T
c_1_35_1822,Lymphoid-Other
c_1_35_1823,Lymphoid-T
c_1_35_1824,Endothelial
c_1_35_1825,Lymphoid-Plasma
c_1_35_1826,Lymphoid-T
c_1_35_1827,Lymphoid-T
c_1_35_1828,Lymphoid-T
c_1_35_1829,Lymphoid-Other
c_1_35_1830,Lymphoid-Other
c_1_35_1831,Lymphoid-T
c_1_35_1832,Lymphoid-Other
c_1_35_1833,Lymphoid-T
c_1_35_1834,Lymphoid-T
c_1_35_1835,Lymphoid-T
c_1_35_1836,Mesenchymal-Stromal
c_1_35_1837,Lymphoid-DC
c_1_35_1838,Lymphoid-Other
c_1_35_1839,Lymphoid-T
c_1_35_1840,Lymphoid-B
c_1_35_1841,Lymphoid-T
c_1_35_1842,Lymphoid-T
c_1_35_1843,Lymphoid-T
c_1_35_1844,Lymphoid-T
c_1_35_1845,Lymphoid-T
c_1_35_1846,Lymphoid-T
c_1_35_1847,Lymphoid-Other
c_1_35_1848,Mesenchymal-Stromal
c_1_35_1849,Lymphoid-T
c_1_35_1850,Lymphoid-T
c_1_35_1851,Lymphoid-B
c_1_35_1852,Lymphoid-Other
c_1_35_1853,Lymphoid-B
c_1_35_1854,Lymphoid-B
c_1_35_1855,Lymphoid-T
c_1_35_1856,Lymphoid-T
c_1_35_1857,Lymphoid-DC
c_1_35_1858,Lymphoid-T
c_1_35_1859,Lymphoid-T
c_1_35_1860,Mesenchymal-Stromal
c_1_35_1861,Lymphoid-Other
c_1_35_1862,Lymphoid-DC
c_1_35_1863,Lymphoid-T
c_1_35_1864,Lymphoid-T
c_1_35_1865,None
c_1_35_1866,Lymphoid-Other
c_1_35_1867,Lymphoid-B
c_1_35_1868,Lymphoid-T
c_1_35_1869,Lymphoid-T
c_1_35_1870,Lymphoid-T
c_1_35_1871,Endothelial
c_1_35_1872,Lymphoid-B
c_1_35_1873,Lymphoid-T
c_1_35_1874,Endothelial
c_1_35_1875,Lymphoid-T
c_1_35_1876,Lymphoid-T
c_1_35_1877,Lymphoid-T
c_1_35_1878,Lymphoid-T
c_1_35_1879,Lymphoid-B
c_1_35_1880,Lymphoid-Other
c_1_35_1881,Lymphoid-DC
c_1_35_1882,Endothelial
c_1_35_1883,Lymphoid-T
c_1_35_1884,Lymphoid-B
c_1_35_1885,Lymphoid-Other
c_1_35_1886,Lymphoid-T
c_1_35_1887,Endothelial
c_1_35_1888,Lymphoid-T
c_1_35_1889,Lymphoid-B
c_1_35_1890,Lymphoid-Other
c_1_35_1891,Lymphoid-T
c_1_35_1892,Mesenchymal-Stromal
c_1_35_1893,Lymphoid-Other
c_1_35_1894,Lymphoid-T
c_1_35_1895,Lymphoid-T
c_1_35_1896,Lymphoid-Other
c_1_35_1897,Lymphoid-T
c_1_35_1898,Lymphoid-T
c_1_35_1899,Lymphoid-T
c_1_35_1900,Lymphoid-T
c_1_35_1901,Lymphoid-T
c_1_35_1902,Lymphoid-Other
c_1_35_1903,Lymphoid-T
c_1_35_1904,Lymphoid-T
c_1_35_1905,Lymphoid-B
c_1_35_1906,Lymphoid-T
c_1_35_1907,Lymphoid-T
c_1_35_1908,Lymphoid-Other
c_1_35_1909,Lymphoid-Other
c_1_35_1910,Erythroid
c_1_35_1911,Mesenchymal-Stromal
c_1_35_1912,Lymphoid-T
c_1_35_1913,Lymphoid-Plasma
c_1_35_1914,Lymphoid-T
c_1_35_1915,Lymphoid-T
c_1_35_1916,Lymphoid-B
c_1_35_1917,Lymphoid-DC
c_1_35_1918,Lymphoid-B
c_1_35_1919,Lymphoid-B
c_1_35_1920,Lymphoid-Other
c_1_35_1921,Lymphoid-T
c_1_35_1922,Lymphoid-Other
c_1_35_1923,Neuronal-Glial
c_1_35_1924,Lymphoid-T
c_1_35_1925,Lymphoid-Other
c_1_35_1926,Lymphoid-Other
c_1_35_1927,Lymphoid-Other
c_1_35_1928,Lymphoid-DC
c_1_35_1929,Lymphoid-T
c_1_35_1930,Lymphoid-Other
c_1_35_1931,Lymphoid-B
c_1_35_1932,Lymphoid-T
c_1_35_1933,Lymphoid-B
c_1_35_1934,Lymphoid-T
c_1_35_1935,Lymphoid-B
c_1_35_1936,Lymphoid-T
c_1_35_1937,Lymphoid-B
c_1_35_1938,Lymphoid-B
c_1_35_1939,Mesenchymal-Stromal
c_1_35_1940,Lymphoid-T
c_1_35_1941,Lymphoid-Other
c_1_35_1942,Lymphoid-T
c_1_35_1943,Lymphoid-B
c_1_35_1944,Lymphoid-T
c_1_35_1945,Lymphoid-DC
c_1_35_1946,Lymphoid-Other
c_1_35_1947,Lymphoid-B
c_1_35_1948,Lymphoid-Other
c_1_35_1949,Lymphoid-Other
c_1_35_1950,Lymphoid-B
c_1_35_1951,Lymphoid-T
c_1_35_1952,Lymphoid-Other
c_1_35_1953,Lymphoid-Other
c_1_35_1954,Lymphoid-Other
c_1_35_1955,Lymphoid-Other
c_1_35_1956,Lymphoid-B
c_1_35_1957,Lymphoid-B
c_1_35_1958,Lymphoid-Other
c_1_35_1959,Lymphoid-T
c_1_35_1960,Lymphoid-Other
c_1_35_1961,Lymphoid-DC
c_1_35_1962,Lymphoid-T
c_1_35_1963,Lymphoid-B
c_1_35_1964,Neuronal-Glial
c_1_35_1965,Lymphoid-B
c_1_35_1966,Lymphoid-B
c_1_35_1967,Lymphoid-B
c_1_35_1968,Lymphoid-Other
c_1_35_1969,Lymphoid-Other
c_1_35_1970,Lymphoid-B
c_1_35_1971,Lymphoid-B
c_1_35_1972,Lymphoid-B
c_1_35_1973,Lymphoid-Other
c_1_35_1974,Endothelial
c_1_35_1975,Lymphoid-Other
c_1_35_1976,Endothelial
c_1_35_1977,Lymphoid-B
c_1_35_1978,Lymphoid-T
c_1_35_1979,Lymphoid-B
c_1_35_1980,Lymphoid-T
c_1_35_1981,Lymphoid-Other
c_1_35_1982,Lymphoid-B
c_1_35_1983,Lymphoid-T
c_1_35_1984,Lymphoid-DC
c_1_35_1985,Lymphoid-Plasma
c_1_35_1986,Mesenchymal-Stromal
c_1_35_1987,Lymphoid-T
c_1_35_1988,Lymphoid-B
c_1_35_1989,Lymphoid-B
c_1_35_1990,Lymphoid-B
c_1_35_1991,Lymphoid-T
c_1_35_1992,Lymphoid-T
c_1_35_1993,Lymphoid-T
c_1_35_1994,Lymphoid-B
c_1_35_1995,Lymphoid-B
c_1_35_1996,Neuronal-Glial
c_1_35_1997,Endothelial
c_1_35_1998,Mesenchymal-Stromal
c_1_35_1999,Endothelial
c_1_35_2000,Lymphoid-T
c_1_35_2001,Lymphoid-B
c_1_35_2002,Lymphoid-B
c_1_35_2003,Endothelial
c_1_35_2004,Mesenchymal-Stromal
c_1_35_2005,Lymphoid-Plasma
c_1_35_2006,Lymphoid-T
c_1_35_2007,Lymphoid-T
c_1_35_2008,Lymphoid-Other
c_1_35_2009,Lymphoid-DC
c_1_35_2010,Endothelial
c_1_35_2011,Lymphoid-T
c_1_35_2012,Lymphoid-T
c_1_35_2013,Lymphoid-Other
c_1_35_2014,Lymphoid-T
c_1_35_2015,Mesenchymal-Stromal
c_1_35_2016,Mesenchymal-Stromal
c_1_35_2017,Lymphoid-B
c_1_35_2018,Lymphoid-Other
c_1_35_2019,Lymphoid-Other
c_1_35_2020,Lymphoid-Other
c_1_35_2021,Lymphoid-T
c_1_35_2022,Lymphoid-T
c_1_35_2023,Lymphoid-B
c_1_35_2024,Endothelial
c_1_35_2025,Lymphoid-T
c_1_35_2026,Lymphoid-Other
c_1_35_2027,Lymphoid-Other
c_1_35_2028,Lymphoid-T
c_1_35_2029,Lymphoid-B
c_1_35_2030,Lymphoid-T
c_1_35_2031,Endothelial
c_1_35_2032,Lymphoid-T
c_1_35_2033,None
c_1_35_2034,Lymphoid-T
c_1_35_2035,Lymphoid-T
c_1_35_2036,Lymphoid-DC
c_1_35_2037,Lymphoid-T
c_1_35_2038,Lymphoid-T
c_1_35_2039,Lymphoid-DC
c_1_35_2040,Mesenchymal-Stromal
c_1_35_2041,Lymphoid-T
c_1_35_2042,Lymphoid-T
c_1_35_2043,Myeloid
c_1_35_2044,Endothelial
c_1_35_2045,Endothelial
c_1_35_2046,Lymphoid-DC
c_1_35_2047,Lymphoid-T
c_1_35_2048,Lymphoid-Other
c_1_35_2049,Myeloid
c_1_35_2050,Lymphoid-B
c_1_35_2051,Lymphoid-Other
c_1_35_2052,Lymphoid-T
c_1_35_2053,Lymphoid-Other
c_1_35_2054,Lymphoid-T
c_1_35_2055,Endothelial
c_1_35_2056,Endothelial
c_1_35_2057,Mesenchymal-Stromal
c_1_35_2058,Lymphoid-T
c_1_35_2059,Endothelial
c_1_35_2060,Lymphoid-B
c_1_35_2061,Endothelial
c_1_35_2062,Lymphoid-B
c_1_35_2063,Lymphoid-T
c_1_35_2064,Lymphoid-Other
c_1_35_2065,Lymphoid-T
c_1_35_2066,Lymphoid-T
c_1_35_2067,Mesenchymal-Stromal
c_1_35_2068,Lymphoid-DC
c_1_35_2069,Lymphoid-T
c_1_35_2070,Lymphoid-T
c_1_35_2071,Lymphoid-B
c_1_35_2072,Lymphoid-B
c_1_35_2073,Lymphoid-T
c_1_35_2074,Mesenchymal-Stromal
c_1_35_2075,Lymphoid-T
c_1_35_2076,Lymphoid-T
c_1_35_2077,Lymphoid-Other
c_1_35_2078,Lymphoid-T
c_1_35_2079,Lymphoid-B
c_1_35_2080,Lymphoid-Other
c_1_35_2081,Endothelial
c_1_35_2082,Lymphoid-Other
c_1_35_2083,Lymphoid-T
c_1_35_2084,Endothelial
c_1_35_2085,Endothelial
c_1_35_2086,Endothelial
c_1_35_2087,Lymphoid-T
c_1_35_2088,Lymphoid-T
c_1_35_2089,Lymphoid-Other
c_1_35_2090,Lymphoid-Other
c_1_35_2091,Mesenchymal-Stromal
c_1_35_2092,Lymphoid-T
c_1_35_2093,Lymphoid-T
c_1_35_2094,Lymphoid-T
c_1_35_2095,Lymphoid-Other
c_1_35_2096,Lymphoid-Plasma
c_1_35_2097,Lymphoid-T
c_1_35_2098,Endothelial
c_1_35_2099,Lymphoid-B
c_1_35_2100,Endothelial
c_1_35_2101,Lymphoid-Other
c_1_35_2102,Endothelial
c_1_35_2103,Lymphoid-T
c_1_35_2104,Lymphoid-B
c_1_35_2105,Lymphoid-T
c_1_35_2106,Lymphoid-Other
c_1_35_2107,Endothelial
c_1_35_2108,Lymphoid-T
c_1_35_2109,Lymphoid-Other
c_1_35_2110,Lymphoid-Other
c_1_35_2111,Lymphoid-T
c_1_35_2112,Lymphoid-T
c_1_35_2113,Lymphoid-DC
c_1_35_2114,Lymphoid-T
c_1_35_2115,Lymphoid-T
c_1_35_2116,Lymphoid-DC
c_1_35_2117,Lymphoid-B
c_1_35_2118,Lymphoid-T
c_1_35_2119,Lymphoid-B
c_1_35_2120,Lymphoid-T
c_1_35_2121,Lymphoid-T
c_1_35_2122,Lymphoid-T
c_1_35_2123,Endothelial
c_1_35_2124,Lymphoid-T
c_1_35_2125,Lymphoid-T
c_1_35_2126,Lymphoid-T
c_1_35_2127,Lymphoid-B
c_1_35_2128,Endothelial
c_1_35_2129,Mesenchymal-Stromal
c_1_35_2130,Lymphoid-Other
c_1_35_2131,Lymphoid-T
c_1_35_2132,Lymphoid-DC
c_1_35_2133,Lymphoid-B
c_1_35_2134,Lymphoid-B
c_1_35_2135,Lymphoid-B
c_1_35_2136,Lymphoid-DC
c_1_35_2137,Lymphoid-T
c_1_35_2138,Lymphoid-T
c_1_35_2139,Lymphoid-B
c_1_35_2140,Lymphoid-Other
c_1_35_2141,Lymphoid-T
c_1_35_2142,Lymphoid-T
c_1_35_2143,Lymphoid-Other
c_1_35_2144,Lymphoid-Other
c_1_35_2145,Lymphoid-B
c_1_35_2146,Lymphoid-T
c_1_35_2147,Lymphoid-T
c_1_35_2148,Lymphoid-Other
c_1_35_2149,Endothelial
c_1_35_2150,Lymphoid-B
c_1_35_2151,Lymphoid-B
c_1_35_2152,Lymphoid-B
c_1_35_2153,Endothelial
c_1_35_2154,Lymphoid-B
c_1_35_2155,Mesenchymal-Stromal
c_1_35_2156,Lymphoid-B
c_1_35_2157,Lymphoid-T
c_1_35_2158,Lymphoid-DC
c_1_35_2159,Lymphoid-Other
c_1_35_2160,Endothelial
c_1_35_2161,Lymphoid-Other
c_1_35_2162,Lymphoid-Other
c_1_35_2163,Lymphoid-T
c_1_35_2164,Lymphoid-T
c_1_35_2165,Lymphoid-B
c_1_35_2166,Mesenchymal-Stromal
c_1_35_2167,Lymphoid-Other
c_1_35_2168,Lymphoid-T
c_1_35_2169,Lymphoid-B
c_1_35_2170,Lymphoid-B
c_1_35_2171,Lymphoid-T
c_1_35_2172,Endothelial
c_1_35_2173,Lymphoid-Other
c_1_35_2174,Lymphoid-DC
c_1_35_2175,Lymphoid-T
c_1_35_2176,Lymphoid-B
c_1_35_2177,Lymphoid-T
c_1_35_2178,Lymphoid-B
c_1_35_2179,Lymphoid-B
c_1_35_2180,Lymphoid-T
c_1_35_2181,Lymphoid-B
c_1_35_2182,Lymphoid-Other
c_1_35_2183,Lymphoid-Other
c_1_35_2184,Lymphoid-B
c_1_35_2185,Lymphoid-B
c_1_35_2186,Lymphoid-T
c_1_35_2187,Lymphoid-DC
c_1_35_2188,Lymphoid-Other
c_1_35_2189,Lymphoid-T
c_1_35_2190,Endothelial
c_1_35_2191,Lymphoid-B
c_1_35_2192,Lymphoid-Other
c_1_35_2193,Endothelial
c_1_35_2194,Endothelial
c_1_35_2195,Lymphoid-B
c_1_35_2196,Lymphoid-T
c_1_35_2197,Lymphoid-B
c_1_35_2198,Lymphoid-B
c_1_35_2199,Lymphoid-T
c_1_35_2200,Lymphoid-B
c_1_35_2201,Lymphoid-Other
c_1_35_2202,Lymphoid-Other
c_1_35_2203,Lymphoid-T
c_1_35_2204,Lymphoid-T
c_1_35_2205,Lymphoid-B
c_1_35_2206,Lymphoid-Other
c_1_35_2207,Lymphoid-B
c_1_35_2208,Lymphoid-T
c_1_35_2209,Endothelial
c_1_35_2210,Mesenchymal-Stromal
c_1_35_2211,Mesenchymal-Stromal
c_1_35_2212,Lymphoid-B
c_1_35_2213,Lymphoid-T
c_1_35_2214,Lymphoid-T
c_1_35_2215,Lymphoid-B
c_1_35_2216,Lymphoid-B
c_1_35_2217,Lymphoid-T
c_1_35_2218,Lymphoid-T
c_1_35_2219,Lymphoid-B
c_1_35_2220,Lymphoid-T
c_1_35_2221,Lymphoid-T
c_1_35_2222,Lymphoid-B
c_1_35_2223,Lymphoid-Other
c_1_35_2224,Lymphoid-B
c_1_35_2225,Lymphoid-T
c_1_35_2226,Lymphoid-B
c_1_35_2227,Lymphoid-Other
c_1_35_2228,Lymphoid-T
c_1_35_2229,Lymphoid-Other
c_1_35_2230,Lymphoid-Other
c_1_35_2231,Lymphoid-B
c_1_35_2232,Lymphoid-Other
c_1_35_2233,Lymphoid-B
c_1_35_2234,Endothelial
c_1_35_2235,Lymphoid-T
c_1_35_2236,Lymphoid-B
c_1_35_2237,Mesenchymal-Stromal
c_1_35_2238,Lymphoid-B
c_1_35_2239,Lymphoid-T
c_1_35_2240,Myeloid
c_1_35_2241,Lymphoid-B
c_1_35_2242,Lymphoid-Other
c_1_35_2243,Lymphoid-T
c_1_35_2244,Lymphoid-T
c_1_35_2245,Lymphoid-B
c_1_35_2246,Lymphoid-T
c_1_35_2247,Lymphoid-Other
c_1_35_2248,Endothelial
c_1_35_2249,Lymphoid-B
c_1_35_2250,Lymphoid-T
c_1_35_2251,Lymphoid-T
c_1_35_2252,Lymphoid-DC
c_1_35_2253,Lymphoid-DC
c_1_35_2254,Lymphoid-T
c_1_35_2255,Endothelial
c_1_35_2256,Endothelial
c_1_35_2257,Lymphoid-B
c_1_35_2258,Lymphoid-T
c_1_35_2259,Lymphoid-Other
c_1_35_2260,Lymphoid-T
c_1_35_2261,Lymphoid-B
c_1_35_2262,Lymphoid-T
c_1_35_2263,Endothelial
c_1_35_2264,Lymphoid-B
c_1_35_2265,Lymphoid-T
c_1_35_2266,Lymphoid-T
c_1_35_2267,Lymphoid-B
c_1_35_2268,Lymphoid-T
c_1_35_2269,Mesenchymal-Stromal
c_1_35_2270,Endothelial
c_1_35_2271,Lymphoid-T
c_1_35_2272,Lymphoid-T
c_1_35_2273,Lymphoid-T
c_1_35_2274,Lymphoid-B
c_1_35_2275,Lymphoid-Other
c_1_35_2276,Lymphoid-DC
c_1_35_2277,Lymphoid-T
c_1_35_2278,Endothelial
c_1_35_2279,Lymphoid-Other
c_1_35_2280,Lymphoid-T
c_1_35_2281,Lymphoid-T
c_1_35_2282,Lymphoid-T
c_1_35_2283,Lymphoid-B
c_1_35_2284,Endothelial
c_1_35_2285,Mesenchymal-Stromal
c_1_35_2286,Lymphoid-B
c_1_35_2287,Lymphoid-Other
c_1_35_2288,Lymphoid-Other
c_1_35_2289,Lymphoid-T
c_1_35_2290,Endothelial
c_1_35_2291,Lymphoid-T
c_1_35_2292,Lymphoid-B
c_1_35_2293,Lymphoid-B
c_1_35_2294,Lymphoid-T
c_1_35_2295,Lymphoid-B
c_1_35_2296,Mesenchymal-Stromal
c_1_35_2297,Lymphoid-T
c_1_35_2298,Lymphoid-Other
c_1_35_2299,Lymphoid-Other
c_1_35_2300,Lymphoid-DC
c_1_35_2301,Lymphoid-B
c_1_35_2302,Lymphoid-T
c_1_35_2303,Endothelial
c_1_35_2304,Mesenchymal-Stromal
c_1_35_2305,Lymphoid-B
c_1_35_2306,Endothelial
c_1_35_2307,Lymphoid-T
c_1_35_2308,Lymphoid-T
c_1_35_2309,Lymphoid-T
c_1_35_2310,Endothelial
c_1_35_2311,Lymphoid-Other
c_1_35_2312,Lymphoid-T
c_1_35_2313,Mesenchymal-Stromal
c_1_35_2314,Lymphoid-T
c_1_35_2315,Lymphoid-Other
c_1_35_2316,Lymphoid-B
c_1_35_2317,Lymphoid-T
c_1_35_2318,Lymphoid-Other
c_1_35_2319,Endothelial
c_1_35_2320,Lymphoid-Other
c_1_35_2321,Lymphoid-T
c_1_35_2322,Lymphoid-T
c_1_35_2323,Lymphoid-B
c_1_35_2324,Mesenchymal-Stromal
c_1_35_2325,Lymphoid-T
c_1_35_2326,Lymphoid-B
c_1_35_2327,Lymphoid-B
c_1_35_2328,Lymphoid-T
c_1_35_2329,Lymphoid-Other
c_1_35_2330,Lymphoid-DC
c_1_35_2331,Mesenchymal-Stromal
c_1_35_2332,Lymphoid-T
c_1_35_2333,Endothelial
c_1_35_2334,Lymphoid-T
c_1_35_2335,Lymphoid-Plasma
c_1_35_2336,Lymphoid-T
c_1_35_2337,Lymphoid-T
c_1_35_2338,Lymphoid-DC
c_1_35_2339,Lymphoid-Other
c_1_35_2340,Lymphoid-B
c_1_35_2341,Lymphoid-Other
c_1_35_2342,Endothelial
c_1_35_2343,Lymphoid-T
c_1_35_2344,Lymphoid-B
c_1_35_2345,Lymphoid-T
c_1_35_2346,None
c_1_35_2347,Lymphoid-T
c_1_35_2348,Lymphoid-T
c_1_35_2349,Lymphoid-T
c_1_35_2350,Lymphoid-T
c_1_35_2351,Lymphoid-T
c_1_35_2352,Endothelial
c_1_35_2353,Lymphoid-DC
c_1_35_2354,Mesenchymal-Stromal
c_1_35_2355,Lymphoid-T
c_1_35_2356,Lymphoid-T
c_1_35_2357,Mesenchymal-Stromal
c_1_35_2358,Mesenchymal-Stromal
c_1_35_2359,Lymphoid-T
c_1_35_2360,Lymphoid-B
c_1_35_2361,Lymphoid-T
c_1_35_2362,Lymphoid-T
c_1_35_2363,Lymphoid-T
c_1_35_2364,Lymphoid-Other
c_1_35_2365,Lymphoid-B
c_1_35_2366,Lymphoid-T
c_1_35_2367,Lymphoid-B
c_1_35_2368,Lymphoid-B
c_1_35_2369,Lymphoid-T
c_1_35_2370,Lymphoid-T
c_1_35_2371,None
c_1_35_2372,Endothelial
c_1_35_2373,Lymphoid-T
c_1_35_2374,Lymphoid-T
c_1_35_2375,Lymphoid-B
c_1_35_2376,Lymphoid-T
c_1_35_2377,Endothelial
c_1_35_2378,Lymphoid-T
c_1_35_2379,Lymphoid-B
c_1_35_2380,Endothelial
c_1_35_2381,Lymphoid-Other
c_1_35_2382,Lymphoid-T
c_1_35_2383,Lymphoid-T
c_1_35_2384,Mesenchymal-Stromal
c_1_35_2385,Lymphoid-Other
c_1_35_2386,Lymphoid-B
c_1_35_2387,Lymphoid-T
c_1_35_2388,Mesenchymal-Stromal
c_1_35_2389,Lymphoid-T
c_1_35_2390,Lymphoid-B
c_1_35_2391,Lymphoid-T
c_1_35_2392,Lymphoid-Plasma
c_1_35_2393,Lymphoid-T
c_1_35_2394,None
c_1_35_2395,Lymphoid-Other
c_1_35_2396,Mesenchymal-Stromal
c_1_35_2397,Lymphoid-T
c_1_35_2398,Lymphoid-T
c_1_35_2399,Lymphoid-DC
c_1_35_2400,Endothelial
c_1_35_2401,Mesenchymal-Stromal
c_1_35_2402,Lymphoid-T
c_1_35_2403,Lymphoid-Other
c_1_35_2404,Lymphoid-T
c_1_35_2405,Lymphoid-Other
c_1_35_2406,Lymphoid-Other
c_1_35_2407,Lymphoid-T
c_1_35_2408,Lymphoid-T
c_1_35_2409,Lymphoid-T
c_1_35_2410,None
c_1_35_2411,None
c_1_35_2412,Lymphoid-Plasma
c_1_35_2413,None
c_1_35_2414,Lymphoid-B
c_1_35_2415,Lymphoid-Other
c_1_35_2416,Endothelial
c_1_35_2417,Lymphoid-T
c_1_35_2418,Endothelial
c_1_35_2419,Lymphoid-Plasma
c_1_35_2420,Lymphoid-T
c_1_35_2421,Lymphoid-T
c_1_35_2422,Lymphoid-Other
c_1_35_2423,Lymphoid-T
c_1_35_2424,Lymphoid-T
c_1_35_2425,Lymphoid-T
c_1_35_2426,Lymphoid-Other
c_1_35_2427,Lymphoid-T
c_1_35_2428,Lymphoid-T
c_1_35_2429,Lymphoid-T
c_1_35_2430,Lymphoid-B
c_1_35_2431,Lymphoid-T
c_1_35_2432,Lymphoid-T
c_1_35_2433,Mesenchymal-Stromal
c_1_35_2434,Lymphoid-T
c_1_35_2435,Lymphoid-T
c_1_35_2436,Lymphoid-T
c_1_35_2437,Lymphoid-B
c_1_35_2438,Lymphoid-Plasma
c_1_35_2439,Lymphoid-T
c_1_35_2440,Lymphoid-T
c_1_35_2441,Lymphoid-B
c_1_35_2442,Lymphoid-T
c_1_35_2443,Lymphoid-B
c_1_35_2444,Endothelial
c_1_35_2445,Lymphoid-T
c_1_35_2446,Lymphoid-T
c_1_35_2447,Endothelial
c_1_35_2448,Lymphoid-T
c_1_35_2449,Lymphoid-T
c_1_35_2450,Lymphoid-T
c_1_35_2451,Lymphoid-T
c_1_35_2452,Lymphoid-T
c_1_35_2453,Lymphoid-T
c_1_35_2454,Lymphoid-T
c_1_35_2455,Lymphoid-T
c_1_35_2456,Lymphoid-T
c_1_35_2457,Lymphoid-B
c_1_35_2458,Lymphoid-T
c_1_35_2459,Lymphoid-Other
c_1_35_2460,Lymphoid-T
c_1_35_2461,Lymphoid-B
c_1_35_2462,Lymphoid-Other
c_1_35_2463,Lymphoid-T
c_1_35_2464,Lymphoid-T
c_1_35_2465,Mesenchymal-Stromal
c_1_35_2466,Lymphoid-T
c_1_35_2467,Lymphoid-T
c_1_35_2468,Lymphoid-Other
c_1_35_2469,Lymphoid-T
c_1_35_2470,Lymphoid-T
c_1_35_2471,Lymphoid-Other
c_1_35_2472,Lymphoid-B
c_1_35_2473,Lymphoid-Plasma
c_1_35_2474,Lymphoid-T
c_1_35_2475,Lymphoid-T
c_1_35_2476,Lymphoid-B
c_1_35_2477,Lymphoid-Other
c_1_35_2478,Endothelial
c_1_35_2479,Lymphoid-T
c_1_35_2480,Lymphoid-T
c_1_35_2481,Lymphoid-T
c_1_35_2482,Lymphoid-T
c_1_35_2483,Neuronal-Glial
c_1_35_2484,Lymphoid-T
c_1_35_2485,Lymphoid-T
c_1_35_2486,Lymphoid-T
c_1_35_2487,Lymphoid-T
c_1_35_2488,Lymphoid-Other
c_1_35_2489,Lymphoid-Plasma
c_1_35_2490,Lymphoid-T
c_1_35_2491,Lymphoid-Other
c_1_35_2492,Lymphoid-B
c_1_35_2493,Lymphoid-T
c_1_35_2494,Lymphoid-T
c_1_35_2495,Lymphoid-T
c_1_35_2496,Lymphoid-T
c_1_35_2497,Mesenchymal-Stromal
c_1_35_2498,Lymphoid-Other
c_1_35_2499,Lymphoid-T
c_1_35_2500,Lymphoid-T
c_1_35_2501,None
c_1_35_2502,Endothelial
c_1_35_2503,Lymphoid-T
c_1_35_2504,Lymphoid-Other
c_1_35_2505,Lymphoid-T
c_1_35_2506,Lymphoid-T
c_1_35_2507,Lymphoid-T
c_1_35_2508,Neuronal-Glial
c_1_35_2509,Lymphoid-T
c_1_35_2510,Lymphoid-Other
c_1_35_2511,Lymphoid-T
c_1_35_2512,Lymphoid-T
c_1_35_2513,Lymphoid-T
c_1_35_2514,Lymphoid-T
c_1_35_2515,Lymphoid-DC
c_1_35_2516,Lymphoid-T
c_1_35_2517,Lymphoid-B
c_1_35_2518,Endothelial
c_1_35_2519,Lymphoid-T
c_1_35_2520,Lymphoid-T
c_1_35_2521,Lymphoid-T
c_1_35_2522,Lymphoid-Plasma
c_1_35_2523,Lymphoid-T
c_1_35_2524,Lymphoid-T
c_1_35_2525,None
c_1_35_2526,Lymphoid-Other
c_1_35_2527,Lymphoid-Other
c_1_35_2528,Endothelial
c_1_35_2529,Lymphoid-T
c_1_35_2530,Lymphoid-T
c_1_35_2531,Lymphoid-T
c_1_35_2532,Lymphoid-B
c_1_35_2533,Lymphoid-Other
c_1_35_2534,Lymphoid-T
c_1_35_2535,Lymphoid-Other
c_1_35_2536,Endothelial
c_1_35_2537,Lymphoid-T
c_1_35_2538,Lymphoid-T
c_1_35_2539,Lymphoid-Other
c_1_35_2540,Lymphoid-T
c_1_35_2541,Lymphoid-Other
c_1_35_2542,Endothelial
c_1_35_2543,Lymphoid-T
c_1_35_2544,Lymphoid-T
c_1_35_2545,Lymphoid-T
c_1_35_2546,Lymphoid-T
c_1_35_2547,Lymphoid-T
c_1_35_2548,Lymphoid-Other
c_1_35_2549,Endothelial
c_1_35_2550,Lymphoid-T
c_1_35_2551,Lymphoid-T
c_1_35_2552,Lymphoid-T
c_1_35_2553,Lymphoid-Other
c_1_35_2554,Endothelial
c_1_35_2555,Lymphoid-Other
c_1_35_2556,Lymphoid-T
c_1_35_2557,Lymphoid-Other
c_1_35_2558,Lymphoid-Other
c_1_35_2559,Endothelial
c_1_35_2560,Endothelial
c_1_35_2561,Lymphoid-B
c_1_35_2562,Endothelial
c_1_35_2563,Lymphoid-T
c_1_35_2564,Lymphoid-T
c_1_35_2565,Endothelial
c_1_35_2566,Lymphoid-T
c_1_35_2567,Lymphoid-T
c_1_35_2568,Lymphoid-Other
c_1_35_2569,Lymphoid-T
c_1_35_2570,Lymphoid-T
c_1_35_2571,Lymphoid-T
c_1_35_2572,Lymphoid-T
c_1_35_2573,Lymphoid-Other
c_1_35_2574,Lymphoid-T
c_1_35_2575,Lymphoid-Other
c_1_35_2576,Lymphoid-T
c_1_35_2577,Lymphoid-T
c_1_35_2578,Lymphoid-B
c_1_35_2579,Lymphoid-Other
c_1_35_2580,Lymphoid-Other
c_1_35_2581,Lymphoid-Other
c_1_35_2582,Lymphoid-B
c_1_35_2583,Lymphoid-T
c_1_35_2584,Lymphoid-B
c_1_35_2585,Lymphoid-B
c_1_35_2586,Lymphoid-B
c_1_35_2587,Lymphoid-T
c_1_35_2588,Lymphoid-Other
c_1_35_2589,Lymphoid-Other
c_1_35_2590,Lymphoid-T
c_1_35_2591,Lymphoid-Plasma
c_1_35_2592,Lymphoid-B
c_1_35_2593,Lymphoid-T
c_1_35_2594,Lymphoid-T
c_1_35_2595,Lymphoid-DC
c_1_35_2596,Lymphoid-T
c_1_35_2597,Lymphoid-T
c_1_35_2598,Lymphoid-T
c_1_35_2599,Epithelial
c_1_35_2600,Lymphoid-Other
c_1_35_2601,Lymphoid-Other
c_1_35_2602,Lymphoid-T
c_1_35_2603,Lymphoid-Other
c_1_35_2604,Mesenchymal-Stromal
c_1_35_2605,Lymphoid-Other
c_1_35_2606,Lymphoid-B
c_1_35_2607,Lymphoid-T
c_1_35_2608,Mesenchymal-Stromal
c_1_35_2609,Lymphoid-T
c_1_35_2610,Lymphoid-T
c_1_35_2611,Lymphoid-T
c_1_35_2612,Lymphoid-B
c_1_35_2613,Endothelial
c_1_35_2614,Lymphoid-Other
c_1_35_2615,Lymphoid-Other
c_1_35_2616,Endothelial
c_1_35_2617,Endothelial
c_1_35_2618,Lymphoid-Other
c_1_35_2619,Lymphoid-B
c_1_35_2620,Lymphoid-B
c_1_35_2621,Lymphoid-T
c_1_35_2622,Lymphoid-T
c_1_35_2623,Mesenchymal-Stromal
c_1_35_2624,Lymphoid-B
c_1_35_2625,Endothelial
c_1_35_2626,Lymphoid-Other
c_1_35_2627,Lymphoid-Other
c_1_35_2628,Lymphoid-T
c_1_35_2629,Lymphoid-Other
c_1_35_2630,Lymphoid-T
c_1_35_2631,Endothelial
c_1_35_2632,Lymphoid-T
c_1_35_2633,Endothelial
c_1_35_2634,Lymphoid-Plasma
c_1_35_2635,Lymphoid-T
c_1_35_2636,Mesenchymal-Stromal
c_1_35_2637,Lymphoid-Other
c_1_35_2638,Lymphoid-Other
c_1_35_2639,Mesenchymal-Stromal
c_1_35_2640,Lymphoid-B
c_1_35_2641,Lymphoid-T
c_1_35_2642,Lymphoid-T
c_1_35_2643,None
c_1_35_2644,Lymphoid-T
c_1_35_2645,Lymphoid-Other
c_1_35_2646,Lymphoid-T
c_1_35_2647,Lymphoid-Other
c_1_35_2648,Lymphoid-Other
c_1_35_2649,Endothelial
c_1_35_2650,Lymphoid-T
c_1_35_2651,Erythroid
c_1_35_2652,Lymphoid-Other
c_1_35_2653,Lymphoid-T
c_1_35_2654,Lymphoid-T
c_1_35_2655,Lymphoid-T
c_1_35_2656,Lymphoid-Other
c_1_35_2657,Lymphoid-T
c_1_35_2658,Endothelial
c_1_35_2659,Lymphoid-T
c_1_35_2660,Lymphoid-Other
c_1_35_2661,Endothelial
c_1_35_2662,Mesenchymal-Stromal
c_1_35_2663,Lymphoid-Other
c_1_35_2664,Epithelial
c_1_35_2665,Lymphoid-Plasma
c_1_35_2666,Lymphoid-B
c_1_35_2667,Lymphoid-T
c_1_35_2668,Endothelial
c_1_35_2669,Lymphoid-Other
c_1_35_2670,Mesenchymal-Stromal
c_1_35_2671,Lymphoid-Plasma
c_1_35_2672,Mesenchymal-Stromal
c_1_35_2673,Neuronal-Glial
c_1_35_2674,Lymphoid-Other
c_1_35_2675,Lymphoid-T
c_1_35_2676,Lymphoid-T
c_1_35_2677,Lymphoid-T
c_1_35_2678,Lymphoid-B
c_1_35_2679,Lymphoid-T
c_1_35_2680,Lymphoid-Other
c_1_35_2681,Myeloid
c_1_35_2682,Lymphoid-B
c_1_35_2683,Lymphoid-Other
c_1_35_2684,Lymphoid-Other
c_1_35_2685,Lymphoid-Other
c_1_35_2686,Lymphoid-T
c_1_35_2687,Lymphoid-T
c_1_35_2688,Lymphoid-Other
c_1_35_2689,Lymphoid-T
c_1_35_2690,Endothelial
c_1_35_2691,Lymphoid-Other
c_1_35_2692,Lymphoid-DC
c_1_35_2693,Lymphoid-Other
c_1_35_2694,Mesenchymal-Stromal
c_1_35_2695,Lymphoid-Other
c_1_35_2696,Lymphoid-T
c_1_35_2697,Mesenchymal-Stromal
c_1_35_2698,Lymphoid-B
c_1_35_2699,Lymphoid-Other
c_1_35_2700,Myeloid
c_1_35_2701,Lymphoid-DC
c_1_35_2702,Lymphoid-T
c_1_35_2703,Lymphoid-T
c_1_35_2704,Mesenchymal-Stromal
c_1_35_2705,Lymphoid-Other
c_1_35_2706,Lymphoid-T
c_1_35_2707,Lymphoid-T
c_1_35_2708,Mesenchymal-Stromal
c_1_35_2709,Lymphoid-Plasma
c_1_35_2710,Endothelial
c_1_35_2711,Lymphoid-T
c_1_35_2712,Lymphoid-Other
c_1_35_2713,Lymphoid-Other
c_1_35_2714,Lymphoid-T
c_1_35_2715,Lymphoid-Other
c_1_35_2716,Mesenchymal-Stromal
c_1_35_2717,Lymphoid-Other
c_1_35_2718,Lymphoid-Other
c_1_35_2719,Endothelial
c_1_35_2720,Endothelial
c_1_35_2721,Lymphoid-T
c_1_35_2722,Lymphoid-Other
c_1_35_2723,Lymphoid-T
c_1_35_2724,Lymphoid-T
c_1_35_2725,Lymphoid-Other
c_1_35_2726,Lymphoid-Other
c_1_35_2727,Endothelial
c_1_35_2728,Lymphoid-Other
c_1_35_2729,Lymphoid-T
c_1_35_2730,Lymphoid-T
c_1_35_2731,Lymphoid-T
c_1_35_2732,Endothelial
c_1_35_2733,Lymphoid-B
c_1_35_2734,Lymphoid-T
c_1_35_2735,Lymphoid-Other
c_1_35_2736,None
c_1_35_2737,Endothelial
c_1_35_2738,Lymphoid-T
c_1_35_2739,Lymphoid-Other
c_1_35_2740,Endothelial
c_1_35_2741,Lymphoid-Other
c_1_35_2742,Lymphoid-T
c_1_35_2743,Lymphoid-Other
c_1_35_2744,Lymphoid-Plasma
c_1_35_2745,Lymphoid-T
c_1_35_2746,Endothelial
c_1_35_2747,Endothelial
c_1_35_2748,Mesenchymal-Stromal
c_1_35_2749,Lymphoid-Other
c_1_35_2750,Lymphoid-T
c_1_35_2751,Lymphoid-T
c_1_35_2752,Lymphoid-T
c_1_35_2753,Lymphoid-Other
c_1_35_2754,Lymphoid-Other
c_1_35_2755,Lymphoid-DC
c_1_35_2756,Lymphoid-Other
c_1_35_2757,Neuronal-Glial
c_1_35_2758,Lymphoid-T
c_1_35_2759,Myeloid
c_1_35_2760,Mesenchymal-Stromal
c_1_35_2761,Endothelial
c_1_35_2762,Endothelial
c_1_35_2763,Lymphoid-Other
c_1_35_2764,Lymphoid-B
c_1_35_2765,Lymphoid-Other
c_1_35_2766,Mesenchymal-Stromal
c_1_35_2767,Lymphoid-T
c_1_35_2768,Lymphoid-T
c_1_35_2769,Lymphoid-T
c_1_35_2770,Endothelial
c_1_35_2771,Endothelial
c_1_35_2772,Neuronal-Glial
c_1_35_2773,Mesenchymal-Stromal
c_1_35_2774,Endothelial
c_1_35_2775,Lymphoid-Plasma
c_1_35_2776,Lymphoid-Other
c_1_35_2777,Lymphoid-Other
c_1_35_2778,Lymphoid-T
c_1_35_2779,Mesenchymal-Stromal
c_1_35_2780,Lymphoid-Other
c_1_35_2781,Lymphoid-T
c_1_35_2782,Mesenchymal-Stromal
c_1_35_2783,Mesenchymal-Stromal
c_1_35_2784,Lymphoid-T
c_1_35_2785,Neuronal-Glial
c_1_35_2786,Lymphoid-Other
c_1_35_2787,Lymphoid-Other
c_1_35_2788,Endothelial
c_1_35_2789,Lymphoid-Other
c_1_35_2790,Lymphoid-Other
c_1_35_2791,Myeloid
c_1_35_2792,Lymphoid-T
c_1_35_2793,Endothelial
c_1_35_2794,Lymphoid-Other
c_1_35_2795,Myeloid
c_1_35_2796,Lymphoid-Other
c_1_35_2797,Endothelial
c_1_35_2798,Mesenchymal-Stromal
c_1_35_2799,Lymphoid-Other
c_1_35_2800,Lymphoid-Other
c_1_35_2801,Lymphoid-Plasma
c_1_35_2802,Lymphoid-Plasma
c_1_35_2803,Lymphoid-Other
c_1_35_2804,Endothelial
c_1_35_2805,Myeloid
c_1_35_2806,Mesenchymal-Stromal
c_1_35_2807,Lymphoid-T
c_1_35_2808,Endothelial
c_1_35_2809,Lymphoid-T
c_1_35_2810,Lymphoid-Plasma
c_1_35_2811,Stem
c_1_35_2812,Lymphoid-Plasma
c_1_35_2813,Endothelial
c_1_35_2814,Lymphoid-B
c_1_35_2815,Lymphoid-Plasma
c_1_35_2816,Lymphoid-T
c_1_35_2817,Lymphoid-T
c_1_35_2818,Endothelial
c_1_35_2819,Lymphoid-Other
c_1_35_2820,Lymphoid-Other
c_1_35_2821,Endothelial
c_1_35_2822,Endothelial
c_1_35_2823,Epithelial
c_1_35_2824,Mesenchymal-Stromal
c_1_35_2825,Lymphoid-T
c_1_35_2826,Epithelial
c_1_35_2827,Stem
c_1_35_2828,Mesenchymal-Stromal
c_1_35_2829,Mesenchymal-Stromal
c_1_35_2830,Epithelial
c_1_35_2831,Endothelial
c_1_35_2832,Myeloid
c_1_35_2833,Lymphoid-T
c_1_35_2834,Epithelial
c_1_35_2835,Endothelial
c_1_35_2836,Epithelial
c_1_35_2837,None
c_1_35_2838,Endothelial
c_1_35_2839,Lymphoid-T
c_1_35_2840,Endothelial
c_1_35_2841,Lymphoid-Plasma
c_1_35_2842,Lymphoid-B
c_1_35_2843,Endothelial
c_1_35_2844,Endothelial
c_1_35_2845,Lymphoid-T
c_1_35_2846,Epithelial
c_1_35_2847,Endothelial
c_1_35_2848,Mesenchymal-Stromal
c_1_35_2849,Lymphoid-Other
c_1_35_2850,Neuronal-Glial
c_1_35_2851,Lymphoid-T
c_1_35_2852,Lymphoid-T
c_1_35_2853,Lymphoid-Plasma
c_1_35_2854,Lymphoid-Plasma
c_1_35_2855,Endothelial
c_1_35_2856,Lymphoid-Other
c_1_35_2857,Mesenchymal-Stromal
c_1_35_2858,Stem
c_1_35_2859,Lymphoid-Plasma
c_1_35_2860,Lymphoid-Other
c_1_35_2861,Endothelial
c_1_35_2862,Lymphoid-T
c_1_35_2863,Lymphoid-Plasma
c_1_35_2864,Lymphoid-Other
c_1_35_2865,Mesenchymal-Stromal
c_1_35_2866,Lymphoid-Other
c_1_35_2867,Lymphoid-T
c_1_35_2868,Myeloid
c_1_35_2869,Endothelial
c_1_35_2870,Lymphoid-T
c_1_35_2871,Stem
c_1_35_2872,Lymphoid-Plasma
c_1_35_2873,Lymphoid-Other
c_1_35_2874,Lymphoid-Other
c_1_35_2875,Mesenchymal-Stromal
c_1_35_2876,Endothelial
c_1_35_2877,Mesenchymal-Stromal
c_1_35_2878,Lymphoid-T
c_1_35_2879,Endothelial
c_1_35_2880,Endothelial
c_1_35_2881,None
c_1_35_2882,Lymphoid-Other
c_1_35_2883,None
c_1_35_2884,Endothelial
c_1_35_2885,Epithelial
c_1_35_2886,Myeloid
c_1_35_2887,Stem
c_1_35_2888,Lymphoid-Plasma
c_1_35_2889,Lymphoid-Other
c_1_35_2890,Lymphoid-Plasma
c_1_35_2891,Epithelial
c_1_35_2892,Epithelial
c_1_35_2893,Lymphoid-Plasma
c_1_35_2894,Lymphoid-Plasma
c_1_35_2895,Lymphoid-Plasma
c_1_35_2896,Lymphoid-DC
c_1_35_2897,None
c_1_35_2898,Mesenchymal-Stromal
c_1_35_2899,Lymphoid-Other
c_1_35_2900,Lymphoid-Plasma
c_1_35_2901,Endothelial
c_1_35_2902,Endothelial
c_1_35_2903,Mesenchymal-Stromal
c_1_35_2904,Lymphoid-Other
c_1_35_2905,Lymphoid-Other
c_1_35_2906,Lymphoid-Other
c_1_35_2907,Lymphoid-Other
c_1_35_2908,Epithelial
c_1_35_2909,Endothelial
c_1_35_2910,Lymphoid-Other
c_1_35_2911,Lymphoid-Other
c_1_35_2912,Endothelial
c_1_35_2913,Epithelial
c_1_35_2914,Endothelial
c_1_35_2915,Lymphoid-Other
c_1_35_2916,Stem
c_1_35_2917,Lymphoid-Plasma
c_1_35_2918,Mesenchymal-Stromal
c_1_35_2919,Lymphoid-Other
c_1_35_2920,Epithelial
c_1_35_2921,None
c_1_35_2922,Myeloid
c_1_35_2923,Lymphoid-Plasma
c_1_35_2924,Lymphoid-T
c_1_35_2925,Stem
c_1_35_2926,Epithelial
c_1_35_2927,Lymphoid-T
c_1_35_2928,Endothelial
c_1_35_2929,Mesenchymal-Stromal
c_1_35_2930,Epithelial
c_1_35_2931,Endothelial
c_1_35_2932,Endothelial
c_1_35_2933,Endothelial
c_1_35_2934,None
c_1_35_2935,Epithelial
c_1_35_2936,Epithelial
c_1_35_2937,Lymphoid-Other
c_1_35_2938,Lymphoid-Other
c_1_35_2939,Lymphoid-Other
c_1_35_2940,Endothelial
c_1_35_2941,Lymphoid-Other
c_1_35_2942,Lymphoid-Other
c_1_35_2943,Lymphoid-Other
c_1_35_2944,Lymphoid-Other
c_1_35_2945,None
c_1_35_2946,Lymphoid-Plasma
c_1_35_2947,Epithelial
c_1_35_2948,Epithelial
c_1_35_2949,Epithelial
c_1_35_2950,Endothelial
c_1_35_2951,None
c_1_35_2952,Epithelial
c_1_35_2953,Lymphoid-Other
c_1_35_2954,Epithelial
c_1_35_2955,Endothelial
c_1_35_2956,Lymphoid-T
c_1_35_2957,Epithelial
c_1_35_2958,Epithelial
c_1_35_2959,Lymphoid-Other
c_1_35_2960,Endothelial
c_1_35_2961,Endothelial
c_1_35_2962,Lymphoid-Plasma
c_1_35_2963,Endothelial
c_1_35_2964,Endothelial
c_1_35_2965,Lymphoid-Other
c_1_35_2966,Lymphoid-Other
c_1_35_2967,Endothelial
c_1_35_2968,Mesenchymal-Stromal
c_1_35_2969,Lymphoid-Other
c_1_35_2970,Lymphoid-Other
c_1_35_2971,Lymphoid-Other
c_1_35_2972,Mesenchymal-Stromal
c_1_35_2973,Lymphoid-Plasma
c_1_35_2974,Stem
c_1_35_2975,Stem
c_1_35_2976,Epithelial
c_1_35_2977,Lymphoid-Other
c_1_35_2978,Stem
c_1_35_2979,Endothelial
c_1_35_2980,Lymphoid-Other
c_1_35_2981,Epithelial
c_1_35_2982,Lymphoid-Other
c_1_35_2983,Lymphoid-T
c_1_35_2984,Epithelial
c_1_35_2985,Lymphoid-Other
c_1_35_2986,Lymphoid-Plasma
c_1_35_2987,Epithelial
c_1_35_2988,Epithelial
c_1_35_2989,Lymphoid-Other
c_1_35_2990,Lymphoid-T
c_1_35_2991,Lymphoid-Other
c_1_35_2992,Lymphoid-Plasma
c_1_35_2993,Mesenchymal-Stromal
c_1_35_2994,Stem
c_1_35_2995,Endothelial
c_1_35_2996,Lymphoid-T
c_1_35_2997,Endothelial
c_1_35_2998,Lymphoid-Other
c_1_35_2999,Lymphoid-Other
c_1_35_3000,Lymphoid-T
c_1_35_3001,Lymphoid-Other
c_1_35_3002,Lymphoid-T
c_1_35_3003,Mesenchymal-Stromal
c_1_35_3004,Lymphoid-Plasma
c_1_35_3005,Epithelial
c_1_35_3006,Lymphoid-Other
c_1_35_3007,Lymphoid-Plasma
c_1_35_3008,Lymphoid-Plasma
c_1_35_3009,Endothelial
c_1_35_3010,Lymphoid-Plasma
c_1_35_3011,Endothelial
c_1_35_3012,Mesenchymal-Stromal
c_1_35_3013,Lymphoid-Plasma
c_1_35_3014,Lymphoid-Other
c_1_35_3015,Lymphoid-Plasma
c_1_35_3016,Lymphoid-Plasma
c_1_35_3017,Endothelial
c_1_35_3018,Endothelial
c_1_35_3019,Lymphoid-Other
c_1_35_3020,Myeloid
c_1_35_3021,Mesenchymal-Stromal
c_1_35_3022,Lymphoid-T
c_1_35_3023,Epithelial
c_1_35_3024,Lymphoid-T
c_1_35_3025,Myeloid
c_1_35_3026,Lymphoid-Other
c_1_35_3027,Lymphoid-Other
c_1_35_3028,Endothelial
c_1_35_3029,Lymphoid-Plasma
c_1_35_3030,Lymphoid-Plasma
c_1_35_3031,Lymphoid-Other
c_1_35_3032,Erythroid
c_1_35_3033,Lymphoid-Plasma
c_1_35_3034,Lymphoid-Other
c_1_35_3035,Lymphoid-Other
c_1_35_3036,Lymphoid-T
c_1_35_3037,Lymphoid-Other
c_1_35_3038,Mesenchymal-Stromal
c_1_35_3039,Lymphoid-Other
c_1_35_3040,Endothelial
c_1_35_3041,Lymphoid-Plasma
c_1_35_3042,Lymphoid-Plasma
c_1_35_3043,Lymphoid-Other
c_1_35_3044,Stem
c_1_35_3045,Lymphoid-Plasma
c_1_35_3046,Lymphoid-Other
c_1_35_3047,Lymphoid-Plasma
c_1_35_3048,Mesenchymal-Stromal
c_1_35_3049,Erythroid
c_1_35_3050,Mesenchymal-Stromal
c_1_35_3051,Lymphoid-Plasma
c_1_35_3052,Lymphoid-DC
c_1_35_3053,Endothelial
c_1_35_3054,Neuronal-Glial
c_1_35_3055,Endothelial
c_1_35_3056,Epithelial
c_1_35_3057,None
c_1_35_3058,Myeloid
c_1_35_3059,Lymphoid-Plasma
c_1_35_3060,Mesenchymal-Stromal
c_1_35_3061,Lymphoid-Plasma
c_1_35_3062,Lymphoid-Plasma
c_1_35_3063,Stem
c_1_35_3064,Lymphoid-Other
c_1_35_3065,Myeloid
c_1_35_3066,Lymphoid-Other
c_1_35_3067,Lymphoid-T
c_1_35_3068,Myeloid
c_1_35_3069,Mesenchymal-Stromal
c_1_35_3070,Myeloid
c_1_35_3071,Myeloid
c_1_35_3072,Lymphoid-Other
c_1_35_3073,Epithelial
c_1_35_3074,Lymphoid-Other
c_1_35_3075,Endothelial
c_1_35_3076,Endothelial
c_1_35_3077,Lymphoid-Other
c_1_35_3078,Endothelial
c_1_35_3079,Mesenchymal-Stromal
c_1_35_3080,Lymphoid-Other
c_1_35_3081,Endothelial
c_1_35_3082,Epithelial
c_1_35_3083,Mesenchymal-Stromal
c_1_35_3084,Endothelial
c_1_35_3085,Erythroid
c_1_35_3086,Neuronal-Glial
c_1_35_3087,Lymphoid-Plasma
c_1_35_3088,Mesenchymal-Stromal
c_1_35_3089,Myeloid
c_1_35_3090,Lymphoid-Other
c_1_35_3091,Epithelial
c_1_35_3092,Endothelial
c_1_35_3093,Lymphoid-Plasma
c_1_35_3094,Erythroid
c_1_35_3095,Lymphoid-Other
c_1_35_3096,Endothelial
c_1_35_3097,Mesenchymal-Stromal
c_1_35_3098,Endothelial
c_1_35_3099,Mesenchymal-Stromal
c_1_35_3100,Lymphoid-T
c_1_35_3101,Lymphoid-Other
c_1_35_3102,Myeloid
c_1_35_3103,Lymphoid-Other
c_1_35_3104,Lymphoid-T
c_1_35_3105,Lymphoid-Plasma
c_1_35_3106,Lymphoid-Other
c_1_35_3107,Endothelial
c_1_35_3108,Lymphoid-T
c_1_35_3109,Endothelial
c_1_35_3110,Lymphoid-Plasma
c_1_35_3111,Lymphoid-Plasma
c_1_35_3112,Lymphoid-Other
c_1_35_3113,Lymphoid-Other
c_1_35_3114,Lymphoid-Plasma
c_1_35_3115,Mesenchymal-Stromal
c_1_35_3116,None
c_1_35_3117,Myeloid
c_1_35_3118,Endothelial
c_1_35_3119,Endothelial
c_1_35_3120,Mesenchymal-Stromal
c_1_35_3121,Mesenchymal-Stromal
c_1_35_3122,Lymphoid-Plasma
c_1_35_3123,Mesenchymal-Stromal
c_1_35_3124,Epithelial
c_1_35_3125,Lymphoid-Other
c_1_35_3126,None
c_1_35_3127,Lymphoid-Plasma
c_1_36_1,Lymphoid-T
c_1_36_2,Lymphoid-T
c_1_36_3,None
c_1_36_4,Lymphoid-B
c_1_36_5,Lymphoid-T
c_1_36_6,Lymphoid-Other
c_1_36_7,Lymphoid-T
c_1_36_8,Lymphoid-B
c_1_36_9,Lymphoid-T
c_1_36_10,Lymphoid-T
c_1_36_11,Lymphoid-T
c_1_36_12,Lymphoid-Other
c_1_36_13,Lymphoid-T
c_1_36_14,Lymphoid-DC
c_1_36_15,Lymphoid-T
c_1_36_16,Lymphoid-B
c_1_36_17,Lymphoid-T
c_1_36_18,Lymphoid-Other
c_1_36_19,Lymphoid-DC
c_1_36_20,Lymphoid-B
c_1_36_21,Lymphoid-B
c_1_36_22,Lymphoid-T
c_1_36_23,Lymphoid-T
c_1_36_24,Lymphoid-Other
c_1_36_25,Lymphoid-DC
c_1_36_26,Lymphoid-T
c_1_36_27,Lymphoid-Other
c_1_36_28,Lymphoid-Other
c_1_36_29,Lymphoid-Other
c_1_36_30,Lymphoid-Other
c_1_36_31,Lymphoid-Other
c_1_36_32,Lymphoid-Other
c_1_36_33,Lymphoid-T
c_1_36_34,Lymphoid-T
c_1_36_35,Lymphoid-B
c_1_36_36,Lymphoid-Other
c_1_36_37,Lymphoid-T
c_1_36_38,Lymphoid-Other
c_1_36_39,Lymphoid-Other
c_1_36_40,Lymphoid-Other
c_1_36_41,Lymphoid-DC
c_1_36_42,Lymphoid-Other
c_1_36_43,Lymphoid-Other
c_1_36_44,Lymphoid-T
c_1_36_45,Lymphoid-T
c_1_36_46,Lymphoid-T
c_1_36_47,Lymphoid-T
c_1_36_48,Lymphoid-DC
c_1_36_49,Lymphoid-T
c_1_36_50,None
c_1_36_51,Lymphoid-Other
c_1_36_52,Lymphoid-B
c_1_36_53,Lymphoid-T
c_1_36_54,Lymphoid-T
c_1_36_55,Lymphoid-B
c_1_36_56,Lymphoid-DC
c_1_36_57,Lymphoid-T
c_1_36_58,Lymphoid-T
c_1_36_59,Lymphoid-Other
c_1_36_60,Lymphoid-T
c_1_36_61,Lymphoid-B
c_1_36_62,Lymphoid-Other
c_1_36_63,Lymphoid-T
c_1_36_64,Lymphoid-T
c_1_36_65,Lymphoid-T
c_1_36_66,Lymphoid-T
c_1_36_67,Lymphoid-T
c_1_36_68,Lymphoid-B
c_1_36_69,Lymphoid-DC
c_1_36_70,Lymphoid-DC
c_1_36_71,Lymphoid-Other
c_1_36_72,Lymphoid-T
c_1_36_73,Lymphoid-Other
c_1_36_74,Lymphoid-B
c_1_36_75,Lymphoid-T
c_1_36_76,Lymphoid-T
c_1_36_77,None
c_1_36_78,None
c_1_36_79,Lymphoid-T
c_1_36_80,Lymphoid-T
c_1_36_81,Lymphoid-T
c_1_36_82,Lymphoid-B
c_1_36_83,Lymphoid-Plasma
c_1_36_84,Lymphoid-Other
c_1_36_85,Lymphoid-T
c_1_36_86,Lymphoid-Other
c_1_36_87,Lymphoid-B
c_1_36_88,Lymphoid-B
c_1_36_89,Lymphoid-T
c_1_36_90,Lymphoid-T
c_1_36_91,Lymphoid-DC
c_1_36_92,Myeloid
c_1_36_93,Lymphoid-Other
c_1_36_94,Lymphoid-DC
c_1_36_95,None
c_1_36_96,Lymphoid-Other
c_1_36_97,Lymphoid-B
c_1_36_98,Lymphoid-Other
c_1_36_99,Lymphoid-T
c_1_36_100,Lymphoid-T
c_1_36_101,Lymphoid-B
c_1_36_102,Lymphoid-DC
c_1_36_103,None
c_1_36_104,Lymphoid-B
c_1_36_105,Lymphoid-T
c_1_36_106,Lymphoid-Other
c_1_36_107,Lymphoid-B
c_1_36_108,None
c_1_36_109,Lymphoid-T
c_1_36_110,Lymphoid-T
c_1_36_111,Lymphoid-T
c_1_36_112,Lymphoid-T
c_1_36_113,Lymphoid-Other
c_1_36_114,Lymphoid-T
c_1_36_115,Lymphoid-T
c_1_36_116,Lymphoid-T
c_1_36_117,Lymphoid-DC
c_1_36_118,Lymphoid-T
c_1_36_119,Lymphoid-B
c_1_36_120,Lymphoid-DC
c_1_36_121,Lymphoid-T
c_1_36_122,Lymphoid-Other
c_1_36_123,Lymphoid-B
c_1_36_124,Lymphoid-DC
c_1_36_125,Lymphoid-T
c_1_36_126,Lymphoid-T
c_1_36_127,Lymphoid-Other
c_1_36_128,Myeloid
c_1_36_129,Lymphoid-DC
c_1_36_130,Lymphoid-B
c_1_36_131,None
c_1_36_132,Lymphoid-B
c_1_36_133,Lymphoid-DC
c_1_36_134,Lymphoid-B
c_1_36_135,Lymphoid-Other
c_1_36_136,Lymphoid-B
c_1_36_137,Lymphoid-B
c_1_36_138,Lymphoid-B
c_1_36_139,Lymphoid-Other
c_1_36_140,Lymphoid-Other
c_1_36_141,Lymphoid-DC
c_1_36_142,Lymphoid-Other
c_1_36_143,Lymphoid-Other
c_1_36_144,Lymphoid-DC
c_1_36_145,Lymphoid-T
c_1_36_146,Lymphoid-Other
c_1_36_147,Lymphoid-Other
c_1_36_148,Lymphoid-B
c_1_36_149,Lymphoid-T
c_1_36_150,Lymphoid-Other
c_1_36_151,Lymphoid-DC
c_1_36_152,Lymphoid-B
c_1_36_153,Lymphoid-T
c_1_36_154,Lymphoid-B
c_1_36_155,Lymphoid-Other
c_1_36_156,Lymphoid-T
c_1_36_157,Lymphoid-Other
c_1_36_158,Lymphoid-T
c_1_36_159,Lymphoid-B
c_1_36_160,Lymphoid-B
c_1_36_161,Lymphoid-T
c_1_36_162,Lymphoid-B
c_1_36_163,Epithelial
c_1_36_164,Lymphoid-T
c_1_36_165,Lymphoid-B
c_1_36_166,Lymphoid-DC
c_1_36_167,Lymphoid-T
c_1_36_168,Lymphoid-Other
c_1_36_169,Lymphoid-Other
c_1_36_170,Lymphoid-T
c_1_36_171,Lymphoid-B
c_1_36_172,Lymphoid-DC
c_1_36_173,Lymphoid-Other
c_1_36_174,Lymphoid-T
c_1_36_175,Lymphoid-B
c_1_36_176,Lymphoid-B
c_1_36_177,Lymphoid-B
c_1_36_178,Lymphoid-T
c_1_36_179,Endothelial
c_1_36_180,Lymphoid-T
c_1_36_181,Lymphoid-Other
c_1_36_182,Lymphoid-B
c_1_36_183,Lymphoid-B
c_1_36_184,Lymphoid-Other
c_1_36_185,None
c_1_36_186,Lymphoid-B
c_1_36_187,Lymphoid-B
c_1_36_188,Lymphoid-Other
c_1_36_189,Lymphoid-B
c_1_36_190,Lymphoid-Other
c_1_36_191,Lymphoid-B
c_1_36_192,Lymphoid-DC
c_1_36_193,Lymphoid-T
c_1_36_194,Lymphoid-B
c_1_36_195,Lymphoid-T
c_1_36_196,Lymphoid-DC
c_1_36_197,Lymphoid-Other
c_1_36_198,Lymphoid-Other
c_1_36_199,Lymphoid-B
c_1_36_200,Lymphoid-T
c_1_36_201,Lymphoid-DC
c_1_36_202,Lymphoid-DC
c_1_36_203,Lymphoid-B
c_1_36_204,Lymphoid-T
c_1_36_205,Lymphoid-T
c_1_36_206,Lymphoid-T
c_1_36_207,Lymphoid-T
c_1_36_208,Endothelial
c_1_36_209,Lymphoid-T
c_1_36_210,Lymphoid-B
c_1_36_211,Lymphoid-Other
c_1_36_212,Lymphoid-Other
c_1_36_213,Lymphoid-Other
c_1_36_214,Lymphoid-Other
c_1_36_215,Lymphoid-Other
c_1_36_216,Lymphoid-T
c_1_36_217,Lymphoid-B
c_1_36_218,Lymphoid-T
c_1_36_219,Lymphoid-T
c_1_36_220,Lymphoid-T
c_1_36_221,Lymphoid-T
c_1_36_222,Lymphoid-B
c_1_36_223,Lymphoid-T
c_1_36_224,Lymphoid-T
c_1_36_225,Lymphoid-B
c_1_36_226,None
c_1_36_227,Lymphoid-T
c_1_36_228,Lymphoid-T
c_1_36_229,Lymphoid-B
c_1_36_230,Lymphoid-B
c_1_36_231,Lymphoid-DC
c_1_36_232,Lymphoid-B
c_1_36_233,Lymphoid-T
c_1_36_234,Lymphoid-T
c_1_36_235,Lymphoid-DC
c_1_36_236,Lymphoid-DC
c_1_36_237,Lymphoid-B
c_1_36_238,Lymphoid-T
c_1_36_239,None
c_1_36_240,Lymphoid-T
c_1_36_241,Lymphoid-T
c_1_36_242,Lymphoid-B
c_1_36_243,Lymphoid-B
c_1_36_244,Lymphoid-B
c_1_36_245,Lymphoid-B
c_1_36_246,Lymphoid-T
c_1_36_247,Lymphoid-B
c_1_36_248,Lymphoid-B
c_1_36_249,Lymphoid-T
c_1_36_250,Lymphoid-T
c_1_36_251,Lymphoid-T
c_1_36_252,Lymphoid-DC
c_1_36_253,Lymphoid-Other
c_1_36_254,Lymphoid-B
c_1_36_255,Lymphoid-T
c_1_36_256,Lymphoid-T
c_1_36_257,Lymphoid-T
c_1_36_258,Lymphoid-DC
c_1_36_259,Lymphoid-B
c_1_36_260,Lymphoid-B
c_1_36_261,Lymphoid-B
c_1_36_262,Lymphoid-B
c_1_36_263,Lymphoid-T
c_1_36_264,Lymphoid-B
c_1_36_265,Lymphoid-T
c_1_36_266,Lymphoid-B
c_1_36_267,Lymphoid-B
c_1_36_268,Lymphoid-DC
c_1_36_269,Lymphoid-B
c_1_36_270,Lymphoid-Other
c_1_36_271,Lymphoid-T
c_1_36_272,None
c_1_36_273,Lymphoid-T
c_1_36_274,Lymphoid-T
c_1_36_275,Lymphoid-DC
c_1_36_276,Lymphoid-T
c_1_36_277,Myeloid
c_1_36_278,Lymphoid-Other
c_1_36_279,Lymphoid-B
c_1_36_280,Lymphoid-DC
c_1_36_281,Epithelial
c_1_36_282,Lymphoid-B
c_1_36_283,Lymphoid-B
c_1_36_284,Lymphoid-Other
c_1_36_285,Lymphoid-DC
c_1_36_286,Lymphoid-B
c_1_36_287,Lymphoid-B
c_1_36_288,Lymphoid-B
c_1_36_289,Lymphoid-Other
c_1_36_290,Lymphoid-T
c_1_36_291,Lymphoid-Other
c_1_36_292,Lymphoid-B
c_1_36_293,Lymphoid-Other
c_1_36_294,Lymphoid-T
c_1_36_295,Lymphoid-DC
c_1_36_296,Lymphoid-DC
c_1_36_297,Lymphoid-B
c_1_36_298,Lymphoid-T
c_1_36_299,Lymphoid-T
c_1_36_300,Lymphoid-B
c_1_36_301,Lymphoid-DC
c_1_36_302,None
c_1_36_303,Lymphoid-T
c_1_36_304,Lymphoid-T
c_1_36_305,Lymphoid-B
c_1_36_306,Epithelial
c_1_36_307,Lymphoid-T
c_1_36_308,Lymphoid-B
c_1_36_309,Lymphoid-T
c_1_36_310,Lymphoid-T
c_1_36_311,Lymphoid-B
c_1_36_312,Lymphoid-DC
c_1_36_313,Lymphoid-T
c_1_36_314,Lymphoid-B
c_1_36_315,Lymphoid-T
c_1_36_316,Lymphoid-DC
c_1_36_317,Lymphoid-B
c_1_36_318,Lymphoid-T
c_1_36_319,Lymphoid-T
c_1_36_320,Lymphoid-T
c_1_36_321,Lymphoid-T
c_1_36_322,Epithelial
c_1_36_323,Lymphoid-B
c_1_36_324,Lymphoid-T
c_1_36_325,Lymphoid-T
c_1_36_326,Lymphoid-DC
c_1_36_327,Lymphoid-Plasma
c_1_36_328,Lymphoid-B
c_1_36_329,Lymphoid-B
c_1_36_330,Lymphoid-T
c_1_36_331,Lymphoid-B
c_1_36_332,Lymphoid-B
c_1_36_333,Lymphoid-T
c_1_36_334,Lymphoid-T
c_1_36_335,Lymphoid-B
c_1_36_336,Lymphoid-B
c_1_36_337,Lymphoid-B
c_1_36_338,Lymphoid-B
c_1_36_339,Lymphoid-T
c_1_36_340,Lymphoid-Other
c_1_36_341,Lymphoid-B
c_1_36_342,Lymphoid-T
c_1_36_343,Lymphoid-T
c_1_36_344,Lymphoid-DC
c_1_36_345,Lymphoid-B
c_1_36_346,Lymphoid-B
c_1_36_347,Lymphoid-DC
c_1_36_348,Lymphoid-T
c_1_36_349,Lymphoid-DC
c_1_36_350,None
c_1_36_351,Lymphoid-B
c_1_36_352,Lymphoid-B
c_1_36_353,Lymphoid-B
c_1_36_354,Lymphoid-T
c_1_36_355,Lymphoid-DC
c_1_36_356,Lymphoid-T
c_1_36_357,Lymphoid-DC
c_1_36_358,Lymphoid-B
c_1_36_359,Lymphoid-T
c_1_36_360,Lymphoid-Other
c_1_36_361,Lymphoid-T
c_1_36_362,Lymphoid-T
c_1_36_363,Lymphoid-B
c_1_36_364,Lymphoid-B
c_1_36_365,Lymphoid-Other
c_1_36_366,Lymphoid-B
c_1_36_367,Lymphoid-B
c_1_36_368,Lymphoid-B
c_1_36_369,Lymphoid-B
c_1_36_370,Lymphoid-DC
c_1_36_371,Lymphoid-Other
c_1_36_372,Lymphoid-T
c_1_36_373,Lymphoid-B
c_1_36_374,Lymphoid-T
c_1_36_375,Lymphoid-DC
c_1_36_376,Lymphoid-Other
c_1_36_377,Lymphoid-T
c_1_36_378,Lymphoid-Other
c_1_36_379,Lymphoid-Other
c_1_36_380,Lymphoid-B
c_1_36_381,Lymphoid-T
c_1_36_382,Lymphoid-T
c_1_36_383,Lymphoid-T
c_1_36_384,Lymphoid-T
c_1_36_385,Lymphoid-DC
c_1_36_386,Lymphoid-T
c_1_36_387,Lymphoid-B
c_1_36_388,Lymphoid-B
c_1_36_389,Lymphoid-B
c_1_36_390,Lymphoid-B
c_1_36_391,Epithelial
c_1_36_392,Lymphoid-B
c_1_36_393,None
c_1_36_394,Lymphoid-B
c_1_36_395,Lymphoid-B
c_1_36_396,Lymphoid-T
c_1_36_397,Lymphoid-B
c_1_36_398,Lymphoid-DC
c_1_36_399,Myeloid
c_1_36_400,Lymphoid-B
c_1_36_401,Lymphoid-Other
c_1_36_402,Lymphoid-Other
c_1_36_403,Lymphoid-T
c_1_36_404,Lymphoid-B
c_1_36_405,Lymphoid-B
c_1_36_406,Lymphoid-T
c_1_36_407,Lymphoid-Other
c_1_36_408,Lymphoid-B
c_1_36_409,Lymphoid-T
c_1_36_410,Epithelial
c_1_36_411,Lymphoid-Other
c_1_36_412,Lymphoid-Other
c_1_36_413,Lymphoid-B
c_1_36_414,Lymphoid-B
c_1_36_415,Lymphoid-B
c_1_36_416,Lymphoid-T
c_1_36_417,Lymphoid-DC
c_1_36_418,Lymphoid-B
c_1_36_419,Lymphoid-T
c_1_36_420,Lymphoid-B
c_1_36_421,Lymphoid-Other
c_1_36_422,Lymphoid-Other
c_1_36_423,Lymphoid-B
c_1_36_424,Lymphoid-B
c_1_36_425,Lymphoid-T
c_1_36_426,Lymphoid-DC
c_1_36_427,Lymphoid-B
c_1_36_428,Lymphoid-T
c_1_36_429,Lymphoid-T
c_1_36_430,Lymphoid-T
c_1_36_431,Lymphoid-Other
c_1_36_432,Lymphoid-B
c_1_36_433,Lymphoid-B
c_1_36_434,Lymphoid-T
c_1_36_435,Lymphoid-B
c_1_36_436,Lymphoid-B
c_1_36_437,Lymphoid-B
c_1_36_438,Lymphoid-B
c_1_36_439,Lymphoid-Other
c_1_36_440,Lymphoid-T
c_1_36_441,Lymphoid-B
c_1_36_442,Lymphoid-T
c_1_36_443,Myeloid
c_1_36_444,Epithelial
c_1_36_445,Lymphoid-Other
c_1_36_446,Lymphoid-Other
c_1_36_447,Lymphoid-T
c_1_36_448,Lymphoid-B
c_1_36_449,None
c_1_36_450,Lymphoid-DC
c_1_36_451,Lymphoid-B
c_1_36_452,Lymphoid-B
c_1_36_453,Lymphoid-DC
c_1_36_454,Lymphoid-Other
c_1_36_455,Lymphoid-Plasma
c_1_36_456,Lymphoid-B
c_1_36_457,Lymphoid-Other
c_1_36_458,Lymphoid-T
c_1_36_459,Lymphoid-B
c_1_36_460,Lymphoid-B
c_1_36_461,Lymphoid-B
c_1_36_462,Lymphoid-Other
c_1_36_463,Lymphoid-T
c_1_36_464,Lymphoid-B
c_1_36_465,Lymphoid-Other
c_1_36_466,Lymphoid-B
c_1_36_467,Lymphoid-Other
c_1_36_468,Lymphoid-B
c_1_36_469,Lymphoid-B
c_1_36_470,Lymphoid-B
c_1_36_471,Lymphoid-B
c_1_36_472,Lymphoid-B
c_1_36_473,Lymphoid-B
c_1_36_474,Lymphoid-T
c_1_36_475,Lymphoid-B
c_1_36_476,Lymphoid-B
c_1_36_477,Epithelial
c_1_36_478,Lymphoid-B
c_1_36_479,Lymphoid-T
c_1_36_480,Lymphoid-T
c_1_36_481,Lymphoid-B
c_1_36_482,Lymphoid-Other
c_1_36_483,Lymphoid-B
c_1_36_484,Lymphoid-B
c_1_36_485,Lymphoid-B
c_1_36_486,Lymphoid-B
c_1_36_487,Lymphoid-B
c_1_36_488,Lymphoid-B
c_1_36_489,Lymphoid-Other
c_1_36_490,Lymphoid-DC
c_1_36_491,Lymphoid-B
c_1_36_492,Lymphoid-Other
c_1_36_493,Lymphoid-B
c_1_36_494,Lymphoid-B
c_1_36_495,Lymphoid-B
c_1_36_496,Lymphoid-T
c_1_36_497,Lymphoid-B
c_1_36_498,Lymphoid-T
c_1_36_499,Lymphoid-B
c_1_36_500,None
c_1_36_501,Lymphoid-DC
c_1_36_502,Lymphoid-T
c_1_36_503,None
c_1_36_504,Lymphoid-B
c_1_36_505,Lymphoid-T
c_1_36_506,Lymphoid-DC
c_1_36_507,Lymphoid-T
c_1_36_508,Lymphoid-B
c_1_36_509,Lymphoid-Other
c_1_36_510,Lymphoid-B
c_1_36_511,Lymphoid-B
c_1_36_512,Lymphoid-B
c_1_36_513,Lymphoid-B
c_1_36_514,Lymphoid-B
c_1_36_515,Lymphoid-B
c_1_36_516,Lymphoid-B
c_1_36_517,Lymphoid-B
c_1_36_518,Lymphoid-T
c_1_36_519,Lymphoid-B
c_1_36_520,Lymphoid-B
c_1_36_521,Myeloid
c_1_36_522,Lymphoid-Other
c_1_36_523,Lymphoid-B
c_1_36_524,Lymphoid-B
c_1_36_525,Lymphoid-B
c_1_36_526,Lymphoid-Other
c_1_36_527,Lymphoid-B
c_1_36_528,Lymphoid-B
c_1_36_529,Lymphoid-Other
c_1_36_530,Lymphoid-B
c_1_36_531,Lymphoid-B
c_1_36_532,Lymphoid-B
c_1_36_533,Lymphoid-B
c_1_36_534,Lymphoid-B
c_1_36_535,Lymphoid-Other
c_1_36_536,Lymphoid-B
c_1_36_537,Lymphoid-B
c_1_36_538,Lymphoid-B
c_1_36_539,Lymphoid-B
c_1_36_540,Lymphoid-T
c_1_36_541,Lymphoid-Other
c_1_36_542,Lymphoid-T
c_1_36_543,Lymphoid-T
c_1_36_544,Lymphoid-B
c_1_36_545,Lymphoid-B
c_1_36_546,Lymphoid-B
c_1_36_547,Lymphoid-T
c_1_36_548,Lymphoid-DC
c_1_36_549,Lymphoid-B
c_1_36_550,Lymphoid-B
c_1_36_551,Lymphoid-B
c_1_36_552,Lymphoid-B
c_1_36_553,Lymphoid-B
c_1_36_554,Lymphoid-B
c_1_36_555,Lymphoid-DC
c_1_36_556,Lymphoid-B
c_1_36_557,None
c_1_36_558,Lymphoid-DC
c_1_36_559,None
c_1_36_560,Lymphoid-B
c_1_36_561,Lymphoid-B
c_1_36_562,Lymphoid-T
c_1_36_563,Lymphoid-DC
c_1_36_564,Lymphoid-B
c_1_36_565,Lymphoid-B
c_1_36_566,Lymphoid-B
c_1_36_567,Lymphoid-DC
c_1_36_568,Lymphoid-DC
c_1_36_569,None
c_1_36_570,Lymphoid-B
c_1_36_571,Lymphoid-B
c_1_36_572,Lymphoid-B
c_1_36_573,Lymphoid-T
c_1_36_574,Endothelial
c_1_36_575,Lymphoid-Other
c_1_36_576,Lymphoid-B
c_1_36_577,Lymphoid-B
c_1_36_578,Lymphoid-Other
c_1_36_579,Lymphoid-B
c_1_36_580,Lymphoid-B
c_1_36_581,None
c_1_36_582,Lymphoid-T
c_1_36_583,Lymphoid-B
c_1_36_584,Lymphoid-B
c_1_36_585,Lymphoid-T
c_1_36_586,Lymphoid-B
c_1_36_587,Lymphoid-B
c_1_36_588,Lymphoid-B
c_1_36_589,Lymphoid-B
c_1_36_590,Lymphoid-Other
c_1_36_591,Lymphoid-B
c_1_36_592,Lymphoid-Other
c_1_36_593,Lymphoid-T
c_1_36_594,Lymphoid-B
c_1_36_595,Lymphoid-B
c_1_36_596,Lymphoid-T
c_1_36_597,Lymphoid-B
c_1_36_598,Lymphoid-T
c_1_36_599,Lymphoid-DC
c_1_36_600,Lymphoid-B
c_1_36_601,Lymphoid-B
c_1_36_602,Lymphoid-Other
c_1_36_603,Lymphoid-Other
c_1_36_604,Lymphoid-B
c_1_36_605,Lymphoid-B
c_1_36_606,Lymphoid-T
c_1_36_607,Lymphoid-B
c_1_36_608,Lymphoid-T
c_1_36_609,Lymphoid-B
c_1_36_610,Lymphoid-B
c_1_36_611,Lymphoid-B
c_1_36_612,Lymphoid-B
c_1_36_613,Lymphoid-B
c_1_36_614,Lymphoid-B
c_1_36_615,Lymphoid-Other
c_1_36_616,Lymphoid-B
c_1_36_617,Lymphoid-Other
c_1_36_618,Lymphoid-B
c_1_36_619,Lymphoid-DC
c_1_36_620,Lymphoid-DC
c_1_36_621,Lymphoid-DC
c_1_36_622,Lymphoid-DC
c_1_36_623,Lymphoid-B
c_1_36_624,Lymphoid-B
c_1_36_625,Lymphoid-B
c_1_36_626,Lymphoid-B
c_1_36_627,None
c_1_36_628,Lymphoid-Other
c_1_36_629,Lymphoid-DC
c_1_36_630,Lymphoid-DC
c_1_36_631,Lymphoid-Other
c_1_36_632,Lymphoid-B
c_1_36_633,None
c_1_36_634,Lymphoid-B
c_1_36_635,Lymphoid-DC
c_1_36_636,Lymphoid-B
c_1_36_637,Lymphoid-B
c_1_36_638,Lymphoid-Other
c_1_36_639,Lymphoid-B
c_1_36_640,Lymphoid-B
c_1_36_641,Lymphoid-T
c_1_36_642,Lymphoid-T
c_1_36_643,Lymphoid-B
c_1_36_644,Lymphoid-T
c_1_36_645,Lymphoid-B
c_1_36_646,Lymphoid-T
c_1_36_647,Lymphoid-DC
c_1_36_648,Lymphoid-Other
c_1_36_649,Lymphoid-B
c_1_36_650,Lymphoid-B
c_1_36_651,Lymphoid-B
c_1_36_652,Lymphoid-B
c_1_36_653,Lymphoid-B
c_1_36_654,None
c_1_36_655,Lymphoid-Other
c_1_36_656,Lymphoid-Other
c_1_36_657,Lymphoid-B
c_1_36_658,Lymphoid-B
c_1_36_659,Lymphoid-B
c_1_36_660,Lymphoid-B
c_1_36_661,Lymphoid-B
c_1_36_662,Lymphoid-B
c_1_36_663,Lymphoid-B
c_1_36_664,Lymphoid-B
c_1_36_665,Lymphoid-DC
c_1_36_666,Lymphoid-B
c_1_36_667,Lymphoid-B
c_1_36_668,Lymphoid-Other
c_1_36_669,Lymphoid-T
c_1_36_670,Lymphoid-DC
c_1_36_671,Lymphoid-T
c_1_36_672,Lymphoid-B
c_1_36_673,Lymphoid-B
c_1_36_674,Lymphoid-B
c_1_36_675,Lymphoid-T
c_1_36_676,Lymphoid-B
c_1_36_677,Lymphoid-B
c_1_36_678,Lymphoid-T
c_1_36_679,Lymphoid-DC
c_1_36_680,None
c_1_36_681,Lymphoid-T
c_1_36_682,Lymphoid-B
c_1_36_683,Lymphoid-B
c_1_36_684,Lymphoid-DC
c_1_36_685,Lymphoid-B
c_1_36_686,Lymphoid-B
c_1_36_687,None
c_1_36_688,Lymphoid-B
c_1_36_689,Lymphoid-Other
c_1_36_690,Lymphoid-B
c_1_36_691,Lymphoid-B
c_1_36_692,Lymphoid-Other
c_1_36_693,Lymphoid-Other
c_1_36_694,Lymphoid-B
c_1_36_695,Lymphoid-B
c_1_36_696,Lymphoid-B
c_1_36_697,Epithelial
c_1_36_698,Lymphoid-DC
c_1_36_699,Lymphoid-B
c_1_36_700,Lymphoid-Other
c_1_36_701,Myeloid
c_1_36_702,Lymphoid-B
c_1_36_703,Lymphoid-T
c_1_36_704,Lymphoid-B
c_1_36_705,Lymphoid-B
c_1_36_706,Lymphoid-B
c_1_36_707,Lymphoid-B
c_1_36_708,Lymphoid-B
c_1_36_709,Lymphoid-DC
c_1_36_710,Lymphoid-T
c_1_36_711,Lymphoid-B
c_1_36_712,Lymphoid-Other
c_1_36_713,Lymphoid-B
c_1_36_714,Lymphoid-B
c_1_36_715,Lymphoid-B
c_1_36_716,Lymphoid-Other
c_1_36_717,Lymphoid-B
c_1_36_718,Lymphoid-T
c_1_36_719,Lymphoid-B
c_1_36_720,Lymphoid-B
c_1_36_721,Lymphoid-DC
c_1_36_722,None
c_1_36_723,Lymphoid-B
c_1_36_724,Lymphoid-B
c_1_36_725,Lymphoid-B
c_1_36_726,Lymphoid-Other
c_1_36_727,Lymphoid-B
c_1_36_728,Lymphoid-B
c_1_36_729,Lymphoid-Other
c_1_36_730,Lymphoid-T
c_1_36_731,Lymphoid-B
c_1_36_732,Lymphoid-Other
c_1_36_733,Lymphoid-B
c_1_36_734,None
c_1_36_735,Lymphoid-B
c_1_36_736,Lymphoid-T
c_1_36_737,Lymphoid-B
c_1_36_738,Lymphoid-B
c_1_36_739,Lymphoid-Other
c_1_36_740,Lymphoid-T
c_1_36_741,Lymphoid-Other
c_1_36_742,Lymphoid-B
c_1_36_743,Lymphoid-T
c_1_36_744,Lymphoid-B
c_1_36_745,None
c_1_36_746,Lymphoid-B
c_1_36_747,Lymphoid-B
c_1_36_748,Lymphoid-Other
c_1_36_749,Lymphoid-B
c_1_36_750,Lymphoid-T
c_1_36_751,None
c_1_36_752,Lymphoid-B
c_1_36_753,Lymphoid-B
c_1_36_754,Lymphoid-B
c_1_36_755,Lymphoid-DC
c_1_36_756,Lymphoid-B
c_1_36_757,Lymphoid-DC
c_1_36_758,Lymphoid-B
c_1_36_759,Lymphoid-Other
c_1_36_760,Lymphoid-T
c_1_36_761,Lymphoid-B
c_1_36_762,Lymphoid-B
c_1_36_763,Lymphoid-Plasma
c_1_36_764,Lymphoid-B
c_1_36_765,Lymphoid-B
c_1_36_766,Lymphoid-T
c_1_36_767,Lymphoid-B
c_1_36_768,Lymphoid-T
c_1_36_769,Lymphoid-B
c_1_36_770,Lymphoid-B
c_1_36_771,Lymphoid-Other
c_1_36_772,Lymphoid-Other
c_1_36_773,Lymphoid-Other
c_1_36_774,Lymphoid-B
c_1_36_775,Lymphoid-B
c_1_36_776,Lymphoid-B
c_1_36_777,Lymphoid-T
c_1_36_778,Lymphoid-Other
c_1_36_779,Lymphoid-B
c_1_36_780,Lymphoid-B
c_1_36_781,Lymphoid-DC
c_1_36_782,Lymphoid-T
c_1_36_783,Lymphoid-B
c_1_36_784,Lymphoid-Other
c_1_36_785,Lymphoid-T
c_1_36_786,Lymphoid-T
c_1_36_787,Lymphoid-B
c_1_36_788,Endothelial
c_1_36_789,Lymphoid-B
c_1_36_790,Lymphoid-B
c_1_36_791,Lymphoid-B
c_1_36_792,Lymphoid-Other
c_1_36_793,Lymphoid-DC
c_1_36_794,Lymphoid-B
c_1_36_795,Lymphoid-B
c_1_36_796,Lymphoid-DC
c_1_36_797,Lymphoid-DC
c_1_36_798,Lymphoid-B
c_1_36_799,Lymphoid-B
c_1_36_800,Lymphoid-B
c_1_36_801,Lymphoid-DC
c_1_36_802,Lymphoid-B
c_1_36_803,Lymphoid-B
c_1_36_804,None
c_1_36_805,Lymphoid-T
c_1_36_806,Lymphoid-B
c_1_36_807,Lymphoid-B
c_1_36_808,Lymphoid-T
c_1_36_809,Lymphoid-B
c_1_36_810,Lymphoid-Other
c_1_36_811,Lymphoid-T
c_1_36_812,Lymphoid-T
c_1_36_813,Lymphoid-B
c_1_36_814,Lymphoid-B
c_1_36_815,Lymphoid-B
c_1_36_816,Lymphoid-Other
c_1_36_817,Lymphoid-B
c_1_36_818,Lymphoid-B
c_1_36_819,Lymphoid-B
c_1_36_820,Lymphoid-B
c_1_36_821,Lymphoid-B
c_1_36_822,Lymphoid-B
c_1_36_823,Lymphoid-B
c_1_36_824,Lymphoid-T
c_1_36_825,Lymphoid-B
c_1_36_826,Lymphoid-T
c_1_36_827,Lymphoid-T
c_1_36_828,Lymphoid-B
c_1_36_829,Lymphoid-B
c_1_36_830,Lymphoid-DC
c_1_36_831,Lymphoid-B
c_1_36_832,Lymphoid-DC
c_1_36_833,Lymphoid-B
c_1_36_834,Lymphoid-B
c_1_36_835,Lymphoid-T
c_1_36_836,Lymphoid-T
c_1_36_837,Lymphoid-B
c_1_36_838,Lymphoid-T
c_1_36_839,Lymphoid-B
c_1_36_840,Lymphoid-B
c_1_36_841,Lymphoid-Other
c_1_36_842,Lymphoid-B
c_1_36_843,Lymphoid-B
c_1_36_844,Lymphoid-B
c_1_36_845,Lymphoid-B
c_1_36_846,Lymphoid-B
c_1_36_847,Lymphoid-B
c_1_36_848,Lymphoid-B
c_1_36_849,Lymphoid-T
c_1_36_850,Lymphoid-B
c_1_36_851,Lymphoid-B
c_1_36_852,Lymphoid-B
c_1_36_853,Lymphoid-B
c_1_36_854,Lymphoid-Other
c_1_36_855,Lymphoid-B
c_1_36_856,Lymphoid-B
c_1_36_857,Lymphoid-B
c_1_36_858,Lymphoid-B
c_1_36_859,Lymphoid-B
c_1_36_860,Lymphoid-B
c_1_36_861,Lymphoid-Other
c_1_36_862,Lymphoid-Plasma
c_1_36_863,Lymphoid-B
c_1_36_864,Lymphoid-B
c_1_36_865,Lymphoid-B
c_1_36_866,Lymphoid-DC
c_1_36_867,Lymphoid-Plasma
c_1_36_868,Lymphoid-B
c_1_36_869,Lymphoid-B
c_1_36_870,Lymphoid-T
c_1_36_871,Lymphoid-Other
c_1_36_872,Lymphoid-DC
c_1_36_873,Lymphoid-B
c_1_36_874,Lymphoid-B
c_1_36_875,Lymphoid-B
c_1_36_876,Lymphoid-B
c_1_36_877,Lymphoid-B
c_1_36_878,Lymphoid-B
c_1_36_879,Lymphoid-B
c_1_36_880,Lymphoid-Other
c_1_36_881,Epithelial
c_1_36_882,Lymphoid-DC
c_1_36_883,Lymphoid-Other
c_1_36_884,Lymphoid-B
c_1_36_885,Lymphoid-DC
c_1_36_886,Lymphoid-B
c_1_36_887,Lymphoid-Other
c_1_36_888,Lymphoid-B
c_1_36_889,Lymphoid-DC
c_1_36_890,Lymphoid-B
c_1_36_891,Lymphoid-DC
c_1_36_892,Lymphoid-B
c_1_36_893,Lymphoid-B
c_1_36_894,Lymphoid-B
c_1_36_895,Lymphoid-Other
c_1_36_896,Lymphoid-B
c_1_36_897,Lymphoid-B
c_1_36_898,Lymphoid-Other
c_1_36_899,Lymphoid-B
c_1_36_900,Lymphoid-B
c_1_36_901,Lymphoid-B
c_1_36_902,Lymphoid-B
c_1_36_903,Lymphoid-Other
c_1_36_904,Lymphoid-Other
c_1_36_905,Lymphoid-Other
c_1_36_906,Lymphoid-Other
c_1_36_907,Lymphoid-T
c_1_36_908,Lymphoid-Other
c_1_36_909,Lymphoid-T
c_1_36_910,Lymphoid-B
c_1_36_911,Lymphoid-Other
c_1_36_912,Lymphoid-DC
c_1_36_913,Lymphoid-B
c_1_36_914,Lymphoid-B
c_1_36_915,Lymphoid-B
c_1_36_916,Lymphoid-B
c_1_36_917,Lymphoid-Other
c_1_36_918,Lymphoid-B
c_1_36_919,Lymphoid-Other
c_1_36_920,Lymphoid-B
c_1_36_921,Lymphoid-Other
c_1_36_922,Lymphoid-T
c_1_36_923,Lymphoid-DC
c_1_36_924,Lymphoid-DC
c_1_36_925,Lymphoid-B
c_1_36_926,Lymphoid-B
c_1_36_927,Lymphoid-B
c_1_36_928,Lymphoid-Plasma
c_1_36_929,Lymphoid-B
c_1_36_930,Lymphoid-DC
c_1_36_931,Lymphoid-B
c_1_36_932,Lymphoid-B
c_1_36_933,Lymphoid-DC
c_1_36_934,Lymphoid-Other
c_1_36_935,Lymphoid-B
c_1_36_936,Lymphoid-T
c_1_36_937,Lymphoid-DC
c_1_36_938,Lymphoid-Other
c_1_36_939,Lymphoid-B
c_1_36_940,Lymphoid-B
c_1_36_941,Lymphoid-B
c_1_36_942,Lymphoid-B
c_1_36_943,Lymphoid-B
c_1_36_944,Lymphoid-DC
c_1_36_945,Lymphoid-B
c_1_36_946,Lymphoid-B
c_1_36_947,Lymphoid-B
c_1_36_948,Lymphoid-B
c_1_36_949,Lymphoid-B
c_1_36_950,Lymphoid-B
c_1_36_951,Lymphoid-B
c_1_36_952,Lymphoid-B
c_1_36_953,Lymphoid-T
c_1_36_954,None
c_1_36_955,Lymphoid-B
c_1_36_956,Lymphoid-B
c_1_36_957,Lymphoid-DC
c_1_36_958,Lymphoid-DC
c_1_36_959,Lymphoid-B
c_1_36_960,Lymphoid-B
c_1_36_961,Lymphoid-Other
c_1_36_962,Lymphoid-B
c_1_36_963,Lymphoid-T
c_1_36_964,Lymphoid-Other
c_1_36_965,Lymphoid-B
c_1_36_966,Lymphoid-T
c_1_36_967,Lymphoid-B
c_1_36_968,Lymphoid-Other
c_1_36_969,Lymphoid-Other
c_1_36_970,Lymphoid-B
c_1_36_971,Lymphoid-B
c_1_36_972,Lymphoid-B
c_1_36_973,Lymphoid-Other
c_1_36_974,Lymphoid-B
c_1_36_975,Lymphoid-T
c_1_36_976,Lymphoid-B
c_1_36_977,Lymphoid-B
c_1_36_978,Lymphoid-B
c_1_36_979,Lymphoid-B
c_1_36_980,Lymphoid-B
c_1_36_981,Lymphoid-B
c_1_36_982,Lymphoid-Other
c_1_36_983,Lymphoid-B
c_1_36_984,Lymphoid-B
c_1_36_985,Lymphoid-B
c_1_36_986,Lymphoid-B
c_1_36_987,Lymphoid-Other
c_1_36_988,Lymphoid-B
c_1_36_989,Lymphoid-B
c_1_36_990,Lymphoid-DC
c_1_36_991,Lymphoid-B
c_1_36_992,Lymphoid-B
c_1_36_993,Lymphoid-B
c_1_36_994,Epithelial
c_1_36_995,Lymphoid-DC
c_1_36_996,Lymphoid-DC
c_1_36_997,Lymphoid-B
c_1_36_998,Lymphoid-DC
c_1_36_999,Lymphoid-T
c_1_36_1000,None
c_1_36_1001,Lymphoid-T
c_1_36_1002,Lymphoid-T
c_1_36_1003,Lymphoid-B
c_1_36_1004,Lymphoid-B
c_1_36_1005,Lymphoid-B
c_1_36_1006,Myeloid
c_1_36_1007,Lymphoid-DC
c_1_36_1008,Lymphoid-Other
c_1_36_1009,Lymphoid-B
c_1_36_1010,Lymphoid-Other
c_1_36_1011,Lymphoid-B
c_1_36_1012,Lymphoid-B
c_1_36_1013,Lymphoid-B
c_1_36_1014,None
c_1_36_1015,Lymphoid-B
c_1_36_1016,Lymphoid-B
c_1_36_1017,Lymphoid-Other
c_1_36_1018,Lymphoid-Other
c_1_36_1019,Lymphoid-Other
c_1_36_1020,Lymphoid-DC
c_1_36_1021,Lymphoid-B
c_1_36_1022,Lymphoid-B
c_1_36_1023,Lymphoid-B
c_1_36_1024,Lymphoid-B
c_1_36_1025,Lymphoid-DC
c_1_36_1026,Lymphoid-B
c_1_36_1027,Lymphoid-B
c_1_36_1028,Lymphoid-B
c_1_36_1029,Lymphoid-Other
c_1_36_1030,Lymphoid-Other
c_1_36_1031,None
c_1_36_1032,Lymphoid-B
c_1_36_1033,Lymphoid-Other
c_1_36_1034,Lymphoid-B
c_1_36_1035,Lymphoid-B
c_1_36_1036,Lymphoid-Other
c_1_36_1037,Lymphoid-B
c_1_36_1038,Lymphoid-DC
c_1_36_1039,Lymphoid-Other
c_1_36_1040,Lymphoid-DC
c_1_36_1041,Lymphoid-Other
c_1_36_1042,Lymphoid-B
c_1_36_1043,Lymphoid-B
c_1_36_1044,Lymphoid-DC
c_1_36_1045,Lymphoid-T
c_1_36_1046,Lymphoid-Other
c_1_36_1047,Lymphoid-B
c_1_36_1048,Lymphoid-B
c_1_36_1049,Lymphoid-B
c_1_36_1050,Lymphoid-B
c_1_36_1051,Myeloid
c_1_36_1052,Lymphoid-DC
c_1_36_1053,Lymphoid-B
c_1_36_1054,Lymphoid-B
c_1_36_1055,Lymphoid-Other
c_1_36_1056,Lymphoid-B
c_1_36_1057,Lymphoid-B
c_1_36_1058,Lymphoid-Other
c_1_36_1059,Lymphoid-B
c_1_36_1060,Lymphoid-B
c_1_36_1061,Lymphoid-B
c_1_36_1062,Lymphoid-DC
c_1_36_1063,Lymphoid-B
c_1_36_1064,Lymphoid-B
c_1_36_1065,Lymphoid-B
c_1_36_1066,Lymphoid-Other
c_1_36_1067,Lymphoid-B
c_1_36_1068,Lymphoid-B
c_1_36_1069,Lymphoid-T
c_1_36_1070,Lymphoid-T
c_1_36_1071,Lymphoid-B
c_1_36_1072,Lymphoid-Other
c_1_36_1073,Lymphoid-DC
c_1_36_1074,Lymphoid-Other
c_1_36_1075,Lymphoid-B
c_1_36_1076,Lymphoid-B
c_1_36_1077,Lymphoid-DC
c_1_36_1078,Lymphoid-DC
c_1_36_1079,Lymphoid-T
c_1_36_1080,Lymphoid-B
c_1_36_1081,Lymphoid-T
c_1_36_1082,Lymphoid-Other
c_1_36_1083,Lymphoid-B
c_1_36_1084,Lymphoid-B
c_1_36_1085,Lymphoid-B
c_1_36_1086,Lymphoid-B
c_1_36_1087,Lymphoid-B
c_1_36_1088,Lymphoid-Other
c_1_36_1089,Lymphoid-B
c_1_36_1090,Lymphoid-Other
c_1_36_1091,Lymphoid-B
c_1_36_1092,Lymphoid-DC
c_1_36_1093,Lymphoid-B
c_1_36_1094,Lymphoid-DC
c_1_36_1095,Lymphoid-B
c_1_36_1096,Lymphoid-B
c_1_36_1097,Lymphoid-B
c_1_36_1098,Lymphoid-B
c_1_36_1099,Lymphoid-B
c_1_36_1100,Lymphoid-DC
c_1_36_1101,Lymphoid-B
c_1_36_1102,Lymphoid-B
c_1_36_1103,Lymphoid-B
c_1_36_1104,Lymphoid-B
c_1_36_1105,Lymphoid-B
c_1_36_1106,Lymphoid-Other
c_1_36_1107,Lymphoid-B
c_1_36_1108,Lymphoid-B
c_1_36_1109,Lymphoid-B
c_1_36_1110,Lymphoid-B
c_1_36_1111,Lymphoid-B
c_1_36_1112,Lymphoid-DC
c_1_36_1113,Lymphoid-DC
c_1_36_1114,Lymphoid-B
c_1_36_1115,Lymphoid-Other
c_1_36_1116,Lymphoid-Other
c_1_36_1117,Lymphoid-B
c_1_36_1118,Lymphoid-B
c_1_36_1119,Lymphoid-Other
c_1_36_1120,Lymphoid-B
c_1_36_1121,Lymphoid-B
c_1_36_1122,Lymphoid-B
c_1_36_1123,Lymphoid-Other
c_1_36_1124,Lymphoid-T
c_1_36_1125,Lymphoid-B
c_1_36_1126,Lymphoid-Other
c_1_36_1127,Lymphoid-B
c_1_36_1128,None
c_1_36_1129,Lymphoid-B
c_1_36_1130,Lymphoid-B
c_1_36_1131,Lymphoid-B
c_1_36_1132,None
c_1_36_1133,Lymphoid-Other
c_1_36_1134,Lymphoid-B
c_1_36_1135,Lymphoid-T
c_1_36_1136,None
c_1_36_1137,Lymphoid-B
c_1_36_1138,Lymphoid-B
c_1_36_1139,Lymphoid-B
c_1_36_1140,Lymphoid-B
c_1_36_1141,Lymphoid-B
c_1_36_1142,Lymphoid-T
c_1_36_1143,Lymphoid-Other
c_1_36_1144,Lymphoid-B
c_1_36_1145,Lymphoid-Other
c_1_36_1146,Lymphoid-B
c_1_36_1147,Lymphoid-B
c_1_36_1148,Lymphoid-DC
c_1_36_1149,Lymphoid-Other
c_1_36_1150,Lymphoid-B
c_1_36_1151,Lymphoid-Other
c_1_36_1152,Lymphoid-Other
c_1_36_1153,Lymphoid-Plasma
c_1_36_1154,Lymphoid-Other
c_1_36_1155,Lymphoid-B
c_1_36_1156,Lymphoid-Other
c_1_36_1157,Lymphoid-Other
c_1_36_1158,Lymphoid-B
c_1_36_1159,Lymphoid-B
c_1_36_1160,Lymphoid-Other
c_1_36_1161,Lymphoid-B
c_1_36_1162,Lymphoid-Other
c_1_36_1163,Lymphoid-Other
c_1_36_1164,Lymphoid-B
c_1_36_1165,Lymphoid-B
c_1_36_1166,Lymphoid-Other
c_1_36_1167,Lymphoid-Other
c_1_36_1168,Lymphoid-B
c_1_36_1169,Lymphoid-Other
c_1_36_1170,Myeloid
c_1_36_1171,Lymphoid-B
c_1_36_1172,Lymphoid-Other
c_1_36_1173,Lymphoid-B
c_1_36_1174,Lymphoid-B
c_1_36_1175,Lymphoid-Plasma
c_1_36_1176,Lymphoid-B
c_1_36_1177,Lymphoid-B
c_1_36_1178,Lymphoid-B
c_1_36_1179,Lymphoid-Other
c_1_36_1180,Lymphoid-B
c_1_36_1181,Lymphoid-B
c_1_36_1182,Lymphoid-B
c_1_36_1183,Lymphoid-B
c_1_36_1184,Lymphoid-B
c_1_36_1185,Lymphoid-B
c_1_36_1186,Lymphoid-Plasma
c_1_36_1187,Lymphoid-B
c_1_36_1188,None
c_1_36_1189,Lymphoid-B
c_1_36_1190,Lymphoid-B
c_1_36_1191,Lymphoid-Other
c_1_36_1192,Lymphoid-DC
c_1_36_1193,Lymphoid-DC
c_1_36_1194,Lymphoid-B
c_1_36_1195,Lymphoid-B
c_1_36_1196,Lymphoid-DC
c_1_36_1197,Lymphoid-B
c_1_36_1198,Lymphoid-B
c_1_36_1199,Lymphoid-B
c_1_36_1200,Lymphoid-Other
c_1_36_1201,Lymphoid-Other
c_1_36_1202,Lymphoid-B
c_1_36_1203,Lymphoid-B
c_1_36_1204,Lymphoid-B
c_1_36_1205,Lymphoid-B
c_1_36_1206,Lymphoid-B
c_1_36_1207,Lymphoid-B
c_1_36_1208,Lymphoid-DC
c_1_36_1209,Lymphoid-DC
c_1_36_1210,None
c_1_36_1211,Lymphoid-B
c_1_36_1212,Lymphoid-Other
c_1_36_1213,Lymphoid-B
c_1_36_1214,Lymphoid-B
c_1_36_1215,Lymphoid-Plasma
c_1_36_1216,Lymphoid-T
c_1_36_1217,Lymphoid-B
c_1_36_1218,Lymphoid-B
c_1_36_1219,Lymphoid-B
c_1_36_1220,Lymphoid-Other
c_1_36_1221,Lymphoid-B
c_1_36_1222,Lymphoid-B
c_1_36_1223,Lymphoid-B
c_1_36_1224,Lymphoid-B
c_1_36_1225,Lymphoid-DC
c_1_36_1226,Lymphoid-Other
c_1_36_1227,Lymphoid-B
c_1_36_1228,Lymphoid-T
c_1_36_1229,Lymphoid-B
c_1_36_1230,Lymphoid-B
c_1_36_1231,Lymphoid-B
c_1_36_1232,Lymphoid-B
c_1_36_1233,Lymphoid-B
c_1_36_1234,Lymphoid-B
c_1_36_1235,Lymphoid-B
c_1_36_1236,Lymphoid-Other
c_1_36_1237,Lymphoid-DC
c_1_36_1238,Lymphoid-B
c_1_36_1239,Lymphoid-DC
c_1_36_1240,Lymphoid-B
c_1_36_1241,Lymphoid-Other
c_1_36_1242,Lymphoid-Other
c_1_36_1243,Lymphoid-B
c_1_36_1244,Lymphoid-Other
c_1_36_1245,Lymphoid-T
c_1_36_1246,Lymphoid-B
c_1_36_1247,Lymphoid-B
c_1_36_1248,Lymphoid-B
c_1_36_1249,Lymphoid-DC
c_1_36_1250,Lymphoid-B
c_1_36_1251,Lymphoid-B
c_1_36_1252,Lymphoid-B
c_1_36_1253,Lymphoid-Other
c_1_36_1254,Lymphoid-B
c_1_36_1255,Lymphoid-DC
c_1_36_1256,Lymphoid-B
c_1_36_1257,Lymphoid-B
c_1_36_1258,Lymphoid-DC
c_1_36_1259,Lymphoid-B
c_1_36_1260,Lymphoid-B
c_1_36_1261,Lymphoid-B
c_1_36_1262,Lymphoid-B
c_1_36_1263,Lymphoid-B
c_1_36_1264,Lymphoid-B
c_1_36_1265,Lymphoid-Other
c_1_36_1266,Lymphoid-Other
c_1_36_1267,Lymphoid-B
c_1_36_1268,Lymphoid-B
c_1_36_1269,Lymphoid-Other
c_1_36_1270,Lymphoid-T
c_1_36_1271,Lymphoid-B
c_1_36_1272,Lymphoid-B
c_1_36_1273,Lymphoid-Other
c_1_36_1274,Lymphoid-B
c_1_36_1275,Lymphoid-DC
c_1_36_1276,Lymphoid-Other
c_1_36_1277,Lymphoid-Plasma
c_1_36_1278,Lymphoid-DC
c_1_36_1279,Lymphoid-B
c_1_36_1280,Lymphoid-Plasma
c_1_36_1281,Lymphoid-B
c_1_36_1282,Lymphoid-Other
c_1_36_1283,Lymphoid-B
c_1_36_1284,Lymphoid-B
c_1_36_1285,Lymphoid-B
c_1_36_1286,Lymphoid-Other
c_1_36_1287,Lymphoid-B
c_1_36_1288,None
c_1_36_1289,Lymphoid-B
c_1_36_1290,Lymphoid-Other
c_1_36_1291,Lymphoid-Other
c_1_36_1292,None
c_1_36_1293,Lymphoid-B
c_1_36_1294,Lymphoid-Other
c_1_36_1295,Lymphoid-B
c_1_36_1296,Lymphoid-T
c_1_36_1297,Lymphoid-B
c_1_36_1298,Lymphoid-B
c_1_36_1299,Lymphoid-T
c_1_36_1300,Lymphoid-B
c_1_36_1301,Lymphoid-DC
c_1_36_1302,Lymphoid-Plasma
c_1_36_1303,Lymphoid-B
c_1_36_1304,Lymphoid-B
c_1_36_1305,Lymphoid-B
c_1_36_1306,Lymphoid-DC
c_1_36_1307,Lymphoid-B
c_1_36_1308,Lymphoid-B
c_1_36_1309,Lymphoid-B
c_1_36_1310,Lymphoid-Other
c_1_36_1311,Lymphoid-B
c_1_36_1312,Lymphoid-B
c_1_36_1313,Lymphoid-B
c_1_36_1314,Lymphoid-Other
c_1_36_1315,Lymphoid-B
c_1_36_1316,Lymphoid-Other
c_1_36_1317,Lymphoid-B
c_1_36_1318,Epithelial
c_1_36_1319,Lymphoid-B
c_1_36_1320,Lymphoid-B
c_1_36_1321,Lymphoid-B
c_1_36_1322,Lymphoid-B
c_1_36_1323,Lymphoid-B
c_1_36_1324,Lymphoid-Other
c_1_36_1325,Lymphoid-B
c_1_36_1326,Lymphoid-B
c_1_36_1327,Lymphoid-B
c_1_36_1328,Endothelial
c_1_36_1329,Lymphoid-B
c_1_36_1330,Lymphoid-Other
c_1_36_1331,Lymphoid-B
c_1_36_1332,Lymphoid-B
c_1_36_1333,Lymphoid-B
c_1_36_1334,Lymphoid-T
c_1_36_1335,Lymphoid-B
c_1_36_1336,Lymphoid-B
c_1_36_1337,Lymphoid-B
c_1_36_1338,Lymphoid-B
c_1_36_1339,Lymphoid-B
c_1_36_1340,Lymphoid-B
c_1_36_1341,Lymphoid-B
c_1_36_1342,Lymphoid-B
c_1_36_1343,Lymphoid-B
c_1_36_1344,Lymphoid-Other
c_1_36_1345,Lymphoid-B
c_1_36_1346,None
c_1_36_1347,Lymphoid-B
c_1_36_1348,Lymphoid-Plasma
c_1_36_1349,Lymphoid-B
c_1_36_1350,Lymphoid-T
c_1_36_1351,Lymphoid-Other
c_1_36_1352,Lymphoid-B
c_1_36_1353,Lymphoid-B
c_1_36_1354,Lymphoid-B
c_1_36_1355,Endothelial
c_1_36_1356,Lymphoid-Other
c_1_36_1357,Lymphoid-B
c_1_36_1358,Lymphoid-B
c_1_36_1359,Lymphoid-Other
c_1_36_1360,Lymphoid-B
c_1_36_1361,Lymphoid-B
c_1_36_1362,Lymphoid-B
c_1_36_1363,Lymphoid-B
c_1_36_1364,Lymphoid-DC
c_1_36_1365,Lymphoid-B
c_1_36_1366,Lymphoid-B
c_1_36_1367,Lymphoid-T
c_1_36_1368,Lymphoid-B
c_1_36_1369,Lymphoid-B
c_1_36_1370,Lymphoid-B
c_1_36_1371,Lymphoid-T
c_1_36_1372,Lymphoid-DC
c_1_36_1373,Lymphoid-DC
c_1_36_1374,Lymphoid-Other
c_1_36_1375,Lymphoid-B
c_1_36_1376,Lymphoid-B
c_1_36_1377,Lymphoid-B
c_1_36_1378,Lymphoid-T
c_1_36_1379,Lymphoid-Other
c_1_36_1380,Lymphoid-T
c_1_36_1381,Lymphoid-B
c_1_36_1382,Lymphoid-B
c_1_36_1383,Lymphoid-DC
c_1_36_1384,Lymphoid-Other
c_1_36_1385,Lymphoid-B
c_1_36_1386,Lymphoid-B
c_1_36_1387,Lymphoid-DC
c_1_36_1388,Lymphoid-DC
c_1_36_1389,Lymphoid-B
c_1_36_1390,Lymphoid-B
c_1_36_1391,Lymphoid-B
c_1_36_1392,Myeloid
c_1_36_1393,Lymphoid-B
c_1_36_1394,Lymphoid-B
c_1_36_1395,Lymphoid-Other
c_1_36_1396,Lymphoid-B
c_1_36_1397,Lymphoid-B
c_1_36_1398,Lymphoid-B
c_1_36_1399,Lymphoid-Other
c_1_36_1400,Lymphoid-DC
c_1_36_1401,Lymphoid-B
c_1_36_1402,Lymphoid-B
c_1_36_1403,Lymphoid-B
c_1_36_1404,Lymphoid-B
c_1_36_1405,Lymphoid-B
c_1_36_1406,Lymphoid-B
c_1_36_1407,Lymphoid-Other
c_1_36_1408,Lymphoid-B
c_1_36_1409,Lymphoid-B
c_1_36_1410,Lymphoid-DC
c_1_36_1411,Lymphoid-DC
c_1_36_1412,Lymphoid-T
c_1_36_1413,Lymphoid-B
c_1_36_1414,Lymphoid-B
c_1_36_1415,Lymphoid-B
c_1_36_1416,Lymphoid-Other
c_1_36_1417,Lymphoid-Other
c_1_36_1418,Lymphoid-T
c_1_36_1419,Lymphoid-Plasma
c_1_36_1420,Lymphoid-DC
c_1_36_1421,Lymphoid-B
c_1_36_1422,Lymphoid-DC
c_1_36_1423,Lymphoid-Other
c_1_36_1424,Lymphoid-DC
c_1_36_1425,Lymphoid-T
c_1_36_1426,Lymphoid-B
c_1_36_1427,Lymphoid-B
c_1_36_1428,Lymphoid-T
c_1_36_1429,Lymphoid-B
c_1_36_1430,Lymphoid-DC
c_1_36_1431,Lymphoid-B
c_1_36_1432,Lymphoid-B
c_1_36_1433,Lymphoid-DC
c_1_36_1434,Lymphoid-Other
c_1_36_1435,Lymphoid-B
c_1_36_1436,Lymphoid-B
c_1_36_1437,Lymphoid-Other
c_1_36_1438,Lymphoid-B
c_1_36_1439,Lymphoid-DC
c_1_36_1440,Lymphoid-DC
c_1_36_1441,Lymphoid-B
c_1_36_1442,Lymphoid-B
c_1_36_1443,Lymphoid-B
c_1_36_1444,Lymphoid-Other
c_1_36_1445,Lymphoid-B
c_1_36_1446,Lymphoid-DC
c_1_36_1447,Lymphoid-B
c_1_36_1448,Lymphoid-Other
c_1_36_1449,Lymphoid-Other
c_1_36_1450,Lymphoid-B
c_1_36_1451,Lymphoid-B
c_1_36_1452,Lymphoid-DC
c_1_36_1453,Lymphoid-B
c_1_36_1454,Lymphoid-DC
c_1_36_1455,Lymphoid-T
c_1_36_1456,Lymphoid-B
c_1_36_1457,Lymphoid-B
c_1_36_1458,Lymphoid-DC
c_1_36_1459,Lymphoid-Other
c_1_36_1460,Lymphoid-Other
c_1_36_1461,Lymphoid-Other
c_1_36_1462,Lymphoid-Other
c_1_36_1463,Lymphoid-T
c_1_36_1464,Lymphoid-Other
c_1_36_1465,Lymphoid-DC
c_1_36_1466,Lymphoid-B
c_1_36_1467,Lymphoid-B
c_1_36_1468,Lymphoid-DC
c_1_36_1469,Lymphoid-B
c_1_36_1470,Lymphoid-B
c_1_36_1471,Lymphoid-Other
c_1_36_1472,Lymphoid-B
c_1_36_1473,Myeloid
c_1_36_1474,Lymphoid-B
c_1_36_1475,Lymphoid-DC
c_1_36_1476,Lymphoid-T
c_1_36_1477,Lymphoid-B
c_1_36_1478,Lymphoid-DC
c_1_36_1479,Lymphoid-T
c_1_36_1480,Lymphoid-Other
c_1_36_1481,Lymphoid-B
c_1_36_1482,Lymphoid-DC
c_1_36_1483,Endothelial
c_1_36_1484,Lymphoid-T
c_1_36_1485,Lymphoid-Other
c_1_36_1486,Lymphoid-DC
c_1_36_1487,Lymphoid-DC
c_1_36_1488,Lymphoid-DC
c_1_36_1489,Lymphoid-DC
c_1_36_1490,Lymphoid-B
c_1_36_1491,Lymphoid-B
c_1_36_1492,Lymphoid-B
c_1_36_1493,Lymphoid-B
c_1_36_1494,Lymphoid-Other
c_1_36_1495,Lymphoid-DC
c_1_36_1496,Lymphoid-B
c_1_36_1497,Lymphoid-B
c_1_36_1498,Lymphoid-DC
c_1_36_1499,Lymphoid-B
c_1_36_1500,Lymphoid-B
c_1_36_1501,Lymphoid-B
c_1_36_1502,Lymphoid-B
c_1_36_1503,Lymphoid-B
c_1_36_1504,Lymphoid-DC
c_1_36_1505,Lymphoid-B
c_1_36_1506,Lymphoid-B
c_1_36_1507,Lymphoid-T
c_1_36_1508,Lymphoid-Other
c_1_36_1509,Lymphoid-B
c_1_36_1510,Lymphoid-Other
c_1_36_1511,Lymphoid-B
c_1_36_1512,Lymphoid-B
c_1_36_1513,Lymphoid-Other
c_1_36_1514,Lymphoid-B
c_1_36_1515,Lymphoid-B
c_1_36_1516,Lymphoid-B
c_1_36_1517,Lymphoid-B
c_1_36_1518,Lymphoid-B
c_1_36_1519,Lymphoid-B
c_1_36_1520,Lymphoid-Other
c_1_36_1521,Lymphoid-DC
c_1_36_1522,Lymphoid-B
c_1_36_1523,Lymphoid-B
c_1_36_1524,Lymphoid-B
c_1_36_1525,Lymphoid-B
c_1_36_1526,Lymphoid-B
c_1_36_1527,Lymphoid-B
c_1_36_1528,Lymphoid-B
c_1_36_1529,Lymphoid-B
c_1_36_1530,Lymphoid-B
c_1_36_1531,Lymphoid-DC
c_1_36_1532,Lymphoid-B
c_1_36_1533,Lymphoid-B
c_1_36_1534,Lymphoid-B
c_1_36_1535,Lymphoid-B
c_1_36_1536,Lymphoid-DC
c_1_36_1537,Lymphoid-B
c_1_36_1538,Lymphoid-T
c_1_36_1539,Lymphoid-B
c_1_36_1540,Lymphoid-DC
c_1_36_1541,Lymphoid-B
c_1_36_1542,Lymphoid-Other
c_1_36_1543,Lymphoid-B
c_1_36_1544,None
c_1_36_1545,Lymphoid-B
c_1_36_1546,Lymphoid-B
c_1_36_1547,Lymphoid-B
c_1_36_1548,Lymphoid-B
c_1_36_1549,Lymphoid-DC
c_1_36_1550,Lymphoid-Other
c_1_36_1551,Lymphoid-Other
c_1_36_1552,Lymphoid-DC
c_1_36_1553,Lymphoid-B
c_1_36_1554,Lymphoid-B
c_1_36_1555,Lymphoid-Other
c_1_36_1556,Lymphoid-B
c_1_36_1557,Lymphoid-B
c_1_36_1558,Lymphoid-B
c_1_36_1559,Lymphoid-DC
c_1_36_1560,Lymphoid-T
c_1_36_1561,Lymphoid-B
c_1_36_1562,Lymphoid-Other
c_1_36_1563,Lymphoid-Other
c_1_36_1564,Lymphoid-B
c_1_36_1565,Lymphoid-B
c_1_36_1566,Lymphoid-Other
c_1_36_1567,Lymphoid-B
c_1_36_1568,Lymphoid-B
c_1_36_1569,Lymphoid-B
c_1_36_1570,Lymphoid-B
c_1_36_1571,Lymphoid-B
c_1_36_1572,Lymphoid-DC
c_1_36_1573,Lymphoid-B
c_1_36_1574,Lymphoid-B
c_1_36_1575,Lymphoid-B
c_1_36_1576,Lymphoid-Other
c_1_36_1577,Lymphoid-B
c_1_36_1578,Lymphoid-B
c_1_36_1579,Lymphoid-B
c_1_36_1580,Lymphoid-B
c_1_36_1581,Lymphoid-DC
c_1_36_1582,Lymphoid-Other
c_1_36_1583,Lymphoid-B
c_1_36_1584,Lymphoid-B
c_1_36_1585,Lymphoid-DC
c_1_36_1586,Lymphoid-B
c_1_36_1587,Lymphoid-B
c_1_36_1588,Lymphoid-B
c_1_36_1589,Lymphoid-DC
c_1_36_1590,Lymphoid-DC
c_1_36_1591,Lymphoid-B
c_1_36_1592,Lymphoid-B
c_1_36_1593,Lymphoid-B
c_1_36_1594,Lymphoid-Other
c_1_36_1595,Lymphoid-Other
c_1_36_1596,Lymphoid-Other
c_1_36_1597,Lymphoid-T
c_1_36_1598,Lymphoid-B
c_1_36_1599,Lymphoid-DC
c_1_36_1600,Lymphoid-B
c_1_36_1601,Lymphoid-B
c_1_36_1602,Lymphoid-T
c_1_36_1603,Lymphoid-B
c_1_36_1604,Lymphoid-B
c_1_36_1605,Lymphoid-B
c_1_36_1606,Lymphoid-B
c_1_36_1607,Lymphoid-B
c_1_36_1608,Lymphoid-B
c_1_36_1609,Lymphoid-DC
c_1_36_1610,Lymphoid-B
c_1_36_1611,Lymphoid-Other
c_1_36_1612,Lymphoid-Other
c_1_36_1613,Lymphoid-B
c_1_36_1614,Lymphoid-B
c_1_36_1615,Lymphoid-B
c_1_36_1616,Lymphoid-B
c_1_36_1617,Lymphoid-Other
c_1_36_1618,Lymphoid-Other
c_1_36_1619,Lymphoid-B
c_1_36_1620,Lymphoid-B
c_1_36_1621,Lymphoid-T
c_1_36_1622,Lymphoid-B
c_1_36_1623,Lymphoid-DC
c_1_36_1624,Lymphoid-B
c_1_36_1625,Lymphoid-T
c_1_36_1626,Lymphoid-B
c_1_36_1627,Lymphoid-DC
c_1_36_1628,Lymphoid-B
c_1_36_1629,Lymphoid-Other
c_1_36_1630,Lymphoid-B
c_1_36_1631,Lymphoid-DC
c_1_36_1632,Lymphoid-B
c_1_36_1633,Lymphoid-Other
c_1_36_1634,Lymphoid-B
c_1_36_1635,Lymphoid-B
c_1_36_1636,Lymphoid-DC
c_1_36_1637,Lymphoid-B
c_1_36_1638,Lymphoid-Other
c_1_36_1639,Lymphoid-Other
c_1_36_1640,Lymphoid-Other
c_1_36_1641,Lymphoid-B
c_1_36_1642,Lymphoid-Other
c_1_36_1643,Lymphoid-B
c_1_36_1644,Lymphoid-B
c_1_36_1645,Lymphoid-DC
c_1_36_1646,Lymphoid-B
c_1_36_1647,Lymphoid-B
c_1_36_1648,Lymphoid-B
c_1_36_1649,Lymphoid-B
c_1_36_1650,Lymphoid-B
c_1_36_1651,Lymphoid-DC
c_1_36_1652,Endothelial
c_1_36_1653,Lymphoid-B
c_1_36_1654,Lymphoid-B
c_1_36_1655,Lymphoid-T
c_1_36_1656,Lymphoid-DC
c_1_36_1657,Lymphoid-B
c_1_36_1658,Lymphoid-B
c_1_36_1659,Lymphoid-B
c_1_36_1660,Lymphoid-Other
c_1_36_1661,Lymphoid-B
c_1_36_1662,Lymphoid-B
c_1_36_1663,Lymphoid-Other
c_1_36_1664,Lymphoid-B
c_1_36_1665,Lymphoid-T
c_1_36_1666,Lymphoid-B
c_1_36_1667,Lymphoid-B
c_1_36_1668,Lymphoid-T
c_1_36_1669,Endothelial
c_1_36_1670,Lymphoid-B
c_1_36_1671,Lymphoid-B
c_1_36_1672,Lymphoid-B
c_1_36_1673,Lymphoid-DC
c_1_36_1674,Lymphoid-B
c_1_36_1675,Lymphoid-Other
c_1_36_1676,Lymphoid-Other
c_1_36_1677,Lymphoid-Other
c_1_36_1678,Lymphoid-T
c_1_36_1679,Lymphoid-T
c_1_36_1680,Lymphoid-B
c_1_36_1681,Lymphoid-B
c_1_36_1682,Lymphoid-B
c_1_36_1683,Lymphoid-B
c_1_36_1684,Lymphoid-B
c_1_36_1685,Lymphoid-Other
c_1_36_1686,Lymphoid-DC
c_1_36_1687,Lymphoid-B
c_1_36_1688,Lymphoid-B
c_1_36_1689,Lymphoid-B
c_1_36_1690,Lymphoid-B
c_1_36_1691,Lymphoid-Other
c_1_36_1692,Endothelial
c_1_36_1693,Lymphoid-B
c_1_36_1694,Lymphoid-B
c_1_36_1695,Lymphoid-B
c_1_36_1696,Lymphoid-B
c_1_36_1697,Lymphoid-B
c_1_36_1698,Lymphoid-B
c_1_36_1699,Lymphoid-B
c_1_36_1700,Lymphoid-B
c_1_36_1701,Lymphoid-Other
c_1_36_1702,Lymphoid-DC
c_1_36_1703,Lymphoid-B
c_1_36_1704,Lymphoid-B
c_1_36_1705,Lymphoid-B
c_1_36_1706,Lymphoid-Other
c_1_36_1707,Lymphoid-B
c_1_36_1708,Lymphoid-B
c_1_36_1709,Lymphoid-B
c_1_36_1710,Lymphoid-B
c_1_36_1711,Lymphoid-DC
c_1_36_1712,Lymphoid-T
c_1_36_1713,Lymphoid-B
c_1_36_1714,Endothelial
c_1_36_1715,Lymphoid-Other
c_1_36_1716,Lymphoid-DC
c_1_36_1717,Lymphoid-B
c_1_36_1718,Lymphoid-Other
c_1_36_1719,Lymphoid-B
c_1_36_1720,Lymphoid-B
c_1_36_1721,Lymphoid-B
c_1_36_1722,Lymphoid-Other
c_1_36_1723,Lymphoid-B
c_1_36_1724,Lymphoid-DC
c_1_36_1725,Lymphoid-Other
c_1_36_1726,Lymphoid-DC
c_1_36_1727,Lymphoid-B
c_1_36_1728,Lymphoid-B
c_1_36_1729,Lymphoid-DC
c_1_36_1730,Lymphoid-B
c_1_36_1731,Lymphoid-B
c_1_36_1732,Lymphoid-B
c_1_36_1733,Lymphoid-B
c_1_36_1734,Lymphoid-Other
c_1_36_1735,Lymphoid-B
c_1_36_1736,Lymphoid-B
c_1_36_1737,Lymphoid-Plasma
c_1_36_1738,Lymphoid-B
c_1_36_1739,Lymphoid-B
c_1_36_1740,Lymphoid-B
c_1_36_1741,Lymphoid-Other
c_1_36_1742,Lymphoid-B
c_1_36_1743,Lymphoid-B
c_1_36_1744,Lymphoid-B
c_1_36_1745,Lymphoid-B
c_1_36_1746,Lymphoid-Other
c_1_36_1747,Lymphoid-B
c_1_36_1748,Lymphoid-B
c_1_36_1749,Lymphoid-B
c_1_36_1750,Lymphoid-B
c_1_36_1751,Lymphoid-Other
c_1_36_1752,Lymphoid-Other
c_1_36_1753,Lymphoid-B
c_1_36_1754,Lymphoid-B
c_1_36_1755,Lymphoid-B
c_1_36_1756,Lymphoid-B
c_1_36_1757,Lymphoid-Other
c_1_36_1758,Lymphoid-B
c_1_36_1759,Lymphoid-Other
c_1_36_1760,Lymphoid-B
c_1_36_1761,Lymphoid-DC
c_1_36_1762,Lymphoid-DC
c_1_36_1763,Lymphoid-B
c_1_36_1764,Lymphoid-B
c_1_36_1765,Lymphoid-B
c_1_36_1766,Lymphoid-B
c_1_36_1767,Lymphoid-T
c_1_36_1768,Lymphoid-DC
c_1_36_1769,Lymphoid-B
c_1_36_1770,Lymphoid-B
c_1_36_1771,Lymphoid-Other
c_1_36_1772,Lymphoid-B
c_1_36_1773,Lymphoid-Other
c_1_36_1774,Lymphoid-B
c_1_36_1775,Lymphoid-B
c_1_36_1776,Lymphoid-B
c_1_36_1777,Lymphoid-B
c_1_36_1778,Lymphoid-Other
c_1_36_1779,Lymphoid-B
c_1_36_1780,Lymphoid-B
c_1_36_1781,Lymphoid-Other
c_1_36_1782,Lymphoid-Other
c_1_36_1783,Lymphoid-B
c_1_36_1784,Lymphoid-T
c_1_36_1785,Lymphoid-DC
c_1_36_1786,Lymphoid-B
c_1_36_1787,Lymphoid-B
c_1_36_1788,Lymphoid-Other
c_1_36_1789,Lymphoid-B
c_1_36_1790,Lymphoid-DC
c_1_36_1791,Lymphoid-B
c_1_36_1792,Lymphoid-Other
c_1_36_1793,Lymphoid-B
c_1_36_1794,Lymphoid-B
c_1_36_1795,Lymphoid-Other
c_1_36_1796,Lymphoid-B
c_1_36_1797,Lymphoid-B
c_1_36_1798,Lymphoid-B
c_1_36_1799,Lymphoid-B
c_1_36_1800,Lymphoid-B
c_1_36_1801,Lymphoid-B
c_1_36_1802,Lymphoid-T
c_1_36_1803,Lymphoid-B
c_1_36_1804,Lymphoid-B
c_1_36_1805,Lymphoid-B
c_1_36_1806,Lymphoid-B
c_1_36_1807,Lymphoid-Other
c_1_36_1808,Lymphoid-Other
c_1_36_1809,Lymphoid-B
c_1_36_1810,Lymphoid-T
c_1_36_1811,Lymphoid-T
c_1_36_1812,Lymphoid-B
c_1_36_1813,Lymphoid-B
c_1_36_1814,Lymphoid-B
c_1_36_1815,Lymphoid-Other
c_1_36_1816,Lymphoid-B
c_1_36_1817,Lymphoid-Other
c_1_36_1818,Lymphoid-B
c_1_36_1819,Lymphoid-B
c_1_36_1820,Lymphoid-B
c_1_36_1821,Endothelial
c_1_36_1822,Lymphoid-DC
c_1_36_1823,Lymphoid-B
c_1_36_1824,Lymphoid-B
c_1_36_1825,Lymphoid-B
c_1_36_1826,Lymphoid-B
c_1_36_1827,Lymphoid-B
c_1_36_1828,Lymphoid-B
c_1_36_1829,Lymphoid-B
c_1_36_1830,Lymphoid-Other
c_1_36_1831,Lymphoid-Other
c_1_36_1832,Lymphoid-T
c_1_36_1833,Lymphoid-B
c_1_36_1834,Lymphoid-B
c_1_36_1835,Lymphoid-B
c_1_36_1836,Lymphoid-T
c_1_36_1837,None
c_1_36_1838,Lymphoid-B
c_1_36_1839,Lymphoid-B
c_1_36_1840,Lymphoid-B
c_1_36_1841,Lymphoid-B
c_1_36_1842,Lymphoid-T
c_1_36_1843,Lymphoid-B
c_1_36_1844,Lymphoid-Other
c_1_36_1845,Lymphoid-B
c_1_36_1846,Lymphoid-DC
c_1_36_1847,Lymphoid-B
c_1_36_1848,Lymphoid-B
c_1_36_1849,Lymphoid-B
c_1_36_1850,Lymphoid-B
c_1_36_1851,Lymphoid-B
c_1_36_1852,Lymphoid-Other
c_1_36_1853,Lymphoid-B
c_1_36_1854,Lymphoid-B
c_1_36_1855,Lymphoid-B
c_1_36_1856,Lymphoid-B
c_1_36_1857,Lymphoid-B
c_1_36_1858,Lymphoid-B
c_1_36_1859,Lymphoid-B
c_1_36_1860,Lymphoid-B
c_1_36_1861,Lymphoid-Other
c_1_36_1862,Lymphoid-Other
c_1_36_1863,Lymphoid-B
c_1_36_1864,Lymphoid-B
c_1_36_1865,Lymphoid-B
c_1_36_1866,Lymphoid-Other
c_1_36_1867,Lymphoid-B
c_1_36_1868,Lymphoid-B
c_1_36_1869,Lymphoid-B
c_1_36_1870,Lymphoid-B
c_1_36_1871,Lymphoid-B
c_1_36_1872,Lymphoid-B
c_1_36_1873,Lymphoid-Other
c_1_36_1874,Lymphoid-B
c_1_36_1875,Lymphoid-B
c_1_36_1876,Lymphoid-B
c_1_36_1877,Lymphoid-B
c_1_36_1878,Lymphoid-Other
c_1_36_1879,Lymphoid-B
c_1_36_1880,Lymphoid-B
c_1_36_1881,Lymphoid-B
c_1_36_1882,Lymphoid-B
c_1_36_1883,Lymphoid-B
c_1_36_1884,Lymphoid-B
c_1_36_1885,Lymphoid-B
c_1_36_1886,Lymphoid-B
c_1_36_1887,Lymphoid-Other
c_1_36_1888,Lymphoid-Other
c_1_36_1889,Lymphoid-B
c_1_36_1890,Lymphoid-B
c_1_36_1891,Lymphoid-Other
c_1_36_1892,Lymphoid-B
c_1_36_1893,Lymphoid-B
c_1_36_1894,Lymphoid-Other
c_1_36_1895,Lymphoid-T
c_1_36_1896,Lymphoid-Other
c_1_36_1897,Lymphoid-B
c_1_36_1898,Lymphoid-Other
c_1_36_1899,Lymphoid-B
c_1_36_1900,Lymphoid-T
c_1_36_1901,Lymphoid-B
c_1_36_1902,Lymphoid-B
c_1_36_1903,Lymphoid-Other
c_1_36_1904,Lymphoid-DC
c_1_36_1905,Lymphoid-Other
c_1_36_1906,Lymphoid-B
c_1_36_1907,Lymphoid-B
c_1_36_1908,Lymphoid-B
c_1_36_1909,Lymphoid-DC
c_1_36_1910,Lymphoid-B
c_1_36_1911,Lymphoid-B
c_1_36_1912,Lymphoid-Other
c_1_36_1913,Lymphoid-B
c_1_36_1914,Lymphoid-B
c_1_36_1915,Lymphoid-B
c_1_36_1916,Lymphoid-B
c_1_36_1917,Lymphoid-B
c_1_36_1918,Lymphoid-B
c_1_36_1919,Lymphoid-B
c_1_36_1920,Lymphoid-B
c_1_36_1921,Lymphoid-B
c_1_36_1922,Lymphoid-B
c_1_36_1923,Lymphoid-Other
c_1_36_1924,Lymphoid-B
c_1_36_1925,Lymphoid-B
c_1_36_1926,Lymphoid-B
c_1_36_1927,Lymphoid-B
c_1_36_1928,Lymphoid-Other
c_1_36_1929,Lymphoid-B
c_1_36_1930,Lymphoid-B
c_1_36_1931,Lymphoid-B
c_1_36_1932,Lymphoid-B
c_1_36_1933,Lymphoid-DC
c_1_36_1934,Lymphoid-B
c_1_36_1935,Lymphoid-B
c_1_36_1936,Lymphoid-B
c_1_36_1937,Lymphoid-B
c_1_36_1938,Lymphoid-B
c_1_36_1939,Lymphoid-Other
c_1_36_1940,Lymphoid-T
c_1_36_1941,Lymphoid-B
c_1_36_1942,Lymphoid-Other
c_1_36_1943,Lymphoid-DC
c_1_36_1944,Lymphoid-Other
c_1_36_1945,Lymphoid-T
c_1_36_1946,Lymphoid-B
c_1_36_1947,Lymphoid-B
c_1_36_1948,Lymphoid-B
c_1_36_1949,Lymphoid-Other
c_1_36_1950,Lymphoid-B
c_1_36_1951,Lymphoid-B
c_1_36_1952,Lymphoid-T
c_1_36_1953,Lymphoid-B
c_1_36_1954,Lymphoid-T
c_1_36_1955,Lymphoid-B
c_1_36_1956,Lymphoid-B
c_1_36_1957,Lymphoid-B
c_1_36_1958,Lymphoid-Other
c_1_36_1959,Lymphoid-B
c_1_36_1960,Lymphoid-B
c_1_36_1961,Lymphoid-B
c_1_36_1962,Lymphoid-B
c_1_36_1963,Lymphoid-B
c_1_36_1964,Lymphoid-B
c_1_36_1965,Lymphoid-Other
c_1_36_1966,Lymphoid-B
c_1_36_1967,Lymphoid-Other
c_1_36_1968,Lymphoid-B
c_1_36_1969,Lymphoid-DC
c_1_36_1970,Lymphoid-B
c_1_36_1971,Lymphoid-B
c_1_36_1972,Lymphoid-Other
c_1_36_1973,Lymphoid-Other
c_1_36_1974,Lymphoid-B
c_1_36_1975,Lymphoid-B
c_1_36_1976,Lymphoid-B
c_1_36_1977,Lymphoid-B
c_1_36_1978,Lymphoid-Other
c_1_36_1979,Lymphoid-B
c_1_36_1980,Lymphoid-Other
c_1_36_1981,Lymphoid-B
c_1_36_1982,Lymphoid-Other
c_1_36_1983,Lymphoid-B
c_1_36_1984,Lymphoid-B
c_1_36_1985,Lymphoid-Other
c_1_36_1986,Lymphoid-B
c_1_36_1987,Lymphoid-DC
c_1_36_1988,Lymphoid-B
c_1_36_1989,Lymphoid-B
c_1_36_1990,Lymphoid-B
c_1_36_1991,Lymphoid-Other
c_1_36_1992,Lymphoid-B
c_1_36_1993,Lymphoid-T
c_1_36_1994,Lymphoid-B
c_1_36_1995,Lymphoid-B
c_1_36_1996,Lymphoid-B
c_1_36_1997,Lymphoid-B
c_1_36_1998,Lymphoid-B
c_1_36_1999,None
c_1_36_2000,Lymphoid-T
c_1_36_2001,Lymphoid-B
c_1_36_2002,Lymphoid-Other
c_1_36_2003,Lymphoid-B
c_1_36_2004,Lymphoid-B
c_1_36_2005,Lymphoid-B
c_1_36_2006,Lymphoid-B
c_1_36_2007,Lymphoid-B
c_1_36_2008,Lymphoid-Other
c_1_36_2009,Lymphoid-B
c_1_36_2010,Lymphoid-B
c_1_36_2011,Lymphoid-B
c_1_36_2012,Lymphoid-B
c_1_36_2013,Lymphoid-B
c_1_36_2014,Lymphoid-Other
c_1_36_2015,Lymphoid-Other
c_1_36_2016,Lymphoid-DC
c_1_36_2017,Lymphoid-B
c_1_36_2018,Lymphoid-B
c_1_36_2019,Lymphoid-B
c_1_36_2020,Lymphoid-Other
c_1_36_2021,Lymphoid-DC
c_1_36_2022,Lymphoid-B
c_1_36_2023,Lymphoid-Other
c_1_36_2024,Lymphoid-Other
c_1_36_2025,Lymphoid-B
c_1_36_2026,Lymphoid-Other
c_1_36_2027,Lymphoid-B
c_1_36_2028,Lymphoid-B
c_1_36_2029,Lymphoid-Other
c_1_36_2030,Lymphoid-B
c_1_36_2031,Lymphoid-B
c_1_36_2032,Lymphoid-B
c_1_36_2033,Lymphoid-Other
c_1_36_2034,Lymphoid-B
c_1_36_2035,Lymphoid-B
c_1_36_2036,Lymphoid-B
c_1_36_2037,Lymphoid-B
c_1_36_2038,Lymphoid-B
c_1_36_2039,Lymphoid-B
c_1_36_2040,Lymphoid-B
c_1_36_2041,Lymphoid-B
c_1_36_2042,Lymphoid-B
c_1_36_2043,Lymphoid-B
c_1_36_2044,Lymphoid-B
c_1_36_2045,Lymphoid-B
c_1_36_2046,Lymphoid-B
c_1_36_2047,Lymphoid-B
c_1_36_2048,Lymphoid-B
c_1_36_2049,Lymphoid-Other
c_1_36_2050,Lymphoid-Other
c_1_36_2051,Lymphoid-B
c_1_36_2052,Lymphoid-B
c_1_36_2053,Lymphoid-Other
c_1_36_2054,Lymphoid-Other
c_1_36_2055,Lymphoid-B
c_1_36_2056,Lymphoid-B
c_1_36_2057,Lymphoid-T
c_1_36_2058,Lymphoid-B
c_1_36_2059,Lymphoid-B
c_1_36_2060,Lymphoid-B
c_1_36_2061,Lymphoid-Other
c_1_36_2062,Lymphoid-B
c_1_36_2063,Lymphoid-Other
c_1_36_2064,Lymphoid-B
c_1_36_2065,Lymphoid-B
c_1_36_2066,Lymphoid-Other
c_1_36_2067,Lymphoid-B
c_1_36_2068,Lymphoid-Other
c_1_36_2069,Lymphoid-B
c_1_36_2070,None
c_1_36_2071,Lymphoid-DC
c_1_36_2072,Lymphoid-B
c_1_36_2073,Lymphoid-B
c_1_36_2074,Lymphoid-B
c_1_36_2075,Lymphoid-B
c_1_36_2076,Lymphoid-B
c_1_36_2077,Lymphoid-B
c_1_36_2078,Lymphoid-B
c_1_36_2079,Lymphoid-B
c_1_36_2080,Lymphoid-B
c_1_36_2081,Lymphoid-B
c_1_36_2082,Lymphoid-B
c_1_36_2083,Lymphoid-DC
c_1_36_2084,Lymphoid-Other
c_1_36_2085,Lymphoid-B
c_1_36_2086,Lymphoid-B
c_1_36_2087,Lymphoid-Other
c_1_36_2088,Lymphoid-B
c_1_36_2089,Lymphoid-B
c_1_36_2090,Lymphoid-B
c_1_36_2091,Lymphoid-B
c_1_36_2092,Lymphoid-Other
c_1_36_2093,Lymphoid-B
c_1_36_2094,Lymphoid-B
c_1_36_2095,Lymphoid-Other
c_1_36_2096,Lymphoid-B
c_1_36_2097,Lymphoid-B
c_1_36_2098,Lymphoid-B
c_1_36_2099,Lymphoid-B
c_1_36_2100,Lymphoid-B
c_1_36_2101,Lymphoid-T
c_1_36_2102,Lymphoid-Other
c_1_36_2103,Lymphoid-Other
c_1_36_2104,Lymphoid-B
c_1_36_2105,Lymphoid-B
c_1_36_2106,Lymphoid-B
c_1_36_2107,Lymphoid-B
c_1_36_2108,Lymphoid-T
c_1_36_2109,Lymphoid-B
c_1_36_2110,Lymphoid-DC
c_1_36_2111,Lymphoid-B
c_1_36_2112,Lymphoid-B
c_1_36_2113,Lymphoid-T
c_1_36_2114,Lymphoid-B
c_1_36_2115,Lymphoid-B
c_1_36_2116,Lymphoid-Other
c_1_36_2117,Lymphoid-Other
c_1_36_2118,Lymphoid-B
c_1_36_2119,Lymphoid-B
c_1_36_2120,Lymphoid-B
c_1_36_2121,Lymphoid-B
c_1_36_2122,Lymphoid-B
c_1_36_2123,Lymphoid-B
c_1_36_2124,Lymphoid-B
c_1_36_2125,Lymphoid-B
c_1_36_2126,Lymphoid-B
c_1_36_2127,Lymphoid-B
c_1_36_2128,Lymphoid-T
c_1_36_2129,Lymphoid-T
c_1_36_2130,Lymphoid-B
c_1_36_2131,Lymphoid-B
c_1_36_2132,Lymphoid-B
c_1_36_2133,Lymphoid-Other
c_1_36_2134,Lymphoid-Other
c_1_36_2135,Lymphoid-B
c_1_36_2136,Lymphoid-T
c_1_36_2137,Lymphoid-B
c_1_36_2138,Lymphoid-Other
c_1_36_2139,Lymphoid-Other
c_1_36_2140,Lymphoid-B
c_1_36_2141,Lymphoid-Other
c_1_36_2142,Lymphoid-B
c_1_36_2143,Lymphoid-Other
c_1_36_2144,Lymphoid-Other
c_1_36_2145,Lymphoid-Other
c_1_36_2146,Lymphoid-B
c_1_36_2147,Lymphoid-T
c_1_36_2148,Lymphoid-Plasma
c_1_36_2149,Lymphoid-Other
c_1_36_2150,Lymphoid-Other
c_1_36_2151,Lymphoid-B
c_1_36_2152,Lymphoid-DC
c_1_36_2153,Lymphoid-B
c_1_36_2154,Lymphoid-Other
c_1_36_2155,Lymphoid-B
c_1_36_2156,Lymphoid-B
c_1_36_2157,Lymphoid-B
c_1_36_2158,Lymphoid-B
c_1_36_2159,Lymphoid-B
c_1_36_2160,Lymphoid-B
c_1_36_2161,Lymphoid-DC
c_1_36_2162,Lymphoid-B
c_1_36_2163,Lymphoid-B
c_1_36_2164,Lymphoid-Other
c_1_36_2165,Lymphoid-Other
c_1_36_2166,Lymphoid-T
c_1_36_2167,Lymphoid-T
c_1_36_2168,Lymphoid-B
c_1_36_2169,Lymphoid-B
c_1_36_2170,Lymphoid-Other
c_1_36_2171,Lymphoid-Other
c_1_36_2172,Lymphoid-B
c_1_36_2173,Lymphoid-Other
c_1_36_2174,Lymphoid-B
c_1_36_2175,Lymphoid-B
c_1_36_2176,Lymphoid-B
c_1_36_2177,Lymphoid-B
c_1_36_2178,Lymphoid-B
c_1_36_2179,Lymphoid-B
c_1_36_2180,Lymphoid-B
c_1_36_2181,Lymphoid-Other
c_1_36_2182,Lymphoid-Other
c_1_36_2183,Lymphoid-B
c_1_36_2184,Lymphoid-Other
c_1_36_2185,Lymphoid-B
c_1_36_2186,Lymphoid-B
c_1_36_2187,Lymphoid-B
c_1_36_2188,Lymphoid-DC
c_1_36_2189,Lymphoid-DC
c_1_36_2190,Lymphoid-Other
c_1_36_2191,Lymphoid-B
c_1_36_2192,Lymphoid-B
c_1_36_2193,Lymphoid-B
c_1_36_2194,Lymphoid-B
c_1_36_2195,Lymphoid-B
c_1_36_2196,Lymphoid-B
c_1_36_2197,Lymphoid-Other
c_1_36_2198,Lymphoid-B
c_1_36_2199,Lymphoid-Other
c_1_36_2200,Lymphoid-Other
c_1_36_2201,Lymphoid-B
c_1_36_2202,Lymphoid-B
c_1_36_2203,Lymphoid-B
c_1_36_2204,Lymphoid-B
c_1_36_2205,Lymphoid-Other
c_1_36_2206,Lymphoid-B
c_1_36_2207,Lymphoid-Plasma
c_1_36_2208,Lymphoid-B
c_1_36_2209,Lymphoid-B
c_1_36_2210,Lymphoid-B
c_1_36_2211,Lymphoid-B
c_1_36_2212,Lymphoid-B
c_1_36_2213,Lymphoid-B
c_1_36_2214,Lymphoid-B
c_1_36_2215,Lymphoid-B
c_1_36_2216,Lymphoid-B
c_1_36_2217,Lymphoid-B
c_1_36_2218,Lymphoid-B
c_1_36_2219,Lymphoid-B
c_1_36_2220,Lymphoid-B
c_1_36_2221,Lymphoid-B
c_1_36_2222,Lymphoid-B
c_1_36_2223,Lymphoid-B
c_1_36_2224,Lymphoid-B
c_1_36_2225,Lymphoid-Other
c_1_36_2226,Lymphoid-B
c_1_36_2227,Lymphoid-B
c_1_36_2228,Lymphoid-B
c_1_36_2229,Lymphoid-DC
c_1_36_2230,Lymphoid-Other
c_1_36_2231,Lymphoid-Plasma
c_1_36_2232,Lymphoid-B
c_1_36_2233,Lymphoid-Other
c_1_36_2234,Lymphoid-B
c_1_36_2235,Lymphoid-B
c_1_36_2236,Lymphoid-B
c_1_36_2237,Lymphoid-T
c_1_36_2238,Lymphoid-B
c_1_36_2239,Lymphoid-B
c_1_36_2240,Lymphoid-T
c_1_36_2241,Lymphoid-B
c_1_36_2242,Lymphoid-B
c_1_36_2243,Lymphoid-Other
c_1_36_2244,Lymphoid-B
c_1_36_2245,Lymphoid-B
c_1_36_2246,Lymphoid-Other
c_1_36_2247,Lymphoid-B
c_1_36_2248,Lymphoid-B
c_1_36_2249,Epithelial
c_1_36_2250,None
c_1_36_2251,Lymphoid-Other
c_1_36_2252,Lymphoid-T
c_1_36_2253,Lymphoid-Other
c_1_36_2254,Lymphoid-B
c_1_36_2255,Lymphoid-Other
c_1_36_2256,Lymphoid-B
c_1_36_2257,Lymphoid-Other
c_1_36_2258,Lymphoid-B
c_1_36_2259,Lymphoid-B
c_1_36_2260,Lymphoid-T
c_1_36_2261,Lymphoid-B
c_1_36_2262,Lymphoid-B
c_1_36_2263,Lymphoid-Other
c_1_36_2264,Lymphoid-DC
c_1_36_2265,Lymphoid-B
c_1_36_2266,Lymphoid-B
c_1_36_2267,Lymphoid-B
c_1_36_2268,Lymphoid-T
c_1_36_2269,Lymphoid-Other
c_1_36_2270,Lymphoid-B
c_1_36_2271,Lymphoid-Other
c_1_36_2272,Lymphoid-B
c_1_36_2273,Lymphoid-B
c_1_36_2274,Lymphoid-Other
c_1_36_2275,Lymphoid-B
c_1_36_2276,Lymphoid-B
c_1_36_2277,Lymphoid-Other
c_1_36_2278,Lymphoid-T
c_1_36_2279,Lymphoid-B
c_1_36_2280,Lymphoid-B
c_1_36_2281,Lymphoid-B
c_1_36_2282,Lymphoid-B
c_1_36_2283,Lymphoid-B
c_1_36_2284,Lymphoid-B
c_1_36_2285,Lymphoid-B
c_1_36_2286,Lymphoid-B
c_1_36_2287,Lymphoid-T
c_1_36_2288,Lymphoid-B
c_1_36_2289,Lymphoid-B
c_1_36_2290,Lymphoid-B
c_1_36_2291,Lymphoid-B
c_1_36_2292,Lymphoid-B
c_1_36_2293,Lymphoid-B
c_1_36_2294,Lymphoid-B
c_1_36_2295,Lymphoid-T
c_1_36_2296,Lymphoid-B
c_1_36_2297,Lymphoid-B
c_1_36_2298,Lymphoid-T
c_1_36_2299,Lymphoid-B
c_1_36_2300,Lymphoid-B
c_1_36_2301,Lymphoid-T
c_1_36_2302,Lymphoid-B
c_1_36_2303,Lymphoid-Other
c_1_36_2304,Lymphoid-B
c_1_36_2305,Lymphoid-B
c_1_36_2306,Lymphoid-Other
c_1_36_2307,Lymphoid-T
c_1_36_2308,Lymphoid-B
c_1_36_2309,Lymphoid-T
c_1_36_2310,Lymphoid-B
c_1_36_2311,Lymphoid-T
c_1_36_2312,Lymphoid-B
c_1_36_2313,Lymphoid-B
c_1_36_2314,Lymphoid-T
c_1_36_2315,Lymphoid-Other
c_1_36_2316,Lymphoid-B
c_1_36_2317,Lymphoid-T
c_1_36_2318,Lymphoid-Other
c_1_36_2319,Lymphoid-B
c_1_36_2320,Lymphoid-B
c_1_36_2321,Lymphoid-Other
c_1_36_2322,Lymphoid-T
c_1_36_2323,None
c_1_36_2324,Lymphoid-T
c_1_36_2325,Lymphoid-B
c_1_36_2326,Lymphoid-B
c_1_36_2327,Lymphoid-B
c_1_36_2328,Lymphoid-B
c_1_36_2329,Epithelial
c_1_36_2330,Lymphoid-B
c_1_36_2331,Lymphoid-B
c_1_36_2332,Lymphoid-Other
c_1_36_2333,Lymphoid-B
c_1_36_2334,Lymphoid-B
c_1_36_2335,Lymphoid-B
c_1_36_2336,Lymphoid-B
c_1_36_2337,Lymphoid-B
c_1_36_2338,Lymphoid-B
c_1_36_2339,Lymphoid-Other
c_1_36_2340,Lymphoid-B
c_1_36_2341,Lymphoid-B
c_1_36_2342,Lymphoid-B
c_1_36_2343,Endothelial
c_1_36_2344,Lymphoid-Other
c_1_36_2345,Lymphoid-B
c_1_36_2346,Lymphoid-T
c_1_36_2347,Lymphoid-B
c_1_36_2348,Lymphoid-B
c_1_36_2349,Lymphoid-B
c_1_36_2350,Lymphoid-B
c_1_36_2351,Lymphoid-B
c_1_36_2352,Lymphoid-Other
c_1_36_2353,Lymphoid-B
c_1_36_2354,Lymphoid-B
c_1_36_2355,Lymphoid-B
c_1_36_2356,Lymphoid-B
c_1_36_2357,Lymphoid-B
c_1_36_2358,Lymphoid-Other
c_1_36_2359,Lymphoid-B
c_1_36_2360,Lymphoid-B
c_1_36_2361,Lymphoid-B
c_1_36_2362,Lymphoid-B
c_1_36_2363,Lymphoid-B
c_1_36_2364,Lymphoid-Other
c_1_36_2365,Lymphoid-B
c_1_36_2366,Lymphoid-B
c_1_36_2367,Lymphoid-B
c_1_36_2368,Lymphoid-B
c_1_36_2369,Lymphoid-B
c_1_36_2370,Lymphoid-T
c_1_36_2371,Lymphoid-Other
c_1_36_2372,Lymphoid-Other
c_1_36_2373,Lymphoid-Other
c_1_36_2374,Lymphoid-B
c_1_36_2375,Lymphoid-DC
c_1_36_2376,Lymphoid-Other
c_1_36_2377,Lymphoid-B
c_1_36_2378,Lymphoid-DC
c_1_36_2379,Lymphoid-B
c_1_36_2380,None
c_1_36_2381,Lymphoid-B
c_1_36_2382,Lymphoid-B
c_1_36_2383,Lymphoid-DC
c_1_36_2384,Lymphoid-B
c_1_36_2385,Lymphoid-B
c_1_36_2386,Lymphoid-Other
c_1_36_2387,Lymphoid-B
c_1_36_2388,Lymphoid-B
c_1_36_2389,Lymphoid-B
c_1_36_2390,Lymphoid-Other
c_1_36_2391,Lymphoid-B
c_1_36_2392,Lymphoid-B
c_1_36_2393,Lymphoid-B
c_1_36_2394,Lymphoid-Other
c_1_36_2395,Lymphoid-B
c_1_36_2396,Lymphoid-Other
c_1_36_2397,Lymphoid-B
c_1_36_2398,Lymphoid-Other
c_1_36_2399,Lymphoid-B
c_1_36_2400,Lymphoid-B
c_1_36_2401,Lymphoid-B
c_1_36_2402,Lymphoid-B
c_1_36_2403,Lymphoid-B
c_1_36_2404,Lymphoid-DC
c_1_36_2405,Lymphoid-B
c_1_36_2406,Lymphoid-B
c_1_36_2407,Lymphoid-B
c_1_36_2408,Lymphoid-B
c_1_36_2409,Lymphoid-B
c_1_36_2410,Lymphoid-B
c_1_36_2411,Lymphoid-B
c_1_36_2412,Lymphoid-B
c_1_36_2413,Lymphoid-Other
c_1_36_2414,Lymphoid-B
c_1_36_2415,Lymphoid-B
c_1_36_2416,Lymphoid-B
c_1_36_2417,Lymphoid-B
c_1_36_2418,Lymphoid-T
c_1_36_2419,Lymphoid-B
c_1_36_2420,Lymphoid-B
c_1_36_2421,Lymphoid-Other
c_1_36_2422,Lymphoid-B
c_1_36_2423,Lymphoid-Other
c_1_36_2424,Lymphoid-Other
c_1_36_2425,Lymphoid-B
c_1_36_2426,Lymphoid-Other
c_1_36_2427,Lymphoid-Other
c_1_36_2428,Lymphoid-B
c_1_36_2429,Lymphoid-B
c_1_36_2430,Lymphoid-B
c_1_36_2431,Lymphoid-B
c_1_36_2432,Lymphoid-B
c_1_36_2433,Lymphoid-Other
c_1_36_2434,Lymphoid-B
c_1_36_2435,Lymphoid-B
c_1_36_2436,Lymphoid-B
c_1_36_2437,Lymphoid-B
c_1_36_2438,Lymphoid-B
c_1_36_2439,Lymphoid-B
c_1_36_2440,Lymphoid-Other
c_1_36_2441,Lymphoid-B
c_1_36_2442,Lymphoid-Other
c_1_36_2443,Lymphoid-B
c_1_36_2444,Lymphoid-T
c_1_36_2445,Lymphoid-Other
c_1_36_2446,Lymphoid-Other
c_1_36_2447,Lymphoid-B
c_1_36_2448,Lymphoid-B
c_1_36_2449,Lymphoid-B
c_1_36_2450,Lymphoid-B
c_1_36_2451,Lymphoid-B
c_1_36_2452,Lymphoid-B
c_1_36_2453,Lymphoid-Other
c_1_36_2454,Lymphoid-Other
c_1_36_2455,Lymphoid-B
c_1_36_2456,Lymphoid-B
c_1_36_2457,Lymphoid-B
c_1_36_2458,Lymphoid-B
c_1_36_2459,Lymphoid-B
c_1_36_2460,Lymphoid-B
c_1_36_2461,Lymphoid-B
c_1_36_2462,Lymphoid-Other
c_1_36_2463,Lymphoid-Other
c_1_36_2464,Lymphoid-B
c_1_36_2465,None
c_1_36_2466,Lymphoid-B
c_1_36_2467,Lymphoid-T
c_1_36_2468,Lymphoid-Other
c_1_36_2469,Lymphoid-B
c_1_36_2470,Lymphoid-B
c_1_36_2471,Lymphoid-Other
c_1_36_2472,Lymphoid-B
c_1_36_2473,Lymphoid-Other
c_1_36_2474,Lymphoid-Other
c_1_36_2475,Lymphoid-Plasma
c_1_36_2476,Lymphoid-B
c_1_36_2477,Lymphoid-B
c_1_36_2478,Lymphoid-Other
c_1_36_2479,Lymphoid-Other
c_1_36_2480,Lymphoid-T
c_1_36_2481,Lymphoid-B
c_1_36_2482,Lymphoid-B
c_1_36_2483,Lymphoid-B
c_1_36_2484,Lymphoid-T
c_1_36_2485,Lymphoid-B
c_1_36_2486,Lymphoid-B
c_1_36_2487,Lymphoid-T
c_1_36_2488,Lymphoid-Other
c_1_36_2489,Lymphoid-B
c_1_36_2490,Lymphoid-B
c_1_36_2491,Lymphoid-DC
c_1_36_2492,Lymphoid-Other
c_1_36_2493,Lymphoid-B
c_1_36_2494,Lymphoid-Other
c_1_36_2495,Lymphoid-Other
c_1_36_2496,Lymphoid-B
c_1_36_2497,Lymphoid-B
c_1_36_2498,Lymphoid-B
c_1_36_2499,Lymphoid-B
c_1_36_2500,Lymphoid-T
c_1_36_2501,Lymphoid-B
c_1_36_2502,Lymphoid-B
c_1_36_2503,Lymphoid-Other
c_1_36_2504,Lymphoid-B
c_1_36_2505,Lymphoid-T
c_1_36_2506,Lymphoid-B
c_1_36_2507,Lymphoid-B
c_1_36_2508,Lymphoid-Other
c_1_36_2509,Lymphoid-B
c_1_36_2510,Lymphoid-T
c_1_36_2511,Lymphoid-B
c_1_36_2512,Lymphoid-DC
c_1_36_2513,Lymphoid-Other
c_1_36_2514,Lymphoid-DC
c_1_36_2515,None
c_1_36_2516,Lymphoid-B
c_1_36_2517,Lymphoid-B
c_1_36_2518,Lymphoid-B
c_1_36_2519,Lymphoid-B
c_1_36_2520,Lymphoid-B
c_1_36_2521,Lymphoid-B
c_1_36_2522,Lymphoid-B
c_1_36_2523,Lymphoid-Other
c_1_36_2524,Lymphoid-B
c_1_36_2525,Lymphoid-B
c_1_36_2526,Lymphoid-T
c_1_36_2527,Epithelial
c_1_36_2528,Lymphoid-B
c_1_36_2529,Lymphoid-T
c_1_36_2530,Lymphoid-B
c_1_36_2531,Lymphoid-T
c_1_36_2532,Lymphoid-DC
c_1_36_2533,Lymphoid-Other
c_1_36_2534,Lymphoid-B
c_1_36_2535,Lymphoid-B
c_1_36_2536,Lymphoid-Other
c_1_36_2537,Lymphoid-B
c_1_36_2538,Lymphoid-T
c_1_36_2539,Lymphoid-T
c_1_36_2540,Lymphoid-B
c_1_36_2541,Lymphoid-B
c_1_36_2542,Myeloid
c_1_36_2543,Lymphoid-T
c_1_36_2544,Lymphoid-Other
c_1_36_2545,Lymphoid-B
c_1_36_2546,Lymphoid-B
c_1_36_2547,Lymphoid-B
c_1_36_2548,Lymphoid-DC
c_1_36_2549,Lymphoid-Other
c_1_36_2550,Lymphoid-B
c_1_36_2551,Lymphoid-Other
c_1_36_2552,Lymphoid-B
c_1_36_2553,Lymphoid-B
c_1_36_2554,Lymphoid-B
c_1_36_2555,Lymphoid-Other
c_1_36_2556,Lymphoid-B
c_1_36_2557,Lymphoid-T
c_1_36_2558,Lymphoid-B
c_1_36_2559,Lymphoid-B
c_1_36_2560,Lymphoid-B
c_1_36_2561,Lymphoid-T
c_1_36_2562,Lymphoid-Other
c_1_36_2563,Lymphoid-B
c_1_36_2564,Lymphoid-B
c_1_36_2565,Lymphoid-DC
c_1_36_2566,Lymphoid-Other
c_1_36_2567,Lymphoid-Other
c_1_36_2568,Lymphoid-B
c_1_36_2569,Lymphoid-B
c_1_36_2570,Lymphoid-B
c_1_36_2571,None
c_1_36_2572,Lymphoid-Other
c_1_36_2573,Lymphoid-Other
c_1_36_2574,Lymphoid-Other
c_1_36_2575,Lymphoid-T
c_1_36_2576,Lymphoid-Other
c_1_36_2577,Lymphoid-B
c_1_36_2578,Lymphoid-B
c_1_36_2579,Lymphoid-B
c_1_36_2580,Lymphoid-B
c_1_36_2581,Lymphoid-Other
c_1_36_2582,Lymphoid-Other
c_1_36_2583,Lymphoid-T
c_1_36_2584,Lymphoid-Other
c_1_36_2585,Lymphoid-Other
c_1_36_2586,Mesenchymal-Stromal
c_1_36_2587,Lymphoid-B
c_1_36_2588,Lymphoid-Other
c_1_36_2589,Lymphoid-Other
c_1_36_2590,Lymphoid-Other
c_1_36_2591,None
c_1_36_2592,Lymphoid-DC
c_1_36_2593,Lymphoid-Other
c_1_36_2594,Lymphoid-B
c_1_36_2595,Lymphoid-DC
c_1_36_2596,Lymphoid-B
c_1_36_2597,Lymphoid-B
c_1_36_2598,Lymphoid-B
c_1_36_2599,Lymphoid-B
c_1_36_2600,Lymphoid-T
c_1_36_2601,Lymphoid-B
c_1_36_2602,Lymphoid-B
c_1_36_2603,Lymphoid-B
c_1_36_2604,Lymphoid-Other
c_1_36_2605,Lymphoid-B
c_1_36_2606,Lymphoid-B
c_1_36_2607,Lymphoid-B
c_1_36_2608,Lymphoid-T
c_1_36_2609,Lymphoid-B
c_1_36_2610,Lymphoid-DC
c_1_36_2611,None
c_1_36_2612,Lymphoid-Other
c_1_36_2613,Lymphoid-B
c_1_36_2614,Lymphoid-Other
c_1_36_2615,Lymphoid-Other
c_1_36_2616,Lymphoid-Other
c_1_36_2617,Lymphoid-Other
c_1_36_2618,Lymphoid-B
c_1_36_2619,Lymphoid-DC
c_1_36_2620,Lymphoid-DC
c_1_36_2621,Lymphoid-T
c_1_36_2622,Lymphoid-Other
c_1_36_2623,Lymphoid-DC
c_1_36_2624,Lymphoid-B
c_1_36_2625,Lymphoid-T
c_1_36_2626,Lymphoid-T
c_1_36_2627,Lymphoid-B
c_1_36_2628,Lymphoid-B
c_1_36_2629,Lymphoid-B
c_1_36_2630,Lymphoid-B
c_1_36_2631,Lymphoid-Other
c_1_36_2632,Lymphoid-Other
c_1_36_2633,Lymphoid-B
c_1_36_2634,Lymphoid-Other
c_1_36_2635,Lymphoid-B
c_1_36_2636,Lymphoid-B
c_1_36_2637,Lymphoid-DC
c_1_36_2638,Lymphoid-DC
c_1_36_2639,Lymphoid-B
c_1_36_2640,Myeloid
c_1_36_2641,Lymphoid-B
c_1_36_2642,Lymphoid-Other
c_1_36_2643,Lymphoid-Other
c_1_36_2644,Lymphoid-Other
c_1_36_2645,Lymphoid-B
c_1_36_2646,Lymphoid-B
c_1_36_2647,Lymphoid-T
c_1_36_2648,Lymphoid-DC
c_1_36_2649,Lymphoid-Other
c_1_36_2650,Lymphoid-B
c_1_36_2651,Lymphoid-DC
c_1_36_2652,Lymphoid-B
c_1_36_2653,Lymphoid-Plasma
c_1_36_2654,Lymphoid-Other
c_1_36_2655,None
c_1_36_2656,Lymphoid-T
c_1_36_2657,Lymphoid-T
c_1_36_2658,Lymphoid-B
c_1_36_2659,Lymphoid-Other
c_1_36_2660,Lymphoid-Other
c_1_36_2661,Lymphoid-B
c_1_36_2662,None
c_1_36_2663,Lymphoid-B
c_1_36_2664,Lymphoid-B
c_1_36_2665,Lymphoid-B
c_1_36_2666,Lymphoid-Other
c_1_36_2667,Lymphoid-Other
c_1_36_2668,Myeloid
c_1_36_2669,Lymphoid-T
c_1_36_2670,Lymphoid-T
c_1_36_2671,Lymphoid-B
c_1_36_2672,Lymphoid-B
c_1_36_2673,Lymphoid-Other
c_1_36_2674,Lymphoid-DC
c_1_36_2675,Lymphoid-B
c_1_36_2676,Lymphoid-B
c_1_36_2677,Lymphoid-B
c_1_36_2678,Lymphoid-B
c_1_36_2679,Lymphoid-T
c_1_36_2680,Lymphoid-Other
c_1_36_2681,Lymphoid-T
c_1_36_2682,Lymphoid-Other
c_1_36_2683,Lymphoid-B
c_1_36_2684,Lymphoid-Plasma
c_1_36_2685,Lymphoid-B
c_1_36_2686,Lymphoid-T
c_1_36_2687,Lymphoid-Other
c_1_36_2688,Lymphoid-B
c_1_36_2689,Lymphoid-B
c_1_36_2690,Lymphoid-Other
c_1_36_2691,Lymphoid-B
c_1_36_2692,Lymphoid-B
c_1_36_2693,Lymphoid-Other
c_1_36_2694,Lymphoid-Other
c_1_36_2695,Lymphoid-B
c_1_36_2696,Lymphoid-B
c_1_36_2697,None
c_1_36_2698,Lymphoid-T
c_1_36_2699,Lymphoid-B
c_1_36_2700,Lymphoid-B
c_1_36_2701,Lymphoid-B
c_1_36_2702,Endothelial
c_1_36_2703,Lymphoid-B
c_1_36_2704,Lymphoid-Other
c_1_36_2705,Lymphoid-B
c_1_36_2706,Lymphoid-B
c_1_36_2707,Lymphoid-Other
c_1_36_2708,Lymphoid-Other
c_1_36_2709,Lymphoid-B
c_1_36_2710,Lymphoid-B
c_1_36_2711,Lymphoid-T
c_1_36_2712,Lymphoid-Other
c_1_36_2713,Lymphoid-B
c_1_36_2714,Lymphoid-DC
c_1_36_2715,Lymphoid-DC
c_1_36_2716,Lymphoid-B
c_1_36_2717,Lymphoid-Other
c_1_36_2718,Lymphoid-DC
c_1_36_2719,Lymphoid-T
c_1_36_2720,Lymphoid-B
c_1_36_2721,Lymphoid-B
c_1_36_2722,Lymphoid-B
c_1_36_2723,Lymphoid-Other
c_1_36_2724,Lymphoid-Other
c_1_36_2725,Lymphoid-B
c_1_36_2726,Lymphoid-DC
c_1_36_2727,Lymphoid-Other
c_1_36_2728,Lymphoid-B
c_1_36_2729,Lymphoid-B
c_1_36_2730,Lymphoid-T
c_1_36_2731,Lymphoid-B
c_1_36_2732,Lymphoid-T
c_1_36_2733,Lymphoid-B
c_1_36_2734,Lymphoid-Other
c_1_36_2735,Lymphoid-Other
c_1_36_2736,Lymphoid-B
c_1_36_2737,Lymphoid-DC
c_1_36_2738,Lymphoid-T
c_1_36_2739,Lymphoid-B
c_1_36_2740,None
c_1_36_2741,Lymphoid-B
c_1_36_2742,Lymphoid-B
c_1_36_2743,Lymphoid-B
c_1_36_2744,Lymphoid-DC
c_1_36_2745,Lymphoid-B
c_1_36_2746,Lymphoid-Other
c_1_36_2747,Lymphoid-Other
c_1_36_2748,Lymphoid-B
c_1_36_2749,Lymphoid-B
c_1_36_2750,Lymphoid-B
c_1_36_2751,Lymphoid-B
c_1_36_2752,Lymphoid-B
c_1_36_2753,Lymphoid-B
c_1_36_2754,Lymphoid-B
c_1_36_2755,Lymphoid-DC
c_1_36_2756,Lymphoid-T
c_1_36_2757,Lymphoid-T
c_1_36_2758,Lymphoid-T
c_1_36_2759,Lymphoid-Other
c_1_36_2760,Lymphoid-B
c_1_36_2761,Lymphoid-B
c_1_36_2762,Lymphoid-T
c_1_36_2763,Lymphoid-T
c_1_36_2764,Lymphoid-B
c_1_36_2765,Lymphoid-T
c_1_36_2766,Lymphoid-B
c_1_36_2767,Lymphoid-DC
c_1_36_2768,Lymphoid-B
c_1_36_2769,Lymphoid-DC
c_1_36_2770,Lymphoid-B
c_1_36_2771,Lymphoid-B
c_1_36_2772,Lymphoid-T
c_1_36_2773,Lymphoid-B
c_1_36_2774,Lymphoid-B
c_1_36_2775,Lymphoid-B
c_1_36_2776,Lymphoid-B
c_1_36_2777,Lymphoid-B
c_1_36_2778,Lymphoid-T
c_1_36_2779,None
c_1_36_2780,Lymphoid-B
c_1_36_2781,Lymphoid-B
c_1_36_2782,Lymphoid-B
c_1_36_2783,Lymphoid-B
c_1_36_2784,Lymphoid-Other
c_1_36_2785,Lymphoid-T
c_1_36_2786,Lymphoid-T
c_1_36_2787,Lymphoid-Plasma
c_1_36_2788,None
c_1_36_2789,Lymphoid-B
c_1_36_2790,Lymphoid-T
c_1_36_2791,Lymphoid-B
c_1_36_2792,None
c_1_36_2793,Lymphoid-B
c_1_36_2794,Lymphoid-B
c_1_36_2795,Lymphoid-DC
c_1_36_2796,Lymphoid-T
c_1_36_2797,Lymphoid-T
c_1_36_2798,Lymphoid-B
c_1_36_2799,Lymphoid-B
c_1_36_2800,Lymphoid-B
c_1_36_2801,Lymphoid-B
c_1_36_2802,Lymphoid-T
c_1_36_2803,Lymphoid-Other
c_1_36_2804,Lymphoid-B
c_1_36_2805,Lymphoid-B
c_1_36_2806,Lymphoid-B
c_1_36_2807,Lymphoid-B
c_1_36_2808,Lymphoid-B
c_1_36_2809,Lymphoid-T
c_1_36_2810,Lymphoid-T
c_1_36_2811,Lymphoid-B
c_1_36_2812,Lymphoid-Other
c_1_36_2813,Lymphoid-B
c_1_36_2814,Lymphoid-B
c_1_36_2815,Lymphoid-Other
c_1_36_2816,Lymphoid-B
c_1_36_2817,Lymphoid-B
c_1_36_2818,Lymphoid-B
c_1_36_2819,Lymphoid-B
c_1_36_2820,Lymphoid-Other
c_1_36_2821,Lymphoid-B
c_1_36_2822,Lymphoid-Other
c_1_36_2823,Lymphoid-Other
c_1_36_2824,Lymphoid-DC
c_1_36_2825,Lymphoid-DC
c_1_36_2826,Lymphoid-B
c_1_36_2827,Lymphoid-B
c_1_36_2828,Endothelial
c_1_36_2829,Lymphoid-DC
c_1_36_2830,None
c_1_36_2831,Lymphoid-DC
c_1_36_2832,Lymphoid-Plasma
c_1_36_2833,Lymphoid-T
c_1_36_2834,Lymphoid-B
c_1_36_2835,Lymphoid-B
c_1_36_2836,None
c_1_36_2837,Lymphoid-Other
c_1_36_2838,Lymphoid-Other
c_1_36_2839,Lymphoid-B
c_1_36_2840,Lymphoid-T
c_1_36_2841,Lymphoid-Other
c_1_36_2842,Lymphoid-B
c_1_36_2843,Lymphoid-Other
c_1_36_2844,Lymphoid-B
c_1_36_2845,Myeloid
c_1_36_2846,Lymphoid-B
c_1_36_2847,Lymphoid-T
c_1_36_2848,Lymphoid-B
c_1_36_2849,Lymphoid-B
c_1_36_2850,Lymphoid-B
c_1_36_2851,Lymphoid-B
c_1_36_2852,Lymphoid-Other
c_1_36_2853,Lymphoid-B
c_1_36_2854,Lymphoid-T
c_1_36_2855,Lymphoid-B
c_1_36_2856,Lymphoid-Other
c_1_36_2857,Lymphoid-Plasma
c_1_36_2858,Lymphoid-Other
c_1_36_2859,Lymphoid-B
c_1_36_2860,Lymphoid-Other
c_1_36_2861,Lymphoid-B
c_1_36_2862,Lymphoid-B
c_1_36_2863,Lymphoid-T
c_1_36_2864,Lymphoid-B
c_1_36_2865,Lymphoid-B
c_1_36_2866,Lymphoid-Other
c_1_36_2867,None
c_1_36_2868,Lymphoid-B
c_1_36_2869,Lymphoid-Other
c_1_36_2870,Lymphoid-B
c_1_36_2871,Lymphoid-DC
c_1_36_2872,Lymphoid-Plasma
c_1_36_2873,Lymphoid-T
c_1_36_2874,Lymphoid-B
c_1_36_2875,Lymphoid-B
c_1_36_2876,Lymphoid-B
c_1_36_2877,Lymphoid-Other
c_1_36_2878,None
c_1_36_2879,Lymphoid-Other
c_1_36_2880,Lymphoid-B
c_1_36_2881,Lymphoid-DC
c_1_36_2882,Lymphoid-B
c_1_36_2883,Lymphoid-B
c_1_36_2884,Lymphoid-B
c_1_36_2885,Lymphoid-B
c_1_36_2886,Lymphoid-T
c_1_36_2887,None
c_1_36_2888,Lymphoid-B
c_1_36_2889,Lymphoid-B
c_1_36_2890,Lymphoid-Other
c_1_36_2891,Lymphoid-B
c_1_36_2892,Myeloid
c_1_36_2893,Lymphoid-Other
c_1_36_2894,Lymphoid-B
c_1_36_2895,None
c_1_36_2896,Lymphoid-T
c_1_36_2897,Lymphoid-B
c_1_36_2898,Lymphoid-B
c_1_36_2899,Lymphoid-B
c_1_36_2900,Lymphoid-DC
c_1_36_2901,Lymphoid-B
c_1_36_2902,Lymphoid-Other
c_1_36_2903,Lymphoid-DC
c_1_36_2904,Lymphoid-B
c_1_36_2905,Lymphoid-DC
c_1_36_2906,Lymphoid-B
c_1_36_2907,Lymphoid-Other
c_1_36_2908,Lymphoid-B
c_1_36_2909,Lymphoid-T
c_1_36_2910,Lymphoid-B
c_1_36_2911,Lymphoid-Other
c_1_36_2912,Lymphoid-DC
c_1_36_2913,Lymphoid-T
c_1_36_2914,Lymphoid-Other
c_1_36_2915,Lymphoid-DC
c_1_36_2916,Lymphoid-B
c_1_36_2917,Lymphoid-B
c_1_36_2918,Lymphoid-Other
c_1_36_2919,Lymphoid-B
c_1_36_2920,Lymphoid-B
c_1_36_2921,Lymphoid-B
c_1_36_2922,Lymphoid-T
c_1_36_2923,Lymphoid-DC
c_1_36_2924,Lymphoid-T
c_1_36_2925,Lymphoid-T
c_1_36_2926,Lymphoid-B
c_1_36_2927,Lymphoid-B
c_1_36_2928,Lymphoid-Other
c_1_36_2929,Lymphoid-T
c_1_36_2930,Lymphoid-DC
c_1_36_2931,Lymphoid-DC
c_1_36_2932,Endothelial
c_1_36_2933,Lymphoid-B
c_1_36_2934,Lymphoid-B
c_1_36_2935,Lymphoid-Plasma
c_1_36_2936,Lymphoid-T
c_1_36_2937,Lymphoid-B
c_1_36_2938,Lymphoid-T
c_1_36_2939,Lymphoid-T
c_1_36_2940,Lymphoid-DC
c_1_36_2941,Lymphoid-T
c_1_36_2942,Lymphoid-B
c_1_36_2943,Lymphoid-DC
c_1_36_2944,Lymphoid-B
c_1_36_2945,Lymphoid-B
c_1_36_2946,Lymphoid-T
c_1_36_2947,Lymphoid-B
c_1_36_2948,Lymphoid-B
c_1_36_2949,Lymphoid-B
c_1_36_2950,Lymphoid-T
c_1_36_2951,Lymphoid-B
c_1_36_2952,Lymphoid-Other
c_1_36_2953,Lymphoid-B
c_1_36_2954,Lymphoid-B
c_1_36_2955,Lymphoid-B
c_1_36_2956,Lymphoid-Other
c_1_36_2957,Lymphoid-B
c_1_36_2958,Lymphoid-T
c_1_36_2959,Lymphoid-B
c_1_36_2960,Lymphoid-Plasma
c_1_36_2961,Lymphoid-Other
c_1_36_2962,None
c_1_36_2963,Lymphoid-B
c_1_36_2964,Lymphoid-Other
c_1_36_2965,Lymphoid-B
c_1_36_2966,Lymphoid-Other
c_1_36_2967,Lymphoid-B
c_1_36_2968,Lymphoid-Other
c_1_36_2969,Lymphoid-T
c_1_36_2970,Lymphoid-T
c_1_36_2971,Myeloid
c_1_36_2972,Endothelial
c_1_36_2973,Lymphoid-B
c_1_36_2974,Lymphoid-Other
c_1_36_2975,Lymphoid-B
c_1_36_2976,Lymphoid-T
c_1_36_2977,Lymphoid-B
c_1_36_2978,Lymphoid-Other
c_1_36_2979,Lymphoid-B
c_1_36_2980,Lymphoid-B
c_1_36_2981,Lymphoid-DC
c_1_36_2982,Lymphoid-B
c_1_36_2983,Lymphoid-Other
c_1_36_2984,Lymphoid-Other
c_1_36_2985,Lymphoid-B
c_1_36_2986,Lymphoid-DC
c_1_36_2987,Lymphoid-B
c_1_36_2988,Lymphoid-B
c_1_36_2989,None
c_1_36_2990,Lymphoid-B
c_1_36_2991,None
c_1_36_2992,Lymphoid-B
c_1_36_2993,Lymphoid-T
c_1_36_2994,Lymphoid-Other
c_1_36_2995,Lymphoid-Other
c_1_36_2996,Lymphoid-DC
c_1_36_2997,Lymphoid-B
c_1_36_2998,Lymphoid-T
c_1_36_2999,Lymphoid-T
c_1_36_3000,Lymphoid-T
c_1_36_3001,Lymphoid-DC
c_1_36_3002,Lymphoid-B
c_1_36_3003,Lymphoid-Other
c_1_36_3004,Lymphoid-B
c_1_36_3005,Lymphoid-Other
c_1_36_3006,Lymphoid-Plasma
c_1_36_3007,Lymphoid-DC
c_1_36_3008,Lymphoid-B
c_1_36_3009,Lymphoid-B
c_1_36_3010,Lymphoid-B
c_1_36_3011,Lymphoid-T
c_1_36_3012,Lymphoid-B
c_1_36_3013,Lymphoid-B
c_1_36_3014,Lymphoid-Other
c_1_36_3015,Lymphoid-DC
c_1_36_3016,Lymphoid-B
c_1_36_3017,Lymphoid-Other
c_1_36_3018,Epithelial
c_1_36_3019,Lymphoid-DC
c_1_36_3020,Lymphoid-Other
c_1_36_3021,Lymphoid-DC
c_1_36_3022,Epithelial
c_1_36_3023,Lymphoid-B
c_1_36_3024,Lymphoid-Other
c_1_36_3025,Lymphoid-B
c_1_36_3026,Lymphoid-B
c_1_36_3027,Lymphoid-Other
c_1_36_3028,Lymphoid-DC
c_1_36_3029,Myeloid
c_1_36_3030,Lymphoid-B
c_1_36_3031,Lymphoid-Other
c_1_36_3032,Lymphoid-B
c_1_36_3033,Lymphoid-DC
c_1_36_3034,Lymphoid-T
c_1_36_3035,Lymphoid-B
c_1_36_3036,Lymphoid-B
c_1_36_3037,Lymphoid-Plasma
c_1_36_3038,Lymphoid-T
c_1_36_3039,Lymphoid-B
c_1_36_3040,Lymphoid-Plasma
c_1_36_3041,Lymphoid-B
c_1_36_3042,Lymphoid-B
c_1_36_3043,Lymphoid-Other
c_1_36_3044,Lymphoid-T
c_1_36_3045,Lymphoid-B
c_1_36_3046,Lymphoid-DC
c_1_36_3047,Lymphoid-B
c_1_36_3048,Lymphoid-Other
c_1_36_3049,Lymphoid-Other
c_1_36_3050,Lymphoid-B
c_1_36_3051,Lymphoid-Other
c_1_36_3052,Lymphoid-B
c_1_36_3053,Lymphoid-Other
c_1_36_3054,Lymphoid-Other
c_1_36_3055,Lymphoid-Other
c_1_36_3056,Lymphoid-Other
c_1_36_3057,Lymphoid-B
c_1_36_3058,Lymphoid-B
c_1_36_3059,Lymphoid-B
c_1_36_3060,Lymphoid-B
c_1_36_3061,Lymphoid-Other
c_1_36_3062,Lymphoid-Other
c_1_36_3063,Epithelial
c_1_36_3064,Lymphoid-B
c_1_36_3065,Lymphoid-DC
c_1_36_3066,Lymphoid-B
c_1_36_3067,Epithelial
c_1_36_3068,Lymphoid-B
c_1_36_3069,Lymphoid-B
c_1_36_3070,Lymphoid-B
c_1_36_3071,Lymphoid-B
c_1_36_3072,Lymphoid-B
c_1_36_3073,Lymphoid-DC
c_1_36_3074,Lymphoid-Other
c_1_36_3075,Epithelial
c_1_36_3076,Lymphoid-DC
c_1_36_3077,Lymphoid-DC
c_1_36_3078,Lymphoid-DC
c_1_36_3079,Lymphoid-Other
c_1_36_3080,Lymphoid-DC
c_1_36_3081,Lymphoid-B
c_1_36_3082,Epithelial
c_1_36_3083,Lymphoid-B
c_1_36_3084,Lymphoid-B
c_1_36_3085,Lymphoid-B
c_1_36_3086,Epithelial
c_1_36_3087,Lymphoid-B
c_1_36_3088,Mesenchymal-Stromal
c_1_36_3089,Lymphoid-B
c_1_36_3090,Lymphoid-B
c_1_36_3091,Lymphoid-DC
c_1_36_3092,Lymphoid-B
c_1_36_3093,Lymphoid-Other
c_1_36_3094,Lymphoid-Other
c_1_36_3095,Lymphoid-B
c_1_36_3096,Lymphoid-Other
c_1_36_3097,Lymphoid-B
c_1_36_3098,Lymphoid-Other
c_1_36_3099,Lymphoid-B
c_1_36_3100,Lymphoid-B
c_1_36_3101,Lymphoid-B
c_1_36_3102,Lymphoid-DC
c_1_36_3103,Lymphoid-T
c_1_36_3104,Lymphoid-B
c_1_36_3105,Lymphoid-B
c_1_36_3106,Lymphoid-DC
c_1_36_3107,Lymphoid-B
c_1_36_3108,Lymphoid-T
c_1_36_3109,Lymphoid-Other
c_1_36_3110,Lymphoid-Plasma
c_1_36_3111,Lymphoid-B
c_1_36_3112,Lymphoid-Other
c_1_36_3113,Epithelial
c_1_36_3114,Lymphoid-Other
c_1_36_3115,Lymphoid-B
c_1_36_3116,Lymphoid-B
c_1_36_3117,Lymphoid-Other
c_1_36_3118,Lymphoid-T
c_1_36_3119,Lymphoid-Other
c_1_36_3120,Myeloid
c_1_36_3121,Lymphoid-Other
c_1_36_3122,Lymphoid-B
c_1_36_3123,Lymphoid-Other
c_1_36_3124,Lymphoid-T
c_1_36_3125,Lymphoid-T
c_1_36_3126,Lymphoid-B
c_1_36_3127,Lymphoid-DC
c_1_36_3128,Lymphoid-Other
c_1_36_3129,Lymphoid-Other
c_1_36_3130,Lymphoid-B
c_1_36_3131,Lymphoid-B
c_1_36_3132,Lymphoid-B
c_1_36_3133,Lymphoid-B
c_1_36_3134,Lymphoid-Other
c_1_36_3135,Epithelial
c_1_36_3136,Lymphoid-B
c_1_36_3137,Epithelial
c_1_36_3138,Epithelial
c_1_36_3139,Lymphoid-Other
c_1_36_3140,None
c_1_36_3141,Lymphoid-B
c_1_36_3142,Lymphoid-Plasma
c_1_36_3143,Lymphoid-Other
c_1_36_3144,Lymphoid-Other
c_1_36_3145,Lymphoid-DC
c_1_36_3146,Myeloid
c_1_36_3147,Lymphoid-Other
c_1_36_3148,Lymphoid-Other
c_1_36_3149,Lymphoid-T
c_1_36_3150,Lymphoid-B
c_1_36_3151,Epithelial
c_1_36_3152,Lymphoid-B
c_1_36_3153,Lymphoid-T
c_1_36_3154,None
c_1_36_3155,Lymphoid-T
c_1_36_3156,Lymphoid-B
c_1_36_3157,Epithelial
c_1_36_3158,Lymphoid-T
c_1_36_3159,Lymphoid-DC
c_1_36_3160,Mesenchymal-Stromal
c_1_36_3161,Lymphoid-DC
c_1_36_3162,Epithelial
c_1_36_3163,Lymphoid-Plasma
c_1_36_3164,Lymphoid-B
c_1_36_3165,Lymphoid-B
c_1_36_3166,Lymphoid-DC
c_1_36_3167,Epithelial
c_1_36_3168,Lymphoid-T
c_1_36_3169,Epithelial
c_1_36_3170,Lymphoid-B
c_1_36_3171,Lymphoid-T
c_1_36_3172,Lymphoid-DC
c_1_36_3173,Lymphoid-B
c_1_36_3174,Lymphoid-T
c_1_36_3175,Lymphoid-Plasma
c_1_36_3176,Epithelial
c_1_36_3177,Epithelial
c_1_36_3178,Lymphoid-Other
c_1_36_3179,Lymphoid-Other
c_1_36_3180,Lymphoid-B
c_1_36_3181,Epithelial
c_1_36_3182,Lymphoid-Plasma
c_1_36_3183,Lymphoid-Other
c_1_36_3184,Epithelial
c_1_36_3185,Lymphoid-Other
c_1_36_3186,Epithelial
c_1_36_3187,Lymphoid-Other
c_1_36_3188,None
c_1_36_3189,Lymphoid-DC
c_1_36_3190,Lymphoid-B
c_1_36_3191,Epithelial
c_1_36_3192,Lymphoid-B
c_1_36_3193,Myeloid
c_1_36_3194,Lymphoid-B
c_1_36_3195,Lymphoid-T
c_1_36_3196,Lymphoid-Plasma
c_1_36_3197,Lymphoid-T
c_1_36_3198,Lymphoid-DC
c_1_36_3199,Epithelial
c_1_36_3200,None
c_1_36_3201,Myeloid
c_1_36_3202,Epithelial
c_1_36_3203,Lymphoid-Other
c_1_36_3204,Lymphoid-T
c_1_36_3205,Epithelial
c_1_36_3206,Lymphoid-Other
c_1_36_3207,Lymphoid-Other
c_1_36_3208,Lymphoid-Other
c_1_36_3209,Epithelial
c_1_36_3210,Epithelial
c_1_36_3211,Lymphoid-Other
c_1_36_3212,Epithelial
c_1_36_3213,Epithelial
c_1_36_3214,Epithelial
c_1_36_3215,Epithelial
c_1_36_3216,Epithelial
c_1_36_3217,Lymphoid-T
c_1_36_3218,Epithelial
c_1_36_3219,Epithelial
c_1_36_3220,Epithelial
c_1_36_3221,Epithelial
c_1_36_3222,Lymphoid-Other
c_1_36_3223,Lymphoid-T
c_1_36_3224,Lymphoid-Plasma
c_1_36_3225,Epithelial
c_1_36_3226,Lymphoid-T
c_1_36_3227,Lymphoid-T
c_1_36_3228,Lymphoid-Plasma
c_1_36_3229,Epithelial
c_1_36_3230,Endothelial
c_1_36_3231,Epithelial
c_1_36_3232,Epithelial
c_1_36_3233,Epithelial
c_1_36_3234,Epithelial
c_1_36_3235,Lymphoid-T
c_1_36_3236,Epithelial
c_1_36_3237,Epithelial
c_1_36_3238,Epithelial
c_1_36_3239,Epithelial
c_1_36_3240,Epithelial
c_1_36_3241,Epithelial
c_1_36_3242,Epithelial
c_1_36_3243,Epithelial
c_1_36_3244,Epithelial
c_1_36_3245,Lymphoid-Other
c_1_36_3246,Epithelial
c_1_36_3247,None
c_1_36_3248,Epithelial
c_1_36_3249,None
c_1_36_3250,Epithelial
c_1_36_3251,Lymphoid-Other
c_1_36_3252,Epithelial
c_1_36_3253,Lymphoid-Other
c_1_36_3254,None
c_1_36_3255,Epithelial
c_1_36_3256,Lymphoid-B
c_1_36_3257,Endothelial
c_1_36_3258,Lymphoid-T
c_1_36_3259,Lymphoid-B
c_1_36_3260,Lymphoid-T
c_1_36_3261,Lymphoid-T
c_1_36_3262,Lymphoid-B
c_1_36_3263,None
c_1_36_3264,Lymphoid-T
c_1_36_3265,Lymphoid-DC
c_1_36_3266,Lymphoid-DC
c_1_36_3267,Lymphoid-B
c_1_36_3268,Lymphoid-B
c_1_36_3269,Lymphoid-B
c_1_36_3270,Lymphoid-DC
c_1_36_3271,Lymphoid-Other
c_1_36_3272,Lymphoid-B
c_1_36_3273,Endothelial
c_1_36_3274,Lymphoid-B
c_1_36_3275,Lymphoid-Other
c_1_36_3276,Lymphoid-B
c_1_36_3277,Lymphoid-Other
c_1_36_3278,Lymphoid-Other
c_1_36_3279,Lymphoid-T
c_1_36_3280,Lymphoid-T
c_1_36_3281,Lymphoid-T
c_1_36_3282,None
c_1_36_3283,Lymphoid-Other
c_1_36_3284,Lymphoid-T
c_1_36_3285,Lymphoid-T
c_1_36_3286,Lymphoid-T
c_1_36_3287,Lymphoid-T
c_1_36_3288,Lymphoid-T
c_1_36_3289,Lymphoid-T
c_1_36_3290,Lymphoid-T
c_1_36_3291,Lymphoid-T
c_1_36_3292,Lymphoid-DC
c_1_36_3293,Lymphoid-T
c_1_36_3294,Lymphoid-T
c_1_36_3295,Lymphoid-DC
c_1_36_3296,Lymphoid-DC
c_1_36_3297,None
c_1_36_3298,Lymphoid-Other
c_1_36_3299,None
c_1_36_3300,None
c_1_36_3301,Lymphoid-T
c_1_36_3302,None
c_1_36_3303,Lymphoid-T
c_1_36_3304,Lymphoid-DC
c_1_36_3305,Lymphoid-T
c_1_36_3306,Lymphoid-T
c_1_36_3307,Lymphoid-T
c_1_36_3308,Lymphoid-B
c_1_36_3309,None
c_1_36_3310,Lymphoid-Other
c_1_36_3311,Lymphoid-B
c_1_36_3312,Lymphoid-Other
c_1_36_3313,Lymphoid-T
c_1_36_3314,Lymphoid-B
c_1_36_3315,Lymphoid-Other
c_1_36_3316,Lymphoid-DC
c_1_36_3317,Lymphoid-T
c_1_36_3318,Lymphoid-T
c_1_36_3319,Lymphoid-B
c_1_36_3320,Lymphoid-T
c_1_36_3321,Lymphoid-T
c_1_36_3322,Lymphoid-T
c_1_36_3323,None
c_1_36_3324,Lymphoid-T
c_1_36_3325,Lymphoid-B
c_1_36_3326,Endothelial
c_1_36_3327,None
c_1_36_3328,Lymphoid-Plasma
c_1_36_3329,Lymphoid-T
c_1_36_3330,Lymphoid-Other
c_1_36_3331,Lymphoid-T
c_1_36_3332,None
c_1_36_3333,Lymphoid-B
c_1_36_3334,Lymphoid-B
c_1_36_3335,Lymphoid-Other
c_1_36_3336,Lymphoid-T
c_1_36_3337,Lymphoid-Other
c_1_36_3338,Lymphoid-B
c_1_36_3339,Lymphoid-DC
c_1_36_3340,Lymphoid-B
c_1_36_3341,Lymphoid-B
c_1_36_3342,Lymphoid-T
c_1_36_3343,Lymphoid-T
c_1_36_3344,Lymphoid-T
c_1_36_3345,Lymphoid-B
c_1_36_3346,Lymphoid-T
c_1_36_3347,Lymphoid-T
c_1_36_3348,None
c_1_36_3349,Lymphoid-B
c_1_36_3350,Lymphoid-T
c_1_36_3351,Lymphoid-T
c_1_36_3352,Lymphoid-Other
c_1_36_3353,Lymphoid-Other
c_1_36_3354,Lymphoid-B
c_1_36_3355,Lymphoid-Other
c_1_36_3356,None
c_1_36_3357,None
c_1_36_3358,Lymphoid-B
c_1_36_3359,Lymphoid-T
c_1_36_3360,Endothelial
c_1_36_3361,Lymphoid-Other
c_1_36_3362,Lymphoid-B
c_1_36_3363,Lymphoid-Other
c_1_36_3364,Lymphoid-Other
c_1_36_3365,Lymphoid-Plasma
c_1_36_3366,Lymphoid-B
c_1_36_3367,Lymphoid-T
c_1_36_3368,Lymphoid-T
c_1_36_3369,Lymphoid-Other
c_1_36_3370,Lymphoid-DC
c_1_36_3371,Lymphoid-B
c_1_36_3372,None
c_1_36_3373,Lymphoid-DC
c_1_36_3374,Lymphoid-T
c_1_36_3375,Lymphoid-Plasma
c_1_36_3376,Lymphoid-Other
c_1_36_3377,Lymphoid-T
c_1_36_3378,Lymphoid-T
c_1_36_3379,Lymphoid-B
c_1_36_3380,Myeloid
c_1_36_3381,Lymphoid-Other
c_1_36_3382,Lymphoid-B
c_1_36_3383,Lymphoid-B
c_1_36_3384,Lymphoid-T
c_1_36_3385,Lymphoid-T
c_1_36_3386,Lymphoid-B
c_1_36_3387,Lymphoid-B
c_1_36_3388,Lymphoid-T
c_1_36_3389,Lymphoid-B
c_1_36_3390,Lymphoid-DC
c_1_36_3391,None
c_1_36_3392,Lymphoid-B
c_1_36_3393,Lymphoid-T
c_1_36_3394,None
c_1_36_3395,Lymphoid-T
c_1_36_3396,Lymphoid-Other
c_1_36_3397,None
c_1_36_3398,Lymphoid-Other
c_1_36_3399,Lymphoid-Other
c_1_36_3400,Lymphoid-T
c_1_36_3401,Myeloid
c_1_36_3402,Lymphoid-T
c_1_36_3403,Lymphoid-Other
c_1_36_3404,Lymphoid-Other
c_1_36_3405,Lymphoid-Other
c_1_36_3406,None
c_1_36_3407,Lymphoid-DC
c_1_36_3408,Lymphoid-B
c_1_36_3409,Lymphoid-T
c_1_36_3410,Lymphoid-T
c_1_36_3411,Lymphoid-T
c_1_36_3412,Epithelial
c_1_36_3413,Lymphoid-T
c_1_36_3414,Lymphoid-Other
c_1_36_3415,Lymphoid-Other
c_1_36_3416,Lymphoid-DC
c_1_36_3417,Lymphoid-T
c_1_36_3418,Lymphoid-B
c_1_36_3419,Lymphoid-Other
c_1_36_3420,Lymphoid-DC
c_1_36_3421,Lymphoid-B
c_1_36_3422,Lymphoid-T
c_1_36_3423,Lymphoid-DC
c_1_36_3424,Lymphoid-T
c_1_36_3425,Lymphoid-DC
c_1_36_3426,Lymphoid-B
c_1_36_3427,Lymphoid-Other
c_1_36_3428,Lymphoid-B
c_1_36_3429,Lymphoid-B
c_1_36_3430,Lymphoid-B
c_1_36_3431,Lymphoid-B
c_1_36_3432,Lymphoid-B
c_1_36_3433,Lymphoid-B
c_1_36_3434,Lymphoid-B
c_1_36_3435,Lymphoid-T
c_1_36_3436,Lymphoid-T
c_1_36_3437,Lymphoid-B
c_1_36_3438,Lymphoid-B
c_1_36_3439,Lymphoid-B
c_1_36_3440,Lymphoid-Plasma
c_1_36_3441,Lymphoid-B
c_1_36_3442,Lymphoid-Other
c_1_36_3443,Lymphoid-B
c_1_36_3444,Lymphoid-T
c_1_36_3445,Lymphoid-Other
c_1_36_3446,Lymphoid-Other
c_1_36_3447,Lymphoid-B
c_1_36_3448,None
c_1_36_3449,Lymphoid-B
c_1_36_3450,Lymphoid-B
c_1_36_3451,Lymphoid-B
c_1_36_3452,Lymphoid-T
c_1_36_3453,Lymphoid-B
c_1_36_3454,Lymphoid-B
c_1_36_3455,Lymphoid-B
c_1_36_3456,Lymphoid-B
c_1_36_3457,Lymphoid-B
c_1_36_3458,Lymphoid-Other
c_1_36_3459,Lymphoid-DC
c_1_36_3460,Lymphoid-DC
c_1_36_3461,Lymphoid-B
c_1_36_3462,Lymphoid-T
c_1_36_3463,Lymphoid-B
c_1_36_3464,Lymphoid-B
c_1_36_3465,Lymphoid-B
c_1_36_3466,Lymphoid-T
c_1_36_3467,Lymphoid-T
c_1_36_3468,Lymphoid-B
c_1_36_3469,Lymphoid-B
c_1_36_3470,Lymphoid-Other
c_1_36_3471,Lymphoid-T
c_1_36_3472,Lymphoid-DC
c_1_36_3473,Lymphoid-B
c_1_36_3474,Lymphoid-B
c_1_36_3475,Lymphoid-Other
c_1_36_3476,Lymphoid-B
c_1_36_3477,None
c_1_36_3478,Epithelial
c_1_36_3479,Lymphoid-B
c_1_36_3480,Lymphoid-T
c_1_36_3481,Lymphoid-T
c_1_36_3482,Lymphoid-T
c_1_36_3483,Lymphoid-B
c_1_36_3484,Lymphoid-B
c_1_36_3485,Lymphoid-B
c_1_36_3486,Lymphoid-T
c_1_36_3487,Lymphoid-B
c_1_36_3488,Lymphoid-Other
c_1_36_3489,Lymphoid-B
c_1_36_3490,Lymphoid-B
c_1_36_3491,Lymphoid-B
c_1_36_3492,Lymphoid-B
c_1_36_3493,Lymphoid-B
c_1_36_3494,Lymphoid-B
c_1_36_3495,Myeloid
c_1_36_3496,Lymphoid-Other
c_1_36_3497,Lymphoid-B
c_1_36_3498,Lymphoid-Other
c_1_36_3499,Lymphoid-T
c_1_36_3500,Lymphoid-B
c_1_36_3501,Lymphoid-B
c_1_36_3502,Lymphoid-B
c_1_36_3503,Lymphoid-B
c_1_36_3504,Lymphoid-T
c_1_36_3505,Lymphoid-B
c_1_36_3506,Lymphoid-B
c_1_36_3507,Lymphoid-B
c_1_36_3508,Lymphoid-B
c_1_36_3509,Lymphoid-B
c_1_36_3510,Lymphoid-B
c_1_36_3511,Lymphoid-Other
c_1_36_3512,Lymphoid-B
c_1_36_3513,Lymphoid-B
c_1_36_3514,Lymphoid-B
c_1_36_3515,Lymphoid-B
c_1_36_3516,Lymphoid-Other
c_1_36_3517,Lymphoid-T
c_1_36_3518,None
c_1_36_3519,Lymphoid-B
c_1_36_3520,Lymphoid-B
c_1_36_3521,Lymphoid-Other
c_1_36_3522,Lymphoid-B
c_1_36_3523,Lymphoid-B
c_1_36_3524,Epithelial
c_1_36_3525,Lymphoid-B
c_1_36_3526,Lymphoid-Other
c_1_36_3527,Lymphoid-T
c_1_36_3528,Lymphoid-B
c_1_36_3529,Lymphoid-B
c_1_36_3530,Lymphoid-T
c_1_36_3531,Lymphoid-DC
c_1_36_3532,Lymphoid-T
c_1_36_3533,Lymphoid-B
c_1_36_3534,Lymphoid-Other
c_1_36_3535,None
c_1_36_3536,Lymphoid-DC
c_1_36_3537,Lymphoid-T
c_1_36_3538,Epithelial
c_1_36_3539,Lymphoid-B
c_1_36_3540,Myeloid
c_1_36_3541,Lymphoid-B
c_1_36_3542,Lymphoid-B
c_1_36_3543,Lymphoid-Other
c_1_36_3544,Lymphoid-B
c_1_36_3545,Lymphoid-T
c_1_36_3546,Lymphoid-B
c_1_36_3547,Lymphoid-DC
c_1_36_3548,Lymphoid-B
c_1_36_3549,Lymphoid-B
c_1_36_3550,Lymphoid-T
c_1_36_3551,Lymphoid-B
c_1_36_3552,Lymphoid-Other
c_1_36_3553,Lymphoid-B
c_1_36_3554,Lymphoid-B
c_1_36_3555,Lymphoid-Other
c_1_36_3556,Lymphoid-B
c_1_36_3557,Lymphoid-DC
c_1_36_3558,Lymphoid-B
c_1_36_3559,Lymphoid-B
c_1_36_3560,Lymphoid-B
c_1_36_3561,Lymphoid-B
c_1_36_3562,Lymphoid-T
c_1_36_3563,Epithelial
c_1_36_3564,Lymphoid-Other
c_1_36_3565,Lymphoid-B
c_1_36_3566,Lymphoid-B
c_1_36_3567,Lymphoid-DC
c_1_36_3568,Lymphoid-B
c_1_36_3569,Lymphoid-B
c_1_36_3570,Lymphoid-Other
c_1_36_3571,Lymphoid-B
c_1_36_3572,Lymphoid-B
c_1_36_3573,Lymphoid-DC
c_1_36_3574,Lymphoid-B
c_1_36_3575,Lymphoid-B
c_1_36_3576,Lymphoid-Other
c_1_36_3577,Lymphoid-B
c_1_36_3578,Lymphoid-B
c_1_36_3579,Lymphoid-B
c_1_36_3580,Lymphoid-Other
c_1_36_3581,Lymphoid-T
c_1_36_3582,Lymphoid-B
c_1_36_3583,Lymphoid-Other
c_1_36_3584,Lymphoid-B
c_1_36_3585,Lymphoid-B
c_1_36_3586,Lymphoid-Other
c_1_36_3587,Lymphoid-DC
c_1_36_3588,Lymphoid-B
c_1_36_3589,Lymphoid-B
c_1_36_3590,Lymphoid-Other
c_1_36_3591,Lymphoid-T
c_1_36_3592,Lymphoid-B
c_1_36_3593,Lymphoid-DC
c_1_36_3594,Lymphoid-DC
c_1_36_3595,Lymphoid-B
c_1_36_3596,Lymphoid-T
c_1_36_3597,Lymphoid-DC
c_1_36_3598,Lymphoid-B
c_1_36_3599,Lymphoid-Other
c_1_36_3600,Lymphoid-B
c_1_36_3601,Lymphoid-T
c_1_36_3602,Lymphoid-T
c_1_36_3603,Lymphoid-B
c_1_36_3604,Lymphoid-Other
c_1_36_3605,Lymphoid-B
c_1_36_3606,Lymphoid-DC
c_1_36_3607,Lymphoid-B
c_1_36_3608,Lymphoid-B
c_1_36_3609,Lymphoid-B
c_1_36_3610,Lymphoid-DC
c_1_36_3611,Lymphoid-B
c_1_36_3612,Lymphoid-B
c_1_36_3613,Lymphoid-B
c_1_36_3614,Lymphoid-Other
c_1_36_3615,Lymphoid-T
c_1_36_3616,Lymphoid-B
c_1_36_3617,Lymphoid-B
c_1_36_3618,Lymphoid-B
c_1_36_3619,Lymphoid-B
c_1_36_3620,Lymphoid-B
c_1_36_3621,Lymphoid-DC
c_1_36_3622,Epithelial
c_1_36_3623,Lymphoid-B
c_1_36_3624,Lymphoid-B
c_1_36_3625,Lymphoid-Plasma
c_1_36_3626,Lymphoid-DC
c_1_36_3627,None
c_1_36_3628,Lymphoid-B
c_1_36_3629,Lymphoid-DC
c_1_36_3630,Lymphoid-T
c_1_36_3631,Lymphoid-T
c_1_36_3632,Lymphoid-T
c_1_36_3633,Lymphoid-B
c_1_36_3634,Lymphoid-B
c_1_36_3635,Lymphoid-T
c_1_36_3636,Myeloid
c_1_36_3637,Lymphoid-T
c_1_36_3638,Lymphoid-Other
c_1_36_3639,Lymphoid-Other
c_1_36_3640,Lymphoid-Other
c_1_36_3641,Lymphoid-B
c_1_36_3642,Lymphoid-T
c_1_36_3643,Lymphoid-B
c_1_36_3644,Lymphoid-DC
c_1_36_3645,Lymphoid-T
c_1_36_3646,Lymphoid-B
c_1_36_3647,Lymphoid-B
c_1_36_3648,Lymphoid-B
c_1_36_3649,Lymphoid-T
c_1_36_3650,Lymphoid-DC
c_1_36_3651,Lymphoid-Other
c_1_36_3652,Lymphoid-B
c_1_36_3653,Lymphoid-T
c_1_36_3654,Lymphoid-T
c_1_36_3655,Lymphoid-B
c_1_36_3656,Lymphoid-B
c_1_36_3657,Lymphoid-B
c_1_36_3658,Lymphoid-B
c_1_36_3659,Lymphoid-Other
c_1_36_3660,Lymphoid-DC
c_1_36_3661,Lymphoid-B
c_1_36_3662,Lymphoid-B
c_1_36_3663,Lymphoid-T
c_1_36_3664,Lymphoid-T
c_1_36_3665,Lymphoid-Other
c_1_36_3666,None
c_1_36_3667,Lymphoid-B
c_1_36_3668,Lymphoid-B
c_1_36_3669,Lymphoid-T
c_1_36_3670,Lymphoid-T
c_1_36_3671,Lymphoid-B
c_1_36_3672,Lymphoid-B
c_1_36_3673,None
c_1_36_3674,Lymphoid-B
c_1_36_3675,Lymphoid-Other
c_1_36_3676,Lymphoid-DC
c_1_36_3677,Lymphoid-DC
c_1_36_3678,Lymphoid-Other
c_1_36_3679,Lymphoid-Other
c_1_36_3680,Lymphoid-DC
c_1_36_3681,Lymphoid-B
c_1_36_3682,Lymphoid-B
c_1_36_3683,Lymphoid-B
c_1_36_3684,Lymphoid-B
c_1_36_3685,Lymphoid-B
c_1_36_3686,Lymphoid-B
c_1_36_3687,Lymphoid-T
c_1_36_3688,Lymphoid-Other
c_1_36_3689,Lymphoid-Plasma
c_1_36_3690,Lymphoid-B
c_1_36_3691,Myeloid
c_1_36_3692,Lymphoid-B
c_1_36_3693,Lymphoid-B
c_1_36_3694,Lymphoid-B
c_1_36_3695,Lymphoid-DC
c_1_36_3696,Lymphoid-B
c_1_36_3697,Lymphoid-B
c_1_36_3698,Lymphoid-B
c_1_36_3699,Lymphoid-B
c_1_36_3700,Lymphoid-T
c_1_36_3701,Lymphoid-B
c_1_36_3702,Lymphoid-B
c_1_36_3703,Lymphoid-B
c_1_36_3704,Lymphoid-B
c_1_36_3705,Lymphoid-B
c_1_36_3706,Lymphoid-Other
c_1_36_3707,Lymphoid-DC
c_1_36_3708,Lymphoid-B
c_1_36_3709,Lymphoid-T
c_1_36_3710,Lymphoid-B
c_1_36_3711,Lymphoid-T
c_1_36_3712,Lymphoid-DC
c_1_36_3713,Lymphoid-B
c_1_36_3714,Lymphoid-DC
c_1_36_3715,Lymphoid-B
c_1_36_3716,Lymphoid-Other
c_1_36_3717,Lymphoid-B
c_1_36_3718,Lymphoid-T
c_1_36_3719,Lymphoid-Other
c_1_36_3720,Lymphoid-T
c_1_36_3721,Lymphoid-Plasma
c_1_36_3722,Lymphoid-T
c_1_36_3723,Lymphoid-B
c_1_36_3724,Lymphoid-B
c_1_36_3725,Lymphoid-Other
c_1_36_3726,Lymphoid-DC
c_1_36_3727,Lymphoid-B
c_1_36_3728,Lymphoid-Other
c_1_36_3729,Lymphoid-DC
c_1_36_3730,Lymphoid-B
c_1_36_3731,Lymphoid-T
c_1_36_3732,Lymphoid-T
c_1_36_3733,Lymphoid-Other
c_1_36_3734,Myeloid
c_1_36_3735,Lymphoid-Other
c_1_36_3736,Lymphoid-T
c_1_36_3737,Lymphoid-B
c_1_36_3738,Lymphoid-B
c_1_36_3739,Lymphoid-B
c_1_36_3740,Lymphoid-B
c_1_36_3741,Lymphoid-B
c_1_36_3742,Lymphoid-B
c_1_36_3743,Lymphoid-T
c_1_36_3744,Lymphoid-T
c_1_36_3745,Lymphoid-B
c_1_36_3746,Lymphoid-T
c_1_36_3747,Lymphoid-T
c_1_36_3748,Lymphoid-Other
c_1_36_3749,Lymphoid-B
c_1_36_3750,Lymphoid-B
c_1_36_3751,Lymphoid-DC
c_1_36_3752,Lymphoid-B
c_1_36_3753,Lymphoid-Other
c_1_36_3754,Lymphoid-Other
c_1_36_3755,Lymphoid-B
c_1_36_3756,Lymphoid-B
c_1_36_3757,Lymphoid-Other
c_1_36_3758,Lymphoid-B
c_1_36_3759,Lymphoid-B
c_1_36_3760,Lymphoid-T
c_1_36_3761,Lymphoid-Other
c_1_36_3762,Lymphoid-B
c_1_36_3763,Lymphoid-B
c_1_36_3764,Lymphoid-DC
c_1_36_3765,Lymphoid-Other
c_1_36_3766,Lymphoid-B
c_1_36_3767,None
c_1_36_3768,Lymphoid-B
c_1_36_3769,Lymphoid-B
c_1_36_3770,Lymphoid-B
c_1_36_3771,Lymphoid-B
c_1_36_3772,Lymphoid-B
c_1_36_3773,Lymphoid-T
c_1_36_3774,Lymphoid-Other
c_1_36_3775,Lymphoid-B
c_1_36_3776,Lymphoid-B
c_1_36_3777,Lymphoid-B
c_1_36_3778,Lymphoid-Other
c_1_36_3779,Lymphoid-B
c_1_36_3780,Lymphoid-B
c_1_36_3781,Lymphoid-B
c_1_36_3782,Lymphoid-Other
c_1_36_3783,Lymphoid-B
c_1_36_3784,Lymphoid-B
c_1_36_3785,Lymphoid-B
c_1_36_3786,Lymphoid-B
c_1_36_3787,Lymphoid-T
c_1_36_3788,Lymphoid-B
c_1_36_3789,Lymphoid-DC
c_1_36_3790,None
c_1_36_3791,Lymphoid-Other
c_1_36_3792,Lymphoid-T
c_1_36_3793,Lymphoid-B
c_1_36_3794,Lymphoid-B
c_1_36_3795,Lymphoid-B
c_1_36_3796,Lymphoid-Plasma
c_1_36_3797,Lymphoid-B
c_1_36_3798,Lymphoid-B
c_1_36_3799,None
c_1_36_3800,Lymphoid-Plasma
c_1_36_3801,Lymphoid-B
c_1_36_3802,Lymphoid-B
c_1_36_3803,Lymphoid-B
c_1_36_3804,Lymphoid-B
c_1_36_3805,Lymphoid-B
c_1_36_3806,Lymphoid-DC
c_1_36_3807,Lymphoid-T
c_1_36_3808,None
c_1_36_3809,Lymphoid-Other
c_1_36_3810,Myeloid
c_1_36_3811,Lymphoid-Other
c_1_36_3812,None
c_1_36_3813,Lymphoid-B
c_1_36_3814,Lymphoid-T
c_1_36_3815,Lymphoid-Other
c_1_36_3816,Lymphoid-B
c_1_36_3817,Lymphoid-B
c_1_36_3818,Lymphoid-Other
c_1_36_3819,Lymphoid-Other
c_1_36_3820,Lymphoid-Other
c_1_36_3821,None
c_1_36_3822,Lymphoid-B
c_1_36_3823,Lymphoid-Other
c_1_36_3824,Lymphoid-Other
c_1_36_3825,Lymphoid-B
c_1_36_3826,Lymphoid-B
c_1_36_3827,Lymphoid-T
c_1_36_3828,Lymphoid-Other
c_1_36_3829,Lymphoid-DC
c_1_36_3830,Lymphoid-B
c_1_36_3831,Lymphoid-DC
c_1_36_3832,Lymphoid-T
c_1_36_3833,Lymphoid-DC
c_1_36_3834,Myeloid
c_1_36_3835,Lymphoid-B
c_1_36_3836,Lymphoid-B
c_1_36_3837,Lymphoid-B
c_1_36_3838,Lymphoid-B
c_1_36_3839,Lymphoid-Other
c_1_36_3840,Lymphoid-B
c_1_36_3841,Lymphoid-B
c_1_36_3842,Lymphoid-B
c_1_36_3843,Lymphoid-B
c_1_36_3844,Lymphoid-T
c_1_36_3845,Lymphoid-B
c_1_36_3846,Lymphoid-B
c_1_36_3847,Lymphoid-B
c_1_36_3848,Lymphoid-Other
c_1_36_3849,Lymphoid-Other
c_1_36_3850,Lymphoid-Other
c_1_36_3851,None
c_1_36_3852,Lymphoid-B
c_1_36_3853,Lymphoid-B
c_1_36_3854,Lymphoid-T
c_1_36_3855,Lymphoid-B
c_1_36_3856,Lymphoid-Other
c_1_36_3857,Lymphoid-DC
c_1_36_3858,Lymphoid-Other
c_1_36_3859,Lymphoid-Other
c_1_36_3860,Lymphoid-DC
c_1_36_3861,Lymphoid-Other
c_1_36_3862,Lymphoid-DC
c_1_36_3863,Lymphoid-Other
c_1_36_3864,Lymphoid-B
c_1_36_3865,Lymphoid-T
c_1_36_3866,Lymphoid-B
c_1_36_3867,Lymphoid-B
c_1_36_3868,Lymphoid-Other
c_1_36_3869,Lymphoid-T
c_1_36_3870,Lymphoid-B
c_1_36_3871,Lymphoid-B
c_1_36_3872,Lymphoid-B
c_1_36_3873,Lymphoid-B
c_1_36_3874,Lymphoid-Other
c_1_36_3875,Lymphoid-DC
c_1_36_3876,Lymphoid-Other
c_1_36_3877,Lymphoid-B
c_1_36_3878,Lymphoid-B
c_1_36_3879,Lymphoid-B
c_1_36_3880,Lymphoid-DC
c_1_36_3881,Lymphoid-B
c_1_36_3882,Lymphoid-B
c_1_36_3883,Lymphoid-B
c_1_36_3884,Lymphoid-B
c_1_36_3885,Lymphoid-B
c_1_36_3886,Lymphoid-Other
c_1_36_3887,Lymphoid-DC
c_1_36_3888,None
c_1_36_3889,Lymphoid-Other
c_1_36_3890,Lymphoid-B
c_1_36_3891,Lymphoid-B
c_1_36_3892,Lymphoid-T
c_1_36_3893,Lymphoid-B
c_1_36_3894,Lymphoid-DC
c_1_36_3895,Lymphoid-Other
c_1_36_3896,Lymphoid-Other
c_1_36_3897,Lymphoid-T
c_1_36_3898,Lymphoid-B
c_1_36_3899,Lymphoid-B
c_1_36_3900,Lymphoid-B
c_1_36_3901,Lymphoid-B
c_1_36_3902,Lymphoid-B
c_1_36_3903,Lymphoid-Other
c_1_36_3904,Lymphoid-Other
c_1_36_3905,Lymphoid-B
c_1_36_3906,Lymphoid-Other
c_1_36_3907,Lymphoid-Other
c_1_36_3908,Lymphoid-B
c_1_36_3909,Lymphoid-B
c_1_36_3910,Lymphoid-B
c_1_36_3911,Lymphoid-B
c_1_36_3912,Lymphoid-B
c_1_36_3913,Lymphoid-DC
c_1_36_3914,Lymphoid-T
c_1_36_3915,Lymphoid-B
c_1_36_3916,Lymphoid-DC
c_1_36_3917,Lymphoid-B
c_1_36_3918,Lymphoid-B
c_1_36_3919,Lymphoid-B
c_1_36_3920,Lymphoid-Other
c_1_36_3921,Lymphoid-B
c_1_36_3922,Lymphoid-Other
c_1_36_3923,Lymphoid-B
c_1_36_3924,Lymphoid-B
c_1_36_3925,Lymphoid-B
c_1_36_3926,Lymphoid-B
c_1_36_3927,Lymphoid-B
c_1_36_3928,Lymphoid-DC
c_1_36_3929,Lymphoid-B
c_1_36_3930,Lymphoid-B
c_1_36_3931,Lymphoid-Other
c_1_36_3932,Lymphoid-B
c_1_36_3933,Lymphoid-B
c_1_36_3934,Lymphoid-Other
c_1_36_3935,Lymphoid-B
c_1_36_3936,Lymphoid-T
c_1_36_3937,Lymphoid-B
c_1_36_3938,Lymphoid-B
c_1_36_3939,Lymphoid-B
c_1_36_3940,None
c_1_36_3941,Lymphoid-B
c_1_36_3942,Lymphoid-B
c_1_36_3943,Lymphoid-B
c_1_36_3944,Lymphoid-T
c_1_36_3945,None
c_1_36_3946,Lymphoid-B
c_1_36_3947,Lymphoid-T
c_1_36_3948,Lymphoid-T
c_1_36_3949,Lymphoid-T
c_1_36_3950,None
c_1_36_3951,Lymphoid-B
c_1_36_3952,Lymphoid-B
c_1_36_3953,Lymphoid-Other
c_1_36_3954,Lymphoid-DC
c_1_36_3955,Epithelial
c_1_36_3956,Lymphoid-B
c_1_36_3957,Myeloid
c_1_36_3958,Lymphoid-B
c_1_36_3959,Lymphoid-Other
c_1_36_3960,Lymphoid-B
c_1_36_3961,Lymphoid-DC
c_1_36_3962,Lymphoid-B
c_1_36_3963,Lymphoid-B
c_1_36_3964,Lymphoid-B
c_1_36_3965,Lymphoid-T
c_1_36_3966,Lymphoid-B
c_1_36_3967,Lymphoid-B
c_1_36_3968,Lymphoid-B
c_1_36_3969,Lymphoid-B
c_1_36_3970,Lymphoid-Plasma
c_1_36_3971,Lymphoid-B
c_1_36_3972,Lymphoid-Other
c_1_36_3973,Lymphoid-B
c_1_36_3974,Lymphoid-B
c_1_36_3975,Lymphoid-B
c_1_36_3976,Endothelial
c_1_36_3977,Lymphoid-T
c_1_36_3978,Lymphoid-Other
c_1_36_3979,Lymphoid-DC
c_1_36_3980,Lymphoid-Other
c_1_36_3981,Lymphoid-T
c_1_36_3982,Lymphoid-T
c_1_36_3983,Lymphoid-B
c_1_36_3984,Lymphoid-B
c_1_36_3985,Lymphoid-DC
c_1_36_3986,Lymphoid-DC
c_1_36_3987,None
c_1_36_3988,Lymphoid-Plasma
c_1_36_3989,Lymphoid-B
c_1_36_3990,Lymphoid-B
c_1_36_3991,Lymphoid-B
c_1_36_3992,Lymphoid-B
c_1_36_3993,Lymphoid-DC
c_1_36_3994,Lymphoid-B
c_1_36_3995,Lymphoid-B
c_1_36_3996,Lymphoid-DC
c_1_36_3997,Lymphoid-T
c_1_36_3998,Lymphoid-B
c_1_36_3999,Lymphoid-B
c_1_36_4000,Lymphoid-B
c_1_36_4001,Lymphoid-Other
c_1_36_4002,Lymphoid-B
c_1_36_4003,Lymphoid-B
c_1_36_4004,Lymphoid-T
c_1_36_4005,Lymphoid-DC
c_1_36_4006,Lymphoid-B
c_1_36_4007,Lymphoid-Plasma
c_1_36_4008,Lymphoid-B
c_1_36_4009,Lymphoid-B
c_1_36_4010,Lymphoid-DC
c_1_36_4011,Lymphoid-DC
c_1_36_4012,Lymphoid-T
c_1_36_4013,Lymphoid-T
c_1_36_4014,Lymphoid-DC
c_1_36_4015,Lymphoid-B
c_1_36_4016,Lymphoid-B
c_1_36_4017,Lymphoid-Other
c_1_36_4018,Lymphoid-B
c_1_36_4019,Lymphoid-B
c_1_36_4020,Lymphoid-B
c_1_36_4021,Lymphoid-B
c_1_36_4022,Lymphoid-B
c_1_36_4023,Lymphoid-Other
c_1_36_4024,Lymphoid-B
c_1_36_4025,None
c_1_36_4026,Lymphoid-T
c_1_36_4027,Lymphoid-DC
c_1_36_4028,Lymphoid-DC
c_1_36_4029,Lymphoid-B
c_1_36_4030,Lymphoid-B
c_1_36_4031,Lymphoid-B
c_1_36_4032,Lymphoid-B
c_1_36_4033,Lymphoid-B
c_1_36_4034,Lymphoid-B
c_1_36_4035,Lymphoid-Other
c_1_36_4036,Lymphoid-B
c_1_36_4037,Lymphoid-Other
c_1_36_4038,Lymphoid-B
c_1_36_4039,None
c_1_36_4040,Lymphoid-B
c_1_36_4041,Lymphoid-B
c_1_36_4042,Lymphoid-Other
c_1_36_4043,Lymphoid-B
c_1_36_4044,Lymphoid-Other
c_1_36_4045,Lymphoid-T
c_1_36_4046,Lymphoid-B
c_1_36_4047,Lymphoid-B
c_1_36_4048,Lymphoid-Other
c_1_36_4049,Lymphoid-B
c_1_36_4050,Lymphoid-Other
c_1_36_4051,Lymphoid-B
c_1_36_4052,Lymphoid-B
c_1_36_4053,Lymphoid-B
c_1_36_4054,Endothelial
c_1_36_4055,Lymphoid-B
c_1_36_4056,Lymphoid-B
c_1_36_4057,Lymphoid-T
c_1_36_4058,Lymphoid-DC
c_1_36_4059,Lymphoid-Plasma
c_1_36_4060,Lymphoid-DC
c_1_36_4061,Lymphoid-B
c_1_36_4062,Lymphoid-B
c_1_36_4063,Lymphoid-B
c_1_36_4064,Lymphoid-T
c_1_36_4065,Lymphoid-DC
c_1_36_4066,Lymphoid-Other
c_1_36_4067,Lymphoid-DC
c_1_36_4068,Lymphoid-Other
c_1_36_4069,Lymphoid-B
c_1_36_4070,Lymphoid-Other
c_1_36_4071,Lymphoid-T
c_1_36_4072,Lymphoid-B
c_1_36_4073,None
c_1_36_4074,Lymphoid-Other
c_1_36_4075,Lymphoid-B
c_1_36_4076,Lymphoid-B
c_1_36_4077,Lymphoid-Other
c_1_36_4078,Lymphoid-T
c_1_36_4079,Lymphoid-B
c_1_36_4080,Lymphoid-T
c_1_36_4081,None
c_1_36_4082,Lymphoid-Other
c_1_36_4083,Lymphoid-B
c_1_36_4084,Lymphoid-B
c_1_36_4085,Epithelial
c_1_36_4086,Lymphoid-Other
c_1_36_4087,Lymphoid-B
c_1_36_4088,Lymphoid-B
c_1_36_4089,Lymphoid-Other
c_1_36_4090,Lymphoid-B
c_1_36_4091,Lymphoid-T
c_1_36_4092,Lymphoid-B
c_1_36_4093,Lymphoid-DC
c_1_36_4094,Lymphoid-B
c_1_36_4095,Lymphoid-T
c_1_36_4096,Lymphoid-T
c_1_36_4097,Lymphoid-B
c_1_36_4098,Lymphoid-B
c_1_36_4099,None
c_1_36_4100,Lymphoid-Other
c_1_36_4101,Lymphoid-B
c_1_36_4102,Lymphoid-B
c_1_36_4103,Lymphoid-T
c_1_36_4104,Lymphoid-B
c_1_36_4105,Lymphoid-B
c_1_36_4106,Lymphoid-B
c_1_36_4107,Lymphoid-T
c_1_36_4108,Lymphoid-DC
c_1_36_4109,Lymphoid-T
c_1_36_4110,Lymphoid-B
c_1_36_4111,Lymphoid-B
c_1_36_4112,Lymphoid-Other
c_1_36_4113,Lymphoid-B
c_1_36_4114,Lymphoid-T
c_1_36_4115,Lymphoid-B
c_1_36_4116,Lymphoid-B
c_1_36_4117,Lymphoid-Other
c_1_36_4118,None
c_1_36_4119,Lymphoid-DC
c_1_36_4120,Lymphoid-DC
c_1_36_4121,Lymphoid-Other
c_1_36_4122,Lymphoid-DC
c_1_36_4123,Lymphoid-B
c_1_36_4124,Lymphoid-B
c_1_36_4125,Lymphoid-DC
c_1_36_4126,Lymphoid-DC
c_1_36_4127,Lymphoid-B
c_1_36_4128,Lymphoid-Other
c_1_36_4129,Lymphoid-DC
c_1_36_4130,Lymphoid-T
c_1_36_4131,Lymphoid-B
c_1_36_4132,Lymphoid-Other
c_1_36_4133,Lymphoid-Other
c_1_36_4134,Lymphoid-B
c_1_36_4135,Lymphoid-DC
c_1_36_4136,Lymphoid-B
c_1_36_4137,Lymphoid-B
c_1_36_4138,Lymphoid-DC
c_1_36_4139,None
c_1_36_4140,Lymphoid-B
c_1_36_4141,Lymphoid-B
c_1_36_4142,Lymphoid-T
c_1_36_4143,Lymphoid-B
c_1_36_4144,Lymphoid-Other
c_1_36_4145,Lymphoid-Other
c_1_36_4146,Lymphoid-DC
c_1_36_4147,Lymphoid-Other
c_1_36_4148,Lymphoid-B
c_1_36_4149,Lymphoid-B
c_1_36_4150,Lymphoid-B
c_1_36_4151,Lymphoid-DC
c_1_36_4152,Lymphoid-B
c_1_36_4153,Lymphoid-Other
c_1_36_4154,Lymphoid-B
c_1_36_4155,Lymphoid-B
c_1_36_4156,Lymphoid-DC
c_1_36_4157,Lymphoid-B
c_1_36_4158,None
c_1_36_4159,None
c_1_36_4160,Lymphoid-B
c_1_36_4161,Lymphoid-B
c_1_36_4162,Lymphoid-DC
c_1_36_4163,Lymphoid-B
c_1_36_4164,Lymphoid-B
c_1_36_4165,Lymphoid-B
c_1_36_4166,None
c_1_36_4167,Lymphoid-B
c_1_36_4168,Lymphoid-B
c_1_36_4169,Lymphoid-B
c_1_36_4170,Lymphoid-B
c_1_36_4171,Lymphoid-B
c_1_36_4172,Lymphoid-T
c_1_36_4173,Lymphoid-B
c_1_36_4174,Lymphoid-B
c_1_36_4175,Lymphoid-B
c_1_36_4176,Lymphoid-B
c_1_36_4177,Lymphoid-B
c_1_36_4178,Lymphoid-B
c_1_36_4179,Lymphoid-DC
c_1_36_4180,Lymphoid-B
c_1_36_4181,Endothelial
c_1_36_4182,Lymphoid-B
c_1_36_4183,Lymphoid-Plasma
c_1_36_4184,Lymphoid-Other
c_1_36_4185,Lymphoid-Other
c_1_36_4186,Lymphoid-B
c_1_36_4187,Lymphoid-Other
c_1_36_4188,Lymphoid-B
c_1_36_4189,Lymphoid-B
c_1_36_4190,Lymphoid-Other
c_1_36_4191,Lymphoid-Other
c_1_36_4192,Lymphoid-B
c_1_36_4193,Lymphoid-Other
c_1_36_4194,Lymphoid-B
c_1_36_4195,Lymphoid-DC
c_1_36_4196,Lymphoid-DC
c_1_36_4197,Lymphoid-B
c_1_36_4198,Lymphoid-Other
c_1_36_4199,Lymphoid-T
c_1_36_4200,Lymphoid-B
c_1_36_4201,Lymphoid-B
c_1_36_4202,Lymphoid-B
c_1_36_4203,Lymphoid-B
c_1_36_4204,Lymphoid-Other
c_1_36_4205,Lymphoid-Other
c_1_36_4206,Lymphoid-T
c_1_36_4207,Endothelial
c_1_36_4208,Lymphoid-B
c_1_36_4209,Lymphoid-DC
c_1_36_4210,Lymphoid-DC
c_1_36_4211,Lymphoid-B
c_1_36_4212,Lymphoid-T
c_1_36_4213,Lymphoid-B
c_1_36_4214,Lymphoid-B
c_1_36_4215,Lymphoid-Other
c_1_36_4216,Lymphoid-T
c_1_36_4217,Lymphoid-Other
c_1_36_4218,Lymphoid-B
c_1_36_4219,Lymphoid-DC
c_1_36_4220,Lymphoid-B
c_1_36_4221,Lymphoid-Other
c_1_36_4222,Lymphoid-Other
c_1_36_4223,Lymphoid-DC
c_1_36_4224,Lymphoid-B
c_1_36_4225,Lymphoid-B
c_1_36_4226,Lymphoid-B
c_1_36_4227,Lymphoid-Other
c_1_36_4228,Lymphoid-B
c_1_36_4229,Lymphoid-T
c_1_36_4230,Lymphoid-Other
c_1_36_4231,Lymphoid-DC
c_1_36_4232,Lymphoid-B
c_1_36_4233,Lymphoid-B
c_1_36_4234,Lymphoid-B
c_1_36_4235,Lymphoid-DC
c_1_36_4236,Lymphoid-Other
c_1_36_4237,Lymphoid-T
c_1_36_4238,None
c_1_36_4239,Lymphoid-T
c_1_36_4240,Lymphoid-DC
c_1_36_4241,Lymphoid-DC
c_1_36_4242,Lymphoid-DC
c_1_36_4243,Lymphoid-B
c_1_36_4244,Endothelial
c_1_36_4245,Lymphoid-DC
c_1_36_4246,Lymphoid-Other
c_1_36_4247,Lymphoid-Other
c_1_36_4248,Lymphoid-B
c_1_36_4249,Lymphoid-B
c_1_36_4250,Lymphoid-B
c_1_36_4251,Lymphoid-B
c_1_36_4252,Lymphoid-B
c_1_36_4253,Lymphoid-B
c_1_36_4254,Lymphoid-T
c_1_36_4255,Lymphoid-B
c_1_36_4256,Lymphoid-T
c_1_36_4257,Lymphoid-DC
c_1_36_4258,Lymphoid-Other
c_1_36_4259,Lymphoid-B
c_1_36_4260,Lymphoid-B
c_1_36_4261,None
c_1_36_4262,Lymphoid-B
c_1_36_4263,Lymphoid-T
c_1_36_4264,Lymphoid-T
c_1_36_4265,Lymphoid-B
c_1_36_4266,Lymphoid-Other
c_1_36_4267,Lymphoid-Plasma
c_1_36_4268,Lymphoid-Other
c_1_36_4269,Lymphoid-Other
c_1_36_4270,Lymphoid-B
c_1_36_4271,None
c_1_36_4272,Lymphoid-B
c_1_36_4273,Lymphoid-DC
c_1_36_4274,Lymphoid-T
c_1_36_4275,Lymphoid-Other
c_1_36_4276,Lymphoid-T
c_1_36_4277,Lymphoid-B
c_1_36_4278,Lymphoid-DC
c_1_36_4279,Lymphoid-DC
c_1_36_4280,Lymphoid-B
c_1_36_4281,Lymphoid-B
c_1_36_4282,Lymphoid-DC
c_1_36_4283,Lymphoid-B
c_1_36_4284,Lymphoid-Other
c_1_36_4285,Lymphoid-T
c_1_36_4286,Lymphoid-B
c_1_36_4287,Lymphoid-Other
c_1_36_4288,Lymphoid-T
c_1_36_4289,None
c_1_36_4290,Lymphoid-DC
c_1_36_4291,Lymphoid-Other
c_1_36_4292,Lymphoid-DC
c_1_36_4293,Lymphoid-DC
c_1_36_4294,Lymphoid-DC
c_1_36_4295,Lymphoid-B
c_1_36_4296,Lymphoid-B
c_1_36_4297,Lymphoid-B
c_1_36_4298,Lymphoid-DC
c_1_36_4299,Lymphoid-Other
c_1_36_4300,Lymphoid-Other
c_1_36_4301,Lymphoid-B
c_1_36_4302,Lymphoid-B
c_1_36_4303,Lymphoid-B
c_1_36_4304,Lymphoid-B
c_1_36_4305,Lymphoid-B
c_1_36_4306,Lymphoid-B
c_1_36_4307,Lymphoid-B
c_1_36_4308,Lymphoid-B
c_1_36_4309,Lymphoid-Other
c_1_36_4310,Lymphoid-T
c_1_36_4311,Lymphoid-B
c_1_36_4312,Lymphoid-B
c_1_36_4313,Lymphoid-Other
c_1_36_4314,Lymphoid-T
c_1_36_4315,Lymphoid-B
c_1_36_4316,Lymphoid-B
c_1_36_4317,Lymphoid-DC
c_1_36_4318,None
c_1_36_4319,Lymphoid-Other
c_1_36_4320,Lymphoid-B
c_1_36_4321,Lymphoid-B
c_1_36_4322,Lymphoid-B
c_1_36_4323,Lymphoid-Other
c_1_36_4324,Lymphoid-B
c_1_36_4325,Lymphoid-B
c_1_36_4326,Lymphoid-B
c_1_36_4327,Lymphoid-B
c_1_36_4328,Lymphoid-B
c_1_36_4329,Lymphoid-B
c_1_36_4330,Lymphoid-B
c_1_36_4331,Lymphoid-Other
c_1_36_4332,Lymphoid-T
c_1_36_4333,Lymphoid-T
c_1_36_4334,Lymphoid-B
c_1_36_4335,Lymphoid-B
c_1_36_4336,Lymphoid-Other
c_1_36_4337,Lymphoid-B
c_1_36_4338,Lymphoid-T
c_1_36_4339,Lymphoid-B
c_1_36_4340,Lymphoid-Other
c_1_36_4341,Lymphoid-Other
c_1_36_4342,Lymphoid-Other
c_1_36_4343,Lymphoid-B
c_1_36_4344,Lymphoid-B
c_1_36_4345,Lymphoid-B
c_1_36_4346,None
c_1_36_4347,Lymphoid-DC
c_1_36_4348,Lymphoid-Other
c_1_36_4349,Lymphoid-B
c_1_36_4350,Lymphoid-DC
c_1_36_4351,Lymphoid-Other
c_1_36_4352,Lymphoid-B
c_1_36_4353,Lymphoid-DC
c_1_36_4354,Lymphoid-T
c_1_36_4355,Lymphoid-B
c_1_36_4356,Lymphoid-B
c_1_36_4357,Lymphoid-B
c_1_36_4358,Lymphoid-B
c_1_36_4359,Lymphoid-B
c_1_36_4360,Lymphoid-B
c_1_36_4361,Lymphoid-T
c_1_36_4362,Lymphoid-B
c_1_36_4363,Lymphoid-DC
c_1_36_4364,Lymphoid-B
c_1_36_4365,Lymphoid-DC
c_1_36_4366,Lymphoid-B
c_1_36_4367,Lymphoid-Other
c_1_36_4368,Lymphoid-B
c_1_36_4369,Lymphoid-Other
c_1_36_4370,Lymphoid-B
c_1_36_4371,Lymphoid-Other
c_1_36_4372,Lymphoid-B
c_1_36_4373,Lymphoid-B
c_1_36_4374,Lymphoid-B
c_1_36_4375,Lymphoid-B
c_1_36_4376,Lymphoid-Other
c_1_36_4377,Lymphoid-DC
c_1_36_4378,Lymphoid-B
c_1_36_4379,None
c_1_36_4380,Lymphoid-B
c_1_36_4381,Lymphoid-B
c_1_36_4382,Lymphoid-Other
c_1_36_4383,Lymphoid-T
c_1_36_4384,Lymphoid-DC
c_1_36_4385,Lymphoid-B
c_1_36_4386,Lymphoid-DC
c_1_36_4387,Lymphoid-Other
c_1_36_4388,Lymphoid-B
c_1_36_4389,Lymphoid-B
c_1_36_4390,Lymphoid-DC
c_1_36_4391,Lymphoid-B
c_1_36_4392,Lymphoid-B
c_1_36_4393,Lymphoid-Other
c_1_36_4394,Lymphoid-B
c_1_36_4395,Lymphoid-B
c_1_36_4396,Lymphoid-B
c_1_36_4397,Lymphoid-T
c_1_36_4398,Lymphoid-B
c_1_36_4399,Lymphoid-B
c_1_36_4400,Lymphoid-T
c_1_36_4401,Lymphoid-Other
c_1_36_4402,Lymphoid-Other
c_1_36_4403,Lymphoid-B
c_1_36_4404,Lymphoid-B
c_1_36_4405,Lymphoid-B
c_1_36_4406,Lymphoid-B
c_1_36_4407,Lymphoid-B
c_1_36_4408,Lymphoid-B
c_1_36_4409,Lymphoid-T
c_1_36_4410,Lymphoid-B
c_1_36_4411,Lymphoid-T
c_1_36_4412,Lymphoid-DC
c_1_36_4413,Lymphoid-DC
c_1_36_4414,Lymphoid-B
c_1_36_4415,Lymphoid-B
c_1_36_4416,Lymphoid-Other
c_1_36_4417,Lymphoid-Other
c_1_36_4418,Lymphoid-B
c_1_36_4419,Lymphoid-B
c_1_36_4420,None
c_1_36_4421,Lymphoid-B
c_1_36_4422,Lymphoid-Other
c_1_36_4423,Lymphoid-Other
c_1_36_4424,Lymphoid-B
c_1_36_4425,Lymphoid-T
c_1_36_4426,Lymphoid-B
c_1_36_4427,Lymphoid-B
c_1_36_4428,Lymphoid-DC
c_1_36_4429,Lymphoid-B
c_1_36_4430,Lymphoid-B
c_1_36_4431,Lymphoid-Other
c_1_36_4432,Lymphoid-B
c_1_36_4433,Lymphoid-B
c_1_36_4434,Lymphoid-DC
c_1_36_4435,Lymphoid-B
c_1_36_4436,Lymphoid-B
c_1_36_4437,Lymphoid-B
c_1_36_4438,Lymphoid-B
c_1_36_4439,Lymphoid-B
c_1_36_4440,Lymphoid-B
c_1_36_4441,Lymphoid-B
c_1_36_4442,Lymphoid-B
c_1_36_4443,Lymphoid-Other
c_1_36_4444,Myeloid
c_1_36_4445,Lymphoid-Plasma
c_1_36_4446,Lymphoid-Other
c_1_36_4447,Lymphoid-DC
c_1_36_4448,Lymphoid-B
c_1_36_4449,Lymphoid-B
c_1_36_4450,Lymphoid-B
c_1_36_4451,Lymphoid-T
c_1_36_4452,Myeloid
c_1_36_4453,Lymphoid-B
c_1_36_4454,Lymphoid-Other
c_1_36_4455,Lymphoid-B
c_1_36_4456,Lymphoid-Other
c_1_36_4457,Lymphoid-B
c_1_36_4458,Lymphoid-DC
c_1_36_4459,Lymphoid-B
c_1_36_4460,Lymphoid-B
c_1_36_4461,Lymphoid-B
c_1_36_4462,Lymphoid-DC
c_1_36_4463,Lymphoid-B
c_1_36_4464,Lymphoid-B
c_1_36_4465,Lymphoid-B
c_1_36_4466,Lymphoid-B
c_1_36_4467,Lymphoid-Other
c_1_36_4468,Lymphoid-T
c_1_36_4469,Lymphoid-DC
c_1_36_4470,Lymphoid-B
c_1_36_4471,None
c_1_36_4472,Lymphoid-Other
c_1_36_4473,Lymphoid-DC
c_1_36_4474,Lymphoid-B
c_1_36_4475,Lymphoid-B
c_1_36_4476,Lymphoid-Other
c_1_36_4477,Lymphoid-B
c_1_36_4478,Lymphoid-DC
c_1_36_4479,Lymphoid-B
c_1_36_4480,Lymphoid-B
c_1_36_4481,Lymphoid-Other
c_1_36_4482,Lymphoid-Other
c_1_36_4483,Lymphoid-B
c_1_36_4484,Lymphoid-B
c_1_36_4485,Lymphoid-B
c_1_36_4486,Lymphoid-B
c_1_36_4487,Lymphoid-B
c_1_36_4488,Lymphoid-Other
c_1_36_4489,None
c_1_36_4490,Lymphoid-Other
c_1_36_4491,Lymphoid-B
c_1_36_4492,Lymphoid-Other
c_1_36_4493,Lymphoid-B
c_1_36_4494,Lymphoid-B
c_1_36_4495,Lymphoid-B
c_1_36_4496,Lymphoid-B
c_1_36_4497,Lymphoid-B
c_1_36_4498,Lymphoid-DC
c_1_36_4499,Lymphoid-DC
c_1_36_4500,Lymphoid-DC
c_1_36_4501,Lymphoid-B
c_1_36_4502,Lymphoid-DC
c_1_36_4503,Lymphoid-T
c_1_36_4504,Lymphoid-DC
c_1_36_4505,Lymphoid-DC
c_1_36_4506,Lymphoid-DC
c_1_36_4507,None
c_1_36_4508,Lymphoid-B
c_1_36_4509,Lymphoid-B
c_1_36_4510,Lymphoid-B
c_1_36_4511,None
c_1_36_4512,Lymphoid-B
c_1_36_4513,Lymphoid-Other
c_1_36_4514,Lymphoid-Other
c_1_36_4515,None
c_1_36_4516,Lymphoid-DC
c_1_36_4517,Lymphoid-B
c_1_36_4518,Lymphoid-B
c_1_36_4519,Lymphoid-DC
c_1_36_4520,Lymphoid-DC
c_1_36_4521,Lymphoid-B
c_1_36_4522,Lymphoid-B
c_1_36_4523,Lymphoid-B
c_1_36_4524,Lymphoid-Other
c_1_36_4525,Lymphoid-B
c_1_36_4526,Lymphoid-B
c_1_36_4527,Lymphoid-B
c_1_36_4528,Lymphoid-T
c_1_36_4529,Lymphoid-T
c_1_36_4530,Lymphoid-B
c_1_36_4531,None
c_1_36_4532,Lymphoid-Other
c_1_36_4533,Lymphoid-T
c_1_36_4534,Lymphoid-B
c_1_36_4535,Lymphoid-T
c_1_36_4536,Lymphoid-B
c_1_36_4537,Lymphoid-T
c_1_36_4538,Lymphoid-DC
c_1_36_4539,Lymphoid-B
c_1_36_4540,Lymphoid-Other
c_1_36_4541,Lymphoid-B
c_1_36_4542,Lymphoid-B
c_1_36_4543,Lymphoid-B
c_1_36_4544,Lymphoid-B
c_1_36_4545,Lymphoid-B
c_1_36_4546,Lymphoid-Other
c_1_36_4547,Lymphoid-B
c_1_36_4548,Lymphoid-Other
c_1_36_4549,Lymphoid-B
c_1_36_4550,Lymphoid-Other
c_1_36_4551,Lymphoid-B
c_1_36_4552,Lymphoid-Other
c_1_36_4553,Lymphoid-B
c_1_36_4554,Lymphoid-B
c_1_36_4555,None
c_1_36_4556,Lymphoid-B
c_1_36_4557,Lymphoid-Other
c_1_36_4558,Lymphoid-B
c_1_36_4559,Myeloid
c_1_36_4560,Lymphoid-T
c_1_36_4561,Lymphoid-B
c_1_36_4562,Lymphoid-Other
c_1_36_4563,Lymphoid-B
c_1_36_4564,Lymphoid-B
c_1_36_4565,Lymphoid-Other
c_1_36_4566,None
c_1_36_4567,Lymphoid-B
c_1_36_4568,Lymphoid-B
c_1_36_4569,Lymphoid-T
c_1_36_4570,Lymphoid-Other
c_1_36_4571,Lymphoid-Other
c_1_36_4572,Lymphoid-B
c_1_36_4573,Lymphoid-B
c_1_36_4574,Lymphoid-B
c_1_36_4575,Lymphoid-B
c_1_36_4576,Lymphoid-B
c_1_36_4577,Lymphoid-B
c_1_36_4578,Lymphoid-B
c_1_36_4579,Lymphoid-T
c_1_36_4580,Lymphoid-Other
c_1_36_4581,Lymphoid-DC
c_1_36_4582,Lymphoid-Other
c_1_36_4583,Lymphoid-Other
c_1_36_4584,Lymphoid-B
c_1_36_4585,Lymphoid-B
c_1_36_4586,Lymphoid-Other
c_1_36_4587,Lymphoid-B
c_1_36_4588,Lymphoid-Plasma
c_1_36_4589,Lymphoid-B
c_1_36_4590,Lymphoid-Other
c_1_36_4591,Lymphoid-Other
c_1_36_4592,Lymphoid-B
c_1_36_4593,Lymphoid-Other
c_1_36_4594,Lymphoid-T
c_1_36_4595,Lymphoid-T
c_1_36_4596,Lymphoid-B
c_1_36_4597,Lymphoid-Other
c_1_36_4598,Lymphoid-Other
c_1_36_4599,Lymphoid-B
c_1_36_4600,Lymphoid-B
c_1_36_4601,Lymphoid-B
c_1_36_4602,Lymphoid-B
c_1_36_4603,Lymphoid-B
c_1_36_4604,Lymphoid-Other
c_1_36_4605,Lymphoid-B
c_1_36_4606,Lymphoid-B
c_1_36_4607,Epithelial
c_1_36_4608,Lymphoid-Other
c_1_36_4609,Lymphoid-B
c_1_36_4610,Lymphoid-B
c_1_36_4611,Lymphoid-B
c_1_36_4612,Lymphoid-DC
c_1_36_4613,Lymphoid-Other
c_1_36_4614,None
c_1_36_4615,Lymphoid-B
c_1_36_4616,Lymphoid-B
c_1_36_4617,Lymphoid-DC
c_1_36_4618,None
c_1_36_4619,Lymphoid-B
c_1_36_4620,Lymphoid-DC
c_1_36_4621,Lymphoid-B
c_1_36_4622,Lymphoid-B
c_1_36_4623,Lymphoid-B
c_1_36_4624,Lymphoid-Other
c_1_36_4625,Lymphoid-B
c_1_36_4626,Lymphoid-Other
c_1_36_4627,Lymphoid-B
c_1_36_4628,Lymphoid-B
c_1_36_4629,Lymphoid-B
c_1_36_4630,Lymphoid-DC
c_1_36_4631,Lymphoid-Other
c_1_36_4632,Lymphoid-DC
c_1_36_4633,Lymphoid-DC
c_1_36_4634,Lymphoid-B
c_1_36_4635,Lymphoid-B
c_1_36_4636,Lymphoid-B
c_1_36_4637,Lymphoid-B
c_1_36_4638,None
c_1_36_4639,Lymphoid-B
c_1_36_4640,Lymphoid-Other
c_1_36_4641,Lymphoid-Other
c_1_36_4642,Lymphoid-B
c_1_36_4643,Lymphoid-B
c_1_36_4644,Lymphoid-B
c_1_36_4645,Lymphoid-B
c_1_36_4646,Lymphoid-B
c_1_36_4647,Lymphoid-B
c_1_36_4648,None
c_1_36_4649,Lymphoid-Other
c_1_36_4650,None
c_1_36_4651,Lymphoid-B
c_1_36_4652,Lymphoid-B
c_1_36_4653,Lymphoid-B
c_1_36_4654,Lymphoid-B
c_1_36_4655,Lymphoid-T
c_1_36_4656,Lymphoid-T
c_1_36_4657,Lymphoid-B
c_1_36_4658,Lymphoid-B
c_1_36_4659,Lymphoid-B
c_1_36_4660,Lymphoid-B
c_1_36_4661,Lymphoid-B
c_1_36_4662,Lymphoid-B
c_1_36_4663,Lymphoid-DC
c_1_36_4664,None
c_1_36_4665,Lymphoid-Other
c_1_36_4666,Lymphoid-Other
c_1_36_4667,Lymphoid-T
c_1_36_4668,Lymphoid-B
c_1_36_4669,Myeloid
c_1_36_4670,Lymphoid-B
c_1_36_4671,Lymphoid-B
c_1_36_4672,Lymphoid-Other
c_1_36_4673,Lymphoid-T
c_1_36_4674,Lymphoid-B
c_1_36_4675,Lymphoid-DC
c_1_36_4676,Lymphoid-DC
c_1_36_4677,Lymphoid-Plasma
c_1_36_4678,Lymphoid-B
c_1_36_4679,Lymphoid-B
c_1_36_4680,Lymphoid-B
c_1_36_4681,Lymphoid-B
c_1_36_4682,Lymphoid-B
c_1_36_4683,Lymphoid-Other
c_1_36_4684,Lymphoid-B
c_1_36_4685,Lymphoid-B
c_1_36_4686,Lymphoid-B
c_1_36_4687,Lymphoid-B
c_1_36_4688,Lymphoid-B
c_1_36_4689,Lymphoid-B
c_1_36_4690,Lymphoid-DC
c_1_36_4691,Lymphoid-B
c_1_36_4692,Lymphoid-B
c_1_36_4693,Lymphoid-T
c_1_36_4694,Lymphoid-B
c_1_36_4695,Lymphoid-B
c_1_36_4696,Lymphoid-B
c_1_36_4697,Lymphoid-Other
c_1_36_4698,Lymphoid-DC
c_1_36_4699,Lymphoid-B
c_1_36_4700,Lymphoid-B
c_1_36_4701,Lymphoid-B
c_1_36_4702,Lymphoid-B
c_1_36_4703,Lymphoid-Other
c_1_36_4704,Lymphoid-B
c_1_36_4705,Endothelial
c_1_36_4706,Lymphoid-B
c_1_36_4707,Lymphoid-B
c_1_36_4708,Lymphoid-Other
c_1_36_4709,Lymphoid-B
c_1_36_4710,Lymphoid-B
c_1_36_4711,Lymphoid-B
c_1_36_4712,Lymphoid-Other
c_1_36_4713,Lymphoid-T
c_1_36_4714,Lymphoid-B
c_1_36_4715,Lymphoid-B
c_1_36_4716,None
c_1_36_4717,Lymphoid-B
c_1_36_4718,Lymphoid-B
c_1_36_4719,None
c_1_36_4720,Lymphoid-T
c_1_36_4721,Lymphoid-T
c_1_36_4722,Lymphoid-B
c_1_36_4723,Lymphoid-B
c_1_36_4724,Lymphoid-Other
c_1_36_4725,Lymphoid-B
c_1_36_4726,Lymphoid-T
c_1_36_4727,Lymphoid-DC
c_1_36_4728,Lymphoid-Other
c_1_36_4729,Lymphoid-Other
c_1_36_4730,Lymphoid-B
c_1_36_4731,Lymphoid-B
c_1_36_4732,Lymphoid-Other
c_1_36_4733,Lymphoid-Other
c_1_36_4734,Lymphoid-B
c_1_36_4735,Lymphoid-T
c_1_36_4736,Lymphoid-B
c_1_36_4737,Lymphoid-T
c_1_36_4738,Lymphoid-B
c_1_36_4739,None
c_1_36_4740,Lymphoid-T
c_1_36_4741,Lymphoid-B
c_1_36_4742,Lymphoid-Other
c_1_36_4743,Lymphoid-DC
c_1_36_4744,Lymphoid-B
c_1_36_4745,Lymphoid-DC
c_1_36_4746,Lymphoid-Plasma
c_1_36_4747,Lymphoid-Other
c_1_36_4748,Lymphoid-T
c_1_36_4749,Lymphoid-Other
c_1_36_4750,Lymphoid-B
c_1_36_4751,Lymphoid-B
c_1_36_4752,Lymphoid-T
c_1_36_4753,Lymphoid-Other
c_1_36_4754,Lymphoid-B
c_1_36_4755,Lymphoid-T
c_1_36_4756,Lymphoid-T
c_1_36_4757,Lymphoid-B
c_1_36_4758,Lymphoid-DC
c_1_36_4759,Lymphoid-B
c_1_36_4760,None
c_1_36_4761,Lymphoid-T
c_1_36_4762,Lymphoid-B
c_1_36_4763,Lymphoid-Plasma
c_1_36_4764,Lymphoid-T
c_1_36_4765,Lymphoid-Other
c_1_36_4766,Lymphoid-B
c_1_36_4767,Lymphoid-B
c_1_36_4768,Lymphoid-B
c_1_36_4769,Lymphoid-DC
c_1_36_4770,Lymphoid-Other
c_1_36_4771,None
c_1_36_4772,Lymphoid-B
c_1_36_4773,Lymphoid-T
c_1_36_4774,Lymphoid-B
c_1_36_4775,None
c_1_36_4776,Lymphoid-B
c_1_36_4777,Lymphoid-B
c_1_36_4778,Lymphoid-DC
c_1_36_4779,Lymphoid-B
c_1_36_4780,Lymphoid-T
c_1_36_4781,Lymphoid-DC
c_1_36_4782,Lymphoid-B
c_1_36_4783,Lymphoid-B
c_1_36_4784,Lymphoid-DC
c_1_36_4785,Lymphoid-T
c_1_36_4786,Lymphoid-Other
c_1_36_4787,Lymphoid-B
c_1_36_4788,Lymphoid-B
c_1_36_4789,Lymphoid-T
c_1_36_4790,Lymphoid-B
c_1_36_4791,Lymphoid-DC
c_1_36_4792,None
c_1_36_4793,Lymphoid-Other
c_1_36_4794,Lymphoid-B
c_1_36_4795,Lymphoid-B
c_1_36_4796,None
c_1_36_4797,Lymphoid-B
c_1_36_4798,Lymphoid-Other
c_1_36_4799,Lymphoid-B
c_1_36_4800,Lymphoid-Other
c_1_36_4801,Lymphoid-T
c_1_36_4802,Lymphoid-B
c_1_36_4803,Lymphoid-B
c_1_36_4804,Lymphoid-Other
c_1_36_4805,Lymphoid-DC
c_1_36_4806,Lymphoid-DC
c_1_36_4807,None
c_1_36_4808,Lymphoid-T
c_1_36_4809,Lymphoid-B
c_1_36_4810,Lymphoid-DC
c_1_36_4811,Lymphoid-B
c_1_36_4812,Lymphoid-Other
c_1_36_4813,Lymphoid-B
c_1_36_4814,Lymphoid-T
c_1_36_4815,Lymphoid-DC
c_1_36_4816,Lymphoid-Other
c_1_36_4817,Lymphoid-B
c_1_36_4818,Lymphoid-B
c_1_36_4819,Lymphoid-T
c_1_36_4820,Lymphoid-B
c_1_36_4821,Lymphoid-Other
c_1_36_4822,Lymphoid-Other
c_1_36_4823,Lymphoid-B
c_1_36_4824,Lymphoid-T
c_1_36_4825,Lymphoid-B
c_1_36_4826,Lymphoid-Other
c_1_36_4827,Lymphoid-B
c_1_36_4828,Lymphoid-T
c_1_36_4829,Lymphoid-B
c_1_36_4830,Lymphoid-Plasma
c_1_36_4831,Lymphoid-DC
c_1_36_4832,None
c_1_36_4833,Lymphoid-B
c_1_36_4834,Lymphoid-Other
c_1_36_4835,Lymphoid-Other
c_1_36_4836,Lymphoid-T
c_1_36_4837,Lymphoid-T
c_1_36_4838,Lymphoid-T
c_1_36_4839,Lymphoid-Other
c_1_36_4840,Lymphoid-B
c_1_36_4841,Lymphoid-Other
c_1_36_4842,Lymphoid-T
c_1_36_4843,Lymphoid-B
c_1_36_4844,Lymphoid-DC
c_1_36_4845,Lymphoid-B
c_1_36_4846,Lymphoid-B
c_1_36_4847,Lymphoid-B
c_1_36_4848,None
c_1_36_4849,Lymphoid-Plasma
c_1_36_4850,Lymphoid-T
c_1_36_4851,Lymphoid-Plasma
c_1_36_4852,Lymphoid-B
c_1_36_4853,Lymphoid-B
c_1_36_4854,None
c_1_36_4855,Lymphoid-B
c_1_36_4856,Lymphoid-B
c_1_36_4857,Lymphoid-B
c_1_36_4858,Lymphoid-Other
c_1_36_4859,Lymphoid-T
c_1_36_4860,Lymphoid-DC
c_1_36_4861,Lymphoid-Other
c_1_36_4862,Lymphoid-B
c_1_36_4863,None
c_1_36_4864,Lymphoid-T
c_1_36_4865,Lymphoid-T
c_1_36_4866,None
c_1_36_4867,Lymphoid-Other
c_1_36_4868,Lymphoid-DC
c_1_36_4869,Lymphoid-Other
c_1_36_4870,Lymphoid-Other
c_1_36_4871,Lymphoid-B
c_1_36_4872,Lymphoid-DC
c_1_36_4873,Lymphoid-B
c_1_36_4874,Lymphoid-B
c_1_36_4875,Lymphoid-B
c_1_36_4876,Lymphoid-B
c_1_36_4877,None
c_1_36_4878,Lymphoid-Other
c_1_36_4879,Lymphoid-B
c_1_36_4880,None
c_1_36_4881,Lymphoid-Other
c_1_36_4882,Lymphoid-B
c_1_36_4883,Lymphoid-B
c_1_36_4884,Lymphoid-Plasma
c_1_36_4885,Lymphoid-Other
c_1_36_4886,Lymphoid-B
c_1_36_4887,Lymphoid-Other
c_1_36_4888,Lymphoid-B
c_1_36_4889,Lymphoid-B
c_1_36_4890,Lymphoid-DC
c_1_36_4891,Lymphoid-B
c_1_36_4892,None
c_1_36_4893,Lymphoid-T
c_1_36_4894,Myeloid
c_1_36_4895,None
c_1_36_4896,Lymphoid-T
c_1_36_4897,Lymphoid-Other
c_1_36_4898,Lymphoid-T
c_1_36_4899,Lymphoid-B
c_1_36_4900,Lymphoid-T
c_1_36_4901,Lymphoid-B
c_1_36_4902,None
c_1_36_4903,Lymphoid-DC
c_1_36_4904,Lymphoid-T
c_1_36_4905,Lymphoid-B
c_1_36_4906,Lymphoid-T
c_1_36_4907,Lymphoid-T
c_1_36_4908,Lymphoid-DC
c_1_36_4909,Lymphoid-DC
c_1_36_4910,Lymphoid-Other
c_1_36_4911,Lymphoid-B
c_1_36_4912,Lymphoid-T
c_1_36_4913,Lymphoid-B
c_1_36_4914,Lymphoid-B
c_1_36_4915,Endothelial
c_1_36_4916,None
c_1_36_4917,Lymphoid-B
c_1_36_4918,None
c_1_36_4919,None
c_1_36_4920,Lymphoid-Other
c_1_36_4921,Lymphoid-T
c_1_36_4922,Lymphoid-T
c_1_36_4923,Lymphoid-Other
c_1_36_4924,Lymphoid-Other
c_1_36_4925,Lymphoid-Other
c_1_36_4926,Lymphoid-B
c_1_36_4927,Lymphoid-B
c_1_36_4928,Lymphoid-B
c_1_36_4929,Lymphoid-B
c_1_36_4930,Lymphoid-B
c_1_36_4931,Lymphoid-T
c_1_36_4932,Lymphoid-DC
c_1_36_4933,Lymphoid-Other
c_1_36_4934,Lymphoid-B
c_1_36_4935,Lymphoid-Other
c_1_36_4936,Lymphoid-T
c_1_36_4937,Lymphoid-T
c_1_36_4938,Lymphoid-T
c_1_36_4939,None
c_1_36_4940,Lymphoid-Other
c_1_36_4941,Lymphoid-B
c_1_36_4942,Myeloid
c_1_36_4943,Lymphoid-Other
c_1_36_4944,Lymphoid-Other
c_1_36_4945,Lymphoid-T
c_1_36_4946,Lymphoid-B
c_1_36_4947,Lymphoid-T
c_1_36_4948,Lymphoid-Other
c_1_36_4949,Lymphoid-T
c_1_36_4950,Lymphoid-B
c_1_36_4951,Lymphoid-DC
c_1_36_4952,Lymphoid-B
c_1_36_4953,Lymphoid-B
c_1_36_4954,Lymphoid-Other
c_1_36_4955,Lymphoid-B
c_1_36_4956,Lymphoid-Other
c_1_36_4957,Myeloid
c_1_36_4958,Myeloid
c_1_36_4959,None
c_1_36_4960,Lymphoid-B
c_1_36_4961,Epithelial
c_1_36_4962,Lymphoid-T
c_1_36_4963,Lymphoid-Other
c_1_36_4964,Lymphoid-B
c_1_36_4965,Lymphoid-B
c_1_36_4966,Lymphoid-B
c_1_36_4967,None
c_1_36_4968,Lymphoid-B
c_1_36_4969,Lymphoid-DC
c_1_36_4970,Lymphoid-Other
c_1_36_4971,Lymphoid-DC
c_1_36_4972,Lymphoid-B
c_1_36_4973,Epithelial
c_1_36_4974,Lymphoid-T
c_1_36_4975,None
c_1_36_4976,Lymphoid-Other
c_1_36_4977,Myeloid
c_1_36_4978,Epithelial
c_1_36_4979,Lymphoid-B
c_1_36_4980,Lymphoid-T
c_1_36_4981,Lymphoid-B
c_1_36_4982,Lymphoid-B
c_1_36_4983,Lymphoid-Other
c_1_36_4984,Lymphoid-B
c_1_36_4985,Lymphoid-Other
c_1_36_4986,Myeloid
c_1_36_4987,Lymphoid-DC
c_1_36_4988,Myeloid
c_1_36_4989,None
c_1_36_4990,Lymphoid-B
c_1_36_4991,Endothelial
c_1_36_4992,Epithelial
c_1_36_4993,Lymphoid-DC
c_1_36_4994,Lymphoid-T
c_1_36_4995,None
c_1_36_4996,Epithelial
c_1_36_4997,Lymphoid-B
c_1_36_4998,Lymphoid-B
c_1_36_4999,Lymphoid-Plasma
c_1_36_5000,Lymphoid-B
c_1_36_5001,Lymphoid-B
c_1_36_5002,Lymphoid-T
c_1_36_5003,Lymphoid-Other
c_1_36_5004,None
c_1_36_5005,None
c_1_36_5006,Myeloid
c_1_36_5007,Lymphoid-Other
c_1_36_5008,Epithelial
c_1_36_5009,Lymphoid-Other
c_1_36_5010,Lymphoid-B
c_1_36_5011,Lymphoid-Plasma
c_1_36_5012,Lymphoid-DC
c_1_36_5013,Epithelial
c_1_36_5014,Mesenchymal-Stromal
c_1_36_5015,Epithelial
c_1_36_5016,Lymphoid-Plasma
c_1_36_5017,Lymphoid-Plasma
c_1_36_5018,Lymphoid-B
c_1_36_5019,Lymphoid-Plasma
c_1_36_5020,Epithelial
c_1_36_5021,Lymphoid-T
c_1_36_5022,Lymphoid-T
c_1_36_5023,Lymphoid-B
c_1_36_5024,Lymphoid-DC
c_1_36_5025,Lymphoid-Other
c_1_36_5026,Lymphoid-Other
c_1_36_5027,Epithelial
c_1_36_5028,Lymphoid-Other
c_1_36_5029,Epithelial
c_1_36_5030,Endothelial
c_1_36_5031,Stem
c_1_36_5032,Stem
c_1_36_5033,Lymphoid-Plasma
c_1_36_5034,Lymphoid-Other
c_1_36_5035,None
c_1_36_5036,Epithelial
c_1_36_5037,Epithelial
c_1_36_5038,Myeloid
c_1_36_5039,Lymphoid-Other
c_1_36_5040,Lymphoid-T
c_1_36_5041,Lymphoid-Other
c_1_36_5042,Lymphoid-Other
c_1_36_5043,Lymphoid-Other
c_1_36_5044,Lymphoid-Other
c_1_36_5045,Lymphoid-T
c_1_36_5046,Lymphoid-Other
c_1_36_5047,Lymphoid-Plasma
c_1_36_5048,Lymphoid-Other
c_1_36_5049,Erythroid
c_1_36_5050,Lymphoid-T
c_1_36_5051,Epithelial
c_1_36_5052,Epithelial
c_1_36_5053,Lymphoid-Other
c_1_36_5054,Epithelial
c_1_36_5055,Lymphoid-Plasma
c_1_36_5056,Epithelial
c_1_36_5057,Stem
c_1_36_5058,Lymphoid-T
c_1_36_5059,Stem
c_1_36_5060,Lymphoid-DC
c_1_36_5061,None
c_1_36_5062,Epithelial
c_1_36_5063,None
c_1_36_5064,Epithelial
c_1_36_5065,Lymphoid-Other
c_1_36_5066,Lymphoid-B
c_1_36_5067,Lymphoid-T
c_1_36_5068,Lymphoid-Plasma
c_1_36_5069,Lymphoid-B
c_1_36_5070,Epithelial
c_1_36_5071,Lymphoid-Plasma
c_1_36_5072,Lymphoid-T
c_1_36_5073,Lymphoid-Plasma
c_1_36_5074,Lymphoid-Plasma
c_1_36_5075,Epithelial
c_1_36_5076,Lymphoid-Other
c_1_36_5077,Lymphoid-DC
c_1_36_5078,Lymphoid-T
c_1_36_5079,Lymphoid-T
c_1_36_5080,Lymphoid-T
c_1_36_5081,Lymphoid-B
c_1_36_5082,Epithelial
c_1_36_5083,Lymphoid-Other
c_1_36_5084,Epithelial
c_1_36_5085,Lymphoid-T
c_1_36_5086,Lymphoid-B
c_1_36_5087,Epithelial
c_1_36_5088,Lymphoid-T
c_1_36_5089,Endothelial
c_1_36_5090,Epithelial
c_1_36_5091,Epithelial
c_1_36_5092,Epithelial
c_1_36_5093,Lymphoid-Plasma
c_1_36_5094,Lymphoid-Other
c_1_36_5095,Lymphoid-Other
c_1_36_5096,Lymphoid-Other
c_1_36_5097,Stem
c_1_36_5098,Epithelial
c_1_36_5099,Epithelial
c_1_36_5100,Stem
c_1_36_5101,Lymphoid-Other
c_1_36_5102,Lymphoid-Other
c_1_36_5103,Lymphoid-Other
c_1_36_5104,Lymphoid-Other
c_1_36_5105,Lymphoid-Other
c_1_36_5106,Epithelial
c_1_36_5107,Epithelial
c_1_36_5108,Epithelial
c_1_36_5109,Lymphoid-Other
c_1_36_5110,Lymphoid-Other
c_1_36_5111,Lymphoid-Other
c_1_36_5112,Lymphoid-T
c_1_36_5113,Epithelial
c_1_36_5114,Epithelial
c_1_36_5115,Epithelial
c_1_36_5116,Lymphoid-T
c_1_36_5117,Epithelial
c_1_36_5118,Epithelial
c_1_36_5119,Stem
c_1_36_5120,Epithelial
c_1_36_5121,Lymphoid-Other
c_1_36_5122,None
c_1_36_5123,Epithelial
c_1_36_5124,Lymphoid-T
c_1_36_5125,Epithelial
c_1_36_5126,Epithelial
c_1_36_5127,Lymphoid-T
c_1_36_5128,Epithelial
c_1_36_5129,Lymphoid-Plasma
c_1_36_5130,Epithelial
c_1_36_5131,Lymphoid-Other
c_1_36_5132,Epithelial
c_1_36_5133,Epithelial
c_1_36_5134,Epithelial
c_1_36_5135,Epithelial
c_1_36_5136,Epithelial
c_1_36_5137,Lymphoid-Other
c_1_36_5138,Epithelial
c_1_36_5139,Lymphoid-Other
c_1_36_5140,Lymphoid-Other
c_1_36_5141,Epithelial
c_1_36_5142,Lymphoid-Other
c_1_36_5143,Epithelial
c_1_36_5144,Epithelial
c_1_36_5145,Epithelial
c_1_36_5146,Lymphoid-Other
c_1_36_5147,Lymphoid-Other
c_1_36_5148,Lymphoid-T
c_1_36_5149,Epithelial
c_1_36_5150,Epithelial
c_1_36_5151,Lymphoid-T
c_1_36_5152,Lymphoid-Other
c_1_36_5153,Epithelial
c_1_36_5154,Epithelial
c_1_36_5155,Lymphoid-T
c_1_36_5156,Lymphoid-Plasma
c_1_36_5157,Lymphoid-Plasma
c_1_36_5158,Epithelial
c_1_36_5159,Lymphoid-T
c_1_36_5160,Lymphoid-Other
c_1_36_5161,Lymphoid-Other
c_1_36_5162,Epithelial
c_1_36_5163,Epithelial
c_1_36_5164,Epithelial
c_1_36_5165,Epithelial
c_1_36_5166,Epithelial
c_1_36_5167,Epithelial
c_1_36_5168,None
c_1_36_5169,Lymphoid-T
c_1_36_5170,None
c_1_36_5171,Epithelial
c_1_36_5172,Epithelial
c_1_36_5173,Lymphoid-T
c_1_36_5174,Epithelial
c_1_36_5175,Epithelial
c_1_36_5176,Stem
c_1_36_5177,Epithelial
c_1_36_5178,Lymphoid-Other
c_1_36_5179,Lymphoid-Other
c_1_36_5180,Stem
c_1_36_5181,Epithelial
c_1_36_5182,Epithelial
c_1_36_5183,Epithelial
c_1_36_5184,Epithelial
c_1_37_1,Lymphoid-T
c_1_37_2,Lymphoid-Plasma
c_1_37_3,Lymphoid-Other
c_1_37_4,Lymphoid-Other
c_1_37_5,Lymphoid-Plasma
c_1_37_6,Lymphoid-Other
c_1_37_7,Endothelial
c_1_37_8,Lymphoid-Other
c_1_37_9,Lymphoid-T
c_1_37_10,Lymphoid-T
c_1_37_11,Lymphoid-Other
c_1_37_12,Neuronal-Glial
c_1_37_13,Lymphoid-Other
c_1_37_14,Mesenchymal-Stromal
c_1_37_15,Lymphoid-Other
c_1_37_16,Lymphoid-T
c_1_37_17,Endothelial
c_1_37_18,Lymphoid-Other
c_1_37_19,Endothelial
c_1_37_20,Neuronal-Glial
c_1_37_21,Lymphoid-Other
c_1_37_22,Mesenchymal-Stromal
c_1_37_23,Endothelial
c_1_37_24,Lymphoid-T
c_1_37_25,Lymphoid-Plasma
c_1_37_26,Lymphoid-T
c_1_37_27,Endothelial
c_1_37_28,Endothelial
c_1_37_29,Lymphoid-Other
c_1_37_30,Lymphoid-T
c_1_37_31,Endothelial
c_1_37_32,Mesenchymal-Stromal
c_1_37_33,Lymphoid-Plasma
c_1_37_34,Neuronal-Glial
c_1_37_35,Lymphoid-Other
c_1_37_36,Endothelial
c_1_37_37,Lymphoid-Other
c_1_37_38,Lymphoid-T
c_1_37_39,Mesenchymal-Stromal
c_1_37_40,Lymphoid-T
c_1_37_41,Lymphoid-Plasma
c_1_37_42,Lymphoid-T
c_1_37_43,Lymphoid-Plasma
c_1_37_44,Endothelial
c_1_37_45,Lymphoid-Other
c_1_37_46,Lymphoid-T
c_1_37_47,Lymphoid-Other
c_1_37_48,Lymphoid-Other
c_1_37_49,Lymphoid-T
c_1_37_50,Lymphoid-Other
c_1_37_51,Lymphoid-Other
c_1_37_52,Lymphoid-Other
c_1_37_53,Lymphoid-Plasma
c_1_37_54,Lymphoid-Other
c_1_37_55,Lymphoid-Plasma
c_1_37_56,Lymphoid-Other
c_1_37_57,Lymphoid-T
c_1_37_58,Endothelial
c_1_37_59,Lymphoid-Other
c_1_37_60,Lymphoid-T
c_1_37_61,Lymphoid-Other
c_1_37_62,Endothelial
c_1_37_63,Lymphoid-Plasma
c_1_37_64,Endothelial
c_1_37_65,Lymphoid-T
c_1_37_66,Lymphoid-Other
c_1_37_67,Lymphoid-Plasma
c_1_37_68,Lymphoid-Other
c_1_37_69,Endothelial
c_1_37_70,Lymphoid-Other
c_1_37_71,Endothelial
c_1_37_72,Lymphoid-Other
c_1_37_73,Lymphoid-Other
c_1_37_74,Lymphoid-T
c_1_37_75,Lymphoid-Other
c_1_37_76,Lymphoid-T
c_1_37_77,Lymphoid-T
c_1_37_78,Lymphoid-Other
c_1_37_79,Lymphoid-Other
c_1_37_80,Lymphoid-T
c_1_37_81,Mesenchymal-Stromal
c_1_37_82,Lymphoid-Plasma
c_1_37_83,Endothelial
c_1_37_84,Lymphoid-T
c_1_37_85,Lymphoid-T
c_1_37_86,Lymphoid-Other
c_1_37_87,Lymphoid-DC
c_1_37_88,Lymphoid-Plasma
c_1_37_89,Mesenchymal-Stromal
c_1_37_90,Mesenchymal-Stromal
c_1_37_91,Lymphoid-Other
c_1_37_92,Lymphoid-Plasma
c_1_37_93,Lymphoid-Other
c_1_37_94,Endothelial
c_1_37_95,Endothelial
c_1_37_96,Mesenchymal-Stromal
c_1_37_97,Mesenchymal-Stromal
c_1_37_98,Lymphoid-Other
c_1_37_99,Lymphoid-Other
c_1_37_100,Lymphoid-Other
c_1_37_101,Mesenchymal-Stromal
c_1_37_102,Lymphoid-Other
c_1_37_103,Lymphoid-Plasma
c_1_37_104,Lymphoid-Other
c_1_37_105,Lymphoid-Other
c_1_37_106,Neuronal-Glial
c_1_37_107,Lymphoid-DC
c_1_37_108,Lymphoid-Other
c_1_37_109,Lymphoid-Other
c_1_37_110,Mesenchymal-Stromal
c_1_37_111,Lymphoid-Other
c_1_37_112,None
c_1_37_113,Lymphoid-Other
c_1_37_114,Lymphoid-Other
c_1_37_115,Lymphoid-Plasma
c_1_37_116,Myeloid
c_1_37_117,Endothelial
c_1_37_118,Lymphoid-T
c_1_37_119,Lymphoid-Other
c_1_37_120,Endothelial
c_1_37_121,Mesenchymal-Stromal
c_1_37_122,Lymphoid-Other
c_1_37_123,Myeloid
c_1_37_124,Lymphoid-Other
c_1_37_125,Lymphoid-Other
c_1_37_126,Lymphoid-Other
c_1_37_127,Lymphoid-Other
c_1_37_128,Lymphoid-Other
c_1_37_129,Lymphoid-Plasma
c_1_37_130,Epithelial
c_1_37_131,Lymphoid-Other
c_1_37_132,Lymphoid-T
c_1_37_133,Endothelial
c_1_37_134,Lymphoid-Plasma
c_1_37_135,Epithelial
c_1_37_136,Mesenchymal-Stromal
c_1_37_137,Endothelial
c_1_37_138,Epithelial
c_1_37_139,Lymphoid-Plasma
c_1_37_140,Myeloid
c_1_37_141,Lymphoid-Plasma
c_1_37_142,Lymphoid-Other
c_1_37_143,Mesenchymal-Stromal
c_1_37_144,Lymphoid-T
c_1_37_145,Lymphoid-T
c_1_37_146,Endothelial
c_1_37_147,Epithelial
c_1_37_148,Lymphoid-T
c_1_37_149,Stem
c_1_37_150,Lymphoid-T
c_1_37_151,Myeloid
c_1_37_152,Mesenchymal-Stromal
c_1_37_153,Endothelial
c_1_37_154,Endothelial
c_1_37_155,Lymphoid-Other
c_1_37_156,Lymphoid-Other
c_1_37_157,Mesenchymal-Stromal
c_1_37_158,Lymphoid-Other
c_1_37_159,Lymphoid-T
c_1_37_160,Lymphoid-T
c_1_37_161,Stem
c_1_37_162,Endothelial
c_1_37_163,Lymphoid-T
c_1_37_164,Lymphoid-Other
c_1_37_165,Lymphoid-Other
c_1_37_166,Endothelial
c_1_37_167,Lymphoid-Other
c_1_37_168,Lymphoid-DC
c_1_37_169,Endothelial
c_1_37_170,Lymphoid-DC
c_1_37_171,Endothelial
c_1_37_172,Lymphoid-Other
c_1_37_173,Lymphoid-Other
c_1_37_174,Lymphoid-T
c_1_37_175,Lymphoid-Other
c_1_37_176,Mesenchymal-Stromal
c_1_37_177,Endothelial
c_1_37_178,Lymphoid-Other
c_1_37_179,Endothelial
c_1_37_180,Lymphoid-T
c_1_37_181,Lymphoid-Other
c_1_37_182,Lymphoid-Other
c_1_37_183,Lymphoid-Other
c_1_37_184,Lymphoid-B
c_1_37_185,Lymphoid-T
c_1_37_186,Lymphoid-T
c_1_37_187,Lymphoid-Other
c_1_37_188,Lymphoid-T
c_1_37_189,Endothelial
c_1_37_190,Lymphoid-T
c_1_37_191,Endothelial
c_1_37_192,Endothelial
c_1_37_193,None
c_1_37_194,Neuronal-Glial
c_1_37_195,Lymphoid-Plasma
c_1_37_196,Lymphoid-DC
c_1_37_197,Lymphoid-Plasma
c_1_37_198,Lymphoid-T
c_1_37_199,Lymphoid-Other
c_1_37_200,Endothelial
c_1_37_201,Endothelial
c_1_37_202,Endothelial
c_1_37_203,Lymphoid-Other
c_1_37_204,Stem
c_1_37_205,Lymphoid-Other
c_1_37_206,Endothelial
c_1_37_207,Lymphoid-Other
c_1_37_208,Endothelial
c_1_37_209,Lymphoid-Other
c_1_37_210,Lymphoid-Other
c_1_37_211,Lymphoid-T
c_1_37_212,Endothelial
c_1_37_213,Lymphoid-Plasma
c_1_37_214,Lymphoid-T
c_1_37_215,Lymphoid-Other
c_1_37_216,Mesenchymal-Stromal
c_1_37_217,Endothelial
c_1_37_218,Lymphoid-Other
c_1_37_219,Lymphoid-Other
c_1_37_220,None
c_1_37_221,Lymphoid-Other
c_1_37_222,Myeloid
c_1_37_223,Lymphoid-DC
c_1_37_224,Lymphoid-Plasma
c_1_37_225,Lymphoid-B
c_1_37_226,Lymphoid-Plasma
c_1_37_227,Lymphoid-T
c_1_37_228,Lymphoid-Other
c_1_37_229,Lymphoid-Other
c_1_37_230,Lymphoid-Other
c_1_37_231,Lymphoid-Other
c_1_37_232,Lymphoid-Plasma
c_1_37_233,Lymphoid-Other
c_1_37_234,Lymphoid-T
c_1_37_235,Mesenchymal-Stromal
c_1_37_236,Lymphoid-Plasma
c_1_37_237,Lymphoid-Plasma
c_1_37_238,Lymphoid-B
c_1_37_239,Lymphoid-B
c_1_37_240,Endothelial
c_1_37_241,Lymphoid-T
c_1_37_242,Endothelial
c_1_37_243,Mesenchymal-Stromal
c_1_37_244,Neuronal-Glial
c_1_37_245,Endothelial
c_1_37_246,Lymphoid-Other
c_1_37_247,Lymphoid-T
c_1_37_248,Lymphoid-Other
c_1_37_249,Lymphoid-T
c_1_37_250,Lymphoid-T
c_1_37_251,Endothelial
c_1_37_252,Endothelial
c_1_37_253,Endothelial
c_1_37_254,Lymphoid-T
c_1_37_255,Lymphoid-T
c_1_37_256,Mesenchymal-Stromal
c_1_37_257,Lymphoid-T
c_1_37_258,Lymphoid-B
c_1_37_259,Endothelial
c_1_37_260,Myeloid
c_1_37_261,Lymphoid-Other
c_1_37_262,Endothelial
c_1_37_263,Lymphoid-Other
c_1_37_264,Lymphoid-T
c_1_37_265,Neuronal-Glial
c_1_37_266,Lymphoid-Other
c_1_37_267,Myeloid
c_1_37_268,Lymphoid-Other
c_1_37_269,Lymphoid-Other
c_1_37_270,Lymphoid-T
c_1_37_271,Endothelial
c_1_37_272,Lymphoid-Plasma
c_1_37_273,Lymphoid-Other
c_1_37_274,Endothelial
c_1_37_275,Lymphoid-Plasma
c_1_37_276,Lymphoid-T
c_1_37_277,Lymphoid-T
c_1_37_278,Endothelial
c_1_37_279,Lymphoid-T
c_1_37_280,Lymphoid-Other
c_1_37_281,Endothelial
c_1_37_282,Endothelial
c_1_37_283,Mesenchymal-Stromal
c_1_37_284,Mesenchymal-Stromal
c_1_37_285,Myeloid
c_1_37_286,Endothelial
c_1_37_287,Lymphoid-Plasma
c_1_37_288,Lymphoid-Other
c_1_37_289,Endothelial
c_1_37_290,Lymphoid-T
c_1_37_291,Lymphoid-Plasma
c_1_37_292,Endothelial
c_1_37_293,Endothelial
c_1_37_294,Lymphoid-Other
c_1_37_295,Endothelial
c_1_37_296,Mesenchymal-Stromal
c_1_37_297,Lymphoid-Other
c_1_37_298,Lymphoid-T
c_1_37_299,Lymphoid-T
c_1_37_300,Lymphoid-Other
c_1_37_301,Mesenchymal-Stromal
c_1_37_302,Lymphoid-Plasma
c_1_37_303,Endothelial
c_1_37_304,Endothelial
c_1_37_305,Lymphoid-Plasma
c_1_37_306,Endothelial
c_1_37_307,Lymphoid-DC
c_1_37_308,Lymphoid-Other
c_1_37_309,None
c_1_37_310,Lymphoid-Other
c_1_37_311,Epithelial
c_1_37_312,None
c_1_37_313,Lymphoid-T
c_1_37_314,Lymphoid-Other
c_1_37_315,Epithelial
c_1_37_316,Lymphoid-T
c_1_37_317,Lymphoid-Other
c_1_37_318,Lymphoid-Other
c_1_37_319,Endothelial
c_1_37_320,Lymphoid-T
c_1_37_321,Endothelial
c_1_37_322,Lymphoid-T
c_1_37_323,Lymphoid-T
c_1_37_324,Lymphoid-Plasma
c_1_37_325,Lymphoid-Other
c_1_37_326,None
c_1_37_327,Mesenchymal-Stromal
c_1_37_328,Lymphoid-Other
c_1_37_329,Epithelial
c_1_37_330,Epithelial
c_1_37_331,Endothelial
c_1_37_332,Endothelial
c_1_37_333,Lymphoid-T
c_1_37_334,Epithelial
c_1_37_335,Endothelial
c_1_37_336,Lymphoid-Other
c_1_37_337,Mesenchymal-Stromal
c_1_37_338,Endothelial
c_1_37_339,Lymphoid-Other
c_1_37_340,Endothelial
c_1_37_341,Lymphoid-Plasma
c_1_37_342,Lymphoid-DC
c_1_37_343,Lymphoid-T
c_1_37_344,Lymphoid-Other
c_1_37_345,Lymphoid-Other
c_1_37_346,Lymphoid-B
c_1_37_347,Lymphoid-T
c_1_37_348,Endothelial
c_1_37_349,Lymphoid-B
c_1_37_350,Mesenchymal-Stromal
c_1_37_351,Endothelial
c_1_37_352,Lymphoid-Other
c_1_37_353,Lymphoid-T
c_1_37_354,Endothelial
c_1_37_355,Lymphoid-T
c_1_37_356,Lymphoid-Plasma
c_1_37_357,Lymphoid-T
c_1_37_358,Lymphoid-T
c_1_37_359,Myeloid
c_1_37_360,Endothelial
c_1_37_361,Lymphoid-T
c_1_37_362,Mesenchymal-Stromal
c_1_37_363,Lymphoid-Other
c_1_37_364,Lymphoid-T
c_1_37_365,Lymphoid-Other
c_1_37_366,Endothelial
c_1_37_367,Lymphoid-Other
c_1_37_368,None
c_1_37_369,Lymphoid-T
c_1_37_370,Lymphoid-Other
c_1_37_371,Endothelial
c_1_37_372,Lymphoid-T
c_1_37_373,Endothelial
c_1_37_374,Lymphoid-T
c_1_37_375,Lymphoid-T
c_1_37_376,Endothelial
c_1_37_377,Lymphoid-DC
c_1_37_378,Lymphoid-Other
c_1_37_379,Lymphoid-T
c_1_37_380,Endothelial
c_1_37_381,Lymphoid-T
c_1_37_382,Lymphoid-T
c_1_37_383,Lymphoid-T
c_1_37_384,Endothelial
c_1_37_385,Lymphoid-T
c_1_37_386,Lymphoid-B
c_1_37_387,Lymphoid-T
c_1_37_388,Lymphoid-Other
c_1_37_389,Lymphoid-T
c_1_37_390,Lymphoid-Other
c_1_37_391,Lymphoid-T
c_1_37_392,Lymphoid-Other
c_1_37_393,Endothelial
c_1_37_394,Lymphoid-Other
c_1_37_395,Lymphoid-Plasma
c_1_37_396,Endothelial
c_1_37_397,Lymphoid-T
c_1_37_398,Lymphoid-T
c_1_37_399,Lymphoid-T
c_1_37_400,Lymphoid-Other
c_1_37_401,Lymphoid-T
c_1_37_402,Mesenchymal-Stromal
c_1_37_403,Lymphoid-T
c_1_37_404,Lymphoid-Other
c_1_37_405,Endothelial
c_1_37_406,Lymphoid-T
c_1_37_407,Lymphoid-T
c_1_37_408,Lymphoid-Other
c_1_37_409,Lymphoid-T
c_1_37_410,Stem
c_1_37_411,Mesenchymal-Stromal
c_1_37_412,Stem
c_1_37_413,Lymphoid-Other
c_1_37_414,Lymphoid-T
c_1_37_415,Endothelial
c_1_37_416,Lymphoid-T
c_1_37_417,Lymphoid-T
c_1_37_418,Lymphoid-T
c_1_37_419,Lymphoid-B
c_1_37_420,Lymphoid-T
c_1_37_421,Endothelial
c_1_37_422,Lymphoid-B
c_1_37_423,Endothelial
c_1_37_424,Lymphoid-B
c_1_37_425,Endothelial
c_1_37_426,Lymphoid-T
c_1_37_427,Lymphoid-T
c_1_37_428,Lymphoid-Other
c_1_37_429,Mesenchymal-Stromal
c_1_37_430,Lymphoid-Other
c_1_37_431,Endothelial
c_1_37_432,Lymphoid-Other
c_1_37_433,Lymphoid-T
c_1_37_434,Lymphoid-T
c_1_37_435,Lymphoid-Other
c_1_37_436,Epithelial
c_1_37_437,Lymphoid-T
c_1_37_438,Endothelial
c_1_37_439,Lymphoid-Other
c_1_37_440,Lymphoid-Plasma
c_1_37_441,Endothelial
c_1_37_442,Lymphoid-Other
c_1_37_443,Lymphoid-Other
c_1_37_444,Endothelial
c_1_37_445,Lymphoid-Other
c_1_37_446,Endothelial
c_1_37_447,Lymphoid-T
c_1_37_448,Lymphoid-Other
c_1_37_449,Lymphoid-Other
c_1_37_450,Lymphoid-T
c_1_37_451,Myeloid
c_1_37_452,Lymphoid-Other
c_1_37_453,Endothelial
c_1_37_454,Epithelial
c_1_37_455,Lymphoid-Other
c_1_37_456,Endothelial
c_1_37_457,Lymphoid-T
c_1_37_458,Lymphoid-T
c_1_37_459,Mesenchymal-Stromal
c_1_37_460,Lymphoid-T
c_1_37_461,Lymphoid-Other
c_1_37_462,Endothelial
c_1_37_463,Lymphoid-Other
c_1_37_464,Lymphoid-Other
c_1_37_465,Lymphoid-B
c_1_37_466,Lymphoid-T
c_1_37_467,Lymphoid-T
c_1_37_468,Lymphoid-T
c_1_37_469,Endothelial
c_1_37_470,Mesenchymal-Stromal
c_1_37_471,Endothelial
c_1_37_472,Lymphoid-T
c_1_37_473,Lymphoid-Plasma
c_1_37_474,Lymphoid-Other
c_1_37_475,Endothelial
c_1_37_476,Lymphoid-B
c_1_37_477,Lymphoid-T
c_1_37_478,Lymphoid-Plasma
c_1_37_479,Lymphoid-Other
c_1_37_480,Lymphoid-B
c_1_37_481,Mesenchymal-Stromal
c_1_37_482,Lymphoid-Other
c_1_37_483,Lymphoid-T
c_1_37_484,Myeloid
c_1_37_485,Lymphoid-Other
c_1_37_486,Lymphoid-T
c_1_37_487,Lymphoid-Other
c_1_37_488,Lymphoid-T
c_1_37_489,Lymphoid-Other
c_1_37_490,Lymphoid-B
c_1_37_491,Lymphoid-B
c_1_37_492,Lymphoid-Plasma
c_1_37_493,Lymphoid-Other
c_1_37_494,Lymphoid-T
c_1_37_495,Lymphoid-Plasma
c_1_37_496,Lymphoid-Other
c_1_37_497,Lymphoid-Other
c_1_37_498,Lymphoid-B
c_1_37_499,Lymphoid-Plasma
c_1_37_500,Lymphoid-T
c_1_37_501,Mesenchymal-Stromal
c_1_37_502,Lymphoid-T
c_1_37_503,Lymphoid-Plasma
c_1_37_504,Endothelial
c_1_37_505,Lymphoid-Other
c_1_37_506,Lymphoid-Other
c_1_37_507,Lymphoid-Plasma
c_1_37_508,Epithelial
c_1_37_509,Lymphoid-T
c_1_37_510,Lymphoid-B
c_1_37_511,Lymphoid-Plasma
c_1_37_512,Lymphoid-T
c_1_37_513,Endothelial
c_1_37_514,Lymphoid-T
c_1_37_515,Lymphoid-B
c_1_37_516,Lymphoid-Other
c_1_37_517,Lymphoid-B
c_1_37_518,Lymphoid-Other
c_1_37_519,Lymphoid-Other
c_1_37_520,Lymphoid-Other
c_1_37_521,Lymphoid-T
c_1_37_522,Endothelial
c_1_37_523,Lymphoid-B
c_1_37_524,Lymphoid-T
c_1_37_525,Lymphoid-B
c_1_37_526,Lymphoid-Other
c_1_37_527,Lymphoid-B
c_1_37_528,Endothelial
c_1_37_529,Lymphoid-Other
c_1_37_530,Lymphoid-T
c_1_37_531,Epithelial
c_1_37_532,Endothelial
c_1_37_533,Endothelial
c_1_37_534,Lymphoid-Other
c_1_37_535,Lymphoid-T
c_1_37_536,Lymphoid-T
c_1_37_537,Endothelial
c_1_37_538,Lymphoid-B
c_1_37_539,Lymphoid-Other
c_1_37_540,Lymphoid-DC
c_1_37_541,Lymphoid-B
c_1_37_542,Lymphoid-T
c_1_37_543,Lymphoid-T
c_1_37_544,Lymphoid-Plasma
c_1_37_545,Lymphoid-B
c_1_37_546,Lymphoid-T
c_1_37_547,Endothelial
c_1_37_548,Endothelial
c_1_37_549,Lymphoid-Plasma
c_1_37_550,Lymphoid-B
c_1_37_551,Lymphoid-Other
c_1_37_552,Lymphoid-B
c_1_37_553,Lymphoid-T
c_1_37_554,Lymphoid-T
c_1_37_555,Lymphoid-T
c_1_37_556,Lymphoid-T
c_1_37_557,Lymphoid-Plasma
c_1_37_558,Lymphoid-B
c_1_37_559,Lymphoid-T
c_1_37_560,Lymphoid-T
c_1_37_561,Lymphoid-T
c_1_37_562,Lymphoid-Other
c_1_37_563,Lymphoid-B
c_1_37_564,Lymphoid-B
c_1_37_565,Endothelial
c_1_37_566,Lymphoid-T
c_1_37_567,Lymphoid-Other
c_1_37_568,Lymphoid-Plasma
c_1_37_569,Lymphoid-T
c_1_37_570,Lymphoid-T
c_1_37_571,Lymphoid-T
c_1_37_572,Endothelial
c_1_37_573,Lymphoid-Other
c_1_37_574,Lymphoid-T
c_1_37_575,Lymphoid-B
c_1_37_576,Lymphoid-T
c_1_37_577,Mesenchymal-Stromal
c_1_37_578,Lymphoid-B
c_1_37_579,Lymphoid-Other
c_1_37_580,Lymphoid-T
c_1_37_581,Lymphoid-B
c_1_37_582,Lymphoid-B
c_1_37_583,Lymphoid-T
c_1_37_584,Lymphoid-T
c_1_37_585,Lymphoid-Other
c_1_37_586,Lymphoid-Other
c_1_37_587,Lymphoid-Other
c_1_37_588,Lymphoid-B
c_1_37_589,Lymphoid-Other
c_1_37_590,Lymphoid-B
c_1_37_591,Lymphoid-B
c_1_37_592,None
c_1_37_593,Endothelial
c_1_37_594,Endothelial
c_1_37_595,Lymphoid-B
c_1_37_596,Lymphoid-Other
c_1_37_597,Lymphoid-Other
c_1_37_598,Lymphoid-T
c_1_37_599,Lymphoid-B
c_1_37_600,Lymphoid-Other
c_1_37_601,Lymphoid-T
c_1_37_602,Lymphoid-Other
c_1_37_603,Lymphoid-B
c_1_37_604,Lymphoid-B
c_1_37_605,Lymphoid-B
c_1_37_606,Lymphoid-B
c_1_37_607,Lymphoid-B
c_1_37_608,Lymphoid-Other
c_1_37_609,Lymphoid-B
c_1_37_610,Endothelial
c_1_37_611,Lymphoid-Plasma
c_1_37_612,Lymphoid-Other
c_1_37_613,Lymphoid-T
c_1_37_614,Lymphoid-T
c_1_37_615,Lymphoid-B
c_1_37_616,Lymphoid-T
c_1_37_617,Lymphoid-Other
c_1_37_618,Lymphoid-Other
c_1_37_619,Lymphoid-B
c_1_37_620,Lymphoid-Other
c_1_37_621,Lymphoid-T
c_1_37_622,Lymphoid-Other
c_1_37_623,Lymphoid-B
c_1_37_624,Lymphoid-B
c_1_37_625,Lymphoid-B
c_1_37_626,Lymphoid-T
c_1_37_627,Lymphoid-Other
c_1_37_628,Lymphoid-B
c_1_37_629,Lymphoid-T
c_1_37_630,Lymphoid-Other
c_1_37_631,Lymphoid-Other
c_1_37_632,Lymphoid-T
c_1_37_633,Lymphoid-B
c_1_37_634,Lymphoid-T
c_1_37_635,Lymphoid-T
c_1_37_636,Lymphoid-B
c_1_37_637,Lymphoid-B
c_1_37_638,Lymphoid-Other
c_1_37_639,Lymphoid-DC
c_1_37_640,Lymphoid-T
c_1_37_641,Lymphoid-B
c_1_37_642,Lymphoid-T
c_1_37_643,Lymphoid-T
c_1_37_644,Lymphoid-Other
c_1_37_645,Lymphoid-Other
c_1_37_646,Lymphoid-B
c_1_37_647,None
c_1_37_648,Lymphoid-T
c_1_37_649,Lymphoid-Other
c_1_37_650,Lymphoid-B
c_1_37_651,Lymphoid-T
c_1_37_652,Lymphoid-T
c_1_37_653,Lymphoid-B
c_1_37_654,Lymphoid-Other
c_1_37_655,Lymphoid-Other
c_1_37_656,Lymphoid-T
c_1_37_657,Endothelial
c_1_37_658,Lymphoid-Other
c_1_37_659,Lymphoid-B
c_1_37_660,Lymphoid-B
c_1_37_661,Lymphoid-B
c_1_37_662,Lymphoid-B
c_1_37_663,Lymphoid-T
c_1_37_664,Lymphoid-B
c_1_37_665,Lymphoid-T
c_1_37_666,Lymphoid-Other
c_1_37_667,Lymphoid-T
c_1_37_668,Lymphoid-B
c_1_37_669,Lymphoid-T
c_1_37_670,Lymphoid-Other
c_1_37_671,Lymphoid-Plasma
c_1_37_672,Lymphoid-B
c_1_37_673,Lymphoid-T
c_1_37_674,Endothelial
c_1_37_675,Lymphoid-Other
c_1_37_676,Lymphoid-T
c_1_37_677,Lymphoid-T
c_1_37_678,Lymphoid-T
c_1_37_679,Lymphoid-Other
c_1_37_680,Lymphoid-T
c_1_37_681,Lymphoid-Other
c_1_37_682,Lymphoid-T
c_1_37_683,Lymphoid-B
c_1_37_684,Lymphoid-T
c_1_37_685,Lymphoid-B
c_1_37_686,Lymphoid-B
c_1_37_687,Lymphoid-DC
c_1_37_688,Lymphoid-B
c_1_37_689,Lymphoid-B
c_1_37_690,Lymphoid-B
c_1_37_691,Lymphoid-T
c_1_37_692,Lymphoid-T
c_1_37_693,Lymphoid-B
c_1_37_694,Lymphoid-Other
c_1_37_695,Lymphoid-Other
c_1_37_696,Lymphoid-T
c_1_37_697,Lymphoid-Other
c_1_37_698,Lymphoid-T
c_1_37_699,Lymphoid-Other
c_1_37_700,Lymphoid-T
c_1_37_701,Lymphoid-T
c_1_37_702,Lymphoid-T
c_1_37_703,Lymphoid-Other
c_1_37_704,Lymphoid-B
c_1_37_705,Lymphoid-B
c_1_37_706,Lymphoid-Other
c_1_37_707,Lymphoid-B
c_1_37_708,Lymphoid-Other
c_1_37_709,Lymphoid-T
c_1_37_710,Lymphoid-B
c_1_37_711,Lymphoid-B
c_1_37_712,Lymphoid-Other
c_1_37_713,Lymphoid-Other
c_1_37_714,Lymphoid-B
c_1_37_715,Lymphoid-B
c_1_37_716,Lymphoid-T
c_1_37_717,Lymphoid-B
c_1_37_718,Mesenchymal-Stromal
c_1_37_719,Lymphoid-B
c_1_37_720,Lymphoid-B
c_1_37_721,Lymphoid-B
c_1_37_722,Lymphoid-Other
c_1_37_723,Lymphoid-T
c_1_37_724,Lymphoid-B
c_1_37_725,Lymphoid-T
c_1_37_726,Lymphoid-T
c_1_37_727,Lymphoid-T
c_1_37_728,Lymphoid-B
c_1_37_729,Lymphoid-B
c_1_37_730,Lymphoid-B
c_1_37_731,Lymphoid-Other
c_1_37_732,Lymphoid-T
c_1_37_733,Lymphoid-T
c_1_37_734,Lymphoid-B
c_1_37_735,Lymphoid-B
c_1_37_736,Lymphoid-T
c_1_37_737,Endothelial
c_1_37_738,Lymphoid-B
c_1_37_739,Lymphoid-B
c_1_37_740,Lymphoid-T
c_1_37_741,Lymphoid-Plasma
c_1_37_742,Lymphoid-T
c_1_37_743,Lymphoid-B
c_1_37_744,Lymphoid-T
c_1_37_745,Lymphoid-Other
c_1_37_746,Lymphoid-T
c_1_37_747,Lymphoid-T
c_1_37_748,Lymphoid-B
c_1_37_749,Endothelial
c_1_37_750,Lymphoid-T
c_1_37_751,Lymphoid-T
c_1_37_752,Lymphoid-B
c_1_37_753,Lymphoid-B
c_1_37_754,Lymphoid-Other
c_1_37_755,Lymphoid-B
c_1_37_756,Lymphoid-B
c_1_37_757,Lymphoid-B
c_1_37_758,Lymphoid-B
c_1_37_759,Lymphoid-B
c_1_37_760,Lymphoid-DC
c_1_37_761,Lymphoid-B
c_1_37_762,Lymphoid-T
c_1_37_763,Lymphoid-B
c_1_37_764,Lymphoid-B
c_1_37_765,Lymphoid-DC
c_1_37_766,Lymphoid-B
c_1_37_767,Lymphoid-Other
c_1_37_768,Epithelial
c_1_37_769,Mesenchymal-Stromal
c_1_37_770,Lymphoid-T
c_1_37_771,Lymphoid-B
c_1_37_772,Lymphoid-T
c_1_37_773,Lymphoid-B
c_1_37_774,Lymphoid-T
c_1_37_775,Lymphoid-B
c_1_37_776,Lymphoid-B
c_1_37_777,Lymphoid-B
c_1_37_778,Lymphoid-Other
c_1_37_779,Lymphoid-Other
c_1_37_780,Lymphoid-T
c_1_37_781,Lymphoid-T
c_1_37_782,Lymphoid-T
c_1_37_783,Lymphoid-T
c_1_37_784,Lymphoid-T
c_1_37_785,Lymphoid-B
c_1_37_786,Lymphoid-B
c_1_37_787,Lymphoid-T
c_1_37_788,Lymphoid-T
c_1_37_789,Lymphoid-Other
c_1_37_790,Lymphoid-T
c_1_37_791,Lymphoid-B
c_1_37_792,Lymphoid-B
c_1_37_793,Lymphoid-B
c_1_37_794,Lymphoid-B
c_1_37_795,Lymphoid-T
c_1_37_796,Lymphoid-DC
c_1_37_797,Lymphoid-B
c_1_37_798,Lymphoid-DC
c_1_37_799,Lymphoid-T
c_1_37_800,Lymphoid-Other
c_1_37_801,Lymphoid-T
c_1_37_802,Lymphoid-T
c_1_37_803,Lymphoid-B
c_1_37_804,Lymphoid-T
c_1_37_805,Epithelial
c_1_37_806,Lymphoid-Other
c_1_37_807,Lymphoid-DC
c_1_37_808,Lymphoid-Other
c_1_37_809,Lymphoid-T
c_1_37_810,Lymphoid-B
c_1_37_811,Lymphoid-B
c_1_37_812,Lymphoid-B
c_1_37_813,Lymphoid-DC
c_1_37_814,Lymphoid-B
c_1_37_815,Lymphoid-B
c_1_37_816,Lymphoid-B
c_1_37_817,Lymphoid-B
c_1_37_818,Endothelial
c_1_37_819,Lymphoid-Other
c_1_37_820,Mesenchymal-Stromal
c_1_37_821,Lymphoid-B
c_1_37_822,Lymphoid-B
c_1_37_823,Lymphoid-T
c_1_37_824,Lymphoid-Other
c_1_37_825,Lymphoid-B
c_1_37_826,Lymphoid-T
c_1_37_827,Lymphoid-T
c_1_37_828,Lymphoid-DC
c_1_37_829,Lymphoid-T
c_1_37_830,Lymphoid-DC
c_1_37_831,Lymphoid-T
c_1_37_832,Lymphoid-Other
c_1_37_833,Lymphoid-B
c_1_37_834,Lymphoid-B
c_1_37_835,Lymphoid-Plasma
c_1_37_836,Lymphoid-B
c_1_37_837,Lymphoid-Other
c_1_37_838,Endothelial
c_1_37_839,Lymphoid-Other
c_1_37_840,None
c_1_37_841,Lymphoid-T
c_1_37_842,Lymphoid-T
c_1_37_843,Lymphoid-Plasma
c_1_37_844,Lymphoid-B
c_1_37_845,Lymphoid-B
c_1_37_846,Lymphoid-Other
c_1_37_847,Endothelial
c_1_37_848,Lymphoid-B
c_1_37_849,Lymphoid-Other
c_1_37_850,Lymphoid-B
c_1_37_851,Lymphoid-Other
c_1_37_852,None
c_1_37_853,Endothelial
c_1_37_854,Lymphoid-B
c_1_37_855,Lymphoid-T
c_1_37_856,Lymphoid-Plasma
c_1_37_857,Lymphoid-Other
c_1_37_858,Lymphoid-Other
c_1_37_859,Lymphoid-Other
c_1_37_860,Lymphoid-B
c_1_37_861,Lymphoid-B
c_1_37_862,Lymphoid-B
c_1_37_863,Lymphoid-Other
c_1_37_864,Lymphoid-DC
c_1_37_865,Endothelial
c_1_37_866,Lymphoid-B
c_1_37_867,Lymphoid-T
c_1_37_868,Lymphoid-Plasma
c_1_37_869,Lymphoid-Plasma
c_1_37_870,Lymphoid-T
c_1_37_871,Lymphoid-Plasma
c_1_37_872,Mesenchymal-Stromal
c_1_37_873,Lymphoid-DC
c_1_37_874,Lymphoid-Plasma
c_1_37_875,Lymphoid-B
c_1_37_876,Lymphoid-B
c_1_37_877,Lymphoid-B
c_1_37_878,Lymphoid-DC
c_1_37_879,Lymphoid-DC
c_1_37_880,Epithelial
c_1_37_881,Endothelial
c_1_37_882,Lymphoid-DC
c_1_37_883,Lymphoid-B
c_1_37_884,Lymphoid-Plasma
c_1_37_885,Lymphoid-B
c_1_37_886,Lymphoid-T
c_1_37_887,Lymphoid-B
c_1_37_888,Lymphoid-Other
c_1_37_889,Lymphoid-B
c_1_37_890,Lymphoid-T
c_1_37_891,Lymphoid-Plasma
c_1_37_892,Lymphoid-B
c_1_37_893,Lymphoid-B
c_1_37_894,Mesenchymal-Stromal
c_1_37_895,Lymphoid-T
c_1_37_896,Lymphoid-T
c_1_37_897,Lymphoid-B
c_1_37_898,Lymphoid-DC
c_1_37_899,Lymphoid-Other
c_1_37_900,Lymphoid-B
c_1_37_901,Lymphoid-B
c_1_37_902,Lymphoid-T
c_1_37_903,Lymphoid-B
c_1_37_904,Epithelial
c_1_37_905,Lymphoid-DC
c_1_37_906,Lymphoid-T
c_1_37_907,Lymphoid-B
c_1_37_908,Lymphoid-DC
c_1_37_909,Lymphoid-DC
c_1_37_910,Lymphoid-DC
c_1_37_911,Lymphoid-T
c_1_37_912,Lymphoid-T
c_1_37_913,Lymphoid-DC
c_1_37_914,Lymphoid-B
c_1_37_915,Lymphoid-Other
c_1_37_916,Lymphoid-Other
c_1_37_917,Lymphoid-Other
c_1_37_918,Lymphoid-T
c_1_37_919,Lymphoid-DC
c_1_37_920,Lymphoid-Plasma
c_1_37_921,Lymphoid-B
c_1_37_922,Lymphoid-T
c_1_37_923,Lymphoid-Plasma
c_1_37_924,Lymphoid-T
c_1_37_925,Lymphoid-DC
c_1_37_926,Lymphoid-B
c_1_37_927,Lymphoid-B
c_1_37_928,Lymphoid-B
c_1_37_929,Lymphoid-B
c_1_37_930,Lymphoid-T
c_1_37_931,Lymphoid-T
c_1_37_932,Lymphoid-B
c_1_37_933,Myeloid
c_1_37_934,Lymphoid-DC
c_1_37_935,Lymphoid-Plasma
c_1_37_936,Lymphoid-B
c_1_37_937,Lymphoid-B
c_1_37_938,Lymphoid-T
c_1_37_939,Lymphoid-DC
c_1_37_940,Endothelial
c_1_37_941,Lymphoid-B
c_1_37_942,Lymphoid-T
c_1_37_943,Lymphoid-Other
c_1_37_944,Lymphoid-Plasma
c_1_37_945,Lymphoid-DC
c_1_37_946,Lymphoid-T
c_1_37_947,Lymphoid-T
c_1_37_948,Lymphoid-T
c_1_37_949,Lymphoid-B
c_1_37_950,Lymphoid-B
c_1_37_951,Lymphoid-Other
c_1_37_952,Lymphoid-T
c_1_37_953,Myeloid
c_1_37_954,Lymphoid-DC
c_1_37_955,Lymphoid-Other
c_1_37_956,Lymphoid-T
c_1_37_957,Lymphoid-Other
c_1_37_958,Lymphoid-B
c_1_37_959,Lymphoid-T
c_1_37_960,Lymphoid-B
c_1_37_961,Lymphoid-Plasma
c_1_37_962,Lymphoid-DC
c_1_37_963,Lymphoid-Other
c_1_37_964,Lymphoid-Plasma
c_1_37_965,Lymphoid-DC
c_1_37_966,Lymphoid-T
c_1_37_967,Mesenchymal-Stromal
c_1_37_968,Lymphoid-B
c_1_37_969,Lymphoid-Other
c_1_37_970,Epithelial
c_1_37_971,Lymphoid-DC
c_1_37_972,Lymphoid-T
c_1_37_973,Lymphoid-B
c_1_37_974,Lymphoid-B
c_1_37_975,Endothelial
c_1_37_976,Lymphoid-B
c_1_37_977,Lymphoid-T
c_1_37_978,Endothelial
c_1_37_979,Lymphoid-B
c_1_37_980,Lymphoid-DC
c_1_37_981,Lymphoid-B
c_1_37_982,Lymphoid-DC
c_1_37_983,Lymphoid-DC
c_1_37_984,Lymphoid-Other
c_1_37_985,Lymphoid-Plasma
c_1_37_986,Lymphoid-Other
c_1_37_987,Lymphoid-T
c_1_37_988,Lymphoid-Other
c_1_37_989,Lymphoid-T
c_1_37_990,Lymphoid-DC
c_1_37_991,Lymphoid-DC
c_1_37_992,Stem
c_1_37_993,Lymphoid-T
c_1_37_994,Lymphoid-Plasma
c_1_37_995,Lymphoid-Plasma
c_1_37_996,Epithelial
c_1_37_997,Lymphoid-T
c_1_37_998,Lymphoid-T
c_1_37_999,Lymphoid-B
c_1_37_1000,Lymphoid-B
c_1_37_1001,Lymphoid-B
c_1_37_1002,Lymphoid-Plasma
c_1_37_1003,Lymphoid-T
c_1_37_1004,Lymphoid-B
c_1_37_1005,Lymphoid-DC
c_1_37_1006,Lymphoid-B
c_1_37_1007,Lymphoid-DC
c_1_37_1008,Lymphoid-T
c_1_37_1009,Lymphoid-B
c_1_37_1010,Lymphoid-B
c_1_37_1011,Lymphoid-Plasma
c_1_37_1012,Lymphoid-T
c_1_37_1013,Lymphoid-B
c_1_37_1014,Lymphoid-Plasma
c_1_37_1015,Lymphoid-T
c_1_37_1016,Lymphoid-Plasma
c_1_37_1017,Lymphoid-B
c_1_37_1018,Lymphoid-B
c_1_37_1019,Lymphoid-DC
c_1_37_1020,Lymphoid-T
c_1_37_1021,Lymphoid-B
c_1_37_1022,Endothelial
c_1_37_1023,Lymphoid-B
c_1_37_1024,Lymphoid-T
c_1_37_1025,Lymphoid-Other
c_1_37_1026,Lymphoid-Other
c_1_37_1027,Lymphoid-Other
c_1_37_1028,Lymphoid-B
c_1_37_1029,Lymphoid-Plasma
c_1_37_1030,Endothelial
c_1_37_1031,Lymphoid-Other
c_1_37_1032,Lymphoid-T
c_1_37_1033,Lymphoid-Other
c_1_37_1034,Lymphoid-Plasma
c_1_37_1035,Lymphoid-T
c_1_37_1036,Lymphoid-DC
c_1_37_1037,Epithelial
c_1_37_1038,Lymphoid-T
c_1_37_1039,Lymphoid-Plasma
c_1_37_1040,Lymphoid-DC
c_1_37_1041,Lymphoid-T
c_1_37_1042,Lymphoid-Plasma
c_1_37_1043,Lymphoid-DC
c_1_37_1044,Lymphoid-T
c_1_37_1045,Lymphoid-T
c_1_37_1046,Lymphoid-Plasma
c_1_37_1047,Lymphoid-T
c_1_37_1048,Lymphoid-Plasma
c_1_37_1049,Lymphoid-DC
c_1_37_1050,Lymphoid-Other
c_1_37_1051,Lymphoid-DC
c_1_37_1052,Lymphoid-T
c_1_37_1053,Lymphoid-B
c_1_37_1054,Lymphoid-T
c_1_37_1055,Lymphoid-B
c_1_37_1056,Epithelial
c_1_37_1057,Lymphoid-T
c_1_37_1058,Lymphoid-B
c_1_37_1059,Lymphoid-Plasma
c_1_37_1060,Lymphoid-B
c_1_37_1061,Lymphoid-T
c_1_37_1062,Lymphoid-Other
c_1_37_1063,Lymphoid-T
c_1_37_1064,Lymphoid-T
c_1_37_1065,Lymphoid-Other
c_1_37_1066,Lymphoid-Plasma
c_1_37_1067,Lymphoid-T
c_1_37_1068,Lymphoid-Other
c_1_37_1069,Lymphoid-Plasma
c_1_37_1070,Lymphoid-T
c_1_37_1071,Lymphoid-Plasma
c_1_37_1072,Lymphoid-B
c_1_37_1073,Lymphoid-T
c_1_37_1074,Lymphoid-T
c_1_37_1075,Lymphoid-B
c_1_37_1076,Lymphoid-DC
c_1_37_1077,Lymphoid-T
c_1_37_1078,Lymphoid-T
c_1_37_1079,Lymphoid-T
c_1_37_1080,Lymphoid-Other
c_1_37_1081,Lymphoid-T
c_1_37_1082,Lymphoid-B
c_1_37_1083,Lymphoid-DC
c_1_37_1084,Lymphoid-B
c_1_37_1085,Lymphoid-B
c_1_37_1086,Lymphoid-T
c_1_37_1087,Lymphoid-B
c_1_37_1088,Lymphoid-B
c_1_37_1089,Lymphoid-T
c_1_37_1090,Lymphoid-T
c_1_37_1091,Lymphoid-B
c_1_37_1092,Lymphoid-T
c_1_37_1093,Lymphoid-T
c_1_37_1094,Epithelial
c_1_37_1095,Lymphoid-Plasma
c_1_37_1096,Lymphoid-DC
c_1_37_1097,Lymphoid-Plasma
c_1_37_1098,Lymphoid-T
c_1_37_1099,Lymphoid-Other
c_1_37_1100,Lymphoid-B
c_1_37_1101,Lymphoid-B
c_1_37_1102,Lymphoid-B
c_1_37_1103,Lymphoid-B
c_1_37_1104,Lymphoid-B
c_1_37_1105,Lymphoid-T
c_1_37_1106,Lymphoid-B
c_1_37_1107,Lymphoid-T
c_1_37_1108,None
c_1_37_1109,Lymphoid-B
c_1_37_1110,Lymphoid-Plasma
c_1_37_1111,Lymphoid-Plasma
c_1_37_1112,Lymphoid-B
c_1_37_1113,Lymphoid-DC
c_1_37_1114,Lymphoid-B
c_1_37_1115,Lymphoid-Plasma
c_1_37_1116,Lymphoid-B
c_1_37_1117,None
c_1_37_1118,Lymphoid-B
c_1_37_1119,Lymphoid-T
c_1_37_1120,Lymphoid-B
c_1_37_1121,Myeloid
c_1_37_1122,Lymphoid-Plasma
c_1_37_1123,Lymphoid-Other
c_1_37_1124,Lymphoid-B
c_1_37_1125,Lymphoid-Other
c_1_37_1126,Epithelial
c_1_37_1127,Lymphoid-T
c_1_37_1128,Lymphoid-T
c_1_37_1129,Lymphoid-B
c_1_37_1130,Lymphoid-B
c_1_37_1131,Lymphoid-Plasma
c_1_37_1132,Lymphoid-DC
c_1_37_1133,Lymphoid-Plasma
c_1_37_1134,Lymphoid-Other
c_1_37_1135,Lymphoid-B
c_1_37_1136,Lymphoid-B
c_1_37_1137,Lymphoid-B
c_1_37_1138,Lymphoid-B
c_1_37_1139,Lymphoid-T
c_1_37_1140,Epithelial
c_1_37_1141,Lymphoid-Other
c_1_37_1142,Lymphoid-B
c_1_37_1143,Lymphoid-B
c_1_37_1144,Lymphoid-DC
c_1_37_1145,Lymphoid-B
c_1_37_1146,Lymphoid-Plasma
c_1_37_1147,Lymphoid-Other
c_1_37_1148,Lymphoid-B
c_1_37_1149,Lymphoid-Plasma
c_1_37_1150,Lymphoid-Other
c_1_37_1151,Lymphoid-B
c_1_37_1152,Lymphoid-B
c_1_37_1153,Lymphoid-Other
c_1_37_1154,None
c_1_37_1155,Lymphoid-T
c_1_37_1156,Lymphoid-B
c_1_37_1157,Lymphoid-T
c_1_37_1158,Lymphoid-B
c_1_37_1159,Lymphoid-B
c_1_37_1160,Lymphoid-T
c_1_37_1161,Endothelial
c_1_37_1162,Erythroid
c_1_37_1163,Lymphoid-Other
c_1_37_1164,Lymphoid-Plasma
c_1_37_1165,Lymphoid-Other
c_1_37_1166,Lymphoid-B
c_1_37_1167,Lymphoid-T
c_1_37_1168,Lymphoid-B
c_1_37_1169,Lymphoid-B
c_1_37_1170,Lymphoid-B
c_1_37_1171,Lymphoid-T
c_1_37_1172,Lymphoid-T
c_1_37_1173,Lymphoid-Plasma
c_1_37_1174,Lymphoid-Plasma
c_1_37_1175,Lymphoid-T
c_1_37_1176,Lymphoid-B
c_1_37_1177,Lymphoid-B
c_1_37_1178,Lymphoid-Other
c_1_37_1179,Lymphoid-Other
c_1_37_1180,Lymphoid-DC
c_1_37_1181,Lymphoid-B
c_1_37_1182,Lymphoid-T
c_1_37_1183,Lymphoid-DC
c_1_37_1184,Lymphoid-B
c_1_37_1185,Lymphoid-T
c_1_37_1186,Lymphoid-B
c_1_37_1187,Lymphoid-Plasma
c_1_37_1188,Lymphoid-Plasma
c_1_37_1189,Lymphoid-B
c_1_37_1190,Lymphoid-Plasma
c_1_37_1191,Lymphoid-DC
c_1_37_1192,Lymphoid-T
c_1_37_1193,Epithelial
c_1_37_1194,Lymphoid-T
c_1_37_1195,Lymphoid-T
c_1_37_1196,Lymphoid-B
c_1_37_1197,None
c_1_37_1198,Lymphoid-T
c_1_37_1199,Lymphoid-B
c_1_37_1200,Lymphoid-B
c_1_37_1201,Lymphoid-T
c_1_37_1202,Lymphoid-B
c_1_37_1203,Lymphoid-Plasma
c_1_37_1204,Lymphoid-Other
c_1_37_1205,Lymphoid-Other
c_1_37_1206,Lymphoid-B
c_1_37_1207,Lymphoid-B
c_1_37_1208,Lymphoid-T
c_1_37_1209,Lymphoid-B
c_1_37_1210,Lymphoid-T
c_1_37_1211,Lymphoid-T
c_1_37_1212,Lymphoid-Other
c_1_37_1213,Lymphoid-B
c_1_37_1214,Lymphoid-DC
c_1_37_1215,Lymphoid-Plasma
c_1_37_1216,Lymphoid-Plasma
c_1_37_1217,Lymphoid-B
c_1_37_1218,Lymphoid-T
c_1_37_1219,Endothelial
c_1_37_1220,Lymphoid-Plasma
c_1_37_1221,Lymphoid-B
c_1_37_1222,Lymphoid-T
c_1_37_1223,Lymphoid-T
c_1_37_1224,Lymphoid-T
c_1_37_1225,Epithelial
c_1_37_1226,Lymphoid-T
c_1_37_1227,Lymphoid-DC
c_1_37_1228,Lymphoid-DC
c_1_37_1229,Lymphoid-DC
c_1_37_1230,Lymphoid-B
c_1_37_1231,Lymphoid-Other
c_1_37_1232,Lymphoid-B
c_1_37_1233,Lymphoid-B
c_1_37_1234,Lymphoid-T
c_1_37_1235,Lymphoid-Other
c_1_37_1236,Lymphoid-B
c_1_37_1237,Lymphoid-Other
c_1_37_1238,Lymphoid-Plasma
c_1_37_1239,Lymphoid-B
c_1_37_1240,Mesenchymal-Stromal
c_1_37_1241,Lymphoid-B
c_1_37_1242,Lymphoid-T
c_1_37_1243,Lymphoid-B
c_1_37_1244,Lymphoid-Plasma
c_1_37_1245,Lymphoid-T
c_1_37_1246,Lymphoid-B
c_1_37_1247,Lymphoid-B
c_1_37_1248,Lymphoid-T
c_1_37_1249,Lymphoid-Plasma
c_1_37_1250,Lymphoid-B
c_1_37_1251,Lymphoid-B
c_1_37_1252,Lymphoid-Other
c_1_37_1253,Lymphoid-B
c_1_37_1254,Lymphoid-T
c_1_37_1255,Lymphoid-T
c_1_37_1256,Lymphoid-T
c_1_37_1257,Lymphoid-B
c_1_37_1258,Lymphoid-Plasma
c_1_37_1259,Lymphoid-B
c_1_37_1260,Lymphoid-Plasma
c_1_37_1261,Lymphoid-T
c_1_37_1262,Lymphoid-B
c_1_37_1263,Epithelial
c_1_37_1264,Lymphoid-B
c_1_37_1265,Lymphoid-B
c_1_37_1266,Lymphoid-Plasma
c_1_37_1267,Lymphoid-Plasma
c_1_37_1268,Lymphoid-B
c_1_37_1269,Lymphoid-Other
c_1_37_1270,Lymphoid-B
c_1_37_1271,Lymphoid-B
c_1_37_1272,Lymphoid-Other
c_1_37_1273,Lymphoid-B
c_1_37_1274,Lymphoid-B
c_1_37_1275,Lymphoid-B
c_1_37_1276,Lymphoid-Other
c_1_37_1277,Lymphoid-T
c_1_37_1278,Lymphoid-Plasma
c_1_37_1279,Lymphoid-B
c_1_37_1280,Lymphoid-B
c_1_37_1281,Lymphoid-T
c_1_37_1282,Lymphoid-T
c_1_37_1283,Lymphoid-T
c_1_37_1284,Lymphoid-B
c_1_37_1285,Lymphoid-Other
c_1_37_1286,Lymphoid-B
c_1_37_1287,Lymphoid-T
c_1_37_1288,Lymphoid-T
c_1_37_1289,Lymphoid-Other
c_1_37_1290,Lymphoid-B
c_1_37_1291,Lymphoid-DC
c_1_37_1292,Lymphoid-T
c_1_37_1293,Lymphoid-B
c_1_37_1294,Lymphoid-DC
c_1_37_1295,Lymphoid-B
c_1_37_1296,Lymphoid-B
c_1_37_1297,Lymphoid-B
c_1_37_1298,Lymphoid-B
c_1_37_1299,Lymphoid-B
c_1_37_1300,Lymphoid-Plasma
c_1_37_1301,Lymphoid-B
c_1_37_1302,Lymphoid-Plasma
c_1_37_1303,Lymphoid-B
c_1_37_1304,Lymphoid-B
c_1_37_1305,Lymphoid-DC
c_1_37_1306,Lymphoid-B
c_1_37_1307,Lymphoid-B
c_1_37_1308,Lymphoid-Plasma
c_1_37_1309,Lymphoid-T
c_1_37_1310,Lymphoid-B
c_1_37_1311,Epithelial
c_1_37_1312,Lymphoid-B
c_1_37_1313,Lymphoid-Plasma
c_1_37_1314,Lymphoid-B
c_1_37_1315,Lymphoid-B
c_1_37_1316,Lymphoid-T
c_1_37_1317,Lymphoid-B
c_1_37_1318,Lymphoid-T
c_1_37_1319,Lymphoid-Other
c_1_37_1320,Lymphoid-B
c_1_37_1321,Lymphoid-Plasma
c_1_37_1322,Epithelial
c_1_37_1323,Lymphoid-B
c_1_37_1324,Lymphoid-Other
c_1_37_1325,Lymphoid-B
c_1_37_1326,Lymphoid-B
c_1_37_1327,Endothelial
c_1_37_1328,Lymphoid-B
c_1_37_1329,Lymphoid-T
c_1_37_1330,Lymphoid-Plasma
c_1_37_1331,Lymphoid-T
c_1_37_1332,Lymphoid-B
c_1_37_1333,Lymphoid-B
c_1_37_1334,Lymphoid-DC
c_1_37_1335,Myeloid
c_1_37_1336,Lymphoid-DC
c_1_37_1337,Lymphoid-B
c_1_37_1338,Epithelial
c_1_37_1339,Lymphoid-B
c_1_37_1340,Lymphoid-B
c_1_37_1341,Lymphoid-T
c_1_37_1342,Lymphoid-Other
c_1_37_1343,Lymphoid-B
c_1_37_1344,Lymphoid-B
c_1_37_1345,Lymphoid-T
c_1_37_1346,Lymphoid-T
c_1_37_1347,Lymphoid-T
c_1_37_1348,Lymphoid-B
c_1_37_1349,None
c_1_37_1350,Lymphoid-T
c_1_37_1351,Lymphoid-T
c_1_37_1352,Lymphoid-B
c_1_37_1353,Lymphoid-B
c_1_37_1354,Endothelial
c_1_37_1355,Lymphoid-B
c_1_37_1356,Endothelial
c_1_37_1357,Lymphoid-T
c_1_37_1358,Lymphoid-Plasma
c_1_37_1359,Lymphoid-B
c_1_37_1360,Lymphoid-B
c_1_37_1361,Lymphoid-B
c_1_37_1362,Lymphoid-DC
c_1_37_1363,Lymphoid-T
c_1_37_1364,Lymphoid-B
c_1_37_1365,Lymphoid-B
c_1_37_1366,Lymphoid-B
c_1_37_1367,None
c_1_37_1368,Lymphoid-B
c_1_37_1369,Endothelial
c_1_37_1370,Lymphoid-B
c_1_37_1371,Lymphoid-Plasma
c_1_37_1372,Lymphoid-T
c_1_37_1373,Lymphoid-Plasma
c_1_37_1374,Epithelial
c_1_37_1375,Lymphoid-Other
c_1_37_1376,Lymphoid-T
c_1_37_1377,Lymphoid-T
c_1_37_1378,Lymphoid-T
c_1_37_1379,Lymphoid-Other
c_1_37_1380,Myeloid
c_1_37_1381,Epithelial
c_1_37_1382,Lymphoid-DC
c_1_37_1383,Lymphoid-B
c_1_37_1384,Lymphoid-Other
c_1_37_1385,Lymphoid-B
c_1_37_1386,Lymphoid-Plasma
c_1_37_1387,Lymphoid-B
c_1_37_1388,Lymphoid-Plasma
c_1_37_1389,Lymphoid-B
c_1_37_1390,Lymphoid-B
c_1_37_1391,Lymphoid-B
c_1_37_1392,Lymphoid-T
c_1_37_1393,Lymphoid-DC
c_1_37_1394,Lymphoid-B
c_1_37_1395,Endothelial
c_1_37_1396,Lymphoid-T
c_1_37_1397,Lymphoid-T
c_1_37_1398,Lymphoid-DC
c_1_37_1399,Lymphoid-Other
c_1_37_1400,Endothelial
c_1_37_1401,Epithelial
c_1_37_1402,Lymphoid-T
c_1_37_1403,Lymphoid-B
c_1_37_1404,Lymphoid-T
c_1_37_1405,Lymphoid-T
c_1_37_1406,Lymphoid-DC
c_1_37_1407,Lymphoid-T
c_1_37_1408,Lymphoid-B
c_1_37_1409,Lymphoid-B
c_1_37_1410,Lymphoid-B
c_1_37_1411,Lymphoid-B
c_1_37_1412,Endothelial
c_1_37_1413,Lymphoid-B
c_1_37_1414,Lymphoid-T
c_1_37_1415,Endothelial
c_1_37_1416,Lymphoid-T
c_1_37_1417,Lymphoid-T
c_1_37_1418,Lymphoid-B
c_1_37_1419,Lymphoid-B
c_1_37_1420,Lymphoid-T
c_1_37_1421,Epithelial
c_1_37_1422,Lymphoid-T
c_1_37_1423,Lymphoid-DC
c_1_37_1424,Endothelial
c_1_37_1425,Lymphoid-B
c_1_37_1426,Epithelial
c_1_37_1427,Lymphoid-T
c_1_37_1428,Lymphoid-B
c_1_37_1429,None
c_1_37_1430,Lymphoid-T
c_1_37_1431,Lymphoid-B
c_1_37_1432,Lymphoid-T
c_1_37_1433,Lymphoid-T
c_1_37_1434,Lymphoid-T
c_1_37_1435,Lymphoid-T
c_1_37_1436,Lymphoid-B
c_1_37_1437,Lymphoid-Other
c_1_37_1438,Lymphoid-Other
c_1_37_1439,Lymphoid-T
c_1_37_1440,Epithelial
c_1_37_1441,Lymphoid-T
c_1_37_1442,Lymphoid-T
c_1_37_1443,Lymphoid-B
c_1_37_1444,Endothelial
c_1_37_1445,Lymphoid-T
c_1_37_1446,Lymphoid-T
c_1_37_1447,Lymphoid-B
c_1_37_1448,Lymphoid-Plasma
c_1_37_1449,Lymphoid-Plasma
c_1_37_1450,Lymphoid-T
c_1_37_1451,Lymphoid-Other
c_1_37_1452,Lymphoid-B
c_1_37_1453,Lymphoid-Other
c_1_37_1454,Mesenchymal-Stromal
c_1_37_1455,Lymphoid-B
c_1_37_1456,Lymphoid-B
c_1_37_1457,Lymphoid-B
c_1_37_1458,Lymphoid-B
c_1_37_1459,Lymphoid-B
c_1_37_1460,Lymphoid-B
c_1_37_1461,Lymphoid-B
c_1_37_1462,Lymphoid-B
c_1_37_1463,Lymphoid-B
c_1_37_1464,Lymphoid-T
c_1_37_1465,Lymphoid-B
c_1_37_1466,Endothelial
c_1_37_1467,Lymphoid-DC
c_1_37_1468,Lymphoid-B
c_1_37_1469,Lymphoid-B
c_1_37_1470,Lymphoid-Other
c_1_37_1471,Lymphoid-B
c_1_37_1472,Lymphoid-B
c_1_37_1473,Lymphoid-B
c_1_37_1474,Lymphoid-T
c_1_37_1475,Lymphoid-B
c_1_37_1476,Lymphoid-T
c_1_37_1477,Lymphoid-B
c_1_37_1478,Lymphoid-Plasma
c_1_37_1479,Lymphoid-T
c_1_37_1480,Lymphoid-B
c_1_37_1481,Endothelial
c_1_37_1482,Lymphoid-B
c_1_37_1483,Lymphoid-B
c_1_37_1484,Lymphoid-Other
c_1_37_1485,Lymphoid-B
c_1_37_1486,Lymphoid-B
c_1_37_1487,Lymphoid-T
c_1_37_1488,Lymphoid-T
c_1_37_1489,Epithelial
c_1_37_1490,Lymphoid-B
c_1_37_1491,Lymphoid-B
c_1_37_1492,Lymphoid-B
c_1_37_1493,Lymphoid-T
c_1_37_1494,Lymphoid-T
c_1_37_1495,Lymphoid-Other
c_1_37_1496,Lymphoid-B
c_1_37_1497,Lymphoid-B
c_1_37_1498,Lymphoid-T
c_1_37_1499,Lymphoid-B
c_1_37_1500,Lymphoid-B
c_1_37_1501,Lymphoid-Plasma
c_1_37_1502,Stem
c_1_37_1503,Endothelial
c_1_37_1504,Lymphoid-T
c_1_37_1505,Lymphoid-T
c_1_37_1506,Lymphoid-B
c_1_37_1507,Lymphoid-B
c_1_37_1508,Lymphoid-B
c_1_37_1509,Lymphoid-B
c_1_37_1510,Lymphoid-T
c_1_37_1511,Lymphoid-Other
c_1_37_1512,Lymphoid-B
c_1_37_1513,Lymphoid-T
c_1_37_1514,Lymphoid-B
c_1_37_1515,Lymphoid-T
c_1_37_1516,Epithelial
c_1_37_1517,Lymphoid-B
c_1_37_1518,Lymphoid-Other
c_1_37_1519,Lymphoid-DC
c_1_37_1520,Lymphoid-T
c_1_37_1521,Lymphoid-B
c_1_37_1522,Lymphoid-B
c_1_37_1523,Lymphoid-B
c_1_37_1524,Lymphoid-Plasma
c_1_37_1525,Lymphoid-Other
c_1_37_1526,Lymphoid-T
c_1_37_1527,Lymphoid-B
c_1_37_1528,Lymphoid-Plasma
c_1_37_1529,Lymphoid-B
c_1_37_1530,Lymphoid-T
c_1_37_1531,Lymphoid-T
c_1_37_1532,Lymphoid-Other
c_1_37_1533,Lymphoid-B
c_1_37_1534,Lymphoid-T
c_1_37_1535,Lymphoid-DC
c_1_37_1536,Lymphoid-B
c_1_37_1537,Lymphoid-B
c_1_37_1538,Lymphoid-B
c_1_37_1539,Lymphoid-Other
c_1_37_1540,Lymphoid-T
c_1_37_1541,Endothelial
c_1_37_1542,Lymphoid-B
c_1_37_1543,None
c_1_37_1544,Lymphoid-T
c_1_37_1545,Lymphoid-Plasma
c_1_37_1546,Lymphoid-B
c_1_37_1547,Lymphoid-Other
c_1_37_1548,Lymphoid-T
c_1_37_1549,Lymphoid-Plasma
c_1_37_1550,Lymphoid-B
c_1_37_1551,Lymphoid-B
c_1_37_1552,Lymphoid-B
c_1_37_1553,Lymphoid-Other
c_1_37_1554,Lymphoid-T
c_1_37_1555,Endothelial
c_1_37_1556,Lymphoid-DC
c_1_37_1557,Lymphoid-B
c_1_37_1558,Lymphoid-DC
c_1_37_1559,Lymphoid-B
c_1_37_1560,Myeloid
c_1_37_1561,Lymphoid-T
c_1_37_1562,Lymphoid-B
c_1_37_1563,Lymphoid-B
c_1_37_1564,Lymphoid-T
c_1_37_1565,Lymphoid-B
c_1_37_1566,Lymphoid-B
c_1_37_1567,Lymphoid-B
c_1_37_1568,Lymphoid-Other
c_1_37_1569,Lymphoid-B
c_1_37_1570,Lymphoid-T
c_1_37_1571,Lymphoid-Other
c_1_37_1572,Lymphoid-B
c_1_37_1573,Lymphoid-B
c_1_37_1574,Lymphoid-Other
c_1_37_1575,Lymphoid-B
c_1_37_1576,Endothelial
c_1_37_1577,Lymphoid-B
c_1_37_1578,Lymphoid-T
c_1_37_1579,Lymphoid-T
c_1_37_1580,Lymphoid-B
c_1_37_1581,Lymphoid-B
c_1_37_1582,Lymphoid-B
c_1_37_1583,Lymphoid-T
c_1_37_1584,Lymphoid-Other
c_1_37_1585,Lymphoid-B
c_1_37_1586,Lymphoid-B
c_1_37_1587,Lymphoid-Other
c_1_37_1588,Lymphoid-T
c_1_37_1589,Lymphoid-T
c_1_37_1590,Lymphoid-B
c_1_37_1591,Lymphoid-B
c_1_37_1592,Lymphoid-B
c_1_37_1593,Lymphoid-DC
c_1_37_1594,Lymphoid-DC
c_1_37_1595,Lymphoid-Other
c_1_37_1596,Lymphoid-B
c_1_37_1597,Lymphoid-B
c_1_37_1598,Lymphoid-Other
c_1_37_1599,Lymphoid-T
c_1_37_1600,Lymphoid-T
c_1_37_1601,Lymphoid-B
c_1_37_1602,None
c_1_37_1603,Endothelial
c_1_37_1604,Lymphoid-Other
c_1_37_1605,Lymphoid-B
c_1_37_1606,Epithelial
c_1_37_1607,Lymphoid-B
c_1_37_1608,Lymphoid-T
c_1_37_1609,Lymphoid-B
c_1_37_1610,Lymphoid-B
c_1_37_1611,Lymphoid-B
c_1_37_1612,Lymphoid-Other
c_1_37_1613,Lymphoid-Other
c_1_37_1614,Mesenchymal-Stromal
c_1_37_1615,Lymphoid-T
c_1_37_1616,Lymphoid-B
c_1_37_1617,Lymphoid-B
c_1_37_1618,None
c_1_37_1619,Lymphoid-B
c_1_37_1620,Lymphoid-B
c_1_37_1621,Lymphoid-DC
c_1_37_1622,Lymphoid-Other
c_1_37_1623,Lymphoid-Other
c_1_37_1624,Lymphoid-B
c_1_37_1625,Lymphoid-T
c_1_37_1626,Lymphoid-T
c_1_37_1627,Lymphoid-B
c_1_37_1628,Lymphoid-B
c_1_37_1629,Lymphoid-B
c_1_37_1630,Lymphoid-T
c_1_37_1631,Lymphoid-B
c_1_37_1632,Lymphoid-T
c_1_37_1633,Lymphoid-B
c_1_37_1634,Lymphoid-B
c_1_37_1635,Endothelial
c_1_37_1636,Lymphoid-T
c_1_37_1637,Endothelial
c_1_37_1638,Mesenchymal-Stromal
c_1_37_1639,Mesenchymal-Stromal
c_1_37_1640,Lymphoid-T
c_1_37_1641,Endothelial
c_1_37_1642,Mesenchymal-Stromal
c_1_37_1643,Endothelial
c_1_37_1644,Lymphoid-Plasma
c_1_37_1645,Lymphoid-DC
c_1_37_1646,Mesenchymal-Stromal
c_1_37_1647,Lymphoid-T
c_1_37_1648,None
c_1_37_1649,Lymphoid-Other
c_1_37_1650,Lymphoid-Other
c_1_37_1651,Mesenchymal-Stromal
c_1_37_1652,Mesenchymal-Stromal
c_1_37_1653,Lymphoid-Other
c_1_37_1654,Lymphoid-Other
c_1_37_1655,Mesenchymal-Stromal
c_1_37_1656,Lymphoid-Other
c_1_37_1657,Endothelial
c_1_37_1658,None
c_1_37_1659,Endothelial
c_1_37_1660,Lymphoid-Other
c_1_37_1661,Endothelial
c_1_37_1662,Lymphoid-Other
c_1_37_1663,Mesenchymal-Stromal
c_1_37_1664,Mesenchymal-Stromal
c_1_37_1665,None
c_1_37_1666,Endothelial
c_1_37_1667,Endothelial
c_1_37_1668,Lymphoid-Plasma
c_1_37_1669,Lymphoid-Plasma
c_1_37_1670,Endothelial
c_1_37_1671,None
c_1_37_1672,Mesenchymal-Stromal
c_1_37_1673,Lymphoid-T
c_1_37_1674,Lymphoid-Other
c_1_37_1675,Mesenchymal-Stromal
c_1_37_1676,Endothelial
c_1_37_1677,Lymphoid-Other
c_1_37_1678,Lymphoid-T
c_1_37_1679,Lymphoid-B
c_1_37_1680,Lymphoid-T
c_1_37_1681,Lymphoid-Other
c_1_37_1682,Endothelial
c_1_37_1683,Endothelial
c_1_37_1684,Mesenchymal-Stromal
c_1_37_1685,Endothelial
c_1_37_1686,Lymphoid-Other
c_1_37_1687,Mesenchymal-Stromal
c_1_37_1688,Neuronal-Glial
c_1_37_1689,Lymphoid-Other
c_1_37_1690,Lymphoid-Other
c_1_37_1691,Lymphoid-DC
c_1_37_1692,Endothelial
c_1_37_1693,Mesenchymal-Stromal
c_1_37_1694,Lymphoid-Plasma
c_1_37_1695,Lymphoid-DC
c_1_37_1696,Lymphoid-Other
c_1_37_1697,Lymphoid-Plasma
c_1_37_1698,Lymphoid-T
c_1_37_1699,Endothelial
c_1_37_1700,Lymphoid-Plasma
c_1_37_1701,Endothelial
c_1_37_1702,Mesenchymal-Stromal
c_1_37_1703,Lymphoid-Other
c_1_37_1704,Mesenchymal-Stromal
c_1_37_1705,Lymphoid-Other
c_1_37_1706,Neuronal-Glial
c_1_37_1707,Lymphoid-Plasma
c_1_37_1708,Endothelial
c_1_37_1709,Mesenchymal-Stromal
c_1_37_1710,Lymphoid-Plasma
c_1_37_1711,Lymphoid-Other
c_1_37_1712,Mesenchymal-Stromal
c_1_37_1713,Lymphoid-Other
c_1_37_1714,Lymphoid-Plasma
c_1_37_1715,Lymphoid-Other
c_1_37_1716,Lymphoid-Plasma
c_1_37_1717,Endothelial
c_1_37_1718,Endothelial
c_1_37_1719,Lymphoid-Other
c_1_37_1720,Lymphoid-Plasma
c_1_37_1721,Lymphoid-Other
c_1_37_1722,Lymphoid-Other
c_1_37_1723,Lymphoid-Other
c_1_37_1724,None
c_1_37_1725,Lymphoid-Other
c_1_37_1726,None
c_1_37_1727,Lymphoid-DC
c_1_37_1728,Endothelial
c_1_37_1729,None
c_1_37_1730,Mesenchymal-Stromal
c_1_37_1731,Mesenchymal-Stromal
c_1_37_1732,Neuronal-Glial
c_1_37_1733,Mesenchymal-Stromal
c_1_37_1734,None
c_1_37_1735,Lymphoid-Other
c_1_37_1736,Endothelial
c_1_37_1737,Neuronal-Glial
c_1_37_1738,Endothelial
c_1_37_1739,Lymphoid-Other
c_1_37_1740,Lymphoid-Other
c_1_37_1741,Mesenchymal-Stromal
c_1_37_1742,Mesenchymal-Stromal
c_1_37_1743,Mesenchymal-Stromal
c_1_37_1744,Myeloid
c_1_37_1745,Mesenchymal-Stromal
c_1_37_1746,Myeloid
c_1_37_1747,None
c_1_37_1748,Mesenchymal-Stromal
c_1_37_1749,Lymphoid-Plasma
c_1_37_1750,Lymphoid-T
c_1_37_1751,Endothelial
c_1_37_1752,Lymphoid-T
c_1_37_1753,Lymphoid-Other
c_1_37_1754,Lymphoid-T
c_1_37_1755,Lymphoid-Other
c_1_37_1756,Endothelial
c_1_37_1757,Lymphoid-Plasma
c_1_37_1758,Mesenchymal-Stromal
c_1_37_1759,Lymphoid-T
c_1_37_1760,Lymphoid-Other
c_1_37_1761,Lymphoid-Other
c_1_37_1762,Lymphoid-Plasma
c_1_37_1763,Lymphoid-Other
c_1_37_1764,Mesenchymal-Stromal
c_1_37_1765,Endothelial
c_1_37_1766,Mesenchymal-Stromal
c_1_37_1767,Lymphoid-Plasma
c_1_37_1768,Mesenchymal-Stromal
c_1_37_1769,Mesenchymal-Stromal
c_1_37_1770,Mesenchymal-Stromal
c_1_37_1771,Mesenchymal-Stromal
c_1_37_1772,Myeloid
c_1_37_1773,Neuronal-Glial
c_1_37_1774,None
c_1_37_1775,Lymphoid-T
c_1_37_1776,Neuronal-Glial
c_1_37_1777,Mesenchymal-Stromal
c_1_37_1778,Endothelial
c_1_37_1779,Lymphoid-T
c_1_37_1780,Epithelial
c_1_37_1781,Endothelial
c_1_37_1782,Endothelial
c_1_37_1783,Endothelial
c_1_37_1784,Lymphoid-DC
c_1_37_1785,Lymphoid-T
c_1_37_1786,Epithelial
c_1_37_1787,Mesenchymal-Stromal
c_1_37_1788,Mesenchymal-Stromal
c_1_37_1789,Lymphoid-T
c_1_37_1790,Epithelial
c_1_37_1791,Mesenchymal-Stromal
c_1_37_1792,Mesenchymal-Stromal
c_1_37_1793,Endothelial
c_1_37_1794,Lymphoid-Plasma
c_1_37_1795,Lymphoid-Plasma
c_1_37_1796,Erythroid
c_1_37_1797,Stem
c_1_37_1798,Stem
c_1_37_1799,Endothelial
c_1_37_1800,Myeloid
c_1_37_1801,None
c_1_37_1802,Stem
c_1_37_1803,Neuronal-Glial
c_1_37_1804,Endothelial
c_1_37_1805,Neuronal-Glial
c_1_37_1806,Epithelial
c_1_37_1807,Lymphoid-T
c_1_37_1808,Myeloid
c_1_37_1809,Epithelial
c_1_37_1810,Epithelial
c_1_37_1811,Lymphoid-Other
c_1_37_1812,Erythroid
c_1_37_1813,Lymphoid-Plasma
c_1_37_1814,Lymphoid-Plasma
c_1_37_1815,Epithelial
c_1_37_1816,Mesenchymal-Stromal
c_1_37_1817,Lymphoid-Plasma
c_1_37_1818,Lymphoid-Other
c_1_37_1819,Lymphoid-T
c_1_37_1820,Epithelial
c_1_37_1821,None
c_1_37_1822,Stem
c_1_37_1823,Endothelial
c_1_37_1824,Lymphoid-Plasma
c_1_37_1825,Lymphoid-T
c_1_37_1826,Lymphoid-Other
c_1_37_1827,None
c_1_37_1828,Endothelial
c_1_37_1829,Lymphoid-T
c_1_37_1830,Erythroid
c_1_37_1831,Lymphoid-Other
c_1_37_1832,Lymphoid-Plasma
c_1_37_1833,Myeloid
c_1_37_1834,Epithelial
c_1_37_1835,Lymphoid-T
c_1_37_1836,Lymphoid-Other
c_1_37_1837,Lymphoid-Other
c_1_37_1838,None
c_1_37_1839,Lymphoid-DC
c_1_37_1840,Mesenchymal-Stromal
c_1_37_1841,Lymphoid-T
c_1_37_1842,Lymphoid-Other
c_1_37_1843,Lymphoid-Other
c_1_37_1844,Myeloid
c_1_37_1845,Lymphoid-Other
c_1_37_1846,Lymphoid-T
c_1_37_1847,Endothelial
c_1_37_1848,Epithelial
c_1_37_1849,Stem
c_1_37_1850,Lymphoid-Other
c_1_37_1851,Stem
c_1_37_1852,Lymphoid-Plasma
c_1_37_1853,Epithelial
c_1_37_1854,Endothelial
c_1_37_1855,Stem
c_1_37_1856,Neuronal-Glial
c_1_37_1857,Epithelial
c_1_37_1858,Epithelial
c_1_37_1859,Lymphoid-DC
c_1_37_1860,Endothelial
c_1_37_1861,Lymphoid-Other
c_1_37_1862,Lymphoid-Plasma
c_1_37_1863,Mesenchymal-Stromal
c_1_37_1864,Mesenchymal-Stromal
c_1_37_1865,Lymphoid-T
c_1_37_1866,Lymphoid-Other
c_1_37_1867,Mesenchymal-Stromal
c_1_37_1868,Lymphoid-Plasma
c_1_37_1869,Lymphoid-T
c_1_37_1870,Lymphoid-Other
c_1_37_1871,Stem
c_1_37_1872,Lymphoid-T
c_1_37_1873,Lymphoid-T
c_1_37_1874,Epithelial
c_1_37_1875,Epithelial
c_1_37_1876,Lymphoid-Other
c_1_37_1877,Lymphoid-T
c_1_37_1878,Lymphoid-Plasma
c_1_37_1879,Mesenchymal-Stromal
c_1_37_1880,Stem
c_1_37_1881,Lymphoid-Other
c_1_37_1882,Mesenchymal-Stromal
c_1_37_1883,Lymphoid-Plasma
c_1_37_1884,Lymphoid-Other
c_1_37_1885,Lymphoid-Plasma
c_1_37_1886,Endothelial
c_1_37_1887,Mesenchymal-Stromal
c_1_37_1888,Lymphoid-Other
c_1_37_1889,Lymphoid-Other
c_1_37_1890,Lymphoid-Other
c_1_37_1891,Epithelial
c_1_37_1892,Epithelial
c_1_37_1893,Endothelial
c_1_37_1894,Endothelial
c_1_37_1895,Lymphoid-Plasma
c_1_37_1896,Mesenchymal-Stromal
c_1_37_1897,Lymphoid-Plasma
c_1_37_1898,Mesenchymal-Stromal
c_1_37_1899,Endothelial
c_1_37_1900,Endothelial
c_1_37_1901,Lymphoid-B
c_1_37_1902,Mesenchymal-Stromal
c_1_37_1903,Mesenchymal-Stromal
c_1_37_1904,Lymphoid-Plasma
c_1_37_1905,Lymphoid-Other
c_1_37_1906,Lymphoid-Plasma
c_1_37_1907,Lymphoid-Plasma
c_1_37_1908,None
c_1_37_1909,Lymphoid-Other
c_1_37_1910,Mesenchymal-Stromal
c_1_37_1911,Lymphoid-Other
c_1_37_1912,Myeloid
c_1_37_1913,Lymphoid-B
c_1_37_1914,None
c_1_37_1915,Lymphoid-Other
c_1_37_1916,Lymphoid-Other
c_1_37_1917,Lymphoid-Other
c_1_37_1918,Endothelial
c_1_37_1919,Lymphoid-Other
c_1_37_1920,Endothelial
c_1_37_1921,Lymphoid-T
c_1_37_1922,Lymphoid-Other
c_1_37_1923,Endothelial
c_1_37_1924,Lymphoid-Other
c_1_37_1925,Endothelial
c_1_37_1926,Mesenchymal-Stromal
c_1_37_1927,Lymphoid-Plasma
c_1_37_1928,Lymphoid-T
c_1_37_1929,Lymphoid-Other
c_1_37_1930,Epithelial
c_1_37_1931,Lymphoid-T
c_1_37_1932,Mesenchymal-Stromal
c_1_37_1933,Epithelial
c_1_37_1934,Mesenchymal-Stromal
c_1_37_1935,Lymphoid-Plasma
c_1_37_1936,Mesenchymal-Stromal
c_1_37_1937,Lymphoid-Plasma
c_1_37_1938,Mesenchymal-Stromal
c_1_37_1939,Myeloid
c_1_37_1940,Neuronal-Glial
c_1_37_1941,Neuronal-Glial
c_1_37_1942,Epithelial
c_1_37_1943,Endothelial
c_1_37_1944,Lymphoid-Plasma
c_1_37_1945,Mesenchymal-Stromal
c_1_37_1946,Myeloid
c_1_37_1947,Lymphoid-Other
c_1_37_1948,Stem
c_1_37_1949,Lymphoid-Other
c_1_37_1950,Lymphoid-Other
c_1_37_1951,Neuronal-Glial
c_1_37_1952,Lymphoid-Plasma
c_1_37_1953,Endothelial
c_1_37_1954,Lymphoid-T
c_1_37_1955,Mesenchymal-Stromal
c_1_37_1956,Lymphoid-T
c_1_37_1957,Mesenchymal-Stromal
c_1_37_1958,Lymphoid-T
c_1_37_1959,Lymphoid-Plasma
c_1_37_1960,Erythroid
c_1_37_1961,None
c_1_37_1962,Lymphoid-T
c_1_37_1963,Endothelial
c_1_37_1964,Myeloid
c_1_37_1965,None
c_1_37_1966,Endothelial
c_1_37_1967,Lymphoid-Other
c_1_37_1968,Endothelial
c_1_37_1969,Lymphoid-Other
c_1_37_1970,Endothelial
c_1_37_1971,Lymphoid-Other
c_1_37_1972,Lymphoid-Plasma
c_1_37_1973,Lymphoid-Plasma
c_1_37_1974,Lymphoid-Other
c_1_37_1975,Lymphoid-T
c_1_37_1976,Mesenchymal-Stromal
c_1_37_1977,Lymphoid-Plasma
c_1_37_1978,Lymphoid-Other
c_1_37_1979,Lymphoid-B
c_1_37_1980,Endothelial
c_1_37_1981,Endothelial
c_1_37_1982,Endothelial
c_1_37_1983,Lymphoid-B
c_1_37_1984,Endothelial
c_1_37_1985,Lymphoid-T
c_1_37_1986,Mesenchymal-Stromal
c_1_37_1987,Lymphoid-Other
c_1_37_1988,Myeloid
c_1_37_1989,Lymphoid-B
c_1_37_1990,Myeloid
c_1_37_1991,Lymphoid-T
c_1_37_1992,Lymphoid-T
c_1_37_1993,Lymphoid-Plasma
c_1_37_1994,Mesenchymal-Stromal
c_1_37_1995,Endothelial
c_1_37_1996,Lymphoid-Other
c_1_37_1997,Epithelial
c_1_37_1998,Mesenchymal-Stromal
c_1_37_1999,Lymphoid-T
c_1_37_2000,Lymphoid-T
c_1_37_2001,Lymphoid-Other
c_1_37_2002,Stem
c_1_37_2003,Lymphoid-Other
c_1_37_2004,Lymphoid-Other
c_1_37_2005,Lymphoid-Plasma
c_1_37_2006,Lymphoid-T
c_1_37_2007,Lymphoid-Other
c_1_37_2008,Myeloid
c_1_37_2009,Lymphoid-Plasma
c_1_37_2010,Lymphoid-Other
c_1_37_2011,Lymphoid-Other
c_1_37_2012,Lymphoid-Plasma
c_1_37_2013,Mesenchymal-Stromal
c_1_37_2014,Myeloid
c_1_37_2015,Lymphoid-Plasma
c_1_37_2016,Stem
c_1_37_2017,Lymphoid-T
c_1_37_2018,Lymphoid-T
c_1_37_2019,Epithelial
c_1_37_2020,Lymphoid-Other
c_1_37_2021,Endothelial
c_1_37_2022,Lymphoid-T
c_1_37_2023,Lymphoid-Other
c_1_37_2024,Lymphoid-B
c_1_37_2025,Lymphoid-Other
c_1_37_2026,Lymphoid-Other
c_1_37_2027,Lymphoid-Plasma
c_1_37_2028,Lymphoid-Plasma
c_1_37_2029,Lymphoid-Other
c_1_37_2030,Endothelial
c_1_37_2031,Stem
c_1_37_2032,Lymphoid-Other
c_1_37_2033,Epithelial
c_1_37_2034,Mesenchymal-Stromal
c_1_37_2035,Lymphoid-Other
c_1_37_2036,Lymphoid-T
c_1_37_2037,Lymphoid-T
c_1_37_2038,Lymphoid-T
c_1_37_2039,Lymphoid-Plasma
c_1_37_2040,Neuronal-Glial
c_1_37_2041,Endothelial
c_1_37_2042,Epithelial
c_1_37_2043,Endothelial
c_1_37_2044,Lymphoid-T
c_1_37_2045,Neuronal-Glial
c_1_37_2046,Mesenchymal-Stromal
c_1_37_2047,Endothelial
c_1_37_2048,Mesenchymal-Stromal
c_1_37_2049,Mesenchymal-Stromal
c_1_37_2050,Endothelial
c_1_37_2051,Lymphoid-T
c_1_37_2052,Endothelial
c_1_37_2053,Mesenchymal-Stromal
c_1_37_2054,Mesenchymal-Stromal
c_1_37_2055,Stem
c_1_37_2056,Mesenchymal-Stromal
c_1_37_2057,Lymphoid-Other
c_1_37_2058,Endothelial
c_1_37_2059,Lymphoid-T
c_1_37_2060,Lymphoid-Plasma
c_1_37_2061,Epithelial
c_1_37_2062,Endothelial
c_1_37_2063,Lymphoid-Plasma
c_1_37_2064,Lymphoid-T
c_1_37_2065,Lymphoid-B
c_1_37_2066,Lymphoid-T
c_1_37_2067,Lymphoid-Other
c_1_37_2068,Endothelial
c_1_37_2069,Lymphoid-T
c_1_37_2070,Lymphoid-Other
c_1_37_2071,Lymphoid-Plasma
c_1_37_2072,Lymphoid-B
c_1_37_2073,Lymphoid-T
c_1_37_2074,Mesenchymal-Stromal
c_1_37_2075,Endothelial
c_1_37_2076,Mesenchymal-Stromal
c_1_37_2077,Mesenchymal-Stromal
c_1_37_2078,Stem
c_1_37_2079,Mesenchymal-Stromal
c_1_37_2080,Endothelial
c_1_37_2081,Lymphoid-Other
c_1_37_2082,Lymphoid-T
c_1_37_2083,Lymphoid-B
c_1_37_2084,Lymphoid-T
c_1_37_2085,Endothelial
c_1_37_2086,Mesenchymal-Stromal
c_1_37_2087,Lymphoid-B
c_1_37_2088,Epithelial
c_1_37_2089,Mesenchymal-Stromal
c_1_37_2090,Lymphoid-T
c_1_37_2091,Lymphoid-T
c_1_37_2092,Endothelial
c_1_37_2093,Lymphoid-DC
c_1_37_2094,Lymphoid-T
c_1_37_2095,Mesenchymal-Stromal
c_1_37_2096,Lymphoid-T
c_1_37_2097,Lymphoid-T
c_1_37_2098,Lymphoid-T
c_1_37_2099,Endothelial
c_1_37_2100,Neuronal-Glial
c_1_37_2101,Endothelial
c_1_37_2102,Mesenchymal-Stromal
c_1_37_2103,Lymphoid-Other
c_1_37_2104,Myeloid
c_1_37_2105,Lymphoid-T
c_1_37_2106,Mesenchymal-Stromal
c_1_37_2107,Lymphoid-Other
c_1_37_2108,Lymphoid-T
c_1_37_2109,Myeloid
c_1_37_2110,Lymphoid-T
c_1_37_2111,Mesenchymal-Stromal
c_1_37_2112,Epithelial
c_1_37_2113,Lymphoid-Plasma
c_1_37_2114,Lymphoid-Other
c_1_37_2115,Neuronal-Glial
c_1_37_2116,Lymphoid-T
c_1_37_2117,Lymphoid-T
c_1_37_2118,Neuronal-Glial
c_1_37_2119,Stem
c_1_37_2120,Lymphoid-T
c_1_37_2121,Stem
c_1_37_2122,Lymphoid-T
c_1_37_2123,None
c_1_37_2124,Lymphoid-Other
c_1_37_2125,Lymphoid-T
c_1_37_2126,Endothelial
c_1_37_2127,Lymphoid-Plasma
c_1_37_2128,Mesenchymal-Stromal
c_1_37_2129,Mesenchymal-Stromal
c_1_37_2130,Lymphoid-T
c_1_37_2131,Lymphoid-Other
c_1_37_2132,Epithelial
c_1_37_2133,Endothelial
c_1_37_2134,Lymphoid-DC
c_1_37_2135,Lymphoid-T
c_1_37_2136,Lymphoid-T
c_1_37_2137,Lymphoid-T
c_1_37_2138,Mesenchymal-Stromal
c_1_37_2139,Lymphoid-T
c_1_37_2140,Mesenchymal-Stromal
c_1_37_2141,Lymphoid-T
c_1_37_2142,Endothelial
c_1_37_2143,Lymphoid-Plasma
c_1_37_2144,Lymphoid-Other
c_1_37_2145,Neuronal-Glial
c_1_37_2146,None
c_1_37_2147,Lymphoid-Plasma
c_1_37_2148,Lymphoid-T
c_1_37_2149,Mesenchymal-Stromal
c_1_37_2150,Endothelial
c_1_37_2151,Lymphoid-Other
c_1_37_2152,Lymphoid-Plasma
c_1_37_2153,Lymphoid-T
c_1_37_2154,Stem
c_1_37_2155,Stem
c_1_37_2156,Lymphoid-T
c_1_37_2157,Lymphoid-Other
c_1_37_2158,Lymphoid-Plasma
c_1_37_2159,Lymphoid-Other
c_1_37_2160,Endothelial
c_1_37_2161,Endothelial
c_1_37_2162,Lymphoid-T
c_1_37_2163,Lymphoid-T
c_1_37_2164,Lymphoid-T
c_1_37_2165,Stem
c_1_37_2166,Lymphoid-T
c_1_37_2167,Lymphoid-Plasma
c_1_37_2168,None
c_1_37_2169,Lymphoid-T
c_1_37_2170,Lymphoid-Plasma
c_1_37_2171,Lymphoid-Plasma
c_1_37_2172,Lymphoid-Plasma
c_1_37_2173,Lymphoid-T
c_1_37_2174,Endothelial
c_1_37_2175,Lymphoid-T
c_1_37_2176,Lymphoid-T
c_1_37_2177,Lymphoid-Other
c_1_37_2178,Endothelial
c_1_37_2179,Epithelial
c_1_37_2180,Epithelial
c_1_37_2181,None
c_1_37_2182,Mesenchymal-Stromal
c_1_37_2183,Lymphoid-Plasma
c_1_37_2184,Lymphoid-Plasma
c_1_37_2185,Lymphoid-Plasma
c_1_37_2186,Mesenchymal-Stromal
c_1_37_2187,Lymphoid-Plasma
c_1_37_2188,Lymphoid-Plasma
c_1_37_2189,Lymphoid-T
c_1_37_2190,Lymphoid-B
c_1_37_2191,Lymphoid-T
c_1_37_2192,Lymphoid-Other
c_1_37_2193,Lymphoid-DC
c_1_37_2194,Lymphoid-T
c_1_37_2195,Lymphoid-T
c_1_37_2196,Lymphoid-DC
c_1_37_2197,None
c_1_37_2198,Mesenchymal-Stromal
c_1_37_2199,Lymphoid-T
c_1_37_2200,Lymphoid-T
c_1_37_2201,Lymphoid-Other
c_1_37_2202,Mesenchymal-Stromal
c_1_37_2203,Lymphoid-T
c_1_37_2204,Lymphoid-B
c_1_37_2205,Lymphoid-T
c_1_37_2206,Endothelial
c_1_37_2207,Lymphoid-T
c_1_37_2208,Lymphoid-Other
c_1_37_2209,Lymphoid-T
c_1_37_2210,Endothelial
c_1_37_2211,Mesenchymal-Stromal
c_1_37_2212,Endothelial
c_1_37_2213,Lymphoid-Other
c_1_37_2214,Endothelial
c_1_37_2215,Lymphoid-T
c_1_37_2216,Lymphoid-Other
c_1_37_2217,Lymphoid-T
c_1_37_2218,Lymphoid-Plasma
c_1_37_2219,Lymphoid-T
c_1_37_2220,Lymphoid-T
c_1_37_2221,Endothelial
c_1_37_2222,Stem
c_1_37_2223,Lymphoid-T
c_1_37_2224,Lymphoid-Other
c_1_37_2225,Mesenchymal-Stromal
c_1_37_2226,None
c_1_37_2227,Lymphoid-T
c_1_37_2228,Lymphoid-T
c_1_37_2229,Lymphoid-T
c_1_37_2230,Lymphoid-T
c_1_37_2231,Endothelial
c_1_37_2232,Endothelial
c_1_37_2233,Lymphoid-Plasma
c_1_37_2234,Neuronal-Glial
c_1_37_2235,Lymphoid-Plasma
c_1_37_2236,Lymphoid-Plasma
c_1_37_2237,Mesenchymal-Stromal
c_1_37_2238,Lymphoid-Plasma
c_1_37_2239,Endothelial
c_1_37_2240,Lymphoid-B
c_1_37_2241,Endothelial
c_1_37_2242,Lymphoid-T
c_1_37_2243,Lymphoid-T
c_1_37_2244,Endothelial
c_1_37_2245,Lymphoid-Plasma
c_1_37_2246,Lymphoid-T
c_1_37_2247,Lymphoid-T
c_1_37_2248,Lymphoid-T
c_1_37_2249,Endothelial
c_1_37_2250,Lymphoid-T
c_1_37_2251,Lymphoid-T
c_1_37_2252,Lymphoid-T
c_1_37_2253,Endothelial
c_1_37_2254,Lymphoid-Other
c_1_37_2255,Lymphoid-T
c_1_37_2256,Mesenchymal-Stromal
c_1_37_2257,Lymphoid-Other
c_1_37_2258,Lymphoid-Plasma
c_1_37_2259,Lymphoid-T
c_1_37_2260,Endothelial
c_1_37_2261,Lymphoid-T
c_1_37_2262,Lymphoid-Other
c_1_37_2263,Lymphoid-T
c_1_37_2264,Lymphoid-Other
c_1_37_2265,Endothelial
c_1_37_2266,Lymphoid-T
c_1_37_2267,Stem
c_1_37_2268,Lymphoid-Other
c_1_37_2269,Lymphoid-Other
c_1_37_2270,Lymphoid-T
c_1_37_2271,Lymphoid-T
c_1_37_2272,Stem
c_1_37_2273,Lymphoid-T
c_1_37_2274,Lymphoid-T
c_1_37_2275,Lymphoid-Other
c_1_37_2276,Lymphoid-Other
c_1_37_2277,Lymphoid-T
c_1_37_2278,Lymphoid-T
c_1_37_2279,Lymphoid-T
c_1_37_2280,Lymphoid-Other
c_1_37_2281,Lymphoid-T
c_1_37_2282,Lymphoid-Other
c_1_37_2283,Mesenchymal-Stromal
c_1_37_2284,Endothelial
c_1_37_2285,Lymphoid-T
c_1_37_2286,Lymphoid-Other
c_1_37_2287,Lymphoid-Other
c_1_37_2288,Lymphoid-T
c_1_37_2289,Lymphoid-Plasma
c_1_37_2290,Lymphoid-Other
c_1_37_2291,Erythroid
c_1_37_2292,Lymphoid-T
c_1_37_2293,Lymphoid-T
c_1_37_2294,Lymphoid-Other
c_1_37_2295,Lymphoid-T
c_1_37_2296,Lymphoid-T
c_1_37_2297,Endothelial
c_1_37_2298,Lymphoid-B
c_1_37_2299,Lymphoid-T
c_1_37_2300,Lymphoid-Plasma
c_1_37_2301,Lymphoid-T
c_1_37_2302,None
c_1_37_2303,Lymphoid-T
c_1_37_2304,Epithelial
c_1_37_2305,Lymphoid-T
c_1_37_2306,Lymphoid-T
c_1_37_2307,Lymphoid-Plasma
c_1_37_2308,None
c_1_37_2309,Lymphoid-B
c_1_37_2310,Lymphoid-T
c_1_37_2311,Lymphoid-Other
c_1_37_2312,Stem
c_1_37_2313,Endothelial
c_1_37_2314,Mesenchymal-Stromal
c_1_37_2315,Lymphoid-Other
c_1_37_2316,Epithelial
c_1_37_2317,Lymphoid-Plasma
c_1_37_2318,Lymphoid-T
c_1_37_2319,Lymphoid-T
c_1_37_2320,Endothelial
c_1_37_2321,Endothelial
c_1_37_2322,Lymphoid-T
c_1_37_2323,Endothelial
c_1_37_2324,Lymphoid-T
c_1_37_2325,Lymphoid-T
c_1_37_2326,Endothelial
c_1_37_2327,Lymphoid-T
c_1_37_2328,Lymphoid-Other
c_1_37_2329,Lymphoid-Other
c_1_37_2330,Lymphoid-T
c_1_37_2331,Endothelial
c_1_37_2332,Lymphoid-T
c_1_37_2333,Endothelial
c_1_37_2334,Lymphoid-T
c_1_37_2335,Lymphoid-Other
c_1_37_2336,Lymphoid-T
c_1_37_2337,Epithelial
c_1_37_2338,Mesenchymal-Stromal
c_1_37_2339,Mesenchymal-Stromal
c_1_37_2340,Stem
c_1_37_2341,Lymphoid-Other
c_1_37_2342,Mesenchymal-Stromal
c_1_37_2343,Lymphoid-Other
c_1_37_2344,Lymphoid-Plasma
c_1_37_2345,Lymphoid-T
c_1_37_2346,Lymphoid-Other
c_1_37_2347,Lymphoid-Plasma
c_1_37_2348,Lymphoid-Other
c_1_37_2349,Endothelial
c_1_37_2350,Lymphoid-Plasma
c_1_37_2351,Lymphoid-T
c_1_37_2352,Lymphoid-T
c_1_37_2353,Lymphoid-Plasma
c_1_37_2354,Mesenchymal-Stromal
c_1_37_2355,Endothelial
c_1_37_2356,Lymphoid-Other
c_1_37_2357,Epithelial
c_1_37_2358,Lymphoid-Plasma
c_1_37_2359,Lymphoid-Other
c_1_37_2360,Lymphoid-T
c_1_37_2361,Lymphoid-T
c_1_37_2362,Lymphoid-Plasma
c_1_37_2363,Mesenchymal-Stromal
c_1_37_2364,Lymphoid-Other
c_1_37_2365,Mesenchymal-Stromal
c_1_37_2366,Lymphoid-T
c_1_37_2367,Lymphoid-Other
c_1_37_2368,Mesenchymal-Stromal
c_1_37_2369,Lymphoid-T
c_1_37_2370,Lymphoid-Plasma
c_1_37_2371,Endothelial
c_1_37_2372,Lymphoid-T
c_1_37_2373,Myeloid
c_1_37_2374,Lymphoid-T
c_1_37_2375,Mesenchymal-Stromal
c_1_37_2376,Lymphoid-T
c_1_37_2377,Lymphoid-T
c_1_37_2378,Lymphoid-T
c_1_37_2379,Endothelial
c_1_37_2380,Endothelial
c_1_37_2381,Lymphoid-T
c_1_37_2382,Lymphoid-T
c_1_37_2383,Endothelial
c_1_37_2384,Endothelial
c_1_37_2385,Endothelial
c_1_37_2386,Lymphoid-T
c_1_37_2387,Endothelial
c_1_37_2388,Mesenchymal-Stromal
c_1_37_2389,Mesenchymal-Stromal
c_1_37_2390,Endothelial
c_1_37_2391,Lymphoid-Other
c_1_37_2392,Lymphoid-Plasma
c_1_37_2393,Lymphoid-Plasma
c_1_37_2394,Lymphoid-Other
c_1_37_2395,Lymphoid-Other
c_1_37_2396,Lymphoid-Other
c_1_37_2397,Lymphoid-T
c_1_37_2398,Lymphoid-Other
c_1_37_2399,Lymphoid-T
c_1_37_2400,Lymphoid-Other
c_1_37_2401,Lymphoid-Other
c_1_37_2402,Lymphoid-T
c_1_37_2403,Endothelial
c_1_37_2404,Lymphoid-T
c_1_37_2405,Endothelial
c_1_37_2406,Lymphoid-T
c_1_37_2407,Lymphoid-Other
c_1_37_2408,Myeloid
c_1_37_2409,Stem
c_1_37_2410,Lymphoid-Plasma
c_1_37_2411,Lymphoid-Other
c_1_37_2412,Lymphoid-Plasma
c_1_37_2413,Endothelial
c_1_37_2414,Lymphoid-T
c_1_37_2415,Endothelial
c_1_37_2416,Lymphoid-Other
c_1_37_2417,Endothelial
c_1_37_2418,Lymphoid-T
c_1_37_2419,Myeloid
c_1_37_2420,Lymphoid-Other
c_1_37_2421,Lymphoid-T
c_1_37_2422,Lymphoid-Other
c_1_37_2423,Lymphoid-B
c_1_37_2424,Lymphoid-T
c_1_37_2425,Lymphoid-Other
c_1_37_2426,Mesenchymal-Stromal
c_1_37_2427,Lymphoid-T
c_1_37_2428,Endothelial
c_1_37_2429,Epithelial
c_1_37_2430,Endothelial
c_1_37_2431,Lymphoid-Other
c_1_37_2432,Lymphoid-T
c_1_37_2433,Endothelial
c_1_37_2434,Lymphoid-Plasma
c_1_37_2435,Lymphoid-T
c_1_37_2436,Lymphoid-T
c_1_37_2437,Endothelial
c_1_37_2438,Lymphoid-T
c_1_37_2439,Lymphoid-Other
c_1_37_2440,Lymphoid-Other
c_1_37_2441,Lymphoid-Plasma
c_1_37_2442,Lymphoid-Other
c_1_37_2443,Lymphoid-T
c_1_37_2444,Endothelial
c_1_37_2445,Lymphoid-Other
c_1_37_2446,Lymphoid-T
c_1_37_2447,Lymphoid-Other
c_1_37_2448,Lymphoid-B
c_1_37_2449,Epithelial
c_1_37_2450,Endothelial
c_1_37_2451,Lymphoid-T
c_1_37_2452,Epithelial
c_1_37_2453,None
c_1_37_2454,Lymphoid-Other
c_1_37_2455,Mesenchymal-Stromal
c_1_37_2456,Lymphoid-T
c_1_37_2457,Endothelial
c_1_37_2458,Myeloid
c_1_37_2459,Lymphoid-Other
c_1_37_2460,Lymphoid-T
c_1_37_2461,Lymphoid-T
c_1_37_2462,Lymphoid-Other
c_1_37_2463,Lymphoid-T
c_1_37_2464,Lymphoid-B
c_1_37_2465,Lymphoid-B
c_1_37_2466,Lymphoid-Other
c_1_37_2467,Lymphoid-Other
c_1_37_2468,Lymphoid-T
c_1_37_2469,Lymphoid-Other
c_1_37_2470,Lymphoid-T
c_1_37_2471,Lymphoid-Plasma
c_1_37_2472,Lymphoid-T
c_1_37_2473,Lymphoid-T
c_1_37_2474,Endothelial
c_1_37_2475,Lymphoid-T
c_1_37_2476,Epithelial
c_1_37_2477,Lymphoid-Other
c_1_37_2478,Lymphoid-T
c_1_37_2479,Endothelial
c_1_37_2480,Lymphoid-B
c_1_37_2481,Mesenchymal-Stromal
c_1_37_2482,Lymphoid-Other
c_1_37_2483,Myeloid
c_1_37_2484,Endothelial
c_1_37_2485,Lymphoid-Other
c_1_37_2486,Lymphoid-T
c_1_37_2487,Lymphoid-T
c_1_37_2488,Lymphoid-Other
c_1_37_2489,Lymphoid-B
c_1_37_2490,Mesenchymal-Stromal
c_1_37_2491,Lymphoid-Other
c_1_37_2492,Lymphoid-Other
c_1_37_2493,Endothelial
c_1_37_2494,Lymphoid-Plasma
c_1_37_2495,Lymphoid-Other
c_1_37_2496,Lymphoid-T
c_1_37_2497,Endothelial
c_1_37_2498,Lymphoid-Plasma
c_1_37_2499,Lymphoid-DC
c_1_37_2500,Endothelial
c_1_37_2501,Epithelial
c_1_37_2502,Stem
c_1_37_2503,Mesenchymal-Stromal
c_1_37_2504,Lymphoid-T
c_1_37_2505,Lymphoid-T
c_1_37_2506,Lymphoid-T
c_1_37_2507,Lymphoid-T
c_1_37_2508,Stem
c_1_37_2509,Lymphoid-T
c_1_37_2510,Mesenchymal-Stromal
c_1_37_2511,None
c_1_37_2512,Lymphoid-T
c_1_37_2513,Lymphoid-Other
c_1_37_2514,Endothelial
c_1_37_2515,Mesenchymal-Stromal
c_1_37_2516,Epithelial
c_1_37_2517,Endothelial
c_1_37_2518,Lymphoid-T
c_1_37_2519,Epithelial
c_1_37_2520,Stem
c_1_37_2521,Endothelial
c_1_37_2522,Lymphoid-T
c_1_37_2523,Endothelial
c_1_37_2524,Mesenchymal-Stromal
c_1_37_2525,Lymphoid-T
c_1_37_2526,Lymphoid-T
c_1_37_2527,Lymphoid-T
c_1_37_2528,Myeloid
c_1_37_2529,Lymphoid-B
c_1_37_2530,Lymphoid-Other
c_1_37_2531,Endothelial
c_1_37_2532,Epithelial
c_1_37_2533,Lymphoid-Other
c_1_37_2534,Epithelial
c_1_37_2535,Lymphoid-B
c_1_37_2536,Lymphoid-Plasma
c_1_37_2537,Lymphoid-T
c_1_37_2538,Lymphoid-Other
c_1_37_2539,Lymphoid-Plasma
c_1_37_2540,Lymphoid-T
c_1_37_2541,Lymphoid-Other
c_1_37_2542,Endothelial
c_1_37_2543,Epithelial
c_1_37_2544,Lymphoid-T
c_1_37_2545,Endothelial
c_1_37_2546,Epithelial
c_1_37_2547,Lymphoid-T
c_1_37_2548,None
c_1_37_2549,Lymphoid-T
c_1_37_2550,Lymphoid-Other
c_1_37_2551,Lymphoid-Plasma
c_1_37_2552,Lymphoid-Other
c_1_37_2553,Lymphoid-Other
c_1_37_2554,Endothelial
c_1_37_2555,Lymphoid-T
c_1_37_2556,Lymphoid-T
c_1_37_2557,Lymphoid-T
c_1_37_2558,Lymphoid-B
c_1_37_2559,Lymphoid-Other
c_1_37_2560,Lymphoid-B
c_1_37_2561,Lymphoid-T
c_1_37_2562,Epithelial
c_1_37_2563,Lymphoid-DC
c_1_37_2564,None
c_1_37_2565,Endothelial
c_1_37_2566,Lymphoid-Other
c_1_37_2567,Lymphoid-Other
c_1_37_2568,Lymphoid-T
c_1_37_2569,Endothelial
c_1_37_2570,Lymphoid-Other
c_1_37_2571,Lymphoid-Plasma
c_1_37_2572,Lymphoid-Other
c_1_37_2573,Lymphoid-Other
c_1_37_2574,Lymphoid-Other
c_1_37_2575,Lymphoid-B
c_1_37_2576,Lymphoid-T
c_1_37_2577,Lymphoid-Plasma
c_1_37_2578,Lymphoid-B
c_1_37_2579,Lymphoid-Other
c_1_37_2580,Endothelial
c_1_37_2581,Lymphoid-B
c_1_37_2582,Epithelial
c_1_37_2583,Lymphoid-Plasma
c_1_37_2584,Lymphoid-Other
c_1_37_2585,Lymphoid-Other
c_1_37_2586,Lymphoid-T
c_1_37_2587,Endothelial
c_1_37_2588,Lymphoid-B
c_1_37_2589,Lymphoid-Other
c_1_37_2590,Lymphoid-T
c_1_37_2591,Lymphoid-DC
c_1_37_2592,Lymphoid-T
c_1_37_2593,Lymphoid-Other
c_1_37_2594,Lymphoid-T
c_1_37_2595,Lymphoid-DC
c_1_37_2596,Lymphoid-T
c_1_37_2597,Lymphoid-B
c_1_37_2598,Lymphoid-Plasma
c_1_37_2599,Endothelial
c_1_37_2600,Lymphoid-B
c_1_37_2601,Lymphoid-B
c_1_37_2602,Lymphoid-B
c_1_37_2603,Lymphoid-Other
c_1_37_2604,Mesenchymal-Stromal
c_1_37_2605,Lymphoid-Other
c_1_37_2606,Epithelial
c_1_37_2607,Lymphoid-T
c_1_37_2608,Lymphoid-T
c_1_37_2609,Epithelial
c_1_37_2610,None
c_1_37_2611,Lymphoid-Other
c_1_37_2612,Lymphoid-B
c_1_37_2613,Lymphoid-Plasma
c_1_37_2614,Lymphoid-T
c_1_37_2615,Lymphoid-Other
c_1_37_2616,Endothelial
c_1_37_2617,None
c_1_37_2618,Lymphoid-Other
c_1_37_2619,Lymphoid-T
c_1_37_2620,Lymphoid-T
c_1_37_2621,Stem
c_1_37_2622,Lymphoid-T
c_1_37_2623,Lymphoid-B
c_1_37_2624,Epithelial
c_1_37_2625,Erythroid
c_1_37_2626,Lymphoid-Other
c_1_37_2627,Lymphoid-Other
c_1_37_2628,Lymphoid-T
c_1_37_2629,Lymphoid-Plasma
c_1_37_2630,Lymphoid-Other
c_1_37_2631,Lymphoid-Other
c_1_37_2632,Lymphoid-Plasma
c_1_37_2633,Lymphoid-Other
c_1_37_2634,Stem
c_1_37_2635,Neuronal-Glial
c_1_37_2636,Lymphoid-Other
c_1_37_2637,Lymphoid-T
c_1_37_2638,Lymphoid-DC
c_1_37_2639,Lymphoid-T
c_1_37_2640,Epithelial
c_1_37_2641,Lymphoid-B
c_1_37_2642,Lymphoid-T
c_1_37_2643,Lymphoid-Plasma
c_1_37_2644,Lymphoid-B
c_1_37_2645,Lymphoid-T
c_1_37_2646,Lymphoid-B
c_1_37_2647,Lymphoid-Other
c_1_37_2648,Lymphoid-Other
c_1_37_2649,Endothelial
c_1_37_2650,Erythroid
c_1_37_2651,None
c_1_37_2652,Epithelial
c_1_37_2653,Neuronal-Glial
c_1_37_2654,Lymphoid-Plasma
c_1_37_2655,Lymphoid-B
c_1_37_2656,Lymphoid-Other
c_1_37_2657,Lymphoid-Other
c_1_37_2658,Lymphoid-B
c_1_37_2659,Lymphoid-B
c_1_37_2660,Lymphoid-Plasma
c_1_37_2661,Lymphoid-T
c_1_37_2662,Lymphoid-T
c_1_37_2663,Epithelial
c_1_37_2664,Lymphoid-DC
c_1_37_2665,Lymphoid-Plasma
c_1_37_2666,Lymphoid-Other
c_1_37_2667,Endothelial
c_1_37_2668,Lymphoid-Other
c_1_37_2669,Lymphoid-T
c_1_37_2670,Myeloid
c_1_37_2671,Epithelial
c_1_37_2672,Lymphoid-B
c_1_37_2673,Lymphoid-Plasma
c_1_37_2674,None
c_1_37_2675,Lymphoid-T
c_1_37_2676,Lymphoid-Other
c_1_37_2677,Epithelial
c_1_37_2678,Lymphoid-Other
c_1_37_2679,None
c_1_37_2680,Lymphoid-Plasma
c_1_37_2681,Endothelial
c_1_37_2682,Stem
c_1_37_2683,Lymphoid-B
c_1_37_2684,Lymphoid-Other
c_1_37_2685,Lymphoid-B
c_1_37_2686,Lymphoid-T
c_1_37_2687,Lymphoid-DC
c_1_37_2688,Lymphoid-T
c_1_37_2689,Lymphoid-T
c_1_37_2690,Lymphoid-Other
c_1_37_2691,Epithelial
c_1_37_2692,Lymphoid-Other
c_1_37_2693,Lymphoid-T
c_1_37_2694,Erythroid
c_1_37_2695,Lymphoid-B
c_1_37_2696,Lymphoid-Plasma
c_1_37_2697,Lymphoid-B
c_1_37_2698,Lymphoid-B
c_1_37_2699,Lymphoid-B
c_1_37_2700,Endothelial
c_1_37_2701,Lymphoid-B
c_1_37_2702,Lymphoid-Plasma
c_1_37_2703,Erythroid
c_1_37_2704,Endothelial
c_1_37_2705,Endothelial
c_1_37_2706,Lymphoid-Plasma
c_1_37_2707,Epithelial
c_1_37_2708,Lymphoid-Other
c_1_37_2709,Lymphoid-T
c_1_37_2710,Lymphoid-Other
c_1_37_2711,Lymphoid-T
c_1_37_2712,Lymphoid-T
c_1_37_2713,Lymphoid-T
c_1_37_2714,Lymphoid-Plasma
c_1_37_2715,Lymphoid-Other
c_1_37_2716,Lymphoid-DC
c_1_37_2717,Lymphoid-Plasma
c_1_37_2718,Lymphoid-T
c_1_37_2719,Lymphoid-T
c_1_37_2720,Stem
c_1_37_2721,Epithelial
c_1_37_2722,Lymphoid-B
c_1_37_2723,Lymphoid-T
c_1_37_2724,Epithelial
c_1_37_2725,Endothelial
c_1_37_2726,Lymphoid-DC
c_1_37_2727,Lymphoid-Other
c_1_37_2728,Lymphoid-B
c_1_37_2729,Lymphoid-B
c_1_37_2730,Lymphoid-Other
c_1_37_2731,Lymphoid-Other
c_1_37_2732,Endothelial
c_1_37_2733,Mesenchymal-Stromal
c_1_37_2734,Endothelial
c_1_37_2735,Lymphoid-B
c_1_37_2736,Lymphoid-T
c_1_37_2737,Lymphoid-T
c_1_37_2738,Lymphoid-Other
c_1_37_2739,Epithelial
c_1_37_2740,Lymphoid-Plasma
c_1_37_2741,Lymphoid-Plasma
c_1_37_2742,Lymphoid-B
c_1_37_2743,Lymphoid-T
c_1_37_2744,Lymphoid-T
c_1_37_2745,Lymphoid-DC
c_1_37_2746,Stem
c_1_37_2747,Lymphoid-Plasma
c_1_37_2748,Epithelial
c_1_37_2749,Lymphoid-T
c_1_37_2750,Lymphoid-T
c_1_37_2751,Stem
c_1_37_2752,Lymphoid-T
c_1_37_2753,Lymphoid-Plasma
c_1_37_2754,Epithelial
c_1_37_2755,Lymphoid-Other
c_1_37_2756,Lymphoid-Plasma
c_1_37_2757,Epithelial
c_1_37_2758,Epithelial
c_1_37_2759,Lymphoid-T
c_1_37_2760,Lymphoid-Other
c_1_37_2761,Lymphoid-Plasma
c_1_37_2762,Lymphoid-B
c_1_37_2763,Lymphoid-T
c_1_37_2764,Lymphoid-Plasma
c_1_37_2765,Lymphoid-T
c_1_37_2766,Lymphoid-T
c_1_37_2767,Lymphoid-B
c_1_37_2768,Lymphoid-Other
c_1_37_2769,Mesenchymal-Stromal
c_1_37_2770,Endothelial
c_1_37_2771,Epithelial
c_1_37_2772,Lymphoid-T
c_1_37_2773,Lymphoid-T
c_1_37_2774,Epithelial
c_1_37_2775,Lymphoid-B
c_1_37_2776,Lymphoid-T
c_1_37_2777,Epithelial
c_1_37_2778,Lymphoid-Other
c_1_37_2779,Lymphoid-Other
c_1_37_2780,Lymphoid-Other
c_1_37_2781,Lymphoid-Plasma
c_1_37_2782,Lymphoid-T
c_1_37_2783,Lymphoid-Other
c_1_37_2784,Lymphoid-B
c_1_37_2785,Lymphoid-Other
c_1_37_2786,Stem
c_1_37_2787,Lymphoid-Other
c_1_37_2788,Lymphoid-T
c_1_37_2789,Lymphoid-Plasma
c_1_37_2790,Lymphoid-B
c_1_37_2791,Lymphoid-Plasma
c_1_37_2792,Lymphoid-T
c_1_37_2793,Mesenchymal-Stromal
c_1_37_2794,Mesenchymal-Stromal
c_1_37_2795,Lymphoid-Other
c_1_37_2796,Lymphoid-T
c_1_37_2797,Lymphoid-Plasma
c_1_37_2798,Lymphoid-Other
c_1_37_2799,Epithelial
c_1_37_2800,Lymphoid-T
c_1_37_2801,Lymphoid-T
c_1_37_2802,Lymphoid-T
c_1_37_2803,Endothelial
c_1_37_2804,Lymphoid-T
c_1_37_2805,Lymphoid-B
c_1_37_2806,Lymphoid-T
c_1_37_2807,Lymphoid-T
c_1_37_2808,Lymphoid-B
c_1_37_2809,Lymphoid-T
c_1_37_2810,Lymphoid-T
c_1_37_2811,Stem
c_1_37_2812,Lymphoid-T
c_1_37_2813,Lymphoid-Other
c_1_37_2814,Lymphoid-T
c_1_37_2815,Lymphoid-B
c_1_37_2816,Lymphoid-Other
c_1_37_2817,Lymphoid-Other
c_1_37_2818,Lymphoid-Other
c_1_37_2819,Lymphoid-Other
c_1_37_2820,Lymphoid-Plasma
c_1_37_2821,Lymphoid-T
c_1_37_2822,Erythroid
c_1_37_2823,Epithelial
c_1_37_2824,Myeloid
c_1_37_2825,Lymphoid-T
c_1_37_2826,Epithelial
c_1_37_2827,Lymphoid-Other
c_1_37_2828,Stem
c_1_37_2829,Erythroid
c_1_37_2830,Lymphoid-B
c_1_37_2831,Lymphoid-B
c_1_37_2832,Epithelial
c_1_37_2833,Stem
c_1_37_2834,Lymphoid-Other
c_1_37_2835,Lymphoid-Other
c_1_37_2836,Lymphoid-B
c_1_37_2837,Endothelial
c_1_37_2838,Lymphoid-Other
c_1_37_2839,Endothelial
c_1_37_2840,Lymphoid-Plasma
c_1_37_2841,Lymphoid-DC
c_1_37_2842,Lymphoid-B
c_1_37_2843,Lymphoid-T
c_1_37_2844,Lymphoid-Other
c_1_37_2845,Lymphoid-Other
c_1_37_2846,Lymphoid-B
c_1_37_2847,Lymphoid-T
c_1_37_2848,Lymphoid-T
c_1_37_2849,Lymphoid-B
c_1_37_2850,Lymphoid-B
c_1_37_2851,Lymphoid-T
c_1_37_2852,Lymphoid-DC
c_1_37_2853,Lymphoid-B
c_1_37_2854,Lymphoid-T
c_1_37_2855,Mesenchymal-Stromal
c_1_37_2856,Lymphoid-T
c_1_37_2857,Lymphoid-T
c_1_37_2858,Epithelial
c_1_37_2859,Lymphoid-B
c_1_37_2860,Erythroid
c_1_37_2861,Lymphoid-T
c_1_37_2862,Lymphoid-Plasma
c_1_37_2863,Lymphoid-T
c_1_37_2864,Lymphoid-B
c_1_37_2865,Endothelial
c_1_37_2866,Epithelial
c_1_37_2867,Lymphoid-T
c_1_37_2868,Erythroid
c_1_37_2869,Lymphoid-B
c_1_37_2870,Lymphoid-T
c_1_37_2871,Lymphoid-T
c_1_37_2872,Lymphoid-T
c_1_37_2873,Lymphoid-Other
c_1_37_2874,Lymphoid-T
c_1_37_2875,Endothelial
c_1_37_2876,Lymphoid-T
c_1_37_2877,Lymphoid-Other
c_1_37_2878,Lymphoid-Other
c_1_37_2879,Lymphoid-T
c_1_37_2880,Lymphoid-T
c_1_37_2881,Endothelial
c_1_37_2882,Lymphoid-B
c_1_37_2883,Lymphoid-Plasma
c_1_37_2884,Mesenchymal-Stromal
c_1_37_2885,Lymphoid-T
c_1_37_2886,Epithelial
c_1_37_2887,Stem
c_1_37_2888,Epithelial
c_1_37_2889,Lymphoid-B
c_1_37_2890,Lymphoid-Plasma
c_1_37_2891,Lymphoid-T
c_1_37_2892,Lymphoid-Other
c_1_37_2893,Lymphoid-T
c_1_37_2894,Lymphoid-Plasma
c_1_37_2895,Lymphoid-DC
c_1_37_2896,Lymphoid-B
c_1_37_2897,Lymphoid-Other
c_1_37_2898,Lymphoid-T
c_1_37_2899,Endothelial
c_1_37_2900,Lymphoid-DC
c_1_37_2901,Lymphoid-B
c_1_37_2902,Lymphoid-Plasma
c_1_37_2903,Lymphoid-Other
c_1_37_2904,Lymphoid-B
c_1_37_2905,Lymphoid-Other
c_1_37_2906,None
c_1_37_2907,Lymphoid-T
c_1_37_2908,Lymphoid-Plasma
c_1_37_2909,Lymphoid-T
c_1_37_2910,Lymphoid-B
c_1_37_2911,Lymphoid-DC
c_1_37_2912,Lymphoid-Plasma
c_1_37_2913,Lymphoid-Other
c_1_37_2914,Lymphoid-B
c_1_37_2915,Lymphoid-T
c_1_37_2916,Lymphoid-T
c_1_37_2917,Lymphoid-T
c_1_37_2918,Lymphoid-Plasma
c_1_37_2919,Lymphoid-B
c_1_37_2920,Mesenchymal-Stromal
c_1_37_2921,Lymphoid-DC
c_1_37_2922,Lymphoid-T
c_1_37_2923,Lymphoid-Plasma
c_1_37_2924,Mesenchymal-Stromal
c_1_37_2925,Lymphoid-B
c_1_37_2926,Mesenchymal-Stromal
c_1_37_2927,Lymphoid-Plasma
c_1_37_2928,Lymphoid-Other
c_1_37_2929,Lymphoid-B
c_1_37_2930,Lymphoid-Plasma
c_1_37_2931,Mesenchymal-Stromal
c_1_37_2932,Lymphoid-Plasma
c_1_37_2933,Lymphoid-Other
c_1_37_2934,Stem
c_1_37_2935,Lymphoid-Other
c_1_37_2936,Epithelial
c_1_37_2937,Mesenchymal-Stromal
c_1_37_2938,Lymphoid-T
c_1_37_2939,Lymphoid-B
c_1_37_2940,Lymphoid-B
c_1_37_2941,Lymphoid-DC
c_1_37_2942,Lymphoid-Plasma
c_1_37_2943,Lymphoid-Plasma
c_1_37_2944,Lymphoid-T
c_1_37_2945,Lymphoid-Plasma
c_1_37_2946,Lymphoid-B
c_1_37_2947,Lymphoid-T
c_1_37_2948,Lymphoid-Plasma
c_1_37_2949,Lymphoid-Plasma
c_1_37_2950,Lymphoid-Plasma
c_1_37_2951,Lymphoid-Plasma
c_1_37_2952,Lymphoid-B
c_1_37_2953,Lymphoid-T
c_1_37_2954,Endothelial
c_1_37_2955,Lymphoid-T
c_1_37_2956,Lymphoid-Other
c_1_37_2957,Lymphoid-Other
c_1_37_2958,Lymphoid-B
c_1_37_2959,Lymphoid-Other
c_1_37_2960,Lymphoid-B
c_1_37_2961,Lymphoid-B
c_1_37_2962,Endothelial
c_1_37_2963,Lymphoid-Plasma
c_1_37_2964,Lymphoid-T
c_1_37_2965,None
c_1_37_2966,Lymphoid-DC
c_1_37_2967,Lymphoid-B
c_1_37_2968,Lymphoid-B
c_1_37_2969,Lymphoid-Plasma
c_1_37_2970,Lymphoid-T
c_1_37_2971,Lymphoid-B
c_1_37_2972,Lymphoid-DC
c_1_37_2973,Lymphoid-Plasma
c_1_37_2974,Lymphoid-Other
c_1_37_2975,Lymphoid-B
c_1_37_2976,Lymphoid-Plasma
c_1_37_2977,Lymphoid-B
c_1_37_2978,None
c_1_37_2979,Mesenchymal-Stromal
c_1_37_2980,Lymphoid-DC
c_1_37_2981,Lymphoid-B
c_1_37_2982,Lymphoid-T
c_1_37_2983,Mesenchymal-Stromal
c_1_37_2984,Lymphoid-B
c_1_37_2985,Lymphoid-DC
c_1_37_2986,Lymphoid-Plasma
c_1_37_2987,Lymphoid-T
c_1_37_2988,Lymphoid-B
c_1_37_2989,Lymphoid-T
c_1_37_2990,Endothelial
c_1_37_2991,Lymphoid-T
c_1_37_2992,Lymphoid-T
c_1_37_2993,Mesenchymal-Stromal
c_1_37_2994,Mesenchymal-Stromal
c_1_37_2995,Lymphoid-Plasma
c_1_37_2996,Mesenchymal-Stromal
c_1_37_2997,Mesenchymal-Stromal
c_1_37_2998,Lymphoid-DC
c_1_37_2999,Lymphoid-B
c_1_37_3000,Epithelial
c_1_37_3001,Lymphoid-Plasma
c_1_37_3002,Epithelial
c_1_37_3003,Epithelial
c_1_37_3004,Lymphoid-Other
c_1_37_3005,Endothelial
c_1_37_3006,Lymphoid-T
c_1_37_3007,Lymphoid-T
c_1_37_3008,Endothelial
c_1_37_3009,Lymphoid-B
c_1_37_3010,Lymphoid-Other
c_1_37_3011,Endothelial
c_1_37_3012,Mesenchymal-Stromal
c_1_37_3013,Lymphoid-DC
c_1_37_3014,Lymphoid-T
c_1_37_3015,Lymphoid-B
c_1_37_3016,Lymphoid-Plasma
c_1_37_3017,Lymphoid-B
c_1_37_3018,Lymphoid-Plasma
c_1_37_3019,Lymphoid-B
c_1_37_3020,Lymphoid-B
c_1_37_3021,Lymphoid-T
c_1_37_3022,Lymphoid-B
c_1_37_3023,Lymphoid-Plasma
c_1_37_3024,Lymphoid-DC
c_1_37_3025,Lymphoid-T
c_1_37_3026,Lymphoid-T
c_1_37_3027,Lymphoid-T
c_1_37_3028,Lymphoid-B
c_1_37_3029,Epithelial
c_1_37_3030,Lymphoid-Plasma
c_1_37_3031,Lymphoid-B
c_1_37_3032,Lymphoid-T
c_1_37_3033,Lymphoid-Plasma
c_1_37_3034,Epithelial
c_1_37_3035,Lymphoid-Plasma
c_1_37_3036,Lymphoid-Plasma
c_1_37_3037,Neuronal-Glial
c_1_37_3038,Lymphoid-B
c_1_37_3039,Lymphoid-DC
c_1_37_3040,Mesenchymal-Stromal
c_1_37_3041,Lymphoid-T
c_1_37_3042,Myeloid
c_1_37_3043,Lymphoid-Plasma
c_1_37_3044,Lymphoid-Other
c_1_37_3045,Endothelial
c_1_37_3046,Lymphoid-DC
c_1_37_3047,Myeloid
c_1_37_3048,Lymphoid-Other
c_1_37_3049,Lymphoid-Plasma
c_1_37_3050,Mesenchymal-Stromal
c_1_37_3051,Lymphoid-Plasma
c_1_37_3052,Lymphoid-T
c_1_37_3053,Lymphoid-B
c_1_37_3054,Lymphoid-T
c_1_37_3055,Endothelial
c_1_37_3056,Endothelial
c_1_37_3057,Lymphoid-DC
c_1_37_3058,Lymphoid-Plasma
c_1_37_3059,Lymphoid-Plasma
c_1_37_3060,Lymphoid-Other
c_1_37_3061,Epithelial
c_1_37_3062,Lymphoid-B
c_1_37_3063,Lymphoid-Other
c_1_37_3064,Lymphoid-Plasma
c_1_37_3065,Lymphoid-B
c_1_37_3066,Lymphoid-Other
c_1_37_3067,Lymphoid-T
c_1_37_3068,Mesenchymal-Stromal
c_1_37_3069,Lymphoid-B
c_1_37_3070,Lymphoid-DC
c_1_37_3071,Lymphoid-DC
c_1_37_3072,Epithelial
c_1_37_3073,Lymphoid-B
c_1_37_3074,Lymphoid-B
c_1_37_3075,Lymphoid-B
c_1_37_3076,Lymphoid-Plasma
c_1_37_3077,Neuronal-Glial
c_1_37_3078,Lymphoid-T
c_1_37_3079,Mesenchymal-Stromal
c_1_37_3080,Endothelial
c_1_37_3081,Epithelial
c_1_37_3082,Lymphoid-B
c_1_37_3083,Lymphoid-T
c_1_37_3084,Epithelial
c_1_37_3085,Lymphoid-Other
c_1_37_3086,Endothelial
c_1_37_3087,Lymphoid-B
c_1_37_3088,Lymphoid-T
c_1_37_3089,Lymphoid-Other
c_1_37_3090,Lymphoid-B
c_1_37_3091,Mesenchymal-Stromal
c_1_37_3092,Lymphoid-DC
c_1_37_3093,Lymphoid-Other
c_1_37_3094,Lymphoid-DC
c_1_37_3095,Lymphoid-Plasma
c_1_37_3096,Lymphoid-DC
c_1_37_3097,Erythroid
c_1_37_3098,Lymphoid-DC
c_1_37_3099,Lymphoid-T
c_1_37_3100,Lymphoid-DC
c_1_37_3101,Lymphoid-T
c_1_37_3102,Lymphoid-Plasma
c_1_37_3103,Mesenchymal-Stromal
c_1_37_3104,Lymphoid-T
c_1_37_3105,Endothelial
c_1_37_3106,Lymphoid-DC
c_1_37_3107,Lymphoid-T
c_1_37_3108,Lymphoid-Plasma
c_1_37_3109,Lymphoid-Other
c_1_37_3110,Endothelial
c_1_37_3111,Lymphoid-B
c_1_37_3112,Epithelial
c_1_37_3113,Lymphoid-B
c_1_37_3114,Lymphoid-DC
c_1_37_3115,Lymphoid-T
c_1_37_3116,Endothelial
c_1_37_3117,Lymphoid-T
c_1_37_3118,Lymphoid-B
c_1_37_3119,Endothelial
c_1_37_3120,Endothelial
c_1_37_3121,Lymphoid-Plasma
c_1_37_3122,Mesenchymal-Stromal
c_1_37_3123,Lymphoid-Plasma
c_1_37_3124,Lymphoid-DC
c_1_37_3125,Lymphoid-T
c_1_37_3126,Lymphoid-Plasma
c_1_37_3127,Lymphoid-Plasma
c_1_37_3128,Lymphoid-B
c_1_37_3129,Lymphoid-B
c_1_37_3130,Lymphoid-T
c_1_37_3131,Lymphoid-T
c_1_37_3132,Lymphoid-B
c_1_37_3133,Lymphoid-T
c_1_37_3134,Lymphoid-Other
c_1_37_3135,Lymphoid-Other
c_1_37_3136,Stem
c_1_37_3137,Stem
c_1_37_3138,Lymphoid-DC
c_1_37_3139,Lymphoid-T
c_1_37_3140,Lymphoid-Other
c_1_37_3141,Lymphoid-B
c_1_37_3142,Lymphoid-DC
c_1_37_3143,Lymphoid-B
c_1_37_3144,Lymphoid-T
c_1_37_3145,Lymphoid-B
c_1_37_3146,Lymphoid-T
c_1_37_3147,Lymphoid-B
c_1_37_3148,Lymphoid-DC
c_1_37_3149,Lymphoid-T
c_1_37_3150,Lymphoid-Other
c_1_37_3151,Endothelial
c_1_37_3152,Endothelial
c_1_37_3153,Lymphoid-DC
c_1_37_3154,None
c_1_37_3155,Myeloid
c_1_37_3156,Lymphoid-DC
c_1_37_3157,Lymphoid-DC
c_1_37_3158,Lymphoid-B
c_1_37_3159,Endothelial
c_1_37_3160,Lymphoid-T
c_1_37_3161,Lymphoid-T
c_1_37_3162,Lymphoid-T
c_1_37_3163,Endothelial
c_1_37_3164,Lymphoid-DC
c_1_37_3165,Lymphoid-T
c_1_37_3166,Lymphoid-B
c_1_37_3167,Lymphoid-Other
c_1_37_3168,Lymphoid-B
c_1_37_3169,Lymphoid-B
c_1_37_3170,Lymphoid-T
c_1_37_3171,Epithelial
c_1_37_3172,Lymphoid-Other
c_1_37_3173,Lymphoid-B
c_1_37_3174,Lymphoid-B
c_1_37_3175,Lymphoid-Other
c_1_37_3176,Endothelial
c_1_37_3177,Endothelial
c_1_37_3178,Lymphoid-Other
c_1_37_3179,None
c_1_37_3180,Stem
c_1_37_3181,Lymphoid-T
c_1_37_3182,Lymphoid-B
c_1_37_3183,Lymphoid-B
c_1_37_3184,Lymphoid-Other
c_1_37_3185,Lymphoid-Other
c_1_37_3186,Endothelial
c_1_37_3187,Lymphoid-T
c_1_37_3188,Lymphoid-Plasma
c_1_37_3189,Lymphoid-DC
c_1_37_3190,Lymphoid-T
c_1_37_3191,Lymphoid-T
c_1_37_3192,Lymphoid-Plasma
c_1_37_3193,Lymphoid-B
c_1_37_3194,Lymphoid-DC
c_1_37_3195,Lymphoid-B
c_1_37_3196,Lymphoid-T
c_1_37_3197,Lymphoid-DC
c_1_37_3198,Lymphoid-B
c_1_37_3199,Lymphoid-T
c_1_37_3200,Lymphoid-Other
c_1_37_3201,Lymphoid-Other
c_1_37_3202,Lymphoid-T
c_1_37_3203,Lymphoid-T
c_1_37_3204,Lymphoid-T
c_1_37_3205,Lymphoid-Other
c_1_37_3206,Lymphoid-B
c_1_37_3207,Lymphoid-B
c_1_37_3208,Lymphoid-T
c_1_37_3209,Lymphoid-T
c_1_37_3210,Lymphoid-T
c_1_37_3211,Lymphoid-DC
c_1_37_3212,Lymphoid-T
c_1_37_3213,Lymphoid-Other
c_1_37_3214,Endothelial
c_1_37_3215,Lymphoid-B
c_1_37_3216,Mesenchymal-Stromal
c_1_37_3217,Lymphoid-B
c_1_37_3218,Lymphoid-B
c_1_37_3219,Lymphoid-T
c_1_37_3220,Lymphoid-DC
c_1_37_3221,Lymphoid-Other
c_1_37_3222,Lymphoid-B
c_1_37_3223,Lymphoid-T
c_1_37_3224,Lymphoid-Plasma
c_1_37_3225,Lymphoid-DC
c_1_37_3226,Lymphoid-T
c_1_37_3227,Lymphoid-B
c_1_37_3228,Lymphoid-T
c_1_37_3229,Lymphoid-B
c_1_37_3230,Endothelial
c_1_37_3231,Lymphoid-B
c_1_37_3232,Lymphoid-B
c_1_37_3233,Lymphoid-Other
c_1_37_3234,Lymphoid-B
c_1_37_3235,Lymphoid-Plasma
c_1_37_3236,Lymphoid-DC
c_1_37_3237,Lymphoid-B
c_1_37_3238,Lymphoid-Other
c_1_37_3239,Lymphoid-Plasma
c_1_37_3240,Lymphoid-Other
c_1_37_3241,None
c_1_37_3242,Lymphoid-DC
c_1_37_3243,Endothelial
c_1_37_3244,Lymphoid-T
c_1_37_3245,Lymphoid-B
c_1_37_3246,Lymphoid-T
c_1_37_3247,Lymphoid-DC
c_1_37_3248,Lymphoid-DC
c_1_37_3249,Lymphoid-Other
c_1_37_3250,Lymphoid-Plasma
c_1_37_3251,Lymphoid-T
c_1_37_3252,Lymphoid-T
c_1_37_3253,Mesenchymal-Stromal
c_1_37_3254,Lymphoid-T
c_1_37_3255,Lymphoid-T
c_1_37_3256,Lymphoid-B
c_1_37_3257,Lymphoid-T
c_1_37_3258,Lymphoid-B
c_1_37_3259,Lymphoid-Plasma
c_1_37_3260,Lymphoid-T
c_1_37_3261,Lymphoid-Other
c_1_37_3262,Lymphoid-B
c_1_37_3263,Lymphoid-B
c_1_37_3264,Lymphoid-T
c_1_37_3265,Lymphoid-T
c_1_37_3266,Lymphoid-Other
c_1_37_3267,Lymphoid-T
c_1_37_3268,Lymphoid-DC
c_1_37_3269,Endothelial
c_1_37_3270,Lymphoid-B
c_1_37_3271,Lymphoid-T
c_1_37_3272,Lymphoid-T
c_1_37_3273,Lymphoid-DC
c_1_37_3274,Lymphoid-Plasma
c_1_37_3275,Lymphoid-B
c_1_37_3276,Lymphoid-T
c_1_37_3277,Lymphoid-T
c_1_37_3278,Lymphoid-T
c_1_37_3279,Lymphoid-T
c_1_37_3280,Lymphoid-DC
c_1_37_3281,Lymphoid-T
c_1_37_3282,Lymphoid-T
c_1_37_3283,Lymphoid-Other
c_1_37_3284,Lymphoid-DC
c_1_37_3285,Lymphoid-Other
c_1_37_3286,Lymphoid-T
c_1_37_3287,Lymphoid-T
c_1_37_3288,Lymphoid-Other
c_1_37_3289,Lymphoid-B
c_1_37_3290,Lymphoid-B
c_1_37_3291,Endothelial
c_1_37_3292,Lymphoid-DC
c_1_37_3293,Lymphoid-B
c_1_37_3294,Lymphoid-T
c_1_37_3295,Lymphoid-B
c_1_37_3296,Lymphoid-DC
c_1_37_3297,Lymphoid-Other
c_1_37_3298,Lymphoid-B
c_1_37_3299,Myeloid
c_1_37_3300,Lymphoid-DC
c_1_37_3301,Lymphoid-T
c_1_37_3302,Lymphoid-T
c_1_37_3303,Lymphoid-T
c_1_37_3304,Lymphoid-DC
c_1_37_3305,Lymphoid-Plasma
c_1_37_3306,Endothelial
c_1_37_3307,Lymphoid-T
c_1_37_3308,Lymphoid-Other
c_1_37_3309,Lymphoid-B
c_1_37_3310,Lymphoid-T
c_1_37_3311,Lymphoid-T
c_1_37_3312,Lymphoid-DC
c_1_37_3313,Lymphoid-DC
c_1_37_3314,Lymphoid-DC
c_1_37_3315,Lymphoid-T
c_1_37_3316,Lymphoid-T
c_1_37_3317,Lymphoid-T
c_1_37_3318,Lymphoid-T
c_1_37_3319,Mesenchymal-Stromal
c_1_37_3320,Lymphoid-B
c_1_37_3321,Lymphoid-Other
c_1_37_3322,Lymphoid-B
c_1_37_3323,Lymphoid-T
c_1_37_3324,Lymphoid-DC
c_1_37_3325,Lymphoid-B
c_1_37_3326,Lymphoid-Other
c_1_37_3327,Lymphoid-B
c_1_37_3328,Lymphoid-Other
c_1_37_3329,Lymphoid-T
c_1_37_3330,Lymphoid-T
c_1_37_3331,Lymphoid-B
c_1_37_3332,Lymphoid-DC
c_1_37_3333,Lymphoid-B
c_1_37_3334,Lymphoid-Other
c_1_37_3335,Lymphoid-B
c_1_37_3336,Lymphoid-B
c_1_37_3337,Lymphoid-T
c_1_37_3338,Mesenchymal-Stromal
c_1_37_3339,Lymphoid-Other
c_1_37_3340,Endothelial
c_1_37_3341,Mesenchymal-Stromal
c_1_37_3342,Lymphoid-DC
c_1_37_3343,Lymphoid-Plasma
c_1_37_3344,Endothelial
c_1_37_3345,Lymphoid-DC
c_1_37_3346,Lymphoid-Other
c_1_37_3347,Endothelial
c_1_37_3348,Lymphoid-B
c_1_37_3349,None
c_1_37_3350,Lymphoid-B
c_1_37_3351,Lymphoid-B
c_1_37_3352,Mesenchymal-Stromal
c_1_37_3353,Lymphoid-B
c_1_37_3354,Lymphoid-T
c_1_37_3355,Mesenchymal-Stromal
c_1_37_3356,Endothelial
c_1_37_3357,Lymphoid-B
c_1_37_3358,Lymphoid-T
c_1_37_3359,Lymphoid-DC
c_1_37_3360,Endothelial
c_1_37_3361,Lymphoid-B
c_1_37_3362,Lymphoid-T
c_1_37_3363,None
c_1_37_3364,Lymphoid-B
c_1_37_3365,Lymphoid-B
c_1_37_3366,Mesenchymal-Stromal
c_1_37_3367,Lymphoid-T
c_1_37_3368,Lymphoid-B
c_1_37_3369,Lymphoid-T
c_1_37_3370,Lymphoid-DC
c_1_37_3371,Mesenchymal-Stromal
c_1_37_3372,Lymphoid-DC
c_1_37_3373,Endothelial
c_1_37_3374,Mesenchymal-Stromal
c_1_37_3375,Lymphoid-DC
c_1_37_3376,Lymphoid-Plasma
c_1_37_3377,Lymphoid-B
c_1_37_3378,Lymphoid-Other
c_1_37_3379,Lymphoid-DC
c_1_37_3380,Lymphoid-B
c_1_37_3381,Lymphoid-DC
c_1_37_3382,Epithelial
c_1_37_3383,Lymphoid-B
c_1_37_3384,Lymphoid-Other
c_1_37_3385,Endothelial
c_1_37_3386,Lymphoid-DC
c_1_37_3387,Lymphoid-T
c_1_37_3388,Lymphoid-Other
c_1_37_3389,Lymphoid-B
c_1_37_3390,Lymphoid-B
c_1_37_3391,Lymphoid-B
c_1_37_3392,Lymphoid-T
c_1_37_3393,Lymphoid-DC
c_1_37_3394,Lymphoid-Other
c_1_37_3395,Epithelial
c_1_37_3396,Endothelial
c_1_37_3397,Endothelial
c_1_37_3398,Lymphoid-B
c_1_37_3399,Lymphoid-T
c_1_37_3400,Endothelial
c_1_37_3401,Endothelial
c_1_37_3402,Lymphoid-B
c_1_37_3403,Endothelial
c_1_37_3404,Lymphoid-Other
c_1_37_3405,Lymphoid-B
c_1_37_3406,Lymphoid-T
c_1_37_3407,Lymphoid-T
c_1_37_3408,Endothelial
c_1_37_3409,Lymphoid-T
c_1_37_3410,Lymphoid-T
c_1_37_3411,Lymphoid-T
c_1_37_3412,Lymphoid-B
c_1_37_3413,Lymphoid-B
c_1_37_3414,Lymphoid-B
c_1_37_3415,Lymphoid-T
c_1_37_3416,Lymphoid-B
c_1_37_3417,Lymphoid-Other
c_1_37_3418,Lymphoid-T
c_1_37_3419,Lymphoid-B
c_1_37_3420,Lymphoid-DC
c_1_37_3421,Lymphoid-Plasma
c_1_37_3422,Lymphoid-T
c_1_37_3423,Lymphoid-B
c_1_37_3424,None
c_1_37_3425,Lymphoid-Other
c_1_37_3426,Endothelial
c_1_37_3427,Lymphoid-B
c_1_37_3428,Lymphoid-T
c_1_37_3429,Lymphoid-T
c_1_37_3430,Lymphoid-Other
c_1_37_3431,Lymphoid-B
c_1_37_3432,Lymphoid-T
c_1_37_3433,Mesenchymal-Stromal
c_1_37_3434,Lymphoid-T
c_1_37_3435,Lymphoid-DC
c_1_37_3436,Lymphoid-T
c_1_37_3437,Lymphoid-B
c_1_37_3438,Endothelial
c_1_37_3439,Lymphoid-Other
c_1_37_3440,Lymphoid-B
c_1_37_3441,Lymphoid-T
c_1_37_3442,Epithelial
c_1_37_3443,Endothelial
c_1_37_3444,Lymphoid-B
c_1_37_3445,Lymphoid-T
c_1_37_3446,Lymphoid-B
c_1_37_3447,Lymphoid-B
c_1_37_3448,Lymphoid-T
c_1_37_3449,Lymphoid-T
c_1_37_3450,Lymphoid-Other
c_1_37_3451,Lymphoid-Plasma
c_1_37_3452,Lymphoid-B
c_1_37_3453,Lymphoid-T
c_1_37_3454,Lymphoid-DC
c_1_37_3455,Lymphoid-B
c_1_37_3456,Lymphoid-T
c_1_37_3457,Lymphoid-T
c_1_37_3458,Lymphoid-Other
c_1_37_3459,Lymphoid-Other
c_1_37_3460,Lymphoid-B
c_1_37_3461,Lymphoid-B
c_1_37_3462,Lymphoid-B
c_1_37_3463,Mesenchymal-Stromal
c_1_37_3464,Lymphoid-Plasma
c_1_37_3465,Lymphoid-T
c_1_37_3466,Lymphoid-B
c_1_37_3467,Lymphoid-B
c_1_37_3468,Lymphoid-B
c_1_37_3469,None
c_1_37_3470,Lymphoid-B
c_1_37_3471,Lymphoid-Other
c_1_37_3472,Lymphoid-B
c_1_37_3473,Mesenchymal-Stromal
c_1_37_3474,Lymphoid-Other
c_1_37_3475,Lymphoid-B
c_1_37_3476,Lymphoid-Other
c_1_37_3477,Lymphoid-B
c_1_37_3478,Lymphoid-B
c_1_37_3479,Lymphoid-T
c_1_37_3480,Lymphoid-T
c_1_37_3481,Mesenchymal-Stromal
c_1_37_3482,Epithelial
c_1_37_3483,Lymphoid-B
c_1_37_3484,Lymphoid-Other
c_1_37_3485,Endothelial
c_1_37_3486,Lymphoid-B
c_1_37_3487,Lymphoid-DC
c_1_37_3488,Lymphoid-DC
c_1_37_3489,Lymphoid-Plasma
c_1_37_3490,Lymphoid-B
c_1_37_3491,Lymphoid-B
c_1_37_3492,Epithelial
c_1_37_3493,Lymphoid-T
c_1_37_3494,Lymphoid-Other
c_1_37_3495,Lymphoid-B
c_1_37_3496,Lymphoid-T
c_1_37_3497,Lymphoid-B
c_1_37_3498,Lymphoid-B
c_1_37_3499,Lymphoid-DC
c_1_37_3500,Lymphoid-B
c_1_37_3501,Lymphoid-Other
c_1_37_3502,None
c_1_37_3503,Lymphoid-Other
c_1_37_3504,Lymphoid-B
c_1_37_3505,Lymphoid-T
c_1_37_3506,Mesenchymal-Stromal
c_1_37_3507,Epithelial
c_1_37_3508,Lymphoid-Other
c_1_37_3509,Lymphoid-B
c_1_37_3510,Lymphoid-B
c_1_37_3511,Lymphoid-Plasma
c_1_37_3512,Lymphoid-T
c_1_37_3513,Lymphoid-T
c_1_37_3514,Lymphoid-B
c_1_37_3515,Lymphoid-Plasma
c_1_37_3516,Lymphoid-B
c_1_37_3517,Lymphoid-B
c_1_37_3518,Lymphoid-Plasma
c_1_37_3519,Lymphoid-Other
c_1_37_3520,None
c_1_37_3521,Lymphoid-B
c_1_37_3522,Lymphoid-T
c_1_37_3523,Lymphoid-Plasma
c_1_37_3524,Lymphoid-Other
c_1_37_3525,Lymphoid-B
c_1_37_3526,Mesenchymal-Stromal
c_1_37_3527,Lymphoid-T
c_1_37_3528,Lymphoid-DC
c_1_37_3529,Lymphoid-Other
c_1_37_3530,Lymphoid-Other
c_1_37_3531,Lymphoid-T
c_1_37_3532,Epithelial
c_1_37_3533,Lymphoid-Other
c_1_37_3534,Lymphoid-B
c_1_37_3535,Lymphoid-B
c_1_37_3536,Neuronal-Glial
c_1_37_3537,Lymphoid-B
c_1_37_3538,Lymphoid-T
c_1_37_3539,Lymphoid-T
c_1_37_3540,Endothelial
c_1_37_3541,Lymphoid-T
c_1_37_3542,Lymphoid-DC
c_1_37_3543,Lymphoid-B
c_1_37_3544,Lymphoid-DC
c_1_37_3545,Lymphoid-Plasma
c_1_37_3546,Lymphoid-T
c_1_37_3547,Lymphoid-Other
c_1_37_3548,Lymphoid-Other
c_1_37_3549,Lymphoid-Other
c_1_37_3550,Lymphoid-B
c_1_37_3551,Lymphoid-B
c_1_37_3552,Lymphoid-B
c_1_37_3553,Lymphoid-B
c_1_37_3554,Endothelial
c_1_37_3555,Lymphoid-Other
c_1_37_3556,Mesenchymal-Stromal
c_1_37_3557,Endothelial
c_1_37_3558,Endothelial
c_1_37_3559,Lymphoid-Other
c_1_37_3560,Lymphoid-T
c_1_37_3561,Mesenchymal-Stromal
c_1_37_3562,Mesenchymal-Stromal
c_1_37_3563,Lymphoid-Other
c_1_37_3564,Endothelial
c_1_37_3565,Lymphoid-DC
c_1_37_3566,Lymphoid-B
c_1_37_3567,Lymphoid-B
c_1_37_3568,Mesenchymal-Stromal
c_1_37_3569,Endothelial
c_1_37_3570,Lymphoid-B
c_1_37_3571,Lymphoid-B
c_1_37_3572,Endothelial
c_1_37_3573,Lymphoid-Other
c_1_37_3574,Endothelial
c_1_37_3575,Lymphoid-B
c_1_37_3576,Lymphoid-Other
c_1_37_3577,Lymphoid-B
c_1_37_3578,Lymphoid-Other
c_1_37_3579,Lymphoid-DC
c_1_37_3580,Lymphoid-Plasma
c_1_37_3581,Lymphoid-B
c_1_37_3582,Lymphoid-T
c_1_37_3583,Lymphoid-T
c_1_37_3584,Mesenchymal-Stromal
c_1_37_3585,Mesenchymal-Stromal
c_1_37_3586,Endothelial
c_1_37_3587,Endothelial
c_1_37_3588,Lymphoid-T
c_1_37_3589,Lymphoid-T
c_1_37_3590,Lymphoid-B
c_1_37_3591,Endothelial
c_1_37_3592,Lymphoid-B
c_1_37_3593,Mesenchymal-Stromal
c_1_37_3594,Lymphoid-Other
c_1_37_3595,Lymphoid-Other
c_1_37_3596,Endothelial
c_1_37_3597,Lymphoid-DC
c_1_37_3598,Lymphoid-T
c_1_37_3599,Lymphoid-DC
c_1_37_3600,Lymphoid-T
c_1_37_3601,Lymphoid-T
c_1_37_3602,Lymphoid-B
c_1_37_3603,Lymphoid-Plasma
c_1_37_3604,Lymphoid-B
c_1_37_3605,Lymphoid-Plasma
c_1_37_3606,Neuronal-Glial
c_1_37_3607,Lymphoid-T
c_1_37_3608,Myeloid
c_1_37_3609,Lymphoid-T
c_1_37_3610,Lymphoid-Other
c_1_37_3611,Endothelial
c_1_37_3612,Lymphoid-T
c_1_37_3613,Lymphoid-Other
c_1_37_3614,Lymphoid-Other
c_1_37_3615,Lymphoid-T
c_1_37_3616,Epithelial
c_1_37_3617,Lymphoid-T
c_1_37_3618,Lymphoid-Other
c_1_37_3619,Myeloid
c_1_37_3620,Lymphoid-B
c_1_37_3621,Lymphoid-Other
c_1_37_3622,Lymphoid-Plasma
c_1_37_3623,Lymphoid-Other
c_1_37_3624,Lymphoid-B
c_1_37_3625,Lymphoid-B
c_1_37_3626,Lymphoid-T
c_1_37_3627,Endothelial
c_1_37_3628,Lymphoid-Other
c_1_37_3629,Lymphoid-Other
c_1_37_3630,Lymphoid-B
c_1_37_3631,Lymphoid-T
c_1_37_3632,Lymphoid-T
c_1_37_3633,Lymphoid-T
c_1_37_3634,None
c_1_37_3635,Lymphoid-Plasma
c_1_37_3636,Lymphoid-Other
c_1_37_3637,Lymphoid-B
c_1_37_3638,Myeloid
c_1_38_1,Lymphoid-B
c_1_38_2,Endothelial
c_1_38_3,Lymphoid-Other
c_1_38_4,Lymphoid-T
c_1_38_5,Lymphoid-B
c_1_38_6,Lymphoid-B
c_1_38_7,Lymphoid-T
c_1_38_8,Lymphoid-B
c_1_38_9,Lymphoid-Plasma
c_1_38_10,Lymphoid-T
c_1_38_11,Lymphoid-T
c_1_38_12,Lymphoid-Other
c_1_38_13,Lymphoid-T
c_1_38_14,Endothelial
c_1_38_15,Lymphoid-Other
c_1_38_16,None
c_1_38_17,Lymphoid-B
c_1_38_18,Endothelial
c_1_38_19,Lymphoid-B
c_1_38_20,Mesenchymal-Stromal
c_1_38_21,Lymphoid-T
c_1_38_22,Lymphoid-T
c_1_38_23,Endothelial
c_1_38_24,Lymphoid-B
c_1_38_25,Lymphoid-B
c_1_38_26,Lymphoid-B
c_1_38_27,Lymphoid-B
c_1_38_28,Lymphoid-T
c_1_38_29,Lymphoid-B
c_1_38_30,Lymphoid-DC
c_1_38_31,Lymphoid-T
c_1_38_32,Lymphoid-B
c_1_38_33,Lymphoid-B
c_1_38_34,Lymphoid-Plasma
c_1_38_35,Lymphoid-B
c_1_38_36,Lymphoid-B
c_1_38_37,None
c_1_38_38,Lymphoid-T
c_1_38_39,Lymphoid-B
c_1_38_40,Lymphoid-B
c_1_38_41,Lymphoid-Plasma
c_1_38_42,Lymphoid-Plasma
c_1_38_43,Lymphoid-Plasma
c_1_38_44,Lymphoid-Other
c_1_38_45,Lymphoid-Other
c_1_38_46,Lymphoid-B
c_1_38_47,Lymphoid-T
c_1_38_48,Lymphoid-B
c_1_38_49,Lymphoid-B
c_1_38_50,Lymphoid-B
c_1_38_51,Lymphoid-DC
c_1_38_52,Lymphoid-DC
c_1_38_53,Lymphoid-Other
c_1_38_54,Mesenchymal-Stromal
c_1_38_55,Lymphoid-Other
c_1_38_56,Lymphoid-Other
c_1_38_57,Lymphoid-Other
c_1_38_58,Lymphoid-DC
c_1_38_59,Lymphoid-Plasma
c_1_38_60,Endothelial
c_1_38_61,Lymphoid-T
c_1_38_62,Lymphoid-Plasma
c_1_38_63,Lymphoid-B
c_1_38_64,Endothelial
c_1_38_65,Endothelial
c_1_38_66,Lymphoid-Other
c_1_38_67,Lymphoid-Other
c_1_38_68,Lymphoid-Other
c_1_38_69,Lymphoid-T
c_1_38_70,Endothelial
c_1_38_71,Lymphoid-Other
c_1_38_72,Lymphoid-Plasma
c_1_38_73,Myeloid
c_1_38_74,Lymphoid-B
c_1_38_75,Lymphoid-Other
c_1_38_76,Lymphoid-B
c_1_38_77,Lymphoid-B
c_1_38_78,Mesenchymal-Stromal
c_1_38_79,Lymphoid-Other
c_1_38_80,Endothelial
c_1_38_81,Lymphoid-T
c_1_38_82,Epithelial
c_1_38_83,Endothelial
c_1_38_84,Lymphoid-T
c_1_38_85,Lymphoid-B
c_1_38_86,Lymphoid-DC
c_1_38_87,Lymphoid-T
c_1_38_88,Epithelial
c_1_38_89,Lymphoid-T
c_1_38_90,Lymphoid-T
c_1_38_91,Lymphoid-T
c_1_38_92,Lymphoid-T
c_1_38_93,Endothelial
c_1_38_94,Lymphoid-DC
c_1_38_95,Endothelial
c_1_38_96,Lymphoid-Plasma
c_1_38_97,Lymphoid-T
c_1_38_98,Epithelial
c_1_38_99,Stem
c_1_38_100,Lymphoid-B
c_1_38_101,Lymphoid-Other
c_1_38_102,Lymphoid-T
c_1_38_103,Stem
c_1_38_104,Epithelial
c_1_38_105,Epithelial
c_1_38_106,Lymphoid-T
c_1_38_107,Lymphoid-B
c_1_38_108,Lymphoid-B
c_1_38_109,Lymphoid-B
c_1_38_110,Lymphoid-B
c_1_38_111,Myeloid
c_1_38_112,Stem
c_1_38_113,Epithelial
c_1_38_114,Endothelial
c_1_38_115,Lymphoid-Other
c_1_38_116,Lymphoid-T
c_1_38_117,Lymphoid-Other
c_1_38_118,Lymphoid-T
c_1_38_119,Mesenchymal-Stromal
c_1_38_120,Endothelial
c_1_38_121,Mesenchymal-Stromal
c_1_38_122,Epithelial
c_1_38_123,Epithelial
c_1_38_124,Epithelial
c_1_38_125,Lymphoid-Other
c_1_38_126,Lymphoid-Other
c_1_38_127,Lymphoid-T
c_1_38_128,Lymphoid-Plasma
c_1_38_129,Epithelial
c_1_38_130,Myeloid
c_1_38_131,Lymphoid-T
c_1_38_132,Lymphoid-Other
c_1_38_133,Lymphoid-Plasma
c_1_38_134,Endothelial
c_1_38_135,Lymphoid-T
c_1_38_136,Endothelial
c_1_38_137,Lymphoid-B
c_1_38_138,Lymphoid-DC
c_1_38_139,Endothelial
c_1_38_140,Lymphoid-Plasma
c_1_38_141,Endothelial
c_1_38_142,Lymphoid-T
c_1_38_143,Epithelial
c_1_38_144,Epithelial
c_1_38_145,Lymphoid-T
c_1_38_146,Lymphoid-Other
c_1_38_147,Lymphoid-B
c_1_38_148,Lymphoid-Other
c_1_38_149,Lymphoid-T
c_1_38_150,Epithelial
c_1_38_151,Lymphoid-B
c_1_38_152,Lymphoid-B
c_1_38_153,Endothelial
c_1_38_154,Mesenchymal-Stromal
c_1_38_155,Stem
c_1_38_156,Lymphoid-T
c_1_38_157,Lymphoid-Other
c_1_38_158,Mesenchymal-Stromal
c_1_38_159,Lymphoid-Other
c_1_38_160,Lymphoid-T
c_1_38_161,Epithelial
c_1_38_162,Lymphoid-Plasma
c_1_38_163,Mesenchymal-Stromal
c_1_38_164,Lymphoid-Other
c_1_38_165,Lymphoid-Other
c_1_38_166,Lymphoid-T
c_1_38_167,Lymphoid-T
c_1_38_168,Epithelial
c_1_38_169,Endothelial
c_1_38_170,Lymphoid-Other
c_1_38_171,Lymphoid-T
c_1_38_172,Endothelial
c_1_38_173,Epithelial
c_1_38_174,Lymphoid-Other
c_1_38_175,Endothelial
c_1_38_176,Lymphoid-DC
c_1_38_177,Epithelial
c_1_38_178,Lymphoid-Other
c_1_38_179,Lymphoid-Other
c_1_38_180,Lymphoid-Plasma
c_1_38_181,Epithelial
c_1_38_182,Lymphoid-B
c_1_38_183,Lymphoid-Other
c_1_38_184,Mesenchymal-Stromal
c_1_38_185,Neuronal-Glial
c_1_38_186,Endothelial
c_1_38_187,Epithelial
c_1_38_188,Lymphoid-Other
c_1_38_189,Lymphoid-Other
c_1_38_190,Lymphoid-T
c_1_38_191,Lymphoid-B
c_1_38_192,Lymphoid-DC
c_1_38_193,Epithelial
c_1_38_194,Lymphoid-Plasma
c_1_38_195,Lymphoid-Other
c_1_38_196,Lymphoid-Plasma
c_1_38_197,Lymphoid-Plasma
c_1_38_198,Lymphoid-Other
c_1_38_199,Lymphoid-Other
c_1_38_200,Lymphoid-Plasma
c_1_38_201,Endothelial
c_1_38_202,Mesenchymal-Stromal
c_1_38_203,Lymphoid-Other
c_1_38_204,Lymphoid-Plasma
c_1_38_205,Stem
c_1_38_206,Lymphoid-T
c_1_38_207,Lymphoid-T
c_1_38_208,Lymphoid-Plasma
c_1_38_209,Lymphoid-T
c_1_38_210,Stem
c_1_38_211,Lymphoid-Plasma
c_1_38_212,Epithelial
c_1_38_213,Lymphoid-Plasma
c_1_38_214,Lymphoid-Plasma
c_1_38_215,Lymphoid-Other
c_1_38_216,Lymphoid-DC
c_1_38_217,Endothelial
c_1_38_218,Mesenchymal-Stromal
c_1_38_219,Lymphoid-Plasma
c_1_38_220,Epithelial
c_1_38_221,Lymphoid-Other
c_1_38_222,Mesenchymal-Stromal
c_1_38_223,Lymphoid-Plasma
c_1_38_224,Endothelial
c_1_38_225,Lymphoid-Plasma
c_1_38_226,Epithelial
c_1_38_227,Myeloid
c_1_38_228,Stem
c_1_38_229,Lymphoid-T
c_1_38_230,Lymphoid-T
c_1_38_231,Lymphoid-Other
c_1_38_232,Stem
c_1_38_233,Lymphoid-Other
c_1_38_234,Lymphoid-Plasma
c_1_38_235,Stem
c_1_38_236,None
c_1_38_237,Epithelial
c_1_38_238,Endothelial
c_1_38_239,Lymphoid-B
c_1_38_240,Lymphoid-Other
c_1_38_241,Lymphoid-Plasma
c_1_38_242,Lymphoid-Plasma
c_1_38_243,Endothelial
c_1_38_244,Lymphoid-Other
c_1_38_245,Lymphoid-Plasma
c_1_38_246,Lymphoid-T
c_1_38_247,Lymphoid-Other
c_1_38_248,Lymphoid-Plasma
c_1_38_249,Lymphoid-Plasma
c_1_38_250,Lymphoid-Plasma
c_1_38_251,Lymphoid-Plasma
c_1_38_252,Lymphoid-Other
c_1_38_253,Lymphoid-Other
c_1_38_254,Lymphoid-T
c_1_38_255,Lymphoid-Other
c_1_38_256,Lymphoid-Other
c_1_38_257,Endothelial
c_1_38_258,Lymphoid-Plasma
c_1_38_259,Endothelial
c_1_38_260,Myeloid
c_1_38_261,Lymphoid-Plasma
c_1_38_262,Endothelial
c_1_38_263,None
c_1_38_264,Epithelial
c_1_38_265,Lymphoid-T
c_1_38_266,Lymphoid-Plasma
c_1_38_267,Endothelial
c_1_38_268,Lymphoid-T
c_1_38_269,Endothelial
c_1_38_270,Endothelial
c_1_38_271,None
c_1_38_272,Endothelial
c_1_38_273,Lymphoid-Plasma
c_1_38_274,Neuronal-Glial
c_1_38_275,Lymphoid-Plasma
c_1_38_276,None
c_1_38_277,Epithelial
c_1_38_278,Lymphoid-Other
c_1_38_279,Lymphoid-Other
c_1_38_280,Lymphoid-Other
c_1_38_281,Lymphoid-DC
c_1_38_282,Stem
c_1_38_283,Endothelial
c_1_38_284,Endothelial
c_1_38_285,Myeloid
c_1_38_286,Lymphoid-B
c_1_38_287,Myeloid
c_1_38_288,Lymphoid-Other
c_1_38_289,Lymphoid-Plasma
c_1_38_290,Mesenchymal-Stromal
c_1_38_291,Endothelial
c_1_38_292,Lymphoid-Plasma
c_1_38_293,Lymphoid-B
c_1_38_294,Epithelial
c_1_38_295,Lymphoid-Other
c_1_38_296,Lymphoid-Plasma
c_1_38_297,Lymphoid-T
c_1_38_298,Lymphoid-Other
c_1_38_299,Lymphoid-Plasma
c_1_38_300,Lymphoid-Plasma
c_1_38_301,Epithelial
c_1_38_302,Lymphoid-B
c_1_38_303,Stem
c_1_38_304,Epithelial
c_1_38_305,Lymphoid-T
c_1_38_306,None
c_1_38_307,Lymphoid-Other
c_1_38_308,Lymphoid-T
c_1_38_309,Lymphoid-Plasma
c_1_38_310,Mesenchymal-Stromal
c_1_38_311,None
c_1_38_312,Lymphoid-T
c_1_38_313,Endothelial
c_1_38_314,Endothelial
c_1_38_315,Epithelial
c_1_38_316,Mesenchymal-Stromal
c_1_38_317,Stem
c_1_38_318,None
c_1_38_319,Lymphoid-Other
c_1_38_320,Myeloid
c_1_38_321,Lymphoid-T
c_1_38_322,Endothelial
c_1_38_323,Lymphoid-Plasma
c_1_38_324,Lymphoid-DC
c_1_38_325,Lymphoid-Plasma
c_1_38_326,Epithelial
c_1_38_327,Lymphoid-Plasma
c_1_38_328,Neuronal-Glial
c_1_38_329,Lymphoid-Plasma
c_1_38_330,Mesenchymal-Stromal
c_1_38_331,Lymphoid-T
c_1_38_332,Lymphoid-T
c_1_38_333,Lymphoid-Other
c_1_38_334,Lymphoid-Other
c_1_38_335,Lymphoid-T
c_1_38_336,Neuronal-Glial
c_1_38_337,Lymphoid-DC
c_1_38_338,Lymphoid-T
c_1_38_339,Lymphoid-B
c_1_38_340,Lymphoid-Other
c_1_38_341,Endothelial
c_1_38_342,Lymphoid-Other
c_1_38_343,Lymphoid-Other
c_1_38_344,Lymphoid-T
c_1_38_345,Lymphoid-DC
c_1_38_346,Endothelial
c_1_38_347,Lymphoid-Other
c_1_38_348,Endothelial
c_1_38_349,Lymphoid-Other
c_1_38_350,Epithelial
c_1_38_351,Lymphoid-T
c_1_38_352,Lymphoid-Other
c_1_38_353,Lymphoid-Other
c_1_38_354,Lymphoid-Other
c_1_38_355,Lymphoid-Other
c_1_38_356,None
c_1_38_357,Endothelial
c_1_38_358,Lymphoid-T
c_1_38_359,Lymphoid-T
c_1_38_360,Epithelial
c_1_38_361,Epithelial
c_1_38_362,Lymphoid-Other
c_1_38_363,Lymphoid-Other
c_1_38_364,Endothelial
c_1_38_365,Lymphoid-Other
c_1_38_366,Lymphoid-Other
c_1_38_367,Epithelial
c_1_38_368,Endothelial
c_1_38_369,Epithelial
c_1_38_370,Stem
c_1_38_371,Epithelial
c_1_38_372,Lymphoid-T
c_1_38_373,Lymphoid-T
c_1_38_374,Epithelial
c_1_38_375,Myeloid
c_1_38_376,Mesenchymal-Stromal
c_1_38_377,Endothelial
c_1_38_378,Epithelial
c_1_38_379,Epithelial
c_1_38_380,Lymphoid-T
c_1_38_381,Lymphoid-Plasma
c_1_38_382,Endothelial
c_1_38_383,Endothelial
c_1_38_384,Lymphoid-Plasma
c_1_38_385,Epithelial
c_1_38_386,Stem
c_1_38_387,None
c_1_38_388,Lymphoid-T
c_1_38_389,Lymphoid-Other
c_1_38_390,Epithelial
c_1_38_391,Myeloid
c_1_38_392,Epithelial
c_1_38_393,Endothelial
c_1_38_394,Stem
c_1_38_395,Lymphoid-DC
c_1_38_396,Endothelial
c_1_38_397,Mesenchymal-Stromal
c_1_38_398,Epithelial
c_1_38_399,Epithelial
c_1_38_400,Epithelial
c_1_38_401,Epithelial
c_1_38_402,Lymphoid-Other
c_1_38_403,Epithelial
c_1_38_404,Epithelial
c_1_38_405,Lymphoid-DC
c_1_38_406,Lymphoid-T
c_1_38_407,Lymphoid-T
c_1_38_408,Lymphoid-T
c_1_38_409,Lymphoid-DC
c_1_38_410,Neuronal-Glial
c_1_38_411,Epithelial
c_1_38_412,Epithelial
c_1_38_413,Lymphoid-Other
c_1_38_414,Lymphoid-Other
c_1_38_415,Epithelial
c_1_38_416,Erythroid
c_1_38_417,None
c_1_38_418,Epithelial
c_1_38_419,Epithelial
c_1_38_420,Lymphoid-Other
c_1_38_421,Epithelial
c_1_38_422,Epithelial
c_1_38_423,Lymphoid-Other
c_1_38_424,Mesenchymal-Stromal
c_1_38_425,Epithelial
c_1_38_426,Epithelial
c_1_38_427,Lymphoid-Other
c_1_38_428,Lymphoid-Other
c_1_38_429,Lymphoid-Plasma
c_1_38_430,Epithelial
c_1_38_431,Lymphoid-Other
c_1_38_432,Epithelial
c_1_38_433,Lymphoid-Other
c_1_38_434,Epithelial
c_1_38_435,Epithelial
c_1_38_436,Mesenchymal-Stromal
c_1_38_437,Epithelial
c_1_38_438,Endothelial
c_1_38_439,Endothelial
c_1_38_440,Endothelial
c_1_38_441,Epithelial
c_1_38_442,Lymphoid-Plasma
c_1_38_443,Lymphoid-Plasma
c_1_38_444,Epithelial
c_1_38_445,Epithelial
c_1_38_446,Lymphoid-Other
c_1_38_447,Endothelial
c_1_38_448,Lymphoid-Other
c_1_38_449,Lymphoid-Plasma
c_1_38_450,Endothelial
c_1_38_451,Lymphoid-Other
c_1_38_452,Myeloid
c_1_38_453,Lymphoid-DC
c_1_38_454,Epithelial
c_1_38_455,Endothelial
c_1_38_456,Lymphoid-Plasma
c_1_38_457,Epithelial
c_1_38_458,Endothelial
c_1_38_459,Lymphoid-Plasma
c_1_38_460,Lymphoid-Other
c_1_38_461,Epithelial
c_1_38_462,Endothelial
c_1_38_463,Lymphoid-Other
c_1_38_464,Lymphoid-Plasma
c_1_38_465,Myeloid
c_1_38_466,Lymphoid-DC
c_1_38_467,Lymphoid-Plasma
c_1_38_468,Lymphoid-Plasma
c_1_38_469,Lymphoid-T
c_1_38_470,Epithelial
c_1_38_471,Myeloid
c_1_38_472,Epithelial
c_1_38_473,Lymphoid-Plasma
c_1_38_474,Stem
c_1_38_475,Lymphoid-T
c_1_38_476,Endothelial
c_1_38_477,Lymphoid-B
c_1_38_478,Epithelial
c_1_38_479,Epithelial
c_1_38_480,Mesenchymal-Stromal
c_1_38_481,Lymphoid-B
c_1_38_482,Endothelial
c_1_38_483,Myeloid
c_1_38_484,Endothelial
c_1_38_485,Lymphoid-T
c_1_38_486,Lymphoid-Plasma
c_1_38_487,Lymphoid-Plasma
c_1_38_488,Epithelial
c_1_38_489,Myeloid
c_1_38_490,Lymphoid-Other
c_1_38_491,Lymphoid-Plasma
c_1_38_492,Endothelial
c_1_38_493,Endothelial
c_1_38_494,Epithelial
c_1_38_495,Lymphoid-Other
c_1_38_496,Mesenchymal-Stromal
c_1_38_497,Lymphoid-B
c_1_38_498,Lymphoid-Plasma
c_1_38_499,Mesenchymal-Stromal
c_1_38_500,Lymphoid-T
c_1_38_501,Lymphoid-Plasma
c_1_38_502,Lymphoid-B
c_1_38_503,Endothelial
c_1_38_504,Lymphoid-Plasma
c_1_38_505,Lymphoid-Plasma
c_1_38_506,Epithelial
c_1_38_507,Endothelial
c_1_38_508,Lymphoid-B
c_1_38_509,Neuronal-Glial
c_1_38_510,Lymphoid-DC
c_1_38_511,Lymphoid-Plasma
c_1_38_512,Lymphoid-T
c_1_38_513,Lymphoid-B
c_1_38_514,Lymphoid-Other
c_1_38_515,Lymphoid-T
c_1_38_516,None
c_1_38_517,Lymphoid-Plasma
c_1_38_518,Endothelial
c_1_38_519,Endothelial
c_1_38_520,Lymphoid-Other
c_1_38_521,Lymphoid-Plasma
c_1_38_522,None
c_1_38_523,Lymphoid-Other
c_1_38_524,Lymphoid-T
c_1_38_525,Lymphoid-Other
c_1_38_526,Lymphoid-T
c_1_38_527,Lymphoid-Other
c_1_38_528,Epithelial
c_1_38_529,Lymphoid-T
c_1_38_530,Epithelial
c_1_38_531,Lymphoid-Plasma
c_1_38_532,Lymphoid-T
c_1_38_533,Lymphoid-Other
c_1_38_534,Lymphoid-Plasma
c_1_38_535,Epithelial
c_1_38_536,Lymphoid-Plasma
c_1_38_537,Lymphoid-B
c_1_38_538,Epithelial
c_1_38_539,Epithelial
c_1_38_540,Lymphoid-Other
c_1_38_541,Lymphoid-T
c_1_38_542,Mesenchymal-Stromal
c_1_38_543,Lymphoid-B
c_1_38_544,Epithelial
c_1_38_545,Lymphoid-Other
c_1_38_546,Lymphoid-T
c_1_38_547,Epithelial
c_1_38_548,Lymphoid-Other
c_1_38_549,Lymphoid-B
c_1_38_550,Lymphoid-B
c_1_38_551,Endothelial
c_1_38_552,Mesenchymal-Stromal
c_1_38_553,Lymphoid-Other
c_1_38_554,Lymphoid-B
c_1_38_555,Lymphoid-B
c_1_38_556,Lymphoid-Other
c_1_38_557,Lymphoid-Other
c_1_38_558,Lymphoid-B
c_1_38_559,Lymphoid-Other
c_1_38_560,Mesenchymal-Stromal
c_1_38_561,Lymphoid-Other
c_1_38_562,Lymphoid-Plasma
c_1_38_563,Epithelial
c_1_38_564,Lymphoid-Other
c_1_38_565,Mesenchymal-Stromal
c_1_38_566,Lymphoid-T
c_1_38_567,Lymphoid-T
c_1_38_568,Lymphoid-Other
c_1_38_569,Lymphoid-Plasma
c_1_38_570,Epithelial
c_1_38_571,Epithelial
c_1_38_572,Neuronal-Glial
c_1_38_573,Lymphoid-T
c_1_38_574,Lymphoid-Plasma
c_1_38_575,Epithelial
c_1_38_576,Lymphoid-T
c_1_38_577,Lymphoid-T
c_1_38_578,Lymphoid-Plasma
c_1_38_579,Lymphoid-DC
c_1_38_580,Lymphoid-Plasma
c_1_38_581,Epithelial
c_1_38_582,Lymphoid-T
c_1_38_583,Epithelial
c_1_38_584,Lymphoid-Other
c_1_38_585,Stem
c_1_38_586,None
c_1_38_587,Lymphoid-Plasma
c_1_38_588,Lymphoid-Plasma
c_1_38_589,Mesenchymal-Stromal
c_1_38_590,Mesenchymal-Stromal
c_1_38_591,Lymphoid-T
c_1_38_592,Lymphoid-Other
c_1_38_593,Lymphoid-DC
c_1_38_594,Lymphoid-Plasma
c_1_38_595,Endothelial
c_1_38_596,Lymphoid-Plasma
c_1_38_597,Lymphoid-B
c_1_38_598,Epithelial
c_1_38_599,Lymphoid-T
c_1_38_600,Lymphoid-Plasma
c_1_38_601,Lymphoid-Other
c_1_38_602,Lymphoid-Other
c_1_38_603,Epithelial
c_1_38_604,Endothelial
c_1_38_605,Lymphoid-Other
c_1_38_606,Endothelial
c_1_38_607,Stem
c_1_38_608,Epithelial
c_1_38_609,Epithelial
c_1_38_610,Mesenchymal-Stromal
c_1_38_611,Endothelial
c_1_38_612,Lymphoid-T
c_1_38_613,Lymphoid-Other
c_1_38_614,Lymphoid-Other
c_1_38_615,Lymphoid-Other
c_1_38_616,Epithelial
c_1_38_617,Epithelial
c_1_38_618,Epithelial
c_1_38_619,Lymphoid-T
c_1_38_620,Lymphoid-Other
c_1_38_621,Lymphoid-T
c_1_38_622,Epithelial
c_1_38_623,Epithelial
c_1_38_624,Stem
c_1_38_625,Lymphoid-Other
c_1_38_626,Lymphoid-T
c_1_38_627,Lymphoid-T
c_1_38_628,Lymphoid-Other
c_1_38_629,Lymphoid-DC
c_1_38_630,Epithelial
c_1_38_631,Endothelial
c_1_38_632,Neuronal-Glial
c_1_38_633,Lymphoid-DC
c_1_38_634,Lymphoid-T
c_1_38_635,Lymphoid-T
c_1_38_636,Mesenchymal-Stromal
c_1_38_637,Erythroid
c_1_38_638,Lymphoid-T
c_1_38_639,Mesenchymal-Stromal
c_1_38_640,Epithelial
c_1_38_641,None
c_1_38_642,Endothelial
c_1_38_643,Endothelial
c_1_38_644,Lymphoid-Other
c_1_38_645,Lymphoid-T
c_1_38_646,Lymphoid-B
c_1_38_647,Lymphoid-Other
c_1_38_648,Lymphoid-T
c_1_38_649,Lymphoid-B
c_1_38_650,Lymphoid-Other
c_1_38_651,Lymphoid-Other
c_1_38_652,Lymphoid-T
c_1_38_653,Endothelial
c_1_38_654,Lymphoid-Other
c_1_38_655,Lymphoid-B
c_1_38_656,Lymphoid-Other
c_1_38_657,Epithelial
c_1_38_658,Lymphoid-B
c_1_38_659,Lymphoid-T
c_1_38_660,None
c_1_38_661,Lymphoid-Other
c_1_38_662,Lymphoid-B
c_1_38_663,Lymphoid-T
c_1_38_664,Epithelial
c_1_38_665,Lymphoid-Other
c_1_38_666,Lymphoid-Other
c_1_38_667,Lymphoid-T
c_1_38_668,Epithelial
c_1_38_669,Epithelial
c_1_38_670,Myeloid
c_1_38_671,Lymphoid-Other
c_1_38_672,Lymphoid-T
c_1_38_673,Lymphoid-Other
c_1_38_674,Lymphoid-B
c_1_38_675,Lymphoid-B
c_1_38_676,Lymphoid-B
c_1_38_677,Lymphoid-B
c_1_38_678,Lymphoid-Plasma
c_1_38_679,Lymphoid-B
c_1_38_680,Lymphoid-T
c_1_38_681,Lymphoid-B
c_1_38_682,Lymphoid-T
c_1_38_683,None
c_1_38_684,Mesenchymal-Stromal
c_1_38_685,Lymphoid-B
c_1_38_686,Lymphoid-B
c_1_38_687,Lymphoid-B
c_1_38_688,Lymphoid-T
c_1_38_689,Lymphoid-T
c_1_38_690,Lymphoid-B
c_1_38_691,Lymphoid-T
c_1_38_692,Lymphoid-B
c_1_38_693,Myeloid
c_1_38_694,Lymphoid-Plasma
c_1_38_695,Lymphoid-B
c_1_38_696,Lymphoid-T
c_1_38_697,Lymphoid-Other
c_1_38_698,Lymphoid-Other
c_1_38_699,Lymphoid-B
c_1_38_700,Lymphoid-Plasma
c_1_38_701,Lymphoid-DC
c_1_38_702,Epithelial
c_1_38_703,Lymphoid-T
c_1_38_704,Epithelial
c_1_38_705,Lymphoid-DC
c_1_38_706,Lymphoid-B
c_1_38_707,Lymphoid-B
c_1_38_708,Lymphoid-B
c_1_38_709,Lymphoid-B
c_1_38_710,Lymphoid-B
c_1_38_711,Lymphoid-B
c_1_38_712,Lymphoid-B
c_1_38_713,Lymphoid-B
c_1_38_714,Lymphoid-B
c_1_38_715,Lymphoid-Other
c_1_38_716,Lymphoid-Plasma
c_1_38_717,Lymphoid-B
c_1_38_718,Lymphoid-T
c_1_38_719,Lymphoid-B
c_1_38_720,Lymphoid-B
c_1_38_721,Lymphoid-T
c_1_38_722,Lymphoid-B
c_1_38_723,Lymphoid-B
c_1_38_724,Lymphoid-Other
c_1_38_725,Lymphoid-B
c_1_38_726,Lymphoid-B
c_1_38_727,Lymphoid-B
c_1_38_728,Lymphoid-T
c_1_38_729,Lymphoid-T
c_1_38_730,None
c_1_38_731,Lymphoid-Plasma
c_1_38_732,Lymphoid-T
c_1_38_733,Lymphoid-B
c_1_38_734,Lymphoid-B
c_1_38_735,Lymphoid-B
c_1_38_736,Lymphoid-B
c_1_38_737,Lymphoid-T
c_1_38_738,Mesenchymal-Stromal
c_1_38_739,Lymphoid-T
c_1_38_740,Lymphoid-Other
c_1_38_741,Lymphoid-Other
c_1_38_742,Lymphoid-B
c_1_38_743,Lymphoid-T
c_1_38_744,Lymphoid-T
c_1_38_745,Lymphoid-B
c_1_38_746,Lymphoid-T
c_1_38_747,Lymphoid-B
c_1_38_748,Endothelial
c_1_38_749,Lymphoid-B
c_1_38_750,None
c_1_38_751,Lymphoid-T
c_1_38_752,Lymphoid-T
c_1_38_753,Lymphoid-Other
c_1_38_754,Lymphoid-B
c_1_38_755,Lymphoid-T
c_1_38_756,Lymphoid-T
c_1_38_757,Lymphoid-B
c_1_38_758,Erythroid
c_1_38_759,Lymphoid-B
c_1_38_760,Lymphoid-B
c_1_38_761,Lymphoid-T
c_1_38_762,Lymphoid-B
c_1_38_763,Mesenchymal-Stromal
c_1_38_764,Lymphoid-T
c_1_38_765,Lymphoid-B
c_1_38_766,Lymphoid-B
c_1_38_767,Lymphoid-B
c_1_38_768,Lymphoid-B
c_1_38_769,Lymphoid-B
c_1_38_770,Lymphoid-B
c_1_38_771,Lymphoid-B
c_1_38_772,Epithelial
c_1_38_773,Lymphoid-DC
c_1_38_774,None
c_1_38_775,Lymphoid-T
c_1_38_776,Lymphoid-B
c_1_38_777,Lymphoid-Other
c_1_38_778,Lymphoid-T
c_1_38_779,Lymphoid-T
c_1_38_780,Lymphoid-B
c_1_38_781,Lymphoid-T
c_1_38_782,Lymphoid-Other
c_1_38_783,Lymphoid-B
c_1_38_784,Lymphoid-Other
c_1_38_785,Lymphoid-B
c_1_38_786,Lymphoid-B
c_1_38_787,Lymphoid-B
c_1_38_788,Lymphoid-B
c_1_38_789,Lymphoid-B
c_1_38_790,Lymphoid-B
c_1_38_791,Epithelial
c_1_38_792,Mesenchymal-Stromal
c_1_38_793,Lymphoid-B
c_1_38_794,None
c_1_38_795,Lymphoid-T
c_1_38_796,Lymphoid-B
c_1_38_797,Lymphoid-T
c_1_38_798,Lymphoid-B
c_1_38_799,Lymphoid-B
c_1_38_800,Lymphoid-B
c_1_38_801,Lymphoid-B
c_1_38_802,Epithelial
c_1_38_803,Lymphoid-T
c_1_38_804,Lymphoid-T
c_1_38_805,Lymphoid-B
c_1_38_806,Lymphoid-B
c_1_38_807,Lymphoid-T
c_1_38_808,Lymphoid-B
c_1_38_809,Lymphoid-B
c_1_38_810,Lymphoid-B
c_1_38_811,Lymphoid-B
c_1_38_812,Lymphoid-T
c_1_38_813,Lymphoid-B
c_1_38_814,Lymphoid-B
c_1_38_815,Lymphoid-T
c_1_38_816,Lymphoid-B
c_1_38_817,Lymphoid-T
c_1_38_818,Epithelial
c_1_38_819,Lymphoid-B
c_1_38_820,Lymphoid-B
c_1_38_821,Lymphoid-B
c_1_38_822,Lymphoid-B
c_1_38_823,Lymphoid-Other
c_1_38_824,Lymphoid-B
c_1_38_825,Endothelial
c_1_38_826,Lymphoid-B
c_1_38_827,Lymphoid-B
c_1_38_828,Lymphoid-B
c_1_38_829,Lymphoid-B
c_1_38_830,Lymphoid-B
c_1_38_831,Lymphoid-T
c_1_38_832,Lymphoid-T
c_1_38_833,Lymphoid-B
c_1_38_834,Lymphoid-T
c_1_38_835,Lymphoid-Other
c_1_38_836,Lymphoid-B
c_1_38_837,Lymphoid-B
c_1_38_838,Lymphoid-B
c_1_38_839,Lymphoid-B
c_1_38_840,Lymphoid-Plasma
c_1_38_841,Lymphoid-T
c_1_38_842,Lymphoid-B
c_1_38_843,Lymphoid-T
c_1_38_844,Lymphoid-B
c_1_38_845,Lymphoid-B
c_1_38_846,Lymphoid-T
c_1_38_847,Lymphoid-Other
c_1_38_848,Lymphoid-B
c_1_38_849,Lymphoid-B
c_1_38_850,Lymphoid-Other
c_1_38_851,Lymphoid-B
c_1_38_852,Lymphoid-B
c_1_38_853,None
c_1_38_854,Lymphoid-T
c_1_38_855,Lymphoid-B
c_1_38_856,Lymphoid-T
c_1_38_857,Lymphoid-Other
c_1_38_858,Lymphoid-T
c_1_38_859,Lymphoid-B
c_1_38_860,None
c_1_38_861,Lymphoid-B
c_1_38_862,Epithelial
c_1_38_863,None
c_1_38_864,Lymphoid-T
c_1_38_865,Lymphoid-B
c_1_38_866,Lymphoid-B
c_1_38_867,Lymphoid-B
c_1_38_868,Lymphoid-B
c_1_38_869,Lymphoid-B
c_1_38_870,Lymphoid-B
c_1_38_871,Lymphoid-B
c_1_38_872,Lymphoid-B
c_1_38_873,Lymphoid-B
c_1_38_874,Lymphoid-B
c_1_38_875,Lymphoid-T
c_1_38_876,Lymphoid-T
c_1_38_877,Lymphoid-B
c_1_38_878,Epithelial
c_1_38_879,Lymphoid-B
c_1_38_880,Lymphoid-B
c_1_38_881,Lymphoid-B
c_1_38_882,Epithelial
c_1_38_883,Lymphoid-T
c_1_38_884,Lymphoid-B
c_1_38_885,Lymphoid-B
c_1_38_886,Lymphoid-Other
c_1_38_887,Lymphoid-T
c_1_38_888,Lymphoid-B
c_1_38_889,Lymphoid-B
c_1_38_890,Lymphoid-B
c_1_38_891,Lymphoid-B
c_1_38_892,Lymphoid-B
c_1_38_893,Lymphoid-B
c_1_38_894,Endothelial
c_1_38_895,Lymphoid-B
c_1_38_896,Epithelial
c_1_38_897,Lymphoid-T
c_1_38_898,Lymphoid-T
c_1_38_899,Lymphoid-B
c_1_38_900,Epithelial
c_1_38_901,Lymphoid-B
c_1_38_902,Lymphoid-B
c_1_38_903,Epithelial
c_1_38_904,Lymphoid-B
c_1_38_905,Lymphoid-B
c_1_38_906,Lymphoid-T
c_1_38_907,Lymphoid-B
c_1_38_908,Lymphoid-B
c_1_38_909,Lymphoid-B
c_1_38_910,Lymphoid-B
c_1_38_911,Lymphoid-B
c_1_38_912,Lymphoid-Other
c_1_38_913,Lymphoid-B
c_1_38_914,Lymphoid-Other
c_1_38_915,Endothelial
c_1_38_916,Lymphoid-T
c_1_38_917,Lymphoid-T
c_1_38_918,Lymphoid-B
c_1_38_919,Lymphoid-B
c_1_38_920,None
c_1_38_921,Lymphoid-T
c_1_38_922,Lymphoid-B
c_1_38_923,Mesenchymal-Stromal
c_1_38_924,Lymphoid-T
c_1_38_925,Lymphoid-T
c_1_38_926,Lymphoid-B
c_1_38_927,Lymphoid-B
c_1_38_928,Lymphoid-B
c_1_38_929,Epithelial
c_1_38_930,Lymphoid-B
c_1_38_931,Lymphoid-B
c_1_38_932,Epithelial
c_1_38_933,Lymphoid-T
c_1_38_934,Lymphoid-B
c_1_38_935,Lymphoid-B
c_1_38_936,Lymphoid-B
c_1_38_937,Lymphoid-T
c_1_38_938,Lymphoid-B
c_1_38_939,Lymphoid-B
c_1_38_940,None
c_1_38_941,Lymphoid-B
c_1_38_942,Lymphoid-B
c_1_38_943,Lymphoid-B
c_1_38_944,Lymphoid-B
c_1_38_945,Endothelial
c_1_38_946,Epithelial
c_1_38_947,Lymphoid-T
c_1_38_948,Lymphoid-Other
c_1_38_949,Lymphoid-B
c_1_38_950,Lymphoid-B
c_1_38_951,Lymphoid-B
c_1_38_952,Lymphoid-B
c_1_38_953,Lymphoid-B
c_1_38_954,Lymphoid-B
c_1_38_955,Lymphoid-B
c_1_38_956,Lymphoid-T
c_1_38_957,Lymphoid-B
c_1_38_958,Lymphoid-B
c_1_38_959,Lymphoid-Plasma
c_1_38_960,Lymphoid-B
c_1_38_961,Lymphoid-B
c_1_38_962,Lymphoid-T
c_1_38_963,Lymphoid-B
c_1_38_964,Endothelial
c_1_38_965,Lymphoid-B
c_1_38_966,Lymphoid-B
c_1_38_967,Lymphoid-B
c_1_38_968,Lymphoid-Other
c_1_38_969,Lymphoid-B
c_1_38_970,Lymphoid-Other
c_1_38_971,Lymphoid-DC
c_1_38_972,Lymphoid-Plasma
c_1_38_973,Lymphoid-B
c_1_38_974,Lymphoid-T
c_1_38_975,Lymphoid-B
c_1_38_976,Lymphoid-B
c_1_38_977,Lymphoid-B
c_1_38_978,None
c_1_38_979,Lymphoid-T
c_1_38_980,Lymphoid-B
c_1_38_981,Lymphoid-B
c_1_38_982,Lymphoid-DC
c_1_38_983,Lymphoid-Other
c_1_38_984,Epithelial
c_1_38_985,Endothelial
c_1_38_986,Lymphoid-B
c_1_38_987,Lymphoid-T
c_1_38_988,Lymphoid-B
c_1_38_989,None
c_1_38_990,Lymphoid-T
c_1_38_991,Lymphoid-B
c_1_38_992,Lymphoid-B
c_1_38_993,Lymphoid-B
c_1_38_994,Lymphoid-T
c_1_38_995,Lymphoid-T
c_1_38_996,Lymphoid-B
c_1_38_997,Lymphoid-B
c_1_38_998,Epithelial
c_1_38_999,Lymphoid-Plasma
c_1_38_1000,Lymphoid-B
c_1_38_1001,Epithelial
c_1_38_1002,Lymphoid-T
c_1_38_1003,Lymphoid-T
c_1_38_1004,Lymphoid-B
c_1_38_1005,Lymphoid-T
c_1_38_1006,Lymphoid-T
c_1_38_1007,Lymphoid-B
c_1_38_1008,Lymphoid-B
c_1_38_1009,Lymphoid-T
c_1_38_1010,Lymphoid-B
c_1_38_1011,Lymphoid-B
c_1_38_1012,Lymphoid-T
c_1_38_1013,Lymphoid-B
c_1_38_1014,Lymphoid-B
c_1_38_1015,Lymphoid-B
c_1_38_1016,Lymphoid-T
c_1_38_1017,Lymphoid-B
c_1_38_1018,Lymphoid-T
c_1_38_1019,Lymphoid-B
c_1_38_1020,Lymphoid-B
c_1_38_1021,Lymphoid-T
c_1_38_1022,Lymphoid-T
c_1_38_1023,Lymphoid-B
c_1_38_1024,Lymphoid-B
c_1_38_1025,Lymphoid-Other
c_1_38_1026,Lymphoid-B
c_1_38_1027,Lymphoid-B
c_1_38_1028,Epithelial
c_1_38_1029,Lymphoid-Other
c_1_38_1030,Lymphoid-T
c_1_38_1031,Lymphoid-B
c_1_38_1032,Lymphoid-B
c_1_38_1033,Endothelial
c_1_38_1034,Lymphoid-Other
c_1_38_1035,Lymphoid-B
c_1_38_1036,Lymphoid-T
c_1_38_1037,Lymphoid-B
c_1_38_1038,Lymphoid-Other
c_1_38_1039,Lymphoid-B
c_1_38_1040,Lymphoid-B
c_1_38_1041,Epithelial
c_1_38_1042,Lymphoid-Other
c_1_38_1043,Lymphoid-B
c_1_38_1044,Lymphoid-B
c_1_38_1045,Lymphoid-B
c_1_38_1046,Lymphoid-B
c_1_38_1047,Lymphoid-T
c_1_38_1048,Lymphoid-T
c_1_38_1049,Lymphoid-T
c_1_38_1050,Lymphoid-B
c_1_38_1051,Lymphoid-B
c_1_38_1052,Lymphoid-B
c_1_38_1053,Lymphoid-B
c_1_38_1054,Lymphoid-B
c_1_38_1055,Lymphoid-B
c_1_38_1056,Lymphoid-B
c_1_38_1057,Lymphoid-T
c_1_38_1058,Lymphoid-B
c_1_38_1059,Lymphoid-B
c_1_38_1060,Lymphoid-Plasma
c_1_38_1061,Lymphoid-B
c_1_38_1062,Lymphoid-B
c_1_38_1063,Lymphoid-T
c_1_38_1064,Lymphoid-B
c_1_38_1065,Lymphoid-DC
c_1_38_1066,Lymphoid-Other
c_1_38_1067,Lymphoid-Other
c_1_38_1068,Lymphoid-B
c_1_38_1069,Lymphoid-B
c_1_38_1070,Lymphoid-B
c_1_38_1071,Epithelial
c_1_38_1072,Lymphoid-B
c_1_38_1073,Lymphoid-Other
c_1_38_1074,Lymphoid-B
c_1_38_1075,Lymphoid-B
c_1_38_1076,None
c_1_38_1077,Lymphoid-B
c_1_38_1078,Lymphoid-B
c_1_38_1079,Lymphoid-B
c_1_38_1080,Lymphoid-B
c_1_38_1081,Lymphoid-B
c_1_38_1082,Lymphoid-B
c_1_38_1083,Lymphoid-T
c_1_38_1084,Lymphoid-B
c_1_38_1085,Lymphoid-B
c_1_38_1086,Lymphoid-T
c_1_38_1087,Lymphoid-B
c_1_38_1088,Lymphoid-B
c_1_38_1089,Lymphoid-Other
c_1_38_1090,Lymphoid-B
c_1_38_1091,Lymphoid-B
c_1_38_1092,Lymphoid-B
c_1_38_1093,Lymphoid-DC
c_1_38_1094,Lymphoid-Other
c_1_38_1095,Lymphoid-T
c_1_38_1096,Lymphoid-B
c_1_38_1097,Lymphoid-B
c_1_38_1098,Lymphoid-T
c_1_38_1099,Lymphoid-DC
c_1_38_1100,Lymphoid-B
c_1_38_1101,Lymphoid-Other
c_1_38_1102,Lymphoid-DC
c_1_38_1103,Lymphoid-B
c_1_38_1104,Lymphoid-Other
c_1_38_1105,Lymphoid-Other
c_1_38_1106,Lymphoid-Other
c_1_38_1107,Lymphoid-B
c_1_38_1108,Lymphoid-B
c_1_38_1109,Lymphoid-B
c_1_38_1110,Epithelial
c_1_38_1111,None
c_1_38_1112,Lymphoid-B
c_1_38_1113,Lymphoid-B
c_1_38_1114,Lymphoid-B
c_1_38_1115,Lymphoid-B
c_1_38_1116,Lymphoid-T
c_1_38_1117,Lymphoid-T
c_1_38_1118,Lymphoid-B
c_1_38_1119,Lymphoid-B
c_1_38_1120,Lymphoid-B
c_1_38_1121,Lymphoid-B
c_1_38_1122,Lymphoid-B
c_1_38_1123,Lymphoid-B
c_1_38_1124,Lymphoid-T
c_1_38_1125,Lymphoid-Plasma
c_1_38_1126,Lymphoid-B
c_1_38_1127,Lymphoid-B
c_1_38_1128,Lymphoid-Other
c_1_38_1129,Endothelial
c_1_38_1130,Lymphoid-B
c_1_38_1131,Lymphoid-B
c_1_38_1132,Neuronal-Glial
c_1_38_1133,Lymphoid-B
c_1_38_1134,Lymphoid-Other
c_1_38_1135,Lymphoid-DC
c_1_38_1136,Lymphoid-B
c_1_38_1137,Lymphoid-B
c_1_38_1138,Lymphoid-T
c_1_38_1139,Lymphoid-B
c_1_38_1140,Lymphoid-B
c_1_38_1141,Lymphoid-B
c_1_38_1142,Lymphoid-B
c_1_38_1143,Lymphoid-B
c_1_38_1144,Lymphoid-B
c_1_38_1145,Lymphoid-B
c_1_38_1146,Lymphoid-DC
c_1_38_1147,Lymphoid-T
c_1_38_1148,Lymphoid-B
c_1_38_1149,Lymphoid-B
c_1_38_1150,Lymphoid-B
c_1_38_1151,Lymphoid-T
c_1_38_1152,None
c_1_38_1153,Lymphoid-DC
c_1_38_1154,Lymphoid-B
c_1_38_1155,Lymphoid-B
c_1_38_1156,Epithelial
c_1_38_1157,Lymphoid-B
c_1_38_1158,Lymphoid-DC
c_1_38_1159,Lymphoid-T
c_1_38_1160,Lymphoid-T
c_1_38_1161,Lymphoid-B
c_1_38_1162,Lymphoid-T
c_1_38_1163,Lymphoid-B
c_1_38_1164,None
c_1_38_1165,Lymphoid-Other
c_1_38_1166,Lymphoid-B
c_1_38_1167,Lymphoid-B
c_1_38_1168,Lymphoid-B
c_1_38_1169,Lymphoid-B
c_1_38_1170,Lymphoid-B
c_1_38_1171,Lymphoid-B
c_1_38_1172,Lymphoid-B
c_1_38_1173,Lymphoid-B
c_1_38_1174,Lymphoid-B
c_1_38_1175,Lymphoid-B
c_1_38_1176,Lymphoid-DC
c_1_38_1177,Lymphoid-B
c_1_38_1178,Lymphoid-B
c_1_38_1179,Lymphoid-Other
c_1_38_1180,Lymphoid-B
c_1_38_1181,Lymphoid-B
c_1_38_1182,Lymphoid-B
c_1_38_1183,Lymphoid-B
c_1_38_1184,Lymphoid-B
c_1_38_1185,Epithelial
c_1_38_1186,Lymphoid-B
c_1_38_1187,Lymphoid-B
c_1_38_1188,Lymphoid-B
c_1_38_1189,None
c_1_38_1190,Lymphoid-B
c_1_38_1191,Lymphoid-Other
c_1_38_1192,Lymphoid-B
c_1_38_1193,None
c_1_38_1194,Lymphoid-DC
c_1_38_1195,None
c_1_38_1196,Lymphoid-B
c_1_38_1197,Lymphoid-DC
c_1_38_1198,Lymphoid-B
c_1_38_1199,None
c_1_38_1200,Epithelial
c_1_38_1201,Lymphoid-T
c_1_38_1202,Lymphoid-B
c_1_38_1203,Lymphoid-B
c_1_38_1204,Lymphoid-B
c_1_38_1205,Lymphoid-T
c_1_38_1206,Lymphoid-B
c_1_38_1207,Lymphoid-B
c_1_38_1208,Lymphoid-Other
c_1_38_1209,Epithelial
c_1_38_1210,Lymphoid-B
c_1_38_1211,Lymphoid-B
c_1_38_1212,Lymphoid-B
c_1_38_1213,Lymphoid-B
c_1_38_1214,Lymphoid-B
c_1_38_1215,Lymphoid-B
c_1_38_1216,Lymphoid-T
c_1_38_1217,Lymphoid-B
c_1_38_1218,Lymphoid-B
c_1_38_1219,Lymphoid-B
c_1_38_1220,Lymphoid-T
c_1_38_1221,Lymphoid-B
c_1_38_1222,Lymphoid-DC
c_1_38_1223,Lymphoid-B
c_1_38_1224,Lymphoid-B
c_1_38_1225,Lymphoid-B
c_1_38_1226,Lymphoid-T
c_1_38_1227,Lymphoid-B
c_1_38_1228,Lymphoid-B
c_1_38_1229,Lymphoid-B
c_1_38_1230,Lymphoid-B
c_1_38_1231,Lymphoid-B
c_1_38_1232,Lymphoid-B
c_1_38_1233,Lymphoid-T
c_1_38_1234,Lymphoid-T
c_1_38_1235,Lymphoid-T
c_1_38_1236,Lymphoid-B
c_1_38_1237,Lymphoid-B
c_1_38_1238,Lymphoid-B
c_1_38_1239,Lymphoid-Plasma
c_1_38_1240,Lymphoid-DC
c_1_38_1241,Epithelial
c_1_38_1242,Endothelial
c_1_38_1243,Lymphoid-B
c_1_38_1244,Lymphoid-B
c_1_38_1245,Lymphoid-B
c_1_38_1246,Lymphoid-B
c_1_38_1247,Lymphoid-B
c_1_38_1248,Lymphoid-T
c_1_38_1249,Lymphoid-DC
c_1_38_1250,None
c_1_38_1251,Lymphoid-Other
c_1_38_1252,Lymphoid-B
c_1_38_1253,Lymphoid-B
c_1_38_1254,Lymphoid-B
c_1_38_1255,Lymphoid-Other
c_1_38_1256,Lymphoid-B
c_1_38_1257,Lymphoid-B
c_1_38_1258,Lymphoid-T
c_1_38_1259,Lymphoid-B
c_1_38_1260,Lymphoid-Other
c_1_38_1261,Lymphoid-B
c_1_38_1262,Lymphoid-T
c_1_38_1263,Lymphoid-Other
c_1_38_1264,Lymphoid-B
c_1_38_1265,Lymphoid-Other
c_1_38_1266,Lymphoid-B
c_1_38_1267,Lymphoid-B
c_1_38_1268,Lymphoid-B
c_1_38_1269,Lymphoid-Other
c_1_38_1270,Lymphoid-T
c_1_38_1271,Myeloid
c_1_38_1272,Lymphoid-T
c_1_38_1273,Lymphoid-B
c_1_38_1274,Lymphoid-B
c_1_38_1275,Epithelial
c_1_38_1276,Endothelial
c_1_38_1277,Lymphoid-Other
c_1_38_1278,Lymphoid-B
c_1_38_1279,Lymphoid-B
c_1_38_1280,Lymphoid-B
c_1_38_1281,Lymphoid-B
c_1_38_1282,Lymphoid-B
c_1_38_1283,Lymphoid-B
c_1_38_1284,Lymphoid-T
c_1_38_1285,Lymphoid-Other
c_1_38_1286,Lymphoid-T
c_1_38_1287,Lymphoid-B
c_1_38_1288,Endothelial
c_1_38_1289,Lymphoid-B
c_1_38_1290,Lymphoid-B
c_1_38_1291,Lymphoid-B
c_1_38_1292,Lymphoid-B
c_1_38_1293,Lymphoid-B
c_1_38_1294,Lymphoid-B
c_1_38_1295,Endothelial
c_1_38_1296,Lymphoid-T
c_1_38_1297,Lymphoid-B
c_1_38_1298,None
c_1_38_1299,None
c_1_38_1300,Lymphoid-B
c_1_38_1301,Lymphoid-B
c_1_38_1302,Lymphoid-Other
c_1_38_1303,Lymphoid-Other
c_1_38_1304,Lymphoid-B
c_1_38_1305,Lymphoid-B
c_1_38_1306,Lymphoid-B
c_1_38_1307,Lymphoid-T
c_1_38_1308,Lymphoid-T
c_1_38_1309,Lymphoid-B
c_1_38_1310,Lymphoid-B
c_1_38_1311,Lymphoid-T
c_1_38_1312,Lymphoid-T
c_1_38_1313,Lymphoid-B
c_1_38_1314,Lymphoid-B
c_1_38_1315,None
c_1_38_1316,Lymphoid-T
c_1_38_1317,Lymphoid-B
c_1_38_1318,Lymphoid-B
c_1_38_1319,None
c_1_38_1320,Lymphoid-B
c_1_38_1321,Lymphoid-B
c_1_38_1322,Lymphoid-B
c_1_38_1323,Lymphoid-T
c_1_38_1324,Endothelial
c_1_38_1325,Lymphoid-Other
c_1_38_1326,Lymphoid-B
c_1_38_1327,Lymphoid-B
c_1_38_1328,Lymphoid-B
c_1_38_1329,Lymphoid-B
c_1_38_1330,Lymphoid-B
c_1_38_1331,Lymphoid-B
c_1_38_1332,Lymphoid-B
c_1_38_1333,Endothelial
c_1_38_1334,Lymphoid-B
c_1_38_1335,Lymphoid-B
c_1_38_1336,Lymphoid-B
c_1_38_1337,Lymphoid-B
c_1_38_1338,Lymphoid-B
c_1_38_1339,Lymphoid-T
c_1_38_1340,Lymphoid-B
c_1_38_1341,None
c_1_38_1342,Lymphoid-T
c_1_38_1343,Lymphoid-Other
c_1_38_1344,Lymphoid-Other
c_1_38_1345,Lymphoid-Other
c_1_38_1346,Epithelial
c_1_38_1347,Lymphoid-B
c_1_38_1348,Lymphoid-DC
c_1_38_1349,Lymphoid-B
c_1_38_1350,Lymphoid-B
c_1_38_1351,Lymphoid-B
c_1_38_1352,Lymphoid-B
c_1_38_1353,Lymphoid-B
c_1_38_1354,Lymphoid-T
c_1_38_1355,Lymphoid-B
c_1_38_1356,Lymphoid-B
c_1_38_1357,Lymphoid-B
c_1_38_1358,Lymphoid-T
c_1_38_1359,Lymphoid-B
c_1_38_1360,Lymphoid-B
c_1_38_1361,Lymphoid-B
c_1_38_1362,Lymphoid-T
c_1_38_1363,Lymphoid-T
c_1_38_1364,Lymphoid-T
c_1_38_1365,Lymphoid-B
c_1_38_1366,Lymphoid-T
c_1_38_1367,Lymphoid-T
c_1_38_1368,None
c_1_38_1369,Lymphoid-Other
c_1_38_1370,None
c_1_38_1371,Lymphoid-T
c_1_38_1372,Lymphoid-T
c_1_38_1373,Lymphoid-T
c_1_38_1374,Lymphoid-B
c_1_38_1375,Lymphoid-B
c_1_38_1376,Lymphoid-T
c_1_38_1377,Lymphoid-B
c_1_38_1378,Lymphoid-T
c_1_38_1379,Lymphoid-B
c_1_38_1380,Lymphoid-B
c_1_38_1381,Lymphoid-B
c_1_38_1382,Lymphoid-T
c_1_38_1383,Lymphoid-T
c_1_38_1384,Lymphoid-Other
c_1_38_1385,Epithelial
c_1_38_1386,None
c_1_38_1387,Lymphoid-B
c_1_38_1388,Lymphoid-T
c_1_38_1389,Lymphoid-T
c_1_38_1390,Lymphoid-T
c_1_38_1391,Lymphoid-B
c_1_38_1392,Lymphoid-T
c_1_38_1393,None
c_1_38_1394,Lymphoid-Other
c_1_38_1395,Lymphoid-T
c_1_38_1396,Lymphoid-B
c_1_38_1397,Lymphoid-B
c_1_38_1398,Lymphoid-Other
c_1_38_1399,Lymphoid-B
c_1_38_1400,Endothelial
c_1_38_1401,Lymphoid-Other
c_1_38_1402,Lymphoid-T
c_1_38_1403,Lymphoid-B
c_1_38_1404,Lymphoid-B
c_1_38_1405,Lymphoid-Other
c_1_38_1406,Lymphoid-B
c_1_38_1407,Lymphoid-B
c_1_38_1408,Lymphoid-B
c_1_38_1409,Lymphoid-T
c_1_38_1410,Lymphoid-B
c_1_38_1411,Lymphoid-B
c_1_38_1412,Lymphoid-B
c_1_38_1413,Lymphoid-Other
c_1_38_1414,Lymphoid-Other
c_1_38_1415,Lymphoid-T
c_1_38_1416,Lymphoid-T
c_1_38_1417,Lymphoid-B
c_1_38_1418,Lymphoid-T
c_1_38_1419,Endothelial
c_1_38_1420,Lymphoid-B
c_1_38_1421,Lymphoid-B
c_1_38_1422,Lymphoid-B
c_1_38_1423,Lymphoid-Other
c_1_38_1424,Lymphoid-T
c_1_38_1425,Lymphoid-B
c_1_38_1426,Lymphoid-B
c_1_38_1427,Lymphoid-T
c_1_38_1428,Lymphoid-B
c_1_38_1429,Lymphoid-B
c_1_38_1430,Lymphoid-B
c_1_38_1431,Lymphoid-B
c_1_38_1432,Endothelial
c_1_38_1433,Lymphoid-B
c_1_38_1434,Lymphoid-B
c_1_38_1435,Lymphoid-B
c_1_38_1436,Lymphoid-T
c_1_38_1437,Lymphoid-B
c_1_38_1438,Lymphoid-T
c_1_38_1439,Lymphoid-Other
c_1_38_1440,Lymphoid-DC
c_1_38_1441,Lymphoid-B
c_1_38_1442,Lymphoid-B
c_1_38_1443,Lymphoid-B
c_1_38_1444,None
c_1_38_1445,Lymphoid-T
c_1_38_1446,Endothelial
c_1_38_1447,Lymphoid-Other
c_1_38_1448,Lymphoid-Other
c_1_38_1449,Lymphoid-Plasma
c_1_38_1450,Lymphoid-DC
c_1_38_1451,Endothelial
c_1_38_1452,Lymphoid-Other
c_1_38_1453,Lymphoid-B
c_1_38_1454,Lymphoid-T
c_1_38_1455,Lymphoid-B
c_1_38_1456,Lymphoid-B
c_1_38_1457,Lymphoid-B
c_1_38_1458,Lymphoid-B
c_1_38_1459,Lymphoid-T
c_1_38_1460,Lymphoid-T
c_1_38_1461,Lymphoid-B
c_1_38_1462,Lymphoid-T
c_1_38_1463,Lymphoid-T
c_1_38_1464,Lymphoid-B
c_1_38_1465,Lymphoid-B
c_1_38_1466,Lymphoid-B
c_1_38_1467,Lymphoid-Other
c_1_38_1468,Myeloid
c_1_38_1469,Lymphoid-B
c_1_38_1470,Lymphoid-B
c_1_38_1471,Lymphoid-B
c_1_38_1472,Lymphoid-Other
c_1_38_1473,Lymphoid-B
c_1_38_1474,Lymphoid-B
c_1_38_1475,Lymphoid-B
c_1_38_1476,Lymphoid-B
c_1_38_1477,Lymphoid-Other
c_1_38_1478,Lymphoid-T
c_1_38_1479,Lymphoid-B
c_1_38_1480,Lymphoid-B
c_1_38_1481,Lymphoid-DC
c_1_38_1482,Lymphoid-B
c_1_38_1483,Lymphoid-B
c_1_38_1484,Lymphoid-Other
c_1_38_1485,Lymphoid-B
c_1_38_1486,Endothelial
c_1_38_1487,Lymphoid-B
c_1_38_1488,Lymphoid-B
c_1_38_1489,Lymphoid-T
c_1_38_1490,Lymphoid-T
c_1_38_1491,Lymphoid-B
c_1_38_1492,Lymphoid-Plasma
c_1_38_1493,Epithelial
c_1_38_1494,Lymphoid-B
c_1_38_1495,Lymphoid-B
c_1_38_1496,Lymphoid-T
c_1_38_1497,None
c_1_38_1498,Lymphoid-B
c_1_38_1499,Lymphoid-B
c_1_38_1500,Lymphoid-Other
c_1_38_1501,Lymphoid-B
c_1_38_1502,Myeloid
c_1_38_1503,Endothelial
c_1_38_1504,Lymphoid-Other
c_1_38_1505,Lymphoid-Other
c_1_38_1506,Lymphoid-Other
c_1_38_1507,Lymphoid-Other
c_1_38_1508,Lymphoid-Other
c_1_38_1509,Lymphoid-Other
c_1_38_1510,Lymphoid-Other
c_1_38_1511,Endothelial
c_1_38_1512,None
c_1_38_1513,Lymphoid-B
c_1_38_1514,Lymphoid-DC
c_1_38_1515,Lymphoid-Other
c_1_38_1516,Lymphoid-DC
c_1_38_1517,Lymphoid-T
c_1_38_1518,Lymphoid-Other
c_1_38_1519,Lymphoid-T
c_1_38_1520,Lymphoid-B
c_1_38_1521,Lymphoid-B
c_1_38_1522,Lymphoid-B
c_1_38_1523,Lymphoid-T
c_1_38_1524,Lymphoid-B
c_1_38_1525,Lymphoid-T
c_1_38_1526,Lymphoid-B
c_1_38_1527,None
c_1_38_1528,Lymphoid-DC
c_1_38_1529,Lymphoid-B
c_1_38_1530,Lymphoid-Plasma
c_1_38_1531,Mesenchymal-Stromal
c_1_38_1532,Lymphoid-Plasma
c_1_38_1533,Lymphoid-B
c_1_38_1534,Lymphoid-B
c_1_38_1535,None
c_1_38_1536,None
c_1_38_1537,Myeloid
c_1_38_1538,None
c_1_38_1539,Lymphoid-B
c_1_38_1540,Lymphoid-T
c_1_38_1541,Endothelial
c_1_38_1542,Lymphoid-B
c_1_38_1543,Mesenchymal-Stromal
c_1_38_1544,Lymphoid-B
c_1_38_1545,Lymphoid-Other
c_1_38_1546,Lymphoid-T
c_1_38_1547,Lymphoid-Other
c_1_38_1548,Lymphoid-DC
c_1_38_1549,Lymphoid-Other
c_1_38_1550,Lymphoid-T
c_1_38_1551,Lymphoid-T
c_1_38_1552,Lymphoid-DC
c_1_38_1553,Lymphoid-T
c_1_38_1554,Lymphoid-B
c_1_38_1555,Lymphoid-Other
c_1_38_1556,Lymphoid-T
c_1_38_1557,Lymphoid-Plasma
c_1_38_1558,Lymphoid-T
c_1_38_1559,Lymphoid-B
c_1_38_1560,Lymphoid-Other
c_1_38_1561,Lymphoid-B
c_1_38_1562,Lymphoid-T
c_1_38_1563,Lymphoid-Other
c_1_38_1564,Lymphoid-B
c_1_38_1565,Lymphoid-Other
c_1_38_1566,Lymphoid-Other
c_1_38_1567,Lymphoid-T
c_1_38_1568,Lymphoid-Other
c_1_38_1569,None
c_1_38_1570,Neuronal-Glial
c_1_38_1571,Lymphoid-B
c_1_38_1572,Lymphoid-DC
c_1_38_1573,Lymphoid-B
c_1_38_1574,Lymphoid-B
c_1_38_1575,Endothelial
c_1_38_1576,Lymphoid-B
c_1_38_1577,Lymphoid-B
c_1_38_1578,Lymphoid-B
c_1_38_1579,Lymphoid-Plasma
c_1_38_1580,None
c_1_38_1581,Lymphoid-Other
c_1_38_1582,None
c_1_38_1583,Lymphoid-B
c_1_38_1584,Lymphoid-B
c_1_38_1585,Lymphoid-T
c_1_38_1586,None
c_1_38_1587,Lymphoid-Other
c_1_38_1588,Lymphoid-Other
c_1_38_1589,Lymphoid-B
c_1_38_1590,Lymphoid-B
c_1_38_1591,Endothelial
c_1_38_1592,Lymphoid-T
c_1_38_1593,Lymphoid-Plasma
c_1_38_1594,Lymphoid-Other
c_1_38_1595,Lymphoid-Other
c_1_38_1596,Mesenchymal-Stromal
c_1_38_1597,Lymphoid-Other
c_1_38_1598,None
c_1_38_1599,Mesenchymal-Stromal
c_1_38_1600,Lymphoid-T
c_1_38_1601,Lymphoid-B
c_1_38_1602,Mesenchymal-Stromal
c_1_38_1603,Myeloid
c_1_38_1604,Lymphoid-Other
c_1_38_1605,Lymphoid-T
c_1_38_1606,Lymphoid-Plasma
c_1_38_1607,Lymphoid-T
c_1_38_1608,Lymphoid-DC
c_1_38_1609,Lymphoid-Plasma
c_1_38_1610,Lymphoid-Other
c_1_38_1611,Lymphoid-DC
c_1_38_1612,Endothelial
c_1_38_1613,Endothelial
c_1_38_1614,Mesenchymal-Stromal
c_1_38_1615,Endothelial
c_1_38_1616,Epithelial
c_1_38_1617,Endothelial
c_1_38_1618,Lymphoid-B
c_1_38_1619,Mesenchymal-Stromal
c_1_38_1620,Lymphoid-Plasma
c_1_38_1621,Mesenchymal-Stromal
c_1_38_1622,Lymphoid-B
c_1_38_1623,Lymphoid-T
c_1_38_1624,Endothelial
c_1_38_1625,Lymphoid-T
c_1_38_1626,Lymphoid-Plasma
c_1_38_1627,Lymphoid-T
c_1_38_1628,Endothelial
c_1_38_1629,Endothelial
c_1_38_1630,Lymphoid-B
c_1_38_1631,Lymphoid-B
c_1_38_1632,Epithelial
c_1_38_1633,Endothelial
c_1_38_1634,Epithelial
c_1_38_1635,Lymphoid-B
c_1_38_1636,Lymphoid-B
c_1_38_1637,Lymphoid-B
c_1_38_1638,Lymphoid-B
c_1_38_1639,Lymphoid-T
c_1_38_1640,Lymphoid-Other
c_1_38_1641,Lymphoid-T
c_1_38_1642,Mesenchymal-Stromal
c_1_38_1643,Epithelial
c_1_38_1644,Lymphoid-Plasma
c_1_38_1645,Lymphoid-Other
c_1_38_1646,Epithelial
c_1_38_1647,Endothelial
c_1_38_1648,Lymphoid-B
c_1_38_1649,Epithelial
c_1_38_1650,Mesenchymal-Stromal
c_1_38_1651,Lymphoid-T
c_1_38_1652,Myeloid
c_1_38_1653,Lymphoid-B
c_1_38_1654,Epithelial
c_1_38_1655,Endothelial
c_1_38_1656,None
c_1_38_1657,Lymphoid-DC
c_1_38_1658,Lymphoid-T
c_1_38_1659,Lymphoid-T
c_1_38_1660,Endothelial
c_1_38_1661,Endothelial
c_1_38_1662,Lymphoid-Other
c_1_38_1663,Epithelial
c_1_38_1664,Lymphoid-Plasma
c_1_38_1665,Endothelial
c_1_38_1666,Mesenchymal-Stromal
c_1_38_1667,Lymphoid-Other
c_1_38_1668,Epithelial
c_1_38_1669,Stem
c_1_38_1670,Lymphoid-Other
c_1_38_1671,Lymphoid-Plasma
c_1_38_1672,Lymphoid-Plasma
c_1_38_1673,Lymphoid-Plasma
c_1_38_1674,Lymphoid-Plasma
c_1_38_1675,Endothelial
c_1_38_1676,Lymphoid-B
c_1_38_1677,Endothelial
c_1_38_1678,Endothelial
c_1_38_1679,Endothelial
c_1_38_1680,Endothelial
c_1_38_1681,Lymphoid-Plasma
c_1_38_1682,Epithelial
c_1_38_1683,Mesenchymal-Stromal
c_1_38_1684,Lymphoid-B
c_1_38_1685,Epithelial
c_1_38_1686,Epithelial
c_1_38_1687,Endothelial
c_1_38_1688,Lymphoid-T
c_1_38_1689,Epithelial
c_1_38_1690,Lymphoid-B
c_1_38_1691,Lymphoid-T
c_1_38_1692,Lymphoid-T
c_1_38_1693,Lymphoid-B
c_1_38_1694,Lymphoid-Other
c_1_38_1695,Mesenchymal-Stromal
c_1_38_1696,Lymphoid-Plasma
c_1_38_1697,Epithelial
c_1_38_1698,Endothelial
c_1_38_1699,Lymphoid-T
c_1_38_1700,Endothelial
c_1_38_1701,Lymphoid-Plasma
c_1_38_1702,Neuronal-Glial
c_1_38_1703,Endothelial
c_1_38_1704,Lymphoid-B
c_1_38_1705,Mesenchymal-Stromal
c_1_38_1706,Lymphoid-Plasma
c_1_38_1707,Lymphoid-Plasma
c_1_38_1708,Lymphoid-T
c_1_38_1709,Lymphoid-B
c_1_38_1710,Endothelial
c_1_38_1711,Neuronal-Glial
c_1_38_1712,Lymphoid-T
c_1_38_1713,Lymphoid-Other
c_1_38_1714,Lymphoid-B
c_1_38_1715,Epithelial
c_1_38_1716,Endothelial
c_1_38_1717,Endothelial
c_1_38_1718,Lymphoid-Other
c_1_38_1719,Lymphoid-T
c_1_38_1720,Lymphoid-Other
c_1_38_1721,Endothelial
c_1_38_1722,Epithelial
c_1_38_1723,Epithelial
c_1_38_1724,Endothelial
c_1_38_1725,Mesenchymal-Stromal
c_1_38_1726,Endothelial
c_1_38_1727,Myeloid
c_1_38_1728,Endothelial
c_1_38_1729,Endothelial
c_1_38_1730,Lymphoid-T
c_1_38_1731,Lymphoid-T
c_1_38_1732,Lymphoid-DC
c_1_38_1733,Mesenchymal-Stromal
c_1_38_1734,Lymphoid-Plasma
c_1_38_1735,Lymphoid-T
c_1_38_1736,Lymphoid-Plasma
c_1_38_1737,Stem
c_1_38_1738,Myeloid
c_1_38_1739,Lymphoid-DC
c_1_38_1740,Stem
c_1_38_1741,Stem
c_1_38_1742,Lymphoid-Other
c_1_38_1743,Endothelial
c_1_38_1744,Lymphoid-T
c_1_38_1745,Stem
c_1_38_1746,Lymphoid-B
c_1_38_1747,Stem
c_1_38_1748,Erythroid
c_1_38_1749,Mesenchymal-Stromal
c_1_38_1750,Lymphoid-B
c_1_38_1751,Lymphoid-Plasma
c_1_38_1752,Lymphoid-DC
c_1_38_1753,Epithelial
c_1_38_1754,Mesenchymal-Stromal
c_1_38_1755,Mesenchymal-Stromal
c_1_38_1756,Lymphoid-Plasma
c_1_38_1757,Lymphoid-T
c_1_38_1758,Lymphoid-T
c_1_38_1759,Endothelial
c_1_38_1760,Endothelial
c_1_38_1761,Lymphoid-T
c_1_38_1762,Epithelial
c_1_38_1763,Endothelial
c_1_38_1764,Epithelial
c_1_38_1765,Lymphoid-Other
c_1_38_1766,Lymphoid-Plasma
c_1_38_1767,Lymphoid-Other
c_1_38_1768,Lymphoid-Other
c_1_38_1769,Epithelial
c_1_38_1770,Mesenchymal-Stromal
c_1_38_1771,Epithelial
c_1_38_1772,Lymphoid-Other
c_1_38_1773,Stem
c_1_38_1774,Endothelial
c_1_38_1775,Lymphoid-Plasma
c_1_38_1776,Lymphoid-Other
c_1_38_1777,Mesenchymal-Stromal
c_1_38_1778,Myeloid
c_1_38_1779,Lymphoid-B
c_1_38_1780,Lymphoid-Other
c_1_38_1781,Stem
c_1_38_1782,Lymphoid-Plasma
c_1_38_1783,Lymphoid-Other
c_1_38_1784,Lymphoid-T
c_1_38_1785,Lymphoid-Plasma
c_1_38_1786,Lymphoid-Other
c_1_38_1787,Lymphoid-Plasma
c_1_38_1788,Endothelial
c_1_38_1789,Stem
c_1_38_1790,Endothelial
c_1_38_1791,Stem
c_1_38_1792,Lymphoid-T
c_1_38_1793,Epithelial
c_1_38_1794,Lymphoid-Other
c_1_38_1795,Lymphoid-DC
c_1_38_1796,Lymphoid-Other
c_1_38_1797,Lymphoid-Plasma
c_1_38_1798,Epithelial
c_1_38_1799,Stem
c_1_38_1800,Epithelial
c_1_38_1801,Stem
c_1_38_1802,Endothelial
c_1_38_1803,Mesenchymal-Stromal
c_1_38_1804,Lymphoid-Plasma
c_1_38_1805,Lymphoid-Other
c_1_38_1806,Lymphoid-Plasma
c_1_38_1807,Lymphoid-Other
c_1_38_1808,Lymphoid-T
c_1_38_1809,Endothelial
c_1_38_1810,Erythroid
c_1_38_1811,Lymphoid-T
c_1_38_1812,Stem
c_1_38_1813,Mesenchymal-Stromal
c_1_38_1814,Lymphoid-Other
c_1_38_1815,Lymphoid-B
c_1_38_1816,Epithelial
c_1_38_1817,Mesenchymal-Stromal
c_1_38_1818,Lymphoid-T
c_1_38_1819,Lymphoid-Other
c_1_38_1820,Lymphoid-Plasma
c_1_38_1821,Lymphoid-T
c_1_38_1822,Epithelial
c_1_38_1823,Lymphoid-Other
c_1_38_1824,Lymphoid-T
c_1_38_1825,Mesenchymal-Stromal
c_1_38_1826,Epithelial
c_1_38_1827,Endothelial
c_1_38_1828,Lymphoid-T
c_1_38_1829,Lymphoid-T
c_1_38_1830,Lymphoid-Plasma
c_1_38_1831,Lymphoid-Other
c_1_38_1832,Endothelial
c_1_38_1833,Mesenchymal-Stromal
c_1_38_1834,Endothelial
c_1_38_1835,Lymphoid-T
c_1_38_1836,Lymphoid-T
c_1_38_1837,Lymphoid-T
c_1_38_1838,Lymphoid-Plasma
c_1_38_1839,Lymphoid-T
c_1_38_1840,Lymphoid-Other
c_1_38_1841,Endothelial
c_1_38_1842,Epithelial
c_1_38_1843,Epithelial
c_1_38_1844,Lymphoid-Plasma
c_1_38_1845,Lymphoid-T
c_1_38_1846,Lymphoid-T
c_1_38_1847,Epithelial
c_1_38_1848,Lymphoid-T
c_1_38_1849,Epithelial
c_1_38_1850,Endothelial
c_1_38_1851,Lymphoid-Other
c_1_38_1852,Lymphoid-T
c_1_38_1853,Myeloid
c_1_38_1854,Lymphoid-Other
c_1_38_1855,Lymphoid-Plasma
c_1_38_1856,Epithelial
c_1_38_1857,Lymphoid-Plasma
c_1_38_1858,Myeloid
c_1_38_1859,Lymphoid-Plasma
c_1_38_1860,Epithelial
c_1_38_1861,Endothelial
c_1_38_1862,Stem
c_1_38_1863,Lymphoid-Plasma
c_1_38_1864,Stem
c_1_38_1865,Stem
c_1_38_1866,Lymphoid-Other
c_1_38_1867,Lymphoid-Plasma
c_1_38_1868,Stem
c_1_38_1869,Mesenchymal-Stromal
c_1_38_1870,Lymphoid-T
c_1_38_1871,Lymphoid-Other
c_1_38_1872,Lymphoid-B
c_1_38_1873,Lymphoid-Other
c_1_38_1874,Lymphoid-Plasma
c_1_38_1875,Stem
c_1_38_1876,Epithelial
c_1_38_1877,Lymphoid-T
c_1_38_1878,Lymphoid-Other
c_1_38_1879,Endothelial
c_1_38_1880,Lymphoid-Plasma
c_1_38_1881,Lymphoid-T
c_1_38_1882,Lymphoid-Plasma
c_1_38_1883,Lymphoid-Plasma
c_1_38_1884,None
c_1_38_1885,Lymphoid-T
c_1_38_1886,Lymphoid-Plasma
c_1_38_1887,Mesenchymal-Stromal
c_1_38_1888,Lymphoid-Other
c_1_38_1889,Lymphoid-B
c_1_38_1890,Epithelial
c_1_38_1891,Stem
c_1_38_1892,Lymphoid-Plasma
c_1_38_1893,Mesenchymal-Stromal
c_1_38_1894,Lymphoid-T
c_1_38_1895,Mesenchymal-Stromal
c_1_38_1896,Myeloid
c_1_38_1897,Lymphoid-Plasma
c_1_38_1898,Stem
c_1_38_1899,Mesenchymal-Stromal
c_1_38_1900,Lymphoid-Plasma
c_1_38_1901,Lymphoid-B
c_1_38_1902,Lymphoid-B
c_1_38_1903,Lymphoid-Plasma
c_1_38_1904,Lymphoid-Other
c_1_38_1905,Lymphoid-Other
c_1_38_1906,Lymphoid-Other
c_1_38_1907,Epithelial
c_1_38_1908,Lymphoid-Plasma
c_1_38_1909,Mesenchymal-Stromal
c_1_38_1910,Lymphoid-Plasma
c_1_38_1911,Lymphoid-Other
c_1_38_1912,Lymphoid-Other
c_1_38_1913,Lymphoid-Other
c_1_38_1914,Stem
c_1_38_1915,Lymphoid-T
c_1_38_1916,Mesenchymal-Stromal
c_1_38_1917,Lymphoid-Plasma
c_1_38_1918,None
c_1_38_1919,Mesenchymal-Stromal
c_1_38_1920,Lymphoid-Other
c_1_38_1921,Endothelial
c_1_38_1922,Mesenchymal-Stromal
c_1_38_1923,Epithelial
c_1_38_1924,Lymphoid-Plasma
c_1_38_1925,Lymphoid-Plasma
c_1_38_1926,Epithelial
c_1_38_1927,Stem
c_1_38_1928,Stem
c_1_38_1929,Lymphoid-T
c_1_38_1930,Mesenchymal-Stromal
c_1_38_1931,Lymphoid-Other
c_1_38_1932,Mesenchymal-Stromal
c_1_38_1933,Myeloid
c_1_38_1934,Lymphoid-Plasma
c_1_38_1935,Lymphoid-Plasma
c_1_38_1936,Endothelial
c_1_38_1937,Epithelial
c_1_38_1938,Lymphoid-Plasma
c_1_38_1939,Lymphoid-Other
c_1_38_1940,Mesenchymal-Stromal
c_1_38_1941,Endothelial
c_1_38_1942,Lymphoid-Other
c_1_38_1943,Lymphoid-Other
c_1_38_1944,Lymphoid-T
c_1_38_1945,Lymphoid-Plasma
c_1_38_1946,Epithelial
c_1_38_1947,Epithelial
c_1_38_1948,Lymphoid-Other
c_1_38_1949,Epithelial
c_1_38_1950,Lymphoid-Plasma
c_1_38_1951,Epithelial
c_1_38_1952,Epithelial
c_1_38_1953,Myeloid
c_1_38_1954,Mesenchymal-Stromal
c_1_38_1955,Lymphoid-Plasma
c_1_38_1956,Lymphoid-Other
c_1_38_1957,Lymphoid-Plasma
c_1_38_1958,Stem
c_1_38_1959,Lymphoid-T
c_1_38_1960,Lymphoid-Other
c_1_38_1961,Lymphoid-Plasma
c_1_38_1962,Lymphoid-T
c_1_38_1963,Epithelial
c_1_38_1964,Lymphoid-Plasma
c_1_38_1965,Lymphoid-Other
c_1_38_1966,Lymphoid-DC
c_1_38_1967,Lymphoid-Other
c_1_38_1968,Epithelial
c_1_38_1969,Lymphoid-Plasma
c_1_38_1970,Epithelial
c_1_38_1971,Lymphoid-Other
c_1_38_1972,Mesenchymal-Stromal
c_1_38_1973,Lymphoid-Plasma
c_1_38_1974,Erythroid
c_1_38_1975,Myeloid
c_1_38_1976,Lymphoid-T
c_1_38_1977,Endothelial
c_1_38_1978,Endothelial
c_1_38_1979,Erythroid
c_1_38_1980,Lymphoid-Other
c_1_38_1981,Epithelial
c_1_38_1982,Lymphoid-Other
c_1_38_1983,Myeloid
c_1_38_1984,Lymphoid-Plasma
c_1_38_1985,Lymphoid-Plasma
c_1_38_1986,Lymphoid-Plasma
c_1_38_1987,Lymphoid-Plasma
c_1_38_1988,Lymphoid-Other
c_1_38_1989,Epithelial
c_1_38_1990,Mesenchymal-Stromal
c_1_38_1991,None
c_1_38_1992,Lymphoid-Plasma
c_1_38_1993,Mesenchymal-Stromal
c_1_38_1994,Lymphoid-T
c_1_38_1995,Lymphoid-Plasma
c_1_38_1996,Lymphoid-Plasma
c_1_38_1997,Lymphoid-Other
c_1_38_1998,Stem
c_1_38_1999,Lymphoid-T
c_1_38_2000,Lymphoid-Plasma
c_1_38_2001,Endothelial
c_1_38_2002,Epithelial
c_1_38_2003,Lymphoid-Other
c_1_38_2004,Lymphoid-Other
c_1_38_2005,Epithelial
c_1_38_2006,Endothelial
c_1_38_2007,Lymphoid-T
c_1_38_2008,Stem
c_1_38_2009,Lymphoid-Other
c_1_38_2010,Neuronal-Glial
c_1_38_2011,Myeloid
c_1_38_2012,Lymphoid-Plasma
c_1_38_2013,Lymphoid-Other
c_1_38_2014,Lymphoid-T
c_1_38_2015,Endothelial
c_1_38_2016,Lymphoid-T
c_1_38_2017,Lymphoid-Plasma
c_1_38_2018,Endothelial
c_1_38_2019,Lymphoid-Plasma
c_1_38_2020,Lymphoid-B
c_1_38_2021,Lymphoid-Plasma
c_1_38_2022,Lymphoid-Other
c_1_38_2023,Lymphoid-Plasma
c_1_38_2024,Endothelial
c_1_38_2025,Lymphoid-Other
c_1_38_2026,Epithelial
c_1_38_2027,Lymphoid-T
c_1_38_2028,Lymphoid-T
c_1_38_2029,Epithelial
c_1_38_2030,Lymphoid-Plasma
c_1_38_2031,Lymphoid-Plasma
c_1_38_2032,Endothelial
c_1_38_2033,Epithelial
c_1_38_2034,Lymphoid-B
c_1_38_2035,Stem
c_1_38_2036,Lymphoid-Plasma
c_1_38_2037,Lymphoid-Plasma
c_1_38_2038,Lymphoid-Plasma
c_1_38_2039,Endothelial
c_1_38_2040,Lymphoid-Plasma
c_1_38_2041,Epithelial
c_1_38_2042,Lymphoid-Other
c_1_38_2043,Lymphoid-Other
c_1_38_2044,Lymphoid-Plasma
c_1_38_2045,Endothelial
c_1_38_2046,Lymphoid-Plasma
c_1_38_2047,Epithelial
c_1_38_2048,Lymphoid-Plasma
c_1_38_2049,Lymphoid-Plasma
c_1_38_2050,Lymphoid-Plasma
c_1_38_2051,Mesenchymal-Stromal
c_1_38_2052,Epithelial
c_1_38_2053,Lymphoid-Plasma
c_1_38_2054,Lymphoid-Plasma
c_1_38_2055,Lymphoid-Plasma
c_1_38_2056,Mesenchymal-Stromal
c_1_38_2057,Myeloid
c_1_38_2058,Epithelial
c_1_38_2059,Endothelial
c_1_38_2060,Endothelial
c_1_38_2061,None
c_1_38_2062,Mesenchymal-Stromal
c_1_38_2063,Endothelial
c_1_38_2064,Lymphoid-T
c_1_38_2065,Lymphoid-T
c_1_38_2066,Lymphoid-Plasma
c_1_38_2067,Endothelial
c_1_38_2068,Endothelial
c_1_38_2069,Stem
c_1_38_2070,Lymphoid-T
c_1_38_2071,Mesenchymal-Stromal
c_1_38_2072,Mesenchymal-Stromal
c_1_38_2073,Lymphoid-Plasma
c_1_38_2074,Lymphoid-Plasma
c_1_38_2075,Stem
c_1_38_2076,Stem
c_1_38_2077,Lymphoid-Plasma
c_1_38_2078,Epithelial
c_1_38_2079,Stem
c_1_38_2080,Lymphoid-T
c_1_38_2081,None
c_1_38_2082,Endothelial
c_1_38_2083,Epithelial
c_1_38_2084,Lymphoid-Plasma
c_1_38_2085,Lymphoid-Plasma
c_1_38_2086,Lymphoid-DC
c_1_38_2087,None
c_1_38_2088,Lymphoid-T
c_1_38_2089,Endothelial
c_1_38_2090,Endothelial
c_1_38_2091,Lymphoid-Plasma
c_1_38_2092,Lymphoid-Plasma
c_1_38_2093,Epithelial
c_1_38_2094,Endothelial
c_1_38_2095,Lymphoid-Other
c_1_38_2096,Lymphoid-Plasma
c_1_38_2097,Lymphoid-Plasma
c_1_38_2098,Lymphoid-Plasma
c_1_38_2099,Lymphoid-Plasma
c_1_38_2100,Lymphoid-Plasma
c_1_38_2101,Lymphoid-Plasma
c_1_38_2102,Lymphoid-Plasma
c_1_38_2103,Lymphoid-T
c_1_38_2104,Epithelial
c_1_38_2105,Epithelial
c_1_38_2106,Lymphoid-Plasma
c_1_38_2107,Lymphoid-Plasma
c_1_38_2108,Mesenchymal-Stromal
c_1_38_2109,Lymphoid-Plasma
c_1_38_2110,Endothelial
c_1_38_2111,Lymphoid-Plasma
c_1_38_2112,None
c_1_38_2113,Epithelial
c_1_38_2114,Endothelial
c_1_38_2115,Lymphoid-T
c_1_38_2116,Lymphoid-T
c_1_38_2117,Epithelial
c_1_38_2118,Lymphoid-Other
c_1_38_2119,Epithelial
c_1_38_2120,Epithelial
c_1_38_2121,Lymphoid-T
c_1_38_2122,Lymphoid-Plasma
c_1_38_2123,Lymphoid-Plasma
c_1_38_2124,Mesenchymal-Stromal
c_1_38_2125,Lymphoid-Other
c_1_38_2126,Myeloid
c_1_38_2127,Epithelial
c_1_38_2128,Erythroid
c_1_38_2129,Lymphoid-Other
c_1_38_2130,Endothelial
c_1_38_2131,Lymphoid-T
c_1_38_2132,Lymphoid-Other
c_1_38_2133,Epithelial
c_1_38_2134,Lymphoid-Other
c_1_38_2135,Neuronal-Glial
c_1_38_2136,Lymphoid-Plasma
c_1_38_2137,Lymphoid-Other
c_1_38_2138,Lymphoid-Plasma
c_1_38_2139,Epithelial
c_1_38_2140,Lymphoid-Plasma
c_1_38_2141,Lymphoid-Other
c_1_38_2142,Endothelial
c_1_38_2143,Neuronal-Glial
c_1_38_2144,Endothelial
c_1_38_2145,Lymphoid-Other
c_1_38_2146,Endothelial
c_1_38_2147,Lymphoid-Plasma
c_1_38_2148,Stem
c_1_38_2149,Lymphoid-Plasma
c_1_38_2150,Lymphoid-Plasma
c_1_38_2151,Lymphoid-Plasma
c_1_38_2152,Mesenchymal-Stromal
c_1_38_2153,Mesenchymal-Stromal
c_1_38_2154,Lymphoid-Other
c_1_38_2155,Epithelial
c_1_38_2156,Lymphoid-Other
c_1_38_2157,Stem
c_1_38_2158,Lymphoid-Plasma
c_1_38_2159,Endothelial
c_1_38_2160,Myeloid
c_1_38_2161,Epithelial
c_1_38_2162,Endothelial
c_1_38_2163,Mesenchymal-Stromal
c_1_38_2164,Lymphoid-Plasma
c_1_38_2165,None
c_1_38_2166,Epithelial
c_1_38_2167,Lymphoid-T
c_1_38_2168,Lymphoid-Plasma
c_1_38_2169,Lymphoid-DC
c_1_38_2170,Lymphoid-T
c_1_38_2171,Myeloid
c_1_38_2172,Mesenchymal-Stromal
c_1_38_2173,Lymphoid-Other
c_1_38_2174,Epithelial
c_1_38_2175,Lymphoid-Plasma
c_1_38_2176,Lymphoid-Plasma
c_1_38_2177,Epithelial
c_1_38_2178,Endothelial
c_1_38_2179,Stem
c_1_38_2180,Lymphoid-Plasma
c_1_38_2181,Lymphoid-Plasma
c_1_38_2182,Stem
c_1_38_2183,Lymphoid-Plasma
c_1_38_2184,Epithelial
c_1_38_2185,Lymphoid-T
c_1_38_2186,Epithelial
c_1_38_2187,Endothelial
c_1_38_2188,Stem
c_1_38_2189,Lymphoid-Plasma
c_1_38_2190,Lymphoid-Plasma
c_1_38_2191,Lymphoid-Other
c_1_38_2192,Stem
c_1_38_2193,Endothelial
c_1_38_2194,Lymphoid-Plasma
c_1_38_2195,Lymphoid-Plasma
c_1_38_2196,Mesenchymal-Stromal
c_1_38_2197,Stem
c_1_38_2198,Lymphoid-DC
c_1_38_2199,Epithelial
c_1_38_2200,Lymphoid-Other
c_1_38_2201,None
c_1_38_2202,Lymphoid-Other
c_1_38_2203,Mesenchymal-Stromal
c_1_38_2204,Epithelial
c_1_38_2205,Stem
c_1_38_2206,Mesenchymal-Stromal
c_1_38_2207,Stem
c_1_38_2208,Endothelial
c_1_38_2209,Lymphoid-Plasma
c_1_38_2210,Lymphoid-Other
c_1_38_2211,Lymphoid-Plasma
c_1_38_2212,Lymphoid-Plasma
c_1_38_2213,Endothelial
c_1_38_2214,Lymphoid-Plasma
c_1_38_2215,Lymphoid-Plasma
c_1_38_2216,Lymphoid-Plasma
c_1_38_2217,Endothelial
c_1_38_2218,Mesenchymal-Stromal
c_1_38_2219,Myeloid
c_1_38_2220,Lymphoid-T
c_1_38_2221,Lymphoid-Plasma
c_1_38_2222,Epithelial
c_1_38_2223,Epithelial
c_1_38_2224,Lymphoid-T
c_1_38_2225,Lymphoid-Plasma
c_1_38_2226,Lymphoid-T
c_1_38_2227,Mesenchymal-Stromal
c_1_38_2228,Lymphoid-Plasma
c_1_38_2229,None
c_1_38_2230,Endothelial
c_1_38_2231,Lymphoid-Other
c_1_38_2232,Endothelial
c_1_38_2233,Lymphoid-Other
c_1_38_2234,Lymphoid-Other
c_1_38_2235,Lymphoid-Plasma
c_1_38_2236,None
c_1_38_2237,Lymphoid-Other
c_1_38_2238,Endothelial
c_1_38_2239,Epithelial
c_1_38_2240,Neuronal-Glial
c_1_38_2241,Lymphoid-Plasma
c_1_38_2242,Epithelial
c_1_38_2243,Lymphoid-Plasma
c_1_38_2244,Endothelial
c_1_38_2245,Lymphoid-T
c_1_38_2246,Lymphoid-Other
c_1_38_2247,Endothelial
c_1_38_2248,Lymphoid-T
c_1_38_2249,Lymphoid-Other
c_1_38_2250,Lymphoid-T
c_1_38_2251,Lymphoid-Plasma
c_1_38_2252,None
c_1_38_2253,Lymphoid-T
c_1_38_2254,Epithelial
c_1_38_2255,Lymphoid-DC
c_1_38_2256,Endothelial
c_1_38_2257,Lymphoid-Other
c_1_38_2258,Epithelial
c_1_38_2259,Lymphoid-B
c_1_38_2260,Stem
c_1_38_2261,Epithelial
c_1_38_2262,Lymphoid-T
c_1_38_2263,Lymphoid-Plasma
c_1_38_2264,Epithelial
c_1_38_2265,Lymphoid-T
c_1_38_2266,Mesenchymal-Stromal
c_1_38_2267,Endothelial
c_1_38_2268,Lymphoid-DC
c_1_38_2269,Epithelial
c_1_38_2270,Lymphoid-T
c_1_38_2271,Lymphoid-Other
c_1_38_2272,Mesenchymal-Stromal
c_1_38_2273,Endothelial
c_1_38_2274,Stem
c_1_38_2275,Lymphoid-Other
c_1_38_2276,Epithelial
c_1_38_2277,Lymphoid-T
c_1_38_2278,Stem
c_1_38_2279,Neuronal-Glial
c_1_38_2280,Mesenchymal-Stromal
c_1_38_2281,Lymphoid-T
c_1_38_2282,Stem
c_1_38_2283,Lymphoid-Plasma
c_1_38_2284,Lymphoid-Plasma
c_1_38_2285,Epithelial
c_1_38_2286,Endothelial
c_1_38_2287,Lymphoid-T
c_1_38_2288,Lymphoid-B
c_1_38_2289,Epithelial
c_1_38_2290,Epithelial
c_1_38_2291,Epithelial
c_1_38_2292,Lymphoid-T
c_1_38_2293,Epithelial
c_1_38_2294,Endothelial
c_1_38_2295,Stem
c_1_38_2296,Epithelial
c_1_38_2297,Lymphoid-Plasma
c_1_38_2298,Stem
c_1_38_2299,Lymphoid-Plasma
c_1_38_2300,Stem
c_1_38_2301,Endothelial
c_1_38_2302,Epithelial
c_1_38_2303,Lymphoid-T
c_1_38_2304,Lymphoid-T
c_1_38_2305,Myeloid
c_1_38_2306,Endothelial
c_1_38_2307,Lymphoid-T
c_1_38_2308,Epithelial
c_1_38_2309,Lymphoid-Other
c_1_38_2310,Lymphoid-Plasma
c_1_38_2311,Lymphoid-Other
c_1_38_2312,Epithelial
c_1_38_2313,Lymphoid-Plasma
c_1_38_2314,Epithelial
c_1_38_2315,Epithelial
c_1_38_2316,None
c_1_38_2317,Epithelial
c_1_38_2318,Epithelial
c_1_38_2319,Epithelial
c_1_38_2320,Lymphoid-Other
c_1_38_2321,None
c_1_38_2322,Lymphoid-Other
c_1_38_2323,Epithelial
c_1_38_2324,Lymphoid-T
c_1_38_2325,Endothelial
c_1_38_2326,Lymphoid-Other
c_1_38_2327,Lymphoid-Other
c_1_38_2328,Epithelial
c_1_38_2329,Endothelial
c_1_38_2330,Lymphoid-Other
c_1_38_2331,Lymphoid-Other
c_1_38_2332,Endothelial
c_1_38_2333,None
c_1_38_2334,Epithelial
c_1_38_2335,Lymphoid-Plasma
c_1_38_2336,Epithelial
c_1_38_2337,Lymphoid-Plasma
c_1_38_2338,Epithelial
c_1_38_2339,Stem
c_1_38_2340,Lymphoid-Other
c_1_38_2341,Endothelial
c_1_38_2342,Lymphoid-Other
c_1_38_2343,Lymphoid-Other
c_1_38_2344,Endothelial
c_1_38_2345,Lymphoid-Other
c_1_38_2346,Mesenchymal-Stromal
c_1_38_2347,Stem
c_1_38_2348,Lymphoid-T
c_1_38_2349,Lymphoid-Other
c_1_38_2350,Lymphoid-Other
c_1_38_2351,Lymphoid-Plasma
c_1_38_2352,Lymphoid-T
c_1_38_2353,Lymphoid-T
c_1_38_2354,Neuronal-Glial
c_1_38_2355,Lymphoid-Other
c_1_38_2356,Endothelial
c_1_38_2357,Lymphoid-Plasma
c_1_38_2358,Lymphoid-Plasma
c_1_38_2359,Lymphoid-Other
c_1_38_2360,Lymphoid-T
c_1_38_2361,Endothelial
c_1_38_2362,Lymphoid-Other
c_1_38_2363,Lymphoid-Plasma
c_1_38_2364,Mesenchymal-Stromal
c_1_38_2365,Mesenchymal-Stromal
c_1_38_2366,Myeloid
c_1_38_2367,Lymphoid-Other
c_1_38_2368,Epithelial
c_1_38_2369,Lymphoid-Other
c_1_38_2370,Lymphoid-T
c_1_38_2371,Lymphoid-Other
c_1_38_2372,Epithelial
c_1_38_2373,Endothelial
c_1_38_2374,Epithelial
c_1_38_2375,Lymphoid-Other
c_1_38_2376,Lymphoid-Other
c_1_38_2377,Mesenchymal-Stromal
c_1_38_2378,Endothelial
c_1_38_2379,Epithelial
c_1_38_2380,Epithelial
c_1_38_2381,Mesenchymal-Stromal
c_1_38_2382,Lymphoid-Other
c_1_38_2383,Endothelial
c_1_38_2384,Mesenchymal-Stromal
c_1_38_2385,Lymphoid-Other
c_1_38_2386,Mesenchymal-Stromal
c_1_38_2387,Lymphoid-Other
c_1_38_2388,Epithelial
c_1_38_2389,Mesenchymal-Stromal
c_1_38_2390,Endothelial
c_1_38_2391,Lymphoid-Other
c_1_38_2392,Lymphoid-DC
c_1_38_2393,Epithelial
c_1_38_2394,Lymphoid-Plasma
c_1_38_2395,Endothelial
c_1_38_2396,Lymphoid-Other
c_1_38_2397,Endothelial
c_1_38_2398,Lymphoid-Other
c_1_38_2399,Epithelial
c_1_38_2400,Lymphoid-Plasma
c_1_38_2401,None
c_1_38_2402,Lymphoid-Plasma
c_1_38_2403,Myeloid
c_1_38_2404,Lymphoid-Other
c_1_38_2405,Lymphoid-Other
c_1_38_2406,Lymphoid-Other
c_1_38_2407,Endothelial
c_1_38_2408,Lymphoid-Other
c_1_38_2409,Epithelial
c_1_38_2410,Stem
c_1_38_2411,Epithelial
c_1_38_2412,Epithelial
c_1_38_2413,Lymphoid-Other
c_1_38_2414,Epithelial
c_1_38_2415,Mesenchymal-Stromal
c_1_38_2416,Mesenchymal-Stromal
c_1_38_2417,Lymphoid-Other
c_1_38_2418,Lymphoid-Plasma
c_1_38_2419,Mesenchymal-Stromal
c_1_38_2420,Lymphoid-Other
c_1_38_2421,Neuronal-Glial
c_1_38_2422,Epithelial
c_1_38_2423,Epithelial
c_1_38_2424,Lymphoid-T
c_1_38_2425,Epithelial
c_1_38_2426,Lymphoid-Other
c_1_38_2427,Lymphoid-Other
c_1_38_2428,Lymphoid-Plasma
c_1_38_2429,Mesenchymal-Stromal
c_1_38_2430,Endothelial
c_1_38_2431,Myeloid
c_1_38_2432,Lymphoid-Other
c_1_38_2433,Epithelial
c_1_38_2434,Lymphoid-Other
c_1_38_2435,Epithelial
c_1_38_2436,Mesenchymal-Stromal
c_1_38_2437,Lymphoid-T
c_1_38_2438,Lymphoid-Other
c_1_38_2439,Endothelial
c_1_38_2440,Lymphoid-B
c_1_38_2441,Lymphoid-Other
c_1_38_2442,Epithelial
c_1_38_2443,Endothelial
c_1_38_2444,Lymphoid-Other
c_1_38_2445,Lymphoid-Other
c_1_38_2446,Epithelial
c_1_38_2447,Lymphoid-Plasma
c_1_38_2448,Lymphoid-T
c_1_38_2449,Lymphoid-T
c_1_38_2450,Lymphoid-Other
c_1_38_2451,Lymphoid-T
c_1_38_2452,Lymphoid-Other
c_1_38_2453,Lymphoid-Other
c_1_38_2454,Lymphoid-Other
c_1_38_2455,Epithelial
c_1_38_2456,Epithelial
c_1_38_2457,Myeloid
c_1_38_2458,Lymphoid-Other
c_1_38_2459,Lymphoid-T
c_1_38_2460,Endothelial
c_1_38_2461,Stem
c_1_38_2462,Lymphoid-Plasma
c_1_38_2463,Lymphoid-Other
c_1_38_2464,Stem
c_1_38_2465,Lymphoid-Other
c_1_38_2466,Stem
c_1_38_2467,Lymphoid-T
c_1_38_2468,Lymphoid-DC
c_1_38_2469,Lymphoid-Other
c_1_38_2470,Epithelial
c_1_38_2471,Epithelial
c_1_38_2472,Mesenchymal-Stromal
c_1_38_2473,Lymphoid-T
c_1_38_2474,Lymphoid-T
c_1_38_2475,Lymphoid-Plasma
c_1_38_2476,Epithelial
c_1_38_2477,Epithelial
c_1_38_2478,Epithelial
c_1_38_2479,Lymphoid-Other
c_1_38_2480,Lymphoid-T
c_1_38_2481,Epithelial
c_1_38_2482,Epithelial
c_1_38_2483,Lymphoid-Plasma
c_1_38_2484,Lymphoid-Other
c_1_38_2485,Mesenchymal-Stromal
c_1_38_2486,Lymphoid-T
c_1_38_2487,Lymphoid-Other
c_1_38_2488,Lymphoid-Plasma
c_1_38_2489,Lymphoid-Plasma
c_1_38_2490,Lymphoid-Other
c_1_38_2491,Epithelial
c_1_38_2492,Lymphoid-Other
c_1_38_2493,None
c_1_38_2494,Lymphoid-Other
c_1_38_2495,Lymphoid-Plasma
c_1_38_2496,Neuronal-Glial
c_1_38_2497,Erythroid
c_1_38_2498,Lymphoid-Other
c_1_38_2499,Lymphoid-Plasma
c_1_38_2500,Neuronal-Glial
c_1_38_2501,Lymphoid-Other
c_1_38_2502,Epithelial
c_1_38_2503,Lymphoid-Other
c_1_38_2504,Epithelial
c_1_38_2505,Lymphoid-Other
c_1_38_2506,Lymphoid-Plasma
c_1_38_2507,Lymphoid-Other
c_1_38_2508,Endothelial
c_1_38_2509,Epithelial
c_1_38_2510,Stem
c_1_38_2511,Endothelial
c_1_38_2512,Lymphoid-Plasma
c_1_38_2513,Lymphoid-Plasma
c_1_38_2514,Lymphoid-T
c_1_38_2515,Epithelial
c_1_38_2516,Lymphoid-T
c_1_38_2517,Lymphoid-Plasma
c_1_38_2518,Lymphoid-Plasma
c_1_38_2519,Epithelial
c_1_38_2520,Epithelial
c_1_38_2521,Lymphoid-Plasma
c_1_38_2522,None
c_1_38_2523,Lymphoid-T
c_1_38_2524,Epithelial
c_1_38_2525,Lymphoid-T
c_1_38_2526,Lymphoid-Other
c_1_38_2527,Lymphoid-T
c_1_38_2528,Stem
c_1_38_2529,Epithelial
c_1_38_2530,Epithelial
c_1_38_2531,Lymphoid-Other
c_1_38_2532,None
c_1_38_2533,Lymphoid-Other
c_1_38_2534,Epithelial
c_1_38_2535,Epithelial
c_1_38_2536,Lymphoid-Plasma
c_1_38_2537,Lymphoid-T
c_1_38_2538,Endothelial
c_1_38_2539,Epithelial
c_1_38_2540,None
c_1_38_2541,Lymphoid-T
c_1_38_2542,Lymphoid-Other
c_1_38_2543,Endothelial
c_1_38_2544,Epithelial
c_1_38_2545,Lymphoid-Plasma
c_1_38_2546,Epithelial
c_1_38_2547,Lymphoid-Other
c_1_38_2548,Lymphoid-Plasma
c_1_38_2549,Epithelial
c_1_38_2550,Endothelial
c_1_38_2551,Epithelial
c_1_38_2552,Lymphoid-Plasma
c_1_38_2553,Epithelial
c_1_38_2554,Lymphoid-Plasma
c_1_38_2555,Neuronal-Glial
c_1_38_2556,Lymphoid-Other
c_1_38_2557,Lymphoid-Plasma
c_1_38_2558,Endothelial
c_1_38_2559,Neuronal-Glial
c_1_38_2560,Lymphoid-Plasma
c_1_38_2561,Lymphoid-Plasma
c_1_38_2562,Lymphoid-Plasma
c_1_38_2563,Lymphoid-Plasma
c_1_38_2564,Stem
c_1_38_2565,Lymphoid-Plasma
c_1_38_2566,Epithelial
c_1_38_2567,Lymphoid-T
c_1_38_2568,Mesenchymal-Stromal
c_1_38_2569,Neuronal-Glial
c_1_38_2570,Endothelial
c_1_38_2571,Lymphoid-Other
c_1_38_2572,None
c_1_38_2573,Lymphoid-Other
c_1_38_2574,Lymphoid-Plasma
c_1_38_2575,Lymphoid-Plasma
c_1_38_2576,Lymphoid-Plasma
c_1_38_2577,Lymphoid-Other
c_1_38_2578,Endothelial
c_1_38_2579,Lymphoid-Plasma
c_1_38_2580,Lymphoid-Other
c_1_38_2581,Lymphoid-Plasma
c_1_38_2582,Lymphoid-Plasma
c_1_38_2583,Epithelial
c_1_38_2584,Lymphoid-B
c_1_38_2585,Lymphoid-Plasma
c_1_38_2586,Endothelial
c_1_38_2587,Endothelial
c_1_38_2588,Lymphoid-Plasma
c_1_38_2589,None
c_1_38_2590,Lymphoid-B
c_1_38_2591,Mesenchymal-Stromal
c_1_38_2592,Epithelial
c_1_38_2593,Endothelial
c_1_38_2594,Myeloid
c_1_38_2595,None
c_1_38_2596,Myeloid
c_1_38_2597,Stem
c_1_38_2598,Myeloid
c_1_38_2599,Lymphoid-Plasma
c_1_38_2600,Lymphoid-T
c_1_38_2601,Mesenchymal-Stromal
c_1_38_2602,Lymphoid-Other
c_1_38_2603,Lymphoid-Plasma
c_1_38_2604,Lymphoid-T
c_1_38_2605,Mesenchymal-Stromal
c_1_38_2606,Mesenchymal-Stromal
c_1_38_2607,Lymphoid-Plasma
c_1_38_2608,None
c_1_38_2609,Lymphoid-Plasma
c_1_38_2610,None
c_1_38_2611,Lymphoid-T
c_1_38_2612,Lymphoid-Other
c_1_38_2613,Lymphoid-DC
c_1_38_2614,Lymphoid-Plasma
c_1_38_2615,Lymphoid-Plasma
c_1_38_2616,Lymphoid-Other
c_1_38_2617,Lymphoid-Plasma
c_1_38_2618,Lymphoid-B
c_1_38_2619,Lymphoid-Plasma
c_1_38_2620,Lymphoid-Plasma
c_1_38_2621,Mesenchymal-Stromal
c_1_38_2622,Mesenchymal-Stromal
c_1_38_2623,Endothelial
c_1_38_2624,Lymphoid-Other
c_1_38_2625,Epithelial
c_1_38_2626,None
c_1_38_2627,Epithelial
c_1_38_2628,Mesenchymal-Stromal
c_1_38_2629,Neuronal-Glial
c_1_38_2630,Endothelial
c_1_38_2631,Endothelial
c_1_38_2632,Lymphoid-Other
c_1_38_2633,Myeloid
c_1_38_2634,Lymphoid-T
c_1_38_2635,Lymphoid-T
c_1_38_2636,Stem
c_1_38_2637,Lymphoid-Plasma
c_1_38_2638,Stem
c_1_38_2639,Epithelial
c_1_38_2640,Stem
c_1_38_2641,Epithelial
c_1_38_2642,Lymphoid-Plasma
c_1_38_2643,Lymphoid-Plasma
c_1_38_2644,Lymphoid-B
c_1_38_2645,Epithelial
c_1_38_2646,Myeloid
c_1_38_2647,Stem
c_1_38_2648,Lymphoid-T
c_1_38_2649,Endothelial
c_1_38_2650,Lymphoid-Plasma
c_1_38_2651,Lymphoid-Other
c_1_38_2652,Endothelial
c_1_38_2653,Erythroid
c_1_38_2654,Myeloid
c_1_38_2655,Epithelial
c_1_38_2656,Lymphoid-Other
c_1_38_2657,Lymphoid-DC
c_1_38_2658,Lymphoid-Plasma
c_1_38_2659,Lymphoid-Other
c_1_38_2660,Lymphoid-Other
c_1_38_2661,Epithelial
c_1_38_2662,Lymphoid-T
c_1_38_2663,Lymphoid-Plasma
c_1_38_2664,Endothelial
c_1_38_2665,Lymphoid-Plasma
c_1_38_2666,Endothelial
c_1_38_2667,Endothelial
c_1_38_2668,Stem
c_1_38_2669,Lymphoid-Other
c_1_38_2670,Lymphoid-Other
c_1_38_2671,Lymphoid-Plasma
c_1_38_2672,Epithelial
c_1_38_2673,Endothelial
c_1_38_2674,Lymphoid-Other
c_1_38_2675,Stem
c_1_38_2676,Lymphoid-Other
c_1_38_2677,Epithelial
c_1_38_2678,Epithelial
c_1_38_2679,Stem
c_1_38_2680,Mesenchymal-Stromal
c_1_38_2681,Lymphoid-Other
c_1_38_2682,Lymphoid-Other
c_1_38_2683,Lymphoid-B
c_1_38_2684,Lymphoid-B
c_1_38_2685,Lymphoid-Plasma
c_1_38_2686,Endothelial
c_1_38_2687,Endothelial
c_1_38_2688,Lymphoid-T
c_1_38_2689,Lymphoid-T
c_1_38_2690,Lymphoid-B
c_1_38_2691,Endothelial
c_1_38_2692,Endothelial
c_1_38_2693,Stem
c_1_38_2694,Endothelial
c_1_38_2695,Lymphoid-Other
c_1_38_2696,Lymphoid-Other
c_1_38_2697,Lymphoid-T
c_1_38_2698,Lymphoid-T
c_1_38_2699,Lymphoid-Other
c_1_38_2700,Lymphoid-T
c_1_38_2701,Lymphoid-Plasma
c_1_38_2702,Endothelial
c_1_38_2703,Lymphoid-Plasma
c_1_38_2704,Endothelial
c_1_38_2705,Lymphoid-Plasma
c_1_38_2706,Lymphoid-T
c_1_38_2707,Lymphoid-T
c_1_38_2708,Myeloid
c_1_38_2709,Endothelial
c_1_38_2710,Epithelial
c_1_38_2711,Epithelial
c_1_38_2712,Lymphoid-Plasma
c_1_38_2713,Epithelial
c_1_38_2714,Lymphoid-B
c_1_38_2715,Endothelial
c_1_38_2716,Lymphoid-Other
c_1_38_2717,Endothelial
c_1_38_2718,Myeloid
c_1_38_2719,Lymphoid-Other
c_1_38_2720,Epithelial
c_1_38_2721,Lymphoid-Plasma
c_1_38_2722,Lymphoid-Other
c_1_38_2723,Lymphoid-T
c_1_38_2724,Lymphoid-Other
c_1_38_2725,Lymphoid-T
c_1_38_2726,Epithelial
c_1_38_2727,Epithelial
c_1_38_2728,Myeloid
c_1_38_2729,Lymphoid-T
c_1_38_2730,Lymphoid-B
c_1_38_2731,Lymphoid-Other
c_1_38_2732,Lymphoid-Plasma
c_1_38_2733,Lymphoid-Other
c_1_38_2734,Lymphoid-Other
c_1_38_2735,Lymphoid-Plasma
c_1_38_2736,Lymphoid-Other
c_1_38_2737,Lymphoid-Other
c_1_38_2738,Endothelial
c_1_38_2739,Lymphoid-Other
c_1_38_2740,Stem
c_1_38_2741,Erythroid
c_1_38_2742,Lymphoid-T
c_1_38_2743,Lymphoid-Other
c_1_38_2744,Endothelial
c_1_38_2745,Endothelial
c_1_38_2746,Stem
c_1_38_2747,Lymphoid-Other
c_1_38_2748,Endothelial
c_1_38_2749,Epithelial
c_1_38_2750,Lymphoid-B
c_1_38_2751,Endothelial
c_1_38_2752,Lymphoid-Other
c_1_38_2753,Lymphoid-Plasma
c_1_38_2754,Stem
c_1_38_2755,Lymphoid-T
c_1_38_2756,Mesenchymal-Stromal
c_1_38_2757,Lymphoid-T
c_1_38_2758,Mesenchymal-Stromal
c_1_38_2759,Epithelial
c_1_38_2760,Lymphoid-T
c_1_38_2761,Lymphoid-DC
c_1_38_2762,Lymphoid-T
c_1_38_2763,Lymphoid-Other
c_1_38_2764,None
c_1_38_2765,Epithelial
c_1_38_2766,Lymphoid-T
c_1_38_2767,Epithelial
c_1_38_2768,Endothelial
c_1_38_2769,Lymphoid-T
c_1_38_2770,Endothelial
c_1_38_2771,Lymphoid-T
c_1_38_2772,Epithelial
c_1_38_2773,Lymphoid-Other
c_1_38_2774,Lymphoid-T
c_1_38_2775,Lymphoid-T
c_1_38_2776,Lymphoid-T
c_1_38_2777,Myeloid
c_1_38_2778,Epithelial
c_1_38_2779,Epithelial
c_1_38_2780,Lymphoid-B
c_1_38_2781,Epithelial
c_1_38_2782,Lymphoid-Plasma
c_1_38_2783,Lymphoid-DC
c_1_38_2784,Lymphoid-Other
c_1_38_2785,Lymphoid-B
c_1_38_2786,Endothelial
c_1_38_2787,Epithelial
c_1_38_2788,Lymphoid-B
c_1_38_2789,Lymphoid-Plasma
c_1_38_2790,Epithelial
c_1_38_2791,Stem
c_1_38_2792,Lymphoid-Other
c_1_38_2793,Lymphoid-T
c_1_38_2794,Lymphoid-T
c_1_38_2795,Lymphoid-DC
c_1_38_2796,Endothelial
c_1_38_2797,Lymphoid-T
c_1_38_2798,Lymphoid-T
c_1_38_2799,Lymphoid-T
c_1_38_2800,Lymphoid-Plasma
c_1_38_2801,Lymphoid-Other
c_1_38_2802,Epithelial
c_1_38_2803,Stem
c_1_38_2804,Lymphoid-B
c_1_38_2805,Endothelial
c_1_38_2806,Lymphoid-T
c_1_38_2807,Mesenchymal-Stromal
c_1_38_2808,Epithelial
c_1_38_2809,Lymphoid-T
c_1_38_2810,Lymphoid-T
c_1_38_2811,Lymphoid-Other
c_1_38_2812,Lymphoid-T
c_1_38_2813,Lymphoid-Plasma
c_1_38_2814,Lymphoid-Plasma
c_1_38_2815,Mesenchymal-Stromal
c_1_38_2816,Lymphoid-Other
c_1_38_2817,Lymphoid-T
c_1_38_2818,Mesenchymal-Stromal
c_1_38_2819,Lymphoid-Other
c_1_38_2820,Myeloid
c_1_38_2821,Epithelial
c_1_38_2822,Myeloid
c_1_38_2823,Epithelial
c_1_38_2824,Lymphoid-Other
c_1_38_2825,Myeloid
c_1_38_2826,Endothelial
c_1_38_2827,Lymphoid-Other
c_1_38_2828,Lymphoid-Plasma
c_1_38_2829,Epithelial
c_1_38_2830,Lymphoid-Other
c_1_38_2831,Endothelial
c_1_38_2832,Neuronal-Glial
c_1_38_2833,Lymphoid-T
c_1_38_2834,Stem
c_1_38_2835,Epithelial
c_1_38_2836,Lymphoid-T
c_1_38_2837,Epithelial
c_1_38_2838,Stem
c_1_38_2839,Lymphoid-Other
c_1_38_2840,Stem
c_1_38_2841,Lymphoid-T
c_1_38_2842,Epithelial
c_1_38_2843,Lymphoid-Other
c_1_38_2844,Myeloid
c_1_38_2845,Lymphoid-Other
c_1_38_2846,Stem
c_1_38_2847,Mesenchymal-Stromal
c_1_38_2848,Lymphoid-T
c_1_38_2849,Mesenchymal-Stromal
c_1_38_2850,Lymphoid-Plasma
c_1_38_2851,Lymphoid-Other
c_1_38_2852,Endothelial
c_1_38_2853,Endothelial
c_1_38_2854,Lymphoid-Plasma
c_1_38_2855,Lymphoid-T
c_1_38_2856,Mesenchymal-Stromal
c_1_38_2857,Endothelial
c_1_38_2858,Lymphoid-Plasma
c_1_38_2859,Stem
c_1_38_2860,Lymphoid-Other
c_1_38_2861,Mesenchymal-Stromal
c_1_38_2862,Lymphoid-T
c_1_38_2863,Lymphoid-Plasma
c_1_38_2864,Epithelial
c_1_38_2865,Erythroid
c_1_38_2866,Lymphoid-Plasma
c_1_38_2867,Stem
c_1_38_2868,Stem
c_1_38_2869,Lymphoid-Other
c_1_38_2870,Endothelial
c_1_38_2871,Lymphoid-Other
c_1_38_2872,Lymphoid-Plasma
c_1_38_2873,Lymphoid-Plasma
c_1_38_2874,Lymphoid-Plasma
c_1_38_2875,Lymphoid-Plasma
c_1_38_2876,Lymphoid-DC
c_1_38_2877,Lymphoid-T
c_1_38_2878,Lymphoid-Plasma
c_1_38_2879,Lymphoid-Plasma
c_1_38_2880,Lymphoid-Plasma
c_1_38_2881,Lymphoid-Plasma
c_1_38_2882,Lymphoid-Other
c_1_38_2883,Stem
c_1_38_2884,Lymphoid-Plasma
c_1_38_2885,Lymphoid-Other
c_1_38_2886,Epithelial
c_1_38_2887,Stem
c_1_38_2888,Lymphoid-Other
c_1_38_2889,Endothelial
c_1_38_2890,Lymphoid-Other
c_1_38_2891,Lymphoid-T
c_1_38_2892,Stem
c_1_38_2893,Lymphoid-Other
c_1_38_2894,Endothelial
c_1_38_2895,Lymphoid-T
c_1_38_2896,Lymphoid-Other
c_1_38_2897,Epithelial
c_1_38_2898,Lymphoid-Other
c_1_38_2899,Endothelial
c_1_38_2900,Endothelial
c_1_38_2901,Endothelial
c_1_38_2902,Lymphoid-Other
c_1_38_2903,Epithelial
c_1_38_2904,Lymphoid-Plasma
c_1_38_2905,Epithelial
c_1_38_2906,Lymphoid-Other
c_1_38_2907,Lymphoid-Plasma
c_1_38_2908,Epithelial
c_1_38_2909,Epithelial
c_1_38_2910,Epithelial
c_1_38_2911,Lymphoid-Plasma
c_1_38_2912,Lymphoid-Other
c_1_38_2913,Lymphoid-T
c_1_38_2914,Epithelial
c_1_38_2915,Endothelial
c_1_38_2916,Lymphoid-Plasma
c_1_38_2917,Lymphoid-T
c_1_38_2918,Lymphoid-Other
c_1_38_2919,Lymphoid-DC
c_1_38_2920,Lymphoid-Plasma
c_1_38_2921,Lymphoid-Other
c_1_38_2922,Endothelial
c_1_38_2923,Mesenchymal-Stromal
c_1_38_2924,Mesenchymal-Stromal
c_1_38_2925,Lymphoid-Other
c_1_38_2926,Lymphoid-T
c_1_38_2927,Myeloid
c_1_38_2928,Epithelial
c_1_38_2929,Mesenchymal-Stromal
c_1_38_2930,Epithelial
c_1_38_2931,Lymphoid-Other
c_1_38_2932,Lymphoid-T
c_1_38_2933,Endothelial
c_1_38_2934,Lymphoid-T
c_1_38_2935,Lymphoid-T
c_1_38_2936,Epithelial
c_1_38_2937,Epithelial
c_1_38_2938,Lymphoid-T
c_1_38_2939,Epithelial
c_1_38_2940,Lymphoid-Other
c_1_38_2941,Lymphoid-B
c_1_38_2942,Endothelial
c_1_38_2943,Stem
c_1_38_2944,Stem
c_1_38_2945,Stem
c_1_38_2946,Lymphoid-Plasma
c_1_38_2947,Lymphoid-Other
c_1_38_2948,Myeloid
c_1_38_2949,Epithelial
c_1_38_2950,Lymphoid-Other
c_1_38_2951,Erythroid
c_1_38_2952,Mesenchymal-Stromal
c_1_38_2953,Endothelial
c_1_38_2954,Lymphoid-T
c_1_38_2955,Lymphoid-T
c_1_38_2956,Lymphoid-Other
c_1_38_2957,Lymphoid-Other
c_1_38_2958,Lymphoid-T
c_1_38_2959,Lymphoid-T
c_1_38_2960,Lymphoid-Other
c_1_38_2961,Epithelial
c_1_38_2962,Epithelial
c_1_38_2963,Epithelial
c_1_38_2964,Epithelial
c_1_38_2965,Lymphoid-T
c_1_38_2966,Endothelial
c_1_38_2967,Epithelial
c_1_38_2968,Lymphoid-Other
c_1_38_2969,Erythroid
c_1_38_2970,Epithelial
c_1_38_2971,Endothelial
c_1_38_2972,Lymphoid-Other
c_1_38_2973,Endothelial
c_1_38_2974,Epithelial
c_1_38_2975,Endothelial
c_1_38_2976,Endothelial
c_1_38_2977,Lymphoid-Plasma
c_1_38_2978,Epithelial
c_1_38_2979,Lymphoid-Other
c_1_38_2980,Lymphoid-Other
c_1_38_2981,Endothelial
c_1_38_2982,Lymphoid-Other
c_1_38_2983,Epithelial
c_1_38_2984,Stem
c_1_38_2985,Stem
c_1_38_2986,Epithelial
c_1_38_2987,Epithelial
c_1_38_2988,Endothelial
c_1_38_2989,Endothelial
c_1_38_2990,Lymphoid-Other
c_1_38_2991,Epithelial
c_1_38_2992,Endothelial
c_1_38_2993,Lymphoid-Plasma
c_1_38_2994,Lymphoid-Other
c_1_38_2995,Lymphoid-Plasma
c_1_38_2996,Epithelial
c_1_38_2997,Lymphoid-T
c_1_38_2998,Lymphoid-T
c_1_38_2999,Lymphoid-T
c_1_38_3000,Lymphoid-Other
c_1_38_3001,Epithelial
c_1_38_3002,Lymphoid-Other
c_1_38_3003,Neuronal-Glial
c_1_38_3004,Endothelial
c_1_38_3005,Lymphoid-Other
c_1_38_3006,Epithelial
c_1_38_3007,Lymphoid-T
c_1_38_3008,Stem
c_1_38_3009,Lymphoid-Plasma
c_1_38_3010,Epithelial
c_1_38_3011,Lymphoid-T
c_1_38_3012,Stem
c_1_38_3013,Lymphoid-T
c_1_38_3014,Epithelial
c_1_38_3015,Lymphoid-Other
c_1_38_3016,Lymphoid-Other
c_1_38_3017,Lymphoid-T
c_1_38_3018,Lymphoid-Other
c_1_38_3019,Lymphoid-Other
c_1_38_3020,Epithelial
c_1_38_3021,Lymphoid-T
c_1_38_3022,Lymphoid-Other
c_1_38_3023,Endothelial
c_1_38_3024,Stem
c_1_38_3025,Mesenchymal-Stromal
c_1_38_3026,Stem
c_1_38_3027,Epithelial
c_1_38_3028,Lymphoid-Other
c_1_38_3029,Epithelial
c_1_38_3030,Lymphoid-Other
c_1_38_3031,Epithelial
c_1_38_3032,Epithelial
c_1_38_3033,Lymphoid-Plasma
c_1_38_3034,Epithelial
c_1_38_3035,Lymphoid-Plasma
c_1_38_3036,Lymphoid-Other
c_1_38_3037,Lymphoid-Plasma
c_1_38_3038,Lymphoid-Other
c_1_38_3039,Mesenchymal-Stromal
c_1_38_3040,Lymphoid-Plasma
c_1_38_3041,Lymphoid-B
c_1_38_3042,Lymphoid-T
c_1_38_3043,Epithelial
c_1_38_3044,Endothelial
c_1_38_3045,Lymphoid-T
c_1_38_3046,Epithelial
c_1_38_3047,Lymphoid-T
c_1_38_3048,Lymphoid-Other
c_1_38_3049,Lymphoid-T
c_1_38_3050,Mesenchymal-Stromal
c_1_38_3051,Neuronal-Glial
c_1_38_3052,Lymphoid-T
c_1_38_3053,Epithelial
c_1_38_3054,Endothelial
c_1_38_3055,Lymphoid-Other
c_1_38_3056,Epithelial
c_1_38_3057,Epithelial
c_1_38_3058,Lymphoid-B
c_1_38_3059,Neuronal-Glial
c_1_38_3060,Lymphoid-T
c_1_38_3061,Epithelial
c_1_38_3062,Endothelial
c_1_38_3063,Lymphoid-Other
c_1_38_3064,Lymphoid-Other
c_1_38_3065,Lymphoid-Other
c_1_38_3066,Epithelial
c_1_38_3067,Lymphoid-B
c_1_38_3068,Lymphoid-Other
c_1_38_3069,Erythroid
c_1_38_3070,Lymphoid-Other
c_1_38_3071,Erythroid
c_1_38_3072,Lymphoid-T
c_1_38_3073,Epithelial
c_1_38_3074,Lymphoid-Other
c_1_38_3075,None
c_1_38_3076,Erythroid
c_1_38_3077,Myeloid
c_1_38_3078,Lymphoid-Plasma
c_1_38_3079,Epithelial
c_1_38_3080,Stem
c_1_38_3081,Lymphoid-Other
c_1_38_3082,Lymphoid-Other
c_1_38_3083,Lymphoid-DC
c_1_38_3084,Endothelial
c_1_38_3085,Endothelial
c_1_38_3086,Epithelial
c_1_38_3087,Epithelial
c_1_38_3088,Lymphoid-T
c_1_38_3089,Lymphoid-Plasma
c_1_38_3090,Endothelial
c_1_38_3091,Lymphoid-Plasma
c_1_38_3092,Lymphoid-B
c_1_38_3093,Lymphoid-T
c_1_38_3094,Lymphoid-T
c_1_38_3095,Myeloid
c_1_38_3096,Lymphoid-B
c_1_38_3097,Endothelial
c_1_38_3098,Stem
c_1_38_3099,Lymphoid-Other
c_1_38_3100,Endothelial
c_1_38_3101,Epithelial
c_1_38_3102,Lymphoid-Other
c_1_38_3103,Lymphoid-Other
c_1_38_3104,Lymphoid-Other
c_1_38_3105,Lymphoid-B
c_1_38_3106,Lymphoid-Other
c_1_38_3107,Epithelial
c_1_38_3108,Lymphoid-Other
c_1_38_3109,Epithelial
c_1_38_3110,Stem
c_1_38_3111,Lymphoid-Other
c_1_38_3112,Lymphoid-Plasma
c_1_38_3113,Lymphoid-T
c_1_38_3114,Lymphoid-Plasma
c_1_38_3115,Endothelial
c_1_38_3116,Lymphoid-Other
c_1_38_3117,Epithelial
c_1_38_3118,Epithelial
c_1_38_3119,Lymphoid-B
c_1_38_3120,Lymphoid-B
c_1_38_3121,Lymphoid-T
c_1_38_3122,Lymphoid-B
c_1_38_3123,Epithelial
c_1_38_3124,Lymphoid-Other
c_1_38_3125,Lymphoid-B
c_1_38_3126,Lymphoid-Other
c_1_38_3127,None
c_1_38_3128,Lymphoid-T
c_1_38_3129,Epithelial
c_1_38_3130,Lymphoid-B
c_1_38_3131,Lymphoid-B
c_1_38_3132,Lymphoid-Other
c_1_38_3133,Lymphoid-B
c_1_38_3134,Endothelial
c_1_38_3135,Lymphoid-Plasma
c_1_38_3136,Endothelial
c_1_38_3137,Lymphoid-B
c_1_38_3138,Lymphoid-Other
c_1_38_3139,Lymphoid-Other
c_1_38_3140,Lymphoid-Other
c_1_38_3141,Epithelial
c_1_38_3142,Lymphoid-T
c_1_38_3143,Lymphoid-T
c_1_38_3144,Lymphoid-T
c_1_38_3145,Lymphoid-T
c_1_38_3146,Lymphoid-B
c_1_38_3147,Lymphoid-Other
c_1_38_3148,Lymphoid-B
c_1_38_3149,Lymphoid-Other
c_1_38_3150,Stem
c_1_38_3151,Lymphoid-Other
c_1_38_3152,Stem
c_1_38_3153,Lymphoid-Plasma
c_1_38_3154,Lymphoid-DC
c_1_38_3155,Lymphoid-B
c_1_38_3156,Endothelial
c_1_38_3157,Myeloid
c_1_38_3158,Lymphoid-Other
c_1_38_3159,Lymphoid-B
c_1_38_3160,Neuronal-Glial
c_1_38_3161,Lymphoid-T
c_1_38_3162,Lymphoid-B
c_1_38_3163,Lymphoid-DC
c_1_38_3164,Lymphoid-T
c_1_38_3165,Lymphoid-T
c_1_38_3166,Lymphoid-DC
c_1_38_3167,Lymphoid-B
c_1_38_3168,Lymphoid-Other
c_1_38_3169,Lymphoid-B
c_1_38_3170,Epithelial
c_1_38_3171,Lymphoid-Other
c_1_38_3172,Lymphoid-B
c_1_38_3173,Lymphoid-T
c_1_38_3174,Lymphoid-T
c_1_38_3175,Lymphoid-T
c_1_38_3176,Epithelial
c_1_38_3177,Lymphoid-T
c_1_38_3178,Lymphoid-T
c_1_38_3179,Lymphoid-T
c_1_38_3180,Lymphoid-Other
c_1_38_3181,Endothelial
c_1_38_3182,Lymphoid-T
c_1_38_3183,Lymphoid-T
c_1_38_3184,Lymphoid-T
c_1_38_3185,Lymphoid-Plasma
c_1_38_3186,Lymphoid-T
c_1_38_3187,Lymphoid-Other
c_1_38_3188,Lymphoid-Plasma
c_1_38_3189,Epithelial
c_1_38_3190,Lymphoid-DC
c_1_38_3191,Lymphoid-B
c_1_38_3192,Lymphoid-Other
c_1_38_3193,Lymphoid-T
c_1_38_3194,Lymphoid-T
c_1_38_3195,Lymphoid-B
c_1_38_3196,Lymphoid-Other
c_1_38_3197,Lymphoid-T
c_1_38_3198,Lymphoid-T
c_1_38_3199,Lymphoid-B
c_1_38_3200,Lymphoid-Other
c_1_38_3201,None
c_1_38_3202,Lymphoid-T
c_1_38_3203,Lymphoid-B
c_1_38_3204,Lymphoid-B
c_1_38_3205,Lymphoid-T
c_1_38_3206,Lymphoid-B
c_1_38_3207,None
c_1_38_3208,Stem
c_1_38_3209,Lymphoid-T
c_1_38_3210,Lymphoid-B
c_1_38_3211,Lymphoid-T
c_1_38_3212,Lymphoid-B
c_1_38_3213,Lymphoid-B
c_1_38_3214,Lymphoid-T
c_1_38_3215,Lymphoid-T
c_1_38_3216,Lymphoid-Other
c_1_38_3217,Lymphoid-T
c_1_38_3218,Lymphoid-Other
c_1_38_3219,Lymphoid-Other
c_1_38_3220,Lymphoid-T
c_1_38_3221,Lymphoid-DC
c_1_38_3222,Lymphoid-B
c_1_38_3223,Lymphoid-T
c_1_38_3224,Lymphoid-Other
c_1_38_3225,Lymphoid-T
c_1_38_3226,Lymphoid-Other
c_1_38_3227,Lymphoid-Other
c_1_38_3228,Lymphoid-Other
c_1_38_3229,Lymphoid-T
c_1_38_3230,Lymphoid-B
c_1_38_3231,Lymphoid-Other
c_1_38_3232,Endothelial
c_1_38_3233,Lymphoid-T
c_1_38_3234,Lymphoid-T
c_1_38_3235,Lymphoid-Other
c_1_38_3236,Endothelial
c_1_38_3237,Lymphoid-Plasma
c_1_38_3238,Lymphoid-B
c_1_38_3239,Lymphoid-T
c_1_38_3240,Lymphoid-Other
c_1_38_3241,Lymphoid-T
c_1_38_3242,Lymphoid-B
c_1_38_3243,Lymphoid-B
c_1_38_3244,Lymphoid-T
c_1_38_3245,Endothelial
c_1_38_3246,Lymphoid-T
c_1_38_3247,Lymphoid-T
c_1_38_3248,Lymphoid-T
c_1_38_3249,Lymphoid-T
c_1_38_3250,Lymphoid-T
c_1_38_3251,Epithelial
c_1_38_3252,Lymphoid-T
c_1_38_3253,Lymphoid-B
c_1_38_3254,Lymphoid-T
c_1_38_3255,Lymphoid-T
c_1_38_3256,Lymphoid-Plasma
c_1_38_3257,Lymphoid-B
c_1_38_3258,Lymphoid-Other
c_1_38_3259,Lymphoid-T
c_1_38_3260,Lymphoid-B
c_1_38_3261,Lymphoid-B
c_1_38_3262,Endothelial
c_1_38_3263,Lymphoid-T
c_1_38_3264,Epithelial
c_1_38_3265,Lymphoid-T
c_1_38_3266,Lymphoid-Other
c_1_38_3267,Lymphoid-T
c_1_38_3268,Lymphoid-B
c_1_38_3269,Lymphoid-B
c_1_38_3270,Lymphoid-T
c_1_38_3271,Lymphoid-T
c_1_38_3272,Lymphoid-B
c_1_38_3273,Lymphoid-B
c_1_38_3274,Lymphoid-T
c_1_38_3275,Lymphoid-T
c_1_38_3276,Lymphoid-Other
c_1_38_3277,Lymphoid-T
c_1_38_3278,Lymphoid-Other
c_1_38_3279,Lymphoid-Other
c_1_38_3280,Lymphoid-Other
c_1_38_3281,Endothelial
c_1_38_3282,Lymphoid-T
c_1_38_3283,Endothelial
c_1_38_3284,Lymphoid-B
c_1_38_3285,None
c_1_38_3286,Lymphoid-Plasma
c_1_38_3287,Mesenchymal-Stromal
c_1_38_3288,Lymphoid-T
c_1_38_3289,Lymphoid-B
c_1_38_3290,Lymphoid-Other
c_1_38_3291,Endothelial
c_1_38_3292,Lymphoid-DC
c_1_38_3293,Lymphoid-B
c_1_38_3294,Lymphoid-T
c_1_38_3295,Lymphoid-B
c_1_38_3296,Lymphoid-DC
c_1_38_3297,Lymphoid-T
c_1_38_3298,Endothelial
c_1_38_3299,Lymphoid-B
c_1_38_3300,Lymphoid-B
c_1_38_3301,Lymphoid-Other
c_1_38_3302,Lymphoid-B
c_1_38_3303,Lymphoid-B
c_1_38_3304,Lymphoid-T
c_1_38_3305,Endothelial
c_1_38_3306,Lymphoid-Other
c_1_38_3307,Erythroid
c_1_38_3308,Endothelial
c_1_38_3309,Lymphoid-B
c_1_38_3310,Lymphoid-B
c_1_38_3311,Lymphoid-B
c_1_38_3312,Endothelial
c_1_38_3313,Lymphoid-T
c_1_38_3314,Lymphoid-B
c_1_38_3315,Endothelial
c_1_38_3316,Lymphoid-T
c_1_38_3317,Lymphoid-B
c_1_38_3318,Lymphoid-B
c_1_38_3319,Lymphoid-T
c_1_38_3320,Lymphoid-B
c_1_38_3321,Lymphoid-T
c_1_38_3322,Lymphoid-B
c_1_38_3323,Lymphoid-T
c_1_38_3324,Lymphoid-B
c_1_38_3325,Endothelial
c_1_38_3326,Lymphoid-B
c_1_38_3327,Lymphoid-B
c_1_38_3328,Endothelial
c_1_38_3329,Lymphoid-B
c_1_38_3330,Lymphoid-B
c_1_38_3331,Lymphoid-Other
c_1_38_3332,Lymphoid-B
c_1_38_3333,Lymphoid-T
c_1_38_3334,Lymphoid-B
c_1_38_3335,Lymphoid-B
c_1_38_3336,Lymphoid-T
c_1_38_3337,Lymphoid-B
c_1_38_3338,Lymphoid-Other
c_1_38_3339,Lymphoid-Other
c_1_38_3340,Lymphoid-B
c_1_38_3341,Endothelial
c_1_38_3342,Lymphoid-Other
c_1_38_3343,Lymphoid-B
c_1_38_3344,Lymphoid-B
c_1_38_3345,Lymphoid-B
c_1_38_3346,Lymphoid-B
c_1_38_3347,Lymphoid-B
c_1_38_3348,Lymphoid-Other
c_1_38_3349,Lymphoid-T
c_1_38_3350,Lymphoid-B
c_1_38_3351,Lymphoid-B
c_1_38_3352,Lymphoid-B
c_1_38_3353,Lymphoid-B
c_1_38_3354,Lymphoid-B
c_1_38_3355,Lymphoid-B
c_1_38_3356,Lymphoid-B
c_1_38_3357,Lymphoid-B
c_1_38_3358,Lymphoid-T
c_1_38_3359,Endothelial
c_1_38_3360,Lymphoid-B
c_1_38_3361,Lymphoid-B
c_1_38_3362,Lymphoid-B
c_1_38_3363,Lymphoid-T
c_1_38_3364,Lymphoid-T
c_1_38_3365,Lymphoid-T
c_1_38_3366,Lymphoid-Other
c_1_38_3367,Lymphoid-B
c_1_38_3368,Lymphoid-B
c_1_38_3369,Lymphoid-T
c_1_38_3370,Lymphoid-B
c_1_38_3371,Lymphoid-B
c_1_38_3372,Lymphoid-B
c_1_38_3373,Lymphoid-T
c_1_38_3374,Lymphoid-B
c_1_38_3375,Lymphoid-B
c_1_38_3376,Lymphoid-B
c_1_38_3377,Endothelial
c_1_38_3378,Lymphoid-B
c_1_38_3379,Lymphoid-DC
c_1_38_3380,Lymphoid-B
c_1_38_3381,Lymphoid-B
c_1_38_3382,Lymphoid-B
c_1_38_3383,Lymphoid-Other
c_1_38_3384,Lymphoid-Other
c_1_38_3385,Lymphoid-T
c_1_38_3386,Lymphoid-Other
c_1_38_3387,Lymphoid-T
c_1_38_3388,Lymphoid-B
c_1_38_3389,Lymphoid-B
c_1_38_3390,Lymphoid-B
c_1_38_3391,Lymphoid-B
c_1_38_3392,Lymphoid-B
c_1_38_3393,Lymphoid-B
c_1_38_3394,Lymphoid-Other
c_1_38_3395,Lymphoid-B
c_1_38_3396,Lymphoid-B
c_1_38_3397,Lymphoid-Other
c_1_38_3398,Lymphoid-Other
c_1_38_3399,Endothelial
c_1_38_3400,Lymphoid-B
c_1_38_3401,Lymphoid-B
c_1_38_3402,Lymphoid-Other
c_1_38_3403,Lymphoid-Other
c_1_38_3404,Lymphoid-B
c_1_38_3405,Lymphoid-T
c_1_38_3406,Lymphoid-B
c_1_38_3407,Lymphoid-T
c_1_38_3408,Lymphoid-T
c_1_38_3409,Lymphoid-B
c_1_38_3410,Lymphoid-B
c_1_38_3411,Lymphoid-B
c_1_38_3412,Lymphoid-B
c_1_38_3413,Lymphoid-B
c_1_38_3414,Lymphoid-T
c_1_38_3415,Endothelial
c_1_38_3416,Lymphoid-B
c_1_38_3417,Lymphoid-DC
c_1_38_3418,Lymphoid-B
c_1_38_3419,Lymphoid-B
c_1_38_3420,Lymphoid-B
c_1_38_3421,Lymphoid-T
c_1_38_3422,Lymphoid-Other
c_1_38_3423,Lymphoid-B
c_1_38_3424,Lymphoid-B
c_1_38_3425,Lymphoid-B
c_1_38_3426,Lymphoid-T
c_1_38_3427,Lymphoid-B
c_1_38_3428,Lymphoid-B
c_1_38_3429,Endothelial
c_1_38_3430,Lymphoid-B
c_1_38_3431,Lymphoid-Other
c_1_38_3432,Lymphoid-B
c_1_38_3433,Lymphoid-T
c_1_38_3434,Endothelial
c_1_38_3435,Endothelial
c_1_38_3436,Mesenchymal-Stromal
c_1_38_3437,Lymphoid-B
c_1_38_3438,Lymphoid-B
c_1_38_3439,None
c_1_38_3440,Lymphoid-B
c_1_38_3441,Lymphoid-B
c_1_38_3442,Lymphoid-T
c_1_38_3443,Lymphoid-B
c_1_38_3444,Lymphoid-B
c_1_38_3445,Lymphoid-DC
c_1_38_3446,Lymphoid-B
c_1_38_3447,Lymphoid-B
c_1_38_3448,Lymphoid-Other
c_1_38_3449,Lymphoid-T
c_1_38_3450,Lymphoid-B
c_1_38_3451,Lymphoid-B
c_1_38_3452,Lymphoid-B
c_1_38_3453,Lymphoid-B
c_1_38_3454,Mesenchymal-Stromal
c_1_38_3455,Lymphoid-B
c_1_38_3456,Lymphoid-T
c_1_38_3457,Lymphoid-T
c_1_38_3458,Lymphoid-T
c_1_38_3459,None
c_1_38_3460,Endothelial
c_1_38_3461,Lymphoid-B
c_1_38_3462,Lymphoid-T
c_1_38_3463,Endothelial
c_1_38_3464,Lymphoid-T
c_1_38_3465,Lymphoid-B
c_1_38_3466,Lymphoid-Other
c_1_38_3467,Endothelial
c_1_38_3468,Lymphoid-Other
c_1_38_3469,None
c_1_38_3470,Lymphoid-T
c_1_38_3471,Lymphoid-B
c_1_38_3472,Lymphoid-B
c_1_38_3473,Lymphoid-B
c_1_38_3474,Lymphoid-Other
c_1_38_3475,Lymphoid-B
c_1_38_3476,Lymphoid-B
c_1_38_3477,Myeloid
c_1_38_3478,Lymphoid-B
c_1_38_3479,Lymphoid-Other
c_1_38_3480,Lymphoid-T
c_1_38_3481,Lymphoid-B
c_1_38_3482,None
c_1_38_3483,Lymphoid-B
c_1_38_3484,Lymphoid-B
c_1_38_3485,Lymphoid-Other
c_1_38_3486,Lymphoid-B
c_1_38_3487,Lymphoid-B
c_1_38_3488,Epithelial
c_1_38_3489,Lymphoid-B
c_1_38_3490,Epithelial
c_1_38_3491,Lymphoid-Other
c_1_38_3492,Lymphoid-T
c_1_38_3493,Mesenchymal-Stromal
c_1_38_3494,Lymphoid-DC
c_1_38_3495,Lymphoid-T
c_1_38_3496,Lymphoid-B
c_1_38_3497,None
c_1_38_3498,Lymphoid-T
c_1_38_3499,Endothelial
c_1_38_3500,Lymphoid-B
c_1_38_3501,Lymphoid-Plasma
c_1_38_3502,Lymphoid-B
c_1_38_3503,Lymphoid-B
c_1_38_3504,Epithelial
c_1_38_3505,Lymphoid-B
c_1_38_3506,Lymphoid-T
c_1_38_3507,Lymphoid-B
c_1_38_3508,Lymphoid-B
c_1_38_3509,Lymphoid-B
c_1_38_3510,None
c_1_38_3511,Lymphoid-T
c_1_38_3512,Lymphoid-B
c_1_38_3513,Lymphoid-B
c_1_38_3514,None
c_1_38_3515,Lymphoid-B
c_1_38_3516,Lymphoid-T
c_1_38_3517,Lymphoid-Other
c_1_38_3518,Lymphoid-B
c_1_38_3519,Lymphoid-T
c_1_38_3520,Endothelial
c_1_38_3521,Lymphoid-Other
c_1_38_3522,Lymphoid-T
c_1_38_3523,Endothelial
c_1_38_3524,Lymphoid-Other
c_1_38_3525,Lymphoid-B
c_1_38_3526,Lymphoid-T
c_1_38_3527,Lymphoid-Plasma
c_1_38_3528,Lymphoid-B
c_1_38_3529,Lymphoid-B
c_1_38_3530,None
c_1_38_3531,Lymphoid-Other
c_1_38_3532,Lymphoid-T
c_1_38_3533,Endothelial
c_1_38_3534,Lymphoid-T
c_1_38_3535,Lymphoid-B
c_1_38_3536,Lymphoid-T
c_1_38_3537,Epithelial
c_1_38_3538,Lymphoid-B
c_1_38_3539,Lymphoid-DC
c_1_38_3540,Lymphoid-Other
c_1_38_3541,Lymphoid-Other
c_1_38_3542,Lymphoid-B
c_1_38_3543,Lymphoid-Other
c_1_38_3544,Lymphoid-Other
c_1_38_3545,Lymphoid-Other
c_1_38_3546,Lymphoid-DC
c_1_38_3547,Lymphoid-T
c_1_38_3548,None
c_1_38_3549,Lymphoid-Other
c_1_38_3550,Lymphoid-Other
c_1_38_3551,Endothelial
c_1_38_3552,Lymphoid-B
c_1_38_3553,Endothelial
c_1_38_3554,Endothelial
c_1_38_3555,Myeloid
c_1_38_3556,Lymphoid-B
c_1_38_3557,Lymphoid-B
c_1_38_3558,Lymphoid-B
c_1_38_3559,Endothelial
c_1_38_3560,Lymphoid-B
c_1_38_3561,Endothelial
c_1_38_3562,Lymphoid-B
c_1_38_3563,Lymphoid-T
c_1_38_3564,Lymphoid-T
c_1_38_3565,Lymphoid-B
c_1_38_3566,Lymphoid-Other
c_1_38_3567,Lymphoid-DC
c_1_38_3568,Lymphoid-T
c_1_38_3569,Lymphoid-T
c_1_38_3570,Lymphoid-Other
c_1_38_3571,None
c_1_38_3572,Lymphoid-B
c_1_38_3573,Endothelial
c_1_38_3574,Epithelial
c_1_38_3575,None
c_1_38_3576,Lymphoid-T
c_1_38_3577,Lymphoid-B
c_1_38_3578,Epithelial
c_1_38_3579,Lymphoid-DC
c_1_38_3580,Endothelial
c_1_38_3581,Mesenchymal-Stromal
c_1_38_3582,Endothelial
c_1_38_3583,Lymphoid-Other
c_1_38_3584,Lymphoid-B
c_1_38_3585,Lymphoid-T
c_1_38_3586,Endothelial
c_1_38_3587,Lymphoid-Other
c_1_38_3588,Lymphoid-Other
c_1_38_3589,Lymphoid-B
c_1_38_3590,Lymphoid-T
c_1_38_3591,Mesenchymal-Stromal
c_1_38_3592,Lymphoid-B
c_1_38_3593,Mesenchymal-Stromal
c_1_38_3594,Lymphoid-T
c_1_38_3595,Lymphoid-T
c_1_38_3596,Lymphoid-Other
c_1_38_3597,Lymphoid-B
c_1_38_3598,Lymphoid-B
c_1_38_3599,Lymphoid-T
c_1_38_3600,Lymphoid-T
c_1_38_3601,Lymphoid-T
c_1_38_3602,Lymphoid-Other
c_1_38_3603,Lymphoid-T
c_1_38_3604,Endothelial
c_1_38_3605,Lymphoid-B
c_1_38_3606,None
c_1_38_3607,Lymphoid-B
c_1_38_3608,Lymphoid-T
c_1_38_3609,Lymphoid-T
c_1_38_3610,Lymphoid-Other
c_1_38_3611,Lymphoid-Other
c_1_38_3612,Endothelial
c_1_38_3613,Lymphoid-B
c_1_38_3614,Lymphoid-T
c_1_38_3615,Lymphoid-T
c_1_38_3616,Lymphoid-T
c_1_38_3617,Lymphoid-Other
c_1_38_3618,Lymphoid-Other
c_1_38_3619,None
c_1_38_3620,Lymphoid-T
c_1_38_3621,Lymphoid-T
c_1_38_3622,Lymphoid-B
c_1_38_3623,Lymphoid-B
c_1_38_3624,Lymphoid-T
c_1_38_3625,Lymphoid-Other
c_1_38_3626,Lymphoid-Other
c_1_38_3627,Lymphoid-T
c_1_38_3628,Lymphoid-B
c_1_38_3629,Lymphoid-Other
c_1_38_3630,Lymphoid-B
c_1_38_3631,Lymphoid-T
c_1_38_3632,Lymphoid-B
c_1_38_3633,Lymphoid-B
c_1_38_3634,Lymphoid-B
c_1_38_3635,Lymphoid-T
c_1_38_3636,Endothelial
c_1_38_3637,Lymphoid-B
c_1_38_3638,Lymphoid-Other
c_1_38_3639,Lymphoid-T
c_1_38_3640,Lymphoid-T
c_1_38_3641,Lymphoid-DC
c_1_38_3642,Lymphoid-T
c_1_38_3643,Lymphoid-T
c_1_38_3644,Lymphoid-Other
c_1_38_3645,Lymphoid-B
c_1_38_3646,Lymphoid-Plasma
c_1_38_3647,Lymphoid-B
c_1_38_3648,Lymphoid-B
c_1_38_3649,Lymphoid-T
c_1_38_3650,Lymphoid-B
c_1_38_3651,Mesenchymal-Stromal
c_1_38_3652,Lymphoid-Other
c_1_38_3653,Lymphoid-T
c_1_38_3654,Lymphoid-B
c_1_38_3655,Neuronal-Glial
c_1_38_3656,Lymphoid-Other
c_1_38_3657,Lymphoid-T
c_1_38_3658,Lymphoid-B
c_1_38_3659,Lymphoid-B
c_1_38_3660,Lymphoid-T
c_1_38_3661,Lymphoid-T
c_1_38_3662,Lymphoid-B
c_1_38_3663,Lymphoid-T
c_1_38_3664,Lymphoid-B
c_1_38_3665,Lymphoid-T
c_1_38_3666,Lymphoid-B
c_1_38_3667,Endothelial
c_1_38_3668,Lymphoid-B
c_1_38_3669,Lymphoid-T
c_1_38_3670,Endothelial
c_1_38_3671,Lymphoid-T
c_1_38_3672,Lymphoid-B
c_1_38_3673,Lymphoid-T
c_1_38_3674,Lymphoid-T
c_1_38_3675,Lymphoid-B
c_1_38_3676,Lymphoid-B
c_1_38_3677,Lymphoid-T
c_1_38_3678,Lymphoid-Other
c_1_38_3679,Lymphoid-B
c_1_38_3680,Lymphoid-T
c_1_38_3681,Lymphoid-B
c_1_38_3682,Lymphoid-B
c_1_38_3683,Lymphoid-B
c_1_38_3684,Lymphoid-Other
c_1_38_3685,Lymphoid-Other
c_1_38_3686,Lymphoid-Other
c_1_38_3687,Lymphoid-T
c_1_38_3688,Lymphoid-B
c_1_38_3689,Lymphoid-B
c_1_38_3690,Lymphoid-Other
c_1_38_3691,Lymphoid-B
c_1_38_3692,Lymphoid-B
c_1_38_3693,Lymphoid-B
c_1_38_3694,Myeloid
c_1_38_3695,Erythroid
