cell_id,cell_type
c_1_20_1,Lymphoid-Other
c_1_20_2,Lymphoid-Other
c_1_20_3,Lymphoid-Other
c_1_20_4,Lymphoid-Other
c_1_20_5,Lymphoid-Other
c_1_20_6,Epithelial
c_1_20_7,Lymphoid-T
c_1_20_8,Epithelial
c_1_20_9,Epithelial
c_1_20_10,Epithelial
c_1_20_11,Epithelial
c_1_20_12,Epithelial
c_1_20_13,Lymphoid-Other
c_1_20_14,Lymphoid-Other
c_1_20_15,Lymphoid-Other
c_1_20_16,Epithelial
c_1_20_17,Epithelial
c_1_20_18,Epithelial
c_1_20_19,Epithelial
c_1_20_20,Mesenchymal-Stromal
c_1_20_21,Epithelial
c_1_20_22,Epithelial
c_1_20_23,Lymphoid-Other
c_1_20_24,Epithelial
c_1_20_25,Epithelial
c_1_20_26,Epithelial
c_1_20_27,Epithelial
c_1_20_28,Epithelial
c_1_20_29,Epithelial
c_1_20_30,Lymphoid-Other
c_1_20_31,Epithelial
c_1_20_32,Erythroid
c_1_20_33,Lymphoid-Other
c_1_20_34,Epithelial
c_1_20_35,Epithelial
c_1_20_36,Lymphoid-Other
c_1_20_37,Lymphoid-Other
c_1_20_38,Epithelial
c_1_20_39,Epithelial
c_1_20_40,Epithelial
c_1_20_41,Epithelial
c_1_20_42,Epithelial
c_1_20_43,Epithelial
c_1_20_44,Epithelial
c_1_20_45,Epithelial
c_1_20_46,Epithelial
c_1_20_47,Epithelial
c_1_20_48,Epithelial
c_1_20_49,Lymphoid-Other
c_1_20_50,Epithelial
c_1_20_51,Epithelial
c_1_20_52,Epithelial
c_1_20_53,Epithelial
c_1_20_54,Lymphoid-Other
c_1_20_55,Lymphoid-Plasma
c_1_20_56,Epithelial
c_1_20_57,Lymphoid-Plasma
c_1_20_58,Epithelial
c_1_20_59,Epithelial
c_1_20_60,Epithelial
c_1_20_61,Epithelial
c_1_20_62,Lymphoid-Plasma
c_1_20_63,Epithelial
c_1_20_64,Epithelial
c_1_20_65,Epithelial
c_1_20_66,Epithelial
c_1_20_67,Epithelial
c_1_20_68,Epithelial
c_1_20_69,Epithelial
c_1_20_70,Epithelial
c_1_20_71,Epithelial
c_1_20_72,Epithelial
c_1_20_73,Epithelial
c_1_20_74,Mesenchymal-Stromal
c_1_20_75,Epithelial
c_1_20_76,Epithelial
c_1_20_77,Epithelial
c_1_20_78,Epithelial
c_1_20_79,Epithelial
c_1_20_80,Epithelial
c_1_20_81,Epithelial
c_1_20_82,Epithelial
c_1_20_83,Lymphoid-Other
c_1_20_84,Epithelial
c_1_20_85,Epithelial
c_1_20_86,Lymphoid-Plasma
c_1_20_87,Epithelial
c_1_20_88,Epithelial
c_1_20_89,Epithelial
c_1_20_90,Epithelial
c_1_20_91,Epithelial
c_1_20_92,Epithelial
c_1_20_93,Epithelial
c_1_20_94,Lymphoid-Other
c_1_20_95,Epithelial
c_1_20_96,Epithelial
c_1_20_97,Epithelial
c_1_20_98,Epithelial
c_1_20_99,Epithelial
c_1_20_100,Epithelial
c_1_20_101,Lymphoid-Other
c_1_20_102,Epithelial
c_1_20_103,Epithelial
c_1_20_104,Epithelial
c_1_20_105,Epithelial
c_1_20_106,Epithelial
c_1_20_107,Epithelial
c_1_20_108,Lymphoid-Plasma
c_1_20_109,Epithelial
c_1_20_110,Epithelial
c_1_20_111,Epithelial
c_1_20_112,Epithelial
c_1_20_113,Epithelial
c_1_20_114,Lymphoid-Other
c_1_20_115,Epithelial
c_1_20_116,Epithelial
c_1_20_117,Lymphoid-Other
c_1_20_118,Epithelial
c_1_20_119,Epithelial
c_1_20_120,Epithelial
c_1_20_121,Epithelial
c_1_20_122,Epithelial
c_1_20_123,Epithelial
c_1_20_124,Epithelial
c_1_20_125,Epithelial
c_1_20_126,Lymphoid-T
c_1_20_127,Epithelial
c_1_20_128,Epithelial
c_1_20_129,Epithelial
c_1_20_130,Epithelial
c_1_20_131,Epithelial
c_1_20_132,Epithelial
c_1_20_133,Epithelial
c_1_20_134,Epithelial
c_1_20_135,Epithelial
c_1_20_136,Epithelial
c_1_20_137,Epithelial
c_1_20_138,Epithelial
c_1_20_139,Epithelial
c_1_20_140,Epithelial
c_1_20_141,Stem
c_1_20_142,Lymphoid-Other
c_1_20_143,Epithelial
c_1_20_144,Epithelial
c_1_20_145,Lymphoid-Other
c_1_20_146,Epithelial
c_1_20_147,Epithelial
c_1_20_148,Epithelial
c_1_20_149,Epithelial
c_1_20_150,Lymphoid-Other
c_1_20_151,Epithelial
c_1_20_152,Epithelial
c_1_20_153,Epithelial
c_1_20_154,Epithelial
c_1_20_155,Epithelial
c_1_20_156,Epithelial
c_1_20_157,Epithelial
c_1_20_158,Epithelial
c_1_20_159,Lymphoid-Plasma
c_1_20_160,Epithelial
c_1_20_161,Epithelial
c_1_20_162,Epithelial
c_1_20_163,Epithelial
c_1_20_164,Lymphoid-Plasma
c_1_20_165,Lymphoid-Other
c_1_20_166,Epithelial
c_1_20_167,Epithelial
c_1_20_168,Epithelial
c_1_20_169,Epithelial
c_1_20_170,Lymphoid-Plasma
c_1_20_171,Epithelial
c_1_20_172,Lymphoid-Plasma
c_1_20_173,Epithelial
c_1_20_174,Epithelial
c_1_20_175,Epithelial
c_1_20_176,Lymphoid-Plasma
c_1_20_177,Epithelial
c_1_20_178,Epithelial
c_1_20_179,Epithelial
c_1_20_180,Lymphoid-Other
c_1_20_181,Epithelial
c_1_20_182,Epithelial
c_1_20_183,Lymphoid-Plasma
c_1_20_184,Lymphoid-Other
c_1_20_185,Lymphoid-Other
c_1_20_186,Epithelial
c_1_20_187,Epithelial
c_1_20_188,Lymphoid-Plasma
c_1_20_189,Epithelial
c_1_20_190,Epithelial
c_1_20_191,Epithelial
c_1_20_192,Lymphoid-Plasma
c_1_20_193,Epithelial
c_1_20_194,Epithelial
c_1_20_195,Epithelial
c_1_20_196,Epithelial
c_1_20_197,Epithelial
c_1_20_198,Epithelial
c_1_20_199,Epithelial
c_1_20_200,Epithelial
c_1_20_201,Epithelial
c_1_20_202,Epithelial
c_1_20_203,Epithelial
c_1_20_204,Lymphoid-Other
c_1_20_205,Epithelial
c_1_20_206,Epithelial
c_1_20_207,Epithelial
c_1_20_208,Lymphoid-Other
c_1_20_209,Epithelial
c_1_20_210,Epithelial
c_1_20_211,Epithelial
c_1_20_212,Epithelial
c_1_20_213,Epithelial
c_1_20_214,Epithelial
c_1_20_215,Epithelial
c_1_20_216,Epithelial
c_1_20_217,Epithelial
c_1_20_218,Epithelial
c_1_20_219,Epithelial
c_1_20_220,Epithelial
c_1_20_221,Epithelial
c_1_20_222,Epithelial
c_1_20_223,Epithelial
c_1_20_224,Epithelial
c_1_20_225,Lymphoid-T
c_1_20_226,Lymphoid-Other
c_1_20_227,Epithelial
c_1_20_228,Epithelial
c_1_20_229,Epithelial
c_1_20_230,Epithelial
c_1_20_231,Epithelial
c_1_20_232,Epithelial
c_1_20_233,Epithelial
c_1_20_234,Epithelial
c_1_20_235,Epithelial
c_1_20_236,Epithelial
c_1_20_237,Epithelial
c_1_20_238,Epithelial
c_1_20_239,Epithelial
c_1_20_240,Epithelial
c_1_20_241,Epithelial
c_1_20_242,Epithelial
c_1_20_243,Epithelial
c_1_20_244,Epithelial
c_1_20_245,Lymphoid-Other
c_1_20_246,Epithelial
c_1_20_247,Epithelial
c_1_20_248,Lymphoid-T
c_1_20_249,Epithelial
c_1_20_250,Epithelial
c_1_20_251,Lymphoid-Other
c_1_20_252,Epithelial
c_1_20_253,Epithelial
c_1_20_254,Epithelial
c_1_20_255,Epithelial
c_1_20_256,Epithelial
c_1_20_257,Epithelial
c_1_20_258,Epithelial
c_1_20_259,Epithelial
c_1_20_260,Epithelial
c_1_20_261,Epithelial
c_1_20_262,Epithelial
c_1_20_263,Lymphoid-Other
c_1_20_264,Epithelial
c_1_20_265,Lymphoid-Other
c_1_20_266,Epithelial
c_1_20_267,Epithelial
c_1_20_268,Epithelial
c_1_20_269,Epithelial
c_1_20_270,Epithelial
c_1_20_271,Epithelial
c_1_20_272,Epithelial
c_1_20_273,Epithelial
c_1_20_274,Lymphoid-Other
c_1_20_275,Epithelial
c_1_20_276,Epithelial
c_1_20_277,Epithelial
c_1_20_278,Epithelial
c_1_20_279,Epithelial
c_1_20_280,Epithelial
c_1_20_281,Epithelial
c_1_20_282,Epithelial
c_1_20_283,Epithelial
c_1_20_284,Epithelial
c_1_20_285,Epithelial
c_1_20_286,Epithelial
c_1_20_287,Epithelial
c_1_20_288,Epithelial
c_1_20_289,Epithelial
c_1_20_290,Epithelial
c_1_20_291,Epithelial
c_1_20_292,Lymphoid-Other
c_1_20_293,Epithelial
c_1_20_294,Epithelial
c_1_20_295,Epithelial
c_1_20_296,Epithelial
c_1_20_297,Epithelial
c_1_20_298,Epithelial
c_1_20_299,Epithelial
c_1_20_300,Epithelial
c_1_20_301,Epithelial
c_1_20_302,Epithelial
c_1_20_303,Lymphoid-Other
c_1_20_304,Epithelial
c_1_20_305,Epithelial
c_1_20_306,Epithelial
c_1_20_307,Epithelial
c_1_20_308,Lymphoid-Other
c_1_20_309,Epithelial
c_1_20_310,Epithelial
c_1_20_311,Epithelial
c_1_20_312,Epithelial
c_1_20_313,Epithelial
c_1_20_314,Epithelial
c_1_20_315,Epithelial
c_1_20_316,Epithelial
c_1_20_317,Epithelial
c_1_20_318,Lymphoid-Other
c_1_20_319,Epithelial
c_1_20_320,Epithelial
c_1_20_321,Epithelial
c_1_20_322,Lymphoid-Other
c_1_20_323,Epithelial
c_1_20_324,Lymphoid-Other
c_1_20_325,Epithelial
c_1_20_326,Epithelial
c_1_20_327,Epithelial
c_1_20_328,Epithelial
c_1_20_329,Epithelial
c_1_20_330,Epithelial
c_1_20_331,Lymphoid-Other
c_1_20_332,Epithelial
c_1_20_333,Epithelial
c_1_20_334,Epithelial
c_1_20_335,Epithelial
c_1_20_336,Epithelial
c_1_20_337,Epithelial
c_1_20_338,Epithelial
c_1_20_339,Epithelial
c_1_20_340,Epithelial
c_1_20_341,Epithelial
c_1_20_342,Lymphoid-Other
c_1_20_343,Epithelial
c_1_20_344,Epithelial
c_1_20_345,Epithelial
c_1_20_346,Epithelial
c_1_20_347,Epithelial
c_1_20_348,Epithelial
c_1_20_349,Epithelial
c_1_20_350,Epithelial
c_1_20_351,Epithelial
c_1_20_352,Epithelial
c_1_20_353,Epithelial
c_1_20_354,Epithelial
c_1_20_355,Epithelial
c_1_20_356,Lymphoid-Other
c_1_20_357,Epithelial
c_1_20_358,Epithelial
c_1_20_359,Lymphoid-T
c_1_20_360,Epithelial
c_1_20_361,Epithelial
c_1_20_362,Epithelial
c_1_20_363,Epithelial
c_1_20_364,Epithelial
c_1_20_365,Epithelial
c_1_20_366,Epithelial
c_1_20_367,Lymphoid-Other
c_1_20_368,Epithelial
c_1_20_369,Epithelial
c_1_20_370,Epithelial
c_1_20_371,Lymphoid-Other
c_1_20_372,Epithelial
c_1_20_373,Epithelial
c_1_20_374,Epithelial
c_1_20_375,Epithelial
c_1_20_376,Epithelial
c_1_20_377,Epithelial
c_1_20_378,Epithelial
c_1_20_379,Epithelial
c_1_20_381,Epithelial
c_1_20_382,Epithelial
c_1_20_383,Epithelial
c_1_20_384,Lymphoid-T
c_1_20_385,Epithelial
c_1_20_386,Lymphoid-Other
c_1_20_387,Epithelial
c_1_20_388,Epithelial
c_1_20_389,Epithelial
c_1_20_390,Lymphoid-T
c_1_20_391,Epithelial
c_1_20_392,Epithelial
c_1_20_393,Epithelial
c_1_20_394,Epithelial
c_1_20_395,Lymphoid-Other
c_1_20_396,Epithelial
c_1_20_397,Epithelial
c_1_20_398,Epithelial
c_1_20_399,Lymphoid-Other
c_1_20_400,Epithelial
c_1_20_401,Epithelial
c_1_20_403,Epithelial
c_1_20_404,Epithelial
c_1_20_406,Epithelial
c_1_20_407,Lymphoid-Other
c_1_20_408,Epithelial
c_1_20_409,Epithelial
c_1_20_410,Epithelial
c_1_20_411,Epithelial
c_1_20_412,Lymphoid-T
c_1_20_413,Epithelial
c_1_20_415,Lymphoid-Other
c_1_20_416,Lymphoid-Other
c_1_20_417,Lymphoid-Other
c_1_20_418,Epithelial
c_1_20_419,Epithelial
c_1_20_420,Epithelial
c_1_20_421,Lymphoid-T
c_1_20_422,Epithelial
c_1_20_423,Epithelial
c_1_20_424,Epithelial
c_1_20_425,Epithelial
c_1_20_426,Lymphoid-Other
c_1_20_427,Epithelial
c_1_20_428,Epithelial
c_1_20_429,Lymphoid-Other
c_1_20_430,Epithelial
c_1_20_431,Lymphoid-Other
c_1_20_432,Epithelial
c_1_20_433,Lymphoid-Other
c_1_20_434,Epithelial
c_1_20_435,Lymphoid-T
c_1_20_436,Epithelial
c_1_20_437,Epithelial
c_1_20_438,Lymphoid-Other
c_1_20_439,Epithelial
c_1_20_440,Lymphoid-Other
c_1_20_441,Epithelial
c_1_20_442,Epithelial
c_1_20_443,Epithelial
c_1_20_444,Epithelial
c_1_20_445,Epithelial
c_1_20_446,Epithelial
c_1_20_447,Lymphoid-Other
c_1_20_449,Epithelial
c_1_20_450,Lymphoid-Other
c_1_20_451,Epithelial
c_1_20_452,Epithelial
c_1_20_453,Epithelial
c_1_20_454,Lymphoid-Other
c_1_20_455,Lymphoid-T
c_1_20_456,Lymphoid-Other
c_1_20_457,Epithelial
c_1_20_458,Epithelial
c_1_20_459,Epithelial
c_1_20_460,Lymphoid-T
c_1_20_461,Lymphoid-Other
c_1_20_462,Lymphoid-Other
c_1_20_463,Epithelial
c_1_20_464,Epithelial
c_1_20_465,Epithelial
c_1_20_466,Lymphoid-Other
c_1_20_467,Epithelial
c_1_20_468,Epithelial
c_1_20_469,Epithelial
c_1_20_470,Epithelial
c_1_20_471,Lymphoid-Other
c_1_20_472,Epithelial
c_1_20_473,Lymphoid-Other
c_1_20_474,Epithelial
c_1_20_477,Epithelial
c_1_20_478,Lymphoid-Other
c_1_20_479,Epithelial
c_1_20_481,Lymphoid-Other
c_1_20_482,Epithelial
c_1_20_483,Epithelial
c_1_20_484,Lymphoid-Other
c_1_20_485,Lymphoid-Other
c_1_20_486,Epithelial
c_1_20_487,Lymphoid-Other
c_1_20_488,Epithelial
c_1_20_489,Epithelial
c_1_20_490,Epithelial
c_1_20_491,Lymphoid-T
c_1_20_492,Epithelial
c_1_20_493,Epithelial
c_1_20_494,Lymphoid-Other
c_1_20_495,Epithelial
c_1_20_496,Epithelial
c_1_20_497,Lymphoid-Other
c_1_20_498,Epithelial
c_1_20_499,Epithelial
c_1_20_500,Epithelial
c_1_20_501,Lymphoid-Other
c_1_20_502,Lymphoid-Other
c_1_20_503,Lymphoid-Other
c_1_20_504,Epithelial
c_1_20_505,Lymphoid-Other
c_1_20_506,Lymphoid-Other
c_1_20_507,Epithelial
c_1_20_509,Lymphoid-Other
c_1_20_511,Epithelial
c_1_20_512,Lymphoid-Other
c_1_20_513,Epithelial
c_1_20_514,Epithelial
c_1_20_515,Epithelial
c_1_20_516,Epithelial
c_1_20_517,Epithelial
c_1_20_518,Epithelial
c_1_20_519,Epithelial
c_1_20_520,Lymphoid-Other
c_1_20_521,Epithelial
c_1_20_522,Epithelial
c_1_20_523,Epithelial
c_1_20_524,Epithelial
c_1_20_525,Epithelial
c_1_20_526,Lymphoid-T
c_1_20_527,Lymphoid-Other
c_1_20_528,Epithelial
c_1_20_529,Lymphoid-T
c_1_20_530,Epithelial
c_1_20_531,Epithelial
c_1_20_532,Lymphoid-Other
c_1_20_534,Epithelial
c_1_20_535,Lymphoid-Other
c_1_20_536,Epithelial
c_1_20_537,Epithelial
c_1_20_538,Lymphoid-Other
c_1_20_539,Lymphoid-T
c_1_20_540,Epithelial
c_1_20_541,Epithelial
c_1_20_542,Epithelial
c_1_20_543,Lymphoid-Other
c_1_20_544,Epithelial
c_1_20_545,Lymphoid-Other
c_1_20_546,Epithelial
c_1_20_547,Lymphoid-Other
c_1_20_548,Epithelial
c_1_20_549,Epithelial
c_1_20_550,Lymphoid-T
c_1_20_551,Lymphoid-Other
c_1_20_552,Epithelial
c_1_20_553,Epithelial
c_1_20_554,Epithelial
c_1_20_555,Epithelial
c_1_20_556,Lymphoid-Other
c_1_20_557,Epithelial
c_1_20_558,Lymphoid-T
c_1_20_559,Epithelial
c_1_20_560,Epithelial
c_1_20_561,Epithelial
c_1_20_562,Lymphoid-Other
c_1_20_563,Epithelial
c_1_20_565,Epithelial
c_1_20_566,Epithelial
c_1_20_567,Epithelial
c_1_20_568,Lymphoid-T
c_1_20_569,Epithelial
c_1_20_570,Epithelial
c_1_20_571,Epithelial
c_1_20_572,Epithelial
c_1_20_573,Mesenchymal-Stromal
c_1_20_574,Epithelial
c_1_20_575,Epithelial
c_1_20_576,Epithelial
c_1_20_577,Epithelial
c_1_20_578,Epithelial
c_1_20_579,Epithelial
c_1_20_580,Epithelial
c_1_20_581,Lymphoid-Other
c_1_20_582,Lymphoid-Other
c_1_20_583,Lymphoid-T
c_1_20_584,Epithelial
c_1_20_585,Epithelial
c_1_20_586,Epithelial
c_1_20_587,Lymphoid-Other
c_1_20_588,Lymphoid-T
c_1_20_589,Epithelial
c_1_20_590,Epithelial
c_1_20_591,Lymphoid-Other
c_1_20_592,Lymphoid-Other
c_1_20_593,Lymphoid-Other
c_1_20_594,Lymphoid-Other
c_1_20_595,Epithelial
c_1_20_596,Epithelial
c_1_20_597,Lymphoid-Other
c_1_20_598,Lymphoid-T
c_1_20_599,Epithelial
c_1_20_600,Lymphoid-Other
c_1_20_601,Epithelial
c_1_20_602,Epithelial
c_1_20_603,Epithelial
c_1_20_604,Lymphoid-Other
c_1_20_605,Lymphoid-Other
c_1_20_606,Lymphoid-Other
c_1_20_607,Lymphoid-Other
c_1_20_608,Lymphoid-Other
c_1_20_609,Epithelial
c_1_20_610,Lymphoid-Other
c_1_20_611,Lymphoid-Other
c_1_20_612,Epithelial
c_1_20_613,Epithelial
c_1_20_614,Lymphoid-Other
c_1_20_615,Lymphoid-Other
c_1_20_616,Epithelial
c_1_20_617,Lymphoid-B
c_1_20_618,Lymphoid-Other
c_1_20_619,Epithelial
c_1_20_620,Lymphoid-T
c_1_20_621,Epithelial
c_1_20_622,Lymphoid-Other
c_1_20_623,Lymphoid-Other
c_1_20_624,Epithelial
c_1_20_625,Lymphoid-T
c_1_20_626,Epithelial
c_1_20_627,Lymphoid-Other
c_1_20_628,Lymphoid-Other
c_1_20_629,Lymphoid-Other
c_1_20_630,Mesenchymal-Stromal
c_1_20_631,Lymphoid-Other
c_1_20_632,Epithelial
c_1_20_633,Epithelial
c_1_20_634,Epithelial
c_1_20_635,Lymphoid-Other
c_1_20_636,Lymphoid-Other
c_1_20_637,Lymphoid-T
c_1_20_638,Epithelial
c_1_20_640,Lymphoid-Other
c_1_20_641,Lymphoid-Other
c_1_20_642,Epithelial
c_1_20_643,Epithelial
c_1_20_644,Lymphoid-Other
c_1_20_645,Epithelial
c_1_20_646,Lymphoid-Other
c_1_20_647,Lymphoid-Other
c_1_20_648,Lymphoid-Other
c_1_20_649,Epithelial
c_1_20_650,Lymphoid-Other
c_1_20_651,Epithelial
c_1_20_652,Lymphoid-Other
c_1_20_653,Epithelial
c_1_20_654,Epithelial
c_1_20_655,Epithelial
c_1_20_656,Epithelial
c_1_20_657,Epithelial
c_1_20_658,Epithelial
c_1_20_659,Lymphoid-Other
c_1_20_660,Epithelial
c_1_20_661,Epithelial
c_1_20_662,Epithelial
c_1_20_663,Lymphoid-Other
c_1_20_664,Epithelial
c_1_20_665,Epithelial
c_1_20_666,Epithelial
c_1_20_667,Epithelial
c_1_20_668,Lymphoid-Other
c_1_20_669,Lymphoid-Other
c_1_20_670,Lymphoid-Other
c_1_20_671,Lymphoid-Other
c_1_20_672,Lymphoid-Other
c_1_20_674,Epithelial
c_1_20_675,Epithelial
c_1_20_676,Epithelial
c_1_20_677,Lymphoid-T
c_1_20_678,Lymphoid-T
c_1_20_679,Epithelial
c_1_20_680,Epithelial
c_1_20_681,Epithelial
c_1_20_682,Epithelial
c_1_20_683,Epithelial
c_1_20_684,Epithelial
c_1_20_685,Lymphoid-Other
c_1_20_686,Lymphoid-Other
c_1_20_687,Lymphoid-T
c_1_20_688,Lymphoid-T
c_1_20_689,Epithelial
c_1_20_690,Lymphoid-Other
c_1_20_691,Epithelial
c_1_20_692,Lymphoid-Other
c_1_20_693,Epithelial
c_1_20_694,Lymphoid-Other
c_1_20_695,Epithelial
c_1_20_696,Epithelial
c_1_20_697,Lymphoid-Other
c_1_20_698,Lymphoid-Other
c_1_20_699,Lymphoid-Other
c_1_20_700,Epithelial
c_1_20_701,Epithelial
c_1_20_702,Epithelial
c_1_20_703,Epithelial
c_1_20_704,Lymphoid-Other
c_1_20_705,Lymphoid-T
c_1_20_706,Epithelial
c_1_20_707,Epithelial
c_1_20_708,Epithelial
c_1_20_709,Lymphoid-DC
c_1_20_710,Endothelial
c_1_20_711,Epithelial
c_1_20_712,Lymphoid-Other
c_1_20_713,Epithelial
c_1_20_714,Lymphoid-Other
c_1_20_715,Lymphoid-Other
c_1_20_716,Lymphoid-Other
c_1_20_717,Lymphoid-Other
c_1_20_718,Epithelial
c_1_20_719,Lymphoid-Other
c_1_20_720,Epithelial
c_1_20_721,Lymphoid-Other
c_1_20_722,Epithelial
c_1_20_723,Epithelial
c_1_20_724,Epithelial
c_1_20_725,Epithelial
c_1_20_726,Epithelial
c_1_20_727,Lymphoid-T
c_1_20_728,Lymphoid-Other
c_1_20_729,Epithelial
c_1_20_730,Lymphoid-Other
c_1_20_731,Epithelial
c_1_20_732,Epithelial
c_1_20_733,Epithelial
c_1_20_734,Lymphoid-T
c_1_20_735,Lymphoid-Other
c_1_20_736,Epithelial
c_1_20_737,Lymphoid-Other
c_1_20_739,Lymphoid-Other
c_1_20_740,Lymphoid-Other
c_1_20_741,Epithelial
c_1_20_742,Epithelial
c_1_20_743,Lymphoid-T
c_1_20_744,Epithelial
c_1_20_745,Lymphoid-Other
c_1_20_746,Lymphoid-Other
c_1_20_747,Epithelial
c_1_20_748,Lymphoid-T
c_1_20_749,Epithelial
c_1_20_750,Epithelial
c_1_20_751,Epithelial
c_1_20_752,Lymphoid-Other
c_1_20_753,Epithelial
c_1_20_754,Lymphoid-Other
c_1_20_755,Epithelial
c_1_20_756,Epithelial
c_1_20_757,Epithelial
c_1_20_758,Lymphoid-Other
c_1_20_759,Epithelial
c_1_20_760,Lymphoid-Other
c_1_20_761,Epithelial
c_1_20_762,Lymphoid-T
c_1_20_763,Epithelial
c_1_20_764,Epithelial
c_1_20_765,Lymphoid-Other
c_1_20_766,Epithelial
c_1_20_767,Epithelial
c_1_20_769,Epithelial
c_1_20_770,Lymphoid-Other
c_1_20_771,Epithelial
c_1_20_772,Lymphoid-Other
c_1_20_773,Lymphoid-T
c_1_20_774,Lymphoid-Other
c_1_20_775,Lymphoid-Other
c_1_20_776,Epithelial
c_1_20_777,Epithelial
c_1_20_778,Lymphoid-T
c_1_20_779,Epithelial
c_1_20_780,Epithelial
c_1_20_781,Lymphoid-Other
c_1_20_782,Lymphoid-Other
c_1_20_783,Lymphoid-T
c_1_20_784,Lymphoid-Other
c_1_20_786,Epithelial
c_1_20_787,Epithelial
c_1_20_789,Epithelial
c_1_20_790,Lymphoid-T
c_1_20_791,Epithelial
c_1_20_792,Epithelial
c_1_20_793,Epithelial
c_1_20_794,Epithelial
c_1_20_795,Lymphoid-Other
c_1_20_796,Epithelial
c_1_20_797,Epithelial
c_1_20_798,Lymphoid-Other
c_1_20_799,Epithelial
c_1_20_800,Lymphoid-Other
c_1_20_801,Lymphoid-Other
c_1_20_802,Lymphoid-T
c_1_20_803,Epithelial
c_1_20_804,Epithelial
c_1_20_805,Epithelial
c_1_20_806,Lymphoid-T
c_1_20_807,Lymphoid-Other
c_1_20_808,Epithelial
c_1_20_809,Epithelial
c_1_20_810,Lymphoid-T
c_1_20_811,Lymphoid-Other
c_1_20_812,Epithelial
c_1_20_813,Lymphoid-Other
c_1_20_814,Epithelial
c_1_20_815,Epithelial
c_1_20_816,Lymphoid-T
c_1_20_817,Epithelial
c_1_20_818,Lymphoid-Other
c_1_20_819,Lymphoid-Other
c_1_20_820,Lymphoid-Other
c_1_20_822,Lymphoid-Other
c_1_20_823,Lymphoid-Other
c_1_20_824,Epithelial
c_1_20_825,Lymphoid-Other
c_1_20_826,Lymphoid-Other
c_1_20_827,Epithelial
c_1_20_828,Lymphoid-T
c_1_20_829,Epithelial
c_1_20_830,Lymphoid-T
c_1_20_831,Epithelial
c_1_20_832,Epithelial
c_1_20_833,Epithelial
c_1_20_834,Epithelial
c_1_20_835,Lymphoid-T
c_1_20_836,Epithelial
c_1_20_837,Lymphoid-Other
c_1_20_838,Epithelial
c_1_20_839,Epithelial
c_1_20_840,Epithelial
c_1_20_841,Epithelial
c_1_20_842,Epithelial
c_1_20_843,Epithelial
c_1_20_844,Lymphoid-Other
c_1_20_845,Lymphoid-Other
c_1_20_846,Lymphoid-Other
c_1_20_847,Lymphoid-Other
c_1_20_848,Lymphoid-Other
c_1_20_849,Epithelial
c_1_20_850,Lymphoid-T
c_1_20_851,Epithelial
c_1_20_852,Epithelial
c_1_20_853,Epithelial
c_1_20_854,Lymphoid-Other
c_1_20_855,Epithelial
c_1_20_856,Epithelial
c_1_20_857,Lymphoid-Other
c_1_20_858,Epithelial
c_1_20_860,Lymphoid-Other
c_1_20_862,Epithelial
c_1_20_863,Epithelial
c_1_20_864,Lymphoid-Other
c_1_20_865,Epithelial
c_1_20_866,Epithelial
c_1_20_868,Lymphoid-Other
c_1_20_869,Epithelial
c_1_20_872,Epithelial
c_1_20_873,Epithelial
c_1_20_874,Epithelial
c_1_20_875,Epithelial
c_1_20_876,Lymphoid-T
c_1_20_877,Lymphoid-Other
c_1_20_878,Epithelial
c_1_20_879,Epithelial
c_1_20_880,Epithelial
c_1_20_881,Epithelial
c_1_20_882,Epithelial
c_1_20_883,Epithelial
c_1_20_884,Epithelial
c_1_20_885,Epithelial
c_1_20_886,Epithelial
c_1_20_887,Epithelial
c_1_20_888,Epithelial
c_1_20_890,Epithelial
c_1_20_891,Epithelial
c_1_20_893,Epithelial
c_1_20_894,Lymphoid-Other
c_1_20_895,Epithelial
c_1_20_896,Lymphoid-Other
c_1_20_898,Epithelial
c_1_20_899,Epithelial
c_1_20_900,Lymphoid-Other
c_1_20_901,Epithelial
c_1_20_902,Lymphoid-Other
c_1_20_903,Epithelial
c_1_20_904,Lymphoid-Other
c_1_20_905,Lymphoid-Other
c_1_20_906,Lymphoid-Other
c_1_20_907,Lymphoid-Other
c_1_20_908,Epithelial
c_1_20_909,Lymphoid-Other
c_1_20_910,Lymphoid-T
c_1_20_911,Lymphoid-Other
c_1_20_912,Lymphoid-Other
c_1_20_913,Lymphoid-Other
c_1_20_914,Lymphoid-Other
c_1_20_915,Lymphoid-T
c_1_20_916,Lymphoid-Other
c_1_20_917,Epithelial
c_1_20_918,Lymphoid-T
c_1_20_919,Epithelial
c_1_20_920,Lymphoid-T
c_1_20_921,Epithelial
c_1_20_922,Lymphoid-T
c_1_20_923,Lymphoid-Other
c_1_20_924,Lymphoid-T
c_1_20_925,Lymphoid-Other
c_1_20_926,Epithelial
c_1_20_927,Lymphoid-Other
c_1_20_928,Lymphoid-Other
c_1_20_929,Epithelial
c_1_20_930,Epithelial
c_1_20_931,Epithelial
c_1_20_932,Lymphoid-Other
c_1_20_933,Lymphoid-T
c_1_20_934,Lymphoid-Other
c_1_20_935,Lymphoid-Other
c_1_20_936,Epithelial
c_1_20_937,Epithelial
c_1_20_938,Lymphoid-T
c_1_20_939,Epithelial
c_1_20_940,Epithelial
c_1_20_941,Lymphoid-Other
c_1_20_942,Lymphoid-Other
c_1_20_943,Lymphoid-Other
c_1_20_944,Lymphoid-T
c_1_20_945,Lymphoid-Other
c_1_20_946,Lymphoid-Other
c_1_20_948,Epithelial
c_1_20_949,Epithelial
c_1_20_950,Epithelial
c_1_20_951,Lymphoid-Other
c_1_20_952,Lymphoid-Other
c_1_20_953,Lymphoid-Other
c_1_20_954,Lymphoid-Other
c_1_20_955,Lymphoid-Other
c_1_20_956,Epithelial
c_1_20_961,Mesenchymal-Stromal
c_1_20_962,Mesenchymal-Stromal
c_1_20_964,Mesenchymal-Stromal
c_1_20_967,Lymphoid-Other
c_1_20_968,Mesenchymal-Stromal
c_1_20_970,Mesenchymal-Stromal
c_1_20_971,Lymphoid-DC
c_1_20_972,Lymphoid-Other
c_1_20_973,Lymphoid-Other
c_1_20_974,Mesenchymal-Stromal
c_1_20_975,Lymphoid-Other
c_1_20_976,Mesenchymal-Stromal
c_1_20_977,Mesenchymal-Stromal
c_1_20_978,Lymphoid-Other
c_1_20_979,Mesenchymal-Stromal
c_1_20_980,Mesenchymal-Stromal
c_1_20_981,Mesenchymal-Stromal
c_1_20_982,Lymphoid-T
c_1_20_983,Mesenchymal-Stromal
c_1_20_984,Mesenchymal-Stromal
c_1_20_985,Lymphoid-Other
c_1_20_986,Lymphoid-Other
c_1_20_987,Lymphoid-Other
c_1_20_988,Lymphoid-Plasma
c_1_20_989,Mesenchymal-Stromal
c_1_20_990,Lymphoid-Other
c_1_20_992,Mesenchymal-Stromal
c_1_20_993,Lymphoid-Other
c_1_20_994,Lymphoid-Plasma
c_1_20_995,Lymphoid-Other
c_1_20_996,Lymphoid-T
c_1_20_997,Mesenchymal-Stromal
c_1_20_998,Mesenchymal-Stromal
c_1_20_999,Lymphoid-Other
c_1_20_1000,Mesenchymal-Stromal
c_1_20_1001,Mesenchymal-Stromal
c_1_20_1002,Lymphoid-Other
c_1_20_1003,Mesenchymal-Stromal
c_1_20_1004,Mesenchymal-Stromal
c_1_20_1005,Mesenchymal-Stromal
c_1_20_1006,Lymphoid-Other
c_1_20_1007,Epithelial
c_1_20_1008,Myeloid
c_1_20_1009,Mesenchymal-Stromal
c_1_20_1010,Mesenchymal-Stromal
c_1_20_1011,Lymphoid-Other
c_1_20_1012,Mesenchymal-Stromal
c_1_20_1013,Lymphoid-Other
c_1_20_1014,Lymphoid-Other
c_1_20_1016,Mesenchymal-Stromal
c_1_20_1017,Lymphoid-Other
c_1_20_1018,Lymphoid-Plasma
c_1_20_1019,Lymphoid-Plasma
c_1_20_1020,Lymphoid-Other
c_1_20_1021,Lymphoid-Plasma
c_1_20_1022,Mesenchymal-Stromal
c_1_20_1023,Lymphoid-Other
c_1_20_1024,Lymphoid-Other
c_1_20_1025,Lymphoid-Other
c_1_20_1026,Lymphoid-Other
c_1_20_1027,Lymphoid-Other
c_1_20_1028,Mesenchymal-Stromal
c_1_20_1030,Lymphoid-Other
c_1_20_1031,Mesenchymal-Stromal
c_1_20_1032,Lymphoid-Other
c_1_20_1033,Mesenchymal-Stromal
c_1_20_1034,Lymphoid-Other
c_1_20_1035,Mesenchymal-Stromal
c_1_20_1036,Mesenchymal-Stromal
c_1_20_1037,Lymphoid-Other
c_1_20_1038,Lymphoid-Other
c_1_20_1039,Lymphoid-Other
c_1_20_1040,Lymphoid-Other
c_1_20_1042,Mesenchymal-Stromal
c_1_20_1043,Lymphoid-Other
c_1_20_1044,Lymphoid-Other
c_1_20_1045,Lymphoid-Other
c_1_20_1046,Mesenchymal-Stromal
c_1_20_1047,Lymphoid-Plasma
c_1_20_1048,Mesenchymal-Stromal
c_1_20_1049,Mesenchymal-Stromal
c_1_20_1050,Mesenchymal-Stromal
c_1_20_1051,Mesenchymal-Stromal
c_1_20_1052,Lymphoid-Other
c_1_20_1053,Lymphoid-Plasma
c_1_20_1054,Lymphoid-Other
c_1_20_1055,Mesenchymal-Stromal
c_1_20_1056,Lymphoid-Other
c_1_20_1057,Lymphoid-Other
c_1_20_1058,Mesenchymal-Stromal
c_1_20_1059,Epithelial
c_1_20_1060,Lymphoid-Other
c_1_20_1061,Mesenchymal-Stromal
c_1_20_1062,Epithelial
c_1_20_1063,Lymphoid-Other
c_1_20_1064,Lymphoid-Other
c_1_20_1065,Lymphoid-Other
c_1_20_1067,Epithelial
c_1_20_1068,Lymphoid-Other
c_1_20_1069,Mesenchymal-Stromal
c_1_20_1070,Lymphoid-Other
c_1_20_1071,Lymphoid-Other
c_1_20_1072,Lymphoid-Other
c_1_20_1073,Lymphoid-Other
c_1_20_1074,Lymphoid-Other
c_1_20_1075,Lymphoid-Other
c_1_20_1076,Mesenchymal-Stromal
c_1_20_1077,Lymphoid-T
c_1_20_1078,Lymphoid-Other
c_1_20_1079,Lymphoid-Other
c_1_20_1080,Lymphoid-Other
c_1_20_1081,Epithelial
c_1_20_1082,Lymphoid-Other
c_1_20_1083,Mesenchymal-Stromal
c_1_20_1084,Lymphoid-Other
c_1_20_1085,Epithelial
c_1_20_1087,Lymphoid-Other
c_1_20_1088,Lymphoid-Plasma
c_1_20_1089,Mesenchymal-Stromal
c_1_20_1090,Mesenchymal-Stromal
c_1_20_1091,Mesenchymal-Stromal
c_1_20_1092,Lymphoid-Other
c_1_20_1093,Mesenchymal-Stromal
c_1_20_1094,Mesenchymal-Stromal
c_1_20_1095,Lymphoid-Other
c_1_20_1096,Lymphoid-Other
c_1_20_1097,Lymphoid-Other
c_1_20_1098,Endothelial
c_1_20_1099,Lymphoid-Other
c_1_20_1100,Lymphoid-Other
c_1_20_1101,Mesenchymal-Stromal
c_1_20_1102,Mesenchymal-Stromal
c_1_20_1103,Epithelial
c_1_20_1104,Lymphoid-Other
c_1_20_1105,Lymphoid-Other
c_1_20_1106,Lymphoid-Plasma
c_1_20_1107,Epithelial
c_1_20_1108,Stem
c_1_20_1109,Mesenchymal-Stromal
c_1_20_1110,Epithelial
c_1_20_1111,Lymphoid-Other
c_1_20_1112,Lymphoid-Other
c_1_20_1113,Lymphoid-Other
c_1_20_1114,Mesenchymal-Stromal
c_1_20_1115,Lymphoid-Other
c_1_20_1116,Mesenchymal-Stromal
c_1_20_1117,Mesenchymal-Stromal
c_1_20_1118,Epithelial
c_1_20_1119,Epithelial
c_1_20_1120,Lymphoid-Other
c_1_20_1121,Lymphoid-Other
c_1_20_1122,Lymphoid-Other
c_1_20_1123,Mesenchymal-Stromal
c_1_20_1124,Mesenchymal-Stromal
c_1_20_1125,Lymphoid-Other
c_1_20_1126,Lymphoid-Other
c_1_20_1127,Epithelial
c_1_20_1128,Mesenchymal-Stromal
c_1_20_1129,Lymphoid-Other
c_1_20_1130,Epithelial
c_1_20_1131,Mesenchymal-Stromal
c_1_20_1132,Mesenchymal-Stromal
c_1_20_1133,Lymphoid-Other
c_1_20_1134,Lymphoid-Other
c_1_20_1135,Myeloid
c_1_20_1136,Epithelial
c_1_20_1137,Lymphoid-Other
c_1_20_1138,Epithelial
c_1_20_1139,Lymphoid-Other
c_1_20_1140,Lymphoid-DC
c_1_20_1141,Lymphoid-Other
c_1_20_1142,Epithelial
c_1_20_1143,Lymphoid-Other
c_1_20_1144,Mesenchymal-Stromal
c_1_20_1145,Epithelial
c_1_20_1146,Epithelial
c_1_20_1147,Lymphoid-Other
c_1_20_1148,Lymphoid-Other
c_1_20_1149,Lymphoid-Other
c_1_20_1150,Lymphoid-Plasma
c_1_20_1151,Lymphoid-Other
c_1_20_1152,Lymphoid-Other
c_1_20_1153,Lymphoid-Other
c_1_20_1154,Lymphoid-Plasma
c_1_20_1155,Lymphoid-Other
c_1_20_1156,Lymphoid-Other
c_1_20_1157,Endothelial
c_1_20_1158,Lymphoid-Other
c_1_20_1159,Lymphoid-Other
c_1_20_1160,Lymphoid-Plasma
c_1_20_1161,Mesenchymal-Stromal
c_1_20_1162,Epithelial
c_1_20_1163,Lymphoid-Other
c_1_20_1164,Mesenchymal-Stromal
c_1_20_1165,Epithelial
c_1_20_1166,Lymphoid-Other
c_1_20_1167,Lymphoid-Other
c_1_20_1168,Epithelial
c_1_20_1169,Lymphoid-T
c_1_20_1170,Lymphoid-Other
c_1_20_1171,Mesenchymal-Stromal
c_1_20_1172,Epithelial
c_1_20_1173,Epithelial
c_1_20_1174,Lymphoid-Plasma
c_1_20_1175,Lymphoid-Other
c_1_20_1176,Lymphoid-T
c_1_20_1177,Lymphoid-Other
c_1_20_1178,Lymphoid-Plasma
c_1_20_1179,Lymphoid-Other
c_1_20_1180,Lymphoid-Other
c_1_20_1181,Lymphoid-T
c_1_20_1182,Lymphoid-Other
c_1_20_1183,Lymphoid-Plasma
c_1_20_1184,Lymphoid-Other
c_1_20_1185,Lymphoid-Other
c_1_20_1186,Lymphoid-Other
c_1_20_1187,Lymphoid-Other
c_1_20_1188,Lymphoid-Other
c_1_20_1189,Mesenchymal-Stromal
c_1_20_1190,Lymphoid-Other
c_1_20_1191,Lymphoid-Other
c_1_20_1192,Mesenchymal-Stromal
c_1_20_1193,Lymphoid-Other
c_1_20_1194,Lymphoid-Other
c_1_20_1195,Lymphoid-Other
c_1_20_1196,Lymphoid-Plasma
c_1_20_1197,Lymphoid-Other
c_1_20_1198,Lymphoid-T
c_1_20_1199,Lymphoid-Plasma
c_1_20_1200,Lymphoid-Other
c_1_20_1201,Lymphoid-Other
c_1_20_1202,Mesenchymal-Stromal
c_1_20_1203,Lymphoid-Other
c_1_20_1204,Epithelial
c_1_20_1205,Lymphoid-Other
c_1_20_1206,Lymphoid-Plasma
c_1_20_1207,Epithelial
c_1_20_1208,Lymphoid-Other
c_1_20_1209,Lymphoid-Other
c_1_20_1210,Lymphoid-Other
c_1_20_1211,Epithelial
c_1_20_1212,Lymphoid-Other
c_1_20_1213,Lymphoid-Other
c_1_20_1214,Lymphoid-Other
c_1_20_1215,Lymphoid-Other
c_1_20_1216,Lymphoid-Other
c_1_20_1217,Mesenchymal-Stromal
c_1_20_1218,Lymphoid-T
c_1_20_1219,Epithelial
c_1_20_1220,Epithelial
c_1_20_1221,Lymphoid-Other
c_1_20_1222,Lymphoid-Plasma
c_1_20_1223,Mesenchymal-Stromal
c_1_20_1225,Lymphoid-Other
c_1_20_1226,Mesenchymal-Stromal
c_1_20_1227,Epithelial
c_1_20_1228,Epithelial
c_1_20_1229,Lymphoid-Other
c_1_20_1230,Lymphoid-Other
c_1_20_1232,Lymphoid-Other
c_1_20_1233,Lymphoid-Other
c_1_20_1234,Lymphoid-Plasma
c_1_20_1235,Lymphoid-Other
c_1_20_1236,Epithelial
c_1_20_1237,Lymphoid-T
c_1_20_1238,Lymphoid-Other
c_1_20_1239,Lymphoid-T
c_1_20_1240,Lymphoid-T
c_1_20_1241,Lymphoid-Plasma
c_1_20_1242,Mesenchymal-Stromal
c_1_20_1243,Lymphoid-Other
c_1_20_1244,Lymphoid-T
c_1_20_1245,Epithelial
c_1_20_1246,Lymphoid-Plasma
c_1_20_1247,Lymphoid-Plasma
c_1_20_1248,Epithelial
c_1_20_1249,Epithelial
c_1_20_1250,Lymphoid-Other
c_1_20_1251,Lymphoid-T
c_1_20_1252,Mesenchymal-Stromal
c_1_20_1253,Lymphoid-Other
c_1_20_1254,Lymphoid-Other
c_1_20_1255,Lymphoid-Other
c_1_20_1256,Epithelial
c_1_20_1257,Lymphoid-Other
c_1_20_1258,Lymphoid-Other
c_1_20_1259,Lymphoid-Other
c_1_20_1260,Lymphoid-Other
c_1_20_1261,Lymphoid-Other
c_1_20_1262,Erythroid
c_1_20_1263,Epithelial
c_1_20_1264,Lymphoid-Other
c_1_20_1265,Lymphoid-Other
c_1_20_1266,Lymphoid-Other
c_1_20_1267,Epithelial
c_1_20_1268,Epithelial
c_1_20_1269,Epithelial
c_1_20_1270,Lymphoid-Other
c_1_20_1271,Lymphoid-Other
c_1_20_1272,Epithelial
c_1_20_1273,Mesenchymal-Stromal
c_1_20_1274,Lymphoid-Other
c_1_20_1275,Lymphoid-Other
c_1_20_1276,Epithelial
c_1_20_1277,Epithelial
c_1_20_1278,Lymphoid-Other
c_1_20_1279,Lymphoid-Plasma
c_1_20_1280,Epithelial
c_1_20_1281,Lymphoid-Plasma
c_1_20_1282,Mesenchymal-Stromal
c_1_20_1283,Lymphoid-Other
c_1_20_1284,Lymphoid-T
c_1_20_1285,Lymphoid-Other
c_1_20_1286,Lymphoid-Other
c_1_20_1287,Lymphoid-Plasma
c_1_20_1288,Lymphoid-Plasma
c_1_20_1289,Epithelial
c_1_20_1290,Lymphoid-Other
c_1_20_1291,Epithelial
c_1_20_1292,Mesenchymal-Stromal
c_1_20_1293,Epithelial
c_1_20_1294,Epithelial
c_1_20_1295,Epithelial
c_1_20_1296,Stem
c_1_20_1297,Lymphoid-T
c_1_20_1298,Lymphoid-Other
c_1_20_1299,Lymphoid-Plasma
c_1_20_1300,Lymphoid-Plasma
c_1_20_1301,Lymphoid-Other
c_1_20_1302,Epithelial
c_1_20_1303,Lymphoid-T
c_1_20_1304,Lymphoid-Other
c_1_20_1305,Erythroid
c_1_20_1306,Lymphoid-Other
c_1_20_1307,Epithelial
c_1_20_1308,Erythroid
c_1_20_1309,Lymphoid-Plasma
c_1_20_1310,Lymphoid-Other
c_1_20_1311,Lymphoid-Plasma
c_1_20_1312,Epithelial
c_1_20_1313,Lymphoid-Other
c_1_20_1314,Lymphoid-Other
c_1_20_1315,Epithelial
c_1_20_1316,Epithelial
c_1_20_1317,Epithelial
c_1_20_1318,Lymphoid-Other
c_1_20_1319,Lymphoid-Other
c_1_20_1320,Epithelial
c_1_20_1321,Lymphoid-Plasma
c_1_20_1322,Epithelial
c_1_20_1323,Lymphoid-Other
c_1_20_1324,Lymphoid-Plasma
c_1_20_1325,Epithelial
c_1_20_1326,Lymphoid-Plasma
c_1_20_1327,Lymphoid-Other
c_1_20_1328,Lymphoid-Other
c_1_20_1329,Lymphoid-Other
c_1_20_1330,Lymphoid-Plasma
c_1_20_1331,Lymphoid-Other
c_1_20_1332,Lymphoid-Other
c_1_20_1333,Lymphoid-Other
c_1_20_1334,Epithelial
c_1_20_1335,Lymphoid-Plasma
c_1_20_1336,Lymphoid-Plasma
c_1_20_1337,Epithelial
c_1_20_1338,Lymphoid-Plasma
c_1_20_1339,Epithelial
c_1_20_1340,Lymphoid-Other
c_1_20_1341,Lymphoid-Plasma
c_1_20_1342,Epithelial
c_1_20_1343,Lymphoid-Other
c_1_20_1344,Lymphoid-Other
c_1_20_1345,Lymphoid-Other
c_1_20_1346,Lymphoid-Plasma
c_1_20_1347,Lymphoid-Other
c_1_20_1348,Lymphoid-Other
c_1_20_1349,Lymphoid-Other
c_1_20_1350,Lymphoid-T
c_1_20_1351,Lymphoid-Other
c_1_20_1352,Epithelial
c_1_20_1353,Epithelial
c_1_20_1354,Epithelial
c_1_20_1355,Lymphoid-Other
c_1_20_1356,Epithelial
c_1_20_1357,Epithelial
c_1_20_1358,Lymphoid-Plasma
c_1_20_1359,Epithelial
c_1_20_1360,Lymphoid-T
c_1_20_1361,Epithelial
c_1_20_1362,Lymphoid-Other
c_1_20_1364,Lymphoid-Other
c_1_20_1365,Lymphoid-Plasma
c_1_20_1366,Epithelial
c_1_20_1367,Lymphoid-Plasma
c_1_20_1368,Epithelial
c_1_20_1369,Lymphoid-Plasma
c_1_20_1370,Lymphoid-Other
c_1_20_1371,Epithelial
c_1_20_1372,Epithelial
c_1_20_1373,Lymphoid-Other
c_1_20_1374,Lymphoid-Other
c_1_20_1375,Mesenchymal-Stromal
c_1_20_1376,Lymphoid-Plasma
c_1_20_1377,Lymphoid-Plasma
c_1_20_1378,Lymphoid-Other
c_1_20_1379,Lymphoid-Other
c_1_20_1380,Lymphoid-Other
c_1_20_1381,Lymphoid-Other
c_1_20_1382,Epithelial
c_1_20_1383,Epithelial
c_1_20_1384,Lymphoid-Plasma
c_1_20_1385,Erythroid
c_1_20_1386,Lymphoid-Plasma
c_1_20_1387,Lymphoid-Other
c_1_20_1388,Lymphoid-Other
c_1_20_1389,Epithelial
c_1_20_1390,Lymphoid-Plasma
c_1_20_1391,Lymphoid-Other
c_1_20_1392,Lymphoid-Other
c_1_20_1393,Epithelial
c_1_20_1394,Lymphoid-T
c_1_20_1395,Epithelial
c_1_20_1396,Lymphoid-Plasma
c_1_20_1397,Lymphoid-Plasma
c_1_20_1398,Lymphoid-Other
c_1_20_1399,Lymphoid-Plasma
c_1_20_1400,Lymphoid-Plasma
c_1_20_1401,Lymphoid-Plasma
c_1_20_1402,Lymphoid-Plasma
c_1_20_1403,Epithelial
c_1_20_1404,Epithelial
c_1_20_1405,Epithelial
c_1_20_1406,Epithelial
c_1_20_1407,Epithelial
c_1_20_1408,Lymphoid-Other
c_1_20_1409,Epithelial
c_1_20_1410,Epithelial
c_1_20_1411,Lymphoid-Plasma
c_1_20_1412,Epithelial
c_1_20_1413,Epithelial
c_1_20_1414,Lymphoid-Plasma
c_1_20_1415,Lymphoid-Plasma
c_1_20_1416,Lymphoid-Other
c_1_20_1417,Lymphoid-Other
c_1_20_1418,Epithelial
c_1_20_1419,Lymphoid-Other
c_1_20_1420,Epithelial
c_1_20_1421,Lymphoid-Plasma
c_1_20_1422,Lymphoid-Plasma
c_1_20_1423,Lymphoid-Other
c_1_20_1424,Lymphoid-Plasma
c_1_20_1425,Lymphoid-Plasma
c_1_20_1426,Epithelial
c_1_20_1427,Epithelial
c_1_20_1428,Epithelial
c_1_20_1429,Lymphoid-Other
c_1_20_1430,Epithelial
c_1_20_1431,Epithelial
c_1_20_1432,Lymphoid-Plasma
c_1_20_1433,Lymphoid-Other
c_1_20_1434,Stem
c_1_20_1435,Lymphoid-Other
c_1_20_1436,Epithelial
c_1_20_1437,Endothelial
c_1_20_1438,Epithelial
c_1_20_1439,Epithelial
c_1_20_1440,Epithelial
c_1_20_1441,Lymphoid-Other
c_1_20_1442,Lymphoid-Plasma
c_1_20_1443,Lymphoid-T
c_1_20_1444,Epithelial
c_1_20_1445,Lymphoid-Plasma
c_1_20_1446,Epithelial
c_1_20_1447,Endothelial
c_1_20_1448,Lymphoid-Plasma
c_1_20_1449,Epithelial
c_1_20_1450,Epithelial
c_1_20_1451,Epithelial
c_1_20_1452,Lymphoid-Plasma
c_1_20_1453,Mesenchymal-Stromal
c_1_20_1454,Lymphoid-Other
c_1_20_1455,Lymphoid-Plasma
c_1_20_1456,Epithelial
c_1_20_1457,Epithelial
c_1_20_1458,Epithelial
c_1_20_1459,Epithelial
c_1_20_1460,Lymphoid-Other
c_1_20_1461,Epithelial
c_1_20_1462,Lymphoid-Plasma
c_1_20_1463,Epithelial
c_1_20_1464,Lymphoid-Plasma
c_1_20_1465,Lymphoid-Plasma
c_1_20_1466,Epithelial
c_1_20_1467,Lymphoid-T
c_1_20_1468,Lymphoid-Other
c_1_20_1469,Stem
c_1_20_1470,Lymphoid-Plasma
c_1_20_1471,Epithelial
c_1_20_1472,Epithelial
c_1_20_1473,Epithelial
c_1_20_1474,Epithelial
c_1_20_1475,Epithelial
c_1_20_1476,Lymphoid-Plasma
c_1_20_1477,Epithelial
c_1_20_1478,Lymphoid-Other
c_1_20_1479,Lymphoid-T
c_1_20_1480,Epithelial
c_1_20_1481,Epithelial
c_1_20_1482,Lymphoid-Plasma
c_1_20_1483,Lymphoid-Other
c_1_20_1484,Epithelial
c_1_20_1485,Epithelial
c_1_20_1486,Epithelial
c_1_20_1487,Epithelial
c_1_20_1488,Epithelial
c_1_20_1489,Lymphoid-Other
c_1_20_1490,Epithelial
c_1_20_1491,Epithelial
c_1_20_1492,Lymphoid-Other
c_1_20_1493,Epithelial
c_1_20_1494,Epithelial
c_1_20_1495,Epithelial
c_1_20_1496,Epithelial
c_1_20_1497,Lymphoid-Other
c_1_20_1498,Epithelial
c_1_20_1499,Lymphoid-Other
c_1_20_1500,Epithelial
c_1_20_1501,Epithelial
c_1_20_1502,Epithelial
c_1_20_1503,Epithelial
c_1_20_1504,Lymphoid-Other
c_1_20_1505,Lymphoid-Other
c_1_20_1506,Epithelial
c_1_20_1507,Epithelial
c_1_20_1508,Epithelial
c_1_20_1509,Lymphoid-Other
c_1_20_1510,Epithelial
c_1_20_1511,Epithelial
c_1_20_1512,Lymphoid-T
c_1_20_1513,Epithelial
c_1_20_1514,Epithelial
c_1_20_1515,Epithelial
c_1_20_1516,Epithelial
c_1_20_1517,Epithelial
c_1_20_1518,Lymphoid-Other
c_1_20_1519,Epithelial
c_1_20_1520,Epithelial
c_1_20_1521,Epithelial
c_1_20_1522,Epithelial
c_1_20_1523,Epithelial
c_1_20_1524,Epithelial
c_1_20_1525,Epithelial
c_1_20_1526,Epithelial
c_1_20_1527,Epithelial
c_1_20_1528,Epithelial
c_1_20_1529,Epithelial
c_1_20_1530,Lymphoid-T
c_1_20_1531,Epithelial
c_1_20_1532,Epithelial
c_1_20_1533,Lymphoid-Other
c_1_20_1534,Mesenchymal-Stromal
c_1_20_1535,Epithelial
c_1_20_1536,Epithelial
c_1_20_1537,Epithelial
c_1_20_1539,Epithelial
c_1_20_1540,Epithelial
c_1_20_1541,Stem
c_1_20_1542,Lymphoid-Other
c_1_20_1543,Epithelial
c_1_20_1544,Lymphoid-Other
c_1_20_1545,Epithelial
c_1_20_1546,Epithelial
c_1_20_1547,Epithelial
c_1_20_1548,Lymphoid-Other
c_1_20_1549,Epithelial
c_1_20_1550,Epithelial
c_1_20_1551,Epithelial
c_1_20_1552,Epithelial
c_1_20_1553,Epithelial
c_1_20_1554,Epithelial
c_1_20_1555,Myeloid
c_1_20_1556,Epithelial
c_1_20_1557,Lymphoid-Other
c_1_20_1558,Epithelial
c_1_20_1559,Epithelial
c_1_20_1560,Lymphoid-Other
c_1_20_1561,Lymphoid-Other
c_1_20_1562,Epithelial
c_1_20_1563,Lymphoid-Other
c_1_20_1564,Epithelial
c_1_20_1565,Epithelial
c_1_20_1566,Epithelial
c_1_20_1567,Epithelial
c_1_20_1568,Epithelial
c_1_20_1569,Lymphoid-B
c_1_20_1570,Epithelial
c_1_20_1571,Lymphoid-Other
c_1_20_1572,Epithelial
c_1_20_1573,Epithelial
c_1_20_1574,Epithelial
c_1_20_1575,Stem
c_1_20_1576,Epithelial
c_1_20_1577,Lymphoid-Other
c_1_20_1578,Epithelial
c_1_20_1579,Epithelial
c_1_20_1580,Epithelial
c_1_20_1581,Epithelial
c_1_20_1582,Epithelial
c_1_20_1583,Lymphoid-Other
c_1_20_1584,Epithelial
c_1_20_1585,Epithelial
c_1_20_1586,Stem
c_1_20_1587,Epithelial
c_1_20_1588,Epithelial
c_1_20_1589,Epithelial
c_1_20_1590,Lymphoid-Other
c_1_20_1591,Epithelial
c_1_20_1592,Stem
c_1_20_1593,Epithelial
c_1_20_1594,Epithelial
c_1_20_1595,Epithelial
c_1_20_1596,Lymphoid-Other
c_1_20_1597,Epithelial
c_1_20_1598,Lymphoid-Other
c_1_20_1599,Epithelial
c_1_20_1600,Epithelial
c_1_20_1601,Epithelial
c_1_20_1602,Epithelial
c_1_20_1603,Lymphoid-Other
c_1_20_1604,Lymphoid-T
c_1_20_1605,Epithelial
c_1_20_1606,Lymphoid-T
c_1_20_1607,Epithelial
c_1_20_1608,Epithelial
c_1_20_1609,Epithelial
c_1_20_1610,Epithelial
c_1_20_1611,Lymphoid-Other
c_1_20_1612,Lymphoid-T
c_1_20_1613,Epithelial
c_1_20_1614,Epithelial
c_1_20_1616,Epithelial
c_1_20_1617,Lymphoid-Other
c_1_20_1618,Epithelial
c_1_20_1619,Epithelial
c_1_20_1620,Lymphoid-Other
c_1_20_1621,Epithelial
c_1_20_1623,Epithelial
c_1_20_1624,Epithelial
c_1_20_1625,Epithelial
c_1_20_1626,Lymphoid-Other
c_1_20_1627,Lymphoid-Other
c_1_20_1628,Lymphoid-Other
c_1_20_1629,Epithelial
c_1_20_1630,Lymphoid-Other
c_1_20_1631,Epithelial
c_1_20_1632,Epithelial
c_1_20_1633,Lymphoid-Other
c_1_20_1634,Lymphoid-Other
c_1_20_1635,Epithelial
c_1_20_1636,Lymphoid-Other
c_1_20_1637,Lymphoid-Other
c_1_20_1638,Epithelial
c_1_20_1639,Epithelial
c_1_20_1641,Lymphoid-Other
c_1_20_1642,Epithelial
c_1_20_1643,Epithelial
c_1_20_1644,Epithelial
c_1_20_1645,Epithelial
c_1_20_1646,Epithelial
c_1_20_1647,Lymphoid-Other
c_1_20_1648,Epithelial
c_1_20_1649,Epithelial
c_1_20_1650,Epithelial
c_1_20_1651,Stem
c_1_20_1652,Epithelial
c_1_20_1653,Lymphoid-Other
c_1_20_1654,Lymphoid-Other
c_1_20_1655,Epithelial
c_1_20_1656,Lymphoid-Other
c_1_20_1657,Lymphoid-Other
c_1_20_1658,Epithelial
c_1_20_1659,Lymphoid-Other
c_1_20_1660,Epithelial
c_1_20_1661,Lymphoid-Other
c_1_20_1662,Lymphoid-Other
c_1_20_1663,Lymphoid-T
c_1_20_1664,Epithelial
c_1_20_1665,Epithelial
c_1_20_1666,Epithelial
c_1_20_1667,Epithelial
c_1_20_1668,Lymphoid-Other
c_1_20_1669,Lymphoid-Other
c_1_20_1670,Lymphoid-T
c_1_20_1671,Epithelial
c_1_20_1672,Lymphoid-T
c_1_20_1673,Epithelial
c_1_20_1674,Lymphoid-Other
c_1_20_1675,Lymphoid-Other
c_1_20_1676,Epithelial
c_1_20_1677,Epithelial
c_1_20_1678,Lymphoid-Other
c_1_20_1679,Epithelial
c_1_20_1680,Lymphoid-T
c_1_20_1681,Epithelial
c_1_20_1682,Epithelial
c_1_20_1683,Lymphoid-T
c_1_20_1684,Epithelial
c_1_20_1685,Epithelial
c_1_20_1686,Lymphoid-Other
c_1_20_1688,Lymphoid-Other
c_1_20_1689,Epithelial
c_1_20_1690,Lymphoid-Other
c_1_20_1691,Lymphoid-Other
c_1_20_1692,Epithelial
c_1_20_1693,Lymphoid-T
c_1_20_1694,Epithelial
c_1_20_1695,Lymphoid-Other
c_1_20_1696,Myeloid
c_1_20_1697,Lymphoid-Other
c_1_20_1698,Epithelial
c_1_20_1699,Epithelial
c_1_20_1700,Epithelial
c_1_20_1701,Epithelial
c_1_20_1702,Lymphoid-Other
c_1_20_1703,Lymphoid-T
c_1_20_1704,Epithelial
c_1_20_1705,Lymphoid-Other
c_1_20_1706,Epithelial
c_1_20_1707,Lymphoid-Other
c_1_20_1709,Epithelial
c_1_20_1710,Epithelial
c_1_20_1711,Lymphoid-Other
c_1_20_1712,Lymphoid-Other
c_1_20_1714,Epithelial
c_1_20_1715,Epithelial
c_1_20_1716,Lymphoid-Other
c_1_20_1717,Epithelial
c_1_20_1718,Lymphoid-T
c_1_20_1719,Lymphoid-Other
c_1_20_1720,Epithelial
c_1_20_1721,Lymphoid-Other
c_1_20_1722,Epithelial
c_1_20_1723,Lymphoid-Other
c_1_20_1724,Lymphoid-Other
c_1_20_1726,Lymphoid-T
c_1_20_1727,Lymphoid-Other
c_1_20_1728,Epithelial
c_1_20_1729,Lymphoid-Other
c_1_20_1730,Lymphoid-T
c_1_20_1731,Lymphoid-Other
c_1_20_1732,Epithelial
c_1_20_1733,Lymphoid-Other
c_1_20_1734,Lymphoid-T
c_1_20_1735,Epithelial
c_1_20_1736,Lymphoid-T
c_1_20_1737,Lymphoid-Other
c_1_20_1738,Lymphoid-Other
c_1_20_1740,Epithelial
c_1_20_1741,Epithelial
c_1_20_1742,Epithelial
c_1_20_1743,Lymphoid-Other
c_1_20_1744,Epithelial
c_1_20_1745,Epithelial
c_1_20_1746,Epithelial
c_1_20_1747,Lymphoid-Other
c_1_20_1748,Lymphoid-Other
c_1_20_1749,Lymphoid-Other
c_1_20_1751,Lymphoid-Other
c_1_20_1752,Lymphoid-Other
c_1_20_1753,Epithelial
c_1_20_1754,Epithelial
c_1_20_1755,Lymphoid-Other
c_1_20_1756,Epithelial
c_1_20_1757,Lymphoid-T
c_1_20_1758,Epithelial
c_1_20_1759,Lymphoid-T
c_1_20_1760,Lymphoid-Other
c_1_20_1761,Epithelial
c_1_20_1762,Epithelial
c_1_20_1763,Lymphoid-Other
c_1_20_1766,Epithelial
c_1_20_1767,Mesenchymal-Stromal
c_1_20_1768,Lymphoid-Other
c_1_20_1769,Lymphoid-Other
c_1_20_1770,Epithelial
c_1_20_1772,Epithelial
c_1_20_1773,Epithelial
c_1_20_1774,Lymphoid-Other
c_1_20_1775,Epithelial
c_1_20_1776,Lymphoid-Other
c_1_20_1777,Epithelial
c_1_20_1778,Lymphoid-Other
c_1_20_1780,Epithelial
c_1_20_1781,Lymphoid-Other
c_1_20_1783,Epithelial
c_1_20_1785,Lymphoid-T
c_1_20_1786,Epithelial
c_1_20_1787,Lymphoid-B
c_1_20_1788,Lymphoid-T
c_1_20_1789,Epithelial
c_1_20_1792,Lymphoid-Other
c_1_20_1793,Lymphoid-Other
c_1_20_1794,Lymphoid-Other
c_1_20_1796,Epithelial
c_1_20_1797,Lymphoid-T
c_1_20_1798,Lymphoid-Other
c_1_20_1799,Epithelial
c_1_20_1800,Epithelial
c_1_20_1801,Lymphoid-Other
c_1_20_1802,Lymphoid-T
c_1_20_1803,Lymphoid-T
c_1_20_1805,Epithelial
c_1_20_1806,Epithelial
c_1_20_1807,Lymphoid-Other
c_1_20_1808,Epithelial
c_1_20_1809,Epithelial
c_1_20_1810,Lymphoid-Other
c_1_20_1811,Lymphoid-Other
c_1_20_1812,Lymphoid-Other
c_1_20_1813,Lymphoid-Other
c_1_20_1814,Lymphoid-Other
c_1_20_1815,Epithelial
c_1_20_1816,Lymphoid-Other
c_1_20_1817,Lymphoid-Other
c_1_20_1818,Epithelial
c_1_20_1819,Lymphoid-Other
c_1_20_1820,Epithelial
c_1_20_1821,Epithelial
c_1_20_1823,Epithelial
c_1_20_1824,Lymphoid-T
c_1_20_1825,Lymphoid-Other
c_1_20_1826,Epithelial
c_1_20_1827,Epithelial
c_1_20_1828,Epithelial
c_1_20_1829,Epithelial
c_1_20_1830,Lymphoid-T
c_1_20_1831,Lymphoid-Other
c_1_20_1832,Lymphoid-T
c_1_20_1833,Lymphoid-Other
c_1_20_1834,Lymphoid-Other
c_1_20_1835,Lymphoid-Other
c_1_20_1836,Epithelial
c_1_20_1837,Epithelial
c_1_20_1838,Epithelial
c_1_21_1,Mesenchymal-Stromal
c_1_21_2,Erythroid
c_1_21_6,Lymphoid-Other
c_1_21_7,Erythroid
c_1_21_8,Erythroid
c_1_21_9,Erythroid
c_1_21_10,Lymphoid-T
c_1_21_11,Erythroid
c_1_21_12,Mesenchymal-Stromal
c_1_21_13,Lymphoid-Other
c_1_21_14,Endothelial
c_1_21_15,Erythroid
c_1_21_16,Erythroid
c_1_21_17,Lymphoid-Other
c_1_21_19,Lymphoid-Other
c_1_21_21,Lymphoid-Other
c_1_21_22,Erythroid
c_1_21_23,Erythroid
c_1_21_29,Erythroid
c_1_21_30,Erythroid
c_1_21_31,Erythroid
c_1_21_32,Mesenchymal-Stromal
c_1_21_33,Erythroid
c_1_21_34,Erythroid
c_1_21_35,Lymphoid-Other
c_1_21_37,Erythroid
c_1_21_38,Mesenchymal-Stromal
c_1_21_39,Lymphoid-T
c_1_21_42,Lymphoid-Other
c_1_21_43,Lymphoid-Other
c_1_21_44,Erythroid
c_1_21_46,Erythroid
c_1_21_47,Erythroid
c_1_21_48,Erythroid
c_1_21_50,Lymphoid-Other
c_1_21_51,Lymphoid-Other
c_1_21_52,Erythroid
c_1_21_53,Erythroid
c_1_21_54,Mesenchymal-Stromal
c_1_21_57,Endothelial
c_1_21_58,Lymphoid-Other
c_1_21_59,Erythroid
c_1_21_61,Erythroid
c_1_21_62,Erythroid
c_1_21_63,Erythroid
c_1_21_64,Erythroid
c_1_21_65,Erythroid
c_1_21_67,Endothelial
c_1_21_69,Erythroid
c_1_21_70,Erythroid
c_1_21_71,Lymphoid-Other
c_1_21_72,Erythroid
c_1_21_73,Lymphoid-Other
c_1_21_74,Erythroid
c_1_21_75,Erythroid
c_1_21_77,Erythroid
c_1_21_78,Lymphoid-T
c_1_21_79,Erythroid
c_1_21_80,Lymphoid-Other
c_1_21_81,Lymphoid-Other
c_1_21_82,Erythroid
c_1_21_83,Erythroid
c_1_21_86,Erythroid
c_1_21_87,Erythroid
c_1_21_88,Erythroid
c_1_21_89,Erythroid
c_1_21_92,Endothelial
c_1_21_93,Erythroid
c_1_21_95,Erythroid
c_1_21_96,Erythroid
c_1_21_98,Erythroid
c_1_21_99,Endothelial
c_1_21_100,Mesenchymal-Stromal
c_1_21_101,Endothelial
c_1_21_102,Erythroid
c_1_21_103,Lymphoid-T
c_1_21_105,Mesenchymal-Stromal
c_1_21_106,Lymphoid-Other
c_1_21_107,Erythroid
c_1_21_108,Erythroid
c_1_21_110,Erythroid
c_1_21_111,Lymphoid-Other
c_1_21_112,Erythroid
c_1_21_114,Erythroid
c_1_21_115,Lymphoid-Other
c_1_21_116,Erythroid
c_1_21_117,Erythroid
c_1_21_118,Erythroid
c_1_21_119,Erythroid
c_1_21_120,Lymphoid-Other
c_1_21_121,Erythroid
c_1_21_122,Lymphoid-Other
c_1_21_125,Erythroid
c_1_21_126,Mesenchymal-Stromal
c_1_21_127,Erythroid
c_1_21_128,Lymphoid-Other
c_1_21_129,Erythroid
c_1_21_130,Erythroid
c_1_21_132,Erythroid
c_1_21_133,Erythroid
c_1_21_134,Erythroid
c_1_21_137,Erythroid
c_1_21_138,Erythroid
c_1_21_139,Erythroid
c_1_21_140,Endothelial
c_1_21_141,Endothelial
c_1_21_142,Erythroid
c_1_21_143,Erythroid
c_1_21_144,Erythroid
c_1_21_145,Erythroid
c_1_21_146,Mesenchymal-Stromal
c_1_21_147,Erythroid
c_1_21_148,Erythroid
c_1_21_149,Lymphoid-Other
c_1_21_150,Erythroid
c_1_21_152,Erythroid
c_1_21_153,Erythroid
c_1_21_154,Erythroid
c_1_21_155,Endothelial
c_1_21_156,Erythroid
c_1_21_157,Erythroid
c_1_21_158,Erythroid
c_1_21_159,Lymphoid-Other
c_1_21_162,Erythroid
c_1_21_163,Endothelial
c_1_21_164,Epithelial
c_1_21_165,Endothelial
c_1_21_166,Erythroid
c_1_21_167,Erythroid
c_1_21_168,Erythroid
c_1_21_170,Lymphoid-T
c_1_21_172,Erythroid
c_1_21_173,Lymphoid-Other
c_1_21_174,Lymphoid-Other
c_1_21_175,Erythroid
c_1_21_176,Erythroid
c_1_21_177,Erythroid
c_1_21_178,Erythroid
c_1_21_180,Lymphoid-T
c_1_21_181,Erythroid
c_1_21_182,Erythroid
c_1_21_183,Lymphoid-Other
c_1_21_184,Erythroid
c_1_21_185,Endothelial
c_1_21_186,Lymphoid-Other
c_1_21_187,Lymphoid-Other
c_1_21_188,Epithelial
c_1_21_189,Epithelial
c_1_21_190,Lymphoid-Other
c_1_21_191,Epithelial
c_1_21_192,Lymphoid-Other
c_1_21_193,Lymphoid-Other
c_1_21_194,Epithelial
c_1_21_195,Epithelial
c_1_21_196,Epithelial
c_1_21_197,Epithelial
c_1_21_198,Lymphoid-Other
c_1_21_199,Epithelial
c_1_21_200,Epithelial
c_1_21_201,Epithelial
c_1_21_202,Lymphoid-Other
c_1_21_203,Epithelial
c_1_21_204,Epithelial
c_1_21_205,Epithelial
c_1_21_206,Lymphoid-Other
c_1_21_207,Epithelial
c_1_21_208,Epithelial
c_1_21_209,Lymphoid-T
c_1_21_210,Epithelial
c_1_21_211,Epithelial
c_1_21_212,Epithelial
c_1_21_213,Epithelial
c_1_21_214,Epithelial
c_1_21_215,Epithelial
c_1_21_216,Epithelial
c_1_21_217,Epithelial
c_1_21_218,Epithelial
c_1_21_219,Lymphoid-Other
c_1_21_220,Epithelial
c_1_21_221,Lymphoid-Other
c_1_21_222,Epithelial
c_1_21_223,Epithelial
c_1_21_224,Epithelial
c_1_21_225,Lymphoid-Other
c_1_21_226,Epithelial
c_1_21_227,Epithelial
c_1_21_228,Lymphoid-DC
c_1_21_229,Epithelial
c_1_21_230,Stem
c_1_21_231,Lymphoid-T
c_1_21_232,Epithelial
c_1_21_233,Epithelial
c_1_21_234,Lymphoid-Other
c_1_21_235,Lymphoid-Other
c_1_21_236,Epithelial
c_1_21_237,Lymphoid-Other
c_1_21_238,Epithelial
c_1_21_239,Lymphoid-T
c_1_21_240,Lymphoid-Other
c_1_21_241,Epithelial
c_1_21_242,Lymphoid-Other
c_1_21_243,Epithelial
c_1_21_244,Lymphoid-Other
c_1_21_245,Lymphoid-Other
c_1_21_246,Epithelial
c_1_21_247,Epithelial
c_1_21_248,Epithelial
c_1_21_249,Lymphoid-Other
c_1_21_250,Epithelial
c_1_21_251,Lymphoid-Other
c_1_21_252,Epithelial
c_1_21_253,Epithelial
c_1_21_254,Lymphoid-Other
c_1_21_255,Epithelial
c_1_21_256,Epithelial
c_1_21_257,Lymphoid-Other
c_1_21_258,Epithelial
c_1_21_259,Epithelial
c_1_21_260,Epithelial
c_1_21_261,Erythroid
c_1_21_262,Epithelial
c_1_21_263,Lymphoid-Other
c_1_21_264,Epithelial
c_1_21_265,Lymphoid-Other
c_1_21_266,Lymphoid-Plasma
c_1_21_267,Erythroid
c_1_21_268,Epithelial
c_1_21_269,Epithelial
c_1_21_270,Epithelial
c_1_21_271,Epithelial
c_1_21_272,Epithelial
c_1_21_273,Epithelial
c_1_21_274,Lymphoid-T
c_1_21_275,Epithelial
c_1_21_276,Lymphoid-Other
c_1_21_277,Epithelial
c_1_21_278,Epithelial
c_1_21_279,Lymphoid-DC
c_1_21_280,Epithelial
c_1_21_281,Lymphoid-Plasma
c_1_21_282,Epithelial
c_1_21_283,Epithelial
c_1_21_284,Lymphoid-Other
c_1_21_285,Lymphoid-Other
c_1_21_286,Lymphoid-T
c_1_21_287,Epithelial
c_1_21_288,Epithelial
c_1_21_289,Lymphoid-Other
c_1_21_290,Epithelial
c_1_21_291,Epithelial
c_1_21_292,Epithelial
c_1_21_293,Epithelial
c_1_21_294,Lymphoid-Other
c_1_21_295,Epithelial
c_1_21_296,Epithelial
c_1_21_297,Epithelial
c_1_21_298,Epithelial
c_1_21_299,Erythroid
c_1_21_300,Epithelial
c_1_21_301,Lymphoid-DC
c_1_21_302,Epithelial
c_1_21_303,Lymphoid-DC
c_1_21_304,Epithelial
c_1_21_305,Lymphoid-Plasma
c_1_21_306,Epithelial
c_1_21_307,Endothelial
c_1_21_308,Epithelial
c_1_21_309,Epithelial
c_1_21_310,Epithelial
c_1_21_311,Epithelial
c_1_21_312,Epithelial
c_1_21_313,Epithelial
c_1_21_314,Epithelial
c_1_21_315,Lymphoid-Other
c_1_21_316,Epithelial
c_1_21_317,Epithelial
c_1_21_318,Epithelial
c_1_21_319,Epithelial
c_1_21_320,Lymphoid-Other
c_1_21_321,Epithelial
c_1_21_322,Lymphoid-Other
c_1_21_323,Lymphoid-Other
c_1_21_324,Epithelial
c_1_21_325,Epithelial
c_1_21_326,Epithelial
c_1_21_327,Epithelial
c_1_21_328,Lymphoid-Other
c_1_21_329,Lymphoid-Other
c_1_21_330,Erythroid
c_1_21_331,Epithelial
c_1_21_332,Epithelial
c_1_21_333,Epithelial
c_1_21_334,Lymphoid-Plasma
c_1_21_335,Lymphoid-Plasma
c_1_21_336,Epithelial
c_1_21_337,Epithelial
c_1_21_338,Epithelial
c_1_21_339,Epithelial
c_1_21_340,Epithelial
c_1_21_341,Lymphoid-Other
c_1_21_342,Epithelial
c_1_21_343,Epithelial
c_1_21_344,Lymphoid-Other
c_1_21_345,Epithelial
c_1_21_346,Epithelial
c_1_21_347,Epithelial
c_1_21_348,Lymphoid-Other
c_1_21_349,Epithelial
c_1_21_350,Epithelial
c_1_21_351,Lymphoid-Plasma
c_1_21_352,Epithelial
c_1_21_353,Epithelial
c_1_21_354,Epithelial
c_1_21_355,Epithelial
c_1_21_356,Epithelial
c_1_21_357,Lymphoid-Other
c_1_21_358,Epithelial
c_1_21_359,Epithelial
c_1_21_360,Epithelial
c_1_21_361,Epithelial
c_1_21_362,Epithelial
c_1_21_363,Epithelial
c_1_21_364,Epithelial
c_1_21_365,Lymphoid-Plasma
c_1_21_366,Epithelial
c_1_21_367,Epithelial
c_1_21_368,Epithelial
c_1_21_369,Lymphoid-Plasma
c_1_21_370,Epithelial
c_1_21_371,Epithelial
c_1_21_372,Epithelial
c_1_21_373,Epithelial
c_1_21_374,Epithelial
c_1_21_375,Epithelial
c_1_21_376,Epithelial
c_1_21_377,Lymphoid-T
c_1_21_378,Epithelial
c_1_21_379,Epithelial
c_1_21_380,Epithelial
c_1_21_381,Epithelial
c_1_21_382,Lymphoid-Other
c_1_21_383,Epithelial
c_1_21_384,Epithelial
c_1_21_385,Epithelial
c_1_21_386,Lymphoid-Other
c_1_21_387,Epithelial
c_1_21_388,Epithelial
c_1_21_389,Epithelial
c_1_21_390,Epithelial
c_1_21_391,Epithelial
c_1_21_392,Epithelial
c_1_21_393,Lymphoid-Other
c_1_21_394,Epithelial
c_1_21_395,Epithelial
c_1_21_396,Epithelial
c_1_21_397,Epithelial
c_1_21_398,Epithelial
c_1_21_399,Epithelial
c_1_21_400,Epithelial
c_1_21_401,Epithelial
c_1_21_402,Epithelial
c_1_21_403,Epithelial
c_1_21_404,Epithelial
c_1_21_405,Epithelial
c_1_21_406,Lymphoid-Other
c_1_21_407,Epithelial
c_1_21_408,Epithelial
c_1_21_409,Epithelial
c_1_21_410,Lymphoid-Other
c_1_21_411,Epithelial
c_1_21_412,Epithelial
c_1_21_413,Epithelial
c_1_21_414,Lymphoid-Other
c_1_21_415,Lymphoid-Other
c_1_21_416,Epithelial
c_1_21_417,Epithelial
c_1_21_418,Epithelial
c_1_21_419,Epithelial
c_1_21_420,Lymphoid-Other
c_1_21_421,Epithelial
c_1_21_422,Epithelial
c_1_21_423,Epithelial
c_1_21_424,Epithelial
c_1_21_425,Epithelial
c_1_21_426,Epithelial
c_1_21_427,Epithelial
c_1_21_428,Epithelial
c_1_21_429,Epithelial
c_1_21_430,Epithelial
c_1_21_431,Epithelial
c_1_21_432,Lymphoid-Other
c_1_21_433,Epithelial
c_1_21_434,Epithelial
c_1_21_435,Epithelial
c_1_21_436,Epithelial
c_1_21_437,Epithelial
c_1_21_438,Epithelial
c_1_21_439,Epithelial
c_1_21_440,Epithelial
c_1_21_441,Lymphoid-Other
c_1_21_442,Epithelial
c_1_21_443,Lymphoid-Other
c_1_21_444,Epithelial
c_1_21_445,Epithelial
c_1_21_446,Epithelial
c_1_21_447,Epithelial
c_1_21_448,Epithelial
c_1_21_449,Epithelial
c_1_21_450,Lymphoid-Other
c_1_21_451,Epithelial
c_1_21_452,Epithelial
c_1_21_453,Epithelial
c_1_21_454,Epithelial
c_1_21_455,Epithelial
c_1_21_456,Stem
c_1_21_457,Epithelial
c_1_21_458,Epithelial
c_1_21_459,Epithelial
c_1_21_460,Epithelial
c_1_21_461,Epithelial
c_1_21_462,Epithelial
c_1_21_463,Epithelial
c_1_21_464,Epithelial
c_1_21_465,Epithelial
c_1_21_466,Epithelial
c_1_21_467,Epithelial
c_1_21_468,Epithelial
c_1_21_469,Lymphoid-Other
c_1_21_470,Lymphoid-Other
c_1_21_471,Lymphoid-Other
c_1_21_472,Epithelial
c_1_21_473,Epithelial
c_1_21_474,Epithelial
c_1_21_475,Lymphoid-Other
c_1_21_476,Lymphoid-Other
c_1_21_477,Epithelial
c_1_21_478,Epithelial
c_1_21_479,Epithelial
c_1_21_480,Epithelial
c_1_21_481,Lymphoid-Other
c_1_21_482,Lymphoid-Plasma
c_1_21_483,Lymphoid-Other
c_1_21_484,Epithelial
c_1_21_485,Epithelial
c_1_21_486,Epithelial
c_1_21_487,Epithelial
c_1_21_488,Epithelial
c_1_21_489,Epithelial
c_1_21_490,Epithelial
c_1_21_491,Epithelial
c_1_21_492,Epithelial
c_1_21_493,Epithelial
c_1_21_494,Epithelial
c_1_21_495,Epithelial
c_1_21_496,Epithelial
c_1_21_497,Epithelial
c_1_21_498,Lymphoid-Plasma
c_1_21_499,Epithelial
c_1_21_500,Lymphoid-Other
c_1_21_501,Epithelial
c_1_21_502,Lymphoid-Other
c_1_21_503,Epithelial
c_1_21_504,Epithelial
c_1_21_505,Epithelial
c_1_21_506,Epithelial
c_1_21_507,Epithelial
c_1_21_508,Lymphoid-T
c_1_21_509,Epithelial
c_1_21_510,Lymphoid-T
c_1_21_511,Lymphoid-Other
c_1_21_512,Lymphoid-Other
c_1_21_513,Epithelial
c_1_21_514,Epithelial
c_1_21_515,Epithelial
c_1_21_516,Epithelial
c_1_21_517,Epithelial
c_1_21_518,Epithelial
c_1_21_519,Epithelial
c_1_21_520,Lymphoid-Other
c_1_21_521,Lymphoid-Other
c_1_21_522,Epithelial
c_1_21_523,Epithelial
c_1_21_524,Lymphoid-Other
c_1_21_525,Epithelial
c_1_21_526,Epithelial
c_1_21_527,Lymphoid-Other
c_1_21_528,Epithelial
c_1_21_529,Epithelial
c_1_21_530,Epithelial
c_1_21_531,Epithelial
c_1_21_532,Lymphoid-Plasma
c_1_21_533,Epithelial
c_1_21_534,Epithelial
c_1_21_535,Epithelial
c_1_21_536,Epithelial
c_1_21_537,Lymphoid-Other
c_1_21_538,Epithelial
c_1_21_539,Lymphoid-Other
c_1_21_540,Lymphoid-T
c_1_21_541,Epithelial
c_1_21_542,Epithelial
c_1_21_543,Epithelial
c_1_21_544,Epithelial
c_1_21_545,Epithelial
c_1_21_546,Lymphoid-Other
c_1_21_547,Lymphoid-Other
c_1_21_548,Epithelial
c_1_21_549,Epithelial
c_1_21_550,Epithelial
c_1_21_551,Epithelial
c_1_21_552,Epithelial
c_1_21_553,Epithelial
c_1_21_554,Epithelial
c_1_21_555,Lymphoid-Other
c_1_21_556,Epithelial
c_1_21_557,Epithelial
c_1_21_558,Epithelial
c_1_21_559,Lymphoid-T
c_1_21_560,Epithelial
c_1_21_561,Epithelial
c_1_21_563,Lymphoid-Other
c_1_21_564,Epithelial
c_1_21_565,Epithelial
c_1_21_566,Epithelial
c_1_21_567,Lymphoid-Other
c_1_21_568,Epithelial
c_1_21_569,Epithelial
c_1_21_570,Epithelial
c_1_21_571,Lymphoid-Plasma
c_1_21_572,Lymphoid-Other
c_1_21_573,Epithelial
c_1_21_574,Epithelial
c_1_21_575,Epithelial
c_1_21_576,Epithelial
c_1_21_577,Epithelial
c_1_21_578,Epithelial
c_1_21_579,Epithelial
c_1_21_580,Epithelial
c_1_21_581,Epithelial
c_1_21_582,Lymphoid-DC
c_1_21_583,Lymphoid-Other
c_1_21_584,Epithelial
c_1_21_585,Epithelial
c_1_21_586,Epithelial
c_1_21_587,Epithelial
c_1_21_588,Epithelial
c_1_21_589,Epithelial
c_1_21_590,Epithelial
c_1_21_591,Lymphoid-Other
c_1_21_592,Epithelial
c_1_21_593,Epithelial
c_1_21_594,Epithelial
c_1_21_595,Lymphoid-T
c_1_21_596,Epithelial
c_1_21_597,Epithelial
c_1_21_598,Lymphoid-Other
c_1_21_599,Epithelial
c_1_21_600,Epithelial
c_1_21_601,Lymphoid-Other
c_1_21_602,Lymphoid-Other
c_1_21_603,Epithelial
c_1_21_604,Lymphoid-Other
c_1_21_605,Epithelial
c_1_21_606,Epithelial
c_1_21_607,Epithelial
c_1_21_608,Lymphoid-Other
c_1_21_609,Lymphoid-Other
c_1_21_610,Epithelial
c_1_21_611,Lymphoid-Other
c_1_21_612,Lymphoid-Other
c_1_21_613,Lymphoid-Other
c_1_21_614,Epithelial
c_1_21_615,Epithelial
c_1_21_616,Epithelial
c_1_21_617,Epithelial
c_1_21_618,Lymphoid-Other
c_1_21_619,Lymphoid-Other
c_1_21_620,Lymphoid-Plasma
c_1_21_621,Epithelial
c_1_21_622,Lymphoid-T
c_1_21_623,Epithelial
c_1_21_624,Epithelial
c_1_21_625,Epithelial
c_1_21_626,Epithelial
c_1_21_627,Lymphoid-T
c_1_21_628,Epithelial
c_1_21_629,Epithelial
c_1_21_630,Lymphoid-Other
c_1_21_631,Lymphoid-T
c_1_21_632,Epithelial
c_1_21_633,Epithelial
c_1_21_634,Epithelial
c_1_21_635,Epithelial
c_1_21_636,Epithelial
c_1_21_637,Epithelial
c_1_21_638,Lymphoid-DC
c_1_21_639,Lymphoid-Other
c_1_21_640,Epithelial
c_1_21_641,Lymphoid-Other
c_1_21_642,Lymphoid-Other
c_1_21_643,Epithelial
c_1_21_644,Epithelial
c_1_21_645,Lymphoid-Other
c_1_21_646,Epithelial
c_1_21_647,Epithelial
c_1_21_648,Lymphoid-Other
c_1_21_649,Epithelial
c_1_21_650,Lymphoid-Other
c_1_21_651,Lymphoid-Other
c_1_21_652,Lymphoid-T
c_1_21_653,Lymphoid-T
c_1_21_654,Lymphoid-Other
c_1_21_655,Epithelial
c_1_21_656,Lymphoid-Other
c_1_21_657,Epithelial
c_1_21_658,Lymphoid-Other
c_1_21_659,Lymphoid-T
c_1_21_660,Lymphoid-Other
c_1_21_661,Lymphoid-Other
c_1_21_662,Lymphoid-Other
c_1_21_663,Lymphoid-Other
c_1_21_665,Lymphoid-Other
c_1_21_666,Epithelial
c_1_21_667,Epithelial
c_1_21_668,Epithelial
c_1_21_669,Epithelial
c_1_21_671,Lymphoid-Other
c_1_21_672,Lymphoid-Other
c_1_21_674,Lymphoid-Other
c_1_21_675,Lymphoid-B
c_1_21_676,Lymphoid-Other
c_1_21_677,Lymphoid-Other
c_1_21_678,Lymphoid-T
c_1_21_679,Mesenchymal-Stromal
c_1_21_680,Lymphoid-T
c_1_21_681,Lymphoid-Other
c_1_21_683,Lymphoid-Other
c_1_21_684,Lymphoid-Other
c_1_21_686,Lymphoid-Other
c_1_21_687,Lymphoid-T
c_1_21_688,Lymphoid-Other
c_1_21_689,Lymphoid-Other
c_1_21_690,Lymphoid-Other
c_1_21_691,Lymphoid-Other
c_1_21_692,Lymphoid-Other
c_1_21_693,Lymphoid-Other
c_1_21_694,Lymphoid-Other
c_1_21_695,Lymphoid-Other
c_1_21_696,Lymphoid-Other
c_1_21_697,Lymphoid-Other
c_1_21_698,Lymphoid-Other
c_1_21_699,Lymphoid-Other
c_1_21_700,Mesenchymal-Stromal
c_1_21_702,Lymphoid-Other
c_1_21_703,Mesenchymal-Stromal
c_1_21_704,Lymphoid-Other
c_1_21_705,Mesenchymal-Stromal
c_1_21_706,Mesenchymal-Stromal
c_1_21_707,Mesenchymal-Stromal
c_1_21_709,Lymphoid-Other
c_1_21_710,Mesenchymal-Stromal
c_1_21_711,Lymphoid-Other
c_1_21_712,Lymphoid-T
c_1_21_713,Neuronal-Glial
c_1_21_714,Lymphoid-Other
c_1_21_715,Lymphoid-Other
c_1_21_716,Lymphoid-Other
c_1_21_717,Mesenchymal-Stromal
c_1_21_718,Lymphoid-Other
c_1_21_719,Mesenchymal-Stromal
c_1_21_720,Lymphoid-Other
c_1_21_721,Lymphoid-Other
c_1_21_722,Lymphoid-Other
c_1_21_723,Erythroid
c_1_21_725,Lymphoid-Other
c_1_21_726,Mesenchymal-Stromal
c_1_21_727,Lymphoid-Other
c_1_21_728,Lymphoid-Other
c_1_21_729,Epithelial
c_1_21_730,Lymphoid-Other
c_1_21_731,Lymphoid-Other
c_1_21_732,Lymphoid-Other
c_1_21_734,Lymphoid-T
c_1_21_736,Lymphoid-Other
c_1_21_737,Lymphoid-Other
c_1_21_738,Mesenchymal-Stromal
c_1_21_739,Mesenchymal-Stromal
c_1_21_740,Lymphoid-T
c_1_21_742,Lymphoid-Other
c_1_21_743,Lymphoid-Other
c_1_21_744,Lymphoid-Other
c_1_21_745,Lymphoid-Other
c_1_21_747,Lymphoid-Other
c_1_21_748,Mesenchymal-Stromal
c_1_21_749,Erythroid
c_1_21_750,Lymphoid-Other
c_1_21_751,Mesenchymal-Stromal
c_1_21_752,Lymphoid-T
c_1_21_753,Lymphoid-Other
c_1_21_754,Lymphoid-T
c_1_21_755,Lymphoid-Other
c_1_21_756,Lymphoid-Other
c_1_21_757,Lymphoid-Other
c_1_21_758,Lymphoid-Other
c_1_21_759,Lymphoid-Other
c_1_21_760,Erythroid
c_1_21_761,Lymphoid-Other
c_1_21_763,Lymphoid-DC
c_1_21_764,Lymphoid-Other
c_1_21_765,Lymphoid-Other
c_1_21_766,Lymphoid-T
c_1_21_767,Lymphoid-Other
c_1_21_768,Erythroid
c_1_21_769,Lymphoid-Other
c_1_21_770,Lymphoid-Other
c_1_21_771,Mesenchymal-Stromal
c_1_21_772,Erythroid
c_1_21_773,Lymphoid-Other
c_1_21_774,Lymphoid-Other
c_1_21_775,Lymphoid-Other
c_1_21_776,Mesenchymal-Stromal
c_1_21_777,Mesenchymal-Stromal
c_1_21_778,Lymphoid-Other
c_1_21_779,Mesenchymal-Stromal
c_1_21_780,Mesenchymal-Stromal
c_1_21_781,Lymphoid-Other
c_1_21_782,Mesenchymal-Stromal
c_1_21_783,Lymphoid-T
c_1_21_784,Mesenchymal-Stromal
c_1_21_785,Mesenchymal-Stromal
c_1_21_786,Lymphoid-Other
c_1_21_787,Lymphoid-Other
c_1_21_789,Lymphoid-Other
c_1_21_791,Lymphoid-Other
c_1_21_792,Lymphoid-Other
c_1_21_794,Lymphoid-Other
c_1_21_795,Lymphoid-Other
c_1_21_796,Mesenchymal-Stromal
c_1_21_797,Lymphoid-Other
c_1_21_798,Lymphoid-T
c_1_21_799,Lymphoid-Other
c_1_21_800,Mesenchymal-Stromal
c_1_21_801,Mesenchymal-Stromal
c_1_21_802,Lymphoid-T
c_1_21_803,Erythroid
c_1_21_804,Lymphoid-Other
c_1_21_805,Lymphoid-T
c_1_21_806,Lymphoid-Other
c_1_21_807,Lymphoid-Other
c_1_21_808,Mesenchymal-Stromal
c_1_21_809,Mesenchymal-Stromal
c_1_21_810,Lymphoid-Other
c_1_21_811,Lymphoid-Other
c_1_21_812,Lymphoid-Other
c_1_21_813,Mesenchymal-Stromal
c_1_21_814,Mesenchymal-Stromal
c_1_21_815,Lymphoid-Other
c_1_21_816,Mesenchymal-Stromal
c_1_21_817,Lymphoid-Other
c_1_21_819,Lymphoid-Other
c_1_21_820,Lymphoid-Other
c_1_21_821,Mesenchymal-Stromal
c_1_21_822,Lymphoid-Other
c_1_21_823,Erythroid
c_1_21_824,Mesenchymal-Stromal
c_1_21_825,Mesenchymal-Stromal
c_1_21_826,Endothelial
c_1_21_827,Lymphoid-Other
c_1_21_828,Lymphoid-Other
c_1_21_829,Mesenchymal-Stromal
c_1_21_830,Mesenchymal-Stromal
c_1_21_831,Mesenchymal-Stromal
c_1_21_832,Mesenchymal-Stromal
c_1_21_833,Mesenchymal-Stromal
c_1_21_834,Mesenchymal-Stromal
c_1_21_835,Lymphoid-Other
c_1_21_836,Lymphoid-Other
c_1_21_837,Mesenchymal-Stromal
c_1_21_838,Lymphoid-Other
c_1_21_839,Lymphoid-Other
c_1_21_840,Mesenchymal-Stromal
c_1_21_841,Mesenchymal-Stromal
c_1_21_842,Mesenchymal-Stromal
c_1_21_844,Mesenchymal-Stromal
c_1_21_845,Lymphoid-Other
c_1_21_846,Lymphoid-Other
c_1_21_847,Mesenchymal-Stromal
c_1_21_848,Lymphoid-Other
c_1_21_849,Mesenchymal-Stromal
c_1_21_850,Lymphoid-Other
c_1_21_851,Mesenchymal-Stromal
c_1_21_852,Mesenchymal-Stromal
c_1_21_853,Lymphoid-Other
c_1_21_854,Mesenchymal-Stromal
c_1_21_855,Lymphoid-Other
c_1_21_856,Lymphoid-Other
c_1_21_857,Lymphoid-Other
c_1_21_858,Mesenchymal-Stromal
c_1_21_859,Mesenchymal-Stromal
c_1_21_860,Mesenchymal-Stromal
c_1_21_861,Lymphoid-Other
c_1_21_862,Mesenchymal-Stromal
c_1_21_863,Lymphoid-Other
c_1_21_864,Epithelial
c_1_21_865,Mesenchymal-Stromal
c_1_21_866,Mesenchymal-Stromal
c_1_21_867,Lymphoid-T
c_1_21_868,Epithelial
c_1_21_869,Mesenchymal-Stromal
c_1_21_870,Lymphoid-Other
c_1_21_871,Lymphoid-Other
c_1_21_872,Epithelial
c_1_21_873,Mesenchymal-Stromal
c_1_21_874,Mesenchymal-Stromal
c_1_21_875,Lymphoid-Other
c_1_21_876,Epithelial
c_1_21_877,Lymphoid-Other
c_1_21_878,Lymphoid-Other
c_1_21_879,Mesenchymal-Stromal
c_1_21_880,Epithelial
c_1_21_881,Mesenchymal-Stromal
c_1_21_883,Lymphoid-Other
c_1_21_884,Lymphoid-Other
c_1_21_885,Epithelial
c_1_21_886,Lymphoid-Other
c_1_21_887,Lymphoid-Other
c_1_21_888,Mesenchymal-Stromal
c_1_21_889,Lymphoid-T
c_1_21_890,Lymphoid-Other
c_1_21_891,Lymphoid-Other
c_1_21_892,Epithelial
c_1_21_893,Mesenchymal-Stromal
c_1_21_894,Epithelial
c_1_21_895,Lymphoid-Other
c_1_21_896,Lymphoid-Other
c_1_21_897,Lymphoid-Other
c_1_21_898,Lymphoid-Other
c_1_21_899,Lymphoid-Other
c_1_21_900,Lymphoid-Other
c_1_21_901,Lymphoid-Other
c_1_21_902,Mesenchymal-Stromal
c_1_21_903,Lymphoid-Other
c_1_21_904,Epithelial
c_1_21_905,Lymphoid-Other
c_1_21_906,Lymphoid-Other
c_1_21_907,Mesenchymal-Stromal
c_1_21_908,Lymphoid-Other
c_1_21_909,Lymphoid-Other
c_1_21_910,Mesenchymal-Stromal
c_1_21_911,Epithelial
c_1_21_912,Mesenchymal-Stromal
c_1_21_913,Lymphoid-T
c_1_21_914,Lymphoid-Other
c_1_21_915,Lymphoid-Other
c_1_21_916,Epithelial
c_1_21_917,Lymphoid-Other
c_1_21_918,Mesenchymal-Stromal
c_1_21_919,Lymphoid-Other
c_1_21_920,Lymphoid-Other
c_1_21_921,Mesenchymal-Stromal
c_1_21_922,Mesenchymal-Stromal
c_1_21_923,Lymphoid-Other
c_1_21_924,Lymphoid-DC
c_1_21_925,Lymphoid-Other
c_1_21_926,Lymphoid-Other
c_1_21_927,Lymphoid-Other
c_1_21_928,Lymphoid-Other
c_1_21_929,Epithelial
c_1_21_930,Lymphoid-Other
c_1_21_931,Lymphoid-Other
c_1_21_932,Mesenchymal-Stromal
c_1_21_933,Lymphoid-Other
c_1_21_934,Lymphoid-Other
c_1_21_935,Mesenchymal-Stromal
c_1_21_936,Mesenchymal-Stromal
c_1_21_937,Lymphoid-Plasma
c_1_21_938,Lymphoid-Other
c_1_21_939,Lymphoid-Other
c_1_21_940,Lymphoid-Other
c_1_21_941,Lymphoid-Other
c_1_21_942,Lymphoid-Other
c_1_21_943,Mesenchymal-Stromal
c_1_21_944,Lymphoid-Other
c_1_21_945,Mesenchymal-Stromal
c_1_21_946,Epithelial
c_1_21_947,Lymphoid-Other
c_1_21_948,Lymphoid-Other
c_1_21_949,Mesenchymal-Stromal
c_1_21_950,Mesenchymal-Stromal
c_1_21_951,Mesenchymal-Stromal
c_1_21_952,Epithelial
c_1_21_953,Lymphoid-Plasma
c_1_21_954,Lymphoid-Plasma
c_1_21_955,Lymphoid-Other
c_1_21_956,Lymphoid-Other
c_1_21_957,Lymphoid-Other
c_1_21_958,Lymphoid-Other
c_1_21_959,Lymphoid-Other
c_1_21_960,Endothelial
c_1_21_961,Lymphoid-Other
c_1_21_962,Lymphoid-Other
c_1_21_963,Lymphoid-Other
c_1_21_964,Lymphoid-DC
c_1_21_965,Lymphoid-Other
c_1_21_966,Lymphoid-Other
c_1_21_967,Lymphoid-Other
c_1_21_968,Epithelial
c_1_21_969,Lymphoid-T
c_1_21_970,Mesenchymal-Stromal
c_1_21_972,Lymphoid-Other
c_1_21_973,Lymphoid-Plasma
c_1_21_974,Epithelial
c_1_21_975,Lymphoid-Other
c_1_21_976,Epithelial
c_1_21_977,Lymphoid-Other
c_1_21_978,Lymphoid-Other
c_1_21_980,Lymphoid-Other
c_1_21_981,Lymphoid-Plasma
c_1_21_983,Mesenchymal-Stromal
c_1_21_984,Lymphoid-Other
c_1_21_985,Epithelial
c_1_21_986,Lymphoid-Other
c_1_21_987,Lymphoid-Other
c_1_21_988,Epithelial
c_1_21_989,Mesenchymal-Stromal
c_1_21_990,Epithelial
c_1_21_991,Epithelial
c_1_21_992,Lymphoid-Other
c_1_21_993,Epithelial
c_1_21_994,Lymphoid-Other
c_1_21_995,Epithelial
c_1_21_996,Epithelial
c_1_21_997,Epithelial
c_1_21_998,Mesenchymal-Stromal
c_1_21_999,Mesenchymal-Stromal
c_1_21_1000,Lymphoid-Other
c_1_21_1001,Epithelial
c_1_21_1002,Epithelial
c_1_21_1003,Mesenchymal-Stromal
c_1_21_1004,Epithelial
c_1_21_1005,Epithelial
c_1_21_1006,Mesenchymal-Stromal
c_1_21_1007,Epithelial
c_1_21_1008,Epithelial
c_1_21_1010,Lymphoid-Other
c_1_21_1011,Stem
c_1_21_1012,Lymphoid-Other
c_1_21_1013,Epithelial
c_1_21_1014,Lymphoid-Other
c_1_21_1015,Lymphoid-Other
c_1_21_1016,Epithelial
c_1_21_1017,Epithelial
c_1_21_1018,Lymphoid-Other
c_1_21_1019,Epithelial
c_1_21_1020,Epithelial
c_1_21_1022,Lymphoid-Other
c_1_21_1023,Lymphoid-Other
c_1_21_1024,Lymphoid-Other
c_1_21_1025,Epithelial
c_1_21_1026,Epithelial
c_1_21_1027,Lymphoid-Other
c_1_21_1028,Epithelial
c_1_21_1029,Lymphoid-Other
c_1_21_1030,Lymphoid-Other
c_1_21_1031,Epithelial
c_1_21_1032,Lymphoid-Other
c_1_21_1033,Lymphoid-Other
c_1_21_1034,Lymphoid-Other
c_1_21_1035,Epithelial
c_1_21_1036,Lymphoid-Other
c_1_21_1037,Epithelial
c_1_21_1038,Epithelial
c_1_21_1039,Epithelial
c_1_21_1040,Stem
c_1_21_1041,Epithelial
c_1_21_1042,Lymphoid-Other
c_1_21_1043,Lymphoid-Other
c_1_21_1044,Epithelial
c_1_21_1045,Epithelial
c_1_21_1046,Lymphoid-Other
c_1_21_1047,Lymphoid-Other
c_1_21_1048,Lymphoid-Other
c_1_21_1049,Lymphoid-T
c_1_21_1050,Lymphoid-Other
c_1_21_1051,Lymphoid-Other
c_1_21_1052,Epithelial
c_1_21_1053,Epithelial
c_1_21_1054,Lymphoid-Other
c_1_21_1055,Epithelial
c_1_21_1056,Epithelial
c_1_21_1057,Lymphoid-Other
c_1_21_1058,Epithelial
c_1_21_1059,Lymphoid-Other
c_1_21_1060,Epithelial
c_1_21_1061,Lymphoid-Other
c_1_21_1062,Epithelial
c_1_21_1063,Lymphoid-Other
c_1_21_1064,Lymphoid-Other
c_1_21_1065,Epithelial
c_1_21_1066,Lymphoid-Other
c_1_21_1068,Epithelial
c_1_21_1069,Lymphoid-T
c_1_21_1070,Lymphoid-Other
c_1_21_1071,Lymphoid-Other
c_1_21_1072,Epithelial
c_1_21_1073,Lymphoid-Other
c_1_21_1074,Epithelial
c_1_21_1075,Lymphoid-Other
c_1_21_1076,Lymphoid-Other
c_1_21_1077,Mesenchymal-Stromal
c_1_21_1078,Epithelial
c_1_21_1079,Epithelial
c_1_21_1080,Lymphoid-Other
c_1_21_1081,Epithelial
c_1_21_1082,Lymphoid-Other
c_1_21_1083,Mesenchymal-Stromal
c_1_21_1084,Mesenchymal-Stromal
c_1_21_1085,Epithelial
c_1_21_1086,Stem
c_1_21_1087,Lymphoid-Other
c_1_21_1088,Epithelial
c_1_21_1089,Epithelial
c_1_21_1090,Epithelial
c_1_21_1091,Lymphoid-Other
c_1_21_1093,Lymphoid-Other
c_1_21_1094,Mesenchymal-Stromal
c_1_21_1095,Epithelial
c_1_21_1096,Endothelial
c_1_21_1097,Mesenchymal-Stromal
c_1_21_1098,Lymphoid-Other
c_1_21_1099,Lymphoid-Other
c_1_21_1100,Epithelial
c_1_21_1101,Epithelial
c_1_21_1102,Lymphoid-Plasma
c_1_21_1103,Epithelial
c_1_21_1104,Epithelial
c_1_21_1105,Epithelial
c_1_21_1106,Epithelial
c_1_21_1107,Lymphoid-Other
c_1_21_1108,Lymphoid-Other
c_1_21_1109,Epithelial
c_1_21_1110,Lymphoid-Other
c_1_21_1111,Epithelial
c_1_21_1112,Epithelial
c_1_21_1113,Lymphoid-T
c_1_21_1114,Mesenchymal-Stromal
c_1_21_1115,Endothelial
c_1_21_1116,Lymphoid-Plasma
c_1_21_1117,Lymphoid-Plasma
c_1_21_1118,Lymphoid-Other
c_1_21_1119,Epithelial
c_1_21_1120,Lymphoid-Other
c_1_21_1121,Lymphoid-Other
c_1_21_1122,Lymphoid-Other
c_1_21_1123,Lymphoid-Other
c_1_21_1124,Lymphoid-Other
c_1_21_1125,Epithelial
c_1_21_1126,Epithelial
c_1_21_1127,Epithelial
c_1_21_1128,Epithelial
c_1_21_1129,Mesenchymal-Stromal
c_1_21_1130,Mesenchymal-Stromal
c_1_21_1131,Epithelial
c_1_21_1132,Mesenchymal-Stromal
c_1_21_1133,Mesenchymal-Stromal
c_1_21_1134,Lymphoid-Other
c_1_21_1135,Lymphoid-Other
c_1_21_1136,Lymphoid-Plasma
c_1_21_1137,Lymphoid-Plasma
c_1_21_1138,Epithelial
c_1_21_1139,Lymphoid-Other
c_1_21_1140,Epithelial
c_1_21_1141,Epithelial
c_1_21_1142,Lymphoid-Other
c_1_21_1143,Lymphoid-Other
c_1_21_1144,Epithelial
c_1_21_1145,Epithelial
c_1_21_1146,Epithelial
c_1_21_1147,Mesenchymal-Stromal
c_1_21_1148,Lymphoid-Other
c_1_21_1149,Epithelial
c_1_21_1150,Epithelial
c_1_21_1151,Epithelial
c_1_21_1152,Lymphoid-Other
c_1_21_1153,Mesenchymal-Stromal
c_1_21_1154,Lymphoid-B
c_1_21_1155,Endothelial
c_1_21_1156,Epithelial
c_1_21_1157,Mesenchymal-Stromal
c_1_21_1158,Lymphoid-Other
c_1_21_1159,Epithelial
c_1_21_1160,Lymphoid-Other
c_1_21_1161,Epithelial
c_1_21_1162,Mesenchymal-Stromal
c_1_21_1163,Lymphoid-Other
c_1_21_1164,Lymphoid-Other
c_1_21_1165,Lymphoid-Other
c_1_21_1166,Lymphoid-B
c_1_21_1167,Mesenchymal-Stromal
c_1_21_1168,Lymphoid-Other
c_1_21_1169,Mesenchymal-Stromal
c_1_21_1170,Lymphoid-Other
c_1_21_1171,Epithelial
c_1_21_1172,Mesenchymal-Stromal
c_1_21_1173,Lymphoid-Other
c_1_21_1174,Neuronal-Glial
c_1_21_1175,Epithelial
c_1_21_1176,Stem
c_1_21_1177,Epithelial
c_1_21_1178,Epithelial
c_1_21_1179,Lymphoid-Other
c_1_21_1180,Epithelial
c_1_21_1181,Epithelial
c_1_21_1182,Epithelial
c_1_21_1183,Mesenchymal-Stromal
c_1_21_1184,Lymphoid-Other
c_1_21_1185,Mesenchymal-Stromal
c_1_21_1186,Mesenchymal-Stromal
c_1_21_1187,Lymphoid-Other
c_1_21_1188,Lymphoid-Other
c_1_21_1189,Epithelial
c_1_21_1190,Epithelial
c_1_21_1191,Lymphoid-Other
c_1_21_1192,Lymphoid-Other
c_1_21_1193,Epithelial
c_1_21_1194,Epithelial
c_1_21_1195,Epithelial
c_1_21_1196,Lymphoid-Other
c_1_21_1197,Epithelial
c_1_21_1198,Lymphoid-Other
c_1_21_1199,Lymphoid-Other
c_1_21_1200,Mesenchymal-Stromal
c_1_21_1201,Stem
c_1_21_1202,Epithelial
c_1_21_1203,Lymphoid-Other
c_1_21_1204,Lymphoid-Other
c_1_21_1205,Lymphoid-Other
c_1_21_1206,Mesenchymal-Stromal
c_1_21_1207,Lymphoid-Other
c_1_21_1208,Lymphoid-Other
c_1_21_1209,Lymphoid-Other
c_1_21_1210,Epithelial
c_1_21_1211,Lymphoid-Other
c_1_21_1212,Mesenchymal-Stromal
c_1_21_1213,Lymphoid-Other
c_1_21_1214,Epithelial
c_1_21_1215,Epithelial
c_1_21_1216,Lymphoid-Other
c_1_21_1217,Lymphoid-Plasma
c_1_21_1218,Lymphoid-Other
c_1_21_1220,Epithelial
c_1_21_1221,Lymphoid-Plasma
c_1_21_1222,Lymphoid-Other
c_1_21_1223,Mesenchymal-Stromal
c_1_21_1224,Epithelial
c_1_21_1225,Epithelial
c_1_21_1226,Mesenchymal-Stromal
c_1_21_1227,Lymphoid-Other
c_1_21_1228,Lymphoid-Plasma
c_1_21_1230,Lymphoid-Other
c_1_21_1231,Epithelial
c_1_21_1232,Lymphoid-Plasma
c_1_21_1233,Mesenchymal-Stromal
c_1_21_1234,Mesenchymal-Stromal
c_1_21_1235,Lymphoid-Other
c_1_21_1236,Epithelial
c_1_21_1237,Epithelial
c_1_21_1238,Lymphoid-Other
c_1_21_1239,Lymphoid-Other
c_1_21_1240,Epithelial
c_1_21_1241,Lymphoid-Other
c_1_21_1242,Stem
c_1_21_1243,Lymphoid-Plasma
c_1_21_1244,Mesenchymal-Stromal
c_1_21_1245,Lymphoid-Plasma
c_1_21_1246,Lymphoid-Other
c_1_21_1247,Epithelial
c_1_21_1248,Epithelial
c_1_21_1249,Lymphoid-Other
c_1_21_1250,Epithelial
c_1_21_1251,Lymphoid-Plasma
c_1_21_1252,Epithelial
c_1_21_1253,Lymphoid-Other
c_1_21_1254,Lymphoid-Other
c_1_21_1255,Epithelial
c_1_21_1256,Lymphoid-Other
c_1_21_1257,Epithelial
c_1_21_1258,Lymphoid-DC
c_1_21_1259,Lymphoid-T
c_1_21_1260,Epithelial
c_1_21_1261,Lymphoid-Other
c_1_21_1262,Mesenchymal-Stromal
c_1_21_1263,Epithelial
c_1_21_1265,Epithelial
c_1_21_1266,Lymphoid-Plasma
c_1_21_1267,Lymphoid-Other
c_1_21_1268,Epithelial
c_1_21_1269,Lymphoid-Plasma
c_1_21_1270,Lymphoid-Plasma
c_1_21_1271,Lymphoid-Other
c_1_21_1272,Mesenchymal-Stromal
c_1_21_1274,Lymphoid-Other
c_1_21_1275,Lymphoid-Plasma
c_1_21_1276,Epithelial
c_1_21_1277,Epithelial
c_1_21_1278,Lymphoid-Other
c_1_21_1279,Lymphoid-DC
c_1_21_1280,Lymphoid-Plasma
c_1_21_1281,Lymphoid-Other
c_1_21_1282,Epithelial
c_1_21_1283,Lymphoid-Other
c_1_21_1284,Lymphoid-Plasma
c_1_21_1285,Lymphoid-Plasma
c_1_21_1286,Endothelial
c_1_21_1287,Lymphoid-Other
c_1_21_1288,Epithelial
c_1_21_1289,Lymphoid-Other
c_1_21_1290,Lymphoid-DC
c_1_21_1291,Lymphoid-DC
c_1_21_1292,Epithelial
c_1_21_1293,Lymphoid-Other
c_1_21_1294,Epithelial
c_1_21_1295,Lymphoid-Other
c_1_21_1296,Epithelial
c_1_21_1297,Epithelial
c_1_21_1298,Epithelial
c_1_21_1299,Mesenchymal-Stromal
c_1_21_1300,Mesenchymal-Stromal
c_1_21_1301,Lymphoid-Other
c_1_21_1302,Mesenchymal-Stromal
c_1_21_1303,Lymphoid-Other
c_1_21_1304,Lymphoid-Other
c_1_21_1305,Lymphoid-Other
c_1_21_1306,Lymphoid-Plasma
c_1_21_1307,Mesenchymal-Stromal
c_1_21_1308,Epithelial
c_1_21_1309,Epithelial
c_1_21_1310,Lymphoid-Other
c_1_21_1311,Lymphoid-Plasma
c_1_21_1312,Lymphoid-Other
c_1_21_1313,Epithelial
c_1_21_1314,Epithelial
c_1_21_1315,Lymphoid-Other
c_1_21_1316,Epithelial
c_1_21_1317,Epithelial
c_1_21_1318,Lymphoid-Other
c_1_21_1319,Epithelial
c_1_21_1320,Epithelial
c_1_21_1321,Lymphoid-Other
c_1_21_1322,Lymphoid-Other
c_1_21_1323,Lymphoid-Plasma
c_1_21_1324,Lymphoid-Other
c_1_21_1325,Lymphoid-Other
c_1_21_1326,Lymphoid-Other
c_1_21_1327,Epithelial
c_1_21_1328,Lymphoid-Other
c_1_21_1329,Lymphoid-Other
c_1_21_1330,Lymphoid-Plasma
c_1_21_1331,Epithelial
c_1_21_1332,Lymphoid-T
c_1_21_1333,Lymphoid-Other
c_1_21_1334,Mesenchymal-Stromal
c_1_21_1335,Lymphoid-Other
c_1_21_1336,Lymphoid-Other
c_1_21_1337,Lymphoid-Other
c_1_21_1338,Mesenchymal-Stromal
c_1_21_1339,Epithelial
c_1_21_1340,Epithelial
c_1_21_1341,Epithelial
c_1_21_1342,Epithelial
c_1_21_1343,Lymphoid-Other
c_1_21_1344,Epithelial
c_1_21_1345,Epithelial
c_1_21_1346,Epithelial
c_1_21_1347,Mesenchymal-Stromal
c_1_21_1348,Lymphoid-Other
c_1_21_1349,Lymphoid-Other
c_1_21_1350,Epithelial
c_1_21_1351,Endothelial
c_1_21_1352,Lymphoid-Plasma
c_1_21_1353,Lymphoid-Plasma
c_1_21_1354,Lymphoid-Plasma
c_1_21_1355,Epithelial
c_1_21_1356,Epithelial
c_1_21_1357,Epithelial
c_1_21_1358,Lymphoid-Other
c_1_21_1359,Lymphoid-Other
c_1_21_1360,Epithelial
c_1_21_1361,Lymphoid-Other
c_1_21_1362,Lymphoid-Other
c_1_21_1363,Lymphoid-Plasma
c_1_21_1364,Mesenchymal-Stromal
c_1_21_1365,Lymphoid-Other
c_1_21_1366,Epithelial
c_1_21_1367,Epithelial
c_1_21_1368,Lymphoid-Other
c_1_21_1369,Lymphoid-Other
c_1_21_1370,Epithelial
c_1_21_1371,Lymphoid-Other
c_1_21_1372,Lymphoid-Other
c_1_21_1373,Lymphoid-Other
c_1_21_1374,Myeloid
c_1_21_1375,Lymphoid-Other
c_1_21_1376,Epithelial
c_1_21_1377,Lymphoid-Other
c_1_21_1378,Lymphoid-DC
c_1_21_1379,Lymphoid-DC
c_1_21_1380,Lymphoid-Other
c_1_21_1381,Lymphoid-Other
c_1_21_1382,Lymphoid-Other
c_1_21_1383,Lymphoid-Other
c_1_21_1384,Epithelial
c_1_21_1385,Mesenchymal-Stromal
c_1_21_1386,Lymphoid-Other
c_1_21_1388,Lymphoid-Plasma
c_1_21_1389,Stem
c_1_21_1390,Mesenchymal-Stromal
c_1_21_1391,Lymphoid-Other
c_1_21_1392,Lymphoid-Plasma
c_1_21_1393,Lymphoid-T
c_1_21_1394,Lymphoid-Other
c_1_21_1395,Epithelial
c_1_21_1396,Epithelial
c_1_21_1397,Lymphoid-Other
c_1_21_1398,Lymphoid-Other
c_1_21_1399,Lymphoid-Other
c_1_21_1400,Lymphoid-Other
c_1_21_1401,Lymphoid-Other
c_1_21_1402,Lymphoid-Plasma
c_1_21_1404,Epithelial
c_1_21_1405,Lymphoid-Other
c_1_21_1406,Endothelial
c_1_21_1408,Lymphoid-Other
c_1_21_1409,Lymphoid-Other
c_1_21_1410,Lymphoid-Plasma
c_1_21_1411,Lymphoid-Other
c_1_21_1412,Lymphoid-Plasma
c_1_21_1413,Epithelial
c_1_21_1414,Lymphoid-Other
c_1_21_1415,Mesenchymal-Stromal
c_1_21_1416,Lymphoid-Other
c_1_21_1417,Epithelial
c_1_21_1418,Myeloid
c_1_21_1419,Lymphoid-Other
c_1_21_1420,Lymphoid-Plasma
c_1_21_1421,Lymphoid-Other
c_1_21_1422,Lymphoid-Other
c_1_21_1424,Lymphoid-Other
c_1_21_1425,Lymphoid-DC
c_1_21_1426,Epithelial
c_1_21_1427,Lymphoid-Other
c_1_21_1428,Lymphoid-T
c_1_21_1429,Lymphoid-Other
c_1_21_1430,Epithelial
c_1_21_1431,Lymphoid-Other
c_1_21_1432,Lymphoid-DC
c_1_21_1433,Lymphoid-DC
c_1_21_1434,Lymphoid-T
c_1_21_1435,Mesenchymal-Stromal
c_1_21_1436,Lymphoid-Other
c_1_21_1437,Lymphoid-Other
c_1_21_1438,Lymphoid-Other
c_1_21_1439,Epithelial
c_1_21_1440,Mesenchymal-Stromal
c_1_21_1441,Lymphoid-Other
c_1_21_1442,Lymphoid-Other
c_1_21_1443,Lymphoid-Other
c_1_21_1444,Lymphoid-Plasma
c_1_21_1445,Lymphoid-Other
c_1_21_1446,Lymphoid-Other
c_1_21_1447,Lymphoid-Other
c_1_21_1448,Epithelial
c_1_21_1449,Epithelial
c_1_21_1450,Epithelial
c_1_21_1451,Lymphoid-DC
c_1_21_1452,Epithelial
c_1_21_1453,Lymphoid-Other
c_1_21_1454,Lymphoid-Other
c_1_21_1455,Epithelial
c_1_21_1456,Epithelial
c_1_21_1457,Epithelial
c_1_21_1458,Lymphoid-Other
c_1_21_1459,Lymphoid-Other
c_1_21_1460,Lymphoid-Other
c_1_21_1461,Epithelial
c_1_21_1462,Lymphoid-Other
c_1_21_1463,Epithelial
c_1_21_1464,Lymphoid-Other
c_1_21_1465,Epithelial
c_1_21_1466,Epithelial
c_1_21_1467,Epithelial
c_1_21_1468,Lymphoid-DC
c_1_21_1469,Epithelial
c_1_21_1470,Epithelial
c_1_21_1471,Lymphoid-Other
c_1_21_1472,Epithelial
c_1_21_1473,Lymphoid-Other
c_1_21_1474,Lymphoid-Other
c_1_21_1475,Lymphoid-Other
c_1_21_1476,Epithelial
c_1_21_1477,Lymphoid-Other
c_1_21_1478,Epithelial
c_1_21_1479,Lymphoid-Plasma
c_1_21_1480,Epithelial
c_1_21_1481,Epithelial
c_1_21_1482,Epithelial
c_1_21_1483,Epithelial
c_1_21_1484,Lymphoid-Other
c_1_21_1485,Epithelial
c_1_21_1486,Epithelial
c_1_21_1487,Epithelial
c_1_21_1488,Epithelial
c_1_21_1489,Lymphoid-Other
c_1_21_1490,Lymphoid-DC
c_1_21_1491,Lymphoid-Other
c_1_21_1492,Epithelial
c_1_21_1493,Stem
c_1_21_1494,Epithelial
c_1_21_1495,Epithelial
c_1_21_1496,Lymphoid-Other
c_1_21_1497,Epithelial
c_1_21_1498,Epithelial
c_1_21_1499,Lymphoid-Other
c_1_21_1500,Lymphoid-Other
c_1_21_1501,Epithelial
c_1_21_1502,Epithelial
c_1_21_1503,Lymphoid-Other
c_1_21_1504,Epithelial
c_1_21_1505,Lymphoid-Other
c_1_21_1506,Lymphoid-Plasma
c_1_21_1507,Epithelial
c_1_21_1508,Epithelial
c_1_21_1509,Epithelial
c_1_21_1510,Lymphoid-Other
c_1_21_1511,Lymphoid-Other
c_1_21_1512,Epithelial
c_1_21_1513,Lymphoid-DC
c_1_21_1514,Epithelial
c_1_21_1515,Epithelial
c_1_21_1516,Epithelial
c_1_21_1517,Lymphoid-Plasma
c_1_21_1518,Epithelial
c_1_21_1519,Lymphoid-DC
c_1_21_1520,Epithelial
c_1_21_1521,Epithelial
c_1_21_1522,Epithelial
c_1_21_1523,Epithelial
c_1_21_1524,Epithelial
c_1_21_1525,Epithelial
c_1_21_1526,Epithelial
c_1_21_1527,Epithelial
c_1_21_1528,Epithelial
c_1_21_1529,Lymphoid-Other
c_1_21_1530,Lymphoid-Other
c_1_21_1531,Epithelial
c_1_21_1532,Lymphoid-T
c_1_21_1533,Lymphoid-Other
c_1_21_1534,Epithelial
c_1_21_1535,Epithelial
c_1_21_1536,Lymphoid-Other
c_1_21_1537,Lymphoid-Other
c_1_21_1538,Epithelial
c_1_21_1539,Epithelial
c_1_21_1540,Lymphoid-Other
c_1_21_1541,Epithelial
c_1_21_1542,Lymphoid-Other
c_1_21_1543,Epithelial
c_1_21_1544,Epithelial
c_1_21_1545,Lymphoid-Other
c_1_21_1546,Mesenchymal-Stromal
c_1_21_1547,Erythroid
c_1_21_1548,Mesenchymal-Stromal
c_1_21_1549,Epithelial
c_1_21_1550,Epithelial
c_1_21_1551,Epithelial
c_1_21_1552,Epithelial
c_1_21_1553,Lymphoid-Other
c_1_21_1554,Epithelial
c_1_21_1555,Epithelial
c_1_21_1556,Epithelial
c_1_21_1557,Epithelial
c_1_21_1558,Epithelial
c_1_21_1559,Epithelial
c_1_21_1560,Lymphoid-Other
c_1_21_1561,Lymphoid-Other
c_1_21_1562,Epithelial
c_1_21_1563,Lymphoid-Other
c_1_21_1564,Lymphoid-Other
c_1_21_1565,Epithelial
c_1_21_1566,Epithelial
c_1_21_1567,Lymphoid-T
c_1_21_1568,Epithelial
c_1_21_1569,Lymphoid-DC
c_1_21_1570,Epithelial
c_1_21_1571,Lymphoid-Other
c_1_21_1572,Lymphoid-Other
c_1_21_1573,Epithelial
c_1_21_1574,Lymphoid-Other
c_1_21_1575,Epithelial
c_1_21_1576,Lymphoid-Other
c_1_21_1577,Lymphoid-Other
c_1_21_1578,Epithelial
c_1_21_1579,Epithelial
c_1_21_1580,Erythroid
c_1_21_1581,Epithelial
c_1_21_1582,Epithelial
c_1_21_1583,Epithelial
c_1_21_1584,Epithelial
c_1_21_1585,Lymphoid-Other
c_1_21_1586,Epithelial
c_1_21_1587,Lymphoid-Other
c_1_21_1588,Epithelial
c_1_21_1589,Lymphoid-Other
c_1_21_1590,Mesenchymal-Stromal
c_1_21_1591,Lymphoid-Other
c_1_21_1592,Lymphoid-T
c_1_21_1593,Epithelial
c_1_21_1594,Lymphoid-Other
c_1_21_1595,Epithelial
c_1_21_1596,Epithelial
c_1_21_1597,Epithelial
c_1_21_1598,Epithelial
c_1_21_1599,Epithelial
c_1_21_1600,Epithelial
c_1_21_1601,Lymphoid-Other
c_1_21_1602,Lymphoid-Other
c_1_21_1603,Epithelial
c_1_21_1604,Lymphoid-Plasma
c_1_21_1605,Epithelial
c_1_21_1606,Epithelial
c_1_21_1607,Epithelial
c_1_21_1608,Lymphoid-Other
c_1_21_1609,Lymphoid-DC
c_1_21_1610,Epithelial
c_1_21_1611,Epithelial
c_1_21_1612,Lymphoid-Other
c_1_21_1613,Lymphoid-Other
c_1_21_1614,Lymphoid-Other
c_1_21_1615,Epithelial
c_1_21_1616,Epithelial
c_1_21_1617,Epithelial
c_1_21_1618,Epithelial
c_1_21_1619,Epithelial
c_1_21_1620,Epithelial
c_1_21_1621,Lymphoid-Other
c_1_21_1622,Epithelial
c_1_21_1623,Epithelial
c_1_21_1624,Lymphoid-Other
c_1_21_1625,Lymphoid-Other
c_1_21_1626,Mesenchymal-Stromal
c_1_21_1627,Epithelial
c_1_21_1628,Lymphoid-Other
c_1_21_1629,Stem
c_1_21_1630,Lymphoid-Plasma
c_1_21_1631,Lymphoid-Other
c_1_21_1632,Epithelial
c_1_21_1633,Epithelial
c_1_21_1634,Epithelial
c_1_21_1635,Epithelial
c_1_21_1636,Epithelial
c_1_21_1637,Lymphoid-Other
c_1_21_1638,Epithelial
c_1_21_1639,Epithelial
c_1_21_1640,Epithelial
c_1_21_1641,Epithelial
c_1_21_1642,Epithelial
c_1_21_1643,Lymphoid-Other
c_1_21_1644,Epithelial
c_1_21_1645,Epithelial
c_1_21_1646,Epithelial
c_1_21_1647,Epithelial
c_1_21_1648,Lymphoid-Other
c_1_21_1649,Epithelial
c_1_21_1650,Epithelial
c_1_21_1651,Epithelial
c_1_21_1652,Epithelial
c_1_21_1653,Epithelial
c_1_21_1654,Epithelial
c_1_21_1655,Epithelial
c_1_21_1656,Epithelial
c_1_21_1657,Epithelial
c_1_21_1658,Epithelial
c_1_21_1659,Lymphoid-Other
c_1_21_1660,Lymphoid-Other
c_1_21_1661,Epithelial
c_1_21_1662,Lymphoid-Other
c_1_21_1663,Epithelial
c_1_21_1664,Epithelial
c_1_21_1665,Epithelial
c_1_21_1666,Lymphoid-Other
c_1_21_1667,Lymphoid-Other
c_1_21_1668,Epithelial
c_1_21_1669,Lymphoid-Plasma
c_1_21_1670,Lymphoid-Other
c_1_21_1671,Epithelial
c_1_21_1672,Lymphoid-Other
c_1_21_1673,Lymphoid-Other
c_1_21_1674,Epithelial
c_1_21_1675,Epithelial
c_1_21_1676,Lymphoid-Plasma
c_1_21_1678,Lymphoid-Other
c_1_21_1679,Lymphoid-Other
c_1_21_1680,Epithelial
c_1_21_1681,Lymphoid-Other
c_1_21_1682,Lymphoid-Plasma
c_1_21_1683,Lymphoid-T
c_1_21_1684,Lymphoid-Other
c_1_21_1685,Lymphoid-Other
c_1_21_1686,Epithelial
c_1_21_1687,Epithelial
c_1_21_1688,Epithelial
c_1_21_1689,Epithelial
c_1_21_1690,Lymphoid-Plasma
c_1_21_1691,Epithelial
c_1_21_1692,Lymphoid-Other
c_1_21_1693,Epithelial
c_1_21_1694,Epithelial
c_1_21_1695,Lymphoid-Plasma
c_1_21_1696,Lymphoid-Other
c_1_21_1697,Lymphoid-Other
c_1_21_1698,Lymphoid-Plasma
c_1_21_1699,Lymphoid-Other
c_1_21_1700,Lymphoid-Plasma
c_1_21_1701,Epithelial
c_1_21_1702,Lymphoid-Other
c_1_21_1703,Lymphoid-Plasma
c_1_21_1704,Myeloid
c_1_21_1705,Epithelial
c_1_21_1706,Epithelial
c_1_21_1707,Epithelial
c_1_21_1708,Epithelial
c_1_21_1709,Lymphoid-DC
c_1_21_1710,Epithelial
c_1_21_1711,Epithelial
c_1_21_1712,Lymphoid-Plasma
c_1_21_1713,Lymphoid-Other
c_1_21_1714,Epithelial
c_1_21_1715,Lymphoid-Plasma
c_1_21_1716,Lymphoid-Plasma
c_1_21_1717,Epithelial
c_1_21_1718,Epithelial
c_1_21_1719,Lymphoid-Other
c_1_21_1720,Epithelial
c_1_21_1721,Epithelial
c_1_21_1722,Epithelial
c_1_21_1724,Epithelial
c_1_21_1726,Epithelial
c_1_21_1728,Epithelial
c_1_21_1729,Epithelial
c_1_21_1730,Epithelial
c_1_21_1731,Epithelial
c_1_21_1732,Epithelial
c_1_21_1733,Epithelial
c_1_21_1734,Epithelial
c_1_21_1735,Lymphoid-Other
c_1_21_1736,Myeloid
c_1_21_1737,Epithelial
c_1_21_1738,Epithelial
c_1_21_1739,Epithelial
c_1_21_1740,Epithelial
c_1_21_1741,Epithelial
c_1_21_1742,Epithelial
c_1_21_1743,Lymphoid-T
c_1_21_1744,Epithelial
c_1_21_1745,Lymphoid-Other
c_1_21_1746,Epithelial
c_1_21_1747,Epithelial
c_1_21_1748,Lymphoid-Plasma
c_1_21_1749,Epithelial
c_1_21_1750,Epithelial
c_1_21_1751,Epithelial
c_1_21_1752,Epithelial
c_1_21_1753,Lymphoid-Other
c_1_21_1754,Lymphoid-Other
c_1_21_1755,Epithelial
c_1_21_1756,Lymphoid-Other
c_1_21_1757,Lymphoid-Other
c_1_21_1758,Lymphoid-Other
c_1_21_1759,Epithelial
c_1_21_1761,Epithelial
c_1_21_1762,Epithelial
c_1_21_1764,Lymphoid-Other
c_1_21_1765,Epithelial
c_1_21_1766,Epithelial
c_1_21_1767,Epithelial
c_1_21_1768,Epithelial
c_1_21_1769,Lymphoid-Other
c_1_21_1770,Lymphoid-Other
c_1_21_1771,Lymphoid-T
c_1_21_1772,Epithelial
c_1_21_1773,Epithelial
c_1_21_1774,Epithelial
c_1_21_1775,Epithelial
c_1_21_1776,Lymphoid-Other
c_1_21_1777,Epithelial
c_1_21_1778,Epithelial
c_1_21_1779,Epithelial
c_1_21_1780,Epithelial
c_1_21_1781,Epithelial
c_1_21_1782,Epithelial
c_1_21_1783,Lymphoid-Other
c_1_21_1784,Epithelial
c_1_21_1785,Lymphoid-Other
c_1_21_1786,Epithelial
c_1_21_1787,Epithelial
c_1_21_1788,Epithelial
c_1_21_1789,Epithelial
c_1_21_1790,Epithelial
c_1_21_1791,Lymphoid-Other
c_1_21_1792,Lymphoid-Plasma
c_1_21_1794,Epithelial
c_1_21_1795,Lymphoid-Other
c_1_21_1796,Epithelial
c_1_21_1797,Epithelial
c_1_21_1798,Lymphoid-Plasma
c_1_21_1799,Epithelial
c_1_21_1800,Epithelial
c_1_21_1801,Epithelial
c_1_21_1802,Epithelial
c_1_21_1803,Epithelial
c_1_21_1804,Lymphoid-Other
c_1_21_1805,Lymphoid-Other
c_1_21_1806,Epithelial
c_1_21_1807,Epithelial
c_1_21_1808,Epithelial
c_1_21_1809,Epithelial
c_1_21_1810,Epithelial
c_1_21_1811,Lymphoid-Plasma
c_1_21_1812,Lymphoid-T
c_1_21_1813,Stem
c_1_21_1814,Epithelial
c_1_21_1815,Epithelial
c_1_21_1816,Lymphoid-Other
c_1_21_1817,Epithelial
c_1_21_1818,Epithelial
c_1_21_1819,Lymphoid-T
c_1_21_1820,Epithelial
c_1_21_1821,Epithelial
c_1_21_1822,Epithelial
c_1_21_1823,Lymphoid-Plasma
c_1_21_1824,Epithelial
c_1_21_1825,Myeloid
c_1_21_1826,Epithelial
c_1_21_1827,Epithelial
c_1_21_1828,Epithelial
c_1_21_1829,Epithelial
c_1_21_1830,Lymphoid-Plasma
c_1_21_1832,Epithelial
c_1_21_1834,Epithelial
c_1_21_1836,Lymphoid-T
c_1_21_1837,Epithelial
c_1_21_1838,Epithelial
c_1_21_1839,Epithelial
c_1_21_1840,Epithelial
c_1_21_1841,Epithelial
c_1_21_1842,Lymphoid-Other
c_1_21_1843,Erythroid
c_1_21_1844,Lymphoid-Plasma
c_1_21_1845,Lymphoid-T
c_1_21_1846,Epithelial
c_1_21_1847,Epithelial
c_1_21_1848,Epithelial
c_1_21_1849,Epithelial
c_1_21_1850,Lymphoid-Other
c_1_21_1851,Epithelial
c_1_21_1852,Lymphoid-Plasma
c_1_21_1853,Epithelial
c_1_21_1854,Epithelial
c_1_21_1855,Epithelial
c_1_21_1856,Epithelial
c_1_21_1857,Lymphoid-Other
c_1_21_1858,Lymphoid-Plasma
c_1_21_1859,Epithelial
c_1_21_1860,Lymphoid-Other
c_1_21_1861,Epithelial
c_1_21_1862,Lymphoid-Other
c_1_21_1863,Epithelial
c_1_21_1864,Epithelial
c_1_21_1865,Epithelial
c_1_21_1866,Epithelial
c_1_21_1867,Erythroid
c_1_21_1868,Lymphoid-T
c_1_21_1869,Epithelial
c_1_21_1870,Epithelial
c_1_21_1871,Lymphoid-T
c_1_21_1872,Lymphoid-Other
c_1_21_1873,Lymphoid-Plasma
c_1_21_1874,Epithelial
c_1_21_1875,Lymphoid-Other
c_1_21_1876,Lymphoid-Other
c_1_21_1877,Lymphoid-Plasma
c_1_21_1878,Epithelial
c_1_21_1879,Epithelial
c_1_21_1880,Epithelial
c_1_21_1881,Lymphoid-T
c_1_21_1882,Lymphoid-Plasma
c_1_21_1883,Lymphoid-Other
c_1_21_1884,Lymphoid-Other
c_1_21_1885,Epithelial
c_1_21_1886,Epithelial
c_1_21_1887,Lymphoid-Plasma
c_1_21_1888,Epithelial
c_1_21_1889,Lymphoid-DC
c_1_21_1890,Lymphoid-Other
c_1_21_1891,Lymphoid-Other
c_1_21_1892,Lymphoid-Other
c_1_21_1893,Lymphoid-Plasma
c_1_21_1894,Lymphoid-T
c_1_21_1895,Epithelial
c_1_21_1896,Epithelial
c_1_21_1897,Lymphoid-Other
c_1_21_1898,Lymphoid-Other
c_1_21_1899,Lymphoid-T
c_1_21_1900,Epithelial
c_1_21_1901,Lymphoid-T
c_1_21_1902,Epithelial
c_1_21_1904,Epithelial
c_1_22_1,Epithelial
c_1_22_2,Lymphoid-Other
c_1_22_3,Lymphoid-T
c_1_22_4,Erythroid
c_1_22_5,Epithelial
c_1_22_6,Epithelial
c_1_22_7,Epithelial
c_1_22_8,Lymphoid-Other
c_1_22_9,Epithelial
c_1_22_10,Lymphoid-Other
c_1_22_11,Lymphoid-T
c_1_22_12,Epithelial
c_1_22_13,Epithelial
c_1_22_14,Epithelial
c_1_22_15,Epithelial
c_1_22_16,Lymphoid-Other
c_1_22_17,Epithelial
c_1_22_18,Epithelial
c_1_22_19,Epithelial
c_1_22_20,Epithelial
c_1_22_21,Lymphoid-Other
c_1_22_22,Epithelial
c_1_22_23,Lymphoid-Other
c_1_22_24,Lymphoid-Other
c_1_22_25,Lymphoid-Other
c_1_22_26,Epithelial
c_1_22_27,Epithelial
c_1_22_28,Epithelial
c_1_22_29,Epithelial
c_1_22_30,Epithelial
c_1_22_31,Lymphoid-Other
c_1_22_32,Lymphoid-Other
c_1_22_33,Epithelial
c_1_22_34,Epithelial
c_1_22_35,Lymphoid-Other
c_1_22_36,Epithelial
c_1_22_37,Epithelial
c_1_22_38,Epithelial
c_1_22_39,Epithelial
c_1_22_40,Epithelial
c_1_22_41,Endothelial
c_1_22_42,Lymphoid-Other
c_1_22_43,Epithelial
c_1_22_44,Epithelial
c_1_22_45,Epithelial
c_1_22_46,Lymphoid-Other
c_1_22_47,Epithelial
c_1_22_48,Epithelial
c_1_22_49,Epithelial
c_1_22_50,Epithelial
c_1_22_51,Lymphoid-T
c_1_22_52,Lymphoid-T
c_1_22_53,Epithelial
c_1_22_54,Lymphoid-Other
c_1_22_55,Epithelial
c_1_22_56,Epithelial
c_1_22_57,Epithelial
c_1_22_58,Epithelial
c_1_22_59,Epithelial
c_1_22_60,Lymphoid-Other
c_1_22_61,Epithelial
c_1_22_62,Epithelial
c_1_22_63,Epithelial
c_1_22_64,Epithelial
c_1_22_65,Epithelial
c_1_22_66,Lymphoid-Other
c_1_22_67,Epithelial
c_1_22_68,Epithelial
c_1_22_69,Epithelial
c_1_22_70,Epithelial
c_1_22_71,Epithelial
c_1_22_72,Erythroid
c_1_22_73,Epithelial
c_1_22_74,Epithelial
c_1_22_75,Epithelial
c_1_22_76,Lymphoid-Other
c_1_22_77,Epithelial
c_1_22_78,Epithelial
c_1_22_79,Epithelial
c_1_22_80,Lymphoid-Other
c_1_22_81,Epithelial
c_1_22_82,Epithelial
c_1_22_83,Epithelial
c_1_22_84,Epithelial
c_1_22_85,Epithelial
c_1_22_86,Epithelial
c_1_22_87,Epithelial
c_1_22_88,Stem
c_1_22_89,Epithelial
c_1_22_90,Epithelial
c_1_22_91,Epithelial
c_1_22_92,Epithelial
c_1_22_93,Epithelial
c_1_22_94,Epithelial
c_1_22_95,Lymphoid-Other
c_1_22_96,Epithelial
c_1_22_97,Epithelial
c_1_22_98,Epithelial
c_1_22_99,Epithelial
c_1_22_100,Stem
c_1_22_101,Epithelial
c_1_22_102,Epithelial
c_1_22_103,Epithelial
c_1_22_104,Lymphoid-Other
c_1_22_105,Epithelial
c_1_22_106,Epithelial
c_1_22_107,Erythroid
c_1_22_108,Lymphoid-Other
c_1_22_109,Lymphoid-Other
c_1_22_110,Epithelial
c_1_22_111,Epithelial
c_1_22_112,Stem
c_1_22_113,Lymphoid-Other
c_1_22_114,Epithelial
c_1_22_115,Lymphoid-Other
c_1_22_116,Epithelial
c_1_22_117,Epithelial
c_1_22_118,Epithelial
c_1_22_119,Epithelial
c_1_22_120,Lymphoid-Other
c_1_22_121,Epithelial
c_1_22_122,Lymphoid-T
c_1_22_123,Epithelial
c_1_22_124,Lymphoid-Other
c_1_22_125,Lymphoid-Other
c_1_22_126,Lymphoid-Plasma
c_1_22_127,Epithelial
c_1_22_128,Lymphoid-Other
c_1_22_129,Lymphoid-Other
c_1_22_130,Myeloid
c_1_22_131,Epithelial
c_1_22_132,Epithelial
c_1_22_133,Epithelial
c_1_22_134,Epithelial
c_1_22_135,Lymphoid-Plasma
c_1_22_136,Epithelial
c_1_22_137,Lymphoid-Other
c_1_22_138,Lymphoid-Other
c_1_22_139,Epithelial
c_1_22_140,Epithelial
c_1_22_141,Epithelial
c_1_22_142,Lymphoid-Other
c_1_22_143,Epithelial
c_1_22_144,Lymphoid-Other
c_1_22_145,Lymphoid-Other
c_1_22_146,Endothelial
c_1_22_147,Stem
c_1_22_148,Lymphoid-Other
c_1_22_149,Lymphoid-Other
c_1_22_150,Epithelial
c_1_22_151,Epithelial
c_1_22_152,Epithelial
c_1_22_153,Epithelial
c_1_22_154,Epithelial
c_1_22_155,Epithelial
c_1_22_156,Lymphoid-Other
c_1_22_157,Epithelial
c_1_22_158,Epithelial
c_1_22_159,Epithelial
c_1_22_160,Epithelial
c_1_22_161,Lymphoid-DC
c_1_22_162,Epithelial
c_1_22_163,Epithelial
c_1_22_164,Epithelial
c_1_22_165,Epithelial
c_1_22_166,Epithelial
c_1_22_167,Epithelial
c_1_22_168,Lymphoid-Other
c_1_22_169,Epithelial
c_1_22_170,Epithelial
c_1_22_171,Epithelial
c_1_22_172,Epithelial
c_1_22_173,Epithelial
c_1_22_174,Epithelial
c_1_22_175,Epithelial
c_1_22_176,Epithelial
c_1_22_177,Epithelial
c_1_22_178,Epithelial
c_1_22_179,Epithelial
c_1_22_180,Lymphoid-T
c_1_22_181,Epithelial
c_1_22_182,Stem
c_1_22_183,Lymphoid-Plasma
c_1_22_184,Epithelial
c_1_22_185,Epithelial
c_1_22_186,Epithelial
c_1_22_187,Epithelial
c_1_22_188,Epithelial
c_1_22_189,Lymphoid-Plasma
c_1_22_190,Epithelial
c_1_22_191,Epithelial
c_1_22_192,Epithelial
c_1_22_193,Epithelial
c_1_22_194,Epithelial
c_1_22_195,Epithelial
c_1_22_196,Epithelial
c_1_22_197,Epithelial
c_1_22_198,Epithelial
c_1_22_199,Stem
c_1_22_200,Epithelial
c_1_22_201,Lymphoid-Other
c_1_22_202,Epithelial
c_1_22_203,Epithelial
c_1_22_204,Epithelial
c_1_22_205,Epithelial
c_1_22_206,Epithelial
c_1_22_207,Epithelial
c_1_22_208,Lymphoid-T
c_1_22_209,Epithelial
c_1_22_210,Epithelial
c_1_22_211,Epithelial
c_1_22_212,Epithelial
c_1_22_213,Epithelial
c_1_22_214,Epithelial
c_1_22_215,Lymphoid-Other
c_1_22_216,Epithelial
c_1_22_217,Lymphoid-Other
c_1_22_218,Epithelial
c_1_22_219,Epithelial
c_1_22_220,Epithelial
c_1_22_221,Epithelial
c_1_22_222,Epithelial
c_1_22_223,Epithelial
c_1_22_224,Epithelial
c_1_22_225,Epithelial
c_1_22_226,Epithelial
c_1_22_227,Lymphoid-Other
c_1_22_228,Epithelial
c_1_22_229,Epithelial
c_1_22_230,Epithelial
c_1_22_231,Epithelial
c_1_22_232,Epithelial
c_1_22_233,Epithelial
c_1_22_234,Lymphoid-Other
c_1_22_235,Epithelial
c_1_22_236,Epithelial
c_1_22_237,Epithelial
c_1_22_238,Epithelial
c_1_22_239,Epithelial
c_1_22_240,Lymphoid-Other
c_1_22_241,Lymphoid-Other
c_1_22_242,Epithelial
c_1_22_243,Epithelial
c_1_22_244,Epithelial
c_1_22_245,Epithelial
c_1_22_246,Epithelial
c_1_22_247,Epithelial
c_1_22_248,Epithelial
c_1_22_249,Epithelial
c_1_22_250,Epithelial
c_1_22_251,Epithelial
c_1_22_252,Epithelial
c_1_22_253,Epithelial
c_1_22_254,Epithelial
c_1_22_255,Epithelial
c_1_22_256,Epithelial
c_1_22_257,Lymphoid-Other
c_1_22_258,Lymphoid-T
c_1_22_259,Mesenchymal-Stromal
c_1_22_260,Stem
c_1_22_261,Epithelial
c_1_22_262,Epithelial
c_1_22_263,Epithelial
c_1_22_264,Epithelial
c_1_22_266,Epithelial
c_1_22_267,Epithelial
c_1_22_268,Stem
c_1_22_269,Epithelial
c_1_22_270,Epithelial
c_1_22_271,Epithelial
c_1_22_272,Epithelial
c_1_22_273,Epithelial
c_1_22_274,Lymphoid-Other
c_1_22_275,Epithelial
c_1_22_276,Epithelial
c_1_22_277,Epithelial
c_1_22_278,Epithelial
c_1_22_279,Epithelial
c_1_22_280,Epithelial
c_1_22_281,Epithelial
c_1_22_282,Epithelial
c_1_22_283,Lymphoid-T
c_1_22_284,Lymphoid-Other
c_1_22_285,Epithelial
c_1_22_286,Epithelial
c_1_22_287,Lymphoid-Other
c_1_22_288,Epithelial
c_1_22_289,Epithelial
c_1_22_290,Epithelial
c_1_22_291,Epithelial
c_1_22_292,Epithelial
c_1_22_293,Epithelial
c_1_22_294,Epithelial
c_1_22_295,Epithelial
c_1_22_296,Epithelial
c_1_22_297,Epithelial
c_1_22_298,Lymphoid-Other
c_1_22_299,Epithelial
c_1_22_300,Epithelial
c_1_22_301,Lymphoid-Other
c_1_22_302,Epithelial
c_1_22_303,Epithelial
c_1_22_304,Epithelial
c_1_22_305,Epithelial
c_1_22_306,Epithelial
c_1_22_307,Epithelial
c_1_22_308,Epithelial
c_1_22_309,Epithelial
c_1_22_310,Epithelial
c_1_22_311,Epithelial
c_1_22_312,Epithelial
c_1_22_313,Epithelial
c_1_22_314,Epithelial
c_1_22_315,Lymphoid-Other
c_1_22_316,Epithelial
c_1_22_317,Epithelial
c_1_22_318,Epithelial
c_1_22_319,Epithelial
c_1_22_320,Epithelial
c_1_22_321,Epithelial
c_1_22_322,Epithelial
c_1_22_323,Epithelial
c_1_22_324,Epithelial
c_1_22_325,Epithelial
c_1_22_326,Epithelial
c_1_22_327,Epithelial
c_1_22_328,Epithelial
c_1_22_329,Epithelial
c_1_22_330,Epithelial
c_1_22_331,Epithelial
c_1_22_332,Epithelial
c_1_22_333,Epithelial
c_1_22_334,Epithelial
c_1_22_335,Epithelial
c_1_22_336,Epithelial
c_1_22_337,Epithelial
c_1_22_338,Epithelial
c_1_22_339,Epithelial
c_1_22_340,Lymphoid-Other
c_1_22_341,Epithelial
c_1_22_342,Epithelial
c_1_22_343,Epithelial
c_1_22_344,Lymphoid-T
c_1_22_345,Lymphoid-Other
c_1_22_346,Epithelial
c_1_22_347,Epithelial
c_1_22_348,Epithelial
c_1_22_349,Epithelial
c_1_22_350,Epithelial
c_1_22_351,Epithelial
c_1_22_352,Lymphoid-Other
c_1_22_353,Epithelial
c_1_22_354,Epithelial
c_1_22_355,Lymphoid-Other
c_1_22_356,Epithelial
c_1_22_357,Lymphoid-Other
c_1_22_358,Epithelial
c_1_22_359,Lymphoid-Other
c_1_22_360,Lymphoid-Other
c_1_22_361,Epithelial
c_1_22_362,Lymphoid-Other
c_1_22_363,Lymphoid-T
c_1_22_364,Lymphoid-Other
c_1_22_365,Epithelial
c_1_22_366,Epithelial
c_1_22_368,Epithelial
c_1_22_369,Epithelial
c_1_22_370,Epithelial
c_1_22_371,Epithelial
c_1_22_372,Epithelial
c_1_22_373,Lymphoid-Other
c_1_22_374,Epithelial
c_1_22_375,Epithelial
c_1_22_376,Epithelial
c_1_22_377,Epithelial
c_1_22_378,Epithelial
c_1_22_379,Lymphoid-T
c_1_22_380,Epithelial
c_1_22_381,Epithelial
c_1_22_382,Lymphoid-T
c_1_22_383,Epithelial
c_1_22_384,Lymphoid-T
c_1_22_385,Epithelial
c_1_22_386,Lymphoid-Other
c_1_22_387,Epithelial
c_1_22_388,Epithelial
c_1_22_389,Epithelial
c_1_22_390,Epithelial
c_1_22_391,Epithelial
c_1_22_392,Epithelial
c_1_22_393,Epithelial
c_1_22_394,Epithelial
c_1_22_395,Epithelial
c_1_22_396,Epithelial
c_1_22_397,Epithelial
c_1_22_398,Epithelial
c_1_22_399,Epithelial
c_1_22_400,Epithelial
c_1_22_401,Epithelial
c_1_22_402,Lymphoid-T
c_1_22_403,Lymphoid-Other
c_1_22_404,Epithelial
c_1_22_405,Epithelial
c_1_22_406,Epithelial
c_1_22_407,Epithelial
c_1_22_408,Epithelial
c_1_22_409,Epithelial
c_1_22_410,Epithelial
c_1_22_411,Lymphoid-T
c_1_22_412,Epithelial
c_1_22_413,Lymphoid-Other
c_1_22_414,Lymphoid-Other
c_1_22_415,Lymphoid-Other
c_1_22_416,Epithelial
c_1_22_417,Lymphoid-Other
c_1_22_418,Lymphoid-DC
c_1_22_419,Epithelial
c_1_22_420,Lymphoid-Other
c_1_22_421,Epithelial
c_1_22_422,Epithelial
c_1_22_423,Epithelial
c_1_22_424,Lymphoid-Other
c_1_22_425,Lymphoid-Other
c_1_22_426,Epithelial
c_1_22_427,Epithelial
c_1_22_428,Lymphoid-Other
c_1_22_429,Epithelial
c_1_22_430,Lymphoid-Other
c_1_22_431,Lymphoid-Other
c_1_22_432,Lymphoid-Other
c_1_22_433,Epithelial
c_1_22_434,Myeloid
c_1_22_435,Epithelial
c_1_22_436,Lymphoid-Other
c_1_22_437,Lymphoid-Other
c_1_22_438,Epithelial
c_1_22_439,Epithelial
c_1_22_440,Lymphoid-Other
c_1_22_441,Epithelial
c_1_22_442,Epithelial
c_1_22_443,Lymphoid-DC
c_1_22_444,Epithelial
c_1_22_445,Epithelial
c_1_22_446,Epithelial
c_1_22_448,Epithelial
c_1_22_449,Lymphoid-Other
c_1_22_450,Lymphoid-Other
c_1_22_451,Lymphoid-T
c_1_22_452,Epithelial
c_1_22_453,Epithelial
c_1_22_454,Lymphoid-Other
c_1_22_455,Epithelial
c_1_22_456,Lymphoid-Other
c_1_22_457,Epithelial
c_1_22_458,Epithelial
c_1_22_459,Epithelial
c_1_22_460,Epithelial
c_1_22_461,Epithelial
c_1_22_462,Epithelial
c_1_22_463,Epithelial
c_1_22_465,Epithelial
c_1_22_466,Lymphoid-Other
c_1_22_467,Lymphoid-Other
c_1_22_468,Epithelial
c_1_22_469,Epithelial
c_1_22_470,Epithelial
c_1_22_471,Epithelial
c_1_22_472,Epithelial
c_1_22_473,Epithelial
c_1_22_474,Epithelial
c_1_22_475,Epithelial
c_1_22_476,Lymphoid-Other
c_1_22_477,Epithelial
c_1_22_478,Epithelial
c_1_22_479,Epithelial
c_1_22_480,Lymphoid-DC
c_1_22_481,Lymphoid-T
c_1_22_482,Endothelial
c_1_22_483,Lymphoid-Other
c_1_22_484,Epithelial
c_1_22_485,Lymphoid-Other
c_1_22_486,Epithelial
c_1_22_487,Lymphoid-T
c_1_22_488,Epithelial
c_1_22_489,Lymphoid-Other
c_1_22_490,Epithelial
c_1_22_491,Epithelial
c_1_22_492,Lymphoid-Other
c_1_22_493,Epithelial
c_1_22_494,Epithelial
c_1_22_495,Epithelial
c_1_22_496,Stem
c_1_22_497,Epithelial
c_1_22_498,Lymphoid-Other
c_1_22_499,Lymphoid-T
c_1_22_500,Epithelial
c_1_22_501,Epithelial
c_1_22_502,Epithelial
c_1_22_503,Epithelial
c_1_22_504,Epithelial
c_1_22_505,Lymphoid-Other
c_1_22_506,Epithelial
c_1_22_507,Epithelial
c_1_22_508,Lymphoid-Other
c_1_22_509,Lymphoid-Other
c_1_22_510,Lymphoid-Other
c_1_22_511,Epithelial
c_1_22_512,Epithelial
c_1_22_513,Lymphoid-Other
c_1_22_514,Epithelial
c_1_22_515,Lymphoid-Other
c_1_22_516,Epithelial
c_1_22_517,Lymphoid-T
c_1_22_518,Lymphoid-T
c_1_22_519,Lymphoid-Other
c_1_22_520,Epithelial
c_1_22_521,Lymphoid-Other
c_1_22_522,Lymphoid-T
c_1_22_523,Epithelial
c_1_22_524,Epithelial
c_1_22_525,Epithelial
c_1_22_526,Lymphoid-Other
c_1_22_527,Epithelial
c_1_22_528,Epithelial
c_1_22_529,Lymphoid-Other
c_1_22_530,Epithelial
c_1_22_531,Epithelial
c_1_22_532,Epithelial
c_1_22_533,Epithelial
c_1_22_534,Epithelial
c_1_22_535,Epithelial
c_1_22_536,Epithelial
c_1_22_537,Epithelial
c_1_22_538,Epithelial
c_1_22_539,Lymphoid-Other
c_1_22_540,Lymphoid-Other
c_1_22_541,Lymphoid-Other
c_1_22_542,Epithelial
c_1_22_543,Lymphoid-Plasma
c_1_22_544,Lymphoid-Other
c_1_22_545,Lymphoid-T
c_1_22_546,Lymphoid-Other
c_1_22_547,Lymphoid-T
c_1_22_548,Lymphoid-T
c_1_22_549,Lymphoid-Other
c_1_22_550,Lymphoid-Other
c_1_22_551,Lymphoid-Other
c_1_22_552,Epithelial
c_1_22_553,Epithelial
c_1_22_554,Lymphoid-Other
c_1_22_555,Lymphoid-Other
c_1_22_556,Epithelial
c_1_22_557,Lymphoid-Other
c_1_22_558,Epithelial
c_1_22_559,Epithelial
c_1_22_560,Mesenchymal-Stromal
c_1_22_561,Epithelial
c_1_22_562,Lymphoid-T
c_1_22_563,Lymphoid-T
c_1_22_564,Epithelial
c_1_22_565,Epithelial
c_1_22_566,Lymphoid-T
c_1_22_567,Epithelial
c_1_22_568,Epithelial
c_1_22_569,Epithelial
c_1_22_570,Lymphoid-T
c_1_22_571,Epithelial
c_1_22_572,Epithelial
c_1_22_575,Epithelial
c_1_22_576,Epithelial
c_1_22_577,Epithelial
c_1_22_578,Epithelial
c_1_22_579,Epithelial
c_1_22_580,Epithelial
c_1_22_581,Epithelial
c_1_22_582,Epithelial
c_1_22_583,Epithelial
c_1_22_584,Epithelial
c_1_22_585,Lymphoid-Other
c_1_22_586,Lymphoid-Other
c_1_22_587,Epithelial
c_1_22_588,Epithelial
c_1_22_589,Lymphoid-T
c_1_22_590,Epithelial
c_1_22_591,Lymphoid-T
c_1_22_592,Lymphoid-T
c_1_22_593,Epithelial
c_1_22_594,Lymphoid-Other
c_1_22_595,Epithelial
c_1_22_596,Lymphoid-Other
c_1_22_597,Epithelial
c_1_22_598,Epithelial
c_1_22_599,Lymphoid-T
c_1_22_600,Epithelial
c_1_22_601,Epithelial
c_1_22_602,Epithelial
c_1_22_603,Epithelial
c_1_22_604,Lymphoid-Other
c_1_22_605,Epithelial
c_1_22_606,Epithelial
c_1_22_607,Epithelial
c_1_22_608,Epithelial
c_1_22_609,Lymphoid-T
c_1_22_610,Epithelial
c_1_22_611,Lymphoid-Other
c_1_22_612,Epithelial
c_1_22_613,Epithelial
c_1_22_614,Epithelial
c_1_22_615,Epithelial
c_1_22_616,Epithelial
c_1_22_617,Epithelial
c_1_22_618,Epithelial
c_1_22_619,Epithelial
c_1_22_620,Epithelial
c_1_22_621,Lymphoid-T
c_1_22_622,Lymphoid-Other
c_1_22_623,Epithelial
c_1_22_624,Epithelial
c_1_22_625,Epithelial
c_1_22_626,Epithelial
c_1_22_627,Lymphoid-Other
c_1_22_628,Epithelial
c_1_22_629,Epithelial
c_1_22_630,Lymphoid-Other
c_1_22_633,Lymphoid-Other
c_1_22_634,Epithelial
c_1_22_635,Epithelial
c_1_22_636,Lymphoid-Other
c_1_22_637,Epithelial
c_1_22_638,Lymphoid-Other
c_1_22_639,Epithelial
c_1_22_640,Lymphoid-Other
c_1_22_641,Epithelial
c_1_22_642,Lymphoid-Other
c_1_22_643,Epithelial
c_1_22_644,Epithelial
c_1_22_645,Epithelial
c_1_22_646,Epithelial
c_1_22_647,Lymphoid-Other
c_1_22_648,Epithelial
c_1_22_650,Lymphoid-T
c_1_22_651,Lymphoid-T
c_1_22_652,Epithelial
c_1_22_653,Epithelial
c_1_22_654,Epithelial
c_1_22_655,Epithelial
c_1_22_656,Lymphoid-Other
c_1_22_657,Lymphoid-T
c_1_22_658,Epithelial
c_1_22_659,Epithelial
c_1_22_660,Epithelial
c_1_22_661,Lymphoid-T
c_1_22_662,Epithelial
c_1_22_663,Epithelial
c_1_22_664,Epithelial
c_1_22_665,Lymphoid-Other
c_1_22_666,Epithelial
c_1_22_667,Epithelial
c_1_22_668,Epithelial
c_1_22_669,Epithelial
c_1_22_670,Epithelial
c_1_22_671,Epithelial
c_1_22_672,Lymphoid-Other
c_1_22_673,Epithelial
c_1_22_674,Lymphoid-Other
c_1_22_675,Epithelial
c_1_22_676,Epithelial
c_1_22_677,Lymphoid-Other
c_1_22_678,Epithelial
c_1_22_679,Epithelial
c_1_22_680,Epithelial
c_1_22_681,Lymphoid-Other
c_1_22_682,Epithelial
c_1_22_683,Epithelial
c_1_22_684,Epithelial
c_1_22_685,Lymphoid-Other
c_1_22_686,Epithelial
c_1_22_687,Epithelial
c_1_22_688,Epithelial
c_1_22_689,Epithelial
c_1_22_690,Lymphoid-Other
c_1_22_691,Epithelial
c_1_22_692,Epithelial
c_1_22_693,Epithelial
c_1_22_694,Lymphoid-Other
c_1_22_695,Epithelial
c_1_22_696,Epithelial
c_1_22_697,Epithelial
c_1_22_698,Lymphoid-Other
c_1_22_699,Lymphoid-T
c_1_22_700,Epithelial
c_1_22_701,Lymphoid-Other
c_1_22_702,Epithelial
c_1_22_703,Epithelial
c_1_22_704,Epithelial
c_1_22_705,Epithelial
c_1_22_706,Epithelial
c_1_22_707,Lymphoid-Other
c_1_22_708,Epithelial
c_1_22_710,Lymphoid-Other
c_1_22_711,Epithelial
c_1_22_712,Epithelial
c_1_22_713,Epithelial
c_1_22_714,Epithelial
c_1_22_715,Epithelial
c_1_22_716,Epithelial
c_1_22_717,Epithelial
c_1_22_718,Epithelial
c_1_22_720,Epithelial
c_1_22_721,Lymphoid-Other
c_1_22_722,Epithelial
c_1_22_723,Epithelial
c_1_22_724,Epithelial
c_1_22_726,Epithelial
c_1_22_727,Epithelial
c_1_22_728,Epithelial
c_1_22_729,Lymphoid-DC
c_1_22_730,Lymphoid-Plasma
c_1_22_731,Lymphoid-T
c_1_22_732,Epithelial
c_1_22_733,Epithelial
c_1_22_734,Epithelial
c_1_22_735,Epithelial
c_1_22_736,Epithelial
c_1_22_737,Epithelial
c_1_22_738,Epithelial
c_1_22_739,Epithelial
c_1_22_740,Epithelial
c_1_22_741,Epithelial
c_1_22_742,Lymphoid-T
c_1_22_743,Epithelial
c_1_22_744,Epithelial
c_1_22_745,Epithelial
c_1_22_746,Lymphoid-Other
c_1_22_748,Mesenchymal-Stromal
c_1_22_749,Lymphoid-Other
c_1_22_751,Lymphoid-Other
c_1_22_752,Mesenchymal-Stromal
c_1_22_753,Epithelial
c_1_22_754,Epithelial
c_1_22_755,Mesenchymal-Stromal
c_1_22_756,Mesenchymal-Stromal
c_1_22_757,Lymphoid-Other
c_1_22_758,Epithelial
c_1_22_759,Lymphoid-Other
c_1_22_760,Mesenchymal-Stromal
c_1_22_761,Epithelial
c_1_22_762,Lymphoid-Other
c_1_22_763,Lymphoid-T
c_1_22_764,Lymphoid-Other
c_1_22_765,Lymphoid-Other
c_1_22_766,Epithelial
c_1_22_767,Lymphoid-Other
c_1_22_768,Lymphoid-Other
c_1_22_769,Epithelial
c_1_22_770,Lymphoid-Other
c_1_22_771,Epithelial
c_1_22_772,Mesenchymal-Stromal
c_1_22_773,Epithelial
c_1_22_774,Mesenchymal-Stromal
c_1_22_775,Lymphoid-Other
c_1_22_776,Lymphoid-Other
c_1_22_777,Mesenchymal-Stromal
c_1_22_778,Mesenchymal-Stromal
c_1_22_779,Lymphoid-Other
c_1_22_780,Mesenchymal-Stromal
c_1_22_781,Lymphoid-T
c_1_22_782,Epithelial
c_1_22_783,Lymphoid-Other
c_1_22_784,Lymphoid-Other
c_1_22_785,Mesenchymal-Stromal
c_1_22_786,Mesenchymal-Stromal
c_1_22_787,Epithelial
c_1_22_788,Epithelial
c_1_22_789,Lymphoid-Other
c_1_22_790,Mesenchymal-Stromal
c_1_22_791,Lymphoid-Other
c_1_22_792,Lymphoid-Other
c_1_22_793,Epithelial
c_1_22_794,Mesenchymal-Stromal
c_1_22_795,Mesenchymal-Stromal
c_1_22_796,Lymphoid-Other
c_1_22_797,Mesenchymal-Stromal
c_1_22_798,Epithelial
c_1_22_799,Lymphoid-Other
c_1_22_800,Epithelial
c_1_22_801,Lymphoid-T
c_1_22_802,Lymphoid-Other
c_1_22_803,Lymphoid-Other
c_1_22_804,Lymphoid-T
c_1_22_805,Mesenchymal-Stromal
c_1_22_806,Mesenchymal-Stromal
c_1_22_807,Lymphoid-Other
c_1_22_808,Lymphoid-Other
c_1_22_809,Lymphoid-Other
c_1_22_810,Lymphoid-Other
c_1_22_811,Lymphoid-Other
c_1_22_812,Mesenchymal-Stromal
c_1_22_813,Lymphoid-Other
c_1_22_814,Lymphoid-Other
c_1_22_815,Lymphoid-Other
c_1_22_816,Epithelial
c_1_22_817,Lymphoid-Other
c_1_22_818,Mesenchymal-Stromal
c_1_22_819,Lymphoid-Other
c_1_22_820,Epithelial
c_1_22_821,Lymphoid-Other
c_1_22_822,Lymphoid-Other
c_1_22_823,Lymphoid-Other
c_1_22_824,Lymphoid-Other
c_1_22_825,Lymphoid-Other
c_1_22_826,Lymphoid-Other
c_1_22_827,Lymphoid-Other
c_1_22_828,Lymphoid-Other
c_1_22_829,Lymphoid-T
c_1_22_830,Lymphoid-Other
c_1_22_831,Lymphoid-Other
c_1_22_832,Epithelial
c_1_22_833,Epithelial
c_1_22_835,Lymphoid-Other
c_1_22_836,Mesenchymal-Stromal
c_1_22_837,Lymphoid-Other
c_1_22_838,Mesenchymal-Stromal
c_1_22_839,Lymphoid-Other
c_1_22_840,Lymphoid-Other
c_1_22_841,Lymphoid-Other
c_1_22_842,Lymphoid-Other
c_1_22_843,Lymphoid-Other
c_1_22_844,Mesenchymal-Stromal
c_1_22_845,Lymphoid-T
c_1_22_846,Epithelial
c_1_22_847,Epithelial
c_1_22_848,Mesenchymal-Stromal
c_1_22_849,Lymphoid-Other
c_1_22_850,Lymphoid-Other
c_1_22_851,Epithelial
c_1_22_852,Lymphoid-Other
c_1_22_854,Epithelial
c_1_22_855,Epithelial
c_1_22_856,Stem
c_1_22_857,Lymphoid-Other
c_1_22_858,Lymphoid-Other
c_1_22_859,Lymphoid-Other
c_1_22_860,Endothelial
c_1_22_861,Epithelial
c_1_22_862,Epithelial
c_1_22_863,Lymphoid-Other
c_1_22_864,Lymphoid-Other
c_1_22_865,Mesenchymal-Stromal
c_1_22_866,Lymphoid-Other
c_1_22_867,Lymphoid-Other
c_1_22_868,Epithelial
c_1_22_869,Lymphoid-Other
c_1_22_870,Epithelial
c_1_22_871,Mesenchymal-Stromal
c_1_22_872,Epithelial
c_1_22_873,Epithelial
c_1_22_874,Lymphoid-Other
c_1_22_875,Mesenchymal-Stromal
c_1_22_876,Epithelial
c_1_22_877,Mesenchymal-Stromal
c_1_22_878,Lymphoid-Other
c_1_22_879,Lymphoid-Other
c_1_22_880,Lymphoid-T
c_1_22_881,Mesenchymal-Stromal
c_1_22_882,Lymphoid-Other
c_1_22_883,Mesenchymal-Stromal
c_1_22_884,Lymphoid-DC
c_1_22_885,Mesenchymal-Stromal
c_1_22_886,Epithelial
c_1_22_887,Lymphoid-Other
c_1_22_888,Lymphoid-Other
c_1_22_889,Lymphoid-Other
c_1_22_890,Lymphoid-Other
c_1_22_891,Mesenchymal-Stromal
c_1_22_892,Epithelial
c_1_22_893,Lymphoid-Other
c_1_22_894,Lymphoid-Other
c_1_22_895,Lymphoid-Plasma
c_1_22_896,Epithelial
c_1_22_897,Lymphoid-Other
c_1_22_898,Epithelial
c_1_22_900,Mesenchymal-Stromal
c_1_22_901,Lymphoid-Plasma
c_1_22_902,Lymphoid-Other
c_1_22_903,Lymphoid-Other
c_1_22_904,Lymphoid-Other
c_1_22_905,Lymphoid-Other
c_1_22_906,Epithelial
c_1_22_907,Mesenchymal-Stromal
c_1_22_908,Epithelial
c_1_22_909,Mesenchymal-Stromal
c_1_22_910,Lymphoid-Other
c_1_22_911,Lymphoid-Other
c_1_22_912,Lymphoid-Other
c_1_22_913,Lymphoid-Plasma
c_1_22_914,Mesenchymal-Stromal
c_1_22_915,Mesenchymal-Stromal
c_1_22_916,Lymphoid-Plasma
c_1_22_917,Epithelial
c_1_22_918,Epithelial
c_1_22_919,Epithelial
c_1_22_920,Lymphoid-Other
c_1_22_921,Epithelial
c_1_22_922,Lymphoid-Other
c_1_22_923,Lymphoid-Other
c_1_22_924,Lymphoid-Other
c_1_22_925,Stem
c_1_22_926,Lymphoid-Other
c_1_22_927,Epithelial
c_1_22_928,Lymphoid-Other
c_1_22_929,Lymphoid-Plasma
c_1_22_930,Lymphoid-Other
c_1_22_931,Lymphoid-Other
c_1_22_932,Epithelial
c_1_22_933,Lymphoid-Other
c_1_22_934,Epithelial
c_1_22_935,Mesenchymal-Stromal
c_1_22_936,Lymphoid-Other
c_1_22_937,Lymphoid-Other
c_1_22_938,Lymphoid-Other
c_1_22_939,Lymphoid-T
c_1_22_940,Lymphoid-Other
c_1_22_941,Lymphoid-Plasma
c_1_22_942,Lymphoid-Plasma
c_1_22_943,Lymphoid-Other
c_1_22_944,Mesenchymal-Stromal
c_1_22_945,Lymphoid-Other
c_1_22_946,Lymphoid-Other
c_1_22_947,Mesenchymal-Stromal
c_1_22_948,Epithelial
c_1_22_949,Epithelial
c_1_22_950,Lymphoid-Other
c_1_22_951,Epithelial
c_1_22_952,Epithelial
c_1_22_953,Lymphoid-Other
c_1_22_954,Lymphoid-Other
c_1_22_955,Mesenchymal-Stromal
c_1_22_956,Lymphoid-Other
c_1_22_957,Epithelial
c_1_22_958,Epithelial
c_1_22_959,Lymphoid-Other
c_1_22_960,Lymphoid-Other
c_1_22_961,Mesenchymal-Stromal
c_1_22_962,Mesenchymal-Stromal
c_1_22_963,Lymphoid-Other
c_1_22_964,Epithelial
c_1_22_965,Mesenchymal-Stromal
c_1_22_966,Mesenchymal-Stromal
c_1_22_967,Lymphoid-Other
c_1_22_968,Epithelial
c_1_22_969,Lymphoid-Other
c_1_22_970,Mesenchymal-Stromal
c_1_22_971,Epithelial
c_1_22_972,Lymphoid-Other
c_1_22_973,Epithelial
c_1_22_974,Epithelial
c_1_22_975,Lymphoid-Other
c_1_22_976,Epithelial
c_1_22_977,Mesenchymal-Stromal
c_1_22_978,Epithelial
c_1_22_979,Epithelial
c_1_22_980,Mesenchymal-Stromal
c_1_22_981,Epithelial
c_1_22_982,Epithelial
c_1_22_983,Lymphoid-Other
c_1_22_984,Lymphoid-Other
c_1_22_985,Lymphoid-Other
c_1_22_986,Epithelial
c_1_22_987,Lymphoid-Other
c_1_22_988,Epithelial
c_1_22_989,Epithelial
c_1_22_990,Lymphoid-Other
c_1_22_991,Lymphoid-Plasma
c_1_22_992,Epithelial
c_1_22_993,Lymphoid-Other
c_1_22_994,Lymphoid-Other
c_1_22_995,Lymphoid-Plasma
c_1_22_996,Lymphoid-Other
c_1_22_997,Mesenchymal-Stromal
c_1_22_998,Myeloid
c_1_22_999,Epithelial
c_1_22_1000,Lymphoid-Plasma
c_1_22_1001,Lymphoid-Other
c_1_22_1002,Mesenchymal-Stromal
c_1_22_1003,Lymphoid-Other
c_1_22_1004,Epithelial
c_1_22_1005,Epithelial
c_1_22_1006,Lymphoid-Other
c_1_22_1007,Lymphoid-Other
c_1_22_1008,Lymphoid-Plasma
c_1_22_1009,Lymphoid-Other
c_1_22_1010,Epithelial
c_1_22_1011,Lymphoid-Other
c_1_22_1012,Lymphoid-Other
c_1_22_1013,Mesenchymal-Stromal
c_1_22_1014,Lymphoid-Other
c_1_22_1015,Stem
c_1_22_1016,Lymphoid-Plasma
c_1_22_1017,Epithelial
c_1_22_1018,Lymphoid-Other
c_1_22_1019,Lymphoid-Other
c_1_22_1020,Erythroid
c_1_22_1021,Lymphoid-Other
c_1_22_1022,Lymphoid-Other
c_1_22_1023,Epithelial
c_1_22_1024,Epithelial
c_1_22_1025,Lymphoid-Other
c_1_22_1026,Epithelial
c_1_22_1027,Epithelial
c_1_22_1028,Erythroid
c_1_22_1029,Lymphoid-Other
c_1_22_1032,Lymphoid-Plasma
c_1_22_1033,Mesenchymal-Stromal
c_1_22_1034,Lymphoid-Other
c_1_22_1035,Lymphoid-Other
c_1_22_1036,Epithelial
c_1_22_1037,Lymphoid-T
c_1_22_1038,Lymphoid-Plasma
c_1_22_1039,Lymphoid-Other
c_1_22_1040,Mesenchymal-Stromal
c_1_22_1041,Lymphoid-Plasma
c_1_22_1043,Lymphoid-Other
c_1_22_1044,Epithelial
c_1_22_1045,Epithelial
c_1_22_1046,Epithelial
c_1_22_1047,Lymphoid-Other
c_1_22_1049,Lymphoid-Other
c_1_22_1050,Mesenchymal-Stromal
c_1_22_1051,Lymphoid-Plasma
c_1_22_1052,Lymphoid-T
c_1_22_1053,Lymphoid-Other
c_1_22_1054,Endothelial
c_1_22_1055,Lymphoid-Other
c_1_22_1056,Lymphoid-Other
c_1_22_1057,Lymphoid-Plasma
c_1_22_1058,Lymphoid-Plasma
c_1_22_1059,Lymphoid-Plasma
c_1_22_1060,Epithelial
c_1_22_1061,Lymphoid-DC
c_1_22_1063,Lymphoid-T
c_1_22_1064,Lymphoid-Other
c_1_22_1065,Epithelial
c_1_22_1066,Epithelial
c_1_22_1067,Lymphoid-Other
c_1_22_1068,Lymphoid-Other
c_1_22_1069,Stem
c_1_22_1070,Lymphoid-DC
c_1_22_1071,Lymphoid-Other
c_1_22_1072,Mesenchymal-Stromal
c_1_22_1073,Epithelial
c_1_22_1074,Erythroid
c_1_22_1075,Lymphoid-Plasma
c_1_22_1076,Lymphoid-T
c_1_22_1077,Epithelial
c_1_22_1078,Lymphoid-Other
c_1_22_1079,Lymphoid-Other
c_1_22_1080,Lymphoid-Plasma
c_1_22_1081,Epithelial
c_1_22_1082,Epithelial
c_1_22_1083,Epithelial
c_1_22_1084,Lymphoid-Other
c_1_22_1085,Lymphoid-Other
c_1_22_1086,Lymphoid-T
c_1_22_1087,Lymphoid-Other
c_1_22_1088,Erythroid
c_1_22_1089,Lymphoid-Other
c_1_22_1090,Lymphoid-Other
c_1_22_1091,Epithelial
c_1_22_1092,Epithelial
c_1_22_1093,Lymphoid-Other
c_1_22_1094,Lymphoid-Plasma
c_1_22_1095,Lymphoid-T
c_1_22_1096,Epithelial
c_1_22_1097,Lymphoid-Other
c_1_22_1098,Lymphoid-Other
c_1_22_1099,Epithelial
c_1_22_1100,Lymphoid-Other
c_1_22_1101,Endothelial
c_1_22_1102,Endothelial
c_1_22_1103,Epithelial
c_1_22_1104,Lymphoid-Other
c_1_22_1105,Lymphoid-T
c_1_22_1106,Erythroid
c_1_22_1107,Lymphoid-Other
c_1_22_1108,Lymphoid-Plasma
c_1_22_1109,Erythroid
c_1_22_1110,Lymphoid-Plasma
c_1_22_1111,Epithelial
c_1_22_1112,Epithelial
c_1_22_1113,Lymphoid-Other
c_1_22_1114,Lymphoid-Other
c_1_22_1116,Mesenchymal-Stromal
c_1_22_1117,Lymphoid-Other
c_1_22_1118,Erythroid
c_1_22_1120,Epithelial
c_1_22_1121,Lymphoid-Other
c_1_22_1122,Lymphoid-Plasma
c_1_22_1123,Epithelial
c_1_22_1124,Lymphoid-Other
c_1_22_1125,Mesenchymal-Stromal
c_1_22_1126,Lymphoid-Plasma
c_1_22_1127,Stem
c_1_22_1128,Stem
c_1_22_1129,Epithelial
c_1_22_1130,Lymphoid-Other
c_1_22_1131,Lymphoid-Other
c_1_22_1132,Lymphoid-Plasma
c_1_22_1133,Lymphoid-Other
c_1_22_1134,Erythroid
c_1_22_1135,Lymphoid-Other
c_1_22_1136,Lymphoid-Plasma
c_1_22_1137,Lymphoid-Plasma
c_1_22_1138,Lymphoid-Other
c_1_22_1139,Lymphoid-T
c_1_22_1140,Lymphoid-Other
c_1_22_1141,Lymphoid-Other
c_1_22_1142,Lymphoid-B
c_1_22_1144,Epithelial
c_1_22_1145,Lymphoid-Plasma
c_1_22_1146,Lymphoid-T
c_1_22_1147,Epithelial
c_1_22_1148,Lymphoid-Plasma
c_1_22_1149,Lymphoid-Plasma
c_1_22_1150,Lymphoid-Plasma
c_1_22_1151,Lymphoid-T
c_1_22_1152,Epithelial
c_1_22_1153,Lymphoid-Other
c_1_22_1154,Lymphoid-Plasma
c_1_22_1156,Epithelial
c_1_22_1157,Mesenchymal-Stromal
c_1_22_1159,Lymphoid-Other
c_1_22_1160,Lymphoid-Other
c_1_22_1161,Lymphoid-Plasma
c_1_22_1162,Lymphoid-Plasma
c_1_22_1163,Lymphoid-Other
c_1_22_1164,Lymphoid-Other
c_1_22_1165,Epithelial
c_1_22_1166,Lymphoid-Plasma
c_1_22_1167,Lymphoid-Plasma
c_1_22_1168,Mesenchymal-Stromal
c_1_22_1169,Lymphoid-Other
c_1_22_1170,Lymphoid-T
c_1_22_1171,Mesenchymal-Stromal
c_1_22_1172,Epithelial
c_1_22_1173,Lymphoid-Other
c_1_22_1174,Lymphoid-Other
c_1_22_1175,Lymphoid-T
c_1_22_1176,Lymphoid-Plasma
c_1_22_1177,Lymphoid-Plasma
c_1_22_1178,Lymphoid-Plasma
c_1_22_1179,Epithelial
c_1_22_1180,Lymphoid-T
c_1_22_1181,Lymphoid-Other
c_1_22_1182,Epithelial
c_1_22_1183,Lymphoid-Other
c_1_22_1184,Lymphoid-Plasma
c_1_22_1185,Mesenchymal-Stromal
c_1_22_1186,Lymphoid-T
c_1_22_1188,Epithelial
c_1_22_1189,Mesenchymal-Stromal
c_1_22_1190,Lymphoid-Other
c_1_22_1191,Lymphoid-Other
c_1_22_1192,Lymphoid-Plasma
c_1_22_1193,Epithelial
c_1_22_1194,Lymphoid-Other
c_1_22_1195,Epithelial
c_1_22_1196,Mesenchymal-Stromal
c_1_22_1197,Lymphoid-Other
c_1_22_1198,Lymphoid-Other
c_1_22_1199,Lymphoid-Other
c_1_22_1200,Epithelial
c_1_22_1201,Mesenchymal-Stromal
c_1_22_1202,Lymphoid-Plasma
c_1_22_1203,Lymphoid-Other
c_1_22_1204,Lymphoid-Other
c_1_22_1206,Lymphoid-Other
c_1_22_1207,Lymphoid-Other
c_1_22_1208,Mesenchymal-Stromal
c_1_22_1209,Epithelial
c_1_22_1210,Lymphoid-Plasma
c_1_22_1212,Lymphoid-T
c_1_22_1214,Lymphoid-Plasma
c_1_22_1215,Lymphoid-Other
c_1_22_1216,Lymphoid-Other
c_1_22_1217,Epithelial
c_1_22_1218,Lymphoid-Plasma
c_1_22_1219,Epithelial
c_1_22_1220,Mesenchymal-Stromal
c_1_22_1221,Epithelial
c_1_22_1222,Mesenchymal-Stromal
c_1_22_1223,Lymphoid-T
c_1_22_1224,Epithelial
c_1_22_1225,Lymphoid-Other
c_1_22_1226,Lymphoid-Other
c_1_22_1227,Epithelial
c_1_22_1228,Epithelial
c_1_22_1229,Lymphoid-Other
c_1_22_1230,Lymphoid-Plasma
c_1_22_1231,Lymphoid-Plasma
c_1_22_1232,Lymphoid-Other
c_1_22_1233,Mesenchymal-Stromal
c_1_22_1234,Epithelial
c_1_22_1235,Lymphoid-Other
c_1_22_1236,Lymphoid-Other
c_1_22_1237,Lymphoid-Other
c_1_22_1238,Lymphoid-Plasma
c_1_22_1239,Lymphoid-Other
c_1_22_1240,Lymphoid-Other
c_1_22_1241,Epithelial
c_1_22_1242,Mesenchymal-Stromal
c_1_22_1243,Lymphoid-Other
c_1_22_1244,Epithelial
c_1_22_1245,Epithelial
c_1_22_1246,Lymphoid-Plasma
c_1_22_1247,Lymphoid-Plasma
c_1_22_1248,Mesenchymal-Stromal
c_1_22_1249,Lymphoid-Other
c_1_22_1250,Lymphoid-Other
c_1_22_1251,Lymphoid-Other
c_1_22_1252,Epithelial
c_1_22_1253,Lymphoid-Other
c_1_22_1254,Lymphoid-T
c_1_22_1255,Erythroid
c_1_22_1256,Mesenchymal-Stromal
c_1_22_1257,Lymphoid-Other
c_1_22_1258,Epithelial
c_1_22_1259,Epithelial
c_1_22_1260,Lymphoid-T
c_1_22_1261,Epithelial
c_1_22_1262,Mesenchymal-Stromal
c_1_22_1263,Mesenchymal-Stromal
c_1_22_1264,Lymphoid-Other
c_1_22_1265,Epithelial
c_1_22_1266,Epithelial
c_1_22_1267,Lymphoid-Plasma
c_1_22_1268,Epithelial
c_1_22_1269,Epithelial
c_1_22_1270,Lymphoid-B
c_1_22_1271,Lymphoid-Other
c_1_22_1272,Lymphoid-Other
c_1_22_1273,Lymphoid-Other
c_1_22_1274,Lymphoid-T
c_1_22_1275,Epithelial
c_1_22_1276,Epithelial
c_1_22_1277,Mesenchymal-Stromal
c_1_22_1278,Lymphoid-Other
c_1_22_1279,Mesenchymal-Stromal
c_1_22_1280,Lymphoid-Plasma
c_1_22_1281,Lymphoid-Plasma
c_1_22_1282,Mesenchymal-Stromal
c_1_22_1283,Mesenchymal-Stromal
c_1_22_1284,Lymphoid-Other
c_1_22_1285,Lymphoid-Other
c_1_22_1286,Epithelial
c_1_22_1287,Epithelial
c_1_22_1288,Epithelial
c_1_22_1289,Lymphoid-Plasma
c_1_22_1290,Epithelial
c_1_22_1291,Epithelial
c_1_22_1293,Lymphoid-Other
c_1_22_1294,Lymphoid-Plasma
c_1_22_1295,Mesenchymal-Stromal
c_1_22_1296,Lymphoid-Plasma
c_1_22_1297,Lymphoid-Other
c_1_22_1298,Lymphoid-Plasma
c_1_22_1299,Mesenchymal-Stromal
c_1_22_1300,Mesenchymal-Stromal
c_1_22_1301,Epithelial
c_1_22_1302,Lymphoid-Plasma
c_1_22_1303,Mesenchymal-Stromal
c_1_22_1304,Mesenchymal-Stromal
c_1_22_1305,Epithelial
c_1_22_1306,Lymphoid-Plasma
c_1_22_1307,Mesenchymal-Stromal
c_1_22_1308,Lymphoid-Plasma
c_1_22_1309,Epithelial
c_1_22_1310,Lymphoid-Other
c_1_22_1311,Lymphoid-T
c_1_22_1312,Lymphoid-Other
c_1_22_1313,Mesenchymal-Stromal
c_1_22_1314,Lymphoid-Plasma
c_1_22_1315,Mesenchymal-Stromal
c_1_22_1316,Epithelial
c_1_22_1317,Lymphoid-Other
c_1_22_1318,Epithelial
c_1_22_1319,Lymphoid-Other
c_1_22_1320,Lymphoid-Other
c_1_22_1321,Epithelial
c_1_22_1322,Lymphoid-Other
c_1_22_1323,Mesenchymal-Stromal
c_1_22_1324,Mesenchymal-Stromal
c_1_22_1325,Epithelial
c_1_22_1326,Lymphoid-Other
c_1_22_1327,Epithelial
c_1_22_1328,Lymphoid-Other
c_1_22_1329,Endothelial
c_1_22_1330,Lymphoid-Other
c_1_22_1331,Epithelial
c_1_22_1332,Mesenchymal-Stromal
c_1_22_1333,Stem
c_1_22_1334,Epithelial
c_1_22_1335,Epithelial
c_1_22_1336,Epithelial
c_1_22_1337,Epithelial
c_1_22_1338,Epithelial
c_1_22_1339,Lymphoid-Other
c_1_22_1340,Epithelial
c_1_22_1341,Lymphoid-Plasma
c_1_22_1342,Lymphoid-Other
c_1_22_1343,Epithelial
c_1_22_1344,Lymphoid-Other
c_1_22_1345,Lymphoid-Other
c_1_22_1346,Epithelial
c_1_22_1347,Epithelial
c_1_22_1348,Mesenchymal-Stromal
c_1_22_1349,Lymphoid-Other
c_1_22_1350,Lymphoid-T
c_1_22_1351,Lymphoid-Other
c_1_22_1352,Lymphoid-Other
c_1_22_1353,Epithelial
c_1_22_1354,Epithelial
c_1_22_1355,Mesenchymal-Stromal
c_1_22_1356,Stem
c_1_22_1357,Lymphoid-Other
c_1_22_1358,Epithelial
c_1_22_1359,Epithelial
c_1_22_1360,Epithelial
c_1_22_1361,Lymphoid-T
c_1_22_1363,Epithelial
c_1_22_1364,Epithelial
c_1_22_1365,Epithelial
c_1_22_1366,Epithelial
c_1_22_1367,Lymphoid-Other
c_1_22_1368,Lymphoid-T
c_1_22_1369,Epithelial
c_1_22_1370,Mesenchymal-Stromal
c_1_22_1371,Epithelial
c_1_22_1372,Lymphoid-Other
c_1_22_1373,Epithelial
c_1_22_1374,Epithelial
c_1_22_1375,Epithelial
c_1_22_1376,Lymphoid-Other
c_1_22_1377,Lymphoid-Other
c_1_22_1378,Lymphoid-Other
c_1_22_1379,Lymphoid-Other
c_1_22_1380,Endothelial
c_1_22_1381,Epithelial
c_1_22_1382,Lymphoid-T
c_1_22_1383,Lymphoid-DC
c_1_22_1384,Lymphoid-T
c_1_22_1385,Epithelial
c_1_22_1387,Lymphoid-Other
c_1_22_1388,Mesenchymal-Stromal
c_1_22_1389,Lymphoid-Other
c_1_22_1390,Lymphoid-Other
c_1_22_1391,Epithelial
c_1_22_1392,Myeloid
c_1_22_1393,Lymphoid-Other
c_1_22_1394,Mesenchymal-Stromal
c_1_22_1395,Epithelial
c_1_22_1396,Lymphoid-Other
c_1_22_1397,Epithelial
c_1_22_1399,Epithelial
c_1_22_1400,Lymphoid-Other
c_1_22_1401,Epithelial
c_1_22_1402,Epithelial
c_1_22_1404,Lymphoid-Other
c_1_22_1405,Epithelial
c_1_22_1407,Mesenchymal-Stromal
c_1_22_1408,Epithelial
c_1_22_1409,Mesenchymal-Stromal
c_1_22_1410,Epithelial
c_1_22_1411,Erythroid
c_1_22_1412,Epithelial
c_1_22_1414,Lymphoid-Other
c_1_22_1415,Lymphoid-Other
c_1_22_1416,Lymphoid-T
c_1_22_1417,Epithelial
c_1_22_1418,Lymphoid-Other
c_1_22_1419,Lymphoid-Other
c_1_22_1420,Epithelial
c_1_22_1421,Epithelial
c_1_22_1422,Epithelial
c_1_22_1423,Lymphoid-Other
c_1_22_1424,Epithelial
c_1_22_1425,Lymphoid-T
c_1_22_1426,Lymphoid-T
c_1_22_1427,Lymphoid-Other
c_1_22_1428,Lymphoid-Other
c_1_22_1429,Lymphoid-Other
c_1_22_1430,Lymphoid-T
c_1_22_1431,Epithelial
c_1_22_1432,Lymphoid-T
c_1_22_1433,Lymphoid-Plasma
c_1_22_1434,Lymphoid-Other
c_1_22_1435,Epithelial
c_1_22_1436,Epithelial
c_1_22_1437,Epithelial
c_1_22_1438,Lymphoid-Other
c_1_22_1439,Lymphoid-Other
c_1_22_1440,Epithelial
c_1_22_1441,Epithelial
c_1_22_1442,Epithelial
c_1_22_1443,Epithelial
c_1_22_1444,Lymphoid-Other
c_1_22_1445,Epithelial
c_1_22_1446,Epithelial
c_1_22_1447,Lymphoid-Other
c_1_22_1448,Lymphoid-Other
c_1_22_1449,Lymphoid-Other
c_1_22_1450,Epithelial
c_1_22_1451,Epithelial
c_1_22_1452,Epithelial
c_1_22_1453,Epithelial
c_1_22_1454,Epithelial
c_1_22_1455,Epithelial
c_1_22_1456,Epithelial
c_1_22_1457,Epithelial
c_1_22_1458,Epithelial
c_1_22_1459,Epithelial
c_1_22_1460,Lymphoid-Other
c_1_22_1461,Lymphoid-Other
c_1_22_1462,Lymphoid-Other
c_1_22_1463,Lymphoid-Other
c_1_22_1464,Epithelial
c_1_22_1465,Lymphoid-Other
c_1_22_1466,Epithelial
c_1_22_1467,Stem
c_1_22_1468,Lymphoid-Other
c_1_22_1469,Epithelial
c_1_22_1470,Epithelial
c_1_22_1471,Lymphoid-Other
c_1_22_1472,Lymphoid-Other
c_1_22_1473,Lymphoid-Other
c_1_22_1474,Lymphoid-Other
c_1_22_1475,Lymphoid-T
c_1_22_1476,Epithelial
c_1_22_1477,Lymphoid-Other
c_1_22_1478,Epithelial
c_1_22_1479,Epithelial
c_1_22_1480,Epithelial
c_1_22_1481,Lymphoid-Other
c_1_22_1482,Epithelial
c_1_22_1483,Mesenchymal-Stromal
c_1_22_1484,Epithelial
c_1_22_1485,Lymphoid-T
c_1_22_1486,Lymphoid-Other
c_1_22_1487,Lymphoid-Other
c_1_22_1488,Epithelial
c_1_22_1489,Stem
c_1_22_1490,Lymphoid-Other
c_1_22_1491,Lymphoid-Other
c_1_22_1492,Lymphoid-T
c_1_22_1493,Lymphoid-T
c_1_22_1494,Epithelial
c_1_22_1495,Lymphoid-Other
c_1_22_1496,Epithelial
c_1_22_1497,Epithelial
c_1_22_1498,Epithelial
c_1_22_1499,Lymphoid-Other
c_1_22_1500,Epithelial
c_1_22_1501,Lymphoid-Other
c_1_22_1502,Epithelial
c_1_22_1503,Epithelial
c_1_22_1504,Lymphoid-Other
c_1_22_1505,Epithelial
c_1_22_1507,Epithelial
c_1_22_1508,Epithelial
c_1_22_1509,Epithelial
c_1_22_1510,Epithelial
c_1_22_1511,Lymphoid-Other
c_1_22_1512,Epithelial
c_1_22_1513,Epithelial
c_1_22_1514,Lymphoid-Other
c_1_22_1515,Epithelial
c_1_22_1516,Lymphoid-Other
c_1_22_1517,Epithelial
c_1_22_1518,Epithelial
c_1_22_1519,Epithelial
c_1_22_1520,Epithelial
c_1_22_1521,Epithelial
c_1_22_1522,Epithelial
c_1_22_1523,Lymphoid-Other
c_1_22_1524,Lymphoid-Other
c_1_22_1525,Lymphoid-Other
c_1_22_1526,Lymphoid-Other
c_1_22_1527,Lymphoid-Other
c_1_22_1528,Epithelial
c_1_22_1529,Epithelial
c_1_22_1530,Lymphoid-T
c_1_22_1531,Lymphoid-Other
c_1_22_1532,Lymphoid-Other
c_1_22_1533,Lymphoid-T
c_1_22_1534,Epithelial
c_1_22_1535,Epithelial
c_1_22_1536,Epithelial
c_1_22_1537,Lymphoid-Other
c_1_22_1538,Epithelial
c_1_22_1539,Lymphoid-Other
c_1_22_1540,Lymphoid-Other
c_1_22_1541,Lymphoid-Other
c_1_22_1542,Epithelial
c_1_22_1543,Epithelial
c_1_22_1544,Lymphoid-Other
c_1_22_1545,Epithelial
c_1_22_1546,Epithelial
c_1_22_1547,Lymphoid-T
c_1_22_1548,Lymphoid-Other
c_1_22_1549,Lymphoid-DC
c_1_22_1550,Lymphoid-Other
c_1_22_1551,Lymphoid-T
c_1_22_1552,Lymphoid-Other
c_1_22_1553,Epithelial
c_1_22_1554,Lymphoid-Other
c_1_22_1555,Lymphoid-Other
c_1_22_1556,Epithelial
c_1_22_1557,Lymphoid-Other
c_1_22_1558,Lymphoid-Other
c_1_22_1559,Lymphoid-Other
c_1_22_1560,Lymphoid-DC
c_1_22_1561,Epithelial
c_1_22_1562,Erythroid
c_1_22_1563,Lymphoid-Other
c_1_22_1564,Erythroid
c_1_22_1565,Epithelial
c_1_22_1566,Lymphoid-Plasma
c_1_22_1567,Lymphoid-Other
c_1_22_1568,Epithelial
c_1_22_1569,Lymphoid-T
c_1_22_1570,Myeloid
c_1_22_1571,Lymphoid-Other
c_1_22_1572,Epithelial
c_1_22_1573,Lymphoid-Other
c_1_22_1574,Epithelial
c_1_22_1575,Lymphoid-Other
c_1_22_1576,Lymphoid-Plasma
c_1_22_1577,Lymphoid-Other
c_1_22_1578,Lymphoid-DC
c_1_22_1579,Epithelial
c_1_22_1580,Epithelial
c_1_22_1581,Lymphoid-Plasma
c_1_22_1582,Epithelial
c_1_22_1583,Lymphoid-Plasma
c_1_22_1584,Epithelial
c_1_22_1585,Lymphoid-DC
c_1_22_1586,Epithelial
c_1_22_1588,Epithelial
c_1_22_1589,Lymphoid-Other
c_1_22_1590,Lymphoid-DC
c_1_22_1591,Lymphoid-Other
c_1_22_1592,Lymphoid-Other
c_1_22_1593,Epithelial
c_1_22_1594,Lymphoid-Other
c_1_22_1595,Lymphoid-Plasma
c_1_22_1596,Lymphoid-DC
c_1_22_1597,Lymphoid-Other
c_1_22_1598,Lymphoid-Other
c_1_22_1599,Lymphoid-Other
c_1_22_1600,Epithelial
c_1_22_1601,Lymphoid-Plasma
c_1_22_1602,Lymphoid-Other
c_1_22_1603,Lymphoid-DC
c_1_22_1604,Lymphoid-Other
c_1_22_1605,Lymphoid-Other
c_1_22_1606,Lymphoid-Other
c_1_22_1607,Lymphoid-Other
c_1_22_1608,Lymphoid-DC
c_1_22_1609,Epithelial
c_1_22_1610,Lymphoid-Plasma
c_1_22_1611,Lymphoid-Plasma
c_1_22_1612,Lymphoid-Other
c_1_22_1613,Lymphoid-Other
c_1_22_1614,Lymphoid-T
c_1_22_1615,Epithelial
c_1_22_1616,Lymphoid-Other
c_1_22_1617,Lymphoid-Other
c_1_22_1618,Lymphoid-Other
c_1_22_1619,Lymphoid-T
c_1_22_1620,Lymphoid-Other
c_1_22_1621,Lymphoid-DC
c_1_22_1622,Epithelial
c_1_22_1623,Epithelial
c_1_22_1624,Lymphoid-Other
c_1_22_1625,Lymphoid-Other
c_1_22_1626,Lymphoid-Other
c_1_22_1627,Mesenchymal-Stromal
c_1_22_1628,Lymphoid-DC
c_1_22_1629,Lymphoid-DC
c_1_22_1630,Epithelial
c_1_22_1631,Mesenchymal-Stromal
c_1_22_1632,Lymphoid-Other
c_1_22_1633,Epithelial
c_1_22_1634,Lymphoid-Plasma
c_1_22_1635,Lymphoid-Other
c_1_22_1636,Lymphoid-Other
c_1_22_1637,Myeloid
c_1_22_1638,Lymphoid-Other
c_1_22_1639,Lymphoid-Other
c_1_22_1640,Lymphoid-Other
c_1_22_1641,Epithelial
c_1_22_1642,Lymphoid-Other
c_1_22_1643,Lymphoid-DC
c_1_22_1644,Epithelial
c_1_22_1645,Epithelial
c_1_22_1646,Epithelial
c_1_22_1647,Lymphoid-DC
c_1_22_1648,Lymphoid-Other
c_1_22_1649,Lymphoid-Other
c_1_22_1650,Epithelial
c_1_22_1651,Mesenchymal-Stromal
c_1_22_1652,Endothelial
c_1_22_1653,Lymphoid-Other
c_1_22_1654,Epithelial
c_1_22_1655,Lymphoid-T
c_1_22_1656,Lymphoid-Other
c_1_22_1657,Epithelial
c_1_22_1659,Epithelial
c_1_22_1660,Lymphoid-DC
c_1_22_1661,Lymphoid-DC
c_1_22_1662,Lymphoid-Other
c_1_22_1664,Lymphoid-Other
c_1_22_1665,Lymphoid-Other
c_1_22_1666,Lymphoid-T
c_1_22_1667,Lymphoid-Other
c_1_22_1668,Epithelial
c_1_22_1669,Lymphoid-T
c_1_22_1670,Lymphoid-Other
c_1_22_1672,Lymphoid-Other
c_1_22_1673,Lymphoid-Plasma
c_1_22_1674,Epithelial
c_1_22_1675,Stem
c_1_22_1676,Epithelial
c_1_22_1677,Lymphoid-DC
c_1_22_1678,Lymphoid-DC
c_1_22_1679,Epithelial
c_1_22_1681,Lymphoid-DC
c_1_22_1682,Epithelial
c_1_22_1683,Epithelial
c_1_22_1684,Lymphoid-Other
c_1_22_1685,Lymphoid-Other
c_1_22_1686,Epithelial
c_1_22_1687,Epithelial
c_1_22_1688,Lymphoid-Other
c_1_22_1689,Epithelial
c_1_22_1690,Epithelial
c_1_22_1691,Lymphoid-Plasma
c_1_22_1692,Lymphoid-Other
c_1_22_1693,Lymphoid-Plasma
c_1_22_1694,Lymphoid-DC
c_1_22_1695,Stem
c_1_22_1696,Lymphoid-Other
c_1_22_1697,Lymphoid-Other
c_1_22_1698,Lymphoid-DC
c_1_22_1699,Lymphoid-Other
c_1_22_1700,Stem
c_1_22_1701,Lymphoid-Other
c_1_22_1702,Epithelial
c_1_22_1703,Lymphoid-Other
c_1_22_1704,Stem
c_1_22_1705,Epithelial
c_1_22_1706,Lymphoid-Other
c_1_22_1707,Lymphoid-Other
c_1_22_1708,Lymphoid-Other
c_1_22_1709,Epithelial
c_1_22_1710,Erythroid
c_1_22_1711,Lymphoid-Other
c_1_22_1712,Lymphoid-Other
c_1_22_1713,Lymphoid-Other
c_1_22_1714,Lymphoid-T
c_1_22_1715,Epithelial
c_1_22_1716,Lymphoid-Other
c_1_22_1717,Mesenchymal-Stromal
c_1_22_1718,Epithelial
c_1_22_1719,Lymphoid-Other
c_1_22_1720,Epithelial
c_1_22_1721,Lymphoid-Other
c_1_22_1722,Epithelial
c_1_22_1723,Mesenchymal-Stromal
c_1_22_1724,Lymphoid-Other
c_1_22_1725,Lymphoid-Other
c_1_22_1726,Epithelial
c_1_22_1728,Epithelial
c_1_22_1729,Epithelial
c_1_22_1730,Epithelial
c_1_22_1731,Epithelial
c_1_22_1732,Lymphoid-Other
c_1_22_1733,Epithelial
c_1_22_1734,Epithelial
c_1_22_1735,Epithelial
c_1_22_1736,Epithelial
c_1_22_1737,Lymphoid-T
c_1_22_1738,Epithelial
c_1_22_1739,Epithelial
c_1_22_1740,Epithelial
c_1_22_1741,Epithelial
c_1_22_1742,Lymphoid-T
c_1_22_1743,Epithelial
c_1_22_1744,Lymphoid-T
c_1_22_1745,Epithelial
c_1_22_1746,Epithelial
c_1_22_1747,Epithelial
c_1_22_1748,Epithelial
c_1_22_1749,Epithelial
c_1_22_1750,Lymphoid-Other
c_1_22_1751,Lymphoid-Other
c_1_22_1752,Epithelial
c_1_22_1753,Epithelial
c_1_22_1754,Lymphoid-T
c_1_22_1755,Epithelial
c_1_22_1756,Epithelial
c_1_22_1757,Lymphoid-Other
c_1_22_1758,Lymphoid-T
c_1_22_1759,Epithelial
c_1_22_1760,Lymphoid-T
c_1_22_1761,Epithelial
c_1_22_1762,Epithelial
c_1_22_1763,Lymphoid-Other
c_1_22_1764,Epithelial
c_1_22_1765,Lymphoid-T
c_1_22_1766,Epithelial
c_1_22_1767,Epithelial
c_1_22_1768,Lymphoid-Other
c_1_22_1769,Epithelial
c_1_22_1771,Lymphoid-T
c_1_22_1772,Lymphoid-Other
c_1_22_1773,Lymphoid-Other
c_1_22_1775,Epithelial
c_1_22_1776,Lymphoid-Other
c_1_22_1777,Lymphoid-Other
c_1_22_1778,Epithelial
c_1_22_1779,Epithelial
c_1_22_1780,Epithelial
c_1_22_1782,Epithelial
c_1_22_1783,Epithelial
c_1_22_1784,Epithelial
c_1_22_1785,Epithelial
c_1_22_1786,Epithelial
c_1_22_1787,Epithelial
c_1_22_1788,Lymphoid-Other
c_1_22_1789,Lymphoid-Other
c_1_22_1790,Lymphoid-Other
c_1_22_1791,Lymphoid-Other
c_1_22_1792,Epithelial
c_1_22_1793,Endothelial
c_1_22_1794,Lymphoid-Other
c_1_22_1795,Lymphoid-Other
c_1_22_1796,Myeloid
c_1_22_1797,Epithelial
c_1_22_1798,Epithelial
c_1_22_1799,Myeloid
c_1_22_1800,Stem
c_1_22_1801,Myeloid
c_1_22_1802,Erythroid
c_1_22_1803,Lymphoid-DC
c_1_22_1804,Lymphoid-Other
c_1_22_1805,Epithelial
