cell_id,UMAP_1,UMAP_2
c_1_41_1,8.43091,4.1227837
c_1_41_2,12.584845,7.2124877
c_1_41_3,6.3283925,2.9739058
c_1_41_4,7.365123,3.3876297
c_1_41_5,5.8950076,3.269321
c_1_41_6,12.395366,7.249071
c_1_41_7,6.1648664,3.1273596
c_1_41_8,11.834126,5.321862
c_1_41_9,9.49602,4.020956
c_1_41_10,11.401012,5.7777247
c_1_41_11,11.505878,6.11365
c_1_41_12,12.336436,6.761646
c_1_41_13,12.954536,6.8071113
c_1_41_14,11.350616,4.572641
c_1_41_15,11.864304,8.020798
c_1_41_16,12.105324,5.9637103
c_1_41_17,13.046285,4.562706
c_1_41_18,12.382474,6.5186887
c_1_41_19,12.418296,7.317858
c_1_41_20,5.730322,3.0413096
c_1_41_21,12.888864,6.9693856
c_1_41_22,12.322741,7.602453
c_1_41_23,11.889173,3.1926732
c_1_41_24,12.989347,6.1350236
c_1_41_25,9.752583,2.4595804
c_1_41_26,10.173438,-0.19502684
c_1_41_27,9.827349,3.2638419
c_1_41_28,11.46546,1.1057684
c_1_41_29,10.981905,1.7124838
c_1_41_30,9.847509,2.3428895
c_1_41_32,11.90123,8.264931
c_1_41_33,5.4409504,3.421916
c_1_41_34,12.458434,6.856069
c_1_41_35,12.067464,7.241172
c_1_41_36,12.131308,5.849365
c_1_41_37,12.226464,2.6522422
c_1_41_38,13.857137,6.2679954
c_1_41_39,8.360504,2.6694221
c_1_41_40,12.603504,7.5123625
c_1_41_41,9.5892105,4.213947
c_1_41_42,11.993951,8.044534
c_1_41_43,11.797591,6.0206103
c_1_41_44,12.734177,7.7107277
c_1_41_46,8.843259,2.1960151
c_1_41_47,13.639011,5.186601
c_1_41_48,12.520708,4.4864316
c_1_41_49,12.615596,6.9196105
c_1_41_50,9.057123,3.693795
c_1_41_51,13.678332,4.0485597
c_1_41_52,9.400124,2.056918
c_1_41_53,10.420144,4.3068275
c_1_41_54,13.1235,5.9333115
c_1_41_55,9.153565,1.913706
c_1_41_56,12.790892,3.9063327
c_1_41_57,6.3135724,1.0508347
c_1_41_58,11.141643,5.202625
c_1_41_59,8.90787,2.6994178
c_1_41_60,14.056464,4.868302
c_1_41_61,11.657244,3.416062
c_1_41_62,8.968414,2.9072666
c_1_41_63,7.9880915,2.4347405
c_1_41_64,12.912924,5.879028
c_1_41_65,12.7087755,7.528481
c_1_41_66,11.23457,4.1610584
c_1_41_67,12.756761,5.6515274
c_1_41_68,9.901075,2.0402937
c_1_41_69,10.769783,2.8675559
c_1_41_70,10.248813,3.5105987
c_1_41_71,9.533202,1.2984987
c_1_41_72,10.561725,4.02336
c_1_41_73,8.263725,1.5848618
c_1_41_74,13.06511,6.036737
c_1_41_75,12.72465,6.695681
c_1_41_76,8.445717,4.0413275
c_1_41_77,12.77333,3.8484228
c_1_41_78,9.942958,2.3673747
c_1_41_79,4.831278,1.1282701
c_1_41_80,10.843025,4.5871367
c_1_41_81,10.465445,2.425036
c_1_41_82,9.353291,1.5031744
c_1_41_83,14.07206,4.798061
c_1_41_84,9.079513,5.0131207
c_1_41_85,13.014711,6.0840387
c_1_41_86,9.533277,4.396041
c_1_41_87,13.312571,1.4993545
c_1_41_88,10.170111,4.032587
c_1_41_89,11.148241,3.182515
c_1_41_90,9.796306,2.821277
c_1_41_91,9.810801,2.6561098
c_1_41_92,9.77895,3.1297307
c_1_41_93,9.870087,2.2598305
c_1_41_94,8.312816,3.6223664
c_1_41_95,13.957826,-0.37780973
c_1_41_96,9.608327,3.844914
c_1_41_97,7.244561,3.1502135
c_1_41_98,8.807809,4.673395
c_1_41_99,11.568362,3.8762867
c_1_41_100,7.025666,2.257834
c_1_41_101,8.935481,1.3358614
c_1_41_102,8.968141,3.0195727
c_1_41_103,8.588131,3.0955572
c_1_41_104,8.820449,1.3465407
c_1_41_105,10.124679,2.7406008
c_1_41_106,10.875546,2.7227583
c_1_41_107,9.693468,2.3334277
c_1_41_108,11.537994,1.7601374
c_1_41_109,9.311115,1.2973965
c_1_41_110,9.727863,1.9362326
c_1_41_111,8.435606,2.2409306
c_1_41_112,9.631426,1.2429013
c_1_41_113,13.396025,4.7491937
c_1_41_114,9.173346,3.3211222
c_1_41_115,7.913371,3.0275521
c_1_41_116,9.257706,2.6351852
c_1_41_117,8.914381,4.122697
c_1_41_118,12.173118,4.150967
c_1_41_119,8.206223,3.1712792
c_1_41_120,10.202552,3.9933915
c_1_41_121,8.975276,1.2595547
c_1_41_122,10.338699,4.9030023
c_1_41_123,8.954869,2.5482707
c_1_41_124,12.890001,5.4133186
c_1_41_125,8.746381,3.3372955
c_1_41_126,10.445043,3.472932
c_1_41_127,10.116484,2.4001472
c_1_41_128,8.691895,3.411053
c_1_41_129,8.416612,1.6327436
c_1_41_130,13.252515,3.7604182
c_1_41_131,8.307576,3.1848905
c_1_41_132,12.539606,4.0535054
c_1_41_133,12.670578,1.1931129
c_1_41_134,10.215882,2.035649
c_1_41_135,10.130382,2.422069
c_1_41_136,11.080823,3.2098403
c_1_41_137,9.134146,3.4978094
c_1_41_138,8.388905,3.5311303
c_1_41_139,11.291183,3.587938
c_1_41_140,8.889224,1.983777
c_1_41_141,12.103836,4.221275
c_1_41_142,10.416433,3.3913043
c_1_41_143,11.128646,2.9355018
c_1_41_144,14.186567,1.9408019
c_1_41_145,9.234555,4.2358003
c_1_41_146,12.110758,3.7850826
c_1_41_147,12.433349,4.3127775
c_1_41_148,10.815937,3.9814758
c_1_41_149,14.467373,3.1545908
c_1_41_150,13.0769,3.2042787
c_1_41_151,11.561291,4.3006263
c_1_41_152,15.082972,4.554802
c_1_41_153,14.677768,2.2330256
c_1_41_154,9.776621,4.8883224
c_1_41_155,7.913154,2.6441054
c_1_41_156,13.38893,3.9221606
c_1_41_157,11.75527,4.97165
c_1_41_158,11.548031,3.1453226
c_1_41_159,9.171973,2.1505668
c_1_41_160,11.188239,6.1591363
c_1_41_161,7.1476345,2.6652489
c_1_41_162,5.6920695,2.9956758
c_1_41_163,12.028857,3.3838649
c_1_41_164,5.7627172,2.9091036
c_1_41_165,10.483845,4.4292374
c_1_41_166,10.979896,3.8039389
c_1_41_167,12.487755,5.3760767
c_1_41_168,14.227109,4.470062
c_1_41_169,9.707361,4.408373
c_1_41_170,9.43921,4.006115
c_1_41_171,9.867842,3.3144758
c_1_41_172,12.773396,4.1691694
c_1_41_173,10.523818,4.1240616
c_1_41_174,9.417586,4.4480205
c_1_41_175,8.101813,4.510526
c_1_41_176,14.649306,5.1432056
c_1_41_177,10.082269,4.867622
c_1_41_178,10.183815,1.0680051
c_1_41_179,11.06427,-0.296453
c_1_41_180,9.928523,2.5996356
c_1_41_181,10.4814625,2.5766816
c_1_41_182,11.523857,3.6188533
c_1_41_183,8.709361,2.8469367
c_1_41_184,8.438396,4.2320848
c_1_41_185,13.880298,5.8482523
c_1_41_186,9.352953,2.0617917
c_1_41_187,9.771714,2.0843418
c_1_41_188,12.359793,3.2777314
c_1_41_189,11.753153,3.778646
c_1_41_190,9.311102,2.1590257
c_1_41_191,11.72025,4.0239143
c_1_41_192,9.904146,-1.2875365
c_1_41_193,8.578534,2.2972004
c_1_41_194,8.743229,2.432886
c_1_41_195,9.372113,3.4133708
c_1_41_196,14.219204,4.089533
c_1_41_197,8.376201,1.3264648
c_1_41_198,11.676756,3.415893
c_1_41_199,9.542141,3.7594626
c_1_41_200,9.452515,3.4373348
c_1_41_201,10.480707,5.013923
c_1_41_202,7.283052,2.4945529
c_1_41_203,13.589073,5.244677
c_1_41_204,9.115904,2.7454627
c_1_41_205,10.167475,-0.29408893
c_1_41_206,9.210924,3.9336352
c_1_41_207,10.03811,3.569117
c_1_41_208,13.473141,2.3586736
c_1_41_209,8.200252,3.6099524
c_1_41_210,9.850314,3.359394
c_1_41_211,9.280748,2.9670134
c_1_41_212,13.012237,5.2380056
c_1_41_213,11.862603,1.9817625
c_1_41_214,5.6037903,1.1583143
c_1_41_215,11.069768,3.0381966
c_1_41_216,9.607505,-0.5043151
c_1_41_217,12.73928,4.036901
c_1_41_218,10.001945,5.02963
c_1_41_219,9.459846,2.7708418
c_1_41_220,6.1362896,2.6081614
c_1_41_221,13.808803,4.5586834
c_1_41_222,8.726326,1.7345052
c_1_41_224,14.503057,0.7240918
c_1_41_225,13.187415,4.3500676
c_1_41_226,9.31251,2.029475
c_1_41_227,9.100352,4.4238963
c_1_41_228,10.140362,2.3999546
c_1_41_229,8.247031,2.9056792
c_1_41_230,6.1117144,3.3194141
c_1_41_231,12.221027,3.9312816
c_1_41_232,6.3210382,1.3691207
c_1_41_233,7.996953,4.5145826
c_1_41_234,5.675273,3.058432
c_1_41_235,9.545043,2.6146867
c_1_41_236,14.474855,4.68084
c_1_41_237,8.016273,1.4277017
c_1_41_238,9.207484,3.6583908
c_1_41_239,7.924242,3.0901554
c_1_41_240,9.1682625,3.5357463
c_1_41_241,10.437391,3.093428
c_1_41_242,10.265236,4.0462794
c_1_41_244,11.653062,4.463357
c_1_41_245,9.127741,0.6091643
c_1_41_246,7.738398,2.4402814
c_1_41_247,12.937022,1.0432166
c_1_41_248,8.033626,2.438085
c_1_41_249,8.839674,0.42586553
c_1_41_250,7.7494235,3.4450443
c_1_41_251,9.680927,2.535949
c_1_41_252,12.267564,0.97065604
c_1_41_254,9.658766,4.736864
c_1_41_255,9.600638,0.8323275
c_1_41_256,10.1793995,1.4261467
c_1_41_257,8.871995,5.142932
c_1_41_258,13.821363,2.5596519
c_1_41_259,13.764524,1.5004286
c_1_41_260,10.14536,1.8653138
c_1_41_262,10.172743,3.1429439
c_1_41_263,8.696787,2.2560003
c_1_41_264,13.611066,4.3130617
c_1_41_265,7.452049,3.8306973
c_1_41_266,12.727429,4.298632
c_1_41_267,10.209946,2.4673963
c_1_41_268,11.373871,5.015083
c_1_41_269,10.315428,1.325691
c_1_41_270,11.204901,4.8368106
c_1_41_271,7.0468664,1.7194723
c_1_41_272,13.992344,1.3489826
c_1_41_273,10.411526,3.9184735
c_1_41_274,9.359986,4.8977227
c_1_41_275,9.880552,3.248203
c_1_41_276,13.540059,5.317232
c_1_41_277,11.373386,3.3680358
c_1_41_278,12.063984,8.214533
c_1_41_279,8.374607,1.3670511
c_1_41_280,7.759357,2.3060563
c_1_41_281,7.900867,3.2390647
c_1_41_282,13.725802,4.465619
c_1_41_283,10.9858675,3.0211976
c_1_41_284,13.95841,5.637767
c_1_41_285,9.29752,3.2831914
c_1_41_286,9.624397,2.2100277
c_1_41_287,13.950979,5.259972
c_1_41_288,12.581707,5.6229258
c_1_41_289,9.248347,0.4735716
c_1_41_290,10.830969,2.1772048
c_1_41_291,8.304799,3.083137
c_1_41_292,9.685178,3.891384
c_1_41_294,9.927012,4.341284
c_1_41_295,7.681335,4.1787586
c_1_41_296,12.6510105,3.4745593
c_1_41_297,10.458305,3.0200593
c_1_41_298,12.737914,4.246318
c_1_41_299,9.075072,0.8133759
c_1_41_300,8.91592,2.5392087
c_1_41_301,8.290002,0.54615116
c_1_41_302,9.959872,3.2358968
c_1_41_303,13.044829,2.7935638
c_1_41_304,8.304904,2.2539759
c_1_41_305,8.605441,2.89145
c_1_41_306,12.554851,1.0048724
c_1_41_307,9.490256,1.08866
c_1_41_308,9.764634,-1.3934683
c_1_41_309,11.503259,3.4508262
c_1_41_310,8.754807,1.123613
c_1_41_311,9.477609,3.6861775
c_1_41_313,11.561954,6.6643887
c_1_41_314,7.8806067,1.583471
c_1_41_315,10.193865,2.6009617
c_1_41_318,12.259914,6.8896704
c_1_41_319,13.474295,3.9993758
c_1_41_321,7.6409054,1.1802124
c_1_41_322,7.2627344,1.986699
c_1_41_323,11.82142,4.042211
c_1_41_324,12.068258,7.9589934
c_1_41_329,12.254686,6.1966915
c_1_41_330,11.506385,1.9190956
c_1_41_331,11.720803,4.0923796
c_1_41_332,12.254773,8.59121
c_1_41_333,12.4617815,7.6592913
c_1_41_334,12.318795,8.538491
c_1_41_335,12.676346,7.485834
c_1_41_336,11.559055,6.7394037
c_1_41_337,11.92637,7.643415
c_1_41_338,11.255998,6.2449083
c_1_41_339,10.840411,3.0339832
c_1_41_340,10.043196,2.5369232
c_1_41_341,11.845594,6.804696
c_1_41_342,10.744531,2.2162108
c_1_41_343,12.284129,7.0574794
c_1_41_344,12.567175,6.70605
c_1_41_345,12.488149,6.492333
c_1_41_346,8.95581,2.411887
c_1_41_347,11.675207,6.9518347
c_1_41_348,12.156657,6.3541207
c_1_41_349,12.830775,7.422221
c_1_41_350,12.132919,8.727942
c_1_41_351,11.880793,3.6666393
c_1_41_352,12.735836,7.7952986
c_1_41_353,11.809979,5.217754
c_1_41_354,12.618393,5.4047947
c_1_41_355,12.250115,7.633505
c_1_41_356,7.4504547,3.5162601
c_1_41_357,11.784912,7.0941787
c_1_41_358,8.667513,4.1325364
c_1_41_359,8.093025,2.048934
c_1_41_360,12.4572525,8.231764
c_1_41_361,12.041406,7.270003
c_1_41_362,12.331739,8.168987
c_1_41_363,13.093537,6.1820235
c_1_41_364,12.809972,8.030719
c_1_41_365,12.023389,7.387084
c_1_41_366,12.584016,6.4081135
c_1_41_367,12.197358,7.2836046
c_1_41_368,12.111513,8.248111
c_1_41_369,9.15107,1.6641599
c_1_41_370,12.384842,8.110934
c_1_41_371,11.892135,6.4078918
c_1_41_372,12.777601,5.6569333
c_1_41_373,13.469894,5.9533663
c_1_41_374,10.18234,4.2412453
c_1_41_375,14.377265,3.1767125
c_1_41_376,12.166212,7.4062877
c_1_41_377,7.064358,0.74306095
c_1_41_378,12.813314,6.947392
c_1_41_379,7.5719485,2.444063
c_1_41_381,12.089383,6.67366
c_1_41_382,13.087109,7.2671604
c_1_41_383,11.1846485,5.89525
c_1_41_384,12.408897,6.969145
c_1_41_385,12.313162,7.528744
c_1_41_386,10.240125,3.5980368
c_1_41_387,12.854662,6.2681937
c_1_41_389,12.243635,7.1005015
c_1_41_390,7.654536,1.9243982
c_1_41_391,8.6148615,2.4027054
c_1_41_392,11.2636595,5.9114585
c_1_41_393,12.50585,7.203362
c_1_41_394,12.134689,6.80731
c_1_41_395,12.261304,7.4861255
c_1_41_396,10.162023,2.6797917
c_1_41_397,12.3249445,6.2499757
c_1_41_398,12.30526,8.467606
c_1_41_399,12.129109,7.118644
c_1_41_400,12.600288,4.966092
c_1_41_401,7.597391,1.5183254
c_1_41_402,12.381021,8.495846
c_1_41_403,12.304099,7.621658
c_1_41_404,11.371118,6.4116144
c_1_41_405,11.839598,5.1866884
c_1_41_406,11.795749,7.2671623
c_1_41_407,11.404929,5.579919
c_1_41_408,12.014176,6.899134
c_1_41_409,12.676497,7.1641088
c_1_41_410,12.219398,1.9608457
c_1_41_411,12.009393,7.7110806
c_1_41_412,11.965017,7.28618
c_1_41_413,12.03461,7.902299
c_1_41_414,12.134644,7.1787586
c_1_41_415,12.729276,6.6210356
c_1_41_416,12.373773,6.661451
c_1_41_417,7.226378,3.4642363
c_1_41_418,12.591811,6.029464
c_1_41_419,13.209022,5.9404616
c_1_41_420,11.885891,7.266992
c_1_41_421,12.116056,7.4796925
c_1_41_422,12.316419,7.7145786
c_1_41_423,10.094291,2.118084
c_1_41_424,12.467411,7.6224394
c_1_41_425,12.942243,5.313682
c_1_41_426,12.933262,7.499696
c_1_41_427,12.152929,7.4969397
c_1_41_428,12.337692,8.113317
c_1_41_429,10.697556,1.9985743
c_1_41_430,11.980889,7.0009413
c_1_41_431,8.528542,3.428907
c_1_41_433,12.171884,6.917025
c_1_41_434,12.01364,7.765467
c_1_41_436,12.112316,8.439739
c_1_41_437,12.457344,8.282511
c_1_41_438,12.005014,6.7425985
c_1_41_439,13.41208,5.4789076
c_1_41_440,12.093363,7.648372
c_1_41_441,11.667062,6.8846655
c_1_41_442,12.347994,7.714176
c_1_41_443,11.83539,7.3941693
c_1_41_444,8.052407,3.8272223
c_1_41_445,12.316668,8.671419
c_1_41_446,12.371411,6.751659
c_1_41_447,12.246325,7.798659
c_1_41_448,12.16664,7.3245435
c_1_41_449,12.151834,1.1791599
c_1_41_450,9.75364,1.8102416
c_1_41_451,12.344512,6.271682
c_1_41_453,12.246325,8.670818
c_1_41_454,9.173335,1.8057172
c_1_41_455,12.360493,8.339677
c_1_41_456,11.880151,7.939644
c_1_41_457,7.9444966,2.1957772
c_1_41_458,12.452491,8.318084
c_1_41_459,12.735664,8.025099
c_1_41_460,11.369811,5.87915
c_1_41_461,13.142332,5.7316966
c_1_41_462,12.477152,7.8553553
c_1_41_463,12.405847,6.6514072
c_1_41_464,12.889303,8.238173
c_1_41_465,12.264497,8.407637
c_1_41_466,9.959692,3.9641113
c_1_41_467,12.087666,7.507945
c_1_41_468,12.543404,8.251686
c_1_41_469,12.053317,8.317057
c_1_41_470,12.354023,7.28909
c_1_41_471,12.477243,7.8035746
c_1_41_472,13.207822,5.914972
c_1_41_473,12.14611,7.3351774
c_1_41_474,11.796021,7.336585
c_1_41_475,12.716992,7.7326193
c_1_41_477,11.466009,5.989668
c_1_41_478,12.113546,8.227333
c_1_41_479,9.780249,-0.3603236
c_1_41_480,11.908622,7.6376576
c_1_41_481,12.545636,6.0859733
c_1_41_482,9.688391,-0.24588807
c_1_41_483,12.238754,7.613554
c_1_41_484,12.862241,7.186813
c_1_41_485,12.700628,7.821581
c_1_41_486,12.618431,8.151023
c_1_41_487,12.53024,8.184482
c_1_41_488,12.001942,8.3789425
c_1_41_489,9.609404,2.6839712
c_1_41_490,12.2318535,8.590637
c_1_41_491,11.965042,7.081282
c_1_41_492,5.4848356,-1.0816001
c_1_41_493,12.0829735,7.4192486
c_1_41_494,11.527372,6.8728924
c_1_41_495,7.39932,4.1214366
c_1_41_496,12.245203,6.946331
c_1_41_497,12.788204,7.0355024
c_1_41_498,12.76528,6.765218
c_1_41_499,6.0730267,3.2526848
c_1_41_500,9.697871,2.412692
c_1_41_501,8.482884,3.109081
c_1_41_502,12.532751,8.232511
c_1_41_503,11.60001,3.5620296
c_1_41_504,11.906976,7.924897
c_1_41_505,11.838569,7.842165
c_1_41_506,13.326793,6.4497247
c_1_41_507,12.459788,6.754986
c_1_41_508,10.853518,4.9438257
c_1_41_509,13.380222,5.5587683
c_1_41_510,12.360069,8.329893
c_1_41_511,11.866247,6.737379
c_1_41_512,12.422614,8.098583
c_1_41_513,12.497651,8.413647
c_1_41_514,9.0373125,1.8914509
c_1_41_515,11.92051,6.7857466
c_1_41_516,10.854136,5.4510565
c_1_41_517,12.960539,7.8505096
c_1_41_518,11.821213,5.796495
c_1_41_519,11.718536,6.8032494
c_1_41_520,12.536435,8.139228
c_1_41_521,12.240662,6.746823
c_1_41_522,12.896588,7.2408824
c_1_41_523,12.493741,6.300578
c_1_41_524,12.340687,5.469596
c_1_41_525,12.033511,7.722613
c_1_41_526,12.499779,6.5606294
c_1_41_527,11.744566,7.0884676
c_1_41_528,8.338011,1.9526694
c_1_41_529,11.517555,4.9780045
c_1_41_530,12.404965,6.388662
c_1_41_531,12.59681,5.5117884
c_1_41_532,11.898703,7.0294065
c_1_41_533,12.406993,6.7413187
c_1_41_534,12.4820795,7.0256395
c_1_41_535,12.390506,8.505839
c_1_41_536,12.317691,6.142489
c_1_41_537,13.46919,5.866622
c_1_41_539,11.868418,6.5858827
c_1_41_540,9.492672,3.3305402
c_1_41_541,14.221718,5.398254
c_1_41_542,7.3970604,3.5688622
c_1_41_543,11.953676,6.182723
c_1_41_545,11.926039,7.8516054
c_1_41_546,13.020816,2.7692685
c_1_41_547,12.144082,8.56646
c_1_41_548,12.738564,2.3850954
c_1_41_549,12.573374,7.9691396
c_1_41_550,11.482706,6.122936
c_1_41_551,13.366379,6.049073
c_1_41_552,12.242128,8.749184
c_1_41_553,12.155483,7.1141524
c_1_41_554,12.478985,7.8377137
c_1_41_555,12.345673,8.142157
c_1_41_556,13.7928295,6.1787744
c_1_41_557,11.947702,7.9655952
c_1_41_558,12.266618,6.8174405
c_1_41_559,11.905585,6.848872
c_1_41_560,12.056361,7.718726
c_1_41_562,8.19871,1.3412355
c_1_41_563,12.255135,8.5426445
c_1_41_564,12.160724,8.74911
c_1_41_565,11.257452,3.5461006
c_1_41_566,9.071439,1.6543934
c_1_41_567,12.249837,8.12373
c_1_41_568,11.650465,2.4786031
c_1_41_569,12.437433,7.808932
c_1_41_570,12.333509,7.447593
c_1_41_571,12.723733,7.230908
c_1_41_572,11.807004,8.035875
c_1_41_573,12.661054,7.803291
c_1_41_574,11.702947,0.16861713
c_1_41_575,12.915333,5.6155643
c_1_41_576,12.365984,8.199237
c_1_41_577,11.628472,4.3556333
c_1_41_578,10.450893,3.6517465
c_1_41_579,12.104204,7.0594025
c_1_41_580,12.188045,8.43187
c_1_41_581,12.509091,7.904744
c_1_41_582,12.740608,7.2746634
c_1_41_583,12.14779,8.149225
c_1_41_584,11.830047,7.2174067
c_1_41_585,12.356918,7.1964965
c_1_41_586,11.47281,6.8927073
c_1_41_587,12.104102,7.566229
c_1_41_588,12.068812,8.26558
c_1_41_589,11.809073,5.8907638
c_1_41_590,12.050682,7.1186037
c_1_41_591,12.121088,8.213111
c_1_41_592,13.420495,6.799742
c_1_41_593,12.302747,6.462387
c_1_41_594,6.198059,3.140611
c_1_41_595,9.3449545,1.8522669
c_1_41_596,11.45418,5.669392
c_1_41_597,7.441475,1.5815551
c_1_41_598,12.142936,7.7394953
c_1_41_599,12.345637,7.7390223
c_1_41_600,11.516091,5.0334573
c_1_41_601,12.356348,7.63353
c_1_41_602,12.729793,6.202571
c_1_41_603,12.61122,7.941673
c_1_41_604,12.198477,8.457533
c_1_41_605,11.919677,7.237513
c_1_41_606,12.384328,8.4363165
c_1_41_607,13.1444,6.24369
c_1_41_608,12.082653,7.49339
c_1_41_609,12.082609,7.834714
c_1_41_610,12.287626,7.6342263
c_1_41_612,13.465146,6.271972
c_1_41_613,12.1677,7.8030195
c_1_41_614,11.26896,6.0441313
c_1_41_615,8.207991,3.1741436
c_1_41_616,12.258319,8.454442
c_1_41_617,12.932439,4.9657445
c_1_41_618,12.18639,6.408319
c_1_41_619,11.769108,6.188345
c_1_41_621,12.36845,6.962276
c_1_41_622,7.8613925,3.0267022
c_1_41_623,13.460506,5.8347645
c_1_41_624,13.594263,5.915272
c_1_41_625,8.050731,3.7218215
c_1_41_626,12.035458,8.186495
c_1_41_627,12.65185,8.320569
c_1_41_628,11.968545,7.2716074
c_1_41_629,12.540009,7.4642324
c_1_41_630,11.938088,7.9871645
c_1_41_631,12.072222,4.121041
c_1_41_632,11.88358,6.77629
c_1_41_634,12.41084,8.193658
c_1_41_635,12.30851,6.752605
c_1_41_636,12.12531,6.2863603
c_1_41_637,13.011117,6.6930876
c_1_41_638,11.892647,7.234919
c_1_41_639,13.488351,5.922743
c_1_41_640,12.107114,7.875599
c_1_41_641,10.018129,1.5222569
c_1_41_642,12.881028,8.01266
c_1_41_643,12.387728,7.9730725
c_1_41_644,12.017809,7.217858
c_1_41_645,13.829074,6.016541
c_1_41_646,11.745651,3.372779
c_1_41_647,11.502549,5.0694413
c_1_41_648,10.479858,2.2564368
c_1_41_649,13.265703,5.702514
c_1_41_651,12.0426655,5.6888843
c_1_41_652,11.856794,6.390722
c_1_41_653,11.928846,6.715973
c_1_41_654,12.567908,7.3208027
c_1_41_655,12.104287,7.6542473
c_1_41_656,9.472779,3.205487
c_1_41_657,7.3375487,2.2666545
c_1_41_658,12.6527605,7.800129
c_1_41_659,13.340221,5.9555717
c_1_41_660,13.056409,6.003908
c_1_41_661,12.326955,7.591562
c_1_41_662,9.003538,3.4522939
c_1_41_663,12.817609,6.7590227
c_1_41_664,13.009301,5.0461235
c_1_41_665,7.91485,1.456322
c_1_41_666,12.312462,8.589305
c_1_41_667,12.486987,7.5224867
c_1_41_668,12.375871,8.303301
c_1_41_669,12.290698,8.123533
c_1_41_670,8.811068,2.0747871
c_1_41_671,12.805175,5.934515
c_1_41_672,13.702962,5.67637
c_1_41_673,12.187293,6.3635077
c_1_41_674,12.71114,5.7770815
c_1_41_675,12.320903,6.50662
c_1_41_676,12.088395,7.186689
c_1_41_677,11.544898,7.0647235
c_1_41_678,12.638869,8.015453
c_1_41_679,12.23223,8.78419
c_1_41_680,11.583449,6.2816663
c_1_41_681,12.305239,8.5496435
c_1_41_682,13.897559,5.9551816
c_1_41_683,12.653162,6.9122133
c_1_41_684,12.198023,8.308306
c_1_41_685,9.004369,3.390576
c_1_41_686,9.015926,0.70735645
c_1_41_687,12.894137,8.034307
c_1_41_688,12.875204,7.432934
c_1_41_689,12.318757,7.2019944
c_1_41_690,12.491171,5.792565
c_1_41_691,12.181529,8.522126
c_1_41_692,10.064133,0.060455307
c_1_41_693,11.721061,6.3786783
c_1_41_694,12.561095,5.4903994
c_1_41_695,12.582267,6.171746
c_1_41_696,10.927407,5.294016
c_1_41_697,11.896082,7.2747936
c_1_41_698,12.16816,8.497897
c_1_41_699,12.265629,7.856528
c_1_41_700,12.717709,8.152091
c_1_41_701,10.02152,3.357998
c_1_41_702,12.1159935,8.296541
c_1_41_703,12.334462,7.648611
c_1_41_704,11.8978195,4.2553167
c_1_41_705,13.300416,5.8304834
c_1_41_706,11.82979,4.469226
c_1_41_707,12.274107,8.076039
c_1_41_708,12.682551,6.7617693
c_1_41_709,12.657632,5.6173363
c_1_41_710,12.572939,8.079195
c_1_41_711,14.064837,6.0624847
c_1_41_712,11.595544,5.1894608
c_1_41_713,11.94983,7.6957974
c_1_41_714,12.195548,4.322954
c_1_41_715,9.659592,3.0708127
c_1_41_716,10.685044,0.6868705
c_1_41_717,12.609164,7.84839
c_1_41_718,13.325466,5.2815475
c_1_41_719,11.886974,7.743013
c_1_41_720,12.546318,7.0243526
c_1_41_721,11.772902,7.3710575
c_1_41_722,13.0089245,3.2770772
c_1_41_724,12.024127,7.578207
c_1_41_725,10.153112,2.1368356
c_1_41_726,13.035024,5.3022127
c_1_41_727,12.577715,5.189209
c_1_41_728,13.872419,3.4698355
c_1_41_729,11.909207,7.0992546
c_1_41_730,12.817946,5.3736634
c_1_41_731,11.618903,5.2711177
c_1_41_732,12.087972,8.517106
c_1_41_733,11.99884,8.202179
c_1_41_734,12.481788,6.3927073
c_1_41_735,10.433555,3.6847696
c_1_41_736,11.245185,1.8702841
c_1_41_737,10.2511,1.7964206
c_1_41_738,12.347482,8.318549
c_1_41_739,12.664207,7.9223857
c_1_41_740,12.255609,8.474953
c_1_41_741,12.225345,7.3997574
c_1_41_742,12.267703,6.351166
c_1_41_743,12.2247715,8.965913
c_1_41_744,12.484441,8.065745
c_1_41_745,12.178594,8.110334
c_1_41_746,12.456967,1.8222406
c_1_41_747,8.452642,1.8189806
c_1_41_748,12.2945385,7.717874
c_1_41_750,8.787575,2.1472714
c_1_41_751,5.6311426,2.968525
c_1_41_752,11.634655,2.0677004
c_1_41_753,7.844272,2.5652008
c_1_41_754,12.063681,8.398088
c_1_41_755,12.328143,8.765241
c_1_41_756,5.454441,3.3222017
c_1_41_757,11.970178,7.5274024
c_1_41_758,7.8438745,1.9999627
c_1_41_759,12.173069,7.2845373
c_1_41_760,9.620544,2.181426
c_1_41_761,11.962221,6.1557846
c_1_41_762,11.855725,6.8199573
c_1_41_763,11.885824,7.8746696
c_1_41_764,6.362174,2.717699
c_1_41_765,12.2364435,7.850868
c_1_41_766,12.349479,6.3955817
c_1_41_767,12.048848,7.9851904
c_1_41_768,11.669622,5.209095
c_1_41_769,12.770007,7.5315604
c_1_41_770,11.802449,7.152404
c_1_41_771,13.060733,7.5040855
c_1_41_772,12.277568,6.4444337
c_1_41_773,11.830368,6.360832
c_1_41_774,9.495772,1.147555
c_1_41_775,10.184085,3.8031213
c_1_41_776,12.906066,7.6741824
c_1_41_777,9.696827,3.0673766
c_1_41_778,12.721248,6.2109346
c_1_41_779,12.595587,8.051972
c_1_41_780,10.592174,1.9763699
c_1_41_781,11.642594,3.3895383
c_1_41_782,12.234575,6.464777
c_1_41_783,8.645756,2.9647667
c_1_41_784,12.523573,7.8622136
c_1_41_785,12.367246,8.375603
c_1_41_786,12.402618,8.215182
c_1_41_787,13.260745,4.757069
c_1_41_788,11.378191,5.7464595
c_1_41_789,12.798597,6.2760906
c_1_41_790,12.258043,6.918352
c_1_41_791,12.879036,6.9447083
c_1_41_792,12.433613,6.653854
c_1_41_793,12.765898,7.95798
c_1_41_794,12.195177,8.32324
c_1_41_795,12.517008,6.8360777
c_1_41_796,11.7350645,5.379977
c_1_41_797,11.873834,7.945108
c_1_41_798,11.939339,5.551695
c_1_41_799,12.477758,7.6760597
c_1_41_800,13.035848,7.824692
c_1_41_801,11.922695,1.4185096
c_1_41_802,13.451242,6.158585
c_1_41_803,12.217185,7.612686
c_1_41_804,12.846472,7.481775
c_1_41_805,12.62913,7.5321736
c_1_41_806,11.844701,5.237954
c_1_41_807,12.532106,7.789492
c_1_41_808,13.585182,5.4384084
c_1_41_810,12.577864,7.609593
c_1_41_811,12.30534,8.885718
c_1_41_812,12.275698,5.51987
c_1_41_813,12.622673,7.6161795
c_1_41_814,11.750749,5.928585
c_1_41_815,12.331306,8.421453
c_1_41_816,11.69512,7.2218456
c_1_41_817,12.531227,6.4020753
c_1_41_818,12.600479,7.7258673
c_1_41_819,12.596977,5.4925957
c_1_41_820,12.913983,6.2296667
c_1_41_821,12.560637,8.129766
c_1_41_822,12.472522,8.60041
c_1_41_823,11.85605,6.7129755
c_1_41_824,12.010635,8.131746
c_1_41_826,12.321443,7.1911974
c_1_41_827,12.174091,6.360007
c_1_41_828,12.211863,7.779601
c_1_41_829,12.492653,7.363369
c_1_41_830,12.523484,7.522711
c_1_41_831,12.505558,8.401267
c_1_41_832,13.144405,7.624955
c_1_41_833,12.212357,7.127587
c_1_41_834,11.963802,7.049629
c_1_41_835,11.864308,6.633367
c_1_41_836,13.48412,6.0594664
c_1_41_837,12.668706,7.8991036
c_1_41_838,11.776551,7.0823746
c_1_41_839,12.340925,7.656223
c_1_41_840,11.755147,7.3979506
c_1_41_841,11.7995205,7.2027326
c_1_41_842,13.743888,6.301854
c_1_41_843,13.326335,5.422908
c_1_41_844,12.112741,6.6288867
c_1_41_845,12.342858,7.234203
c_1_41_846,12.157363,7.477572
c_1_41_847,12.209655,8.590818
c_1_41_848,13.170996,6.5213356
c_1_41_849,12.27393,8.686806
c_1_41_851,14.971669,3.6008258
c_1_41_852,12.732658,6.420441
c_1_41_853,8.235902,3.3588083
c_1_41_854,12.26348,8.073956
c_1_41_855,12.251139,8.337041
c_1_41_857,12.493126,7.962335
c_1_41_858,11.977125,6.7576613
c_1_41_859,12.977925,5.601652
c_1_41_860,12.574991,7.856574
c_1_41_861,11.874428,7.107964
c_1_41_862,14.281703,2.6084263
c_1_41_863,12.4827385,7.8496146
c_1_41_864,12.137086,7.8577614
c_1_41_865,8.06364,3.463417
c_1_41_866,12.2903595,8.085348
c_1_41_867,12.158931,7.494743
c_1_41_868,7.9526725,3.10361
c_1_41_869,12.368709,8.191719
c_1_41_870,12.458451,7.0074515
c_1_41_871,12.320333,4.9317713
c_1_41_872,12.0722,7.3308244
c_1_41_873,11.9010515,7.2744884
c_1_41_874,11.390048,5.634799
c_1_41_875,12.334917,8.349992
c_1_41_876,11.805778,6.090288
c_1_41_877,13.23529,6.1128254
c_1_41_878,12.320452,7.7746882
c_1_41_879,13.215115,6.1312604
c_1_41_880,13.011138,6.638017
c_1_41_881,12.149791,7.0323324
c_1_41_883,12.369818,8.583588
c_1_41_884,9.997316,3.035324
c_1_41_885,12.381711,7.4317536
c_1_41_886,11.885134,7.222706
c_1_41_887,12.189471,8.845069
c_1_41_888,12.1292095,7.662235
c_1_41_889,14.189373,3.476628
c_1_41_890,12.47363,7.807009
c_1_41_891,12.296537,5.897398
c_1_41_892,12.560881,8.2035885
c_1_41_893,7.448404,2.843351
c_1_41_895,12.067337,7.5166473
c_1_41_896,10.759185,3.6176615
c_1_41_898,9.747749,3.6989617
c_1_41_900,11.706946,4.4989357
c_1_41_902,12.467821,8.446697
c_1_41_903,12.323831,7.974681
c_1_41_904,12.509406,7.8152933
c_1_41_905,12.069563,8.211116
c_1_41_906,12.733039,8.163513
c_1_41_907,12.65498,7.92175
c_1_41_908,12.01532,7.492125
c_1_41_909,12.106744,8.739054
c_1_41_910,12.117771,8.133167
c_1_41_911,12.015361,7.2656198
c_1_41_912,12.422177,8.406552
c_1_41_913,12.929417,7.770401
c_1_41_914,12.983626,7.9909887
c_1_41_915,12.120106,4.697964
c_1_41_916,12.198627,8.805946
c_1_41_917,12.8300905,5.795303
c_1_41_918,11.682998,5.796326
c_1_41_919,12.3017,8.610445
c_1_41_920,12.209584,7.0204144
c_1_41_921,12.636318,7.8251348
c_1_41_922,11.928947,4.659468
c_1_41_923,12.615245,8.304842
c_1_41_924,12.82121,6.193418
c_1_41_925,11.738519,6.5140376
c_1_41_927,14.300026,4.326931
c_1_41_928,8.709112,4.712958
c_1_41_929,12.168484,7.161206
c_1_41_930,7.930138,3.7341485
c_1_41_931,12.701344,6.363011
c_1_41_932,11.690362,0.8331263
c_1_41_933,12.68189,7.4211483
c_1_41_934,12.125109,7.8465347
c_1_41_935,12.558801,6.8938627
c_1_41_936,12.505844,3.4413843
c_1_41_938,12.467777,7.8999276
c_1_41_939,12.358978,8.750033
c_1_41_940,7.927856,4.3729587
c_1_41_941,12.747042,6.636463
c_1_41_943,12.034467,6.9170675
c_1_41_944,9.522202,3.8661046
c_1_41_945,12.421907,8.0557165
c_1_41_946,11.733602,1.834499
c_1_41_947,12.393605,7.817366
c_1_41_948,13.115587,6.313873
c_1_41_949,12.157649,6.3083644
c_1_41_950,8.527999,3.3565407
c_1_41_951,11.905575,5.234116
c_1_41_952,12.165542,6.0423956
c_1_41_953,12.196955,7.9635453
c_1_41_954,12.12076,7.7294993
c_1_41_955,12.416067,8.181601
c_1_41_956,12.196801,8.621333
c_1_41_957,11.137793,3.4865148
c_1_41_958,12.282661,7.5576587
c_1_41_959,11.926676,6.7017784
c_1_41_960,14.507058,3.6139405
c_1_41_962,11.946466,7.1720724
c_1_41_963,12.809103,7.8160167
c_1_41_964,13.032809,7.2406974
c_1_41_965,13.41775,5.4875913
c_1_41_966,12.83507,7.8011966
c_1_41_967,12.45719,8.661465
c_1_41_968,12.937177,1.2744638
c_1_41_969,12.907544,5.157849
c_1_41_970,12.461669,7.550732
c_1_41_971,12.449259,8.260465
c_1_41_972,12.201159,8.702804
c_1_41_973,12.34679,8.010856
c_1_41_974,12.577828,7.672694
c_1_41_975,12.119052,6.2776504
c_1_41_976,8.167899,1.0009718
c_1_41_978,10.509374,2.2947783
c_1_41_979,12.691568,7.8065953
c_1_41_980,12.098567,5.324273
c_1_41_981,12.075585,4.887552
c_1_41_982,13.177306,7.0816402
c_1_41_983,12.358487,7.189291
c_1_41_984,12.306918,8.338506
c_1_41_985,13.3310375,5.680709
c_1_41_986,12.456232,6.214678
c_1_41_987,12.241019,6.328875
c_1_41_988,12.246792,5.1341925
c_1_41_989,12.95585,7.8763547
c_1_41_990,12.642551,8.261527
c_1_41_991,9.8167305,4.998106
c_1_41_992,12.174733,8.542011
c_1_41_993,12.221404,8.436122
c_1_41_994,12.048024,7.6092067
c_1_41_995,12.874804,7.3043494
c_1_41_996,12.242687,7.626072
c_1_41_997,12.275865,7.831297
c_1_41_1000,13.917432,5.7300377
c_1_41_1001,12.585365,8.110173
c_1_41_1002,13.147935,4.2703233
c_1_41_1003,10.682522,3.4816332
c_1_41_1004,10.077214,4.087779
c_1_41_1005,12.316332,7.6263995
c_1_41_1006,12.49389,8.221594
c_1_41_1007,11.706546,7.201493
c_1_41_1008,10.683011,3.2536883
c_1_41_1009,12.518594,5.3681
c_1_41_1010,12.496171,7.707427
c_1_41_1011,12.727379,7.5393434
c_1_41_1012,12.439226,6.434254
c_1_41_1013,13.112816,5.1396327
c_1_41_1014,11.947826,7.3045197
c_1_41_1016,12.404753,7.000535
c_1_41_1017,12.531329,7.503267
c_1_41_1018,12.378523,7.3795023
c_1_41_1019,10.150837,2.9397836
c_1_41_1020,14.894059,3.9571848
c_1_41_1021,9.933559,1.4932866
c_1_41_1022,12.728113,6.127142
c_1_41_1023,12.792738,8.265042
c_1_41_1024,12.069791,2.9678617
c_1_41_1025,9.65639,2.2843678
c_1_41_1026,14.081121,4.592973
c_1_41_1028,12.98877,2.0001018
c_1_41_1029,7.459502,-0.20131941
c_1_41_1030,8.305581,0.8804521
c_1_41_1031,9.047845,5.5893006
c_1_41_1032,7.5136957,3.3569562
c_1_41_1033,9.720684,4.03457
c_1_41_1034,11.89983,7.856137
c_1_41_1035,13.997897,6.1626062
c_1_41_1036,12.362209,7.921726
c_1_41_1037,9.214928,1.1994641
c_1_41_1039,13.69704,5.8382893
c_1_41_1040,8.517252,2.327687
c_1_41_1041,14.402882,-1.4139717
c_1_41_1042,12.641637,5.501459
c_1_41_1044,14.374126,5.141452
c_1_41_1045,12.057469,4.2883224
c_1_41_1046,12.852307,3.0276682
c_1_41_1048,6.0709896,2.9402773
c_1_41_1049,12.506756,7.711357
c_1_41_1050,11.750471,6.681733
c_1_41_1051,11.875393,6.030993
c_1_41_1052,11.585003,6.7501106
c_1_41_1053,12.281587,7.9270945
c_1_41_1054,11.350461,2.4548955
c_1_41_1055,7.7795734,3.278945
c_1_41_1056,8.371619,2.2086697
c_1_41_1057,12.30611,7.6350503
c_1_41_1058,9.606429,5.373319
c_1_41_1059,13.2502575,6.085181
c_1_41_1060,12.475098,6.8951025
c_1_41_1062,13.603542,5.431894
c_1_41_1063,12.510172,7.7541037
c_1_41_1064,12.236266,6.643565
c_1_41_1066,13.419662,5.951226
c_1_41_1067,9.550019,2.7578862
c_1_41_1068,5.6810265,3.2573555
c_1_41_1069,11.712314,7.0101786
c_1_41_1070,13.567824,4.0636353
c_1_41_1071,5.5068526,2.7829537
c_1_41_1072,12.205686,6.2042217
c_1_41_1073,9.260989,4.201043
c_1_41_1074,8.583531,0.9584561
c_1_41_1075,10.268438,2.4590192
c_1_41_1076,11.792885,2.3541846
c_1_41_1077,13.012391,3.8985806
c_1_41_1078,12.759088,8.023669
c_1_41_1079,12.558022,7.705435
c_1_41_1080,13.227887,6.241698
c_1_41_1081,10.327479,4.0262527
c_1_41_1082,12.892593,4.376871
c_1_41_1083,11.818133,7.774483
c_1_41_1084,12.195649,6.585499
c_1_41_1085,9.290014,2.9689624
c_1_41_1086,12.754646,7.4185033
c_1_41_1087,12.743533,6.0433364
c_1_41_1088,12.47167,5.389396
c_1_41_1090,13.780002,6.0366683
c_1_41_1091,13.173719,6.174775
c_1_41_1093,4.6801367,1.397205
c_1_41_1094,12.861971,7.457151
c_1_41_1095,8.987466,3.6946018
c_1_41_1096,12.155621,7.1217093
c_1_41_1097,13.17828,5.2697725
c_1_41_1098,8.3607,1.7086145
c_1_41_1099,8.793891,2.1685016
c_1_41_1100,8.379057,3.3893342
c_1_41_1101,12.36445,7.507068
c_1_41_1103,12.576008,7.145361
c_1_41_1104,12.056231,6.919287
c_1_41_1105,13.279051,4.9083877
c_1_41_1106,12.552308,5.182214
c_1_41_1107,13.976874,6.1635256
c_1_41_1108,10.272511,3.2967613
c_1_41_1109,13.034308,2.76936
c_1_41_1110,8.866756,4.738942
c_1_41_1111,13.256867,6.0000567
c_1_41_1112,12.632138,6.298525
c_1_41_1113,13.50244,4.8574867
c_1_41_1114,12.015279,3.6575263
c_1_41_1115,8.432379,3.24675
c_1_41_1116,13.773689,4.701385
c_1_41_1117,13.343501,4.047949
c_1_41_1118,12.502467,8.502717
c_1_41_1120,13.915441,4.7012606
c_1_41_1121,13.911208,1.8636384
c_1_41_1122,9.86124,4.0752044
c_1_41_1123,11.234347,2.26389
c_1_41_1125,11.631737,3.5923538
c_1_41_1126,9.677641,1.3076329
c_1_41_1127,12.376109,7.09864
c_1_41_1128,11.644673,4.740607
c_1_41_1129,12.512361,7.7946663
c_1_41_1130,9.544733,4.1206455
c_1_41_1132,11.880024,5.894919
c_1_41_1133,10.595756,4.0898566
c_1_41_1134,11.814257,6.6333675
c_1_41_1135,14.853779,5.3730745
c_1_41_1136,13.043894,5.9102845
c_1_41_1137,9.242484,2.4565537
c_1_41_1138,9.4557,3.3859346
c_1_41_1139,13.019142,5.158148
c_1_41_1140,12.450956,7.241507
c_1_41_1142,9.513982,2.5719185
c_1_41_1143,8.071751,2.0498536
c_1_41_1144,13.900592,4.191179
c_1_41_1145,12.628315,4.5349965
c_1_41_1146,12.498551,7.497353
c_1_41_1147,7.93051,3.403715
c_1_41_1148,7.8985686,1.0147449
c_1_41_1149,12.559918,6.2454767
c_1_41_1150,11.746948,4.454813
c_1_41_1151,8.495482,3.029537
c_1_41_1152,9.812718,3.2700224
c_1_41_1153,12.648708,6.7844734
c_1_41_1154,10.715807,4.166537
c_1_41_1155,12.344339,3.5542285
c_1_41_1156,12.301507,5.0420218
c_1_41_1157,14.694042,5.0837464
c_1_41_1158,13.071898,2.0288725
c_1_41_1159,13.537114,1.9567552
c_1_41_1160,13.084541,7.8510013
c_1_41_1161,14.7983885,4.7296643
c_1_41_1162,14.365958,5.4219055
c_1_41_1163,9.493805,2.6192482
c_1_41_1164,9.355409,3.658838
c_1_41_1166,12.35898,7.419598
c_1_41_1167,14.434184,2.5546591
c_1_41_1168,11.617152,3.670687
c_1_41_1169,6.6411724,2.7385552
c_1_41_1170,10.919653,2.5381253
c_1_41_1171,14.853192,5.3027544
c_1_41_1173,7.63034,1.6491129
c_1_41_1174,11.397687,2.4251223
c_1_41_1175,14.565982,4.3003573
c_1_41_1176,12.239622,4.3700395
c_1_41_1177,10.89022,2.5427415
c_1_41_1178,6.269396,2.989265
c_1_41_1179,7.143172,2.4442816
c_1_41_1180,10.076058,0.92360055
c_1_41_1181,8.527153,3.0980294
c_1_41_1182,10.19506,3.0676594
c_1_41_1183,14.878342,4.625685
c_1_41_1184,13.475421,3.2327356
c_1_41_1185,14.183935,1.5979128
c_1_41_1186,14.387751,4.6225576
c_1_41_1187,8.128792,2.0965202
c_1_41_1189,5.928421,3.0746858
c_1_41_1190,12.214452,8.141779
c_1_41_1191,9.9683,3.3853753
c_1_41_1192,7.765336,3.6147687
c_1_41_1193,10.1286,3.4810622
c_1_41_1194,9.2771435,1.8195766
c_1_41_1195,10.309962,3.6403048
c_1_41_1196,11.502813,5.005809
c_1_41_1197,5.601914,2.673835
c_1_41_1198,12.945557,2.0826535
c_1_41_1199,13.143991,5.646502
c_1_41_1200,5.6593995,3.2605233
c_1_41_1201,9.953213,2.356194
c_1_41_1202,12.44014,4.088403
c_1_41_1204,6.757936,2.5940223
c_1_41_1205,10.351245,2.9820528
c_1_41_1206,10.4242,5.268789
c_1_41_1207,13.631869,4.550306
c_1_41_1208,6.312845,2.5186892
c_1_41_1209,8.689939,-0.17770435
c_1_41_1210,14.19378,5.659491
c_1_41_1211,10.07096,3.2485654
c_1_41_1212,6.1027308,3.0208068
c_1_41_1213,10.255021,2.847024
c_1_41_1214,9.224482,0.29483417
c_1_41_1215,11.760655,3.992
c_1_41_1216,9.272851,-0.18609144
c_1_41_1217,7.180122,1.8889941
c_1_41_1218,10.785464,2.8395
c_1_41_1219,14.1021,4.0839863
c_1_41_1220,10.51661,2.5685406
c_1_41_1221,11.996888,3.6070545
c_1_41_1222,10.633124,3.19153
c_1_41_1223,5.739828,3.271508
c_1_41_1224,14.425875,-1.0530585
c_1_41_1225,8.697961,3.148618
c_1_41_1226,10.533702,3.7107644
c_1_41_1227,11.357567,4.6869717
c_1_41_1228,8.066527,3.940187
c_1_41_1229,8.418079,2.2274418
c_1_41_1230,13.0179,3.8665142
c_1_41_1231,13.770014,-0.62740046
c_1_41_1232,9.81149,0.9785738
c_1_41_1233,11.010883,0.78069806
c_1_41_1234,12.887906,5.1949625
c_1_41_1235,14.215201,3.1172721
c_1_41_1236,7.789018,3.6354747
c_1_41_1237,13.409493,-0.3990702
c_1_41_1238,7.7011094,3.239297
c_1_41_1239,11.883245,3.2924294
c_1_41_1240,9.667075,1.846521
c_1_41_1241,9.701468,2.4978316
c_1_41_1242,11.253132,4.1456995
c_1_41_1243,9.390985,2.1834624
c_1_41_1244,8.80096,3.7178495
c_1_41_1245,9.765931,3.160513
c_1_41_1247,9.175373,3.739808
c_1_41_1248,10.320369,1.3669963
c_1_41_1249,11.070414,2.2934
c_1_41_1250,9.513841,3.4266336
c_1_41_1251,10.183212,2.6678994
c_1_41_1253,10.778965,0.34960616
c_1_41_1254,8.594598,3.842648
c_1_41_1255,13.667402,4.0287986
c_1_41_1256,9.180343,1.3856496
c_1_41_1257,12.753033,4.601737
c_1_41_1258,9.64203,1.8308609
c_1_41_1259,10.153832,1.4800134
c_1_41_1261,12.834927,4.2105937
c_1_41_1263,9.608306,0.8996288
c_1_41_1264,10.620419,3.3204963
c_1_41_1265,8.529514,1.0952877
c_1_41_1266,10.351976,1.263236
c_1_41_1267,8.952548,4.56685
c_1_41_1268,11.19145,3.3014326
c_1_41_1269,10.788372,3.0016506
c_1_41_1270,10.706196,2.7111456
c_1_41_1271,8.6388035,4.5047865
c_1_41_1272,3.6763027,1.0454322
c_1_41_1273,10.324424,3.949603
c_1_41_1274,7.924712,3.547894
c_1_41_1275,8.151417,3.2498677
c_1_41_1276,12.70901,4.777122
c_1_41_1277,13.583753,-0.36231533
c_1_41_1278,9.863716,0.26787427
c_1_41_1279,9.546673,2.3932788
c_1_41_1280,10.344855,4.556022
c_1_41_1281,8.602428,2.5306377
c_1_41_1282,8.695804,4.9461703
c_1_41_1283,13.367122,-0.49240568
c_1_41_1284,9.989207,2.951725
c_1_41_1285,7.268866,3.735672
c_1_41_1286,9.504387,2.1081352
c_1_41_1287,11.347506,2.921439
c_1_41_1288,9.763193,1.9709274
c_1_41_1289,9.554911,0.39937487
c_1_41_1291,9.273204,2.8103578
c_1_41_1292,12.994197,5.8556705
c_1_41_1293,9.4477005,2.570374
c_1_41_1294,8.534072,2.0899043
c_1_41_1295,8.120061,1.7620505
c_1_41_1296,7.8790317,2.181447
c_1_41_1298,9.074515,2.5319169
c_1_41_1299,7.543257,3.5759788
c_1_41_1300,12.067293,4.6424274
c_1_41_1301,8.682903,4.742149
c_1_42_2,14.200142,5.8633447
c_1_42_3,12.586564,7.921057
c_1_42_4,12.253595,5.252261
c_1_42_5,14.015261,6.0757093
c_1_42_6,13.508116,5.712709
c_1_42_7,10.804454,1.6702856
c_1_42_8,12.5654335,2.2802274
c_1_42_9,8.641489,3.635587
c_1_42_10,13.16864,-0.10606857
c_1_42_11,12.88305,6.504177
c_1_42_12,5.7080097,2.979967
c_1_42_13,13.807741,-0.93526405
c_1_42_14,5.6534014,3.0982888
c_1_42_15,12.004397,5.374067
c_1_42_16,7.1999297,3.4481177
c_1_42_17,5.5115237,3.3705158
c_1_42_18,5.93794,2.8765728
c_1_42_19,5.8412647,2.7291574
c_1_42_20,5.756005,1.8304845
c_1_42_21,5.570198,3.1851382
c_1_42_22,7.593358,2.6570375
c_1_42_23,5.9583497,2.5831683
c_1_42_24,5.7611246,3.139888
c_1_42_25,9.722484,3.0104477
c_1_42_26,5.7695785,3.0240827
c_1_42_29,5.3303585,2.9269805
c_1_42_30,7.3257084,2.8978887
c_1_42_31,8.812068,3.222471
c_1_42_32,5.657206,2.8049376
c_1_42_33,6.6847734,2.1664379
c_1_42_35,6.003115,2.3350053
c_1_42_36,7.7875996,1.6443721
c_1_42_37,7.762161,3.5625074
c_1_42_38,6.281891,2.8968034
c_1_42_39,6.5876927,2.6840177
c_1_42_40,11.830025,2.1051102
c_1_42_41,10.693493,3.8834126
c_1_42_42,13.205836,2.721086
c_1_42_43,13.210305,5.1872168
c_1_42_44,7.5674095,2.8627038
c_1_42_45,11.67871,2.8203657
c_1_42_47,13.133751,5.2468405
c_1_42_49,9.458805,2.3602314
c_1_42_50,13.300921,4.035464
c_1_42_51,8.699255,0.23027514
c_1_42_52,10.683499,2.7569437
c_1_42_53,12.776749,4.627449
c_1_42_54,13.764099,6.1753926
c_1_42_55,10.969061,2.2169962
c_1_42_56,7.1687155,3.5311997
c_1_42_57,10.038587,4.4400535
c_1_42_58,11.589198,2.1450562
c_1_42_59,12.320062,2.259488
c_1_42_60,12.400843,7.375555
c_1_42_61,9.418382,2.620967
c_1_42_62,14.21287,5.541821
c_1_42_63,8.599202,3.916292
c_1_42_64,9.708808,4.1017942
c_1_42_65,13.966034,5.6854897
c_1_42_66,8.443317,4.019642
c_1_42_67,11.027183,4.304734
c_1_42_68,9.410804,2.8501747
c_1_42_69,12.672766,3.0256803
c_1_42_70,13.590342,4.808048
c_1_42_71,9.154072,1.7234299
c_1_42_72,7.492602,3.4379878
c_1_42_73,10.72837,4.2369933
c_1_42_74,12.008489,4.1324673
c_1_42_75,12.12465,2.522685
c_1_42_76,12.896563,6.33679
c_1_42_77,13.248186,4.8462067
c_1_42_78,9.321953,2.7210004
c_1_42_79,12.125234,2.5579414
c_1_42_80,9.085417,3.675752
c_1_42_81,11.201582,3.8932624
c_1_42_82,12.711424,6.300264
c_1_42_83,10.939812,2.7645905
c_1_42_84,8.288569,2.8203084
c_1_42_85,13.315908,4.6210246
c_1_42_86,11.149711,4.5111046
c_1_42_87,8.988972,2.3373504
c_1_42_88,12.042669,3.167862
c_1_42_89,10.085101,0.9007521
c_1_42_90,9.958275,3.0990608
c_1_42_91,8.747516,2.5476727
c_1_42_92,10.388301,2.2906685
c_1_42_93,9.843425,1.9469078
c_1_42_94,11.240686,3.258109
c_1_42_95,10.595332,2.951503
c_1_42_96,14.226628,3.7637744
c_1_42_97,9.988875,3.1332595
c_1_42_98,11.243084,2.2012677
c_1_42_99,8.326212,1.7671257
c_1_42_100,11.216097,3.9400501
c_1_42_101,10.997083,-0.8750031
c_1_42_102,9.685526,3.6653595
c_1_42_103,8.175033,2.657796
c_1_42_104,8.96019,3.1712167
c_1_42_105,12.355215,3.5587747
c_1_42_106,8.455434,2.8706427
c_1_42_107,11.460646,2.9336777
c_1_42_108,10.113479,4.2267585
c_1_42_109,10.202136,3.218465
c_1_42_110,11.542929,3.3159356
c_1_42_111,13.816249,4.5084677
c_1_42_112,9.173025,3.2934005
c_1_42_113,11.447173,0.88215804
c_1_42_114,9.789027,4.081677
c_1_42_115,12.092852,4.3521795
c_1_42_116,8.635805,1.8460337
c_1_42_117,10.645032,3.5039704
c_1_42_118,10.783545,2.5443058
c_1_42_119,12.670227,4.923687
c_1_42_120,9.168106,3.1252959
c_1_42_121,8.702679,2.4062326
c_1_42_122,10.075333,3.1292706
c_1_42_123,11.627393,2.0214756
c_1_42_124,11.273444,4.6798797
c_1_42_125,8.510218,2.5389323
c_1_42_126,12.995341,4.3029532
c_1_42_127,9.771241,2.2517955
c_1_42_128,9.096806,4.7169843
c_1_42_129,13.502232,4.1835074
c_1_42_130,10.813234,2.310769
c_1_42_131,8.2341,3.3218098
c_1_42_132,8.906149,4.0311985
c_1_42_133,9.940483,2.73071
c_1_42_134,13.856278,4.0891953
c_1_42_135,9.067062,3.021713
c_1_42_136,13.691008,4.807642
c_1_42_137,13.705715,4.144674
c_1_42_138,8.744134,3.2948859
c_1_42_139,9.553402,2.814402
c_1_42_140,12.02543,4.323494
c_1_42_141,11.505669,2.0246108
c_1_42_142,9.456967,4.747561
c_1_42_143,9.214172,2.273283
c_1_42_144,10.917163,2.9807417
c_1_42_145,9.799991,0.11823828
c_1_42_146,13.64459,4.176036
c_1_42_147,8.1155405,4.3598
c_1_42_148,13.613436,4.2697706
c_1_42_149,9.025024,3.3494015
c_1_42_150,8.101897,3.2776496
c_1_42_151,10.946009,4.4297266
c_1_42_152,11.865149,4.683874
c_1_42_153,10.813287,3.1495817
c_1_42_154,10.820973,3.5605736
c_1_42_155,14.027398,4.519133
c_1_42_156,13.959177,4.8379393
c_1_42_157,9.3200245,2.9423316
c_1_42_158,12.444738,3.9006565
c_1_42_159,7.90134,1.1459769
c_1_42_160,12.41767,4.1993256
c_1_42_161,12.288024,3.6880412
c_1_42_162,11.192672,3.8044348
c_1_42_163,9.627239,2.803235
c_1_42_164,10.283372,3.3353295
c_1_42_165,10.237711,3.93293
c_1_42_166,8.854849,2.8403542
c_1_42_167,9.379025,0.5730036
c_1_42_168,7.936589,3.0915356
c_1_42_169,9.2573,4.122537
c_1_42_170,9.22181,1.5771661
c_1_42_171,7.7138734,1.7856997
c_1_42_172,9.169211,3.732118
c_1_42_173,9.458779,2.2666383
c_1_42_174,10.694435,2.139597
c_1_42_175,13.884328,4.836724
c_1_42_176,11.256397,3.2315853
c_1_42_177,11.914652,2.9235117
c_1_42_178,8.404414,3.7961798
c_1_42_179,7.2618885,1.6123514
c_1_42_180,10.05733,2.833753
c_1_42_181,9.315314,2.3469322
c_1_42_182,8.32124,3.1278312
c_1_42_183,12.464979,-0.022793017
c_1_42_184,11.336467,4.0655646
c_1_42_185,8.550904,3.279944
c_1_42_186,14.216715,2.109509
c_1_42_187,13.032493,3.9934297
c_1_42_188,12.243067,2.8629835
c_1_42_189,15.046656,5.032791
c_1_42_190,9.671966,1.3257805
c_1_42_191,11.199594,3.482084
c_1_42_192,8.852477,2.7836971
c_1_42_193,14.134176,3.7231464
c_1_42_194,9.900613,2.779994
c_1_42_195,14.034705,3.8203807
c_1_42_196,9.001726,3.5358782
c_1_42_197,9.950391,3.3881857
c_1_42_198,9.617439,4.866525
c_1_42_199,11.095586,4.250509
c_1_42_200,8.564031,2.9656556
c_1_42_201,8.169889,2.3951883
c_1_42_202,10.472623,2.9032888
c_1_42_203,10.599088,3.9581616
c_1_42_204,14.455571,4.5458694
c_1_42_205,9.034113,3.5247815
c_1_42_206,11.48316,4.457915
c_1_42_207,9.390865,4.3598986
c_1_42_208,10.474491,4.7482505
c_1_42_209,8.923177,4.366959
c_1_42_210,11.015578,3.6065788
c_1_42_211,9.180962,1.7698646
c_1_42_212,9.746489,2.7620382
c_1_42_213,10.736928,4.659795
c_1_42_214,9.62564,3.88762
c_1_42_215,12.3616295,4.4668055
c_1_42_216,11.152861,1.5214468
c_1_42_217,7.3390203,2.660523
c_1_42_218,11.925424,4.5773854
c_1_42_219,10.375476,4.7190156
c_1_42_220,8.763275,3.0370142
c_1_42_221,11.161874,3.1936913
c_1_42_222,14.859905,4.983635
c_1_42_223,10.423236,4.117677
c_1_42_224,10.096196,3.6970415
c_1_42_225,10.65942,2.8833852
c_1_42_226,9.20747,3.798877
c_1_42_227,8.541319,2.0940087
c_1_42_228,9.753682,4.550778
c_1_42_229,9.155048,0.78486425
c_1_42_230,8.425412,4.070286
c_1_42_231,8.552617,3.6117053
c_1_42_232,8.831551,3.0475256
c_1_42_233,8.789003,2.9358351
c_1_42_234,14.344369,5.2983294
c_1_42_235,12.31027,3.5844486
c_1_42_236,9.847781,0.64971215
c_1_42_237,13.1052685,4.2500477
c_1_42_238,10.584938,2.4473715
c_1_42_239,9.381826,2.5592532
c_1_42_240,8.359527,3.260493
c_1_42_241,12.215181,4.1152744
c_1_42_242,10.1492195,2.8593214
c_1_42_243,9.783773,5.135161
c_1_42_244,9.217468,2.1897378
c_1_42_245,8.292002,4.7238965
c_1_42_246,12.824118,4.3771605
c_1_42_247,11.398141,0.87185246
c_1_42_248,12.006389,4.164895
c_1_42_249,11.469755,4.331948
c_1_42_250,9.94697,3.1269748
c_1_42_251,7.9955897,3.5426824
c_1_42_252,13.479755,4.7083097
c_1_42_254,11.18208,2.454046
c_1_42_255,14.1012125,2.0532835
c_1_42_256,8.558521,2.4685535
c_1_42_257,14.366434,1.4016265
c_1_42_258,9.7708845,3.637675
c_1_42_259,10.880964,2.1661994
c_1_42_260,9.383576,1.996024
c_1_42_261,12.488937,1.929599
c_1_42_262,10.640308,4.040605
c_1_42_263,10.108749,1.8734925
c_1_42_264,10.42136,2.683394
c_1_42_265,8.743197,1.4247594
c_1_42_266,13.787556,4.502299
c_1_42_267,7.9211564,2.6856635
c_1_42_268,8.231425,0.46479997
c_1_42_269,8.844869,3.0723276
c_1_42_270,11.660391,4.8433323
c_1_42_271,9.929406,3.429258
c_1_42_272,10.381602,0.8843118
c_1_42_273,10.134732,3.8075528
c_1_42_274,10.149323,2.8627028
c_1_42_275,10.3128805,3.8569057
c_1_42_276,12.471191,0.6845715
c_1_42_277,8.918114,3.0437453
c_1_42_278,8.660426,4.2806096
c_1_42_279,11.774311,4.344306
c_1_42_280,9.200451,1.6730818
c_1_42_281,9.919772,4.0741696
c_1_42_282,10.463304,3.2925236
c_1_42_283,7.2822447,3.7835863
c_1_42_284,10.652954,4.348214
c_1_42_285,8.163738,3.5586865
c_1_42_286,7.0322275,3.164637
c_1_42_287,8.187581,0.8199624
c_1_42_288,11.488752,0.5772777
c_1_42_289,9.65818,2.9224293
c_1_42_290,10.883193,3.717952
c_1_42_291,12.617458,2.6222563
c_1_42_292,13.660858,1.5354936
c_1_42_293,9.931598,2.1941783
c_1_42_294,10.370874,3.9019892
c_1_42_295,13.374654,4.632533
c_1_42_296,8.130017,3.3212433
c_1_42_297,13.05766,2.2361512
c_1_42_298,11.075033,2.052363
c_1_42_299,8.408908,4.6353006
c_1_42_300,8.843098,2.2940795
c_1_42_301,12.431381,3.9244456
c_1_42_302,9.876683,1.5025964
c_1_42_303,9.219116,5.392549
c_1_42_304,8.954857,2.7255359
c_1_42_305,12.131652,4.02367
c_1_42_306,14.297342,4.067456
c_1_42_307,9.7151575,2.7863092
c_1_42_308,8.687597,2.309332
c_1_42_309,10.296417,3.7030733
c_1_42_310,11.758663,4.443086
c_1_42_311,9.492494,3.692404
c_1_42_312,8.99882,2.0870495
c_1_42_313,14.21915,4.022105
c_1_42_314,9.146996,2.8323004
c_1_42_315,11.4100275,3.9567904
c_1_42_316,6.482952,2.6114824
c_1_42_317,15.036938,4.9243484
c_1_42_318,10.26672,3.6916037
c_1_42_319,11.490888,3.4550292
c_1_42_320,7.961661,3.702549
c_1_42_321,9.059503,3.3804471
c_1_42_322,10.575248,3.9435773
c_1_42_323,9.045259,0.903242
c_1_42_324,7.2538223,3.274272
c_1_42_325,8.191522,2.7373579
c_1_42_326,10.200654,4.104371
c_1_42_327,10.635542,0.67556906
c_1_42_328,9.745514,3.424451
c_1_42_329,9.526559,4.4876504
c_1_42_330,9.128591,4.095275
c_1_42_331,11.589165,5.1501813
c_1_42_332,7.8526692,1.4088908
c_1_42_333,8.97433,3.3517556
c_1_42_334,13.749142,3.8315015
c_1_42_335,8.721944,3.8369193
c_1_42_336,9.917795,2.5779185
c_1_42_337,8.053639,2.5308022
c_1_42_338,9.005382,1.4857316
c_1_42_339,8.697947,4.8499703
c_1_42_340,8.222892,3.563849
c_1_42_341,8.520236,2.6534734
c_1_42_342,10.310489,4.731483
c_1_42_343,11.747207,3.092286
c_1_42_344,10.826193,2.9454212
c_1_42_345,8.943052,3.676056
c_1_42_346,11.976331,3.844265
c_1_42_347,9.876844,4.702898
c_1_42_348,9.46701,3.969106
c_1_42_349,8.301412,4.6779084
c_1_42_350,10.510759,3.4354708
c_1_42_351,10.586974,3.0792882
c_1_42_352,9.580829,2.844229
c_1_42_353,8.126653,4.820044
c_1_42_354,8.8256,5.0432515
c_1_42_355,5.975967,3.0006003
c_1_42_356,8.57301,4.133524
c_1_42_357,9.73008,2.5170538
c_1_42_358,14.583458,4.5186124
c_1_42_359,8.216009,4.078929
c_1_42_360,9.696417,3.7315001
c_1_42_361,11.418044,4.672704
c_1_42_362,8.77186,3.1947474
c_1_42_363,9.770067,3.3723865
c_1_42_364,9.785628,3.968987
c_1_42_365,8.578778,3.1691728
c_1_42_366,9.072296,2.3093793
c_1_42_367,13.491472,2.8173187
c_1_42_368,9.602342,3.5267832
c_1_42_369,9.067169,3.9986324
c_1_42_370,8.886245,1.2952929
c_1_42_371,8.366525,4.463454
c_1_42_372,8.3445635,2.1122656
c_1_42_373,8.994138,1.8771251
c_1_42_374,11.248478,3.970819
c_1_42_375,8.086987,2.8229291
c_1_42_376,11.263781,2.2751002
c_1_42_377,8.661527,2.9419312
c_1_42_378,12.986888,3.605676
c_1_42_379,8.41427,2.7233744
c_1_42_380,13.355339,4.5649457
c_1_42_381,10.564583,4.131434
c_1_42_382,5.064541,1.3270746
c_1_42_383,8.058314,3.879627
c_1_42_384,8.186974,3.2912893
c_1_42_385,13.041972,2.8527796
c_1_42_386,7.766708,2.8080418
c_1_42_387,10.419565,4.3217454
c_1_42_388,9.140356,2.7054346
c_1_42_389,13.359737,4.3112235
c_1_42_390,8.251368,3.5604482
c_1_42_391,9.677646,2.8421693
c_1_42_392,8.598406,1.8514067
c_1_42_393,8.471215,3.6584914
c_1_42_394,9.769649,2.506154
c_1_42_395,8.203858,1.755723
c_1_42_396,9.705366,3.435904
c_1_42_397,9.292864,3.3236525
c_1_42_398,6.959629,2.1946173
c_1_42_399,10.095869,3.7086327
c_1_42_400,10.366502,2.5341141
c_1_42_401,10.094115,3.671902
c_1_42_402,9.508866,4.3335037
c_1_42_403,7.856899,4.4963994
c_1_42_404,13.794769,4.91991
c_1_42_405,14.006776,3.9325423
c_1_42_406,9.274454,3.116695
c_1_42_407,12.506505,5.4094715
c_1_42_408,11.851461,3.4429767
c_1_42_409,8.524951,3.422772
c_1_42_410,10.22787,3.5483708
c_1_42_411,8.857169,2.2008338
c_1_42_412,12.7025,3.9876933
c_1_42_413,12.4480095,1.3866446
c_1_42_414,9.157526,4.1541185
c_1_42_415,8.467237,4.699845
c_1_42_416,8.49155,3.175943
c_1_42_417,9.972368,-1.107558
c_1_42_418,10.717118,2.443257
c_1_42_419,14.023052,2.4931505
c_1_42_420,12.253719,3.809958
c_1_42_421,12.708651,2.4339633
c_1_42_422,10.53508,3.2725835
c_1_42_423,8.14735,3.0526488
c_1_42_424,6.865521,-0.15228957
c_1_42_425,9.970425,4.14354
c_1_42_426,8.860614,3.7545743
c_1_42_427,8.952706,3.067179
c_1_42_428,9.446153,4.7149825
c_1_42_429,9.679357,2.7750125
c_1_42_430,12.849147,4.238113
c_1_42_431,9.913613,5.1345115
c_1_42_432,6.7997704,-0.3438828
c_1_42_433,9.984536,3.18949
c_1_42_434,10.771043,4.7060585
c_1_42_435,7.798261,3.1152012
c_1_42_436,10.901143,2.2902184
c_1_42_437,9.4645405,3.429773
c_1_42_438,8.570541,2.9672246
c_1_42_439,8.348246,4.4523435
c_1_42_441,9.846572,3.270573
c_1_42_442,11.470271,1.407523
c_1_42_443,10.861735,1.373171
c_1_42_444,11.683634,3.0946085
c_1_42_445,9.725432,4.0793304
c_1_42_446,7.735637,2.1401422
c_1_42_447,9.117481,4.401334
c_1_42_448,8.313595,2.2985702
c_1_42_449,8.050392,3.688367
c_1_42_450,12.164866,4.535301
c_1_42_451,11.397081,3.0035148
c_1_42_452,12.574353,2.1119964
c_1_42_453,8.220997,3.408591
c_1_42_454,11.196121,2.9395292
c_1_42_455,13.632056,4.4387746
c_1_42_456,8.15332,3.5796344
c_1_42_457,8.527651,5.139421
c_1_42_458,13.517364,4.696806
c_1_42_459,8.853715,3.6467805
c_1_42_460,9.4043,2.1047125
c_1_42_461,12.569592,5.2353024
c_1_42_462,14.783534,5.040374
c_1_42_463,13.347497,4.419127
c_1_42_464,8.539312,3.4531832
c_1_42_465,10.225104,1.9699177
c_1_42_466,11.036234,1.0621393
c_1_42_467,10.806595,3.6071863
c_1_42_468,9.1072,3.0379245
c_1_42_469,10.664147,3.4518538
c_1_42_470,12.93835,2.966807
c_1_42_471,13.716913,4.657417
c_1_42_472,8.733754,2.6275187
c_1_42_473,9.328926,1.3517629
c_1_42_474,9.646972,1.6949028
c_1_42_475,10.584137,4.745739
c_1_42_476,9.00091,4.864495
c_1_42_477,9.035635,4.690758
c_1_42_478,10.553116,4.2546864
c_1_42_479,10.36429,4.096141
c_1_42_480,8.82338,1.4871134
c_1_42_481,10.098219,3.019678
c_1_42_482,10.577654,2.5935802
c_1_42_483,8.877221,4.148129
c_1_42_484,10.967496,4.4038825
c_1_42_485,10.807543,3.5910144
c_1_42_486,14.353023,4.3686748
c_1_42_487,7.801913,3.7794237
c_1_42_488,10.023266,3.238642
c_1_42_489,8.49742,3.1108985
c_1_42_490,9.357498,4.0174522
c_1_42_491,8.757829,4.580542
c_1_42_492,14.883249,4.760239
c_1_42_493,9.145234,4.4203434
c_1_42_494,14.762148,5.1465106
c_1_42_495,8.7843895,3.9403837
c_1_42_496,10.757286,4.5788393
c_1_42_497,10.540027,3.9398801
c_1_42_498,8.644615,3.1737878
c_1_42_499,9.486415,3.3492353
c_1_42_500,9.653106,4.655201
c_1_42_501,12.705549,4.5317025
c_1_42_502,10.969226,4.834937
c_1_42_503,10.040548,3.0323198
c_1_42_504,10.677982,4.0744376
c_1_42_505,6.4265213,1.4483911
c_1_42_506,12.164668,2.448724
c_1_42_507,10.143823,2.0942361
c_1_42_508,13.518694,4.572882
c_1_42_509,10.416809,4.5893593
c_1_42_510,12.1086,-1.213068
c_1_42_511,10.087213,1.5050204
c_1_42_512,10.547612,2.2535214
c_1_42_513,8.033424,3.9647267
c_1_42_514,12.481935,3.3927712
c_1_42_515,7.9202437,0.94554526
c_1_42_516,8.42763,4.5680537
c_1_42_517,8.472303,3.776448
c_1_42_518,10.191358,4.698532
c_1_42_519,9.880778,3.6580353
c_1_42_520,12.252073,2.3786836
c_1_42_521,10.420609,3.3312347
c_1_42_522,8.157505,3.1884289
c_1_42_523,14.830795,4.8027115
c_1_42_524,8.566735,2.3334396
c_1_42_525,8.48112,1.0771587
c_1_42_526,8.730459,3.183886
c_1_42_527,8.4950075,4.312336
c_1_42_528,9.386109,2.8630517
c_1_42_529,13.956189,4.359979
c_1_42_530,9.911191,0.1690968
c_1_42_531,8.708935,3.3499377
c_1_42_532,11.041394,3.1500678
c_1_42_533,13.722753,4.50548
c_1_42_534,11.209875,4.6749573
c_1_42_535,9.8033495,3.0518394
c_1_42_536,8.531695,3.1988153
c_1_42_537,9.598506,3.9320726
c_1_42_538,8.097932,3.5505686
c_1_42_539,10.450428,3.1761785
c_1_42_540,9.887432,3.7917132
c_1_42_541,8.63842,3.9915628
c_1_42_542,9.157497,3.7345464
c_1_42_543,11.915492,2.493447
c_1_42_544,13.398239,4.333848
c_1_42_545,10.897065,4.283942
c_1_42_546,8.103098,2.6476243
c_1_42_547,11.292689,4.7403
c_1_42_548,8.047734,2.0186756
c_1_42_549,14.294267,5.688598
c_1_42_550,7.691581,3.88264
c_1_42_551,9.044658,3.1721003
c_1_42_552,9.951385,5.047527
c_1_42_553,10.717251,3.2514362
c_1_42_554,14.87678,5.2662964
c_1_42_555,12.296782,2.13236
c_1_42_556,10.097642,3.4018714
c_1_42_557,9.477502,3.5963378
c_1_42_558,10.682387,2.3477812
c_1_42_559,8.234573,3.6665568
c_1_42_560,9.106409,4.7754974
c_1_42_561,8.08217,3.2092898
c_1_42_562,10.722391,4.5789204
c_1_42_563,11.227868,4.3490963
c_1_42_564,8.534688,4.9538555
c_1_42_565,9.630635,1.4657089
c_1_42_566,10.52068,2.0887272
c_1_42_567,7.669795,3.8593216
c_1_42_568,8.796289,0.26305678
c_1_42_569,10.019916,1.8341908
c_1_42_570,11.11528,1.4154183
c_1_42_571,10.996401,4.4795403
c_1_42_572,8.122148,3.6407878
c_1_42_573,7.989128,2.7401164
c_1_42_574,10.664409,1.8035574
c_1_42_575,9.939858,-0.43058798
c_1_42_576,10.69668,4.8303084
c_1_42_577,9.605758,5.0849485
c_1_42_578,11.597143,4.5702634
c_1_42_579,9.650187,3.7940688
c_1_42_580,8.557568,2.849477
c_1_42_581,8.547051,4.6394644
c_1_42_582,9.322573,4.2526507
c_1_42_583,10.786349,3.3769135
c_1_42_584,8.853417,1.2592587
c_1_42_585,9.548283,3.1264882
c_1_42_586,10.69086,2.05769
c_1_42_587,10.004346,4.44112
c_1_42_588,9.656392,2.7130158
c_1_42_589,10.563924,4.4077997
c_1_42_590,10.865909,3.925573
c_1_42_591,8.875108,2.7283828
c_1_42_592,9.561228,2.5999386
c_1_42_593,9.264241,0.86939776
c_1_42_594,10.023895,3.7516162
c_1_42_595,12.698787,4.120547
c_1_42_596,12.164552,3.209072
c_1_42_597,14.466955,4.57782
c_1_42_598,9.824474,4.3089347
c_1_42_599,8.876028,4.734128
c_1_42_600,14.03413,3.9501288
c_1_42_601,11.40049,4.1466584
c_1_42_602,9.019839,3.9798875
c_1_42_603,9.158708,4.4162064
c_1_42_604,7.7792816,2.0885344
c_1_42_605,11.324412,4.395865
c_1_42_606,9.269299,3.9636238
c_1_42_607,9.815253,4.066857
c_1_42_608,8.183388,4.0633097
c_1_42_609,13.744173,4.6479616
c_1_42_610,9.151791,4.557962
c_1_42_611,8.888506,4.0986943
c_1_42_612,8.910707,4.8697233
c_1_42_613,10.419384,4.7254553
c_1_42_614,10.951614,2.3611896
c_1_42_615,9.123445,5.240066
c_1_42_616,11.419816,4.5873795
c_1_42_617,9.387927,4.3813195
c_1_42_618,8.647171,1.8895186
c_1_42_619,10.440604,2.4313738
c_1_42_620,9.869418,1.6463298
c_1_42_621,10.414658,1.96405
c_1_42_622,9.479047,3.2066402
c_1_42_623,14.794914,4.836167
c_1_42_624,8.090134,3.142745
c_1_42_625,9.562153,4.205243
c_1_42_626,10.047432,2.905688
c_1_42_627,8.485062,4.730622
c_1_42_628,11.531718,3.702059
c_1_42_629,8.744884,3.6272483
c_1_42_630,9.104467,3.0966485
c_1_42_631,8.68604,4.2959294
c_1_42_632,8.128938,2.232789
c_1_42_633,11.612328,0.02059215
c_1_42_634,12.752726,5.3587713
c_1_42_635,8.960407,3.0209029
c_1_42_636,9.769917,4.7278547
c_1_42_637,11.992829,2.7851777
c_1_42_638,10.341589,3.1696382
c_1_42_639,9.605317,3.8963926
c_1_42_640,9.317217,4.055522
c_1_42_641,10.235841,3.038897
c_1_42_642,8.442261,4.266487
c_1_42_643,10.306476,4.897087
c_1_42_644,10.019047,4.003982
c_1_42_645,13.586925,3.6745336
c_1_42_646,10.872674,3.846879
c_1_42_647,9.796544,2.3827403
c_1_42_648,8.631933,4.4031663
c_1_42_649,12.291374,1.9972322
c_1_42_650,8.028474,3.1163476
c_1_42_651,8.52088,2.9921591
c_1_42_652,8.590648,4.3551793
c_1_42_653,10.9293785,3.8205655
c_1_42_654,8.918146,4.3114886
c_1_42_655,8.7182,3.1141987
c_1_42_656,9.013021,4.7132144
c_1_42_657,12.429281,3.8494356
c_1_42_658,10.360951,4.292997
c_1_42_659,9.808236,3.316267
c_1_42_660,8.294944,3.6263494
c_1_42_661,8.48996,3.8156037
c_1_42_662,9.092115,3.2085135
c_1_42_663,8.472976,3.8801877
c_1_42_664,8.353599,4.1557703
c_1_42_665,8.445173,4.246618
c_1_42_666,8.406413,3.98986
c_1_42_667,13.609093,4.125488
c_1_42_668,10.831956,4.195923
c_1_42_669,13.519558,4.3644257
c_1_42_670,9.022995,3.8907757
c_1_42_671,9.770129,2.822038
c_1_42_672,8.789548,5.1659293
c_1_42_673,14.153674,4.362246
c_1_42_674,8.729917,4.8922353
c_1_42_675,14.520021,5.73874
c_1_42_676,9.990729,3.256732
c_1_42_677,8.952164,3.9764442
c_1_42_678,9.776537,3.5761273
c_1_42_679,8.155106,3.552469
c_1_42_680,14.283635,4.76965
c_1_42_681,10.841556,1.9695157
c_1_42_682,10.382749,4.4302545
c_1_42_683,11.807606,4.71086
c_1_42_684,9.387293,4.1783156
c_1_42_685,10.947968,1.9523704
c_1_42_686,14.242264,5.0892973
c_1_42_687,8.857476,3.8033707
c_1_42_688,9.741264,1.1721655
c_1_42_689,10.596281,4.966495
c_1_42_690,8.699818,3.3738682
c_1_42_691,10.505558,3.524105
c_1_42_692,11.044848,4.7519703
c_1_42_693,9.75877,1.5788487
c_1_42_694,8.921703,3.694975
c_1_42_695,9.126644,3.3438714
c_1_42_696,13.264325,4.5717273
c_1_42_697,13.505904,4.4958644
c_1_42_698,9.973157,3.347776
c_1_42_699,8.623056,4.1765485
c_1_42_700,10.982919,4.4297304
c_1_42_701,9.02167,3.6206188
c_1_42_702,8.44021,4.0818405
c_1_42_703,8.683075,3.2063916
c_1_42_704,8.526349,4.300603
c_1_42_705,9.144731,4.3202047
c_1_42_706,12.221718,4.822233
c_1_42_707,8.084596,3.276213
c_1_42_708,8.349967,4.755902
c_1_42_709,10.87725,4.8137136
c_1_42_710,14.211679,4.9148984
c_1_42_711,9.749165,3.8083904
c_1_42_712,9.543328,4.4837813
c_1_42_713,11.740747,4.177676
c_1_42_714,10.372017,4.1002297
c_1_42_715,8.859026,4.7750635
c_1_42_716,8.804083,2.9542582
c_1_42_717,9.375404,2.7778885
c_1_42_718,8.920046,3.7023869
c_1_42_719,8.363408,1.8401306
c_1_42_720,8.310131,4.279951
c_1_42_721,9.068251,5.302365
c_1_42_722,8.932629,1.278734
c_1_42_723,9.463665,3.6686957
c_1_42_724,14.901274,4.4351983
c_1_42_725,13.679065,4.589111
c_1_42_726,8.606366,3.1078873
c_1_42_727,12.236556,4.174395
c_1_42_728,12.986176,1.9601054
c_1_42_729,8.882414,2.2784436
c_1_42_730,8.543153,3.1183598
c_1_42_731,11.649116,4.4525013
c_1_42_732,9.728176,1.9051081
c_1_42_733,11.20827,4.6281023
c_1_42_734,11.435527,4.3288856
c_1_42_735,9.620628,4.275239
c_1_42_736,11.514565,4.6962643
c_1_42_737,9.155336,4.718467
c_1_42_738,13.744722,3.8433506
c_1_42_739,9.651059,2.6094177
c_1_42_740,8.650917,2.857218
c_1_42_741,11.452547,4.631259
c_1_42_742,10.184121,4.068522
c_1_42_743,8.446899,3.6816154
c_1_42_744,11.384244,0.22046667
c_1_42_745,9.357933,4.557581
c_1_42_746,9.06232,2.952413
c_1_42_747,8.526182,3.6605954
c_1_42_748,9.834529,2.6333218
c_1_42_749,9.074557,4.699498
c_1_42_750,11.139635,4.8397956
c_1_42_751,8.707867,3.3474889
c_1_42_752,8.081317,3.9412868
c_1_42_753,10.516354,3.4918997
c_1_42_754,11.254933,4.4763613
c_1_42_755,10.280422,2.4286425
c_1_42_756,10.508298,3.397896
c_1_42_757,13.788984,4.818113
c_1_42_758,11.528418,4.4479866
c_1_42_759,9.852318,5.44753
c_1_42_760,11.01518,4.4491715
c_1_42_761,9.289317,3.4690225
c_1_42_762,13.604507,1.9403456
c_1_42_763,11.559478,4.569889
c_1_42_764,9.492352,4.637087
c_1_42_765,8.111895,2.3509681
c_1_42_766,11.856636,2.4788864
c_1_42_767,8.62138,3.278232
c_1_42_768,9.240411,4.790116
c_1_42_769,7.9392686,3.5664089
c_1_42_770,11.334742,4.2321854
c_1_42_771,8.44192,5.0241227
c_1_42_772,8.736881,4.3958426
c_1_42_773,10.189283,2.223284
c_1_42_774,10.126718,3.9762242
c_1_42_775,10.55208,4.5817494
c_1_42_776,9.626887,4.0138974
c_1_42_777,9.338853,3.7672722
c_1_42_778,8.847534,4.5755916
c_1_42_779,10.9980135,2.061918
c_1_42_780,9.847889,3.3454409
c_1_42_781,11.070705,1.8259655
c_1_42_782,10.93132,4.129578
c_1_42_783,11.318053,4.079072
c_1_42_784,9.004724,3.0235386
c_1_42_785,8.572443,2.7650466
c_1_42_786,12.554558,1.038997
c_1_42_787,7.8313065,3.2411833
c_1_42_788,10.132768,4.3363605
c_1_42_789,9.635454,2.906512
c_1_42_790,8.706741,3.5975146
c_1_42_791,15.044473,4.652432
c_1_42_792,9.932204,3.3409986
c_1_42_793,8.209773,4.323831
c_1_42_794,9.377103,4.395674
c_1_42_795,14.376665,1.8670878
c_1_42_796,10.116714,2.578973
c_1_42_797,10.526238,2.1489267
c_1_42_798,10.743796,4.8706875
c_1_42_799,6.3498135,1.8610134
c_1_42_800,9.288628,3.719837
c_1_42_801,9.583606,4.5932603
c_1_42_802,12.401457,1.4965403
c_1_42_803,9.784434,2.677815
c_1_42_804,8.064467,2.29811
c_1_42_805,8.019881,2.8899157
c_1_42_806,9.139104,2.306864
c_1_42_807,13.078468,2.4710512
c_1_42_808,8.466475,5.2871084
c_1_42_809,10.191143,4.612388
c_1_42_810,8.543014,1.244331
c_1_42_811,9.539153,4.6536655
c_1_42_812,9.879788,4.7719135
c_1_42_813,8.103712,2.3776474
c_1_42_814,10.491759,2.6530132
c_1_42_815,8.423763,1.4188465
c_1_42_816,9.223602,3.768406
c_1_42_817,10.076748,1.982703
c_1_42_818,10.49921,2.9213567
c_1_42_819,9.339234,4.449806
c_1_42_820,11.539713,4.455582
c_1_42_821,11.192464,4.465064
c_1_42_822,9.962927,3.405933
c_1_42_823,9.159366,2.3085225
c_1_42_824,11.710305,4.0602403
c_1_42_825,9.02753,4.3246408
c_1_42_826,8.554085,3.8498044
c_1_42_827,9.1230345,3.5411236
c_1_42_828,12.384567,3.9558523
c_1_42_829,12.02842,4.0506454
c_1_42_830,8.876877,4.24317
c_1_42_831,8.166111,1.7510804
c_1_42_832,9.840662,5.2409577
c_1_42_833,14.540267,4.524892
c_1_42_834,9.821441,3.8668709
c_1_42_835,6.684872,0.7293435
c_1_42_836,8.51721,3.6278048
c_1_42_837,8.412049,3.3963325
c_1_42_838,8.685747,3.416306
c_1_42_839,9.962726,3.8074098
c_1_42_840,8.461672,2.9956129
c_1_42_841,9.297257,2.1797013
c_1_42_842,8.861864,4.6249127
c_1_42_843,8.17842,3.7458994
c_1_42_844,8.677475,3.7823498
c_1_42_845,11.454022,4.632407
c_1_42_846,8.295334,1.6259863
c_1_42_847,9.193801,2.986206
c_1_42_848,10.777418,3.3434305
c_1_42_849,8.414262,5.033553
c_1_42_850,14.248985,4.8502564
c_1_42_851,8.816779,1.9603513
c_1_42_852,10.438457,1.6399632
c_1_42_853,9.204053,4.8908052
c_1_42_854,10.855513,3.350511
c_1_42_855,12.080063,3.3538861
c_1_42_856,8.080712,2.1262615
c_1_42_857,8.987295,3.9391108
c_1_42_858,10.746183,2.7664719
c_1_42_859,10.133281,2.8214128
c_1_42_860,7.6440315,3.6857789
c_1_42_861,8.477181,0.811799
c_1_42_862,10.178062,3.9915931
c_1_42_863,9.780766,4.9262075
c_1_42_864,9.62582,3.5795155
c_1_42_865,10.876726,4.7792826
c_1_42_866,8.499535,3.7075486
c_1_42_867,9.81717,4.479483
c_1_42_868,8.553098,4.278185
c_1_42_869,10.934871,3.8162098
c_1_42_870,8.028279,4.2019973
c_1_42_871,11.158462,2.4016821
c_1_42_872,8.797354,4.391925
c_1_42_873,8.549672,3.5287414
c_1_42_874,9.277345,2.8295205
c_1_42_875,8.942497,2.864158
c_1_42_876,8.260219,4.684997
c_1_42_877,11.435212,4.8561554
c_1_42_878,9.672474,3.0828662
c_1_42_879,9.502196,4.4172006
c_1_42_880,10.064053,1.812508
c_1_42_881,9.477976,2.7706494
c_1_42_882,10.928037,4.9926963
c_1_42_883,9.429171,3.7276375
c_1_42_884,8.698333,3.14608
c_1_42_885,8.013973,1.0729277
c_1_42_886,9.6179695,1.7810736
c_1_42_887,9.528591,4.2617893
c_1_42_888,9.566013,3.730558
c_1_42_889,8.88072,3.5797813
c_1_42_890,10.075986,3.5606687
c_1_42_891,12.360477,4.302673
c_1_42_892,8.43002,4.6426525
c_1_42_893,8.142976,4.824532
c_1_42_894,10.522513,4.5273757
c_1_42_895,9.469873,4.051728
c_1_42_896,9.924707,4.4672995
c_1_42_897,9.780617,4.935604
c_1_42_898,10.057098,4.3427997
c_1_42_899,9.748122,5.012313
c_1_42_900,9.048954,2.5190353
c_1_42_901,9.052534,5.219285
c_1_42_902,8.114352,1.5862648
c_1_42_903,9.204895,3.1020913
c_1_42_904,8.752976,3.4558396
c_1_42_905,8.241677,4.601924
c_1_42_906,9.526415,1.9324044
c_1_42_907,8.277248,2.4305549
c_1_42_908,10.606295,4.7787404
c_1_42_909,10.511961,2.3143592
c_1_42_910,9.148788,4.812052
c_1_42_911,9.721295,4.1073585
c_1_42_912,9.399636,2.3856688
c_1_42_913,8.921215,1.9774053
c_1_42_914,9.61048,4.4361987
c_1_42_915,9.811538,4.60008
c_1_42_916,9.16254,3.7728534
c_1_42_917,10.748864,4.4859495
c_1_42_918,9.617421,0.9554943
c_1_42_919,8.571773,0.75857586
c_1_42_920,9.620322,4.5978546
c_1_42_921,10.403768,4.194126
c_1_42_922,8.414883,3.8431134
c_1_42_923,10.709565,2.2178965
c_1_42_924,9.183155,4.259551
c_1_42_925,11.385633,0.6172832
c_1_42_926,8.586439,3.6392295
c_1_42_927,8.182884,4.626089
c_1_42_928,9.623333,5.128066
c_1_42_929,9.8160715,4.0911984
c_1_42_930,9.385856,0.9586784
c_1_42_931,9.522985,2.8800292
c_1_42_932,8.878953,5.0015965
c_1_42_933,9.749667,4.266175
c_1_42_934,11.013389,3.5908055
c_1_42_935,9.001765,4.3924823
c_1_42_936,10.467127,3.1008015
c_1_42_937,10.677182,4.803559
c_1_42_938,11.1494665,3.1486871
c_1_42_939,8.821677,2.9249287
c_1_42_940,10.182451,3.8879986
c_1_42_941,8.682617,4.241039
c_1_42_942,9.646131,3.0987363
c_1_42_943,9.202221,4.61198
c_1_42_944,8.605234,3.6504781
c_1_42_945,8.667667,3.9766772
c_1_42_946,8.405829,4.2083497
c_1_42_947,7.8519793,3.48251
c_1_42_948,12.203989,4.7635093
c_1_42_949,8.0414295,3.9186814
c_1_42_950,8.9503,4.432762
c_1_42_951,9.389564,2.2523284
c_1_42_952,9.394589,5.089987
c_1_42_953,9.2045,4.148475
c_1_42_954,8.738696,3.3362565
c_1_42_955,10.218765,2.4593518
c_1_42_956,9.132118,3.61612
c_1_42_957,10.19395,3.3601904
c_1_42_958,8.8492155,3.6839118
c_1_42_959,14.157923,4.8545136
c_1_42_960,9.452394,1.8799386
c_1_42_961,8.344434,5.020876
c_1_42_962,8.882364,3.5444298
c_1_42_963,9.392038,2.2688646
c_1_42_964,9.742469,2.378554
c_1_42_965,8.783057,4.097978
c_1_42_966,10.143175,4.224734
c_1_42_967,9.757509,4.1904063
c_1_42_968,8.774351,4.9500804
c_1_42_969,8.485316,4.6170382
c_1_42_970,8.893291,2.4932842
c_1_42_971,9.556208,1.1496176
c_1_42_972,8.530958,3.4148397
c_1_42_973,10.489286,4.480044
c_1_42_974,8.4456625,4.9391994
c_1_42_975,9.028902,3.7512755
c_1_42_976,8.597911,3.9267359
c_1_42_977,9.875802,4.227259
c_1_42_978,10.182929,3.8410244
c_1_42_979,12.703682,4.0176163
c_1_42_980,8.900737,3.0681481
c_1_42_981,10.464625,4.505845
c_1_42_982,12.058698,4.179544
c_1_42_983,10.466112,3.4244258
c_1_42_984,10.202892,2.6921868
c_1_42_985,10.074656,3.565297
c_1_42_986,9.605539,3.7972498
c_1_42_987,9.473871,4.0026994
c_1_42_988,9.18331,4.459215
c_1_42_989,8.508987,3.6987138
c_1_42_990,9.142037,4.2643156
c_1_42_991,8.956782,3.1181428
c_1_42_992,8.453443,3.1778848
c_1_42_993,9.097791,4.2193494
c_1_42_994,7.664615,3.1903052
c_1_42_995,9.401547,3.4236884
c_1_42_996,8.534736,4.3283525
c_1_42_997,9.136019,4.244792
c_1_42_998,9.688513,2.5398023
c_1_42_999,7.9775615,4.111935
c_1_42_1000,9.555144,2.5909474
c_1_42_1001,8.670847,3.4016857
c_1_42_1002,9.193333,4.439849
c_1_42_1003,11.223484,3.1007152
c_1_42_1004,9.454188,3.010757
c_1_42_1005,8.279526,4.934119
c_1_42_1006,10.9837475,2.1638625
c_1_42_1007,10.105168,0.4954007
c_1_42_1008,9.216942,2.48577
c_1_42_1009,8.834369,3.8116152
c_1_42_1010,11.861138,4.560132
c_1_42_1011,7.0876913,-0.50750285
c_1_42_1012,8.569561,2.0213997
c_1_42_1013,8.466513,4.50012
c_1_42_1014,9.122751,3.6929643
c_1_42_1015,8.280055,4.5726748
c_1_42_1016,10.016472,4.1872687
c_1_42_1017,8.579158,4.2125273
c_1_42_1018,8.252842,3.1051757
c_1_42_1019,9.733636,3.8499463
c_1_42_1020,9.360706,3.4750152
c_1_42_1021,9.987656,4.393095
c_1_42_1022,9.831841,2.3199344
c_1_42_1023,13.98609,2.3552504
c_1_42_1024,8.688291,1.460784
c_1_42_1025,13.127226,-1.5876269
c_1_42_1026,12.267882,4.7431498
c_1_42_1027,9.502845,1.5984541
c_1_42_1028,13.374927,4.631017
c_1_42_1029,11.115401,4.025099
c_1_42_1030,9.3201,2.954615
c_1_42_1031,9.409247,4.285839
c_1_42_1032,10.41409,2.8505592
c_1_42_1033,12.659881,4.305217
c_1_42_1034,11.719034,3.2316737
c_1_42_1035,13.562845,4.243479
c_1_42_1036,8.936666,3.7809122
c_1_42_1037,8.739608,4.7952995
c_1_42_1038,9.031214,4.112202
c_1_42_1039,12.5493765,4.292753
c_1_42_1040,8.893397,2.143223
c_1_42_1041,12.49464,3.0561955
c_1_42_1042,10.147007,3.5494306
c_1_42_1043,10.190409,5.051609
c_1_42_1044,8.41372,2.5336676
c_1_42_1045,11.77901,4.002885
c_1_42_1046,9.648623,4.1471395
c_1_42_1047,10.95963,3.9068406
c_1_42_1048,10.838489,3.0259259
c_1_42_1049,11.318628,3.4848301
c_1_42_1050,8.8663435,3.256831
c_1_42_1051,10.077722,3.289457
c_1_42_1052,11.460126,3.6943862
c_1_42_1053,8.841908,3.1511388
c_1_42_1054,10.998797,3.172076
c_1_42_1055,8.8555975,2.4956384
c_1_42_1056,14.907843,4.7053075
c_1_42_1057,8.613366,0.3225936
c_1_42_1058,9.60183,4.119741
c_1_42_1059,10.0158825,2.6695316
c_1_42_1060,9.846885,4.4724684
c_1_42_1061,9.16102,4.3438373
c_1_42_1062,10.728382,5.15239
c_1_42_1063,8.285474,2.427291
c_1_42_1064,14.330592,4.605804
c_1_42_1065,8.696886,3.6232748
c_1_42_1066,8.238494,2.1768823
c_1_42_1067,9.240522,5.048265
c_1_42_1068,8.683873,5.050843
c_1_42_1069,8.637948,2.7966084
c_1_42_1070,9.977644,3.5002854
c_1_42_1071,8.93104,3.4291098
c_1_42_1072,8.882837,4.3939347
c_1_42_1073,9.16537,4.234208
c_1_42_1074,9.53446,3.2792177
c_1_42_1075,8.188598,5.106003
c_1_42_1076,13.130039,1.8404846
c_1_42_1077,13.409558,4.4731436
c_1_42_1078,8.450507,3.0161774
c_1_42_1079,10.150552,3.2843692
c_1_42_1080,9.905724,5.2904167
c_1_42_1081,11.434281,3.6244204
c_1_42_1082,9.126748,3.4110794
c_1_42_1083,10.978415,4.04221
c_1_42_1084,9.253385,4.7749863
c_1_42_1085,10.06603,2.5413158
c_1_42_1086,9.461682,3.2629702
c_1_42_1087,12.035656,3.969977
c_1_42_1088,8.78934,3.6405113
c_1_42_1089,8.862182,3.9391048
c_1_42_1090,8.998656,4.605716
c_1_42_1091,9.227991,5.054225
c_1_42_1092,9.270247,1.7710509
c_1_42_1093,10.28505,3.0953343
c_1_42_1094,10.090859,4.5256176
c_1_42_1095,11.995143,4.4469595
c_1_42_1096,9.610783,4.345886
c_1_42_1097,12.368051,2.1360724
c_1_42_1098,11.338561,4.956837
c_1_42_1099,9.717548,2.9550295
c_1_42_1100,8.550322,5.045783
c_1_42_1101,9.131896,4.3581734
c_1_42_1102,8.073661,4.72717
c_1_42_1103,11.837458,4.5908213
c_1_42_1104,9.142452,4.482904
c_1_42_1105,10.474116,2.5812035
c_1_42_1106,9.205712,4.1577487
c_1_42_1107,8.540986,4.186711
c_1_42_1108,9.103328,2.1813333
c_1_42_1109,10.6612835,4.8712754
c_1_42_1110,10.963986,5.1908736
c_1_42_1111,8.192047,2.7194495
c_1_42_1112,9.728549,4.493456
c_1_42_1113,10.990794,2.7680438
c_1_42_1114,9.995647,0.81805754
c_1_42_1115,9.067721,4.616476
c_1_42_1116,8.871232,4.3167286
c_1_42_1117,9.512299,3.3508472
c_1_42_1118,8.900276,5.100686
c_1_42_1119,12.536001,3.4915714
c_1_42_1120,10.191317,2.9986186
c_1_42_1121,8.235247,4.3931527
c_1_42_1122,9.053144,3.1176536
c_1_42_1123,12.488096,4.550623
c_1_42_1124,8.113753,3.1416788
c_1_42_1125,8.911652,2.1856637
c_1_42_1126,9.671685,4.2606616
c_1_42_1127,9.788792,4.493695
c_1_42_1128,8.286429,3.7795677
c_1_42_1129,7.55851,1.0970525
c_1_42_1130,10.901295,4.303117
c_1_42_1131,11.051754,3.182365
c_1_42_1132,9.630548,3.096908
c_1_42_1133,11.698011,3.73091
c_1_42_1134,9.961222,4.3103266
c_1_42_1135,11.274664,0.9544113
c_1_42_1136,9.838485,4.8573365
c_1_42_1137,8.2040825,4.590417
c_1_42_1138,11.935396,3.4465482
c_1_42_1139,9.408739,3.6738544
c_1_42_1140,10.286959,4.092138
c_1_42_1141,10.369749,2.045962
c_1_42_1142,9.40605,5.0499907
c_1_42_1143,14.673467,4.3723187
c_1_42_1144,12.698525,4.017345
c_1_42_1145,11.179093,3.458613
c_1_42_1146,9.868073,1.7571721
c_1_42_1147,9.44338,4.9019117
c_1_42_1148,10.406569,4.7489295
c_1_42_1149,11.723542,3.8433955
c_1_42_1150,11.057681,5.021012
c_1_42_1151,9.428086,3.7624707
c_1_42_1152,9.94526,2.374764
c_1_42_1153,9.495099,5.3665833
c_1_42_1154,9.101909,3.9147272
c_1_42_1155,10.413149,4.78793
c_1_42_1156,11.682576,4.5741935
c_1_42_1157,9.348857,3.1258242
c_1_42_1158,13.542061,4.0115123
c_1_42_1159,8.08464,5.1575494
c_1_42_1160,9.921596,3.2457118
c_1_42_1161,9.665333,4.548499
c_1_42_1162,9.851708,5.228165
c_1_42_1163,9.395791,3.7461712
c_1_42_1164,9.293227,1.8522174
c_1_42_1165,14.684521,4.4819713
c_1_42_1166,8.586032,4.121181
c_1_42_1167,11.405222,4.59442
c_1_42_1168,14.488197,1.7456098
c_1_42_1169,12.458402,4.0871625
c_1_42_1170,13.017598,2.969427
c_1_42_1171,8.425427,4.3853183
c_1_42_1172,11.11843,4.2290664
c_1_42_1173,11.707097,2.7929754
c_1_42_1174,9.412617,3.099602
c_1_42_1175,10.018783,4.5036173
c_1_42_1176,9.322445,5.096329
c_1_42_1177,9.789069,3.00883
c_1_42_1178,12.290651,2.6444392
c_1_42_1179,14.205483,4.7340837
c_1_42_1180,8.841174,4.1023903
c_1_42_1181,9.224879,4.0422287
c_1_42_1182,12.18117,4.6258125
c_1_42_1183,11.084645,4.3329296
c_1_42_1184,10.8623295,3.8995342
c_1_42_1185,12.097799,1.1826209
c_1_42_1186,11.639047,4.173724
c_1_42_1187,10.238466,4.3364453
c_1_42_1188,12.753183,4.0708313
c_1_42_1189,9.940046,4.537992
c_1_42_1190,11.788305,4.6306825
c_1_42_1191,13.306769,1.6017795
c_1_42_1192,10.039893,4.7926407
c_1_42_1193,9.573039,2.9934673
c_1_42_1194,11.1632,2.3646793
c_1_42_1195,9.60803,3.8409138
c_1_42_1196,8.673181,3.5248969
c_1_42_1197,9.738192,3.114864
c_1_42_1198,9.094548,2.8666143
c_1_42_1199,14.471657,4.2989464
c_1_42_1200,12.082169,2.0196369
c_1_42_1201,11.067185,2.6311767
c_1_42_1202,9.510818,4.329366
c_1_42_1203,10.871121,4.6210327
c_1_42_1204,8.536598,2.7433887
c_1_42_1205,10.167985,3.817571
c_1_42_1206,8.527385,5.0804677
c_1_42_1207,8.635636,4.6404977
c_1_42_1208,12.251036,4.612919
c_1_42_1209,10.541946,3.8033755
c_1_42_1210,12.930927,4.695799
c_1_42_1211,8.99413,4.882148
c_1_42_1212,9.584946,3.7130535
c_1_42_1213,11.431613,2.660187
c_1_42_1214,9.733809,3.015754
c_1_42_1215,9.548706,3.108507
c_1_42_1216,9.600835,5.1336246
c_1_42_1217,13.489837,3.3092096
c_1_42_1218,9.959192,4.249887
c_1_42_1219,11.331126,3.6131089
c_1_42_1220,12.565025,3.2861817
c_1_42_1221,9.525903,2.1030986
c_1_42_1222,11.051379,4.403343
c_1_42_1223,12.178228,4.240377
c_1_42_1224,9.924706,4.735069
c_1_42_1225,14.514247,3.3577373
c_1_42_1226,10.018178,3.1368055
c_1_42_1227,9.839856,3.2902606
c_1_42_1228,11.000871,4.499058
c_1_42_1229,11.848052,4.318968
c_1_42_1230,8.899722,4.1631722
c_1_42_1231,8.923372,4.2047024
c_1_42_1232,12.591907,-1.2384229
c_1_42_1233,9.511813,2.3159854
c_1_42_1234,9.425153,2.1381216
c_1_42_1235,10.243293,4.043208
c_1_42_1236,14.709021,3.4256213
c_1_42_1237,10.735282,2.0413806
c_1_42_1238,8.756777,4.7179575
c_1_42_1239,14.218534,4.939328
c_1_42_1240,14.017629,3.4678922
c_1_42_1241,10.132986,2.650148
c_1_42_1242,11.608656,5.1587553
c_1_42_1243,12.886534,3.6102805
c_1_42_1244,12.407104,4.6483245
c_1_42_1245,9.214132,2.4719157
c_1_42_1246,10.011764,2.3930125
c_1_42_1247,7.9253516,2.7907448
c_1_42_1248,9.034998,5.35188
c_1_42_1249,14.29605,1.2615502
c_1_42_1250,11.073754,4.9842253
c_1_42_1251,11.163433,4.02397
c_1_42_1252,8.699584,0.74216723
c_1_42_1253,9.094644,1.4216952
c_1_42_1254,13.180354,-0.67906123
c_1_42_1255,10.2911825,2.6171253
c_1_42_1256,13.678628,3.5312896
c_1_42_1257,12.438877,3.5568874
c_1_42_1258,8.56233,4.7273855
c_1_42_1259,8.629468,4.4165173
c_1_42_1260,9.955912,3.876318
c_1_42_1261,9.177761,5.4295745
c_1_42_1262,14.222121,4.735995
c_1_42_1263,14.454651,-2.107691
c_1_42_1264,9.312384,2.5003588
c_1_42_1265,14.003121,4.005992
c_1_42_1266,11.166634,4.0585217
c_1_42_1267,8.905541,1.6130962
c_1_42_1268,11.166441,5.0015388
c_1_42_1269,9.744987,2.3191495
c_1_42_1270,9.836528,4.0603814
c_1_42_1271,12.059678,1.2279574
c_1_42_1272,8.670858,4.942398
c_1_42_1273,8.312601,3.059267
c_1_42_1274,12.042528,4.039971
c_1_42_1276,12.235015,3.8566399
c_1_42_1277,13.322802,2.4959877
c_1_42_1278,9.921692,2.177834
c_1_42_1279,9.84405,2.4175262
c_1_42_1280,8.312474,5.060577
c_1_42_1281,8.0308275,3.7827296
c_1_42_1282,10.954095,4.815465
c_1_42_1283,11.99536,2.823283
c_1_42_1284,9.118549,5.1597643
c_1_42_1285,11.066113,1.8145677
c_1_42_1286,7.965465,2.2673097
c_1_42_1287,13.126555,3.6601305
c_1_42_1288,12.79696,2.15746
c_1_42_1289,10.908959,5.2234755
c_1_42_1290,11.278969,2.854909
c_1_42_1291,9.319029,4.465012
c_1_42_1292,7.4478827,2.8998396
c_1_42_1293,9.234563,4.818718
c_1_42_1294,9.405839,1.9555968
c_1_42_1295,11.474747,4.7307487
c_1_42_1296,8.502557,4.993912
c_1_42_1297,7.9216495,1.7324767
c_1_42_1298,8.722843,4.2812443
c_1_42_1299,8.563937,4.62304
c_1_42_1300,9.691772,4.091474
c_1_42_1301,12.708879,4.507732
c_1_42_1302,9.784931,-0.32992285
c_1_42_1303,8.990871,3.7429745
c_1_42_1304,14.418067,4.229231
c_1_42_1305,14.716031,4.9599195
c_1_42_1307,11.716884,6.945839
c_1_42_1308,9.613508,3.079428
c_1_42_1309,12.185237,6.81363
c_1_42_1310,14.071616,5.377249
c_1_42_1311,12.131476,7.2257214
c_1_42_1312,12.255474,8.230805
c_1_42_1313,11.462662,3.7465866
c_1_42_1314,9.178844,2.2604237
c_1_42_1315,12.77933,7.562057
c_1_42_1316,6.671886,2.8110332
c_1_42_1317,13.839063,6.02912
c_1_42_1318,12.86342,7.908836
c_1_42_1319,9.659677,1.7806965
c_1_42_1320,11.61269,3.343164
c_1_42_1321,13.079581,7.6809115
c_1_42_1322,11.888778,7.1655874
c_1_42_1323,11.702198,3.5139325
c_1_42_1324,13.562878,2.5529704
c_1_42_1325,12.707774,7.623666
c_1_42_1326,12.435474,7.377309
c_1_42_1327,12.71304,2.12151
c_1_42_1328,11.918985,5.6813154
c_1_42_1329,11.684239,7.1474457
c_1_42_1330,12.271944,7.6742234
c_1_42_1331,7.8057747,2.776159
c_1_42_1332,12.141683,7.458291
c_1_42_1333,12.625268,5.116569
c_1_42_1334,6.637299,2.0264118
c_1_42_1335,12.684648,7.8038197
c_1_42_1336,12.806346,7.536231
c_1_42_1337,12.491672,7.9081616
c_1_42_1338,12.616609,7.4931583
c_1_42_1339,13.042266,5.5199556
c_1_42_1340,12.260727,7.955478
c_1_42_1341,12.392595,8.147484
c_1_42_1342,12.417564,6.845489
c_1_42_1343,13.750171,5.476813
c_1_42_1344,12.17679,7.980297
c_1_42_1345,12.673772,6.8884387
c_1_42_1346,9.538633,1.8959702
c_1_42_1347,10.994546,6.0360446
c_1_42_1348,5.5060596,3.2849512
c_1_42_1349,12.24706,7.8210773
c_1_42_1350,6.9827185,3.2639484
c_1_42_1351,12.428804,7.4961514
c_1_42_1352,12.985671,5.014616
c_1_42_1353,10.500817,2.7533662
c_1_42_1354,6.6778708,2.3039358
c_1_42_1355,6.968802,2.3244781
c_1_42_1356,6.302544,2.6917071
c_1_42_1357,12.538429,5.4167356
c_1_42_1359,13.236908,3.6675878
c_1_42_1360,13.214303,5.3568277
c_1_42_1361,7.281281,0.43554282
c_1_42_1362,7.987497,1.6158243
c_1_42_1363,13.450248,6.025023
c_1_42_1364,12.537481,8.142129
c_1_42_1365,12.609031,7.437171
c_1_42_1366,13.602451,5.6102085
c_1_42_1367,13.481474,6.325967
c_1_42_1368,5.8267026,3.0003963
c_1_42_1369,11.71451,4.7429647
c_1_42_1370,13.078178,4.8309407
c_1_42_1371,12.591661,7.8089595
c_1_42_1372,11.650504,3.7495558
c_1_42_1374,7.702027,1.7841742
c_1_42_1376,11.140953,5.2330093
c_1_42_1377,12.368596,6.7210364
c_1_42_1378,5.8140755,2.4936502
c_1_42_1379,12.127344,8.105466
c_1_42_1380,13.307037,5.0540853
c_1_42_1381,9.723107,2.5725396
c_1_42_1382,14.007182,2.0098984
c_1_42_1384,8.026079,1.3992587
c_1_42_1385,7.028198,2.326224
c_1_42_1386,5.8539853,2.8765733
c_1_42_1387,13.137611,1.408241
c_1_42_1388,8.516209,2.0735781
c_1_42_1389,11.7955,2.9590747
c_1_42_1390,12.650822,1.6831319
c_1_42_1391,12.561776,8.216026
c_1_42_1392,7.897579,2.7556818
c_1_42_1393,13.364734,-0.109814376
c_1_42_1394,13.158006,6.00925
c_1_42_1395,11.513509,1.7148463
c_1_42_1396,11.891331,6.118028
c_1_42_1397,12.32847,6.427601
c_1_42_1398,13.251919,5.5515575
c_1_42_1399,12.311051,8.088209
c_1_42_1400,12.772488,4.7767816
c_1_42_1401,10.977212,3.4539719
c_1_42_1402,14.10992,5.8923855
c_1_42_1403,12.317665,3.517755
c_1_42_1404,13.48829,5.878003
c_1_42_1405,11.6812315,2.1487513
c_1_42_1406,9.630701,4.777233
c_1_42_1407,14.16056,5.826286
c_1_42_1408,12.742707,1.4265282
c_1_42_1409,14.502855,4.1919217
c_1_42_1410,9.704435,2.4458408
c_1_42_1411,12.056772,3.849956
c_1_42_1412,12.418187,6.764303
c_1_42_1413,11.617971,3.2426102
c_1_42_1414,11.452834,2.6782846
c_1_42_1415,13.728817,5.5295763
c_1_42_1416,10.6775875,2.3791897
c_1_42_1417,13.20313,6.086153
c_1_42_1418,12.4426985,0.4319398
c_1_42_1419,10.804626,0.9824512
c_1_42_1420,14.259083,0.9947815
c_1_42_1421,13.808974,-0.49726367
c_1_42_1422,11.3659725,3.8088698
c_1_42_1423,11.743986,4.9258285
c_1_42_1424,9.51027,1.741509
c_1_42_1425,8.404215,3.7318885
c_1_42_1426,12.454195,4.3283925
c_1_42_1427,10.050811,0.28772074
c_1_42_1428,9.447957,1.2891171
c_1_42_1429,13.228444,3.8674383
c_1_42_1430,8.938523,2.3276987
c_1_42_1431,10.450079,3.684662
c_1_42_1432,10.326568,4.580262
c_1_42_1433,11.887673,4.821652
c_1_42_1434,10.569692,4.003315
c_1_42_1435,10.700196,2.802275
c_1_42_1436,9.361089,3.6492376
c_1_42_1437,11.068387,3.1737497
c_1_42_1438,13.718139,5.2517924
c_1_42_1439,11.874434,3.3325963
c_1_42_1440,13.398299,4.198177
c_1_42_1441,11.185944,3.498977
c_1_42_1442,11.852589,1.5005052
c_1_42_1443,12.1018715,4.3026114
c_1_42_1444,11.981317,2.0267558
c_1_42_1445,10.609943,3.2272124
c_1_42_1446,10.90283,4.2714605
c_1_42_1447,11.033483,4.246395
c_1_42_1448,13.254501,4.9678817
c_1_42_1449,8.135674,2.6748407
c_1_42_1450,13.16156,4.9836984
c_1_42_1451,15.008267,4.0185657
c_1_42_1453,13.86304,2.988223
c_1_42_1454,13.932957,6.0391855
c_1_42_1455,11.58663,2.0512888
c_1_42_1456,8.869071,2.9609728
c_1_42_1457,9.4154825,3.618486
c_1_42_1458,11.789261,3.103284
c_1_42_1459,13.3424835,2.5819497
c_1_42_1460,10.155581,2.5457811
c_1_42_1461,12.351105,4.5986595
c_1_42_1462,14.886778,4.8842983
c_1_42_1463,10.685657,3.2416651
c_1_42_1464,11.966958,4.3527536
c_1_42_1465,10.492804,4.794978
c_1_42_1467,12.177374,4.2927723
c_1_42_1468,9.452489,2.338344
c_1_42_1470,7.883166,4.0040784
c_1_42_1472,14.949486,5.1832294
c_1_42_1473,11.965169,3.6026034
c_1_42_1474,13.606009,1.2910465
c_1_42_1475,8.024121,0.34812328
c_1_42_1476,11.643903,3.7368524
c_1_42_1477,9.157879,3.6264026
c_1_42_1478,9.476725,1.5524553
c_1_42_1479,7.4252725,1.4871858
c_1_42_1481,13.836951,4.399776
c_1_42_1482,10.377093,2.4530513
c_1_42_1483,10.506798,3.375389
c_1_42_1485,9.170317,2.5096016
c_1_42_1486,10.431639,3.1947167
c_1_42_1487,11.891274,3.97874
c_1_42_1488,14.271993,4.5151515
c_1_42_1489,9.89646,2.8098347
c_1_42_1490,10.106502,3.457976
c_1_42_1491,9.204174,5.0030713
c_1_42_1492,9.91398,1.8374519
c_1_42_1494,9.749701,1.9167421
c_1_42_1495,8.068432,0.3356712
c_1_42_1496,14.04234,1.4559882
c_1_42_1497,12.529609,3.7387953
c_1_42_1498,9.736264,1.3385285
c_1_42_1499,14.072378,4.649346
c_1_42_1500,11.195729,1.7752016
c_1_42_1501,10.477206,3.6890402
c_1_42_1502,7.5043583,3.1887984
c_1_42_1503,12.734941,2.73325
c_1_42_1504,14.024706,3.732727
c_1_42_1505,14.230288,4.4700513
c_1_42_1506,9.581396,4.192611
c_1_42_1507,11.46391,4.0430517
c_1_42_1508,8.010233,5.0336876
c_1_42_1509,13.6900425,1.2097872
c_1_42_1510,10.915226,3.1002297
c_1_42_1511,9.545262,3.653217
c_1_42_1512,9.763829,3.1875
c_1_42_1513,12.890319,4.1693745
c_1_42_1515,10.5686,2.7437367
c_1_42_1516,9.212959,4.8878994
c_1_42_1517,12.493348,3.5893886
c_1_42_1518,11.226513,4.761061
c_1_42_1519,14.73709,4.579857
c_1_42_1520,12.561353,3.7167215
c_1_42_1521,10.143967,2.652368
c_1_42_1522,10.382127,4.0385528
c_1_42_1523,13.067748,3.7295623
c_1_42_1524,11.987152,3.4090273
c_1_42_1525,10.557179,4.1321993
c_1_42_1527,10.211279,2.635963
c_1_42_1528,7.6960263,3.7329574
c_1_42_1529,12.511817,3.983733
c_1_42_1530,12.473285,3.0983393
c_1_42_1531,13.4309435,4.078195
c_1_42_1532,10.617172,0.99235535
c_1_42_1533,9.649331,2.77025
c_1_42_1534,11.709021,3.9117024
c_1_42_1535,12.539679,-1.5335889
c_1_42_1536,13.029024,3.8288698
c_1_42_1537,10.6501,4.3921485
c_1_42_1538,13.7074375,1.7023404
c_1_42_1539,11.281933,4.5558124
c_1_42_1540,13.805661,4.6442013
c_1_42_1541,7.8454275,3.729127
c_1_42_1542,10.840266,4.561727
c_1_42_1543,13.313102,4.2270813
c_1_42_1544,13.407029,4.74664
c_1_42_1545,14.629146,4.2423964
c_1_42_1546,11.492064,3.2655969
c_1_42_1547,13.084799,1.1166008
c_1_42_1548,10.52337,0.59897316
c_1_42_1549,12.4189205,5.4080772
c_1_42_1550,11.341736,4.7009206
c_1_42_1551,11.906246,4.686779
c_1_42_1552,12.675289,5.3179293
c_1_42_1553,14.665277,4.8716946
c_1_42_1554,14.548682,0.9897419
c_1_42_1555,7.9459333,3.6352482
c_1_42_1556,9.134036,2.424053
c_1_42_1557,12.957007,0.16995741
c_1_42_1558,8.796886,2.41199
c_1_42_1559,14.8243885,4.7946177
c_1_42_1560,9.291687,2.7792106
c_1_42_1561,8.9471035,2.3181446
c_1_42_1562,13.168549,1.6007507
c_1_42_1563,10.132328,3.9887836
c_1_42_1564,7.056635,3.661078
c_1_42_1565,13.156536,5.572692
c_1_42_1566,11.060983,0.79307425
c_1_42_1567,11.859644,2.6891744
c_1_42_1568,8.989146,3.4023027
c_1_42_1569,8.001306,1.1957616
c_1_42_1571,12.179296,5.7782564
c_1_42_1572,11.968691,2.2207685
c_1_42_1573,9.757887,1.0518779
c_1_42_1575,8.123164,3.7347586
c_1_42_1576,8.968506,2.112022
c_1_42_1577,12.731471,3.6671097
c_1_42_1578,12.286197,5.5110307
c_1_42_1579,10.363936,4.4956083
c_1_42_1580,12.472515,3.3120646
c_1_42_1581,7.547581,2.2429066
c_1_42_1582,10.621293,3.2116294
c_1_42_1583,8.916114,2.4955873
c_1_42_1584,11.643172,4.963686
c_1_42_1585,7.930933,2.201762
c_1_42_1586,9.479218,3.5835893
c_1_42_1587,8.216277,3.4716215
c_1_42_1588,12.387219,5.4826283
c_1_42_1589,11.953746,5.075865
c_1_42_1590,12.030708,2.8500006
c_1_42_1591,11.77932,3.261351
c_1_42_1592,8.517718,1.7809788
c_1_42_1593,8.856615,3.9301758
c_1_42_1594,9.012705,3.3675928
c_1_42_1595,10.475054,3.5582855
c_1_42_1596,13.541191,4.3332877
c_1_42_1598,10.882823,4.557548
c_1_42_1599,14.089034,4.489062
c_1_42_1600,11.363591,4.194689
c_1_42_1601,10.160531,4.100473
c_1_42_1602,13.87334,5.5784917
c_1_42_1603,14.670915,5.459666
c_1_42_1604,12.09774,5.222756
c_1_42_1605,11.968909,4.559248
c_1_42_1606,14.892915,5.0864763
c_1_42_1607,7.9827924,3.6025555
c_1_42_1608,13.054815,4.3088093
c_1_42_1609,10.755199,0.56074595
c_1_42_1610,9.416103,2.141632
c_1_42_1611,10.819764,1.4772935
c_1_42_1612,5.7261868,1.7658842
c_1_42_1613,12.443051,4.67153
c_1_42_1614,10.770531,1.5720605
c_1_42_1615,9.687122,4.0062838
c_1_42_1616,7.5235567,2.5840423
c_1_42_1617,11.23095,3.3453565
c_1_42_1618,11.323725,5.450174
c_1_42_1619,7.8689604,4.3596683
c_1_42_1620,9.978655,2.4044287
c_1_42_1621,7.608633,2.97976
c_1_42_1622,9.633417,2.5224984
c_1_42_1623,8.943862,5.0659842
c_1_42_1624,8.564442,4.2153625
c_1_42_1625,8.146668,1.957502
c_1_42_1626,9.994714,5.284007
c_1_42_1627,7.7133217,3.116171
c_1_42_1628,11.011392,3.4242072
c_1_42_1629,8.651126,3.104935
c_1_42_1630,11.368703,4.60374
c_1_42_1631,8.282081,2.239127
c_1_42_1632,14.720158,1.246188
c_1_42_1634,8.416052,1.2240235
c_1_42_1635,8.343529,1.1353102
c_1_42_1636,8.794523,1.2058643
c_1_42_1637,7.2651715,0.439499
c_1_42_1638,9.735064,3.7190135
c_1_42_1639,12.693306,3.333542
c_1_42_1642,11.192844,1.5955812
c_1_42_1645,11.226305,3.6547396
c_1_42_1646,12.854736,4.3291736
c_1_42_1647,13.284623,3.3137228
c_1_42_1648,12.080891,2.0159283
c_1_42_1649,10.870151,2.5829196
c_1_42_1650,8.202749,3.2467363
c_1_42_1651,14.022966,4.505534
c_1_42_1652,10.781908,3.4553673
c_1_42_1654,8.753967,3.6450198
c_1_42_1655,8.664344,5.2107277
c_1_42_1656,8.758063,4.2312818
c_1_42_1657,8.949138,4.5618143
c_1_42_1658,7.053697,1.5830765
c_1_42_1659,10.970095,1.3858448
c_1_42_1660,8.005714,2.1127257
c_1_42_1661,8.409372,2.9987025
c_1_42_1662,13.191833,4.3240676
c_1_42_1663,10.093608,1.3666644
c_1_42_1664,7.1125126,3.855947
c_1_42_1665,10.884578,3.9639091
c_1_42_1666,9.58675,2.538855
c_1_42_1667,10.36245,3.5600927
c_1_42_1668,11.69764,4.315008
c_1_42_1669,13.739709,4.6762996
c_1_42_1670,8.612459,4.220547
c_1_42_1671,9.752012,2.9461136
c_1_42_1673,8.016113,-0.043641098
c_1_42_1674,8.6321745,1.9638267
c_1_42_1675,13.471038,4.461856
c_1_42_1677,8.486027,3.485768
c_1_42_1678,8.532976,3.9705904
c_1_42_1679,11.633546,0.35284865
c_1_42_1680,9.969559,3.4191792
c_1_42_1681,9.35516,4.2177625
c_1_42_1683,13.542116,2.0474434
c_1_42_1684,9.713397,3.3816466
c_1_42_1685,9.258173,4.473272
c_1_42_1686,8.088953,2.9111617
c_1_42_1687,12.94125,4.224284
c_1_42_1688,11.483645,3.8068593
c_1_42_1690,11.948081,2.0996466
c_1_42_1691,15.042068,5.0440235
c_1_42_1692,13.896158,1.597143
c_1_42_1693,10.792407,3.5279324
c_1_42_1694,7.527331,-0.23927832
c_1_42_1695,9.33768,4.8651767
c_1_42_1696,10.929339,2.2522423
c_1_42_1697,9.479188,-1.5873213
c_1_42_1698,14.253018,4.4951267
c_1_42_1699,13.743496,4.1448836
c_1_42_1700,9.726899,4.0992646
c_1_42_1702,7.8453465,3.1393237
c_1_42_1703,10.532632,4.001222
c_1_42_1704,8.690352,2.6332624
c_1_42_1705,10.090178,2.9850926
c_1_42_1706,10.728633,1.0816041
c_1_42_1707,12.826241,5.0005035
c_1_42_1708,10.692672,2.7931433
c_1_42_1709,7.722534,3.4782546
c_1_42_1710,11.071428,4.1725545
c_1_42_1711,10.522989,3.6254535
c_1_42_1712,11.786688,2.6906545
c_1_42_1713,12.891747,3.684283
c_1_42_1714,10.986085,3.6885102
c_1_42_1715,8.413563,4.1621733
c_1_42_1716,9.456012,1.4275872
c_1_42_1717,14.879678,5.2334757
c_1_42_1718,10.743507,2.764606
c_1_42_1719,8.625871,3.1288197
c_1_42_1720,7.78697,3.1662652
c_1_42_1721,10.538933,3.8532295
c_1_42_1722,9.377909,4.4852934
c_1_42_1723,10.416996,2.1992025
c_1_42_1724,11.590098,3.5303063
c_1_42_1725,8.785542,2.505675
c_1_42_1726,11.388438,4.9524446
c_1_42_1727,8.572832,4.7668295
c_1_42_1728,11.032068,3.9075353
c_1_42_1729,12.209936,4.325735
c_1_42_1730,11.227858,4.788123
c_1_42_1731,14.703487,5.239212
c_1_42_1732,9.913985,2.51244
c_1_42_1733,10.121387,3.7990603
c_1_42_1734,8.958455,1.9313135
c_1_42_1735,9.525471,2.915384
c_1_42_1736,8.359084,2.8827617
c_1_42_1737,9.607894,4.394938
c_1_42_1738,10.34945,3.0040293
c_1_42_1739,12.446485,4.133248
c_1_42_1740,9.067594,3.8034787
c_1_42_1741,8.725184,4.5393925
c_1_42_1742,10.408475,3.8337007
c_1_42_1743,8.7241335,3.9021776
c_1_42_1744,11.8974085,1.568056
c_1_42_1745,8.621449,3.736461
c_1_42_1746,9.982534,5.276699
c_1_42_1747,10.1389675,2.5141842
c_1_42_1748,9.130992,4.6137047
c_1_42_1749,9.90482,4.049931
c_1_42_1750,8.338769,2.9234064
c_1_42_1751,10.485071,2.499668
c_1_42_1753,10.461025,1.3856308
c_1_42_1754,7.509848,3.071118
c_1_42_1756,8.098431,2.8372076
c_1_42_1758,12.179602,4.8983674
c_1_42_1759,10.227711,4.574085
c_1_42_1760,14.468703,4.6696825
c_1_42_1762,10.587932,2.886035
c_1_42_1763,10.068406,2.5766206
c_1_42_1765,9.819162,3.2113607
c_1_42_1766,8.792083,4.2703753
c_1_42_1767,10.200449,2.047707
c_1_42_1768,10.152286,4.846527
c_1_42_1769,8.600276,4.5029263
c_1_42_1770,7.9802184,2.3482842
c_1_42_1771,9.920067,2.5711532
c_1_42_1772,8.310781,5.241746
c_1_42_1773,13.588954,3.9936523
c_1_42_1775,10.006676,2.6959531
c_1_42_1776,10.136294,3.1527383
c_1_42_1777,7.4376535,1.636454
c_1_42_1778,12.671209,5.6723723
c_1_42_1779,10.877048,1.1856903
c_1_42_1780,8.821165,4.898533
c_1_42_1781,7.9373255,4.5857873
c_1_42_1782,14.598712,4.567404
c_1_42_1783,10.4902,0.34751743
c_1_42_1784,11.033238,2.7432823
c_1_42_1785,8.735306,4.1798754
c_1_42_1787,8.00461,3.1193366
c_1_42_1788,9.503497,2.8541744
c_1_42_1789,10.769021,3.5646858
c_1_42_1790,12.165485,3.854113
c_1_42_1791,9.593561,3.5706117
c_1_42_1792,8.828285,3.6668968
c_1_42_1793,9.380684,2.3083692
c_1_42_1796,11.166532,3.7959774
c_1_42_1797,9.761063,1.822623
c_1_42_1798,9.290515,4.417076
c_1_42_1800,10.207896,0.99472684
c_1_42_1802,10.111523,4.437033
c_1_42_1803,6.2098203,1.8621058
c_1_42_1804,12.979418,4.216103
c_1_42_1805,8.851272,4.900879
c_1_42_1806,10.999256,-0.3428212
c_1_42_1807,8.325715,1.7221634
c_1_42_1808,12.369998,0.5344729
c_1_42_1809,11.004439,-1.2563488
c_1_42_1810,10.719524,2.8926034
c_1_42_1811,7.8763227,2.9747462
c_1_42_1812,8.887051,3.1381462
c_1_42_1813,10.112473,1.534644
c_1_42_1814,8.3146,2.537577
c_1_42_1815,8.42319,5.15379
c_1_42_1816,13.409695,3.2694557
c_1_42_1817,11.343836,3.2945285
c_1_42_1818,14.670353,5.4945016
c_1_42_1819,8.365829,3.717312
c_1_42_1820,8.583865,2.7461538
c_1_42_1821,8.354034,2.0154269
c_1_42_1822,8.442735,3.0198188
c_1_42_1823,11.97492,4.6352143
c_1_42_1824,9.533666,2.8487294
c_1_42_1825,9.58933,1.3267013
c_1_42_1826,14.817861,4.414167
c_1_42_1827,13.506125,4.2065206
c_1_42_1828,11.600773,4.1241603
c_1_42_1829,10.327882,4.878745
c_1_42_1830,11.096824,4.2441473
c_1_42_1831,9.001558,3.1347847
c_1_42_1832,7.7957783,2.879025
c_1_42_1833,11.293027,4.777187
c_1_42_1834,7.6385336,3.2245805
c_1_42_1835,10.805862,2.6970296
c_1_42_1836,8.816503,3.9485693
c_1_42_1837,9.5000305,3.124328
c_1_42_1838,14.004785,3.5931664
c_1_42_1839,14.539887,4.2647214
c_1_42_1840,7.7062387,2.3617997
c_1_42_1841,6.1771297,0.13478103
c_1_42_1842,8.066632,3.7356627
c_1_42_1843,8.0465145,2.2416115
c_1_42_1844,10.01395,4.123142
c_1_42_1846,12.079285,4.7252383
c_1_42_1847,9.433289,4.984074
c_1_42_1848,7.976237,2.8163412
c_1_42_1849,10.68414,4.1839476
c_1_42_1850,9.786047,4.822208
c_1_42_1851,9.015242,2.273117
c_1_42_1852,10.979805,4.8437624
c_1_42_1853,14.52005,3.7563958
c_1_42_1854,9.104562,3.811217
c_1_42_1855,8.015104,4.2057033
c_1_42_1856,12.695758,5.313952
c_1_42_1857,12.272329,4.6663194
c_1_42_1858,11.345029,4.981717
c_1_42_1860,9.653062,4.9677525
c_1_42_1861,14.300054,5.089859
c_1_42_1862,15.190349,4.395282
c_1_42_1863,8.538698,2.1478317
c_1_42_1864,9.597444,3.619817
c_1_42_1866,11.24936,1.2968177
c_1_42_1867,8.772039,3.030405
c_1_42_1868,13.552941,4.727522
c_1_42_1869,9.601992,3.8477538
c_1_42_1870,8.712664,3.849807
c_1_42_1871,9.7811985,4.1450453
c_1_42_1872,8.623858,1.9493188
c_1_42_1873,9.329471,2.0781856
c_1_42_1874,9.726909,4.582427
c_1_42_1875,10.3989525,4.1970353
c_1_42_1876,7.8915615,4.5570617
c_1_42_1877,10.669444,4.8078604
c_1_42_1878,7.838471,4.2726407
c_1_42_1879,10.237843,2.3215578
c_1_42_1880,8.769549,3.9399557
c_1_42_1881,9.342557,5.5768747
c_1_42_1882,12.75369,5.018183
c_1_42_1883,9.4781,5.219079
c_1_42_1884,7.442618,4.137028
c_1_42_1885,11.043435,4.8309703
c_1_42_1886,10.877602,5.0112953
c_1_42_1887,13.597966,3.7011602
c_1_42_1888,10.312591,3.3882647
c_1_42_1889,8.531071,2.8633573
c_1_42_1890,9.162416,3.979478
c_1_42_1891,9.173216,2.122963
c_1_42_1892,7.5092616,3.0326297
c_1_42_1893,8.586956,2.887047
c_1_42_1894,12.633592,5.330333
c_1_42_1895,8.903932,3.18895
c_1_42_1896,8.969428,4.7553263
c_1_42_1897,11.083577,4.6039505
c_1_42_1898,11.7850685,4.8225093
c_1_42_1899,9.823598,3.9267828
c_1_42_1900,11.132619,2.7981188
c_1_42_1901,8.933321,2.671372
c_1_42_1903,9.266903,4.1631393
c_1_42_1904,10.091568,3.6448505
c_1_42_1905,11.422293,3.5678813
c_1_42_1906,11.028577,3.0792336
c_1_42_1907,8.335478,4.2859793
c_1_42_1908,12.138759,4.6477513
c_1_42_1909,10.068563,4.199573
c_1_42_1910,8.19964,3.0790052
c_1_42_1911,9.237952,3.0351205
c_1_42_1912,8.740444,3.031745
c_1_42_1913,10.466874,4.3022223
c_1_42_1914,10.611804,3.2764816
c_1_42_1915,10.0238905,0.8919496
c_1_42_1916,14.8345785,4.691122
c_1_42_1917,9.369762,3.3767114
c_1_42_1918,8.139669,3.5834408
c_1_42_1919,9.593055,5.0459304
c_1_42_1920,12.776294,5.4784036
c_1_42_1921,10.740865,3.734389
c_1_42_1922,7.824662,3.9949508
c_1_42_1923,8.598538,4.507892
c_1_42_1924,8.411335,5.0563674
c_1_42_1925,10.274561,4.5982757
c_1_42_1926,10.847301,5.153303
c_1_42_1927,8.281611,4.189037
c_1_42_1928,9.207125,4.4339514
c_1_42_1929,10.240305,3.4252355
c_1_42_1930,8.58229,4.0432096
c_1_42_1931,8.426641,-0.45167333
c_1_42_1932,14.13773,4.2648225
c_1_42_1933,8.109848,3.1355195
c_1_42_1934,11.6627035,3.6193547
c_1_42_1935,7.5280604,1.5543499
c_1_42_1936,8.844714,3.430581
c_1_42_1937,7.8213673,4.991017
c_1_42_1938,8.79481,4.238444
c_1_42_1939,9.755229,4.7162294
c_1_42_1941,7.9818196,3.0480676
c_1_42_1942,8.943706,5.019739
c_1_42_1943,8.44223,3.6120355
c_1_42_1944,9.295847,3.6333497
c_1_42_1945,10.608533,3.4990568
c_1_42_1946,12.764647,4.224199
c_1_42_1947,10.831046,3.4290988
c_1_42_1948,7.9865804,4.3265853
c_1_42_1949,14.226675,5.686313
c_1_42_1950,9.146071,2.3943877
c_1_42_1951,10.989982,4.089211
c_1_42_1952,7.897048,0.7138592
c_1_42_1953,9.068699,1.5799577
c_1_42_1955,10.598051,4.4069824
c_1_42_1957,9.529535,5.6098843
c_1_42_1958,9.2736845,-1.5182512
c_1_42_1959,13.643181,3.9978247
c_1_42_1960,9.887845,1.585211
c_1_42_1961,11.375157,4.4951634
c_1_42_1962,9.270874,3.3482456
c_1_42_1963,11.252799,5.0514235
c_1_42_1964,8.890935,5.2378235
c_1_42_1965,8.999956,4.189952
c_1_42_1966,8.449627,2.8600583
c_1_42_1967,11.862183,4.1335316
c_1_42_1968,8.751809,3.8727117
c_1_42_1969,8.765107,3.9807606
c_1_42_1970,10.924828,0.67956126
c_1_42_1971,12.009203,1.2319902
c_1_42_1972,11.264907,4.1310067
c_1_42_1973,8.227048,4.4325924
c_1_42_1974,8.639208,3.9484198
c_1_42_1975,14.971058,4.9235973
c_1_42_1976,9.432702,2.5369494
c_1_42_1977,14.11407,4.382142
c_1_42_1978,11.504139,3.9823847
c_1_42_1979,9.482642,2.8068848
c_1_42_1980,8.912936,3.7608187
c_1_42_1981,8.545814,4.362367
c_1_42_1982,12.628586,4.297018
c_1_42_1983,8.074674,3.4905765
c_1_42_1984,10.595256,2.2499893
c_1_42_1985,8.2091055,3.028776
c_1_42_1986,8.513078,3.3374453
c_1_42_1987,9.234397,0.17617674
c_1_42_1988,9.676984,3.6066804
c_1_42_1989,8.1525545,3.308643
c_1_42_1990,8.395007,1.9032327
c_1_42_1991,7.9600577,4.4470735
c_1_42_1992,8.778786,4.128024
c_1_42_1993,8.793559,2.3741996
c_1_42_1994,10.537487,3.6994894
c_1_42_1995,10.421159,3.6039708
c_1_42_1996,8.43079,4.9069533
c_1_42_1997,11.059185,4.5667763
c_1_42_1998,8.252767,1.2896016
c_1_42_1999,12.539329,3.8142512
c_1_42_2000,9.793735,3.2140005
c_1_42_2002,10.25085,0.94118476
c_1_42_2003,12.090119,4.483011
c_1_42_2004,7.7465577,3.8212507
c_1_42_2005,8.272522,2.355201
c_1_42_2006,9.933579,4.7509365
c_1_42_2007,8.913757,4.600226
c_1_42_2008,8.403408,3.6392856
c_1_42_2009,11.168023,2.0631046
c_1_42_2010,12.17139,2.23593
c_1_42_2011,9.783833,3.7452826
c_1_42_2012,8.292095,3.5207915
c_1_42_2013,11.120739,2.8951812
c_1_42_2014,10.070052,4.689059
c_1_42_2015,9.259575,1.6584882
c_1_42_2016,8.042965,2.4609902
c_1_42_2017,14.523909,4.8905196
c_1_42_2018,11.340742,3.9886525
c_1_42_2019,14.335203,4.925978
c_1_42_2020,11.06309,2.557655
c_1_42_2021,12.887572,4.797127
c_1_42_2022,12.243398,1.4597436
c_1_42_2023,14.0261965,4.235579
c_1_42_2024,9.998386,4.202889
c_1_42_2025,8.893162,3.498266
c_1_42_2026,9.27565,3.2148159
c_1_42_2028,11.160624,1.2730157
c_1_42_2029,13.108432,2.225999
c_1_42_2030,8.697785,5.3890386
c_1_42_2031,8.804819,0.82324314
c_1_42_2032,12.648061,0.9064341
c_1_42_2033,9.429095,0.15302382
c_1_42_2034,15.008048,4.7689137
c_1_42_2035,10.788537,4.6116586
c_1_42_2036,9.83484,3.6970768
c_1_42_2037,8.439996,5.0549364
c_1_42_2038,10.516048,4.0015793
c_1_42_2039,10.193365,3.3853505
c_1_42_2040,10.711089,0.99570507
c_1_42_2041,11.535558,3.5824106
c_1_42_2042,13.1125765,2.4254332
c_1_42_2044,14.5393,1.6848807
c_1_42_2046,11.777264,1.375239
c_1_42_2047,12.676397,3.8644044
c_1_42_2048,11.42859,0.27930182
c_1_42_2049,8.261147,4.7987523
c_1_42_2050,9.499908,-0.43755683
c_1_42_2051,9.863696,3.8438618
c_1_42_2052,8.007227,3.8537893
c_1_42_2053,8.988897,3.7615876
c_1_42_2054,9.818222,3.791399
c_1_42_2055,14.249895,4.194895
c_1_42_2056,9.339077,4.9352903
c_1_42_2057,14.231447,1.5321765
c_1_42_2058,9.274641,4.2123885
c_1_42_2059,10.026226,3.3214571
c_1_42_2060,10.595744,4.6991982
c_1_42_2061,9.183345,5.399356
c_1_42_2062,13.026796,3.042495
c_1_42_2063,9.332753,4.876975
c_1_42_2064,10.806151,3.6464221
c_1_42_2065,11.699649,4.396558
c_1_42_2066,9.269388,3.8839955
c_1_42_2067,9.824224,1.6437432
c_1_42_2068,8.050244,2.251102
c_1_42_2069,8.716058,3.4048493
c_1_42_2070,8.86375,3.3698726
c_1_42_2071,11.811389,-1.8451737
c_1_42_2072,9.563794,3.654691
c_1_42_2073,8.477028,3.705451
c_1_42_2074,8.266543,2.6270573
c_1_42_2075,9.394064,1.6134899
c_1_42_2076,9.55328,3.408933
c_1_42_2077,11.93385,3.7175193
c_1_42_2078,9.946104,4.326978
c_1_42_2079,12.310664,4.5252876
c_1_42_2080,13.572378,2.7279627
c_1_42_2081,9.457592,4.6186457
c_1_42_2082,7.8571024,1.0910368
c_1_42_2083,12.63595,4.5063677
c_1_42_2084,8.991917,3.1499183
c_1_42_2085,9.2471285,3.7570798
c_1_42_2086,8.550863,2.888786
c_1_42_2087,9.132733,3.520265
c_1_42_2088,8.648275,2.900667
c_1_42_2089,7.718675,2.88527
c_1_42_2090,9.891682,2.42416
c_1_42_2091,8.411293,3.9730027
c_1_42_2092,9.361421,4.531736
c_1_42_2093,7.8056746,2.9661477
c_1_42_2094,9.869216,3.4259343
c_1_42_2095,9.865589,4.9220934
c_1_42_2096,9.1878805,3.3875427
c_1_42_2097,9.036816,4.350418
c_1_42_2098,10.599902,4.243098
c_1_42_2099,9.763271,1.644063
c_1_42_2100,9.330497,5.29174
c_1_42_2101,8.757074,2.971834
c_1_42_2102,9.834471,2.0570192
c_1_42_2103,9.341477,1.9469941
c_1_42_2104,8.843386,4.2297134
c_1_42_2105,8.1165285,3.553844
c_1_42_2106,8.646023,3.0586705
c_1_42_2107,9.96017,4.139463
c_1_42_2108,9.365579,2.9128978
c_1_42_2109,12.224726,4.156536
c_1_42_2110,9.835664,2.9702697
c_1_42_2111,9.768545,1.442758
c_1_42_2112,8.567525,3.679269
c_1_42_2113,10.467593,3.419616
c_1_42_2114,10.906996,2.692648
c_1_42_2115,14.840243,4.663485
c_1_42_2116,10.8511915,5.2594643
c_1_42_2117,9.095291,3.2480955
c_1_42_2118,9.773499,4.81445
c_1_42_2119,12.40347,2.4211857
c_1_42_2120,8.561059,4.3788247
c_1_42_2121,11.191131,3.3704011
c_1_42_2122,7.9459987,1.1047384
c_1_42_2123,10.879182,2.6525245
c_1_42_2124,10.835327,2.3010285
c_1_42_2125,11.745424,4.8137403
c_1_42_2126,9.091753,3.9969344
c_1_42_2127,9.213845,4.3233356
c_1_42_2128,9.595642,4.242381
c_1_42_2129,9.957486,3.573973
c_1_42_2130,9.702106,1.8043221
c_1_42_2131,7.8727126,3.4748566
c_1_42_2132,9.745512,4.7716117
c_1_42_2133,9.643889,4.56162
c_1_42_2134,14.664818,4.7297482
c_1_42_2135,10.300209,3.7887993
c_1_42_2136,13.541834,4.0323515
c_1_42_2137,9.968296,2.3800585
c_1_42_2138,8.127932,0.64773625
c_1_42_2139,10.093988,3.249709
c_1_42_2140,12.040795,2.5962033
c_1_42_2141,8.304228,4.7283444
c_1_42_2143,8.977287,5.145316
c_1_42_2144,9.24015,2.5811467
c_1_42_2145,9.292949,4.0440254
c_1_42_2146,9.429694,5.6085668
c_1_42_2147,11.980532,2.3870971
c_1_42_2148,8.280368,4.3352013
c_1_42_2149,10.471372,2.8880002
c_1_42_2150,9.645313,5.238364
c_1_42_2151,9.378383,5.103682
c_1_42_2152,8.561106,3.3878944
c_1_42_2153,10.875344,5.128017
c_1_42_2154,9.004874,1.478368
c_1_42_2155,10.754484,4.775445
c_1_42_2156,11.69344,4.631256
c_1_42_2157,9.524707,-1.8497676
c_1_42_2158,8.100387,2.7510211
c_1_42_2159,8.799943,5.168115
c_1_42_2160,14.360944,4.3544874
c_1_42_2161,9.031328,3.4659538
c_1_42_2162,8.437104,-0.09010529
c_1_42_2163,8.714869,4.946032
c_1_42_2164,8.715408,3.4673777
c_1_42_2165,8.372636,3.518057
c_1_42_2166,8.8284235,2.5640836
c_1_42_2167,7.767606,0.23345353
c_1_42_2168,9.932079,4.694111
c_1_42_2169,9.785253,4.5684586
c_1_42_2170,9.216542,1.0121902
c_1_42_2171,9.708217,-2.0612528
c_1_42_2172,8.85837,2.8639405
c_1_42_2173,10.816983,3.0309572
c_1_42_2174,14.103414,3.4521184
c_1_42_2175,9.642267,3.101977
c_1_42_2176,10.261149,4.029852
c_1_42_2177,8.602363,1.8882563
c_1_42_2178,13.276174,1.0962846
c_1_42_2179,12.342786,4.6456766
c_1_42_2180,10.184509,3.1067238
c_1_42_2181,10.086807,4.303919
c_1_42_2182,10.377171,4.984665
c_1_42_2184,10.010326,2.1712544
c_1_42_2185,8.835488,4.945512
c_1_42_2186,10.623679,3.5098884
c_1_42_2187,9.583555,2.0378325
c_1_42_2188,7.808213,1.0975902
c_1_42_2189,8.008282,4.9048357
c_1_42_2190,8.146746,4.251249
c_1_42_2191,11.859342,2.6553428
c_1_42_2192,9.3236,4.8316574
c_1_42_2193,11.007423,1.1476016
c_1_42_2194,10.366385,4.066063
c_1_42_2195,12.946062,4.2951035
c_1_42_2196,9.137714,2.6913633
c_1_42_2197,8.816794,4.142231
c_1_42_2199,8.733476,2.9357486
c_1_42_2200,9.737132,4.038918
c_1_42_2201,10.396908,3.872928
c_1_42_2202,8.956529,5.2104535
c_1_42_2203,12.965494,2.9369094
c_1_42_2204,11.208308,4.912133
c_1_42_2205,9.614159,0.6398041
c_1_42_2206,10.4849,5.1988716
c_1_42_2207,8.445025,1.35288
c_1_42_2208,8.947624,5.882917
c_1_42_2209,9.77878,2.4176226
c_1_42_2210,9.502574,1.919863
c_1_42_2211,9.890369,2.9533534
c_1_42_2212,5.958812,1.3763887
c_1_42_2213,10.951384,0.35525003
c_1_42_2214,9.917212,2.9212894
c_1_42_2215,8.677242,4.309898
c_1_42_2216,10.32453,3.1518862
c_1_42_2217,10.337667,3.4587328
c_1_42_2218,11.700641,3.6827834
c_1_42_2219,7.742123,4.067287
c_1_42_2220,10.291418,3.2317562
c_1_42_2221,10.858366,2.048501
c_1_42_2222,8.648734,2.6459382
c_1_42_2223,9.440747,1.7712324
c_1_42_2224,8.503648,3.1169305
c_1_42_2225,10.249846,2.61492
c_1_42_2226,8.52792,5.4626427
c_1_42_2227,12.438813,2.062325
c_1_42_2228,8.491116,4.738892
c_1_42_2229,9.322539,4.139294
c_1_42_2230,9.28407,5.10768
c_1_42_2231,8.948977,4.151328
c_1_42_2232,8.422829,3.8544195
c_1_42_2233,8.889973,1.8672554
c_1_42_2234,8.853279,3.5759826
c_1_42_2235,8.442749,3.2984002
c_1_42_2236,9.529676,4.6150165
c_1_42_2239,8.534677,0.7823369
c_1_42_2240,10.822264,4.656955
c_1_42_2241,11.30092,3.3646927
c_1_42_2242,12.334865,4.379073
c_1_42_2243,10.311453,3.0992265
c_1_42_2244,9.475152,4.3523765
c_1_42_2245,8.233976,4.119429
c_1_42_2246,9.335366,0.93781775
c_1_42_2247,8.959215,5.618379
c_1_42_2248,8.832765,3.8460596
c_1_42_2249,9.946956,3.0137925
c_1_42_2250,9.500469,3.974998
c_1_42_2252,10.165905,3.901358
c_1_42_2253,12.382805,4.1447277
c_1_42_2254,9.268828,2.725268
c_1_42_2255,12.253411,2.9057016
c_1_42_2256,8.480039,5.227846
c_1_42_2257,8.605339,5.27382
c_1_42_2258,7.35573,2.2917178
c_1_42_2259,9.143102,5.1078324
c_1_42_2260,10.433428,5.1443753
c_1_42_2261,9.845223,3.9519534
c_1_42_2262,8.296356,1.5702347
c_1_42_2263,7.984227,3.6670928
c_1_42_2264,11.384219,2.8000937
c_1_42_2265,8.004096,3.0422602
c_1_42_2267,7.9337583,3.828973
c_1_42_2268,9.915944,4.065142
c_1_42_2269,11.653896,4.6419353
c_1_42_2270,10.461123,3.2030807
c_1_42_2271,9.793074,2.6083324
c_1_42_2272,7.7317367,3.5216994
c_1_42_2273,8.179185,5.14384
c_1_42_2274,10.727684,3.0426383
c_1_42_2275,9.039278,2.4718955
c_1_42_2276,9.375706,4.660841
c_1_42_2277,9.085902,2.9135296
c_1_42_2278,9.408167,3.788527
c_1_42_2279,8.636613,3.5598054
c_1_42_2280,8.394672,2.0711448
c_1_42_2281,8.445763,4.737227
c_1_42_2283,8.429083,3.332908
c_1_42_2285,9.861273,4.771184
c_1_42_2286,10.372769,2.571015
c_1_42_2287,10.033456,4.533353
c_1_42_2288,8.045461,3.3686976
c_1_42_2289,12.266473,4.5146356
c_1_42_2290,9.225737,2.636294
c_1_42_2291,7.8201523,3.039087
c_1_42_2292,10.024474,4.8971696
c_1_42_2293,9.568885,2.3677406
c_1_42_2294,8.705217,4.450719
c_1_42_2295,10.118338,3.7931743
c_1_42_2296,9.683061,2.8655539
c_1_42_2297,9.191494,4.9507174
c_1_42_2298,9.49647,5.033116
c_1_42_2299,9.894963,4.410352
c_1_42_2300,7.7154818,2.7664382
c_1_42_2301,8.918365,4.0742927
c_1_42_2302,12.09723,1.015455
c_1_42_2303,9.020679,4.6962166
c_1_42_2304,9.397511,2.7629323
c_1_42_2305,7.6831036,3.3788595
c_1_42_2306,13.210711,0.7947018
c_1_42_2307,10.141473,4.3482947
c_1_42_2308,10.309862,4.1496177
c_1_42_2309,9.014148,0.7340968
c_1_42_2310,8.547085,4.836027
c_1_42_2311,9.80584,4.929704
c_1_42_2312,9.771849,4.3376036
c_1_42_2313,7.6634297,3.92809
c_1_42_2314,10.64959,5.2337995
c_1_42_2315,7.9471755,3.3140738
c_1_42_2316,10.296072,0.12966214
c_1_42_2317,10.484883,4.9086375
c_1_42_2318,9.386862,5.2368712
c_1_42_2319,11.778785,4.494603
c_1_42_2320,8.484929,3.514415
c_1_42_2321,8.410721,4.8427033
c_1_42_2322,10.065243,3.0183027
c_1_42_2323,10.624996,4.9728184
c_1_42_2325,8.359354,0.7844615
c_1_42_2326,14.864798,5.1428533
c_1_42_2327,8.64418,5.3254004
c_1_42_2328,8.654274,4.865727
c_1_42_2329,9.4981365,4.6990914
c_1_42_2330,8.96291,4.572716
c_1_42_2331,10.843374,3.2376416
c_1_42_2332,8.419515,4.0361857
c_1_42_2334,10.896611,4.7109556
c_1_42_2335,8.515858,2.2772067
c_1_42_2336,8.205899,3.2500577
c_1_42_2337,8.879936,3.6782522
c_1_42_2338,9.20751,2.9411988
c_1_42_2339,8.667873,1.076829
c_1_42_2341,9.822108,3.477049
c_1_42_2342,10.677378,2.973214
c_1_42_2343,8.789133,4.560499
c_1_42_2344,10.343527,1.4501218
c_1_42_2345,9.693282,3.2370658
c_1_42_2346,11.11393,4.738935
c_1_42_2347,9.555186,5.003979
c_1_42_2348,10.998438,4.6704264
c_1_42_2349,10.205715,1.7492577
c_1_42_2350,12.3745,3.8468742
c_1_42_2351,13.1261015,4.310453
c_1_42_2352,9.158616,4.1378837
c_1_42_2353,8.426215,2.9648485
c_1_42_2354,8.953639,2.2760522
c_1_42_2355,9.008994,4.0679727
c_1_42_2356,9.658201,3.140281
c_1_42_2357,10.56434,2.2288783
c_1_42_2358,12.826132,5.019881
c_1_42_2359,8.86265,0.38641945
c_1_42_2360,7.9616427,3.0836015
c_1_42_2361,10.924055,2.8504
c_1_42_2362,8.681689,3.7237208
c_1_42_2363,8.893157,5.0598245
c_1_42_2364,8.304415,0.894888
c_1_42_2365,10.120997,4.5635715
c_1_42_2366,11.166063,0.2603565
c_1_42_2367,14.801896,4.5786366
c_1_42_2368,8.70654,3.3403766
c_1_42_2369,8.346009,4.660634
c_1_42_2370,12.24828,4.1842456
c_1_42_2371,8.125251,2.57464
c_1_42_2372,9.693462,3.022644
c_1_42_2373,11.528713,3.4355004
c_1_42_2374,7.6310997,2.486878
c_1_42_2375,7.6119804,3.8889713
c_1_42_2377,10.436974,4.6892486
c_1_42_2379,8.654671,2.3288677
c_1_42_2380,10.322783,3.7836468
c_1_42_2381,8.802605,2.5269465
c_1_42_2382,6.5133123,1.2355578
c_1_42_2383,8.401635,4.746402
c_1_42_2384,11.981913,3.801319
c_1_42_2385,11.238534,5.0318456
c_1_42_2386,12.452535,4.85019
c_1_42_2387,10.400084,5.109522
c_1_42_2388,8.225048,4.24102
c_1_42_2389,9.040087,5.2808485
c_1_42_2391,9.703482,3.8907845
c_1_42_2392,12.967811,4.1952353
c_1_42_2393,8.02797,3.8346996
c_1_42_2394,9.247566,1.6568124
c_1_42_2395,11.455221,0.5610295
c_1_42_2396,11.104897,3.5665417
c_1_42_2397,10.896892,4.5972776
c_1_42_2398,11.967627,3.662885
c_1_42_2399,8.938018,4.5460606
c_1_42_2400,10.141872,2.528573
c_1_42_2401,9.072872,3.0685368
c_1_42_2402,9.636482,3.7425313
c_1_42_2403,8.076007,4.2800403
c_1_42_2404,11.831818,1.763801
c_1_42_2405,8.713991,0.53954786
c_1_42_2406,8.9780855,4.754448
c_1_42_2407,9.726826,4.5805125
c_1_42_2408,10.931985,4.1754246
c_1_42_2409,7.8520927,3.4664235
c_1_42_2410,11.266333,4.5750628
c_1_42_2411,11.436141,4.901961
c_1_42_2412,13.482999,4.6605096
c_1_42_2413,10.217293,4.963584
c_1_42_2414,8.000526,3.855095
c_1_42_2415,9.169491,3.1195655
c_1_42_2416,11.783314,3.8030205
c_1_42_2417,14.48197,5.200675
c_1_42_2418,10.190627,3.599662
c_1_42_2419,9.881441,2.7967439
c_1_42_2420,7.9505157,0.9953413
c_1_42_2421,6.084098,-0.2628949
c_1_42_2422,9.433782,2.7845268
c_1_42_2423,9.255849,-0.1718272
c_1_42_2424,8.480784,3.3255625
c_1_42_2425,8.42523,3.320091
c_1_42_2426,14.701278,4.6814075
c_1_42_2427,8.754012,5.156931
c_1_42_2428,7.6888814,3.0734828
c_1_42_2429,10.043161,2.6719284
c_1_42_2430,8.723047,1.4993417
c_1_42_2431,9.521803,1.8641173
c_1_42_2432,10.346659,4.0245795
c_1_42_2433,12.730077,4.9883795
c_1_42_2434,9.220182,2.447567
c_1_42_2435,9.638769,5.0181456
c_1_42_2436,8.071131,4.788359
c_1_42_2437,9.845282,4.639173
c_1_42_2438,13.038878,3.646756
c_1_42_2439,14.138681,4.479347
c_1_42_2440,8.28165,2.176502
c_1_42_2441,11.360129,3.514386
c_1_42_2442,10.193992,3.4521413
c_1_42_2443,9.418161,3.5356898
c_1_42_2444,10.131435,1.0853784
c_1_42_2445,10.598784,3.276593
c_1_42_2446,9.380597,3.8387344
c_1_42_2447,10.169582,4.847289
c_1_42_2448,9.208032,5.4282856
c_1_42_2449,9.637376,5.4203734
c_1_42_2450,8.669771,2.217397
c_1_42_2451,7.96531,3.2146127
c_1_42_2452,10.142686,2.5210104
c_1_42_2453,12.230782,3.306275
c_1_42_2454,10.706411,3.7946682
c_1_42_2455,9.81407,4.9296713
c_1_42_2456,9.041314,-0.3622623
c_1_42_2457,12.857691,4.9672856
c_1_42_2458,13.695639,4.617339
c_1_42_2459,10.687364,3.4468193
c_1_42_2460,9.833649,4.109169
c_1_42_2461,8.3498535,5.1026015
c_1_42_2462,13.331667,5.222533
c_1_42_2463,12.878889,4.1576104
c_1_42_2464,8.799619,4.2439966
c_1_42_2465,8.523299,2.7931406
c_1_42_2466,10.15205,4.550056
c_1_42_2467,12.502496,-0.5427571
c_1_42_2468,8.268576,3.8091187
c_1_42_2469,7.8607836,3.6197264
c_1_42_2470,9.857934,4.398707
c_1_42_2471,8.76275,4.515386
c_1_42_2472,7.9458437,4.5822334
c_1_42_2473,14.76719,4.2587805
c_1_42_2474,9.096723,5.451109
c_1_42_2475,8.562385,5.5678267
c_1_42_2476,8.080797,5.4306297
c_1_42_2478,12.819265,3.8554223
c_1_42_2479,13.281152,5.6492867
c_1_42_2480,13.605578,4.3913527
c_1_42_2481,9.225726,1.6971781
c_1_42_2482,11.084374,3.0789788
c_1_42_2483,12.65182,-0.9341266
c_1_42_2484,8.997514,4.938553
c_1_42_2485,12.129038,5.1546097
c_1_42_2486,8.799354,4.1630383
c_1_42_2487,7.860589,3.5034351
c_1_42_2488,14.691162,1.3333567
c_1_42_2489,9.156874,5.8617663
c_1_42_2490,8.619927,4.1726274
c_1_42_2492,9.288035,4.4418044
c_1_42_2493,10.339761,0.7837281
c_1_42_2494,9.766578,3.2390745
c_1_42_2495,10.982669,3.7104146
c_1_42_2496,10.487168,3.9554505
c_1_42_2497,10.925747,-0.72553915
c_1_42_2498,13.239752,4.3658085
c_1_42_2499,9.400507,3.6630263
c_1_42_2500,9.470999,5.0447497
c_1_42_2501,8.747895,1.0686995
c_1_42_2502,9.836437,1.3247862
c_1_42_2503,9.139424,1.8754853
c_1_42_2504,13.301755,1.4265229
c_1_42_2505,12.475569,2.8747404
c_1_42_2506,9.981762,3.1499035
c_1_42_2507,10.576204,4.1754804
c_1_42_2508,11.430824,2.4247587
c_1_42_2509,9.019257,1.5125893
c_1_42_2510,8.780805,3.2807477
c_1_42_2511,14.781469,5.1996155
c_1_42_2512,14.1080675,4.165223
c_1_42_2513,9.081156,2.7472415
c_1_42_2514,9.662655,0.20381981
c_1_42_2515,9.555569,4.7248406
c_1_42_2516,13.617052,3.6415472
c_1_42_2517,9.857012,2.4682348
c_1_42_2518,8.696578,1.4694622
c_1_42_2519,9.739159,5.178051
c_1_42_2520,12.497676,4.1734943
c_1_42_2521,10.270619,2.784819
c_1_42_2522,10.542348,3.1069834
c_1_42_2523,10.919066,4.493682
c_1_42_2524,12.498518,5.3878484
c_1_42_2525,12.282747,2.3845844
c_1_42_2527,7.635119,2.3223991
c_1_42_2528,10.627447,5.0419316
c_1_42_2529,15.107214,3.8017776
c_1_42_2530,11.94882,4.792716
c_1_42_2531,8.438573,3.1708848
c_1_42_2532,9.326955,5.2510967
c_1_42_2533,7.827604,4.073366
c_1_42_2534,8.799013,5.8664274
c_1_42_2535,12.783209,5.3844614
c_1_42_2536,9.19732,5.2719173
c_1_42_2537,9.424029,4.4990444
c_1_42_2538,9.408488,2.850373
c_1_42_2540,7.2507563,3.722178
c_1_42_2541,9.962721,2.8663461
c_1_42_2543,9.380078,4.2080297
c_1_43_2,6.0649085,2.6767776
c_1_43_5,8.79289,2.564335
c_1_43_6,14.791277,-0.7807156
c_1_43_7,13.799391,-0.4599172
c_1_43_8,7.476746,2.1653655
c_1_43_9,5.4702797,2.928333
c_1_43_10,9.145349,1.4424133
c_1_43_11,9.067196,2.116156
c_1_43_12,6.366899,2.5194519
c_1_43_13,7.9783626,0.5921987
c_1_43_14,7.3398795,2.566552
c_1_43_15,6.431005,3.249506
c_1_43_16,5.969188,2.9417355
c_1_43_17,5.962366,2.6432512
c_1_43_18,6.5421276,2.6854422
c_1_43_19,5.677086,2.7349513
c_1_43_21,6.6810613,2.5433633
c_1_43_22,6.2557545,2.8243868
c_1_43_23,8.208314,2.0819888
c_1_43_24,9.096574,1.8468281
c_1_43_25,13.59031,5.7149324
c_1_43_26,12.203512,7.8910794
c_1_43_27,7.654468,3.5131707
c_1_43_28,7.1082354,2.862595
c_1_43_29,8.931221,2.8911433
c_1_43_30,5.959335,2.6144707
c_1_43_31,5.44506,3.2093608
c_1_43_32,7.5109887,2.3878667
c_1_43_33,8.647525,2.02012
c_1_43_34,8.06729,2.3742168
c_1_43_35,8.383902,4.0989614
c_1_43_36,6.1530366,2.761168
c_1_43_37,5.420125,3.3007407
c_1_43_38,7.1994824,3.0245812
c_1_43_39,10.718977,2.298721
c_1_43_40,5.826807,3.3705165
c_1_43_41,11.366952,5.661396
c_1_43_42,5.1275225,1.8959835
c_1_43_43,10.271656,2.155697
c_1_43_44,6.5509973,2.8827972
c_1_43_45,6.059292,2.7393715
c_1_43_46,11.664938,6.554402
c_1_43_47,5.877357,2.905038
c_1_43_49,6.5051804,2.6160855
c_1_43_50,5.457373,3.224851
c_1_43_51,5.647546,3.4481564
c_1_43_52,8.129077,0.30797982
c_1_43_53,6.110373,2.9868364
c_1_43_54,5.634196,2.9112341
c_1_43_55,6.9324822,2.895961
c_1_43_56,13.800753,5.252321
c_1_43_59,13.468035,3.852577
c_1_43_60,6.2598076,3.2820323
c_1_43_61,6.6544385,2.5228877
c_1_43_62,5.8523054,2.9681633
c_1_43_64,9.458678,1.064653
c_1_43_66,5.503867,2.9269357
c_1_43_67,11.835265,2.2073889
c_1_43_68,5.3786917,3.1751263
c_1_43_69,5.0669518,1.4990832
c_1_43_71,11.180417,0.4831202
c_1_43_72,6.02748,2.7333825
c_1_43_73,5.5865893,3.2323363
c_1_43_74,5.919638,3.3864064
c_1_43_75,5.4756866,3.0008168
c_1_43_76,7.1436343,2.7900243
c_1_43_78,6.1041107,3.1569781
c_1_43_79,8.177623,2.0694005
c_1_43_80,7.4922414,2.8085814
c_1_43_81,6.8805647,2.7294776
c_1_43_82,5.726628,3.0745206
c_1_43_83,5.9464126,3.149133
c_1_43_84,8.971725,0.4720483
c_1_43_85,13.67862,-0.5259248
c_1_43_86,6.262763,2.9597993
c_1_43_87,7.037284,1.8064295
c_1_43_88,5.9627666,2.8367295
c_1_43_89,5.7056966,2.8542552
c_1_43_90,9.184351,0.93148553
c_1_43_91,7.133244,3.157542
c_1_43_92,10.140239,1.7437862
c_1_43_93,5.758514,2.9178722
c_1_43_95,6.474482,3.2551036
c_1_43_96,6.69056,3.3053644
c_1_43_97,5.8934693,2.6602523
c_1_43_98,10.171224,2.7571456
c_1_43_99,5.820487,2.4298491
c_1_43_100,4.8191442,1.893162
c_1_43_101,5.5131464,3.2255778
c_1_43_102,5.7922087,3.2464173
c_1_43_103,5.811107,3.3960252
c_1_43_104,6.7046866,3.1892605
c_1_43_105,11.010075,2.7652788
c_1_43_106,5.8910913,3.306947
c_1_43_107,7.630546,4.355406
c_1_43_108,6.470821,-0.28707653
c_1_43_109,6.1914506,2.9917006
c_1_43_110,13.17101,4.1602664
c_1_43_111,6.0505157,2.6490228
c_1_43_112,14.14596,4.3136654
c_1_43_113,8.826227,3.7136924
c_1_43_114,7.3270726,2.6216497
c_1_43_115,8.880012,1.2193109
c_1_43_116,5.932948,2.53366
c_1_43_117,6.216059,2.9287112
c_1_43_118,7.0376973,2.9957132
c_1_43_119,6.8339334,2.4149969
c_1_43_120,5.838639,2.757803
c_1_43_121,6.4267535,2.6142325
c_1_43_122,6.9097657,3.4263952
c_1_43_123,5.5788326,3.233699
c_1_43_124,8.265714,4.328246
c_1_43_125,7.2707334,2.5503275
c_1_43_126,11.572374,0.37616366
c_1_43_128,7.2649446,3.1212273
c_1_43_129,5.624314,3.1092918
c_1_43_131,11.615026,2.9582767
c_1_43_132,8.204121,2.3735242
c_1_43_133,8.442487,3.7957392
c_1_43_134,11.726959,3.0908515
c_1_43_135,7.249311,2.3376212
c_1_43_136,9.005016,3.7190807
c_1_43_137,10.826413,3.3289475
c_1_43_138,12.539228,2.7293808
c_1_43_139,8.517546,1.8605747
c_1_43_140,10.446693,3.5177324
c_1_43_141,7.241985,2.3515038
c_1_43_143,4.4469776,1.4582281
c_1_43_144,5.7391157,2.8008845
c_1_43_145,5.4507937,3.1648345
c_1_43_146,3.7640927,0.96386534
c_1_43_147,6.4636726,2.6410384
c_1_43_148,12.067584,3.8643982
c_1_43_149,8.807839,3.8232355
c_1_43_150,7.6058984,2.8778927
c_1_43_151,12.334506,5.7220244
c_1_43_152,6.452805,2.559139
c_1_43_154,10.203451,2.33219
c_1_43_155,10.934299,2.0519433
c_1_43_156,7.981483,2.9960682
c_1_43_157,5.857617,3.3556137
c_1_43_158,11.040753,2.4931176
c_1_43_159,13.3027525,4.692951
c_1_43_160,7.122042,2.39798
c_1_43_161,10.444768,0.84026456
c_1_43_163,9.290649,4.367611
c_1_43_164,13.481637,5.1125693
c_1_43_165,12.4676075,3.8694344
c_1_43_166,11.235925,2.9257262
c_1_43_167,7.0243864,2.7086468
c_1_43_168,8.851641,2.1989684
c_1_43_169,6.667199,0.9617887
c_1_43_170,12.859865,5.980135
c_1_43_171,10.756236,1.5694121
c_1_43_172,11.610528,2.251387
c_1_43_173,13.708051,3.786931
c_1_43_174,12.456416,6.168567
c_1_43_175,13.2099905,4.3499866
c_1_43_176,10.110941,-2.2760806
c_1_43_177,10.358525,1.9227092
c_1_43_179,14.030454,-0.8262681
c_1_43_180,9.564104,1.8392094
c_1_43_181,13.486301,1.4261774
c_1_43_182,9.771752,2.0241718
c_1_43_183,10.985258,1.2608666
c_1_43_184,9.678543,1.6328089
c_1_43_185,7.944174,1.284537
c_1_43_186,12.470617,5.055169
c_1_43_187,7.6937957,4.216468
c_1_43_188,10.475778,2.4829438
c_1_43_189,12.445895,7.2529397
c_1_43_190,11.628597,6.6057982
c_1_43_191,10.16223,4.3052053
c_1_43_192,6.337087,3.1344266
c_1_43_193,12.512416,7.560474
c_1_43_194,6.8097267,3.2766688
c_1_43_195,9.153649,1.3551058
c_1_43_196,11.270005,2.1894422
c_1_43_197,8.897904,1.8179362
c_1_43_198,7.2163196,1.7898778
c_1_43_199,8.869719,1.7694523
c_1_43_200,14.208605,5.598733
c_1_43_201,9.314182,3.7376187
c_1_43_202,11.709191,2.7044945
c_1_43_203,9.03414,2.0247812
c_1_43_204,10.376718,0.5478817
c_1_43_205,12.577003,4.039754
c_1_43_206,6.3838773,-1.0528432
c_1_43_207,11.589199,3.038583
c_1_43_208,9.378428,3.6744392
c_1_43_209,13.991073,-0.3818744
c_1_43_210,9.656298,3.3989048
c_1_43_211,6.611998,2.6061907
c_1_43_212,11.846309,5.3192554
c_1_43_213,10.3731165,3.531893
c_1_43_214,13.791134,5.7822485
c_1_43_215,10.9557,3.1239145
c_1_43_216,9.154692,2.6377378
c_1_43_217,12.613312,6.7198896
c_1_43_218,13.180164,4.956683
c_1_43_219,13.062418,3.5589592
c_1_43_220,12.792356,2.4280207
c_1_43_221,13.690696,2.7065747
c_1_43_222,9.708668,3.5460286
c_1_43_223,11.035194,0.34818333
c_1_43_224,12.169775,4.541515
c_1_43_225,9.520881,1.0634142
c_1_43_226,10.5667515,4.7140036
c_1_43_227,12.243163,5.957399
c_1_43_228,11.743957,3.8305893
c_1_43_229,8.108254,1.853201
c_1_43_230,6.273726,2.613862
c_1_43_231,12.646519,7.467266
c_1_43_232,8.995922,1.4131726
c_1_43_233,11.094413,2.5340006
c_1_43_234,11.592696,4.4682546
c_1_43_235,11.659901,2.973563
c_1_43_236,12.47054,6.8837967
c_1_43_237,12.761145,4.9931035
c_1_43_238,8.223593,1.0579199
c_1_43_239,9.496303,1.130198
c_1_43_240,12.407883,7.3420887
c_1_43_241,11.886138,3.934822
c_1_43_242,11.374784,1.9344066
c_1_43_243,11.889728,0.21971595
c_1_43_244,12.258131,1.3359469
c_1_43_245,12.486149,-0.019669628
c_1_43_246,5.545283,3.3626654
c_1_43_247,13.549025,5.17702
c_1_43_248,11.822847,0.50884914
c_1_43_249,6.800171,3.1092906
c_1_43_250,13.648899,3.3750076
c_1_43_251,12.063549,3.92499
c_1_43_252,5.588823,2.9733202
c_1_43_253,12.539806,7.6804047
c_1_43_254,7.4237833,2.6802554
c_1_43_255,10.493599,3.750751
c_1_43_256,5.889408,3.0563762
c_1_43_257,11.265935,4.1028614
c_1_43_258,10.6613,4.152062
c_1_43_259,12.566513,4.9583764
c_1_43_260,13.052508,5.537194
c_1_43_261,6.11235,1.512582
c_1_43_262,11.365419,2.4469805
c_1_43_263,6.3017035,2.2152598
c_1_43_264,6.151749,2.8213701
c_1_43_265,5.817419,3.024377
c_1_43_266,7.1056714,3.0711489
c_1_43_267,10.598619,1.7814173
c_1_43_268,5.5727687,3.0148149
c_1_43_269,12.616758,4.077932
c_1_43_270,6.649445,2.2301161
c_1_43_271,5.488462,3.1201446
c_1_43_272,5.4567933,3.2223713
c_1_43_273,5.8233194,3.1678026
c_1_43_274,6.5774274,2.318015
c_1_43_275,6.743851,3.0011156
c_1_43_276,10.941723,3.6341379
c_1_43_277,6.49776,3.4269156
c_1_43_278,13.862401,4.2397475
c_1_43_279,5.5755224,3.2923331
c_1_43_280,12.387073,5.5614805
c_1_43_281,9.276359,4.2915754
c_1_43_282,5.5898848,3.0572004
c_1_43_283,8.74807,5.067785
c_1_43_284,6.0714717,3.1731126
c_1_43_285,12.38841,5.268422
c_1_43_286,7.3696394,3.8703182
c_1_43_287,6.0165114,3.3967881
c_1_43_288,5.739092,2.9740424
c_1_43_289,5.54975,3.1388714
c_1_43_290,9.650689,1.6796796
c_1_43_291,7.038836,3.0074947
c_1_43_292,6.242762,2.8671396
c_1_43_293,8.414794,1.4900619
c_1_43_294,5.7322993,2.9214573
c_1_43_295,6.2197165,3.1710188
c_1_43_296,11.85697,2.6646795
c_1_43_297,5.848345,2.7286158
c_1_43_298,12.900068,4.96855
c_1_43_299,14.438991,4.9192305
c_1_43_300,5.643429,2.9101546
c_1_43_301,5.4185605,3.0367153
c_1_43_302,5.6635604,2.9490848
c_1_43_303,5.463741,3.4289477
c_1_43_304,5.5181036,3.0234041
c_1_43_305,5.7744865,2.7179303
c_1_43_306,5.810379,3.1134202
c_1_43_307,11.494872,3.3376791
c_1_43_308,12.684052,4.6392064
c_1_43_309,5.684684,2.9264305
c_1_43_310,6.487268,2.8229053
c_1_43_312,5.6314616,3.253858
c_1_43_313,6.724887,2.5360448
c_1_43_314,8.906104,1.5323056
c_1_43_315,11.801459,4.072065
c_1_43_316,5.8409576,2.9094946
c_1_43_317,7.094946,3.1083593
c_1_43_318,6.3538914,2.74834
c_1_43_319,5.6870966,3.0114257
c_1_43_320,6.7342777,2.3211195
c_1_43_321,6.136799,2.6198788
c_1_43_322,6.150776,2.928783
c_1_43_323,7.642321,2.466835
c_1_43_324,5.6245675,2.948218
c_1_43_325,5.52666,2.8327787
c_1_43_326,7.2284203,2.0004423
c_1_43_327,14.056221,4.8699746
c_1_43_328,7.4446616,2.6814928
c_1_43_329,11.947734,8.018578
c_1_43_330,8.285183,0.15008569
c_1_43_331,5.7016153,3.152221
c_1_43_332,5.717626,3.0649056
c_1_43_333,7.6302075,2.763832
c_1_43_334,9.756827,2.7268646
c_1_43_335,8.997465,1.7553799
c_1_43_336,6.855271,2.837216
c_1_43_337,5.020582,1.5914208
c_1_43_338,5.954212,2.6824307
c_1_43_339,7.527793,2.1095173
c_1_43_340,6.631032,2.8268979
c_1_43_341,6.0934744,3.419506
c_1_43_342,5.9606686,2.5042326
c_1_43_343,5.902497,3.0558028
c_1_43_344,5.821434,2.8100424
c_1_43_345,5.640266,3.468151
c_1_43_346,5.4247713,3.0727057
c_1_43_347,6.7520037,2.0598478
c_1_43_348,5.3455563,3.0962975
c_1_43_349,6.1082563,3.1497602
c_1_43_350,10.601372,3.0056405
c_1_43_351,6.1261034,3.0134056
c_1_43_352,5.595727,2.898041
c_1_43_353,5.748088,2.577657
c_1_43_354,11.934198,5.188787
c_1_43_355,7.134114,2.0375807
c_1_43_356,5.332304,3.0857468
c_1_43_357,5.833482,3.136959
c_1_43_358,11.82827,4.836872
c_1_43_359,10.070901,3.572258
c_1_43_360,13.244805,2.8543212
c_1_43_362,8.040664,2.3872552
c_1_43_363,9.434415,1.5834986
c_1_43_364,7.892732,2.1741858
c_1_43_365,5.757719,3.1751776
c_1_43_366,6.0468636,3.1112192
c_1_43_367,5.801149,2.7263741
c_1_43_368,5.8739195,2.7545848
c_1_43_369,11.50345,3.5762618
c_1_43_370,6.1664357,2.2942781
c_1_43_371,7.644519,3.8226998
c_1_43_372,7.335493,1.8834808
c_1_43_373,5.997073,2.9020023
c_1_43_374,11.04298,2.2851923
c_1_43_375,12.209133,5.199136
c_1_43_376,13.191449,2.3142014
c_1_43_377,6.014774,2.8321934
c_1_43_378,11.187724,1.9290203
c_1_43_380,13.167769,4.503638
c_1_43_381,7.0629153,2.4202387
c_1_43_383,12.837781,5.1050944
c_1_43_384,12.605405,4.485912
c_1_43_385,11.856428,4.6141667
c_1_43_386,9.260119,3.1755016
c_1_43_387,8.954197,2.1921437
c_1_43_388,5.6315002,3.0581017
c_1_43_389,9.26589,2.6495728
c_1_43_390,12.057486,4.3809733
c_1_43_391,10.513515,4.412198
c_1_43_392,6.5857415,3.0180104
c_1_43_393,12.060088,6.230423
c_1_43_394,13.390161,4.5451016
c_1_43_395,8.821498,4.23353
c_1_43_396,6.192026,2.9370823
c_1_43_397,10.167233,1.9042581
c_1_43_398,8.844727,3.675158
c_1_43_399,13.309657,0.34721678
c_1_43_400,14.1220255,4.6943793
c_1_43_401,11.709006,3.3028052
c_1_43_402,13.713743,2.253472
c_1_43_403,9.890842,3.9511538
c_1_43_404,11.6999855,1.7478555
c_1_43_405,11.47957,2.898919
c_1_43_406,13.977896,4.378437
c_1_43_407,9.996645,5.048363
c_1_43_408,13.650189,3.9574265
c_1_43_409,9.405571,2.0298557
c_1_43_410,12.2439,2.758503
c_1_43_411,14.253435,3.5227957
c_1_43_412,12.529879,3.628188
c_1_43_413,11.089806,2.511428
c_1_43_414,10.488483,3.9066236
c_1_43_415,8.411768,2.358197
c_1_43_416,9.684406,1.7965912
c_1_43_417,11.272486,4.600716
c_1_43_418,12.503725,6.402896
c_1_43_419,7.865517,4.007144
c_1_43_420,9.519239,4.68055
c_1_43_421,8.966673,2.2644303
c_1_43_422,11.959003,5.823117
c_1_43_423,10.744722,1.4633067
c_1_43_424,12.711503,6.0200233
c_1_43_425,11.862996,5.62239
c_1_43_426,12.473408,1.4032291
c_1_43_427,13.919721,4.30505
c_1_43_428,10.178793,4.4446607
c_1_43_429,10.496811,2.8882794
c_1_43_430,8.707495,4.89248
c_1_43_431,10.393209,2.5345304
c_1_43_432,12.666162,4.1994047
c_1_43_433,12.5480385,4.137736
c_1_43_434,9.799854,5.2160645
c_1_43_435,10.941507,2.4162908
c_1_43_436,8.855759,3.8227422
c_1_43_437,9.659361,1.9559214
c_1_43_438,9.890133,4.110352
c_1_43_439,11.912811,4.493571
c_1_43_440,12.404068,3.772633
c_1_43_441,12.952628,4.0716133
c_1_43_442,8.3627,4.6555233
c_1_43_443,8.415593,4.283353
c_1_43_444,9.64083,1.821302
c_1_43_445,13.305856,1.7649688
c_1_43_446,10.936544,3.7727263
c_1_43_447,12.566827,3.722358
c_1_43_448,11.509323,4.298509
c_1_43_449,9.394603,4.8531184
c_1_43_450,8.594422,4.622927
c_1_43_451,8.856656,2.7357287
c_1_43_452,9.714662,4.3426523
c_1_43_453,8.732825,1.7643731
c_1_43_454,11.610298,3.9253726
c_1_43_455,9.785622,2.230124
c_1_43_456,12.708548,3.6738782
c_1_43_457,11.309907,2.6298797
c_1_43_458,9.792493,4.2657704
c_1_43_459,9.962323,4.873191
c_1_43_460,11.341863,4.33337
c_1_43_461,10.239128,3.715391
c_1_43_462,9.639249,3.1313524
c_1_43_463,9.370463,3.590635
c_1_43_464,9.895218,1.1958072
c_1_43_465,10.217479,4.145518
c_1_43_466,10.601384,4.8929777
c_1_43_467,8.470618,4.1557493
c_1_43_468,10.121463,2.8578188
c_1_43_469,8.907911,5.250361
c_1_43_470,10.39334,5.1965075
c_1_43_471,11.011663,4.4079304
c_1_43_472,12.721198,3.5595155
c_1_43_473,8.8696575,3.7203414
c_1_43_474,8.936087,2.9097989
c_1_43_475,14.036363,4.0485973
c_1_43_476,8.513528,4.963175
c_1_43_477,10.691892,2.4442143
c_1_43_478,10.17579,3.1622853
c_1_43_479,11.002943,3.5112727
c_1_43_480,14.249679,4.358514
c_1_43_481,10.510619,4.482405
c_1_43_482,9.890136,4.9560137
c_1_43_483,9.624696,2.4526234
c_1_43_484,10.043717,3.943755
c_1_43_485,13.624635,3.7925956
c_1_43_486,11.730087,4.3663716
c_1_43_487,10.530149,1.3436425
c_1_43_488,8.860775,2.3743937
c_1_43_489,10.190305,2.8775651
c_1_43_490,10.686031,2.9143975
c_1_43_491,10.400575,1.7114508
c_1_43_492,11.3056345,3.6845956
c_1_43_493,8.531562,2.6236558
c_1_43_494,7.8030586,1.0066139
c_1_43_495,7.9736915,1.7600764
c_1_43_496,9.243399,3.505273
c_1_43_497,9.5690155,4.2506084
c_1_43_498,8.6917305,1.1126767
c_1_43_499,9.341602,-0.16335957
c_1_43_500,9.368412,3.9424
c_1_43_501,6.8146987,2.9862297
c_1_43_502,11.848024,2.3226063
c_1_43_503,9.862476,3.2426028
c_1_43_504,10.783127,1.211417
c_1_43_505,8.064902,1.4148389
c_1_43_506,9.439373,4.8654804
c_1_43_507,13.83759,-1.7105145
c_1_43_508,10.014301,4.401883
c_1_43_509,8.441573,-0.020944513
c_1_43_510,11.408634,3.887855
c_1_43_511,10.670762,2.926998
c_1_43_512,13.7728,1.6010273
c_1_43_513,9.4880295,3.022625
c_1_43_514,9.051104,2.9624228
c_1_43_515,13.2126045,4.153456
c_1_43_516,8.506278,1.4694988
c_1_43_517,10.4352455,3.8698847
c_1_43_518,9.779573,3.9930327
c_1_43_519,8.453593,2.6904364
c_1_43_520,8.924606,3.4946837
c_1_43_521,8.886425,5.1281166
c_1_43_522,7.7928076,2.718593
c_1_43_523,10.978479,-0.020037608
c_1_43_524,7.434686,1.5042739
c_1_43_525,9.067828,1.7280828
c_1_43_526,10.813768,3.0059834
c_1_43_527,14.328317,-1.2566085
c_1_43_528,8.003008,3.7903295
c_1_43_529,8.417261,3.5170023
c_1_43_530,8.713253,2.837787
c_1_43_531,12.028737,0.24552257
c_1_43_532,13.95572,-1.8716975
c_1_43_533,7.8204856,4.4166036
c_1_43_534,11.804133,2.310278
c_1_43_535,11.977387,2.6451442
c_1_43_536,9.193499,1.741224
c_1_43_537,13.930049,3.7236173
c_1_43_538,10.536209,1.2827884
c_1_43_539,7.2782707,2.0531056
c_1_43_540,11.713549,3.0727203
c_1_43_541,9.675643,5.030783
c_1_43_542,7.631153,2.271834
c_1_43_543,9.190204,1.5886071
c_1_43_544,8.862671,1.8563805
c_1_43_545,6.098956,2.6943572
c_1_43_546,10.145377,2.5451775
c_1_43_547,8.031686,1.8724545
c_1_43_548,10.957815,3.1456919
c_1_43_549,8.743666,4.2520695
c_1_43_550,10.008423,4.654711
c_1_43_551,14.593944,4.649801
c_1_43_552,9.120018,4.3211265
c_1_43_553,13.387602,-0.5268944
c_1_43_554,13.432861,4.5609827
c_1_43_555,9.170764,2.2726333
c_1_43_556,12.653574,3.6782932
c_1_43_557,10.522794,3.374464
c_1_43_558,9.501622,3.4706752
c_1_43_559,8.906533,4.467445
c_1_43_560,12.319331,4.149898
c_1_43_561,13.1270895,4.548896
c_1_43_562,10.165779,1.7418551
c_1_43_563,9.5573435,1.7522588
c_1_43_564,12.516148,3.9164698
c_1_43_566,9.024274,3.7921598
c_1_43_567,14.16255,-0.58975637
c_1_43_568,13.847871,3.4959383
c_1_43_569,9.189849,2.689978
c_1_43_570,12.089897,4.8858433
c_1_43_571,8.297003,0.27835217
c_1_43_572,14.422729,1.5274513
c_1_43_573,13.564684,3.223534
c_1_43_574,13.654257,2.7968545
c_1_43_575,7.9437413,4.585137
c_1_43_576,11.9919615,1.6289995
c_1_43_577,11.022784,4.564533
c_1_43_578,8.884509,3.8761637
c_1_43_579,12.261806,4.1067743
c_1_43_580,10.876968,-0.48517558
c_1_43_581,12.078557,1.3691944
c_1_43_582,10.821443,4.1263847
c_1_43_583,13.512332,-0.31853783
c_1_43_584,6.368411,-0.67742723
c_1_43_585,13.731239,3.0855632
c_1_43_586,10.765093,4.3401623
c_1_43_587,11.951443,2.5269017
c_1_43_588,5.675924,-0.7947655
c_1_43_589,8.727443,3.3967013
c_1_43_590,14.112449,1.4806787
c_1_43_591,6.0167723,-0.5320898
c_1_43_592,11.0290575,4.3648024
c_1_43_593,9.039845,3.3492944
c_1_43_594,6.5152164,-0.68538415
c_1_43_595,8.23771,4.799872
c_1_43_596,9.540382,2.1447785
c_1_43_597,5.8283143,-1.2497574
c_1_43_598,8.838821,3.3970306
c_1_43_599,8.943226,1.894235
c_1_43_600,12.05387,-0.022231381
c_1_43_601,8.785932,2.4437377
c_1_43_602,8.863364,1.4977316
c_1_43_603,6.094445,2.6851137
c_1_43_604,10.216131,2.8633075
c_1_43_605,6.0707927,-0.21948758
c_1_43_606,13.219423,3.0895529
c_1_43_607,6.033198,-0.5760742
c_1_43_608,11.324809,0.8480128
c_1_43_609,9.54158,2.1553397
c_1_43_610,13.467177,-0.4422045
c_1_43_611,11.289926,0.13043976
c_1_43_612,6.3880763,3.0069866
c_1_43_613,6.8167186,3.1368902
c_1_43_614,10.485789,4.135672
c_1_43_615,11.281329,1.6528399
c_1_43_616,9.203844,1.6033243
c_1_43_617,11.294382,4.4830484
c_1_43_618,10.345701,2.4426756
c_1_43_619,8.224856,2.787605
c_1_43_621,6.3049364,1.7533718
c_1_43_622,8.774115,1.7405049
c_1_43_623,9.050998,2.8642437
c_1_43_624,10.589272,1.4669241
c_1_43_625,13.727989,-0.4476819
c_1_43_626,12.413279,1.1893117
c_1_43_627,12.048445,3.6489723
c_1_43_628,9.514593,1.462408
c_1_43_629,11.213724,0.19921418
c_1_43_630,7.893887,1.2036196
c_1_43_631,11.064433,1.3622519
c_1_43_632,11.132547,1.2839152
c_1_43_633,13.491787,5.3625793
c_1_43_634,8.97227,1.2192978
c_1_43_635,12.198766,8.207812
c_1_43_636,13.515052,0.15783793
c_1_43_637,8.067902,3.0933156
c_1_43_638,13.267969,4.2408557
c_1_43_639,8.095548,3.9743335
c_1_43_640,11.191298,2.6777236
c_1_43_641,10.063017,2.4409955
c_1_43_642,6.4370914,3.3027349
c_1_43_643,13.91627,-0.21589544
c_1_43_644,13.229506,5.091871
c_1_43_645,5.4423933,3.1655145
c_1_43_646,13.530106,-0.3126106
c_1_43_647,12.601669,2.8089516
c_1_43_648,13.355868,1.4685563
c_1_43_649,13.6432085,5.5254507
c_1_43_650,10.9557085,3.0545318
c_1_43_651,5.992173,2.8352823
c_1_43_652,11.228535,2.4619966
c_1_43_653,8.9069395,2.8579202
c_1_43_654,8.924089,1.4896387
c_1_43_655,12.248631,-0.012537197
c_1_43_656,11.059591,0.4833125
c_1_43_657,7.6943555,2.277898
c_1_43_658,6.3983784,2.3241134
c_1_43_659,7.2788653,2.8438134
c_1_43_660,12.291622,6.857196
c_1_43_661,10.502207,3.05566
c_1_43_662,7.1436567,3.1034415
c_1_43_663,8.924005,3.1856353
c_1_43_664,11.857071,0.3086581
c_1_43_665,9.301947,2.010138
c_1_43_666,10.823078,2.4798617
c_1_43_667,9.991638,2.0431755
c_1_43_668,12.237374,1.5388647
c_1_43_669,9.980318,1.2720995
c_1_43_670,12.224548,6.843188
c_1_43_671,11.959081,2.6818237
c_1_43_672,13.083584,5.936704
c_1_43_673,11.9700985,6.6840067
c_1_43_674,7.381903,2.1145313
c_1_43_675,9.961446,1.084246
c_1_43_676,9.845555,2.1165233
c_1_43_677,5.603393,3.3764706
c_1_43_678,11.018964,1.4807489
c_1_43_679,5.6567445,2.8612027
c_1_43_680,6.602117,2.8591068
c_1_43_681,12.367287,0.56416756
c_1_43_682,10.72033,2.9430954
c_1_43_683,14.655511,5.4269786
c_1_43_684,12.534164,6.9097004
c_1_43_685,13.682386,4.6198597
c_1_43_686,7.3534174,2.5566592
c_1_43_687,9.719361,2.6371129
c_1_43_688,9.5126,2.7283204
c_1_43_689,9.855839,-0.23828343
c_1_43_690,7.5759945,3.558035
c_1_43_691,11.764741,1.9311848
c_1_43_692,12.531725,3.5939841
c_1_43_693,12.423269,6.2594404
c_1_43_694,7.575336,2.499983
c_1_43_695,13.304415,-0.13719097
c_1_43_696,6.816374,3.1435795
c_1_43_697,6.7064075,2.3076293
c_1_43_698,8.479014,3.0144317
c_1_43_699,8.251544,0.24784921
c_1_43_700,9.501038,2.6885483
c_1_43_701,9.570912,1.2465552
c_1_43_702,12.168555,3.0623813
c_1_43_703,8.526313,1.7769337
c_1_43_704,5.493308,3.3413134
c_1_43_705,7.581898,2.2885222
c_1_43_707,13.477812,4.7243195
c_1_43_708,10.277745,0.55143726
c_1_43_709,11.01817,1.2257096
c_1_43_710,13.395516,5.4411364
c_1_43_711,6.7147646,3.268382
c_1_43_712,12.984381,3.8720021
c_1_43_713,7.594255,1.7074465
c_1_43_714,11.723486,2.0794077
c_1_43_715,10.658353,1.2823321
c_1_43_716,13.063616,-0.46721908
c_1_43_717,9.844182,-0.7263692
c_1_43_718,13.109223,5.183239
c_1_43_719,12.876245,4.9329762
c_1_43_720,8.772487,3.0035093
c_1_43_721,12.137629,1.6686859
c_1_43_722,9.425922,1.586038
c_1_43_723,9.869021,1.9884279
c_1_43_724,13.5218315,5.281792
c_1_43_725,4.4695287,0.04730061
c_1_43_726,13.894628,5.397429
c_1_43_727,7.3004584,2.9165308
c_1_43_728,13.454678,-0.16216221
c_1_43_729,12.60418,0.013383702
c_1_43_730,11.688556,3.0862756
c_1_43_731,11.118737,2.600567
c_1_43_732,13.215706,2.6855724
c_1_43_733,11.452933,3.02659
c_1_43_734,11.190637,3.0627525
c_1_43_735,12.858868,5.0957866
c_1_43_736,7.8448477,2.6134748
c_1_43_737,10.875809,1.185833
c_1_43_738,12.241015,6.6879997
c_1_43_739,10.380449,2.9318666
c_1_43_741,13.328366,6.2633047
c_1_43_742,12.188703,5.4265304
c_1_43_743,14.116381,5.46522
c_1_43_744,12.219795,4.1656003
c_1_43_745,14.001569,6.178071
c_1_43_746,11.312831,2.7607648
c_1_43_747,12.180674,0.5996931
c_1_43_748,11.33662,3.0756187
c_1_43_749,10.967664,2.224292
c_1_43_750,11.27289,0.289177
c_1_43_751,6.5744185,2.8250797
c_1_43_752,10.248927,3.2578554
c_1_43_753,13.10511,6.594331
c_1_43_754,9.925366,0.24103129
c_1_43_755,14.504596,1.7044768
c_1_43_756,8.367453,2.586178
c_1_43_758,12.56225,5.7067294
c_1_43_759,7.8795824,1.3409204
c_1_43_760,6.2202992,3.1824121
c_1_43_761,13.887712,4.9851136
c_1_43_763,9.245801,2.5921268
c_1_43_765,13.627169,4.7125344
c_1_43_766,12.838469,6.164608
c_1_43_767,11.15654,-0.040178925
c_1_43_768,10.825221,2.3448513
c_1_43_769,11.216033,0.5558617
c_1_43_770,10.312441,3.602217
c_1_43_771,8.396694,3.1413288
c_1_43_772,13.130357,1.3427775
c_1_43_774,11.259658,1.9748069
c_1_43_775,10.289966,2.1468217
c_1_43_776,12.229483,5.2131667
c_1_43_777,10.273743,1.5574738
c_1_43_778,12.627477,0.8691947
c_1_43_779,9.582901,2.2770586
c_1_43_780,9.441904,3.7729955
c_1_43_781,11.776234,1.8768361
c_1_43_782,10.276068,1.9813932
c_1_43_783,14.235779,5.7398477
c_1_43_784,13.030936,2.848821
c_1_43_785,8.055417,2.3350713
c_1_43_786,13.610068,5.2607613
c_1_43_787,10.877994,0.6650265
c_1_43_788,10.786074,1.1508105
c_1_43_789,10.260994,1.1907381
c_1_43_790,10.772193,2.8091836
c_1_43_791,13.433713,-0.19541563
c_1_43_792,11.135852,5.862462
c_1_43_793,10.833898,1.7384958
c_1_43_794,10.417865,2.7861183
c_1_43_795,12.878738,-0.2953381
c_1_43_796,14.108638,5.006949
c_1_43_797,10.545341,2.1720679
c_1_43_798,9.324333,1.721836
c_1_43_799,8.229282,4.590732
c_1_43_800,7.8940206,1.7380264
c_1_43_801,11.306591,0.80768293
c_1_43_802,11.962737,1.5041708
c_1_43_803,13.645782,-0.42523357
c_1_43_804,11.37037,0.25485536
c_1_43_805,13.915326,5.881205
c_1_43_806,7.1724253,2.8782358
c_1_43_807,11.803203,2.9206734
c_1_43_808,8.880022,1.3336931
c_1_43_809,10.745112,1.403905
c_1_43_810,11.9720125,6.965066
c_1_43_811,11.783531,2.7744708
c_1_43_812,6.210117,3.2543066
c_1_43_813,6.1913643,3.1247058
c_1_43_814,8.862131,1.5959694
c_1_43_815,13.268898,5.0252686
c_1_43_816,13.358359,3.2755325
c_1_43_817,10.795618,2.107326
c_1_43_818,13.606001,5.4272017
c_1_43_819,7.0956125,1.3376895
c_1_43_820,10.425996,2.3061538
c_1_43_821,10.772302,2.3106198
c_1_43_822,11.471487,1.9232073
c_1_43_823,10.096284,4.230536
c_1_43_824,13.959552,-0.2829096
c_1_43_825,11.480122,5.695614
c_1_43_826,11.475158,4.8907576
c_1_43_827,12.383049,0.5999055
c_1_43_828,8.600127,0.22999023
c_1_43_829,8.143281,2.0479462
c_1_43_830,12.585223,6.31173
c_1_43_831,11.67776,2.8284202
c_1_43_832,11.132699,3.7349253
c_1_43_833,13.351369,4.154975
c_1_43_834,12.098449,5.094515
c_1_43_835,9.983776,2.6651824
c_1_43_836,12.892082,2.9581764
c_1_43_837,11.705113,1.1996622
c_1_43_838,6.57065,2.4162247
c_1_43_839,9.605031,2.7138019
c_1_43_840,12.685528,3.8560505
c_1_43_841,9.655627,3.8024616
c_1_43_842,9.789524,1.5663081
c_1_43_843,13.96645,5.727945
c_1_43_844,11.028776,3.3385935
c_1_43_845,10.104666,2.857788
c_1_43_846,11.130431,2.7965877
c_1_43_847,11.10805,3.4159389
c_1_43_849,10.765358,2.0401618
c_1_43_850,12.620407,6.6332684
c_1_43_851,13.713202,3.7649996
c_1_43_852,13.369193,4.6923375
c_1_43_853,6.4499226,-0.8733305
c_1_43_854,12.292019,6.7506275
c_1_43_855,11.885076,3.6116576
c_1_43_856,8.328689,1.582946
c_1_43_857,12.004421,3.0342329
c_1_43_858,9.502306,3.4417744
c_1_43_859,11.035343,3.816611
c_1_43_860,7.5330396,3.9302065
c_1_43_861,12.811292,4.0735593
c_1_43_862,10.213419,2.658703
c_1_43_863,13.711019,2.253687
c_1_43_864,11.008633,0.30828348
c_1_43_866,12.225693,2.7398846
c_1_43_867,12.505098,2.543017
c_1_43_868,10.7105875,0.030613702
c_1_43_869,7.296314,1.9059908
c_1_43_870,7.0808024,1.1833385
c_1_43_871,11.685748,0.564695
c_1_43_872,12.131101,4.844198
c_1_43_873,10.762691,3.072418
c_1_43_874,11.271016,1.855775
c_1_43_875,8.018884,1.1118896
c_1_43_876,12.569641,4.0772395
c_1_43_877,13.505583,1.8157296
c_1_43_878,8.093865,3.321687
c_1_43_879,8.175089,2.425305
c_1_43_880,13.423795,2.8100984
c_1_43_881,10.569867,3.4642928
c_1_43_882,11.421368,5.550121
c_1_43_883,10.11928,3.0161686
c_1_43_884,11.241278,0.63982064
c_1_43_885,11.786733,0.7032557
c_1_43_886,12.0410185,1.5922348
c_1_43_887,8.259621,3.967827
c_1_43_888,13.106034,4.387105
c_1_43_889,13.476453,5.6246696
c_1_43_890,8.854055,0.5525319
c_1_43_891,8.269214,2.6489995
c_1_43_892,13.06727,4.3830256
c_1_43_893,11.644944,2.8189936
c_1_43_894,11.848806,2.279118
c_1_43_895,9.94468,0.42743993
c_1_43_896,13.055458,1.4542758
c_1_43_897,11.773271,5.904022
c_1_43_898,10.806633,1.9080586
c_1_43_899,12.142059,5.188932
c_1_43_900,7.3490057,1.276517
c_1_43_901,11.43461,3.051657
c_1_43_902,12.277979,2.1061862
c_1_43_903,11.192061,1.7490635
c_1_43_904,12.629521,-0.03884675
c_1_43_905,13.0517645,4.4694858
c_1_43_906,13.607926,5.558357
c_1_43_907,10.918255,2.2238941
c_1_43_908,11.74096,1.6812199
c_1_43_909,10.06719,1.7799313
c_1_43_910,13.14716,4.2723765
c_1_43_911,12.187446,-0.17298006
c_1_43_912,10.847173,2.403834
c_1_43_913,14.451005,-0.83724797
c_1_43_914,7.65381,2.5879226
c_1_43_915,8.575395,3.569536
c_1_43_916,13.158697,-0.17726457
c_1_43_917,10.033713,4.162255
c_1_43_918,10.409674,3.8329592
c_1_43_919,12.025163,-1.0186622
c_1_43_920,12.93084,3.7325623
c_1_43_921,7.8158426,3.0295033
c_1_43_922,7.803328,1.7694004
c_1_43_923,10.112811,3.7341852
c_1_43_924,10.043999,1.615836
c_1_43_925,10.7356415,4.5944524
c_1_43_926,12.198915,6.837402
c_1_43_927,9.807455,2.4734485
c_1_43_928,12.403653,6.896569
c_1_43_929,13.87297,-1.5647175
c_1_43_930,8.901076,1.973491
c_1_43_931,10.38863,2.6820242
c_1_43_932,12.209885,7.980977
c_1_43_933,14.0584545,-0.39216796
c_1_43_934,8.289941,2.850109
c_1_43_935,11.133989,1.0466441
c_1_43_936,9.928275,0.7340033
c_1_43_937,11.294802,4.147382
c_1_43_938,11.803442,7.433359
c_1_43_939,12.355982,3.9857745
c_1_43_941,9.724581,2.8501334
c_1_43_942,9.623042,3.4972858
c_1_43_944,8.768328,2.808409
c_1_43_945,12.649918,7.080772
c_1_43_946,12.946314,5.1230736
c_1_43_947,9.074804,3.2071383
c_1_43_948,12.206736,7.9549637
c_1_43_949,9.4277315,1.6823635
c_1_43_950,7.5787992,1.8426702
c_1_43_951,12.438605,7.627849
c_1_43_952,8.395119,1.4941772
c_1_43_953,13.231648,5.0588913
c_1_43_954,11.59116,0.23218657
c_1_43_955,11.82115,7.8853106
c_1_43_956,9.462483,3.1307526
c_1_43_957,12.403446,2.6641107
c_1_43_958,13.771604,5.829447
c_1_43_959,12.38179,6.860635
c_1_43_960,11.798885,2.9865625
c_1_43_961,7.9185057,2.7321162
c_1_43_962,13.9722595,5.534588
c_1_43_963,11.364757,1.8652713
c_1_43_964,10.592035,5.070959
c_1_43_965,8.299275,2.6365142
c_1_43_966,14.483393,5.0969133
c_1_43_967,8.102809,2.564309
c_1_43_968,8.722555,2.1908357
c_1_43_969,13.437925,5.6302032
c_1_43_970,11.685002,4.6091805
c_1_43_971,12.004085,6.56923
c_1_43_972,8.805682,2.609474
c_1_43_973,11.912493,2.1100655
c_1_43_974,14.642858,4.312316
c_1_43_975,10.769976,1.953277
c_1_43_976,11.018794,0.97381914
c_1_43_977,12.366104,5.047369
c_1_43_978,12.351896,4.7779384
c_1_43_979,4.34791,1.0415988
c_1_43_980,10.8256445,3.5288584
c_1_43_981,11.203274,3.9152372
c_1_43_982,7.680882,3.0289934
c_1_43_983,7.588124,2.166439
c_1_43_984,10.131002,2.2915592
c_1_43_985,8.615523,2.5408204
c_1_43_986,12.160471,6.247512
c_1_43_987,8.389824,4.7339478
c_1_43_988,10.143867,1.7204096
c_1_43_989,12.400844,6.248482
c_1_43_990,11.429346,1.5512823
c_1_43_991,12.617309,6.907021
c_1_43_992,8.985973,4.017962
c_1_43_993,9.880397,1.7994297
c_1_43_994,7.6136026,1.2987113
c_1_43_995,12.293062,3.8582745
c_1_43_996,11.765766,6.5270786
c_1_43_998,10.9033575,3.435369
c_1_43_999,11.737801,2.5810785
c_1_43_1000,13.201137,4.854439
c_1_43_1001,9.466342,2.7743177
c_1_43_1002,12.671503,7.2324996
c_1_43_1003,11.236871,2.0414877
c_1_43_1004,12.451605,7.563229
c_1_43_1005,10.906119,3.8805716
c_1_43_1006,9.586142,3.648633
c_1_43_1007,13.509184,4.8875155
c_1_43_1008,12.013171,6.8104033
c_1_43_1009,11.033567,1.6326246
c_1_43_1010,13.358693,1.774338
c_1_43_1011,9.761135,2.4054759
c_1_43_1012,9.645207,3.4556777
c_1_43_1013,12.131401,5.585197
c_1_43_1014,13.324691,0.9528166
c_1_43_1015,9.022789,2.9429858
c_1_43_1016,12.553243,4.882554
c_1_43_1017,13.274156,4.751421
c_1_43_1018,11.3978815,3.232909
c_1_43_1019,9.791296,2.2186384
c_1_43_1020,13.726718,4.3617315
c_1_43_1021,12.965623,4.8112087
c_1_43_1022,14.753591,3.2970955
c_1_43_1023,12.187601,6.630782
c_1_43_1024,8.685484,2.900091
c_1_43_1025,13.060367,3.808899
c_1_43_1026,13.8793,5.3707113
c_1_43_1027,10.458337,3.574157
c_1_43_1028,13.57937,4.7789373
c_1_43_1029,9.814414,2.6959817
c_1_43_1030,9.764977,2.1284225
c_1_43_1031,11.068496,2.5973854
c_1_43_1032,13.52599,1.8401736
c_1_43_1033,12.305987,4.1801004
c_1_43_1035,10.984814,1.0104191
c_1_43_1036,9.302647,2.2855265
c_1_43_1037,8.2939825,3.7627215
c_1_43_1038,12.96837,0.31592754
c_1_43_1040,9.529687,0.38614386
c_1_43_1041,12.397297,1.8460441
c_1_43_1042,9.549435,1.4060119
c_1_43_1043,8.342609,1.4191262
c_1_43_1044,8.801184,1.2180345
c_1_43_1045,13.079975,2.789639
c_1_43_1046,11.039288,0.7865281
c_1_43_1047,13.612493,1.3079802
c_1_43_1048,9.797495,3.3190444
c_1_43_1049,10.296613,0.99852115
c_1_43_1050,13.282385,4.6957717
c_1_43_1051,8.97269,0.26453263
c_1_43_1052,13.795868,4.8132524
c_1_43_1053,12.092418,1.9022353
c_1_43_1054,12.441723,4.673283
c_1_43_1055,7.5729885,3.2827103
c_1_43_1056,13.304606,6.3630815
c_1_43_1057,11.271023,4.960529
c_1_43_1058,9.170155,2.6457672
c_1_43_1059,6.947028,1.9653063
c_1_43_1060,12.687713,5.260222
c_1_43_1061,13.970556,-0.4094957
c_1_43_1062,10.081438,0.62501967
c_1_43_1063,11.1047535,4.610906
c_1_43_1064,10.324607,2.8146262
c_1_43_1065,7.277746,1.1031564
c_1_43_1066,10.332903,2.1607401
c_1_43_1067,11.91132,2.6074493
c_1_43_1068,9.646629,3.6481535
c_1_43_1069,13.837603,-0.41316405
c_1_43_1070,10.995166,2.7881598
c_1_43_1071,8.742402,4.774649
c_1_43_1072,8.448059,2.6610773
c_1_43_1073,10.4407,3.362553
c_1_43_1074,8.723373,1.4830153
c_1_43_1075,11.510624,2.3405511
c_1_43_1076,13.526887,-0.33726013
c_1_43_1077,11.586438,3.7679276
c_1_43_1078,8.89545,2.6731958
c_1_43_1079,8.155614,4.3140607
c_1_43_1080,8.261449,0.9973705
c_1_43_1081,13.350839,0.23754577
c_1_43_1082,9.030926,0.70831877
c_1_43_1083,10.125877,3.42657
c_1_43_1084,11.691141,3.4742692
c_1_43_1085,9.896813,4.2419763
c_1_43_1086,13.799694,4.8150573
c_1_43_1087,11.681018,3.0503778
c_1_43_1088,13.363472,4.369313
c_1_43_1089,11.696153,3.7372174
c_1_43_1090,11.60613,2.2823038
c_1_43_1091,12.406063,3.8931255
c_1_43_1092,13.032128,-0.38559026
c_1_43_1093,9.914833,1.5243424
c_1_43_1094,11.040676,2.6105144
c_1_43_1095,12.107322,1.1135944
c_1_43_1096,12.5065365,3.0161674
c_1_43_1097,11.262017,3.3147917
c_1_43_1098,10.028275,3.607816
c_1_43_1099,13.657714,5.173211
c_1_43_1100,10.802872,2.03194
c_1_43_1101,13.420117,5.036757
c_1_43_1102,13.443062,5.4338894
c_1_43_1103,7.3274927,1.505485
c_1_43_1104,9.813358,3.241766
c_1_43_1105,7.797739,3.9902537
c_1_43_1106,12.74215,6.203019
c_1_43_1107,10.782841,1.4042947
c_1_43_1108,10.634108,0.9781287
c_1_43_1109,10.457301,1.7357005
c_1_43_1110,13.619519,4.9866986
c_1_43_1111,13.026309,4.379309
c_1_43_1112,10.380859,3.734888
c_1_43_1113,10.567177,2.579992
c_1_43_1114,12.457,4.777576
c_1_43_1115,13.708503,2.932063
c_1_43_1116,9.060475,0.14407179
c_1_43_1117,10.831148,3.2037885
c_1_43_1118,11.430906,4.1617694
c_1_43_1119,8.662026,4.118225
c_1_43_1120,10.747213,-0.23497346
c_1_43_1121,11.831198,1.4769303
c_1_43_1122,13.175995,-0.33390337
c_1_43_1123,13.228116,3.5296023
c_1_43_1124,12.603955,4.3136477
c_1_43_1125,10.996505,3.8074362
c_1_43_1126,8.254881,2.73468
c_1_43_1127,12.885575,1.637963
c_1_43_1128,11.730215,-0.19669165
c_1_43_1129,14.47101,5.2958503
c_1_43_1130,7.8949065,3.1056776
c_1_43_1131,12.545668,3.3352287
c_1_43_1132,9.221433,5.15672
c_1_43_1133,13.229259,4.3268075
c_1_43_1134,14.288577,5.250471
c_1_43_1135,9.226659,1.8597004
c_1_43_1136,12.6038265,3.9912748
c_1_43_1137,11.361471,2.9553912
c_1_43_1138,11.46982,3.7222686
c_1_43_1139,10.260404,3.0473025
c_1_43_1140,13.392426,-0.20986734
c_1_43_1141,13.839943,4.4472785
c_1_43_1143,11.097924,2.7207754
c_1_43_1144,9.908656,2.1665013
c_1_43_1145,8.329401,2.798109
c_1_43_1146,11.034889,1.6630889
c_1_43_1147,12.011689,5.128542
c_1_43_1148,11.938579,4.8220243
c_1_43_1149,12.200093,1.1821707
c_1_43_1150,11.689507,2.7706354
c_1_43_1151,12.396204,3.5432274
c_1_43_1152,10.445271,3.4742618
c_1_43_1153,13.633481,4.602781
c_1_43_1154,10.143589,3.3492193
c_1_43_1155,7.158815,0.09230856
c_1_43_1156,13.906865,-0.75011635
c_1_43_1157,9.027031,1.314757
c_1_43_1158,11.243178,4.4662375
c_1_43_1159,12.700534,-0.07983712
c_1_43_1160,12.853001,4.7043324
c_1_43_1161,10.986393,1.6218
c_1_43_1162,12.594255,6.6598005
c_1_43_1163,11.375741,3.489485
c_1_43_1164,12.552485,3.763102
c_1_43_1165,9.898074,1.2387205
c_1_43_1166,12.282042,7.7955966
c_1_43_1167,12.865821,2.5786896
c_1_43_1168,13.216392,2.8541124
c_1_43_1169,13.624638,4.961756
c_1_43_1170,13.921531,4.4315004
c_1_43_1171,10.017569,1.3119644
c_1_43_1173,8.557415,3.9701953
c_1_43_1174,9.6986065,0.82382953
c_1_43_1175,7.98001,3.411944
c_1_43_1176,12.0917635,3.2999763
c_1_43_1177,14.344015,5.5666685
c_1_43_1178,12.051124,5.671754
c_1_43_1179,12.48851,2.256368
c_1_43_1180,12.209182,7.016233
c_1_43_1181,12.276639,5.999426
c_1_43_1183,11.373783,0.51892126
c_1_43_1184,9.00346,0.51495516
c_1_43_1185,7.946106,1.3513069
c_1_43_1186,12.382404,4.226053
c_1_43_1187,9.163176,3.8448265
c_1_43_1188,12.813795,3.9021354
c_1_43_1189,8.854141,4.097491
c_1_43_1190,12.510403,4.784821
c_1_43_1191,8.645224,3.097411
c_1_43_1192,13.1767645,2.1753595
c_1_43_1193,12.362695,6.959746
c_1_43_1194,12.104385,6.7344427
c_1_43_1195,8.731729,2.4018223
c_1_43_1196,10.458085,3.2414205
c_1_43_1197,11.751047,4.508099
c_1_43_1198,7.8101797,0.77603245
c_1_43_1199,12.763056,6.5833125
c_1_43_1200,12.050317,4.915867
c_1_43_1201,9.210119,4.213169
c_1_43_1202,8.674981,1.5844835
c_1_43_1203,13.320993,4.2624197
c_1_43_1204,14.536603,5.5249104
c_1_43_1205,10.956037,1.2667199
c_1_43_1206,12.414347,7.784397
c_1_43_1207,12.49751,6.059707
c_1_43_1208,12.451368,4.4586816
c_1_43_1209,11.786976,2.9971294
c_1_43_1210,12.864829,7.2948246
c_1_43_1211,10.231179,3.4107137
c_1_43_1212,10.89817,3.8989236
c_1_43_1213,12.191526,5.319027
c_1_43_1214,12.590728,6.822091
c_1_43_1215,13.589361,2.1548374
c_1_43_1216,10.532169,2.4002106
c_1_43_1217,13.949621,4.6311197
c_1_43_1218,12.724947,4.4554057
c_1_43_1219,9.203474,2.3944802
c_1_43_1220,7.2652373,2.9893138
c_1_43_1221,9.261557,1.1636621
c_1_43_1222,12.821416,6.7078176
c_1_43_1223,12.155642,6.0568385
c_1_43_1224,11.450755,3.4078772
c_1_43_1225,10.848484,4.696938
c_1_43_1226,8.759415,3.1885633
c_1_43_1227,13.560915,5.769397
c_1_43_1228,8.532845,2.3095846
c_1_43_1229,12.556328,5.6645627
c_1_43_1230,7.2652254,3.3778586
c_1_43_1231,12.413749,7.576423
c_1_43_1232,12.612153,7.4648395
c_1_43_1233,13.792316,3.9332373
c_1_43_1234,8.660071,2.0153544
c_1_43_1235,13.00724,4.263979
c_1_43_1236,10.059139,3.3755994
c_1_43_1238,12.636479,-0.71805644
c_1_43_1239,10.773306,1.023306
c_1_43_1240,10.255894,2.2597785
c_1_43_1241,12.87885,2.9544344
c_1_43_1242,13.768617,4.7439365
c_1_43_1243,11.857807,4.2523923
c_1_43_1244,14.10511,1.9282925
c_1_43_1245,12.32956,0.28919944
c_1_43_1246,8.808203,3.510902
c_1_43_1247,10.06337,4.1691236
c_1_43_1248,12.406782,3.0148091
c_1_43_1249,9.09942,2.9459429
c_1_43_1250,12.411309,6.344837
c_1_43_1251,12.4936285,7.2672486
c_1_43_1252,8.784253,2.1368287
c_1_43_1253,8.846527,1.6656843
c_1_43_1254,10.395102,1.8340678
c_1_43_1255,11.837816,0.47097957
c_1_43_1257,9.589821,1.6382251
c_1_43_1258,13.625393,4.334071
c_1_43_1259,14.042098,5.542301
c_1_43_1260,11.199652,3.023159
c_1_43_1262,12.574502,2.3154151
c_1_43_1263,12.139548,4.549935
c_1_43_1264,11.656634,3.0493875
c_1_43_1265,9.6454935,2.591562
c_1_43_1266,11.492204,3.7677443
c_1_43_1267,11.84411,-0.118589625
c_1_43_1268,8.185778,0.87579435
c_1_43_1269,8.7921505,1.2190565
c_1_43_1270,13.834932,4.211219
c_1_43_1271,9.845122,1.8753002
c_1_43_1272,9.688261,1.4727385
c_1_43_1273,13.385326,2.238851
c_1_43_1274,9.941934,1.7569951
c_1_43_1275,12.211934,4.531843
c_1_43_1276,11.926138,3.2749648
c_1_43_1277,9.913923,4.958584
c_1_43_1278,14.01915,-0.6231069
c_1_43_1279,7.23034,2.6494608
c_1_43_1280,14.231808,4.302686
c_1_43_1281,6.4040685,0.9658863
c_1_43_1282,11.207813,5.7481847
c_1_43_1284,13.453908,2.9983907
c_1_43_1285,12.208945,-0.23377204
c_1_43_1286,11.792248,4.196628
c_1_43_1287,11.634752,-1.0610318
c_1_43_1288,12.120973,1.8889084
c_1_43_1289,13.57631,3.9184148
c_1_43_1290,7.9814715,3.007064
c_1_43_1291,11.683144,3.5842547
c_1_43_1292,11.8054285,0.30809158
c_1_43_1293,13.355216,2.0529082
c_1_43_1294,11.186053,2.6268878
c_1_43_1295,9.271666,0.911147
c_1_43_1296,12.128971,4.2471933
c_1_43_1297,12.847211,6.622583
c_1_43_1298,12.711269,2.1592684
c_1_43_1299,9.894948,2.3710837
c_1_43_1300,12.204698,6.9159403
c_1_43_1301,12.898185,5.1026573
c_1_43_1302,11.190452,3.214423
c_1_43_1303,9.580486,3.4729428
c_1_43_1304,12.007549,5.0369005
c_1_43_1305,12.004793,6.6019645
c_1_43_1306,14.570029,4.8572855
c_1_43_1307,8.196156,3.7638927
c_1_43_1308,12.271902,6.7197185
c_1_43_1309,8.291902,3.749466
c_1_43_1310,9.620662,-0.11468426
c_1_43_1312,11.23406,3.8431826
c_1_43_1314,11.400695,3.761442
c_1_43_1315,11.740663,3.0839334
c_1_43_1316,11.878615,2.7452295
c_1_43_1317,13.324195,3.9992936
c_1_43_1318,11.357818,3.828479
c_1_43_1319,13.162093,2.5467005
c_1_43_1320,7.427955,2.8190467
c_1_43_1321,12.999147,4.8556676
c_1_43_1322,8.903316,4.871182
c_1_43_1323,10.311718,0.65734875
c_1_43_1324,10.142019,2.5234635
c_1_43_1325,10.320928,2.5422225
c_1_43_1326,8.302212,1.680862
c_1_43_1327,13.540882,1.6524969
c_1_43_1328,9.129411,1.8649074
c_1_43_1329,10.646178,3.4458296
c_1_43_1330,12.148067,3.7404933
c_1_43_1331,10.140914,2.9533
c_1_43_1332,13.283101,4.460052
c_1_43_1333,13.591088,4.1411085
c_1_43_1334,13.9834175,4.558356
c_1_43_1335,13.175971,2.2163243
c_1_43_1336,12.647574,3.0503917
c_1_43_1337,9.009768,4.171225
c_1_43_1338,12.768792,7.457649
c_1_43_1339,9.221128,0.6386122
c_1_43_1340,9.2383,-0.6182505
c_1_43_1342,10.271313,3.7255487
c_1_43_1343,9.271694,1.9276464
c_1_43_1344,7.979313,2.5347106
c_1_43_1345,12.758963,4.2647862
c_1_43_1346,7.621762,1.7492392
c_1_43_1347,8.050214,2.9246492
c_1_43_1348,7.905428,3.7479231
c_1_43_1349,11.222405,1.0476309
c_1_43_1350,10.162413,4.926068
c_1_43_1351,11.396959,2.908224
c_1_43_1352,7.640592,1.8463261
c_1_43_1353,12.970868,3.1616225
c_1_43_1354,9.328183,3.5581179
c_1_43_1356,8.807957,2.329835
c_1_43_1357,12.105143,3.99458
c_1_43_1358,11.176729,5.228519
c_1_43_1359,13.460451,1.4193376
c_1_43_1360,9.465683,5.350562
c_1_43_1361,10.804527,2.8300776
c_1_43_1362,11.779618,6.742957
c_1_43_1363,12.290874,3.9314487
c_1_43_1364,12.062215,3.504439
c_1_43_1365,11.687901,4.6276364
c_1_43_1366,7.7145114,2.3313346
c_1_43_1367,12.152373,7.0858064
c_1_43_1368,10.965971,2.4575994
c_1_43_1369,12.461307,4.1317677
c_1_43_1370,9.80842,4.0873923
c_1_43_1371,13.307886,2.1082473
c_1_43_1372,11.138997,3.9504955
c_1_43_1373,10.13538,2.7916853
c_1_43_1374,13.147834,2.0948179
c_1_43_1375,8.073299,2.3379247
c_1_43_1376,10.421229,4.660969
c_1_43_1377,13.656713,3.9587073
c_1_43_1378,12.147318,6.2089543
c_1_43_1379,10.51905,1.5158237
c_1_43_1380,9.194551,3.9441721
c_1_43_1381,9.675272,3.502253
c_1_43_1382,11.499051,2.6296
c_1_43_1383,12.809098,7.2321205
c_1_43_1384,12.559189,3.7533052
c_1_43_1385,9.058754,1.7089814
c_1_43_1386,14.431132,5.1486278
c_1_43_1387,9.056304,4.15018
c_1_43_1388,13.196776,3.8131475
c_1_43_1389,12.160874,7.4809384
c_1_43_1390,9.126261,0.5288968
c_1_43_1391,11.200628,0.12138118
c_1_43_1392,13.944093,5.344178
c_1_43_1393,10.849274,3.9277432
c_1_43_1394,13.4543,4.8775926
c_1_43_1395,12.985834,3.216485
c_1_43_1396,10.283743,1.5555176
c_1_43_1398,12.073825,2.2692735
c_1_43_1399,10.201987,-1.4816266
c_1_43_1400,10.333623,2.1547627
c_1_43_1401,10.554705,3.8575957
c_1_43_1402,11.994919,4.3116684
c_1_43_1403,7.4680114,2.6129222
c_1_43_1405,12.556871,7.205566
c_1_43_1406,11.914225,4.743237
c_1_43_1407,12.556747,4.146641
c_1_43_1408,10.528146,3.8266573
c_1_43_1409,12.526951,3.5394487
c_1_43_1410,11.909905,6.941083
c_1_43_1411,8.693027,2.43546
c_1_43_1412,11.385766,3.6070256
c_1_43_1413,10.185357,4.7623725
c_1_43_1414,9.127192,3.2458036
c_1_43_1415,12.167825,1.8797721
c_1_43_1416,13.233212,4.7940845
c_1_43_1417,8.981103,2.5160441
c_1_43_1418,13.703896,1.7453326
c_1_43_1419,11.383778,5.7503867
c_1_43_1420,7.9657283,4.2266903
c_1_43_1421,11.271304,3.3758144
c_1_43_1422,7.875134,4.071109
c_1_43_1423,12.317659,3.733964
c_1_43_1424,13.041577,3.6810803
c_1_43_1425,9.538409,1.4966116
c_1_43_1426,10.226369,3.312178
c_1_43_1427,12.590935,3.3921595
c_1_43_1428,9.514497,1.0845003
c_1_43_1429,10.357542,3.197837
c_1_43_1430,12.686108,1.7855796
c_1_43_1431,9.899057,3.4994004
c_1_43_1432,11.921479,4.0426393
c_1_43_1433,10.526703,3.8727016
c_1_43_1434,10.097581,3.3540301
c_1_43_1435,8.807041,3.0649862
c_1_43_1436,7.9058204,2.137518
c_1_43_1437,10.325474,-0.34849027
c_1_43_1438,13.241237,3.7283428
c_1_43_1439,13.064644,4.5023503
c_1_43_1440,9.555445,5.4778695
c_1_43_1441,11.018536,2.0140092
c_1_43_1442,10.767341,3.2365856
c_1_43_1443,12.438401,8.11715
c_1_43_1444,11.551423,2.5430286
c_1_43_1445,11.315558,1.166722
c_1_43_1446,7.666462,1.0106498
c_1_43_1447,9.620336,2.3643472
c_1_43_1448,9.1161175,2.5082538
c_1_43_1449,10.117506,-0.52738345
c_1_43_1450,10.918823,2.8213565
c_1_43_1451,8.032708,0.8222237
c_1_43_1452,11.255226,2.0281749
c_1_43_1453,9.8573475,4.1750345
c_1_43_1454,10.681524,2.1804771
c_1_43_1455,12.502647,8.001409
c_1_43_1456,8.410444,1.5346417
c_1_43_1457,9.342168,3.8709981
c_1_43_1458,11.484714,0.8962825
c_1_43_1459,9.422539,3.619663
c_1_43_1460,11.751669,4.269545
c_1_43_1461,10.091879,2.5998013
c_1_43_1462,10.535724,1.1819004
c_1_43_1463,9.186805,4.1984367
c_1_43_1464,10.76361,1.8006384
c_1_43_1465,7.822677,3.1903677
c_1_43_1466,8.61126,3.3270583
c_1_43_1467,14.284009,3.6862795
c_1_43_1468,13.355026,4.9038663
c_1_43_1469,10.958492,3.4871924
c_1_43_1470,13.936319,4.683954
c_1_43_1471,7.134609,2.374671
c_1_43_1472,9.300429,3.5129962
c_1_43_1473,11.348842,2.2032726
c_1_43_1474,12.146843,0.8768428
c_1_43_1475,10.922232,4.750084
c_1_43_1476,10.21225,4.1900277
c_1_43_1477,12.906007,6.4377303
c_1_43_1478,12.909906,1.1721122
c_1_43_1479,11.72996,3.5001278
c_1_43_1480,13.877136,4.728815
c_1_43_1481,10.43212,2.0808952
c_1_43_1482,11.874361,5.4652166
c_1_43_1483,9.451682,2.865985
c_1_43_1484,15.044776,4.4917903
c_1_43_1486,8.168923,2.6995568
c_1_43_1487,11.349436,3.349556
c_1_43_1488,9.660436,3.3810217
c_1_43_1489,12.400556,2.1616082
c_1_43_1490,7.8412495,3.8077705
c_1_43_1491,8.236654,1.476679
c_1_43_1492,12.259293,2.043476
c_1_43_1493,11.633093,4.2708015
c_1_43_1494,12.13882,8.362337
c_1_43_1495,12.485652,4.702835
c_1_43_1496,12.873195,6.4197807
c_1_43_1497,13.2963085,6.312316
c_1_43_1498,11.181335,3.0417483
c_1_43_1499,10.069988,2.448685
c_1_43_1500,9.281185,3.4214077
c_1_43_1501,9.646541,2.5323296
c_1_43_1502,8.675448,1.2973338
c_1_43_1503,13.148364,2.7164738
c_1_43_1504,9.31441,1.3972822
c_1_43_1505,10.115119,1.8856252
c_1_43_1506,9.921823,1.9476566
c_1_43_1507,14.88038,4.9128656
c_1_43_1509,9.382455,0.16062088
c_1_43_1510,12.5753975,5.583439
c_1_43_1511,9.698749,1.7383925
c_1_43_1512,13.114469,4.7771726
c_1_43_1513,9.456557,2.5632577
c_1_43_1514,8.615415,0.55570185
c_1_43_1515,11.3629875,3.8670385
c_1_43_1516,8.415292,0.7104207
c_1_43_1517,7.1009445,1.8612897
c_1_43_1518,12.522121,3.2803996
c_1_43_1519,12.360974,7.971758
c_1_43_1520,7.8174367,3.3685892
c_1_43_1521,11.901094,3.611589
c_1_43_1522,14.096861,4.894907
c_1_43_1523,9.436237,2.8006027
c_1_43_1524,10.934281,2.7609956
c_1_43_1525,9.078735,3.1158516
c_1_43_1526,13.21358,4.009711
c_1_43_1527,12.289629,8.228746
c_1_43_1528,13.911537,4.862613
c_1_43_1529,12.343346,8.115523
c_1_43_1530,11.757743,4.3969846
c_1_43_1531,9.241835,3.9431667
c_1_43_1532,9.559559,2.2689147
c_1_43_1533,8.758086,2.8567677
c_1_43_1534,11.770012,2.8044088
c_1_43_1535,11.346198,3.4121702
c_1_43_1536,12.224385,4.661275
c_1_43_1537,9.911481,0.26217702
c_1_43_1538,14.280493,2.0460505
c_1_43_1539,11.329098,4.507625
c_1_43_1540,10.4478035,3.450825
c_1_43_1541,13.352765,5.096157
c_1_43_1542,9.452124,2.7693756
c_1_43_1543,13.040913,4.6452093
c_1_43_1545,8.704049,-0.1926012
c_1_43_1546,14.100402,3.7599068
c_1_43_1547,10.611671,1.8333819
c_1_43_1548,7.9292355,3.8163793
c_1_43_1549,13.142573,3.6778274
c_1_43_1550,9.420559,1.5941373
c_1_43_1551,14.239542,5.2309537
c_1_43_1552,9.333529,3.5644119
c_1_43_1553,11.486457,4.785423
c_1_43_1554,11.814243,4.552704
c_1_43_1555,9.582103,4.138956
c_1_43_1556,13.567631,4.7804036
c_1_43_1557,13.11257,5.195721
c_1_43_1558,12.694824,5.729148
c_1_43_1559,4.2688603,0.94339794
c_1_43_1560,11.34219,0.7310838
c_1_43_1561,6.2325273,2.6960487
c_1_43_1562,8.458222,1.671685
c_1_43_1563,13.844367,5.230665
c_1_43_1564,10.539108,2.5638835
c_1_43_1565,13.4778,4.595504
c_1_43_1566,9.768428,1.5925044
c_1_43_1567,7.7398243,2.1379907
c_1_43_1568,12.366666,5.406042
c_1_43_1569,9.407729,1.5669363
c_1_43_1570,13.306273,4.399392
c_1_43_1571,13.827746,4.7030497
c_1_43_1572,9.209573,3.078711
c_1_43_1573,8.777844,3.2753677
c_1_43_1574,10.208294,2.4626923
c_1_43_1575,9.792289,2.677717
c_1_43_1576,9.279829,3.1864276
c_1_43_1577,12.186055,5.1107726
c_1_43_1578,12.807121,3.96417
c_1_43_1579,12.476642,5.2424536
c_1_43_1580,9.741712,2.9593835
c_1_43_1581,11.516039,3.3384292
c_1_43_1582,8.48764,4.4304028
c_1_43_1583,12.968204,3.6902592
c_1_43_1584,11.833449,0.60722786
c_1_43_1585,9.838543,2.723377
c_1_43_1586,14.122693,4.770867
c_1_43_1587,13.475711,4.728803
c_1_43_1588,8.023711,4.220762
c_1_43_1589,13.88483,4.854358
c_1_43_1590,13.477279,3.8233147
c_1_43_1591,14.168893,4.7716484
c_1_43_1592,11.171869,1.0203102
c_1_43_1593,13.457529,1.6508472
c_1_43_1594,8.0858135,2.4880962
c_1_43_1595,8.116431,2.3166678
c_1_43_1596,13.326594,3.9851694
c_1_43_1597,8.422616,3.7331522
c_1_43_1598,12.820628,3.4392128
c_1_43_1599,11.347588,4.9696183
c_1_43_1600,9.226638,3.1720576
c_1_43_1601,9.9411,1.3258121
c_1_43_1602,14.193105,4.8600917
c_1_43_1603,14.631293,5.3416615
c_1_43_1604,7.416504,2.0797124
c_1_43_1605,10.40005,-1.3803349
c_1_43_1606,12.849323,6.8875046
c_1_43_1607,9.645216,2.357031
c_1_43_1608,12.27174,5.693693
c_1_43_1609,8.3250675,2.8106387
c_1_43_1610,10.095668,3.2322996
c_1_43_1611,10.695733,4.207933
c_1_43_1612,7.05745,1.9003291
c_1_43_1613,11.40189,3.3819873
c_1_43_1614,12.640627,2.0619667
c_1_43_1615,11.19202,5.6323295
c_1_43_1616,12.001914,5.1320796
c_1_43_1617,12.411694,4.2792516
c_1_43_1619,8.785719,1.4695241
c_1_43_1620,9.2068815,3.1771038
c_1_43_1622,12.812007,3.5283883
c_1_43_1623,12.199323,-0.5350699
c_1_43_1624,11.194391,1.8906577
c_1_43_1625,13.029144,4.0917397
c_1_43_1626,8.191387,0.9957935
c_1_43_1627,12.881167,3.217436
c_1_43_1628,11.625277,4.9397297
c_1_43_1629,8.802641,1.1411141
c_1_43_1630,10.142802,2.8611727
c_1_43_1631,12.48154,7.033872
c_1_43_1633,8.264718,5.051827
c_1_43_1634,13.998067,4.4539156
c_1_43_1635,11.813062,1.2344764
c_1_43_1636,11.415809,3.8022063
c_1_43_1637,14.346072,5.613904
c_1_43_1638,7.677258,0.8695874
c_1_43_1639,8.142675,1.9106662
c_1_43_1640,10.455686,2.080932
c_1_43_1641,8.574296,1.278062
c_1_43_1642,8.910587,3.0356123
c_1_43_1643,11.571109,4.57632
c_1_43_1644,8.449678,2.5597224
c_1_43_1645,11.676507,1.1277175
c_1_43_1646,11.4981575,3.8506474
c_1_43_1647,13.436806,1.4612459
c_1_43_1648,10.744215,1.2649595
c_1_43_1649,13.297877,4.474259
c_1_43_1650,11.50737,2.531928
c_1_43_1651,12.580336,5.3189945
c_1_43_1652,9.735147,1.5278367
c_1_43_1653,14.817879,4.5432673
c_1_43_1654,9.077168,4.806271
c_1_43_1655,7.5605216,3.1711059
c_1_43_1656,9.168009,1.3791901
c_1_43_1657,12.669613,6.410029
c_1_43_1658,13.061288,1.1956718
c_1_43_1659,13.024069,1.1623285
c_1_43_1660,12.827047,6.1263456
c_1_43_1661,12.459848,3.4728143
c_1_43_1662,11.62284,1.9259745
c_1_43_1663,11.895692,4.9549026
c_1_43_1664,13.202071,4.2424164
c_1_43_1665,12.387542,4.276044
c_1_43_1666,14.213361,5.7331915
c_1_43_1668,11.201759,3.7788062
c_1_43_1669,12.998442,3.7838013
c_1_43_1670,11.537047,3.9029057
c_1_43_1671,12.511412,6.2057858
c_1_43_1672,8.937681,3.3338463
c_1_43_1673,11.713803,5.894395
c_1_43_1674,14.128712,4.7001905
c_1_43_1675,12.139145,4.1949534
c_1_43_1676,8.596016,2.8511078
c_1_43_1677,12.255238,3.5684812
c_1_43_1678,13.376705,4.1453757
c_1_43_1679,11.84089,4.7648115
c_1_43_1680,11.509108,3.2172031
c_1_43_1681,10.703468,4.5493565
c_1_43_1682,12.468429,5.4439926
c_1_43_1683,11.67294,1.7013695
c_1_43_1684,12.93521,5.191683
c_1_43_1685,7.562276,2.245907
c_1_43_1686,13.153028,3.4525523
c_1_43_1688,13.490012,4.5831394
c_1_43_1689,8.170914,3.1918266
c_1_43_1690,8.250103,1.9971912
c_1_43_1691,12.683305,6.513094
c_1_43_1692,11.169263,3.2991445
c_1_43_1693,11.704743,4.6482654
c_1_43_1694,11.045621,3.2923646
c_1_43_1695,12.118341,3.647125
c_1_43_1696,14.336909,4.6229553
c_1_43_1697,10.557369,2.4137256
c_1_43_1698,10.266154,3.7897425
c_1_43_1699,13.7387085,5.0106735
c_1_43_1700,13.158463,4.240947
c_1_43_1701,13.585512,4.8604164
c_1_43_1702,11.343897,3.0390236
c_1_43_1703,9.612482,4.674705
c_1_43_1704,10.968971,4.847563
c_1_43_1705,12.751837,3.713303
c_1_43_1706,13.921277,3.2413166
c_1_43_1707,8.860526,3.339464
c_1_43_1708,13.230558,3.6876512
c_1_43_1709,9.342341,4.1253843
c_1_43_1710,13.763466,4.2521367
c_1_43_1711,13.245601,4.349974
c_1_43_1712,13.700817,4.908466
c_1_43_1713,11.116038,3.0151205
c_1_43_1714,13.452,4.9190497
c_1_43_1715,13.312991,2.8671792
c_1_43_1716,13.847031,4.6029053
c_1_43_1717,13.201402,5.472458
c_1_43_1718,11.698863,4.378323
c_1_43_1719,12.121007,2.7781422
c_1_43_1720,10.868072,2.8749664
c_1_43_1721,8.3526,0.81329143
c_1_43_1722,9.320027,2.90702
c_1_43_1723,13.364347,4.7687764
c_1_43_1724,8.217244,3.2598834
c_1_43_1725,9.365368,5.225504
c_1_43_1726,12.44729,4.539075
c_1_43_1727,13.876507,5.996918
c_1_43_1728,10.4778185,2.8789532
c_1_43_1729,13.103123,4.771494
c_1_43_1730,12.693217,7.8943887
c_1_43_1731,12.734957,4.8832693
c_1_43_1732,14.38963,2.4272163
c_1_43_1733,12.737024,4.5083027
c_1_43_1734,13.71259,5.0602407
c_1_43_1735,13.092637,2.4374003
c_1_43_1736,11.548863,3.6218672
c_1_43_1737,12.066553,5.261461
c_1_43_1738,13.833495,5.4926896
c_1_43_1739,11.93461,3.247527
c_1_43_1740,8.092121,4.320283
c_1_43_1741,9.322471,1.8959548
c_1_43_1742,12.739345,4.654864
c_1_43_1743,9.053352,1.9210293
c_1_43_1744,9.18371,2.0519316
c_1_43_1745,6.258601,-0.2610016
c_1_43_1746,11.806141,3.536119
c_1_43_1747,7.625867,3.9650633
c_1_43_1748,11.080378,1.447332
c_1_43_1749,14.625887,3.500154
c_1_43_1750,12.639355,3.0650122
c_1_43_1751,13.001889,0.40566865
c_1_43_1752,12.866952,3.694774
c_1_43_1753,13.94482,4.4451623
c_1_43_1754,14.1762,4.7059093
c_1_43_1755,9.363041,0.81576514
c_1_43_1756,15.070421,5.2301807
c_1_43_1757,12.790773,3.040448
c_1_43_1758,13.572878,0.75285774
c_1_43_1759,9.289084,3.2585735
c_1_43_1760,13.829388,4.8528657
c_1_43_1761,11.180404,3.1539981
c_1_43_1762,12.521273,4.1824036
c_1_43_1763,7.713265,2.907941
c_1_43_1764,8.924395,3.6556919
c_1_43_1765,13.869619,4.2476506
c_1_43_1766,12.303151,4.999256
c_1_43_1767,11.011776,3.059471
c_1_43_1768,11.932511,3.0514932
c_1_43_1769,13.969853,-0.43883783
c_1_43_1770,11.7284355,1.9247515
c_1_43_1771,10.576376,3.4451044
c_1_43_1772,10.498117,2.625397
c_1_43_1773,12.804765,3.3729768
c_1_43_1775,13.706059,4.377073
c_1_43_1776,9.921532,2.4529655
c_1_43_1777,8.38951,3.1871648
c_1_43_1778,9.721826,2.2429729
c_1_43_1779,13.49721,5.596378
c_1_43_1780,8.381639,2.1389077
c_1_43_1781,12.78193,3.2527053
c_1_43_1782,9.694238,2.2709105
c_1_43_1783,13.748359,4.0273824
c_1_43_1784,10.240648,-0.23028874
c_1_43_1785,13.18852,0.35412815
c_1_43_1786,10.32532,4.0846486
c_1_43_1787,10.053845,3.0014074
c_1_43_1788,9.072394,2.7234964
c_1_43_1789,8.062124,3.1308372
c_1_43_1790,13.403265,1.6291063
c_1_43_1791,13.271936,5.602217
c_1_43_1792,12.699487,2.4395232
c_1_43_1793,12.240638,4.483658
c_1_43_1794,11.403658,3.2527518
c_1_43_1795,9.645524,2.2696407
c_1_43_1796,13.001447,4.7928214
c_1_43_1797,7.6829247,2.6508746
c_1_43_1798,10.766833,5.002763
c_1_43_1799,11.211139,4.0314293
c_1_43_1800,11.075989,-1.4293194
c_1_43_1801,11.465219,4.157438
c_1_43_1802,9.24783,3.3838613
c_1_43_1803,11.998495,4.329911
c_1_43_1804,13.121696,3.32342
c_1_43_1805,12.689837,3.97906
c_1_43_1806,11.883694,2.4755766
c_1_43_1807,14.499829,5.056783
c_1_43_1808,9.857963,4.2697334
c_1_43_1810,8.379726,3.0851178
c_1_43_1811,8.722512,3.627855
c_1_43_1812,8.054453,2.803653
c_1_43_1813,11.427211,0.5294463
c_1_43_1815,10.017961,3.3769507
c_1_43_1816,10.8912945,4.1854653
c_1_43_1817,10.632974,3.8406434
c_1_43_1818,12.040945,2.862908
c_1_43_1819,12.764111,3.7935367
c_1_43_1820,14.054595,4.2959695
c_1_43_1821,8.838077,4.7681713
c_1_43_1822,12.803977,3.7582717
c_1_43_1823,11.165501,3.2466378
c_1_43_1824,9.645853,1.5480266
c_1_43_1825,10.636491,2.0643342
c_1_43_1826,13.58686,4.865508
c_1_43_1827,10.774747,2.8956208
c_1_43_1828,12.104635,1.8059694
c_1_43_1829,9.918438,4.5367765
c_1_43_1830,12.2195215,3.0699131
c_1_43_1831,8.258539,1.9100575
c_1_43_1832,10.631517,4.6075864
c_1_43_1833,8.739749,4.0363894
c_1_43_1834,8.248263,1.4418083
c_1_43_1835,12.543878,6.9628024
c_1_43_1836,9.357362,4.060033
c_1_43_1837,8.263649,3.5668561
c_1_43_1838,8.430372,3.3509946
c_1_43_1839,11.965589,3.3126035
c_1_43_1840,9.947082,4.1288257
c_1_43_1841,12.164615,4.3276205
c_1_43_1842,9.25488,3.3562677
c_1_43_1843,8.952429,2.6407087
c_1_43_1844,11.7183275,4.04796
c_1_43_1845,11.9928665,6.918794
c_1_43_1846,7.9749503,0.14574936
c_1_43_1847,11.153077,3.7137995
c_1_43_1848,10.079912,1.9374425
c_1_43_1849,8.703278,3.251984
c_1_43_1850,14.2616415,5.1622796
c_1_43_1851,13.5410595,4.733833
c_1_43_1852,7.9926953,3.5626326
c_1_43_1853,11.12722,2.7846546
c_1_43_1854,10.621972,2.181492
c_1_43_1855,14.8089695,5.0667276
c_1_43_1856,12.502604,5.581606
c_1_43_1857,14.2172365,3.9739718
c_1_43_1858,9.701131,1.5312405
c_1_43_1859,9.317597,3.9561179
c_1_43_1860,9.958852,1.403884
c_1_43_1861,7.9097795,1.0439246
c_1_43_1862,9.969306,3.0255475
c_1_43_1863,14.573045,4.438224
c_1_43_1864,10.7157755,2.9826162
c_1_43_1865,11.711211,2.5476668
c_1_43_1866,7.7637844,3.285131
c_1_43_1867,10.653254,1.6183169
c_1_43_1868,12.0269575,4.34338
c_1_43_1869,11.912944,4.0610905
c_1_43_1870,10.623328,4.681587
c_1_43_1871,12.082952,3.8964837
c_1_43_1872,12.764387,3.0125916
c_1_43_1873,8.8349285,2.9235358
c_1_43_1874,10.143079,5.672251
c_1_43_1875,9.804893,4.7430005
c_1_43_1876,10.914346,3.7549446
c_1_43_1877,8.699376,2.0161166
c_1_43_1878,8.95516,1.8693389
c_1_43_1879,13.600359,4.690068
c_1_43_1880,10.707677,4.264539
c_1_43_1881,10.592391,2.4984746
c_1_43_1882,10.08787,2.5497053
c_1_43_1883,13.763509,4.5771475
c_1_43_1884,8.547118,1.9216614
c_1_43_1885,12.48868,1.3197018
c_1_43_1886,8.194796,2.230732
c_1_43_1887,8.635146,4.931188
c_1_43_1888,12.258863,3.7222877
c_1_43_1889,8.565458,1.512606
c_1_43_1890,14.692445,4.9958105
c_1_43_1891,9.063583,1.9641491
c_1_43_1892,12.329693,4.693237
c_1_43_1893,12.095963,4.60638
c_1_43_1894,10.723808,4.5452037
c_1_43_1895,10.7564945,4.3811374
c_1_43_1896,12.39738,3.19355
c_1_43_1897,10.034157,3.0660117
c_1_43_1898,9.200776,-1.1375097
c_1_43_1899,12.927869,3.0985115
c_1_43_1900,9.021228,3.6946313
c_1_43_1901,13.468017,1.5579736
c_1_43_1902,13.614289,1.4047728
c_1_43_1903,9.652063,1.177575
c_1_43_1904,10.218941,3.4007154
c_1_43_1905,12.651886,0.81101686
c_1_43_1906,14.006006,4.038715
c_1_43_1907,8.088237,4.5254216
c_1_43_1908,10.156881,4.574031
c_1_43_1909,13.945553,4.8635764
c_1_43_1910,13.499764,3.7417433
c_1_43_1911,13.741093,4.164525
c_1_43_1912,8.277043,2.87172
c_1_43_1913,11.3285675,5.026788
c_1_43_1914,10.103381,3.1985335
c_1_43_1915,8.048165,3.3551888
c_1_43_1916,10.497568,3.4978342
c_1_43_1917,9.0969305,2.9610987
c_1_43_1918,13.981981,-0.5279164
c_1_43_1919,8.99322,4.2900515
c_1_43_1920,9.120895,4.2781878
c_1_43_1921,13.704332,4.803112
c_1_43_1922,10.807074,4.2963524
c_1_43_1923,13.73614,2.1541681
c_1_43_1924,12.560116,5.022531
c_1_43_1925,8.606443,1.90431
c_1_43_1926,8.683673,5.6282554
c_1_43_1927,9.903126,3.28921
c_1_43_1928,10.045184,2.000285
c_1_43_1929,8.460973,4.6904955
c_1_43_1930,12.366033,1.0498526
c_1_43_1931,13.797603,4.4793825
c_1_43_1932,7.6554995,3.6688695
c_1_43_1933,13.839739,2.0875401
c_1_43_1934,10.222935,4.8361635
c_1_43_1935,9.084586,2.6310425
c_1_43_1936,12.1075115,1.746473
c_1_43_1937,10.242014,2.1075737
c_1_43_1938,10.60886,4.451047
c_1_43_1939,8.9401865,3.986186
c_1_43_1940,11.693383,7.0721974
c_1_43_1941,11.042854,3.6042767
c_1_43_1942,10.827519,0.34853438
c_1_43_1943,10.841823,3.9644294
c_1_43_1944,14.289303,0.81962425
c_1_43_1945,10.58098,4.443318
c_1_43_1946,10.350074,2.3140974
c_1_43_1947,11.885847,2.8075495
c_1_43_1948,8.219677,4.116297
c_1_43_1949,11.032005,2.9798515
c_1_43_1950,8.543241,2.452254
c_1_43_1951,13.899534,5.1812873
c_1_43_1952,11.444449,2.9668336
c_1_43_1953,12.929349,4.4879456
c_1_43_1954,10.152504,1.1227567
c_1_43_1956,9.288778,2.4244335
c_1_43_1957,9.192158,3.7454834
c_1_43_1958,9.27042,2.7777445
c_1_43_1959,8.7750845,2.6203692
c_1_43_1960,10.512368,3.5572834
c_1_43_1961,11.987836,4.603517
c_1_43_1962,11.101646,4.540093
c_1_43_1963,8.319434,4.2911987
c_1_43_1964,8.54636,3.9610827
c_1_43_1965,13.6220255,4.7441716
c_1_43_1966,8.500061,1.8325455
c_1_43_1967,8.87084,4.7339497
c_1_43_1968,8.827859,2.6898038
c_1_43_1969,11.596629,1.4689865
c_1_43_1970,8.504379,1.1882694
c_1_43_1971,11.641834,3.1229968
c_1_43_1972,8.971815,2.8270352
c_1_43_1973,3.4754803,1.2890494
c_1_43_1974,8.4192505,3.6215205
c_1_43_1975,13.611474,-0.0999013
c_1_43_1976,8.604964,3.9734423
c_1_43_1977,7.627654,2.5130699
c_1_43_1978,14.750082,4.4550138
c_1_43_1979,9.014916,1.8157856
c_1_43_1980,9.111919,2.0990038
c_1_43_1981,10.829841,3.128984
c_1_43_1982,9.57303,3.3762882
c_1_43_1983,10.483818,3.812767
c_1_43_1984,8.012407,2.3377569
c_1_43_1985,11.75917,3.7986965
c_1_43_1986,11.608265,4.116309
c_1_43_1987,9.396796,2.7529626
c_1_43_1988,12.345911,1.4027187
c_1_43_1989,8.7802925,1.4811354
c_1_43_1990,13.638145,4.393183
c_1_43_1991,11.415317,0.9083233
c_1_43_1992,8.623064,2.3476574
c_1_43_1994,8.546215,0.4153173
c_1_43_1995,12.163943,6.0236754
c_1_43_1996,9.240699,3.0539742
c_1_43_1997,10.64808,5.268495
c_1_43_1998,11.527121,0.78619915
c_1_43_2000,10.353644,4.2857842
c_1_43_2001,11.30225,1.4281003
c_1_43_2002,9.762355,1.1535968
c_1_43_2003,10.567435,3.4287264
c_1_43_2004,13.560713,2.2029014
c_1_43_2005,8.35334,2.2162957
c_1_43_2006,8.869036,1.4935908
c_1_43_2007,10.628367,1.9087796
c_1_43_2008,12.599903,3.9739811
c_1_43_2009,9.08424,4.643942
c_1_43_2010,10.794387,3.8584683
c_1_43_2011,9.378962,0.7974195
c_1_43_2012,9.20937,3.0565789
c_1_43_2013,13.693932,4.667133
c_1_43_2014,10.411516,4.287053
c_1_43_2015,7.9076033,3.9132822
c_1_43_2016,8.460625,1.8528728
c_1_43_2017,9.180738,3.0705895
c_1_43_2018,9.499922,5.338586
c_1_43_2019,7.7213106,2.8896508
c_1_43_2020,13.521168,4.3471866
c_1_43_2021,9.220657,2.9993572
c_1_43_2022,8.867126,2.5034761
c_1_43_2023,8.296435,2.4139013
c_1_43_2024,8.061018,2.227452
c_1_43_2025,10.756717,1.5559448
c_1_43_2026,9.744585,2.1621065
c_1_43_2027,14.310134,4.510339
c_1_43_2028,9.131881,4.202302
c_1_43_2029,8.246029,1.722941
c_1_43_2030,11.320733,4.722302
c_1_43_2031,8.086897,2.926204
c_1_43_2032,12.650592,0.0022691726
c_1_43_2033,11.997183,6.129553
c_1_43_2034,9.811663,4.399682
c_1_43_2035,12.61296,4.843349
c_1_43_2036,9.440953,3.1935575
c_1_43_2037,12.583007,6.762343
c_1_43_2038,12.881731,3.7781818
c_1_43_2039,11.065162,4.995472
c_1_43_2040,11.46352,3.323256
c_1_43_2041,10.201323,4.487897
c_1_43_2042,11.323326,3.4426305
c_1_43_2043,13.21625,4.0405087
c_1_43_2044,14.97469,4.5740995
c_1_43_2045,9.4840765,1.8153716
c_1_43_2046,10.140772,2.1332312
c_1_43_2047,12.858511,7.341952
c_1_43_2048,10.665055,3.6990712
c_1_43_2049,8.821514,2.5513015
c_1_43_2050,8.868445,3.7808568
c_1_43_2051,8.313535,2.0913138
c_1_43_2052,12.458057,4.532304
c_1_43_2053,7.7219543,2.0844045
c_1_43_2054,10.054647,2.950029
c_1_43_2055,12.458549,4.8704963
c_1_43_2056,13.679371,3.049494
c_1_43_2057,11.282542,4.1186447
c_1_43_2058,12.611413,7.2420254
c_1_43_2059,7.8369966,0.9479646
c_1_43_2060,9.108351,4.4418335
c_1_43_2061,10.527928,-1.1110646
c_1_43_2062,13.210991,0.5644054
c_1_43_2063,8.330399,1.3986715
c_1_43_2064,9.208427,3.482409
c_1_43_2065,12.988754,4.3111873
c_1_43_2066,11.517008,0.5982334
c_1_43_2067,9.704446,3.7041643
c_1_43_2068,10.467239,-1.0564945
c_1_43_2069,10.474266,0.9169417
c_1_43_2070,8.068305,4.558811
c_1_43_2071,8.412251,2.0508373
c_1_43_2072,10.274168,5.543651
c_1_43_2073,10.648409,2.1483052
c_1_43_2074,8.694704,4.623387
c_1_43_2075,9.744819,4.509351
c_1_43_2076,11.522933,6.501442
c_1_43_2077,10.049021,2.8320994
c_1_43_2078,12.510407,7.7208257
c_1_43_2079,9.235588,3.0160797
c_1_43_2080,12.24087,4.3627396
c_1_43_2081,13.638902,-0.6901294
c_1_43_2082,13.567271,0.46239984
c_1_43_2083,7.5282454,3.6686597
c_1_43_2084,13.189443,3.439364
c_1_43_2085,8.548099,2.0005548
c_1_43_2086,11.192582,2.8756113
c_1_43_2087,7.908977,4.212334
c_1_43_2088,9.967456,3.9304597
c_1_43_2089,11.681067,3.7637503
c_1_43_2090,8.673853,3.3348083
c_1_43_2091,9.660074,4.8373075
c_1_43_2092,11.166607,4.019772
c_1_43_2093,12.586272,1.9010885
c_1_43_2094,9.930851,3.492939
c_1_43_2095,12.390979,6.704585
c_1_43_2096,10.661462,2.9897327
c_1_43_2097,14.354769,4.9416723
c_1_43_2098,9.759139,2.3431387
c_1_43_2099,11.573938,3.3577101
c_1_43_2100,8.976746,2.7400653
c_1_43_2101,12.525875,7.850412
c_1_43_2102,10.774884,3.9985244
c_1_43_2103,10.5687275,4.896911
c_1_43_2104,9.708275,2.2494178
c_1_43_2105,9.666008,3.956383
c_1_43_2106,9.323667,4.8207436
c_1_43_2107,8.205101,3.4989479
c_1_43_2108,8.872589,1.9101725
c_1_43_2109,11.495046,4.791929
c_1_43_2110,11.856528,4.2520666
c_1_43_2111,10.658835,3.0669734
c_1_43_2112,12.0750675,3.6693606
c_1_43_2113,8.710936,3.8719501
c_1_43_2114,8.623539,5.167911
c_1_43_2115,10.214842,4.6409087
c_1_43_2116,11.693228,2.5076578
c_1_43_2117,12.826169,4.5020943
c_1_43_2118,10.029756,5.0677023
c_1_43_2119,10.780978,2.492216
c_1_43_2120,10.899293,4.620688
c_1_43_2121,13.495234,4.2092834
c_1_43_2122,11.014518,2.0026472
c_1_43_2123,10.823613,2.5203297
c_1_43_2124,12.849849,1.9512182
c_1_43_2125,9.62265,1.8841642
c_1_43_2126,9.382564,3.347665
c_1_43_2127,13.289828,3.5144675
c_1_43_2129,9.757694,4.2251453
c_1_43_2130,11.020227,2.6501591
c_1_43_2131,10.802078,4.4181905
c_1_43_2132,10.419103,-0.3165569
c_1_43_2133,11.73896,2.3293219
c_1_43_2134,7.5737762,2.255442
c_1_43_2135,13.680541,5.2581096
c_1_43_2136,8.761261,4.8355827
c_1_43_2137,12.73061,8.044392
c_1_43_2138,9.669836,5.311146
c_1_43_2139,13.922852,3.9971309
c_1_43_2140,6.7914324,1.9830536
c_1_43_2141,8.325645,2.68328
c_1_43_2142,11.771158,3.364249
c_1_43_2143,13.755281,2.7759962
c_1_43_2144,12.290882,-0.036886834
c_1_43_2145,14.057301,4.1702585
c_1_43_2146,9.368353,3.7130892
c_1_43_2147,10.081627,3.3531232
c_1_43_2148,9.884615,3.750331
c_1_43_2149,12.647647,6.875212
c_1_43_2150,9.060126,4.555574
c_1_43_2151,10.526016,4.151039
c_1_43_2152,8.983193,3.5394564
c_1_43_2153,7.988681,3.0419564
c_1_43_2154,10.164928,4.665905
c_1_43_2155,12.7794695,4.6417513
c_1_43_2156,9.604318,0.97683376
c_1_43_2157,10.909846,0.21598482
c_1_43_2158,12.779198,0.5528086
c_1_43_2159,14.64812,4.6232142
c_1_43_2160,10.638785,3.146669
c_1_43_2161,9.628049,4.46215
c_1_43_2162,10.678397,3.3066494
c_1_43_2163,9.845025,2.370013
c_1_43_2164,9.616203,5.1982636
c_1_43_2165,8.2833605,3.940402
c_1_43_2166,10.91423,3.2452714
c_1_43_2167,5.1884007,0.07770879
c_1_43_2168,10.074992,4.338348
c_1_43_2169,11.287539,4.6295905
c_1_43_2170,10.715581,2.5380642
c_1_43_2171,9.014446,3.0630577
c_1_43_2172,8.7945385,3.957184
c_1_43_2173,8.0673895,3.424632
c_1_43_2174,15.28843,4.534673
c_1_43_2175,9.220812,3.4763455
c_1_43_2176,8.921932,2.244007
c_1_43_2177,9.482479,3.7777789
c_1_43_2178,8.957718,5.3874135
c_1_43_2179,12.413248,6.683396
c_1_43_2180,7.2789874,2.6776145
c_1_43_2181,8.971145,2.72321
c_1_43_2183,9.899144,4.8270226
c_1_43_2184,10.196965,3.1022983
c_1_43_2185,12.548134,2.111082
c_1_43_2186,8.8287325,1.2352247
c_1_43_2187,10.817384,0.9527753
c_1_43_2188,9.052922,3.6617587
c_1_43_2189,10.442162,2.7747517
c_1_43_2190,10.54439,2.2988193
c_1_43_2191,12.49246,6.6290016
c_1_43_2192,10.077334,3.4503236
c_1_43_2193,10.971192,0.4544046
c_1_43_2194,8.280784,4.3477798
c_1_43_2196,9.618035,2.2608862
c_1_43_2197,12.000765,1.8465185
c_1_43_2198,12.356805,2.048119
c_1_43_2199,13.554354,3.6648767
c_1_43_2200,8.13906,3.8979857
c_1_43_2201,10.739816,4.20741
c_1_43_2202,7.8161125,3.0905974
c_1_43_2203,10.442011,2.845761
c_1_43_2204,12.219276,3.8036883
c_1_43_2205,10.922444,3.3613389
c_1_43_2206,8.410868,1.4821172
c_1_43_2207,13.013905,3.5160785
c_1_43_2208,12.048143,1.9037359
c_1_43_2209,9.115511,3.374057
c_1_43_2210,13.6763115,3.2172666
c_1_43_2211,13.154263,-0.31404868
c_1_43_2212,13.944765,-0.55091256
c_1_43_2213,8.986153,4.3382406
c_1_43_2214,9.480962,4.133903
c_1_43_2215,9.367622,3.0389757
c_1_43_2216,9.082686,2.0358055
c_1_43_2217,11.52176,3.2843404
c_1_43_2218,9.939005,2.4081213
c_1_43_2219,12.185972,4.9640427
c_1_43_2220,11.382565,2.0337563
c_1_43_2221,14.432468,3.469399
c_1_43_2222,11.426265,3.1664343
c_1_43_2223,8.149118,-0.03358815
c_1_43_2224,8.735715,3.015586
c_1_43_2225,12.148268,1.3126059
c_1_43_2226,10.237474,2.5804484
c_1_43_2227,8.86465,1.5441855
c_1_43_2228,7.7040606,3.505174
c_1_43_2229,10.622348,-0.45949295
c_1_43_2230,10.542714,4.1669736
c_1_43_2231,10.204336,1.7955227
c_1_43_2232,9.423169,4.1480317
c_1_43_2233,11.388572,4.692911
c_1_43_2234,10.991969,2.7967772
c_1_43_2235,8.683997,3.4672587
c_1_43_2236,9.440891,3.4274101
c_1_43_2237,9.302212,2.842995
c_1_43_2238,10.32737,5.1298695
c_1_43_2239,11.369817,1.0444249
c_1_43_2240,11.981104,4.3593554
c_1_43_2241,8.542228,5.163049
c_1_43_2242,8.364936,1.5502938
c_1_43_2243,11.287633,3.7939258
c_1_43_2244,8.85156,3.9038494
c_1_43_2245,8.644429,2.5099485
c_1_43_2246,13.29289,1.511743
c_1_43_2247,8.11292,4.2279477
c_1_43_2248,9.037817,4.314994
c_1_43_2249,8.372463,4.838116
c_1_43_2250,12.786821,4.3522496
c_1_43_2251,8.415643,2.6006682
c_1_43_2252,8.05345,3.8855176
c_1_43_2253,14.260079,4.961118
c_1_43_2254,8.638313,1.8545841
c_1_43_2255,10.582508,3.2954404
c_1_43_2256,11.609362,1.9994575
c_1_43_2257,8.538468,0.67783827
c_1_43_2258,8.990745,3.964195
c_1_43_2259,13.222457,1.4616598
c_1_43_2260,13.895923,4.628649
c_1_43_2261,11.2843895,3.092851
c_1_43_2262,10.5302725,3.2361345
c_1_43_2263,10.204909,4.1343584
c_1_43_2264,11.233831,3.4425163
c_1_43_2265,13.403503,2.4052896
c_1_43_2266,11.002707,4.522452
c_1_43_2267,8.680568,3.5687187
c_1_43_2268,10.689074,3.3973045
c_1_43_2269,9.524783,3.3752089
c_1_43_2270,11.602309,6.5890064
c_1_43_2271,9.296401,4.1580553
c_1_43_2272,9.543726,5.094393
c_1_43_2273,9.901253,2.5620685
c_1_43_2275,11.408138,2.122781
c_1_43_2276,11.673352,4.1614013
c_1_43_2277,9.706602,3.3396645
c_1_43_2278,9.1507,2.3894117
c_1_43_2279,10.684476,1.8214983
c_1_43_2280,9.079917,4.1237793
c_1_43_2281,12.174594,3.8899608
c_1_43_2282,12.93726,4.7516346
c_1_43_2283,11.862092,2.9997532
c_1_43_2284,13.557383,4.4775267
c_1_43_2285,13.450537,4.74762
c_1_43_2286,14.526606,4.242903
c_1_43_2287,11.232912,4.574783
c_1_43_2288,15.155277,4.6138635
c_1_43_2289,9.962638,1.7942891
c_1_43_2290,11.270356,4.1350517
c_1_43_2291,8.509448,3.3557951
c_1_43_2292,8.232818,2.3537803
c_1_43_2293,11.643006,-0.4925618
c_1_43_2294,9.405754,3.7475245
c_1_43_2295,8.129771,1.8629006
c_1_43_2296,9.783803,5.420142
c_1_43_2297,9.857231,0.87350607
c_1_43_2298,8.967587,0.100573935
c_1_43_2299,8.470621,4.412191
c_1_43_2300,11.091873,3.4306521
c_1_43_2301,8.118753,4.788234
c_1_43_2302,9.342496,4.94794
c_1_43_2303,10.125236,2.9314468
c_1_43_2304,9.722107,3.0744739
c_1_43_2305,9.454866,4.911354
c_1_43_2306,9.160531,2.9766624
c_1_43_2307,12.055751,4.3075023
c_1_43_2308,11.734642,1.8762468
c_1_43_2309,8.527165,3.2740982
c_1_43_2310,9.555723,1.800884
c_1_43_2312,9.201591,3.6774175
c_1_43_2313,8.773604,4.8876343
c_1_43_2314,12.470714,4.126078
c_1_43_2315,11.019481,4.3930793
c_1_43_2316,9.229708,4.325405
c_1_43_2317,8.224368,3.8521914
c_1_43_2318,12.192641,6.001352
c_1_43_2319,8.694404,5.121342
c_1_43_2320,11.127698,3.9228125
c_1_43_2321,8.595324,3.034431
c_1_43_2322,7.701891,3.1292922
c_1_43_2323,9.361772,2.359411
c_1_43_2324,9.365604,3.854335
c_1_43_2325,8.2204895,3.6112413
c_1_43_2326,8.090727,3.244064
c_1_43_2327,10.278525,3.3415425
c_1_43_2328,9.891721,3.359817
c_1_43_2329,7.6353536,2.6155975
c_1_43_2330,10.4213085,3.5704064
c_1_43_2331,9.237648,1.9958706
c_1_43_2332,12.266787,7.57692
c_1_43_2333,10.632213,3.352846
c_1_43_2334,10.567408,3.6326518
c_1_43_2335,14.779893,4.6460423
c_1_43_2336,8.984502,4.791589
c_1_43_2337,14.04107,4.46538
c_1_43_2338,8.092417,4.2715845
c_1_43_2339,9.638734,3.5667355
c_1_43_2340,10.588695,2.2536566
c_1_43_2341,9.531386,3.4055388
c_1_43_2342,8.865681,3.296009
c_1_43_2343,9.8527775,4.0916
c_1_43_2344,13.405299,2.7935357
c_1_43_2345,9.958975,3.2896624
c_1_43_2346,8.914067,3.6934202
c_1_43_2348,9.824307,5.667576
c_1_43_2349,7.140067,0.9755566
c_1_43_2350,14.517319,4.457532
c_1_43_2351,12.211854,4.1117334
c_1_43_2352,10.767762,3.8005793
c_1_43_2353,8.521749,3.761275
c_1_43_2354,9.475115,0.2796953
c_1_43_2355,10.173584,3.4421988
c_1_43_2357,8.651178,4.6620827
c_1_43_2358,7.9657245,3.8028
c_1_43_2359,11.36013,3.0120368
c_1_43_2360,13.465192,4.066454
c_1_43_2361,9.627151,2.6237957
c_1_43_2362,13.146604,1.7845356
c_1_43_2363,13.234288,4.508892
c_1_43_2364,8.238272,2.1617823
c_1_43_2365,8.592282,5.3213487
c_1_43_2366,10.56043,3.2943745
c_1_43_2367,10.2597885,3.2953386
c_1_43_2368,8.704543,1.4990231
c_1_43_2369,10.514995,5.246139
c_1_43_2370,9.706806,2.6190455
c_1_43_2371,10.502419,3.6017113
c_1_43_2372,10.194305,4.4058847
c_1_43_2373,9.004491,2.4087389
c_1_43_2374,10.4504385,2.7327955
c_1_43_2375,8.288719,3.3326678
c_1_43_2376,12.814468,4.440536
c_1_43_2378,10.664164,2.2402968
c_1_43_2379,8.620485,4.8083496
c_1_43_2380,14.636355,4.3292623
c_1_43_2381,9.524432,2.5166912
c_1_43_2382,11.496632,5.286973
c_1_43_2383,9.5862255,1.5767015
c_1_43_2384,8.511268,4.5792494
c_1_43_2385,9.289627,4.7891254
c_1_43_2386,8.587828,0.96103674
c_1_43_2388,13.396832,2.8821578
c_1_43_2389,11.123486,1.7335874
c_1_43_2390,9.566631,4.5230174
c_1_43_2391,12.615062,7.3165817
c_1_43_2392,11.7228365,5.78392
c_1_43_2393,8.378473,2.9943366
c_1_43_2394,14.39359,4.504391
c_1_43_2395,10.180655,4.746747
c_1_43_2396,11.857964,4.580563
c_1_43_2397,12.338486,6.704032
c_1_43_2399,11.579736,2.4902976
c_1_43_2400,11.324993,4.3509426
c_1_43_2401,9.751724,2.725797
c_1_43_2402,9.596715,1.4966794
c_1_43_2403,12.840757,3.7469752
c_1_43_2404,9.394827,3.2659814
c_1_43_2405,9.479993,5.164698
c_1_43_2406,8.92826,4.4126644
c_1_43_2407,9.737377,4.1051316
c_1_43_2408,9.895864,3.2121701
c_1_43_2409,8.998615,5.294427
c_1_43_2410,12.020409,4.3236976
c_1_43_2411,10.476598,1.4471713
c_1_43_2412,9.015657,2.0602388
c_1_43_2413,9.14138,3.736904
c_1_43_2414,10.364628,4.0421667
c_1_43_2415,9.212264,4.927371
c_1_43_2416,9.676187,4.8729963
c_1_43_2417,8.453576,2.9639256
c_1_43_2418,9.088415,4.5597105
c_1_43_2419,11.588209,4.353934
c_1_43_2420,13.340604,3.886916
c_1_43_2421,10.967914,3.523463
c_1_43_2422,11.546287,2.3650222
c_1_43_2424,10.478658,2.6771014
c_1_43_2425,11.426121,2.8124063
c_1_43_2426,9.392229,0.9806513
c_1_43_2427,9.652291,4.8203096
c_1_43_2428,8.061139,3.6524954
c_1_43_2429,9.183961,0.8966047
c_1_43_2430,7.861302,3.2407997
c_1_43_2431,10.005175,2.3272216
c_1_43_2432,10.133419,4.579417
c_1_43_2433,12.204665,4.546149
c_1_43_2434,12.179586,6.7234387
c_1_43_2435,8.894081,1.702598
c_1_43_2436,12.2596445,3.548465
c_1_43_2437,11.705989,4.2191114
c_1_43_2438,10.937087,3.7634387
c_1_43_2439,9.232168,3.4615202
c_1_43_2440,13.431724,4.3181615
c_1_43_2441,9.458713,5.386965
c_1_43_2442,13.742672,4.3479342
c_1_43_2443,8.84158,3.854182
c_1_43_2444,11.288413,0.4307678
c_1_43_2445,12.766293,2.7952018
c_1_43_2446,9.28697,3.093043
c_1_43_2447,10.305665,4.070254
c_1_43_2448,12.907033,4.3375587
c_1_43_2449,8.888835,3.1357472
c_1_43_2450,9.706968,3.787569
c_1_43_2451,13.440361,4.57466
c_1_43_2452,10.833467,1.9425839
c_1_43_2453,8.772597,3.50258
c_1_43_2454,10.3878,3.002738
c_1_43_2456,8.733854,3.7828093
c_1_43_2457,9.819786,5.1003675
c_1_43_2458,10.827713,2.162428
c_1_43_2459,10.303696,4.2773376
c_1_43_2460,8.665106,2.7192667
c_1_43_2461,8.163727,3.4698572
c_1_43_2462,13.016418,4.18202
c_1_43_2463,12.303895,4.8984942
c_1_43_2464,9.482609,4.0251637
c_1_43_2465,9.520271,1.7681222
c_1_43_2466,8.893226,0.98066586
c_1_43_2467,7.4953265,2.6835475
c_1_43_2468,9.513228,3.1346512
c_1_43_2469,8.570097,2.9897823
c_1_43_2470,4.5064125,1.1487402
c_1_43_2471,13.266554,4.3446927
c_1_43_2472,8.266496,4.7854266
c_1_43_2473,12.271909,2.9173815
c_1_43_2474,12.24028,7.5762167
c_1_43_2475,9.903338,3.9183774
c_1_43_2476,9.347924,4.656276
c_1_43_2477,13.522288,4.4687138
c_1_43_2478,8.393507,0.6315971
c_1_43_2479,10.381939,2.3259282
c_1_43_2480,11.73569,3.4065204
c_1_43_2481,9.446985,2.374292
c_1_43_2482,11.759388,1.716691
c_1_43_2483,9.433675,2.8291543
c_1_43_2484,9.960529,3.879711
c_1_43_2485,13.211669,4.6713514
c_1_43_2486,10.06573,4.611385
c_1_43_2487,11.5856,4.623958
c_1_43_2488,8.053746,4.4423738
c_1_43_2489,10.463171,2.7200592
c_1_43_2490,11.297962,4.043817
c_1_43_2491,9.538914,4.494564
c_1_43_2492,10.098315,2.349856
c_1_43_2493,13.07141,2.9431312
c_1_43_2494,9.6784935,4.7125506
c_1_43_2495,10.618377,3.7535477
c_1_43_2496,9.032215,2.2303147
c_1_43_2497,9.895828,1.8509591
c_1_43_2498,7.7767134,3.8908403
c_1_43_2499,8.7501545,4.7336874
c_1_43_2501,10.883952,2.0448842
c_1_43_2502,8.744464,3.059901
c_1_43_2503,10.330189,3.3839333
c_1_43_2504,8.480156,5.1819906
c_1_43_2505,9.097268,3.2231486
c_1_43_2506,11.456524,3.6221519
c_1_43_2507,14.413916,4.5988774
c_1_43_2508,10.730575,4.2189984
c_1_43_2509,8.303939,1.3812032
c_1_43_2510,8.743938,3.1396842
c_1_43_2511,8.501204,2.4754355
c_1_43_2512,8.483339,3.902924
c_1_43_2513,8.238684,3.795991
c_1_43_2514,8.294148,4.445717
c_1_43_2515,9.996765,4.0512614
c_1_43_2516,7.18196,1.583361
c_1_43_2517,9.715896,4.6557374
c_1_43_2518,8.309112,3.0202281
c_1_43_2519,8.724596,3.1159182
c_1_43_2520,9.898682,3.7235062
c_1_43_2521,8.889618,3.224785
c_1_43_2522,11.765604,6.475828
c_1_43_2523,9.192446,4.643946
c_1_43_2524,13.648802,4.5580754
c_1_43_2525,10.393818,3.594336
c_1_43_2526,9.660305,1.2808018
c_1_43_2527,8.296515,0.007711881
c_1_43_2528,8.052162,3.6935883
c_1_43_2529,9.330087,3.233606
c_1_43_2530,9.00859,2.0798395
c_1_43_2531,12.571167,7.4094653
c_1_43_2532,9.597453,2.411796
c_1_43_2533,8.772127,4.78145
c_1_43_2534,9.117118,4.0867467
c_1_43_2535,10.040521,3.3188365
c_1_43_2536,8.550039,4.0991836
c_1_43_2537,7.958401,2.8893228
c_1_43_2538,13.15002,4.8416324
c_1_43_2539,9.80448,2.474819
c_1_43_2540,8.357574,3.1664212
c_1_43_2541,9.996338,4.71186
c_1_43_2542,9.209992,3.1699762
c_1_43_2543,8.419994,2.1703155
c_1_43_2544,10.468719,5.1203127
c_1_43_2545,10.488969,4.4119754
c_1_43_2546,11.056854,3.0358107
c_1_43_2547,9.114612,3.7839324
c_1_43_2548,8.646509,2.798932
c_1_43_2549,10.890422,3.1643853
c_1_43_2550,8.407514,3.6083841
c_1_43_2551,9.980455,3.8807888
c_1_43_2552,8.929075,5.144513
c_1_43_2553,9.754288,3.5274184
c_1_43_2554,9.366164,2.8532863
c_1_43_2555,8.570986,5.4072266
c_1_43_2556,12.518137,4.029453
c_1_43_2557,12.354947,7.557379
c_1_43_2558,14.040192,1.5275025
c_1_43_2559,11.132933,4.278455
c_1_43_2560,8.712144,3.3854768
c_1_43_2561,8.870913,3.9880676
c_1_43_2562,10.494819,3.4372144
c_1_43_2563,11.578727,4.621674
c_1_43_2564,8.460942,0.36764362
c_1_43_2565,9.5592165,2.7823803
c_1_43_2566,9.0829115,1.045203
c_1_43_2567,10.476792,2.1472683
c_1_43_2568,8.626853,4.61835
c_1_43_2569,9.742691,4.413422
c_1_43_2570,12.852217,4.102132
c_1_43_2571,9.362779,2.5786684
c_1_43_2572,10.822802,2.3426635
c_1_43_2574,8.466127,-0.17991841
c_1_43_2575,9.1557,3.3591933
c_1_43_2576,10.329291,2.5725968
c_1_43_2577,8.832098,2.89587
c_1_43_2578,9.299018,3.600464
c_1_43_2579,10.094746,3.284175
c_1_43_2580,10.821782,2.9461591
c_1_43_2581,10.404231,3.5463984
c_1_43_2582,12.309546,7.323442
c_1_43_2583,10.517006,1.891065
c_1_43_2584,10.482682,3.7648654
c_1_43_2585,9.312683,4.7467732
c_1_43_2586,8.946485,0.8128382
c_1_43_2587,13.159673,6.0835476
c_1_43_2588,11.623843,1.4381057
c_1_43_2589,11.980251,-0.07064406
c_1_43_2590,8.486496,3.856757
c_1_43_2591,14.371307,4.295332
c_1_43_2592,14.716544,4.7122536
c_1_43_2593,12.304007,6.4238305
c_1_43_2594,9.036868,4.0478816
c_1_43_2595,8.879394,5.0766754
c_1_43_2596,8.153041,4.3475533
c_1_43_2597,9.760813,4.4258184
c_1_43_2598,11.818772,2.7562659
c_1_43_2599,10.52415,2.2441342
c_1_43_2600,8.579626,4.8086023
c_1_43_2601,11.935202,2.469885
c_1_43_2602,10.392394,5.13255
c_1_43_2603,10.701303,3.3791356
c_1_43_2604,9.861839,3.952435
c_1_43_2605,14.359103,2.1539166
c_1_43_2606,8.452639,4.6871405
c_1_43_2607,9.41147,3.8351657
c_1_43_2608,10.3464155,2.4936182
c_1_43_2609,11.350749,1.8826209
c_1_43_2610,8.864648,4.7015433
c_1_43_2611,8.611107,3.585444
c_1_43_2612,8.763083,3.6914525
c_1_43_2613,9.664608,4.9338117
c_1_43_2614,9.205796,4.301386
c_1_43_2615,9.781443,3.0310564
c_1_43_2616,11.458546,2.7001052
c_1_43_2617,9.157688,4.9714756
c_1_43_2618,12.24164,4.351629
c_1_43_2619,12.718439,6.812625
c_1_43_2620,11.989175,4.3463254
c_1_43_2621,9.434788,1.3374693
c_1_43_2622,10.802526,3.0551848
c_1_43_2623,11.760301,2.2274237
c_1_43_2624,10.573578,1.592835
c_1_43_2625,11.29019,-0.97589755
c_1_43_2626,10.272378,3.4644198
c_1_43_2627,9.000654,4.229135
c_1_43_2628,9.969111,3.245437
c_1_43_2629,10.27571,5.0102215
c_1_43_2630,10.938747,3.7282958
c_1_43_2631,8.937891,2.7197745
c_1_43_2632,10.329824,2.7305474
c_1_43_2633,9.508886,4.160777
c_1_43_2634,13.036601,-0.10439452
c_1_43_2635,12.078461,1.244047
c_1_43_2636,13.855224,4.857441
c_1_43_2637,12.331442,4.5331883
c_1_43_2638,9.118389,5.144859
c_1_43_2639,8.616386,4.4667997
c_1_43_2640,8.341105,4.398202
c_1_43_2641,9.400591,4.6252933
c_1_43_2642,12.723762,3.3975167
c_1_43_2643,9.182614,2.798519
c_1_43_2644,8.656015,4.9546914
c_1_43_2645,11.6608715,1.4614248
c_1_43_2646,8.768549,4.645166
c_1_43_2647,7.598554,3.8188133
c_1_43_2648,9.555349,2.1115034
c_1_43_2649,9.139405,2.4612377
c_1_43_2650,9.500183,3.3954298
c_1_43_2651,9.486586,2.65888
c_1_43_2653,8.489947,1.6715292
c_1_43_2654,11.877689,0.13879743
c_1_43_2655,10.694205,4.4249725
c_1_43_2656,11.511285,2.5642452
c_1_43_2657,9.619529,4.65925
c_1_43_2658,12.229223,-0.18498528
c_1_43_2659,8.25568,1.5623535
c_1_43_2660,7.525468,4.1423798
c_1_43_2661,8.418847,3.7880154
c_1_43_2662,8.5379925,2.9546442
c_1_43_2663,10.054904,4.938977
c_1_43_2664,10.130817,2.7323072
c_1_43_2665,10.830405,1.5822555
c_1_43_2666,8.782044,2.9625874
c_1_43_2667,9.42034,2.1827228
c_1_43_2668,9.171749,4.2970533
c_1_43_2669,11.731595,2.3557978
c_1_43_2670,8.293081,3.547427
c_1_43_2671,8.397433,4.3284307
c_1_43_2672,14.479902,4.908559
c_1_43_2673,10.067023,4.6663313
c_1_43_2674,11.061365,4.6717863
c_1_43_2675,10.085123,4.5161014
c_1_43_2676,11.941396,6.2471395
c_1_43_2677,11.155028,2.9862282
c_1_43_2678,8.912872,3.4451122
c_1_43_2679,10.055336,2.6920955
c_1_43_2680,11.140184,3.7022874
c_1_43_2681,10.064805,3.1109831
c_1_43_2682,12.664944,-0.7145858
c_1_43_2683,14.916258,1.6490067
c_1_43_2684,14.025903,3.9889014
c_1_43_2685,9.182935,1.0227691
c_1_43_2686,9.762542,4.956735
c_1_43_2687,7.6070685,1.9247347
c_1_43_2688,8.700344,2.826657
c_1_43_2689,8.927674,5.478155
c_1_43_2690,11.965522,6.0098124
c_1_43_2691,12.678853,4.1773295
c_1_43_2692,10.104374,3.2909553
c_1_43_2693,8.48763,4.8344717
c_1_43_2694,9.1566925,3.441807
c_1_43_2695,10.468425,2.1015222
c_1_43_2696,11.121689,4.8995833
c_1_43_2697,14.043383,1.2534922
c_1_43_2698,8.812456,3.0368083
c_1_43_2699,12.6121435,2.0057225
c_1_43_2700,8.900635,2.6803203
c_1_43_2701,11.519609,4.4501915
c_1_43_2702,10.500184,0.3062828
c_1_43_2703,11.882532,1.2907087
c_1_43_2704,9.138756,4.539617
c_1_43_2705,10.254439,2.5327868
c_1_43_2706,11.292024,1.842871
c_1_43_2707,8.76723,3.092744
c_1_43_2708,10.116401,3.8479016
c_1_43_2709,7.4661994,1.8041065
c_1_43_2710,9.829287,1.9695032
c_1_43_2711,10.682119,2.5849993
c_1_43_2712,9.232215,4.0273795
c_1_43_2713,9.349643,1.19258
c_1_43_2714,8.124025,4.866591
c_1_43_2715,9.977144,2.7266881
c_1_43_2716,10.140063,4.249124
c_1_43_2717,9.06041,4.9507604
c_1_43_2718,9.380445,4.8361597
c_1_43_2719,10.035499,4.1342726
c_1_43_2720,14.757264,1.2827333
c_1_43_2721,9.176895,3.603373
c_1_43_2722,11.649191,1.5217943
c_1_43_2723,9.204613,4.5768433
c_1_43_2724,8.759341,4.898056
c_1_43_2725,13.455652,4.6475897
c_1_43_2726,11.353426,4.2708426
c_1_43_2727,8.420234,3.21409
c_1_43_2728,8.127454,0.90450644
c_1_43_2729,8.58783,2.6208737
c_1_43_2730,9.054002,3.9156117
c_1_43_2731,9.451933,4.138259
c_1_43_2732,9.879811,5.1007953
c_1_43_2733,10.051523,3.7053068
c_1_43_2734,9.946522,5.536262
c_1_43_2735,8.495413,4.330798
c_1_43_2736,9.560516,1.9281106
c_1_43_2737,10.342499,-0.5954913
c_1_43_2738,12.375541,7.2154126
c_1_43_2739,12.965701,3.7969553
c_1_43_2740,9.856578,2.7960825
c_1_43_2741,10.811085,2.4312303
c_1_43_2742,10.014063,2.834693
c_1_43_2743,8.124532,4.9705076
c_1_43_2744,9.298239,4.0881286
c_1_43_2745,12.168333,3.1132302
c_1_43_2746,11.297838,1.3232102
c_1_43_2747,9.626933,4.1202683
c_1_43_2748,9.004866,4.294383
c_1_43_2749,9.162821,2.9092472
c_1_43_2750,8.764569,4.9332128
c_1_43_2751,9.261223,2.0290287
c_1_43_2752,8.765252,4.6556654
c_1_43_2753,14.408944,4.637741
c_1_43_2754,10.318342,0.9233002
c_1_43_2755,10.639109,4.0374737
c_1_43_2756,11.911288,1.0364295
c_1_43_2757,10.834219,-0.22036524
c_1_43_2758,8.630461,5.422399
c_1_43_2759,12.123451,3.8285284
c_1_43_2760,8.2598095,4.508678
c_1_43_2762,7.4359264,4.09169
c_1_43_2763,11.215585,0.195413
c_1_43_2764,12.035348,4.317106
c_1_43_2765,9.698988,4.5612116
c_1_43_2766,11.516336,3.5753825
c_1_43_2767,9.537372,3.0676932
c_1_43_2768,12.562305,7.4537587
c_1_43_2769,8.760213,4.8747616
c_1_43_2770,8.859582,4.9512634
c_1_43_2771,10.2295685,3.0463603
c_1_43_2772,11.238528,6.322842
c_1_43_2773,9.744057,3.4501815
c_1_43_2774,12.837424,1.5836406
c_1_43_2775,7.642784,1.9421941
c_1_43_2776,9.525764,5.0331917
c_1_43_2777,10.298287,3.3294568
c_1_43_2778,9.767685,1.5396513
c_1_43_2779,8.600588,4.3127627
c_1_43_2780,9.007777,2.9177577
c_1_43_2781,8.858375,2.7008224
c_1_43_2782,13.002631,3.1196513
c_1_43_2783,14.239338,1.456676
c_1_43_2784,8.659652,2.1678734
c_1_43_2785,9.296011,3.9308972
c_1_43_2786,12.480763,1.1309249
c_1_43_2787,8.620985,2.730099
c_1_43_2788,8.970447,4.6152387
c_1_43_2789,9.310808,5.294793
c_1_43_2790,9.346029,3.878838
c_1_43_2791,10.161796,4.175949
c_1_43_2792,9.37917,3.6549945
c_1_43_2793,7.976557,4.0617657
c_1_43_2794,8.824961,2.3672938
c_1_43_2795,10.975331,2.483712
c_1_43_2796,9.779349,5.4954686
c_1_43_2797,9.923473,4.3541126
c_1_43_2798,9.976816,2.575602
c_1_43_2799,8.172239,2.5699291
c_1_43_2800,9.526552,4.1528554
c_1_43_2801,9.123968,4.0430903
c_1_43_2802,8.118044,3.2362309
c_1_43_2803,9.35999,4.0814743
c_1_43_2804,8.2530365,2.3100364
c_1_43_2805,8.741635,1.0340776
c_1_43_2806,9.395886,3.5327222
c_1_43_2807,10.80856,4.222514
c_1_43_2808,10.097474,3.0832567
c_1_43_2809,5.9519424,-1.7819192
c_1_43_2810,8.975797,2.9774547
c_1_43_2811,8.891882,4.096507
c_1_43_2812,10.106794,3.8748474
c_1_43_2813,7.5792804,2.9376316
c_1_43_2814,14.322739,4.2834396
c_1_43_2815,9.983159,5.0318985
c_1_43_2816,12.607693,1.6360012
c_1_43_2817,11.6058445,4.3110337
c_1_43_2818,13.130364,-0.049403258
c_1_43_2819,10.867456,5.112545
c_1_43_2820,8.867588,4.260525
c_1_43_2821,8.492336,3.0194457
c_1_43_2822,9.4114,3.1054118
c_1_43_2823,8.826614,2.4863057
c_1_43_2824,12.280824,4.701029
c_1_43_2825,8.673559,1.6007826
c_1_43_2826,10.785883,3.7766154
c_1_43_2827,8.277161,4.4029355
c_1_43_2828,9.178055,2.5239923
c_1_43_2829,7.644046,3.8816736
c_1_43_2830,8.443225,1.8207341
c_1_43_2831,13.334811,4.217067
c_1_43_2832,9.094913,2.4732401
c_1_43_2833,10.607647,4.8168297
c_1_43_2834,9.011287,5.5489163
c_1_43_2835,14.626036,1.5302991
c_1_43_2836,7.9457555,3.2287753
c_1_43_2837,12.488263,1.7726437
c_1_43_2838,10.89398,2.747246
c_1_43_2840,12.54403,4.882203
c_1_43_2841,12.294874,4.3418183
c_1_43_2842,8.185307,4.4501586
c_1_43_2843,11.636263,1.9878259
c_1_43_2844,8.319811,3.5133517
c_1_43_2845,8.325248,3.9557111
c_1_43_2846,11.96958,3.4249108
c_1_43_2847,8.117203,4.2626357
c_1_43_2848,10.124924,3.7843354
c_1_43_2849,10.202309,3.8545744
c_1_43_2850,11.1507435,3.8631716
c_1_43_2851,14.531675,1.4756982
c_1_43_2852,10.601465,2.4125133
c_1_43_2853,10.665432,3.5041625
c_1_43_2854,11.026617,5.049913
c_1_43_2855,11.480545,3.2040138
c_1_43_2856,10.220237,4.5937314
c_1_43_2857,7.8185973,0.89991343
c_1_43_2858,9.356771,3.7214684
c_1_43_2859,11.14659,5.342284
c_1_43_2860,12.002598,0.75820583
c_1_43_2861,13.995977,4.719784
c_1_43_2862,9.1810465,1.2884114
c_1_43_2863,9.683855,4.4030895
c_1_43_2864,12.90432,1.1672528
c_1_43_2865,11.41505,2.5288303
c_1_43_2866,8.462759,3.3786345
c_1_43_2867,12.853913,0.07974448
c_1_43_2868,7.898566,4.5955276
c_1_43_2870,11.976136,2.269281
c_1_43_2871,11.124078,3.4679182
c_1_43_2872,8.333745,0.65507245
c_1_43_2873,11.611982,3.0921845
c_1_43_2874,8.368017,2.5115914
c_1_43_2875,14.548732,4.2874618
c_1_43_2876,13.855408,4.661971
c_1_43_2878,9.6773205,5.0516853
c_1_43_2879,12.568862,1.1564103
c_1_43_2880,10.605568,4.6299214
c_1_43_2881,13.452188,3.1054592
c_1_43_2882,10.098517,3.6658561
c_1_43_2883,9.415389,0.5724416
c_1_43_2884,10.392029,2.6937683
c_1_43_2885,11.487707,3.590478
c_1_43_2886,8.785869,4.410911
c_1_43_2887,9.787633,4.380522
c_1_43_2888,9.109475,2.0820072
c_1_43_2889,13.321878,-0.7142112
c_1_43_2890,11.635309,0.41163015
c_1_43_2891,9.168473,5.0894036
c_1_43_2892,10.924585,2.0491664
c_1_43_2893,9.993936,3.5064085
c_1_43_2894,11.229483,2.1322277
c_1_43_2895,9.780118,5.5326433
c_1_43_2896,11.016067,4.924092
c_1_43_2897,12.047772,0.4758679
c_1_43_2898,14.010353,3.9357045
c_1_43_2899,10.3891,4.1916203
c_1_43_2900,9.405815,4.3422513
c_1_43_2901,8.19183,3.3402584
c_1_43_2902,13.123491,5.169542
c_1_43_2903,10.513696,5.221255
c_1_43_2904,13.819332,-0.41487944
c_1_43_2905,14.529115,2.2579818
c_1_43_2906,9.000809,3.7950187
c_1_43_2907,8.003504,3.1175356
c_1_43_2908,12.461375,1.1077505
c_1_43_2909,8.937395,2.1931806
c_1_43_2910,11.0852585,0.19429266
c_1_43_2911,10.738812,3.4402711
c_1_43_2912,9.37122,4.9164114
c_1_43_2913,10.313613,2.7928946
c_1_43_2914,8.763103,5.145406
c_1_43_2915,14.418497,4.1716027
c_1_43_2916,11.511877,3.9813395
c_1_43_2917,13.455412,4.328755
c_1_43_2918,12.330447,0.56705874
c_1_43_2919,10.519268,-0.9975076
c_1_43_2920,10.661306,3.439624
c_1_43_2921,12.281202,2.2871377
c_1_43_2922,8.3965435,2.847792
c_1_43_2923,14.421411,3.235896
c_1_43_2924,8.2516985,3.337694
c_1_43_2925,11.549334,4.501443
c_1_43_2926,10.410545,4.729927
c_1_43_2929,11.151172,4.2528524
c_1_43_2930,8.6663265,1.1490725
c_1_43_2931,8.066857,4.0275083
c_1_43_2932,10.955199,3.2947302
c_1_43_2933,8.398428,5.540004
c_1_43_2934,7.937524,2.9416063
c_1_43_2935,11.3276825,4.151918
c_1_43_2936,9.558827,3.6309657
c_1_43_2937,13.616362,-0.77779657
c_1_43_2938,11.545424,1.6129532
c_1_43_2939,11.4270525,-1.5692099
c_1_43_2940,11.462355,2.6663618
c_1_43_2941,9.172747,1.068087
c_1_43_2942,9.596464,1.1537702
c_1_43_2943,8.752511,3.60034
c_1_43_2944,8.341479,1.1369227
c_1_43_2945,11.312461,1.8379868
c_1_43_2946,9.161754,3.2965448
c_1_43_2947,12.722868,3.8911767
c_1_43_2948,9.889273,3.1517305
c_1_43_2949,9.214146,0.15780397
c_1_43_2950,8.06303,-0.4316138
c_1_43_2951,8.615949,1.7690783
c_1_43_2953,11.046023,1.9107369
c_1_43_2954,10.368766,2.894062
c_1_43_2955,13.272737,4.37944
c_1_43_2956,9.590296,3.8205292
c_1_43_2957,9.644062,4.8826466
c_1_43_2958,11.247326,4.179494
c_1_43_2959,7.730458,1.6503949
c_1_43_2960,12.40745,3.9253242
c_1_43_2961,8.452898,5.3164573
c_1_43_2962,14.287081,-2.4365523
c_1_43_2963,10.889295,3.9030528
c_1_43_2964,11.079867,2.0313556
c_1_43_2965,11.903874,4.102149
c_1_43_2967,9.961179,4.631095
c_1_43_2968,7.796105,4.3455596
c_1_43_2969,9.026592,3.9727378
c_1_43_2970,10.448172,3.584569
c_1_43_2971,12.184879,4.592913
c_1_43_2972,7.6018753,3.9565237
c_1_43_2973,10.080975,2.4001734
c_1_43_2974,13.061961,4.1889977
c_1_43_2975,8.643788,4.611547
c_1_43_2976,8.327899,4.5909543
c_1_43_2977,9.8233,2.2908792
c_1_43_2978,9.469873,4.3956175
c_1_43_2979,10.036824,3.7069907
c_1_43_2980,9.408808,4.1357403
c_1_43_2981,8.143752,4.0159497
c_1_43_2982,10.624242,2.8475387
c_1_43_2983,8.690849,2.5192387
c_1_43_2984,12.335592,4.2881045
c_1_43_2985,8.419211,3.5452414
c_1_43_2986,12.737527,4.147956
c_1_43_2987,10.7462,4.8759
c_1_43_2988,8.937544,2.7209227
c_1_43_2989,9.275158,3.9485426
c_1_43_2990,9.265521,-0.065564975
c_1_43_2991,9.009124,3.2969644
c_1_43_2992,9.525211,3.356373
c_1_43_2993,8.522223,3.3699763
c_1_43_2995,8.988518,2.7195923
c_1_43_2996,13.027059,2.5205867
c_1_43_2997,8.9063635,3.3930132
c_1_43_2998,11.110153,3.6474764
c_1_43_2999,8.299299,0.034237076
c_1_43_3001,13.81416,3.424048
c_1_43_3002,10.030282,1.5108666
c_1_43_3003,8.660065,2.8277009
c_1_43_3004,12.385225,2.148103
c_1_43_3005,9.704326,3.2611363
c_1_43_3006,9.086809,2.189766
c_1_43_3007,9.445448,2.9021096
c_1_43_3008,10.656498,1.7029299
c_1_43_3009,11.155816,3.1837802
c_1_43_3010,9.60303,2.3421173
c_1_43_3011,7.81687,2.7385678
c_1_43_3012,10.490941,3.6038241
c_1_43_3013,9.896671,3.304363
c_1_43_3014,8.417783,2.2700646
c_1_43_3015,14.237164,3.999815
c_1_43_3016,7.4355116,3.1755252
c_1_43_3017,8.8845215,4.3620014
c_1_43_3018,8.485695,4.510953
c_1_43_3019,11.10029,2.3641405
c_1_43_3020,10.545086,4.57933
c_1_43_3021,9.27642,3.1202855
c_1_43_3022,11.751229,4.3100653
c_1_43_3024,7.878816,2.6497471
c_1_43_3025,13.272193,4.257067
c_1_43_3026,13.672876,2.940035
c_1_43_3027,9.334649,2.0116444
c_1_43_3028,9.2127905,1.0429231
c_1_43_3029,14.758001,4.4056506
c_1_43_3030,12.0005865,3.7288764
c_1_43_3031,9.278339,4.269573
c_1_43_3032,11.932819,4.61602
c_1_43_3033,9.487219,2.615764
c_1_43_3034,10.352295,1.4688935
c_1_43_3035,9.924916,1.6436443
c_1_43_3036,10.330663,2.0901542
c_1_43_3037,11.641697,6.663759
c_1_43_3038,9.431356,3.803863
c_1_43_3039,11.979635,3.7421021
c_1_43_3040,10.345245,3.8828442
c_1_43_3041,9.286823,4.0427327
c_1_43_3042,9.991043,3.795397
c_1_43_3043,10.568729,4.141773
c_1_43_3045,14.126297,3.8849869
c_1_43_3046,8.411757,4.4232492
c_1_43_3047,14.829258,4.6930623
c_1_43_3048,14.932584,4.2146125
c_1_43_3049,10.071486,3.8276644
c_1_43_3050,8.146789,4.028923
c_1_43_3051,10.616547,0.12304315
c_1_43_3052,8.113261,2.9426355
c_1_43_3053,10.677203,1.7420429
c_1_43_3054,8.135228,1.8122056
c_1_43_3055,11.866991,4.443043
c_1_43_3056,8.511482,1.8878021
c_1_43_3057,8.3953495,2.0568225
c_1_43_3058,9.48585,4.0984225
c_1_43_3059,8.05275,3.7066414
c_1_43_3060,10.126289,2.6512344
c_1_43_3061,9.132454,2.941282
c_1_43_3062,8.341775,2.7456408
c_1_43_3063,10.414133,1.6169757
c_1_43_3064,9.42524,2.3484504
c_1_43_3065,10.223641,4.102323
c_1_43_3066,11.534325,1.7706118
c_1_43_3067,11.063015,4.2409787
c_1_43_3068,8.715791,5.663997
c_1_43_3069,13.465205,4.6480904
c_1_43_3070,8.7602,4.006539
c_1_43_3071,12.169309,7.0535307
c_1_43_3072,9.218898,4.587694
c_1_43_3073,12.6023035,4.607605
c_1_43_3074,9.489061,3.4636555
c_1_43_3075,12.063648,7.633059
c_1_43_3076,8.620352,5.0603905
c_1_43_3077,9.538253,1.8078347
c_1_43_3078,13.218243,3.7572815
c_1_43_3079,10.162013,2.650427
c_1_43_3080,11.888253,2.9517817
c_1_43_3081,11.8367195,0.43793228
c_1_43_3082,11.616527,4.478865
c_1_43_3083,8.565765,3.8175676
c_1_43_3084,8.950756,1.8605503
c_1_43_3085,11.696494,1.8649378
c_1_43_3086,9.959473,3.5186706
c_1_43_3087,12.107986,2.0637684
c_1_43_3088,11.647624,3.3967235
c_1_43_3089,8.716499,4.0036855
c_1_43_3090,8.594333,4.449902
c_1_43_3091,8.450052,3.3287897
c_1_43_3092,7.7662187,2.5334864
c_1_43_3093,8.177075,5.0634303
c_1_43_3094,9.616599,3.8935785
c_1_43_3095,8.344406,3.7011414
c_1_43_3096,9.071943,3.4548688
c_1_43_3097,13.375052,4.2822776
c_1_43_3098,9.506872,2.1978939
c_1_43_3099,14.626582,1.8376805
c_1_43_3100,10.399968,4.542045
c_1_43_3101,8.870521,4.7534575
c_1_43_3102,8.714717,2.412291
c_1_43_3103,13.479211,-0.5991734
c_1_43_3104,11.111065,1.8438125
c_1_43_3105,13.705495,1.6469946
c_1_43_3106,10.364682,3.8059506
c_1_43_3107,9.452497,1.3033894
c_1_43_3109,12.354852,3.3188686
c_1_43_3110,10.249393,3.6311529
c_1_43_3111,10.504282,5.070212
c_1_43_3112,11.508852,4.412435
c_1_43_3113,11.597866,2.2231948
c_1_43_3114,9.736362,3.3579693
c_1_43_3115,8.598963,3.4593067
c_1_43_3116,12.31682,0.7483736
c_1_43_3117,8.785229,3.5811884
c_1_43_3118,13.846024,2.0698473
c_1_43_3119,13.654109,4.475412
c_1_43_3120,10.724005,4.3366733
c_1_43_3121,9.073036,4.545387
c_1_43_3122,8.393184,3.3116095
c_1_43_3123,8.767519,2.049949
c_1_43_3124,10.76178,4.396967
c_1_43_3125,13.748167,4.1250887
c_1_43_3126,12.2269745,4.5324364
c_1_43_3127,8.111126,4.182902
c_1_43_3128,13.00944,4.4868264
c_1_43_3129,9.888572,2.1719594
c_1_43_3130,10.293193,4.177742
c_1_43_3131,11.734679,4.4188385
c_1_43_3133,9.063315,5.028913
c_1_43_3134,11.264191,-0.7409825
c_1_43_3135,11.913437,4.218324
c_1_43_3136,10.066689,3.06712
c_1_43_3137,7.1151314,4.1373463
c_1_43_3138,8.672774,3.8293152
c_1_43_3139,8.032135,2.8114126
c_1_43_3141,12.774847,5.2299533
c_1_43_3142,8.796043,4.4108367
c_1_43_3143,14.412673,1.6366676
c_1_43_3144,9.609953,0.6524499
c_1_43_3145,10.870906,0.576382
c_1_43_3146,8.650687,4.25915
c_1_43_3147,10.418931,3.6031253
c_1_43_3148,11.97916,-0.037392825
c_1_43_3149,10.151239,1.8827772
c_1_43_3150,10.465089,4.6582236
c_1_43_3151,10.945975,3.109999
c_1_43_3152,14.648879,5.235984
c_1_43_3153,13.799847,3.9474168
c_1_43_3154,9.634864,2.2339978
c_1_43_3155,12.353048,3.5046523
c_1_43_3156,11.103013,3.925754
c_1_43_3158,8.980886,2.3273706
c_1_43_3159,12.076055,3.7282448
c_1_43_3160,10.517139,0.7374508
c_1_43_3161,14.104743,1.9378414
c_1_43_3162,7.8971314,2.5088367
c_1_43_3163,10.012142,4.926227
c_1_43_3164,13.468681,3.628679
c_1_43_3165,8.701206,2.8249698
c_1_43_3166,9.940112,4.499236
c_1_43_3167,12.6361065,5.4805617
c_1_43_3168,8.279252,4.661618
c_1_43_3169,10.751397,3.7484233
c_1_43_3170,10.000866,3.057151
c_1_43_3171,11.456304,3.7996602
c_1_43_3172,11.588231,3.670783
c_1_43_3173,12.093135,4.35282
c_1_43_3174,11.435121,3.1068473
c_1_43_3175,14.472569,-0.75364435
c_1_43_3176,13.390479,4.0770698
c_1_43_3177,10.560621,4.5577254
c_1_43_3178,10.938105,4.0108914
c_1_43_3179,9.489661,4.2123747
c_1_43_3180,10.174203,3.2196267
c_1_43_3181,8.397518,2.0268612
c_1_43_3182,8.458147,1.7287062
c_1_43_3183,10.898829,5.101155
c_1_43_3184,10.772545,2.489414
c_1_43_3185,8.751035,2.6725266
c_1_43_3186,14.6961155,4.996779
c_1_43_3187,9.734429,4.8160105
c_1_43_3188,3.781547,0.5491436
c_1_43_3189,7.418803,4.085361
c_1_43_3190,8.444715,-0.053023662
c_1_43_3191,13.152344,4.0993886
c_1_43_3192,11.377323,2.0779486
c_1_43_3193,14.15435,4.437598
c_1_43_3194,10.057299,3.6332967
c_1_43_3195,11.92968,3.3231897
c_1_43_3196,9.194023,2.2953377
c_1_43_3197,10.506096,2.7187521
c_1_43_3198,9.243302,1.0912108
c_1_43_3199,10.418399,3.01992
c_1_43_3200,11.16903,4.7125273
c_1_43_3201,10.013715,1.5758042
c_1_43_3202,11.60109,2.6434815
c_1_43_3203,9.223614,2.6706488
c_1_43_3204,13.849665,4.3809114
c_1_43_3205,8.375671,2.4943423
c_1_43_3206,8.802956,2.169595
c_1_43_3207,7.853487,1.6193608
c_1_43_3208,8.692252,4.6077685
c_1_43_3209,14.234403,4.336394
c_1_43_3210,9.096282,3.3248286
c_1_43_3211,10.6881695,-0.54463917
c_1_43_3212,12.877707,7.035432
c_1_43_3213,11.113831,6.0853496
c_1_43_3214,5.802536,-1.1625493
c_1_43_3215,9.302462,4.7014685
c_1_43_3216,8.545037,2.32824
c_1_43_3217,9.025924,-0.025609287
c_1_43_3218,8.559606,4.0444727
c_1_43_3219,12.502001,4.701125
c_1_43_3220,14.458411,3.973632
c_1_43_3221,4.1502824,1.2012533
c_1_43_3222,9.505834,5.4718637
c_1_43_3223,8.567,0.19582364
c_1_43_3224,9.793254,4.921601
c_1_43_3225,8.667579,1.0919805
c_1_43_3226,8.984961,5.7382903
c_1_43_3227,11.745927,3.4119687
c_1_43_3228,7.7486625,0.9244802
c_1_43_3231,13.803891,4.821865
c_1_43_3232,13.663751,3.6375964
c_1_43_3233,13.6462345,4.348899
c_1_43_3234,10.795285,0.13942863
c_1_44_1,13.760371,2.9200935
c_1_44_2,8.035825,2.7706337
c_1_44_3,13.0885315,4.8257227
c_1_44_4,9.564028,3.7680407
c_1_44_5,9.49732,1.9848006
c_1_44_7,14.28274,3.6650186
c_1_44_8,7.921207,2.0611174
c_1_44_9,10.273627,0.29142788
c_1_44_10,14.091712,5.3575463
c_1_44_11,9.905424,3.699284
c_1_44_12,8.763204,1.8747764
c_1_44_13,6.755622,2.1004853
c_1_44_14,9.704773,2.8548613
c_1_44_15,10.581319,4.3002515
c_1_44_16,9.572658,1.6315224
c_1_44_17,8.847044,2.981633
c_1_44_18,8.9794445,3.3629081
c_1_44_19,12.684678,5.7564254
c_1_44_20,13.886911,6.0370517
c_1_44_21,13.460392,2.8704655
c_1_44_22,12.529962,3.8271394
c_1_44_23,9.961472,2.6157534
c_1_44_24,9.0366125,3.27862
c_1_44_25,8.572595,2.356148
c_1_44_26,11.183019,4.0031924
c_1_44_27,14.305522,3.34287
c_1_44_28,12.2875,3.2163904
c_1_44_29,10.795478,3.3588436
c_1_44_30,10.41262,2.3753831
c_1_44_31,12.445582,6.957182
c_1_44_32,10.636793,2.873099
c_1_44_33,12.232369,2.456785
c_1_44_34,9.2290325,1.6304641
c_1_44_35,12.233174,3.6041527
c_1_44_36,12.009315,7.4316936
c_1_44_37,12.199125,8.2449465
c_1_44_38,12.383036,6.903348
c_1_44_39,9.0311575,3.4858124
c_1_44_40,10.920448,3.3807852
c_1_44_41,9.176246,4.357295
c_1_44_42,3.7486765,1.4519624
c_1_44_43,10.201541,2.457407
c_1_44_44,10.600304,1.3654124
c_1_44_45,8.159142,4.12615
c_1_44_46,12.3263855,8.24088
c_1_44_47,10.347255,3.000447
c_1_44_48,8.871697,4.2859173
c_1_44_49,11.312822,3.7304718
c_1_44_50,8.414841,1.5439543
c_1_44_51,7.7024455,2.9288118
c_1_44_52,13.363775,6.4997034
c_1_44_53,9.283994,2.7000813
c_1_44_54,10.658807,3.0109243
c_1_44_55,8.505596,2.0044522
c_1_44_56,9.869034,4.7955613
c_1_44_57,10.514145,2.1948006
c_1_44_58,12.825703,5.3396053
c_1_44_59,10.5956135,2.0728662
c_1_44_60,8.789487,2.2272515
c_1_44_61,12.624954,0.9238739
c_1_44_62,7.2659235,2.0667655
c_1_44_63,10.640789,1.3108027
c_1_44_64,8.519446,2.4390507
c_1_44_65,9.658984,3.4961548
c_1_44_66,7.2973537,3.0257921
c_1_44_67,8.576011,1.6476632
c_1_44_68,9.114479,2.6789644
c_1_44_69,5.9472914,3.0221307
c_1_44_70,9.417144,3.578313
c_1_44_71,9.022806,3.299891
c_1_44_72,9.005985,4.0741606
c_1_44_73,9.463255,1.8814019
c_1_44_74,11.326932,4.175544
c_1_44_75,8.585778,1.6720239
c_1_44_76,8.178088,4.2234797
c_1_44_77,9.617386,2.6336882
c_1_44_78,11.703968,3.1706579
c_1_44_79,11.349085,4.8818336
c_1_44_80,8.933759,2.1341295
c_1_44_81,5.8879423,2.8925424
c_1_44_82,13.00721,4.7345366
c_1_44_83,9.569921,1.1540071
c_1_44_84,11.270547,1.3687454
c_1_44_85,7.5014076,1.7016267
c_1_44_86,11.938145,4.9484324
c_1_44_87,6.223858,0.14483686
c_1_44_88,10.417418,1.6904026
c_1_44_89,8.867148,2.393755
c_1_44_90,8.975829,2.4844964
c_1_44_91,9.392624,2.2692895
c_1_44_92,6.373722,2.7891657
c_1_44_93,9.418723,-0.24258171
c_1_44_94,6.2978616,2.71588
c_1_44_95,8.447271,4.3114886
c_1_44_96,10.22199,3.1442323
c_1_44_97,7.2687387,0.12264859
c_1_44_98,5.571931,3.3792996
c_1_44_99,10.915549,2.3473523
c_1_44_100,12.783069,4.5772643
c_1_44_101,12.110234,3.2791038
c_1_44_102,14.617443,-0.67967933
c_1_44_103,11.93134,3.5602999
c_1_44_104,12.541252,4.469035
c_1_44_105,11.892279,3.2915225
c_1_44_106,12.285938,4.5756917
c_1_44_107,5.3889585,3.189725
c_1_44_108,9.412187,3.574078
c_1_44_109,14.291931,2.7262504
c_1_44_110,12.600094,1.0005049
c_1_44_111,13.204163,2.212524
c_1_44_112,10.922077,4.455029
c_1_44_113,10.436835,2.331516
c_1_44_114,11.662395,2.5625799
c_1_44_115,9.0142,2.578536
c_1_44_116,13.304089,4.911266
c_1_44_117,9.28661,2.165166
c_1_44_118,12.55666,4.6486473
c_1_44_119,11.207613,2.2063372
c_1_44_120,4.352628,0.97682905
c_1_44_121,13.726848,4.537406
c_1_44_122,12.08864,4.009251
c_1_44_123,11.659029,4.444498
c_1_44_124,9.106206,1.6908233
c_1_44_125,12.21625,1.4218407
c_1_44_126,6.1777134,3.2153654
c_1_44_127,8.452299,1.7445921
c_1_44_128,11.992013,4.1645145
c_1_44_129,7.5483117,1.6562575
c_1_44_130,13.238102,4.3297896
c_1_44_131,11.696136,2.5312383
c_1_44_132,12.813517,3.0162773
c_1_44_133,12.096702,3.3083909
c_1_44_134,8.706986,2.9510171
c_1_44_135,8.211099,2.8981876
c_1_44_136,9.273492,2.2800317
c_1_44_137,12.655948,4.3614206
c_1_44_138,8.5781975,1.3676873
c_1_44_139,10.320338,1.049717
c_1_44_140,15.16359,5.0604835
c_1_44_141,11.321525,5.8880725
c_1_44_142,6.5048504,2.7666223
c_1_44_143,6.0765953,3.2321815
c_1_44_144,8.57422,0.6558064
c_1_44_145,6.7993097,2.3194184
c_1_44_146,6.6309953,2.9704287
c_1_44_147,12.832368,-0.36504936
c_1_44_148,5.8184648,2.5403445
c_1_44_149,9.79086,2.6855855
c_1_44_150,14.059787,3.726015
c_1_44_151,5.9154873,3.0883832
c_1_44_152,6.4710217,3.010653
c_1_44_153,6.6463804,3.2282481
c_1_44_154,10.346261,0.15016304
c_1_44_155,14.047759,4.9897275
c_1_44_156,12.440594,5.0886116
c_1_44_157,13.419266,5.120048
c_1_44_158,6.5899105,3.5991766
c_1_44_159,8.321497,3.22575
c_1_44_160,11.615408,3.8473263
c_1_44_161,8.7361965,3.5725164
c_1_44_162,9.100346,1.1241312
c_1_44_163,12.914157,4.3302555
c_1_44_164,8.8479185,-0.6277339
c_1_44_165,13.033768,5.374926
c_1_44_166,13.793324,4.941284
c_1_44_167,11.826637,1.9893494
c_1_44_168,14.066742,5.8786354
c_1_44_169,13.247924,2.339066
c_1_44_170,9.631351,3.0265455
c_1_44_171,8.600562,4.75572
c_1_44_172,7.0442038,1.4559834
c_1_44_173,7.8186746,3.068862
c_1_44_174,8.388983,1.3529683
c_1_44_175,9.412513,-0.083530836
c_1_44_176,10.731754,2.4167747
c_1_44_177,13.208693,3.8930311
c_1_44_178,8.603338,2.5869434
c_1_44_179,10.056105,0.11248082
c_1_44_180,11.161044,2.2717953
c_1_44_181,11.743843,3.8985348
c_1_44_182,11.369555,-0.08318822
c_1_44_183,10.432824,1.96219
c_1_44_184,8.70383,1.717505
c_1_44_185,13.519205,2.0719032
c_1_44_186,14.340203,2.4935434
c_1_44_187,7.8025756,2.418711
c_1_44_188,13.7454,1.6391966
c_1_44_189,12.95534,4.9239507
c_1_44_190,14.54664,1.5069377
c_1_44_191,12.921313,5.5416613
c_1_44_192,8.758026,0.034629874
c_1_44_193,10.206314,1.0135405
c_1_44_194,14.133798,-0.363546
c_1_44_195,12.586626,3.2093844
c_1_44_196,9.328243,0.52897596
c_1_44_197,9.582095,1.3920311
c_1_44_198,8.630167,4.672563
c_1_44_199,13.697066,4.866499
c_1_44_200,13.774207,4.688679
c_1_44_201,12.509981,2.3442361
c_1_44_202,13.518264,4.4081492
c_1_44_203,13.701159,5.074182
c_1_44_204,12.155403,3.0778542
c_1_44_205,13.601546,1.4744054
c_1_44_206,12.333911,3.9999626
c_1_44_207,11.194606,-0.51942223
c_1_44_208,9.800441,1.7524146
c_1_44_209,11.103958,1.3733174
c_1_44_210,9.120235,3.9894855
c_1_44_211,13.241342,4.702041
c_1_44_212,9.7698145,2.8354194
c_1_44_213,9.8036785,1.1550183
c_1_44_214,10.593349,3.36877
c_1_44_215,9.968315,1.7781005
c_1_44_216,7.809174,2.984668
c_1_44_217,9.612791,-0.6551014
c_1_44_218,11.203919,-1.3754803
c_1_44_219,10.646396,-0.6487445
c_1_44_220,12.775371,3.5928595
c_1_44_221,6.694661,2.734903
c_1_44_222,9.403243,-1.3517222
c_1_44_223,14.46961,1.2420539
c_1_44_224,10.360411,-1.9647301
c_1_44_225,11.440011,-1.742705
c_1_44_226,7.9566813,2.6923356
c_1_44_227,14.236228,1.6883903
c_1_44_228,14.81416,4.437588
c_1_44_229,12.513569,-2.1827908
c_1_44_230,13.187523,3.478052
c_1_44_231,10.144148,3.1455758
c_1_44_232,11.337514,-1.7262337
c_1_44_233,10.197424,0.082896955
c_1_44_234,12.172594,1.4120883
c_1_44_235,13.889661,1.2311424
c_1_44_236,9.088007,1.7798287
c_1_44_237,11.380757,1.7033283
c_1_44_238,7.907763,1.8030131
c_1_44_239,11.497654,5.06963
c_1_44_240,11.480713,4.559679
c_1_44_241,14.00607,1.9163542
c_1_44_242,14.347836,1.352606
c_1_44_243,8.47406,3.5894325
c_1_44_244,12.110689,-0.033895414
c_1_44_245,13.02162,1.8823156
c_1_44_246,11.821112,-3.0101843
c_1_44_247,10.871183,1.2138933
c_1_44_248,9.364189,1.5428407
c_1_44_249,10.327678,2.8595672
c_1_44_250,9.446483,-2.0790403
c_1_44_251,11.071684,-1.0572262
c_1_44_252,9.759697,-0.56413275
c_1_44_253,14.779057,0.99661815
c_1_44_254,10.269564,-0.22139019
c_1_44_255,13.976824,1.1793857
c_1_44_256,9.585282,-0.45712873
c_1_44_257,11.143017,-0.37866053
c_1_44_258,12.595344,2.4921918
c_1_44_259,10.099301,0.82890993
c_1_44_260,10.182177,0.76679593
c_1_44_262,10.535409,1.9636284
c_1_44_263,8.842104,3.3405046
c_1_44_264,11.2373,3.716191
c_1_44_265,7.6609344,3.5219126
c_1_44_266,9.963898,-0.40115082
c_1_44_267,13.714175,3.871746
c_1_44_269,8.411998,2.1190279
c_1_44_270,7.594912,2.698149
c_1_44_271,6.193305,0.29076385
c_1_44_276,7.9946012,5.430709
c_1_44_277,12.099378,2.143497
c_1_44_278,10.972953,4.053019
c_1_44_280,8.89957,2.099909
c_1_44_281,14.514355,5.1728725
c_1_44_282,9.761698,3.8321102
c_1_44_283,8.32397,2.9426136
c_1_44_284,9.908211,4.4667816
c_1_44_286,9.496955,2.6954203
c_1_44_287,7.5044413,4.0907917
c_1_44_288,12.398392,6.261717
c_1_44_289,9.114312,0.49018985
c_1_44_290,8.029577,3.1753743
c_1_44_291,9.607579,3.7932467
c_1_44_292,8.551574,0.10133959
c_1_44_293,9.757173,2.3493774
c_1_44_294,12.810835,3.737687
c_1_44_295,8.160511,3.7351356
c_1_44_296,9.211144,2.9632142
c_1_44_297,7.955911,4.2759213
c_1_44_298,8.924889,2.4285614
c_1_44_299,10.395215,4.1844673
c_1_44_300,8.394803,2.9669502
c_1_44_301,8.356579,2.4606483
c_1_44_302,10.776046,2.2285833
c_1_44_303,10.957336,3.2139475
c_1_44_304,12.922931,4.2534175
c_1_44_305,9.370945,3.3763628
c_1_44_306,10.228946,4.5773706
c_1_44_307,9.122913,3.9061408
c_1_44_308,10.479655,4.307169
c_1_44_309,8.226444,1.7376026
c_1_44_310,14.044883,5.1952357
c_1_44_312,9.200671,2.839644
c_1_44_313,12.930953,3.536316
c_1_44_314,9.602385,2.075725
c_1_44_315,9.841039,2.3234336
c_1_44_318,8.357882,4.2714925
c_1_44_319,13.476267,1.5651342
c_1_44_321,10.053076,4.4167485
c_1_44_322,9.865704,3.9673681
c_1_44_323,11.393466,3.4118009
c_1_44_324,9.863732,2.5674415
c_1_44_325,9.768994,2.362136
c_1_44_327,10.491721,5.269835
c_1_44_328,10.250381,3.604805
c_1_44_330,9.798746,1.2579406
c_1_44_331,9.331326,0.6747231
c_1_44_332,8.649995,3.4081218
c_1_44_333,9.543005,1.2712492
c_1_44_334,13.5128565,4.7080913
c_1_44_335,11.45331,3.8425202
c_1_44_336,10.219289,1.0890995
c_1_44_337,11.328093,5.092806
c_1_44_338,14.650371,4.5221562
c_1_44_339,12.068294,1.3728766
c_1_44_340,10.009004,4.5433025
c_1_44_341,9.300559,2.200208
c_1_44_342,13.175605,5.593232
c_1_44_343,10.709163,2.8822398
c_1_44_344,13.02717,4.5196333
c_1_44_345,8.237751,4.291861
c_1_44_346,12.024193,8.578592
c_1_44_347,12.000131,4.3615966
c_1_44_348,9.50421,4.2938986
c_1_44_349,13.543759,2.8635287
c_1_44_350,11.48121,3.3497896
c_1_44_351,9.987253,3.7856894
c_1_44_352,9.901304,5.280873
c_1_44_353,7.4061384,2.97933
c_1_44_354,9.447995,4.926129
c_1_44_355,7.8121424,3.8765967
c_1_44_356,12.046564,5.162242
c_1_44_357,12.4592,7.174773
c_1_44_358,12.948712,2.2141693
c_1_44_359,9.062592,2.2651856
c_1_44_360,11.723768,5.114375
c_1_44_361,12.184864,7.2344737
c_1_44_362,13.076161,2.4616163
c_1_44_363,9.088998,1.0620795
c_1_44_364,6.213174,1.8543285
c_1_44_365,12.717306,7.340435
c_1_44_366,8.987033,2.7107005
c_1_44_367,11.538348,4.3037667
c_1_44_368,10.367978,0.763072
c_1_44_369,8.242817,4.22378
c_1_44_370,10.557968,0.9631375
c_1_44_371,9.598166,4.0079465
c_1_44_372,12.884392,0.9680841
c_1_44_373,11.014552,1.8449591
c_1_44_374,13.005326,5.5137844
c_1_44_375,9.266051,4.8689146
c_1_44_376,12.763937,2.305369
c_1_44_377,9.2816105,4.2272205
c_1_44_378,11.800593,0.38136098
c_1_44_379,9.787994,0.3053793
c_1_44_380,9.107387,2.4997354
c_1_44_381,7.803652,2.8696516
c_1_44_382,11.661908,2.5868895
c_1_44_383,8.08908,2.6526833
c_1_44_384,8.133741,3.7490754
c_1_44_385,12.231411,8.018881
c_1_44_386,8.406227,5.123652
c_1_44_387,11.617208,2.593644
c_1_44_388,11.890648,5.3805904
c_1_44_389,10.588019,3.1459877
c_1_44_390,9.230121,3.6070209
c_1_44_391,8.85915,4.468368
c_1_44_392,8.391851,3.0089223
c_1_44_393,9.088965,3.1031456
c_1_44_394,11.555471,5.497333
c_1_44_395,10.642375,-0.25669646
c_1_44_396,11.464532,3.7023702
c_1_44_397,7.948333,3.22886
c_1_44_398,9.002244,2.7954895
c_1_44_399,12.674807,3.6387353
c_1_44_400,8.082223,4.034182
c_1_44_401,8.0355,2.8533866
c_1_44_402,12.764513,3.8289838
c_1_44_403,12.508156,7.1608253
c_1_44_404,10.162867,2.437842
c_1_44_405,8.782003,2.4741554
c_1_44_406,10.011742,5.5579276
c_1_44_407,12.00279,6.6557446
c_1_44_408,12.16969,3.774125
c_1_44_409,8.848865,4.7319617
c_1_44_410,8.565079,0.07747492
c_1_44_411,11.8472,0.09775592
c_1_44_412,13.671228,4.5525417
c_1_44_413,14.949098,4.94066
c_1_44_414,11.302731,4.3216395
c_1_44_415,9.573358,5.0980635
c_1_44_416,10.586653,3.02471
c_1_44_417,9.450273,3.272147
c_1_44_418,13.88625,3.4410913
c_1_44_419,12.672783,7.8974347
c_1_44_420,10.033225,3.5923758
c_1_44_421,13.573986,3.9710946
c_1_44_422,8.716937,2.0992107
c_1_44_423,13.419732,4.3583093
c_1_44_424,9.049486,5.189279
c_1_44_425,11.539847,0.7680933
c_1_44_426,12.686531,2.2328527
c_1_44_427,9.511348,5.1568465
c_1_44_428,11.796441,4.4806595
c_1_44_429,9.594787,0.65322846
c_1_44_430,9.162336,4.449053
c_1_44_431,9.30413,3.3942447
c_1_44_432,8.07737,2.8883789
c_1_44_433,12.902397,2.929254
c_1_44_434,8.810205,4.8271275
c_1_44_435,9.01193,2.915684
c_1_44_436,10.467511,1.6113237
c_1_44_437,10.19602,5.27114
c_1_44_438,6.247824,0.9843345
c_1_44_439,9.458843,3.8522992
c_1_44_440,11.3922825,2.0832565
c_1_44_441,7.9710445,2.9336548
c_1_44_442,9.705005,5.458657
c_1_44_443,8.374709,4.765536
c_1_44_445,11.760383,2.373213
c_1_44_446,8.794899,5.4356976
c_1_44_447,8.898785,2.9034777
c_1_44_448,8.888301,3.5423708
c_1_44_449,10.595132,4.7429013
c_1_44_450,9.156488,4.238437
c_1_44_451,9.363147,2.2323234
c_1_44_452,7.282931,2.8026102
c_1_44_453,9.194738,1.9555137
c_1_44_454,9.342522,-0.18358581
c_1_44_455,8.849585,1.94123
c_1_44_456,12.817855,4.548688
c_1_44_458,9.892095,2.8588183
c_1_44_459,8.605592,2.309538
c_1_44_460,11.378463,4.3425765
c_1_44_461,9.022041,3.1476038
c_1_44_462,10.734029,3.9610798
c_1_44_464,9.009358,3.8891802
c_1_44_465,8.367751,2.8541353
c_1_44_466,7.7523794,2.641967
c_1_44_467,10.413013,-2.200283
c_1_44_468,12.554527,4.3388863
c_1_44_469,10.451031,4.0737634
c_1_44_470,12.222852,5.588861
c_1_44_471,9.162897,5.887953
c_1_44_472,8.704152,3.0713818
c_1_44_473,10.180417,2.9684045
c_1_44_474,8.44884,1.8508974
c_1_44_475,9.663082,2.8713586
c_1_44_477,9.777882,-0.30529106
c_1_44_478,11.350051,1.2663189
c_1_44_479,10.332952,2.771527
c_1_44_480,8.737505,3.8211694
c_1_44_481,9.9831,3.9665403
c_1_44_482,9.618299,2.8621747
c_1_44_483,8.008772,4.3882236
c_1_44_484,9.602556,1.89956
c_1_44_485,11.728451,2.8871212
c_1_44_486,9.441525,2.6398678
c_1_44_487,13.237107,3.9225552
c_1_44_488,8.970219,3.4778283
c_1_44_489,10.8273945,3.3172941
c_1_44_491,12.794135,6.9229474
c_1_44_492,10.360069,1.3997074
c_1_44_493,12.905491,4.694112
c_1_44_494,8.278624,3.2707915
c_1_44_495,9.046652,4.7441854
c_1_44_496,10.131684,4.221841
c_1_44_498,12.455671,-0.19723706
c_1_44_499,9.541457,3.4408946
c_1_44_500,8.255226,3.2137835
c_1_44_501,8.972145,4.46221
c_1_44_502,6.9970016,-0.23475043
c_1_44_503,8.55572,4.56857
c_1_44_504,8.968335,4.9781775
c_1_44_505,7.442233,3.6542294
c_1_44_506,11.10314,3.27714
c_1_44_507,8.367716,3.7071273
c_1_44_508,8.930939,4.0696096
c_1_44_509,8.512511,1.3565446
c_1_44_510,10.107096,4.731455
c_1_44_511,10.859677,3.2865756
c_1_44_512,11.204162,4.711595
c_1_44_513,14.61732,4.4358416
c_1_44_514,13.361033,1.9552675
c_1_44_515,12.566422,2.8884308
c_1_44_516,9.778197,4.0182242
c_1_44_517,11.193101,4.485306
c_1_44_518,14.498126,4.446454
c_1_44_519,9.748318,3.979402
c_1_44_520,11.957914,4.631496
c_1_44_521,14.424645,4.8194027
c_1_44_522,9.719554,3.4477699
c_1_44_523,10.665979,3.763944
c_1_44_524,8.913416,5.0058603
c_1_44_525,10.877166,4.38419
c_1_44_526,9.767044,0.3112336
c_1_44_527,7.572124,3.7840426
c_1_44_528,11.597128,3.9519968
c_1_44_531,12.913413,4.051006
c_1_44_532,9.819709,3.9733326
c_1_44_533,11.723967,3.8917572
c_1_44_534,12.709018,3.6578443
c_1_44_535,12.051836,6.015417
c_1_44_536,9.613947,4.1690993
c_1_44_537,10.190878,1.7396666
c_1_44_538,6.623076,0.83055794
c_1_44_539,10.615859,3.4532247
c_1_44_540,9.858734,3.0425172
c_1_44_541,10.648011,3.8729537
c_1_44_542,8.129351,0.6500766
c_1_44_543,14.235869,5.2967033
c_1_44_544,13.675009,3.8830814
c_1_44_545,8.8306875,2.7090359
c_1_44_546,11.17211,4.9846034
c_1_44_547,11.652147,2.9797664
c_1_44_548,9.406736,5.0868435
c_1_44_549,10.159933,2.0686808
c_1_44_550,9.124823,5.1609836
c_1_44_551,10.814315,5.0047164
c_1_44_552,13.825731,4.0438843
c_1_44_553,11.174984,3.3952363
c_1_44_554,9.165963,1.4205445
c_1_44_555,9.155513,2.7395856
c_1_44_557,8.394783,1.3016992
c_1_44_558,9.263993,-0.020640068
c_1_44_559,9.367346,-0.8025339
c_1_44_560,11.802311,2.5097759
c_1_44_561,11.92094,4.850375
c_1_44_563,8.250836,3.9443963
c_1_44_564,9.606294,4.876898
c_1_44_565,8.790869,1.8176281
c_1_44_566,9.176396,4.1716
c_1_44_567,8.501798,3.784434
c_1_44_568,13.541861,4.5418687
c_1_44_569,14.365734,-1.404503
c_1_44_570,10.428625,3.221148
c_1_44_571,8.344774,2.1421692
c_1_44_572,12.512079,4.1256113
c_1_44_573,10.018867,3.647744
c_1_44_574,10.214099,-0.99833167
c_1_44_575,9.550308,4.2748404
c_1_44_576,11.298525,2.6902177
c_1_44_577,13.75342,4.090321
c_1_44_578,8.866474,5.6172175
c_1_44_579,11.050853,2.8523724
c_1_44_580,10.528454,4.896549
c_1_44_581,8.426111,5.093888
c_1_44_582,12.575103,7.4241652
c_1_44_583,7.6911764,4.036582
c_1_44_584,11.239994,2.8641891
c_1_44_585,13.838861,0.18494013
c_1_44_586,8.985201,3.1017182
c_1_44_587,9.344385,5.253944
c_1_44_588,11.789292,4.4118896
c_1_44_589,9.538054,3.5911396
c_1_44_590,10.930635,4.8342543
c_1_44_591,11.044634,3.466366
c_1_44_592,13.154485,4.673528
c_1_44_593,11.220714,4.0039897
c_1_44_594,10.422125,2.1943412
c_1_44_595,10.854131,2.076688
c_1_44_596,12.287308,3.367865
c_1_44_597,8.604729,2.9029634
c_1_44_598,12.876662,-1.400573
c_1_44_599,9.508085,3.7501671
c_1_44_600,12.2350445,3.3787053
c_1_44_601,13.416745,3.3507152
c_1_44_602,10.926443,3.9709423
c_1_44_603,12.168933,2.3910117
c_1_44_604,14.21716,4.849214
c_1_44_605,11.87862,1.7246614
c_1_44_606,13.119863,4.2036405
c_1_44_607,8.248529,1.6760411
c_1_44_608,8.148347,3.850957
c_1_44_609,8.871376,1.5459617
c_1_44_610,9.91396,1.2950947
c_1_44_611,8.416851,3.124148
c_1_44_612,10.61099,4.2738576
c_1_44_613,10.736275,3.6005347
c_1_44_614,9.08609,3.7770212
c_1_44_615,11.941637,-0.8257302
c_1_44_616,9.069311,3.4111726
c_1_44_617,14.137671,4.7063537
c_1_44_618,9.7603,4.222616
c_1_44_619,14.382944,4.9086504
c_1_44_620,11.686759,4.315027
c_1_44_621,9.577448,5.1137347
c_1_44_622,8.600588,3.6089365
c_1_44_623,10.480241,3.5304675
c_1_44_624,10.08703,5.061396
c_1_44_625,13.502224,5.189124
c_1_44_626,9.723386,4.362216
c_1_44_627,12.589448,3.572784
c_1_44_628,10.019479,4.2848244
c_1_44_629,9.198986,4.6989985
c_1_44_630,8.9839525,3.107794
c_1_44_631,10.253708,1.0816405
c_1_44_632,11.160939,4.5994945
c_1_44_633,13.759137,4.4594946
c_1_44_634,9.484383,3.6260607
c_1_44_635,10.701835,4.686659
c_1_44_636,8.707311,3.1311436
c_1_44_637,9.572704,3.6215022
c_1_44_638,9.378553,3.6562457
c_1_44_639,9.56494,2.778982
c_1_44_640,8.878343,3.2098792
c_1_44_641,9.987783,2.7124195
c_1_44_642,8.518641,0.31862485
c_1_44_643,7.8985744,3.1244068
c_1_44_644,11.237029,4.4503226
c_1_44_645,7.959068,2.6029408
c_1_44_646,9.437285,4.2425075
c_1_44_647,8.033231,3.9072623
c_1_44_648,8.262854,2.6026025
c_1_44_649,11.056828,2.3577564
c_1_44_650,12.086044,3.9225914
c_1_44_651,10.934239,3.7787645
c_1_44_652,8.607673,5.1080303
c_1_44_653,8.695542,3.353344
c_1_44_654,7.4787045,3.8480945
c_1_44_655,10.551373,3.4291754
c_1_44_656,10.559039,4.061479
c_1_44_657,10.428234,3.8901117
c_1_44_658,8.69139,5.2531347
c_1_44_659,8.681615,5.022077
c_1_44_660,11.821044,4.2427564
c_1_44_661,10.702729,2.6255538
c_1_44_662,10.237517,4.395672
c_1_44_663,12.817037,4.4820604
c_1_44_664,9.0978985,0.37470677
c_1_44_665,7.74195,2.3713202
c_1_44_666,9.992182,3.2321484
c_1_44_667,10.856382,4.238152
c_1_44_668,14.481635,1.9170482
c_1_44_669,12.725385,3.8130374
c_1_44_670,13.173624,4.4379883
c_1_44_671,10.449416,2.515959
c_1_44_672,14.188384,4.6709995
c_1_44_673,10.70282,5.1979313
c_1_44_674,9.363683,3.2280548
c_1_44_675,13.939103,5.9520707
c_1_44_676,11.277001,2.2373643
c_1_44_677,8.237739,2.3608756
c_1_44_678,12.69048,-0.29304537
c_1_44_679,8.104042,1.4781942
c_1_44_680,9.685489,1.271654
c_1_44_681,11.383255,4.8991566
c_1_44_682,8.992099,2.4234746
c_1_44_683,10.498651,0.33357775
c_1_44_684,8.053165,2.024656
c_1_44_685,12.303138,4.426274
c_1_44_686,13.800233,4.863598
c_1_44_687,12.754739,4.6536355
c_1_44_688,9.628088,4.962827
c_1_44_689,8.406457,2.7916505
c_1_44_690,13.039598,4.83472
c_1_44_691,12.660992,0.017738778
c_1_44_692,12.055416,1.7022732
c_1_44_693,9.304185,2.2653205
c_1_44_694,8.467317,1.7995541
c_1_44_695,9.437855,4.154198
c_1_44_696,8.943779,5.0743985
c_1_44_697,11.287424,1.5504949
c_1_44_698,10.913995,4.5944
c_1_44_699,8.924936,5.0165896
c_1_44_700,12.266874,2.008438
c_1_44_701,13.282909,5.715926
c_1_44_702,14.507219,4.033221
c_1_44_703,10.409296,1.6467979
c_1_44_704,8.898566,4.520919
c_1_44_705,11.756104,3.8001168
c_1_44_706,11.207069,2.6742465
c_1_44_707,13.326919,4.1769924
c_1_44_708,12.567836,4.196335
c_1_44_709,11.933225,4.3207526
c_1_44_710,11.992663,4.412754
c_1_44_711,8.049422,1.3542576
c_1_44_712,8.0684395,3.9561422
c_1_44_713,6.4361706,2.5283504
c_1_44_714,8.289383,0.5514972
c_1_44_715,9.772824,4.1845
c_1_44_716,11.277326,4.8221755
c_1_44_717,9.19702,2.8511126
c_1_44_718,10.243024,4.184034
c_1_44_719,10.512901,4.2407107
c_1_44_720,10.085058,1.1159083
c_1_44_721,8.229961,4.7428966
c_1_44_722,12.76197,3.28689
c_1_44_723,13.075691,2.400232
c_1_44_724,8.013426,4.0139813
c_1_44_725,12.486125,4.849157
c_1_44_726,11.527606,2.4209383
c_1_44_727,11.421015,4.196853
c_1_44_728,11.27629,1.0429096
c_1_44_729,10.377616,3.9491184
c_1_44_730,11.455771,2.7655509
c_1_44_731,12.873383,4.5599217
c_1_44_732,8.632021,3.0194542
c_1_44_733,12.394693,7.241517
c_1_44_734,11.989467,3.5546377
c_1_44_735,9.552157,2.7602048
c_1_44_736,12.608453,4.09789
c_1_44_737,9.066171,3.777508
c_1_44_738,12.379803,6.19974
c_1_44_739,15.060768,5.003166
c_1_44_740,9.693426,3.9035182
c_1_44_741,8.211443,3.9487815
c_1_44_742,7.2783856,3.3304994
c_1_44_743,9.465633,5.0160146
c_1_44_744,13.485625,2.074575
c_1_44_745,11.1070385,4.084298
c_1_44_746,9.587944,4.1687036
c_1_44_747,10.082527,4.592471
c_1_44_748,9.387928,4.2368083
c_1_44_749,11.525771,0.7677263
c_1_44_750,8.578772,4.370849
c_1_44_751,10.520623,4.2205234
c_1_44_752,9.684252,1.1181829
c_1_44_753,8.756005,5.325351
c_1_44_754,9.317937,3.708383
c_1_44_755,9.95362,3.120836
c_1_44_756,11.290837,2.1143177
c_1_44_757,11.626215,6.295236
c_1_44_758,8.456429,4.437273
c_1_44_759,10.98969,4.0096316
c_1_44_760,12.867851,6.4942474
c_1_44_761,11.053961,4.8616834
c_1_44_762,11.713466,7.55914
c_1_44_763,8.492935,4.056793
c_1_44_764,10.288539,3.6080682
c_1_44_765,8.441004,4.9788175
c_1_44_766,11.998328,4.3838663
c_1_44_767,14.282302,4.4541078
c_1_44_768,7.555579,2.3947206
c_1_44_769,6.9058924,-1.0869905
c_1_44_770,11.976007,3.9871302
c_1_44_771,11.712655,4.5242963
c_1_44_772,12.862447,3.8433735
c_1_44_773,12.016132,3.624173
c_1_44_774,9.385199,3.0955415
c_1_44_775,8.670461,2.6051853
c_1_44_776,11.40939,2.1602836
c_1_44_777,14.278299,4.83987
c_1_44_778,10.600254,4.9170957
c_1_44_779,12.773169,5.563101
c_1_44_780,13.095746,4.8023567
c_1_44_781,8.64819,3.6571553
c_1_44_782,7.9798365,3.0308537
c_1_44_783,9.247769,4.083829
c_1_44_784,10.621258,3.4991086
c_1_44_785,9.932498,1.5173798
c_1_44_786,12.335492,0.14403482
c_1_44_787,11.53524,4.2757463
c_1_44_788,11.171307,4.918725
c_1_44_789,11.302786,4.546208
c_1_44_790,10.868499,3.7817147
c_1_44_791,13.524427,3.9058235
c_1_44_792,12.117454,3.3944032
c_1_44_793,13.712913,1.1636511
c_1_44_794,9.000687,4.290242
c_1_44_795,11.859075,6.531486
c_1_44_796,11.04413,4.7191114
c_1_44_797,13.103533,3.7212622
c_1_44_798,5.793835,2.8244336
c_1_44_800,13.528483,4.6761246
c_1_44_801,12.730505,4.4783387
c_1_44_802,7.999996,1.4500905
c_1_44_803,11.208888,3.325602
c_1_44_804,9.897449,3.1518114
c_1_44_805,13.049848,4.6522202
c_1_44_806,8.138144,4.1245675
c_1_44_807,10.828937,5.102297
c_1_44_808,9.972702,1.1618952
c_1_44_809,13.326463,2.9454906
c_1_44_810,11.219631,4.518128
c_1_44_811,12.350855,1.5573349
c_1_44_812,10.476303,3.1080713
c_1_44_813,12.111393,3.4954658
c_1_44_814,11.859572,7.1518655
c_1_44_815,11.740695,1.9747087
c_1_44_816,8.36211,4.0685587
c_1_44_817,10.885535,1.7925732
c_1_44_818,10.042138,5.269672
c_1_44_819,12.608281,4.208026
c_1_44_820,12.70439,2.5947146
c_1_44_821,10.740626,3.3022373
c_1_44_822,8.9428425,1.5545404
c_1_44_823,13.597247,4.1017523
c_1_44_824,11.623931,3.5168917
c_1_44_825,12.159781,4.7011285
c_1_44_826,10.009081,-0.41952792
c_1_44_827,12.359242,4.659235
c_1_44_828,9.004941,4.404781
c_1_44_829,14.5877075,4.379268
c_1_44_830,10.090641,3.7642968
c_1_44_831,8.6249,2.706671
c_1_44_832,12.281957,2.8178196
c_1_44_833,12.9147005,3.9471726
c_1_44_834,13.742938,1.7292168
c_1_44_835,12.569845,4.310182
c_1_44_836,12.992436,1.2516066
c_1_44_837,11.11249,0.7081872
c_1_44_838,8.4400215,2.1377904
c_1_44_839,10.271651,1.8680216
c_1_44_840,11.27527,1.280974
c_1_44_841,9.311884,2.2840583
c_1_44_842,11.528878,4.6348166
c_1_44_843,7.202192,0.4474339
c_1_44_844,10.427134,4.873825
c_1_44_845,13.152373,2.646774
c_1_44_846,14.40852,2.0392108
c_1_44_847,12.218876,2.3682523
c_1_44_848,12.086712,0.6376724
c_1_44_849,8.4274645,1.2537165
c_1_44_850,10.867199,4.343432
c_1_44_851,11.097498,3.4806898
c_1_44_852,12.130465,2.0394754
c_1_44_853,11.264519,3.5703745
c_1_44_854,8.56714,4.3363743
c_1_44_855,10.32496,4.9212856
c_1_44_856,10.27296,2.778026
c_1_44_857,10.592242,4.6153693
c_1_44_858,10.929108,3.2411242
c_1_44_859,9.387019,2.646318
c_1_44_860,9.802516,4.867872
c_1_44_861,13.382266,3.609878
c_1_44_862,11.928074,2.5009675
c_1_44_863,9.915282,1.3627865
c_1_44_864,11.032361,1.3564867
c_1_44_865,14.636428,5.0561666
c_1_44_866,9.784503,4.4293475
c_1_44_867,9.257223,4.9685287
c_1_44_868,12.258118,4.2560344
c_1_44_869,8.064751,2.9491787
c_1_44_870,13.625926,1.696412
c_1_44_871,7.844446,1.0251667
c_1_44_872,10.325916,3.384363
c_1_44_873,9.433642,2.4627683
c_1_44_874,13.919573,-0.44335797
c_1_44_875,12.568567,3.9212582
c_1_44_876,8.095001,3.3709586
c_1_44_877,11.097618,2.9216313
c_1_44_878,9.277026,2.824004
c_1_44_879,9.035072,3.7240176
c_1_44_880,9.293451,-0.4572639
c_1_44_881,13.842327,4.7740445
c_1_44_882,9.25282,4.2406874
c_1_44_883,8.650214,3.8440835
c_1_44_884,11.464702,2.5811565
c_1_44_885,8.870766,5.1493907
c_1_44_886,9.803573,4.0735345
c_1_44_887,9.110691,-0.1615373
c_1_44_888,11.021844,3.2414591
c_1_44_889,13.186103,5.0103946
c_1_44_890,9.047029,1.531378
c_1_44_891,9.807998,4.566984
c_1_44_892,8.695492,4.2640953
c_1_44_893,8.481105,3.7860875
c_1_44_894,9.425103,5.1228037
c_1_44_895,9.31785,1.4385947
c_1_44_896,11.885449,3.4834538
c_1_44_897,11.715902,3.1899996
c_1_44_898,13.898066,4.085937
c_1_44_899,8.026912,2.5609756
c_1_44_900,9.588853,1.9710689
c_1_44_901,9.094027,2.8107758
c_1_44_902,9.516415,2.8469822
c_1_44_903,9.267153,3.6161146
c_1_44_904,13.695508,3.5099328
c_1_44_905,10.798994,4.360109
c_1_44_906,11.713337,4.922268
c_1_44_907,13.34799,4.6818476
c_1_44_908,8.591605,3.8823116
c_1_44_909,8.240103,2.2489517
c_1_44_910,7.8611236,1.9162754
c_1_44_911,9.060832,1.6078286
c_1_44_912,8.311006,4.3566847
c_1_44_913,7.219741,1.6584702
c_1_44_914,9.580096,4.9416223
c_1_44_915,11.119156,4.4377375
c_1_44_916,12.198115,4.3098583
c_1_44_917,11.131482,4.83282
c_1_44_918,9.848314,3.302137
c_1_44_919,10.940576,2.2634618
c_1_44_920,9.780554,2.7881184
c_1_44_921,10.786315,4.5513873
c_1_44_922,8.38291,4.5302687
c_1_44_923,8.715666,1.084228
c_1_44_924,10.844986,4.6270432
c_1_44_925,13.069994,4.8946714
c_1_44_926,13.690347,4.5995517
c_1_44_927,8.63867,0.5873561
c_1_44_928,14.839074,4.8585186
c_1_44_929,10.085993,3.074523
c_1_44_930,11.632225,1.2942259
c_1_44_931,11.477492,4.4855156
c_1_44_932,11.467183,0.06998398
c_1_44_933,10.866433,3.6979983
c_1_44_934,12.508091,5.2455144
c_1_44_935,9.676801,5.043106
c_1_44_937,11.473382,0.3457341
c_1_44_938,10.52154,2.6744435
c_1_44_939,10.664409,4.216459
c_1_44_940,11.391427,5.0407457
c_1_44_941,13.946397,3.8271148
c_1_44_942,9.390738,1.0496784
c_1_44_943,10.771003,2.1096213
c_1_44_944,9.7857895,5.0919867
c_1_44_945,12.9816065,3.5817807
c_1_44_946,12.164168,7.0212636
c_1_44_947,9.853298,2.8863375
c_1_44_948,11.768304,2.2979882
c_1_44_949,12.939598,3.9894748
c_1_44_950,9.342137,3.8654568
c_1_44_951,11.768084,0.37099802
c_1_44_952,10.365369,2.9709048
c_1_44_953,8.688553,2.3449483
c_1_44_954,9.478463,2.095905
c_1_44_955,12.940777,4.742901
c_1_44_956,9.9283285,3.3114824
c_1_44_957,8.900042,5.258621
c_1_44_958,12.079077,8.284592
c_1_44_959,13.109839,4.268004
c_1_44_960,13.422434,0.019061595
c_1_44_961,9.854527,4.282815
c_1_44_962,10.540548,4.427073
c_1_44_963,13.729684,1.0231309
c_1_44_964,11.467557,3.179171
c_1_44_965,10.202619,2.6515305
c_1_44_966,8.720665,1.577618
c_1_44_967,12.897588,3.8492453
c_1_44_968,13.702852,4.7801204
c_1_44_969,13.238347,3.1097236
c_1_44_970,8.88871,4.626338
c_1_44_971,13.927703,4.8343554
c_1_44_972,12.943428,4.1418285
c_1_44_973,10.786005,5.121799
c_1_44_974,14.460373,3.0314915
c_1_44_975,8.910768,4.077151
c_1_44_976,8.789868,2.5325623
c_1_44_977,10.76342,5.0801544
c_1_44_978,10.932785,2.9912894
c_1_44_979,12.927872,1.8625674
c_1_44_980,14.826593,4.4025035
c_1_44_981,8.89536,2.6556463
c_1_44_982,11.878943,5.315598
c_1_44_983,12.507828,4.5678854
c_1_44_984,8.345751,2.7307558
c_1_44_985,11.712955,4.2071733
c_1_44_986,10.885244,2.562533
c_1_44_987,12.926998,4.902145
c_1_44_988,12.745209,5.030693
c_1_44_989,13.99032,4.4446735
c_1_44_990,13.292875,1.7820027
c_1_44_991,13.781369,4.921188
c_1_44_992,8.325378,2.4189546
c_1_44_993,12.654371,0.25453633
c_1_44_994,11.178092,3.595855
c_1_44_995,9.049546,3.976554
c_1_44_996,10.545123,1.3983259
c_1_44_997,14.2514715,4.119028
c_1_44_998,14.518519,2.073501
c_1_44_999,14.7984495,4.9451413
c_1_44_1000,8.590637,3.1884072
c_1_44_1001,13.820628,4.197839
c_1_44_1002,12.600325,4.3519344
c_1_44_1003,12.604269,3.1429338
c_1_44_1004,6.930841,0.60919285
c_1_44_1005,12.492621,1.4599894
c_1_44_1006,10.173464,3.4534707
c_1_44_1007,13.683951,5.1522484
c_1_44_1008,12.803293,-1.5195699
c_1_44_1009,9.673832,3.9381323
c_1_44_1010,9.92471,4.1428022
c_1_44_1011,6.778522,3.0275872
c_1_44_1012,12.949097,3.9126298
c_1_44_1013,10.678618,4.0930777
c_1_44_1014,12.395384,3.6525161
c_1_44_1015,13.093249,4.237657
c_1_44_1016,9.058912,3.1264946
c_1_44_1017,11.285635,-0.7870709
c_1_44_1018,10.041939,2.515515
c_1_44_1019,13.714677,4.303965
c_1_44_1020,10.82023,4.0215764
c_1_44_1021,13.630826,4.574145
c_1_44_1022,13.168713,4.492411
c_1_44_1023,10.383332,2.0336366
c_1_44_1024,11.06144,2.2809286
c_1_44_1025,9.588226,2.6785076
c_1_44_1026,14.332152,4.5416384
c_1_44_1027,12.333486,4.2238536
c_1_44_1028,14.490335,2.444266
c_1_44_1029,11.256865,3.0445518
c_1_44_1030,12.749138,3.1180587
c_1_44_1031,11.261652,4.272144
c_1_44_1032,9.938852,4.1389904
c_1_44_1033,10.382035,1.2058039
c_1_44_1034,10.375278,4.209499
c_1_44_1035,8.01547,3.9971542
c_1_44_1036,12.083226,4.4336596
c_1_44_1037,11.281799,3.0445356
c_1_44_1038,11.77428,3.0011518
c_1_44_1039,12.336966,-0.8455668
c_1_44_1040,8.204129,4.803355
c_1_44_1041,11.405776,5.029576
c_1_44_1042,5.8002095,2.7808604
c_1_44_1043,14.503816,4.995405
c_1_44_1044,10.708664,5.007673
c_1_44_1045,11.920005,3.1861448
c_1_44_1046,10.214944,4.604187
c_1_44_1047,14.136047,3.8850267
c_1_44_1048,9.003734,3.3932836
c_1_44_1049,8.586282,3.864107
c_1_44_1050,10.382063,4.0848255
c_1_44_1051,12.263339,7.647986
c_1_44_1052,11.777928,4.008605
c_1_44_1053,8.107418,1.9139595
c_1_44_1054,14.621423,4.364094
c_1_44_1055,13.09603,4.1947594
c_1_44_1056,14.570776,-0.8595498
c_1_44_1057,6.1783047,2.7051542
c_1_44_1058,13.937993,1.6931318
c_1_44_1059,12.199067,3.8046887
c_1_44_1060,11.679582,3.7327464
c_1_44_1061,11.89111,4.3802886
c_1_44_1062,12.679532,4.3122272
c_1_44_1063,11.985701,2.2883496
c_1_44_1064,10.776532,4.583796
c_1_44_1065,10.514097,3.3714592
c_1_44_1066,6.844418,1.1165185
c_1_44_1067,11.375486,4.9401517
c_1_44_1068,14.748684,4.359331
c_1_44_1069,11.21874,4.233582
c_1_44_1070,13.53481,4.9351244
c_1_44_1071,8.9966545,0.060405437
c_1_44_1072,12.650404,3.7276633
c_1_44_1073,11.800368,3.2524247
c_1_44_1074,12.82544,4.4263053
c_1_44_1075,9.742518,-1.0428538
c_1_44_1076,11.684497,-1.0867589
c_1_44_1077,12.510595,3.170132
c_1_44_1078,10.20976,1.487485
c_1_44_1079,9.508101,2.001107
c_1_44_1080,13.164823,5.6410785
c_1_44_1081,11.389036,3.4830856
c_1_44_1082,14.272855,2.8952267
c_1_44_1083,11.838926,3.3975153
c_1_44_1084,11.733608,3.3196192
c_1_44_1085,9.403749,1.7521014
c_1_44_1086,10.534405,3.99098
c_1_44_1087,12.721691,3.9487848
c_1_44_1088,13.992686,5.0504265
c_1_44_1089,12.312125,2.375993
c_1_44_1090,9.877246,2.9243402
c_1_44_1091,9.812169,2.0960064
c_1_44_1092,13.647295,4.200212
c_1_44_1093,10.784578,4.1604967
c_1_44_1094,9.256586,3.189722
c_1_44_1095,9.85729,1.1165721
c_1_44_1096,8.920547,2.4881964
c_1_44_1097,10.271527,1.5105133
c_1_44_1098,10.895944,1.6123056
c_1_44_1099,8.781224,2.5792356
c_1_44_1100,9.041892,4.195021
c_1_44_1101,7.964616,3.4990551
c_1_44_1102,8.095961,2.1437006
c_1_44_1103,13.332128,5.1306205
c_1_44_1104,9.598188,1.9858283
c_1_44_1105,9.290804,1.1053588
c_1_44_1106,10.6367855,2.5014215
c_1_44_1107,11.768553,2.6592183
c_1_44_1108,10.805266,3.2809489
c_1_44_1110,10.356776,-0.20947386
c_1_44_1111,8.028305,3.113891
c_1_44_1112,13.068655,4.680828
c_1_44_1113,8.779356,2.8724852
c_1_44_1114,12.607426,4.6087255
c_1_44_1115,13.360212,-1.7104728
c_1_44_1116,13.87611,4.6103096
c_1_44_1117,13.104281,4.537748
c_1_44_1118,10.232704,1.9358017
c_1_44_1119,11.3182955,4.0254745
c_1_44_1120,10.175482,-0.36002696
c_1_44_1121,10.02694,2.251502
c_1_44_1123,14.339461,4.4765124
c_1_44_1124,10.134606,1.8163673
c_1_44_1125,10.709514,4.460366
c_1_44_1126,8.868133,3.8472457
c_1_44_1127,9.892417,1.074158
c_1_44_1128,8.652096,0.86239845
c_1_44_1129,8.278003,1.120186
c_1_44_1130,14.713482,1.7447032
c_1_44_1131,8.490242,3.8308847
c_1_44_1132,10.582645,3.9271522
c_1_44_1133,13.5885105,5.4783845
c_1_44_1134,10.319688,1.2678689
c_1_44_1135,10.426353,3.1792443
c_1_44_1136,10.693519,2.7984865
c_1_44_1137,12.761244,4.382346
c_1_44_1138,13.402056,5.090837
c_1_44_1139,11.172321,3.4754941
c_1_44_1140,14.089969,4.5229583
c_1_44_1141,14.910362,4.669335
c_1_44_1142,13.745781,4.9692893
c_1_44_1143,12.544302,4.1384034
c_1_44_1144,11.309422,4.4925284
c_1_44_1145,9.802934,2.3402874
c_1_44_1146,9.377982,2.038316
c_1_44_1147,12.866827,4.232495
c_1_44_1148,13.1282625,4.561633
c_1_44_1149,13.154796,3.3958106
c_1_44_1150,11.750042,2.7174737
c_1_44_1151,9.384645,1.6618421
c_1_44_1152,8.863354,1.631908
c_1_44_1153,14.718913,4.794586
c_1_44_1154,13.701566,4.3293524
c_1_44_1155,13.772499,5.1441755
c_1_44_1156,8.927431,3.3941894
c_1_44_1157,8.909273,4.934115
c_1_44_1158,9.687648,2.4923112
c_1_44_1159,11.836022,3.5267117
c_1_44_1160,13.478256,4.5283513
c_1_44_1161,9.086402,1.3730258
c_1_44_1163,12.646525,4.5840297
c_1_44_1164,10.843675,0.99745053
c_1_44_1165,13.426467,2.9464798
c_1_44_1166,9.399625,2.2581296
c_1_44_1167,8.790256,0.9862345
c_1_44_1168,9.091535,1.0549442
c_1_44_1169,9.068358,-0.8824253
c_1_44_1170,12.425103,3.9070435
c_1_44_1171,10.490446,-1.0287131
c_1_44_1172,13.085894,4.5540504
c_1_44_1173,10.362702,5.0907574
c_1_44_1174,13.363357,2.8977792
c_1_44_1175,11.629833,4.2497063
c_1_44_1176,11.514899,1.3180652
c_1_44_1177,8.744282,3.2531278
c_1_44_1178,14.238604,3.8713844
c_1_44_1179,12.673408,3.6372454
c_1_44_1180,14.036636,5.3886085
c_1_44_1181,13.095363,4.993253
c_1_44_1182,14.589296,4.8253326
c_1_44_1183,9.723589,1.3510228
c_1_44_1184,8.269794,2.8003414
c_1_44_1185,13.448218,4.530358
c_1_44_1186,11.492385,1.9375726
c_1_44_1187,9.543464,2.3934822
c_1_44_1188,9.025729,2.5126982
c_1_44_1189,9.31766,3.1486022
c_1_44_1190,9.151467,2.98801
c_1_44_1191,11.380397,3.376559
c_1_44_1192,15.2795315,4.9325895
c_1_44_1193,14.039913,3.9133508
c_1_44_1194,12.2205925,4.702007
c_1_44_1195,11.606479,2.9789
c_1_44_1196,14.5075655,5.0894456
c_1_44_1197,12.126283,3.0438383
c_1_44_1198,9.116983,2.5906827
c_1_44_1199,12.709337,2.5188122
c_1_44_1200,12.731579,4.1633973
c_1_44_1201,14.637927,4.5483403
c_1_44_1202,12.638131,0.3273043
c_1_44_1203,12.490232,4.337363
c_1_44_1204,11.673994,1.9803214
c_1_44_1206,5.731658,1.3924421
c_1_44_1207,8.475193,3.5682788
c_1_44_1208,14.399501,5.009512
c_1_44_1209,12.086306,1.8987877
c_1_44_1210,13.3190975,3.0009205
c_1_44_1211,9.548121,1.1428193
c_1_44_1213,9.771008,-0.14000632
c_1_44_1214,13.542385,1.1703087
c_1_44_1215,8.237498,2.0296326
c_1_44_1216,10.018968,4.102493
c_1_44_1217,11.08226,4.067655
c_1_44_1218,10.933818,5.083209
c_1_44_1219,9.890098,4.2659945
c_1_44_1220,8.240288,3.0196726
c_1_44_1221,12.183473,4.812018
c_1_44_1222,9.037214,2.1054952
c_1_44_1223,11.355697,4.107163
c_1_44_1224,12.832109,-0.30786833
c_1_44_1225,10.915097,4.351997
c_1_44_1226,9.459802,2.3243158
c_1_44_1227,10.377947,3.779185
c_1_44_1228,9.002169,3.2056065
c_1_44_1229,12.785003,4.119356
c_1_44_1230,11.907241,3.9623656
c_1_44_1231,8.51489,2.277698
c_1_44_1232,13.5195,4.66225
c_1_44_1233,8.676557,2.9180398
c_1_44_1234,10.303302,3.7895048
c_1_44_1235,8.272814,2.3681197
c_1_44_1236,10.970122,4.469828
c_1_44_1237,10.126571,3.0419703
c_1_44_1238,11.5941,3.4938834
c_1_44_1239,13.752637,4.9702764
c_1_44_1240,10.238298,1.3425832
c_1_44_1241,9.110663,3.1190653
c_1_44_1242,9.574748,2.411643
c_1_44_1243,14.611519,5.0536823
c_1_44_1244,12.667137,4.3192616
c_1_44_1245,8.704346,4.2031946
c_1_44_1246,11.648509,3.5216217
c_1_44_1247,13.0841055,4.8048506
c_1_44_1248,8.451594,4.671417
c_1_44_1249,11.367872,0.5296342
c_1_44_1250,8.76263,2.0930512
c_1_44_1251,9.340054,2.8228364
c_1_44_1252,13.696586,5.081685
c_1_44_1253,10.097243,4.1776366
c_1_44_1254,12.384864,4.3829694
c_1_44_1255,8.0895815,3.1103008
c_1_44_1256,12.204388,3.4085338
c_1_44_1257,7.592524,2.7239187
c_1_44_1258,11.1055,0.86629945
c_1_44_1259,11.048929,2.344789
c_1_44_1260,14.452878,1.5071329
c_1_44_1261,8.911887,3.685346
c_1_44_1262,10.156608,5.0749097
c_1_44_1263,13.508454,3.6712146
c_1_44_1264,12.371679,4.4649096
c_1_44_1265,13.049197,4.829732
c_1_44_1266,13.694359,4.5764065
c_1_44_1267,12.457529,4.0079637
c_1_44_1268,13.388763,4.967674
c_1_44_1269,8.702199,0.8355458
c_1_44_1270,8.480877,3.1544502
c_1_44_1271,11.862129,4.0726676
c_1_44_1272,8.180982,0.1746552
c_1_44_1273,13.424565,1.3055768
c_1_44_1274,12.675193,3.1326005
c_1_44_1275,8.336146,2.4168985
c_1_44_1276,9.414495,1.5368578
c_1_44_1277,10.74655,3.6717
c_1_44_1278,9.933505,2.9942026
c_1_44_1279,10.489675,2.9189227
c_1_44_1280,7.7857633,4.039424
c_1_44_1281,11.909821,4.2971296
c_1_44_1283,11.782946,3.7721558
c_1_44_1284,6.826504,-0.44745502
c_1_44_1285,13.247944,4.212397
c_1_44_1286,13.453748,4.519021
c_1_44_1287,13.680781,4.5355134
c_1_44_1288,8.004854,2.7334936
c_1_44_1289,11.051834,2.0806553
c_1_44_1290,14.735125,3.979933
c_1_44_1291,12.715177,2.13932
c_1_44_1292,11.167503,2.4128246
c_1_44_1293,12.505391,4.054664
c_1_44_1294,13.7395525,4.249212
c_1_44_1295,10.3648615,3.527999
c_1_44_1296,9.077834,2.2383058
c_1_44_1297,9.722612,3.4020293
c_1_44_1298,8.804127,1.6184325
c_1_44_1299,11.934686,3.8280904
c_1_44_1300,9.903405,0.11456939
c_1_44_1301,10.529306,4.662922
c_1_44_1302,12.253918,4.287763
c_1_44_1304,10.609491,1.3759887
c_1_44_1305,12.200892,4.7855415
c_1_44_1306,14.408942,1.6841854
c_1_44_1307,14.561251,4.868779
c_1_44_1308,8.604542,-0.045128986
c_1_44_1309,9.349257,4.086108
c_1_44_1310,13.775663,4.272428
c_1_44_1311,10.104355,4.6849346
c_1_44_1312,10.478922,2.045185
c_1_44_1313,9.189746,4.2070065
c_1_44_1314,13.069272,4.738666
c_1_44_1315,13.348178,4.4918776
c_1_44_1316,14.452418,5.25764
c_1_44_1317,11.09578,2.2009158
c_1_44_1318,10.419321,3.6859167
c_1_44_1319,12.9613285,1.7249379
c_1_44_1320,10.847399,3.0620394
c_1_44_1321,13.873071,3.5713165
c_1_44_1322,9.299892,3.4209726
c_1_44_1323,9.087115,0.4360808
c_1_44_1324,10.3009405,3.9093902
c_1_44_1325,8.138312,1.9558164
c_1_44_1326,12.706097,3.5610006
c_1_44_1327,9.123216,0.52775544
c_1_44_1328,10.162419,1.6904707
c_1_44_1329,12.164168,2.8678746
c_1_44_1330,8.688627,-0.32506514
c_1_44_1331,12.063011,4.492993
c_1_44_1332,10.092525,4.0147347
c_1_44_1333,9.469323,2.3869138
c_1_44_1334,13.428523,4.522299
c_1_44_1335,12.059249,3.4910538
c_1_44_1336,14.252587,3.5536113
c_1_44_1337,11.007141,4.4884653
c_1_44_1338,12.272611,3.8665123
c_1_44_1339,10.773531,3.9566038
c_1_44_1340,10.42106,2.60022
c_1_44_1341,12.031076,2.562325
c_1_44_1342,8.625534,1.4407389
c_1_44_1343,12.307795,4.4929323
c_1_44_1344,9.877318,1.8672832
c_1_44_1345,10.835955,4.3504276
c_1_44_1346,10.055089,3.3313656
c_1_44_1347,11.135939,1.019247
c_1_44_1348,12.377441,2.8117812
c_1_44_1349,9.6495,4.249158
c_1_44_1350,10.530936,1.1311158
c_1_44_1351,9.306178,4.9937844
c_1_44_1352,13.154247,4.8855743
c_1_44_1353,14.644154,4.0620737
c_1_44_1354,8.65479,4.919379
c_1_44_1355,9.754371,2.1946468
c_1_44_1356,14.313785,2.5728676
c_1_44_1357,13.979099,1.9875324
c_1_44_1358,9.754767,2.3303998
c_1_44_1359,10.124307,3.5508878
c_1_44_1360,10.894907,4.16665
c_1_44_1361,8.876706,5.013185
c_1_44_1362,12.756484,4.149013
c_1_44_1363,11.852851,4.087965
c_1_44_1364,10.669445,1.1920925
c_1_44_1365,10.56503,4.971172
c_1_44_1366,10.195296,3.9788752
c_1_44_1367,13.937104,3.4771602
c_1_44_1368,8.40554,4.068255
c_1_44_1369,9.459643,5.202284
c_1_44_1370,8.888079,1.9886705
c_1_44_1371,10.014787,3.90732
c_1_44_1372,9.630047,3.2708807
c_1_44_1373,8.402854,3.359532
c_1_44_1374,9.008667,2.2700908
c_1_44_1375,8.603325,4.6428075
c_1_44_1376,14.46648,1.4235593
c_1_44_1377,12.812893,3.9133754
c_1_44_1378,14.499844,4.790531
c_1_44_1379,12.727182,1.6952819
c_1_44_1380,12.260105,4.527111
c_1_44_1381,10.218548,4.9452
c_1_44_1382,11.269034,1.6210445
c_1_44_1383,11.791731,1.4198896
c_1_44_1384,13.630868,5.109358
c_1_44_1385,10.451395,0.53744733
c_1_44_1386,8.628949,1.633508
c_1_44_1387,11.560368,3.4355824
c_1_44_1388,9.390449,1.8592224
c_1_44_1389,13.641096,4.5856543
c_1_44_1390,9.76347,3.11607
c_1_44_1391,11.7334585,3.0603652
c_1_44_1392,11.065592,3.9672678
c_1_44_1393,14.095883,4.2588816
c_1_44_1394,11.128124,2.7162747
c_1_44_1396,9.268559,3.8654687
c_1_44_1398,11.744585,-1.9002672
c_1_44_1399,9.609804,1.3105505
c_1_44_1400,7.84297,3.8565218
c_1_44_1401,13.076008,4.0481405
c_1_44_1402,9.197116,2.7937338
c_1_44_1403,11.253193,2.7603035
c_1_44_1404,9.938655,3.1313596
c_1_44_1405,14.09842,2.4481728
c_1_44_1406,9.077189,-1.2966132
c_1_44_1407,10.301226,3.1147482
c_1_44_1408,9.315391,3.2699182
c_1_44_1409,13.991169,5.7975216
c_1_44_1410,7.6565766,3.0517294
c_1_44_1411,9.430462,0.93610907
c_1_44_1412,14.603711,5.2650843
c_1_44_1413,12.963615,3.3228369
c_1_44_1414,9.535467,4.3239174
c_1_44_1415,8.331516,3.391768
c_1_44_1416,11.320563,-0.1350946
c_1_44_1417,11.403383,2.7602892
c_1_44_1418,9.171034,-0.5273806
c_1_44_1419,7.1360717,2.215105
c_1_44_1420,13.312891,5.0654697
c_1_44_1421,9.107856,4.518468
c_1_44_1422,9.180941,-1.2644596
c_1_44_1423,10.907774,0.055586375
c_1_44_1424,10.452549,3.695205
c_1_44_1425,13.894166,4.386184
c_1_44_1426,8.952332,0.69201165
c_1_44_1427,7.946394,2.0672622
c_1_44_1428,10.29718,3.4006677
c_1_44_1429,12.630474,2.367142
c_1_44_1430,9.2677145,-0.6288034
c_1_44_1431,10.735186,3.0946236
c_1_44_1432,10.254187,3.6092055
c_1_44_1433,9.127728,1.838643
c_1_44_1434,9.248374,3.1094735
c_1_44_1435,8.829972,3.5559022
c_1_44_1436,12.667704,3.088907
c_1_44_1437,9.17826,1.2207334
c_1_44_1438,8.577397,1.406974
c_1_44_1439,13.046006,4.060783
c_1_44_1440,12.04919,2.4792945
c_1_44_1441,11.350586,3.2636948
c_1_44_1442,14.052749,3.5296578
c_1_44_1443,13.603905,4.7542043
c_1_44_1444,13.347059,4.941819
c_1_44_1445,8.229409,0.6907835
c_1_44_1446,8.844275,3.2472687
c_1_44_1447,11.949734,3.7953393
c_1_44_1448,11.1890335,0.35157943
c_1_44_1449,9.394331,2.169014
c_1_44_1450,9.19073,1.740848
c_1_44_1451,11.366629,3.7291167
c_1_44_1452,11.004203,3.8167284
c_1_44_1453,9.031875,-0.048324954
c_1_44_1454,9.783371,2.9258227
c_1_44_1455,10.347694,0.5382202
c_1_44_1456,11.050595,3.2078745
c_1_44_1457,14.652877,4.9874563
c_1_44_1458,12.27521,4.5091
c_1_44_1459,12.927428,4.492773
c_1_44_1460,10.979133,3.2177067
c_1_44_1461,8.463029,2.3185842
c_1_44_1462,7.7767253,3.627267
c_1_44_1463,11.203103,3.2309973
c_1_44_1464,9.931939,3.734048
c_1_44_1465,12.509318,3.5234473
c_1_44_1466,11.173026,1.4121966
c_1_44_1467,10.815815,4.5247073
c_1_44_1468,8.734134,2.771315
c_1_44_1469,11.152864,2.9669952
c_1_44_1470,8.542233,0.5536536
c_1_44_1471,11.503405,-1.7921977
c_1_44_1472,9.501422,1.6667879
c_1_44_1473,7.760778,1.8006542
c_1_44_1474,14.112546,4.808927
c_1_44_1475,11.280869,2.7884076
c_1_44_1476,14.86398,4.6901517
c_1_44_1477,8.858917,0.09034686
c_1_44_1478,11.495951,4.251143
c_1_44_1479,11.595308,1.2927548
c_1_44_1480,9.99628,3.5124574
c_1_44_1481,7.6132417,2.6681156
c_1_44_1482,8.336303,0.92229635
c_1_44_1483,11.989763,3.856127
c_1_44_1484,8.854214,1.2582289
c_1_44_1485,10.375953,1.4821858
c_1_44_1486,8.413222,3.77109
c_1_44_1487,12.647192,3.3943748
c_1_44_1488,10.88468,4.2574635
c_1_44_1489,11.490625,2.5056913
c_1_44_1490,11.320382,1.2482445
c_1_44_1491,12.43691,0.4206545
c_1_44_1493,9.336997,1.7865692
c_1_44_1494,14.143871,4.1780667
c_1_44_1495,13.785769,4.153613
c_1_44_1496,14.445506,2.9350123
c_1_44_1497,11.562752,-1.1623797
c_1_44_1498,12.68212,4.692579
c_1_44_1499,9.598247,2.6093469
c_1_44_1500,14.159732,5.888672
c_1_44_1501,8.735457,0.31524172
c_1_44_1502,8.86292,3.927011
c_1_44_1503,10.111784,4.33509
c_1_44_1504,12.545921,4.2980337
c_1_44_1505,8.587675,1.5835661
c_1_44_1506,9.255171,2.275314
c_1_44_1507,13.790087,1.2415617
c_1_44_1508,13.034009,1.4922777
c_1_44_1509,10.808096,4.306386
c_1_44_1510,9.385178,4.9125886
c_1_44_1511,9.502236,3.3923879
c_1_44_1512,14.425434,5.097133
c_1_44_1513,12.207674,1.1322637
c_1_44_1514,8.090739,3.6291738
c_1_44_1515,13.63457,4.3549337
c_1_44_1516,10.646123,0.36445445
c_1_44_1517,11.010532,2.028101
c_1_44_1518,12.856454,3.7144601
c_1_44_1519,12.4469385,3.1623278
c_1_44_1520,10.9288025,3.0219781
c_1_44_1521,10.412072,1.617246
c_1_44_1522,13.095797,3.5626981
c_1_44_1523,11.434389,-2.7588427
c_1_44_1524,10.895888,2.4670923
c_1_44_1525,10.015373,4.6445823
c_1_44_1527,12.177013,4.1752925
c_1_44_1528,8.693169,4.177515
c_1_44_1529,14.210125,3.4126875
c_1_44_1530,9.198927,1.7122163
c_1_44_1531,10.87646,3.7726197
c_1_44_1532,10.552035,1.3539989
c_1_44_1533,11.853972,4.5819025
c_1_44_1534,12.969046,5.3400707
c_1_44_1535,8.770996,0.07460734
c_1_44_1536,12.915482,3.913086
c_1_44_1537,11.876688,3.691464
c_1_44_1538,11.495409,3.6605244
c_1_44_1539,10.307737,4.5055823
c_1_44_1540,13.700765,4.6377845
c_1_44_1541,9.969034,2.7087722
c_1_44_1542,11.58091,3.971416
c_1_44_1543,11.114842,4.559803
c_1_44_1544,12.061954,-0.56897366
c_1_44_1545,11.487313,1.2642884
c_1_44_1546,12.714093,4.259106
c_1_44_1547,13.370335,3.8536594
c_1_44_1548,10.1684,-1.5825195
c_1_44_1549,13.008335,4.480667
c_1_44_1550,13.682414,-0.4257722
c_1_44_1551,8.31374,1.4890673
c_1_44_1552,8.808828,1.1220906
c_1_44_1553,14.415501,4.147644
c_1_44_1554,9.017909,-0.8774468
c_1_44_1555,11.010246,3.227075
c_1_44_1556,7.68983,4.004987
c_1_44_1557,11.626035,3.3079686
c_1_44_1558,14.168552,1.4584875
c_1_44_1559,9.013865,4.7177997
c_1_44_1560,13.788938,5.7348337
c_1_44_1561,13.958488,4.5728464
c_1_44_1562,14.151163,3.2363815
c_1_44_1563,10.952975,1.2469112
c_1_44_1564,12.888818,-1.0598623
c_1_44_1565,11.017421,1.5038961
c_1_44_1566,11.294363,1.4860696
c_1_44_1567,12.036117,7.259976
c_1_44_1568,9.771628,1.0415128
c_1_44_1569,12.486018,3.3670833
c_1_44_1570,10.1124735,-1.7329572
c_1_44_1571,10.312218,0.78038377
c_1_44_1572,8.056942,2.0373647
c_1_44_1573,14.60309,5.1659822
c_1_44_1574,11.835618,4.141247
c_1_44_1575,10.01409,-0.27730876
c_1_44_1576,11.821175,4.3417087
c_1_44_1577,8.697211,1.789823
c_1_44_1578,13.021544,0.13859873
c_1_44_1579,13.012803,2.435204
c_1_44_1580,9.703452,2.858329
c_1_44_1581,10.257199,0.65043974
c_1_44_1582,10.670596,-1.1262759
c_1_44_1583,9.689555,-0.5312074
c_1_44_1584,11.88537,-3.7677832
c_1_44_1585,9.465852,1.7086256
c_1_44_1586,11.917125,-3.4710765
c_1_44_1587,14.036748,1.2945595
c_1_44_1588,13.148073,4.8644524
c_1_44_1589,12.855611,3.7931552
c_1_44_1590,8.642544,4.895463
c_1_44_1591,8.932321,2.1617842
c_1_44_1592,12.495413,7.1374054
c_1_44_1593,14.490182,4.4456053
c_1_44_1594,13.693367,2.725773
c_1_44_1595,13.455427,2.8946803
c_1_44_1596,14.167789,4.5606365
c_1_44_1597,9.190977,5.6005864
c_1_44_1598,11.092271,4.7356153
c_1_44_1599,13.493281,3.3462493
c_1_44_1600,10.84211,4.723172
c_1_44_1601,10.714093,1.9565458
c_1_44_1602,11.92585,3.2568278
c_1_44_1603,9.008826,0.3143267
c_1_44_1604,10.358076,2.194438
c_1_44_1605,10.146815,-2.5902393
c_1_44_1606,12.392745,2.149724
c_1_44_1607,9.452121,2.6643655
c_1_44_1608,10.34638,1.2913778
c_1_44_1609,13.719578,4.805775
c_1_44_1610,8.373341,4.6864634
c_1_44_1611,11.3783455,1.2456574
c_1_44_1612,12.980241,2.3284755
c_1_44_1613,11.42706,3.9945226
c_1_44_1614,9.458494,1.8609535
c_1_44_1615,9.771335,3.6950645
c_1_44_1616,10.716196,-0.84013784
c_1_44_1617,10.449588,-2.7082794
c_1_44_1618,9.706464,3.6012158
c_1_44_1619,12.212941,3.3818545
c_1_44_1620,8.438134,0.6948552
c_1_44_1621,13.625309,3.7853878
c_1_44_1622,9.406488,2.9981241
c_1_44_1623,10.010957,4.543549
c_1_44_1624,10.055593,-1.4812748
c_1_44_1625,13.255271,1.9988905
c_1_44_1626,11.896947,4.284939
c_1_44_1627,10.573825,2.7412612
c_1_44_1628,10.04292,-0.6974398
c_1_44_1629,12.09359,4.7622714
c_1_44_1630,14.9171715,4.7259603
c_1_44_1631,12.313641,3.5474548
c_1_44_1632,10.351789,3.3249586
c_1_44_1633,11.50808,3.9804108
c_1_44_1634,12.230989,3.3895314
c_1_44_1635,9.0834465,0.07831837
c_1_44_1636,10.375717,-0.0020458987
c_1_44_1637,10.620759,1.9981972
c_1_44_1638,12.242192,4.295494
c_1_44_1639,12.651645,3.6009867
c_1_44_1640,10.461837,2.8823893
c_1_44_1641,14.960154,4.640158
c_1_44_1642,11.454665,3.2477086
c_1_44_1643,9.071433,-1.1775707
c_1_44_1644,11.8986635,-0.4878484
c_1_44_1645,11.067187,1.5536932
c_1_44_1646,10.862378,-1.7114155
c_1_44_1647,9.096604,3.0034938
c_1_44_1648,11.6814785,1.7727382
c_1_44_1649,11.128059,2.5382087
c_1_44_1650,9.531269,1.6409059
c_1_44_1651,13.1796255,0.5813514
c_1_44_1652,10.076708,-1.5792115
c_1_44_1653,10.680368,2.9052365
c_1_44_1654,10.927472,-0.17664221
c_1_44_1655,10.646408,-1.0485821
c_1_44_1656,10.727936,-0.24003081
c_1_44_1657,13.550871,2.1966305
c_1_44_1658,10.785482,2.594501
c_1_44_1659,14.013495,3.8301778
c_1_44_1660,7.881005,1.5540799
c_1_44_1661,13.971944,-0.53606725
c_1_44_1662,8.039247,0.63417155
c_1_44_1663,9.0820055,0.534178
c_1_44_1664,8.4475975,1.9990212
c_1_44_1665,10.272293,0.16638601
c_1_44_1666,11.904331,4.1370707
c_1_44_1667,8.863638,1.7395152
c_1_44_1668,11.393015,-0.17530176
c_1_44_1669,8.786838,1.4183108
c_1_44_1670,8.391883,4.353511
c_1_44_1671,10.918404,1.0686771
c_1_44_1672,9.998591,-1.7481989
c_1_44_1673,10.053676,2.584657
c_1_44_1674,11.2265415,0.5333615
c_1_44_1675,12.027572,-0.28248522
c_1_44_1677,11.4932375,0.1808623
c_1_44_1678,9.774032,-0.8852816
c_1_44_1679,11.065004,-0.70584345
c_1_44_1680,10.59638,4.9059644
c_1_44_1681,7.8639936,1.0971771
c_1_44_1682,10.300104,1.0353137
c_1_44_1683,9.316571,0.039079476
c_1_44_1684,10.850503,4.577356
c_1_44_1685,13.205286,1.3960978
c_1_44_1686,13.010092,4.6331167
c_1_44_1687,12.397165,3.7651577
c_1_44_1688,13.300874,4.515317
c_1_44_1689,10.459724,-2.1030166
c_1_44_1690,11.238907,-0.5403359
c_1_44_1691,9.753264,2.3717103
c_1_44_1692,11.108676,-0.8446103
c_1_44_1693,12.790281,4.1948113
c_1_44_1694,12.279565,3.2873719
c_1_44_1695,9.408451,3.8827844
c_1_44_1696,9.788891,4.7114267
c_1_44_1697,10.138447,1.9476409
c_1_44_1698,13.465956,1.0448452
c_1_44_1699,10.213539,0.33201545
c_1_44_1700,12.198045,-2.0956526
c_1_44_1701,10.167516,1.7910172
c_1_44_1702,10.670918,0.34769028
c_1_44_1703,8.604024,1.1174438
c_1_44_1704,8.458831,1.6902161
c_1_44_1705,10.401361,0.8720286
c_1_44_1706,9.624217,0.50951755
c_1_44_1707,12.059814,-3.697995
c_1_44_1708,11.74447,3.3255544
c_1_44_1709,10.896443,-0.69519913
c_1_44_1710,12.754526,2.0058308
c_1_44_1711,10.612053,1.4415057
c_1_44_1712,10.266641,2.403636
c_1_44_1713,12.328262,4.119815
c_1_44_1714,9.213022,-0.041414063
c_1_44_1715,11.702633,3.42176
c_1_44_1716,13.534864,5.2692823
c_1_44_1717,9.813307,-1.3611134
c_1_44_1718,13.690295,5.593325
c_1_44_1719,11.123867,-3.193752
c_1_44_1720,11.761212,2.1007495
c_1_44_1721,13.150486,0.60684925
c_1_44_1722,11.996864,2.2180524
c_1_44_1723,11.904001,2.1129193
c_1_44_1724,8.654392,-0.88564664
c_1_44_1725,10.482627,-0.35484594
c_1_44_1726,9.18963,0.7662062
c_1_44_1727,9.880882,-1.0744476
c_1_44_1728,13.596605,4.0362706
c_1_44_1729,10.29478,0.6704765
c_1_44_1730,12.62428,1.0747806
c_1_44_1731,9.046523,4.258805
c_1_44_1732,13.29645,3.4623792
c_1_44_1733,10.214221,3.4923916
c_1_44_1734,11.127728,-0.7350276
c_1_44_1735,8.973261,2.9081535
c_1_44_1736,9.808554,0.79632276
c_1_44_1737,13.76216,4.767978
c_1_44_1738,8.977813,-0.1916741
c_1_44_1739,13.055666,4.425003
c_1_44_1740,12.89381,4.3586802
c_1_44_1741,10.87537,3.4665685
c_1_44_1742,12.020073,3.100973
c_1_44_1743,13.667824,2.2352407
c_1_44_1744,10.632026,-1.9792826
c_1_44_1745,11.384806,1.6402895
c_1_44_1746,9.027551,1.8837404
c_1_44_1747,9.427235,0.68205416
c_1_44_1748,12.10668,1.190811
c_1_44_1749,10.919183,1.6853049
c_1_44_1750,9.156145,1.9020593
c_1_44_1751,10.910612,-0.9873518
c_1_44_1752,9.192472,1.2276697
c_1_44_1753,11.464754,-2.10252
c_1_44_1754,7.8211575,2.1519887
c_1_44_1755,10.144813,0.21158315
c_1_44_1756,8.763522,0.4957643
c_1_44_1757,10.884619,-1.1267312
c_1_44_1758,9.704186,-1.6526139
c_1_44_1759,9.734485,0.80153865
c_1_44_1760,10.528049,3.1253462
c_1_44_1761,10.629317,3.6014147
c_1_44_1762,12.340514,4.866491
c_1_44_1763,11.015832,2.7453427
c_1_44_1764,10.445968,-1.7435132
c_1_44_1765,9.890425,0.46562517
c_1_44_1766,9.44917,1.0743372
c_1_44_1767,14.052728,4.9466815
c_1_44_1768,13.6723175,4.2177863
c_1_44_1769,11.060825,-3.407668
c_1_44_1770,10.428261,1.3201349
c_1_44_1772,10.682893,0.016799029
c_1_44_1773,11.311012,-0.30200988
c_1_44_1774,9.252698,0.88445675
c_1_44_1775,9.75018,0.010918311
c_1_44_1776,14.079141,1.6175368
c_1_44_1777,9.644564,3.3159897
c_1_44_1778,8.912881,3.9282825
c_1_44_1779,11.218293,-0.5681062
c_1_44_1780,11.220511,0.81909376
c_1_44_1781,10.065337,-0.80154055
c_1_44_1782,11.450366,-0.87916404
c_1_44_1783,12.363476,4.5592403
c_1_44_1784,10.715404,2.4946277
c_1_44_1785,12.002666,3.052673
c_1_44_1786,10.373184,1.1682991
c_1_44_1787,8.154612,3.6154253
c_1_44_1788,10.513808,-1.1304121
c_1_44_1789,14.127904,4.4296446
c_1_44_1790,10.65952,-0.7715859
c_1_44_1791,11.898027,1.6836982
c_1_44_1792,12.448291,2.9786706
c_1_44_1793,11.959525,-3.8201215
c_1_44_1794,10.825433,0.8510197
c_1_44_1795,9.649226,0.9519325
c_1_44_1796,10.726749,1.367713
c_1_44_1797,11.926225,3.5203564
c_1_44_1798,10.370459,1.943974
c_1_44_1799,12.318653,6.1526866
c_1_44_1800,8.748203,4.2340727
c_1_44_1801,9.404357,2.2876515
c_1_44_1802,11.987288,4.5906625
c_1_44_1803,9.601816,4.307707
c_1_44_1804,12.815181,0.81868887
c_1_44_1805,12.165657,4.032326
c_1_44_1806,11.812479,-0.5088672
c_1_44_1807,12.86674,1.3645732
c_1_44_1808,7.3475027,3.3654816
c_1_44_1809,10.43287,3.5883644
c_1_44_1810,8.27536,2.3065302
c_1_44_1811,11.861007,3.3331835
c_1_44_1812,13.135095,0.1233505
c_1_44_1813,11.50255,-0.32792434
c_1_44_1814,8.240183,0.6574393
c_1_44_1815,5.3305287,0.6011598
c_1_44_1816,9.881136,-1.4455677
c_1_44_1817,9.863125,-0.17953952
c_1_44_1818,14.408695,4.3084707
c_1_44_1819,8.83702,0.28883088
c_1_44_1820,11.658503,-1.9134994
c_1_44_1821,11.90743,2.5670094
c_1_44_1822,11.543011,4.5513163
c_1_44_1823,11.631937,4.1272254
c_1_44_1824,9.535459,1.3636248
c_1_44_1825,9.041088,-0.79695266
c_1_44_1826,10.15443,-0.5885908
c_1_44_1827,14.35142,1.4104165
c_1_44_1828,9.331145,3.5055034
c_1_44_1829,11.245514,-2.8774943
c_1_44_1830,9.935566,0.8134369
c_1_44_1831,9.494854,2.75136
c_1_44_1832,10.06182,-1.7486694
c_1_44_1833,9.45168,-0.7289246
c_1_44_1834,11.940757,3.2034202
c_1_44_1835,10.622327,1.4150376
c_1_44_1836,10.531247,-0.9527036
c_1_44_1837,13.874349,4.969043
c_1_44_1838,11.788529,-0.3616443
c_1_44_1839,10.590009,-2.4992027
c_1_44_1840,10.086915,0.6917837
c_1_44_1841,9.442962,0.3577373
c_1_44_1842,10.168438,-0.93357646
c_1_44_1843,7.022547,1.793743
c_1_44_1844,9.637336,2.521792
c_1_44_1845,10.490031,0.6177699
c_1_44_1846,12.794667,2.2750223
c_1_44_1847,11.410008,-2.053681
c_1_44_1848,11.540137,1.820089
c_1_44_1849,11.715287,-1.8547585
c_1_44_1850,10.972458,-0.2151044
c_1_44_1851,7.9035726,4.549718
c_1_44_1852,9.873419,3.4604125
c_1_44_1853,9.88421,-0.94435203
c_1_44_1854,8.351765,0.27889916
c_1_44_1855,11.811399,4.026341
c_1_44_1856,11.228987,0.03597531
c_1_44_1857,12.223554,3.5655484
c_1_44_1858,10.496785,2.3709557
c_1_44_1859,13.2612,0.8071272
c_1_44_1860,11.343712,-0.42416945
c_1_44_1861,10.583978,-2.5153685
c_1_44_1862,12.433181,-1.0978315
c_1_44_1863,12.377919,-0.998378
c_1_44_1864,13.008453,4.1085815
c_1_44_1865,11.314806,2.9060695
c_1_44_1866,10.814529,0.9412061
c_1_44_1867,12.561199,2.3484416
c_1_44_1868,14.126729,4.1272635
c_1_44_1869,8.443773,1.0844523
c_1_44_1870,10.679111,4.0853066
c_1_44_1871,11.193682,-1.1193156
c_1_44_1872,9.903057,-0.28571033
c_1_44_1873,8.971716,1.0750264
c_1_44_1875,10.846025,-0.51011914
c_1_44_1876,11.899544,4.398855
c_1_44_1877,10.410023,2.2875516
c_1_44_1878,9.521323,1.038764
c_1_44_1879,11.9230175,-2.6776788
c_1_44_1880,11.097793,0.34845462
c_1_44_1881,10.768048,0.6723015
c_1_44_1882,8.034646,3.3876798
c_1_44_1883,10.34545,2.1975546
c_1_44_1884,10.919767,-0.55921346
c_1_44_1885,10.130356,-1.3452065
c_1_44_1886,10.8611145,-2.7892683
c_1_44_1889,10.7308445,-0.49315745
c_1_44_1890,11.834277,-0.36486116
c_1_44_1891,11.130699,-0.90368354
c_1_44_1892,11.424451,-0.81759775
c_1_44_1893,7.714038,1.5995694
c_1_44_1894,12.075198,-0.7761595
c_1_44_1895,8.904135,1.7402697
c_1_44_1896,9.864413,2.436542
c_1_44_1897,12.108969,1.6329603
c_1_44_1898,10.991273,0.6670776
c_1_44_1899,11.520596,-0.92986137
c_1_44_1900,10.946931,-1.1023248
c_1_44_1901,12.541576,-0.13005094
c_1_44_1902,13.475392,1.1685481
c_1_44_1903,9.597455,4.9900393
c_1_44_1904,13.065272,-0.3478818
c_1_44_1905,10.295511,1.3229163
c_1_44_1906,10.190369,0.09597439
c_1_44_1907,11.061173,4.125669
c_1_44_1908,9.453929,-0.23764528
c_1_44_1909,10.466533,2.6495159
c_1_44_1910,11.766845,-0.80987096
c_1_44_1911,10.142241,-2.2819505
c_1_44_1912,10.66338,1.7130067
c_1_44_1913,11.46127,0.15193719
c_1_44_1914,10.5361595,-1.20008
c_1_44_1915,12.629025,1.8989246
c_1_44_1916,10.696367,-0.14149576
c_1_44_1917,9.961083,3.004844
c_1_44_1918,8.804432,2.9227479
c_1_44_1919,10.35292,0.6047067
c_1_44_1920,11.385384,-0.33412945
c_1_44_1921,9.444054,1.6209397
c_1_44_1922,9.265446,0.5881632
c_1_44_1923,11.347006,4.0680285
c_1_44_1924,9.582425,2.6102514
c_1_44_1925,11.592087,3.8836775
c_1_44_1926,10.930143,-0.57074404
c_1_44_1927,9.178133,1.0823094
c_1_44_1928,9.911789,2.3981411
c_1_44_1929,11.379526,-1.2444525
c_1_44_1930,9.7584305,0.6062165
c_1_44_1931,9.792086,0.958009
c_1_44_1932,11.447562,-1.5124711
c_1_44_1933,11.339704,-0.89923215
c_1_44_1934,11.737451,4.9082804
c_1_44_1935,8.06852,4.063161
c_1_44_1936,11.4985285,-1.5048416
c_1_44_1937,8.771816,1.4772862
c_1_44_1938,8.360427,2.2183137
c_1_44_1939,9.1807,1.2803946
c_1_44_1940,9.85552,-0.12443479
c_1_44_1941,10.770784,-0.23160817
c_1_44_1942,11.77317,-2.9267647
c_1_44_1943,10.980933,-0.08698508
c_1_44_1944,9.634019,4.927153
c_1_44_1945,10.277204,1.8820952
c_1_44_1946,10.952192,2.8451927
c_1_44_1947,7.691385,3.7039583
c_1_44_1948,10.954928,-1.9980233
c_1_44_1949,10.877885,-1.771836
c_1_44_1950,8.357045,2.1312237
c_1_44_1951,12.486264,5.3947935
c_1_44_1952,11.422204,2.3324509
c_1_44_1953,9.770817,0.2593477
c_1_44_1954,9.730033,0.8361531
c_1_44_1955,8.818115,4.4996805
c_1_44_1956,10.078252,-2.3589838
c_1_44_1957,8.260811,-0.054367553
c_1_44_1958,9.929456,1.3053976
c_1_44_1959,14.713602,5.0528455
c_1_44_1960,11.496381,-2.632605
c_1_44_1961,9.650341,-1.4285328
c_1_44_1962,8.043475,-0.31292352
c_1_44_1963,12.573744,4.172613
c_1_44_1964,11.6101265,2.1442804
c_1_44_1965,8.078243,4.121337
c_1_44_1966,10.277578,-0.22043456
c_1_44_1967,11.816,-2.6998322
c_1_44_1968,11.190135,-1.0558605
c_1_44_1969,9.394538,3.1448133
c_1_44_1970,12.586714,0.6271631
c_1_44_1971,12.317549,3.9852066
c_1_44_1972,13.000566,1.8522444
c_1_44_1973,9.991232,0.2560012
c_1_44_1974,8.662083,-0.8037172
c_1_44_1975,11.293799,-0.9035588
c_1_44_1976,11.314446,-0.58887213
c_1_44_1977,11.530788,0.026315693
c_1_44_1978,13.063922,-1.5697958
c_1_44_1979,11.337179,-2.6270335
c_1_44_1980,11.253809,-0.52394116
c_1_44_1981,9.905426,-2.0612822
c_1_44_1982,7.27416,2.0267496
c_1_44_1983,11.415573,-0.9140464
c_1_44_1984,10.776922,-0.7029386
c_1_44_1985,11.012479,2.347667
c_1_44_1986,9.777437,-0.64464736
c_1_44_1987,11.914845,0.121056765
c_1_44_1988,12.089918,4.6746535
c_1_44_1989,12.858466,5.068679
c_1_44_1990,10.318446,-2.214934
c_1_44_1991,11.442598,2.7307172
c_1_44_1992,10.895942,-0.4349292
c_1_44_1993,11.078171,0.15914258
c_1_44_1994,13.779052,3.3672888
c_1_44_1995,9.325235,-0.9489306
c_1_44_1996,8.848229,0.9798654
c_1_44_1997,11.294321,2.3242369
c_1_44_1998,8.429293,-0.722658
c_1_44_1999,10.366777,0.8081124
c_1_44_2000,11.802128,-2.0888546
c_1_44_2001,10.63282,-0.9028242
c_1_44_2002,9.065227,2.1802995
c_1_44_2003,13.187671,0.8241623
c_1_44_2004,11.928633,-0.5694945
c_1_44_2005,8.351289,2.120502
c_1_44_2006,7.5288963,3.2334623
c_1_44_2007,11.260742,-0.14854966
c_1_44_2008,10.010903,1.7953628
c_1_44_2009,8.554184,3.091269
c_1_44_2010,11.883267,-3.531952
c_1_44_2011,10.811422,-3.0826287
c_1_44_2012,10.518001,-1.0850298
c_1_44_2013,12.262578,4.4615455
c_1_44_2014,11.2399025,-1.3255097
c_1_44_2015,12.594362,5.2851586
c_1_44_2016,11.745776,2.7213364
c_1_44_2017,10.014168,-1.9697737
c_1_44_2018,11.868456,2.9362419
c_1_44_2019,11.699462,-2.4231572
c_1_44_2020,11.526978,-3.5147042
c_1_44_2021,7.8631134,0.7453732
c_1_44_2022,10.579208,0.7255175
c_1_44_2023,10.233011,0.3709625
c_1_44_2024,8.901212,3.1254277
c_1_44_2025,11.696207,-2.3849847
c_1_44_2026,10.438615,-1.8730808
c_1_44_2027,11.713293,-3.3588727
c_1_44_2028,10.196426,-0.3082135
c_1_44_2029,8.817556,4.0644236
c_1_44_2030,10.106783,1.8494618
c_1_44_2031,8.320556,2.5838764
c_1_44_2032,7.817367,2.9352407
c_1_44_2033,10.819331,0.46869388
c_1_44_2034,11.020099,-0.64091694
c_1_44_2035,10.628981,0.81425786
c_1_44_2036,9.403983,1.6586165
c_1_44_2037,10.252431,2.1022966
c_1_44_2038,9.702348,3.0402224
c_1_44_2039,11.1548815,-2.81723
c_1_44_2040,11.0755825,2.458552
c_1_44_2041,12.105723,4.4320188
c_1_44_2042,8.9912815,2.1826715
c_1_44_2043,11.884542,2.936693
c_1_44_2044,12.759803,5.551666
c_1_44_2045,13.128445,2.656386
c_1_44_2046,12.094156,3.2457035
c_1_44_2047,10.826504,-1.3933003
c_1_44_2048,8.900325,-0.01642275
c_1_44_2049,11.762144,-3.4878955
c_1_44_2050,10.755746,-0.63011205
c_1_44_2051,9.931452,0.37845406
c_1_44_2052,14.080858,5.5878415
c_1_44_2053,11.101426,0.23775
c_1_44_2054,10.873526,1.8144892
c_1_44_2055,14.992269,3.8822355
c_1_44_2056,10.618131,1.3645822
c_1_44_2057,8.479795,3.2478092
c_1_44_2058,10.336385,-0.3537264
c_1_44_2059,11.241768,-2.4479609
c_1_44_2060,9.062627,1.7892029
c_1_44_2061,9.952147,0.092373975
c_1_44_2062,12.004778,-1.5036855
c_1_44_2063,9.954302,1.0487632
c_1_44_2064,12.000198,0.2865195
c_1_44_2065,13.463148,3.6798046
c_1_44_2066,8.822613,1.0507392
c_1_44_2067,11.751761,-3.50413
c_1_44_2068,10.728429,-0.19755587
c_1_44_2069,13.9665575,0.65837127
c_1_44_2070,11.748484,0.9700515
c_1_44_2071,10.732438,-2.7689955
c_1_44_2072,12.123389,-2.8063383
c_1_44_2073,7.827504,-0.35060132
c_1_44_2075,9.473641,3.8404343
c_1_44_2076,9.222409,0.2881239
c_1_44_2077,11.492274,-1.1555037
c_1_44_2078,10.647819,-1.69379
c_1_44_2079,7.143817,1.2871417
c_1_44_2080,11.31586,-0.72384256
c_1_44_2081,11.112896,-0.034777083
c_1_44_2082,9.70049,1.1136125
c_1_44_2083,10.644167,-1.671609
c_1_44_2084,10.45898,2.6635578
c_1_44_2085,11.602257,-1.2480439
c_1_44_2086,8.821784,-0.7347816
c_1_44_2087,11.010666,-0.8874255
c_1_44_2088,13.7946205,1.4136703
c_1_44_2089,11.233551,-0.7714881
c_1_44_2090,11.144656,2.5917625
c_1_44_2091,11.62627,-2.9078262
c_1_44_2092,12.001224,-0.61702406
c_1_44_2093,11.424081,-0.9496335
c_1_44_2094,9.711338,-0.38838106
c_1_44_2095,11.615017,-2.3061473
c_1_44_2096,10.221193,2.0458384
c_1_44_2097,11.083524,-0.54915845
c_1_44_2098,11.583843,-1.8553991
c_1_44_2099,10.2884035,-0.39440393
c_1_44_2100,9.734181,0.6665289
c_1_44_2101,8.781205,2.2779713
c_1_44_2102,10.63629,-0.29395482
c_1_44_2103,11.02025,-0.82276046
c_1_44_2104,12.286601,3.638898
c_1_44_2105,11.1379795,-1.6140723
c_1_44_2106,8.00366,2.8017154
c_1_44_2107,12.009184,5.3451467
c_1_44_2109,11.415233,2.9347277
c_1_44_2110,7.6808267,1.8734558
c_1_44_2111,10.327979,-2.6582325
c_1_44_2112,9.885265,1.5595874
c_1_44_2113,12.864331,2.210651
c_1_44_2114,10.867693,-0.8318159
c_1_44_2115,12.3380165,1.4574231
c_1_44_2116,9.823332,-0.34242642
c_1_44_2117,8.514616,1.4911903
c_1_44_2118,11.5124035,-2.420727
c_1_44_2119,12.38101,4.072981
c_1_44_2120,13.361091,3.5906312
c_1_44_2121,14.540855,1.7302191
c_1_44_2122,8.118391,1.2028881
c_1_44_2123,9.179016,-1.123855
c_1_44_2124,10.153148,-0.036070615
c_1_44_2125,14.112714,1.6335704
c_1_44_2126,12.163532,-1.2126632
c_1_44_2127,11.857152,3.5516875
c_1_44_2128,12.57034,5.591848
c_1_44_2129,10.970669,0.079362065
c_1_44_2130,11.721045,-0.07918795
c_1_44_2131,11.48927,-0.36252132
c_1_44_2132,11.128035,-0.5542181
c_1_44_2133,11.866947,4.225997
c_1_44_2134,12.739063,-0.82974464
c_1_44_2135,10.931844,-2.17216
c_1_44_2136,12.902997,1.4302037
c_1_44_2137,11.683546,-3.1108427
c_1_44_2138,12.279104,3.373011
c_1_44_2139,14.549924,1.8860453
c_1_44_2140,9.512398,-1.7650223
c_1_44_2141,11.109216,-0.2857673
c_1_44_2142,11.650655,1.6998818
c_1_44_2143,9.4888115,-0.3091741
c_1_44_2144,12.172056,5.212626
c_1_44_2145,10.924635,-0.18611254
c_1_44_2146,12.010874,-2.9062116
c_1_44_2147,10.504551,-1.015483
c_1_44_2148,11.2725525,3.3293238
c_1_44_2149,10.733566,-0.6660536
c_1_44_2150,11.489299,-0.48806772
c_1_44_2151,11.179654,-1.1364993
c_1_44_2152,11.736218,-3.4218664
c_1_44_2153,9.054962,0.41860622
c_1_44_2154,14.0662365,2.6292906
c_1_44_2155,9.498109,2.3566792
c_1_44_2156,8.062192,2.9126391
c_1_44_2157,11.305467,-0.39617798
c_1_44_2158,12.103917,-0.043437127
c_1_44_2159,11.344029,0.8341734
c_1_44_2160,11.661984,2.5787299
c_1_44_2161,11.695771,-0.83503395
c_1_44_2162,13.794994,4.5075197
c_1_44_2163,7.1950965,1.31202
c_1_44_2164,11.529053,-3.121739
c_1_44_2165,12.565678,4.5046725
c_1_44_2166,12.441573,-0.6812591
c_1_44_2167,9.427714,1.0199997
c_1_44_2168,10.030962,1.8964385
c_1_44_2169,13.976885,4.512214
c_1_44_2170,11.614981,-1.642963
c_1_44_2171,10.575321,2.8021684
c_1_44_2172,11.756319,2.0634413
c_1_44_2173,12.549286,2.4310653
c_1_44_2174,10.296534,-1.4916041
c_1_44_2175,13.532026,-0.2598813
c_1_44_2176,9.311229,1.1214341
c_1_44_2177,11.397704,-2.8770895
c_1_44_2178,10.982714,3.2226913
c_1_44_2179,10.862769,-0.87198395
c_1_44_2180,13.930676,4.9913616
c_1_44_2181,10.055592,1.313299
c_1_44_2182,13.669655,4.933728
c_1_44_2183,13.929141,4.363218
c_1_44_2184,10.223502,-0.9674614
c_1_44_2185,9.229704,0.36429614
c_1_44_2186,11.784706,2.5192628
c_1_44_2187,11.023518,-1.4974182
c_1_44_2188,10.843429,-0.9883693
c_1_44_2189,9.638756,0.26755497
c_1_44_2190,11.921617,-0.5036486
c_1_44_2191,8.9105625,2.7472773
c_1_44_2192,8.704579,2.1334505
c_1_44_2193,9.543971,-0.14655375
c_1_44_2194,11.444451,-1.2108254
c_1_44_2195,10.7308855,1.3962699
c_1_44_2196,11.076342,-0.7324854
c_1_44_2197,11.339236,1.9239833
c_1_44_2198,12.289481,4.304676
c_1_44_2199,12.657192,0.3436229
c_1_44_2200,10.908928,0.6829973
c_1_44_2201,11.077421,3.605077
c_1_44_2202,11.748092,-2.524503
c_1_44_2203,10.005418,-0.6570246
c_1_44_2204,11.013862,-0.22451703
c_1_44_2205,10.706026,-0.9070146
c_1_44_2206,12.191264,4.3737345
c_1_44_2207,9.310929,3.7322853
c_1_44_2208,9.357745,-0.8566411
c_1_44_2209,8.80693,-0.87347317
c_1_44_2210,11.121554,-0.52976775
c_1_44_2211,11.347606,3.4599187
c_1_44_2212,12.58065,-0.8496225
c_1_44_2213,11.0757265,-0.6340331
c_1_44_2214,8.210512,1.9173037
c_1_44_2215,10.51359,-0.7365337
c_1_44_2216,14.60196,4.311894
c_1_44_2217,8.817529,3.1719081
c_1_44_2218,10.334889,4.512436
c_1_44_2219,12.186753,5.2732997
c_1_44_2220,10.819526,0.5875749
c_1_44_2221,10.704039,2.740694
c_1_44_2222,11.11925,0.5021124
c_1_44_2223,11.510865,-1.7627432
c_1_44_2224,11.822941,-2.7838686
c_1_44_2225,10.149665,1.2084846
c_1_44_2226,9.817332,-1.1575507
c_1_44_2227,9.3425455,3.246262
c_1_44_2228,7.4192815,3.728815
c_1_44_2229,11.559875,-0.5487922
c_1_44_2230,8.269275,0.62249035
c_1_44_2231,10.858919,3.34705
c_1_44_2232,9.959305,-1.7565145
c_1_44_2233,9.860755,0.53970736
c_1_44_2234,10.789525,0.35954717
c_1_44_2235,11.545251,-2.766745
c_1_44_2236,9.564769,4.031545
c_1_44_2237,11.850448,0.10072146
c_1_44_2238,11.140836,-2.8872662
c_1_44_2239,11.30653,-0.7094059
c_1_44_2240,9.109725,3.9430563
c_1_44_2241,11.729427,-0.4628978
c_1_44_2242,10.68988,2.7709565
c_1_44_2243,13.778473,1.2489022
c_1_44_2244,12.461066,-0.014075769
c_1_44_2245,10.388336,-0.41193238
c_1_44_2246,8.70702,1.535713
c_1_44_2247,7.9727955,1.5190084
c_1_44_2248,11.402422,-1.6819844
c_1_44_2249,11.333876,-1.5992956
c_1_44_2250,11.630752,-0.5009889
c_1_44_2252,11.733681,3.6551836
c_1_44_2253,8.128881,3.5013244
c_1_44_2254,12.711888,1.467279
c_1_44_2255,12.372365,-1.1998094
c_1_44_2256,10.256756,4.772652
c_1_44_2257,8.7889185,-0.703141
c_1_44_2258,11.118345,-0.98341656
c_1_44_2259,11.475169,-2.106425
c_1_44_2260,11.099926,0.9850881
c_1_44_2261,11.82807,-0.74804413
c_1_44_2262,11.101349,-1.0135769
c_1_44_2263,11.750369,-1.0618856
c_1_44_2264,13.187316,4.220862
c_1_44_2265,9.962383,-0.778081
c_1_44_2266,10.966157,-1.4685287
c_1_44_2267,11.816132,-3.1574643
c_1_44_2268,11.494693,-1.6536988
c_1_44_2269,11.54811,-0.8292074
c_1_44_2270,12.373139,4.296648
c_1_44_2271,11.948607,-3.7829783
c_1_44_2272,11.844184,-3.6020653
c_1_44_2273,13.224034,3.9072187
c_1_44_2274,11.209489,-2.2761393
c_1_44_2275,8.453541,0.21841444
c_1_44_2276,10.575893,2.8129518
c_1_44_2277,11.510939,-0.18611456
c_1_44_2278,14.480382,1.5053992
c_1_44_2279,8.178423,1.8961382
c_1_44_2280,10.456002,2.9222183
c_1_44_2281,10.827525,-0.66097164
c_1_44_2282,10.691215,1.015112
c_1_44_2283,10.346305,-0.87327904
c_1_44_2284,11.066735,0.81051266
c_1_44_2285,10.097376,-0.004672755
c_1_44_2286,11.7829685,-2.258975
c_1_44_2287,10.424744,1.8804568
c_1_44_2288,8.707803,0.58734727
c_1_44_2289,9.524408,1.1396247
c_1_44_2290,14.299491,5.144714
c_1_44_2291,10.957952,-2.2499032
c_1_44_2292,11.502233,-0.65226156
c_1_44_2293,9.500066,0.13524584
c_1_44_2294,13.391171,4.88602
c_1_44_2295,11.546254,-0.8904966
c_1_44_2296,13.146712,4.5561504
c_1_44_2297,7.6358285,2.2301059
c_1_44_2298,11.296408,-0.045377336
c_1_44_2299,10.501416,1.7880944
c_1_44_2300,9.958417,-0.7740096
c_1_44_2301,10.437557,-1.609143
c_1_44_2302,9.813186,3.8057017
c_1_44_2303,11.667221,-2.5767388
c_1_44_2304,6.7593503,-0.92502195
c_1_44_2305,11.360708,-0.74435306
c_1_44_2306,11.905399,2.6983738
c_1_44_2307,11.216189,-1.3130866
c_1_44_2308,13.077325,4.2095456
c_1_44_2309,9.12596,1.3277998
c_1_44_2310,9.853973,0.39372683
c_1_44_2311,11.588268,-1.0123941
c_1_44_2312,11.470198,-1.8417782
c_1_44_2313,11.386908,-0.4303052
c_1_44_2314,11.050843,3.9278302
c_1_44_2315,11.360026,-0.45837072
c_1_44_2316,11.788712,-0.6153898
c_1_44_2317,12.556804,0.025112817
c_1_44_2318,10.613473,-1.150876
c_1_44_2319,11.893811,1.8985184
c_1_44_2320,8.386169,3.6114762
c_1_44_2321,11.647935,-1.0081252
c_1_44_2322,11.3743925,-0.67106825
c_1_44_2323,10.699764,2.5274973
c_1_44_2324,8.364287,3.4162283
c_1_44_2325,8.550562,1.5044852
c_1_44_2326,11.389829,-1.698883
c_1_44_2327,9.387025,2.6052506
c_1_44_2328,11.604241,-1.427775
c_1_44_2329,9.689122,-0.48851123
c_1_44_2330,7.175254,-0.96353346
c_1_44_2331,10.191908,3.1802564
c_1_44_2332,12.984501,1.1542107
c_1_44_2333,11.51139,-0.06372765
c_1_44_2334,12.329167,-0.8353158
c_1_44_2335,10.657042,2.9126945
c_1_44_2336,11.332798,-0.77332413
c_1_44_2337,11.083842,-1.040712
c_1_44_2338,11.235477,0.051357176
c_1_44_2339,11.334806,-1.4897246
c_1_44_2340,8.275661,3.1583283
c_1_44_2341,9.053389,1.3408489
c_1_44_2342,13.736402,4.685374
c_1_44_2343,11.59562,-2.4204268
c_1_44_2344,12.794823,-0.9317844
c_1_44_2345,11.750592,-1.4321443
c_1_44_2346,12.404871,1.3641216
c_1_44_2347,12.259417,-0.47538343
c_1_44_2348,10.781421,-0.46388072
c_1_44_2349,9.768859,-2.4174893
c_1_44_2350,11.180141,1.7516352
c_1_44_2351,11.422874,-0.88598907
c_1_44_2352,10.685965,-0.94080967
c_1_44_2353,11.236704,-2.5132153
c_1_44_2354,12.097027,0.5861214
c_1_44_2355,10.024822,3.1684005
c_1_44_2356,8.497101,2.9872415
c_1_44_2357,13.112818,1.2287943
c_1_44_2358,11.857777,-3.0352426
c_1_44_2359,11.108434,-0.19333959
c_1_44_2360,10.791461,-0.317052
c_1_44_2361,12.198669,3.1423047
c_1_44_2362,9.288921,1.078398
c_1_44_2363,11.310883,0.57843757
c_1_44_2364,11.499552,-0.820502
c_1_44_2365,11.636016,0.9278013
c_1_44_2366,11.444552,1.6241645
c_1_44_2367,7.844877,0.108300194
c_1_44_2368,10.996955,0.7815543
c_1_44_2369,11.550021,-0.69891965
c_1_44_2370,9.39929,-1.2030219
c_1_44_2371,10.598101,1.5009784
c_1_44_2372,7.708744,3.138513
c_1_44_2373,10.852178,-1.596808
c_1_44_2374,11.619441,-1.239656
c_1_44_2375,9.8917465,3.3314416
c_1_44_2376,13.099678,-0.6625644
c_1_44_2377,11.233269,-0.82495254
c_1_44_2378,8.73182,2.0237834
c_1_44_2379,10.71059,0.35099366
c_1_44_2380,12.105555,5.6533923
c_1_44_2381,8.404909,1.9907485
c_1_44_2382,11.429877,-0.18178505
c_1_44_2383,11.651691,-2.07704
c_1_44_2384,8.617075,1.0478374
c_1_44_2385,10.397953,0.9983771
c_1_44_2386,11.421661,-0.62356925
c_1_44_2387,10.19217,2.1688187
c_1_44_2388,8.945209,0.33487552
c_1_44_2389,9.480611,0.2052575
c_1_44_2390,9.927088,1.2071338
c_1_44_2391,11.279088,-1.0526037
c_1_44_2392,10.842702,3.4745023
c_1_44_2393,10.300649,1.295767
c_1_44_2394,10.534201,-2.4637356
c_1_44_2395,10.121883,0.6377844
c_1_44_2396,9.480364,-0.19088158
c_1_44_2397,10.659689,-0.78131264
c_1_44_2398,11.564812,-1.7367164
c_1_44_2399,11.004902,-0.5981359
c_1_44_2400,9.54666,1.8083593
c_1_44_2401,10.798893,3.7675393
c_1_44_2402,10.143671,3.9003818
c_1_44_2403,10.937788,1.2983869
c_1_44_2404,7.436893,0.2534158
c_1_44_2405,10.823927,-0.8528423
c_1_44_2406,11.094881,-0.031260878
c_1_44_2407,11.555248,-3.1924272
c_1_44_2408,11.175795,-1.0861442
c_1_44_2409,11.204214,-0.68819934
c_1_44_2410,9.608159,3.5765917
c_1_44_2411,12.32879,1.4543276
c_1_44_2412,11.641791,3.6256797
c_1_44_2413,10.123273,-2.0213675
c_1_44_2414,12.241438,0.63525015
c_1_44_2415,9.618378,0.3599568
c_1_44_2416,12.227857,4.3030148
c_1_44_2417,13.343629,4.4187083
c_1_44_2418,11.714369,-2.0934255
c_1_44_2419,7.4180036,-0.15613095
c_1_44_2420,10.784526,1.7423505
c_1_44_2421,6.3328786,0.083279796
c_1_44_2422,11.246544,-2.6408055
c_1_44_2423,12.084789,-0.8193502
c_1_44_2424,7.823665,0.64582396
c_1_44_2425,7.6528225,1.4063462
c_1_44_2426,7.843874,1.9095216
c_1_44_2427,13.52541,1.2288259
c_1_44_2428,9.033415,2.905816
c_1_44_2429,9.391473,-0.4851276
c_1_44_2430,11.265995,-3.035173
c_1_44_2431,11.393167,1.99183
c_1_44_2432,8.978383,0.3375298
c_1_44_2433,11.266368,3.455619
c_1_44_2434,10.680149,-0.5198384
c_1_44_2435,11.750405,-2.9006305
c_1_44_2436,9.646234,2.0613284
c_1_44_2437,11.894135,-1.1479028
c_1_44_2438,12.360907,-0.123992085
c_1_44_2439,11.580089,-2.7777805
c_1_44_2440,11.013824,-2.4200947
c_1_44_2441,11.983354,-2.3450587
c_1_44_2442,11.259509,-1.4386858
c_1_44_2443,10.461741,-0.8416066
c_1_44_2444,11.493779,-2.480483
c_1_44_2445,11.959561,-3.1542144
c_1_44_2446,13.773658,5.2699695
c_1_44_2447,10.082089,-0.116062425
c_1_44_2448,10.311533,-0.11569032
c_1_44_2449,11.408677,-0.2656518
c_1_44_2450,14.5547,4.300287
c_1_44_2451,11.808071,-2.7576709
c_1_44_2452,10.863843,-0.25373763
c_1_44_2453,10.471388,0.38210228
c_1_44_2454,10.975343,-0.43764874
c_1_44_2455,10.63286,-0.25183627
c_1_44_2456,11.830548,1.0016922
c_1_44_2457,11.59264,4.0327854
c_1_44_2458,9.321478,3.0838623
c_1_44_2459,10.5564165,1.0404007
c_1_44_2460,11.518181,-1.8560473
c_1_44_2461,9.1854925,1.6942605
c_1_44_2462,9.131716,0.22049266
c_1_44_2463,10.04967,3.342452
c_1_44_2464,10.610361,3.8970625
c_1_44_2465,11.468752,-3.0253792
c_1_44_2466,10.485264,3.6056578
c_1_44_2467,12.155769,-1.3733869
c_1_44_2468,9.889224,1.9160798
c_1_44_2469,10.761263,-0.9297318
c_1_44_2470,9.943779,-1.2857933
c_1_44_2471,11.498007,-1.5401222
c_1_44_2472,11.33797,4.181871
c_1_44_2474,11.227707,-2.7622478
c_1_44_2475,10.563858,-1.4346126
c_1_44_2476,11.830935,-2.7240317
c_1_44_2477,10.314496,-1.5405632
c_1_44_2479,11.08494,2.701258
c_1_44_2481,11.398134,-2.289625
c_1_44_2482,11.324547,-0.3895191
c_1_45_1,6.3133464,3.3525584
c_1_45_2,10.4787445,1.6173431
c_1_45_3,10.471939,3.48092
c_1_45_4,10.382476,3.5312927
c_1_45_5,14.208228,3.1258547
c_1_45_6,10.2762165,5.4843736
c_1_45_7,14.218024,3.2921898
c_1_45_8,10.647226,3.792659
c_1_45_9,9.341068,3.5724683
c_1_45_10,9.706218,5.081874
c_1_45_11,9.126227,3.9526427
c_1_45_12,5.2335663,3.2714648
c_1_45_13,9.2559,5.099212
c_1_45_14,14.251667,1.7293342
c_1_45_15,10.60497,3.2663827
c_1_45_16,8.9854145,3.8683283
c_1_45_17,9.098315,3.623631
c_1_45_18,9.968319,5.095832
c_1_45_19,8.951725,1.5933901
c_1_45_20,9.324876,4.426246
c_1_45_21,7.6173353,4.024191
c_1_45_22,11.437575,4.254212
c_1_45_23,10.212461,3.941014
c_1_45_24,8.600126,5.306006
c_1_45_25,10.426182,2.5142622
c_1_45_26,9.857297,2.8510237
c_1_45_27,8.140964,4.443401
c_1_45_28,10.375124,4.511405
c_1_45_29,10.901857,4.551107
c_1_45_30,10.200148,5.2035227
c_1_45_31,8.86292,3.9879236
c_1_45_32,10.860284,4.3535075
c_1_45_33,9.634768,5.378182
c_1_45_34,10.244306,4.432879
c_1_45_35,8.534417,1.9042525
c_1_45_36,8.7436695,4.4013977
c_1_45_37,9.715225,3.0379002
c_1_45_38,11.6203785,4.6378493
c_1_45_39,9.424168,4.4667015
c_1_45_40,8.810783,3.239361
c_1_45_41,12.364925,4.9256706
c_1_45_42,9.411726,2.5123339
c_1_45_43,7.7621665,4.3674273
c_1_45_44,8.812515,3.2428532
c_1_45_45,9.393241,5.286625
c_1_45_46,9.599728,5.6854234
c_1_45_47,8.633108,3.9398828
c_1_45_48,9.49977,2.681215
c_1_45_49,5.6999273,2.9470599
c_1_45_50,9.915213,4.101544
c_1_45_51,10.087313,4.360701
c_1_45_52,12.523399,5.5472035
c_1_45_53,14.651325,5.420197
c_1_45_54,8.76209,3.8107355
c_1_45_55,7.989387,4.2793155
c_1_45_56,10.963577,3.8362203
c_1_45_57,11.172917,3.481428
c_1_45_58,10.047674,3.9712434
c_1_45_59,8.373299,4.477376
c_1_45_60,11.1464815,0.2578889
c_1_45_61,10.108675,4.8020325
c_1_45_62,8.39636,4.4225283
c_1_45_63,8.706723,3.780989
c_1_45_64,9.516255,3.1981537
c_1_45_65,9.719482,4.1590734
c_1_45_66,14.427901,4.5441594
c_1_45_67,9.235094,4.1502485
c_1_45_68,8.901958,2.8333435
c_1_45_69,10.165356,4.797795
c_1_45_70,9.303712,4.4315367
c_1_45_71,8.935444,4.670251
c_1_45_72,9.605434,4.4731617
c_1_45_73,8.60025,3.702042
c_1_45_74,12.6876135,2.1434114
c_1_45_75,9.605464,2.3810763
c_1_45_76,8.604447,3.791784
c_1_45_77,11.317422,3.1648917
c_1_45_78,9.488708,2.261015
c_1_45_79,9.328568,2.593427
c_1_45_80,8.566428,4.295454
c_1_45_81,13.429663,4.3706856
c_1_45_82,9.382812,3.283783
c_1_45_83,7.841616,4.0565953
c_1_45_84,11.880862,3.0863843
c_1_45_85,10.802214,3.304612
c_1_45_86,8.192676,3.693154
c_1_45_87,10.939613,4.5143995
c_1_45_88,13.643648,-0.92259455
c_1_45_89,8.836429,4.024369
c_1_45_90,9.190173,4.407037
c_1_45_91,10.375427,4.2843113
c_1_45_92,10.796927,5.2958097
c_1_45_93,10.39114,2.5110757
c_1_45_94,10.97717,2.4191296
c_1_45_95,8.446302,4.671675
c_1_45_96,8.774884,5.178026
c_1_45_97,9.626999,3.4985538
c_1_45_98,12.1841545,4.669147
c_1_45_99,7.7826333,3.8871286
c_1_45_100,8.228722,5.0548377
c_1_45_101,13.367444,2.917537
c_1_45_102,10.308985,4.9821877
c_1_45_103,9.420786,4.1609716
c_1_45_104,11.277462,4.089667
c_1_45_105,8.752736,0.55113435
c_1_45_106,9.192236,3.5601087
c_1_45_107,9.909375,3.759789
c_1_45_108,8.952447,2.8472137
c_1_45_109,9.285478,3.584271
c_1_45_110,9.001175,1.9207354
c_1_45_111,11.259559,2.3700936
c_1_45_112,9.792727,1.3345895
c_1_45_113,10.55591,3.5619025
c_1_45_114,13.356378,4.471509
c_1_45_115,9.957505,5.2301903
c_1_45_116,9.449564,3.98081
c_1_45_117,8.050256,3.8486464
c_1_45_118,10.544096,5.1509576
c_1_45_119,9.743461,3.9965289
c_1_45_120,9.283992,4.942343
c_1_45_121,8.874569,4.0756464
c_1_45_122,12.306338,3.2585244
c_1_45_123,9.061451,5.2070394
c_1_45_124,7.983059,4.630013
c_1_45_125,10.291618,4.261151
c_1_45_126,8.587708,3.15215
c_1_45_127,9.338779,4.0441217
c_1_45_128,11.751888,3.939961
c_1_45_129,13.350309,4.057958
c_1_45_130,8.880006,3.8634932
c_1_45_131,13.584978,3.079462
c_1_45_132,9.024016,3.3711712
c_1_45_133,9.500978,4.286401
c_1_45_134,8.48612,3.7154014
c_1_45_135,9.224772,4.1550736
c_1_45_136,9.887746,3.4221017
c_1_45_137,11.479391,3.3117063
c_1_45_138,8.035675,1.0636959
c_1_45_139,11.6173,4.8009124
c_1_45_140,8.6168165,3.4813888
c_1_45_141,11.487173,2.5460703
c_1_45_142,9.540318,2.5404158
c_1_45_143,7.6559086,4.1285195
c_1_45_144,8.124779,3.301055
c_1_45_145,9.389144,3.741561
c_1_45_146,8.444484,5.1209774
c_1_45_147,12.5927725,4.628062
c_1_45_148,10.041171,4.245793
c_1_45_149,8.349558,2.8155367
c_1_45_150,11.291541,3.6152194
c_1_45_151,7.726141,3.0523276
c_1_45_152,10.523959,2.8631966
c_1_45_153,8.78163,1.8159522
c_1_45_154,10.400402,3.4573252
c_1_45_155,10.50957,2.463886
c_1_45_156,12.503538,4.4253893
c_1_45_157,8.916489,3.8327734
c_1_45_158,8.668375,4.9602447
c_1_45_159,12.369117,2.845044
c_1_45_160,9.694509,5.208963
c_1_45_161,9.746798,0.32802695
c_1_45_162,12.072604,4.3448277
c_1_45_163,8.319488,2.0223575
c_1_45_164,10.204969,4.163321
c_1_45_165,8.087594,4.835308
c_1_45_166,8.991621,3.9663522
c_1_45_167,14.442331,4.308872
c_1_45_168,12.7270155,4.121147
c_1_45_169,9.350674,0.63041675
c_1_45_170,14.359236,1.5235095
c_1_45_171,11.057755,4.242862
c_1_45_172,12.801007,-0.36215016
c_1_45_173,12.652648,4.167828
c_1_45_174,7.9232645,3.6698356
c_1_45_175,10.705362,4.1281614
c_1_45_176,9.385346,2.3748565
c_1_45_177,6.2667184,2.9440188
c_1_45_178,8.860672,3.7916338
c_1_45_179,8.187718,0.8728733
c_1_45_180,10.099282,2.3856993
c_1_45_181,9.987608,4.6756287
c_1_45_182,11.226398,4.3460703
c_1_45_183,9.128417,3.7213004
c_1_45_184,9.484509,3.1486228
c_1_45_185,10.852811,3.1738179
c_1_45_186,12.315416,3.6691117
c_1_45_187,13.332204,2.177704
c_1_45_188,9.658685,3.9881084
c_1_45_189,8.836625,4.990437
c_1_45_190,9.681687,2.7307513
c_1_45_191,8.823214,4.6416283
c_1_45_192,9.776798,1.5352091
c_1_45_193,9.556346,4.376231
c_1_45_194,11.5442,3.2250285
c_1_45_195,8.889189,2.1486814
c_1_45_196,10.909609,3.704705
c_1_45_197,9.726673,5.2472634
c_1_45_198,10.306265,5.0278306
c_1_45_199,8.061742,4.609487
c_1_45_200,8.812019,2.4984715
c_1_45_201,8.8537655,4.4694266
c_1_45_202,9.224244,3.1023633
c_1_45_203,10.088051,5.0878572
c_1_45_204,10.495215,3.6798534
c_1_45_205,12.180683,2.7674649
c_1_45_206,13.891112,2.065018
c_1_45_207,11.603658,4.18383
c_1_45_208,9.047134,4.59688
c_1_45_209,12.800703,5.0091496
c_1_45_210,10.042963,1.6561629
c_1_45_211,8.975123,3.7312346
c_1_45_212,12.293683,2.0814826
c_1_45_213,9.814356,3.563895
c_1_45_214,8.548247,2.18793
c_1_45_215,12.882744,3.988597
c_1_45_216,10.247145,3.5195427
c_1_45_217,9.937993,3.9015176
c_1_45_218,9.645389,3.4363732
c_1_45_219,11.83125,4.4995394
c_1_45_220,6.3657904,2.1620646
c_1_45_221,8.3231,3.7972157
c_1_45_222,9.998858,4.2136927
c_1_45_223,11.853347,1.8507326
c_1_45_224,8.500456,4.300538
c_1_45_225,12.099276,2.8889663
c_1_45_226,9.469883,4.8700886
c_1_45_227,8.307779,4.4347754
c_1_45_228,8.874908,4.9887733
c_1_45_229,11.231378,3.4282322
c_1_45_230,9.695767,3.3362768
c_1_45_231,10.109194,4.645005
c_1_45_232,9.509755,4.9742947
c_1_45_233,10.073278,4.6308475
c_1_45_234,8.418682,4.134893
c_1_45_235,8.265145,5.1579485
c_1_45_236,9.326116,2.1002886
c_1_45_237,11.30548,3.1357644
c_1_45_238,10.345286,3.3579216
c_1_45_239,8.353295,3.914507
c_1_45_240,7.89822,1.8552529
c_1_45_241,9.062662,3.087337
c_1_45_242,11.52818,4.21951
c_1_45_243,12.120475,4.0066257
c_1_45_244,8.57877,4.4137726
c_1_45_245,9.306033,4.870177
c_1_45_246,10.813407,2.2089617
c_1_45_247,14.686225,4.7232423
c_1_45_248,7.9747534,3.616135
c_1_45_249,9.1497135,4.23072
c_1_45_250,8.713082,5.201137
c_1_45_251,10.901619,1.299753
c_1_45_252,9.441674,3.316874
c_1_45_253,10.59979,2.1993613
c_1_45_254,8.728015,3.5774639
c_1_45_255,10.4981,2.358992
c_1_45_256,10.963257,5.1337266
c_1_45_257,9.055302,4.580656
c_1_45_258,9.235102,5.2398224
c_1_45_259,12.230553,4.184728
c_1_45_260,12.989968,3.5354502
c_1_45_261,9.9260435,0.52043873
c_1_45_262,10.539025,0.92446697
c_1_45_263,9.797517,4.3367505
c_1_45_264,9.327557,4.6943116
c_1_45_265,8.728236,5.066133
c_1_45_266,10.025063,2.0067275
c_1_45_267,8.835079,3.2144845
c_1_45_268,10.48678,4.3776145
c_1_45_269,11.199182,0.05682873
c_1_45_270,9.871981,2.372367
c_1_45_271,13.042013,4.874771
c_1_45_272,11.693415,2.5047271
c_1_45_273,11.698407,1.3994471
c_1_45_274,9.677882,4.233713
c_1_45_275,12.675198,2.4720528
c_1_45_276,9.104427,5.1050043
c_1_45_277,11.905891,3.0058916
c_1_45_278,10.340433,4.012223
c_1_45_279,10.428343,3.1655443
c_1_45_280,8.466024,2.8193095
c_1_45_281,13.563051,3.437427
c_1_45_282,7.7985606,2.5673087
c_1_45_283,11.500483,2.830241
c_1_45_284,8.309663,4.427786
c_1_45_285,9.59871,3.6734786
c_1_45_286,8.291521,3.869737
c_1_45_287,8.128644,4.3983984
c_1_45_288,8.942332,5.579785
c_1_45_289,9.039957,3.824059
c_1_45_290,10.771503,4.6259446
c_1_45_291,9.341991,2.7998745
c_1_45_292,12.687733,2.0622895
c_1_45_293,13.194054,1.4075569
c_1_45_294,9.061126,4.734858
c_1_45_295,9.081152,3.0351336
c_1_45_296,14.954192,4.4994807
c_1_45_297,8.5789585,3.0988126
c_1_45_298,14.526172,4.141654
c_1_45_299,9.38473,1.5504559
c_1_45_300,12.691169,3.1577373
c_1_45_301,10.096031,4.3999815
c_1_45_302,11.825041,4.3280745
c_1_45_303,9.978674,5.0298543
c_1_45_304,9.02251,1.3787394
c_1_45_305,8.905113,4.94955
c_1_45_306,12.499398,3.251882
c_1_45_307,10.18144,3.4873478
c_1_45_308,9.835437,5.134286
c_1_45_309,11.395523,2.1787152
c_1_45_310,5.881229,3.2611423
c_1_45_311,9.029468,4.763537
c_1_45_312,8.852554,4.7996173
c_1_45_313,11.487148,4.1803045
c_1_45_314,9.715788,4.5953
c_1_45_315,11.323329,3.8756416
c_1_45_316,10.072072,3.7674987
c_1_45_317,9.156296,3.690988
c_1_45_318,9.558641,3.5022135
c_1_45_319,9.160273,2.9721763
c_1_45_320,13.929229,2.1677349
c_1_45_321,12.088131,3.4442446
c_1_45_322,8.553064,4.617689
c_1_45_323,12.350749,0.8027343
c_1_45_324,9.946572,3.131051
c_1_45_325,12.332885,3.9880953
c_1_45_326,10.440371,3.4828382
c_1_45_327,12.097878,4.2632027
c_1_45_328,8.304349,3.3987117
c_1_45_329,10.099221,3.530624
c_1_45_330,11.800892,1.5532866
c_1_45_331,11.07709,4.3721666
c_1_45_332,11.107264,3.56485
c_1_45_333,12.926077,1.991568
c_1_45_334,10.2725315,4.3123007
c_1_45_335,10.4948845,2.5197687
c_1_45_336,12.912086,2.1759465
c_1_45_337,10.176293,4.7673035
c_1_45_338,9.910369,4.4310937
c_1_45_339,13.251693,2.4792016
c_1_45_340,10.736786,3.6082392
c_1_45_341,9.173801,1.7878416
c_1_45_342,9.146496,4.989975
c_1_45_343,10.413217,3.02554
c_1_45_344,11.769822,3.054269
c_1_45_345,9.405839,4.661154
c_1_45_346,10.155582,5.261625
c_1_45_347,9.565153,3.4807618
c_1_45_348,10.973091,3.7087352
c_1_45_349,5.6279545,3.0430036
c_1_45_350,10.338313,4.249904
c_1_45_351,8.149488,4.4601073
c_1_45_352,9.635919,5.2260323
c_1_45_353,11.473814,3.6040032
c_1_45_354,9.432561,3.4615078
c_1_45_355,11.1294775,3.503411
c_1_45_356,8.62315,3.7973018
c_1_45_357,12.041556,2.0181634
c_1_45_358,13.673735,4.4719143
c_1_45_359,11.747635,4.3099484
c_1_45_360,11.387911,2.2315364
c_1_45_361,10.633746,4.150942
c_1_45_362,9.880508,4.5791764
c_1_45_363,8.553271,3.824759
c_1_45_364,13.13215,2.8347106
c_1_45_365,12.570666,2.8788214
c_1_45_366,10.637634,4.5267754
c_1_45_367,8.863021,4.2257
c_1_45_368,7.2963576,3.146847
c_1_45_369,13.775753,2.2135372
c_1_45_370,14.169848,4.7161384
c_1_45_371,8.796634,4.302501
c_1_45_372,9.697551,3.4910164
c_1_45_373,8.497686,4.5343647
c_1_45_374,8.724722,5.0109854
c_1_45_375,10.698255,1.3739067
c_1_45_376,9.548383,3.8781176
c_1_45_377,9.020429,5.2840075
c_1_45_378,9.3425255,4.841526
c_1_45_379,11.479699,0.88558286
c_1_45_380,8.193553,3.6446033
c_1_45_381,9.605976,4.784341
c_1_45_382,8.423192,4.9039903
c_1_45_383,8.847431,2.7135942
c_1_45_384,14.669877,4.125288
c_1_45_385,11.559209,2.6526873
c_1_45_386,9.00558,2.8084345
c_1_45_387,12.472611,3.9068618
c_1_45_388,8.610532,4.59335
c_1_45_389,11.617094,2.6301048
c_1_45_390,9.043466,5.017876
c_1_45_391,8.38646,2.3679874
c_1_45_392,13.518308,3.055613
c_1_45_393,11.247074,3.209327
c_1_45_394,13.227676,1.8397915
c_1_45_395,9.701517,4.286055
c_1_45_396,11.133987,4.408157
c_1_45_397,8.461378,5.022176
c_1_45_398,9.212429,4.99128
c_1_45_399,12.802911,3.6938295
c_1_45_400,9.495874,2.8461573
c_1_45_401,12.305775,5.3316684
c_1_45_402,8.583784,4.4605412
c_1_45_403,11.062709,4.645311
c_1_45_404,10.193535,2.6082265
c_1_45_405,14.697774,4.4227977
c_1_45_406,9.567231,2.293958
c_1_45_407,10.233802,3.551739
c_1_45_408,9.1626835,3.7711024
c_1_45_409,11.775093,2.3877063
c_1_45_410,12.741297,5.1259613
c_1_45_411,8.902279,5.389573
c_1_45_412,8.588346,4.649881
c_1_45_413,9.64828,4.853274
c_1_45_414,8.463523,3.5111668
c_1_45_415,9.352003,3.4096255
c_1_45_416,13.251471,4.3261075
c_1_45_417,9.243563,5.1580377
c_1_45_418,9.85973,2.02553
c_1_45_419,10.061193,4.5584736
c_1_45_420,6.031876,2.9603682
c_1_45_421,8.170284,4.28932
c_1_45_422,9.751096,3.9740431
c_1_45_423,8.878886,4.477615
c_1_45_424,10.611637,1.4100275
c_1_45_425,10.690837,2.7110953
c_1_45_426,11.829858,2.8467574
c_1_45_427,9.650506,4.4979444
c_1_45_428,9.374669,3.4827006
c_1_45_429,9.177166,5.4264126
c_1_45_430,10.895779,2.4290266
c_1_45_431,10.294243,4.9492087
c_1_45_432,9.034156,2.8903832
c_1_45_433,7.896633,4.870082
c_1_45_434,9.000228,4.7853565
c_1_45_435,12.99634,5.429755
c_1_45_436,12.457647,5.44532
c_1_45_437,10.409812,4.685694
c_1_45_438,14.629985,4.189509
c_1_45_439,6.531676,2.9825692
c_1_45_440,6.557075,2.7149575
c_1_45_441,8.1008835,4.580049
c_1_45_442,8.794858,4.177418
c_1_45_443,8.915982,4.1136456
c_1_45_444,8.487642,3.397968
c_1_45_445,10.360928,1.3671446
c_1_45_446,9.39873,4.5717406
c_1_45_447,9.562231,4.74373
c_1_45_448,7.9080625,1.8367075
c_1_45_449,9.945969,4.4153924
c_1_45_450,13.744205,1.2225183
c_1_45_451,10.239017,4.4871655
c_1_45_452,9.078919,4.414035
c_1_45_453,10.788115,4.617775
c_1_45_454,12.674166,4.4600873
c_1_45_455,10.601279,4.357424
c_1_45_456,9.683144,4.30808
c_1_45_457,11.392882,-0.12494878
c_1_45_458,11.589638,2.4167116
c_1_45_459,9.69558,4.7183733
c_1_45_460,8.477279,4.230668
c_1_45_461,10.812631,4.7858725
c_1_45_462,10.38803,3.3960218
c_1_45_463,8.682491,2.924731
c_1_45_464,13.350232,3.0283902
c_1_45_465,9.123219,3.3638911
c_1_45_466,9.174399,4.9583693
c_1_45_467,11.966818,5.0091248
c_1_45_468,10.621205,3.1874924
c_1_45_469,13.920651,5.5379667
c_1_45_470,11.4714155,4.825924
c_1_45_471,11.1031275,2.8184083
c_1_45_472,10.13236,0.9503031
c_1_45_473,12.942394,4.4741383
c_1_45_474,14.611755,4.2448287
c_1_45_475,9.00278,3.7502973
c_1_45_476,8.488109,5.1745696
c_1_45_477,8.8368635,1.8795228
c_1_45_478,13.995976,3.7841623
c_1_45_479,12.920486,3.927205
c_1_45_480,12.563096,2.2328176
c_1_45_481,9.262004,5.1413913
c_1_45_482,8.906635,4.32479
c_1_45_483,9.873551,5.483663
c_1_45_484,8.854538,4.0763164
c_1_45_485,13.825906,4.339472
c_1_45_486,9.775433,3.6883802
c_1_45_487,13.168556,1.6720983
c_1_45_488,11.601194,4.2093596
c_1_45_489,13.287697,4.2174172
c_1_45_490,8.257604,3.6263652
c_1_45_491,10.0851755,4.2909765
c_1_45_492,12.888444,2.5717902
c_1_45_493,8.684245,4.3359866
c_1_45_494,10.210939,4.677812
c_1_45_495,12.8141575,3.9474866
c_1_45_496,9.135134,3.449516
c_1_45_497,10.496569,2.9218676
c_1_45_498,8.76808,3.6893797
c_1_45_499,14.4669485,2.202149
c_1_45_500,11.841706,4.663812
c_1_45_501,11.462447,2.672246
c_1_45_502,10.029459,0.5382241
c_1_45_503,10.769213,0.3137953
c_1_45_504,9.791711,4.0431423
c_1_45_505,10.428206,3.9803405
c_1_45_506,9.006652,4.6351733
c_1_45_507,10.560211,4.392799
c_1_45_508,11.743926,-0.16634512
c_1_45_509,8.281922,3.2033017
c_1_45_510,8.783588,4.3291397
c_1_45_511,11.901797,4.202785
c_1_45_512,14.712155,4.0696354
c_1_45_513,9.837645,3.1834846
c_1_45_514,9.499932,4.306352
c_1_45_515,14.489499,4.427495
c_1_45_516,8.031283,3.8012698
c_1_45_517,8.714753,2.129975
c_1_45_518,9.062252,4.0263367
c_1_45_519,9.60518,3.6135488
c_1_45_520,8.566762,3.412886
c_1_45_521,8.884424,0.44039658
c_1_45_522,8.467979,5.2028675
c_1_45_523,8.777461,3.4236443
c_1_45_524,14.150829,1.5973797
c_1_45_525,8.7360115,3.8691452
c_1_45_526,14.453995,4.33379
c_1_45_527,10.447314,3.3688247
c_1_45_528,11.452549,2.322136
c_1_45_529,10.394883,3.2837954
c_1_45_530,8.733493,4.685972
c_1_45_531,12.703501,2.3630865
c_1_45_532,8.761229,2.2119796
c_1_45_533,13.033869,2.2377741
c_1_45_534,11.244023,3.001623
c_1_45_535,8.679631,4.664644
c_1_45_536,10.26245,4.9808345
c_1_45_537,9.548327,4.404649
c_1_45_538,9.821713,1.807392
c_1_45_539,9.004703,3.5993252
c_1_45_540,13.296645,4.326063
c_1_45_541,12.057275,1.7942346
c_1_45_542,14.824382,5.1358533
c_1_45_543,8.739301,2.9498925
c_1_45_544,10.186191,3.5968318
c_1_45_545,13.135217,4.7023816
c_1_45_546,9.545872,4.904086
c_1_45_547,11.667424,0.7258661
c_1_45_548,10.146919,4.397437
c_1_45_549,9.166206,3.9118085
c_1_45_550,8.586598,4.2903733
c_1_45_551,9.227456,3.686387
c_1_45_552,14.19495,1.6359861
c_1_45_553,11.028327,2.5889995
c_1_45_554,14.354174,4.230927
c_1_45_555,9.6166,2.1898742
c_1_45_556,14.443893,1.9080098
c_1_45_557,14.540437,4.684124
c_1_45_558,13.926264,1.4564368
c_1_45_559,9.8353,3.240139
c_1_45_560,10.553379,4.620538
c_1_45_561,11.7312565,4.6476746
c_1_45_562,13.285045,1.9222126
c_1_45_563,8.33442,3.2503858
c_1_45_564,8.406793,4.262609
c_1_45_565,8.408474,4.520746
c_1_45_566,9.906959,1.7004282
c_1_45_567,12.774156,1.5009258
c_1_45_568,13.766575,4.312828
c_1_45_569,8.864853,-1.0449495
c_1_45_570,11.375508,3.431482
c_1_45_571,8.305885,4.15103
c_1_45_572,12.096583,1.3138229
c_1_45_573,13.303934,2.4726403
c_1_45_574,13.833966,1.5611814
c_1_45_575,10.711188,4.271829
c_1_45_576,11.104565,3.958289
c_1_45_577,11.366812,4.92817
c_1_45_578,9.814176,3.4221995
c_1_45_579,11.771315,0.7445157
c_1_45_580,10.8657,3.6836216
c_1_45_581,10.9909115,4.5315075
c_1_45_582,13.40202,1.596189
c_1_45_583,8.576605,5.278761
c_1_45_584,11.551332,5.026998
c_1_45_585,12.142283,2.170529
c_1_45_586,12.78329,2.4426143
c_1_45_587,8.502899,4.794214
c_1_45_588,10.865525,4.498312
c_1_45_589,8.598215,1.5742038
c_1_45_590,11.728355,3.359285
c_1_45_591,14.302715,3.5904555
c_1_45_592,10.425314,3.0302885
c_1_45_593,10.973735,3.1650193
c_1_45_594,8.249655,4.2218103
c_1_45_595,10.198824,4.2948494
c_1_45_596,9.275199,4.195446
c_1_45_597,10.902694,0.7665792
c_1_45_598,10.818225,2.2586055
c_1_45_599,12.591478,4.5788617
c_1_45_600,8.484799,3.7079327
c_1_45_601,8.9450035,3.704504
c_1_45_602,11.925205,3.901557
c_1_45_603,8.647999,5.17241
c_1_45_604,9.511547,3.8856726
c_1_45_605,11.545664,3.869216
c_1_45_606,9.320142,3.8279245
c_1_45_607,12.167381,3.878175
c_1_45_608,12.977509,3.400562
c_1_45_609,12.624387,1.043666
c_1_45_610,9.506822,0.20822945
c_1_45_611,12.328663,3.61152
c_1_45_612,8.473672,2.0289183
c_1_45_613,10.578446,4.960826
c_1_45_614,9.207771,4.237356
c_1_45_615,12.912994,1.5482546
c_1_45_616,11.860913,1.6973637
c_1_45_617,11.029189,3.4292932
c_1_45_618,7.7667856,3.8528602
c_1_45_619,9.700253,5.065639
c_1_45_620,10.460618,3.4059153
c_1_45_621,9.422528,4.5689616
c_1_45_622,9.81451,5.1034417
c_1_45_623,11.335216,3.36313
c_1_45_624,9.949305,4.3212123
c_1_45_625,13.229678,3.938242
c_1_45_626,8.975381,3.6854892
c_1_45_627,9.276896,2.7718928
c_1_45_628,10.075417,3.23078
c_1_45_629,9.4305935,4.8200297
c_1_45_630,9.914591,4.039807
c_1_45_631,8.38216,3.01708
c_1_45_632,8.367396,3.9398437
c_1_45_633,11.219965,3.8186724
c_1_45_634,11.169456,3.5045285
c_1_45_635,8.53075,4.6836953
c_1_45_636,11.459742,4.72999
c_1_45_637,9.498953,1.8590584
c_1_45_638,8.821956,4.975893
c_1_45_639,9.126294,2.948587
c_1_45_640,12.4450245,1.7725245
c_1_45_641,12.973398,3.812292
c_1_45_642,9.589041,1.1860493
c_1_45_643,11.085391,3.861891
c_1_45_644,14.820455,4.0884724
c_1_45_645,10.261028,3.8473759
c_1_45_646,8.572865,3.4582446
c_1_45_647,11.112583,0.97231734
c_1_45_648,7.7240486,3.6082456
c_1_45_649,9.127216,3.904618
c_1_45_650,10.339843,2.7109218
c_1_45_651,9.07968,4.6233034
c_1_45_652,12.543367,2.061169
c_1_45_653,11.892499,3.5839217
c_1_45_654,10.101933,5.214068
c_1_45_655,9.623546,5.0411677
c_1_45_656,10.512591,2.8177288
c_1_45_657,11.635141,3.5683908
c_1_45_658,11.445475,1.7205565
c_1_45_659,9.1682205,1.2672012
c_1_45_660,10.002626,4.5347114
c_1_45_661,10.121317,1.0793607
c_1_45_662,9.890847,4.564952
c_1_45_663,8.42068,4.945041
c_1_45_664,9.325643,3.778763
c_1_45_665,10.117092,5.2484074
c_1_45_666,9.2593,4.3572855
c_1_45_667,8.9660845,4.7338953
c_1_45_668,8.692531,4.308372
c_1_45_669,8.448327,4.3373885
c_1_45_670,8.211903,4.2937093
c_1_45_671,9.178057,4.930682
c_1_45_672,10.473021,4.385147
c_1_45_673,10.171399,1.2810576
c_1_45_674,12.82186,5.9729624
c_1_45_675,11.002016,4.3136516
c_1_45_676,9.337072,3.6188636
c_1_45_677,10.771873,2.7282157
c_1_45_678,9.35765,5.5622225
c_1_45_679,13.624006,3.4495473
c_1_45_680,10.712681,4.294513
c_1_45_681,9.716646,5.052423
c_1_45_682,11.599949,2.9914947
c_1_45_683,9.166959,3.944501
c_1_45_684,9.224058,1.2481802
c_1_45_685,11.49094,-1.6425185
c_1_45_686,9.12808,4.596972
c_1_45_687,8.363953,1.2739118
c_1_45_688,9.50232,4.749747
c_1_45_689,10.402914,4.056666
c_1_45_690,8.906935,2.4765303
c_1_45_691,14.659558,4.4795413
c_1_45_692,8.76788,4.5408826
c_1_45_693,9.071813,5.4987783
c_1_45_694,10.888456,0.4056285
c_1_45_695,8.399308,3.660404
c_1_45_696,9.489264,5.1167054
c_1_45_697,12.676565,2.0666237
c_1_45_698,7.7400727,3.8911264
c_1_45_699,9.079261,3.9870105
c_1_45_700,10.200719,-0.24001652
c_1_45_701,12.587221,2.7647543
c_1_45_702,9.214811,5.3311253
c_1_45_703,9.302366,3.9925635
c_1_45_704,8.343108,3.4003766
c_1_45_705,10.88229,4.6505075
c_1_45_706,10.995301,1.8296155
c_1_45_707,12.946135,-0.7563891
c_1_45_708,13.542702,-0.3859993
c_1_45_709,9.907496,3.6781006
c_1_45_710,11.728071,1.5037751
c_1_45_711,9.395266,2.415002
c_1_45_712,10.003869,4.2619195
c_1_45_713,9.58381,5.2125015
c_1_45_714,12.081261,3.351287
c_1_45_715,8.298069,2.6330545
c_1_45_716,12.608026,1.8790212
c_1_45_717,10.754634,1.0333146
c_1_45_718,10.24596,4.7384677
c_1_45_719,13.677746,0.42610717
c_1_45_720,9.528744,4.5134635
c_1_45_721,9.22477,5.0317826
c_1_45_722,12.129088,1.4277403
c_1_45_723,13.070459,3.251305
c_1_45_724,13.530959,1.7192616
c_1_45_725,10.308133,3.6571057
c_1_45_726,10.8072195,0.8499647
c_1_45_727,9.119512,2.1081586
c_1_45_728,9.057031,3.4724863
c_1_45_729,9.415387,2.7267945
c_1_45_730,12.7045,2.0692537
c_1_45_731,13.844354,3.2222605
c_1_45_732,9.071036,4.759027
c_1_45_733,9.47671,2.850848
c_1_45_734,9.524116,1.437445
c_1_45_735,13.880708,4.4678836
c_1_45_736,11.097114,3.6778793
c_1_45_737,9.953595,4.525821
c_1_45_738,8.906956,4.8505855
c_1_45_739,10.0816,3.083437
c_1_45_740,9.76933,2.8278925
c_1_45_741,10.824583,3.1454766
c_1_45_742,14.845941,4.196646
c_1_45_743,14.3085985,1.5674946
c_1_45_744,12.775055,1.7430631
c_1_45_745,7.95591,4.7440624
c_1_45_746,8.204516,4.063422
c_1_45_747,8.7577915,2.6171796
c_1_45_748,10.061925,5.4515243
c_1_45_749,8.733475,3.437125
c_1_45_750,10.470666,3.0981631
c_1_45_751,11.838533,1.7258637
c_1_45_752,7.7835364,4.1209455
c_1_45_753,9.656025,3.4328213
c_1_45_754,10.18069,2.8775437
c_1_45_755,8.828287,4.999826
c_1_45_756,9.497837,3.931437
c_1_45_757,8.895399,4.9986753
c_1_45_758,8.380809,4.738326
c_1_45_759,10.536413,3.3136072
c_1_45_760,8.032796,-0.056122083
c_1_45_761,9.959355,4.0499864
c_1_45_762,12.864924,1.784259
c_1_45_763,10.235554,4.8437357
c_1_45_764,11.841841,4.184508
c_1_45_765,8.406367,-0.22392385
c_1_45_766,9.450326,5.31962
c_1_45_767,8.040243,4.6616874
c_1_45_768,13.029461,3.5206208
c_1_45_769,9.458807,2.1980426
c_1_45_770,12.083283,2.463716
c_1_45_771,14.612268,1.7632747
c_1_45_772,8.843639,4.5424356
c_1_45_773,9.187398,-0.40768537
c_1_45_774,9.792955,3.884861
c_1_45_775,9.130616,1.8660849
c_1_45_776,10.9854145,-1.6416926
c_1_45_777,11.393429,3.1733787
c_1_45_778,10.055775,1.0266771
c_1_45_779,9.218383,4.8588557
c_1_45_780,9.742397,5.578445
c_1_45_781,12.12146,3.578601
c_1_45_782,9.167352,4.4155893
c_1_45_783,11.51872,2.5045354
c_1_45_784,10.147383,4.359874
c_1_45_785,8.593833,5.0611362
c_1_45_786,12.974325,6.1850247
c_1_45_787,13.118316,6.1946344
c_1_45_788,12.272693,2.5511956
c_1_45_789,8.975816,2.9355278
c_1_45_790,11.6099825,1.1420612
c_1_45_791,11.054832,0.51562047
c_1_45_792,11.893419,4.110556
c_1_45_793,8.28369,4.638876
c_1_45_794,10.037665,1.9144189
c_1_45_795,13.795822,4.7657857
c_1_45_796,9.942012,2.743492
c_1_45_797,12.348904,1.9107543
c_1_45_798,9.816077,3.6795628
c_1_45_799,12.325615,1.6960142
c_1_45_800,11.88206,3.377802
c_1_45_801,8.750514,5.5714383
c_1_45_802,13.229119,3.699075
c_1_45_803,11.538626,2.8392487
c_1_45_804,8.815158,2.3745286
c_1_45_805,11.8114805,1.2865713
c_1_45_806,8.455976,4.881645
c_1_45_807,9.442719,4.7224293
c_1_45_808,9.7625,3.7721987
c_1_45_809,10.402909,2.8993933
c_1_45_810,10.086747,5.4880037
c_1_45_811,8.970301,5.1646824
c_1_45_812,9.122291,2.5301886
c_1_45_813,9.0198965,1.1475542
c_1_45_814,14.026538,4.989981
c_1_45_815,12.494896,1.7957717
c_1_45_816,9.568442,4.922234
c_1_45_817,8.56017,3.4026766
c_1_45_818,9.031454,3.8740947
c_1_45_819,12.397546,3.2918355
c_1_45_820,8.477171,3.7532156
c_1_45_821,9.15881,5.258828
c_1_45_822,9.329498,3.375443
c_1_45_823,9.281863,1.7896608
c_1_45_824,10.521806,4.435541
c_1_45_825,9.103174,4.828027
c_1_45_826,13.252845,1.6121742
c_1_45_827,11.500901,4.270978
c_1_45_828,10.04138,3.0636356
c_1_45_829,10.651982,2.2645655
c_1_45_830,13.2944565,2.5227115
c_1_45_831,8.560075,0.43028527
c_1_45_832,9.756335,4.4281425
c_1_45_833,9.414356,3.2075882
c_1_45_834,10.691885,3.33102
c_1_45_835,12.560528,0.8734522
c_1_45_836,14.349956,3.86805
c_1_45_837,8.706431,0.8897481
c_1_45_838,10.904364,2.6726072
c_1_45_839,9.182071,4.8826
c_1_45_840,14.538145,5.2653327
c_1_45_841,10.036758,4.1647835
c_1_45_842,9.317747,5.777018
c_1_45_843,9.745581,3.565591
c_1_45_844,8.966501,4.091241
c_1_45_845,11.163824,4.4030356
c_1_45_846,13.1293335,0.42932817
c_1_45_847,12.73463,4.710916
c_1_45_848,11.305837,1.8701621
c_1_45_849,10.203809,-0.2315762
c_1_45_850,10.0673485,4.1331353
c_1_45_851,8.7706995,3.8142688
c_1_45_852,11.276251,4.7112956
c_1_45_853,11.887499,4.059167
c_1_45_854,9.66035,0.06635252
c_1_45_855,9.272847,3.6105254
c_1_45_856,7.7464414,3.1449916
c_1_45_857,10.396539,1.7319441
c_1_45_858,10.104851,0.70351255
c_1_45_859,9.823473,3.8842719
c_1_45_860,12.021206,0.023647992
c_1_45_861,8.385673,1.7025336
c_1_45_862,10.050066,0.8822916
c_1_45_863,12.4739275,3.767443
c_1_45_864,8.844282,4.2183414
c_1_45_865,8.618631,0.83339226
c_1_45_866,8.813876,2.5656724
c_1_45_867,10.308413,0.34037596
c_1_45_868,11.593168,4.305741
c_1_45_869,9.566867,1.3054128
c_1_45_870,13.09186,3.8750308
c_1_45_871,10.071537,2.4030411
c_1_45_872,10.1800375,1.0411733
c_1_45_873,9.926545,2.95973
c_1_45_874,9.8280325,4.5551047
c_1_45_875,8.275206,4.173338
c_1_45_876,12.84753,2.9893472
c_1_45_877,13.123493,2.4508746
c_1_45_878,9.572225,4.4684286
c_1_45_879,10.210464,5.2880445
c_1_45_880,10.975679,4.1540804
c_1_45_881,9.365575,3.153963
c_1_45_882,12.597296,3.4536862
c_1_45_883,10.449841,2.2422879
c_1_45_884,8.755517,2.7229283
c_1_45_885,11.087277,2.0763512
c_1_45_886,9.308098,1.8796632
c_1_45_887,10.215981,2.1019447
c_1_45_888,9.181861,0.44174662
c_1_45_889,9.487037,3.1592464
c_1_45_890,12.090628,1.9287561
c_1_45_891,9.868181,1.0168749
c_1_45_892,9.718337,3.3296638
c_1_45_893,10.738617,2.614084
c_1_45_894,8.5160055,5.155357
c_1_45_895,9.008897,4.5105534
c_1_45_896,14.011605,1.7788137
c_1_45_897,10.493237,4.407388
c_1_45_898,9.607044,3.8643887
c_1_45_899,11.584665,1.4939666
c_1_45_900,8.767315,0.13588956
c_1_45_901,9.45054,3.9666722
c_1_45_902,10.066971,2.510117
c_1_45_903,12.281868,2.0652578
c_1_45_904,13.862183,4.167902
c_1_45_905,12.560152,4.0712852
c_1_45_906,10.784234,2.133662
c_1_45_907,9.776474,4.035308
c_1_45_908,9.88942,3.350443
c_1_45_909,10.784496,4.11122
c_1_45_910,9.702438,3.3051145
c_1_45_911,8.190713,4.9554815
c_1_45_912,9.816052,2.9879842
c_1_45_913,13.616268,2.882498
c_1_45_914,10.479402,4.3181496
c_1_45_915,14.034831,2.1940615
c_1_45_916,9.345256,4.1595206
c_1_45_917,8.238788,1.6308432
c_1_45_918,9.697409,0.15915592
c_1_45_919,8.085837,4.9041824
c_1_45_920,10.2048235,4.6038465
c_1_45_921,10.427656,3.9377787
c_1_45_922,12.788304,4.0705733
c_1_45_923,10.29804,3.9694295
c_1_45_924,8.744796,4.4357586
c_1_45_925,9.892144,3.0259397
c_1_45_926,8.379545,3.5174787
c_1_45_927,11.172787,2.5277152
c_1_45_928,9.472239,1.8178588
c_1_45_929,8.555413,4.959885
c_1_45_930,9.352816,4.1377926
c_1_45_931,10.069376,2.8684733
c_1_45_932,13.473794,2.849026
c_1_45_933,13.631213,5.19297
c_1_45_934,12.658157,4.1941533
c_1_45_935,11.348038,2.378909
c_1_45_936,13.537155,3.158559
c_1_45_937,11.013075,2.8360202
c_1_45_938,12.296225,4.3215384
c_1_45_939,10.456708,2.1942217
c_1_45_940,10.740323,3.017418
c_1_45_941,10.18886,3.1296601
c_1_45_942,11.070273,2.9276252
c_1_45_943,9.476893,-0.1755005
c_1_45_944,8.191279,5.1452284
c_1_45_945,9.346295,5.0837064
c_1_45_946,10.2362585,5.0570307
c_1_45_947,8.284038,4.2229247
c_1_45_948,6.6410522,2.7096653
c_1_45_949,8.721699,3.8922184
c_1_45_950,12.050299,4.132485
c_1_45_951,10.204798,4.777144
c_1_45_952,12.406187,3.6330526
c_1_45_953,9.427561,4.4324894
c_1_45_954,14.355933,4.3776674
c_1_45_955,9.701518,2.0550957
c_1_45_956,10.879218,4.9799395
c_1_45_957,9.379618,3.77805
c_1_45_958,9.349591,5.5609136
c_1_45_959,10.8426695,2.9080083
c_1_45_960,8.376035,3.7085965
c_1_45_961,10.672887,3.5469928
c_1_45_962,8.456483,5.5351796
c_1_45_963,9.625901,3.39293
c_1_45_964,12.156817,1.5454283
c_1_45_965,10.533743,3.1397407
c_1_45_966,8.451815,4.168486
c_1_45_967,13.35222,2.7779155
c_1_45_968,12.468671,4.0440354
c_1_45_969,9.116294,2.523696
c_1_45_970,8.525681,4.9029436
c_1_45_971,12.200588,2.3892486
c_1_45_972,9.16989,3.958579
c_1_45_973,9.59591,5.0124826
c_1_45_974,12.276266,4.310505
c_1_45_975,9.722458,4.877988
c_1_45_976,9.075498,4.1762733
c_1_45_977,9.7424,0.73960966
c_1_45_978,7.9170704,4.138963
c_1_45_979,9.15479,3.2578287
c_1_45_980,10.063086,5.147319
c_1_45_981,12.007816,4.7215333
c_1_45_982,8.7490425,4.1139717
c_1_45_983,9.941494,4.477778
c_1_45_984,11.660222,3.4481113
c_1_45_985,13.594783,4.0704165
c_1_45_986,10.802269,4.6751037
c_1_45_987,9.5599,4.1661267
c_1_45_988,8.255431,4.423446
c_1_45_989,9.747063,-0.023039112
c_1_45_990,9.141503,5.693301
c_1_45_991,12.062502,3.8000906
c_1_45_992,11.562482,-0.7455566
c_1_45_993,11.463995,0.99591684
c_1_45_994,12.812871,4.190665
c_1_45_995,12.28224,3.646847
c_1_45_996,10.934247,1.2902217
c_1_45_997,12.460032,1.5795097
c_1_45_998,11.195784,2.2060387
c_1_45_999,9.180507,5.1928635
c_1_45_1000,12.268647,4.3156753
c_1_45_1001,12.24722,1.7509804
c_1_45_1002,10.176393,3.7150865
c_1_45_1003,10.626886,1.9744835
c_1_45_1004,12.167229,3.2042215
c_1_45_1005,10.102631,1.7212386
c_1_45_1006,9.991114,5.5415463
c_1_45_1007,8.659734,3.8928404
c_1_45_1008,10.831397,4.01375
c_1_45_1009,12.531644,-0.6221132
c_1_45_1010,7.928656,3.271618
c_1_45_1011,9.337016,2.9701707
c_1_45_1012,8.042489,2.6559834
c_1_45_1013,9.321088,4.0254
c_1_45_1014,11.2323675,0.47093564
c_1_45_1015,10.640669,5.0364594
c_1_45_1016,8.797644,2.8466136
c_1_45_1017,10.545509,2.5473993
c_1_45_1018,14.7052965,3.9321046
c_1_45_1019,14.348047,1.578441
c_1_45_1020,9.8231325,0.8703541
c_1_45_1021,9.651035,4.944796
c_1_45_1022,12.277101,1.7384311
c_1_45_1023,15.050443,4.8064137
c_1_45_1024,12.331858,3.5863836
c_1_45_1025,9.715911,4.3158183
c_1_45_1026,9.105494,5.451786
c_1_45_1027,13.136733,1.8882062
c_1_45_1028,12.257492,3.4870431
c_1_45_1029,9.561491,3.5235507
c_1_45_1030,14.395784,4.3143396
c_1_45_1031,12.418089,1.1796502
c_1_45_1032,9.024768,4.8911395
c_1_45_1033,10.70623,2.8777149
c_1_45_1034,9.807133,4.712085
c_1_45_1035,10.1431,4.2165737
c_1_45_1036,10.031974,-0.3628797
c_1_45_1037,9.629501,3.3158617
c_1_45_1038,11.517528,3.5045476
c_1_45_1039,11.173244,5.0302067
c_1_45_1040,9.878168,1.4219685
c_1_45_1041,8.944659,4.850668
c_1_45_1042,9.974783,1.831579
c_1_45_1043,10.849778,4.585787
c_1_45_1044,13.586961,5.241452
c_1_45_1045,8.582247,2.288482
c_1_45_1046,11.2490425,4.2963443
c_1_45_1047,8.382802,4.9977856
c_1_45_1048,9.93032,3.754947
c_1_45_1049,10.524161,3.393183
c_1_45_1050,12.321611,3.227685
c_1_45_1051,8.870116,4.474283
c_1_45_1052,12.125053,3.0020037
c_1_45_1053,10.293775,1.0253073
c_1_45_1054,10.609912,4.1265073
c_1_45_1055,9.632574,-0.30619225
c_1_45_1056,11.474308,4.685085
c_1_45_1057,12.731278,2.7439983
c_1_45_1058,9.005886,3.5349436
c_1_45_1059,9.105736,5.3548665
c_1_45_1060,11.898194,1.8570416
c_1_45_1061,10.112144,3.4051194
c_1_45_1062,9.246778,0.09311509
c_1_45_1063,11.869603,2.4947157
c_1_45_1064,8.137947,3.3359022
c_1_45_1065,9.987764,5.6215315
c_1_45_1066,13.145368,1.4672093
c_1_45_1067,8.983262,-0.022106878
c_1_45_1068,11.516888,4.1188116
c_1_45_1069,9.160991,4.8178425
c_1_45_1070,9.934189,-0.018403647
c_1_45_1071,9.963089,3.6685524
c_1_45_1072,11.586808,3.4234526
c_1_45_1073,11.266179,3.359328
c_1_45_1074,10.559405,2.3036046
c_1_45_1075,12.883102,1.0812814
c_1_45_1076,9.199165,4.0527587
c_1_45_1077,10.98481,1.7163076
c_1_45_1078,10.083885,3.9543583
c_1_45_1079,9.948358,0.85343874
c_1_45_1080,9.764432,3.3905451
c_1_45_1081,10.134431,4.0503535
c_1_45_1082,9.844775,0.67197347
c_1_45_1083,10.257301,4.125696
c_1_45_1084,13.607505,-1.0790714
c_1_45_1085,13.148689,2.4848967
c_1_45_1086,8.910876,0.8248916
c_1_45_1087,9.34547,0.9080277
c_1_45_1088,11.686375,4.7712107
c_1_45_1089,8.951107,3.670174
c_1_45_1090,9.254788,3.756309
c_1_45_1091,12.737297,2.6971424
c_1_45_1092,12.105702,4.6251764
c_1_45_1093,11.559682,2.4941392
c_1_45_1094,11.567213,3.9726408
c_1_45_1095,12.616821,3.9543197
c_1_45_1096,10.978337,4.168091
c_1_45_1097,10.321053,1.9584244
c_1_45_1098,7.8311234,4.100763
c_1_45_1099,9.367931,0.4214169
c_1_45_1100,9.419467,3.9899726
c_1_45_1101,11.752908,-2.5866988
c_1_45_1102,14.570273,4.323286
c_1_45_1103,9.609481,3.1611018
c_1_45_1104,13.723784,2.4122472
c_1_45_1106,12.678788,4.003117
c_1_45_1107,10.618145,5.4660254
c_1_45_1108,12.468452,-0.30200455
c_1_45_1109,9.205736,3.3959646
c_1_45_1110,8.1630745,3.4156013
c_1_45_1111,13.345643,1.6819493
c_1_45_1112,9.911241,3.7158258
c_1_45_1113,9.500613,1.8303584
c_1_45_1114,11.4303665,2.0198867
c_1_45_1115,11.7624235,4.118069
c_1_45_1116,14.283808,4.8964133
c_1_45_1117,12.738498,3.1764703
c_1_45_1118,9.707937,4.736442
c_1_45_1119,10.150586,1.6996361
c_1_45_1120,9.2979555,2.6815073
c_1_45_1121,10.761457,2.2431276
c_1_45_1122,9.294205,5.201452
c_1_45_1123,10.704358,0.724759
c_1_45_1124,10.310186,4.746082
c_1_45_1125,14.531097,1.324095
c_1_45_1126,13.869243,4.236274
c_1_45_1127,10.4051895,3.047978
c_1_45_1128,11.2517605,1.1401722
c_1_45_1129,10.68654,3.8296745
c_1_45_1130,12.733716,-0.9724897
c_1_45_1131,12.423995,1.5599426
c_1_45_1132,10.214381,3.1208007
c_1_45_1133,13.347013,1.0789024
c_1_45_1134,12.840839,3.0358768
c_1_45_1135,13.7537,2.3059468
c_1_45_1136,8.777376,0.67989177
c_1_45_1137,11.111026,1.7092334
c_1_45_1138,12.917636,3.4879253
c_1_45_1139,8.7192335,1.7226653
c_1_45_1140,12.809336,1.2340157
c_1_45_1141,9.03593,-0.1046326
c_1_45_1142,10.252397,2.859279
c_1_45_1143,8.892518,4.3418007
c_1_45_1144,12.476912,2.2707253
c_1_45_1145,9.160611,2.182514
c_1_45_1146,13.202546,3.7445338
c_1_45_1147,10.228753,3.4625494
c_1_45_1148,10.374271,4.267226
c_1_45_1149,11.410632,4.391463
c_1_45_1150,9.434549,4.599878
c_1_45_1151,11.235085,2.4299588
c_1_45_1152,13.245937,4.133802
c_1_45_1153,14.044459,4.203283
c_1_45_1154,10.141015,3.926928
c_1_45_1155,13.74546,2.5225444
c_1_45_1156,9.81803,-0.07178922
c_1_45_1157,8.445396,3.6644835
c_1_45_1158,9.418533,1.9726675
c_1_45_1159,9.411275,0.18217482
c_1_45_1160,14.020993,1.6221263
c_1_45_1162,9.74074,3.4548228
c_1_45_1163,9.035004,0.84697706
c_1_45_1164,13.321049,1.6976055
c_1_45_1165,10.789446,1.2848812
c_1_45_1166,10.217777,3.5603719
c_1_45_1167,8.496579,2.0766144
c_1_45_1168,14.004075,1.4099846
c_1_45_1169,12.963659,2.8790698
c_1_45_1170,10.467241,4.270425
c_1_45_1171,11.542342,3.5944085
c_1_45_1172,14.2511425,5.4154167
c_1_45_1173,11.83451,2.5460296
c_1_45_1174,13.568385,1.7408483
c_1_45_1175,12.49494,2.025169
c_1_45_1176,13.244834,2.649467
c_1_45_1177,12.374137,5.2826033
c_1_45_1178,9.761648,1.2469032
c_1_45_1179,12.873174,2.3444383
c_1_45_1180,9.702379,3.0342007
c_1_45_1181,10.312593,3.758932
c_1_45_1182,10.029154,2.425807
c_1_45_1183,12.914126,0.44020742
c_1_45_1184,12.292537,0.45958513
c_1_45_1185,9.213905,1.0784081
c_1_45_1186,10.842122,1.9603769
c_1_45_1187,8.896851,4.565658
c_1_45_1188,14.307232,1.1727656
c_1_45_1189,8.24074,4.079977
c_1_45_1190,11.299413,3.9267452
c_1_45_1191,7.9876785,4.090039
c_1_45_1192,12.708573,3.2812462
c_1_45_1193,10.792035,2.7858706
c_1_45_1194,9.667464,3.5183492
c_1_45_1195,12.68548,1.7051789
c_1_45_1197,8.954067,2.8677046
c_1_45_1198,12.498283,2.117923
c_1_45_1199,12.346186,2.5179808
c_1_45_1200,14.877553,4.073799
c_1_45_1201,9.905943,2.8724577
c_1_45_1202,6.6114264,3.2029183
c_1_45_1203,8.90631,4.2967477
c_1_45_1204,14.035115,1.1009811
c_1_45_1205,10.050701,-2.570794
c_1_45_1206,12.693454,3.6388702
c_1_45_1207,12.775135,2.0285707
c_1_45_1208,10.525853,3.2907732
c_1_45_1209,8.683639,2.350807
c_1_45_1210,10.55859,2.3967178
c_1_45_1211,12.86391,4.057124
c_1_45_1212,13.295729,1.6315205
c_1_45_1213,14.4574585,2.004309
c_1_45_1214,9.402925,3.7806554
c_1_45_1215,12.908828,1.8990226
c_1_45_1216,9.451508,0.64352065
c_1_45_1217,8.724965,-0.17106268
c_1_45_1218,8.656978,4.3924646
c_1_45_1219,9.211477,4.6776247
c_1_45_1220,9.5405035,1.5795394
c_1_45_1221,14.626717,4.076029
c_1_45_1222,9.8663645,2.6067674
c_1_45_1223,11.157266,0.65817976
c_1_45_1224,10.103154,4.005944
c_1_45_1225,12.209273,2.3784702
c_1_45_1226,11.126107,4.5615997
c_1_45_1227,13.037427,2.2619972
c_1_45_1228,9.449468,5.280297
c_1_45_1229,11.015708,1.0612713
c_1_45_1230,9.958792,0.93243504
c_1_45_1231,8.485424,1.9180984
c_1_45_1232,9.352385,3.332312
c_1_45_1233,12.754122,2.7780204
c_1_45_1234,10.149459,4.5876713
c_1_45_1235,8.963998,-0.20410077
c_1_45_1236,12.62475,1.4558631
c_1_45_1237,9.35016,1.1456172
c_1_45_1238,7.9312525,2.6829004
c_1_45_1239,9.242653,5.4103837
c_1_45_1240,8.090826,4.142043
c_1_45_1241,9.138782,3.2864983
c_1_45_1242,11.378213,4.7663536
c_1_45_1243,9.465264,4.1356177
c_1_45_1244,14.8737755,4.383947
c_1_45_1245,8.440611,2.4180377
c_1_45_1246,12.473046,4.2301774
c_1_45_1247,8.31369,3.7537613
c_1_45_1248,11.569352,3.6642208
c_1_45_1249,9.006926,1.0989131
c_1_45_1250,10.159008,2.2326195
c_1_45_1251,12.803703,4.480393
c_1_45_1252,8.159195,3.6509607
c_1_45_1253,11.680331,4.6760826
c_1_45_1254,13.317442,1.6148295
c_1_45_1255,7.8420205,3.069698
c_1_45_1256,14.122118,1.5640674
c_1_45_1257,11.494652,2.8653965
c_1_45_1258,10.045793,-0.57826936
c_1_45_1259,8.2371025,2.5156229
c_1_45_1260,10.955508,2.6214826
c_1_45_1261,7.91717,4.739955
c_1_45_1262,11.347387,2.542445
c_1_45_1263,11.548023,4.3027525
c_1_45_1264,9.708178,3.5742564
c_1_45_1265,12.660588,2.7285466
c_1_45_1266,10.0521965,0.7553201
c_1_45_1267,12.037122,3.1379664
c_1_45_1268,11.097312,3.3308814
c_1_45_1269,10.990325,2.3656473
c_1_45_1271,9.235949,4.092881
c_1_45_1272,10.1679945,2.1448407
c_1_45_1273,9.163723,-0.7969857
c_1_45_1274,9.776298,-1.3330342
c_1_45_1275,12.161017,1.884892
c_1_45_1276,7.7551007,0.91993654
c_1_45_1277,8.238042,0.83513725
c_1_45_1278,14.943638,4.5995564
c_1_45_1279,9.256505,2.549247
c_1_45_1280,8.267027,4.079701
c_1_45_1281,10.580843,2.9446452
c_1_45_1282,10.597781,3.6943343
c_1_45_1283,9.413001,-0.27816734
c_1_45_1284,12.968132,3.7783306
c_1_45_1285,7.908086,1.1328726
c_1_45_1286,10.283106,3.4170046
c_1_45_1287,10.51511,0.30220938
c_1_45_1288,12.307675,2.736723
c_1_45_1289,10.776911,2.1642826
c_1_45_1290,11.799956,3.4976633
c_1_45_1291,11.275849,4.345945
c_1_45_1292,12.636505,2.7986138
c_1_45_1293,9.468499,2.178471
c_1_45_1294,8.384224,3.6128483
c_1_45_1295,12.112098,3.3096807
c_1_45_1296,12.792267,3.3693419
c_1_45_1297,10.489429,3.036096
c_1_45_1298,12.237482,3.1709127
c_1_45_1299,10.852424,1.2607137
c_1_45_1300,8.816619,2.6984265
c_1_45_1301,8.838728,3.7913015
c_1_45_1302,8.340275,3.4967492
c_1_45_1303,11.979144,-0.78684616
c_1_45_1304,9.703842,4.8050704
c_1_45_1305,8.730417,1.0325675
c_1_45_1306,9.68262,0.9383951
c_1_45_1307,10.015301,3.0536144
c_1_45_1308,9.494481,1.8429524
c_1_45_1309,12.0950165,2.5517066
c_1_45_1310,10.823035,2.501761
c_1_45_1311,11.806847,1.1025984
c_1_45_1312,14.821245,3.687826
c_1_45_1313,10.976432,3.384404
c_1_45_1314,10.923796,2.3079903
c_1_45_1315,9.511569,4.157628
c_1_45_1316,12.438348,2.314563
c_1_45_1317,13.191715,2.5880263
c_1_45_1318,9.271276,0.2349136
c_1_45_1319,10.444588,3.1840167
c_1_45_1320,9.493619,4.762177
c_1_45_1321,11.744238,3.422921
c_1_45_1322,10.3104725,2.899922
c_1_45_1323,10.544956,-0.65082175
c_1_45_1324,9.634216,1.9780172
c_1_45_1325,9.502498,4.611671
c_1_45_1326,8.609816,4.480285
c_1_45_1327,12.815276,2.4015136
c_1_45_1328,10.069633,0.17174292
c_1_45_1329,9.826429,4.220208
c_1_45_1330,12.084539,2.5112936
c_1_45_1331,10.755538,-1.5526112
c_1_45_1332,10.229788,2.241115
c_1_45_1333,10.531629,4.309918
c_1_45_1334,8.934755,4.20006
c_1_45_1335,10.08212,3.3679876
c_1_45_1336,10.0777,4.808139
c_1_45_1337,12.093404,2.3122778
c_1_45_1338,12.703054,1.9094489
c_1_45_1339,14.319092,1.6262268
c_1_45_1340,10.597806,3.2617586
c_1_45_1341,15.06537,3.9643078
c_1_45_1342,10.90253,2.8170576
c_1_45_1343,10.63236,4.70805
c_1_45_1344,11.427892,3.988508
c_1_45_1345,14.762816,5.470143
c_1_45_1346,7.5474925,3.4209855
c_1_45_1347,9.455301,0.25790578
c_1_45_1348,12.338744,3.6696806
c_1_45_1349,10.16566,3.0189128
c_1_45_1350,14.324238,5.5040216
c_1_45_1351,11.440165,1.878673
c_1_45_1352,12.7592325,2.1237047
c_1_45_1353,11.078839,-0.40248212
c_1_45_1354,11.448817,4.3094087
c_1_45_1355,10.865806,3.0688715
c_1_45_1356,13.910693,2.0416958
c_1_45_1357,8.101475,4.6059575
c_1_45_1358,10.624728,4.0747952
c_1_45_1359,12.495688,1.6346623
c_1_45_1360,11.057417,1.1686734
c_1_45_1361,10.137834,0.7389365
c_1_45_1362,11.8046875,1.823502
c_1_45_1363,12.593571,2.8388577
c_1_45_1364,10.260907,4.6157556
c_1_45_1365,10.5251045,3.6671977
c_1_45_1366,9.416011,2.1153183
c_1_45_1367,14.201923,4.1128187
c_1_45_1368,9.3980465,3.410618
c_1_45_1369,11.526728,3.0053988
c_1_45_1370,12.665241,1.0796498
c_1_45_1371,8.753469,4.2054734
c_1_45_1372,11.219458,2.2825365
c_1_45_1373,12.625957,3.443164
c_1_45_1374,9.840313,4.681548
c_1_45_1375,8.450271,3.129171
c_1_45_1376,8.662651,1.4243506
c_1_45_1377,8.959831,4.6764784
c_1_45_1378,8.611884,4.483446
c_1_45_1379,11.165807,-1.3978572
c_1_45_1380,9.528789,5.426897
c_1_45_1381,13.768938,1.2652624
c_1_45_1382,13.610228,1.740382
c_1_45_1383,8.440705,3.9710288
c_1_45_1384,12.753248,5.114937
c_1_45_1385,12.6433325,1.8414098
c_1_45_1386,10.552675,3.735656
c_1_45_1387,11.378016,2.8711927
c_1_45_1388,11.5894785,2.1508865
c_1_45_1389,11.494856,4.0136228
c_1_45_1390,9.612623,2.611406
c_1_45_1391,11.471452,2.669693
c_1_45_1392,11.524594,2.52324
c_1_45_1393,11.081321,3.5923693
c_1_45_1394,10.434101,-0.69290495
c_1_45_1395,9.1706085,4.366876
c_1_45_1396,14.4351,3.7829459
c_1_45_1397,10.29614,3.1634767
c_1_45_1398,12.792879,5.331387
c_1_45_1399,11.355723,1.071676
c_1_45_1400,10.485676,2.6428611
c_1_45_1401,13.0899725,2.435618
c_1_45_1402,12.028183,2.2335424
c_1_45_1403,10.028,3.3630986
c_1_45_1404,9.676308,3.2912953
c_1_45_1405,11.559572,3.1939209
c_1_45_1406,9.466345,5.328193
c_1_45_1407,12.97685,4.4999976
c_1_45_1408,12.910613,1.2730398
c_1_45_1409,5.4804688,3.302992
c_1_45_1410,8.943944,0.9008302
c_1_45_1411,9.318066,4.2108364
c_1_45_1412,10.389034,0.35452607
c_1_45_1413,9.475395,5.051123
c_1_45_1414,13.997319,1.7491528
c_1_45_1415,9.406168,2.5783741
c_1_45_1416,12.595157,2.5124693
c_1_45_1417,10.152052,2.463753
c_1_45_1418,8.739748,4.2194138
c_1_45_1419,11.393535,3.572601
c_1_45_1420,9.747787,2.6745
c_1_45_1421,11.516966,1.899105
c_1_45_1422,10.649764,4.0745273
c_1_45_1423,14.620613,1.3855981
c_1_45_1424,12.637612,2.705402
c_1_45_1425,13.348091,1.4850987
c_1_45_1426,10.321138,4.046322
c_1_45_1427,9.118851,5.536882
c_1_45_1428,12.067939,-2.7815616
c_1_45_1429,13.983184,1.2290049
c_1_45_1430,8.633461,3.9059038
c_1_45_1431,9.972938,1.2631662
c_1_45_1432,11.753776,2.7628205
c_1_45_1433,11.707887,1.9989974
c_1_45_1434,9.404193,-0.9072213
c_1_45_1435,8.3366165,3.5056272
c_1_45_1436,9.879564,4.8695083
c_1_45_1437,9.048777,3.4672933
c_1_45_1438,12.407711,1.8136047
c_1_45_1439,11.250776,3.1299586
c_1_45_1440,11.089765,0.63071924
c_1_45_1441,10.72165,2.6785383
c_1_45_1442,10.427755,4.1025844
c_1_45_1443,12.655649,1.4813173
c_1_45_1444,13.776624,1.8708594
c_1_45_1445,12.851974,5.3690877
c_1_45_1446,13.084476,1.8665078
c_1_45_1447,10.183691,4.9673605
c_1_45_1448,12.136264,3.6413658
c_1_45_1449,12.977639,3.004222
c_1_45_1450,6.816209,2.827799
c_1_45_1451,13.552155,0.9884332
c_1_45_1452,12.013106,4.341648
c_1_45_1453,11.030127,-1.1470181
c_1_45_1454,8.957191,2.993865
c_1_45_1455,7.89641,2.6651905
c_1_45_1456,8.538334,2.0989265
c_1_45_1457,13.224696,1.8639802
c_1_45_1458,9.866049,-0.71124864
c_1_45_1459,9.656116,3.6355026
c_1_45_1460,11.640289,3.0184855
c_1_45_1461,9.75318,-0.5975271
c_1_45_1462,8.758532,3.2307365
c_1_45_1463,9.578422,3.3842182
c_1_45_1464,9.271444,5.182218
c_1_45_1465,10.126692,3.9278986
c_1_45_1466,13.08294,1.6861335
c_1_45_1467,10.92853,4.404041
c_1_45_1468,8.506768,1.6819638
c_1_45_1469,12.877047,-0.55693936
c_1_45_1470,9.646784,3.9933305
c_1_45_1471,11.779039,0.99270874
c_1_45_1472,10.327824,0.14094734
c_1_45_1473,12.317803,3.7057974
c_1_45_1474,9.161695,2.1545482
c_1_45_1475,10.046348,3.3973012
c_1_45_1476,10.875246,2.1501393
c_1_45_1477,12.4052305,2.6061807
c_1_45_1478,9.653882,0.4213222
c_1_45_1479,13.300217,0.7590153
c_1_45_1480,9.279126,5.242007
c_1_45_1481,11.363514,4.989114
c_1_45_1482,10.323478,3.1381931
c_1_45_1483,11.499515,3.832254
c_1_45_1484,8.57665,3.0813193
c_1_45_1485,11.495423,4.5243373
c_1_45_1486,11.168634,2.122476
c_1_45_1487,13.18118,2.0254922
c_1_45_1488,9.739861,2.9976814
c_1_45_1489,11.200945,2.7200742
c_1_45_1490,14.000119,4.288079
c_1_45_1491,12.4377985,2.3584595
c_1_45_1492,9.43696,0.2681163
c_1_45_1493,11.718769,4.0655375
c_1_45_1494,7.373753,1.1491151
c_1_45_1495,9.100284,2.5854726
c_1_45_1496,12.271114,1.5715212
c_1_45_1497,9.9487095,0.5395054
c_1_45_1498,10.435012,-0.6455516
c_1_45_1499,8.821413,5.248564
c_1_45_1500,8.901402,3.3606951
c_1_45_1501,8.789742,4.8304076
c_1_45_1502,10.293491,2.05141
c_1_45_1503,11.948396,5.0860014
c_1_45_1504,9.371427,3.6864462
c_1_45_1505,9.779589,5.0892143
c_1_45_1506,11.750049,1.7793154
c_1_45_1507,8.828408,3.3707466
c_1_45_1508,10.051112,0.8578898
c_1_45_1509,7.8286657,2.1979368
c_1_45_1510,9.898574,1.7154995
c_1_45_1511,8.884838,3.3853886
c_1_45_1512,8.503956,3.214883
c_1_45_1513,9.564105,4.268286
c_1_45_1514,10.628396,1.2189994
c_1_45_1515,13.227609,-1.2398965
c_1_45_1516,8.939288,4.287525
c_1_45_1517,10.765737,-1.567262
c_1_45_1518,11.4346895,1.3912266
c_1_45_1519,9.802137,4.944703
c_1_45_1520,10.074939,0.61795163
c_1_45_1521,8.375034,3.2594357
c_1_45_1522,11.819226,2.6657987
c_1_45_1523,9.322455,4.443546
c_1_45_1524,14.612752,-1.8672981
c_1_45_1525,10.596292,4.8712554
c_1_45_1526,11.401577,2.1286943
c_1_45_1527,10.369499,0.42533192
c_1_45_1528,14.638032,1.3805984
c_1_45_1529,10.172047,4.703763
c_1_45_1530,9.478618,-1.1110682
c_1_45_1531,9.509485,3.124306
c_1_45_1532,10.606161,2.278851
c_1_45_1533,8.637328,3.8292391
c_1_45_1534,10.2433815,3.9596853
c_1_45_1535,13.937862,1.3253986
c_1_45_1536,14.070194,1.3177065
c_1_45_1537,11.345245,1.3202989
c_1_45_1538,8.863045,4.539199
c_1_45_1539,8.727936,5.193986
c_1_45_1540,9.691899,1.9591653
c_1_45_1541,10.817019,3.0357533
c_1_45_1542,9.988656,5.276547
c_1_45_1543,7.7956886,2.461451
c_1_45_1544,12.609508,1.2532979
c_1_45_1545,10.035429,4.550009
c_1_45_1546,9.875388,1.5745472
c_1_45_1547,10.508464,0.849431
c_1_45_1548,9.986529,1.2000577
c_1_45_1549,11.343647,0.83383065
c_1_45_1550,9.291163,1.5488397
c_1_45_1551,10.837693,3.6165204
c_1_45_1552,14.671346,2.2273366
c_1_45_1553,13.755723,0.02836425
c_1_45_1554,10.943762,1.0187958
c_1_45_1555,10.174419,1.7615685
c_1_45_1556,10.919108,1.163698
c_1_45_1557,10.067849,3.2151437
c_1_45_1558,11.104089,3.2474089
c_1_45_1559,11.887653,2.188085
c_1_45_1560,14.15875,-0.76772517
c_1_45_1561,12.901199,5.48333
c_1_45_1562,13.20386,0.7861094
c_1_45_1563,12.76355,1.9861552
c_1_45_1564,11.137002,3.8849125
c_1_45_1565,10.780891,-0.17496568
c_1_45_1566,10.2547865,2.4715087
c_1_45_1567,9.476724,3.3988526
c_1_45_1568,10.966491,-1.4316776
c_1_45_1569,9.744627,4.2658563
c_1_45_1570,8.988318,4.0996575
c_1_45_1571,9.967143,1.2222257
c_1_45_1572,10.68257,1.1446282
c_1_45_1573,11.012775,2.2987065
c_1_45_1574,9.434192,-0.93792254
c_1_45_1575,9.193318,1.5933324
c_1_45_1576,12.915389,2.6997724
c_1_45_1577,11.850727,1.4184542
c_1_45_1578,8.546073,2.952919
c_1_45_1579,8.294496,5.2477274
c_1_45_1580,9.065746,2.4819057
c_1_45_1581,8.487764,3.7034764
c_1_45_1582,8.412541,3.4114888
c_1_45_1583,9.1195,4.4071007
c_1_45_1584,12.2369,1.7853422
c_1_45_1585,10.734627,1.3004223
c_1_45_1586,10.030522,1.8564457
c_1_45_1587,11.706433,2.381188
c_1_45_1588,8.130297,4.7045875
c_1_45_1589,8.98021,5.0454297
c_1_45_1590,11.779459,3.9366846
c_1_45_1591,8.666968,2.9215178
c_1_45_1592,14.833294,2.6256084
c_1_45_1593,11.757192,1.0013584
c_1_45_1594,8.777171,5.2714486
c_1_45_1595,12.449442,3.6173985
c_1_45_1596,10.136742,1.941441
c_1_45_1597,8.321989,3.2427835
c_1_45_1598,13.013723,3.951385
c_1_45_1599,12.289278,3.1447475
c_1_45_1600,10.110793,1.7654073
c_1_45_1601,10.21536,4.5357637
c_1_45_1602,11.326132,2.3231816
c_1_45_1603,13.986664,0.86233985
c_1_45_1604,11.74601,2.5096276
c_1_45_1605,9.246976,3.3154697
c_1_45_1606,11.5256,2.3767521
c_1_45_1607,10.991642,3.0831995
c_1_45_1608,12.628334,1.9536271
c_1_45_1609,8.432055,1.1189662
c_1_45_1610,11.827678,3.182431
c_1_45_1611,9.094808,3.2925572
c_1_45_1612,13.521203,0.664653
c_1_45_1613,10.567878,0.29055592
c_1_45_1614,8.764931,5.146966
c_1_45_1615,12.372036,1.3503788
c_1_45_1616,11.171395,0.3479578
c_1_45_1617,8.63251,3.8225856
c_1_45_1618,9.34383,4.0743923
c_1_45_1619,10.508951,2.5601158
c_1_45_1620,11.741481,1.0615249
c_1_45_1621,10.321988,3.3508039
c_1_45_1622,10.799469,-0.17873119
c_1_45_1623,8.049168,3.9835634
c_1_45_1624,10.687095,0.64206403
c_1_45_1625,12.958913,2.7050395
c_1_45_1626,8.432314,3.6655893
c_1_45_1627,12.100658,2.977643
c_1_45_1628,12.203256,1.7300444
c_1_45_1629,11.847566,-0.47458234
c_1_45_1630,9.669373,1.3964251
c_1_45_1631,10.327183,4.525206
c_1_45_1632,9.320993,-1.3022101
c_1_45_1633,12.902691,0.77385134
c_1_45_1634,9.042514,4.7480464
c_1_45_1635,12.947676,-0.01992322
c_1_45_1636,9.362896,4.8521323
c_1_45_1637,8.76513,0.0016600636
c_1_45_1638,13.72084,-1.225152
c_1_45_1639,9.399678,1.083005
c_1_45_1640,11.087917,1.1475259
c_1_45_1641,9.739377,2.477847
c_1_45_1642,11.462442,2.8438468
c_1_45_1643,11.885795,0.40220582
c_1_45_1644,9.079127,4.245055
c_1_45_1645,10.680109,4.103026
c_1_45_1646,11.696142,1.9352803
c_1_45_1647,13.162824,2.0438519
c_1_45_1648,10.327092,-0.6399956
c_1_45_1649,10.175667,2.5088873
c_1_45_1650,11.262152,0.81469345
c_1_45_1651,7.0564327,1.5318822
c_1_45_1652,10.828311,2.3178399
c_1_45_1653,9.558767,2.7010353
c_1_45_1654,9.356165,4.3879046
c_1_45_1655,9.569981,2.1754813
c_1_45_1656,10.75918,-1.5527853
c_1_45_1657,13.658306,0.64206815
c_1_45_1658,9.91258,4.1336164
c_1_45_1659,10.673168,0.80227226
c_1_45_1660,12.103918,-0.17628096
c_1_45_1661,8.148559,4.2166276
c_1_45_1662,6.76038,1.4952573
c_1_45_1663,12.831829,-0.2923685
c_1_45_1664,11.563067,4.4097753
c_1_45_1665,8.83051,-0.7896346
c_1_45_1666,13.918845,-0.5513772
c_1_45_1667,12.166086,-3.5111446
c_1_45_1668,10.782311,0.3597919
c_1_45_1669,14.177863,-1.080694
c_1_45_1670,8.394781,-0.65086937
c_1_45_1671,10.864151,-2.3735056
c_1_45_1672,12.282465,2.237562
c_1_45_1673,10.597713,4.230911
c_1_45_1674,13.555418,-0.37565202
c_1_45_1675,9.231734,5.3624673
c_1_45_1676,10.98744,4.1152363
c_1_45_1677,13.96011,3.946026
c_1_45_1678,11.966665,3.4954534
c_1_45_1679,11.896541,0.43663853
c_1_45_1680,9.322834,3.160088
c_1_45_1681,10.531586,4.6116295
c_1_45_1682,9.801595,1.608264
c_1_45_1683,6.6303496,2.1633675
c_1_45_1684,11.418077,-1.4022146
c_1_45_1685,10.584376,1.5121111
c_1_45_1686,10.931284,0.88832057
c_1_45_1687,10.312432,3.556326
c_1_45_1688,14.2760105,3.1505399
c_1_45_1689,12.860992,-0.09427122
c_1_45_1690,12.552417,0.12680788
c_1_45_1691,13.938082,1.1037475
c_1_45_1692,9.977875,2.019357
c_1_45_1693,10.096406,3.1957724
c_1_45_1694,12.815549,5.7016325
c_1_45_1695,10.453561,-1.702918
c_1_45_1696,10.128777,2.9954972
c_1_45_1697,9.867237,4.532276
c_1_45_1698,11.55352,-0.7373092
c_1_45_1699,13.991051,2.2708163
c_1_45_1700,12.355415,-0.0760786
c_1_45_1701,9.182724,0.6953619
c_1_45_1702,9.195429,5.09095
c_1_45_1703,9.233238,5.471531
c_1_45_1704,12.270097,1.1439179
c_1_45_1705,13.800693,1.5429476
c_1_45_1706,14.769065,3.916894
c_1_45_1707,10.500665,-0.20748073
c_1_45_1708,9.815673,4.1642165
c_1_45_1709,12.79005,0.21896863
c_1_45_1710,13.971807,-0.36092597
c_1_45_1711,12.280436,0.16036402
c_1_45_1712,9.86331,1.7691455
c_1_45_1713,11.192355,4.818657
c_1_45_1714,13.75469,-0.35667062
c_1_45_1715,12.080663,1.9482996
c_1_45_1716,6.922154,1.3800988
c_1_45_1717,11.448378,1.252759
c_1_45_1718,9.642034,2.4351113
c_1_45_1719,9.846509,2.7482939
c_1_45_1720,8.387643,4.2411394
c_1_45_1721,9.792767,2.0024633
c_1_45_1722,10.997149,1.2608544
c_1_45_1723,9.717032,-0.25019887
c_1_45_1724,8.20721,0.77626324
c_1_45_1725,9.188942,4.186477
c_1_45_1726,8.54689,5.278
c_1_45_1727,11.806076,3.1706295
c_1_45_1728,9.54971,3.5937877
c_1_45_1729,13.156097,0.33240324
c_1_45_1730,13.4519615,-0.3445553
c_1_45_1731,9.424031,-0.4926866
c_1_45_1732,8.984127,4.6716886
c_1_45_1733,12.616963,0.88510597
c_1_45_1734,12.737535,0.6154773
c_1_45_1735,7.995243,3.542046
c_1_45_1736,11.8632965,0.62905514
c_1_45_1737,9.968376,3.9645605
c_1_45_1738,10.525797,1.1233395
c_1_45_1739,9.260875,2.9715962
c_1_45_1740,11.784071,2.00213
c_1_45_1741,13.42901,-0.12133936
c_1_45_1742,9.295786,4.985784
c_1_45_1743,10.079536,-1.7916257
c_1_45_1744,13.596734,-0.4271382
c_1_45_1745,14.879138,2.298747
c_1_45_1746,11.893251,1.20119
c_1_45_1747,7.955156,4.441609
c_1_45_1748,9.987518,1.4582647
c_1_45_1749,13.0317745,0.6023241
c_1_45_1750,9.727885,4.317612
c_1_45_1751,10.576415,3.2806623
c_1_45_1752,12.393168,-0.02744808
c_1_45_1753,8.590964,2.5649967
c_1_45_1754,12.613792,-0.8612572
c_1_45_1755,10.1327305,-0.25761685
c_1_45_1756,10.452573,4.4348354
c_1_45_1757,9.267995,4.6037493
c_1_45_1758,10.804171,2.9578173
c_1_45_1759,13.495467,-0.41880697
c_1_45_1760,9.118881,2.2082253
c_1_45_1761,10.4571,-0.8853928
c_1_45_1762,11.5737,3.4960666
c_1_45_1763,12.0961275,1.4717746
c_1_45_1764,10.13647,3.2292671
c_1_45_1765,11.262863,1.851432
c_1_45_1766,12.942266,-0.23763868
c_1_45_1767,10.244707,4.0004926
c_1_45_1768,13.543571,1.4345942
c_1_45_1769,9.180947,4.1316338
c_1_45_1770,11.145825,0.20309365
c_1_45_1771,7.4718595,1.7928202
c_1_45_1772,12.994453,4.0155087
c_1_45_1773,11.595792,2.5617523
c_1_45_1774,10.625635,1.080993
c_1_45_1775,11.923777,3.1284904
c_1_45_1776,14.238506,-1.8447037
c_1_45_1777,12.951663,1.8946949
c_1_45_1778,11.836521,-0.3090748
c_1_45_1779,11.062973,4.0203166
c_1_45_1780,10.576861,3.4412112
c_1_45_1781,13.921123,-0.30369598
c_1_45_1782,8.499412,5.0344844
c_1_45_1783,9.342162,2.289713
c_1_45_1784,13.714093,-0.14232951
c_1_45_1785,9.061154,5.1113515
c_1_45_1786,12.482488,1.5449562
c_1_45_1787,11.404087,1.230865
c_1_45_1788,11.12517,1.3178355
c_1_45_1789,9.2751665,4.691665
c_1_45_1790,13.032929,2.1250415
c_1_45_1791,9.539947,-0.69749576
c_1_45_1792,12.178136,-0.44393966
c_1_45_1793,9.991264,1.6092541
c_1_45_1794,9.439433,4.5615497
c_1_45_1795,8.90379,1.767254
c_1_45_1796,8.587476,0.03168205
c_1_45_1797,8.363454,0.99981946
c_1_45_1798,10.37241,1.3120842
c_1_45_1799,13.63055,-0.4770853
c_1_45_1800,13.13842,0.16469675
c_1_45_1801,8.438811,4.510454
c_1_45_1802,13.982891,-0.84265155
c_1_45_1803,8.558591,4.459911
c_1_45_1804,10.652159,1.6877148
c_1_45_1805,9.610903,3.666327
c_1_45_1806,8.429972,3.7296445
c_1_45_1807,14.558429,2.5959625
c_1_45_1808,12.298265,-0.04591527
c_1_45_1809,12.44932,-0.35824358
c_1_45_1810,9.789232,1.1971538
c_1_45_1811,10.588034,2.5433352
c_1_45_1812,9.961297,2.1727169
c_1_45_1813,10.572192,4.3846936
c_1_45_1814,10.096141,2.7670584
c_1_45_1815,6.9319944,0.5628598
c_1_45_1816,9.948067,-1.5377378
c_1_45_1817,8.98654,0.04171973
c_1_45_1818,8.628668,4.074419
c_1_45_1819,12.809243,1.7748139
c_1_45_1820,14.322881,3.4408042
c_1_45_1821,8.7002,5.1743846
c_1_45_1822,8.869819,4.4827743
c_1_45_1823,13.605275,1.0486169
c_1_45_1824,8.960574,-0.32258865
c_1_45_1825,11.677505,2.8456266
c_1_45_1826,15.18097,2.6991713
c_1_45_1827,12.810459,-0.2833456
c_1_45_1828,10.344645,-1.1664017
c_1_45_1829,12.495624,2.4268622
c_1_45_1830,12.168192,2.573045
c_1_45_1831,8.338827,2.8268747
c_1_45_1832,8.112938,1.0471153
c_1_45_1833,13.156746,2.2982035
c_1_45_1834,8.22024,2.2306697
c_1_45_1835,9.212456,-0.5893113
c_1_45_1836,14.670803,-0.7228537
c_1_45_1837,9.008483,0.82895046
c_1_45_1838,12.154118,0.21283275
c_1_45_1839,6.106294,-0.23847547
c_1_45_1840,6.7237854,-1.0775772
c_1_45_1841,10.529676,3.4572914
c_1_45_1842,9.207588,-1.0492814
c_1_45_1843,5.28868,-2.2620564
c_1_45_1844,6.521696,1.4091452
c_1_45_1845,13.729891,-0.41578808
c_1_45_1846,13.88892,-0.27528694
c_1_45_1847,12.118482,-0.61928463
c_1_45_1848,11.791727,0.49627882
c_1_45_1849,10.233379,3.758023
c_1_45_1850,7.9519277,3.9125905
c_1_45_1851,10.876482,3.021199
c_1_45_1852,10.427282,1.3501438
c_1_45_1853,9.654181,4.35735
c_1_45_1854,11.94747,0.87697977
c_1_45_1855,10.598983,-2.0424933
c_1_45_1856,11.895528,-0.22846888
c_1_45_1857,5.591718,-1.7500967
c_1_45_1858,14.243584,-0.6184726
c_1_45_1859,8.475784,-0.60334593
c_1_45_1860,8.033472,1.981916
c_1_45_1861,8.53766,5.081943
c_1_45_1862,10.82214,-1.7794802
c_1_45_1863,8.323462,5.189851
c_1_45_1864,6.9692235,1.0895767
c_1_45_1865,12.081003,-0.4755657
c_1_45_1866,11.124684,0.63943124
c_1_45_1867,8.794786,-0.42027268
c_1_45_1868,5.621285,-1.3783116
c_1_45_1869,5.098774,-1.9266326
c_1_45_1870,9.200878,1.1815728
c_1_45_1871,6.415652,-1.6554441
c_1_45_1872,10.211006,3.2388978
c_1_45_1873,12.155669,-0.224645
c_1_45_1874,12.281437,3.2510612
c_1_45_1875,8.179464,-0.24732982
c_1_45_1876,9.380627,0.011302411
c_1_45_1877,6.494715,-0.26336184
c_1_45_1878,10.207058,1.4296606
c_1_45_1879,5.6836057,-2.1318905
c_1_45_1880,7.1567917,2.3035848
c_1_45_1881,10.746583,-2.5921566
c_1_45_1882,11.022744,4.6894894
c_1_45_1883,12.096921,-0.092643
c_1_45_1884,9.084416,0.6524104
c_1_45_1885,11.580674,-2.669534
c_1_45_1886,9.51071,3.0177202
c_1_45_1887,10.632756,0.407638
c_1_45_1888,10.1137085,-0.6426077
c_1_45_1889,10.110467,-0.19214627
c_1_45_1890,13.623931,0.9152567
c_1_45_1891,13.691231,-1.6939267
c_1_45_1892,9.554461,-1.5916028
c_1_45_1893,12.935981,0.6615006
c_1_45_1894,11.093184,3.9759035
c_1_45_1895,11.830283,-0.843711
c_1_45_1896,13.617724,-0.37757355
c_1_45_1897,12.409184,0.35188174
c_1_45_1898,6.9015,-0.44380146
c_1_45_1899,8.92156,1.2487961
c_1_45_1900,10.981247,3.1480534
c_1_45_1901,6.315174,-1.328695
c_1_45_1902,11.9459505,-2.2592142
c_1_45_1903,10.715399,1.4887588
c_1_45_1904,10.6494465,3.4290912
c_1_45_1905,5.85164,-0.7139349
c_1_45_1906,13.870359,-0.33429524
c_1_45_1907,5.463361,-1.3177751
c_1_45_1908,5.7923784,-1.909437
c_1_45_1909,10.214959,-1.739453
c_1_45_1910,7.9123216,3.673804
c_1_45_1911,13.127817,3.0595157
c_1_45_1912,7.333529,2.6267607
c_1_45_1913,8.614029,-0.4837265
c_1_45_1914,14.664897,-0.9956984
c_1_45_1915,9.585038,3.231772
c_1_45_1916,10.180586,5.0444946
c_1_45_1917,9.915606,-1.8551391
c_1_45_1918,8.758036,1.4762102
c_1_45_1919,9.783741,0.04207275
c_1_45_1920,9.608292,-0.55979276
c_1_45_1921,12.497719,0.901634
c_1_45_1922,5.089352,-2.3365545
c_1_45_1923,10.438969,4.058298
c_1_45_1924,10.497444,2.028238
c_1_45_1925,8.54279,0.42521614
c_1_45_1926,9.34746,3.7250032
c_1_45_1927,10.88808,3.2506328
c_1_45_1928,6.0614133,-1.8245735
c_1_45_1929,9.900441,3.260214
c_1_45_1930,9.884148,-2.5896418
c_1_45_1931,10.948544,-2.1371365
c_1_45_1932,11.607878,3.626414
c_1_45_1933,12.021263,-3.189211
c_1_45_1934,4.9817233,-1.8978546
c_1_45_1935,9.551504,-1.9906688
c_1_45_1936,10.966849,0.8844097
c_1_45_1937,13.290486,1.1812251
c_1_45_1938,10.951472,-1.3073223
c_1_45_1939,10.539309,2.5813384
c_1_45_1940,9.529591,3.333565
c_1_45_1941,5.8266053,-0.8121019
c_1_45_1942,8.44393,3.45726
c_1_45_1943,9.075836,2.555433
c_1_45_1944,10.094756,-1.7300975
c_1_45_1945,10.649853,4.0400515
c_1_45_1946,7.7991376,1.838042
c_1_45_1947,9.253325,-0.5051949
c_1_45_1948,9.022253,0.4533037
c_1_45_1949,13.279328,-1.3457049
c_1_45_1950,10.473091,-2.8529844
c_1_45_1951,12.240569,0.048031162
c_1_45_1952,9.333975,3.0594754
c_1_45_1953,11.381084,0.9810232
c_1_45_1954,9.277871,1.9927757
c_1_45_1955,6.5224233,-0.5614175
c_1_45_1956,4.7573743,-2.2901146
c_1_45_1957,9.387468,-0.11844202
c_1_45_1958,13.432475,2.5605454
c_1_45_1959,14.176422,1.2961744
c_1_45_1960,10.579229,5.2133765
c_1_45_1961,10.202313,0.17400143
c_1_45_1962,5.573659,-1.7224004
c_1_45_1963,10.0627575,2.9621913
c_1_45_1964,9.291743,-1.3148963
c_1_45_1965,9.229977,4.9447293
c_1_45_1966,12.1264715,0.3469935
c_1_45_1967,10.1750765,0.2899545
c_1_45_1968,13.916751,-1.2995998
c_1_45_1969,5.1359878,-2.032136
c_1_45_1970,13.75942,1.0916609
c_1_45_1971,12.199431,5.2836075
c_1_45_1972,13.6323805,1.805663
c_1_45_1973,6.081362,-1.3503889
c_1_45_1974,10.3329115,3.4841626
c_1_45_1975,10.021274,-0.92953926
c_1_45_1976,8.851504,1.7407017
c_1_45_1977,9.082063,-0.63768053
c_1_45_1978,9.439188,0.9525164
c_1_45_1979,14.020489,1.3976632
c_1_45_1980,10.474952,2.9516726
c_1_45_1981,13.007241,1.5281332
c_1_45_1982,11.90557,5.255248
c_1_45_1983,9.227142,-0.58115584
c_1_45_1984,11.637364,5.0813165
c_1_45_1985,12.591237,0.5029529
c_1_45_1986,10.538584,5.138721
c_1_45_1987,9.177009,-0.53971875
c_1_45_1988,14.866211,3.5644345
c_1_45_1989,8.586175,-0.77397335
c_1_45_1990,9.324486,0.8238452
c_1_45_1991,8.244531,2.6592386
c_1_45_1992,12.715443,-0.225474
c_1_45_1993,12.890461,2.0602126
c_1_45_1994,10.633571,-1.3446633
c_1_45_1995,10.80674,2.541016
c_1_45_1996,13.312023,-1.4393059
c_1_45_1997,4.797669,-2.4228435
c_1_45_1998,10.140453,2.6534734
c_1_45_1999,9.607375,3.7062771
c_1_45_2000,9.111111,-0.4458997
c_1_45_2001,9.496552,2.0298717
c_1_45_2002,9.712162,0.2868856
c_1_45_2003,12.560773,1.1001052
c_1_45_2004,12.066988,2.0234697
c_1_45_2005,8.877276,3.8098733
c_1_45_2006,13.86504,2.1410606
c_1_45_2007,6.578717,-0.3411087
c_1_45_2008,11.672345,-2.1167777
c_1_45_2009,10.256117,0.22316056
c_1_45_2010,10.299456,2.4984138
c_1_45_2011,9.34087,-1.3883219
c_1_45_2012,9.951214,4.028908
c_1_45_2013,9.664491,3.2752328
c_1_45_2014,9.142252,3.5379457
c_1_45_2015,10.877545,-1.1883355
c_1_45_2016,9.407143,4.4821186
c_1_45_2017,9.357212,-1.7688829
c_1_45_2018,10.65861,2.4403517
c_1_45_2019,7.738452,0.28222027
c_1_45_2020,9.696231,0.29898337
c_1_45_2021,8.987608,0.9812683
c_1_45_2022,12.188782,2.1300418
c_1_45_2023,9.73119,2.9282463
c_1_45_2024,10.484562,3.5529742
c_1_45_2025,9.495522,2.2474632
c_1_45_2026,10.950428,2.8482375
c_1_45_2027,9.2983885,0.7456713
c_1_45_2028,12.434149,2.6444583
c_1_45_2029,5.917219,-1.5912145
c_1_45_2030,9.773521,4.114869
c_1_45_2031,5.6473746,-1.4543115
c_1_45_2032,5.021034,-2.3988292
c_1_45_2033,8.66598,4.944469
c_1_45_2034,9.65248,1.204255
c_1_45_2035,8.889315,2.1056275
c_1_45_2036,9.244921,2.412524
c_1_45_2037,12.104415,2.2155724
c_1_45_2038,10.520284,-0.53951263
c_1_45_2039,10.060755,-0.18800087
c_1_45_2040,8.513406,4.244423
c_1_45_2041,14.105134,1.2793968
c_1_45_2042,5.013426,-2.3117013
c_1_45_2043,9.491757,2.896247
c_1_45_2044,14.2725315,4.9075584
c_1_45_2045,6.3174605,-1.8001097
c_1_45_2046,13.818531,1.4927139
c_1_45_2047,10.834163,1.1800499
c_1_45_2048,9.291229,1.2672738
c_1_45_2049,13.631329,-0.4493883
c_1_45_2050,5.862178,-1.3350625
c_1_45_2051,10.304409,2.288081
c_1_45_2052,12.717272,3.246337
c_1_45_2053,10.561999,0.28208354
c_1_45_2054,8.958729,-0.47852552
c_1_45_2055,8.513979,4.511346
c_1_45_2056,9.095039,2.1058254
c_1_45_2057,4.588663,-2.1548872
c_1_45_2058,9.819456,4.0642824
c_1_45_2059,5.3186064,-2.1286664
c_1_45_2060,9.821606,2.1522336
c_1_45_2061,9.456776,0.5039122
c_1_45_2062,8.062984,1.7829851
c_1_45_2063,8.92573,-0.7040172
c_1_45_2064,10.594682,3.9836037
c_1_45_2065,11.727108,1.7118424
c_1_45_2066,14.071091,3.3565235
c_1_45_2067,8.910975,-1.0403627
c_1_45_2068,12.9949045,0.74946076
c_1_45_2069,13.380891,0.80611426
c_1_45_2070,9.489873,-1.3471049
c_1_45_2071,9.892148,-0.45319715
c_1_45_2072,10.50494,3.2578769
c_1_45_2073,10.828064,-0.03638084
c_1_45_2074,9.977234,-0.30440572
c_1_45_2075,12.102707,0.35253593
c_1_45_2076,8.354712,2.5841694
c_1_45_2077,14.144945,2.9365263
c_1_45_2078,14.175813,1.1356443
c_1_45_2079,13.765894,0.18414414
c_1_45_2080,11.122895,1.6899464
c_1_45_2081,10.197725,1.4272033
c_1_45_2082,6.3559422,-0.63756275
c_1_45_2083,9.598592,0.21383595
c_1_45_2084,12.305513,-0.736431
c_1_45_2085,11.214835,-1.7425736
c_1_45_2086,10.779942,0.5856078
c_1_45_2087,9.158302,2.937382
c_1_45_2088,10.077169,3.7765098
c_1_45_2089,10.26265,0.06566405
c_1_45_2090,8.422331,1.6325948
c_1_45_2091,8.804458,-0.14819162
c_1_45_2092,10.126103,-1.4198693
c_1_45_2093,11.295814,1.5173184
c_1_45_2094,10.456087,0.7600945
c_1_45_2095,8.961594,3.8491797
c_1_45_2096,5.9757433,-1.4713621
c_1_45_2097,13.240913,0.3313869
c_1_45_2098,10.075842,-0.13298786
c_1_45_2099,9.383634,-1.230074
c_1_45_2100,11.903589,1.1341954
c_1_45_2101,9.820248,1.9704837
c_1_45_2102,12.392598,1.693967
c_1_45_2103,8.361884,3.7551303
c_1_45_2104,13.802968,5.2129025
c_1_45_2105,13.454777,2.5409722
c_1_45_2106,12.1964855,0.5758196
c_1_45_2107,10.121932,1.913028
c_1_45_2108,9.820265,0.056258734
c_1_45_2109,11.538189,0.44223154
c_1_45_2110,13.212405,-0.30303875
c_1_45_2111,9.503924,-0.44021097
c_1_45_2112,10.968964,-1.1970766
c_1_45_2113,8.477009,4.90364
c_1_45_2114,8.792178,1.9357886
c_1_45_2115,9.621786,3.1698368
c_1_45_2116,11.633678,3.6057642
c_1_45_2117,6.1635394,-1.4543527
c_1_45_2118,10.6585655,1.2985266
c_1_45_2119,9.753993,-2.3408203
c_1_45_2120,10.640383,0.19887502
c_1_45_2121,6.0472555,-1.024105
c_1_45_2122,9.790092,4.3616056
c_1_45_2123,9.048106,-0.790179
c_1_45_2124,14.881266,3.294944
c_1_45_2125,11.08386,-0.13002267
c_1_45_2126,10.271753,0.4289991
c_1_45_2127,11.881546,-3.6771638
c_1_45_2128,8.794066,1.0731727
c_1_45_2129,12.525175,0.07892521
c_1_45_2130,7.9552045,2.9887323
c_1_45_2131,9.699105,3.4186845
c_1_45_2132,12.594881,1.2320378
c_1_45_2133,9.215205,-1.5205415
c_1_45_2134,10.368482,1.0218121
c_1_45_2135,9.346209,0.41180027
c_1_45_2136,10.351351,-1.5364683
c_1_45_2137,13.476835,1.3044952
c_1_45_2138,9.330204,2.743831
c_1_45_2139,8.732165,-0.7820899
c_1_45_2140,6.202331,-1.2258612
c_1_45_2141,10.812004,-1.1692454
c_1_45_2142,9.221112,1.4457065
c_1_45_2143,10.104777,-0.81633025
c_1_45_2144,13.660115,1.5535605
c_1_45_2145,10.487316,3.4251573
c_1_45_2146,4.976224,-2.2323928
c_1_45_2147,6.3265867,-0.7621061
c_1_45_2148,9.744231,0.7898819
c_1_45_2149,10.312884,-0.23912331
c_1_45_2150,9.561556,3.5902588
c_1_45_2151,11.51314,-2.0277874
c_1_45_2152,13.958057,-1.1151016
c_1_45_2153,9.495351,-1.2150997
c_1_45_2154,9.319349,0.5188875
c_1_45_2155,10.497763,-1.5919327
c_1_45_2156,8.197708,2.8825965
c_1_45_2157,10.539644,0.6035855
c_1_45_2158,9.954891,2.348969
c_1_45_2159,10.013258,3.4054222
c_1_45_2160,8.438591,4.357251
c_1_45_2161,8.385019,-0.6066112
c_1_45_2162,10.741036,-1.8987774
c_1_45_2163,8.233105,3.4203947
c_1_45_2164,8.362178,4.883088
c_1_45_2165,12.667914,0.9981773
c_1_45_2166,6.462996,-1.1373491
c_1_45_2167,11.357638,3.002128
c_1_45_2168,9.445385,2.3370194
c_1_45_2169,12.244255,1.5475585
c_1_45_2170,9.660387,1.1113076
c_1_45_2171,11.022887,1.5545099
c_1_45_2172,8.971414,3.8192337
c_1_45_2173,10.262521,-2.5707226
c_1_45_2174,10.804691,0.9082312
c_1_45_2175,10.005328,2.016401
c_1_45_2176,8.238114,1.6318924
c_1_45_2177,11.483331,1.7975222
c_1_45_2178,9.1182785,-1.1155764
c_1_45_2179,12.182966,1.321727
c_1_45_2180,8.640159,1.4599661
c_1_45_2181,6.1861773,-0.55106133
c_1_45_2182,9.752378,-0.58853346
c_1_45_2183,9.70856,-1.2778828
c_1_45_2184,10.373772,0.44898432
c_1_45_2185,9.984662,-1.212401
c_1_45_2186,8.944626,-0.23476166
c_1_45_2187,8.923257,-0.3406924
c_1_45_2188,9.992643,2.1736572
c_1_45_2189,10.611264,-0.042510096
c_1_45_2190,10.287736,0.53077596
c_1_45_2191,9.741907,1.7699752
c_1_45_2192,11.988212,0.8697886
c_1_45_2193,10.46381,0.7605201
c_1_45_2194,9.354514,0.3042697
c_1_45_2195,12.926455,1.695191
c_1_45_2196,13.947901,-1.9702048
c_1_45_2197,5.7530913,-2.1153033
c_1_45_2198,10.515813,-0.23566209
c_1_45_2199,10.528234,-2.6327984
c_1_45_2200,12.097049,1.0338538
c_1_45_2201,4.7797794,-2.669668
c_1_45_2202,10.342179,-1.3263664
c_1_45_2203,8.612873,3.063362
c_1_45_2204,9.983975,-2.2153766
c_1_45_2205,9.507054,-0.15482637
c_1_45_2206,10.234967,1.0841005
c_1_45_2207,10.370548,0.49192062
c_1_45_2208,11.061551,-1.9154305
c_1_45_2209,6.4533987,-0.47798887
c_1_45_2210,14.195086,-1.4461185
c_1_45_2211,12.064603,0.5055514
c_1_45_2212,10.089433,-0.6121996
c_1_45_2213,10.890249,3.0411942
c_1_45_2214,12.590879,2.2857676
c_1_45_2215,4.8936987,0.46555194
c_1_45_2216,11.382521,-2.3759363
c_1_45_2217,13.848889,-2.0508459
c_1_45_2218,10.181678,-0.62250787
c_1_45_2219,10.282103,-0.55883044
c_1_45_2220,8.832917,-1.1088853
c_1_45_2221,12.493975,-3.2856612
c_1_45_2222,5.7941413,-1.221677
c_1_45_2223,9.78316,-0.5541088
c_1_45_2224,10.75004,1.43717
c_1_45_2225,10.66964,-2.9665163
c_1_45_2226,9.69058,-0.6947021
c_1_45_2227,9.450424,-0.5895399
c_1_45_2228,9.198674,4.294808
c_1_45_2229,5.3598127,-1.4912452
c_1_45_2230,10.149348,0.9228009
c_1_45_2231,12.276045,3.562117
c_1_45_2232,9.135449,-1.2448118
c_1_45_2233,11.258901,3.911631
c_1_45_2234,10.868063,-1.4085549
c_1_45_2235,10.8485,-0.1776981
c_1_45_2236,11.732007,1.8927083
c_1_45_2237,10.065308,-0.04615605
c_1_45_2238,10.790693,-1.1741973
c_1_45_2239,10.800428,-0.1705849
c_1_45_2240,10.394485,0.21842617
c_1_45_2241,9.658098,1.0945826
c_1_45_2242,13.938254,-2.267806
c_1_45_2243,10.189876,0.23031089
c_1_45_2244,8.282371,2.5054128
c_1_45_2245,11.755671,2.4334097
c_1_45_2246,13.461049,2.5551066
c_1_45_2247,10.7138405,-0.27544913
c_1_45_2248,11.225366,2.3831708
c_1_45_2249,10.494216,1.0118065
c_1_45_2250,10.300171,-2.5539372
c_1_45_2251,9.221492,-0.1700876
c_1_45_2252,5.7717,-1.9676343
c_1_45_2253,4.609093,-2.262547
c_1_45_2254,10.463752,-2.4612613
c_1_45_2255,8.500197,4.1678476
c_1_45_2256,13.934044,-1.8403988
c_1_45_2257,10.017232,1.6713535
c_1_45_2258,10.453016,-2.1941338
c_1_45_2259,15.146456,2.766146
c_1_45_2260,4.9232626,-1.8319983
c_1_45_2261,8.880713,-0.2841026
c_1_45_2262,8.547835,-0.0145883635
c_1_45_2263,9.655602,-0.66880244
c_1_45_2264,12.415861,-0.09062244
c_1_45_2265,9.0968,-0.41007617
c_1_45_2266,8.572276,-0.053953215
c_1_45_2267,11.041503,1.3010113
c_1_45_2268,10.477982,-1.0979868
c_1_45_2269,5.3453836,-1.8488275
c_1_45_2270,8.655417,-0.7799599
c_1_45_2271,13.076369,-0.8553278
c_1_45_2272,12.972628,-1.1729947
c_1_45_2273,12.076644,1.2737979
c_1_45_2274,10.520731,1.3070995
c_1_45_2275,11.328774,0.6823229
c_1_45_2276,6.2630944,-0.64765245
c_1_45_2277,11.427884,1.2675042
c_1_45_2278,9.418908,0.75036216
c_1_45_2279,6.397841,-0.48031825
c_1_45_2280,10.02491,0.64274937
c_1_45_2281,8.897871,0.038724095
c_1_45_2282,12.935489,1.2648586
c_1_45_2283,10.468984,2.3585994
c_1_45_2284,8.578478,0.0006168373
c_1_45_2285,9.20826,4.4873295
c_1_45_2286,9.440325,-1.4933572
c_1_45_2287,11.958652,0.4583903
c_1_45_2288,11.153328,4.179608
c_1_45_2289,11.224348,1.7338413
c_1_45_2290,14.586752,-1.283261
c_1_45_2291,10.167161,2.1872673
c_1_45_2292,14.049399,-2.4775424
c_1_45_2293,12.902554,-0.80776566
c_1_45_2294,13.353862,0.011582989
c_1_45_2295,9.6263275,0.44094846
c_1_45_2296,9.193329,0.4337578
c_1_45_2297,4.3810105,-2.359468
c_1_45_2298,8.755847,-1.3694406
c_1_45_2299,5.01076,-2.1374178
c_1_45_2300,10.397153,-0.9869382
c_1_45_2301,9.24592,-0.13757446
c_1_45_2302,9.342116,3.0306456
c_1_45_2303,13.128859,-0.19892041
c_1_45_2304,13.255466,-0.20869406
c_1_45_2305,5.584973,-1.6671177
c_1_45_2306,9.340761,4.1675115
c_1_45_2307,10.247289,-1.1137967
c_1_45_2308,9.282247,-0.7677825
c_1_45_2309,9.982129,-0.8164041
c_1_45_2310,11.28446,-0.32832325
c_1_45_2311,9.383842,3.523005
c_1_45_2312,8.684414,3.3436272
c_1_45_2313,8.666026,4.6427417
c_1_45_2314,10.404571,3.2025785
c_1_45_2315,11.538409,0.5253346
c_1_45_2316,12.767063,1.4974061
c_1_45_2317,9.106113,-0.20240384
c_1_45_2318,8.663239,0.226962
c_1_45_2319,12.959126,0.21759269
c_1_45_2320,12.940612,0.37074077
c_1_45_2321,11.162017,-2.4989297
c_1_45_2322,8.8627,2.2605016
c_1_45_2323,13.397894,1.561111
c_1_45_2324,8.930942,4.0973153
c_1_45_2325,13.691137,-0.46885616
c_1_45_2326,12.087713,0.36738506
c_1_45_2327,6.7987967,-0.8240228
c_1_45_2328,13.09779,2.1652741
c_1_45_2329,14.226592,-0.70181936
c_1_45_2330,9.647679,-1.8344302
c_1_45_2331,9.699188,0.4144795
c_1_45_2332,11.217814,1.1286464
c_1_45_2333,8.20891,0.6641206
c_1_45_2334,8.579385,0.11963764
c_1_45_2335,11.409053,-2.121766
c_1_45_2336,10.306792,-0.8414607
c_1_45_2337,9.489646,-1.5050595
c_1_45_2338,9.038496,5.0385246
c_1_45_2339,8.622628,-0.08277694
c_1_45_2340,6.532005,2.6676207
c_1_45_2341,13.5308485,0.117819995
c_1_45_2342,10.154014,0.3316774
c_1_45_2343,9.035551,0.5115483
c_1_45_2344,6.0828786,-1.5218236
c_1_45_2345,13.149175,3.2880323
c_1_45_2346,9.537115,2.7266955
c_1_45_2347,10.502444,-1.5907091
c_1_45_2348,9.010504,-0.69167423
c_1_45_2349,4.798685,-1.655255
c_1_45_2350,9.747414,0.21210411
c_1_45_2351,11.962744,1.151092
c_1_45_2352,9.484557,0.41415474
c_1_45_2353,9.670904,-1.4374046
c_1_45_2354,11.4368305,0.45038617
c_1_45_2355,7.7769303,1.1176001
c_1_45_2356,9.79455,0.9297796
c_1_45_2357,9.4967375,0.23791997
c_1_45_2358,10.839887,1.9466532
c_1_45_2359,10.058076,0.030660888
c_1_45_2360,13.458958,-1.0166765
c_1_45_2361,9.609699,-1.4149109
c_1_45_2362,6.3433456,-0.8978385
c_1_45_2363,10.809893,-0.03984671
c_1_45_2364,8.901644,-0.66624886
c_1_45_2365,10.6348715,0.40886644
c_1_45_2366,8.916647,-1.023747
c_1_45_2367,10.477627,-1.00438
c_1_45_2368,9.975865,0.56617504
c_1_45_2369,9.465909,3.6224968
c_1_45_2370,13.116771,1.464154
c_1_45_2371,9.264853,-1.3604645
c_1_45_2372,9.136215,1.9726925
c_1_45_2373,12.564044,1.0523862
c_1_45_2374,6.0757995,-0.491945
c_1_45_2375,12.317662,-1.2291619
c_1_45_2376,7.916127,0.026176224
c_1_45_2377,9.910759,-1.0961357
c_1_45_2378,9.598772,0.26742834
c_1_45_2379,9.895308,0.122942396
c_1_45_2380,12.258687,-0.029780408
c_1_45_2381,12.381692,0.77093834
c_1_45_2382,11.8989,1.9570267
c_1_45_2383,5.919875,-1.7002772
c_1_45_2384,10.245756,-2.8000696
c_1_45_2385,7.8536325,2.5292754
c_1_45_2386,10.713687,0.06713624
c_1_45_2387,10.463799,1.6882446
c_1_45_2388,10.703861,-3.1197937
c_1_45_2389,9.719861,0.28918266
c_1_45_2390,10.094925,-2.6483662
c_1_45_2391,9.115298,-0.10195611
c_1_45_2392,14.012719,-1.728191
c_1_45_2393,11.041307,1.5211909
c_1_45_2394,8.310373,0.18749325
c_1_45_2395,8.654729,-0.36810854
c_1_45_2396,10.388776,2.5110767
c_1_45_2397,10.802694,-1.2596745
c_1_45_2398,11.680745,0.005300936
c_1_45_2399,9.547957,-0.7697909
c_1_45_2400,9.702605,2.1638713
c_1_45_2401,8.652378,-0.944683
c_1_45_2402,8.053955,1.2503638
c_1_45_2403,14.93241,3.9268937
c_1_45_2404,13.417344,5.4081216
c_1_45_2405,13.948285,3.270556
c_1_45_2406,15.14123,3.6177068
c_1_45_2407,10.55013,1.2540414
c_1_45_2408,9.727564,0.4148748
c_1_45_2409,10.078043,0.35153246
c_1_45_2410,9.412917,-1.5783503
c_1_45_2411,7.9228263,3.1635873
c_1_45_2412,9.835773,-0.89735514
c_1_45_2413,12.821862,-0.11080955
c_1_45_2414,6.078216,-1.655865
c_1_45_2415,10.01891,1.2990917
c_1_45_2416,11.517355,-1.4681207
c_1_45_2417,8.62683,-0.17668152
c_1_45_2418,14.950183,2.5076497
c_1_45_2419,9.422943,-1.6124172
c_1_45_2420,8.864505,0.13072337
c_1_45_2421,9.869215,-0.3393964
c_1_45_2422,13.383871,-0.42620987
c_1_45_2423,9.309389,-0.7064524
c_1_45_2424,4.6081324,-2.224929
c_1_45_2425,9.621166,-0.98446125
c_1_45_2426,5.560631,3.1438751
c_1_45_2427,6.614548,-0.85330373
c_1_45_2428,14.393917,-1.6633403
c_1_45_2429,9.553303,-0.3347215
c_1_45_2430,10.406222,-2.472918
c_1_45_2431,10.163396,-0.62923986
c_1_45_2432,6.406813,-1.2051337
c_1_45_2433,12.336531,-0.059126943
c_1_45_2434,8.892757,-0.75197566
c_1_45_2435,10.625791,-1.7964174
c_1_45_2436,10.8272915,0.51394886
c_1_45_2437,10.750304,-0.993584
c_1_45_2438,10.841078,-2.5727239
c_1_45_2439,10.5345745,2.1127195
c_1_45_2440,5.281399,-2.02284
c_1_45_2441,10.92392,-1.3492227
c_1_45_2442,9.644902,-1.2394472
c_1_45_2443,9.485302,0.574364
c_1_45_2444,9.740972,-1.4569569
c_1_45_2445,9.278881,4.1196895
c_1_45_2446,9.222415,0.03729303
c_1_45_2447,9.516108,-0.79833823
c_1_45_2448,9.293379,-1.3259854
c_1_45_2449,11.055276,0.67165375
c_1_45_2450,9.917627,0.4648601
c_1_45_2451,10.844919,0.9269533
c_1_45_2452,12.027104,0.4572733
c_1_45_2453,9.597162,-0.42152342
c_1_45_2454,8.600975,-0.670866
c_1_45_2455,9.57611,2.310916
c_1_45_2456,11.090408,-0.06412172
c_1_45_2457,14.238108,-1.2362772
c_1_45_2458,11.224633,1.664197
c_1_45_2459,14.504439,-2.1505792
c_1_45_2460,8.771633,-0.019350627
c_1_45_2461,9.466437,-1.0191613
c_1_45_2462,9.600248,-2.209053
c_1_45_2463,9.322693,1.0564017
c_1_45_2464,11.388738,2.3249228
c_1_45_2465,11.112712,-0.19887434
c_1_45_2466,6.255217,-1.3622167
c_1_45_2467,5.837025,-1.4269547
c_1_45_2468,10.9507065,-2.787533
c_1_45_2469,12.108886,0.92507255
c_1_45_2470,8.794756,-1.0973485
c_1_45_2471,11.857556,-0.4429318
c_1_45_2472,12.474601,1.2404046
c_1_45_2473,13.546376,1.2900892
c_1_45_2474,4.3873506,-2.0166698
c_1_45_2475,11.303295,-2.4447143
c_1_45_2476,9.847617,2.414483
c_1_45_2477,12.29921,2.3431559
c_1_45_2478,5.4214196,-2.4501374
c_1_45_2479,11.615932,0.70738393
c_1_45_2480,5.7572746,-0.24866876
c_1_45_2481,10.970468,-3.34242
c_1_45_2482,9.62011,-1.6371359
c_1_45_2483,8.60001,-0.16867706
c_1_45_2484,9.912753,-0.25543857
c_1_45_2485,11.0259075,0.82035923
c_1_45_2486,13.387342,2.8031528
c_1_45_2487,10.533975,0.7613535
c_1_45_2488,7.0147877,-0.57301325
c_1_45_2489,8.652514,-0.3628432
c_1_45_2490,12.162418,-0.8273092
c_1_45_2491,11.958229,-3.8570254
c_1_45_2492,8.606117,-0.7031212
c_1_45_2493,10.749353,1.1715095
c_1_45_2494,10.423763,-0.7610967
c_1_45_2495,11.248134,1.349061
c_1_45_2496,4.356771,-2.0798168
c_1_45_2497,9.911803,-1.0092592
c_1_45_2498,11.033591,-2.966442
c_1_45_2499,9.424653,0.03855746
c_1_45_2500,6.785438,0.81162983
c_1_45_2501,6.2675986,-1.3293315
c_1_45_2502,9.563714,0.6437537
c_1_45_2503,9.9545355,-0.05019128
c_1_45_2504,10.481388,-0.53313285
c_1_45_2505,8.496867,3.125366
c_1_45_2506,10.49496,0.9338379
c_1_45_2507,8.172072,4.852861
c_1_45_2508,11.811665,0.24745877
c_1_45_2509,6.0924635,0.4939873
c_1_45_2510,10.618424,0.030878901
c_1_45_2511,13.1078615,0.7701855
c_1_45_2512,8.579174,4.5098734
c_1_45_2513,8.216814,3.216311
c_1_45_2516,7.0903587,2.2085598
c_1_45_2517,10.579381,0.16216356
c_1_45_2518,8.847561,5.602427
c_1_45_2520,9.483661,5.5329556
c_1_45_2521,9.058493,2.9419096
c_1_45_2523,13.495332,2.836349
c_1_45_2524,10.6899395,2.3486984
c_1_45_2525,9.255292,5.603159
c_1_45_2527,14.915418,1.4411497
c_1_45_2528,14.068685,2.1109412
c_1_45_2529,13.922679,3.4900331
c_1_45_2530,12.6591215,5.4766874
c_1_45_2531,13.87133,4.7857995
c_1_45_2532,13.3047,4.3839464
c_1_45_2533,13.066979,3.1497962
c_1_45_2534,9.365068,4.511685
c_1_45_2535,14.865671,-2.3690226
c_1_45_2536,11.014746,-1.7788208
c_1_45_2537,8.352708,3.1597657
c_1_45_2538,9.512619,1.7270757
c_1_45_2539,13.284926,4.184368
c_1_45_2541,14.430687,4.3211126
c_1_45_2543,13.674129,-0.5355337
c_1_45_2544,11.968417,2.0155177
c_1_45_2546,8.658001,4.858945
c_1_45_2547,8.796187,4.128369
c_1_45_2548,7.870792,4.793517
c_1_45_2550,8.665684,2.292713
c_1_45_2551,9.502065,5.0254064
c_1_45_2552,8.2570095,4.7880354
c_1_45_2553,8.0679455,5.0670214
c_1_45_2556,10.690738,3.350945
c_1_45_2557,9.667737,4.8242874
c_1_45_2558,8.739116,5.3982496
c_1_45_2559,8.140221,3.541975
c_1_45_2560,11.161897,2.0292327
c_1_45_2561,8.843825,0.5635599
c_1_45_2562,9.381814,3.121805
c_1_45_2563,13.009125,2.445347
c_1_45_2564,9.753521,4.6946225
c_1_45_2565,11.592897,4.5284343
c_1_45_2566,7.932191,3.5209522
c_1_45_2567,11.539709,4.5466127
c_1_45_2568,13.089521,1.0924815
c_1_45_2569,10.097335,4.0625815
c_1_45_2570,13.18973,3.2164543
c_1_45_2571,12.077517,3.0491288
c_1_45_2572,9.193469,4.3028197
c_1_45_2573,9.659998,3.6041121
c_1_45_2574,8.08411,1.924268
c_1_45_2575,12.259945,1.7417166
c_1_45_2576,11.568363,2.6935232
c_1_45_2577,14.79205,5.068106
c_1_45_2578,10.763751,2.0611773
c_1_45_2579,12.135168,4.6037736
c_1_45_2580,11.571969,3.7571588
c_1_45_2581,8.610669,5.020081
c_1_45_2582,9.110056,4.5531063
c_1_45_2583,9.138523,-0.13244472
c_1_45_2584,9.523342,5.2857537
c_1_45_2585,13.141937,3.2765467
c_1_45_2586,10.801049,1.541723
c_1_45_2587,9.0496855,4.578104
c_1_45_2588,10.306415,3.2124848
c_1_45_2589,11.244497,4.876953
c_1_45_2590,12.786852,2.103713
c_1_45_2592,11.275783,4.012931
c_1_45_2593,8.859519,1.377132
c_1_45_2594,7.885466,3.8833046
c_1_45_2595,9.879667,2.4136343
c_1_45_2596,12.446544,5.1906
c_1_45_2597,10.811076,2.4441025
c_1_45_2598,11.16536,1.2373731
c_1_45_2599,9.754993,1.6703593
c_1_45_2600,9.892264,1.6803823
c_1_45_2601,9.52499,4.6774716
c_1_45_2602,10.989944,4.122979
c_1_45_2603,9.577262,5.261192
c_1_45_2604,7.807583,3.1743371
c_1_45_2605,8.638698,4.5574846
c_1_45_2606,8.20106,4.712863
c_1_45_2607,10.092782,0.57334536
c_1_45_2608,7.991939,2.1880302
c_1_45_2609,12.853075,4.590225
c_1_45_2610,12.18698,4.6080174
c_1_45_2611,8.719157,0.8767689
c_1_45_2612,9.888108,2.7277584
c_1_45_2613,9.185435,4.2126083
c_1_45_2614,12.131709,3.5401392
c_1_45_2616,11.090207,3.059495
c_1_45_2617,14.795059,3.024966
c_1_45_2618,7.7145395,3.8338578
c_1_45_2619,9.51423,3.574858
c_1_45_2620,9.702641,3.7228043
c_1_45_2621,12.441795,4.6038256
c_1_45_2622,9.376981,1.1756607
c_1_45_2623,10.755576,3.553737
c_1_45_2624,9.926863,4.525125
c_1_45_2625,9.050956,3.7147753
c_1_45_2626,14.716679,5.300881
c_1_45_2627,9.365815,3.5750427
c_1_45_2628,10.157787,4.6699867
c_1_45_2629,8.339294,4.423042
c_1_45_2630,10.6248865,4.26858
c_1_45_2631,8.1446085,4.5476785
c_1_45_2632,8.288094,4.8674827
c_1_45_2633,8.732657,5.2422047
c_1_45_2634,9.920776,2.3540483
c_1_45_2635,11.452399,3.648598
c_1_45_2637,9.264239,2.6370587
c_1_45_2638,8.738896,4.7824273
c_1_45_2639,11.966552,4.190691
c_1_45_2640,12.234501,2.5960052
c_1_45_2641,8.597904,4.2514915
c_1_45_2642,8.997556,0.5488133
c_1_45_2643,11.6118,5.032615
c_1_45_2644,13.58309,1.8863842
c_1_45_2645,14.6957655,4.2132897
c_1_45_2646,8.707468,3.8282504
c_1_45_2647,9.325614,4.1642036
c_1_45_2648,8.715835,0.65948933
c_1_45_2649,8.755517,5.6421676
c_1_45_2650,9.356758,3.3480372
c_1_45_2651,11.299761,5.061792
c_1_45_2652,12.1184225,0.5495017
c_1_45_2653,8.707258,3.8862343
c_1_45_2654,12.11679,4.229027
c_1_45_2655,11.515792,0.32590112
c_1_45_2656,9.333024,4.085248
c_1_45_2657,9.954136,1.8582973
c_1_45_2658,11.531372,4.7590523
c_1_45_2659,9.031904,4.130778
c_1_45_2660,9.515421,1.4942721
c_1_45_2661,12.701102,4.0308304
c_1_45_2662,8.566875,3.61069
c_1_45_2663,11.008616,3.6196787
c_1_45_2664,9.635156,4.69225
c_1_45_2665,11.037507,3.6327753
c_1_45_2666,9.29514,4.9037294
c_1_45_2668,10.617201,5.2191167
c_1_45_2669,8.933781,4.1881332
c_1_45_2670,9.419717,3.241017
c_1_45_2671,11.913109,4.6325707
c_1_45_2672,8.777864,3.4586623
c_1_45_2673,10.384372,4.404727
c_1_45_2674,8.839331,2.6249216
c_1_45_2675,13.259987,4.495909
c_1_45_2676,13.981592,4.338411
c_1_45_2677,12.3542,4.608637
c_1_45_2678,8.799988,4.1829376
c_1_45_2679,9.46766,3.660386
c_1_45_2680,9.890684,4.553857
c_1_45_2682,8.8571005,3.4188292
c_1_45_2683,10.170313,2.7981033
c_1_45_2684,8.993543,3.4821897
c_1_45_2685,9.086554,3.3022518
c_1_45_2686,9.457905,1.8778758
c_1_45_2687,13.708439,3.960389
c_1_45_2688,9.329661,3.268619
c_1_45_2689,8.700923,2.7338793
c_1_45_2690,9.50056,3.3474605
c_1_45_2691,9.311908,4.250299
c_1_45_2692,10.695547,2.9371433
c_1_45_2693,11.000899,0.7908559
c_1_45_2694,8.77014,4.588865
c_1_45_2695,8.906105,0.77359456
c_1_45_2696,9.913429,5.1606107
c_1_45_2697,10.604047,3.0217226
c_1_45_2698,10.761325,5.420072
c_1_45_2699,8.821765,4.123369
c_1_45_2700,11.399735,1.652407
c_1_45_2701,9.325627,3.867199
c_1_45_2702,10.765702,3.7944415
c_1_45_2703,9.828663,3.076941
c_1_45_2704,8.796561,5.2272067
c_1_45_2705,10.230648,3.7771053
c_1_45_2706,15.112329,4.5388627
c_1_45_2707,9.079994,1.9286145
c_1_45_2708,14.994112,5.0802684
c_1_45_2709,9.32832,0.3485473
c_1_45_2710,10.062976,1.0804304
c_1_45_2711,9.906255,4.545747
c_1_45_2712,9.70182,4.181104
c_1_45_2713,13.557217,4.1443434
c_1_45_2714,8.69502,3.7316704
c_1_45_2715,11.925686,0.9506868
c_1_45_2716,12.23149,4.5417533
c_1_45_2717,12.415587,4.24956
c_1_45_2718,11.4099,2.7476332
c_1_45_2719,9.081477,4.432951
c_1_45_2720,12.475908,1.3183075
c_1_45_2721,10.311908,0.95914423
c_1_45_2722,10.122649,4.7783275
c_1_45_2723,11.492369,2.9965467
c_1_45_2724,9.993646,3.9149988
c_1_45_2726,12.204109,4.243717
c_1_45_2727,8.332847,3.8621793
c_1_45_2728,11.760476,2.557404
c_1_45_2729,7.9189477,0.9235234
c_1_45_2730,9.668484,3.50758
c_1_45_2731,9.286427,5.204247
c_1_45_2732,11.2470455,4.36919
c_1_45_2733,8.556998,2.8345711
c_1_45_2734,8.389207,3.5279317
c_1_45_2735,12.203029,4.8789396
c_1_45_2736,11.539178,3.9475935
c_1_45_2737,12.5342,4.608225
c_1_45_2738,12.593527,3.5951245
c_1_45_2739,12.458383,1.8763067
c_1_45_2740,13.180282,4.5053034
c_1_45_2741,15.157022,4.7261767
c_1_45_2742,10.123764,1.6730227
c_1_45_2743,12.198239,4.1064773
c_1_45_2744,11.074815,4.8490787
c_1_45_2745,9.972718,4.5706654
c_1_45_2746,9.549624,3.4103453
c_1_45_2747,10.031115,1.2646314
c_1_45_2748,12.630797,2.6005707
c_1_45_2749,11.617552,2.421064
c_1_45_2750,8.932312,3.68534
c_1_45_2751,11.685694,4.65966
c_1_45_2753,8.36408,4.253384
c_1_45_2754,13.872635,1.5127133
c_1_45_2755,11.493233,4.389073
c_1_45_2756,8.66936,5.2792845
c_1_45_2757,8.7143345,-0.2535825
c_1_45_2758,8.765991,0.64413774
c_1_45_2759,9.317551,2.68443
c_1_45_2760,11.312812,2.259948
c_1_45_2761,7.669187,1.0919573
c_1_45_2762,11.185388,4.216162
c_1_45_2763,8.597569,5.2277284
c_1_45_2764,12.312207,2.3323777
c_1_45_2765,8.95653,4.034439
c_1_45_2766,9.642701,3.699291
c_1_45_2767,10.829997,5.0357594
c_1_45_2768,10.263616,4.377188
c_1_45_2769,8.248807,2.9310122
c_1_45_2770,8.794193,3.2885833
c_1_45_2771,12.565244,3.965158
c_1_45_2772,11.480055,2.9863033
c_1_45_2773,12.734259,0.30267432
c_1_45_2774,9.035407,3.8634012
c_1_45_2775,14.308581,1.7610729
c_1_45_2776,8.323888,4.6031113
c_1_45_2777,8.962224,5.1921616
c_1_45_2778,10.448661,3.3701773
c_1_45_2779,11.270279,-0.4579113
c_1_45_2780,13.955499,1.5351855
c_1_45_2781,8.72542,3.9868636
c_1_45_2782,13.000124,4.2732925
c_1_45_2783,9.852152,4.7851696
c_1_45_2784,7.935654,4.2746263
c_1_45_2785,12.78597,2.4571822
c_1_45_2786,10.113831,4.817938
c_1_45_2787,9.795874,1.4936965
c_1_45_2788,12.253793,3.399625
c_1_45_2789,10.592005,2.5962236
c_1_45_2790,8.931735,4.7314224
c_1_45_2791,9.578202,2.5073414
c_1_45_2792,9.396511,5.112431
c_1_45_2793,9.4424095,2.6358926
c_1_45_2794,11.641376,4.6624255
c_1_45_2795,8.190201,0.7839262
c_1_45_2796,9.163797,1.1729994
c_1_45_2797,8.914029,2.8215597
c_1_45_2798,10.88298,4.2944922
c_1_45_2799,9.900143,5.147179
c_1_45_2800,10.465374,3.1084852
c_1_45_2801,9.0413,0.05175026
c_1_45_2802,11.71924,3.9515524
c_1_45_2803,9.555704,4.200628
c_1_45_2804,14.357962,3.4096584
c_1_45_2805,10.370182,2.824613
c_1_45_2806,7.8683195,1.3337616
c_1_45_2807,11.081816,0.91099256
c_1_45_2808,13.303785,3.6464758
c_1_45_2809,10.336131,3.28349
c_1_45_2810,9.345986,4.817775
c_1_45_2811,8.229387,4.3306813
c_1_45_2812,9.11691,5.010498
c_1_45_2813,12.534852,2.8381064
c_1_45_2814,10.110592,3.023729
c_1_45_2815,9.477333,3.315041
c_1_45_2816,13.41338,1.1946088
c_1_45_2817,13.291264,1.840961
c_1_45_2818,9.079649,2.0919547
c_1_45_2820,11.546198,4.2344723
c_1_45_2821,8.893483,4.4005947
c_1_45_2822,9.875835,4.92467
c_1_45_2823,11.712959,3.6586843
c_1_45_2824,10.775155,1.3572296
c_1_45_2825,11.245996,3.8298392
c_1_45_2826,8.4096985,3.205929
c_1_45_2827,8.312634,3.6094155
c_1_45_2828,12.803472,0.7877506
c_1_45_2829,10.683848,3.0228207
c_1_45_2830,10.164557,2.9139738
c_1_45_2831,9.073562,-0.20809889
c_1_45_2832,9.379648,4.7734785
c_1_45_2833,10.0305195,4.371741
c_1_45_2834,13.082716,3.394871
c_1_45_2835,12.173594,1.3572929
c_1_45_2836,10.755688,4.289807
c_1_45_2837,10.709773,2.4304469
c_1_45_2838,14.654831,4.24444
c_1_45_2839,11.5445,4.572308
c_1_45_2840,7.977967,3.4731832
c_1_45_2841,11.932285,4.052048
c_1_45_2842,11.873792,4.184407
c_1_45_2843,12.584326,4.005866
c_1_45_2844,8.581783,5.1056905
c_1_45_2845,8.002514,2.6044927
c_1_45_2846,12.413215,-0.19608925
c_1_45_2847,14.502189,5.044594
c_1_45_2848,14.311699,4.1536016
c_1_45_2849,7.38764,3.3750215
c_1_45_2850,8.0828085,3.292725
c_1_45_2851,13.355236,3.1734807
c_1_45_2852,9.47899,3.9978838
c_1_45_2853,8.925073,5.1006703
c_1_45_2854,8.925042,4.351665
c_1_45_2855,9.732098,4.850036
c_1_45_2856,11.680549,4.548992
c_1_45_2857,14.020496,4.7897096
c_1_45_2858,13.56828,4.1940217
c_1_45_2859,14.800447,4.368933
c_1_45_2860,9.155592,5.3139286
c_1_45_2861,9.101771,2.412569
c_1_45_2862,14.820652,4.9165807
c_1_45_2863,9.545441,3.5696266
c_1_45_2864,8.393868,3.4385412
c_1_45_2865,11.07836,4.5506635
c_1_45_2866,15.010956,5.003782
c_1_45_2867,9.17912,4.230441
c_1_45_2868,12.014241,2.9564948
c_1_45_2869,7.518855,0.7147096
c_1_45_2870,8.659568,5.3237247
c_1_45_2871,15.030121,4.971301
c_1_45_2872,8.985255,4.77362
c_1_45_2873,12.39741,2.822689
c_1_45_2874,8.963402,3.2984235
c_1_45_2875,8.592754,5.439876
c_1_45_2876,10.203071,2.684962
c_1_45_2877,11.333841,4.8533216
c_1_45_2878,12.737749,1.6243837
c_1_45_2879,14.88518,4.9405484
c_1_45_2880,13.689582,4.2084618
c_1_45_2881,11.725427,4.4055157
c_1_45_2882,11.324355,4.6914377
c_1_45_2883,13.938419,-0.4224582
c_1_45_2884,10.401338,1.5295259
c_1_45_2885,11.991376,0.08936436
c_1_45_2886,10.010387,3.1471202
c_1_45_2887,13.394022,4.2585497
c_1_45_2889,9.724661,4.632059
c_1_45_2890,10.344288,1.3959424
c_1_45_2891,9.502125,4.481386
c_1_45_2892,13.295078,3.4952793
c_1_45_2893,9.283562,3.8819847
c_1_45_2894,9.056563,2.186182
c_1_45_2895,12.883006,2.412092
c_1_45_2896,9.6927185,2.8673198
c_1_45_2897,9.236982,4.794797
c_1_45_2898,8.817424,3.1368656
c_1_45_2899,10.913372,1.911016
c_1_45_2900,9.35505,4.954652
c_1_45_2901,13.083768,3.806122
c_1_45_2902,10.535574,5.1929207
c_1_45_2903,8.341428,4.7677197
c_1_45_2904,13.074656,1.8165529
c_1_45_2905,14.133817,5.1309137
c_1_45_2906,13.926394,3.3926609
c_1_45_2907,12.797938,1.9360914
c_1_45_2908,13.088787,3.50023
c_1_45_2909,14.204319,1.3909901
c_1_45_2910,9.602013,5.626721
c_1_45_2911,12.270653,-0.2733833
c_1_45_2912,8.653365,1.1055695
c_1_45_2913,7.83409,4.6915574
c_1_45_2914,8.124736,3.9614353
c_1_45_2915,10.466248,3.062688
c_1_45_2916,9.934396,4.258786
c_1_45_2917,13.057546,5.421969
c_1_45_2918,14.515586,5.7342553
c_1_45_2919,11.526721,4.7718964
c_1_45_2920,8.672644,5.0272784
c_1_45_2921,8.257777,3.285551
c_1_45_2922,9.653206,3.8273478
c_1_45_2923,14.10966,2.8133426
c_1_45_2924,8.362785,4.8509836
c_1_45_2925,9.279127,4.274057
c_1_45_2926,9.833573,2.0837133
c_1_45_2927,8.415224,4.7996626
c_1_45_2928,14.391993,5.6207576
c_1_45_2929,9.869915,5.396532
c_1_45_2930,8.551183,3.6721938
c_1_45_2931,14.434634,4.976223
c_1_45_2932,13.864278,4.942734
c_1_45_2933,9.894088,4.8752007
c_1_45_2934,8.242721,2.821218
c_1_45_2935,9.102743,4.2239146
c_1_45_2936,8.678855,4.70719
c_1_45_2937,12.209518,1.8145732
c_1_45_2938,13.636981,5.4804935
c_1_45_2939,10.446286,3.1682794
c_1_45_2940,10.899027,5.000846
c_1_45_2941,8.566126,4.4901433
c_1_45_2942,8.989273,5.382709
c_1_45_2943,12.984695,4.832452
c_1_45_2944,8.223262,3.4786036
c_1_45_2945,12.153675,-0.3559612
c_1_45_2946,10.130523,3.4046984
c_1_45_2947,12.890592,2.5376441
c_1_45_2948,12.300821,2.7276254
c_1_45_2949,12.082128,1.7652655
c_1_45_2950,14.369136,4.576329
c_1_45_2951,10.117843,3.4840896
c_1_45_2952,12.967942,1.7135769
c_1_45_2953,13.590381,4.6722236
c_1_45_2954,9.164735,3.9565563
c_1_45_2955,9.615403,4.346755
c_1_45_2956,14.307144,5.4087987
c_1_45_2957,10.9772835,4.721884
c_1_45_2958,9.553544,3.1892974
c_1_45_2959,8.689176,4.307828
c_1_45_2960,14.338925,1.8837216
c_1_45_2961,8.392272,4.7336974
c_1_45_2962,10.703101,4.0957
c_1_45_2963,13.93768,4.5600147
c_1_45_2964,13.695918,1.6352024
c_1_45_2965,14.814663,1.7919576
c_1_45_2966,10.195517,2.360493
c_1_45_2967,12.144253,3.0845158
c_1_45_2968,13.903767,3.473225
c_1_45_2969,10.041597,2.8332856
c_1_45_2970,12.170886,5.489883
c_1_45_2971,9.363772,2.6050239
c_1_45_2972,8.678306,4.025539
c_1_45_2973,12.061525,4.73722
c_1_45_2974,8.561936,5.0861263
c_1_45_2975,8.985117,4.304973
c_1_45_2976,10.22248,3.0168111
c_1_45_2977,12.794128,-1.3608714
c_1_45_2978,14.724133,3.3341048
c_1_45_2979,14.131084,4.2781343
c_1_45_2980,10.909903,4.4491215
c_1_45_2981,8.216603,1.5159078
c_1_45_2982,13.493035,3.9757688
c_1_45_2983,8.112617,3.772244
c_1_45_2984,8.084403,3.0447612
c_1_45_2985,11.157915,5.048191
c_1_45_2986,11.43658,0.3054487
c_1_45_2987,10.355081,0.8624168
c_1_45_2988,12.123194,5.276733
c_1_45_2989,7.714474,3.949942
c_1_45_2990,12.996948,3.9683692
c_1_45_2991,8.567843,5.4598837
c_1_45_2992,12.070685,4.736293
c_1_45_2993,11.131482,1.6748588
c_1_45_2994,8.917833,4.932953
c_1_45_2995,9.81287,3.204232
c_1_45_2996,12.516506,2.6137784
c_1_45_2997,8.563227,4.4567785
c_1_45_2998,9.653766,3.3239367
c_1_45_2999,14.977673,5.0460043
c_1_45_3000,8.825573,3.9594133
c_1_45_3001,14.769874,5.090779
c_1_45_3002,12.794211,5.2639885
c_1_45_3003,9.245306,5.049555
c_1_45_3004,8.771149,3.44129
c_1_45_3005,8.6443,4.8345437
c_1_45_3006,9.77286,4.213869
c_1_45_3007,13.390321,1.5690142
c_1_45_3008,8.549467,3.6259027
c_1_45_3009,9.2808895,5.087455
c_1_45_3010,9.414331,2.7227373
c_1_45_3011,13.37188,4.810477
c_1_45_3012,13.805519,2.381962
c_1_45_3013,12.335942,1.9431403
c_1_45_3014,14.306156,4.499083
c_1_45_3015,11.368142,3.875115
c_1_45_3016,11.154817,3.4650042
c_1_45_3018,7.9316573,1.7144015
c_1_45_3019,12.885312,5.0400043
c_1_45_3020,11.040867,4.651902
c_1_45_3021,6.6057653,1.1327982
c_1_45_3022,9.246342,3.1366708
c_1_45_3023,9.581904,3.4229977
c_1_45_3024,9.221887,5.6383424
c_1_45_3025,13.451932,3.9620612
c_1_45_3026,12.088317,3.1824212
c_1_45_3027,11.918194,4.229246
c_1_45_3028,8.38441,2.2651677
c_1_45_3029,8.880482,0.57609856
c_1_45_3030,10.689308,4.0088806
c_1_45_3031,8.167371,4.1887083
c_1_45_3032,11.7457905,4.7588015
c_1_45_3033,8.402361,3.7493043
c_1_45_3034,12.665688,4.473783
c_1_45_3035,9.92535,3.6312783
c_1_45_3036,14.520748,4.329058
c_1_45_3037,10.991823,-1.2937675
c_1_45_3038,10.502184,2.7735724
c_1_45_3039,11.298067,4.707437
c_1_45_3040,10.547075,3.3339562
c_1_45_3041,8.967446,5.218384
c_1_45_3042,10.095435,4.189377
c_1_45_3043,9.390535,3.9227402
c_1_45_3044,8.012944,3.1187565
c_1_45_3045,11.984637,4.0259924
c_1_45_3046,8.627162,5.0817647
c_1_45_3048,7.999636,4.142498
c_1_45_3049,8.0247755,3.2330267
c_1_45_3050,11.226509,-0.30458665
c_1_45_3051,10.23242,3.367736
c_1_45_3052,9.089845,4.799973
c_1_45_3053,9.573238,4.993458
c_1_45_3054,9.590571,2.51312
c_1_45_3055,13.344096,4.36475
c_1_45_3056,8.3248825,3.4618847
c_1_45_3057,9.043155,2.8918607
c_1_45_3058,9.38581,0.57293916
c_1_45_3059,9.033812,5.449478
c_1_45_3060,7.930007,4.529945
c_1_45_3061,10.502861,1.996995
c_1_45_3062,8.938517,0.9601004
c_1_45_3063,9.8762865,5.106964
c_1_45_3064,8.00249,4.7658157
c_1_45_3065,10.327382,4.2787666
c_1_45_3066,10.389296,3.8771534
c_1_45_3067,9.416466,4.070379
c_1_45_3068,14.20576,3.8305626
c_1_45_3069,8.308434,5.1506777
c_1_45_3070,9.165423,5.0919747
c_1_45_3071,12.936467,1.9207178
c_1_45_3072,9.45055,4.9539437
c_1_45_3073,9.77508,5.061608
c_1_45_3074,9.339219,5.2038436
c_1_45_3075,9.266048,4.875098
c_1_45_3076,13.4751625,4.4989023
c_1_45_3077,8.464491,4.6988916
c_1_45_3078,10.83205,4.600758
c_1_45_3079,10.357718,3.377627
c_1_45_3080,14.815212,5.075768
c_1_45_3081,11.083371,3.1414254
c_1_45_3083,14.312353,4.111203
c_1_45_3084,8.103949,1.76417
c_1_45_3085,13.864259,4.7976527
c_1_45_3086,14.452918,4.487511
c_1_45_3087,9.611508,5.024278
c_1_45_3088,9.95237,2.5191102
c_1_45_3089,11.94141,3.43945
c_1_45_3090,7.8352795,3.4367542
c_1_45_3091,9.282296,3.4831562
c_1_45_3092,8.802949,4.205331
c_1_45_3093,14.450356,1.9684342
c_1_45_3094,10.729192,4.45136
c_1_45_3095,9.849145,4.3871603
c_1_45_3096,11.180116,3.2028577
c_1_45_3097,9.607959,2.264769
c_1_45_3098,8.755674,5.1229568
c_1_45_3099,14.465942,4.5293
c_1_45_3100,8.175224,1.605385
c_1_45_3101,12.189278,1.8800302
c_1_45_3102,13.743184,4.71373
c_1_45_3103,12.88323,2.5347326
c_1_45_3104,12.629743,4.1075807
c_1_45_3105,9.255004,4.783021
c_1_45_3106,11.518958,3.7212768
c_1_45_3107,13.0213585,4.2537637
c_1_45_3108,8.868047,2.8178055
c_1_45_3109,8.013747,2.571741
c_1_45_3110,7.892193,2.7437465
c_1_45_3111,8.263845,4.1449027
c_1_45_3112,9.785522,3.8530705
c_1_45_3113,14.471279,3.897385
c_1_45_3114,7.998306,3.3342988
c_1_45_3115,9.328944,4.091555
c_1_45_3116,12.705348,4.7381263
c_1_45_3117,9.989536,4.086554
c_1_45_3118,9.302926,4.151366
c_1_45_3119,9.434875,3.1169899
c_1_45_3120,13.277482,4.312051
c_1_45_3121,8.722796,1.6988032
c_1_45_3122,9.126341,3.621499
c_1_45_3123,11.3977585,1.6200297
c_1_45_3124,8.448914,3.9286973
c_1_45_3125,8.343736,1.8909622
c_1_45_3126,9.302475,4.138368
c_1_45_3127,8.746851,4.2070336
c_1_45_3128,13.187351,4.287365
c_1_45_3129,13.003971,1.8645161
c_1_45_3130,7.3481703,1.6441699
c_1_45_3131,8.963299,4.9471807
c_1_45_3132,12.186067,2.663417
c_1_45_3133,9.44411,3.690673
c_1_45_3134,12.750728,2.8879395
c_1_45_3135,10.726643,2.9843078
c_1_45_3136,9.489647,5.646164
c_1_45_3137,11.6662245,-1.0677629
c_1_45_3138,13.8725605,4.320119
c_1_45_3139,7.639499,3.2316868
c_1_45_3141,9.751474,5.247729
c_1_45_3142,9.841249,3.4188082
c_1_45_3143,10.044103,5.342595
c_1_45_3144,14.6936,5.477542
c_1_45_3145,9.050262,0.20812842
c_1_45_3146,10.872244,4.2001367
c_1_45_3147,9.94561,4.660166
c_1_45_3148,8.428055,3.5970433
c_1_45_3149,9.239908,4.773717
c_1_45_3150,10.937911,4.5603848
c_1_45_3151,9.226472,3.4563098
c_1_45_3152,9.327431,4.890606
c_1_45_3153,12.280976,1.2580024
c_1_45_3154,8.766174,4.9251523
c_1_45_3155,7.837656,3.0925016
c_1_45_3156,7.8026075,2.2368815
c_1_45_3157,11.166787,4.367677
c_1_45_3158,9.524697,1.7993293
c_1_45_3159,8.926668,4.6873446
c_1_45_3160,9.06822,1.7023225
c_1_45_3161,13.051544,3.1602912
c_1_45_3162,11.176188,3.5198207
c_1_45_3163,10.78068,3.652676
c_1_45_3164,9.650758,3.9718351
c_1_45_3165,9.842807,3.6649673
c_1_45_3166,8.479773,4.8091326
c_1_45_3167,11.317999,4.3828416
c_1_45_3168,9.246559,1.9954064
c_1_45_3169,7.3058023,3.5443892
c_1_45_3170,8.45492,4.639005
c_1_45_3171,9.48076,3.047005
c_1_45_3172,8.730591,2.4827383
c_1_45_3173,10.174209,5.1986876
c_1_45_3174,12.25796,2.5934258
c_1_45_3175,9.532824,2.7498846
c_1_45_3176,10.536839,2.5670674
c_1_45_3177,14.323992,4.3026114
c_1_45_3178,8.672847,4.07109
c_1_45_3179,9.054765,4.635109
c_1_45_3180,10.054552,3.6931257
c_1_45_3181,7.829031,2.2494903
c_1_45_3182,11.57563,3.1824768
c_1_45_3183,8.997709,2.4060388
c_1_45_3184,11.347779,4.9066205
c_1_45_3185,12.8862,4.5252495
c_1_45_3186,7.6952357,1.4765885
c_1_45_3187,9.198106,2.8165054
c_1_45_3188,10.612163,3.175387
c_1_45_3189,11.706061,5.33353
c_1_45_3190,10.819582,4.9987445
c_1_45_3191,8.720118,4.111191
c_1_45_3192,8.617503,5.140705
c_1_45_3193,7.4917297,1.8202013
c_1_45_3194,8.264223,5.0630703
c_1_45_3195,9.796148,4.991348
c_1_45_3196,11.676854,5.130501
c_1_45_3197,10.643501,2.1143675
c_1_45_3198,14.970477,4.7232523
c_1_45_3199,8.694253,3.7524035
c_1_45_3200,14.146887,4.319978
c_1_45_3201,8.41992,3.845657
c_1_45_3202,7.9916406,4.3213024
c_1_45_3203,8.604286,3.2801998
c_1_45_3204,11.694598,-1.626134
c_1_45_3205,10.387991,4.195007
c_1_45_3206,8.7272215,4.899033
c_1_45_3207,8.38342,0.6814058
c_1_45_3208,10.716603,4.381647
c_1_45_3209,9.285519,2.4322257
c_1_45_3210,11.914916,4.061099
c_1_45_3211,12.66017,3.3573415
c_1_45_3212,10.889012,3.2024345
c_1_45_3213,10.325686,3.2942579
c_1_45_3214,12.348887,3.750915
c_1_45_3215,14.150687,-0.8889695
c_1_45_3216,9.713457,3.4223206
c_1_45_3217,12.763087,2.5967958
c_1_45_3218,8.86633,2.8618498
c_1_45_3219,12.951249,4.230102
c_1_45_3220,14.153908,-0.7048128
c_1_45_3221,9.10014,2.8095582
c_1_45_3222,14.843112,4.6648993
c_1_45_3223,13.079679,4.1949124
c_1_45_3224,13.32353,3.640691
c_1_45_3225,8.686239,3.586258
c_1_45_3226,10.50687,2.1538534
c_1_45_3227,8.996247,4.263855
c_1_45_3228,12.790052,1.9023575
c_1_45_3229,8.646657,5.473057
c_1_45_3230,10.025264,3.910928
c_1_45_3231,11.904573,4.125538
c_1_45_3232,10.389215,4.3535028
c_1_45_3233,7.3426485,0.90381014
c_1_45_3234,13.469782,0.9578321
c_1_45_3235,13.341522,3.6525354
c_1_45_3236,8.874864,4.9820857
c_1_45_3237,10.23322,2.4828324
c_1_45_3238,7.943339,2.5700524
c_1_45_3239,9.00661,3.0113077
c_1_45_3240,9.620119,4.1390805
c_1_45_3241,9.989564,4.6345377
c_1_45_3242,15.094614,4.544664
c_1_45_3243,11.89739,5.2246785
c_1_45_3244,7.31758,2.2455404
c_1_45_3245,8.379917,3.451635
c_1_45_3246,9.118933,4.6260138
c_1_45_3247,12.57161,1.2787846
c_1_45_3248,11.262244,4.083603
c_1_45_3249,10.252229,2.930357
c_1_45_3250,9.47084,3.541235
c_1_45_3251,7.838764,3.9841876
c_1_45_3252,9.318774,4.966507
c_1_45_3254,6.973204,2.8621666
c_1_45_3255,8.869123,4.740342
c_1_45_3256,12.578721,5.369402
c_1_45_3257,10.188629,3.5318923
c_1_45_3258,11.673771,3.683215
c_1_45_3259,13.60005,4.777388
c_1_45_3260,14.960984,4.780911
c_1_45_3261,9.279693,2.7989023
c_1_45_3262,10.669033,4.098581
c_1_45_3263,11.02792,4.502518
c_1_45_3264,10.162171,4.698204
c_1_45_3265,8.445073,3.1092522
c_1_45_3266,12.327792,5.0050225
c_1_45_3267,10.176813,5.143547
c_1_45_3268,11.057161,1.1487232
c_1_45_3269,10.387058,3.368949
c_1_45_3270,12.365343,4.337821
c_1_45_3271,12.031666,4.778166
c_1_45_3272,11.827056,3.370037
c_1_45_3273,9.492359,5.1064205
c_1_45_3274,12.545967,4.4986386
c_1_45_3275,9.451818,3.7886894
c_1_45_3276,14.375877,4.3373194
c_1_45_3277,9.104188,2.1491437
c_1_45_3278,12.796067,5.260417
c_1_45_3279,11.896901,5.266865
c_1_45_3280,11.493637,1.4553899
c_1_45_3281,10.612899,4.705485
c_1_45_3282,13.1509495,1.4471077
c_1_45_3283,8.664755,3.6456246
c_1_45_3284,10.946898,0.7910287
c_1_45_3285,14.78335,4.1176596
c_1_45_3286,10.507754,4.579769
c_1_45_3287,8.745817,4.0929813
c_1_45_3288,14.306997,1.8410839
c_1_45_3289,12.070747,3.3295329
c_1_45_3290,9.4832945,2.5208611
c_1_45_3291,8.84117,3.313322
c_1_45_3292,11.777228,2.9987497
c_1_45_3293,9.981904,2.9030547
c_1_45_3294,14.37813,1.1741407
c_1_45_3295,9.386869,4.8673573
c_1_45_3296,8.378452,2.1148407
c_1_45_3297,10.170307,4.8817677
c_1_45_3298,9.025326,4.923112
c_1_45_3299,10.949767,4.2117815
c_1_45_3300,8.954797,5.5711718
c_1_45_3301,8.502719,2.2692635
c_1_45_3302,8.732372,5.2722573
c_1_45_3303,8.730421,4.2345037
c_1_45_3304,12.961501,1.8105835
c_1_45_3306,11.858979,3.9221394
c_1_45_3307,13.329288,1.9884392
c_1_45_3308,12.504888,2.6053731
c_1_45_3309,9.170555,4.1497498
c_1_45_3310,9.948517,2.4985862
c_1_45_3311,10.96434,2.3912585
c_1_45_3312,13.200128,4.1253786
c_1_45_3313,12.762416,4.851841
c_1_45_3314,8.052431,4.870822
c_1_45_3315,13.760578,4.390208
c_1_45_3316,14.278027,3.1388428
c_1_45_3317,14.119227,4.0155954
c_1_45_3318,9.747028,0.5695153
c_1_45_3319,14.407192,1.5426252
c_1_45_3320,7.692692,1.3130815
c_1_45_3321,10.164696,2.9347527
c_1_45_3322,8.068365,4.5164666
c_1_45_3323,11.573623,1.195618
c_1_45_3324,10.090045,2.3139079
c_1_45_3325,13.050536,2.5149598
c_1_45_3326,10.413732,2.7060812
c_1_45_3327,9.200237,0.92210174
c_1_45_3328,10.577498,3.511829
c_1_45_3329,8.864085,3.5445228
c_1_45_3330,7.6308236,2.5236359
c_1_45_3331,9.446236,4.992489
c_1_45_3332,10.219687,4.323949
c_1_45_3333,10.757236,2.4654496
c_1_45_3334,7.5464764,0.87000436
c_1_45_3335,8.181296,2.8137047
c_1_45_3336,14.0833645,4.1566744
c_1_45_3337,10.773942,1.5167971
c_1_45_3338,11.785655,3.9990046
c_1_45_3339,11.416946,4.0275636
c_1_45_3340,12.2819605,2.8147483
c_1_45_3341,10.810896,3.3888633
c_1_45_3342,10.423404,4.601985
c_1_45_3343,10.4758215,4.1686172
c_1_45_3344,11.40909,2.4009185
c_1_45_3345,11.1219845,-1.5654433
c_1_45_3346,7.9972167,4.3406262
c_1_45_3347,7.8413544,4.8132687
c_1_45_3348,10.795398,5.164089
c_1_45_3349,12.960179,3.3687768
c_1_45_3350,9.117358,2.4482157
c_1_45_3351,9.2236805,4.0488205
c_1_45_3353,10.483359,3.917203
c_1_45_3354,12.496485,1.4570693
c_1_45_3355,14.579272,3.1314878
c_1_45_3356,9.923682,4.2600574
c_1_45_3357,8.277688,5.020063
c_1_45_3358,12.123056,0.99725056
c_1_45_3359,12.342499,2.9495962
c_1_45_3360,13.2962265,4.0224886
c_1_45_3361,9.72553,0.90363955
c_1_45_3362,9.500722,5.1169667
c_1_45_3363,14.336042,3.318007
c_1_45_3364,9.710613,0.83562374
c_1_45_3365,11.121484,2.6899126
c_1_45_3366,10.561691,0.4465119
c_1_45_3367,9.75884,4.642295
c_1_45_3368,6.323783,-0.95322543
c_1_45_3369,11.528539,2.9617472
c_1_45_3370,12.608505,3.2066145
c_1_45_3371,10.053591,3.7404861
c_1_45_3372,8.821526,4.513264
c_1_45_3373,14.097897,1.3784457
c_1_45_3374,10.1648855,4.397316
c_1_45_3375,9.463432,5.100853
c_1_45_3376,13.822428,4.032921
c_1_45_3377,10.399871,-0.09388621
c_1_45_3378,12.257692,4.8802714
c_1_45_3379,10.458447,4.1688786
c_1_45_3380,9.045805,4.9247975
c_1_45_3381,14.598677,1.0923139
c_1_45_3382,9.5784855,3.0095334
c_1_45_3383,10.900304,4.4585567
c_1_45_3384,11.170686,4.5062847
c_1_45_3385,11.508641,-0.81022775
c_1_45_3386,10.317247,0.942129
c_1_45_3387,10.767349,1.7962326
c_1_45_3388,10.456183,-0.42103535
c_1_45_3389,12.684041,1.5990342
c_1_45_3390,8.759481,3.3051362
c_1_45_3391,10.732397,2.4282088
c_1_45_3392,9.433681,4.662786
c_1_45_3393,9.723226,1.1216353
c_1_45_3394,12.944896,7.0460186
c_1_45_3395,8.638876,3.3069901
c_1_45_3396,11.869654,3.9364834
c_1_45_3397,8.849351,5.3012023
c_1_45_3398,11.501053,0.4593329
c_1_45_3399,7.8577194,2.1453354
c_1_45_3400,8.361293,3.5715866
c_1_45_3401,9.822551,4.5284853
c_1_45_3402,14.416164,1.4842157
c_1_45_3403,12.5856,3.3716493
c_1_45_3404,12.367522,2.7405896
c_1_45_3405,12.304209,2.4850855
c_1_45_3406,12.215078,8.015977
c_1_45_3407,9.351846,4.064115
c_1_45_3408,14.882058,4.3289924
c_1_45_3409,12.516014,-0.065299556
c_1_45_3410,12.142546,2.7933962
c_1_45_3411,7.9620843,3.8912673
c_1_45_3412,12.9076805,1.0911425
c_1_45_3413,12.100005,0.23701753
c_1_45_3414,13.822195,0.8422903
c_1_45_3415,12.133547,3.632873
c_1_45_3416,9.875785,0.46185616
c_1_45_3417,10.073172,1.6274948
c_1_45_3418,9.2289,4.5143332
c_1_45_3419,9.833375,1.0799912
c_1_45_3420,10.299011,2.9923
c_1_45_3421,7.8349323,2.1087344
c_1_45_3422,8.812701,1.1734105
c_1_45_3423,11.881887,7.561747
c_1_45_3424,8.482738,2.9726553
c_1_45_3425,9.287256,3.2895832
c_1_45_3426,7.768855,2.52966
c_1_45_3427,14.642473,4.6072183
c_1_45_3428,10.24195,3.9103713
c_1_45_3429,10.273607,5.340175
c_1_45_3430,13.609947,1.9849896
c_1_45_3431,11.082961,2.9587934
c_1_45_3432,11.695195,4.5478587
c_1_45_3433,8.798572,2.326211
c_1_45_3434,9.05313,4.427825
c_1_45_3435,11.797313,1.1336713
c_1_45_3436,10.246469,3.2177455
c_1_45_3437,12.114227,3.8486538
c_1_45_3438,14.13722,-0.92416996
c_1_45_3439,8.455678,4.505915
c_1_45_3440,9.351069,4.4489245
c_1_45_3441,9.06064,4.2961035
c_1_45_3442,10.970608,4.759409
c_1_45_3443,8.443816,0.33374766
c_1_45_3444,14.592066,4.6756988
c_1_45_3445,10.518826,3.4474015
c_1_45_3446,12.114362,5.204138
c_1_45_3447,13.733802,4.387519
c_1_45_3448,9.035133,1.9093753
c_1_45_3450,9.398225,5.441768
c_1_45_3451,9.757842,1.0165067
c_1_45_3452,9.893795,2.2155037
c_1_45_3453,7.6509004,4.3860183
c_1_45_3454,8.343932,-0.29896373
c_1_45_3455,13.690851,3.8273585
c_1_45_3456,11.027945,5.184637
c_1_45_3457,11.468293,2.2114573
c_1_45_3458,7.8330183,4.560086
c_1_45_3459,12.83078,0.76287127
c_1_45_3460,8.646674,2.4251199
c_1_45_3462,12.533831,-0.9396156
c_1_45_3463,9.959265,2.7866652
c_1_45_3464,10.81387,2.023665
c_1_45_3465,9.673919,4.6559534
c_1_45_3466,12.610429,5.448167
c_1_45_3467,10.73709,3.7294874
c_1_45_3468,14.009309,1.2308718
c_1_45_3469,13.654962,1.3968017
c_1_45_3470,10.163536,3.396343
c_1_45_3471,13.956722,4.30034
c_1_45_3472,14.939172,4.374249
c_1_45_3473,13.173275,1.4990112
c_1_45_3474,8.88204,3.1570284
c_1_45_3475,14.159812,1.175981
c_1_45_3476,9.841926,2.030129
c_1_45_3477,9.438837,0.9313346
c_1_45_3478,13.757847,5.758245
c_1_45_3479,8.2799225,0.0474013
c_1_45_3480,10.047949,4.783087
c_1_45_3481,11.626508,2.6401885
c_1_45_3482,10.207752,2.6608431
c_1_45_3483,10.223584,3.3861012
c_1_45_3484,13.13684,2.815338
c_1_45_3485,12.300036,4.456738
c_1_45_3486,10.600511,4.8129387
c_1_45_3487,11.010321,3.5034406
c_1_45_3488,8.157534,5.289401
c_1_45_3489,11.692091,0.7547614
c_1_45_3490,10.320196,3.979573
c_1_45_3491,8.818165,4.371418
c_1_45_3492,8.829392,4.721752
c_1_45_3494,9.161454,4.8222604
c_1_45_3495,7.6947036,3.6534545
c_1_45_3496,12.036338,1.8188174
c_1_45_3497,11.683356,3.6810186
c_1_45_3498,8.004454,2.6573348
c_1_45_3499,12.075962,4.7984176
c_1_45_3500,9.654915,4.6139407
c_1_45_3501,12.239151,3.0219674
c_1_45_3502,8.178325,2.9839385
c_1_45_3503,11.226348,4.4715652
c_1_45_3504,9.056046,3.1856678
c_1_45_3505,8.35011,3.163239
c_1_45_3506,14.771867,4.1764073
c_1_45_3507,9.318481,2.8901222
c_1_45_3508,9.771097,2.5325572
c_1_45_3509,8.533985,3.0147183
c_1_45_3510,9.534091,2.7072456
c_1_45_3511,9.242634,3.1154273
c_1_45_3512,11.696494,4.642081
c_1_45_3513,11.386078,1.3864223
c_1_45_3514,11.876895,1.6614319
c_1_45_3515,14.461174,0.768996
c_1_45_3517,8.28022,4.1031713
c_1_45_3518,10.351949,1.2234735
c_1_45_3519,10.291955,3.7359447
c_1_45_3520,12.638603,3.341363
c_1_45_3521,8.041764,3.1177325
c_1_45_3522,14.079094,1.5976552
c_1_45_3523,9.381147,0.8871693
c_1_45_3524,12.334437,-2.8769002
c_1_45_3525,9.646736,2.4899948
c_1_45_3526,10.827855,3.155462
c_1_45_3527,9.4616165,3.0735035
c_1_45_3528,8.678414,4.699435
c_1_45_3529,9.731949,4.2894754
c_1_45_3530,10.242061,3.6233497
c_1_45_3531,10.040579,4.0426993
c_1_45_3532,13.675094,4.9047055
c_1_45_3533,8.719355,3.982342
c_1_45_3534,10.242151,5.353716
c_1_45_3535,8.2042885,4.789733
c_1_45_3536,9.375601,5.5629435
c_1_45_3537,11.765494,4.4489307
c_1_45_3538,9.506956,4.66883
c_1_45_3539,11.186167,2.2038481
c_1_45_3540,11.803575,1.4567583
c_1_45_3541,11.486374,2.5368388
c_1_45_3542,10.259065,3.0650887
c_1_45_3543,8.51696,4.9580283
c_1_45_3544,9.251814,1.4355861
c_1_45_3545,8.728297,0.80058444
c_1_45_3546,11.9984455,-2.1407382
c_1_45_3547,11.230977,2.2804265
c_1_45_3548,13.1737,1.5342869
c_1_45_3550,10.580042,2.8474126
c_1_45_3551,8.762429,1.0141953
c_1_45_3552,8.714993,-0.70329374
c_1_45_3553,13.8094225,1.0061625
c_1_45_3554,10.830304,1.6623552
c_1_45_3555,11.379985,3.735907
c_1_45_3556,9.117034,0.24764562
c_1_45_3557,9.216018,2.6766057
c_1_45_3558,13.640946,3.8500886
c_1_45_3559,10.304175,5.1154504
c_1_45_3560,8.67544,3.6480172
c_1_45_3561,9.326594,4.392595
c_1_45_3562,9.540502,3.064959
c_1_45_3563,9.3877535,3.3204787
c_1_45_3564,15.115413,4.5799694
c_1_45_3565,9.784479,4.921488
c_1_45_3566,13.642454,1.9797951
c_1_45_3568,8.633876,-0.20612092
c_1_45_3569,10.443535,0.31240806
c_1_45_3570,14.85442,4.189478
c_1_45_3571,11.07287,2.0610757
c_1_45_3572,10.418045,3.9943736
c_1_45_3573,12.815989,1.9596074
c_1_45_3574,10.134824,2.5783305
c_1_45_3575,9.162533,-0.97990197
c_1_45_3576,9.352592,4.4592257
c_1_45_3577,8.531866,3.6497474
c_1_45_3578,8.66878,-0.7010618
c_1_45_3579,9.696028,4.196648
c_1_45_3581,11.358404,4.8365316
c_1_45_3582,14.285589,2.9702232
c_1_45_3583,12.616698,4.129003
c_1_45_3584,11.939387,-0.6643882
c_1_45_3585,14.338558,1.5905125
c_1_45_3586,8.557588,3.4484115
c_1_45_3587,12.523392,-0.82348263
c_1_45_3588,9.896899,4.453613
c_1_45_3589,14.415125,3.6383123
c_1_45_3590,9.134688,2.1289454
c_1_45_3592,14.604812,1.5726023
c_1_45_3593,9.861934,1.1194712
c_1_45_3594,8.819333,4.051218
c_1_45_3595,11.084478,2.1929636
c_1_45_3596,11.4817,2.7559466
c_1_45_3597,12.406783,7.172232
c_1_45_3598,14.192962,3.7176023
c_1_45_3600,8.036411,-0.31151742
c_1_45_3601,11.510123,-1.6180555
c_1_45_3602,11.617868,4.5428667
c_1_45_3603,11.710283,-0.12652229
c_1_45_3604,10.092344,0.58191293
c_1_45_3605,11.658229,-2.5605125
c_1_45_3606,12.305785,3.6652675
c_1_45_3607,8.8426285,0.094938874
c_1_45_3608,12.758676,4.4965706
c_1_45_3609,9.934064,0.49423525
c_1_45_3610,8.951696,4.7723603
c_1_45_3611,8.617791,0.0002779294
c_1_45_3612,13.238066,2.8604436
c_1_45_3613,8.913798,3.8286939
c_1_45_3614,11.86958,0.5548599
c_1_45_3615,14.591155,1.5895985
c_1_45_3616,9.873615,1.1625197
c_1_45_3617,14.3393,1.0467242
c_1_45_3618,12.430684,-0.4138494
c_1_45_3619,10.598536,4.148243
c_1_45_3620,10.574765,1.3416487
c_1_45_3621,13.421936,3.586924
c_1_45_3622,13.491327,4.3523917
c_1_45_3623,10.959637,3.8770664
c_1_45_3624,13.907664,0.013640918
c_1_45_3625,9.168272,2.1444278
c_1_45_3626,10.048088,3.4369433
c_1_45_3627,14.14107,3.8731227
c_1_45_3628,10.288235,2.5486248
c_1_45_3629,13.105521,4.085944
c_1_45_3630,10.381252,0.36052692
c_1_45_3631,10.070066,2.3704479
c_1_45_3632,10.186702,4.459671
c_1_45_3633,11.609959,1.615116
c_1_45_3634,14.956452,1.5989698
c_1_45_3635,9.020105,-0.72077453
c_1_45_3636,8.311153,0.29540357
c_1_45_3637,14.164262,3.1130056
c_1_45_3638,14.3018265,4.4761233
c_1_45_3639,10.072991,5.5446954
c_1_45_3640,10.364993,2.4715538
c_1_45_3641,10.635818,4.709836
c_1_45_3642,9.04668,3.5045514
c_1_45_3643,11.595982,3.9785626
c_1_45_3644,8.443401,4.612669
c_1_45_3645,10.083675,0.79262036
c_1_45_3646,14.340754,3.878477
c_1_45_3647,13.731183,1.467113
c_1_45_3649,10.054654,-1.8212115
c_1_45_3650,10.874107,1.812887
c_1_45_3651,9.490079,3.457182
c_1_45_3652,12.290639,3.2190285
c_1_45_3653,8.871184,3.085026
c_1_45_3654,8.130329,0.7378105
c_1_45_3655,11.262642,3.8433266
c_1_45_3656,10.712201,5.1958
c_1_45_3657,13.634654,1.2525941
c_1_45_3658,11.277788,4.590245
c_1_45_3659,9.72242,3.9201727
c_1_45_3660,14.142848,4.2360253
c_1_45_3661,12.310533,3.5360985
c_1_45_3662,14.452255,1.4553148
c_1_45_3663,7.512158,4.543922
c_1_45_3664,8.879492,-0.89998394
c_1_45_3665,9.976552,1.620561
c_1_45_3666,13.478723,3.3698943
c_1_45_3667,9.390349,3.6621497
c_1_45_3668,12.654109,3.6137705
c_1_45_3669,9.286651,2.4233108
c_1_45_3670,11.067082,5.032428
c_1_45_3671,6.95886,0.80058044
c_1_45_3672,11.683911,4.401577
c_1_45_3673,9.156871,3.6731853
c_1_45_3674,13.777529,0.7097677
c_1_45_3676,9.956888,0.6041669
c_1_45_3677,10.23442,1.4660782
c_1_45_3678,10.873258,2.4970691
c_1_45_3679,11.659705,1.0538117
c_1_45_3680,8.313052,4.46662
c_1_45_3681,14.634157,2.2369816
c_1_45_3682,9.738611,0.12423149
c_1_45_3683,14.802997,4.7301545
c_1_45_3684,13.783781,3.6331816
c_1_45_3685,9.36879,0.55476344
c_1_45_3686,12.176232,2.3141086
c_1_45_3687,14.109173,1.2055751
c_1_45_3688,9.639955,2.1614387
c_1_45_3689,8.5247135,1.293639
c_1_45_3690,9.41594,5.2113814
c_1_45_3691,12.380591,1.3839778
c_1_45_3692,10.024137,0.99074817
c_1_45_3693,8.223359,4.31768
c_1_45_3694,8.059034,4.67694
c_1_45_3696,14.000809,4.1049156
c_1_45_3697,8.427627,4.8412023
c_1_45_3698,11.214714,4.8777266
c_1_45_3699,7.7673044,1.1990235
c_1_45_3700,8.593195,4.944954
c_1_45_3701,11.19109,0.5461874
c_1_45_3702,6.685878,2.5708077
c_1_45_3703,9.008807,2.4208984
c_1_45_3704,8.241244,3.178599
c_1_45_3705,10.404274,4.420693
c_1_45_3706,9.164924,1.7546041
c_1_45_3707,8.605807,4.2354097
c_1_45_3708,13.1151705,2.4001322
c_1_45_3709,13.502401,2.2663584
c_1_45_3710,14.216318,0.80886906
c_1_45_3711,12.566799,3.1139581
c_1_45_3712,9.624026,2.5903668
c_1_45_3713,13.023804,2.6957166
c_1_45_3714,10.974479,2.908275
c_1_45_3715,9.30404,1.826838
c_1_45_3716,14.987083,3.7024817
c_1_45_3717,9.1280775,0.95445764
c_1_45_3718,9.325992,2.2967417
c_1_45_3719,8.163922,4.6906276
c_1_45_3720,10.203397,3.8619285
c_1_45_3721,11.473775,2.254658
c_1_45_3722,12.145882,4.883248
c_1_45_3723,9.048581,1.9308325
c_1_45_3724,7.719236,3.0122597
c_1_45_3725,12.948577,-0.042277195
c_1_45_3726,8.202604,4.336325
c_1_45_3727,10.391741,4.878438
c_1_45_3728,13.909148,3.9423673
c_1_45_3729,10.67944,-2.1669106
c_1_45_3730,9.150234,-0.5705671
c_1_45_3731,6.2269125,2.63204
c_1_45_3732,12.583925,3.3753827
c_1_45_3733,9.134082,3.9720514
c_1_45_3734,12.480108,0.97107553
c_1_45_3735,9.518662,1.441067
c_1_45_3736,11.01198,0.10513309
c_1_45_3737,12.9309225,1.7053162
c_1_45_3738,13.183168,2.15112
c_1_45_3739,13.349855,1.8877268
c_1_45_3740,9.550649,0.45062342
c_1_45_3741,12.723352,3.5605552
c_1_45_3742,12.735872,1.4535092
c_1_45_3743,10.520056,4.245219
c_1_45_3744,11.804302,6.6533227
c_1_45_3745,8.828113,4.501573
c_1_45_3746,9.3440695,3.1398761
c_1_45_3747,11.499405,-0.15454519
c_1_45_3748,14.209605,1.3245155
c_1_45_3749,13.517708,1.6492088
c_1_45_3750,8.671352,1.7257906
c_1_45_3751,7.9716535,4.2817698
c_1_45_3752,12.571255,0.40738755
c_1_45_3753,13.191834,-1.6844938
c_1_45_3754,14.725719,1.4849722
c_1_45_3755,13.54462,1.748856
c_1_45_3756,10.12685,1.7561878
c_1_45_3757,8.070704,4.706425
c_1_45_3758,8.209652,4.919253
c_1_45_3759,10.564579,4.832487
c_1_45_3760,9.694545,2.8652108
c_1_45_3761,7.6118407,2.5130126
c_1_45_3762,12.864503,2.8096683
c_1_45_3763,14.6061325,1.6833136
c_1_45_3764,10.111065,2.3430848
c_1_45_3765,12.300827,1.0030466
c_1_45_3766,9.443225,4.0572505
c_1_45_3767,12.229616,2.4564695
c_1_45_3768,8.012866,2.8906631
c_1_45_3769,7.3035574,2.1349716
c_1_45_3770,9.674804,1.6834428
c_1_45_3771,10.395783,4.0089827
c_1_45_3772,11.550902,2.0072253
c_1_45_3773,9.843694,3.9496152
c_1_45_3774,10.5854225,0.8285869
c_1_45_3775,11.141009,1.1205142
c_1_45_3776,9.467655,3.1902082
c_1_45_3777,12.635727,5.4190364
c_1_45_3778,9.3524275,4.4111156
c_1_45_3779,8.069922,2.6894367
c_1_45_3780,8.597977,3.8815491
c_1_45_3781,10.087801,2.2019124
c_1_45_3782,10.207643,3.4545376
c_1_45_3783,8.075575,1.3055595
c_1_45_3784,10.309856,-0.8818856
c_1_45_3785,6.302993,3.0877042
c_1_45_3786,8.966844,4.617967
c_1_45_3787,8.147619,3.8975537
c_1_45_3788,9.038559,1.6219482
c_1_45_3789,9.429176,3.0250816
c_1_45_3790,9.635624,-1.8390404
c_1_45_3791,11.486192,5.063888
c_1_45_3792,12.116398,4.4750986
c_1_45_3793,8.9019985,0.5925508
c_1_45_3794,8.379273,4.687519
c_1_45_3795,8.521174,4.899311
c_1_45_3796,10.99048,1.8406472
c_1_45_3797,9.668921,0.7238213
c_1_45_3798,7.820329,3.7307239
c_1_45_3800,11.601551,5.1157656
c_1_45_3801,9.648101,5.4310565
c_1_45_3802,12.455701,3.105924
c_1_45_3803,13.404447,1.5357019
c_1_45_3804,9.294586,3.6936014
c_1_45_3805,8.3135805,4.3388934
c_1_45_3806,12.356349,3.3949997
c_1_45_3807,11.434789,-1.7155831
c_1_45_3808,8.45783,3.9324274
c_1_45_3809,11.016164,4.4712086
c_1_45_3810,13.058733,3.9069207
c_1_45_3811,10.1146145,2.2215822
c_1_45_3812,7.685135,3.4346402
c_1_45_3813,8.4965,3.9453914
c_1_45_3814,12.23221,2.2279677
c_1_45_3815,12.676679,5.0058093
c_1_45_3816,10.806813,5.3762193
c_1_45_3817,13.492249,-0.76573956
c_1_45_3818,10.724469,1.9678018
c_1_45_3819,12.933375,1.2441715
c_1_45_3820,12.3696375,4.222643
c_1_45_3821,13.875175,4.4374614
c_1_45_3822,9.107859,4.409778
c_1_45_3823,12.722108,2.801408
c_1_45_3824,10.892735,-0.7094281
c_1_45_3825,12.270223,2.6093662
c_1_45_3826,9.815745,0.8546703
c_1_45_3827,12.651923,-0.9407437
c_1_45_3828,8.804894,1.8634405
c_1_45_3829,10.2830105,0.90748495
c_1_45_3830,13.671255,2.0917048
c_1_45_3831,6.5860033,3.0938861
c_1_45_3832,13.31031,2.7517858
c_1_45_3833,8.786515,5.010934
c_1_45_3834,8.447122,2.071936
c_1_45_3835,12.3894,1.8142759
c_1_45_3836,10.338509,-0.5471031
c_1_45_3837,11.101649,4.2979717
c_1_45_3838,8.587801,5.531391
c_1_45_3839,13.325186,1.1079382
c_1_45_3840,11.777938,2.2743912
c_1_45_3841,9.374742,-1.5480608
c_1_45_3842,9.776939,2.0280898
c_1_45_3843,9.641734,4.226811
c_1_45_3844,8.646867,4.948156
c_1_45_3845,11.388888,2.9175189
c_1_45_3846,9.292659,5.611352
c_1_45_3847,11.018793,3.5293772
c_1_45_3848,9.60163,2.9146874
c_1_45_3849,11.141137,0.90969354
c_1_45_3850,14.355616,3.2656522
c_1_45_3851,11.806675,-2.8062518
c_1_45_3852,11.704025,1.4755278
c_1_45_3854,10.657005,0.34613806
c_1_45_3855,10.625104,2.0016701
c_1_45_3856,11.207122,2.78193
c_1_45_3857,9.47746,4.1173687
c_1_45_3858,10.230236,1.6024015
c_1_45_3859,8.379601,-0.66187763
c_1_45_3860,8.572394,0.84366244
c_1_45_3861,8.209207,1.5927308
c_1_45_3862,10.898158,2.7553406
c_1_45_3863,9.914242,-1.186789
c_1_45_3864,10.159845,4.1841793
c_1_45_3865,7.0494823,2.587641
c_1_45_3866,10.194629,-0.3081561
c_1_45_3867,10.190355,2.9824977
c_1_45_3868,11.062199,1.5615697
c_1_45_3869,10.465394,2.2224247
c_1_45_3870,10.612606,-2.7901838
c_1_45_3871,10.998908,3.1402738
c_1_45_3872,10.776494,0.8018466
c_1_45_3873,9.9807825,2.8071764
c_1_45_3874,10.103193,-2.428744
c_1_45_3875,13.825862,1.6264796
c_1_45_3876,10.518894,0.04329051
c_1_45_3877,9.787343,0.24166185
c_1_45_3879,10.251805,-0.27179566
c_1_45_3880,11.234028,0.8331497
c_1_45_3881,13.47932,1.0348183
c_1_45_3882,8.25363,2.7486455
c_1_45_3883,11.338279,4.0867662
c_1_45_3884,10.640297,1.3046597
c_1_45_3885,13.407812,0.9765868
c_1_45_3886,7.0365324,3.831848
c_1_45_3887,11.641553,3.3782754
c_1_45_3888,10.799333,4.8021593
c_1_45_3889,11.13092,3.4226685
c_1_45_3890,9.450861,4.268336
c_1_45_3891,11.776563,-0.3928182
c_1_45_3892,10.6921215,0.91892743
c_1_45_3893,9.08764,3.5965092
c_1_45_3894,9.274657,1.5737592
c_1_45_3895,10.064972,3.41954
c_1_45_3896,9.858306,0.055945847
c_1_45_3897,14.271365,1.0363426
c_1_45_3898,9.100427,0.42436597
c_1_45_3899,13.113898,3.4288893
c_1_45_3901,9.240738,5.5040226
c_1_45_3902,9.226114,3.3389268
c_1_45_3903,8.809813,0.1531945
c_1_45_3904,10.584846,-2.256978
c_1_45_3905,8.971286,4.5018516
c_1_45_3906,9.564532,-0.07039533
c_1_45_3907,7.760535,0.45801815
c_1_45_3908,13.351865,1.5706825
c_1_45_3909,10.4880905,1.5644008
c_1_45_3910,14.0356,-0.08064136
c_1_45_3911,9.049058,2.6580334
c_1_45_3912,10.845413,1.7113069
c_1_45_3913,9.891386,-0.6627481
c_1_45_3914,10.917998,-1.7133795
c_1_45_3915,9.765876,-0.71045256
c_1_45_3916,9.362414,0.2969552
c_1_45_3917,13.032728,1.4639788
c_1_45_3918,11.302466,-0.17264843
c_1_45_3919,9.767982,3.1851926
c_1_45_3920,8.652236,5.1762915
c_1_45_3921,11.87683,3.8700619
c_1_45_3922,11.445693,-2.7834754
c_1_45_3923,13.403237,0.71763366
c_1_45_3924,9.720892,0.12820478
c_1_45_3925,13.022619,4.3468785
c_1_45_3926,11.418348,0.44670355
c_1_45_3927,12.00201,0.24722852
c_1_45_3928,8.38752,3.8223588
c_1_45_3929,8.742425,3.0010045
c_1_45_3930,10.475661,-0.5639509
c_1_45_3931,13.3516655,-0.43818158
c_1_45_3932,11.771686,-3.6367166
c_1_45_3933,11.318954,4.5022597
c_1_45_3934,11.808825,-3.5266888
c_1_45_3935,9.645099,4.0441484
c_1_45_3936,14.885101,4.811697
c_1_45_3937,9.251079,0.78817827
c_1_45_3938,14.524768,1.4102162
c_1_45_3939,9.959499,0.9732319
c_1_45_3940,11.879111,-3.2523499
c_1_45_3941,12.514485,3.7847655
c_1_45_3942,9.881912,5.0078144
c_1_45_3943,13.297942,0.085940875
c_1_45_3944,9.083455,1.034624
c_1_45_3945,14.194169,1.4872998
c_1_45_3946,9.253455,0.40329945
c_1_45_3947,10.364738,0.9641231
c_1_45_3948,14.254607,4.6787353
c_1_45_3949,12.765436,-0.29931754
c_1_45_3950,9.403746,-1.2896686
c_1_45_3951,10.777605,4.665553
c_1_45_3952,11.427074,1.1496617
c_1_45_3953,6.305318,3.090252
c_1_45_3954,10.964754,-2.9167285
c_1_45_3955,9.240281,4.234574
c_1_45_3956,10.717651,-0.773821
c_1_45_3957,10.646288,4.1390176
c_1_45_3958,9.878095,2.0937207
c_1_45_3959,8.711368,-1.43693
c_1_45_3960,9.979863,0.30683762
c_1_45_3961,7.8503513,3.1311853
c_1_45_3962,11.144119,-0.7967956
c_1_45_3963,11.191981,-0.75673103
c_1_45_3964,10.07565,0.2580794
c_1_45_3965,8.38151,2.0730827
c_1_45_3966,10.611067,2.7799149
c_1_45_3967,12.530142,-0.2783664
c_1_45_3968,9.768679,0.41963854
c_1_45_3969,10.643499,-2.0775044
c_1_45_3970,10.766776,-0.030956961
c_1_45_3971,9.49118,0.17800035
c_1_45_3972,9.674007,0.30963326
c_1_45_3973,12.714989,1.2865409
c_1_45_3974,10.375009,-0.2739477
c_1_45_3975,8.028676,2.2487977
c_1_45_3976,14.434509,1.2831552
c_1_45_3977,14.564477,4.439474
c_1_45_3978,10.959804,-0.43051136
c_1_45_3979,11.836974,2.6121037
c_1_45_3980,9.923455,-0.3195786
c_1_45_3981,11.1491585,2.886437
c_1_45_3982,14.820596,2.1402893
c_1_45_3983,10.628367,2.9611075
c_1_45_3984,10.316488,-1.2474687
c_1_45_3985,7.107403,3.8780258
c_1_45_3986,10.543333,-2.510897
c_1_45_3987,11.123363,-2.7377093
c_1_45_3988,13.038371,-0.45142236
c_1_45_3989,13.306259,-0.25888506
c_1_45_3990,8.858197,-1.309581
c_1_45_3991,12.936636,5.5345016
c_1_45_3992,14.513737,3.6134133
c_1_45_3993,14.006628,1.1410679
c_1_45_3994,10.805323,-2.3582323
c_1_45_3995,12.628987,1.3977119
c_1_45_3996,7.788962,3.137272
c_1_45_3997,11.147106,-1.3608955
c_1_45_3998,10.6046505,-0.41843385
c_1_45_3999,8.906839,-1.0644363
c_1_45_4000,9.80589,0.69978714
c_1_45_4001,14.067145,1.2847905
c_1_45_4002,14.293251,2.7158408
c_1_45_4003,12.104096,-3.5604432
c_1_45_4004,13.2078705,0.017749367
c_1_45_4005,14.846424,4.1809826
c_1_45_4006,9.102032,-0.89143354
c_1_45_4007,9.492928,2.907991
c_1_45_4009,7.5207705,1.315605
c_1_45_4010,9.102638,5.3426924
c_1_45_4011,12.889322,-0.03028176
c_1_45_4012,10.435732,-1.5280315
c_1_45_4013,12.072062,0.33824164
c_1_45_4014,11.37456,1.6433382
c_1_45_4015,10.572722,1.8136612
c_1_45_4016,11.397461,0.83581847
c_1_45_4018,12.351009,2.93781
c_1_45_4019,9.919472,-0.28134692
c_1_45_4020,9.764977,-1.2198628
c_1_45_4021,9.167579,-2.0283601
c_1_45_4022,9.538855,-1.0025797
c_1_45_4023,9.843085,2.8144038
c_1_45_4024,10.399727,0.66917974
c_1_45_4025,10.460357,4.595998
c_1_45_4026,9.280646,-0.72327787
c_1_45_4027,7.8510685,1.104827
c_1_45_4028,7.739002,4.7273054
c_1_45_4029,11.277735,-2.6552892
c_1_45_4030,13.228545,1.180397
c_1_45_4031,13.797179,1.6282303
c_1_45_4032,8.593461,-0.44206813
c_1_45_4033,11.024166,1.2249885
c_1_45_4034,8.83003,-0.78238875
c_1_45_4035,6.1201453,-0.9910358
c_1_45_4037,5.8550715,-1.6231779
c_1_45_4038,10.781455,-0.65339446
c_1_45_4039,11.080566,-2.2897205
c_1_45_4040,6.0168657,-1.9639401
c_1_45_4041,7.3914824,-1.0640348
c_1_45_4042,9.813284,0.32471424
c_1_45_4043,10.513935,-2.1768997
c_1_45_4044,5.9981976,-1.1062763
c_1_45_4045,10.571629,2.1854098
c_1_45_4046,14.505763,3.614563
c_1_45_4047,9.749498,1.286863
c_1_45_4048,14.686099,3.0439167
c_1_45_4049,10.790512,-0.6725557
c_1_45_4050,10.080014,4.5534964
c_1_45_4051,5.91593,-1.0902823
c_1_45_4052,11.5846,0.7402476
c_1_45_4053,11.481468,2.4251027
c_1_45_4054,9.666996,-2.0283356
c_1_45_4055,10.418402,-2.3484921
c_1_45_4056,9.349194,-1.5164003
c_1_45_4057,10.720149,-1.8563218
c_1_45_4058,11.655287,-3.0419776
c_1_45_4059,10.230196,-1.7126005
c_1_45_4060,9.809535,-1.2432445
c_1_45_4061,9.911064,2.3153124
c_1_45_4062,12.912696,3.9150896
c_1_45_4063,10.82461,-2.0783029
c_1_45_4064,8.885168,-1.3957689
c_1_45_4065,13.432887,1.2637831
c_1_45_4066,11.826528,0.1533421
c_1_45_4067,9.698667,2.6195233
c_1_45_4068,11.805066,-3.8594115
c_1_45_4069,10.606512,-2.1268654
c_1_45_4070,9.921758,-1.053367
c_1_45_4071,10.123921,-2.2390463
c_1_45_4072,9.641395,-0.72995234
c_1_45_4073,8.906853,0.22855335
c_1_45_4074,10.05271,-2.5842628
c_1_45_4076,6.801145,-0.14260411
c_1_45_4077,4.8873277,-2.287824
c_1_45_4078,11.845075,-3.859657
c_1_45_4079,5.013283,-1.950579
c_1_45_4080,9.932506,-1.2170696
c_1_45_4081,11.125689,-3.1583788
c_1_45_4082,8.722725,2.0694878
c_1_45_4083,9.097648,1.5090203
c_1_45_4084,9.616674,-0.0020899873
c_1_45_4085,4.3182864,-2.073
c_1_45_4086,9.53062,-0.83724254
c_1_45_4087,11.900533,2.4500012
c_1_45_4088,4.6296697,-2.2844157
c_1_45_4089,12.558443,2.1142285
c_1_45_4090,5.242727,-2.0951102
c_1_45_4091,11.910324,-0.9796065
c_1_45_4092,9.988382,2.4398649
c_1_45_4093,5.65146,-1.1595756
c_1_45_4094,10.35945,-2.4079955
c_1_45_4095,4.7156787,-2.5290077
c_1_45_4096,9.748213,4.5687866
c_1_45_4097,10.281788,0.06285593
c_1_45_4098,11.8467,0.43278337
c_1_45_4099,6.4844728,-1.3589067
c_1_45_4100,11.862186,-3.123334
c_1_45_4101,9.429725,-1.4482033
c_1_45_4102,9.270932,-1.0920727
c_1_45_4103,8.721083,0.10054341
c_1_45_4104,11.621641,0.6344179
c_1_45_4105,11.382572,2.8263319
c_1_45_4106,12.641493,2.280743
c_1_45_4107,9.157319,-1.8207574
c_1_45_4108,9.882353,-0.6013514
c_1_45_4109,7.820169,-0.92580307
c_1_45_4110,10.29884,-0.21038175
c_1_45_4111,6.1275887,0.6107126
c_1_45_4112,10.488522,-1.4821815
c_1_45_4113,8.091215,4.762919
c_1_45_4114,10.194129,0.566004
c_1_45_4115,11.207312,-2.3434486
c_1_45_4116,4.466091,-2.5749607
c_1_45_4117,9.157576,0.34515837
c_1_45_4118,7.626121,1.8417593
c_1_45_4119,9.055775,0.37236217
c_1_45_4120,10.7321005,-2.8148565
c_1_45_4121,5.8860946,0.7458179
c_1_45_4122,6.1499734,-1.5063854
c_1_45_4123,7.6274137,4.0195646
c_1_45_4124,9.191149,2.012667
c_1_45_4125,8.874225,3.26612
c_1_45_4126,8.132497,1.2235568
c_1_45_4127,9.836688,0.42359775
c_1_45_4128,9.613417,-0.34489653
c_1_45_4129,8.814711,-0.5120726
c_1_45_4130,10.909743,-1.0936388
c_1_45_4131,8.883018,0.58577615
c_1_45_4132,10.019282,-1.890247
c_1_45_4134,8.841397,-0.0069765723
c_1_45_4135,9.668883,2.200192
c_1_45_4136,10.070603,4.275121
c_1_45_4137,10.389027,-1.0120528
c_1_45_4138,10.170397,-3.119349
c_1_45_4139,10.067445,-0.9981108
c_1_45_4140,9.559254,-0.5797605
c_1_45_4141,11.213635,0.041500848
c_1_45_4142,10.655956,-0.27254078
c_1_45_4143,9.96001,-1.3902526
c_1_45_4144,9.341931,-0.42105812
c_1_45_4145,11.346836,0.66838527
c_1_45_4146,11.551636,0.011020176
c_1_45_4147,12.421412,-3.4349964
c_1_45_4148,14.3482065,3.9214954
c_1_45_4149,14.767578,1.1156853
c_1_45_4150,10.124912,-2.3468153
c_1_45_4151,10.776119,-1.6739343
c_1_45_4152,9.336596,3.0429704
c_1_45_4153,8.977391,0.30918205
c_1_45_4154,9.907262,-0.87735105
c_1_45_4155,8.353973,1.7305249
c_1_45_4156,10.833527,-1.1951283
c_1_45_4157,10.27057,-0.65195835
c_1_45_4158,9.856996,2.2805777
c_1_45_4159,10.146678,3.0896268
c_1_45_4160,10.39624,1.2114354
c_1_45_4161,10.133097,-0.3632439
c_1_45_4162,10.686875,-1.0087279
c_1_45_4163,15.187122,3.764947
c_1_45_4164,8.377339,5.2476377
c_1_45_4165,10.412111,-0.035386194
c_1_45_4166,10.205733,0.04656558
c_1_45_4167,9.061765,0.117635354
c_1_45_4168,10.08425,-0.6160786
c_1_45_4169,11.518738,-3.6135154
c_1_45_4170,9.432494,0.3939886
c_1_45_4171,10.131656,-1.6204764
c_1_45_4172,10.794226,1.140536
c_1_45_4173,10.876867,0.668335
c_1_45_4174,10.241229,-0.14420731
c_1_45_4175,9.991126,0.07356703
c_1_45_4176,5.0453634,-2.3367157
c_1_45_4177,10.304489,-1.0112902
c_1_45_4178,11.080696,-1.9533334
c_1_45_4179,9.696427,0.39622402
c_1_45_4180,9.311922,-0.8262532
c_1_45_4181,10.4699955,-0.89943147
c_1_45_4182,9.922753,-2.3042095
c_1_45_4183,9.2187805,4.6182513
c_1_45_4184,9.784941,-0.3290488
c_1_45_4185,13.516461,-1.7596259
c_1_45_4186,8.376492,-0.36807626
c_1_45_4187,8.97479,-1.1171958
c_1_45_4188,10.332364,-2.2053864
c_1_45_4189,14.044936,-1.5864509
c_1_45_4190,10.952796,0.81422716
c_1_45_4191,11.72051,1.2489854
c_1_45_4192,10.741658,-3.091832
c_1_45_4193,14.137765,1.3199652
c_1_45_4194,13.192311,0.72503674
c_1_45_4195,8.482962,-0.2538078
c_1_45_4196,9.008975,-0.8859883
c_1_45_4197,10.9711485,-0.44004294
c_1_45_4198,11.690635,-0.61970687
c_1_45_4199,10.469911,-0.17435482
c_1_45_4200,9.617636,2.3390706
c_1_45_4201,13.056975,1.244262
c_1_45_4202,9.557756,-0.9115898
c_1_45_4203,14.14383,1.6346632
c_1_45_4204,9.401557,-1.8314002
c_1_45_4205,10.595188,1.764515
c_1_45_4206,14.053208,0.93723166
c_1_45_4207,7.8605275,0.57626086
c_1_45_4208,9.52709,-0.9240603
c_1_45_4209,11.156977,-1.7725794
c_1_45_4210,9.715982,-0.73315966
c_1_45_4211,10.243215,1.9209462
c_1_45_4212,10.086969,0.46107456
c_1_45_4213,9.249553,-0.5367294
c_1_45_4214,4.8700547,-2.63356
c_1_45_4215,9.899109,-0.5703339
c_1_45_4216,10.112927,-1.7840552
c_1_45_4217,10.49881,-2.2663963
c_1_45_4218,9.792585,0.93689805
c_1_45_4219,9.834194,-2.3932862
c_1_45_4220,9.47346,-2.4723973
c_1_45_4221,11.294041,1.4231871
c_1_45_4222,4.405433,-2.403357
c_1_45_4223,4.4159055,0.75488603
c_1_45_4224,7.515361,-1.0796423
c_1_45_4225,10.198161,-1.5158328
c_1_45_4226,10.407261,0.6007336
c_1_45_4227,10.358239,-0.7723513
c_1_45_4228,10.962727,1.7511363
c_1_45_4229,11.24455,-1.1128416
c_1_45_4230,10.968952,-2.7997303
c_1_45_4231,15.0585375,4.057912
c_1_45_4232,11.701497,-3.7400017
c_1_45_4233,9.581461,1.2637721
c_1_45_4234,10.697426,-0.6783079
c_1_45_4235,5.8376703,-1.2697405
c_1_45_4236,11.099058,-1.6030769
c_1_45_4237,13.953524,1.810155
c_1_45_4238,11.473001,-2.808841
c_1_45_4239,12.113193,-3.5844085
c_1_45_4240,8.933861,0.97414714
c_1_45_4241,11.489129,-3.4008849
c_1_45_4242,4.85213,-2.2606099
c_1_45_4243,10.78638,-1.7304671
c_1_45_4244,14.763266,2.4267645
c_1_45_4245,4.64568,-2.4290276
c_1_45_4246,10.660874,3.702837
c_1_45_4247,9.549012,-0.11456329
c_1_45_4248,10.622678,0.42718804
c_1_45_4249,9.812395,3.447028
c_1_45_4251,8.61211,-1.15206
c_1_45_4252,4.787874,-2.5055346
c_1_45_4253,10.81983,-0.58018094
c_1_45_4254,5.187403,-1.8502257
c_1_45_4255,10.640653,-2.6161532
c_1_45_4256,7.9440427,3.246355
c_1_45_4257,10.956892,-1.6328323
c_1_45_4258,9.312839,-1.5574361
c_1_45_4259,10.137487,-2.53918
c_1_45_4260,12.469836,1.1237919
c_1_45_4261,13.930312,0.98156136
c_1_45_4262,12.229892,2.7686267
c_1_45_4263,9.25965,-1.4869548
c_1_45_4264,10.34447,-3.0336351
c_1_45_4265,11.107143,-0.7809801
c_1_45_4266,10.309595,-2.5258505
c_1_45_4267,10.171415,0.3190016
c_1_45_4268,9.860075,-0.89302725
c_1_45_4269,9.060071,-1.3941611
c_1_45_4270,9.386281,-2.2255566
c_1_45_4271,9.836482,-0.009687018
c_1_45_4273,14.997534,4.4101787
c_1_45_4274,9.454805,-1.4457312
c_1_45_4275,9.7546835,-1.6345286
c_1_45_4276,10.787319,0.5259539
c_1_45_4277,8.953814,-0.93480504
c_1_45_4278,10.276853,-1.8752937
c_1_45_4279,5.4188085,0.1554227
c_1_45_4281,13.2666,0.94125605
c_1_45_4282,4.5596175,-2.27959
c_1_45_4284,11.383652,-1.6079084
c_1_46_1,5.641743,3.1870575
c_1_46_2,5.877281,2.85959
c_1_46_3,8.033575,1.963891
c_1_46_4,5.3035707,3.0704694
c_1_46_5,6.6301045,3.1072116
c_1_46_6,10.945341,2.3445094
c_1_46_7,9.286385,2.1858425
c_1_46_8,9.398693,3.139073
c_1_46_9,13.982533,-1.954311
c_1_46_10,5.812867,2.8941097
c_1_46_11,6.643832,2.2335625
c_1_46_12,7.3740053,1.788029
c_1_46_13,5.7070856,3.1586275
c_1_46_14,9.563106,2.7592425
c_1_46_15,12.549037,1.7723508
c_1_46_16,5.4640846,3.1004677
c_1_46_17,5.453169,-2.1128142
c_1_46_18,11.413434,4.545075
c_1_46_19,5.650033,-1.1060721
c_1_46_20,5.852225,-1.2047014
c_1_46_21,8.294414,1.7346727
c_1_46_22,6.005049,2.6865556
c_1_46_23,12.547949,-0.41415668
c_1_46_24,13.131852,-0.45053467
c_1_46_25,12.496372,5.284993
c_1_46_26,12.63379,-0.2724467
c_1_46_27,9.128376,2.7167275
c_1_46_28,14.205989,-1.8356088
c_1_46_29,4.588279,-2.1245074
c_1_46_30,12.041551,3.808586
c_1_46_31,5.25178,-2.0301127
c_1_46_32,4.7662506,-2.0849266
c_1_46_33,4.6757298,-2.254754
c_1_46_34,12.925606,-0.5454071
c_1_46_35,6.7849684,3.0483942
c_1_46_36,13.105697,2.4848225
c_1_46_37,8.595093,3.4755616
c_1_46_38,11.746768,2.8120506
c_1_46_39,13.053501,-0.25976786
c_1_46_40,4.304445,-2.1718962
c_1_46_41,13.994874,-0.7867949
c_1_46_42,12.9594755,-0.13631012
c_1_46_43,12.165675,1.1164165
c_1_46_44,12.047108,-0.8749293
c_1_46_45,12.779845,2.0983348
c_1_46_46,14.533158,2.301864
c_1_46_47,8.382843,1.3653306
c_1_46_48,10.855741,2.6291163
c_1_46_49,10.6233225,2.7678292
c_1_46_50,7.604736,3.9835105
c_1_46_51,11.509197,2.1134963
c_1_46_52,12.99255,-0.26722127
c_1_46_53,13.145733,3.0069835
c_1_46_54,7.152493,2.6437979
c_1_46_55,10.073544,3.1726272
c_1_46_56,13.357953,1.4569451
c_1_46_57,6.3786087,3.0928717
c_1_46_58,13.475836,-0.3469397
c_1_46_59,12.980167,-0.44657296
c_1_46_60,13.949161,5.339687
c_1_46_61,6.1820073,-0.2374881
c_1_46_62,6.9304976,2.50612
c_1_46_63,14.782024,-1.2394978
c_1_46_64,10.169656,2.0712345
c_1_46_65,8.866223,2.3638134
c_1_46_66,9.788351,0.4491384
c_1_46_67,13.037897,-0.44263673
c_1_46_68,12.133259,2.4514222
c_1_46_69,11.011305,-0.4124002
c_1_46_70,14.029477,-0.51018083
c_1_46_71,7.613633,2.7226665
c_1_46_72,13.531464,3.498048
c_1_46_73,10.817359,2.6624131
c_1_46_74,6.2552233,-0.7975238
c_1_46_75,13.544599,-0.7474034
c_1_46_76,9.431058,0.60052806
c_1_46_77,10.576808,0.961398
c_1_46_78,9.059063,1.1138314
c_1_46_79,9.590695,1.8576564
c_1_46_80,10.339567,0.3070461
c_1_46_81,14.212572,-0.6909378
c_1_46_82,8.66667,0.7849681
c_1_46_83,11.667483,1.7899464
c_1_46_84,14.149669,0.021268079
c_1_46_85,10.969021,1.3680978
c_1_46_86,6.372552,-1.2211888
c_1_46_87,6.171319,-0.84442836
c_1_46_88,3.642075,-1.237304
c_1_46_89,13.961559,-0.09134619
c_1_46_90,5.9887,0.18634959
c_1_46_91,12.63348,-0.15632221
c_1_46_92,14.069544,-0.41361076
c_1_46_93,10.059299,-0.46858075
c_1_46_94,8.881758,4.91963
c_1_46_95,9.572564,1.5775468
c_1_46_96,13.038282,-1.1047597
c_1_46_97,12.417145,-0.15636894
c_1_46_98,6.3572044,-0.40046665
c_1_46_99,11.603553,-1.2592233
c_1_46_100,9.255166,-0.5827208
c_1_46_101,12.196067,-0.19959901
c_1_46_102,9.293908,0.9464271
c_1_46_103,13.787742,-1.2192147
c_1_46_104,14.455297,-2.1509337
c_1_46_105,8.780221,-0.41579494
c_1_46_106,9.691521,0.9361326
c_1_46_107,12.70653,2.2539923
c_1_46_108,9.389881,-0.037183695
c_1_46_109,9.361028,1.2619283
c_1_46_110,9.775922,-0.7830186
c_1_46_111,5.7104607,-0.74117476
c_1_46_112,13.329881,0.44171095
c_1_46_113,5.50825,-1.8863122
c_1_46_114,10.731529,1.434621
c_1_46_115,5.724634,-1.3413396
c_1_46_116,10.183621,0.65369743
c_1_46_117,5.4195886,-2.1037416
c_1_46_118,13.668392,2.1039293
c_1_46_119,6.8618026,0.57628244
c_1_46_120,13.280505,0.57897764
c_1_46_121,11.7253,1.7285882
c_1_46_122,8.061676,0.978738
c_1_46_123,7.81181,2.8235955
c_1_46_124,10.514355,2.927039
c_1_46_125,14.259102,-0.8117098
c_1_46_126,14.449847,2.47175
c_1_46_127,14.295221,2.7074203
c_1_46_128,14.897384,-1.3280346
c_1_46_129,13.857932,-1.2856805
c_1_46_130,6.1054387,2.4938204
c_1_46_131,12.592545,1.2216719
c_1_46_132,14.255436,-0.7138719
c_1_46_133,6.448897,3.296146
c_1_46_134,10.104981,0.82715005
c_1_46_135,14.6534815,-0.7165703
c_1_46_136,15.083367,3.3469193
c_1_46_137,11.601934,-1.1275977
c_1_46_138,14.974304,3.1532717
c_1_46_139,11.976944,3.8029573
c_1_46_140,10.248428,-1.3332736
c_1_46_141,15.051304,3.9286282
c_1_46_142,8.3651085,4.0638323
c_1_46_143,9.032101,0.5370421
c_1_46_144,10.6256275,2.3335333
c_1_46_145,6.221039,2.7496872
c_1_46_146,10.582716,2.0766068
c_1_46_147,6.006068,3.3768032
c_1_46_148,9.374716,-0.1545271
c_1_46_149,10.817638,1.5547757
c_1_46_150,8.533787,-0.9232746
c_1_46_151,13.076652,-0.035171542
c_1_46_152,7.7320223,1.2178916
c_1_46_153,6.400453,-0.010752595
c_1_46_154,5.490144,-2.0211246
c_1_46_155,13.634866,2.0432854
c_1_46_156,5.710142,-1.6775883
c_1_46_157,12.631271,0.5229022
c_1_46_158,12.546087,1.3166406
c_1_46_159,5.1802344,-1.8902304
c_1_46_160,5.736995,-0.7804432
c_1_46_161,14.0202265,1.5823174
c_1_46_162,11.682696,0.8242071
c_1_46_163,10.619284,0.0076132175
c_1_46_164,13.906229,0.9634682
c_1_46_165,5.1090093,-1.8978328
c_1_46_166,11.403783,1.8059961
c_1_46_167,13.98065,-1.5439796
c_1_46_168,12.772829,1.3053867
c_1_46_169,5.7542253,-1.5609274
c_1_46_170,9.721883,2.987747
c_1_46_171,13.382305,1.6494049
c_1_46_172,5.6139846,2.9532669
c_1_46_173,15.562972,3.1367915
c_1_46_174,14.223057,1.2609034
c_1_46_175,9.754848,-0.08430644
c_1_46_176,12.952583,1.5438497
c_1_46_177,4.4688697,-1.3444319
c_1_46_178,11.115974,0.64105844
c_1_46_179,13.923702,-1.1978483
c_1_46_180,10.799462,-0.14051653
c_1_46_181,9.643017,-0.029301886
c_1_46_182,5.935532,-0.5576287
c_1_46_183,13.240201,1.4861516
c_1_46_184,4.972846,-0.5976567
c_1_46_185,13.948474,2.5045443
c_1_46_186,5.146665,-1.8264279
c_1_46_187,14.138882,-1.7628468
c_1_46_188,8.736613,-0.064943396
c_1_46_189,14.775102,2.496195
c_1_46_190,5.7713857,-1.3832732
c_1_46_191,11.946835,1.3096969
c_1_46_192,13.047726,0.22698162
c_1_46_193,8.040351,0.7844833
c_1_46_194,10.301384,-0.7679618
c_1_46_195,5.367088,-1.3112004
c_1_46_196,6.5377984,3.0000184
c_1_46_197,6.0133753,-1.1980379
c_1_46_198,12.130532,0.85074395
c_1_46_199,9.769656,-0.26088873
c_1_46_200,10.043119,-0.80355257
c_1_46_201,13.257207,1.0271254
c_1_46_202,5.1283374,-2.42094
c_1_46_203,14.029039,1.6704738
c_1_46_204,4.8966746,-2.1142483
c_1_46_205,5.2480235,-1.5678785
c_1_46_206,13.375795,1.2347679
c_1_46_207,5.4565506,-1.6540155
c_1_46_208,8.802147,1.1934053
c_1_46_209,9.520935,4.92222
c_1_46_210,13.075603,2.8664846
c_1_46_211,5.1375794,-2.181377
c_1_46_212,5.288542,-2.0353572
c_1_46_213,8.796093,1.9997058
c_1_46_214,6.6705017,2.8431904
c_1_46_215,9.2672825,0.39824608
c_1_46_216,5.614666,-1.5518659
c_1_46_217,8.532406,1.390408
c_1_46_218,10.77449,1.0596731
c_1_46_219,9.247367,2.2247171
c_1_46_220,5.4880676,-1.9425089
c_1_46_221,5.556802,-2.0999267
c_1_46_222,5.4874797,-1.3230762
c_1_46_223,5.2916484,-2.1478508
c_1_46_224,10.173715,-0.73641026
c_1_46_225,11.148603,1.7231034
c_1_46_226,12.151847,2.5431073
c_1_46_227,5.5300465,-2.0230799
c_1_46_228,10.980572,1.9561714
c_1_46_229,8.454702,0.6146051
c_1_46_230,5.6324816,-1.9980651
c_1_46_231,5.9620867,-0.11214484
c_1_46_232,12.785177,-0.4253987
c_1_46_233,9.096946,-1.6189418
c_1_46_234,10.736109,0.8451397
c_1_46_235,5.2733736,-2.0034864
c_1_46_236,6.0270224,-2.028683
c_1_46_237,6.6783104,-0.8336343
c_1_46_238,9.1220045,1.6224161
c_1_46_239,9.412393,-0.769595
c_1_46_240,5.814735,-0.61526954
c_1_46_241,11.405414,0.5448137
c_1_46_242,5.4838552,-1.0850071
c_1_46_243,5.044901,-2.5552897
c_1_46_244,8.488665,-0.36326712
c_1_46_245,12.278692,1.4116682
c_1_46_246,10.245385,-1.2800479
c_1_46_247,5.563555,-1.0014733
c_1_46_248,14.458198,-1.6820097
c_1_46_249,14.759332,3.4460623
c_1_46_250,14.227569,2.7089443
c_1_46_251,10.923474,2.0755951
c_1_46_252,9.15562,-0.71930736
c_1_46_253,6.7327323,0.025299441
c_1_46_255,5.813796,-1.4035175
c_1_46_256,6.382923,-1.5010992
c_1_46_257,4.8711724,-1.4285609
c_1_46_258,13.4516115,-1.1092488
c_1_46_259,9.039642,1.262237
c_1_46_260,13.391324,2.0593483
c_1_46_261,8.412515,3.0427866
c_1_46_262,8.920352,1.2856755
c_1_46_263,10.975922,3.1832972
c_1_46_264,6.2568774,-1.5665953
c_1_46_265,5.8840065,-1.5288956
c_1_46_266,10.137476,-0.55064905
c_1_46_267,10.009363,-0.48332325
c_1_46_268,10.038189,0.3126139
c_1_46_269,5.5222807,-1.4741449
c_1_46_270,13.216233,1.895902
c_1_46_271,9.793492,-0.22279729
c_1_46_272,10.4129925,1.3899187
c_1_46_273,5.621399,-1.0332143
c_1_46_274,15.342294,3.0988958
c_1_46_275,6.1524706,-1.1241033
c_1_46_276,14.753367,2.7809763
c_1_46_277,9.191633,2.9837995
c_1_46_278,5.6843386,-1.8800939
c_1_46_279,5.267358,0.17680196
c_1_46_280,14.493786,2.0704465
c_1_46_281,13.143653,0.9324495
c_1_46_282,13.792397,-1.317496
c_1_46_283,9.85458,0.9774614
c_1_46_284,5.820992,-1.2054964
c_1_46_285,10.366268,-1.9382336
c_1_46_286,5.367382,-1.9896342
c_1_46_287,6.144624,-1.3335985
c_1_46_288,10.93429,0.46630365
c_1_46_289,9.3271885,4.4002767
c_1_46_290,11.072521,-0.5380584
c_1_46_291,5.414884,-1.8157196
c_1_46_292,6.3922687,-0.9866751
c_1_46_293,6.351562,2.8682628
c_1_46_294,12.372759,0.63006204
c_1_46_295,13.054123,0.94755924
c_1_46_296,14.104912,2.2257376
c_1_46_297,14.044755,-0.5143972
c_1_46_298,5.105348,-1.3918775
c_1_46_299,14.373647,2.3191638
c_1_46_300,12.92433,1.1907451
c_1_46_301,6.037325,-1.3414507
c_1_46_302,5.7520795,-2.1387448
c_1_46_303,11.859497,0.4828387
c_1_46_304,11.317508,-0.5582253
c_1_46_305,6.6992626,0.28915364
c_1_46_306,5.279025,-1.6475501
c_1_46_307,11.934402,-3.4521675
c_1_46_308,9.458742,1.788701
c_1_46_309,9.522248,-0.47548252
c_1_46_310,5.809578,-1.756741
c_1_46_311,14.204026,-2.2492926
c_1_46_312,5.6411376,-2.0688977
c_1_46_313,9.744801,-0.21680543
c_1_46_314,13.948703,-2.115507
c_1_46_315,12.085321,-0.25135052
c_1_46_316,15.158481,2.6302123
c_1_46_317,6.094167,-1.4132353
c_1_46_318,11.309398,0.42599884
c_1_46_319,4.5186124,-1.1577797
c_1_46_320,5.936302,-1.7435349
c_1_46_321,5.440616,-1.4692578
c_1_46_322,14.275833,2.849249
c_1_46_323,13.888951,1.3672634
c_1_46_324,5.3760843,-2.233063
c_1_46_325,10.410092,-0.21074076
c_1_46_326,9.778129,0.91612476
c_1_46_327,13.042533,1.075566
c_1_46_328,5.5804124,-1.5145838
c_1_46_329,5.8681135,0.07521647
c_1_46_330,6.074596,-1.7715404
c_1_46_331,8.90744,2.393198
c_1_46_332,8.192141,3.1956887
c_1_46_333,5.749102,-1.6345025
c_1_46_334,11.192537,1.3739576
c_1_46_335,5.4834127,-1.9081795
c_1_46_336,8.037293,1.1820973
c_1_46_337,10.510055,-1.1708025
c_1_46_338,5.2756023,-1.5531179
c_1_46_339,5.692764,-1.1549486
c_1_46_340,5.1350346,-1.9714675
c_1_46_341,14.116031,2.1669354
c_1_46_342,5.9264297,-0.7107833
c_1_46_343,6.1244206,-1.0604334
c_1_46_344,6.502519,-0.55197966
c_1_46_345,14.19538,-1.0864099
c_1_46_346,11.652717,-0.15715142
c_1_46_347,4.6412716,-1.8411279
c_1_46_348,5.7825694,-1.6096177
c_1_46_349,11.480754,2.1614234
c_1_46_350,13.097194,1.1366088
c_1_46_351,12.993289,2.4429364
c_1_46_352,13.823609,-0.756689
c_1_46_353,5.911287,-1.2936366
c_1_46_354,5.8509026,-1.4260944
c_1_46_355,10.735954,1.7229867
c_1_46_356,5.989361,-1.7209579
c_1_46_357,14.908375,1.4510958
c_1_46_358,14.611288,2.6485486
c_1_46_359,5.155959,-2.0562258
c_1_46_360,5.733788,-1.368711
c_1_46_361,13.959503,1.427432
c_1_46_362,15.069011,2.5820131
c_1_46_363,8.534743,-0.5681627
c_1_46_364,6.0819926,-1.6443112
c_1_46_365,14.34883,-1.0448076
c_1_46_366,13.944647,-2.051913
c_1_46_367,11.891471,-1.6015433
c_1_46_368,8.430252,3.3808532
c_1_46_369,12.08773,0.069381885
c_1_46_370,10.376241,2.1388712
c_1_46_371,13.914632,-1.1456275
c_1_46_372,13.779026,1.2727542
c_1_46_373,5.180388,-1.2900891
c_1_46_374,14.721379,2.9679847
c_1_46_375,11.609148,1.5523257
c_1_46_376,5.3755016,-1.5120336
c_1_46_377,5.4730577,-2.0923848
c_1_46_378,6.4351945,-0.24285121
c_1_46_379,11.255971,0.22484052
c_1_46_380,6.947854,0.28661302
c_1_46_381,9.732174,1.5641339
c_1_46_382,13.631084,2.3342307
c_1_46_383,15.348512,2.584352
c_1_46_384,12.50095,-0.24657314
c_1_46_385,9.897758,0.20145349
c_1_46_386,10.067046,-0.32748732
c_1_46_387,5.945621,0.6050534
c_1_46_388,12.284451,0.12450664
c_1_46_389,5.919624,-0.24968563
c_1_46_390,6.0744247,-1.5603234
c_1_46_391,13.54111,-1.9647411
c_1_46_392,14.05627,-2.240489
c_1_46_393,13.228927,-1.7145784
c_1_46_394,10.265939,-0.021818403
c_1_46_395,9.981056,0.638712
c_1_46_396,10.577852,-0.4311437
c_1_46_397,13.63714,-0.93651974
c_1_46_398,13.279183,2.2150264
c_1_46_399,12.658291,5.254213
c_1_46_400,9.511547,0.5471267
c_1_46_401,10.944614,0.6720327
c_1_46_402,5.670684,-1.8702642
c_1_46_403,5.639784,-1.7660121
c_1_46_404,8.852559,0.7106903
c_1_46_405,14.357105,1.372666
c_1_46_406,7.60087,0.809288
c_1_46_407,11.950607,1.667064
c_1_46_408,4.6017857,-2.2612474
c_1_46_409,9.396784,-0.079019986
c_1_46_410,7.3409686,2.0064762
c_1_46_411,4.9829507,-1.6746608
c_1_46_412,8.592185,2.1143994
c_1_46_413,4.836641,-2.079163
c_1_46_414,5.7663574,-1.9052981
c_1_46_415,12.292787,1.6288599
c_1_46_416,13.90144,1.308065
c_1_46_417,7.460479,1.6061505
c_1_46_418,5.6942854,-1.8856323
c_1_46_419,12.690272,0.46772733
c_1_46_420,13.514065,1.3737041
c_1_46_421,8.581706,1.1913447
c_1_46_422,9.882749,1.3545892
c_1_46_423,10.474267,0.505974
c_1_46_424,8.661509,0.5290189
c_1_46_425,7.048128,1.8312125
c_1_46_426,13.713283,-1.6284108
c_1_46_427,6.265399,-0.14602603
c_1_46_428,4.6626196,-2.402578
c_1_46_429,14.79507,2.8386977
c_1_46_430,5.7662926,-1.9527472
c_1_46_431,9.452034,0.008142727
c_1_46_432,5.484569,-2.0169127
c_1_46_433,8.030982,2.442403
c_1_46_434,7.4797626,2.7296221
c_1_46_435,5.372109,0.3885767
c_1_46_436,10.295858,1.5080774
c_1_46_437,5.730437,-1.6307594
c_1_46_438,5.693634,-1.4146042
c_1_46_439,8.305438,1.3488462
c_1_46_440,6.269441,-1.0964203
c_1_46_441,15.239966,2.5455172
c_1_46_442,9.077816,-1.5855325
c_1_46_443,13.912403,-1.500021
c_1_46_444,9.480779,0.7039682
c_1_46_445,7.7753844,1.6100292
c_1_46_446,11.318246,1.7266572
c_1_46_447,11.605898,1.0155667
c_1_46_448,13.393679,2.1848228
c_1_46_449,5.582583,-2.1322916
c_1_46_450,11.233269,1.4057008
c_1_46_451,9.712288,2.444224
c_1_46_452,13.748041,2.500302
c_1_46_453,6.991302,1.9248703
c_1_46_454,8.319155,0.3993514
c_1_46_455,5.022384,-2.2806208
c_1_46_456,7.750624,1.833778
c_1_46_457,9.606142,0.48257208
c_1_46_458,7.373897,1.567592
c_1_46_459,12.49826,-0.92030025
c_1_46_460,14.224612,3.527561
c_1_46_461,9.009887,1.3613986
c_1_46_462,8.341075,2.4174368
c_1_46_463,10.196254,2.2359881
c_1_46_464,8.376787,1.8441169
c_1_46_465,11.597552,1.5756308
c_1_46_466,4.8691387,-2.0730731
c_1_46_467,10.601724,2.0903068
c_1_46_468,5.2708235,-1.1504587
c_1_46_469,11.314052,0.914011
c_1_46_470,9.884166,0.90735435
c_1_46_471,13.28058,2.6206603
c_1_46_472,6.7328176,-0.9199054
c_1_46_473,9.2813225,-1.1577314
c_1_46_474,13.24379,3.2592633
c_1_46_475,6.370271,-1.1119865
c_1_46_476,6.3122478,0.054784082
c_1_46_477,7.5871897,2.2492392
c_1_46_478,12.406006,1.7786245
c_1_46_479,12.972896,2.5526202
c_1_46_480,7.04539,2.6033905
c_1_46_481,6.5186486,-0.28142136
c_1_46_482,8.6728735,1.3870656
c_1_46_483,8.054494,1.9716548
c_1_46_484,15.023752,2.2266974
c_1_46_485,5.3375864,-2.0216832
c_1_46_486,13.737099,3.2770007
c_1_46_487,12.051831,-0.5156304
c_1_46_488,13.012834,0.108468175
c_1_46_489,13.341591,2.5532546
c_1_46_490,11.621682,-0.011001408
c_1_46_491,4.3393245,-1.0438844
c_1_46_492,8.851926,1.9708984
c_1_46_493,10.55771,1.4977852
c_1_46_494,4.4288006,-1.4432719
c_1_46_495,4.682396,-2.3166466
c_1_46_496,4.76536,-2.2159495
c_1_46_497,14.047034,0.95843154
c_1_46_498,5.2665033,-0.6205288
c_1_46_499,8.764958,-0.24126114
c_1_46_500,4.9708505,-2.141704
c_1_46_501,10.097495,0.29393825
c_1_46_502,13.346934,1.014115
c_1_46_503,12.892903,1.8990585
c_1_46_504,10.723214,2.1803472
c_1_46_505,11.020689,1.574466
c_1_46_506,14.452972,3.3077219
c_1_46_507,11.329675,0.8716873
c_1_46_508,8.021201,2.5565932
c_1_46_509,8.184951,2.0496914
c_1_46_510,5.36505,-1.1575963
c_1_46_511,5.021449,-2.0710287
c_1_46_512,13.627337,-1.2868301
c_1_46_513,9.420991,0.42512086
c_1_46_514,13.651067,1.0209345
c_1_46_515,7.035296,1.1727185
c_1_46_516,9.568597,0.39687848
c_1_46_517,13.478956,2.2129087
c_1_46_518,13.924494,1.0664734
c_1_46_519,13.510687,2.1388342
c_1_46_520,11.931016,1.4515073
c_1_46_521,11.247016,1.8606453
c_1_46_522,12.202181,1.203883
c_1_46_523,4.471055,-0.98379016
c_1_46_524,7.2855425,1.7811233
c_1_46_525,5.1554823,-2.30587
c_1_46_526,13.10811,-0.8783888
c_1_46_527,8.758915,1.4396106
c_1_46_528,9.742403,1.5038737
c_1_46_529,10.285285,1.8820224
c_1_46_530,11.769036,1.7321696
c_1_46_531,4.6563315,-2.1971936
c_1_46_532,11.55087,1.6631888
c_1_46_533,5.951874,-1.5111197
c_1_46_534,11.945725,1.4836261
c_1_46_535,12.636567,0.7542375
c_1_46_536,8.305552,2.0688305
c_1_46_537,4.5018024,-2.2713842
c_1_46_538,8.105215,0.98259014
c_1_46_539,5.905515,-1.933613
c_1_46_540,11.954786,1.2046664
c_1_46_541,15.510079,3.053497
c_1_46_542,5.6096225,-2.0608444
c_1_46_543,6.680499,0.8590854
c_1_46_544,11.683744,2.942894
c_1_46_545,11.005782,0.7889355
c_1_46_546,5.452463,-2.2136662
c_1_46_547,5.612763,-0.8854697
c_1_46_548,7.514717,1.195822
c_1_46_549,6.0985417,2.698759
c_1_46_550,8.109051,1.8461941
c_1_46_551,4.4859247,-1.8122766
c_1_46_552,8.664651,0.94269145
c_1_46_553,12.824642,1.0924633
c_1_46_554,6.211296,-0.8085305
c_1_46_555,10.0405445,3.676251
c_1_46_556,5.3319173,-2.362809
c_1_46_557,6.9999776,2.502482
c_1_46_558,11.703531,2.757307
c_1_46_559,9.593409,2.488442
c_1_46_560,12.960045,2.4082346
c_1_46_561,7.0064793,2.772898
c_1_46_562,5.971476,-0.5341056
c_1_46_563,13.490335,2.7916493
c_1_46_564,13.120548,2.129247
c_1_46_565,12.984172,1.4013741
c_1_46_566,11.366315,0.17405273
c_1_46_567,6.077768,-0.011317922
c_1_46_568,5.4964337,-1.7904041
c_1_46_569,15.054461,2.9262395
c_1_46_570,8.945722,2.3728638
c_1_46_571,5.9490137,3.1586013
c_1_46_572,10.464211,0.49870077
c_1_46_573,13.293718,-1.4542708
c_1_46_574,6.3647566,2.5378954
c_1_46_575,10.813914,2.398326
c_1_46_576,5.2161574,-1.8351852
c_1_46_577,5.965866,0.47650614
c_1_46_578,10.969637,1.9570162
c_1_46_579,8.050064,0.15006213
c_1_46_580,7.6948996,1.529485
c_1_46_581,8.426654,-0.43119764
c_1_46_582,5.6007447,-0.5496073
c_1_46_583,7.3185015,2.687752
c_1_46_584,5.229673,-1.7777666
c_1_46_585,6.862024,0.16995405
c_1_46_586,14.239897,3.1588922
c_1_46_587,5.9452944,-0.9275081
c_1_46_588,5.4882975,-1.6791509
c_1_46_589,7.021368,2.5002103
c_1_46_590,8.362723,1.1963209
c_1_46_591,14.89455,2.7372663
c_1_46_592,11.180421,2.785029
c_1_46_593,13.736363,-2.181973
c_1_46_594,13.296765,1.1225168
c_1_46_595,11.298135,2.2996652
c_1_46_596,13.825829,-0.35095304
c_1_46_597,8.805462,0.87975943
c_1_46_598,4.8932323,-1.9833133
c_1_46_599,6.563716,2.0801642
c_1_46_600,14.068371,3.2147317
c_1_46_601,6.10356,-0.26657593
c_1_46_602,7.3250065,2.3165298
c_1_46_603,13.867756,1.5186522
c_1_46_604,7.91719,1.8442026
c_1_46_606,6.0880346,-1.2535521
c_1_46_607,5.5498,-1.6609653
c_1_46_608,10.685629,0.54961103
c_1_46_609,7.833707,2.1706066
c_1_46_610,12.640157,0.5364785
c_1_46_612,6.9731035,2.8513854
c_1_46_613,6.3222075,-0.44210157
c_1_46_614,5.362722,-1.426009
c_1_46_615,12.557048,0.7934705
c_1_46_616,14.315282,-0.53573406
c_1_46_617,10.549772,0.59637517
c_1_46_618,6.626707,-1.0913384
c_1_46_619,14.113217,-1.4679129
c_1_46_620,12.776606,1.58419
c_1_46_621,7.128778,2.3358872
c_1_46_622,6.0851417,-0.7784672
c_1_46_623,14.412419,2.2435453
c_1_46_624,7.3143167,2.7618885
c_1_46_625,14.556963,2.9126487
c_1_46_626,6.8964777,3.0683804
c_1_46_627,5.388343,-1.0356604
c_1_46_628,5.9816575,2.6686285
c_1_46_630,7.1881633,3.4356134
c_1_46_631,6.9688973,3.1316028
c_1_46_632,7.2460628,2.3500772
c_1_46_633,7.361567,1.1556267
c_1_46_634,5.3553753,-1.0047549
c_1_46_635,11.571015,0.069200695
c_1_46_636,14.390306,1.937578
c_1_46_637,13.074482,1.2443044
c_1_46_638,6.1499295,2.399331
c_1_46_639,4.7745123,-2.0325499
c_1_46_640,5.0282764,-1.3503715
c_1_46_641,10.843806,2.1602962
c_1_46_642,13.848483,3.2546134
c_1_46_643,5.5164366,-0.94998527
c_1_46_645,4.983389,-1.7563016
c_1_46_646,14.265043,3.4731011
c_1_46_647,6.0667624,3.2483506
c_1_46_648,7.50254,2.3338044
c_1_46_649,6.5919213,2.484022
c_1_46_651,7.1932335,1.8187144
c_1_46_652,6.408275,3.145048
c_1_46_653,8.52019,1.1743481
c_1_46_654,13.547984,-1.5634338
c_1_46_655,8.601431,3.1840732
c_1_46_656,6.8108416,3.1683593
c_1_46_657,6.5556498,2.3827233
c_1_46_658,14.25441,1.78587
c_1_46_659,6.7461305,2.9997144
c_1_46_660,10.807812,2.295709
c_1_46_661,9.68831,3.237316
c_1_46_662,7.3739457,2.516045
c_1_46_664,6.4872746,2.0562701
c_1_46_665,5.673584,3.3001623
c_1_46_666,8.328145,1.898879
c_1_46_667,6.9484158,1.8483149
c_1_46_668,6.835889,1.3228782
c_1_46_669,6.9297423,3.0866854
c_1_46_670,9.777889,2.6115432
c_1_46_671,4.851208,-1.5508212
c_1_46_672,12.424994,2.072153
c_1_46_673,6.2730203,2.7164903
c_1_46_674,7.602709,-0.60798645
c_1_46_675,6.759047,1.46044
c_1_46_676,13.576682,3.0988607
c_1_46_677,5.9417896,-1.5241165
c_1_46_678,12.92604,-1.3802934
c_1_46_679,13.004267,1.6089026
c_1_46_680,6.811657,2.077974
c_1_46_682,12.883924,1.8962551
c_1_46_683,6.329195,2.6707938
c_1_46_684,11.437626,2.5339384
c_1_46_685,11.207535,1.3703303
c_1_46_686,12.566509,1.7264057
c_1_46_688,5.0617175,-1.7031105
c_1_46_689,6.231991,2.4518878
c_1_46_690,6.1390567,3.0555708
c_1_46_691,7.2903056,2.239309
c_1_46_692,6.365077,2.833506
c_1_46_693,11.827686,1.7685356
c_1_46_694,13.998902,1.1644409
c_1_46_695,7.5326486,3.1278706
c_1_46_696,6.3172965,2.457488
c_1_46_697,5.4481387,-1.5728673
c_1_46_698,4.7069297,-2.3745124
c_1_46_699,14.398701,1.9092698
c_1_46_700,5.771286,2.9257345
c_1_46_701,12.481565,1.628414
c_1_46_702,15.21771,2.9974225
c_1_46_703,6.429637,0.78918576
c_1_46_704,6.503635,2.347139
c_1_46_705,5.872413,-1.8270882
c_1_46_706,12.74504,1.9298624
c_1_46_707,9.494898,-0.18710339
c_1_46_709,6.086478,2.2857199
c_1_46_711,8.213078,1.6644393
c_1_46_712,6.5426908,3.3381875
c_1_46_714,12.227773,0.83513314
c_1_46_715,12.200945,1.682809
c_1_46_716,13.172771,1.4824859
c_1_46_717,5.293929,3.1760695
c_1_46_718,6.263112,3.6043339
c_1_46_719,7.947256,1.7310635
c_1_46_720,7.9884424,2.891351
c_1_46_721,5.86384,3.0157819
c_1_46_722,13.260301,-0.052746728
c_1_46_723,10.441163,2.6197395
c_1_46_725,6.658432,2.4668722
c_1_46_727,7.373004,2.6837
c_1_46_728,6.6389747,2.1865857
c_1_46_729,6.406868,2.6936946
c_1_46_731,14.513844,2.686464
c_1_46_732,6.9147816,2.1950488
c_1_46_734,6.0885563,3.129674
c_1_46_736,5.331486,-1.8642049
c_1_46_738,7.44521,1.294007
c_1_46_739,14.152224,-0.5098691
c_1_46_742,14.681007,2.2460213
c_1_46_743,15.450654,3.2722533
c_1_46_744,6.234003,2.3983169
c_1_46_745,9.73451,2.090926
c_1_46_746,14.853877,2.730653
c_1_46_747,4.601974,-1.516981
c_1_46_748,11.583678,4.923627
c_1_46_749,7.020375,3.0816019
c_1_46_751,10.061622,2.4681008
c_1_46_752,13.877964,-2.057516
c_1_46_753,13.857608,-0.3623341
c_1_46_754,13.905529,2.612212
c_1_46_755,7.7998037,1.1478038
c_1_46_756,5.613499,-0.63189787
c_1_46_757,8.5925865,2.291681
c_1_46_758,6.715252,2.9039617
c_1_46_759,10.776548,-0.40066403
c_1_46_760,6.0318155,2.74869
c_1_46_761,7.1097574,1.8506238
c_1_46_762,7.7075105,1.8522484
c_1_46_763,4.001825,-0.6911237
c_1_46_764,12.301883,1.7473933
c_1_46_765,5.0770626,-1.9615109
c_1_46_766,4.98932,-2.028449
c_1_46_767,12.213521,-0.8397547
c_1_46_768,12.125126,1.1720353
c_1_46_769,14.546742,2.1075976
c_1_46_770,4.797605,-1.1408343
c_1_46_771,7.800725,2.0763314
c_1_46_772,8.752172,1.9984683
c_1_46_773,12.7224045,1.8938793
c_1_46_774,6.4300575,3.4981496
c_1_46_775,4.469944,-1.5486813
c_1_46_776,9.417236,0.7464945
c_1_46_778,12.630165,1.3720694
c_1_46_779,4.1965246,-1.7971411
c_1_46_780,4.0464206,-0.9910881
c_1_46_782,13.145034,-1.1651695
c_1_46_783,5.6889524,-1.0222963
c_1_46_784,7.322223,2.928426
c_1_46_787,12.510757,-0.82870525
c_1_46_788,4.3372197,-1.3532634
c_1_46_789,3.9172294,-0.45470232
c_1_46_790,6.109331,-1.8565494
c_1_46_791,13.176303,1.5534191
c_1_46_792,13.70504,1.4236228
c_1_46_793,7.121798,3.3537257
c_1_46_794,7.5336723,2.6948254
c_1_46_796,6.285648,-1.0807183
c_1_46_797,5.320754,-1.0684122
c_1_46_798,7.0146194,2.214862
c_1_46_800,10.050851,1.6953119
c_1_46_802,14.603649,2.196113
c_1_46_803,7.865066,2.50604
c_1_46_804,7.2856297,2.7225244
c_1_46_805,7.9761844,3.2580678
c_1_46_806,6.281103,-0.023662623
c_1_46_807,4.210062,-0.84133387
c_1_46_809,5.794328,1.219491
c_1_46_811,5.9855723,3.4389966
c_1_46_813,6.4150114,-0.48040766
c_1_46_814,6.0121436,2.953585
c_1_46_815,7.297543,2.760096
c_1_46_816,4.212901,-1.126952
c_1_46_817,8.419615,2.504242
c_1_46_818,6.823188,3.2628653
c_1_46_819,7.350603,1.5656877
c_1_46_820,4.5570664,-1.2858307
c_1_46_821,5.8705664,2.3008616
c_1_46_822,3.9782438,-1.0011767
c_1_46_823,13.371446,1.361303
c_1_46_824,7.1819515,1.9500169
c_1_46_825,5.866885,-0.9830552
c_1_46_826,14.070336,-1.4555073
c_1_46_827,7.240387,2.6761603
c_1_46_828,4.1380186,-1.1923485
c_1_46_829,10.316094,2.2089088
c_1_46_831,13.136541,-1.418899
c_1_46_832,4.7677336,-2.414529
c_1_46_833,6.9193845,2.851886
c_1_46_835,10.911667,1.3317083
c_1_46_836,9.890697,2.1430721
c_1_46_838,7.1055107,2.7225363
c_1_46_839,6.192102,3.0291882
c_1_46_840,6.4690385,-0.45459622
c_1_46_841,6.8490233,3.3150012
c_1_46_842,8.087544,1.9557092
c_1_46_843,8.756027,2.5714586
c_1_46_844,6.820313,2.464114
c_1_46_845,5.449708,3.0812016
c_1_46_846,6.38757,-1.4418015
c_1_46_847,6.5230894,2.9126492
c_1_46_848,6.831597,2.3435397
c_1_46_849,5.7584157,2.6203349
c_1_46_850,6.636089,2.293558
c_1_46_851,8.1798315,1.8896897
c_1_46_852,6.1357355,3.1558762
c_1_46_853,12.03394,3.855994
c_1_46_855,3.2593489,-1.3769315
c_1_46_856,6.6853876,3.0096834
c_1_46_857,5.7147083,3.151707
c_1_46_858,8.665325,1.6166239
c_1_46_859,6.814493,2.6625872
c_1_46_860,4.1135454,-0.8639825
c_1_46_861,6.6933484,3.4846678
c_1_46_862,7.577639,1.1164179
c_1_46_863,6.0075526,-1.387967
c_1_46_864,6.054889,-1.5454377
c_1_46_865,8.268392,2.5960808
c_1_46_868,7.774192,1.7528177
c_1_46_869,5.15311,-1.1318809
c_1_46_870,5.9939446,-1.377501
c_1_46_871,8.179609,0.7016081
c_1_46_872,14.040626,2.0375159
c_1_46_873,10.890141,0.2635692
c_1_46_874,14.276765,3.2500286
c_1_46_875,5.6325727,0.87767375
c_1_46_876,4.9128647,-1.4540757
c_1_46_877,6.2701902,1.9080023
c_1_46_878,4.625583,-0.92401254
c_1_46_880,6.9360166,2.5143244
c_1_46_881,6.000727,0.7840752
c_1_46_882,7.0010967,2.8050444
c_1_46_883,5.827122,1.5355031
c_1_46_884,6.450898,3.2317648
c_1_46_885,5.125782,-0.20342417
c_1_46_886,14.029001,2.054565
c_1_46_887,5.569518,-0.5541464
c_1_46_890,9.5177965,1.4490633
c_1_46_892,5.562699,0.11916192
c_1_46_893,7.095784,2.3173182
c_1_46_894,4.8929353,-0.2541331
c_1_46_896,8.050511,1.7261213
c_1_46_897,6.4328403,2.5812683
c_1_46_898,5.2615333,-1.3015667
c_1_46_903,7.8585615,1.2733012
c_1_46_904,5.856012,2.9024258
c_1_46_905,4.4414315,-2.3822734
c_1_46_906,6.726507,2.3010168
c_1_46_907,14.718699,2.414422
c_1_46_908,6.126929,-1.338511
c_1_46_910,6.916426,2.3485236
c_1_46_911,6.733078,2.0190723
c_1_46_912,4.1679497,-0.19937629
c_1_46_916,7.3432903,3.5855086
c_1_46_917,8.097334,3.3178713
c_1_46_918,5.646584,3.0622888
c_1_46_919,6.2660146,2.512253
c_1_46_921,5.7356944,1.3314509
c_1_46_925,7.022208,2.2344942
c_1_46_926,7.579541,0.907538
c_1_46_927,8.4074,3.7058442
c_1_46_928,6.2895346,3.3082154
c_1_46_929,5.864438,2.7097316
c_1_46_931,5.8242917,3.351557
c_1_46_933,12.668547,1.8825996
c_1_46_934,6.021776,2.8818185
c_1_46_936,4.4339747,-0.9612371
c_1_46_940,15.335027,2.6407192
c_1_46_941,7.2375026,3.3440108
c_1_46_943,9.891046,-1.2493796
c_1_46_944,7.4957004,3.2147858
c_1_46_945,7.4877024,2.381191
c_1_46_948,7.9109,4.0368958
c_1_46_950,13.933545,2.422923
c_1_46_960,14.143226,-1.0025955
c_1_46_961,13.2639265,1.486685
c_1_46_962,6.876712,2.8445458
c_1_46_963,12.524309,3.0469894
c_1_46_964,8.698789,0.8636233
c_1_46_965,13.587225,-0.26441348
c_1_46_966,6.854585,2.9402158
c_1_46_968,8.519931,2.7098272
c_1_46_971,14.193048,2.4975755
c_1_46_974,7.678644,2.8769798
c_1_46_975,6.5008183,2.8228612
c_1_46_976,7.085528,2.5809374
c_1_46_977,7.4506674,2.0036926
c_1_46_980,3.9574575,-0.21516791
c_1_46_981,6.7786064,2.0334036
c_1_46_984,7.1721935,2.9806938
c_1_46_985,6.05717,2.7424352
c_1_46_992,9.912825,1.7090744
c_1_46_993,7.956799,1.5587534
c_1_46_995,13.630732,-0.41558105
c_1_46_996,7.0304484,2.7734935
c_1_46_998,14.613794,0.19117452
c_1_46_999,7.8061666,1.6431069
c_1_46_1000,7.3658957,2.9746864
c_1_46_1001,12.262547,-0.60853684
c_1_46_1004,6.3780937,2.540672
c_1_46_1005,14.008133,-0.58939755
c_1_46_1007,14.756749,1.1605139
c_1_46_1009,6.7942443,3.3479223
c_1_46_1010,7.7215204,2.1065464
c_1_46_1012,12.863018,-1.2284396
c_1_46_1013,6.663829,3.0357978
c_1_46_1014,9.399782,2.1690078
c_1_46_1015,6.707894,2.5869007
c_1_46_1018,6.57238,2.534019
c_1_46_1019,3.57704,-0.57192653
c_1_46_1023,6.3857646,3.2484615
c_1_46_1024,7.8209605,1.9615061
c_1_46_1026,6.4354205,2.6500847
c_1_46_1027,4.4062185,-1.0388142
c_1_46_1030,5.7728405,0.070672035
c_1_46_1031,6.180923,1.3510209
c_1_46_1035,11.284501,2.1085145
c_1_46_1036,8.097285,0.8437838
c_1_46_1037,8.395158,2.4718213
c_1_46_1038,13.963882,1.8933927
c_1_46_1039,8.021393,3.8698146
c_1_46_1041,4.4432464,0.60133165
c_1_46_1042,6.5282993,1.9638265
c_1_46_1045,13.414865,-1.0545249
c_1_46_1046,5.588938,3.0436633
c_1_46_1047,3.8290079,0.7986532
c_1_46_1048,8.418221,2.4252646
c_1_46_1051,6.042877,2.8255196
c_1_46_1052,6.0879674,2.6858418
c_1_46_1054,7.3298607,1.9111474
c_1_46_1057,9.6921625,3.0573545
c_1_46_1058,6.113698,3.5305538
c_1_46_1061,14.016636,-1.5315121
c_1_46_1062,8.260885,2.5065591
c_1_46_1063,4.328925,-1.259248
c_1_46_1067,6.766484,2.4648688
c_1_46_1070,7.5389056,2.5005434
c_1_46_1072,3.1171205,-0.1708402
c_1_46_1075,6.9384327,2.4891608
c_1_46_1076,3.422572,0.7524865
c_1_46_1077,7.172027,2.2012656
c_1_46_1079,12.36383,1.7232581
c_1_46_1080,8.295221,1.7336112
c_1_46_1081,10.879895,2.2928798
c_1_46_1082,8.391615,1.8638612
c_1_46_1083,8.056025,3.5241077
c_1_46_1085,7.800615,0.67987376
c_1_46_1087,4.153546,1.6146032
c_1_46_1088,7.499846,3.9864368
c_1_46_1090,8.19662,3.0192482
c_1_46_1091,8.5712385,1.3905818
c_1_46_1092,6.759025,2.2920773
c_1_46_1094,4.2614627,-1.5128659
c_1_46_1105,12.67869,4.525869
c_1_46_1106,7.719646,4.478136
c_1_46_1107,14.264076,3.9465425
c_1_46_1109,8.117181,4.8600535
c_1_46_1110,7.600579,4.0391774
c_1_46_1111,9.221948,2.6926172
c_1_46_1114,7.9978323,4.852706
c_1_46_1115,10.959959,2.888284
c_1_46_1116,7.9380665,4.635532
c_1_46_1118,9.915499,1.7712593
c_1_46_1120,10.761114,4.973058
c_1_46_1124,4.8460593,0.8064198
c_1_46_1125,7.9630313,3.8802865
c_1_46_1126,9.522014,3.207154
c_1_46_1127,8.613602,4.285948
c_1_46_1129,8.204771,4.9285727
c_1_46_1130,7.814221,2.5953362
c_1_46_1131,6.47575,-1.0050378
c_1_46_1132,9.217031,2.9119055
c_1_46_1133,11.626597,0.0068741655
c_1_46_1135,12.8387575,3.1038187
c_1_46_1138,8.512239,1.5300173
c_1_46_1139,12.632689,-0.4216485
c_1_46_1141,6.0352693,-1.0198092
c_1_46_1142,6.9366174,-0.09783142
c_1_46_1145,11.479758,3.7907875
c_1_46_1146,8.056059,3.5042834
c_1_46_1147,12.734039,4.4328704
c_1_46_1148,8.16873,1.5639828
c_1_46_1149,8.688215,2.8068247
c_1_46_1150,10.1170225,3.5140638
c_1_46_1151,9.453893,2.5535398
c_1_46_1152,8.831877,3.1813736
c_1_46_1154,11.213474,-0.54935485
c_1_46_1155,12.732122,5.4866996
c_1_46_1156,10.408798,2.4600437
c_1_46_1157,10.061036,0.30838114
c_1_46_1158,8.550985,4.900094
c_1_46_1159,10.787636,1.4799243
c_1_46_1160,7.36632,4.1626425
c_1_46_1161,10.774081,2.050351
c_1_46_1162,6.852383,-0.4355076
c_1_46_1163,13.959632,1.3822324
c_1_46_1164,11.21948,2.5051122
c_1_46_1165,9.725355,2.6835456
c_1_46_1166,8.61804,0.6110011
c_1_46_1168,6.2860622,-0.8926761
c_1_46_1169,9.25972,3.0079238
c_1_46_1170,14.468307,4.8055677
c_1_46_1171,14.174467,4.681165
c_1_46_1172,10.29124,2.3079493
c_1_46_1173,11.429312,4.8757796
c_1_46_1174,8.019505,1.616697
c_1_46_1175,10.344962,0.4022072
c_1_46_1176,11.75284,4.4407415
c_1_46_1177,10.730416,0.017642789
c_1_46_1178,10.068528,2.0790806
c_1_46_1179,13.006507,3.3379433
c_1_46_1180,7.8681097,1.4957048
c_1_46_1181,12.239575,4.4819894
c_1_46_1182,10.436987,1.9783014
c_1_46_1183,6.4137335,-0.04668242
c_1_46_1184,8.6012945,1.3580301
c_1_46_1185,11.519574,6.879698
c_1_46_1186,5.9823875,-1.0770904
c_1_46_1187,8.699471,4.84695
c_1_46_1188,9.376829,1.702949
c_1_46_1189,13.294692,4.1817846
c_1_46_1190,9.672517,4.4288945
c_1_46_1191,12.706007,7.1891804
c_1_46_1192,8.577845,4.806427
c_1_46_1193,7.827619,1.5275823
c_1_46_1194,11.408847,2.0893335
c_1_46_1195,6.250866,1.0818413
c_1_46_1197,13.677699,4.179335
c_1_46_1198,9.997691,1.8275492
c_1_46_1199,10.8979225,1.4893776
c_1_46_1200,13.946138,-0.4953272
c_1_46_1201,9.033645,5.0268774
c_1_46_1202,11.981415,3.2430663
c_1_46_1203,8.653301,3.3628042
c_1_46_1204,9.27903,5.735914
c_1_46_1205,12.725658,2.986385
c_1_46_1207,5.9060054,-1.2314712
c_1_46_1208,7.865636,4.692975
c_1_46_1209,9.556293,3.8902662
c_1_46_1210,6.106255,-0.56668365
c_1_46_1211,12.301426,4.5604873
c_1_46_1212,12.612375,1.0194573
c_1_46_1213,13.999778,3.2188065
c_1_46_1214,10.294647,3.1254394
c_1_46_1215,12.764536,4.498607
c_1_46_1216,11.890077,4.7274275
c_1_46_1217,8.700997,4.4158664
c_1_46_1218,9.48995,5.1384907
c_1_46_1219,9.987283,2.221373
c_1_46_1220,12.466183,2.9652708
c_1_46_1221,11.3103895,3.9869556
c_1_46_1222,13.160737,1.9645334
c_1_46_1223,6.1046877,-0.7473219
c_1_46_1224,9.581154,3.5854652
c_1_46_1225,10.577731,3.2549675
c_1_46_1226,9.625009,1.1109533
c_1_46_1227,11.009359,3.9546406
c_1_46_1228,9.374372,3.5496457
c_1_46_1229,12.317355,4.6019115
c_1_46_1230,8.350423,5.243318
c_1_46_1231,11.5444145,3.6305363
c_1_46_1232,11.619506,2.697487
c_1_46_1233,10.953603,4.6771755
c_1_46_1234,8.936119,1.764442
c_1_46_1235,14.414693,3.7874448
c_1_46_1236,11.626076,-0.6636061
c_1_46_1237,11.290045,5.121387
c_1_46_1238,8.196236,1.9940082
c_1_46_1239,11.941715,4.141912
c_1_46_1240,12.634779,0.27729258
c_1_46_1241,10.347807,2.6406517
c_1_46_1242,10.393841,2.4250617
c_1_46_1243,10.91045,4.233746
c_1_46_1244,13.438715,3.759972
c_1_46_1245,14.952082,4.735491
c_1_46_1246,14.453483,1.4695656
c_1_46_1247,9.304923,1.4466734
c_1_46_1248,10.475916,2.8471339
c_1_46_1249,6.1552005,1.5409197
c_1_46_1250,13.291527,4.2101054
c_1_46_1251,14.58315,4.9040723
c_1_46_1252,10.2091255,2.9252844
c_1_46_1253,9.078418,3.2607996
c_1_46_1254,5.5874557,-0.8272668
c_1_46_1255,9.489276,5.1254654
c_1_46_1256,11.326269,1.6933216
c_1_46_1257,9.226031,2.0114996
c_1_46_1258,5.625881,-0.783986
c_1_46_1259,10.081122,5.3403416
c_1_46_1260,6.826873,0.023571933
c_1_46_1261,14.027734,-0.3017454
c_1_46_1262,15.244323,4.5029063
c_1_46_1263,11.901535,7.6883283
c_1_46_1264,9.942379,2.3859417
c_1_46_1265,12.0130005,2.8499022
c_1_46_1266,8.419263,3.2194755
c_1_46_1267,8.570819,1.7433043
c_1_46_1268,10.540831,3.1276095
c_1_46_1269,8.823818,1.419721
c_1_46_1270,10.535809,3.7645955
c_1_46_1271,10.059524,4.002817
c_1_46_1272,10.690703,3.4975424
c_1_46_1273,8.991934,4.0950065
c_1_46_1274,8.42408,4.4962177
c_1_46_1275,10.249097,1.7283745
c_1_46_1276,14.093097,-0.470336
c_1_46_1277,9.878957,0.72954684
c_1_46_1278,9.155391,2.3008652
c_1_46_1279,14.290165,3.442305
c_1_46_1280,11.525162,4.9807873
c_1_46_1281,12.527461,0.30881017
c_1_46_1282,12.526661,-0.5171513
c_1_46_1283,10.947329,4.1631737
c_1_46_1284,9.55923,5.592114
c_1_46_1285,9.575291,4.8028226
c_1_46_1286,9.909258,2.5548744
c_1_46_1287,12.948728,2.7892828
c_1_46_1288,10.878896,3.887264
c_1_46_1289,10.700158,4.149336
c_1_46_1290,10.466089,1.8697175
c_1_46_1291,11.437965,0.5741554
c_1_46_1292,10.471105,4.042766
c_1_46_1293,8.893055,4.686155
c_1_46_1294,10.615629,3.6742103
c_1_46_1295,6.680809,-0.096411124
c_1_46_1296,6.915701,-0.6891277
c_1_46_1297,7.70792,3.0586069
c_1_46_1298,12.643272,2.4066133
c_1_46_1299,8.401987,3.4956625
c_1_46_1300,13.376286,2.4431286
c_1_46_1301,11.246092,4.094064
c_1_46_1302,12.33728,7.684408
c_1_46_1303,10.105056,-0.14716804
c_1_46_1304,11.599271,4.3323946
c_1_46_1305,12.286819,2.9621692
c_1_46_1306,11.554292,3.9365215
c_1_46_1307,7.628816,1.245727
c_1_46_1308,5.708765,-1.1685333
c_1_46_1309,5.7633405,-1.3326051
c_1_46_1310,9.672444,4.7731924
c_1_46_1311,9.953968,3.0708032
c_1_46_1312,12.157289,-0.17505194
c_1_46_1313,9.832852,2.7374446
c_1_46_1314,11.313666,4.568649
c_1_46_1315,8.494692,2.2665105
c_1_46_1316,12.588863,-0.36823666
c_1_46_1317,10.826766,3.9729617
c_1_46_1318,9.387179,-0.6946263
c_1_46_1319,10.2027,2.0728378
c_1_46_1320,8.147483,2.3372474
c_1_46_1321,12.187013,-0.7428225
c_1_46_1322,10.5518875,2.5482397
c_1_46_1324,9.490312,5.1914597
c_1_46_1325,11.180359,4.9390297
c_1_46_1326,12.031342,3.9332561
c_1_46_1327,8.064436,2.5565429
c_1_46_1328,13.001591,3.904672
c_1_46_1329,12.597532,-0.38455266
c_1_46_1330,11.930404,1.2135506
c_1_46_1331,13.975919,1.4092581
c_1_46_1332,9.96902,3.2427201
c_1_46_1333,12.615609,3.5324092
c_1_46_1334,10.994583,4.4736657
c_1_46_1335,9.313728,1.0040035
c_1_46_1336,12.113178,1.5383604
c_1_46_1337,9.599236,1.682042
c_1_46_1338,8.438469,2.8304932
c_1_46_1339,9.917639,3.698908
c_1_46_1340,9.194424,3.265607
c_1_46_1341,10.542122,4.0344443
c_1_46_1342,12.070889,2.5413108
c_1_46_1343,11.855238,3.462017
c_1_46_1345,14.3205595,2.0140698
c_1_46_1346,12.433868,2.6073515
c_1_46_1347,5.139999,-1.111227
c_1_46_1348,8.930993,3.9235313
c_1_46_1349,12.463859,1.8375677
c_1_46_1350,9.933126,3.9615598
c_1_46_1351,11.692961,3.278618
c_1_46_1352,11.366534,2.796255
c_1_46_1353,12.739538,1.8249791
c_1_46_1354,11.089771,2.8255117
c_1_46_1355,10.040085,1.6506865
c_1_46_1356,12.963082,2.8347723
c_1_46_1357,12.464298,4.8322997
c_1_46_1358,4.4391932,-2.1446345
c_1_46_1359,12.851325,4.815505
c_1_46_1360,10.186444,2.9828694
c_1_46_1361,8.269741,1.2914556
c_1_46_1362,11.217181,1.7533867
c_1_46_1363,14.042946,1.4405484
c_1_46_1364,10.146887,4.246214
c_1_46_1365,13.442835,1.7032701
c_1_46_1366,14.342182,3.8329732
c_1_46_1367,10.155038,3.8085954
c_1_46_1369,12.100041,3.7163742
c_1_46_1370,8.107023,2.8505619
c_1_46_1371,10.983218,4.2191916
c_1_46_1372,5.471284,-1.9291352
c_1_46_1373,9.197933,3.0780308
c_1_46_1374,9.618283,5.11331
c_1_46_1375,10.23315,3.8867009
c_1_46_1376,12.991599,-0.10961297
c_1_46_1377,6.0833187,-0.7994463
c_1_46_1378,6.51533,-0.88696665
c_1_46_1379,8.922862,4.725654
c_1_46_1380,12.903219,3.7664998
c_1_46_1381,11.995583,4.928026
c_1_46_1382,10.675511,4.403479
c_1_46_1383,12.036619,3.3474703
c_1_46_1384,9.516428,3.7019687
c_1_46_1385,13.5889635,4.162194
c_1_46_1386,8.223369,1.2275398
c_1_46_1387,8.797872,4.2774615
c_1_46_1388,12.747505,3.755662
c_1_46_1389,12.182864,4.645719
c_1_46_1390,11.536396,0.109687805
c_1_46_1391,11.78253,4.2632732
c_1_46_1392,13.524308,1.014442
c_1_46_1393,6.034407,-1.1327896
c_1_46_1394,12.44249,4.731766
c_1_46_1395,11.036472,0.17727739
c_1_46_1396,12.366779,3.8854218
c_1_46_1397,11.180832,4.2602077
c_1_46_1398,14.263692,1.7007787
c_1_46_1399,5.6256714,-0.9352881
c_1_46_1400,11.527265,4.1214175
c_1_46_1401,11.406292,1.0711746
c_1_46_1402,5.6120744,-1.8215848
c_1_46_1403,8.790779,3.7094388
c_1_46_1404,13.316005,3.1519618
c_1_46_1405,10.095234,3.5547807
c_1_46_1406,8.172907,4.018512
c_1_46_1407,12.022454,2.0986323
c_1_46_1408,12.203947,4.233856
c_1_46_1409,13.786163,1.4126782
c_1_46_1410,13.225892,0.91706604
c_1_46_1411,13.389023,-0.38550076
c_1_46_1412,5.915753,-1.5982275
c_1_46_1413,14.183652,1.7430536
c_1_46_1414,7.805097,3.24689
c_1_46_1415,7.9745784,2.907134
c_1_46_1416,12.081967,3.922574
c_1_46_1417,13.143665,4.538181
c_1_46_1418,8.642125,-0.15285987
c_1_46_1419,12.989475,4.98812
c_1_46_1420,10.31207,3.436961
c_1_46_1421,11.140884,4.0867963
c_1_46_1422,14.415186,2.1119506
c_1_46_1423,11.0332155,1.7088126
c_1_46_1424,12.497113,3.307623
c_1_46_1425,10.2603035,4.686352
c_1_46_1426,13.305269,4.6610613
c_1_46_1427,9.434424,3.7408087
c_1_46_1428,11.403787,1.781957
c_1_46_1429,10.057935,2.0021913
c_1_46_1430,13.676877,4.038718
c_1_46_1431,12.57487,2.6331847
c_1_46_1432,7.6542406,0.9955269
c_1_46_1433,13.026937,2.041287
c_1_46_1434,8.239516,3.4691417
c_1_46_1435,12.070318,2.5908043
c_1_46_1436,14.729158,5.4232554
c_1_46_1437,12.6758585,1.8762931
c_1_46_1438,5.8991747,-1.8829156
c_1_46_1439,7.2880816,2.9857106
c_1_46_1440,8.101806,3.7383184
c_1_46_1441,9.913708,4.1912766
c_1_46_1442,11.222834,4.782672
c_1_46_1443,5.388886,-1.9674377
c_1_46_1444,14.44765,4.6787424
c_1_46_1445,7.6624126,3.8838427
c_1_46_1446,8.796927,1.8569237
c_1_46_1447,12.654356,2.109394
c_1_46_1448,11.875954,4.0932565
c_1_46_1449,12.177064,3.824479
c_1_46_1450,12.804008,2.0985878
c_1_46_1451,11.562375,1.0817653
c_1_46_1452,7.034683,2.3345506
c_1_46_1453,14.759009,3.8313584
c_1_46_1454,11.436979,3.406228
c_1_46_1456,5.504768,-0.73851717
c_1_46_1457,11.564686,1.5792702
c_1_46_1459,12.145252,0.54550064
c_1_46_1460,13.204485,2.9748006
c_1_46_1461,13.8815565,4.112568
c_1_46_1462,13.848028,4.478778
c_1_46_1463,13.921644,1.5681344
c_1_46_1464,5.311858,-2.2208984
c_1_46_1465,13.587143,2.2563546
c_1_46_1466,9.554405,1.8681613
c_1_46_1467,12.378328,5.4046597
c_1_46_1468,13.286005,4.159512
c_1_46_1469,7.523009,2.7452753
c_1_46_1470,4.9754505,-2.2294462
c_1_46_1471,10.922062,-0.3371165
c_1_46_1472,13.500778,5.0400667
c_1_46_1473,8.324398,1.4283509
c_1_46_1474,12.917338,1.8958892
c_1_46_1475,13.482496,2.9163904
c_1_46_1477,13.427043,4.606783
c_1_46_1478,14.567048,4.0629187
c_1_46_1479,14.763758,4.3450103
c_1_46_1480,12.684316,5.454714
c_1_46_1481,12.463385,5.234056
c_1_46_1482,12.84632,0.8338323
c_1_46_1483,12.678815,5.5793514
c_1_46_1484,12.896557,3.7104857
c_1_46_1485,12.999198,-1.1634309
c_1_46_1486,12.942717,2.2032504
c_1_46_1487,8.8359785,3.2687275
c_1_46_1488,4.9685946,-2.123913
c_1_46_1489,5.534174,-1.6610554
c_1_46_1490,12.913525,5.016833
c_1_46_1491,5.768439,-0.1295949
c_1_46_1492,11.601068,2.487567
c_1_46_1493,5.533492,-1.8034918
c_1_46_1494,9.903456,3.8870153
c_1_46_1495,14.139746,3.4498372
c_1_46_1496,5.3935137,-1.6966107
c_1_46_1497,12.698618,-1.2195718
c_1_46_1498,12.621188,5.150614
c_1_46_1499,10.538081,3.7798233
c_1_46_1500,9.819621,1.9488941
c_1_46_1501,8.822515,1.3161241
c_1_46_1502,5.980945,-1.101165
c_1_46_1503,11.593597,2.3795593
c_1_46_1504,14.317342,4.699272
c_1_46_1505,5.005052,-1.7474722
c_1_46_1506,9.967537,1.558442
c_1_46_1507,12.107875,4.7547274
c_1_46_1508,8.233885,1.4312572
c_1_46_1509,11.31522,0.12702598
c_1_46_1510,14.695488,4.5189886
c_1_46_1511,12.705746,5.4469705
c_1_46_1512,10.807905,3.2895482
c_1_46_1513,12.344543,0.41504574
c_1_46_1514,8.508242,2.875262
c_1_46_1515,14.410504,3.0953016
c_1_46_1516,10.981901,-0.54384017
c_1_46_1517,12.361167,0.36268124
c_1_46_1518,7.810681,2.5758872
c_1_46_1519,12.313593,5.632072
c_1_46_1520,12.373056,0.08920857
c_1_46_1521,12.0519085,-0.5679904
c_1_46_1522,12.088223,1.3545785
c_1_46_1523,12.166388,3.7303324
c_1_46_1524,13.448758,-0.22356571
c_1_46_1525,4.9403567,-2.1766992
c_1_46_1526,14.760343,1.3496838
c_1_46_1527,5.8813725,-1.6499316
c_1_46_1528,4.495548,-2.3124979
c_1_46_1529,8.484797,4.0245476
c_1_46_1530,5.8557067,-1.8110973
c_1_46_1531,10.109987,1.7798009
c_1_46_1532,14.415067,5.163456
c_1_46_1533,12.945443,5.047701
c_1_46_1534,14.504045,5.5472608
c_1_46_1535,5.6835084,-1.1753042
c_1_46_1536,14.660854,1.2816482
c_1_46_1537,10.638151,1.3039535
c_1_46_1538,12.104052,2.9906082
c_1_46_1539,13.175265,4.03226
c_1_46_1540,12.489108,7.621575
c_1_46_1541,14.89292,4.574301
c_1_46_1542,9.664063,0.65034723
c_1_46_1543,11.8944435,-0.25400776
c_1_46_1544,12.669639,4.720789
c_1_46_1545,13.904737,1.5215706
c_1_46_1546,12.883407,0.94429755
c_1_46_1547,14.545903,1.2396642
c_1_46_1548,12.185227,0.1590847
c_1_46_1549,14.923145,5.0037084
c_1_46_1550,14.476642,2.976716
c_1_46_1551,13.77048,2.6086445
c_1_46_1552,11.776908,0.6575108
c_1_46_1553,13.910524,4.260062
c_1_46_1554,7.752777,4.235605
c_1_46_1555,11.189218,1.5468866
c_1_46_1556,12.3530445,7.2010093
c_1_46_1557,14.745366,0.66404015
c_1_46_1558,10.934429,3.875775
c_1_46_1559,10.644219,0.77737665
c_1_46_1560,8.773535,2.388705
c_1_46_1561,11.5479,1.7636348
c_1_46_1562,5.8498454,-1.5083768
c_1_46_1563,8.416471,2.2437959
c_1_46_1564,10.449546,2.9735239
c_1_46_1565,12.274201,3.7935202
c_1_46_1566,11.794816,5.3589506
c_1_46_1567,5.732337,-1.1182234
c_1_46_1568,14.257864,5.905116
c_1_46_1569,10.780228,-0.19484587
c_1_46_1570,9.256109,2.092018
c_1_46_1571,12.525461,-0.5614571
c_1_46_1572,5.7471642,-1.9759728
c_1_46_1573,10.422828,2.9720712
c_1_46_1574,10.649087,2.8685637
c_1_46_1575,7.669403,2.4691286
c_1_46_1576,11.560783,-0.42715344
c_1_46_1577,9.735278,-0.27066824
c_1_46_1578,14.068166,4.668232
c_1_46_1579,10.486665,1.896512
c_1_46_1580,11.537289,2.6876252
c_1_46_1581,8.20689,1.1256028
c_1_46_1582,14.095298,3.1270463
c_1_46_1583,11.207525,2.2819932
c_1_46_1584,12.427264,5.612846
c_1_46_1585,10.231448,5.213004
c_1_46_1586,14.454932,3.2924826
c_1_46_1587,8.3897505,2.8909783
c_1_46_1588,12.254437,1.0510634
c_1_46_1589,9.137935,4.5863295
c_1_46_1590,14.329074,4.25749
c_1_46_1591,8.415024,-0.8642507
c_1_46_1592,14.272034,3.4723935
c_1_46_1593,12.878983,2.6632483
c_1_46_1594,14.07335,0.6060738
c_1_46_1595,5.948716,-1.7530162
c_1_46_1596,11.95585,2.3164282
c_1_46_1597,8.946782,0.19467805
c_1_46_1598,9.779908,5.151557
c_1_46_1599,12.568815,3.6855214
c_1_46_1600,13.741502,5.1362863
c_1_46_1601,12.058144,1.6778746
c_1_46_1602,14.193669,2.7418072
c_1_46_1603,5.54581,-2.0849319
c_1_46_1604,5.549093,-1.7878523
c_1_46_1605,12.621581,5.0563827
c_1_46_1606,13.529867,1.2915533
c_1_46_1607,14.365671,3.9554718
c_1_46_1608,11.912849,3.1723332
c_1_46_1609,14.252604,3.4639056
c_1_46_1610,9.188003,4.7712
c_1_46_1611,7.780865,3.4927752
c_1_46_1612,7.7953205,1.0377904
c_1_46_1613,12.411729,2.9282422
c_1_46_1614,11.490352,2.2703161
c_1_46_1615,10.27889,0.99276257
c_1_46_1616,14.491406,5.236659
c_1_46_1617,12.600749,2.0615969
c_1_46_1618,12.414152,2.7442741
c_1_46_1619,12.911813,4.599769
c_1_46_1620,5.514477,-2.0896199
c_1_46_1621,8.273553,2.1386845
c_1_46_1622,13.992534,-0.36746657
c_1_46_1623,13.326549,0.98094416
c_1_46_1624,9.519617,3.8172877
c_1_46_1625,8.001415,0.56530875
c_1_46_1626,10.337185,0.6779274
c_1_46_1627,11.820003,4.8659763
c_1_46_1628,12.66172,3.044723
c_1_46_1629,13.919199,1.9456857
c_1_46_1630,14.774504,5.274119
c_1_46_1631,14.184273,4.7773027
c_1_46_1632,12.257607,3.931031
c_1_46_1633,14.786467,5.4813933
c_1_46_1634,11.059038,1.1985528
c_1_46_1635,12.377909,3.2987318
c_1_46_1636,8.549108,0.5062625
c_1_46_1637,13.796531,3.706341
c_1_46_1638,13.799473,2.3553135
c_1_46_1639,11.839181,2.9940987
c_1_46_1640,9.844813,2.8550725
c_1_46_1641,13.030174,3.1557891
c_1_46_1642,13.151166,4.4212003
c_1_46_1643,14.111627,4.971011
c_1_46_1644,12.216335,1.8313587
c_1_46_1645,12.030093,3.5132842
c_1_46_1646,13.510518,4.0654798
c_1_46_1647,7.5574684,1.5433159
c_1_46_1648,5.8281856,2.5462368
c_1_46_1649,4.971153,0.47161192
c_1_46_1650,11.75598,2.8471828
c_1_46_1651,13.522955,1.7628614
c_1_46_1652,8.124907,2.824925
c_1_46_1653,8.305265,3.0692403
c_1_46_1654,12.595109,5.264551
c_1_46_1655,11.92731,2.2854187
c_1_46_1656,8.523175,1.573107
c_1_46_1657,10.790579,3.248019
c_1_46_1658,11.931324,3.4032018
c_1_46_1659,11.20201,2.3903527
c_1_46_1660,14.0769005,-0.94638664
c_1_46_1661,7.737466,4.2762017
c_1_46_1662,12.069472,5.035653
c_1_46_1663,14.473609,1.3256792
c_1_46_1664,12.298539,-0.61699164
c_1_46_1665,13.421964,-0.7237557
c_1_46_1666,9.6478405,5.2747574
c_1_46_1667,9.463549,4.4704123
c_1_46_1668,7.9226604,2.8771756
c_1_46_1669,12.777438,3.7851012
c_1_46_1670,11.848,-0.1343175
c_1_46_1671,11.018914,3.5337274
c_1_46_1672,12.54981,4.209267
c_1_46_1673,11.769874,3.6524603
c_1_46_1674,8.450037,2.6508975
c_1_46_1675,13.436955,4.449574
c_1_46_1676,8.383181,1.8966516
c_1_46_1677,10.747685,1.2433586
c_1_46_1678,11.425525,0.7541408
c_1_46_1679,12.379763,4.1661663
c_1_46_1680,10.260329,1.8063755
c_1_46_1681,12.544429,-0.13218978
c_1_46_1682,13.085362,1.7647742
c_1_46_1683,10.04914,1.857809
c_1_46_1684,6.0351295,-1.5834663
c_1_46_1685,11.7562685,2.2720487
c_1_46_1686,6.9674478,3.2258272
c_1_46_1687,12.949883,3.6248758
c_1_46_1688,9.975877,2.9444132
c_1_46_1689,9.154256,-0.29537916
c_1_46_1690,5.5200706,-1.0831368
c_1_46_1691,11.989085,3.2109177
c_1_46_1692,9.357633,0.008527648
c_1_46_1693,13.323807,5.2728777
c_1_46_1694,5.4834347,-2.1364727
c_1_46_1695,14.817953,-0.091501676
c_1_46_1696,8.812155,3.0635126
c_1_46_1697,8.043258,2.7514853
c_1_46_1698,11.614543,3.0535533
c_1_46_1699,12.70611,2.4493904
c_1_46_1700,14.377204,4.8630433
c_1_46_1701,11.203256,4.074007
c_1_46_1702,9.5781765,-1.0905493
c_1_46_1703,8.228596,2.008558
c_1_46_1704,11.023378,2.9844687
c_1_46_1705,5.6558247,0.20636758
c_1_46_1706,4.702254,-2.485373
c_1_46_1707,14.651619,5.5392866
c_1_46_1708,10.636307,2.6491983
c_1_46_1709,8.528967,1.4838551
c_1_46_1710,12.881222,0.65617245
c_1_46_1711,11.012541,4.3731213
c_1_46_1712,11.420982,2.277925
c_1_46_1713,10.233972,2.5450985
c_1_46_1714,11.257458,4.579754
c_1_46_1715,10.784668,0.5378841
c_1_46_1716,7.5908546,1.6094154
c_1_46_1717,13.468304,2.1720147
c_1_46_1718,5.8362575,-1.4198197
c_1_46_1719,11.211198,0.7741737
c_1_46_1720,9.909451,2.779628
c_1_46_1721,10.871244,3.19944
c_1_46_1722,14.231972,4.169681
c_1_46_1723,8.728519,1.9442027
c_1_46_1724,11.92493,2.0065773
c_1_46_1725,9.453081,2.471847
c_1_46_1726,8.48222,4.804377
c_1_46_1727,7.6662745,1.9063361
c_1_46_1728,11.840582,3.8330204
c_1_46_1731,5.6805997,-0.87595177
c_1_46_1732,10.7938385,1.7490371
c_1_46_1733,5.216682,-1.4505854
c_1_46_1734,12.493868,2.107212
c_1_46_1735,13.987515,2.8767645
c_1_46_1736,10.438341,-0.3697494
c_1_46_1737,12.591153,3.8145344
c_1_46_1738,6.600561,0.020013522
c_1_46_1739,11.68232,4.4902
c_1_46_1740,5.280729,-1.3741521
c_1_46_1741,13.155063,2.0138984
c_1_46_1742,11.207844,2.7689612
c_1_46_1743,6.1582766,-0.06383737
c_1_46_1744,11.556158,3.532294
c_1_46_1745,13.148205,-0.8769424
c_1_46_1746,10.780392,1.1977583
c_1_46_1747,8.573389,4.292261
c_1_46_1748,14.390068,4.843015
c_1_46_1749,9.242053,1.6885518
c_1_46_1750,9.974656,-1.0391078
c_1_46_1751,9.315803,2.247752
c_1_46_1752,5.4581203,-1.3991356
c_1_46_1753,13.17232,1.2236619
c_1_46_1754,9.820107,0.7858897
c_1_46_1755,8.851948,3.4117734
c_1_46_1757,12.960815,4.3266883
c_1_46_1758,11.759641,1.7706876
c_1_46_1759,8.068832,4.433157
c_1_46_1760,12.57133,-0.55607694
c_1_46_1761,6.0766134,-1.4173039
c_1_46_1762,12.2751045,-0.15195572
c_1_46_1763,9.168741,2.400673
c_1_46_1764,12.035663,2.0962844
c_1_46_1765,14.132677,2.343502
c_1_46_1766,12.456229,1.252862
c_1_46_1767,10.435339,2.1858726
c_1_46_1768,13.259876,5.174677
c_1_46_1769,12.46645,4.143774
c_1_46_1770,14.166256,-0.29102817
c_1_46_1771,10.140797,1.9402772
c_1_46_1772,14.375179,3.9073617
c_1_46_1773,9.333213,2.842239
c_1_46_1774,12.307472,4.6531854
c_1_46_1775,6.033195,-0.3248363
c_1_46_1776,12.313497,-0.4236908
c_1_46_1777,8.730325,0.7416175
c_1_46_1778,8.526861,1.6093658
c_1_46_1779,10.244256,1.7165476
c_1_46_1780,10.270515,-1.8941926
c_1_46_1781,9.695927,3.0051634
c_1_46_1782,13.029577,1.7373716
c_1_46_1783,9.463923,1.7134569
c_1_46_1784,14.098537,4.1344337
c_1_46_1785,9.413711,0.19547872
c_1_46_1786,6.5573797,-0.02777326
c_1_46_1787,7.83369,2.0174983
c_1_46_1788,5.9615254,-1.1678584
c_1_46_1789,9.627641,-1.8380322
c_1_46_1790,12.869982,1.5720106
c_1_46_1791,9.183323,0.78904045
c_1_46_1792,11.041845,0.52529556
c_1_46_1793,8.18844,2.3330014
c_1_46_1794,12.65447,0.83759767
c_1_46_1795,10.860655,0.7339792
c_1_46_1796,12.305454,4.239652
c_1_46_1797,8.636071,0.70927334
c_1_46_1798,5.0136757,-2.3617418
c_1_46_1799,10.264559,2.5563352
c_1_46_1800,8.654462,4.7651334
c_1_46_1801,8.856176,-0.66343194
c_1_46_1802,12.458091,3.1468036
c_1_46_1803,10.463761,1.8534693
c_1_46_1804,10.004299,2.054502
c_1_46_1805,14.086579,1.4533825
c_1_46_1806,13.715283,4.377127
c_1_46_1807,8.457151,0.9255325
c_1_46_1809,14.076671,3.540547
c_1_46_1810,12.017582,2.2164416
c_1_46_1811,13.771862,1.7767249
c_1_46_1812,12.221803,3.6018887
c_1_46_1813,9.268325,0.19957376
c_1_46_1814,9.298197,-0.28491762
c_1_46_1815,9.028049,0.57044375
c_1_46_1816,8.254404,2.6651044
c_1_46_1817,9.394248,-0.99114245
c_1_46_1818,10.545771,0.009298251
c_1_46_1819,9.0048895,-0.115974315
c_1_46_1821,8.64806,0.22077002
c_1_46_1822,10.38356,2.8637612
c_1_46_1823,8.759665,2.637738
c_1_46_1824,5.652626,-0.6178138
c_1_46_1825,7.5560794,0.37556726
c_1_46_1826,8.672463,2.4966488
c_1_46_1827,9.232078,1.5800192
c_1_46_1828,9.770583,2.8990948
c_1_46_1829,12.231774,-0.52768457
c_1_46_1830,11.675046,0.9230055
c_1_46_1831,8.94228,0.25398573
c_1_46_1832,10.754389,0.9923503
c_1_46_1833,7.5839534,3.723013
c_1_46_1834,9.312119,2.9641662
c_1_46_1835,9.496008,-0.9206784
c_1_46_1836,10.661228,4.1023893
c_1_46_1837,10.676071,1.2115794
c_1_46_1838,8.284613,-0.17839576
c_1_46_1839,10.498649,0.7989736
c_1_46_1840,7.4526887,-1.1268151
c_1_46_1841,11.598143,3.5012596
c_1_46_1842,13.23281,1.6599659
c_1_46_1843,4.390698,-2.55443
c_1_46_1844,9.511964,0.76689076
c_1_46_1845,11.244832,3.4242806
c_1_46_1846,9.363221,1.9315549
c_1_46_1847,10.341248,5.092188
c_1_46_1848,12.731339,1.2432644
c_1_46_1849,7.931001,3.2492096
c_1_46_1850,8.562252,0.9423583
c_1_46_1851,10.690799,3.0786295
c_1_46_1852,9.502023,3.7770855
c_1_46_1853,8.86796,-0.61143386
c_1_46_1854,9.020557,2.0532558
c_1_46_1855,7.8843455,0.36041912
c_1_46_1856,8.105851,0.64848787
c_1_46_1857,9.550885,1.1130271
c_1_46_1858,6.126224,-1.2798048
c_1_46_1859,12.903135,2.5254946
c_1_46_1860,5.795502,-1.5800889
c_1_46_1861,12.824839,4.095806
c_1_46_1862,8.9295845,1.0488932
c_1_46_1863,11.271302,1.5755379
c_1_46_1864,9.747204,1.8416743
c_1_46_1865,12.994478,3.5329132
c_1_46_1866,9.142166,4.5363436
c_1_46_1867,11.506691,1.6114727
c_1_46_1869,7.9223957,1.6724217
c_1_46_1870,8.542252,-0.32316175
c_1_46_1871,10.554899,-0.21582945
c_1_46_1872,5.5825753,-1.204454
c_1_46_1873,5.726514,-1.3598139
c_1_46_1874,6.8582134,0.11049016
c_1_46_1875,9.85957,-2.109573
c_1_46_1876,14.095282,-0.48463967
c_1_46_1877,9.058353,0.27362913
c_1_46_1878,5.6959243,-0.7209681
c_1_46_1879,11.947951,0.7002713
c_1_46_1880,9.119448,-1.206259
c_1_46_1881,12.082647,3.9735122
c_1_46_1882,11.798383,3.0011933
c_1_46_1883,13.003462,0.9949418
c_1_46_1884,9.5422125,0.49101475
c_1_46_1885,9.488354,1.4689744
c_1_46_1886,13.211369,3.2920077
c_1_46_1887,13.513054,4.080925
c_1_46_1888,11.579061,3.12947
c_1_46_1889,5.315693,-2.0773273
c_1_46_1890,9.126211,1.1878496
c_1_46_1891,14.048995,1.6708513
c_1_46_1892,13.223216,2.4679902
c_1_46_1893,8.376777,0.6146782
c_1_46_1894,9.467557,-0.17462626
c_1_46_1895,8.814111,3.1299233
c_1_46_1896,11.444948,-2.0475376
c_1_46_1897,7.31851,1.1671842
c_1_46_1898,8.799588,4.5707645
c_1_46_1899,9.983404,0.7420128
c_1_46_1900,13.604634,2.366151
c_1_46_1901,9.935482,2.5863914
c_1_46_1902,6.3931136,-1.435172
c_1_46_1903,8.371457,3.4758298
c_1_46_1904,9.181925,0.6103564
c_1_46_1905,6.2422004,-1.0197362
c_1_46_1906,12.084793,1.2849135
c_1_46_1907,10.38307,1.1420552
c_1_46_1908,10.500025,-1.0239363
c_1_46_1909,14.541987,1.5373
c_1_46_1910,11.980216,3.4248497
c_1_46_1911,10.134718,2.996661
c_1_46_1912,13.855172,-0.9385504
c_1_46_1913,14.933463,4.765266
c_1_46_1914,9.817496,0.66794807
c_1_46_1915,13.652628,1.9507853
c_1_46_1916,5.672453,-1.48051
c_1_46_1917,9.00399,1.2031242
c_1_46_1918,10.770388,4.460885
c_1_46_1919,14.517197,1.705044
c_1_46_1921,8.884783,0.9058275
c_1_46_1922,10.030085,-1.5420979
c_1_46_1923,9.252696,0.07732678
c_1_46_1924,9.967069,-2.108914
c_1_46_1925,10.779158,4.3677344
c_1_46_1926,14.73616,3.3346272
c_1_46_1927,9.729658,0.2099663
c_1_46_1928,13.191462,1.7277627
c_1_46_1929,8.187565,-0.38213667
c_1_46_1930,8.169175,2.5682511
c_1_46_1931,10.391583,-1.6216553
c_1_46_1933,8.566084,1.597851
c_1_46_1934,14.417503,5.7447243
c_1_46_1935,8.883773,-1.211688
c_1_46_1936,11.445197,-1.5002242
c_1_46_1937,14.364005,4.069136
c_1_46_1938,8.727353,-0.5771973
c_1_46_1939,10.168682,3.516896
c_1_46_1940,13.115831,-0.9592188
c_1_46_1941,11.258971,-0.78689075
c_1_46_1942,9.978756,-0.12122059
c_1_46_1943,13.308217,3.3064597
c_1_46_1944,11.777218,-3.6269195
c_1_46_1945,9.503459,4.050008
c_1_46_1946,9.570346,1.6030338
c_1_46_1947,10.0200615,-1.7074915
c_1_46_1948,13.5822735,3.9801357
c_1_46_1949,13.081868,5.0509963
c_1_46_1950,10.721184,1.3226299
c_1_46_1951,12.176609,0.62160164
c_1_46_1952,5.0920286,-1.8905989
c_1_46_1953,13.520002,4.4093404
c_1_46_1954,9.882897,0.25715724
c_1_46_1955,8.290417,0.21427573
c_1_46_1956,9.639283,0.33648866
c_1_46_1957,9.692632,0.6658629
c_1_46_1958,13.788106,0.069833376
c_1_46_1959,10.455258,-0.0674621
c_1_46_1960,10.666338,4.9011855
c_1_46_1961,12.243541,2.4926732
c_1_46_1962,11.849264,4.629013
c_1_46_1963,9.3591,0.5264854
c_1_46_1964,13.447754,2.7808576
c_1_46_1965,11.840389,-0.523322
c_1_46_1966,9.513319,-1.7589216
c_1_46_1967,9.267663,-1.0733327
c_1_46_1968,9.452723,-1.287084
c_1_46_1969,10.38815,-0.42320645
c_1_46_1970,8.640793,-0.17374802
c_1_46_1971,11.310473,0.745088
c_1_46_1972,14.873209,2.5278344
c_1_46_1973,8.920687,0.61914086
c_1_46_1974,10.837293,0.026440741
c_1_46_1975,8.915743,-0.24740489
c_1_46_1976,10.483795,0.47760537
c_1_46_1977,13.367703,2.4303536
c_1_46_1978,9.986175,4.5203924
c_1_46_1979,12.742533,3.5729702
c_1_46_1980,8.186742,0.6025162
c_1_46_1981,10.451881,3.82186
c_1_46_1982,8.53426,2.6978366
c_1_46_1983,13.498489,2.6770644
c_1_46_1984,14.292324,1.2503715
c_1_46_1985,14.80707,3.3994782
c_1_46_1986,8.309108,0.92604035
c_1_46_1987,8.48136,0.061446503
c_1_46_1988,6.9783525,3.5548449
c_1_46_1989,7.701844,4.5669274
c_1_46_1990,9.3429,-0.27183583
c_1_46_1991,9.794417,-2.474577
c_1_46_1992,10.160684,-1.945545
c_1_46_1993,9.159778,4.644973
c_1_46_1994,9.224926,-1.1055828
c_1_46_1995,11.876447,2.6192737
c_1_46_1996,9.028899,-1.0010146
c_1_46_1997,5.4814386,-1.9947475
c_1_46_1998,9.91641,1.3035488
c_1_46_1999,10.299389,0.255258
c_1_46_2000,13.94127,1.7971029
c_1_46_2001,10.564488,-3.093309
c_1_46_2002,9.986895,-0.6200539
c_1_46_2003,10.8317995,3.4536474
c_1_46_2004,14.170246,0.7316647
c_1_46_2005,9.734047,0.98611903
c_1_46_2006,8.441372,1.1396452
c_1_46_2007,12.977812,3.3660905
c_1_46_2008,9.325965,-0.008991297
c_1_46_2009,8.844119,-0.52952933
c_1_46_2010,13.023708,0.8492183
c_1_46_2012,6.7870874,2.0658686
c_1_46_2013,12.098581,1.8458666
c_1_46_2014,9.819715,4.4020452
c_1_46_2015,8.60218,0.69115186
c_1_46_2016,14.373787,1.4673805
c_1_46_2017,14.481319,4.0125685
c_1_46_2019,10.671094,1.5695986
c_1_46_2020,9.770355,2.1476018
c_1_46_2021,8.588739,0.3199331
c_1_46_2022,8.206816,0.33253324
c_1_46_2023,9.542282,1.1809889
c_1_46_2024,9.1635685,2.726786
c_1_46_2025,7.184461,1.0348985
c_1_46_2026,9.075505,0.48485118
c_1_46_2027,10.21844,0.2648507
c_1_46_2028,9.196836,2.1349165
c_1_46_2029,15.229986,3.6804678
c_1_46_2030,8.725833,-0.32144427
c_1_46_2031,10.272983,0.85554194
c_1_46_2032,13.915096,4.161258
c_1_46_2033,7.9811263,1.6635886
c_1_46_2034,9.851277,-0.8917627
c_1_46_2035,14.616165,3.3703067
c_1_46_2036,8.091344,2.9042382
c_1_46_2037,10.273169,1.6625029
c_1_46_2038,8.818669,1.082444
c_1_46_2039,9.795172,2.8205137
c_1_46_2040,11.441188,1.1424803
c_1_46_2041,9.567533,-1.5476593
c_1_46_2042,8.130384,4.766878
c_1_46_2043,9.543899,-0.41207924
c_1_46_2044,12.0578985,0.5122053
c_1_46_2045,10.069707,-1.0180619
c_1_46_2046,9.344625,-1.5231689
c_1_46_2047,10.777497,0.70449704
c_1_46_2048,11.910879,2.3863568
c_1_46_2049,7.994519,-0.30601367
c_1_46_2050,8.810574,-0.40822285
c_1_46_2051,9.95201,0.56672424
c_1_46_2052,9.217249,-0.8328486
c_1_46_2053,5.9743285,-1.1955984
c_1_46_2054,11.63239,1.1840026
c_1_46_2055,13.924853,2.6596308
c_1_46_2056,9.099875,2.1757588
c_1_46_2057,14.41709,4.0160317
c_1_46_2058,13.395922,3.064762
c_1_46_2059,11.493194,2.307436
c_1_46_2060,13.80223,1.681833
c_1_46_2061,11.401596,4.9165215
c_1_46_2062,13.060019,6.5629773
c_1_46_2063,7.4167495,2.033891
c_1_46_2064,6.5510907,-1.1490978
c_1_46_2065,8.617202,-0.2064227
c_1_46_2066,8.932325,0.41326675
c_1_46_2067,9.2234,1.187745
c_1_46_2068,9.1248665,-0.69749165
c_1_46_2069,9.930846,-0.24833706
c_1_46_2070,10.841357,0.14240949
c_1_46_2071,14.170981,3.0983315
c_1_46_2072,8.937316,-0.5424835
c_1_46_2073,9.112056,-0.07705871
c_1_46_2074,9.013221,-0.1251957
c_1_46_2075,8.482932,-0.0633709
c_1_46_2076,9.210208,0.33540723
c_1_46_2077,9.407466,2.351968
c_1_46_2078,9.660276,0.358406
c_1_46_2079,8.624919,0.5056203
c_1_46_2080,12.806832,3.198805
c_1_46_2082,9.556878,-0.041987076
c_1_46_2083,8.486176,-0.00063462293
c_1_46_2084,10.782371,-0.41588834
c_1_46_2085,10.283631,0.16343786
c_1_46_2086,10.197334,0.99386406
c_1_46_2087,9.248213,1.4407504
c_1_46_2088,9.045541,0.072229624
c_1_46_2089,9.137858,0.18693364
c_1_46_2090,5.346755,-0.41743413
c_1_46_2091,10.603839,-0.7136425
c_1_46_2092,13.236637,-1.4349484
c_1_46_2093,9.714653,2.1715631
c_1_46_2094,9.897746,-1.298339
c_1_46_2095,13.727044,3.0704577
c_1_46_2096,13.040942,4.8884296
c_1_46_2097,12.159415,1.9758819
c_1_46_2098,5.9105983,-1.9851758
c_1_46_2099,12.705778,2.810064
c_1_46_2100,11.793761,0.08642027
c_1_46_2101,9.429493,-0.3769023
c_1_46_2102,14.607292,5.4011106
c_1_46_2103,9.435674,5.167834
c_1_46_2104,8.7639,-0.6896623
c_1_46_2106,14.606954,2.5792015
c_1_46_2107,11.949056,4.152627
c_1_46_2108,9.637868,-1.2578835
c_1_46_2109,7.723753,3.11451
c_1_46_2110,8.747307,1.1348337
c_1_46_2111,11.074204,3.6414564
c_1_46_2112,9.141321,-0.17400932
c_1_46_2113,8.812806,-1.076268
c_1_46_2114,4.748954,-1.8661834
c_1_46_2115,11.2556,1.7136484
c_1_46_2116,9.684778,-2.2972
c_1_46_2117,12.806867,2.1491137
c_1_46_2119,10.564764,2.081671
c_1_46_2120,4.503788,-1.5021436
c_1_46_2121,12.192446,2.012706
c_1_46_2122,8.790548,0.07610821
c_1_46_2123,10.0237665,-0.20394897
c_1_46_2124,9.885016,-0.3378054
c_1_46_2125,14.453369,3.60028
c_1_46_2126,10.943266,2.1626897
c_1_46_2127,10.725263,2.2331965
c_1_46_2129,7.3858,0.7459513
c_1_46_2130,6.3588123,0.3246663
c_1_46_2131,12.597701,1.7749891
c_1_46_2132,9.61938,0.76681405
c_1_46_2133,10.141424,0.7705005
c_1_46_2134,8.898826,1.0923278
c_1_46_2135,13.961378,2.5944698
c_1_46_2136,9.100151,-1.118096
c_1_46_2137,7.9922147,1.2369943
c_1_46_2138,9.698529,-0.8674471
c_1_46_2139,9.51226,3.298721
c_1_46_2140,10.162759,0.85121065
c_1_46_2141,8.680659,-0.2445731
c_1_46_2142,9.38314,0.79154915
c_1_46_2143,13.705925,4.0547504
c_1_46_2144,13.084788,4.935735
c_1_46_2145,10.6673565,-1.6915437
c_1_46_2146,13.619795,0.5031007
c_1_46_2147,8.099097,1.2666256
c_1_46_2148,6.4022574,-1.5681099
c_1_46_2149,9.687189,0.18361452
c_1_46_2150,10.509451,1.7906924
c_1_46_2151,10.936023,0.84340805
c_1_46_2152,8.859992,0.27548453
c_1_46_2153,11.091212,-2.1699817
c_1_46_2154,13.812271,3.0127027
c_1_46_2155,10.615745,-1.2775515
c_1_46_2156,10.909605,-0.62637836
c_1_46_2157,10.836304,4.580363
c_1_46_2158,8.227806,0.78901625
c_1_46_2159,7.8959904,0.28509343
c_1_46_2160,9.580389,-0.47718504
c_1_46_2161,9.030542,3.3902721
c_1_46_2162,6.2412663,2.8289702
c_1_46_2163,11.753385,2.0527985
c_1_46_2164,12.557204,2.5951166
c_1_46_2165,8.818559,-0.09967895
c_1_46_2166,11.032049,-2.5288253
c_1_46_2167,14.477098,2.5512593
c_1_46_2168,9.007132,0.91137165
c_1_46_2169,8.266772,0.88309026
c_1_46_2170,8.571951,1.0089794
c_1_46_2171,9.289306,-0.51212317
c_1_46_2172,8.442516,0.30735886
c_1_46_2173,10.034009,2.1662183
c_1_46_2174,10.938045,2.703117
c_1_46_2175,11.290346,0.35069552
c_1_46_2176,9.498418,0.27366465
c_1_46_2177,11.020943,1.9401401
c_1_46_2178,10.529445,0.741952
c_1_46_2179,9.706992,-1.1455729
c_1_46_2180,14.226973,4.4510016
c_1_46_2181,14.311516,4.286089
c_1_46_2182,11.997906,2.4799738
c_1_46_2183,11.246317,2.0764997
c_1_46_2184,9.295444,-1.3488132
c_1_46_2185,8.897173,2.6919405
c_1_46_2186,8.737054,0.110030726
c_1_46_2187,11.844959,-3.014712
c_1_46_2188,10.516022,0.030890822
c_1_46_2189,5.476329,-1.8331681
c_1_46_2190,9.433655,-1.4042577
c_1_46_2191,9.621361,1.8485394
c_1_46_2192,9.82063,2.2306037
c_1_46_2193,9.138892,0.5617288
c_1_46_2194,11.614991,0.6748857
c_1_46_2195,7.830385,1.2552793
c_1_46_2196,10.651828,4.8609314
c_1_46_2197,9.935544,2.4761474
c_1_46_2198,9.306229,1.2200011
c_1_46_2199,9.4993515,1.429609
c_1_46_2200,11.939016,1.7009969
c_1_46_2201,10.55949,2.8322866
c_1_46_2202,9.430272,1.8628483
c_1_46_2203,8.660818,0.016687166
c_1_46_2204,7.957395,1.5610958
c_1_46_2205,10.077545,1.9875662
c_1_46_2206,14.197412,1.6000926
c_1_46_2207,11.713475,1.9531025
c_1_46_2208,9.762736,2.0533133
c_1_46_2209,9.698884,-0.7043847
c_1_46_2210,13.65187,0.61565614
c_1_46_2211,9.617511,3.6769881
c_1_46_2212,7.642425,3.581265
c_1_46_2213,12.455073,5.319645
c_1_46_2214,8.718632,1.4494956
c_1_46_2215,10.2150135,-0.45659137
c_1_46_2216,9.720038,0.07761504
c_1_46_2217,9.943238,1.7981987
c_1_46_2218,9.466389,0.12576984
c_1_46_2219,9.555896,2.3798475
c_1_46_2220,9.288694,0.13886738
c_1_46_2221,9.761832,0.24602652
c_1_46_2223,11.730764,2.8578746
c_1_46_2224,8.265559,2.3179173
c_1_46_2225,8.702912,0.478934
c_1_46_2226,8.908941,1.3143996
c_1_46_2227,10.325618,-0.6206209
c_1_46_2228,13.345732,4.4079256
c_1_46_2229,9.9988785,0.3975482
c_1_46_2230,9.042763,0.4326066
c_1_46_2231,9.038194,0.087553464
c_1_46_2232,14.1732435,-1.9698228
c_1_46_2233,10.293775,0.87755644
c_1_46_2234,10.548174,0.6184745
c_1_46_2235,9.5652275,-0.9409739
c_1_46_2236,10.295893,-0.7105126
c_1_46_2237,5.832621,-1.3470229
c_1_46_2238,6.214475,-1.7098352
c_1_46_2239,13.063916,3.7061634
c_1_46_2240,10.5166,1.4961834
c_1_46_2241,10.3226595,0.34806532
c_1_46_2242,9.107521,0.19923176
c_1_46_2243,5.829293,-1.37146
c_1_46_2244,10.0409,-0.8585824
c_1_46_2245,9.728242,-0.9188195
c_1_46_2246,8.900986,-0.23937719
c_1_46_2247,10.812165,-0.453851
c_1_46_2248,9.0842285,-0.21141313
c_1_46_2249,9.235497,3.0264335
c_1_46_2250,4.972119,-0.2233651
c_1_46_2251,11.101752,-1.1712638
c_1_46_2252,9.74656,1.6209103
c_1_46_2253,9.164991,2.1088424
c_1_46_2254,9.210054,1.2588788
c_1_46_2255,10.877738,2.9502008
c_1_46_2256,9.259571,0.4519888
c_1_46_2257,8.778303,2.071464
c_1_46_2258,14.014952,1.2014546
c_1_46_2259,13.673602,3.3411674
c_1_46_2260,14.0866585,0.85682505
c_1_46_2261,7.9753213,1.9847523
c_1_46_2262,13.786274,1.9510391
c_1_46_2263,9.353832,0.882991
c_1_46_2264,7.985876,-0.14318098
c_1_46_2265,9.311547,0.14066976
c_1_46_2266,9.24033,1.3022506
c_1_46_2267,11.65347,0.07641862
c_1_46_2268,11.135937,0.747782
c_1_46_2269,8.341689,1.7815894
c_1_46_2270,10.031362,0.6591563
c_1_46_2271,9.54927,3.3816836
c_1_46_2272,10.975885,3.5520837
c_1_46_2273,9.481002,-0.42833775
c_1_46_2274,11.171952,2.8051963
c_1_46_2275,10.082814,0.35781655
c_1_46_2276,10.83955,1.719886
c_1_46_2277,5.01235,-2.0539968
c_1_46_2278,9.07188,0.41940808
c_1_46_2279,12.569883,-0.36478633
c_1_46_2280,8.1194515,2.3917289
c_1_46_2281,10.904669,1.0677053
c_1_46_2282,8.8384075,2.3999135
c_1_46_2283,9.947735,2.1757808
c_1_46_2284,8.764751,-0.7545897
c_1_46_2285,12.584978,1.519861
c_1_46_2286,5.4143705,-0.26177245
c_1_46_2287,8.481809,0.21513392
c_1_46_2288,12.484416,1.0272106
c_1_46_2289,9.57602,1.6661984
c_1_46_2290,9.414519,-0.7632207
c_1_46_2291,10.911952,-3.1171808
c_1_46_2292,9.492442,-0.26105183
c_1_46_2293,15.0920315,4.6159344
c_1_46_2294,10.32819,-0.09215811
c_1_46_2295,13.861363,2.2899053
c_1_46_2296,9.4521,0.76699996
c_1_46_2297,5.9266205,-1.2751238
c_1_46_2298,5.813749,-1.7498417
c_1_46_2299,9.227121,0.1720425
c_1_46_2300,6.196169,-1.6559045
c_1_46_2301,9.270952,0.07578104
c_1_46_2302,8.408881,0.38715467
c_1_46_2303,8.801276,-0.8430017
c_1_46_2304,11.534388,2.9929948
c_1_46_2305,10.537216,0.49411014
c_1_46_2306,8.963144,-0.1541174
c_1_46_2307,10.885052,0.92949384
c_1_46_2308,7.14964,3.4461896
c_1_46_2309,14.425245,3.1082366
c_1_46_2310,9.300733,0.71135867
c_1_46_2311,13.543934,4.8163323
c_1_46_2312,7.3970675,0.7040695
c_1_46_2313,13.522869,1.7249608
c_1_46_2314,9.912554,-0.49698064
c_1_46_2315,10.308114,-2.082529
c_1_46_2316,9.807541,-0.18709311
c_1_46_2317,10.291977,0.54148644
c_1_46_2318,10.196644,0.60785526
c_1_46_2319,11.749267,1.8774536
c_1_46_2320,5.7611494,-2.1022036
c_1_46_2321,9.833617,0.56129533
c_1_46_2322,11.308557,0.42783803
c_1_46_2323,9.345115,0.13368027
c_1_46_2324,5.8132896,-1.2440196
c_1_46_2325,10.355344,-0.6946495
c_1_46_2326,10.389427,0.083170466
c_1_46_2327,9.283259,0.1873231
c_1_46_2328,11.452378,-3.6805232
c_1_46_2329,8.03931,2.0593097
c_1_46_2330,15.155097,3.8889353
c_1_46_2331,10.533395,0.9314655
c_1_46_2332,12.827416,0.721946
c_1_46_2333,10.3905,-0.026649728
c_1_46_2334,11.831797,0.123870485
c_1_46_2335,10.3283415,-1.6489129
c_1_46_2336,9.091351,-0.8748485
c_1_46_2337,9.811077,-0.5062479
c_1_46_2338,5.363029,-1.7782109
c_1_46_2339,6.099367,-1.2913802
c_1_46_2340,9.618672,-0.12400582
c_1_46_2341,9.628254,-1.110694
c_1_46_2342,9.269744,0.6207976
c_1_46_2343,15.221646,4.0787396
c_1_46_2344,11.181355,1.3797287
c_1_46_2345,5.7929077,-1.8745656
c_1_46_2346,9.62776,2.45649
c_1_46_2347,11.136657,-3.421859
c_1_46_2348,9.468619,-0.0007318883
c_1_46_2349,9.9719095,-0.34200865
c_1_46_2350,12.950931,2.9721875
c_1_46_2351,14.045986,1.1329479
c_1_46_2352,9.007403,0.37550336
c_1_46_2353,11.053121,2.138168
c_1_46_2354,8.950887,-0.041314524
c_1_46_2355,5.903481,-1.0079099
c_1_46_2356,10.865087,1.0643101
c_1_46_2357,13.433805,2.8552437
c_1_46_2358,9.61097,0.46764213
c_1_46_2359,9.290127,3.107348
c_1_46_2360,9.472204,0.40830332
c_1_46_2361,10.15304,-2.2213213
c_1_46_2362,10.220951,3.0570533
c_1_46_2363,9.636683,-0.09342583
c_1_46_2364,10.595568,-0.81719166
c_1_46_2365,10.876641,-1.9072871
c_1_46_2366,14.157736,3.6491325
c_1_46_2367,8.134323,1.6658173
c_1_46_2368,10.7908,-1.7582128
c_1_46_2369,5.900331,-1.9865087
c_1_46_2370,9.690256,-0.76092094
c_1_46_2371,8.922367,-1.2485255
c_1_46_2372,11.870701,-2.1915684
c_1_46_2373,8.750178,-0.336225
c_1_46_2374,9.855316,-0.305165
c_1_46_2375,10.172387,-0.8631547
c_1_46_2376,10.460109,0.044916216
c_1_46_2377,12.043293,2.1426015
c_1_46_2378,10.406828,0.27620536
c_1_46_2379,5.20072,-1.9447795
c_1_46_2380,9.069042,0.8358836
c_1_46_2381,7.9796553,2.0554576
c_1_46_2382,10.961683,3.1975038
c_1_46_2383,9.967652,-0.82196796
c_1_46_2384,6.1830034,-1.2642267
c_1_46_2385,14.166076,-0.7025004
c_1_46_2386,11.297931,0.15833159
c_1_46_2387,8.900996,-0.79230404
c_1_46_2388,8.598587,-0.978859
c_1_46_2389,11.598425,0.7248604
c_1_46_2390,13.363714,3.8946202
c_1_46_2391,6.158771,-1.7045429
c_1_46_2392,13.499034,1.7831749
c_1_46_2393,9.630232,2.2337034
c_1_46_2394,6.24614,-1.4366565
c_1_46_2395,11.5774145,0.82585126
c_1_46_2396,14.096163,3.0085218
c_1_46_2397,9.055814,1.1043093
c_1_46_2398,9.956105,-1.1399114
c_1_46_2399,10.64346,0.15718311
c_1_46_2400,12.375407,1.8106782
c_1_46_2401,14.5487795,2.5878084
c_1_46_2402,12.885504,-0.06767623
c_1_46_2403,10.379001,1.2972989
c_1_46_2404,12.10206,0.28498328
c_1_46_2405,12.145233,0.7974442
c_1_46_2406,8.473661,3.5338736
c_1_46_2407,10.651937,2.8123662
c_1_46_2409,14.526328,0.9098322
c_1_46_2410,9.827266,-0.37837502
c_1_46_2411,10.081597,0.39315283
c_1_46_2412,10.858745,1.836072
c_1_46_2413,6.409116,-0.20531528
c_1_46_2415,11.695897,3.0347533
c_1_46_2417,11.388372,2.3449855
c_1_46_2418,10.459807,4.238351
c_1_46_2419,9.472058,-0.19246618
c_1_46_2420,10.137055,0.19247846
c_1_46_2421,5.3867173,0.12895502
c_1_46_2422,11.792851,1.5558546
c_1_46_2423,10.672386,0.6568482
c_1_46_2424,8.374355,0.61656135
c_1_46_2425,11.825697,1.6012073
c_1_46_2427,8.973801,1.5229937
c_1_46_2428,5.8316236,-1.5450981
c_1_46_2429,11.724339,0.18983603
c_1_46_2430,10.01172,0.015963847
c_1_46_2431,9.53051,3.2154915
c_1_46_2432,6.753495,2.76006
c_1_46_2433,10.258554,1.960876
c_1_46_2434,8.914884,0.5018513
c_1_46_2435,9.581873,0.97747874
c_1_46_2436,14.072964,0.8409159
c_1_46_2437,9.79882,-0.84604
c_1_46_2438,9.74388,3.6680644
c_1_46_2439,8.876701,0.8126876
c_1_46_2440,13.807749,5.033804
c_1_46_2441,10.90998,-1.8162826
c_1_46_2442,10.627089,1.5465357
c_1_46_2443,13.714045,1.6247715
c_1_46_2444,11.4843,-1.2882203
c_1_46_2445,11.261846,-0.7541577
c_1_46_2446,13.620325,2.5742545
c_1_46_2447,7.9415927,1.0901239
c_1_46_2448,7.6520376,3.4695492
c_1_46_2449,10.021614,3.2229815
c_1_46_2450,11.406151,0.0064239264
c_1_46_2452,14.669413,2.717
c_1_46_2453,9.226983,1.2592391
c_1_46_2454,9.351863,-0.001224462
c_1_46_2455,8.428886,1.074627
c_1_46_2456,10.217198,-0.9453901
c_1_46_2457,8.911336,3.7908442
c_1_46_2458,8.895285,1.3813788
c_1_46_2459,10.718763,0.9458541
c_1_46_2460,9.189003,0.568839
c_1_46_2461,10.172038,0.7877253
c_1_46_2462,13.624414,1.0443312
c_1_46_2463,9.02941,1.0452855
c_1_46_2464,4.929933,-1.2504677
c_1_46_2465,12.337133,2.8304436
c_1_46_2466,10.135797,-1.1290944
c_1_46_2467,10.128061,-0.85183054
c_1_46_2468,9.384649,0.8480925
c_1_46_2469,8.003345,1.049617
c_1_46_2470,5.6894546,-1.2213061
c_1_46_2471,9.546337,0.4658137
c_1_46_2472,9.6778755,-0.6338828
c_1_46_2473,14.299723,3.5742497
c_1_46_2474,9.935323,0.21332632
c_1_46_2475,9.617907,-0.64158356
c_1_46_2476,8.652529,0.5120178
c_1_46_2477,9.591329,-0.6419228
c_1_46_2478,15.346972,3.0570867
c_1_46_2479,8.593805,0.28367284
c_1_46_2480,12.006731,1.9259546
c_1_46_2481,5.085405,-2.2315545
c_1_46_2482,10.302032,1.0258721
c_1_46_2483,9.798375,0.37810156
c_1_46_2484,9.756989,0.54097337
c_1_46_2485,10.184819,1.7457088
c_1_46_2486,8.304637,1.3793865
c_1_46_2487,9.643686,0.5645846
c_1_46_2488,5.200741,-1.8941386
c_1_46_2489,9.957541,-0.67265403
c_1_46_2490,12.771578,5.815756
c_1_46_2491,4.6153593,-1.6979929
c_1_46_2492,10.486647,-1.9808259
c_1_46_2493,8.841827,0.70622474
c_1_46_2494,10.268784,0.6736362
c_1_46_2495,11.234717,-1.0555054
c_1_46_2496,8.592467,2.354464
c_1_46_2497,11.1346655,2.4633713
c_1_46_2498,9.883013,-0.27380937
c_1_46_2499,11.573617,0.11423301
c_1_46_2500,9.814573,0.452331
c_1_46_2501,9.236844,-1.7523432
c_1_46_2502,11.200308,0.9736398
c_1_46_2503,10.404764,0.071243644
c_1_46_2504,8.602647,-0.0667012
c_1_46_2505,12.289112,-0.09288335
c_1_46_2506,8.924061,0.9569667
c_1_46_2507,11.346202,0.9742555
c_1_46_2508,9.744737,2.382512
c_1_46_2509,8.820425,0.31750447
c_1_46_2510,9.654385,-0.67446303
c_1_46_2511,10.157633,2.2547824
c_1_46_2512,8.224765,0.38050964
c_1_46_2513,9.555903,-0.17549378
c_1_46_2514,14.005698,2.6008422
c_1_46_2515,10.37786,0.8957593
c_1_46_2516,12.532015,2.7797427
c_1_46_2517,4.5325317,-2.0908098
c_1_46_2518,10.199957,1.8788011
c_1_46_2519,12.799038,1.259256
c_1_46_2520,4.8823714,-1.9688985
c_1_46_2521,10.004602,-1.4143162
c_1_46_2522,11.110926,2.9014
c_1_46_2523,9.7141,0.303438
c_1_46_2524,12.70956,0.5243099
c_1_46_2525,10.382921,4.010672
c_1_46_2526,6.2845893,-1.7141185
c_1_46_2527,10.729024,1.384686
c_1_46_2528,9.466053,0.34093058
c_1_46_2529,5.184314,1.2738283
c_1_46_2530,7.883128,1.9862151
c_1_46_2531,8.984447,0.05922017
c_1_46_2532,10.608599,2.6103542
c_1_46_2533,14.908491,3.1736276
c_1_46_2534,10.305253,0.4593675
c_1_46_2535,9.953044,1.1558852
c_1_46_2536,11.800046,-2.7158527
c_1_46_2537,8.489751,1.8524418
c_1_46_2538,8.891977,3.9831252
c_1_46_2539,8.831767,-0.20889084
c_1_46_2540,9.795217,0.8461333
c_1_46_2541,9.228794,-0.57340604
c_1_46_2542,8.6713505,-1.0860909
c_1_46_2543,11.593655,-2.9096265
c_1_46_2544,4.231938,-2.1401188
c_1_46_2545,8.6528225,0.6515838
c_1_46_2546,9.432401,1.4604611
c_1_46_2547,8.737768,1.2684705
c_1_46_2548,10.2031145,1.6508243
c_1_46_2549,10.02642,0.6576302
c_1_46_2550,4.5553317,-1.5082712
c_1_46_2551,10.5474415,-0.61352366
c_1_46_2552,10.991914,0.5199393
c_1_46_2553,9.823243,1.6453936
c_1_46_2554,9.139426,-1.2702196
c_1_46_2555,10.904765,-1.0108522
c_1_46_2556,5.0339737,-1.9519547
c_1_46_2557,7.5469847,3.7680602
c_1_46_2558,9.117529,5.2205505
c_1_46_2559,8.944891,-0.6397133
c_1_46_2560,10.520833,1.0235684
c_1_46_2561,9.225052,2.467838
c_1_46_2562,6.075454,-1.5772687
c_1_46_2564,8.349217,2.155601
c_1_46_2565,12.1378765,1.3058761
c_1_46_2566,8.030592,2.7648668
c_1_46_2567,8.811605,0.30481556
c_1_46_2568,8.897589,4.9915056
c_1_46_2569,13.91028,0.9682756
c_1_46_2570,8.677542,0.76935464
c_1_46_2571,10.0442,2.1892962
c_1_46_2572,10.310132,0.300524
c_1_46_2573,8.7555,0.5106697
c_1_46_2574,9.452458,3.4731843
c_1_46_2575,11.650399,0.50970966
c_1_46_2576,7.8319464,1.0781851
c_1_46_2577,9.035326,2.210582
c_1_46_2578,9.885301,1.5885854
c_1_46_2579,10.40369,1.1012142
c_1_46_2580,9.505653,1.0410835
c_1_46_2581,10.069818,3.1787477
c_1_46_2582,10.14762,1.130656
c_1_46_2583,10.404913,0.23235944
c_1_46_2584,9.516061,1.5977098
c_1_46_2585,11.291541,1.7453258
c_1_46_2586,10.229015,1.3370256
c_1_46_2587,9.408399,1.3764107
c_1_46_2588,10.277419,0.49742636
c_1_46_2589,13.300852,1.5351032
c_1_46_2590,10.018043,2.4121196
c_1_46_2591,9.287111,1.2466484
c_1_46_2592,8.139292,0.42428276
c_1_46_2593,9.135939,1.6397295
c_1_46_2594,9.381596,2.6244936
c_1_46_2595,9.531256,-0.97781324
c_1_46_2596,10.506687,1.5015805
c_1_46_2597,10.862093,3.4397895
c_1_46_2598,8.129669,2.2573109
c_1_46_2599,14.567537,1.0483073
c_1_46_2601,11.709193,0.4569954
c_1_46_2602,11.250023,0.018839642
c_1_46_2603,11.084678,-1.732
c_1_46_2604,8.421252,2.7329254
c_1_46_2605,11.442333,-1.3526375
c_1_46_2606,7.9163322,0.9767476
c_1_46_2607,10.650487,0.27142
c_1_46_2608,7.7898774,2.3261297
c_1_46_2609,6.5800643,2.5634127
c_1_46_2610,10.373849,1.424571
c_1_46_2611,8.427325,-0.04810207
c_1_46_2612,9.737128,-0.15533969
c_1_46_2613,9.221931,0.60564625
c_1_46_2614,8.122421,1.7798989
c_1_46_2615,12.373916,-0.6958794
c_1_46_2616,8.823991,0.28039265
c_1_46_2617,9.004496,0.18851677
c_1_46_2618,7.508414,3.885885
c_1_46_2619,8.115031,0.8305915
c_1_46_2620,8.439734,1.8581877
c_1_46_2621,9.543522,1.7584468
c_1_46_2622,12.452476,2.038033
c_1_46_2623,12.299814,2.6938403
c_1_46_2624,10.432226,0.6768936
c_1_46_2625,11.171301,0.10640194
c_1_46_2626,10.273796,2.9947388
c_1_46_2627,8.642096,3.5251787
c_1_46_2628,11.456074,2.1251204
c_1_46_2629,9.715033,1.9106014
c_1_46_2630,9.300971,1.101756
c_1_46_2631,9.8742,-1.2984383
c_1_46_2632,9.636782,2.0753205
c_1_46_2633,10.469463,0.45757735
c_1_46_2634,8.592771,2.8785653
c_1_46_2635,12.408456,1.3201336
c_1_46_2636,10.084469,3.529741
c_1_46_2637,13.759652,3.1414034
c_1_46_2638,8.834065,3.5202327
c_1_46_2639,8.355619,-0.26556146
c_1_46_2640,8.280303,3.888422
c_1_46_2642,9.029732,0.6763011
c_1_46_2643,8.248714,1.0653948
c_1_46_2644,13.731374,2.5787587
c_1_46_2645,9.557629,1.471349
c_1_46_2646,9.136897,1.06623
c_1_46_2647,8.562422,0.48507476
c_1_46_2648,7.1384954,1.9287937
c_1_46_2649,10.964261,1.8068761
c_1_46_2650,10.978885,1.4847906
c_1_46_2651,8.629344,2.1804116
c_1_46_2652,10.772294,1.6259757
c_1_46_2653,10.356391,-1.7925617
c_1_46_2654,7.7321553,1.7714738
c_1_46_2655,8.831794,0.9292005
c_1_46_2656,8.172983,0.5622057
c_1_46_2657,7.783782,0.26104426
c_1_46_2658,9.17057,3.2717125
c_1_46_2659,13.852942,2.8177526
c_1_46_2660,5.170124,-1.7009804
c_1_46_2661,9.575603,0.017871331
c_1_46_2662,8.21203,1.3477408
c_1_46_2663,6.8816624,2.6281006
c_1_46_2664,6.5700974,2.1185904
c_1_46_2665,13.7834,2.2831218
c_1_46_2666,8.435318,3.5969818
c_1_46_2667,7.4766245,3.6385527
c_1_46_2668,12.594571,3.1132412
c_1_46_2669,9.629429,2.8249495
c_1_46_2670,7.657831,1.7193819
c_1_46_2671,8.57754,0.013142894
c_1_46_2672,7.4423,1.7843682
c_1_46_2673,10.0850315,4.0014877
c_1_46_2674,8.675322,2.2579517
c_1_46_2675,8.107488,3.2202227
c_1_46_2676,9.814911,0.86489606
c_1_46_2677,9.43904,0.025424605
c_1_46_2678,8.741055,1.6629833
c_1_46_2679,11.5557575,1.6648823
c_1_46_2680,10.434785,0.57755685
c_1_46_2681,5.0551057,0.895331
c_1_46_2682,13.244596,-0.24107781
c_1_46_2683,8.618823,1.7631384
c_1_46_2684,8.975805,3.015473
c_1_46_2685,8.942941,0.6297337
c_1_46_2686,8.901335,2.4820867
c_1_46_2687,9.069932,2.8479116
c_1_46_2688,7.0056944,2.2928586
c_1_46_2689,9.237643,-0.06852704
c_1_46_2690,7.601089,3.224402
c_1_46_2691,7.9559364,2.243098
c_1_46_2692,7.5505996,2.7949305
c_1_46_2693,12.089586,1.9102453
c_1_46_2694,13.318785,-0.3915017
c_1_46_2695,9.459393,0.8062929
c_1_46_2696,7.943978,2.0685608
c_1_46_2697,8.099176,0.97365624
c_1_46_2698,11.001165,2.5717745
c_1_46_2699,11.624339,0.1919214
c_1_46_2700,9.918308,4.7340183
c_1_46_2701,8.1855955,4.927097
c_1_46_2702,9.096479,1.5501676
c_1_46_2703,8.836933,1.2640632
c_1_46_2704,10.138827,0.5676029
c_1_46_2705,12.862451,-0.2274844
c_1_46_2706,8.70464,1.9904888
c_1_46_2707,8.283442,3.6441345
c_1_46_2708,11.4097185,0.6781885
c_1_46_2709,13.5956745,3.0622914
c_1_46_2710,13.724812,-0.9483754
c_1_46_2711,12.415794,2.858635
c_1_46_2712,4.586445,-2.2865226
c_1_46_2713,10.98838,-1.121704
c_1_46_2714,13.689406,3.1183157
c_1_46_2715,7.736175,2.6659868
c_1_46_2716,8.335823,1.5548793
c_1_46_2717,8.279383,1.2529647
c_1_46_2718,8.532369,1.1903906
c_1_46_2719,8.107243,2.3907683
c_1_46_2720,8.304265,1.2696148
c_1_46_2721,12.445163,3.0782542
c_1_46_2722,13.675284,1.8534175
c_1_46_2723,9.284601,3.684196
c_1_46_2724,9.039042,1.869755
c_1_46_2725,11.995672,1.8101641
c_1_46_2726,8.836923,2.4132214
c_1_46_2727,8.916209,-0.02599203
c_1_46_2728,8.89964,-0.1661666
c_1_46_2729,8.620397,0.6158055
c_1_46_2730,10.103826,1.0303409
c_1_46_2731,12.372364,1.5995737
c_1_46_2732,6.991058,2.7984617
c_1_46_2733,12.883136,-0.35040388
c_1_46_2734,12.559574,-0.50700676
c_1_46_2735,8.152297,2.9526188
c_1_46_2736,10.383849,-2.315369
c_1_46_2737,11.221831,-1.4316624
c_1_46_2738,8.196344,1.9894505
c_1_46_2739,13.000029,-1.0077592
c_1_46_2740,15.026178,2.6768792
c_1_46_2741,11.952714,-0.46091482
c_1_46_2742,10.401491,2.4223423
c_1_46_2743,13.108503,5.396115
c_1_46_2744,11.724944,-0.522848
c_1_46_2745,10.318217,0.7736172
c_1_46_2747,7.359084,1.5195606
c_1_46_2748,9.570946,0.035154197
c_1_46_2749,8.261791,4.4408336
c_1_46_2750,7.2621293,0.63062084
c_1_46_2751,9.420788,3.098923
c_1_46_2752,9.367603,3.2789686
c_1_46_2754,9.144826,0.9476413
c_1_46_2755,9.897686,2.7725353
c_1_46_2756,8.927734,1.1466624
c_1_46_2757,10.202024,0.36145064
c_1_46_2758,8.366901,1.0880444
c_1_46_2759,7.865878,2.0743043
c_1_46_2760,9.616632,1.4002973
c_1_46_2761,12.079844,1.5913643
c_1_46_2762,7.99306,0.4550521
c_1_46_2763,9.47803,1.6395608
c_1_46_2764,10.830736,2.1728213
c_1_46_2765,7.572843,1.149038
c_1_46_2766,10.388405,0.75379145
c_1_46_2767,8.472789,1.0675304
c_1_46_2768,11.564202,0.17815033
c_1_46_2769,9.9333315,-1.0574201
c_1_46_2770,9.244774,2.731457
c_1_46_2771,14.25953,2.0535023
c_1_46_2772,12.128966,-0.04009798
c_1_46_2773,11.382216,1.7231067
c_1_46_2774,7.4888988,3.8073132
c_1_46_2775,10.4957,1.547852
c_1_46_2776,7.1366496,2.990454
c_1_46_2777,7.7627225,3.2181778
c_1_46_2778,7.7975316,1.8695555
c_1_46_2779,8.023641,2.8790615
c_1_46_2780,7.7552557,1.8433454
c_1_46_2781,11.07387,4.09872
c_1_46_2782,14.748199,2.9544115
c_1_46_2783,7.782072,1.8621473
c_1_46_2784,6.400204,1.818757
c_1_46_2785,10.214612,1.3285782
c_1_46_2786,8.457612,2.3854132
c_1_46_2787,10.681308,5.065652
c_1_46_2788,7.846425,0.5287976
c_1_46_2789,7.4501133,1.9630524
c_1_46_2790,7.880493,2.3669581
c_1_46_2791,7.5264072,2.135581
c_1_46_2792,8.024955,3.613866
c_1_46_2793,7.5350246,2.8847792
c_1_46_2794,7.1561522,-0.8010864
c_1_46_2795,5.939156,0.27372256
c_1_46_2796,8.413862,1.291798
c_1_46_2797,8.70492,1.2086592
c_1_46_2798,14.472296,2.6712997
c_1_46_2799,6.0745525,-1.4487542
c_1_46_2800,7.8562512,2.1859715
c_1_46_2801,8.987719,2.1037714
c_1_46_2802,11.960718,1.4417126
c_1_46_2803,11.245427,-0.4598727
c_1_46_2804,13.125039,-0.20018278
c_1_46_2805,10.93028,1.8999386
c_1_46_2806,5.543861,-2.2165792
c_1_46_2807,9.477002,2.7195334
c_1_46_2808,5.602458,-1.7850515
c_1_46_2809,7.488493,1.8162404
c_1_46_2810,14.467021,0.8243289
c_1_46_2811,8.19926,0.64227927
c_1_46_2812,8.328682,1.6603904
c_1_46_2813,7.2049274,3.753377
c_1_46_2814,7.8417764,3.469668
c_1_46_2815,9.254733,1.4967737
c_1_46_2816,6.7800593,0.396125
c_1_46_2817,7.915468,2.9652755
c_1_46_2818,9.100453,4.1760287
c_1_46_2819,6.3713174,-1.3399546
c_1_46_2820,8.455117,1.4986035
c_1_46_2821,11.930631,1.2578405
c_1_46_2822,9.756471,2.6199067
c_1_46_2823,9.515004,0.66385514
c_1_46_2824,5.01969,0.04114198
c_1_46_2825,10.699867,1.3050474
c_1_46_2826,13.001596,-1.6480287
c_1_46_2827,5.1545925,-2.0631928
c_1_46_2828,5.5031595,-1.8748244
c_1_46_2829,9.922131,1.5750452
c_1_46_2830,8.267469,0.83154154
c_1_46_2831,7.551051,0.78016406
c_1_46_2832,6.8561234,-1.3055286
c_1_46_2833,13.5780325,1.1585429
c_1_46_2834,8.639511,1.6948645
c_1_46_2835,8.35723,2.2121983
c_1_46_2836,6.2661185,-0.6905743
c_1_46_2837,8.247942,1.0826901
c_1_46_2838,8.896339,1.9490104
c_1_46_2839,15.30864,2.9859269
c_1_46_2840,7.7858896,1.7870312
c_1_46_2841,10.088379,-0.1986917
c_1_46_2843,8.183556,1.0888777
c_1_46_2844,11.004819,1.8567317
c_1_46_2845,7.6690655,2.3931246
c_1_46_2846,6.617851,2.8589275
c_1_46_2847,6.3672557,-0.70560896
c_1_46_2848,10.614459,3.2293832
c_1_46_2849,9.442256,4.8552003
c_1_46_2850,6.6966767,1.5742791
c_1_46_2851,11.45554,-1.8984382
c_1_46_2852,7.995961,1.5078045
c_1_46_2853,9.053674,2.6055477
c_1_46_2854,13.019333,0.66146404
c_1_46_2855,8.20805,1.4475938
c_1_46_2856,9.412653,1.1724273
c_1_46_2857,14.178763,2.4465942
c_1_46_2858,7.401189,2.305208
c_1_46_2859,8.943774,1.7259929
c_1_46_2860,12.019942,0.9697208
c_1_46_2861,5.8674283,-1.8776147
c_1_46_2862,9.974775,2.316343
c_1_46_2863,10.639396,2.2095795
c_1_46_2864,12.210939,2.239625
c_1_46_2865,14.454681,2.1065168
c_1_46_2866,11.660143,0.7896523
c_1_46_2867,5.17914,-2.2886286
c_1_46_2868,9.291925,-0.5931908
c_1_46_2869,12.70144,-0.44218272
c_1_46_2870,11.624621,0.3792097
c_1_46_2871,5.1322646,0.72908294
c_1_46_2872,7.9351974,2.2670302
c_1_46_2873,6.119191,0.24820767
c_1_46_2874,8.246101,1.3475133
c_1_46_2875,12.536773,0.88725704
c_1_46_2876,7.5726614,1.7750311
c_1_46_2877,6.7779555,2.0944498
c_1_46_2878,12.268478,0.3929014
c_1_46_2879,8.290416,2.4493256
c_1_46_2880,4.7880235,-1.9922451
c_1_46_2881,11.21365,1.1779398
c_1_46_2882,5.71707,-0.9547954
c_1_46_2883,5.1977954,-2.0701869
c_1_46_2884,10.246466,1.8579499
c_1_46_2885,4.690637,-0.27736244
c_1_46_2886,6.4544272,1.3450321
c_1_46_2887,13.160574,0.6980555
c_1_46_2888,11.883408,1.6058611
c_1_46_2889,6.8985705,2.020564
c_1_46_2890,13.209674,0.827498
c_1_46_2891,5.133444,-1.6937859
c_1_46_2892,10.944206,1.7232351
c_1_46_2893,8.994071,1.8133361
c_1_46_2894,8.482837,3.6290076
c_1_46_2896,14.456844,-0.774735
c_1_46_2897,10.159788,0.8390967
c_1_46_2898,4.508918,-1.3088902
c_1_46_2899,6.358944,1.1058393
c_1_46_2900,10.56124,4.392002
c_1_46_2901,13.977859,-0.56480926
c_1_46_2902,7.9970746,2.680475
c_1_46_2903,7.641945,1.5226289
c_1_46_2904,8.23338,2.5965536
c_1_46_2905,5.9026313,1.5024236
c_1_46_2906,4.9325647,-2.2489173
c_1_46_2907,9.706453,2.089976
c_1_46_2908,7.69056,0.56453973
c_1_46_2909,4.799579,-1.6380371
c_1_46_2910,7.730198,1.3254619
c_1_46_2911,8.647662,1.5179455
c_1_46_2912,13.335099,2.357052
c_1_46_2913,10.437869,1.3752965
c_1_46_2914,7.3600316,2.6639407
c_1_46_2915,5.378652,0.85970277
c_1_46_2916,8.166279,1.1321653
c_1_46_2917,10.187856,0.08621172
c_1_46_2918,12.657732,-0.37534764
c_1_46_2919,7.881455,2.8963726
c_1_46_2921,8.583848,2.8654687
c_1_46_2922,5.9933133,-1.7011997
c_1_46_2923,7.912574,2.022449
c_1_46_2924,12.0848,0.08115893
c_1_46_2925,8.850514,2.0071747
c_1_46_2926,12.999373,2.8939383
c_1_46_2927,12.605315,-0.4339283
c_1_46_2928,7.585739,2.585368
c_1_46_2929,5.7014785,-0.41615722
c_1_46_2931,13.668077,2.5541866
c_1_46_2932,13.227732,0.23196813
c_1_46_2933,7.60709,1.7548255
c_1_46_2934,6.437303,0.5361921
c_1_46_2935,9.817911,3.7353985
c_1_46_2936,12.815577,1.0558679
c_1_46_2937,10.391075,0.20000023
c_1_46_2938,4.9784503,0.94716334
c_1_46_2939,9.719522,0.79087585
c_1_46_2940,7.1261797,2.8953087
c_1_46_2941,10.079367,2.3913074
c_1_46_2942,13.078148,-0.16789721
c_1_46_2943,8.233524,3.4528773
c_1_46_2944,7.789536,0.537608
c_1_46_2945,7.6831307,2.493796
c_1_46_2946,7.6285963,2.1010413
c_1_46_2947,9.622821,1.7513759
c_1_46_2948,5.9625473,0.36410347
c_1_46_2949,7.306545,2.159124
c_1_46_2950,14.214551,2.2594938
c_1_46_2951,13.266511,2.1217105
c_1_46_2952,13.366572,-0.07356014
c_1_46_2953,13.253336,-0.26805234
c_1_46_2954,13.721603,-0.5591964
c_1_46_2955,5.3408456,-2.3261368
c_1_46_2956,8.733048,1.4722148
c_1_46_2957,8.765804,2.1114833
c_1_46_2958,14.395887,2.7153897
c_1_46_2959,7.820534,3.4205816
c_1_46_2960,8.593123,2.7874947
c_1_46_2961,11.884458,-0.16647616
c_1_46_2962,8.058226,4.0871353
c_1_46_2963,11.562259,2.0185468
c_1_46_2964,14.437961,-1.4366001
c_1_46_2965,7.5071707,3.1770773
c_1_46_2966,12.292374,1.0977594
c_1_46_2967,9.615167,3.7969983
c_1_46_2968,9.354904,2.0402985
c_1_46_2969,13.742684,2.8005064
c_1_46_2970,4.7934737,-1.0857022
c_1_46_2971,5.5588474,-1.572052
c_1_46_2972,13.922058,-0.6375689
c_1_46_2973,11.573873,1.5130882
c_1_46_2974,7.339461,2.437785
c_1_46_2975,7.1730804,1.7495086
c_1_46_2976,9.010893,1.8210101
c_1_46_2977,13.795928,-0.04189268
c_1_46_2978,9.233912,2.510732
c_1_46_2979,7.327705,-0.66551363
c_1_46_2980,8.410204,4.5461574
c_1_46_2981,11.2800455,2.928796
c_1_46_2982,13.840476,-1.0721167
c_1_46_2983,7.0077147,2.6932006
c_1_46_2984,5.4213943,-1.3798579
c_1_46_2985,10.978308,1.2755762
c_1_46_2986,14.408359,2.6223876
c_1_46_2987,10.503561,2.729761
c_1_46_2988,10.682275,1.783956
c_1_46_2989,13.439313,-1.939606
c_1_46_2990,9.335063,1.2399112
c_1_46_2991,6.2214155,2.615931
c_1_46_2992,14.035899,-0.47682786
c_1_46_2993,9.549521,4.53265
c_1_46_2994,12.193528,1.4815599
c_1_46_2995,14.204924,1.2575823
c_1_46_2996,13.151375,1.192264
c_1_46_2997,5.562419,-1.2748294
c_1_46_2998,9.061547,1.0378829
c_1_46_2999,11.075764,3.0457325
c_1_46_3000,13.3468485,-0.34961382
c_1_46_3001,12.671069,-1.2146057
c_1_46_3002,12.05669,0.69853175
c_1_46_3003,13.58547,-0.78202486
c_1_46_3004,11.857077,3.0732572
c_1_46_3005,4.983467,-1.4103864
c_1_46_3006,9.825747,2.396923
c_1_46_3007,12.359947,-0.28486013
c_1_46_3008,10.563291,1.147446
c_1_46_3009,14.4649,2.482797
c_1_46_3010,6.404127,2.4729013
c_1_46_3011,6.406394,2.91014
c_1_46_3012,13.276909,4.5904484
c_1_46_3013,5.0116124,-2.478999
c_1_46_3014,10.991649,1.0920951
c_1_46_3015,5.6598964,-1.9472504
c_1_46_3016,6.29606,-0.634295
c_1_46_3017,12.904913,1.1404198
c_1_46_3018,14.684672,-0.86161816
c_1_46_3019,14.907209,2.580923
c_1_46_3020,8.620878,1.8512337
c_1_46_3021,12.659247,-0.80436474
c_1_46_3022,12.774471,1.0193886
c_1_46_3023,7.581967,4.495587
c_1_46_3024,10.952241,2.695415
c_1_46_3025,6.8402576,2.5708663
c_1_46_3026,5.730885,-1.6224378
c_1_46_3027,6.769784,3.160523
c_1_46_3028,12.975766,0.4080885
c_1_46_3029,12.165539,5.196624
c_1_46_3030,5.340911,-2.1621618
c_1_46_3031,7.1430755,2.7196617
c_1_46_3032,7.2721515,2.7656505
c_1_46_3033,12.304102,2.3700423
c_1_46_3034,13.26536,0.8654717
c_1_46_3035,15.17192,2.9210796
c_1_46_3036,7.1504846,2.7918422
c_1_46_3037,12.369063,5.615274
c_1_46_3038,13.680675,0.36668444
c_1_46_3039,8.582798,1.8719827
c_1_46_3040,7.7239094,0.883776
c_1_46_3041,7.584224,1.0152334
c_1_46_3042,5.2144423,-1.3605622
c_1_46_3043,6.883501,3.0392818
c_1_46_3044,14.3122425,1.989706
c_1_46_3045,9.801511,2.4488735
c_1_46_3046,7.4829583,2.86653
c_1_46_3048,13.507682,-1.5262725
c_1_46_3049,13.855596,-0.5171497
c_1_46_3050,8.106742,1.1423562
c_1_46_3051,15.0090475,3.0320208
c_1_46_3052,6.331819,2.4155054
c_1_46_3053,15.317292,3.3213732
c_1_46_3054,12.605937,2.5746467
c_1_46_3055,7.0593934,0.69110286
c_1_46_3056,7.058431,1.7244185
c_1_46_3057,6.109274,-0.8171171
c_1_46_3058,13.169456,1.1956048
c_1_46_3059,7.3777533,2.0153532
c_1_46_3060,10.589498,1.8905532
c_1_46_3061,8.5028515,2.1177583
c_1_46_3062,6.906448,2.6324463
c_1_46_3063,12.904017,1.4511967
c_1_46_3064,6.162755,2.7087882
c_1_46_3065,5.83769,-0.50850666
c_1_46_3066,5.1881375,-2.495886
c_1_46_3067,11.137677,0.4161631
c_1_46_3068,12.493321,1.8389053
c_1_46_3069,9.128859,2.7408922
c_1_46_3070,5.947549,-1.6284776
c_1_46_3071,6.0680647,2.9065492
c_1_46_3072,6.817329,1.9401994
c_1_46_3073,6.069232,-1.2502065
c_1_46_3074,5.3539443,-1.8820322
c_1_46_3075,4.8566594,-2.5307245
c_1_46_3076,14.094973,2.1199756
c_1_46_3077,8.549256,1.3277436
c_1_46_3078,5.1280017,-2.2074547
c_1_46_3079,12.697521,1.6458883
c_1_46_3080,6.695696,2.7798638
c_1_46_3081,14.058599,-0.59526336
c_1_46_3082,14.024017,2.234822
c_1_46_3083,8.230817,2.4714057
c_1_46_3084,5.463402,-2.2759874
c_1_46_3085,4.5431657,-2.4599426
c_1_46_3086,7.4345365,2.9152389
c_1_46_3087,4.911202,-2.3361409
c_1_46_3088,5.6049366,-0.81406873
c_1_46_3089,5.1753516,-2.2140458
c_1_46_3090,6.1197877,-1.2562779
c_1_46_3091,6.793276,3.2585323
c_1_46_3092,13.471451,0.9456775
c_1_46_3093,4.62439,-2.5770042
c_1_46_3094,5.7100782,-2.0700512
c_1_46_3095,14.072468,-2.228558
c_1_46_3096,5.036758,-1.8484696
c_1_46_3097,5.8235126,2.94821
c_1_46_3098,6.2733607,2.5544868
c_1_46_3099,5.0057187,-2.292547
c_1_46_3100,5.379679,-0.33029506
c_1_46_3101,5.6105723,-1.7705499
c_1_46_3102,9.490889,-0.50668454
c_1_46_3104,7.4574714,2.572916
c_1_46_3105,12.887187,0.9059018
c_1_46_3106,5.259831,0.58164054
c_1_46_3107,4.421424,-1.5938977
c_1_46_3108,11.609561,-0.3751427
c_1_46_3109,4.71056,-2.5084586
c_1_46_3110,6.428337,2.1364756
c_1_46_3111,5.549108,-1.7842071
c_1_46_3113,8.707292,2.533645
c_1_46_3114,8.986491,3.2339215
c_1_46_3115,14.538828,2.3970182
c_1_46_3116,5.181678,-1.6436989
c_1_46_3117,8.093094,0.91816443
c_1_46_3118,13.126465,0.8344113
c_1_46_3119,7.010772,2.5382774
c_1_46_3120,4.635676,-2.4317331
c_1_46_3121,6.611216,3.5189006
c_1_46_3122,12.7603855,1.4291538
c_1_46_3123,14.78076,2.9233553
c_1_46_3124,9.825239,1.3050073
c_1_46_3126,8.288846,2.9774852
c_1_46_3127,4.5664644,-2.110151
c_1_46_3128,5.527701,-2.163366
c_1_46_3129,4.3667297,-0.8886949
c_1_46_3130,13.740978,1.5562954
c_1_46_3131,5.559465,-1.9896318
c_1_46_3132,4.22395,-1.2475768
c_1_46_3133,7.117035,1.2889649
c_1_46_3134,7.13524,2.7640278
c_1_46_3135,4.5199037,-1.3105692
c_1_46_3136,6.4867005,2.8732986
c_1_46_3137,4.5624723,-2.2061045
c_1_46_3138,14.331522,1.0744674
c_1_46_3139,4.0258017,-0.4988367
c_1_46_3140,6.884019,2.471605
c_1_46_3141,4.468034,-0.9289275
c_1_46_3142,4.207901,-1.0841826
c_1_46_3143,15.12675,2.6146526
c_1_46_3144,6.4182954,2.3425267
c_1_46_3145,15.021987,2.69679
c_1_46_3146,14.470405,2.1470826
c_1_46_3147,4.724403,-2.1375694
c_1_46_3148,5.543765,3.2281022
c_1_46_3149,8.004656,2.7559032
c_1_46_3150,7.968421,0.8886807
c_1_46_3151,4.600804,-1.6626971
c_1_46_3152,7.393931,1.7229456
c_1_46_3154,7.312671,2.069193
c_1_46_3155,4.4745007,-2.4226508
c_1_46_3156,5.0599775,-0.069649145
c_1_46_3157,13.560114,0.8445972
c_1_46_3158,8.348976,2.5227187
c_1_46_3159,6.3154163,1.5471016
c_1_46_3160,8.678751,0.40846553
c_1_46_3161,4.3040185,-1.9012214
c_1_46_3162,4.3135843,-1.7703273
c_1_46_3163,12.586542,1.801663
c_1_46_3164,4.8374844,-2.0651646
c_1_46_3165,7.7808495,2.9745913
c_1_46_3166,7.0084853,2.6626031
c_1_46_3167,7.1718855,2.634325
c_1_46_3168,8.402283,1.041192
c_1_46_3169,4.4065995,-1.8780208
c_1_46_3170,4.1916776,-1.3773364
c_1_46_3171,14.391706,2.8170743
c_1_46_3172,6.7528553,2.7376246
c_1_46_3173,13.390673,1.4603899
c_1_46_3174,6.1162324,2.9312627
c_1_46_3175,7.7009015,4.4064813
c_1_46_3176,4.6482005,-1.7645904
c_1_46_3177,11.222135,2.8404696
c_1_46_3178,13.346417,-1.623405
c_1_46_3179,7.274844,2.5107453
c_1_46_3180,6.9316134,2.7231896
c_1_46_3181,8.182701,0.5204763
c_1_46_3182,10.514824,-1.8389232
c_1_46_3183,9.506455,3.214232
c_1_46_3184,7.514964,0.8400924
c_1_46_3185,13.296179,-0.87961733
c_1_46_3186,8.457799,3.0766425
c_1_46_3187,4.0202727,-1.791783
c_1_46_3188,6.8873606,0.23449384
c_1_46_3189,8.078263,2.3712869
c_1_46_3190,7.073818,1.6563257
c_1_46_3191,11.201296,-0.2545969
c_1_46_3192,7.281244,2.6448293
c_1_46_3193,8.150637,0.43335772
c_1_46_3194,12.422923,1.2824578
c_1_46_3195,9.290527,1.4570439
c_1_46_3196,3.7053807,-1.4450486
c_1_46_3197,9.267351,1.3966691
c_1_46_3198,8.02066,1.9635371
c_1_46_3199,7.2283654,3.8581524
c_1_46_3200,9.316891,1.7620481
c_1_46_3201,12.115358,-2.920468
c_1_46_3203,13.087849,1.4411794
c_1_46_3204,13.522115,-2.2966354
c_1_47_2,12.197938,7.910903
c_1_47_3,9.995611,0.31050122
c_1_47_4,13.561136,0.80098295
c_1_47_5,11.601026,5.974076
c_1_47_6,14.36153,4.2175922
c_1_47_7,11.228846,-1.2918093
c_1_47_8,8.518924,1.0978513
c_1_47_9,7.798015,2.0226054
c_1_47_10,10.3090315,-0.9658941
c_1_47_11,13.110883,4.034094
c_1_47_12,12.386819,1.8713413
c_1_47_13,11.560249,1.1705362
c_1_47_14,10.889103,1.6823877
c_1_47_15,7.8059263,2.2628508
c_1_47_16,9.368777,-0.20990746
c_1_47_17,11.775698,2.9169521
c_1_47_18,13.883125,2.8127475
c_1_47_19,11.239071,-2.353569
c_1_47_20,10.03564,1.1523603
c_1_47_21,11.8966055,-3.3611004
c_1_47_23,11.67125,-3.6758962
c_1_47_24,13.164034,5.254503
c_1_47_25,11.936395,-3.79592
c_1_47_26,10.271615,-1.4368205
c_1_47_27,11.741206,1.8558354
c_1_47_28,10.54236,-1.4938349
c_1_47_29,9.498874,0.16930667
c_1_47_30,6.1687274,0.6239991
c_1_47_31,11.753229,-3.5701754
c_1_47_32,13.5640955,0.80134207
c_1_47_33,11.758152,-1.3083457
c_1_47_34,10.66599,1.7413892
c_1_47_35,14.193247,1.484609
c_1_47_36,10.475736,-1.9377494
c_1_47_37,14.623174,1.232037
c_1_47_38,11.906389,-0.9951608
c_1_47_39,12.019999,-0.75482464
c_1_47_40,10.371033,-0.46263337
c_1_47_41,9.246794,0.7578381
c_1_47_42,8.566312,3.0497665
c_1_47_43,11.594719,-3.0561838
c_1_47_44,11.033576,-2.4770687
c_1_47_45,11.485479,-0.50131464
c_1_47_46,11.322055,2.855912
c_1_47_47,10.671329,-0.98218673
c_1_47_48,11.237111,-1.7075679
c_1_47_49,11.603674,-3.472355
c_1_47_50,10.261589,1.6771599
c_1_47_51,13.4809885,3.9164596
c_1_47_52,11.264458,-2.232677
c_1_47_53,9.272462,4.1792946
c_1_47_54,8.158635,3.8596134
c_1_47_55,10.598256,1.3802592
c_1_47_56,12.219145,3.1266665
c_1_47_57,10.961392,-1.724208
c_1_47_58,10.836193,-2.7749074
c_1_47_59,10.515333,0.2658408
c_1_47_60,12.180049,-0.813052
c_1_47_61,13.139524,1.718907
c_1_47_62,8.146092,1.9025502
c_1_47_63,12.6666765,4.72802
c_1_47_64,10.578444,2.7587948
c_1_47_65,11.313958,1.2456298
c_1_47_66,7.2780747,1.2335074
c_1_47_67,9.883033,-1.1226022
c_1_47_68,10.348289,0.7812452
c_1_47_69,12.197069,-2.9105601
c_1_47_70,9.265033,0.11385462
c_1_47_71,11.617099,-3.5189724
c_1_47_72,11.279174,-1.900876
c_1_47_73,14.578588,1.4164172
c_1_47_74,10.117514,2.2356553
c_1_47_75,9.648067,3.09906
c_1_47_76,13.898848,3.9604278
c_1_47_77,12.346928,1.7666576
c_1_47_78,11.429223,-2.778927
c_1_47_79,10.870068,-1.5716314
c_1_47_80,8.899523,1.4255729
c_1_47_81,10.896752,-2.342828
c_1_47_83,9.7927065,1.7250508
c_1_47_85,10.227665,1.2582974
c_1_47_86,11.2209015,-0.6836678
c_1_47_87,10.700385,3.0039186
c_1_47_88,10.546996,-0.27898
c_1_47_89,7.6231217,3.142925
c_1_47_90,12.14212,5.286893
c_1_47_91,10.716221,2.9830935
c_1_47_92,10.382617,3.8728867
c_1_47_93,9.562977,-2.0457604
c_1_47_94,12.525933,3.1178155
c_1_47_95,13.327293,2.3302288
c_1_47_96,11.454551,-2.3600812
c_1_47_97,11.031605,3.312363
c_1_47_99,11.278978,-2.093948
c_1_47_100,9.848857,-0.32015815
c_1_47_101,9.844452,0.8314276
c_1_47_102,11.809001,-3.4543915
c_1_47_103,8.18666,1.7171745
c_1_47_104,10.4262495,-2.63235
c_1_47_105,9.455871,1.2506067
c_1_47_106,8.211632,0.8230557
c_1_47_109,7.4580326,1.1434827
c_1_47_112,9.076105,3.8313997
c_1_47_114,10.148473,1.3257308
c_1_47_115,11.378723,-0.6153224
c_1_47_116,10.0259495,-0.24176088
c_1_47_117,12.676701,0.13267365
c_1_47_118,11.749794,-3.4897244
c_1_47_119,11.312143,-2.9324343
c_1_47_120,11.588057,-3.5691314
c_1_47_121,10.286439,3.394016
c_1_47_122,6.3070774,3.0493987
c_1_47_123,10.23219,2.1503072
c_1_47_124,7.171951,2.9979541
c_1_47_125,8.712307,1.118002
c_1_47_126,9.548311,1.8309535
c_1_47_127,13.07538,2.2325563
c_1_47_128,11.801115,2.038519
c_1_47_129,9.752029,2.039618
c_1_47_130,11.578383,-0.91984844
c_1_47_131,9.116637,-0.8091501
c_1_47_132,10.436744,-2.2842677
c_1_47_133,9.459343,-0.2627669
c_1_47_134,10.494931,2.289253
c_1_47_135,10.24863,4.0085235
c_1_47_136,9.754439,4.6052566
c_1_47_138,9.982937,0.75113475
c_1_47_139,14.0551815,1.4056011
c_1_47_140,10.733721,3.5188987
c_1_47_141,9.185363,0.7167289
c_1_47_142,8.500064,0.88840896
c_1_47_143,9.131719,1.49626
c_1_47_144,11.033515,-0.6797197
c_1_47_145,10.8223,-0.336624
c_1_47_146,10.237562,-0.56676
c_1_47_147,11.080507,-0.91581726
c_1_47_148,12.896754,0.5274112
c_1_47_149,11.100716,-0.71490633
c_1_47_150,8.087681,2.4896102
c_1_47_151,13.721007,3.4230592
c_1_47_152,9.294423,-0.724388
c_1_47_153,10.830895,-2.2714524
c_1_47_154,11.309903,2.7505932
c_1_47_155,11.211733,-2.798031
c_1_47_156,8.325839,1.2546636
c_1_47_157,10.0307455,-1.1013945
c_1_47_158,8.893826,-0.95069593
c_1_47_159,8.89335,-0.5694501
c_1_47_160,12.567727,3.475261
c_1_47_161,12.644765,3.410105
c_1_47_162,13.875141,0.92358714
c_1_47_163,9.179011,-0.61254483
c_1_47_164,11.406847,2.8713732
c_1_47_165,9.48396,1.4832091
c_1_47_166,11.447021,-0.9188966
c_1_47_167,9.898028,0.20589405
c_1_47_168,10.606247,-2.3067675
c_1_47_169,11.956301,3.2333646
c_1_47_170,9.109695,1.7006043
c_1_47_171,9.66163,-0.15731697
c_1_47_172,8.79328,-0.6009673
c_1_47_173,8.632744,0.58625764
c_1_47_174,14.174416,1.4380498
c_1_47_175,9.057003,-1.0645192
c_1_47_176,13.106056,3.6237035
c_1_47_177,11.662542,-0.011793346
c_1_47_178,7.8143973,1.8666323
c_1_47_179,7.8393807,1.2772584
c_1_47_180,9.287058,0.14953472
c_1_47_181,11.129631,-1.0759779
c_1_47_182,14.620252,4.7706604
c_1_47_183,9.906143,1.5870473
c_1_47_184,9.238,-1.340136
c_1_47_185,9.148378,1.739126
c_1_47_186,12.407381,2.9374754
c_1_47_187,10.753145,2.1816113
c_1_47_188,9.968189,-1.5604537
c_1_47_189,11.300973,-1.8814508
c_1_47_190,10.467094,-1.606011
c_1_47_191,11.459919,-1.1383611
c_1_47_192,10.101743,-0.15763202
c_1_47_193,9.183199,-0.24268223
c_1_47_194,14.951226,1.3056217
c_1_47_195,13.455492,3.7706168
c_1_47_196,13.626121,3.99779
c_1_47_197,9.298186,-1.8619788
c_1_47_198,10.612986,-2.9665675
c_1_47_199,9.695066,-1.7985317
c_1_47_200,9.267202,-0.5694678
c_1_47_201,10.465206,0.7717408
c_1_47_202,11.194699,-0.07760417
c_1_47_203,11.01285,0.08194807
c_1_47_204,8.331612,0.35838276
c_1_47_205,8.938863,-0.90409654
c_1_47_206,9.593205,0.049868297
c_1_47_207,11.242082,-2.018853
c_1_47_208,10.740794,1.5250865
c_1_47_209,11.450063,-0.93073136
c_1_47_210,9.042328,0.31669706
c_1_47_211,9.157776,0.37708285
c_1_47_212,10.619099,0.14465709
c_1_47_213,8.90115,-0.46093097
c_1_47_214,10.400059,-1.2452482
c_1_47_215,10.3404045,-2.1597004
c_1_47_216,9.623127,-1.3793495
c_1_47_217,12.500092,-0.3292682
c_1_47_218,14.509772,1.2470465
c_1_47_219,12.914741,3.8663502
c_1_47_220,8.863175,3.8950274
c_1_47_221,10.984731,0.12940004
c_1_47_222,9.939828,-0.38972253
c_1_47_223,12.984832,4.126448
c_1_47_224,11.942679,2.1187017
c_1_47_225,10.15132,-2.3407657
c_1_47_226,10.017972,-1.8301288
c_1_47_227,8.503084,0.86067814
c_1_47_228,10.844516,-0.49459177
c_1_47_229,10.123236,-2.5399084
c_1_47_230,11.812971,2.2966359
c_1_47_231,10.564497,0.34087393
c_1_47_232,9.144238,-1.4963787
c_1_47_233,9.425888,0.07089879
c_1_47_234,13.749344,3.3818536
c_1_47_235,9.915513,-1.285263
c_1_47_236,8.655361,-0.27841958
c_1_47_237,9.759716,1.677741
c_1_47_238,9.284804,-0.5197403
c_1_47_239,9.513059,2.0491872
c_1_47_240,7.6489463,1.1233537
c_1_47_241,13.811908,-0.8604079
c_1_47_242,11.16271,0.28848138
c_1_47_243,11.217235,-0.63498074
c_1_47_244,9.722927,-1.5453887
c_1_47_245,10.0478325,-2.3135657
c_1_47_246,9.049753,0.6310403
c_1_47_247,9.261495,-0.76738346
c_1_47_248,9.607354,0.3291811
c_1_47_249,10.214016,-1.3807425
c_1_47_250,9.043989,-0.42595667
c_1_47_251,11.972456,2.4691503
c_1_47_252,9.375362,-1.1440756
c_1_47_253,9.66328,-0.26530105
c_1_47_254,11.687136,2.7728634
c_1_47_255,9.582775,-0.7326545
c_1_47_256,14.244549,-0.5329052
c_1_47_257,12.802741,4.415249
c_1_47_258,9.90923,-1.3566836
c_1_47_259,9.435237,-0.6526889
c_1_47_260,10.690047,1.9222977
c_1_47_261,8.549797,0.46524817
c_1_47_262,9.157907,-0.8524046
c_1_47_263,10.272348,-2.2269504
c_1_47_264,13.871262,4.040306
c_1_47_265,9.629508,2.0813851
c_1_47_266,10.37107,-0.6665849
c_1_47_267,8.854268,0.8731921
c_1_47_268,11.479892,-3.1754944
c_1_47_269,8.919217,3.5340905
c_1_47_270,9.00781,-1.1762943
c_1_47_271,11.854902,-0.98363507
c_1_47_272,9.115839,-0.5666366
c_1_47_273,12.124885,3.6894145
c_1_47_274,9.68373,-0.28787503
c_1_47_275,9.574292,-0.0027115194
c_1_47_276,10.57497,-1.855841
c_1_47_277,6.8239064,2.6852553
c_1_47_278,5.8460693,3.1718667
c_1_47_279,9.743622,-0.26152727
c_1_47_280,9.817254,1.0933621
c_1_47_281,8.87407,-0.36651507
c_1_47_282,10.405263,-0.08720927
c_1_47_283,9.543124,5.3167653
c_1_47_284,13.646045,1.5584869
c_1_47_285,8.345452,-0.45880294
c_1_47_286,12.026727,3.52318
c_1_47_287,10.005671,1.2953649
c_1_47_288,13.368663,4.268743
c_1_47_289,10.083183,-2.2412934
c_1_47_290,8.357949,0.7130917
c_1_47_291,8.777973,-1.197082
c_1_47_292,9.560297,-2.1140056
c_1_47_293,12.817374,3.5690663
c_1_47_294,10.790038,-1.3164684
c_1_47_295,9.931891,-1.3078617
c_1_47_296,9.945695,-1.4079943
c_1_47_297,11.94526,-0.042351216
c_1_47_298,5.457454,2.8476272
c_1_47_299,10.256083,-2.7289207
c_1_47_300,11.890222,-0.39112023
c_1_47_301,10.689046,2.146724
c_1_47_302,10.27872,0.8762044
c_1_47_303,10.144984,-1.3207077
c_1_47_304,9.0814,0.64148206
c_1_47_305,5.6317515,2.8314257
c_1_47_306,9.165799,0.81596464
c_1_47_307,10.508594,-2.566341
c_1_47_308,12.047817,5.1348863
c_1_47_309,9.693178,1.142563
c_1_47_310,11.067502,0.7734163
c_1_47_311,10.631447,-0.71743804
c_1_47_312,7.694177,1.6924316
c_1_47_313,9.086715,-0.007823044
c_1_47_314,9.572979,-0.30045623
c_1_47_315,10.026195,-2.7716827
c_1_47_316,9.727202,2.158227
c_1_47_317,11.151593,-2.8606045
c_1_47_318,8.971262,4.046037
c_1_47_319,10.994014,-0.4573022
c_1_47_320,10.338717,0.046671566
c_1_47_321,8.443786,2.4706717
c_1_47_322,9.945967,-2.2832832
c_1_47_323,10.709032,-1.9037974
c_1_47_324,11.047634,1.771169
c_1_47_325,12.082015,4.3689103
c_1_47_326,10.639795,-2.825254
c_1_47_327,10.004579,-2.494545
c_1_47_328,7.958029,1.2607895
c_1_47_329,10.424272,1.7003192
c_1_47_330,9.970948,0.20829305
c_1_47_331,8.396863,-0.67254555
c_1_47_332,11.701235,0.7629855
c_1_47_333,11.622254,3.3965197
c_1_47_334,10.1694,-2.193064
c_1_47_335,8.694113,1.680222
c_1_47_336,8.869473,-1.0359113
c_1_47_337,9.716244,-1.087871
c_1_47_338,11.592114,1.8548973
c_1_47_339,12.77159,3.8492913
c_1_47_340,8.923679,3.6692216
c_1_47_341,8.967014,-1.4038582
c_1_47_342,9.780935,-0.38524604
c_1_47_343,10.521592,-0.7725838
c_1_47_344,8.859788,0.55298364
c_1_47_345,8.947266,2.1862772
c_1_47_346,10.6337,-3.1056187
c_1_47_347,7.7697167,2.983285
c_1_47_348,9.974289,-2.5223093
c_1_47_349,8.823644,2.2879095
c_1_47_350,10.295184,0.02941673
c_1_47_351,8.468196,0.4253793
c_1_47_352,9.608413,-1.8829296
c_1_47_353,13.025105,1.6482675
c_1_47_354,10.686709,-2.4145205
c_1_47_355,10.025996,-2.1181533
c_1_47_356,10.052829,0.5288781
c_1_47_357,9.81637,1.3969103
c_1_47_358,8.201645,1.463327
c_1_47_359,10.727897,-1.7160251
c_1_47_360,11.64166,-3.0430856
c_1_47_361,10.313116,-1.2030642
c_1_47_362,10.150406,1.4443228
c_1_47_363,9.220252,2.5218525
c_1_47_364,8.791817,0.45379376
c_1_47_365,9.439467,-0.78646404
c_1_47_366,14.480176,1.6313684
c_1_47_367,10.595686,0.9714309
c_1_47_368,10.5286,-0.49012828
c_1_47_369,8.6950035,0.05365354
c_1_47_370,11.230504,-0.5281042
c_1_47_371,9.43008,2.5572329
c_1_47_372,8.811786,-0.030150905
c_1_47_373,9.385678,-0.009769481
c_1_47_374,8.567464,-0.6863683
c_1_47_375,9.392379,-1.243691
c_1_47_376,8.0309925,1.6344568
c_1_47_377,10.059461,0.8130541
c_1_47_378,9.56713,-1.3050656
c_1_47_379,11.657553,3.5749276
c_1_47_380,9.877604,-0.7650269
c_1_47_381,11.287894,-2.0291255
c_1_47_382,8.83543,1.8229963
c_1_47_383,9.358706,-0.54953074
c_1_47_384,10.69265,2.434129
c_1_47_385,8.848551,-1.0768962
c_1_47_386,9.384128,0.16694847
c_1_47_387,9.789727,2.9459913
c_1_47_388,10.652426,-1.5645195
c_1_47_389,8.67629,0.6666357
c_1_47_390,10.886548,0.18181346
c_1_47_391,9.182993,-1.3398261
c_1_47_392,13.118205,2.6298237
c_1_47_393,10.521464,1.9717147
c_1_47_394,10.07356,1.2563547
c_1_47_395,13.702938,4.3254757
c_1_47_396,10.869096,-3.0873053
c_1_47_397,9.621404,-0.53383905
c_1_47_398,10.225977,1.1491276
c_1_47_399,9.09601,0.6672863
c_1_47_400,7.80044,3.7871623
c_1_47_401,8.936351,0.9176127
c_1_47_402,9.348212,-1.0591052
c_1_47_403,9.94698,3.52885
c_1_47_404,14.238286,3.7495294
c_1_47_405,9.439037,-1.706029
c_1_47_406,7.901621,0.21599759
c_1_47_407,9.002137,-0.3813181
c_1_47_408,9.38691,0.6431054
c_1_47_409,10.45011,3.1480565
c_1_47_410,9.65279,-0.44589838
c_1_47_411,10.845486,-3.3012052
c_1_47_412,10.261167,1.9755069
c_1_47_413,9.582512,4.1374936
c_1_47_414,7.7486334,1.4483801
c_1_47_415,9.834633,0.063797414
c_1_47_416,9.206304,0.1261678
c_1_47_417,9.037397,1.6684457
c_1_47_418,9.940875,-0.6220114
c_1_47_419,8.882253,2.291134
c_1_47_420,8.484873,4.607275
c_1_47_421,9.805918,-0.86246973
c_1_47_422,10.108511,2.1443024
c_1_47_423,9.876004,-0.54263
c_1_47_424,9.10312,0.0028433232
c_1_47_425,9.827223,1.1370009
c_1_47_426,9.796659,-0.5192625
c_1_47_427,10.324811,0.51137793
c_1_47_428,9.467916,-1.7894381
c_1_47_429,9.370506,-0.9322977
c_1_47_430,9.775954,2.2542896
c_1_47_431,8.817042,1.8260452
c_1_47_432,10.82887,-0.5935307
c_1_47_433,8.620957,-0.3778464
c_1_47_434,9.380097,1.4981478
c_1_47_435,10.943801,-1.0958976
c_1_47_436,9.471231,-0.048139565
c_1_47_437,10.683211,0.39537108
c_1_47_438,9.825876,0.82739407
c_1_47_439,13.078563,-0.3811385
c_1_47_440,8.410388,0.2303441
c_1_47_441,10.754765,-0.6292754
c_1_47_442,8.161462,5.0592337
c_1_47_443,8.307282,-0.477472
c_1_47_444,8.718834,0.06700209
c_1_47_445,9.128855,3.28707
c_1_47_446,9.199238,0.51834947
c_1_47_447,10.992647,0.8729611
c_1_47_448,8.808503,2.163226
c_1_47_449,10.143315,1.6479446
c_1_47_450,12.344954,0.050184872
c_1_47_451,7.616308,3.0969048
c_1_47_452,10.911876,-2.206963
c_1_47_453,11.690289,1.6769208
c_1_47_454,8.489021,0.09148707
c_1_47_455,11.779411,1.6927273
c_1_47_456,10.117812,0.93052554
c_1_47_457,10.163188,-0.5156129
c_1_47_458,9.070006,3.2378793
c_1_47_459,10.517541,1.7851297
c_1_47_460,8.05236,1.4784908
c_1_47_461,8.93498,3.6202009
c_1_47_462,9.102827,0.20633368
c_1_47_463,9.340423,-1.966111
c_1_47_464,11.196967,-2.5579631
c_1_47_465,13.273932,2.7548592
c_1_47_466,9.099534,0.16116747
c_1_47_467,10.3741045,-1.18429
c_1_47_468,8.988347,0.77540857
c_1_47_469,10.083741,-2.454306
c_1_47_470,11.15656,0.8840218
c_1_47_471,11.043859,-2.4308207
c_1_47_472,8.506535,1.378129
c_1_47_473,10.654725,-1.3571624
c_1_47_474,9.705008,0.22182792
c_1_47_475,9.8826275,0.89896715
c_1_47_476,9.255915,-1.4836737
c_1_47_477,9.734582,1.3427898
c_1_47_478,8.843261,-1.0269048
c_1_47_479,9.8615885,-1.7996035
c_1_47_480,9.920011,1.0869346
c_1_47_481,10.639247,1.6563299
c_1_47_482,10.402738,-2.073606
c_1_47_483,9.761387,1.8537378
c_1_47_484,8.521091,0.25669652
c_1_47_485,12.337916,1.6001987
c_1_47_486,9.429124,0.041671243
c_1_47_487,8.638198,0.35395697
c_1_47_488,9.025427,0.6184295
c_1_47_489,10.634901,-0.5993868
c_1_47_490,8.889721,1.5571393
c_1_47_491,7.0721545,1.8092445
c_1_47_492,9.714709,-0.67932296
c_1_47_493,9.345012,-0.982304
c_1_47_494,10.444479,-0.394278
c_1_47_495,9.418956,-1.435336
c_1_47_496,8.861343,-0.42796344
c_1_47_497,9.33334,3.837076
c_1_47_498,9.5564785,2.1748316
c_1_47_499,9.946909,-0.44133213
c_1_47_500,10.0295105,0.21243492
c_1_47_501,7.7803206,2.5524054
c_1_47_502,9.669088,-1.5047988
c_1_47_503,10.617402,-2.1601958
c_1_47_504,10.627516,-2.5754085
c_1_47_505,9.954512,-0.8216465
c_1_47_506,10.252,3.5285647
c_1_47_507,8.479873,-0.372745
c_1_47_508,9.879797,2.7902102
c_1_47_509,8.86767,3.749449
c_1_47_510,10.165523,-2.551898
c_1_47_511,8.197663,0.68264234
c_1_47_512,8.649797,-0.5798246
c_1_47_513,10.973013,0.4943948
c_1_47_514,11.758619,1.6079875
c_1_47_515,9.4282875,2.6166089
c_1_47_516,10.370971,0.95684016
c_1_47_517,9.919143,1.312262
c_1_47_518,12.603013,3.0995317
c_1_47_519,9.880484,3.5673864
c_1_47_520,10.049048,-0.5072667
c_1_47_521,10.778815,-3.2218568
c_1_47_522,13.115132,7.901758
c_1_47_523,10.891487,-2.6283247
c_1_47_524,10.388436,-0.9650318
c_1_47_525,9.459338,0.8457188
c_1_47_526,7.9869742,2.265987
c_1_47_527,8.917728,-0.16021071
c_1_47_528,9.675894,2.9756281
c_1_47_529,10.650881,-1.8393291
c_1_47_530,9.794725,0.43343
c_1_47_531,11.645816,3.4092064
c_1_47_532,11.196943,3.3260262
c_1_47_533,13.209341,3.7328198
c_1_47_534,8.992261,-0.75789225
c_1_47_535,12.283792,2.7930934
c_1_47_536,8.916907,0.9254081
c_1_47_537,9.954012,1.0494179
c_1_47_538,9.837477,2.2110963
c_1_47_539,8.873099,1.3242356
c_1_47_540,13.543369,4.2199492
c_1_47_541,9.039847,1.1855079
c_1_47_542,8.779323,2.5658581
c_1_47_543,9.388503,2.300688
c_1_47_544,10.101078,0.0046082567
c_1_47_545,9.27987,3.8011487
c_1_47_546,11.877341,-3.7339017
c_1_47_547,9.510998,-0.38849658
c_1_47_548,12.642726,2.6440864
c_1_47_549,9.15436,0.72640073
c_1_47_550,9.831889,-0.17478782
c_1_47_551,10.660593,3.3701687
c_1_47_552,8.842773,-1.4916897
c_1_47_553,10.454372,-0.27900746
c_1_47_554,11.645158,0.33474874
c_1_47_555,9.813819,0.83344746
c_1_47_556,9.310965,-1.046106
c_1_47_557,10.008361,-1.5288345
c_1_47_558,9.313167,-0.9793763
c_1_47_559,11.165477,-0.5111003
c_1_47_560,13.843154,4.3106327
c_1_47_561,8.290685,3.5113978
c_1_47_562,10.642289,-1.3913742
c_1_47_563,10.212528,-2.871342
c_1_47_564,9.591479,-0.65956175
c_1_47_565,9.904803,0.66718525
c_1_47_566,9.575793,-0.12433029
c_1_47_567,7.3934426,3.2542965
c_1_47_568,10.270863,-0.14842223
c_1_47_569,13.373603,3.6029408
c_1_47_570,9.05109,1.6072687
c_1_47_571,12.148144,6.9264727
c_1_47_572,10.242855,3.5153277
c_1_47_573,9.860924,1.6674169
c_1_47_574,13.918693,2.9667852
c_1_47_575,8.156247,2.1976292
c_1_47_576,9.600509,-0.8901941
c_1_47_577,9.085101,-0.43994582
c_1_47_578,10.559837,0.3124348
c_1_47_579,10.010286,1.9015774
c_1_47_580,8.638643,2.2283485
c_1_47_581,10.367285,-0.6911385
c_1_47_582,9.274668,0.053845342
c_1_47_583,8.266559,2.126581
c_1_47_584,9.951103,0.109167054
c_1_47_585,6.2901034,3.123582
c_1_47_586,10.4303465,1.5276152
c_1_47_587,9.107853,2.7162445
c_1_47_588,9.93828,0.7645535
c_1_47_589,9.296245,-1.0688751
c_1_47_590,12.687713,1.6455637
c_1_47_591,10.612703,-1.4647617
c_1_47_592,8.550345,1.9920919
c_1_47_593,9.628582,4.7598095
c_1_47_594,7.6225204,2.5035472
c_1_47_595,12.238418,2.7560194
c_1_47_596,11.565965,3.3738477
c_1_47_597,9.205466,1.1963907
c_1_47_598,8.266511,3.515043
c_1_47_599,10.066635,-1.9903091
c_1_47_600,7.7240396,2.9082243
c_1_47_601,12.234072,-0.11178079
c_1_47_602,8.716336,1.0657105
c_1_47_603,10.996652,-1.9727147
c_1_47_604,9.557051,1.2153367
c_1_47_605,10.436767,2.0112782
c_1_47_606,9.050428,-1.0964122
c_1_47_607,9.288739,-0.5849479
c_1_47_608,10.084707,-0.7235813
c_1_47_609,8.089105,3.0881011
c_1_47_610,10.745284,2.841887
c_1_47_611,10.295299,1.1480122
c_1_47_612,12.323558,7.625513
c_1_47_613,11.795614,1.6107235
c_1_47_614,9.517486,-1.5511268
c_1_47_615,10.472817,0.72864443
c_1_47_616,10.669018,0.32472524
c_1_47_617,13.063773,1.1425054
c_1_47_618,9.016702,-0.7095761
c_1_47_619,5.759695,2.5146565
c_1_47_620,10.380006,-0.153225
c_1_47_621,10.431851,2.3393784
c_1_47_622,10.516642,-1.0522176
c_1_47_623,9.587094,-1.1503446
c_1_47_624,10.185729,1.7110912
c_1_47_625,9.256406,2.2136242
c_1_47_626,11.356467,0.41212237
c_1_47_627,9.837742,-0.32452384
c_1_47_628,9.037217,-1.1883522
c_1_47_629,10.512613,-0.64685297
c_1_47_630,7.095473,3.1638234
c_1_47_631,13.056315,5.252864
c_1_47_632,12.066188,7.511801
c_1_47_633,9.669913,-1.8027141
c_1_47_634,10.218147,-0.3147156
c_1_47_635,10.479262,1.4595228
c_1_47_636,9.8536215,-1.9709597
c_1_47_637,10.183231,1.7542282
c_1_47_638,9.819243,0.7992171
c_1_47_639,8.908111,0.10334105
c_1_47_640,10.689099,-1.1329087
c_1_47_641,8.79046,-1.2844611
c_1_47_642,10.741278,1.3591815
c_1_47_643,8.854661,3.3701777
c_1_47_644,7.1030254,3.501916
c_1_47_645,11.26999,1.942437
c_1_47_646,8.488254,0.9583573
c_1_47_647,10.350787,-0.460686
c_1_47_648,8.783386,0.83205444
c_1_47_649,10.420673,0.9977682
c_1_47_650,10.496095,0.2565024
c_1_47_651,9.835968,1.4826261
c_1_47_652,10.048255,0.36904874
c_1_47_653,12.371095,2.4271016
c_1_47_654,10.425926,2.6672757
c_1_47_656,10.076323,1.4703269
c_1_47_657,10.472509,-0.052741632
c_1_47_658,10.948173,-0.8714424
c_1_47_659,10.61192,-0.57842755
c_1_47_660,12.35802,7.514902
c_1_47_662,12.008479,2.526315
c_1_47_663,9.616431,0.60104305
c_1_47_664,10.509031,-2.411281
c_1_47_665,11.122327,3.1198957
c_1_47_666,12.567317,7.8262677
c_1_47_667,11.039794,1.6510258
c_1_47_668,9.050094,-0.7581325
c_1_47_669,10.788321,2.203093
c_1_47_670,10.8326235,0.4744821
c_1_47_671,10.069301,-0.5375995
c_1_47_672,12.110883,-0.2649785
c_1_47_673,10.936718,2.7862692
c_1_47_674,9.655579,2.0315976
c_1_47_675,6.6637745,2.6239254
c_1_47_676,12.218287,1.806964
c_1_47_677,9.105201,1.8274492
c_1_47_678,8.497432,3.80223
c_1_47_679,10.570947,1.9231257
c_1_47_680,10.474112,-1.4559594
c_1_47_681,9.911438,-2.0434005
c_1_47_682,13.025943,-0.70786804
c_1_47_683,10.362295,-1.9001782
c_1_47_684,8.351094,3.7835276
c_1_47_685,10.131528,-2.1827965
c_1_47_686,9.615582,-0.5035751
c_1_47_687,10.337639,1.4881165
c_1_47_688,9.955761,0.4777756
c_1_47_689,8.252528,1.7770942
c_1_47_690,10.038445,2.7126102
c_1_47_691,9.462637,-1.2839596
c_1_47_692,10.722676,0.052733783
c_1_47_693,9.297279,-0.84257895
c_1_47_694,6.92027,2.0195866
c_1_47_695,11.59167,6.0538573
c_1_47_696,10.701375,-0.3406046
c_1_47_697,10.001814,-0.22867368
c_1_47_698,6.5925317,2.3510401
c_1_47_699,14.017171,1.0888264
c_1_47_700,10.246025,1.9579607
c_1_47_701,9.817227,-0.6093608
c_1_47_702,9.631487,1.2297451
c_1_47_703,10.3337345,-0.28140914
c_1_47_704,10.312665,2.7298303
c_1_47_705,6.1502905,2.4755313
c_1_47_706,10.128405,1.1168408
c_1_47_707,10.703366,-2.7483244
c_1_47_708,9.87826,-0.24395786
c_1_47_709,9.845236,2.2928402
c_1_47_710,8.595584,0.17022471
c_1_47_711,9.197972,-0.47994214
c_1_47_712,9.717431,0.62831163
c_1_47_713,12.998272,1.3955841
c_1_47_714,12.1850815,0.26587647
c_1_47_715,11.562405,-0.46214297
c_1_47_716,10.717572,1.5424682
c_1_47_717,7.854513,2.3335884
c_1_47_718,10.189973,-0.11985061
c_1_47_719,6.8802333,2.5524716
c_1_47_720,11.855199,0.23501682
c_1_47_721,13.683036,0.8151168
c_1_47_722,13.58398,1.4645315
c_1_47_723,5.719108,2.7469075
c_1_47_724,12.369195,1.8783768
c_1_47_725,11.721826,-3.6683123
c_1_47_726,9.933765,-1.586235
c_1_47_727,10.0093,1.9264623
c_1_47_728,8.025085,1.2188663
c_1_47_729,8.539666,0.9142342
c_1_47_730,10.323145,-0.52536625
c_1_47_731,10.095527,-0.42163783
c_1_47_732,11.307387,-3.4262934
c_1_47_733,9.90545,2.6295173
c_1_47_734,9.604137,-0.20343404
c_1_47_735,6.2213016,2.605292
c_1_47_736,9.40411,-1.0491704
c_1_47_737,12.12255,2.9143636
c_1_47_738,10.345063,2.001997
c_1_47_739,6.581655,3.3678207
c_1_47_740,10.460346,-3.1003673
c_1_47_741,9.728198,-1.8103349
c_1_47_742,9.984221,-0.13565089
c_1_47_743,5.5202384,2.999199
c_1_47_744,8.913635,1.2853311
c_1_47_745,12.734686,1.337269
c_1_47_746,10.121134,-1.9568121
c_1_47_747,9.13465,3.498976
c_1_47_748,9.9767475,-1.6133097
c_1_47_749,9.887337,-0.7014244
c_1_47_750,6.283579,2.9525464
c_1_47_751,7.1036263,3.004729
c_1_47_752,9.002155,2.1549964
c_1_47_753,10.428863,-0.2096408
c_1_47_754,9.052454,2.2357073
c_1_47_755,10.528165,-0.9423953
c_1_47_756,8.898145,-1.2489341
c_1_47_757,6.5553055,2.656041
c_1_47_758,11.057398,-1.829663
c_1_47_759,10.159488,-0.69216776
c_1_47_760,8.4958,0.36864677
c_1_47_761,11.259,-2.2686706
c_1_47_762,7.874683,2.2481039
c_1_47_763,13.376306,0.66285795
c_1_47_764,10.946607,1.6260748
c_1_47_766,11.450118,2.2877686
c_1_47_767,7.020683,2.5134661
c_1_47_768,13.693135,3.612436
c_1_47_769,9.392259,-0.9306648
c_1_47_770,10.718612,-0.48486665
c_1_47_771,6.807053,2.788094
c_1_47_772,10.232843,0.70210075
c_1_47_773,9.190914,-1.0132142
c_1_47_774,8.97075,1.9408014
c_1_47_775,10.686771,-0.060250737
c_1_47_776,9.119253,1.524564
c_1_47_777,10.212973,4.0160017
c_1_47_778,9.267344,-0.115908034
c_1_47_779,9.458665,3.4011307
c_1_47_780,9.262801,1.7015077
c_1_47_781,10.294515,0.6840314
c_1_47_782,9.086021,1.8333218
c_1_47_783,6.0373936,2.8737795
c_1_47_784,9.261165,1.6645627
c_1_47_785,10.1312,0.94929296
c_1_47_786,9.432013,0.58340305
c_1_47_787,10.49626,0.010896408
c_1_47_788,5.743934,2.8322291
c_1_47_789,9.227941,-0.84480155
c_1_47_790,10.011568,-0.33556476
c_1_47_791,6.221731,3.2410984
c_1_47_792,6.418583,2.6401048
c_1_47_793,11.67917,2.2090042
c_1_47_794,10.089102,2.9694562
c_1_47_795,5.71111,2.6160908
c_1_47_796,9.397296,3.4730978
c_1_47_797,6.52418,3.1521146
c_1_47_798,9.858267,3.4530823
c_1_47_799,9.399611,2.7196915
c_1_47_800,10.235875,1.6830916
c_1_47_801,10.551125,-1.5994285
c_1_47_802,10.380993,0.9806607
c_1_47_803,9.994644,1.489027
c_1_47_804,14.116047,1.7692112
c_1_47_805,7.2756987,2.8941345
c_1_47_806,8.608168,1.2352142
c_1_47_807,10.098888,-0.04529273
c_1_47_808,8.569559,0.037320595
c_1_47_809,7.8037343,1.3488297
c_1_47_810,9.112095,3.1189332
c_1_47_811,7.97281,0.59945077
c_1_47_812,9.88244,1.22389
c_1_47_813,11.1657505,3.504824
c_1_47_814,6.555682,3.0908513
c_1_47_815,9.374073,0.7315733
c_1_47_816,9.441197,0.8558764
c_1_47_817,5.9569764,3.056837
c_1_47_818,9.900426,1.1671467
c_1_47_819,7.1621356,2.5452197
c_1_47_820,5.830185,3.2521498
c_1_47_821,8.84216,2.712121
c_1_47_822,6.1441936,2.6418097
c_1_47_823,12.249714,-0.31881952
c_1_47_824,6.568,2.7688613
c_1_47_825,9.21264,2.4918458
c_1_47_826,9.896185,0.24168195
c_1_47_827,7.319269,2.453569
c_1_47_828,8.459515,2.708343
c_1_47_829,12.883503,0.86178166
c_1_47_830,12.29934,2.0122352
c_1_47_831,9.055951,0.5876246
c_1_47_832,12.49925,1.9614904
c_1_47_833,10.055526,1.6883315
c_1_47_834,8.399387,1.0139272
c_1_47_835,9.522937,0.40940055
c_1_47_836,11.269326,1.5602022
c_1_47_837,5.8162026,2.70583
c_1_47_838,9.732524,1.9326982
c_1_47_839,11.198397,-0.07259559
c_1_47_840,9.400215,2.3154962
c_1_47_841,12.322123,2.4063883
c_1_47_842,8.719152,1.662859
c_1_47_843,9.973178,3.4306567
c_1_47_844,8.010946,2.1184158
c_1_47_845,11.31815,1.1741258
c_1_47_846,9.289018,-0.06229265
c_1_47_847,9.844918,-2.0268316
c_1_47_848,8.970666,1.2387257
c_1_47_849,8.160313,1.6893888
c_1_47_850,11.553901,0.17680147
c_1_47_851,7.704228,2.1608999
c_1_47_852,12.975621,-0.3468772
c_1_47_853,5.9221463,2.7541368
c_1_47_854,9.046746,1.5788484
c_1_47_855,6.2502384,2.8624375
c_1_47_856,7.006841,2.769853
c_1_47_857,10.289048,1.7520728
c_1_47_858,11.348553,1.3474114
c_1_47_859,10.004073,-0.9418376
c_1_47_860,6.150878,2.872606
c_1_47_861,10.697847,2.1601353
c_1_47_862,9.825368,1.801375
c_1_47_863,6.5371695,2.4555674
c_1_47_864,10.002355,-0.21409039
c_1_47_865,9.960426,0.8108537
c_1_47_866,5.4239693,3.0154328
c_1_47_867,9.010033,0.25642768
c_1_47_868,11.643538,0.9470143
c_1_47_869,10.398944,0.021688042
c_1_47_870,9.036616,1.6030097
c_1_47_871,7.9390087,3.1094773
c_1_47_872,5.9883914,2.653999
c_1_47_873,10.375631,-0.2697068
c_1_47_874,10.467927,-0.20865324
c_1_47_875,6.2498255,1.9314277
c_1_47_876,5.72408,3.10609
c_1_47_877,9.045165,-0.18495162
c_1_47_878,8.072494,1.4806329
c_1_47_879,6.731244,2.6005974
c_1_47_880,6.696827,2.7045722
c_1_47_881,10.398604,0.72808886
c_1_47_882,8.876782,1.5648899
c_1_47_883,7.8717704,1.9149771
c_1_47_884,9.975152,2.4643242
c_1_47_885,8.893872,1.5527002
c_1_47_886,9.648539,-0.012437815
c_1_47_888,8.592444,2.455452
c_1_47_889,8.214386,3.471731
c_1_47_890,9.592935,1.4943535
c_1_47_891,5.899088,2.6542163
c_1_47_892,10.254499,-1.9252616
c_1_47_893,9.1474695,3.0101194
c_1_47_894,12.214429,1.6536859
c_1_47_895,9.637004,-0.86298066
c_1_47_896,6.2899623,3.0456088
c_1_47_897,10.921274,2.5581155
c_1_47_898,7.1310973,3.0115054
c_1_47_899,7.85484,1.9722769
c_1_47_900,7.624118,0.39886853
c_1_47_901,6.070301,2.354228
c_1_47_902,10.683271,0.20561011
c_1_47_903,5.659807,3.0652978
c_1_47_904,7.586887,3.164473
c_1_47_905,5.773671,2.676273
c_1_47_906,7.9334235,1.49148
c_1_47_907,12.190608,2.6953218
c_1_47_908,9.286981,1.6585145
c_1_47_909,9.1873455,1.3059225
c_1_47_910,10.0198,0.4808094
c_1_47_911,13.103025,2.0012
c_1_47_912,11.949402,2.9411197
c_1_47_913,14.067461,2.7027416
c_1_47_914,12.231063,0.7282643
c_1_47_915,9.989729,-1.3088793
c_1_47_916,5.9951534,2.8927996
c_1_47_917,6.285833,2.4601994
c_1_47_918,11.672355,1.1604855
c_1_47_919,13.219411,-0.3684402
c_1_47_920,9.026819,-0.5280041
c_1_47_921,13.808355,-2.212544
c_1_47_922,6.6415744,2.8778944
c_1_47_923,9.6916685,-0.22657706
c_1_47_924,7.312207,3.5732462
c_1_47_925,10.863993,-2.6822667
c_1_47_926,5.771697,2.5019102
c_1_47_927,6.103893,2.9930391
c_1_47_928,7.8156805,1.9807467
c_1_47_929,8.453815,0.057235885
c_1_47_930,12.132343,0.46870086
c_1_47_931,13.921278,0.9763674
c_1_47_932,8.530709,2.5114794
c_1_47_933,9.063063,-0.133493
c_1_47_934,10.511654,-1.6643611
c_1_47_935,7.629711,1.9690819
c_1_47_936,11.83855,1.2651703
c_1_47_937,11.050479,2.1328645
c_1_47_938,9.559017,2.621569
c_1_47_939,9.509403,1.117444
c_1_47_941,10.278485,1.9861094
c_1_47_942,7.5025716,1.4639002
c_1_47_943,7.1214013,2.8696353
c_1_47_944,7.28319,2.13547
c_1_47_945,10.720076,0.980509
c_1_47_946,14.208332,0.09195414
c_1_47_947,9.192181,3.3657227
c_1_47_948,10.273992,2.0297601
c_1_47_949,8.581161,1.8245368
c_1_47_950,11.599142,1.9695115
c_1_47_951,12.674437,2.7605417
c_1_47_952,10.331032,1.0948741
c_1_47_953,9.964606,2.2818277
c_1_47_954,8.927966,0.1715998
c_1_47_955,6.3064094,2.6387072
c_1_47_956,6.5399227,2.450851
c_1_47_957,11.929361,2.2921479
c_1_47_958,9.112196,2.2815938
c_1_47_959,13.94469,1.8346941
c_1_47_960,9.3583,0.21884881
c_1_47_961,10.326448,1.5516264
c_1_47_962,7.8088546,1.9806815
c_1_47_963,7.6788554,0.2852483
c_1_47_964,8.600282,2.462862
c_1_47_965,10.674542,2.5181684
c_1_47_966,13.934998,1.4615344
c_1_47_967,9.830357,3.224419
c_1_47_968,6.407168,3.1524518
c_1_47_969,8.794691,1.0858412
c_1_47_970,7.968742,3.1903927
c_1_47_971,10.234866,3.7420285
c_1_47_972,10.447764,1.1184185
c_1_47_973,6.440328,2.8799243
c_1_47_974,7.238081,-1.2070506
c_1_47_975,10.861096,0.84132737
c_1_47_977,9.783417,-1.3159282
c_1_47_978,13.111522,1.8507566
c_1_47_980,5.5786843,-1.3640712
c_1_47_981,5.36717,-2.0879848
c_1_47_982,8.874711,4.7680497
c_1_47_983,5.0620346,-2.449878
c_1_47_984,5.735183,-0.49662036
c_1_47_985,6.118964,-0.75853634
c_1_47_986,9.066077,2.5649867
c_1_47_987,14.079295,2.714908
c_1_47_988,7.971892,1.7594622
c_1_47_989,10.530074,-0.42195937
c_1_47_990,14.634077,2.8800085
c_1_47_991,8.635932,5.139006
c_1_47_992,11.736093,2.3298535
c_1_47_993,8.626454,2.2623274
c_1_47_994,15.24553,2.84186
c_1_47_995,14.586976,3.8771064
c_1_47_996,8.97126,2.4738371
c_1_47_997,6.194713,-0.39104366
c_1_47_998,7.92461,1.8854268
c_1_47_999,5.3298135,-1.4180554
c_1_47_1000,10.179941,1.6274899
c_1_47_1001,9.79215,2.6969965
c_1_47_1002,6.3021226,-0.795665
c_1_47_1003,10.460006,1.4113722
c_1_47_1004,13.454997,1.7971749
c_1_47_1005,10.645909,2.3057463
c_1_47_1006,7.2277327,0.4839266
c_1_47_1007,10.662936,1.6011676
c_1_47_1008,5.796363,2.9657507
c_1_47_1009,8.4492235,3.0130224
c_1_47_1010,6.0152016,-1.0472949
c_1_47_1011,8.738725,0.42125866
c_1_47_1012,9.320642,1.1011611
c_1_47_1013,5.8136363,-1.3721404
c_1_47_1014,8.855883,0.2329218
c_1_47_1015,7.4626765,2.0521874
c_1_47_1016,11.13172,0.74975485
c_1_47_1017,9.472943,0.9273749
c_1_47_1018,8.102012,3.464739
c_1_47_1019,10.542416,1.4903424
c_1_47_1020,11.2594185,2.8201137
c_1_47_1021,10.056447,-0.97952724
c_1_47_1022,8.871835,3.0108514
c_1_47_1023,5.455692,3.3128715
c_1_47_1024,9.336996,3.6877499
c_1_47_1025,9.475767,3.9728353
c_1_47_1026,6.8211393,3.344632
c_1_47_1027,7.1693377,0.70345956
c_1_47_1028,7.068495,0.5734319
c_1_47_1029,6.350443,-0.8681632
c_1_47_1030,6.586299,-0.045422785
c_1_47_1031,11.328628,0.16951767
c_1_47_1032,7.933872,3.2763674
c_1_47_1033,5.9262495,-1.4386017
c_1_47_1034,7.1319695,2.017554
c_1_47_1035,10.249459,1.1909767
c_1_47_1036,13.473773,-0.3812767
c_1_47_1037,5.9042315,-1.1636823
c_1_47_1038,5.4314203,-0.5274796
c_1_47_1039,7.3286424,3.054669
c_1_47_1040,8.430486,-0.77081555
c_1_47_1041,11.30544,1.9836146
c_1_47_1042,13.873304,0.8019786
c_1_47_1043,6.249842,-0.97696286
c_1_47_1044,5.9266663,-1.1972669
c_1_47_1045,11.134967,2.5927553
c_1_47_1046,5.8871274,2.5642319
c_1_47_1047,10.616175,0.10039217
c_1_47_1048,13.568021,-0.45757043
c_1_47_1049,6.308753,2.5535917
c_1_47_1050,7.026452,2.7333815
c_1_47_1051,5.298514,-1.2158061
c_1_47_1052,5.68646,-1.7901347
c_1_47_1053,6.9022675,1.831401
c_1_47_1054,10.842817,-0.73956937
c_1_47_1055,11.1565485,2.563707
c_1_47_1056,8.053238,2.274387
c_1_47_1057,9.399582,4.103644
c_1_47_1059,5.193039,-1.350612
c_1_47_1060,5.9416857,2.7351785
c_1_47_1061,5.9187756,-1.6542399
c_1_47_1062,5.692038,-0.69261694
c_1_47_1063,4.599061,-1.6646882
c_1_47_1064,5.477304,-1.2968588
c_1_47_1065,12.73792,2.2222428
c_1_47_1066,5.7287545,2.659086
c_1_47_1067,10.9436035,2.7172174
c_1_47_1068,10.879321,0.6917513
c_1_47_1069,5.3269043,-1.7878151
c_1_47_1070,12.833874,3.0979779
c_1_47_1071,6.003685,-1.066619
c_1_47_1072,10.057182,0.15255517
c_1_47_1073,9.236467,2.929405
c_1_47_1074,7.3593535,1.4562851
c_1_47_1075,5.2257752,-1.0244951
c_1_47_1076,8.535978,1.3648363
c_1_47_1077,10.585677,-0.6342553
c_1_47_1078,11.269255,2.0614922
c_1_47_1079,12.438988,2.8753684
c_1_47_1080,12.128881,3.0744224
c_1_47_1081,11.287807,-0.18851364
c_1_47_1082,9.772881,2.124951
c_1_47_1083,8.162106,1.7795329
c_1_47_1084,4.5539026,-2.5838566
c_1_47_1085,9.992858,2.4168267
c_1_47_1086,5.595727,-1.3229644
c_1_47_1087,9.756742,3.1155427
c_1_47_1088,12.872981,2.315221
c_1_47_1089,6.1676936,-1.3576568
c_1_47_1090,7.227173,1.8128158
c_1_47_1091,5.4689894,-1.1930759
c_1_47_1092,7.714791,3.4351687
c_1_47_1093,6.061606,-1.3607684
c_1_47_1094,6.2127295,-0.08318848
c_1_47_1095,10.806074,-0.19759098
c_1_47_1096,13.024978,1.827503
c_1_47_1097,4.8689685,-1.9376029
c_1_47_1098,8.221936,4.3710012
c_1_47_1099,7.783021,2.5327978
c_1_47_1100,4.880355,-2.390106
c_1_47_1101,5.208806,-1.8350583
c_1_47_1102,7.9823484,0.518126
c_1_47_1103,8.18094,1.1166735
c_1_47_1104,5.120731,-2.476649
c_1_47_1105,12.399764,-0.2556001
c_1_47_1106,11.1024885,2.2541044
c_1_47_1107,9.18336,1.3893129
c_1_47_1108,8.567681,3.1590831
c_1_47_1109,9.329459,3.0091302
c_1_47_1110,12.811024,-1.3362749
c_1_47_1111,13.122218,1.5809946
c_1_47_1112,10.849224,1.7448884
c_1_47_1113,12.610196,2.9940002
c_1_47_1114,5.726335,-1.1599051
c_1_47_1115,5.9512944,0.00053046015
c_1_47_1116,5.432357,-1.2296695
c_1_47_1117,8.07658,-0.3692296
c_1_47_1118,9.830688,0.16032639
c_1_47_1119,4.9622407,-2.2037883
c_1_47_1120,7.972833,1.2866265
c_1_47_1121,5.9134436,-1.350157
c_1_47_1122,9.605482,1.0139599
c_1_47_1123,10.143774,0.8584421
c_1_47_1124,8.382463,2.6047068
c_1_47_1125,5.0458374,-1.5035547
c_1_47_1126,10.647809,0.80307996
c_1_47_1127,9.681969,-0.6939495
c_1_47_1128,11.7966,0.72127956
c_1_47_1129,5.64469,-1.4722991
c_1_47_1130,10.417319,-1.1392804
c_1_47_1131,7.018281,0.21341014
c_1_47_1132,11.905839,0.6323558
c_1_47_1133,9.857998,3.4104826
c_1_47_1134,11.825268,1.5797135
c_1_47_1135,7.4180126,1.2515452
c_1_47_1136,9.322842,1.96017
c_1_47_1137,4.811835,-1.6609734
c_1_47_1138,13.452682,0.09018481
c_1_47_1139,5.6564636,-0.65446854
c_1_47_1140,10.249616,1.2713672
c_1_47_1141,8.619744,2.462889
c_1_47_1142,9.017659,0.75190204
c_1_47_1143,11.057534,1.4641824
c_1_47_1144,4.7612147,-2.3836446
c_1_47_1145,6.624877,2.2290983
c_1_47_1146,5.5796065,-0.7867166
c_1_47_1147,11.883131,1.7760075
c_1_47_1148,9.618126,2.850517
c_1_47_1149,5.432021,-1.4180893
c_1_47_1150,9.472312,0.7301359
c_1_47_1151,9.658105,0.9884144
c_1_47_1152,5.009432,-2.3700328
c_1_47_1153,11.03382,2.6549144
c_1_47_1154,13.862263,-2.2057042
c_1_47_1155,5.0631843,-1.3099711
c_1_47_1156,12.786732,-0.4034771
c_1_47_1157,12.705745,-0.35779527
c_1_47_1158,13.5484,2.145528
c_1_47_1159,4.5765896,-1.8138348
c_1_47_1160,13.548332,-1.367454
c_1_47_1161,9.145602,2.4384344
c_1_47_1162,10.330327,3.7574797
c_1_47_1163,13.749797,-2.165087
c_1_47_1164,12.607712,2.0711896
c_1_47_1165,10.480218,1.01908
c_1_47_1166,9.544495,1.5259368
c_1_47_1167,4.6058245,-2.1968553
c_1_47_1168,13.556725,-1.7296793
c_1_47_1169,5.2138724,-1.6973108
c_1_47_1170,13.098596,-1.6608711
c_1_47_1171,12.991111,-1.4241797
c_1_47_1172,11.376393,0.43724573
c_1_47_1173,9.247231,0.22514175
c_1_47_1174,12.940208,1.5247043
c_1_47_1175,11.429286,2.9271774
c_1_47_1176,10.7632475,0.7691724
c_1_47_1177,11.095314,1.7982562
c_1_47_1178,8.441019,-0.24464688
c_1_47_1179,7.305898,2.4832628
c_1_47_1180,6.4308147,0.2155215
c_1_47_1181,6.383616,-0.0854295
c_1_47_1182,11.421689,6.0307837
c_1_47_1183,8.385248,3.035923
c_1_47_1184,8.877284,2.1330254
c_1_47_1185,11.695396,1.831276
c_1_47_1186,7.817626,1.7417915
c_1_47_1187,14.009627,-0.9424246
c_1_47_1188,13.830838,2.427304
c_1_47_1189,6.4979963,-0.4551976
c_1_47_1190,14.16749,-0.62176126
c_1_47_1191,11.785345,0.83504397
c_1_47_1192,9.022574,1.8170241
c_1_47_1193,7.500755,1.8402193
c_1_47_1194,7.6607203,3.1920605
c_1_47_1195,4.578317,-0.7972759
c_1_47_1196,14.614812,-1.9074818
c_1_47_1197,5.6630683,-1.255575
c_1_47_1198,12.977576,0.3968951
c_1_47_1199,9.688199,2.7877035
c_1_47_1200,13.65206,3.0671005
c_1_47_1201,13.903068,1.1249123
c_1_47_1202,12.845493,4.353917
c_1_47_1203,11.391268,1.0707777
c_1_47_1204,13.784634,-0.94383603
c_1_47_1205,13.330634,-1.1157461
c_1_47_1206,9.636084,2.0904932
c_1_47_1207,13.175869,3.1848335
c_1_47_1208,8.414427,1.6050173
c_1_47_1209,4.9561567,-0.6357568
c_1_47_1210,13.297078,-0.11432754
c_1_47_1211,12.46125,-0.4069712
c_1_47_1212,7.1954155,1.7933762
c_1_47_1213,5.551052,-1.2043406
c_1_47_1214,4.9874864,-1.7313763
c_1_47_1215,5.250156,-0.9691039
c_1_47_1216,5.074991,-1.2320213
c_1_47_1217,5.9592733,-0.48097333
c_1_47_1218,6.2748694,-0.5675215
c_1_47_1219,11.873974,-0.1491582
c_1_47_1220,13.74433,1.5801755
c_1_47_1221,11.184958,2.4783607
c_1_47_1222,12.018128,2.7760334
c_1_47_1223,9.736539,2.2158833
c_1_47_1224,13.683722,-0.6601868
c_1_47_1225,8.3800125,2.6610475
c_1_47_1226,14.263221,1.6595498
c_1_47_1227,14.566622,-1.231754
c_1_47_1228,14.090475,-1.2039365
c_1_47_1229,4.5693417,-1.9129919
c_1_47_1230,7.9301825,2.883288
c_1_47_1231,9.503024,1.4871758
c_1_47_1232,12.295158,-0.40550882
c_1_47_1233,5.7596974,-1.0958726
c_1_47_1234,14.037713,1.3514283
c_1_47_1235,5.7202444,-0.42117953
c_1_47_1236,5.4405484,-1.7671982
c_1_47_1237,9.884309,3.0738485
c_1_47_1238,4.527093,-1.8892447
c_1_47_1239,4.1304264,-1.582446
c_1_47_1240,7.635756,1.016394
c_1_47_1241,5.152654,-1.9230872
c_1_47_1242,9.235912,2.3868039
c_1_47_1243,9.779846,2.054388
c_1_47_1244,5.1737685,-1.3315884
c_1_47_1245,4.6843867,-1.1689036
c_1_47_1246,13.936128,-1.6421499
c_1_47_1247,13.448569,-0.73519933
c_1_47_1248,5.070393,-1.6069229
c_1_47_1249,12.784086,-0.3156725
c_1_47_1250,9.923866,1.8707509
c_1_47_1251,13.179402,-0.24566355
c_1_47_1252,11.011105,1.0088042
c_1_47_1253,14.721806,2.1292071
c_1_47_1254,8.57518,1.2196794
c_1_47_1255,14.429975,-1.260241
c_1_47_1256,10.004977,1.6066864
c_1_47_1257,14.429975,-0.76319796
c_1_47_1258,5.300261,-2.2193072
c_1_47_1259,5.7404966,-1.3327923
c_1_47_1260,11.781072,0.58318913
c_1_47_1261,9.927702,1.3271258
c_1_47_1262,13.16709,-0.3950784
c_1_47_1263,14.90027,2.1118453
c_1_47_1264,5.6430635,-1.0239534
c_1_47_1265,4.247707,-1.138506
c_1_47_1266,4.139003,-1.1877503
c_1_47_1267,8.440752,2.8043172
c_1_47_1268,4.9428577,-1.5799425
c_1_47_1269,5.482948,-1.7906628
c_1_47_1270,5.231273,-0.95299387
c_1_47_1271,4.349959,-1.3838536
c_1_47_1272,4.8636184,-1.4897677
c_1_47_1273,4.46343,-1.7476268
c_1_47_1274,7.08384,3.1478724
c_1_47_1275,9.726058,3.658972
c_1_47_1276,4.4316416,-2.4466686
c_1_47_1277,4.595902,-2.292452
c_1_47_1278,14.468194,-0.62686265
c_1_47_1279,4.147621,-1.406685
c_1_47_1280,4.000253,-1.4069811
c_1_47_1281,7.395003,2.0169196
c_1_47_1282,7.7581835,2.196349
c_1_47_1283,7.153331,2.2011228
c_1_47_1284,14.71292,1.5572288
c_1_47_1285,4.2904034,-1.2320989
c_1_47_1286,8.949301,1.4673221
c_1_47_1287,11.150353,3.0267339
c_1_47_1288,5.4932413,-1.0955048
c_1_47_1289,4.3487754,-2.3030818
c_1_47_1290,4.6967564,-1.4608972
c_1_47_1291,4.908376,-1.7952874
c_1_47_1292,5.4556165,-1.0504711
c_1_47_1293,14.898069,2.2654867
c_1_47_1294,3.699753,-1.7902726
c_1_47_1295,3.628815,-1.8320158
c_1_47_1296,11.42645,0.46069813
c_1_47_1297,3.5712104,-1.6019886
c_1_47_1298,6.763571,-0.5846906
c_1_47_1299,8.357263,2.076368
c_1_47_1300,4.01759,-1.5391713
c_1_47_1301,4.833761,-1.8889035
c_1_47_1302,5.7433157,-0.97022146
c_1_47_1303,4.5380945,-2.3085802
c_1_47_1304,5.041435,-1.3982528
c_1_47_1305,6.23663,-0.78900105
c_1_47_1306,3.4153965,-1.5826207
c_1_47_1307,4.629654,-2.0348513
c_1_47_1308,5.473799,-1.5708576
c_1_47_1309,4.5710764,-1.4210359
c_1_47_1310,5.528486,-0.81501883
c_1_47_1311,5.4130154,-1.1506889
c_1_47_1312,4.3729444,-2.3939838
c_1_47_1313,6.8834095,-0.6758727
c_1_47_1314,5.423616,-1.9704514
c_1_47_1315,4.7951145,-1.8641436
c_1_47_1316,5.3777742,-1.7137167
c_1_47_1317,5.6900587,-0.89614713
c_1_47_1318,14.290592,-1.3932583
c_1_47_1319,3.5906148,-0.65944463
c_1_47_1320,5.562089,-0.8326114
c_1_47_1321,5.8179426,-1.3406625
c_1_47_1322,5.5837326,-0.32333243
c_1_47_1323,14.137432,-1.3255332
c_1_47_1324,3.8894694,-1.7709844
c_1_47_1325,6.269316,-0.6218051
c_1_47_1326,11.539961,4.631791
c_1_47_1327,4.3163652,-1.7938948
c_1_47_1328,4.195933,-1.8070356
c_1_47_1329,10.08325,2.1623516
c_1_47_1330,4.7404275,-1.5408614
c_1_47_1331,5.1340475,-1.930845
c_1_47_1332,5.3256345,-1.5910113
c_1_47_1333,3.9659898,-1.2868142
c_1_47_1334,6.5842814,-0.40343693
c_1_47_1335,9.581263,4.0608516
c_1_47_1336,13.797523,-0.93485135
c_1_47_1337,4.761547,-2.5824034
c_1_47_1338,3.5953755,-1.740855
c_1_47_1339,6.9275146,1.76718
c_1_47_1340,3.866673,-2.00914
c_1_47_1341,4.544077,-1.7345191
c_1_47_1342,4.0778003,-1.7160305
c_1_47_1343,6.624988,-0.4784689
c_1_47_1344,4.482832,-2.3438463
c_1_47_1345,4.993556,-1.7633991
c_1_47_1346,5.182158,-1.6962658
c_1_47_1347,5.5923557,-1.0038004
c_1_47_1348,4.364985,-1.1109936
c_1_47_1349,4.6347294,-1.0751916
c_1_47_1350,8.0797205,2.0334482
c_1_47_1351,4.2581306,-1.9756685
c_1_47_1352,6.931001,-0.51373464
c_1_47_1353,5.4361606,-1.3093088
c_1_47_1354,4.7031155,-1.7339126
c_1_47_1355,8.109877,0.5939875
c_1_47_1356,3.44073,-1.6189479
c_1_47_1357,6.4468613,-0.9009629
c_1_47_1358,5.5944557,-1.5483018
c_1_47_1359,14.406244,-1.980284
c_1_47_1360,8.298199,2.1504729
c_1_47_1361,14.708073,-1.3900883
c_1_47_1362,5.0554166,-0.72688466
c_1_47_1363,4.2134027,-1.3584505
c_1_47_1364,4.2843432,-1.7614489
c_1_47_1365,6.192194,-0.28669935
c_1_47_1366,13.473384,0.014390445
c_1_47_1367,4.514984,-0.85366696
c_1_47_1368,7.312124,-0.11181329
c_1_47_1369,8.590048,2.1471963
c_1_47_1370,6.206399,-1.6925125
c_1_47_1371,3.1688933,-0.77766806
c_1_47_1372,8.067358,1.2666953
c_1_47_1373,4.3065877,-1.1340103
c_1_47_1374,5.406838,-0.91354465
c_1_47_1375,7.619927,1.5336984
c_1_47_1376,6.151887,-0.16490437
c_1_47_1377,4.5437894,-1.6902205
c_1_47_1378,4.728255,-1.5422916
c_1_47_1379,9.693869,1.8076026
c_1_47_1380,6.400092,-1.5973961
c_1_47_1381,9.541861,4.0806894
c_1_47_1382,5.9631248,2.7353432
c_1_47_1383,5.7659926,-1.4733716
c_1_47_1384,6.7488112,0.47286093
c_1_47_1385,7.282405,2.450899
c_1_47_1386,5.614919,-1.1075034
c_1_47_1387,5.0785213,-1.8273413
c_1_47_1388,4.5769124,-1.4167447
c_1_47_1389,7.6013055,0.48827755
c_1_47_1390,14.2241535,-2.224696
c_1_47_1391,5.5386114,-1.9978838
c_1_47_1392,5.1450644,-1.215035
c_1_47_1393,10.472354,2.362024
c_1_47_1394,5.510861,-2.018815
c_1_47_1395,3.5836701,-0.8993529
c_1_47_1396,7.45901,2.9863763
c_1_47_1397,5.709252,-0.918536
c_1_47_1398,13.526493,3.16101
c_1_47_1399,5.8064466,0.11373113
c_1_47_1400,6.288012,-0.62351114
c_1_47_1401,10.690299,3.6233835
c_1_47_1402,6.258035,-0.4896602
c_1_47_1403,7.055342,3.4013677
c_1_47_1404,14.00068,-1.7643054
c_1_47_1405,7.115545,1.9673647
c_1_47_1406,6.607817,0.018265733
c_1_47_1407,7.662527,2.5450368
c_1_47_1408,5.0940638,-1.6241655
c_1_47_1409,6.0627193,-1.1511748
c_1_47_1410,3.7019818,-1.0960573
c_1_47_1411,3.303452,-1.2588818
c_1_47_1412,5.370661,-1.6311506
c_1_47_1413,13.215595,0.67332745
c_1_47_1414,4.0100636,-1.4859521
c_1_47_1415,4.501983,-1.6131053
c_1_47_1416,5.2385373,-1.0239263
c_1_47_1417,5.313695,-1.2549268
c_1_47_1418,4.459119,-1.3687453
c_1_47_1419,4.405081,-0.7320752
c_1_47_1420,9.328428,2.0053966
c_1_47_1421,5.884643,-1.6599921
c_1_47_1422,4.030916,-1.46658
c_1_47_1423,10.023449,-1.0589061
c_1_47_1424,5.7723536,-1.8453178
c_1_47_1425,9.068266,-0.22934772
c_1_47_1426,6.1952744,-0.42531157
c_1_47_1427,5.766865,-0.16537218
c_1_47_1428,5.6477194,-1.8211261
c_1_47_1429,3.4848678,-1.09371
c_1_47_1430,5.771778,-0.9848236
c_1_47_1431,7.952164,0.8411775
c_1_47_1432,5.4581656,-1.0353769
c_1_47_1433,4.6600294,-2.5733342
c_1_47_1434,12.234294,0.48455808
c_1_47_1435,5.8134966,-0.40833706
c_1_47_1436,6.222827,-0.93861604
c_1_47_1437,12.887953,0.326142
c_1_47_1438,8.469668,1.1984365
c_1_47_1439,7.504468,2.2084107
c_1_47_1440,7.954039,1.6020228
c_1_47_1441,5.973887,-0.79620856
c_1_47_1442,5.0569253,-1.8474733
c_1_47_1443,3.2996097,-0.74235785
c_1_47_1444,5.830645,-0.21583684
c_1_47_1445,5.032576,-1.0753531
c_1_47_1446,4.7924356,-1.9498293
c_1_47_1447,5.622102,-0.5428582
c_1_47_1448,9.9856,2.9682534
c_1_47_1449,7.988357,1.886415
c_1_47_1450,10.600156,0.954339
c_1_47_1451,14.903169,3.2386968
c_1_47_1452,3.7399685,-1.3609079
c_1_47_1453,13.347709,0.95060325
c_1_47_1454,5.431421,-0.82820344
c_1_47_1455,5.951396,2.9652815
c_1_47_1456,5.5095706,-0.7311626
c_1_47_1457,5.029492,-0.7650925
c_1_47_1458,8.368819,1.570947
c_1_47_1459,6.230263,0.07228894
c_1_47_1460,5.81756,-0.9342436
c_1_47_1461,7.171415,2.1428065
c_1_47_1462,7.148396,1.0994307
c_1_47_1463,8.555383,1.8920803
c_1_47_1464,5.550183,-1.3091372
c_1_47_1465,7.96395,2.0381477
c_1_47_1466,7.466235,2.3033283
c_1_47_1467,8.599337,2.5389247
c_1_47_1468,13.3308935,0.0038961158
c_1_47_1469,5.0889325,-1.6817517
c_1_47_1470,4.504866,-1.1521418
c_1_47_1471,5.5122046,-0.6743433
c_1_47_1472,9.470332,2.9380965
c_1_47_1473,7.1481795,2.2781715
c_1_47_1474,5.5828753,-1.0174513
c_1_47_1475,12.74772,0.5333678
c_1_47_1476,6.807247,-0.5133945
c_1_47_1477,9.981704,1.5117108
c_1_47_1478,5.864319,-0.78323436
c_1_47_1479,14.408086,-0.426398
c_1_47_1480,7.667417,2.562635
c_1_47_1481,13.922658,-1.7575203
c_1_47_1482,7.1531286,1.3530363
c_1_47_1483,8.019249,1.2292349
c_1_47_1484,14.022142,-1.9058917
c_1_47_1485,7.0601077,3.0649254
c_1_47_1486,13.87307,2.2790692
c_1_47_1487,4.014893,-1.042894
c_1_47_1488,11.196717,0.99727505
c_1_47_1489,9.919951,1.034521
c_1_47_1490,13.653815,-1.8404827
c_1_47_1491,5.381924,-0.95439124
c_1_47_1492,7.7242928,2.2818472
c_1_47_1493,8.732538,2.8028405
c_1_47_1494,14.61873,-0.27090752
c_1_47_1495,3.0736837,-0.74333084
c_1_47_1496,14.107192,-0.6254972
c_1_47_1497,13.300682,1.2305261
c_1_47_1498,7.813079,2.1841
c_1_47_1499,14.24384,-2.060575
c_1_47_1500,10.510007,1.3206531
c_1_47_1501,7.3675427,1.7842618
c_1_47_1502,5.5333767,-1.5703542
c_1_47_1503,6.3121686,-0.58209884
c_1_47_1504,14.69207,-1.651265
c_1_47_1505,11.024691,2.4320157
c_1_47_1506,5.7747755,-0.83072984
c_1_47_1507,13.416955,-1.4423476
c_1_47_1508,10.829248,2.800436
c_1_47_1509,10.8021755,0.08067398
c_1_47_1510,14.304727,-2.1259038
c_1_47_1511,7.364307,2.9916716
c_1_47_1512,15.250725,0.9545166
c_1_47_1513,12.222308,-1.018194
c_1_47_1514,5.5341477,-1.1083571
c_1_47_1515,6.4643345,-0.4089175
c_1_47_1516,7.5610914,2.3252528
c_1_47_1517,7.806687,1.8266339
c_1_47_1518,14.396234,1.2528917
c_1_47_1519,11.9714155,1.8165818
c_1_47_1520,7.792472,2.4165137
c_1_47_1521,13.06254,-0.7863726
c_1_47_1522,14.710364,-2.5384634
c_1_47_1523,7.307745,2.1465402
c_1_47_1524,13.891743,-1.2882869
c_1_47_1525,4.77768,-1.6204435
c_1_47_1526,13.971637,-1.7339635
c_1_47_1527,15.078132,2.4485903
c_1_47_1528,6.051962,-1.1963849
c_1_47_1529,13.863079,-1.5037311
c_1_47_1530,5.665681,-0.78801167
c_1_47_1531,9.968597,0.39992633
c_1_47_1532,14.621874,0.108715355
c_1_47_1533,13.869461,-1.8229965
c_1_47_1534,13.080153,-0.23448306
c_1_47_1535,9.292208,1.302905
c_1_47_1536,13.961854,-2.4892893
c_1_47_1537,13.183899,-0.6177425
c_1_47_1538,14.295101,-2.4423404
c_1_47_1539,14.398303,-2.2454228
c_1_47_1540,9.32941,0.40437153
c_1_47_1541,14.872851,-1.9049596
c_1_47_1543,12.381213,2.3502462
c_1_47_1544,10.285205,1.4797957
c_1_47_1545,11.546598,3.9216957
c_1_47_1547,11.715741,2.037073
c_1_47_1548,7.8850193,1.1693177
c_1_47_1549,13.412907,3.1897821
c_1_47_1550,11.966717,1.3815334
c_1_47_1551,8.044137,0.8411544
c_1_47_1552,10.715466,0.06787533
c_1_47_1554,10.728012,-0.25549257
c_1_47_1555,10.954136,-1.316291
c_1_47_1557,9.963802,1.9724861
c_1_47_1558,11.083152,-0.36726695
c_1_47_1559,11.607319,-0.4855672
c_1_47_1561,11.804414,-3.3088436
c_1_47_1562,10.789514,1.2763643
c_1_47_1563,10.940364,-0.67859435
c_1_47_1564,11.210012,-0.6093756
c_1_47_1565,10.76209,-1.1174909
c_1_47_1566,10.353824,-1.1774399
c_1_47_1569,12.681952,1.6324176
c_1_47_1570,7.5766535,1.801276
c_1_47_1571,11.192864,-2.0552142
c_1_47_1572,11.274906,4.6098213
c_1_47_1573,8.364287,2.5577955
c_1_47_1574,10.330062,0.6272889
c_1_47_1575,11.763244,-2.275787
c_1_47_1576,10.966334,-0.80030525
c_1_47_1577,8.31205,0.14620316
c_1_47_1578,10.567613,3.1452594
c_1_47_1579,11.524064,-2.1366718
c_1_47_1580,11.481403,-1.0897559
c_1_47_1581,11.481677,-0.8745825
c_1_47_1582,6.084873,-0.117239036
c_1_47_1583,8.4997635,-0.2368334
c_1_47_1584,11.234111,-0.59712034
c_1_47_1585,10.607274,-0.2930579
c_1_47_1586,10.303847,2.5726502
c_1_47_1587,9.619427,-0.6005654
c_1_47_1588,11.8027115,-3.060161
c_1_47_1589,11.7562895,-1.2904248
c_1_47_1590,14.078943,4.1425247
c_1_47_1591,11.099531,-0.13243191
c_1_47_1592,11.099547,-0.7909091
c_1_47_1593,11.887052,-0.3071744
c_1_47_1594,9.866535,-0.42544004
c_1_47_1595,10.941818,0.091266625
c_1_47_1596,12.279991,3.9791274
c_1_47_1597,11.603481,-2.5037942
c_1_47_1598,11.883033,-3.2434416
c_1_47_1599,8.618513,3.2191598
c_1_47_1600,12.2961445,-1.07286
c_1_47_1601,11.3415785,-2.447208
c_1_47_1602,10.269639,-1.2752666
c_1_47_1603,10.950294,-1.2774392
c_1_47_1604,10.674369,-0.3953887
c_1_47_1605,11.255182,-2.8022974
c_1_47_1606,9.500038,-0.846474
c_1_47_1607,13.67109,4.9629216
c_1_47_1608,10.708003,4.3992558
c_1_47_1609,10.537306,2.4259164
c_1_47_1610,10.507074,0.38120833
c_1_47_1611,12.440189,6.4186034
c_1_47_1612,11.182111,0.5044165
c_1_47_1613,10.978366,0.7801807
c_1_47_1614,12.307671,2.3077304
c_1_47_1615,9.061118,1.4973919
c_1_47_1616,11.5713415,-2.5691648
c_1_47_1617,10.726328,2.6256044
c_1_47_1618,13.829332,2.971846
c_1_47_1619,11.522034,-2.024849
c_1_47_1620,11.56452,-3.3006291
c_1_47_1621,10.82054,1.541072
c_1_47_1622,11.432638,-1.8492206
c_1_47_1623,13.223461,5.0389347
c_1_47_1624,11.181103,-1.2306235
c_1_47_1625,11.899309,3.9303355
c_1_47_1626,10.88509,-0.9740087
c_1_47_1627,11.324421,-3.2453842
c_1_47_1628,11.153599,-1.5973862
c_1_47_1629,11.798617,3.1261053
c_1_47_1630,11.725386,0.4238892
c_1_47_1631,12.38746,4.661976
c_1_47_1632,9.583246,4.571012
c_1_47_1633,11.020337,-1.1472467
c_1_47_1634,11.060436,-2.3485532
c_1_47_1635,12.942585,2.222246
c_1_47_1636,12.400794,1.5618691
c_1_47_1637,9.563231,0.78229237
c_1_47_1638,11.585186,-0.41527104
c_1_47_1639,10.494722,-0.8345719
c_1_47_1640,10.935718,-0.31527597
c_1_47_1641,11.556168,-0.84982246
c_1_47_1642,11.5178585,0.9678564
c_1_47_1643,10.575516,0.61527914
c_1_47_1644,11.655512,-1.4359483
c_1_47_1645,10.262207,-1.693072
c_1_47_1646,11.672593,-1.0523586
c_1_47_1647,9.604794,0.002618307
c_1_47_1648,9.024364,3.0967655
c_1_47_1649,11.654086,-3.2928967
c_1_47_1650,11.575828,-0.98779374
c_1_47_1651,11.441387,-1.190654
c_1_47_1652,13.59272,3.258559
c_1_47_1653,11.715903,-2.5377905
c_1_47_1654,11.1189,-0.9412917
c_1_47_1655,8.090519,3.7324452
c_1_47_1656,11.5886545,-0.10103724
c_1_47_1657,11.792085,0.8783294
c_1_47_1658,10.717216,-1.7005361
c_1_47_1659,8.643086,2.3311503
c_1_47_1660,10.045193,-0.8864554
c_1_47_1661,9.829027,-0.054720107
c_1_47_1662,13.358539,4.6906695
c_1_47_1663,9.04365,2.0177653
c_1_47_1664,11.477166,3.8619738
c_1_47_1665,8.443145,0.5888624
c_1_47_1666,10.906778,-1.5657766
c_1_47_1667,13.183633,1.2391258
c_1_47_1668,10.995516,-1.48974
c_1_47_1669,10.932942,-1.6367407
c_1_47_1670,10.77577,-0.6445494
c_1_47_1671,12.497643,3.6080644
c_1_47_1672,11.247058,2.2368212
c_1_47_1673,10.149778,-0.23678538
c_1_47_1674,9.7297325,-1.7571151
c_1_47_1675,9.229728,1.1146979
c_1_47_1676,8.945177,-0.18249302
c_1_47_1677,9.883374,1.145319
c_1_47_1678,10.481448,-0.9891552
c_1_47_1679,10.643799,-0.48565677
c_1_47_1680,11.334043,-1.5512537
c_1_47_1681,12.345193,0.15446368
c_1_47_1682,11.430013,1.5497389
c_1_47_1683,12.4009905,-0.8598396
c_1_47_1684,12.071853,-0.006246206
c_1_47_1685,10.146279,-0.06386231
c_1_47_1686,11.847346,2.6119845
c_1_47_1687,9.818945,0.89828527
c_1_47_1688,9.97866,-1.1966748
c_1_47_1689,9.692272,2.7051878
c_1_47_1690,11.466631,-2.65103
c_1_47_1691,10.79492,-1.7531611
c_1_47_1692,11.199517,-1.4122988
c_1_47_1693,8.554108,4.312266
c_1_47_1694,13.293443,4.852319
c_1_47_1695,10.314514,0.37993228
c_1_47_1696,13.306405,0.8773145
c_1_47_1697,10.869086,-2.0539556
c_1_47_1698,11.9677925,1.207547
c_1_47_1699,11.342462,-1.4526514
c_1_47_1700,12.032634,-0.75950474
c_1_47_1701,10.067537,-0.5082815
c_1_47_1702,9.699095,-1.3161328
c_1_47_1703,9.624849,3.9601066
c_1_47_1704,10.587257,-0.7466427
c_1_47_1705,14.076177,2.5019927
c_1_47_1706,13.866823,1.5811447
c_1_47_1707,11.584596,2.0612912
c_1_47_1708,12.245479,-2.5978532
c_1_47_1709,13.612558,4.668427
c_1_47_1710,11.426257,-1.0676141
c_1_47_1711,11.995671,1.2893028
c_1_47_1712,11.59472,-3.7194912
c_1_47_1713,9.873965,0.026675696
c_1_47_1714,11.392911,-2.9968872
c_1_47_1715,10.931386,-1.6073433
c_1_47_1716,11.184794,-2.4378474
c_1_47_1717,10.502631,-0.9890881
c_1_47_1718,9.725302,-0.10764384
c_1_47_1719,10.647277,-3.070768
c_1_47_1720,10.594868,-0.3574606
c_1_47_1721,8.8533325,3.2151432
c_1_47_1722,11.3335905,3.9058046
c_1_47_1723,12.250335,2.7744157
c_1_47_1724,11.292358,-1.7551339
c_1_47_1725,11.924948,-3.1843507
c_1_47_1726,11.298629,-2.6604414
c_1_47_1727,10.864185,-2.448704
c_1_47_1728,7.3666196,2.9534447
c_1_47_1729,13.059059,1.4541734
c_1_47_1730,12.233647,3.914987
c_1_47_1731,13.178546,1.5538985
c_1_47_1732,11.096784,-2.0957782
c_1_47_1733,11.346602,-3.2168856
c_1_47_1734,11.707987,-2.8183353
c_1_47_1735,9.865453,0.8556882
c_1_47_1736,13.881521,1.18145
c_1_47_1737,11.404458,-2.9205978
c_1_47_1738,10.242265,3.6287165
c_1_47_1739,10.459943,-1.6025668
c_1_47_1740,11.925741,5.1131682
c_1_47_1741,12.78734,2.2787926
c_1_47_1742,10.066437,2.8645132
c_1_47_1743,12.569756,3.5638912
c_1_47_1744,11.322453,-2.041912
c_1_47_1745,10.822456,0.1440335
c_1_47_1746,10.1845665,-0.67978257
c_1_47_1747,14.08724,5.858876
c_1_47_1748,11.125555,-2.8681855
c_1_47_1749,11.702639,-3.1419384
c_1_47_1750,9.417851,-0.26336995
c_1_47_1751,11.832049,3.5435135
c_1_47_1752,11.437305,0.20616424
c_1_47_1753,10.761182,1.3650727
c_1_47_1754,10.6949625,1.1912415
c_1_47_1755,10.844217,-0.22278409
c_1_47_1756,8.577304,0.41244036
c_1_47_1757,13.806316,1.053833
c_1_47_1758,9.841971,1.4899542
c_1_47_1759,11.214537,-2.1103337
c_1_47_1760,11.1045265,-1.318707
c_1_47_1761,8.282986,0.099859275
c_1_47_1762,9.87935,2.5266469
c_1_47_1763,14.862767,4.019764
c_1_47_1764,11.427304,-3.125872
c_1_47_1765,13.111279,2.3584607
c_1_47_1766,11.660825,-1.8941697
c_1_47_1767,11.824184,-3.4832115
c_1_47_1769,13.412935,3.3255835
c_1_47_1770,11.334227,-2.621485
c_1_47_1771,10.807787,-2.7065656
c_1_47_1772,11.215531,-1.0557619
c_1_47_1773,9.5250225,-1.2396725
c_1_47_1774,12.866678,0.7144399
c_1_47_1775,8.8787985,2.8124802
c_1_47_1776,9.277896,0.76012975
c_1_47_1777,7.721527,1.7896802
c_1_47_1778,10.757548,1.4517272
c_1_47_1779,11.63356,5.1987576
c_1_47_1780,11.613316,-2.4710438
c_1_47_1781,8.245676,0.41043413
c_1_47_1782,11.031732,-2.8770638
c_1_47_1783,10.742689,-2.0816493
c_1_47_1784,13.5557995,5.4433274
c_1_47_1785,9.98751,0.86137843
c_1_47_1787,10.723871,3.1935484
c_1_47_1788,10.192837,0.112531975
c_1_47_1789,10.78905,-0.49351186
c_1_47_1790,8.513892,1.6310095
c_1_47_1791,11.081907,3.7177398
c_1_47_1792,11.1301565,1.986667
c_1_47_1793,11.910948,4.3296967
c_1_47_1794,11.382917,-1.3181825
c_1_47_1795,11.343215,-0.55526286
c_1_47_1796,11.85648,-3.674053
c_1_47_1797,11.906335,-3.791484
c_1_47_1798,10.454343,-2.7408187
c_1_47_1799,10.716875,2.8595243
c_1_47_1800,12.256186,1.7348117
c_1_47_1801,12.218564,4.413484
c_1_47_1802,11.797367,-1.235568
c_1_47_1803,11.280419,-1.8715667
c_1_47_1804,11.924884,-3.548675
c_1_47_1805,10.318226,4.958176
c_1_47_1806,10.851153,-1.6920375
c_1_47_1807,11.94076,-3.608452
c_1_47_1808,10.851031,-1.5616972
c_1_47_1809,10.521654,0.80227834
c_1_47_1810,11.092312,0.4340649
c_1_47_1811,10.837958,0.13242505
c_1_47_1812,11.876056,-3.6943836
c_1_47_1813,10.213017,-0.5616979
c_1_47_1814,11.185283,0.7119073
c_1_47_1815,5.5136104,-0.10511809
c_1_47_1816,11.9031725,-0.7857711
c_1_47_1817,11.893563,-1.2903895
c_1_47_1818,12.992175,0.5289105
c_1_47_1819,13.944955,3.9601393
c_1_47_1820,11.995714,0.35735008
c_1_47_1821,11.429733,-1.8759286
c_1_47_1822,11.713276,-3.0029395
c_1_47_1823,12.467089,4.017434
c_1_47_1824,10.78125,-1.3235074
c_1_47_1825,10.913073,-2.9443574
c_1_47_1826,10.263464,1.3544868
c_1_47_1827,12.106102,3.7521262
c_1_47_1828,11.16821,-0.03926469
c_1_47_1829,12.195461,0.81743884
c_1_47_1830,12.217416,2.7942197
c_1_47_1831,10.970519,-0.18504702
c_1_47_1832,11.429203,0.4312659
c_1_47_1833,7.057279,-0.045044698
c_1_47_1834,11.603275,-3.523055
c_1_47_1836,12.945198,4.6371036
c_1_47_1837,10.591553,1.1187482
c_1_47_1838,9.279049,2.0825446
c_1_47_1839,11.543399,-2.5102038
c_1_47_1840,11.129256,-0.5275746
c_1_47_1841,11.305106,-0.68967664
c_1_47_1842,11.103564,-1.2608324
c_1_47_1843,8.263203,3.7781403
c_1_47_1844,11.736762,0.14056459
c_1_47_1845,10.294892,-0.35028204
c_1_47_1846,10.793168,1.6952747
c_1_47_1847,13.656965,1.1715283
c_1_47_1848,10.130541,-2.1799698
c_1_47_1849,11.207847,-3.5200062
c_1_47_1850,9.73701,-2.07197
c_1_47_1851,11.069173,-2.7488003
c_1_47_1852,12.818472,4.0029902
c_1_47_1853,12.870401,-1.2512485
c_1_47_1854,11.239118,-1.6147527
c_1_47_1855,10.955701,0.095500976
c_1_47_1856,7.5020804,3.1598387
c_1_47_1857,10.497429,-1.510695
c_1_47_1858,10.405806,-1.1695797
c_1_47_1859,10.464582,0.9442561
c_1_47_1860,11.074944,-2.6924198
c_1_47_1861,11.164111,-2.156107
c_1_47_1862,10.068151,-1.7617974
c_1_47_1863,12.806067,3.3910918
c_1_47_1864,9.014955,2.7029624
c_1_47_1865,8.676892,3.694131
c_1_47_1866,11.53037,-1.1754298
c_1_47_1867,11.070298,-0.70007473
c_1_47_1868,11.666091,-3.8857367
c_1_47_1869,10.694452,-2.1011722
c_1_47_1870,10.036604,1.3257427
c_1_47_1871,10.336384,0.75753945
c_1_47_1872,11.160966,-0.44801524
c_1_47_1873,10.888391,-0.8673308
c_1_47_1874,11.234001,-1.37175
c_1_47_1875,8.618704,3.0448825
c_1_47_1876,10.281901,-2.4218948
c_1_47_1877,11.646186,-2.0013342
c_1_47_1878,11.0863495,-2.3748355
c_1_47_1879,12.068164,-0.9650565
c_1_47_1880,11.616699,1.0711104
c_1_47_1881,11.630924,-1.2695949
c_1_47_1882,11.016787,-1.2945808
c_1_47_1883,10.985475,1.7089902
c_1_47_1884,10.724937,-0.33900556
c_1_47_1885,12.762161,0.34141856
c_1_47_1886,10.934495,0.30779433
c_1_47_1887,10.645232,-0.7007116
c_1_47_1888,8.761949,-0.4339735
c_1_47_1889,14.473579,5.105487
c_1_47_1890,13.166592,4.6452003
c_1_47_1891,11.636158,0.7705972
c_1_47_1892,11.795749,-3.6883218
c_1_47_1893,11.555878,-2.1729355
c_1_47_1894,8.6607485,0.18330713
c_1_47_1895,10.820047,2.3839946
c_1_47_1896,9.822628,1.8391304
c_1_47_1897,8.080613,3.003297
c_1_47_1898,11.011078,-3.005319
c_1_47_1899,11.6504,3.021461
c_1_47_1900,10.840558,-0.43310505
c_1_47_1901,10.818126,-1.7072197
c_1_47_1902,11.368316,-2.6063519
c_1_47_1903,11.466398,-1.0372189
c_1_47_1904,11.395937,-3.1877065
c_1_47_1905,8.252568,1.8037391
c_1_47_1906,8.106345,1.3821757
c_1_47_1907,11.411629,-2.980962
c_1_47_1908,9.863338,-1.1395556
c_1_47_1909,9.431173,-0.006535974
c_1_47_1910,9.330879,1.9463319
c_1_47_1911,11.385376,-1.1583143
c_1_47_1912,10.548868,-1.8332306
c_1_47_1913,11.162445,0.34087282
c_1_47_1914,9.422333,2.8212926
c_1_47_1915,8.87338,2.3665917
c_1_47_1916,11.212289,-0.8162295
c_1_47_1917,11.278046,-3.028657
c_1_47_1918,11.691586,0.14131275
c_1_47_1919,11.653708,-1.9160275
c_1_47_1920,9.424013,-0.8505526
c_1_47_1921,13.623075,3.4787579
c_1_47_1922,14.6556835,4.304191
c_1_47_1923,12.390507,-0.7717326
c_1_47_1924,11.306319,-1.6816105
c_1_47_1925,7.1815186,2.8758976
c_1_47_1926,10.913257,0.79959124
c_1_47_1927,11.106949,-2.9759717
c_1_47_1928,11.245688,-1.0338614
c_1_47_1929,10.274762,-0.71912426
c_1_47_1930,14.43415,1.4291632
c_1_47_1931,13.333627,1.1139824
c_1_47_1932,10.246638,1.2140529
c_1_47_1933,10.0464735,-0.001276838
c_1_47_1934,11.195625,0.022558983
c_1_47_1935,10.991303,-0.59322935
c_1_47_1936,11.615772,-3.1604326
c_1_47_1937,11.780163,2.7963998
c_1_47_1938,11.606649,-3.350628
c_1_47_1939,9.306251,1.3040171
c_1_47_1940,10.7122,-0.84903234
c_1_47_1941,9.165711,-0.44273546
c_1_47_1942,10.759539,-2.3120446
c_1_47_1943,9.093411,3.5750878
c_1_47_1944,9.898936,-1.4870576
c_1_47_1945,10.933608,-1.6266935
c_1_47_1946,8.350614,2.0278957
c_1_47_1947,8.871109,2.5252836
c_1_47_1948,13.168211,4.839628
c_1_47_1949,10.478768,-0.9798759
c_1_47_1950,9.632851,-0.14963831
c_1_47_1951,13.787215,1.2769973
c_1_47_1952,9.649761,3.7711809
c_1_47_1953,8.975774,-0.9368475
c_1_47_1954,13.541272,1.8187442
c_1_47_1955,11.017395,-1.5351503
c_1_47_1956,12.861144,1.7823285
c_1_47_1957,10.415345,-1.6859052
c_1_47_1958,7.935977,3.779116
c_1_47_1959,12.528361,4.2992673
c_1_47_1960,10.604583,-1.8184931
c_1_47_1961,11.497418,-0.29697734
c_1_47_1962,11.537656,1.340621
c_1_47_1963,11.891782,3.3412209
c_1_47_1964,10.442371,0.18995658
c_1_47_1965,10.122592,-0.6419158
c_1_47_1966,10.533602,-0.12784757
c_1_47_1967,10.165949,1.5629233
c_1_47_1968,11.184095,-1.5613354
c_1_47_1969,12.989846,3.418702
c_1_47_1970,10.0533695,0.25421065
c_1_47_1971,10.057507,-1.4927255
c_1_47_1973,8.858722,2.207205
c_1_47_1974,11.559479,-1.6106632
c_1_47_1975,11.766318,2.571938
c_1_47_1976,10.8329935,-1.1948118
c_1_47_1977,9.840737,2.7617643
c_1_47_1978,12.249715,5.20363
c_1_47_1979,10.456465,-0.6556854
c_1_47_1980,13.477014,1.3436443
c_1_47_1981,10.068304,0.846763
c_1_47_1982,13.458747,0.27160922
c_1_47_1983,11.85766,-3.877996
c_1_47_1984,11.720323,-0.66567725
c_1_47_1985,10.400577,-1.0149323
c_1_47_1986,10.875909,0.13062865
c_1_47_1987,14.257354,1.4779725
c_1_47_1988,8.005463,4.4587836
c_1_47_1989,11.548212,-0.9282736
c_1_47_1990,6.569355,-0.73218644
c_1_47_1991,6.657425,-1.1189736
c_1_47_1992,11.435758,2.381353
c_1_47_1993,10.490478,1.8565493
c_1_47_1994,12.49775,-0.23205315
c_1_47_1995,10.941964,0.015440838
c_1_47_1996,9.718776,-0.47478414
c_1_47_1997,11.197917,-1.064146
c_1_47_1998,8.653382,-0.6076918
c_1_47_1999,13.858855,1.0521585
c_1_47_2000,11.301498,-1.4100597
c_1_47_2001,12.913323,0.8133123
c_1_47_2002,11.757385,-1.3074726
c_1_47_2003,11.522086,-1.2832092
c_1_47_2004,12.273601,-1.4622827
c_1_47_2005,11.121677,-1.2287245
c_1_47_2006,10.796515,-1.3813307
c_1_47_2007,11.18904,-0.6121454
c_1_47_2008,8.673266,1.0139999
c_1_47_2009,8.7959175,-0.12799348
c_1_47_2010,11.483376,-0.28263018
c_1_47_2011,9.638969,-0.21728818
c_1_47_2012,9.563925,1.1812656
c_1_47_2013,14.012547,4.4223075
c_1_47_2014,10.900143,-0.80862236
c_1_47_2015,9.886331,0.97644454
c_1_47_2016,11.395497,0.33048394
c_1_47_2017,10.802506,-0.16930245
c_1_47_2018,10.475364,1.1419687
c_1_47_2019,9.148829,4.0721908
c_1_47_2020,11.60078,-3.711095
c_1_47_2021,11.644515,1.0899906
c_1_47_2022,11.076696,-0.6146923
c_1_47_2023,11.145416,-1.7232466
c_1_47_2025,11.841578,-3.1972055
c_1_47_2026,12.688076,2.1395342
c_1_47_2027,10.577383,-0.4001152
c_1_47_2028,13.750792,5.099738
c_1_47_2029,13.353656,1.0273598
c_1_47_2030,11.427846,-1.7210555
c_1_47_2031,11.363508,-1.8567605
c_1_47_2032,11.402861,-2.5569377
c_1_47_2033,7.598446,4.048915
c_1_47_2034,11.70383,3.406668
c_1_47_2035,10.708665,-1.971147
c_1_47_2036,11.702848,-3.8839986
c_1_47_2037,10.844272,-1.4162258
c_1_47_2038,10.7117605,1.2232928
c_1_47_2039,9.913798,-0.9089734
c_1_47_2040,8.361602,0.1501414
c_1_47_2041,7.372999,2.272489
c_1_47_2042,8.329835,0.28280956
c_1_47_2043,10.59945,-1.5277871
c_1_47_2044,10.995975,-2.8764412
c_1_47_2045,11.32427,-2.0712776
c_1_47_2046,11.560938,-1.9451653
c_1_47_2047,9.237573,-1.0232787
c_1_47_2048,11.699905,-2.302276
c_1_47_2049,10.345611,0.23786402
c_1_47_2050,6.9320846,0.83958334
c_1_47_2051,9.038855,0.8461404
c_1_47_2052,11.307309,-0.89757824
c_1_47_2053,10.760486,-1.8140982
c_1_47_2054,10.901321,-2.4127195
c_1_47_2055,5.0819216,1.036329
c_1_47_2056,10.928051,-1.8328445
c_1_47_2057,11.638936,-3.2526
c_1_47_2058,11.303752,-1.6745481
c_1_47_2059,11.103474,-0.756013
c_1_47_2060,12.943264,2.1795955
c_1_47_2061,10.486669,-0.58452165
c_1_47_2062,11.162454,-0.046462763
c_1_47_2063,12.21864,2.3313136
c_1_47_2064,10.698597,-1.0103922
c_1_47_2065,10.116929,-1.3143356
c_1_47_2066,11.846872,-3.9281023
c_1_47_2067,8.753762,0.35783556
c_1_47_2068,10.096115,1.047736
c_1_47_2069,9.579742,2.678199
c_1_47_2070,11.442534,-0.161107
c_1_47_2071,7.263079,1.7698224
c_1_47_2072,11.197414,-3.0157754
c_1_47_2074,11.35925,2.0613823
c_1_47_2075,11.561037,-1.7739949
c_1_47_2076,10.646757,-2.9820209
c_1_47_2077,10.930836,-0.9140553
c_1_47_2078,12.082715,-1.1170869
c_1_47_2079,10.419127,2.1908174
c_1_47_2080,12.008624,3.1778588
c_1_47_2081,11.583901,-3.19791
c_1_47_2082,10.9834385,-0.5590859
c_1_47_2083,11.659845,-3.101107
c_1_47_2084,11.270363,0.8972823
c_1_47_2085,9.19908,4.848806
c_1_47_2086,11.2649765,-1.1170951
c_1_47_2087,7.627734,-0.184576
c_1_47_2088,9.196676,0.43436787
c_1_47_2089,10.763648,-1.8139024
c_1_47_2090,13.726834,1.2271184
c_1_47_2091,8.701962,0.2926522
c_1_47_2092,11.081801,-0.38982037
c_1_47_2094,11.61803,-0.14026107
c_1_47_2095,11.082139,0.2227002
c_1_47_2096,11.710318,-0.08230784
c_1_47_2097,9.2842455,0.29175273
c_1_47_2098,11.584298,-3.007119
c_1_47_2099,11.097177,-3.3276503
c_1_47_2100,10.0818405,3.2706766
c_1_47_2101,10.520492,-1.3259326
c_1_47_2102,9.661726,0.33828792
c_1_47_2103,11.46897,-3.0702925
c_1_47_2104,9.197211,1.9968557
c_1_47_2105,9.036784,2.4402869
c_1_47_2106,11.54733,-3.8437893
c_1_47_2107,9.243267,-1.0063848
c_1_47_2108,12.776368,3.8671427
c_1_47_2109,10.600814,-1.9077582
c_1_47_2110,12.67408,0.21522364
c_1_47_2111,9.477703,0.47487548
c_1_47_2112,12.157938,-2.7907898
c_1_47_2114,11.200337,-2.3205485
c_1_47_2115,10.513453,-0.05552174
c_1_47_2116,11.198505,-2.8719032
c_1_47_2117,10.990563,0.4859066
c_1_47_2118,10.833325,0.65941983
c_1_47_2119,11.768694,0.26122883
c_1_47_2120,10.37651,-0.4751172
c_1_47_2121,8.026391,1.6900083
c_1_47_2122,11.205993,-1.5288569
c_1_47_2123,12.269068,-2.3692687
c_1_47_2124,11.890341,3.1865573
c_1_47_2125,11.997702,4.6488566
c_1_47_2126,11.905612,-2.612652
c_1_47_2127,11.69428,-3.482959
c_1_47_2128,9.509707,3.189105
c_1_47_2129,11.631513,-2.9520395
c_1_47_2130,11.064703,-1.7531443
c_1_47_2132,11.129833,-0.72255963
c_1_47_2133,9.459096,2.3859632
c_1_47_2134,11.78661,-2.1150336
c_1_47_2135,11.024895,-0.012363675
c_1_47_2136,11.427729,-1.5441115
c_1_47_2137,9.467848,-1.0875354
c_1_47_2138,12.374106,3.5528755
c_1_47_2139,8.586927,1.7190144
c_1_47_2140,11.351958,-3.1340425
c_1_47_2141,7.464714,-0.1104024
c_1_47_2142,10.54745,-2.6505394
c_1_47_2143,11.381026,-1.4573201
c_1_47_2144,10.368294,0.30128324
c_1_47_2145,11.69814,-3.077959
c_1_47_2146,11.863567,-1.62381
c_1_47_2147,12.583653,-0.89359355
c_1_47_2148,11.500266,-2.526629
c_1_47_2149,11.515204,-2.9720604
c_1_47_2150,9.767438,2.8922377
c_1_47_2151,10.878737,1.8169385
c_1_47_2152,10.339332,4.668105
c_1_47_2153,11.486881,-3.5052278
c_1_47_2154,12.424688,3.2867358
c_1_47_2155,8.348301,1.7979693
c_1_47_2156,10.807459,3.2092235
c_1_47_2157,9.524062,0.5117542
c_1_47_2158,11.31619,-2.8578131
c_1_47_2159,11.375716,3.3137565
c_1_47_2160,11.398372,-0.7848275
c_1_47_2161,10.164123,0.9602955
c_1_47_2162,9.424233,5.548864
c_1_47_2163,11.503234,-0.6698342
c_1_47_2164,8.4575815,2.9210923
c_1_47_2165,9.590727,2.0466402
c_1_47_2166,14.986574,5.040424
c_1_47_2167,9.566335,1.830136
c_1_47_2168,9.257663,3.600866
c_1_47_2169,10.891208,-0.92634535
c_1_47_2170,10.019517,2.5616097
c_1_47_2171,10.6319895,-0.84665525
c_1_47_2172,12.452813,-0.71066636
c_1_47_2173,11.14547,-2.3123093
c_1_47_2174,10.201947,-2.0559888
c_1_47_2175,10.000914,2.0724602
c_1_47_2176,9.888931,4.274413
c_1_47_2177,11.840588,0.15593179
c_1_47_2178,10.186987,-1.6162366
c_1_47_2179,10.745796,0.023724394
c_1_47_2180,10.168681,-0.77727604
c_1_47_2181,10.510538,0.598272
c_1_47_2182,8.744513,0.47767532
c_1_47_2183,11.302826,-3.096731
c_1_47_2184,9.623689,-0.18285657
c_1_47_2185,8.478978,0.33526742
c_1_47_2186,10.194428,1.5389276
c_1_47_2187,10.645164,-1.032585
c_1_47_2188,9.061756,-1.4588104
c_1_47_2189,11.139748,-0.7449567
c_1_47_2190,13.70986,4.3391643
c_1_47_2191,11.432485,-1.4383409
c_1_47_2192,9.275537,2.5853705
c_1_47_2193,10.1019945,-2.3951983
c_1_47_2194,10.7084465,-0.94334733
c_1_47_2195,10.543908,0.03821328
c_1_47_2196,11.870602,-1.005129
c_1_47_2197,9.95826,0.09623155
c_1_47_2198,10.027779,1.8218514
c_1_47_2199,13.444379,4.9032645
c_1_47_2200,11.016253,-2.3951423
c_1_47_2201,9.614388,-0.31798354
c_1_47_2202,9.490856,0.9859194
c_1_47_2203,11.145104,-3.1579416
c_1_47_2204,10.183792,-1.6208763
c_1_47_2205,10.917606,0.41924882
c_1_47_2206,11.119008,-2.0813375
c_1_47_2207,10.318581,-1.4818769
c_1_47_2208,10.077569,-0.1780278
c_1_47_2209,13.858899,1.5920448
c_1_47_2210,8.581496,1.6849283
c_1_47_2211,10.70621,-1.6997547
c_1_47_2212,10.436357,-0.5360544
c_1_47_2213,11.232828,-2.0439546
c_1_47_2214,11.708811,-3.8194687
c_1_47_2215,7.3526254,1.3318663
c_1_47_2216,14.515508,4.594072
c_1_47_2217,10.772336,-2.7705991
c_1_47_2218,10.669086,-1.2635523
c_1_47_2219,10.322143,-1.2597953
c_1_47_2220,9.954375,-1.235752
c_1_47_2221,8.806863,2.1271229
c_1_47_2222,9.183045,-0.99259216
c_1_47_2223,11.695422,-0.55405474
c_1_47_2224,9.965536,1.5951796
c_1_47_2225,9.584928,1.2328877
c_1_47_2226,10.520129,-0.77473897
c_1_47_2227,11.297754,-1.0907362
c_1_47_2228,14.4608755,1.711353
c_1_47_2229,7.663228,2.9010828
c_1_47_2230,8.472694,-0.2794447
c_1_47_2231,8.579592,1.8219957
c_1_47_2232,10.315168,-0.14605218
c_1_47_2233,8.1325,1.3244306
c_1_47_2234,11.832286,-3.777102
c_1_47_2235,9.517033,-1.4251198
c_1_47_2236,13.015921,2.832327
c_1_47_2237,8.537044,0.7111924
c_1_47_2238,9.131746,-0.55756164
c_1_47_2239,10.835407,-2.1781979
c_1_47_2240,11.801698,-3.207857
c_1_47_2241,9.891781,0.7388315
c_1_47_2242,9.560557,-1.2739991
c_1_47_2243,12.314744,2.971409
c_1_47_2244,11.988972,-3.2439537
c_1_47_2245,10.9086485,-0.4657464
c_1_47_2247,8.741981,0.54268605
c_1_47_2248,9.90329,0.65031344
c_1_47_2249,9.386313,1.8721787
c_1_47_2250,11.100564,-2.4706616
c_1_47_2251,9.716433,0.8805999
c_1_47_2252,8.196017,1.6913258
c_1_47_2253,12.686835,1.7706449
c_1_47_2254,8.280773,0.92261934
c_1_47_2255,11.781924,-1.0022218
c_1_47_2256,12.997732,4.432792
c_1_47_2257,8.827215,1.4069635
c_1_47_2258,8.507331,0.25516328
c_1_47_2259,7.0646257,2.1632624
c_1_47_2260,12.431977,1.8178712
c_1_47_2261,9.831084,-1.322584
c_1_47_2262,10.410498,-1.4038205
c_1_47_2263,9.472841,-2.4277418
c_1_47_2264,6.4507155,-0.25884062
c_1_47_2265,12.68557,-0.18251067
c_1_47_2266,11.169587,-0.15140337
c_1_47_2267,9.816503,-2.0351324
c_1_47_2268,8.506131,3.8509595
c_1_47_2269,10.099423,-0.47543776
c_1_47_2270,9.737409,-1.7426782
c_1_47_2271,12.113764,-0.69998956
c_1_47_2272,10.931708,1.1395141
c_1_47_2273,13.656191,0.74732846
c_1_47_2274,10.708202,-0.3419903
c_1_47_2275,10.705927,3.9486823
c_1_47_2276,10.302274,-1.3607444
c_1_47_2277,11.778918,-1.807582
c_1_47_2278,13.45545,3.4874022
c_1_47_2279,10.831089,0.21904314
c_1_47_2280,11.283067,-1.2304018
c_1_47_2281,12.669879,0.4351196
c_1_47_2282,11.585366,0.39231512
c_1_47_2283,9.775783,-1.5790082
c_1_47_2284,10.799781,2.016975
c_1_47_2285,11.316364,-2.5038202
c_1_47_2286,9.924607,2.4571042
c_1_47_2287,10.651531,-0.037221935
c_1_47_2288,10.173908,-1.7367337
c_1_47_2289,8.4535,1.4845252
c_1_47_2290,11.499032,1.8573606
c_1_47_2291,11.912414,-2.0411491
c_1_47_2292,10.768285,-2.0028493
c_1_47_2293,9.457876,2.787643
c_1_47_2294,10.588683,-1.2301611
c_1_47_2295,11.171908,-1.5618024
c_1_47_2296,10.884126,-2.1397328
c_1_47_2297,9.543711,-1.816612
c_1_47_2298,12.040946,4.2814846
c_1_47_2299,9.449543,2.0717075
c_1_47_2300,12.2279,0.349005
c_1_47_2301,10.972382,-1.3829783
c_1_47_2302,9.284035,0.46055487
c_1_47_2303,11.30336,-0.8660913
c_1_47_2304,10.833096,-2.7557335
c_1_47_2305,11.773228,-0.23628466
c_1_47_2306,11.319501,-2.927629
c_1_47_2307,9.988416,0.3827018
c_1_47_2308,11.042219,0.17944656
c_1_47_2309,10.94892,-0.09965487
c_1_47_2310,9.020279,1.8715972
c_1_47_2311,10.316231,0.7677872
c_1_47_2312,9.893383,-0.6198004
c_1_47_2313,13.330182,0.97761524
c_1_47_2314,14.246827,4.423598
c_1_47_2315,11.138951,-0.073144145
c_1_47_2316,9.532709,-1.1969043
c_1_47_2317,10.588206,-0.70878893
c_1_47_2318,12.556535,1.8242391
c_1_47_2319,9.114789,1.752972
c_1_47_2320,11.686113,4.134405
c_1_47_2321,8.91435,2.0279346
c_1_47_2322,11.818376,-2.0335064
c_1_47_2323,9.96365,-1.5440953
c_1_47_2325,9.073464,-0.17014816
c_1_47_2326,11.0457535,-0.91311884
c_1_47_2327,11.535607,-0.14365692
c_1_47_2328,11.158274,-2.2668924
c_1_47_2329,11.225548,-1.9986124
c_1_47_2330,11.409244,1.8088853
c_1_47_2331,14.211247,4.7855926
c_1_47_2332,10.177986,-1.1323227
c_1_47_2333,14.036602,4.50101
c_1_47_2334,9.999155,-1.4506011
c_1_47_2335,9.092918,-1.1041307
c_1_47_2336,9.485845,-2.1688297
c_1_47_2337,9.338845,0.47951597
c_1_47_2338,9.103574,0.9211229
c_1_47_2339,9.930701,-1.1237594
c_1_47_2340,11.139119,-0.29957193
c_1_47_2341,10.697407,1.6143692
c_1_47_2342,11.007869,-1.1496468
c_1_47_2343,11.111605,2.398293
c_1_47_2344,10.531007,-2.7885137
c_1_47_2345,9.315722,2.044643
c_1_47_2346,11.115644,1.2863313
c_1_47_2347,12.102445,0.10267164
c_1_47_2348,10.625367,0.120368734
c_1_47_2349,9.808865,0.6671652
c_1_47_2350,10.483945,-0.05450386
c_1_47_2351,8.5189,3.9519134
c_1_47_2352,12.011701,0.07238316
c_1_47_2353,8.110454,3.6211905
c_1_47_2354,12.801478,2.3638873
c_1_47_2355,9.45743,1.0518564
c_1_47_2356,10.124232,0.18726088
c_1_47_2357,11.114359,-1.2690946
c_1_47_2358,9.860832,1.2601575
c_1_47_2359,11.05942,0.3757839
c_1_47_2360,10.220384,-1.9517778
c_1_47_2361,13.607988,4.6616864
c_1_47_2362,7.344643,0.88699687
c_1_47_2363,9.873775,-1.1249087
c_1_47_2364,10.580924,-1.6123844
c_1_47_2365,9.701681,-1.9588609
c_1_47_2366,10.25783,0.4951575
c_1_47_2367,11.18552,-3.5032852
c_1_47_2368,11.149885,-3.2542903
c_1_47_2369,13.870636,3.9627216
c_1_47_2370,9.569458,-1.6822976
c_1_47_2371,10.3161955,-1.8502933
c_1_47_2372,9.012542,1.592571
c_1_47_2373,10.908321,-2.1582425
c_1_47_2374,10.904596,-2.3762226
c_1_47_2375,10.408792,-2.39718
c_1_47_2376,9.66082,-2.3068104
c_1_47_2377,9.074294,-1.4700215
c_1_47_2378,7.4544716,1.7311877
c_1_47_2379,11.092839,-2.5391104
c_1_47_2380,8.6200905,0.6524165
c_1_47_2381,11.319487,-3.1554835
c_1_47_2382,11.426558,-1.2599449
c_1_47_2383,11.371363,2.7095416
c_1_47_2384,9.696625,-1.436593
c_1_47_2385,11.379507,1.346707
c_1_47_2386,10.459286,-1.9917362
c_1_47_2387,10.209742,-0.9566658
c_1_47_2388,8.297898,0.017718563
c_1_47_2389,11.568415,-1.5326424
c_1_47_2390,11.030466,0.20356517
c_1_47_2391,10.693133,-1.1163219
c_1_47_2392,8.936388,-0.42936847
c_1_47_2393,10.319579,-1.4091086
c_1_47_2394,12.074276,-0.25453565
c_1_47_2395,11.714549,-1.3535829
c_1_47_2397,10.629855,-2.7255473
c_1_47_2398,10.686298,1.4118729
c_1_47_2399,9.844733,-2.5288963
c_1_47_2400,8.149513,1.4157877
c_1_47_2401,9.574344,0.50681484
c_1_47_2402,9.860236,2.8780305
c_1_47_2403,9.907009,-0.85974985
c_1_47_2404,9.682374,-2.347824
c_1_47_2405,12.521935,3.7672105
c_1_47_2406,8.929573,0.9686496
c_1_47_2407,9.590652,0.21093586
c_1_47_2408,11.131657,-0.99518824
c_1_47_2409,8.567517,1.8056157
c_1_47_2410,8.129583,2.7636793
c_1_47_2411,8.221688,2.5777395
c_1_47_2412,10.493373,-0.21677697
c_1_47_2413,11.292444,4.8103766
c_1_47_2414,10.608062,2.5765119
c_1_47_2415,13.255926,1.5483984
c_1_47_2416,8.87955,-0.8163927
c_1_47_2417,9.440594,1.9395652
c_1_47_2418,10.035196,-1.2517699
c_1_47_2419,7.55349,1.4653988
c_1_47_2420,12.366188,2.0090957
c_1_47_2421,10.512247,0.005488311
c_1_47_2422,10.141717,-1.7625183
c_1_47_2423,10.013364,1.9752339
c_1_47_2424,9.559652,-0.7885787
c_1_47_2425,10.342609,-1.1079149
c_1_47_2426,10.327769,-2.6168869
c_1_47_2427,11.140783,0.61051804
c_1_47_2428,12.183447,3.0805197
c_1_47_2429,12.564377,6.868089
c_1_47_2430,12.3835745,4.399829
c_1_47_2431,10.75363,0.43867064
c_1_47_2432,10.28629,-3.1757777
c_1_47_2434,8.465109,1.0859873
c_1_47_2435,9.483608,1.490992
c_1_47_2436,10.931621,0.15210485
c_1_47_2437,11.849274,-2.3567712
c_1_47_2438,8.858035,0.36770016
c_1_47_2439,9.984235,1.7033792
c_1_47_2441,6.0344462,0.5916197
c_1_47_2442,10.030478,2.5600665
c_1_47_2443,10.790555,-2.9787998
c_1_47_2444,8.963548,-0.21621048
c_1_47_2445,9.071873,1.1736856
c_1_47_2446,11.506039,-2.8008351
c_1_47_2447,9.819936,1.0632179
c_1_47_2448,8.440109,0.20578133
c_1_47_2449,9.311447,-0.5324329
c_1_47_2450,11.80297,-3.726095
c_1_47_2451,11.522298,1.872043
c_1_47_2452,9.045299,-1.1986648
c_1_47_2453,9.395173,1.7215474
c_1_47_2454,11.344227,1.7526636
c_1_47_2455,11.494879,-1.9628888
c_1_47_2456,11.470591,0.060996726
c_1_47_2457,11.144191,2.0272431
c_1_47_2458,10.696581,-1.7727028
c_1_47_2459,10.189497,2.3972661
c_1_47_2460,11.086889,-2.1149418
c_1_47_2461,10.587431,-1.8390573
c_1_47_2462,10.288786,2.517757
c_1_47_2463,9.204367,4.6169853
c_1_47_2464,12.484092,-0.730078
c_1_47_2465,11.054403,-1.5071481
c_1_47_2466,13.076903,1.3303934
c_1_47_2467,11.722532,0.5560674
c_1_47_2468,11.367595,-3.0742612
c_1_47_2469,10.58471,4.3674107
c_1_47_2470,8.897344,-1.0256835
c_1_47_2471,8.647116,2.3548856
c_1_47_2472,10.041667,1.3157873
c_1_47_2473,9.357842,3.0423317
c_1_47_2474,8.936479,0.37715077
c_1_47_2475,8.903292,0.30785498
c_1_47_2476,11.825905,-2.8846953
c_1_47_2477,9.830537,0.073951654
c_1_47_2478,11.370348,-2.3198087
c_1_47_2479,9.91383,-0.91058457
c_1_47_2480,10.127368,-1.2202414
c_1_47_2481,9.401123,-1.0424356
c_1_47_2482,10.186526,-0.5536226
c_1_47_2483,9.405251,0.23271063
c_1_47_2484,9.8157425,-1.5684949
c_1_47_2485,11.829123,-3.0143898
c_1_47_2486,11.429552,-2.5389168
c_1_47_2487,10.605019,-1.1589937
c_1_47_2488,7.824706,4.0560527
c_1_47_2489,9.121632,-1.7774636
c_1_47_2490,14.164667,-0.83546615
c_1_47_2491,13.215919,1.4469529
c_1_47_2492,8.725605,-1.3180401
c_1_47_2493,10.361001,0.56440187
c_1_47_2494,11.939821,1.5758262
c_1_47_2495,8.833626,1.877193
c_1_47_2496,11.901104,-2.8542225
c_1_47_2497,12.635278,1.7255192
c_1_47_2498,5.9253154,3.3243876
c_1_47_2499,11.685377,-3.2768674
c_1_47_2500,12.353919,-0.26427242
c_1_47_2501,11.357459,-1.2694719
c_1_47_2502,11.072659,-0.80232626
c_1_47_2503,11.295499,0.15028653
c_1_47_2504,10.976293,-0.7430368
c_1_47_2505,10.197424,-1.8069437
c_1_47_2506,8.801264,-1.5223831
c_1_47_2507,13.967764,1.3779243
c_1_47_2508,13.597534,1.3141211
c_1_47_2509,9.076875,2.3964355
c_1_47_2510,9.193038,2.04996
c_1_47_2511,10.945109,-2.1709409
c_1_47_2512,10.839408,-1.8156053
c_1_47_2513,9.825091,1.8345634
c_1_47_2514,13.570239,1.1890358
c_1_47_2515,10.856595,-0.26081517
c_1_47_2516,10.06132,-1.5413779
c_1_47_2517,8.918277,0.43171895
c_1_47_2518,8.713127,1.3338721
c_1_47_2519,13.975174,3.7972577
c_1_47_2520,10.027234,-2.3892782
c_1_47_2521,11.504982,-1.0892419
c_1_47_2522,10.87871,-0.5094058
c_1_47_2523,8.094184,0.11521838
c_1_47_2524,9.001639,2.2936223
c_1_47_2525,10.826785,1.0936644
c_1_47_2526,10.918661,-1.74769
c_1_47_2527,8.972674,4.1422033
c_1_47_2528,9.168777,-1.3260229
c_1_47_2529,8.901262,-1.168607
c_1_47_2530,11.183139,4.097128
c_1_47_2531,9.9269495,2.8893967
c_1_47_2532,9.298356,-1.2527356
c_1_47_2533,14.498867,1.5225949
c_1_47_2534,11.301569,1.8485938
c_1_47_2535,9.396044,-0.24749318
c_1_47_2536,12.036708,3.198958
c_1_47_2537,10.023107,-0.021377653
c_1_47_2538,11.905392,3.7887206
c_1_47_2539,9.748136,3.4266639
c_1_47_2540,11.408112,0.8724208
c_1_47_2541,9.980131,-0.403213
c_1_47_2542,9.911693,2.178078
c_1_47_2543,8.519436,2.389095
c_1_47_2544,9.470362,-2.0421107
c_1_47_2545,8.18573,2.1898677
c_1_47_2546,9.390977,-1.4564985
c_1_47_2547,11.200077,-0.77166647
c_1_47_2548,9.716212,3.3700051
c_1_47_2549,11.059297,-2.8877907
c_1_47_2550,11.097961,-0.020990616
c_1_47_2551,6.1948094,3.1095705
c_1_47_2552,10.245662,0.29183584
c_1_47_2553,9.075186,2.9626417
c_1_47_2554,13.752785,3.189949
c_1_47_2555,10.773568,0.55686194
c_1_47_2556,13.520233,4.69297
c_1_47_2557,14.480218,5.1177936
c_1_47_2558,10.2556,-0.29527795
c_1_47_2559,14.236479,1.595463
c_1_47_2560,13.560213,2.3141694
c_1_47_2561,11.390473,-2.3161387
c_1_47_2562,9.711816,-2.4734879
c_1_47_2563,11.573993,-1.3596048
c_1_47_2564,10.503689,0.5092864
c_1_47_2565,9.379485,-0.301624
c_1_47_2566,8.532801,-0.3395696
c_1_47_2567,9.896187,2.644747
c_1_47_2568,11.505632,3.7459419
c_1_47_2569,10.124729,-0.6076314
c_1_47_2570,9.687284,-1.612898
c_1_47_2571,9.97665,-1.4092207
c_1_47_2572,8.688723,-0.8055159
c_1_47_2573,8.683761,3.576523
c_1_47_2574,10.028516,1.5399481
c_1_47_2575,10.788979,1.4093667
c_1_47_2576,10.231334,1.1777141
c_1_47_2577,9.435316,0.43438956
c_1_47_2578,10.588446,-2.2311716
c_1_47_2579,9.409856,-2.150494
c_1_47_2580,9.143535,-1.0753586
c_1_47_2581,6.023469,2.7750006
c_1_47_2582,8.958604,-0.26133066
c_1_47_2584,9.120017,-2.0207326
c_1_47_2585,11.617552,-3.8870003
c_1_47_2586,13.1783285,4.5882564
c_1_47_2587,8.274467,2.2121162
c_1_47_2588,11.481231,-1.848644
c_1_47_2589,8.029521,0.7343529
c_1_47_2590,11.135536,-1.1340735
c_1_47_2591,10.839787,1.5762067
c_1_47_2592,11.501626,1.400576
c_1_47_2593,11.3053875,0.3699358
c_1_47_2594,10.754594,3.7705169
c_1_47_2595,8.528824,0.4750176
c_1_47_2596,11.735072,-3.5185916
c_1_47_2597,8.714162,1.7260307
c_1_47_2598,13.363316,5.0175347
c_1_47_2599,9.804487,-0.17892894
c_1_47_2601,10.314917,0.824246
c_1_47_2602,10.760995,3.2430117
c_1_47_2603,10.257029,-2.443734
c_1_47_2604,10.24005,-0.016008787
c_1_47_2605,8.841771,-0.3255783
c_1_47_2606,10.727541,0.025694367
c_1_47_2607,9.3036585,0.7781142
c_1_47_2608,11.628733,-3.9163513
c_1_47_2609,10.3199835,-2.1311269
c_1_47_2610,9.55168,-0.8260419
c_1_47_2611,8.953873,0.59014183
c_1_47_2612,11.311193,-3.6068
c_1_47_2613,8.515711,-0.6669136
c_1_47_2614,8.948771,3.4865718
c_1_47_2615,9.041833,-0.68891776
c_1_47_2616,8.899837,0.7344177
c_1_47_2617,8.65407,-0.5336923
c_1_47_2618,9.40744,0.059226315
c_1_47_2619,9.937266,-2.2878263
c_1_47_2620,14.538095,4.159269
c_1_47_2621,10.055933,0.9049966
c_1_47_2622,11.938016,2.4933925
c_1_47_2623,10.096707,-1.4712496
c_1_47_2624,8.914326,-1.1985816
c_1_47_2625,8.712879,1.5675629
c_1_47_2626,10.251895,2.3340147
c_1_47_2627,11.483869,-1.3922076
c_1_47_2628,8.633654,-0.08365117
c_1_47_2629,11.031866,-0.3150295
c_1_47_2630,7.933306,1.0190636
c_1_47_2631,9.894552,-0.13026556
c_1_47_2632,9.602789,-2.0453043
c_1_47_2633,10.15567,-2.905638
c_1_47_2634,9.745157,1.0236422
c_1_47_2635,8.837504,-0.49788144
c_1_47_2636,9.058561,-1.5114564
c_1_47_2637,9.106038,-0.98088855
c_1_47_2638,8.237412,0.74502933
c_1_47_2639,8.757283,-0.5294381
c_1_47_2640,10.010507,-0.34311524
c_1_47_2641,10.452903,2.3121796
c_1_47_2642,9.180049,3.4345942
c_1_47_2643,9.953532,-1.4260011
c_1_47_2644,9.116442,4.892601
c_1_47_2645,9.767195,1.6037443
c_1_47_2647,12.539397,2.7078462
c_1_47_2648,10.984117,-1.821104
c_1_47_2649,8.531434,-0.6282618
c_1_47_2650,8.623439,3.2030911
c_1_47_2651,12.743415,-1.3894923
c_1_47_2652,8.9741335,1.4121569
c_1_47_2653,11.837355,3.4319546
c_1_47_2654,7.113121,2.1891954
c_1_47_2655,10.244916,1.5988315
c_1_47_2656,9.9259405,1.3920519
c_1_47_2657,8.931757,1.6094042
c_1_47_2659,11.508694,-3.7632208
c_1_47_2660,11.414217,-3.1839368
c_1_47_2661,9.7597,-1.8726043
c_1_47_2663,9.852957,-0.44884747
c_1_47_2664,11.667639,-3.8861496
c_1_47_2665,9.4381,2.032536
c_1_47_2666,9.9981985,-0.26398838
c_1_47_2667,10.838758,-3.32639
c_1_47_2668,11.111855,0.74800736
c_1_47_2669,9.238914,2.8787842
c_1_47_2670,10.588203,-0.049792837
c_1_47_2671,9.936637,-2.1640306
c_1_47_2672,10.552546,-2.9038286
c_1_47_2673,8.837036,-1.0218203
c_1_47_2674,7.700166,1.9938339
c_1_47_2675,10.384494,0.33226526
c_1_47_2676,10.7817955,-1.8473141
c_1_47_2677,8.668952,0.9956997
c_1_47_2678,8.708987,-0.021395948
c_1_47_2679,9.178475,-1.0320487
c_1_47_2681,11.691555,-1.0350922
c_1_47_2682,7.8904567,2.143509
c_1_47_2683,9.843289,2.3608105
c_1_47_2684,10.591539,1.1725956
c_1_47_2685,10.080881,-1.2698734
c_1_47_2686,11.007629,-0.85123736
c_1_47_2687,13.379947,5.2300286
c_1_47_2688,10.737618,0.51638174
c_1_47_2689,10.36879,-1.9234442
c_1_47_2690,10.844535,1.9627104
c_1_47_2691,9.9061985,-0.10102771
c_1_47_2692,13.34625,2.039539
c_1_47_2693,13.040623,3.377875
c_1_47_2694,10.83816,-2.956505
c_1_47_2695,8.113992,1.1064793
c_1_47_2696,9.3827915,1.5071416
c_1_47_2697,9.629232,0.47807395
c_1_47_2699,8.146336,1.3482916
c_1_47_2700,8.509464,0.030523911
c_1_47_2701,10.076603,-2.087471
c_1_47_2702,10.381819,2.0075197
c_1_47_2703,9.267149,0.8135278
c_1_47_2704,8.820384,-0.627848
c_1_47_2705,11.830283,2.2108152
c_1_47_2706,10.336137,-1.3996012
c_1_47_2707,13.327268,-0.68541825
c_1_47_2708,9.458511,0.8067774
c_1_47_2709,10.34619,1.3332518
c_1_47_2710,8.425287,0.36059222
c_1_47_2711,10.627791,0.1962008
c_1_47_2712,10.824951,0.67627364
c_1_47_2713,10.592282,-2.28666
c_1_47_2714,9.736725,0.052693725
c_1_47_2715,10.441638,-2.861203
c_1_47_2716,10.977537,-3.17407
c_1_47_2717,11.055965,0.97967213
c_1_47_2718,11.275065,-0.3491483
c_1_47_2719,10.387385,4.2201996
c_1_47_2720,10.609476,3.2662675
c_1_47_2721,8.666449,-1.015103
c_1_47_2722,14.372843,4.598853
c_1_47_2723,8.506652,-0.6989968
c_1_47_2724,9.519668,-0.5521978
c_1_47_2725,9.266475,-0.6836874
c_1_47_2726,13.893783,2.348116
c_1_47_2727,10.240258,1.1542518
c_1_47_2728,9.172066,1.2422003
c_1_47_2729,9.600369,-0.24273919
c_1_47_2730,8.572423,-0.08214773
c_1_47_2731,9.285255,-0.89662194
c_1_47_2732,9.974024,-2.4536607
c_1_47_2733,9.997974,2.56797
c_1_47_2734,11.600493,-3.3172317
c_1_47_2735,7.911703,0.52994806
c_1_47_2737,10.825683,-0.33268517
c_1_47_2738,9.327773,-2.1786978
c_1_47_2739,13.854168,5.5338273
c_1_47_2741,9.377616,0.9430903
c_1_47_2742,10.171391,-0.028675748
c_1_47_2743,11.431366,0.13454899
c_1_47_2744,10.097553,3.5995924
c_1_47_2745,10.697353,-1.0061073
c_1_47_2746,10.096033,-2.5468209
c_1_47_2747,10.507761,1.1185322
c_1_47_2748,12.7237425,1.4187824
c_1_47_2749,11.558703,-1.1839113
c_1_47_2750,10.111182,2.4528065
c_1_47_2751,10.586947,1.2065316
c_1_47_2752,10.844981,0.2795618
c_1_47_2753,8.978464,0.8660798
c_1_47_2754,13.032173,4.333037
c_1_47_2755,9.858625,-0.96581733
c_1_47_2756,12.14556,3.646007
c_1_47_2757,9.481399,-1.0376911
c_1_47_2758,9.736365,-0.19746207
c_1_47_2759,10.315065,1.3264787
c_1_47_2760,8.727054,0.5498101
c_1_47_2761,9.900392,-0.88442403
c_1_47_2762,9.325526,4.4265842
c_1_47_2763,9.781654,-1.1501383
c_1_47_2764,8.6677685,2.5136077
c_1_47_2765,10.638663,1.5258563
c_1_47_2766,10.614703,1.4678363
c_1_47_2767,9.870555,-0.1200834
c_1_47_2768,8.182997,-0.1286168
c_1_47_2769,8.430796,-0.80644834
c_1_47_2770,9.850224,-0.29396245
c_1_47_2771,9.164793,-0.68049693
c_1_47_2772,9.648809,0.04152847
c_1_47_2773,12.829863,-1.3922393
c_1_47_2775,9.247828,0.10890476
c_1_47_2776,9.336259,0.35806602
c_1_47_2777,8.83478,-0.6032732
c_1_47_2778,10.306828,4.352608
c_1_47_2779,9.158902,1.0179014
c_1_47_2780,10.937896,0.8422235
c_1_47_2781,9.244645,-1.6891278
c_1_47_2782,9.89828,-2.0122368
c_1_47_2783,10.022076,1.4548963
c_1_47_2784,11.649557,2.8641548
c_1_47_2785,9.0503645,-0.51266
c_1_47_2786,7.8255115,0.18733749
c_1_47_2787,8.6374445,-0.42731068
c_1_47_2788,11.769767,-3.8455606
c_1_47_2789,10.01853,-1.386591
c_1_47_2790,9.23558,0.10661769
c_1_47_2791,9.522102,0.16830704
c_1_47_2792,10.033552,-2.107004
c_1_47_2793,11.273842,3.7569833
c_1_47_2794,7.874675,2.20084
c_1_47_2795,10.659493,2.908251
c_1_47_2796,8.664389,1.1032151
c_1_47_2797,8.504721,2.397867
c_1_47_2798,9.025515,-0.47844437
c_1_47_2799,8.399145,1.4186754
c_1_47_2800,9.992912,-2.1799383
c_1_47_2801,9.751377,-1.2735502
c_1_47_2802,9.450852,2.2173893
c_1_47_2803,9.690185,1.8851639
c_1_47_2804,11.910084,0.38393462
c_1_47_2805,10.06707,2.318031
c_1_47_2806,13.495714,4.838271
c_1_47_2807,9.264621,0.9066893
c_1_47_2808,10.824679,-1.6012264
c_1_47_2809,8.419856,1.9747488
c_1_47_2810,10.603152,-2.7486591
c_1_47_2811,8.75888,3.4410944
c_1_47_2812,9.01829,0.08162501
c_1_47_2813,11.439606,-3.0613427
c_1_47_2814,13.621921,-0.23684761
c_1_47_2815,8.417734,2.4139488
c_1_47_2817,9.083497,-1.1038885
c_1_47_2818,14.770045,4.8404145
c_1_47_2819,9.275822,3.4293628
c_1_47_2820,9.671327,-2.0929217
c_1_47_2821,10.682142,1.7925396
c_1_47_2822,10.38354,2.389251
c_1_47_2823,10.423279,-2.0024917
c_1_47_2824,14.176803,1.2099057
c_1_47_2825,8.468918,0.42759413
c_1_47_2826,10.081013,-0.30291718
c_1_47_2827,9.771985,2.923244
c_1_47_2828,9.350999,0.31911567
c_1_47_2829,9.92673,-2.4359536
c_1_47_2830,12.465525,2.451325
c_1_47_2831,13.457065,0.9245474
c_1_47_2832,9.791603,-0.065100685
c_1_47_2833,12.055036,-2.670061
c_1_47_2834,9.4179535,2.185373
c_1_47_2835,10.8939295,1.8688332
c_1_47_2836,12.768751,-0.34205332
c_1_47_2837,9.898016,-0.17627464
c_1_47_2838,10.785161,2.3003635
c_1_47_2839,10.536485,1.5543102
c_1_47_2840,8.357964,-0.35065037
c_1_47_2841,8.651372,1.7095516
c_1_47_2842,10.307823,-0.12736373
c_1_47_2843,11.323568,-3.6562684
c_1_47_2844,9.812398,0.026102098
c_1_47_2845,9.228625,1.7776095
c_1_47_2846,10.041996,-2.02294
c_1_47_2847,11.063704,4.817065
c_1_47_2848,9.655547,3.0243652
c_1_47_2849,10.6698885,1.8292352
c_1_47_2850,10.457279,-2.7665746
c_1_47_2851,10.466951,0.47899178
c_1_47_2852,9.806204,0.2308076
c_1_47_2853,8.273063,2.1628036
c_1_47_2854,11.671243,0.79766935
c_1_47_2855,10.96517,-2.5661967
c_1_47_2856,9.030576,2.7159333
c_1_47_2857,10.197253,-1.586247
c_1_47_2858,11.508769,0.4425269
c_1_47_2859,9.216885,-1.723279
c_1_47_2860,10.302726,0.5907939
c_1_47_2861,8.342365,4.7626452
c_1_47_2862,7.9134974,1.4135983
c_1_47_2863,11.998669,-0.33660823
c_1_47_2864,13.681658,5.8040323
c_1_47_2865,7.321221,3.8985956
c_1_47_2866,9.28891,1.7488378
c_1_47_2867,10.916673,0.92121345
c_1_47_2868,9.994652,-0.026421618
c_1_47_2869,13.139477,4.482671
c_1_47_2870,9.362228,1.5060917
c_1_47_2871,9.991177,4.442559
c_1_47_2872,9.7485285,0.8186311
c_1_47_2873,9.634109,-2.500328
c_1_47_2874,10.318372,0.4414401
c_1_47_2875,9.697424,1.5212528
c_1_47_2876,9.024607,-0.7325388
c_1_47_2877,10.388393,-2.6191282
c_1_47_2879,12.382675,4.4205685
c_1_47_2880,8.555892,-0.652644
c_1_47_2881,7.814063,0.69558334
c_1_47_2882,11.067428,-2.882624
c_1_47_2883,8.964769,0.2518919
c_1_47_2884,12.947352,4.587004
c_1_47_2885,10.472553,0.9465171
c_1_47_2886,8.869062,0.038173288
c_1_47_2887,10.473694,2.1035383
c_1_47_2888,12.021918,0.42545435
c_1_47_2889,9.45073,-1.1462681
c_1_47_2890,10.998403,1.3937744
c_1_47_2891,7.0047636,0.7238956
c_1_47_2893,8.733422,-1.3762655
c_1_47_2894,7.3993897,3.1877327
c_1_47_2895,9.892658,3.7370148
c_1_47_2896,9.632172,-0.7656773
c_1_47_2897,9.739922,-0.12852375
c_1_47_2898,9.66184,0.944341
c_1_47_2899,11.488734,0.53722936
c_1_47_2900,14.291357,2.0364697
c_1_47_2901,9.0910225,-0.23424004
c_1_47_2902,10.228912,0.3658456
c_1_47_2903,9.321482,0.68352145
c_1_47_2904,11.427849,0.039137036
c_1_47_2905,11.394477,-0.13591689
c_1_47_2906,7.7462926,1.9184264
c_1_47_2907,10.111382,-0.67990977
c_1_47_2908,9.459657,3.1402016
c_1_47_2909,9.249246,1.581797
c_1_47_2911,11.311004,1.1814057
c_1_47_2912,10.380848,1.5235034
c_1_47_2913,13.120862,4.928166
c_1_47_2914,11.625967,5.964553
c_1_47_2915,8.8259115,1.4237192
c_1_47_2916,9.919169,0.0073882155
c_1_47_2917,10.963798,-3.447613
c_1_47_2918,8.082273,3.8497837
c_1_47_2919,12.317056,6.8929396
c_1_47_2920,8.19026,4.569378
c_1_47_2921,10.348094,3.3645375
c_1_47_2922,10.727199,-0.017744534
c_1_47_2923,12.06581,7.561493
c_1_47_2924,12.624192,5.934292
c_1_47_2925,9.7722645,-2.2268562
c_1_47_2926,10.667174,0.6877377
c_1_47_2927,8.222046,1.0458505
c_1_47_2928,10.0323,0.46348023
c_1_47_2929,11.067778,-0.14587252
c_1_47_2931,9.744027,-0.49698037
c_1_47_2932,10.835184,3.5308013
c_1_47_2933,9.801245,0.70499927
c_1_47_2934,11.998849,7.542484
c_1_47_2935,9.813553,0.7168148
c_1_47_2936,9.330031,-1.4581896
c_1_47_2937,10.636398,1.341645
c_1_47_2938,10.241222,3.078957
c_1_47_2939,10.397742,2.6960242
c_1_47_2940,11.025763,-1.6085167
c_1_47_2941,11.58925,6.3951025
c_1_47_2942,12.136076,3.843802
c_1_47_2943,9.252795,1.3081931
c_1_47_2944,7.093485,1.9627243
c_1_47_2946,7.348657,0.96112967
c_1_47_2947,10.500546,0.25299996
c_1_47_2948,12.391539,2.072218
c_1_47_2949,10.982638,1.0352272
c_1_47_2950,10.743659,-2.3966734
c_1_47_2951,10.684084,-2.0339394
c_1_47_2952,11.582139,2.2708678
c_1_47_2953,8.366138,1.5714731
c_1_47_2954,8.298689,0.70487773
c_1_47_2955,12.346966,6.4879556
c_1_47_2956,7.800776,0.09975141
c_1_47_2957,10.871349,-0.018538648
c_1_47_2958,11.119372,-0.25347796
c_1_47_2959,12.509742,4.955906
c_1_47_2960,8.39406,1.1233622
c_1_47_2961,7.6555824,2.1988285
c_1_47_2962,12.817798,0.4581328
c_1_47_2963,9.461659,0.9405072
c_1_47_2964,12.120169,7.0789437
c_1_47_2965,10.746258,-2.7627912
c_1_47_2966,10.063249,-0.49339667
c_1_47_2967,10.490094,0.67081636
c_1_47_2968,8.69015,1.5160496
c_1_47_2969,8.254653,3.2385302
c_1_47_2970,7.97214,1.9962504
c_1_47_2971,9.232099,-1.245249
c_1_47_2972,7.902698,1.4957769
c_1_47_2973,9.032483,2.7421856
c_1_47_2974,13.678129,4.2850375
c_1_47_2975,11.449187,3.6892996
c_1_47_2976,9.913653,-1.5969969
c_1_47_2978,14.14556,1.728178
c_1_47_2979,9.04836,-0.97975683
c_1_47_2980,8.123837,3.3203895
c_1_47_2981,8.749154,2.7494833
c_1_47_2982,7.8764734,1.0350543
c_1_47_2983,11.817621,6.1753354
c_1_47_2984,9.174222,1.492719
c_1_47_2985,10.572778,0.036912084
c_1_47_2986,8.191495,-0.12189164
c_1_47_2987,12.887691,4.5470424
c_1_47_2988,10.3694105,-1.7305464
c_1_47_2989,8.55815,1.0158747
c_1_47_2991,11.064592,-0.040262915
c_1_47_2992,9.35874,0.72806513
c_1_47_2993,12.115626,7.5993304
c_1_47_2994,9.36856,2.7836916
c_1_47_2995,7.8572106,3.0129755
c_1_47_2996,10.163892,2.8837566
c_1_47_2997,10.479683,2.3494027
c_1_47_2998,11.939261,5.4299555
c_1_47_2999,10.653178,0.1313268
c_1_47_3000,7.8272576,1.6841292
c_1_47_3001,9.9248,0.75370425
c_1_47_3002,9.896342,2.5739934
c_1_47_3003,8.701379,2.387443
c_1_47_3004,11.251804,2.0856743
c_1_47_3005,11.485542,-3.6945984
c_1_47_3006,8.151479,-0.041376267
c_1_47_3007,10.205935,3.3642468
c_1_47_3008,9.913622,-2.3225985
c_1_47_3009,9.48593,2.046412
c_1_47_3010,10.57247,1.5371345
c_1_47_3011,9.696557,1.7037299
c_1_47_3012,8.835669,2.54046
c_1_47_3013,9.707955,0.021602625
c_1_47_3014,8.289016,0.9713062
c_1_47_3015,11.065232,1.3115819
c_1_47_3016,9.757253,-1.221501
c_1_47_3017,8.4671755,1.7064604
c_1_47_3018,10.870541,2.1518722
c_1_47_3019,10.286559,-0.44729304
c_1_47_3020,10.8384,-0.006925805
c_1_47_3021,9.144745,2.3009517
c_1_47_3022,10.672239,2.2687297
c_1_47_3023,10.881622,-0.114633806
c_1_47_3024,10.630764,3.135201
c_1_47_3025,11.671744,1.9741218
c_1_47_3026,13.036404,2.907502
c_1_47_3027,9.344725,1.9746686
c_1_47_3028,10.53535,-0.40279448
c_1_47_3029,12.354441,5.6238003
c_1_47_3030,9.256123,-1.1277885
c_1_47_3031,10.191986,0.15575069
c_1_47_3032,8.136515,3.2247553
c_1_47_3033,10.474948,4.1383467
c_1_47_3034,11.44015,0.77568203
c_1_47_3035,8.340674,4.356469
c_1_47_3037,9.400607,2.373089
c_1_47_3039,13.542515,4.4518414
c_1_47_3040,9.630048,3.4933171
c_1_47_3041,11.53216,0.14180335
c_1_47_3042,10.454701,0.42805398
c_1_47_3043,11.227602,3.9414325
c_1_47_3044,10.361751,2.6618311
c_1_47_3045,11.178872,1.7271594
c_1_47_3046,9.6461315,1.7454786
c_1_47_3048,9.721347,2.9131818
c_1_47_3049,9.711735,0.9977266
c_1_47_3050,10.544592,0.43083337
c_1_47_3051,8.748175,1.3880199
c_1_47_3052,12.047435,3.885387
c_1_47_3053,13.647981,4.3080754
c_1_47_3054,7.1185555,-0.12518236
c_1_47_3055,9.517852,1.5373437
c_1_47_3056,12.206088,1.3348433
c_1_47_3057,7.767056,2.0093055
c_1_47_3058,12.427956,2.680899
c_1_47_3059,8.768387,1.3491532
c_1_47_3060,7.6824703,2.7899826
c_1_47_3061,7.0408916,3.8123026
c_1_47_3062,10.351005,0.31961554
c_1_47_3063,9.509816,1.9809111
c_1_47_3064,7.788208,1.4292116
c_1_47_3066,10.405112,4.4230084
c_1_47_3067,8.441385,-0.5522932
c_1_47_3068,8.539753,1.6442497
c_1_47_3069,12.675825,3.322914
c_1_47_3070,11.780076,1.6654342
c_1_47_3071,11.730395,0.6624663
c_1_47_3072,11.258765,1.4353102
c_1_47_3073,9.239725,3.7591622
c_1_47_3074,11.658588,4.85227
c_1_47_3075,14.182344,1.7113484
c_1_47_3076,9.631978,2.4954443
c_1_47_3077,10.2686205,1.5099031
c_1_47_3078,13.166489,1.0062026
c_1_47_3079,8.104168,1.6434743
c_1_47_3080,7.636422,1.5713515
c_1_47_3082,8.249723,2.734798
c_1_47_3083,9.2113695,3.5538023
c_1_47_3084,10.749207,1.3752627
c_1_47_3085,10.841617,1.6615877
c_1_47_3086,14.024964,0.9871182
c_1_47_3087,8.161701,0.31297258
c_1_47_3088,7.9156675,2.6839895
c_1_47_3089,9.460194,3.1657956
c_1_47_3090,9.969544,2.7822027
c_1_47_3091,9.521629,2.130118
c_1_47_3092,7.0872955,0.22131756
c_1_47_3093,9.929025,4.6248984
c_1_47_3094,8.75745,1.4952576
c_1_47_3095,11.190237,3.6279476
c_1_47_3096,13.253178,1.2809848
c_1_47_3097,8.038834,2.3515158
c_1_47_3098,11.18318,1.3092473
c_1_47_3099,8.395989,0.8537037
c_1_47_3100,7.750747,3.8334348
c_1_47_3101,10.105527,3.8955836
c_1_47_3102,8.182361,1.9236455
c_1_47_3103,10.872587,1.3690958
c_1_47_3105,11.339133,2.7285283
c_1_47_3106,7.2264414,2.1585598
c_1_47_3107,8.306645,2.0026658
c_1_47_3108,10.895014,2.5963137
c_1_47_3109,10.343633,3.639847
c_1_47_3110,6.3762894,3.0134552
c_1_47_3111,11.73173,-1.415771
c_1_47_3112,5.6321235,-0.88875866
c_1_47_3113,14.297843,2.8853056
c_1_47_3114,12.283086,4.2594647
c_1_47_3115,9.952982,2.622481
c_1_47_3116,6.2659554,-1.0646521
c_1_47_3117,9.270418,2.722332
c_1_47_3118,12.069213,1.4572624
c_1_47_3119,11.04103,1.5972239
c_1_47_3120,10.315061,1.9460905
c_1_47_3121,10.435485,0.70764154
c_1_47_3122,6.7576303,2.241649
c_1_47_3123,7.460016,2.3274572
c_1_47_3124,9.509575,4.7188916
c_1_47_3125,11.673995,1.2388356
c_1_47_3126,10.720057,3.5493546
c_1_47_3127,9.579301,0.7089618
c_1_47_3128,11.855199,1.3553075
c_1_47_3129,9.552195,4.456874
c_1_47_3130,14.206833,3.6908946
c_1_47_3131,13.096947,0.94231147
c_1_47_3132,13.667567,2.1989279
c_1_47_3133,7.875732,1.3512765
c_1_47_3134,10.53646,1.2708127
c_1_47_3135,10.462982,3.7213526
c_1_47_3136,10.24979,1.6635827
c_1_47_3137,10.47295,4.512769
c_1_47_3138,8.00332,1.9793365
c_1_47_3139,9.042629,1.5178179
c_1_47_3140,8.690993,1.4201547
c_1_47_3141,8.023385,2.078626
c_1_47_3142,8.491099,2.8413599
c_1_47_3143,7.4583187,1.1001703
c_1_47_3144,12.367798,4.8997
c_1_47_3145,8.369028,2.5988462
c_1_47_3146,8.2919,2.3974078
c_1_47_3147,8.139957,3.0405178
c_1_47_3148,8.20738,0.85802144
c_1_47_3149,8.465264,1.4155658
c_1_47_3150,7.0631127,2.7546258
c_1_47_3151,7.4331517,0.19791992
c_1_47_3152,7.864266,1.2034281
c_1_47_3153,5.03835,-1.4939728
c_1_47_3154,9.489202,1.3126783
c_1_47_3155,9.948929,2.9066384
c_1_47_3157,9.164981,2.0570438
c_1_47_3158,10.557978,3.5541663
c_1_47_3159,5.915099,-1.0303258
c_1_47_3160,14.367693,3.8181772
c_1_47_3161,10.833091,3.144425
c_1_47_3163,8.255129,2.6712918
c_1_47_3164,15.004444,1.8188355
c_1_47_3165,11.615137,6.6922865
c_1_47_3166,8.138879,2.357413
c_1_47_3167,13.3475,2.3072107
c_1_47_3168,14.534645,2.6673625
c_1_47_3169,11.887845,3.3274777
c_1_47_3170,10.564625,2.2715027
c_1_47_3171,7.7013545,2.9879498
c_1_47_3172,8.170755,3.6722643
c_1_47_3173,13.754416,-2.1623495
c_1_47_3174,14.303823,2.4871624
c_1_47_3175,8.127921,2.4775147
c_1_47_3176,8.812796,2.3401048
c_1_47_3177,11.655533,-0.5680306
c_1_47_3178,10.856452,3.2882955
c_1_47_3179,12.246896,5.259521
c_1_47_3180,9.302206,1.1270342
c_1_47_3181,11.81923,6.9378433
c_1_47_3182,7.2524557,2.24169
c_1_47_3183,11.824182,5.5829186
c_1_47_3184,7.955745,1.5923634
c_1_47_3185,10.67875,4.7783117
c_1_47_3186,13.025851,6.4360094
c_1_47_3187,11.980557,1.7234868
c_1_47_3188,5.4341435,-1.2472366
c_1_47_3190,12.844552,0.8944809
c_1_47_3191,5.6142087,-1.0192081
c_1_47_3192,6.2534256,-0.709698
c_1_47_3193,12.394844,-0.9512417
c_1_47_3195,5.3683553,-1.5604293
c_1_47_3196,13.740103,-0.481689
c_1_47_3197,12.210274,1.2628863
c_1_47_3198,11.664746,0.07792002
c_1_47_3199,12.488201,-0.05139056
c_1_47_3200,9.622881,2.4177597
c_1_47_3201,14.180694,-2.296325
c_1_47_3202,8.594455,2.6894512
c_1_47_3203,13.972589,0.80116457
c_1_47_3204,4.4742994,-2.2833624
c_1_47_3205,14.9523325,2.7347353
c_1_47_3206,5.399814,-1.2994139
c_1_47_3207,11.152543,0.5237959
c_1_47_3208,11.100373,0.8241349
c_1_47_3209,8.4049015,3.485394
c_1_47_3210,4.756613,-2.1582115
c_1_47_3211,6.13607,-0.69246995
c_1_47_3212,14.04494,3.4707384
c_1_47_3213,7.3989654,1.4289337
c_1_47_3214,13.852399,0.76365924
c_1_47_3215,11.573596,-0.44039023
c_1_47_3216,11.798897,0.7378046
c_1_47_3217,13.708615,1.4926472
c_1_47_3218,5.4337564,-1.4911853
c_1_47_3219,11.733765,0.33172128
c_1_47_3220,11.028856,1.5827326
c_1_47_3221,8.784542,1.9401972
c_1_47_3222,8.092266,3.6798775
c_1_47_3223,5.0280876,-1.1884363
c_1_47_3224,13.434773,-1.0002548
c_1_47_3226,12.174835,1.9216049
c_1_47_3227,13.861524,-1.4220449
c_1_47_3228,4.545445,-2.4344258
c_1_47_3229,10.592592,4.705676
c_1_47_3230,7.0972123,3.1157417
c_1_47_3231,9.518246,5.2103314
c_1_47_3232,9.460796,1.8820008
c_1_47_3233,5.000957,-1.6888115
c_1_47_3234,4.790306,-1.4659747
c_1_47_3235,6.981756,1.9869267
c_1_47_3236,12.049192,5.378685
c_1_47_3237,8.920899,3.0551014
c_1_47_3238,13.110916,-0.2679101
c_1_47_3239,4.428781,-2.5909157
c_1_47_3240,11.662926,6.7880917
c_1_47_3241,10.086419,0.78252774
c_1_47_3242,5.5570874,-0.49776956
c_1_47_3243,4.5695457,-2.3163981
c_1_47_3244,15.391011,1.7539128
c_1_47_3245,4.679282,-2.5972955
c_1_47_3246,5.7075095,-0.71600807
c_1_47_3247,11.952225,6.1688585
c_1_47_3248,7.7333846,3.3720717
c_1_47_3249,14.076894,-0.5506597
c_1_47_3250,14.915693,-1.4487077
c_1_47_3251,7.235213,-0.7901759
c_1_47_3252,12.723078,5.913851
c_1_47_3253,14.189716,-0.4331502
c_1_47_3254,4.4373965,-2.4562438
c_1_47_3255,14.396048,5.0607963
c_1_47_3256,10.297928,2.1423903
c_1_47_3257,7.967237,1.412611
c_1_47_3258,8.103649,1.3987509
c_1_47_3259,7.838421,1.9460301
c_1_47_3260,11.745779,2.4342525
c_1_47_3261,5.1339397,-0.890347
c_1_47_3262,7.589276,1.5492407
c_1_47_3263,7.806091,1.8588248
c_1_47_3264,5.2872744,-1.1110519
c_1_47_3265,11.971433,6.736388
c_1_47_3266,5.4703865,-1.5819669
c_1_47_3267,5.965427,-0.94032097
c_1_47_3268,13.32774,-1.9075464
c_1_47_3269,4.3941216,-2.1103153
c_1_47_3270,3.957019,-1.8215752
c_1_47_3271,5.387869,-0.6196085
c_1_47_3272,4.181036,-2.031229
c_1_47_3273,5.718853,-0.77895904
c_1_47_3274,7.7647886,2.0365376
c_1_47_3275,13.709004,1.1373433
c_1_47_3276,5.092471,-1.8011389
c_1_47_3277,7.726885,1.4151351
c_1_47_3278,5.1219587,-1.7461783
c_1_47_3279,4.053998,-2.118119
c_1_47_3280,4.7730145,-1.7954642
c_1_47_3281,7.8032146,1.5589118
c_1_47_3282,6.621136,-0.05849605
c_1_47_3283,7.933945,2.469091
c_1_47_3284,10.464065,2.5557954
c_1_47_3285,5.860826,-1.2908106
c_1_47_3286,6.469752,2.6940765
c_1_47_3287,8.403426,1.962386
c_1_47_3288,13.836155,0.6593976
c_1_47_3289,6.3028293,-0.61542434
c_1_47_3290,5.939898,-0.9848141
c_1_47_3291,9.179653,2.7745547
c_1_47_3292,10.481232,1.8239172
c_1_47_3293,5.8528605,-0.98429507
c_1_47_3294,7.800141,2.1634622
c_1_47_3295,8.096029,0.14071353
c_1_47_3296,7.951312,0.28282076
c_1_47_3297,5.5321584,-1.1485081
c_1_47_3298,13.69142,2.1596715
c_1_47_3299,4.480413,-1.1385398
c_1_47_3300,4.5197277,-1.1847612
c_1_47_3301,11.350276,4.008095
c_1_47_3302,4.77483,-1.0618796
c_1_47_3303,14.227046,2.196375
c_1_47_3304,5.5316763,-1.1708239
c_1_47_3305,5.012008,-1.9746072
c_1_47_3306,5.213207,-0.6560815
c_1_47_3307,6.188169,-0.75925887
c_1_47_3308,8.727635,0.34764498
c_1_47_3309,5.709227,-1.9030457
c_1_47_3310,8.539062,2.9778676
c_1_47_3311,6.4770365,-1.0205638
c_1_47_3312,10.329895,3.1767967
c_1_47_3313,5.471293,-0.35372528
c_1_47_3314,15.0770445,1.1450076
c_1_47_3315,8.050284,2.639531
c_1_47_3316,11.86832,2.7026753
c_1_47_3317,7.6253057,2.0313356
c_1_47_3318,14.834126,-2.089317
c_1_47_3320,11.248537,3.3812659
c_1_47_3321,8.944791,0.79829323
c_1_47_3322,6.0808105,-0.89544743
c_1_47_3323,10.982739,5.868891
c_1_47_3324,8.975943,2.9784696
c_1_47_3325,11.381498,5.452494
c_1_47_3326,8.185951,2.149694
c_1_47_3327,11.014117,0.53314173
c_1_47_3328,12.935183,5.3031974
c_1_47_3329,13.5783825,-2.014032
c_1_47_3330,9.012001,1.36437
c_1_47_3333,12.618549,-1.3532807
c_1_47_3334,13.030283,-0.6783781
c_1_47_3336,11.32017,-0.944024
c_1_47_3337,14.679585,-1.0909353
c_1_47_3338,9.703996,1.2810555
c_1_48_1,12.868741,5.2127233
c_1_48_2,6.415009,-1.3118771
c_1_48_3,5.7113748,-1.804597
c_1_48_4,13.336245,1.3639181
c_1_48_5,5.979131,2.5773392
c_1_48_6,12.7293,1.0336236
c_1_48_7,6.725111,-0.7473256
c_1_48_8,7.0596004,1.3149767
c_1_48_9,7.5684114,0.19080341
c_1_48_10,6.495417,-1.0136083
c_1_48_11,14.0390835,2.4345639
c_1_48_12,13.373237,1.1994648
c_1_48_13,12.093306,-0.40453568
c_1_48_14,6.9186535,1.6497076
c_1_48_15,11.233147,3.0025122
c_1_48_16,6.992864,-0.5327188
c_1_48_17,13.947033,-1.1386535
c_1_48_18,6.000027,-1.0806257
c_1_48_19,12.709504,2.9568355
c_1_48_20,7.814832,2.3226857
c_1_48_21,6.777311,-0.422774
c_1_48_22,13.285982,-0.3510983
c_1_48_23,12.427281,0.012247461
c_1_48_24,14.447848,2.5045552
c_1_48_25,14.312052,-1.0011264
c_1_48_26,8.060999,0.31246147
c_1_48_27,10.811871,0.4414485
c_1_48_28,9.063802,1.2828526
c_1_48_29,14.686905,-1.1567485
c_1_48_30,14.68107,3.1214023
c_1_48_31,12.789184,0.8970483
c_1_48_32,6.0920725,0.35272288
c_1_48_33,10.766205,-0.7612151
c_1_48_34,13.28327,-0.22722633
c_1_48_35,14.60873,-1.2106599
c_1_48_36,14.066319,-0.6249684
c_1_48_37,12.678329,1.4774593
c_1_48_38,14.650984,1.9047592
c_1_48_39,12.699792,1.6284682
c_1_48_40,11.567774,0.77298445
c_1_48_41,15.213061,2.697341
c_1_48_42,5.986396,-1.8134432
c_1_48_43,6.436369,-0.76892895
c_1_48_44,7.827899,1.0270034
c_1_48_45,11.355346,-0.36313567
c_1_48_46,13.900818,-1.2442588
c_1_48_47,10.675382,-0.5571189
c_1_48_48,13.720615,0.648985
c_1_48_49,10.809221,0.8555481
c_1_48_50,12.118874,0.42710307
c_1_48_51,14.494712,-1.4007635
c_1_48_52,12.243467,1.0568283
c_1_48_53,13.880395,-0.4758336
c_1_48_54,11.8192835,0.42268917
c_1_48_55,10.677531,-3.1382017
c_1_48_56,14.563486,-2.3576555
c_1_48_57,9.124215,2.7586696
c_1_48_58,14.090812,-1.0159194
c_1_48_59,14.542858,2.2508864
c_1_48_60,5.1657853,1.0254201
c_1_48_61,11.950393,0.19783455
c_1_48_62,10.231687,-1.6670258
c_1_48_63,14.298503,-0.78789896
c_1_48_64,8.695358,3.7497354
c_1_48_65,9.17645,-0.8770666
c_1_48_66,14.966214,2.3813572
c_1_48_67,11.09022,1.6044858
c_1_48_68,9.878633,1.5941892
c_1_48_69,6.1746078,-0.57377815
c_1_48_70,9.531654,3.4878402
c_1_48_71,9.389229,-1.9008311
c_1_48_72,13.400359,-0.3891214
c_1_48_73,14.183194,-2.3135276
c_1_48_74,13.944086,-0.9673659
c_1_48_75,10.941799,-0.1565901
c_1_48_76,13.696398,-1.749482
c_1_48_77,12.343318,4.9855137
c_1_48_78,11.515475,2.2970264
c_1_48_79,12.970654,5.1365767
c_1_48_80,14.247154,-2.4016552
c_1_48_81,11.379101,0.38533825
c_1_48_82,9.924012,2.421064
c_1_48_83,10.287477,-2.8133917
c_1_48_84,14.825669,2.8040373
c_1_48_85,14.287955,-1.4224702
c_1_48_86,12.176293,0.7676314
c_1_48_87,11.22665,1.5141071
c_1_48_88,14.03596,0.88654375
c_1_48_89,10.958465,-0.37856072
c_1_48_90,12.208619,1.0785697
c_1_48_91,13.593858,-0.3932353
c_1_48_92,14.711251,3.2173302
c_1_48_93,14.72232,2.0039432
c_1_48_94,7.2580214,-0.42445418
c_1_48_95,10.135647,1.0488887
c_1_48_96,13.291965,0.2709759
c_1_48_97,13.93573,-1.3359871
c_1_48_98,15.557167,3.109172
c_1_48_99,14.751988,2.6034155
c_1_48_100,9.018934,-0.2938108
c_1_48_101,13.403619,3.7735288
c_1_48_102,13.2360525,1.0767542
c_1_48_103,8.849132,-0.55036974
c_1_48_104,8.696957,3.1226025
c_1_48_105,8.810041,-0.7149635
c_1_48_106,9.452202,0.19348896
c_1_48_107,12.732125,-0.15641439
c_1_48_108,13.420604,0.80979246
c_1_48_109,5.9055347,-1.7425202
c_1_48_110,14.819631,-2.3231287
c_1_48_111,9.796091,-0.9925779
c_1_48_112,8.870151,2.3494208
c_1_48_113,9.643114,0.5665823
c_1_48_114,9.866282,-1.7976463
c_1_48_115,12.9872055,-0.7494162
c_1_48_116,10.151433,-1.9648467
c_1_48_117,13.337766,-0.1818584
c_1_48_118,10.4096365,-1.8859488
c_1_48_119,12.634654,-0.40244582
c_1_48_120,12.400607,-0.63584155
c_1_48_121,14.28529,-0.8278437
c_1_48_122,14.316367,-0.8953883
c_1_48_123,10.522095,-0.87721705
c_1_48_124,10.010321,1.1903906
c_1_48_125,9.714183,-0.45519114
c_1_48_126,8.353305,3.3418958
c_1_48_127,12.905661,-0.14918809
c_1_48_128,6.9531856,0.22953127
c_1_48_129,14.014639,1.094744
c_1_48_130,5.4418306,-2.0152762
c_1_48_131,9.973977,-0.18647608
c_1_48_132,13.853234,1.151874
c_1_48_133,11.493163,1.2319037
c_1_48_134,14.543166,-1.4339244
c_1_48_135,11.264316,-0.24417883
c_1_48_136,13.95336,1.2960042
c_1_48_137,11.491772,0.76553744
c_1_48_138,13.950976,-1.9820246
c_1_48_139,8.26061,-0.28517744
c_1_48_140,10.581587,-0.4806752
c_1_48_141,11.822318,1.7507832
c_1_48_142,14.723221,2.9044287
c_1_48_143,13.660648,-0.6777799
c_1_48_144,9.534976,0.12033785
c_1_48_145,9.036219,-0.59611267
c_1_48_146,9.161866,-0.08504581
c_1_48_147,14.687036,-2.3474073
c_1_48_148,8.688205,0.4695379
c_1_48_149,9.713246,2.9560711
c_1_48_150,10.536125,-1.3172349
c_1_48_151,12.9051895,0.06861026
c_1_48_152,13.054584,-0.68484455
c_1_48_153,10.140529,-2.0944688
c_1_48_154,11.051848,0.40202427
c_1_48_155,7.9477153,1.1554363
c_1_48_156,12.477748,-1.1462914
c_1_48_157,10.065109,-1.4541732
c_1_48_158,9.946032,-2.266077
c_1_48_159,10.083475,-0.3452468
c_1_48_160,14.176143,-1.0908083
c_1_48_161,12.186845,1.6439224
c_1_48_162,12.508324,0.6680245
c_1_48_163,14.110821,-1.6643116
c_1_48_164,9.89591,-1.840942
c_1_48_165,13.024405,-0.3352087
c_1_48_166,9.013923,0.0442019
c_1_48_167,14.331438,3.0377636
c_1_48_168,10.067155,-1.314378
c_1_48_169,9.9871,0.0733676
c_1_48_170,12.811814,1.6474408
c_1_48_171,10.217942,-1.6503563
c_1_48_172,12.294329,1.3109696
c_1_48_173,13.183235,1.4066547
c_1_48_174,9.339088,-1.5388981
c_1_48_175,13.80859,-1.1955801
c_1_48_176,14.957259,2.4059842
c_1_48_177,14.814827,-2.4839573
c_1_48_178,10.022322,-0.5740748
c_1_48_179,12.628583,-0.022168167
c_1_48_180,12.934361,-1.5778584
c_1_48_181,14.094166,-1.7348127
c_1_48_182,10.234584,-2.4019556
c_1_48_183,12.157066,-0.42605624
c_1_48_184,9.592809,0.4700933
c_1_48_185,13.544007,-0.34379452
c_1_48_186,10.643546,1.8256824
c_1_48_187,13.8988,2.548642
c_1_48_188,10.406071,-0.840033
c_1_48_189,13.77945,1.032147
c_1_48_190,9.825646,-0.19145048
c_1_48_191,11.775601,0.35372114
c_1_48_192,11.01971,0.0633979
c_1_48_193,12.0518875,-3.7696497
c_1_48_194,9.550478,-0.7906934
c_1_48_195,9.962295,-1.1467423
c_1_48_196,12.712735,0.6946643
c_1_48_197,13.638009,-0.2513897
c_1_48_198,8.301007,0.30253762
c_1_48_199,13.523381,1.4310863
c_1_48_200,9.391989,-0.96650726
c_1_48_201,14.494132,2.3597324
c_1_48_202,13.837571,-1.1561301
c_1_48_203,9.352387,3.7336066
c_1_48_204,8.724328,0.636427
c_1_48_205,14.163172,1.1110872
c_1_48_206,7.6478577,1.5667647
c_1_48_207,8.978425,-1.0996507
c_1_48_208,10.407693,1.4267122
c_1_48_209,8.182168,2.935763
c_1_48_210,12.54932,-1.2711222
c_1_48_211,14.150509,-0.74264467
c_1_48_212,13.107552,1.9644092
c_1_48_213,8.936553,0.8495869
c_1_48_214,11.667032,0.48504427
c_1_48_215,9.952017,0.07285246
c_1_48_216,12.685483,-0.24801074
c_1_48_217,12.922508,1.3697536
c_1_48_218,9.826648,-1.6636714
c_1_48_219,14.85263,2.1487925
c_1_48_220,10.0717325,-1.2681973
c_1_48_221,11.173547,1.7583027
c_1_48_222,14.789926,-2.2239144
c_1_48_223,13.251154,1.4994708
c_1_48_224,12.359238,2.1511269
c_1_48_225,10.60006,-0.9998578
c_1_48_226,10.947883,2.3075752
c_1_48_227,10.653821,-1.2669197
c_1_48_228,14.217239,1.1011375
c_1_48_229,13.195982,1.2739326
c_1_48_230,12.673373,-0.8521046
c_1_48_231,9.664854,-1.5903808
c_1_48_232,12.272986,2.311513
c_1_48_233,10.278111,3.1419625
c_1_48_234,13.3052025,0.0015289743
c_1_48_235,9.821697,1.3501834
c_1_48_236,10.951367,0.83655095
c_1_48_237,8.816982,-0.83286446
c_1_48_238,14.01703,-1.894943
c_1_48_239,9.908097,-0.42267478
c_1_48_240,8.88599,-1.0485286
c_1_48_241,15.587167,3.0407963
c_1_48_242,6.1909237,3.07838
c_1_48_243,15.5989065,2.972159
c_1_48_244,13.274324,1.2572823
c_1_48_245,8.605632,-0.8823604
c_1_48_246,15.217539,2.9050827
c_1_48_247,8.779611,-0.6414399
c_1_48_248,14.211824,2.8184416
c_1_48_249,10.24371,-0.060590655
c_1_48_250,15.353302,2.7035286
c_1_48_251,14.222361,2.2152195
c_1_48_252,9.453586,1.6745682
c_1_48_253,12.899435,1.444761
c_1_48_254,9.552044,-0.2225024
c_1_48_255,15.675764,3.083708
c_1_48_256,9.330718,1.9423778
c_1_48_257,14.145314,2.356858
c_1_48_258,9.45659,0.79951966
c_1_48_259,13.27646,-1.9616053
c_1_48_260,10.871289,1.1237864
c_1_48_261,9.170819,-0.7765983
c_1_48_262,10.380948,-0.9084772
c_1_48_263,9.782965,-0.5979928
c_1_48_264,12.1223545,1.5647388
c_1_48_265,10.045585,-0.28170297
c_1_48_266,14.892291,3.1017482
c_1_48_267,9.20801,1.0190206
c_1_48_268,11.388331,0.25326842
c_1_48_269,14.848577,-2.468381
c_1_48_270,12.124599,2.4457397
c_1_48_271,9.010085,0.1870648
c_1_48_272,13.631241,0.99040806
c_1_48_273,14.862631,-2.3487365
c_1_48_274,9.760623,-2.1846294
c_1_48_275,12.628305,2.4356828
c_1_48_276,13.932819,1.8677841
c_1_48_277,12.803544,-0.96109927
c_1_48_278,10.774566,3.8171482
c_1_48_279,13.63398,-2.1779728
c_1_48_280,13.792198,3.2355359
c_1_48_281,10.817083,-1.6782835
c_1_48_282,9.778689,-1.9379659
c_1_48_283,13.63891,2.0366836
c_1_48_284,10.469985,-2.951096
c_1_48_285,14.523294,-0.8646215
c_1_48_286,13.133017,1.4377949
c_1_48_287,9.126825,-1.665233
c_1_48_288,14.717315,2.6401334
c_1_48_289,10.829386,0.7013377
c_1_48_290,11.367766,1.5004987
c_1_48_291,9.463224,1.5352991
c_1_48_292,13.523664,0.8778991
c_1_48_293,13.516729,-1.7761778
c_1_48_294,5.8745275,3.0074701
c_1_48_295,14.160069,2.2231524
c_1_48_296,12.342679,-0.25093782
c_1_48_297,13.851507,4.346024
c_1_48_298,9.275561,0.3097807
c_1_48_299,10.865472,-2.6625059
c_1_48_300,10.930894,1.7013463
c_1_48_301,9.969689,-1.535405
c_1_48_302,5.6465774,2.7887397
c_1_48_303,14.450005,-0.85364455
c_1_48_304,12.71804,1.562305
c_1_48_305,13.809389,1.1394737
c_1_48_306,10.027163,-0.79998845
c_1_48_307,7.0030966,1.675282
c_1_48_308,8.438018,0.7089947
c_1_48_309,10.611444,-2.8367052
c_1_48_310,12.313524,-0.020768689
c_1_48_311,9.89427,0.66587734
c_1_48_312,15.383689,2.6636572
c_1_48_313,14.447432,-1.938457
c_1_48_314,12.035925,0.63697445
c_1_48_315,15.320319,3.176856
c_1_48_316,10.426484,-1.9802104
c_1_48_317,9.116518,-1.6201155
c_1_48_318,10.708804,0.26649457
c_1_48_319,10.810496,-2.0900521
c_1_48_320,14.485368,3.4683
c_1_48_321,13.513071,-1.1557785
c_1_48_322,5.606377,0.6837194
c_1_48_323,8.900024,-0.9848948
c_1_48_324,9.01243,0.034638442
c_1_48_325,12.0443735,-0.6526221
c_1_48_326,3.7800937,0.5763193
c_1_48_327,13.252736,1.1691964
c_1_48_328,9.859247,-0.6157077
c_1_48_329,8.983913,0.30294287
c_1_48_330,8.960119,-0.6368034
c_1_48_331,12.744866,0.9707092
c_1_48_332,12.424256,1.8234012
c_1_48_333,9.3990555,-0.3903181
c_1_48_334,15.185743,2.880355
c_1_48_335,10.183265,-1.6045637
c_1_48_336,13.867113,1.252658
c_1_48_337,11.912452,2.0640805
c_1_48_338,10.079249,-0.0051739533
c_1_48_339,9.81288,-0.614887
c_1_48_340,12.74009,0.43516636
c_1_48_341,9.327343,0.39794898
c_1_48_342,13.088265,0.2896365
c_1_48_343,14.721223,3.183239
c_1_48_344,14.337212,2.7423782
c_1_48_345,13.024344,1.1376898
c_1_48_346,10.160332,-1.577498
c_1_48_347,13.990976,-0.17049915
c_1_48_348,12.877242,-0.17397101
c_1_48_349,13.728474,-1.0803779
c_1_48_350,9.051977,0.013521062
c_1_48_351,10.397082,-2.3401823
c_1_48_352,10.007677,-0.024127997
c_1_48_353,12.931033,2.2003381
c_1_48_354,14.002887,2.0389202
c_1_48_355,15.189848,3.268386
c_1_48_356,14.370314,2.826412
c_1_48_357,15.327376,2.6944754
c_1_48_358,14.481837,2.744101
c_1_48_359,9.214291,-1.2972484
c_1_48_360,12.874741,-0.01762468
c_1_48_361,9.692598,-0.79070556
c_1_48_362,12.150472,2.1851864
c_1_48_363,10.438013,1.451683
c_1_48_364,8.759185,0.72348243
c_1_48_365,9.841738,-1.1352507
c_1_48_366,9.759554,0.57590336
c_1_48_367,13.409293,-1.0947697
c_1_48_368,8.180237,3.6990552
c_1_48_369,14.060295,-0.16064551
c_1_48_370,14.059352,1.0579444
c_1_48_371,14.32323,1.7776904
c_1_48_372,9.822504,-1.1662632
c_1_48_373,10.188099,0.81312835
c_1_48_374,9.896561,1.714606
c_1_48_375,9.625028,0.6509229
c_1_48_376,10.351959,-0.61177194
c_1_48_377,5.8379693,-1.7862309
c_1_48_378,15.395588,2.8032465
c_1_48_379,9.464394,-0.1401063
c_1_48_380,8.644968,0.14159814
c_1_48_381,10.442608,-1.0834609
c_1_48_382,13.16588,1.7016041
c_1_48_383,10.865948,-1.2487904
c_1_48_384,7.7341156,4.022938
c_1_48_385,9.629256,0.10809642
c_1_48_386,9.58631,-1.4807066
c_1_48_387,12.586425,-0.28340328
c_1_48_388,14.827056,2.3445415
c_1_48_389,15.601631,2.9369385
c_1_48_390,8.548373,1.2770426
c_1_48_391,10.704039,-0.15147378
c_1_48_392,8.874637,-0.7256368
c_1_48_393,10.074845,-1.770194
c_1_48_394,7.9681625,2.9442651
c_1_48_395,12.331743,1.6105822
c_1_48_396,13.959507,2.7839272
c_1_48_397,10.421649,-0.6989141
c_1_48_398,9.456104,1.8861616
c_1_48_399,8.480046,1.5726489
c_1_48_400,8.515002,0.041312963
c_1_48_401,13.681064,-1.7305752
c_1_48_402,11.872658,-0.044510182
c_1_48_403,8.696518,1.032481
c_1_48_404,13.355777,4.6775885
c_1_48_405,9.363155,2.0876753
c_1_48_406,14.041838,0.9050838
c_1_48_407,15.300859,2.7129061
c_1_48_408,11.844619,-1.4514948
c_1_48_409,10.759306,1.5862583
c_1_48_410,9.735127,0.27936828
c_1_48_411,9.819269,0.6284271
c_1_48_412,9.374045,-0.8279527
c_1_48_413,11.906354,2.1433752
c_1_48_414,9.200235,0.3198004
c_1_48_415,8.998949,2.8582232
c_1_48_416,8.943405,-0.0016305258
c_1_48_417,11.430545,-0.45544848
c_1_48_418,15.474198,2.6261487
c_1_48_419,9.938139,1.0054593
c_1_48_420,8.886939,-0.43826815
c_1_48_421,9.28722,0.5770912
c_1_48_422,14.754856,2.0375113
c_1_48_423,10.6717825,-0.37260565
c_1_48_424,8.473785,2.008146
c_1_48_425,4.275021,0.4994842
c_1_48_426,4.938964,0.6581363
c_1_48_427,13.2576685,5.414421
c_1_48_428,3.1450326,-0.43543813
c_1_48_429,15.1001,2.5985816
c_1_48_430,7.084649,1.1618806
c_1_48_431,10.043494,-0.82531184
c_1_48_432,9.792474,1.1886855
c_1_48_433,11.703064,0.17352034
c_1_48_434,11.3926935,1.4233361
c_1_48_435,10.61838,-1.162636
c_1_48_436,8.835752,3.0221064
c_1_48_437,10.07744,1.1793897
c_1_48_438,10.461517,-2.8048058
c_1_48_439,14.104245,1.1954384
c_1_48_440,12.639984,2.3977382
c_1_48_441,6.8546185,2.9654782
c_1_48_442,3.428325,-0.6669425
c_1_48_443,3.8615408,-0.83256984
c_1_48_444,3.665564,-0.64130133
c_1_48_445,12.276917,0.8099639
c_1_48_446,3.5392845,-0.73993564
c_1_48_447,10.215446,0.43029925
c_1_48_448,9.149651,0.034666855
c_1_48_449,10.885852,-0.55571777
c_1_48_450,13.299299,1.3211164
c_1_48_451,9.536358,-1.1283647
c_1_48_452,14.911434,2.4634054
c_1_48_453,10.478919,-1.3296232
c_1_48_454,10.6916,-0.42905247
c_1_48_455,10.732297,-0.45171785
c_1_48_456,12.653616,-0.05783975
c_1_48_457,10.1628,-2.195663
c_1_48_458,10.5878105,-0.96720695
c_1_48_459,11.7347975,0.3725502
c_1_48_460,14.120908,-0.50400126
c_1_48_461,10.58029,0.6188357
c_1_48_462,9.719076,-0.5000305
c_1_48_463,9.2884865,-1.139278
c_1_48_464,8.021047,4.2417417
c_1_48_465,8.017913,3.0014956
c_1_48_466,9.240137,-0.95051724
c_1_48_467,14.530034,-0.7660216
c_1_48_468,12.405038,0.32860672
c_1_48_469,10.22751,-1.2710232
c_1_48_470,6.42158,2.3150096
c_1_48_471,12.949217,1.0451238
c_1_48_472,13.3677635,1.1741775
c_1_48_473,2.8799064,-0.49782273
c_1_48_474,9.428354,-0.1368219
c_1_48_475,14.574848,2.6877208
c_1_48_476,13.484384,-0.7653681
c_1_48_477,12.558699,2.0417373
c_1_48_478,9.509838,0.3312001
c_1_48_479,12.905555,0.8713152
c_1_48_480,8.97957,-0.318472
c_1_48_481,8.799735,-0.34278944
c_1_48_482,14.368039,-0.82526046
c_1_48_483,9.401971,4.550477
c_1_48_484,8.989623,-0.8901634
c_1_48_485,3.79145,-0.5085788
c_1_48_486,9.306592,-0.27440003
c_1_48_487,15.176887,2.5067484
c_1_48_488,10.914783,-0.5304334
c_1_48_489,10.706454,-0.2862806
c_1_48_490,13.610231,5.3838263
c_1_48_491,9.800329,0.38129377
c_1_48_492,8.822205,-0.24987267
c_1_48_493,14.894819,2.9389338
c_1_48_494,13.866307,-2.1965663
c_1_48_495,9.845208,-0.20207722
c_1_48_496,3.481243,-0.54909754
c_1_48_497,13.109364,2.211842
c_1_48_498,13.133592,1.2554445
c_1_48_499,9.905635,1.2461364
c_1_48_500,12.476441,-0.47175416
c_1_48_501,12.849095,0.0560447
c_1_48_502,14.165973,3.6563842
c_1_48_503,11.284354,0.07723314
c_1_48_504,10.876038,-0.06449996
c_1_48_505,6.5675683,0.4096
c_1_48_506,9.599296,-0.84365594
c_1_48_507,10.181535,0.3080649
c_1_48_508,6.441519,2.810525
c_1_48_509,15.252067,2.813625
c_1_48_510,10.997385,0.056589324
c_1_48_511,14.049012,-2.1172795
c_1_48_512,12.783055,1.2982702
c_1_48_513,3.879223,-1.0456425
c_1_48_514,8.581522,4.194892
c_1_48_515,10.180556,0.6124476
c_1_48_516,14.043002,-0.5843839
c_1_48_517,15.689137,2.9659228
c_1_48_518,10.791452,-0.005966168
c_1_48_519,12.16517,1.0292071
c_1_48_520,11.470523,-0.036396366
c_1_48_521,15.162989,2.4550443
c_1_48_522,12.979129,0.6101241
c_1_48_523,12.757452,-1.1173798
c_1_48_524,8.66117,0.2846506
c_1_48_525,10.817539,-1.4968517
c_1_48_526,9.417355,3.5214868
c_1_48_527,9.796915,-0.7330496
c_1_48_528,13.391436,2.3326843
c_1_48_529,10.918949,2.5642037
c_1_48_530,8.55668,0.25302118
c_1_48_531,13.050567,1.0056266
c_1_48_532,7.71168,4.018984
c_1_48_533,9.657162,3.5820308
c_1_48_534,9.999716,-0.49997622
c_1_48_535,10.089305,-1.771046
c_1_48_536,15.217606,2.4039133
c_1_48_537,13.498775,0.38317662
c_1_48_538,5.272158,-0.45251077
c_1_48_539,13.712609,-1.6743813
c_1_48_540,10.297352,1.4704695
c_1_48_541,13.485326,-0.32706833
c_1_48_542,7.1127167,1.840955
c_1_48_543,13.878246,-1.6183333
c_1_48_544,8.324902,-0.24634853
c_1_48_545,10.272318,-0.5356033
c_1_48_546,13.688187,2.353791
c_1_48_547,9.18334,1.4612631
c_1_48_548,7.9667206,2.6118262
c_1_48_549,10.408881,0.15770906
c_1_48_550,10.463642,1.4039375
c_1_48_551,15.199588,2.6121404
c_1_48_552,13.908439,2.2897363
c_1_48_553,9.717204,-1.511686
c_1_48_554,9.235917,0.66769683
c_1_48_555,9.786669,-0.38493413
c_1_48_556,13.555803,-1.3757815
c_1_48_557,7.728419,2.2358599
c_1_48_558,6.9833546,2.943139
c_1_48_559,8.465701,1.9491705
c_1_48_560,11.599516,1.1516434
c_1_48_561,9.065179,0.62612957
c_1_48_562,3.7156281,-0.6310381
c_1_48_563,12.198723,0.35643253
c_1_48_564,9.337596,0.65707
c_1_48_565,10.250501,2.1854973
c_1_48_566,13.621299,-1.3975897
c_1_48_567,8.46932,3.310408
c_1_48_568,7.984914,2.8922293
c_1_48_569,10.518566,-0.54334104
c_1_48_570,14.426322,2.3328092
c_1_48_571,13.9422035,-0.45020124
c_1_48_572,11.961666,0.69754803
c_1_48_574,9.951889,0.6275975
c_1_48_575,15.055607,3.263125
c_1_48_576,8.386949,2.082496
c_1_48_577,14.1165285,-2.0545714
c_1_48_579,9.028715,-1.7220359
c_1_48_580,9.266715,1.9541955
c_1_48_581,12.48631,0.55705476
c_1_48_582,10.638569,2.2077825
c_1_48_583,14.432488,-2.1791356
c_1_48_585,10.466085,0.04255444
c_1_48_586,15.344951,2.4505126
c_1_48_587,8.477509,0.7258067
c_1_48_588,13.49772,1.6976247
c_1_48_589,10.457113,2.2270374
c_1_48_590,3.5670092,-0.71555793
c_1_48_591,7.4572363,2.8960216
c_1_48_592,12.38276,2.401171
c_1_48_593,6.158572,2.7562637
c_1_48_594,10.06911,-0.8085188
c_1_48_595,13.234005,-1.0870025
c_1_48_596,9.876865,4.011235
c_1_48_597,9.4271145,4.3506637
c_1_48_598,12.490952,-0.482201
c_1_48_600,5.8891,2.9455552
c_1_48_601,6.4799023,2.1304388
c_1_48_602,6.999777,2.6887884
c_1_48_603,9.676459,1.7636392
c_1_48_604,11.827966,1.166207
c_1_48_605,6.1481996,2.628822
c_1_48_607,10.076714,-1.6866486
c_1_48_608,9.823864,-0.49177614
c_1_48_610,10.7115135,1.331921
c_1_48_611,13.995474,1.9359777
c_1_48_612,7.091439,2.9034185
c_1_48_613,8.657474,0.5222997
c_1_48_614,9.594672,-0.7480771
c_1_48_615,13.886165,-1.51461
c_1_48_616,4.8450017,-0.875673
c_1_48_617,8.424724,3.7402244
c_1_48_618,9.593008,1.5035515
c_1_48_619,9.478672,0.05281404
c_1_48_620,7.7482085,2.4989552
c_1_48_621,9.861774,0.04430194
c_1_48_622,13.529937,-1.7960085
c_1_48_625,9.931545,0.36043707
c_1_48_626,6.0178366,3.2203803
c_1_48_627,13.792706,1.3629102
c_1_48_629,8.696422,2.3097713
c_1_48_630,9.557948,-0.20698266
c_1_48_631,13.646649,-1.2334708
c_1_48_633,6.273777,1.0342566
c_1_48_634,4.492019,0.1673757
c_1_48_635,9.726521,1.7282046
c_1_48_636,12.02222,1.009026
c_1_48_639,8.700831,0.38709104
c_1_48_640,12.278835,1.1968783
c_1_48_642,10.252891,-0.5781835
c_1_48_643,9.9836855,1.625913
c_1_48_644,12.770688,1.3909599
c_1_48_645,10.522158,0.87674993
c_1_48_647,10.356178,1.5534959
c_1_48_648,5.009951,0.56684226
c_1_48_651,10.104154,0.72354203
c_1_48_652,7.013917,1.8046384
c_1_48_653,11.126536,0.08143087
c_1_48_654,4.348578,0.18921043
c_1_48_655,15.024114,2.1830857
c_1_48_656,7.9041634,3.1787486
c_1_48_657,13.16543,1.6615618
c_1_48_660,9.876655,0.5288793
c_1_48_661,12.234006,0.083153255
c_1_48_662,14.304365,-2.1163993
c_1_48_663,15.13588,2.4943695
c_1_48_664,9.628115,-0.0001809538
c_1_48_665,5.700109,3.0003045
c_1_48_666,5.9251184,2.942162
c_1_48_669,8.943045,1.3652923
c_1_48_670,13.717847,0.6567269
c_1_48_672,9.45069,-1.6939882
c_1_48_673,9.034025,-0.22671172
c_1_48_674,9.177614,-1.3314826
c_1_48_675,8.943726,-0.7206828
c_1_48_676,14.556996,-0.59972703
c_1_48_677,14.198756,-1.7992989
c_1_48_678,9.829345,0.047288902
c_1_48_679,11.638503,0.70725256
c_1_48_680,13.276904,-0.4976218
c_1_48_682,11.937307,-0.13251688
c_1_48_684,9.509254,1.0330882
c_1_48_685,8.573645,0.8067567
c_1_48_686,11.886705,1.0186298
c_1_48_687,6.2286143,2.9494965
c_1_48_688,11.992942,1.1478027
c_1_48_689,4.567604,0.11400554
c_1_48_690,10.056395,0.18653895
c_1_48_691,8.14863,0.49477768
c_1_48_692,13.278115,1.0435594
c_1_48_693,11.315512,-0.26815927
c_1_48_694,7.6555696,3.1798513
c_1_48_695,11.914977,0.94920963
c_1_48_696,4.645404,0.15611106
c_1_48_703,14.899304,2.314445
c_1_48_704,13.64694,4.2884088
c_1_48_705,6.5444455,1.9950176
c_1_48_707,11.503949,-0.09688337
c_1_48_708,4.1091876,-0.24379718
c_1_48_710,7.1755805,1.73148
c_1_48_712,14.322172,2.0901964
c_1_48_715,10.278178,0.3329925
c_1_48_716,4.4637294,-0.43732443
c_1_48_717,6.6288743,2.9761856
c_1_48_718,11.144297,0.08314482
c_1_48_720,11.930742,1.1691314
c_1_48_722,8.503668,1.3000741
c_1_48_724,12.319807,1.9426156
c_1_48_725,14.519277,1.2463883
c_1_48_726,12.214663,1.3825563
c_1_48_727,4.1679935,0.18361321
c_1_48_728,8.142424,2.005656
c_1_48_730,4.486484,1.3911673
c_1_48_731,14.260515,2.3545938
c_1_48_732,13.31124,0.88349164
c_1_48_733,15.064018,2.4180114
c_1_48_736,8.627767,-0.043756817
c_1_48_737,10.816966,2.1647568
c_1_48_739,8.732733,-0.46073687
c_1_48_740,6.119527,2.168757
c_1_48_741,9.969446,-0.49900642
c_1_48_742,3.8360615,-0.55324274
c_1_48_744,10.589937,1.5659481
c_1_48_745,9.719142,-0.576076
c_1_48_747,10.856679,0.8439547
c_1_48_749,11.637022,1.1271316
c_1_48_750,9.396772,-0.6610611
c_1_48_751,9.735847,0.2728258
c_1_48_752,12.890388,2.1038861
c_1_48_753,6.513996,2.1763437
c_1_48_754,10.621009,-1.5284092
c_1_48_757,11.951012,1.3446695
c_1_48_758,15.119587,3.2455616
c_1_48_759,8.7813425,3.598265
c_1_48_761,8.924978,4.125131
c_1_48_764,11.648147,0.88358295
c_1_48_766,5.699021,3.1611362
c_1_48_767,7.223034,3.195314
c_1_48_768,8.979579,-0.03734418
c_1_48_769,12.926856,1.1968943
c_1_48_770,13.916041,2.795372
c_1_48_771,12.836574,2.5891955
c_1_48_772,6.216518,3.2273638
c_1_48_773,4.292291,1.6559324
c_1_48_774,9.391679,-0.5019792
c_1_48_775,10.058036,-1.3272799
c_1_48_776,8.285283,4.108713
c_1_48_777,6.316393,3.1106684
c_1_48_779,10.289638,1.7929555
c_1_48_780,5.705956,3.0449066
c_1_48_781,7.302689,1.5290803
c_1_48_782,12.973266,0.9709208
c_1_48_783,5.0125256,0.11413845
c_1_48_785,9.6634445,0.13398786
c_1_48_788,14.411902,2.845138
c_1_48_789,7.0340395,3.5621154
c_1_48_790,11.46562,0.98645574
c_1_48_791,7.4729543,2.0022924
c_1_48_792,5.664218,3.257849
c_1_48_793,11.698577,-0.49625912
c_1_48_794,8.992942,0.4257086
c_1_48_796,6.2928205,2.1596181
c_1_48_798,12.252263,1.0279019
c_1_48_799,11.872696,0.48408604
c_1_48_800,8.765152,2.0328896
c_1_48_801,14.940925,2.3644896
c_1_48_802,5.2028213,0.24500313
c_1_48_803,7.1503916,2.2126408
c_1_48_804,11.016609,2.4892914
c_1_48_805,13.518421,1.7037554
c_1_48_806,13.05087,0.8539871
c_1_48_807,15.4223175,3.216252
c_1_48_808,14.859031,2.4830656
c_1_48_810,10.564676,1.6734416
c_1_48_812,6.485404,3.348492
c_1_48_813,10.319242,-1.0561409
c_1_48_816,11.260362,0.66917676
c_1_48_817,15.28366,2.850977
c_1_48_818,7.9997907,0.9345927
c_1_48_819,11.367986,2.0836408
c_1_48_820,7.8249116,3.242552
c_1_48_821,6.096873,2.5234265
c_1_48_824,12.008431,1.4284713
c_1_48_825,7.4392686,2.586295
c_1_48_826,11.0919075,0.61920583
c_1_48_827,13.347738,1.7599914
c_1_48_828,11.072147,1.6768999
c_1_48_829,15.319902,2.6660504
c_1_48_830,5.6661444,2.7933345
c_1_48_831,8.592909,2.0677578
c_1_48_832,5.2278066,0.49967417
c_1_48_834,7.7526884,3.5010507
c_1_48_835,15.345548,3.0554128
c_1_48_836,15.335353,2.7501094
c_1_48_837,7.195887,2.2824068
c_1_48_838,4.295433,0.13122922
c_1_48_839,12.997651,0.82667816
c_1_48_840,13.202305,1.2957299
c_1_48_842,6.4382186,1.4292953
c_1_48_845,10.35874,4.8791633
c_1_48_846,14.158765,1.7727809
c_1_48_849,12.651687,1.2325459
c_1_48_851,11.851918,0.0632404
c_1_48_852,8.742448,2.3528142
c_1_48_853,13.909409,1.2016652
c_1_48_854,8.208942,3.0419252
c_1_48_855,7.8085246,2.4888484
c_1_48_856,6.4340997,2.6439078
c_1_48_859,13.473754,1.0972846
c_1_48_860,10.356426,0.56690115
c_1_48_864,6.6907287,2.5238507
c_1_48_866,14.302301,2.5461495
c_1_48_868,6.9590917,2.6680286
c_1_48_872,14.662087,1.1355873
c_1_48_874,13.724044,1.0977101
c_1_48_876,6.315136,2.5857189
c_1_48_877,11.019992,-0.24263617
c_1_48_878,14.810269,2.7641056
c_1_48_879,10.905791,1.1492593
c_1_48_880,7.9390454,2.5250378
c_1_48_881,12.799005,1.5832193
c_1_48_883,13.921443,1.47983
c_1_48_884,14.118531,2.8382952
c_1_48_885,7.1951923,2.4315138
c_1_48_886,5.705,2.9893274
c_1_48_887,13.686139,1.2712456
c_1_48_889,7.912452,3.319804
c_1_48_890,5.9372544,0.63835907
c_1_48_891,7.0920157,1.5647365
c_1_48_892,9.766987,1.3126981
c_1_48_894,14.01657,1.1711355
c_1_48_895,6.171816,-0.24195659
c_1_48_896,11.292785,0.22765793
c_1_48_897,8.582435,3.3321707
c_1_48_898,14.253806,0.8512329
c_1_48_899,8.448363,2.5402365
c_1_48_900,5.8660417,3.0044703
c_1_48_901,6.4204626,2.8318584
c_1_48_902,11.328541,-0.9362153
c_1_48_905,9.63619,0.5812154
c_1_48_906,5.8317537,2.8669584
c_1_48_908,6.065862,2.3772843
c_1_48_909,6.423413,2.8718672
c_1_48_910,9.81481,-0.95110434
c_1_48_911,5.642491,0.62314945
c_1_48_912,7.799219,0.28816858
c_1_48_913,6.5979757,2.5541728
c_1_48_914,10.355854,1.5405849
c_1_48_915,14.086384,2.0663395
c_1_48_916,8.874765,-0.9183527
c_1_48_917,8.9133,1.2694893
c_1_48_918,11.320271,1.1469808
c_1_48_919,14.316508,2.8621705
c_1_48_921,9.802556,-0.45187235
c_1_48_922,7.4644995,1.77189
c_1_48_923,7.0570736,2.50777
c_1_48_924,12.248452,2.0946686
c_1_48_927,10.296722,-0.527108
c_1_48_928,8.877908,2.6329725
c_1_48_930,10.582993,1.351132
c_1_48_931,10.877021,2.320996
c_1_48_932,5.1545243,0.3671134
c_1_48_933,10.915509,-0.8062603
c_1_48_935,12.215572,0.9645144
c_1_48_936,6.060016,2.601321
c_1_48_937,5.5025563,0.37662578
c_1_48_938,5.709566,3.0901728
c_1_48_939,6.897209,2.3734114
c_1_48_940,10.144178,0.9736366
c_1_48_941,11.925315,0.55937934
c_1_48_942,9.050997,5.106925
c_1_48_943,6.847902,1.8892666
c_1_48_945,7.879775,3.0490093
c_1_48_946,6.0515428,3.1330345
c_1_48_947,6.3928638,3.0158274
c_1_48_948,13.957127,2.8760498
c_1_48_949,5.251091,0.03299113
c_1_48_950,8.620286,2.1528249
c_1_48_951,11.569392,0.26070714
c_1_48_952,11.043302,-0.42274058
c_1_48_953,6.0464783,3.4475627
c_1_48_954,11.260253,1.7910671
c_1_48_956,6.227857,2.4485958
c_1_48_957,4.686015,0.60186684
c_1_48_958,11.689881,2.4072714
c_1_48_959,7.3343062,2.426078
c_1_48_960,12.487452,1.463553
c_1_48_961,11.3097105,-0.20893593
c_1_48_962,7.55473,1.3508917
c_1_48_966,6.1851773,0.0457089
c_1_48_969,13.178854,1.0083336
c_1_48_972,7.720291,1.5062042
c_1_48_973,9.967137,-0.64091516
c_1_48_974,14.205143,2.491334
c_1_48_976,9.16087,2.1923883
c_1_48_977,9.640175,0.36828715
c_1_48_978,9.249817,2.3998144
c_1_48_979,13.493639,2.0977964
c_1_48_981,14.665041,2.3980153
c_1_48_982,4.7037687,0.5968274
c_1_48_984,5.987424,2.5639024
c_1_48_986,7.268193,2.4730554
c_1_48_987,4.2811666,-0.0073749507
c_1_48_989,13.484743,1.0382775
c_1_48_990,13.363581,0.68148714
c_1_48_991,5.166308,0.734937
c_1_48_992,9.337697,0.1870778
c_1_48_993,6.8899937,3.3204532
c_1_48_994,10.246406,2.7265742
c_1_48_995,6.9242363,1.2226753
c_1_48_997,6.446087,2.2374206
c_1_48_998,5.5702853,0.28941956
c_1_48_999,5.475064,0.4033653
c_1_48_1000,9.952823,-1.18405
c_1_48_1001,4.977854,0.018472837
c_1_48_1003,7.313157,2.692734
c_1_48_1004,10.17755,0.6888056
c_1_48_1005,7.342922,1.7852348
c_1_48_1006,8.581983,-0.6302801
c_1_48_1007,4.719829,0.4530862
c_1_48_1008,9.405211,4.3779798
c_1_48_1009,13.385563,1.696909
c_1_48_1011,4.9526157,0.16459624
c_1_48_1012,7.4822044,2.1812952
c_1_48_1013,11.505395,0.9615536
c_1_48_1014,10.735414,1.9446872
c_1_48_1015,6.951166,2.7223933
c_1_48_1017,9.020865,0.069657706
c_1_48_1018,4.543464,0.4059267
c_1_48_1019,6.2707834,2.5798264
c_1_48_1020,9.486734,-0.7115842
c_1_48_1021,7.4853277,3.2467237
c_1_48_1022,9.334124,-0.3095058
c_1_48_1023,5.977226,2.9379027
c_1_48_1024,9.655942,-0.12232079
c_1_48_1025,4.1324115,0.100003466
c_1_48_1026,4.569187,0.28140655
c_1_48_1027,7.752697,2.3211377
c_1_48_1028,9.868238,2.504583
c_1_48_1031,11.527076,0.86090434
c_1_48_1032,5.2876716,0.2862683
c_1_48_1033,10.836968,-0.114534646
c_1_48_1034,5.082793,0.13093981
c_1_48_1036,5.608675,0.40023717
c_1_48_1038,9.900506,-0.96001846
c_1_48_1039,11.935152,1.0279233
c_1_48_1040,12.640927,1.0806246
c_1_48_1041,7.1996613,3.0713696
c_1_48_1042,7.608709,1.8004533
c_1_48_1043,8.589389,2.4025142
c_1_48_1044,8.9409485,0.6286628
c_1_48_1045,5.489486,0.35228118
c_1_48_1046,4.470138,0.33018672
c_1_48_1047,5.2389417,0.10884462
c_1_48_1049,3.5891216,0.18504965
c_1_48_1050,11.0799265,-2.701049
c_1_48_1051,4.3766227,0.5579682
c_1_48_1052,12.541016,-0.49342847
c_1_48_1054,10.174298,3.1126115
c_1_48_1055,14.08868,-0.18240961
c_1_48_1056,9.298089,2.6940968
c_1_48_1057,9.418896,1.4830242
c_1_48_1058,12.381621,-0.58601534
c_1_48_1059,4.464853,0.19159658
c_1_48_1060,5.9463377,2.8433387
c_1_48_1061,13.177202,3.2510998
c_1_48_1063,6.007302,3.2864966
c_1_48_1064,6.6010556,3.2149174
c_1_48_1065,4.709919,0.16509494
c_1_48_1066,9.292813,0.95905584
c_1_48_1067,4.9086876,0.51627344
c_1_48_1069,5.4211574,2.7755969
c_1_48_1070,8.254189,1.5999155
c_1_48_1071,5.0193043,0.16203104
c_1_48_1072,4.679409,0.32442626
c_1_48_1073,6.3314734,3.3770592
c_1_48_1074,7.795923,1.4129479
c_1_48_1075,5.0321927,0.37642032
c_1_48_1076,5.3167906,0.2952415
c_1_48_1077,7.641908,2.653038
c_1_48_1078,4.868372,0.2896269
c_1_48_1080,8.012628,1.9396977
c_1_48_1082,9.590209,1.9764173
c_1_48_1083,4.7931366,0.12267777
c_1_48_1084,6.905888,2.1024647
c_1_48_1085,4.509927,0.074664295
c_1_48_1086,6.786123,-0.047308132
c_1_48_1087,6.677091,2.1744084
c_1_48_1088,15.153022,3.0120764
c_1_48_1089,3.9317007,0.29801074
c_1_48_1090,9.245755,2.5958595
c_1_48_1091,7.0946183,3.3933587
c_1_48_1093,5.057476,0.30644894
c_1_48_1094,5.3817825,0.785846
c_1_48_1095,5.1564217,0.06446544
c_1_48_1098,15.370158,2.870204
c_1_48_1099,4.0568566,0.070751734
c_1_48_1101,5.864521,0.5525588
c_1_48_1102,6.737045,1.9074498
c_1_48_1103,4.897619,0.56549746
c_1_48_1104,4.9486966,0.012541877
c_1_48_1105,6.313349,2.2091942
c_1_48_1106,14.551091,2.9186902
c_1_48_1107,10.8159,1.0389657
c_1_48_1108,4.704756,-0.036940694
c_1_48_1109,4.7816343,0.14634031
c_1_48_1110,5.6641655,0.99558616
c_1_48_1111,8.031329,2.3883057
c_1_48_1112,7.305697,1.1456956
c_1_48_1113,11.382127,1.5232737
c_1_48_1114,3.689077,0.20875463
c_1_48_1115,14.442978,2.4532847
c_1_48_1116,3.747619,0.1235361
c_1_48_1117,9.391431,0.10049925
c_1_48_1118,13.807952,2.0436678
c_1_48_1119,13.64746,2.110606
c_1_48_1121,3.215961,-0.005432482
c_1_48_1122,3.7253823,0.22646359
c_1_48_1123,8.491871,2.135646
c_1_48_1124,10.646277,0.45583254
c_1_48_1125,11.437648,1.5306604
c_1_48_1126,10.645452,2.0347438
c_1_48_1127,11.314367,1.1388714
c_1_48_1128,12.941156,1.033999
c_1_48_1129,13.684158,-1.3949096
c_1_48_1130,11.012949,1.0797553
c_1_48_1131,7.133319,0.8375742
c_1_48_1132,11.482372,1.782212
c_1_48_1133,6.9570184,0.67104644
c_1_48_1134,4.1984835,-0.3908601
c_1_48_1135,8.996899,1.4401504
c_1_48_1136,3.385521,0.6160116
c_1_48_1137,10.454665,0.9676151
c_1_48_1138,14.335796,2.4715877
c_1_48_1139,6.1909943,0.27517635
c_1_48_1140,13.187845,1.1542143
c_1_48_1141,3.6196337,0.36419645
c_1_48_1142,3.515389,0.21959007
c_1_48_1143,10.806622,3.0619698
c_1_48_1144,13.917484,0.93822193
c_1_48_1145,9.174577,2.5791247
c_1_48_1146,14.981294,2.3943543
c_1_48_1147,3.8068953,0.3131243
c_1_48_1148,14.053913,1.1277348
c_1_48_1149,9.923452,0.07912602
c_1_48_1150,5.4684753,0.61411124
c_1_48_1151,7.52241,2.0445182
c_1_48_1152,14.0683,-1.8239328
c_1_48_1153,13.704724,1.8090543
c_1_48_1155,9.926094,-0.07851849
c_1_48_1156,11.37673,1.030692
c_1_48_1157,9.162262,0.46296418
c_1_48_1158,13.556466,2.1243236
c_1_48_1159,13.167118,1.9821014
c_1_48_1160,13.636499,1.2900977
c_1_48_1161,7.490262,3.3064728
c_1_48_1162,14.213931,2.559866
c_1_48_1163,3.9352841,0.2790291
c_1_48_1164,15.208653,2.7970705
c_1_48_1165,15.4781475,3.1069558
c_1_48_1166,11.239732,2.1305902
c_1_48_1167,14.086173,1.9581144
c_1_48_1168,6.951731,0.31011578
c_1_48_1169,3.5870907,0.4285561
c_1_48_1170,4.304646,-1.4367864
c_1_48_1171,4.6094747,-1.6667881
c_1_48_1172,3.985745,-1.5692406
c_1_48_1173,14.817728,2.2819033
c_1_48_1174,4.0930147,-0.7772644
c_1_48_1175,4.7219257,-1.2132487
c_1_48_1176,4.197498,-1.1661497
c_1_48_1177,4.5497956,-1.1626358
c_1_48_1179,6.978709,2.8499837
c_1_48_1180,11.1231365,5.033703
c_1_48_1181,4.356708,-1.4602956
c_1_48_1182,3.8413532,-0.82020813
c_1_48_1183,3.547901,-0.49978158
c_1_48_1184,3.6126761,-0.54956347
c_1_48_1185,4.0826726,0.22830021
c_1_48_1186,4.0722623,-0.6239092
c_1_48_1187,4.12164,0.52821344
c_1_48_1188,4.589732,-1.1223979
c_1_48_1189,6.269981,2.4269593
c_1_48_1190,3.6730502,-0.58947223
c_1_48_1191,6.273731,2.4772546
c_1_48_1192,4.013486,-0.9494342
c_1_48_1193,3.5930586,-0.59301674
c_1_48_1194,6.3206034,0.36164114
c_1_48_1195,3.5493317,-0.57273227
c_1_48_1196,3.508522,-0.50391406
c_1_48_1197,3.5308907,-0.718439
c_1_48_1198,3.0842042,-0.154534
c_1_48_1199,3.2740226,0.30629697
c_1_48_1200,3.123036,-0.2302729
c_1_48_1201,3.2230704,-0.28770974
c_1_48_1202,3.541986,0.31454176
c_1_48_1203,3.8547602,0.15586512
c_1_48_1204,8.112377,1.4688091
c_1_48_1205,3.2954948,0.7341492
c_1_48_1206,6.9572053,2.9015188
c_1_48_1207,3.7395306,-0.96760136
c_1_48_1208,3.5158608,0.53449327
c_1_48_1209,3.9526699,0.39034158
c_1_48_1210,3.753758,-0.09157707
c_1_48_1211,7.0261474,2.6667955
c_1_48_1212,3.1257215,-0.02541758
c_1_48_1213,3.8362267,-0.926806
c_1_48_1214,4.940489,0.95222664
c_1_48_1215,3.9305477,0.72467446
c_1_48_1216,6.3245773,2.2716713
c_1_48_1217,4.3066893,0.101093166
c_1_48_1218,3.1763897,0.37756884
c_1_48_1219,3.175355,0.10467106
c_1_48_1220,4.4500666,0.5266151
c_1_48_1221,2.8064685,-0.42298222
c_1_48_1223,3.4026477,0.88678586
c_1_48_1224,3.4099593,-0.04982998
c_1_48_1225,3.0336192,-0.028779127
c_1_48_1226,3.9218462,0.6050311
c_1_48_1228,3.9233685,-0.49999845
c_1_48_1229,2.9202492,0.069761395
c_1_48_1230,2.855515,-0.019018352
c_1_48_1231,2.910455,0.19573048
c_1_48_1232,3.3366454,0.19581407
c_1_48_1233,4.195081,0.82893217
c_1_48_1234,2.4679182,0.34877458
c_1_48_1235,8.087006,2.364401
c_1_48_1236,3.5497568,-0.043307025
c_1_48_1237,3.042278,-0.00048801233
c_1_48_1238,4.503932,-0.13917758
c_1_48_1239,3.0821636,-0.1556272
c_1_48_1240,3.801969,-0.6319609
c_1_48_1241,3.2297907,0.39440534
c_1_48_1242,3.6863875,0.5999839
c_1_48_1243,2.6828868,0.2738656
c_1_48_1244,3.254719,0.30020234
c_1_48_1245,2.76807,0.50759387
c_1_48_1246,2.7828858,0.64046687
c_1_48_1247,3.2107353,0.60296035
c_1_48_1248,2.8846676,-0.5869333
c_1_48_1249,2.927847,-0.14809245
c_1_48_1250,2.6719475,-0.3840118
c_1_48_1251,2.758574,-0.35826176
c_1_48_1252,3.2749403,0.06230217
c_1_48_1253,2.5487907,-0.18445519
c_1_48_1254,2.6825783,-0.15768765
c_1_48_1255,2.600562,-0.4514434
c_1_48_1257,2.819846,-0.1067875
c_1_48_1258,2.5563018,-0.3880989
c_1_48_1259,2.8180573,0.081750825
c_1_48_1260,5.3527226,0.056506105
c_1_48_1263,4.5206866,-0.56919616
c_1_48_1264,3.4476645,-0.8922878
c_1_48_1265,5.7049,0.39668107
c_1_48_1267,10.865356,-2.095828
c_1_48_1270,10.617966,-2.9837327
c_1_48_1271,9.320777,-0.26393363
c_1_48_1272,11.556816,-2.9809551
c_1_48_1273,9.557444,0.01994633
c_1_48_1274,8.346705,-0.13218324
c_1_48_1275,11.366446,-0.71958786
c_1_48_1277,8.128855,-0.71728635
c_1_48_1278,8.55144,1.8793498
c_1_48_1279,9.122244,-0.8985214
c_1_48_1281,10.153463,2.5823631
c_1_48_1282,8.226768,0.75867635
c_1_48_1283,10.999326,0.07665556
c_1_48_1284,10.076071,1.5666833
c_1_48_1285,11.973171,1.7780741
c_1_48_1286,10.601042,0.16142704
c_1_48_1287,9.820045,4.498642
c_1_48_1288,12.307903,1.4276396
c_1_48_1289,14.855836,-2.4265761
c_1_48_1291,11.925394,1.2779359
c_1_48_1292,10.888548,1.0807414
c_1_48_1293,14.326861,0.9166003
c_1_48_1294,12.153822,1.023055
c_1_48_1295,5.605531,-2.229425
c_1_48_1296,9.115664,-0.14451778
c_1_48_1297,14.174517,-2.1321902
c_1_48_1298,14.357474,-2.3743567
c_1_48_1299,6.646173,2.8085809
c_1_48_1300,5.405983,-2.2102113
c_1_48_1301,4.5129094,-2.426899
c_1_48_1302,4.1982503,-1.8322808
c_1_48_1303,10.171609,-1.6244328
c_1_48_1304,9.357404,-0.28950042
c_1_48_1305,9.594567,-1.2693651
c_1_48_1306,12.635613,0.17473455
c_1_48_1307,10.227017,-3.0030758
c_1_48_1308,11.142447,-1.3527585
c_1_48_1309,10.758282,-0.08648683
c_1_48_1310,10.582346,-0.122464366
c_1_48_1311,8.580873,-1.1650304
c_1_48_1312,10.0719595,2.4065592
c_1_48_1313,9.697826,-0.8368653
c_1_48_1314,9.467666,-1.869505
c_1_48_1315,9.426466,-1.7825303
c_1_48_1316,10.538089,-1.5173755
c_1_48_1317,9.060054,-1.7028024
c_1_48_1318,11.066758,-0.81948835
c_1_48_1319,13.135253,-1.2998617
c_1_48_1320,11.968072,2.1384025
c_1_48_1321,12.058055,-3.9526165
c_1_48_1322,9.033716,-1.2698946
c_1_48_1323,9.464918,-0.47957674
c_1_48_1324,9.140835,-1.5343912
c_1_48_1325,10.498485,-2.2770376
c_1_48_1326,10.311684,0.13368732
c_1_48_1327,14.154189,2.8017776
c_1_48_1328,10.436981,-2.8427832
c_1_48_1329,11.278906,4.869912
c_1_48_1330,10.734418,-1.9631953
c_1_48_1331,10.448146,-1.3462998
c_1_48_1332,8.636649,-1.1335253
c_1_48_1333,4.851041,-2.2465048
c_1_48_1334,9.9973755,-0.32586676
c_1_48_1335,12.352398,1.4866698
c_1_48_1336,9.451159,-1.0762416
c_1_48_1337,9.484233,2.5855582
c_1_48_1338,9.692246,0.034046914
c_1_48_1339,11.898676,1.1273872
c_1_48_1340,9.887765,-0.90374213
c_1_48_1341,9.502361,-1.0944973
c_1_48_1342,10.291876,-1.0617399
c_1_48_1343,11.392657,-1.7218331
c_1_48_1344,11.322175,-2.9804938
c_1_48_1345,12.327509,2.076572
c_1_48_1346,9.316766,2.6902177
c_1_48_1348,9.640457,0.0147756385
c_1_48_1349,11.46219,3.486851
c_1_48_1350,11.755016,1.6256962
c_1_48_1351,6.372758,-1.2357119
c_1_48_1352,10.055728,-0.7417522
c_1_48_1353,10.736225,0.9526831
c_1_48_1354,12.525587,0.67647904
c_1_48_1355,5.9455047,-1.1872996
c_1_48_1356,15.240084,3.5077589
c_1_48_1357,9.28271,-1.9635462
c_1_48_1358,8.380663,-0.63665986
c_1_48_1359,13.087304,0.7330968
c_1_48_1360,11.278447,0.5716586
c_1_48_1361,10.5337105,-0.68748605
c_1_48_1362,11.977512,1.4509833
c_1_48_1363,9.587022,-0.79659617
c_1_48_1364,10.1947,-0.97299767
c_1_48_1365,11.44913,-3.3004093
c_1_48_1366,14.46546,3.3030632
c_1_48_1367,9.273971,0.44110137
c_1_48_1368,9.898456,2.4597712
c_1_48_1369,13.066272,5.434182
c_1_48_1370,11.379576,-3.6414838
c_1_48_1371,9.190493,-0.36844128
c_1_48_1372,9.054755,-1.3167305
c_1_48_1373,9.597022,-0.92590743
c_1_48_1374,12.136872,1.3678595
c_1_48_1375,9.711352,-0.3778375
c_1_48_1376,10.047045,0.053166844
c_1_48_1377,12.138364,0.8396509
c_1_48_1378,4.91144,-1.9705733
c_1_48_1379,9.080683,-1.4368817
c_1_48_1380,8.455293,-0.78900707
c_1_48_1381,10.422969,0.2763718
c_1_48_1382,13.679248,0.09072028
c_1_48_1383,11.248437,-2.5863297
c_1_48_1384,9.23666,0.86973405
c_1_48_1385,10.717286,0.69366807
c_1_48_1386,9.041369,0.53884417
c_1_48_1387,8.918269,-1.2210792
c_1_48_1388,9.471832,-0.91738045
c_1_48_1389,9.291576,5.2438183
c_1_48_1390,9.587459,0.42788285
c_1_48_1391,12.829088,1.4269793
c_1_48_1392,9.5291195,-2.2543108
c_1_48_1393,10.86369,-1.7069291
c_1_48_1394,8.430508,0.12607811
c_1_48_1395,9.960648,-0.28234556
c_1_48_1396,10.295767,-1.5247041
c_1_48_1397,10.951966,-1.7493876
c_1_48_1398,8.984484,0.2733621
c_1_48_1399,8.764853,-0.534202
c_1_48_1400,11.18267,-0.832279
c_1_48_1401,8.581823,-0.25803086
c_1_48_1402,9.502947,-0.07010568
c_1_48_1403,9.709007,-0.37169123
c_1_48_1404,8.842892,-0.21401155
c_1_48_1405,13.790035,1.8618606
c_1_48_1406,10.851928,-1.1882957
c_1_48_1407,9.971304,-1.8905357
c_1_48_1408,11.245457,2.050954
c_1_48_1409,10.003017,-1.6272883
c_1_48_1410,11.204678,-0.35976142
c_1_48_1411,9.379269,-0.10893733
c_1_48_1412,11.703941,1.1317114
c_1_48_1413,10.542721,-2.5653157
c_1_48_1414,9.049311,-1.4360318
c_1_48_1415,11.335462,-0.05361901
c_1_48_1416,12.2568035,-3.65812
c_1_48_1417,10.303297,-0.24454935
c_1_48_1418,8.529601,3.174438
c_1_48_1419,11.587136,0.6727972
c_1_48_1420,9.259857,0.12520795
c_1_48_1421,11.812778,1.3142735
c_1_48_1422,14.420585,0.87686086
c_1_48_1423,8.794925,-0.091898754
c_1_48_1424,9.654841,-0.7693805
c_1_48_1425,8.813311,0.75352186
c_1_48_1426,11.306521,-0.46959162
c_1_48_1427,4.9641585,-1.7772744
c_1_48_1428,10.627248,0.5675943
c_1_48_1429,9.789063,4.1080313
c_1_48_1430,10.570925,-2.5577176
c_1_48_1431,8.536598,-0.5069335
c_1_48_1432,10.212427,-1.1533622
c_1_48_1433,5.939278,-1.8955007
c_1_48_1434,14.777698,2.6470153
c_1_48_1435,9.065063,-1.7852342
c_1_48_1436,12.386913,1.1007055
c_1_48_1437,10.957287,-3.0936985
c_1_48_1438,9.32775,-1.2630935
c_1_48_1439,11.847013,0.6507592
c_1_48_1440,9.372647,-1.3296113
c_1_48_1441,13.925047,1.4691796
c_1_48_1442,13.908186,1.2894639
c_1_48_1443,9.1773205,-1.3913677
c_1_48_1444,9.751162,-1.1696708
c_1_48_1445,14.610152,2.394555
c_1_48_1446,11.713696,0.19938049
c_1_48_1447,11.771173,0.22657794
c_1_48_1448,10.686037,0.2570092
c_1_48_1449,9.561685,-0.5807888
c_1_48_1450,5.1416416,-2.1175778
c_1_48_1451,9.645538,-0.7565472
c_1_48_1452,10.204522,-0.14807126
c_1_48_1453,10.040811,-1.0207261
c_1_48_1454,9.851203,-0.32268184
c_1_48_1455,11.189086,-0.6151039
c_1_48_1456,10.508228,-2.9701674
c_1_48_1457,10.863391,-1.6444806
c_1_48_1458,9.66465,0.6884443
c_1_48_1459,13.472968,0.9725732
c_1_48_1460,11.823019,1.8028483
c_1_48_1462,10.154285,-3.039174
c_1_48_1463,10.672111,0.6065649
c_1_48_1464,11.52263,0.8332665
c_1_48_1465,13.081479,1.6040884
c_1_48_1466,10.940186,-2.4023583
c_1_48_1467,11.774975,0.7190536
c_1_48_1468,10.86648,-1.7513
c_1_48_1469,5.9391017,-1.3874834
c_1_48_1470,9.315454,-0.36363903
c_1_48_1471,4.2170005,-2.1803532
c_1_48_1472,11.077664,-2.8768048
c_1_48_1473,10.429144,0.89780134
c_1_48_1474,9.64151,4.4484687
c_1_48_1475,9.689194,-0.5272298
c_1_48_1476,7.8466144,0.8823797
c_1_48_1477,9.129648,-0.26167583
c_1_48_1478,12.501302,-0.11584642
c_1_48_1479,8.846864,-0.4478319
c_1_48_1480,10.618189,-0.13618444
c_1_48_1481,10.16411,1.1515584
c_1_48_1482,9.593216,-1.9156297
c_1_48_1483,9.691767,-1.153886
c_1_48_1484,4.4145246,-2.0506096
c_1_48_1485,11.064023,-1.2829467
c_1_48_1486,10.738156,0.8237464
c_1_48_1487,10.253903,-3.019419
c_1_48_1488,11.053301,3.5582242
c_1_48_1489,11.928081,3.21045
c_1_48_1490,9.76808,-1.3698003
c_1_48_1491,10.31754,0.7032051
c_1_48_1492,13.147104,-0.9081248
c_1_48_1493,9.879785,-0.24460532
c_1_48_1494,9.987293,-0.7946294
c_1_48_1495,9.580754,-0.63575655
c_1_48_1496,10.225328,-2.1571963
c_1_48_1497,9.393148,4.4795256
c_1_48_1498,9.612397,-0.9290326
c_1_48_1499,8.846412,1.5434695
c_1_48_1500,8.752608,-1.5316886
c_1_48_1501,11.273327,-0.6842976
c_1_48_1502,11.996726,2.0513115
c_1_48_1503,9.549779,1.6821119
c_1_48_1504,9.565512,0.433477
c_1_48_1505,9.319117,-1.3913563
c_1_48_1506,10.6129265,-0.9547259
c_1_48_1507,14.702357,2.3510494
c_1_48_1508,4.110341,-1.693227
c_1_48_1509,15.079427,3.3066235
c_1_48_1510,11.949951,2.4465282
c_1_48_1511,11.070081,-1.5219833
c_1_48_1512,9.277414,0.36497158
c_1_48_1513,13.401541,2.5049224
c_1_48_1514,10.716889,-2.514845
c_1_48_1515,11.615188,-3.8358123
c_1_48_1516,7.053061,0.59103775
c_1_48_1517,9.98368,-1.5051973
c_1_48_1518,10.560604,-2.4902542
c_1_48_1519,9.350641,2.6227672
c_1_48_1520,9.819748,-2.6627278
c_1_48_1521,10.459913,2.3183858
c_1_48_1522,9.304755,0.99462456
c_1_48_1523,10.243022,0.25680804
c_1_48_1524,11.665518,-0.57862824
c_1_48_1525,12.067734,0.11703656
c_1_48_1526,9.291562,1.3653691
c_1_48_1527,10.253875,-2.7410934
c_1_48_1528,12.912395,0.7397174
c_1_48_1529,8.8874235,0.46011698
c_1_48_1530,10.171634,-1.0145073
c_1_48_1531,11.638001,0.8822907
c_1_48_1532,14.337276,2.464685
c_1_48_1533,10.162931,0.3105172
c_1_48_1534,9.753686,-0.14515342
c_1_48_1535,8.623337,-0.90252185
c_1_48_1536,10.810711,0.7165333
c_1_48_1537,10.353159,-1.3885763
c_1_48_1539,10.7887335,-3.1460783
c_1_48_1540,9.870509,0.24854769
c_1_48_1541,7.3669896,1.9785078
c_1_48_1542,9.871533,-1.4701554
c_1_48_1543,9.9001465,-0.7889379
c_1_48_1544,11.91703,1.4376045
c_1_48_1545,13.904103,-0.48870203
c_1_48_1546,10.389209,-0.20326498
c_1_48_1547,10.102484,-0.76055896
c_1_48_1548,10.21497,-2.2197587
c_1_48_1549,8.892623,0.120467074
c_1_48_1550,9.953058,-1.3087498
c_1_48_1551,10.952099,-0.38956788
c_1_48_1552,4.531356,-2.182166
c_1_48_1553,11.357668,-1.5185453
c_1_48_1554,10.740433,-0.31551385
c_1_48_1555,10.005427,0.96991956
c_1_48_1556,8.840906,0.37449855
c_1_48_1557,10.253491,1.8195049
c_1_48_1558,13.512693,-1.020035
c_1_48_1559,11.21584,-3.0166714
c_1_48_1560,9.362526,-0.790007
c_1_48_1561,11.676576,-0.43694028
c_1_48_1562,11.407052,-3.3422627
c_1_48_1563,10.5603,-2.1435442
c_1_48_1564,9.728258,-0.42918283
c_1_48_1565,9.874647,-1.1244247
c_1_48_1566,7.7995615,3.9104795
c_1_48_1567,7.8176093,0.9388935
c_1_48_1568,9.611086,0.3299418
c_1_48_1569,13.0855255,4.3748693
c_1_48_1570,14.3047905,2.650839
c_1_48_1571,10.950245,-0.42203698
c_1_48_1572,4.4525566,-2.0436997
c_1_48_1573,9.27618,0.61278445
c_1_48_1574,14.091494,-0.45228937
c_1_48_1575,10.469634,-2.3530433
c_1_48_1576,11.1857605,-0.62628835
c_1_48_1577,11.878683,0.3315295
c_1_48_1578,8.448889,1.193538
c_1_48_1579,10.817075,-0.44800252
c_1_48_1580,8.908656,0.06159528
c_1_48_1581,12.266252,-1.351198
c_1_48_1582,10.545607,-2.4303718
c_1_48_1583,9.497327,0.24796301
c_1_48_1584,9.292906,-1.4789774
c_1_48_1585,11.821411,0.09244586
c_1_48_1586,4.1017895,-1.7184517
c_1_48_1587,9.284208,0.5694743
c_1_48_1588,9.1275425,-0.93691677
c_1_48_1589,14.445508,0.77393377
c_1_48_1590,11.651939,-3.8545456
c_1_48_1591,9.69578,-1.646462
c_1_48_1592,10.170019,-2.1030288
c_1_48_1593,11.020112,-0.29636082
c_1_48_1594,10.9240465,-2.7306476
c_1_48_1595,5.541203,-1.8840053
c_1_48_1596,11.003131,1.074218
c_1_48_1597,9.710885,0.31237292
c_1_48_1598,10.841088,1.3445969
c_1_48_1599,13.439169,-0.3066329
c_1_48_1600,10.366956,-0.23983799
c_1_48_1601,11.647227,1.2492859
c_1_48_1602,9.685617,-0.480873
c_1_48_1603,12.912837,1.5058932
c_1_48_1604,8.793756,-1.404668
c_1_48_1605,7.9177146,2.5788794
c_1_48_1606,4.714113,-0.98724824
c_1_48_1607,10.362169,-2.4204378
c_1_48_1608,10.083389,-0.6424327
c_1_48_1609,11.02839,-0.101201296
c_1_48_1610,9.250227,-1.5644917
c_1_48_1611,9.399966,0.78224486
c_1_48_1612,10.233696,0.9686521
c_1_48_1613,12.891424,1.4155543
c_1_48_1614,14.1720705,-1.7422806
c_1_48_1615,10.13636,-0.27033755
c_1_48_1616,10.278504,-1.9426501
c_1_48_1617,7.794205,0.8922302
c_1_48_1618,10.747704,-2.4243815
c_1_48_1619,13.239879,-0.5559985
c_1_48_1620,3.8969722,-1.3967146
c_1_48_1621,10.300313,0.7952678
c_1_48_1622,8.93098,-0.49309707
c_1_48_1623,11.622398,-0.48537087
c_1_48_1624,10.920122,0.5685149
c_1_48_1625,8.953687,-0.37119246
c_1_48_1626,12.309585,2.3565998
c_1_48_1627,13.674685,-1.6656538
c_1_48_1628,9.04391,-1.4827416
c_1_48_1629,9.715824,-1.590948
c_1_48_1630,14.492993,-2.1953118
c_1_48_1631,3.793653,-1.7240857
c_1_48_1632,7.516975,1.4644463
c_1_48_1633,13.937475,-0.72186244
c_1_48_1634,10.021116,-0.08681318
c_1_48_1635,10.768038,-0.065653935
c_1_48_1636,9.940101,0.6039972
c_1_48_1637,11.384723,0.7632951
c_1_48_1638,11.198388,-2.1730568
c_1_48_1639,8.666921,-1.0782615
c_1_48_1640,9.666035,-1.8146801
c_1_48_1641,10.694772,0.4337645
c_1_48_1642,12.232368,-0.44678217
c_1_48_1643,9.696512,-1.1485051
c_1_48_1644,15.528925,2.8965757
c_1_48_1645,10.618514,-0.4184839
c_1_48_1646,10.701142,-0.7165687
c_1_48_1647,11.030066,1.7096573
c_1_48_1648,8.862985,0.36238408
c_1_48_1649,11.4611,-0.70021296
c_1_48_1650,11.468693,-1.2128083
c_1_48_1651,9.424496,-0.7949949
c_1_48_1652,9.403757,-0.7229664
c_1_48_1653,13.985757,-2.3539202
c_1_48_1654,3.9861557,-1.372807
c_1_48_1655,6.0179973,0.30761176
c_1_48_1656,9.476493,1.7707887
c_1_48_1657,14.054619,2.6345897
c_1_48_1658,10.687903,-0.3860691
c_1_48_1659,11.456014,-3.3232634
c_1_48_1660,9.955982,-1.6355718
c_1_48_1661,9.490793,2.2442882
c_1_48_1662,14.3272295,-0.49077955
c_1_48_1663,9.591885,-0.39073968
c_1_48_1664,14.623299,-0.9600427
c_1_48_1665,9.719105,-0.36133915
c_1_48_1666,9.25039,-1.8217149
c_1_48_1667,8.988254,-0.5071341
c_1_48_1668,12.568478,0.82135105
c_1_48_1669,3.3885183,-1.5191559
c_1_48_1670,11.91255,-0.61402464
c_1_48_1671,10.589362,0.09739564
c_1_48_1672,9.273042,0.28687227
c_1_48_1673,14.614783,-1.3828665
c_1_48_1674,7.1692476,2.1306195
c_1_48_1675,9.768153,2.8531003
c_1_48_1676,14.896506,2.8881097
c_1_48_1677,9.777813,-1.7595624
c_1_48_1678,10.729673,-0.9962081
c_1_48_1679,8.994347,0.7134016
c_1_48_1680,6.914992,-0.2896643
c_1_48_1681,9.811048,-0.78538215
c_1_48_1682,5.424931,-2.2723274
c_1_48_1683,11.002856,-0.7867568
c_1_48_1684,10.437031,-0.46576965
c_1_48_1685,12.594692,-1.7169129
c_1_48_1686,3.8566062,-1.3728791
c_1_48_1687,9.544332,-1.6784428
c_1_48_1688,10.904605,-3.4409864
c_1_48_1689,3.8233368,-0.45773122
c_1_48_1690,8.87247,-0.5039753
c_1_48_1691,10.367891,-0.033849835
c_1_48_1692,10.505689,-1.5133299
c_1_48_1693,10.690437,-0.77343625
c_1_48_1694,8.375816,-0.16213205
c_1_48_1695,3.944097,-1.1437111
c_1_48_1696,9.678886,-1.8200636
c_1_48_1697,9.45864,0.3969666
c_1_48_1698,9.853035,0.48762524
c_1_48_1699,10.2183485,-0.49049827
c_1_48_1700,9.074283,-1.164598
c_1_48_1701,9.660562,-2.170362
c_1_48_1702,4.976716,-2.3053038
c_1_48_1703,4.235392,-1.1816971
c_1_48_1704,10.861423,-2.4983208
c_1_48_1705,9.346161,-0.36603636
c_1_48_1706,14.316027,1.1749084
c_1_48_1707,11.342217,-2.819462
c_1_48_1708,9.116789,-1.4161657
c_1_48_1709,13.511587,2.1589785
c_1_48_1710,14.3528385,-0.61490965
c_1_48_1711,9.3352,-0.78268147
c_1_48_1712,9.82817,-1.1104906
c_1_48_1713,9.183126,-0.08507108
c_1_48_1714,8.182062,3.8200364
c_1_48_1715,11.824444,-3.6465738
c_1_48_1716,13.726929,-0.35066488
c_1_48_1717,11.348133,0.65377283
c_1_48_1718,10.776292,-1.4813648
c_1_48_1719,12.1500025,-1.927235
c_1_48_1720,13.622863,-1.1606396
c_1_48_1721,14.781762,-0.9866959
c_1_48_1722,3.9113045,-0.45804706
c_1_48_1723,8.684159,-0.79893154
c_1_48_1724,5.5963717,-0.048827272
c_1_48_1725,9.373241,0.041641198
c_1_48_1726,9.526354,-1.1498898
c_1_48_1727,9.112952,-0.99821615
c_1_48_1728,11.8244295,-3.8742242
c_1_48_1729,7.649223,1.7172188
c_1_48_1730,10.021497,-0.6380267
c_1_48_1731,11.373585,1.2778515
c_1_48_1732,9.528596,-1.0188093
c_1_48_1733,9.835596,-1.733437
c_1_48_1734,14.409227,1.0920179
c_1_48_1735,4.0784144,-1.0609615
c_1_48_1736,11.079564,0.24199867
c_1_48_1737,10.575132,-0.934251
c_1_48_1738,8.917778,-0.4074507
c_1_48_1739,14.47957,2.8910477
c_1_48_1740,15.292269,3.6746037
c_1_48_1741,9.923121,-0.29878724
c_1_48_1742,9.61083,-2.00296
c_1_48_1743,12.703656,0.8811577
c_1_48_1744,11.870868,-0.75160044
c_1_48_1745,10.194354,-2.4115634
c_1_48_1746,9.917345,-0.17243704
c_1_48_1747,3.6564462,-0.6487667
c_1_48_1748,10.127536,-0.7562613
c_1_48_1749,9.953732,0.91759825
c_1_48_1750,11.664196,0.4709282
c_1_48_1751,10.960117,-1.8916166
c_1_48_1752,10.386661,-2.3828635
c_1_48_1753,13.418806,0.13857509
c_1_48_1754,8.85053,0.22962737
c_1_48_1755,14.623073,-2.3048563
c_1_48_1756,10.745704,-2.6371744
c_1_48_1757,9.841155,-2.10016
c_1_48_1758,9.643013,-1.9104396
c_1_48_1759,10.597972,-2.7736754
c_1_48_1760,13.980812,2.251373
c_1_48_1761,8.959251,-1.7519627
c_1_48_1762,11.359736,-3.176163
c_1_48_1763,9.823723,-0.65747637
c_1_48_1764,8.848016,1.1172731
c_1_48_1765,13.460739,1.4204054
c_1_48_1766,10.475589,-2.190677
c_1_48_1767,12.431401,-0.10720794
c_1_48_1768,9.149484,-0.9199478
c_1_48_1769,9.052611,-0.5633041
c_1_48_1770,9.328445,-1.5170566
c_1_48_1771,7.3498573,1.3774298
c_1_48_1772,9.226262,0.15999827
c_1_48_1773,10.511772,2.5320234
c_1_48_1774,9.729661,-1.3282692
c_1_48_1775,9.733385,-0.38727167
c_1_48_1776,14.131951,-0.36380395
c_1_48_1777,10.505081,-2.266783
c_1_48_1778,9.096132,-0.66672707
c_1_48_1779,8.514245,-1.316427
c_1_48_1780,9.062894,-1.1932689
c_1_48_1781,9.638402,2.672035
c_1_48_1782,11.782298,0.29250887
c_1_48_1783,9.970985,-1.5590814
c_1_48_1784,9.498774,-0.16143563
c_1_48_1785,13.097073,0.12653042
c_1_48_1786,9.636997,0.08977915
c_1_48_1787,10.826208,-3.3334272
c_1_48_1788,12.315289,1.32414
c_1_48_1789,9.574238,0.6664696
c_1_48_1790,11.0536585,-2.3912084
c_1_48_1791,8.696297,-0.25939804
c_1_48_1792,15.318966,2.2171047
c_1_48_1793,9.22504,-0.4200367
c_1_48_1794,8.4680395,-0.7320804
c_1_48_1795,9.413527,0.362696
c_1_48_1796,9.894611,-1.3632063
c_1_48_1797,8.704416,-1.016929
c_1_48_1798,8.768088,-0.040992495
c_1_48_1799,10.846824,-2.6074376
c_1_48_1800,10.146029,0.038513944
c_1_48_1801,11.598469,-3.5967906
c_1_48_1802,11.216564,0.95956314
c_1_48_1803,9.063433,-1.9044211
c_1_48_1804,10.430926,1.7442747
c_1_48_1805,8.761292,1.1063365
c_1_48_1806,14.817052,2.2768207
c_1_48_1807,8.851937,0.44749704
c_1_48_1808,10.042503,-2.5197983
c_1_48_1809,10.008667,-1.6845158
c_1_48_1810,15.774504,2.8040104
c_1_48_1811,9.773623,-0.60599047
c_1_48_1812,9.7543745,-1.8843474
c_1_48_1813,11.396378,-3.6905196
c_1_48_1814,11.184742,-1.6365991
c_1_48_1815,10.636557,-2.2145536
c_1_48_1816,10.267978,-3.1282394
c_1_48_1817,10.352874,0.4129054
c_1_48_1818,9.605137,-1.8890996
c_1_48_1819,9.150178,-1.6668941
c_1_48_1820,10.218096,0.25796467
c_1_48_1821,8.932248,-0.9600602
c_1_48_1822,8.718611,0.35570538
c_1_48_1823,9.363998,-1.4918236
c_1_48_1824,14.793632,2.9033675
c_1_48_1825,13.217107,-0.6489515
c_1_48_1826,9.187982,-0.78427136
c_1_48_1828,9.802559,0.6670372
c_1_48_1829,10.363997,-2.7364109
c_1_48_1830,14.417876,-2.2334123
c_1_48_1831,9.711924,-0.9297194
c_1_48_1832,10.41552,-1.6918972
c_1_48_1833,8.547937,-0.7978464
c_1_48_1834,10.56508,-1.829719
c_1_48_1835,9.335265,3.2773907
c_1_48_1836,10.698145,-1.4945872
c_1_48_1837,9.3560915,0.571537
c_1_48_1838,14.702641,-1.059441
c_1_48_1839,9.528713,0.6633686
c_1_48_1840,9.552459,-1.7417822
c_1_48_1841,9.94526,-1.691608
c_1_48_1842,14.569013,3.253899
c_1_48_1843,10.672129,0.60035694
c_1_48_1844,10.266351,-1.4873482
c_1_48_1845,10.525607,-1.0731351
c_1_48_1846,9.149777,-0.24356952
c_1_48_1847,10.442425,-0.40565655
c_1_48_1848,10.630888,-2.0846746
c_1_48_1849,10.234545,-1.9588189
c_1_48_1850,8.666967,1.2933223
c_1_48_1851,15.26636,2.095287
c_1_48_1852,10.005808,-1.9876362
c_1_48_1853,11.64343,-0.07841816
c_1_48_1854,9.010426,0.7221289
c_1_48_1855,5.4826503,-2.0679667
c_1_48_1856,13.066976,-0.39555174
c_1_48_1857,13.505639,-0.042505365
c_1_48_1858,10.533536,-2.4976635
c_1_48_1859,10.944867,-1.4802898
c_1_48_1860,11.808651,-3.4368086
c_1_48_1861,9.34719,-1.8953538
c_1_48_1862,9.74122,0.10556886
c_1_48_1863,8.816169,-0.44112247
c_1_48_1864,11.302774,-1.9388773
c_1_48_1865,9.686503,-1.2822498
c_1_48_1866,6.360871,-0.99884874
c_1_48_1867,10.274571,0.073634386
c_1_48_1868,14.985347,2.4336476
c_1_48_1869,9.429066,-1.0288638
c_1_48_1870,9.635022,-1.3578348
c_1_48_1871,8.987513,-0.4052335
c_1_48_1872,9.239311,-0.9882026
c_1_48_1873,9.568348,-2.0562856
c_1_48_1874,8.392573,-0.25755656
c_1_48_1875,9.340287,0.79775804
c_1_48_1876,8.315227,-0.4608874
c_1_48_1877,14.90684,3.2794912
c_1_48_1878,9.847737,3.809239
c_1_48_1879,9.46306,-1.8564872
c_1_48_1880,6.430735,0.59054816
c_1_48_1881,10.11531,0.6156159
c_1_48_1882,8.967576,-0.5452073
c_1_48_1883,9.991809,-1.7071575
c_1_48_1884,6.8275676,-0.98766047
c_1_48_1885,7.907399,0.45922574
c_1_48_1886,6.6937675,3.2774088
c_1_48_1887,9.740151,-2.0902236
c_1_48_1888,10.631573,-3.0196693
c_1_48_1889,9.231381,-0.5571752
c_1_48_1890,12.591531,3.2113876
c_1_48_1891,13.68075,-1.943486
c_1_48_1892,10.488109,-2.4059896
c_1_48_1893,9.50972,-0.39522293
c_1_48_1894,13.566349,1.7799407
c_1_48_1895,9.546804,0.69789064
c_1_48_1896,10.190858,0.40007642
c_1_48_1897,9.81564,-0.73394394
c_1_48_1898,10.332479,-1.7290671
c_1_48_1899,9.825725,-1.9048309
c_1_48_1900,9.695747,-1.6363324
c_1_48_1901,9.127489,-1.0685833
c_1_48_1902,8.33484,0.008473987
c_1_48_1903,13.923945,2.468058
c_1_48_1904,12.321235,1.2073684
c_1_48_1905,14.866348,3.3492029
c_1_48_1906,10.719408,0.0077915327
c_1_48_1907,9.226542,0.9421183
c_1_48_1908,12.722369,1.5396329
c_1_48_1909,9.716665,-0.5232039
c_1_48_1910,10.913258,0.33041942
c_1_48_1911,8.854671,1.769267
c_1_48_1912,10.379321,-0.52023876
c_1_48_1913,9.307603,1.5944986
c_1_48_1914,9.970425,-0.5537742
c_1_48_1915,10.109292,-0.4716286
c_1_48_1916,10.491755,0.14424486
c_1_48_1917,8.834833,-1.467821
c_1_48_1918,9.006557,-1.7583054
c_1_48_1919,11.252713,-0.50159156
c_1_48_1920,8.625696,-1.2538812
c_1_48_1921,9.45122,-0.3196815
c_1_48_1922,10.142932,0.2313474
c_1_48_1923,12.97574,-0.43811426
c_1_48_1924,10.111869,-2.500671
c_1_48_1925,9.71406,0.56967425
c_1_48_1926,11.666911,-1.3582357
c_1_48_1927,11.716329,-1.2071081
c_1_48_1928,10.569766,0.2642499
c_1_48_1929,9.758808,-2.075395
c_1_48_1930,10.629655,-2.1218684
c_1_48_1931,9.773673,2.111296
c_1_48_1932,14.537017,2.5702639
c_1_48_1933,10.387367,0.54234207
c_1_48_1934,11.90562,1.1049882
c_1_48_1935,9.718098,-1.6554644
c_1_48_1936,9.846645,-0.30568725
c_1_48_1937,10.21078,0.7605781
c_1_48_1938,12.347697,1.3969927
c_1_48_1939,10.29772,-2.3969612
c_1_48_1940,9.710173,-0.26706842
c_1_48_1941,8.906973,-0.72813743
c_1_48_1942,5.7926226,-0.47555065
c_1_48_1943,10.3321295,-2.1217506
c_1_48_1944,15.1557045,2.9105463
c_1_48_1945,13.39953,0.9886375
c_1_48_1946,10.803059,-1.6781733
c_1_48_1947,9.677955,-0.2755235
c_1_48_1948,13.180192,1.3575637
c_1_48_1949,10.051351,-0.5378832
c_1_48_1950,10.38065,-0.20447353
c_1_48_1951,8.748137,4.2607164
c_1_48_1952,10.33274,-2.3758245
c_1_48_1953,8.337223,0.60549104
c_1_48_1954,13.038856,0.96796966
c_1_48_1955,12.335928,-0.28014272
c_1_48_1956,8.322022,0.46424666
c_1_48_1957,10.937079,-0.89340955
c_1_48_1958,11.765631,0.681335
c_1_48_1959,14.683088,2.4968197
c_1_48_1960,10.319614,0.62003887
c_1_48_1961,10.088228,-0.5953141
c_1_48_1962,10.901691,-2.8877068
c_1_48_1963,11.167611,-3.4063199
c_1_48_1964,9.555882,1.3083799
c_1_48_1965,9.7922,-1.2231169
c_1_48_1966,8.543661,0.5587443
c_1_48_1967,9.72426,-0.5062025
c_1_48_1968,9.154943,0.4926536
c_1_48_1969,7.914317,0.72640485
c_1_48_1970,9.967763,-1.1049956
c_1_48_1971,9.606086,-0.39328474
c_1_48_1972,13.803019,-0.79958
c_1_48_1973,9.585771,-0.79170525
c_1_48_1974,9.2953,-0.52552676
c_1_48_1975,9.199721,-0.07282584
c_1_48_1976,10.857301,-3.0121183
c_1_48_1977,10.643976,1.6276693
c_1_48_1978,8.757296,-1.3749104
c_1_48_1979,8.687117,-0.4689639
c_1_48_1980,11.081898,0.16139522
c_1_48_1981,11.84993,1.223323
c_1_48_1982,8.906679,-1.6097155
c_1_48_1983,10.780294,-0.49831432
c_1_48_1984,9.68994,1.3690346
c_1_48_1985,11.132137,1.9895486
c_1_48_1986,14.76715,2.6402361
c_1_48_1987,10.041754,0.49084052
c_1_48_1988,8.118201,1.0501434
c_1_48_1989,10.346114,-2.4685628
c_1_48_1990,9.374202,-0.949988
c_1_48_1991,10.333136,-1.7406036
c_1_48_1992,13.7063055,5.395244
c_1_48_1993,10.591535,-1.8659827
c_1_48_1994,9.643845,-2.576764
c_1_48_1995,10.526173,-1.433438
c_1_48_1996,11.806377,-0.195504
c_1_48_1997,9.86508,-2.4296014
c_1_48_1998,7.3349633,3.3838518
c_1_48_1999,10.415453,-2.5117114
c_1_48_2000,8.654139,0.114836596
c_1_48_2001,8.866314,0.9913061
c_1_48_2002,9.498484,0.23078287
c_1_48_2003,14.951189,2.6791124
c_1_48_2004,10.000723,0.09853234
c_1_48_2005,14.556771,2.8072617
c_1_48_2006,10.492433,-2.7929552
c_1_48_2007,8.94731,1.9483575
c_1_48_2008,9.62043,-1.1453403
c_1_48_2009,8.46311,-0.3438993
c_1_48_2010,13.465878,-0.34498993
c_1_48_2011,10.163543,2.7269163
c_1_48_2012,10.049166,1.0560473
c_1_48_2013,8.693364,-0.47984526
c_1_48_2015,9.912666,0.7990565
c_1_48_2016,14.424665,-1.9493114
c_1_48_2017,9.608315,2.7016416
c_1_48_2018,10.255715,-2.1963282
c_1_48_2019,9.959201,-1.9633157
c_1_48_2020,10.260295,-0.41969123
c_1_48_2021,9.285097,-0.9109334
c_1_48_2022,9.382161,-2.3611152
c_1_48_2023,9.344592,-0.47487888
c_1_48_2024,12.165074,1.228673
c_1_48_2025,10.467749,-2.7302377
c_1_48_2026,10.561992,2.7219448
c_1_48_2027,10.324093,-2.2939758
c_1_48_2028,9.896961,-0.3723735
c_1_48_2029,14.450883,0.8868672
c_1_48_2030,9.322742,0.6600626
c_1_48_2031,11.043805,3.3173034
c_1_48_2032,10.223436,0.6308731
c_1_48_2033,10.166059,-1.6356057
c_1_48_2034,8.196163,4.7271624
c_1_48_2035,10.829578,-2.1773984
c_1_48_2036,10.388977,-1.1738999
c_1_48_2037,10.90677,2.2084491
c_1_48_2038,10.3288765,-1.0529995
c_1_48_2039,12.300444,-0.22398871
c_1_48_2040,8.864528,0.92994505
c_1_48_2041,9.378791,-0.9258415
c_1_48_2042,10.363719,0.2434589
c_1_48_2043,10.570893,-0.2959359
c_1_48_2044,9.678299,-2.4237523
c_1_48_2045,10.222604,-2.1575675
c_1_48_2046,9.427451,-1.4207082
c_1_48_2047,14.294409,3.1671884
c_1_48_2048,9.528454,-2.0381558
c_1_48_2049,10.717048,0.47956204
c_1_48_2050,8.774629,-0.5056603
c_1_48_2051,10.085783,-1.1638373
c_1_48_2052,9.191256,-1.6976472
c_1_48_2053,11.044482,-2.6860538
c_1_48_2054,8.702967,-0.51329666
c_1_48_2055,9.07103,-1.4529142
c_1_48_2056,10.267104,-1.903598
c_1_48_2057,9.970506,-0.4686676
c_1_48_2058,13.139611,-0.31383333
c_1_48_2059,12.946496,0.94083637
c_1_48_2060,14.37253,2.2979512
c_1_48_2061,15.099621,2.322069
c_1_48_2062,8.907139,-0.4872723
c_1_48_2063,11.091188,-1.0810858
c_1_48_2064,9.350559,-1.3129402
c_1_48_2065,10.69816,0.7732623
c_1_48_2066,9.559141,0.83922976
c_1_48_2067,8.793429,0.40045634
c_1_48_2068,10.233554,-3.0428622
c_1_48_2069,8.791327,-0.9213972
c_1_48_2070,10.954526,-0.24804042
c_1_48_2071,10.901105,0.14114259
c_1_48_2072,13.103496,0.54634863
c_1_48_2073,10.87628,0.28939572
c_1_48_2074,8.592723,-0.98580617
c_1_48_2075,13.211537,-0.5316482
c_1_48_2076,10.774255,-2.444602
c_1_48_2077,10.163316,0.23674853
c_1_48_2078,7.4333653,1.7993916
c_1_48_2079,11.858052,4.525931
c_1_48_2080,9.961246,0.15852822
c_1_48_2081,10.7602625,-3.1669745
c_1_48_2082,10.3470545,0.5024325
c_1_48_2083,10.234602,-0.64508235
c_1_48_2084,9.909347,-0.6512683
c_1_48_2085,11.53385,1.5783051
c_1_48_2086,9.330118,-1.0190159
c_1_48_2087,10.740343,-2.4282393
c_1_48_2088,7.803279,1.2517458
c_1_48_2089,8.895093,-1.539296
c_1_48_2090,13.269575,0.8493019
c_1_48_2091,10.002188,0.4900097
c_1_48_2092,11.143092,2.3048267
c_1_48_2093,9.44619,-0.94321
c_1_48_2094,14.197299,-0.6612406
c_1_48_2095,9.81194,-1.1374472
c_1_48_2096,10.4157,-2.3511865
c_1_48_2097,8.701955,0.4341323
c_1_48_2098,14.071494,1.5831674
c_1_48_2099,12.921515,1.1621639
c_1_48_2100,9.261991,-0.0026442257
c_1_48_2101,9.887226,-1.5497139
c_1_48_2102,13.103154,0.9262094
c_1_48_2103,9.842651,-1.0650187
c_1_48_2104,9.136565,-0.8090678
c_1_48_2105,13.72631,3.0152304
c_1_48_2106,14.622902,1.2045373
c_1_48_2107,9.570239,2.2999978
c_1_48_2108,9.9833,0.089607045
c_1_48_2109,10.553276,2.6730547
c_1_48_2110,8.795544,-1.144585
c_1_48_2111,12.820315,2.1740618
c_1_48_2112,9.325922,-0.52346236
c_1_48_2113,8.229466,0.74364245
c_1_48_2114,9.423216,-1.6119276
c_1_48_2115,14.506703,-2.4187353
c_1_48_2116,9.879159,-0.9073284
c_1_48_2117,10.037287,-2.6094153
c_1_48_2118,12.5019045,0.44327664
c_1_48_2119,12.9093,1.3484998
c_1_48_2120,10.143218,1.9383653
c_1_48_2121,9.632079,-2.1543746
c_1_48_2122,10.271793,1.4004769
c_1_48_2123,9.409087,-1.1550176
c_1_48_2124,10.095707,0.87331915
c_1_48_2125,9.209385,0.3981794
c_1_48_2126,9.37599,-1.9448255
c_1_48_2127,12.069928,-0.11506386
c_1_48_2128,9.743977,-1.7317483
c_1_48_2129,8.960497,-0.025550012
c_1_48_2130,12.553906,5.169343
c_1_48_2131,14.232302,3.0767603
c_1_48_2132,9.4866705,-0.5396869
c_1_48_2133,13.846999,0.9678625
c_1_48_2134,9.168631,-1.6733402
c_1_48_2135,10.889374,-3.14578
c_1_48_2136,8.340626,1.9043032
c_1_48_2137,10.479187,-0.66928977
c_1_48_2138,9.474213,-1.3958734
c_1_48_2139,9.342265,-0.7689848
c_1_48_2140,10.397228,-1.8130351
c_1_48_2141,9.57673,-0.19577643
c_1_48_2142,8.533175,1.0424021
c_1_48_2143,15.509733,2.8100584
c_1_48_2144,9.694042,-0.43175477
c_1_48_2145,8.69959,-0.4035842
c_1_48_2146,10.259547,1.0557308
c_1_48_2147,10.068367,-0.4834685
c_1_48_2148,14.7666,2.1822596
c_1_48_2149,9.330754,-0.5555241
c_1_48_2150,10.935805,-0.16993235
c_1_48_2151,11.725252,-0.43636402
c_1_48_2152,8.742403,0.4788893
c_1_48_2153,8.308462,0.599357
c_1_48_2154,7.4743958,2.3226504
c_1_48_2155,10.104535,-0.59459025
c_1_48_2156,13.456887,-0.22461137
c_1_48_2157,9.936493,-0.78608376
c_1_48_2158,9.661288,-0.7645059
c_1_48_2159,9.876256,-1.7754625
c_1_48_2160,12.035774,0.71418375
c_1_48_2161,9.72485,-0.8388071
c_1_48_2162,10.532144,-1.0889239
c_1_48_2163,9.213064,-0.23134476
c_1_48_2164,8.553575,-0.74083257
c_1_48_2165,10.537374,1.6839505
c_1_48_2166,11.783796,-3.715133
c_1_48_2167,10.501097,0.5819596
c_1_48_2168,13.075902,4.8478546
c_1_48_2169,10.730025,-0.21117206
c_1_48_2170,9.296942,-0.15176512
c_1_48_2171,10.121651,-2.3278322
c_1_48_2172,8.4014,1.3955574
c_1_48_2173,9.799636,-0.22691225
c_1_48_2174,9.335632,-0.6308544
c_1_48_2175,10.417873,-2.74049
c_1_48_2176,12.485884,1.6156292
c_1_48_2177,10.944911,-0.02827982
c_1_48_2178,9.689806,-1.5263869
c_1_48_2179,9.465301,-0.3295917
c_1_48_2180,10.591117,-2.502395
c_1_48_2181,9.269379,-1.3016831
c_1_48_2182,10.549876,-3.0086257
c_1_48_2183,15.261961,3.2617977
c_1_48_2184,9.414616,-1.2059216
c_1_48_2185,8.560872,-1.1518052
c_1_48_2186,8.51513,-0.6783066
c_1_48_2187,11.48944,0.76234585
c_1_48_2188,10.729466,0.3070764
c_1_48_2189,10.907139,-0.5559818
c_1_48_2190,10.337619,0.6307492
c_1_48_2191,11.76312,-3.7562537
c_1_48_2192,9.572983,-0.4691512
c_1_48_2193,10.829693,0.9413216
c_1_48_2194,9.569751,-1.3524536
c_1_48_2195,12.744458,2.1642995
c_1_48_2196,10.3826885,0.5162826
c_1_48_2197,9.034862,-1.3460784
c_1_48_2198,10.88312,-2.8706756
c_1_48_2199,10.524768,-1.5672276
c_1_48_2200,9.94215,-1.2677637
c_1_48_2201,8.881533,-0.005894524
c_1_48_2202,12.322362,0.26728696
c_1_48_2203,9.984687,1.0007204
c_1_48_2204,10.751091,0.15124649
c_1_48_2205,9.683654,1.3441122
c_1_48_2206,9.416358,-0.22726269
c_1_48_2207,9.826779,2.0874388
c_1_48_2208,11.178802,0.62201697
c_1_48_2209,10.497033,-3.0777476
c_1_48_2210,14.215477,1.1419387
c_1_48_2211,11.92574,1.890327
c_1_48_2212,9.856031,-0.2692496
c_1_48_2213,9.932313,-1.5653254
c_1_48_2214,9.194375,0.0074726553
c_1_48_2215,15.00975,2.3707452
c_1_48_2216,13.363972,2.255028
c_1_48_2217,11.034601,-3.368574
c_1_48_2218,10.144794,-1.0927416
c_1_48_2219,9.318408,-0.9874068
c_1_48_2220,8.404903,2.6413164
c_1_48_2221,11.246794,2.420427
c_1_48_2222,9.937867,-1.898065
c_1_48_2223,9.615086,-2.045731
c_1_48_2224,11.932545,-0.5092507
c_1_48_2225,8.575142,-0.16946536
c_1_48_2226,14.116735,1.0221894
c_1_48_2228,9.026217,-1.4879723
c_1_48_2229,10.270965,-1.1138253
c_1_48_2230,9.732289,-2.2027876
c_1_48_2231,12.534014,5.080334
c_1_48_2232,9.263432,-0.7580578
c_1_48_2233,14.059166,0.9582508
c_1_48_2234,10.181419,0.97297025
c_1_48_2235,9.346233,-0.5582135
c_1_48_2236,8.974382,-1.3079449
c_1_48_2237,8.889005,0.49952227
c_1_48_2238,9.013942,-0.37077036
c_1_48_2239,11.100759,0.1781571
c_1_48_2240,15.554279,3.1090531
c_1_48_2241,8.2189665,3.0371342
c_1_48_2242,10.1412525,-2.4922981
c_1_48_2243,7.849041,2.258318
c_1_48_2244,12.746171,2.4386106
c_1_48_2245,8.371241,-0.5124226
c_1_48_2246,15.059689,2.3029535
c_1_48_2247,9.717048,-0.52539074
c_1_48_2248,11.629298,-0.50248945
c_1_48_2249,9.435609,-0.16882028
c_1_48_2250,8.902838,-1.615013
c_1_48_2251,9.785363,-1.1065289
c_1_48_2252,8.799235,-0.8830536
c_1_48_2253,8.952586,3.0852356
c_1_48_2254,13.5489,2.0000763
c_1_48_2255,9.855804,-2.2890375
c_1_48_2256,10.004972,-0.96181524
c_1_48_2257,13.5057,1.5736743
c_1_48_2258,10.257817,-2.0790236
c_1_48_2259,9.724345,-0.80636793
c_1_48_2260,10.725263,1.7015228
c_1_48_2261,10.402157,0.17888868
c_1_48_2262,10.389774,-0.03650888
c_1_48_2263,9.454223,2.818419
c_1_48_2264,9.592481,-2.096821
c_1_48_2265,9.998469,-1.5010463
c_1_48_2266,10.008889,-2.3006144
c_1_48_2267,8.193313,0.7322694
c_1_48_2268,9.332861,-0.68457925
c_1_48_2269,11.200446,2.4837403
c_1_48_2270,9.649656,-0.77959466
c_1_48_2271,8.768305,0.7978951
c_1_48_2272,12.964412,0.9086505
c_1_48_2273,9.215985,0.025066193
c_1_48_2274,9.039395,1.0794823
c_1_48_2275,10.408542,0.28697717
c_1_48_2276,10.167036,-1.4615916
c_1_48_2277,9.62739,-0.7543657
c_1_48_2278,11.604081,-0.37764248
c_1_48_2279,9.949871,0.8159714
c_1_48_2280,9.190447,-0.8645512
c_1_48_2281,8.619668,0.10461917
c_1_48_2282,10.985289,-0.024660321
c_1_48_2283,11.175454,-0.43218985
c_1_48_2284,10.3728895,-2.8425996
c_1_48_2285,14.858786,2.7005055
c_1_48_2287,11.218422,0.25524068
c_1_48_2288,11.173955,0.16957155
c_1_48_2289,3.2401385,-0.9553591
c_1_48_2290,10.865718,-0.13494466
c_1_48_2291,4.932612,0.31666967
c_1_48_2292,9.32215,-1.3822403
c_1_48_2293,13.63312,1.8358485
c_1_48_2294,9.690799,-0.12657595
c_1_48_2295,9.828125,-0.5090823
c_1_48_2296,8.862127,-1.430313
c_1_48_2297,8.780915,0.22372456
c_1_48_2298,10.321207,-0.77645916
c_1_48_2299,8.690327,-0.48381656
c_1_48_2300,11.699358,1.4187211
c_1_48_2301,9.825163,4.26645
c_1_48_2302,9.576123,-0.6973193
c_1_48_2303,8.998551,-1.3040676
c_1_48_2304,10.181259,-0.39347923
c_1_48_2305,4.1972327,-0.008998704
c_1_48_2306,11.0984955,0.38002926
c_1_48_2307,10.261261,-0.37808824
c_1_48_2308,14.223469,2.876805
c_1_48_2309,15.18924,2.4477253
c_1_48_2310,9.914302,-1.4291555
c_1_48_2311,9.146792,-1.105289
c_1_48_2312,8.244688,-0.11292945
c_1_48_2313,9.276267,-0.44462422
c_1_48_2314,9.833342,0.5204952
c_1_48_2315,11.783518,-1.1943384
c_1_48_2316,9.611797,-1.9872338
c_1_48_2317,15.349007,2.4693713
c_1_48_2318,10.9993,-0.24013905
c_1_48_2319,10.069675,-1.8019186
c_1_48_2320,10.609235,-0.98095506
c_1_48_2321,10.455865,-2.6487567
c_1_48_2322,9.223362,-0.5196945
c_1_48_2323,11.023102,0.76917684
c_1_48_2324,12.145524,0.98009455
c_1_48_2325,9.817432,-0.67997503
c_1_48_2326,4.9271226,0.07888716
c_1_48_2327,9.12345,-0.98282087
c_1_48_2328,10.252957,-1.831262
c_1_48_2329,11.325615,2.0157723
c_1_48_2330,5.5311155,-0.020923337
c_1_48_2331,6.492873,1.3064033
c_1_48_2332,9.660339,0.9677361
c_1_48_2333,10.103835,1.2657703
c_1_48_2334,10.019541,-2.394145
c_1_48_2335,7.4379754,1.2082716
c_1_48_2336,9.5488205,-1.2671883
c_1_48_2337,15.238609,2.9780116
c_1_48_2338,3.2178144,0.9376042
c_1_48_2339,10.578683,0.5579492
c_1_48_2340,12.628997,1.2866877
c_1_48_2341,10.007652,1.1941861
c_1_48_2342,9.151974,-0.5264107
c_1_48_2343,10.016217,-0.31023756
c_1_48_2344,12.857761,2.048516
c_1_48_2345,9.571554,-1.897584
c_1_48_2346,10.355676,-0.32032722
c_1_48_2347,9.422226,2.4908953
c_1_48_2348,9.143222,-0.6001592
c_1_48_2349,9.284239,1.1338505
c_1_48_2350,6.1563725,0.8232634
c_1_48_2351,10.0562935,-2.867939
c_1_48_2352,9.811674,-1.6230154
c_1_48_2353,10.70157,0.30550873
c_1_48_2354,8.161938,1.8581072
c_1_48_2356,8.892147,-1.1570493
c_1_48_2357,10.079626,-0.32417586
c_1_48_2358,15.313575,2.7790437
c_1_48_2359,9.519849,-1.0623413
c_1_48_2360,11.781252,0.37351725
c_1_48_2361,9.744368,-0.19588536
c_1_48_2362,9.76618,-2.495163
c_1_48_2363,10.024724,-2.991358
c_1_48_2364,10.243611,-0.31323886
c_1_48_2365,9.429242,-1.527704
c_1_48_2366,8.89731,-1.5267228
c_1_48_2367,11.828253,1.5158678
c_1_48_2368,10.290467,0.12531002
c_1_48_2369,13.884451,1.5232607
c_1_48_2370,9.140842,-0.3565153
c_1_48_2371,9.307582,-0.52486056
c_1_48_2372,5.2797337,0.9040006
c_1_48_2373,8.738201,-0.47389713
c_1_48_2374,10.399646,-3.0963247
c_1_48_2375,11.704123,-3.7877052
c_1_48_2376,10.68674,1.4560386
c_1_48_2377,11.681642,-3.8697345
c_1_48_2378,10.664215,-0.4800134
c_1_48_2379,11.34892,-0.414693
c_1_48_2380,8.6846485,-0.9178385
c_1_48_2381,9.000503,-1.0495467
c_1_48_2382,13.994486,1.2385288
c_1_48_2383,10.059911,-1.9741981
c_1_48_2384,8.444358,-0.39388347
c_1_48_2385,13.060866,2.6241808
c_1_48_2386,11.289017,0.8883584
c_1_48_2387,9.091509,-0.8468374
c_1_48_2388,9.324319,-0.30198255
c_1_48_2389,8.348467,-0.47498208
c_1_48_2390,8.396406,-0.53301907
c_1_48_2391,9.037439,-1.4568831
c_1_48_2392,10.841301,-3.1094432
c_1_48_2393,11.151791,0.38407916
c_1_48_2394,9.864006,1.6202725
c_1_48_2395,9.827428,-0.8113525
c_1_48_2396,10.411408,-2.1483977
c_1_48_2397,12.915498,-1.0151355
c_1_48_2398,10.829362,-0.12981895
c_1_48_2399,10.423242,-0.021225221
c_1_48_2400,9.319525,-1.2429591
c_1_48_2401,8.208902,2.6904745
c_1_48_2402,9.967942,-1.4406233
c_1_48_2403,10.330495,0.09456322
c_1_48_2404,8.770936,-0.6252773
c_1_48_2406,14.241595,2.0499783
c_1_48_2407,3.6336186,-0.37346506
c_1_48_2408,8.875461,0.68878394
c_1_48_2409,11.11065,-2.9351656
c_1_48_2410,9.473511,-1.8978312
c_1_48_2411,10.65782,-2.68802
c_1_48_2412,8.734607,-0.69655484
c_1_48_2413,12.220333,0.97865546
c_1_48_2414,10.946025,-0.59443027
c_1_48_2415,9.646428,-2.207048
c_1_48_2416,9.5046215,-0.7602665
c_1_48_2417,11.282563,-0.20698564
c_1_48_2418,10.304392,-0.25852236
c_1_48_2419,10.960383,1.3536276
c_1_48_2420,14.598199,1.9979895
c_1_48_2421,8.866038,0.48420534
c_1_48_2422,9.566843,-0.9946142
c_1_48_2423,13.701336,1.1887168
c_1_48_2424,10.101413,-2.4911168
c_1_48_2425,12.53348,1.4040956
c_1_48_2426,8.725598,-0.45882407
c_1_48_2427,10.841719,-0.070924304
c_1_48_2428,10.260767,-0.39020157
c_1_48_2429,12.952171,-0.8700951
c_1_48_2430,9.764371,-0.8496904
c_1_48_2431,8.669881,2.0983782
c_1_48_2432,10.473202,-2.4834707
c_1_48_2433,14.485272,0.9896519
c_1_48_2434,8.29177,0.73446345
c_1_48_2435,8.740496,-0.5126526
c_1_48_2436,9.515037,-1.4425148
c_1_48_2437,10.983504,0.20528069
c_1_48_2438,9.094454,0.8741143
c_1_48_2439,12.912378,0.9408084
c_1_48_2440,11.465685,-2.9882846
c_1_48_2441,13.579025,1.8378208
c_1_48_2442,9.007463,-0.26506397
c_1_48_2443,9.852321,-0.28691447
c_1_48_2444,9.191201,-0.39808476
c_1_48_2445,10.748679,0.013354579
c_1_48_2446,10.32792,-0.58622706
c_1_48_2447,9.90542,0.27370256
c_1_48_2448,8.566166,-0.73055
c_1_48_2449,10.519078,-2.6798997
c_1_48_2450,12.429906,-0.3978361
c_1_48_2451,9.24768,-0.49338314
c_1_48_2452,9.320036,-0.89771134
c_1_48_2453,10.391942,-0.24998873
c_1_48_2454,9.213187,-0.5487863
c_1_48_2455,7.7643657,4.3750625
c_1_48_2456,6.7438054,-0.92078316
c_1_48_2457,10.08539,-0.13841936
c_1_48_2458,12.659992,1.0465922
c_1_48_2459,9.568239,-0.05277279
c_1_48_2460,8.854653,-0.38257363
c_1_48_2461,9.682788,-0.24415915
c_1_48_2462,10.180867,-0.64618486
c_1_48_2463,10.421712,-2.640608
c_1_48_2464,9.52636,3.3134756
c_1_48_2465,11.299359,0.3484932
c_1_48_2467,12.214235,-0.10420977
c_1_48_2468,9.249854,0.200744
c_1_48_2469,8.907248,0.6606425
c_1_48_2470,8.151528,-0.5122466
c_1_48_2471,12.556578,-0.86876005
c_1_48_2472,13.990696,-0.8613859
c_1_48_2473,8.604612,1.0175126
c_1_48_2474,9.642055,-0.60530573
c_1_48_2475,9.69983,0.17553009
c_1_48_2476,9.938576,-1.7319556
c_1_48_2477,12.667612,0.577274
c_1_48_2478,9.805087,-1.710096
c_1_48_2480,8.874764,-0.6957712
c_1_48_2481,10.236348,-2.205786
c_1_48_2482,8.812215,-1.0884115
c_1_48_2483,9.18544,-1.0297574
c_1_48_2484,10.576674,-0.697374
c_1_48_2485,8.679736,-0.5621531
c_1_48_2486,10.721753,0.2252807
c_1_48_2487,9.24527,0.13945688
c_1_48_2488,11.036287,0.67265934
c_1_48_2489,9.189041,-0.6642643
c_1_48_2490,9.611612,0.41768083
c_1_48_2492,10.015862,0.5809912
c_1_48_2493,8.8274555,-1.4234924
c_1_48_2494,10.626647,-0.2617977
c_1_48_2495,10.05648,-1.5086175
c_1_48_2496,9.744584,-0.83434194
c_1_48_2497,10.730664,0.5234175
c_1_48_2498,10.619462,0.99506456
c_1_48_2499,7.778699,3.679069
c_1_48_2500,11.96218,1.3219311
c_1_48_2501,8.956389,-0.5688089
c_1_48_2502,11.250815,-0.6256757
c_1_48_2503,9.250746,2.2770183
c_1_48_2504,9.876442,1.3865818
c_1_48_2505,9.296228,2.478654
c_1_48_2506,9.102307,1.0918943
c_1_48_2507,9.616749,-0.94124925
c_1_48_2508,10.400542,1.2213076
c_1_48_2509,10.747039,-1.8519788
c_1_48_2510,9.846004,0.5500205
c_1_48_2511,3.769424,-0.9780776
c_1_48_2512,13.980201,2.1884081
c_1_48_2513,9.294494,0.015258699
c_1_48_2514,9.831528,-0.6797148
c_1_48_2515,13.972371,0.9425699
c_1_48_2516,9.580049,1.2244031
c_1_48_2517,9.200332,-0.14699455
c_1_48_2518,8.871334,-0.5517768
c_1_48_2520,9.39131,-1.5900669
c_1_48_2521,9.800787,-2.1928518
c_1_48_2522,8.915079,-0.73166406
c_1_48_2523,9.276853,0.2526973
c_1_48_2524,7.4120526,-1.0352508
c_1_48_2525,8.434052,3.9190748
c_1_48_2526,9.297793,0.7255814
c_1_48_2527,10.397781,-1.4884714
c_1_48_2528,9.362044,0.33843842
c_1_48_2529,9.959838,-2.0150282
c_1_48_2530,10.500782,1.145227
c_1_48_2531,7.6794024,0.25977
c_1_48_2532,10.941866,1.9615728
c_1_48_2533,9.086957,1.5330083
c_1_48_2534,11.109951,1.4328226
c_1_48_2535,14.294519,1.7188317
c_1_48_2536,10.93227,-2.470147
c_1_48_2537,9.980276,0.9220411
c_1_48_2538,9.453693,-2.0346038
c_1_48_2539,10.842771,0.5781439
c_1_48_2540,10.223633,0.07878401
c_1_48_2541,9.064561,0.000102068516
c_1_48_2542,10.570879,2.5470386
c_1_48_2543,8.8976345,-1.0120175
c_1_48_2544,10.904587,2.3784437
c_1_48_2545,11.749154,-0.95560974
c_1_48_2546,12.598688,5.351299
c_1_48_2547,9.510151,2.0233529
c_1_48_2548,10.21016,-0.29267773
c_1_48_2549,12.614625,1.1729522
c_1_48_2550,8.9069605,0.43230936
c_1_48_2551,8.29453,0.31793365
c_1_48_2552,9.801271,1.1831856
c_1_48_2553,8.760159,-0.60576075
c_1_48_2554,11.445938,0.30573416
c_1_48_2555,9.331093,-0.7360103
c_1_48_2556,9.600663,-1.6199812
c_1_48_2557,12.911935,0.55925286
c_1_48_2558,9.055142,-0.9665045
c_1_48_2559,9.081466,-0.38067615
c_1_48_2560,10.835135,-0.3318612
c_1_48_2561,10.1268425,0.73306155
c_1_48_2563,10.263092,-0.5605605
c_1_48_2564,10.124188,2.0882218
c_1_48_2565,9.034248,0.4919858
c_1_48_2566,9.73448,-0.7513628
c_1_48_2567,9.317327,0.7454982
c_1_48_2568,12.35705,0.7822644
c_1_48_2569,9.847406,1.1936028
c_1_48_2570,10.496161,-2.5158904
c_1_48_2571,10.113725,2.2724648
c_1_48_2572,12.120395,1.0214471
c_1_48_2574,13.183145,1.3545251
c_1_48_2575,9.721469,1.5051674
c_1_48_2576,8.0053,0.10709871
c_1_48_2577,11.279397,0.049734324
c_1_48_2578,9.321413,-0.11408206
c_1_48_2579,10.325779,0.54486966
c_1_48_2580,9.943649,1.034108
c_1_48_2581,8.825538,0.43586993
c_1_48_2582,5.4076996,1.0509402
c_1_48_2583,8.652007,-0.68179226
c_1_48_2584,10.827243,1.4978076
c_1_48_2585,8.215419,1.6946021
c_1_48_2586,10.176692,-0.7365338
c_1_48_2587,9.708289,1.3822467
c_1_48_2588,8.990289,0.35651025
c_1_48_2589,11.639478,1.1211683
c_1_48_2590,11.398878,0.9749679
c_1_48_2591,8.674999,-0.41901505
c_1_48_2592,14.456641,-1.8601362
c_1_48_2593,9.792197,-1.3107469
c_1_48_2594,12.785218,0.84465355
c_1_48_2595,9.454848,0.7190991
c_1_48_2596,11.799145,1.095375
c_1_48_2597,8.263802,1.6945626
c_1_48_2598,12.128834,0.73894763
c_1_48_2599,8.9724655,-1.1953782
c_1_48_2600,9.807347,0.07644112
c_1_48_2601,10.709681,-0.0853087
c_1_48_2602,9.793085,-2.054749
c_1_48_2603,13.924366,1.4510924
c_1_48_2604,12.058207,-0.2833017
c_1_48_2605,10.310187,2.5187733
c_1_48_2606,8.642627,-0.77617735
c_1_48_2607,9.0601225,-0.43137854
c_1_48_2608,10.000032,-0.3636389
c_1_48_2609,12.756709,-0.19344693
c_1_48_2610,10.219309,0.9987929
c_1_48_2611,13.684616,-1.6013145
c_1_48_2612,13.230919,-1.21301
c_1_48_2613,10.1397915,0.071329005
c_1_48_2614,8.860637,-1.0800248
c_1_48_2615,14.387331,1.0306954
c_1_48_2616,9.2469635,1.2816212
c_1_48_2617,10.464083,-0.74871963
c_1_48_2618,12.585873,-0.74378127
c_1_48_2619,9.33513,-0.42626494
c_1_48_2620,13.89772,1.248097
c_1_48_2621,9.568635,-0.023450717
c_1_48_2622,9.18694,-0.52729464
c_1_48_2623,10.79385,0.6944025
c_1_48_2624,5.3440795,0.5149663
c_1_48_2625,8.951148,0.4675476
c_1_48_2626,11.06473,0.22842553
c_1_48_2627,13.906507,1.72858
c_1_48_2628,10.963228,-0.737824
c_1_48_2629,14.674145,3.2303064
c_1_48_2630,12.304886,1.2790763
c_1_48_2631,10.249764,-0.013097533
c_1_48_2632,8.855768,-0.89459014
c_1_48_2633,9.300038,-0.825763
c_1_48_2634,4.330533,0.052898183
c_1_48_2635,9.283695,-0.38862237
c_1_48_2637,11.083669,0.9432245
c_1_48_2639,10.304276,2.2295403
c_1_48_2640,9.452923,1.1124554
c_1_48_2641,10.440304,-0.43489048
c_1_48_2642,9.121827,-0.7989689
c_1_48_2643,11.622563,-0.34396073
c_1_48_2644,10.00093,-1.2291598
c_1_48_2645,8.235961,1.7574544
c_1_48_2646,13.47668,0.57162577
c_1_48_2647,10.367772,-0.473259
c_1_48_2648,9.080295,0.8634729
c_1_48_2649,12.067633,2.2130997
c_1_48_2650,5.649946,3.2294827
c_1_48_2651,10.464436,0.68521005
c_1_48_2652,9.544206,-0.6993195
c_1_48_2653,12.371378,-1.0129594
c_1_48_2654,8.562663,-0.50447047
c_1_48_2655,10.785191,-2.148981
c_1_48_2656,9.446304,-0.4571677
c_1_48_2657,9.498687,0.7028224
c_1_48_2658,9.477295,4.6514964
c_1_48_2659,14.5690565,2.0517976
c_1_48_2660,10.276924,1.6260127
c_1_48_2661,8.130771,0.05816423
c_1_48_2662,12.327642,0.30512983
c_1_48_2663,11.782076,-0.7562465
c_1_48_2664,11.961938,0.82126415
c_1_48_2665,11.508485,0.33990577
c_1_48_2666,13.923673,2.4755259
c_1_48_2667,9.663067,-0.20049343
c_1_48_2668,14.703281,2.4392467
c_1_48_2669,10.761189,0.57056683
c_1_48_2670,10.609789,-0.956951
c_1_48_2671,10.096677,1.4315184
c_1_48_2672,12.947811,1.9460467
c_1_48_2673,14.872256,2.5038934
c_1_48_2674,15.133786,2.5578637
c_1_48_2675,10.249728,-0.67077416
c_1_48_2676,11.465554,-0.9256038
c_1_48_2677,12.249493,-0.54023796
c_1_48_2678,9.897916,1.5584387
c_1_48_2679,7.577945,2.585007
c_1_48_2680,9.515781,-0.19038223
c_1_48_2681,11.317874,1.0682217
c_1_48_2682,9.380898,0.22120269
c_1_48_2683,9.998201,-0.61925143
c_1_48_2684,12.596532,1.2538759
c_1_48_2685,11.614773,-1.365176
c_1_48_2686,9.556936,-1.0391799
c_1_48_2687,9.677828,-0.29875973
c_1_48_2688,9.728286,-0.8380154
c_1_48_2689,9.061941,0.26738316
c_1_48_2690,10.514428,-0.21461487
c_1_48_2691,14.574184,3.3422036
c_1_48_2692,11.037489,-0.9038244
c_1_48_2694,10.676487,-1.8816838
c_1_48_2695,11.6471615,0.23615873
c_1_48_2696,9.452428,-0.27547622
c_1_48_2697,10.904415,-3.3302877
c_1_48_2698,12.271074,1.4084827
c_1_48_2699,10.966274,-3.297347
c_1_48_2700,14.276617,0.9863526
c_1_48_2701,9.0290985,0.31570747
c_1_48_2702,13.968419,2.7107832
c_1_48_2703,11.800113,3.0238898
c_1_48_2704,12.190264,0.55495733
c_1_48_2705,10.130819,-0.2228732
c_1_48_2706,10.155877,0.32849073
c_1_48_2707,12.346025,0.79080784
c_1_48_2708,9.920494,0.3304891
c_1_48_2709,9.718851,-0.93598443
c_1_48_2710,9.610522,-0.046087574
c_1_48_2711,12.170407,-3.7821827
c_1_48_2712,11.394728,-0.005288961
c_1_48_2713,10.536187,-1.1316799
c_1_48_2714,9.875296,-2.1314023
c_1_48_2715,9.466139,0.00020847742
c_1_48_2717,10.090491,1.6752448
c_1_48_2719,10.718297,1.1507908
c_1_48_2720,8.704952,2.3857033
c_1_48_2721,14.207472,1.6459699
c_1_48_2722,9.146611,-1.1846396
c_1_48_2723,13.812451,1.3092157
c_1_48_2724,10.898163,-2.5056334
c_1_48_2725,9.774199,-0.9623087
c_1_48_2726,11.075832,0.09122845
c_1_48_2727,8.670609,-0.2688158
c_1_48_2728,8.626398,1.3633376
c_1_48_2729,10.133945,-0.6551413
c_1_48_2730,10.4863825,-0.9432968
c_1_48_2731,9.114662,0.34051207
c_1_48_2732,13.223438,0.7751529
c_1_48_2733,9.511115,-1.1691458
c_1_48_2734,13.12555,0.7407112
c_1_48_2735,9.346502,-0.19283499
c_1_48_2736,14.0566225,2.160873
c_1_48_2737,14.303354,0.9355216
c_1_48_2738,8.553997,1.1545593
c_1_48_2739,15.294933,2.716119
c_1_48_2740,11.342634,2.2027924
c_1_48_2741,13.399958,1.886092
c_1_48_2743,10.190907,1.8997964
c_1_48_2744,8.370509,4.0708113
c_1_48_2745,8.511249,0.7888081
c_1_48_2746,10.751389,-1.062934
c_1_48_2747,11.276948,0.8366465
c_1_48_2748,8.914889,-0.6552056
c_1_48_2749,14.0056715,2.1706777
c_1_48_2750,10.107577,2.9940069
c_1_48_2751,12.186441,3.0170639
c_1_48_2752,13.177958,1.0971893
c_1_48_2753,11.263756,0.2904385
c_1_48_2754,11.967824,-1.2093419
c_1_48_2756,8.838421,-0.42988443
c_1_48_2757,9.65907,1.8137146
c_1_48_2758,7.0237975,1.9785838
c_1_48_2759,8.505655,2.0175257
c_1_48_2760,15.290592,3.0743773
c_1_48_2762,8.438536,3.3142114
c_1_48_2763,13.924416,2.5135279
c_1_48_2765,11.197539,-0.35638854
c_1_48_2766,15.496693,3.2623618
c_1_48_2767,12.7778225,1.0995538
c_1_48_2769,9.242006,0.22934763
c_1_48_2771,14.105534,1.1683456
c_1_48_2772,14.942574,2.1276498
c_1_48_2773,9.748832,2.127718
c_1_48_2774,10.460809,-0.6336969
c_1_48_2775,11.229292,-1.9715817
c_1_48_2776,8.910825,-0.21458605
c_1_48_2778,9.736986,-1.2896425
c_1_48_2779,10.352133,1.3557947
c_1_48_2780,10.361736,0.98021036
c_1_48_2781,9.4797125,1.4263182
c_1_48_2782,8.014782,1.5562861
c_1_48_2783,9.645337,-1.7265784
c_1_48_2784,8.814398,-0.47950462
c_1_48_2785,13.453147,1.0499169
c_1_48_2787,11.111776,0.71660566
c_1_48_2788,8.583014,-0.6165405
c_1_48_2789,8.84551,-0.8735065
c_1_48_2790,8.712382,0.59186935
c_1_48_2791,14.42062,1.9892348
c_1_48_2793,12.983434,0.65500015
c_1_48_2794,8.837855,3.3382275
c_1_48_2795,10.414803,1.3659973
c_1_48_2796,11.43919,-0.7631759
c_1_48_2797,8.67961,2.5145478
c_1_48_2798,5.1192307,0.07470183
c_1_48_2799,9.7091465,-1.9645396
c_1_48_2800,10.275417,-1.5515362
c_1_48_2801,4.9094286,0.037250765
c_1_48_2803,4.2090487,0.021059265
c_1_48_2804,8.325868,1.2879574
c_1_48_2805,9.799511,1.3807716
c_1_48_2806,7.822343,0.523787
c_1_48_2807,10.46629,-0.2828957
c_1_48_2808,9.556734,2.7526364
c_1_48_2809,10.580065,0.7270421
c_1_48_2810,14.3972025,1.3278563
c_1_48_2811,9.0742655,-1.300448
c_1_48_2812,6.8732023,1.7448603
c_1_48_2814,12.544177,-1.2804344
c_1_48_2815,8.944533,0.1454371
c_1_48_2817,4.7916226,0.5742781
c_1_48_2818,10.175764,-0.81202674
c_1_48_2819,9.17031,0.42051023
c_1_48_2820,4.773301,0.14585811
c_1_48_2821,8.618523,-0.84097743
c_1_48_2822,6.8073745,2.4251523
c_1_48_2823,10.608983,-1.158864
c_1_48_2824,8.184005,1.9322841
c_1_48_2825,9.969232,2.1850445
c_1_48_2826,10.393534,0.35478795
c_1_48_2828,9.526833,3.9336185
c_1_48_2829,12.861366,0.6364853
c_1_48_2830,5.4746103,0.60835433
c_1_48_2831,7.467402,1.7627302
c_1_48_2832,10.17204,0.030033834
c_1_48_2833,9.38543,0.6197687
c_1_48_2834,6.3495893,2.567464
c_1_48_2835,4.8195534,0.36117524
c_1_48_2836,6.4244337,-1.136789
c_1_48_2837,9.740985,-1.5451295
c_1_48_2838,8.659421,0.29549766
c_1_48_2839,10.783314,-1.5329778
c_1_48_2840,9.375227,-0.3733849
c_1_48_2841,9.064252,5.1143928
c_1_48_2842,9.712927,-2.184524
c_1_48_2843,4.3627596,0.37720433
c_1_48_2844,9.136825,-0.37879422
c_1_48_2845,14.407986,2.3684514
c_1_48_2846,8.888196,-0.40434235
c_1_48_2847,9.75334,0.8261851
c_1_48_2848,7.044707,0.10212177
c_1_48_2849,15.58056,3.1148636
c_1_48_2850,7.409122,0.75908256
c_1_48_2851,10.364749,-0.7285539
c_1_48_2853,9.582686,1.5924045
c_1_48_2854,11.373979,-3.633333
c_1_48_2855,13.24733,1.3073123
c_1_48_2856,14.469352,1.3705603
c_1_48_2857,12.670352,0.54297876
c_1_48_2858,8.868185,-0.555993
c_1_48_2859,9.628582,-0.11034366
c_1_48_2860,11.698617,-0.53613937
c_1_48_2861,8.125567,2.0283847
c_1_48_2862,9.5267315,1.1397586
c_1_48_2863,9.999941,-2.3118386
c_1_48_2864,8.778357,0.8142808
c_1_48_2865,10.535704,-1.5303595
c_1_48_2866,10.970484,0.94030625
c_1_48_2867,15.371196,3.2366648
c_1_48_2868,8.1890745,2.339366
c_1_48_2869,10.886072,1.5409893
c_1_48_2870,11.725203,0.25200886
c_1_48_2872,6.6268945,3.05836
c_1_48_2873,10.305834,0.8792198
c_1_48_2874,6.0937247,2.631384
c_1_48_2875,9.205196,0.34700117
c_1_48_2876,14.515646,2.4034274
c_1_48_2877,9.704189,1.6132847
c_1_48_2878,10.366447,-3.0811894
c_1_48_2879,9.717856,1.3127961
c_1_48_2880,9.163072,-1.0424968
c_1_48_2881,6.467464,2.6254628
c_1_48_2882,9.467138,1.1098824
c_1_48_2883,6.358509,1.6208974
c_1_48_2885,9.26154,-0.2866675
c_1_48_2886,11.765746,0.8180651
c_1_48_2887,14.427061,5.235007
c_1_48_2888,11.486825,-0.027724715
c_1_48_2889,12.917001,5.0689774
c_1_48_2890,11.05857,-0.07705546
c_1_48_2891,3.900913,0.020093642
c_1_48_2892,10.557066,2.4486687
c_1_48_2893,10.797961,-0.032526955
c_1_48_2894,5.138022,0.2342551
c_1_48_2895,10.242969,1.2373452
c_1_48_2896,10.320183,-0.23029606
c_1_48_2897,6.3242583,3.1157382
c_1_48_2898,10.530513,1.2767174
c_1_48_2899,10.319382,-0.45629224
c_1_48_2900,12.075739,2.1565087
c_1_48_2901,6.9796014,3.5381148
c_1_48_2902,11.2777195,0.65861267
c_1_48_2904,7.884192,2.033099
c_1_48_2905,14.82927,2.4488726
c_1_48_2906,10.344198,0.029675536
c_1_48_2907,4.3994894,0.18147439
c_1_48_2908,12.34852,2.5172336
c_1_48_2909,14.178059,1.0969923
c_1_48_2910,9.70556,-0.6627193
c_1_48_2912,13.07028,5.311348
c_1_48_2914,14.176443,3.8640337
c_1_48_2915,9.417142,2.81056
c_1_48_2916,11.711481,0.5715958
c_1_48_2917,9.610291,-0.9499736
c_1_48_2918,9.447242,-0.4848653
c_1_48_2919,5.5923033,0.08112621
c_1_48_2920,9.805199,4.6846213
c_1_48_2921,10.945828,-0.66095966
c_1_48_2922,12.372763,1.2457048
c_1_48_2923,9.577307,-0.47898373
c_1_48_2924,13.005655,4.839118
c_1_48_2925,4.361293,-0.24823175
c_1_48_2926,9.92052,3.3443556
c_1_48_2927,9.174413,0.3450115
c_1_48_2928,10.332798,-0.06834746
c_1_48_2929,8.587812,0.51239645
c_1_48_2931,13.221135,0.8226231
c_1_48_2932,9.300601,-1.0424085
c_1_48_2933,15.162434,3.3071718
c_1_48_2934,9.200173,-0.72088116
c_1_48_2935,9.194744,1.9105544
c_1_48_2936,8.319068,2.617709
c_1_48_2937,8.884857,-0.4117563
c_1_48_2939,6.447908,2.3263855
c_1_48_2940,13.283267,1.4734914
c_1_48_2942,8.865552,0.72262955
c_1_48_2943,11.422796,0.82350284
c_1_48_2944,11.5788555,-0.3020663
c_1_48_2945,15.363462,3.2620933
c_1_48_2946,9.865036,0.2762038
c_1_48_2947,14.2379875,2.627388
c_1_48_2948,9.284356,-0.45544824
c_1_48_2949,13.808248,2.5424209
c_1_48_2950,10.917096,0.6369282
c_1_48_2951,8.347409,1.9942508
c_1_48_2952,9.199803,-0.038258832
c_1_48_2953,15.391671,3.005145
c_1_48_2954,5.9891644,0.45100704
c_1_48_2955,12.740553,2.484435
c_1_48_2956,10.287364,-0.64823383
c_1_48_2957,4.117661,0.22527704
c_1_48_2958,9.680285,0.28253263
c_1_48_2959,4.074317,0.26515967
c_1_48_2960,5.1438127,0.81096184
c_1_48_2961,13.872799,0.7914269
c_1_48_2963,13.135222,2.4535973
c_1_48_2964,10.365912,-0.7021666
c_1_48_2965,12.9489,1.520495
c_1_48_2966,4.7160416,-0.0981986
c_1_48_2967,11.202632,0.28762764
c_1_48_2968,14.175796,2.6387212
c_1_48_2969,9.081102,0.80029196
c_1_48_2970,5.062383,0.2035388
c_1_48_2972,4.116238,-0.3858969
c_1_48_2973,4.470047,0.52241397
c_1_48_2974,4.6789756,0.13324545
c_1_48_2975,10.470852,1.3102956
c_1_48_2976,12.042828,1.5012461
c_1_48_2977,12.606355,1.2787777
c_1_48_2978,15.275448,2.6690342
c_1_48_2979,4.170931,0.16299343
c_1_48_2980,15.321917,2.9821277
c_1_48_2981,8.575143,1.0765452
c_1_48_2982,11.127157,0.21717706
c_1_48_2983,11.63802,0.81871015
c_1_48_2984,11.31707,2.996501
c_1_48_2985,12.790714,2.0042937
c_1_48_2986,4.617822,0.17605568
c_1_48_2987,11.491394,0.8555618
c_1_48_2988,8.83815,3.8144882
c_1_48_2989,9.72923,-0.36689866
c_1_48_2990,14.171537,-1.9794354
c_1_48_2991,12.964824,5.6289144
c_1_48_2992,10.692428,1.2684082
c_1_48_2993,14.806502,2.5973592
c_1_48_2994,9.35711,1.2306689
c_1_48_2995,5.3023953,0.80122316
c_1_48_2996,5.288215,0.1836496
c_1_48_2997,11.76185,1.2720418
c_1_48_2998,10.817297,0.38640028
c_1_48_2999,9.781344,1.1713837
c_1_48_3000,10.765662,2.7163365
c_1_48_3001,8.719029,0.3329817
c_1_48_3002,11.431989,1.7012569
c_1_48_3003,9.909475,-0.9939285
c_1_48_3004,12.55809,-0.97596294
c_1_48_3005,12.491253,0.7851717
c_1_48_3006,8.977008,5.610706
c_1_48_3007,9.581806,-0.20937173
c_1_48_3008,9.119054,1.8016299
c_1_48_3009,14.573496,1.9465348
c_1_48_3010,4.414784,1.2361895
c_1_48_3012,12.087543,1.4980638
c_1_48_3013,12.189053,1.1470804
c_1_48_3014,10.244105,4.007851
c_1_48_3015,9.520288,2.38054
c_1_48_3016,11.988016,0.4689804
c_1_48_3017,12.124665,-0.8372746
c_1_48_3018,13.0723095,2.8071244
c_1_48_3019,11.347238,1.1277413
c_1_48_3020,14.508851,-2.2241263
c_1_48_3021,12.528585,2.1209002
c_1_48_3022,14.993255,2.150517
c_1_48_3023,11.583142,2.231819
c_1_48_3024,10.266766,2.8464613
c_1_48_3025,10.624864,4.8205204
c_1_48_3026,11.67983,1.5175261
c_1_48_3027,9.162895,1.0464382
c_1_48_3028,14.613216,2.5697126
c_1_48_3029,14.886466,2.482587
c_1_48_3030,15.643325,3.0682945
c_1_48_3031,4.6944776,-2.4335594
c_1_48_3032,6.2662582,0.21989977
c_1_48_3033,4.6071177,-2.207485
c_1_48_3034,5.9107175,-1.1802633
c_1_48_3035,5.713143,-1.2468818
c_1_48_3036,4.6874666,-1.7675157
c_1_48_3037,4.5985503,-1.9414876
c_1_48_3038,6.2992105,-0.93094265
c_1_48_3039,12.292943,1.0188514
c_1_48_3040,4.105641,0.0070811496
c_1_48_3041,4.337916,-1.1748238
c_1_48_3042,3.5799584,-1.3632873
c_1_48_3043,4.2847233,-1.5033916
c_1_48_3044,10.037793,1.0514709
c_1_48_3045,4.0680184,-2.0934517
c_1_48_3046,3.9069903,-1.9487113
c_1_48_3047,7.9804816,2.138501
c_1_48_3048,3.705959,-1.5595641
c_1_48_3049,3.1651237,-0.5826186
c_1_48_3050,5.5391107,-0.4013139
c_1_48_3051,2.9967716,-0.23095433
c_1_48_3052,3.0850687,-0.30712923
c_1_48_3053,10.814321,1.3655796
c_1_48_3055,11.690938,0.9987919
c_1_48_3056,3.6326547,-1.2104133
c_1_48_3057,3.7388523,-1.694727
c_1_48_3058,2.8660498,-0.5466325
c_1_48_3059,3.5217369,-0.6520912
c_1_48_3060,3.1965883,-0.51717186
c_1_48_3061,3.0225298,-1.2355778
c_1_48_3062,8.77554,1.0946798
c_1_48_3063,3.4855597,-0.32392973
c_1_48_3064,9.488731,1.0476711
c_1_48_3065,3.1707458,-0.4696838
c_1_48_3066,3.9406023,-1.4098115
c_1_48_3067,2.7527905,-0.7899323
c_1_48_3068,2.5593848,-0.60516995
c_1_48_3069,2.8653338,-0.3568346
c_1_48_3070,3.0497653,-0.6654712
c_1_48_3071,6.4560986,1.7571751
c_1_48_3073,3.8607864,0.39857584
c_1_48_3074,3.1145854,0.47567692
c_1_48_3075,12.550505,1.0936548
c_1_48_3076,4.908923,0.56474596
c_1_48_3077,3.1526587,0.5714572
c_1_48_3078,3.15596,0.1769679
c_1_48_3079,14.00163,3.225306
c_1_48_3080,14.970013,2.1780381
c_1_48_3081,2.7350612,0.2843226
c_1_48_3082,2.500567,-0.12385978
c_1_48_3083,2.468392,0.11228817
c_1_48_3084,2.595049,0.13126962
c_1_48_3085,3.1834133,0.5497427
c_1_48_3086,2.8903985,0.33128843
c_1_48_3087,2.3365414,0.41061947
c_1_48_3088,12.128561,1.4910855
c_1_48_3089,3.8281271,-0.2736565
c_1_48_3090,2.5522695,-0.44821948
c_1_49_2,15.1349945,2.5479543
c_1_49_3,7.4852114,1.5560812
c_1_49_4,12.939157,0.9449227
c_1_49_5,14.092326,-2.359047
c_1_49_6,13.789646,-2.0548658
c_1_49_7,6.913773,2.0624347
c_1_49_8,13.41443,2.988544
c_1_49_9,15.327637,2.4837396
c_1_49_10,14.241313,-2.128468
c_1_49_11,7.406519,2.3309128
c_1_49_12,14.456791,-0.08111175
c_1_49_13,6.8715005,2.0260735
c_1_49_14,12.777759,-0.25972068
c_1_49_15,12.33072,-1.0569286
c_1_49_16,7.8929124,2.3840694
c_1_49_17,9.3735895,1.81539
c_1_49_18,9.261909,2.3273158
c_1_49_19,14.431569,-2.5082297
c_1_49_20,12.613303,-0.84915257
c_1_49_21,4.6771755,-0.9042393
c_1_49_22,13.499913,-1.7620512
c_1_49_23,7.746821,2.6342142
c_1_49_24,14.67365,-1.7788925
c_1_49_25,14.5417185,-1.210245
c_1_49_26,14.018865,-0.87237036
c_1_49_27,14.631958,-1.3826451
c_1_49_28,14.289946,-2.0843139
c_1_49_29,12.621798,-1.0405942
c_1_49_30,4.548803,-0.9645363
c_1_49_31,14.381227,-0.6469318
c_1_49_32,4.779594,-1.5114845
c_1_49_33,4.611573,-1.0442986
c_1_49_34,14.011567,-0.8608364
c_1_49_35,6.1448092,2.8200111
c_1_49_36,13.986564,-2.4760005
c_1_49_37,3.7720983,-1.6301198
c_1_49_38,13.664025,-1.3927695
c_1_49_39,4.1312537,-1.1369548
c_1_49_40,4.6602335,-0.86573106
c_1_49_41,14.394836,-2.431243
c_1_49_42,12.437883,-1.0847106
c_1_49_43,5.807361,-0.96003115
c_1_49_44,7.523225,2.6953137
c_1_49_45,3.480778,-0.30532995
c_1_49_46,3.8789468,-0.47597703
c_1_49_47,13.587835,-2.0134838
c_1_49_48,3.828411,-1.8500681
c_1_49_49,12.829496,-1.3060728
c_1_49_50,6.775889,-0.45145336
c_1_49_51,3.2355351,-0.0763191
c_1_49_52,6.005929,0.1175239
c_1_49_53,7.4156227,2.297842
c_1_49_54,7.5711484,2.070831
c_1_49_55,5.7511425,-1.2153935
c_1_49_56,7.2198544,1.7486148
c_1_49_57,13.109104,-1.5474072
c_1_49_58,3.1924284,-0.17875609
c_1_49_59,4.0635424,-0.9339085
c_1_49_60,5.486566,-1.2452415
c_1_49_61,3.0572915,-0.22549172
c_1_49_62,14.410737,-1.9611194
c_1_49_63,4.9201245,-0.89241314
c_1_49_64,15.323819,2.3317816
c_1_49_65,3.9334223,0.14357466
c_1_49_66,13.916406,-1.5632097
c_1_49_67,8.507047,1.8522075
c_1_49_68,4.4224296,-0.795244
c_1_49_69,7.405256,2.2620625
c_1_49_70,5.473829,0.22918642
c_1_49_71,6.647146,-0.16449778
c_1_49_72,14.190256,-1.2725614
c_1_49_73,12.503233,-0.19332284
c_1_49_74,3.2002919,0.18294206
c_1_49_75,13.967406,-2.0654275
c_1_49_76,3.701612,-1.0892943
c_1_49_77,3.0271156,0.15839401
c_1_49_78,5.774164,-0.23116213
c_1_49_79,3.6836014,-0.2711919
c_1_49_80,13.58753,0.5036506
c_1_49_81,14.111303,-2.2515244
c_1_49_82,4.9950294,-0.22670595
c_1_49_83,4.7785425,-2.3232994
c_1_49_84,8.163503,2.4090996
c_1_49_85,14.209527,-0.35743698
c_1_49_86,8.059415,2.407816
c_1_49_87,2.8456373,0.1972573
c_1_49_88,5.6056657,-0.2382924
c_1_49_89,3.9642282,-0.46278876
c_1_49_90,14.286059,-1.9471022
c_1_49_91,5.5148897,-0.97163403
c_1_49_92,3.1018727,0.29002798
c_1_49_93,8.964258,2.5770347
c_1_49_94,5.4458237,-0.76663256
c_1_49_95,13.284907,2.3244321
c_1_49_96,5.118218,-0.8592983
c_1_49_97,4.23781,-0.23979467
c_1_49_98,4.442693,-0.27205288
c_1_49_99,14.557083,-1.9468706
c_1_49_100,4.135403,-0.7843074
c_1_49_101,7.6991334,1.6186806
c_1_49_102,9.312061,1.26191
c_1_49_103,5.2689977,-1.130912
c_1_49_104,6.4204555,-0.7380038
c_1_49_105,5.921802,-0.046029355
c_1_49_106,13.304617,-1.780375
c_1_49_107,6.002757,-0.33639786
c_1_49_108,5.71525,-0.9451219
c_1_49_109,4.8627014,-0.66538286
c_1_49_110,2.5149324,0.2708766
c_1_49_111,4.235655,-0.06607252
c_1_49_112,9.964499,3.1780093
c_1_49_113,4.0233674,-0.94700956
c_1_49_114,11.277587,3.6111147
c_1_49_115,14.0979805,-2.0005627
c_1_49_116,13.246086,-1.4978906
c_1_49_117,5.001203,-1.2015789
c_1_49_118,4.1327844,-0.1393358
c_1_49_119,3.73439,-0.5145684
c_1_49_120,6.860169,1.1060174
c_1_49_121,5.713521,-1.0287781
c_1_49_122,5.7466893,-1.3972914
c_1_49_123,5.94995,-0.7836682
c_1_49_124,4.571475,-0.38835615
c_1_49_125,6.630916,0.07010639
c_1_49_126,13.671313,-1.8802826
c_1_49_127,5.8936653,-1.5095143
c_1_49_128,3.696021,-0.087370485
c_1_49_129,5.3328867,-1.1055118
c_1_49_130,14.029164,-2.0466912
c_1_49_131,10.446569,-0.8283726
c_1_49_132,5.6009555,-1.751519
c_1_49_133,13.685945,-1.7009655
c_1_49_134,4.370517,-0.7700294
c_1_49_135,3.5671859,0.22491264
c_1_49_136,5.297677,0.50302225
c_1_49_137,5.1482987,-1.2334968
c_1_49_138,9.764453,1.7917958
c_1_49_139,4.0776143,-0.19623578
c_1_49_140,3.5195537,0.17474332
c_1_49_141,3.3750966,-0.058192898
c_1_49_142,13.835865,-1.6224493
c_1_49_143,5.7486124,-0.8202676
c_1_49_144,4.765147,1.1297417
c_1_49_145,13.351734,3.5237947
c_1_49_146,14.637742,-2.5573578
c_1_49_147,5.329774,-0.39725006
c_1_49_148,10.067441,1.2344754
c_1_49_149,5.5876627,-0.8284768
c_1_49_150,4.4630895,-0.8836193
c_1_49_151,14.414855,-2.2740967
c_1_49_152,4.171811,0.7187293
c_1_49_153,13.85335,-2.1395578
c_1_49_154,7.6150193,1.5773274
c_1_49_155,3.6793835,-1.5028607
c_1_49_156,3.974327,0.31454495
c_1_49_157,5.241469,-1.2021822
c_1_49_158,8.366299,2.0759444
c_1_49_159,3.9347684,-0.11630825
c_1_49_161,11.507289,1.1830744
c_1_49_162,14.526451,-0.8323794
c_1_49_163,9.509854,2.0907736
c_1_49_164,10.143819,0.511784
c_1_49_165,5.347244,-0.71573865
c_1_49_166,7.61795,0.60159117
c_1_49_167,3.57289,0.132009
c_1_49_168,4.918744,-1.5363566
c_1_49_169,4.8051696,-1.4709747
c_1_49_170,5.1416516,-1.3727057
c_1_49_171,5.258713,-1.3180035
c_1_49_172,14.0079775,-2.143954
c_1_49_173,14.298262,-2.2632682
c_1_49_174,13.570978,-1.9475864
c_1_49_175,5.6777864,-0.93016255
c_1_49_176,7.9199514,1.178207
c_1_49_177,14.25076,-2.5031698
c_1_49_178,13.85149,-1.9580578
c_1_49_179,13.207109,-1.9682724
c_1_49_180,3.7998476,0.2775127
c_1_49_181,13.38709,-1.9896408
c_1_49_182,5.2124805,-0.29314458
c_1_49_183,10.048999,3.5388877
c_1_49_184,3.3058538,0.18764707
c_1_49_185,13.729697,2.9729946
c_1_49_186,4.455731,-0.51535153
c_1_49_187,3.0186348,0.388031
c_1_49_188,10.088725,2.4810572
c_1_49_189,13.224041,-1.5891907
c_1_49_190,5.0893826,-1.3927437
c_1_49_191,5.5501394,-0.250142
c_1_49_192,5.5518446,-0.124503285
c_1_49_193,5.0443788,-1.1995046
c_1_49_194,13.7589035,-2.122353
c_1_49_195,14.191687,1.8659749
c_1_49_196,4.2611103,0.12329661
c_1_49_197,3.35703,0.6787626
c_1_49_198,5.552624,-0.7399361
c_1_49_199,13.722275,-1.6283356
c_1_49_200,5.771454,-0.6384773
c_1_49_202,13.559653,0.6296954
c_1_49_203,13.455923,-1.6220955
c_1_49_204,9.451912,0.9372254
c_1_49_205,13.857326,-1.6572518
c_1_49_206,10.423169,1.5917877
c_1_49_207,3.9616897,-0.8995172
c_1_49_208,3.2230258,0.7584752
c_1_49_209,3.517197,0.5273463
c_1_49_210,5.7298017,-0.7798489
c_1_49_211,5.55878,-1.2324811
c_1_49_212,3.9682806,0.065835565
c_1_49_213,14.042639,-0.80953467
c_1_49_214,2.6036038,0.6872668
c_1_49_215,4.368523,0.2679959
c_1_49_216,14.837712,2.5080771
c_1_49_217,5.4385166,-0.8662284
c_1_49_218,13.955533,-2.0923216
c_1_49_219,14.041308,-1.6655247
c_1_49_220,9.502315,1.91485
c_1_49_221,11.191865,-0.20068383
c_1_49_222,12.523735,-1.1544243
c_1_49_223,3.342124,0.70716184
c_1_49_224,6.733884,-0.16760528
c_1_49_225,3.0872521,0.2581739
c_1_49_226,4.861782,0.2807743
c_1_49_227,5.356219,-0.7307455
c_1_49_228,4.2603564,0.60892916
c_1_49_229,11.109661,2.2330456
c_1_49_230,3.4396148,1.0592155
c_1_49_231,7.052807,0.98218167
c_1_49_232,3.6079762,-0.047739018
c_1_49_233,14.330238,-0.6699608
c_1_49_234,13.6538725,-1.9831095
c_1_49_235,12.932176,0.9792314
c_1_49_236,3.5282357,-0.13963425
c_1_49_237,6.02929,0.2430283
c_1_49_238,14.227244,-1.9523194
c_1_49_239,14.179054,-1.6109637
c_1_49_240,5.6239424,-0.5689518
c_1_49_241,13.747789,0.068867974
c_1_49_242,3.3754358,1.147389
c_1_49_243,2.830325,0.79408526
c_1_49_244,5.511971,2.8577242
c_1_49_245,4.4500933,0.6910032
c_1_49_246,13.708512,3.176
c_1_49_247,13.740163,-1.9112129
c_1_49_248,14.163273,1.023488
c_1_49_249,14.490671,-1.4437563
c_1_49_250,4.1774564,0.9298271
c_1_49_251,13.821125,2.6267667
c_1_49_252,5.269752,-0.8642037
c_1_49_253,4.2647147,0.18649308
c_1_49_254,3.2187126,0.26562145
c_1_49_255,13.829757,-1.5567076
c_1_49_256,3.2031572,0.98035306
c_1_49_257,5.9254875,-0.0070539755
c_1_49_258,13.398246,-0.8959958
c_1_49_259,15.070618,3.0547197
c_1_49_260,14.271714,-0.9289523
c_1_49_261,5.8650217,-0.32927838
c_1_49_262,9.316464,2.5596995
c_1_49_263,13.618687,-2.097305
c_1_49_264,5.400378,-0.85914385
c_1_49_265,4.0148277,0.8294206
c_1_49_266,13.951266,-1.0510685
c_1_49_267,5.993341,-0.31187358
c_1_49_268,14.209994,2.6558409
c_1_49_269,3.7449517,0.50894594
c_1_49_270,5.261759,-0.5997429
c_1_49_271,5.614071,-0.24882676
c_1_49_272,13.683923,-1.4210364
c_1_49_273,14.181828,-2.39661
c_1_49_274,13.893955,-2.2032375
c_1_49_275,14.128053,-2.0842812
c_1_49_276,4.9841933,-0.9350719
c_1_49_277,13.811961,-2.2312076
c_1_49_278,13.525099,-1.9051429
c_1_49_279,10.411323,2.4621015
c_1_49_280,11.38518,1.4801159
c_1_49_281,14.974613,2.022081
c_1_49_282,3.0666015,0.7170875
c_1_49_283,4.499151,-0.037766494
c_1_49_284,5.4864273,-0.7535675
c_1_49_285,6.1638985,-0.11082718
c_1_49_286,10.757154,1.1434268
c_1_49_287,8.105456,1.2809902
c_1_49_288,9.790883,1.5006031
c_1_49_289,4.4830236,-1.0608156
c_1_49_290,14.308606,-0.8575105
c_1_49_291,14.440846,-2.033745
c_1_49_292,3.1941314,0.63119155
c_1_49_293,3.9023225,0.8026068
c_1_49_294,5.2834406,-0.29813203
c_1_49_295,2.4808068,0.48235565
c_1_49_296,5.650618,3.2836463
c_1_49_297,3.3976135,0.77280366
c_1_49_298,14.172652,-2.344865
c_1_49_299,14.412469,-1.6523193
c_1_49_300,7.697457,2.1077826
c_1_49_301,2.5375628,0.6422418
c_1_49_302,13.781661,-2.321746
c_1_49_303,3.2415652,0.63175297
c_1_49_304,5.264551,-0.88561153
c_1_49_305,14.106016,2.936438
c_1_49_306,3.0050046,0.80990124
c_1_49_307,7.8011885,-0.56738514
c_1_49_308,4.174941,-1.8008462
c_1_49_309,12.974363,-0.39272374
c_1_49_310,6.652273,0.034735456
c_1_49_311,4.209798,0.8152718
c_1_49_312,3.7583342,1.0848737
c_1_49_313,6.1553826,-0.42628324
c_1_49_314,6.784182,0.16061588
c_1_49_315,3.4295099,0.7955283
c_1_49_316,5.2417383,-1.0659671
c_1_49_317,13.852961,-2.1215696
c_1_49_318,4.4379625,-0.20943505
c_1_49_319,6.017751,1.128269
c_1_49_320,13.854226,-1.32408
c_1_49_321,3.8370724,0.70704585
c_1_49_322,14.703243,-0.36292815
c_1_49_323,3.019299,0.49057147
c_1_49_324,3.4871368,-0.041551832
c_1_49_325,4.734702,-1.7669699
c_1_49_326,12.026839,-0.97622865
c_1_49_327,6.1541705,-0.38031942
c_1_49_328,4.7695537,-0.8627323
c_1_49_329,5.4827433,-0.47731343
c_1_49_330,5.728887,0.073464155
c_1_49_331,13.445149,-1.7244482
c_1_49_332,5.061668,1.1231941
c_1_49_333,6.7176538,0.72912455
c_1_49_334,7.0712104,1.2382627
c_1_49_335,10.303392,-1.7653164
c_1_49_336,5.0994325,0.8132661
c_1_49_337,11.354991,0.55083317
c_1_49_338,9.326267,2.2504244
c_1_49_339,2.479437,0.50822604
c_1_49_340,3.274282,0.6002065
c_1_49_341,8.741849,0.12519939
c_1_49_342,4.0150347,0.6359273
c_1_49_343,3.0489173,0.050007164
c_1_49_344,13.73936,-2.2917402
c_1_49_345,2.929173,0.57705235
c_1_49_346,13.931949,-2.169887
c_1_49_347,2.453003,0.37036505
c_1_49_348,2.427132,0.45185462
c_1_49_349,4.601044,0.73037916
c_1_49_350,5.5991344,-0.22231078
c_1_49_351,9.705913,1.9049637
c_1_49_352,4.014033,0.7393677
c_1_49_353,5.3699217,0.30842677
c_1_49_354,13.530544,-1.4641136
c_1_49_355,13.422735,-1.5026655
c_1_49_356,12.581706,-1.0058856
c_1_49_357,8.869813,1.6447349
c_1_49_358,5.278813,-1.2454009
c_1_49_359,14.084093,-2.3038032
c_1_49_360,4.848862,-0.88301384
c_1_49_361,13.391767,-1.8068458
c_1_49_362,4.519463,0.87104446
c_1_49_363,5.971491,1.3434136
c_1_49_364,5.081448,-0.58537936
c_1_49_365,7.9479823,3.7830877
c_1_49_366,13.537106,-1.7167859
c_1_49_367,3.910842,0.6514842
c_1_49_368,14.189277,-0.5450232
c_1_49_369,4.3474903,-0.23414248
c_1_49_370,7.558712,1.8761709
c_1_49_371,5.6709924,-0.43985364
c_1_49_372,2.5264137,0.76593745
c_1_49_373,3.0052457,0.06890219
c_1_49_374,3.1737318,1.1638442
c_1_49_375,5.1337757,-0.7592644
c_1_49_376,11.219499,2.6642253
c_1_49_377,13.074685,0.3931654
c_1_49_378,3.1582036,1.1566341
c_1_49_379,4.381909,-0.3648499
c_1_49_380,13.917473,-1.8221085
c_1_49_381,5.5186796,-0.08487742
c_1_49_382,5.0247393,-0.9663807
c_1_49_383,11.646014,2.4057016
c_1_49_384,5.244888,0.3056893
c_1_49_385,3.051641,1.0961772
c_1_49_386,3.826162,1.1330928
c_1_49_387,11.299161,1.8289311
c_1_49_388,2.5133579,0.6683155
c_1_49_389,6.837729,1.7928463
c_1_49_390,4.431011,0.06792666
c_1_49_391,3.3862903,1.2648759
c_1_49_392,6.516004,0.77475667
c_1_49_393,14.176835,-1.9264904
c_1_49_394,12.017935,0.5042325
c_1_49_395,13.908278,-0.571064
c_1_49_396,4.5779767,-0.1824925
c_1_49_397,3.2984242,1.2240579
c_1_49_398,5.969726,-0.104692705
c_1_49_399,5.7559695,-0.03996394
c_1_49_400,3.0186052,1.0041189
c_1_49_401,13.1326,-1.4251281
c_1_49_402,4.236798,1.0527494
c_1_49_403,8.220856,0.1811434
c_1_49_404,5.025942,-1.4208153
c_1_49_405,4.942599,-1.0041786
c_1_49_406,3.673344,-0.29150745
c_1_49_407,3.8788962,1.3620641
c_1_49_408,2.5187485,0.74007237
c_1_49_409,13.748197,-1.9652137
c_1_49_410,13.971767,0.83541226
c_1_49_411,2.3200831,0.57314295
c_1_49_412,14.004479,-2.1973586
c_1_49_413,3.3226695,0.6031505
c_1_49_414,4.8726907,-0.9578776
c_1_49_415,2.7719083,0.8200562
c_1_49_416,6.1462774,2.7999465
c_1_49_417,13.278766,-1.6317098
c_1_49_418,2.9161406,1.0937476
c_1_49_419,3.1032038,1.3388062
c_1_49_420,3.2296438,0.9893512
c_1_49_421,13.545522,-1.9948055
c_1_49_422,5.2210035,-0.36403257
c_1_49_423,14.549825,-1.461864
c_1_49_424,7.8283386,0.54549116
c_1_49_425,5.4985003,0.5339233
c_1_49_426,12.474395,1.3859638
c_1_49_427,2.8095582,0.87507844
c_1_49_428,11.743108,0.40944162
c_1_49_429,3.0356898,0.8896532
c_1_49_430,6.220224,-0.16287677
c_1_49_431,5.300776,-0.7502646
c_1_49_432,9.98249,1.2024593
c_1_49_433,2.4292343,0.055873815
c_1_49_434,14.342724,-1.0679352
c_1_49_435,2.8976457,0.91111827
c_1_49_436,13.509707,-1.8053206
c_1_49_437,14.207545,-1.4204614
c_1_49_438,8.41728,0.73112047
c_1_49_439,3.0799685,0.8627317
c_1_49_440,3.0370934,0.796226
c_1_49_441,8.983512,1.2869759
c_1_49_442,13.398235,-1.1473218
c_1_49_443,13.971803,-2.201005
c_1_49_444,6.9154325,0.9178645
c_1_49_445,2.8074422,0.90963036
c_1_49_446,3.6934156,1.211326
c_1_49_447,14.224965,-2.2996144
c_1_49_448,5.066124,-0.47232288
c_1_49_449,2.546452,0.46473578
c_1_49_450,9.009709,1.7537609
c_1_49_451,2.4213605,0.5242506
c_1_49_452,13.634785,-1.6713387
c_1_49_453,13.042375,1.6768563
c_1_49_454,5.867189,-0.56970525
c_1_49_455,5.1606326,-1.1764264
c_1_49_456,3.0416148,0.87286747
c_1_49_457,2.4430976,0.50763303
c_1_49_458,13.669951,-1.9125277
c_1_49_459,12.832904,1.7131652
c_1_49_460,5.151272,-1.1753188
c_1_49_461,5.509255,-0.46828535
c_1_49_462,14.716557,-2.290457
c_1_49_463,5.6167293,0.6443357
c_1_49_464,2.4743505,0.6619376
c_1_49_465,5.8230877,3.4245107
c_1_49_466,14.152039,-2.4507322
c_1_49_467,13.774488,2.515936
c_1_49_468,3.0390584,0.6145768
c_1_49_469,5.3705497,-0.2824887
c_1_49_470,14.246315,-2.078587
c_1_49_471,10.062594,5.266309
c_1_49_472,8.6720295,1.5733966
c_1_49_473,13.51576,-1.8611231
c_1_49_474,13.694354,1.3547394
c_1_49_475,3.344076,0.929501
c_1_49_476,4.79251,1.3215845
c_1_49_477,7.68062,2.43677
c_1_49_478,12.966096,3.0285556
c_1_49_479,5.1158113,-0.64419967
c_1_49_480,4.624287,0.45394027
c_1_49_481,4.604043,-1.2094055
c_1_49_482,2.2955964,0.72320694
c_1_49_483,4.241271,0.7769036
c_1_49_484,2.220309,0.2484209
c_1_49_485,9.376303,1.2340162
c_1_49_486,9.272024,-0.015143537
c_1_49_487,14.311952,2.4567792
c_1_49_488,5.7633104,-0.4125205
c_1_49_489,14.009517,-2.223364
c_1_49_490,12.446822,1.7399464
c_1_49_491,13.74554,-1.9694891
c_1_49_492,5.7888618,0.18499483
c_1_49_493,2.4553957,0.70684695
c_1_49_494,8.120446,2.2270076
c_1_49_495,5.6890283,-0.33998853
c_1_49_496,13.415953,-1.3028669
c_1_49_497,10.029411,2.0085006
c_1_49_498,3.0779746,1.1665382
c_1_49_499,6.6846843,0.5661435
c_1_49_500,13.845547,-1.723784
c_1_49_501,14.229068,-2.082654
c_1_49_502,8.1125345,0.80818623
c_1_49_503,14.556159,-2.2147367
c_1_49_504,13.967708,-2.3057425
c_1_49_505,10.125072,2.4306784
c_1_49_506,3.9351842,0.9894789
c_1_49_507,5.7337794,-0.21391933
c_1_49_508,2.8593066,0.79641557
c_1_49_509,6.0729504,1.8269839
c_1_49_510,6.305982,2.8998406
c_1_49_511,6.1417637,0.9877469
c_1_49_512,14.304944,-1.1433862
c_1_49_513,3.7714272,-0.29614717
c_1_49_514,8.247337,2.3517118
c_1_49_515,3.2197824,1.0195372
c_1_49_516,7.1875134,1.0331997
c_1_49_517,14.652968,-2.2180276
c_1_49_518,13.828447,-2.0553865
c_1_49_519,9.038185,-0.21458073
c_1_49_520,10.772889,-1.8227698
c_1_49_521,8.938093,1.9321556
c_1_49_522,12.837326,1.3369938
c_1_49_523,9.882385,1.909741
c_1_49_524,9.08361,0.6520629
c_1_49_525,4.7993913,0.21252328
c_1_49_526,4.9976707,-0.6466994
c_1_49_527,11.040999,-0.30734906
c_1_49_528,9.145409,2.02263
c_1_49_529,9.26451,4.2769504
c_1_49_530,4.4015927,-0.98612404
c_1_49_531,5.5696836,-0.4272583
c_1_49_532,4.9337797,-0.994264
c_1_49_533,14.721258,-1.052647
c_1_49_534,4.65513,1.077082
c_1_49_535,3.2854283,1.0752274
c_1_49_536,9.921546,2.5181062
c_1_49_537,14.354901,-1.2608213
c_1_49_538,6.215012,1.5554211
c_1_49_539,5.1854453,0.6212748
c_1_49_540,2.7297993,0.69356644
c_1_49_541,9.081898,2.9916139
c_1_49_542,2.9709098,1.0865738
c_1_49_543,14.492038,-1.8968072
c_1_49_544,3.4537885,1.350654
c_1_49_545,4.5063376,-0.23346992
c_1_49_546,14.167605,-1.6755677
c_1_49_547,14.309085,-2.5227654
c_1_49_548,11.839916,0.2032736
c_1_49_549,7.6614428,3.8375106
c_1_49_550,3.6242948,1.1288152
c_1_49_551,2.6196196,0.78857714
c_1_49_552,8.062635,1.4239737
c_1_49_553,4.875113,0.79325813
c_1_49_554,2.9924376,1.0816246
c_1_49_555,14.59318,-1.4938476
c_1_49_556,3.6354027,1.0025722
c_1_49_557,5.3081284,-0.14799866
c_1_49_558,11.883269,1.9615648
c_1_49_559,10.664085,2.0509036
c_1_49_560,4.4924364,1.2341974
c_1_49_561,6.8455896,1.9457227
c_1_49_562,4.6826878,1.076625
c_1_49_563,7.9484363,1.2359092
c_1_49_564,4.2418222,0.8344553
c_1_49_565,3.3400917,1.167071
c_1_49_566,6.3504086,0.5482612
c_1_49_567,3.9917147,0.64460945
c_1_49_568,5.8445573,-0.3926939
c_1_49_569,11.258779,0.077790976
c_1_49_570,3.1218731,1.044246
c_1_49_571,5.125799,-0.843751
c_1_49_572,4.3754263,-0.9744585
c_1_49_573,3.990686,1.1691958
c_1_49_574,5.1975336,0.7759183
c_1_49_575,4.93462,-1.3008262
c_1_49_576,4.490774,0.5795206
c_1_49_577,3.495443,0.9102266
c_1_49_578,11.471199,2.6472127
c_1_49_579,7.973113,1.1744041
c_1_49_580,3.5303202,1.2518852
c_1_49_581,2.6462533,0.92973596
c_1_49_582,5.8423195,-0.5272702
c_1_49_583,6.5540366,2.578751
c_1_49_584,5.3275847,-0.84385365
c_1_49_585,3.209856,1.1673386
c_1_49_586,14.322995,0.9631809
c_1_49_587,3.4804797,0.62612635
c_1_49_588,13.906065,0.50451714
c_1_49_589,13.245417,-0.6167921
c_1_49_590,2.9823,1.060884
c_1_49_591,3.8482747,1.1299053
c_1_49_592,7.9371047,1.8658134
c_1_49_593,10.323372,3.2547038
c_1_49_594,3.3257506,0.8852734
c_1_49_595,3.3290033,1.2538959
c_1_49_596,4.028592,1.075496
c_1_49_597,9.107453,1.7531493
c_1_49_598,5.206137,-0.70979387
c_1_49_599,3.7218306,1.3220825
c_1_49_600,4.0957427,1.3994817
c_1_49_601,3.0858579,1.0771054
c_1_49_602,4.194575,1.3071481
c_1_49_603,3.2227325,1.1534532
c_1_49_604,3.0634956,1.0104659
c_1_49_605,13.769391,-2.2248313
c_1_49_606,4.8857617,-1.098755
c_1_49_607,4.4066863,0.37966728
c_1_49_608,7.6311755,1.4927881
c_1_49_609,14.441745,2.7542105
c_1_49_610,6.1573796,-1.2766621
c_1_49_611,12.887732,4.6640577
c_1_49_612,11.258459,1.5114878
c_1_49_613,5.429978,-0.25889787
c_1_49_614,8.734862,0.5641525
c_1_49_615,3.420057,0.50960654
c_1_49_616,11.445082,0.9786582
c_1_49_617,14.08771,-1.764089
c_1_49_618,3.5687397,0.68289
c_1_49_619,4.0279527,0.98103976
c_1_49_620,4.2813616,1.2151293
c_1_49_621,3.474654,0.9082075
c_1_49_622,14.416249,-1.0139695
c_1_49_623,11.486727,-0.34661514
c_1_49_624,4.6629877,0.89940536
c_1_49_625,5.6065245,-0.28368863
c_1_49_626,3.847816,0.7057342
c_1_49_627,3.4253135,1.393591
c_1_49_628,5.4986253,-0.6842984
c_1_49_629,14.340211,-2.3427777
c_1_49_630,3.410625,1.2071322
c_1_49_631,6.274716,1.060126
c_1_49_632,14.001898,-2.0656693
c_1_49_633,13.06544,1.3860667
c_1_49_634,14.135625,-2.1952055
c_1_49_635,13.468941,-1.523342
c_1_49_636,13.50308,-1.8227025
c_1_49_637,4.5245533,0.66430515
c_1_49_638,4.6938877,0.8023942
c_1_49_639,4.251271,0.4846685
c_1_49_640,12.192326,1.3205249
c_1_49_641,4.844409,1.3446264
c_1_49_642,12.974266,1.2281022
c_1_49_643,4.488985,0.80544186
c_1_49_644,13.823411,3.0883245
c_1_49_645,13.760843,-1.044367
c_1_49_646,3.4737177,0.7102354
c_1_49_647,4.325111,0.7221074
c_1_49_648,14.093092,0.97500163
c_1_49_649,3.2571373,0.86739624
c_1_49_650,14.422582,-2.2088509
c_1_49_651,14.354186,-2.0659416
c_1_49_652,4.1046042,1.3137363
c_1_49_653,12.825812,-1.1968001
c_1_49_654,3.0145307,1.2208438
c_1_49_655,11.896116,-0.27130198
c_1_49_656,13.753291,-0.6351293
c_1_49_657,14.54748,-2.199651
c_1_49_658,3.9567635,1.1422341
c_1_49_659,4.4557905,0.4801639
c_1_49_660,2.6553922,0.7584359
c_1_49_661,14.606819,-1.5807163
c_1_49_662,13.415319,-1.8430523
c_1_49_663,14.371076,-2.2727692
c_1_49_664,10.245801,1.2394996
c_1_49_665,14.942349,1.3699105
c_1_49_666,5.494196,0.028839465
c_1_49_667,3.6738954,1.1384623
c_1_49_668,5.746331,0.526743
c_1_49_669,10.679684,1.1482167
c_1_49_670,4.920775,0.32911292
c_1_49_671,4.4376817,-0.45923442
c_1_49_672,7.2433157,1.9316022
c_1_49_673,12.278676,-0.43218142
c_1_49_674,3.7927842,0.6106017
c_1_49_675,8.800435,2.6577392
c_1_49_676,8.37706,2.9812455
c_1_49_677,6.7575626,2.4901419
c_1_49_679,12.675946,1.3977787
c_1_49_680,14.186342,-1.9617548
c_1_49_681,3.637554,0.48960996
c_1_49_682,14.182761,-1.7475157
c_1_49_683,14.383408,-1.1431168
c_1_49_684,6.959653,0.8651664
c_1_49_685,4.6422606,0.6576747
c_1_49_686,3.914915,0.7971215
c_1_49_687,10.469763,1.889192
c_1_49_688,13.427726,-1.7877045
c_1_49_689,5.8621273,0.67152435
c_1_49_690,13.992152,-2.346634
c_1_49_691,6.989258,1.6565905
c_1_49_692,10.314736,1.9096065
c_1_49_693,5.0801806,-0.57932323
c_1_49_694,7.0263515,1.9795972
c_1_49_695,13.91469,-0.83413243
c_1_49_696,8.859456,2.0751545
c_1_49_697,4.549921,0.8345783
c_1_49_698,6.34909,1.4360936
c_1_49_699,4.57701,-0.22981045
c_1_49_700,5.2132435,-0.004388236
c_1_49_701,13.700348,-1.440134
c_1_49_702,7.038167,1.335504
c_1_49_703,13.755807,-0.28042462
c_1_49_704,4.5107703,0.9597238
c_1_49_705,4.5945563,0.8187351
c_1_49_706,7.9710917,1.9436177
c_1_49_707,14.023816,-1.0974247
c_1_49_708,14.663502,-1.8788211
c_1_49_709,10.092907,1.1460736
c_1_49_710,3.9689012,0.47888017
c_1_49_711,12.479789,-0.95485985
c_1_49_712,4.0941744,0.79355067
c_1_49_713,5.623998,1.0995692
c_1_49_714,4.597062,0.93655556
c_1_49_715,3.266793,1.2524565
c_1_49_716,13.504421,-1.6779664
c_1_49_717,13.928663,-0.42508867
c_1_49_718,7.336568,3.551286
c_1_49_719,4.464849,1.2006464
c_1_49_720,8.077544,1.7029458
c_1_49_721,3.968084,0.4503274
c_1_49_722,3.0626533,0.7043486
c_1_49_723,13.208246,-1.2392853
c_1_49_724,4.266435,0.31963897
c_1_49_725,6.5960927,1.8467453
c_1_49_726,7.609868,1.6210835
c_1_49_727,4.148235,0.68818575
c_1_49_728,4.2205534,0.8183646
c_1_49_729,2.7717123,0.7703355
c_1_49_730,7.5264525,1.2841125
c_1_49_731,5.1946363,1.0187424
c_1_49_732,4.529667,0.98921883
c_1_49_733,12.477858,-1.3137206
c_1_49_734,14.557508,-2.158774
c_1_49_735,3.5135627,1.1819178
c_1_49_736,4.6437006,0.85350674
c_1_49_737,12.384268,0.003573754
c_1_49_738,13.107985,-0.24223787
c_1_49_739,3.704862,1.0937705
c_1_49_740,13.747475,-1.8805628
c_1_49_741,3.1492596,0.28076005
c_1_49_742,6.132824,1.2937874
c_1_49_743,3.3323085,1.3000978
c_1_49_744,11.511792,1.1840148
c_1_49_745,3.5540671,1.2148114
c_1_49_746,4.335907,1.0641665
c_1_49_747,4.606983,1.0653546
c_1_49_748,3.869411,0.7652586
c_1_49_749,13.768982,-1.5118635
c_1_49_750,3.5362654,1.2526578
c_1_49_751,5.1017656,0.95279986
c_1_49_752,4.3607254,0.6295457
c_1_49_753,14.081986,-2.2495074
c_1_49_754,10.20051,2.8940835
c_1_49_755,13.071391,-0.6272251
c_1_49_756,12.214261,2.3351853
c_1_49_757,4.237665,0.3676304
c_1_49_758,12.114033,1.8170388
c_1_49_759,3.34963,0.09950398
c_1_49_760,2.8142486,0.96395475
c_1_49_761,4.169956,0.6047186
c_1_49_762,3.3984973,1.4184914
c_1_49_763,5.3893037,0.9622612
c_1_49_764,4.681584,0.80319846
c_1_49_765,3.5164266,0.5783325
c_1_49_766,5.397951,1.2832875
c_1_49_767,13.747284,-0.26056132
c_1_49_768,13.310248,-1.6354691
c_1_49_769,4.115039,1.0922309
c_1_49_770,2.8736975,0.5380141
c_1_49_771,13.372001,0.80260795
c_1_49_772,13.109725,1.3140647
c_1_49_773,4.3430467,0.5360451
c_1_49_774,14.819648,3.4493635
c_1_49_775,14.436919,1.4666553
c_1_49_776,12.158439,1.6829938
c_1_49_777,14.275439,0.8908584
c_1_49_778,3.9181142,0.5925843
c_1_49_779,15.0702915,2.4701712
c_1_49_780,2.3261998,0.584928
c_1_49_781,4.364913,0.59587395
c_1_49_782,4.1870046,1.0387017
c_1_49_783,3.5438101,1.0874745
c_1_49_784,2.6386747,0.31405762
c_1_49_785,12.488678,1.8476117
c_1_49_786,3.4720733,1.0087996
c_1_49_787,3.4119132,0.8793831
c_1_49_788,11.964965,1.1669247
c_1_49_789,4.4194646,0.93639326
c_1_49_790,14.850517,3.225559
c_1_49_791,13.035312,1.2501571
c_1_49_792,3.278279,0.7621926
c_1_49_793,2.3599186,0.54841274
c_1_49_794,12.899884,0.32684213
c_1_49_795,14.267348,1.177864
c_1_49_796,5.8710093,1.4363437
c_1_49_797,12.29797,1.308528
c_1_49_798,2.5050383,0.68739617
c_1_49_799,13.847247,1.2510345
c_1_49_800,13.240931,2.7880042
c_1_49_801,12.189224,1.4691617
c_1_49_802,3.6427648,0.7715036
c_1_49_803,4.898936,1.4305339
c_1_49_804,4.6323137,0.33207655
c_1_49_805,13.446708,-1.2323134
c_1_49_806,4.290373,0.34371316
c_1_49_807,11.586065,1.564517
c_1_49_808,13.733262,1.1594633
c_1_49_809,4.695776,1.038756
c_1_49_810,11.648982,1.9781661
c_1_49_811,4.0818777,1.0680814
c_1_49_812,12.262506,1.6995761
c_1_49_813,15.317186,2.8926094
c_1_49_814,7.005328,1.1547163
c_1_49_815,2.4044816,0.81079715
c_1_49_816,3.6590636,1.1082381
c_1_49_817,4.9006853,0.7958513
c_1_49_818,4.9852934,0.8982704
c_1_49_819,13.917424,2.749619
c_1_49_820,13.53341,1.5036579
c_1_49_821,3.868762,1.1633621
c_1_49_822,3.4419057,0.7662437
c_1_49_823,5.868045,1.0848305
c_1_49_824,3.5172818,1.0824662
c_1_49_825,3.4200861,0.7678685
c_1_49_826,4.0691743,1.3335551
c_1_49_827,15.29981,2.6242042
c_1_49_828,12.109831,1.7861888
c_1_49_829,14.1660595,2.0213006
c_1_49_830,4.180644,0.6602126
c_1_49_831,3.1521542,1.0905682
c_1_49_832,3.409786,1.2785119
c_1_49_833,3.4888556,1.45467
c_1_49_834,9.720305,2.7344475
c_1_49_835,4.6529284,1.0783938
c_1_49_836,6.235399,1.1473957
c_1_49_837,3.5537977,1.2150955
c_1_49_838,9.576088,4.5460205
c_1_49_839,3.24963,1.0089737
c_1_49_840,5.5185037,1.0858433
c_1_49_841,13.417907,2.1218562
c_1_49_842,3.358093,0.5888838
c_1_49_843,4.7931433,0.07828561
c_1_49_844,4.497111,0.91462827
c_1_49_845,3.9437068,0.8930429
c_1_49_846,3.2127607,0.99960625
c_1_49_847,3.9796016,1.0362978
c_1_49_848,3.4882348,0.9679098
c_1_49_849,4.833669,0.94143623
c_1_49_850,15.107881,3.2975528
c_1_49_851,4.3445888,1.1136334
c_1_49_852,6.283263,1.0502758
c_1_49_853,9.783179,3.0471811
c_1_49_854,3.8687782,1.1568811
c_1_49_855,3.6280313,0.96306413
c_1_49_856,3.4422154,0.47763452
c_1_49_857,4.2363405,0.8133285
c_1_49_858,5.913441,1.3068023
c_1_49_860,14.105364,2.9775937
c_1_49_861,4.214286,1.0715415
c_1_49_862,3.4957695,1.3072083
c_1_49_863,5.852217,1.52439
c_1_49_864,3.7724428,0.38847837
c_1_49_865,10.731216,-0.034822706
c_1_49_866,15.000355,3.1162713
c_1_49_867,7.194185,0.7078091
c_1_49_868,6.7566333,-0.93438566
c_1_49_869,4.8463097,-1.7704672
c_1_49_870,5.1436734,-2.1454163
c_1_49_871,11.660431,2.8360574
c_1_49_872,11.743489,-0.8671522
c_1_49_873,14.346703,-1.8875444
c_1_49_875,8.719888,2.3174798
c_1_49_878,14.738426,-2.2239125
c_1_49_879,10.632934,3.6339407
c_1_49_882,14.730693,-2.2768393
c_1_49_883,14.941737,-2.2198153
c_1_49_884,13.03446,-0.9417958
c_1_49_885,14.740649,-2.2510855
c_1_49_886,14.900694,-1.8181552
c_1_49_887,14.179402,-1.7805196
c_1_49_888,13.485978,-0.51189107
c_1_49_889,13.848204,0.28752795
c_1_49_890,4.146843,-1.1871305
c_1_49_891,3.7258713,-1.3045357
c_1_49_892,7.461579,2.343087
c_1_49_893,9.177513,0.8413574
c_1_49_894,14.48529,-0.5684037
c_1_49_895,12.507976,-1.1075097
c_1_49_896,13.771477,-1.8613178
c_1_49_898,10.75794,-0.34132737
c_1_49_899,7.3268533,1.2915016
c_1_49_900,15.179112,0.68620354
c_1_49_901,10.551035,-0.08628964
c_1_49_902,5.5099025,-2.0068724
c_1_49_903,7.6460147,2.2755103
c_1_49_904,14.367749,1.0584472
c_1_49_905,10.48955,1.776839
c_1_49_907,9.640196,-0.088635616
c_1_49_908,5.9354863,1.5742232
c_1_49_909,13.776479,-1.7141211
c_1_49_910,11.321542,6.337808
c_1_49_911,5.831579,-1.3091625
c_1_49_912,11.54836,5.2473135
c_1_49_913,8.794641,3.054166
c_1_49_914,13.827277,-1.7961917
c_1_49_915,6.131965,-1.1159058
c_1_49_916,10.216658,0.5719725
c_1_49_917,13.615121,-1.4352875
c_1_49_918,11.2896185,0.16770506
c_1_49_919,10.633126,1.7928456
c_1_49_920,12.600197,0.41904595
c_1_49_921,15.269847,1.5781221
c_1_49_922,6.317695,-0.9105464
c_1_49_923,13.4427595,-1.9132771
c_1_49_924,14.810633,0.11368066
c_1_49_925,13.412593,-0.9196082
c_1_49_926,10.6310005,0.43020624
c_1_49_927,13.67016,-0.81591725
c_1_49_928,13.463126,-1.9125532
c_1_49_929,14.163438,-2.6504335
c_1_49_930,5.2614384,-0.9999857
c_1_49_931,11.729161,6.909434
c_1_49_932,13.744647,1.7211095
c_1_49_933,14.178232,-2.4287577
c_1_49_934,14.62429,-2.5023913
c_1_49_935,4.7497296,-1.5967993
c_1_49_936,7.5151973,1.511348
c_1_49_937,10.943982,0.837107
c_1_49_938,13.777387,-1.3627572
c_1_49_939,13.296189,-1.4447085
c_1_49_940,11.19993,1.2206421
c_1_49_941,13.710506,-1.7680138
c_1_49_942,6.2045274,-0.6327824
c_1_49_943,13.085148,-1.1445855
c_1_49_944,12.575208,6.09675
c_1_49_945,14.470506,-1.9703678
c_1_49_946,6.757078,0.18174735
c_1_49_947,14.133867,-1.9228524
c_1_49_948,8.554923,2.4508202
c_1_49_949,13.023765,-1.3319274
c_1_49_950,10.759004,1.1039149
c_1_49_951,5.825951,-1.9248554
c_1_49_952,9.662911,2.3557618
c_1_49_953,5.0037456,-2.0610776
c_1_49_954,13.77488,-2.289359
c_1_49_955,14.45743,-2.0862124
c_1_49_956,6.1466837,-0.7253365
c_1_49_957,6.207889,-0.26424074
c_1_49_958,14.05717,-2.2916906
c_1_49_959,5.108737,-1.2189517
c_1_49_960,14.66727,-1.136261
c_1_49_961,7.3998795,2.065773
c_1_49_962,14.831036,-1.5889109
c_1_49_963,6.0301843,-0.51635975
c_1_49_964,11.934527,0.09864478
c_1_49_965,6.0389524,-0.19554403
c_1_49_966,14.07029,-1.8276397
c_1_49_968,5.3676424,-1.0305585
c_1_49_969,14.635959,-1.7052445
c_1_49_970,13.025072,-0.76021683
c_1_49_971,8.514065,1.6849736
c_1_49_972,14.626432,-1.9340374
c_1_49_973,13.06104,-1.6406692
c_1_49_974,4.772182,-0.46695846
c_1_49_975,5.770325,-1.2830558
c_1_49_976,9.372932,1.5877596
c_1_49_977,5.447943,-1.0164555
c_1_49_978,4.54304,-2.413784
c_1_49_979,5.9482417,-0.63906664
c_1_49_980,14.891799,-0.19844888
c_1_49_981,11.629207,0.24910897
c_1_49_982,13.125594,-1.6743673
c_1_49_983,14.395783,-2.1596344
c_1_49_984,13.189718,-0.33190858
c_1_49_985,5.9851003,-0.45421937
c_1_49_986,13.810442,-1.8188508
c_1_49_987,12.818885,-1.4912585
c_1_49_988,9.580188,3.59317
c_1_49_989,7.687791,1.1438054
c_1_49_990,14.689127,-1.1905893
c_1_49_991,4.1213384,0.4685354
c_1_49_992,5.848877,0.063422605
c_1_49_993,9.622225,2.3735678
c_1_49_994,12.872821,-0.4550265
c_1_49_995,13.398923,-1.0878739
c_1_49_996,13.702114,-0.6622419
c_1_49_997,14.706757,-2.2304327
c_1_49_998,5.778171,-1.1679795
c_1_49_1001,7.4943247,1.9669168
c_1_49_1002,4.7208157,-1.7645338
c_1_49_1003,5.258489,-0.31557342
c_1_49_1004,13.865707,-2.189553
c_1_49_1005,4.780709,-1.1047573
c_1_49_1006,14.098392,-2.354
c_1_49_1007,11.5203705,1.0170195
c_1_49_1008,14.108098,-2.2717624
c_1_49_1009,6.6213455,-0.39478672
c_1_49_1010,5.1710033,-0.96011
c_1_49_1011,14.291222,2.4213727
c_1_49_1012,14.750941,-2.331234
c_1_49_1013,14.708128,-1.0457264
c_1_49_1014,6.882032,2.88103
c_1_49_1015,5.454942,-0.73780286
c_1_49_1016,4.8044586,-1.7825695
c_1_49_1017,14.514592,-2.0511258
c_1_49_1018,4.9421124,-1.1676524
c_1_49_1019,5.8268404,-0.05091095
c_1_49_1020,9.454682,1.685082
c_1_49_1021,5.71742,-1.3304564
c_1_49_1022,13.514368,1.2394805
c_1_49_1023,6.1792755,-0.6748107
c_1_49_1024,12.129094,1.2533988
c_1_49_1025,12.504584,-0.45823875
c_1_49_1026,5.391918,-0.9062127
c_1_49_1027,4.3958187,-1.7302912
c_1_49_1028,3.910852,-1.2506468
c_1_49_1029,14.048539,1.9854523
c_1_49_1030,4.58701,-0.28833324
c_1_49_1031,5.7988696,-0.19828597
c_1_49_1032,14.540524,-2.2877657
c_1_49_1033,6.650719,2.419305
c_1_49_1034,4.3010926,-1.471876
c_1_49_1035,13.787287,0.10199383
c_1_49_1036,7.8996005,1.7013525
c_1_49_1037,3.8756018,-0.8949838
c_1_49_1038,6.090823,-1.3874397
c_1_49_1039,6.921342,0.580849
c_1_49_1040,5.2096252,-1.8088155
c_1_49_1041,4.5496726,-0.46480232
c_1_49_1042,13.893408,-1.3311605
c_1_49_1043,10.046724,1.9118958
c_1_49_1044,6.2331696,-1.0189329
c_1_49_1045,14.036454,-2.0896416
c_1_49_1046,8.228802,1.0056579
c_1_49_1047,5.038591,-0.4226786
c_1_49_1048,6.2960877,3.0358505
c_1_49_1049,4.414335,-2.1815276
c_1_49_1050,3.538683,-0.41186827
c_1_49_1051,7.243523,0.88477665
c_1_49_1052,7.9983835,1.9368583
c_1_49_1053,13.1863575,-1.2010504
c_1_49_1054,11.633242,5.552205
c_1_49_1055,3.8679504,-1.3548703
c_1_49_1056,3.7143342,-0.29889336
c_1_49_1057,5.0476146,-1.2544365
c_1_49_1058,5.4695277,-1.1795925
c_1_49_1059,5.36104,-1.1742327
c_1_49_1060,3.5897903,-0.21916215
c_1_49_1061,14.155922,-2.3461199
c_1_49_1062,5.9323153,-0.45296305
c_1_49_1063,13.26194,-1.3466157
c_1_49_1064,4.3280873,-1.2735629
c_1_49_1065,13.631616,-1.1805005
c_1_49_1066,13.868323,-1.7344052
c_1_49_1067,9.163576,1.7776461
c_1_49_1068,13.545739,-1.9115685
c_1_49_1069,14.130973,-2.4385977
c_1_49_1070,14.06331,-0.86202556
c_1_49_1071,7.489286,2.905348
c_1_49_1072,10.071515,1.7343639
c_1_49_1073,8.870272,1.3820838
c_1_49_1074,4.695368,-1.2321113
c_1_49_1075,5.4322467,-0.98724735
c_1_49_1076,12.999037,-0.921651
c_1_49_1077,8.7596445,1.1068265
c_1_49_1078,14.318106,-2.0552692
c_1_49_1079,4.8252964,-0.49944532
c_1_49_1080,14.711264,-1.4625179
c_1_49_1081,5.5812836,-0.07033056
c_1_49_1082,3.2395184,-0.15638514
c_1_49_1083,3.7542148,-0.50477993
c_1_49_1084,5.923096,-0.8813896
c_1_49_1085,3.9649625,-0.49268913
c_1_49_1086,9.9466505,3.2664676
c_1_49_1087,4.1959543,-1.8936439
c_1_49_1088,13.435351,-2.0923994
c_1_49_1089,8.005622,2.092832
c_1_49_1090,4.7418127,-0.8148066
c_1_49_1091,14.268978,-2.2089994
c_1_49_1092,12.985222,5.6709437
c_1_49_1093,14.742924,-2.491955
c_1_49_1095,13.059877,-1.7145965
c_1_49_1096,5.578948,-0.25320795
c_1_49_1097,5.4018984,-1.0057759
c_1_49_1098,11.333861,1.622755
c_1_49_1099,5.508817,-0.8588381
c_1_49_1100,14.301447,-2.3885229
c_1_49_1101,14.011867,-1.3485826
c_1_49_1102,13.199103,-1.6931417
c_1_49_1103,12.603139,-1.0442473
c_1_49_1104,7.0345697,0.18612702
c_1_49_1105,5.7155223,-1.1246712
c_1_49_1106,6.6702685,-0.2609953
c_1_49_1107,4.0949893,0.17244458
c_1_49_1108,14.396908,-2.5707955
c_1_49_1109,13.8447075,-2.1741881
c_1_49_1110,13.628282,-0.7230016
c_1_49_1111,5.839947,-0.801306
c_1_49_1112,9.758659,-0.42367086
c_1_49_1113,4.2603354,-2.5204158
c_1_49_1114,13.565884,-1.3069216
c_1_49_1115,6.1194005,-0.33632985
c_1_49_1116,5.097345,-1.2710787
c_1_49_1117,8.557713,1.3874869
c_1_49_1118,12.277372,1.0704933
c_1_49_1119,9.706683,-0.6486769
c_1_49_1120,5.035304,-1.2868527
c_1_49_1121,5.5261254,-1.1441469
c_1_49_1122,9.463306,3.480413
c_1_49_1123,5.356539,-1.0650634
c_1_49_1124,8.882907,3.1516674
c_1_49_1125,13.53858,-1.2465332
c_1_49_1126,9.242628,1.2418088
c_1_49_1127,5.4040346,-1.2903323
c_1_49_1128,3.5423539,0.06946854
c_1_49_1129,5.294484,-2.1713192
c_1_49_1130,5.6138983,-0.9811566
c_1_49_1131,7.663582,3.2782097
c_1_49_1132,8.212871,1.1452926
c_1_49_1133,14.146132,-1.9166383
c_1_49_1134,7.532166,2.230566
c_1_49_1135,5.673725,-0.36714008
c_1_49_1136,5.7219234,-0.53579974
c_1_49_1137,9.489571,1.0606303
c_1_49_1138,3.4395723,-0.36627796
c_1_49_1139,14.73451,-2.6591616
c_1_49_1140,3.99195,-0.2105622
c_1_49_1141,8.487558,1.4410081
c_1_49_1142,8.442353,2.0406883
c_1_49_1143,13.188457,2.7889376
c_1_49_1144,13.253671,-1.3455219
c_1_49_1145,14.328163,-2.483752
c_1_49_1146,5.4011035,-0.686626
c_1_49_1147,7.984085,2.491545
c_1_49_1148,5.7023363,-1.0408324
c_1_49_1149,14.004076,-2.1257143
c_1_49_1150,6.365148,-1.3422296
c_1_49_1151,5.6502857,-0.9544856
c_1_49_1152,4.8546176,-1.2064457
c_1_49_1153,7.834322,2.059282
c_1_49_1154,5.717729,-0.663255
c_1_49_1155,5.164188,-0.3620872
c_1_49_1156,13.022694,-0.6719165
c_1_49_1157,8.566625,3.0701156
c_1_49_1158,6.262947,0.25054878
c_1_49_1159,7.1502595,1.4969764
c_1_49_1160,12.258224,-0.88854396
c_1_49_1161,8.79579,2.6380384
c_1_49_1162,10.431003,-0.5249933
c_1_49_1163,2.9111524,-0.24734455
c_1_49_1164,8.908579,1.974407
c_1_49_1165,5.8757215,-0.4126588
c_1_49_1166,10.285639,0.2579082
c_1_49_1167,6.108849,0.06629596
c_1_49_1168,14.816572,-2.478327
c_1_49_1169,7.1671176,3.2891455
c_1_49_1170,5.179306,-0.7177148
c_1_49_1171,10.443937,-0.952924
c_1_49_1172,7.2912483,2.4846542
c_1_49_1173,5.9314203,-0.44731623
c_1_49_1174,5.3867235,-0.9514664
c_1_49_1175,8.175672,1.5427605
c_1_49_1176,5.514991,-1.2159519
c_1_49_1177,5.5450315,-2.2835166
c_1_49_1178,5.051533,-1.7495494
c_1_49_1179,10.707327,-0.34049183
c_1_49_1180,14.719315,2.2481802
c_1_49_1181,5.9645114,0.29866648
c_1_49_1182,4.659755,-1.507509
c_1_49_1183,9.370912,2.7065732
c_1_49_1184,5.1192594,0.07732483
c_1_49_1185,10.513777,1.8396258
c_1_49_1186,8.116173,2.5286648
c_1_49_1187,5.4322176,-0.5257441
c_1_49_1188,6.0880017,-0.26840788
c_1_49_1189,14.244721,2.625477
c_1_49_1190,10.273399,2.958146
c_1_49_1191,5.0611105,-1.493335
c_1_49_1192,5.5218115,-0.87688726
c_1_49_1193,4.560527,0.028176941
c_1_49_1194,5.294659,-1.9040242
c_1_49_1195,5.5119123,-1.9301935
c_1_49_1196,5.595198,-1.0723884
c_1_49_1197,5.627485,-0.62311393
c_1_49_1198,9.537858,1.9546878
c_1_49_1199,11.387904,0.5174316
c_1_49_1200,5.490713,-0.5750611
c_1_49_1201,6.212344,-0.2417567
c_1_49_1202,4.883835,0.4990592
c_1_49_1203,6.353223,-1.0084422
c_1_49_1204,10.180144,1.573513
c_1_49_1205,12.86316,2.0107555
c_1_49_1206,5.2357683,-2.0306354
c_1_49_1207,9.829093,3.6067305
c_1_49_1208,3.2096832,0.2728871
c_1_49_1209,13.985823,-2.2503405
c_1_49_1210,5.0187554,-0.7330982
c_1_49_1211,4.8071866,-0.38255155
c_1_49_1212,4.186959,-1.2553312
c_1_49_1213,11.034841,3.9405494
c_1_49_1214,6.127614,0.27003407
c_1_49_1215,8.48353,0.37530547
c_1_49_1216,4.7375956,-0.9874864
c_1_49_1217,6.0550475,-0.32847968
c_1_49_1218,12.566832,0.11414566
c_1_49_1219,5.6079726,-0.49451864
c_1_49_1220,4.8685913,-1.8608683
c_1_49_1221,14.303612,-2.3099093
c_1_49_1222,9.934615,1.2030116
c_1_49_1223,4.798062,-1.4021065
c_1_49_1224,5.012321,-2.3145406
c_1_49_1225,5.204485,-1.7369007
c_1_49_1226,8.319156,2.229083
c_1_49_1227,8.815,0.92176324
c_1_49_1228,10.877123,1.6283246
c_1_49_1229,13.972917,-1.3376002
c_1_49_1230,7.075619,1.7924109
c_1_49_1231,5.4920025,-0.74784344
c_1_49_1232,5.393214,-0.573784
c_1_49_1233,7.2940173,0.66635746
c_1_49_1234,5.1860805,-2.027419
c_1_49_1235,5.0266724,-0.50796187
c_1_49_1236,13.582007,0.5274588
c_1_49_1237,14.428048,-1.9693764
c_1_49_1238,5.4734,-0.6915474
c_1_49_1239,2.6155465,0.13596636
c_1_49_1240,4.37326,-2.2660317
c_1_49_1241,4.059603,-1.4558929
c_1_49_1242,4.663097,-0.6177309
c_1_49_1243,8.795197,1.6293303
c_1_49_1244,5.875436,-1.1777656
c_1_49_1245,4.4255795,0.22158736
c_1_49_1246,5.7430205,-1.2453717
c_1_49_1247,6.0542803,-1.0873728
c_1_49_1248,4.874552,-0.3403519
c_1_49_1249,5.3938026,-0.80533373
c_1_49_1250,10.228974,1.0162437
c_1_49_1251,5.241126,-1.4873148
c_1_49_1252,11.786355,-0.39734378
c_1_49_1253,7.9066644,1.363442
c_1_49_1254,14.694684,-1.3820676
c_1_49_1255,8.078692,1.3593179
c_1_49_1256,12.818604,-0.31491897
c_1_49_1257,13.960306,-1.1909271
c_1_49_1258,13.738836,3.0795133
c_1_49_1259,4.0764365,-1.3438476
c_1_49_1260,7.501538,1.3763367
c_1_49_1261,10.485168,1.5990237
c_1_49_1262,5.4354186,-1.0428478
c_1_49_1263,10.628016,1.67748
c_1_49_1264,14.964307,1.2164559
c_1_49_1265,10.986964,-0.82677424
c_1_49_1266,8.178979,0.746277
c_1_49_1267,3.39877,-0.8281901
c_1_49_1268,6.083224,0.40089267
c_1_49_1269,5.4064856,-0.8800859
c_1_49_1270,11.674589,2.933238
c_1_49_1271,6.3297334,0.5106617
c_1_49_1273,8.534356,3.8129733
c_1_49_1274,10.322935,2.1994004
c_1_49_1275,5.8131647,-0.6884741
c_1_49_1276,3.7913764,0.19946143
c_1_49_1277,9.988675,0.33715838
c_1_49_1278,7.199174,-0.025533035
c_1_49_1279,5.837572,-0.95419335
c_1_49_1280,3.1294236,0.09560462
c_1_49_1281,6.145458,0.27327132
c_1_49_1282,4.436534,-0.65356874
c_1_49_1283,14.309762,-2.0559537
c_1_49_1284,7.47658,2.2455132
c_1_49_1285,6.8126645,2.5804217
c_1_49_1286,8.807226,1.67909
c_1_49_1287,4.514215,-0.2289976
c_1_49_1288,5.7545795,-1.0856795
c_1_49_1289,8.798683,3.5003073
c_1_49_1290,7.0730534,-0.24406166
c_1_49_1291,8.01147,1.6637005
c_1_49_1292,8.369394,2.6781268
c_1_49_1293,5.9108953,2.831876
c_1_49_1294,5.188321,-0.76320904
c_1_49_1295,13.831582,0.567744
c_1_49_1296,7.721903,1.3044112
c_1_49_1297,9.843454,1.6888386
c_1_49_1298,3.997679,-0.7695218
c_1_49_1299,9.115482,1.652395
c_1_49_1301,13.5789995,-1.8788874
c_1_49_1302,4.2383394,-1.2953069
c_1_49_1303,14.493803,-1.9377147
c_1_49_1304,4.029474,-2.0930872
c_1_49_1305,13.835115,-1.7147653
c_1_49_1306,11.307603,2.168903
c_1_49_1307,5.599635,-1.1098782
c_1_49_1308,10.38673,0.9914631
c_1_49_1309,5.956703,0.4767284
c_1_49_1310,7.6386743,2.3653202
c_1_49_1311,8.149474,2.3152509
c_1_49_1312,8.140046,2.3888927
c_1_49_1314,3.7345817,0.28949296
c_1_49_1315,4.9465094,-1.5023576
c_1_49_1316,3.9011369,-0.125421
c_1_49_1317,5.06498,-0.7641495
c_1_49_1318,12.91926,1.5096573
c_1_49_1320,13.28381,-1.5343715
c_1_49_1321,8.7733135,2.4173799
c_1_49_1322,8.144315,1.5346593
c_1_49_1323,6.113406,-0.50722337
c_1_49_1324,3.374759,0.728148
c_1_49_1325,6.1845155,-0.5966071
c_1_49_1326,5.750583,-1.1596369
c_1_49_1327,13.986512,-1.3820051
c_1_49_1328,9.212236,1.8239161
c_1_49_1329,3.5517094,0.8039482
c_1_49_1330,13.5413065,-1.7228131
c_1_49_1331,14.12098,-2.3092663
c_1_49_1332,10.463176,2.2202342
c_1_49_1333,7.5146923,1.7981011
c_1_49_1334,3.341203,0.058641218
c_1_49_1335,3.0502837,0.9382661
c_1_49_1336,9.573029,2.5011365
c_1_49_1337,12.613119,5.6719236
c_1_49_1338,4.889453,-0.22144288
c_1_49_1339,3.0606966,0.9615506
c_1_49_1340,3.9617686,-0.06800361
c_1_49_1342,11.427081,0.100908756
c_1_49_1343,5.4724436,-1.2044536
c_1_49_1344,10.902866,1.188969
c_1_49_1345,11.620046,1.943109
c_1_49_1346,10.37013,2.4791393
c_1_49_1347,4.317983,-2.1118908
c_1_49_1348,5.983104,-1.3703172
c_1_49_1349,3.2818906,0.8864826
c_1_49_1350,4.435993,-0.41204777
c_1_49_1351,9.554553,2.1105947
c_1_49_1352,3.4230502,0.512387
c_1_49_1353,6.02954,-0.61707425
c_1_49_1354,13.889127,-1.7336345
c_1_49_1355,12.623349,1.3788946
c_1_49_1357,4.043518,-0.8254941
c_1_49_1358,13.694776,-0.9927247
c_1_49_1359,14.202412,1.8478146
c_1_49_1360,5.253392,-0.4457184
c_1_49_1361,4.5673213,0.94493395
c_1_49_1362,3.8654208,1.169128
c_1_49_1363,4.7496805,-1.8338162
c_1_49_1364,4.3622065,-1.1548938
c_1_49_1365,3.4122949,0.84520113
c_1_49_1366,5.595106,-0.25203627
c_1_49_1368,13.520914,-1.19807
c_1_49_1369,4.6948276,-0.02163298
c_1_49_1370,14.464147,-1.6972653
c_1_49_1371,2.9009268,0.7143926
c_1_49_1372,11.313515,-0.08765908
c_1_49_1373,12.625383,-1.164169
c_1_49_1374,4.5343084,0.84851366
c_1_49_1375,5.615297,-0.057986923
c_1_49_1376,13.4320345,-1.4472442
c_1_49_1377,9.623616,1.9748582
c_1_49_1378,13.867791,-2.3859777
c_1_49_1379,7.67271,2.9727492
c_1_49_1380,10.866622,0.3301995
c_1_49_1381,11.2759,-0.020933818
c_1_49_1382,12.262793,-0.211488
c_1_49_1383,13.500203,-1.1274471
c_1_49_1384,12.086692,-0.20760943
c_1_49_1385,13.15187,-0.41758448
c_1_49_1386,9.917913,1.0293055
c_1_49_1387,14.124588,-0.73672533
c_1_49_1388,3.2973645,0.8382399
c_1_49_1389,8.473697,2.8147511
c_1_49_1390,13.439103,0.8210503
c_1_49_1391,3.4883976,0.9212506
c_1_49_1392,13.111342,-1.8603528
c_1_49_1393,12.056097,0.59567654
c_1_49_1394,3.832393,1.0351057
c_1_49_1395,3.0215287,0.87842375
c_1_49_1396,4.631918,-1.0214362
c_1_49_1397,2.5051074,0.6823218
c_1_49_1398,13.588266,-1.4734783
c_1_49_1399,7.6497154,2.969221
c_1_49_1400,13.574155,-1.043861
c_1_49_1401,13.594446,-1.1685908
c_1_49_1402,8.9874525,1.6843848
c_1_49_1403,12.8818445,-1.3755286
c_1_49_1404,10.228922,0.9896023
c_1_49_1405,2.7910237,0.4109333
c_1_49_1406,11.737102,-1.0072438
c_1_49_1407,2.8971615,0.86951125
c_1_49_1408,7.7276435,1.5866566
c_1_49_1409,14.463913,-2.4823833
c_1_49_1410,7.27544,3.4633899
c_1_49_1411,8.414836,2.392256
c_1_49_1412,3.171777,0.83623785
c_1_49_1413,14.863246,-2.259843
c_1_49_1414,13.5076275,-1.197816
c_1_49_1415,2.6646771,0.89320815
c_1_49_1416,10.351001,-0.26909173
c_1_49_1417,5.311515,-1.9366542
c_1_49_1418,8.362595,2.0023499
c_1_49_1419,2.865471,0.933788
c_1_49_1420,12.707016,2.1556208
c_1_49_1421,7.343556,1.9982469
c_1_49_1422,3.2784824,1.0148933
c_1_49_1423,10.203042,2.12808
c_1_49_1424,13.982814,-2.2238307
c_1_49_1425,5.4912314,-0.99588114
c_1_49_1426,9.184709,-0.16905835
c_1_49_1427,13.533174,-1.734502
c_1_49_1428,4.2015853,0.9900761
c_1_49_1429,14.589065,-0.37016672
c_1_49_1430,11.6296,3.2940931
c_1_49_1431,8.691659,0.8213826
c_1_49_1433,9.524152,1.1965469
c_1_49_1434,6.828166,-0.25742346
c_1_49_1435,10.993425,0.3420843
c_1_49_1436,4.031699,0.8833905
c_1_49_1437,8.82419,1.913559
c_1_49_1438,5.550718,1.4659603
c_1_49_1439,7.1209536,2.4906895
c_1_49_1440,3.0798163,0.0532823
c_1_49_1441,12.801591,-1.0345553
c_1_49_1442,14.200103,-1.9750955
c_1_49_1443,2.9402144,0.5796698
c_1_49_1444,3.0987146,1.1284403
c_1_49_1445,8.364141,1.5260216
c_1_49_1446,11.186057,1.7776382
c_1_49_1447,4.438318,-0.08110642
c_1_49_1448,13.817058,-1.5085806
c_1_49_1449,14.703626,-0.4930094
c_1_49_1450,12.841012,1.5274799
c_1_49_1451,13.358552,-1.2749803
c_1_49_1452,12.997533,-1.1427716
c_1_49_1453,3.7460856,0.7625204
c_1_49_1454,14.606618,2.80339
c_1_49_1455,14.39628,-2.1283042
c_1_49_1456,4.1744585,0.98340136
c_1_49_1457,5.845093,-0.8295545
c_1_49_1458,3.2683964,1.1070821
c_1_49_1459,3.5309098,0.5510959
c_1_49_1460,3.2304041,0.0486036
c_1_49_1461,2.4137132,0.42577425
c_1_49_1463,3.6119075,1.111567
c_1_49_1464,15.229673,0.45693603
c_1_49_1465,2.6960385,-0.5005623
c_1_49_1467,12.852639,0.6258775
c_1_49_1468,3.0511448,0.6223608
c_1_49_1469,4.025154,0.6521952
c_1_49_1470,2.6092484,0.054091796
c_1_49_1471,2.3460467,0.40636507
c_1_49_1472,13.270201,3.1494734
c_1_49_1473,14.095399,-1.565132
c_1_49_1474,4.2849574,-1.3648657
c_1_49_1475,5.0761075,-1.4876878
c_1_49_1476,13.721381,-2.056206
c_1_49_1477,4.9011183,0.89136946
c_1_49_1478,7.8887467,3.655038
c_1_49_1479,2.783837,0.15356271
c_1_49_1480,13.624488,-1.9880002
c_1_49_1481,5.068167,-0.5605151
c_1_49_1482,2.7074394,0.836692
c_1_49_1483,14.688817,-0.20830935
c_1_49_1484,14.933845,-0.9636961
c_1_49_1485,5.9454694,-0.1646789
c_1_49_1486,14.116319,-2.0946257
c_1_49_1487,7.8860483,1.6259782
c_1_49_1488,13.955728,-1.5782825
c_1_49_1489,14.337168,-2.2961755
c_1_49_1490,13.6741905,-1.3799238
c_1_49_1491,14.271251,-2.5531654
c_1_49_1492,5.296448,-0.4370368
c_1_49_1494,3.7599244,1.2082644
c_1_49_1495,6.2346625,-0.44383588
c_1_49_1496,2.746288,0.74197435
c_1_49_1497,13.751364,-0.47501162
c_1_49_1498,14.312925,-2.3469586
c_1_49_1499,14.140539,-2.0847745
c_1_49_1500,4.940802,0.8320354
c_1_49_1501,13.192409,-1.501386
c_1_49_1502,11.664647,0.8329428
c_1_49_1503,3.3330605,0.80269706
c_1_49_1504,14.661632,-2.241121
c_1_49_1505,3.0670269,1.0073333
c_1_49_1506,6.8924203,-0.38452917
c_1_49_1507,6.4465256,-0.8036892
c_1_49_1508,4.465659,-0.8240701
c_1_49_1509,5.739371,-0.60574424
c_1_49_1510,3.206381,0.6891335
c_1_49_1511,12.826401,-0.48505938
c_1_49_1512,2.9219003,0.9101826
c_1_49_1513,14.474722,-1.8982131
c_1_49_1514,14.803831,-1.1238316
c_1_49_1515,13.913551,-2.1198492
c_1_49_1516,2.757898,0.7880585
c_1_49_1517,4.8989196,-1.4608015
c_1_49_1518,13.96445,0.7258509
c_1_49_1519,3.6990542,0.75138986
c_1_49_1520,2.8280568,0.92515624
c_1_49_1521,2.8359606,0.9136743
c_1_49_1522,2.8956332,1.1541909
c_1_49_1523,14.369655,-2.256666
c_1_49_1524,3.1705964,0.58840054
c_1_49_1525,4.1489253,0.10991824
c_1_49_1526,8.266394,2.0700161
c_1_49_1527,13.72822,-2.291343
c_1_49_1528,14.033759,-1.9918245
c_1_49_1529,11.976811,-1.0630944
c_1_49_1530,2.9078863,0.76467586
c_1_49_1531,3.7825549,1.1448443
c_1_49_1532,2.5487535,0.8861842
c_1_49_1533,13.533804,-1.56272
c_1_49_1534,13.362514,1.0308571
c_1_49_1535,4.314016,-2.3355567
c_1_49_1536,4.189817,1.1576904
c_1_49_1537,14.073789,-1.0568041
c_1_49_1538,2.6511765,0.7663325
c_1_49_1539,13.641902,-2.0895839
c_1_49_1540,3.4883106,0.5463373
c_1_49_1541,8.436798,1.397577
c_1_49_1542,12.070948,-0.5560646
c_1_49_1543,4.2232714,1.2594107
c_1_49_1544,14.031617,-2.18001
c_1_49_1545,3.4397273,1.0317183
c_1_49_1546,14.236603,-1.0639366
c_1_49_1547,13.199663,-1.2150888
c_1_49_1548,14.442231,-0.2511544
c_1_49_1549,8.88903,2.916965
c_1_49_1550,3.5070167,0.33942652
c_1_49_1551,13.344906,-1.7684405
c_1_49_1552,2.707057,0.94999
c_1_49_1553,14.630965,-0.8011985
c_1_49_1554,8.966664,1.3395051
c_1_49_1555,13.4229765,-1.6849772
c_1_49_1556,13.8726225,-1.1649789
c_1_49_1557,11.407542,2.037554
c_1_49_1558,11.264821,4.489711
c_1_49_1559,3.2306116,1.1726022
c_1_49_1560,13.755956,-1.6850568
c_1_49_1561,13.572293,-1.6994698
c_1_49_1562,5.224526,-0.4190073
c_1_49_1563,3.1067803,0.8754228
c_1_49_1564,3.1616063,0.60545015
c_1_49_1565,11.116598,2.117622
c_1_49_1566,15.082454,2.2849183
c_1_49_1567,8.289435,2.4705167
c_1_49_1568,2.7559023,0.6342241
c_1_49_1569,3.1061249,0.95510435
c_1_49_1570,5.4324646,-0.51744825
c_1_49_1571,4.4441633,-1.5985587
c_1_49_1572,2.4554014,0.5715482
c_1_49_1573,12.9145,-0.4468493
c_1_49_1574,7.957656,2.6147408
c_1_49_1575,14.476573,-1.8938462
c_1_49_1576,2.5177767,0.7330406
c_1_49_1577,2.8707209,0.75698125
c_1_49_1578,2.4629865,0.4016951
c_1_49_1579,14.4603615,4.1476555
c_1_49_1580,2.6315303,0.6363843
c_1_49_1581,3.5596836,0.93432224
c_1_49_1582,5.162403,-1.5920372
c_1_49_1583,8.365877,2.660609
c_1_49_1584,2.8931754,1.1350781
c_1_49_1585,2.7251153,0.77453023
c_1_49_1586,12.805183,-0.56880903
c_1_49_1587,7.553531,0.81759584
c_1_49_1588,11.416819,2.2440085
c_1_49_1589,5.4957275,0.3752756
c_1_49_1590,8.43363,0.44257706
c_1_49_1591,9.37928,2.3801858
c_1_49_1592,13.793802,-2.1112902
c_1_49_1593,3.7644808,1.0801237
c_1_49_1594,7.352001,3.578913
c_1_49_1595,12.543672,0.025775302
c_1_49_1596,12.497773,-0.54514766
c_1_49_1597,3.9178975,0.88563025
c_1_49_1598,6.69429,-0.23226494
c_1_49_1599,2.3252978,0.53159976
c_1_49_1600,4.062936,0.9090639
c_1_49_1601,13.926581,-2.1343863
c_1_49_1602,3.0668185,1.2863168
c_1_49_1603,5.2492967,0.563986
c_1_49_1604,2.7771962,0.92430323
c_1_49_1605,5.7749014,-1.2114913
c_1_49_1606,3.263467,0.99823684
c_1_49_1607,4.0102277,0.925646
c_1_49_1608,13.924005,-2.225645
c_1_49_1609,7.2757087,1.5237601
c_1_49_1610,14.672426,2.4104064
c_1_49_1611,13.489324,-1.5707791
c_1_49_1612,14.2519,-2.028676
c_1_49_1613,3.5296018,0.9922587
c_1_49_1614,3.429491,1.2971883
c_1_49_1615,3.9449415,0.5459072
c_1_49_1616,7.2623944,1.7143586
c_1_49_1617,14.071576,-2.1682506
c_1_49_1618,3.1960096,0.682416
c_1_49_1619,8.486023,2.5473073
c_1_49_1620,10.604137,-0.23989432
c_1_49_1621,2.4822586,0.32657704
c_1_49_1622,14.001577,2.4309509
c_1_49_1623,9.590335,-0.7049243
c_1_49_1624,9.161807,2.1067603
c_1_49_1625,3.550122,1.0062507
c_1_49_1626,13.6483135,-2.364429
c_1_49_1627,8.572396,3.0784757
c_1_49_1628,7.8602295,1.2655661
c_1_49_1629,2.570349,-0.0435702
c_1_49_1630,9.58374,1.4899256
c_1_49_1631,13.363406,-1.3763367
c_1_49_1632,13.140766,0.4955851
c_1_49_1633,3.6747577,1.2435131
c_1_49_1634,10.558487,2.465965
c_1_49_1635,14.035533,2.4095082
c_1_49_1636,12.1766,2.411791
c_1_49_1637,8.662735,1.7928382
c_1_49_1638,3.776469,0.9265227
c_1_49_1639,13.249686,-1.932891
c_1_49_1640,6.9002123,2.6309514
c_1_49_1641,13.650408,-1.476719
c_1_49_1642,6.353683,-1.3561428
c_1_49_1643,6.97623,1.5991062
c_1_49_1644,10.615096,1.9879769
c_1_49_1645,13.072454,0.27034757
c_1_49_1646,10.281459,-0.17957854
c_1_49_1647,3.3492672,0.8358406
c_1_49_1648,14.127009,-1.3967934
c_1_49_1649,14.117743,-2.3554585
c_1_49_1650,2.5199647,0.6164963
c_1_49_1651,7.979924,3.439006
c_1_49_1652,3.7072642,1.3302411
c_1_49_1653,12.625005,1.8600589
c_1_49_1654,3.9229572,1.3798409
c_1_49_1655,9.017512,0.8826542
c_1_49_1656,13.381234,-1.7639505
c_1_49_1657,7.819552,1.426499
c_1_49_1658,13.0192175,-1.3214304
c_1_49_1659,7.1524677,0.52994394
c_1_49_1660,5.80661,-0.27764812
c_1_49_1661,12.751108,1.8819433
c_1_49_1662,13.300059,-0.62931776
c_1_49_1663,5.832644,-0.49612716
c_1_49_1664,11.354101,1.8163872
c_1_49_1665,7.1830816,3.6420102
c_1_49_1666,2.6757004,0.59485173
c_1_49_1667,9.255284,-1.2350849
c_1_49_1668,7.935181,1.757541
c_1_49_1669,14.195362,0.2371893
c_1_49_1670,10.631963,2.6102376
c_1_49_1671,7.6577363,3.6336203
c_1_49_1672,10.980815,1.1523182
c_1_49_1673,7.5773587,2.1828654
c_1_49_1674,9.7958355,4.2016354
c_1_49_1675,11.685118,1.4365308
c_1_49_1676,9.812657,-0.1459376
c_1_49_1678,7.9348702,1.5089748
c_1_49_1679,8.753006,1.2237232
c_1_49_1680,12.465309,1.2904848
c_1_49_1681,3.314326,0.4290884
c_1_49_1682,7.306267,3.3639574
c_1_49_1683,6.907768,2.7545083
c_1_49_1684,8.852872,4.3294625
c_1_49_1685,6.273117,-0.54676723
c_1_49_1686,14.383486,1.1211565
c_1_49_1687,4.357098,-1.0671616
c_1_49_1688,14.634003,-2.567395
c_1_49_1689,8.529941,1.480655
c_1_49_1690,13.279822,-0.65949863
c_1_49_1691,6.5394454,1.9824964
c_1_49_1692,5.368089,-0.5261141
c_1_49_1693,9.108064,-0.049633823
c_1_49_1694,8.759497,0.42214236
c_1_49_1695,2.2983704,0.63746023
c_1_49_1696,5.825718,0.47448683
c_1_49_1697,11.628619,1.3129886
c_1_49_1698,3.603054,0.62265813
c_1_49_1699,8.15001,3.419012
c_1_49_1700,8.363126,0.758483
c_1_49_1701,4.9711432,0.98250353
c_1_49_1702,10.181097,2.633121
c_1_49_1703,14.645436,-2.3133514
c_1_49_1704,12.523845,2.2414207
c_1_49_1705,13.481136,-0.75460523
c_1_49_1706,13.041169,1.3713549
c_1_49_1707,5.686846,-0.50607437
c_1_49_1708,14.165965,2.2190232
c_1_49_1709,13.637978,-1.729391
c_1_49_1710,13.23129,1.1780457
c_1_49_1711,3.315204,1.2700961
c_1_49_1712,13.719618,2.6473968
c_1_49_1713,14.204616,2.5576155
c_1_49_1714,11.239497,0.4385914
c_1_49_1715,5.157779,-1.6057357
c_1_49_1716,13.31171,1.5666388
c_1_49_1717,3.5850158,0.5838299
c_1_49_1718,7.619525,2.5827837
c_1_49_1719,15.553761,3.1127288
c_1_49_1720,6.9236593,1.4122937
c_1_49_1721,8.30386,1.2257823
c_1_49_1722,2.882457,0.8282654
c_1_49_1723,11.218334,0.63695556
c_1_49_1724,14.778391,-2.4808238
c_1_49_1725,5.393591,0.03539049
c_1_49_1726,15.0665655,3.3090208
c_1_49_1727,11.560473,-1.5894408
c_1_49_1728,11.675165,0.8504448
c_1_49_1729,9.541066,1.434099
c_1_49_1730,10.00307,2.1622381
c_1_49_1731,3.0411224,1.089492
c_1_49_1732,7.978187,2.5841932
c_1_49_1733,8.605069,3.8740485
c_1_49_1734,5.6345234,-0.46761626
c_1_49_1735,13.218646,-0.83248883
c_1_49_1736,5.439922,-0.6678506
c_1_49_1737,8.248451,2.1862483
c_1_49_1738,14.4129925,1.510273
c_1_49_1739,14.45281,2.5048873
c_1_49_1740,12.394125,1.7620623
c_1_49_1741,4.004746,1.236192
c_1_49_1742,11.109496,0.66376257
c_1_49_1743,13.169616,-0.7294886
c_1_49_1744,8.386052,1.8724564
c_1_49_1745,5.2550955,0.3614293
c_1_49_1746,13.642901,1.1167222
c_1_49_1747,13.794307,2.7679431
c_1_49_1748,13.855324,3.246406
c_1_49_1749,11.545456,7.0043693
c_1_49_1750,3.6290326,1.2301582
c_1_49_1751,14.621727,-0.5187909
c_1_49_1752,11.113477,-0.02620359
c_1_49_1753,13.560983,-1.3559693
c_1_49_1754,5.2708993,-0.3873363
c_1_49_1755,4.7507806,-0.14083304
c_1_49_1756,3.7922566,1.2594767
c_1_49_1757,13.317602,5.7563686
c_1_49_1758,3.0459185,0.96611404
c_1_49_1759,2.9394832,0.8420718
c_1_49_1760,15.111632,1.5324061
c_1_49_1761,5.103377,0.4398211
c_1_49_1762,4.698845,1.0865927
c_1_49_1763,8.121282,0.9339541
c_1_49_1764,14.641595,-0.14106402
c_1_49_1765,11.6704645,-0.42793173
c_1_49_1766,14.128839,-1.7062197
c_1_49_1767,13.98073,-1.6757383
c_1_49_1768,2.722349,1.0631777
c_1_49_1769,3.6893935,1.091651
c_1_49_1770,3.795511,-0.03452061
c_1_49_1771,2.8432508,0.81347835
c_1_49_1772,3.5450494,0.5677776
c_1_49_1773,2.555021,0.6237112
c_1_49_1774,13.926386,2.6441386
c_1_49_1775,13.654377,-0.08263205
c_1_49_1776,2.9239297,1.1777533
c_1_49_1777,2.7657833,0.79168916
c_1_49_1778,5.787783,-0.5947826
c_1_49_1779,13.944848,-2.2954595
c_1_49_1780,3.1970017,0.9656371
c_1_49_1781,11.9900875,1.7987266
c_1_49_1782,12.813012,-0.74415445
c_1_49_1783,14.61216,-1.739217
c_1_49_1784,14.320969,-0.94418204
c_1_49_1785,8.676947,3.0800567
c_1_49_1786,14.705138,-2.165417
c_1_49_1787,13.162387,-1.8916678
c_1_49_1788,10.001085,-0.14490892
c_1_49_1789,13.935257,-2.2639062
c_1_49_1790,14.620246,-1.6186583
c_1_49_1791,15.191613,3.8550193
c_1_49_1792,13.118282,-1.3715457
c_1_49_1793,12.800122,7.381204
c_1_49_1794,14.123072,1.0076593
c_1_49_1795,9.44699,1.3092885
c_1_49_1796,12.773263,-0.03724643
c_1_49_1797,14.157961,1.0171703
c_1_49_1798,5.314086,-0.068616495
c_1_49_1799,14.25372,0.53404284
c_1_49_1800,14.148341,0.96191007
c_1_49_1801,4.532879,0.5994315
c_1_49_1802,8.326986,2.926531
c_1_49_1803,3.9196217,-1.0373033
c_1_49_1804,3.1400704,0.75899684
c_1_49_1805,4.8725095,1.1200951
c_1_49_1806,14.259115,-1.9110159
c_1_49_1807,6.641175,-0.48881224
c_1_49_1808,6.153388,-0.4892842
c_1_49_1809,9.69073,2.8710825
c_1_49_1810,2.640577,0.49951792
c_1_49_1811,14.058225,-1.8433416
c_1_49_1812,13.68022,-1.8337734
c_1_49_1813,4.8683743,0.023098512
c_1_49_1814,5.945741,-0.1676358
c_1_49_1815,13.917069,-1.0744445
c_1_49_1816,6.100871,0.61596125
c_1_49_1817,5.8283057,0.20398286
c_1_49_1818,13.185662,-1.089045
c_1_49_1819,14.526711,-2.205009
c_1_49_1820,3.8587587,0.13584946
c_1_49_1821,13.741328,-1.971067
c_1_49_1822,3.5096455,1.0962216
c_1_49_1823,15.022346,-2.4722962
c_1_49_1824,5.4413815,0.68502945
c_1_49_1825,3.5117745,0.3830095
c_1_49_1826,5.0098643,0.87155956
c_1_49_1827,10.138411,-0.05661255
c_1_49_1828,3.1519125,1.0546343
c_1_49_1829,13.268617,-1.4691312
c_1_49_1830,6.2956343,2.7012413
c_1_49_1831,8.879147,3.7017636
c_1_49_1832,3.3603292,0.33684033
c_1_49_1833,13.255475,1.5269066
c_1_49_1834,3.654422,0.73703593
c_1_49_1835,4.2060027,0.7719586
c_1_49_1836,13.410104,-0.054331463
c_1_49_1837,14.066976,-2.5845652
c_1_49_1838,15.081478,2.5586445
c_1_49_1839,13.592754,-1.7995988
c_1_49_1840,3.6553774,1.0627106
c_1_49_1841,3.8450365,0.8699399
c_1_49_1842,3.7619662,0.82163805
c_1_49_1843,10.659743,3.417058
c_1_49_1844,14.468324,-1.4120215
c_1_49_1845,2.9782927,1.0574782
c_1_49_1846,13.69098,-1.5271156
c_1_49_1847,15.259927,0.95188874
c_1_49_1848,14.47856,-2.4897337
c_1_49_1849,3.4989452,0.30326882
c_1_49_1850,3.8412426,0.24134928
c_1_49_1851,14.876448,3.105989
c_1_49_1852,13.782598,-2.149563
c_1_49_1853,3.8372827,1.0108652
c_1_49_1854,12.069782,-0.5690111
c_1_49_1855,12.549987,-0.00841336
c_1_49_1856,15.041906,2.4354694
c_1_49_1857,15.28601,0.9859645
c_1_49_1858,13.102677,-1.8360598
c_1_49_1859,13.111748,-1.5461637
c_1_49_1860,9.2373905,2.0173364
c_1_49_1861,4.5130253,1.1973418
c_1_49_1862,9.365585,0.42147684
c_1_49_1863,2.4060192,0.51092
c_1_49_1864,13.76624,0.7901746
c_1_49_1865,3.0596316,0.8860555
c_1_49_1866,13.663785,1.0903009
c_1_49_1867,9.809956,-0.08921569
c_1_49_1868,4.0818963,0.24476516
c_1_49_1869,9.578182,2.968992
c_1_49_1870,12.761402,2.0899901
c_1_49_1871,9.211029,-0.27713072
c_1_49_1872,13.567376,1.2053401
c_1_49_1873,13.658837,3.417441
c_1_49_1874,13.523222,1.5328083
c_1_49_1875,10.707938,0.4351542
c_1_49_1876,3.2050295,1.11998
c_1_49_1877,4.148637,0.7601483
c_1_49_1878,13.9302845,1.1941935
c_1_49_1879,14.294207,1.6573777
c_1_49_1880,12.863128,1.0809869
c_1_49_1881,3.084989,0.8185304
c_1_49_1882,9.401616,0.44831288
c_1_49_1883,12.948257,1.1729395
c_1_49_1884,3.9646976,1.1267388
c_1_49_1885,3.946488,0.8484729
c_1_49_1886,13.500597,1.133481
c_1_49_1887,15.042828,3.1594684
c_1_49_1888,11.994624,1.33631
c_1_49_1889,10.122444,2.1479268
c_1_49_1890,4.3799744,1.0642658
c_1_49_1891,15.56123,2.9528222
c_1_49_1892,13.180449,1.4715579
c_1_49_1893,7.480873,1.7868241
c_1_49_1894,5.09413,1.0682001
c_1_49_1895,9.399613,1.4818568
c_1_49_1896,13.052411,1.2105677
c_1_49_1897,3.9209666,1.1191283
c_1_49_1898,3.0993874,1.1391472
c_1_49_1899,6.6395993,1.2400837
c_1_49_1900,13.700096,0.9745806
c_1_49_1901,2.9889991,1.1500072
c_1_49_1902,4.4707584,0.63156164
c_1_49_1903,4.0858774,0.8659231
c_1_49_1904,3.5016778,1.1399056
c_1_49_1905,14.124482,1.5851165
c_1_49_1906,15.05025,2.8296347
c_1_49_1907,5.150734,1.0039449
c_1_49_1908,4.303554,0.7768698
c_1_49_1909,12.220123,1.2674752
c_1_49_1910,12.860312,5.5074835
c_1_49_1911,4.6097097,1.151766
c_1_49_1912,8.620239,2.1762311
c_1_49_1913,9.507576,1.2986712
c_1_49_1914,11.869357,0.9847584
c_1_49_1915,12.422604,0.53330284
c_1_49_1916,4.6348567,1.0405802
c_1_49_1917,3.9567647,1.0610256
c_1_49_1918,4.7728434,1.1089946
c_1_49_1919,8.4241295,3.6399941
c_1_49_1920,2.9592562,1.0027937
c_1_49_1921,3.7759185,0.7299118
c_1_49_1922,3.249458,0.9819415
c_1_49_1923,8.837624,2.8277588
c_1_49_1924,3.2987733,1.1845777
c_1_49_1925,2.7847028,0.68339413
c_1_49_1926,2.9681203,0.93394667
c_1_49_1927,14.076773,0.8085951
c_1_49_1928,2.647581,0.6010303
c_1_49_1929,3.0224493,0.6370625
c_1_49_1930,9.690816,1.3569121
c_1_49_1931,4.4139047,1.1012546
c_1_49_1932,2.7721434,0.9261636
c_1_49_1933,4.9931717,0.8387607
c_1_49_1934,3.573335,1.5113541
c_1_49_1935,8.521689,1.2869489
c_1_49_1936,3.3460643,1.0358989
c_1_49_1937,4.188205,1.2272785
c_1_49_1938,3.2754834,0.8669281
c_1_49_1939,10.700889,-0.8210673
c_1_49_1940,15.219522,3.1847744
c_1_49_1941,10.348354,-1.3244117
c_1_49_1942,3.3723822,0.6990889
c_1_49_1943,5.1103578,0.653164
c_1_49_1944,4.9116206,-0.9778727
c_1_49_1945,12.357303,1.0405463
c_1_49_1946,5.1303663,1.2163411
c_1_49_1947,2.521583,0.2184122
c_1_50_1,8.644138,-0.36216247
c_1_50_2,5.525604,0.1986318
c_1_50_3,8.867212,2.2188303
c_1_50_4,8.506632,1.9095855
c_1_50_5,5.1638756,-1.6807103
c_1_50_6,5.5141325,-0.7024662
c_1_50_7,7.8185406,2.5913446
c_1_50_8,8.10491,3.1400735
c_1_50_9,14.154817,2.8254972
c_1_50_10,6.0281243,-0.8017696
c_1_50_11,9.776655,1.5824869
c_1_50_12,3.5181038,0.7647365
c_1_50_13,4.369261,0.8708732
c_1_50_14,5.5391145,-0.14697509
c_1_50_15,7.008469,0.8671504
c_1_50_16,4.8870134,0.67048085
c_1_50_17,9.18016,2.9266407
c_1_50_18,15.236122,3.0827575
c_1_50_19,4.7301826,0.032718915
c_1_50_20,4.6571712,0.5077716
c_1_50_21,13.508832,-2.2272484
c_1_50_22,2.944906,0.95987594
c_1_50_23,4.361384,0.466003
c_1_50_24,8.285202,3.166258
c_1_50_25,3.1191907,1.2565808
c_1_50_26,5.189178,0.4312231
c_1_50_27,4.8950815,0.6408076
c_1_50_28,5.1786904,-0.612545
c_1_50_29,3.3995752,1.3230083
c_1_50_30,7.5518055,2.243596
c_1_50_31,5.4794936,2.9339914
c_1_50_32,4.012666,1.1091673
c_1_50_33,10.045832,0.45475104
c_1_50_34,4.3934875,0.60657203
c_1_50_35,8.953475,1.5195419
c_1_50_36,3.276286,1.1141326
c_1_50_37,13.316375,-1.4366364
c_1_50_38,4.2848935,0.9734991
c_1_50_39,4.0584025,0.9999216
c_1_50_40,8.750321,0.09060545
c_1_50_41,13.232798,-0.52470815
c_1_50_42,3.094446,1.2512981
c_1_50_43,5.7494597,-0.48034042
c_1_50_44,4.0342703,0.8021083
c_1_50_45,6.7496867,2.789402
c_1_50_46,5.415403,-0.6670588
c_1_50_47,3.419603,1.211349
c_1_50_48,4.695447,0.89649206
c_1_50_49,9.623158,2.0120652
c_1_50_50,14.835021,1.2899497
c_1_50_51,7.4682293,0.19889055
c_1_50_52,3.3877208,-0.041281767
c_1_50_53,5.5612297,-1.0896659
c_1_50_54,3.4031506,0.9262263
c_1_50_55,13.400113,-0.13937259
c_1_50_56,13.8509865,-2.300065
c_1_50_57,6.034326,0.34374577
c_1_50_58,3.8257065,0.44061682
c_1_50_59,5.8730536,1.4524764
c_1_50_60,6.567613,-0.55101126
c_1_50_61,7.726855,1.5376766
c_1_50_62,4.944135,1.350256
c_1_50_63,3.3715818,1.2864059
c_1_50_64,4.236153,-0.08695311
c_1_50_65,9.11817,1.7630657
c_1_50_66,4.346347,0.48540065
c_1_50_67,5.022934,0.3197664
c_1_50_68,4.6728463,1.3597361
c_1_50_69,5.6617694,1.3626415
c_1_50_70,3.7487323,0.68658656
c_1_50_71,5.791052,-0.25518465
c_1_50_72,13.823229,1.6127447
c_1_50_73,5.590202,0.6679102
c_1_50_74,6.0910945,1.8074626
c_1_50_75,13.273744,-1.224866
c_1_50_76,14.3641,-1.8417788
c_1_50_77,7.014502,3.2370868
c_1_50_78,10.860904,0.3583172
c_1_50_79,11.031365,0.95926684
c_1_50_80,6.161808,1.1256064
c_1_50_81,5.616537,-0.06307957
c_1_50_82,4.98469,1.2591153
c_1_50_83,4.579947,0.340634
c_1_50_84,3.7776918,1.2402321
c_1_50_85,9.619713,0.62194866
c_1_50_86,3.1524346,0.7022158
c_1_50_87,5.670947,-0.3764202
c_1_50_88,3.737895,0.5467443
c_1_50_89,5.6034865,-1.1178384
c_1_50_90,7.5438285,0.68702275
c_1_50_91,13.91404,-1.0697649
c_1_50_92,9.936989,1.8546193
c_1_50_93,14.87713,3.0297658
c_1_50_94,3.7835016,1.2355168
c_1_50_95,15.266988,0.66812974
c_1_50_96,7.175948,2.7742214
c_1_50_97,9.182267,1.575342
c_1_50_98,14.324502,-0.9973432
c_1_50_99,14.733444,2.8314295
c_1_50_100,14.311568,-2.329508
c_1_50_101,8.9474,1.4659432
c_1_50_102,4.039238,1.1686727
c_1_50_103,14.216732,-2.3506632
c_1_50_104,5.8646717,1.6715038
c_1_50_105,3.9507215,0.96405095
c_1_50_106,4.393002,1.1833696
c_1_50_107,4.599461,1.3699099
c_1_50_108,7.0559206,2.3108647
c_1_50_109,13.8296585,0.66563594
c_1_50_110,4.5182657,1.191397
c_1_50_111,10.332467,2.4566274
c_1_50_112,11.622274,0.38106483
c_1_50_113,3.579272,1.0483375
c_1_50_114,13.312215,-1.6540012
c_1_50_115,11.740847,-0.2856151
c_1_50_116,14.397094,-1.7491447
c_1_50_117,2.7439227,0.9926612
c_1_50_118,4.9654527,1.1271634
c_1_50_119,12.609884,-0.5208334
c_1_50_120,8.882649,0.6646651
c_1_50_121,7.4979677,2.8152347
c_1_50_122,13.912561,-1.4871331
c_1_50_123,11.083013,1.8697624
c_1_50_124,11.999846,1.9416797
c_1_50_125,8.802801,2.6427665
c_1_50_126,10.140671,1.9373648
c_1_50_127,7.964539,1.2813636
c_1_50_128,13.184339,1.5910888
c_1_50_129,12.355807,0.021474198
c_1_50_130,5.7911196,1.6185552
c_1_50_131,3.7271276,-1.0828682
c_1_50_132,12.691527,0.5902857
c_1_50_133,14.213167,-0.92822254
c_1_50_134,15.0686245,2.9658515
c_1_50_135,12.372346,1.5749042
c_1_50_136,5.818313,-0.64247847
c_1_50_137,9.945947,2.2078035
c_1_50_138,14.331205,-1.4102201
c_1_50_139,13.243398,-0.7441109
c_1_50_140,14.306917,-1.2192069
c_1_50_141,9.18187,2.692273
c_1_50_142,9.67391,1.8297368
c_1_50_143,10.791802,2.437896
c_1_50_144,13.762207,-1.7475451
c_1_50_145,11.906785,0.7369046
c_1_50_146,14.715428,3.1889596
c_1_50_147,7.2153263,2.6565084
c_1_50_148,11.945506,2.1714013
c_1_50_149,5.5440073,-0.5471044
c_1_50_150,15.145549,3.1130075
c_1_50_151,14.439304,2.4907286
c_1_50_152,4.3466825,0.709616
c_1_50_153,4.875504,-1.5906091
c_1_50_154,5.74686,0.85699207
c_1_50_155,4.5682163,0.101711534
c_1_50_156,12.200567,-1.0698162
c_1_50_157,4.70111,0.8825913
c_1_50_158,4.447577,0.9034634
c_1_50_159,5.392735,-1.4172218
c_1_50_160,7.8357534,1.2815162
c_1_50_161,4.550803,0.7183576
c_1_50_162,4.992107,-0.672272
c_1_50_163,4.286124,1.0047102
c_1_50_164,4.9227395,0.66000974
c_1_50_165,6.4868636,-0.361911
c_1_50_166,7.5831447,0.88556737
c_1_50_167,4.2065864,0.45771173
c_1_50_168,6.1471996,-1.0994856
c_1_50_169,3.3882127,1.0019307
c_1_50_170,4.168312,0.6985847
c_1_50_171,4.4386134,1.154473
c_1_50_172,4.97035,0.32836267
c_1_50_173,3.92629,0.10479227
c_1_50_174,6.4896803,-0.29179612
c_1_50_175,3.9716094,0.49817252
c_1_50_176,4.848033,0.99574393
c_1_50_177,4.7070436,0.49586728
c_1_50_178,6.0374293,0.045632306
c_1_50_179,6.080875,0.3297034
c_1_50_180,4.1093035,0.8549044
c_1_50_181,4.9778852,-0.8379588
c_1_50_182,3.7690454,1.4327751
c_1_50_183,4.3749013,0.5476417
c_1_50_184,4.222437,0.8766363
c_1_50_185,6.72663,-0.059222855
c_1_50_186,14.271287,2.8540874
c_1_50_187,3.8813546,0.6479586
c_1_50_188,5.1122246,-2.1063411
c_1_50_189,14.3174715,2.5301325
c_1_50_190,3.6965215,1.1952767
c_1_50_191,4.427766,0.7283404
c_1_50_192,10.321385,2.9092674
c_1_50_193,13.787058,4.8067107
c_1_50_194,4.1593547,1.0061976
c_1_50_195,4.9405546,0.6557967
c_1_50_196,8.584076,1.5865933
c_1_50_197,7.992989,4.538951
c_1_50_198,5.741837,0.12961446
c_1_50_199,13.845734,2.7226865
c_1_50_200,4.203889,1.2557688
c_1_50_201,12.004358,2.0675082
c_1_50_202,5.0171595,0.6050864
c_1_50_203,4.4674325,1.2072792
c_1_50_204,7.4595857,1.580632
c_1_50_205,14.016008,2.7613473
c_1_50_206,3.2896347,0.35405767
c_1_50_207,7.2795568,2.6577427
c_1_50_208,11.790926,1.0686738
c_1_50_209,12.96996,1.9990774
c_1_50_210,9.341756,-0.8075268
c_1_50_211,7.082051,2.0051334
c_1_50_212,7.0742574,2.13294
c_1_50_213,3.0737739,0.25957698
c_1_50_214,10.339171,0.17486475
c_1_50_215,3.248232,0.1810495
c_1_50_216,4.4168043,0.9905973
c_1_50_217,4.1639266,0.7983791
c_1_50_218,5.0378814,0.4885866
c_1_50_219,4.4144197,-0.53118366
c_1_50_220,6.1389093,1.3902717
c_1_50_221,4.99597,1.0879666
c_1_50_222,3.8804982,0.54672134
c_1_50_223,13.419289,1.8128504
c_1_50_224,4.1372633,0.66685873
c_1_50_225,12.751408,1.5445632
c_1_50_226,3.2472053,1.0899376
c_1_50_227,5.4816585,0.5028152
c_1_50_228,3.2225485,1.0972397
c_1_50_229,3.3115566,1.444626
c_1_50_230,5.1233087,0.4590522
c_1_50_231,7.241561,1.7188933
c_1_50_232,5.420288,0.9364515
c_1_50_233,4.1071854,0.9841971
c_1_50_234,12.020038,1.2299589
c_1_50_235,3.7100656,1.4692675
c_1_50_236,4.5091143,0.7715436
c_1_50_237,5.800617,2.8102329
c_1_50_238,5.573117,0.082034014
c_1_50_239,8.7376175,0.72396904
c_1_50_240,3.7720823,1.2006055
c_1_50_241,6.934595,2.4341855
c_1_50_242,4.920314,1.0162846
c_1_50_243,9.208851,4.6044083
c_1_50_244,3.8320105,0.8926462
c_1_50_245,4.476844,0.54518145
c_1_50_246,6.569889,1.5440638
c_1_50_247,4.794498,1.0292401
c_1_50_248,3.7776017,1.1552249
c_1_50_249,2.444396,0.59084713
c_1_50_250,4.6378784,0.72646
c_1_50_251,4.7001977,-0.19741757
c_1_50_252,5.953507,1.2202284
c_1_50_253,3.7426229,0.90202487
c_1_50_254,8.045011,1.9964875
c_1_50_255,13.493128,0.313115
c_1_50_256,5.694162,1.2345725
c_1_50_257,10.795955,-0.27521783
c_1_50_258,3.2893298,1.0102774
c_1_50_259,3.3232188,0.8540155
c_1_50_260,3.0869381,1.1377892
c_1_50_261,3.7158885,1.2922777
c_1_50_262,3.544276,0.28585404
c_1_50_264,7.066055,2.6265883
c_1_50_265,8.354354,0.9017266
c_1_50_266,6.7304044,1.3366908
c_1_50_267,3.253602,0.5476893
c_1_50_268,5.798711,1.0537534
c_1_50_269,3.8513105,0.9524183
c_1_50_270,4.571659,0.77952826
c_1_50_271,7.8946896,1.5512009
c_1_50_272,13.9789505,2.340649
c_1_50_273,3.504912,1.4155998
c_1_50_274,9.250688,-1.1178886
c_1_50_275,6.247474,1.1004256
c_1_50_276,5.99223,-0.83902586
c_1_50_277,3.103868,0.8611234
c_1_50_278,4.2609286,0.83583325
c_1_50_279,4.709673,-0.44264272
c_1_50_280,5.9927545,0.8063606
c_1_50_281,5.977875,-0.7233041
c_1_50_282,6.984648,3.3291028
c_1_50_283,7.014317,2.923905
c_1_50_284,3.834206,1.20755
c_1_50_286,7.7198954,1.2166259
c_1_50_287,8.518984,4.7928023
c_1_50_288,14.1811,1.5513704
c_1_50_289,6.703075,2.0883126
c_1_50_290,3.6260715,0.6153211
c_1_50_291,5.3016973,1.0065118
c_1_50_293,9.13581,2.7425535
c_1_50_294,7.139548,2.7302363
c_1_50_295,7.021455,3.024099
c_1_50_296,5.3801293,1.3946215
c_1_50_297,8.631856,0.9947758
c_1_50_298,3.5249712,1.3886468
c_1_50_299,6.708286,2.3596225
c_1_50_300,9.400413,3.4385328
c_1_50_301,6.498342,2.9401836
c_1_50_302,7.159536,3.0435464
c_1_50_303,10.596828,2.4383278
c_1_50_304,10.422757,4.0374413
c_1_50_305,7.156346,3.8155837
c_1_50_306,9.2004,2.4722414
c_1_50_307,5.309623,0.96479076
c_1_50_308,11.882512,2.3560061
c_1_50_309,6.65146,2.2394736
c_1_50_310,8.7976,0.48047227
c_1_50_311,6.1213827,2.762714
c_1_50_312,4.2501326,1.11861
c_1_50_313,7.606091,3.0771012
c_1_50_314,6.072761,2.8972707
c_1_50_315,10.318621,3.1934273
c_1_50_316,10.942738,1.7850614
c_1_50_317,4.904146,1.3790627
c_1_50_318,8.164225,4.703038
c_1_50_319,10.113814,2.1150792
c_1_50_320,4.982313,1.0104187
c_1_50_321,8.722177,2.0600078
c_1_50_322,9.424143,2.9473794
c_1_50_323,9.868851,2.127477
c_1_50_324,7.35567,1.5017142
c_1_50_325,7.0096993,2.0651197
c_1_50_326,4.930365,0.7380625
c_1_50_327,6.6578155,2.3829672
c_1_50_328,7.7011595,3.5036495
c_1_50_329,5.5404043,2.8222733
c_1_50_330,7.4029713,1.6589246
c_1_50_331,6.99579,2.1422074
c_1_50_332,10.914864,1.6225898
c_1_50_333,10.593428,0.8765081
c_1_50_334,9.820424,2.9123905
c_1_50_336,13.017597,0.5193164
c_1_50_337,5.511916,3.203803
c_1_50_338,12.30264,2.156669
c_1_50_339,12.530454,2.1642694
c_1_50_340,12.229847,-0.07911507
c_1_50_341,11.870318,3.7008474
c_1_50_342,13.515863,1.7644517
c_1_50_343,9.570153,0.64374506
c_1_50_344,7.1770883,3.1905644
c_1_50_347,11.318289,1.2011181
c_1_50_349,5.012768,1.1154906
c_1_50_350,6.099844,2.9616482
c_1_50_351,9.462581,0.55658585
c_1_50_352,13.346683,0.94151735
c_1_50_353,14.499354,1.6280677
c_1_50_354,12.064728,2.1254218
c_1_50_355,7.6863275,1.8998702
c_1_50_356,10.273157,1.8793112
c_1_50_357,8.01501,0.6854155
c_1_50_358,6.203641,0.90826416
c_1_50_359,10.608513,2.5742698
c_1_50_360,8.817598,0.7193089
c_1_50_361,9.53505,-1.5801158
c_1_50_362,8.490861,-0.17142324
c_1_50_363,10.169541,4.184406
c_1_50_364,9.114671,0.7521099
c_1_50_365,4.819929,0.31744435
c_1_50_366,9.82511,3.9685743
c_1_50_367,9.561381,3.4624684
c_1_50_368,7.695361,3.17408
c_1_50_369,9.891543,1.3479549
c_1_50_370,11.660872,-0.41529503
c_1_50_371,10.755885,-0.7474065
c_1_50_372,9.584429,1.3235587
c_1_50_373,5.691714,0.7023566
c_1_50_374,9.80717,-2.417513
c_1_50_375,12.67013,3.0427892
c_1_50_376,13.153238,1.4535006
c_1_50_377,5.1914077,0.8517749
c_1_50_378,11.126092,-2.8203282
c_1_50_379,8.711073,1.2894456
c_1_50_380,7.152024,1.1969986
c_1_50_381,6.960813,2.7265787
c_1_50_382,8.721884,2.6184487
c_1_50_383,12.664726,0.15105852
c_1_50_384,13.432302,1.2129054
c_1_50_385,10.969357,2.6838737
c_1_50_386,10.44152,2.6630225
c_1_50_387,7.3391004,1.2908441
c_1_50_388,5.5674114,1.2465068
c_1_50_389,10.450293,-1.521721
c_1_50_390,11.376942,-0.47703665
c_1_50_391,9.166889,1.9318442
c_1_50_392,10.624626,1.7743154
c_1_50_393,4.927027,1.2710996
c_1_50_394,7.778195,3.0658836
c_1_50_395,8.233923,3.4943085
c_1_50_396,6.976325,2.623968
c_1_50_397,10.452657,1.631359
c_1_50_398,11.117168,0.67699486
c_1_50_399,12.081302,2.1048005
c_1_50_400,9.1077,-0.83975506
c_1_50_401,14.5175,2.9383883
c_1_50_402,10.171441,2.0121212
c_1_50_403,10.343503,0.9324701
c_1_50_404,13.40961,2.2417624
c_1_50_405,10.345589,-2.3042104
c_1_50_406,8.346676,2.0575004
c_1_50_407,12.371966,1.4188952
c_1_50_408,13.902539,2.5456371
c_1_50_409,14.507554,1.3241183
c_1_50_410,12.871299,1.4885372
c_1_50_411,9.784443,-0.10203271
c_1_50_412,10.310076,2.7101946
c_1_50_413,13.111455,1.0691527
c_1_50_414,11.546717,-0.43124884
c_1_50_415,7.642472,3.1330142
c_1_50_416,14.122927,-2.0035756
c_1_50_417,12.2285185,0.5219329
c_1_50_418,10.713245,4.492397
c_1_50_419,9.835354,1.7809075
c_1_50_420,8.482345,4.234226
c_1_50_421,7.421335,2.5929554
c_1_50_422,12.725457,1.4211649
c_1_50_423,14.184833,2.3395936
c_1_50_424,11.440303,-0.40365523
c_1_50_425,14.104164,2.062161
c_1_50_426,7.322131,3.0065963
c_1_50_427,8.5321,2.025172
c_1_50_428,10.724603,1.6274761
c_1_50_429,13.259456,2.0446222
c_1_50_430,10.147581,2.8032472
c_1_50_431,8.965055,1.4197154
c_1_50_432,7.141124,1.8253943
c_1_50_433,9.90672,4.625975
c_1_50_434,11.949319,2.603024
c_1_50_435,13.134248,3.5542266
c_1_50_436,10.975953,1.9983096
c_1_50_437,9.015702,1.784039
c_1_50_438,7.8059506,0.5696845
c_1_50_439,6.004036,1.0808418
c_1_50_440,7.451694,3.5817077
c_1_50_441,14.512422,2.8119547
c_1_50_442,11.040113,1.4674621
c_1_50_443,9.75975,3.6327941
c_1_50_444,8.676039,2.912122
c_1_50_445,8.673245,-0.60156596
c_1_50_446,7.9399734,2.7641978
c_1_50_447,13.263714,1.3367517
c_1_50_448,9.894096,0.992532
c_1_50_449,8.992083,1.9492315
c_1_50_450,5.3954287,1.7065576
c_1_50_451,14.086497,1.2779272
c_1_50_452,8.820603,0.8321862
c_1_50_453,9.756739,-0.45470834
c_1_50_454,7.906839,1.0479313
c_1_50_455,11.399334,1.3049121
c_1_50_458,9.193838,4.775655
c_1_50_459,13.839924,-0.45696306
c_1_50_464,8.96634,2.788076
c_1_50_465,11.576727,0.35723788
c_1_50_467,4.4265423,-2.277233
c_1_50_468,14.137517,2.0144138
c_1_50_469,3.7855525,0.104594134
c_1_50_470,5.977444,0.21181229
c_1_50_471,3.7773511,0.673564
c_1_50_472,8.952513,1.3710585
c_1_50_473,6.812153,0.9608067
c_1_50_474,5.4452734,0.40486854
c_1_50_475,8.164336,1.9426296
c_1_50_476,5.249975,-0.28075677
c_1_50_477,11.917266,0.5099023
c_1_50_478,9.74844,1.2638203
c_1_50_479,3.3188124,0.9304306
c_1_50_480,9.967507,2.1729207
c_1_50_481,13.971606,-2.0769157
c_1_50_482,10.420297,-1.1382862
c_1_50_483,2.8510714,0.39219293
c_1_50_484,12.1966305,5.1638846
c_1_50_485,3.578579,0.44068563
c_1_50_486,11.381766,5.682975
c_1_50_487,14.077637,0.77395874
c_1_50_488,11.9970875,0.23003803
c_1_50_489,6.492009,0.9322152
c_1_50_490,9.665603,2.0185113
c_1_50_491,8.61327,1.658011
c_1_50_492,14.062502,2.739624
c_1_50_493,14.504516,2.9433033
c_1_50_494,6.818214,-0.062268276
c_1_50_495,10.585697,-1.4180294
c_1_50_496,11.457283,2.7159634
c_1_50_497,12.496238,4.998671
c_1_50_498,14.584409,2.9927425
c_1_50_499,4.8820696,-2.393088
c_1_50_500,7.1481447,3.073718
c_1_50_501,11.103489,1.222638
c_1_50_502,3.7763665,0.6633274
c_1_50_503,12.14316,5.7444153
c_1_50_504,10.801809,0.5766602
c_1_50_505,7.2959046,1.9110601
c_1_50_506,11.902222,6.2505493
c_1_50_507,8.59347,2.5948937
c_1_50_508,10.765712,1.4991891
c_1_50_509,7.791116,1.3544776
c_1_50_510,9.3354025,1.1921196
c_1_50_511,11.937179,3.804005
c_1_50_512,5.5018997,-0.7777051
c_1_50_513,7.842134,2.856475
c_1_50_514,8.297244,1.4300616
c_1_50_515,11.909718,1.707221
c_1_50_517,12.053798,4.0314326
c_1_50_518,9.394656,2.1451046
c_1_50_519,15.298175,2.0972137
c_1_50_520,12.399125,8.124583
c_1_50_521,8.097666,2.4864564
c_1_50_522,14.158025,-2.518372
c_1_50_523,12.434062,3.6611698
c_1_50_524,7.3879642,1.5887097
c_1_50_525,8.2514925,0.02297289
c_1_50_526,12.320715,0.2512538
c_1_50_527,12.991673,5.4064813
c_1_50_528,11.662116,3.4395273
c_1_50_529,10.781931,1.9265563
c_1_50_530,11.70196,0.42563918
c_1_50_531,7.121778,2.9158611
c_1_50_532,8.146614,2.3123546
c_1_50_533,4.4215693,1.0215968
c_1_50_534,12.030605,3.5269048
c_1_50_535,7.725095,2.4759176
c_1_50_536,12.963214,-0.61438143
c_1_50_537,8.433346,2.0770864
c_1_50_538,14.77525,2.8578887
c_1_50_539,12.349987,5.477699
c_1_50_540,9.320418,1.0133185
c_1_50_541,14.669726,-2.3761766
c_1_50_542,11.139259,2.770003
c_1_50_543,13.149462,-0.20099835
c_1_50_544,12.192977,0.34918606
c_1_50_545,8.002362,1.0532396
c_1_50_546,10.41458,1.7414697
c_1_50_547,14.197539,-2.331772
c_1_50_550,11.391433,2.5296564
c_1_50_551,10.957574,1.6277243
c_1_50_552,5.6707044,-0.6805302
c_1_50_553,7.8138514,2.3977911
c_1_50_554,8.988251,2.9434829
c_1_50_555,10.365153,2.2877765
c_1_50_556,12.2224655,3.6183877
c_1_50_557,11.257093,2.9770231
c_1_50_558,11.8313,6.6135793
c_1_50_559,14.437828,-2.2071502
c_1_50_560,8.525092,1.6840022
c_1_50_561,5.3388205,1.529646
c_1_50_562,10.623094,0.86347294
c_1_50_563,9.317379,2.219128
c_1_50_564,11.782812,6.1517096
c_1_50_566,7.141238,2.8314943
c_1_50_568,11.983847,6.911383
c_1_50_569,11.720991,5.7033167
c_1_50_570,7.535505,0.9486069
c_1_50_571,11.646857,3.7068393
c_1_50_572,7.1443043,2.7834365
c_1_50_573,9.0102415,0.858499
c_1_50_574,8.288116,2.9803138
c_1_50_575,11.445753,0.47822398
c_1_50_576,10.434508,1.6847091
c_1_50_577,8.834786,2.1538873
c_1_50_578,13.263545,4.924009
c_1_50_579,9.284584,1.854448
c_1_50_580,12.679037,2.3537505
c_1_50_581,13.146592,-0.13800427
c_1_50_582,8.237075,1.6486365
c_1_50_583,8.153362,2.9370754
c_1_50_584,8.185696,0.9906904
c_1_50_585,6.4697537,1.6618418
c_1_50_586,6.5765376,-0.5087688
c_1_50_587,5.4490366,-0.20144686
c_1_50_588,10.461598,2.434502
c_1_50_589,8.658919,3.0201719
c_1_50_590,3.9477942,1.160065
c_1_50_591,13.739454,-2.0751371
c_1_50_592,13.62035,-0.703951
c_1_50_593,3.6486514,0.45066786
c_1_50_594,11.857247,6.995123
c_1_50_595,14.063896,-1.0571086
c_1_50_596,10.409006,2.2478242
c_1_50_597,9.804432,1.6538401
c_1_50_598,10.710844,2.040461
c_1_50_599,13.31495,-0.38223028
c_1_50_601,11.125223,2.4048133
c_1_50_602,13.045499,1.9998876
c_1_50_603,6.8142204,0.09946199
c_1_50_604,12.399311,5.8132815
c_1_50_605,9.81586,2.6232257
c_1_50_606,9.096461,1.5021373
c_1_50_607,7.064467,3.8100798
c_1_50_608,14.075417,3.4591165
c_1_50_609,13.472393,4.79255
c_1_50_610,8.021381,2.8843117
c_1_50_611,13.462932,3.009618
c_1_50_612,8.063667,2.638283
c_1_50_613,3.9317431,0.85703593
c_1_50_614,6.8796053,1.1669102
c_1_50_615,9.493171,0.40706158
c_1_50_616,9.073114,3.553123
c_1_50_617,15.302086,1.0057572
c_1_50_618,10.511563,3.2716258
c_1_50_619,5.400406,-1.0007607
c_1_50_620,11.037478,-0.5121898
c_1_50_621,10.956813,2.7728333
c_1_50_622,11.500038,3.626478
c_1_50_623,13.969263,-1.8621693
c_1_50_624,12.983534,3.2363212
c_1_50_625,8.859567,1.8824503
c_1_50_626,6.908675,3.677026
c_1_50_627,12.668432,4.2811537
c_1_50_628,5.4715962,1.3104414
c_1_50_629,11.646972,6.6830854
c_1_50_630,6.545092,0.7340825
c_1_50_631,13.494023,-1.9499604
c_1_50_632,5.172094,-1.5358359
c_1_50_633,11.937842,2.1073637
c_1_50_634,14.155847,-0.9776832
c_1_50_635,7.2534976,-0.11919731
c_1_50_636,12.871161,-1.0756967
c_1_50_637,10.380485,2.7718928
c_1_50_638,5.2257113,-1.0291281
c_1_50_639,11.330255,5.074739
c_1_50_640,8.551334,1.3297257
c_1_50_641,11.710853,6.873862
c_1_50_642,9.739899,2.501417
c_1_50_643,12.779684,6.266121
c_1_50_644,5.914053,0.56720155
c_1_50_645,7.2285476,0.7443174
c_1_50_646,13.783988,-1.849945
c_1_50_647,12.239113,1.3898423
c_1_50_648,11.271919,0.85011697
c_1_50_649,8.803329,1.3469957
c_1_50_650,11.12316,0.98173547
c_1_50_651,6.58481,-0.16625807
c_1_50_652,4.053266,1.379022
c_1_50_653,8.39062,2.9144807
c_1_50_654,15.016685,0.33098978
c_1_50_655,13.0031595,-0.46057463
c_1_50_656,5.715491,-0.44618014
c_1_50_657,11.467181,2.1381583
c_1_50_658,5.81718,-0.978697
c_1_50_659,5.3763766,-1.3941286
c_1_50_660,6.865117,0.10283246
c_1_50_661,9.52746,2.0805995
c_1_50_662,13.872976,-1.6453328
c_1_50_663,9.484965,1.6150051
c_1_50_664,4.0936604,0.9546252
c_1_50_665,12.946235,7.4165225
c_1_50_666,11.199774,2.424386
c_1_50_667,12.99665,-0.073289126
c_1_50_668,11.418844,2.7232847
c_1_50_669,5.635287,-0.27037334
c_1_50_670,12.466372,6.8511577
c_1_50_671,12.093024,5.990399
c_1_50_672,5.4415307,0.168391
c_1_50_673,5.7649536,-0.18486075
c_1_50_674,7.3411674,3.4900742
c_1_50_675,11.8551,2.090506
c_1_50_676,5.7389946,-0.006151897
c_1_50_677,8.736023,3.3210928
c_1_50_678,5.036784,-2.0265641
c_1_50_679,10.772487,4.352112
c_1_50_680,13.636565,-2.095729
c_1_50_682,6.5990505,0.11302846
c_1_50_683,5.052799,0.47845384
c_1_50_684,10.32409,3.322518
c_1_50_685,5.6555324,-1.2342951
c_1_50_686,5.6732726,-1.2088829
c_1_50_687,6.1783113,0.4551417
c_1_50_688,10.096081,2.8209698
c_1_50_689,7.6491594,1.6481671
c_1_50_690,11.741639,6.089352
c_1_50_691,9.599239,-0.8079705
c_1_50_692,7.9186234,2.985446
c_1_50_693,5.4529104,-1.4929883
c_1_50_694,12.260043,3.220143
c_1_50_695,7.1284094,3.175577
c_1_50_696,14.248888,-0.71239686
c_1_50_697,12.164593,0.7895521
c_1_50_698,11.163144,2.8946898
c_1_50_699,5.933434,2.5286202
c_1_50_700,4.637056,1.404818
c_1_50_701,6.326837,0.67426306
c_1_50_703,5.7348304,0.55410457
c_1_50_704,6.6461644,0.00038971496
c_1_50_705,11.163446,3.2541718
c_1_50_706,12.079718,1.0399864
c_1_50_707,9.694782,0.8809472
c_1_50_708,13.661559,0.3024691
c_1_50_709,8.981414,2.3445928
c_1_50_710,10.611885,3.4369054
c_1_50_711,7.225721,1.1305313
c_1_50_712,6.4232016,-0.7270517
c_1_50_713,5.342067,-1.6147408
c_1_50_714,11.970888,2.3739443
c_1_50_715,10.662093,2.2294369
c_1_50_716,11.899949,6.3428054
c_1_50_717,12.939412,-1.7538751
c_1_50_718,11.515428,4.2892766
c_1_50_719,13.358471,-1.7727035
c_1_50_721,9.8899145,0.462209
c_1_50_722,7.3915043,0.43629467
c_1_50_723,10.014099,3.6145408
c_1_50_724,5.6032915,1.2875323
c_1_50_725,8.482294,1.9372612
c_1_50_727,10.72794,1.6027768
c_1_50_728,6.1177826,0.1273367
c_1_50_729,7.428423,2.7475739
c_1_50_730,5.811993,-0.60597676
c_1_50_731,8.144627,2.7568312
c_1_50_732,3.7252245,0.72295713
c_1_50_733,15.1274395,0.8415506
c_1_50_734,12.489469,-1.2526313
c_1_50_735,8.592252,0.95591813
c_1_50_736,13.862694,-2.05564
c_1_50_737,13.481091,-2.2457962
c_1_50_738,12.592618,3.2193406
c_1_50_739,10.904102,3.2820094
c_1_50_740,5.5058384,-1.4981704
c_1_50_741,10.299666,2.080845
c_1_50_742,9.995623,1.6586852
c_1_50_743,15.125398,1.9682087
c_1_50_744,4.0897784,1.395458
c_1_50_745,11.152122,1.5374806
c_1_50_746,7.5258236,2.0496144
c_1_50_747,11.58232,3.7414725
c_1_50_748,5.5153866,-0.8240287
c_1_50_749,14.559739,-2.344827
c_1_50_750,14.552012,1.8777784
c_1_50_751,11.708265,0.6362209
c_1_50_752,6.0488734,-0.95754075
c_1_50_753,8.618763,2.1166093
c_1_50_754,10.642726,2.1970932
c_1_50_755,8.172298,2.0286028
c_1_50_756,14.7425165,-1.0343705
c_1_50_757,12.451176,2.8981993
c_1_50_758,7.7669396,2.6202097
c_1_50_759,9.268936,-0.052670427
c_1_50_760,11.137535,2.408118
c_1_50_761,8.168071,1.6129221
c_1_50_762,6.956332,0.7148917
c_1_50_763,14.762967,-1.7358674
c_1_50_764,11.259984,-0.9236164
c_1_50_765,9.323079,2.497764
c_1_50_766,11.099956,1.163639
c_1_50_767,14.902746,-2.5335891
c_1_50_768,8.547611,1.8408376
c_1_50_769,14.662389,-2.3081696
c_1_50_770,11.922124,3.2042043
c_1_50_771,11.571663,-1.0936805
c_1_50_772,4.7503514,-1.5352644
c_1_50_773,9.14481,2.8847244
c_1_50_774,9.918983,2.1089005
c_1_50_775,11.876975,6.9529552
c_1_50_776,8.325959,2.7677565
c_1_50_777,11.913428,7.164997
c_1_50_778,11.194669,1.0254257
c_1_50_779,7.525397,2.010273
c_1_50_780,14.568137,-0.81416345
c_1_50_781,5.175422,1.5530187
c_1_50_782,14.815474,-1.9762584
c_1_50_783,12.888082,-1.1517175
c_1_50_784,3.084377,0.72755015
c_1_50_785,13.924849,-1.9495516
c_1_50_786,14.540011,-1.0485955
c_1_50_787,12.92368,0.7391028
c_1_50_788,8.882488,0.46639886
c_1_50_789,11.307987,1.8931897
c_1_50_790,12.393573,1.081216
c_1_50_791,7.750877,3.0018923
c_1_50_792,7.043458,2.3667605
c_1_50_793,5.3532004,-1.3958656
c_1_50_794,13.7593775,-1.4100713
c_1_50_795,13.624473,-1.9693145
c_1_50_796,8.394121,1.9923362
c_1_50_797,14.184101,-1.0497965
c_1_50_798,14.723804,-0.84431076
c_1_50_799,7.9054384,2.286163
c_1_50_800,9.075725,1.868363
c_1_50_801,5.636956,-0.58312684
c_1_50_802,13.853341,-0.5636429
c_1_50_803,7.3705883,2.2997994
c_1_50_804,7.149077,2.4166694
c_1_50_805,13.5652,1.0604178
c_1_50_806,13.555777,2.8528671
c_1_50_807,7.6062307,1.7067771
c_1_50_808,7.3545523,2.4133902
c_1_50_809,5.424751,-1.6152984
c_1_50_810,7.16424,1.5965508
c_1_50_811,10.528181,1.2695559
c_1_50_812,12.208498,1.0877813
c_1_50_813,8.078933,3.1314914
c_1_50_814,12.151128,6.735036
c_1_50_815,10.57964,2.245436
c_1_50_816,12.839457,-1.3840381
c_1_50_818,9.873045,2.0231369
c_1_50_819,8.380747,1.6977302
c_1_50_820,7.9026055,1.9569018
c_1_50_821,14.378441,-2.424243
c_1_50_822,6.3476186,0.42794406
c_1_50_823,13.671732,0.77541316
c_1_50_824,10.457754,2.6168988
c_1_50_825,8.115667,0.75604296
c_1_50_826,14.239639,1.8500522
c_1_50_827,7.0560956,0.5658418
c_1_50_828,7.405125,3.648138
c_1_50_829,8.498685,1.8029779
c_1_50_830,11.27629,3.7351274
c_1_50_831,8.039444,1.7815222
c_1_50_832,6.561475,0.23805484
c_1_50_833,10.676467,2.9658103
c_1_50_834,10.064569,3.2889426
c_1_50_835,10.710717,-1.2459137
c_1_50_836,4.0304003,1.0076026
c_1_50_837,7.3224983,2.5392272
c_1_50_838,6.0937004,2.2213268
c_1_50_839,10.569725,4.2022824
c_1_50_840,13.709274,3.4105196
c_1_50_841,14.585816,-1.9614342
c_1_50_842,8.757284,2.504204
c_1_50_843,13.689481,5.456727
c_1_50_844,12.936771,2.7885997
c_1_50_845,6.262693,-0.95624536
c_1_50_846,12.0299425,1.7212366
c_1_50_847,8.696986,1.8310982
c_1_50_848,10.334463,1.8674464
c_1_50_849,14.140934,-1.2836434
c_1_50_850,13.363568,4.0295177
c_1_50_851,5.1921887,-0.3143252
c_1_50_852,13.698683,-0.95280206
c_1_50_853,12.836968,1.4617802
c_1_50_854,14.929594,2.549219
c_1_50_855,5.476539,1.2073838
c_1_50_856,11.091672,2.9296863
c_1_50_857,10.758566,2.5626538
c_1_50_858,12.0994425,2.1725614
c_1_50_859,5.11082,1.2340549
c_1_50_861,12.982407,2.289195
c_1_50_862,8.704359,1.0911744
c_1_50_863,8.208002,1.3806792
c_1_50_864,9.306856,1.9248526
c_1_50_865,13.395604,2.6041157
c_1_50_866,14.743474,0.6723161
c_1_50_867,9.401361,0.9602108
c_1_50_868,10.324498,1.9631454
c_1_50_869,14.023307,-1.5291324
c_1_50_870,9.832767,1.744028
c_1_50_871,5.3291674,-0.30083907
c_1_50_872,8.288178,1.975485
c_1_50_873,13.174013,-1.2143537
c_1_50_874,5.821049,0.4859905
c_1_50_875,10.302835,1.1064403
c_1_50_876,7.656357,0.08969053
c_1_50_877,11.639348,2.1301084
c_1_50_878,11.883383,-0.066509835
c_1_50_879,10.576233,2.8383136
c_1_50_880,8.690764,3.327713
c_1_50_881,9.23569,2.9795716
c_1_50_882,11.034464,4.4681087
c_1_50_883,10.091663,0.5211689
c_1_50_884,11.3219385,0.8643848
c_1_50_885,8.905424,2.1670935
c_1_50_886,13.534603,2.0998185
c_1_50_887,4.5252905,0.19042823
c_1_50_888,10.1697,1.8163519
c_1_50_889,11.739704,-0.8924615
c_1_50_890,12.673415,-0.17438748
c_1_50_891,5.313229,-1.2992859
c_1_50_892,12.205375,3.1170502
c_1_50_893,10.685249,2.2628374
c_1_50_894,7.33713,1.6048937
c_1_50_895,6.3374944,0.6164024
c_1_50_896,10.410997,1.6123364
c_1_50_897,6.717171,3.1412995
c_1_50_898,12.330301,1.4079946
c_1_50_899,11.571891,3.116421
c_1_50_900,12.866297,4.766368
c_1_50_901,11.477536,2.2989936
c_1_50_902,15.290859,2.9385543
c_1_50_903,5.456184,-0.30062535
c_1_50_904,5.2048287,-0.7871269
c_1_50_905,8.578008,1.4191625
c_1_50_906,10.785342,-0.8600803
c_1_50_907,5.6939216,-1.0336614
c_1_50_908,11.809418,3.6580026
c_1_50_909,4.3571362,0.6453533
c_1_50_910,9.512955,2.2530284
c_1_50_911,10.270462,-0.4169142
c_1_50_912,9.226587,0.5319497
c_1_50_913,3.842518,1.2605675
c_1_50_914,12.191687,7.240205
c_1_50_915,9.011818,2.309081
c_1_50_916,8.439471,0.25725508
c_1_50_917,5.94622,-1.287451
c_1_50_918,10.805218,4.1331887
c_1_50_919,11.971677,1.8243351
c_1_50_920,7.566619,2.459554
c_1_50_921,10.918091,3.507444
c_1_50_922,9.0036,1.233264
c_1_50_923,14.597116,2.3687406
c_1_50_924,12.263495,5.447885
c_1_50_925,4.947506,0.7706062
c_1_50_926,12.9113,2.6846855
c_1_50_927,6.4310975,0.74150723
c_1_50_928,5.8535786,0.45282897
c_1_50_929,14.829054,-1.9656216
c_1_50_930,9.35638,1.6600168
c_1_50_931,9.779882,1.55918
c_1_50_932,5.4170504,0.40369767
c_1_50_933,7.540095,2.615902
c_1_50_934,4.4180055,0.55575716
c_1_50_935,10.990712,2.3570187
c_1_50_936,11.705475,7.4414096
c_1_50_937,10.303659,4.456274
c_1_50_938,12.482155,5.177622
c_1_50_939,7.077737,2.9688034
c_1_50_940,7.1867485,1.7950006
c_1_50_941,10.078032,1.7605994
c_1_50_943,5.8190923,2.6490376
c_1_50_944,12.0643635,7.3821893
c_1_50_945,9.005873,3.6752603
c_1_50_946,14.134943,5.2684965
c_1_50_947,4.521051,0.7029831
c_1_50_948,14.724433,4.999855
c_1_50_949,8.096318,1.1086483
c_1_50_950,12.862975,3.9420655
c_1_50_951,12.342476,6.910374
c_1_50_952,5.361774,1.5582241
c_1_50_953,13.540065,1.5467774
c_1_50_954,7.362366,1.5367432
c_1_50_955,13.999963,3.476369
c_1_50_956,4.989956,0.49358135
c_1_50_957,8.739655,2.1203709
c_1_50_958,8.445458,4.776152
c_1_50_959,4.4286723,1.2474598
c_1_50_960,13.274776,5.6040316
c_1_50_961,12.321091,3.151406
c_1_50_962,7.2403297,2.2952538
c_1_50_963,11.61896,4.3214364
c_1_50_964,12.710622,3.11199
c_1_50_965,4.4376264,0.69446194
c_1_50_966,3.4148912,0.596456
c_1_50_967,12.0745945,3.84731
c_1_50_968,13.295006,5.6499395
c_1_50_969,11.690969,5.122353
c_1_50_970,9.1143265,2.2117136
c_1_50_971,9.704487,2.1963058
c_1_50_972,4.326014,0.7918207
c_1_50_973,3.4854062,1.4579253
c_1_50_974,12.434914,0.77071047
c_1_50_975,8.916969,1.0272555
c_1_50_976,5.5374837,0.5700109
c_1_50_977,10.389615,3.2351155
c_1_50_978,11.851509,4.3513885
c_1_50_979,7.7038255,2.7488852
c_1_50_980,12.024475,2.8524127
c_1_50_981,5.7031264,-1.4792768
c_1_50_982,11.213646,2.189113
c_1_50_983,8.674307,2.716874
c_1_50_984,10.426195,1.1687865
c_1_50_985,4.047686,1.5962392
c_1_50_986,15.097286,2.639402
c_1_50_987,15.543475,3.2994967
c_1_50_988,6.597018,1.1273535
c_1_50_989,8.670549,2.1542666
c_1_50_990,9.237688,4.072386
c_1_50_991,13.760284,4.031037
c_1_50_992,12.691691,3.087722
c_1_50_993,11.167586,0.3214602
c_1_50_994,11.414605,1.790828
c_1_50_995,6.474247,0.40182573
c_1_50_996,10.722339,-0.040168412
c_1_50_997,11.483385,3.806559
c_1_50_998,3.9672794,1.4678023
c_1_50_999,14.181768,2.591928
c_1_50_1000,12.080643,5.69107
c_1_50_1002,11.191899,0.5450631
c_1_50_1003,10.953389,2.6727538
c_1_50_1004,10.013448,3.2126267
c_1_50_1005,14.128971,3.0311503
c_1_50_1006,15.026145,2.8388665
c_1_50_1007,8.711208,2.3381722
c_1_50_1008,10.80003,3.4306755
c_1_50_1009,11.876408,1.0897536
c_1_50_1010,8.751359,1.5354608
c_1_50_1011,12.076609,4.1560435
c_1_50_1012,8.048163,2.4861088
c_1_50_1013,11.615175,3.634065
c_1_50_1014,9.240064,1.3824887
c_1_50_1015,8.332738,0.4415972
c_1_50_1016,12.982429,1.2856249
c_1_50_1017,12.941193,2.0799417
c_1_50_1018,11.937155,3.4332209
c_1_50_1019,9.847732,1.4528645
c_1_50_1020,8.777804,2.8279853
c_1_50_1021,13.19579,0.42679712
c_1_50_1022,10.185032,2.454185
c_1_50_1023,7.3362994,2.9291553
c_1_50_1024,9.249418,0.5848695
c_1_50_1025,8.862249,0.40309033
c_1_50_1026,7.926118,1.5242165
c_1_50_1028,13.94642,3.3817272
c_1_50_1029,14.142383,3.5006905
c_1_50_1030,12.891666,4.1144423
c_1_50_1031,7.1533027,2.4672644
c_1_50_1032,13.759298,1.2328523
c_1_50_1033,11.2151165,1.4046232
c_1_50_1034,11.723401,6.702701
c_1_50_1035,12.992047,2.178182
c_1_50_1037,13.235127,-0.8489365
c_1_50_1038,10.782046,4.9128027
c_1_50_1039,14.6347475,3.5272026
c_1_50_1040,11.720984,3.56893
c_1_50_1041,8.265627,1.4455019
c_1_50_1042,6.1072164,1.2086221
c_1_50_1043,11.912758,1.7565454
c_1_50_1044,8.28838,2.9561784
c_1_50_1045,10.597122,2.5694234
c_1_50_1046,10.532203,2.3627505
c_1_50_1047,5.8883724,3.2660863
c_1_50_1048,9.315258,0.5581179
c_1_50_1049,11.152486,2.8330417
c_1_50_1050,10.346427,1.6497692
c_1_50_1051,9.279882,0.6352311
c_1_50_1052,10.636255,1.0456599
c_1_50_1053,10.934798,3.6085806
c_1_50_1054,9.6159115,4.727277
c_1_50_1055,10.482766,2.0900714
c_1_50_1056,12.614175,1.3773996
c_1_50_1057,9.734707,3.1359146
c_1_50_1058,10.95137,0.9174875
c_1_50_1059,8.395398,1.3537347
c_1_50_1060,9.642243,1.9132705
c_1_50_1061,13.027831,1.5652292
c_1_50_1062,11.313512,-1.7573588
c_1_50_1063,14.4272785,-0.9309258
c_1_50_1064,5.2937765,0.45737082
c_1_50_1066,9.821205,2.0401373
c_1_50_1067,13.115271,-0.4171684
c_1_50_1068,12.207698,0.23473479
c_1_50_1069,10.874007,0.572525
c_1_50_1070,8.309712,-0.06292346
c_1_50_1071,11.291264,1.5826836
c_1_50_1072,4.9557257,0.6377716
c_1_50_1073,9.668634,0.7418392
c_1_50_1074,10.746413,-1.486981
c_1_50_1075,10.185545,1.5342524
c_1_50_1076,9.853576,2.2531674
c_1_50_1077,10.106103,-0.73369086
c_1_50_1078,9.054595,3.034671
c_1_50_1079,9.374017,0.74127614
c_1_50_1080,12.837431,4.0206017
c_1_50_1081,9.736047,1.3256274
c_1_50_1082,12.764636,5.4117813
c_1_50_1083,11.402332,-0.25856182
c_1_50_1084,8.872445,0.98086905
c_1_50_1085,12.182144,-1.5563804
c_1_50_1086,10.813002,2.164211
c_1_50_1087,8.483949,2.807545
c_1_50_1088,8.6952915,1.2754369
c_1_50_1089,12.376327,3.516008
c_1_50_1091,10.292237,-1.0365369
c_1_50_1092,14.415618,0.8755723
c_1_50_1093,11.812055,1.4891168
c_1_50_1094,11.735471,2.3880153
c_1_50_1095,15.317842,3.9245224
c_1_50_1096,14.1106825,1.170922
c_1_50_1097,10.848157,3.211368
c_1_50_1098,10.3485,-0.5002498
c_1_50_1099,11.393106,-0.9727541
c_1_50_1100,11.789373,2.2247832
c_1_50_1101,10.487436,1.0750089
c_1_50_1102,8.857221,2.232652
c_1_50_1103,11.979065,2.8246121
c_1_50_1104,13.086001,4.07496
c_1_50_1106,9.671368,-0.20861523
c_1_50_1107,12.672524,0.72621614
c_1_50_1108,9.72824,1.6403955
c_1_50_1109,12.314752,5.129512
c_1_50_1110,7.5804305,2.0859337
c_1_50_1111,13.074467,4.3157697
c_1_50_1112,10.394965,3.4038696
c_1_50_1113,8.909078,-0.22912519
c_1_50_1114,9.309179,-0.5947159
c_1_50_1115,6.263213,1.4192426
c_1_50_1116,8.7271385,1.4427731
c_1_50_1117,10.561448,0.4056076
c_1_50_1118,11.976397,-0.05702986
c_1_50_1119,9.992622,-0.019572204
c_1_50_1120,14.025559,-0.9962911
c_1_50_1121,11.2415695,3.258972
c_1_50_1122,9.7517,3.37045
c_1_50_1123,9.971063,1.0408496
c_1_50_1124,8.158218,2.8094
c_1_50_1125,14.007687,-0.65812427
c_1_50_1126,10.415777,1.6903168
c_1_50_1128,10.950981,4.7038646
c_1_50_1129,9.465543,3.054204
c_1_50_1130,12.423547,3.5909095
c_1_50_1131,10.0956335,1.6875597
c_1_50_1132,9.690087,-1.7142001
c_1_50_1133,11.131586,2.5910814
c_1_50_1134,8.3788395,2.5421693
c_1_50_1135,11.765247,-2.4075038
c_1_50_1136,11.01709,1.6716802
c_1_50_1137,10.703084,-0.42822266
c_1_50_1138,10.068243,0.7347663
c_1_50_1139,9.550718,0.6218161
c_1_50_1140,9.896489,3.0658474
c_1_50_1141,8.849606,-1.0634288
c_1_50_1142,7.5934553,2.6678722
c_1_50_1143,11.265556,-2.1971648
c_1_50_1144,10.393949,-1.5093445
c_1_50_1145,11.724761,1.620501
c_1_50_1146,9.837498,0.92314285
c_1_50_1147,12.392789,2.6273866
c_1_50_1148,10.59084,-1.4621841
c_1_50_1149,10.12511,0.56523275
c_1_50_1150,9.722902,1.9951421
c_1_50_1151,12.714685,4.17695
c_1_50_1152,14.022121,0.9210378
c_1_50_1153,10.728687,0.22552411
c_1_50_1154,10.429509,-2.3598306
c_1_50_1155,9.850235,1.050129
c_1_50_1156,10.052525,-2.0222785
c_1_50_1157,11.830193,-0.008019488
c_1_50_1158,9.707267,-0.62472624
c_1_50_1159,11.107156,0.39804804
c_1_50_1160,8.731054,0.032445792
c_1_50_1161,12.291943,2.741551
c_1_50_1163,11.441802,3.7265491
c_1_50_1164,12.223642,4.952323
c_1_50_1165,7.5270433,2.5875309
c_1_50_1166,8.172886,3.4240313
c_1_50_1167,8.952384,1.5169054
c_1_50_1168,8.900866,-0.51007676
c_1_50_1169,12.981269,-1.1236987
c_1_50_1170,11.151347,3.9584231
c_1_50_1171,8.720277,-1.0875307
c_1_50_1172,9.529189,-0.6238394
c_1_50_1173,7.985567,2.0127673
c_1_50_1174,11.625436,0.04289869
c_1_50_1175,12.4865465,3.3835945
c_1_50_1176,8.820632,-0.024866156
c_1_50_1177,9.055903,0.52922225
c_1_50_1178,4.529137,0.78279936
c_1_50_1179,9.702433,-0.36608136
c_1_50_1180,10.44589,1.4360868
c_1_50_1181,10.059578,3.122495
c_1_50_1182,10.091995,0.9429998
c_1_50_1183,8.89409,1.3534428
c_1_50_1184,9.019188,1.6354582
c_1_50_1185,14.127262,2.5013914
c_1_50_1186,10.352419,-1.0754791
c_1_50_1187,8.310854,2.297277
c_1_50_1188,9.128873,-0.60855824
c_1_50_1189,9.337495,1.5914056
c_1_50_1190,9.928393,-0.5326154
c_1_50_1191,8.542781,2.1057413
c_1_50_1192,11.685711,1.4400703
c_1_50_1193,11.235848,-2.8513856
c_1_50_1194,8.556783,1.3481276
c_1_50_1195,13.803799,-1.6386713
c_1_50_1196,12.117754,0.92604107
c_1_50_1197,8.057072,-0.5322859
c_1_50_1198,10.114584,0.5542135
c_1_50_1199,9.61937,0.8315304
c_1_50_1201,10.956505,-3.2093308
c_1_50_1202,9.988838,1.0949363
c_1_50_1203,12.733615,3.5781162
c_1_50_1204,8.701853,1.461892
c_1_50_1205,9.4338455,2.1611817
c_1_50_1206,13.204934,-0.99608505
c_1_50_1207,8.207757,-0.004644256
c_1_50_1208,9.803638,0.026392352
c_1_50_1209,9.4866495,-0.9000195
c_1_50_1210,10.213027,1.3561777
c_1_50_1211,8.056693,2.7562366
c_1_50_1212,11.948792,3.4206295
c_1_50_1213,11.424726,-2.961921
c_1_50_1214,9.740522,-0.26907974
c_1_50_1215,9.997634,1.3369662
c_1_50_1216,13.468224,3.797602
c_1_50_1218,10.784785,-0.867826
c_1_50_1219,9.816224,1.7353153
c_1_50_1220,9.411657,1.0128715
c_1_50_1221,10.077506,1.2041174
c_1_50_1222,10.277971,-1.0810056
c_1_50_1223,11.498104,1.8280716
c_1_50_1224,8.31079,3.2550778
c_1_50_1225,13.270444,5.5408616
c_1_50_1226,12.026132,-2.8632498
c_1_50_1227,8.464821,-0.48749733
c_1_50_1228,11.994465,4.775726
c_1_50_1229,9.942199,0.2574804
c_1_50_1230,10.003096,0.4748683
c_1_50_1231,8.690476,-1.3517127
c_1_50_1232,11.802868,-3.8256571
c_1_50_1233,9.301542,4.0544653
c_1_50_1234,11.485543,3.575531
c_1_50_1235,11.433909,-1.9976848
c_1_50_1236,14.237038,-0.69142514
c_1_50_1237,9.092583,0.29809147
c_1_50_1238,14.063494,-1.0932097
c_1_50_1239,13.737043,-1.1075313
c_1_50_1240,10.8638115,2.2910633
c_1_50_1241,10.457481,-1.7205411
c_1_50_1242,9.229376,-0.18139717
c_1_50_1243,8.72754,3.9539745
c_1_50_1244,13.6764765,4.130315
c_1_50_1245,11.326404,-3.2442312
c_1_50_1247,11.725054,2.2485528
c_1_50_1248,7.652112,3.9053907
c_1_50_1249,8.064663,3.192456
c_1_50_1250,9.891246,3.0857978
c_1_50_1251,10.137122,-0.2808578
c_1_50_1252,10.477419,-0.04544133
c_1_50_1253,8.617944,-0.4151151
c_1_50_1254,5.5157533,0.31474245
c_1_50_1255,8.625382,0.19813292
c_1_50_1256,10.657644,3.4774284
c_1_50_1257,11.834481,2.420137
c_1_50_1258,8.920217,-0.096575886
c_1_50_1260,8.049969,2.2299776
c_1_50_1261,8.064879,1.2743839
c_1_50_1262,10.67534,-0.3526159
c_1_50_1263,10.261245,1.4204156
c_1_50_1264,9.073752,0.4800714
c_1_50_1265,14.003132,-1.4287789
c_1_50_1266,11.251729,-2.36771
c_1_50_1267,10.070035,-1.526738
c_1_50_1268,8.418118,0.75254446
c_1_50_1269,11.767165,-0.8034607
c_1_50_1270,13.032397,3.6148505
c_1_50_1271,11.1357155,2.6033547
c_1_50_1272,11.711081,0.87822956
c_1_50_1273,9.778768,-0.67855954
c_1_50_1274,10.658412,-0.44310546
c_1_50_1275,14.504209,-1.6234659
c_1_50_1276,10.9223175,2.8605015
c_1_50_1277,9.770852,0.60515815
c_1_50_1278,9.103883,0.9349983
c_1_50_1279,8.333095,1.7497101
c_1_50_1280,8.791891,1.2899137
c_1_50_1281,9.9562025,2.1093497
c_1_50_1282,11.499477,2.3080585
c_1_50_1283,10.992606,2.2528486
c_1_50_1284,7.6040807,2.591721
c_1_50_1285,11.08658,-2.4864347
c_1_50_1286,10.962203,1.4852486
c_1_50_1287,9.117746,0.3921442
c_1_50_1288,13.761587,-1.3413635
c_1_50_1289,9.652152,-0.62472516
c_1_50_1290,6.4574227,-1.5151871
c_1_50_1291,11.344878,1.503279
c_1_50_1292,8.005165,0.49752128
c_1_50_1293,9.923102,0.26265177
c_1_50_1294,9.79354,-0.55160105
c_1_50_1295,8.66977,1.680159
c_1_50_1296,11.426817,3.5813181
c_1_50_1297,8.832173,0.7684826
c_1_50_1298,11.053433,1.0999162
c_1_50_1299,10.018437,0.03715566
c_1_50_1300,11.262852,-2.1712036
c_1_50_1301,11.910973,2.1116734
c_1_50_1302,7.035121,3.8750362
c_1_50_1303,13.729801,-1.5970067
c_1_50_1304,7.69144,2.2070868
c_1_50_1305,11.854802,2.3483782
c_1_50_1306,12.878703,3.5483472
c_1_50_1307,8.43498,1.6105883
c_1_50_1308,10.601883,-2.5263348
c_1_50_1309,7.466918,2.3537133
c_1_50_1310,8.204837,0.8589394
c_1_50_1311,9.36991,-0.77979994
c_1_50_1312,11.658446,0.573565
c_1_50_1313,9.149029,1.1929574
c_1_50_1314,14.045254,3.6577938
c_1_50_1315,11.733327,-0.8325823
c_1_50_1316,8.529893,-0.24522638
c_1_50_1317,10.465236,0.52308685
c_1_50_1318,14.047376,4.6442204
c_1_50_1319,10.863178,-0.65384454
c_1_50_1320,10.092288,-2.753535
c_1_50_1321,5.9043155,-1.9104499
c_1_50_1322,8.936345,0.721398
c_1_50_1323,8.325447,-0.23926453
c_1_50_1324,10.307139,0.18940121
c_1_50_1325,10.754277,3.836553
c_1_50_1326,11.7743435,-3.863586
c_1_50_1327,13.514266,4.7667675
c_1_50_1328,10.730161,-2.774287
c_1_50_1329,11.862106,-0.33766538
c_1_50_1330,9.152189,-1.6135061
c_1_50_1331,14.550178,1.9898556
c_1_50_1332,10.156983,-2.0346658
c_1_50_1333,9.631343,1.0084623
c_1_50_1334,8.233938,3.01619
c_1_50_1335,12.438408,0.4792597
c_1_50_1336,10.186612,-1.7695737
c_1_50_1337,13.695466,4.131225
c_1_50_1338,8.150006,-0.26844156
c_1_50_1339,13.43473,4.2265263
c_1_50_1340,12.624788,2.7961705
c_1_50_1341,8.530048,-0.7217884
c_1_50_1342,11.47631,2.2945406
c_1_50_1343,10.064939,-2.0427527
c_1_50_1344,10.411008,-1.5625867
c_1_50_1345,7.907918,2.1773975
c_1_50_1346,10.692248,-1.4776208
c_1_50_1347,9.674251,-0.14633642
c_1_50_1348,11.375167,4.628485
c_1_50_1349,11.221115,0.6182769
c_1_50_1350,12.688214,1.504769
c_1_50_1351,7.547471,1.5039166
c_1_50_1352,9.236889,0.22264773
c_1_50_1353,3.9091797,0.92973244
c_1_50_1354,9.618398,-0.72123903
c_1_50_1355,14.285842,3.3397079
c_1_50_1356,7.6390004,1.3712398
c_1_50_1357,9.13996,-1.4204738
c_1_50_1358,7.781602,3.5738883
c_1_50_1359,9.612482,-0.77777267
c_1_50_1360,10.046312,1.1503848
c_1_50_1361,11.827693,0.5894268
c_1_50_1362,14.624704,4.006832
c_1_50_1364,11.849817,-0.37992865
c_1_50_1365,9.679192,-0.524617
c_1_50_1366,7.865483,2.3683875
c_1_50_1367,10.688737,-1.001957
c_1_50_1368,10.572787,1.1760262
c_1_50_1369,10.088013,-0.7650697
c_1_50_1370,12.653183,0.04238032
c_1_50_1371,8.853716,0.36363268
c_1_50_1372,8.988149,1.2220252
c_1_50_1373,9.492668,-0.015453615
c_1_50_1374,13.20284,1.5990746
c_1_50_1375,8.23748,2.7161517
c_1_50_1376,13.66363,3.5827775
c_1_50_1377,7.763856,1.7109681
c_1_50_1378,10.310102,-1.1676018
c_1_50_1379,8.799989,-0.078888364
c_1_50_1380,8.238048,0.88001335
c_1_50_1381,12.307469,1.7552963
c_1_50_1382,14.497743,2.9356184
c_1_50_1383,10.596503,0.63164765
c_1_50_1384,10.192835,2.597371
c_1_50_1385,9.775607,1.9584899
c_1_50_1386,11.219076,1.3122598
c_1_50_1387,9.002529,-1.096248
c_1_50_1388,10.824398,0.58608407
c_1_50_1389,10.642921,0.06449798
c_1_50_1390,12.986684,2.2971828
c_1_50_1391,14.823761,4.581559
c_1_50_1392,8.4061575,1.3863893
c_1_50_1393,12.279483,4.0647674
c_1_50_1394,12.492359,0.29897222
c_1_50_1395,8.985883,-0.45956445
c_1_50_1396,9.632252,1.3149037
c_1_50_1397,8.791911,5.0258694
c_1_50_1398,10.729651,-0.82135016
c_1_50_1399,10.556602,2.2227118
c_1_50_1400,10.186083,1.7691242
c_1_50_1401,9.064815,-0.15743078
c_1_50_1402,11.262414,3.1412888
c_1_50_1403,7.684189,3.4564612
c_1_50_1404,10.789725,3.3924332
c_1_50_1405,10.101622,-0.96526
c_1_50_1406,9.064942,0.62146837
c_1_50_1407,10.382925,0.03395635
c_1_50_1408,10.512647,0.784719
c_1_50_1409,12.1989565,5.165313
c_1_50_1410,10.200106,0.9002136
c_1_50_1411,10.774658,-0.5123495
c_1_50_1412,12.386414,-0.2306229
c_1_50_1413,10.153986,-0.44636744
c_1_50_1414,10.09477,3.5354376
c_1_50_1415,6.0847554,3.5015929
c_1_50_1416,10.631761,0.2660151
c_1_50_1417,10.013665,1.4784241
c_1_50_1418,12.651731,3.6766834
c_1_50_1419,7.947882,2.3479307
c_1_50_1420,10.24172,0.17922837
c_1_50_1421,7.227314,-0.7938942
c_1_50_1422,11.091772,-2.7009032
c_1_50_1423,13.364215,3.864591
c_1_50_1424,10.058757,1.3236381
c_1_50_1425,10.35183,0.088802114
c_1_50_1426,9.381094,0.87075996
c_1_50_1429,9.697816,0.75357836
c_1_50_1430,10.308878,1.9744754
c_1_50_1431,9.504813,-0.0566761
c_1_50_1432,7.870834,2.5046024
c_1_50_1433,10.064435,1.8158376
c_1_50_1434,8.194588,1.112224
c_1_50_1435,10.676211,-0.27056023
c_1_50_1436,11.661511,0.14552484
c_1_50_1437,10.5113735,3.1882594
c_1_50_1438,10.111552,0.34154168
c_1_50_1439,13.19536,4.279279
c_1_50_1440,9.97044,-1.0740312
c_1_50_1441,8.75339,0.97871494
c_1_50_1442,7.4364715,2.5515053
c_1_50_1443,7.622822,4.243064
c_1_50_1444,8.975076,-1.9036165
c_1_50_1445,11.601974,2.4220402
c_1_50_1446,11.229058,3.464672
c_1_50_1447,10.249584,-0.1924859
c_1_50_1448,2.539093,0.52029496
c_1_50_1449,13.449432,-0.6859562
c_1_50_1450,13.915924,0.8362195
c_1_50_1451,14.372638,4.051445
c_1_50_1452,10.108769,0.40200847
c_1_50_1454,9.969394,0.7161928
c_1_50_1455,7.584312,2.7458103
c_1_50_1457,10.942575,-0.67497027
c_1_50_1458,9.979189,0.9424664
c_1_50_1459,11.405226,-1.7254852
c_1_50_1460,11.320229,3.9041624
c_1_50_1461,8.738529,0.12916829
c_1_50_1462,9.28924,2.4737074
c_1_50_1463,8.878017,3.2453485
c_1_50_1464,9.952179,0.6729787
c_1_50_1465,10.053359,1.902876
c_1_50_1466,9.23437,1.9770156
c_1_50_1467,8.546674,1.0971206
c_1_50_1468,10.891397,-0.673773
c_1_50_1469,10.803468,1.5390345
c_1_50_1470,11.219075,-1.7432861
c_1_50_1471,10.067288,1.7606773
c_1_50_1472,11.3246765,-0.6133199
c_1_50_1473,10.121023,-2.5107594
c_1_50_1474,13.879526,-0.109821014
c_1_50_1475,7.303899,1.7865213
c_1_50_1476,9.0303545,-1.4624306
c_1_50_1477,9.812712,-2.1206198
c_1_50_1478,14.865954,2.7711077
c_1_50_1479,14.209467,4.643089
c_1_50_1480,9.275065,2.3417237
c_1_50_1481,8.385991,1.0215714
c_1_50_1482,8.644913,1.3782823
c_1_50_1483,6.6701202,2.7023964
c_1_50_1484,11.203802,-3.052553
c_1_50_1485,11.212166,-2.7860496
c_1_50_1486,9.564494,0.6274534
c_1_50_1487,7.5385184,2.1381996
c_1_50_1488,11.134284,-0.011927639
c_1_50_1489,9.971584,1.6308113
c_1_50_1490,9.623569,3.709482
c_1_50_1491,8.834922,1.5399497
c_1_50_1492,7.4292145,2.4249754
c_1_50_1493,8.766655,1.1864629
c_1_50_1494,10.948627,-1.9092287
c_1_50_1495,11.378256,1.3954291
c_1_50_1496,10.732132,0.8381175
c_1_50_1497,11.500475,0.16363594
c_1_50_1498,11.169681,2.9397535
c_1_50_1499,10.212726,0.7303787
c_1_50_1500,4.78043,0.884082
c_1_50_1501,10.965104,1.1758453
c_1_50_1502,9.401433,-1.1562903
c_1_50_1504,10.017377,-0.18661301
c_1_50_1505,11.284268,0.42267922
c_1_50_1506,12.734963,2.9866633
c_1_50_1507,8.948362,0.5257772
c_1_50_1508,10.930467,-2.7450798
c_1_50_1509,9.998881,0.45905975
c_1_50_1510,12.086532,1.6862465
c_1_50_1511,10.632998,-2.7783334
c_1_50_1512,11.409327,-2.4000733
c_1_50_1513,13.687696,4.3546376
c_1_50_1514,6.1312346,2.4614284
c_1_50_1515,10.354191,-3.0955567
c_1_50_1516,10.742002,0.205362
c_1_50_1517,9.353033,1.1212344
c_1_50_1518,12.172626,4.0492167
c_1_50_1519,8.2367935,0.59726185
c_1_50_1520,11.159314,0.34235418
c_1_50_1521,8.269273,0.80315244
c_1_50_1522,9.863258,3.6127038
c_1_50_1523,9.47495,1.3516327
c_1_50_1524,9.367822,-1.5345646
c_1_50_1525,10.885636,-0.2229042
c_1_50_1526,10.553713,-1.6808904
c_1_50_1527,11.457935,1.8254284
c_1_50_1528,10.928534,-2.8657029
c_1_50_1529,8.02862,3.332912
c_1_50_1530,8.582919,-0.1619731
c_1_50_1531,8.568637,0.14231889
c_1_50_1532,10.884971,1.5270576
c_1_50_1534,9.820526,2.4334478
c_1_50_1535,10.820975,1.6744728
c_1_50_1536,10.168669,2.4012206
c_1_50_1537,9.992532,-2.1862316
c_1_50_1538,11.746319,1.4421533
c_1_50_1540,11.610611,-3.1394377
c_1_50_1541,11.709399,-2.8720474
c_1_50_1542,11.944124,-3.471637
c_1_50_1543,10.788746,-1.9817013
c_1_50_1544,11.74367,0.629716
c_1_50_1545,6.8871236,2.5607085
c_1_50_1546,8.626513,-0.41744268
c_1_50_1547,12.660868,1.8430951
c_1_50_1548,11.586146,3.7469108
c_1_50_1549,9.343723,-0.7503997
c_1_50_1550,11.880198,-2.4513516
c_1_50_1551,10.491882,-1.1673859
c_1_50_1552,11.348717,1.7798841
c_1_50_1553,9.29114,-0.56377405
c_1_50_1554,12.825403,1.3642398
c_1_50_1555,7.3933992,4.1221566
c_1_50_1556,10.6336155,1.6266513
c_1_50_1557,10.155268,2.7617707
c_1_50_1558,9.882835,-1.1740115
c_1_50_1559,13.037214,4.4480705
c_1_50_1560,9.8222,0.83047837
c_1_50_1561,8.74105,0.6930885
c_1_50_1562,13.31166,1.9503101
c_1_50_1563,10.855196,2.0865057
c_1_50_1564,7.0298815,2.501596
c_1_50_1565,8.707556,1.4826168
c_1_50_1566,9.3654585,1.1908884
c_1_50_1567,12.249793,5.4935303
c_1_50_1568,9.542868,1.6294005
c_1_50_1569,10.157558,1.5174284
c_1_50_1570,11.676804,-2.6968188
c_1_50_1571,9.864301,0.024603482
c_1_50_1572,11.291321,0.37133276
c_1_50_1573,11.727074,-0.99545217
c_1_50_1574,10.844179,-2.7551343
c_1_50_1575,11.291393,-1.7377075
c_1_50_1576,9.637628,4.4015503
c_1_50_1577,11.150547,-1.0014751
c_1_50_1578,10.390304,-0.5094916
c_1_50_1579,5.773267,2.956321
c_1_50_1580,8.634995,2.2224078
c_1_50_1581,12.610482,3.1566422
c_1_50_1582,11.051001,-1.0520868
c_1_50_1583,10.6862135,-1.9552395
c_1_50_1584,8.247391,0.71924776
c_1_50_1585,6.87229,2.2882667
c_1_50_1586,14.025716,5.176187
c_1_50_1587,7.042645,2.735925
c_1_50_1588,11.987009,-2.7971687
c_1_50_1590,11.813036,0.16653526
c_1_50_1591,11.097713,-0.78405297
c_1_50_1592,11.058934,-0.20865168
c_1_50_1594,10.485653,0.7114881
c_1_50_1595,11.365063,-0.116313964
c_1_50_1596,10.98164,-0.5115905
c_1_50_1598,12.628657,3.026536
c_1_50_1599,10.295865,3.2993455
c_1_50_1600,10.911249,3.5365984
c_1_50_1601,11.59024,-0.72182655
c_1_50_1603,11.137716,-0.09114214
c_1_50_1604,9.375547,2.2712104
c_1_50_1605,12.382854,3.1394851
c_1_50_1606,10.654168,0.1712337
c_1_50_1607,13.203401,2.7253458
c_1_50_1608,10.9112425,-2.0831394
c_1_50_1609,11.117614,0.5092034
c_1_50_1610,9.247754,-1.0504074
c_1_50_1611,8.905474,-0.60559773
c_1_50_1612,13.108478,3.8204355
c_1_50_1613,10.876331,-2.675178
c_1_50_1614,10.923917,0.7229471
c_1_50_1615,9.106457,2.0732667
c_1_50_1616,11.130731,-0.13613497
c_1_50_1617,8.193294,4.022522
c_1_50_1618,9.2432375,1.8720145
c_1_50_1619,10.455494,-0.16701983
c_1_50_1620,7.238791,2.6237812
c_1_50_1621,9.041947,0.7621667
c_1_50_1622,6.1880693,2.5337188
c_1_50_1623,9.89613,1.2220417
c_1_50_1624,13.356462,0.804617
c_1_50_1625,10.053679,0.3321716
c_1_50_1626,10.471888,3.829319
c_1_50_1627,8.422353,1.8776678
c_1_50_1628,9.623755,0.8980364
c_1_50_1629,9.502996,0.45044646
c_1_50_1630,8.614922,1.002076
c_1_50_1631,8.9608965,0.8998597
c_1_50_1632,9.024149,-1.0493106
c_1_50_1633,9.927079,0.4884526
c_1_50_1634,9.259812,-0.39728826
c_1_50_1635,10.319085,-2.1218712
c_1_50_1636,11.502824,-2.8597798
c_1_50_1637,6.8645854,2.6239004
c_1_50_1638,14.382314,3.8197048
c_1_50_1639,10.7795315,-0.298023
c_1_50_1640,10.28096,0.14341539
c_1_50_1641,10.258243,-0.05797916
c_1_50_1642,11.699911,0.43259278
c_1_50_1643,8.899572,1.3582627
c_1_50_1644,10.32583,-0.60037225
c_1_50_1645,8.689384,1.1182214
c_1_50_1646,11.02104,-2.312411
c_1_50_1647,11.128388,1.9199511
c_1_50_1648,11.6494875,-3.455268
c_1_50_1649,11.491836,-1.5666854
c_1_50_1650,11.642769,-3.496968
c_1_50_1651,11.323039,-2.9606967
c_1_50_1652,11.942961,-0.8918328
c_1_50_1653,11.418692,1.2565811
c_1_50_1654,11.462261,-1.3885056
c_1_50_1655,9.608473,2.3081927
c_1_50_1656,9.27966,2.9045436
c_1_50_1657,11.671128,-1.0266999
c_1_50_1658,11.648544,-2.468112
c_1_50_1659,7.910367,1.8403528
c_1_50_1660,14.009313,1.362178
c_1_50_1661,10.502624,-1.9076879
c_1_50_1662,11.093583,5.594738
c_1_50_1663,13.173804,2.5616224
c_1_50_1664,12.271501,3.283043
c_1_50_1665,12.443861,5.4734983
c_1_50_1666,10.113013,1.8297099
c_1_50_1667,10.716042,-0.6323087
c_1_50_1668,10.83089,0.90169555
c_1_50_1669,11.55799,-1.981226
c_1_50_1670,5.8506007,3.2263882
c_1_50_1671,10.629457,-1.5888273
c_1_50_1672,8.727883,0.6529323
c_1_50_1673,13.352024,0.7314929
c_1_50_1674,9.063579,0.01878748
c_1_50_1675,9.282715,1.0364302
c_1_50_1676,13.3251505,3.252802
c_1_50_1677,14.212315,-0.54390717
c_1_50_1678,12.710192,1.659269
c_1_50_1679,9.604286,2.3662658
c_1_50_1680,10.638051,-1.8666903
c_1_50_1681,11.807587,-0.519961
c_1_50_1682,11.995405,-0.17033604
c_1_50_1683,14.892872,3.4282906
c_1_50_1684,6.2220984,2.347264
c_1_50_1685,10.400491,0.37445664
c_1_50_1686,8.64755,-0.9504146
c_1_50_1687,14.417536,3.2622738
c_1_50_1688,12.093615,2.4707093
c_1_50_1689,8.473337,-0.07137735
c_1_50_1690,10.777343,-1.0465695
c_1_50_1691,11.830546,-3.1395946
c_1_50_1692,7.127269,2.4169574
c_1_50_1693,12.328471,2.023391
c_1_50_1694,10.253158,1.3382279
c_1_50_1695,11.651536,0.96710366
c_1_50_1697,14.589327,1.2500328
c_1_50_1698,10.304884,-0.5659921
c_1_50_1699,11.699392,1.2190802
c_1_50_1700,14.070979,0.85769624
c_1_50_1701,9.943219,2.0148368
c_1_50_1702,8.6099,-0.08778647
c_1_50_1703,10.737091,0.8491555
c_1_50_1704,9.986357,1.3775678
c_1_50_1705,10.198815,-0.988756
c_1_50_1706,11.950968,1.3193517
c_1_50_1707,9.4875145,-0.5785583
c_1_50_1708,10.967163,-1.6034722
c_1_50_1709,7.8761706,0.8666862
c_1_50_1710,7.571447,2.3998828
c_1_50_1711,10.431076,-0.18715732
c_1_50_1712,11.140112,-0.30708557
c_1_50_1713,10.876536,-0.6954145
c_1_50_1714,6.713765,2.3900626
c_1_50_1715,8.814991,0.5818151
c_1_50_1716,12.65423,2.8277571
c_1_50_1717,13.718919,1.416326
c_1_50_1718,9.03162,2.9626827
c_1_50_1719,9.048864,1.123445
c_1_50_1720,8.792713,0.90220225
c_1_50_1721,10.174122,1.7057855
c_1_50_1722,7.8298807,0.76522005
c_1_50_1723,10.178247,0.683497
c_1_50_1724,13.947117,1.3088086
c_1_50_1725,11.928264,-3.4699783
c_1_50_1726,9.920909,0.72717506
c_1_50_1727,9.569899,2.6685174
c_1_50_1728,9.100704,-1.1118592
c_1_50_1729,10.985968,1.3960898
c_1_50_1730,10.749555,-1.4965572
c_1_50_1731,10.146774,0.3588634
c_1_50_1733,12.239415,3.9856188
c_1_50_1734,11.980854,-2.4257512
c_1_50_1735,10.768428,-2.5268784
c_1_50_1736,11.015898,0.28768918
c_1_50_1737,11.323518,-3.396199
c_1_50_1739,9.342073,-0.43584383
c_1_50_1740,10.985539,-3.2656891
c_1_50_1741,11.150415,-1.3268348
c_1_50_1742,10.644917,2.032687
c_1_50_1743,7.2416205,3.0563753
c_1_50_1744,10.093284,-1.8882992
c_1_50_1745,12.67304,3.728231
c_1_50_1746,10.200324,0.27766398
c_1_50_1747,8.68143,0.6686489
c_1_50_1748,10.527253,-2.4614666
c_1_50_1749,10.950492,-1.2676886
c_1_50_1750,8.859859,1.2421826
c_1_50_1751,8.852427,-0.37475762
c_1_50_1752,11.217322,0.030774748
c_1_50_1753,13.530777,1.0659746
c_1_50_1754,9.249149,-1.392039
c_1_50_1755,13.245426,0.83092546
c_1_50_1756,10.543891,0.12523565
c_1_50_1757,14.105693,-1.702542
c_1_50_1758,12.687961,-1.1565413
c_1_50_1759,10.330715,1.6995249
c_1_50_1760,8.753336,2.452441
c_1_50_1761,6.4883366,2.8824477
c_1_50_1762,9.364382,-0.3489638
c_1_50_1763,11.589583,0.46871984
c_1_50_1764,5.7174,2.3043113
c_1_50_1765,9.850947,0.46967956
c_1_50_1766,11.19517,-1.0232067
c_1_50_1767,11.686975,1.0352124
c_1_50_1768,9.356515,-0.33268046
c_1_50_1769,11.024561,1.2460297
c_1_50_1770,9.283363,0.8153606
c_1_50_1771,10.596735,0.7281952
c_1_50_1772,11.327946,-2.9149415
c_1_50_1773,13.959194,4.60847
c_1_50_1774,9.603817,2.2324228
c_1_50_1775,12.037437,-3.397689
c_1_50_1776,12.20484,1.1453671
c_1_50_1777,9.848088,-1.5900759
c_1_50_1778,12.835019,0.9385277
c_1_50_1779,11.18183,-2.6587114
c_1_50_1780,6.8194747,2.4010086
c_1_50_1781,8.989872,2.5964582
c_1_50_1782,11.838428,-2.5501204
c_1_50_1783,10.014903,0.681479
c_1_50_1784,10.978159,-0.39085165
c_1_50_1785,9.492913,1.0809865
c_1_50_1786,9.970188,-0.45291597
c_1_50_1787,9.364862,-0.7477546
c_1_50_1788,9.195275,-1.5293808
c_1_50_1789,10.81452,0.41773242
c_1_50_1790,8.694255,3.8848367
c_1_50_1791,11.539378,-2.051705
c_1_50_1792,10.225588,0.4918923
c_1_50_1793,11.796288,-3.0390522
c_1_50_1794,11.397734,-3.5816135
c_1_50_1795,9.080409,4.753986
c_1_50_1796,10.265319,-1.7306945
c_1_50_1797,11.143258,-0.78193265
c_1_50_1799,8.763167,-0.45364743
c_1_50_1800,11.274989,-1.1438471
c_1_50_1801,11.062013,0.7595148
c_1_50_1802,8.276266,2.6222634
c_1_50_1803,11.893785,-0.377315
c_1_50_1804,9.972539,-2.1842542
c_1_50_1805,9.671908,-1.5918154
c_1_50_1806,9.955272,-0.83106166
c_1_50_1807,11.362546,-3.4706223
c_1_50_1809,10.649504,1.098444
c_1_50_1810,13.135565,-0.28234336
c_1_50_1811,11.1388235,-1.1103593
c_1_50_1812,10.711561,0.17061903
c_1_50_1813,9.889884,0.9602276
c_1_50_1814,8.554893,-0.8292899
c_1_50_1815,8.707215,-0.9099972
c_1_50_1816,10.688002,-0.77015597
c_1_50_1818,10.999986,-0.96899766
c_1_50_1819,10.39712,-0.239663
c_1_50_1820,10.894549,-0.12448035
c_1_50_1821,11.62352,-2.9241414
c_1_50_1822,10.075384,1.8843578
c_1_50_1823,9.437398,-1.3479582
c_1_50_1824,9.548177,1.552827
c_1_50_1825,7.511642,3.6365488
c_1_50_1826,10.684323,0.49036074
c_1_50_1827,10.605507,-0.43598938
c_1_50_1828,10.633498,-0.696597
c_1_50_1829,10.218593,-1.3044662
c_1_50_1830,6.1089544,2.5466814
c_1_50_1831,9.8946295,0.016323365
c_1_50_1832,11.073758,-0.12683725
c_1_50_1833,11.18004,-1.8002963
c_1_50_1835,11.520048,-1.9266287
c_1_50_1836,9.521498,-1.3117914
c_1_50_1837,12.36683,7.968691
c_1_50_1838,11.146421,2.7291543
c_1_50_1840,10.945874,-0.7556155
c_1_50_1841,12.838752,1.858562
c_1_50_1842,12.1246805,1.2534565
c_1_50_1843,10.9187765,0.09188901
c_1_50_1844,4.4282727,1.4523537
c_1_50_1845,11.876058,-2.7711358
c_1_50_1846,10.093903,1.4326397
c_1_50_1847,7.5827994,3.1305792
c_1_50_1848,13.83991,2.0591002
c_1_50_1849,10.851975,1.9055247
c_1_50_1850,10.410939,-1.2985699
c_1_50_1851,11.787739,-1.2794373
c_1_50_1852,10.418681,1.5751947
c_1_50_1853,9.176959,2.5094974
c_1_50_1854,11.845739,-0.7130356
c_1_50_1855,11.462341,1.1268883
c_1_50_1856,6.0651426,2.6495478
c_1_50_1857,9.325285,2.0892105
c_1_50_1858,9.2009325,-1.6983831
c_1_50_1859,9.050437,2.063423
c_1_50_1860,8.521105,0.3628292
c_1_50_1861,5.786821,3.103649
c_1_50_1862,9.365843,0.63877505
c_1_50_1863,9.88332,-0.1832908
c_1_50_1864,10.549931,-0.11052663
c_1_50_1865,10.305324,-2.2209308
c_1_50_1866,8.649353,1.1973468
c_1_50_1867,11.437927,0.35146034
c_1_50_1868,11.310653,1.2477043
c_1_50_1869,10.092475,1.1064197
c_1_50_1870,15.414001,3.2098455
c_1_50_1871,9.040061,2.4814892
c_1_50_1872,11.055959,-1.1039045
c_1_50_1873,10.969389,-0.03127073
c_1_50_1874,8.940477,2.4688232
c_1_50_1875,8.881986,0.13401069
c_1_50_1876,9.406133,1.1241347
c_1_50_1877,8.77912,-0.37224612
c_1_50_1879,10.549547,-0.3825783
c_1_50_1880,11.555882,-0.84291756
c_1_50_1881,8.908329,0.41923004
c_1_50_1882,10.578172,0.93855965
c_1_50_1883,10.076818,-1.6582048
c_1_50_1884,9.084463,2.4994535
c_1_50_1885,10.638797,-2.4904044
c_1_50_1886,11.802623,-0.25552666
c_1_50_1887,8.975881,0.17171104
c_1_50_1888,9.622612,0.3475217
c_1_50_1889,9.719504,1.5099077
c_1_50_1890,10.929772,0.86317885
c_1_50_1891,8.935529,-0.6745582
c_1_50_1892,9.804531,1.274731
c_1_50_1893,9.221215,1.6922127
c_1_50_1894,8.808872,0.09803903
c_1_50_1895,10.565212,-0.41816297
c_1_50_1896,9.557757,-0.53072304
c_1_50_1897,10.078535,0.8329661
c_1_50_1898,10.751333,0.2641161
c_1_50_1899,10.785861,0.6141958
c_1_50_1900,11.459006,-0.7114508
c_1_50_1901,11.291263,0.5226275
c_1_50_1902,8.631942,3.0719156
c_1_50_1903,10.217429,0.33427536
c_1_50_1904,9.848062,0.22819941
c_1_50_1905,5.0391736,1.2576189
c_1_50_1906,12.032389,0.4630796
c_1_50_1907,13.207879,0.7531465
c_1_50_1908,8.36091,4.913051
c_1_50_1909,9.526216,-0.21490341
c_1_50_1910,12.803943,1.3895448
c_1_50_1911,14.888189,1.240039
c_1_50_1912,7.745989,1.151466
c_1_50_1913,10.498464,-1.2610528
c_1_50_1914,10.561781,0.19487934
c_1_50_1915,13.867368,0.73642737
c_1_50_1917,10.52989,1.2747865
c_1_50_1918,11.636641,-0.3000716
c_1_50_1919,8.864839,1.466401
c_1_50_1920,10.4338255,1.1397672
c_1_50_1921,3.0375586,0.9340908
c_1_50_1922,11.978604,-0.6422591
c_1_50_1923,10.58165,0.19789405
c_1_50_1924,10.559142,-2.0176897
c_1_50_1925,11.414669,1.3792357
c_1_50_1926,11.236898,-2.3698528
c_1_50_1927,10.865422,-1.6363591
c_1_50_1928,8.559804,-1.027797
c_1_50_1929,9.389922,1.4551377
c_1_50_1930,7.6322455,3.6851819
c_1_50_1931,12.545696,1.6898929
c_1_50_1932,11.106595,2.6274774
c_1_50_1933,9.8445425,0.36172798
c_1_50_1934,11.168004,-0.45990232
c_1_50_1935,9.907424,0.25100487
c_1_50_1936,10.135352,-0.8034981
c_1_50_1937,9.651113,-0.37044263
c_1_50_1938,9.617192,1.3938317
c_1_50_1939,9.951082,-0.64256793
c_1_50_1940,11.833755,2.3931568
c_1_50_1941,11.187649,-0.4903411
c_1_50_1942,9.3744955,2.9646175
c_1_50_1943,6.536738,2.8187501
c_1_50_1944,9.493445,0.8144437
c_1_50_1945,6.250606,2.6475952
c_1_50_1946,10.640306,-0.10410152
c_1_50_1947,11.556565,-0.18927848
c_1_50_1948,9.938271,-2.3069808
c_1_50_1949,9.451841,1.9948766
c_1_50_1950,11.711253,-3.7576928
c_1_50_1951,9.114613,-1.3623582
c_1_50_1952,10.060735,-1.8334785
c_1_50_1953,9.71145,-1.6755898
c_1_50_1954,9.5543585,-0.62464225
c_1_50_1955,9.5973015,0.040043503
c_1_50_1956,11.340414,-3.247389
c_1_50_1957,9.320539,1.8599055
c_1_50_1958,8.728527,3.671986
c_1_50_1959,11.736843,0.15742546
c_1_50_1960,10.897979,-0.57003576
c_1_50_1961,10.397623,0.7075213
c_1_50_1962,14.1421585,1.3129008
c_1_50_1963,10.968425,1.987394
c_1_50_1964,9.455485,-0.9341575
c_1_50_1965,8.359488,4.54444
c_1_50_1966,10.494362,1.4061066
c_1_50_1967,11.134219,0.18852046
c_1_50_1968,10.911109,0.713841
c_1_50_1969,10.736821,-2.0912113
c_1_50_1970,8.847448,-1.2201774
c_1_50_1971,9.777968,-0.42352343
c_1_50_1972,10.160219,-0.9486293
c_1_50_1973,11.254163,-0.91770256
c_1_50_1974,9.281939,0.84628
c_1_50_1975,9.246833,3.3294654
c_1_50_1976,12.109767,3.06132
c_1_50_1977,8.965705,-0.22308232
c_1_50_1978,9.480393,-0.5220386
c_1_50_1979,11.670901,-0.28640535
c_1_50_1980,13.323774,0.6324384
c_1_50_1981,10.692103,-0.7597164
c_1_50_1982,11.302906,-0.73756415
c_1_50_1983,10.996663,0.26871133
c_1_50_1984,8.79992,1.0745982
c_1_50_1985,11.002648,-2.4986746
c_1_50_1986,11.677572,1.504157
c_1_50_1987,8.779547,-0.35205358
c_1_50_1988,9.72721,1.3048973
c_1_50_1989,12.727093,0.95653546
c_1_50_1990,9.315104,3.4372404
c_1_50_1991,8.617027,2.3105404
c_1_50_1992,9.430254,1.2252053
c_1_50_1993,8.942179,-0.7315783
c_1_50_1994,8.18899,3.652428
c_1_50_1995,11.4212055,3.6963866
c_1_50_1996,9.088418,-1.2236181
c_1_50_1997,10.449566,-0.3591785
c_1_50_1998,10.466233,-0.2900757
c_1_50_1999,11.686938,-3.8908145
c_1_50_2001,10.242774,0.54830396
c_1_50_2002,10.777281,-1.8265917
c_1_50_2003,9.019686,3.0470405
c_1_50_2004,12.614433,0.88489026
c_1_50_2005,12.604865,7.197065
c_1_50_2006,10.918252,-0.44123414
c_1_50_2007,9.166977,0.884207
c_1_50_2008,9.138915,1.8137823
c_1_50_2009,13.186967,1.5865859
c_1_50_2010,9.117302,-1.5238019
c_1_50_2011,11.076057,-1.4439188
c_1_50_2012,10.112131,1.0968407
c_1_50_2013,8.45582,0.3734449
c_1_50_2014,11.356033,-0.43698823
c_1_50_2015,9.91944,-2.2840452
c_1_50_2016,8.395663,0.9096228
c_1_50_2017,11.504307,-1.9006096
c_1_50_2018,10.230238,-0.97602165
c_1_50_2019,9.971229,1.0768757
c_1_50_2020,8.625245,-0.2913106
c_1_50_2021,13.673076,2.4845042
c_1_50_2022,8.968741,1.3557459
c_1_50_2023,12.673384,-0.13029462
c_1_50_2024,10.77577,0.11259547
c_1_50_2025,11.747674,-3.110036
c_1_50_2026,10.65659,3.6388645
c_1_50_2027,10.988519,1.0176846
c_1_50_2028,14.571267,5.4306636
c_1_50_2029,12.539158,1.0303514
c_1_50_2030,10.260625,0.68376446
c_1_50_2031,11.649036,-1.2564723
c_1_50_2032,8.738596,2.2822196
c_1_50_2033,9.642617,0.828652
c_1_50_2034,8.623214,0.4869932
c_1_50_2035,11.381485,-1.839462
c_1_50_2036,9.60838,-1.4412024
c_1_50_2037,9.37792,5.0204954
c_1_50_2038,10.309687,1.7668523
c_1_50_2039,9.746966,-0.73950195
c_1_50_2040,10.101015,0.4221767
c_1_50_2041,8.988057,1.2531624
c_1_50_2042,11.600048,-1.4516865
c_1_50_2043,12.05822,1.5260392
c_1_50_2044,12.380556,4.5900636
c_1_50_2045,10.940962,0.34401807
c_1_50_2046,10.73611,-2.7607434
c_1_50_2047,11.592251,-3.1247878
c_1_50_2048,9.919637,-0.19532755
c_1_50_2049,8.593867,0.60390073
c_1_50_2050,10.497677,2.4298744
c_1_50_2051,13.32358,1.8141247
c_1_50_2052,10.7968,-1.5510061
c_1_50_2053,8.511378,-0.7675249
c_1_50_2054,9.209004,0.74984366
c_1_50_2055,11.378309,-2.3490644
c_1_50_2056,10.671695,1.4454697
c_1_50_2057,13.728428,3.5598006
c_1_50_2058,11.177293,0.637233
c_1_50_2059,10.792623,-2.2899
c_1_50_2060,9.483374,0.83788574
c_1_50_2061,11.395881,-0.20772369
c_1_50_2062,10.571498,2.1465495
c_1_50_2063,10.429892,0.2907292
c_1_50_2064,11.511685,-2.3685098
c_1_50_2065,8.492849,-0.043072134
c_1_50_2066,9.016975,-0.099632986
c_1_50_2067,6.886293,0.8968151
c_1_50_2068,9.170951,0.89078707
c_1_50_2069,7.6477237,1.3733796
c_1_50_2070,7.8749065,0.17608929
c_1_50_2071,9.251438,-0.9784026
c_1_50_2072,9.165135,0.6125347
c_1_50_2073,11.340584,1.2746593
c_1_50_2074,10.863421,-0.4409424
c_1_50_2075,10.515568,-0.22831643
c_1_50_2076,10.095554,1.6881438
c_1_50_2077,12.023738,1.3990132
c_1_50_2078,9.550168,1.0031921
c_1_50_2079,8.534867,0.8878363
c_1_50_2080,12.064192,-2.765448
c_1_50_2081,10.200777,0.47440958
c_1_50_2082,11.512258,-3.7512126
c_1_50_2083,9.293338,1.5517282
c_1_50_2084,9.392155,-0.121745184
c_1_50_2085,9.664323,2.9466507
c_1_50_2086,10.915818,1.2376757
c_1_50_2087,10.158553,1.3108262
c_1_50_2088,12.280539,4.091866
c_1_50_2089,11.547811,-1.1119708
c_1_50_2090,8.624034,-0.81705046
c_1_50_2091,9.527058,1.2017535
c_1_50_2092,10.374614,1.2637826
c_1_50_2093,8.3136,1.8630799
c_1_50_2094,10.171374,0.15347484
c_1_50_2095,9.423154,-1.0790052
c_1_50_2096,8.600876,0.67844087
c_1_50_2097,10.8344755,3.800839
c_1_50_2098,11.785839,-1.5229667
c_1_50_2099,9.1701145,-0.575889
c_1_50_2100,11.646186,-0.78977376
c_1_50_2101,12.198746,2.0732968
c_1_50_2102,8.439203,4.3341665
c_1_50_2103,8.855167,0.62666005
c_1_50_2104,8.438554,2.345096
c_1_50_2105,8.253116,3.2714376
c_1_50_2106,12.068807,0.8934505
c_1_50_2107,11.738286,-3.8033314
c_1_50_2108,11.093948,0.7935071
c_1_50_2109,8.733706,3.7362409
c_1_50_2110,8.998296,2.586433
c_1_50_2111,12.081013,-1.674072
c_1_50_2112,10.469447,2.0931883
c_1_50_2113,6.249469,3.0944662
c_1_50_2114,12.1743145,7.3848333
c_1_50_2115,12.281106,2.889272
c_1_50_2116,8.976844,-1.0340565
c_1_50_2117,10.795665,0.047466986
c_1_50_2118,8.029403,3.0738063
c_1_50_2119,11.564425,-2.6539578
c_1_50_2120,11.970173,-3.2656991
c_1_50_2121,11.899613,0.7195522
c_1_50_2122,10.304697,-0.033675816
c_1_50_2123,10.072316,-1.809118
c_1_50_2124,10.349293,-2.1027296
c_1_50_2125,11.534111,-2.3607929
c_1_50_2126,5.738402,1.3242788
c_1_50_2127,9.115851,0.6283687
c_1_50_2128,10.409393,-0.6295569
c_1_50_2129,10.770347,3.2449794
c_1_50_2130,8.899266,1.2558473
c_1_50_2131,10.062473,2.4460764
c_1_50_2132,12.861752,3.9109972
c_1_50_2133,11.247752,-0.618887
c_1_50_2134,11.30154,1.1423471
c_1_50_2135,11.833521,-3.509781
c_1_50_2136,8.9185295,-0.72752875
c_1_50_2137,11.968414,-1.5598583
c_1_50_2138,10.113659,-0.10744241
c_1_50_2139,9.317481,-0.03374067
c_1_50_2140,11.559176,-2.5804238
c_1_50_2141,15.080371,2.4967453
c_1_50_2142,11.210851,-1.8379512
c_1_50_2143,10.71527,-0.9504547
c_1_50_2144,10.789759,0.97350675
c_1_50_2145,8.0287285,2.120125
c_1_50_2146,11.807555,0.77711767
c_1_50_2147,11.0213375,-2.6213782
c_1_50_2148,9.113278,2.2838202
c_1_50_2149,12.007416,-1.154453
c_1_50_2150,7.5655313,2.76563
c_1_50_2151,10.85865,-0.7911126
c_1_50_2152,9.743977,0.74490494
c_1_50_2153,7.0999956,3.9157646
c_1_50_2155,11.977122,0.5335084
c_1_50_2156,12.036221,0.9313897
c_1_50_2157,9.331709,1.7207562
c_1_50_2158,8.69827,-0.2793126
c_1_50_2159,9.724367,2.5964174
c_1_50_2160,11.420178,1.9003586
c_1_50_2161,9.221507,-0.07540674
c_1_50_2162,9.561909,2.617015
c_1_50_2163,8.861679,1.6041632
c_1_50_2164,13.808936,0.9882845
c_1_50_2165,8.607811,-0.422342
c_1_50_2167,11.277279,-1.1627394
c_1_50_2168,10.645302,2.0961125
c_1_50_2169,10.002225,-0.5321934
c_1_50_2170,13.98096,1.6942087
c_1_50_2171,12.082501,-0.85909593
c_1_50_2172,11.293287,1.0097488
c_1_50_2173,10.489338,0.072109416
c_1_50_2174,7.1248064,3.7687743
c_1_50_2175,10.477159,2.362783
c_1_50_2176,10.024614,-0.5987739
c_1_50_2177,10.65373,-2.8972304
c_1_50_2178,11.813817,-3.5025976
c_1_50_2179,14.7880745,1.018489
c_1_50_2180,9.19868,0.60514313
c_1_50_2181,10.836668,-2.4513307
c_1_50_2182,10.924022,-0.4556759
c_1_50_2183,11.4922905,0.3126819
c_1_50_2184,9.0877075,1.4802672
c_1_50_2185,10.906398,-3.097704
c_1_50_2186,11.797404,-3.3678057
c_1_50_2187,12.630931,3.049727
c_1_50_2188,10.838665,-2.3407974
c_1_50_2189,11.842883,-3.1359944
c_1_50_2191,13.272031,3.1094522
c_1_50_2192,9.285523,0.61728275
c_1_50_2193,9.74298,2.1339822
c_1_50_2194,7.8590775,4.4996033
c_1_50_2195,8.92289,1.8572093
c_1_50_2196,12.76169,-1.6823901
c_1_50_2197,8.382011,-0.5424537
c_1_50_2198,9.911171,2.4807255
c_1_50_2199,11.88232,-1.6968714
c_1_50_2200,9.895934,-1.2947054
c_1_50_2201,9.877486,-0.6564663
c_1_50_2202,13.01952,1.1338649
c_1_50_2203,11.0175905,-0.8108769
c_1_50_2204,11.742906,-1.1434456
c_1_50_2205,8.80835,0.4800027
c_1_50_2206,10.570591,1.0474995
c_1_50_2207,12.292971,0.37727043
c_1_50_2208,7.9648023,2.3792496
c_1_50_2209,8.637799,0.43861172
c_1_50_2210,8.5372505,1.4757453
c_1_50_2211,8.960097,-0.9326366
c_1_50_2212,8.8038845,1.3799173
c_1_50_2213,11.195493,-2.762505
c_1_50_2214,11.467874,-1.163312
c_1_50_2215,11.112119,-1.2636782
c_1_50_2216,10.039718,0.5583959
c_1_50_2217,12.063216,2.7592325
c_1_50_2218,8.711584,3.134229
c_1_50_2219,10.024242,0.25737023
c_1_50_2220,9.53658,-1.3850625
c_1_50_2221,13.991393,-0.34306726
c_1_50_2222,9.720599,-0.6697853
c_1_50_2223,8.021537,1.3800234
c_1_50_2224,10.567913,-2.0011148
c_1_50_2225,10.684217,0.34394535
c_1_50_2226,10.1002655,2.0882027
c_1_50_2227,10.629329,0.54988295
c_1_50_2228,10.378236,-1.0654104
c_1_50_2229,10.303043,1.7397046
c_1_50_2230,8.329864,1.2623087
c_1_50_2231,11.413324,0.70890796
c_1_50_2233,8.323013,0.560886
c_1_50_2234,10.213906,-1.9025489
c_1_50_2235,9.454642,2.983383
c_1_50_2236,10.561432,-2.532954
c_1_50_2237,10.341555,-0.34775364
c_1_50_2238,11.2592945,-1.2948636
c_1_50_2239,9.504829,0.4919295
c_1_50_2240,9.634158,-1.8973659
c_1_50_2241,9.739502,0.92404133
c_1_50_2242,13.1830015,4.636749
c_1_50_2243,12.936037,2.6627257
c_1_50_2244,8.214768,0.73418945
c_1_50_2245,10.400192,-0.20866515
c_1_50_2246,9.43495,3.2022107
c_1_50_2247,9.767326,1.4577405
c_1_50_2248,8.053373,1.4522228
c_1_50_2249,14.473678,3.7959826
c_1_50_2250,8.818141,-0.22570935
c_1_50_2251,11.945347,-0.033287656
c_1_50_2252,8.636011,2.7806756
c_1_50_2253,11.370751,0.27313435
c_1_50_2254,9.018605,1.6323607
c_1_50_2255,7.831467,-0.22931395
c_1_50_2256,11.318076,-3.0868008
c_1_50_2257,11.586314,-2.7071404
c_1_50_2258,13.467767,0.86951524
c_1_50_2259,11.693778,-0.8813962
c_1_50_2260,10.968747,-0.19172801
c_1_50_2261,8.437234,0.53149605
c_1_50_2262,9.525755,-2.2346773
c_1_50_2263,10.257929,-0.58360267
c_1_50_2264,9.78455,-1.9393215
c_1_50_2265,9.878656,-0.3646547
c_1_50_2266,10.492055,-1.8843576
c_1_50_2267,10.783512,-1.1187458
c_1_50_2268,10.375409,-2.7587602
c_1_50_2269,11.0962305,0.59626853
c_1_50_2270,9.186287,0.7936702
c_1_50_2271,9.535613,0.41258168
c_1_50_2272,8.964722,-0.9830702
c_1_50_2273,9.347853,0.63772404
c_1_50_2274,11.679291,1.1944076
c_1_50_2275,12.402755,-0.24545385
c_1_50_2276,9.905167,-0.3569753
c_1_50_2277,9.463609,0.37648487
c_1_50_2278,14.773406,4.3226023
c_1_50_2279,13.254458,3.411603
c_1_50_2280,11.341653,-0.5310183
c_1_50_2281,11.220532,2.6885045
c_1_50_2282,9.3641205,2.678133
c_1_50_2283,9.494326,0.14102238
c_1_50_2284,10.836869,-0.029288894
c_1_50_2285,9.266622,1.5466652
c_1_50_2287,11.207819,0.72290546
c_1_50_2288,9.524748,-0.114095904
c_1_50_2289,13.599631,2.1618261
c_1_50_2290,8.862038,2.1214893
c_1_50_2291,11.067822,-0.40305564
c_1_50_2292,9.745688,-0.77935904
c_1_50_2293,8.748101,0.00798961
c_1_50_2294,10.012758,-0.93658984
c_1_50_2295,14.077547,4.893181
c_1_50_2296,8.975954,0.5496123
c_1_50_2297,12.381059,0.036543403
c_1_50_2298,10.74971,-0.846543
c_1_50_2299,10.568354,-0.8737958
c_1_50_2300,10.853554,0.011751909
c_1_50_2301,9.838659,0.13384423
c_1_50_2302,14.723611,2.7224674
c_1_50_2303,11.935762,-1.4506038
c_1_50_2304,11.130532,-2.568414
c_1_50_2305,11.227598,0.020650567
c_1_50_2306,11.5223255,-1.837346
c_1_50_2307,8.70632,0.5974612
c_1_50_2308,11.114925,-1.4014001
c_1_50_2309,11.357994,-0.47136635
c_1_50_2310,9.560848,4.3215723
c_1_50_2311,5.289131,0.3444542
c_1_50_2312,11.545009,-1.9159266
c_1_50_2313,8.352379,3.9395092
c_1_50_2314,10.809044,2.0808442
c_1_50_2315,9.016919,1.0411725
c_1_50_2316,8.879104,-1.0622125
c_1_50_2317,8.445793,-0.3857608
c_1_50_2318,8.397291,1.8527828
c_1_50_2319,14.663309,2.3154006
c_1_50_2320,10.529665,0.99472445
c_1_50_2321,11.48314,-1.1001812
c_1_50_2322,9.63524,-1.4842325
c_1_50_2323,11.436413,-0.7297096
c_1_50_2324,11.317387,2.0134897
c_1_50_2325,8.133274,1.783746
c_1_50_2326,10.943583,-0.47871047
c_1_50_2327,9.860536,1.9983085
c_1_50_2328,9.966309,-0.91557986
c_1_50_2329,11.52179,0.89198095
c_1_50_2330,9.120517,-0.9977645
c_1_50_2331,11.432099,-1.8795797
c_1_50_2332,11.286693,2.5510254
c_1_50_2333,7.9771934,0.39649418
c_1_50_2334,11.4836855,-2.8855608
c_1_50_2335,11.771002,-2.4601455
c_1_50_2336,9.644451,2.1034718
c_1_50_2337,9.054647,2.578292
c_1_50_2338,11.539442,1.3928593
c_1_50_2339,11.232848,-1.7370312
c_1_50_2340,11.732272,-3.5965683
c_1_50_2341,11.102055,1.1237535
c_1_50_2342,12.066278,1.4765701
c_1_50_2343,10.641393,2.5554307
c_1_50_2344,8.55928,4.003213
c_1_50_2345,11.12134,-2.7375722
c_1_50_2346,9.69064,4.612574
c_1_50_2347,10.331759,4.414973
c_1_50_2348,9.807917,3.5010505
c_1_50_2349,11.855931,2.3129592
c_1_50_2350,11.117397,-3.0723135
c_1_50_2351,10.208397,1.3014504
c_1_50_2352,11.845472,-1.5283581
c_1_50_2353,10.46022,-1.2485557
c_1_50_2354,12.922044,2.2117512
c_1_50_2355,10.748069,-2.1682374
c_1_50_2356,9.221602,-0.9042492
c_1_50_2358,8.132876,0.597065
c_1_50_2359,12.952931,1.6891619
c_1_50_2360,10.10596,-0.5279359
c_1_50_2361,9.237803,-0.33268115
c_1_50_2362,11.067433,4.250489
c_1_50_2363,7.7433186,1.2195652
c_1_50_2364,10.806855,-0.18203202
c_1_50_2365,10.50753,2.9576168
c_1_50_2366,9.8616905,-1.0567182
c_1_50_2367,13.201317,-0.35687777
c_1_50_2368,12.250149,-3.2730892
c_1_50_2369,13.5442705,0.80293196
c_1_50_2370,10.174549,-0.82996494
c_1_50_2371,10.0005455,1.5195719
c_1_50_2372,13.455828,3.4353082
c_1_50_2373,9.57568,-1.7388335
c_1_50_2374,9.106231,-1.0091771
c_1_50_2375,12.844909,6.5940084
c_1_50_2376,11.363073,-2.7026503
c_1_50_2377,7.904336,3.245779
c_1_50_2378,10.475735,-2.9414861
c_1_50_2379,14.244868,2.0382917
c_1_50_2380,11.502769,-3.8229504
c_1_50_2381,11.3248415,3.716983
c_1_50_2382,10.354304,-1.1697062
c_1_50_2383,11.654283,-3.5136187
c_1_50_2384,13.060837,1.086125
c_1_50_2385,7.6138616,4.0665812
c_1_50_2386,13.975766,0.82278633
c_1_50_2387,11.248758,-1.0980814
c_1_50_2388,12.584605,5.388828
c_1_50_2389,11.350281,0.745452
c_1_50_2390,11.3916445,-1.8893683
c_1_50_2391,9.560892,-1.5095906
c_1_50_2392,9.345659,-1.0180985
c_1_50_2393,11.723508,1.3514526
c_1_50_2394,8.482837,-0.095534734
c_1_50_2395,12.039072,4.7243905
c_1_50_2396,10.291715,-1.929335
c_1_50_2397,13.07836,1.3474542
c_1_50_2398,11.504838,-2.9680874
c_1_50_2399,12.7690735,5.01839
c_1_50_2400,11.720668,-3.5931995
c_1_50_2401,11.9679575,1.9491395
c_1_50_2402,10.568615,-1.9945891
c_1_50_2403,9.464726,-1.5756029
c_1_50_2404,9.403612,-1.7626442
c_1_50_2406,14.240153,4.790039
c_1_50_2407,9.659889,0.31956807
c_1_50_2408,9.841167,2.459939
c_1_50_2409,8.449444,1.7168617
c_1_50_2410,9.094187,-1.5424664
c_1_50_2411,11.132568,-1.5654112
c_1_50_2412,13.947203,1.2194732
c_1_50_2413,11.007691,-2.1166453
c_1_50_2414,9.221974,-1.6100153
c_1_50_2415,11.365841,0.70353293
c_1_50_2416,11.905118,-1.113978
c_1_50_2417,10.698426,-1.8049603
c_1_50_2418,8.9620905,0.81578594
c_1_50_2419,9.553677,-1.3429375
c_1_50_2420,11.284482,-0.80348754
c_1_50_2421,10.706315,-0.22367561
c_1_50_2422,10.171934,-1.98715
c_1_50_2423,11.714438,-0.7811742
c_1_50_2424,11.468774,-3.7672544
c_1_50_2425,9.47493,1.3909037
c_1_50_2426,12.086914,5.3131695
c_1_50_2427,12.629944,5.151865
c_1_50_2428,13.429472,3.5326223
c_1_50_2429,10.799149,1.3436099
c_1_50_2430,9.581301,1.9768851
c_1_50_2431,6.7315135,1.7147094
c_1_50_2432,10.153797,1.8505553
c_1_50_2433,12.972379,0.92760694
c_1_50_2434,8.039063,2.2514074
c_1_50_2435,12.242963,0.61406326
c_1_50_2436,10.688825,-0.9530823
c_1_50_2437,8.997253,-1.4611145
c_1_50_2438,7.470373,0.8398803
c_1_50_2439,10.528565,0.6101675
c_1_50_2440,13.469814,0.9730783
c_1_50_2441,9.7364855,2.6461482
c_1_50_2442,8.796765,2.4634438
c_1_50_2443,11.570499,-1.3319232
c_1_50_2444,12.344374,-0.608229
c_1_50_2445,7.1045213,2.5879908
c_1_50_2446,10.763949,0.2532746
c_1_50_2447,12.687704,1.456815
c_1_50_2448,11.862128,4.064603
c_1_50_2449,8.2565365,1.6691437
c_1_50_2450,14.01803,1.6220937
c_1_50_2451,11.604659,-2.4757988
c_1_50_2452,8.946553,4.0371184
c_1_50_2453,12.112911,3.8396013
c_1_50_2454,7.646793,2.116206
c_1_50_2455,10.359847,-1.476389
c_1_50_2456,12.899951,-0.47787794
c_1_50_2457,6.912335,2.2532258
c_1_50_2458,12.512694,4.5853863
c_1_50_2459,11.643171,-1.6609633
c_1_50_2460,8.899239,-1.5070807
c_1_50_2461,6.3570747,0.4717639
c_1_50_2462,11.353736,3.2764645
c_1_50_2463,10.326093,-1.7051485
c_1_50_2464,12.511597,4.2524843
c_1_50_2465,11.78996,1.4043611
c_1_50_2466,10.755823,-1.1650901
c_1_50_2467,14.75609,4.724286
c_1_50_2469,10.764528,-2.2947161
c_1_50_2470,9.649082,1.8020027
c_1_50_2471,8.31099,2.0029287
c_1_50_2472,8.02804,2.1581552
c_1_50_2473,8.760156,-0.7656977
c_1_50_2474,13.718079,2.0427365
c_1_50_2475,8.595969,-1.0431936
c_1_50_2476,9.063413,2.1075943
c_1_50_2477,9.2569,2.5590858
c_1_50_2478,13.860416,3.9672868
c_1_50_2479,10.690378,0.04017019
c_1_50_2480,10.718168,-0.86558825
c_1_50_2481,10.462218,-0.11829442
c_1_50_2482,12.968559,3.3655567
c_1_50_2483,8.834326,1.2671614
c_1_50_2484,8.592915,3.9442072
c_1_50_2485,11.9416065,3.8917332
c_1_50_2486,9.3464365,2.5551949
c_1_50_2487,11.21638,4.060995
c_1_50_2488,7.6263714,1.7870187
c_1_50_2490,10.859082,-1.6559063
c_1_50_2491,9.317087,0.113319114
c_1_50_2492,9.408563,0.47071403
c_1_50_2493,9.707686,2.2678847
c_1_50_2494,9.835512,-0.014526929
c_1_50_2495,9.18207,1.5526192
c_1_50_2496,9.192437,-0.6591604
c_1_50_2497,12.560814,-1.2218863
c_1_50_2498,7.506549,-0.45279756
c_1_50_2499,8.320108,0.41017237
c_1_50_2500,9.465292,0.9184431
c_1_50_2501,9.113438,1.5944599
c_1_50_2502,10.038233,4.992571
c_1_50_2503,10.99222,-0.06590593
c_1_50_2504,14.303986,1.3717786
c_1_50_2505,7.2973394,3.2875707
c_1_50_2506,10.542808,0.42262638
c_1_50_2507,9.022864,3.022447
c_1_50_2508,14.248269,2.7753997
c_1_50_2509,9.195007,4.2322173
c_1_50_2510,8.824061,1.9493451
c_1_50_2511,13.504877,1.4075307
c_1_50_2512,12.196042,4.2831516
c_1_50_2513,10.38859,0.90451586
c_1_50_2514,10.9168005,-0.8634723
c_1_50_2515,9.905904,-0.039591696
c_1_50_2516,10.313541,0.42320144
c_1_50_2517,7.8859425,1.9872646
c_1_50_2518,9.602102,0.8627452
c_1_50_2520,12.539717,4.5779757
c_1_50_2521,13.212476,5.2577834
c_1_50_2522,10.886961,2.1222296
c_1_50_2523,12.018798,5.089105
c_1_50_2524,12.832777,2.767254
c_1_50_2525,9.499329,-1.0921905
c_1_50_2526,10.494119,2.3592873
c_1_50_2527,12.575934,3.73156
c_1_50_2528,9.460402,2.8830693
c_1_50_2529,9.655677,-1.1215193
c_1_50_2530,11.517142,4.6855044
c_1_50_2531,14.936328,5.187367
c_1_50_2532,12.386302,5.306036
c_1_50_2533,11.117393,0.31189424
c_1_50_2534,11.49372,3.9068594
c_1_50_2535,11.777634,3.0371494
c_1_50_2536,8.851323,2.7256613
c_1_50_2537,11.640982,3.9509764
c_1_50_2538,8.320723,1.5908239
c_1_50_2539,10.207374,-1.0221424
c_1_50_2540,12.379897,3.2508757
c_1_50_2541,9.48036,0.12238899
c_1_50_2542,10.048155,3.4835253
c_1_50_2543,10.586316,4.953798
c_1_50_2544,10.915637,-2.7329867
c_1_50_2545,10.040348,1.1481091
c_1_50_2546,13.9277725,4.7642527
c_1_50_2547,10.080471,3.2208705
c_1_50_2548,10.090876,3.1153166
c_1_50_2549,13.39216,1.6673748
c_1_50_2550,9.044943,-0.7717324
c_1_50_2551,8.614456,-0.446664
c_1_50_2552,7.357403,3.34437
c_1_50_2553,10.353373,-0.860455
c_1_50_2554,12.241426,4.8008018
c_1_50_2555,11.067365,2.7264128
c_1_50_2557,13.8327465,4.085233
c_1_50_2558,12.418878,2.673097
c_1_50_2559,9.959944,1.5861903
c_1_50_2560,7.302901,1.21678
c_1_50_2561,11.089367,-1.1286203
c_1_50_2562,11.7324915,1.5894676
c_1_50_2563,9.414752,2.1765633
c_1_50_2564,5.977907,0.98889685
c_1_50_2565,9.656922,-0.5288342
c_1_50_2566,13.114235,4.7339115
c_1_50_2567,9.488418,-0.803167
c_1_50_2568,12.771202,6.8501434
c_1_50_2569,12.261092,4.01443
c_1_50_2570,11.440316,1.74935
c_1_50_2571,12.878984,3.8006568
c_1_50_2572,9.692771,3.5445771
c_1_50_2573,9.4109335,-1.5803442
c_1_50_2574,11.872626,4.9580874
c_1_50_2575,14.062759,3.34692
c_1_50_2576,11.136931,1.3545718
c_1_50_2577,13.3518715,1.2824113
c_1_50_2578,9.855403,3.8618815
c_1_50_2579,12.1100855,3.1022103
c_1_50_2580,11.854314,3.0256789
c_1_50_2581,10.688941,-0.78206027
c_1_50_2582,7.8938656,1.6190982
c_1_50_2583,12.730277,1.2742981
c_1_50_2584,11.68632,-3.461342
c_1_50_2585,11.493959,3.1512928
c_1_50_2586,10.367039,1.378729
c_1_50_2587,10.171396,-1.6424539
c_1_50_2588,9.070579,0.3110017
c_1_50_2589,10.096392,-1.3628744
c_1_50_2590,8.335326,0.7454822
c_1_50_2591,9.775571,0.6319509
c_1_50_2592,10.243615,1.0716692
c_1_50_2593,12.683656,4.3975177
c_1_50_2594,11.485276,-2.5206034
c_1_50_2595,11.447745,1.2154171
c_1_50_2596,11.449581,-0.9597552
c_1_50_2597,9.396579,-0.16756962
c_1_50_2598,11.451031,0.5676305
c_1_50_2599,8.586742,-0.3140843
c_1_50_2600,8.08065,2.8628871
c_1_50_2601,7.390582,3.4954827
c_1_50_2602,12.391248,7.368847
c_1_50_2603,11.791617,3.8376355
c_1_50_2604,10.745589,4.603946
c_1_50_2605,10.909912,-2.9535065
c_1_50_2606,13.863292,5.176192
c_1_50_2607,9.356918,1.6359304
c_1_50_2608,11.5160675,-0.28441596
c_1_50_2609,11.338453,1.3147055
c_1_50_2610,9.601663,2.9201965
c_1_50_2611,12.809515,4.7488008
c_1_50_2612,8.343537,2.6877916
c_1_50_2613,8.0823965,1.4795834
c_1_50_2614,7.9101377,0.36620718
c_1_50_2615,8.952255,-1.415281
c_1_50_2616,10.234328,0.27088663
c_1_50_2617,9.747534,2.1945925
c_1_50_2618,10.6132965,-2.3759425
c_1_50_2619,10.7424345,-1.6502792
c_1_50_2620,9.233995,0.12177018
c_1_50_2621,12.634952,5.388021
c_1_50_2622,9.695788,2.2028477
c_1_50_2623,8.879995,-1.1259354
c_1_50_2624,6.248608,0.32118642
c_1_50_2625,8.894437,0.44559777
c_1_50_2626,12.929572,5.5128365
c_1_50_2627,11.069544,-0.104792595
c_1_50_2628,8.137134,2.498995
c_1_50_2629,10.496441,-1.3776523
c_1_50_2630,9.910307,1.4491276
c_1_50_2631,12.100282,0.4077687
c_1_50_2632,12.10447,5.6500034
c_1_50_2633,9.635091,1.5821956
c_1_50_2635,9.587345,-1.7536653
c_1_50_2636,9.712176,4.5389714
c_1_50_2637,13.727292,-1.6407758
c_1_50_2638,11.146975,-2.292577
c_1_50_2639,9.4698105,3.989451
c_1_50_2640,11.949405,8.210159
c_1_50_2641,10.455322,1.0629369
c_1_50_2643,8.110429,0.93322027
c_1_50_2644,9.170112,3.836649
c_1_50_2647,7.9267225,0.67910904
