cell_id,PC_1,PC_2
c_1_46_1,-0.7031288,-0.9295529
c_1_46_2,-0.5283142,-0.49310964
c_1_46_3,0.80214626,-1.2506019
c_1_46_5,-2.3998191,0.96022177
c_1_46_6,0.38462916,-0.085939
c_1_46_7,1.2397543,-1.3503399
c_1_46_8,0.6126674,1.0530665
c_1_46_9,1.8593744,-2.6893992
c_1_46_10,1.2796454,-2.1278768
c_1_46_11,0.38923088,1.0662841
c_1_46_12,0.35024458,-0.3740305
c_1_46_13,-1.0562301,1.1948183
c_1_46_14,-1.046853,-1.409135
c_1_46_15,-1.6510259,0.9894947
c_1_46_16,-1.0830175,-1.4653614
c_1_46_17,-0.2041234,0.96603805
c_1_46_18,-1.6218255,-0.6793293
c_1_46_19,0.7145467,-2.2996433
c_1_46_20,-1.9377491,-2.2695048
c_1_46_21,-2.14546,-0.23632208
c_1_46_22,0.7824464,0.84734815
c_1_46_23,0.4296021,-1.1107477
c_1_46_24,-0.56992817,-0.85361177
c_1_46_25,0.30332744,-0.18759927
c_1_46_26,-0.11454425,0.22193299
c_1_46_27,0.42017478,-0.03368796
c_1_46_28,-1.5930024,-1.2883621
c_1_46_29,-0.023476047,-3.647467
c_1_46_30,0.07438304,-1.2723409
c_1_46_31,0.5101403,-0.15258008
c_1_46_32,-0.86572427,-0.5074805
c_1_46_33,-0.34364453,0.7298447
c_1_46_34,-2.1222546,-3.4909596
c_1_46_35,0.9314405,-1.3456677
c_1_46_36,-2.4827662,-3.1329677
c_1_46_37,1.3309047,1.7499541
c_1_46_38,-1.7525499,-0.8311074
c_1_46_39,0.19479555,0.24704202
c_1_46_40,-1.0323343,-1.6209891
c_1_46_41,-0.9542287,1.1748148
c_1_46_42,-0.6769601,-0.10848018
c_1_46_43,0.21215694,-0.6064856
c_1_46_44,0.24689649,-0.80944484
c_1_46_45,-1.1456503,0.7022058
c_1_46_46,0.25198296,0.030872425
c_1_46_47,-0.1666221,0.5585091
c_1_46_48,0.5675831,-0.93869114
c_1_46_49,-0.01871456,-0.24505281
c_1_46_50,-0.3766753,-0.16852912
c_1_46_51,-2.2888603,-1.3981856
c_1_46_52,0.060680892,-0.23702832
c_1_46_53,0.32084215,-0.26508218
c_1_46_54,0.881006,-0.8331698
c_1_46_55,-0.84846675,-0.07372709
c_1_46_56,0.16384944,-0.6517327
c_1_46_57,0.48671886,-1.4260573
c_1_46_58,-0.16675337,0.8288486
c_1_46_59,1.4026687,-0.14894493
c_1_46_60,-0.68391573,-0.9248096
c_1_46_61,-0.7579568,-1.1809036
c_1_46_62,0.9466731,0.18485875
c_1_46_63,-0.16568083,-1.5715828
c_1_46_64,-1.7157425,-0.056786448
c_1_46_65,-0.823597,0.3090499
c_1_46_66,0.07439156,0.74885726
c_1_46_67,-0.60019773,0.060002368
c_1_46_68,0.90654194,-0.7653738
c_1_46_69,-0.49867064,0.36371815
c_1_46_70,-1.0886377,-0.20735668
c_1_46_71,-0.21222182,-0.46053782
c_1_46_72,-3.7408595,-5.627612
c_1_46_73,-1.2837362,1.5056254
c_1_46_74,-1.2640814,-0.10780127
c_1_46_75,-0.9161765,0.276005
c_1_46_76,-0.8700756,2.346295
c_1_46_77,-0.8117019,-0.35835728
c_1_46_78,-0.4397515,-0.2617844
c_1_46_79,-0.7570332,-0.9243759
c_1_46_80,0.8620464,0.40529492
c_1_46_81,-0.75244474,-1.1481062
c_1_46_82,0.39823666,0.28562653
c_1_46_83,-1.7353214,2.507448
c_1_46_84,2.2309241,-0.59893036
c_1_46_85,-0.3216299,0.4812788
c_1_46_86,-2.4743617,2.4064848
c_1_46_87,0.8202799,-1.2830493
c_1_46_88,-1.8411357,3.5743382
c_1_46_89,1.2250749,-1.4244391
c_1_46_90,-0.07477348,-0.061598025
c_1_46_91,-1.3485348,1.8960006
c_1_46_92,-0.116088524,0.8610693
c_1_46_93,0.9627728,-0.8659117
c_1_46_94,-0.27200347,-1.2237256
c_1_46_95,0.47330207,-1.0956181
c_1_46_96,1.8447292,-1.3932424
c_1_46_97,1.2575603,0.15404962
c_1_46_98,0.256289,2.5174787
c_1_46_99,-0.15149121,-0.41950303
c_1_46_100,0.06062662,-0.47309598
c_1_46_101,-1.2470096,-0.17321622
c_1_46_102,-0.76731634,-0.75405556
c_1_46_103,0.76765865,-1.6033692
c_1_46_104,-0.9261508,1.8119419
c_1_46_105,-0.34100568,-0.49748605
c_1_46_106,-1.8914516,-1.7546836
c_1_46_107,2.3175867,-0.9831064
c_1_46_108,-0.5824119,-0.7614368
c_1_46_109,-1.0832185,-1.38775
c_1_46_110,1.1903756,-0.82171655
c_1_46_111,0.12640257,0.8687946
c_1_46_112,-0.6087387,-1.6498142
c_1_46_113,-1.1792884,-0.49322012
c_1_46_114,-2.202016,4.0372243
c_1_46_115,-0.25270316,-0.20684119
c_1_46_116,-1.0929124,1.0861496
c_1_46_117,1.0009103,-0.0690662
c_1_46_118,-0.7962786,0.42492893
c_1_46_119,0.84244454,-0.80363643
c_1_46_120,1.9269378,-3.0388987
c_1_46_121,-1.4747488,-1.2695748
c_1_46_122,1.6503891,-1.9721247
c_1_46_123,-0.5452414,3.1860576
c_1_46_124,0.9885501,0.13386619
c_1_46_125,0.8217231,-2.3248286
c_1_46_126,-0.9578688,-1.0349997
c_1_46_127,0.022955582,0.30956686
c_1_46_128,-2.2064934,-4.3521194
c_1_46_129,-1.0034074,-0.9248912
c_1_46_130,0.1441182,-0.49576566
c_1_46_131,1.4012532,0.3329691
c_1_46_132,0.94530964,0.21389045
c_1_46_133,-0.007623942,0.48250178
c_1_46_134,-0.44093752,0.12501359
c_1_46_135,-5.3435464,-6.6608415
c_1_46_136,-1.47964,0.5180338
c_1_46_137,-1.016275,0.14599718
c_1_46_138,0.11278329,-1.0429732
c_1_46_139,-1.3672153,0.8565462
c_1_46_140,-0.50277925,-0.031009581
c_1_46_141,-0.6378109,0.14877002
c_1_46_142,-1.2131523,1.0299289
c_1_46_143,-0.3710545,0.0048009814
c_1_46_144,0.15243101,3.4091604
c_1_46_145,-1.8175517,-1.651395
c_1_46_146,0.37841848,0.29855374
c_1_46_147,0.44187662,-1.0332209
c_1_46_148,0.9664897,0.9665177
c_1_46_149,-4.64746,-5.664124
c_1_46_150,-1.7496126,1.4068323
c_1_46_151,-0.3323708,0.5488854
c_1_46_152,1.6472384,-0.11160285
c_1_46_153,-0.9235655,-0.72450656
c_1_46_154,-1.4120206,-0.8495738
c_1_46_155,0.35479942,-0.5753894
c_1_46_156,0.6034898,-0.3057761
c_1_46_157,-1.4303592,0.6079988
c_1_46_158,0.29047683,-0.04121052
c_1_46_159,-0.8902609,2.3076048
c_1_46_160,-0.23083292,-0.8136386
c_1_46_161,-0.290335,-2.8591347
c_1_46_162,-0.49140137,-0.97214055
c_1_46_163,-0.27578378,-1.3488629
c_1_46_164,-1.0642538,1.21684
c_1_46_165,-2.3120246,-2.6373618
c_1_46_166,-0.64646417,0.3000298
c_1_46_167,-2.5128794,2.3218586
c_1_46_168,-1.3885491,-0.7835828
c_1_46_169,0.6432662,0.08992472
c_1_46_170,-0.16847765,-1.0246189
c_1_46_171,-0.9135306,0.00026758527
c_1_46_172,-0.5080413,-0.44281188
c_1_46_173,-0.5410664,0.15464188
c_1_46_174,-0.30034494,0.6878156
c_1_46_175,-1.7750714,2.5604067
c_1_46_176,0.097780704,-1.2920115
c_1_46_177,-1.0288856,-1.1237158
c_1_46_178,-0.6245749,-0.8566208
c_1_46_179,-0.7220694,1.0948333
c_1_46_180,-3.5617774,-3.245445
c_1_46_181,-1.0383595,-0.41702372
c_1_46_182,-1.600247,-1.1425382
c_1_46_183,0.5120136,0.9266441
c_1_46_184,-1.9312564,2.3176281
c_1_46_185,0.68166107,-0.13674124
c_1_46_186,0.16356865,-0.8756683
c_1_46_187,-0.2771918,0.5717693
c_1_46_188,-1.2338258,2.508921
c_1_46_189,-0.32654756,-1.2969744
c_1_46_190,-1.8974106,1.964176
c_1_46_191,-2.6836703,2.0101519
c_1_46_192,-1.6588198,1.6984862
c_1_46_193,-1.4221256,1.2435696
c_1_46_194,0.30412617,-0.37845773
c_1_46_195,0.36380905,-0.2481462
c_1_46_196,-0.68909436,-0.8540578
c_1_46_197,-0.8782267,-0.28614044
c_1_46_198,1.3808756,-1.1136073
c_1_46_199,-0.0636752,1.0105535
c_1_46_200,-1.7643117,-1.6150886
c_1_46_201,-1.1618972,-0.3418083
c_1_46_202,-2.0030332,-1.1376435
c_1_46_203,-0.16636097,-0.53184634
c_1_46_204,-1.5427974,4.2691655
c_1_46_205,0.6856531,-0.4772853
c_1_46_206,1.7237046,-0.73206043
c_1_46_207,-1.5901527,-1.154016
c_1_46_208,-1.0849742,0.20931068
c_1_46_209,0.83003217,-1.841222
c_1_46_210,-0.47727302,-1.0347563
c_1_46_211,-1.2349374,-0.43217373
c_1_46_212,0.9758542,-1.4780538
c_1_46_213,-1.2677596,-0.45097548
c_1_46_214,-0.3703711,-1.536254
c_1_46_215,-0.33505884,-0.10467744
c_1_46_216,0.8452702,-1.1532131
c_1_46_217,0.44120142,-0.18170312
c_1_46_218,-2.2052753,3.040538
c_1_46_219,-1.0507752,-0.23641102
c_1_46_220,-1.218974,0.2860677
c_1_46_221,-0.08551041,-1.7412734
c_1_46_222,-0.14791569,0.83037233
c_1_46_223,-1.4158198,-0.4824435
c_1_46_224,-0.33623803,0.4629739
c_1_46_225,0.45625123,0.20106247
c_1_46_226,-0.7776876,0.8159383
c_1_46_227,0.7439025,-1.9052694
c_1_46_228,0.90382916,1.2233981
c_1_46_229,0.037606053,-0.35497236
c_1_46_230,-1.5337844,0.9129747
c_1_46_231,-1.0126901,0.75612354
c_1_46_232,-3.0329478,-2.1658502
c_1_46_233,-0.73320276,-0.9224873
c_1_46_234,-0.35875723,-0.37021047
c_1_46_235,-0.14499861,-0.8334736
c_1_46_236,-0.55539984,-0.63931376
c_1_46_237,0.8798746,-0.39588588
c_1_46_238,-2.015349,1.8922737
c_1_46_239,-3.0951805,1.6941199
c_1_46_240,-1.0231827,0.70512223
c_1_46_241,-0.27587625,-1.348465
c_1_46_242,-2.2964375,-0.8147216
c_1_46_243,0.04263603,-0.35814717
c_1_46_244,-0.4244761,0.809513
c_1_46_245,-1.2383319,-1.8442454
c_1_46_246,-0.4700122,-0.021095093
c_1_46_247,-0.41664544,0.40940374
c_1_46_248,-0.21978448,-0.8599389
c_1_46_249,-0.033224273,0.67650205
c_1_46_250,-1.3370161,-0.64997625
c_1_46_251,-1.7386793,-1.5739727
c_1_46_252,-0.4977852,-1.7306021
c_1_46_253,0.95657146,0.31445813
c_1_46_254,-0.9705987,0.108935006
c_1_46_255,0.106156036,0.28130493
c_1_46_256,-0.81854004,1.7135315
c_1_46_257,0.090475164,-1.4130396
c_1_46_258,0.749346,0.708407
c_1_46_259,-1.9806085,-1.5190655
c_1_46_260,-0.8039642,-1.7663866
c_1_46_261,-0.11292319,0.15440668
c_1_46_262,0.4734153,-0.7254461
c_1_46_263,-0.783022,1.2654259
c_1_46_264,0.021997696,-0.3574696
c_1_46_265,0.47762236,-0.25278708
c_1_46_266,-0.35442388,-0.13429885
c_1_46_267,-1.1831954,-2.032498
c_1_46_268,-0.8811486,-1.9082769
c_1_46_269,-0.3859979,1.0570394
c_1_46_270,-1.1806427,2.310549
c_1_46_271,-1.6816959,0.46592915
c_1_46_272,-0.98642874,-0.49902922
c_1_46_273,-1.8771281,7.026652
c_1_46_274,0.08130205,-3.653284
c_1_46_275,-0.08949171,0.11546233
c_1_46_276,-0.49069712,0.113968104
c_1_46_277,-0.048159022,-0.75816005
c_1_46_278,-1.8031394,2.20974
c_1_46_279,-2.1292253,1.876797
c_1_46_280,-1.383469,2.6475232
c_1_46_281,-2.5137424,3.9501305
c_1_46_282,-0.03605921,-1.1350312
c_1_46_283,-1.3072385,-3.8473155
c_1_46_284,-0.5510873,0.74215597
c_1_46_285,-1.3484066,0.12088585
c_1_46_286,-1.1181284,2.1638885
c_1_46_287,-1.8989986,-0.9515434
c_1_46_288,-0.924117,2.0022006
c_1_46_289,0.6182741,-0.4627265
c_1_46_290,-1.2084867,-0.42227444
c_1_46_291,-0.69457453,-0.8041704
c_1_46_292,-0.2526859,-0.0510978
c_1_46_293,0.010601449,0.08107082
c_1_46_294,-0.31852382,0.074640565
c_1_46_295,-0.32358143,-0.12773778
c_1_46_296,-1.5579103,2.9491606
c_1_46_297,-0.5829868,0.3798293
c_1_46_298,0.43132192,-0.66050375
c_1_46_299,-0.07427265,-0.23614329
c_1_46_300,-1.0380397,-2.2023919
c_1_46_301,-1.2368577,1.1043714
c_1_46_302,-1.2740583,1.4332529
c_1_46_303,-1.4903501,2.6490798
c_1_46_304,-2.5734966,2.0075057
c_1_46_305,-0.7891478,-0.17836404
c_1_46_306,-0.33945358,0.300358
c_1_46_307,0.0007601747,1.552377
c_1_46_308,-0.9609012,-0.32269797
c_1_46_309,0.2569942,-0.8518648
c_1_46_310,-0.7323627,0.87783533
c_1_46_311,-0.24074037,-0.2873958
c_1_46_312,-0.47356528,-0.4813349
c_1_46_313,0.40996397,1.0185658
c_1_46_314,-0.9931629,0.29810116
c_1_46_315,1.4782221,0.062221747
c_1_46_316,-0.22421826,0.7238482
c_1_46_317,1.4225562,-0.5130453
c_1_46_318,-0.32132402,0.9210502
c_1_46_319,-0.7509603,0.054812882
c_1_46_320,-1.4713593,-0.19663315
c_1_46_321,-2.552139,-3.3159082
c_1_46_322,0.29035848,-0.75454676
c_1_46_323,0.35904968,1.7963353
c_1_46_324,0.16225904,-0.90738636
c_1_46_325,-2.6691267,-0.856873
c_1_46_326,-0.7911491,-0.9192704
c_1_46_327,0.5138173,0.08219814
c_1_46_328,-0.3464278,-0.6894382
c_1_46_329,0.8326872,-1.2292228
c_1_46_330,-0.89150816,0.14068441
c_1_46_331,0.7185222,-0.75491387
c_1_46_332,-0.115350306,0.15097073
c_1_46_333,-0.6493822,0.04029566
c_1_46_334,1.8524758,-0.25057375
c_1_46_335,-1.2626901,0.8700668
c_1_46_336,-0.77249694,-0.43802804
c_1_46_337,0.73702997,-0.9445702
c_1_46_338,-0.8204556,-2.089846
c_1_46_339,-1.1714277,-0.6342101
c_1_46_340,0.4075602,-0.39006525
c_1_46_341,0.17590433,-1.4767548
c_1_46_342,-0.21871503,-0.55673784
c_1_46_343,-0.05316246,0.2619634
c_1_46_344,-1.5982586,-2.5256703
c_1_46_345,-0.6036757,0.8948963
c_1_46_346,-1.1345663,0.17771119
c_1_46_347,-0.1033004,0.50479007
c_1_46_348,-1.9339844,0.6193944
c_1_46_349,0.37847278,0.43170652
c_1_46_350,-1.9308258,-0.22948122
c_1_46_351,-0.9515851,1.047895
c_1_46_352,-1.0934255,0.4349037
c_1_46_353,-1.3240255,0.50966316
c_1_46_354,-1.0027803,-3.5118628
c_1_46_355,-2.1168911,-3.2169695
c_1_46_356,-0.21398291,0.59591246
c_1_46_357,1.3059119,-1.2129469
c_1_46_358,-1.5231285,-1.1526582
c_1_46_359,0.8027327,0.14131375
c_1_46_360,-0.40976474,0.1045626
c_1_46_361,0.49371448,-0.21117367
c_1_46_362,-1.0758821,1.2627188
c_1_46_363,-0.1227547,1.659132
c_1_46_364,1.6156234,-2.8358152
c_1_46_365,-0.07167209,-1.801327
c_1_46_366,-1.5334373,-0.43758065
c_1_46_367,0.11084517,-1.795872
c_1_46_368,-0.8996436,0.07377432
c_1_46_369,-0.21615389,1.1502732
c_1_46_370,-0.15869091,0.77029514
c_1_46_371,-0.8303593,-0.58945286
c_1_46_372,0.332822,-0.32537517
c_1_46_373,-0.35570958,0.08625707
c_1_46_374,0.93453276,-1.1501337
c_1_46_375,-0.37462738,0.9372135
c_1_46_376,0.39930776,0.122561194
c_1_46_377,-0.09952389,0.0034356166
c_1_46_378,0.4540126,-0.048448574
c_1_46_379,-0.84016466,-1.1660438
c_1_46_380,0.19848837,-0.29668543
c_1_46_381,0.10068848,0.7120826
c_1_46_382,0.32532862,-0.93997025
c_1_46_383,0.7999089,-1.0026711
c_1_46_384,-0.71986985,0.8276634
c_1_46_385,-0.84609354,-0.45205724
c_1_46_386,-1.899766,1.9103506
c_1_46_387,-0.063241325,0.71774113
c_1_46_388,0.9397946,-0.1592996
c_1_46_389,-0.6964486,0.0755902
c_1_46_390,-1.3376132,-0.38886705
c_1_46_391,-1.3507295,0.19378752
c_1_46_392,-0.77820414,-1.0070208
c_1_46_393,-0.7812105,-1.298843
c_1_46_394,-0.5524987,-1.1303687
c_1_46_395,1.5169463,0.6549071
c_1_46_396,-0.68615025,-0.87940615
c_1_46_397,-0.31792882,-0.105176
c_1_46_398,0.09345022,0.6240282
c_1_46_399,-0.18287072,-0.56603414
c_1_46_400,-0.44074115,0.45352742
c_1_46_401,0.017144552,-0.72143173
c_1_46_402,1.4900959,0.58511376
c_1_46_403,-0.21672349,-0.019423936
c_1_46_404,-0.82444555,0.17270932
c_1_46_405,-0.36457348,0.58928657
c_1_46_406,-0.6608271,0.8794095
c_1_46_407,-1.9838547,0.72669345
c_1_46_408,-0.29854506,-2.5970552
c_1_46_409,1.8577728,-1.1689283
c_1_46_410,0.70715797,0.82017297
c_1_46_411,0.41667783,-0.61256
c_1_46_412,-0.39339182,-0.33876753
c_1_46_413,-1.8708937,4.667797
c_1_46_414,-0.27029225,0.1818675
c_1_46_415,-2.838174,3.3112748
c_1_46_416,0.101831436,-0.4048079
c_1_46_417,-0.6125484,1.069903
c_1_46_418,1.2728757,-1.9254987
c_1_46_419,-0.70760405,0.5619379
c_1_46_420,-0.73168135,2.361103
c_1_46_421,-0.20122854,0.6077872
c_1_46_422,-0.6776164,-0.83372873
c_1_46_423,0.47095105,0.33614817
c_1_46_424,0.004803993,-0.09121375
c_1_46_425,1.0853754,1.1336962
c_1_46_426,-3.0559187,-3.8174846
c_1_46_427,0.13635895,-0.5880424
c_1_46_428,-1.8956985,2.5839295
c_1_46_429,-1.099851,-2.3484635
c_1_46_430,-0.50691605,-1.9701777
c_1_46_431,0.6664857,-1.2224604
c_1_46_432,-1.4732932,-0.89891535
c_1_46_433,-0.25901532,-1.203755
c_1_46_434,-1.1659194,-0.31366262
c_1_46_435,0.7398114,0.7098012
c_1_46_436,0.066682406,-0.2712395
c_1_46_437,0.07221418,2.6449916
c_1_46_438,-1.1091683,-1.5291262
c_1_46_439,-0.28321832,-0.05033994
c_1_46_440,-0.5049655,-1.1983002
c_1_46_441,-0.10062603,-0.10567264
c_1_46_442,-0.16363412,2.0735967
c_1_46_443,0.077772394,-1.3750379
c_1_46_444,0.5177444,-0.9225512
c_1_46_445,-1.1805334,2.9615738
c_1_46_446,-0.8365305,0.92715025
c_1_46_447,0.93182236,-1.5586419
c_1_46_448,-1.8757237,1.0164582
c_1_46_449,0.01174824,-0.9398925
c_1_46_450,-0.5757979,-0.8970095
c_1_46_451,-1.8496293,-1.3418225
c_1_46_452,-0.9522236,0.18479976
c_1_46_453,-0.8777795,1.3495547
c_1_46_454,0.16860129,0.11240646
c_1_46_455,-0.41265082,-0.11283016
c_1_46_456,-0.6241966,-0.77211845
c_1_46_457,2.0173385,-0.9534009
c_1_46_458,0.7775927,-1.5007014
c_1_46_459,-0.38961342,-0.77118176
c_1_46_460,1.102083,0.58220965
c_1_46_461,-0.5824135,-0.03028905
c_1_46_462,0.43927032,1.1902448
c_1_46_463,1.0222932,0.190663
c_1_46_464,-1.441269,-1.3735709
c_1_46_465,-1.4651247,1.7473388
c_1_46_466,-1.3401662,2.1689968
c_1_46_467,-0.8587833,0.17035992
c_1_46_468,-1.4512025,0.13969398
c_1_46_469,-2.3834505,-0.6674242
c_1_46_470,2.033003,0.095107384
c_1_46_471,-0.03582049,-2.398235
c_1_46_472,1.7980549,-0.38140285
c_1_46_473,0.92636454,-2.440399
c_1_46_474,1.4912072,-1.7511535
c_1_46_475,-0.1875092,-1.6769217
c_1_46_476,0.84559554,-1.6380956
c_1_46_477,-1.6109413,0.9879664
c_1_46_478,0.32248282,-1.2479976
c_1_46_479,-1.6315207,-1.2464578
c_1_46_480,-1.0760163,1.2142167
c_1_46_481,1.7660979,-0.08274507
c_1_46_482,-0.87298673,1.1442075
c_1_46_483,-0.28162554,0.57608706
c_1_46_484,0.25720003,-1.9825718
c_1_46_485,-1.6011916,1.1309483
c_1_46_486,-0.11416964,0.30837154
c_1_46_487,0.13537958,0.65973383
c_1_46_488,0.57269555,0.08029489
c_1_46_489,0.64550513,-1.6331892
c_1_46_490,0.78612727,-0.3436751
c_1_46_491,-0.4533942,1.7427089
c_1_46_492,1.8677124,0.5650283
c_1_46_493,-0.20888092,-1.4791352
c_1_46_494,1.5434803,-1.0226612
c_1_46_495,0.24615015,0.33863404
c_1_46_496,-1.0818133,0.80998236
c_1_46_497,0.16791052,-0.20303771
c_1_46_498,2.2070718,-0.49066496
c_1_46_499,-1.4930763,-0.24385396
c_1_46_500,1.0446067,-0.90098417
c_1_46_501,1.0810313,-0.8809204
c_1_46_502,-4.824351,-2.5028665
c_1_46_503,-0.9979279,-0.7651811
c_1_46_504,1.7084254,-0.008083375
c_1_46_505,-0.2689674,-0.15219659
c_1_46_506,-0.56476337,-0.90714663
c_1_46_507,-0.395555,-0.13993573
c_1_46_508,-1.6783826,-0.01315762
c_1_46_509,0.037518933,-1.6452547
c_1_46_510,0.3151567,-0.20310684
c_1_46_511,-0.94551134,-0.14530045
c_1_46_512,-0.4941366,-0.632308
c_1_46_513,-0.12555791,0.12577842
c_1_46_514,0.7647756,0.44839627
c_1_46_515,-1.5154591,0.02013582
c_1_46_516,-0.20478524,-0.37067443
c_1_46_517,0.980167,-1.2668431
c_1_46_518,1.464966,0.4266288
c_1_46_519,-1.4225365,0.17209245
c_1_46_520,1.1105872,-0.10283629
c_1_46_521,1.0571119,-0.28629756
c_1_46_522,-0.5729989,-0.25390086
c_1_46_523,-1.0656527,0.16709842
c_1_46_524,-1.1716243,1.0702289
c_1_46_525,-1.0928838,-0.7188013
c_1_46_526,0.10974049,-0.06406266
c_1_46_527,-0.17710246,0.5795611
c_1_46_528,-1.017725,2.245262
c_1_46_529,0.4213802,-0.15152547
c_1_46_530,-1.2442503,-0.4884328
c_1_46_531,-1.3227971,-1.2062693
c_1_46_532,-0.9333739,-0.12902601
c_1_46_534,-1.0925728,0.24150963
c_1_46_535,-0.15052043,1.0991915
c_1_46_536,-0.59152627,1.2014353
c_1_46_537,0.41646913,1.1192361
c_1_46_538,0.15818499,0.17586334
c_1_46_539,-2.0544407,1.0107703
c_1_46_540,-0.18908282,-0.56779087
c_1_46_541,1.5867739,-2.4874635
c_1_46_542,0.35885704,0.29581752
c_1_46_543,-0.63398874,0.22201249
c_1_46_544,-2.372862,-3.1064258
c_1_46_545,-2.3552346,-0.81495464
c_1_46_546,-0.71587914,-0.20432091
c_1_46_547,1.0135623,1.0608
c_1_46_548,-0.10808751,-0.8198989
c_1_46_549,-1.3839077,-1.1735085
c_1_46_550,0.43473056,0.33424318
c_1_46_551,-1.650068,-1.3235888
c_1_46_552,1.8101165,-2.1372697
c_1_46_553,0.14086106,-0.1927065
c_1_46_554,-0.7209297,0.6456342
c_1_46_555,-0.09889042,1.3689944
c_1_46_556,-1.1716667,-0.67291313
c_1_46_557,0.63956606,0.27787364
c_1_46_558,-3.3250697,-1.9261038
c_1_46_559,-0.6857366,0.1542013
c_1_46_560,-2.4065068,1.4583635
c_1_46_561,0.8031311,-0.076010585
c_1_46_562,0.11364251,-0.63384014
c_1_46_563,-1.3338499,0.51586527
c_1_46_564,1.6597401,-1.8680276
c_1_46_565,0.6330177,-1.2435627
c_1_46_566,1.699258,0.28225237
c_1_46_567,-1.6463792,0.12094199
c_1_46_568,-0.22462317,0.9314784
c_1_46_569,-0.7203181,0.8191546
c_1_46_570,-1.8550146,-0.17094217
c_1_46_571,-0.11114562,-0.5132328
c_1_46_572,0.12431067,-0.030281799
c_1_46_573,2.5768335,0.8705558
c_1_46_574,-1.9422485,2.5382233
c_1_46_575,2.016098,-0.8799152
c_1_46_576,0.3670173,-0.3958483
c_1_46_577,0.41487253,0.06847445
c_1_46_578,1.3580109,-1.1621736
c_1_46_579,0.39367247,-0.13217612
c_1_46_580,0.18025468,0.6430322
c_1_46_581,-0.25795284,-0.34495407
c_1_46_582,-0.2449847,-0.23526686
c_1_46_583,-0.45754018,-0.16645698
c_1_46_584,0.16532087,0.055856764
c_1_46_585,-0.32542413,-0.16145223
c_1_46_586,1.031338,-1.3999099
c_1_46_587,-0.39679873,-0.05949086
c_1_46_588,-0.20549452,-0.6449475
c_1_46_589,-2.6795657,1.3961718
c_1_46_590,-0.40553594,1.5955354
c_1_46_591,-0.7774536,0.7878936
c_1_46_592,0.36481756,-0.3364551
c_1_46_593,0.17859137,-0.4716668
c_1_46_594,-1.0152793,3.1178477
c_1_46_595,3.0976489,-0.5104332
c_1_46_596,-1.7194084,2.76332
c_1_46_597,-0.18435666,0.26668754
c_1_46_598,-1.1403191,-0.20264204
c_1_46_599,0.5338802,-0.15819536
c_1_46_600,-1.0553781,-0.631174
c_1_46_601,-0.31455505,-1.2314371
c_1_46_602,-2.270961,0.5636183
c_1_46_603,-2.1358004,1.2739253
c_1_46_604,-0.52221984,1.4111792
c_1_46_605,-1.1000376,0.70016986
c_1_46_606,-0.8542488,1.2240654
c_1_46_607,1.4302728,-1.0478208
c_1_46_608,-2.9496472,0.9077336
c_1_46_609,0.93043935,0.906403
c_1_46_610,0.4837556,-2.7582319
c_1_46_611,0.6214762,0.24678028
c_1_46_612,-0.4174127,-0.4626557
c_1_46_613,-1.0106627,0.78472644
c_1_46_614,-2.079073,2.7792299
c_1_46_615,-0.4164224,-0.47156075
c_1_46_616,-0.23864383,1.1831275
c_1_46_617,-1.7698798,0.7227723
c_1_46_618,-0.844461,0.5192912
c_1_46_619,-1.2278287,1.010601
c_1_46_620,0.38814142,-0.43717813
c_1_46_621,2.1215174,0.17409465
c_1_46_622,-2.2944417,3.7423434
c_1_46_623,-1.0306967,1.5134025
c_1_46_624,0.11286385,0.010749755
c_1_46_625,-1.8784299,2.666484
c_1_46_626,0.25594968,0.25838134
c_1_46_627,-0.51087755,0.086577274
c_1_46_628,1.7531544,0.8615961
c_1_46_629,-0.12600109,-0.20316508
c_1_46_630,0.94980496,0.7768157
c_1_46_631,-1.0876143,1.3381757
c_1_46_632,-0.015096956,-0.33199716
c_1_46_633,0.5118435,-2.406033
c_1_46_634,1.1934977,0.8632912
c_1_46_635,-0.21083981,2.159936
c_1_46_636,0.13559836,-0.20810792
c_1_46_637,1.0498501,-0.13984148
c_1_46_638,-1.1987398,0.6681607
c_1_46_639,0.5999195,0.0532072
c_1_46_640,3.5502477,-0.17637044
c_1_46_641,0.3470222,0.9213939
c_1_46_642,1.2123222,-1.315755
c_1_46_643,-0.20181692,-0.2984198
c_1_46_644,1.2612472,-0.38346213
c_1_46_645,0.7310673,-0.14341177
c_1_46_646,-0.45762527,0.6387832
c_1_46_647,1.0296093,0.8563878
c_1_46_648,0.20316209,0.08907806
c_1_46_649,-0.049773004,0.8113624
c_1_46_650,0.71675277,0.020014104
c_1_46_651,2.5092936,0.07163901
c_1_46_652,-0.83344,1.0857341
c_1_46_653,-2.5145853,1.0954311
c_1_46_654,0.6172889,-0.8041329
c_1_46_655,-0.8727773,-0.65805995
c_1_46_656,-2.6478689,1.9184345
c_1_46_657,-1.8896799,-2.508608
c_1_46_658,0.27540085,0.13555966
c_1_46_659,0.17614783,0.9623726
c_1_46_660,-2.128946,2.4294732
c_1_46_661,-1.9265238,2.2444844
c_1_46_662,-0.65153235,-0.9676882
c_1_46_663,-0.7775582,2.1525269
c_1_46_664,1.3794733,-0.17866711
c_1_46_665,-1.9403652,1.2638242
c_1_46_666,1.444576,1.1873672
c_1_46_667,-0.44728878,0.68399525
c_1_46_668,1.1989939,0.38246235
c_1_46_669,0.6442975,-0.111284465
c_1_46_670,0.6712147,-0.16258642
c_1_46_671,1.2164822,0.011885102
c_1_46_672,0.49771672,0.2506605
c_1_46_673,0.36115575,-0.15007827
c_1_46_674,0.3861463,-0.96727127
c_1_46_675,1.1722046,0.06487269
c_1_46_676,0.25190535,0.85402244
c_1_46_677,-0.49777302,-0.04626126
c_1_46_678,-0.6138959,-0.54486144
c_1_46_679,-0.11160151,0.80630153
c_1_46_680,0.5173903,-0.33985248
c_1_46_681,0.6313661,-0.4944337
c_1_46_682,-0.6177241,0.2980789
c_1_46_683,0.61049384,0.9222836
c_1_46_684,0.24371669,0.13889018
c_1_46_685,0.5003101,-0.543914
c_1_46_686,0.2387584,-0.58222944
c_1_46_687,-0.5179039,-1.1464752
c_1_46_688,-0.15185161,-0.46808475
c_1_46_689,1.9391884,0.2878001
c_1_46_690,-0.058869317,0.025638135
c_1_46_691,0.32454038,0.6087455
c_1_46_692,0.5333285,0.47797772
c_1_46_693,0.90847224,0.18852708
c_1_46_694,0.36156827,-0.037295245
c_1_46_695,-1.4047313,1.7651612
c_1_46_696,0.9360956,0.4502921
c_1_46_697,-0.82039607,-0.20637347
c_1_46_698,0.6322718,-1.5296652
c_1_46_699,-0.37818366,0.74734026
c_1_46_700,-0.7713316,0.41353613
c_1_46_701,0.69724286,0.3164764
c_1_46_702,0.30236995,0.6276176
c_1_46_703,-0.25821596,-0.95803094
c_1_46_704,-0.32226583,-1.1599137
c_1_46_705,-0.03930286,0.06578391
c_1_46_706,0.478986,-1.3070635
c_1_46_707,-0.25759163,-0.8630773
c_1_46_708,0.68544954,-0.4063908
c_1_46_709,-0.5836374,-1.7169901
c_1_46_710,0.8127545,0.08993099
c_1_46_711,-0.46553108,0.25351363
c_1_46_712,-1.3590114,-2.7352014
c_1_46_713,0.081865035,-0.86656076
c_1_46_714,-0.05968143,-0.047362342
c_1_46_715,0.34735453,1.054992
c_1_46_716,-0.48143628,-2.4606025
c_1_46_717,-0.8199817,0.10709268
c_1_46_718,0.3504925,0.29514185
c_1_46_719,-0.4834632,-0.59673995
c_1_46_720,-1.0915359,-2.398364
c_1_46_721,-1.038784,0.37970507
c_1_46_722,-0.87335634,-1.2006496
c_1_46_723,0.56378114,0.22755316
c_1_46_724,0.7534126,1.0482621
c_1_46_725,0.35089236,-1.349677
c_1_46_726,-1.2119268,1.9270437
c_1_46_727,-1.167389,0.110728905
c_1_46_728,-0.06780381,1.086676
c_1_46_729,-1.6087459,-1.3296059
c_1_46_730,-1.1475731,-2.7668686
c_1_46_731,-0.23276354,-0.9294161
c_1_46_732,1.4916174,-3.117221
c_1_46_733,-0.7754175,-1.4510758
c_1_46_734,1.2824895,0.22895673
c_1_46_735,-1.3984455,2.2330363
c_1_46_736,-0.60232615,0.30796376
c_1_46_737,-1.478907,1.1947819
c_1_46_738,-1.5576874,-0.20707913
c_1_46_739,-1.3215867,2.5085437
c_1_46_740,1.8287003,-0.8485477
c_1_46_741,-0.17141585,0.831491
c_1_46_742,1.6981341,-1.1951636
c_1_46_743,-1.1553932,2.1066875
c_1_46_744,-0.8942549,-0.53549075
c_1_46_745,-0.41748682,0.6075195
c_1_46_746,0.6352405,-0.0399592
c_1_46_747,-2.014633,4.8219748
c_1_46_748,0.23996922,-0.31418738
c_1_46_749,-1.263616,-0.00827389
c_1_46_750,0.15446337,0.279734
c_1_46_751,-1.5314668,-2.4532826
c_1_46_752,-1.1198257,-1.1360909
c_1_46_753,-1.6334983,0.3346455
c_1_46_754,-1.4703406,2.3558917
c_1_46_755,0.5538293,0.25347105
c_1_46_756,-0.5160394,-0.27342224
c_1_46_757,0.8089998,0.42360538
c_1_46_758,1.4989723,-0.047937337
c_1_46_759,-0.11631789,1.1802026
c_1_46_760,-1.1441962,2.0090287
c_1_46_761,-2.0382152,1.1161238
c_1_46_762,-0.4984167,-0.821357
c_1_46_763,-2.2081666,2.7420485
c_1_46_764,1.3709013,-1.499985
c_1_46_765,-1.502105,0.05834815
c_1_46_766,-0.6580084,0.48509756
c_1_46_767,0.93330216,-0.36266953
c_1_46_768,-0.7773755,-0.3241075
c_1_46_769,-0.55823386,0.90428495
c_1_46_770,-1.3889459,1.303783
c_1_46_771,1.5585241,-0.4472871
c_1_46_772,-0.59521323,-0.49838233
c_1_46_773,-2.0271537,2.1573515
c_1_46_774,-0.4593461,-0.87305164
c_1_46_775,-2.5664113,2.2377422
c_1_46_776,-1.4699615,-0.4331844
c_1_46_777,0.57290214,-1.1831157
c_1_46_778,-0.66503936,0.23307748
c_1_46_779,-0.5387742,2.3557594
c_1_46_780,1.4789737,-0.908884
c_1_46_781,0.50087684,-0.036405608
c_1_46_782,0.12026273,-0.45461062
c_1_46_783,0.85960543,-0.8949304
c_1_46_784,0.29720014,-0.8868748
c_1_46_785,-0.88447183,0.44371182
c_1_46_786,-0.27945954,-0.2536119
c_1_46_787,-1.2192827,-0.43457898
c_1_46_788,-0.6372373,-0.734019
c_1_46_789,-0.7787563,-2.1145694
c_1_46_790,0.8521281,-1.1118493
c_1_46_791,0.4422515,-0.095148616
c_1_46_792,1.2218509,-0.58820033
c_1_46_793,0.24452847,-1.6886945
c_1_46_794,0.4945858,-0.70732284
c_1_46_795,-0.40206483,1.0221945
c_1_46_796,-1.9365894,-3.3696673
c_1_46_797,-0.7094246,-0.5251836
c_1_46_798,0.91125846,-0.7818334
c_1_46_799,0.15336308,-0.3082792
c_1_46_800,-0.28008297,0.15393202
c_1_46_801,0.7820496,1.052597
c_1_46_802,0.57416886,-0.17613706
c_1_46_803,0.14995605,-0.5437388
c_1_46_804,-1.5426799,-2.1170769
c_1_46_805,-1.5104383,-1.830607
c_1_46_806,-0.52976066,0.208691
c_1_46_807,-0.3177615,-0.8984895
c_1_46_808,-0.58637536,0.9180686
c_1_46_809,1.0674033,-0.18902132
c_1_46_810,0.9339231,0.03240139
c_1_46_811,0.74986476,-0.54388404
c_1_46_812,2.4892926,-1.5947387
c_1_46_813,1.1599135,-0.7730199
c_1_46_814,-0.9137438,0.059630804
c_1_46_815,1.2140558,-0.38066757
c_1_46_816,0.17009787,1.504494
c_1_46_817,0.8207553,-0.10849928
c_1_46_818,2.4509432,-0.58745974
c_1_46_819,-0.5881609,-0.8340146
c_1_46_820,-0.87073094,-0.32306555
c_1_46_821,-0.84058636,0.3499024
c_1_46_822,0.05080542,0.8251632
c_1_46_823,-0.44937453,-0.8354634
c_1_46_824,-0.8140177,1.2433562
c_1_46_825,1.2812942,0.19381051
c_1_46_826,0.4607355,0.19580424
c_1_46_827,1.3346522,0.4191561
c_1_46_828,-0.3988637,0.08146346
c_1_46_829,0.26751634,-1.8408386
c_1_46_830,0.44533792,-0.21047817
c_1_46_831,-1.0764601,0.7408683
c_1_46_832,0.8570306,-1.0335596
c_1_46_833,0.26857695,-1.4499397
c_1_46_834,-2.5300057,-0.5671488
c_1_46_835,2.1493254,0.023819089
c_1_46_836,-0.16265115,0.2966169
c_1_46_837,1.9529083,-0.50791395
c_1_46_838,0.44048607,-0.06609242
c_1_46_839,-1.5305312,1.0262539
c_1_46_840,1.3796257,0.62863624
c_1_46_841,-0.42017183,0.110596724
c_1_46_842,-0.36465356,-0.19988538
c_1_46_843,1.598356,-0.55794394
c_1_46_844,1.4712074,-0.40841174
c_1_46_845,-0.35350376,-0.73137563
c_1_46_846,1.739786,-1.1929507
c_1_46_847,1.2310537,-0.32811072
c_1_46_848,0.65013593,0.9966175
c_1_46_849,-1.6033152,-1.0527087
c_1_46_850,1.0630561,-0.98420316
c_1_46_851,0.835032,-0.04639825
c_1_46_852,1.048735,-0.2436349
c_1_46_853,-0.11649092,-0.0060353917
c_1_46_854,1.1469272,0.07907064
c_1_46_855,0.29587847,-0.13864675
c_1_46_856,-1.227558,0.5894074
c_1_46_857,-1.225459,1.146404
c_1_46_858,3.2138827,-1.0454165
c_1_46_859,0.5327777,-0.72068113
c_1_46_860,-0.17905723,1.4463792
c_1_46_861,1.1035986,-1.0433003
c_1_46_862,0.69553363,0.075692914
c_1_46_863,1.5606023,-0.62272424
c_1_46_864,-0.382254,1.4411938
c_1_46_865,1.3935138,-1.203421
c_1_46_866,-0.3941605,-0.37491336
c_1_46_867,0.6343774,-0.73266006
c_1_46_868,-0.79022443,-1.1753751
c_1_46_869,-1.0283198,-1.062973
c_1_46_870,-0.63572717,3.1786299
c_1_46_871,-0.32429928,0.16814211
c_1_46_872,0.05762924,0.015861245
c_1_46_873,-0.2681443,-0.94400424
c_1_46_874,-1.8890039,0.14113279
c_1_46_875,1.1723067,-1.4108689
c_1_46_876,2.5009775,0.54529744
c_1_46_877,0.09743031,-0.7968993
c_1_46_878,-1.3804175,0.9994736
c_1_46_879,1.4467709,0.3562266
c_1_46_880,-1.2151419,-1.727967
c_1_46_881,-0.5061692,0.19300926
c_1_46_882,0.53423035,0.043153644
c_1_46_883,0.75722075,0.12542094
c_1_46_884,0.54031706,-0.40006575
c_1_46_885,-0.61022997,-1.1064347
c_1_46_886,-0.14303243,0.18204215
c_1_46_887,-0.807912,-1.1351552
c_1_46_888,-1.3817313,0.2546499
c_1_46_889,1.6166527,-0.14262208
c_1_46_890,-0.293206,-1.5056639
c_1_46_891,-1.4574647,-2.0200455
c_1_46_892,1.6202296,0.23012902
c_1_46_893,0.116790175,1.1488552
c_1_46_894,-0.17105551,0.24094407
c_1_46_895,0.660927,0.42899403
c_1_46_896,-1.578131,-2.9238586
c_1_46_897,-1.8749411,-0.16073674
c_1_46_898,0.13987659,0.06626222
c_1_46_899,-0.44785702,-1.5062966
c_1_46_900,2.861183,-2.264558
c_1_46_901,1.6049465,0.6787516
c_1_46_902,-0.87318784,-1.1149515
c_1_46_903,0.5604669,-0.18202986
c_1_46_904,-0.17413054,-1.3962295
c_1_46_905,-0.5573722,-0.81397414
c_1_46_906,-0.62486964,0.7864871
c_1_46_907,-2.1399982,0.7047388
c_1_46_908,2.2792299,-1.7048458
c_1_46_909,0.41345513,-0.9241943
c_1_46_910,-0.33499974,-0.58816606
c_1_46_911,-0.45549068,1.1107157
c_1_46_912,1.146151,-0.4635618
c_1_46_913,1.8569812,-0.6922395
c_1_46_914,1.0022236,0.7189536
c_1_46_915,1.6508173,-0.68443245
c_1_46_916,2.5230858,-0.23856735
c_1_46_917,-0.49570936,0.20608224
c_1_46_918,-0.74638456,-0.6343659
c_1_46_919,4.0057673,-2.2170491
c_1_46_920,-0.32557517,-0.089894876
c_1_46_921,-1.1208655,0.21263616
c_1_46_922,-0.09784966,0.012788772
c_1_46_923,-0.4844193,0.5032792
c_1_46_924,0.49243945,-1.005891
c_1_46_925,0.7798325,-0.9209057
c_1_46_926,-3.2910447,-2.0479548
c_1_46_927,0.9248738,0.11896951
c_1_46_928,1.2581887,-1.1170747
c_1_46_929,-1.4788125,-0.16415414
c_1_46_930,0.7108829,0.17259929
c_1_46_931,-0.3877829,-0.11317967
c_1_46_932,1.4780142,0.3713796
c_1_46_933,0.039160024,0.852947
c_1_46_934,-0.22890447,1.289868
c_1_46_935,0.30636,0.1760576
c_1_46_936,0.051664986,-1.8776274
c_1_46_937,-0.7145584,0.49832243
c_1_46_938,0.11824358,-0.25736648
c_1_46_939,0.2385944,0.0559117
c_1_46_940,0.32584602,0.003323614
c_1_46_941,-0.53076637,0.99091744
c_1_46_942,1.3877113,0.50489014
c_1_46_943,-2.028777,2.3695788
c_1_46_944,0.6296905,-0.44835153
c_1_46_945,-1.1106216,2.2842832
c_1_46_946,-0.42140406,-0.48062137
c_1_46_947,0.7108524,-0.42082003
c_1_46_948,0.033931624,0.868129
c_1_46_949,-1.0487278,-0.409329
c_1_46_950,1.5879179,-1.0159707
c_1_46_951,-0.9859549,1.0914096
c_1_46_952,-0.16726522,0.35409194
c_1_46_953,-1.0323751,2.011617
c_1_46_954,2.4090438,-1.7475876
c_1_46_955,0.842822,0.03598842
c_1_46_956,1.7889214,-0.27660516
c_1_46_957,-2.195563,-0.94405645
c_1_46_958,-1.3359978,0.42748332
c_1_46_959,-0.55202246,-0.09236081
c_1_46_960,-0.9153168,-0.9812961
c_1_46_961,2.4277623,0.1455903
c_1_46_962,0.12529218,-0.6856843
c_1_46_963,0.11557182,-0.15010811
c_1_46_964,0.7085694,-0.9154924
c_1_46_965,0.53394544,0.9326064
c_1_46_966,2.0561237,0.3396641
c_1_46_967,0.5673066,1.9675982
c_1_46_968,1.1962633,-0.53336746
c_1_46_969,0.11841219,0.051708147
c_1_46_970,-0.24770531,-1.1302358
c_1_46_971,-0.74900675,0.15224428
c_1_46_972,-1.3249173,-0.80630666
c_1_46_973,0.7242974,-0.99394846
c_1_46_974,-0.7323213,0.30895004
c_1_46_975,1.498999,0.44108376
c_1_46_976,0.33532166,1.1880356
c_1_46_977,0.32446757,-0.36622876
c_1_46_978,-1.4552203,-2.1507862
c_1_46_979,1.1706457,0.4530553
c_1_46_980,0.79097086,-0.89078563
c_1_46_981,-2.8540132,-3.8423104
c_1_46_982,2.0554156,-1.3814383
c_1_46_983,-1.546847,0.8738785
c_1_46_985,0.86289537,0.3192814
c_1_46_986,-2.3280437,-0.4699355
c_1_46_987,0.81856424,-0.99245816
c_1_46_988,0.06329843,1.0015218
c_1_46_989,-0.7802898,0.5242926
c_1_46_990,-1.3391386,1.8957375
c_1_46_991,1.5327901,-1.3800551
c_1_46_992,-0.07633018,0.5555358
c_1_46_993,0.26582608,-0.31257942
c_1_46_994,0.5850892,2.669062
c_1_46_995,-0.22606315,0.4787125
c_1_46_996,-2.9990244,0.19129172
c_1_46_997,-2.314118,4.229989
c_1_46_998,1.3173745,0.34769526
c_1_46_999,0.67855144,0.818703
c_1_46_1000,1.8006754,0.04821446
c_1_46_1001,-0.18074933,0.5671988
c_1_46_1002,-0.6692554,-0.2971112
c_1_46_1003,-1.6000885,-0.20264943
c_1_46_1004,0.8370299,-0.21425655
c_1_46_1005,1.531084,-0.4404243
c_1_46_1006,0.15692157,0.3168057
c_1_46_1007,-0.05687428,-0.6997768
c_1_46_1008,-0.33741477,0.37907752
c_1_46_1009,-0.85300386,-0.45958346
c_1_46_1010,-1.229617,-1.1229199
c_1_46_1011,-1.3712574,3.2982163
c_1_46_1012,-0.21013117,0.10979887
c_1_46_1013,1.7355525,0.037054773
c_1_46_1014,-0.003528174,0.58097273
c_1_46_1015,0.2517596,-0.67552084
c_1_46_1016,-0.55170137,0.33556908
c_1_46_1017,2.0048997,0.035826758
c_1_46_1018,-0.75260246,0.17882557
c_1_46_1019,-1.5800788,1.541613
c_1_46_1020,1.6086725,-0.077144034
c_1_46_1021,-0.48198688,0.26339814
c_1_46_1022,-0.8416098,4.1477046
c_1_46_1023,0.56172544,-0.80865294
c_1_46_1024,-0.61113405,-1.4029578
c_1_46_1025,0.32001933,0.022007989
c_1_46_1026,0.6818198,-0.42298278
c_1_46_1027,-0.95318997,-0.14337406
c_1_46_1028,0.9338352,-0.367446
c_1_46_1029,2.6026673,-0.9149233
c_1_46_1030,-0.42069456,-0.5020082
c_1_46_1031,0.675593,0.501838
c_1_46_1032,-1.3796841,3.7970867
c_1_46_1033,0.34095132,-0.42086145
c_1_46_1034,-2.6680734,3.8155239
c_1_46_1035,0.67133373,-1.3356453
c_1_46_1036,-1.1452492,1.5195448
c_1_46_1037,1.0051059,-0.8354237
c_1_46_1038,0.64150506,0.9743185
c_1_46_1039,-0.2386422,0.2808204
c_1_46_1040,-0.17735761,0.018845752
c_1_46_1041,-1.9383972,3.3571224
c_1_46_1042,1.1364857,0.21050885
c_1_46_1043,-0.4730345,2.0743277
c_1_46_1044,0.015645854,-0.83002096
c_1_46_1045,-1.2470977,-0.0475696
c_1_46_1046,-0.089634806,-0.89399266
c_1_46_1047,0.06479263,-0.017237965
c_1_46_1048,0.4798692,-0.52589893
c_1_46_1049,0.37138066,-0.6575281
c_1_46_1050,-0.8973006,1.1789507
c_1_46_1051,2.2897592,-0.39867032
c_1_46_1052,-0.8340233,-1.4480507
c_1_46_1053,1.6870947,-0.3453524
c_1_46_1054,-1.1033726,2.7611623
c_1_46_1055,-0.79591215,-1.0435857
c_1_46_1056,-0.046785988,-0.68350166
c_1_46_1057,-1.8330007,1.3052835
c_1_46_1058,-1.0084268,1.2473938
c_1_46_1059,0.29272184,-0.08271209
c_1_46_1060,0.05933949,-0.44956923
c_1_46_1061,0.92071813,0.45559853
c_1_46_1062,0.45725983,-0.8218397
c_1_46_1063,0.69695085,-0.32780766
c_1_46_1064,0.4510963,1.4147881
c_1_46_1065,-0.48022127,0.28573084
c_1_46_1066,2.2492783,-0.55257344
c_1_46_1067,-2.1369681,-1.104371
c_1_46_1068,0.69849575,-1.8839643
c_1_46_1069,0.48222703,-1.4069334
c_1_46_1070,-2.059208,-0.7130102
c_1_46_1071,1.4871435,0.5403608
c_1_46_1072,1.8737786,-0.21042183
c_1_46_1073,-0.81735617,-1.2451539
c_1_46_1074,-4.2421484,-5.6967673
c_1_46_1075,-0.45018685,-0.1757844
c_1_46_1076,-0.25709093,0.67097384
c_1_46_1077,0.6248618,-0.94538164
c_1_46_1078,-0.59628266,-0.15771578
c_1_46_1079,0.4900803,-0.97499114
c_1_46_1081,-1.3814816,-1.7720404
c_1_46_1082,-0.8326679,-2.0580542
c_1_46_1083,0.12704703,0.2101403
c_1_46_1084,0.100509815,-0.031062819
c_1_46_1085,0.06144699,0.7938096
c_1_46_1086,1.1389008,-1.1295092
c_1_46_1087,-0.6219345,-0.15089433
c_1_46_1088,0.27811694,-1.5974389
c_1_46_1089,-0.92538536,-1.0891317
c_1_46_1090,-2.056077,-1.1945006
c_1_46_1091,-1.5011303,-0.92563117
c_1_46_1092,0.9861445,-0.07219568
c_1_46_1093,0.99557567,-0.4434988
c_1_46_1094,1.4554206,-2.141596
c_1_46_1095,-0.015545362,-0.7146241
c_1_46_1096,-0.72956777,0.3895308
c_1_46_1097,1.51332,-0.92924106
c_1_46_1098,-1.7519993,-1.566805
c_1_46_1099,0.22607413,-1.0476705
c_1_46_1100,-0.526077,1.6286374
c_1_46_1101,0.99553907,1.2960998
c_1_46_1102,-0.110939614,-0.07591591
c_1_46_1103,0.31620649,-3.2603078
c_1_46_1104,0.42068335,1.1640997
c_1_46_1105,0.8040426,0.74613464
c_1_46_1106,0.48190874,-1.0280342
c_1_46_1107,-0.07270889,0.025385424
c_1_46_1108,-0.044072904,-2.8209057
c_1_46_1109,0.2578737,-0.8807875
c_1_46_1110,0.35073197,-0.9323842
c_1_46_1111,3.46149,-1.5271959
c_1_46_1112,-1.0375327,-0.01945267
c_1_46_1113,-0.5158696,-0.63970035
c_1_46_1114,0.658465,-1.650137
c_1_46_1115,2.3070047,0.7968444
c_1_46_1116,-1.443062,2.2613413
c_1_46_1117,-2.4373915,0.3463825
c_1_46_1118,-0.06651267,-2.2378612
c_1_46_1119,-1.5234543,0.71671164
c_1_46_1120,-0.022893159,0.51989084
c_1_46_1121,-0.13548523,-0.3748334
c_1_46_1122,1.1735436,-0.12201607
c_1_46_1123,-0.15382886,2.6975207
c_1_46_1124,2.9247892,-2.1587446
c_1_46_1125,-2.6266425,2.5060785
c_1_46_1126,-0.377061,-1.0392983
c_1_46_1127,-0.727396,-0.27443373
c_1_46_1128,0.5268498,1.11633
c_1_46_1129,-1.969262,-2.9149683
c_1_46_1130,-0.23622002,1.2187841
c_1_46_1131,0.45691144,-1.421058
c_1_46_1132,-0.16516994,0.41239053
c_1_46_1133,-1.2398231,1.7821
c_1_46_1134,1.3579167,0.7411928
c_1_46_1135,-1.3353393,0.16909495
c_1_46_1136,-0.58441126,-1.982125
c_1_46_1137,-1.3146106,0.3043138
c_1_46_1141,-1.1382326,-0.95579726
c_1_46_1143,-2.0449073,-1.9063873
c_1_46_1145,-0.11892133,1.0546395
c_1_46_1147,0.3690137,0.27481523
c_1_46_1149,-0.8619016,0.6420122
c_1_46_1152,0.6182189,-0.3983822
c_1_46_1153,1.5418415,0.2001475
c_1_46_1155,2.3582757,-2.0384905
c_1_46_1157,2.5898192,-1.5707157
c_1_46_1159,3.65152,-2.677105
c_1_46_1160,3.2095494,-1.5167577
c_1_46_1161,3.0406826,-2.9726217
c_1_46_1164,1.0894563,-0.31047058
c_1_46_1165,4.012906,-5.878195
c_1_46_1166,0.1350557,-1.040646
c_1_46_1167,2.4447916,-0.02719258
c_1_46_1168,0.8150657,-0.93551594
c_1_46_1169,2.1328318,-0.8469569
c_1_46_1170,0.34516048,1.093903
c_1_46_1171,-2.4083323,-0.29541966
c_1_46_1172,4.6981416,-2.306817
c_1_46_1173,0.5799606,-0.87263435
c_1_46_1174,0.6903565,1.2705442
c_1_46_1176,0.72441816,0.3767966
c_1_46_1177,1.9065436,-0.010479892
c_1_46_1178,-0.75295544,0.4918972
c_1_46_1179,-1.1736003,-0.4482463
c_1_46_1180,0.78021413,0.51987416
c_1_46_1181,-0.40442792,-1.7845289
c_1_46_1182,-0.36494932,-1.5629171
c_1_46_1183,-1.8716362,-1.7267218
c_1_46_1184,3.5510652,-0.94010913
c_1_46_1185,-0.992876,2.3706887
c_1_46_1186,-1.5038658,-1.3913153
c_1_46_1187,0.4895701,-2.8851714
c_1_46_1188,0.9927698,-3.3568494
c_1_46_1189,1.7280217,-1.6661679
c_1_46_1190,1.3785063,-0.84637827
c_1_46_1191,1.1655805,-1.2080063
c_1_46_1192,0.65631926,-1.8667834
c_1_46_1193,-0.084765136,-1.3740788
c_1_46_1194,1.6412029,-1.8578528
c_1_46_1195,-2.9933798,-2.7799482
c_1_46_1196,0.20193735,-2.5862072
c_1_46_1197,-5.1181593,-2.953736
c_1_46_1198,-0.26790676,-1.2922065
c_1_46_1199,-0.34112233,0.36152145
c_1_46_1201,1.1466898,-0.3287472
c_1_46_1202,-1.9417077,-1.9881246
c_1_46_1203,2.2419605,-1.2289529
c_1_46_1204,-0.17416114,-0.07953914
c_1_46_1205,-4.0513954,-4.7032747
c_1_46_1206,1.0940667,-0.9307266
c_1_46_1207,-0.496575,-0.9965684
c_1_46_1208,-0.10343038,0.76829517
c_1_46_1209,0.72997236,-0.44509038
c_1_46_1210,-0.8624344,1.2420597
c_1_46_1211,0.77539766,-3.446881
c_1_46_1212,-2.6105776,-3.1705167
c_1_46_1213,-1.4222387,-0.10208247
c_1_46_1214,1.6296113,0.6896677
c_1_46_1215,0.45827416,1.6685789
c_1_46_1216,0.90386593,-0.46063146
c_1_46_1217,-1.7969153,-2.9908452
c_1_46_1218,0.046528127,-0.7257037
c_1_46_1219,0.496135,0.2997185
c_1_46_1220,-0.3694852,-1.0575581
c_1_46_1221,-0.1311829,-1.6522877
c_1_46_1222,-1.2263054,-0.39402813
c_1_46_1223,1.0738791,-0.5224517
c_1_46_1224,1.3964983,-0.52999
c_1_46_1225,0.97161484,-2.8793275
c_1_46_1226,0.22237106,1.0468235
c_1_46_1227,0.17114982,0.7324953
c_1_46_1228,-0.51314956,0.27181578
c_1_46_1229,0.70963395,-1.3924832
c_1_46_1231,-1.3208717,1.0621767
c_1_46_1232,1.2280658,0.5877316
c_1_46_1233,0.3372923,-0.74745154
c_1_46_1235,0.32512456,0.25427547
c_1_46_1236,-0.79975533,-1.983535
c_1_46_1237,1.0495547,0.3287704
c_1_46_1238,0.7472103,-2.347384
c_1_46_1239,1.293285,0.7061173
c_1_46_1240,0.493081,-0.70597136
c_1_46_1241,4.668942,-3.2798426
c_1_46_1242,-0.84013385,0.15613845
c_1_46_1243,-0.4322511,-1.0740205
c_1_46_1244,2.4750905,0.323128
c_1_46_1245,-0.3394218,0.7382957
c_1_46_1246,-0.36766675,1.5239999
c_1_46_1247,-0.17458375,-0.40063372
c_1_46_1248,-1.7143481,1.2877188
c_1_46_1249,-0.65347105,0.5003668
c_1_46_1250,1.4031641,-2.182471
c_1_46_1251,-1.5042026,-0.53833085
c_1_46_1252,0.2556176,1.1752989
c_1_46_1254,-1.8477479,1.6323568
c_1_46_1255,-0.49435982,-0.5712141
c_1_46_1256,0.78400517,0.80531794
c_1_46_1257,-0.3069243,2.247417
c_1_46_1258,0.8945455,-0.80752486
c_1_46_1259,-2.038975,2.535812
c_1_46_1260,0.5436237,-1.5456051
c_1_46_1261,1.6995777,-0.4355631
c_1_46_1263,-0.9515863,-1.2691559
c_1_46_1264,-0.25620818,0.23410766
c_1_46_1266,-0.59723294,4.1482315
c_1_46_1267,0.27435613,-1.3540169
c_1_46_1268,0.4985715,-0.29614732
c_1_46_1269,-0.06645137,-0.18444893
c_1_46_1270,-0.11308116,0.30209628
c_1_46_1271,-1.1483276,2.6797478
c_1_46_1272,-1.763466,5.8067555
c_1_46_1273,-1.2661046,3.3145921
c_1_46_1274,-1.627923,-0.78890866
c_1_46_1275,1.4922237,1.8751007
c_1_46_1276,2.306271,0.07252299
c_1_46_1278,-1.7278868,-1.2537935
c_1_46_1279,0.5784504,-0.39426026
c_1_46_1280,-1.9932494,2.1959953
c_1_46_1281,2.3960924,-3.9717233
c_1_46_1282,-0.3350988,-1.8285191
c_1_46_1283,1.5314298,0.4286808
c_1_46_1284,0.6006801,-0.99584824
c_1_46_1285,-0.65094876,0.020741176
c_1_46_1286,-1.2421011,-1.7128088
c_1_46_1287,1.2031587,0.50434154
c_1_46_1288,-0.15045549,-1.0911963
c_1_46_1289,-0.91727436,-1.4334147
c_1_46_1290,0.044705994,-0.81989056
c_1_46_1291,-1.1014433,0.34241316
c_1_46_1293,-3.293965,-1.9287018
c_1_46_1294,-0.028606743,-0.7724607
c_1_46_1295,-0.7315431,-0.6861595
c_1_46_1296,-0.0711236,0.052931987
c_1_46_1297,0.28953314,0.37872127
c_1_46_1298,-1.7226543,-3.3242679
c_1_46_1299,-1.1613563,0.3374262
c_1_46_1300,0.045459203,-1.9556643
c_1_46_1301,-0.83905184,-1.433159
c_1_46_1302,0.60372865,-1.0062387
c_1_46_1303,-1.6047901,0.59468156
c_1_46_1304,1.5107297,0.13080391
c_1_46_1305,2.0198777,0.6133224
c_1_46_1306,0.83625656,0.6680138
c_1_46_1307,1.8015591,-1.1132921
c_1_46_1308,0.73532176,0.11125742
c_1_46_1309,-1.7934942,-1.6453279
c_1_46_1310,0.9015212,0.43907225
c_1_46_1312,1.4882553,-0.61958206
c_1_46_1313,2.260124,-1.1673472
c_1_46_1314,-1.9212635,1.2674567
c_1_46_1315,1.3718331,1.1366665
c_1_46_1316,-0.43503806,1.5038155
c_1_46_1317,0.759766,-0.92412883
c_1_46_1318,-1.9742212,1.226893
c_1_46_1319,-1.2289726,1.3790959
c_1_46_1320,1.8406848,-2.25083
c_1_46_1321,1.8297799,-0.38433632
c_1_46_1322,-0.092219554,-1.4110556
c_1_46_1323,-0.27803254,0.6473669
c_1_46_1324,-0.84568703,-2.2162876
c_1_46_1325,-0.87016517,1.1271621
c_1_46_1328,0.9320611,-0.13992602
c_1_46_1329,-0.7095425,0.7125745
c_1_46_1330,-2.0617533,0.39373192
c_1_46_1331,-1.0535679,2.0277581
c_1_46_1332,-0.5847741,-1.6165013
c_1_46_1333,0.3749032,0.033315443
c_1_46_1334,3.644228,0.5818584
c_1_46_1335,-0.95879835,0.021488968
c_1_46_1336,0.64149547,-1.660548
c_1_46_1337,-2.7777734,5.4364185
c_1_46_1338,-0.29965922,0.97450686
c_1_46_1339,-1.9336871,-0.72893476
c_1_46_1340,0.42672214,1.8477229
c_1_46_1341,-3.874057,0.25877717
c_1_46_1343,-1.406647,-1.2128567
c_1_46_1344,-0.27315316,0.8238869
c_1_46_1345,0.677044,-0.7850233
c_1_46_1346,0.3587605,-0.45928457
c_1_46_1347,0.2659371,-0.33819392
c_1_46_1348,-1.4325528,3.4168231
c_1_46_1349,-0.048351668,-0.5260007
c_1_46_1350,-0.3933429,-1.0604411
c_1_46_1351,-1.4578849,2.2853308
c_1_46_1352,-1.5139296,1.6924753
c_1_46_1353,-3.1867032,-6.0572343
c_1_46_1354,0.432397,2.526052
c_1_46_1355,0.4974989,-0.68905085
c_1_46_1356,0.16913919,0.24063016
c_1_46_1357,1.3644137,-2.9141736
c_1_46_1359,-0.14636004,0.8713866
c_1_46_1360,-0.73919374,-0.54403114
c_1_46_1361,-1.8234911,4.9058075
c_1_46_1362,-1.9820238,3.0824983
c_1_46_1363,-1.0849407,-0.75045806
c_1_46_1364,-0.07294221,-0.80220205
c_1_46_1365,-1.3543701,-0.018581085
c_1_46_1367,-1.0557806,2.1323767
c_1_46_1368,-1.2707422,2.1161854
c_1_46_1369,-0.89399993,-0.41028512
c_1_46_1370,-1.7407246,1.2485782
c_1_46_1371,-0.41592568,-1.9083545
c_1_46_1372,-2.2953598,0.66172934
c_1_46_1373,2.8922224,1.016812
c_1_46_1374,1.3157126,1.6147672
c_1_46_1376,-2.3472326,2.3103192
c_1_46_1377,-0.5462167,0.36134237
c_1_46_1379,-0.59776574,-0.6010735
c_1_46_1380,-1.0008976,-0.3579426
c_1_46_1381,-1.2100214,1.921725
c_1_46_1382,0.28149667,0.29217818
c_1_46_1384,-0.98452455,2.1806107
c_1_46_1385,-0.11600964,-1.084657
c_1_46_1386,-1.1232243,2.8360388
c_1_46_1387,-1.5445899,-0.8711678
c_1_46_1388,0.062644444,1.1577063
c_1_46_1389,-2.716882,-1.3357766
c_1_46_1390,-1.2422312,2.2698095
c_1_46_1391,-3.1329856,-1.6748824
c_1_46_1392,-0.7493515,-3.8662956
c_1_46_1393,-1.2850374,1.0185317
c_1_46_1394,-1.6470926,1.2789091
c_1_46_1395,-2.1834764,1.3801842
c_1_46_1396,-2.5250857,1.3601307
c_1_46_1397,-1.6048967,0.8467899
c_1_46_1398,-0.33372533,-1.4570806
c_1_46_1399,-1.015391,2.3332133
c_1_46_1400,-0.50491786,-0.08861466
c_1_46_1402,-0.12966001,-0.21597373
c_1_46_1403,-1.6779954,-1.2858018
c_1_46_1404,-2.8326995,0.3153134
c_1_46_1405,-1.693769,2.5572708
c_1_46_1406,-0.8324884,-1.3575137
c_1_46_1407,-2.8249772,-3.8556662
c_1_46_1408,-2.3235543,1.4639143
c_1_46_1409,-0.28464285,1.0022867
c_1_46_1410,-1.2741213,2.7614987
c_1_46_1411,0.7525344,-0.16424422
c_1_46_1412,-1.395198,0.33850908
c_1_46_1413,0.30452412,0.01496221
c_1_46_1414,-0.102800384,0.53718144
c_1_46_1415,0.06539592,-0.49436104
c_1_46_1416,-3.2184565,-4.349158
c_1_46_1417,-1.4072937,3.565926
c_1_46_1418,-1.8040259,2.691545
c_1_46_1419,-3.640083,-2.7582767
c_1_46_1420,-0.19997352,3.2994392
c_1_46_1421,-2.396189,3.8431776
c_1_46_1422,1.1979272,-1.1617622
c_1_46_1423,-1.023441,1.7944126
c_1_46_1424,-1.4479024,0.45726544
c_1_46_1425,-0.7761909,3.9813251
c_1_46_1426,-0.6823806,-0.49623168
c_1_46_1427,-1.2681553,-1.0585451
c_1_46_1428,1.1060811,-1.0487999
c_1_46_1429,-1.5565943,3.624712
c_1_46_1430,-0.6885398,-0.6938434
c_1_46_1431,-1.8681473,-1.5151122
c_1_46_1432,-2.6213095,2.539293
c_1_46_1433,-1.4294257,3.105859
c_1_46_1434,-0.6785335,-2.5923355
c_1_46_1435,-1.2453843,-1.8561894
c_1_46_1436,2.4930456,-0.4705261
c_1_46_1437,0.21227412,0.32801902
c_1_46_1438,-1.3242478,1.7961786
c_1_46_1439,2.1571467,0.120095745
c_1_46_1440,0.52887344,0.15108396
c_1_46_1441,-0.7757323,1.3736409
c_1_46_1442,-2.5580318,3.2332876
c_1_46_1443,-2.1265926,2.9547975
c_1_46_1444,-0.022114541,-0.76679295
c_1_46_1445,0.67738396,0.60701513
c_1_46_1446,-1.3818972,0.26593584
c_1_46_1447,0.7341427,0.63295156
c_1_46_1448,-1.7243309,-3.529203
c_1_46_1449,-0.26511723,-2.0385158
c_1_46_1450,-1.488952,0.38440353
c_1_46_1451,-0.16209976,0.3050392
c_1_46_1452,-4.4795957,-4.7039704
c_1_46_1453,-1.7820125,-0.72444934
c_1_46_1454,-0.45973328,-1.0964316
c_1_46_1455,-2.8890622,2.1681426
c_1_46_1456,0.016418172,0.04998933
c_1_46_1457,-0.2488656,-1.4324905
c_1_46_1458,-0.46144706,0.20695113
c_1_46_1459,3.4608707,-1.609387
c_1_46_1460,1.0507977,0.46139038
c_1_46_1461,0.27219495,-0.22441004
c_1_46_1462,-4.9144883,-4.7717433
c_1_46_1463,-1.5752752,2.4209347
c_1_46_1464,-0.0028081283,-1.9804995
c_1_46_1465,-1.9040449,-1.8497063
c_1_46_1466,-0.24461214,0.061774824
c_1_46_1467,-2.2394888,-1.7445976
c_1_46_1468,2.1793866,-1.8807697
c_1_46_1469,1.1270804,-0.023611462
c_1_46_1470,2.03439,-2.3168151
c_1_46_1471,0.6008398,-0.5884422
c_1_46_1472,-2.0245657,2.449021
c_1_46_1473,-2.0888865,2.155808
c_1_46_1474,-0.7902878,-0.70824444
c_1_46_1475,-1.7306705,2.0065198
c_1_46_1476,1.7096801,-0.01825314
c_1_46_1477,-0.5587158,1.045667
c_1_46_1478,-0.6169272,-1.035137
c_1_46_1479,-1.4618516,0.44499367
c_1_46_1480,-0.84801,-1.4489919
c_1_46_1481,-1.7373264,-0.7596334
c_1_46_1482,-2.1418405,2.17188
c_1_46_1483,0.15603568,0.42596644
c_1_46_1484,-0.7676499,-0.9088861
c_1_46_1485,-0.32322785,-0.67859143
c_1_46_1486,-0.50084084,-1.7534968
c_1_46_1487,1.4573827,-0.6256591
c_1_46_1488,0.13293532,0.24276723
c_1_46_1489,-2.184124,2.9788349
c_1_46_1491,0.36831805,-1.0940255
c_1_46_1492,-1.1615953,-0.7199155
c_1_46_1493,0.5185031,0.9426109
c_1_46_1494,-1.9962672,1.1156875
c_1_46_1495,-0.78573376,1.8086798
c_1_46_1496,-1.1175225,-0.1848296
c_1_46_1497,1.0880449,1.1208996
c_1_46_1498,0.06532628,1.1322155
c_1_46_1499,-0.4234962,1.1912076
c_1_46_1500,-0.16622975,-0.41595
c_1_46_1501,-1.0007808,-1.4235473
c_1_46_1502,-0.62680143,-0.40947866
c_1_46_1503,0.16335227,0.14121988
c_1_46_1504,-0.6346601,1.1126374
c_1_46_1506,0.07988185,1.0155371
c_1_46_1507,-1.5100707,3.690532
c_1_46_1508,-0.7350892,0.49251735
c_1_46_1509,-0.84203184,0.3794188
c_1_46_1510,-0.7365377,-1.8238271
c_1_46_1511,-2.2670822,2.7152042
c_1_46_1512,-0.085771315,-0.070269875
c_1_46_1513,0.07365522,0.93248355
c_1_46_1514,-0.6596356,-2.859713
c_1_46_1515,-1.4981246,0.9699658
c_1_46_1516,-0.5489371,0.48462558
c_1_46_1517,-0.913617,-0.32242277
c_1_46_1518,0.16837157,-1.8765941
c_1_46_1519,-1.382061,-3.360175
c_1_46_1520,0.9318742,0.29056886
c_1_46_1521,0.37264282,-0.4732512
c_1_46_1522,-1.2460834,-0.57911325
c_1_46_1523,2.9177797,-0.56659824
c_1_46_1524,-1.4552362,1.9623013
c_1_46_1525,0.026377775,0.05759761
c_1_46_1526,-0.019947963,-0.23295885
c_1_46_1527,0.65862966,0.62030214
c_1_46_1528,-1.7185202,2.0704148
c_1_46_1529,-0.104368374,-0.039960217
c_1_46_1530,-2.5456264,-3.8135424
c_1_46_1531,-3.9701827,-5.109485
c_1_46_1532,-2.33413,1.1511736
c_1_46_1533,-0.67095006,-3.1052759
c_1_46_1534,-2.7169108,-3.2915528
c_1_46_1535,-1.9504634,-2.169837
c_1_46_1536,-2.3304806,2.236613
c_1_46_1537,-1.9687203,-0.12181819
c_1_46_1538,-1.9968286,-0.04704857
c_1_46_1539,-4.226622,-3.7992902
c_1_46_1540,-0.39119658,0.477876
c_1_46_1541,0.1684255,-0.5504028
c_1_46_1542,-2.038478,0.7748011
c_1_46_1543,-1.1592368,1.0602586
c_1_46_1544,1.1318586,0.5744017
c_1_46_1545,0.71802264,-0.3607335
c_1_46_1546,-0.48414546,0.08040592
c_1_46_1547,-1.3640606,1.989319
c_1_46_1548,-1.7121156,0.61645323
c_1_46_1549,1.1158056,3.333808
c_1_46_1550,-1.5881323,3.8662224
c_1_46_1551,0.38845855,0.6703793
c_1_46_1552,-1.0813837,-0.5291441
c_1_46_1553,0.8252812,-1.4188377
c_1_46_1554,1.2967852,0.13418275
c_1_46_1555,-1.9940339,-2.741513
c_1_46_1556,0.368635,-0.0025726499
c_1_46_1557,0.35965648,-0.736764
c_1_46_1558,-1.3230249,1.8380761
c_1_46_1559,0.9832441,0.4596353
c_1_46_1560,0.01267767,-0.77176267
c_1_46_1561,-0.4946042,1.2130492
c_1_46_1562,1.4517612,-0.38125217
c_1_46_1563,-1.787037,1.5528477
c_1_46_1564,-0.10182907,-0.28905237
c_1_46_1565,-1.8923471,-2.6015952
c_1_46_1566,-1.9152039,1.3336239
c_1_46_1567,-0.99849486,3.2580347
c_1_46_1568,-0.7230135,0.21381675
c_1_46_1569,-1.3642944,-1.3214314
c_1_46_1570,-0.36803007,0.8090793
c_1_46_1571,-1.0238384,-1.1682417
c_1_46_1572,0.31358066,0.01705263
c_1_46_1573,-0.24722777,-2.2941496
c_1_46_1574,1.6929957,-0.99212635
c_1_46_1575,-2.2983449,-0.4491238
c_1_46_1576,-2.3945062,3.564199
c_1_46_1577,-1.902556,1.7557586
c_1_46_1578,-0.3348938,0.7773115
c_1_46_1579,-0.8390869,-1.4608772
c_1_46_1580,-2.157021,0.9211841
c_1_46_1581,-0.9023136,-1.3961519
c_1_46_1582,-1.2755026,0.37568054
c_1_46_1583,-0.06303694,1.3188149
c_1_46_1584,0.27064398,-1.0537887
c_1_46_1585,-0.97246397,-0.18108658
c_1_46_1586,1.6588864,-0.15712066
c_1_46_1587,0.116864,-1.0483751
c_1_46_1588,-1.8203857,5.0395846
c_1_46_1590,-1.332256,2.2396894
c_1_46_1591,-0.9311103,-0.05925246
c_1_46_1592,0.042165913,-0.09191041
c_1_46_1593,-1.1703347,-1.2207425
c_1_46_1594,-0.23516081,1.2424766
c_1_46_1595,-1.3690408,3.82897
c_1_46_1596,-1.2902433,-1.5688802
c_1_46_1597,-0.3826505,0.6465135
c_1_46_1599,-0.57131547,-0.24588266
c_1_46_1600,-0.8551815,-0.09665146
c_1_46_1601,-2.4940057,-3.985291
c_1_46_1602,0.2893166,-0.13140437
c_1_46_1603,1.9714502,-0.48842913
c_1_46_1604,0.53933555,0.6689766
c_1_46_1605,-0.60833275,0.2510533
c_1_46_1606,-1.5247294,4.606612
c_1_46_1607,-0.9834716,1.167857
c_1_46_1608,-0.9024531,0.21870095
c_1_46_1609,-1.4021859,1.6472418
c_1_46_1610,-0.60681856,0.55729866
c_1_46_1611,-0.6690801,-0.10042002
c_1_46_1612,-1.2271513,3.4272664
c_1_46_1613,-0.46227333,-0.44738036
c_1_46_1614,-0.3166328,1.6079597
c_1_46_1615,-0.6154514,-0.16191903
c_1_46_1616,-1.2401137,2.0584204
c_1_46_1617,-0.7462683,-0.7957445
c_1_46_1618,-2.0489132,-0.26768997
c_1_46_1619,1.1567719,-0.5845093
c_1_46_1620,0.5272812,-0.40407488
c_1_46_1621,0.52135646,0.012283625
c_1_46_1622,-0.37440053,0.35442865
c_1_46_1623,0.23634152,-1.4698893
c_1_46_1624,-0.0284473,0.9041983
c_1_46_1625,-0.5691291,-1.5645357
c_1_46_1626,-0.8792248,-1.7127223
c_1_46_1627,-0.8754673,-0.38276827
c_1_46_1628,-0.9477742,-0.21579945
c_1_46_1629,1.5214778,-0.2680999
c_1_46_1630,-0.05892643,-0.9658938
c_1_46_1631,1.0106778,-1.5908035
c_1_46_1632,-1.5227879,1.3721119
c_1_46_1633,0.914102,0.3018887
c_1_46_1634,0.5639157,2.1344419
c_1_46_1635,0.2635975,-0.5111002
c_1_46_1636,0.06172925,1.6457428
c_1_46_1637,0.9751504,-2.305979
c_1_46_1638,0.2984389,-0.5707155
c_1_46_1639,1.9385368,-0.03523786
c_1_46_1640,-2.9223368,0.8633071
c_1_46_1641,-0.6894486,2.3574903
c_1_46_1642,0.7400736,0.2873535
c_1_46_1643,0.36501792,1.1521829
c_1_46_1644,-0.5408801,0.47296333
c_1_46_1645,0.58434784,0.46952146
c_1_46_1647,0.6987655,1.3457767
c_1_46_1648,-0.4930564,-2.2134423
c_1_46_1649,-0.123274714,0.61518854
c_1_46_1650,-1.0993819,-0.0984744
c_1_46_1651,-1.0167936,-0.3154969
c_1_46_1652,0.93138576,-0.61103946
c_1_46_1653,0.81847674,0.078392856
c_1_46_1654,-0.67135614,-0.98010314
c_1_46_1655,-2.0279315,-1.3035969
c_1_46_1656,-1.5519068,1.9606415
c_1_46_1657,-1.6394035,-1.409886
c_1_46_1658,0.48580655,-0.6621444
c_1_46_1660,-0.05281301,0.12694143
c_1_46_1661,2.3211884,-1.3163124
c_1_46_1662,-0.18300182,-0.62461716
c_1_46_1663,0.44077998,1.458586
c_1_46_1664,-1.9335083,-0.99954236
c_1_46_1665,1.2276503,-0.90926844
c_1_46_1666,0.3759514,0.3368925
c_1_46_1667,-2.4022648,-1.9909953
c_1_46_1668,0.71537745,-1.4837681
c_1_46_1669,-0.78736544,0.058134127
c_1_46_1671,-0.024384085,0.25800046
c_1_46_1672,0.7601179,0.9584991
c_1_46_1673,-1.1336639,-1.4822445
c_1_46_1674,-1.4398104,-1.5177428
c_1_46_1675,-1.475544,-1.9483398
c_1_46_1676,0.76054925,-0.07450972
c_1_46_1677,0.84436864,0.13455087
c_1_46_1678,-0.6634719,-1.0625523
c_1_46_1679,-0.80391854,-2.9320483
c_1_46_1680,1.0474141,0.3517232
c_1_46_1681,-1.6470451,4.2047195
c_1_46_1682,-0.19663969,0.5460317
c_1_46_1683,0.240102,-0.968263
c_1_46_1684,1.8184593,0.57258713
c_1_46_1686,0.32172456,-0.49557254
c_1_46_1687,-4.179956,-5.304972
c_1_46_1689,-1.0646858,-0.008725104
c_1_46_1690,-2.6409588,-3.1477365
c_1_46_1691,-0.9842323,0.39777118
c_1_46_1692,-2.5260813,-0.70497036
c_1_46_1693,1.999727,-2.214976
c_1_46_1694,0.15380734,-0.22327484
c_1_46_1695,-0.7842614,-1.6164496
c_1_46_1696,-0.028499966,-0.7868672
c_1_46_1697,-1.9933819,0.24365816
c_1_46_1699,-4.0393176,-4.8791685
c_1_46_1700,0.90593076,0.62307537
c_1_46_1701,-1.4888299,0.748001
c_1_46_1702,0.6025026,0.18947779
c_1_46_1703,2.1680534,-0.03253703
c_1_46_1704,0.31032154,-0.6352996
c_1_46_1705,-1.5228176,-0.7555339
c_1_46_1706,-1.8855255,-3.2139761
c_1_46_1708,0.22678787,0.5476696
c_1_46_1709,-3.4207604,-3.0286374
c_1_46_1710,-1.7425216,1.5310963
c_1_46_1711,-1.136052,-0.67157984
c_1_46_1712,-0.49835232,-1.8240339
c_1_46_1713,-4.051696,-3.1458077
c_1_46_1714,-0.9238842,-1.5613722
c_1_46_1715,1.0865649,0.33122176
c_1_46_1716,-1.8383349,-1.772021
c_1_46_1717,0.2304149,-1.9931692
c_1_46_1718,-0.051146198,-0.631022
c_1_46_1719,-1.5591476,-1.9644538
c_1_46_1720,-0.30421537,-0.20937157
c_1_46_1721,-0.51235825,-0.079049334
c_1_46_1722,-1.4663517,0.3543359
c_1_46_1723,-2.1577423,-2.6534038
c_1_46_1724,0.3833361,-1.2011834
c_1_46_1725,0.056381106,0.41237104
c_1_46_1726,0.4549367,-0.42877886
c_1_46_1727,-3.1655312,-2.4879644
c_1_46_1729,1.3542037,-1.4038101
c_1_46_1730,-0.6123446,1.6612481
c_1_46_1732,-1.2490466,-0.4259916
c_1_46_1733,-0.57588273,-0.15703006
c_1_46_1734,0.2919179,0.573738
c_1_46_1735,0.20370586,-0.492346
c_1_46_1736,-2.0964282,0.4324752
c_1_46_1738,1.3008962,-0.9381011
c_1_46_1739,-0.80792105,-1.6232803
c_1_46_1741,-0.27946392,0.0788827
c_1_46_1742,-2.6654036,2.6511807
c_1_46_1743,-0.96231604,2.3669868
c_1_46_1744,-0.7045151,0.83951646
c_1_46_1745,1.0241505,0.27955782
c_1_46_1746,-0.36491597,0.3466348
c_1_46_1747,1.1221092,-1.0804478
c_1_46_1748,-0.40120164,0.8269514
c_1_46_1749,-0.7925574,-1.4191738
c_1_46_1750,-0.034905367,-0.2617341
c_1_46_1751,0.55801827,0.14035101
c_1_46_1752,-0.7752425,1.2154667
c_1_46_1753,-0.09500327,1.3440868
c_1_46_1754,-2.2821207,-0.09632823
c_1_46_1755,1.9913069,-1.1389105
c_1_46_1756,-1.7436088,-0.73236686
c_1_46_1757,-0.30014595,-0.13414001
c_1_46_1758,0.8671896,-0.18541886
c_1_46_1759,-0.20193355,-0.75618464
c_1_46_1760,-1.6829219,2.473812
c_1_46_1761,0.5949882,-0.49546018
c_1_46_1762,-1.185202,2.0282745
c_1_46_1763,0.0057597184,-0.79528296
c_1_46_1764,-1.0387175,-0.96439254
c_1_46_1765,-2.4783244,0.7066427
c_1_46_1766,-0.09674695,-0.4491355
c_1_46_1767,-0.20231153,-1.8449053
c_1_46_1768,-0.09486538,-0.18852583
c_1_46_1769,0.33355263,-0.16229506
c_1_46_1770,0.22928698,-0.6904829
c_1_46_1771,0.37775594,-0.73327965
c_1_46_1772,-1.3072549,2.3286417
c_1_46_1773,0.8559015,-0.49808866
c_1_46_1774,-2.2588089,3.5129838
c_1_46_1775,0.619388,0.07810834
c_1_46_1776,-0.47044945,-1.3380371
c_1_46_1777,0.7486559,0.8317323
c_1_46_1778,0.4116169,-0.16145088
c_1_46_1779,0.2515759,0.91218776
c_1_46_1780,-0.1500555,0.53872764
c_1_46_1781,-2.8393805,-3.9282725
c_1_46_1782,-1.0500937,1.3726728
c_1_46_1783,0.45670652,-0.59339184
c_1_46_1784,1.0079539,-0.5930423
c_1_46_1785,0.04580831,-0.24426597
c_1_46_1786,0.27427372,2.1269262
c_1_46_1787,-1.7504901,1.1585515
c_1_46_1788,0.34392038,2.65979
c_1_46_1789,0.64377105,-0.14142859
c_1_46_1790,-0.5849961,-1.0458324
c_1_46_1791,-3.678319,3.596149
c_1_46_1792,-0.86653805,1.1305698
c_1_46_1793,-5.196236,-4.0932684
c_1_46_1794,-2.4149919,-0.24115331
c_1_46_1795,-0.19689888,-0.45256418
c_1_46_1796,-1.5747236,-0.8864536
c_1_46_1797,0.4214759,-0.9906225
c_1_46_1798,-0.32309473,0.15056735
c_1_46_1799,0.5476807,1.2272861
c_1_46_1800,-0.81252146,-0.8849024
c_1_46_1801,0.6287055,0.25573
c_1_46_1802,1.1531749,-1.3698833
c_1_46_1803,0.40370953,-0.8294624
c_1_46_1804,0.42594436,-1.4358675
c_1_46_1806,-0.8498933,2.1901128
c_1_46_1807,-0.11377842,-1.2967018
c_1_46_1808,0.06293837,-1.0143883
c_1_46_1809,1.528526,1.901572
c_1_46_1810,-1.842187,2.667002
c_1_46_1811,1.3400892,-1.5812385
c_1_46_1812,0.2935452,0.42319936
c_1_46_1813,-0.8136675,-1.4147854
c_1_46_1814,-0.70026636,-2.166988
c_1_46_1815,-0.16408154,-0.1827579
c_1_46_1816,3.1635733,-1.2728684
c_1_46_1817,-0.43762937,0.89534473
c_1_46_1818,-1.5347737,0.88207275
c_1_46_1819,0.5249878,-1.1004349
c_1_46_1820,0.8645926,-0.48636484
c_1_46_1821,-0.20402955,0.032607283
c_1_46_1822,-0.027780842,0.4880688
c_1_46_1823,3.0565617,-1.6956717
c_1_46_1824,-0.31838667,0.31999743
c_1_46_1825,-1.4930007,2.2918615
c_1_46_1826,0.6414977,1.0073017
c_1_46_1827,-1.2031705,3.0480773
c_1_46_1828,-2.0421236,1.4814727
c_1_46_1829,-0.8039963,-0.90755343
c_1_46_1830,0.8742273,-1.5465614
c_1_46_1831,-0.5419195,-1.3445677
c_1_46_1832,0.49054942,0.31697
c_1_46_1833,0.25826964,-0.60480523
c_1_46_1834,0.6534033,-1.0846832
c_1_46_1835,-3.0159233,-1.5864587
c_1_46_1836,-0.3199961,-1.800182
c_1_46_1837,-1.9167225,1.6214002
c_1_46_1838,1.4039028,-0.2501499
c_1_46_1839,0.2561828,0.12000882
c_1_46_1840,-4.386448,0.092064254
c_1_46_1841,-0.37168422,0.6694676
c_1_46_1842,-1.6585612,0.5326705
c_1_46_1843,-1.6430905,1.6468335
c_1_46_1844,-0.82241416,-1.0341897
c_1_46_1845,1.0356936,-1.2961524
c_1_46_1846,-0.6128487,-1.4887537
c_1_46_1847,0.30545548,1.1249982
c_1_46_1848,-0.25482583,0.04591722
c_1_46_1849,-2.264073,-0.10849953
c_1_46_1850,-2.2426624,-1.0381645
c_1_46_1852,-0.7341241,0.706366
c_1_46_1853,0.17320156,-5.4331193
c_1_46_1854,-0.5097514,3.9782693
c_1_46_1855,-1.0613024,3.1220398
c_1_46_1856,0.075163,0.14064024
c_1_46_1857,-0.8960115,-0.06765429
c_1_46_1858,-1.1958679,0.6525751
c_1_46_1859,-2.0170312,1.7688487
c_1_46_1860,-0.5056881,0.453946
c_1_46_1861,2.8053625,-3.118596
c_1_46_1862,-0.8188785,-0.110871784
c_1_46_1864,1.3219199,-4.595614
c_1_46_1865,-3.4034984,-2.2596033
c_1_46_1866,0.12686366,-0.318352
c_1_46_1867,1.1197741,-1.4392692
c_1_46_1869,0.1780725,-0.068794824
c_1_46_1870,-1.3367932,-1.3811455
c_1_46_1871,-0.754886,0.286296
c_1_46_1872,-0.9034024,0.27932915
c_1_46_1873,-3.7991457,-3.4200103
c_1_46_1874,-2.3073277,-1.7538296
c_1_46_1875,-0.28517383,0.33056924
c_1_46_1876,-0.34947497,-0.17550859
c_1_46_1878,-0.21281748,-0.7810907
c_1_46_1879,-0.27601165,-1.2373291
c_1_46_1880,0.886198,-0.9462794
c_1_46_1881,2.419126,-0.7168061
c_1_46_1882,-0.8936847,1.2791679
c_1_46_1883,-4.3856435,-4.0606084
c_1_46_1884,3.3644907,-1.7602549
c_1_46_1885,-0.4809665,-2.026205
c_1_46_1886,0.8056287,0.36827934
c_1_46_1887,-1.1070299,0.08318312
c_1_46_1888,0.83224803,0.7440268
c_1_46_1889,-1.1635609,-0.28145292
c_1_46_1890,-0.41910952,0.54445887
c_1_46_1891,-0.31881618,-0.5944555
c_1_46_1892,0.34552565,-0.7818807
c_1_46_1893,-1.3985221,3.5414917
c_1_46_1894,1.154624,0.6787753
c_1_46_1895,-0.6388599,-3.4168277
c_1_46_1896,1.9601185,0.3588225
c_1_46_1897,-1.1981701,0.7243603
c_1_46_1898,-3.2096484,-4.5821815
c_1_46_1900,-2.65744,-1.4735706
c_1_46_1901,-0.5530334,0.0760784
c_1_46_1903,1.2640389,0.7684709
c_1_46_1904,-0.81725025,1.232351
c_1_46_1905,0.46346205,1.7610706
c_1_46_1906,-1.9687148,-0.5317389
c_1_46_1908,-0.6639893,-0.16672085
c_1_46_1909,-1.429203,0.06383923
c_1_46_1910,-0.31379002,-1.3004878
c_1_46_1911,-0.5642099,-0.08785664
c_1_46_1912,-0.3953707,-2.0467308
c_1_46_1913,0.31089976,-3.3056355
c_1_46_1914,-0.97088116,1.309705
c_1_46_1915,0.45837867,0.5219159
c_1_46_1916,-0.2934418,-0.3188518
c_1_46_1918,-0.84923744,2.2138355
c_1_46_1919,-4.1483006,-3.089002
c_1_46_1920,1.3433698,0.094392695
c_1_46_1921,0.3392045,1.4934106
c_1_46_1923,2.0789416,-0.9317974
c_1_46_1924,0.08133388,-1.0396652
c_1_46_1925,1.6950836,-0.41712666
c_1_46_1926,0.6946115,0.6109516
c_1_46_1927,-0.92486656,0.44032243
c_1_46_1928,-1.0644463,-1.3158351
c_1_46_1929,-0.9746507,-1.1244164
c_1_46_1930,0.00036939513,0.7415276
c_1_46_1932,-1.3331289,-0.54703575
c_1_46_1933,-0.23597938,-2.0597923
c_1_46_1935,-0.051529273,1.8824083
c_1_46_1936,-1.1441679,2.4121962
c_1_46_1937,0.06143723,-0.08308105
c_1_46_1938,-1.2479833,-1.2769064
c_1_46_1939,0.4874468,-0.52085465
c_1_46_1940,-1.4255848,-0.043500636
c_1_46_1941,0.9512095,0.017072909
c_1_46_1942,-1.1215018,1.628362
c_1_46_1943,-1.0070955,0.12051416
c_1_46_1945,-0.14341164,-2.374423
c_1_46_1946,-0.282995,-1.4346266
c_1_46_1947,-0.7375165,0.3729918
c_1_46_1948,-1.6386114,2.3792717
c_1_46_1949,-0.43162102,0.6581025
c_1_46_1950,-1.4425627,-1.1876082
c_1_46_1951,-0.03677988,-0.10568406
c_1_46_1952,1.3538163,1.4511504
c_1_46_1953,0.8665147,-0.24291267
c_1_46_1954,-3.731586,0.8760503
c_1_46_1955,-0.8961882,-0.13377471
c_1_46_1956,0.84913933,0.51019794
c_1_46_1957,-1.9864786,2.0764613
c_1_46_1958,-2.480139,3.1758802
c_1_46_1959,0.6422282,0.22750236
c_1_46_1960,-1.1377078,2.7427967
c_1_46_1961,0.25174844,1.9581044
c_1_46_1962,-0.08175699,0.56483394
c_1_46_1963,1.0136313,0.2183051
c_1_46_1964,-0.093694665,0.29210472
c_1_46_1965,-0.86508626,-1.6631024
c_1_46_1966,-0.9363605,-0.4045532
c_1_46_1967,-1.4025608,1.1971014
c_1_46_1968,2.1376429,-0.9175233
c_1_46_1969,-0.65628004,-1.3755502
c_1_46_1970,-0.6076723,2.0628355
c_1_46_1971,-0.1859865,-1.5388869
c_1_46_1972,-0.74279916,-0.013584704
c_1_46_1973,0.5607251,3.0234294
c_1_46_1974,-1.7079599,2.3068547
c_1_46_1975,-0.31446764,-0.26317084
c_1_46_1976,-1.8411843,0.3295
c_1_46_1977,-0.24886526,0.5875685
c_1_46_1978,-0.5576936,0.7483162
c_1_46_1980,0.497823,0.75227916
c_1_46_1981,0.08173948,-0.3108294
c_1_46_1982,0.16011077,0.6954897
c_1_46_1984,-0.14050446,-1.1179957
c_1_46_1985,-1.3624243,-0.569547
c_1_46_1986,-1.0435549,2.1858504
c_1_46_1987,-0.086229905,1.2970023
c_1_46_1989,1.2183247,0.5871874
c_1_46_1990,0.48448232,-0.5480662
c_1_46_1991,-1.504372,1.2639916
c_1_46_1992,-1.536695,0.7435509
c_1_46_1993,0.24610312,-0.0577392
c_1_46_1994,1.1675851,-0.9601266
c_1_46_1995,-0.5726075,-1.6553712
c_1_46_1996,-0.6449275,-0.10314658
c_1_46_1998,-1.4968708,-3.2165692
c_1_46_1999,-0.59078455,-0.11627707
c_1_46_2000,0.5049466,0.32537
c_1_46_2001,1.2390325,0.3600777
c_1_46_2002,-0.2922853,-1.1087879
c_1_46_2003,1.7597964,-0.11069921
c_1_46_2004,0.4726429,1.0845878
c_1_46_2005,-1.9596144,-3.0637617
c_1_46_2006,0.4950066,1.3233061
c_1_46_2007,0.1743879,0.9660992
c_1_46_2008,0.98288214,-0.7273288
c_1_46_2009,-0.54859346,0.97454226
c_1_46_2010,-0.094685435,-1.9348199
c_1_46_2011,-1.1737019,2.8980014
c_1_46_2012,1.1709348,-0.31744307
c_1_46_2013,-0.75576717,0.42223278
c_1_46_2014,-1.6854308,-0.38199806
c_1_46_2015,0.45603317,-0.053353302
c_1_46_2016,-0.8001807,2.4445312
c_1_46_2017,-0.5061323,1.3796828
c_1_46_2018,-1.6334264,1.395923
c_1_46_2019,-0.7053169,0.4843758
c_1_46_2020,1.3693101,-0.2080171
c_1_46_2021,-1.6221048,-0.58741647
c_1_46_2022,-1.0606064,0.9300704
c_1_46_2024,0.16502458,-0.08172424
c_1_46_2025,2.2704372,0.4575779
c_1_46_2026,-0.6247336,-0.4326312
c_1_46_2027,1.2976223,-0.5250769
c_1_46_2028,-0.41345614,-0.7034564
c_1_46_2030,-1.4768813,-0.31418142
c_1_46_2031,0.6728238,0.67981243
c_1_46_2032,0.71619254,-0.8126206
c_1_46_2033,1.3846182,-0.9207128
c_1_46_2034,-0.41422668,0.7687486
c_1_46_2035,-0.9362397,1.0001721
c_1_46_2036,-1.2321361,0.33741283
c_1_46_2037,-1.4059079,1.3451262
c_1_46_2038,-1.7099717,2.0799825
c_1_46_2039,1.5372063,2.2240925
c_1_46_2040,-0.8079707,-0.9437359
c_1_46_2041,-1.4927274,3.0360427
c_1_46_2042,-1.743819,1.6935492
c_1_46_2043,-2.0719323,2.4967966
c_1_46_2044,1.7920431,-0.9114439
c_1_46_2045,-1.9538176,1.7008821
c_1_46_2046,4.2661624,0.7425308
c_1_46_2047,-1.5694643,0.005729841
c_1_46_2048,-0.8595248,1.73458
c_1_46_2049,0.27972403,0.34386075
c_1_46_2050,-0.8657469,3.1031363
c_1_46_2051,-0.71351,1.7230582
c_1_46_2052,0.27716088,-0.16412807
c_1_46_2053,-1.1252755,0.8248604
c_1_46_2054,0.08559834,0.37881455
c_1_46_2055,3.1838887,-0.73245716
c_1_46_2056,0.010941875,1.3116444
c_1_46_2057,0.47438094,0.20763525
c_1_46_2058,-0.80074507,-0.6636647
c_1_46_2059,0.06605251,-0.18280523
c_1_46_2060,-0.022326512,0.23557293
c_1_46_2061,0.0013424223,-4.6109447
c_1_46_2062,1.2734842,0.2792308
c_1_46_2064,-1.4118942,0.50709754
c_1_46_2065,0.3708981,0.022783875
c_1_46_2066,-1.3897872,-2.5330036
c_1_46_2067,-0.15912908,0.7912635
c_1_46_2068,-0.7951619,-0.07764962
c_1_46_2069,-1.1206831,-2.6152961
c_1_46_2070,-1.0029687,-0.018218242
c_1_46_2071,-1.3156295,-1.0235716
c_1_46_2072,-0.43087995,-1.3294184
c_1_46_2073,0.37433407,-0.3429487
c_1_46_2074,-1.6353112,-0.4072343
c_1_46_2075,0.12709291,-0.25872168
c_1_46_2076,0.68048656,1.1516798
c_1_46_2077,-0.7136974,0.14858997
c_1_46_2078,-1.4828037,1.7151527
c_1_46_2079,-1.202366,0.5708201
c_1_46_2080,-0.19256921,1.2960194
c_1_46_2081,0.77092177,-1.8392451
c_1_46_2082,-0.5522529,0.9960149
c_1_46_2083,-0.38179392,-0.38705078
c_1_46_2084,-0.69582444,-0.907085
c_1_46_2085,-0.27805766,1.6472532
c_1_46_2086,-0.6097424,1.6233475
c_1_46_2087,1.0153114,0.3555113
c_1_46_2088,-1.7342116,-0.58501107
c_1_46_2089,0.21948476,0.76012665
c_1_46_2090,-0.036761366,-0.85195386
c_1_46_2091,1.4030694,-0.41150868
c_1_46_2092,-0.5846791,-0.18522646
c_1_46_2093,0.997787,-0.936928
c_1_46_2094,0.4163993,-1.619296
c_1_46_2095,-0.7897883,-0.88224375
c_1_46_2096,-1.8834293,-1.2574077
c_1_46_2097,-0.5514435,-2.2359097
c_1_46_2098,-1.964768,-3.2148678
c_1_46_2099,-1.1289301,-2.7114713
c_1_46_2100,-0.034524933,1.554429
c_1_46_2101,0.059845887,1.2924185
c_1_46_2102,2.3314102,-0.06226319
c_1_46_2103,-0.66692847,1.8777546
c_1_46_2104,0.09396481,-2.354506
c_1_46_2105,1.1423241,-0.010365975
c_1_46_2106,-2.1948957,1.1016836
c_1_46_2107,0.028503789,-1.1993903
c_1_46_2108,-0.19720322,0.66867065
c_1_46_2109,-1.9447155,-0.7734989
c_1_46_2110,1.7679372,-1.6515466
c_1_46_2111,0.7354633,0.6256972
c_1_46_2112,0.19886313,0.074247114
c_1_46_2113,0.6174298,0.89914924
c_1_46_2114,-0.46929544,-2.369195
c_1_46_2115,-0.5642258,0.7400692
c_1_46_2116,-0.05890607,-1.7114149
c_1_46_2117,-0.28904226,1.0102072
c_1_46_2118,-1.0278031,0.07973922
c_1_46_2119,1.5680125,-0.26731792
c_1_46_2120,1.1524916,-0.9030426
c_1_46_2121,-1.4041282,0.5590314
c_1_46_2122,1.3242654,-0.9904514
c_1_46_2123,0.4645628,1.0313722
c_1_46_2124,-0.9869865,-0.21354485
c_1_46_2125,0.004126671,-0.8536767
c_1_46_2126,-0.020891735,-1.1518518
c_1_46_2127,-0.8809813,-0.087932914
c_1_46_2128,0.70720375,-2.706183
c_1_46_2129,0.31373873,0.27815402
c_1_46_2130,-0.13262285,-1.811955
c_1_46_2131,-2.0378807,-1.3679061
c_1_46_2132,-0.47680727,0.14210239
c_1_46_2133,1.0351403,0.7174921
c_1_46_2135,-0.6726927,-1.2092975
c_1_46_2136,0.7879183,-1.5104063
c_1_46_2137,1.4198095,-1.1191163
c_1_46_2138,-0.55821955,-3.7686293
c_1_46_2139,0.80825996,-2.650487
c_1_46_2140,-2.4959831,-2.6980116
c_1_46_2141,0.95221907,-2.8592422
c_1_46_2142,1.7083004,-0.5838122
c_1_46_2143,-0.28587928,0.40188554
c_1_46_2144,1.5794199,-0.24810664
c_1_46_2145,-2.0591047,0.6824694
c_1_46_2146,-1.1146367,-0.9589365
c_1_46_2147,1.2078049,-1.3924274
c_1_46_2148,2.046319,-1.8855948
c_1_46_2149,-1.0420661,-0.14794382
c_1_46_2150,-2.0390701,-2.3761857
c_1_46_2151,0.47585508,-0.7361525
c_1_46_2152,0.25496903,-0.38593462
c_1_46_2153,-0.69377106,-0.3760588
c_1_46_2154,0.6176877,-1.3983033
c_1_46_2155,1.8052996,0.005797007
c_1_46_2156,-0.82200867,-1.1688384
c_1_46_2157,2.5684566,-2.532656
c_1_46_2158,-1.1693279,-0.92422
c_1_46_2159,0.25510415,-0.5260486
c_1_46_2160,0.3252225,-0.04150394
c_1_46_2161,-0.3662653,1.4426793
c_1_46_2162,0.44401824,0.17910166
c_1_46_2163,0.75995374,-0.25473738
c_1_46_2164,-0.8928573,0.6535274
c_1_46_2165,-0.94486624,-2.2816377
c_1_46_2166,-2.718074,-3.2112439
c_1_46_2167,0.042645223,-0.34317794
c_1_46_2168,1.567918,-1.4796075
c_1_46_2169,-1.1595565,0.28341597
c_1_46_2171,-0.7108,-2.4392188
c_1_46_2172,0.84906656,1.1385756
c_1_46_2173,0.22367382,0.71851254
c_1_46_2174,-0.091670685,-0.43817213
c_1_46_2175,0.18957335,-1.7890363
c_1_46_2176,-0.43217328,0.05096857
c_1_46_2177,0.8367918,-1.3070688
c_1_46_2178,1.154597,0.6435734
c_1_46_2179,-1.1140604,-0.7876423
c_1_46_2180,0.103983276,-0.2464958
c_1_46_2181,-1.0794666,1.613575
c_1_46_2182,0.2208017,0.1662754
c_1_46_2183,-2.4349048,-1.1412177
c_1_46_2184,-0.7440407,-1.7428341
c_1_46_2185,-1.1110628,-0.17871116
c_1_46_2186,0.8834971,-0.1009558
c_1_46_2187,2.171721,-3.3274107
c_1_46_2188,-0.29809204,0.94819653
c_1_46_2189,1.1302458,-0.7826008
c_1_46_2190,0.64304745,0.27067417
c_1_46_2191,0.93392694,0.44457343
c_1_46_2192,-1.8847915,-0.29855418
c_1_46_2193,-0.22290641,0.32233402
c_1_46_2194,-0.56608105,0.36756694
c_1_46_2195,2.1029406,0.53579926
c_1_46_2196,0.20093644,-0.91316146
c_1_46_2197,1.185831,-1.1586536
c_1_46_2198,-0.096455775,-0.51493627
c_1_46_2199,-0.33485636,-0.14681299
c_1_46_2200,0.8864573,-1.6048992
c_1_46_2201,0.30602026,0.50481576
c_1_46_2202,0.49983156,0.53504384
c_1_46_2203,1.7188231,0.8947257
c_1_46_2204,-1.123664,-0.82817596
c_1_46_2205,0.51690847,-0.16541095
c_1_46_2206,0.37573004,0.19448803
c_1_46_2207,-0.16900477,-1.0891918
c_1_46_2209,1.4423159,-0.930479
c_1_46_2210,0.65127087,-0.1564269
c_1_46_2211,-2.2124531,-1.1181821
c_1_46_2212,0.5526814,-1.2009215
c_1_46_2213,0.526988,-1.2703784
c_1_46_2214,-1.9440165,-0.68601745
c_1_46_2215,-0.84134537,-1.030831
c_1_46_2216,1.5098594,-0.36767364
c_1_46_2217,-0.3452072,-2.444061
c_1_46_2218,0.64042836,0.1951855
c_1_46_2219,0.8812724,0.4289152
c_1_46_2220,1.306201,-0.2198424
c_1_46_2221,-0.43712774,0.69371474
c_1_46_2222,-0.49023694,0.6276766
c_1_46_2224,0.76290447,-0.6317643
c_1_46_2225,0.47025105,0.093478076
c_1_46_2226,-1.807226,-3.050784
c_1_46_2227,-0.49688703,2.124508
c_1_46_2228,-1.3685124,3.558349
c_1_46_2229,0.3973901,-0.049513698
c_1_46_2231,-0.22436857,-0.31994763
c_1_46_2232,-0.72703815,1.4934492
c_1_46_2233,0.6700351,-0.8300984
c_1_46_2234,1.3405749,2.1328113
c_1_46_2236,1.7694386,-1.1696838
c_1_46_2237,0.015457654,0.28324148
c_1_46_2238,-0.3399045,-0.32367912
c_1_46_2239,-0.5108641,1.0078541
c_1_46_2240,-1.1847445,-0.2886559
c_1_46_2241,1.4284482,0.4542063
c_1_46_2242,-0.09839112,-1.3182622
c_1_46_2243,-1.0963385,0.09983004
c_1_46_2244,-0.12918763,-0.50557643
c_1_46_2245,1.5244085,-1.0534544
c_1_46_2246,-0.16481178,0.80761194
c_1_46_2247,0.4370121,0.61763453
c_1_46_2248,-0.12704457,-1.9972566
c_1_46_2249,-0.41607854,-0.21547964
c_1_46_2250,-1.6438795,0.97785616
c_1_46_2251,1.802463,0.2745795
c_1_46_2252,-1.0009226,4.3244853
c_1_46_2253,1.7986094,0.0288953
c_1_46_2254,1.6253489,-1.8699212
c_1_46_2255,-0.3638985,1.4674088
c_1_46_2256,1.4774729,-0.8582711
c_1_46_2257,0.7000592,0.036715075
c_1_46_2258,0.8876505,-0.09348731
c_1_46_2259,-0.072744586,0.71986204
c_1_46_2260,0.49620277,0.75443226
c_1_46_2261,-0.7655162,-0.827728
c_1_46_2262,-0.91575724,-3.6158283
c_1_46_2263,-1.176791,0.24573803
c_1_46_2264,0.9546243,0.9926805
c_1_46_2265,1.8769344,-0.42293847
c_1_46_2266,-0.84490615,2.0792544
c_1_46_2267,0.113318615,1.5777283
c_1_46_2268,-1.0554211,0.97605896
c_1_46_2269,-1.2292567,0.81256
c_1_46_2270,-1.639007,-0.25698623
c_1_46_2271,1.0203559,0.019280741
c_1_46_2272,-0.22765277,-0.8199966
c_1_46_2273,2.446156,1.096839
c_1_46_2274,-2.7970243,1.5246066
c_1_46_2275,-0.75008047,0.071289204
c_1_46_2276,0.27166787,0.6145826
c_1_46_2277,-0.16606243,0.6455407
c_1_46_2278,0.113223195,-1.6180633
c_1_46_2279,0.87350345,0.6570947
c_1_46_2280,1.8765925,0.3501274
c_1_46_2281,-1.636907,1.5248078
c_1_46_2282,1.8116215,-0.6089431
c_1_46_2283,-0.26744622,-0.6976261
c_1_46_2285,-3.3705158,-6.2721825
c_1_46_2286,0.30186582,0.36148548
c_1_46_2287,1.474096,-0.20136487
c_1_46_2288,0.48622233,2.3817015
c_1_46_2289,-0.08003423,-0.43584797
c_1_46_2290,-0.1876809,0.6240109
c_1_46_2292,-0.49272022,0.64726996
c_1_46_2294,-1.0976509,0.20705707
c_1_46_2296,-0.5144504,0.8409957
c_1_46_2297,0.8417301,-0.34302586
c_1_46_2298,-1.2820433,2.3145587
c_1_46_2299,-0.4850909,-0.18141082
c_1_46_2300,-0.9954541,-1.4767948
c_1_46_2302,-0.42906138,2.9735835
c_1_46_2303,0.18366727,0.48610467
c_1_46_2304,-1.5274485,-0.306419
c_1_46_2305,-0.55890626,-1.1630567
c_1_46_2306,0.16224904,0.7833315
c_1_46_2307,-2.780544,-1.6866603
c_1_46_2308,0.25291142,-1.6850947
c_1_46_2309,-2.1116834,-1.3471919
c_1_46_2310,-0.39049974,-1.1062125
c_1_46_2311,-1.5441101,1.5331823
c_1_46_2312,0.71498215,0.7006004
c_1_46_2314,1.2034222,1.1555837
c_1_46_2315,-0.15568921,1.511692
c_1_46_2316,0.00028013476,1.0070363
c_1_46_2317,0.9324733,0.09843362
c_1_46_2318,-2.3687656,1.5335214
c_1_46_2319,-0.9805867,2.2441404
c_1_46_2320,-0.53874016,-0.35116726
c_1_46_2321,0.2553175,-0.2655407
c_1_46_2322,-0.75625306,-2.5233705
c_1_46_2323,-0.82559013,2.0280752
c_1_46_2324,0.76055974,-1.9441656
c_1_46_2325,-0.39742592,1.1959316
c_1_46_2326,-1.3991112,1.5826529
c_1_46_2327,-3.1500049,1.781631
c_1_46_2328,1.2475307,-0.5459165
c_1_46_2329,-1.5262977,1.9758805
c_1_46_2330,0.15344536,-0.22680156
c_1_46_2331,-0.6944146,2.157312
c_1_46_2332,-0.35356814,-0.71439433
c_1_46_2334,-0.12115031,1.1441159
c_1_46_2335,-0.8549749,2.2255068
c_1_46_2336,-2.3527775,1.1644367
c_1_46_2337,-1.2015339,-0.00035854452
c_1_46_2338,-1.7031091,3.1715968
c_1_46_2339,-1.313673,4.0958605
c_1_46_2340,-0.60287386,0.987238
c_1_46_2341,-1.3064231,0.8949915
c_1_46_2342,-1.4359297,4.616045
c_1_46_2343,-1.427802,4.1272516
c_1_46_2344,1.9736853,-0.59229517
c_1_46_2345,-3.8601348,1.6356739
c_1_46_2346,-0.08845179,1.5530789
c_1_46_2347,-1.515738,-1.9473782
c_1_46_2348,-0.47602883,1.0248199
c_1_46_2349,-2.284761,2.798505
c_1_46_2350,-2.9901297,4.3493004
c_1_46_2351,0.3901051,-0.7490639
c_1_46_2352,1.4329569,1.2038924
c_1_46_2353,0.19047157,-0.42051107
c_1_46_2354,1.1367506,0.19220187
c_1_46_2355,0.305388,-0.3388806
c_1_46_2356,0.020361226,1.1562469
c_1_46_2357,0.43870452,-0.9323767
c_1_46_2358,-1.8145916,1.8956431
c_1_46_2359,-2.1507993,1.4595261
c_1_46_2360,2.603834,0.14599231
c_1_46_2362,0.59518,0.23978598
c_1_46_2363,-1.2236378,-3.0646763
c_1_46_2364,-1.0717856,4.7261977
c_1_46_2365,-3.0481598,-0.50193375
c_1_46_2366,0.018359106,-1.4137425
c_1_46_2367,2.0550847,0.82369065
c_1_46_2368,-1.3121061,1.0991228
c_1_46_2369,0.6186498,-0.17497948
c_1_46_2370,-1.4432467,4.0380936
c_1_46_2371,-2.131206,-1.9578722
c_1_46_2372,-0.39278144,0.892208
c_1_46_2373,-1.3185196,-0.87437546
c_1_46_2374,1.2674963,1.4999472
c_1_46_2375,1.7112238,-0.84152484
c_1_46_2376,0.083207354,0.47573537
c_1_46_2377,1.1235615,1.1725935
c_1_46_2378,2.8829947,-1.7339461
c_1_46_2379,-0.010169564,0.22689708
c_1_46_2380,0.8117372,-0.033992454
c_1_46_2381,1.6421944,-0.23593515
c_1_46_2382,-1.1268548,1.7184279
c_1_46_2383,1.5036613,0.921447
c_1_46_2384,-0.8677374,-0.31751063
c_1_46_2385,-0.97752714,0.29416165
c_1_46_2386,1.0063653,1.5649695
c_1_46_2387,-2.2762582,-1.6591735
c_1_46_2388,2.7343497,-0.6198251
c_1_46_2389,0.96345407,-1.3043253
c_1_46_2390,1.1176543,1.6310052
c_1_46_2391,-0.4904314,-0.039265163
c_1_46_2392,-3.2558784,-3.122848
c_1_46_2393,-0.89730835,-0.26160246
c_1_46_2394,0.051459014,-0.13710359
c_1_46_2395,0.6131584,-0.9884309
c_1_46_2398,-0.5176227,0.36381045
c_1_46_2399,-5.283877,-0.72848314
c_1_46_2400,3.5378041,-0.15097779
c_1_46_2401,0.4509523,-1.4791604
c_1_46_2403,2.7520459,-1.3500488
c_1_46_2405,2.4566395,-2.239373
c_1_46_2406,-1.029432,-1.732691
c_1_46_2407,0.6247122,0.57878935
c_1_46_2408,-1.102108,-1.3510708
c_1_46_2409,0.764852,-1.7654947
c_1_46_2410,-1.0276432,-1.5712683
c_1_46_2412,-0.61785454,0.80791295
c_1_46_2413,-0.5045396,-1.555296
c_1_46_2414,0.5154363,1.2837454
c_1_46_2416,4.3768106,-1.979373
c_1_46_2417,2.0690782,-0.076517776
c_1_46_2418,0.5608492,-0.35009634
c_1_46_2419,-1.3830771,-0.5303519
c_1_46_2420,-0.24689192,1.5634266
c_1_46_2421,0.97272414,0.8415035
c_1_46_2422,-1.2485946,-0.07121854
c_1_46_2423,1.2563998,0.9025661
c_1_46_2424,-0.88438094,0.6504671
c_1_46_2425,0.9105588,0.888849
c_1_46_2426,-0.38952512,0.9141382
c_1_46_2427,0.8524098,-1.9989057
c_1_46_2428,-1.0572151,1.6500185
c_1_46_2429,2.5386329,-1.2457737
c_1_46_2430,-2.2492433,1.0690662
c_1_46_2431,-1.2122544,1.5017571
c_1_46_2432,-1.5055234,-0.5815544
c_1_46_2433,-0.27579698,-0.70688516
c_1_46_2434,1.0499622,0.77674246
c_1_46_2435,-1.3684934,1.9955784
c_1_46_2436,4.187133,-3.5227988
c_1_46_2438,-0.29203323,-3.8868902
c_1_46_2439,-1.7330717,-0.59593487
c_1_46_2442,4.1085224,-2.5564418
c_1_47_1,1.8412497,-1.4146928
c_1_47_2,2.9352007,-2.7458878
c_1_47_3,0.48973364,1.2383425
c_1_47_4,-1.2928057,-1.0511543
c_1_47_5,-1.1674677,1.6274791
c_1_47_6,-2.0908656,4.7186303
c_1_47_7,-0.081130415,-0.3235492
c_1_47_8,-2.4911778,-0.39172027
c_1_47_9,-1.7840737,-1.5565972
c_1_47_10,-0.7346726,-0.8201286
c_1_47_11,0.5123178,-0.064092316
c_1_47_12,-0.11619337,-0.325689
c_1_47_13,1.0342792,0.41737166
c_1_47_14,-0.310573,1.2809155
c_1_47_15,-0.06976664,0.5843275
c_1_47_16,-1.3708082,0.42033005
c_1_47_17,-2.248673,-0.10956841
c_1_47_18,0.37238514,0.45673963
c_1_47_19,0.5135608,0.39793563
c_1_47_20,-0.5129404,-0.50573075
c_1_47_21,-0.8216575,1.4899677
c_1_47_22,-1.3743229,-1.2391098
c_1_47_23,-1.2715074,0.5122511
c_1_47_24,0.6937261,0.7517853
c_1_47_25,-0.6743132,-0.13262181
c_1_47_26,-0.11606954,0.24971515
c_1_47_27,-0.19850926,1.4479506
c_1_47_28,-0.850972,-1.0051923
c_1_47_29,-0.81909454,-0.85338944
c_1_47_30,-0.5986105,-0.052474443
c_1_47_31,-0.7881893,1.7438965
c_1_47_32,-0.23771557,0.63703305
c_1_47_33,0.19073336,-0.2553828
c_1_47_34,-0.92038465,-1.48315
c_1_47_35,-3.726808,1.0067217
c_1_47_36,-1.1316383,2.8406806
c_1_47_37,-2.1773572,-2.1714318
c_1_47_38,-3.988385,1.95528
c_1_47_39,-1.7821478,-0.5235866
c_1_47_40,-0.93938386,-0.5816562
c_1_47_41,-1.0043832,3.3246877
c_1_47_42,-1.4679288,0.70704675
c_1_47_43,-1.3006171,1.4976996
c_1_47_44,-0.52186996,0.71652573
c_1_47_45,-1.3517209,0.16198438
c_1_47_46,-0.47518203,1.1294209
c_1_47_47,-0.35082695,-0.95937365
c_1_47_48,-0.5699434,2.6677864
c_1_47_49,0.051532242,-0.05130893
c_1_47_50,-0.41035822,0.40927902
c_1_47_51,0.24065341,-0.038713735
c_1_47_52,-1.3348757,1.8027387
c_1_47_53,-0.6071656,-0.7178617
c_1_47_54,-0.7284722,-1.40101
c_1_47_55,-1.3126321,0.81536674
c_1_47_56,-0.7909877,1.1774975
c_1_47_57,-0.071458295,0.39133924
c_1_47_58,-1.6125247,1.4793855
c_1_47_59,-1.2463015,2.1923423
c_1_47_60,1.3131622,-2.2685657
c_1_47_61,0.28378224,0.6018888
c_1_47_62,0.07641794,-0.569163
c_1_47_63,-1.299724,2.0133276
c_1_47_64,0.72580194,-0.6874604
c_1_47_65,-0.942345,1.178643
c_1_47_66,-0.4596251,-0.2704517
c_1_47_67,0.119804986,-0.4323419
c_1_47_68,-2.5798962,0.54392546
c_1_47_69,-1.5075932,-0.3511862
c_1_47_70,-0.30273247,1.784011
c_1_47_71,-1.2211014,-0.30087438
c_1_47_72,-1.2682503,1.322617
c_1_47_73,-2.260984,-1.448791
c_1_47_74,-1.9148552,-0.1373521
c_1_47_75,-1.0629773,0.7099897
c_1_47_76,-0.10973343,1.2391906
c_1_47_77,-0.5299648,0.80621105
c_1_47_78,-1.3362277,1.7393241
c_1_47_79,0.30929425,-0.43293217
c_1_47_80,-0.91520995,-0.3929847
c_1_47_81,0.20315373,-2.2825487
c_1_47_82,0.14173716,-0.16314411
c_1_47_83,-0.7681618,3.4092224
c_1_47_84,-2.5087833,1.7396121
c_1_47_85,-0.98815846,2.3014016
c_1_47_86,-1.5391642,1.0896208
c_1_47_87,-1.3825831,0.6714257
c_1_47_88,-1.2073196,0.7601848
c_1_47_89,-0.8358777,2.0350056
c_1_47_90,1.0343964,-0.6025769
c_1_47_91,0.14669763,-0.6678342
c_1_47_92,-1.4229139,1.5424274
c_1_47_93,-0.9474578,0.4961657
c_1_47_94,-0.76741314,-0.32117125
c_1_47_95,-0.034453116,0.62818193
c_1_47_96,-1.4048547,2.4825444
c_1_47_97,3.1845238,-0.5611814
c_1_47_98,-1.0851364,2.827028
c_1_47_99,-2.7274597,5.1287203
c_1_47_100,-2.9360704,3.251491
c_1_47_101,-2.2562664,0.46957773
c_1_47_102,-0.3801285,0.5608048
c_1_47_103,-2.7121527,2.7300253
c_1_47_105,-1.4542599,1.7563494
c_1_47_106,1.4727932,-0.86789733
c_1_47_107,1.776846,-0.39501098
c_1_47_108,0.99614674,0.09817993
c_1_47_109,-1.828204,-3.0203085
c_1_47_110,-0.7223849,0.15974016
c_1_47_112,1.3230709,-0.64103466
c_1_47_113,-0.26229432,1.0591509
c_1_47_114,-2.7507546,0.07256537
c_1_47_115,-0.4819934,-1.3678964
c_1_47_116,-1.6914979,1.2034003
c_1_47_117,-0.33949992,0.634116
c_1_47_118,-0.98522455,3.2543898
c_1_47_119,2.3670597,-1.1585834
c_1_47_120,-1.6482934,3.1293795
c_1_47_121,-1.2263896,-1.1270251
c_1_47_123,-2.3785706,0.9372974
c_1_47_124,-1.9243495,1.7645818
c_1_47_125,-2.5740292,3.1234195
c_1_47_126,-2.2774029,3.715801
c_1_47_127,-0.6377072,0.3968989
c_1_47_128,-0.49181688,2.728669
c_1_47_129,-1.0990542,-0.038086187
c_1_47_130,-1.3233413,2.0232837
c_1_47_131,0.42173937,1.650678
c_1_47_132,-1.4512042,1.6104861
c_1_47_133,-2.7950592,-2.8095016
c_1_47_134,-1.3810451,2.730023
c_1_47_136,-0.50375843,-0.9686238
c_1_47_137,0.19345215,0.17047864
c_1_47_138,-0.109875225,-0.50425845
c_1_47_142,1.0456861,-0.7230496
c_1_47_143,-2.477968,0.6789384
c_1_47_144,-0.31999213,1.452716
c_1_47_145,0.64144236,-1.1552538
c_1_47_146,1.0707469,0.030758096
c_1_47_147,-1.6595876,1.9817709
c_1_47_148,-2.3808467,-4.119693
c_1_47_149,0.25056225,0.1794938
c_1_47_150,-0.58260435,-1.4389347
c_1_47_151,-0.82272696,-2.002613
c_1_47_153,1.0215397,-1.2109997
c_1_47_154,1.5424384,-1.5416675
c_1_47_155,2.0986228,-0.3674205
c_1_47_156,-1.2107761,0.49107614
c_1_47_157,-0.42476657,-0.33181506
c_1_47_158,1.2854373,-2.1402922
c_1_47_159,-0.8991823,-2.174136
c_1_47_160,-1.9291608,0.046218812
c_1_47_161,0.007940259,0.603247
c_1_47_162,-1.1345257,-0.43496302
c_1_47_163,-1.2565966,3.9729257
c_1_47_164,-1.7928765,4.1872325
c_1_47_165,-0.34989968,1.1858127
c_1_47_166,-1.762465,2.6374373
c_1_47_167,-2.3179348,1.858093
c_1_47_168,1.472358,2.059813
c_1_47_169,-1.9383792,1.3560653
c_1_47_170,-1.3878431,2.9561594
c_1_47_171,-1.5457162,3.0099983
c_1_47_172,-1.3428447,4.148237
c_1_47_173,-0.9441653,3.8334105
c_1_47_174,0.023225319,0.2447076
c_1_47_175,-0.4933701,1.0040916
c_1_47_176,-1.3929058,3.0999858
c_1_47_177,-2.9018044,-0.03754065
c_1_47_178,-1.3919023,2.7767236
c_1_47_179,-0.9591795,2.8972228
c_1_47_180,-1.7509,3.9928637
c_1_47_181,-0.41294196,0.44219807
c_1_47_182,-0.4355811,3.410301
c_1_47_183,-0.58634716,0.67329365
c_1_47_184,-1.6085322,2.1229243
c_1_47_185,-1.8892578,2.1792634
c_1_47_186,-2.5117183,4.829502
c_1_47_187,-2.499657,2.9452872
c_1_47_188,-0.8965881,1.0176725
c_1_47_189,-2.3806784,4.3297205
c_1_47_190,-1.5134705,1.0987365
c_1_47_191,-1.0176481,-1.0769752
c_1_47_192,-2.229348,6.522685
c_1_47_193,-1.8371636,1.7216675
c_1_47_194,-1.0213859,0.9692893
c_1_47_195,0.28904298,0.60438526
c_1_47_196,0.06536017,1.8594668
c_1_47_197,-2.47201,3.7638967
c_1_47_198,-2.748037,1.1512591
c_1_47_199,-1.5308839,2.211357
c_1_47_200,-0.03069581,0.50657666
c_1_47_201,-2.4684446,3.7001154
c_1_47_202,-1.7417084,2.6299052
c_1_47_203,-1.8396971,1.8672491
c_1_47_204,-1.641275,2.8477666
c_1_47_205,-1.6745796,1.9428676
c_1_47_206,-1.4516727,2.6211963
c_1_47_207,-1.8531383,4.020074
c_1_47_208,-1.4584132,3.4240475
c_1_47_209,-1.3433752,3.1869314
c_1_47_210,-2.1810777,2.001739
c_1_47_211,-1.3330534,2.8569942
c_1_47_212,0.34870273,0.29864132
c_1_47_213,-1.0920616,1.8158034
c_1_47_214,-1.1323733,3.029226
c_1_47_215,-2.0452683,2.1400392
c_1_47_216,0.5262412,-0.22289377
c_1_47_217,-0.50321543,1.1787357
c_1_47_218,-1.7736492,3.138903
c_1_47_219,0.535036,-0.889022
c_1_47_220,-0.7894546,2.568751
c_1_47_221,0.09137271,-1.4072196
c_1_47_222,-1.0817899,4.0975366
c_1_47_223,-1.0385363,0.6469698
c_1_47_224,0.5352708,0.984015
c_1_47_225,-2.5742285,1.2423393
c_1_47_226,-0.885642,0.6700058
c_1_47_227,-0.52037555,-0.64189684
c_1_47_228,-2.5746286,2.7594316
c_1_47_229,-2.1508377,4.3253813
c_1_47_230,-2.1841087,2.8505852
c_1_47_231,-2.05278,2.0489023
c_1_47_232,0.7927121,-1.2652104
c_1_47_233,-1.2868184,0.67299265
c_1_47_234,-0.38909313,0.25543863
c_1_47_235,-1.0406642,2.1507292
c_1_47_236,-1.6535561,-2.241689
c_1_47_237,-1.3779837,2.7753255
c_1_47_238,-0.6665932,0.1741314
c_1_47_239,-0.1390728,0.61986023
c_1_47_241,-0.889126,-0.0009222788
c_1_47_242,-0.9061613,0.8310078
c_1_47_243,-0.26880845,0.7009075
c_1_47_244,-0.43850097,1.9482828
c_1_47_245,-1.6267143,2.4606128
c_1_47_246,3.129973,-2.155512
c_1_47_247,-0.7160077,0.2132752
c_1_47_248,-1.0687418,0.3892401
c_1_47_249,-0.93064314,1.417804
c_1_47_250,-0.0836207,0.34984764
c_1_47_251,0.22432567,0.3203955
c_1_47_252,-0.9649697,0.8936418
c_1_47_253,0.57137924,0.26677147
c_1_47_254,-0.7164222,0.19755524
c_1_47_255,-0.54007554,0.33623075
c_1_47_256,-0.27877408,-0.27156606
c_1_47_257,-0.851755,-0.6279245
c_1_47_258,0.041414276,0.016489215
c_1_47_259,-0.72828084,0.21525592
c_1_47_260,2.1749508,1.6130947
c_1_47_261,0.30762914,1.067713
c_1_47_262,-1.165648,0.9630297
c_1_47_263,0.0144747505,0.20027529
c_1_47_264,-1.7354611,-1.253572
c_1_47_265,-2.2477436,1.4673659
c_1_47_266,0.001981296,-1.1577249
c_1_47_267,-1.299369,0.13989918
c_1_47_268,-0.63662624,0.7702154
c_1_47_269,-0.6208736,-0.49212828
c_1_47_270,-1.8064603,0.80596954
c_1_47_271,-1.2769582,-0.10244876
c_1_47_272,-0.70938027,0.5223343
c_1_47_273,0.0062868274,-0.8922592
c_1_47_274,-0.099587575,0.47314772
c_1_47_275,-0.39624897,1.4148381
c_1_47_276,-0.83398545,-1.08496
c_1_47_277,0.20480084,-0.23987398
c_1_47_278,0.10668512,0.84844106
c_1_47_279,-1.2945223,2.1248972
c_1_47_280,1.3184377,0.8908117
c_1_47_281,-0.38606063,-0.4699668
c_1_47_282,2.19692,-2.3352587
c_1_47_283,0.22665675,-0.63415253
c_1_47_284,-0.5183756,1.2823113
c_1_47_285,-0.21239279,1.7259394
c_1_47_286,-0.17705256,0.28953907
c_1_47_287,-0.3926266,-1.1687198
c_1_47_288,-1.0336452,-1.008653
c_1_47_289,-1.1220636,-2.1538377
c_1_47_290,-0.011084733,-0.58051294
c_1_47_291,0.33361524,1.336373
c_1_47_292,-1.9986205,-3.3159509
c_1_47_293,1.034031,-0.049729586
c_1_47_294,0.46808907,0.3824923
c_1_47_295,-0.27188322,2.4259727
c_1_47_296,-0.267412,0.7236907
c_1_47_297,-0.46235257,1.6701101
c_1_47_298,-0.2841056,-0.73080266
c_1_47_299,0.57092285,-1.6189965
c_1_47_300,0.8233844,-1.6404797
c_1_47_301,0.51962924,0.03188007
c_1_47_302,-1.2609946,-1.7482626
c_1_47_303,0.0399455,1.3102244
c_1_47_304,0.16299178,1.9228536
c_1_47_305,0.58771765,-1.0703028
c_1_47_306,-0.77600944,1.1917682
c_1_47_307,0.951617,0.16489203
c_1_47_308,0.916129,0.96081525
c_1_47_309,1.4023467,-1.2399845
c_1_47_310,-0.7510835,0.38201797
c_1_47_311,1.226358,-0.58644515
c_1_47_312,0.5226606,-0.14405985
c_1_47_313,0.9084864,0.046968564
c_1_47_314,-1.7667109,-3.7552445
c_1_47_315,-0.30952933,-0.03346304
c_1_47_316,0.045593716,-0.49845538
c_1_47_317,0.2864231,-0.06985007
c_1_47_318,1.7081097,-1.388274
c_1_47_319,-0.6794191,1.4511354
c_1_47_320,2.1422074,0.32284188
c_1_47_321,-0.7493786,-0.50770265
c_1_47_322,2.4758182,-1.8588487
c_1_47_323,-0.95079494,-1.4024756
c_1_47_324,0.18954173,0.5095433
c_1_47_325,0.29456666,1.0225799
c_1_47_326,-0.33282748,-0.32266897
c_1_47_327,0.390713,-0.2796737
c_1_47_328,0.27216402,-0.46192893
c_1_47_329,1.1488215,-0.44741058
c_1_47_330,0.60934883,0.69603264
c_1_47_331,1.3918215,-0.04396002
c_1_47_332,-0.07018028,-0.90743077
c_1_47_333,-0.53381777,0.78566444
c_1_47_334,0.5171073,1.4762206
c_1_47_335,1.3573831,-0.6486952
c_1_47_336,0.9755209,-0.7453003
c_1_47_337,-0.61104816,-0.45317933
c_1_47_338,-0.66714275,0.49100035
c_1_47_339,-0.3835162,-2.4513738
c_1_47_340,1.0719999,-0.16294244
c_1_47_341,-0.049508397,0.36416763
c_1_47_342,-2.0892189,0.71473926
c_1_47_343,1.8611876,-0.29252875
c_1_47_344,-0.30798116,0.11116448
c_1_47_345,0.2762054,1.985816
c_1_47_346,-1.1763161,-1.6403573
c_1_47_347,-0.023245813,0.5301983
c_1_47_348,1.9589002,-0.9585906
c_1_47_349,2.0068681,0.3400423
c_1_47_351,-0.5098696,-0.10079816
c_1_47_352,-1.4337537,-0.069601096
c_1_47_353,1.3687685,0.4544726
c_1_47_354,2.4310913,0.7109227
c_1_47_355,2.2880857,-2.8740575
c_1_47_356,1.3797635,-1.4092484
c_1_47_357,1.2608414,0.16488475
c_1_47_358,0.12743783,-0.29887545
c_1_47_359,-0.8042998,0.114987694
c_1_47_360,1.7767109,0.08890062
c_1_47_361,1.1939526,0.30870596
c_1_47_362,-0.688388,-0.47977233
c_1_47_363,0.56619614,-0.6964642
c_1_47_364,0.71183157,0.7392845
c_1_47_365,0.31402904,0.012793592
c_1_47_366,0.83037025,0.15557157
c_1_47_367,0.5449165,1.1058062
c_1_47_368,2.6238968,-0.4269563
c_1_47_369,1.7122766,-0.10212139
c_1_47_371,0.09744211,0.17489931
c_1_47_372,0.6581452,-0.6109045
c_1_47_374,-2.834684,-2.0136168
c_1_47_375,0.54185104,-1.3017131
c_1_47_376,0.67718565,-0.6508219
c_1_47_377,-0.25663707,0.14912145
c_1_47_378,-0.55421937,-0.14806136
c_1_47_379,2.0231357,-0.5422531
c_1_47_380,-1.1867098,-1.7018228
c_1_47_381,0.53480923,-0.5267967
c_1_47_382,2.0113266,0.823965
c_1_47_383,-2.2087717,-0.49385503
c_1_47_384,-0.08045186,0.19043532
c_1_47_385,0.7046384,-0.4282947
c_1_47_386,2.1450636,1.0805444
c_1_47_387,0.54511845,-0.26207763
c_1_47_388,1.1698515,0.033890184
c_1_47_389,0.6698963,-0.59742206
c_1_47_390,-0.8761665,0.22292612
c_1_47_391,0.7781387,0.404148
c_1_47_392,0.90252876,0.10680758
c_1_47_393,-0.051572848,0.025995074
c_1_47_394,-0.66044545,0.92476153
c_1_47_395,-1.3908893,-0.5005266
c_1_47_396,0.09117363,0.36034408
c_1_47_397,1.9018886,0.9782496
c_1_47_398,2.4525173,-0.12726179
c_1_47_399,-0.29867065,0.8234279
c_1_47_400,-0.4385401,0.75975674
c_1_47_401,2.350645,0.84933233
c_1_47_402,-1.0418068,0.9342497
c_1_47_403,-1.1072091,0.605336
c_1_47_404,-1.6890625,-0.80127674
c_1_47_405,-0.42716485,1.7052681
c_1_47_406,1.2035967,0.11734177
c_1_47_407,1.3082165,-0.36963427
c_1_47_408,-0.8828991,0.23362547
c_1_47_409,0.8878217,1.317467
c_1_47_410,0.016244264,1.1982162
c_1_47_411,1.7471089,1.0152634
c_1_47_412,1.9830738,1.3024774
c_1_47_413,0.19447508,-0.67622924
c_1_47_414,2.3467224,-0.77892077
c_1_47_415,-0.22009751,0.7092511
c_1_47_416,2.2561803,-1.7424622
c_1_47_417,1.748262,0.5236698
c_1_47_418,0.71367705,-0.25805953
c_1_47_419,1.5954962,-0.4976227
c_1_47_420,0.5729799,0.5554335
c_1_47_421,1.1378975,-0.45094877
c_1_47_422,0.83320075,-0.11427325
c_1_47_423,0.19220458,1.3741329
c_1_47_424,-1.1835988,-0.31489262
c_1_47_425,0.7476286,-0.29184675
c_1_47_426,0.9750845,-0.6481361
c_1_47_427,0.4890791,0.23659071
c_1_47_428,0.9583585,-0.25424471
c_1_47_429,0.7799718,0.48122767
c_1_47_430,1.8068256,-0.69515526
c_1_47_432,0.29849252,-0.5412414
c_1_47_433,1.3798292,0.33744028
c_1_47_434,1.2006406,-0.2198908
c_1_47_435,-0.12620866,-0.03239823
c_1_47_437,-0.31944016,0.1713708
c_1_47_438,-0.37054753,0.746365
c_1_47_439,2.6275077,1.4558663
c_1_47_440,1.0321765,-0.0866987
c_1_47_441,-2.418904,4.0665007
c_1_47_442,0.5683902,-0.13059051
c_1_47_443,-0.4779709,0.66021204
c_1_47_444,0.8422938,-1.0318756
c_1_47_445,1.2460021,0.12739809
c_1_47_446,1.3193623,-0.41946968
c_1_47_448,0.2849679,-0.48627475
c_1_47_449,-0.6291938,-0.4548398
c_1_47_450,-0.5477427,-0.08377882
c_1_47_451,0.9534306,-0.26354536
c_1_47_452,0.61608875,0.37947446
c_1_47_453,0.21116573,-0.25734574
c_1_47_454,0.86601704,0.637238
c_1_47_455,1.2015077,0.27246362
c_1_47_456,2.5510247,0.042517398
c_1_47_457,2.2972155,0.42467985
c_1_47_458,3.10493,-0.4967296
c_1_47_460,0.85561013,-1.4970133
c_1_47_461,0.00894219,-0.7172745
c_1_47_462,0.196057,-0.29129708
c_1_47_463,-0.5044332,-1.0940499
c_1_47_465,1.5935708,0.6542087
c_1_47_466,0.7822126,0.1990741
c_1_47_467,1.8240172,-0.1684093
c_1_47_468,1.1758716,0.7340872
c_1_47_469,0.610908,-0.83404267
c_1_47_470,0.3304254,0.96287525
c_1_47_471,1.865163,0.59168684
c_1_47_472,1.3547871,-0.7209186
c_1_47_473,-0.7297475,0.27413535
c_1_47_474,3.408178,-0.28450304
c_1_47_477,-0.5968952,-3.9351633
c_1_47_478,1.248976,0.46187478
c_1_47_479,-0.66896534,2.308603
c_1_47_480,0.16944952,-0.0759102
c_1_47_483,0.8971917,1.3678434
c_1_47_485,-0.2901951,-2.125019
c_1_47_487,-0.17173585,1.4663529
c_1_47_489,-0.86990565,0.44360057
c_1_47_490,-1.1093873,0.92243975
c_1_47_491,0.20777342,-0.3432305
c_1_47_493,-0.07486719,1.701088
c_1_47_494,2.132971,-1.5969895
c_1_47_495,0.39760247,0.1676806
c_1_47_497,-1.167526,-0.43385217
c_1_47_499,4.7765546,-0.97521704
c_1_47_500,0.8388381,-1.3627473
c_1_47_501,1.4835602,0.45596215
c_1_47_503,-2.4255528,1.7633412
c_1_47_504,-0.2142919,0.60042983
c_1_47_505,2.9792938,-2.9094868
c_1_47_506,0.85097045,0.37799627
c_1_47_507,-0.29098976,0.1087104
c_1_47_508,-0.71019584,-0.70072466
c_1_47_509,0.84760815,-0.17268236
c_1_47_510,-1.6785688,1.3968531
c_1_47_511,-1.5647539,1.3523281
c_1_47_512,0.80366576,-0.05882428
c_1_47_513,1.4934187,0.8848905
c_1_47_514,-1.376883,1.1686419
c_1_47_515,-2.0135453,0.48398888
c_1_47_516,0.10313391,1.0547628
c_1_47_517,-0.5772961,1.0873626
c_1_47_518,0.2802694,-1.5553814
c_1_47_519,-1.5231553,1.5288591
c_1_47_520,-0.2585523,1.3177916
c_1_47_521,0.35276678,0.10636151
c_1_47_522,-1.5239781,0.19203714
c_1_47_523,1.0877252,0.17158043
c_1_47_524,-0.7502246,1.6598392
c_1_47_525,0.48096785,-0.05337761
c_1_47_526,-0.8323731,-3.6549258
c_1_47_527,0.25946784,-3.5567536
c_1_47_528,-0.73026955,-0.90655047
c_1_47_529,2.4168067,-1.0506493
c_1_47_530,1.0425371,-0.6002741
c_1_47_531,-1.1787643,-1.0728208
c_1_47_532,-0.33708063,0.8485207
c_1_47_533,-1.6634715,3.0259712
c_1_47_534,0.1686318,-1.3112534
c_1_47_535,-0.48400778,-0.08135913
c_1_47_536,-0.33796555,2.9083078
c_1_47_537,0.9648681,-1.1750077
c_1_47_538,-2.072799,2.2377186
c_1_47_539,0.43412328,0.32951197
c_1_47_540,-0.45585695,-0.3744957
c_1_47_541,-0.69016385,0.29462183
c_1_47_542,-0.05764996,0.5265693
c_1_47_543,-0.6921718,2.5189412
c_1_47_545,-0.9858359,0.7023342
c_1_47_546,-1.4004917,0.04599298
c_1_47_547,-1.641537,3.9255624
c_1_47_548,-1.0521785,-0.6863018
c_1_47_549,1.939735,-2.0837245
c_1_47_550,-0.5910385,-0.93049
c_1_47_551,-1.7379427,1.1244192
c_1_47_552,-1.1864381,0.17878842
c_1_47_553,-2.1396532,1.4436842
c_1_47_554,0.7807978,-1.3071827
c_1_47_555,-1.0846136,-4.284623
c_1_47_556,-0.028142992,0.3198574
c_1_47_557,0.12453262,-1.2241079
c_1_47_558,-1.3756958,1.9535587
c_1_47_559,0.65577036,0.7628784
c_1_47_560,1.9102945,1.1333574
c_1_47_561,-0.6521116,-2.1906018
c_1_47_562,-0.28520897,-0.19162801
c_1_47_563,-0.020694628,0.18857056
c_1_47_564,-0.95117885,1.5794859
c_1_47_565,0.07220287,0.4701868
c_1_47_566,1.8749276,-1.3321184
c_1_47_567,1.0225581,2.8836522
c_1_47_568,-1.4840533,2.446304
c_1_47_569,0.19583659,-3.2189267
c_1_47_570,-0.3031139,-0.9814522
c_1_47_571,3.0852444,-3.105203
c_1_47_572,1.9705349,-4.833873
c_1_47_573,1.0156099,-2.9105265
c_1_47_574,-0.8198981,-0.37841243
c_1_47_575,-0.5777977,-0.9892359
c_1_47_576,-0.50592375,0.674934
c_1_47_577,-0.35949597,-0.10118765
c_1_47_578,-0.28928024,0.6136458
c_1_47_579,-1.9179221,3.7247605
c_1_47_580,-4.706012,-3.2785301
c_1_47_581,1.9850527,0.391594
c_1_47_582,1.2346874,-0.6991958
c_1_47_583,-0.6645601,1.3532352
c_1_47_584,0.32130107,0.43983725
c_1_47_585,0.2843991,2.1653552
c_1_47_586,0.12608705,1.1879576
c_1_47_587,0.9284652,0.30360198
c_1_47_588,-1.1790435,-1.3382363
c_1_47_589,-0.35545728,-3.335287
c_1_47_590,0.5650496,1.3691643
c_1_47_591,-1.2295108,1.1551952
c_1_47_592,-1.5299137,0.8924734
c_1_47_593,-1.0884763,1.008576
c_1_47_594,-0.3773664,-0.9743625
c_1_47_595,-0.31957158,1.2418357
c_1_47_596,-1.7200853,3.2927334
c_1_47_597,-0.15813151,1.38123
c_1_47_598,-0.5086394,-1.0721935
c_1_47_599,-0.6407238,4.441475
c_1_47_600,-1.1710533,2.931595
c_1_47_601,-0.38210633,1.0831445
c_1_47_602,0.13993727,-0.15079892
c_1_47_603,-0.6120931,2.5641983
c_1_47_604,-1.2606642,-1.8593615
c_1_47_605,-0.95570004,-0.1439443
c_1_47_606,-1.4528855,2.2935116
c_1_47_607,-1.0444947,0.78281635
c_1_47_608,0.5741048,-0.7586312
c_1_47_609,-1.825548,3.841113
c_1_47_610,0.8323232,1.075738
c_1_47_611,-1.3435543,-0.19100128
c_1_47_612,-0.39232138,-0.8401727
c_1_47_613,-1.3512448,-1.2945821
c_1_47_614,-1.2127899,0.9012059
c_1_47_615,-2.10392,1.1504879
c_1_47_617,-0.72245157,1.1118499
c_1_47_618,0.6134958,-0.32494938
c_1_47_619,-1.4902542,1.9315473
c_1_47_620,0.09684531,-0.22643174
c_1_47_621,0.74501246,-1.2603099
c_1_47_622,-2.783553,-3.008841
c_1_47_624,1.716859,-0.6949542
c_1_47_625,-1.8633221,1.0714058
c_1_47_626,-0.21039216,-0.37436777
c_1_47_627,0.23236257,-0.29056707
c_1_47_628,-7.925704,-6.9736085
c_1_47_629,-0.7333077,-0.54648614
c_1_47_630,-1.7143152,3.4768267
c_1_47_631,0.373694,0.5286159
c_1_47_632,-1.4935142,-0.6858762
c_1_47_633,-1.2669889,4.370496
c_1_47_634,-1.084177,0.89763254
c_1_47_635,-1.0195415,0.03102318
c_1_47_636,0.6327151,-0.0444201
c_1_47_637,-0.024715059,-0.81426585
c_1_47_638,-3.5586321,0.92468745
c_1_47_639,1.5155414,-0.7127518
c_1_47_640,-4.7661376,-9.32007
c_1_47_641,0.45210072,-1.5441629
c_1_47_642,-1.6642894,-1.784725
c_1_47_643,1.2392212,-0.023021853
c_1_47_644,0.73262453,0.19115725
c_1_47_645,-0.39875853,4.3182344
c_1_47_646,-3.0733123,-0.05823165
c_1_47_647,0.756211,-0.62689716
c_1_47_648,-0.48120037,-0.36641762
c_1_47_649,-4.2369523,7.8685493
c_1_47_650,0.31896248,0.40647104
c_1_47_652,-2.0378997,2.5568812
c_1_47_653,0.40898082,-1.6146097
c_1_47_654,1.5847255,0.40181458
c_1_47_655,-2.02012,2.424354
c_1_47_656,-0.31548032,0.8618964
c_1_47_657,-0.8115137,-0.45610356
c_1_47_658,-0.7311686,1.6558492
c_1_47_659,-0.55891776,-1.2042415
c_1_47_660,-0.7174789,-0.27865133
c_1_47_661,1.1152178,-0.36823964
c_1_47_662,-2.967765,-0.68425053
c_1_47_663,-1.4559005,2.6891022
c_1_47_664,-1.1472031,-4.2233615
c_1_47_665,0.7274576,-0.39800212
c_1_47_666,-0.71435946,0.37164056
c_1_47_667,-0.9696369,-0.76298106
c_1_47_668,0.11955978,0.9881859
c_1_47_669,1.1752529,-0.6946606
c_1_47_670,-0.70038503,0.27054083
c_1_47_671,-0.490995,3.784355
c_1_47_672,0.69157434,-1.1321595
c_1_47_673,1.4049176,-0.81024855
c_1_47_674,0.40678033,-0.39881116
c_1_47_675,0.24195993,0.36864826
c_1_47_676,-0.65252376,1.598173
c_1_47_677,0.69596404,0.27515033
c_1_47_678,-1.1736403,2.594852
c_1_47_679,-1.7936958,-0.12731196
c_1_47_680,-0.33073375,-0.28858232
c_1_47_681,-5.3405457,-5.97321
c_1_47_682,-0.34132022,-0.028769724
c_1_47_683,-2.5414476,3.8522944
c_1_47_684,-1.1245058,1.0793707
c_1_47_685,-1.1969174,0.59984386
c_1_47_686,-2.842082,3.3289623
c_1_47_687,2.5168743,0.05388228
c_1_47_688,0.13562986,0.6016679
c_1_47_689,0.73769313,-0.26179692
c_1_47_690,-0.67453295,1.3901589
c_1_47_691,-1.8003521,1.6825813
c_1_47_692,-0.33177176,-0.91435766
c_1_47_693,-1.6009403,2.2843683
c_1_47_694,-0.6729051,0.41134092
c_1_47_695,-1.2776997,0.27381596
c_1_47_696,-1.3189933,2.4572728
c_1_47_697,-2.4243824,3.0829349
c_1_47_698,-0.6138832,1.2454095
c_1_47_699,0.67294854,-2.0078065
c_1_47_700,-1.4236321,0.75284827
c_1_47_701,-0.88343334,0.8936234
c_1_47_702,-1.3369504,-0.91028786
c_1_47_703,-0.4487454,-0.09233508
c_1_47_704,-0.44007128,0.6788762
c_1_47_705,-0.28247342,1.534246
c_1_47_706,-0.5741991,0.8871613
c_1_47_707,0.35838103,0.14179319
c_1_47_708,-0.47838962,0.16241482
c_1_47_709,-2.2608047,2.125585
c_1_47_710,-2.4817245,-2.1559513
c_1_47_711,-0.4697,1.8682246
c_1_47_712,-3.7426147,-2.6479845
c_1_47_713,-0.58370894,-2.1198964
c_1_47_714,-0.5952809,0.17759648
c_1_47_715,-0.8894623,0.5627083
c_1_47_716,-0.89422506,-0.28699625
c_1_47_717,0.9144911,0.7625026
c_1_47_718,-1.1201602,1.4956907
c_1_47_719,-1.4240108,1.3943067
c_1_47_720,-1.1161582,0.36637935
c_1_47_721,-1.4140984,2.381445
c_1_47_722,0.39798257,0.37718332
c_1_47_723,-0.7352249,1.1256373
c_1_47_724,-0.0040175123,1.0571123
c_1_47_725,-0.22217607,1.6534431
c_1_47_726,-3.4855921,-4.054793
c_1_47_727,-0.29538643,0.5584571
c_1_47_728,-0.78440607,-1.3546985
c_1_47_729,2.6109607,-0.18200009
c_1_47_730,-7.9876485,-8.976396
c_1_47_731,0.1643527,-0.007640401
c_1_47_732,-1.0911008,0.5239877
c_1_47_733,0.9419633,-0.29209352
c_1_47_734,-0.56663424,2.8048534
c_1_47_735,1.2398626,0.8046818
c_1_47_736,-5.0783615,-6.062612
c_1_47_737,0.7057601,-1.5739938
c_1_47_738,-0.76320696,-1.1732371
c_1_47_739,-0.67656183,-1.0623653
c_1_47_740,-0.37761495,-0.26323563
c_1_47_741,-3.1185808,-5.2724576
c_1_47_742,-5.736463,-6.707363
c_1_47_743,-0.9631308,-1.0465099
c_1_47_744,-0.91015834,1.0261022
c_1_47_745,-0.06943687,-1.0182272
c_1_47_746,-1.6994638,-0.6729642
c_1_47_747,0.01751939,0.114122294
c_1_47_748,0.0985924,-0.45941442
c_1_47_749,-2.0585566,-0.21877012
c_1_47_750,-0.2859066,1.8984413
c_1_47_751,0.5757443,0.6984223
c_1_47_752,-1.9978958,-0.21337095
c_1_47_753,-0.9501346,-0.2108865
c_1_47_754,-0.9299476,-1.6441289
c_1_47_755,-0.6614875,-0.70849335
c_1_47_756,-1.4233577,-0.7914897
c_1_47_757,0.4552918,-1.8466847
c_1_47_758,-0.4163836,-0.26546735
c_1_47_759,-1.2672781,1.0149074
c_1_47_760,-1.9995455,-1.4142836
c_1_47_761,-0.6324586,-1.0653995
c_1_47_762,-0.6922267,1.3225685
c_1_47_763,-0.45250767,0.33073634
c_1_47_764,-2.3708582,1.7941673
c_1_47_765,0.7763848,0.28409842
c_1_47_766,-0.16275093,0.97696835
c_1_47_767,-1.5209146,-0.31435746
c_1_47_768,-1.355556,-0.8837586
c_1_47_769,-5.7003574,-7.4322352
c_1_47_771,-1.778469,-0.5075179
c_1_47_772,0.06653575,0.36011055
c_1_47_773,-2.2863672,1.2093071
c_1_47_774,-1.8647864,-0.34449083
c_1_47_775,1.5400577,-0.60464734
c_1_47_776,-0.63532466,3.4984326
c_1_47_777,-0.66703284,0.13874526
c_1_47_778,-0.7175868,-1.4256293
c_1_47_779,0.07720818,-0.9961361
c_1_47_780,-3.6929722,-3.454021
c_1_47_782,-0.22328945,0.5507629
c_1_47_783,-5.6837587,-6.936283
c_1_47_784,-0.53898275,-2.2104533
c_1_47_785,-5.0251346,-6.431532
c_1_47_786,-1.2268403,-0.70011467
c_1_47_787,0.9864784,-0.37077925
c_1_47_788,-0.4267572,1.3409003
c_1_47_789,-1.884017,-0.18467215
c_1_47_790,-0.28745714,-1.0570539
c_1_47_791,0.19927117,1.2324592
c_1_47_792,-5.0158496,-6.854719
c_1_47_793,-4.1105776,-2.8000252
c_1_47_794,-0.23188442,-1.6838664
c_1_47_795,-1.281621,-1.5257772
c_1_47_796,-0.79236865,-0.5542403
c_1_47_797,0.5831974,-1.208882
c_1_47_798,-5.9350758,-8.275763
c_1_47_799,-0.16992775,-0.10017984
c_1_47_800,-1.0260184,-1.1780565
c_1_47_802,-1.5011058,1.2889588
c_1_47_803,-1.6875733,0.117763534
c_1_47_804,-5.773541,-7.4666276
c_1_47_805,-6.0146217,-6.9682302
c_1_47_806,-0.2751744,0.38123798
c_1_47_807,-0.26586553,0.37202555
c_1_47_808,-5.757554,-5.0226607
c_1_47_809,-0.9845308,-0.33235833
c_1_47_810,-2.908549,-2.461403
c_1_47_811,-0.46919423,0.03449247
c_1_47_812,-1.0841364,0.93765295
c_1_47_813,-0.053622965,-0.51328915
c_1_47_814,0.2688857,0.0781048
c_1_47_815,-0.32413083,0.2205945
c_1_47_816,-5.2846217,-8.055385
c_1_47_817,-0.7238318,-0.74780554
c_1_47_818,0.6199809,-0.118516564
c_1_47_819,-2.3057475,-2.5143247
c_1_47_820,-1.0750836,1.5698433
c_1_47_823,-0.6141767,-0.40604094
c_1_47_824,-2.198573,-0.14879908
c_1_47_825,-0.93748444,1.6014675
c_1_47_826,-2.053204,-3.1746104
c_1_47_827,-2.4438732,2.8774896
c_1_47_828,0.46128827,-1.1299707
c_1_47_830,-1.256102,-6.1032767
c_1_47_831,-0.46652395,-0.6335878
c_1_47_832,-0.84826,1.2969952
c_1_47_833,-1.4612446,0.044361778
c_1_47_834,-0.09140897,0.6379659
c_1_47_835,-2.4550865,-1.8269179
c_1_47_836,-2.2169628,-1.7643838
c_1_47_837,-1.02281,-0.34379438
c_1_47_838,-4.211872,-3.4987216
c_1_47_839,-2.0226052,-0.42137578
c_1_47_840,-4.5015335,3.883536
c_1_47_841,-3.561984,-4.3657002
c_1_47_842,0.4455988,-0.077810414
c_1_47_843,0.2093361,1.2238437
c_1_47_844,-2.812554,-1.9278746
c_1_47_845,-0.7202839,-4.2415676
c_1_47_847,-4.6456633,-6.4894934
c_1_47_848,-0.73421144,0.40911695
c_1_47_849,1.8749835,0.11149659
c_1_47_850,-2.3413777,3.0669415
c_1_47_851,-5.2220287,-5.721577
c_1_47_852,-1.6534898,-0.30084035
c_1_47_853,-0.21655817,2.577688
c_1_47_854,-0.68214875,1.7403789
c_1_47_855,-0.77907896,1.5233511
c_1_47_856,-5.114121,-5.619904
c_1_47_857,0.15963721,0.040722758
c_1_47_858,-0.08506218,-0.81588006
c_1_47_859,-3.4804595,-4.1315393
c_1_47_860,0.1779502,-0.10995489
c_1_47_861,-0.8922051,-1.3559241
c_1_47_862,-1.0380288,-0.19703269
c_1_47_863,-1.2650653,2.870069
c_1_47_864,-1.7031972,1.9865589
c_1_47_865,-1.9649324,-1.1900253
c_1_47_866,-1.7794554,-1.5676636
c_1_47_867,-1.5335419,-0.26261815
c_1_47_868,0.39307943,-1.4216164
c_1_47_869,-3.2553444,-3.1712856
c_1_47_870,-0.87717885,-0.4229406
c_1_47_871,-0.50290114,0.5877261
c_1_47_872,-1.3233587,-2.4624445
c_1_47_873,-0.3575831,0.36891165
c_1_47_874,0.074113145,1.0004877
c_1_47_875,0.17282818,0.5533866
c_1_47_876,0.3485838,1.3184097
c_1_47_877,-0.16246799,0.16084194
c_1_47_878,0.4062745,-0.40488473
c_1_47_879,-1.3438203,-0.67900485
c_1_47_880,-0.605264,3.193315
c_1_47_881,-1.9078627,1.6978018
c_1_47_883,-0.6224559,-1.0530212
c_1_47_884,-7.5788813,-9.194146
c_1_47_885,-3.9682486,-1.5800368
c_1_47_886,0.3317663,0.18961748
c_1_47_887,-4.750875,-4.944812
c_1_47_888,-4.8191175,-5.988882
c_1_47_889,-1.8150562,5.5793805
c_1_47_890,-1.8089569,-0.6565703
c_1_47_891,0.17077965,-0.07400858
c_1_47_892,-0.14761886,0.8157426
c_1_47_893,-4.7015405,-2.691759
c_1_47_894,0.45203963,-0.19200514
c_1_47_895,-0.41994736,0.40408382
c_1_47_896,-1.6259477,-0.08730104
c_1_47_897,-1.6728958,-0.049790468
c_1_47_898,-0.581085,2.0401194
c_1_47_899,-1.4080707,-1.3412708
c_1_47_900,-2.5438418,-3.9346926
c_1_47_901,-0.33502266,1.3364522
c_1_47_902,-1.900563,2.9115624
c_1_47_903,-1.0319057,-0.83807456
c_1_47_904,-4.555311,-7.043802
c_1_47_905,-0.52789617,-1.193683
c_1_47_906,-0.12580134,0.53093153
c_1_47_907,-0.5845436,-0.4731317
c_1_47_908,-3.9418275,-5.7678785
c_1_47_909,-3.6108007,-3.997799
c_1_47_910,-0.39292312,0.5604145
c_1_47_911,-1.4939934,2.1055553
c_1_47_912,-2.783727,-5.0491834
c_1_47_913,-0.19443157,0.9747057
c_1_47_915,0.17227666,-0.75038695
c_1_47_916,-1.7439762,-1.512613
c_1_47_917,-3.606007,-5.5437336
c_1_47_918,-5.2753897,-5.8918743
c_1_47_919,-1.4482388,1.6107595
c_1_47_920,-1.1061078,2.3469422
c_1_47_921,0.8005462,-0.34688216
c_1_47_922,-2.0098183,-1.274074
c_1_47_923,-3.4617245,-4.462722
c_1_47_924,0.24843438,-1.2100532
c_1_47_925,-1.6942085,-2.484459
c_1_47_926,-3.3203194,3.2832935
c_1_47_927,1.599684,-0.9494793
c_1_47_928,-1.6477386,-2.425332
c_1_47_929,0.79100674,-0.712013
c_1_47_930,-3.3462753,-2.539931
c_1_47_931,2.339896,-1.0112367
c_1_47_932,-0.97623557,-2.4218786
c_1_47_933,-1.0786481,0.7110572
c_1_47_934,-1.454319,0.35208827
c_1_47_935,-1.4924959,1.8582278
c_1_47_937,-1.0860685,-1.153154
c_1_47_938,-0.7553553,-2.1731248
c_1_47_939,-1.3597988,-1.1021116
c_1_47_940,-0.1240991,-3.773001
c_1_47_941,1.6743798,-1.700582
c_1_47_942,-1.542706,-0.10040137
c_1_47_943,0.9080822,-2.3051891
c_1_47_945,2.5835755,-1.1179664
c_1_47_946,-1.6501937,2.4270523
c_1_47_947,-2.1988955,-0.2722717
c_1_47_949,-1.0209799,1.245283
c_1_47_950,2.3552794,-0.9888718
c_1_47_952,-2.7669253,1.9017779
c_1_47_953,-4.89297,-5.467093
c_1_47_954,-1.7842807,0.07318684
c_1_47_956,-1.0948974,1.1499935
c_1_47_957,-2.4211035,-1.2557999
c_1_47_958,0.9934229,-2.6609378
c_1_47_960,0.8341922,-1.9882014
c_1_47_961,-0.82507205,2.6552486
c_1_47_962,-0.5493351,-0.013546504
c_1_47_963,-5.6884775,-8.579035
c_1_47_964,-5.3392143,-4.54806
c_1_47_965,-0.3238394,1.2473835
c_1_47_966,-0.38416412,-0.7727936
c_1_47_967,-4.2320094,-0.73538214
c_1_47_968,-1.1632378,-2.0597944
c_1_47_969,-1.7588933,-1.9860973
c_1_47_970,1.0759801,-2.128433
c_1_47_971,-1.5951289,-0.7564691
c_1_47_972,-2.4647508,-1.2124808
c_1_47_973,-0.66784465,-0.87289876
c_1_47_974,-1.396105,1.6198534
c_1_47_975,-2.0507078,-2.25777
c_1_47_976,-5.33884,-6.340197
c_1_47_977,-1.3436505,-0.6178593
c_1_47_978,-1.680251,0.90458846
c_1_47_979,-0.10642579,-0.81270796
c_1_47_980,-1.1374971,2.0909293
c_1_47_981,-0.6176613,0.29592335
c_1_47_982,-0.7830344,-0.21022338
c_1_47_983,-1.365781,0.44114953
c_1_47_984,-0.88245255,0.42399406
c_1_47_985,-0.17790939,0.5445208
c_1_47_986,-1.9398018,-0.58602715
c_1_47_987,-0.8540651,-0.062056478
c_1_47_988,-2.3699715,0.5754692
c_1_47_989,-0.4780056,1.5060506
c_1_47_990,-2.4809623,-0.27416483
c_1_47_991,-0.8254155,-1.5820224
c_1_47_992,-5.1903524,-5.9456058
c_1_47_993,-3.653714,-3.6652749
c_1_47_994,-1.8802505,4.1899257
c_1_47_995,-0.65210027,-1.4816957
c_1_47_996,-1.846297,0.7667724
c_1_47_997,1.7398881,0.64834654
c_1_47_998,-1.6660117,-1.3170282
c_1_47_999,-4.900367,-5.9091687
c_1_47_1000,-1.5648351,1.1111094
c_1_47_1001,-1.6109159,2.347595
c_1_47_1002,-1.0316666,0.20174304
c_1_47_1003,-1.452157,-0.7180748
c_1_47_1004,0.27784672,-0.96189076
c_1_47_1005,-0.2964227,2.2753372
c_1_47_1006,0.17747965,-0.4407327
c_1_47_1007,-3.1345172,-2.1641843
c_1_47_1008,-1.3556609,0.035562586
c_1_47_1009,0.07559083,-1.335288
c_1_47_1010,-0.277361,-0.12016923
c_1_47_1011,-0.24880628,-1.0020024
c_1_47_1012,-1.8932714,-1.1641909
c_1_47_1013,-0.5358328,-0.70891804
c_1_47_1014,-1.4966476,0.25896338
c_1_47_1015,0.6269338,-0.5538223
c_1_47_1017,-1.2157806,-0.19872497
c_1_47_1018,0.7966552,0.39236578
c_1_47_1019,-0.06956446,3.4499884
c_1_47_1020,-1.2564033,2.1274498
c_1_47_1021,-3.6703143,-5.6467233
c_1_47_1022,-1.9628386,-2.0248408
c_1_47_1023,-1.1609447,-1.222049
c_1_47_1024,-0.3528783,-0.34778723
c_1_47_1025,-1.457609,0.23425508
c_1_47_1026,-0.78464335,0.27267414
c_1_47_1027,-5.0435395,-5.440143
c_1_47_1028,0.36212227,0.7304329
c_1_47_1030,-1.6934385,0.54382604
c_1_47_1031,0.5350674,-0.40884885
c_1_47_1032,-1.2403042,0.14370608
c_1_47_1033,-0.4963161,0.3561936
c_1_47_1034,-0.59242994,-0.7464271
c_1_47_1035,-1.9401764,0.20408438
c_1_47_1036,-2.1129215,-1.6682081
c_1_47_1037,-3.2875848,-3.0142574
c_1_47_1038,-0.34488386,0.19987302
c_1_47_1039,-2.386446,-5.306602
c_1_47_1040,-1.3305166,-1.6492308
c_1_47_1041,-1.5622425,1.1109699
c_1_47_1042,-1.0185368,-2.5420213
c_1_47_1044,-1.1227211,4.2639337
c_1_47_1045,-2.9404612,-3.7420337
c_1_47_1046,-1.6973573,1.2056041
c_1_47_1047,0.3880531,-1.4303492
c_1_47_1048,-2.6147404,-0.11474614
c_1_47_1049,-1.6340326,-0.6805122
c_1_47_1050,-0.5871311,1.2030393
c_1_47_1051,-2.455341,0.057367932
c_1_47_1052,0.559814,-2.032966
c_1_47_1053,0.5423879,-0.9716983
c_1_47_1054,-0.19386211,1.619619
c_1_47_1055,-0.9163609,1.3191652
c_1_47_1056,0.8540823,-2.9023926
c_1_47_1057,-1.0966213,-0.7666059
c_1_47_1058,-1.3123403,-2.0285666
c_1_47_1059,-0.81688863,-1.8054366
c_1_47_1061,-0.369913,1.6447563
c_1_47_1062,-2.9637167,-3.7383766
c_1_47_1063,-1.5404317,3.8396628
c_1_47_1064,-0.90735,-2.2387676
c_1_47_1065,-0.23098668,-0.96953046
c_1_47_1066,-0.93567246,-0.08526219
c_1_47_1067,-1.9704586,-0.31061518
c_1_47_1068,-3.0012293,2.7536967
c_1_47_1069,-1.6154647,2.1115844
c_1_47_1070,-2.1535034,2.7917902
c_1_47_1071,-0.032960568,0.068967946
c_1_47_1073,0.09162667,1.6162444
c_1_47_1074,-1.5131811,-0.4014949
c_1_47_1075,-1.4795938,0.7404139
c_1_47_1076,-0.8770596,-0.7850332
c_1_47_1077,-2.0264966,-1.3032174
c_1_47_1078,-2.189487,-1.3205935
c_1_47_1079,-0.31042618,3.2304583
c_1_47_1081,-2.7138937,-2.8865278
c_1_47_1082,-0.4899086,1.1824341
c_1_47_1083,-0.8560475,0.9466218
c_1_47_1084,-2.5304182,-1.8087589
c_1_47_1085,0.2576989,1.51213
c_1_47_1087,0.9183186,-0.8794437
c_1_47_1088,0.92220014,-2.4490964
c_1_47_1089,-2.9609187,-1.3253269
c_1_47_1090,-0.65998495,1.1385412
c_1_47_1091,-0.48651603,1.1362826
c_1_47_1092,1.8677292,-0.8769505
c_1_47_1093,0.042664763,-0.30453593
c_1_47_1094,-1.8880644,-1.8104751
c_1_47_1095,-0.9335059,1.6285101
c_1_47_1096,-1.5379648,-0.60567397
c_1_47_1098,-0.4172035,-0.094409175
c_1_47_1099,-4.5421124,-5.7940493
c_1_47_1100,0.44719803,-0.610415
c_1_47_1101,1.9240142,-1.7878597
c_1_47_1102,0.43458536,1.3266096
c_1_47_1103,-0.6490842,0.6577451
c_1_47_1104,1.7894766,-3.1603708
c_1_47_1105,-0.90191597,-0.9594701
c_1_47_1106,2.7337074,-1.6538272
c_1_47_1107,-1.106164,-0.008721849
c_1_47_1108,-2.2248676,-1.6062752
c_1_47_1109,1.1656705,-0.3980538
c_1_47_1110,-0.52488333,-0.08646427
c_1_47_1111,2.2160342,-1.3250092
c_1_47_1112,0.8833925,-1.7227815
c_1_47_1113,-2.7097313,3.238263
c_1_47_1114,1.1854018,-0.3826845
c_1_47_1115,-1.8340254,3.2298374
c_1_47_1116,2.3915176,-1.1702497
c_1_47_1117,-0.8964984,-2.132468
c_1_47_1118,-1.4522862,1.1818388
c_1_47_1120,0.74665016,1.4855957
c_1_47_1121,-3.0160544,-1.9572845
c_1_47_1122,-2.8625891,3.3242764
c_1_47_1123,0.46715412,-1.7508577
c_1_47_1124,0.99405235,0.007846196
c_1_47_1125,0.7299617,-1.9793427
c_1_47_1126,-0.7515324,0.861626
c_1_47_1127,0.61677617,-2.6934931
c_1_47_1128,-1.4384509,0.7581131
c_1_47_1130,-0.19261047,0.2642075
c_1_47_1131,-1.4666306,0.69810313
c_1_47_1132,-1.6606941,1.9772104
c_1_47_1133,-1.2163706,2.2902582
c_1_47_1134,-0.92876714,4.0988007
c_1_47_1135,0.3940428,-4.6089363
c_1_47_1137,-1.9568288,-1.3766764
c_1_47_1138,-0.03904633,3.2632728
c_1_47_1139,-1.0719869,3.1993473
c_1_47_1140,-2.5246582,-0.2178232
c_1_47_1141,-0.37529057,-1.3010237
c_1_47_1142,-3.356686,-4.279198
c_1_47_1143,-0.45209518,3.3603797
c_1_47_1144,0.26711023,0.53446484
c_1_47_1145,-0.7426884,2.613452
c_1_47_1146,0.17752525,0.51004255
c_1_47_1147,-2.249266,-1.0936468
c_1_47_1148,1.2184557,0.9097384
c_1_47_1149,-0.84241164,-0.6724451
c_1_47_1150,-2.5701497,-3.5611696
c_1_47_1151,-0.9784559,-0.9962211
c_1_47_1152,-3.6715968,-1.0911237
c_1_47_1153,2.2645798,-0.24321884
c_1_47_1154,-2.0764444,-0.8211613
c_1_47_1155,-1.0979899,-1.2029104
c_1_47_1156,-6.6370153,-5.223785
c_1_47_1157,-1.714618,0.59555656
c_1_47_1158,-1.9490367,-7.7564726
c_1_47_1159,-2.9012184,2.190984
c_1_47_1160,-0.9575145,-0.476262
c_1_47_1161,-0.02598017,0.6752269
c_1_47_1162,-0.4905547,1.2218424
c_1_47_1163,-3.947938,-5.480279
c_1_47_1164,-1.3618494,1.8389251
c_1_47_1166,-1.0528632,0.93948597
c_1_47_1167,-1.292535,-0.32041374
c_1_47_1168,2.8331242,-1.0720383
c_1_47_1169,-2.8051755,-1.9637839
c_1_47_1170,-2.0996363,2.3292177
c_1_47_1171,-0.9799477,-0.1296334
c_1_47_1172,-0.8056568,0.929698
c_1_47_1173,-1.5510349,4.0000443
c_1_47_1174,-2.1030684,-2.5890906
c_1_47_1175,-2.5410628,0.63540906
c_1_47_1176,-2.7192497,1.079643
c_1_47_1177,-2.500198,4.4649773
c_1_47_1178,-1.9106445,-0.5528705
c_1_47_1180,-1.8814446,-0.5088001
c_1_47_1181,-1.1349719,-2.4771261
c_1_47_1183,-0.5419725,1.5535393
c_1_47_1184,-0.69032943,-0.61944455
c_1_47_1185,-2.1364257,1.2778474
c_1_47_1186,0.9981626,1.8483914
c_1_47_1187,-5.47194,-5.72398
c_1_47_1188,-0.9289749,0.1544683
c_1_47_1189,0.34154302,0.37960184
c_1_47_1190,-1.6166294,-0.9935878
c_1_47_1191,-0.39855066,-1.9523461
c_1_47_1192,-1.1832417,0.06527938
c_1_47_1193,-0.64983606,-0.8174263
c_1_47_1194,-1.160047,-2.5752127
c_1_47_1195,-1.9166566,-2.686063
c_1_47_1197,-1.486401,3.139473
c_1_47_1198,0.9126778,-1.597967
c_1_47_1199,-1.1,0.7171171
c_1_47_1200,-1.0217861,0.90517074
c_1_47_1202,-1.8249123,-0.7410132
c_1_47_1203,0.65823936,-0.62066996
c_1_47_1204,-1.1395322,0.06929871
c_1_47_1205,-1.2802165,1.7941602
c_1_47_1206,-0.1231401,-0.37079713
c_1_47_1207,-0.9855007,-1.1005485
c_1_47_1208,-0.49719983,1.7945309
c_1_47_1209,-0.55314296,-0.0372517
c_1_47_1210,0.53235805,0.41090018
c_1_47_1211,-0.24824873,0.70562
c_1_47_1213,-2.1893942,-1.4032727
c_1_47_1215,-0.99994856,0.4579028
c_1_47_1216,-0.41851184,-2.4744587
c_1_47_1217,2.2491488,-2.2525897
c_1_47_1218,-0.3945029,0.45807874
c_1_47_1219,-3.756666,-2.5128708
c_1_47_1220,-1.951105,1.722526
c_1_47_1221,0.79306024,-2.2545853
c_1_47_1222,-2.7124677,-0.6031145
c_1_47_1223,-2.4000793,-1.4097344
c_1_47_1224,-0.7406798,0.517111
c_1_47_1225,-1.5049207,0.09788687
c_1_47_1226,0.097547226,0.6253865
c_1_47_1227,-0.8764718,0.20594689
c_1_47_1228,-1.9112849,-1.1851424
c_1_47_1229,-1.4510046,0.26746193
c_1_47_1230,-1.1868975,0.038306855
c_1_47_1231,0.5414731,0.77167547
c_1_47_1233,-2.9833252,2.59312
c_1_47_1234,2.1356363,-0.63958925
c_1_47_1235,0.38782957,1.2198783
c_1_47_1236,-1.18426,-0.5168065
c_1_47_1238,0.019788122,-1.3669928
c_1_47_1239,-0.03710865,-1.0815804
c_1_47_1240,2.1180623,-0.87012357
c_1_47_1241,-1.0997846,0.13752262
c_1_47_1242,0.7080427,-0.4286799
c_1_47_1243,1.3371649,0.12604885
c_1_47_1244,-0.026344892,-0.19553515
c_1_47_1245,0.093698606,0.43624428
c_1_47_1246,0.33842298,0.009958572
c_1_47_1247,-1.5505418,0.45864758
c_1_47_1248,-1.1251112,-1.1808947
c_1_47_1249,0.62041473,0.07234257
c_1_47_1250,-1.1769269,-0.70198065
c_1_47_1251,0.7155626,0.071335256
c_1_47_1252,1.2176045,0.62722754
c_1_47_1253,-5.5086174,-5.2828207
c_1_47_1254,-0.7799484,-2.1445985
c_1_47_1255,-0.0275626,0.7133442
c_1_47_1256,-0.9252064,-1.6984148
c_1_47_1257,2.862182,-1.8310039
c_1_47_1258,-2.2398124,0.22099754
c_1_47_1259,-0.8835781,0.3728219
c_1_47_1260,2.307091,0.8662447
c_1_47_1261,-1.2451864,2.6765585
c_1_47_1262,-2.7350357,-3.2957191
c_1_47_1263,0.17794271,0.68714964
c_1_47_1264,3.0453014,-2.0299833
c_1_47_1265,-1.6255213,-2.433373
c_1_47_1266,0.52512217,-1.9382085
c_1_47_1267,0.21976769,-1.5867989
c_1_47_1268,-1.2068207,0.43449938
c_1_47_1269,-0.10161697,1.381575
c_1_47_1270,-1.2259443,1.25543
c_1_47_1271,-0.5419389,0.99156785
c_1_47_1272,1.510658,0.7616337
c_1_47_1273,1.6676575,-2.8453877
c_1_47_1274,2.290925,-2.5360188
c_1_47_1275,-0.15579012,0.31650046
c_1_47_1276,-0.00341806,1.5469954
c_1_47_1277,-0.07914984,0.36808863
c_1_47_1278,-4.432757,-2.5901601
c_1_47_1279,-1.544926,-1.246488
c_1_47_1281,0.42585322,1.7811779
c_1_47_1282,-3.0002975,-0.588855
c_1_47_1283,-0.060528558,0.23603152
c_1_47_1284,-0.032167785,0.20092307
c_1_47_1285,-0.8314071,-1.3504477
c_1_47_1286,-1.580763,0.2619961
c_1_47_1287,1.2625759,-2.5947773
c_1_47_1288,-2.858977,-2.790343
c_1_47_1289,1.6059623,-2.1359844
c_1_47_1290,-1.0212119,1.9933804
c_1_47_1291,1.2787502,0.6681882
c_1_47_1292,2.3903124,-2.9305854
c_1_47_1293,0.61374676,1.0261992
c_1_47_1294,-1.9854517,-1.7273077
c_1_47_1295,-2.2840083,-2.3274195
c_1_47_1296,0.6760654,1.1706342
c_1_47_1297,-1.1343461,1.2064813
c_1_47_1298,2.3525722,0.97213453
c_1_47_1299,-1.73073,1.7961895
c_1_47_1300,0.062135983,-0.11273403
c_1_47_1301,-1.910828,3.2040958
c_1_47_1302,-2.4722612,1.5943774
c_1_47_1303,0.45522624,0.019912101
c_1_47_1304,0.9351026,0.28664902
c_1_47_1305,3.0513983,-1.8320801
c_1_47_1306,-4.743993,-2.5725455
c_1_47_1307,0.36602387,1.6139542
c_1_47_1308,-3.3626282,1.8859469
c_1_47_1309,-1.2012951,1.0740222
c_1_47_1310,-1.6605903,-0.21148907
c_1_47_1311,-0.22789258,0.9507461
c_1_47_1312,-0.2806789,1.1178173
c_1_47_1313,-1.0710509,1.2446982
c_1_47_1314,-0.76598155,-0.79379237
c_1_47_1315,2.3025837,-3.69432
c_1_47_1316,4.3766365,-1.0779209
c_1_47_1317,-1.8027804,3.3835914
c_1_47_1318,-0.78456503,0.5541142
c_1_47_1319,-2.2875106,1.5219227
c_1_47_1320,-2.9594955,3.5808287
c_1_47_1321,-1.5363283,-2.7293806
c_1_47_1322,0.3542206,0.55600905
c_1_47_1324,-0.34403804,2.515954
c_1_47_1325,1.9080882,-1.2085356
c_1_47_1327,-2.982977,1.0481802
c_1_47_1328,-3.23959,-2.0483391
c_1_47_1329,-1.1637807,0.93744636
c_1_47_1331,-1.178471,6.205394
c_1_47_1332,-2.4675531,1.0726534
c_1_47_1333,-1.5999081,-1.3954151
c_1_47_1334,-3.09314,-2.7105343
c_1_47_1335,-1.8712739,3.4780102
c_1_47_1336,-0.75782454,0.34672922
c_1_47_1337,-1.6044198,2.289665
c_1_47_1338,-1.3777927,1.3936185
c_1_47_1339,-0.31347993,0.79012686
c_1_47_1340,-0.45922944,2.1604939
c_1_47_1341,-1.1774986,0.037290998
c_1_47_1342,0.8807225,0.24792112
c_1_47_1343,-0.91950184,2.396922
c_1_47_1344,0.45447427,-0.42078868
c_1_47_1345,-2.4765089,-2.356564
c_1_47_1346,-1.2853576,1.4432262
c_1_47_1347,-3.7114184,9.237334
c_1_47_1348,-1.002922,3.5054724
c_1_47_1349,-1.1159796,0.13092224
c_1_47_1351,-2.1966808,2.5132153
c_1_47_1352,-0.79597557,1.0188102
c_1_47_1353,-0.03967313,-1.7598505
c_1_47_1354,-1.5179,-0.4097204
c_1_47_1355,-1.4904914,-1.1267767
c_1_47_1356,0.31210095,0.65617603
c_1_47_1357,1.0234604,0.21027267
c_1_47_1358,3.2811089,-1.7529528
c_1_47_1359,-0.08242425,-5.448581
c_1_47_1360,0.5016659,-0.6143279
c_1_47_1361,-0.65673155,-0.33175707
c_1_47_1362,0.056121886,1.1852793
c_1_47_1363,-2.3011167,2.0377598
c_1_47_1364,-1.6996437,-1.5922232
c_1_47_1365,-3.2807958,3.032666
c_1_47_1366,-0.33632037,0.7893416
c_1_47_1367,-1.9147707,1.6342194
c_1_47_1368,-0.27390462,-0.32852134
c_1_47_1369,-0.3567944,-0.22008358
c_1_47_1370,-1.616667,0.7916706
c_1_47_1371,-1.3717315,1.5386772
c_1_47_1372,0.99072254,-1.0728954
c_1_47_1373,0.5486057,0.40220216
c_1_47_1374,-0.9189308,-1.7797782
c_1_47_1375,-1.0247377,3.0305648
c_1_47_1376,-0.7028881,-1.9292778
c_1_47_1377,1.7633264,-1.1475621
c_1_47_1378,-0.29368863,0.5726821
c_1_47_1379,-0.03407837,2.012675
c_1_47_1380,1.2775679,0.85338473
c_1_47_1381,-0.5490709,-1.0634748
c_1_47_1382,0.11566851,1.0738944
c_1_47_1383,-1.1666908,-1.0623986
c_1_47_1384,-1.3223097,2.9550695
c_1_47_1385,-0.41833702,-1.4511951
c_1_47_1386,-0.56213135,0.65572
c_1_47_1387,-0.51251996,1.3392227
c_1_47_1388,-0.8210747,-0.17840686
c_1_47_1389,0.91066146,-0.23468122
c_1_47_1390,-0.269065,1.4769663
c_1_47_1391,-1.039628,1.5175626
c_1_47_1392,-1.1792395,0.18791981
c_1_47_1393,-1.1113871,0.41074783
c_1_47_1394,-1.5910801,1.853513
c_1_47_1395,-0.7583307,-0.30441535
c_1_47_1396,-0.49534935,-0.03927902
c_1_47_1397,-0.84937316,0.352572
c_1_47_1398,-0.868342,0.6471581
c_1_47_1399,-2.32175,0.6905297
c_1_47_1400,-1.8657877,-0.5727257
c_1_47_1401,-1.3824393,1.1830181
c_1_47_1402,-0.8775821,-1.2682998
c_1_47_1403,0.94824964,1.1743551
c_1_47_1404,0.5881375,-1.0461239
c_1_47_1406,-0.712974,0.09051906
c_1_47_1407,0.60227513,-1.0014471
c_1_47_1408,-0.68148786,1.2835106
c_1_47_1409,0.34512383,-0.5248417
c_1_47_1410,-1.6888955,-0.21007897
c_1_47_1411,-1.2643559,1.7272481
c_1_47_1412,0.9205594,-0.010081959
c_1_47_1414,0.9949674,-0.8084296
c_1_47_1415,-0.8125298,0.34759185
c_1_47_1416,0.13145651,0.77477545
c_1_47_1417,0.6196656,-0.031110868
c_1_47_1418,-1.2087046,0.048086695
c_1_47_1419,-1.3864497,-0.61155087
c_1_47_1420,0.11058502,0.82953906
c_1_47_1421,-1.4319476,0.954201
c_1_47_1422,-1.5764959,2.017309
c_1_47_1423,-0.3093148,0.7326453
c_1_47_1424,-1.2064086,1.161515
c_1_47_1425,-0.53275424,0.96055335
c_1_47_1426,-0.55749995,-0.48018926
c_1_47_1427,-1.5105101,-2.10415
c_1_47_1428,0.5699282,0.5981765
c_1_47_1429,-1.7561163,0.7702761
c_1_47_1430,0.9945667,0.43665436
c_1_47_1431,-1.1775036,0.66265094
c_1_47_1432,0.05103207,0.7115354
c_1_47_1433,-1.9614507,-0.2897474
c_1_47_1434,-0.034803607,0.9006004
c_1_47_1435,-1.7543783,1.1311969
c_1_47_1436,2.448293,1.0102729
c_1_47_1437,-1.8534515,-0.061718214
c_1_47_1438,-1.1596483,0.10671194
c_1_47_1439,-1.1197089,-0.75860196
c_1_47_1440,0.9667042,1.9183615
c_1_47_1441,-2.200987,4.082713
c_1_47_1442,-1.4723593,3.030833
c_1_47_1443,-0.62692964,0.85422784
c_1_47_1444,-1.2437189,2.9873831
c_1_47_1445,0.28434417,-0.30595353
c_1_47_1446,-3.2076392,4.322416
c_1_47_1447,-1.3037944,1.6269746
c_1_47_1448,2.3633945,0.799603
c_1_47_1449,-1.1005346,3.2417395
c_1_47_1450,-1.8635575,-0.4885739
c_1_47_1451,-1.1220015,-1.0305752
c_1_47_1452,-1.7143408,2.6014333
c_1_47_1453,0.8950851,0.73108506
c_1_47_1454,-0.8058323,1.8105477
c_1_47_1455,-1.2963206,0.923682
c_1_47_1456,-1.0579327,2.4621534
c_1_47_1457,-1.0557259,2.7297673
c_1_47_1458,1.521717,1.2505466
c_1_47_1459,3.66783,-0.2846004
c_1_47_1460,-0.4701709,-0.5023172
c_1_47_1461,0.40372333,1.491775
c_1_47_1462,-1.0509237,1.4265293
c_1_47_1463,-0.44275424,-2.005223
c_1_47_1464,-1.0768871,0.446486
c_1_47_1465,0.013378647,0.196539
c_1_47_1466,-0.98299164,-0.115976766
c_1_47_1467,-0.37090528,0.9555643
c_1_47_1468,-0.73572737,1.4511647
c_1_47_1469,-0.16990894,0.7081254
c_1_47_1470,-1.4251013,6.108302
c_1_47_1471,-2.5916064,-0.0025799698
c_1_47_1472,0.40182313,2.1778874
c_1_47_1473,-3.062821,1.7589134
c_1_47_1474,-1.1387955,1.6437835
c_1_47_1475,-0.17231843,0.58539385
c_1_47_1476,0.049072262,-0.3232077
c_1_47_1477,-1.5365647,-1.0092944
c_1_47_1478,-2.37806,4.1994443
c_1_47_1479,-1.3316501,-0.9761985
c_1_47_1480,-3.2066245,2.8314178
c_1_47_1481,-0.35807204,-0.99905765
c_1_47_1482,-2.4634173,-0.7897929
c_1_47_1483,-1.672137,-0.14274085
c_1_47_1484,-1.9107697,2.5854843
c_1_47_1486,-0.48126343,2.3907185
c_1_47_1487,2.3653312,0.58637995
c_1_47_1488,-1.2939293,0.87057096
c_1_47_1490,-3.6665373,2.3282137
c_1_47_1491,-1.5927876,-1.4820515
c_1_47_1492,1.5520756,-1.2567494
c_1_47_1493,-1.7610079,-2.7100055
c_1_47_1494,-1.1592337,3.0160232
c_1_47_1495,-1.4284679,1.8829758
c_1_47_1496,-0.61678827,1.7067235
c_1_47_1497,-1.5868189,2.2788272
c_1_47_1498,-1.97189,-1.723303
c_1_47_1499,-0.5699998,-0.4567278
c_1_47_1500,-0.25231415,0.92508113
c_1_47_1501,-2.867236,1.1959559
c_1_47_1502,-0.24183704,-0.75112253
c_1_47_1503,-1.5537788,2.8956263
c_1_47_1504,-1.2793975,-0.11389388
c_1_47_1505,0.88712114,0.07527401
c_1_47_1506,0.37203756,1.5575867
c_1_47_1507,-2.8021502,0.17961329
c_1_47_1508,-0.9735335,0.3302072
c_1_47_1509,0.15597829,1.2977866
c_1_47_1510,-1.0606351,-1.812694
c_1_47_1511,0.5367342,-0.49171138
c_1_47_1512,-1.174325,-0.5136971
c_1_47_1513,-0.37852332,0.91852266
c_1_47_1514,-0.7283523,-0.34374008
c_1_47_1515,-0.40555102,0.20211904
c_1_47_1516,3.433941,-4.227326
c_1_47_1517,0.36245748,0.14082919
c_1_47_1518,-1.1661482,2.7325013
c_1_47_1519,0.73129886,0.14500862
c_1_47_1520,-0.3158687,-2.7308035
c_1_47_1521,0.351438,-0.4565154
c_1_47_1522,-0.2836625,-0.34512466
c_1_47_1523,-0.6016449,0.9571286
c_1_47_1524,-0.98938745,0.6327481
c_1_47_1525,1.177663,0.7150877
c_1_47_1526,2.3188808,0.70665824
c_1_47_1527,0.6909297,0.799595
c_1_47_1528,-0.27601856,-1.4950505
c_1_47_1529,0.713157,-1.6883277
c_1_47_1530,0.76525885,0.9076612
c_1_47_1531,-1.1538225,0.6704797
c_1_47_1532,-0.5297046,0.6906935
c_1_47_1533,0.6599868,-0.5484995
c_1_47_1534,1.0604407,-0.3827118
c_1_47_1535,0.723871,-0.007139488
c_1_47_1536,-0.6016992,-1.9084636
c_1_47_1537,1.6508919,-4.3114543
c_1_47_1538,0.16568789,0.18612733
c_1_47_1539,0.80102885,-0.9763601
c_1_47_1540,1.9486904,-1.6532348
c_1_47_1541,0.5325315,-0.051995337
c_1_47_1542,1.38316,-1.9481223
c_1_47_1543,1.335425,-0.6716354
c_1_47_1544,1.2189047,-0.7783877
c_1_47_1545,-0.9586511,-2.149076
c_1_47_1546,-1.3977737,0.7224013
c_1_47_1547,0.46260726,-0.45220757
c_1_47_1548,-0.031056385,-0.14334351
c_1_47_1549,-1.1991895,0.9679992
c_1_47_1550,0.36739016,1.4840391
c_1_47_1551,-0.6186181,-1.8645998
c_1_47_1552,2.6564188,0.8134694
c_1_47_1553,-0.21934026,-1.0553209
c_1_47_1554,-3.752991,-2.8105388
c_1_47_1556,-3.0479996,1.1583345
c_1_47_1557,-0.994057,-0.6541229
c_1_47_1558,0.58721226,-1.0644252
c_1_47_1560,2.8932164,-1.0405098
c_1_47_1561,-0.9637631,1.1849685
c_1_47_1562,0.14522526,0.61932224
c_1_47_1563,-0.16747499,1.117456
c_1_47_1564,-1.3062547,1.6099509
c_1_47_1565,-0.4137708,2.0419993
c_1_47_1566,-0.89379483,-0.43746755
c_1_47_1567,-0.61900103,0.5882225
c_1_47_1568,-0.55762494,1.0649462
c_1_47_1569,-2.2795799,-1.4058446
c_1_47_1570,-1.7718152,-1.6304587
c_1_47_1571,-1.2631696,3.1942694
c_1_47_1572,-0.56358445,0.3754686
c_1_47_1573,-1.8214418,-2.443453
c_1_47_1574,0.5407201,-0.65544665
c_1_47_1575,-0.7186868,-0.4226386
c_1_47_1576,1.2063215,-0.75299716
c_1_47_1577,-1.4350145,-1.0672703
c_1_47_1578,0.43971413,1.2688249
c_1_47_1579,-1.1614466,-0.39534
c_1_47_1580,-0.19651313,1.7538204
c_1_47_1581,0.5799153,1.2521337
c_1_47_1582,0.3897018,0.08197844
c_1_47_1584,1.9867551,-0.582313
c_1_47_1585,0.024615325,-0.23819655
c_1_47_1586,-0.34885153,1.0334581
c_1_47_1587,0.70913213,-0.45297682
c_1_47_1588,-2.4400203,-1.0748849
c_1_47_1589,-1.2815309,-0.41810694
c_1_47_1590,2.3684776,-0.89031255
c_1_47_1591,0.31730804,-0.10178219
c_1_47_1592,-0.8250347,-2.6993406
c_1_47_1593,-2.161587,0.34324116
c_1_47_1594,-2.5376914,-1.6337204
c_1_47_1595,0.5438496,-0.3309366
c_1_47_1596,-0.5440481,-0.010258453
c_1_47_1597,-0.6242963,-1.1331828
c_1_47_1599,1.456342,0.37939274
c_1_47_1600,1.8350418,-5.1599607
c_1_47_1601,-1.4608085,2.4265199
c_1_47_1602,0.030986603,-0.18449242
c_1_47_1603,0.026800383,0.0037587024
c_1_47_1604,1.1366701,-0.91652036
c_1_47_1605,0.5929191,-1.3528124
c_1_47_1606,-0.29309425,-0.23954311
c_1_47_1607,-0.50367147,-0.8949567
c_1_47_1609,-0.6983593,1.6290144
c_1_47_1610,0.28400543,0.5738932
c_1_47_1611,-2.7886484,1.0518419
c_1_47_1612,-0.27942806,-0.7851548
c_1_47_1613,-1.0063221,-0.04207838
c_1_47_1615,-2.144785,1.8946701
c_1_47_1616,0.3591919,-0.18653022
c_1_47_1617,-0.3682385,-1.3508526
c_1_47_1618,0.5535029,-0.37986365
c_1_47_1619,0.89018345,0.6802328
c_1_47_1620,2.2719479,-0.94513154
c_1_47_1621,0.42392567,-0.0022972547
c_1_47_1623,-1.1795884,-2.201488
c_1_47_1624,-0.18275127,0.50649345
c_1_47_1625,0.18588991,0.45794567
c_1_47_1627,0.30625883,-1.0574161
c_1_47_1629,0.42826402,-0.0040838504
c_1_47_1633,-0.84282905,0.46729824
c_1_47_1634,-2.4335775,-0.065852426
c_1_48_3,1.1234081,-0.3571646
c_1_48_5,-1.8746531,1.8916645
c_1_48_6,1.7872161,0.7293021
c_1_48_7,0.65321505,-2.867198
c_1_48_8,-0.94978106,1.5203375
c_1_48_9,0.40723094,-0.3290612
c_1_48_10,0.7471626,-0.6528138
c_1_48_11,1.5136899,1.5477091
c_1_48_12,1.0936037,-1.2202048
c_1_48_13,4.8302274,-0.21077569
c_1_48_14,0.653868,-0.60759217
c_1_48_16,3.5690532,-0.52825826
c_1_48_17,2.2991796,-1.1843452
c_1_48_18,1.5670098,0.26480788
c_1_48_19,0.35627294,-0.8349369
c_1_48_20,-1.4856304,1.0483577
c_1_48_22,7.0102262,-0.089112215
c_1_48_23,2.1833434,-0.24590689
c_1_48_24,2.849454,-0.67147964
c_1_48_25,-1.3501728,-3.0839856
c_1_48_26,1.2174722,0.11970009
c_1_48_27,3.0806737,0.06878104
c_1_48_28,2.3933034,0.26460862
c_1_48_29,-0.7664174,1.0381511
c_1_48_30,1.2106032,0.37891337
c_1_48_31,1.3721074,0.78001714
c_1_48_32,0.95294625,0.31752732
c_1_48_34,3.32121,0.07477101
c_1_48_35,0.77203417,-1.383545
c_1_48_36,2.4849894,0.55061823
c_1_48_37,2.265274,1.3162615
c_1_48_38,3.67369,0.6961335
c_1_48_39,0.5525266,1.8281902
c_1_48_40,2.190839,-1.9539045
c_1_48_41,2.2590072,0.5611509
c_1_48_42,1.2407818,1.197924
c_1_48_43,2.4823313,0.89256907
c_1_48_45,0.85769624,-0.09609603
c_1_48_46,1.4148991,-0.8184049
c_1_48_47,1.3702239,-0.47120345
c_1_48_48,2.9435406,0.063149154
c_1_48_49,3.3891754,0.40728956
c_1_48_50,1.9649366,-0.6333681
c_1_48_51,-0.119105145,-0.78567946
c_1_48_52,0.43120778,0.8696837
c_1_48_53,0.64571464,0.80373883
c_1_48_54,1.8980564,-0.30044776
c_1_48_55,0.39341712,0.26001796
c_1_48_56,2.7678742,-0.3272622
c_1_48_57,0.8677309,0.21091604
c_1_48_58,3.8718576,1.1402247
c_1_48_59,1.7381638,-0.9940916
c_1_48_60,1.7233963,0.08563148
c_1_48_61,0.84580666,1.1186652
c_1_48_62,1.2157124,0.10737386
c_1_48_63,3.010946,0.31838804
c_1_48_64,0.95211345,-0.91312003
c_1_48_65,2.6911836,0.9358701
c_1_48_66,5.1823344,-0.31245786
c_1_48_67,-1.2062869,-2.2403119
c_1_48_68,4.533899,0.4699368
c_1_48_69,-0.34347382,0.15775652
c_1_48_70,0.21829253,0.3279058
c_1_48_71,2.8139162,-0.023901692
c_1_48_72,-0.032855544,-2.1846778
c_1_48_73,5.0682673,0.033167545
c_1_48_74,1.619,0.66194195
c_1_48_75,4.131915,-0.045592595
c_1_48_76,1.0464045,0.66599125
c_1_48_77,2.7014878,-1.0639926
c_1_48_78,0.113734595,0.6938309
c_1_48_79,2.275711,0.26542887
c_1_48_80,3.8572328,-0.09762833
c_1_48_81,1.6988721,0.88697326
c_1_48_82,3.664252,0.61596286
c_1_48_83,-0.30845422,-0.943979
c_1_48_84,2.8689594,0.56051505
c_1_48_85,1.4486669,1.0489639
c_1_48_86,2.1564825,0.037013937
c_1_48_87,1.7559509,0.6879819
c_1_48_88,1.3914167,-0.723258
c_1_48_89,2.5872447,-0.7259943
c_1_48_90,1.5913322,-1.3765931
c_1_48_91,4.1278744,-0.43679643
c_1_48_92,0.29721037,-0.16085786
c_1_48_93,1.7844733,0.2975123
c_1_48_94,2.3367558,-0.0837139
c_1_48_95,3.515738,-0.098957665
c_1_48_96,0.8935843,-0.30528423
c_1_48_97,2.7786546,0.14001441
c_1_48_98,0.7188649,0.5433297
c_1_48_99,1.8908583,-0.31859097
c_1_48_100,2.4375901,0.48479217
c_1_48_101,0.54323334,-0.16830625
c_1_48_102,3.2427442,-1.0532044
c_1_48_103,1.0698253,-0.83917737
c_1_48_104,-0.3963255,-1.7033645
c_1_48_105,2.1770077,-0.18777408
c_1_48_106,2.5893412,-0.50755477
c_1_48_107,0.88637865,-0.6053241
c_1_48_108,0.49338725,-1.3244638
c_1_48_109,2.2847636,1.1394188
c_1_48_110,0.74635,-1.1315101
c_1_48_111,-1.9399989,-0.12317263
c_1_48_112,3.1922832,-0.3437394
c_1_48_113,0.019832168,-1.4304059
c_1_48_114,4.242412,-0.080069944
c_1_48_115,2.1022584,0.68758637
c_1_48_116,2.9569342,0.51162827
c_1_48_117,1.9432673,-2.0288606
c_1_48_118,0.83239704,0.57835495
c_1_48_119,2.787497,0.5013638
c_1_48_120,0.86572677,-0.76026374
c_1_48_121,5.1785316,-0.32517433
c_1_48_122,3.7290092,0.93919015
c_1_48_123,2.7746696,0.738541
c_1_48_124,1.1205637,0.35310796
c_1_48_125,2.1216216,-0.8519799
c_1_48_126,0.4608473,-0.043353464
c_1_48_127,2.6941571,0.589852
c_1_48_128,0.45547923,-1.1655434
c_1_48_129,4.4764514,0.9732846
c_1_48_130,-0.85361445,-1.4277114
c_1_48_131,1.160339,-1.4868392
c_1_48_132,2.6481383,-0.48780668
c_1_48_133,0.53976786,0.4343811
c_1_48_134,0.39637968,-0.10857704
c_1_48_135,1.7065253,0.43225703
c_1_48_136,2.3080246,0.5826426
c_1_48_137,4.775863,0.534709
c_1_48_138,2.2965388,-0.31155872
c_1_48_139,0.18974163,-0.5794041
c_1_48_140,1.8158273,-1.275368
c_1_48_141,0.9211673,-0.55032337
c_1_48_142,2.1998794,1.1306485
c_1_48_143,2.6547132,0.025519732
c_1_48_144,0.6294523,-1.1995522
c_1_48_145,0.60573095,-0.7235219
c_1_48_146,1.0222961,-1.1067119
c_1_48_147,3.259308,-0.9920933
c_1_48_148,1.9207256,-1.3807356
c_1_48_149,-2.2615442,-2.81784
c_1_48_150,2.117162,-0.4747092
c_1_48_151,0.2699417,-0.9672695
c_1_48_152,2.3274355,-0.65131426
c_1_48_153,0.69325167,-0.22075468
c_1_48_154,0.2758984,-0.9421995
c_1_48_155,3.7349906,-0.8861385
c_1_48_156,1.2397133,0.02004264
c_1_48_157,0.16028208,0.71506405
c_1_48_158,1.0839479,0.20280825
c_1_48_159,1.5202914,0.18220024
c_1_48_160,1.5847175,0.3372584
c_1_48_161,2.295211,-0.40868908
c_1_48_162,2.9922018,-0.2326514
c_1_48_163,1.8906637,-0.45717937
c_1_48_164,1.3999242,-0.19716407
c_1_48_165,-2.0969744,-3.106584
c_1_48_166,2.5127373,0.14822264
c_1_48_167,0.47742507,-1.242081
c_1_48_168,0.6608204,-0.2885442
c_1_48_169,-0.51061076,0.3708636
c_1_48_170,3.1823866,-1.4724945
c_1_48_171,1.9161079,0.26088208
c_1_48_172,-0.14605889,-1.1773673
c_1_48_173,1.4011786,-0.021367982
c_1_48_174,2.2082534,0.19980998
c_1_48_175,0.57200754,0.45296377
c_1_48_176,1.8308449,0.656036
c_1_48_177,1.8483679,-1.8674669
c_1_48_178,2.2383378,-0.30738014
c_1_48_179,-0.05094698,0.15567897
c_1_48_180,1.4454237,-0.5155523
c_1_48_181,0.027593875,2.1867537
c_1_48_182,0.9352266,0.11171818
c_1_48_183,4.332315,-0.9357219
c_1_48_184,0.63601035,-0.8554749
c_1_48_185,2.2527547,0.68218565
c_1_48_186,2.2487974,0.124975204
c_1_48_187,4.9508233,-0.24047573
c_1_48_188,2.2465236,-0.5230634
c_1_48_189,0.87300676,-0.9521901
c_1_48_190,1.8169678,-0.16222538
c_1_48_191,1.1919782,-0.024281887
c_1_48_192,-1.2912025,-5.1777887
c_1_48_193,1.9549339,0.7883142
c_1_48_194,0.012810795,0.25393704
c_1_48_195,3.1057587,-0.33438665
c_1_48_196,5.1984153,0.20364343
c_1_48_197,3.746108,-0.24499902
c_1_48_198,1.1320437,1.044593
c_1_48_199,4.7613926,0.26794356
c_1_48_200,3.7276547,-0.62999666
c_1_48_201,2.778434,0.43798503
c_1_48_202,1.392064,0.6438669
c_1_48_203,1.1865416,0.5462974
c_1_48_204,0.26279598,0.39739487
c_1_48_205,1.5674747,0.20005722
c_1_48_206,1.9740664,1.1750298
c_1_48_207,1.6757345,-0.8892551
c_1_48_208,4.8567348,-1.250731
c_1_48_209,4.063137,0.6928709
c_1_48_210,0.7402995,-0.3632168
c_1_48_211,3.610834,-0.7173353
c_1_48_212,2.3802173,-0.03389766
c_1_48_213,2.0168633,0.557079
c_1_48_214,2.5385683,-0.8482666
c_1_48_215,3.1287856,0.11802524
c_1_48_216,4.287827,1.121493
c_1_48_217,1.0825704,-0.7199913
c_1_48_218,1.3575063,0.6864128
c_1_48_219,3.2920508,-0.14637981
c_1_48_220,5.0488586,-0.5306146
c_1_48_221,-0.5587305,-0.51523167
c_1_48_222,2.9581707,-0.7707733
c_1_48_223,1.7293086,0.36527717
c_1_48_224,2.7467027,0.028392188
c_1_48_225,0.8454159,1.0468136
c_1_48_226,1.4360274,-0.66886055
c_1_48_227,5.5814734,0.5214578
c_1_48_228,1.2890602,-0.41694367
c_1_48_229,2.1465895,0.12074555
c_1_48_230,1.7350565,-0.9346761
c_1_48_231,4.742377,-0.39887002
c_1_48_232,0.72313946,-0.3311446
c_1_48_233,1.0715885,0.49261883
c_1_48_234,3.4520974,0.064927556
c_1_48_235,1.2426128,-0.222483
c_1_48_236,2.1442776,-0.2420642
c_1_48_237,1.8239343,-0.332602
c_1_48_238,1.0214148,-1.0439916
c_1_48_239,3.7630353,0.4334168
c_1_48_240,0.24827486,-0.15816015
c_1_48_241,0.4531262,-0.07664197
c_1_48_242,2.194456,-1.060152
c_1_48_243,3.3212216,0.44486877
c_1_48_244,2.0485764,0.009049662
c_1_48_245,3.625603,-0.5138307
c_1_48_246,2.8847291,0.08168824
c_1_48_247,1.0197923,0.5788885
c_1_48_248,0.9563365,-1.0474513
c_1_48_249,1.6579196,0.099321336
c_1_48_250,3.0111096,0.16017574
c_1_48_251,2.8953552,0.40443516
c_1_48_252,2.0698001,0.55173844
c_1_48_253,1.5864646,-1.112086
c_1_48_254,2.7216535,-0.576023
c_1_48_255,0.35070685,-0.634692
c_1_48_256,1.2936653,0.080027275
c_1_48_257,0.9577044,-0.8347078
c_1_48_258,-1.9850214,-1.7375575
c_1_48_259,4.242413,0.0793022
c_1_48_260,1.5734439,-0.049895734
c_1_48_261,1.3488455,-0.09263451
c_1_48_262,-0.25890982,-0.40295672
c_1_48_263,2.3058765,-0.6404247
c_1_48_264,3.0781326,1.617831
c_1_48_265,2.1696324,-0.54563284
c_1_48_266,1.5494543,1.4307706
c_1_48_267,0.16498812,1.0061187
c_1_48_268,3.125965,0.4039802
c_1_48_269,-0.9190131,-2.3654814
c_1_48_270,3.7853336,0.20214644
c_1_48_271,2.2822807,0.2649094
c_1_48_272,3.3284044,0.11651124
c_1_48_273,2.7337475,-0.52534956
c_1_48_274,1.208521,0.65496725
c_1_48_275,1.8052765,-0.6461589
c_1_48_276,1.0802796,0.24225353
c_1_48_277,1.2434696,-0.32219732
c_1_48_278,2.3273747,-0.027449025
c_1_48_279,3.322857,-1.3184644
c_1_48_280,2.3435566,-0.6267596
c_1_48_281,3.8854446,-0.9494331
c_1_48_282,1.1972224,-0.35432193
c_1_48_283,0.20847696,2.082568
c_1_48_284,-0.71961415,-0.5722174
c_1_48_285,-0.5522316,-0.36189845
c_1_48_286,0.5167377,-0.84251535
c_1_48_287,2.9842608,-1.5149639
c_1_48_288,0.26872745,0.886463
c_1_48_289,2.7678077,0.04828322
c_1_48_290,2.2335727,0.10902631
c_1_48_291,2.6038785,-0.0558479
c_1_48_292,3.0186641,0.51200956
c_1_48_293,0.49653667,-0.43078822
c_1_48_294,0.4114358,0.5958221
c_1_48_295,2.8702312,0.8390527
c_1_48_296,3.144132,-0.13396494
c_1_48_297,0.6681045,0.7828382
c_1_48_298,0.20602082,-0.422838
c_1_48_299,1.9269058,-0.7803239
c_1_48_300,-0.5679056,0.8057687
c_1_48_301,3.1705172,-0.61695856
c_1_48_302,1.1926384,-0.0010097286
c_1_48_303,2.687147,-0.22058456
c_1_48_304,2.297158,-0.9881807
c_1_48_305,2.0842414,-1.0880799
c_1_48_306,2.1231706,0.0024380726
c_1_48_307,2.3928757,-0.18844104
c_1_48_308,3.4547431,-0.3609496
c_1_48_309,1.3137677,-0.08208956
c_1_48_310,0.17699441,-0.9560665
c_1_48_311,3.1225688,-0.14015253
c_1_48_312,3.310379,1.2805356
c_1_48_313,2.7830627,-0.3159836
c_1_48_314,1.5775896,-0.7872015
c_1_48_315,2.628098,-0.7036065
c_1_48_316,1.8454103,0.28452975
c_1_48_317,0.68009865,0.24202238
c_1_48_318,2.9036798,0.717226
c_1_48_319,2.5538778,0.11850161
c_1_48_320,2.325141,0.7510632
c_1_48_321,-0.39412582,-0.38762468
c_1_48_322,1.303267,0.24566954
c_1_48_323,2.529604,-0.1385082
c_1_48_324,1.4695244,1.3721011
c_1_48_325,0.26124263,0.29379356
c_1_48_326,-0.61162955,-0.06877855
c_1_48_327,3.6797128,0.583062
c_1_48_328,4.795957,0.6772404
c_1_48_329,1.3036317,-0.18580928
c_1_48_330,-0.34868273,0.22846381
c_1_48_331,0.80252075,-0.16497467
c_1_48_332,4.791051,0.48721033
c_1_48_333,2.6014175,-0.022994883
c_1_48_334,2.429769,1.0179887
c_1_48_335,2.2155235,0.070224196
c_1_48_336,1.7695515,-0.35684457
c_1_48_337,2.2097883,0.32344997
c_1_48_338,2.112474,-0.8701979
c_1_48_339,1.2044235,-0.36480206
c_1_48_340,0.21226531,-2.5730762
c_1_48_341,2.677698,1.7254943
c_1_48_342,3.0136037,0.7003309
c_1_48_343,1.3460222,0.20535922
c_1_48_344,2.5078704,0.30468425
c_1_48_345,1.2399763,-0.16435926
c_1_48_346,-0.6800785,-1.532225
c_1_48_347,2.8897798,-0.44980285
c_1_48_348,0.8080884,-0.14049643
c_1_48_349,2.6257265,0.9090575
c_1_48_350,2.1004488,-0.45809922
c_1_48_351,2.3164601,-0.68260145
c_1_48_352,2.3774447,-0.79905295
c_1_48_353,2.3160665,0.17275135
c_1_48_354,0.20022067,-0.021656297
c_1_48_355,1.2114357,0.6764822
c_1_48_356,2.964992,-1.0404329
c_1_48_357,0.9705403,1.4707994
c_1_48_358,1.7244618,0.51308334
c_1_48_359,1.0479959,-1.763472
c_1_48_360,-0.995464,-1.6848383
c_1_48_361,3.080364,-0.40603265
c_1_48_362,-0.13222693,0.5613684
c_1_48_363,4.857573,0.9943293
c_1_48_364,-0.40654334,-1.1740409
c_1_48_365,0.3787874,-0.41770846
c_1_48_366,1.0075815,-0.930744
c_1_48_367,1.7205803,0.07596599
c_1_48_368,1.4762228,-0.5970363
c_1_48_369,0.2880469,0.09319464
c_1_48_370,2.2454598,0.10319501
c_1_48_371,3.192806,0.541904
c_1_48_372,2.5864077,0.3654189
c_1_48_373,2.4020758,-0.11464872
c_1_48_374,1.9758949,0.19744824
c_1_48_375,0.9084233,0.78572434
c_1_48_376,2.6492426,0.8876275
c_1_48_377,2.4803157,-0.04733086
c_1_48_378,1.754003,0.38688797
c_1_48_379,2.200401,-1.375905
c_1_48_380,0.9222413,-0.9234272
c_1_48_381,-0.30054453,-1.2695425
c_1_48_382,3.0752833,0.7331122
c_1_48_383,2.066371,0.3990852
c_1_48_384,2.006137,0.23203816
c_1_48_385,2.7380824,-0.5111054
c_1_48_386,2.939659,0.38530442
c_1_48_387,3.5080853,-0.13801758
c_1_48_388,2.4572916,0.9295842
c_1_48_389,2.8026512,0.4620065
c_1_48_390,2.0823054,0.23693669
c_1_48_391,2.8404737,0.4059185
c_1_48_392,3.1231437,0.155096
c_1_48_393,2.6514025,0.49368364
c_1_48_394,2.0862834,-2.5975358
c_1_48_395,1.5006667,0.77501553
c_1_48_396,2.477173,1.3429027
c_1_48_397,0.6601034,0.12575316
c_1_48_398,2.9185686,-1.209231
c_1_48_399,0.051474143,-0.45502168
c_1_48_400,4.4870663,0.75631756
c_1_48_401,2.0798848,-2.309679
c_1_48_402,1.9832002,-0.2869729
c_1_48_403,2.6278958,-0.4797757
c_1_48_404,1.8938798,0.5009384
c_1_48_405,2.1870432,-0.9284868
c_1_48_406,0.042678878,-0.50298876
c_1_48_407,2.5677798,-0.819236
c_1_48_408,2.3813627,0.38459024
c_1_48_409,2.227467,-1.0490816
c_1_48_410,2.868803,0.38341781
c_1_48_411,5.094182,-1.3451754
c_1_48_412,1.3131635,-0.44159073
c_1_48_413,3.8586888,-0.12441454
c_1_48_414,1.064447,-0.22860979
c_1_48_415,0.5045978,-1.1074376
c_1_48_416,1.9340278,-3.1492476
c_1_48_417,2.4922445,1.5046952
c_1_48_418,1.1319559,-0.28816497
c_1_48_419,5.315466,0.14374393
c_1_48_420,4.107225,-0.22737066
c_1_48_421,1.2059182,-0.42492068
c_1_48_422,2.6794136,-2.4547398
c_1_48_423,1.7326655,1.2511604
c_1_48_424,2.9568114,1.6319112
c_1_48_425,0.6963591,-3.4078555
c_1_48_426,1.8019546,-0.05497622
c_1_48_427,1.7076772,-0.716555
c_1_48_428,1.0027443,0.016645638
c_1_48_429,1.1625068,0.86233866
c_1_48_430,4.65833,-1.9479886
c_1_48_431,1.0379691,-0.71162367
c_1_48_432,3.4153826,-0.36680087
c_1_48_433,1.0677162,0.5393967
c_1_48_434,1.6108918,0.27546543
c_1_48_435,1.859224,-1.0961673
c_1_48_436,0.44079182,0.122265935
c_1_48_437,4.0226436,0.23337574
c_1_48_438,3.7036164,0.5548412
c_1_48_439,2.1284664,-0.42366603
c_1_48_440,2.4967482,1.0600255
c_1_48_441,2.4517615,0.2504724
c_1_48_442,-0.8709101,1.6904758
c_1_48_443,1.6788045,-0.13393767
c_1_48_444,1.7588289,-0.8757202
c_1_48_445,2.0227642,0.70573866
c_1_48_446,4.5025215,-0.993869
c_1_48_447,1.4330342,-0.18392295
c_1_48_448,1.1590496,-0.4685437
c_1_48_449,-0.154501,-1.9465078
c_1_48_450,4.4353747,-1.417839
c_1_48_451,0.7823482,0.19299491
c_1_48_452,-0.3290076,0.7448894
c_1_48_453,1.3931828,-0.45853478
c_1_48_454,3.7008207,0.1947009
c_1_48_455,1.8589163,-0.40195635
c_1_48_456,3.9042015,-0.743809
c_1_48_457,3.3185997,0.7484303
c_1_48_458,5.099532,-0.5685281
c_1_48_459,1.1894203,-0.5702371
c_1_48_460,0.7775587,-1.9157065
c_1_48_461,3.466131,0.22279087
c_1_48_462,1.1286136,0.2458454
c_1_48_463,3.870833,-0.722633
c_1_48_464,5.016334,-0.3913806
c_1_48_465,2.7082858,0.33392212
c_1_48_466,1.4291908,2.0338798
c_1_48_467,1.3951505,0.1948634
c_1_48_468,2.433056,-0.48461854
c_1_48_469,0.41490614,0.29397634
c_1_48_470,2.226857,-1.616633
c_1_48_471,0.59358907,-0.29091692
c_1_48_472,1.2936947,-0.49871
c_1_48_473,3.8050249,1.2925673
c_1_48_474,2.6443853,0.1422644
c_1_48_475,2.1787052,0.19851853
c_1_48_476,2.4627879,-0.49182287
c_1_48_477,2.828229,-1.0219133
c_1_48_478,1.9725742,-0.70189285
c_1_48_479,2.8245287,-0.10809721
c_1_48_480,1.037285,0.26738152
c_1_48_481,2.8335776,0.001958033
c_1_48_482,1.1322663,-0.017301558
c_1_48_483,2.6166937,-0.5428829
c_1_48_484,3.8191512,1.2792239
c_1_48_485,1.5986143,-1.5506666
c_1_48_486,0.59419954,0.023872586
c_1_48_487,1.1332614,0.120237805
c_1_48_488,1.2188525,-0.59884036
c_1_48_489,1.1766065,1.1162283
c_1_48_490,0.6823754,0.6528638
c_1_48_491,1.0892915,-1.4129858
c_1_48_492,6.6546707,-0.88349265
c_1_48_493,0.4782839,0.28230858
c_1_48_494,1.7286248,-0.67173725
c_1_48_495,1.0428622,-1.5539373
c_1_48_496,3.1963098,0.67815554
c_1_48_497,2.085487,0.18658301
c_1_48_498,-0.18570258,-0.24496712
c_1_48_499,2.3973246,0.16303621
c_1_48_500,1.6438664,0.28827578
c_1_48_501,-0.41204646,-1.7784256
c_1_48_502,2.6895392,-2.002137
c_1_48_503,4.271642,-0.0776078
c_1_48_504,1.0504045,0.82057077
c_1_48_505,2.974866,-0.9990839
c_1_48_506,2.0080945,-1.7789468
c_1_48_507,3.4841013,0.019553984
c_1_48_508,2.6136768,-0.23753516
c_1_48_509,1.8803788,0.664038
c_1_48_510,2.9979568,0.023607839
c_1_48_511,3.0551157,1.5120828
c_1_48_512,2.3301048,0.3727797
c_1_48_513,3.089718,-0.794851
c_1_48_514,4.741818,-0.1114617
c_1_48_515,3.7782876,-0.63754046
c_1_48_516,3.8222575,-0.36221552
c_1_48_517,2.8995233,-0.1681704
c_1_48_518,4.189385,-0.8899676
c_1_48_519,1.501373,-0.10335948
c_1_48_520,2.4891686,0.40436664
c_1_48_521,0.6085226,-0.5360551
c_1_48_522,5.2937074,-0.2414893
c_1_48_523,2.72857,-0.3371946
c_1_48_524,2.6774693,-0.38378507
c_1_48_525,-0.76846915,-3.7463636
c_1_48_526,3.1728942,-2.2250872
c_1_48_527,1.2787544,-0.59604096
c_1_48_528,3.9284208,-0.84471697
c_1_48_529,3.886154,0.12028894
c_1_48_530,2.0917792,-0.27067432
c_1_48_531,1.8985316,-0.63259673
c_1_48_532,1.9504027,1.2965844
c_1_48_533,3.5896802,-1.5391426
c_1_48_534,1.1051557,-2.0562284
c_1_48_535,4.489743,-0.6375056
c_1_48_536,2.7578397,-0.526844
c_1_48_537,0.8725766,-1.6612777
c_1_48_538,2.4537258,0.25041705
c_1_48_539,1.387064,-0.3696863
c_1_48_540,1.5818392,-0.41181326
c_1_48_541,4.667427,-2.1394475
c_1_48_542,1.5447282,0.32791954
c_1_48_543,2.5184345,-1.3308226
c_1_48_544,1.5885547,0.020398917
c_1_48_545,0.34481424,-0.32494432
c_1_48_546,0.5853571,0.5501597
c_1_48_547,3.9262316,-0.699863
c_1_48_548,2.6507916,0.37053072
c_1_48_549,1.4779619,1.0976955
c_1_48_550,0.95505637,-0.46385098
c_1_48_551,2.5971956,0.43537244
c_1_48_552,1.686536,0.18757851
c_1_48_553,-0.7375408,0.6227804
c_1_48_554,0.7156306,-0.5364541
c_1_48_555,3.5240576,-1.0061214
c_1_48_556,-0.80733246,0.6399936
c_1_48_557,3.470368,-0.98971575
c_1_48_558,1.8195704,0.71241874
c_1_48_559,3.5503285,0.124832764
c_1_48_560,3.5564845,-1.8447087
c_1_48_561,3.5836563,0.03849542
c_1_48_562,2.7578273,-1.3101751
c_1_48_563,3.216185,-0.45884502
c_1_48_564,1.2260833,-1.2650186
c_1_48_565,2.6792054,-0.1694187
c_1_48_566,3.1563094,-2.4524617
c_1_48_567,1.5826142,-1.2575606
c_1_48_568,2.5113864,0.16167249
c_1_48_569,-0.2423529,-0.16028947
c_1_48_570,3.6845822,0.87126
c_1_48_571,2.8719656,-0.5269474
c_1_48_572,1.2200706,0.7474447
c_1_48_573,1.3812183,0.6255595
c_1_48_574,1.7316215,0.4556356
c_1_48_575,2.287252,-0.7897283
c_1_48_576,-1.3497581,-0.91270417
c_1_48_577,4.138642,-2.0941398
c_1_48_578,4.2197385,-1.1138626
c_1_48_579,1.457026,-1.3027341
c_1_48_580,0.082583226,-0.8997904
c_1_48_581,4.2551284,-2.7058744
c_1_48_582,2.562738,-0.77583027
c_1_48_583,2.55838,0.10082163
c_1_48_584,3.2554746,1.2178913
c_1_48_585,3.1585958,-0.32420522
c_1_48_586,4.9512854,-2.4302928
c_1_48_587,1.2924738,0.35492915
c_1_48_588,3.2752547,-2.3887076
c_1_48_589,4.115186,-0.6409266
c_1_48_590,1.3431357,-0.26816648
c_1_48_591,3.674936,0.020571789
c_1_48_592,1.3829331,-0.59822476
c_1_48_593,1.0098007,-0.3628387
c_1_48_594,3.162721,-0.7478727
c_1_48_595,1.322254,1.0944389
c_1_48_596,4.1507154,-1.1821241
c_1_48_597,4.4981484,-1.1518502
c_1_48_598,-0.4169835,-0.30307028
c_1_48_599,-1.1245896,-1.9299843
c_1_48_600,0.24045043,-0.25246367
c_1_48_601,3.6186588,-0.9303617
c_1_48_602,1.4198918,1.0589753
c_1_48_603,2.784911,0.034867115
c_1_48_604,2.0374744,-0.11019974
c_1_48_605,0.05645912,-2.0438728
c_1_48_606,1.0000787,-0.88707864
c_1_48_607,0.14975461,-1.0648458
c_1_48_608,1.1587042,-3.4120648
c_1_48_609,2.2043903,-1.1103954
c_1_48_610,0.43594563,-0.3122687
c_1_48_611,1.1941079,-0.49651715
c_1_48_612,2.108383,0.0033372694
c_1_48_613,4.8331904,-0.6280189
c_1_48_614,2.2853384,-3.7059822
c_1_48_615,3.2990973,-1.4606909
c_1_48_616,2.3264363,0.57307225
c_1_48_617,2.9869342,-0.9484745
c_1_48_618,3.996431,-1.2633954
c_1_48_619,1.1181887,-1.8096175
c_1_48_620,2.995285,-1.0836868
c_1_48_621,0.80498344,-2.5639648
c_1_48_622,2.412105,-0.27972066
c_1_48_623,4.038635,-0.5245946
c_1_48_624,3.289445,-0.4211248
c_1_48_625,3.9797494,-1.1621953
c_1_48_626,1.1744245,-0.43188602
c_1_48_627,2.7344007,-0.32668838
c_1_48_628,2.1168215,0.13337205
c_1_48_629,2.1719873,-2.0717902
c_1_48_630,3.810391,-1.9883969
c_1_48_631,4.5131664,-1.4366173
c_1_48_632,1.1254733,-1.2855445
c_1_48_633,2.4957423,-0.3032838
c_1_48_634,1.760837,-1.9199378
c_1_48_635,1.6558418,-1.0258231
c_1_48_636,0.84002143,0.42634094
c_1_48_637,0.8910011,-1.0416454
c_1_48_638,1.5997673,-0.1122282
c_1_48_639,1.6795841,-0.12715697
c_1_48_640,-0.21832132,-2.7325766
c_1_48_641,3.3938024,-0.9091557
c_1_48_642,1.617389,-1.821892
c_1_48_643,1.4353925,0.1087249
c_1_48_644,3.418591,-1.3518164
c_1_48_645,1.1548568,-0.8887634
c_1_48_646,2.7181153,-2.3468096
c_1_48_647,2.3265486,-1.5893524
c_1_48_648,2.6931326,0.3302022
c_1_48_649,2.34248,-0.8766547
c_1_48_650,0.92989045,1.4780974
c_1_48_651,2.0502808,-1.0057262
c_1_48_652,1.3822554,-1.5719743
c_1_48_653,1.5002414,-1.1980691
c_1_48_654,1.87016,0.30407646
c_1_48_655,1.0419205,0.3225025
c_1_48_656,3.3280942,0.3322298
c_1_48_657,2.0085423,-0.3822592
c_1_48_658,2.6847987,-0.0062303976
c_1_48_659,4.0015316,-0.41997874
c_1_48_660,2.8201668,-0.948146
c_1_48_661,1.6067799,0.18074602
c_1_48_662,1.6203814,-0.5156865
c_1_48_663,1.7444295,-2.8418367
c_1_48_664,3.330269,-0.4947289
c_1_48_665,2.1204495,0.3555622
c_1_48_666,1.4595984,-0.2920655
c_1_48_667,0.51751024,-3.1935492
c_1_48_668,2.9407,-0.6943928
c_1_48_669,1.089964,-0.7413671
c_1_48_670,1.9359137,0.12148819
c_1_48_671,6.007421,0.013462437
c_1_48_672,1.2655016,-0.97457176
c_1_48_673,3.8151484,-0.15089273
c_1_48_674,3.5854404,-0.372472
c_1_48_675,4.3841357,-2.5814788
c_1_48_676,2.5916164,-1.04447
c_1_48_677,1.5969498,-1.8292478
c_1_48_678,0.75101286,-0.63465846
c_1_48_679,0.06990403,-1.4792465
c_1_48_680,3.6535008,-1.3907958
c_1_48_681,3.4763057,-0.51280427
c_1_48_682,2.6916897,-0.2782472
c_1_48_683,2.2417693,0.4046785
c_1_48_684,2.4592729,-0.87391895
c_1_48_685,4.4747534,0.85982704
c_1_48_686,2.5190547,-0.86055565
c_1_48_687,1.7707078,-0.26157933
c_1_48_688,1.8246241,-0.53317636
c_1_48_689,0.51859254,0.05951227
c_1_48_690,2.0943289,0.7115261
c_1_48_691,3.0784256,-0.4127641
c_1_48_692,2.1485465,-0.61388445
c_1_48_693,0.6457736,-0.57999444
c_1_48_694,-2.123356,-2.668931
c_1_48_695,2.4602058,0.10703569
c_1_48_696,5.768295,-1.1213305
c_1_48_697,4.221051,-0.53693825
c_1_48_698,2.0287893,0.46926662
c_1_48_699,1.8814793,-0.96796376
c_1_48_700,2.2355077,0.39591643
c_1_48_701,3.960415,-1.0814403
c_1_48_702,2.7466872,0.13136712
c_1_48_703,1.7579895,-0.98688054
c_1_48_704,1.6589675,-1.8716649
c_1_48_705,1.8734514,-0.32431754
c_1_48_706,2.753324,-0.04038652
c_1_48_707,2.2718613,-0.07918176
c_1_48_708,0.6592873,-1.0487033
c_1_48_709,0.8669505,-0.6299517
c_1_48_710,1.8616182,-0.5483646
c_1_48_711,4.121821,0.950138
c_1_48_712,1.6133896,0.23048145
c_1_48_713,4.393462,0.4186085
c_1_48_714,3.0229409,0.6519767
c_1_48_715,2.8981042,0.08832364
c_1_48_716,1.5389296,-0.24702595
c_1_48_717,5.3266,0.862634
c_1_48_718,1.3274082,-0.14595263
c_1_48_719,2.8520331,-0.29659006
c_1_48_720,0.95449543,-0.06310715
c_1_48_721,1.5705498,-0.39712006
c_1_48_722,1.7161881,0.21410194
c_1_48_723,4.134216,-1.748479
c_1_48_724,0.80702335,-1.9406408
c_1_48_725,1.0237236,-0.7472445
c_1_48_726,2.888235,-0.4729153
c_1_48_727,2.3465502,0.13877432
c_1_48_728,2.088675,0.534979
c_1_48_729,3.4398253,-0.2923178
c_1_48_730,1.6011956,-0.74936503
c_1_48_731,1.3461653,1.5610577
c_1_48_732,-0.29938403,-1.556654
c_1_48_733,1.5691817,0.6681559
c_1_48_734,2.1257625,2.0576482
c_1_48_735,1.5343617,-1.893884
c_1_48_736,0.9564458,-1.0814649
c_1_48_737,2.756497,-0.79998165
c_1_48_738,2.0315075,0.22900501
c_1_48_739,1.3275919,0.49381304
c_1_48_740,2.7063878,-0.56996566
c_1_48_741,1.3007671,-1.0212713
c_1_48_742,1.3080254,-0.5592958
c_1_48_743,0.8514764,-1.5847623
c_1_48_744,3.5190854,1.1797655
c_1_48_745,3.562326,0.089028366
c_1_48_746,2.2215223,0.23100102
c_1_48_747,2.390953,-1.7095655
c_1_48_748,3.8005383,0.6863961
c_1_48_749,1.4476366,0.10039735
c_1_48_750,2.499822,0.31610748
c_1_48_751,1.3984412,-0.15060937
c_1_48_752,4.864868,-0.7079787
c_1_48_753,3.6794486,-0.0065528047
c_1_48_754,2.3599167,0.2960899
c_1_48_755,0.67861813,-1.0792214
c_1_48_756,1.9995246,-0.2697358
c_1_48_757,2.7208292,-2.0917377
c_1_48_758,5.69022,-0.3041963
c_1_48_759,2.0709891,-0.46664175
c_1_48_760,2.7660353,0.7098224
c_1_48_761,2.772212,-1.160244
c_1_48_762,1.4188349,-1.120432
c_1_48_763,1.6466055,-0.56557393
c_1_48_764,2.0065198,-0.26380378
c_1_48_765,-0.018935064,-0.1746045
c_1_48_766,0.787023,-2.0076957
c_1_48_767,3.25923,0.35884702
c_1_48_768,2.5927522,-0.50607616
c_1_48_769,3.93103,-0.09707914
c_1_48_770,1.2557291,-1.6947554
c_1_48_771,2.4577544,0.047760952
c_1_48_772,2.3466985,-0.62709427
c_1_48_773,1.7789817,-0.91187143
c_1_48_774,3.0584118,0.804632
c_1_48_775,3.0133276,0.19103065
c_1_48_776,2.0388145,-0.75980246
c_1_48_777,-0.053594355,-0.22920011
c_1_48_778,0.7996273,-0.23801821
c_1_48_779,3.0032206,-0.79390526
c_1_48_780,1.4060432,-0.15581653
c_1_48_781,2.6687639,-0.3779234
c_1_48_782,2.6220074,-1.4572945
c_1_48_783,2.5621994,-0.74570596
c_1_48_784,1.5918342,-0.8886915
c_1_48_785,2.9368331,0.046653822
c_1_48_786,1.9664224,-0.25645772
c_1_48_787,2.3567195,-0.09997065
c_1_48_788,-0.1265426,0.45910937
c_1_48_789,2.746677,-3.143381
c_1_48_790,1.1216491,-0.6245235
c_1_48_791,2.2367265,1.0210494
c_1_48_792,5.02012,-0.5894181
c_1_48_793,1.6718435,-1.6307303
c_1_48_794,3.682201,0.5859001
c_1_48_796,1.5350417,0.24412543
c_1_48_797,1.392703,0.12319179
c_1_48_798,2.9035501,-1.4056134
c_1_48_799,1.0690058,0.20123166
c_1_48_800,0.98899317,0.12121491
c_1_48_801,1.594544,0.3886186
c_1_48_802,3.243332,1.4185433
c_1_48_803,2.0830834,0.5546669
c_1_48_804,1.5184139,0.884539
c_1_48_805,5.595524,0.1393268
c_1_48_806,3.5673819,-0.31769657
c_1_48_807,2.981835,0.4875727
c_1_48_808,1.3732938,0.9367377
c_1_48_809,0.9837567,0.22065276
c_1_48_810,3.5382938,-0.6088868
c_1_48_811,0.7239326,-0.77973384
c_1_48_812,1.8569235,-0.08165909
c_1_48_813,3.805812,0.5581088
c_1_48_814,2.5752926,-2.8281436
c_1_48_815,0.6216854,-0.6388295
c_1_48_816,0.33965126,-0.77665365
c_1_48_817,0.660075,-0.98538893
c_1_48_818,1.6139277,-0.22059758
c_1_48_819,3.0298305,-0.263099
c_1_48_820,4.0122886,-1.0460248
c_1_48_821,0.43655095,-1.0574974
c_1_48_822,2.4596746,-0.43662143
c_1_48_823,3.5327854,-0.99734926
c_1_48_824,1.8347678,-0.9105718
c_1_48_825,2.6797876,0.76567686
c_1_48_826,3.0640194,-0.5203791
c_1_48_827,2.9331424,-0.038398903
c_1_48_828,2.6579993,-0.13027136
c_1_48_829,-1.1214823,-1.662031
c_1_48_830,2.6218805,-0.6094732
c_1_48_831,4.6701436,0.44024724
c_1_48_832,4.089966,0.080323
c_1_48_833,3.3830276,1.0326265
c_1_48_834,0.62124497,0.1915137
c_1_48_835,0.25091875,0.31428704
c_1_48_836,1.8530872,0.19657367
c_1_48_837,2.760647,1.0499506
c_1_48_838,2.2252855,-0.30342737
c_1_48_839,2.0404484,0.7539913
c_1_48_840,0.644955,0.548042
c_1_48_841,2.1797261,0.7293926
c_1_48_842,2.501583,-0.0120433485
c_1_48_843,2.406277,0.030515756
c_1_48_844,0.8732196,-1.6569568
c_1_48_845,1.0473053,0.21276419
c_1_48_846,2.4434423,0.45130074
c_1_48_847,3.0186691,-0.942379
c_1_48_848,3.1017916,0.11405592
c_1_48_849,5.031484,-0.60758656
c_1_48_850,1.191255,0.89949757
c_1_48_851,2.4161992,0.007640074
c_1_48_852,3.0229676,0.10422585
c_1_48_853,3.723778,0.101224236
c_1_48_854,0.40587503,0.57237464
c_1_48_855,2.8080692,-2.3558621
c_1_48_856,3.2317255,0.25879434
c_1_48_857,5.0791974,-1.8740803
c_1_48_858,0.8870071,0.3969252
c_1_48_859,0.6658805,-1.0095923
c_1_48_860,2.403651,-0.43809575
c_1_48_861,2.3458097,0.35770947
c_1_48_862,2.0845816,0.65132165
c_1_48_863,2.4036968,1.6462061
c_1_48_864,1.8337029,0.2969997
c_1_48_865,1.9612453,1.1002495
c_1_48_866,0.8525883,-0.35249317
c_1_48_867,0.8909709,-0.7505715
c_1_48_868,2.19325,1.4674367
c_1_48_869,2.9584444,0.119422
c_1_48_870,2.1880863,-0.7039984
c_1_48_871,0.3060712,-2.8808212
c_1_48_872,3.462066,-0.14439693
c_1_48_873,-0.27235585,-0.7667738
c_1_48_874,2.8865182,0.5848461
c_1_48_875,3.108775,0.5995036
c_1_48_876,1.7334218,-0.31382507
c_1_48_877,0.6373344,-1.157511
c_1_48_878,1.3681164,-0.21165997
c_1_48_879,-0.852651,0.86901575
c_1_48_880,2.5390928,0.6555877
c_1_48_881,1.100357,1.319333
c_1_48_882,2.6594532,-0.0043856935
c_1_48_883,3.4539762,-0.25362065
c_1_48_884,1.6120585,-1.3649237
c_1_48_885,2.5017598,-0.23562501
c_1_48_886,1.3306519,-0.6890862
c_1_48_887,0.31275234,2.4718416
c_1_48_888,0.2376925,-0.39926344
c_1_48_889,2.9326577,0.048392095
c_1_48_890,1.3330274,-0.38889617
c_1_48_891,0.30278796,-1.1387
c_1_48_892,3.2001545,1.1556548
c_1_48_893,3.723576,1.5136309
c_1_48_894,1.3914105,0.40856054
c_1_48_895,2.6127477,0.021428207
c_1_48_896,5.4930167,-0.26436836
c_1_48_897,1.5943729,0.19745483
c_1_48_898,1.0136068,-1.8832213
c_1_48_899,2.6034732,-0.29928458
c_1_48_900,2.382897,-1.636051
c_1_48_901,1.8990206,-1.3424677
c_1_48_902,4.263606,-0.07591676
c_1_48_903,-0.42684004,1.3361095
c_1_48_904,0.75048286,-2.4009554
c_1_48_905,2.158594,0.046908747
c_1_48_906,2.28692,-0.22100838
c_1_48_907,0.87017405,-0.37496972
c_1_48_908,1.6106728,0.10970298
c_1_48_909,4.371158,-0.27058038
c_1_48_910,1.9387081,0.6674576
c_1_48_911,4.2777596,-0.7473306
c_1_48_912,0.14902435,-0.803518
c_1_48_914,2.127177,0.32522148
c_1_48_915,2.245149,0.38409737
c_1_48_916,1.5047092,-0.10983793
c_1_48_917,1.3804617,-0.9829361
c_1_48_918,1.4678999,0.5120979
c_1_48_919,-0.50332284,1.2387779
c_1_48_920,2.189058,0.81314296
c_1_48_921,2.8045256,-1.9097477
c_1_48_922,0.7714768,-0.08494444
c_1_48_923,1.4925754,-0.4579604
c_1_48_924,0.9577028,-0.7076718
c_1_48_925,0.8450552,-0.36793122
c_1_48_926,4.5064073,0.30970263
c_1_48_927,2.1031363,0.82847905
c_1_48_928,2.1551547,-0.33361325
c_1_48_929,5.49184,-0.59838694
c_1_48_930,3.6410863,1.5083274
c_1_48_931,2.7471719,1.2951094
c_1_48_932,2.0614507,0.563981
c_1_48_933,-0.27482826,0.25803483
c_1_48_934,3.9925408,-0.29039326
c_1_48_935,1.6906034,-0.89867246
c_1_48_936,1.8864021,-0.4824841
c_1_48_937,1.7525816,-0.042732075
c_1_48_938,1.3703772,-0.17399265
c_1_48_939,1.1807861,-0.55923265
c_1_48_940,1.3580654,-0.5083266
c_1_48_941,1.2385739,0.5887131
c_1_48_942,3.1773677,0.055440195
c_1_48_943,-0.5835337,-1.4450533
c_1_48_944,1.3519001,-0.36261928
c_1_48_945,3.9228647,-0.8399333
c_1_48_946,1.6867142,1.6573137
c_1_48_947,1.755753,0.96654284
c_1_48_948,2.3454916,-0.40317085
c_1_48_949,5.2444596,-1.1418207
c_1_48_950,0.51852465,-0.8627292
c_1_48_951,1.0828367,-1.0515298
c_1_48_952,1.2226876,0.037490856
c_1_48_953,-1.032798,-3.966704
c_1_48_954,0.7361584,-0.9279099
c_1_48_955,2.3867433,0.2772705
c_1_48_956,1.631771,-0.41399038
c_1_48_957,2.7592394,-0.10539569
c_1_48_958,1.6225114,1.3751332
c_1_48_959,1.4552374,-1.4334368
c_1_48_960,4.3476295,-0.2346523
c_1_48_962,1.4192511,-0.19848056
c_1_48_963,2.957753,-0.3327577
c_1_48_964,2.0633092,-0.026898727
c_1_48_965,3.2091184,0.24050833
c_1_48_966,3.422879,-0.6006205
c_1_48_967,1.3290417,0.19818391
c_1_48_968,-0.9874816,-1.0503721
c_1_48_969,2.5363367,-1.1474344
c_1_48_970,2.099113,1.158436
c_1_48_971,1.8969892,-1.3902699
c_1_48_972,2.1120565,-2.135573
c_1_48_973,4.279545,-3.0134678
c_1_48_974,4.7502375,-0.83469754
c_1_48_975,0.95907533,0.16498174
c_1_48_976,0.07644901,0.07420843
c_1_48_977,2.0265155,0.31488618
c_1_48_978,2.312574,0.043997105
c_1_48_979,2.719056,0.054266825
c_1_48_980,0.74850667,-2.0364673
c_1_48_981,0.78749484,0.6672455
c_1_48_982,1.3784764,0.003071819
c_1_48_983,2.3275015,-0.46161988
c_1_48_984,2.1356878,-0.026300976
c_1_48_985,3.0916097,0.16702422
c_1_48_986,-0.0823843,-0.9253472
c_1_48_987,2.452464,-0.22913334
c_1_48_988,0.6869388,0.8519653
c_1_48_989,1.8701378,0.47633117
c_1_48_990,1.7689735,0.2576564
c_1_48_991,1.5155151,0.3135298
c_1_48_992,3.5066385,-1.1757057
c_1_48_993,3.385409,0.3033267
c_1_48_994,0.7964449,0.6730959
c_1_48_995,0.30301785,0.027805313
c_1_48_996,1.9277731,-1.0150923
c_1_48_997,4.423463,0.99825984
c_1_48_998,1.0489267,-0.27496755
c_1_48_999,0.70308214,-0.49943092
c_1_48_1000,1.488945,0.16571286
c_1_48_1001,1.5509859,1.2356822
c_1_48_1002,3.568607,-0.47582006
c_1_48_1003,3.5783472,-1.1478407
c_1_48_1004,3.165792,-2.3514044
c_1_48_1005,3.3442042,-1.1722733
c_1_48_1006,2.1953905,-0.0136775235
c_1_48_1007,0.89964014,-0.23860595
c_1_48_1008,1.8977524,0.13126855
c_1_48_1009,4.8339853,0.24505629
c_1_48_1010,1.5668567,-0.33592895
c_1_48_1011,2.3070781,-0.9552354
c_1_48_1012,3.0120459,-0.25613588
c_1_48_1013,1.7036716,0.431909
c_1_48_1014,1.5175081,-1.7246265
c_1_48_1015,1.5818734,-0.12346798
c_1_48_1016,2.2429047,-1.0952618
c_1_48_1017,3.7969322,0.029455084
c_1_48_1018,-0.3719989,0.28595826
c_1_48_1020,2.5732684,-0.007989291
c_1_48_1021,2.061817,0.28207067
c_1_48_1022,2.0739431,-1.2072103
c_1_48_1023,2.6260228,0.6497446
c_1_48_1024,1.208595,-1.4793758
c_1_48_1025,3.6880448,-1.0167729
c_1_48_1026,1.7428513,-1.0460943
c_1_48_1028,1.5059499,1.2597669
c_1_48_1029,0.67282075,-0.704516
c_1_48_1030,2.4866254,-0.88957477
c_1_48_1031,4.5340242,-0.22366919
c_1_48_1032,2.11785,0.7684869
c_1_48_1033,0.6098537,0.25258255
c_1_48_1034,2.8880103,0.7596305
c_1_48_1035,0.8447307,1.2379593
c_1_48_1036,-1.7115608,-0.0690291
c_1_48_1037,1.8326014,0.019668197
c_1_48_1038,4.3872175,-0.97139543
c_1_48_1039,2.3626068,-0.53795826
c_1_48_1041,3.681179,0.55550814
c_1_48_1042,2.1009052,0.48928764
c_1_48_1043,0.9087819,0.39432958
c_1_48_1044,2.9113379,1.62645
c_1_48_1045,3.0524487,-1.0752683
c_1_48_1046,-0.09393865,-0.55740863
c_1_48_1047,3.810522,-1.191332
c_1_48_1048,3.502676,0.6999015
c_1_48_1049,-1.0458318,-1.5586594
c_1_48_1050,-0.26428568,-0.46783558
c_1_48_1051,2.7377229,1.0275934
c_1_48_1052,1.3471726,-2.6400433
c_1_48_1053,2.2883267,-2.0514777
c_1_48_1054,2.8456986,-1.294661
c_1_48_1055,-0.2548274,-0.02028339
c_1_48_1056,1.5136772,0.013137994
c_1_48_1057,-0.0031476952,-1.2394551
c_1_48_1058,1.2138412,0.25547284
c_1_48_1059,2.4338834,1.1384113
c_1_48_1060,1.5310186,-1.013483
c_1_48_1061,1.3814132,-0.41671845
c_1_48_1062,3.0569072,-0.30091414
c_1_48_1063,-0.9192905,-0.20641872
c_1_48_1064,3.433024,-0.7439376
c_1_48_1065,-1.3105549,-1.368892
c_1_48_1066,-1.0559628,-2.5363345
c_1_48_1067,2.693622,0.2782459
c_1_48_1068,-1.7406071,1.913466
c_1_48_1069,-0.08539972,0.8298468
c_1_48_1070,1.6905072,-0.5752613
c_1_48_1071,1.9609994,-1.2344744
c_1_48_1072,2.0224235,0.32701313
c_1_48_1073,3.476547,0.26080006
c_1_48_1074,0.28836104,-0.8026285
c_1_48_1075,3.1401966,-1.0969998
c_1_48_1076,2.3895493,-0.23229875
c_1_48_1077,2.455368,-2.1069186
c_1_48_1078,-0.050619163,0.7685346
c_1_48_1079,2.7439137,-0.32570285
c_1_48_1080,3.0441556,0.43846524
c_1_48_1081,2.3469641,-0.65841275
c_1_48_1082,3.084561,-1.9806516
c_1_48_1083,0.69640684,-0.64393204
c_1_48_1084,-1.9970695,-2.2118957
c_1_48_1085,4.226283,-0.18745042
c_1_48_1086,1.9814665,-1.5650448
c_1_48_1087,0.024833372,-0.6569755
c_1_48_1088,1.5329264,0.29279765
c_1_48_1089,1.5881836,-0.5509946
c_1_48_1090,4.310831,0.4854506
c_1_48_1091,1.3023012,0.17492762
c_1_48_1092,-2.342467,1.1149377
c_1_48_1093,2.6625261,0.12876095
c_1_48_1094,3.5627906,0.4671092
c_1_48_1095,0.013490735,-0.5520599
c_1_48_1096,2.0809793,0.33192277
c_1_48_1097,2.2015092,0.07010316
c_1_48_1098,2.750962,-2.268373
c_1_48_1099,2.620181,-0.3799413
c_1_48_1101,5.431038,-0.9540874
c_1_48_1102,-0.660758,-0.97856957
c_1_48_1103,-1.0145375,1.0606607
c_1_48_1104,0.8691269,0.14011234
c_1_48_1105,1.6128409,-0.43803024
c_1_48_1106,1.1912999,0.25347987
c_1_48_1107,0.30593157,-0.99498314
c_1_48_1108,-0.39981383,-0.7117852
c_1_48_1109,1.0763844,-0.5649281
c_1_48_1110,0.24359514,-1.299097
c_1_48_1111,0.61678976,2.1872258
c_1_48_1112,4.489456,-0.3999052
c_1_48_1113,4.450463,-0.007776592
c_1_48_1114,2.7506163,1.760307
c_1_48_1115,2.0994027,-2.3198297
c_1_48_1116,1.1484696,-0.489308
c_1_48_1117,0.7714238,0.020418607
c_1_48_1118,-2.0181222,0.23771691
c_1_48_1119,3.075945,-0.37838298
c_1_48_1120,-0.50778276,-1.154599
c_1_48_1121,2.8936944,-1.6625267
c_1_48_1122,3.3609734,-1.0042175
c_1_48_1123,2.6564798,-0.8064865
c_1_48_1124,1.8247688,-0.55664414
c_1_48_1125,3.8791494,0.9310944
c_1_48_1126,1.5443581,1.6523843
c_1_48_1127,1.4007558,-2.5456815
c_1_48_1128,1.1738406,-0.8438819
c_1_48_1129,2.3214738,1.7024815
c_1_48_1130,2.9233298,0.5210576
c_1_48_1131,1.1659044,-1.1020871
c_1_48_1132,-0.88534176,-2.7945523
c_1_48_1133,0.7490467,0.44817725
c_1_48_1134,0.7474742,-1.9097974
c_1_48_1135,-1.505479,-1.1068971
c_1_48_1136,1.6346462,-0.7488544
c_1_48_1137,3.50165,0.67177385
c_1_48_1138,1.1832057,-0.37385756
c_1_48_1139,2.2670581,-0.012235808
c_1_48_1140,2.955225,-2.3031442
c_1_48_1141,-0.060590696,0.47828254
c_1_48_1142,2.9230897,-0.44988027
c_1_48_1143,-0.6757463,-2.187704
c_1_48_1144,-0.14361349,-1.5986193
c_1_48_1145,0.050288677,0.054327626
c_1_48_1146,3.391658,0.21661358
c_1_48_1147,1.6538914,0.4556178
c_1_48_1148,1.5536903,1.1106111
c_1_48_1149,1.9284422,-0.5922954
c_1_48_1150,-0.10773235,-2.2217786
c_1_48_1151,-0.5015959,-0.53717196
c_1_48_1152,-0.14911634,0.6402672
c_1_48_1153,1.7567314,-0.5462885
c_1_48_1154,5.0617194,0.3228512
c_1_48_1155,0.08487188,-1.547456
c_1_48_1156,0.07275117,1.1930982
c_1_48_1157,0.8942876,-0.4458365
c_1_48_1158,-0.31547493,-1.5921543
c_1_48_1159,0.52147233,1.0291471
c_1_48_1160,1.922542,-0.670959
c_1_48_1161,1.6187034,0.54867095
c_1_48_1162,-0.86545944,0.9644682
c_1_48_1163,-1.1224158,0.84222466
c_1_48_1164,3.4824138,-0.53766376
c_1_48_1165,0.76093763,-1.0097591
c_1_48_1166,3.8727646,-0.42714825
c_1_48_1167,1.5564911,-1.1038387
c_1_48_1168,3.2807367,0.33049804
c_1_48_1169,1.448062,-1.3742936
c_1_48_1170,3.9990635,1.3150901
c_1_48_1171,2.7691257,0.12162783
c_1_48_1172,0.15941308,-0.73406154
c_1_48_1173,3.2551944,-1.0198599
c_1_48_1174,0.97107935,-2.3439682
c_1_48_1175,1.083459,-0.3963955
c_1_48_1176,2.4898746,-0.06792339
c_1_48_1177,0.9259538,-0.31018615
c_1_48_1178,-0.2872468,0.034556918
c_1_48_1179,-0.03203792,1.1251463
c_1_48_1180,1.0796285,0.31609654
c_1_48_1181,-0.049767926,1.0379738
c_1_48_1182,2.1419938,0.21574724
c_1_48_1183,4.031821,-0.011875633
c_1_48_1184,1.1544495,0.731556
c_1_48_1185,0.66730684,-1.0586097
c_1_48_1186,-0.008251576,1.5184926
c_1_48_1187,3.266482,-0.9313599
c_1_48_1188,2.9635923,0.5761181
c_1_48_1189,1.6779234,-1.2030435
c_1_48_1190,0.11493927,-0.95964956
c_1_48_1191,1.017034,-0.22097743
c_1_48_1192,-0.44195822,2.2465146
c_1_48_1193,2.9194086,-0.021897566
c_1_48_1194,-0.14198297,0.5446206
c_1_48_1195,0.5583044,-2.2114928
c_1_48_1196,0.8963837,-0.0074923546
c_1_48_1197,-1.1001984,-0.3273148
c_1_48_1198,1.6438361,0.071554855
c_1_48_1199,2.9813201,0.6572994
c_1_48_1200,1.8051096,0.29407918
c_1_48_1201,0.61660975,-0.36858776
c_1_48_1202,0.20104367,0.47305557
c_1_48_1203,1.0264106,1.286021
c_1_48_1204,2.0611122,-2.1371627
c_1_48_1205,2.5861685,-0.19592917
c_1_48_1206,0.9264548,-1.139928
c_1_48_1207,-0.41138685,2.0464869
c_1_48_1208,3.0879138,0.05251368
c_1_48_1209,2.5365562,-0.64865625
c_1_48_1210,-1.1095814,-1.569371
c_1_48_1211,2.3587625,1.5544304
c_1_48_1212,1.8836946,-1.3261306
c_1_48_1213,2.4093432,0.62070966
c_1_48_1214,-0.053601928,0.10321643
c_1_48_1215,4.113234,0.54033524
c_1_48_1216,1.2879124,-1.36747
c_1_48_1217,-1.4415212,1.3980483
c_1_48_1218,1.8366627,-0.9724
c_1_48_1219,1.1388582,-2.3206773
c_1_48_1220,-0.17057738,0.37695917
c_1_48_1221,-0.90045154,-1.2408726
c_1_48_1222,-0.30603564,0.7630946
c_1_48_1223,-1.3133739,-1.2400167
c_1_48_1224,1.8907228,0.4305986
c_1_48_1225,1.8361092,-0.38757756
c_1_48_1226,1.4954697,0.109722376
c_1_48_1227,2.5516033,0.66450393
c_1_48_1230,0.8206048,0.5570297
c_1_48_1231,0.3685886,0.43711257
c_1_48_1232,-0.5995537,0.44513163
c_1_48_1233,1.839256,0.5744656
c_1_48_1234,0.3425188,-0.41647962
c_1_48_1235,1.9222013,0.45603457
c_1_48_1236,0.7901506,0.81377274
c_1_48_1237,-0.666273,1.2707716
c_1_48_1238,-0.121507555,-1.0316397
c_1_48_1240,1.1640049,-0.4718974
c_1_48_1242,1.478621,0.11989079
c_1_48_1243,0.6798008,0.0883442
c_1_48_1244,4.195837,0.13047375
c_1_48_1245,0.68440235,-0.8389443
c_1_48_1246,-2.1414163,1.5499688
c_1_48_1247,0.065368935,-0.23807481
c_1_48_1248,-1.664169,1.2780905
c_1_48_1249,0.7382669,0.9047586
c_1_48_1250,-0.5436123,-0.57698447
c_1_48_1251,-1.4114194,-2.1242707
c_1_48_1252,1.4616456,1.2039546
c_1_48_1253,-0.11288824,-0.22464018
c_1_48_1254,0.3805544,-1.1246209
c_1_48_1255,3.5691936,0.12595123
c_1_48_1256,1.5700899,0.4063761
c_1_48_1257,0.22153622,-2.7489152
c_1_48_1258,0.06898195,-0.20380013
c_1_48_1259,-0.23317124,0.44226286
c_1_48_1260,-0.5179042,-1.9471649
c_1_48_1261,1.3431894,0.54600763
c_1_48_1262,2.4299262,-2.0028832
c_1_48_1263,-1.2775896,-0.7455481
c_1_48_1264,1.1011015,-1.0186213
c_1_48_1265,0.45739874,0.5043094
c_1_48_1266,0.18437421,0.19504876
c_1_48_1267,1.557686,0.86226517
c_1_48_1268,-0.86832213,-0.4305715
c_1_48_1269,-0.04178939,0.7353199
c_1_48_1270,0.39377302,0.4381432
c_1_48_1271,1.4837639,0.96028036
c_1_48_1272,0.7604775,1.0357999
c_1_48_1273,1.6886184,-1.35661
c_1_48_1274,1.0247589,-0.025541542
c_1_48_1275,0.8117283,0.7932346
c_1_48_1276,1.7383344,0.03266541
c_1_48_1277,-1.0269972,2.0207686
c_1_48_1278,-1.3649837,0.26316714
c_1_48_1279,1.4601127,0.5657643
c_1_48_1280,-1.2493322,-0.5239351
c_1_48_1281,0.9292007,-0.067235515
c_1_48_1282,-0.28944558,-1.4022357
c_1_48_1283,0.8439477,-0.9164502
c_1_48_1284,1.8084475,0.49073154
c_1_48_1285,1.1603988,-0.28795263
c_1_48_1286,-0.14627245,1.4682255
c_1_48_1287,1.7194757,0.5455485
c_1_48_1288,-0.2148375,0.7143259
c_1_48_1289,-1.8571405,1.9382867
c_1_48_1290,2.0854986,1.1645942
c_1_48_1291,0.03408864,-0.79481584
c_1_48_1292,-2.000696,0.7579296
c_1_48_1293,0.62422454,1.7661653
c_1_48_1294,-1.7570212,1.5480958
c_1_48_1295,2.1095774,-1.5553659
c_1_48_1296,-1.3901672,1.3273559
c_1_48_1297,-0.80176944,1.5494586
c_1_48_1298,1.5522406,-0.46244824
c_1_48_1299,0.80124086,0.54220074
c_1_48_1300,-1.4768348,1.781674
c_1_48_1302,2.2294903,-0.09613868
c_1_48_1303,3.4905717,1.1199384
c_1_48_1304,1.3044083,-1.3038936
c_1_48_1305,1.769094,0.04752884
c_1_48_1306,1.5919435,0.1560099
c_1_48_1307,-0.3530489,0.2091958
c_1_48_1308,-0.25458184,-0.12823634
c_1_48_1309,1.2765286,1.0242862
c_1_48_1310,3.4839044,0.15876569
c_1_48_1311,0.484204,0.976004
c_1_48_1312,-0.33063924,0.7603872
c_1_48_1313,-0.9145994,1.9127537
c_1_48_1314,1.4970233,-0.3528594
c_1_48_1315,0.9695397,0.14498626
c_1_48_1316,-0.51881534,3.561099
c_1_48_1317,0.6220882,1.0465627
c_1_48_1318,0.955548,-0.016685471
c_1_48_1319,-1.2953738,2.4615319
c_1_48_1320,-1.7914644,3.8491385
c_1_48_1321,-1.6359283,1.0270985
c_1_48_1322,0.25981158,0.099624805
c_1_48_1323,0.53243273,1.0118142
c_1_48_1324,0.6199752,-0.515501
c_1_48_1325,-0.48177347,0.6632742
c_1_48_1326,0.5868839,0.0822258
c_1_48_1327,2.7151759,-0.8047098
c_1_48_1328,-0.037360866,0.50029564
c_1_48_1329,-0.45932797,1.9784803
c_1_48_1330,1.8054726,-0.04709499
c_1_48_1331,1.6587338,0.48683387
c_1_48_1332,-1.0449023,0.13999593
c_1_48_1333,-0.36743173,0.22462414
c_1_48_1334,0.22914286,-1.1150737
c_1_48_1335,0.6640176,0.28429288
c_1_48_1336,4.6153245,0.36381018
c_1_48_1337,2.0610518,0.029188015
c_1_48_1338,0.1761973,-0.44296986
c_1_48_1339,1.5861027,-0.48401728
c_1_48_1340,1.0378615,-1.1105704
c_1_48_1341,0.34355915,0.8304386
c_1_48_1342,1.2395592,0.7010985
c_1_48_1343,1.5917183,0.28297105
c_1_48_1344,1.2336524,0.81152725
c_1_48_1345,0.9245592,0.05889095
c_1_48_1346,-0.1452835,-1.4326012
c_1_48_1347,1.0143648,-0.5907069
c_1_48_1348,2.2430847,-0.528039
c_1_48_1349,0.3573217,-0.21221177
c_1_48_1350,1.5568436,0.1072125
c_1_48_1351,0.68898255,-0.2116931
c_1_48_1352,2.4523537,-0.15266827
c_1_48_1353,-0.24974239,-0.58128285
c_1_48_1354,0.44877812,0.62111086
c_1_48_1355,0.55438167,-1.0658581
c_1_48_1356,-1.5044358,1.9224437
c_1_48_1357,0.55062807,0.74008304
c_1_48_1358,1.5143765,0.92079616
c_1_48_1359,3.3283343,-0.07053078
c_1_48_1360,-0.8508515,0.2253965
c_1_48_1361,0.8100694,-0.5293991
c_1_48_1362,-0.81348836,1.3127426
c_1_48_1363,1.02404,1.0689695
c_1_48_1364,1.2705994,1.5976809
c_1_48_1365,-0.5978093,-0.30800563
c_1_48_1366,2.6525064,0.39311337
c_1_48_1367,0.97283673,-1.2355943
c_1_48_1368,0.50719965,0.6423225
c_1_48_1369,-0.110768385,-0.81741107
c_1_48_1370,1.0402447,0.23981556
c_1_48_1371,0.9021766,-0.9868797
c_1_48_1372,1.3371803,-0.024580844
c_1_48_1373,2.2366328,-0.35390323
c_1_48_1374,2.2329037,0.017970089
c_1_48_1375,-2.2493272,1.695952
c_1_48_1376,2.9580913,0.20356658
c_1_48_1377,3.5245895,-0.6374756
c_1_48_1378,2.1620293,-0.15187803
c_1_48_1379,1.688339,-0.11592171
c_1_48_1380,3.3667095,-1.4301525
c_1_48_1381,2.2339919,0.835193
c_1_48_1382,1.499768,-1.5635735
c_1_48_1383,3.4786305,0.45859867
c_1_48_1384,0.74718267,1.0352626
c_1_48_1385,-2.22876,4.229926
c_1_48_1386,-0.12530367,-1.5368711
c_1_48_1387,1.73205,0.77815205
c_1_48_1388,1.2610714,0.24189635
c_1_48_1389,1.4767083,0.15515745
c_1_48_1390,0.55208915,-1.3006753
c_1_48_1391,1.9365052,-0.14524414
c_1_48_1393,1.937421,-0.8617091
c_1_48_1394,2.2605102,0.34145886
c_1_48_1395,0.47000957,-0.4892235
c_1_48_1396,-0.3410977,0.042250354
c_1_48_1397,1.0601412,0.59532744
c_1_48_1398,0.9130096,-0.20806913
c_1_48_1399,1.1074382,0.25520992
c_1_48_1400,2.3703916,-1.0723083
c_1_48_1401,-1.3814489,-1.3850044
c_1_48_1402,-1.2741332,1.8246706
c_1_48_1403,-1.824593,2.5377517
c_1_48_1404,0.6150463,0.77627325
c_1_48_1405,0.5139735,0.46042886
c_1_48_1406,1.1135792,0.2039953
c_1_48_1407,1.6051012,0.37677696
c_1_48_1408,1.3998892,-1.3440547
c_1_48_1409,0.70004493,0.7474373
c_1_48_1410,3.841165,-1.3978854
c_1_48_1411,-1.3817188,-1.0971159
c_1_48_1412,0.14841034,-0.868357
c_1_48_1413,0.69361115,-0.38512737
c_1_48_1414,-1.2878408,0.5678685
c_1_48_1415,2.7109392,-0.43409264
c_1_48_1416,2.8671384,0.29564732
c_1_48_1417,-1.8440456,-4.725239
c_1_48_1418,2.900941,-1.6451386
c_1_48_1419,3.9786868,-0.5569624
c_1_48_1420,0.41113123,0.9578939
c_1_48_1421,0.38533902,-0.5273154
c_1_48_1422,1.3682221,0.5033053
c_1_48_1423,2.1148882,-0.42146635
c_1_48_1424,1.5581716,-0.38128552
c_1_48_1425,3.7642705,-0.7983712
c_1_48_1426,1.9992764,-1.5360919
c_1_48_1427,-1.5070508,1.0048102
c_1_48_1428,0.22798347,1.0429914
c_1_48_1429,1.8183477,-0.3795024
c_1_48_1430,0.6523785,0.09004105
c_1_48_1431,2.313182,0.23178963
c_1_48_1432,-0.21187161,1.5563191
c_1_48_1433,1.4503806,0.13836086
c_1_48_1434,1.4914091,-0.40561154
c_1_48_1435,1.763256,0.15453514
c_1_48_1436,0.4403619,-0.19709074
c_1_48_1437,-0.5155417,1.0902808
c_1_48_1438,0.8285081,0.33456594
c_1_48_1439,4.2182527,-0.9762176
c_1_48_1440,1.5306091,1.2562076
c_1_48_1441,-0.88432795,0.34532088
c_1_48_1442,1.658269,0.79162943
c_1_48_1443,1.3357549,1.1604875
c_1_48_1444,1.7930955,0.08695438
c_1_48_1446,1.8595539,0.7630084
c_1_48_1447,-0.22185513,0.897971
c_1_48_1448,-0.47620595,-2.9098895
c_1_48_1449,1.5444618,0.35417143
c_1_48_1450,0.7489662,0.44303563
c_1_48_1451,1.9537749,-0.40534207
c_1_48_1452,1.69493,-0.012914332
c_1_48_1453,1.1090176,0.2760016
c_1_48_1454,1.0439687,-0.49964514
c_1_48_1455,2.426198,0.62647235
c_1_48_1456,0.14448148,-0.18823102
c_1_48_1458,1.0756437,0.20588748
c_1_48_1459,3.1448915,0.6048808
c_1_48_1460,0.19703098,0.33577725
c_1_48_1461,1.7718593,-0.2352693
c_1_48_1462,2.9329937,-0.42847332
c_1_48_1463,1.6122932,-0.35879794
c_1_48_1464,2.0317233,-0.3091098
c_1_48_1465,1.3035383,-0.2968786
c_1_48_1466,2.3696437,-0.51581484
c_1_48_1467,1.0807419,-0.080549896
c_1_48_1468,1.4095522,0.5340779
c_1_48_1469,0.9291566,-0.34762806
c_1_48_1470,1.6353492,-0.3116271
c_1_48_1471,1.6771382,-1.2442104
c_1_48_1472,-0.5023742,-0.2747536
c_1_48_1473,0.86644334,0.8775397
c_1_48_1474,0.67219764,0.504901
c_1_48_1475,2.0640962,2.0366604
c_1_48_1476,1.5667621,0.012589176
c_1_48_1477,0.48989052,0.038512733
c_1_48_1478,0.70971286,0.24851234
c_1_48_1479,1.2079871,-0.6704188
c_1_48_1480,0.9923081,0.3003577
c_1_48_1481,0.20506623,-0.712951
c_1_48_1482,1.8284607,1.2485443
c_1_48_1483,-1.1300963,0.99411756
c_1_48_1484,1.8003473,0.7670427
c_1_48_1485,1.3609493,0.29446265
c_1_48_1486,2.5913413,-0.5007274
c_1_48_1487,1.395461,-0.7106037
c_1_48_1488,-0.29632148,-1.1165161
c_1_48_1489,0.6312589,-0.22380605
c_1_48_1490,1.1627463,0.19110069
c_1_48_1491,0.17274062,-0.023083901
c_1_48_1492,0.4195652,0.30379412
c_1_48_1493,-0.8335524,0.12239032
c_1_48_1494,-0.39373657,0.87877166
c_1_48_1495,1.0033667,-0.753065
c_1_48_1496,1.2177731,-0.46632707
c_1_48_1497,1.399521,0.43231052
c_1_48_1498,3.2392046,0.3948095
c_1_48_1499,3.3377824,0.5364035
c_1_48_1500,-0.02287346,-2.5021276
c_1_48_1501,3.407926,-0.63444877
c_1_48_1502,2.551766,-1.3125404
c_1_48_1503,0.84916806,-0.29989383
c_1_48_1504,1.5533658,0.40849936
c_1_48_1505,0.2922202,0.28104874
c_1_48_1506,1.7440492,0.55013007
c_1_48_1507,1.5910027,0.76916516
c_1_48_1508,2.3464024,-0.0011244876
c_1_48_1509,2.249939,0.90316933
c_1_48_1510,1.9786605,1.1713877
c_1_48_1511,-0.3001209,-1.7290913
c_1_48_1512,1.5329275,-0.536984
c_1_48_1513,1.2435527,0.0038637354
c_1_48_1514,1.5799534,1.2527436
c_1_48_1515,3.468471,0.19239472
c_1_48_1516,1.2363808,1.0672224
c_1_48_1517,2.6579306,0.15367956
c_1_48_1518,1.4236934,0.059107997
c_1_48_1519,-0.21016552,-0.6811218
c_1_48_1520,2.8306296,0.91797507
c_1_48_1521,1.2519186,0.9642762
c_1_48_1522,1.2281833,-0.5021019
c_1_48_1523,2.4957151,-0.19010898
c_1_48_1524,1.7726028,-0.23042172
c_1_48_1525,2.473838,2.1814919
c_1_48_1526,1.7009546,1.4789538
c_1_48_1527,-1.6511375,0.24642564
c_1_48_1528,1.0573937,0.46063828
c_1_48_1529,1.4390497,-1.0532598
c_1_48_1530,1.9220933,2.1352563
c_1_48_1531,-0.19848423,0.39153668
c_1_48_1532,0.35546198,-0.08012336
c_1_48_1533,2.450912,0.05876121
c_1_48_1534,1.160927,-1.5488541
c_1_48_1535,3.180384,-0.057074983
c_1_48_1537,1.1896092,1.8464824
c_1_48_1538,2.715851,-1.0158869
c_1_48_1539,2.0692677,-0.02124062
c_1_48_1540,0.28154412,0.32085642
c_1_48_1541,2.1783502,-0.18288119
c_1_48_1542,0.2943579,-2.5768204
c_1_48_1543,5.4285855,-0.9381007
c_1_48_1544,-0.8867321,-0.37911922
c_1_48_1545,0.15027082,-1.178528
c_1_48_1546,0.5964824,-0.379609
c_1_48_1547,-0.2338354,-0.7450662
c_1_48_1548,0.046726245,0.25759515
c_1_48_1549,0.3522315,0.16697197
c_1_48_1550,2.0673037,-0.034687776
c_1_48_1552,3.4060745,1.0094922
c_1_48_1553,2.6840644,0.10118245
c_1_48_1554,4.2901483,0.2734677
c_1_48_1555,0.90151125,-1.1737822
c_1_48_1556,3.1198072,0.5642774
c_1_48_1557,2.9374123,-0.39381748
c_1_48_1558,1.2699754,0.4926468
c_1_48_1559,1.969045,-0.07706345
c_1_48_1560,2.9631524,0.20842928
c_1_48_1561,2.265926,0.6194383
c_1_48_1562,2.9571805,0.13902171
c_1_48_1563,0.20221263,0.9714176
c_1_48_1564,0.7351814,0.28010702
c_1_48_1565,3.7507832,0.78020346
c_1_48_1566,2.292237,0.22627877
c_1_48_1567,2.4212046,0.5582826
c_1_48_1568,1.6281189,1.0249091
c_1_48_1569,2.1093607,-0.20188501
c_1_48_1570,4.013072,-0.6860782
c_1_48_1571,2.2780292,-0.010507678
c_1_48_1572,1.5556178,1.0438863
c_1_48_1573,0.24053904,-0.18708354
c_1_48_1574,0.13605334,-1.5648232
c_1_48_1575,2.2261963,0.5983247
c_1_48_1576,-0.71555233,-0.29910564
c_1_48_1577,2.4860203,0.66273654
c_1_48_1578,3.1076312,0.71731764
c_1_48_1579,3.1953402,-0.49201423
c_1_48_1580,2.1520526,0.40253904
c_1_48_1581,3.1901805,0.33951837
c_1_48_1582,0.7716181,1.1140461
c_1_48_1583,0.549131,-0.22446337
c_1_48_1584,2.4114819,0.17990337
c_1_48_1585,2.1997123,-0.3805416
c_1_48_1587,0.95873684,-0.17833792
c_1_48_1588,-1.4678298,-0.72118825
c_1_48_1589,2.8011053,0.3761892
c_1_48_1590,1.1763728,0.0973264
c_1_48_1591,-0.20384978,-0.19405358
c_1_48_1592,2.5920482,0.559445
c_1_48_1593,-0.19207676,-2.6888907
c_1_48_1594,4.013633,-0.28011802
c_1_48_1595,1.4637107,-0.24915582
c_1_48_1596,2.2073784,-0.3500935
c_1_48_1597,1.4514784,-0.9137958
c_1_48_1598,0.16470672,-0.10012984
c_1_48_1599,0.86074793,0.10830217
c_1_48_1600,-1.185644,-2.0626793
c_1_48_1601,3.2967079,0.16204076
c_1_48_1602,1.0403141,-0.84119505
c_1_48_1603,0.049831428,-0.784237
c_1_48_1604,1.7929184,0.055751406
c_1_48_1605,2.1810188,0.38680843
c_1_48_1606,1.7943485,-0.03900615
c_1_48_1607,3.6378837,-0.34183586
c_1_48_1608,1.1127863,-0.14890827
c_1_48_1609,1.6953708,-1.7511171
c_1_48_1610,4.190893,0.73074037
c_1_48_1611,-0.6798459,0.4648707
c_1_48_1612,0.39278722,0.34077296
c_1_48_1613,1.6058544,-0.14186126
c_1_48_1614,0.2816588,0.03495223
c_1_48_1615,0.7371868,-2.5999048
c_1_48_1616,1.692378,0.52521884
c_1_48_1617,2.0131052,-1.093169
c_1_48_1618,1.3631188,-0.34994417
c_1_48_1619,0.7805117,0.32501036
c_1_48_1620,1.0231186,0.15708019
c_1_48_1621,2.7261152,0.3177773
c_1_48_1622,3.7343163,-0.9459188
c_1_48_1623,2.4661632,0.5278006
c_1_48_1624,5.3334446,1.4298096
c_1_48_1626,1.42324,0.83480614
c_1_48_1627,-1.5001993,-1.3002138
c_1_48_1628,2.0484037,1.2419769
c_1_48_1629,1.3431005,-0.23637286
c_1_48_1630,4.5986576,0.53148514
c_1_48_1631,2.7800803,0.2608941
c_1_48_1632,2.8681908,-0.4044533
c_1_48_1633,3.6465032,0.14711893
c_1_48_1634,1.0792059,0.57763934
c_1_48_1635,0.9761144,0.23843586
c_1_48_1636,2.1839342,0.35636395
c_1_48_1637,-2.835512,-2.249344
c_1_48_1638,3.1898017,-0.09005596
c_1_48_1639,2.099591,-0.2976018
c_1_48_1640,2.2704992,2.0282123
c_1_48_1641,2.2286992,2.2696443
c_1_48_1642,3.6998816,0.7321368
c_1_48_1643,3.1565723,0.23651151
c_1_48_1644,2.6380503,0.38411513
c_1_48_1645,1.1068267,1.3613158
c_1_48_1646,1.7484199,1.0208954
c_1_48_1647,4.181438,0.37146288
c_1_48_1648,0.86262465,0.34178883
c_1_48_1649,2.0865786,-0.55002815
c_1_48_1650,3.929089,-0.84769917
c_1_48_1651,1.0659169,-0.74861073
c_1_48_1652,4.57185,0.9836986
c_1_48_1653,2.1895893,0.46340328
c_1_48_1655,4.014439,-0.008649165
c_1_48_1656,1.4979023,0.2520203
c_1_48_1657,0.109349474,-1.3195598
c_1_48_1658,1.1263628,3.0972192
c_1_48_1659,0.41895065,0.23370844
c_1_48_1660,0.38767153,0.4822478
c_1_48_1661,3.7738602,0.9179146
c_1_48_1662,0.35039896,1.6004595
c_1_48_1663,-0.8236447,-1.7187665
c_1_48_1664,2.435757,1.1255629
c_1_48_1665,-0.10214686,-1.181103
c_1_48_1666,0.5748553,0.4460474
c_1_48_1667,0.6426888,-0.037999876
c_1_48_1668,1.3651981,-0.2864622
c_1_48_1669,0.55926055,-2.8061411
c_1_48_1671,0.80248916,1.3683176
c_1_48_1672,0.43266392,-0.36658457
c_1_48_1673,2.3740253,0.28841624
c_1_48_1674,3.3349175,-0.2795755
c_1_48_1676,2.6744976,0.026813855
c_1_48_1677,4.6761985,1.2572277
c_1_48_1678,0.08901932,0.6429385
c_1_48_1679,2.8327005,-0.9016717
c_1_48_1680,1.3615565,0.54259026
c_1_48_1681,1.1457535,-1.9533819
c_1_48_1682,-1.2740529,0.5329597
c_1_48_1683,-0.6370371,-0.58829325
c_1_48_1684,1.0538821,-0.232788
c_1_48_1685,-1.2039146,-1.6961036
c_1_48_1686,1.1107972,-0.7717996
c_1_48_1687,1.1392541,-0.7586272
c_1_48_1688,3.4648085,1.2307444
c_1_48_1689,2.067845,-0.7864993
c_1_48_1690,0.9170862,1.2320163
c_1_48_1691,2.572423,-0.5418805
c_1_48_1692,2.6194522,-0.51115435
c_1_48_1693,2.4702957,0.63060147
c_1_48_1694,2.421411,-0.14860374
c_1_48_1695,-0.18155012,0.101100184
c_1_48_1696,1.2562531,-0.31478426
c_1_48_1698,1.5328414,-0.06275913
c_1_48_1699,1.2551289,1.0304681
c_1_48_1700,4.228856,0.063031375
c_1_48_1701,1.9313976,0.46629766
c_1_48_1702,2.8430557,-0.25541508
c_1_48_1704,1.2591665,-0.5259883
c_1_48_1705,0.9051982,-1.8434615
c_1_48_1706,2.662495,0.5990653
c_1_48_1707,3.3908706,1.3971227
c_1_48_1709,1.9900446,1.0043466
c_1_48_1710,2.0403423,0.6081084
c_1_48_1713,2.1606114,0.16309524
c_1_48_1714,2.835935,1.1004523
c_1_48_1715,2.7156708,2.092355
c_1_48_1716,3.0523043,-1.0762867
c_1_48_1718,2.3235457,0.08620773
c_1_48_1719,2.5096993,1.3076608
c_1_48_1720,1.7207557,1.7037008
c_1_48_1721,1.6598438,-2.2881176
c_1_48_1722,0.9783026,0.17315748
c_1_48_1724,2.1465929,1.3247474
c_1_48_1725,0.19330306,0.74032235
c_1_48_1726,2.4794266,0.0447206
c_1_48_1727,2.0100157,-0.32224903
c_1_48_1728,4.1444764,-1.5954156
c_1_48_1729,1.7922841,-0.8899499
c_1_48_1730,4.1199474,0.7437935
c_1_48_1731,2.3714583,-1.3135259
c_1_48_1732,0.22096092,-0.8122999
c_1_48_1733,0.3020051,-2.908124
c_1_48_1734,4.326594,-0.29164895
c_1_48_1736,1.6806546,1.568368
c_1_48_1737,2.057097,-1.4679312
c_1_48_1738,3.6289773,0.04867701
c_1_48_1739,3.0534134,0.7307525
c_1_48_1740,2.2303605,-0.9361998
c_1_48_1741,3.0227754,0.5723862
c_1_48_1742,1.2995292,0.19809574
c_1_48_1743,0.9909602,1.5887095
c_1_48_1744,1.6288302,0.114118434
c_1_48_1745,1.4544718,1.3649906
c_1_48_1746,1.8035932,0.91833496
c_1_48_1747,2.5305789,0.5013798
c_1_48_1748,6.1036544,0.4795445
c_1_48_1749,3.6531572,-0.123576194
c_1_48_1750,1.2769533,0.2844093
c_1_48_1751,3.6264424,1.1259091
c_1_48_1752,4.714949,0.36554798
c_1_48_1753,-0.397669,-3.5826848
c_1_48_1754,0.73745775,-0.23989652
c_1_48_1755,0.2935375,-1.5895356
c_1_48_1756,0.5493796,2.1041183
c_1_48_1757,1.5014051,0.18977696
c_1_48_1758,2.4899263,-0.90186566
c_1_48_1759,2.7317677,-0.07838993
c_1_48_1760,2.4122405,0.5673873
c_1_48_1761,1.01838,0.9789783
c_1_48_1762,2.1481988,-0.2980805
c_1_48_1763,3.5282137,0.6723171
c_1_48_1764,0.12216894,-0.9254911
c_1_48_1765,3.3709064,0.07418913
c_1_48_1766,2.604247,0.5118699
c_1_48_1767,3.4924805,0.09692639
c_1_48_1768,4.858878,-0.516265
c_1_48_1769,1.0351627,-0.64091825
c_1_48_1770,0.82633686,0.77128226
c_1_48_1771,3.3494866,0.425754
c_1_48_1772,0.47251138,0.79197806
c_1_48_1773,0.9698357,0.51401454
c_1_48_1774,6.168221,1.8313346
c_1_48_1775,3.4004877,0.71879965
c_1_48_1776,2.2307653,0.17096102
c_1_48_1777,3.6037908,1.1755767
c_1_48_1778,1.9618313,-0.17622137
c_1_48_1779,2.0701723,0.15173627
c_1_48_1780,3.3839827,0.69829607
c_1_48_1782,2.9885674,1.0950922
c_1_48_1783,1.9756746,1.0352261
c_1_48_1784,2.8838089,-1.5118636
c_1_48_1785,1.6337851,-1.5615096
c_1_48_1786,-0.41961348,1.2454304
c_1_48_1787,4.217611,0.6706364
c_1_48_1789,4.4524403,0.48847333
c_1_48_1790,0.8744096,0.39470562
c_1_48_1791,0.06293302,-1.1935972
c_1_48_1792,3.0561035,-0.22715507
c_1_48_1793,2.263573,-0.37472108
c_1_48_1794,0.74765265,-1.0048362
c_1_48_1795,2.3338897,0.38938925
c_1_48_1796,2.1017714,-0.62901336
c_1_48_1797,2.1105855,-0.45975292
c_1_48_1799,3.1881592,-0.1864626
c_1_48_1800,0.8886023,-1.2825639
c_1_48_1801,-0.66278416,-0.9320903
c_1_48_1803,-0.26718226,-0.12798433
c_1_48_1805,2.2441053,0.09522504
c_1_48_1806,4.943916,-0.6769583
c_1_48_1807,0.7583053,-0.5166613
c_1_48_1808,1.8291241,0.024151662
c_1_48_1809,2.005998,1.7979463
c_1_48_1810,1.398221,0.8370639
c_1_48_1811,3.0555809,-0.63029295
c_1_48_1812,2.766407,0.8211344
c_1_48_1813,0.012490584,1.9262128
c_1_48_1814,4.610097,0.7617822
c_1_48_1816,4.457251,0.777783
c_1_48_1817,4.457817,1.032545
c_1_48_1818,3.2433887,-0.030227292
c_1_48_1819,2.7060943,0.56529367
c_1_48_1820,7.150571,-1.1620487
c_1_48_1821,2.5362175,0.33274594
c_1_48_1822,3.4325836,-0.37637118
c_1_48_1823,2.753789,1.5916231
c_1_48_1825,5.693145,-0.1937576
c_1_48_1826,2.2299151,0.29477564
c_1_48_1827,3.5277638,1.3783572
c_1_48_1828,3.1115458,-0.45602965
c_1_48_1829,1.5431584,0.54771894
c_1_48_1830,3.3579972,0.9724892
c_1_48_1831,2.1174664,0.3146503
c_1_48_1832,1.1735356,-0.4163805
c_1_48_1833,-0.8344999,-3.6224957
c_1_48_1834,1.4736676,0.42209846
c_1_48_1835,3.0689769,1.100711
c_1_48_1836,4.4049344,0.7762287
c_1_48_1837,2.247471,-0.73548496
c_1_48_1838,3.3710377,1.1316998
c_1_48_1839,0.4819498,0.0089689465
c_1_48_1840,1.2635057,0.77680165
c_1_48_1841,2.98095,0.13335192
c_1_48_1842,1.01938,-0.6087141
c_1_48_1843,2.8350575,-1.3656958
c_1_48_1844,3.0490305,-0.9501687
c_1_48_1845,1.9394771,-1.128058
c_1_48_1846,-0.5421341,-4.1706862
c_1_48_1847,2.4992633,-0.93195885
c_1_48_1848,-1.2018247,-3.4942625
c_1_48_1849,3.1341407,0.60410964
c_1_48_1850,1.110884,-2.0919836
c_1_48_1851,0.98919374,-0.92730945
c_1_48_1852,0.9778049,1.0243499
c_1_48_1853,3.2243268,0.9452719
c_1_48_1854,1.0051806,0.31142247
c_1_48_1855,1.6536919,0.4973682
c_1_48_1856,4.8826365,-0.3239748
c_1_48_1857,2.2365863,0.014394807
c_1_48_1858,1.9777564,0.35965812
c_1_48_1859,1.1828912,0.1410482
c_1_48_1861,-0.48341396,-2.3137202
c_1_48_1862,1.8168511,0.31260976
c_1_48_1863,3.9322717,-0.60551083
c_1_48_1864,1.2750783,1.838939
c_1_48_1866,2.8511972,-0.3066919
c_1_48_1867,2.2985609,-1.2142947
c_1_48_1868,2.0416293,0.62840724
c_1_48_1869,0.58891064,-0.9240996
c_1_48_1870,-0.1866917,-2.767124
c_1_48_1871,0.37031057,1.4172912
c_1_48_1872,0.71412486,0.23488018
c_1_48_1873,1.6264883,-0.03198896
c_1_48_1874,-0.008772165,-0.6672028
c_1_48_1875,2.9791708,0.90322465
c_1_48_1876,1.1857946,2.0229783
c_1_48_1877,2.0323622,-1.7321283
c_1_48_1878,2.2241557,0.80203766
c_1_48_1879,0.35198912,-1.4709136
c_1_48_1880,5.7566395,-0.9277128
c_1_48_1881,1.8013339,0.91732264
c_1_48_1882,2.8782241,1.214007
c_1_48_1883,2.7625823,-0.36053866
c_1_48_1884,-0.52063733,1.8443873
c_1_48_1885,4.368866,0.09904519
c_1_48_1886,0.24459472,0.69949335
c_1_48_1887,-1.9135901,-2.4128318
c_1_48_1888,3.428052,-0.06229581
c_1_48_1889,2.215323,-2.7995996
c_1_48_1890,1.5912542,-0.24622002
c_1_48_1891,1.9762075,-1.1126964
c_1_48_1892,1.4440078,0.8107507
c_1_48_1893,-0.033175614,0.7529682
c_1_48_1894,0.87719357,1.602282
c_1_48_1895,2.4838977,-0.70081025
c_1_48_1896,1.092123,1.1445959
c_1_48_1897,0.8185135,0.7870495
c_1_48_1898,1.8266307,0.47087097
c_1_48_1899,2.1729581,-1.3716652
c_1_48_1900,0.47226116,1.3405105
c_1_48_1901,1.8281107,-0.13010503
c_1_48_1902,3.84652,-1.4002256
c_1_48_1903,1.2131207,-0.020176651
c_1_48_1904,-0.12601943,0.7047297
c_1_48_1905,3.1817906,0.5947221
c_1_48_1906,2.2481425,-0.44918314
c_1_48_1907,1.676789,0.6992152
c_1_48_1908,2.250071,0.50495017
c_1_48_1909,2.3995888,0.12794198
c_1_48_1910,2.0194573,0.8796362
c_1_48_1911,2.3367667,-0.1671972
c_1_48_1913,3.0637753,-0.86654663
c_1_48_1914,0.9165352,0.2710044
c_1_48_1915,5.0827785,0.381841
c_1_48_1916,2.1001816,-0.34253255
c_1_48_1917,2.3215303,1.6143765
c_1_48_1918,1.8053609,-0.9479287
c_1_48_1919,0.80140924,0.23259555
c_1_48_1920,2.1727545,-1.2389063
c_1_48_1921,3.3329527,0.98552144
c_1_48_1922,0.883768,-0.024908125
c_1_48_1923,1.8035944,-1.7421824
c_1_48_1924,-0.55018204,-3.1278849
c_1_48_1925,1.0340068,-2.574488
c_1_48_1926,5.644239,-0.69159496
c_1_48_1927,1.4519689,-1.7075832
c_1_48_1928,0.6952102,-0.39295536
c_1_48_1929,3.7033508,-0.06831137
c_1_48_1930,2.7471414,0.91974336
c_1_48_1931,0.83316267,-0.3495748
c_1_48_1932,0.69728684,-1.6563104
c_1_48_1933,0.8956453,0.045147706
c_1_48_1934,2.5598018,1.4084082
c_1_48_1935,3.923539,-2.354916
c_1_48_1936,3.3309252,-0.8253094
c_1_48_1937,4.3116927,-0.54148895
c_1_48_1938,2.8164635,1.2428969
c_1_48_1939,3.9151998,0.44130325
c_1_48_1940,0.7467162,0.9243403
c_1_48_1941,1.6249338,1.9293926
c_1_48_1942,-0.34610322,-1.107286
c_1_48_1943,2.2968962,1.0279604
c_1_48_1944,0.15935744,-2.8803313
c_1_48_1945,0.4193979,0.25323698
c_1_48_1946,2.4467893,0.3347347
c_1_48_1947,4.8643255,-0.5070522
c_1_48_1948,2.286763,0.40235457
c_1_48_1949,3.3757849,0.29246226
c_1_48_1950,-0.48903024,-1.2740571
c_1_48_1951,3.8735752,-0.37711832
c_1_48_1952,0.3030432,0.034353737
c_1_48_1953,2.898013,-0.0541163
c_1_48_1954,2.1993551,0.0088163465
c_1_48_1955,1.7030736,-1.5464501
c_1_48_1956,4.8295317,-0.39222765
c_1_48_1957,0.56382847,-0.016500745
c_1_48_1958,3.039924,0.53702027
c_1_48_1959,1.1952136,-0.81592274
c_1_48_1960,3.345841,0.81430286
c_1_48_1961,2.303502,-2.1081781
c_1_48_1962,2.7868898,0.1552365
c_1_48_1963,0.88648254,-0.3429039
c_1_48_1964,4.9767213,-0.17819345
c_1_48_1965,2.1212013,-0.42754334
c_1_48_1966,-0.29252765,-0.01976881
c_1_48_1967,1.1656947,2.1375487
c_1_48_1968,1.3852729,0.925958
c_1_48_1969,2.048001,0.14975333
c_1_48_1970,1.7915478,0.24258454
c_1_48_1971,1.5606683,-0.63241297
c_1_48_1972,2.951563,1.0691847
c_1_48_1973,3.8210897,0.07800414
c_1_48_1974,-0.5723942,1.2987493
c_1_48_1975,1.889173,-1.7307453
c_1_48_1976,1.634525,-0.4889971
c_1_48_1977,1.8137237,-0.30333152
c_1_48_1978,1.7964885,-0.48106492
c_1_48_1979,2.216425,-2.4957447
c_1_48_1980,-0.2251953,-0.69687134
c_1_48_1981,1.3457801,0.73944384
c_1_48_1982,-0.38433367,0.67046607
c_1_48_1983,2.2649064,0.30353177
c_1_48_1984,1.5845263,0.30624917
c_1_48_1985,6.0036445,0.28125277
c_1_48_1986,1.0314987,-3.1183877
c_1_48_1987,2.3719494,0.30684406
c_1_48_1988,2.7938318,0.98117346
c_1_48_1989,2.6203482,-2.9030168
c_1_48_1990,3.9472098,-0.8923553
c_1_48_1991,5.2933044,-0.17575815
c_1_48_1992,0.8540987,-0.5066694
c_1_48_1993,6.4027195,-2.6935828
c_1_48_1994,0.6695899,-2.4536846
c_1_48_1995,1.1657315,0.51921993
c_1_48_1996,1.1677105,-0.8605011
c_1_48_1997,1.668614,-1.7998419
c_1_48_1998,4.2720265,-2.1655571
c_1_48_1999,2.914558,-1.6714258
c_1_48_2000,0.8505534,-1.6656564
c_1_48_2001,3.3649,0.7170153
c_1_48_2002,4.86469,-2.2217617
c_1_48_2003,1.6565357,-0.29380333
c_1_48_2004,2.7747977,-0.5565254
c_1_48_2005,1.2801927,0.5665526
c_1_48_2006,4.7294087,-1.4379935
c_1_48_2007,3.227218,-0.33574036
c_1_48_2008,2.6010725,-1.5695876
c_1_48_2009,2.0797043,0.0875198
c_1_48_2010,1.3307914,-1.8799403
c_1_48_2011,4.0690284,1.0732683
c_1_48_2012,2.6015596,-0.99022704
c_1_48_2013,2.3821065,-0.94243926
c_1_48_2014,1.933821,-0.8389683
c_1_48_2015,0.6654365,0.15885837
c_1_48_2016,1.7347639,0.56628376
c_1_48_2017,5.270332,0.6497754
c_1_48_2018,-0.12516914,2.5562458
c_1_48_2019,0.8272009,0.03151637
c_1_48_2020,1.2371812,-0.22699374
c_1_48_2021,-1.4416817,-1.7666531
c_1_48_2022,0.23195675,1.4949381
c_1_48_2023,-3.011189,-1.6032718
c_1_48_2024,0.01589065,-1.814844
c_1_48_2025,-2.3593423,-1.7955673
c_1_48_2026,4.446339,-1.1178471
c_1_48_2027,0.9460345,0.3925378
c_1_48_2028,0.88115674,0.5222861
c_1_48_2029,-1.8768333,-2.4725735
c_1_48_2030,2.3284252,0.29616213
c_1_48_2031,4.911947,-3.4149604
c_1_48_2032,1.504546,1.0815201
c_1_48_2033,1.0551568,1.4999753
c_1_48_2034,-0.39647034,-1.2750341
c_1_48_2035,0.29681063,0.085986555
c_1_48_2036,0.95210534,-1.5021766
c_1_48_2037,3.7431076,-3.1577725
c_1_48_2038,1.1608471,0.46484295
c_1_48_2039,2.5896668,0.3770208
c_1_48_2040,0.6306995,-1.6211851
c_1_48_2041,2.5967607,0.15159006
c_1_48_2042,3.2950845,0.6687338
c_1_48_2043,0.44203416,1.025913
c_1_48_2044,1.2666787,0.64237857
c_1_48_2045,1.3356916,-1.0557417
c_1_48_2046,1.5282264,0.18431892
c_1_48_2047,4.7369647,0.48969424
c_1_48_2048,0.38358542,-1.2583873
c_1_48_2049,3.2664518,0.21095492
c_1_48_2050,4.1684194,-0.76309294
c_1_48_2051,3.4223366,0.32369515
c_1_48_2052,2.5803583,-0.36416757
c_1_48_2053,0.69086367,-0.8261073
c_1_48_2054,1.6229768,-1.7756172
c_1_48_2055,2.544823,-1.4136729
c_1_48_2056,0.72905916,-0.34913632
c_1_48_2057,2.1219811,-0.03586305
c_1_48_2058,0.7314218,0.03258303
c_1_48_2060,3.8195617,-0.055462573
c_1_48_2061,3.4235394,-0.7995485
c_1_48_2062,0.32820332,-0.1547309
c_1_48_2063,3.5901682,2.1467862
c_1_48_2064,0.55640304,0.70054483
c_1_48_2065,1.3434085,-0.9793244
c_1_48_2066,1.5799676,-2.6622605
c_1_48_2067,1.2219652,1.4600071
c_1_48_2068,2.6596608,0.48918596
c_1_48_2070,2.61594,-0.2217147
c_1_48_2071,1.642725,-0.06728763
c_1_48_2072,0.99528027,-2.7874427
c_1_48_2073,2.4703956,0.09908164
c_1_48_2074,0.66925126,-0.13548991
c_1_48_2075,-1.2155182,-0.28310972
c_1_48_2076,2.6891842,0.9156012
c_1_48_2077,3.0667796,0.32832035
c_1_48_2078,5.9583163,-0.78264654
c_1_48_2079,-0.26882958,-0.045706853
c_1_48_2080,0.97079885,1.180148
c_1_48_2081,1.1772912,-0.37066722
c_1_48_2082,0.32682735,0.52307796
c_1_48_2083,0.5672754,-0.74459344
c_1_48_2084,0.5445089,-2.8989105
c_1_48_2085,1.3851206,-1.0830706
c_1_48_2086,3.1867387,-0.036788594
c_1_48_2087,7.6379023,-0.34779045
c_1_48_2088,0.838002,-2.8693686
c_1_48_2089,1.5106289,-2.0775146
c_1_48_2090,0.9133937,0.38510138
c_1_48_2091,1.156611,-1.0504183
c_1_48_2092,-0.6971244,1.9375032
c_1_48_2093,2.2575605,-0.8369247
c_1_48_2094,2.7562006,-0.36943197
c_1_48_2095,3.4458518,-3.5393996
c_1_48_2096,4.7566376,-1.1494247
c_1_48_2097,0.18457441,-1.3930651
c_1_48_2098,0.84858507,0.2718382
c_1_48_2099,3.8838677,-0.38421318
c_1_48_2100,5.004068,-0.05078732
c_1_48_2101,2.2888649,-0.39319602
c_1_48_2102,-0.015806358,-3.101084
c_1_48_2103,-0.7500948,-0.38602826
c_1_48_2104,4.456029,-1.0160801
c_1_48_2105,2.5720053,-0.88851696
c_1_48_2106,0.65198004,-1.4930911
c_1_48_2107,0.15960793,1.2858168
c_1_48_2108,3.2681503,1.4401208
c_1_48_2109,4.3361316,0.4173032
c_1_48_2110,1.2648723,-1.366626
c_1_48_2111,-0.7244059,-1.3472444
c_1_48_2112,0.7903991,-0.3650157
c_1_48_2113,5.1534886,-0.141692
c_1_48_2114,-0.033031013,0.566493
c_1_48_2115,2.3607152,0.398589
c_1_48_2116,4.762261,-0.7960188
c_1_48_2117,0.13089181,0.792352
c_1_48_2118,4.4633937,0.9636942
c_1_48_2119,0.33402008,0.071424216
c_1_48_2120,-0.36191925,0.1339549
c_1_48_2121,0.81029785,-3.6422744
c_1_48_2122,3.868911,-0.54393464
c_1_48_2123,3.2625554,-2.2879999
c_1_48_2124,1.7786803,-0.48756975
c_1_48_2125,1.3120537,0.14383315
c_1_48_2126,4.6793375,-0.1075609
c_1_48_2127,3.4091928,-0.51317936
c_1_48_2128,2.068465,0.2343224
c_1_48_2129,0.3143442,-1.166012
c_1_48_2130,2.6188133,0.3941578
c_1_48_2131,4.1173215,-0.36701387
c_1_48_2132,4.3773847,0.51959646
c_1_48_2133,1.9094656,0.23856387
c_1_48_2134,3.6736765,0.068487205
c_1_48_2135,0.10895102,-0.5807634
c_1_48_2136,1.646243,-0.1489489
c_1_48_2137,0.07412044,1.3304819
c_1_48_2138,0.07638436,-0.34520286
c_1_48_2139,1.549364,1.0250471
c_1_48_2140,3.1426744,-1.0947016
c_1_48_2141,1.6080273,0.8477809
c_1_48_2142,3.8595994,-0.08961482
c_1_48_2143,3.77448,0.12341922
c_1_48_2146,2.6760247,-0.71304506
c_1_48_2147,-0.24341805,-1.6361676
c_1_48_2148,1.9897852,-1.3666532
c_1_48_2149,-0.06080272,1.354719
c_1_48_2150,1.0967515,-0.5510651
c_1_48_2151,2.7072608,0.01990618
c_1_48_2152,2.0182135,-0.9758945
c_1_48_2153,0.016600948,-0.9258614
c_1_48_2154,1.2325019,-0.6322319
c_1_48_2155,3.6109285,-0.38876742
c_1_48_2156,3.21916,1.0681115
c_1_48_2157,1.8218976,-0.3140804
c_1_48_2158,3.5100894,-0.8077678
c_1_48_2159,3.889934,0.20020926
c_1_48_2160,2.1969852,-0.08314363
c_1_48_2161,1.2353537,0.774183
c_1_48_2162,1.0705222,0.0590717
c_1_48_2163,0.62043947,-0.17384592
c_1_48_2164,2.0481377,-0.6389323
c_1_48_2165,0.40642017,-1.6948962
c_1_48_2166,3.0708027,-0.67491734
c_1_48_2168,1.8482019,-0.07260825
c_1_48_2169,3.792404,-0.80959326
c_1_48_2170,4.431815,-0.46713758
c_1_48_2171,3.1370454,-1.3470364
c_1_48_2172,1.6640893,0.22610316
c_1_48_2173,1.3072419,-0.22278158
c_1_48_2174,1.2897503,-0.058023673
c_1_48_2175,1.0468318,1.2798817
c_1_48_2176,-0.6368538,0.23582637
c_1_48_2177,2.7869217,0.12027375
c_1_48_2178,5.165171,-0.92873466
c_1_48_2179,1.6691948,0.9370073
c_1_48_2180,-0.3901103,-1.6481483
c_1_48_2181,-0.58908063,-2.5418546
c_1_48_2182,-0.8571266,0.48811814
c_1_48_2183,4.081475,0.2619044
c_1_48_2184,-0.4598902,0.873716
c_1_48_2185,-0.08819636,-0.15412576
c_1_48_2186,-0.19708176,-0.051146038
c_1_48_2187,1.6799461,-0.08134279
c_1_48_2188,0.7876488,0.1824222
c_1_48_2189,0.5767929,0.2718676
c_1_48_2190,0.46905681,-0.20615737
c_1_48_2191,2.927226,0.41942254
c_1_48_2192,2.216488,0.5978513
c_1_48_2193,-1.4666629,-2.4836202
c_1_48_2194,0.1895215,-0.76586956
c_1_48_2195,2.4828532,0.56563485
c_1_48_2196,2.2880626,1.5244918
c_1_48_2197,0.9999298,-0.28734773
c_1_48_2198,1.7362068,1.332935
c_1_48_2199,3.1832654,0.5401418
c_1_48_2200,1.4567403,-0.25413606
c_1_48_2202,2.9177675,0.2961815
c_1_48_2203,1.7784798,0.305488
c_1_48_2204,1.4706687,-2.4985278
c_1_48_2206,0.0047184196,0.40013397
c_1_48_2207,3.3648083,-1.7040453
c_1_48_2208,2.992774,-0.093273684
c_1_48_2209,0.28648925,0.42359367
c_1_48_2210,4.320453,-0.25231576
c_1_48_2211,2.3943367,0.49453408
c_1_48_2212,1.4381715,-0.7286241
c_1_48_2213,0.5105183,0.44248226
c_1_48_2214,1.0457705,-0.37395775
c_1_48_2216,2.156699,-0.6047785
c_1_48_2217,3.1550486,0.35881606
c_1_48_2218,5.5396357,1.0016896
c_1_48_2219,2.4244666,-1.9322783
c_1_48_2220,0.958867,-0.6495418
c_1_48_2221,2.6767838,1.6419879
c_1_48_2222,1.6868335,-1.2873875
c_1_48_2224,2.9203174,0.013256193
c_1_48_2226,0.8298015,-1.2188382
c_1_48_2227,0.06024807,0.2691146
c_1_48_2228,0.67823917,-0.99137145
c_1_48_2229,1.3783193,1.8660909
c_1_48_2230,-0.61697745,-1.4944031
c_1_48_2231,1.4047115,-0.6651731
c_1_48_2232,1.289269,-1.6757699
c_1_48_2233,1.3409686,-0.7820089
c_1_48_2234,1.4213735,0.10673427
c_1_48_2236,-0.16009781,0.07057052
c_1_48_2237,1.2965442,0.56007147
c_1_48_2238,2.0851026,0.021347651
c_1_48_2239,3.7967432,0.11035835
c_1_48_2241,-0.13835952,-0.30129462
c_1_48_2242,1.0819021,-0.33383435
c_1_48_2243,1.4859275,0.3543852
c_1_48_2244,1.8324963,-0.84050995
c_1_48_2245,3.7027314,0.6133043
c_1_48_2247,-2.8289983,-4.790716
c_1_48_2248,1.4484218,-0.5180925
c_1_48_2249,1.5757047,1.450649
c_1_48_2250,0.74445343,0.22129987
c_1_48_2251,-0.636245,-2.9222956
c_1_48_2252,1.0796721,-1.1985962
c_1_48_2253,2.0791388,0.006802587
c_1_48_2254,-1.0635551,1.3140285
c_1_48_2255,4.2601943,1.1226479
c_1_48_2256,-1.3633832,0.5039587
c_1_48_2257,5.6451707,0.22919883
c_1_48_2258,0.83301556,-1.7336965
c_1_48_2260,0.13037232,0.93592125
c_1_48_2261,2.990044,0.47177806
c_1_48_2263,2.270878,-0.083764374
c_1_48_2264,7.3977766,0.21272562
c_1_48_2265,0.94273454,-1.1620965
c_1_48_2267,3.4103823,2.4454525
c_1_48_2268,-0.3936171,-1.3310975
c_1_48_2269,1.8474883,-0.20211755
c_1_48_2270,0.4835746,-0.8010416
c_1_48_2271,-1.1815156,1.7991177
c_1_48_2272,4.616427,-1.9351547
c_1_48_2275,-0.49109426,1.2071788
c_1_48_2276,3.6512737,-0.77731824
c_1_48_2277,3.169837,-0.7723353
c_1_48_2278,-1.6735402,0.6380647
c_1_48_2279,-0.060136568,-1.3352644
c_1_48_2280,-0.8308669,-0.07815046
c_1_48_2281,-0.5286037,3.0030553
c_1_48_2282,0.0043262606,-1.9176971
c_1_48_2283,0.43783358,-1.4023982
c_1_48_2285,-0.5509137,-0.18096817
c_1_48_2286,1.6734668,-0.18436001
c_1_48_2287,0.7921472,1.7836157
c_1_48_2288,-0.5468641,-0.33089644
c_1_48_2289,-0.20680083,-1.4047985
c_1_48_2290,1.0158352,-0.16503066
c_1_48_2291,0.6179928,0.077553056
c_1_48_2292,-0.45447987,-0.35633463
c_1_48_2293,0.24097458,-0.15097743
c_1_48_2294,-0.38251042,0.008680226
c_1_48_2295,-0.45317048,0.106506646
c_1_48_2296,3.1996794,0.55991954
c_1_48_2297,-0.5150643,-2.7975066
c_1_48_2298,2.5156844,-2.060357
c_1_49_2,0.85413367,-2.6789615
c_1_49_3,1.8066308,-1.2939653
c_1_49_4,1.3766091,-1.2806206
c_1_49_5,-1.574701,-0.5533623
c_1_49_6,0.24246496,0.3636559
c_1_49_7,-0.29480216,-3.3604596
c_1_49_8,2.0231,-1.3802074
c_1_49_9,0.099681616,-0.22749056
c_1_49_11,-0.67907983,-2.0800476
c_1_49_12,0.5586239,-0.5766247
c_1_49_13,-1.7889178,-0.52633387
c_1_49_14,-1.4062976,-0.23222606
c_1_49_15,2.0245767,-1.1807255
c_1_49_18,-2.259992,1.6637462
c_1_49_19,-0.9741713,-1.3764803
c_1_49_20,-0.27207127,0.91262656
c_1_49_22,0.6861358,0.13372423
c_1_49_23,-0.72426856,1.5667359
c_1_49_24,-0.07285435,0.028360745
c_1_49_25,-0.7347668,-0.44420478
c_1_49_26,-0.19674289,0.47303486
c_1_49_27,-0.3539376,-0.97880435
c_1_49_28,0.09649793,-1.1208131
c_1_49_29,0.5565615,0.65489453
c_1_49_30,3.2849476,-0.93937165
c_1_49_31,-0.023656804,-0.6074447
c_1_49_32,0.7285986,0.52059084
c_1_49_33,1.0833961,0.42248866
c_1_49_34,0.054525472,-1.4053644
c_1_49_35,0.1873596,-1.055057
c_1_49_36,-0.25759372,0.3411012
c_1_49_37,0.7687025,-0.8813286
c_1_49_38,-0.7438696,0.49753383
c_1_49_39,-2.087631,-3.0662854
c_1_49_40,0.054514043,0.04077522
c_1_49_41,0.79486287,0.52529263
c_1_49_42,-0.4512169,-0.22234203
c_1_49_43,2.3754373,-2.3511307
c_1_49_44,-0.4703323,-0.10395393
c_1_49_45,2.417193,0.08385463
c_1_49_46,0.102603994,-0.049138814
c_1_49_47,0.6093782,0.5006898
c_1_49_48,0.5657326,0.19970669
c_1_49_49,1.1491488,0.48044652
c_1_49_50,0.057078253,-0.065132454
c_1_49_51,0.89069,-0.26224422
c_1_49_53,-0.3984611,0.110789806
c_1_49_54,-0.5364479,-0.5726325
c_1_49_55,-0.057419688,-1.7700227
c_1_49_56,0.37336338,-0.78090215
c_1_49_57,-0.6068394,-1.0563059
c_1_49_58,0.806821,1.0452608
c_1_49_59,0.79599434,-0.35603595
c_1_49_60,0.56251246,-1.7725863
c_1_49_61,-0.41310441,1.2462579
c_1_49_62,-0.94748807,1.6974825
c_1_49_63,0.9877104,-0.18453142
c_1_49_64,0.3618579,-0.7254513
c_1_49_65,-0.075282514,0.6381985
c_1_49_66,0.96223503,-0.5054826
c_1_49_67,-0.29871926,0.95974016
c_1_49_68,0.37699166,0.23764086
c_1_49_69,-0.3584267,1.7618536
c_1_49_70,0.89108175,-0.48511675
c_1_49_71,0.44429472,0.21687186
c_1_49_72,1.0173119,0.11878409
c_1_49_73,-0.944554,0.69059366
c_1_49_74,2.0356162,-2.4064906
c_1_49_75,-0.11323333,-0.65789944
c_1_49_76,-1.181231,-0.31550106
c_1_49_77,-0.48624292,-0.21272297
c_1_49_78,-0.37781113,-0.8538635
c_1_49_79,1.9043097,1.3428874
c_1_49_80,1.6122863,0.79534364
c_1_49_81,1.4791647,-0.9756066
c_1_49_82,0.21796402,0.030492663
c_1_49_83,0.91751564,0.20700699
c_1_49_84,0.8183146,-0.19571733
c_1_49_85,-0.62565476,1.2303233
c_1_49_86,0.31832582,0.7088628
c_1_49_87,-1.0203842,0.33282673
c_1_49_89,1.0188767,-1.6077808
c_1_49_90,0.7326587,1.1125705
c_1_49_91,0.013625538,1.1021978
c_1_49_92,0.8701959,-0.5469014
c_1_49_93,-0.47172534,-0.33680853
c_1_49_94,-0.6428429,-0.067306
c_1_49_95,-0.80537397,0.56198895
c_1_49_96,0.20072767,0.54177946
c_1_49_97,0.12504528,-0.25135103
c_1_49_98,-0.7265105,-0.05727164
c_1_49_99,2.852647,-0.33437002
c_1_49_100,0.27478993,1.834203
c_1_49_101,0.057385676,0.93329626
c_1_49_102,-2.045097,-1.5351143
c_1_49_103,-1.0151014,0.92578036
c_1_49_104,0.28245717,-0.27612817
c_1_49_105,0.54391074,-0.11621139
c_1_49_106,-0.45202875,-0.23123732
c_1_49_107,-1.0715646,0.064154886
c_1_49_108,-0.15748845,0.530783
c_1_49_109,-0.38064075,0.5960952
c_1_49_110,-1.2288018,-0.8588176
c_1_49_111,2.0867589,-2.1358218
c_1_49_112,-1.3024846,2.528796
c_1_49_113,-0.42682192,0.7061604
c_1_49_114,1.0628004,-0.28839976
c_1_49_115,-0.93646234,0.5831575
c_1_49_116,-1.613654,-0.5659142
c_1_49_117,0.44188103,1.2210057
c_1_49_118,0.1343562,-0.8911381
c_1_49_119,-2.5306962,-0.47067347
c_1_49_120,-1.959167,0.6868389
c_1_49_121,0.10565276,0.5279045
c_1_49_122,-0.37056446,-0.8234361
c_1_49_123,-0.03879173,0.15088816
c_1_49_124,1.8768524,-2.1885917
c_1_49_125,-1.5659307,-1.3430557
c_1_49_126,0.5720473,-0.6550696
c_1_49_127,-0.9367501,-1.1326947
c_1_49_128,0.51789325,-0.10873856
c_1_49_129,0.5606213,0.5048965
c_1_49_130,-1.3430549,0.33321533
c_1_49_131,0.27337843,-0.13626076
c_1_49_132,-1.7659508,-0.46833766
c_1_49_133,0.5134173,-1.43122
c_1_49_134,1.137548,-0.4665317
c_1_49_135,2.2186048,-1.1191566
c_1_49_136,-0.33446258,-2.594443
c_1_49_137,-0.61656356,0.0027031114
c_1_49_138,0.5942947,0.34416017
c_1_49_139,0.08410462,1.6816338
c_1_49_140,1.8892071,-1.8423171
c_1_49_141,-0.865285,0.16500677
c_1_49_142,-0.8482971,0.4332356
c_1_49_143,-0.043079555,0.5599182
c_1_49_144,0.4136428,-0.44291663
c_1_49_145,0.13888411,-1.7951741
c_1_49_146,0.21744436,0.20775257
c_1_49_147,0.1427474,-0.15460093
c_1_49_148,-0.85124177,-0.67887384
c_1_49_149,-0.19859363,-0.16814879
c_1_49_150,1.3943638,-1.7799128
c_1_49_151,-0.18395075,0.39943984
c_1_49_152,-0.7740289,1.9176465
c_1_49_153,2.1248214,-1.5175483
c_1_49_154,-0.7974679,-1.2499506
c_1_49_155,0.67483205,-1.7594402
c_1_49_156,1.3410399,-0.40675947
c_1_49_157,-0.56677026,0.498657
c_1_49_158,-1.572225,0.6197159
c_1_49_159,1.3825471,-1.5925107
c_1_49_160,-0.5945966,0.28096825
c_1_49_161,1.6050622,-0.058466442
c_1_49_162,0.9521889,0.4095434
c_1_49_163,-1.1710018,0.53222847
c_1_49_164,0.33425862,0.17076902
c_1_49_167,3.204935,-3.1116972
c_1_49_168,-3.0837758,-3.8022332
c_1_49_169,-0.050596967,0.46048743
c_1_49_170,0.14505355,1.509638
c_1_49_171,-0.22543795,-1.060078
c_1_49_172,-0.8590469,3.1122105
c_1_49_173,1.8689166,0.9957926
c_1_49_174,-0.024966093,0.43340507
c_1_49_175,-0.3936328,0.30009022
c_1_49_176,0.8955455,-0.115182064
c_1_49_177,-0.91491985,1.6421938
c_1_49_178,-1.9895753,1.6492927
c_1_49_179,2.1260717,-0.24151804
c_1_49_180,-0.13839789,0.13576199
c_1_49_181,3.12058,-2.416853
c_1_49_182,-1.04517,1.0553324
c_1_49_183,-1.293536,2.1599689
c_1_49_185,1.6032764,0.1523104
c_1_49_186,0.19441845,-0.5574659
c_1_49_187,0.018072065,-1.6399034
c_1_49_188,0.4311571,-2.1690202
c_1_49_189,-1.955835,1.7153087
c_1_49_190,-0.081716955,1.064088
c_1_49_191,3.2773006,-2.4785628
c_1_49_192,-1.4889861,1.2496402
c_1_49_193,-1.7213649,0.11987421
c_1_49_194,-2.1402402,1.7525406
c_1_49_195,-1.9607788,2.163419
c_1_49_196,-0.8391541,-0.31327426
c_1_49_197,-0.620255,1.3153319
c_1_49_198,-1.2937088,2.4183884
c_1_49_199,-0.062245898,0.7904724
c_1_49_200,-0.028735,0.18498275
c_1_49_201,-3.2278981,-0.6360138
c_1_49_202,-0.45319772,0.24577756
c_1_49_203,-0.12427333,0.8525283
c_1_49_204,0.01598012,1.2712394
c_1_49_205,-1.6027237,3.6665661
c_1_49_206,-0.90902257,-0.6183096
c_1_49_207,-1.4218787,2.6251168
c_1_49_208,-1.4369985,0.8586135
c_1_49_209,-1.1461647,0.92691237
c_1_49_210,-0.32458127,-0.07247277
c_1_49_211,-0.7902359,2.4555547
c_1_49_212,-1.3625551,0.5759521
c_1_49_213,-2.65546,3.067464
c_1_49_214,-0.38997665,2.1299982
c_1_49_215,-3.2595568,3.562591
c_1_49_216,-0.2548091,-1.1401666
c_1_49_217,-0.0010504132,0.17426212
c_1_49_218,-0.9161887,1.6574981
c_1_49_219,-1.3941385,3.2605057
c_1_49_220,-2.650254,3.1113813
c_1_49_221,1.3498794,0.30108002
c_1_49_222,-1.0782261,-0.653087
c_1_49_223,-2.1674619,2.8793433
c_1_49_224,-0.01707269,0.8259935
c_1_49_225,-1.3682679,-1.4366976
c_1_49_226,-2.1907692,-1.0002265
c_1_49_227,0.07509352,0.6341095
c_1_49_228,0.37889576,0.40507087
c_1_49_229,-1.5552546,2.8732445
c_1_49_230,-0.1421106,1.4095981
c_1_49_231,0.20727478,0.16872525
c_1_49_232,0.6731143,0.91772836
c_1_49_233,0.5447012,1.9931611
c_1_49_234,-1.3916936,1.9524559
c_1_49_235,-0.7655166,1.2724465
c_1_49_236,-0.9182706,0.7385995
c_1_49_237,-1.5505974,1.0893598
c_1_49_238,-0.07288399,-0.11449911
c_1_49_239,-1.3432857,0.57839847
c_1_49_240,1.4479992,-1.8168391
c_1_49_241,-0.66534907,0.23481731
c_1_49_242,-2.183695,2.355442
c_1_49_243,-0.6840329,0.95184577
c_1_49_244,-1.0455244,0.78513104
c_1_49_245,-0.065825075,0.36970037
c_1_49_246,-1.1081806,0.10908037
c_1_49_247,-1.856722,2.540542
c_1_49_248,0.16433759,-0.9609058
c_1_49_249,-1.3957392,0.13807309
c_1_49_250,-0.7312071,-1.2242144
c_1_49_251,-0.3436384,0.5880087
c_1_49_252,-0.7232441,-1.5785279
c_1_49_253,-1.7440066,-1.5020914
c_1_49_254,-0.78396153,1.6419649
c_1_49_255,-1.6753793,1.3190153
c_1_49_256,1.5019099,-2.195838
c_1_49_257,-1.8887612,1.5464485
c_1_49_258,0.011839382,-0.24300075
c_1_49_259,-0.10106203,0.14990029
c_1_49_260,1.0462056,-0.72039497
c_1_49_261,1.4065627,0.14501263
c_1_49_262,1.9289421,-0.84178764
c_1_49_263,-1.1764176,0.7891211
c_1_49_264,-1.0713007,1.241986
c_1_49_265,-0.406813,-0.47645527
c_1_49_266,-0.023476481,0.38168356
c_1_49_267,-1.5649832,0.4438512
c_1_49_268,-0.9297105,-0.87870985
c_1_49_269,0.7827043,0.3050693
c_1_49_270,-2.0309474,-0.42860568
c_1_49_271,-0.9968108,-0.3477383
c_1_49_272,-1.7412257,-1.0803676
c_1_49_273,-1.658709,2.270928
c_1_49_274,-1.354716,1.3019323
c_1_49_275,-0.47666013,-0.027118688
c_1_49_276,0.531247,-1.1317112
c_1_49_277,-1.1387388,1.7587496
c_1_49_278,-2.1202295,1.7754595
c_1_49_279,-0.68644184,0.7621867
c_1_49_280,-0.73864007,1.7961649
c_1_49_281,0.027928276,0.23038498
c_1_49_282,-1.5348239,2.8049052
c_1_49_283,-1.5145831,1.4562536
c_1_49_284,-2.0800176,2.6975489
c_1_49_285,-1.2795894,1.509268
c_1_49_286,-1.2331519,1.7198861
c_1_49_287,-0.8829912,2.7170434
c_1_49_288,-1.3943057,1.530228
c_1_49_289,-1.020433,2.1278336
c_1_49_290,-0.9992405,0.14886194
c_1_49_291,-1.0911711,-0.7621072
c_1_49_292,-1.5017238,2.1646369
c_1_49_293,-1.1339391,2.4002073
c_1_49_294,-1.9663285,2.203555
c_1_49_295,-1.3813155,1.3198273
c_1_49_296,-1.5929947,1.311297
c_1_49_297,1.5161141,-0.37725976
c_1_49_298,-1.5794346,-1.2700053
c_1_49_299,-1.9749925,2.5949192
c_1_49_300,-1.8228579,2.595852
c_1_49_301,-0.78030735,0.24322465
c_1_49_302,-1.8641865,1.0388753
c_1_49_303,-1.2225955,0.9757259
c_1_49_304,0.100086905,1.4780436
c_1_49_305,-1.5340604,0.95384765
c_1_49_307,1.0202576,-0.043281153
c_1_49_308,-0.39138764,4.034346
c_1_49_309,-1.57769,1.0038235
c_1_49_310,-0.7107825,0.70178986
c_1_49_311,-1.2252843,0.9880572
c_1_49_312,-0.9860009,3.2227716
c_1_49_313,-1.9663117,1.6496915
c_1_49_314,0.196551,2.4052184
c_1_49_315,-1.829243,1.7225944
c_1_49_316,-0.6882586,2.2811687
c_1_49_317,-0.6200888,0.38907728
c_1_49_318,0.87441236,-1.4758862
c_1_49_319,-1.2819853,-1.122993
c_1_49_320,-0.59445715,0.910678
c_1_49_321,-2.8897433,0.0056513827
c_1_49_322,-1.4793258,3.3226476
c_1_49_323,-1.4482565,2.7506483
c_1_49_324,-1.7542356,2.064119
c_1_49_325,-1.4129097,2.6550293
c_1_49_326,0.24837266,-0.008540052
c_1_49_327,-1.5556979,1.6161845
c_1_49_328,0.23676422,-0.2031293
c_1_49_329,-0.94573194,0.6226681
c_1_49_330,-1.7038169,4.09812
c_1_49_331,-0.49724275,-1.3376075
c_1_49_332,0.59145254,0.35449058
c_1_49_333,2.2145119,-2.0057259
c_1_49_334,-1.3902285,1.7458041
c_1_49_336,-2.3420439,0.68548006
c_1_49_337,-1.2057391,1.4046613
c_1_49_339,-1.8049601,-0.31147116
c_1_49_341,-0.15693253,0.22602783
c_1_49_342,-0.87223554,0.86000466
c_1_49_343,-0.64266664,0.88346636
c_1_49_344,-1.0582672,0.025071627
c_1_49_345,0.7346339,1.5024518
c_1_49_346,-0.5495762,-0.111091256
c_1_49_347,1.0120503,0.64398944
c_1_49_348,-0.79867876,-0.20463502
c_1_49_349,-4.2949557,-4.2820263
c_1_49_350,-0.043193087,1.5100219
c_1_49_351,-2.1259673,-2.2166204
c_1_49_352,0.48083887,-0.9172009
c_1_49_353,-1.044458,0.76663536
c_1_49_355,1.5097655,0.5905723
c_1_49_356,-1.9401935,2.2450967
c_1_49_357,-1.9214098,2.8340592
c_1_49_358,-1.4637069,1.6675906
c_1_49_359,-1.9761205,2.4261348
c_1_49_360,-1.7400842,2.8415434
c_1_49_361,-0.37897778,0.37560153
c_1_49_362,0.007990098,-0.4405269
c_1_49_363,-0.96921927,1.7996259
c_1_49_364,-2.5446239,2.4798858
c_1_49_365,-0.7262263,1.8879012
c_1_49_366,-0.63660115,1.069836
c_1_49_367,-1.5795878,2.4881415
c_1_49_368,-1.9611431,1.4102671
c_1_49_369,-1.4965923,0.6293422
c_1_49_370,-2.1316295,2.19923
c_1_49_371,-1.6693316,0.58500636
c_1_49_372,0.20145631,0.78026223
c_1_49_373,-1.279188,2.3309727
c_1_49_374,0.08502079,1.2732575
c_1_49_376,-0.5887612,1.0145875
c_1_49_377,-2.6061883,2.0697384
c_1_49_378,-0.013509627,0.5377514
c_1_49_379,-2.8767066,5.015528
c_1_49_380,-4.285448,-6.386264
c_1_49_381,-0.62847275,1.3204342
c_1_49_383,-0.53948677,1.6227255
c_1_49_384,-1.7414935,2.6365712
c_1_49_385,0.6365106,-1.2031971
c_1_49_386,-1.3376962,1.8141031
c_1_49_388,-1.6848788,2.3291237
c_1_49_389,-0.8944094,3.0345085
c_1_49_390,-2.104427,2.1281419
c_1_49_391,-5.831934,-6.2024803
c_1_49_392,-0.012410995,0.21403307
c_1_49_393,-1.8838532,1.5882664
c_1_49_394,-0.8200848,1.3176533
c_1_49_395,0.52161545,-1.5976244
c_1_49_396,0.27572116,-0.17256643
c_1_49_397,1.1430132,-0.8137678
c_1_49_398,-1.1616095,2.147523
c_1_49_399,-1.4380703,0.5553989
c_1_49_400,-2.1670978,3.3437214
c_1_49_401,-1.0841769,2.427663
c_1_49_402,-1.4295659,2.4602687
c_1_49_403,-1.933233,1.9866353
c_1_49_404,0.20589764,-0.74510026
c_1_49_405,-0.3256734,2.4933941
c_1_49_406,-1.0584613,1.5313327
c_1_49_408,0.21450266,1.0301092
c_1_49_409,-1.0641679,0.50186545
c_1_49_410,-1.8730909,0.9334485
c_1_49_411,-1.3356098,2.3395522
c_1_49_412,-1.4593807,0.5172238
c_1_49_413,0.2573507,1.3491879
c_1_49_415,-1.6728432,0.80992126
c_1_49_417,-1.6339335,0.6753592
c_1_49_418,-1.3489823,1.6430345
c_1_49_419,-0.5283288,0.06853574
c_1_49_420,-2.0989847,1.6876706
c_1_49_421,-2.1627812,-0.6496359
c_1_49_422,-1.0668572,-0.33034703
c_1_49_423,-1.9294821,1.424727
c_1_49_425,0.46626106,-3.2533252
c_1_49_426,0.2370375,0.8699995
c_1_49_427,-1.0940171,1.311041
c_1_49_428,-1.7721394,2.7466054
c_1_49_429,-1.894286,2.3119235
c_1_49_430,-1.9181391,-1.1986762
c_1_49_431,-1.3678553,1.3201029
c_1_49_432,-2.0170908,1.953053
c_1_49_433,-0.33275983,0.07793669
c_1_49_434,-2.5570667,1.1545446
c_1_49_435,-1.3853164,2.0289485
c_1_49_436,-2.6726193,2.6494827
c_1_49_437,-1.3856916,3.3255348
c_1_49_438,-1.0527134,3.3951342
c_1_49_439,-1.228656,3.2496717
c_1_49_440,-0.8060518,2.5377107
c_1_49_441,-1.2228643,1.5572078
c_1_49_442,-1.110136,2.1793694
c_1_49_444,-1.1660784,2.4636397
c_1_49_445,-1.0616107,2.2861845
c_1_49_446,-1.9603542,2.3595
c_1_49_447,-2.534747,1.1258332
c_1_49_448,-2.5795581,2.137551
c_1_49_449,-1.4266841,2.8060882
c_1_49_450,-1.039229,3.1378324
c_1_49_451,-1.8508433,2.3706806
c_1_49_454,-1.559627,3.3446505
c_1_49_455,-1.1860596,-0.1032718
c_1_49_456,-0.7087502,2.6453016
c_1_49_457,-0.24764997,2.457588
c_1_49_458,-0.1916395,0.50688386
c_1_49_459,-0.4350962,1.3352437
c_1_49_460,-2.2139642,4.1736917
c_1_49_461,0.0822315,0.939117
c_1_49_462,-0.95076084,0.6724474
c_1_49_463,-1.4924798,1.9995071
c_1_49_464,-0.8090513,3.4681919
c_1_49_465,-2.1645296,3.1701856
c_1_49_466,-0.8255204,1.6037444
c_1_49_467,-1.6505765,1.8923512
c_1_49_468,-1.0725427,1.5741931
c_1_49_469,-1.2461231,2.103767
c_1_49_470,-0.40463457,1.0171915
c_1_49_471,0.048630487,0.6168744
c_1_49_472,-0.83581483,1.0995996
c_1_49_473,0.12658778,2.934455
c_1_49_474,-0.9872121,2.0166514
c_1_49_475,-1.0949155,0.67004186
c_1_49_476,-0.97759026,0.44955122
c_1_49_477,-1.31164,1.5612712
c_1_49_478,-1.2365193,1.9254972
c_1_49_479,-1.3041519,1.2522421
c_1_49_480,-0.9759393,0.69693834
c_1_49_481,-0.38594967,0.44171724
c_1_49_482,-2.0801766,0.6194465
c_1_49_483,-1.1185852,-0.068628
c_1_49_484,-0.95714825,2.1569953
c_1_49_485,-1.3207483,0.25585988
c_1_49_486,-0.922087,1.4214875
c_1_49_487,0.07693036,0.32077256
c_1_49_488,-0.7373077,1.1597927
c_1_49_489,-0.45187175,2.5122414
c_1_49_490,-1.1025745,0.9186971
c_1_49_492,-1.074287,1.6242459
c_1_49_493,-1.0363706,0.29409552
c_1_49_494,-1.4351431,1.831403
c_1_49_495,-1.9376462,1.9554756
c_1_49_496,-2.0194762,2.4195256
c_1_49_497,-2.9211705,2.2513049
c_1_49_498,-1.7050315,-0.94955176
c_1_49_499,-2.2501855,1.4978058
c_1_49_500,-1.1666241,-0.5623542
c_1_49_501,-0.18986195,1.3898312
c_1_49_502,-0.8230889,-0.094653495
c_1_49_503,-1.537231,1.7240506
c_1_49_505,-1.3601462,0.49907467
c_1_49_506,-2.2028987,-0.12537743
c_1_49_508,-0.5079684,1.173411
c_1_49_509,-1.9952941,1.8914034
c_1_49_510,-1.6931067,2.7442012
c_1_49_511,-2.4300394,1.8871505
c_1_49_512,-2.1421368,0.8981977
c_1_49_513,-1.0493968,1.6712877
c_1_49_515,-0.6047034,0.6585663
c_1_49_516,-1.2494941,1.892878
c_1_49_517,-1.3918419,1.1985599
c_1_49_518,-1.8522553,1.9611249
c_1_49_519,-0.8467624,0.476396
c_1_49_520,-0.7462889,2.5788803
c_1_49_521,-1.386696,2.637205
c_1_49_523,-2.4975011,0.69668776
c_1_49_524,-2.094955,3.5018005
c_1_49_525,-0.8003078,2.634595
c_1_49_526,-0.64626485,0.6491353
c_1_49_527,-1.605409,0.46999216
c_1_49_528,-1.6761218,2.5038264
c_1_49_530,-3.0873811,3.7626069
c_1_49_531,0.6915796,0.63737226
c_1_49_532,0.106625095,-0.4364116
c_1_49_533,0.34591666,1.3555189
c_1_49_534,-2.2714732,1.9284946
c_1_49_535,-1.0236269,0.65274304
c_1_49_536,-0.7340864,3.1178234
c_1_49_537,-3.1400163,3.6803722
c_1_49_539,0.32061303,0.34966695
c_1_49_540,-1.44671,2.0528138
c_1_49_541,-2.8915594,-2.5071461
c_1_49_542,-1.2493138,0.25482002
c_1_49_543,-1.6005747,1.3474553
c_1_49_544,-1.494074,2.8685052
c_1_49_545,-1.5276968,0.6927059
c_1_49_546,-1.2315357,0.9164307
c_1_49_547,-0.75520444,2.5307925
c_1_49_548,-1.5169123,-0.16327758
c_1_49_549,-2.2033634,1.0300847
c_1_49_550,0.13403815,-0.5254295
c_1_49_551,0.20869602,-0.044528317
c_1_49_552,0.014350798,0.20888713
c_1_49_553,-0.87896127,0.51739067
c_1_49_554,-0.7059854,-0.6046236
c_1_49_555,-0.8371068,1.5036945
c_1_49_556,0.12026557,0.36544347
c_1_49_557,-2.6426008,4.140343
c_1_49_558,-1.4305038,2.8484201
c_1_49_559,-2.5666902,0.66014075
c_1_49_560,-1.0709924,2.3653316
c_1_49_561,-1.75774,0.01088435
c_1_49_562,-0.8158813,2.265354
c_1_49_563,-1.0288756,0.052968856
c_1_49_564,-1.0822942,0.98533744
c_1_49_565,-1.9964119,0.38597095
c_1_49_566,-1.9743639,3.207475
c_1_49_567,1.6784761,-0.21972473
c_1_49_568,-1.3762481,1.724745
c_1_49_569,-2.122628,-1.6661266
c_1_49_570,0.3096539,2.331964
c_1_49_571,-2.7997913,1.4648468
c_1_49_572,-0.88414043,1.4655783
c_1_49_573,-1.1518259,0.280179
c_1_49_574,-1.59208,-0.28492534
c_1_49_576,-0.67349,-0.11335898
c_1_49_577,-2.020339,1.4294244
c_1_49_578,-2.3717282,0.19742653
c_1_49_579,-0.10306959,2.019141
c_1_49_580,-2.0383942,3.6077874
c_1_49_581,-0.8716802,1.4956673
c_1_49_582,-0.57542175,0.51246357
c_1_49_583,-2.0940433,2.1815255
c_1_49_584,-0.3831145,1.6246979
c_1_49_585,-1.7808491,1.1573884
c_1_49_586,-2.1624513,1.0672354
c_1_49_587,-4.4138975,-4.176114
c_1_49_588,-0.9755977,0.41855523
c_1_49_590,-2.387897,0.7497347
c_1_49_591,-1.9939849,0.8956375
c_1_49_592,-0.9903754,0.7098076
c_1_49_593,-1.9071668,-0.4030284
c_1_49_594,-0.10501988,-0.7244035
c_1_49_596,-2.6849263,2.2282035
c_1_49_597,-1.2095896,2.0084522
c_1_49_598,-1.4572575,0.6769938
c_1_49_599,-0.41392028,0.77650017
c_1_49_600,-1.1329625,1.0924219
c_1_49_601,-0.7618286,1.1525943
c_1_49_602,-1.89274,1.2850245
c_1_49_603,-1.8904648,1.0561271
c_1_49_604,-1.7215823,2.1845853
c_1_49_605,-1.4584017,1.6030153
c_1_49_606,-3.3144896,-3.0076826
c_1_49_607,-1.6495082,0.9288431
c_1_49_608,-1.2865243,0.7440447
c_1_49_610,-1.1964357,0.76153916
c_1_49_612,-0.6372351,1.0982451
c_1_49_613,-0.098603785,1.8912023
c_1_49_617,2.8565743,0.35915408
c_1_49_619,-0.28044012,0.39308876
c_1_49_620,2.210658,-1.2535836
c_1_49_621,2.393412,0.7247088
c_1_49_622,1.7295529,0.19080032
c_1_49_624,1.1146337,0.9425168
c_1_49_626,1.7042749,1.6190481
c_1_49_628,0.10157312,2.2214253
c_1_49_630,-0.9743466,0.42526492
c_1_49_631,0.46750176,0.61306864
c_1_49_634,1.6585112,-0.54781777
c_1_49_637,1.6855936,-0.42770508
c_1_49_638,-0.6764283,-0.3315542
c_1_49_639,1.8749269,0.24255644
c_1_49_640,0.19683617,-2.0137787
c_1_49_641,4.238616,-0.42742598
c_1_49_642,2.603632,-0.02458714
c_1_49_643,0.5822769,-2.2101982
c_1_49_645,0.6840557,0.98408693
c_1_49_646,3.657848,1.6858569
c_1_49_647,1.1169758,0.5623619
c_1_49_648,0.81106555,1.0794413
c_1_49_649,1.9004394,-0.01577344
c_1_49_650,-1.3448278,-0.329666
c_1_49_651,2.4951384,-0.14295407
c_1_49_652,1.7334088,-1.4295212
c_1_49_653,0.36607337,-0.89447737
c_1_49_654,1.0082613,2.311092
c_1_49_655,2.4761791,1.3931569
c_1_49_656,3.0637677,0.24487482
c_1_49_657,0.093247145,-0.56594306
c_1_49_658,3.6597993,0.2978594
c_1_49_659,0.32926854,0.52513874
c_1_49_660,1.1875123,0.06295746
c_1_49_661,0.08378639,1.1816418
c_1_49_662,1.0173327,-0.39799917
c_1_49_663,0.61564887,-0.7874234
c_1_49_664,1.2136114,-0.08875821
c_1_49_665,3.2038171,0.56308126
c_1_49_666,3.1707654,0.44539237
c_1_49_667,0.7759651,0.43830442
c_1_49_668,0.58870757,-0.04025115
c_1_49_669,0.251522,-0.5662266
c_1_49_670,-0.32731232,-0.77025676
c_1_49_671,3.7490504,-3.779573
c_1_49_672,2.5402548,-2.842125
c_1_49_673,-0.5015764,-0.20093189
c_1_49_674,1.3516017,-0.14484636
c_1_49_675,2.7963066,1.1191314
c_1_49_676,1.3205628,-1.3500189
c_1_49_677,1.3224212,0.033830106
c_1_49_678,2.8944273,0.43043497
c_1_49_679,0.038110532,-0.27729687
c_1_49_680,0.08390872,0.40415743
c_1_49_681,0.33136427,0.10311081
c_1_49_682,2.452425,-0.77533066
c_1_49_683,2.1407132,2.0869968
c_1_49_684,3.1418028,1.2146586
c_1_49_685,1.5251992,-0.7208906
c_1_49_686,0.025316764,0.47051725
c_1_49_687,0.7841185,-0.40896416
c_1_49_688,1.4050597,-0.71912116
c_1_49_689,2.475746,0.7131228
c_1_49_690,0.31730965,-0.59423035
c_1_49_691,4.4939103,0.4197591
c_1_49_692,0.24441321,-0.19756484
c_1_49_693,0.8370239,-0.23580028
c_1_49_694,5.3412623,1.0106462
c_1_49_695,1.579039,-0.7599363
c_1_49_696,2.9550192,0.04431496
c_1_49_697,1.7476307,2.0609405
c_1_49_698,3.4911623,-1.157411
c_1_49_699,0.09815542,0.5992259
c_1_49_700,0.28254882,-1.540272
c_1_49_701,0.2844175,0.9117777
c_1_49_702,1.5703517,0.9953568
c_1_49_703,0.10956805,0.7570037
c_1_49_704,0.7912762,-0.018027702
c_1_49_705,3.4908066,0.5027109
c_1_49_706,1.4126519,0.79215044
c_1_49_707,1.6009285,-1.7122809
c_1_49_708,2.0332856,1.3905499
c_1_49_709,3.5973165,0.6595778
c_1_49_710,1.240771,-0.3755196
c_1_49_711,1.1492839,-0.019902883
c_1_49_712,0.8484832,-0.13759246
c_1_49_713,3.7629733,-0.2522006
c_1_49_714,1.6984879,0.7586463
c_1_49_715,1.9166312,-1.2027657
c_1_49_716,4.0408745,0.72841513
c_1_49_718,0.9092154,1.1943866
c_1_49_719,1.9715642,0.7109707
c_1_49_720,0.011977211,-1.6245166
c_1_49_721,0.07032516,0.9325538
c_1_49_722,0.6680217,-0.67080384
c_1_49_723,1.0113423,-0.19820163
c_1_49_724,2.4142098,-0.35596615
c_1_49_725,2.0435956,0.98371226
c_1_49_726,0.6742221,0.47947437
c_1_49_727,0.691123,-0.32924432
c_1_49_728,0.61297375,-0.38967735
c_1_49_729,1.5387616,0.74756604
c_1_49_730,0.28590906,0.18839784
c_1_49_731,3.9325964,0.09642986
c_1_49_732,0.35505897,-0.1938322
c_1_49_733,-1.2103148,0.2837489
c_1_49_734,0.3412166,0.85532856
c_1_49_735,2.272854,1.6645564
c_1_49_736,1.6661949,-1.0149264
c_1_49_737,-0.62513745,-0.37088594
c_1_49_738,2.5730138,0.7301292
c_1_49_739,0.75477606,0.4971363
c_1_49_740,-1.0561254,0.72268105
c_1_49_741,1.655166,0.27198613
c_1_49_742,2.2583752,-0.69501185
c_1_49_744,-1.5365862,1.0137869
c_1_49_745,1.0864464,0.24804044
c_1_49_746,2.1082177,-1.8031974
c_1_49_747,3.5178843,-1.1784331
c_1_49_749,2.834126,-2.127054
c_1_49_750,2.261187,1.2975651
c_1_49_751,0.27441025,-0.8325749
c_1_49_752,1.1384561,-2.1471682
c_1_49_753,-2.2138612,-2.6714497
c_1_49_754,0.23466784,-0.4758486
c_1_49_755,-0.3073971,-0.6635746
c_1_49_756,0.6503141,0.15709645
c_1_49_757,-0.74133945,-0.19546062
c_1_49_758,0.05964944,1.1443897
c_1_49_759,2.8176951,-0.075434186
c_1_49_761,1.9366301,-0.37869638
c_1_49_762,1.3779714,-0.81481314
c_1_49_763,1.2930806,-1.1808782
c_1_49_764,-1.2992508,-2.0295892
c_1_49_765,1.3510929,-0.042147752
c_1_49_767,1.9010661,0.67868894
c_1_49_768,0.12967376,-2.0727901
c_1_49_769,1.1707106,0.073963076
c_1_49_770,1.3251294,0.2693249
c_1_49_771,0.6056808,-0.14259116
c_1_49_772,0.25483608,0.20894755
c_1_49_773,3.0671072,-0.3819426
c_1_49_774,0.690627,-0.3956221
c_1_49_775,-0.66219574,2.0305004
c_1_49_776,2.36469,0.11942218
c_1_49_777,0.13030034,-1.6129557
c_1_49_778,0.10241213,-0.03613679
c_1_49_779,0.85460526,0.119764835
c_1_49_780,0.7758839,-1.666566
c_1_49_782,0.7211944,0.43069878
c_1_49_784,0.26717076,-1.4040673
c_1_49_785,2.2160845,-0.974487
c_1_49_786,0.46872026,0.5771833
c_1_49_787,0.12826565,0.028615741
c_1_49_788,0.43045336,-0.28971967
c_1_49_789,0.6620946,0.06640156
c_1_49_790,0.46505895,1.479699
c_1_49_791,-0.69939363,-2.1038659
c_1_49_792,-0.47426102,-1.9146541
c_1_49_793,0.20040965,0.8070578
c_1_49_794,0.37352076,-3.0508378
c_1_49_795,0.040613785,0.7618326
c_1_49_796,-0.08527476,1.5412862
c_1_49_797,1.1588864,-1.4666182
c_1_49_798,2.5055168,-0.22570854
c_1_49_800,0.5705752,-0.071156584
c_1_49_801,0.8275926,0.44443768
c_1_49_802,0.35297143,-0.6570059
c_1_49_803,2.1976433,1.066148
c_1_49_804,0.51195294,0.06379781
c_1_49_805,0.71753895,-0.10246686
c_1_49_806,1.520713,1.2767497
c_1_49_807,1.6031642,0.7977269
c_1_49_808,1.1076415,-0.2751495
c_1_49_809,3.4819412,-2.1110325
c_1_49_810,0.9604169,-0.57358825
c_1_49_812,2.9697344,-1.1656072
c_1_49_813,0.640046,-0.28180543
c_1_49_814,0.15887114,-0.96850455
c_1_49_815,0.445515,-0.7811407
c_1_49_816,1.5737861,0.3821218
c_1_49_817,-0.9918373,-0.24644788
c_1_49_818,-0.41474947,1.2994866
c_1_49_819,-3.2381587,-1.9843229
c_1_49_820,0.48332793,0.122807406
c_1_49_821,1.3766018,1.2439189
c_1_49_822,0.81025434,-0.27095494
c_1_49_823,1.6540385,1.4648062
c_1_49_824,-0.2639439,-0.3371982
c_1_49_825,-0.62167823,-1.1550263
c_1_49_826,1.1795532,-0.57824665
c_1_49_827,2.146343,-1.5743513
c_1_49_828,2.2806735,-0.7614354
c_1_49_829,0.42579237,0.81377923
c_1_49_830,3.1179674,-2.0522664
c_1_49_831,3.0274074,-3.8711417
c_1_49_832,1.7565082,0.18966126
c_1_49_834,0.817993,-0.7807848
c_1_49_835,1.1118531,-0.26276565
c_1_49_836,2.5396557,-0.853647
c_1_49_837,-0.0033388617,-0.6041031
c_1_49_838,-1.1197944,-0.6325259
c_1_49_839,0.59492207,-0.122501306
c_1_49_840,-0.47110134,1.2798967
c_1_49_841,3.0900447,-1.4692839
c_1_49_843,0.6710427,0.09871152
c_1_49_844,2.882176,-1.8081656
c_1_49_845,0.002148438,0.7464542
c_1_49_846,0.5949137,-2.0930834
c_1_49_847,1.2387602,-0.028954914
c_1_49_848,0.7058312,0.64889795
c_1_49_849,3.2218049,-0.048304293
c_1_49_850,1.066471,0.014184149
c_1_49_851,1.0344614,0.1395879
c_1_49_852,2.0660088,-0.420674
c_1_49_853,0.8624492,0.86827356
c_1_49_854,4.0316806,-0.89018416
c_1_49_855,0.32580876,0.13862967
c_1_49_856,0.35388595,-1.3406782
c_1_49_857,0.2829104,0.59204715
c_1_49_858,1.4342773,-1.0225564
c_1_49_860,-0.1583763,0.30604964
c_1_49_861,1.3333088,0.95611656
c_1_49_862,0.21176776,0.44553274
c_1_49_863,0.75972766,-0.017856903
c_1_49_864,1.079416,-0.4420989
c_1_49_865,1.901135,-2.4118261
c_1_49_866,1.3702505,-0.24282601
c_1_49_867,0.48607892,0.8158107
c_1_49_868,1.0476438,-1.3997161
c_1_49_869,5.328878,-2.039438
c_1_49_870,0.335505,-0.75044096
c_1_49_871,0.38626912,0.66582376
c_1_49_872,2.3785603,-1.5679713
c_1_49_873,-0.5272096,-0.1873729
c_1_49_874,0.31899253,-1.1883931
c_1_49_875,0.69564646,-1.1888214
c_1_49_876,0.81556034,-1.2414036
c_1_49_877,1.3231448,0.83294654
c_1_49_878,1.4616518,-0.8437617
c_1_49_879,0.8153377,-0.7206283
c_1_49_880,1.0146875,-0.07182766
c_1_49_881,0.95710254,-0.54384714
c_1_49_882,-0.09986661,-1.8623345
c_1_49_883,-0.6710839,1.1760874
c_1_49_884,1.4050242,0.29008844
c_1_49_885,-0.4555828,0.7597805
c_1_49_886,-0.3633558,-1.3548526
c_1_49_887,2.540065,-0.8222816
c_1_49_888,-1.8793321,-3.7791662
c_1_49_889,-0.21883704,-0.50493634
c_1_49_890,0.80774105,-0.119412266
c_1_49_891,-0.14094158,0.8289791
c_1_49_892,-0.50553775,0.02404751
c_1_49_893,-1.7682242,-1.7760273
c_1_49_894,0.77196425,1.2099402
c_1_49_896,1.181223,-4.4102154
c_1_49_897,-0.096595526,-0.17281441
c_1_49_898,2.095431,-1.8258027
c_1_49_899,0.47797698,-0.010564317
c_1_49_900,-0.19091643,-0.9358024
c_1_49_901,-1.0252801,-1.3942208
c_1_49_902,0.5938592,0.019044613
c_1_49_903,0.7848617,-0.56328446
c_1_49_904,1.885999,0.9950987
c_1_49_905,0.6035441,-0.62567455
c_1_49_906,-0.47063854,-1.1738151
c_1_49_907,3.2984862,-0.07123714
c_1_49_908,0.79347575,0.31335458
c_1_49_909,0.43038973,-0.85093296
c_1_49_910,0.8724525,-0.6834337
c_1_49_911,2.949975,0.36665797
c_1_49_912,0.25601903,0.16950348
c_1_49_913,1.2745923,-0.60739356
c_1_49_914,-0.0072223684,-1.3265712
c_1_49_915,1.2372555,-0.7994455
c_1_49_916,-0.8370148,-0.58806336
c_1_49_917,0.89048785,-0.12170354
c_1_49_918,0.217308,-1.0193261
c_1_49_919,-0.27309844,-0.057104737
c_1_49_920,0.32432196,-0.6673697
c_1_49_921,2.2441125,-0.13354512
c_1_49_922,2.6054308,-0.14571573
c_1_49_923,-1.1552793,-0.6388276
c_1_49_924,-0.3243771,0.8687636
c_1_49_925,1.0160999,0.7738488
c_1_49_926,-0.14344439,-1.1597604
c_1_49_927,0.1485081,0.7003604
c_1_49_928,1.7470751,-1.6469034
c_1_49_929,1.8818766,-1.3653134
c_1_49_931,0.3314429,0.76578116
c_1_49_932,0.44471207,0.81736904
c_1_49_933,0.8822704,0.0071362746
c_1_49_934,0.920577,-0.66196567
c_1_49_935,1.2945771,-2.5021527
c_1_49_936,2.4163167,-0.033894975
c_1_49_937,0.37667757,0.6061329
c_1_49_938,0.28261274,-0.7440958
c_1_49_939,0.15244848,-0.39793146
c_1_49_940,2.9445086,-2.1412203
c_1_49_942,2.0760365,0.9529212
c_1_49_943,0.84775937,0.069566965
c_1_49_944,0.76199114,0.22035499
c_1_49_945,0.90970373,0.77576745
c_1_49_946,1.964509,-2.271683
c_1_49_947,1.4613848,-2.575394
c_1_49_948,2.492732,-1.8172574
c_1_49_949,1.2067876,-0.6880375
c_1_49_950,-0.35433227,-0.86848545
c_1_49_951,2.634481,-1.2132969
c_1_49_952,2.010755,-0.3245703
c_1_49_953,2.3800979,-0.48177594
c_1_49_956,0.5038451,0.32593325
c_1_49_957,1.3535532,-0.4028714
c_1_49_959,0.7755013,0.21668416
c_1_49_960,-1.0940082,1.2462044
c_1_49_961,-0.32859805,1.0190785
c_1_49_962,1.922232,-2.0753574
c_1_49_963,1.0699617,-1.349404
c_1_49_964,0.7569302,-1.4951973
c_1_49_965,1.7494357,0.015445649
c_1_49_966,1.5692565,-0.28350607
c_1_49_967,0.24892111,0.13426031
c_1_49_968,0.3880903,-1.5074946
c_1_49_969,1.7236077,-0.926134
c_1_49_970,0.524748,-1.1952907
c_1_49_971,-0.45929164,-1.1293771
c_1_49_972,1.0806398,0.5963124
c_1_49_973,0.99286836,0.81559384
c_1_49_974,1.3099793,-2.6239746
c_1_49_975,3.3508155,-2.3487203
c_1_49_976,-1.0344799,-2.5207407
c_1_49_977,-0.4069176,-1.304097
c_1_49_978,0.3403567,0.047352888
c_1_49_979,1.9474417,-1.3003305
c_1_49_980,-2.1023839,-3.863307
c_1_49_981,-1.901576,0.83630264
c_1_49_982,-0.5956438,-0.05508695
c_1_49_983,0.72995687,-0.62444
c_1_49_984,-0.27757087,0.42120644
c_1_49_985,0.85295326,1.2800429
c_1_49_986,-1.4563521,-0.66015285
c_1_49_987,-0.6560611,-1.3442842
c_1_49_988,1.238525,-0.1797979
c_1_49_989,-0.29714328,-0.5008771
c_1_49_990,0.03207757,-0.2582585
c_1_49_991,-0.28519064,-1.1673188
c_1_49_992,0.6990574,0.12090224
c_1_49_993,1.6823883,-1.8769523
c_1_49_994,0.698833,-0.31342193
c_1_49_995,0.29510784,-0.042352643
c_1_49_997,0.84007746,-0.5328278
c_1_49_998,-0.42845115,-1.0469753
c_1_49_999,-1.0529357,-1.1834296
c_1_49_1000,2.9498413,-0.6415045
c_1_49_1001,0.61486065,-1.8126695
c_1_49_1002,-0.48645294,0.77677715
c_1_49_1003,-0.30890238,0.34402332
c_1_49_1004,-0.177358,-0.50940543
c_1_49_1005,1.7275627,-2.6823285
c_1_49_1006,1.6644745,-1.3644607
c_1_49_1007,0.0066382177,-0.9283571
c_1_49_1008,-0.23876645,-1.444283
c_1_49_1009,-0.26749358,1.4406227
c_1_49_1010,1.9973736,-4.2805653
c_1_49_1011,0.553664,1.3137358
c_1_49_1012,1.2639159,1.8874173
c_1_49_1013,-0.44844675,-1.8486665
c_1_49_1014,2.4680967,-3.061786
c_1_49_1015,0.88575345,1.4492663
c_1_49_1016,-0.998123,-0.33224827
c_1_49_1017,0.7546572,-2.0119505
c_1_49_1018,0.40934846,-0.1926746
c_1_49_1019,0.3565212,0.7270466
c_1_49_1020,0.3372556,-1.434939
c_1_49_1021,-0.16461684,0.70287794
c_1_49_1022,-1.6165515,-2.5846486
c_1_49_1023,-0.2625726,0.3997146
c_1_49_1024,0.84669083,0.39686581
c_1_49_1025,-0.29210865,-0.13809557
c_1_49_1026,-1.0084274,0.8259672
c_1_49_1027,-0.3744328,-1.7266438
c_1_49_1028,0.7990996,1.1590825
c_1_49_1029,0.027981022,-0.02973779
c_1_49_1030,1.7178385,-0.100652285
c_1_49_1031,-0.96283674,0.71141416
c_1_49_1032,-0.65454423,-0.11670236
c_1_49_1033,-0.041852426,0.83358914
c_1_49_1034,-1.8074499,0.18905662
c_1_49_1035,-1.1469642,0.84310037
c_1_49_1036,-0.7949257,-1.2298905
c_1_49_1037,0.58914113,-0.1487142
c_1_49_1038,-0.018040057,1.2331504
c_1_49_1039,0.3334432,0.2909599
c_1_49_1040,-1.5360891,1.2590712
c_1_49_1041,-0.8956972,-0.59767437
c_1_49_1042,-0.7138103,-0.67497456
c_1_49_1043,2.7132246,-2.0146968
c_1_49_1044,-0.7521985,0.29195347
c_1_49_1045,-0.03974112,0.09391254
c_1_49_1046,1.1408919,-0.33276835
c_1_49_1047,-1.0474997,1.3028607
c_1_49_1048,-0.0475379,-0.6418588
c_1_49_1049,0.48345435,-1.4123238
c_1_49_1050,1.8092121,-1.2844605
c_1_49_1052,0.36401254,-0.8912405
c_1_49_1053,-0.7689605,-2.7710226
c_1_49_1054,-1.1789035,1.4584188
c_1_49_1055,1.2137675,0.36691314
c_1_49_1056,0.03499246,0.88889474
c_1_49_1058,-1.9279566,0.0033638813
c_1_49_1059,-0.7094003,1.8094177
c_1_49_1060,0.06900222,0.33363867
c_1_49_1061,0.1974464,0.24814087
c_1_49_1062,-1.4541159,-0.41452456
c_1_49_1063,2.3284793,0.27119508
c_1_49_1064,0.68535554,0.42962986
c_1_49_1065,0.9051317,-1.7838837
c_1_49_1066,-0.3562434,-0.4100254
c_1_49_1067,3.232857,-2.095532
c_1_49_1069,0.2086438,0.7639145
c_1_49_1070,-0.8423599,-0.74835503
c_1_49_1071,0.61314577,-0.53309757
c_1_49_1072,-2.4884188,-1.8633857
c_1_49_1073,0.048372854,0.88942915
c_1_49_1074,0.49369997,1.8927331
c_1_49_1076,0.96411616,-1.2224518
c_1_49_1078,-0.3120027,0.97910184
c_1_49_1079,0.013314851,-0.36114016
c_1_49_1080,0.58127,-0.6801131
c_1_49_1081,-0.029444415,-1.0694745
c_1_49_1083,-1.3963778,-1.1499771
c_1_49_1084,0.8795578,-0.6656829
c_1_49_1085,1.0250803,-0.13085459
c_1_49_1087,0.35885286,-0.64032334
c_1_49_1088,-0.6317159,1.8202091
c_1_49_1090,1.8855871,-2.3883035
c_1_49_1092,2.2027617,-1.7726943
c_1_49_1093,-0.54464763,-0.34738016
c_1_49_1094,-0.8407817,-0.37613434
c_1_49_1095,1.6351479,-1.6657968
c_1_49_1096,0.2212605,0.35160372
c_1_49_1097,0.2834604,-0.6944509
c_1_49_1098,1.8234713,0.32525903
c_1_49_1099,2.4302309,-1.1291796
c_1_49_1100,0.43136778,-0.42406407
c_1_49_1101,-1.2624563,0.5715205
c_1_49_1102,-1.6416222,0.016802171
c_1_49_1103,2.4302974,-0.44933313
c_1_49_1104,0.82890445,-0.43054613
c_1_49_1105,-0.041718636,1.2208276
c_1_49_1106,-0.38733846,-1.3803384
c_1_49_1107,-0.70646346,0.49612147
c_1_49_1108,-0.62557465,0.20725481
c_1_49_1109,-0.15764105,0.2889285
c_1_49_1110,-0.820925,-0.29602027
c_1_49_1111,0.89841694,0.04452747
c_1_49_1112,-1.4628943,-3.586001
c_1_49_1113,-0.29789594,1.0068458
c_1_49_1114,0.024252111,-0.17582217
c_1_49_1115,-1.404978,-0.7012354
c_1_49_1116,1.5073823,1.1135167
c_1_49_1117,-1.8038481,-0.42138287
c_1_49_1118,-2.096828,-2.926139
c_1_49_1119,1.073462,-3.302084
c_1_49_1120,-0.68163043,1.116388
c_1_49_1121,0.3021328,0.17228055
c_1_49_1122,-1.0619642,0.8539945
c_1_49_1123,-0.5076457,1.2695737
c_1_49_1124,0.02683057,0.14837325
c_1_49_1125,1.6205177,-2.1761181
c_1_49_1126,-1.135802,-1.5218782
c_1_49_1128,-2.781834,-1.256893
c_1_49_1129,-0.5786092,-0.6913225
c_1_49_1130,0.027461018,-0.17794864
c_1_49_1131,2.345113,-3.2219262
c_1_49_1132,-1.2385076,-2.9633892
c_1_49_1133,1.8453367,2.1388016
c_1_49_1134,-0.8996598,1.0352867
c_1_49_1135,0.66261506,0.19241762
c_1_49_1136,-0.24329652,0.5598837
c_1_49_1137,-0.8436746,-1.0185715
c_1_49_1138,0.9416859,0.9772101
c_1_49_1139,-0.84246165,-1.4200774
c_1_49_1140,-1.2021645,0.75808805
c_1_49_1141,1.0759683,-0.90481055
c_1_49_1142,-1.1327236,-1.0241725
c_1_49_1143,0.30695173,-0.5353149
c_1_49_1144,-1.1513294,-0.8461763
c_1_49_1145,1.7363012,0.12800403
c_1_49_1146,-1.4988029,2.3731458
c_1_49_1147,1.1073296,-0.578518
c_1_49_1148,-0.24878155,0.43000022
c_1_49_1149,1.6412917,-0.10045904
c_1_49_1150,-0.3482457,-0.7167124
c_1_49_1151,-0.10972138,-0.6653117
c_1_49_1152,-1.0255448,1.6303222
c_1_49_1153,1.0746733,0.34794998
c_1_49_1154,-0.9880703,-1.0792717
c_1_49_1155,-0.24494986,-0.22546151
c_1_49_1156,-0.89319855,-0.9656267
c_1_49_1157,0.6371827,-1.7029058
c_1_49_1158,-0.1999788,0.6130473
c_1_49_1159,0.9370166,-1.2913538
c_1_49_1160,-0.2851591,-0.28892308
c_1_49_1161,0.23516633,-0.08690871
c_1_49_1162,-0.05601962,1.351022
c_1_49_1163,-2.6019108,0.3705948
c_1_49_1164,3.0201657,-0.69265205
c_1_49_1165,0.9256305,-1.3492528
c_1_49_1166,-0.21063489,0.66649306
c_1_49_1167,1.0277865,-0.20767443
c_1_49_1168,-1.5360847,1.2900599
c_1_49_1169,1.7692655,-0.6594877
c_1_49_1170,1.3421392,0.279325
c_1_49_1171,-0.3551216,-0.40222797
c_1_49_1172,-0.02634014,-0.3220989
c_1_49_1173,1.2856,-0.62669086
c_1_49_1174,-0.5642052,1.4516824
c_1_49_1175,-0.9984803,0.2322988
c_1_49_1176,-1.5539508,0.7891194
c_1_49_1177,0.5657838,0.1411239
c_1_49_1178,0.032246213,-1.851214
c_1_49_1179,-1.445198,-1.6280615
c_1_49_1181,1.8433952,2.0354314
c_1_49_1182,-0.09819345,-0.91949534
c_1_49_1183,2.0734963,-0.34130958
c_1_49_1184,-1.2542748,-0.40735054
c_1_49_1185,-1.4920555,1.4987965
c_1_49_1186,-0.6757386,0.9900453
c_1_49_1187,-0.044076506,1.8441082
c_1_49_1188,-1.5746166,0.7621785
c_1_49_1189,-0.3114026,-0.41890025
c_1_49_1190,-1.0049901,-1.1340379
c_1_49_1191,-2.4832203,1.1651787
c_1_49_1192,-0.8493281,-0.05121333
c_1_49_1193,-0.52352405,-0.2942055
c_1_49_1194,-0.1810858,0.45977157
c_1_49_1195,-1.2776532,0.74380374
c_1_49_1196,-0.79161733,1.08764
c_1_49_1197,1.3109051,-2.9866042
c_1_49_1198,-0.2580862,0.6316058
c_1_49_1199,-1.1320772,-1.5265675
c_1_49_1200,4.1696973,-1.0646069
c_1_49_1201,-0.6526526,-0.06898611
c_1_49_1202,0.87969124,-0.042067163
c_1_49_1203,1.9385042,0.2674328
c_1_49_1204,-1.1210679,-0.4745214
c_1_49_1205,-0.5119073,-0.68704116
c_1_49_1206,-1.7352626,-1.1768166
c_1_49_1207,-1.6161293,1.9064887
c_1_49_1208,-0.019674806,0.22280528
c_1_49_1209,0.07858278,1.8654077
c_1_49_1210,-0.33549696,0.49602094
c_1_49_1211,-2.1585345,0.08810742
c_1_49_1212,0.2999293,-0.14998971
c_1_49_1213,0.18985072,-2.3485076
c_1_49_1214,0.60604084,-1.29251
c_1_49_1215,-0.75133103,-0.30521023
c_1_49_1216,0.3619887,-1.8483001
c_1_49_1217,0.4299889,0.7933111
c_1_49_1218,0.047772683,0.22244292
c_1_49_1219,-0.60268426,-0.20772518
c_1_49_1220,1.0910614,0.49643683
c_1_49_1221,1.9671645,-0.08666635
c_1_49_1222,-1.7134166,-0.45315596
c_1_49_1223,-0.056215152,-0.4222991
c_1_49_1224,0.19137336,0.3303458
c_1_49_1226,0.02168735,-1.1058555
c_1_49_1227,-0.17797552,0.12234693
c_1_49_1228,-2.5819879,-0.38817647
c_1_49_1229,-0.52003276,0.9319863
c_1_49_1230,1.1586471,-0.78321284
c_1_49_1231,-1.0091548,0.3801138
c_1_49_1232,-0.7641927,0.84692025
c_1_49_1233,-1.9374006,2.909774
c_1_49_1234,-1.3206568,0.8418592
c_1_49_1235,-0.22630216,-1.3843485
c_1_49_1236,1.3176943,-1.3291883
c_1_49_1237,0.6796615,-0.20239471
c_1_49_1238,0.45132488,1.4608659
c_1_49_1239,-0.13309015,-0.17158982
c_1_49_1240,1.7044787,0.71132016
c_1_49_1241,-1.1788079,0.15362062
c_1_49_1242,1.305128,-0.30178463
c_1_49_1243,0.35276645,0.483185
c_1_49_1244,0.6259385,-1.3128122
c_1_49_1245,1.2538921,-1.0460335
c_1_49_1246,0.80187696,0.067495406
c_1_49_1247,-0.9244475,0.5364845
c_1_49_1248,3.855132,-1.570478
c_1_49_1249,-5.507656,-3.7791784
c_1_49_1250,-1.2285686,0.055565774
c_1_49_1251,0.44239062,1.2832402
c_1_49_1253,-0.5795766,-2.115204
c_1_49_1254,-0.14927651,0.19739254
c_1_49_1255,1.2984192,-0.11592346
c_1_49_1256,-0.4446243,1.9806862
c_1_49_1257,-0.7533282,-0.14145404
c_1_49_1258,-0.6329399,-1.6264561
c_1_49_1259,-2.3749506,-3.4140177
c_1_49_1260,-1.4457432,-0.298936
c_1_49_1261,-1.1986494,-1.3977629
c_1_49_1263,-0.42424792,-1.3414283
c_1_49_1264,0.16590372,0.8034333
c_1_49_1265,0.15183032,-0.49292424
c_1_49_1266,-0.005442557,-1.0807815
c_1_49_1267,-2.0774875,1.489383
c_1_49_1268,-0.11457386,-0.2827535
c_1_49_1269,-3.3908198,0.41848296
c_1_49_1270,-0.6162639,2.2810967
c_1_49_1271,0.7523954,0.57474375
c_1_49_1272,-0.504025,-0.65721536
c_1_49_1273,-0.81879026,0.89106613
c_1_49_1274,-1.050959,1.3918386
c_1_49_1275,0.40504214,0.10915991
c_1_49_1276,-1.7685969,3.163953
c_1_49_1277,-1.2246947,1.3386406
c_1_49_1278,0.22682741,-0.7454433
c_1_49_1279,0.3065462,0.7985323
c_1_49_1280,-0.32197496,0.36097363
c_1_49_1281,0.35842082,0.982786
c_1_49_1283,-0.8070347,1.1749281
c_1_49_1284,0.7405912,0.86509097
c_1_49_1285,0.24940255,-5.036578
c_1_49_1286,1.1503427,-0.18017016
c_1_49_1287,0.63128525,-0.25605977
c_1_49_1288,-1.388785,1.3740623
c_1_49_1289,-1.2159847,0.17210455
c_1_49_1290,-1.3261911,0.30231592
c_1_49_1291,-2.1150153,1.37824
c_1_49_1292,-0.90857476,0.35451064
c_1_49_1293,-0.23251177,-0.308061
c_1_49_1294,-0.55592257,-1.5636235
c_1_49_1295,1.371421,-0.56382245
c_1_49_1296,0.04542424,1.0169954
c_1_49_1297,-0.6121668,-1.5431416
c_1_49_1298,-0.25628236,0.8493906
c_1_49_1299,0.11296498,0.75865155
c_1_49_1300,-0.3175745,-1.4129903
c_1_49_1301,-1.8443046,1.8143959
c_1_49_1302,-1.140061,0.94333833
c_1_49_1303,-1.1958073,1.7928144
c_1_49_1305,-0.14475931,0.26307365
c_1_49_1306,-0.8000107,-0.32102102
c_1_49_1307,-1.6426599,-0.438475
c_1_49_1308,-1.6792736,-0.5185819
c_1_49_1309,-3.1420066,3.3529012
c_1_49_1310,-1.0157697,-0.010519314
c_1_49_1311,-0.34845647,1.1206092
c_1_49_1312,-0.6126238,1.0747867
c_1_49_1313,0.13432842,0.051969662
c_1_49_1314,-1.7155266,1.2479917
c_1_49_1315,-0.11058971,1.2144588
c_1_49_1317,0.66977096,0.61097616
c_1_49_1318,0.5284334,1.3263549
c_1_49_1319,-0.8840662,0.4286026
c_1_49_1320,0.09427837,-0.31527036
c_1_49_1321,-0.96862024,0.813402
c_1_49_1322,-0.18913075,-0.49968573
c_1_49_1323,-0.010028241,1.4675815
c_1_49_1324,-1.4042348,-0.8355635
c_1_49_1325,-1.5280838,1.093782
c_1_49_1326,0.46590415,1.1417075
c_1_49_1327,0.3273864,0.3338811
c_1_49_1328,-0.08125451,0.24566887
c_1_49_1329,0.77376574,-0.41095662
c_1_49_1330,-2.0348423,2.228988
c_1_49_1331,-1.7157228,-0.37377456
c_1_49_1332,-0.010687483,-0.9375881
c_1_49_1333,-0.32676008,0.6415968
c_1_49_1334,-1.5642796,-1.36685
c_1_49_1335,-0.81504995,-1.431901
c_1_49_1336,-0.19176595,-0.44632024
c_1_49_1337,0.26561686,-1.9889382
c_1_49_1338,-1.466795,0.29549813
c_1_49_1340,-1.6173342,1.1225893
c_1_49_1341,-0.9629029,1.9841715
c_1_49_1342,-0.88904274,2.36804
c_1_49_1343,-1.9130048,1.559063
c_1_49_1344,2.4919674,-0.7600517
c_1_49_1345,-1.1664646,-0.73986256
c_1_49_1346,0.8904436,-0.7672041
c_1_49_1347,-0.31420216,-0.8832813
c_1_49_1348,0.7406453,0.79172325
c_1_49_1349,-0.3583426,0.6095561
c_1_49_1350,-1.3430645,-0.2827891
c_1_49_1351,-0.15570584,1.5363024
c_1_49_1352,-0.40607926,1.283974
c_1_49_1353,-0.96351624,0.8978701
c_1_49_1354,-0.8222385,-0.96783286
c_1_49_1355,-0.19469512,0.2036235
c_1_49_1356,-0.7078287,1.447578
c_1_49_1357,0.5155657,1.0059078
c_1_49_1359,-0.7966713,-1.1487498
c_1_49_1360,-1.2465487,-0.21173505
c_1_49_1361,-2.8206167,-3.162513
c_1_49_1362,-1.2640911,0.9275809
c_1_49_1363,-0.19965242,2.6729655
c_1_49_1364,-0.6453849,0.7024262
c_1_49_1365,1.7868011,0.28925607
c_1_49_1366,0.0356407,1.1936868
c_1_49_1367,-5.520531,-5.346533
c_1_49_1368,-3.2252057,0.78733367
c_1_49_1369,1.7434741,0.05387146
c_1_49_1370,-0.80279493,1.9545748
c_1_49_1371,-3.1010342,0.68503547
c_1_49_1372,1.3141109,0.920971
c_1_49_1373,-2.5121224,3.6297016
c_1_49_1374,1.9013577,-0.31448993
c_1_49_1375,0.13218644,0.71858114
c_1_49_1376,-1.2508923,-0.026376395
c_1_49_1377,0.29549143,-0.30731893
c_1_49_1378,-0.7932495,-0.29392338
c_1_49_1380,-1.4918318,2.6142519
c_1_49_1381,-1.6388493,2.7938452
c_1_49_1382,-0.55695415,-0.46270856
c_1_49_1383,-0.95504487,1.913465
c_1_49_1384,-1.9825406,3.194495
c_1_49_1385,-1.4343237,0.68085384
c_1_49_1386,0.40392843,0.3845681
c_1_49_1387,-3.4721396,0.90755486
c_1_49_1388,-0.84707516,-0.7446628
c_1_49_1389,-2.410219,-3.196273
c_1_49_1390,-0.14517845,0.40705344
c_1_49_1391,-1.9767307,0.39996824
c_1_49_1392,0.849083,-0.36470643
c_1_49_1394,-0.97634614,1.109746
c_1_49_1395,3.0645132,-2.3831077
c_1_49_1396,-1.1460516,1.825235
c_1_49_1397,-1.5219221,4.6173005
c_1_49_1398,0.04240825,0.45758948
c_1_49_1399,-0.85441893,1.2276202
c_1_49_1400,-0.4948792,-0.70815873
c_1_49_1401,-3.9725454,-3.31615
c_1_49_1403,-1.4054018,2.6888807
c_1_49_1404,-1.2892873,-1.5597119
c_1_49_1405,-0.71187,2.2362046
c_1_49_1406,0.12229686,0.63604754
c_1_49_1407,0.30082235,0.037031602
c_1_49_1408,-2.4020143,-0.8485882
c_1_49_1409,-0.87500685,1.7071488
c_1_49_1410,-0.10940392,0.17120829
c_1_49_1411,0.018543502,0.9714149
c_1_49_1412,0.29521245,0.4605815
c_1_49_1413,-1.2587869,0.63662344
c_1_49_1414,0.9900059,1.1509274
c_1_49_1415,-0.722724,1.2227862
c_1_49_1416,-1.8716568,1.4461086
c_1_49_1417,-1.3409017,-1.5843292
c_1_49_1418,-0.58844626,-1.0592779
c_1_49_1419,-4.0842905,-3.4152007
c_1_49_1420,-2.6922696,-0.77475286
c_1_49_1421,1.7684251,-1.2848715
c_1_49_1422,0.93253285,0.99789
c_1_49_1423,-0.5023984,-0.72898394
c_1_49_1424,-0.91774094,-1.0077353
c_1_49_1425,-0.28117555,-2.1662068
c_1_49_1426,3.102042,1.2044615
c_1_49_1427,-2.573458,1.3100361
c_1_49_1428,0.839951,0.8084438
c_1_49_1429,-0.8944504,0.06274346
c_1_49_1430,-1.0207096,1.4366838
c_1_49_1431,-1.9473678,-1.2448804
c_1_49_1432,-0.65996236,3.2137513
c_1_49_1433,-1.8892075,-1.4099876
c_1_49_1434,-1.1363772,-1.0137838
c_1_49_1435,-0.77996486,0.059130434
c_1_49_1437,-3.1966636,-0.07386421
c_1_49_1439,1.3072187,-0.93685365
c_1_49_1440,-1.4666375,-0.27170292
c_1_49_1441,0.7058361,1.6133608
c_1_49_1442,-2.150099,1.049205
c_1_49_1443,-1.75123,-1.4323676
c_1_49_1444,-1.3105395,1.2638494
c_1_49_1445,-1.753152,3.198876
c_1_49_1446,-0.2449161,0.3372291
c_1_49_1447,0.8381798,0.103952274
c_1_49_1448,0.13933301,0.06427791
c_1_49_1449,-0.18113357,0.50135547
c_1_49_1450,-1.9055927,3.0184793
c_1_49_1451,0.6067141,0.7465357
c_1_49_1452,-2.2529156,1.4949627
c_1_49_1453,-1.2999374,-0.54209864
c_1_49_1454,0.16490158,1.5503799
c_1_49_1455,-2.975522,-3.020254
c_1_49_1457,-1.4781171,2.117734
c_1_49_1458,-0.8490034,-0.5366588
c_1_49_1459,-3.8498318,-3.267285
c_1_49_1460,-0.2693421,3.1999106
c_1_49_1461,-1.3470613,1.7530131
c_1_49_1462,-0.65240663,1.3539317
c_1_49_1463,-2.5239053,-0.34798515
c_1_49_1464,-1.2729539,1.093943
c_1_49_1465,-3.6376731,-5.5433607
c_1_49_1466,-1.2657447,-2.1651633
c_1_49_1468,-2.6686535,-1.1259516
c_1_49_1469,-1.8588347,0.85223716
c_1_49_1470,-1.9872615,2.1407402
c_1_49_1471,-3.3248892,-3.341276
c_1_49_1472,-0.08456583,-1.3604445
c_1_49_1474,-0.49727595,0.1896816
c_1_49_1476,-2.077487,0.15780619
c_1_49_1477,-2.123064,-2.1717691
c_1_49_1478,-0.17079474,-3.098899
c_1_49_1479,-0.44403046,-0.25358036
c_1_49_1481,-2.8960578,-2.7719846
c_1_49_1482,-0.78297114,2.8514712
c_1_49_1484,-2.0895772,-2.2373974
c_1_49_1485,-0.17258923,-0.6595129
c_1_49_1486,-2.2371356,1.3633338
c_1_49_1487,-0.38816303,0.59472775
c_1_49_1488,-3.58054,-3.33936
c_1_49_1490,-2.0877492,-1.1110014
c_1_49_1491,-1.099845,0.48783436
c_1_49_1492,-1.2862035,3.4291668
c_1_49_1493,-1.5410712,0.6476024
c_1_49_1494,-0.4411133,0.21985073
c_1_49_1495,-1.0822905,0.33227247
c_1_49_1496,-3.1795077,-3.4144592
c_1_49_1499,-2.763366,1.9371587
c_1_49_1500,-0.41190976,1.0998138
c_1_49_1501,2.582603,-2.809792
c_1_49_1502,-0.46486926,-1.0141495
c_1_49_1503,-0.48704064,0.8250699
c_1_49_1504,-1.9906511,-1.026225
c_1_49_1505,-4.6569424,-5.641821
c_1_49_1506,0.82802397,-1.8843033
c_1_49_1507,-2.8125584,0.82947654
c_1_49_1508,1.4086463,-1.9117186
c_1_49_1509,0.29199666,-0.8403395
c_1_49_1510,-0.13042785,-0.482754
c_1_49_1511,-3.3989668,-3.7055929
c_1_49_1512,-0.280224,-2.1647964
c_1_49_1513,-0.026408425,2.5677285
c_1_49_1514,-3.3301973,-4.7393465
c_1_49_1515,-2.0038674,2.3265347
c_1_49_1516,-2.569756,-1.9503756
c_1_49_1517,-1.3507459,-0.10622478
c_1_49_1518,-1.200846,3.2783754
c_1_49_1519,-1.1102952,0.9440474
c_1_49_1521,0.98231065,-0.53653073
c_1_49_1522,-0.33061382,0.7460598
c_1_49_1523,-0.3753046,0.47090533
c_1_49_1524,-5.4027877,-6.443015
c_1_49_1525,-4.9222913,-5.0634947
c_1_49_1526,0.17046759,0.6865611
c_1_49_1527,0.95518154,0.26402557
c_1_49_1528,3.12725,-0.33427018
c_1_49_1529,-1.452625,1.2939098
c_1_49_1530,0.13778877,-1.7421287
c_1_49_1531,-0.28906417,0.086624
c_1_49_1532,0.21580507,-1.0186894
c_1_49_1533,-2.2715034,-1.4714234
c_1_49_1534,-0.5925502,-0.58855534
c_1_49_1535,-0.71620315,0.08151133
c_1_49_1536,0.5082295,1.0286133
c_1_49_1537,-0.69274807,2.0701456
c_1_49_1538,1.4881287,-0.7793236
c_1_49_1539,-3.6297715,-3.9278686
c_1_49_1540,-5.410282,-4.83147
c_1_49_1541,-0.73424584,0.33543193
c_1_49_1542,-0.28306216,-0.5291347
c_1_49_1543,2.089304,-1.9961051
c_1_49_1544,0.6768311,-0.7424971
c_1_49_1545,-0.11667404,0.460327
c_1_49_1546,0.1946452,-0.09407467
c_1_49_1547,0.94169223,-0.6769894
c_1_49_1548,-0.9418686,-0.32354194
c_1_49_1549,-2.4211013,-0.1531808
c_1_49_1550,-1.0206269,-1.1096681
c_1_49_1551,2.2649546,-0.6223814
c_1_49_1552,2.017191,-1.6069336
c_1_49_1553,-0.46067834,0.33380693
c_1_49_1554,-0.5485199,-1.9336631
c_1_49_1555,1.5385245,-1.3595783
c_1_49_1556,-3.980929,-5.1354046
c_1_49_1557,-0.17668468,-0.98289347
c_1_49_1558,-1.3690197,1.3555827
c_1_49_1559,-2.1026645,-0.35806
c_1_49_1560,-1.114887,0.3102382
c_1_49_1562,-0.7274148,-2.090391
c_1_49_1563,-2.2353213,2.5834508
c_1_49_1564,0.53212005,-0.40141872
c_1_49_1565,-0.99938613,0.13428305
c_1_49_1566,-2.1939259,1.9566722
c_1_49_1567,-1.057411,3.4247806
c_1_49_1568,-3.2405498,-2.1350424
c_1_49_1569,0.138689,0.5046276
c_1_49_1570,1.2470514,-2.0769196
c_1_49_1571,-0.66935784,0.6923579
c_1_49_1572,-1.2959956,1.7141812
c_1_49_1573,0.28083548,-0.17166884
c_1_49_1574,-0.9743748,2.0234385
c_1_49_1575,1.901581,-1.0895977
c_1_49_1576,-0.006523978,0.51241875
c_1_49_1577,-1.0574998,2.0677655
c_1_49_1578,-0.4856545,1.7219572
c_1_49_1579,-1.4957272,3.7392142
c_1_49_1580,-3.2576408,-3.576009
c_1_49_1581,-1.81457,1.6989481
c_1_49_1582,-0.06651259,-0.67895555
c_1_49_1583,-1.2677747,1.2978233
c_1_49_1584,-2.8443582,0.45017442
c_1_49_1585,1.7725772,-0.89187604
c_1_49_1586,-1.2558922,0.74032015
c_1_49_1587,-0.31367376,-1.0486596
c_1_49_1588,-0.5333106,-1.282394
c_1_49_1589,-2.019759,0.5800911
c_1_49_1590,-1.9631025,-0.35575685
c_1_49_1591,-0.8213918,2.0225182
c_1_49_1592,-1.6164453,0.2303595
c_1_49_1593,-2.44448,-1.3391939
c_1_49_1594,-1.1888152,-1.9273379
c_1_49_1595,1.1488354,0.7931417
c_1_49_1596,-1.820627,1.8597215
c_1_49_1597,-1.5110359,0.4851895
c_1_49_1599,-1.0140892,0.6946675
c_1_49_1600,-0.5004837,3.2531655
c_1_49_1601,-0.29251572,-1.0570014
c_1_49_1602,-0.7671582,2.4882464
c_1_49_1603,-2.815386,0.9056406
c_1_49_1604,-0.034459934,-1.3675836
c_1_49_1605,0.088021114,0.6963472
c_1_49_1606,-1.7632568,-1.2723008
c_1_49_1607,-3.5874279,-3.3055644
c_1_49_1608,-6.058542,-9.862023
c_1_49_1609,-0.74502265,1.7597113
c_1_49_1610,-2.5615864,-1.5061436
c_1_49_1611,-1.3293164,1.1182624
c_1_49_1612,-1.4788694,4.5045333
c_1_49_1613,-0.8444696,0.041846562
c_1_49_1615,-5.849974,-6.7020135
c_1_49_1616,0.5215433,-1.24806
c_1_49_1617,-0.2706142,-1.6088758
c_1_49_1618,-3.871199,-3.9721737
c_1_49_1619,-3.1427286,0.6335013
c_1_49_1620,-0.91670567,0.018193122
c_1_49_1622,-1.7429368,2.4409878
c_1_49_1623,-0.72459126,-0.116570845
c_1_49_1624,-0.07437592,-1.1251333
c_1_49_1625,-0.50408626,0.71581763
c_1_49_1626,-1.734304,-0.5803995
c_1_49_1627,-3.5316203,1.538761
c_1_49_1628,-1.8643905,3.4769876
c_1_49_1629,-1.3379627,1.8009728
c_1_49_1630,-1.5217611,0.4810871
c_1_49_1631,-1.0959103,-1.0059133
c_1_49_1632,-2.482579,2.6920445
c_1_49_1633,-1.594833,3.2600012
c_1_49_1634,-2.1143713,1.7659928
c_1_49_1635,-2.8757024,-4.151515
c_1_49_1636,-0.69018507,2.1789906
c_1_49_1637,-1.1128265,0.35177943
c_1_49_1638,0.92039865,2.3034194
c_1_49_1639,-4.172347,-6.4608307
c_1_49_1640,-2.80848,-2.9698496
c_1_49_1641,1.3320919,0.115546666
c_1_49_1642,-0.7061912,2.3783839
c_1_49_1643,0.2776615,-0.30610886
c_1_49_1644,-1.9593611,-0.93851936
c_1_49_1645,-0.21965791,2.4764757
c_1_49_1646,-1.4678217,-0.21400633
c_1_49_1647,-1.6250992,5.177439
c_1_49_1648,-2.8578255,1.2489177
c_1_49_1649,-4.7050686,-3.1336887
c_1_49_1650,-0.89082265,-0.077670515
c_1_49_1651,-2.5668497,-2.7188487
c_1_49_1652,-1.4724989,2.0163293
c_1_49_1653,-1.7637486,-1.5589705
c_1_49_1654,-1.8711195,3.032684
c_1_49_1655,-0.9640647,-1.6737378
c_1_49_1657,-0.91851777,1.6248528
c_1_49_1658,-2.091927,0.6046665
c_1_49_1659,-1.0712292,1.5194649
c_1_49_1660,-2.1606512,-0.501165
c_1_49_1661,-1.6591911,-1.3813782
c_1_49_1662,-2.2707756,-2.5915232
c_1_49_1663,-1.744295,2.104951
c_1_49_1664,-0.7427106,-1.1483488
c_1_49_1666,-0.87563664,0.13791697
c_1_49_1667,-0.8079461,0.6664911
c_1_49_1668,-0.86017233,1.7539681
c_1_49_1669,0.03648772,0.0060377056
c_1_49_1670,-1.9401995,3.5591629
c_1_49_1671,0.4134134,0.39012086
c_1_49_1672,-1.9050875,0.39251697
c_1_49_1673,1.7505127,-0.1742931
c_1_49_1674,-1.2176887,-1.3089033
c_1_49_1675,-0.4238172,0.99212056
c_1_49_1676,-1.2269734,-1.2167069
c_1_49_1677,0.6295491,-1.0797793
c_1_49_1678,-0.13037187,0.41265652
c_1_49_1679,-0.4247244,-0.28052837
c_1_49_1680,-0.77312696,0.35048166
c_1_49_1681,-3.2619972,-2.6632056
c_1_49_1682,-4.05327,-5.036206
c_1_49_1683,2.5949988,-2.5335462
c_1_49_1684,-3.2341375,-4.303522
c_1_49_1685,-0.82342803,-1.2918168
c_1_49_1686,-1.4703214,-0.3375105
c_1_49_1687,0.6892704,-0.08863533
c_1_49_1688,-1.484044,0.23117319
c_1_49_1689,-0.77315253,0.4096312
c_1_49_1690,-6.031739,-7.675217
c_1_49_1691,-5.8695955,-6.9588203
c_1_49_1692,-2.2071514,2.1398134
c_1_49_1693,-4.4728317,-3.5687556
c_1_49_1694,-3.1952844,-0.69440407
c_1_49_1695,-1.5431725,-0.30560786
c_1_49_1696,-1.7970204,0.21815763
c_1_49_1697,-0.112151586,1.4877346
c_1_49_1698,-1.4575622,0.09112506
c_1_49_1699,-0.24218182,0.56306577
c_1_49_1700,-2.352287,-2.4825711
c_1_49_1701,-2.337013,-1.181725
c_1_49_1702,-0.37256616,1.8098612
c_1_49_1704,-1.4763839,2.4056857
c_1_49_1705,-1.0641085,2.9208996
c_1_49_1706,-2.437589,2.2690623
c_1_49_1707,-2.3045259,-1.3449855
c_1_49_1708,-2.013495,0.5486251
c_1_49_1709,-3.0242643,-5.312734
c_1_49_1710,-3.1723537,-2.3986948
c_1_49_1711,-0.67442876,2.250768
c_1_49_1712,0.28159407,0.6482432
c_1_49_1713,-0.73945343,3.638897
c_1_49_1714,-1.6735506,1.2299744
c_1_49_1715,0.6489497,3.5801103
c_1_49_1716,-0.5160052,0.9528741
c_1_49_1717,-4.4630427,-4.328237
c_1_49_1718,-0.97464055,1.5468558
c_1_49_1719,-2.9444969,-2.5543745
c_1_49_1720,-2.0780044,-0.5188457
c_1_49_1721,-0.37467483,-0.9625314
c_1_49_1722,-0.77267706,2.3262677
c_1_49_1723,-0.16364425,0.32941532
c_1_49_1724,-0.5046456,1.0206168
c_1_49_1725,-0.9530237,-0.08398604
c_1_49_1726,-3.8271465,-3.47202
c_1_49_1727,-0.86543465,-0.18134505
c_1_49_1728,-2.164631,3.7449608
c_1_49_1729,0.11099453,0.09596052
c_1_49_1730,-5.269137,-7.2204967
c_1_49_1731,-2.5587578,-3.0058727
c_1_49_1732,-2.4496412,0.06630629
c_1_49_1733,-1.2830079,2.7453039
c_1_49_1734,-2.5787375,-1.1972169
c_1_49_1735,-0.619081,1.4739251
c_1_49_1736,-0.66504014,0.2816709
c_1_49_1737,-0.5365541,0.15691783
c_1_49_1738,-1.7331862,1.8570114
c_1_49_1739,-1.6162325,1.9689246
c_1_49_1740,-1.5918214,-0.9806451
c_1_49_1741,-1.1712105,-0.06328275
c_1_49_1742,-3.017062,-1.7702795
c_1_49_1743,-1.9952348,1.2604668
c_1_49_1744,-1.2782874,1.2100857
c_1_49_1745,-1.1208934,2.207463
c_1_49_1746,0.0010471658,0.77333003
c_1_49_1747,-3.7371974,-3.0960681
c_1_49_1748,-1.8600175,-0.19430706
c_1_49_1749,-0.056637175,0.93881756
c_1_49_1751,-1.0859411,2.4707294
c_1_49_1752,-3.166637,-3.0597696
c_1_49_1753,-5.318729,-5.436685
c_1_49_1754,-0.57677937,0.969799
c_1_49_1755,-1.1958401,2.4466405
c_1_49_1756,-0.85428375,1.520646
c_1_49_1757,-2.4772995,-0.68612087
c_1_49_1758,-2.103321,2.5562143
c_1_49_1759,-0.71252483,0.9614488
c_1_49_1760,-1.2568283,0.08117699
c_1_49_1761,-0.01940884,2.0827496
c_1_49_1762,-0.8254757,3.1163006
c_1_49_1763,-1.1493272,0.8240281
c_1_49_1764,-1.504434,0.33348396
c_1_49_1765,-3.1682684,-3.743984
c_1_49_1766,-1.0750598,1.9226018
c_1_49_1767,-0.99172795,0.2499358
c_1_49_1768,-1.5167133,1.8795385
c_1_49_1769,-0.82016826,0.56789756
c_1_49_1770,-0.7495014,1.2117383
c_1_49_1771,-1.1490601,-0.65163666
c_1_49_1772,-3.804948,-3.7467718
c_1_49_1773,-2.5047853,2.5133636
c_1_49_1774,0.28622818,0.283614
c_1_49_1776,0.97427094,1.1385368
c_1_49_1777,-2.6080441,1.3811253
c_1_49_1778,-3.8288436,-5.124833
c_1_49_1779,-3.1515784,-4.0701227
c_1_49_1780,-0.64014554,1.8682548
c_1_49_1781,-2.2981048,-1.6527257
c_1_49_1782,1.1630868,-1.2521191
c_1_49_1783,0.15799205,0.554579
c_1_49_1784,0.09097821,0.1754245
c_1_49_1785,-0.858401,1.9622631
c_1_49_1786,-2.1752706,-0.12645715
c_1_49_1787,-1.5802013,1.6659658
c_1_49_1788,-1.1459568,-0.5199313
c_1_49_1790,-0.3637578,0.98369527
c_1_49_1791,-0.87964153,-0.121017314
c_1_49_1792,-0.6486448,2.4800735
c_1_49_1793,-0.3742366,0.23963645
c_1_49_1794,-2.0050054,2.1969643
c_1_49_1795,-6.1891837,-4.776783
c_1_49_1796,-0.4813599,0.43855208
c_1_49_1797,0.017452521,0.13911459
c_1_49_1798,-3.3505042,-3.8684154
c_1_49_1799,-1.1637317,2.2671347
c_1_49_1800,-2.3405676,-0.2804371
c_1_49_1801,-1.449976,0.9890933
c_1_49_1802,-0.2806991,0.4932241
c_1_49_1803,0.609252,-0.119783685
c_1_49_1804,-1.4019039,1.6829127
c_1_49_1805,-1.9168292,0.052542508
c_1_49_1806,-3.2294378,-3.03114
c_1_49_1807,-0.6282236,-0.11482286
c_1_49_1808,0.7247162,-1.7071557
c_1_49_1809,0.34049127,0.37897116
c_1_49_1810,-1.647098,2.6798856
c_1_49_1811,-0.81038415,0.5719456
c_1_49_1812,-2.3708973,0.044459146
c_1_49_1813,-0.07462642,-0.24293843
c_1_49_1814,-1.8834164,2.3517041
c_1_49_1815,-4.188134,-3.777784
c_1_49_1816,-3.8922696,-4.1959786
c_1_49_1817,0.94623613,-0.69562113
c_1_49_1818,-1.2349297,2.4256876
c_1_49_1819,-1.0114372,0.6082149
c_1_49_1820,-0.55969167,2.2480845
c_1_49_1821,-2.8109634,-3.42242
c_1_49_1822,-0.79860884,1.4761064
c_1_49_1823,-4.5799785,-5.8310456
c_1_49_1824,1.8692472,-0.97143
c_1_49_1825,-1.290039,-0.8030334
c_1_49_1826,-5.44376,-5.3711076
c_1_49_1827,-4.9843674,-3.7763546
c_1_49_1828,-1.1787581,0.3680481
c_1_49_1829,-3.242446,2.4209123
c_1_49_1831,-1.7422655,1.456112
c_1_49_1832,-1.2956285,1.1144555
c_1_49_1833,-1.6239522,0.7918217
c_1_49_1834,1.1906341,0.45710906
c_1_49_1835,-2.1059158,-3.619508
c_1_49_1836,-3.6421635,-2.444445
c_1_49_1837,-2.5959132,-0.9362045
c_1_49_1838,-0.64560276,0.8308628
c_1_49_1839,-0.8787676,1.436851
c_1_49_1840,-0.59124815,3.15924
c_1_49_1841,-0.27411923,0.9546789
c_1_49_1842,-2.070283,3.502146
c_1_49_1843,-4.426493,-5.5990834
c_1_49_1844,-0.409407,-0.7409325
c_1_49_1845,-4.3601394,-3.8562686
c_1_49_1846,-1.1591846,2.2978303
c_1_49_1847,-2.8051353,2.4854128
c_1_49_1848,-0.06838298,0.4393687
c_1_49_1849,-1.3212049,-0.24815308
c_1_49_1850,-0.9758615,0.3158076
c_1_49_1851,-2.2913132,1.3951625
c_1_49_1852,-1.1192788,4.045651
c_1_49_1853,-5.497594,-4.454125
c_1_49_1854,-1.901451,0.67020816
c_1_49_1855,-1.4638553,-0.47512555
c_1_49_1856,-6.022872,-6.176741
c_1_49_1857,-1.5449785,0.6910757
c_1_50_1,-2.146724,1.3073801
c_1_50_2,-0.29183972,1.0318574
c_1_50_3,-1.3829564,-0.3567041
c_1_50_4,-0.23156428,2.5447912
c_1_50_5,-0.95970464,-1.3511573
c_1_50_6,-0.8687659,0.20295225
c_1_50_7,-0.6167521,0.7078218
c_1_50_8,-0.7151466,1.1950825
c_1_50_9,-1.690249,1.3504621
c_1_50_10,-1.9245666,-1.8153028
c_1_50_11,-1.6876744,0.79386497
c_1_50_12,-0.5992694,1.7930965
c_1_50_13,-1.3443865,1.8469356
c_1_50_14,-1.3490807,0.48432952
c_1_50_15,-2.0006733,2.7301114
c_1_50_16,-1.0292841,1.2347668
c_1_50_17,-1.4864776,0.7034421
c_1_50_18,-2.2226007,0.8060147
c_1_50_19,-0.19920604,1.4307075
c_1_50_20,-0.8213454,-1.8157995
c_1_50_21,-0.75166327,-0.5447524
c_1_50_22,-1.5037817,3.22233
c_1_50_23,-1.0894312,1.5382034
c_1_50_24,-1.6474354,5.7373157
c_1_50_25,-1.0767014,0.8545216
c_1_50_26,-0.4639628,1.6603519
c_1_50_27,-2.4359453,0.9348097
c_1_50_28,-1.7653997,1.7787817
c_1_50_29,-1.3033533,1.3876556
c_1_50_30,-1.4718753,1.1406636
c_1_50_31,-1.5479727,0.32208902
c_1_50_32,-1.4429079,0.65182096
c_1_50_33,-0.6395268,0.7256351
c_1_50_34,-1.0897129,3.1798825
c_1_50_35,-0.6759314,-0.59820384
c_1_50_36,-2.9144537,5.1998076
c_1_50_37,-1.6384608,1.5356508
c_1_50_38,-0.20786424,0.1723899
c_1_50_39,-1.8921298,4.784826
c_1_50_40,-0.702336,1.5830334
c_1_50_41,-1.2413297,1.1413158
c_1_50_42,-2.103674,1.0799876
c_1_50_43,-1.8790952,1.0998654
c_1_50_44,-4.255232,-2.0932395
c_1_50_45,-0.97089124,0.1399126
c_1_50_46,-0.74747026,1.3540227
c_1_50_47,-1.0450919,1.1783419
c_1_50_48,-0.5270441,0.13825618
c_1_50_49,-0.9949406,3.8653684
c_1_50_50,-2.0768547,4.527467
c_1_50_51,-1.9037014,-1.0307215
c_1_50_52,-2.6106539,1.0330014
c_1_50_53,-1.7866834,3.1675909
c_1_50_54,-1.4488274,3.2713609
c_1_50_55,-1.4131585,1.0004379
c_1_50_56,-1.8575718,2.854415
c_1_50_58,-1.6703048,3.075119
c_1_50_59,-1.4480109,3.4538126
c_1_50_60,-1.3651048,2.0854845
c_1_50_61,-2.4021916,3.3599982
c_1_50_62,-1.2354336,-0.41305757
c_1_50_63,-1.3366154,2.9402237
c_1_50_64,-2.0879781,2.6902826
c_1_50_65,-1.0345585,1.8157312
c_1_50_66,-0.94454837,1.2655417
c_1_50_67,-1.6467592,1.8955939
c_1_50_68,-0.8710022,2.3106954
c_1_50_69,-1.2612331,1.3185205
c_1_50_70,-1.5042541,1.6807967
c_1_50_71,-1.2950327,-2.8042243
c_1_50_72,-0.8949738,0.6809849
c_1_50_73,0.45487216,-1.3516302
c_1_50_74,-1.5896187,1.2658937
c_1_50_75,0.0026480346,-0.4011942
c_1_50_76,-2.065929,2.4510782
c_1_50_77,-1.1334119,2.807115
c_1_50_78,0.7033299,0.22628385
c_1_50_79,-2.2392719,2.7157605
c_1_50_80,-1.5901378,2.3165355
c_1_50_81,1.1033751,0.75642425
c_1_50_82,-0.29533765,0.92010903
c_1_50_83,-0.9260785,0.8887281
c_1_50_84,-0.6592929,-0.4638767
c_1_50_85,-2.768607,-2.6580338
c_1_50_86,-1.3891017,0.6325152
c_1_50_87,-0.17477113,0.7202942
c_1_50_88,0.50188845,0.20386511
c_1_50_89,-1.9837219,1.966209
c_1_50_90,-1.863576,2.0669994
c_1_50_91,-0.58574146,1.4115759
c_1_50_93,-0.53952163,1.3893268
c_1_50_94,-1.0133278,1.658466
c_1_50_95,-0.030598363,1.3478153
c_1_50_96,-0.1316859,-0.4949813
c_1_50_97,-1.2279677,1.4507724
c_1_50_98,0.45109886,0.05164272
c_1_50_99,-1.4060764,0.009044384
c_1_50_100,-2.5915809,2.295885
c_1_50_101,-1.5785234,2.756696
c_1_50_102,-1.069091,0.41623718
c_1_50_103,-0.97488916,1.7579992
c_1_50_104,1.7125088,0.7486689
c_1_50_105,-0.48728144,-0.32539916
c_1_50_106,-0.61843336,1.110506
c_1_50_107,0.6680428,-0.16010736
c_1_50_108,-1.3317591,2.114186
c_1_50_109,1.9356763,1.6436819
c_1_50_110,-0.9153672,1.1673611
c_1_50_111,-1.0601609,0.4832939
c_1_50_112,-0.571167,0.5726358
c_1_50_113,0.061126966,0.37663916
c_1_50_114,-2.563208,-2.6246061
c_1_50_115,-1.3921359,2.9493074
c_1_50_116,-2.3477557,2.838485
c_1_50_117,-3.2498174,2.7254772
c_1_50_118,-2.2718618,-3.2917616
c_1_50_119,0.12452572,-0.10554706
c_1_50_120,-0.81903696,0.39455318
c_1_50_121,0.17201571,0.29777348
c_1_50_122,-0.38288784,1.2650064
c_1_50_123,-1.8214165,-1.7828766
c_1_50_124,-1.1666116,0.7036515
c_1_50_125,-0.91671115,1.8129597
c_1_50_126,-1.803356,0.3365081
c_1_50_127,-0.8917001,1.8660668
c_1_50_128,-1.3075603,0.69794273
c_1_50_129,-2.051682,1.057081
c_1_50_130,0.7925225,0.02272928
c_1_50_131,-0.9343228,1.0945212
c_1_50_132,-0.44587776,3.3313842
c_1_50_133,-1.2970462,2.2989645
c_1_50_134,-0.452472,0.34745774
c_1_50_135,-1.2698797,1.2882572
c_1_50_136,-0.065138616,1.1096972
c_1_50_137,-2.770267,-1.1573033
c_1_50_138,-1.2298459,0.38347247
c_1_50_139,-0.88480586,1.0483304
c_1_50_140,-1.3440093,0.15388441
c_1_50_141,-0.38024992,-1.4742757
c_1_50_142,-0.6238879,0.80817705
c_1_50_143,-1.0671433,1.0789506
c_1_50_144,-3.1693947,-0.40599972
c_1_50_145,-1.0053935,-0.37332204
c_1_50_146,-0.7582608,-1.0059037
c_1_50_147,-0.7777225,1.1914852
c_1_50_148,-0.69312304,-0.38032806
c_1_50_149,-1.4643229,-0.13657005
c_1_50_150,-0.5715212,0.0532292
c_1_50_151,0.0204286,-0.8959916
c_1_50_152,-1.2949443,1.4914417
c_1_50_153,-0.6885167,-0.38960332
c_1_50_154,-2.4125628,0.54772514
c_1_50_155,-1.3026841,2.1402643
c_1_50_156,-1.5549634,0.011041655
c_1_50_157,-2.016,2.7976608
c_1_50_158,-1.9894067,-2.6418123
c_1_50_159,-0.20741333,0.7111951
c_1_50_160,-0.8275365,0.63944393
c_1_50_161,-3.0118074,-1.4791447
c_1_50_162,-0.016014645,1.8074391
c_1_50_163,-0.31471035,-0.67874295
c_1_50_164,-0.95629156,2.567297
c_1_50_165,-0.8784642,1.504862
c_1_50_166,-2.5314016,-1.4189978
c_1_50_167,-1.86309,1.7907714
c_1_50_168,0.9104192,-0.51168364
c_1_50_169,-2.458127,1.212193
c_1_50_170,-0.10458811,0.08218793
c_1_50_171,-1.1839489,2.2627664
c_1_50_172,-0.7360528,0.46038285
c_1_50_173,-0.53127027,-1.031532
c_1_50_174,-1.4316294,2.237094
c_1_50_175,-0.1036897,-0.4089781
c_1_50_176,-1.3378274,2.4272587
c_1_50_177,-0.19058791,0.12339833
c_1_50_179,-1.3419819,-1.0801038
c_1_50_180,-0.15921769,0.70174176
c_1_50_181,-1.305299,2.0829458
c_1_50_182,-2.129612,3.8671644
c_1_50_183,1.746157,-1.0828292
c_1_50_184,-1.6189631,0.38355798
c_1_50_185,-0.16296667,0.8115495
c_1_50_186,1.3539255,0.86904556
c_1_50_187,-0.87654024,0.43399322
c_1_50_188,-1.5662442,-0.8861366
c_1_50_189,1.463234,-1.2246213
c_1_50_190,-1.456728,1.7470843
c_1_50_191,0.61942405,-0.48991057
c_1_50_192,-1.6730944,2.944674
c_1_50_193,-0.24426581,-1.0574341
c_1_50_194,-1.4016758,2.0208287
c_1_50_195,-1.3626678,1.0416216
c_1_50_196,-1.5646795,0.96306133
c_1_50_197,-2.1778975,1.2895418
c_1_50_198,-2.7305672,2.327146
c_1_50_199,-1.6539683,1.572298
c_1_50_200,-1.7490954,1.3984585
c_1_50_201,-0.96684855,-1.947195
c_1_50_202,-1.5761898,2.7160058
c_1_50_203,-0.8282011,2.6974738
c_1_50_204,-1.3107467,1.7559863
c_1_50_205,-2.1639798,-0.6495665
c_1_50_206,-1.959274,3.4949887
c_1_50_207,-1.7517895,0.99687505
c_1_50_208,-1.4596066,0.999368
c_1_50_209,-0.4556012,2.3342762
c_1_50_210,-2.5021255,4.7403207
c_1_50_211,-0.90148,2.908966
c_1_50_212,-0.6385233,1.2838305
c_1_50_213,-0.35443607,0.45291397
c_1_50_214,-0.95350707,0.75210434
c_1_50_215,-2.1814404,0.5689282
c_1_50_216,-1.1345838,2.6943305
c_1_50_217,-1.1575834,0.607205
c_1_50_218,-1.130851,0.20528209
c_1_50_219,-0.8528462,2.4423704
c_1_50_220,0.77857614,1.4835975
c_1_50_221,-0.4401108,1.3219422
c_1_50_222,-1.3084329,1.6622187
c_1_50_223,-0.43008798,1.9034715
c_1_50_224,-0.11447307,1.3386629
c_1_50_226,-1.3631641,0.79328996
c_1_50_227,-0.59563726,0.43384773
c_1_50_228,-1.6151649,2.229657
c_1_50_229,-1.6251708,-0.8451845
c_1_50_232,-1.1339893,1.4518644
c_1_50_233,-1.5755342,0.6821612
c_1_50_234,-0.39265442,0.92779803
c_1_50_236,-1.0479537,0.8551485
c_1_50_237,-1.1342508,2.327269
c_1_50_238,0.26155147,1.8567066
c_1_50_239,-0.36644676,0.004895954
c_1_50_240,-1.9833277,2.0928707
c_1_50_241,-1.447803,1.6837459
c_1_50_242,-0.23198575,0.8118477
c_1_50_243,-0.8941929,0.431506
c_1_50_244,-1.3662503,2.0442472
c_1_50_245,-2.142428,1.7697668
c_1_50_246,-1.2866112,2.430306
c_1_50_247,0.36631143,-1.7192298
c_1_50_248,-0.69815737,0.26380098
c_1_50_249,-0.79042363,0.813798
c_1_50_250,-1.4465945,2.1076832
c_1_50_251,-1.4893218,0.5473965
c_1_50_252,-1.5127757,2.559109
c_1_50_253,-2.0274076,0.5249496
c_1_50_255,-2.1393077,0.6816933
c_1_50_256,-1.4254845,3.0343673
c_1_50_257,-1.3544025,1.0516543
c_1_50_258,-1.2461065,1.1440874
c_1_50_259,-2.0479355,2.7526941
c_1_50_260,-2.1156702,2.8202066
c_1_50_261,-0.6952576,3.29292
c_1_50_262,-1.2379781,1.6277026
c_1_50_263,-1.8607419,1.1537032
c_1_50_264,-0.93847555,1.0816668
c_1_50_265,-1.0713779,0.7004269
c_1_50_266,-1.1871787,1.0623494
c_1_50_267,-0.8838043,1.200976
c_1_50_268,-1.3042089,2.0326676
c_1_50_269,-1.5003101,1.1601324
c_1_50_270,-2.605772,-1.1504179
c_1_50_271,-2.1258333,1.7401195
c_1_50_272,-1.5994616,1.954979
c_1_50_275,-1.6738105,-0.3514017
c_1_50_276,-0.8906126,2.6311035
c_1_50_277,-1.0000166,1.8702692
c_1_50_278,-2.2513435,0.32351935
c_1_50_279,-1.0605923,-0.037103496
c_1_50_280,-1.9420949,-0.112154454
c_1_50_281,-1.7092487,1.8697335
c_1_50_282,-1.9937292,0.38624227
c_1_50_283,-1.5512332,2.5620944
c_1_50_284,-4.244096,-5.022578
c_1_50_285,-2.378566,-0.10907399
c_1_50_286,-0.66921353,2.2111585
c_1_50_287,-0.6207645,-0.17092478
c_1_50_288,-1.3804356,-0.53026026
c_1_50_289,-0.6422524,0.19524568
c_1_50_290,-2.7464225,1.0033263
c_1_50_291,-1.7219931,0.17027877
c_1_50_292,-3.0727634,-0.9791396
c_1_50_293,-0.87677,2.517738
c_1_50_294,-1.9732814,0.68823135
c_1_50_295,-1.3500751,-0.5586495
c_1_50_296,-1.039893,3.0609405
c_1_50_297,-1.7312921,0.4409485
c_1_50_298,-1.190914,1.372847
c_1_50_299,-2.593121,2.380005
c_1_50_300,-2.2827315,1.0528593
c_1_50_301,-2.6739118,2.281447
c_1_50_302,-2.1139095,2.8358386
c_1_50_303,-1.6531807,0.8636397
c_1_50_304,-1.1793671,1.8915823
c_1_50_305,-0.9551362,0.8063151
c_1_50_306,-1.4217014,2.543698
c_1_50_307,-4.6487503,-5.934804
c_1_50_308,-1.6115471,2.0978477
c_1_50_309,-0.8268335,1.1169192
c_1_50_310,-1.6988462,1.0127649
c_1_50_311,-1.9812907,2.9872398
c_1_50_312,-0.24348505,0.31620103
c_1_50_313,-1.7320664,2.3900764
c_1_50_314,-0.6673559,-0.57855415
c_1_50_315,-1.4216653,2.1329675
c_1_50_316,-2.2532976,5.349286
c_1_50_317,-0.49153316,-0.19179066
c_1_50_318,-1.1820536,0.62803257
c_1_50_319,-0.15362625,1.4599934
c_1_50_320,-1.0698215,1.7150631
c_1_50_321,-1.9533387,2.1860342
c_1_50_322,-1.4273995,1.480711
c_1_50_323,-0.6791396,-0.3248911
c_1_50_324,-1.4561682,4.0352154
c_1_50_325,-1.5300356,0.5970089
c_1_50_326,-3.2087872,1.8308238
c_1_50_327,-1.5894719,1.8378544
c_1_50_328,-1.1712556,0.23706974
c_1_50_329,-2.4365249,2.685923
c_1_50_330,-1.6321024,0.92978305
c_1_50_331,-1.8962569,-0.4643041
c_1_50_332,-0.8386907,2.4732404
c_1_50_333,-1.8414837,2.549617
c_1_50_334,-1.5503261,0.90290266
c_1_50_335,0.3713635,-0.617911
c_1_50_336,-1.7763094,1.2745628
c_1_50_337,-1.9306655,1.0174174
c_1_50_338,-0.51898247,0.9218532
c_1_50_339,-1.3898668,1.5965334
c_1_50_340,-1.5025474,2.5441787
c_1_50_341,-1.1587284,0.2978455
c_1_50_342,-1.6633513,1.3186735
c_1_50_343,-0.8644734,1.3641354
c_1_50_344,-1.6011293,0.3214276
c_1_50_345,-0.2619714,1.6083865
c_1_50_346,-1.1767161,1.224662
c_1_50_347,0.31291094,0.16688283
c_1_50_348,-1.0727122,-0.12808391
c_1_50_349,-0.5128974,2.53794
c_1_50_350,-2.8202887,1.5206387
c_1_50_351,-1.9180224,1.946699
c_1_50_352,-0.9085631,1.289008
c_1_50_353,-1.6835703,-0.35913947
c_1_50_354,0.032004192,2.3581343
c_1_50_355,-1.801623,0.47711185
c_1_50_356,-1.9071277,3.1846015
c_1_50_357,-1.0268309,-1.076415
c_1_50_358,-1.7723744,0.73545825
c_1_50_359,-1.6645094,0.95190525
c_1_50_360,0.57659143,0.7726851
c_1_50_361,-1.8649203,-1.4998822
c_1_50_362,0.17920674,0.18166545
c_1_50_363,-0.8212481,-0.8601305
c_1_50_364,-1.4629056,-0.6644724
c_1_50_365,-0.0737893,1.1907002
c_1_50_366,-0.40742588,0.43613467
c_1_50_367,-1.3914633,0.8564618
c_1_50_368,-1.9329077,0.2801243
c_1_50_369,-1.260336,-0.14865768
c_1_50_370,-0.81992155,0.9570192
c_1_50_371,-2.8287446,1.6151195
c_1_50_372,-0.18954895,0.112661205
c_1_50_373,-1.9403098,-1.6717825
c_1_50_374,-1.8373984,1.3068662
c_1_50_375,-1.8011127,-0.41272143
c_1_50_377,-0.5479881,-1.4601471
c_1_50_378,-2.8672974,-2.5132623
c_1_50_379,-1.340449,-0.3187829
c_1_50_381,-2.2000427,-0.32239252
c_1_50_382,-1.2594888,-0.03724706
c_1_50_384,-1.1305292,-0.1822077
c_1_50_385,-0.72176206,1.3417066
c_1_50_386,-1.5045472,-0.92451805
c_1_50_390,-2.3467855,4.24608
c_1_50_391,-0.8564954,-1.1144339
c_1_50_392,-0.78968406,-0.303184
c_1_50_395,-1.2049139,1.9118115
c_1_50_396,-0.85574734,0.72008127
c_1_50_397,-1.7464643,-2.024019
c_1_50_398,-4.253505,-5.3016415
c_1_50_399,-1.6701772,0.8407571
c_1_50_400,-0.42747298,-0.82649136
c_1_50_401,-1.1913332,1.5577714
c_1_50_402,-3.0309846,-0.40944076
c_1_50_403,-2.8140714,-1.791787
c_1_50_404,-0.83725244,3.116909
c_1_50_405,-1.2520677,-1.0381523
c_1_50_406,-1.7728336,0.9136154
c_1_50_407,-1.8485448,2.82338
c_1_50_408,-0.8077932,0.4232414
c_1_50_409,-1.3829589,2.009057
c_1_50_410,-4.3743443,-1.315373
c_1_50_411,-2.1925728,2.3304455
c_1_50_412,-1.0264268,1.3311379
c_1_50_413,-0.7810477,2.7813838
c_1_50_414,-0.85727185,2.292422
c_1_50_415,-3.599102,-4.91453
c_1_50_416,-5.6345024,-6.876954
c_1_50_417,-2.0662568,-0.6076936
c_1_50_418,-1.5768477,1.4904238
c_1_50_419,-1.3544673,0.5476079
c_1_50_420,0.5658172,0.10374379
c_1_50_422,-1.4504939,1.9800173
c_1_50_423,-2.7733476,-0.67760056
c_1_50_424,-1.3784465,1.1237235
c_1_50_425,-0.3517103,2.614482
c_1_50_426,-0.036758788,-1.6319413
c_1_50_427,-2.1505888,0.36951908
c_1_50_428,-1.6333542,2.060945
c_1_50_429,-0.93580294,0.5761852
c_1_50_430,-1.901222,0.15176718
c_1_50_431,-1.2906148,0.320296
c_1_50_432,-0.37452823,0.63339686
c_1_50_433,-2.4987326,0.48281813
c_1_50_434,-1.7760794,0.28589925
c_1_50_435,-0.80858076,-1.0166737
c_1_50_436,-1.1918173,1.1131667
c_1_50_437,-1.8765808,2.3447435
c_1_50_438,-1.9416536,-0.15847045
c_1_50_439,-1.0973914,2.9878016
c_1_50_440,-1.4049573,0.90378153
c_1_50_441,-3.3160002,2.6905255
c_1_50_442,0.2569989,0.40754262
c_1_50_443,-3.281911,3.7814178
c_1_50_444,-1.451483,1.5390991
c_1_50_445,-2.437989,-0.09624049
c_1_50_446,-1.8090041,-2.4214332
c_1_50_447,-1.3207262,0.9270705
c_1_50_448,-1.2656535,1.7837274
c_1_50_449,-1.3669153,1.4186018
c_1_50_450,-0.7859966,1.8885542
c_1_50_451,-1.6968518,1.2495129
c_1_50_452,0.31263152,1.4152626
c_1_50_453,-2.615739,1.7102557
c_1_50_454,0.124927394,-1.5867838
c_1_50_455,-1.9734111,-1.9974926
c_1_50_456,-2.9729269,-1.3150716
c_1_50_457,-2.0446792,2.3547606
c_1_50_458,-1.4520539,3.320337
c_1_50_459,-0.9113022,-0.5136966
c_1_50_460,-0.59967285,1.2857764
c_1_50_461,-1.9590547,2.3280616
c_1_50_462,-0.69744396,0.082862355
c_1_50_463,-1.2059163,2.0860379
c_1_50_464,-0.84655,1.1492009
c_1_50_465,-0.11939678,0.8486934
c_1_50_466,0.092973135,1.1531335
c_1_50_467,-2.6842554,1.2093337
c_1_50_468,-1.337458,1.9342856
c_1_50_469,-1.0007886,1.5987238
c_1_50_470,-1.3394088,1.5051999
c_1_50_471,-1.6667585,-0.63833886
c_1_50_472,-2.3386552,2.0083923
c_1_50_473,-1.1895363,1.777546
c_1_50_474,-0.5307979,2.733068
c_1_50_475,-2.7889495,1.1471565
c_1_50_476,-1.8431311,0.8012261
c_1_50_477,0.3876003,1.028865
c_1_50_478,-4.887422,-5.6063128
c_1_50_479,-2.2882771,2.4068127
c_1_50_480,-1.2822504,2.0775971
c_1_50_481,0.018209105,0.946256
c_1_50_482,-1.5436311,-1.6322024
c_1_50_483,-1.2073125,1.266201
c_1_50_484,-4.1248302,-4.295745
c_1_50_485,-0.976827,2.8640418
c_1_50_486,-1.9861525,1.7790378
c_1_50_487,-1.5729816,2.023
c_1_50_488,-0.9009944,3.7528324
c_1_50_489,-1.9615884,1.2717924
c_1_50_490,-0.6361964,1.068274
c_1_50_491,-0.7559018,2.5205498
c_1_50_492,-1.3497665,-1.2058469
c_1_50_494,-1.8752288,2.959165
c_1_50_495,-1.9570441,-0.7545694
c_1_50_496,-0.77611345,-0.4979928
c_1_50_497,-2.4659977,3.0350194
c_1_50_498,-0.3830655,2.2547677
c_1_50_499,-1.1832268,0.47694397
c_1_50_500,-4.322321,-7.153333
c_1_50_501,-1.3329403,-1.4741708
c_1_50_502,-2.7331638,-1.8978461
c_1_50_503,-0.20073439,-0.70504
c_1_50_504,-2.075999,1.6812752
c_1_50_505,-4.1060486,-3.6125119
c_1_50_506,0.47583684,0.58545333
c_1_50_507,-1.000928,0.52568215
c_1_50_508,-0.47270557,0.6389998
c_1_50_509,0.045385025,-0.05286224
c_1_50_510,-0.91459304,1.2708806
c_1_50_512,-1.8243766,1.6622738
c_1_50_513,-0.8896593,2.6678042
c_1_50_514,-3.3774745,-3.404905
c_1_50_515,-1.1892543,-2.2201402
c_1_50_516,-0.479207,-0.10435171
c_1_50_517,-0.7558017,-1.1677083
c_1_50_518,1.028131,-0.65308374
c_1_50_519,-0.9119133,0.95010394
c_1_50_520,-2.0789025,1.4967228
c_1_50_521,-1.6632155,1.4501963
c_1_50_522,0.3205151,0.99907845
c_1_50_523,-1.5980462,1.9294151
c_1_50_524,-1.4875977,1.5135574
c_1_50_525,-5.0906672,-3.8777056
c_1_50_526,-1.0291079,-1.1087661
c_1_50_527,-1.7571895,1.8902234
c_1_50_528,-1.7454369,2.2390664
c_1_50_529,0.157442,-0.52373624
c_1_50_530,-0.7798632,-0.34926033
c_1_50_531,-0.62393504,-1.0755109
c_1_50_532,-2.1713283,1.0294017
c_1_50_533,-0.6674083,0.711291
c_1_50_534,-1.769567,-0.01281005
c_1_50_535,-0.38473767,0.2547232
c_1_50_536,-1.4869378,-0.016653815
c_1_50_537,-1.6448021,2.5429664
c_1_50_538,0.5493333,-1.470534
c_1_50_539,-2.5354633,-4.401106
c_1_50_540,-0.12888491,2.8174868
c_1_50_541,-1.8320847,0.30382285
c_1_50_542,-1.3247683,-1.5047823
c_1_50_543,-0.5510139,1.2943265
c_1_50_544,-0.8171088,0.6694672
c_1_50_545,-0.688405,-1.4558637
c_1_50_546,0.6080196,0.18998715
c_1_50_547,-0.62330216,1.7454967
c_1_50_548,-1.8094844,2.2765265
c_1_50_549,-1.24943,-0.28430223
c_1_50_550,-1.8998077,-1.3562925
c_1_50_551,-3.5198257,0.74812436
c_1_50_552,0.24312033,0.681532
c_1_50_553,-2.20633,-1.7401118
c_1_50_554,-2.1397853,3.7454324
c_1_50_555,-0.071382426,0.48415527
c_1_50_556,-1.4764543,2.7291527
c_1_50_557,-1.4162793,1.1553427
c_1_50_558,-0.010718141,0.3835647
c_1_50_559,-0.35238305,0.8591849
c_1_50_560,-1.0882419,2.0948534
c_1_50_561,0.5380184,-0.021012025
c_1_50_562,-2.4542272,1.2362559
c_1_50_563,-1.0019467,0.21626377
c_1_50_564,-1.749303,-0.46294993
c_1_50_565,-1.6712999,-0.918968
c_1_50_566,0.024551053,-0.38718757
c_1_50_567,-1.0019385,-0.096664794
c_1_50_568,-1.6337403,0.7676615
c_1_50_569,-1.7359861,-0.03034891
c_1_50_570,-1.1060572,-0.34347323
c_1_50_571,-0.4539051,1.2068875
c_1_50_572,-0.60054696,1.1277164
c_1_50_573,-2.1142855,-0.39699477
c_1_50_575,-3.2436018,-3.4105616
c_1_50_576,-0.3909986,0.75231045
c_1_50_577,-0.4255046,-1.8473043
c_1_50_578,-1.9281564,-2.2405846
c_1_50_579,-3.3571465,1.9372481
c_1_50_580,-2.0710652,3.7014112
c_1_50_581,-1.2896858,0.6602127
c_1_50_582,-0.061040178,-0.72593486
c_1_50_583,0.48203263,1.1725034
c_1_50_584,-0.26557934,-0.25185084
c_1_50_585,-2.7619145,-1.1579524
c_1_50_586,-0.084829934,1.126196
c_1_50_587,-1.7124856,1.8332679
c_1_50_588,-3.5106652,-0.8852728
c_1_50_589,-1.6023027,1.3844265
c_1_50_590,-0.95829046,0.7290112
c_1_50_591,-0.517322,1.0424597
c_1_50_592,-1.2809936,3.0385332
c_1_50_593,-2.3180811,0.83897316
c_1_50_594,-3.052626,2.378534
c_1_50_595,-1.626299,2.2441897
c_1_50_596,-1.4952526,2.7704668
c_1_50_597,-2.5054836,0.032308683
c_1_50_599,-1.1840163,2.0359862
c_1_50_600,-0.50289035,2.8718145
c_1_50_601,-1.4775847,-0.9619803
c_1_50_602,-2.8381202,-3.198675
c_1_50_603,-2.5517287,4.5122995
c_1_50_605,-1.9296863,3.518464
c_1_50_606,-1.2519954,0.3635616
c_1_50_607,0.09078899,0.3867654
c_1_50_608,0.1409131,0.042352516
c_1_50_609,-0.08449343,-0.90265197
c_1_50_610,-1.5136046,1.7207354
c_1_50_611,-0.32101604,4.617505
c_1_50_612,-1.7475649,-2.5260174
c_1_50_613,-2.4445648,-1.6452625
c_1_50_614,-3.1906757,0.9627609
c_1_50_615,-1.979624,3.7551591
c_1_50_616,-2.398001,-0.4580692
c_1_50_617,-0.23726389,0.0922581
c_1_50_618,-2.398005,-0.6080265
c_1_50_619,-1.2991962,1.1090683
c_1_50_620,-0.8899084,2.6132145
c_1_50_621,-1.4819187,-0.14280598
c_1_50_622,-1.8429743,0.5815318
c_1_50_623,-0.61598223,0.16605307
c_1_50_625,-0.4591893,-1.3836569
c_1_50_626,-2.019044,3.6126673
c_1_50_627,-1.1887264,-1.4526454
c_1_50_628,-1.4064004,-0.3822436
c_1_50_629,-2.0012136,1.3681089
c_1_50_630,-1.984273,-0.43915337
c_1_50_631,-0.3360992,-0.068692654
c_1_50_632,0.2175689,-0.19760503
c_1_50_633,-0.72925586,1.8011193
c_1_50_634,-1.0892421,4.570154
c_1_50_635,-1.0689645,1.3525562
c_1_50_636,-1.797972,1.2632807
c_1_50_637,-0.5537246,-1.3231535
c_1_50_638,-0.94839543,1.07563
c_1_50_639,-4.909801,-4.305298
c_1_50_640,-5.3366547,-5.0786552
c_1_50_641,-1.7878081,2.2092383
c_1_50_642,-1.2483588,2.0864472
c_1_50_643,-1.5129548,1.8121784
c_1_50_644,-1.9336069,0.29625347
c_1_50_645,-0.91285414,-2.0456476
c_1_50_646,-0.94045514,1.071866
c_1_50_647,-1.6376175,-0.7463015
c_1_50_648,-0.5087827,2.166179
c_1_50_650,-0.43407765,1.8538995
c_1_50_651,-2.1457365,0.8128953
c_1_50_652,-3.5160866,-2.1391492
c_1_50_653,-6.485221,-7.398681
c_1_50_654,-2.200787,-1.5498995
c_1_50_655,-1.3453342,0.8278961
c_1_50_656,-1.7656543,-1.7531717
c_1_50_658,-0.9921505,-0.060051695
c_1_50_659,0.28050783,0.44163725
c_1_50_660,-4.276316,-1.4090701
c_1_50_661,-3.1612365,-3.402113
c_1_50_662,-2.421824,0.5331209
c_1_50_663,-3.0956964,3.4110239
c_1_50_664,-3.113192,1.0828855
c_1_50_665,-1.0108753,0.16179314
c_1_50_666,-2.0103812,-2.2085583
c_1_50_667,-4.0925636,-5.0383115
c_1_50_668,-1.0693991,1.6258363
c_1_50_669,-1.2999363,-0.04648021
c_1_50_670,-0.6327736,0.52283835
c_1_50_671,-2.3477092,-3.1755106
c_1_50_672,0.15981913,0.29716334
c_1_50_673,-1.3101001,1.4878567
c_1_50_675,-0.59500533,0.6640738
c_1_50_676,-5.6031322,-6.065446
c_1_50_677,-0.6902311,-0.7089065
c_1_50_678,-1.4801322,1.6411903
c_1_50_679,-0.3014729,1.4418129
c_1_50_680,-1.704244,-0.9004992
c_1_50_681,-3.7152572,-1.8575567
c_1_50_682,-2.593121,2.3567243
c_1_50_683,-0.9407019,-1.1141725
c_1_50_684,-1.7924994,0.4209309
c_1_50_685,-0.019350175,0.05990524
c_1_50_686,-2.248034,-4.4821076
c_1_50_688,-0.031556983,-0.64669245
c_1_50_689,-0.65219516,0.7654594
c_1_50_690,-0.23753837,0.17546788
c_1_50_691,-0.03148451,0.3103501
c_1_50_693,-2.4467692,1.6056802
c_1_50_694,-1.3890209,2.2208693
c_1_50_695,-1.7998432,1.3581625
c_1_50_696,-1.9721619,1.4419425
c_1_50_697,-0.6502233,2.1304479
c_1_50_698,-1.7070357,0.49930757
c_1_50_699,-1.1887714,2.4593518
c_1_50_700,-1.0536041,-1.5938227
c_1_50_701,-0.78303224,-0.23976035
c_1_50_702,-1.0294793,1.829323
c_1_50_703,-2.0972295,2.6722713
c_1_50_704,-1.8383261,-1.4166595
c_1_50_705,-1.5204285,1.948648
c_1_50_706,-1.6410061,1.3315363
c_1_50_708,-0.80428904,1.0001001
c_1_50_709,-2.0842931,1.5306191
c_1_50_710,-1.7574742,2.6523488
c_1_50_711,-1.3284569,0.8137386
c_1_50_712,-0.98270696,-1.9692931
c_1_50_714,-2.1138375,1.6012217
c_1_50_715,-1.6269119,4.229266
c_1_50_716,0.54619503,0.70461226
c_1_50_717,-1.6663587,2.0428193
c_1_50_718,-1.4047266,2.6127486
c_1_50_720,-1.2431138,1.6337017
c_1_50_721,0.05054496,-0.19090495
c_1_50_722,-3.0322487,-3.3630755
c_1_50_723,-1.4671915,2.0058742
c_1_50_724,-1.2241883,0.30452332
c_1_50_725,-1.2828231,1.7777435
c_1_50_726,-0.4939186,0.53629476
c_1_50_727,-3.7546842,-2.7097692
c_1_50_728,-6.4406276,-4.50177
c_1_50_729,0.15000731,0.42327702
c_1_50_730,-1.0489162,0.976365
c_1_50_731,-0.22049484,0.8327651
c_1_50_732,-3.19414,-1.8255949
c_1_50_733,-0.52468884,-1.1287069
c_1_50_734,-0.7311487,1.8583413
c_1_50_735,1.0723125,-1.569069
c_1_50_736,-0.67302734,1.26618
c_1_50_737,0.32475406,-0.32062647
c_1_50_738,-1.3734791,0.41515213
c_1_50_739,-1.1260753,-0.55794615
c_1_50_740,-1.5861511,0.9140449
c_1_50_741,-1.3505825,2.373688
c_1_50_742,-1.835666,-0.9147124
c_1_50_743,-1.6602418,-1.4482721
c_1_50_744,0.71479666,0.8531359
c_1_50_745,-2.4422948,2.3069625
c_1_50_746,1.0728673,-0.41110542
c_1_50_748,-0.099927336,-0.01847288
c_1_50_749,-0.31316003,-0.25674158
c_1_50_750,0.99106103,-1.2252067
c_1_50_751,-1.2099308,-0.3595281
c_1_50_752,-1.7352477,-1.5339582
c_1_50_753,-0.90758103,0.6891604
c_1_50_754,-0.8097734,1.9988037
c_1_50_755,-3.654935,-3.6626089
c_1_50_757,-0.8172508,0.15423757
c_1_50_758,-2.5942633,-2.6097965
c_1_50_759,-0.5824343,-0.5441787
c_1_50_760,-1.086327,1.8608204
c_1_50_761,0.8366324,-0.77508575
c_1_50_762,-1.272982,2.4150114
c_1_50_763,-1.239217,1.0401632
c_1_50_764,-2.227023,-2.0060303
c_1_50_765,-4.3654647,-6.6688204
c_1_50_766,-0.350013,0.33168864
c_1_50_767,-0.93533146,0.11963008
c_1_50_768,-0.4235157,0.7589408
c_1_50_769,-1.1890848,-0.89265496
c_1_50_770,-5.848255,-4.594962
c_1_50_771,-0.5490131,2.0973034
c_1_50_772,0.16684341,-0.36005676
c_1_50_773,-1.4859022,1.1486936
c_1_50_774,-2.2567098,-1.1579721
c_1_50_775,-1.4716007,0.8117229
c_1_50_777,-2.0747597,-0.90736187
c_1_50_778,-1.1897783,3.2716737
c_1_50_779,-1.6021947,0.73119473
c_1_50_780,-0.89764804,0.43632784
c_1_50_781,-2.4923878,-2.6337767
c_1_50_782,-2.1858292,1.0906222
c_1_50_783,-1.868132,-1.4892933
c_1_50_784,-1.1246955,2.148367
c_1_50_785,-1.5679183,1.498108
c_1_50_786,-1.391303,-0.25809178
c_1_50_787,-1.8170497,0.853011
c_1_50_789,-2.0171661,-1.7665646
c_1_50_790,-2.6038682,-3.6810346
c_1_50_791,-5.026506,-5.0913734
c_1_50_792,-2.1189785,-2.4437406
c_1_50_793,-0.73168856,1.9843086
c_1_50_795,-1.792756,0.9622658
c_1_50_796,-3.2909853,-1.185047
c_1_50_797,-2.8419912,2.000139
c_1_50_798,-1.4588941,1.0519426
c_1_50_799,-1.3357841,1.359607
c_1_50_800,-1.2241389,-0.120243445
c_1_50_801,2.1610186,-0.7716009
c_1_50_802,-0.81568927,0.4983607
c_1_50_803,-4.7958293,-4.613279
c_1_50_804,-0.55359745,-1.8227713
c_1_50_806,-2.7396696,-1.4346646
c_1_50_807,-4.188861,-4.359144
c_1_50_808,-1.6040885,0.8549895
c_1_50_809,-4.0714207,-3.3933208
c_1_50_810,-2.1156855,-0.66749614
c_1_50_811,-3.6762486,-4.7562213
c_1_50_812,-1.5354518,0.8011569
c_1_50_813,-0.24409528,-0.7332532
c_1_50_814,0.82765275,0.6398752
c_1_50_815,-0.3251184,0.5796424
c_1_50_816,-0.36087334,-0.12421454
c_1_50_817,0.5051396,-1.5789458
c_1_50_818,-0.61210847,-0.2430833
c_1_50_819,-0.9795464,0.90261185
c_1_50_820,-1.5653505,-1.0246568
c_1_50_821,-1.8469278,-0.26691446
c_1_50_822,-0.7518806,-0.72200954
c_1_50_823,-0.7106662,-2.1373565
c_1_50_824,-0.92002314,-2.7974408
c_1_50_825,-1.9111689,-1.5136979
c_1_50_826,-0.89632237,-1.6426071
c_1_50_827,-2.908427,1.0977705
c_1_50_828,-1.1241627,2.269305
c_1_50_829,1.7226999,-2.5851355
c_1_50_830,-1.3826845,0.39197072
c_1_50_831,-2.7382457,-2.6446273
c_1_50_832,-0.69735223,1.9801601
c_1_50_833,1.680433,-1.8350631
c_1_50_834,-4.5585103,-4.0946875
c_1_50_835,-1.4614272,-0.7157092
c_1_50_836,-1.5705488,-1.7452844
c_1_50_837,0.8972538,-0.39716375
c_1_50_838,-1.5313739,-1.738564
c_1_50_839,-5.313103,-7.758756
c_1_50_840,-1.9230317,0.3550059
c_1_50_841,0.92595965,-0.59451485
c_1_50_842,-1.3811557,-0.8477516
c_1_50_843,-1.6785882,-0.1606127
c_1_50_844,0.38093776,1.078541
c_1_50_845,1.9057462,0.15419869
c_1_50_846,-1.7460748,0.6571514
c_1_50_847,2.6992,-1.7334627
c_1_50_849,-1.4816116,0.124745905
c_1_50_850,-0.8043352,-1.7932022
c_1_50_851,-0.9480678,2.9735694
c_1_50_852,-1.4573898,1.2474738
c_1_50_853,-0.10072787,-1.6062764
c_1_50_854,-0.77522546,-0.61029935
c_1_50_855,-4.189528,-6.0360293
c_1_50_856,-0.31081837,0.4878939
c_1_50_857,-2.8878644,-1.8971071
c_1_50_858,-0.22172342,-0.24860263
c_1_50_859,-0.7106363,0.4758677
c_1_50_861,-1.10955,-1.9701254
c_1_50_862,-1.7814704,1.9167548
c_1_50_863,1.2838414,-1.1187361
c_1_50_864,-1.6459637,-0.6274901
c_1_50_865,-1.250569,-1.5514104
c_1_50_866,0.34539905,-0.1561886
c_1_50_867,-1.0370467,1.3210707
c_1_50_868,-0.57276654,0.6035975
c_1_50_869,1.5823772,-3.005171
c_1_50_870,-1.086659,-0.17071742
c_1_50_871,-0.6541211,-2.2176497
c_1_50_873,-2.9638896,-4.241775
c_1_50_874,-2.2052436,-1.195681
c_1_50_876,-0.6321718,-0.03775802
c_1_50_877,-0.57122505,0.9035279
c_1_50_879,-1.5326831,0.62582576
c_1_50_880,0.4600262,-1.7952198
c_1_50_881,1.6334907,-3.4475718
c_1_50_882,1.1537373,-1.5160952
c_1_50_883,-2.0748622,-1.4435989
c_1_50_884,-1.8877497,1.8185401
c_1_50_885,-3.868363,-4.390616
c_1_50_886,-0.7876396,-0.3322387
c_1_50_887,-0.4759255,0.8962287
c_1_50_888,-1.6399245,-0.6161974
c_1_50_889,-1.3961197,-1.7456505
c_1_50_890,-0.013097039,-0.99068844
c_1_50_891,-1.7053114,-0.31367564
c_1_50_892,-1.5738252,-0.898944
c_1_50_893,-1.8659294,0.8502054
c_1_50_894,-2.038656,-0.7285666
c_1_50_895,-1.3962549,1.0872284
c_1_50_896,-4.076177,-3.6419327
c_1_50_897,-1.852529,-0.03681523
c_1_50_898,-1.8704168,1.9973288
c_1_50_899,1.1846973,-1.0272593
c_1_50_900,-0.88287115,0.4377552
c_1_50_901,-0.8273594,1.0035417
c_1_50_902,-2.707191,-0.81564295
c_1_50_903,-4.944816,-4.6193485
c_1_50_904,0.5178197,-2.0502505
c_1_50_906,-0.4915062,0.8980283
c_1_50_907,-0.62571776,0.10384654
c_1_50_908,-1.6968709,2.204552
c_1_50_909,-3.7712903,-3.8254585
c_1_50_910,0.3217622,0.22763151
c_1_50_911,-1.3567041,0.08605575
c_1_50_912,-0.4618451,0.4582233
c_1_50_913,-1.1415719,0.15694614
c_1_50_914,-0.6444969,-0.1645543
c_1_50_915,-1.3455725,0.8138409
c_1_50_916,-0.820528,1.0997728
c_1_50_917,-2.2899954,-0.14626826
c_1_50_918,-1.0184741,0.48676714
c_1_50_919,0.33593515,-0.1264782
c_1_50_920,0.22973603,-0.022028193
c_1_50_921,0.24370472,0.615227
c_1_50_922,-1.116951,1.5720208
c_1_50_923,-1.160045,2.5946157
c_1_50_924,-0.26161665,-0.0024662071
c_1_50_925,0.09305016,-0.10345577
c_1_50_926,0.19412582,1.9733714
c_1_50_927,-1.131032,1.278819
c_1_50_928,-4.48364,-2.5843477
c_1_50_929,-1.4815315,3.5155945
c_1_50_931,-0.2532033,0.74871546
c_1_50_932,0.6093282,0.325511
c_1_50_933,-1.6169176,2.591869
c_1_50_934,-1.752442,-2.4865687
c_1_50_935,0.00896841,0.038776785
c_1_50_936,-2.830324,2.646893
c_1_50_937,-0.98396385,3.2149742
c_1_50_938,-2.8803601,-0.45784676
c_1_50_939,-0.27068004,0.55223536
c_1_50_940,-0.68231726,-1.71523
c_1_50_941,-2.3481803,4.562465
c_1_50_942,-5.075406,-2.9847836
c_1_50_943,0.29786032,-0.7908865
c_1_50_944,-1.140014,3.7925682
c_1_50_945,-0.98507917,4.541769
c_1_50_947,-0.4826572,0.61001194
c_1_50_948,-1.3966268,2.294637
c_1_50_949,-1.9136218,-0.49562714
c_1_50_950,-1.786923,2.9865599
c_1_50_951,1.538747,-2.205436
c_1_50_952,-0.13523227,-0.24906431
c_1_50_953,0.21070515,-0.48115307
c_1_50_954,-1.4713837,1.053508
c_1_50_955,-5.9036584,2.2907586
c_1_50_956,-2.7165377,-1.5159371
c_1_50_957,-1.4742006,3.1609435
c_1_50_958,0.11815862,0.577164
c_1_50_959,0.30180967,0.89732915
c_1_50_960,-2.4431617,2.4503653
c_1_50_961,-1.7599084,-1.6522682
c_1_50_962,-2.2719486,0.95400864
c_1_50_963,-1.0969101,0.9275946
c_1_50_964,-0.74146444,0.7797668
c_1_50_965,-0.3263057,2.1209743
c_1_50_966,-1.0339665,2.1188915
c_1_50_967,-0.7401938,0.07376114
c_1_50_968,-1.5314614,-0.21485567
c_1_50_969,-3.3367488,-1.0479144
c_1_50_970,-1.3955426,4.0600095
c_1_50_971,-1.9277148,1.1490386
c_1_50_972,-1.3682706,1.6969475
c_1_50_973,-0.8904552,2.0114586
c_1_50_974,-1.5319643,0.68817997
c_1_50_975,-1.3744397,1.961164
c_1_50_976,-0.5242337,0.702983
c_1_50_977,-0.15027215,0.42738587
c_1_50_978,-0.7981386,-0.4313116
c_1_50_979,-0.8091941,-0.41195178
c_1_50_980,-0.8902991,0.4136409
c_1_50_981,-0.54440993,2.3851843
c_1_50_982,-1.316007,0.81366307
c_1_50_983,0.14343655,-0.8791669
c_1_50_984,-1.8862275,-0.25514388
c_1_50_985,-1.7669842,-0.2544764
c_1_50_986,-1.5887626,2.564829
c_1_50_987,-0.521249,0.6471142
c_1_50_988,-1.8880739,1.691898
c_1_50_989,-1.2823561,0.9589934
c_1_50_990,-0.7023382,0.076093204
c_1_50_991,-1.1943203,-0.22178161
c_1_50_992,-0.54254323,-0.91789556
c_1_50_993,2.3573647,-0.5468004
c_1_50_994,-2.18018,-2.0232553
c_1_50_995,-1.6672016,0.04332247
c_1_50_996,-0.23897955,1.0413948
c_1_50_997,-2.1505494,-3.6535273
c_1_50_998,1.0333816,-0.779234
c_1_50_999,-2.3246312,2.169546
c_1_50_1000,-1.9764239,0.97778606
c_1_50_1001,-0.6602704,-0.3159149
c_1_50_1002,-1.2171454,-1.3694845
c_1_50_1003,-1.4783463,0.21722677
c_1_50_1004,-2.907172,-0.74230474
c_1_50_1005,4.152168,-2.3009522
c_1_50_1006,-3.0846643,-2.8313806
c_1_50_1007,-5.267054,-5.767429
c_1_50_1008,-2.1228216,1.6273258
c_1_50_1009,-0.34247983,-1.8780501
c_1_50_1010,-0.68752676,-1.1060413
c_1_50_1011,-0.6533994,1.2975398
c_1_50_1012,-2.902806,-1.9897956
c_1_50_1013,-1.3894916,-1.6330577
c_1_50_1014,1.2482297,-1.0900545
c_1_50_1015,-0.65484285,0.26870316
c_1_50_1016,-0.32973972,0.35195696
c_1_50_1017,-2.0363722,1.7188048
c_1_50_1018,-1.5553889,-0.6917227
c_1_50_1019,-3.7371304,-4.0623765
c_1_50_1020,-4.1086817,-3.9950624
c_1_50_1021,-1.227389,-0.26198524
c_1_50_1022,-0.3637333,-1.6030895
c_1_50_1023,-1.0384432,-1.6491408
c_1_50_1024,-2.3904128,-1.0770903
c_1_50_1025,-2.6752708,-1.1175505
c_1_50_1026,-0.48023626,0.07747817
c_1_50_1027,-1.148268,1.7706665
c_1_50_1028,-0.951768,-0.0492971
c_1_50_1029,-0.47277978,1.0525327
c_1_50_1030,-1.5081062,0.593238
c_1_50_1031,-4.437199,-5.0607843
c_1_50_1032,1.6482742,0.11552247
c_1_50_1034,0.34258923,0.44298047
c_1_50_1035,-1.0987821,1.3479286
c_1_50_1036,-1.0502086,0.28001443
c_1_50_1037,-3.7581296,-4.018753
c_1_50_1038,0.78955036,0.67844844
c_1_50_1039,-1.458622,0.97823447
c_1_50_1040,-0.501868,0.99444187
c_1_50_1041,-1.5254688,-1.5018077
c_1_50_1042,-0.16670664,1.3142751
c_1_50_1043,-0.5433923,0.34171164
c_1_50_1044,-1.1551167,-1.927408
c_1_50_1045,-4.600638,-3.3982573
c_1_50_1046,0.2859446,0.5952168
c_1_50_1047,-0.14488731,2.4467063
c_1_50_1048,-2.2603297,2.6695309
c_1_50_1049,-2.1889265,-1.5661144
c_1_50_1050,-1.236411,0.7504996
c_1_50_1051,-2.0263119,2.38628
c_1_50_1052,-1.136484,1.4802475
c_1_50_1053,-1.2158252,-1.3687407
c_1_50_1054,-0.40402573,-1.8701512
c_1_50_1055,0.23003115,0.23275563
c_1_50_1056,-0.39149708,2.3938081
c_1_50_1057,0.097754784,0.2107188
c_1_50_1058,-1.9773432,0.116496585
c_1_50_1059,-0.10685005,1.7155017
c_1_50_1060,-1.842049,1.7360694
c_1_50_1061,-3.0722382,-4.050744
c_1_50_1062,-2.5408916,0.95150876
c_1_50_1063,-5.5584397,-5.1996665
c_1_50_1064,-1.6165442,2.2651374
c_1_50_1065,-2.9261982,-1.5296462
c_1_50_1066,0.17181388,-0.0054554166
c_1_50_1067,-1.3548669,0.006770236
c_1_50_1068,-1.0298852,1.9183317
c_1_50_1069,-0.45479688,-0.49845707
c_1_50_1070,1.750405,-0.59171325
c_1_50_1071,-1.726476,-0.28143167
c_1_50_1072,-1.2185338,1.067924
c_1_50_1073,0.0042952998,0.7082182
c_1_50_1075,-4.6730657,-4.8904285
c_1_50_1076,-0.8367047,0.24930942
c_1_50_1077,-2.164903,2.6863708
c_1_50_1078,-4.1618247,-5.4183445
c_1_50_1079,-0.49519175,1.8016346
c_1_50_1080,-3.9284267,-4.92395
c_1_50_1081,-0.97360915,1.4236144
c_1_50_1082,-3.08355,-0.16349311
c_1_50_1083,-1.3569527,2.1802506
c_1_50_1084,-1.3132744,4.182868
c_1_50_1085,-1.8869712,-2.9270592
c_1_50_1086,-3.483926,-4.1583724
c_1_50_1087,-3.3790977,1.5355572
c_1_50_1088,-1.4875948,1.5620548
c_1_50_1089,-1.6181816,-0.13165863
c_1_50_1090,-2.0763369,2.392192
c_1_50_1091,-1.625888,2.965421
c_1_50_1092,-1.2360934,2.4467154
c_1_50_1093,-1.5651791,1.3368121
c_1_50_1094,0.29982132,0.7766159
c_1_50_1095,-1.0554339,0.59813493
c_1_50_1096,-2.5675666,3.591098
c_1_50_1097,-0.7424141,-0.38168016
c_1_50_1098,-0.6064985,1.0704812
c_1_50_1099,-0.002889125,2.7182152
c_1_50_1100,-1.3763523,3.360522
c_1_50_1101,-1.7419387,-0.328957
c_1_50_1102,-2.1291132,-1.3615279
c_1_50_1103,0.32444972,-0.15735997
c_1_50_1104,-2.3408227,-0.8321631
c_1_50_1105,-1.0508504,1.1083472
c_1_50_1106,-1.4331764,1.3600676
c_1_50_1107,-3.625371,-4.025525
c_1_50_1108,0.68495184,0.39469
c_1_50_1109,-1.0568099,1.7873145
c_1_50_1110,-0.23578283,0.348173
c_1_50_1111,-2.1113958,-0.21930596
c_1_50_1112,-1.2455196,-0.78561443
c_1_50_1113,-2.3232226,-3.681121
c_1_50_1114,-1.1828089,-2.0527377
c_1_50_1115,-1.6408702,2.1310236
c_1_50_1116,-1.7855715,-2.0073001
c_1_50_1117,-0.639855,0.44372636
c_1_50_1118,-0.59975153,1.8613892
c_1_50_1119,-1.1797905,1.0790147
c_1_50_1120,-2.493316,1.9721713
c_1_50_1121,-1.2132818,2.746354
c_1_50_1122,-2.5479906,-1.8429416
c_1_50_1123,-0.12518604,0.5757618
c_1_50_1124,-0.70951504,2.3592017
c_1_50_1125,-2.8816977,2.0435803
c_1_50_1126,0.38808936,-0.21567336
c_1_50_1127,-1.8159295,1.7474864
c_1_50_1128,-4.3610573,-3.790827
c_1_50_1129,-2.230376,1.4118004
c_1_50_1130,-1.6525646,0.33645937
c_1_50_1131,-0.764567,-0.861837
c_1_50_1132,-5.0479956,-3.8960733
c_1_50_1133,-1.4322429,0.19766389
c_1_50_1134,-0.85398126,2.3780832
c_1_50_1135,2.5779705,0.24074931
c_1_50_1136,-0.34149832,-1.0474323
c_1_50_1137,0.19677036,-0.23733771
c_1_50_1138,-2.1835568,3.597095
c_1_50_1139,-1.3280368,-1.6758523
c_1_50_1140,-4.702445,-5.5985317
c_1_50_1141,-0.5576989,1.160102
c_1_50_1142,-1.8758073,-1.9194181
c_1_50_1143,-0.8406149,1.2561878
c_1_50_1144,-1.8582875,0.14080076
c_1_50_1145,-1.5376897,-1.1437484
c_1_50_1146,-0.86150813,0.23883131
c_1_50_1147,-2.2761114,-1.1370444
c_1_50_1148,-0.5749372,1.4024948
c_1_50_1149,-1.0255955,1.9298661
c_1_50_1150,-3.8070583,-4.34924
c_1_50_1151,-0.17616498,0.43313453
c_1_50_1152,-1.6815932,-0.08560123
c_1_50_1153,-1.5846939,0.9849533
c_1_50_1154,-3.3045347,-2.5337102
c_1_50_1155,-2.787122,-4.685104
c_1_50_1156,-3.49202,-3.9790611
c_1_50_1157,-0.66486377,1.2390932
c_1_50_1158,-2.1704314,2.136242
c_1_50_1159,0.624761,-1.4435192
c_1_50_1160,-0.81056166,0.94538033
c_1_50_1161,-0.8435571,1.4003994
c_1_50_1162,-1.6455467,1.5456703
c_1_50_1163,-1.9097431,1.025148
c_1_50_1164,0.7941165,-0.34257147
c_1_50_1165,-0.117207855,0.08726384
c_1_50_1166,-1.5724232,3.8102183
c_1_50_1167,1.3202286,0.11211888
c_1_50_1168,-0.7791535,-0.21026276
c_1_50_1169,-0.5934669,-1.3895242
c_1_50_1170,-1.2893919,1.8546103
c_1_50_1171,-1.4758158,2.1489432
c_1_50_1172,-2.6681333,-1.9468223
c_1_50_1173,-0.6962928,-0.12692241
c_1_50_1174,-0.2802638,0.45175126
c_1_50_1175,-2.5268743,2.9957273
c_1_50_1176,-1.7713954,3.5258412
c_1_50_1177,-1.4325272,0.3070465
c_1_50_1178,-1.9842193,2.84821
c_1_50_1179,-1.9187578,1.5291163
c_1_50_1180,-1.4469107,-2.1901598
c_1_50_1181,-3.973104,-4.2105517
c_1_50_1182,-1.0589308,1.7743266
c_1_50_1183,-1.1134541,3.009096
c_1_50_1184,-2.822549,5.5538187
c_1_50_1185,-1.6122327,2.2622159
c_1_50_1188,0.6450611,0.976057
c_1_50_1189,-2.931214,-0.240604
c_1_50_1190,-1.0023102,0.031921253
c_1_50_1191,-0.9201624,0.22828972
c_1_50_1192,-5.853467,-7.326626
c_1_50_1193,-0.98390317,1.1612657
c_1_50_1194,0.21688302,0.39755303
c_1_50_1195,-2.918914,0.5414637
c_1_50_1196,-3.1408417,-2.8501413
c_1_50_1197,-1.5316021,1.9043866
c_1_50_1198,-3.4705322,-2.749446
c_1_50_1199,-0.61178005,1.7754545
c_1_50_1200,-0.74511844,-0.05159244
c_1_50_1201,0.72576374,0.6975666
c_1_50_1202,-3.5328171,-4.352863
c_1_50_1203,-2.5471349,1.2930305
c_1_50_1204,-0.9202485,1.7427313
c_1_50_1205,-0.44438586,0.011492343
c_1_50_1206,-1.8290368,-0.05601754
c_1_50_1207,-1.4040966,-0.22197224
c_1_50_1208,-1.2515656,-0.9280496
c_1_50_1210,-0.024096735,0.56565887
c_1_50_1211,-2.519471,-2.5457547
c_1_50_1212,-0.8643711,-0.6994709
c_1_50_1213,-1.4390727,1.8526602
c_1_50_1214,-0.25008604,1.5050778
c_1_50_1215,-0.88738376,1.106481
c_1_50_1216,-1.5643613,-0.28242782
c_1_50_1217,-1.1205317,-0.62041306
c_1_50_1218,-1.6773976,-0.9625695
c_1_50_1220,1.2278084,0.78718215
c_1_50_1221,-0.42163563,-0.5994978
c_1_50_1222,-1.2919623,0.3334936
c_1_50_1223,-1.9332831,2.0421243
c_1_50_1224,-0.7326393,-0.57677317
c_1_50_1225,-3.0742714,-0.73717123
c_1_50_1226,-1.8089541,0.16975546
c_1_50_1227,-0.7388486,0.4519433
c_1_50_1228,-0.6710623,0.10988883
c_1_50_1229,-1.1841619,-0.0760473
c_1_50_1230,-1.2595783,0.9168928
c_1_50_1231,-1.8514855,-0.32763934
c_1_50_1232,-0.46853903,-0.48460796
c_1_50_1233,0.6288394,0.19814694
c_1_50_1234,0.5190516,1.3044108
c_1_50_1235,-3.4425287,-1.8182276
c_1_50_1236,-1.1948378,-0.70367783
c_1_50_1237,0.6214496,-1.1537197
c_1_50_1238,-0.4070906,0.43746617
c_1_50_1239,-1.3812972,-1.3777341
c_1_50_1240,0.012868223,0.2846606
c_1_50_1241,-3.780801,-4.003566
c_1_50_1242,-1.2880417,-0.51602954
c_1_50_1243,-0.95179206,-0.65543556
c_1_50_1244,-0.7481026,1.0748756
c_1_50_1245,0.09647678,0.20418885
c_1_50_1246,-2.0541646,-0.4172688
c_1_50_1247,-0.82802445,-0.07558187
c_1_50_1248,-1.031755,0.7100779
c_1_50_1249,-0.07537851,0.3985381
c_1_50_1250,0.01709759,0.38375023
c_1_50_1251,-0.0852845,0.6851148
c_1_50_1252,-0.96520436,-3.7492461
c_1_50_1254,0.41239873,1.7343168
c_1_50_1255,0.9294697,-1.2580773
c_1_50_1256,-0.12240159,-0.2741829
