cell_id,cell_type
c_1_1_1,Lymphoid-Plasma
c_1_1_2,Lymphoid-Plasma
c_1_1_3,Lymphoid-B
c_1_1_4,Lymphoid-Plasma
c_1_1_5,Epithelial
c_1_1_6,Mesenchymal-Stromal
c_1_1_7,Mesenchymal-Stromal
c_1_1_8,Mesenchymal-Stromal
c_1_1_9,Mesenchymal-Stromal
c_1_1_10,Lymphoid-Plasma
c_1_1_11,Lymphoid-Plasma
c_1_1_12,Endothelial
c_1_1_13,Mesenchymal-Stromal
c_1_1_14,Mesenchymal-Stromal
c_1_1_15,Mesenchymal-Stromal
c_1_1_16,Lymphoid-Plasma
c_1_1_17,None
c_1_1_18,Endothelial
c_1_1_19,Lymphoid-Plasma
c_1_1_20,Lymphoid-Other
c_1_1_21,Mesenchymal-Stromal
c_1_1_22,Lymphoid-T
c_1_1_23,Mesenchymal-Stromal
c_1_1_24,Mesenchymal-Stromal
c_1_1_25,Mesenchymal-Stromal
c_1_1_26,Mesenchymal-Stromal
c_1_1_27,Mesenchymal-Stromal
c_1_1_28,Lymphoid-Plasma
c_1_1_29,Mesenchymal-Stromal
c_1_1_30,Lymphoid-Plasma
c_1_1_31,Mesenchymal-Stromal
c_1_1_32,Mesenchymal-Stromal
c_1_1_33,Mesenchymal-Stromal
c_1_1_34,Lymphoid-B
c_1_1_35,Lymphoid-Plasma
c_1_1_36,Mesenchymal-Stromal
c_1_1_37,Lymphoid-Plasma
c_1_1_38,Lymphoid-Other
c_1_1_39,Lymphoid-Plasma
c_1_1_40,Lymphoid-Plasma
c_1_1_41,Mesenchymal-Stromal
c_1_1_42,Mesenchymal-Stromal
c_1_1_43,Mesenchymal-Stromal
c_1_1_44,Mesenchymal-Stromal
c_1_1_45,Mesenchymal-Stromal
c_1_1_46,Lymphoid-Plasma
c_1_1_47,Lymphoid-Other
c_1_1_48,Lymphoid-Other
c_1_1_49,Endothelial
c_1_1_50,Lymphoid-Other
c_1_1_51,Lymphoid-Other
c_1_1_52,Lymphoid-Plasma
c_1_1_53,Myeloid
c_1_1_54,Mesenchymal-Stromal
c_1_1_55,Lymphoid-Other
c_1_1_56,Mesenchymal-Stromal
c_1_1_57,Mesenchymal-Stromal
c_1_1_58,None
c_1_1_59,Mesenchymal-Stromal
c_1_1_60,Mesenchymal-Stromal
c_1_1_61,Mesenchymal-Stromal
c_1_1_62,Lymphoid-Other
c_1_1_63,None
c_1_1_64,Mesenchymal-Stromal
c_1_1_65,Lymphoid-B
c_1_1_66,Mesenchymal-Stromal
c_1_1_67,Lymphoid-Other
c_1_1_68,Lymphoid-Other
c_1_1_69,Lymphoid-Other
c_1_1_70,Lymphoid-Plasma
c_1_1_71,Mesenchymal-Stromal
c_1_1_72,Mesenchymal-Stromal
c_1_1_73,Endothelial
c_1_1_74,Endothelial
c_1_1_75,Lymphoid-Plasma
c_1_1_76,Lymphoid-Other
c_1_1_77,Lymphoid-Other
c_1_1_78,Endothelial
c_1_1_79,Lymphoid-B
c_1_1_80,Mesenchymal-Stromal
c_1_1_81,Lymphoid-Plasma
c_1_1_82,Lymphoid-Plasma
c_1_1_83,Lymphoid-Plasma
c_1_1_84,Lymphoid-Other
c_1_1_85,Endothelial
c_1_1_86,Epithelial
c_1_1_87,Mesenchymal-Stromal
c_1_1_88,Lymphoid-Plasma
c_1_1_89,Endothelial
c_1_1_90,Lymphoid-Plasma
c_1_1_91,Neuronal-Glial
c_1_1_92,Mesenchymal-Stromal
c_1_1_93,Lymphoid-Plasma
c_1_1_94,Mesenchymal-Stromal
c_1_1_95,Endothelial
c_1_1_96,Mesenchymal-Stromal
c_1_1_97,Mesenchymal-Stromal
c_1_1_98,Lymphoid-Plasma
c_1_1_99,Lymphoid-Plasma
c_1_1_100,Mesenchymal-Stromal
c_1_1_101,Mesenchymal-Stromal
c_1_1_102,Mesenchymal-Stromal
c_1_1_103,Neuronal-Glial
c_1_1_104,Endothelial
c_1_1_105,Myeloid
c_1_1_106,Lymphoid-Other
c_1_1_107,Lymphoid-Other
c_1_1_108,Mesenchymal-Stromal
c_1_1_109,Mesenchymal-Stromal
c_1_1_110,Lymphoid-Plasma
c_1_1_111,Lymphoid-Plasma
c_1_1_112,Mesenchymal-Stromal
c_1_1_113,Lymphoid-Other
c_1_1_114,Mesenchymal-Stromal
c_1_1_115,None
c_1_1_116,Mesenchymal-Stromal
c_1_1_117,Mesenchymal-Stromal
c_1_1_118,Endothelial
c_1_1_119,Lymphoid-Other
c_1_1_120,Lymphoid-Plasma
c_1_1_121,Mesenchymal-Stromal
c_1_1_122,Lymphoid-Plasma
c_1_1_123,Mesenchymal-Stromal
c_1_1_124,Lymphoid-Plasma
c_1_1_125,Mesenchymal-Stromal
c_1_1_126,Lymphoid-Plasma
c_1_1_127,Mesenchymal-Stromal
c_1_1_128,Mesenchymal-Stromal
c_1_1_129,Neuronal-Glial
c_1_1_130,Lymphoid-Other
c_1_1_131,Endothelial
c_1_1_132,Lymphoid-Other
c_1_1_133,Endothelial
c_1_1_134,Lymphoid-Other
c_1_1_135,Mesenchymal-Stromal
c_1_1_136,Mesenchymal-Stromal
c_1_1_137,Mesenchymal-Stromal
c_1_1_138,Endothelial
c_1_1_139,Mesenchymal-Stromal
c_1_1_140,Lymphoid-Plasma
c_1_1_141,Mesenchymal-Stromal
c_1_1_142,Mesenchymal-Stromal
c_1_1_143,Lymphoid-T
c_1_1_144,Mesenchymal-Stromal
c_1_1_145,Epithelial
c_1_1_146,Myeloid
c_1_1_147,Mesenchymal-Stromal
c_1_1_148,Mesenchymal-Stromal
c_1_1_149,Mesenchymal-Stromal
c_1_1_150,Endothelial
c_1_1_151,Lymphoid-Plasma
c_1_1_152,Mesenchymal-Stromal
c_1_1_153,Mesenchymal-Stromal
c_1_1_154,Endothelial
c_1_1_155,Mesenchymal-Stromal
c_1_1_156,Mesenchymal-Stromal
c_1_1_157,Endothelial
c_1_1_158,Lymphoid-Plasma
c_1_1_159,Lymphoid-T
c_1_1_160,Lymphoid-Other
c_1_1_161,Myeloid
c_1_1_162,Lymphoid-T
c_1_1_163,Mesenchymal-Stromal
c_1_1_164,Lymphoid-Plasma
c_1_1_165,Lymphoid-T
c_1_1_166,Mesenchymal-Stromal
c_1_1_167,Lymphoid-Plasma
c_1_1_168,Mesenchymal-Stromal
c_1_1_169,Mesenchymal-Stromal
c_1_1_170,Mesenchymal-Stromal
c_1_1_171,Mesenchymal-Stromal
c_1_1_172,Mesenchymal-Stromal
c_1_1_173,Endothelial
c_1_1_174,None
c_1_1_175,Mesenchymal-Stromal
c_1_1_176,Mesenchymal-Stromal
c_1_1_177,Endothelial
c_1_1_178,Lymphoid-Other
c_1_1_179,Lymphoid-Plasma
c_1_1_180,Mesenchymal-Stromal
c_1_1_181,Mesenchymal-Stromal
c_1_1_182,Endothelial
c_1_1_183,Lymphoid-Plasma
c_1_1_184,Lymphoid-Plasma
c_1_1_185,Mesenchymal-Stromal
c_1_1_186,Mesenchymal-Stromal
c_1_1_187,Mesenchymal-Stromal
c_1_1_188,Lymphoid-T
c_1_1_189,Lymphoid-Plasma
c_1_1_190,Epithelial
c_1_1_191,Mesenchymal-Stromal
c_1_1_192,Endothelial
c_1_1_193,Mesenchymal-Stromal
c_1_1_194,Mesenchymal-Stromal
c_1_1_195,Neuronal-Glial
c_1_1_196,Endothelial
c_1_1_197,Mesenchymal-Stromal
c_1_1_198,Mesenchymal-Stromal
c_1_1_199,Mesenchymal-Stromal
c_1_1_200,Mesenchymal-Stromal
c_1_1_201,Mesenchymal-Stromal
c_1_1_202,Endothelial
c_1_1_203,Mesenchymal-Stromal
c_1_1_204,Mesenchymal-Stromal
c_1_1_205,Lymphoid-Other
c_1_1_206,Mesenchymal-Stromal
c_1_1_207,Mesenchymal-Stromal
c_1_1_208,Mesenchymal-Stromal
c_1_1_209,Mesenchymal-Stromal
c_1_1_210,Mesenchymal-Stromal
c_1_1_211,Lymphoid-Plasma
c_1_1_212,Mesenchymal-Stromal
c_1_1_213,Mesenchymal-Stromal
c_1_1_214,Mesenchymal-Stromal
c_1_1_215,Mesenchymal-Stromal
c_1_1_216,Lymphoid-Plasma
c_1_1_217,Mesenchymal-Stromal
c_1_1_218,Mesenchymal-Stromal
c_1_1_219,Lymphoid-Plasma
c_1_1_220,Lymphoid-B
c_1_1_221,Mesenchymal-Stromal
c_1_1_222,Lymphoid-Other
c_1_1_223,Mesenchymal-Stromal
c_1_1_224,Mesenchymal-Stromal
c_1_1_225,Lymphoid-Plasma
c_1_1_226,Lymphoid-Plasma
c_1_1_227,Lymphoid-Other
c_1_1_228,Mesenchymal-Stromal
c_1_1_229,Mesenchymal-Stromal
c_1_1_230,Mesenchymal-Stromal
c_1_1_231,Mesenchymal-Stromal
c_1_1_232,Mesenchymal-Stromal
c_1_1_233,Lymphoid-Plasma
c_1_1_234,Mesenchymal-Stromal
c_1_1_235,Mesenchymal-Stromal
c_1_1_236,Lymphoid-T
c_1_1_237,Mesenchymal-Stromal
c_1_1_238,Mesenchymal-Stromal
c_1_1_239,Lymphoid-Plasma
c_1_1_240,Mesenchymal-Stromal
c_1_1_241,Mesenchymal-Stromal
c_1_1_242,Mesenchymal-Stromal
c_1_1_243,Mesenchymal-Stromal
c_1_1_244,Mesenchymal-Stromal
c_1_1_245,Neuronal-Glial
c_1_1_246,Lymphoid-Plasma
c_1_1_247,Mesenchymal-Stromal
c_1_1_248,Mesenchymal-Stromal
c_1_1_249,Mesenchymal-Stromal
c_1_1_250,Lymphoid-Plasma
c_1_1_251,Lymphoid-Plasma
c_1_1_252,Lymphoid-T
c_1_1_253,Mesenchymal-Stromal
c_1_1_254,Lymphoid-Plasma
c_1_1_255,Mesenchymal-Stromal
c_1_1_256,Endothelial
c_1_1_257,Mesenchymal-Stromal
c_1_1_258,Mesenchymal-Stromal
c_1_1_259,Mesenchymal-Stromal
c_1_1_260,Mesenchymal-Stromal
c_1_1_261,Mesenchymal-Stromal
c_1_1_262,Lymphoid-B
c_1_1_263,Mesenchymal-Stromal
c_1_1_264,Mesenchymal-Stromal
c_1_1_265,Lymphoid-Plasma
c_1_1_266,Lymphoid-T
c_1_1_267,Mesenchymal-Stromal
c_1_1_268,Mesenchymal-Stromal
c_1_1_269,Mesenchymal-Stromal
c_1_1_270,Mesenchymal-Stromal
c_1_1_271,Lymphoid-Plasma
c_1_1_272,Lymphoid-Plasma
c_1_1_273,Mesenchymal-Stromal
c_1_1_274,Mesenchymal-Stromal
c_1_1_275,Mesenchymal-Stromal
c_1_1_276,Mesenchymal-Stromal
c_1_1_277,Mesenchymal-Stromal
c_1_1_278,Lymphoid-Plasma
c_1_1_279,Mesenchymal-Stromal
c_1_1_280,Mesenchymal-Stromal
c_1_1_281,Mesenchymal-Stromal
c_1_1_282,Mesenchymal-Stromal
c_1_1_283,Mesenchymal-Stromal
c_1_1_284,Mesenchymal-Stromal
c_1_1_285,Lymphoid-B
c_1_1_286,Lymphoid-Plasma
c_1_1_287,Lymphoid-Plasma
c_1_1_288,Mesenchymal-Stromal
c_1_1_289,Lymphoid-T
c_1_1_290,Mesenchymal-Stromal
c_1_1_291,Mesenchymal-Stromal
c_1_1_292,Lymphoid-Plasma
c_1_1_293,Mesenchymal-Stromal
c_1_1_294,Mesenchymal-Stromal
c_1_1_295,Lymphoid-Other
c_1_1_296,Lymphoid-Plasma
c_1_1_297,Mesenchymal-Stromal
c_1_1_298,Mesenchymal-Stromal
c_1_1_299,Lymphoid-Plasma
c_1_1_300,Mesenchymal-Stromal
c_1_1_301,Lymphoid-Other
c_1_1_302,Lymphoid-Plasma
c_1_1_303,Mesenchymal-Stromal
c_1_1_304,Mesenchymal-Stromal
c_1_1_305,Mesenchymal-Stromal
c_1_1_306,Mesenchymal-Stromal
c_1_1_307,Mesenchymal-Stromal
c_1_1_308,Mesenchymal-Stromal
c_1_1_309,Mesenchymal-Stromal
c_1_1_310,Endothelial
c_1_1_311,Mesenchymal-Stromal
c_1_1_312,Mesenchymal-Stromal
c_1_1_313,None
c_1_1_314,Mesenchymal-Stromal
c_1_1_315,Mesenchymal-Stromal
c_1_1_316,Mesenchymal-Stromal
c_1_1_317,Mesenchymal-Stromal
c_1_1_318,Lymphoid-Plasma
c_1_1_319,Mesenchymal-Stromal
c_1_1_320,Myeloid
c_1_1_321,Mesenchymal-Stromal
c_1_1_322,Mesenchymal-Stromal
c_1_1_323,Mesenchymal-Stromal
c_1_1_324,Mesenchymal-Stromal
c_1_1_325,Mesenchymal-Stromal
c_1_1_326,Mesenchymal-Stromal
c_1_1_327,Mesenchymal-Stromal
c_1_1_328,Mesenchymal-Stromal
c_1_1_329,Mesenchymal-Stromal
c_1_1_330,Mesenchymal-Stromal
c_1_1_331,Lymphoid-Plasma
c_1_1_332,Mesenchymal-Stromal
c_1_1_333,Lymphoid-Other
c_1_1_334,Lymphoid-Other
c_1_1_335,Mesenchymal-Stromal
c_1_1_336,Mesenchymal-Stromal
c_1_1_337,Lymphoid-Other
c_1_1_338,Lymphoid-Plasma
c_1_1_339,Lymphoid-Other
c_1_1_340,Mesenchymal-Stromal
c_1_1_341,Mesenchymal-Stromal
c_1_1_342,Lymphoid-Plasma
c_1_1_343,Epithelial
c_1_1_344,Lymphoid-Other
c_1_1_345,Lymphoid-B
c_1_1_346,Mesenchymal-Stromal
c_1_1_347,Mesenchymal-Stromal
c_1_1_348,Lymphoid-Plasma
c_1_1_349,Mesenchymal-Stromal
c_1_1_350,Lymphoid-Plasma
c_1_1_351,Lymphoid-B
c_1_1_352,Mesenchymal-Stromal
c_1_1_353,Mesenchymal-Stromal
c_1_1_354,Mesenchymal-Stromal
c_1_1_355,Mesenchymal-Stromal
c_1_1_356,Mesenchymal-Stromal
c_1_1_357,Endothelial
c_1_1_358,Mesenchymal-Stromal
c_1_1_359,Lymphoid-Plasma
c_1_1_360,Mesenchymal-Stromal
c_1_1_361,Endothelial
c_1_1_362,Mesenchymal-Stromal
c_1_1_363,Lymphoid-Plasma
c_1_1_364,Lymphoid-Plasma
c_1_1_365,Mesenchymal-Stromal
c_1_1_366,Mesenchymal-Stromal
c_1_1_367,Mesenchymal-Stromal
c_1_1_368,Mesenchymal-Stromal
c_1_1_369,Lymphoid-Other
c_1_1_370,Lymphoid-Plasma
c_1_1_371,Lymphoid-Plasma
c_1_1_372,Mesenchymal-Stromal
c_1_1_373,Mesenchymal-Stromal
c_1_1_374,Mesenchymal-Stromal
c_1_1_375,Mesenchymal-Stromal
c_1_1_376,Lymphoid-Other
c_1_1_377,Mesenchymal-Stromal
c_1_1_378,Lymphoid-Plasma
c_1_1_379,Endothelial
c_1_1_380,Lymphoid-Plasma
c_1_1_381,Lymphoid-Other
c_1_1_382,Lymphoid-Plasma
c_1_1_383,Mesenchymal-Stromal
c_1_1_384,Lymphoid-B
c_1_1_385,Mesenchymal-Stromal
c_1_1_386,Mesenchymal-Stromal
c_1_1_387,Mesenchymal-Stromal
c_1_1_388,Mesenchymal-Stromal
c_1_1_389,Mesenchymal-Stromal
c_1_1_390,Mesenchymal-Stromal
c_1_1_391,Mesenchymal-Stromal
c_1_1_392,Mesenchymal-Stromal
c_1_1_393,Lymphoid-Other
c_1_1_394,Mesenchymal-Stromal
c_1_1_395,Lymphoid-Plasma
c_1_1_396,Lymphoid-T
c_1_1_397,Lymphoid-Plasma
c_1_1_398,Lymphoid-T
c_1_1_399,Mesenchymal-Stromal
c_1_1_400,Lymphoid-Other
c_1_1_401,Mesenchymal-Stromal
c_1_1_402,Mesenchymal-Stromal
c_1_1_403,Lymphoid-Other
c_1_1_404,Lymphoid-Plasma
c_1_1_405,Lymphoid-Plasma
c_1_1_406,Endothelial
c_1_1_407,Lymphoid-Plasma
c_1_1_408,Mesenchymal-Stromal
c_1_1_409,Lymphoid-Plasma
c_1_1_410,Endothelial
c_1_1_411,Lymphoid-Other
c_1_1_412,Mesenchymal-Stromal
c_1_1_413,Lymphoid-Plasma
c_1_1_414,Lymphoid-Other
c_1_1_415,Mesenchymal-Stromal
c_1_1_416,Lymphoid-T
c_1_1_417,Mesenchymal-Stromal
c_1_1_418,Epithelial
c_1_1_419,Mesenchymal-Stromal
c_1_1_420,Mesenchymal-Stromal
c_1_1_421,Mesenchymal-Stromal
c_1_1_422,Lymphoid-Plasma
c_1_1_423,Endothelial
c_1_1_424,Mesenchymal-Stromal
c_1_1_425,Lymphoid-Plasma
c_1_1_426,Mesenchymal-Stromal
c_1_1_427,Mesenchymal-Stromal
c_1_1_428,Lymphoid-Other
c_1_1_429,Mesenchymal-Stromal
c_1_1_430,Lymphoid-T
c_1_1_431,Lymphoid-Plasma
c_1_1_432,Mesenchymal-Stromal
c_1_1_433,Lymphoid-Plasma
c_1_1_434,Mesenchymal-Stromal
c_1_1_435,Lymphoid-Other
c_1_1_436,Mesenchymal-Stromal
c_1_1_437,Mesenchymal-Stromal
c_1_1_438,Mesenchymal-Stromal
c_1_1_439,Lymphoid-Other
c_1_1_440,Mesenchymal-Stromal
c_1_1_441,Mesenchymal-Stromal
c_1_1_442,Lymphoid-Plasma
c_1_1_443,Mesenchymal-Stromal
c_1_1_444,Lymphoid-Plasma
c_1_1_445,Epithelial
c_1_1_446,Mesenchymal-Stromal
c_1_1_447,Mesenchymal-Stromal
c_1_1_448,Mesenchymal-Stromal
c_1_1_449,Lymphoid-Plasma
c_1_1_450,Lymphoid-Other
c_1_1_451,Lymphoid-Plasma
c_1_1_452,Mesenchymal-Stromal
c_1_1_453,Lymphoid-Other
c_1_1_454,Mesenchymal-Stromal
c_1_1_455,Mesenchymal-Stromal
c_1_1_456,Mesenchymal-Stromal
c_1_1_457,Lymphoid-Plasma
c_1_1_458,Mesenchymal-Stromal
c_1_1_459,Lymphoid-T
c_1_1_460,Lymphoid-Other
c_1_1_461,Myeloid
c_1_1_462,Lymphoid-Plasma
c_1_1_463,Mesenchymal-Stromal
c_1_1_464,Lymphoid-T
c_1_1_465,Lymphoid-Plasma
c_1_1_466,Lymphoid-Other
c_1_1_467,Lymphoid-Plasma
c_1_1_468,Mesenchymal-Stromal
c_1_1_469,Mesenchymal-Stromal
c_1_1_470,Lymphoid-Plasma
c_1_1_471,Lymphoid-Plasma
c_1_1_472,Mesenchymal-Stromal
c_1_1_473,Endothelial
c_1_1_474,Lymphoid-Other
c_1_1_475,Mesenchymal-Stromal
c_1_1_476,Lymphoid-Other
c_1_1_477,Lymphoid-Plasma
c_1_1_478,Mesenchymal-Stromal
c_1_1_479,Mesenchymal-Stromal
c_1_1_480,Mesenchymal-Stromal
c_1_1_481,Lymphoid-Other
c_1_1_482,Mesenchymal-Stromal
c_1_1_483,None
c_1_1_484,Lymphoid-Other
c_1_1_485,Mesenchymal-Stromal
c_1_1_486,Endothelial
c_1_1_487,Lymphoid-Other
c_1_1_488,None
c_1_1_489,Lymphoid-B
c_1_1_490,Mesenchymal-Stromal
c_1_1_491,Mesenchymal-Stromal
c_1_1_492,Mesenchymal-Stromal
c_1_1_493,Mesenchymal-Stromal
c_1_1_494,Lymphoid-Plasma
c_1_1_495,Lymphoid-Plasma
c_1_1_496,Mesenchymal-Stromal
c_1_1_497,Mesenchymal-Stromal
c_1_1_498,Mesenchymal-Stromal
c_1_1_499,Lymphoid-Plasma
c_1_1_500,Mesenchymal-Stromal
c_1_1_501,Lymphoid-Plasma
c_1_1_502,Endothelial
c_1_1_503,Lymphoid-Other
c_1_1_504,Mesenchymal-Stromal
c_1_1_505,Endothelial
c_1_1_506,Mesenchymal-Stromal
c_1_1_507,Mesenchymal-Stromal
c_1_1_508,Mesenchymal-Stromal
c_1_1_509,Mesenchymal-Stromal
c_1_1_510,Mesenchymal-Stromal
c_1_1_511,Mesenchymal-Stromal
c_1_1_512,Mesenchymal-Stromal
c_1_1_513,Mesenchymal-Stromal
c_1_1_514,Mesenchymal-Stromal
c_1_1_515,Mesenchymal-Stromal
c_1_1_516,Mesenchymal-Stromal
c_1_1_517,Mesenchymal-Stromal
c_1_1_518,Mesenchymal-Stromal
c_1_1_519,Lymphoid-T
c_1_1_520,Lymphoid-Plasma
c_1_1_521,Mesenchymal-Stromal
c_1_1_522,Mesenchymal-Stromal
c_1_1_523,Lymphoid-Other
c_1_1_524,Mesenchymal-Stromal
c_1_1_525,Lymphoid-Other
c_1_1_526,Mesenchymal-Stromal
c_1_1_527,Mesenchymal-Stromal
c_1_1_528,Lymphoid-Other
c_1_1_529,Mesenchymal-Stromal
c_1_1_530,Mesenchymal-Stromal
c_1_1_531,Mesenchymal-Stromal
c_1_1_532,Lymphoid-Plasma
c_1_1_533,Myeloid
c_1_1_534,Mesenchymal-Stromal
c_1_1_535,Lymphoid-Other
c_1_1_536,Mesenchymal-Stromal
c_1_1_537,Mesenchymal-Stromal
c_1_1_538,Mesenchymal-Stromal
c_1_1_539,Mesenchymal-Stromal
c_1_1_540,Endothelial
c_1_1_541,Lymphoid-Plasma
c_1_1_542,Mesenchymal-Stromal
c_1_1_543,Mesenchymal-Stromal
c_1_1_544,Mesenchymal-Stromal
c_1_1_545,Lymphoid-Plasma
c_1_1_546,Mesenchymal-Stromal
c_1_1_547,Mesenchymal-Stromal
c_1_1_548,Lymphoid-Plasma
c_1_1_549,Mesenchymal-Stromal
c_1_1_550,Mesenchymal-Stromal
c_1_1_551,Lymphoid-Other
c_1_1_552,Mesenchymal-Stromal
c_1_1_553,Lymphoid-Plasma
c_1_1_554,None
c_1_1_555,Mesenchymal-Stromal
c_1_1_556,Lymphoid-Plasma
c_1_1_557,Mesenchymal-Stromal
c_1_1_558,Mesenchymal-Stromal
c_1_1_559,Mesenchymal-Stromal
c_1_1_560,Mesenchymal-Stromal
c_1_1_561,Lymphoid-Other
c_1_1_562,Endothelial
c_1_1_563,None
c_1_1_564,Lymphoid-Other
c_1_1_565,Lymphoid-Plasma
c_1_1_566,Endothelial
c_1_1_567,Mesenchymal-Stromal
c_1_1_568,Mesenchymal-Stromal
c_1_1_569,Mesenchymal-Stromal
c_1_1_570,Lymphoid-Plasma
c_1_1_571,Mesenchymal-Stromal
c_1_1_572,Lymphoid-B
c_1_1_573,Lymphoid-Plasma
c_1_1_574,Endothelial
c_1_1_575,Mesenchymal-Stromal
c_1_1_576,Lymphoid-T
c_1_1_577,Mesenchymal-Stromal
c_1_1_578,Mesenchymal-Stromal
c_1_1_579,Mesenchymal-Stromal
c_1_1_580,Mesenchymal-Stromal
c_1_1_581,Endothelial
c_1_1_582,Mesenchymal-Stromal
c_1_1_583,Mesenchymal-Stromal
c_1_1_584,Mesenchymal-Stromal
c_1_1_585,Mesenchymal-Stromal
c_1_1_586,Mesenchymal-Stromal
c_1_1_587,Lymphoid-Plasma
c_1_1_588,Neuronal-Glial
c_1_1_589,Mesenchymal-Stromal
c_1_1_590,Mesenchymal-Stromal
c_1_1_591,Mesenchymal-Stromal
c_1_1_592,Mesenchymal-Stromal
c_1_1_593,Mesenchymal-Stromal
c_1_1_594,Mesenchymal-Stromal
c_1_1_595,Mesenchymal-Stromal
c_1_1_596,Mesenchymal-Stromal
c_1_1_597,Lymphoid-Plasma
c_1_1_598,Mesenchymal-Stromal
c_1_1_599,Lymphoid-T
c_1_1_600,Mesenchymal-Stromal
c_1_1_601,Mesenchymal-Stromal
c_1_1_602,Mesenchymal-Stromal
c_1_1_603,Endothelial
c_1_1_604,Mesenchymal-Stromal
c_1_1_605,Epithelial
c_1_1_606,Mesenchymal-Stromal
c_1_1_607,Mesenchymal-Stromal
c_1_1_608,Mesenchymal-Stromal
c_1_1_609,Endothelial
c_1_1_610,Lymphoid-Other
c_1_1_611,Mesenchymal-Stromal
c_1_1_612,Lymphoid-Other
c_1_1_613,Mesenchymal-Stromal
c_1_1_614,Neuronal-Glial
c_1_1_615,Lymphoid-Other
c_1_1_616,Mesenchymal-Stromal
c_1_1_617,Lymphoid-Plasma
c_1_1_618,Mesenchymal-Stromal
c_1_1_619,Mesenchymal-Stromal
c_1_1_620,Mesenchymal-Stromal
c_1_1_621,Mesenchymal-Stromal
c_1_1_622,Lymphoid-Plasma
c_1_1_623,Mesenchymal-Stromal
c_1_1_624,Mesenchymal-Stromal
c_1_1_625,Mesenchymal-Stromal
c_1_1_626,Mesenchymal-Stromal
c_1_1_627,Mesenchymal-Stromal
c_1_1_628,Mesenchymal-Stromal
c_1_1_629,Mesenchymal-Stromal
c_1_1_630,Endothelial
c_1_1_631,Mesenchymal-Stromal
c_1_1_632,Mesenchymal-Stromal
c_1_1_633,Lymphoid-Plasma
c_1_1_634,Lymphoid-Plasma
c_1_1_635,Lymphoid-Plasma
c_1_1_636,Mesenchymal-Stromal
c_1_1_637,Lymphoid-T
c_1_1_638,Lymphoid-Other
c_1_1_639,Mesenchymal-Stromal
c_1_1_640,Neuronal-Glial
c_1_1_641,Mesenchymal-Stromal
c_1_1_642,Mesenchymal-Stromal
c_1_1_643,Lymphoid-Plasma
c_1_1_644,Mesenchymal-Stromal
c_1_1_645,Lymphoid-T
c_1_1_646,Lymphoid-Other
c_1_1_647,Lymphoid-T
c_1_1_648,Endothelial
c_1_1_649,Lymphoid-Other
c_1_1_650,Mesenchymal-Stromal
c_1_1_651,Mesenchymal-Stromal
c_1_1_652,Myeloid
c_1_1_653,Mesenchymal-Stromal
c_1_1_654,Lymphoid-B
c_1_1_655,Mesenchymal-Stromal
c_1_1_656,Mesenchymal-Stromal
c_1_1_657,Mesenchymal-Stromal
c_1_1_658,Myeloid
c_1_1_659,Mesenchymal-Stromal
c_1_1_660,Endothelial
c_1_1_661,Lymphoid-Other
c_1_1_662,Lymphoid-Plasma
c_1_1_663,Endothelial
c_1_1_664,Mesenchymal-Stromal
c_1_1_665,Mesenchymal-Stromal
c_1_1_666,Lymphoid-Other
c_1_1_667,Lymphoid-Other
c_1_1_668,Mesenchymal-Stromal
c_1_1_669,Lymphoid-Plasma
c_1_1_670,Mesenchymal-Stromal
c_1_1_671,Mesenchymal-Stromal
c_1_1_672,Mesenchymal-Stromal
c_1_1_673,Mesenchymal-Stromal
c_1_1_674,Mesenchymal-Stromal
c_1_1_675,Lymphoid-Other
c_1_1_676,Mesenchymal-Stromal
c_1_1_677,Lymphoid-Plasma
c_1_1_678,Mesenchymal-Stromal
c_1_1_679,Lymphoid-Plasma
c_1_1_680,Lymphoid-Plasma
c_1_1_681,Lymphoid-Plasma
c_1_1_682,Lymphoid-Other
c_1_1_683,Mesenchymal-Stromal
c_1_1_684,Mesenchymal-Stromal
c_1_1_685,Mesenchymal-Stromal
c_1_1_686,Lymphoid-B
c_1_1_687,Mesenchymal-Stromal
c_1_1_688,Mesenchymal-Stromal
c_1_1_689,Mesenchymal-Stromal
c_1_1_690,Mesenchymal-Stromal
c_1_1_691,Mesenchymal-Stromal
c_1_1_692,Mesenchymal-Stromal
c_1_1_693,Lymphoid-T
c_1_1_694,Lymphoid-Plasma
c_1_1_695,Mesenchymal-Stromal
c_1_1_696,Lymphoid-Other
c_1_1_697,Lymphoid-Plasma
c_1_1_698,Mesenchymal-Stromal
c_1_1_699,Mesenchymal-Stromal
c_1_1_700,Lymphoid-Other
c_1_1_701,Myeloid
c_1_1_702,Epithelial
c_1_1_703,Mesenchymal-Stromal
c_1_1_704,Mesenchymal-Stromal
c_1_1_705,Mesenchymal-Stromal
c_1_1_706,Lymphoid-Other
c_1_1_707,Mesenchymal-Stromal
c_1_1_708,Endothelial
c_1_1_709,Lymphoid-Plasma
c_1_1_710,Mesenchymal-Stromal
c_1_1_711,Lymphoid-Plasma
c_1_1_712,Endothelial
c_1_1_713,Mesenchymal-Stromal
c_1_1_714,Lymphoid-Other
c_1_1_715,Mesenchymal-Stromal
c_1_1_716,Lymphoid-B
c_1_1_717,Mesenchymal-Stromal
c_1_1_718,Mesenchymal-Stromal
c_1_1_719,Lymphoid-B
c_1_1_720,Lymphoid-Other
c_1_1_721,Mesenchymal-Stromal
c_1_1_722,Mesenchymal-Stromal
c_1_1_723,Mesenchymal-Stromal
c_1_1_724,Lymphoid-T
c_1_1_725,Mesenchymal-Stromal
c_1_1_726,Mesenchymal-Stromal
c_1_1_727,Mesenchymal-Stromal
c_1_1_728,Lymphoid-T
c_1_1_729,Mesenchymal-Stromal
c_1_1_730,Mesenchymal-Stromal
c_1_1_731,Mesenchymal-Stromal
c_1_1_732,Endothelial
c_1_1_733,Lymphoid-Plasma
c_1_1_734,Mesenchymal-Stromal
c_1_1_735,Mesenchymal-Stromal
c_1_1_736,Mesenchymal-Stromal
c_1_1_737,Lymphoid-B
c_1_1_738,Endothelial
c_1_1_739,Lymphoid-Plasma
c_1_1_740,Mesenchymal-Stromal
c_1_1_741,Mesenchymal-Stromal
c_1_1_742,Mesenchymal-Stromal
c_1_1_743,Mesenchymal-Stromal
c_1_1_744,Mesenchymal-Stromal
c_1_1_745,Endothelial
c_1_1_746,Lymphoid-T
c_1_1_747,Mesenchymal-Stromal
c_1_1_748,Neuronal-Glial
c_1_1_749,Mesenchymal-Stromal
c_1_1_750,Endothelial
c_1_1_751,Mesenchymal-Stromal
c_1_1_752,Lymphoid-Plasma
c_1_1_753,Mesenchymal-Stromal
c_1_1_754,Mesenchymal-Stromal
c_1_1_755,Lymphoid-Other
c_1_1_756,Endothelial
c_1_1_757,Lymphoid-T
c_1_1_758,Mesenchymal-Stromal
c_1_1_759,Lymphoid-Plasma
c_1_1_760,Mesenchymal-Stromal
c_1_1_761,Lymphoid-Plasma
c_1_1_762,Mesenchymal-Stromal
c_1_1_763,Mesenchymal-Stromal
c_1_1_764,Mesenchymal-Stromal
c_1_1_765,Mesenchymal-Stromal
c_1_1_766,Lymphoid-Other
c_1_1_767,Mesenchymal-Stromal
c_1_1_768,Endothelial
c_1_1_769,Mesenchymal-Stromal
c_1_1_770,Mesenchymal-Stromal
c_1_1_771,Lymphoid-Other
c_1_1_772,Mesenchymal-Stromal
c_1_1_773,Mesenchymal-Stromal
c_1_1_774,Mesenchymal-Stromal
c_1_1_775,Mesenchymal-Stromal
c_1_1_776,Lymphoid-Plasma
c_1_1_777,Mesenchymal-Stromal
c_1_1_778,Mesenchymal-Stromal
c_1_1_779,Endothelial
c_1_1_780,Mesenchymal-Stromal
c_1_1_781,Mesenchymal-Stromal
c_1_1_782,Lymphoid-T
c_1_1_783,Lymphoid-B
c_1_1_784,Mesenchymal-Stromal
c_1_1_785,Mesenchymal-Stromal
c_1_1_786,Lymphoid-Plasma
c_1_1_787,Lymphoid-T
c_1_1_788,Lymphoid-Other
c_1_1_789,Lymphoid-Other
c_1_1_790,Mesenchymal-Stromal
c_1_1_791,Mesenchymal-Stromal
c_1_1_792,Mesenchymal-Stromal
c_1_1_793,Lymphoid-Other
c_1_1_794,Lymphoid-Plasma
c_1_1_795,Lymphoid-T
c_1_1_796,Mesenchymal-Stromal
c_1_1_797,Mesenchymal-Stromal
c_1_1_798,Mesenchymal-Stromal
c_1_1_799,Mesenchymal-Stromal
c_1_1_800,Mesenchymal-Stromal
c_1_1_801,Mesenchymal-Stromal
c_1_1_802,Mesenchymal-Stromal
c_1_1_803,Mesenchymal-Stromal
c_1_1_804,Mesenchymal-Stromal
c_1_1_805,Mesenchymal-Stromal
c_1_1_806,Mesenchymal-Stromal
c_1_1_807,Lymphoid-Plasma
c_1_1_808,Lymphoid-Plasma
c_1_1_809,Mesenchymal-Stromal
c_1_1_810,Mesenchymal-Stromal
c_1_1_811,Lymphoid-Plasma
c_1_1_812,Lymphoid-Plasma
c_1_1_813,Lymphoid-Plasma
c_1_1_814,Mesenchymal-Stromal
c_1_1_815,Endothelial
c_1_1_816,Lymphoid-Plasma
c_1_1_817,Myeloid
c_1_1_818,Mesenchymal-Stromal
c_1_1_819,Lymphoid-Plasma
c_1_1_820,Mesenchymal-Stromal
c_1_1_821,Mesenchymal-Stromal
c_1_1_822,Mesenchymal-Stromal
c_1_1_823,Mesenchymal-Stromal
c_1_1_824,Mesenchymal-Stromal
c_1_1_825,Endothelial
c_1_1_826,Mesenchymal-Stromal
c_1_1_827,Lymphoid-T
c_1_1_828,Endothelial
c_1_1_829,Mesenchymal-Stromal
c_1_1_830,Mesenchymal-Stromal
c_1_1_831,Lymphoid-Other
c_1_1_832,Lymphoid-Other
c_1_1_833,Lymphoid-Plasma
c_1_1_834,Mesenchymal-Stromal
c_1_1_835,Mesenchymal-Stromal
c_1_1_836,Mesenchymal-Stromal
c_1_1_837,Lymphoid-Plasma
c_1_1_838,Mesenchymal-Stromal
c_1_1_839,Lymphoid-Plasma
c_1_1_840,Mesenchymal-Stromal
c_1_1_841,Lymphoid-Plasma
c_1_1_842,Lymphoid-Plasma
c_1_1_843,Mesenchymal-Stromal
c_1_1_844,Myeloid
c_1_1_845,Mesenchymal-Stromal
c_1_1_846,Mesenchymal-Stromal
c_1_1_847,Mesenchymal-Stromal
c_1_1_848,Lymphoid-Plasma
c_1_1_849,Lymphoid-Other
c_1_1_850,Mesenchymal-Stromal
c_1_1_851,Mesenchymal-Stromal
c_1_1_852,Lymphoid-Plasma
c_1_1_853,Mesenchymal-Stromal
c_1_1_854,Epithelial
c_1_1_855,Mesenchymal-Stromal
c_1_1_856,Lymphoid-Plasma
c_1_1_857,Lymphoid-Plasma
c_1_1_858,Lymphoid-Other
c_1_1_859,Mesenchymal-Stromal
c_1_1_860,Lymphoid-Plasma
c_1_1_861,Lymphoid-Other
c_1_1_862,Mesenchymal-Stromal
c_1_1_863,Lymphoid-Other
c_1_1_864,Mesenchymal-Stromal
c_1_1_865,Mesenchymal-Stromal
c_1_1_866,Lymphoid-T
c_1_1_867,Lymphoid-Other
c_1_1_868,Lymphoid-Plasma
c_1_1_869,Mesenchymal-Stromal
c_1_1_870,Mesenchymal-Stromal
c_1_1_871,Lymphoid-Other
c_1_1_872,Mesenchymal-Stromal
c_1_1_873,Lymphoid-Other
c_1_1_874,Mesenchymal-Stromal
c_1_1_875,Endothelial
c_1_1_876,Lymphoid-Plasma
c_1_1_877,Mesenchymal-Stromal
c_1_1_878,Mesenchymal-Stromal
c_1_1_879,Mesenchymal-Stromal
c_1_1_880,Mesenchymal-Stromal
c_1_1_881,Lymphoid-Other
c_1_1_882,Mesenchymal-Stromal
c_1_1_883,None
c_1_1_884,Mesenchymal-Stromal
c_1_1_885,Mesenchymal-Stromal
c_1_1_886,Lymphoid-Plasma
c_1_1_887,Lymphoid-Plasma
c_1_1_888,Mesenchymal-Stromal
c_1_1_889,Mesenchymal-Stromal
c_1_1_890,Mesenchymal-Stromal
c_1_1_891,Mesenchymal-Stromal
c_1_1_892,Endothelial
c_1_1_893,Lymphoid-Plasma
c_1_1_894,Mesenchymal-Stromal
c_1_1_895,Mesenchymal-Stromal
c_1_1_896,Mesenchymal-Stromal
c_1_1_897,None
c_1_1_898,Mesenchymal-Stromal
c_1_1_899,Mesenchymal-Stromal
c_1_1_900,Lymphoid-Plasma
c_1_1_901,Lymphoid-Plasma
c_1_1_902,Mesenchymal-Stromal
c_1_1_903,Mesenchymal-Stromal
c_1_1_904,Lymphoid-Other
c_1_1_905,Mesenchymal-Stromal
c_1_1_906,Mesenchymal-Stromal
c_1_1_907,Endothelial
c_1_1_908,Mesenchymal-Stromal
c_1_1_909,Lymphoid-Other
c_1_1_910,Mesenchymal-Stromal
c_1_1_911,Mesenchymal-Stromal
c_1_1_912,Lymphoid-Other
c_1_1_913,Mesenchymal-Stromal
c_1_1_914,Mesenchymal-Stromal
c_1_1_915,Mesenchymal-Stromal
c_1_1_916,Mesenchymal-Stromal
c_1_1_917,Mesenchymal-Stromal
c_1_1_918,Mesenchymal-Stromal
c_1_1_919,Mesenchymal-Stromal
c_1_1_920,Endothelial
c_1_1_921,Lymphoid-T
c_1_1_922,Lymphoid-Plasma
c_1_1_923,Lymphoid-Plasma
c_1_1_924,Mesenchymal-Stromal
c_1_1_925,Mesenchymal-Stromal
c_1_1_926,Lymphoid-Plasma
c_1_1_927,Mesenchymal-Stromal
c_1_1_928,Lymphoid-Plasma
c_1_1_929,Lymphoid-Plasma
c_1_1_930,Lymphoid-Plasma
c_1_1_931,Mesenchymal-Stromal
c_1_1_932,Mesenchymal-Stromal
c_1_1_933,Mesenchymal-Stromal
c_1_1_934,Mesenchymal-Stromal
c_1_1_935,Mesenchymal-Stromal
c_1_1_936,Mesenchymal-Stromal
c_1_1_937,Lymphoid-Plasma
c_1_1_938,Mesenchymal-Stromal
c_1_1_939,Mesenchymal-Stromal
c_1_1_940,Lymphoid-Plasma
c_1_1_941,Lymphoid-Plasma
c_1_1_942,Lymphoid-Other
c_1_1_943,Mesenchymal-Stromal
c_1_1_944,Mesenchymal-Stromal
c_1_1_945,Lymphoid-Plasma
c_1_1_946,Lymphoid-T
c_1_1_947,Lymphoid-B
c_1_1_948,Endothelial
c_1_1_949,Mesenchymal-Stromal
c_1_1_950,Epithelial
c_1_1_951,Lymphoid-Plasma
c_1_1_952,Mesenchymal-Stromal
c_1_1_953,Lymphoid-Other
c_1_1_954,Mesenchymal-Stromal
c_1_1_955,Lymphoid-Plasma
c_1_1_956,Lymphoid-Plasma
c_1_1_957,Mesenchymal-Stromal
c_1_1_958,Mesenchymal-Stromal
c_1_1_959,Mesenchymal-Stromal
c_1_1_960,Mesenchymal-Stromal
c_1_1_961,Mesenchymal-Stromal
c_1_1_962,Mesenchymal-Stromal
c_1_1_963,Mesenchymal-Stromal
c_1_1_964,Mesenchymal-Stromal
c_1_1_965,Mesenchymal-Stromal
c_1_1_966,Mesenchymal-Stromal
c_1_1_967,Mesenchymal-Stromal
c_1_1_968,Mesenchymal-Stromal
c_1_1_969,Mesenchymal-Stromal
c_1_1_970,Lymphoid-Plasma
c_1_1_971,Mesenchymal-Stromal
c_1_1_972,Mesenchymal-Stromal
c_1_1_973,Mesenchymal-Stromal
c_1_1_974,Lymphoid-Plasma
c_1_1_975,Mesenchymal-Stromal
c_1_1_976,Mesenchymal-Stromal
c_1_1_977,Mesenchymal-Stromal
c_1_1_978,Mesenchymal-Stromal
c_1_1_979,Myeloid
c_1_1_980,Mesenchymal-Stromal
c_1_1_981,Mesenchymal-Stromal
c_1_1_982,Mesenchymal-Stromal
c_1_1_983,Endothelial
c_1_1_984,Mesenchymal-Stromal
c_1_1_985,Mesenchymal-Stromal
c_1_1_986,Endothelial
c_1_1_987,Mesenchymal-Stromal
c_1_1_988,Lymphoid-Plasma
c_1_1_989,Mesenchymal-Stromal
c_1_1_990,Lymphoid-Other
c_1_1_991,Mesenchymal-Stromal
c_1_1_992,Mesenchymal-Stromal
c_1_1_993,Mesenchymal-Stromal
c_1_1_994,Lymphoid-Other
c_1_1_995,Mesenchymal-Stromal
c_1_1_996,Mesenchymal-Stromal
c_1_1_997,Lymphoid-Plasma
c_1_1_998,Mesenchymal-Stromal
c_1_1_999,Mesenchymal-Stromal
c_1_1_1000,Lymphoid-Plasma
c_1_1_1001,Lymphoid-Plasma
c_1_1_1002,Endothelial
c_1_1_1003,Mesenchymal-Stromal
c_1_1_1004,Mesenchymal-Stromal
c_1_1_1005,Mesenchymal-Stromal
c_1_1_1006,Mesenchymal-Stromal
c_1_1_1007,Lymphoid-Plasma
c_1_1_1008,Mesenchymal-Stromal
c_1_1_1009,Lymphoid-Plasma
c_1_1_1010,Lymphoid-Other
c_1_1_1011,Mesenchymal-Stromal
c_1_1_1012,Neuronal-Glial
c_1_1_1013,Mesenchymal-Stromal
c_1_1_1014,Mesenchymal-Stromal
c_1_1_1015,Lymphoid-Other
c_1_1_1016,Lymphoid-Plasma
c_1_1_1017,Lymphoid-B
c_1_1_1018,Mesenchymal-Stromal
c_1_1_1019,Mesenchymal-Stromal
c_1_1_1020,Lymphoid-T
c_1_1_1021,Lymphoid-Plasma
c_1_1_1022,Lymphoid-Other
c_1_1_1023,Mesenchymal-Stromal
c_1_1_1024,Mesenchymal-Stromal
c_1_1_1025,Mesenchymal-Stromal
c_1_1_1026,Lymphoid-Other
c_1_1_1027,Mesenchymal-Stromal
c_1_1_1028,Mesenchymal-Stromal
c_1_1_1029,Endothelial
c_1_1_1030,Endothelial
c_1_1_1031,Endothelial
c_1_1_1032,Lymphoid-Plasma
c_1_1_1033,Mesenchymal-Stromal
c_1_1_1034,Mesenchymal-Stromal
c_1_1_1035,Mesenchymal-Stromal
c_1_1_1036,Neuronal-Glial
c_1_1_1037,Mesenchymal-Stromal
c_1_1_1038,Mesenchymal-Stromal
c_1_1_1039,Mesenchymal-Stromal
c_1_1_1040,Mesenchymal-Stromal
c_1_1_1041,Lymphoid-T
c_1_1_1042,Lymphoid-Other
c_1_1_1043,Mesenchymal-Stromal
c_1_1_1044,Mesenchymal-Stromal
c_1_1_1045,Mesenchymal-Stromal
c_1_1_1046,Lymphoid-T
c_1_1_1047,Lymphoid-Other
c_1_1_1048,Myeloid
c_1_1_1049,Mesenchymal-Stromal
c_1_1_1050,Mesenchymal-Stromal
c_1_1_1051,Mesenchymal-Stromal
c_1_1_1052,Lymphoid-Plasma
c_1_1_1053,Lymphoid-Plasma
c_1_1_1054,Mesenchymal-Stromal
c_1_1_1055,Mesenchymal-Stromal
c_1_1_1056,Lymphoid-Other
c_1_1_1057,Mesenchymal-Stromal
c_1_1_1058,Mesenchymal-Stromal
c_1_1_1059,Mesenchymal-Stromal
c_1_1_1060,Mesenchymal-Stromal
c_1_1_1061,Lymphoid-Plasma
c_1_1_1062,Mesenchymal-Stromal
c_1_1_1063,Mesenchymal-Stromal
c_1_1_1064,Mesenchymal-Stromal
c_1_1_1065,Endothelial
c_1_1_1066,Mesenchymal-Stromal
c_1_1_1067,Mesenchymal-Stromal
c_1_1_1068,Mesenchymal-Stromal
c_1_1_1069,Lymphoid-Other
c_1_1_1070,Mesenchymal-Stromal
c_1_1_1071,Mesenchymal-Stromal
c_1_1_1072,Mesenchymal-Stromal
c_1_1_1073,Mesenchymal-Stromal
c_1_1_1074,Lymphoid-T
c_1_1_1075,Lymphoid-Other
c_1_1_1076,Lymphoid-Plasma
c_1_1_1077,Mesenchymal-Stromal
c_1_1_1078,Mesenchymal-Stromal
c_1_1_1079,Lymphoid-Plasma
c_1_1_1080,Mesenchymal-Stromal
c_1_1_1081,Mesenchymal-Stromal
c_1_1_1082,Lymphoid-Other
c_1_1_1083,Mesenchymal-Stromal
c_1_1_1084,Mesenchymal-Stromal
c_1_1_1085,Mesenchymal-Stromal
c_1_1_1086,Mesenchymal-Stromal
c_1_1_1087,Endothelial
c_1_1_1088,Lymphoid-Plasma
c_1_1_1089,Mesenchymal-Stromal
c_1_1_1090,Mesenchymal-Stromal
c_1_1_1091,Mesenchymal-Stromal
c_1_1_1092,Mesenchymal-Stromal
c_1_1_1093,Mesenchymal-Stromal
c_1_1_1094,Mesenchymal-Stromal
c_1_1_1095,Mesenchymal-Stromal
c_1_1_1096,Mesenchymal-Stromal
c_1_1_1097,Mesenchymal-Stromal
c_1_1_1098,Myeloid
c_1_1_1099,Lymphoid-B
c_1_1_1100,Lymphoid-Plasma
c_1_1_1101,Mesenchymal-Stromal
c_1_1_1102,Mesenchymal-Stromal
c_1_1_1103,Mesenchymal-Stromal
c_1_1_1104,Lymphoid-Plasma
c_1_1_1105,Mesenchymal-Stromal
c_1_1_1106,Lymphoid-Other
c_1_1_1107,Myeloid
c_1_1_1108,Endothelial
c_1_1_1109,Mesenchymal-Stromal
c_1_1_1110,Endothelial
c_1_1_1111,Lymphoid-Other
c_1_1_1112,Mesenchymal-Stromal
c_1_1_1113,Mesenchymal-Stromal
c_1_1_1114,Mesenchymal-Stromal
c_1_1_1115,Lymphoid-Other
c_1_1_1116,Endothelial
c_1_1_1117,Mesenchymal-Stromal
c_1_1_1118,Lymphoid-B
c_1_1_1119,Mesenchymal-Stromal
c_1_1_1120,Mesenchymal-Stromal
c_1_1_1121,Mesenchymal-Stromal
c_1_1_1122,Mesenchymal-Stromal
c_1_1_1123,Mesenchymal-Stromal
c_1_1_1124,Lymphoid-Other
c_1_1_1125,Mesenchymal-Stromal
c_1_1_1126,Endothelial
c_1_1_1127,Endothelial
c_1_1_1128,Lymphoid-Plasma
c_1_1_1129,Myeloid
c_1_1_1130,Mesenchymal-Stromal
c_1_1_1131,Endothelial
c_1_1_1132,Mesenchymal-Stromal
c_1_1_1133,Mesenchymal-Stromal
c_1_1_1134,Mesenchymal-Stromal
c_1_1_1135,Lymphoid-Other
c_1_1_1136,None
c_1_1_1137,Endothelial
c_1_1_1138,Endothelial
c_1_1_1139,Mesenchymal-Stromal
c_1_1_1140,Lymphoid-Other
c_1_1_1141,Mesenchymal-Stromal
c_1_1_1142,Mesenchymal-Stromal
c_1_1_1143,Mesenchymal-Stromal
c_1_1_1144,Mesenchymal-Stromal
c_1_1_1145,Lymphoid-Other
c_1_1_1146,Lymphoid-T
c_1_1_1147,Lymphoid-Other
c_1_1_1148,Lymphoid-B
c_1_1_1149,Mesenchymal-Stromal
c_1_1_1150,Myeloid
c_1_1_1151,Lymphoid-Plasma
c_1_1_1152,Lymphoid-Other
c_1_1_1153,Mesenchymal-Stromal
c_1_1_1154,Lymphoid-Other
c_1_1_1155,Mesenchymal-Stromal
c_1_1_1156,Mesenchymal-Stromal
c_1_1_1157,Neuronal-Glial
c_1_1_1158,Endothelial
c_1_1_1159,Myeloid
c_1_1_1160,Mesenchymal-Stromal
c_1_1_1161,Lymphoid-Plasma
c_1_1_1162,Mesenchymal-Stromal
c_1_1_1163,Mesenchymal-Stromal
c_1_1_1164,Mesenchymal-Stromal
c_1_1_1165,Mesenchymal-Stromal
c_1_1_1166,Mesenchymal-Stromal
c_1_1_1167,Lymphoid-Other
c_1_1_1168,Endothelial
c_1_1_1169,Lymphoid-Other
c_1_1_1170,Mesenchymal-Stromal
c_1_1_1171,Mesenchymal-Stromal
c_1_1_1172,Mesenchymal-Stromal
c_1_1_1173,Lymphoid-Other
c_1_1_1174,Endothelial
c_1_1_1175,Mesenchymal-Stromal
c_1_1_1176,Mesenchymal-Stromal
c_1_1_1177,Mesenchymal-Stromal
c_1_1_1178,Mesenchymal-Stromal
c_1_1_1179,Lymphoid-Plasma
c_1_1_1180,Lymphoid-Plasma
c_1_1_1181,Mesenchymal-Stromal
c_1_1_1182,Mesenchymal-Stromal
c_1_1_1183,Lymphoid-Plasma
c_1_1_1184,Lymphoid-Plasma
c_1_1_1185,Mesenchymal-Stromal
c_1_1_1186,Mesenchymal-Stromal
c_1_1_1187,Mesenchymal-Stromal
c_1_1_1188,Mesenchymal-Stromal
c_1_1_1189,Mesenchymal-Stromal
c_1_1_1190,Mesenchymal-Stromal
c_1_1_1191,Mesenchymal-Stromal
c_1_1_1192,Mesenchymal-Stromal
c_1_1_1193,Mesenchymal-Stromal
c_1_1_1194,Mesenchymal-Stromal
c_1_1_1195,Mesenchymal-Stromal
c_1_1_1196,Lymphoid-T
c_1_1_1197,Mesenchymal-Stromal
c_1_1_1198,Lymphoid-Other
c_1_1_1199,Mesenchymal-Stromal
c_1_1_1200,Mesenchymal-Stromal
c_1_1_1201,Mesenchymal-Stromal
c_1_1_1202,Mesenchymal-Stromal
c_1_1_1203,Mesenchymal-Stromal
c_1_1_1204,Mesenchymal-Stromal
c_1_1_1205,Lymphoid-T
c_1_1_1206,Mesenchymal-Stromal
c_1_1_1207,Mesenchymal-Stromal
c_1_1_1208,Neuronal-Glial
c_1_1_1209,Mesenchymal-Stromal
c_1_1_1210,Lymphoid-Plasma
c_1_1_1211,Lymphoid-Plasma
c_1_1_1212,Lymphoid-Other
c_1_1_1213,Mesenchymal-Stromal
c_1_1_1214,Lymphoid-Plasma
c_1_1_1215,Mesenchymal-Stromal
c_1_1_1216,Mesenchymal-Stromal
c_1_1_1217,Mesenchymal-Stromal
c_1_1_1218,Mesenchymal-Stromal
c_1_1_1219,Mesenchymal-Stromal
c_1_1_1220,Mesenchymal-Stromal
c_1_1_1221,Mesenchymal-Stromal
c_1_1_1222,Mesenchymal-Stromal
c_1_1_1223,Lymphoid-Other
c_1_1_1224,Mesenchymal-Stromal
c_1_1_1225,Mesenchymal-Stromal
c_1_1_1226,Lymphoid-T
c_1_1_1227,Mesenchymal-Stromal
c_1_1_1228,Lymphoid-Plasma
c_1_1_1229,Mesenchymal-Stromal
c_1_1_1230,Lymphoid-Other
c_1_1_1231,Mesenchymal-Stromal
c_1_1_1232,Mesenchymal-Stromal
c_1_1_1233,Mesenchymal-Stromal
c_1_1_1234,Mesenchymal-Stromal
c_1_1_1235,Mesenchymal-Stromal
c_1_1_1236,Mesenchymal-Stromal
c_1_1_1237,Lymphoid-B
c_1_1_1238,Lymphoid-Other
c_1_1_1239,Lymphoid-Other
c_1_1_1240,Lymphoid-Other
c_1_1_1241,Mesenchymal-Stromal
c_1_1_1242,Mesenchymal-Stromal
c_1_1_1243,Mesenchymal-Stromal
c_1_1_1244,Lymphoid-Plasma
c_1_1_1245,Mesenchymal-Stromal
c_1_1_1246,Lymphoid-Other
c_1_1_1247,Lymphoid-Plasma
c_1_1_1248,Mesenchymal-Stromal
c_1_1_1249,Lymphoid-Plasma
c_1_1_1250,Mesenchymal-Stromal
c_1_1_1251,Lymphoid-Plasma
c_1_1_1252,Mesenchymal-Stromal
c_1_1_1253,Mesenchymal-Stromal
c_1_1_1254,Mesenchymal-Stromal
c_1_1_1255,Mesenchymal-Stromal
c_1_1_1256,Mesenchymal-Stromal
c_1_1_1257,Mesenchymal-Stromal
c_1_1_1258,Mesenchymal-Stromal
c_1_1_1259,Mesenchymal-Stromal
c_1_1_1260,Mesenchymal-Stromal
c_1_1_1261,Mesenchymal-Stromal
c_1_1_1262,Mesenchymal-Stromal
c_1_1_1263,Lymphoid-Other
c_1_1_1264,Mesenchymal-Stromal
c_1_1_1265,Mesenchymal-Stromal
c_1_1_1266,Mesenchymal-Stromal
c_1_1_1267,Mesenchymal-Stromal
c_1_1_1268,Mesenchymal-Stromal
c_1_1_1269,Mesenchymal-Stromal
c_1_1_1270,Lymphoid-B
c_1_1_1271,Mesenchymal-Stromal
c_1_1_1272,Mesenchymal-Stromal
c_1_1_1273,Mesenchymal-Stromal
c_1_1_1274,Lymphoid-Other
c_1_1_1275,Lymphoid-Other
c_1_1_1276,Mesenchymal-Stromal
c_1_1_1277,Lymphoid-T
c_1_1_1278,Mesenchymal-Stromal
c_1_1_1279,Mesenchymal-Stromal
c_1_1_1280,Mesenchymal-Stromal
c_1_1_1281,Mesenchymal-Stromal
c_1_1_1282,Endothelial
c_1_1_1283,Mesenchymal-Stromal
c_1_1_1284,Mesenchymal-Stromal
c_1_1_1285,Mesenchymal-Stromal
c_1_1_1286,Mesenchymal-Stromal
c_1_1_1287,Mesenchymal-Stromal
c_1_1_1288,Endothelial
c_1_1_1289,Lymphoid-Plasma
c_1_1_1290,None
c_1_1_1291,Lymphoid-T
c_1_1_1292,Endothelial
c_1_1_1293,Mesenchymal-Stromal
c_1_1_1294,Lymphoid-T
c_1_1_1295,Endothelial
c_1_1_1296,Lymphoid-T
c_1_1_1297,Mesenchymal-Stromal
c_1_1_1298,Mesenchymal-Stromal
c_1_1_1299,Mesenchymal-Stromal
c_1_1_1300,Lymphoid-Other
c_1_1_1301,Mesenchymal-Stromal
c_1_1_1302,Mesenchymal-Stromal
c_1_1_1303,Lymphoid-Plasma
c_1_1_1304,Mesenchymal-Stromal
c_1_1_1305,Lymphoid-Plasma
c_1_1_1306,Lymphoid-Other
c_1_1_1307,Mesenchymal-Stromal
c_1_1_1308,None
c_1_1_1309,Lymphoid-Other
c_1_1_1310,Mesenchymal-Stromal
c_1_1_1311,None
c_1_1_1312,Lymphoid-B
c_1_1_1313,Mesenchymal-Stromal
c_1_1_1314,Mesenchymal-Stromal
c_1_1_1315,Lymphoid-Other
c_1_1_1316,Mesenchymal-Stromal
c_1_1_1317,None
c_1_1_1318,Mesenchymal-Stromal
c_1_1_1319,Mesenchymal-Stromal
c_1_1_1320,Lymphoid-Other
c_1_1_1321,Lymphoid-Other
c_1_1_1322,Lymphoid-Other
c_1_1_1323,Lymphoid-Plasma
c_1_1_1324,Lymphoid-Other
c_1_1_1325,Mesenchymal-Stromal
c_1_1_1326,Mesenchymal-Stromal
c_1_1_1327,Mesenchymal-Stromal
c_1_1_1328,Lymphoid-Plasma
c_1_1_1329,Mesenchymal-Stromal
c_1_1_1330,Mesenchymal-Stromal
c_1_1_1331,Endothelial
c_1_1_1332,Mesenchymal-Stromal
c_1_1_1333,Lymphoid-Plasma
c_1_1_1334,Mesenchymal-Stromal
c_1_1_1335,Lymphoid-Plasma
c_1_1_1336,Mesenchymal-Stromal
c_1_1_1337,Lymphoid-Plasma
c_1_1_1338,Lymphoid-Other
c_1_1_1339,Lymphoid-B
c_1_1_1340,Lymphoid-Other
c_1_1_1341,Endothelial
c_1_1_1342,Lymphoid-Other
c_1_1_1343,Mesenchymal-Stromal
c_1_1_1344,Lymphoid-Plasma
c_1_1_1345,Lymphoid-Other
c_1_1_1346,Mesenchymal-Stromal
c_1_1_1347,Myeloid
c_1_1_1348,Mesenchymal-Stromal
c_1_1_1349,Mesenchymal-Stromal
c_1_1_1350,Mesenchymal-Stromal
c_1_1_1351,Mesenchymal-Stromal
c_1_1_1352,Mesenchymal-Stromal
c_1_1_1353,Mesenchymal-Stromal
c_1_1_1354,Mesenchymal-Stromal
c_1_1_1355,Mesenchymal-Stromal
c_1_1_1356,Mesenchymal-Stromal
c_1_1_1357,Mesenchymal-Stromal
c_1_1_1358,Mesenchymal-Stromal
c_1_1_1359,Mesenchymal-Stromal
c_1_1_1360,Lymphoid-Plasma
c_1_1_1361,Mesenchymal-Stromal
c_1_1_1362,Endothelial
c_1_1_1363,Mesenchymal-Stromal
c_1_1_1364,Mesenchymal-Stromal
c_1_1_1365,Endothelial
c_1_1_1366,Mesenchymal-Stromal
c_1_1_1367,Mesenchymal-Stromal
c_1_1_1368,Mesenchymal-Stromal
c_1_1_1369,Lymphoid-T
c_1_1_1370,Mesenchymal-Stromal
c_1_1_1371,Mesenchymal-Stromal
c_1_1_1372,Lymphoid-Other
c_1_1_1373,Mesenchymal-Stromal
c_1_1_1374,Endothelial
c_1_1_1375,Mesenchymal-Stromal
c_1_1_1376,Lymphoid-Plasma
c_1_1_1377,Mesenchymal-Stromal
c_1_1_1378,Endothelial
c_1_1_1379,Mesenchymal-Stromal
c_1_1_1380,Mesenchymal-Stromal
c_1_1_1381,Lymphoid-B
c_1_1_1382,Mesenchymal-Stromal
c_1_1_1383,Lymphoid-Other
c_1_1_1384,Lymphoid-Plasma
c_1_1_1385,Lymphoid-Plasma
c_1_1_1386,Mesenchymal-Stromal
c_1_1_1387,Mesenchymal-Stromal
c_1_1_1388,Lymphoid-Plasma
c_1_1_1389,Lymphoid-Plasma
c_1_1_1390,Lymphoid-T
c_1_1_1391,Neuronal-Glial
c_1_1_1392,Mesenchymal-Stromal
c_1_1_1393,Lymphoid-T
c_1_1_1394,Lymphoid-T
c_1_1_1395,Endothelial
c_1_1_1396,Mesenchymal-Stromal
c_1_1_1397,Mesenchymal-Stromal
c_1_1_1398,Mesenchymal-Stromal
c_1_1_1399,Mesenchymal-Stromal
c_1_1_1400,Lymphoid-T
c_1_1_1401,Mesenchymal-Stromal
c_1_1_1402,Mesenchymal-Stromal
c_1_1_1403,Lymphoid-Other
c_1_1_1404,Mesenchymal-Stromal
c_1_1_1405,Mesenchymal-Stromal
c_1_1_1406,Mesenchymal-Stromal
c_1_1_1407,Mesenchymal-Stromal
c_1_1_1408,Lymphoid-Other
c_1_1_1409,Mesenchymal-Stromal
c_1_1_1410,Mesenchymal-Stromal
c_1_1_1411,Lymphoid-Plasma
c_1_1_1412,Lymphoid-Other
c_1_1_1413,Lymphoid-Plasma
c_1_1_1414,Mesenchymal-Stromal
c_1_1_1415,Mesenchymal-Stromal
c_1_1_1416,Mesenchymal-Stromal
c_1_1_1417,Mesenchymal-Stromal
c_1_1_1418,Mesenchymal-Stromal
c_1_1_1419,Lymphoid-Other
c_1_1_1420,Mesenchymal-Stromal
c_1_1_1421,Lymphoid-Plasma
c_1_1_1422,Lymphoid-Plasma
c_1_1_1423,Lymphoid-Other
c_1_1_1424,Lymphoid-Plasma
c_1_1_1425,Mesenchymal-Stromal
c_1_1_1426,Mesenchymal-Stromal
c_1_1_1427,Mesenchymal-Stromal
c_1_1_1428,Mesenchymal-Stromal
c_1_1_1429,Mesenchymal-Stromal
c_1_1_1430,Lymphoid-Plasma
c_1_1_1431,Mesenchymal-Stromal
c_1_1_1432,Lymphoid-Other
c_1_1_1433,Mesenchymal-Stromal
c_1_1_1434,Mesenchymal-Stromal
c_1_1_1435,Mesenchymal-Stromal
c_1_1_1436,Lymphoid-Other
c_1_1_1437,Mesenchymal-Stromal
c_1_1_1438,Lymphoid-Other
c_1_1_1439,Lymphoid-B
c_1_1_1440,Mesenchymal-Stromal
c_1_1_1441,Lymphoid-Plasma
c_1_1_1442,Mesenchymal-Stromal
c_1_1_1443,Mesenchymal-Stromal
c_1_1_1444,Epithelial
c_1_1_1445,Lymphoid-Other
c_1_1_1446,Mesenchymal-Stromal
c_1_1_1447,Mesenchymal-Stromal
c_1_1_1448,Lymphoid-Other
c_1_1_1449,Neuronal-Glial
c_1_1_1450,Mesenchymal-Stromal
c_1_1_1451,Lymphoid-Plasma
c_1_1_1452,Mesenchymal-Stromal
c_1_1_1453,Mesenchymal-Stromal
c_1_1_1454,Mesenchymal-Stromal
c_1_1_1455,Lymphoid-Plasma
c_1_1_1456,Mesenchymal-Stromal
c_1_1_1457,Mesenchymal-Stromal
c_1_1_1458,Mesenchymal-Stromal
c_1_1_1459,Lymphoid-T
c_1_1_1460,Endothelial
c_1_1_1461,Mesenchymal-Stromal
c_1_1_1462,Mesenchymal-Stromal
c_1_1_1463,Mesenchymal-Stromal
c_1_1_1464,Mesenchymal-Stromal
c_1_1_1465,Mesenchymal-Stromal
c_1_1_1466,Mesenchymal-Stromal
c_1_1_1467,Lymphoid-Other
c_1_1_1468,Mesenchymal-Stromal
c_1_1_1469,Mesenchymal-Stromal
c_1_1_1470,Mesenchymal-Stromal
c_1_1_1471,Mesenchymal-Stromal
c_1_1_1472,Mesenchymal-Stromal
c_1_1_1473,Mesenchymal-Stromal
c_1_1_1474,Lymphoid-Other
c_1_1_1475,Mesenchymal-Stromal
c_1_1_1476,Mesenchymal-Stromal
c_1_1_1477,Mesenchymal-Stromal
c_1_1_1478,Mesenchymal-Stromal
c_1_1_1479,Mesenchymal-Stromal
c_1_1_1480,Lymphoid-Plasma
c_1_1_1481,Mesenchymal-Stromal
c_1_1_1482,Mesenchymal-Stromal
c_1_1_1483,Mesenchymal-Stromal
c_1_1_1484,Mesenchymal-Stromal
c_1_1_1485,Mesenchymal-Stromal
c_1_1_1486,Lymphoid-Plasma
c_1_1_1487,Mesenchymal-Stromal
c_1_1_1488,Lymphoid-Other
c_1_1_1489,Mesenchymal-Stromal
c_1_1_1490,Mesenchymal-Stromal
c_1_1_1491,Mesenchymal-Stromal
c_1_1_1492,Mesenchymal-Stromal
c_1_1_1493,Mesenchymal-Stromal
c_1_1_1494,Endothelial
c_1_1_1495,Mesenchymal-Stromal
c_1_1_1496,Mesenchymal-Stromal
c_1_1_1497,Mesenchymal-Stromal
c_1_1_1498,Mesenchymal-Stromal
c_1_1_1499,Mesenchymal-Stromal
c_1_1_1500,Mesenchymal-Stromal
c_1_1_1501,Endothelial
c_1_1_1502,Mesenchymal-Stromal
c_1_1_1503,Mesenchymal-Stromal
c_1_1_1504,Mesenchymal-Stromal
c_1_1_1505,Mesenchymal-Stromal
c_1_1_1506,Mesenchymal-Stromal
c_1_1_1507,Lymphoid-B
c_1_1_1508,Lymphoid-Plasma
c_1_1_1509,Lymphoid-Plasma
c_1_1_1510,Endothelial
c_1_1_1511,Mesenchymal-Stromal
c_1_1_1512,Mesenchymal-Stromal
c_1_1_1513,Lymphoid-T
c_1_1_1514,Mesenchymal-Stromal
c_1_1_1515,Endothelial
c_1_1_1516,Mesenchymal-Stromal
c_1_1_1517,Mesenchymal-Stromal
c_1_1_1518,Lymphoid-Other
c_1_1_1519,Lymphoid-T
c_1_1_1520,Lymphoid-Plasma
c_1_1_1521,Endothelial
c_1_1_1522,Mesenchymal-Stromal
c_1_1_1523,Mesenchymal-Stromal
c_1_1_1524,Mesenchymal-Stromal
c_1_1_1525,Mesenchymal-Stromal
c_1_1_1526,Mesenchymal-Stromal
c_1_1_1527,Mesenchymal-Stromal
c_1_1_1528,Lymphoid-Plasma
c_1_1_1529,Myeloid
c_1_1_1530,Mesenchymal-Stromal
c_1_1_1531,Mesenchymal-Stromal
c_1_1_1532,Mesenchymal-Stromal
c_1_1_1533,Mesenchymal-Stromal
c_1_1_1534,Endothelial
c_1_1_1535,Endothelial
c_1_1_1536,None
c_1_2_1,Endothelial
c_1_2_2,Endothelial
c_1_2_3,Mesenchymal-Stromal
c_1_2_4,Neuronal-Glial
c_1_2_5,Mesenchymal-Stromal
c_1_2_6,Lymphoid-Other
c_1_2_7,Lymphoid-Plasma
c_1_2_8,Mesenchymal-Stromal
c_1_2_9,Endothelial
c_1_2_10,Endothelial
c_1_2_11,Lymphoid-Plasma
c_1_2_12,Endothelial
c_1_2_13,Mesenchymal-Stromal
c_1_2_14,Lymphoid-Other
c_1_2_15,Endothelial
c_1_2_16,Neuronal-Glial
c_1_2_17,Mesenchymal-Stromal
c_1_2_18,Mesenchymal-Stromal
c_1_2_19,Lymphoid-Other
c_1_2_20,Mesenchymal-Stromal
c_1_2_21,Endothelial
c_1_2_22,Neuronal-Glial
c_1_2_23,Lymphoid-T
c_1_2_24,Mesenchymal-Stromal
c_1_2_25,Mesenchymal-Stromal
c_1_2_26,Endothelial
c_1_2_27,Lymphoid-Other
c_1_2_28,Endothelial
c_1_2_29,Mesenchymal-Stromal
c_1_2_30,Lymphoid-Plasma
c_1_2_31,Endothelial
c_1_2_32,Lymphoid-Plasma
c_1_2_33,Endothelial
c_1_2_34,Endothelial
c_1_2_35,Mesenchymal-Stromal
c_1_2_36,Endothelial
c_1_2_37,Mesenchymal-Stromal
c_1_2_38,Mesenchymal-Stromal
c_1_2_39,Endothelial
c_1_2_40,Mesenchymal-Stromal
c_1_2_41,Mesenchymal-Stromal
c_1_2_42,Endothelial
c_1_2_43,None
c_1_2_44,Lymphoid-Other
c_1_2_45,Mesenchymal-Stromal
c_1_2_46,Endothelial
c_1_2_47,Lymphoid-Other
c_1_2_48,Mesenchymal-Stromal
c_1_2_49,Mesenchymal-Stromal
c_1_2_50,Mesenchymal-Stromal
c_1_2_51,Endothelial
c_1_2_52,Mesenchymal-Stromal
c_1_2_53,Lymphoid-Other
c_1_2_54,Mesenchymal-Stromal
c_1_2_55,Lymphoid-B
c_1_2_56,Lymphoid-DC
c_1_2_57,Lymphoid-T
c_1_2_58,Lymphoid-DC
c_1_2_59,Lymphoid-DC
c_1_2_60,Myeloid
c_1_2_61,Lymphoid-DC
c_1_2_62,Lymphoid-T
c_1_2_63,Lymphoid-T
c_1_2_64,Lymphoid-T
c_1_2_65,Lymphoid-B
c_1_2_66,Lymphoid-T
c_1_2_67,Lymphoid-DC
c_1_2_68,Lymphoid-DC
c_1_2_69,Lymphoid-T
c_1_2_70,Lymphoid-DC
c_1_2_71,Lymphoid-Other
c_1_2_72,Endothelial
c_1_2_73,Lymphoid-DC
c_1_2_74,Lymphoid-DC
c_1_2_75,None
c_1_2_76,Lymphoid-DC
c_1_2_77,Lymphoid-DC
c_1_2_78,Lymphoid-DC
c_1_2_79,Lymphoid-T
c_1_2_80,Lymphoid-Other
c_1_2_81,Lymphoid-T
c_1_2_82,Lymphoid-DC
c_1_2_83,Lymphoid-DC
c_1_2_84,Endothelial
c_1_2_85,Lymphoid-T
c_1_2_86,Myeloid
c_1_2_87,Lymphoid-T
c_1_2_88,Lymphoid-DC
c_1_2_89,Lymphoid-Other
c_1_2_90,Lymphoid-T
c_1_2_91,None
c_1_2_92,Lymphoid-DC
c_1_2_93,Lymphoid-DC
c_1_2_94,Lymphoid-Other
c_1_2_95,Lymphoid-Other
c_1_2_96,Lymphoid-T
c_1_2_97,None
c_1_2_98,Lymphoid-DC
c_1_2_99,Lymphoid-DC
c_1_2_100,Lymphoid-T
c_1_2_101,Lymphoid-DC
c_1_2_102,Lymphoid-DC
c_1_2_103,Lymphoid-DC
c_1_2_104,None
c_1_2_105,Lymphoid-DC
c_1_2_106,Lymphoid-DC
c_1_2_107,Lymphoid-DC
c_1_2_108,Endothelial
c_1_2_109,Lymphoid-DC
c_1_2_110,None
c_1_2_111,Lymphoid-T
c_1_2_112,Lymphoid-Other
c_1_2_113,Lymphoid-T
c_1_2_114,Lymphoid-T
c_1_2_115,Lymphoid-T
c_1_2_116,Lymphoid-T
c_1_2_117,None
c_1_2_118,Lymphoid-DC
c_1_2_119,Lymphoid-Other
c_1_2_120,Lymphoid-T
c_1_2_121,Lymphoid-T
c_1_2_122,Mesenchymal-Stromal
c_1_2_123,None
c_1_2_124,None
c_1_2_125,None
c_1_2_126,Mesenchymal-Stromal
c_1_2_127,Mesenchymal-Stromal
c_1_2_128,Lymphoid-Other
c_1_2_129,Neuronal-Glial
c_1_2_130,Endothelial
c_1_2_131,Myeloid
c_1_2_132,Lymphoid-T
c_1_2_133,Lymphoid-Other
c_1_2_134,Lymphoid-Other
c_1_2_135,Mesenchymal-Stromal
c_1_2_136,Lymphoid-Other
c_1_2_137,Lymphoid-Plasma
c_1_2_138,Mesenchymal-Stromal
c_1_2_139,Endothelial
c_1_2_140,Mesenchymal-Stromal
c_1_2_141,Mesenchymal-Stromal
c_1_2_142,Lymphoid-Plasma
c_1_2_143,Lymphoid-Other
c_1_2_144,Lymphoid-Plasma
c_1_2_145,Lymphoid-Plasma
c_1_2_146,Mesenchymal-Stromal
c_1_2_147,Lymphoid-Other
c_1_2_148,Lymphoid-T
c_1_2_149,Lymphoid-T
c_1_2_150,Lymphoid-Plasma
c_1_2_151,Lymphoid-Plasma
c_1_2_152,Lymphoid-Other
c_1_2_153,Endothelial
c_1_2_154,Lymphoid-Plasma
c_1_2_155,Lymphoid-T
c_1_2_156,Lymphoid-Plasma
c_1_2_157,Myeloid
c_1_2_158,Lymphoid-B
c_1_2_159,Lymphoid-B
c_1_2_160,Mesenchymal-Stromal
c_1_2_161,Lymphoid-Plasma
c_1_2_162,Endothelial
c_1_2_163,Mesenchymal-Stromal
c_1_2_164,Lymphoid-Plasma
c_1_2_165,Lymphoid-Plasma
c_1_2_166,Lymphoid-B
c_1_2_167,Lymphoid-B
c_1_2_168,Mesenchymal-Stromal
c_1_2_169,Lymphoid-Plasma
c_1_2_170,Lymphoid-Other
c_1_2_171,Endothelial
c_1_2_172,Lymphoid-Plasma
c_1_2_173,Lymphoid-Plasma
c_1_2_174,Lymphoid-Plasma
c_1_2_175,Endothelial
c_1_2_176,Lymphoid-Other
c_1_2_177,Mesenchymal-Stromal
c_1_2_178,Lymphoid-Plasma
c_1_2_179,Mesenchymal-Stromal
c_1_2_180,Lymphoid-Plasma
c_1_2_181,Lymphoid-Other
c_1_2_182,Lymphoid-Other
c_1_2_183,Lymphoid-B
c_1_2_184,Mesenchymal-Stromal
c_1_2_185,Mesenchymal-Stromal
c_1_2_186,Lymphoid-T
c_1_2_187,Neuronal-Glial
c_1_2_188,Myeloid
c_1_2_189,Lymphoid-Other
c_1_2_190,Endothelial
c_1_2_191,Endothelial
c_1_2_192,Endothelial
c_1_2_193,Epithelial
c_1_2_194,Mesenchymal-Stromal
c_1_2_195,Mesenchymal-Stromal
c_1_2_196,Mesenchymal-Stromal
c_1_2_197,Mesenchymal-Stromal
c_1_2_198,Endothelial
c_1_2_199,Lymphoid-Other
c_1_2_200,Lymphoid-Other
c_1_2_201,Endothelial
c_1_2_202,Endothelial
c_1_2_203,Endothelial
c_1_2_204,Lymphoid-Other
c_1_2_205,Lymphoid-Plasma
c_1_2_206,Mesenchymal-Stromal
c_1_2_207,Lymphoid-T
c_1_2_208,Mesenchymal-Stromal
c_1_2_209,Mesenchymal-Stromal
c_1_2_210,Lymphoid-Other
c_1_2_211,Neuronal-Glial
c_1_2_212,Endothelial
c_1_2_213,Mesenchymal-Stromal
c_1_2_214,Lymphoid-Other
c_1_2_215,Mesenchymal-Stromal
c_1_2_216,Mesenchymal-Stromal
c_1_2_217,Endothelial
c_1_2_218,Mesenchymal-Stromal
c_1_2_219,Endothelial
c_1_2_220,Mesenchymal-Stromal
c_1_2_221,Endothelial
c_1_2_222,Lymphoid-Plasma
c_1_2_223,Endothelial
c_1_2_224,Lymphoid-Other
c_1_2_225,Lymphoid-B
c_1_2_226,Lymphoid-Other
c_1_2_227,Lymphoid-Other
c_1_2_228,Mesenchymal-Stromal
c_1_2_229,Lymphoid-Other
c_1_2_230,Endothelial
c_1_2_231,Lymphoid-Other
c_1_2_232,Endothelial
c_1_2_233,Mesenchymal-Stromal
c_1_2_234,Mesenchymal-Stromal
c_1_2_235,Endothelial
c_1_2_236,Mesenchymal-Stromal
c_1_2_237,Mesenchymal-Stromal
c_1_2_238,Endothelial
c_1_2_239,Mesenchymal-Stromal
c_1_2_240,Endothelial
c_1_2_241,Mesenchymal-Stromal
c_1_2_242,Mesenchymal-Stromal
c_1_2_243,Mesenchymal-Stromal
c_1_2_244,Mesenchymal-Stromal
c_1_2_245,Mesenchymal-Stromal
c_1_2_246,Mesenchymal-Stromal
c_1_2_247,Endothelial
c_1_2_248,Endothelial
c_1_2_249,Lymphoid-T
c_1_2_250,Mesenchymal-Stromal
c_1_2_251,Mesenchymal-Stromal
c_1_2_252,Lymphoid-Other
c_1_2_253,Mesenchymal-Stromal
c_1_2_254,Mesenchymal-Stromal
c_1_2_255,Mesenchymal-Stromal
c_1_2_256,Mesenchymal-Stromal
c_1_2_257,Endothelial
c_1_2_258,Lymphoid-Other
c_1_2_259,Mesenchymal-Stromal
c_1_2_260,Mesenchymal-Stromal
c_1_2_261,Lymphoid-Other
c_1_2_262,Lymphoid-Plasma
c_1_2_263,Lymphoid-Other
c_1_2_264,Lymphoid-Other
c_1_2_265,Endothelial
c_1_2_266,Mesenchymal-Stromal
c_1_2_267,Lymphoid-Other
c_1_2_268,Lymphoid-Other
c_1_2_269,Endothelial
c_1_2_270,Mesenchymal-Stromal
c_1_2_271,Mesenchymal-Stromal
c_1_2_272,Lymphoid-Other
c_1_2_273,Mesenchymal-Stromal
c_1_2_274,Mesenchymal-Stromal
c_1_2_275,Lymphoid-Other
c_1_2_276,Mesenchymal-Stromal
c_1_2_277,Endothelial
c_1_2_278,Endothelial
c_1_2_279,Lymphoid-T
c_1_2_280,Lymphoid-Plasma
c_1_2_281,Mesenchymal-Stromal
c_1_2_282,Lymphoid-Other
c_1_2_283,Mesenchymal-Stromal
c_1_2_284,None
c_1_2_285,Myeloid
c_1_2_286,Lymphoid-Other
c_1_2_287,Endothelial
c_1_2_288,Mesenchymal-Stromal
c_1_2_289,Lymphoid-Other
c_1_2_290,Lymphoid-T
c_1_2_291,Lymphoid-Other
c_1_2_292,Endothelial
c_1_2_293,Lymphoid-Other
c_1_2_294,Mesenchymal-Stromal
c_1_2_295,Mesenchymal-Stromal
c_1_2_296,Lymphoid-Other
c_1_2_297,Endothelial
c_1_2_298,Endothelial
c_1_2_299,Mesenchymal-Stromal
c_1_2_300,Endothelial
c_1_2_301,Lymphoid-Other
c_1_2_302,Lymphoid-Other
c_1_2_303,Endothelial
c_1_2_304,Mesenchymal-Stromal
c_1_2_305,Lymphoid-Other
c_1_2_306,Lymphoid-Plasma
c_1_2_307,Mesenchymal-Stromal
c_1_2_308,Lymphoid-Other
c_1_2_309,Lymphoid-Other
c_1_2_310,Lymphoid-T
c_1_2_311,Mesenchymal-Stromal
c_1_2_312,Lymphoid-Plasma
c_1_2_313,Mesenchymal-Stromal
c_1_2_314,Lymphoid-Other
c_1_2_315,Mesenchymal-Stromal
c_1_2_316,Endothelial
c_1_2_317,None
c_1_2_318,None
c_1_2_319,None
c_1_2_320,Endothelial
c_1_2_321,Endothelial
c_1_2_322,Endothelial
c_1_2_323,Endothelial
c_1_2_324,Lymphoid-Other
c_1_2_325,Lymphoid-T
c_1_2_326,Mesenchymal-Stromal
c_1_2_327,Endothelial
c_1_2_328,Endothelial
c_1_2_329,Endothelial
c_1_2_330,Lymphoid-Other
c_1_2_331,Endothelial
c_1_2_332,Endothelial
c_1_2_333,Mesenchymal-Stromal
c_1_2_334,Lymphoid-Other
c_1_2_335,Endothelial
c_1_2_336,Endothelial
c_1_2_337,Endothelial
c_1_2_338,Mesenchymal-Stromal
c_1_2_339,Lymphoid-T
c_1_2_340,None
c_1_2_341,Lymphoid-T
c_1_2_342,Lymphoid-Other
c_1_2_343,Lymphoid-T
c_1_2_344,None
c_1_2_345,None
c_1_2_346,Lymphoid-T
c_1_2_347,Lymphoid-DC
c_1_2_348,Lymphoid-DC
c_1_2_349,Lymphoid-DC
c_1_2_350,Mesenchymal-Stromal
c_1_2_351,Lymphoid-DC
c_1_2_352,Myeloid
c_1_2_353,None
c_1_2_354,Lymphoid-DC
c_1_2_355,Lymphoid-Other
c_1_2_356,Lymphoid-DC
c_1_2_357,Lymphoid-DC
c_1_2_358,Mesenchymal-Stromal
c_1_2_359,Lymphoid-DC
c_1_2_360,Lymphoid-DC
c_1_2_361,Lymphoid-T
c_1_2_362,None
c_1_2_363,Lymphoid-DC
c_1_2_364,Lymphoid-B
c_1_2_365,None
c_1_2_366,Lymphoid-DC
c_1_2_367,Lymphoid-DC
c_1_2_368,None
c_1_2_369,None
c_1_2_370,Lymphoid-DC
c_1_2_371,Lymphoid-T
c_1_2_372,Lymphoid-Plasma
c_1_2_373,Lymphoid-T
c_1_2_374,Lymphoid-B
c_1_2_375,Lymphoid-T
c_1_2_376,Lymphoid-Other
c_1_2_377,Lymphoid-T
c_1_2_378,Myeloid
c_1_2_379,Lymphoid-T
c_1_2_380,Lymphoid-T
c_1_2_381,Lymphoid-DC
c_1_2_382,Lymphoid-Other
c_1_2_383,None
c_1_2_384,Lymphoid-DC
c_1_2_385,Lymphoid-DC
c_1_2_386,None
c_1_2_387,None
c_1_2_388,Endothelial
c_1_2_389,Myeloid
c_1_2_390,Lymphoid-DC
c_1_2_391,Lymphoid-DC
c_1_2_392,None
c_1_2_393,Lymphoid-DC
c_1_2_394,Lymphoid-T
c_1_2_395,Lymphoid-T
c_1_2_396,Lymphoid-DC
c_1_2_397,None
c_1_2_398,None
c_1_2_399,Lymphoid-T
c_1_2_400,None
c_1_2_401,Lymphoid-T
c_1_2_402,None
c_1_2_403,Lymphoid-T
c_1_3_1,Neuronal-Glial
c_1_3_2,Endothelial
c_1_3_3,Epithelial
c_1_3_4,Lymphoid-T
c_1_3_5,Lymphoid-T
c_1_3_6,Lymphoid-T
c_1_3_7,Lymphoid-T
c_1_3_8,Endothelial
c_1_3_9,Lymphoid-T
c_1_3_10,Epithelial
c_1_3_11,Lymphoid-T
c_1_3_12,Lymphoid-T
c_1_3_13,Lymphoid-T
c_1_3_14,Epithelial
c_1_3_15,Lymphoid-T
c_1_3_16,Lymphoid-Other
c_1_3_17,Lymphoid-Plasma
c_1_3_18,Epithelial
c_1_3_19,Mesenchymal-Stromal
c_1_3_20,Epithelial
c_1_3_21,Endothelial
c_1_3_22,Mesenchymal-Stromal
c_1_3_23,Endothelial
c_1_3_24,Epithelial
c_1_3_25,Epithelial
c_1_3_26,Endothelial
c_1_3_27,Lymphoid-T
c_1_3_28,Mesenchymal-Stromal
c_1_3_29,Mesenchymal-Stromal
c_1_3_30,Stem
c_1_3_31,Lymphoid-T
c_1_3_32,Endothelial
c_1_3_33,Endothelial
c_1_3_34,Endothelial
c_1_3_35,Lymphoid-T
c_1_3_36,Lymphoid-Other
c_1_3_37,Lymphoid-T
c_1_3_38,Endothelial
c_1_3_39,Lymphoid-Other
c_1_3_40,Lymphoid-Other
c_1_3_41,Lymphoid-T
c_1_3_42,Lymphoid-T
c_1_3_43,Endothelial
c_1_3_44,Lymphoid-Other
c_1_3_45,Lymphoid-T
c_1_3_46,Lymphoid-T
c_1_3_47,Lymphoid-T
c_1_3_48,Epithelial
c_1_3_49,Lymphoid-T
c_1_3_50,Endothelial
c_1_3_51,Lymphoid-T
c_1_3_52,Lymphoid-Plasma
c_1_3_53,Endothelial
c_1_3_54,Epithelial
c_1_3_55,Endothelial
c_1_3_56,Endothelial
c_1_3_57,Lymphoid-T
c_1_3_58,Lymphoid-Plasma
c_1_3_59,Endothelial
c_1_3_60,Lymphoid-T
c_1_3_61,Myeloid
c_1_3_62,Mesenchymal-Stromal
c_1_3_63,Endothelial
c_1_3_64,Lymphoid-T
c_1_3_65,Endothelial
c_1_3_66,Lymphoid-Plasma
c_1_3_67,Myeloid
c_1_3_68,Myeloid
c_1_3_69,None
c_1_3_70,Lymphoid-T
c_1_3_71,Lymphoid-Plasma
c_1_3_72,Lymphoid-T
c_1_3_73,Lymphoid-Plasma
c_1_3_74,Endothelial
c_1_3_75,Neuronal-Glial
c_1_3_76,Endothelial
c_1_3_77,Lymphoid-Plasma
c_1_3_78,Epithelial
c_1_3_79,Endothelial
c_1_3_80,None
c_1_3_81,Endothelial
c_1_3_82,Lymphoid-T
c_1_3_83,Epithelial
c_1_3_84,Lymphoid-Other
c_1_3_85,Epithelial
c_1_3_86,Endothelial
c_1_3_87,Endothelial
c_1_3_88,Neuronal-Glial
c_1_3_89,Mesenchymal-Stromal
c_1_3_90,Lymphoid-Other
c_1_3_91,Epithelial
c_1_3_92,Lymphoid-Plasma
c_1_3_93,Lymphoid-Plasma
c_1_3_94,Lymphoid-T
c_1_3_95,Neuronal-Glial
c_1_3_96,Endothelial
c_1_3_97,Mesenchymal-Stromal
c_1_3_98,Lymphoid-Plasma
c_1_3_99,Lymphoid-Plasma
c_1_3_100,Endothelial
c_1_3_101,Lymphoid-T
c_1_3_102,Lymphoid-Plasma
c_1_3_103,Lymphoid-Plasma
c_1_3_104,Endothelial
c_1_3_105,Lymphoid-Other
c_1_3_106,Epithelial
c_1_3_107,Mesenchymal-Stromal
c_1_3_108,Epithelial
c_1_3_109,Endothelial
c_1_3_110,Mesenchymal-Stromal
c_1_3_111,Endothelial
c_1_3_112,Endothelial
c_1_3_113,Lymphoid-Plasma
c_1_3_114,Mesenchymal-Stromal
c_1_3_115,Endothelial
c_1_3_116,Lymphoid-Other
c_1_3_117,Endothelial
c_1_3_118,Lymphoid-T
c_1_3_119,Endothelial
c_1_3_120,Lymphoid-T
c_1_3_121,Myeloid
c_1_3_122,Lymphoid-Plasma
c_1_3_123,Lymphoid-Other
c_1_3_124,Lymphoid-T
c_1_3_125,Endothelial
c_1_3_126,Endothelial
c_1_3_127,Mesenchymal-Stromal
c_1_3_128,Lymphoid-T
c_1_3_129,Endothelial
c_1_3_130,None
c_1_3_131,Lymphoid-Other
c_1_3_132,Epithelial
c_1_3_133,Endothelial
c_1_3_134,Lymphoid-Other
c_1_3_135,Epithelial
c_1_3_136,Epithelial
c_1_3_137,Endothelial
c_1_3_138,Endothelial
c_1_3_139,Epithelial
c_1_3_140,Lymphoid-T
c_1_3_141,Lymphoid-T
c_1_3_142,Endothelial
c_1_3_143,Mesenchymal-Stromal
c_1_3_144,Lymphoid-T
c_1_3_145,Endothelial
c_1_3_146,Lymphoid-T
c_1_3_147,Lymphoid-T
c_1_3_148,Mesenchymal-Stromal
c_1_3_149,Lymphoid-DC
c_1_3_150,Lymphoid-Plasma
c_1_3_151,Lymphoid-Plasma
c_1_3_152,Lymphoid-DC
c_1_3_153,Lymphoid-DC
c_1_3_154,Lymphoid-Plasma
c_1_3_155,Lymphoid-T
c_1_3_156,Lymphoid-T
c_1_3_157,Lymphoid-T
c_1_3_158,Epithelial
c_1_3_159,Lymphoid-T
c_1_3_160,Endothelial
c_1_3_161,Lymphoid-DC
c_1_3_162,Lymphoid-T
c_1_3_163,Mesenchymal-Stromal
c_1_3_164,Mesenchymal-Stromal
c_1_3_165,Endothelial
c_1_3_166,Lymphoid-T
c_1_3_167,Endothelial
c_1_3_168,Mesenchymal-Stromal
c_1_3_169,Epithelial
c_1_3_170,Endothelial
c_1_3_171,Mesenchymal-Stromal
c_1_3_172,Endothelial
c_1_3_173,Epithelial
c_1_3_174,Endothelial
c_1_3_175,Endothelial
c_1_3_176,Endothelial
c_1_3_177,Lymphoid-Other
c_1_3_178,Epithelial
c_1_3_179,Lymphoid-T
c_1_3_180,Lymphoid-T
c_1_3_181,None
c_1_3_182,Lymphoid-Plasma
c_1_3_183,Lymphoid-Plasma
c_1_3_184,Lymphoid-T
c_1_3_185,Stem
c_1_3_186,Lymphoid-T
c_1_3_187,Lymphoid-T
c_1_3_188,Neuronal-Glial
c_1_3_189,Endothelial
c_1_3_190,Neuronal-Glial
c_1_3_191,Neuronal-Glial
c_1_3_192,Lymphoid-T
c_1_3_193,Lymphoid-T
c_1_3_194,Lymphoid-Plasma
c_1_3_195,Lymphoid-T
c_1_3_196,None
c_1_3_197,Mesenchymal-Stromal
c_1_3_198,Endothelial
c_1_3_199,Endothelial
c_1_3_200,Lymphoid-T
c_1_3_201,Lymphoid-Plasma
c_1_3_202,Epithelial
c_1_3_203,Lymphoid-Plasma
c_1_3_204,Lymphoid-Plasma
c_1_3_205,None
c_1_3_206,Neuronal-Glial
c_1_3_207,Neuronal-Glial
c_1_3_208,Lymphoid-T
c_1_3_209,Lymphoid-T
c_1_3_210,Endothelial
c_1_3_211,Lymphoid-T
c_1_3_212,Endothelial
c_1_3_213,Lymphoid-T
c_1_3_214,Lymphoid-Plasma
c_1_3_215,Lymphoid-T
c_1_3_216,Endothelial
c_1_3_217,Neuronal-Glial
c_1_3_218,Endothelial
c_1_3_219,Neuronal-Glial
c_1_3_220,Endothelial
c_1_3_221,Lymphoid-Plasma
c_1_3_222,Endothelial
c_1_3_223,Lymphoid-Plasma
c_1_3_224,Lymphoid-T
c_1_3_225,Endothelial
c_1_3_226,Lymphoid-T
c_1_3_227,Lymphoid-T
c_1_3_228,Stem
c_1_3_229,Endothelial
c_1_3_230,Endothelial
c_1_3_231,Epithelial
c_1_3_232,Epithelial
c_1_3_233,Lymphoid-T
c_1_3_234,None
c_1_3_235,Epithelial
c_1_3_236,Lymphoid-T
c_1_3_237,Epithelial
c_1_3_238,Lymphoid-Plasma
c_1_3_239,Endothelial
c_1_3_240,Lymphoid-DC
c_1_3_241,Lymphoid-Plasma
c_1_3_242,Endothelial
c_1_3_243,Endothelial
c_1_3_244,Mesenchymal-Stromal
c_1_3_245,Lymphoid-T
c_1_3_246,Lymphoid-Plasma
c_1_3_247,Endothelial
c_1_3_248,Lymphoid-T
c_1_3_249,Endothelial
c_1_3_250,Lymphoid-Plasma
c_1_3_251,Lymphoid-T
c_1_3_252,Endothelial
c_1_3_253,Mesenchymal-Stromal
c_1_3_254,Lymphoid-T
c_1_3_255,Lymphoid-Plasma
c_1_3_256,Lymphoid-Plasma
c_1_3_257,Lymphoid-T
c_1_3_258,Lymphoid-T
c_1_3_259,Myeloid
c_1_3_260,Endothelial
c_1_3_261,Endothelial
c_1_3_262,Lymphoid-Plasma
c_1_3_263,Lymphoid-T
c_1_3_264,Epithelial
c_1_3_265,Neuronal-Glial
c_1_3_266,Lymphoid-T
c_1_3_267,Endothelial
c_1_3_268,Lymphoid-Plasma
c_1_3_269,Lymphoid-T
c_1_3_270,Neuronal-Glial
c_1_3_271,Lymphoid-T
c_1_3_272,Lymphoid-Plasma
c_1_3_273,Endothelial
c_1_3_274,Mesenchymal-Stromal
c_1_3_275,Endothelial
c_1_3_276,Endothelial
c_1_3_277,Lymphoid-Plasma
c_1_3_278,Endothelial
c_1_3_279,Epithelial
c_1_3_280,Lymphoid-Plasma
c_1_3_281,Lymphoid-T
c_1_3_282,Lymphoid-T
c_1_3_283,Epithelial
c_1_3_284,Lymphoid-Plasma
c_1_3_285,Endothelial
c_1_3_286,Lymphoid-T
c_1_3_287,Lymphoid-Plasma
c_1_3_288,Mesenchymal-Stromal
c_1_3_289,Lymphoid-B
c_1_3_290,Epithelial
c_1_3_291,Lymphoid-T
c_1_3_292,Mesenchymal-Stromal
c_1_3_293,Epithelial
c_1_3_294,Lymphoid-Plasma
c_1_3_295,Myeloid
c_1_3_296,Lymphoid-Plasma
c_1_3_297,Mesenchymal-Stromal
c_1_3_298,None
c_1_3_299,Lymphoid-T
c_1_3_300,Endothelial
c_1_3_301,Endothelial
c_1_3_302,Endothelial
c_1_3_303,Endothelial
c_1_3_304,Epithelial
c_1_3_305,Lymphoid-DC
c_1_3_306,Endothelial
c_1_3_307,Lymphoid-Other
c_1_3_308,Epithelial
c_1_3_309,Myeloid
c_1_3_310,Myeloid
c_1_3_311,Lymphoid-T
c_1_3_312,Lymphoid-Plasma
c_1_3_313,Endothelial
c_1_3_314,Lymphoid-DC
c_1_3_315,Lymphoid-Plasma
c_1_3_316,Lymphoid-T
c_1_3_317,Lymphoid-T
c_1_3_318,Lymphoid-T
c_1_3_319,Epithelial
c_1_3_320,Lymphoid-Plasma
c_1_3_321,Lymphoid-Other
c_1_3_322,Lymphoid-Plasma
c_1_3_323,Endothelial
c_1_3_324,Lymphoid-T
c_1_3_325,Lymphoid-T
c_1_3_326,Lymphoid-T
c_1_3_327,Neuronal-Glial
c_1_3_328,Endothelial
c_1_3_329,Lymphoid-T
c_1_3_330,Lymphoid-T
c_1_3_331,Stem
c_1_3_332,Endothelial
c_1_3_333,Lymphoid-Plasma
c_1_3_334,Lymphoid-Plasma
c_1_3_335,Lymphoid-Plasma
c_1_3_336,Endothelial
c_1_3_337,Epithelial
c_1_3_338,Epithelial
c_1_3_339,Lymphoid-T
c_1_3_340,Lymphoid-Plasma
c_1_3_341,Endothelial
c_1_3_342,Endothelial
c_1_3_343,Lymphoid-T
c_1_3_344,Endothelial
c_1_3_345,Neuronal-Glial
c_1_3_346,Neuronal-Glial
c_1_3_347,Lymphoid-Plasma
c_1_3_348,Lymphoid-T
c_1_3_349,Lymphoid-DC
c_1_3_350,Endothelial
c_1_3_351,Lymphoid-T
c_1_3_352,Lymphoid-Plasma
c_1_3_353,None
c_1_3_354,Stem
c_1_3_355,Mesenchymal-Stromal
c_1_3_356,Epithelial
c_1_3_357,Endothelial
c_1_3_358,Epithelial
c_1_3_359,Endothelial
c_1_3_360,Lymphoid-T
c_1_3_361,Endothelial
c_1_3_362,Endothelial
c_1_3_363,Neuronal-Glial
c_1_3_364,Mesenchymal-Stromal
c_1_3_365,Endothelial
c_1_3_366,Lymphoid-T
c_1_3_367,Neuronal-Glial
c_1_3_368,Lymphoid-Plasma
c_1_3_369,Lymphoid-DC
c_1_3_370,Epithelial
c_1_3_371,Lymphoid-T
c_1_3_372,Lymphoid-T
c_1_3_373,Lymphoid-T
c_1_3_374,Lymphoid-DC
c_1_3_375,Lymphoid-T
c_1_3_376,Lymphoid-T
c_1_3_377,Lymphoid-T
c_1_3_378,Neuronal-Glial
c_1_3_379,Lymphoid-Plasma
c_1_3_380,Stem
c_1_3_381,Lymphoid-DC
c_1_3_382,Epithelial
c_1_3_383,Endothelial
c_1_3_384,Neuronal-Glial
c_1_3_385,Lymphoid-T
c_1_3_386,Epithelial
c_1_3_387,Endothelial
c_1_3_388,Lymphoid-DC
c_1_3_389,Lymphoid-T
c_1_3_390,Lymphoid-T
c_1_3_391,Epithelial
c_1_3_392,Lymphoid-T
c_1_3_393,Lymphoid-T
c_1_3_394,Lymphoid-T
c_1_3_395,Lymphoid-T
c_1_3_396,Lymphoid-T
c_1_3_397,Epithelial
c_1_3_398,Endothelial
c_1_3_399,Endothelial
c_1_3_400,Epithelial
c_1_3_401,Lymphoid-Plasma
c_1_3_402,Lymphoid-Plasma
c_1_3_403,Endothelial
c_1_3_404,Endothelial
c_1_3_405,Lymphoid-T
c_1_3_406,Mesenchymal-Stromal
c_1_3_407,Lymphoid-Plasma
c_1_3_408,Neuronal-Glial
c_1_3_409,Lymphoid-DC
c_1_3_410,Lymphoid-T
c_1_3_411,Epithelial
c_1_3_412,Neuronal-Glial
c_1_3_413,Endothelial
c_1_3_414,Lymphoid-DC
c_1_3_415,Lymphoid-Other
c_1_3_416,Endothelial
c_1_3_417,Stem
c_1_3_418,Endothelial
c_1_3_419,Endothelial
c_1_3_420,Lymphoid-T
c_1_3_421,Myeloid
c_1_3_422,Lymphoid-Other
c_1_3_423,Lymphoid-T
c_1_3_424,Epithelial
c_1_3_425,Neuronal-Glial
c_1_3_426,Epithelial
c_1_3_427,Lymphoid-DC
c_1_3_428,Myeloid
c_1_3_429,Epithelial
c_1_3_430,Endothelial
c_1_3_431,Lymphoid-T
c_1_3_432,Epithelial
c_1_3_433,Lymphoid-T
c_1_3_434,Myeloid
c_1_3_435,Lymphoid-T
c_1_3_436,Lymphoid-T
c_1_3_437,Lymphoid-Other
c_1_3_438,Lymphoid-T
c_1_3_439,Epithelial
c_1_3_440,Epithelial
c_1_3_441,Lymphoid-T
c_1_3_442,Neuronal-Glial
c_1_3_443,Lymphoid-Other
c_1_3_444,Lymphoid-T
c_1_3_445,Endothelial
c_1_3_446,Lymphoid-T
c_1_3_447,Lymphoid-T
c_1_3_448,Lymphoid-T
c_1_3_449,Lymphoid-Other
c_1_3_450,Epithelial
c_1_3_451,Mesenchymal-Stromal
c_1_3_452,Endothelial
c_1_3_453,None
c_1_3_454,Endothelial
c_1_3_455,Lymphoid-T
c_1_3_456,Lymphoid-Plasma
c_1_3_457,Lymphoid-Plasma
c_1_3_458,Lymphoid-T
c_1_3_459,Endothelial
c_1_3_460,Lymphoid-T
c_1_3_461,Epithelial
c_1_3_462,Lymphoid-T
c_1_3_463,Epithelial
c_1_3_464,Lymphoid-Other
c_1_3_465,Epithelial
c_1_3_466,Lymphoid-T
c_1_3_467,Lymphoid-T
c_1_3_468,Stem
c_1_3_469,Lymphoid-T
c_1_3_470,Lymphoid-T
c_1_3_471,Epithelial
c_1_3_472,Lymphoid-T
c_1_3_473,Lymphoid-DC
c_1_3_474,Endothelial
c_1_3_475,Stem
c_1_3_476,Lymphoid-T
c_1_3_477,Lymphoid-Other
c_1_3_478,Lymphoid-B
c_1_3_479,Endothelial
c_1_3_480,Lymphoid-T
c_1_3_481,Epithelial
c_1_3_482,Epithelial
c_1_3_483,None
c_1_3_484,Lymphoid-T
c_1_3_485,Lymphoid-DC
c_1_3_486,Lymphoid-T
c_1_3_487,Stem
c_1_3_488,Lymphoid-Plasma
c_1_3_489,Lymphoid-T
c_1_3_490,Lymphoid-DC
c_1_3_491,Lymphoid-Other
c_1_3_492,Epithelial
c_1_3_493,Lymphoid-T
c_1_3_494,Lymphoid-T
c_1_3_495,Lymphoid-Plasma
c_1_3_496,Lymphoid-T
c_1_3_497,Lymphoid-Other
c_1_3_498,Lymphoid-T
c_1_3_499,Myeloid
c_1_3_500,Endothelial
c_1_3_501,Epithelial
c_1_3_502,Epithelial
c_1_3_503,Lymphoid-T
c_1_3_504,None
c_1_3_505,Lymphoid-DC
c_1_3_506,Myeloid
c_1_3_507,Lymphoid-T
c_1_3_508,Lymphoid-Other
c_1_3_509,Lymphoid-T
c_1_3_510,Lymphoid-T
c_1_3_511,Lymphoid-T
c_1_3_512,Lymphoid-Other
c_1_3_513,Lymphoid-Plasma
c_1_3_514,Endothelial
c_1_3_515,Lymphoid-T
c_1_3_516,Lymphoid-T
c_1_3_517,Lymphoid-T
c_1_3_518,None
c_1_3_519,None
c_1_3_520,Lymphoid-Plasma
c_1_3_521,Lymphoid-T
c_1_3_522,Lymphoid-T
c_1_3_523,Lymphoid-T
c_1_3_524,Mesenchymal-Stromal
c_1_3_525,Lymphoid-DC
c_1_3_526,Myeloid
c_1_3_527,Lymphoid-T
c_1_3_528,Stem
c_1_3_529,Lymphoid-Plasma
c_1_3_530,Lymphoid-T
c_1_3_531,Lymphoid-T
c_1_3_532,Lymphoid-T
c_1_3_533,Lymphoid-Plasma
c_1_3_534,Lymphoid-T
c_1_3_535,Stem
c_1_3_536,Lymphoid-T
c_1_3_537,Lymphoid-B
c_1_3_538,Lymphoid-T
c_1_3_539,Lymphoid-T
c_1_3_540,Lymphoid-T
c_1_3_541,Lymphoid-DC
c_1_3_542,Lymphoid-DC
c_1_3_543,Lymphoid-T
c_1_3_544,Lymphoid-T
c_1_3_545,Lymphoid-T
c_1_3_546,Endothelial
c_1_3_547,Lymphoid-T
c_1_3_548,Epithelial
c_1_3_549,Lymphoid-T
c_1_3_550,Endothelial
c_1_3_551,Endothelial
c_1_3_552,Lymphoid-T
c_1_3_553,Endothelial
c_1_3_554,Endothelial
c_1_3_555,Lymphoid-T
c_1_3_556,Lymphoid-T
c_1_3_557,Lymphoid-T
c_1_3_558,Lymphoid-T
c_1_3_559,Mesenchymal-Stromal
c_1_3_560,Mesenchymal-Stromal
c_1_3_561,Lymphoid-Other
c_1_3_562,Lymphoid-B
c_1_3_563,Lymphoid-T
c_1_3_564,Lymphoid-T
c_1_3_565,Lymphoid-T
c_1_3_566,Mesenchymal-Stromal
c_1_3_567,Endothelial
c_1_3_568,Epithelial
c_1_3_569,Lymphoid-DC
c_1_3_570,Endothelial
c_1_3_571,Lymphoid-T
c_1_3_572,Lymphoid-T
c_1_3_573,Lymphoid-T
c_1_3_574,Endothelial
c_1_3_575,None
c_1_3_576,Lymphoid-T
c_1_3_577,Lymphoid-T
c_1_3_578,Stem
c_1_3_579,Endothelial
c_1_3_580,Lymphoid-T
c_1_3_581,Epithelial
c_1_3_582,Lymphoid-T
c_1_3_583,Endothelial
c_1_3_584,Lymphoid-T
c_1_3_585,Lymphoid-T
c_1_3_586,Lymphoid-T
c_1_3_587,Stem
c_1_3_588,Epithelial
c_1_3_589,Lymphoid-DC
c_1_3_590,Lymphoid-B
c_1_3_591,Lymphoid-T
c_1_3_592,Lymphoid-T
c_1_3_593,Myeloid
c_1_3_594,Lymphoid-Plasma
c_1_3_595,Epithelial
c_1_3_596,Lymphoid-Other
c_1_3_597,Lymphoid-T
c_1_3_598,Lymphoid-T
c_1_3_599,Lymphoid-T
c_1_3_600,Epithelial
c_1_3_601,Lymphoid-T
c_1_3_602,Lymphoid-T
c_1_3_603,Lymphoid-B
c_1_3_604,Lymphoid-T
c_1_3_605,Lymphoid-T
c_1_3_606,Lymphoid-T
c_1_3_607,Epithelial
c_1_3_608,Endothelial
c_1_3_609,Lymphoid-T
c_1_3_610,Lymphoid-DC
c_1_3_611,Lymphoid-T
c_1_3_612,Lymphoid-DC
c_1_3_613,Lymphoid-Plasma
c_1_3_614,Lymphoid-T
c_1_3_615,Lymphoid-T
c_1_3_616,Epithelial
c_1_3_617,Lymphoid-T
c_1_3_618,Lymphoid-T
c_1_3_619,Lymphoid-T
c_1_3_620,Lymphoid-T
c_1_3_621,Endothelial
c_1_3_622,Epithelial
c_1_3_623,Stem
c_1_3_624,Stem
c_1_3_625,Lymphoid-T
c_1_3_626,Epithelial
c_1_3_627,Lymphoid-DC
c_1_3_628,Lymphoid-DC
c_1_3_629,Lymphoid-T
c_1_3_630,Lymphoid-T
c_1_3_631,Lymphoid-T
c_1_3_632,Epithelial
c_1_3_633,Endothelial
c_1_3_634,Epithelial
c_1_3_635,Lymphoid-B
c_1_3_636,Mesenchymal-Stromal
c_1_3_637,Stem
c_1_3_638,Lymphoid-T
c_1_3_639,Lymphoid-T
c_1_3_640,Lymphoid-T
c_1_3_641,Epithelial
c_1_3_642,Epithelial
c_1_3_643,Lymphoid-T
c_1_3_644,Neuronal-Glial
c_1_3_645,Lymphoid-T
c_1_3_646,Lymphoid-T
c_1_3_647,Lymphoid-Plasma
c_1_3_648,Lymphoid-T
c_1_3_649,Lymphoid-Plasma
c_1_3_650,Lymphoid-T
c_1_3_651,Lymphoid-T
c_1_3_652,Lymphoid-T
c_1_3_653,Lymphoid-T
c_1_3_654,Lymphoid-DC
c_1_3_655,Lymphoid-T
c_1_3_656,Lymphoid-T
c_1_3_657,Lymphoid-T
c_1_3_658,Lymphoid-T
c_1_3_659,Lymphoid-T
c_1_3_660,Lymphoid-T
c_1_3_661,Lymphoid-DC
c_1_3_662,Lymphoid-Plasma
c_1_3_663,Lymphoid-T
c_1_3_664,Lymphoid-T
c_1_3_665,Lymphoid-T
c_1_3_666,Lymphoid-T
c_1_3_667,Lymphoid-DC
c_1_3_668,Lymphoid-T
c_1_3_669,Lymphoid-B
c_1_3_670,Lymphoid-DC
c_1_3_671,Epithelial
c_1_3_672,Myeloid
c_1_3_673,Endothelial
c_1_3_674,Epithelial
c_1_3_675,Lymphoid-DC
c_1_3_676,Lymphoid-Plasma
c_1_3_677,Stem
c_1_3_678,Epithelial
c_1_3_679,Lymphoid-T
c_1_3_680,Lymphoid-T
c_1_3_681,Lymphoid-DC
c_1_3_682,Lymphoid-T
c_1_3_683,Endothelial
c_1_3_684,Lymphoid-Other
c_1_3_685,Lymphoid-DC
c_1_3_686,Epithelial
c_1_3_687,Lymphoid-T
c_1_3_688,Endothelial
c_1_3_689,Lymphoid-DC
c_1_3_690,Lymphoid-T
c_1_3_691,Lymphoid-DC
c_1_3_692,Lymphoid-T
c_1_3_693,Stem
c_1_3_694,Lymphoid-T
c_1_3_695,Lymphoid-DC
c_1_3_696,Lymphoid-Other
c_1_3_697,Lymphoid-T
c_1_3_698,Epithelial
c_1_3_699,Lymphoid-T
c_1_3_700,Stem
c_1_3_701,Epithelial
c_1_3_702,Lymphoid-Other
c_1_3_703,Lymphoid-T
c_1_3_704,Lymphoid-T
c_1_3_705,Myeloid
c_1_3_706,Lymphoid-T
c_1_3_707,Stem
c_1_3_708,Endothelial
c_1_3_709,Lymphoid-T
c_1_3_710,Lymphoid-DC
c_1_3_711,Lymphoid-T
c_1_3_712,Lymphoid-DC
c_1_3_713,Epithelial
c_1_3_714,Myeloid
c_1_3_715,Stem
c_1_3_716,Lymphoid-T
c_1_3_717,Lymphoid-Other
c_1_3_718,Epithelial
c_1_3_719,Lymphoid-T
c_1_3_720,Lymphoid-T
c_1_3_721,Lymphoid-DC
c_1_3_722,Epithelial
c_1_3_723,Lymphoid-DC
c_1_3_724,Lymphoid-T
c_1_3_725,Epithelial
c_1_3_726,Lymphoid-T
c_1_3_727,Lymphoid-DC
c_1_3_728,Lymphoid-T
c_1_3_729,Myeloid
c_1_3_730,Lymphoid-T
c_1_3_731,Lymphoid-T
c_1_3_732,Lymphoid-B
c_1_3_733,Lymphoid-Other
c_1_3_734,Myeloid
c_1_3_735,Epithelial
c_1_3_736,Endothelial
c_1_3_737,Lymphoid-DC
c_1_3_738,Lymphoid-DC
c_1_3_739,None
c_1_3_740,Lymphoid-T
c_1_3_741,Stem
c_1_3_742,Lymphoid-T
c_1_3_743,Stem
c_1_3_744,Epithelial
c_1_3_745,Epithelial
c_1_3_746,Endothelial
c_1_3_747,Lymphoid-DC
c_1_3_748,None
c_1_3_749,Epithelial
c_1_3_750,Lymphoid-T
c_1_3_751,Lymphoid-T
c_1_3_752,None
c_1_3_753,Lymphoid-DC
c_1_3_754,Lymphoid-T
c_1_3_755,Lymphoid-T
c_1_3_756,Lymphoid-T
c_1_3_757,Lymphoid-T
c_1_3_758,Lymphoid-DC
c_1_3_759,Lymphoid-T
c_1_3_760,Lymphoid-T
c_1_3_761,Lymphoid-T
c_1_3_762,Endothelial
c_1_3_763,Lymphoid-Plasma
c_1_3_764,Lymphoid-T
c_1_3_765,Lymphoid-T
c_1_3_766,Epithelial
c_1_3_767,None
c_1_3_768,Lymphoid-T
c_1_3_769,Endothelial
c_1_3_770,Epithelial
c_1_3_771,Lymphoid-T
c_1_3_772,Lymphoid-T
c_1_3_773,Lymphoid-DC
c_1_3_774,None
c_1_3_775,Lymphoid-DC
c_1_3_776,Epithelial
c_1_3_777,Myeloid
c_1_3_778,Lymphoid-DC
c_1_3_779,Endothelial
c_1_3_780,Lymphoid-T
c_1_3_781,Lymphoid-Other
c_1_3_782,Lymphoid-T
c_1_3_783,Lymphoid-DC
c_1_3_784,Lymphoid-DC
c_1_3_785,Epithelial
c_1_3_786,Lymphoid-DC
c_1_3_787,Lymphoid-T
c_1_3_788,Mesenchymal-Stromal
c_1_3_789,Epithelial
c_1_3_790,Epithelial
c_1_3_791,Lymphoid-T
c_1_3_792,Lymphoid-T
c_1_3_793,Lymphoid-DC
c_1_3_794,Stem
c_1_3_795,Lymphoid-T
c_1_3_796,Lymphoid-DC
c_1_3_797,Lymphoid-DC
c_1_3_798,Lymphoid-T
c_1_3_799,Lymphoid-T
c_1_3_800,Lymphoid-Plasma
c_1_3_801,Lymphoid-T
c_1_3_802,Lymphoid-DC
c_1_3_803,Lymphoid-DC
c_1_3_804,Lymphoid-T
c_1_3_805,Lymphoid-T
c_1_3_806,Stem
c_1_3_807,Lymphoid-Other
c_1_3_808,Endothelial
c_1_3_809,Endothelial
c_1_3_810,Lymphoid-T
c_1_3_811,Lymphoid-T
c_1_3_812,Stem
c_1_3_813,Epithelial
c_1_3_814,Lymphoid-T
c_1_3_815,Endothelial
c_1_3_816,Lymphoid-DC
c_1_3_817,Lymphoid-DC
c_1_3_818,Lymphoid-T
c_1_3_819,Lymphoid-Plasma
c_1_3_820,Lymphoid-T
c_1_3_821,Stem
c_1_3_822,Lymphoid-T
c_1_3_823,Endothelial
c_1_3_824,Lymphoid-Other
c_1_3_825,Myeloid
c_1_3_826,None
c_1_3_827,Neuronal-Glial
c_1_3_828,Lymphoid-DC
c_1_3_829,Lymphoid-DC
c_1_3_830,Endothelial
c_1_3_831,Lymphoid-T
c_1_3_832,Lymphoid-T
c_1_3_833,Epithelial
c_1_3_834,Myeloid
c_1_3_835,Lymphoid-DC
c_1_3_836,Lymphoid-T
c_1_3_837,Lymphoid-DC
c_1_3_838,Mesenchymal-Stromal
c_1_3_839,Lymphoid-T
c_1_3_840,Lymphoid-T
c_1_3_841,Lymphoid-DC
c_1_3_842,Neuronal-Glial
c_1_3_843,Stem
c_1_3_844,Lymphoid-T
c_1_3_845,Lymphoid-T
c_1_3_846,Lymphoid-T
c_1_3_847,Lymphoid-T
c_1_3_848,Endothelial
c_1_3_849,Lymphoid-DC
c_1_3_850,Lymphoid-DC
c_1_3_851,Lymphoid-T
c_1_3_852,Lymphoid-T
c_1_3_853,Lymphoid-T
c_1_3_854,Epithelial
c_1_3_855,Lymphoid-T
c_1_3_856,Lymphoid-DC
c_1_3_857,Lymphoid-DC
c_1_3_858,Lymphoid-T
c_1_3_859,Stem
c_1_3_860,Epithelial
c_1_3_861,Lymphoid-T
c_1_3_862,Lymphoid-T
c_1_3_863,Lymphoid-T
c_1_3_864,Lymphoid-DC
c_1_3_865,Lymphoid-T
c_1_3_866,Lymphoid-DC
c_1_3_867,Endothelial
c_1_3_868,Lymphoid-T
c_1_3_869,Lymphoid-Other
c_1_3_870,Endothelial
c_1_3_871,Lymphoid-T
c_1_3_872,Epithelial
c_1_3_873,Lymphoid-DC
c_1_3_874,Endothelial
c_1_3_875,Lymphoid-DC
c_1_3_876,Lymphoid-T
c_1_3_877,Lymphoid-T
c_1_3_878,Lymphoid-T
c_1_3_879,Stem
c_1_3_880,Lymphoid-Other
c_1_3_881,Lymphoid-T
c_1_3_882,Lymphoid-DC
c_1_3_883,Lymphoid-T
c_1_3_884,Lymphoid-T
c_1_3_885,Lymphoid-T
c_1_3_886,Lymphoid-T
c_1_3_887,Lymphoid-DC
c_1_3_888,Lymphoid-DC
c_1_3_889,Myeloid
c_1_3_890,Lymphoid-T
c_1_3_891,Endothelial
c_1_3_892,Endothelial
c_1_3_893,Lymphoid-Other
c_1_3_894,Epithelial
c_1_3_895,Lymphoid-DC
c_1_3_896,Lymphoid-T
c_1_3_897,Endothelial
c_1_3_898,Lymphoid-T
c_1_3_899,Lymphoid-DC
c_1_3_900,Lymphoid-T
c_1_3_901,Lymphoid-T
c_1_3_902,Endothelial
c_1_3_903,Myeloid
c_1_3_904,Lymphoid-T
c_1_3_905,Endothelial
c_1_3_906,Lymphoid-T
c_1_3_907,Epithelial
c_1_3_908,Lymphoid-DC
c_1_3_909,Lymphoid-T
c_1_3_910,Lymphoid-T
c_1_3_911,Lymphoid-T
c_1_3_912,Epithelial
c_1_3_913,Lymphoid-DC
c_1_3_914,Lymphoid-DC
c_1_3_915,Lymphoid-DC
c_1_3_916,Lymphoid-T
c_1_3_917,Lymphoid-T
c_1_3_918,Lymphoid-T
c_1_3_919,Epithelial
c_1_3_920,Lymphoid-DC
c_1_3_921,None
c_1_3_922,Lymphoid-B
c_1_3_923,Lymphoid-DC
c_1_3_924,Lymphoid-DC
c_1_3_925,Endothelial
c_1_3_926,Epithelial
c_1_3_927,Lymphoid-Plasma
c_1_3_928,Lymphoid-T
c_1_3_929,None
c_1_3_930,Endothelial
c_1_3_931,Lymphoid-Other
c_1_3_932,Myeloid
c_1_3_933,Lymphoid-DC
c_1_3_934,Endothelial
c_1_3_935,Epithelial
c_1_3_936,Myeloid
c_1_3_937,Lymphoid-DC
c_1_3_938,Myeloid
c_1_3_939,Lymphoid-DC
c_1_3_940,Lymphoid-T
c_1_3_941,Endothelial
c_1_3_942,Lymphoid-B
c_1_3_943,Lymphoid-DC
c_1_3_944,Epithelial
c_1_3_945,Lymphoid-T
c_1_3_946,Lymphoid-T
c_1_3_947,Lymphoid-T
c_1_3_948,Myeloid
c_1_3_949,None
c_1_3_950,Lymphoid-DC
c_1_3_951,Myeloid
c_1_3_952,Lymphoid-T
c_1_3_953,Myeloid
c_1_3_954,Lymphoid-DC
c_1_3_955,Endothelial
c_1_3_956,Lymphoid-DC
c_1_3_957,Myeloid
c_1_3_958,Lymphoid-B
c_1_3_959,Lymphoid-T
c_1_3_960,Lymphoid-Other
c_1_3_961,None
c_1_3_962,Lymphoid-Other
c_1_3_963,Epithelial
c_1_3_964,Lymphoid-T
c_1_3_965,None
c_1_3_966,Lymphoid-T
c_1_3_967,Lymphoid-DC
c_1_3_968,Endothelial
c_1_3_969,Endothelial
c_1_3_970,Lymphoid-T
c_1_3_971,Lymphoid-DC
c_1_3_972,Lymphoid-DC
c_1_3_973,Lymphoid-Plasma
c_1_3_974,Lymphoid-Other
c_1_3_975,Myeloid
c_1_3_976,Lymphoid-DC
c_1_3_977,None
c_1_3_978,Lymphoid-DC
c_1_3_979,Lymphoid-B
c_1_3_980,Lymphoid-DC
c_1_3_981,Lymphoid-DC
c_1_3_982,Myeloid
c_1_3_983,Myeloid
c_1_3_984,Myeloid
c_1_3_985,Lymphoid-T
c_1_3_986,Myeloid
c_1_3_987,Lymphoid-B
c_1_3_988,Lymphoid-DC
c_1_3_989,Lymphoid-T
c_1_3_990,Lymphoid-T
c_1_3_991,Lymphoid-B
c_1_3_992,Lymphoid-DC
c_1_3_993,Lymphoid-T
c_1_3_994,Lymphoid-T
c_1_3_995,Lymphoid-T
c_1_3_996,Lymphoid-Other
c_1_3_997,Lymphoid-DC
c_1_3_998,Mesenchymal-Stromal
c_1_3_999,Lymphoid-DC
c_1_3_1000,Lymphoid-T
c_1_3_1001,Myeloid
c_1_3_1002,Lymphoid-B
c_1_3_1003,Lymphoid-Other
c_1_3_1004,Lymphoid-DC
c_1_3_1005,Lymphoid-DC
c_1_3_1006,Lymphoid-Other
c_1_3_1007,Lymphoid-Plasma
c_1_3_1008,Lymphoid-DC
c_1_3_1009,Lymphoid-DC
c_1_3_1010,Epithelial
c_1_3_1011,Lymphoid-T
c_1_3_1012,Myeloid
c_1_3_1013,None
c_1_3_1014,Epithelial
c_1_3_1015,Myeloid
c_1_3_1016,Myeloid
c_1_3_1017,Lymphoid-Plasma
c_1_3_1018,Epithelial
c_1_3_1019,Lymphoid-DC
c_1_3_1020,Lymphoid-Other
c_1_3_1021,Epithelial
c_1_3_1022,Lymphoid-T
c_1_3_1023,Epithelial
c_1_3_1024,Lymphoid-B
c_1_3_1025,None
c_1_3_1026,Lymphoid-B
c_1_3_1027,Lymphoid-T
c_1_3_1028,Myeloid
c_1_3_1029,Myeloid
c_1_3_1030,Epithelial
c_1_3_1031,Lymphoid-DC
c_1_3_1032,Lymphoid-T
c_1_3_1033,Myeloid
c_1_3_1034,Lymphoid-DC
c_1_3_1035,Myeloid
c_1_3_1036,Lymphoid-Plasma
c_1_3_1037,Lymphoid-T
c_1_3_1038,Lymphoid-DC
c_1_3_1039,None
c_1_3_1040,Epithelial
c_1_3_1041,Lymphoid-T
c_1_3_1042,Lymphoid-DC
c_1_3_1043,Lymphoid-T
c_1_3_1044,Myeloid
c_1_3_1045,Endothelial
c_1_3_1046,Lymphoid-DC
c_1_3_1047,Lymphoid-DC
c_1_3_1048,Epithelial
c_1_3_1049,Myeloid
c_1_3_1050,Lymphoid-DC
c_1_3_1051,Lymphoid-T
c_1_3_1052,Lymphoid-Other
c_1_3_1053,Lymphoid-DC
c_1_3_1054,Lymphoid-DC
c_1_3_1055,Lymphoid-DC
c_1_3_1056,Myeloid
c_1_3_1057,Lymphoid-T
c_1_3_1058,Lymphoid-Plasma
c_1_3_1059,Myeloid
c_1_3_1060,Myeloid
c_1_3_1061,Lymphoid-DC
c_1_3_1062,Lymphoid-T
c_1_3_1063,Endothelial
c_1_3_1064,Myeloid
c_1_3_1065,None
c_1_3_1066,Lymphoid-T
c_1_3_1067,Lymphoid-T
c_1_3_1068,Lymphoid-DC
c_1_3_1069,Lymphoid-DC
c_1_3_1070,Endothelial
c_1_3_1071,Myeloid
c_1_3_1072,Lymphoid-DC
c_1_3_1073,Lymphoid-T
c_1_3_1074,None
c_1_3_1075,Lymphoid-Other
c_1_3_1076,Lymphoid-T
c_1_3_1077,Lymphoid-T
c_1_3_1078,Lymphoid-DC
c_1_3_1079,Lymphoid-T
c_1_3_1080,Lymphoid-Plasma
c_1_3_1081,Myeloid
c_1_3_1082,Myeloid
c_1_3_1083,Lymphoid-DC
c_1_3_1084,Endothelial
c_1_3_1085,Lymphoid-DC
c_1_3_1086,Lymphoid-DC
c_1_3_1087,Endothelial
c_1_3_1088,Myeloid
c_1_3_1089,Lymphoid-DC
c_1_3_1090,Lymphoid-DC
c_1_3_1091,Lymphoid-Other
c_1_3_1092,Lymphoid-DC
c_1_3_1093,Lymphoid-T
c_1_3_1094,Lymphoid-DC
c_1_3_1095,None
c_1_3_1096,None
c_1_3_1097,Lymphoid-DC
c_1_3_1098,Lymphoid-T
c_1_3_1099,Lymphoid-DC
c_1_3_1100,Lymphoid-Other
c_1_3_1101,Lymphoid-T
c_1_3_1102,Myeloid
c_1_3_1103,Lymphoid-T
c_1_3_1104,None
c_1_3_1105,None
c_1_3_1106,Lymphoid-T
c_1_3_1107,Lymphoid-DC
c_1_3_1108,Lymphoid-Plasma
c_1_3_1109,Lymphoid-B
c_1_3_1110,Lymphoid-DC
c_1_3_1111,Lymphoid-Other
c_1_3_1112,Lymphoid-T
c_1_3_1113,Lymphoid-DC
c_1_3_1114,Lymphoid-DC
c_1_3_1115,Lymphoid-DC
c_1_3_1116,Myeloid
c_1_3_1117,Endothelial
c_1_3_1118,Lymphoid-DC
c_1_3_1119,Myeloid
c_1_3_1120,Lymphoid-Other
c_1_3_1121,None
c_1_3_1122,Myeloid
c_1_3_1123,Myeloid
c_1_3_1124,Lymphoid-T
c_1_3_1125,Lymphoid-DC
c_1_3_1126,Lymphoid-DC
c_1_3_1127,Lymphoid-DC
c_1_3_1128,Lymphoid-DC
c_1_3_1129,Lymphoid-DC
c_1_3_1130,Myeloid
c_1_3_1131,Lymphoid-B
c_1_3_1132,Lymphoid-T
c_1_3_1133,Lymphoid-DC
c_1_3_1134,Lymphoid-DC
c_1_3_1135,Epithelial
c_1_3_1136,Myeloid
c_1_3_1137,Lymphoid-T
c_1_3_1138,Lymphoid-DC
c_1_3_1139,Lymphoid-Other
c_1_3_1140,None
c_1_3_1141,Lymphoid-B
c_1_3_1142,Lymphoid-Other
c_1_3_1143,None
c_1_3_1144,Lymphoid-T
c_1_3_1145,Myeloid
c_1_3_1146,Myeloid
c_1_3_1147,Lymphoid-Other
c_1_3_1148,None
c_1_3_1149,Lymphoid-DC
c_1_3_1150,Lymphoid-DC
c_1_3_1151,Lymphoid-T
c_1_3_1152,Lymphoid-DC
c_1_3_1153,None
c_1_3_1154,Lymphoid-DC
c_1_3_1155,Myeloid
c_1_3_1156,Endothelial
c_1_3_1157,Lymphoid-B
c_1_3_1158,Lymphoid-T
c_1_3_1159,Lymphoid-DC
c_1_3_1160,Lymphoid-DC
c_1_3_1161,Lymphoid-DC
c_1_3_1162,Lymphoid-B
c_1_3_1163,Myeloid
c_1_3_1164,Lymphoid-B
c_1_3_1165,None
c_1_3_1166,Lymphoid-DC
c_1_3_1167,Lymphoid-DC
c_1_3_1168,Lymphoid-T
c_1_3_1169,Lymphoid-DC
c_1_3_1170,Lymphoid-T
c_1_3_1171,Lymphoid-Plasma
c_1_3_1172,Lymphoid-T
c_1_3_1173,Lymphoid-B
c_1_3_1174,Lymphoid-Other
c_1_3_1175,Lymphoid-T
c_1_3_1176,Lymphoid-Other
c_1_3_1177,Myeloid
c_1_3_1178,Lymphoid-DC
c_1_3_1179,Endothelial
c_1_3_1180,Myeloid
c_1_3_1181,None
c_1_3_1182,Lymphoid-T
c_1_3_1183,Endothelial
c_1_3_1184,Lymphoid-DC
c_1_3_1185,Lymphoid-B
c_1_3_1186,Lymphoid-B
c_1_3_1187,Lymphoid-DC
c_1_3_1188,Lymphoid-Other
c_1_3_1189,Lymphoid-T
c_1_3_1190,Lymphoid-DC
c_1_3_1191,Lymphoid-Plasma
c_1_3_1192,Lymphoid-B
c_1_3_1193,Lymphoid-DC
c_1_3_1194,Myeloid
c_1_3_1195,Lymphoid-DC
c_1_3_1196,Stem
c_1_3_1197,Myeloid
c_1_3_1198,Endothelial
c_1_3_1199,Lymphoid-DC
c_1_3_1200,Lymphoid-DC
c_1_3_1201,Lymphoid-T
c_1_3_1202,Lymphoid-DC
c_1_3_1203,Lymphoid-T
c_1_3_1204,Lymphoid-DC
c_1_3_1205,Lymphoid-B
c_1_3_1206,Lymphoid-Other
c_1_3_1207,Lymphoid-DC
c_1_3_1208,Lymphoid-B
c_1_3_1209,Lymphoid-DC
c_1_3_1210,Lymphoid-B
c_1_3_1211,Lymphoid-DC
c_1_3_1212,Lymphoid-T
c_1_3_1213,Lymphoid-T
c_1_3_1214,Lymphoid-DC
c_1_3_1215,None
c_1_3_1216,None
c_1_3_1217,Lymphoid-T
c_1_3_1218,Lymphoid-B
c_1_3_1219,Lymphoid-DC
c_1_3_1220,Lymphoid-DC
c_1_3_1221,Lymphoid-B
c_1_3_1222,Lymphoid-T
c_1_3_1223,Lymphoid-DC
c_1_3_1224,Lymphoid-DC
c_1_3_1225,Lymphoid-T
c_1_3_1226,Lymphoid-B
c_1_3_1227,Lymphoid-DC
c_1_3_1228,Myeloid
c_1_3_1229,Lymphoid-DC
c_1_3_1230,Lymphoid-B
c_1_3_1231,Lymphoid-T
c_1_3_1232,Lymphoid-B
c_1_3_1233,Lymphoid-DC
c_1_3_1234,Lymphoid-B
c_1_3_1235,Lymphoid-DC
c_1_3_1236,Lymphoid-Other
c_1_3_1237,Lymphoid-T
c_1_3_1238,Lymphoid-DC
c_1_3_1239,Lymphoid-DC
c_1_3_1240,Myeloid
c_1_3_1241,Lymphoid-DC
c_1_3_1242,Lymphoid-T
c_1_3_1243,Lymphoid-DC
c_1_3_1244,Lymphoid-DC
c_1_3_1245,Lymphoid-DC
c_1_3_1246,Lymphoid-Other
c_1_3_1247,Lymphoid-DC
c_1_3_1248,Myeloid
c_1_3_1249,Myeloid
c_1_3_1250,Lymphoid-B
c_1_3_1251,Lymphoid-DC
c_1_3_1252,None
c_1_3_1253,None
c_1_3_1254,Lymphoid-DC
c_1_3_1255,Myeloid
c_1_3_1256,Lymphoid-B
c_1_3_1257,Lymphoid-DC
c_1_3_1258,Lymphoid-B
c_1_3_1259,Lymphoid-B
c_1_3_1260,Lymphoid-B
c_1_3_1261,Myeloid
c_1_3_1262,Lymphoid-T
c_1_3_1263,Lymphoid-T
c_1_3_1264,Lymphoid-DC
c_1_3_1265,Lymphoid-DC
c_1_3_1266,Lymphoid-DC
c_1_3_1267,Myeloid
c_1_3_1268,Lymphoid-B
c_1_3_1269,Lymphoid-B
c_1_3_1270,Lymphoid-DC
c_1_3_1271,Lymphoid-B
c_1_3_1272,Lymphoid-T
c_1_3_1273,Lymphoid-B
c_1_3_1274,Lymphoid-DC
c_1_3_1275,Lymphoid-Other
c_1_3_1276,Endothelial
c_1_3_1277,Lymphoid-DC
c_1_3_1278,Myeloid
c_1_3_1279,Lymphoid-DC
c_1_3_1280,Lymphoid-DC
c_1_3_1281,Lymphoid-DC
c_1_3_1282,Lymphoid-T
c_1_3_1283,Lymphoid-T
c_1_3_1284,Lymphoid-B
c_1_3_1285,Lymphoid-Other
c_1_3_1286,Lymphoid-DC
c_1_3_1287,Lymphoid-DC
c_1_3_1288,Lymphoid-DC
c_1_3_1289,None
c_1_3_1290,Lymphoid-DC
c_1_3_1291,Lymphoid-B
c_1_3_1292,Lymphoid-DC
c_1_3_1293,Lymphoid-T
c_1_3_1294,Lymphoid-T
c_1_3_1295,Lymphoid-T
c_1_3_1296,Lymphoid-DC
c_1_3_1297,Mesenchymal-Stromal
c_1_3_1298,Lymphoid-DC
c_1_3_1299,Lymphoid-DC
c_1_3_1300,Lymphoid-DC
c_1_3_1301,Lymphoid-DC
c_1_3_1302,Lymphoid-T
c_1_3_1303,Lymphoid-DC
c_1_3_1304,Lymphoid-Plasma
c_1_3_1305,Lymphoid-DC
c_1_3_1306,Lymphoid-DC
c_1_3_1307,Lymphoid-DC
c_1_3_1308,Lymphoid-DC
c_1_3_1309,Myeloid
c_1_3_1310,None
c_1_3_1311,Lymphoid-B
c_1_3_1312,Lymphoid-B
c_1_3_1313,Myeloid
c_1_3_1314,Lymphoid-DC
c_1_3_1315,Myeloid
c_1_3_1316,Myeloid
c_1_3_1317,Lymphoid-DC
c_1_3_1318,Lymphoid-B
c_1_3_1319,Lymphoid-T
c_1_3_1320,Lymphoid-B
c_1_3_1321,Lymphoid-B
c_1_3_1322,Myeloid
c_1_3_1323,Lymphoid-DC
c_1_3_1324,Lymphoid-T
c_1_3_1325,Lymphoid-DC
c_1_3_1326,Lymphoid-DC
c_1_3_1327,None
c_1_3_1328,Lymphoid-B
c_1_3_1329,Lymphoid-Other
c_1_3_1330,Lymphoid-DC
c_1_3_1331,Lymphoid-B
c_1_3_1332,Lymphoid-T
c_1_3_1333,Lymphoid-DC
c_1_3_1334,None
c_1_3_1335,Lymphoid-DC
c_1_3_1336,Lymphoid-DC
c_1_3_1337,Lymphoid-B
c_1_3_1338,None
c_1_3_1339,Lymphoid-B
c_1_3_1340,Lymphoid-DC
c_1_3_1341,Endothelial
c_1_3_1342,Endothelial
c_1_3_1343,Lymphoid-DC
c_1_3_1344,Myeloid
c_1_3_1345,Lymphoid-DC
c_1_3_1346,Lymphoid-T
c_1_3_1347,Endothelial
c_1_3_1348,Lymphoid-DC
c_1_3_1349,None
c_1_3_1350,Myeloid
c_1_3_1351,Lymphoid-T
c_1_3_1352,Lymphoid-DC
c_1_3_1353,Lymphoid-DC
c_1_3_1354,None
c_1_3_1355,Lymphoid-DC
c_1_3_1356,Endothelial
c_1_3_1357,Myeloid
c_1_3_1358,None
c_1_3_1359,Lymphoid-Other
c_1_3_1360,Lymphoid-Other
c_1_3_1361,Myeloid
c_1_3_1362,Myeloid
c_1_3_1363,Myeloid
c_1_3_1364,Lymphoid-DC
c_1_3_1365,Lymphoid-DC
c_1_3_1366,Lymphoid-DC
c_1_3_1367,Lymphoid-DC
c_1_3_1368,Lymphoid-B
c_1_3_1369,Lymphoid-DC
c_1_3_1370,Lymphoid-Other
c_1_3_1371,Lymphoid-DC
c_1_3_1372,Mesenchymal-Stromal
c_1_3_1373,Lymphoid-T
c_1_3_1374,Lymphoid-DC
c_1_3_1375,None
c_1_3_1376,Lymphoid-B
c_1_3_1377,Lymphoid-B
c_1_3_1378,None
c_1_3_1379,Lymphoid-DC
c_1_3_1380,Lymphoid-DC
c_1_3_1381,Lymphoid-DC
c_1_3_1382,Myeloid
c_1_3_1383,Myeloid
c_1_3_1384,Lymphoid-B
c_1_3_1385,Lymphoid-DC
c_1_3_1386,Lymphoid-DC
c_1_3_1387,Lymphoid-Other
c_1_3_1388,Lymphoid-Other
c_1_3_1389,Lymphoid-DC
c_1_3_1390,Lymphoid-DC
c_1_3_1391,Myeloid
c_1_3_1392,Lymphoid-DC
c_1_3_1393,Lymphoid-B
c_1_3_1394,Lymphoid-DC
c_1_3_1395,Lymphoid-DC
c_1_3_1396,Lymphoid-DC
c_1_3_1397,Lymphoid-DC
c_1_3_1398,Lymphoid-B
c_1_3_1399,Lymphoid-B
c_1_3_1400,Lymphoid-DC
c_1_3_1401,None
c_1_3_1402,None
c_1_3_1403,Lymphoid-B
c_1_3_1404,None
c_1_3_1405,Endothelial
c_1_3_1406,Lymphoid-B
c_1_3_1407,Lymphoid-B
c_1_3_1408,Lymphoid-DC
c_1_3_1409,None
c_1_3_1410,None
c_1_3_1411,None
c_1_3_1412,Lymphoid-B
c_1_3_1413,Lymphoid-B
c_1_3_1414,Lymphoid-B
c_1_3_1415,Lymphoid-DC
c_1_3_1416,None
c_1_3_1417,Lymphoid-DC
c_1_3_1418,Lymphoid-DC
c_1_3_1419,Lymphoid-DC
c_1_3_1420,Lymphoid-T
c_1_3_1421,None
c_1_3_1422,Lymphoid-B
c_1_3_1423,None
c_1_3_1424,Lymphoid-B
c_1_3_1425,Lymphoid-T
c_1_3_1426,Myeloid
c_1_3_1427,Lymphoid-B
c_1_3_1428,None
c_1_3_1429,Lymphoid-DC
c_1_3_1430,Myeloid
c_1_3_1431,Lymphoid-Other
c_1_3_1432,Lymphoid-B
c_1_3_1433,Myeloid
c_1_3_1434,None
c_1_3_1435,Lymphoid-Other
c_1_3_1436,Lymphoid-DC
c_1_3_1437,None
c_1_3_1438,Lymphoid-B
c_1_3_1439,Lymphoid-B
c_1_3_1440,Endothelial
c_1_3_1441,Lymphoid-B
c_1_3_1442,Lymphoid-DC
c_1_3_1443,Lymphoid-DC
c_1_3_1444,Lymphoid-DC
c_1_3_1445,Lymphoid-DC
c_1_3_1446,Lymphoid-Other
c_1_3_1447,Lymphoid-B
c_1_3_1448,Lymphoid-DC
c_1_3_1449,Lymphoid-B
c_1_3_1450,Lymphoid-Other
c_1_3_1451,Lymphoid-B
c_1_3_1452,Lymphoid-B
c_1_3_1453,Lymphoid-B
c_1_3_1454,Myeloid
c_1_3_1455,Myeloid
c_1_3_1456,Lymphoid-Other
c_1_3_1457,Lymphoid-DC
c_1_3_1458,Lymphoid-DC
c_1_3_1459,None
c_1_3_1460,Lymphoid-B
c_1_3_1461,Lymphoid-B
c_1_3_1462,Lymphoid-B
c_1_3_1463,Lymphoid-B
c_1_3_1464,Lymphoid-B
c_1_3_1465,Lymphoid-B
c_1_3_1466,Lymphoid-T
c_1_3_1467,Lymphoid-DC
c_1_3_1468,None
c_1_3_1469,Lymphoid-DC
c_1_3_1470,Lymphoid-B
c_1_3_1471,Lymphoid-T
c_1_3_1472,Lymphoid-DC
c_1_3_1473,None
c_1_3_1474,Lymphoid-DC
c_1_3_1475,Lymphoid-DC
c_1_3_1476,Lymphoid-DC
c_1_3_1477,Endothelial
c_1_3_1478,Lymphoid-Other
c_1_3_1479,Endothelial
c_1_3_1480,Mesenchymal-Stromal
c_1_3_1481,Endothelial
c_1_3_1482,Mesenchymal-Stromal
c_1_3_1483,Lymphoid-T
c_1_3_1484,Endothelial
c_1_3_1485,Endothelial
c_1_3_1486,Lymphoid-T
c_1_3_1487,Endothelial
c_1_3_1488,Endothelial
c_1_3_1489,Endothelial
c_1_3_1490,Neuronal-Glial
c_1_3_1491,Endothelial
c_1_3_1492,Myeloid
c_1_3_1493,Endothelial
c_1_3_1494,Lymphoid-T
c_1_3_1495,Lymphoid-Other
c_1_3_1496,Lymphoid-T
c_1_3_1497,Neuronal-Glial
c_1_3_1498,Endothelial
c_1_3_1499,Endothelial
c_1_3_1500,Neuronal-Glial
c_1_3_1501,Endothelial
c_1_3_1502,Lymphoid-T
c_1_3_1503,Endothelial
c_1_3_1504,Lymphoid-Other
c_1_3_1505,Lymphoid-T
c_1_3_1506,Lymphoid-Other
c_1_3_1507,Endothelial
c_1_3_1508,Lymphoid-Other
c_1_3_1509,Lymphoid-Other
c_1_3_1510,Lymphoid-T
c_1_3_1511,Endothelial
c_1_3_1512,Mesenchymal-Stromal
c_1_3_1513,Endothelial
c_1_3_1514,Endothelial
c_1_3_1515,Lymphoid-T
c_1_3_1516,Epithelial
c_1_3_1517,Mesenchymal-Stromal
c_1_3_1518,Mesenchymal-Stromal
c_1_3_1519,Lymphoid-T
c_1_3_1520,Mesenchymal-Stromal
c_1_3_1521,Endothelial
c_1_3_1522,Mesenchymal-Stromal
c_1_3_1523,Endothelial
c_1_3_1524,Lymphoid-T
c_1_3_1525,Lymphoid-T
c_1_3_1526,Endothelial
c_1_3_1527,Endothelial
c_1_3_1528,Epithelial
c_1_3_1529,Endothelial
c_1_3_1530,Lymphoid-Plasma
c_1_3_1531,Endothelial
c_1_3_1532,Mesenchymal-Stromal
c_1_3_1533,Endothelial
c_1_3_1534,Endothelial
c_1_3_1535,Endothelial
c_1_3_1536,Endothelial
c_1_3_1537,Lymphoid-T
c_1_3_1538,Lymphoid-T
c_1_3_1539,Epithelial
c_1_3_1540,Lymphoid-T
c_1_3_1541,None
c_1_3_1542,Lymphoid-Other
c_1_3_1543,Endothelial
c_1_3_1544,Lymphoid-T
c_1_3_1545,Endothelial
c_1_3_1546,Endothelial
c_1_3_1547,Lymphoid-T
c_1_3_1548,Endothelial
c_1_3_1549,Endothelial
c_1_3_1550,Endothelial
c_1_3_1551,Myeloid
c_1_3_1552,Lymphoid-Other
c_1_3_1553,Endothelial
c_1_3_1554,Endothelial
c_1_3_1555,Epithelial
c_1_3_1556,Endothelial
c_1_3_1557,Lymphoid-Other
c_1_3_1558,Lymphoid-T
c_1_3_1559,Endothelial
c_1_3_1560,Lymphoid-Other
c_1_3_1561,Mesenchymal-Stromal
c_1_3_1562,Endothelial
c_1_3_1563,Endothelial
c_1_3_1564,Mesenchymal-Stromal
c_1_3_1565,Lymphoid-Other
c_1_3_1566,Endothelial
c_1_3_1567,Mesenchymal-Stromal
c_1_3_1568,Lymphoid-Other
c_1_3_1569,None
c_1_3_1570,Lymphoid-Plasma
c_1_3_1571,Lymphoid-Plasma
c_1_3_1572,Endothelial
c_1_3_1573,Lymphoid-Other
c_1_3_1574,Mesenchymal-Stromal
c_1_3_1575,Endothelial
c_1_3_1576,Endothelial
c_1_3_1577,Lymphoid-Other
c_1_3_1578,Endothelial
c_1_3_1579,Endothelial
c_1_3_1580,Endothelial
c_1_3_1581,Endothelial
c_1_3_1582,Endothelial
c_1_3_1583,Lymphoid-T
c_1_3_1584,Endothelial
c_1_3_1585,Lymphoid-T
c_1_3_1586,Lymphoid-Other
c_1_3_1587,Endothelial
c_1_3_1588,Neuronal-Glial
c_1_3_1589,Endothelial
c_1_3_1590,Mesenchymal-Stromal
c_1_3_1591,Neuronal-Glial
c_1_3_1592,Lymphoid-Plasma
c_1_3_1593,Neuronal-Glial
c_1_3_1594,Endothelial
c_1_3_1595,Lymphoid-T
c_1_3_1596,Lymphoid-T
c_1_3_1597,Epithelial
c_1_3_1598,Lymphoid-T
c_1_3_1599,Endothelial
c_1_3_1600,Epithelial
c_1_3_1601,Epithelial
c_1_3_1602,Endothelial
c_1_3_1603,Mesenchymal-Stromal
c_1_3_1604,Lymphoid-T
c_1_3_1605,Endothelial
c_1_3_1606,Lymphoid-Other
c_1_3_1607,Mesenchymal-Stromal
c_1_3_1608,Endothelial
c_1_3_1609,Endothelial
c_1_3_1610,Lymphoid-T
c_1_3_1611,Endothelial
c_1_3_1612,Lymphoid-T
c_1_3_1613,Myeloid
c_1_3_1614,Endothelial
c_1_3_1615,Lymphoid-T
c_1_3_1616,Endothelial
c_1_3_1617,Lymphoid-T
c_1_3_1618,Lymphoid-Other
c_1_3_1619,Neuronal-Glial
c_1_3_1620,Lymphoid-Plasma
c_1_3_1621,Lymphoid-T
c_1_3_1622,Lymphoid-Other
c_1_3_1623,Endothelial
c_1_3_1624,Endothelial
c_1_3_1625,Epithelial
c_1_3_1626,Lymphoid-T
c_1_3_1627,Mesenchymal-Stromal
c_1_3_1628,Endothelial
c_1_3_1629,Mesenchymal-Stromal
c_1_3_1630,Neuronal-Glial
c_1_3_1631,Lymphoid-T
c_1_3_1632,Endothelial
c_1_3_1633,Endothelial
c_1_3_1634,Mesenchymal-Stromal
c_1_3_1635,Lymphoid-Other
c_1_3_1636,Mesenchymal-Stromal
c_1_3_1637,Endothelial
c_1_3_1638,Lymphoid-Other
c_1_3_1639,Epithelial
c_1_3_1640,Lymphoid-T
c_1_3_1641,Epithelial
c_1_3_1642,Lymphoid-Other
c_1_3_1643,Lymphoid-T
c_1_3_1644,Mesenchymal-Stromal
c_1_3_1645,Endothelial
c_1_3_1646,Endothelial
c_1_3_1647,None
c_1_3_1648,Lymphoid-Other
c_1_3_1649,None
c_1_3_1650,Endothelial
c_1_3_1651,Lymphoid-Other
c_1_3_1652,Endothelial
c_1_3_1653,Endothelial
c_1_3_1654,Endothelial
c_1_3_1655,Neuronal-Glial
c_1_3_1656,Lymphoid-DC
c_1_3_1657,Endothelial
c_1_3_1658,Lymphoid-Other
c_1_3_1659,Lymphoid-T
c_1_3_1660,Mesenchymal-Stromal
c_1_3_1661,Neuronal-Glial
c_1_3_1662,Epithelial
c_1_3_1663,Neuronal-Glial
c_1_3_1664,Endothelial
c_1_3_1665,Lymphoid-Plasma
c_1_3_1666,Epithelial
c_1_3_1667,Lymphoid-Other
c_1_3_1668,Lymphoid-T
c_1_3_1669,Mesenchymal-Stromal
c_1_3_1670,Lymphoid-Other
c_1_3_1671,Endothelial
c_1_3_1672,Lymphoid-Other
c_1_3_1673,Stem
c_1_3_1674,Mesenchymal-Stromal
c_1_3_1675,Lymphoid-B
c_1_3_1676,Lymphoid-T
c_1_3_1677,Lymphoid-Plasma
c_1_3_1678,Endothelial
c_1_3_1679,Lymphoid-T
c_1_3_1680,Lymphoid-T
c_1_3_1681,Endothelial
c_1_3_1682,None
c_1_3_1683,Endothelial
c_1_3_1684,Lymphoid-T
c_1_3_1685,Lymphoid-Other
c_1_3_1686,Lymphoid-Other
c_1_3_1687,Neuronal-Glial
c_1_3_1688,Lymphoid-Plasma
c_1_3_1689,Endothelial
c_1_3_1690,Lymphoid-T
c_1_3_1691,Epithelial
c_1_3_1692,Endothelial
c_1_3_1693,Lymphoid-T
c_1_3_1694,Endothelial
c_1_3_1695,Endothelial
c_1_3_1696,Lymphoid-T
c_1_3_1697,Endothelial
c_1_3_1698,Lymphoid-Other
c_1_3_1699,Lymphoid-Plasma
c_1_3_1700,Mesenchymal-Stromal
c_1_3_1701,Lymphoid-T
c_1_3_1702,Endothelial
c_1_3_1703,Lymphoid-Other
c_1_3_1704,Lymphoid-Plasma
c_1_3_1705,Lymphoid-DC
c_1_3_1706,Epithelial
c_1_3_1707,Neuronal-Glial
c_1_3_1708,Endothelial
c_1_3_1709,Lymphoid-Other
c_1_3_1710,Mesenchymal-Stromal
c_1_3_1711,Endothelial
c_1_3_1712,Epithelial
c_1_3_1713,Epithelial
c_1_3_1714,Lymphoid-Plasma
c_1_3_1715,Endothelial
c_1_3_1716,Endothelial
c_1_3_1717,Epithelial
c_1_3_1718,Lymphoid-T
c_1_3_1719,Lymphoid-T
c_1_3_1720,Endothelial
c_1_3_1721,Lymphoid-T
c_1_3_1722,Lymphoid-T
c_1_3_1723,Lymphoid-Other
c_1_3_1724,Mesenchymal-Stromal
c_1_3_1725,Endothelial
c_1_3_1726,Lymphoid-T
c_1_3_1727,Lymphoid-Other
c_1_3_1728,Mesenchymal-Stromal
c_1_3_1729,Endothelial
c_1_3_1730,Mesenchymal-Stromal
c_1_3_1731,Epithelial
c_1_3_1732,Lymphoid-T
c_1_3_1733,Endothelial
c_1_3_1734,Myeloid
c_1_3_1735,Endothelial
c_1_3_1736,None
c_1_3_1737,Lymphoid-T
c_1_3_1738,Lymphoid-Other
c_1_3_1739,Endothelial
c_1_3_1740,Endothelial
c_1_3_1741,Endothelial
c_1_3_1742,Neuronal-Glial
c_1_3_1743,Epithelial
c_1_3_1744,Lymphoid-T
c_1_3_1745,Mesenchymal-Stromal
c_1_3_1746,Lymphoid-Other
c_1_3_1747,Lymphoid-Other
c_1_3_1748,Endothelial
c_1_3_1749,Lymphoid-Other
c_1_3_1750,Lymphoid-T
c_1_3_1751,Mesenchymal-Stromal
c_1_3_1752,Lymphoid-T
c_1_3_1753,Lymphoid-T
c_1_3_1754,Endothelial
c_1_3_1755,Lymphoid-DC
c_1_3_1756,Endothelial
c_1_3_1757,Endothelial
c_1_3_1758,Lymphoid-Other
c_1_3_1759,Epithelial
c_1_3_1760,Endothelial
c_1_3_1761,Lymphoid-T
c_1_3_1762,Mesenchymal-Stromal
c_1_3_1763,Lymphoid-Other
c_1_3_1764,Lymphoid-T
c_1_3_1765,Endothelial
c_1_3_1766,Endothelial
c_1_3_1767,Endothelial
c_1_3_1768,Endothelial
c_1_3_1769,Endothelial
c_1_3_1770,Neuronal-Glial
c_1_3_1771,Lymphoid-T
c_1_3_1772,Lymphoid-T
c_1_3_1773,Endothelial
c_1_3_1774,Endothelial
c_1_3_1775,None
c_1_3_1776,Endothelial
c_1_3_1777,Lymphoid-T
c_1_3_1778,Lymphoid-T
c_1_3_1779,Endothelial
c_1_3_1780,Lymphoid-T
c_1_3_1781,Lymphoid-Other
c_1_3_1782,Lymphoid-Other
c_1_3_1783,Mesenchymal-Stromal
c_1_3_1784,Lymphoid-T
c_1_3_1785,Lymphoid-Other
c_1_3_1786,Mesenchymal-Stromal
c_1_3_1787,Epithelial
c_1_3_1788,Stem
c_1_3_1789,Endothelial
c_1_3_1790,Lymphoid-T
c_1_3_1791,Endothelial
c_1_3_1792,Lymphoid-DC
c_1_3_1793,Endothelial
c_1_3_1794,Endothelial
c_1_3_1795,Epithelial
c_1_3_1796,Epithelial
c_1_3_1797,Mesenchymal-Stromal
c_1_3_1798,Endothelial
c_1_3_1799,Endothelial
c_1_3_1800,Mesenchymal-Stromal
c_1_3_1801,Lymphoid-T
c_1_3_1802,Mesenchymal-Stromal
c_1_3_1803,Endothelial
c_1_3_1804,Lymphoid-DC
c_1_3_1805,Mesenchymal-Stromal
c_1_3_1806,Mesenchymal-Stromal
c_1_3_1807,Lymphoid-Other
c_1_3_1808,Epithelial
c_1_3_1809,Endothelial
c_1_3_1810,Neuronal-Glial
c_1_3_1811,Mesenchymal-Stromal
c_1_3_1812,Lymphoid-Other
c_1_3_1813,Lymphoid-Plasma
c_1_3_1814,Mesenchymal-Stromal
c_1_3_1815,Endothelial
c_1_3_1816,Lymphoid-T
c_1_3_1817,Mesenchymal-Stromal
c_1_3_1818,Mesenchymal-Stromal
c_1_3_1819,Endothelial
c_1_3_1820,Endothelial
c_1_3_1821,Endothelial
c_1_3_1822,Endothelial
c_1_3_1823,Lymphoid-T
c_1_3_1824,Lymphoid-T
c_1_3_1825,Mesenchymal-Stromal
c_1_3_1826,Epithelial
c_1_3_1827,Mesenchymal-Stromal
c_1_3_1828,Mesenchymal-Stromal
c_1_3_1829,Mesenchymal-Stromal
c_1_3_1830,Endothelial
c_1_3_1831,Mesenchymal-Stromal
c_1_3_1832,Mesenchymal-Stromal
c_1_3_1833,Endothelial
c_1_3_1834,Epithelial
c_1_3_1835,None
c_1_3_1836,Endothelial
c_1_3_1837,None
c_1_3_1838,Mesenchymal-Stromal
c_1_3_1839,None
c_1_3_1840,Neuronal-Glial
c_1_3_1841,Endothelial
c_1_3_1842,Lymphoid-T
c_1_3_1843,None
c_1_3_1844,Mesenchymal-Stromal
c_1_3_1845,Lymphoid-T
c_1_3_1846,Mesenchymal-Stromal
c_1_3_1847,Endothelial
c_1_3_1848,Lymphoid-Plasma
c_1_3_1849,Endothelial
c_1_3_1850,Lymphoid-T
c_1_3_1851,Endothelial
c_1_3_1852,Neuronal-Glial
c_1_3_1853,Mesenchymal-Stromal
c_1_3_1854,None
c_1_3_1855,Lymphoid-Plasma
c_1_3_1856,Endothelial
c_1_3_1857,Neuronal-Glial
c_1_3_1858,Epithelial
c_1_3_1859,Mesenchymal-Stromal
c_1_3_1860,Mesenchymal-Stromal
c_1_3_1861,Epithelial
c_1_3_1862,Endothelial
c_1_3_1863,Endothelial
c_1_3_1864,Endothelial
c_1_3_1865,Endothelial
c_1_3_1866,Endothelial
c_1_3_1867,Lymphoid-T
c_1_3_1868,Lymphoid-T
c_1_3_1869,Epithelial
c_1_3_1870,Endothelial
c_1_3_1871,Endothelial
c_1_3_1872,Mesenchymal-Stromal
c_1_3_1873,Endothelial
c_1_3_1874,Endothelial
c_1_3_1875,Lymphoid-T
c_1_3_1876,Mesenchymal-Stromal
c_1_3_1877,Epithelial
c_1_3_1878,Endothelial
c_1_3_1879,Endothelial
c_1_3_1880,Endothelial
c_1_3_1881,Endothelial
c_1_3_1882,Myeloid
c_1_3_1883,Mesenchymal-Stromal
c_1_3_1884,Lymphoid-Plasma
c_1_3_1885,Lymphoid-Plasma
c_1_3_1886,Lymphoid-T
c_1_3_1887,Lymphoid-Plasma
c_1_3_1888,Lymphoid-Other
c_1_3_1889,Lymphoid-Other
c_1_3_1890,None
c_1_3_1891,Endothelial
c_1_3_1892,Endothelial
c_1_3_1893,Lymphoid-Plasma
c_1_3_1894,Epithelial
c_1_3_1895,Endothelial
c_1_3_1896,Lymphoid-Other
c_1_3_1897,Lymphoid-T
c_1_3_1898,Lymphoid-Plasma
c_1_3_1899,Endothelial
c_1_3_1900,Endothelial
c_1_3_1901,Endothelial
c_1_3_1902,Endothelial
c_1_3_1903,Endothelial
c_1_3_1904,Lymphoid-T
c_1_3_1905,Endothelial
c_1_3_1906,Endothelial
c_1_3_1907,Endothelial
c_1_3_1908,Lymphoid-T
c_1_3_1909,Myeloid
c_1_3_1910,Lymphoid-T
c_1_3_1911,Mesenchymal-Stromal
c_1_3_1912,None
c_1_3_1913,Endothelial
c_1_3_1914,Endothelial
c_1_3_1915,Lymphoid-Plasma
c_1_3_1916,Lymphoid-T
c_1_3_1917,Mesenchymal-Stromal
c_1_3_1918,Lymphoid-Other
c_1_3_1919,Lymphoid-Plasma
c_1_3_1920,Endothelial
c_1_3_1921,Lymphoid-Plasma
c_1_3_1922,Lymphoid-T
c_1_3_1923,Lymphoid-Plasma
c_1_3_1924,Endothelial
c_1_3_1925,Lymphoid-Plasma
c_1_3_1926,Lymphoid-Plasma
c_1_3_1927,Lymphoid-T
c_1_3_1928,Epithelial
c_1_3_1929,Lymphoid-T
c_1_3_1930,Lymphoid-Plasma
c_1_3_1931,Endothelial
c_1_3_1932,Neuronal-Glial
c_1_3_1933,Lymphoid-T
c_1_3_1934,Lymphoid-T
c_1_3_1935,Mesenchymal-Stromal
c_1_3_1936,Epithelial
c_1_3_1937,Lymphoid-T
c_1_3_1938,Epithelial
c_1_3_1939,Endothelial
c_1_3_1940,Lymphoid-Plasma
c_1_3_1941,Mesenchymal-Stromal
c_1_3_1942,Mesenchymal-Stromal
c_1_3_1943,Mesenchymal-Stromal
c_1_3_1944,Lymphoid-Plasma
c_1_3_1945,Lymphoid-Plasma
c_1_3_1946,Endothelial
c_1_3_1947,Lymphoid-Other
c_1_3_1948,Lymphoid-Plasma
c_1_3_1949,Lymphoid-T
c_1_3_1950,Endothelial
c_1_3_1951,Mesenchymal-Stromal
c_1_3_1952,Epithelial
c_1_3_1953,Lymphoid-DC
c_1_3_1954,Mesenchymal-Stromal
c_1_3_1955,Lymphoid-Plasma
c_1_3_1956,Epithelial
c_1_3_1957,Endothelial
c_1_3_1958,Mesenchymal-Stromal
c_1_3_1959,Lymphoid-T
c_1_3_1960,Lymphoid-Plasma
c_1_3_1961,Lymphoid-T
c_1_3_1962,Endothelial
c_1_3_1963,Lymphoid-Plasma
c_1_3_1964,Mesenchymal-Stromal
c_1_3_1965,Endothelial
c_1_3_1966,Lymphoid-Other
c_1_3_1967,Endothelial
c_1_3_1968,Lymphoid-T
c_1_3_1969,Lymphoid-T
c_1_3_1970,Lymphoid-T
c_1_3_1971,Lymphoid-T
c_1_3_1972,None
c_1_3_1973,Epithelial
c_1_3_1974,Lymphoid-Other
c_1_3_1975,Lymphoid-Plasma
c_1_3_1976,Mesenchymal-Stromal
c_1_3_1977,Lymphoid-T
c_1_3_1978,Lymphoid-Plasma
c_1_3_1979,Lymphoid-T
c_1_3_1980,Endothelial
c_1_3_1981,Lymphoid-Plasma
c_1_3_1982,Endothelial
c_1_3_1983,Lymphoid-T
c_1_3_1984,Lymphoid-T
c_1_3_1985,Lymphoid-T
c_1_3_1986,Endothelial
c_1_3_1987,Epithelial
c_1_3_1988,Mesenchymal-Stromal
c_1_3_1989,None
c_1_3_1990,Endothelial
c_1_3_1991,None
c_1_3_1992,Lymphoid-T
c_1_3_1993,Mesenchymal-Stromal
c_1_3_1994,None
c_1_3_1995,Lymphoid-Other
c_1_3_1996,Lymphoid-Other
c_1_3_1997,Lymphoid-T
c_1_3_1998,Mesenchymal-Stromal
c_1_3_1999,Lymphoid-T
c_1_3_2000,Lymphoid-Other
c_1_3_2001,Neuronal-Glial
c_1_3_2002,Lymphoid-T
c_1_3_2003,Lymphoid-Other
c_1_3_2004,Endothelial
c_1_3_2005,Mesenchymal-Stromal
c_1_3_2006,Endothelial
c_1_3_2007,Myeloid
c_1_3_2008,Lymphoid-T
c_1_3_2009,Lymphoid-T
c_1_3_2010,Lymphoid-Other
c_1_3_2011,Lymphoid-Other
c_1_3_2012,Epithelial
c_1_3_2013,Endothelial
c_1_3_2014,Mesenchymal-Stromal
c_1_3_2015,Endothelial
c_1_3_2016,Lymphoid-Other
c_1_3_2017,Mesenchymal-Stromal
c_1_3_2018,Mesenchymal-Stromal
c_1_3_2019,Endothelial
c_1_3_2020,Epithelial
c_1_3_2021,Mesenchymal-Stromal
c_1_3_2022,Epithelial
c_1_3_2023,Lymphoid-Plasma
c_1_3_2024,Stem
c_1_3_2025,Endothelial
c_1_3_2026,Mesenchymal-Stromal
c_1_3_2027,Lymphoid-Other
c_1_3_2028,Endothelial
c_1_3_2029,Epithelial
c_1_3_2030,Myeloid
c_1_3_2031,Mesenchymal-Stromal
c_1_3_2032,Lymphoid-Other
c_1_3_2033,Lymphoid-T
c_1_3_2034,Neuronal-Glial
c_1_3_2035,Endothelial
c_1_3_2036,Endothelial
c_1_3_2037,Endothelial
c_1_3_2038,Lymphoid-T
c_1_3_2039,Mesenchymal-Stromal
c_1_3_2040,Lymphoid-T
c_1_3_2041,Lymphoid-T
c_1_3_2042,Mesenchymal-Stromal
c_1_3_2043,Endothelial
c_1_3_2044,Endothelial
c_1_3_2045,Endothelial
c_1_3_2046,Epithelial
c_1_3_2047,Lymphoid-T
c_1_3_2048,Mesenchymal-Stromal
c_1_3_2049,Lymphoid-T
c_1_3_2050,Endothelial
c_1_3_2051,Endothelial
c_1_3_2052,Lymphoid-T
c_1_3_2053,Lymphoid-T
c_1_3_2054,Lymphoid-Other
c_1_3_2055,Endothelial
c_1_3_2056,Stem
c_1_3_2057,Lymphoid-T
c_1_3_2058,Lymphoid-T
c_1_3_2059,Mesenchymal-Stromal
c_1_3_2060,Endothelial
c_1_3_2061,Mesenchymal-Stromal
c_1_3_2062,Neuronal-Glial
c_1_3_2063,Lymphoid-DC
c_1_3_2064,Lymphoid-T
c_1_3_2065,Epithelial
c_1_3_2066,Lymphoid-T
c_1_3_2067,Lymphoid-T
c_1_3_2068,Endothelial
c_1_3_2069,Endothelial
c_1_3_2070,Neuronal-Glial
c_1_3_2071,Lymphoid-T
c_1_3_2072,Mesenchymal-Stromal
c_1_3_2073,Lymphoid-T
c_1_3_2074,Endothelial
c_1_3_2075,Epithelial
c_1_3_2076,Endothelial
c_1_3_2077,Lymphoid-Plasma
c_1_3_2078,Endothelial
c_1_3_2079,Myeloid
c_1_3_2080,None
c_1_3_2081,Endothelial
c_1_3_2082,Endothelial
c_1_3_2083,Lymphoid-T
c_1_3_2084,Epithelial
c_1_3_2085,Endothelial
c_1_3_2086,Neuronal-Glial
c_1_3_2087,Lymphoid-T
c_1_3_2088,Lymphoid-T
c_1_3_2089,Lymphoid-T
c_1_3_2090,Lymphoid-Other
c_1_3_2091,Endothelial
c_1_3_2092,Endothelial
c_1_3_2093,Lymphoid-T
c_1_3_2094,Lymphoid-T
c_1_3_2095,Endothelial
c_1_3_2096,Lymphoid-Other
c_1_3_2097,Lymphoid-Plasma
c_1_3_2098,Endothelial
c_1_3_2099,Myeloid
c_1_3_2100,Endothelial
c_1_3_2101,Mesenchymal-Stromal
c_1_3_2102,Lymphoid-Plasma
c_1_3_2103,None
c_1_3_2104,Mesenchymal-Stromal
c_1_3_2105,Epithelial
c_1_3_2106,Lymphoid-T
c_1_3_2107,Lymphoid-DC
c_1_3_2108,Endothelial
c_1_3_2109,Lymphoid-T
c_1_3_2110,Endothelial
c_1_3_2111,None
c_1_3_2112,Endothelial
c_1_3_2113,Endothelial
c_1_3_2114,Endothelial
c_1_3_2115,Epithelial
c_1_3_2116,Lymphoid-Plasma
c_1_3_2117,Lymphoid-Plasma
c_1_3_2118,Mesenchymal-Stromal
c_1_3_2119,Endothelial
c_1_3_2120,Lymphoid-T
c_1_3_2121,Endothelial
c_1_3_2122,Lymphoid-T
c_1_3_2123,Lymphoid-Other
c_1_3_2124,Endothelial
c_1_3_2125,None
c_1_3_2126,Lymphoid-T
c_1_3_2127,Lymphoid-Other
c_1_3_2128,Endothelial
c_1_3_2129,Lymphoid-T
c_1_3_2130,Lymphoid-T
c_1_3_2131,Neuronal-Glial
c_1_3_2132,Lymphoid-T
c_1_3_2133,Epithelial
c_1_3_2134,Endothelial
c_1_3_2135,Epithelial
c_1_3_2136,Lymphoid-T
c_1_3_2137,Endothelial
c_1_3_2138,Mesenchymal-Stromal
c_1_3_2139,Epithelial
c_1_3_2140,Lymphoid-Plasma
c_1_3_2141,Lymphoid-Other
c_1_3_2142,Epithelial
c_1_3_2143,Epithelial
c_1_3_2144,Lymphoid-Plasma
c_1_3_2145,Epithelial
c_1_3_2146,None
c_1_3_2147,Lymphoid-DC
c_1_3_2148,Lymphoid-T
c_1_3_2149,None
c_1_3_2150,Myeloid
c_1_3_2151,Lymphoid-Plasma
c_1_3_2152,Epithelial
c_1_3_2153,Endothelial
c_1_3_2154,Endothelial
c_1_3_2155,Lymphoid-Plasma
c_1_3_2156,Endothelial
c_1_3_2157,Endothelial
c_1_3_2158,Lymphoid-T
c_1_3_2159,Endothelial
c_1_3_2160,Lymphoid-T
c_1_3_2161,Lymphoid-Other
c_1_3_2162,Mesenchymal-Stromal
c_1_3_2163,Lymphoid-Other
c_1_3_2164,Lymphoid-DC
c_1_3_2165,Lymphoid-T
c_1_3_2166,Epithelial
c_1_3_2167,Lymphoid-T
c_1_3_2168,Lymphoid-DC
c_1_3_2169,Endothelial
c_1_3_2170,Endothelial
c_1_3_2171,Lymphoid-T
c_1_3_2172,Lymphoid-Other
c_1_3_2173,Lymphoid-T
c_1_3_2174,Lymphoid-T
c_1_3_2175,Lymphoid-T
c_1_3_2176,Neuronal-Glial
c_1_3_2177,Lymphoid-T
c_1_3_2178,Stem
c_1_3_2179,Lymphoid-T
c_1_3_2180,Endothelial
c_1_3_2181,Lymphoid-T
c_1_3_2182,Endothelial
c_1_3_2183,Lymphoid-T
c_1_3_2184,Lymphoid-Plasma
c_1_3_2185,Epithelial
c_1_3_2186,Mesenchymal-Stromal
c_1_3_2187,Epithelial
c_1_3_2188,Lymphoid-T
c_1_3_2189,Endothelial
c_1_3_2190,Endothelial
c_1_3_2191,Endothelial
c_1_3_2192,None
c_1_3_2193,Endothelial
c_1_3_2194,Epithelial
c_1_3_2195,Endothelial
c_1_3_2196,Endothelial
c_1_3_2197,Lymphoid-T
c_1_3_2198,Epithelial
c_1_3_2199,Lymphoid-T
c_1_3_2200,Epithelial
c_1_3_2201,None
c_1_3_2202,Mesenchymal-Stromal
c_1_3_2203,Lymphoid-DC
c_1_3_2204,Lymphoid-T
c_1_3_2205,Lymphoid-Plasma
c_1_3_2206,Lymphoid-T
c_1_3_2207,Lymphoid-Plasma
c_1_3_2208,Endothelial
c_1_3_2209,Lymphoid-T
c_1_3_2210,Lymphoid-T
c_1_3_2211,Lymphoid-T
c_1_3_2212,Lymphoid-Other
c_1_3_2213,Lymphoid-T
c_1_3_2214,Endothelial
c_1_3_2215,Mesenchymal-Stromal
c_1_3_2216,Endothelial
c_1_3_2217,Epithelial
c_1_3_2218,Lymphoid-DC
c_1_3_2219,Myeloid
c_1_3_2220,Endothelial
c_1_3_2221,Lymphoid-T
c_1_3_2222,Endothelial
c_1_3_2223,Mesenchymal-Stromal
c_1_3_2224,Lymphoid-DC
c_1_3_2225,Lymphoid-Other
c_1_3_2226,Endothelial
c_1_3_2227,Epithelial
c_1_3_2228,Endothelial
c_1_3_2229,Lymphoid-T
c_1_3_2230,Lymphoid-Plasma
c_1_3_2231,Endothelial
c_1_3_2232,Lymphoid-Other
c_1_3_2233,None
c_1_3_2234,Endothelial
c_1_3_2235,Endothelial
c_1_3_2236,Endothelial
c_1_3_2237,Lymphoid-DC
c_1_3_2238,Lymphoid-T
c_1_3_2239,Mesenchymal-Stromal
c_1_3_2240,None
c_1_3_2241,Epithelial
c_1_3_2242,Endothelial
c_1_3_2243,Epithelial
c_1_3_2244,Epithelial
c_1_3_2245,None
c_1_3_2246,Endothelial
c_1_3_2247,Lymphoid-Other
c_1_3_2248,Endothelial
c_1_3_2249,Lymphoid-T
c_1_3_2250,Epithelial
c_1_3_2251,Lymphoid-Plasma
c_1_3_2252,Lymphoid-T
c_1_3_2253,Lymphoid-T
c_1_3_2254,None
c_1_3_2255,Epithelial
c_1_3_2256,Lymphoid-B
c_1_3_2257,None
c_1_3_2258,Epithelial
c_1_3_2259,Endothelial
c_1_3_2260,Mesenchymal-Stromal
c_1_3_2261,Neuronal-Glial
c_1_3_2262,Lymphoid-T
c_1_3_2263,Lymphoid-T
c_1_3_2264,Lymphoid-T
c_1_3_2265,Endothelial
c_1_3_2266,Lymphoid-T
c_1_3_2267,Lymphoid-Plasma
c_1_3_2268,Lymphoid-T
c_1_3_2269,Lymphoid-Other
c_1_3_2270,Lymphoid-Plasma
c_1_3_2271,None
c_1_3_2272,Lymphoid-T
c_1_3_2273,Epithelial
c_1_3_2274,Lymphoid-T
c_1_3_2275,Lymphoid-T
c_1_3_2276,Epithelial
c_1_3_2277,Lymphoid-Other
c_1_3_2278,Mesenchymal-Stromal
c_1_3_2279,Lymphoid-DC
c_1_3_2280,Neuronal-Glial
c_1_3_2281,Epithelial
c_1_3_2282,Neuronal-Glial
c_1_3_2283,Myeloid
c_1_3_2284,Epithelial
c_1_3_2285,Lymphoid-Other
c_1_3_2286,Lymphoid-Plasma
c_1_3_2287,Lymphoid-Other
c_1_3_2288,Lymphoid-Other
c_1_3_2289,Epithelial
c_1_3_2290,Lymphoid-Plasma
c_1_3_2291,Epithelial
c_1_3_2292,Lymphoid-T
c_1_3_2293,Lymphoid-Plasma
c_1_3_2294,Epithelial
c_1_3_2295,Lymphoid-Plasma
c_1_3_2296,Lymphoid-T
c_1_3_2297,Epithelial
c_1_3_2298,Endothelial
c_1_3_2299,Lymphoid-T
c_1_3_2300,Lymphoid-T
c_1_3_2301,Endothelial
c_1_3_2302,Lymphoid-T
c_1_3_2303,Mesenchymal-Stromal
c_1_3_2304,Mesenchymal-Stromal
c_1_3_2305,Lymphoid-DC
c_1_3_2306,Endothelial
c_1_3_2307,Epithelial
c_1_3_2308,None
c_1_3_2309,Endothelial
c_1_3_2310,Lymphoid-Plasma
c_1_3_2311,Endothelial
c_1_3_2312,Stem
c_1_3_2313,Lymphoid-Other
c_1_3_2314,Endothelial
c_1_3_2315,Lymphoid-T
c_1_3_2316,Lymphoid-Other
c_1_3_2317,Endothelial
c_1_3_2318,Lymphoid-T
c_1_3_2319,Lymphoid-DC
c_1_3_2320,Lymphoid-T
c_1_3_2321,Lymphoid-Other
c_1_3_2322,Endothelial
c_1_3_2323,Lymphoid-Plasma
c_1_3_2324,Lymphoid-Other
c_1_3_2325,Epithelial
c_1_3_2326,Endothelial
c_1_3_2327,Lymphoid-T
c_1_3_2328,Myeloid
c_1_3_2329,Endothelial
c_1_3_2330,Lymphoid-T
c_1_3_2331,Epithelial
c_1_3_2332,Endothelial
c_1_3_2333,Lymphoid-T
c_1_3_2334,Myeloid
c_1_3_2335,Mesenchymal-Stromal
c_1_3_2336,Lymphoid-T
c_1_3_2337,Lymphoid-Plasma
c_1_3_2338,Lymphoid-T
c_1_3_2339,Myeloid
c_1_3_2340,Mesenchymal-Stromal
c_1_3_2341,Lymphoid-Other
c_1_3_2342,Endothelial
c_1_3_2343,Epithelial
c_1_3_2344,Endothelial
c_1_3_2345,Neuronal-Glial
c_1_3_2346,Lymphoid-DC
c_1_3_2347,Lymphoid-T
c_1_3_2348,Epithelial
c_1_3_2349,Lymphoid-DC
c_1_3_2350,Epithelial
c_1_3_2351,Endothelial
c_1_3_2352,Lymphoid-Other
c_1_3_2353,Mesenchymal-Stromal
c_1_3_2354,None
c_1_3_2355,Lymphoid-DC
c_1_3_2356,None
c_1_3_2357,Lymphoid-Other
c_1_3_2358,Lymphoid-T
c_1_3_2359,Lymphoid-T
c_1_3_2360,Lymphoid-Plasma
c_1_3_2361,Endothelial
c_1_3_2362,Epithelial
c_1_3_2363,Neuronal-Glial
c_1_3_2364,Epithelial
c_1_3_2365,Lymphoid-Plasma
c_1_3_2366,Lymphoid-T
c_1_3_2367,Lymphoid-DC
c_1_3_2368,Lymphoid-T
c_1_3_2369,Lymphoid-T
c_1_3_2370,Stem
c_1_3_2371,Lymphoid-T
c_1_3_2372,Lymphoid-Other
c_1_3_2373,Endothelial
c_1_3_2374,Lymphoid-T
c_1_3_2375,Endothelial
c_1_3_2376,Endothelial
c_1_3_2377,Lymphoid-Other
c_1_3_2378,Endothelial
c_1_3_2379,Lymphoid-Other
c_1_3_2380,Lymphoid-T
c_1_3_2381,None
c_1_3_2382,Lymphoid-T
c_1_3_2383,Lymphoid-T
c_1_3_2384,Lymphoid-T
c_1_3_2385,Lymphoid-T
c_1_3_2386,Lymphoid-T
c_1_3_2387,Lymphoid-T
c_1_3_2388,Lymphoid-Other
c_1_3_2389,Stem
c_1_3_2390,Lymphoid-DC
c_1_3_2391,Lymphoid-T
c_1_3_2392,Endothelial
c_1_3_2393,Endothelial
c_1_3_2394,Lymphoid-T
c_1_3_2395,Lymphoid-T
c_1_3_2396,Lymphoid-DC
c_1_3_2397,Lymphoid-T
c_1_3_2398,Lymphoid-Plasma
c_1_3_2399,Endothelial
c_1_3_2400,Lymphoid-T
c_1_3_2401,Endothelial
c_1_3_2402,Lymphoid-T
c_1_3_2403,Lymphoid-T
c_1_3_2404,Lymphoid-T
c_1_3_2405,Lymphoid-Other
c_1_3_2406,Mesenchymal-Stromal
c_1_3_2407,Neuronal-Glial
c_1_3_2408,Endothelial
c_1_3_2409,Lymphoid-T
c_1_3_2410,Lymphoid-T
c_1_3_2411,Lymphoid-Other
c_1_3_2412,Lymphoid-B
c_1_3_2413,Mesenchymal-Stromal
c_1_3_2414,Endothelial
c_1_3_2415,Lymphoid-DC
c_1_3_2416,None
c_1_3_2417,Epithelial
c_1_3_2418,Lymphoid-T
c_1_3_2419,Lymphoid-T
c_1_3_2420,Lymphoid-T
c_1_3_2421,Endothelial
c_1_3_2422,Lymphoid-T
c_1_3_2423,Lymphoid-T
c_1_3_2424,Endothelial
c_1_3_2425,Lymphoid-DC
c_1_3_2426,Lymphoid-B
c_1_3_2427,Endothelial
c_1_3_2428,Lymphoid-DC
c_1_3_2429,Lymphoid-DC
c_1_3_2430,Myeloid
c_1_3_2431,Lymphoid-B
c_1_3_2432,Lymphoid-Other
c_1_3_2433,Lymphoid-T
c_1_3_2434,Epithelial
c_1_3_2435,Lymphoid-Other
c_1_3_2436,Lymphoid-T
c_1_3_2437,Lymphoid-T
c_1_3_2438,Lymphoid-T
c_1_3_2439,Epithelial
c_1_3_2440,Lymphoid-DC
c_1_3_2441,Lymphoid-T
c_1_3_2442,Lymphoid-T
c_1_3_2443,Lymphoid-Plasma
c_1_3_2444,Lymphoid-T
c_1_3_2445,Lymphoid-T
c_1_3_2446,Endothelial
c_1_3_2447,Lymphoid-T
c_1_3_2448,Lymphoid-T
c_1_3_2449,None
c_1_3_2450,Lymphoid-T
c_1_3_2451,Lymphoid-Other
c_1_3_2452,Epithelial
c_1_3_2453,Lymphoid-DC
c_1_3_2454,Lymphoid-Other
c_1_3_2455,Lymphoid-T
c_1_3_2456,Lymphoid-DC
c_1_3_2457,Lymphoid-Other
c_1_3_2458,Lymphoid-T
c_1_3_2459,Lymphoid-Plasma
c_1_3_2460,Lymphoid-T
c_1_3_2461,Endothelial
c_1_3_2462,Endothelial
c_1_3_2463,None
c_1_3_2464,Epithelial
c_1_3_2465,Lymphoid-T
c_1_3_2466,Epithelial
c_1_3_2467,Lymphoid-Other
c_1_3_2468,Lymphoid-T
c_1_3_2469,Endothelial
c_1_3_2470,None
c_1_3_2471,Lymphoid-T
c_1_3_2472,Lymphoid-T
c_1_3_2473,Lymphoid-DC
c_1_3_2474,Lymphoid-Other
c_1_3_2475,Epithelial
c_1_3_2476,Lymphoid-T
c_1_3_2477,Stem
c_1_3_2478,Endothelial
c_1_3_2479,Myeloid
c_1_3_2480,Endothelial
c_1_3_2481,Lymphoid-T
c_1_3_2482,Lymphoid-Other
c_1_3_2483,Epithelial
c_1_3_2484,Epithelial
c_1_3_2485,Lymphoid-Plasma
c_1_3_2486,Stem
c_1_3_2487,Lymphoid-DC
c_1_3_2488,Endothelial
c_1_3_2489,Lymphoid-T
c_1_3_2490,Lymphoid-T
c_1_3_2491,Lymphoid-DC
c_1_3_2492,Lymphoid-T
c_1_3_2493,Lymphoid-T
c_1_3_2494,Endothelial
c_1_3_2495,Neuronal-Glial
c_1_3_2496,Myeloid
c_1_3_2497,Mesenchymal-Stromal
c_1_3_2498,Lymphoid-T
c_1_3_2499,Lymphoid-T
c_1_3_2500,Myeloid
c_1_3_2501,Lymphoid-T
c_1_3_2502,Lymphoid-T
c_1_3_2503,None
c_1_3_2504,Endothelial
c_1_3_2505,Lymphoid-T
c_1_3_2506,Epithelial
c_1_3_2507,Endothelial
c_1_3_2508,Epithelial
c_1_3_2509,Mesenchymal-Stromal
c_1_3_2510,Lymphoid-Plasma
c_1_3_2511,Myeloid
c_1_3_2512,Mesenchymal-Stromal
c_1_3_2513,Myeloid
c_1_3_2514,Endothelial
c_1_3_2515,Lymphoid-B
c_1_3_2516,Stem
c_1_3_2517,Endothelial
c_1_3_2518,Lymphoid-Other
c_1_3_2519,Epithelial
c_1_3_2520,Lymphoid-T
c_1_3_2521,Lymphoid-Plasma
c_1_3_2522,Lymphoid-DC
c_1_3_2523,Lymphoid-T
c_1_3_2524,Mesenchymal-Stromal
c_1_3_2525,Endothelial
c_1_3_2526,Lymphoid-Plasma
c_1_3_2527,Lymphoid-DC
c_1_3_2528,Lymphoid-Plasma
c_1_3_2529,None
c_1_3_2530,Lymphoid-T
c_1_3_2531,Myeloid
c_1_3_2532,Lymphoid-T
c_1_3_2533,Epithelial
c_1_3_2534,Epithelial
c_1_3_2535,Lymphoid-DC
c_1_3_2536,Endothelial
c_1_3_2537,Lymphoid-T
c_1_3_2538,Lymphoid-Plasma
c_1_3_2539,Lymphoid-T
c_1_3_2540,Lymphoid-Other
c_1_3_2541,Epithelial
c_1_3_2542,Endothelial
c_1_3_2543,Lymphoid-T
c_1_3_2544,Lymphoid-T
c_1_3_2545,Endothelial
c_1_3_2546,None
c_1_3_2547,Lymphoid-DC
c_1_3_2548,Endothelial
c_1_3_2549,Epithelial
c_1_3_2550,Lymphoid-Other
c_1_3_2551,Lymphoid-Other
c_1_3_2552,Lymphoid-Other
c_1_3_2553,Mesenchymal-Stromal
c_1_3_2554,Lymphoid-T
c_1_3_2555,Lymphoid-Plasma
c_1_3_2556,Lymphoid-B
c_1_3_2557,Lymphoid-DC
c_1_3_2558,Lymphoid-Plasma
c_1_3_2559,Lymphoid-T
c_1_3_2560,Epithelial
c_1_3_2561,Lymphoid-T
c_1_3_2562,Lymphoid-T
c_1_3_2563,Epithelial
c_1_3_2564,Endothelial
c_1_3_2565,Lymphoid-T
c_1_3_2566,Lymphoid-T
c_1_3_2567,Lymphoid-T
c_1_3_2568,Lymphoid-DC
c_1_3_2569,Endothelial
c_1_3_2570,Lymphoid-DC
c_1_3_2571,Lymphoid-T
c_1_3_2572,Lymphoid-T
c_1_3_2573,Lymphoid-T
c_1_3_2574,Lymphoid-T
c_1_3_2575,Lymphoid-Other
c_1_3_2576,Lymphoid-Plasma
c_1_3_2577,Lymphoid-T
c_1_3_2578,Lymphoid-DC
c_1_3_2579,Neuronal-Glial
c_1_3_2580,Epithelial
c_1_3_2581,Lymphoid-T
c_1_3_2582,Lymphoid-T
c_1_3_2583,Endothelial
c_1_3_2584,Lymphoid-B
c_1_3_2585,Lymphoid-T
c_1_3_2586,None
c_1_3_2587,Lymphoid-DC
c_1_3_2588,Lymphoid-B
c_1_3_2589,Endothelial
c_1_3_2590,Lymphoid-T
c_1_3_2591,Lymphoid-T
c_1_3_2592,Lymphoid-T
c_1_3_2593,Lymphoid-DC
c_1_3_2594,Endothelial
c_1_3_2595,Lymphoid-T
c_1_3_2596,Lymphoid-T
c_1_3_2597,Lymphoid-DC
c_1_3_2598,Lymphoid-DC
c_1_3_2599,Endothelial
c_1_3_2600,Myeloid
c_1_3_2601,Epithelial
c_1_3_2602,Lymphoid-T
c_1_3_2603,Lymphoid-T
c_1_3_2604,None
c_1_3_2605,Lymphoid-Other
c_1_3_2606,Lymphoid-T
c_1_3_2607,Lymphoid-T
c_1_3_2608,Lymphoid-DC
c_1_3_2609,None
c_1_3_2610,Stem
c_1_3_2611,Epithelial
c_1_3_2612,Lymphoid-DC
c_1_3_2613,Myeloid
c_1_3_2614,Lymphoid-T
c_1_3_2615,None
c_1_3_2616,Lymphoid-B
c_1_3_2617,Lymphoid-T
c_1_3_2618,Endothelial
c_1_3_2619,Lymphoid-T
c_1_3_2620,None
c_1_3_2621,Lymphoid-DC
c_1_3_2622,Lymphoid-T
c_1_3_2623,Lymphoid-T
c_1_3_2624,Lymphoid-T
c_1_3_2625,Endothelial
c_1_3_2626,Lymphoid-DC
c_1_3_2627,Lymphoid-DC
c_1_3_2628,Lymphoid-DC
c_1_3_2629,Lymphoid-T
c_1_3_2630,Lymphoid-DC
c_1_3_2631,Endothelial
c_1_3_2632,Lymphoid-T
c_1_3_2633,Lymphoid-DC
c_1_3_2634,Epithelial
c_1_3_2635,Epithelial
c_1_3_2636,Endothelial
c_1_3_2637,Lymphoid-DC
c_1_3_2638,Lymphoid-T
c_1_3_2639,Myeloid
c_1_3_2640,Lymphoid-T
c_1_3_2641,Stem
c_1_3_2642,Epithelial
c_1_3_2643,Lymphoid-T
c_1_3_2644,Lymphoid-T
c_1_3_2645,Endothelial
c_1_3_2646,Myeloid
c_1_3_2647,Lymphoid-T
c_1_3_2648,Lymphoid-B
c_1_3_2649,Myeloid
c_1_3_2650,Epithelial
c_1_3_2651,Stem
c_1_3_2652,Lymphoid-T
c_1_3_2653,Lymphoid-Plasma
c_1_3_2654,Lymphoid-DC
c_1_3_2655,Lymphoid-T
c_1_3_2656,Lymphoid-T
c_1_3_2657,Lymphoid-T
c_1_3_2658,Stem
c_1_3_2659,Lymphoid-T
c_1_3_2660,Endothelial
c_1_3_2661,Lymphoid-T
c_1_3_2662,Epithelial
c_1_3_2663,Lymphoid-DC
c_1_3_2664,Lymphoid-DC
c_1_3_2665,Stem
c_1_3_2666,Stem
c_1_3_2667,Lymphoid-Plasma
c_1_3_2668,Lymphoid-T
c_1_3_2669,Lymphoid-T
c_1_3_2670,Endothelial
c_1_3_2671,Lymphoid-T
c_1_3_2672,Epithelial
c_1_3_2673,Myeloid
c_1_3_2674,Lymphoid-T
c_1_3_2675,Lymphoid-T
c_1_3_2676,Lymphoid-T
c_1_3_2677,Epithelial
c_1_3_2678,Lymphoid-T
c_1_3_2679,Lymphoid-DC
c_1_3_2680,Lymphoid-T
c_1_3_2681,Epithelial
c_1_3_2682,Endothelial
c_1_3_2683,Endothelial
c_1_3_2684,Lymphoid-DC
c_1_3_2685,Lymphoid-T
c_1_3_2686,Epithelial
c_1_3_2687,Lymphoid-T
c_1_3_2688,Lymphoid-Other
c_1_3_2689,Lymphoid-T
c_1_3_2690,Myeloid
c_1_3_2691,Lymphoid-T
c_1_3_2692,Lymphoid-T
c_1_3_2693,Endothelial
c_1_3_2694,Stem
c_1_3_2695,Lymphoid-T
c_1_3_2696,Lymphoid-T
c_1_3_2697,Epithelial
c_1_3_2698,Lymphoid-DC
c_1_3_2699,Myeloid
c_1_3_2700,Lymphoid-T
c_1_3_2701,Lymphoid-T
c_1_3_2702,Lymphoid-T
c_1_3_2703,Epithelial
c_1_3_2704,Lymphoid-T
c_1_3_2705,Lymphoid-T
c_1_3_2706,Epithelial
c_1_3_2707,Myeloid
c_1_3_2708,Epithelial
c_1_3_2709,Lymphoid-T
c_1_3_2710,Lymphoid-T
c_1_3_2711,Lymphoid-T
c_1_3_2712,Myeloid
c_1_3_2713,Lymphoid-T
c_1_3_2714,Lymphoid-DC
c_1_3_2715,Lymphoid-T
c_1_3_2716,Lymphoid-T
c_1_3_2717,Lymphoid-B
c_1_3_2718,Lymphoid-T
c_1_3_2719,Lymphoid-DC
c_1_3_2720,Endothelial
c_1_3_2721,Endothelial
c_1_3_2722,Lymphoid-T
c_1_3_2723,Lymphoid-DC
c_1_3_2724,Myeloid
c_1_3_2725,Lymphoid-T
c_1_3_2726,Epithelial
c_1_3_2727,Lymphoid-Other
c_1_3_2728,Endothelial
c_1_3_2729,Lymphoid-DC
c_1_3_2730,Epithelial
c_1_3_2731,Epithelial
c_1_3_2732,Myeloid
c_1_3_2733,Stem
c_1_3_2734,Epithelial
c_1_3_2735,Myeloid
c_1_3_2736,Lymphoid-T
c_1_3_2737,Myeloid
c_1_3_2738,Myeloid
c_1_3_2739,Lymphoid-DC
c_1_3_2740,Lymphoid-T
c_1_3_2741,Lymphoid-T
c_1_3_2742,Lymphoid-T
c_1_3_2743,Lymphoid-T
c_1_3_2744,Lymphoid-DC
c_1_3_2745,Stem
c_1_3_2746,None
c_1_3_2747,Lymphoid-DC
c_1_3_2748,Lymphoid-DC
c_1_3_2749,Lymphoid-T
c_1_3_2750,Lymphoid-T
c_1_3_2751,Lymphoid-T
c_1_3_2752,Lymphoid-Other
c_1_3_2753,Endothelial
c_1_3_2754,Lymphoid-DC
c_1_3_2755,Lymphoid-T
c_1_3_2756,Lymphoid-T
c_1_3_2757,Lymphoid-T
c_1_3_2758,Endothelial
c_1_3_2759,Endothelial
c_1_3_2760,Lymphoid-DC
c_1_3_2761,Endothelial
c_1_3_2762,Lymphoid-T
c_1_3_2763,Lymphoid-T
c_1_3_2764,Lymphoid-Other
c_1_3_2765,Epithelial
c_1_3_2766,Myeloid
c_1_3_2767,None
c_1_3_2768,Epithelial
c_1_3_2769,Lymphoid-DC
c_1_3_2770,Lymphoid-DC
c_1_3_2771,Mesenchymal-Stromal
c_1_3_2772,Myeloid
c_1_3_2773,Lymphoid-Other
c_1_3_2774,Lymphoid-T
c_1_3_2775,Lymphoid-DC
c_1_3_2776,None
c_1_3_2777,Lymphoid-DC
c_1_3_2778,Epithelial
c_1_3_2779,Lymphoid-Other
c_1_3_2780,Epithelial
c_1_3_2781,Epithelial
c_1_3_2782,Epithelial
c_1_3_2783,Mesenchymal-Stromal
c_1_3_2784,Lymphoid-DC
c_1_3_2785,Endothelial
c_1_3_2786,Lymphoid-T
c_1_3_2787,Lymphoid-T
c_1_3_2788,Lymphoid-T
c_1_3_2789,Lymphoid-T
c_1_3_2790,Lymphoid-T
c_1_3_2791,Lymphoid-DC
c_1_3_2792,Myeloid
c_1_3_2793,Epithelial
c_1_3_2794,Lymphoid-T
c_1_3_2795,Myeloid
c_1_3_2796,Lymphoid-DC
c_1_3_2797,Myeloid
c_1_3_2798,Myeloid
c_1_3_2799,Lymphoid-T
c_1_3_2800,Endothelial
c_1_3_2801,Lymphoid-T
c_1_3_2802,Epithelial
c_1_3_2803,Epithelial
c_1_3_2804,None
c_1_3_2805,Myeloid
c_1_3_2806,Lymphoid-Other
c_1_3_2807,Myeloid
c_1_3_2808,Lymphoid-T
c_1_3_2809,Lymphoid-DC
c_1_3_2810,Lymphoid-T
c_1_3_2811,Lymphoid-T
c_1_3_2812,Endothelial
c_1_3_2813,Lymphoid-T
c_1_3_2814,Lymphoid-T
c_1_3_2815,None
c_1_3_2816,Lymphoid-Other
c_1_3_2817,Lymphoid-DC
c_1_3_2818,Endothelial
c_1_3_2819,None
c_1_3_2820,Myeloid
c_1_3_2821,Lymphoid-T
c_1_3_2822,Lymphoid-DC
c_1_3_2823,Endothelial
c_1_3_2824,Lymphoid-DC
c_1_3_2825,Myeloid
c_1_3_2826,Lymphoid-DC
c_1_3_2827,Myeloid
c_1_3_2828,Lymphoid-T
c_1_3_2829,Lymphoid-DC
c_1_3_2830,Lymphoid-DC
c_1_3_2831,Myeloid
c_1_3_2832,Lymphoid-T
c_1_3_2833,Lymphoid-T
c_1_3_2834,Myeloid
c_1_3_2835,Lymphoid-DC
c_1_3_2836,Lymphoid-T
c_1_3_2837,Myeloid
c_1_3_2838,Lymphoid-T
c_1_3_2839,Myeloid
c_1_3_2840,Epithelial
c_1_3_2841,Myeloid
c_1_3_2842,Lymphoid-DC
c_1_3_2843,Lymphoid-DC
c_1_3_2844,Lymphoid-Other
c_1_3_2845,Myeloid
c_1_3_2846,Lymphoid-DC
c_1_3_2847,None
c_1_3_2848,Myeloid
c_1_3_2849,Lymphoid-DC
c_1_3_2850,Lymphoid-DC
c_1_3_2851,Epithelial
c_1_3_2852,Lymphoid-DC
c_1_3_2853,Lymphoid-DC
c_1_3_2854,Lymphoid-T
c_1_3_2855,Lymphoid-DC
c_1_3_2856,Lymphoid-DC
c_1_3_2857,Lymphoid-Other
c_1_3_2858,Lymphoid-Other
c_1_3_2859,Lymphoid-T
c_1_3_2860,Lymphoid-DC
c_1_3_2861,Lymphoid-Other
c_1_3_2862,Lymphoid-DC
c_1_3_2863,Myeloid
c_1_3_2864,Lymphoid-Other
c_1_3_2865,Lymphoid-DC
c_1_3_2866,Lymphoid-DC
c_1_3_2867,Lymphoid-T
c_1_3_2868,Epithelial
c_1_3_2869,Lymphoid-T
c_1_3_2870,Myeloid
c_1_3_2871,Lymphoid-Other
c_1_3_2872,Epithelial
c_1_3_2873,Lymphoid-T
c_1_3_2874,Epithelial
c_1_3_2875,Lymphoid-T
c_1_3_2876,Myeloid
c_1_3_2877,Myeloid
c_1_3_2878,Lymphoid-DC
c_1_3_2879,Lymphoid-T
c_1_3_2880,Lymphoid-T
c_1_3_2881,Myeloid
c_1_3_2882,Lymphoid-T
c_1_3_2883,Lymphoid-DC
c_1_3_2884,Lymphoid-Other
c_1_3_2885,Lymphoid-Other
c_1_3_2886,Lymphoid-B
c_1_3_2887,Myeloid
c_1_3_2888,Lymphoid-DC
c_1_3_2889,Lymphoid-DC
c_1_3_2890,Lymphoid-DC
c_1_3_2891,Lymphoid-T
c_1_3_2892,Myeloid
c_1_3_2893,Myeloid
c_1_3_2894,Lymphoid-DC
c_1_3_2895,Lymphoid-T
c_1_3_2896,Lymphoid-T
c_1_3_2897,Epithelial
c_1_3_2898,None
c_1_3_2899,Lymphoid-T
c_1_3_2900,Endothelial
c_1_3_2901,None
c_1_3_2902,Lymphoid-Plasma
c_1_3_2903,Lymphoid-Other
c_1_3_2904,Lymphoid-DC
c_1_3_2905,Lymphoid-T
c_1_3_2906,Epithelial
c_1_3_2907,Epithelial
c_1_3_2908,Myeloid
c_1_3_2909,Lymphoid-Other
c_1_3_2910,Lymphoid-DC
c_1_3_2911,Lymphoid-T
c_1_3_2912,Lymphoid-Plasma
c_1_3_2913,Lymphoid-B
c_1_3_2914,Lymphoid-DC
c_1_3_2915,Stem
c_1_3_2916,Lymphoid-DC
c_1_3_2917,Lymphoid-T
c_1_3_2918,Myeloid
c_1_3_2919,Epithelial
c_1_3_2920,Epithelial
c_1_3_2921,Lymphoid-T
c_1_3_2922,Lymphoid-DC
c_1_3_2923,Lymphoid-DC
c_1_3_2924,Lymphoid-DC
c_1_3_2925,Lymphoid-T
c_1_3_2926,Epithelial
c_1_3_2927,Lymphoid-B
c_1_3_2928,Lymphoid-Other
c_1_3_2929,None
c_1_3_2930,None
c_1_3_2931,Lymphoid-DC
c_1_3_2932,Myeloid
c_1_3_2933,Myeloid
c_1_3_2934,Myeloid
c_1_3_2935,Endothelial
c_1_3_2936,Lymphoid-B
c_1_3_2937,Myeloid
c_1_3_2938,Lymphoid-DC
c_1_3_2939,Lymphoid-DC
c_1_3_2940,Lymphoid-T
c_1_3_2941,Lymphoid-Plasma
c_1_3_2942,Lymphoid-T
c_1_3_2943,Lymphoid-DC
c_1_3_2944,Lymphoid-DC
c_1_3_2945,Endothelial
c_1_3_2946,Lymphoid-DC
c_1_3_2947,Lymphoid-DC
c_1_3_2948,Lymphoid-B
c_1_3_2949,Lymphoid-Plasma
c_1_3_2950,Epithelial
c_1_3_2951,Lymphoid-Other
c_1_3_2952,Lymphoid-DC
c_1_3_2953,Lymphoid-DC
c_1_3_2954,Lymphoid-Other
c_1_3_2955,Lymphoid-DC
c_1_3_2956,Epithelial
c_1_3_2957,Lymphoid-DC
c_1_3_2958,Myeloid
c_1_3_2959,Myeloid
c_1_3_2960,Lymphoid-DC
c_1_3_2961,Lymphoid-B
c_1_3_2962,Myeloid
c_1_3_2963,Lymphoid-DC
c_1_3_2964,Lymphoid-DC
c_1_3_2965,Lymphoid-DC
c_1_3_2966,Myeloid
c_1_3_2967,None
c_1_3_2968,Lymphoid-DC
c_1_3_2969,Myeloid
c_1_3_2970,Lymphoid-B
c_1_3_2971,Lymphoid-DC
c_1_3_2972,Lymphoid-DC
c_1_3_2973,Lymphoid-B
c_1_3_2974,Lymphoid-DC
c_1_3_2975,Lymphoid-Plasma
c_1_3_2976,Myeloid
c_1_3_2977,Lymphoid-T
c_1_3_2978,Lymphoid-DC
c_1_3_2979,Lymphoid-B
c_1_3_2980,Myeloid
c_1_3_2981,Lymphoid-T
c_1_3_2982,Lymphoid-B
c_1_3_2983,Lymphoid-B
c_1_3_2984,Lymphoid-T
c_1_3_2985,Lymphoid-DC
c_1_3_2986,Lymphoid-T
c_1_3_2987,Lymphoid-B
c_1_3_2988,Lymphoid-DC
c_1_3_2989,Myeloid
c_1_3_2990,Lymphoid-DC
c_1_3_2991,Myeloid
c_1_3_2992,Lymphoid-B
c_1_3_2993,Lymphoid-DC
c_1_3_2994,None
c_1_3_2995,Lymphoid-DC
c_1_3_2996,Lymphoid-B
c_1_3_2997,Myeloid
c_1_3_2998,Lymphoid-Other
c_1_3_2999,Lymphoid-B
c_1_3_3000,Endothelial
c_1_3_3001,Lymphoid-T
c_1_3_3002,Lymphoid-DC
c_1_3_3003,Lymphoid-DC
c_1_3_3004,None
c_1_3_3005,None
c_1_3_3006,Endothelial
c_1_3_3007,Lymphoid-DC
c_1_3_3008,Lymphoid-T
c_1_3_3009,Lymphoid-DC
c_1_3_3010,Myeloid
c_1_3_3011,Myeloid
c_1_3_3012,Lymphoid-DC
c_1_3_3013,Lymphoid-DC
c_1_3_3014,Lymphoid-B
c_1_3_3015,Lymphoid-B
c_1_3_3016,Lymphoid-DC
c_1_3_3017,Epithelial
c_1_3_3018,Lymphoid-B
c_1_3_3019,Epithelial
c_1_3_3020,Lymphoid-T
c_1_3_3021,Lymphoid-DC
c_1_3_3022,None
c_1_3_3023,Lymphoid-B
c_1_3_3024,Lymphoid-T
c_1_3_3025,Lymphoid-T
c_1_3_3026,None
c_1_3_3027,Endothelial
c_1_3_3028,Lymphoid-T
c_1_3_3029,Lymphoid-DC
c_1_3_3030,Lymphoid-DC
c_1_3_3031,Lymphoid-DC
c_1_3_3032,None
c_1_3_3033,Lymphoid-DC
c_1_3_3034,Lymphoid-T
c_1_3_3035,Lymphoid-DC
c_1_3_3036,Lymphoid-DC
c_1_3_3037,Lymphoid-DC
c_1_3_3038,Lymphoid-DC
c_1_3_3039,Lymphoid-B
c_1_3_3040,Lymphoid-DC
c_1_3_3041,Lymphoid-DC
c_1_3_3042,Lymphoid-T
c_1_3_3043,Lymphoid-Other
c_1_3_3044,None
c_1_3_3045,Lymphoid-B
c_1_3_3046,Lymphoid-B
c_1_3_3047,Myeloid
c_1_3_3048,Lymphoid-B
c_1_3_3049,Lymphoid-Plasma
c_1_3_3050,Lymphoid-Other
c_1_3_3051,Lymphoid-DC
c_1_3_3052,Lymphoid-DC
c_1_3_3053,Myeloid
c_1_3_3054,Lymphoid-DC
c_1_3_3055,Lymphoid-B
c_1_3_3056,Lymphoid-DC
c_1_3_3057,Lymphoid-T
c_1_3_3058,Lymphoid-T
c_1_3_3059,Lymphoid-T
c_1_3_3060,None
c_1_3_3061,None
c_1_3_3062,Lymphoid-B
c_1_3_3063,Lymphoid-Other
c_1_3_3064,Lymphoid-B
c_1_3_3065,None
c_1_3_3066,Lymphoid-B
c_1_3_3067,Myeloid
c_1_3_3068,None
c_1_3_3069,Myeloid
c_1_3_3070,Lymphoid-T
c_1_3_3071,Myeloid
c_1_3_3072,Lymphoid-T
c_1_3_3073,Epithelial
c_1_3_3074,Epithelial
c_1_3_3075,Lymphoid-DC
c_1_3_3076,Lymphoid-B
c_1_3_3077,Lymphoid-DC
c_1_3_3078,Endothelial
c_1_3_3079,Lymphoid-Other
c_1_3_3080,Lymphoid-T
c_1_3_3081,Lymphoid-B
c_1_3_3082,Lymphoid-B
c_1_3_3083,Lymphoid-Other
c_1_3_3084,Lymphoid-Other
c_1_3_3085,Lymphoid-DC
c_1_3_3086,Lymphoid-T
c_1_3_3087,None
c_1_3_3088,None
c_1_3_3089,Lymphoid-B
c_1_3_3090,None
c_1_3_3091,Lymphoid-DC
c_1_3_3092,Lymphoid-T
c_1_3_3093,Lymphoid-DC
c_1_3_3094,Lymphoid-B
c_1_3_3095,Lymphoid-T
c_1_3_3096,Lymphoid-DC
c_1_3_3097,Lymphoid-T
c_1_3_3098,Lymphoid-DC
c_1_3_3099,Epithelial
c_1_3_3100,Epithelial
c_1_3_3101,Lymphoid-T
c_1_3_3102,Lymphoid-DC
c_1_3_3103,Myeloid
c_1_3_3104,Lymphoid-B
c_1_3_3105,Lymphoid-DC
c_1_3_3106,Lymphoid-DC
c_1_3_3107,Myeloid
c_1_3_3108,None
c_1_3_3109,None
c_1_3_3110,Lymphoid-T
c_1_3_3111,Lymphoid-Other
c_1_3_3112,Lymphoid-Other
c_1_3_3113,None
c_1_3_3114,Epithelial
c_1_3_3115,Lymphoid-B
c_1_3_3116,Lymphoid-T
c_1_3_3117,None
c_1_3_3118,Lymphoid-B
c_1_3_3119,Lymphoid-DC
c_1_3_3120,Epithelial
c_1_3_3121,Lymphoid-T
c_1_3_3122,Lymphoid-DC
c_1_3_3123,Epithelial
c_1_3_3124,Myeloid
c_1_3_3125,Lymphoid-DC
c_1_3_3126,Lymphoid-B
c_1_3_3127,Lymphoid-DC
c_1_3_3128,Lymphoid-DC
c_1_3_3129,Lymphoid-T
c_1_3_3130,Lymphoid-DC
c_1_3_3131,Lymphoid-DC
c_1_3_3132,None
c_1_3_3133,Lymphoid-DC
c_1_3_3134,Lymphoid-B
c_1_3_3135,Lymphoid-B
c_1_3_3136,Lymphoid-DC
c_1_3_3137,Lymphoid-DC
c_1_3_3138,None
c_1_3_3139,None
c_1_3_3140,None
c_1_3_3141,Lymphoid-B
c_1_3_3142,None
c_1_3_3143,None
c_1_3_3144,Lymphoid-B
c_1_3_3145,Lymphoid-T
c_1_3_3146,Lymphoid-B
c_1_4_1,None
c_1_4_2,None
c_1_4_3,Mesenchymal-Stromal
c_1_4_4,Lymphoid-Other
c_1_4_5,Endothelial
c_1_4_6,None
c_1_4_7,Mesenchymal-Stromal
c_1_4_8,None
c_1_4_9,None
c_1_4_10,Mesenchymal-Stromal
c_1_4_11,Mesenchymal-Stromal
c_1_4_12,None
c_1_4_13,None
c_1_4_14,None
c_1_4_15,None
c_1_4_16,None
c_1_4_17,Lymphoid-Other
c_1_4_18,None
c_1_4_19,Endothelial
c_1_4_20,Epithelial
c_1_4_21,None
c_1_4_22,Mesenchymal-Stromal
c_1_4_23,Mesenchymal-Stromal
c_1_4_24,Mesenchymal-Stromal
c_1_4_25,Mesenchymal-Stromal
c_1_4_26,Lymphoid-Other
c_1_4_27,Epithelial
c_1_4_28,Epithelial
c_1_4_29,Endothelial
c_1_4_30,Mesenchymal-Stromal
c_1_4_31,Mesenchymal-Stromal
c_1_4_32,Endothelial
c_1_4_33,None
c_1_4_34,Endothelial
c_1_4_35,Lymphoid-Other
c_1_4_36,Mesenchymal-Stromal
c_1_4_37,None
c_1_4_38,Mesenchymal-Stromal
c_1_4_39,Endothelial
c_1_4_40,None
c_1_4_41,Lymphoid-Other
c_1_4_42,Endothelial
c_1_4_43,Lymphoid-Other
c_1_4_44,None
c_1_4_45,Endothelial
c_1_4_46,None
c_1_4_47,Mesenchymal-Stromal
c_1_4_48,None
c_1_4_49,Endothelial
c_1_4_50,Mesenchymal-Stromal
c_1_4_51,None
c_1_4_52,None
c_1_4_53,Mesenchymal-Stromal
c_1_4_54,None
c_1_4_55,None
c_1_4_56,Endothelial
c_1_4_57,None
c_1_4_58,None
c_1_4_59,Lymphoid-Other
c_1_4_60,None
c_1_4_61,Lymphoid-Other
c_1_4_62,Mesenchymal-Stromal
c_1_4_63,None
c_1_4_64,Mesenchymal-Stromal
c_1_4_65,Mesenchymal-Stromal
c_1_4_66,Endothelial
c_1_4_67,None
c_1_4_68,Endothelial
c_1_4_69,Endothelial
c_1_4_70,Endothelial
c_1_4_71,Endothelial
c_1_4_72,None
c_1_4_73,None
c_1_4_74,Lymphoid-Other
c_1_4_75,None
c_1_4_76,Mesenchymal-Stromal
c_1_4_77,None
c_1_4_78,None
c_1_4_79,None
c_1_4_80,Neuronal-Glial
c_1_4_81,None
c_1_4_82,None
c_1_4_83,Lymphoid-Other
c_1_4_84,Endothelial
c_1_4_85,None
c_1_4_86,Endothelial
c_1_4_87,Mesenchymal-Stromal
c_1_4_88,None
c_1_4_89,None
c_1_4_90,None
c_1_4_91,None
c_1_4_92,Mesenchymal-Stromal
c_1_4_93,None
c_1_4_94,None
c_1_4_95,None
c_1_4_96,None
c_1_4_97,None
c_1_4_98,Mesenchymal-Stromal
c_1_4_99,None
c_1_4_100,None
c_1_4_101,None
c_1_4_102,None
c_1_4_103,None
c_1_4_104,None
c_1_4_105,None
c_1_4_106,None
c_1_4_107,None
c_1_4_108,Endothelial
c_1_4_109,None
c_1_4_110,Mesenchymal-Stromal
c_1_4_111,None
c_1_4_112,Lymphoid-Other
c_1_4_113,Lymphoid-Other
c_1_4_114,None
c_1_4_115,Mesenchymal-Stromal
c_1_4_116,Mesenchymal-Stromal
c_1_4_117,Mesenchymal-Stromal
c_1_4_118,Mesenchymal-Stromal
c_1_4_119,None
c_1_4_120,Lymphoid-Other
c_1_4_121,None
c_1_4_122,None
c_1_4_123,Endothelial
c_1_4_124,None
c_1_4_125,None
c_1_4_126,Lymphoid-Plasma
c_1_4_127,Mesenchymal-Stromal
c_1_4_128,Mesenchymal-Stromal
c_1_4_129,Endothelial
c_1_4_130,Mesenchymal-Stromal
c_1_4_131,Lymphoid-Other
c_1_4_132,Endothelial
c_1_4_133,Endothelial
c_1_4_134,Mesenchymal-Stromal
c_1_4_135,None
c_1_4_136,None
c_1_4_137,Endothelial
c_1_4_138,Lymphoid-Other
c_1_4_139,None
c_1_4_140,Neuronal-Glial
c_1_4_141,Endothelial
c_1_4_142,None
c_1_4_143,None
c_1_4_144,None
c_1_4_145,Endothelial
c_1_4_146,None
c_1_4_147,None
c_1_4_148,None
c_1_4_149,None
c_1_4_150,Endothelial
c_1_4_151,Lymphoid-Other
c_1_4_152,None
c_1_4_153,None
c_1_4_154,None
c_1_4_155,Mesenchymal-Stromal
c_1_4_156,None
c_1_4_157,None
c_1_4_158,None
c_1_4_159,Mesenchymal-Stromal
c_1_4_160,Mesenchymal-Stromal
c_1_4_161,Mesenchymal-Stromal
c_1_4_162,Lymphoid-Other
c_1_4_163,Mesenchymal-Stromal
c_1_4_164,Mesenchymal-Stromal
c_1_4_165,Mesenchymal-Stromal
c_1_4_166,Mesenchymal-Stromal
c_1_4_167,Mesenchymal-Stromal
c_1_4_168,Mesenchymal-Stromal
c_1_4_169,Mesenchymal-Stromal
c_1_4_170,Mesenchymal-Stromal
c_1_4_171,Mesenchymal-Stromal
c_1_4_172,Mesenchymal-Stromal
c_1_4_173,Mesenchymal-Stromal
c_1_4_174,Mesenchymal-Stromal
c_1_4_175,Mesenchymal-Stromal
c_1_4_176,Mesenchymal-Stromal
c_1_4_177,Endothelial
c_1_4_178,Endothelial
c_1_4_179,Mesenchymal-Stromal
c_1_4_180,Mesenchymal-Stromal
c_1_4_181,Mesenchymal-Stromal
c_1_4_182,Mesenchymal-Stromal
c_1_4_183,Mesenchymal-Stromal
c_1_4_184,Endothelial
c_1_4_185,Mesenchymal-Stromal
c_1_4_186,Mesenchymal-Stromal
c_1_4_187,Mesenchymal-Stromal
c_1_4_188,Mesenchymal-Stromal
c_1_4_189,Mesenchymal-Stromal
c_1_4_190,Lymphoid-Plasma
c_1_4_191,Mesenchymal-Stromal
c_1_4_192,Mesenchymal-Stromal
c_1_4_193,Mesenchymal-Stromal
c_1_4_194,Mesenchymal-Stromal
c_1_4_195,Mesenchymal-Stromal
c_1_4_196,Mesenchymal-Stromal
c_1_4_197,Mesenchymal-Stromal
c_1_4_198,Mesenchymal-Stromal
c_1_4_199,Mesenchymal-Stromal
c_1_4_200,Mesenchymal-Stromal
c_1_4_201,Mesenchymal-Stromal
c_1_4_202,Mesenchymal-Stromal
c_1_4_203,Mesenchymal-Stromal
c_1_4_204,Mesenchymal-Stromal
c_1_4_205,Mesenchymal-Stromal
c_1_4_206,Lymphoid-Other
c_1_4_207,Mesenchymal-Stromal
c_1_4_208,None
c_1_4_209,Mesenchymal-Stromal
c_1_4_210,Mesenchymal-Stromal
c_1_4_211,Mesenchymal-Stromal
c_1_4_212,Mesenchymal-Stromal
c_1_4_213,Mesenchymal-Stromal
c_1_4_214,Mesenchymal-Stromal
c_1_4_215,Mesenchymal-Stromal
c_1_4_216,Mesenchymal-Stromal
c_1_4_217,Mesenchymal-Stromal
c_1_4_218,Mesenchymal-Stromal
c_1_4_219,Mesenchymal-Stromal
c_1_4_220,None
c_1_4_221,None
c_1_4_222,Mesenchymal-Stromal
c_1_4_223,Mesenchymal-Stromal
c_1_4_224,Epithelial
c_1_4_225,Lymphoid-Other
c_1_4_226,Endothelial
c_1_4_227,Mesenchymal-Stromal
c_1_4_228,Mesenchymal-Stromal
c_1_4_229,Mesenchymal-Stromal
c_1_4_230,Mesenchymal-Stromal
c_1_4_231,Mesenchymal-Stromal
c_1_4_232,Mesenchymal-Stromal
c_1_4_233,Epithelial
c_1_4_234,Mesenchymal-Stromal
c_1_4_235,Mesenchymal-Stromal
c_1_4_236,Lymphoid-T
c_1_4_237,Mesenchymal-Stromal
c_1_4_238,Mesenchymal-Stromal
c_1_4_239,Mesenchymal-Stromal
c_1_4_240,Endothelial
c_1_4_241,Mesenchymal-Stromal
c_1_4_242,Endothelial
c_1_4_243,Mesenchymal-Stromal
c_1_4_244,Mesenchymal-Stromal
c_1_4_245,Mesenchymal-Stromal
c_1_4_246,Endothelial
c_1_4_247,None
c_1_4_248,Mesenchymal-Stromal
c_1_4_249,Mesenchymal-Stromal
c_1_4_250,Mesenchymal-Stromal
c_1_4_251,Mesenchymal-Stromal
c_1_4_252,Lymphoid-Other
c_1_4_253,Mesenchymal-Stromal
c_1_4_254,Mesenchymal-Stromal
c_1_4_255,None
c_1_4_256,Endothelial
c_1_4_257,Mesenchymal-Stromal
c_1_4_258,Lymphoid-T
c_1_4_259,Mesenchymal-Stromal
c_1_4_260,Mesenchymal-Stromal
c_1_4_261,Mesenchymal-Stromal
c_1_4_262,Mesenchymal-Stromal
c_1_4_263,Mesenchymal-Stromal
c_1_4_264,Mesenchymal-Stromal
c_1_4_265,Mesenchymal-Stromal
c_1_4_266,Mesenchymal-Stromal
c_1_4_267,Mesenchymal-Stromal
c_1_4_268,Myeloid
c_1_4_269,Mesenchymal-Stromal
c_1_4_270,Mesenchymal-Stromal
c_1_4_271,Mesenchymal-Stromal
c_1_4_272,Mesenchymal-Stromal
c_1_4_273,Mesenchymal-Stromal
c_1_4_274,Mesenchymal-Stromal
c_1_4_275,Endothelial
c_1_4_276,Mesenchymal-Stromal
c_1_4_277,None
c_1_4_278,Mesenchymal-Stromal
c_1_4_279,Mesenchymal-Stromal
c_1_4_280,Lymphoid-T
c_1_4_281,None
c_1_4_282,Mesenchymal-Stromal
c_1_4_283,Mesenchymal-Stromal
c_1_4_284,Mesenchymal-Stromal
c_1_4_285,Lymphoid-Plasma
c_1_4_286,Mesenchymal-Stromal
c_1_4_287,Mesenchymal-Stromal
c_1_4_288,Mesenchymal-Stromal
c_1_4_289,Mesenchymal-Stromal
c_1_4_290,Mesenchymal-Stromal
c_1_4_291,None
c_1_4_292,Lymphoid-T
c_1_4_293,None
c_1_4_294,Mesenchymal-Stromal
c_1_4_295,Mesenchymal-Stromal
c_1_4_296,None
c_1_4_297,Endothelial
c_1_4_298,Mesenchymal-Stromal
c_1_4_299,Endothelial
c_1_4_300,None
c_1_4_301,Mesenchymal-Stromal
c_1_4_302,Mesenchymal-Stromal
c_1_4_303,None
c_1_4_304,Endothelial
c_1_4_305,Mesenchymal-Stromal
c_1_4_306,Mesenchymal-Stromal
c_1_4_307,Endothelial
c_1_4_308,Mesenchymal-Stromal
c_1_4_309,Mesenchymal-Stromal
c_1_4_310,Mesenchymal-Stromal
c_1_4_311,Mesenchymal-Stromal
c_1_4_312,Mesenchymal-Stromal
c_1_4_313,Mesenchymal-Stromal
c_1_4_314,Mesenchymal-Stromal
c_1_4_315,Lymphoid-Other
c_1_4_316,Mesenchymal-Stromal
c_1_4_317,Mesenchymal-Stromal
c_1_4_318,Mesenchymal-Stromal
c_1_4_319,None
c_1_4_320,Mesenchymal-Stromal
c_1_4_321,Mesenchymal-Stromal
c_1_4_322,Mesenchymal-Stromal
c_1_4_323,Mesenchymal-Stromal
c_1_4_324,Lymphoid-T
c_1_4_325,Mesenchymal-Stromal
c_1_4_326,Endothelial
c_1_4_327,Mesenchymal-Stromal
c_1_4_328,Mesenchymal-Stromal
c_1_4_329,Endothelial
c_1_4_330,Mesenchymal-Stromal
c_1_4_331,Mesenchymal-Stromal
c_1_4_332,Mesenchymal-Stromal
c_1_4_333,Endothelial
c_1_4_334,Endothelial
c_1_4_335,Mesenchymal-Stromal
c_1_4_336,Mesenchymal-Stromal
c_1_4_337,Lymphoid-Other
c_1_4_338,Mesenchymal-Stromal
c_1_4_339,Mesenchymal-Stromal
c_1_4_340,Mesenchymal-Stromal
c_1_4_341,Endothelial
c_1_4_342,Lymphoid-T
c_1_4_343,Mesenchymal-Stromal
c_1_4_344,Mesenchymal-Stromal
c_1_4_345,Lymphoid-Other
c_1_4_346,Endothelial
c_1_4_347,Lymphoid-Other
c_1_4_348,Lymphoid-T
c_1_4_349,Mesenchymal-Stromal
c_1_4_350,Mesenchymal-Stromal
c_1_4_351,None
c_1_4_352,Mesenchymal-Stromal
c_1_4_353,Lymphoid-T
c_1_4_354,Lymphoid-Other
c_1_4_355,Endothelial
c_1_4_356,Mesenchymal-Stromal
c_1_4_357,Mesenchymal-Stromal
c_1_4_358,None
c_1_4_359,Mesenchymal-Stromal
c_1_4_360,Mesenchymal-Stromal
c_1_4_361,Lymphoid-Other
c_1_4_362,Mesenchymal-Stromal
c_1_4_363,Mesenchymal-Stromal
c_1_4_364,Lymphoid-T
c_1_4_365,Lymphoid-Plasma
c_1_4_366,Mesenchymal-Stromal
c_1_4_367,Mesenchymal-Stromal
c_1_4_368,None
c_1_4_369,None
c_1_4_370,Mesenchymal-Stromal
c_1_4_371,Endothelial
c_1_4_372,Mesenchymal-Stromal
c_1_4_373,Mesenchymal-Stromal
c_1_4_374,Mesenchymal-Stromal
c_1_4_375,Endothelial
c_1_4_376,Lymphoid-T
c_1_4_377,Mesenchymal-Stromal
c_1_4_378,Mesenchymal-Stromal
c_1_4_379,Mesenchymal-Stromal
c_1_4_380,Mesenchymal-Stromal
c_1_4_381,Mesenchymal-Stromal
c_1_4_382,Mesenchymal-Stromal
c_1_4_383,Lymphoid-T
c_1_4_384,None
c_1_4_385,None
c_1_4_386,Lymphoid-Other
c_1_4_387,Mesenchymal-Stromal
c_1_4_388,Lymphoid-Other
c_1_4_389,Mesenchymal-Stromal
c_1_4_390,Mesenchymal-Stromal
c_1_4_391,Mesenchymal-Stromal
c_1_4_392,Mesenchymal-Stromal
c_1_4_393,Mesenchymal-Stromal
c_1_4_394,Mesenchymal-Stromal
c_1_4_395,Mesenchymal-Stromal
c_1_4_396,Mesenchymal-Stromal
c_1_4_397,None
c_1_4_398,Mesenchymal-Stromal
c_1_4_399,Mesenchymal-Stromal
c_1_4_400,None
c_1_4_401,Mesenchymal-Stromal
c_1_4_402,Mesenchymal-Stromal
c_1_4_403,Lymphoid-Plasma
c_1_4_404,Mesenchymal-Stromal
c_1_4_405,Mesenchymal-Stromal
c_1_4_406,Endothelial
c_1_4_407,Mesenchymal-Stromal
c_1_4_408,None
c_1_4_409,Mesenchymal-Stromal
c_1_4_410,Mesenchymal-Stromal
c_1_4_411,Mesenchymal-Stromal
c_1_4_412,Mesenchymal-Stromal
c_1_4_413,Mesenchymal-Stromal
c_1_4_414,Mesenchymal-Stromal
c_1_4_415,Mesenchymal-Stromal
c_1_4_416,Mesenchymal-Stromal
c_1_4_417,Mesenchymal-Stromal
c_1_4_418,Mesenchymal-Stromal
c_1_4_419,Mesenchymal-Stromal
c_1_4_420,Mesenchymal-Stromal
c_1_4_421,Mesenchymal-Stromal
c_1_4_422,Mesenchymal-Stromal
c_1_4_423,Lymphoid-Plasma
c_1_4_424,Mesenchymal-Stromal
c_1_4_425,Mesenchymal-Stromal
c_1_4_426,Epithelial
c_1_4_427,Mesenchymal-Stromal
c_1_4_428,Mesenchymal-Stromal
c_1_4_429,Endothelial
c_1_4_430,Mesenchymal-Stromal
c_1_4_431,Mesenchymal-Stromal
c_1_4_432,Mesenchymal-Stromal
c_1_4_433,Mesenchymal-Stromal
c_1_4_434,Mesenchymal-Stromal
c_1_4_435,Mesenchymal-Stromal
c_1_4_436,Mesenchymal-Stromal
c_1_4_437,Mesenchymal-Stromal
c_1_4_438,None
c_1_4_439,Lymphoid-Other
c_1_4_440,Mesenchymal-Stromal
c_1_4_441,Epithelial
c_1_4_442,Mesenchymal-Stromal
c_1_4_443,Lymphoid-Plasma
c_1_4_444,Mesenchymal-Stromal
c_1_4_445,Endothelial
c_1_4_446,Mesenchymal-Stromal
c_1_4_447,None
c_1_4_448,Mesenchymal-Stromal
c_1_4_449,Mesenchymal-Stromal
c_1_4_450,Mesenchymal-Stromal
c_1_4_451,Lymphoid-B
c_1_4_452,Lymphoid-Other
c_1_4_453,Endothelial
c_1_4_454,Mesenchymal-Stromal
c_1_4_455,Mesenchymal-Stromal
c_1_4_456,Mesenchymal-Stromal
c_1_4_457,Mesenchymal-Stromal
c_1_4_458,Mesenchymal-Stromal
c_1_4_459,Endothelial
c_1_4_460,Lymphoid-Plasma
c_1_4_461,Mesenchymal-Stromal
c_1_4_462,Mesenchymal-Stromal
c_1_4_463,Lymphoid-Plasma
c_1_4_464,Mesenchymal-Stromal
c_1_4_465,Mesenchymal-Stromal
c_1_4_466,Endothelial
c_1_4_467,Epithelial
c_1_4_468,Endothelial
c_1_4_469,Mesenchymal-Stromal
c_1_4_470,Lymphoid-Plasma
c_1_4_471,Mesenchymal-Stromal
c_1_4_472,Mesenchymal-Stromal
c_1_4_473,Myeloid
c_1_4_474,Lymphoid-Plasma
c_1_4_475,Mesenchymal-Stromal
c_1_4_476,Mesenchymal-Stromal
c_1_4_477,Mesenchymal-Stromal
c_1_4_478,Mesenchymal-Stromal
c_1_4_479,Mesenchymal-Stromal
c_1_4_480,Mesenchymal-Stromal
c_1_4_481,Mesenchymal-Stromal
c_1_4_482,None
c_1_4_483,Mesenchymal-Stromal
c_1_4_484,Mesenchymal-Stromal
c_1_4_485,Mesenchymal-Stromal
c_1_4_486,Mesenchymal-Stromal
c_1_4_487,None
c_1_4_488,Mesenchymal-Stromal
c_1_4_489,Mesenchymal-Stromal
c_1_4_490,Lymphoid-Other
c_1_4_491,Mesenchymal-Stromal
c_1_4_492,Mesenchymal-Stromal
c_1_4_493,Lymphoid-T
c_1_4_494,Lymphoid-Other
c_1_4_495,None
c_1_4_496,Mesenchymal-Stromal
c_1_4_497,Mesenchymal-Stromal
c_1_4_498,Lymphoid-Other
c_1_4_499,Mesenchymal-Stromal
c_1_4_500,Mesenchymal-Stromal
c_1_4_501,Endothelial
c_1_4_502,Mesenchymal-Stromal
c_1_4_503,Mesenchymal-Stromal
c_1_4_504,Lymphoid-Plasma
c_1_4_505,Lymphoid-T
c_1_4_506,Mesenchymal-Stromal
c_1_4_507,Mesenchymal-Stromal
c_1_4_508,Mesenchymal-Stromal
c_1_4_509,Mesenchymal-Stromal
c_1_4_510,Mesenchymal-Stromal
c_1_4_511,Mesenchymal-Stromal
c_1_4_512,Lymphoid-Other
c_1_4_513,Mesenchymal-Stromal
c_1_4_514,Mesenchymal-Stromal
c_1_4_515,None
c_1_4_516,Mesenchymal-Stromal
c_1_4_517,Mesenchymal-Stromal
c_1_4_518,Mesenchymal-Stromal
c_1_4_519,Mesenchymal-Stromal
c_1_4_520,Mesenchymal-Stromal
c_1_4_521,Mesenchymal-Stromal
c_1_4_522,Mesenchymal-Stromal
c_1_4_523,Mesenchymal-Stromal
c_1_4_524,Lymphoid-T
c_1_4_525,Mesenchymal-Stromal
c_1_4_526,Mesenchymal-Stromal
c_1_4_527,Mesenchymal-Stromal
c_1_4_528,Mesenchymal-Stromal
c_1_4_529,Lymphoid-Plasma
c_1_4_530,Lymphoid-Plasma
c_1_4_531,Endothelial
c_1_4_532,Lymphoid-Other
c_1_4_533,Mesenchymal-Stromal
c_1_4_534,Mesenchymal-Stromal
c_1_4_535,Mesenchymal-Stromal
c_1_4_536,Mesenchymal-Stromal
c_1_4_537,Mesenchymal-Stromal
c_1_4_538,Lymphoid-Other
c_1_4_539,Mesenchymal-Stromal
c_1_4_540,Mesenchymal-Stromal
c_1_4_541,Lymphoid-Plasma
c_1_4_542,Lymphoid-Other
c_1_4_543,Mesenchymal-Stromal
c_1_4_544,Mesenchymal-Stromal
c_1_4_545,Mesenchymal-Stromal
c_1_4_546,Mesenchymal-Stromal
c_1_4_547,Mesenchymal-Stromal
c_1_4_548,Mesenchymal-Stromal
c_1_4_549,Mesenchymal-Stromal
c_1_4_550,Mesenchymal-Stromal
c_1_4_551,Lymphoid-Other
c_1_4_552,Myeloid
c_1_4_553,Mesenchymal-Stromal
c_1_4_554,Mesenchymal-Stromal
c_1_4_555,Lymphoid-Plasma
c_1_4_556,Mesenchymal-Stromal
c_1_4_557,Mesenchymal-Stromal
c_1_4_558,Mesenchymal-Stromal
c_1_4_559,Mesenchymal-Stromal
c_1_4_560,Mesenchymal-Stromal
c_1_4_561,Lymphoid-Plasma
c_1_4_562,Mesenchymal-Stromal
c_1_4_563,Mesenchymal-Stromal
c_1_4_564,Mesenchymal-Stromal
c_1_4_565,Lymphoid-Plasma
c_1_4_566,None
c_1_4_567,Mesenchymal-Stromal
c_1_4_568,Mesenchymal-Stromal
c_1_4_569,Mesenchymal-Stromal
c_1_4_570,Lymphoid-Other
c_1_4_571,Mesenchymal-Stromal
c_1_4_572,Mesenchymal-Stromal
c_1_4_573,Mesenchymal-Stromal
c_1_4_574,Mesenchymal-Stromal
c_1_4_575,Mesenchymal-Stromal
c_1_4_576,Mesenchymal-Stromal
c_1_4_577,Endothelial
c_1_4_578,Mesenchymal-Stromal
c_1_4_579,Lymphoid-B
c_1_4_580,Mesenchymal-Stromal
c_1_4_581,Mesenchymal-Stromal
c_1_4_582,None
c_1_4_583,Mesenchymal-Stromal
c_1_4_584,None
c_1_4_585,Mesenchymal-Stromal
c_1_4_586,Mesenchymal-Stromal
c_1_4_587,Lymphoid-Plasma
c_1_4_588,None
c_1_4_589,None
c_1_4_590,Lymphoid-T
c_1_4_591,Myeloid
c_1_4_592,None
c_1_4_593,Mesenchymal-Stromal
c_1_4_594,Mesenchymal-Stromal
c_1_4_595,Mesenchymal-Stromal
c_1_4_596,None
c_1_4_597,None
c_1_4_598,Mesenchymal-Stromal
c_1_4_599,Endothelial
c_1_4_600,Mesenchymal-Stromal
c_1_4_601,Lymphoid-Plasma
c_1_4_602,Mesenchymal-Stromal
c_1_4_603,Lymphoid-Plasma
c_1_4_604,Mesenchymal-Stromal
c_1_4_605,Lymphoid-Other
c_1_4_606,None
c_1_4_607,Endothelial
c_1_4_608,Mesenchymal-Stromal
c_1_4_609,Mesenchymal-Stromal
c_1_4_610,None
c_1_4_611,Endothelial
c_1_4_612,Endothelial
c_1_4_613,Mesenchymal-Stromal
c_1_4_614,Mesenchymal-Stromal
c_1_4_615,Mesenchymal-Stromal
c_1_4_616,Mesenchymal-Stromal
c_1_4_617,Mesenchymal-Stromal
c_1_4_618,Mesenchymal-Stromal
c_1_4_619,Endothelial
c_1_4_620,Mesenchymal-Stromal
c_1_4_621,Lymphoid-Plasma
c_1_4_622,Mesenchymal-Stromal
c_1_4_623,Mesenchymal-Stromal
c_1_4_624,Mesenchymal-Stromal
c_1_4_625,None
c_1_4_626,Mesenchymal-Stromal
c_1_4_627,Mesenchymal-Stromal
c_1_4_628,Lymphoid-T
c_1_4_629,Mesenchymal-Stromal
c_1_4_630,Mesenchymal-Stromal
c_1_4_631,Mesenchymal-Stromal
c_1_4_632,Endothelial
c_1_4_633,Mesenchymal-Stromal
c_1_4_634,Mesenchymal-Stromal
c_1_4_635,Mesenchymal-Stromal
c_1_4_636,None
c_1_4_637,Mesenchymal-Stromal
c_1_4_638,Mesenchymal-Stromal
c_1_4_639,Lymphoid-B
c_1_4_640,Mesenchymal-Stromal
c_1_4_641,Mesenchymal-Stromal
c_1_4_642,Mesenchymal-Stromal
c_1_4_643,Lymphoid-Other
c_1_4_644,Mesenchymal-Stromal
c_1_4_645,None
c_1_4_646,Mesenchymal-Stromal
c_1_4_647,Mesenchymal-Stromal
c_1_4_648,Lymphoid-Other
c_1_4_649,Lymphoid-B
c_1_4_650,Mesenchymal-Stromal
c_1_4_651,Epithelial
c_1_4_652,Mesenchymal-Stromal
c_1_4_653,Lymphoid-T
c_1_4_654,Lymphoid-Plasma
c_1_4_655,Lymphoid-Other
c_1_4_656,Mesenchymal-Stromal
c_1_4_657,Lymphoid-Plasma
c_1_4_658,Mesenchymal-Stromal
c_1_4_659,Mesenchymal-Stromal
c_1_4_660,None
c_1_4_661,Lymphoid-B
c_1_4_662,Epithelial
c_1_4_663,Mesenchymal-Stromal
c_1_4_664,Mesenchymal-Stromal
c_1_4_665,Mesenchymal-Stromal
c_1_4_666,None
c_1_4_667,Mesenchymal-Stromal
c_1_4_668,Mesenchymal-Stromal
c_1_4_669,Lymphoid-Plasma
c_1_4_670,Mesenchymal-Stromal
c_1_4_671,Mesenchymal-Stromal
c_1_4_672,Mesenchymal-Stromal
c_1_4_673,Mesenchymal-Stromal
c_1_4_674,Myeloid
c_1_4_675,Lymphoid-Plasma
c_1_4_676,Endothelial
c_1_4_677,Mesenchymal-Stromal
c_1_4_678,Lymphoid-Plasma
c_1_4_679,Mesenchymal-Stromal
c_1_4_680,Mesenchymal-Stromal
c_1_4_681,Mesenchymal-Stromal
c_1_4_682,Mesenchymal-Stromal
c_1_4_683,None
c_1_4_684,Mesenchymal-Stromal
c_1_4_685,Mesenchymal-Stromal
c_1_4_686,None
c_1_4_687,Mesenchymal-Stromal
c_1_4_688,Lymphoid-T
c_1_4_689,Mesenchymal-Stromal
c_1_4_690,Mesenchymal-Stromal
c_1_4_691,Mesenchymal-Stromal
c_1_4_692,Mesenchymal-Stromal
c_1_4_693,Mesenchymal-Stromal
c_1_4_694,Lymphoid-T
c_1_4_695,None
c_1_4_696,Mesenchymal-Stromal
c_1_4_697,Mesenchymal-Stromal
c_1_4_698,Mesenchymal-Stromal
c_1_4_699,Endothelial
c_1_4_700,Lymphoid-Other
c_1_4_701,Lymphoid-Plasma
c_1_4_702,Mesenchymal-Stromal
c_1_4_703,Mesenchymal-Stromal
c_1_4_704,Mesenchymal-Stromal
c_1_4_705,Lymphoid-Plasma
c_1_4_706,None
c_1_4_707,Mesenchymal-Stromal
c_1_4_708,Lymphoid-Plasma
c_1_4_709,Mesenchymal-Stromal
c_1_4_710,Mesenchymal-Stromal
c_1_4_711,Mesenchymal-Stromal
c_1_4_712,None
c_1_4_713,Mesenchymal-Stromal
c_1_4_714,Mesenchymal-Stromal
c_1_4_715,Mesenchymal-Stromal
c_1_4_716,Mesenchymal-Stromal
c_1_4_717,Mesenchymal-Stromal
c_1_4_718,Lymphoid-Plasma
c_1_4_719,Mesenchymal-Stromal
c_1_4_720,Lymphoid-Plasma
c_1_4_721,Mesenchymal-Stromal
c_1_4_722,Lymphoid-Other
c_1_4_723,Mesenchymal-Stromal
c_1_4_724,Mesenchymal-Stromal
c_1_4_725,Mesenchymal-Stromal
c_1_4_726,Mesenchymal-Stromal
c_1_4_727,Mesenchymal-Stromal
c_1_4_728,Mesenchymal-Stromal
c_1_4_729,Lymphoid-T
c_1_4_730,Epithelial
c_1_4_731,Mesenchymal-Stromal
c_1_4_732,Mesenchymal-Stromal
c_1_4_733,Mesenchymal-Stromal
c_1_4_734,None
c_1_4_735,Mesenchymal-Stromal
c_1_4_736,Lymphoid-Plasma
c_1_4_737,Endothelial
c_1_4_738,Mesenchymal-Stromal
c_1_4_739,Mesenchymal-Stromal
c_1_4_740,None
c_1_4_741,Endothelial
c_1_4_742,Mesenchymal-Stromal
c_1_4_743,Mesenchymal-Stromal
c_1_4_744,Mesenchymal-Stromal
c_1_4_745,Lymphoid-Other
c_1_4_746,Lymphoid-Other
c_1_4_747,None
c_1_4_748,Mesenchymal-Stromal
c_1_4_749,Mesenchymal-Stromal
c_1_4_750,Mesenchymal-Stromal
c_1_4_751,Mesenchymal-Stromal
c_1_4_752,Mesenchymal-Stromal
c_1_4_753,Mesenchymal-Stromal
c_1_4_754,Mesenchymal-Stromal
c_1_4_755,Mesenchymal-Stromal
c_1_4_756,Mesenchymal-Stromal
c_1_4_757,Myeloid
c_1_4_758,Mesenchymal-Stromal
c_1_4_759,Endothelial
c_1_4_760,Mesenchymal-Stromal
c_1_4_761,Lymphoid-T
c_1_4_762,Mesenchymal-Stromal
c_1_4_763,Mesenchymal-Stromal
c_1_4_764,Mesenchymal-Stromal
c_1_4_765,Mesenchymal-Stromal
c_1_4_766,Mesenchymal-Stromal
c_1_4_767,Mesenchymal-Stromal
c_1_4_768,Mesenchymal-Stromal
c_1_4_769,Endothelial
c_1_4_770,Lymphoid-Other
c_1_4_771,Mesenchymal-Stromal
c_1_4_772,Mesenchymal-Stromal
c_1_4_773,Mesenchymal-Stromal
c_1_4_774,Mesenchymal-Stromal
c_1_4_775,Mesenchymal-Stromal
c_1_4_776,Mesenchymal-Stromal
c_1_4_777,Mesenchymal-Stromal
c_1_4_778,None
c_1_4_779,None
c_1_4_780,Mesenchymal-Stromal
c_1_4_781,Mesenchymal-Stromal
c_1_4_782,Mesenchymal-Stromal
c_1_4_783,None
c_1_4_784,None
c_1_4_785,Mesenchymal-Stromal
c_1_4_786,Lymphoid-Other
c_1_4_787,Myeloid
c_1_4_788,Lymphoid-Plasma
c_1_4_789,Mesenchymal-Stromal
c_1_4_790,Mesenchymal-Stromal
c_1_4_791,Mesenchymal-Stromal
c_1_4_792,Mesenchymal-Stromal
c_1_4_793,Mesenchymal-Stromal
c_1_4_794,Endothelial
c_1_4_795,Mesenchymal-Stromal
c_1_4_796,Mesenchymal-Stromal
c_1_4_797,Mesenchymal-Stromal
c_1_4_798,Mesenchymal-Stromal
c_1_4_799,None
c_1_4_800,Mesenchymal-Stromal
c_1_4_801,Mesenchymal-Stromal
c_1_4_802,Mesenchymal-Stromal
c_1_4_803,Mesenchymal-Stromal
c_1_4_804,Mesenchymal-Stromal
c_1_4_805,Lymphoid-Plasma
c_1_4_806,Lymphoid-Other
c_1_4_807,Lymphoid-T
c_1_4_808,Lymphoid-Plasma
c_1_4_809,Mesenchymal-Stromal
c_1_4_810,Mesenchymal-Stromal
c_1_4_811,Mesenchymal-Stromal
c_1_4_812,None
c_1_4_813,Mesenchymal-Stromal
c_1_4_814,Endothelial
c_1_5_1,Lymphoid-Plasma
c_1_5_2,Lymphoid-Plasma
c_1_5_3,Mesenchymal-Stromal
c_1_5_4,Endothelial
c_1_5_5,None
c_1_5_6,Lymphoid-Other
c_1_5_7,Lymphoid-Plasma
c_1_5_8,Mesenchymal-Stromal
c_1_5_9,Lymphoid-Plasma
c_1_5_10,Neuronal-Glial
c_1_5_11,Lymphoid-Plasma
c_1_5_12,Lymphoid-Plasma
c_1_5_13,Mesenchymal-Stromal
c_1_5_14,Lymphoid-Plasma
c_1_5_15,Endothelial
c_1_5_16,Lymphoid-Plasma
c_1_5_17,Lymphoid-Plasma
c_1_5_18,Mesenchymal-Stromal
c_1_5_19,Lymphoid-B
c_1_5_20,Lymphoid-T
c_1_5_21,Endothelial
c_1_5_22,Lymphoid-Other
c_1_5_23,Lymphoid-Plasma
c_1_5_24,Lymphoid-B
c_1_5_25,Mesenchymal-Stromal
c_1_5_26,Mesenchymal-Stromal
c_1_5_27,Lymphoid-Plasma
c_1_5_28,Myeloid
c_1_5_29,Lymphoid-Other
c_1_5_30,Lymphoid-Other
c_1_5_31,Endothelial
c_1_5_32,Lymphoid-Other
c_1_5_33,Mesenchymal-Stromal
c_1_5_34,Endothelial
c_1_5_35,Mesenchymal-Stromal
c_1_5_36,Myeloid
c_1_5_37,Neuronal-Glial
c_1_5_38,Lymphoid-T
c_1_5_39,Mesenchymal-Stromal
c_1_5_40,Lymphoid-Other
c_1_5_41,Mesenchymal-Stromal
c_1_5_42,Mesenchymal-Stromal
c_1_5_43,Lymphoid-Plasma
c_1_5_44,Endothelial
c_1_5_45,Myeloid
c_1_5_46,Endothelial
c_1_5_47,Neuronal-Glial
c_1_5_48,Mesenchymal-Stromal
c_1_5_49,Mesenchymal-Stromal
c_1_5_50,Lymphoid-Plasma
c_1_5_51,Mesenchymal-Stromal
c_1_5_52,Mesenchymal-Stromal
c_1_5_53,Mesenchymal-Stromal
c_1_5_54,Mesenchymal-Stromal
c_1_5_55,Mesenchymal-Stromal
c_1_5_56,Lymphoid-Other
c_1_5_57,Endothelial
c_1_5_58,Mesenchymal-Stromal
c_1_5_59,Endothelial
c_1_5_60,Lymphoid-Other
c_1_5_61,Lymphoid-Other
c_1_5_62,Mesenchymal-Stromal
c_1_5_63,Mesenchymal-Stromal
c_1_5_64,Mesenchymal-Stromal
c_1_5_65,Endothelial
c_1_5_66,Lymphoid-Other
c_1_5_67,Mesenchymal-Stromal
c_1_5_68,Endothelial
c_1_5_69,Lymphoid-Other
c_1_5_70,Lymphoid-Plasma
c_1_5_71,Endothelial
c_1_5_72,Lymphoid-Plasma
c_1_5_73,Neuronal-Glial
c_1_5_74,Lymphoid-Other
c_1_5_75,Lymphoid-Plasma
c_1_5_76,Mesenchymal-Stromal
c_1_5_77,Endothelial
c_1_5_78,Endothelial
c_1_5_79,Endothelial
c_1_5_80,Lymphoid-Other
c_1_5_81,Lymphoid-Other
c_1_5_82,Lymphoid-Other
c_1_5_83,Mesenchymal-Stromal
c_1_5_84,Lymphoid-Other
c_1_5_85,Endothelial
c_1_5_86,Endothelial
c_1_5_87,None
c_1_5_88,Lymphoid-Plasma
c_1_5_89,Mesenchymal-Stromal
c_1_5_90,Endothelial
c_1_5_91,None
c_1_5_92,Mesenchymal-Stromal
c_1_5_93,Endothelial
c_1_5_94,Mesenchymal-Stromal
c_1_5_95,Endothelial
c_1_5_96,Lymphoid-Plasma
c_1_5_97,Lymphoid-Other
c_1_5_98,Endothelial
c_1_5_99,Mesenchymal-Stromal
c_1_5_100,Endothelial
c_1_5_101,Mesenchymal-Stromal
c_1_5_102,Mesenchymal-Stromal
c_1_5_103,Endothelial
c_1_5_104,Mesenchymal-Stromal
c_1_5_105,Endothelial
c_1_5_106,Mesenchymal-Stromal
c_1_5_107,Endothelial
c_1_5_108,Endothelial
c_1_5_109,Endothelial
c_1_5_110,Myeloid
c_1_5_111,Mesenchymal-Stromal
c_1_5_112,Mesenchymal-Stromal
c_1_5_113,Mesenchymal-Stromal
c_1_5_114,Lymphoid-Other
c_1_5_115,Mesenchymal-Stromal
c_1_5_116,Mesenchymal-Stromal
c_1_5_117,Mesenchymal-Stromal
c_1_5_118,Mesenchymal-Stromal
c_1_5_119,Mesenchymal-Stromal
c_1_5_120,Endothelial
c_1_5_121,Lymphoid-T
c_1_5_122,Lymphoid-Other
c_1_5_123,Endothelial
c_1_5_124,Mesenchymal-Stromal
c_1_5_125,Endothelial
c_1_5_126,Endothelial
c_1_5_127,Mesenchymal-Stromal
c_1_5_128,Mesenchymal-Stromal
c_1_5_129,Mesenchymal-Stromal
c_1_5_130,Mesenchymal-Stromal
c_1_5_131,Lymphoid-Plasma
c_1_5_132,Lymphoid-Plasma
c_1_5_133,Mesenchymal-Stromal
c_1_5_134,Mesenchymal-Stromal
c_1_5_135,Lymphoid-Other
c_1_5_136,Mesenchymal-Stromal
c_1_5_137,Mesenchymal-Stromal
c_1_5_138,Lymphoid-Plasma
c_1_5_139,Mesenchymal-Stromal
c_1_5_140,Mesenchymal-Stromal
c_1_5_141,Lymphoid-Plasma
c_1_5_142,Lymphoid-Other
c_1_5_143,Mesenchymal-Stromal
c_1_5_144,Mesenchymal-Stromal
c_1_5_145,Mesenchymal-Stromal
c_1_5_146,Mesenchymal-Stromal
c_1_5_147,Mesenchymal-Stromal
c_1_5_148,Mesenchymal-Stromal
c_1_5_149,Lymphoid-Other
c_1_5_150,Lymphoid-B
c_1_5_151,Mesenchymal-Stromal
c_1_5_152,Mesenchymal-Stromal
c_1_5_153,Endothelial
c_1_5_154,Lymphoid-Other
c_1_5_155,None
c_1_5_156,Endothelial
c_1_5_157,Endothelial
c_1_5_158,None
c_1_5_159,Lymphoid-Plasma
c_1_5_160,Endothelial
c_1_5_161,Mesenchymal-Stromal
c_1_5_162,Lymphoid-Other
c_1_5_163,Epithelial
c_1_5_164,Mesenchymal-Stromal
c_1_5_165,Mesenchymal-Stromal
c_1_5_166,None
c_1_5_167,Lymphoid-Other
c_1_5_168,Lymphoid-Plasma
c_1_5_169,Lymphoid-Plasma
c_1_5_170,Mesenchymal-Stromal
c_1_5_171,Mesenchymal-Stromal
c_1_5_172,Lymphoid-Plasma
c_1_5_173,Lymphoid-T
c_1_5_174,Mesenchymal-Stromal
c_1_5_175,Mesenchymal-Stromal
c_1_5_176,Mesenchymal-Stromal
c_1_5_177,Mesenchymal-Stromal
c_1_5_178,None
c_1_5_179,Mesenchymal-Stromal
c_1_5_180,Mesenchymal-Stromal
c_1_5_181,Lymphoid-Other
c_1_5_182,Lymphoid-Other
c_1_5_183,Endothelial
c_1_5_184,Endothelial
c_1_5_185,Endothelial
c_1_5_186,Lymphoid-B
c_1_5_187,None
c_1_5_188,Mesenchymal-Stromal
c_1_5_189,Lymphoid-Plasma
c_1_5_190,Lymphoid-B
c_1_5_191,Mesenchymal-Stromal
c_1_5_192,Lymphoid-Plasma
c_1_5_193,Mesenchymal-Stromal
c_1_5_194,Mesenchymal-Stromal
c_1_5_195,Mesenchymal-Stromal
c_1_5_196,Myeloid
c_1_5_197,Mesenchymal-Stromal
c_1_5_198,Mesenchymal-Stromal
c_1_5_199,Mesenchymal-Stromal
c_1_5_200,None
c_1_5_201,None
c_1_5_202,Mesenchymal-Stromal
c_1_5_203,Mesenchymal-Stromal
c_1_5_204,Mesenchymal-Stromal
c_1_5_205,Lymphoid-Plasma
c_1_5_206,Lymphoid-Other
c_1_5_207,Mesenchymal-Stromal
c_1_5_208,Endothelial
c_1_5_209,Mesenchymal-Stromal
c_1_5_210,Lymphoid-Plasma
c_1_5_211,Mesenchymal-Stromal
c_1_5_212,Mesenchymal-Stromal
c_1_5_213,Lymphoid-Plasma
c_1_5_214,Endothelial
c_1_5_215,Lymphoid-Other
c_1_5_216,Endothelial
c_1_5_217,Mesenchymal-Stromal
c_1_5_218,Lymphoid-Other
c_1_5_219,Myeloid
c_1_5_220,Mesenchymal-Stromal
c_1_5_221,Lymphoid-Plasma
c_1_5_222,Endothelial
c_1_5_223,None
c_1_5_224,Lymphoid-Other
c_1_5_225,Endothelial
c_1_5_226,Lymphoid-T
c_1_5_227,Mesenchymal-Stromal
c_1_5_228,Lymphoid-DC
c_1_5_229,Mesenchymal-Stromal
c_1_5_230,Mesenchymal-Stromal
c_1_5_231,Endothelial
c_1_5_232,Mesenchymal-Stromal
c_1_5_233,Mesenchymal-Stromal
c_1_5_234,Mesenchymal-Stromal
c_1_5_235,Myeloid
c_1_5_236,Lymphoid-T
c_1_5_237,Lymphoid-Other
c_1_5_238,Mesenchymal-Stromal
c_1_5_239,Lymphoid-T
c_1_5_240,Mesenchymal-Stromal
c_1_5_241,Lymphoid-Plasma
c_1_5_242,Mesenchymal-Stromal
c_1_5_243,Neuronal-Glial
c_1_5_244,Lymphoid-T
c_1_5_245,Lymphoid-T
c_1_5_246,Mesenchymal-Stromal
c_1_5_247,Mesenchymal-Stromal
c_1_5_248,Mesenchymal-Stromal
c_1_5_249,Lymphoid-Plasma
c_1_5_250,Lymphoid-Plasma
c_1_5_251,Endothelial
c_1_5_252,Lymphoid-Other
c_1_5_253,Mesenchymal-Stromal
c_1_5_254,Lymphoid-Other
c_1_5_255,Lymphoid-Plasma
c_1_5_256,Lymphoid-Other
c_1_5_257,Lymphoid-Plasma
c_1_5_258,Lymphoid-Plasma
c_1_5_259,None
c_1_5_260,Mesenchymal-Stromal
c_1_5_261,Lymphoid-Other
c_1_5_262,Mesenchymal-Stromal
c_1_5_263,Mesenchymal-Stromal
c_1_5_264,Endothelial
c_1_5_265,Lymphoid-Plasma
c_1_5_266,Lymphoid-B
c_1_5_267,Lymphoid-Plasma
c_1_5_268,Lymphoid-Other
c_1_5_269,Lymphoid-T
c_1_5_270,Endothelial
c_1_5_271,Lymphoid-Other
c_1_5_272,Lymphoid-T
c_1_5_273,Mesenchymal-Stromal
c_1_5_274,Lymphoid-Plasma
c_1_5_275,Mesenchymal-Stromal
c_1_5_276,Lymphoid-Other
c_1_5_277,Lymphoid-Other
c_1_5_278,Lymphoid-Plasma
c_1_5_279,Lymphoid-Plasma
c_1_5_280,Lymphoid-T
c_1_5_281,Mesenchymal-Stromal
c_1_5_282,Endothelial
c_1_5_283,Lymphoid-Other
c_1_5_284,Mesenchymal-Stromal
c_1_5_285,Lymphoid-Other
c_1_5_286,Lymphoid-Plasma
c_1_5_287,Lymphoid-B
c_1_5_288,Mesenchymal-Stromal
c_1_5_289,Mesenchymal-Stromal
c_1_5_290,Lymphoid-Other
c_1_5_291,Endothelial
c_1_5_292,Lymphoid-T
c_1_5_293,Mesenchymal-Stromal
c_1_5_294,Lymphoid-Plasma
c_1_5_295,Mesenchymal-Stromal
c_1_5_296,Mesenchymal-Stromal
c_1_5_297,Mesenchymal-Stromal
c_1_5_298,Mesenchymal-Stromal
c_1_5_299,Lymphoid-Other
c_1_5_300,Mesenchymal-Stromal
c_1_5_301,Mesenchymal-Stromal
c_1_5_302,Lymphoid-Other
c_1_5_303,Lymphoid-Plasma
c_1_5_304,Lymphoid-Other
c_1_5_305,Lymphoid-T
c_1_5_306,Lymphoid-Plasma
c_1_5_307,Mesenchymal-Stromal
c_1_5_308,Lymphoid-T
c_1_5_309,Lymphoid-T
c_1_5_310,Mesenchymal-Stromal
c_1_5_311,Mesenchymal-Stromal
c_1_5_312,Lymphoid-Plasma
c_1_5_313,Lymphoid-T
c_1_5_314,Lymphoid-T
c_1_5_315,Mesenchymal-Stromal
c_1_5_316,Mesenchymal-Stromal
c_1_5_317,Lymphoid-Other
c_1_5_318,Mesenchymal-Stromal
c_1_5_319,Mesenchymal-Stromal
c_1_5_320,Lymphoid-Plasma
c_1_5_321,Endothelial
c_1_5_322,Lymphoid-T
c_1_5_323,Mesenchymal-Stromal
c_1_5_324,Lymphoid-T
c_1_5_325,Mesenchymal-Stromal
c_1_5_326,Lymphoid-B
c_1_5_327,Mesenchymal-Stromal
c_1_5_328,Mesenchymal-Stromal
c_1_5_329,Mesenchymal-Stromal
c_1_5_330,Mesenchymal-Stromal
c_1_5_331,Endothelial
c_1_5_332,Lymphoid-Plasma
c_1_5_333,Mesenchymal-Stromal
c_1_5_334,Mesenchymal-Stromal
c_1_5_335,Endothelial
c_1_5_336,Mesenchymal-Stromal
c_1_5_337,Mesenchymal-Stromal
c_1_5_338,Lymphoid-Plasma
c_1_5_339,Lymphoid-Plasma
c_1_5_340,Mesenchymal-Stromal
c_1_5_341,Mesenchymal-Stromal
c_1_5_342,Lymphoid-Other
c_1_5_343,Erythroid
c_1_5_344,Lymphoid-Other
c_1_5_345,Endothelial
c_1_5_346,Lymphoid-Other
c_1_5_347,None
c_1_5_348,Endothelial
c_1_5_349,Mesenchymal-Stromal
c_1_5_350,Mesenchymal-Stromal
c_1_5_351,Lymphoid-Other
c_1_5_352,Endothelial
c_1_5_353,Mesenchymal-Stromal
c_1_5_354,Mesenchymal-Stromal
c_1_5_355,Lymphoid-Other
c_1_5_356,Lymphoid-Plasma
c_1_5_357,Mesenchymal-Stromal
c_1_5_358,None
c_1_5_359,Lymphoid-Other
c_1_5_360,Endothelial
c_1_5_361,Mesenchymal-Stromal
c_1_5_362,Endothelial
c_1_5_363,Lymphoid-Other
c_1_5_364,Mesenchymal-Stromal
c_1_5_365,Mesenchymal-Stromal
c_1_5_366,Lymphoid-B
c_1_5_367,Mesenchymal-Stromal
c_1_5_368,Lymphoid-B
c_1_5_369,Lymphoid-T
c_1_5_370,Lymphoid-T
c_1_5_371,Lymphoid-Other
c_1_5_372,Mesenchymal-Stromal
c_1_5_373,Lymphoid-Plasma
c_1_5_374,Mesenchymal-Stromal
c_1_5_375,None
c_1_5_376,Mesenchymal-Stromal
c_1_5_377,Lymphoid-Other
c_1_5_378,Mesenchymal-Stromal
c_1_5_379,Lymphoid-Other
c_1_5_380,None
c_1_5_381,Mesenchymal-Stromal
c_1_5_382,Endothelial
c_1_5_383,Mesenchymal-Stromal
c_1_5_384,None
c_1_5_385,Endothelial
c_1_5_386,Lymphoid-B
c_1_5_387,Endothelial
c_1_5_388,Lymphoid-T
c_1_5_389,Lymphoid-Plasma
c_1_5_390,Mesenchymal-Stromal
c_1_5_391,Lymphoid-T
c_1_5_392,Endothelial
c_1_5_393,Mesenchymal-Stromal
c_1_5_394,Lymphoid-Other
c_1_5_395,Mesenchymal-Stromal
c_1_5_396,Lymphoid-Plasma
c_1_5_397,Mesenchymal-Stromal
c_1_5_398,Mesenchymal-Stromal
c_1_5_399,Endothelial
c_1_5_400,Lymphoid-Plasma
c_1_5_401,Mesenchymal-Stromal
c_1_5_402,Mesenchymal-Stromal
c_1_5_403,Neuronal-Glial
c_1_5_404,Endothelial
c_1_5_405,Lymphoid-Other
c_1_5_406,Endothelial
c_1_5_407,Mesenchymal-Stromal
c_1_5_408,Mesenchymal-Stromal
c_1_5_409,Mesenchymal-Stromal
c_1_5_410,Mesenchymal-Stromal
c_1_5_411,Lymphoid-Other
c_1_5_412,Mesenchymal-Stromal
c_1_5_413,Endothelial
c_1_5_414,Endothelial
c_1_5_415,Mesenchymal-Stromal
c_1_5_416,Mesenchymal-Stromal
c_1_5_417,Lymphoid-Plasma
c_1_5_418,Mesenchymal-Stromal
c_1_5_419,Endothelial
c_1_5_420,Mesenchymal-Stromal
c_1_5_421,Mesenchymal-Stromal
c_1_5_422,Endothelial
c_1_5_423,Endothelial
c_1_5_424,Lymphoid-Plasma
c_1_5_425,Endothelial
c_1_5_426,Endothelial
c_1_5_427,Lymphoid-T
c_1_5_428,Lymphoid-Other
c_1_5_429,Mesenchymal-Stromal
c_1_5_430,Mesenchymal-Stromal
c_1_5_431,Lymphoid-B
c_1_5_432,Mesenchymal-Stromal
c_1_5_433,Endothelial
c_1_5_434,Endothelial
c_1_5_435,Mesenchymal-Stromal
c_1_5_436,Mesenchymal-Stromal
c_1_5_437,Mesenchymal-Stromal
c_1_5_438,Mesenchymal-Stromal
c_1_5_439,Mesenchymal-Stromal
c_1_5_440,Lymphoid-Plasma
c_1_5_441,Lymphoid-B
c_1_5_442,Lymphoid-T
c_1_5_443,Endothelial
c_1_5_444,Mesenchymal-Stromal
c_1_5_445,Myeloid
c_1_5_446,Endothelial
c_1_5_447,Mesenchymal-Stromal
c_1_5_448,Endothelial
c_1_5_449,Mesenchymal-Stromal
c_1_5_450,Lymphoid-Other
c_1_5_451,Endothelial
c_1_5_452,Mesenchymal-Stromal
c_1_5_453,Mesenchymal-Stromal
c_1_5_454,Lymphoid-T
c_1_5_455,Lymphoid-Plasma
c_1_5_456,Mesenchymal-Stromal
c_1_5_457,Mesenchymal-Stromal
c_1_5_458,Lymphoid-Other
c_1_5_459,Endothelial
c_1_5_460,Mesenchymal-Stromal
c_1_5_461,Mesenchymal-Stromal
c_1_5_462,Lymphoid-Plasma
c_1_5_463,None
c_1_5_464,Epithelial
c_1_5_465,Mesenchymal-Stromal
c_1_5_466,Mesenchymal-Stromal
c_1_5_467,Mesenchymal-Stromal
c_1_5_468,Lymphoid-Other
c_1_5_469,Lymphoid-B
c_1_5_470,Mesenchymal-Stromal
c_1_5_471,Mesenchymal-Stromal
c_1_5_472,Mesenchymal-Stromal
c_1_5_473,Endothelial
c_1_5_474,Mesenchymal-Stromal
c_1_5_475,Lymphoid-Plasma
c_1_5_476,Lymphoid-T
c_1_5_477,Mesenchymal-Stromal
c_1_5_478,Mesenchymal-Stromal
c_1_5_479,Mesenchymal-Stromal
c_1_5_480,Mesenchymal-Stromal
c_1_5_481,Endothelial
c_1_5_482,Lymphoid-Plasma
c_1_5_483,Endothelial
c_1_5_484,Mesenchymal-Stromal
c_1_5_485,Lymphoid-T
c_1_5_486,Mesenchymal-Stromal
c_1_5_487,Mesenchymal-Stromal
c_1_5_488,Lymphoid-Plasma
c_1_5_489,Mesenchymal-Stromal
c_1_5_490,Lymphoid-Plasma
c_1_5_491,Mesenchymal-Stromal
c_1_5_492,Mesenchymal-Stromal
c_1_5_493,Mesenchymal-Stromal
c_1_5_494,Lymphoid-Other
c_1_5_495,Mesenchymal-Stromal
c_1_5_496,Endothelial
c_1_5_497,Mesenchymal-Stromal
c_1_5_498,Endothelial
c_1_5_499,Lymphoid-Other
c_1_5_500,Endothelial
c_1_5_501,Mesenchymal-Stromal
c_1_5_502,Mesenchymal-Stromal
c_1_5_503,Mesenchymal-Stromal
c_1_5_504,Lymphoid-Plasma
c_1_5_505,Lymphoid-T
c_1_5_506,Mesenchymal-Stromal
c_1_5_507,Lymphoid-Other
c_1_5_508,Mesenchymal-Stromal
c_1_5_509,Mesenchymal-Stromal
c_1_5_510,Endothelial
c_1_5_511,Mesenchymal-Stromal
c_1_5_512,Mesenchymal-Stromal
c_1_5_513,Mesenchymal-Stromal
c_1_5_514,Endothelial
c_1_5_515,Mesenchymal-Stromal
c_1_5_516,Mesenchymal-Stromal
c_1_5_517,Mesenchymal-Stromal
c_1_5_518,Mesenchymal-Stromal
c_1_5_519,Mesenchymal-Stromal
c_1_5_520,Mesenchymal-Stromal
c_1_5_521,Lymphoid-Other
c_1_5_522,Mesenchymal-Stromal
c_1_5_523,Mesenchymal-Stromal
c_1_5_524,Mesenchymal-Stromal
c_1_5_525,Lymphoid-Plasma
c_1_5_526,Mesenchymal-Stromal
c_1_5_527,Endothelial
c_1_5_528,Lymphoid-Plasma
c_1_5_529,Mesenchymal-Stromal
c_1_5_530,Endothelial
c_1_5_531,Mesenchymal-Stromal
c_1_5_532,Mesenchymal-Stromal
c_1_5_533,Mesenchymal-Stromal
c_1_5_534,Mesenchymal-Stromal
c_1_5_535,Lymphoid-Other
c_1_5_536,None
c_1_5_537,Endothelial
c_1_5_538,Mesenchymal-Stromal
c_1_5_539,Endothelial
c_1_5_540,Mesenchymal-Stromal
c_1_5_541,Mesenchymal-Stromal
c_1_5_542,Lymphoid-Other
c_1_5_543,Mesenchymal-Stromal
c_1_5_544,Lymphoid-Other
c_1_5_545,Endothelial
c_1_5_546,Mesenchymal-Stromal
c_1_5_547,Endothelial
c_1_5_548,Mesenchymal-Stromal
c_1_5_549,Endothelial
c_1_5_550,Mesenchymal-Stromal
c_1_5_551,Lymphoid-Other
c_1_5_552,Mesenchymal-Stromal
c_1_5_553,Mesenchymal-Stromal
c_1_5_554,None
c_1_5_555,Mesenchymal-Stromal
c_1_5_556,Mesenchymal-Stromal
c_1_5_557,Mesenchymal-Stromal
c_1_5_558,Mesenchymal-Stromal
c_1_5_559,None
c_1_5_560,Mesenchymal-Stromal
c_1_5_561,None
c_1_5_562,Endothelial
c_1_5_563,Lymphoid-Plasma
c_1_5_564,Mesenchymal-Stromal
c_1_5_565,Neuronal-Glial
c_1_5_566,Mesenchymal-Stromal
c_1_5_567,Mesenchymal-Stromal
c_1_5_568,Mesenchymal-Stromal
c_1_5_569,Mesenchymal-Stromal
c_1_5_570,Mesenchymal-Stromal
c_1_5_571,Endothelial
c_1_5_572,Endothelial
c_1_5_573,None
c_1_5_574,Mesenchymal-Stromal
c_1_5_575,None
c_1_5_576,Endothelial
c_1_5_577,Lymphoid-Plasma
c_1_5_578,Mesenchymal-Stromal
c_1_5_579,Endothelial
c_1_5_580,Mesenchymal-Stromal
c_1_5_581,Mesenchymal-Stromal
c_1_5_582,Lymphoid-Other
c_1_5_583,Lymphoid-Other
c_1_5_584,Mesenchymal-Stromal
c_1_5_585,Mesenchymal-Stromal
c_1_5_586,Endothelial
c_1_5_587,Mesenchymal-Stromal
c_1_5_588,Mesenchymal-Stromal
c_1_5_589,Mesenchymal-Stromal
c_1_5_590,Epithelial
c_1_5_591,Lymphoid-Other
c_1_5_592,Mesenchymal-Stromal
c_1_5_593,Mesenchymal-Stromal
c_1_5_594,Mesenchymal-Stromal
c_1_5_595,Endothelial
c_1_5_596,Mesenchymal-Stromal
c_1_5_597,Mesenchymal-Stromal
c_1_5_598,Endothelial
c_1_5_599,Mesenchymal-Stromal
c_1_5_600,Lymphoid-T
c_1_5_601,Lymphoid-T
c_1_5_602,Endothelial
c_1_5_603,Lymphoid-Plasma
c_1_5_604,Mesenchymal-Stromal
c_1_5_605,Mesenchymal-Stromal
c_1_5_606,Lymphoid-Other
c_1_5_607,Mesenchymal-Stromal
c_1_5_608,Epithelial
c_1_5_609,Mesenchymal-Stromal
c_1_5_610,Mesenchymal-Stromal
c_1_5_611,Lymphoid-Plasma
c_1_5_612,Lymphoid-Plasma
c_1_5_613,Mesenchymal-Stromal
c_1_5_614,Endothelial
c_1_5_615,Mesenchymal-Stromal
c_1_5_616,Lymphoid-Plasma
c_1_5_617,Lymphoid-Other
c_1_5_618,Endothelial
c_1_5_619,Lymphoid-B
c_1_5_620,Mesenchymal-Stromal
c_1_5_621,Mesenchymal-Stromal
c_1_5_622,Endothelial
c_1_5_623,Endothelial
c_1_5_624,Lymphoid-B
c_1_5_625,Mesenchymal-Stromal
c_1_5_626,Lymphoid-Plasma
c_1_5_627,Lymphoid-Other
c_1_5_628,Lymphoid-Other
c_1_5_629,Mesenchymal-Stromal
c_1_5_630,Endothelial
c_1_5_631,Mesenchymal-Stromal
c_1_5_632,Mesenchymal-Stromal
c_1_5_633,Endothelial
c_1_5_634,Endothelial
c_1_5_635,Lymphoid-Plasma
c_1_5_636,Endothelial
c_1_5_637,Lymphoid-Plasma
c_1_5_638,Mesenchymal-Stromal
c_1_5_639,Mesenchymal-Stromal
c_1_5_640,Lymphoid-Other
c_1_5_641,Mesenchymal-Stromal
c_1_5_642,Mesenchymal-Stromal
c_1_5_643,Mesenchymal-Stromal
c_1_5_644,Myeloid
c_1_5_645,Mesenchymal-Stromal
c_1_5_646,Mesenchymal-Stromal
c_1_5_647,Mesenchymal-Stromal
c_1_5_648,Lymphoid-Plasma
c_1_5_649,Lymphoid-T
c_1_5_650,Mesenchymal-Stromal
c_1_5_651,Lymphoid-T
c_1_5_652,Mesenchymal-Stromal
c_1_5_653,Lymphoid-Other
c_1_5_654,Mesenchymal-Stromal
c_1_5_655,Lymphoid-Other
c_1_5_656,Endothelial
c_1_5_657,Lymphoid-T
c_1_5_658,Epithelial
c_1_5_659,Mesenchymal-Stromal
c_1_5_660,Lymphoid-Other
c_1_5_661,Lymphoid-B
c_1_5_662,Lymphoid-Other
c_1_5_663,Endothelial
c_1_5_664,Lymphoid-Plasma
c_1_5_665,Endothelial
c_1_5_666,Lymphoid-Other
c_1_5_667,Endothelial
c_1_5_668,Endothelial
c_1_5_669,Mesenchymal-Stromal
c_1_5_670,None
c_1_5_671,Endothelial
c_1_5_672,Mesenchymal-Stromal
c_1_5_673,Endothelial
c_1_5_674,Mesenchymal-Stromal
c_1_5_675,Mesenchymal-Stromal
c_1_5_676,Endothelial
c_1_5_677,Mesenchymal-Stromal
c_1_5_678,Endothelial
c_1_5_679,Endothelial
c_1_5_680,Lymphoid-Plasma
c_1_5_681,Lymphoid-Other
c_1_5_682,Mesenchymal-Stromal
c_1_5_683,Lymphoid-Other
c_1_5_684,Mesenchymal-Stromal
c_1_5_685,Mesenchymal-Stromal
c_1_5_686,Endothelial
c_1_5_687,Mesenchymal-Stromal
c_1_5_688,Mesenchymal-Stromal
c_1_5_689,Mesenchymal-Stromal
c_1_5_690,Endothelial
c_1_5_691,Endothelial
c_1_5_692,Endothelial
c_1_5_693,Lymphoid-T
c_1_5_694,Lymphoid-T
c_1_5_695,Mesenchymal-Stromal
c_1_5_696,Mesenchymal-Stromal
c_1_5_697,Endothelial
c_1_5_698,Mesenchymal-Stromal
c_1_5_699,Endothelial
c_1_5_700,Endothelial
c_1_5_701,Mesenchymal-Stromal
c_1_5_702,Mesenchymal-Stromal
c_1_5_703,Lymphoid-Other
c_1_5_704,Lymphoid-Plasma
c_1_5_705,Lymphoid-Other
c_1_5_706,Endothelial
c_1_5_707,Mesenchymal-Stromal
c_1_5_708,Mesenchymal-Stromal
c_1_5_709,Neuronal-Glial
c_1_5_710,Mesenchymal-Stromal
c_1_5_711,Epithelial
c_1_5_712,Mesenchymal-Stromal
c_1_5_713,Mesenchymal-Stromal
c_1_5_714,Endothelial
c_1_5_715,Mesenchymal-Stromal
c_1_5_716,Mesenchymal-Stromal
c_1_5_717,Neuronal-Glial
c_1_5_718,Lymphoid-Other
c_1_5_719,Mesenchymal-Stromal
c_1_5_720,Endothelial
c_1_5_721,Endothelial
c_1_5_722,Lymphoid-Other
c_1_5_723,Lymphoid-Other
c_1_5_724,Lymphoid-Plasma
c_1_5_725,Lymphoid-T
c_1_5_726,Mesenchymal-Stromal
c_1_5_727,Lymphoid-Other
c_1_5_728,Mesenchymal-Stromal
c_1_5_729,Epithelial
c_1_5_730,Mesenchymal-Stromal
c_1_5_731,Endothelial
c_1_5_732,Mesenchymal-Stromal
c_1_5_733,Mesenchymal-Stromal
c_1_5_734,Lymphoid-Plasma
c_1_5_735,Endothelial
c_1_5_736,Mesenchymal-Stromal
c_1_5_737,Mesenchymal-Stromal
c_1_5_738,Mesenchymal-Stromal
c_1_5_739,Mesenchymal-Stromal
c_1_5_740,Endothelial
c_1_5_741,Endothelial
c_1_5_742,Endothelial
c_1_5_743,Lymphoid-Other
c_1_5_744,Lymphoid-Plasma
c_1_5_745,Endothelial
c_1_5_746,Lymphoid-Plasma
c_1_5_747,Mesenchymal-Stromal
c_1_5_748,Mesenchymal-Stromal
c_1_5_749,Endothelial
c_1_5_750,Mesenchymal-Stromal
c_1_5_751,None
c_1_5_752,Mesenchymal-Stromal
c_1_5_753,Lymphoid-B
c_1_5_754,Endothelial
c_1_5_755,Lymphoid-Other
c_1_5_756,Mesenchymal-Stromal
c_1_5_757,Mesenchymal-Stromal
c_1_5_758,Lymphoid-Plasma
c_1_5_759,Lymphoid-T
c_1_5_760,Lymphoid-T
c_1_5_761,Endothelial
c_1_5_762,Mesenchymal-Stromal
c_1_5_763,Endothelial
c_1_5_764,Endothelial
c_1_5_765,Endothelial
c_1_5_766,Endothelial
c_1_5_767,Lymphoid-Plasma
c_1_5_768,Lymphoid-Plasma
c_1_5_769,Myeloid
c_1_5_770,Mesenchymal-Stromal
c_1_5_771,Endothelial
c_1_5_772,Lymphoid-Plasma
c_1_5_773,Lymphoid-Other
c_1_5_774,Lymphoid-Plasma
c_1_5_775,Mesenchymal-Stromal
c_1_5_776,Mesenchymal-Stromal
c_1_5_777,Endothelial
c_1_5_778,Mesenchymal-Stromal
c_1_5_779,Mesenchymal-Stromal
c_1_5_780,None
c_1_5_781,Lymphoid-Plasma
c_1_5_782,Endothelial
c_1_5_783,Lymphoid-Other
c_1_5_784,Mesenchymal-Stromal
c_1_5_785,Mesenchymal-Stromal
c_1_5_786,Lymphoid-Other
c_1_5_787,Lymphoid-Plasma
c_1_6_1,Myeloid
c_1_6_2,Lymphoid-DC
c_1_6_3,Lymphoid-DC
c_1_6_4,Lymphoid-DC
c_1_6_5,Lymphoid-DC
c_1_6_6,Lymphoid-T
c_1_6_7,Lymphoid-T
c_1_6_8,Lymphoid-DC
c_1_6_9,None
c_1_6_10,None
c_1_6_11,Lymphoid-B
c_1_6_12,None
c_1_6_13,Lymphoid-DC
c_1_6_14,Lymphoid-DC
c_1_6_15,Lymphoid-Other
c_1_6_16,Lymphoid-T
c_1_6_17,Lymphoid-B
c_1_6_18,Lymphoid-T
c_1_6_19,Myeloid
c_1_6_20,None
c_1_6_21,Lymphoid-Other
c_1_6_22,Lymphoid-T
c_1_6_23,Lymphoid-Other
c_1_6_24,Lymphoid-T
c_1_6_25,Lymphoid-Other
c_1_6_26,Lymphoid-DC
c_1_6_27,Lymphoid-B
c_1_6_28,Lymphoid-T
c_1_6_29,Lymphoid-DC
c_1_6_30,Lymphoid-T
c_1_6_31,None
c_1_6_32,None
c_1_6_33,Lymphoid-DC
c_1_6_34,Lymphoid-T
c_1_6_35,Myeloid
c_1_6_36,Lymphoid-DC
c_1_6_37,Lymphoid-DC
c_1_6_38,Lymphoid-DC
c_1_6_39,Myeloid
c_1_6_40,Lymphoid-T
c_1_6_41,Myeloid
c_1_6_42,Lymphoid-Other
c_1_6_43,Lymphoid-DC
c_1_6_44,Lymphoid-T
c_1_6_45,Lymphoid-T
c_1_6_46,Lymphoid-DC
c_1_6_47,Lymphoid-T
c_1_6_48,Lymphoid-DC
c_1_6_49,Lymphoid-T
c_1_6_50,Lymphoid-Other
c_1_6_51,Lymphoid-DC
c_1_6_52,Lymphoid-Other
c_1_6_53,Lymphoid-T
c_1_6_54,Myeloid
c_1_6_55,Lymphoid-B
c_1_6_56,Lymphoid-DC
c_1_6_57,None
c_1_6_58,Lymphoid-T
c_1_6_59,Lymphoid-DC
c_1_6_60,Lymphoid-T
c_1_6_61,Lymphoid-T
c_1_6_62,Lymphoid-T
c_1_6_63,Lymphoid-DC
c_1_6_64,None
c_1_6_65,Lymphoid-T
c_1_6_66,Lymphoid-B
c_1_6_67,Lymphoid-DC
c_1_6_68,Lymphoid-B
c_1_6_69,Lymphoid-B
c_1_6_70,Lymphoid-T
c_1_6_71,Lymphoid-DC
c_1_6_72,Endothelial
c_1_6_73,Lymphoid-DC
c_1_6_74,Lymphoid-DC
c_1_6_75,Lymphoid-T
c_1_6_76,Lymphoid-T
c_1_6_77,Lymphoid-T
c_1_6_78,Lymphoid-DC
c_1_6_79,Lymphoid-DC
c_1_6_80,Lymphoid-T
c_1_6_81,None
c_1_6_82,Lymphoid-DC
c_1_6_83,Lymphoid-T
c_1_6_84,Lymphoid-T
c_1_6_85,Lymphoid-Other
c_1_6_86,Lymphoid-Other
c_1_6_87,Lymphoid-DC
c_1_6_88,Lymphoid-T
c_1_6_89,Lymphoid-DC
c_1_6_90,Endothelial
c_1_6_91,Lymphoid-T
c_1_6_92,Lymphoid-T
c_1_6_93,Mesenchymal-Stromal
c_1_6_94,Lymphoid-Other
c_1_6_95,Lymphoid-DC
c_1_6_96,Endothelial
c_1_6_97,Lymphoid-B
c_1_6_98,Endothelial
c_1_6_99,Lymphoid-DC
c_1_6_100,Lymphoid-DC
c_1_6_101,Neuronal-Glial
c_1_6_102,Lymphoid-DC
c_1_6_103,Mesenchymal-Stromal
c_1_6_104,Lymphoid-T
c_1_6_105,Myeloid
c_1_6_106,Lymphoid-DC
c_1_6_107,Endothelial
c_1_6_108,Lymphoid-Other
c_1_6_109,Lymphoid-DC
c_1_6_110,Lymphoid-T
c_1_6_111,Lymphoid-T
c_1_6_112,Lymphoid-DC
c_1_6_113,Endothelial
c_1_6_114,Lymphoid-T
c_1_6_115,Lymphoid-Other
c_1_6_116,Mesenchymal-Stromal
c_1_6_117,Myeloid
c_1_6_118,Lymphoid-Other
c_1_6_119,Lymphoid-T
c_1_6_120,Lymphoid-B
c_1_6_121,Lymphoid-T
c_1_6_122,Lymphoid-DC
c_1_6_123,Endothelial
c_1_6_124,Lymphoid-T
c_1_6_125,Lymphoid-DC
c_1_6_126,Lymphoid-T
c_1_6_127,Lymphoid-T
c_1_6_128,Lymphoid-DC
c_1_6_129,Lymphoid-DC
c_1_6_130,Lymphoid-T
c_1_6_131,Lymphoid-T
c_1_6_132,Lymphoid-DC
c_1_6_133,Lymphoid-T
c_1_6_134,Lymphoid-T
c_1_6_135,Lymphoid-T
c_1_6_136,Lymphoid-Other
c_1_6_137,Lymphoid-DC
c_1_6_138,None
c_1_6_139,Lymphoid-Other
c_1_6_140,Endothelial
c_1_6_141,Endothelial
c_1_6_142,Lymphoid-Other
c_1_6_143,Mesenchymal-Stromal
c_1_6_144,Lymphoid-Other
c_1_6_145,Lymphoid-T
c_1_6_146,Lymphoid-Other
c_1_6_147,Mesenchymal-Stromal
c_1_6_148,Endothelial
c_1_6_149,None
c_1_6_150,Endothelial
c_1_6_151,Neuronal-Glial
c_1_6_152,Mesenchymal-Stromal
c_1_6_153,None
c_1_6_154,Endothelial
c_1_6_155,None
c_1_6_156,Lymphoid-Other
c_1_6_157,Lymphoid-Other
c_1_6_158,Lymphoid-Other
c_1_6_159,None
c_1_6_160,Lymphoid-Other
c_1_6_161,Endothelial
c_1_6_162,Lymphoid-Other
c_1_6_163,Lymphoid-B
c_1_6_164,Lymphoid-T
c_1_6_165,Endothelial
c_1_6_166,Lymphoid-Other
c_1_6_167,None
c_1_6_168,Lymphoid-Other
c_1_6_169,Lymphoid-Other
c_1_6_170,Lymphoid-T
c_1_6_171,Endothelial
c_1_6_172,Myeloid
c_1_6_173,Lymphoid-T
c_1_6_174,Lymphoid-DC
c_1_6_175,Mesenchymal-Stromal
c_1_6_176,Mesenchymal-Stromal
c_1_6_177,Myeloid
c_1_6_178,Lymphoid-Other
c_1_6_179,Endothelial
c_1_6_180,None
c_1_6_181,Endothelial
c_1_6_182,Lymphoid-T
c_1_6_183,Endothelial
c_1_6_184,Endothelial
c_1_6_185,Lymphoid-DC
c_1_6_186,Endothelial
c_1_6_187,Endothelial
c_1_6_188,Lymphoid-T
c_1_6_189,Neuronal-Glial
c_1_6_190,Endothelial
c_1_6_191,Endothelial
c_1_6_192,Mesenchymal-Stromal
c_1_6_193,Endothelial
c_1_6_194,Endothelial
c_1_6_195,Endothelial
c_1_6_196,None
c_1_6_197,Myeloid
c_1_6_198,Endothelial
c_1_6_199,None
c_1_6_200,Endothelial
c_1_6_201,Lymphoid-T
c_1_6_202,Endothelial
c_1_6_203,Endothelial
c_1_6_204,Endothelial
c_1_6_205,Endothelial
c_1_6_206,Lymphoid-Other
c_1_6_207,Lymphoid-Other
c_1_6_208,Lymphoid-T
c_1_6_209,Endothelial
c_1_6_210,Lymphoid-T
c_1_6_211,Endothelial
c_1_6_212,Endothelial
c_1_6_213,Endothelial
c_1_6_214,Lymphoid-T
c_1_6_215,Endothelial
c_1_6_216,Lymphoid-DC
c_1_6_217,Lymphoid-Other
c_1_6_218,Endothelial
c_1_6_219,Endothelial
c_1_6_220,Myeloid
c_1_6_221,Lymphoid-T
c_1_6_222,Endothelial
c_1_6_223,Endothelial
c_1_6_224,Endothelial
c_1_6_225,Mesenchymal-Stromal
c_1_6_226,None
c_1_6_227,Lymphoid-DC
c_1_6_228,Mesenchymal-Stromal
c_1_6_229,Endothelial
c_1_6_230,Endothelial
c_1_6_231,Lymphoid-T
c_1_6_232,Lymphoid-B
c_1_6_233,Endothelial
c_1_6_234,Lymphoid-DC
c_1_6_235,Lymphoid-Plasma
c_1_6_236,Lymphoid-Other
c_1_6_237,Lymphoid-T
c_1_6_238,Endothelial
c_1_6_239,Endothelial
c_1_6_240,Myeloid
c_1_6_241,Mesenchymal-Stromal
c_1_6_242,Endothelial
c_1_6_243,Lymphoid-Other
c_1_6_244,Endothelial
c_1_6_245,Endothelial
c_1_6_246,Lymphoid-T
c_1_6_247,Lymphoid-Other
c_1_6_248,None
c_1_6_249,Mesenchymal-Stromal
c_1_6_250,Lymphoid-DC
c_1_6_251,Lymphoid-DC
c_1_6_252,Mesenchymal-Stromal
c_1_6_253,Lymphoid-Other
c_1_6_254,None
c_1_6_255,Lymphoid-Other
c_1_6_256,Lymphoid-Other
c_1_6_257,Lymphoid-DC
c_1_6_258,Lymphoid-Other
c_1_6_259,Lymphoid-Other
c_1_6_260,Neuronal-Glial
c_1_6_261,Lymphoid-DC
c_1_6_262,Lymphoid-DC
c_1_6_263,Lymphoid-DC
c_1_6_264,Lymphoid-T
c_1_6_265,Lymphoid-Other
c_1_6_266,Lymphoid-DC
c_1_6_267,Lymphoid-T
c_1_6_268,Lymphoid-T
c_1_6_269,Lymphoid-B
c_1_6_270,Lymphoid-DC
c_1_6_271,Lymphoid-DC
c_1_6_272,Lymphoid-DC
c_1_6_273,Lymphoid-DC
c_1_6_274,Lymphoid-DC
c_1_6_275,Lymphoid-DC
c_1_6_276,Endothelial
c_1_6_277,Lymphoid-Other
c_1_6_278,Lymphoid-B
c_1_6_279,Lymphoid-Other
c_1_6_280,Lymphoid-Other
c_1_6_281,Lymphoid-T
c_1_6_282,Lymphoid-DC
c_1_6_283,Endothelial
c_1_6_284,Lymphoid-T
c_1_6_285,Lymphoid-DC
c_1_6_286,Endothelial
c_1_6_287,Lymphoid-T
c_1_6_288,Lymphoid-DC
c_1_6_289,Lymphoid-DC
c_1_6_290,Lymphoid-Other
c_1_6_291,Endothelial
c_1_6_292,Lymphoid-Other
c_1_6_293,Lymphoid-DC
c_1_6_294,Lymphoid-DC
c_1_6_295,Lymphoid-T
c_1_6_296,Lymphoid-DC
c_1_6_297,Endothelial
c_1_6_298,Endothelial
c_1_6_299,Lymphoid-T
c_1_6_300,Lymphoid-T
c_1_6_301,Lymphoid-DC
c_1_6_302,Lymphoid-DC
c_1_6_303,Lymphoid-B
c_1_6_304,Lymphoid-T
c_1_6_305,Lymphoid-T
c_1_6_306,Lymphoid-Other
c_1_6_307,Lymphoid-DC
c_1_6_308,Myeloid
c_1_6_309,None
c_1_6_310,Mesenchymal-Stromal
c_1_6_311,Myeloid
c_1_6_312,Lymphoid-Other
c_1_6_313,Endothelial
c_1_6_314,Lymphoid-DC
c_1_6_315,Lymphoid-Other
c_1_6_316,Lymphoid-T
c_1_6_317,Lymphoid-DC
c_1_6_318,Lymphoid-DC
c_1_6_319,Myeloid
c_1_6_320,Mesenchymal-Stromal
c_1_6_321,Lymphoid-DC
c_1_6_322,Lymphoid-DC
c_1_6_323,Lymphoid-DC
c_1_6_324,Lymphoid-DC
c_1_6_325,Lymphoid-B
c_1_6_326,Endothelial
c_1_6_327,Lymphoid-DC
c_1_6_328,Lymphoid-DC
c_1_6_329,Lymphoid-DC
c_1_6_330,Lymphoid-DC
c_1_6_331,Lymphoid-DC
c_1_6_332,Lymphoid-B
c_1_6_333,Lymphoid-T
c_1_6_334,Lymphoid-Other
c_1_6_335,Lymphoid-Other
c_1_6_336,Lymphoid-Other
c_1_6_337,None
c_1_6_338,Lymphoid-DC
c_1_6_339,Lymphoid-B
c_1_6_340,Lymphoid-T
c_1_6_341,Lymphoid-DC
c_1_6_342,Lymphoid-T
c_1_6_343,Lymphoid-Other
c_1_6_344,Lymphoid-T
c_1_6_345,Lymphoid-DC
c_1_6_346,Lymphoid-Other
c_1_6_347,Lymphoid-DC
c_1_6_348,Lymphoid-DC
c_1_6_349,Myeloid
c_1_6_350,Lymphoid-T
c_1_6_351,Myeloid
c_1_6_352,Endothelial
c_1_6_353,Myeloid
c_1_6_354,Lymphoid-B
c_1_6_355,Lymphoid-DC
c_1_6_356,Lymphoid-DC
c_1_6_357,Myeloid
c_1_6_358,Lymphoid-Other
c_1_6_359,Lymphoid-T
c_1_6_360,Lymphoid-DC
c_1_6_361,Lymphoid-B
c_1_6_362,Lymphoid-DC
c_1_6_363,Lymphoid-DC
c_1_6_364,Lymphoid-DC
c_1_6_365,Myeloid
c_1_6_366,Lymphoid-DC
c_1_6_367,Lymphoid-DC
c_1_6_368,Lymphoid-DC
c_1_6_369,Lymphoid-T
c_1_6_370,Myeloid
c_1_6_371,Lymphoid-DC
c_1_6_372,Lymphoid-DC
c_1_6_373,Lymphoid-DC
c_1_6_374,Lymphoid-Other
c_1_6_375,Lymphoid-T
c_1_6_376,Lymphoid-Other
c_1_6_377,Endothelial
c_1_6_378,Lymphoid-DC
c_1_6_379,Lymphoid-DC
c_1_6_380,Lymphoid-DC
c_1_6_381,Lymphoid-Other
c_1_6_382,Lymphoid-T
c_1_6_383,Lymphoid-DC
c_1_6_384,Myeloid
c_1_6_385,Endothelial
c_1_6_386,Lymphoid-T
c_1_6_387,Lymphoid-DC
c_1_6_388,Lymphoid-DC
c_1_6_389,Lymphoid-DC
c_1_6_390,Lymphoid-DC
c_1_6_391,Lymphoid-DC
c_1_6_392,Endothelial
c_1_6_393,Lymphoid-DC
c_1_6_394,Lymphoid-DC
c_1_6_395,Lymphoid-DC
c_1_6_396,Lymphoid-DC
c_1_6_397,Lymphoid-DC
c_1_6_398,Lymphoid-DC
c_1_6_399,Lymphoid-DC
c_1_6_400,Lymphoid-DC
c_1_6_401,Lymphoid-DC
c_1_6_402,Lymphoid-DC
c_1_6_403,Lymphoid-B
c_1_6_404,None
c_1_6_405,Lymphoid-DC
c_1_6_406,Myeloid
c_1_6_407,Lymphoid-DC
c_1_6_408,Lymphoid-DC
c_1_6_409,Lymphoid-DC
c_1_6_410,Lymphoid-Other
c_1_6_411,Myeloid
c_1_6_412,Lymphoid-DC
c_1_6_413,Lymphoid-DC
c_1_6_414,Lymphoid-DC
c_1_6_415,Lymphoid-DC
c_1_6_416,Lymphoid-Other
c_1_6_417,Lymphoid-DC
c_1_6_418,Lymphoid-DC
c_1_6_419,Lymphoid-DC
c_1_6_420,Endothelial
c_1_6_421,Lymphoid-DC
c_1_6_422,Myeloid
c_1_6_423,Lymphoid-DC
c_1_6_424,Myeloid
c_1_6_425,Lymphoid-T
c_1_6_426,Lymphoid-T
c_1_6_427,Lymphoid-T
c_1_6_428,None
c_1_6_429,Lymphoid-T
c_1_6_430,Lymphoid-T
c_1_6_431,Lymphoid-DC
c_1_6_432,None
c_1_6_433,Lymphoid-T
c_1_6_434,Lymphoid-Other
c_1_6_435,Lymphoid-T
c_1_6_436,Lymphoid-DC
c_1_6_437,Lymphoid-T
c_1_6_438,Lymphoid-T
c_1_6_439,Lymphoid-T
c_1_6_440,Lymphoid-T
c_1_6_441,Myeloid
c_1_6_442,None
c_1_6_443,None
c_1_6_444,None
c_1_6_445,Lymphoid-Other
c_1_6_446,Lymphoid-DC
c_1_6_447,Lymphoid-DC
c_1_6_448,Lymphoid-DC
c_1_6_449,Lymphoid-DC
c_1_6_450,Lymphoid-DC
c_1_6_451,Lymphoid-Other
c_1_6_452,Lymphoid-Other
c_1_6_453,None
c_1_6_454,Lymphoid-DC
c_1_6_455,Lymphoid-T
c_1_6_456,Lymphoid-Other
c_1_6_457,Lymphoid-T
c_1_6_458,Lymphoid-Other
c_1_6_459,Lymphoid-Other
c_1_6_460,Lymphoid-T
c_1_6_461,Lymphoid-T
c_1_6_462,Lymphoid-T
c_1_6_463,Lymphoid-T
c_1_6_464,Lymphoid-T
c_1_6_465,Lymphoid-T
c_1_6_466,Lymphoid-Other
c_1_6_467,Lymphoid-Plasma
c_1_6_468,None
c_1_6_469,Lymphoid-DC
c_1_6_470,Lymphoid-Other
c_1_6_471,Lymphoid-T
c_1_6_472,Lymphoid-Other
c_1_6_473,Lymphoid-T
c_1_6_474,Myeloid
c_1_6_475,Lymphoid-T
c_1_6_476,Lymphoid-T
c_1_6_477,None
c_1_6_478,Lymphoid-T
c_1_6_479,Lymphoid-DC
c_1_6_480,None
c_1_6_481,Lymphoid-DC
c_1_6_482,Lymphoid-DC
c_1_6_483,Lymphoid-DC
c_1_6_484,Lymphoid-T
c_1_6_485,Lymphoid-DC
c_1_6_486,Myeloid
c_1_6_487,Lymphoid-DC
c_1_6_488,Endothelial
c_1_6_489,Endothelial
c_1_6_490,Lymphoid-DC
c_1_6_491,Myeloid
c_1_6_492,None
c_1_6_493,Lymphoid-DC
c_1_6_494,Lymphoid-DC
c_1_6_495,Lymphoid-DC
c_1_6_496,Lymphoid-DC
c_1_6_497,Lymphoid-T
c_1_6_498,Lymphoid-DC
c_1_6_499,None
c_1_6_500,Lymphoid-T
c_1_6_501,Lymphoid-T
c_1_6_502,Lymphoid-DC
c_1_6_503,Lymphoid-Other
c_1_6_504,Lymphoid-T
c_1_6_505,Lymphoid-Other
c_1_6_506,Lymphoid-T
c_1_6_507,Lymphoid-T
c_1_6_508,Lymphoid-Other
c_1_6_509,None
c_1_6_510,Lymphoid-T
c_1_6_511,Lymphoid-B
c_1_6_512,Lymphoid-Other
c_1_6_513,Lymphoid-Other
c_1_6_514,Lymphoid-B
c_1_6_515,Endothelial
c_1_6_516,None
c_1_6_517,Lymphoid-Other
c_1_6_518,Lymphoid-T
c_1_6_519,Lymphoid-DC
c_1_6_520,Lymphoid-Other
c_1_6_521,Lymphoid-DC
c_1_6_522,Lymphoid-Other
c_1_6_523,Lymphoid-DC
c_1_6_524,Lymphoid-T
c_1_6_525,Lymphoid-DC
c_1_6_526,Lymphoid-T
c_1_6_527,Lymphoid-Other
c_1_6_528,Endothelial
c_1_6_529,Lymphoid-DC
c_1_6_530,Lymphoid-DC
c_1_6_531,None
c_1_6_532,Lymphoid-DC
c_1_6_533,Lymphoid-T
c_1_6_534,Mesenchymal-Stromal
c_1_6_535,Lymphoid-DC
c_1_6_536,Lymphoid-T
c_1_6_537,None
c_1_6_538,Lymphoid-T
c_1_6_539,Lymphoid-Other
c_1_6_540,Mesenchymal-Stromal
c_1_6_541,Lymphoid-Other
c_1_6_542,Lymphoid-DC
c_1_6_543,Endothelial
c_1_6_544,Lymphoid-Other
c_1_6_545,Endothelial
c_1_6_546,Lymphoid-B
c_1_6_547,Lymphoid-T
c_1_6_548,Lymphoid-T
c_1_6_549,Endothelial
c_1_6_550,Lymphoid-T
c_1_6_551,Lymphoid-DC
c_1_6_552,Myeloid
c_1_6_553,Lymphoid-DC
c_1_6_554,Mesenchymal-Stromal
c_1_6_555,Endothelial
c_1_6_556,Lymphoid-DC
c_1_6_557,Myeloid
c_1_6_558,Lymphoid-B
c_1_6_559,Lymphoid-T
c_1_6_560,Lymphoid-T
c_1_6_561,Lymphoid-T
c_1_6_562,Endothelial
c_1_6_563,None
c_1_6_564,Lymphoid-DC
c_1_6_565,Lymphoid-DC
c_1_6_566,Endothelial
c_1_6_567,Lymphoid-Other
c_1_6_568,Lymphoid-T
c_1_6_569,Endothelial
c_1_6_570,Lymphoid-T
c_1_6_571,Lymphoid-DC
c_1_6_572,Lymphoid-DC
c_1_6_573,Lymphoid-T
c_1_6_574,Lymphoid-Other
c_1_6_575,Endothelial
c_1_6_576,Lymphoid-T
c_1_6_577,Lymphoid-T
c_1_6_578,Lymphoid-T
c_1_6_579,Lymphoid-Other
c_1_6_580,None
c_1_6_581,Lymphoid-T
c_1_6_582,Lymphoid-Other
c_1_6_583,Lymphoid-Other
c_1_6_584,Lymphoid-T
c_1_6_585,Lymphoid-B
c_1_6_586,None
c_1_6_587,Lymphoid-DC
c_1_6_588,Lymphoid-Other
c_1_6_589,Lymphoid-Other
c_1_6_590,Lymphoid-Other
c_1_6_591,Lymphoid-DC
c_1_6_592,None
c_1_6_593,Lymphoid-B
c_1_6_594,Lymphoid-B
c_1_6_595,Lymphoid-DC
c_1_6_596,Endothelial
c_1_6_597,Endothelial
c_1_6_598,Endothelial
c_1_6_599,Lymphoid-T
c_1_6_600,Lymphoid-B
c_1_6_601,Lymphoid-T
c_1_6_602,Lymphoid-B
c_1_6_603,None
c_1_6_604,None
c_1_6_605,Lymphoid-Other
c_1_6_606,None
c_1_6_607,None
c_1_6_608,Lymphoid-T
c_1_6_609,Lymphoid-Other
c_1_6_610,Lymphoid-T
c_1_6_611,Lymphoid-B
c_1_6_612,Mesenchymal-Stromal
c_1_6_613,Mesenchymal-Stromal
c_1_6_614,Lymphoid-B
c_1_6_615,Endothelial
c_1_6_616,Lymphoid-T
c_1_6_617,Endothelial
c_1_6_618,Endothelial
c_1_6_619,Lymphoid-T
c_1_6_620,None
c_1_6_621,Lymphoid-T
c_1_6_622,Lymphoid-Other
c_1_6_623,Endothelial
c_1_6_624,Endothelial
c_1_6_625,Lymphoid-Other
c_1_6_626,Lymphoid-T
c_1_6_627,Lymphoid-Other
c_1_6_628,Endothelial
c_1_6_629,Mesenchymal-Stromal
c_1_6_630,Neuronal-Glial
c_1_6_631,Lymphoid-T
c_1_6_632,Lymphoid-T
c_1_6_633,Lymphoid-Other
c_1_6_634,Lymphoid-Other
c_1_6_635,Lymphoid-Other
c_1_6_636,Mesenchymal-Stromal
c_1_6_637,Mesenchymal-Stromal
c_1_6_638,Lymphoid-Other
c_1_6_639,Endothelial
c_1_6_640,None
c_1_6_641,Endothelial
c_1_6_642,Endothelial
c_1_6_643,Mesenchymal-Stromal
c_1_6_644,Mesenchymal-Stromal
c_1_6_645,Lymphoid-Other
c_1_6_646,Endothelial
c_1_6_647,Lymphoid-Other
c_1_6_648,Mesenchymal-Stromal
c_1_6_649,Neuronal-Glial
c_1_6_650,Lymphoid-Other
c_1_6_651,None
c_1_6_652,None
c_1_6_653,Lymphoid-Other
c_1_6_654,Mesenchymal-Stromal
c_1_6_655,Lymphoid-Other
c_1_6_656,Lymphoid-Other
c_1_6_657,Lymphoid-Other
c_1_6_658,Endothelial
c_1_6_659,Endothelial
c_1_6_660,Lymphoid-T
c_1_6_661,Endothelial
c_1_6_662,Lymphoid-Other
c_1_6_663,Lymphoid-T
c_1_6_664,Endothelial
c_1_6_665,Endothelial
c_1_6_666,Lymphoid-Other
c_1_6_667,Lymphoid-Other
c_1_6_668,Endothelial
c_1_6_669,Lymphoid-T
c_1_6_670,Endothelial
c_1_6_671,Endothelial
c_1_6_672,Lymphoid-Other
c_1_6_673,Endothelial
c_1_6_674,Endothelial
c_1_6_675,Endothelial
c_1_6_676,Mesenchymal-Stromal
c_1_6_677,Endothelial
c_1_6_678,Lymphoid-Plasma
c_1_6_679,Lymphoid-Other
c_1_6_680,Lymphoid-Other
c_1_6_681,Lymphoid-Other
c_1_6_682,Lymphoid-Other
c_1_6_683,Endothelial
c_1_6_684,Endothelial
c_1_6_685,Myeloid
c_1_6_686,Lymphoid-Other
c_1_6_687,Mesenchymal-Stromal
c_1_6_688,Lymphoid-DC
c_1_6_689,Endothelial
c_1_6_690,Lymphoid-T
c_1_6_691,Lymphoid-Other
c_1_6_692,Lymphoid-Other
c_1_6_693,Endothelial
c_1_6_694,Endothelial
c_1_6_695,Lymphoid-Other
c_1_6_696,Endothelial
c_1_6_697,Lymphoid-T
c_1_6_698,Lymphoid-Other
c_1_6_699,Lymphoid-Other
c_1_6_700,Endothelial
c_1_6_701,Endothelial
c_1_6_702,Endothelial
c_1_6_703,Lymphoid-T
c_1_6_704,Lymphoid-T
c_1_6_705,Endothelial
c_1_6_706,Endothelial
c_1_6_707,Endothelial
c_1_6_708,Lymphoid-Other
c_1_6_709,Lymphoid-T
c_1_6_710,Lymphoid-T
c_1_6_711,Lymphoid-Other
c_1_6_712,Epithelial
c_1_6_713,Endothelial
c_1_6_714,Lymphoid-Other
c_1_6_715,Endothelial
c_1_6_716,Lymphoid-Other
c_1_6_717,Endothelial
c_1_6_718,Lymphoid-T
c_1_6_719,Lymphoid-Other
c_1_6_720,Mesenchymal-Stromal
c_1_6_721,Lymphoid-Other
c_1_6_722,Endothelial
c_1_6_723,Endothelial
c_1_6_724,Endothelial
c_1_6_725,Endothelial
c_1_6_726,Lymphoid-T
c_1_6_727,Endothelial
c_1_6_728,Mesenchymal-Stromal
c_1_6_729,Mesenchymal-Stromal
c_1_6_730,Endothelial
c_1_6_731,Lymphoid-T
c_1_6_732,Lymphoid-Other
c_1_6_733,Endothelial
c_1_6_734,Endothelial
c_1_6_735,Mesenchymal-Stromal
c_1_6_736,Endothelial
c_1_6_737,Lymphoid-Plasma
c_1_6_738,Endothelial
c_1_6_739,Mesenchymal-Stromal
c_1_6_740,Endothelial
c_1_6_741,Endothelial
c_1_6_742,Endothelial
c_1_6_743,Mesenchymal-Stromal
c_1_6_744,Mesenchymal-Stromal
c_1_6_745,Endothelial
c_1_6_746,Endothelial
c_1_6_747,Endothelial
c_1_6_748,Lymphoid-T
c_1_6_749,Endothelial
c_1_6_750,Mesenchymal-Stromal
c_1_6_751,Lymphoid-Other
c_1_6_752,Myeloid
c_1_6_753,Lymphoid-T
c_1_6_754,Lymphoid-DC
c_1_6_755,Mesenchymal-Stromal
c_1_6_756,Lymphoid-T
c_1_6_757,Endothelial
c_1_6_758,Endothelial
c_1_6_759,Endothelial
c_1_6_760,Lymphoid-Other
c_1_6_761,Endothelial
c_1_6_762,Myeloid
c_1_6_763,Endothelial
c_1_6_764,Myeloid
c_1_6_765,Lymphoid-Other
c_1_6_766,Mesenchymal-Stromal
c_1_6_767,Endothelial
c_1_6_768,Lymphoid-DC
c_1_6_769,Endothelial
c_1_6_770,Endothelial
c_1_6_771,Mesenchymal-Stromal
c_1_6_772,Endothelial
c_1_6_773,Endothelial
c_1_6_774,Endothelial
c_1_6_775,Lymphoid-Other
c_1_6_776,Mesenchymal-Stromal
c_1_6_777,Endothelial
c_1_6_778,Lymphoid-T
c_1_6_779,Lymphoid-Other
c_1_6_780,Mesenchymal-Stromal
c_1_6_781,Mesenchymal-Stromal
c_1_6_782,Lymphoid-Other
c_1_6_783,Mesenchymal-Stromal
c_1_6_784,Lymphoid-T
c_1_6_785,Lymphoid-T
c_1_6_786,Lymphoid-Other
c_1_6_787,Endothelial
c_1_6_788,Endothelial
c_1_6_789,Mesenchymal-Stromal
c_1_6_790,Lymphoid-Other
c_1_6_791,Endothelial
c_1_6_792,Mesenchymal-Stromal
c_1_6_793,Endothelial
c_1_6_794,Endothelial
c_1_6_795,Lymphoid-Other
c_1_6_796,Endothelial
c_1_6_797,Endothelial
c_1_6_798,Endothelial
c_1_6_799,Endothelial
c_1_6_800,Mesenchymal-Stromal
c_1_6_801,None
c_1_6_802,Lymphoid-Other
c_1_6_803,Endothelial
c_1_6_804,Myeloid
c_1_6_805,Endothelial
c_1_6_806,Endothelial
c_1_6_807,Endothelial
c_1_6_808,Lymphoid-Other
c_1_6_809,Endothelial
c_1_6_810,Myeloid
c_1_6_811,Endothelial
c_1_6_812,Lymphoid-T
c_1_6_813,Lymphoid-T
c_1_6_814,Endothelial
c_1_6_815,Lymphoid-Other
c_1_6_816,Mesenchymal-Stromal
c_1_6_817,Endothelial
c_1_6_818,Lymphoid-T
c_1_6_819,None
c_1_6_820,Endothelial
c_1_6_821,Endothelial
c_1_6_822,Lymphoid-T
c_1_6_823,Mesenchymal-Stromal
c_1_6_824,None
c_1_6_825,Lymphoid-B
c_1_6_826,Lymphoid-Other
c_1_6_827,Endothelial
c_1_6_828,Lymphoid-DC
c_1_6_829,Lymphoid-DC
c_1_6_830,Endothelial
c_1_6_831,Lymphoid-Other
c_1_6_832,Endothelial
c_1_6_833,Lymphoid-DC
c_1_6_834,Lymphoid-T
c_1_6_835,Lymphoid-Other
c_1_6_836,Lymphoid-T
c_1_6_837,Lymphoid-DC
c_1_6_838,Lymphoid-DC
c_1_6_839,Endothelial
c_1_6_840,Endothelial
c_1_6_841,Endothelial
c_1_6_842,Lymphoid-DC
c_1_6_843,Endothelial
c_1_6_844,Lymphoid-Other
c_1_6_845,Endothelial
c_1_6_846,Myeloid
c_1_6_847,Lymphoid-Other
c_1_6_848,Lymphoid-Other
c_1_6_849,Lymphoid-T
c_1_6_850,Endothelial
c_1_6_851,Endothelial
c_1_6_852,Endothelial
c_1_6_853,Mesenchymal-Stromal
c_1_6_854,None
c_1_6_855,Mesenchymal-Stromal
c_1_6_856,Lymphoid-DC
c_1_6_857,Lymphoid-T
c_1_6_858,Lymphoid-T
c_1_6_859,Endothelial
c_1_6_860,Endothelial
c_1_6_861,Endothelial
c_1_6_862,Endothelial
c_1_6_863,Lymphoid-Other
c_1_6_864,Lymphoid-T
c_1_6_865,Endothelial
c_1_6_866,Lymphoid-Plasma
c_1_6_867,Lymphoid-T
c_1_6_868,Lymphoid-DC
c_1_6_869,Endothelial
c_1_6_870,Lymphoid-T
c_1_6_871,Lymphoid-Other
c_1_6_872,Lymphoid-DC
c_1_6_873,Lymphoid-DC
c_1_6_874,Lymphoid-Other
c_1_6_875,Neuronal-Glial
c_1_6_876,Lymphoid-Plasma
c_1_6_877,Lymphoid-DC
c_1_6_878,Lymphoid-Other
c_1_6_879,Lymphoid-T
c_1_6_880,Lymphoid-DC
c_1_6_881,None
c_1_6_882,Lymphoid-DC
c_1_6_883,Lymphoid-Other
c_1_6_884,Mesenchymal-Stromal
c_1_6_885,Lymphoid-T
c_1_6_886,Lymphoid-Other
c_1_6_887,Lymphoid-DC
c_1_6_888,Lymphoid-Other
c_1_6_889,Lymphoid-T
c_1_6_890,Lymphoid-Other
c_1_6_891,Lymphoid-DC
c_1_6_892,None
c_1_6_893,None
c_1_6_894,Endothelial
c_1_6_895,Myeloid
c_1_6_896,Mesenchymal-Stromal
c_1_6_897,Lymphoid-T
c_1_6_898,Lymphoid-Other
c_1_6_899,None
c_1_6_900,Lymphoid-T
c_1_6_901,Endothelial
c_1_6_902,Lymphoid-DC
c_1_6_903,Lymphoid-Other
c_1_6_904,None
c_1_6_905,Lymphoid-DC
c_1_6_906,Endothelial
c_1_6_907,Lymphoid-DC
c_1_6_908,Myeloid
c_1_6_909,Lymphoid-Other
c_1_6_910,Endothelial
c_1_6_911,Lymphoid-T
c_1_6_912,Lymphoid-DC
c_1_6_913,Endothelial
c_1_6_914,Lymphoid-Other
c_1_6_915,None
c_1_6_916,Lymphoid-T
c_1_6_917,Lymphoid-T
c_1_6_918,Lymphoid-T
c_1_6_919,Lymphoid-DC
c_1_6_920,Lymphoid-DC
c_1_6_921,Lymphoid-Other
c_1_6_922,Lymphoid-DC
c_1_6_923,Lymphoid-Other
c_1_6_924,Lymphoid-DC
c_1_6_925,Myeloid
c_1_6_926,Lymphoid-Other
c_1_6_927,Lymphoid-DC
c_1_6_928,Lymphoid-Other
c_1_6_929,Lymphoid-B
c_1_6_930,Lymphoid-T
c_1_6_931,Myeloid
c_1_6_932,Lymphoid-DC
c_1_6_933,Myeloid
c_1_6_934,Lymphoid-Other
c_1_6_935,Endothelial
c_1_6_936,Lymphoid-DC
c_1_6_937,Lymphoid-T
c_1_6_938,Lymphoid-DC
c_1_6_939,Endothelial
c_1_6_940,Lymphoid-DC
c_1_6_941,Lymphoid-DC
c_1_6_942,Endothelial
c_1_6_943,Lymphoid-DC
c_1_6_944,Lymphoid-DC
c_1_6_945,Endothelial
c_1_6_946,Lymphoid-DC
c_1_6_947,Lymphoid-B
c_1_6_948,Lymphoid-DC
c_1_6_949,Lymphoid-DC
c_1_6_950,Lymphoid-Other
c_1_6_951,Lymphoid-DC
c_1_6_952,Lymphoid-T
c_1_6_953,Lymphoid-DC
c_1_6_954,Lymphoid-Other
c_1_6_955,Myeloid
c_1_6_956,Myeloid
c_1_6_957,Lymphoid-B
c_1_6_958,Endothelial
c_1_6_959,Lymphoid-Other
c_1_6_960,Lymphoid-DC
c_1_6_961,Lymphoid-T
c_1_6_962,Lymphoid-B
c_1_6_963,Lymphoid-DC
c_1_6_964,None
c_1_6_965,Myeloid
c_1_6_966,Myeloid
c_1_6_967,Lymphoid-DC
c_1_6_968,Lymphoid-B
c_1_6_969,Lymphoid-B
c_1_6_970,Lymphoid-DC
c_1_6_971,Endothelial
c_1_6_972,Lymphoid-DC
c_1_6_973,Lymphoid-DC
c_1_6_974,Endothelial
c_1_6_975,Endothelial
c_1_6_976,Lymphoid-B
c_1_6_977,Lymphoid-B
c_1_6_978,Lymphoid-DC
c_1_6_979,None
c_1_6_980,Endothelial
c_1_6_981,Lymphoid-DC
c_1_6_982,Lymphoid-T
c_1_6_983,Lymphoid-DC
c_1_6_984,Mesenchymal-Stromal
c_1_6_985,Lymphoid-T
c_1_6_986,Myeloid
c_1_6_987,Lymphoid-Plasma
c_1_6_988,Lymphoid-DC
c_1_6_989,Myeloid
c_1_6_990,Endothelial
c_1_6_991,Endothelial
c_1_6_992,Lymphoid-Other
c_1_6_993,Lymphoid-Other
c_1_6_994,Lymphoid-Other
c_1_6_995,Lymphoid-DC
c_1_6_996,Lymphoid-DC
c_1_6_997,Lymphoid-DC
c_1_6_998,Lymphoid-DC
c_1_6_999,Myeloid
c_1_6_1000,Lymphoid-Other
c_1_6_1001,Lymphoid-B
c_1_6_1002,Lymphoid-Other
c_1_6_1003,Lymphoid-T
c_1_6_1004,Lymphoid-DC
c_1_6_1005,None
c_1_6_1006,Lymphoid-T
c_1_6_1007,None
c_1_6_1008,None
c_1_6_1009,Lymphoid-DC
c_1_6_1010,Lymphoid-DC
c_1_6_1011,Lymphoid-B
c_1_6_1012,Lymphoid-DC
c_1_6_1013,Lymphoid-DC
c_1_6_1014,Endothelial
c_1_6_1015,Lymphoid-DC
c_1_6_1016,Lymphoid-DC
c_1_6_1017,Mesenchymal-Stromal
c_1_6_1018,Lymphoid-DC
c_1_6_1019,Lymphoid-DC
c_1_6_1020,Lymphoid-Other
c_1_6_1021,Lymphoid-DC
c_1_6_1022,Lymphoid-B
c_1_6_1023,Lymphoid-DC
c_1_6_1024,Lymphoid-T
c_1_6_1025,Myeloid
c_1_6_1026,Endothelial
c_1_6_1027,Endothelial
c_1_6_1028,Lymphoid-DC
c_1_6_1029,None
c_1_6_1030,None
c_1_6_1031,Lymphoid-DC
c_1_6_1032,Endothelial
c_1_6_1033,Lymphoid-Other
c_1_6_1034,Lymphoid-T
c_1_6_1035,Lymphoid-DC
c_1_6_1036,Lymphoid-DC
c_1_6_1037,Lymphoid-T
c_1_6_1038,Lymphoid-DC
c_1_6_1039,Lymphoid-DC
c_1_6_1040,Lymphoid-DC
c_1_6_1041,Lymphoid-DC
c_1_6_1042,Lymphoid-DC
c_1_6_1043,Lymphoid-DC
c_1_6_1044,Lymphoid-DC
c_1_6_1045,Endothelial
c_1_6_1046,Lymphoid-DC
c_1_6_1047,Lymphoid-DC
c_1_6_1048,None
c_1_6_1049,Myeloid
c_1_6_1050,Endothelial
c_1_6_1051,Lymphoid-DC
c_1_6_1052,Lymphoid-DC
c_1_6_1053,None
c_1_6_1054,None
c_1_6_1055,Lymphoid-Other
c_1_6_1056,Myeloid
c_1_6_1057,Lymphoid-DC
c_1_6_1058,Endothelial
c_1_6_1059,Lymphoid-Plasma
c_1_6_1060,Lymphoid-DC
c_1_6_1061,Lymphoid-DC
c_1_6_1062,None
c_1_6_1063,None
c_1_6_1064,Endothelial
c_1_6_1065,Lymphoid-DC
c_1_6_1066,Lymphoid-DC
c_1_6_1067,Lymphoid-DC
c_1_6_1068,Lymphoid-DC
c_1_6_1069,Lymphoid-DC
c_1_6_1070,Lymphoid-DC
c_1_6_1071,Lymphoid-Other
c_1_6_1072,Lymphoid-DC
c_1_6_1073,None
c_1_6_1074,Lymphoid-DC
c_1_6_1075,Lymphoid-B
c_1_7_1,Lymphoid-Other
c_1_7_2,Lymphoid-T
c_1_7_3,Lymphoid-T
c_1_7_4,Lymphoid-DC
c_1_7_5,Epithelial
c_1_7_6,Lymphoid-B
c_1_7_7,Lymphoid-B
c_1_7_8,Lymphoid-B
c_1_7_9,Lymphoid-DC
c_1_7_10,Lymphoid-B
c_1_7_11,Lymphoid-DC
c_1_7_12,Lymphoid-DC
c_1_7_13,Lymphoid-DC
c_1_7_14,Lymphoid-DC
c_1_7_15,Lymphoid-B
c_1_7_16,None
c_1_7_17,Lymphoid-B
c_1_7_18,Lymphoid-B
c_1_7_19,Lymphoid-B
c_1_7_20,Lymphoid-DC
c_1_7_21,Lymphoid-DC
c_1_7_22,Lymphoid-T
c_1_7_23,None
c_1_7_24,Lymphoid-B
c_1_7_25,Lymphoid-DC
c_1_7_26,Lymphoid-B
c_1_7_27,Lymphoid-B
c_1_7_28,Endothelial
c_1_7_29,Lymphoid-DC
c_1_7_30,Lymphoid-B
c_1_7_31,Lymphoid-B
c_1_7_32,Lymphoid-Other
c_1_7_33,Lymphoid-B
c_1_7_34,Lymphoid-B
c_1_7_35,Lymphoid-B
c_1_7_36,Lymphoid-B
c_1_7_37,Lymphoid-B
c_1_7_38,Lymphoid-B
c_1_7_39,Lymphoid-B
c_1_7_40,Myeloid
c_1_7_41,Lymphoid-DC
c_1_7_42,Lymphoid-B
c_1_7_43,Lymphoid-B
c_1_7_44,Lymphoid-B
c_1_7_45,Myeloid
c_1_7_46,Lymphoid-Other
c_1_7_47,Lymphoid-B
c_1_7_48,Lymphoid-B
c_1_7_49,Lymphoid-DC
c_1_7_50,Lymphoid-B
c_1_7_51,Lymphoid-B
c_1_7_52,Lymphoid-B
c_1_7_53,Lymphoid-DC
c_1_7_54,Lymphoid-DC
c_1_7_55,Lymphoid-B
c_1_7_56,Lymphoid-B
c_1_7_57,Lymphoid-DC
c_1_7_58,Lymphoid-DC
c_1_7_59,Lymphoid-B
c_1_7_60,Lymphoid-Other
c_1_7_61,Lymphoid-B
c_1_7_62,Lymphoid-B
c_1_7_63,Lymphoid-DC
c_1_7_64,Lymphoid-B
c_1_7_65,Myeloid
c_1_7_66,Stem
c_1_7_67,Lymphoid-B
c_1_7_68,Lymphoid-B
c_1_7_69,Lymphoid-DC
c_1_7_70,Lymphoid-B
c_1_7_71,Lymphoid-T
c_1_7_72,Lymphoid-B
c_1_7_73,Lymphoid-B
c_1_7_74,Lymphoid-B
c_1_7_75,Lymphoid-DC
c_1_7_76,Lymphoid-B
c_1_7_77,Lymphoid-B
c_1_7_78,Lymphoid-T
c_1_7_79,Lymphoid-B
c_1_7_80,Lymphoid-B
c_1_7_81,Lymphoid-DC
c_1_7_82,Myeloid
c_1_7_83,Lymphoid-DC
c_1_7_84,Lymphoid-DC
c_1_7_85,Lymphoid-DC
c_1_7_86,Lymphoid-B
c_1_7_87,Lymphoid-B
c_1_7_88,Lymphoid-B
c_1_7_89,Lymphoid-Other
c_1_7_90,Epithelial
c_1_7_91,Lymphoid-B
c_1_7_92,Lymphoid-B
c_1_7_93,Lymphoid-B
c_1_7_94,Lymphoid-Other
c_1_7_95,Lymphoid-B
c_1_7_96,Lymphoid-B
c_1_7_97,Lymphoid-B
c_1_7_98,Lymphoid-B
c_1_7_99,Lymphoid-DC
c_1_7_100,Lymphoid-B
c_1_7_101,Lymphoid-DC
c_1_7_102,Lymphoid-B
c_1_7_103,Lymphoid-B
c_1_7_104,Lymphoid-DC
c_1_7_105,Lymphoid-B
c_1_7_106,Lymphoid-B
c_1_7_107,Lymphoid-B
c_1_7_108,Lymphoid-Other
c_1_7_109,Lymphoid-B
c_1_7_110,Lymphoid-B
c_1_7_111,Lymphoid-B
c_1_7_112,Lymphoid-DC
c_1_7_113,Lymphoid-B
c_1_7_114,Lymphoid-DC
c_1_7_115,Lymphoid-B
c_1_7_116,Lymphoid-DC
c_1_7_117,Myeloid
c_1_7_118,Lymphoid-B
c_1_7_119,Lymphoid-B
c_1_7_120,Lymphoid-T
c_1_7_121,Lymphoid-B
c_1_7_122,Lymphoid-DC
c_1_7_123,Lymphoid-B
c_1_7_124,Lymphoid-B
c_1_7_125,Lymphoid-DC
c_1_7_126,Lymphoid-DC
c_1_7_127,Lymphoid-T
c_1_7_128,Lymphoid-B
c_1_7_129,Lymphoid-DC
c_1_7_130,Lymphoid-B
c_1_7_131,Lymphoid-B
c_1_7_132,Lymphoid-B
c_1_7_133,Lymphoid-B
c_1_7_134,Lymphoid-B
c_1_7_135,Lymphoid-B
c_1_7_136,Lymphoid-B
c_1_7_137,Lymphoid-B
c_1_7_138,Epithelial
c_1_7_139,Lymphoid-Other
c_1_7_140,Lymphoid-B
c_1_7_141,Lymphoid-DC
c_1_7_142,Lymphoid-DC
c_1_7_143,Lymphoid-DC
c_1_7_144,Lymphoid-B
c_1_7_145,Lymphoid-B
c_1_7_146,Lymphoid-B
c_1_7_147,Lymphoid-DC
c_1_7_148,Lymphoid-B
c_1_7_149,Lymphoid-B
c_1_7_150,Lymphoid-B
c_1_7_151,Epithelial
c_1_7_152,Lymphoid-B
c_1_7_153,Lymphoid-B
c_1_7_154,Lymphoid-T
c_1_7_155,Lymphoid-B
c_1_7_156,Lymphoid-B
c_1_7_157,Lymphoid-B
c_1_7_158,Lymphoid-B
c_1_7_159,Epithelial
c_1_7_160,Epithelial
c_1_7_161,Lymphoid-DC
c_1_7_162,Lymphoid-B
c_1_7_163,None
c_1_7_164,Lymphoid-DC
c_1_7_165,Lymphoid-B
c_1_7_166,Lymphoid-B
c_1_7_167,Lymphoid-T
c_1_7_168,Lymphoid-Other
c_1_7_169,Lymphoid-B
c_1_7_170,Lymphoid-DC
c_1_7_171,Lymphoid-B
c_1_7_172,Lymphoid-DC
c_1_7_173,Epithelial
c_1_7_174,Lymphoid-B
c_1_7_175,Lymphoid-B
c_1_7_176,Lymphoid-B
c_1_7_177,Lymphoid-DC
c_1_7_178,Lymphoid-B
c_1_7_179,Lymphoid-B
c_1_7_180,Lymphoid-DC
c_1_7_181,Lymphoid-DC
c_1_7_182,Lymphoid-B
c_1_7_183,Lymphoid-B
c_1_7_184,Lymphoid-T
c_1_7_185,Lymphoid-B
c_1_7_186,Lymphoid-B
c_1_7_187,Lymphoid-DC
c_1_7_188,Myeloid
c_1_7_189,Epithelial
c_1_7_190,Epithelial
c_1_7_191,Lymphoid-DC
c_1_7_192,Lymphoid-B
c_1_7_193,Epithelial
c_1_7_194,Lymphoid-B
c_1_7_195,Lymphoid-B
c_1_7_196,Lymphoid-B
c_1_7_197,Lymphoid-B
c_1_7_198,Lymphoid-DC
c_1_7_199,Lymphoid-B
c_1_7_200,Lymphoid-B
c_1_7_201,Epithelial
c_1_7_202,Lymphoid-B
c_1_7_203,Lymphoid-B
c_1_7_204,Lymphoid-B
c_1_7_205,Lymphoid-B
c_1_7_206,Lymphoid-DC
c_1_7_207,Epithelial
c_1_7_208,Lymphoid-B
c_1_7_209,Lymphoid-DC
c_1_7_210,Myeloid
c_1_7_211,Lymphoid-B
c_1_7_212,Epithelial
c_1_7_213,Lymphoid-Other
c_1_7_214,Epithelial
c_1_7_215,None
c_1_7_216,Lymphoid-B
c_1_7_217,Lymphoid-B
c_1_7_218,Lymphoid-DC
c_1_7_219,Lymphoid-B
c_1_7_220,Lymphoid-B
c_1_7_221,Lymphoid-Other
c_1_7_222,Lymphoid-B
c_1_7_223,Lymphoid-Other
c_1_7_224,Lymphoid-B
c_1_7_225,Lymphoid-B
c_1_7_226,Lymphoid-B
c_1_7_227,Lymphoid-B
c_1_7_228,Lymphoid-B
c_1_7_229,Lymphoid-B
c_1_7_230,Lymphoid-B
c_1_7_231,Lymphoid-DC
c_1_7_232,Lymphoid-B
c_1_7_233,Epithelial
c_1_7_234,Lymphoid-B
c_1_7_235,Lymphoid-B
c_1_7_236,None
c_1_7_237,Lymphoid-DC
c_1_7_238,Lymphoid-B
c_1_7_239,Lymphoid-B
c_1_7_240,Lymphoid-B
c_1_7_241,Lymphoid-B
c_1_7_242,Lymphoid-DC
c_1_7_243,Lymphoid-B
c_1_7_244,Lymphoid-B
c_1_7_245,Lymphoid-Other
c_1_7_246,Lymphoid-DC
c_1_7_247,Epithelial
c_1_7_248,Lymphoid-B
c_1_7_249,Lymphoid-B
c_1_7_250,Lymphoid-B
c_1_7_251,Lymphoid-B
c_1_7_252,Lymphoid-T
c_1_7_253,Lymphoid-B
c_1_7_254,Lymphoid-B
c_1_7_255,Lymphoid-DC
c_1_7_256,Lymphoid-B
c_1_7_257,Lymphoid-DC
c_1_7_258,Lymphoid-B
c_1_7_259,Lymphoid-DC
c_1_7_260,Lymphoid-Other
c_1_7_261,Lymphoid-B
c_1_7_262,None
c_1_7_263,Lymphoid-B
c_1_7_264,Lymphoid-B
c_1_7_265,Lymphoid-B
c_1_7_266,Lymphoid-B
c_1_7_267,Lymphoid-B
c_1_7_268,Lymphoid-DC
c_1_7_269,Lymphoid-DC
c_1_7_270,Lymphoid-B
c_1_7_271,Lymphoid-B
c_1_7_272,Lymphoid-B
c_1_7_273,Lymphoid-B
c_1_7_274,Lymphoid-B
c_1_7_275,Lymphoid-B
c_1_7_276,Endothelial
c_1_7_277,Lymphoid-B
c_1_7_278,Lymphoid-B
c_1_7_279,Epithelial
c_1_7_280,Lymphoid-B
c_1_7_281,Lymphoid-B
c_1_7_282,Lymphoid-B
c_1_7_283,Lymphoid-B
c_1_7_284,Lymphoid-B
c_1_7_285,Myeloid
c_1_7_286,Lymphoid-B
c_1_7_287,Lymphoid-B
c_1_7_288,Lymphoid-B
c_1_7_289,Lymphoid-T
c_1_7_290,Lymphoid-B
c_1_7_291,Myeloid
c_1_7_292,Lymphoid-B
c_1_7_293,Lymphoid-B
c_1_7_294,Lymphoid-B
c_1_7_295,Lymphoid-DC
c_1_7_296,Lymphoid-B
c_1_7_297,Lymphoid-T
c_1_7_298,Lymphoid-B
c_1_7_299,Lymphoid-B
c_1_7_300,Lymphoid-B
c_1_7_301,Lymphoid-B
c_1_7_302,Epithelial
c_1_7_303,Epithelial
c_1_7_304,Lymphoid-DC
c_1_7_305,Lymphoid-B
c_1_7_306,Lymphoid-B
c_1_7_307,Lymphoid-B
c_1_7_308,Lymphoid-B
c_1_7_309,Epithelial
c_1_7_310,Lymphoid-B
c_1_7_311,Lymphoid-B
c_1_7_312,Lymphoid-B
c_1_7_313,Lymphoid-B
c_1_7_314,Lymphoid-T
c_1_7_315,Lymphoid-B
c_1_7_316,Lymphoid-B
c_1_7_317,Lymphoid-B
c_1_7_318,Lymphoid-B
c_1_7_319,Epithelial
c_1_7_320,Lymphoid-Other
c_1_7_321,Lymphoid-DC
c_1_7_322,None
c_1_7_323,Lymphoid-B
c_1_7_324,Lymphoid-T
c_1_7_325,Myeloid
c_1_7_326,Lymphoid-DC
c_1_7_327,Lymphoid-T
c_1_7_328,Lymphoid-B
c_1_7_329,Lymphoid-B
c_1_7_330,Lymphoid-DC
c_1_7_331,Lymphoid-B
c_1_7_332,Lymphoid-T
c_1_7_333,Lymphoid-B
c_1_7_334,Lymphoid-B
c_1_7_335,Lymphoid-B
c_1_7_336,Lymphoid-B
c_1_7_337,Lymphoid-B
c_1_7_338,Lymphoid-B
c_1_7_339,Lymphoid-B
c_1_7_340,Lymphoid-DC
c_1_7_341,Lymphoid-DC
c_1_7_342,Epithelial
c_1_7_343,Lymphoid-B
c_1_7_344,Epithelial
c_1_7_345,Lymphoid-DC
c_1_7_346,Lymphoid-B
c_1_7_347,Lymphoid-B
c_1_7_348,Lymphoid-B
c_1_7_349,Lymphoid-Other
c_1_7_350,Lymphoid-B
c_1_7_351,Lymphoid-B
c_1_7_352,Lymphoid-DC
c_1_7_353,Lymphoid-DC
c_1_7_354,Lymphoid-B
c_1_7_355,Lymphoid-B
c_1_7_356,None
c_1_7_357,Lymphoid-B
c_1_7_358,Lymphoid-B
c_1_7_359,None
c_1_7_360,Lymphoid-B
c_1_7_361,Lymphoid-DC
c_1_7_362,Lymphoid-Other
c_1_7_363,None
c_1_7_364,Lymphoid-DC
c_1_7_365,Lymphoid-B
c_1_7_366,Lymphoid-B
c_1_7_367,Lymphoid-DC
c_1_7_368,Lymphoid-DC
c_1_7_369,Lymphoid-B
c_1_7_370,Lymphoid-DC
c_1_7_371,Lymphoid-B
c_1_7_372,Lymphoid-B
c_1_7_373,Lymphoid-B
c_1_7_374,Myeloid
c_1_7_375,Lymphoid-B
c_1_7_376,Lymphoid-DC
c_1_7_377,Lymphoid-B
c_1_7_378,Lymphoid-B
c_1_7_379,Lymphoid-B
c_1_7_380,Lymphoid-B
c_1_7_381,Lymphoid-T
c_1_7_382,Lymphoid-B
c_1_7_383,Lymphoid-B
c_1_7_384,Lymphoid-DC
c_1_7_385,Lymphoid-DC
c_1_7_386,Lymphoid-B
c_1_7_387,Lymphoid-DC
c_1_7_388,Lymphoid-B
c_1_7_389,Lymphoid-B
c_1_7_390,Lymphoid-B
c_1_7_391,Lymphoid-B
c_1_7_392,Myeloid
c_1_7_393,Lymphoid-B
c_1_7_394,Lymphoid-DC
c_1_7_395,Lymphoid-B
c_1_7_396,Lymphoid-Other
c_1_7_397,Lymphoid-DC
c_1_7_398,Lymphoid-B
c_1_7_399,Lymphoid-B
c_1_7_400,Lymphoid-B
c_1_7_401,Lymphoid-B
c_1_7_402,Lymphoid-DC
c_1_7_403,Lymphoid-B
c_1_7_404,Lymphoid-DC
c_1_7_405,Lymphoid-B
c_1_7_406,None
c_1_7_407,Lymphoid-B
c_1_7_408,Lymphoid-DC
c_1_7_409,None
c_1_7_410,Lymphoid-B
c_1_7_411,Lymphoid-B
c_1_7_412,Lymphoid-DC
c_1_7_413,Lymphoid-B
c_1_7_414,Lymphoid-Other
c_1_7_415,None
c_1_7_416,Lymphoid-DC
c_1_7_417,Lymphoid-B
c_1_7_418,Lymphoid-DC
c_1_7_419,Epithelial
c_1_7_420,Lymphoid-B
c_1_7_421,Lymphoid-Other
c_1_7_422,Lymphoid-B
c_1_7_423,Lymphoid-B
c_1_7_424,Lymphoid-DC
c_1_7_425,Lymphoid-DC
c_1_7_426,Lymphoid-DC
c_1_7_427,Lymphoid-B
c_1_7_428,Lymphoid-B
c_1_7_429,Lymphoid-B
c_1_7_430,Lymphoid-B
c_1_7_431,Lymphoid-B
c_1_7_432,Lymphoid-B
c_1_7_433,None
c_1_7_434,Lymphoid-B
c_1_7_435,Lymphoid-B
c_1_7_436,Lymphoid-DC
c_1_7_437,Lymphoid-DC
c_1_7_438,Lymphoid-B
c_1_7_439,Lymphoid-DC
c_1_7_440,Myeloid
c_1_7_441,Lymphoid-Other
c_1_7_442,Lymphoid-B
c_1_7_443,Lymphoid-B
c_1_7_444,Lymphoid-B
c_1_7_445,Lymphoid-Other
c_1_7_446,Lymphoid-B
c_1_7_447,Lymphoid-B
c_1_7_448,Lymphoid-DC
c_1_7_449,Lymphoid-B
c_1_7_450,None
c_1_7_451,Lymphoid-B
c_1_7_452,Myeloid
c_1_7_453,Lymphoid-B
c_1_7_454,Lymphoid-B
c_1_7_455,Lymphoid-B
c_1_7_456,Lymphoid-B
c_1_7_457,Lymphoid-B
c_1_7_458,Lymphoid-T
c_1_7_459,Lymphoid-DC
c_1_7_460,Lymphoid-B
c_1_7_461,Lymphoid-B
c_1_7_462,Lymphoid-B
c_1_7_463,Lymphoid-B
c_1_7_464,Lymphoid-DC
c_1_7_465,Lymphoid-B
c_1_7_466,Lymphoid-DC
c_1_7_467,Lymphoid-B
c_1_7_468,Lymphoid-B
c_1_7_469,Lymphoid-DC
c_1_7_470,Lymphoid-B
c_1_7_471,Lymphoid-T
c_1_7_472,Lymphoid-B
c_1_7_473,Lymphoid-B
c_1_7_474,Lymphoid-B
c_1_7_475,Lymphoid-DC
c_1_7_476,Lymphoid-DC
c_1_7_477,Lymphoid-B
c_1_7_478,Lymphoid-B
c_1_7_479,Lymphoid-B
c_1_7_480,Lymphoid-B
c_1_7_481,Lymphoid-B
c_1_7_482,Lymphoid-B
c_1_7_483,Lymphoid-B
c_1_7_484,Lymphoid-B
c_1_7_485,Lymphoid-B
c_1_7_486,Lymphoid-DC
c_1_7_487,Lymphoid-B
c_1_7_488,Lymphoid-B
c_1_7_489,Lymphoid-DC
c_1_7_490,Lymphoid-B
c_1_7_491,Lymphoid-B
c_1_7_492,Lymphoid-DC
c_1_7_493,Lymphoid-B
c_1_7_494,Lymphoid-B
c_1_7_495,Lymphoid-B
c_1_7_496,Lymphoid-B
c_1_7_497,Lymphoid-B
c_1_7_498,Lymphoid-B
c_1_7_499,Myeloid
c_1_7_500,Lymphoid-T
c_1_7_501,Lymphoid-B
c_1_7_502,Lymphoid-B
c_1_7_503,Lymphoid-DC
c_1_7_504,Lymphoid-B
c_1_7_505,Lymphoid-B
c_1_7_506,None
c_1_7_507,Lymphoid-B
c_1_7_508,None
c_1_7_509,None
c_1_7_510,Lymphoid-B
c_1_7_511,Lymphoid-B
c_1_7_512,Lymphoid-DC
c_1_7_513,Lymphoid-DC
c_1_7_514,Lymphoid-B
c_1_7_515,Lymphoid-B
c_1_7_516,Lymphoid-B
c_1_7_517,Lymphoid-B
c_1_7_518,Lymphoid-DC
c_1_7_519,Lymphoid-B
c_1_7_520,Lymphoid-B
c_1_7_521,Lymphoid-B
c_1_7_522,Lymphoid-DC
c_1_7_523,Lymphoid-B
c_1_7_524,Lymphoid-B
c_1_7_525,Lymphoid-Plasma
c_1_7_526,Lymphoid-DC
c_1_7_527,Lymphoid-B
c_1_7_528,Lymphoid-DC
c_1_7_529,Lymphoid-B
c_1_7_530,Lymphoid-B
c_1_7_531,Lymphoid-Plasma
c_1_7_532,Lymphoid-B
c_1_7_533,Lymphoid-B
c_1_7_534,Lymphoid-DC
c_1_7_535,Myeloid
c_1_7_536,Lymphoid-T
c_1_7_537,Lymphoid-T
c_1_7_538,Lymphoid-B
c_1_7_539,Lymphoid-B
c_1_7_540,Lymphoid-DC
c_1_7_541,Lymphoid-B
c_1_7_542,Lymphoid-DC
c_1_7_543,Lymphoid-B
c_1_7_544,Lymphoid-B
c_1_7_545,Lymphoid-B
c_1_7_546,Lymphoid-DC
c_1_7_547,Lymphoid-B
c_1_7_548,Lymphoid-B
c_1_7_549,Lymphoid-B
c_1_7_550,Lymphoid-DC
c_1_7_551,Lymphoid-B
c_1_7_552,Lymphoid-B
c_1_7_553,Lymphoid-DC
c_1_7_554,Lymphoid-B
c_1_7_555,Lymphoid-Other
c_1_7_556,Lymphoid-B
c_1_7_557,Lymphoid-B
c_1_7_558,Lymphoid-B
c_1_7_559,Lymphoid-T
c_1_7_560,Lymphoid-DC
c_1_7_561,None
c_1_7_562,Lymphoid-DC
c_1_7_563,Lymphoid-B
c_1_7_564,None
c_1_7_565,Lymphoid-B
c_1_7_566,Lymphoid-B
c_1_7_567,Lymphoid-Other
c_1_7_568,Lymphoid-B
c_1_7_569,Lymphoid-B
c_1_7_570,Lymphoid-T
c_1_7_571,Lymphoid-B
c_1_7_572,Lymphoid-B
c_1_7_573,Lymphoid-T
c_1_7_574,Lymphoid-B
c_1_7_575,Lymphoid-B
c_1_7_576,Lymphoid-DC
c_1_7_577,Lymphoid-B
c_1_7_578,Myeloid
c_1_7_579,Lymphoid-B
c_1_7_580,Lymphoid-DC
c_1_7_581,Lymphoid-B
c_1_7_582,Lymphoid-DC
c_1_7_583,Lymphoid-B
c_1_7_584,None
c_1_7_585,Lymphoid-B
c_1_7_586,Lymphoid-B
c_1_7_587,Lymphoid-B
c_1_7_588,None
c_1_7_589,Lymphoid-B
c_1_7_590,Lymphoid-B
c_1_7_591,Lymphoid-B
c_1_7_592,None
c_1_7_593,None
c_1_7_594,None
c_1_7_595,Lymphoid-B
c_1_7_596,Lymphoid-DC
c_1_7_597,Lymphoid-B
c_1_7_598,Lymphoid-B
c_1_7_599,Lymphoid-DC
c_1_7_600,Lymphoid-DC
c_1_7_601,Epithelial
c_1_7_602,Lymphoid-B
c_1_7_603,Lymphoid-B
c_1_7_604,Lymphoid-T
c_1_7_605,Lymphoid-B
c_1_7_606,Lymphoid-B
c_1_7_607,Lymphoid-B
c_1_7_608,Lymphoid-B
c_1_7_609,Lymphoid-B
c_1_7_610,Lymphoid-B
c_1_7_611,Lymphoid-B
c_1_7_612,Lymphoid-B
c_1_7_613,Lymphoid-T
c_1_7_614,Epithelial
c_1_7_615,Lymphoid-B
c_1_7_616,Lymphoid-DC
c_1_7_617,Epithelial
c_1_7_618,Lymphoid-DC
c_1_7_619,Lymphoid-B
c_1_7_620,Lymphoid-B
c_1_7_621,Lymphoid-B
c_1_7_622,Lymphoid-DC
c_1_7_623,Lymphoid-B
c_1_7_624,Lymphoid-B
c_1_7_625,Lymphoid-B
c_1_7_626,Lymphoid-B
c_1_7_627,Lymphoid-B
c_1_7_628,Lymphoid-DC
c_1_7_629,Lymphoid-B
c_1_7_630,Lymphoid-B
c_1_7_631,None
c_1_7_632,Lymphoid-B
c_1_7_633,Lymphoid-B
c_1_7_634,Lymphoid-DC
c_1_7_635,Lymphoid-DC
c_1_7_636,None
c_1_7_637,Epithelial
c_1_7_638,Lymphoid-B
c_1_7_639,Epithelial
c_1_7_640,Lymphoid-B
c_1_7_641,Lymphoid-B
c_1_7_642,Lymphoid-DC
c_1_7_643,Lymphoid-B
c_1_7_644,None
c_1_7_645,Lymphoid-B
c_1_7_646,Lymphoid-DC
c_1_7_647,Lymphoid-DC
c_1_7_648,Lymphoid-DC
c_1_7_649,Myeloid
c_1_7_650,Lymphoid-DC
c_1_7_651,Epithelial
c_1_7_652,None
c_1_7_653,Lymphoid-B
c_1_7_654,Lymphoid-B
c_1_7_655,Lymphoid-B
c_1_7_656,Lymphoid-B
c_1_7_657,Lymphoid-DC
c_1_7_658,Lymphoid-B
c_1_7_659,None
c_1_7_660,Lymphoid-B
c_1_7_661,Lymphoid-B
c_1_7_662,Lymphoid-B
c_1_7_663,Lymphoid-DC
c_1_7_664,Lymphoid-DC
c_1_7_665,Epithelial
c_1_7_666,Lymphoid-DC
c_1_7_667,Lymphoid-Other
c_1_7_668,Lymphoid-DC
c_1_7_669,Lymphoid-B
c_1_7_670,Lymphoid-DC
c_1_7_671,Lymphoid-B
c_1_7_672,Lymphoid-T
c_1_7_673,Lymphoid-B
c_1_7_674,Lymphoid-B
c_1_7_675,Lymphoid-DC
c_1_7_676,Lymphoid-DC
c_1_7_677,Endothelial
c_1_7_678,Lymphoid-DC
c_1_7_679,Lymphoid-B
c_1_7_680,Lymphoid-Plasma
c_1_7_681,Lymphoid-Other
c_1_7_682,Lymphoid-B
c_1_7_683,Lymphoid-B
c_1_7_684,Lymphoid-B
c_1_7_685,Lymphoid-B
c_1_7_686,Epithelial
c_1_7_687,Epithelial
c_1_7_688,Lymphoid-B
c_1_7_689,Lymphoid-B
c_1_7_690,Lymphoid-T
c_1_7_691,Lymphoid-B
c_1_7_692,Lymphoid-B
c_1_7_693,Lymphoid-B
c_1_7_694,Lymphoid-B
c_1_7_695,Lymphoid-DC
c_1_7_696,Lymphoid-B
c_1_7_697,Lymphoid-DC
c_1_7_698,Lymphoid-B
c_1_7_699,Lymphoid-B
c_1_7_700,Lymphoid-B
c_1_7_701,Lymphoid-Other
c_1_7_702,None
c_1_7_703,Lymphoid-B
c_1_7_704,Lymphoid-DC
c_1_7_705,Lymphoid-B
c_1_7_706,Lymphoid-B
c_1_7_707,Lymphoid-B
c_1_7_708,Myeloid
c_1_7_709,Lymphoid-Other
c_1_7_710,Lymphoid-B
c_1_7_711,Lymphoid-DC
c_1_7_712,Lymphoid-T
c_1_7_713,Lymphoid-B
c_1_7_714,Lymphoid-B
c_1_7_715,Lymphoid-B
c_1_7_716,Lymphoid-B
c_1_7_717,Lymphoid-DC
c_1_7_718,Epithelial
c_1_7_719,Lymphoid-B
c_1_7_720,Lymphoid-DC
c_1_7_721,Lymphoid-Plasma
c_1_7_722,Lymphoid-T
c_1_7_723,Lymphoid-B
c_1_7_724,Lymphoid-DC
c_1_7_725,Lymphoid-B
c_1_7_726,Lymphoid-B
c_1_7_727,Lymphoid-B
c_1_7_728,Lymphoid-Other
c_1_7_729,Lymphoid-Other
c_1_7_730,Lymphoid-DC
c_1_7_731,Lymphoid-B
c_1_7_732,Lymphoid-B
c_1_7_733,Lymphoid-B
c_1_7_734,Lymphoid-B
c_1_7_735,Lymphoid-DC
c_1_7_736,Lymphoid-B
c_1_7_737,Lymphoid-DC
c_1_7_738,Lymphoid-DC
c_1_7_739,Lymphoid-DC
c_1_7_740,Lymphoid-T
c_1_7_741,Lymphoid-DC
c_1_7_742,Lymphoid-DC
c_1_7_743,Lymphoid-B
c_1_7_744,Lymphoid-DC
c_1_7_745,Lymphoid-T
c_1_7_746,Lymphoid-DC
c_1_7_747,Lymphoid-DC
c_1_7_748,Lymphoid-DC
c_1_7_749,None
c_1_7_750,Lymphoid-T
c_1_7_751,Lymphoid-B
c_1_7_752,Lymphoid-DC
c_1_7_753,Lymphoid-B
c_1_7_754,Lymphoid-T
c_1_7_755,Lymphoid-DC
c_1_7_756,Epithelial
c_1_7_757,Lymphoid-B
c_1_7_758,Lymphoid-Other
c_1_7_759,Lymphoid-B
c_1_7_760,Lymphoid-DC
c_1_7_761,Lymphoid-B
c_1_7_762,Lymphoid-B
c_1_7_763,Lymphoid-B
c_1_7_764,Lymphoid-B
c_1_7_765,Lymphoid-B
c_1_7_766,Lymphoid-B
c_1_7_767,Lymphoid-B
c_1_7_768,Lymphoid-DC
c_1_7_769,Lymphoid-DC
c_1_7_770,Lymphoid-B
c_1_7_771,Lymphoid-B
c_1_7_772,Myeloid
c_1_7_773,Lymphoid-B
c_1_7_774,Lymphoid-DC
c_1_7_775,Lymphoid-Other
c_1_7_776,Lymphoid-DC
c_1_7_777,Lymphoid-B
c_1_7_778,Lymphoid-DC
c_1_7_779,Lymphoid-B
c_1_7_780,None
c_1_7_781,Myeloid
c_1_7_782,Endothelial
c_1_7_783,Lymphoid-B
c_1_7_784,Lymphoid-Other
c_1_7_785,Lymphoid-B
c_1_7_786,Lymphoid-B
c_1_7_787,None
c_1_7_788,Lymphoid-DC
c_1_7_789,Lymphoid-B
c_1_7_790,Lymphoid-B
c_1_7_791,Lymphoid-DC
c_1_7_792,Lymphoid-DC
c_1_7_793,None
c_1_7_794,Lymphoid-DC
c_1_7_795,Lymphoid-DC
c_1_7_796,Lymphoid-T
c_1_7_797,Lymphoid-B
c_1_7_798,Lymphoid-T
c_1_7_799,Lymphoid-DC
c_1_7_800,Lymphoid-B
c_1_7_801,Lymphoid-T
c_1_7_802,Lymphoid-B
c_1_7_803,Lymphoid-B
c_1_7_804,Lymphoid-B
c_1_7_805,Lymphoid-B
c_1_7_806,Lymphoid-B
c_1_7_807,Lymphoid-DC
c_1_7_808,Lymphoid-DC
c_1_7_809,None
c_1_7_810,Lymphoid-T
c_1_7_811,Lymphoid-B
c_1_7_812,Myeloid
c_1_7_813,Lymphoid-DC
c_1_7_814,Lymphoid-DC
c_1_7_815,Lymphoid-B
c_1_7_816,Lymphoid-B
c_1_7_817,None
c_1_7_818,Lymphoid-DC
c_1_7_819,Lymphoid-DC
c_1_7_820,None
c_1_7_821,Lymphoid-B
c_1_7_822,Lymphoid-B
c_1_7_823,Lymphoid-B
c_1_7_824,Lymphoid-DC
c_1_7_825,Lymphoid-B
c_1_7_826,Lymphoid-B
c_1_7_827,Lymphoid-B
c_1_7_828,None
c_1_7_829,None
c_1_7_830,Lymphoid-B
c_1_7_831,Lymphoid-Other
c_1_7_832,Lymphoid-DC
c_1_7_833,Lymphoid-DC
c_1_7_834,Lymphoid-B
c_1_7_835,Lymphoid-DC
c_1_7_836,Lymphoid-Other
c_1_7_837,Lymphoid-B
c_1_7_838,Lymphoid-DC
c_1_7_839,Lymphoid-DC
c_1_7_840,Lymphoid-DC
c_1_7_841,Lymphoid-DC
c_1_7_842,Myeloid
c_1_7_843,Lymphoid-B
c_1_7_844,Lymphoid-B
c_1_7_845,Lymphoid-T
c_1_7_846,Lymphoid-B
c_1_7_847,Lymphoid-Other
c_1_7_848,Lymphoid-DC
c_1_7_849,Lymphoid-B
c_1_7_850,Lymphoid-DC
c_1_7_851,Lymphoid-B
c_1_7_852,Lymphoid-B
c_1_7_853,Lymphoid-Other
c_1_7_854,Lymphoid-B
c_1_7_855,Lymphoid-B
c_1_7_856,Lymphoid-Other
c_1_7_857,Lymphoid-Other
c_1_7_858,Lymphoid-Other
c_1_7_859,Lymphoid-T
c_1_7_860,Lymphoid-B
c_1_7_861,Lymphoid-B
c_1_7_862,Lymphoid-B
c_1_7_863,Lymphoid-T
c_1_7_864,Lymphoid-B
c_1_7_865,Lymphoid-DC
c_1_7_866,Lymphoid-DC
c_1_7_867,Lymphoid-Other
c_1_7_868,Endothelial
c_1_7_869,Lymphoid-B
c_1_7_870,Lymphoid-B
c_1_7_871,Myeloid
c_1_7_872,Lymphoid-B
c_1_7_873,Lymphoid-B
c_1_7_874,Lymphoid-T
c_1_7_875,None
c_1_7_876,Lymphoid-DC
c_1_7_877,Lymphoid-T
c_1_7_878,Lymphoid-DC
c_1_7_879,Lymphoid-DC
c_1_7_880,Lymphoid-DC
c_1_7_881,Lymphoid-DC
c_1_7_882,Lymphoid-B
c_1_7_883,Lymphoid-B
c_1_7_884,Lymphoid-T
c_1_7_885,Lymphoid-DC
c_1_7_886,Lymphoid-T
c_1_7_887,Lymphoid-B
c_1_7_888,Lymphoid-T
c_1_7_889,Lymphoid-DC
c_1_7_890,Lymphoid-DC
c_1_7_891,Lymphoid-B
c_1_7_892,Lymphoid-B
c_1_7_893,Myeloid
c_1_7_894,Lymphoid-B
c_1_7_895,None
c_1_7_896,Lymphoid-B
c_1_7_897,Lymphoid-DC
c_1_7_898,Lymphoid-DC
c_1_7_899,Lymphoid-T
c_1_7_900,Lymphoid-Other
c_1_7_901,Myeloid
c_1_7_902,Lymphoid-T
c_1_7_903,Lymphoid-Other
c_1_7_904,Lymphoid-B
c_1_7_905,Lymphoid-DC
c_1_7_906,Lymphoid-DC
c_1_7_907,Lymphoid-B
c_1_7_908,Lymphoid-T
c_1_7_909,Lymphoid-B
c_1_7_910,Lymphoid-B
c_1_7_911,Lymphoid-B
c_1_7_912,Lymphoid-Other
c_1_7_913,Lymphoid-B
c_1_7_914,Lymphoid-DC
c_1_7_915,Lymphoid-Other
c_1_7_916,Endothelial
c_1_7_917,Lymphoid-B
c_1_7_918,Lymphoid-DC
c_1_7_919,Lymphoid-Other
c_1_7_920,Lymphoid-B
c_1_7_921,Lymphoid-B
c_1_7_922,Lymphoid-DC
c_1_7_923,Lymphoid-DC
c_1_7_924,Lymphoid-DC
c_1_7_925,Endothelial
c_1_7_926,Lymphoid-B
c_1_7_927,Lymphoid-B
c_1_7_928,None
c_1_7_929,Lymphoid-DC
c_1_7_930,Lymphoid-DC
c_1_7_931,Lymphoid-DC
c_1_7_932,Lymphoid-T
c_1_7_933,Lymphoid-T
c_1_7_934,Lymphoid-B
c_1_7_935,Lymphoid-T
c_1_7_936,None
c_1_7_937,Lymphoid-B
c_1_7_938,Lymphoid-DC
c_1_7_939,Lymphoid-DC
c_1_7_940,Lymphoid-DC
c_1_7_941,Lymphoid-DC
c_1_7_942,Lymphoid-T
c_1_7_943,Lymphoid-B
c_1_7_944,Lymphoid-DC
c_1_7_945,Lymphoid-DC
c_1_7_946,Lymphoid-DC
c_1_7_947,Lymphoid-T
c_1_7_948,Myeloid
c_1_7_949,Lymphoid-T
c_1_7_950,Lymphoid-B
c_1_7_951,Lymphoid-DC
c_1_7_952,Lymphoid-B
c_1_7_953,Lymphoid-DC
c_1_7_954,Lymphoid-DC
c_1_7_955,Endothelial
c_1_7_956,None
c_1_7_957,Lymphoid-DC
c_1_7_958,Lymphoid-Plasma
c_1_7_959,Lymphoid-DC
c_1_7_960,Lymphoid-DC
c_1_7_961,Lymphoid-DC
c_1_7_962,Lymphoid-DC
c_1_7_963,Endothelial
c_1_7_964,Lymphoid-DC
c_1_7_965,Lymphoid-DC
c_1_7_966,Lymphoid-DC
c_1_7_967,Endothelial
c_1_7_968,Lymphoid-DC
c_1_7_969,None
c_1_7_970,Lymphoid-DC
c_1_7_971,Lymphoid-B
c_1_7_972,Lymphoid-DC
c_1_7_973,None
c_1_7_974,Lymphoid-DC
c_1_7_975,Lymphoid-Other
c_1_7_976,Lymphoid-DC
c_1_7_977,Myeloid
c_1_7_978,Myeloid
c_1_7_979,Lymphoid-DC
c_1_7_980,Endothelial
c_1_7_981,Lymphoid-B
c_1_7_982,Lymphoid-Other
c_1_7_983,Lymphoid-T
c_1_7_984,Lymphoid-DC
c_1_7_985,Lymphoid-DC
c_1_7_986,None
c_1_7_987,Endothelial
c_1_7_988,Lymphoid-B
c_1_7_989,Lymphoid-B
c_1_7_990,Lymphoid-DC
c_1_7_991,Epithelial
c_1_7_992,Lymphoid-B
c_1_7_993,Lymphoid-B
c_1_7_994,Lymphoid-DC
c_1_7_995,Lymphoid-B
c_1_7_996,Lymphoid-T
c_1_7_997,Myeloid
c_1_7_998,Lymphoid-DC
c_1_7_999,Lymphoid-DC
c_1_7_1000,Lymphoid-DC
c_1_7_1001,Stem
c_1_7_1002,Lymphoid-DC
c_1_7_1003,Lymphoid-B
c_1_7_1004,Lymphoid-DC
c_1_7_1005,Lymphoid-T
c_1_7_1006,Lymphoid-DC
c_1_7_1007,Lymphoid-DC
c_1_7_1008,Lymphoid-Other
c_1_7_1009,Lymphoid-T
c_1_7_1010,None
c_1_7_1011,Lymphoid-T
c_1_7_1012,Epithelial
c_1_7_1013,Lymphoid-DC
c_1_7_1014,Lymphoid-T
c_1_7_1015,Lymphoid-DC
c_1_7_1016,Lymphoid-DC
c_1_7_1017,Lymphoid-DC
c_1_7_1018,Lymphoid-B
c_1_7_1019,Lymphoid-Other
c_1_7_1020,Myeloid
c_1_7_1021,Lymphoid-T
c_1_7_1022,Lymphoid-B
c_1_7_1023,Lymphoid-B
c_1_7_1024,Myeloid
c_1_7_1025,Lymphoid-DC
c_1_7_1026,Myeloid
c_1_7_1027,Myeloid
c_1_7_1028,Lymphoid-DC
c_1_7_1029,Lymphoid-Plasma
c_1_7_1030,Lymphoid-T
c_1_7_1031,Epithelial
c_1_7_1032,Lymphoid-B
c_1_7_1033,Lymphoid-DC
c_1_7_1034,Lymphoid-DC
c_1_7_1035,Lymphoid-T
c_1_7_1036,Lymphoid-T
c_1_7_1037,Lymphoid-T
c_1_7_1038,Lymphoid-T
c_1_7_1039,Myeloid
c_1_7_1040,Lymphoid-DC
c_1_7_1041,Lymphoid-T
c_1_7_1042,Lymphoid-DC
c_1_7_1043,Lymphoid-Other
c_1_7_1044,Lymphoid-DC
c_1_7_1045,Lymphoid-T
c_1_7_1046,Lymphoid-DC
c_1_7_1047,Lymphoid-T
c_1_7_1048,Lymphoid-DC
c_1_7_1049,Myeloid
c_1_7_1050,Lymphoid-T
c_1_7_1051,Lymphoid-T
c_1_7_1052,Lymphoid-T
c_1_7_1053,Lymphoid-Other
c_1_7_1054,Lymphoid-T
c_1_7_1055,Lymphoid-T
c_1_7_1056,Lymphoid-Other
c_1_7_1057,Lymphoid-B
c_1_7_1058,Lymphoid-DC
c_1_7_1059,Lymphoid-T
c_1_7_1060,Lymphoid-T
c_1_7_1061,Lymphoid-T
c_1_7_1062,Lymphoid-Other
c_1_7_1063,Lymphoid-DC
c_1_7_1064,Endothelial
c_1_7_1065,Lymphoid-T
c_1_7_1066,Stem
c_1_7_1067,Lymphoid-T
c_1_7_1068,Lymphoid-DC
c_1_7_1069,Endothelial
c_1_7_1070,Lymphoid-Plasma
c_1_7_1071,Myeloid
c_1_7_1072,Lymphoid-Plasma
c_1_7_1073,Lymphoid-DC
c_1_7_1074,Lymphoid-T
c_1_7_1075,Lymphoid-T
c_1_7_1076,Lymphoid-T
c_1_7_1077,Lymphoid-T
c_1_7_1078,Lymphoid-T
c_1_7_1079,Lymphoid-B
c_1_7_1080,Lymphoid-T
c_1_7_1081,Lymphoid-DC
c_1_7_1082,Myeloid
c_1_7_1083,Lymphoid-B
c_1_7_1084,None
c_1_7_1085,Myeloid
c_1_7_1086,Lymphoid-T
c_1_7_1087,Lymphoid-Other
c_1_7_1088,Lymphoid-T
c_1_7_1089,Lymphoid-Other
c_1_7_1090,Lymphoid-DC
c_1_7_1091,Endothelial
c_1_7_1092,Lymphoid-Other
c_1_7_1093,Myeloid
c_1_7_1094,Myeloid
c_1_7_1095,Lymphoid-T
c_1_7_1096,Myeloid
c_1_7_1097,Myeloid
c_1_7_1098,Lymphoid-Other
c_1_7_1099,Lymphoid-DC
c_1_7_1100,Lymphoid-DC
c_1_7_1101,Lymphoid-DC
c_1_7_1102,Lymphoid-Plasma
c_1_7_1103,Endothelial
c_1_7_1104,Lymphoid-B
c_1_7_1105,Lymphoid-DC
c_1_7_1106,Lymphoid-DC
c_1_7_1107,Lymphoid-Other
c_1_7_1108,Endothelial
c_1_7_1109,Stem
c_1_7_1110,Epithelial
c_1_7_1111,Lymphoid-DC
c_1_7_1112,Lymphoid-T
c_1_7_1113,Lymphoid-B
c_1_7_1114,Lymphoid-DC
c_1_7_1115,Lymphoid-Other
c_1_7_1116,Lymphoid-DC
c_1_7_1117,Lymphoid-Other
c_1_7_1118,Lymphoid-DC
c_1_7_1119,Lymphoid-Other
c_1_7_1120,Lymphoid-B
c_1_7_1121,Lymphoid-B
c_1_7_1122,Lymphoid-B
c_1_7_1123,Endothelial
c_1_7_1124,Lymphoid-DC
c_1_7_1125,Lymphoid-DC
c_1_7_1126,Lymphoid-Other
c_1_7_1127,Endothelial
c_1_7_1128,Lymphoid-DC
c_1_7_1129,Lymphoid-T
c_1_7_1130,None
c_1_7_1131,Lymphoid-DC
c_1_7_1132,Lymphoid-DC
c_1_7_1133,Myeloid
c_1_7_1134,Lymphoid-DC
c_1_7_1135,Myeloid
c_1_7_1136,Lymphoid-DC
c_1_7_1137,Mesenchymal-Stromal
c_1_7_1138,Lymphoid-DC
c_1_7_1139,Lymphoid-T
c_1_7_1140,Lymphoid-Other
c_1_7_1141,Lymphoid-T
c_1_7_1142,Lymphoid-T
c_1_7_1143,Lymphoid-T
c_1_7_1144,Lymphoid-Other
c_1_7_1145,Lymphoid-Other
c_1_7_1146,Endothelial
c_1_7_1147,Lymphoid-T
c_1_7_1148,Lymphoid-Other
c_1_7_1149,Lymphoid-DC
c_1_7_1150,Myeloid
c_1_7_1151,Myeloid
c_1_7_1152,Lymphoid-DC
c_1_7_1153,Lymphoid-T
c_1_7_1154,Lymphoid-Other
c_1_7_1155,None
c_1_7_1156,Myeloid
c_1_7_1157,None
c_1_7_1158,Lymphoid-T
c_1_7_1159,Lymphoid-T
c_1_7_1160,Lymphoid-DC
c_1_7_1161,Lymphoid-DC
c_1_7_1162,Lymphoid-T
c_1_7_1163,Lymphoid-DC
c_1_7_1164,Lymphoid-Other
c_1_7_1165,Lymphoid-DC
c_1_7_1166,None
c_1_7_1167,Lymphoid-Other
c_1_7_1168,Lymphoid-Other
c_1_7_1169,Lymphoid-DC
c_1_7_1170,Lymphoid-Other
c_1_7_1171,Lymphoid-T
c_1_7_1172,Lymphoid-DC
c_1_7_1173,Lymphoid-T
c_1_7_1174,Lymphoid-T
c_1_7_1175,Lymphoid-DC
c_1_7_1176,Myeloid
c_1_7_1177,Lymphoid-T
c_1_7_1178,Lymphoid-T
c_1_7_1179,Lymphoid-T
c_1_7_1180,Myeloid
c_1_7_1181,None
c_1_7_1182,Lymphoid-DC
c_1_7_1183,Myeloid
c_1_7_1184,Lymphoid-DC
c_1_7_1185,Epithelial
c_1_7_1186,Epithelial
c_1_7_1187,Lymphoid-DC
c_1_7_1188,Lymphoid-DC
c_1_7_1189,Lymphoid-T
c_1_7_1190,Lymphoid-DC
c_1_7_1191,Lymphoid-B
c_1_7_1192,Endothelial
c_1_7_1193,Lymphoid-T
c_1_7_1194,Lymphoid-T
c_1_7_1195,Lymphoid-Plasma
c_1_7_1196,Lymphoid-T
c_1_7_1197,Lymphoid-DC
c_1_7_1198,Lymphoid-DC
c_1_7_1199,Lymphoid-T
c_1_7_1200,Endothelial
c_1_7_1201,Lymphoid-T
c_1_7_1202,Myeloid
c_1_7_1203,Lymphoid-DC
c_1_7_1204,Lymphoid-T
c_1_7_1205,Lymphoid-T
c_1_7_1206,Stem
c_1_7_1207,Lymphoid-T
c_1_7_1208,Lymphoid-Other
c_1_7_1209,Myeloid
c_1_7_1210,Lymphoid-T
c_1_7_1211,Lymphoid-T
c_1_7_1212,Lymphoid-Plasma
c_1_7_1213,Lymphoid-T
c_1_7_1214,Lymphoid-DC
c_1_7_1215,Epithelial
c_1_7_1216,Lymphoid-DC
c_1_7_1217,Lymphoid-T
c_1_7_1218,Lymphoid-DC
c_1_7_1219,Endothelial
c_1_7_1220,Lymphoid-T
c_1_7_1221,Epithelial
c_1_7_1222,Lymphoid-T
c_1_7_1223,Lymphoid-Other
c_1_7_1224,Epithelial
c_1_7_1225,Lymphoid-DC
c_1_7_1226,Myeloid
c_1_7_1227,Lymphoid-Other
c_1_7_1228,Myeloid
c_1_7_1229,Lymphoid-B
c_1_7_1230,Lymphoid-T
c_1_7_1231,Lymphoid-B
c_1_7_1232,Lymphoid-DC
c_1_7_1233,Lymphoid-Other
c_1_7_1234,Lymphoid-T
c_1_7_1235,Lymphoid-Other
c_1_7_1236,Lymphoid-Other
c_1_7_1237,Lymphoid-DC
c_1_7_1238,Lymphoid-DC
c_1_7_1239,Lymphoid-DC
c_1_7_1240,Myeloid
c_1_7_1241,Lymphoid-DC
c_1_7_1242,Lymphoid-B
c_1_7_1243,Lymphoid-Other
c_1_7_1244,Mesenchymal-Stromal
c_1_7_1245,Lymphoid-T
c_1_7_1246,Lymphoid-DC
c_1_7_1247,Lymphoid-T
c_1_7_1248,Stem
c_1_7_1249,Epithelial
c_1_7_1250,Myeloid
c_1_7_1251,Lymphoid-DC
c_1_7_1252,Lymphoid-Other
c_1_7_1253,Lymphoid-T
c_1_7_1254,Lymphoid-B
c_1_7_1255,Lymphoid-Other
c_1_7_1256,Lymphoid-T
c_1_7_1257,Lymphoid-Other
c_1_7_1258,Lymphoid-DC
c_1_7_1259,Lymphoid-Other
c_1_7_1260,Lymphoid-DC
c_1_7_1261,Lymphoid-T
c_1_7_1262,Lymphoid-DC
c_1_7_1263,Lymphoid-Other
c_1_7_1264,Lymphoid-DC
c_1_7_1265,Lymphoid-T
c_1_7_1266,Endothelial
c_1_7_1267,Myeloid
c_1_7_1268,Lymphoid-DC
c_1_7_1269,Lymphoid-DC
c_1_7_1270,Lymphoid-T
c_1_7_1271,Lymphoid-T
c_1_7_1272,Lymphoid-T
c_1_7_1273,Epithelial
c_1_7_1274,Lymphoid-T
c_1_7_1275,Lymphoid-DC
c_1_7_1276,Lymphoid-T
c_1_7_1277,Epithelial
c_1_7_1278,None
c_1_7_1279,Epithelial
c_1_7_1280,Lymphoid-DC
c_1_7_1281,Lymphoid-Other
c_1_7_1282,Lymphoid-DC
c_1_7_1283,Myeloid
c_1_7_1284,Lymphoid-DC
c_1_7_1285,Lymphoid-DC
c_1_7_1286,Lymphoid-T
c_1_7_1287,Lymphoid-Plasma
c_1_7_1288,Lymphoid-T
c_1_7_1289,Lymphoid-Other
c_1_7_1290,Lymphoid-DC
c_1_7_1291,Lymphoid-DC
c_1_7_1292,Lymphoid-DC
c_1_7_1293,Lymphoid-DC
c_1_7_1294,Lymphoid-DC
c_1_7_1295,Lymphoid-T
c_1_7_1296,Lymphoid-Plasma
c_1_7_1297,Lymphoid-DC
c_1_7_1298,Lymphoid-DC
c_1_7_1299,Lymphoid-DC
c_1_7_1300,Endothelial
c_1_7_1301,Lymphoid-T
c_1_7_1302,Lymphoid-T
c_1_7_1303,Lymphoid-Plasma
c_1_7_1304,Myeloid
c_1_7_1305,Lymphoid-DC
c_1_7_1306,Epithelial
c_1_7_1307,Lymphoid-DC
c_1_7_1308,Lymphoid-DC
c_1_7_1309,Lymphoid-DC
c_1_7_1310,Lymphoid-T
c_1_7_1311,Lymphoid-DC
c_1_7_1312,Lymphoid-Other
c_1_7_1313,Myeloid
c_1_7_1314,Lymphoid-DC
c_1_7_1315,Lymphoid-DC
c_1_7_1316,Endothelial
c_1_7_1317,Lymphoid-DC
c_1_7_1318,Endothelial
c_1_7_1319,Lymphoid-Other
c_1_7_1320,Lymphoid-DC
c_1_7_1321,Lymphoid-DC
c_1_7_1322,Neuronal-Glial
c_1_7_1323,Lymphoid-DC
c_1_7_1324,Lymphoid-Plasma
c_1_7_1325,None
c_1_7_1326,Lymphoid-DC
c_1_7_1327,Lymphoid-DC
c_1_7_1328,Lymphoid-DC
c_1_7_1329,Lymphoid-DC
c_1_7_1330,Lymphoid-Plasma
c_1_7_1331,Lymphoid-DC
c_1_7_1332,Endothelial
c_1_7_1333,Lymphoid-DC
c_1_7_1334,Lymphoid-DC
c_1_7_1335,Endothelial
c_1_7_1336,Lymphoid-Plasma
c_1_7_1337,Lymphoid-DC
c_1_7_1338,Lymphoid-Plasma
c_1_7_1339,Lymphoid-DC
c_1_7_1340,None
c_1_7_1341,Lymphoid-Plasma
c_1_7_1342,Lymphoid-Plasma
c_1_7_1343,Lymphoid-DC
c_1_7_1344,Mesenchymal-Stromal
c_1_7_1345,Lymphoid-DC
c_1_7_1346,Lymphoid-Other
c_1_7_1347,Lymphoid-Plasma
c_1_7_1348,Lymphoid-T
c_1_7_1349,Lymphoid-T
c_1_7_1350,Lymphoid-Plasma
c_1_7_1351,Myeloid
c_1_7_1352,Lymphoid-Plasma
c_1_7_1353,None
c_1_7_1354,Endothelial
c_1_7_1355,Epithelial
c_1_7_1356,Myeloid
c_1_7_1357,Lymphoid-DC
c_1_7_1358,Myeloid
c_1_7_1359,Lymphoid-T
c_1_7_1360,Lymphoid-Plasma
c_1_7_1361,Myeloid
c_1_7_1362,Endothelial
c_1_7_1363,Lymphoid-DC
c_1_7_1364,Lymphoid-Other
c_1_7_1365,Epithelial
c_1_7_1366,Lymphoid-T
c_1_7_1367,Lymphoid-DC
c_1_7_1368,Lymphoid-Plasma
c_1_7_1369,Myeloid
c_1_7_1370,None
c_1_7_1371,Lymphoid-Plasma
c_1_7_1372,Lymphoid-DC
c_1_7_1373,Myeloid
c_1_7_1374,Lymphoid-DC
c_1_7_1375,Lymphoid-Plasma
c_1_7_1376,Neuronal-Glial
c_1_7_1377,Lymphoid-Other
c_1_7_1378,Lymphoid-DC
c_1_7_1379,Lymphoid-T
c_1_7_1380,Epithelial
c_1_7_1381,Myeloid
c_1_7_1382,Epithelial
c_1_7_1383,Lymphoid-Plasma
c_1_7_1384,Endothelial
c_1_7_1385,Epithelial
c_1_7_1386,Mesenchymal-Stromal
c_1_7_1387,Lymphoid-T
c_1_7_1388,Myeloid
c_1_7_1389,Lymphoid-Other
c_1_7_1390,Myeloid
c_1_7_1391,Stem
c_1_7_1392,Epithelial
c_1_7_1393,Lymphoid-Plasma
c_1_7_1394,Lymphoid-Other
c_1_7_1395,Lymphoid-T
c_1_7_1396,Stem
c_1_7_1397,Lymphoid-T
c_1_7_1398,Stem
c_1_7_1399,Lymphoid-DC
c_1_7_1400,Endothelial
c_1_7_1401,Endothelial
c_1_7_1402,Lymphoid-T
c_1_7_1403,Stem
c_1_7_1404,Lymphoid-T
c_1_7_1405,Lymphoid-T
c_1_7_1406,Lymphoid-T
c_1_7_1407,Myeloid
c_1_7_1408,Stem
c_1_7_1409,Epithelial
c_1_7_1410,Lymphoid-T
c_1_7_1411,None
c_1_7_1412,Lymphoid-Plasma
c_1_7_1413,Lymphoid-DC
c_1_7_1414,Lymphoid-T
c_1_7_1415,Stem
c_1_7_1416,Lymphoid-T
c_1_7_1417,Lymphoid-T
c_1_7_1418,None
c_1_7_1419,Epithelial
c_1_7_1420,Endothelial
c_1_7_1421,Lymphoid-DC
c_1_7_1422,Neuronal-Glial
c_1_7_1423,None
c_1_7_1424,Endothelial
c_1_7_1425,Endothelial
c_1_7_1426,Lymphoid-T
c_1_7_1427,Endothelial
c_1_7_1428,Endothelial
c_1_7_1429,Endothelial
c_1_7_1430,Endothelial
c_1_7_1431,Lymphoid-Plasma
c_1_7_1432,Epithelial
c_1_7_1433,Lymphoid-T
c_1_7_1434,Myeloid
c_1_7_1435,Endothelial
c_1_7_1436,Neuronal-Glial
c_1_7_1437,None
c_1_7_1438,Lymphoid-DC
c_1_7_1439,Lymphoid-DC
c_1_7_1440,Endothelial
c_1_7_1441,Lymphoid-DC
c_1_7_1442,Lymphoid-T
c_1_7_1443,Lymphoid-DC
c_1_7_1444,Lymphoid-DC
c_1_7_1445,Lymphoid-DC
c_1_7_1446,Lymphoid-DC
c_1_7_1447,Lymphoid-DC
c_1_7_1448,Lymphoid-DC
c_1_7_1449,Lymphoid-DC
c_1_7_1450,Endothelial
c_1_7_1451,Lymphoid-DC
c_1_7_1452,Lymphoid-DC
c_1_7_1453,Lymphoid-Other
c_1_7_1454,Lymphoid-DC
c_1_7_1455,Lymphoid-DC
c_1_7_1456,Neuronal-Glial
c_1_7_1457,Lymphoid-DC
c_1_7_1458,Mesenchymal-Stromal
c_1_7_1459,None
c_1_7_1460,Lymphoid-DC
c_1_7_1461,Lymphoid-Other
c_1_7_1462,Epithelial
c_1_7_1463,Stem
c_1_7_1464,Lymphoid-DC
c_1_7_1465,None
c_1_7_1466,None
c_1_7_1467,Lymphoid-Other
c_1_7_1468,Lymphoid-DC
c_1_7_1469,None
c_1_7_1470,Lymphoid-DC
c_1_7_1471,Lymphoid-DC
c_1_7_1472,Lymphoid-DC
c_1_7_1473,Lymphoid-DC
c_1_7_1474,Lymphoid-DC
c_1_7_1475,Myeloid
c_1_7_1476,None
c_1_7_1477,Lymphoid-DC
c_1_7_1478,Lymphoid-DC
c_1_7_1479,None
c_1_7_1480,Endothelial
c_1_7_1481,None
c_1_7_1482,None
c_1_7_1483,Lymphoid-T
c_1_7_1484,Lymphoid-B
c_1_7_1485,Lymphoid-T
c_1_7_1486,Lymphoid-B
c_1_7_1487,None
c_1_7_1488,Endothelial
c_1_7_1489,Lymphoid-B
c_1_7_1490,Lymphoid-B
c_1_7_1491,Lymphoid-DC
c_1_7_1492,Lymphoid-B
c_1_7_1493,Lymphoid-Other
c_1_7_1494,Lymphoid-B
c_1_7_1495,Lymphoid-DC
c_1_7_1496,None
c_1_7_1497,None
c_1_7_1498,Lymphoid-T
c_1_7_1499,Lymphoid-T
c_1_7_1500,None
c_1_7_1501,Lymphoid-B
c_1_7_1502,Lymphoid-B
c_1_7_1503,Lymphoid-B
c_1_7_1504,Lymphoid-B
c_1_7_1505,None
c_1_7_1506,Lymphoid-DC
c_1_7_1507,Lymphoid-DC
c_1_7_1508,Lymphoid-DC
c_1_7_1509,None
c_1_7_1510,None
c_1_7_1511,Lymphoid-DC
c_1_7_1512,Lymphoid-DC
c_1_7_1513,Lymphoid-T
c_1_7_1514,Lymphoid-T
c_1_7_1515,Epithelial
c_1_7_1516,Epithelial
c_1_7_1517,Epithelial
c_1_7_1518,Lymphoid-T
c_1_7_1519,None
c_1_7_1520,Lymphoid-DC
c_1_7_1521,Lymphoid-T
c_1_7_1522,Lymphoid-B
c_1_7_1523,Lymphoid-DC
c_1_7_1524,Lymphoid-B
c_1_7_1525,Lymphoid-DC
c_1_7_1526,Lymphoid-B
c_1_7_1527,Lymphoid-B
c_1_7_1528,Lymphoid-T
c_1_7_1529,Lymphoid-Other
c_1_7_1530,None
c_1_7_1531,Lymphoid-DC
c_1_7_1532,Lymphoid-T
c_1_7_1533,Lymphoid-B
c_1_7_1534,Lymphoid-B
c_1_7_1535,Myeloid
c_1_7_1536,Lymphoid-DC
c_1_7_1537,Lymphoid-B
c_1_7_1538,Lymphoid-T
c_1_7_1539,Lymphoid-T
c_1_7_1540,None
c_1_7_1541,Lymphoid-DC
c_1_7_1542,Lymphoid-B
c_1_7_1543,Lymphoid-Other
c_1_7_1544,Lymphoid-DC
c_1_7_1545,Myeloid
c_1_7_1546,Lymphoid-B
c_1_7_1547,Epithelial
c_1_7_1548,Myeloid
c_1_7_1549,Lymphoid-T
c_1_7_1550,None
c_1_7_1551,Lymphoid-B
c_1_7_1552,None
c_1_7_1553,Lymphoid-B
c_1_7_1554,None
c_1_7_1555,None
c_1_7_1556,Lymphoid-B
c_1_7_1557,Lymphoid-DC
c_1_7_1558,Lymphoid-DC
c_1_7_1559,Lymphoid-T
c_1_7_1560,Lymphoid-B
c_1_7_1561,Lymphoid-B
c_1_7_1562,Lymphoid-DC
c_1_7_1563,Lymphoid-B
c_1_7_1564,Lymphoid-Other
c_1_7_1565,Lymphoid-B
c_1_7_1566,Lymphoid-DC
c_1_7_1567,Lymphoid-B
c_1_7_1568,Lymphoid-Other
c_1_7_1569,Endothelial
c_1_7_1570,Myeloid
c_1_7_1571,None
c_1_7_1572,Lymphoid-T
c_1_7_1573,Lymphoid-B
c_1_7_1574,Lymphoid-B
c_1_7_1575,Lymphoid-DC
c_1_7_1576,Lymphoid-Other
c_1_7_1577,None
c_1_7_1578,Lymphoid-DC
c_1_7_1579,Epithelial
c_1_7_1580,Lymphoid-B
c_1_7_1581,Lymphoid-B
c_1_7_1582,Lymphoid-B
c_1_7_1583,Lymphoid-B
c_1_7_1584,Lymphoid-B
c_1_7_1585,Lymphoid-DC
c_1_7_1586,Lymphoid-B
c_1_7_1587,Lymphoid-B
c_1_7_1588,Lymphoid-B
c_1_7_1589,Lymphoid-DC
c_1_7_1590,None
c_1_7_1591,Lymphoid-B
c_1_7_1592,Lymphoid-B
c_1_7_1593,Lymphoid-B
c_1_7_1594,Lymphoid-B
c_1_7_1595,Lymphoid-DC
c_1_7_1596,None
c_1_7_1597,Lymphoid-B
c_1_7_1598,Lymphoid-B
c_1_7_1599,Lymphoid-B
c_1_7_1600,Lymphoid-B
c_1_7_1601,Lymphoid-DC
c_1_7_1602,Lymphoid-DC
c_1_7_1603,Lymphoid-B
c_1_7_1604,None
c_1_7_1605,Lymphoid-DC
c_1_7_1606,Myeloid
c_1_7_1607,Lymphoid-B
c_1_7_1608,Lymphoid-B
c_1_7_1609,Lymphoid-DC
c_1_7_1610,Lymphoid-B
c_1_7_1611,Lymphoid-DC
c_1_7_1612,Lymphoid-B
c_1_7_1613,Lymphoid-B
c_1_7_1614,None
c_1_7_1615,Lymphoid-DC
c_1_7_1616,Lymphoid-B
c_1_7_1617,Lymphoid-B
c_1_7_1618,Lymphoid-Other
c_1_7_1619,Lymphoid-Other
c_1_7_1620,Lymphoid-B
c_1_7_1621,Lymphoid-B
c_1_7_1622,Lymphoid-B
c_1_7_1623,Lymphoid-B
c_1_7_1624,Lymphoid-B
c_1_7_1625,Lymphoid-B
c_1_7_1626,Epithelial
c_1_7_1627,Lymphoid-B
c_1_7_1628,Myeloid
c_1_7_1629,Lymphoid-B
c_1_7_1630,Lymphoid-DC
c_1_7_1631,Lymphoid-DC
c_1_7_1632,Lymphoid-T
c_1_7_1633,Lymphoid-DC
c_1_7_1634,Lymphoid-B
c_1_7_1635,Lymphoid-B
c_1_7_1636,Lymphoid-B
c_1_7_1637,Lymphoid-T
c_1_7_1638,Lymphoid-B
c_1_7_1639,Lymphoid-DC
c_1_7_1640,Lymphoid-DC
c_1_7_1641,Lymphoid-B
c_1_7_1642,Lymphoid-DC
c_1_7_1643,Lymphoid-T
c_1_7_1644,Lymphoid-B
c_1_7_1645,Lymphoid-B
c_1_7_1646,Lymphoid-B
c_1_7_1647,Lymphoid-B
c_1_7_1648,None
c_1_7_1649,Lymphoid-DC
c_1_7_1650,Epithelial
c_1_7_1651,Lymphoid-B
c_1_7_1652,Lymphoid-B
c_1_7_1653,None
c_1_7_1654,Lymphoid-Other
c_1_7_1655,Epithelial
c_1_7_1656,Lymphoid-T
c_1_7_1657,Lymphoid-DC
c_1_7_1658,Lymphoid-DC
c_1_7_1659,Myeloid
c_1_7_1660,Lymphoid-B
c_1_7_1661,Lymphoid-B
c_1_7_1662,Lymphoid-B
c_1_7_1663,Lymphoid-B
c_1_7_1664,Lymphoid-T
c_1_7_1665,Lymphoid-DC
c_1_7_1666,None
c_1_7_1667,Lymphoid-B
c_1_7_1668,Lymphoid-DC
c_1_7_1669,Myeloid
c_1_7_1670,Lymphoid-B
c_1_7_1671,Lymphoid-B
c_1_7_1672,Lymphoid-B
c_1_7_1673,Lymphoid-B
c_1_7_1674,Lymphoid-B
c_1_7_1675,Lymphoid-DC
c_1_7_1676,Lymphoid-B
c_1_7_1677,None
c_1_7_1678,Lymphoid-DC
c_1_7_1679,Lymphoid-DC
c_1_7_1680,Lymphoid-DC
c_1_7_1681,None
c_1_7_1682,Lymphoid-B
c_1_7_1683,Lymphoid-B
c_1_7_1684,Lymphoid-B
c_1_7_1685,Myeloid
c_1_7_1686,Lymphoid-B
c_1_7_1687,Lymphoid-T
c_1_7_1688,Lymphoid-T
c_1_7_1689,Lymphoid-T
c_1_7_1690,Myeloid
c_1_7_1691,Lymphoid-B
c_1_7_1692,Lymphoid-B
c_1_7_1693,Lymphoid-B
c_1_7_1694,Lymphoid-DC
c_1_7_1695,Epithelial
c_1_7_1696,Lymphoid-B
c_1_7_1697,Lymphoid-B
c_1_7_1698,Lymphoid-DC
c_1_7_1699,Stem
c_1_7_1700,Lymphoid-B
c_1_7_1701,Lymphoid-B
c_1_7_1702,Lymphoid-B
c_1_7_1703,Lymphoid-Plasma
c_1_7_1704,Lymphoid-B
c_1_7_1705,Lymphoid-B
c_1_7_1706,Lymphoid-B
c_1_7_1707,Lymphoid-DC
c_1_7_1708,Lymphoid-T
c_1_7_1709,Lymphoid-B
c_1_7_1710,Lymphoid-B
c_1_7_1711,Lymphoid-DC
c_1_7_1712,Lymphoid-DC
c_1_7_1713,Lymphoid-B
c_1_7_1714,Lymphoid-B
c_1_7_1715,Lymphoid-DC
c_1_7_1716,Lymphoid-B
c_1_7_1717,Epithelial
c_1_7_1718,Lymphoid-B
c_1_7_1719,Lymphoid-B
c_1_7_1720,Lymphoid-B
c_1_7_1721,Lymphoid-B
c_1_7_1722,Lymphoid-B
c_1_7_1723,Lymphoid-DC
c_1_7_1724,Lymphoid-B
c_1_7_1725,Lymphoid-B
c_1_7_1726,Lymphoid-Other
c_1_7_1727,Lymphoid-B
c_1_7_1728,Lymphoid-DC
c_1_7_1729,Lymphoid-B
c_1_7_1730,Epithelial
c_1_7_1731,Lymphoid-B
c_1_7_1732,Lymphoid-Other
c_1_7_1733,Lymphoid-B
c_1_7_1734,Lymphoid-DC
c_1_7_1735,Lymphoid-Other
c_1_7_1736,Myeloid
c_1_7_1737,Lymphoid-DC
c_1_7_1738,Lymphoid-B
c_1_7_1739,Lymphoid-T
c_1_7_1740,Lymphoid-B
c_1_7_1741,Lymphoid-B
c_1_7_1742,Lymphoid-B
c_1_7_1743,Lymphoid-B
c_1_7_1744,Lymphoid-B
c_1_7_1745,Lymphoid-DC
c_1_7_1746,Lymphoid-B
c_1_7_1747,Lymphoid-Other
c_1_7_1748,Lymphoid-Other
c_1_7_1749,Lymphoid-B
c_1_7_1750,Lymphoid-B
c_1_7_1751,Lymphoid-B
c_1_7_1752,Lymphoid-DC
c_1_7_1753,Lymphoid-DC
c_1_7_1754,Lymphoid-B
c_1_7_1755,Lymphoid-Other
c_1_7_1756,Lymphoid-B
c_1_7_1757,Epithelial
c_1_7_1758,Lymphoid-DC
c_1_7_1759,Lymphoid-T
c_1_7_1760,Lymphoid-B
c_1_7_1761,Lymphoid-B
c_1_7_1762,Lymphoid-B
c_1_7_1763,Myeloid
c_1_7_1764,Lymphoid-B
c_1_7_1765,Lymphoid-B
c_1_7_1766,Lymphoid-Other
c_1_7_1767,Lymphoid-B
c_1_7_1768,Lymphoid-B
c_1_7_1769,Lymphoid-DC
c_1_7_1770,Lymphoid-DC
c_1_7_1771,Lymphoid-B
c_1_7_1772,Endothelial
c_1_7_1773,Lymphoid-B
c_1_7_1774,Lymphoid-DC
c_1_7_1775,None
c_1_7_1776,Lymphoid-B
c_1_7_1777,Lymphoid-B
c_1_7_1778,Lymphoid-DC
c_1_7_1779,Lymphoid-T
c_1_7_1780,Lymphoid-B
c_1_7_1781,Lymphoid-B
c_1_7_1782,Lymphoid-B
c_1_7_1783,Lymphoid-B
c_1_7_1784,Lymphoid-B
c_1_7_1785,Lymphoid-B
c_1_7_1786,Lymphoid-B
c_1_7_1787,Lymphoid-DC
c_1_7_1788,None
c_1_7_1789,Epithelial
c_1_7_1790,Lymphoid-B
c_1_7_1791,Myeloid
c_1_7_1792,Lymphoid-B
c_1_7_1793,Lymphoid-B
c_1_7_1794,Lymphoid-B
c_1_7_1795,Lymphoid-B
c_1_7_1796,Lymphoid-B
c_1_7_1797,Lymphoid-DC
c_1_7_1798,Lymphoid-B
c_1_7_1799,Lymphoid-Other
c_1_7_1800,Lymphoid-B
c_1_7_1801,Lymphoid-B
c_1_7_1802,Lymphoid-B
c_1_7_1803,Lymphoid-B
c_1_7_1804,Lymphoid-DC
c_1_7_1805,Lymphoid-B
c_1_7_1806,Lymphoid-B
c_1_7_1807,Epithelial
c_1_7_1808,Epithelial
c_1_7_1809,Epithelial
c_1_7_1810,Lymphoid-B
c_1_7_1811,Myeloid
c_1_7_1812,Lymphoid-B
c_1_7_1813,Lymphoid-B
c_1_7_1814,Epithelial
c_1_7_1815,Lymphoid-B
c_1_7_1816,Lymphoid-B
c_1_7_1817,Lymphoid-B
c_1_7_1818,Lymphoid-B
c_1_7_1819,Lymphoid-T
c_1_7_1820,Lymphoid-DC
c_1_7_1821,Lymphoid-T
c_1_7_1822,None
c_1_7_1823,Lymphoid-B
c_1_7_1824,Lymphoid-B
c_1_7_1825,Lymphoid-B
c_1_7_1826,Lymphoid-B
c_1_7_1827,Lymphoid-DC
c_1_7_1828,Lymphoid-Other
c_1_7_1829,Lymphoid-B
c_1_7_1830,Lymphoid-DC
c_1_7_1831,Lymphoid-B
c_1_7_1832,Lymphoid-B
c_1_7_1833,Lymphoid-B
c_1_7_1834,Lymphoid-B
c_1_7_1835,Lymphoid-DC
c_1_7_1836,Lymphoid-B
c_1_7_1837,Lymphoid-B
c_1_7_1838,Lymphoid-B
c_1_7_1839,Lymphoid-DC
c_1_7_1840,Epithelial
c_1_7_1841,Epithelial
c_1_7_1842,Lymphoid-B
c_1_7_1843,Lymphoid-B
c_1_7_1844,Lymphoid-T
c_1_7_1845,Lymphoid-DC
c_1_7_1846,Myeloid
c_1_7_1847,Lymphoid-B
c_1_7_1848,Lymphoid-T
c_1_7_1849,Lymphoid-B
c_1_7_1850,Myeloid
c_1_7_1851,Lymphoid-Other
c_1_7_1852,Myeloid
c_1_7_1853,Lymphoid-B
c_1_7_1854,Lymphoid-B
c_1_7_1855,Lymphoid-DC
c_1_7_1856,Lymphoid-DC
c_1_7_1857,Lymphoid-B
c_1_7_1858,Lymphoid-DC
c_1_7_1859,Lymphoid-B
c_1_7_1860,Lymphoid-B
c_1_7_1861,Lymphoid-B
c_1_7_1862,Lymphoid-B
c_1_7_1863,Lymphoid-B
c_1_7_1864,Lymphoid-B
c_1_7_1865,Lymphoid-B
c_1_7_1866,Lymphoid-B
c_1_7_1867,Lymphoid-B
c_1_7_1868,None
c_1_7_1869,Lymphoid-B
c_1_7_1870,Lymphoid-B
c_1_7_1871,Lymphoid-Other
c_1_7_1872,Lymphoid-DC
c_1_7_1873,Lymphoid-B
c_1_7_1874,Epithelial
c_1_7_1875,Lymphoid-Other
c_1_7_1876,Lymphoid-B
c_1_7_1877,Lymphoid-B
c_1_7_1878,Lymphoid-DC
c_1_7_1879,None
c_1_7_1880,Lymphoid-T
c_1_7_1881,Lymphoid-B
c_1_7_1882,Lymphoid-T
c_1_7_1883,Lymphoid-B
c_1_7_1884,None
c_1_7_1885,Lymphoid-Other
c_1_7_1886,Lymphoid-B
c_1_7_1887,Lymphoid-B
c_1_7_1888,Lymphoid-DC
c_1_7_1889,Lymphoid-B
c_1_7_1890,Lymphoid-B
c_1_7_1891,Lymphoid-B
c_1_7_1892,Lymphoid-B
c_1_7_1893,Lymphoid-DC
c_1_7_1894,Lymphoid-B
c_1_7_1895,Endothelial
c_1_7_1896,Lymphoid-B
c_1_7_1897,Lymphoid-B
c_1_7_1898,Lymphoid-B
c_1_7_1899,Myeloid
c_1_7_1900,Lymphoid-B
c_1_7_1901,Lymphoid-B
c_1_7_1902,Lymphoid-B
c_1_7_1903,Lymphoid-DC
c_1_7_1904,Myeloid
c_1_7_1905,Lymphoid-B
c_1_7_1906,None
c_1_7_1907,Lymphoid-DC
c_1_7_1908,Lymphoid-B
c_1_7_1909,Lymphoid-B
c_1_7_1910,Lymphoid-B
c_1_7_1911,Lymphoid-Other
c_1_7_1912,Lymphoid-B
c_1_7_1913,Lymphoid-DC
c_1_7_1914,Lymphoid-DC
c_1_7_1915,None
c_1_7_1916,Lymphoid-B
c_1_7_1917,Lymphoid-B
c_1_7_1918,Lymphoid-T
c_1_7_1919,None
c_1_7_1920,Lymphoid-B
c_1_7_1921,Lymphoid-B
c_1_7_1922,None
c_1_7_1923,Lymphoid-B
c_1_7_1924,Lymphoid-B
c_1_7_1925,Lymphoid-B
c_1_7_1926,None
c_1_7_1927,Lymphoid-B
c_1_7_1928,Lymphoid-B
c_1_7_1929,Lymphoid-DC
c_1_7_1930,None
c_1_7_1931,Myeloid
c_1_7_1932,None
c_1_7_1933,Endothelial
c_1_7_1934,Lymphoid-B
c_1_7_1935,None
c_1_7_1936,Lymphoid-B
c_1_7_1937,Lymphoid-T
c_1_7_1938,Lymphoid-DC
c_1_7_1939,Lymphoid-B
c_1_7_1940,Lymphoid-DC
c_1_7_1941,Myeloid
c_1_7_1942,Lymphoid-DC
c_1_7_1943,Lymphoid-DC
c_1_7_1944,Lymphoid-DC
c_1_7_1945,Lymphoid-DC
c_1_7_1946,Lymphoid-Other
c_1_7_1947,Lymphoid-B
c_1_7_1948,Lymphoid-T
c_1_7_1949,Lymphoid-B
c_1_7_1950,Lymphoid-B
c_1_7_1951,Lymphoid-B
c_1_7_1952,Lymphoid-B
c_1_7_1953,Lymphoid-B
c_1_7_1954,None
c_1_7_1955,Lymphoid-B
c_1_7_1956,None
c_1_7_1957,Lymphoid-DC
c_1_7_1958,Lymphoid-B
c_1_7_1959,Lymphoid-B
c_1_7_1960,None
c_1_7_1961,Lymphoid-B
c_1_7_1962,Lymphoid-B
c_1_7_1963,Lymphoid-B
c_1_7_1964,Lymphoid-DC
c_1_7_1965,Lymphoid-DC
c_1_7_1966,Lymphoid-DC
c_1_7_1967,Lymphoid-DC
c_1_7_1968,Lymphoid-B
c_1_7_1969,Lymphoid-T
c_1_7_1970,Lymphoid-B
c_1_7_1971,Lymphoid-B
c_1_7_1972,Lymphoid-B
c_1_7_1973,Lymphoid-Other
c_1_7_1974,Lymphoid-DC
c_1_7_1975,None
c_1_7_1976,Lymphoid-B
c_1_7_1977,Lymphoid-B
c_1_7_1978,Myeloid
c_1_7_1979,Lymphoid-B
c_1_7_1980,Lymphoid-B
c_1_7_1981,None
c_1_7_1982,Lymphoid-B
c_1_7_1983,Lymphoid-DC
c_1_7_1984,Lymphoid-B
c_1_7_1985,Myeloid
c_1_7_1986,Lymphoid-B
c_1_7_1987,Lymphoid-DC
c_1_7_1988,Lymphoid-B
c_1_7_1989,None
c_1_7_1990,None
c_1_7_1991,Lymphoid-B
c_1_7_1992,Lymphoid-B
c_1_7_1993,Lymphoid-Other
c_1_7_1994,Lymphoid-B
c_1_7_1995,Myeloid
c_1_7_1996,Lymphoid-DC
c_1_7_1997,Lymphoid-B
c_1_7_1998,Lymphoid-B
c_1_7_1999,Lymphoid-B
c_1_7_2000,Lymphoid-DC
c_1_7_2001,Lymphoid-B
c_1_7_2002,None
c_1_7_2003,Lymphoid-Other
c_1_7_2004,Lymphoid-B
c_1_7_2005,Lymphoid-DC
c_1_7_2006,None
c_1_7_2007,Lymphoid-B
c_1_7_2008,Lymphoid-DC
c_1_7_2009,Lymphoid-T
c_1_7_2010,Lymphoid-B
c_1_7_2011,Lymphoid-B
c_1_7_2012,None
c_1_7_2013,Lymphoid-B
c_1_7_2014,Lymphoid-B
c_1_7_2015,Lymphoid-B
c_1_7_2016,Myeloid
c_1_7_2017,Lymphoid-DC
c_1_7_2018,Lymphoid-B
c_1_7_2019,None
c_1_7_2020,Lymphoid-B
c_1_7_2021,None
c_1_7_2022,Lymphoid-DC
c_1_7_2023,Lymphoid-DC
c_1_7_2024,None
c_1_7_2025,Lymphoid-T
c_1_7_2026,Lymphoid-B
c_1_7_2027,Lymphoid-DC
c_1_7_2028,Lymphoid-B
c_1_7_2029,Lymphoid-B
c_1_7_2030,Lymphoid-Other
c_1_7_2031,Lymphoid-B
c_1_7_2032,Lymphoid-DC
c_1_7_2033,Lymphoid-B
c_1_7_2034,Lymphoid-B
c_1_7_2035,Lymphoid-B
c_1_7_2036,Lymphoid-DC
c_1_7_2037,Lymphoid-B
c_1_7_2038,Lymphoid-T
c_1_7_2039,Lymphoid-B
c_1_7_2040,Lymphoid-B
c_1_7_2041,Myeloid
c_1_7_2042,Lymphoid-B
c_1_7_2043,Lymphoid-B
c_1_7_2044,Lymphoid-DC
c_1_7_2045,Lymphoid-B
c_1_7_2046,Lymphoid-B
c_1_7_2047,Myeloid
c_1_7_2048,Lymphoid-B
c_1_7_2049,None
c_1_7_2050,None
c_1_7_2051,Lymphoid-DC
c_1_7_2052,Lymphoid-B
c_1_7_2053,Lymphoid-DC
c_1_7_2054,Lymphoid-B
c_1_7_2055,None
c_1_7_2056,Lymphoid-DC
c_1_7_2057,Lymphoid-DC
c_1_7_2058,Lymphoid-Other
c_1_7_2059,Lymphoid-B
c_1_7_2060,Lymphoid-B
c_1_7_2061,Lymphoid-DC
c_1_7_2062,Lymphoid-DC
c_1_7_2063,Lymphoid-DC
c_1_7_2064,Lymphoid-DC
c_1_7_2065,Lymphoid-B
c_1_7_2066,Lymphoid-B
c_1_7_2067,Lymphoid-B
c_1_7_2068,Lymphoid-B
c_1_7_2069,Lymphoid-B
c_1_7_2070,None
c_1_7_2071,Lymphoid-B
c_1_7_2072,Lymphoid-B
c_1_7_2073,Lymphoid-B
c_1_7_2074,Lymphoid-B
c_1_7_2075,Lymphoid-B
c_1_7_2076,Lymphoid-B
c_1_7_2077,Lymphoid-B
c_1_7_2078,Lymphoid-B
c_1_7_2079,Lymphoid-B
c_1_7_2080,Lymphoid-DC
c_1_7_2081,Lymphoid-B
c_1_7_2082,Lymphoid-B
c_1_7_2083,Lymphoid-DC
c_1_7_2084,Lymphoid-DC
c_1_7_2085,Lymphoid-B
c_1_7_2086,Lymphoid-B
c_1_7_2087,Lymphoid-B
c_1_7_2088,Myeloid
c_1_7_2089,Lymphoid-B
c_1_7_2090,Lymphoid-B
c_1_7_2091,Lymphoid-B
c_1_7_2092,Lymphoid-B
c_1_7_2093,Lymphoid-B
c_1_7_2094,Lymphoid-B
c_1_7_2095,Lymphoid-DC
c_1_7_2096,Lymphoid-DC
c_1_7_2097,Lymphoid-B
c_1_7_2098,Lymphoid-B
c_1_7_2099,Lymphoid-B
c_1_7_2100,Lymphoid-DC
c_1_7_2101,Lymphoid-B
c_1_7_2102,Lymphoid-B
c_1_7_2103,Lymphoid-T
c_1_7_2104,Lymphoid-B
c_1_7_2105,None
c_1_7_2106,Lymphoid-B
c_1_7_2107,None
c_1_7_2108,Lymphoid-B
c_1_7_2109,Lymphoid-B
c_1_7_2110,Lymphoid-B
c_1_7_2111,Lymphoid-B
c_1_7_2112,Lymphoid-B
c_1_7_2113,Lymphoid-B
c_1_7_2114,Lymphoid-B
c_1_7_2115,Lymphoid-B
c_1_7_2116,None
c_1_7_2117,Lymphoid-B
c_1_7_2118,Lymphoid-Other
c_1_7_2119,None
c_1_7_2120,Lymphoid-B
c_1_7_2121,Lymphoid-Plasma
c_1_7_2122,Lymphoid-B
c_1_7_2123,Lymphoid-B
c_1_7_2124,Myeloid
c_1_7_2125,Lymphoid-B
c_1_7_2126,Lymphoid-B
c_1_7_2127,Lymphoid-B
c_1_7_2128,Lymphoid-DC
c_1_7_2129,Lymphoid-B
c_1_7_2130,Lymphoid-B
c_1_7_2131,Lymphoid-Other
c_1_7_2132,Lymphoid-DC
c_1_7_2133,Lymphoid-B
c_1_7_2134,Lymphoid-B
c_1_7_2135,Lymphoid-Other
c_1_7_2136,Lymphoid-T
c_1_7_2137,None
c_1_7_2138,Lymphoid-B
c_1_7_2139,Lymphoid-DC
c_1_7_2140,Myeloid
c_1_7_2141,Lymphoid-DC
c_1_7_2142,None
c_1_7_2143,Lymphoid-B
c_1_7_2144,Lymphoid-B
c_1_7_2145,Lymphoid-B
c_1_7_2146,Lymphoid-B
c_1_7_2147,Lymphoid-B
c_1_7_2148,Lymphoid-B
c_1_7_2149,Lymphoid-DC
c_1_7_2150,None
c_1_7_2151,Lymphoid-B
c_1_7_2152,Lymphoid-DC
c_1_7_2153,None
c_1_7_2154,Lymphoid-DC
c_1_7_2155,Lymphoid-DC
c_1_7_2156,Lymphoid-B
c_1_7_2157,Myeloid
c_1_7_2158,Lymphoid-B
c_1_7_2159,Lymphoid-DC
c_1_7_2160,None
c_1_7_2161,Lymphoid-T
c_1_7_2162,Lymphoid-B
c_1_7_2163,Lymphoid-DC
c_1_7_2164,Lymphoid-B
c_1_7_2165,Lymphoid-DC
c_1_7_2166,Lymphoid-B
c_1_7_2167,Lymphoid-DC
c_1_7_2168,None
c_1_7_2169,Lymphoid-B
c_1_7_2170,Lymphoid-B
c_1_7_2171,Lymphoid-DC
c_1_7_2172,Lymphoid-DC
c_1_7_2173,Epithelial
c_1_7_2174,Lymphoid-B
c_1_7_2175,Lymphoid-Other
c_1_7_2176,Lymphoid-DC
c_1_7_2177,Lymphoid-B
c_1_7_2178,Lymphoid-B
c_1_7_2179,Lymphoid-Plasma
c_1_7_2180,Lymphoid-Other
c_1_7_2181,None
c_1_7_2182,Lymphoid-B
c_1_7_2183,Lymphoid-DC
c_1_7_2184,Endothelial
c_1_7_2185,Lymphoid-B
c_1_7_2186,Lymphoid-T
c_1_7_2187,Lymphoid-B
c_1_7_2188,Lymphoid-B
c_1_7_2189,Lymphoid-Other
c_1_7_2190,Lymphoid-DC
c_1_7_2191,Lymphoid-DC
c_1_7_2192,Lymphoid-B
c_1_7_2193,Lymphoid-DC
c_1_7_2194,Myeloid
c_1_7_2195,Lymphoid-DC
c_1_7_2196,Lymphoid-DC
c_1_7_2197,Lymphoid-B
c_1_7_2198,Myeloid
c_1_7_2199,Lymphoid-DC
c_1_7_2200,Lymphoid-DC
c_1_7_2201,Lymphoid-B
c_1_7_2202,Lymphoid-B
c_1_7_2203,Lymphoid-B
c_1_7_2204,Lymphoid-B
c_1_7_2205,Lymphoid-B
c_1_7_2206,None
c_1_7_2207,Lymphoid-DC
c_1_7_2208,Lymphoid-DC
c_1_7_2209,Lymphoid-T
c_1_7_2210,Lymphoid-DC
c_1_7_2211,Lymphoid-DC
c_1_7_2212,Lymphoid-T
c_1_7_2213,Lymphoid-DC
c_1_7_2214,Lymphoid-B
c_1_7_2215,Lymphoid-B
c_1_7_2216,Lymphoid-DC
c_1_7_2217,Lymphoid-B
c_1_7_2218,Lymphoid-B
c_1_7_2219,Lymphoid-Other
c_1_7_2220,Lymphoid-B
c_1_7_2221,None
c_1_7_2222,Lymphoid-DC
c_1_7_2223,Lymphoid-B
c_1_7_2224,Endothelial
c_1_7_2225,Lymphoid-B
c_1_7_2226,Myeloid
c_1_7_2227,Lymphoid-T
c_1_7_2228,Lymphoid-B
c_1_7_2229,Lymphoid-B
c_1_7_2230,Lymphoid-DC
c_1_7_2231,Endothelial
c_1_7_2232,Lymphoid-B
c_1_7_2233,Lymphoid-B
c_1_7_2234,Lymphoid-DC
c_1_7_2235,Lymphoid-B
c_1_7_2236,Lymphoid-DC
c_1_7_2237,Myeloid
c_1_7_2238,Lymphoid-T
c_1_7_2239,Lymphoid-DC
c_1_7_2240,Lymphoid-B
c_1_7_2241,Lymphoid-T
c_1_7_2242,Lymphoid-T
c_1_7_2243,Lymphoid-B
c_1_7_2244,Lymphoid-DC
c_1_7_2245,Lymphoid-B
c_1_7_2246,Lymphoid-B
c_1_7_2247,Lymphoid-B
c_1_7_2248,Lymphoid-B
c_1_7_2249,Lymphoid-Other
c_1_7_2250,Lymphoid-B
c_1_7_2251,Lymphoid-B
c_1_7_2252,Epithelial
c_1_7_2253,Lymphoid-B
c_1_7_2254,Lymphoid-B
c_1_7_2255,Lymphoid-B
c_1_7_2256,Myeloid
c_1_7_2257,Lymphoid-T
c_1_7_2258,Lymphoid-DC
c_1_7_2259,Epithelial
c_1_7_2260,Lymphoid-Other
c_1_7_2261,Lymphoid-B
c_1_7_2262,Lymphoid-B
c_1_7_2263,Lymphoid-B
c_1_7_2264,Lymphoid-DC
c_1_7_2265,Lymphoid-B
c_1_7_2266,Lymphoid-T
c_1_7_2267,Lymphoid-B
c_1_7_2268,Lymphoid-B
c_1_7_2269,Lymphoid-DC
c_1_7_2270,Lymphoid-DC
c_1_7_2271,Lymphoid-Other
c_1_7_2272,None
c_1_7_2273,Lymphoid-B
c_1_7_2274,Lymphoid-B
c_1_7_2275,Lymphoid-DC
c_1_7_2276,Lymphoid-B
c_1_7_2277,Lymphoid-DC
c_1_7_2278,Lymphoid-DC
c_1_7_2279,Myeloid
c_1_7_2280,Lymphoid-T
c_1_7_2281,Lymphoid-B
c_1_7_2282,Lymphoid-T
c_1_7_2283,Lymphoid-DC
c_1_7_2284,Lymphoid-B
c_1_7_2285,Lymphoid-Other
c_1_7_2286,Lymphoid-B
c_1_7_2287,None
c_1_7_2288,Lymphoid-DC
c_1_7_2289,Lymphoid-B
c_1_7_2290,Lymphoid-B
c_1_7_2291,Lymphoid-DC
c_1_7_2292,Lymphoid-DC
c_1_7_2293,Myeloid
c_1_7_2294,Lymphoid-DC
c_1_7_2295,Lymphoid-DC
c_1_7_2296,Lymphoid-B
c_1_7_2297,Lymphoid-B
c_1_7_2298,Lymphoid-T
c_1_7_2299,Lymphoid-B
c_1_7_2300,Lymphoid-Other
c_1_7_2301,Lymphoid-DC
c_1_7_2302,Lymphoid-B
c_1_7_2303,Lymphoid-B
c_1_7_2304,Myeloid
c_1_7_2305,Lymphoid-B
c_1_7_2306,Lymphoid-DC
c_1_7_2307,Lymphoid-T
c_1_7_2308,Lymphoid-B
c_1_7_2309,Lymphoid-DC
c_1_7_2310,Lymphoid-Other
c_1_7_2311,Lymphoid-DC
c_1_7_2312,Lymphoid-Other
c_1_7_2313,Lymphoid-T
c_1_7_2314,Lymphoid-B
c_1_7_2315,Lymphoid-Other
c_1_7_2316,Myeloid
c_1_7_2317,Lymphoid-DC
c_1_7_2318,Lymphoid-B
c_1_7_2319,Lymphoid-T
c_1_7_2320,Lymphoid-B
c_1_7_2321,Lymphoid-T
c_1_7_2322,Lymphoid-B
c_1_7_2323,Lymphoid-B
c_1_7_2324,Lymphoid-DC
c_1_7_2325,Lymphoid-B
c_1_7_2326,Lymphoid-DC
c_1_7_2327,Lymphoid-DC
c_1_7_2328,Lymphoid-B
c_1_7_2329,Lymphoid-B
c_1_7_2330,Myeloid
c_1_7_2331,Lymphoid-B
c_1_7_2332,None
c_1_7_2333,Lymphoid-T
c_1_7_2334,Lymphoid-T
c_1_7_2335,Lymphoid-Other
c_1_7_2336,Lymphoid-DC
c_1_7_2337,Lymphoid-DC
c_1_7_2338,Lymphoid-T
c_1_7_2339,Lymphoid-B
c_1_7_2340,Lymphoid-B
c_1_7_2341,Lymphoid-B
c_1_7_2342,Lymphoid-B
c_1_7_2343,Lymphoid-B
c_1_7_2344,Lymphoid-DC
c_1_7_2345,Lymphoid-Other
c_1_7_2346,Lymphoid-DC
c_1_7_2347,Lymphoid-DC
c_1_7_2348,None
c_1_7_2349,Lymphoid-B
c_1_7_2350,Myeloid
c_1_7_2351,Lymphoid-B
c_1_7_2352,Lymphoid-B
c_1_7_2353,Myeloid
c_1_7_2354,Myeloid
c_1_7_2355,Lymphoid-B
c_1_7_2356,Lymphoid-B
c_1_7_2357,Lymphoid-B
c_1_7_2358,None
c_1_7_2359,Lymphoid-DC
c_1_7_2360,Lymphoid-DC
c_1_7_2361,Lymphoid-Other
c_1_7_2362,Lymphoid-T
c_1_7_2363,Lymphoid-B
c_1_7_2364,Lymphoid-Other
c_1_7_2365,Endothelial
c_1_7_2366,Lymphoid-B
c_1_7_2367,None
c_1_7_2368,Lymphoid-DC
c_1_7_2369,Endothelial
c_1_7_2370,Lymphoid-Other
c_1_7_2371,Lymphoid-Other
c_1_7_2372,Lymphoid-DC
c_1_7_2373,Lymphoid-T
c_1_7_2374,Lymphoid-B
c_1_7_2375,Lymphoid-B
c_1_7_2376,Lymphoid-B
c_1_7_2377,None
c_1_7_2378,Lymphoid-T
c_1_7_2379,Lymphoid-B
c_1_7_2380,Lymphoid-DC
c_1_7_2381,Lymphoid-Other
c_1_7_2382,Lymphoid-B
c_1_7_2383,Lymphoid-B
c_1_7_2384,Lymphoid-B
c_1_7_2385,Lymphoid-B
c_1_7_2386,Lymphoid-B
c_1_7_2387,Lymphoid-Plasma
c_1_7_2388,Lymphoid-Other
c_1_7_2389,Lymphoid-DC
c_1_7_2390,Myeloid
c_1_7_2391,Lymphoid-DC
c_1_7_2392,Lymphoid-DC
c_1_7_2393,Lymphoid-DC
c_1_7_2394,Lymphoid-B
c_1_7_2395,Lymphoid-DC
c_1_7_2396,Lymphoid-T
c_1_7_2397,Myeloid
c_1_7_2398,Lymphoid-B
c_1_7_2399,Lymphoid-B
c_1_7_2400,Lymphoid-Other
c_1_7_2401,Lymphoid-T
c_1_7_2402,Lymphoid-DC
c_1_7_2403,Lymphoid-DC
c_1_7_2404,Lymphoid-DC
c_1_7_2405,None
c_1_7_2406,Lymphoid-T
c_1_7_2407,Lymphoid-B
c_1_7_2408,Lymphoid-B
c_1_7_2409,Lymphoid-B
c_1_7_2410,Lymphoid-DC
c_1_7_2411,Lymphoid-T
c_1_7_2412,Lymphoid-DC
c_1_7_2413,Lymphoid-B
c_1_7_2414,Lymphoid-DC
c_1_7_2415,Lymphoid-B
c_1_7_2416,Lymphoid-DC
c_1_7_2417,Lymphoid-DC
c_1_7_2418,Lymphoid-B
c_1_7_2419,Lymphoid-T
c_1_7_2420,Lymphoid-DC
c_1_7_2421,Lymphoid-B
c_1_7_2422,Lymphoid-B
c_1_7_2423,Lymphoid-T
c_1_7_2424,Lymphoid-B
c_1_7_2425,Lymphoid-DC
c_1_7_2426,Lymphoid-DC
c_1_7_2427,Lymphoid-B
c_1_7_2428,Lymphoid-T
c_1_7_2429,Lymphoid-DC
c_1_7_2430,Lymphoid-T
c_1_7_2431,Lymphoid-B
c_1_7_2432,Lymphoid-DC
c_1_7_2433,Lymphoid-DC
c_1_7_2434,Lymphoid-DC
c_1_7_2435,Lymphoid-DC
c_1_7_2436,Lymphoid-DC
c_1_7_2437,Lymphoid-DC
c_1_7_2438,Endothelial
c_1_7_2439,Lymphoid-Other
c_1_7_2440,Lymphoid-B
c_1_7_2441,Myeloid
c_1_7_2442,Lymphoid-T
c_1_7_2443,Lymphoid-B
c_1_7_2444,None
c_1_7_2445,Lymphoid-DC
c_1_7_2446,Lymphoid-Other
c_1_7_2447,Lymphoid-B
c_1_7_2448,Lymphoid-DC
c_1_7_2449,Lymphoid-B
c_1_7_2450,Lymphoid-DC
c_1_7_2451,Myeloid
c_1_7_2452,Lymphoid-DC
c_1_7_2453,Lymphoid-DC
c_1_7_2454,None
c_1_7_2455,Lymphoid-B
c_1_7_2456,Lymphoid-T
c_1_7_2457,Lymphoid-B
c_1_7_2458,None
c_1_7_2459,Lymphoid-DC
c_1_7_2460,Lymphoid-B
c_1_7_2461,Lymphoid-DC
c_1_7_2462,Lymphoid-B
c_1_7_2463,Lymphoid-B
c_1_7_2464,Lymphoid-B
c_1_7_2465,Lymphoid-B
c_1_7_2466,Lymphoid-DC
c_1_7_2467,Myeloid
c_1_7_2468,Myeloid
c_1_7_2469,Lymphoid-DC
c_1_7_2470,None
c_1_7_2471,Lymphoid-DC
c_1_7_2472,Lymphoid-B
c_1_7_2473,Lymphoid-DC
c_1_7_2474,Endothelial
c_1_7_2475,Lymphoid-B
c_1_7_2476,Lymphoid-DC
c_1_7_2477,Lymphoid-B
c_1_7_2478,Lymphoid-DC
c_1_7_2479,Lymphoid-DC
c_1_7_2480,Lymphoid-DC
c_1_7_2481,Lymphoid-DC
c_1_7_2482,Lymphoid-T
c_1_7_2483,Lymphoid-DC
c_1_7_2484,Lymphoid-Other
c_1_7_2485,None
c_1_7_2486,Lymphoid-Other
c_1_7_2487,Lymphoid-B
c_1_7_2488,Lymphoid-DC
c_1_7_2489,Lymphoid-DC
c_1_7_2490,Lymphoid-Other
c_1_7_2491,Lymphoid-DC
c_1_7_2492,Lymphoid-T
c_1_7_2493,Lymphoid-B
c_1_7_2494,Lymphoid-Other
c_1_7_2495,Lymphoid-Other
c_1_7_2496,Lymphoid-DC
c_1_7_2497,Lymphoid-Other
c_1_7_2498,Neuronal-Glial
c_1_7_2499,Lymphoid-DC
c_1_7_2500,Endothelial
c_1_7_2501,Myeloid
c_1_7_2502,Myeloid
c_1_7_2503,Lymphoid-DC
c_1_7_2504,Lymphoid-T
c_1_7_2505,Lymphoid-DC
c_1_7_2506,Lymphoid-B
c_1_7_2507,Lymphoid-DC
c_1_7_2508,Lymphoid-B
c_1_7_2509,Myeloid
c_1_7_2510,Lymphoid-DC
c_1_7_2511,Lymphoid-B
c_1_7_2512,Myeloid
c_1_7_2513,Lymphoid-DC
c_1_7_2514,Endothelial
c_1_7_2515,Lymphoid-DC
c_1_7_2516,Lymphoid-B
c_1_7_2517,Neuronal-Glial
c_1_7_2518,Lymphoid-DC
c_1_7_2519,Lymphoid-DC
c_1_7_2520,Lymphoid-DC
c_1_7_2521,Lymphoid-T
c_1_7_2522,Lymphoid-DC
c_1_7_2523,Lymphoid-T
c_1_7_2524,Lymphoid-T
c_1_7_2525,Lymphoid-B
c_1_7_2526,Lymphoid-DC
c_1_7_2527,Lymphoid-DC
c_1_7_2528,Lymphoid-B
c_1_7_2529,Lymphoid-Other
c_1_7_2530,Myeloid
c_1_7_2531,Endothelial
c_1_7_2532,Lymphoid-Other
c_1_7_2533,None
c_1_7_2534,Lymphoid-T
c_1_7_2535,None
c_1_7_2536,Lymphoid-Other
c_1_7_2537,Endothelial
c_1_7_2538,Lymphoid-DC
c_1_7_2539,Lymphoid-B
c_1_7_2540,Lymphoid-T
c_1_7_2541,Lymphoid-DC
c_1_7_2542,Lymphoid-T
c_1_7_2543,None
c_1_7_2544,Lymphoid-DC
c_1_7_2545,Lymphoid-B
c_1_7_2546,Lymphoid-B
c_1_7_2547,Lymphoid-DC
c_1_7_2548,Lymphoid-DC
c_1_7_2549,Lymphoid-Other
c_1_7_2550,Lymphoid-DC
c_1_7_2551,Lymphoid-DC
c_1_7_2552,Lymphoid-DC
c_1_7_2553,Lymphoid-DC
c_1_7_2554,Lymphoid-DC
c_1_7_2555,Lymphoid-DC
c_1_7_2556,Lymphoid-Other
c_1_7_2557,Lymphoid-T
c_1_7_2558,Lymphoid-DC
c_1_7_2559,Lymphoid-DC
c_1_7_2560,Lymphoid-DC
c_1_7_2561,Endothelial
c_1_7_2562,None
c_1_7_2563,Myeloid
c_1_7_2564,Endothelial
c_1_7_2565,Lymphoid-B
c_1_7_2566,Lymphoid-DC
c_1_7_2567,Lymphoid-Other
c_1_7_2568,Lymphoid-T
c_1_7_2569,Lymphoid-DC
c_1_7_2570,Lymphoid-B
c_1_7_2571,Endothelial
c_1_7_2572,Lymphoid-DC
c_1_7_2573,Lymphoid-Other
c_1_7_2574,Myeloid
c_1_7_2575,Lymphoid-DC
c_1_7_2576,None
c_1_7_2577,Myeloid
c_1_7_2578,Mesenchymal-Stromal
c_1_7_2579,Lymphoid-B
c_1_7_2580,Lymphoid-DC
c_1_7_2581,Lymphoid-B
c_1_7_2582,Lymphoid-DC
c_1_7_2583,Lymphoid-B
c_1_7_2584,Lymphoid-DC
c_1_7_2585,Lymphoid-B
c_1_7_2586,Lymphoid-Other
c_1_7_2587,Lymphoid-B
c_1_7_2588,Myeloid
c_1_7_2589,Lymphoid-DC
c_1_7_2590,Lymphoid-DC
c_1_7_2591,Lymphoid-DC
c_1_7_2592,Lymphoid-DC
c_1_7_2593,Myeloid
c_1_7_2594,Lymphoid-B
c_1_7_2595,Endothelial
c_1_7_2596,Myeloid
c_1_7_2597,Lymphoid-T
c_1_7_2598,Lymphoid-DC
c_1_7_2599,None
c_1_7_2600,Lymphoid-DC
c_1_7_2601,Lymphoid-DC
c_1_7_2602,Lymphoid-B
c_1_7_2603,Lymphoid-DC
c_1_7_2604,Lymphoid-T
c_1_7_2605,None
c_1_7_2606,Lymphoid-DC
c_1_7_2607,Lymphoid-DC
c_1_7_2608,Lymphoid-Other
c_1_7_2609,Lymphoid-DC
c_1_7_2610,Lymphoid-DC
c_1_7_2611,Lymphoid-DC
c_1_7_2612,Lymphoid-T
c_1_7_2613,Lymphoid-DC
c_1_7_2614,Lymphoid-DC
c_1_7_2615,Endothelial
c_1_7_2616,Lymphoid-Plasma
c_1_7_2617,Lymphoid-Other
c_1_7_2618,Lymphoid-Other
c_1_7_2619,Myeloid
c_1_7_2620,Myeloid
c_1_7_2621,Lymphoid-B
c_1_7_2622,Lymphoid-T
c_1_7_2623,Lymphoid-T
c_1_7_2624,Mesenchymal-Stromal
c_1_7_2625,Lymphoid-Other
c_1_7_2626,Lymphoid-DC
c_1_7_2627,None
c_1_7_2628,Lymphoid-DC
c_1_7_2629,Lymphoid-T
c_1_7_2630,Lymphoid-DC
c_1_7_2631,Lymphoid-DC
c_1_7_2632,Myeloid
c_1_7_2633,Lymphoid-DC
c_1_7_2634,Epithelial
c_1_7_2635,Lymphoid-B
c_1_7_2636,Lymphoid-T
c_1_7_2637,Lymphoid-DC
c_1_7_2638,Lymphoid-DC
c_1_7_2639,Lymphoid-T
c_1_7_2640,Lymphoid-DC
c_1_7_2641,Lymphoid-DC
c_1_7_2642,Lymphoid-DC
c_1_7_2643,Lymphoid-Other
c_1_7_2644,Endothelial
c_1_7_2645,Epithelial
c_1_7_2646,Lymphoid-DC
c_1_7_2647,Endothelial
c_1_7_2648,Epithelial
c_1_7_2649,Lymphoid-T
c_1_7_2650,Lymphoid-B
c_1_7_2651,Epithelial
c_1_7_2652,None
c_1_7_2653,Lymphoid-B
c_1_7_2654,Lymphoid-DC
c_1_7_2655,Lymphoid-DC
c_1_7_2656,Lymphoid-DC
c_1_7_2657,Lymphoid-T
c_1_7_2658,Lymphoid-B
c_1_7_2659,Lymphoid-DC
c_1_7_2660,Lymphoid-DC
c_1_7_2661,Lymphoid-B
c_1_7_2662,Lymphoid-DC
c_1_7_2663,Lymphoid-Other
c_1_7_2664,Lymphoid-B
c_1_7_2665,Endothelial
c_1_7_2666,Lymphoid-DC
c_1_7_2667,Myeloid
c_1_7_2668,Lymphoid-DC
c_1_7_2669,Lymphoid-B
c_1_7_2670,Epithelial
c_1_7_2671,Lymphoid-T
c_1_7_2672,Lymphoid-B
c_1_7_2673,Lymphoid-T
c_1_7_2674,Lymphoid-DC
c_1_7_2675,Lymphoid-B
c_1_7_2676,Lymphoid-Other
c_1_7_2677,Myeloid
c_1_7_2678,Lymphoid-T
c_1_7_2679,Lymphoid-T
c_1_7_2680,Lymphoid-DC
c_1_7_2681,Lymphoid-Other
c_1_7_2682,Lymphoid-T
c_1_7_2683,Lymphoid-Other
c_1_7_2684,Lymphoid-DC
c_1_7_2685,Lymphoid-T
c_1_7_2686,Lymphoid-B
c_1_7_2687,Lymphoid-Plasma
c_1_7_2688,Lymphoid-DC
c_1_7_2689,Lymphoid-DC
c_1_7_2690,Epithelial
c_1_7_2691,Lymphoid-DC
c_1_7_2692,Lymphoid-T
c_1_7_2693,Lymphoid-DC
c_1_7_2694,Lymphoid-DC
c_1_7_2695,Endothelial
c_1_7_2696,None
c_1_7_2697,None
c_1_7_2698,Epithelial
c_1_7_2699,Lymphoid-DC
c_1_7_2700,Lymphoid-DC
c_1_7_2701,Lymphoid-T
c_1_7_2702,Lymphoid-DC
c_1_7_2703,Epithelial
c_1_7_2704,Epithelial
c_1_7_2705,Epithelial
c_1_7_2706,Lymphoid-T
c_1_7_2707,Myeloid
c_1_7_2708,Lymphoid-DC
c_1_7_2709,Lymphoid-T
c_1_7_2710,Lymphoid-T
c_1_7_2711,Lymphoid-DC
c_1_7_2712,Lymphoid-DC
c_1_7_2713,Lymphoid-T
c_1_7_2714,Lymphoid-DC
c_1_7_2715,Stem
c_1_7_2716,Stem
c_1_7_2717,Lymphoid-DC
c_1_7_2718,Epithelial
c_1_7_2719,Lymphoid-T
c_1_7_2720,Lymphoid-DC
c_1_7_2721,Lymphoid-DC
c_1_7_2722,Lymphoid-DC
c_1_7_2723,Myeloid
c_1_7_2724,Lymphoid-DC
c_1_7_2725,Epithelial
c_1_7_2726,Lymphoid-Other
c_1_7_2727,Lymphoid-DC
c_1_7_2728,Lymphoid-B
c_1_7_2729,Lymphoid-DC
c_1_7_2730,Lymphoid-Other
c_1_7_2731,Lymphoid-DC
c_1_7_2732,Lymphoid-DC
c_1_7_2733,Lymphoid-DC
c_1_7_2734,Lymphoid-B
c_1_7_2735,Lymphoid-T
c_1_7_2736,Lymphoid-DC
c_1_7_2737,Lymphoid-T
c_1_7_2738,Epithelial
c_1_7_2739,Lymphoid-DC
c_1_7_2740,Lymphoid-DC
c_1_7_2741,None
c_1_7_2742,Lymphoid-DC
c_1_7_2743,Myeloid
c_1_7_2744,Stem
c_1_7_2745,Lymphoid-Other
c_1_7_2746,Myeloid
c_1_7_2747,Epithelial
c_1_7_2748,Lymphoid-T
c_1_7_2749,Lymphoid-Other
c_1_7_2750,Lymphoid-DC
c_1_7_2751,Lymphoid-DC
c_1_7_2752,Lymphoid-DC
c_1_7_2753,Epithelial
c_1_7_2754,Lymphoid-DC
c_1_7_2755,Lymphoid-DC
c_1_7_2756,Lymphoid-DC
c_1_7_2757,Lymphoid-Other
c_1_7_2758,None
c_1_7_2759,Epithelial
c_1_7_2760,Epithelial
c_1_7_2761,Myeloid
c_1_7_2762,Lymphoid-T
c_1_7_2763,Myeloid
c_1_7_2764,Myeloid
c_1_7_2765,Lymphoid-T
c_1_7_2766,Lymphoid-DC
c_1_7_2767,Lymphoid-DC
c_1_7_2768,Lymphoid-T
c_1_7_2769,Lymphoid-DC
c_1_7_2770,None
c_1_7_2771,Lymphoid-DC
c_1_7_2772,Lymphoid-DC
c_1_7_2773,Lymphoid-T
c_1_7_2774,Lymphoid-T
c_1_7_2775,Lymphoid-DC
c_1_7_2776,Lymphoid-T
c_1_7_2777,Lymphoid-Other
c_1_7_2778,Lymphoid-DC
c_1_7_2779,Myeloid
c_1_7_2780,Lymphoid-DC
c_1_7_2781,Lymphoid-DC
c_1_7_2782,Myeloid
c_1_7_2783,Epithelial
c_1_7_2784,Epithelial
c_1_7_2785,Lymphoid-DC
c_1_7_2786,Epithelial
c_1_7_2787,Lymphoid-Other
c_1_7_2788,Lymphoid-DC
c_1_7_2789,Lymphoid-DC
c_1_7_2790,Endothelial
c_1_7_2791,Lymphoid-DC
c_1_7_2792,Lymphoid-T
c_1_7_2793,Lymphoid-DC
c_1_7_2794,Lymphoid-B
c_1_7_2795,Lymphoid-Other
c_1_7_2796,Lymphoid-T
c_1_7_2797,Lymphoid-DC
c_1_7_2798,Lymphoid-DC
c_1_7_2799,Lymphoid-DC
c_1_7_2800,Stem
c_1_7_2801,Lymphoid-Other
c_1_7_2802,Endothelial
c_1_7_2803,Lymphoid-T
c_1_7_2804,Epithelial
c_1_7_2805,Epithelial
c_1_7_2806,None
c_1_7_2807,Lymphoid-DC
c_1_7_2808,Lymphoid-DC
c_1_7_2809,Lymphoid-T
c_1_7_2810,Epithelial
c_1_7_2811,Epithelial
c_1_7_2812,Lymphoid-DC
c_1_7_2813,Lymphoid-Other
c_1_7_2814,Lymphoid-DC
c_1_7_2815,Lymphoid-T
c_1_7_2816,Lymphoid-B
c_1_7_2817,Lymphoid-Other
c_1_7_2818,Lymphoid-DC
c_1_7_2819,Lymphoid-T
c_1_7_2820,Lymphoid-Other
c_1_7_2821,Lymphoid-T
c_1_7_2822,Epithelial
c_1_7_2823,Endothelial
c_1_7_2824,Lymphoid-DC
c_1_7_2825,Lymphoid-Other
c_1_7_2826,Stem
c_1_7_2827,Lymphoid-T
c_1_7_2828,Lymphoid-DC
c_1_7_2829,Lymphoid-DC
c_1_7_2830,Lymphoid-T
c_1_7_2831,Lymphoid-DC
c_1_7_2832,Stem
c_1_7_2833,Endothelial
c_1_7_2834,Lymphoid-DC
c_1_7_2835,None
c_1_7_2836,Lymphoid-T
c_1_7_2837,Lymphoid-Other
c_1_7_2838,Lymphoid-B
c_1_7_2839,Lymphoid-DC
c_1_7_2840,Lymphoid-T
c_1_7_2841,Lymphoid-DC
c_1_7_2842,Lymphoid-DC
c_1_7_2843,Endothelial
c_1_7_2844,Lymphoid-T
c_1_7_2845,Lymphoid-T
c_1_7_2846,Lymphoid-T
c_1_7_2847,Lymphoid-T
c_1_7_2848,Myeloid
c_1_7_2849,Lymphoid-T
c_1_7_2850,Lymphoid-DC
c_1_7_2851,Lymphoid-DC
c_1_7_2852,Lymphoid-Plasma
c_1_7_2853,Stem
c_1_7_2854,Myeloid
c_1_7_2855,Lymphoid-Other
c_1_7_2856,None
c_1_7_2857,Epithelial
c_1_7_2858,Endothelial
c_1_7_2859,Lymphoid-DC
c_1_7_2860,Lymphoid-Other
c_1_7_2861,Lymphoid-B
c_1_7_2862,Lymphoid-Other
c_1_7_2863,Myeloid
c_1_7_2864,Endothelial
c_1_7_2865,Lymphoid-T
c_1_7_2866,Endothelial
c_1_7_2867,Lymphoid-Plasma
c_1_7_2868,Lymphoid-T
c_1_7_2869,Myeloid
c_1_7_2870,Endothelial
c_1_7_2871,Epithelial
c_1_7_2872,Lymphoid-DC
c_1_7_2873,Lymphoid-T
c_1_7_2874,Lymphoid-T
c_1_7_2875,Lymphoid-T
c_1_7_2876,Lymphoid-T
c_1_7_2877,Lymphoid-DC
c_1_7_2878,Myeloid
c_1_7_2879,Endothelial
c_1_7_2880,None
c_1_7_2881,Lymphoid-DC
c_1_7_2882,Lymphoid-DC
c_1_7_2883,Lymphoid-DC
c_1_7_2884,Lymphoid-T
c_1_7_2885,Endothelial
c_1_7_2886,Lymphoid-Other
c_1_7_2887,Lymphoid-DC
c_1_7_2888,Myeloid
c_1_7_2889,Lymphoid-DC
c_1_7_2890,Lymphoid-DC
c_1_7_2891,Myeloid
c_1_7_2892,Myeloid
c_1_7_2893,Lymphoid-DC
c_1_7_2894,Epithelial
c_1_7_2895,Epithelial
c_1_7_2896,Lymphoid-B
c_1_7_2897,Stem
c_1_7_2898,Lymphoid-Plasma
c_1_7_2899,Lymphoid-T
c_1_7_2900,Epithelial
c_1_7_2901,Lymphoid-T
c_1_7_2902,Epithelial
c_1_7_2903,Lymphoid-DC
c_1_7_2904,Lymphoid-Plasma
c_1_7_2905,Lymphoid-DC
c_1_7_2906,Lymphoid-Other
c_1_7_2907,Lymphoid-T
c_1_7_2908,Lymphoid-Other
c_1_7_2909,Myeloid
c_1_7_2910,Lymphoid-T
c_1_7_2911,Myeloid
c_1_7_2912,Lymphoid-T
c_1_7_2913,Lymphoid-DC
c_1_7_2914,Endothelial
c_1_7_2915,Lymphoid-Other
c_1_7_2916,Endothelial
c_1_7_2917,Stem
c_1_7_2918,Lymphoid-DC
c_1_7_2919,Lymphoid-T
c_1_7_2920,Lymphoid-T
c_1_7_2921,Lymphoid-T
c_1_7_2922,Lymphoid-T
c_1_7_2923,Lymphoid-T
c_1_7_2924,Lymphoid-T
c_1_7_2925,Endothelial
c_1_7_2926,None
c_1_7_2927,Myeloid
c_1_7_2928,Endothelial
c_1_7_2929,None
c_1_7_2930,Lymphoid-T
c_1_7_2931,Lymphoid-B
c_1_7_2932,Lymphoid-DC
c_1_7_2933,Myeloid
c_1_7_2934,Lymphoid-B
c_1_7_2935,Mesenchymal-Stromal
c_1_7_2936,Mesenchymal-Stromal
c_1_7_2937,Lymphoid-DC
c_1_7_2938,Myeloid
c_1_7_2939,Lymphoid-T
c_1_7_2940,Lymphoid-T
c_1_7_2941,Lymphoid-Other
c_1_7_2942,Mesenchymal-Stromal
c_1_7_2943,Epithelial
c_1_7_2944,Lymphoid-T
c_1_7_2945,Lymphoid-Plasma
c_1_7_2946,Myeloid
c_1_7_2947,Lymphoid-Other
c_1_7_2948,Myeloid
c_1_7_2949,Myeloid
c_1_7_2950,Lymphoid-B
c_1_7_2951,Lymphoid-T
c_1_7_2952,Endothelial
c_1_7_2953,Endothelial
c_1_7_2954,Lymphoid-Other
c_1_7_2955,Lymphoid-T
c_1_7_2956,Lymphoid-Other
c_1_7_2957,Lymphoid-Other
c_1_7_2958,Mesenchymal-Stromal
c_1_7_2959,Lymphoid-DC
c_1_7_2960,Lymphoid-DC
c_1_7_2961,Lymphoid-Other
c_1_7_2962,Lymphoid-Other
c_1_7_2963,Endothelial
c_1_7_2964,Lymphoid-DC
c_1_7_2965,Lymphoid-T
c_1_7_2966,Epithelial
c_1_7_2967,Lymphoid-DC
c_1_7_2968,Lymphoid-Plasma
c_1_7_2969,Lymphoid-B
c_1_7_2970,Endothelial
c_1_7_2971,Lymphoid-T
c_1_7_2972,Lymphoid-DC
c_1_7_2973,Lymphoid-DC
c_1_7_2974,Endothelial
c_1_7_2975,Lymphoid-T
c_1_7_2976,Lymphoid-DC
c_1_7_2977,Lymphoid-Other
c_1_7_2978,None
c_1_7_2979,Lymphoid-B
c_1_7_2980,Lymphoid-Other
c_1_7_2981,Mesenchymal-Stromal
c_1_7_2982,Epithelial
c_1_7_2983,Lymphoid-T
c_1_7_2984,Mesenchymal-Stromal
c_1_7_2985,Lymphoid-T
c_1_7_2986,Lymphoid-DC
c_1_7_2987,Lymphoid-DC
c_1_7_2988,Lymphoid-DC
c_1_7_2989,Lymphoid-Plasma
c_1_7_2990,Lymphoid-Other
c_1_7_2991,Lymphoid-B
c_1_7_2992,Lymphoid-DC
c_1_7_2993,None
c_1_7_2994,Epithelial
c_1_7_2995,Neuronal-Glial
c_1_7_2996,Myeloid
c_1_7_2997,Lymphoid-T
c_1_7_2998,Endothelial
c_1_7_2999,None
c_1_7_3000,Lymphoid-T
c_1_7_3001,Lymphoid-T
c_1_7_3002,Lymphoid-DC
c_1_7_3003,Endothelial
c_1_7_3004,Lymphoid-T
c_1_7_3005,Lymphoid-T
c_1_7_3006,Lymphoid-T
c_1_7_3007,Lymphoid-T
c_1_7_3008,Lymphoid-T
c_1_7_3009,Endothelial
c_1_7_3010,Endothelial
c_1_7_3011,Myeloid
c_1_7_3012,Lymphoid-DC
c_1_7_3013,Lymphoid-Other
c_1_7_3014,Lymphoid-DC
c_1_7_3015,Neuronal-Glial
c_1_7_3016,Endothelial
c_1_7_3017,Endothelial
c_1_7_3018,Lymphoid-T
c_1_7_3019,Myeloid
c_1_7_3020,Epithelial
c_1_7_3021,Epithelial
c_1_7_3022,Lymphoid-DC
c_1_7_3023,Lymphoid-DC
c_1_7_3024,Lymphoid-Other
c_1_7_3025,Lymphoid-DC
c_1_7_3026,Lymphoid-DC
c_1_7_3027,Lymphoid-DC
c_1_7_3028,Lymphoid-DC
c_1_7_3029,Lymphoid-T
c_1_7_3030,Mesenchymal-Stromal
c_1_7_3031,Myeloid
c_1_7_3032,Endothelial
c_1_7_3033,Lymphoid-Plasma
c_1_7_3034,Neuronal-Glial
c_1_7_3035,Neuronal-Glial
c_1_7_3036,Lymphoid-T
c_1_7_3037,Lymphoid-DC
c_1_7_3038,Epithelial
c_1_7_3039,Lymphoid-B
c_1_7_3040,Epithelial
c_1_7_3041,Lymphoid-Other
c_1_7_3042,Epithelial
c_1_7_3043,Lymphoid-T
c_1_7_3044,Myeloid
c_1_7_3045,Lymphoid-T
c_1_7_3046,Myeloid
c_1_7_3047,Lymphoid-T
c_1_7_3048,Lymphoid-T
c_1_7_3049,Lymphoid-T
c_1_7_3050,Lymphoid-Plasma
c_1_7_3051,None
c_1_7_3052,Mesenchymal-Stromal
c_1_7_3053,Lymphoid-T
c_1_7_3054,Lymphoid-Other
c_1_7_3055,Lymphoid-DC
c_1_7_3056,Lymphoid-T
c_1_7_3057,Endothelial
c_1_7_3058,Lymphoid-DC
c_1_7_3059,Lymphoid-T
c_1_7_3060,Epithelial
c_1_7_3061,Stem
c_1_7_3062,Epithelial
c_1_7_3063,Lymphoid-T
c_1_7_3064,Mesenchymal-Stromal
c_1_7_3065,Endothelial
c_1_7_3066,None
c_1_7_3067,Lymphoid-T
c_1_7_3068,Myeloid
c_1_7_3069,Lymphoid-T
c_1_7_3070,Lymphoid-T
c_1_7_3071,Lymphoid-DC
c_1_7_3072,Lymphoid-T
c_1_7_3073,Myeloid
c_1_7_3074,Lymphoid-T
c_1_7_3075,Lymphoid-T
c_1_7_3076,Myeloid
c_1_7_3077,Endothelial
c_1_7_3078,Lymphoid-Other
c_1_7_3079,Lymphoid-Plasma
c_1_7_3080,Endothelial
c_1_7_3081,Endothelial
c_1_7_3082,Myeloid
c_1_7_3083,Lymphoid-T
c_1_7_3084,None
c_1_7_3085,Lymphoid-T
c_1_7_3086,Lymphoid-Other
c_1_7_3087,Mesenchymal-Stromal
c_1_7_3088,Lymphoid-DC
c_1_7_3089,Myeloid
c_1_7_3090,Lymphoid-DC
c_1_7_3091,Myeloid
c_1_7_3092,Epithelial
c_1_7_3093,Endothelial
c_1_7_3094,Epithelial
c_1_7_3095,Lymphoid-DC
c_1_7_3096,Lymphoid-B
c_1_7_3097,Mesenchymal-Stromal
c_1_7_3098,None
c_1_7_3099,Lymphoid-Other
c_1_7_3100,Lymphoid-DC
c_1_7_3101,Endothelial
c_1_7_3102,Lymphoid-T
c_1_7_3103,Lymphoid-DC
c_1_7_3104,Lymphoid-Other
c_1_7_3105,Mesenchymal-Stromal
c_1_7_3106,Endothelial
c_1_7_3107,Lymphoid-Other
c_1_7_3108,Endothelial
c_1_7_3109,Mesenchymal-Stromal
c_1_7_3110,Endothelial
c_1_7_3111,Lymphoid-DC
c_1_7_3112,Lymphoid-DC
c_1_7_3113,None
c_1_7_3114,Lymphoid-Other
c_1_7_3115,Lymphoid-Other
c_1_7_3116,Lymphoid-DC
c_1_7_3117,Lymphoid-T
c_1_7_3118,Lymphoid-Other
c_1_7_3119,Endothelial
c_1_7_3120,Lymphoid-DC
c_1_7_3121,Lymphoid-T
c_1_7_3122,Neuronal-Glial
c_1_7_3123,Endothelial
c_1_7_3124,Lymphoid-DC
c_1_7_3125,Lymphoid-DC
c_1_7_3126,Epithelial
c_1_7_3127,Lymphoid-Other
c_1_7_3128,Mesenchymal-Stromal
c_1_7_3129,Lymphoid-Other
c_1_7_3130,Endothelial
c_1_7_3131,Lymphoid-Plasma
c_1_7_3132,Endothelial
c_1_7_3133,Lymphoid-Other
c_1_7_3134,Mesenchymal-Stromal
c_1_7_3135,Myeloid
c_1_7_3136,Myeloid
c_1_7_3137,Epithelial
c_1_7_3138,Lymphoid-Other
c_1_7_3139,Endothelial
c_1_7_3140,Lymphoid-T
c_1_7_3141,Endothelial
c_1_7_3142,Lymphoid-DC
c_1_7_3143,Endothelial
c_1_7_3144,Endothelial
c_1_7_3145,Lymphoid-DC
c_1_7_3146,Myeloid
c_1_7_3147,Lymphoid-Plasma
c_1_7_3148,Lymphoid-DC
c_1_7_3149,None
c_1_7_3150,Lymphoid-Other
c_1_7_3151,Epithelial
c_1_7_3152,Lymphoid-DC
c_1_7_3153,Endothelial
c_1_7_3154,Stem
c_1_7_3155,Lymphoid-B
c_1_7_3156,Epithelial
c_1_7_3157,Lymphoid-DC
c_1_7_3158,Endothelial
c_1_7_3159,Myeloid
c_1_7_3160,Lymphoid-T
c_1_7_3161,Lymphoid-DC
c_1_7_3162,Lymphoid-T
c_1_7_3163,Endothelial
c_1_7_3164,Endothelial
c_1_7_3165,Lymphoid-Other
c_1_7_3166,Epithelial
c_1_7_3167,Myeloid
c_1_7_3168,Lymphoid-DC
c_1_7_3169,Lymphoid-DC
c_1_7_3170,Neuronal-Glial
c_1_7_3171,Endothelial
c_1_7_3172,Epithelial
c_1_7_3173,Myeloid
c_1_7_3174,Lymphoid-DC
c_1_7_3175,Lymphoid-Plasma
c_1_7_3176,Myeloid
c_1_7_3177,Neuronal-Glial
c_1_7_3178,Lymphoid-Other
c_1_7_3179,Lymphoid-T
c_1_7_3180,Lymphoid-Other
c_1_7_3181,Endothelial
c_1_7_3182,Lymphoid-Other
c_1_7_3183,Lymphoid-Other
c_1_7_3184,Endothelial
c_1_7_3185,None
c_1_7_3186,Lymphoid-Plasma
c_1_7_3187,Myeloid
c_1_7_3188,Lymphoid-DC
c_1_7_3189,Neuronal-Glial
c_1_7_3190,Endothelial
c_1_7_3191,Lymphoid-T
c_1_7_3192,Myeloid
c_1_7_3193,Mesenchymal-Stromal
c_1_7_3194,Endothelial
c_1_7_3195,Lymphoid-DC
c_1_7_3196,Epithelial
c_1_7_3197,Endothelial
c_1_7_3198,Lymphoid-T
c_1_7_3199,Myeloid
c_1_7_3200,Endothelial
c_1_7_3201,Epithelial
c_1_7_3202,Lymphoid-T
c_1_7_3203,Lymphoid-Other
c_1_7_3204,Myeloid
c_1_7_3205,Lymphoid-DC
c_1_7_3206,Lymphoid-T
c_1_7_3207,Epithelial
c_1_7_3208,None
c_1_7_3209,Lymphoid-DC
c_1_7_3210,Lymphoid-Other
c_1_7_3211,None
c_1_7_3212,Lymphoid-DC
c_1_7_3213,Endothelial
c_1_7_3214,Lymphoid-DC
c_1_7_3215,Lymphoid-Other
c_1_7_3216,Epithelial
c_1_7_3217,Lymphoid-T
c_1_7_3218,Lymphoid-Plasma
c_1_7_3219,Lymphoid-DC
c_1_7_3220,Lymphoid-DC
c_1_7_3221,Lymphoid-T
c_1_7_3222,Endothelial
c_1_7_3223,Lymphoid-Other
c_1_7_3224,Lymphoid-T
c_1_7_3225,Epithelial
c_1_7_3226,Endothelial
c_1_7_3227,Lymphoid-T
c_1_7_3228,Lymphoid-Other
c_1_7_3229,Stem
c_1_7_3230,Neuronal-Glial
c_1_7_3231,Lymphoid-Other
c_1_7_3232,Endothelial
c_1_7_3233,None
c_1_7_3234,Lymphoid-Plasma
c_1_7_3235,Lymphoid-T
c_1_7_3236,Lymphoid-T
c_1_7_3237,Lymphoid-DC
c_1_7_3238,Lymphoid-Other
c_1_7_3239,Lymphoid-Plasma
c_1_7_3240,Lymphoid-DC
c_1_7_3241,Endothelial
c_1_7_3242,Myeloid
c_1_7_3243,Endothelial
c_1_7_3244,Epithelial
c_1_7_3245,Lymphoid-Other
c_1_7_3246,Lymphoid-Plasma
c_1_7_3247,Lymphoid-Other
c_1_7_3248,Lymphoid-Other
c_1_7_3249,Lymphoid-Other
c_1_7_3250,Epithelial
c_1_7_3251,Lymphoid-Plasma
c_1_7_3252,Lymphoid-DC
c_1_7_3253,Myeloid
c_1_7_3254,Lymphoid-DC
c_1_7_3255,Epithelial
c_1_7_3256,Lymphoid-T
c_1_7_3257,Lymphoid-T
c_1_7_3258,Mesenchymal-Stromal
c_1_7_3259,Lymphoid-Other
c_1_7_3260,Epithelial
c_1_7_3261,Lymphoid-T
c_1_7_3262,Epithelial
c_1_7_3263,Epithelial
c_1_7_3264,Lymphoid-Plasma
c_1_7_3265,Lymphoid-B
c_1_7_3266,Lymphoid-DC
c_1_7_3267,Lymphoid-Other
c_1_7_3268,None
c_1_7_3269,Endothelial
c_1_7_3270,Myeloid
c_1_7_3271,Lymphoid-Other
c_1_7_3272,Epithelial
c_1_7_3273,Lymphoid-DC
c_1_7_3274,Endothelial
c_1_7_3275,Myeloid
c_1_7_3276,Lymphoid-T
c_1_7_3277,Stem
c_1_7_3278,Myeloid
c_1_7_3279,Lymphoid-DC
c_1_7_3280,None
c_1_7_3281,Epithelial
c_1_7_3282,Epithelial
c_1_7_3283,Epithelial
c_1_7_3284,Lymphoid-DC
c_1_7_3285,Lymphoid-Other
c_1_7_3286,Lymphoid-DC
c_1_7_3287,Lymphoid-T
c_1_7_3288,Lymphoid-T
c_1_7_3289,Lymphoid-T
c_1_7_3290,Epithelial
c_1_7_3291,Endothelial
c_1_7_3292,Lymphoid-Other
c_1_7_3293,Lymphoid-T
c_1_7_3294,Myeloid
c_1_7_3295,Lymphoid-T
c_1_7_3296,Lymphoid-DC
c_1_7_3297,Lymphoid-DC
c_1_7_3298,Epithelial
c_1_7_3299,Epithelial
c_1_7_3300,Lymphoid-DC
c_1_7_3301,Epithelial
c_1_7_3302,Epithelial
c_1_7_3303,Endothelial
c_1_7_3304,Lymphoid-Other
c_1_7_3305,Epithelial
c_1_7_3306,Lymphoid-Other
c_1_7_3307,Stem
c_1_7_3308,Lymphoid-DC
c_1_7_3309,Lymphoid-T
c_1_7_3310,Endothelial
c_1_7_3311,Lymphoid-DC
c_1_7_3312,Epithelial
c_1_7_3313,Epithelial
c_1_7_3314,Lymphoid-T
c_1_7_3315,Epithelial
c_1_7_3316,Endothelial
c_1_7_3317,Epithelial
c_1_7_3318,Epithelial
c_1_7_3319,Lymphoid-T
c_1_7_3320,Stem
c_1_7_3321,Lymphoid-Other
c_1_7_3322,Lymphoid-T
c_1_7_3323,Lymphoid-T
c_1_7_3324,Lymphoid-DC
c_1_7_3325,Stem
c_1_7_3326,Epithelial
c_1_7_3327,Lymphoid-Other
c_1_7_3328,Epithelial
c_1_7_3329,Lymphoid-Other
c_1_7_3330,Epithelial
c_1_7_3331,Endothelial
c_1_7_3332,Mesenchymal-Stromal
c_1_7_3333,Stem
c_1_7_3334,Epithelial
c_1_7_3335,Epithelial
c_1_7_3336,Lymphoid-T
c_1_7_3337,Stem
c_1_7_3338,Lymphoid-T
c_1_7_3339,Lymphoid-DC
c_1_7_3340,Epithelial
c_1_7_3341,Lymphoid-T
c_1_7_3342,Lymphoid-T
c_1_7_3343,Epithelial
c_1_7_3344,Mesenchymal-Stromal
c_1_7_3345,Lymphoid-Other
c_1_7_3346,Myeloid
c_1_7_3347,Lymphoid-Plasma
c_1_7_3348,Myeloid
c_1_7_3349,Epithelial
c_1_7_3350,Epithelial
c_1_7_3351,Lymphoid-T
c_1_7_3352,Epithelial
c_1_7_3353,Epithelial
c_1_7_3354,None
c_1_7_3355,Lymphoid-DC
c_1_7_3356,Epithelial
c_1_7_3357,Endothelial
c_1_7_3358,Lymphoid-T
c_1_7_3359,Lymphoid-Other
c_1_7_3360,Epithelial
c_1_7_3361,Lymphoid-T
c_1_7_3362,Lymphoid-T
c_1_7_3363,Epithelial
c_1_7_3364,Lymphoid-T
c_1_7_3365,Lymphoid-Plasma
c_1_7_3366,Lymphoid-Plasma
c_1_7_3367,Epithelial
c_1_7_3368,Epithelial
c_1_7_3369,Lymphoid-T
c_1_7_3370,Epithelial
c_1_7_3371,Epithelial
c_1_7_3372,Endothelial
c_1_7_3373,Lymphoid-DC
c_1_7_3374,Epithelial
c_1_7_3375,Stem
c_1_7_3376,Epithelial
c_1_7_3377,Lymphoid-T
c_1_7_3378,Epithelial
c_1_7_3379,Epithelial
c_1_7_3380,Epithelial
c_1_7_3381,Lymphoid-T
c_1_7_3382,Lymphoid-T
c_1_7_3383,Endothelial
c_1_7_3384,Lymphoid-Other
c_1_7_3385,Lymphoid-DC
c_1_7_3386,Epithelial
c_1_7_3387,Epithelial
c_1_7_3388,Epithelial
c_1_7_3389,Lymphoid-T
c_1_7_3390,Endothelial
c_1_7_3391,Epithelial
c_1_7_3392,Epithelial
c_1_7_3393,Endothelial
c_1_7_3394,None
c_1_7_3395,Lymphoid-Other
c_1_7_3396,Lymphoid-T
c_1_7_3397,Endothelial
c_1_7_3398,None
c_1_7_3399,Lymphoid-T
c_1_7_3400,Lymphoid-Plasma
c_1_7_3401,Lymphoid-T
c_1_7_3402,Lymphoid-T
c_1_7_3403,Lymphoid-T
c_1_7_3404,Lymphoid-Other
c_1_7_3405,Mesenchymal-Stromal
c_1_7_3406,Lymphoid-T
c_1_7_3407,Mesenchymal-Stromal
c_1_7_3408,Lymphoid-T
c_1_7_3409,Lymphoid-Plasma
c_1_7_3410,Epithelial
c_1_7_3411,Lymphoid-T
c_1_7_3412,Mesenchymal-Stromal
c_1_7_3413,Neuronal-Glial
c_1_7_3414,Lymphoid-T
c_1_7_3415,Endothelial
c_1_7_3416,Lymphoid-DC
c_1_7_3417,Lymphoid-T
c_1_7_3418,Lymphoid-Other
c_1_7_3419,Endothelial
c_1_7_3420,Lymphoid-T
c_1_7_3421,Lymphoid-T
c_1_7_3422,Endothelial
c_1_7_3423,Epithelial
c_1_7_3424,Endothelial
c_1_7_3425,Myeloid
c_1_7_3426,Epithelial
c_1_7_3427,Epithelial
c_1_7_3428,Endothelial
c_1_7_3429,Mesenchymal-Stromal
c_1_7_3430,Endothelial
c_1_7_3431,Endothelial
c_1_7_3432,Lymphoid-T
c_1_7_3433,Mesenchymal-Stromal
c_1_7_3434,Lymphoid-DC
c_1_7_3435,Epithelial
c_1_7_3436,Lymphoid-T
c_1_7_3437,Endothelial
c_1_7_3438,Epithelial
c_1_7_3439,Epithelial
c_1_7_3440,Mesenchymal-Stromal
c_1_7_3441,Lymphoid-T
c_1_7_3442,Endothelial
c_1_7_3443,Endothelial
c_1_7_3444,Lymphoid-Other
c_1_7_3445,Endothelial
c_1_7_3446,Epithelial
c_1_7_3447,Lymphoid-T
c_1_7_3448,Endothelial
c_1_7_3449,Lymphoid-T
c_1_7_3450,Epithelial
c_1_7_3451,Lymphoid-Plasma
c_1_7_3452,Mesenchymal-Stromal
c_1_7_3453,Mesenchymal-Stromal
c_1_7_3454,Epithelial
c_1_7_3455,Epithelial
c_1_7_3456,None
c_1_7_3457,Lymphoid-Plasma
c_1_7_3458,Endothelial
c_1_7_3459,Endothelial
c_1_7_3460,Neuronal-Glial
c_1_7_3461,Endothelial
c_1_7_3462,Endothelial
c_1_7_3463,Lymphoid-DC
c_1_7_3464,Endothelial
c_1_7_3465,Endothelial
c_1_7_3466,Endothelial
c_1_7_3467,Lymphoid-Plasma
c_1_7_3468,Mesenchymal-Stromal
c_1_7_3469,Epithelial
c_1_7_3470,Epithelial
c_1_7_3471,Endothelial
c_1_7_3472,Neuronal-Glial
c_1_7_3473,Lymphoid-T
c_1_7_3474,Endothelial
c_1_7_3475,Mesenchymal-Stromal
c_1_7_3476,Endothelial
c_1_7_3477,Lymphoid-T
c_1_7_3478,Endothelial
c_1_7_3479,Endothelial
c_1_7_3480,Endothelial
c_1_7_3481,Lymphoid-T
c_1_7_3482,Endothelial
c_1_7_3483,Endothelial
c_1_7_3484,Endothelial
c_1_7_3485,Endothelial
c_1_7_3486,Neuronal-Glial
c_1_7_3487,Myeloid
c_1_7_3488,Myeloid
c_1_7_3489,Mesenchymal-Stromal
c_1_7_3490,Lymphoid-Plasma
c_1_7_3491,Myeloid
c_1_7_3492,Mesenchymal-Stromal
c_1_7_3493,Lymphoid-Other
c_1_7_3494,Lymphoid-Plasma
c_1_7_3495,Mesenchymal-Stromal
c_1_7_3496,Lymphoid-Other
c_1_7_3497,Lymphoid-T
c_1_7_3498,Lymphoid-T
c_1_7_3499,Neuronal-Glial
c_1_7_3500,Mesenchymal-Stromal
c_1_7_3501,Neuronal-Glial
c_1_7_3502,Myeloid
c_1_7_3503,Myeloid
c_1_7_3504,Endothelial
c_1_7_3505,Endothelial
c_1_7_3506,Lymphoid-T
c_1_7_3507,Endothelial
c_1_7_3508,Neuronal-Glial
c_1_7_3509,Lymphoid-T
c_1_7_3510,Neuronal-Glial
c_1_7_3511,Mesenchymal-Stromal
c_1_7_3512,Endothelial
c_1_7_3513,Lymphoid-Plasma
c_1_7_3514,Lymphoid-Plasma
c_1_7_3515,Lymphoid-Plasma
c_1_7_3516,Myeloid
c_1_7_3517,None
c_1_7_3518,Mesenchymal-Stromal
c_1_7_3519,None
c_1_7_3520,Lymphoid-Other
c_1_7_3521,Mesenchymal-Stromal
c_1_7_3522,Mesenchymal-Stromal
c_1_7_3523,Lymphoid-Plasma
c_1_7_3524,Epithelial
c_1_7_3525,Endothelial
c_1_7_3526,Neuronal-Glial
c_1_7_3527,Endothelial
c_1_7_3528,Lymphoid-Plasma
c_1_7_3529,Mesenchymal-Stromal
c_1_7_3530,Lymphoid-DC
c_1_7_3531,Endothelial
c_1_7_3532,Myeloid
c_1_7_3533,Lymphoid-Other
c_1_7_3534,Lymphoid-T
c_1_7_3535,Endothelial
c_1_7_3536,Lymphoid-T
c_1_7_3537,Lymphoid-Other
c_1_7_3538,Lymphoid-Plasma
c_1_7_3539,Mesenchymal-Stromal
c_1_7_3540,Lymphoid-Other
c_1_7_3541,Mesenchymal-Stromal
c_1_7_3542,Epithelial
c_1_7_3543,Neuronal-Glial
c_1_7_3544,None
c_1_7_3545,Lymphoid-Other
c_1_7_3546,None
c_1_7_3547,Myeloid
c_1_7_3548,Mesenchymal-Stromal
c_1_7_3549,Epithelial
c_1_7_3550,Endothelial
c_1_7_3551,Lymphoid-Plasma
c_1_7_3552,Neuronal-Glial
c_1_7_3553,Lymphoid-Other
c_1_7_3554,Epithelial
c_1_7_3555,Myeloid
c_1_7_3556,Lymphoid-Other
c_1_7_3557,Lymphoid-Plasma
c_1_7_3558,Lymphoid-T
c_1_7_3559,Endothelial
c_1_7_3560,Myeloid
c_1_7_3561,Stem
c_1_7_3562,Endothelial
c_1_7_3563,Lymphoid-T
c_1_7_3564,Lymphoid-B
c_1_7_3565,Lymphoid-T
c_1_7_3566,Mesenchymal-Stromal
c_1_7_3567,Lymphoid-T
c_1_7_3568,Lymphoid-T
c_1_7_3569,Mesenchymal-Stromal
c_1_7_3570,Epithelial
c_1_7_3571,Epithelial
c_1_7_3572,Lymphoid-Plasma
c_1_7_3573,Neuronal-Glial
c_1_7_3574,Lymphoid-T
c_1_7_3575,Endothelial
c_1_7_3576,Myeloid
c_1_7_3577,Lymphoid-Plasma
c_1_7_3578,Epithelial
c_1_7_3579,Endothelial
c_1_7_3580,Epithelial
c_1_7_3581,Mesenchymal-Stromal
c_1_7_3582,Epithelial
c_1_7_3583,None
c_1_7_3584,Epithelial
c_1_7_3585,Lymphoid-Plasma
c_1_7_3586,Endothelial
c_1_7_3587,Endothelial
c_1_7_3588,Endothelial
c_1_7_3589,Lymphoid-Plasma
c_1_7_3590,Mesenchymal-Stromal
c_1_7_3591,Stem
c_1_7_3592,Lymphoid-Plasma
c_1_7_3593,Neuronal-Glial
c_1_7_3594,Lymphoid-Plasma
c_1_7_3595,Lymphoid-Plasma
c_1_7_3596,Lymphoid-T
c_1_7_3597,Lymphoid-T
c_1_7_3598,Epithelial
c_1_7_3599,Lymphoid-Plasma
c_1_7_3600,Endothelial
c_1_7_3601,Endothelial
c_1_7_3602,Stem
c_1_7_3603,Lymphoid-Other
c_1_7_3604,Epithelial
c_1_7_3605,Lymphoid-T
c_1_7_3606,Endothelial
c_1_7_3607,Epithelial
c_1_7_3608,Epithelial
c_1_7_3609,Endothelial
c_1_7_3610,Endothelial
c_1_7_3611,Epithelial
c_1_7_3612,Endothelial
c_1_7_3613,Epithelial
c_1_7_3614,Epithelial
c_1_7_3615,Lymphoid-Plasma
c_1_7_3616,Epithelial
c_1_7_3617,Stem
c_1_7_3618,Epithelial
c_1_7_3619,Myeloid
c_1_7_3620,Epithelial
c_1_7_3621,Endothelial
c_1_7_3622,Mesenchymal-Stromal
c_1_7_3623,Epithelial
c_1_7_3624,Epithelial
c_1_7_3625,Lymphoid-Other
c_1_7_3626,Lymphoid-T
c_1_7_3627,Epithelial
c_1_7_3628,Lymphoid-T
c_1_7_3629,Lymphoid-T
c_1_7_3630,Lymphoid-T
c_1_7_3631,Lymphoid-Plasma
c_1_7_3632,Epithelial
c_1_7_3633,Mesenchymal-Stromal
c_1_7_3634,Epithelial
c_1_7_3635,Lymphoid-Plasma
c_1_7_3636,Epithelial
c_1_7_3637,Lymphoid-T
c_1_7_3638,Epithelial
c_1_7_3639,Lymphoid-Other
c_1_7_3640,Lymphoid-Plasma
c_1_7_3641,Mesenchymal-Stromal
c_1_7_3642,Mesenchymal-Stromal
c_1_7_3643,Mesenchymal-Stromal
c_1_7_3644,None
c_1_7_3645,Lymphoid-T
c_1_7_3646,Epithelial
c_1_7_3647,Lymphoid-Other
c_1_7_3648,Neuronal-Glial
c_1_7_3649,Lymphoid-Plasma
c_1_7_3650,Epithelial
c_1_7_3651,None
c_1_7_3652,Lymphoid-T
c_1_7_3653,Epithelial
c_1_7_3654,Lymphoid-Plasma
c_1_7_3655,Endothelial
c_1_7_3656,Epithelial
c_1_7_3657,Lymphoid-T
c_1_7_3658,Epithelial
c_1_7_3659,Epithelial
c_1_7_3660,Lymphoid-T
c_1_7_3661,Epithelial
c_1_7_3662,Endothelial
c_1_7_3663,Lymphoid-T
c_1_7_3664,Stem
c_1_7_3665,Endothelial
c_1_7_3666,Lymphoid-T
c_1_7_3667,Lymphoid-T
c_1_7_3668,Lymphoid-T
c_1_7_3669,Epithelial
c_1_7_3670,Stem
c_1_7_3671,Epithelial
c_1_7_3672,Lymphoid-Plasma
c_1_7_3673,Mesenchymal-Stromal
c_1_7_3674,Lymphoid-Other
c_1_7_3675,Lymphoid-Plasma
c_1_7_3676,Endothelial
c_1_7_3677,Lymphoid-T
c_1_7_3678,None
c_1_7_3679,Lymphoid-Other
c_1_7_3680,Endothelial
c_1_7_3681,Lymphoid-T
c_1_7_3682,None
c_1_7_3683,Neuronal-Glial
c_1_7_3684,Lymphoid-B
c_1_7_3685,Lymphoid-T
c_1_7_3686,Lymphoid-Plasma
c_1_7_3687,Lymphoid-T
c_1_7_3688,Endothelial
c_1_7_3689,Lymphoid-T
c_1_7_3690,Lymphoid-T
c_1_7_3691,Lymphoid-T
c_1_7_3692,Mesenchymal-Stromal
c_1_7_3693,Lymphoid-T
c_1_7_3694,Lymphoid-T
c_1_7_3695,Lymphoid-T
c_1_7_3696,Endothelial
c_1_7_3697,Lymphoid-T
c_1_7_3698,Lymphoid-T
c_1_7_3699,Lymphoid-T
c_1_7_3700,Lymphoid-T
c_1_7_3701,None
c_1_7_3702,Lymphoid-T
c_1_7_3703,Lymphoid-T
c_1_7_3704,Lymphoid-T
c_1_7_3705,Stem
c_1_7_3706,Lymphoid-Other
c_1_7_3707,Lymphoid-Other
c_1_7_3708,Lymphoid-T
c_1_7_3709,Epithelial
c_1_7_3710,Lymphoid-T
c_1_7_3711,Mesenchymal-Stromal
c_1_7_3712,Epithelial
c_1_7_3713,Epithelial
c_1_7_3714,Lymphoid-DC
c_1_7_3715,Lymphoid-T
c_1_7_3716,Lymphoid-T
c_1_7_3717,Epithelial
c_1_7_3718,Myeloid
c_1_7_3719,Epithelial
c_1_7_3720,Stem
c_1_7_3721,Lymphoid-Other
c_1_7_3722,Lymphoid-DC
c_1_7_3723,Lymphoid-T
c_1_7_3724,Lymphoid-T
c_1_7_3725,Epithelial
c_1_7_3726,Epithelial
c_1_7_3727,Lymphoid-T
c_1_7_3728,Lymphoid-Plasma
c_1_7_3729,Lymphoid-Plasma
c_1_7_3730,Stem
c_1_7_3731,Mesenchymal-Stromal
c_1_7_3732,Lymphoid-Plasma
c_1_7_3733,Lymphoid-Plasma
c_1_7_3734,Lymphoid-Other
c_1_7_3735,Epithelial
c_1_7_3736,Lymphoid-T
c_1_7_3737,Lymphoid-Plasma
c_1_7_3738,Lymphoid-DC
c_1_7_3739,None
c_1_7_3740,Lymphoid-T
c_1_7_3741,Lymphoid-Plasma
c_1_7_3742,Lymphoid-Other
c_1_7_3743,Epithelial
c_1_7_3744,Epithelial
c_1_7_3745,Neuronal-Glial
c_1_7_3746,Lymphoid-DC
c_1_7_3747,Epithelial
c_1_7_3748,Myeloid
c_1_7_3749,Myeloid
c_1_7_3750,Endothelial
c_1_7_3751,Lymphoid-T
c_1_7_3752,None
c_1_7_3753,Epithelial
c_1_7_3754,Lymphoid-T
c_1_7_3755,Lymphoid-Plasma
c_1_7_3756,Epithelial
c_1_7_3757,Myeloid
c_1_7_3758,Epithelial
c_1_7_3759,Lymphoid-DC
c_1_7_3760,Lymphoid-DC
c_1_7_3761,Lymphoid-Other
c_1_7_3762,Lymphoid-Other
c_1_7_3763,Lymphoid-Plasma
c_1_7_3764,Lymphoid-Other
c_1_7_3765,Epithelial
c_1_7_3766,None
c_1_7_3767,None
c_1_7_3768,Lymphoid-DC
c_1_7_3769,Endothelial
c_1_7_3770,Endothelial
c_1_7_3771,Lymphoid-Plasma
c_1_7_3772,Mesenchymal-Stromal
c_1_7_3773,Lymphoid-Other
c_1_7_3774,Endothelial
c_1_7_3775,Lymphoid-DC
c_1_7_3776,Lymphoid-Plasma
c_1_7_3777,Lymphoid-T
c_1_7_3778,Endothelial
c_1_7_3779,None
c_1_7_3780,Endothelial
c_1_7_3781,Myeloid
c_1_7_3782,Endothelial
c_1_7_3783,Lymphoid-T
c_1_7_3784,Lymphoid-DC
c_1_7_3785,Mesenchymal-Stromal
c_1_7_3786,Lymphoid-Plasma
c_1_7_3787,None
c_1_7_3788,None
c_1_7_3789,Mesenchymal-Stromal
c_1_7_3790,Neuronal-Glial
c_1_7_3791,Lymphoid-DC
c_1_7_3792,Lymphoid-DC
c_1_7_3793,Lymphoid-T
c_1_7_3794,Epithelial
c_1_7_3795,Endothelial
c_1_7_3796,None
c_1_7_3797,Lymphoid-DC
c_1_7_3798,Lymphoid-T
c_1_7_3799,None
c_1_7_3800,Mesenchymal-Stromal
c_1_7_3801,Epithelial
c_1_7_3802,Lymphoid-T
c_1_7_3803,Lymphoid-Plasma
c_1_7_3804,Lymphoid-Plasma
c_1_7_3805,None
c_1_7_3806,Lymphoid-T
c_1_7_3807,Lymphoid-DC
c_1_7_3808,Endothelial
c_1_7_3809,Lymphoid-T
c_1_7_3810,Lymphoid-T
c_1_7_3811,Endothelial
c_1_7_3812,Lymphoid-Plasma
c_1_7_3813,Lymphoid-Plasma
c_1_7_3814,Epithelial
c_1_7_3815,Lymphoid-Plasma
c_1_7_3816,Lymphoid-Other
c_1_7_3817,Lymphoid-Plasma
c_1_7_3818,Lymphoid-DC
c_1_7_3819,Myeloid
c_1_7_3820,Epithelial
c_1_7_3821,Lymphoid-T
c_1_7_3822,Lymphoid-DC
c_1_7_3823,Endothelial
c_1_7_3824,Lymphoid-Other
c_1_7_3825,Lymphoid-T
c_1_7_3826,None
c_1_7_3827,Myeloid
c_1_7_3828,Myeloid
c_1_7_3829,Lymphoid-T
c_1_7_3830,Lymphoid-T
c_1_7_3831,Epithelial
c_1_7_3832,Mesenchymal-Stromal
c_1_7_3833,Lymphoid-Plasma
c_1_7_3834,Lymphoid-Plasma
c_1_7_3835,Lymphoid-DC
c_1_7_3836,Neuronal-Glial
c_1_7_3837,Lymphoid-T
c_1_7_3838,Mesenchymal-Stromal
c_1_7_3839,Epithelial
c_1_7_3840,Epithelial
c_1_7_3841,Endothelial
c_1_7_3842,Neuronal-Glial
c_1_7_3843,Lymphoid-DC
c_1_7_3844,Myeloid
c_1_7_3845,Epithelial
c_1_7_3846,Mesenchymal-Stromal
c_1_7_3847,Endothelial
c_1_7_3848,Lymphoid-T
c_1_7_3849,Lymphoid-Other
c_1_7_3850,Mesenchymal-Stromal
c_1_7_3851,Lymphoid-T
c_1_7_3852,Lymphoid-DC
c_1_7_3853,None
c_1_7_3854,Lymphoid-T
c_1_7_3855,Endothelial
c_1_7_3856,Lymphoid-Plasma
c_1_7_3857,Lymphoid-DC
c_1_7_3858,Endothelial
c_1_7_3859,Endothelial
c_1_7_3860,Lymphoid-T
c_1_7_3861,None
c_1_7_3862,Neuronal-Glial
c_1_7_3863,Lymphoid-T
c_1_7_3864,Endothelial
c_1_7_3865,Lymphoid-Plasma
c_1_7_3866,Lymphoid-DC
c_1_7_3867,Lymphoid-DC
c_1_7_3868,Neuronal-Glial
c_1_7_3869,Lymphoid-T
c_1_7_3870,None
c_1_7_3871,Lymphoid-DC
c_1_7_3872,Epithelial
c_1_7_3873,Myeloid
c_1_7_3874,Epithelial
c_1_7_3875,Lymphoid-DC
c_1_7_3876,Lymphoid-T
c_1_7_3877,Lymphoid-Plasma
c_1_7_3878,None
c_1_7_3879,Neuronal-Glial
c_1_7_3880,Endothelial
c_1_7_3881,Lymphoid-Plasma
c_1_7_3882,Endothelial
c_1_7_3883,Lymphoid-T
c_1_7_3884,Epithelial
c_1_7_3885,Lymphoid-T
c_1_7_3886,None
c_1_7_3887,Mesenchymal-Stromal
c_1_7_3888,Mesenchymal-Stromal
c_1_7_3889,Lymphoid-DC
c_1_7_3890,Epithelial
c_1_7_3891,Mesenchymal-Stromal
c_1_7_3892,Epithelial
c_1_7_3893,Epithelial
c_1_7_3894,Lymphoid-Plasma
c_1_7_3895,None
c_1_7_3896,None
c_1_7_3897,Lymphoid-T
c_1_7_3898,Epithelial
c_1_7_3899,Lymphoid-Other
c_1_7_3900,None
c_1_7_3901,Endothelial
c_1_7_3902,None
c_1_7_3903,Mesenchymal-Stromal
c_1_7_3904,Lymphoid-T
c_1_7_3905,Endothelial
c_1_7_3906,Lymphoid-Plasma
c_1_7_3907,Epithelial
c_1_7_3908,Epithelial
c_1_7_3909,Mesenchymal-Stromal
c_1_7_3910,Lymphoid-DC
c_1_7_3911,Lymphoid-Plasma
c_1_7_3912,Epithelial
c_1_7_3913,Endothelial
c_1_7_3914,Lymphoid-T
c_1_7_3915,Lymphoid-Plasma
c_1_7_3916,Lymphoid-T
c_1_7_3917,Lymphoid-T
c_1_7_3918,Mesenchymal-Stromal
c_1_7_3919,Lymphoid-Plasma
c_1_7_3920,Stem
c_1_7_3921,Lymphoid-DC
c_1_7_3922,None
c_1_7_3923,None
c_1_7_3924,Endothelial
c_1_7_3925,Epithelial
c_1_7_3926,Lymphoid-T
c_1_7_3927,Lymphoid-T
c_1_7_3928,Lymphoid-Plasma
c_1_7_3929,Neuronal-Glial
c_1_7_3930,Epithelial
c_1_7_3931,Lymphoid-DC
c_1_7_3932,None
c_1_7_3933,None
c_1_7_3934,Myeloid
c_1_7_3935,Lymphoid-T
c_1_7_3936,Lymphoid-Plasma
c_1_7_3937,Epithelial
c_1_7_3938,Lymphoid-T
c_1_7_3939,Epithelial
c_1_7_3940,Epithelial
c_1_7_3941,None
c_1_7_3942,None
c_1_7_3943,Epithelial
c_1_7_3944,Endothelial
c_1_7_3945,Epithelial
c_1_7_3946,Lymphoid-Other
c_1_7_3947,Stem
c_1_7_3948,Epithelial
c_1_7_3949,None
c_1_7_3950,Lymphoid-Other
c_1_7_3951,Lymphoid-DC
c_1_7_3952,Lymphoid-Other
c_1_7_3953,Epithelial
c_1_7_3954,Lymphoid-DC
c_1_7_3955,Lymphoid-T
c_1_7_3956,Epithelial
c_1_7_3957,None
c_1_7_3958,None
c_1_7_3959,Endothelial
c_1_7_3960,Epithelial
c_1_7_3961,Lymphoid-Plasma
c_1_7_3962,Lymphoid-Plasma
c_1_7_3963,Mesenchymal-Stromal
c_1_7_3964,Lymphoid-Plasma
c_1_7_3965,Lymphoid-T
c_1_7_3966,None
c_1_7_3967,Endothelial
c_1_8_1,Mesenchymal-Stromal
c_1_8_2,None
c_1_8_3,None
c_1_8_4,None
c_1_8_5,None
c_1_8_6,None
c_1_8_7,Endothelial
c_1_8_8,None
c_1_8_9,None
c_1_8_10,None
c_1_8_11,Mesenchymal-Stromal
c_1_8_12,Endothelial
c_1_8_13,None
c_1_8_14,Mesenchymal-Stromal
c_1_8_15,Lymphoid-Plasma
c_1_8_16,None
c_1_8_17,Lymphoid-Other
c_1_8_18,Mesenchymal-Stromal
c_1_8_19,Lymphoid-Other
c_1_8_20,Neuronal-Glial
c_1_8_21,Lymphoid-B
c_1_8_22,Lymphoid-Plasma
c_1_8_23,Endothelial
c_1_8_24,Mesenchymal-Stromal
c_1_8_25,Endothelial
c_1_8_26,Mesenchymal-Stromal
c_1_8_27,Mesenchymal-Stromal
c_1_8_28,None
c_1_8_29,None
c_1_8_30,Mesenchymal-Stromal
c_1_8_31,None
c_1_8_32,Mesenchymal-Stromal
c_1_8_33,None
c_1_8_34,Lymphoid-T
c_1_8_35,Endothelial
c_1_8_36,None
c_1_8_37,Lymphoid-Other
c_1_8_38,None
c_1_8_39,Mesenchymal-Stromal
c_1_8_40,None
c_1_8_41,Endothelial
c_1_8_42,None
c_1_8_43,Mesenchymal-Stromal
c_1_8_44,Endothelial
c_1_8_45,Mesenchymal-Stromal
c_1_8_46,Endothelial
c_1_8_47,None
c_1_8_48,None
c_1_8_49,Mesenchymal-Stromal
c_1_8_50,None
c_1_8_51,None
c_1_8_52,Mesenchymal-Stromal
c_1_8_53,Endothelial
c_1_8_54,None
c_1_8_55,None
c_1_8_56,Mesenchymal-Stromal
c_1_8_57,Epithelial
c_1_8_58,None
c_1_8_59,None
c_1_8_60,None
c_1_8_61,Lymphoid-Other
c_1_8_62,Mesenchymal-Stromal
c_1_8_63,Lymphoid-T
c_1_8_64,None
c_1_8_65,Mesenchymal-Stromal
c_1_8_66,Lymphoid-T
c_1_8_67,Mesenchymal-Stromal
c_1_8_68,None
c_1_8_69,Endothelial
c_1_8_70,Endothelial
c_1_8_71,Endothelial
c_1_8_72,Endothelial
c_1_8_73,Endothelial
c_1_8_74,None
c_1_8_75,Mesenchymal-Stromal
c_1_8_76,Endothelial
c_1_8_77,Lymphoid-Other
c_1_8_78,None
c_1_8_79,Lymphoid-Other
c_1_8_80,Mesenchymal-Stromal
c_1_8_81,None
c_1_8_82,Mesenchymal-Stromal
c_1_8_83,Mesenchymal-Stromal
c_1_8_84,None
c_1_8_85,Lymphoid-Other
c_1_8_86,Mesenchymal-Stromal
c_1_8_87,None
c_1_8_88,None
c_1_8_89,None
c_1_8_90,Mesenchymal-Stromal
c_1_8_91,Lymphoid-T
c_1_8_92,Mesenchymal-Stromal
c_1_8_93,None
c_1_8_94,Lymphoid-T
c_1_8_95,None
c_1_8_96,None
c_1_8_97,None
c_1_8_98,Endothelial
c_1_8_99,None
c_1_8_100,None
c_1_8_101,None
c_1_8_102,None
c_1_8_103,None
c_1_8_104,None
c_1_8_105,Endothelial
c_1_8_106,Mesenchymal-Stromal
c_1_8_107,Lymphoid-T
c_1_8_108,None
c_1_8_109,None
c_1_8_110,Endothelial
c_1_8_111,Endothelial
c_1_8_112,None
c_1_8_113,Lymphoid-Other
c_1_8_114,None
c_1_8_115,None
c_1_8_116,Lymphoid-Other
c_1_8_117,Endothelial
c_1_8_118,None
c_1_8_119,Endothelial
c_1_8_120,Endothelial
c_1_8_121,Endothelial
c_1_8_122,Mesenchymal-Stromal
c_1_8_123,None
c_1_8_124,None
c_1_8_125,Lymphoid-Other
c_1_8_126,Mesenchymal-Stromal
c_1_8_127,None
c_1_8_128,None
c_1_8_129,None
c_1_8_130,Mesenchymal-Stromal
c_1_8_131,None
c_1_8_132,Mesenchymal-Stromal
c_1_8_133,None
c_1_8_134,Mesenchymal-Stromal
c_1_8_135,Mesenchymal-Stromal
c_1_8_136,Mesenchymal-Stromal
c_1_8_137,None
c_1_8_138,None
c_1_8_139,Mesenchymal-Stromal
c_1_8_140,Mesenchymal-Stromal
c_1_8_141,Mesenchymal-Stromal
c_1_8_142,Lymphoid-Other
c_1_8_143,Endothelial
c_1_8_144,None
c_1_8_145,None
c_1_8_146,None
c_1_8_147,Mesenchymal-Stromal
c_1_8_148,Lymphoid-Other
c_1_8_149,Endothelial
c_1_8_150,Lymphoid-Other
c_1_8_151,Mesenchymal-Stromal
c_1_8_152,Mesenchymal-Stromal
c_1_8_153,Mesenchymal-Stromal
c_1_8_154,Endothelial
c_1_8_155,None
c_1_8_156,Lymphoid-Other
c_1_8_157,Mesenchymal-Stromal
c_1_8_158,Mesenchymal-Stromal
c_1_8_159,Lymphoid-B
c_1_8_160,Mesenchymal-Stromal
c_1_8_161,Lymphoid-Other
c_1_8_162,Lymphoid-Other
c_1_8_163,None
c_1_8_164,Mesenchymal-Stromal
c_1_8_165,Mesenchymal-Stromal
c_1_8_166,Mesenchymal-Stromal
c_1_8_167,None
c_1_8_168,Lymphoid-Plasma
c_1_8_169,Mesenchymal-Stromal
c_1_8_170,Mesenchymal-Stromal
c_1_8_171,Mesenchymal-Stromal
c_1_8_172,Mesenchymal-Stromal
c_1_8_173,Mesenchymal-Stromal
c_1_8_174,Mesenchymal-Stromal
c_1_8_175,Lymphoid-Plasma
c_1_8_176,Lymphoid-Plasma
c_1_8_177,Lymphoid-B
c_1_8_178,Lymphoid-Other
c_1_8_179,None
c_1_8_180,Endothelial
c_1_8_181,Mesenchymal-Stromal
c_1_8_182,Lymphoid-Plasma
c_1_8_183,Mesenchymal-Stromal
c_1_8_184,Endothelial
c_1_8_185,Mesenchymal-Stromal
c_1_8_186,Mesenchymal-Stromal
c_1_8_187,Mesenchymal-Stromal
c_1_8_188,Mesenchymal-Stromal
c_1_8_189,Mesenchymal-Stromal
c_1_8_190,Endothelial
c_1_8_191,Mesenchymal-Stromal
c_1_8_192,Mesenchymal-Stromal
c_1_8_193,Mesenchymal-Stromal
c_1_8_194,None
c_1_8_195,Mesenchymal-Stromal
c_1_8_196,Mesenchymal-Stromal
c_1_8_197,Mesenchymal-Stromal
c_1_8_198,Mesenchymal-Stromal
c_1_8_199,Lymphoid-Other
c_1_8_200,Mesenchymal-Stromal
c_1_8_201,Mesenchymal-Stromal
c_1_8_202,None
c_1_8_203,None
c_1_8_204,Endothelial
c_1_8_205,Mesenchymal-Stromal
c_1_8_206,Mesenchymal-Stromal
c_1_8_207,Lymphoid-Other
c_1_8_208,Mesenchymal-Stromal
c_1_8_209,Mesenchymal-Stromal
c_1_8_210,Mesenchymal-Stromal
c_1_8_211,Lymphoid-Plasma
c_1_8_212,None
c_1_8_213,Endothelial
c_1_8_214,Mesenchymal-Stromal
c_1_8_215,Mesenchymal-Stromal
c_1_8_216,None
c_1_8_217,Mesenchymal-Stromal
c_1_8_218,Mesenchymal-Stromal
c_1_8_219,Mesenchymal-Stromal
c_1_8_220,Lymphoid-Other
c_1_8_221,None
c_1_8_222,Mesenchymal-Stromal
c_1_8_223,Mesenchymal-Stromal
c_1_8_224,Mesenchymal-Stromal
c_1_8_225,Lymphoid-Plasma
c_1_8_226,Lymphoid-T
c_1_8_227,Mesenchymal-Stromal
c_1_8_228,Lymphoid-Other
c_1_8_229,Mesenchymal-Stromal
c_1_8_230,Mesenchymal-Stromal
c_1_8_231,Mesenchymal-Stromal
c_1_8_232,Endothelial
c_1_8_233,Lymphoid-Other
c_1_8_234,Lymphoid-Plasma
c_1_8_235,Mesenchymal-Stromal
c_1_8_236,Endothelial
c_1_8_237,Lymphoid-Other
c_1_8_238,Mesenchymal-Stromal
c_1_8_239,Mesenchymal-Stromal
c_1_8_240,Mesenchymal-Stromal
c_1_8_241,Lymphoid-Plasma
c_1_8_242,Mesenchymal-Stromal
c_1_8_243,Mesenchymal-Stromal
c_1_8_244,Lymphoid-Plasma
c_1_8_245,Lymphoid-B
c_1_8_246,Lymphoid-T
c_1_8_247,Mesenchymal-Stromal
c_1_8_248,Mesenchymal-Stromal
c_1_8_249,Lymphoid-Other
c_1_8_250,Lymphoid-Other
c_1_8_251,Mesenchymal-Stromal
c_1_8_252,Mesenchymal-Stromal
c_1_8_253,Mesenchymal-Stromal
c_1_8_254,Mesenchymal-Stromal
c_1_8_255,Mesenchymal-Stromal
c_1_8_256,Mesenchymal-Stromal
c_1_8_257,Mesenchymal-Stromal
c_1_8_258,Lymphoid-Plasma
c_1_8_259,Endothelial
c_1_8_260,Lymphoid-B
c_1_8_261,Lymphoid-T
c_1_8_262,Mesenchymal-Stromal
c_1_8_263,Endothelial
c_1_8_264,Mesenchymal-Stromal
c_1_8_265,Mesenchymal-Stromal
c_1_8_266,Lymphoid-Other
c_1_8_267,Mesenchymal-Stromal
c_1_8_268,Mesenchymal-Stromal
c_1_8_269,Lymphoid-Other
c_1_8_270,Mesenchymal-Stromal
c_1_8_271,Mesenchymal-Stromal
c_1_8_272,Mesenchymal-Stromal
c_1_8_273,Mesenchymal-Stromal
c_1_8_274,Mesenchymal-Stromal
c_1_8_275,Lymphoid-Plasma
c_1_8_276,Mesenchymal-Stromal
c_1_8_277,Mesenchymal-Stromal
c_1_8_278,Endothelial
c_1_8_279,Mesenchymal-Stromal
c_1_8_280,Mesenchymal-Stromal
c_1_8_281,Lymphoid-T
c_1_8_282,Mesenchymal-Stromal
c_1_8_283,Mesenchymal-Stromal
c_1_8_284,Mesenchymal-Stromal
c_1_8_285,Lymphoid-T
c_1_8_286,Mesenchymal-Stromal
c_1_8_287,Mesenchymal-Stromal
c_1_8_288,Mesenchymal-Stromal
c_1_8_289,Endothelial
c_1_8_290,Mesenchymal-Stromal
c_1_8_291,Lymphoid-Other
c_1_8_292,Mesenchymal-Stromal
c_1_8_293,Mesenchymal-Stromal
c_1_8_294,Mesenchymal-Stromal
c_1_8_295,Lymphoid-Other
c_1_8_296,Neuronal-Glial
c_1_8_297,Lymphoid-T
c_1_8_298,Mesenchymal-Stromal
c_1_8_299,None
c_1_8_300,Endothelial
c_1_8_301,Mesenchymal-Stromal
c_1_8_302,Mesenchymal-Stromal
c_1_8_303,Mesenchymal-Stromal
c_1_8_304,Mesenchymal-Stromal
c_1_8_305,Mesenchymal-Stromal
c_1_8_306,Mesenchymal-Stromal
c_1_8_307,Mesenchymal-Stromal
c_1_8_308,Mesenchymal-Stromal
c_1_8_309,Lymphoid-T
c_1_8_310,Mesenchymal-Stromal
c_1_8_311,Mesenchymal-Stromal
c_1_8_312,Mesenchymal-Stromal
c_1_8_313,Mesenchymal-Stromal
c_1_8_314,Mesenchymal-Stromal
c_1_8_315,Mesenchymal-Stromal
c_1_8_316,Mesenchymal-Stromal
c_1_8_317,Mesenchymal-Stromal
c_1_8_318,Lymphoid-T
c_1_8_319,Mesenchymal-Stromal
c_1_8_320,Lymphoid-T
c_1_8_321,Mesenchymal-Stromal
c_1_8_322,Mesenchymal-Stromal
c_1_8_323,Mesenchymal-Stromal
c_1_8_324,Mesenchymal-Stromal
c_1_8_325,Mesenchymal-Stromal
c_1_8_326,Mesenchymal-Stromal
c_1_8_327,Lymphoid-Plasma
c_1_8_328,Endothelial
c_1_8_329,Lymphoid-Other
c_1_8_330,Endothelial
c_1_8_331,Mesenchymal-Stromal
c_1_8_332,Mesenchymal-Stromal
c_1_8_333,None
c_1_8_334,Mesenchymal-Stromal
c_1_8_335,None
c_1_8_336,Mesenchymal-Stromal
c_1_8_337,Mesenchymal-Stromal
c_1_8_338,Endothelial
c_1_8_339,Lymphoid-B
c_1_8_340,Mesenchymal-Stromal
c_1_8_341,Mesenchymal-Stromal
c_1_8_342,Lymphoid-Plasma
c_1_8_343,Mesenchymal-Stromal
c_1_8_344,Mesenchymal-Stromal
c_1_8_345,Endothelial
c_1_8_346,Mesenchymal-Stromal
c_1_8_347,Lymphoid-Plasma
c_1_8_348,Endothelial
c_1_8_349,Mesenchymal-Stromal
c_1_8_350,Lymphoid-Plasma
c_1_8_351,Mesenchymal-Stromal
c_1_8_352,Mesenchymal-Stromal
c_1_8_353,Lymphoid-Plasma
c_1_8_354,Mesenchymal-Stromal
c_1_8_355,Mesenchymal-Stromal
c_1_8_356,Lymphoid-Other
c_1_8_357,Mesenchymal-Stromal
c_1_8_358,Mesenchymal-Stromal
c_1_8_359,Mesenchymal-Stromal
c_1_8_360,Lymphoid-Plasma
c_1_8_361,Mesenchymal-Stromal
c_1_8_362,Mesenchymal-Stromal
c_1_8_363,Lymphoid-Other
c_1_8_364,Lymphoid-B
c_1_8_365,Mesenchymal-Stromal
c_1_8_366,Endothelial
c_1_8_367,Lymphoid-T
c_1_8_368,Mesenchymal-Stromal
c_1_8_369,Mesenchymal-Stromal
c_1_8_370,Mesenchymal-Stromal
c_1_8_371,Lymphoid-B
c_1_8_372,Mesenchymal-Stromal
c_1_8_373,Mesenchymal-Stromal
c_1_8_374,Lymphoid-Other
c_1_8_375,Mesenchymal-Stromal
c_1_8_376,Mesenchymal-Stromal
c_1_8_377,Mesenchymal-Stromal
c_1_8_378,Endothelial
c_1_8_379,Mesenchymal-Stromal
c_1_8_380,Mesenchymal-Stromal
c_1_8_381,Mesenchymal-Stromal
c_1_8_382,Mesenchymal-Stromal
c_1_8_383,Mesenchymal-Stromal
c_1_8_384,Mesenchymal-Stromal
c_1_8_385,Mesenchymal-Stromal
c_1_8_386,Mesenchymal-Stromal
c_1_8_387,Myeloid
c_1_8_388,Mesenchymal-Stromal
c_1_8_389,Mesenchymal-Stromal
c_1_8_390,Mesenchymal-Stromal
c_1_8_391,Mesenchymal-Stromal
c_1_8_392,Mesenchymal-Stromal
c_1_8_393,None
c_1_8_394,Mesenchymal-Stromal
c_1_8_395,Mesenchymal-Stromal
c_1_8_396,Mesenchymal-Stromal
c_1_8_397,Mesenchymal-Stromal
c_1_8_398,Lymphoid-Plasma
c_1_8_399,Endothelial
c_1_8_400,Mesenchymal-Stromal
c_1_8_401,Mesenchymal-Stromal
c_1_8_402,Mesenchymal-Stromal
c_1_8_403,Lymphoid-Plasma
c_1_8_404,Mesenchymal-Stromal
c_1_8_405,Mesenchymal-Stromal
c_1_8_406,Mesenchymal-Stromal
c_1_8_407,Mesenchymal-Stromal
c_1_8_408,Mesenchymal-Stromal
c_1_8_409,Mesenchymal-Stromal
c_1_8_410,Mesenchymal-Stromal
c_1_8_411,Mesenchymal-Stromal
c_1_8_412,Mesenchymal-Stromal
c_1_8_413,Mesenchymal-Stromal
c_1_8_414,Mesenchymal-Stromal
c_1_8_415,Epithelial
c_1_8_416,Mesenchymal-Stromal
c_1_8_417,Lymphoid-T
c_1_8_418,Mesenchymal-Stromal
c_1_8_419,Lymphoid-T
c_1_8_420,Endothelial
c_1_8_421,Mesenchymal-Stromal
c_1_8_422,Mesenchymal-Stromal
c_1_8_423,Mesenchymal-Stromal
c_1_8_424,Mesenchymal-Stromal
c_1_8_425,Mesenchymal-Stromal
c_1_8_426,Mesenchymal-Stromal
c_1_8_427,Mesenchymal-Stromal
c_1_8_428,None
c_1_8_429,Endothelial
c_1_8_430,Mesenchymal-Stromal
c_1_8_431,Mesenchymal-Stromal
c_1_8_432,Mesenchymal-Stromal
c_1_8_433,Endothelial
c_1_8_434,Mesenchymal-Stromal
c_1_8_435,Mesenchymal-Stromal
c_1_8_436,Mesenchymal-Stromal
c_1_8_437,Mesenchymal-Stromal
c_1_8_438,None
c_1_8_439,Mesenchymal-Stromal
c_1_8_440,Mesenchymal-Stromal
c_1_8_441,Endothelial
c_1_8_442,Endothelial
c_1_8_443,Mesenchymal-Stromal
c_1_8_444,Mesenchymal-Stromal
c_1_8_445,Mesenchymal-Stromal
c_1_8_446,Endothelial
c_1_8_447,Lymphoid-Plasma
c_1_8_448,Lymphoid-Plasma
c_1_8_449,Endothelial
c_1_8_450,Lymphoid-T
c_1_8_451,Mesenchymal-Stromal
c_1_8_452,Mesenchymal-Stromal
c_1_8_453,Lymphoid-B
c_1_8_454,Mesenchymal-Stromal
c_1_8_455,Mesenchymal-Stromal
c_1_8_456,Lymphoid-Other
c_1_8_457,None
c_1_8_458,Lymphoid-B
c_1_8_459,Mesenchymal-Stromal
c_1_8_460,None
c_1_8_461,Mesenchymal-Stromal
c_1_8_462,Lymphoid-Other
c_1_8_463,Mesenchymal-Stromal
c_1_8_464,Lymphoid-T
c_1_8_465,Lymphoid-Other
c_1_8_466,Lymphoid-Plasma
c_1_8_467,Mesenchymal-Stromal
c_1_8_468,Mesenchymal-Stromal
c_1_8_469,Mesenchymal-Stromal
c_1_8_470,Mesenchymal-Stromal
c_1_8_471,Mesenchymal-Stromal
c_1_8_472,Lymphoid-Plasma
c_1_8_473,Mesenchymal-Stromal
c_1_8_474,Neuronal-Glial
c_1_8_475,Mesenchymal-Stromal
c_1_8_476,Lymphoid-T
c_1_8_477,Myeloid
c_1_8_478,Mesenchymal-Stromal
c_1_8_479,Mesenchymal-Stromal
c_1_8_480,Endothelial
c_1_8_481,None
c_1_8_482,Mesenchymal-Stromal
c_1_8_483,Lymphoid-B
c_1_8_484,Lymphoid-Plasma
c_1_8_485,Mesenchymal-Stromal
c_1_8_486,Endothelial
c_1_8_487,Lymphoid-T
c_1_8_488,Mesenchymal-Stromal
c_1_8_489,Endothelial
c_1_8_490,Mesenchymal-Stromal
c_1_8_491,None
c_1_8_492,Endothelial
c_1_8_493,Mesenchymal-Stromal
c_1_8_494,Endothelial
c_1_8_495,Mesenchymal-Stromal
c_1_8_496,Mesenchymal-Stromal
c_1_8_497,Mesenchymal-Stromal
c_1_8_498,Lymphoid-Plasma
c_1_8_499,Lymphoid-Other
c_1_8_500,Lymphoid-Plasma
c_1_8_501,Mesenchymal-Stromal
c_1_8_502,Lymphoid-T
c_1_8_503,Myeloid
c_1_8_504,Mesenchymal-Stromal
c_1_8_505,Mesenchymal-Stromal
c_1_8_506,Endothelial
c_1_8_507,Mesenchymal-Stromal
c_1_8_508,Mesenchymal-Stromal
c_1_8_509,Mesenchymal-Stromal
c_1_8_510,Mesenchymal-Stromal
c_1_8_511,Mesenchymal-Stromal
c_1_8_512,Mesenchymal-Stromal
c_1_8_513,Mesenchymal-Stromal
c_1_8_514,Mesenchymal-Stromal
c_1_8_515,Lymphoid-Plasma
c_1_8_516,Mesenchymal-Stromal
c_1_8_517,Mesenchymal-Stromal
c_1_8_518,Lymphoid-Plasma
c_1_8_519,Mesenchymal-Stromal
c_1_8_520,Lymphoid-T
c_1_8_521,Lymphoid-Other
c_1_8_522,Lymphoid-Plasma
c_1_8_523,Mesenchymal-Stromal
c_1_8_524,Mesenchymal-Stromal
c_1_8_525,Mesenchymal-Stromal
c_1_8_526,Mesenchymal-Stromal
c_1_8_527,Lymphoid-B
c_1_8_528,Mesenchymal-Stromal
c_1_8_529,Mesenchymal-Stromal
c_1_8_530,Mesenchymal-Stromal
c_1_8_531,None
c_1_8_532,Mesenchymal-Stromal
c_1_8_533,None
c_1_8_534,Lymphoid-Other
c_1_8_535,None
c_1_8_536,Endothelial
c_1_8_537,Lymphoid-Plasma
c_1_8_538,Mesenchymal-Stromal
c_1_8_539,Mesenchymal-Stromal
c_1_8_540,Mesenchymal-Stromal
c_1_8_541,None
c_1_8_542,None
c_1_8_543,Mesenchymal-Stromal
c_1_8_544,Lymphoid-Other
c_1_8_545,Lymphoid-Plasma
c_1_8_546,Mesenchymal-Stromal
c_1_8_547,Mesenchymal-Stromal
c_1_8_548,Lymphoid-Other
c_1_8_549,Mesenchymal-Stromal
c_1_8_550,Lymphoid-B
c_1_8_551,Mesenchymal-Stromal
c_1_8_552,Mesenchymal-Stromal
c_1_8_553,Lymphoid-B
c_1_8_554,Mesenchymal-Stromal
c_1_8_555,Lymphoid-Plasma
c_1_8_556,Lymphoid-Plasma
c_1_8_557,None
c_1_8_558,Mesenchymal-Stromal
c_1_8_559,Mesenchymal-Stromal
c_1_8_560,Mesenchymal-Stromal
c_1_8_561,None
c_1_8_562,Mesenchymal-Stromal
c_1_8_563,Mesenchymal-Stromal
c_1_8_564,Endothelial
c_1_8_565,Mesenchymal-Stromal
c_1_8_566,Mesenchymal-Stromal
c_1_8_567,Lymphoid-Plasma
c_1_8_568,Endothelial
c_1_8_569,Mesenchymal-Stromal
c_1_8_570,Mesenchymal-Stromal
c_1_8_571,Lymphoid-Plasma
c_1_8_572,Mesenchymal-Stromal
c_1_8_573,None
c_1_8_574,Mesenchymal-Stromal
c_1_8_575,Mesenchymal-Stromal
c_1_8_576,Mesenchymal-Stromal
c_1_8_577,Mesenchymal-Stromal
c_1_8_578,Lymphoid-T
c_1_8_579,Mesenchymal-Stromal
c_1_8_580,Mesenchymal-Stromal
c_1_8_581,Endothelial
c_1_8_582,Endothelial
c_1_8_583,Mesenchymal-Stromal
c_1_8_584,Mesenchymal-Stromal
c_1_8_585,Endothelial
c_1_8_586,Endothelial
c_1_8_587,Endothelial
c_1_8_588,Mesenchymal-Stromal
c_1_8_589,Mesenchymal-Stromal
c_1_8_590,Neuronal-Glial
c_1_8_591,Mesenchymal-Stromal
c_1_8_592,Mesenchymal-Stromal
c_1_8_593,Mesenchymal-Stromal
c_1_8_594,Mesenchymal-Stromal
c_1_8_595,Lymphoid-Other
c_1_8_596,Mesenchymal-Stromal
c_1_8_597,Endothelial
c_1_8_598,Mesenchymal-Stromal
c_1_8_599,Lymphoid-Plasma
c_1_8_600,Lymphoid-Plasma
c_1_8_601,Lymphoid-Other
c_1_8_602,Mesenchymal-Stromal
c_1_8_603,Lymphoid-T
c_1_8_604,Lymphoid-Other
c_1_8_605,Lymphoid-Other
c_1_8_606,Mesenchymal-Stromal
c_1_8_607,Mesenchymal-Stromal
c_1_8_608,Mesenchymal-Stromal
c_1_8_609,Mesenchymal-Stromal
c_1_8_610,Mesenchymal-Stromal
c_1_8_611,Mesenchymal-Stromal
c_1_8_612,Endothelial
c_1_8_613,Mesenchymal-Stromal
c_1_8_614,Mesenchymal-Stromal
c_1_8_615,Mesenchymal-Stromal
c_1_8_616,Mesenchymal-Stromal
c_1_8_617,Lymphoid-Plasma
c_1_8_618,Lymphoid-Other
c_1_8_619,Lymphoid-T
c_1_8_620,Mesenchymal-Stromal
c_1_8_621,Lymphoid-T
c_1_8_622,None
c_1_8_623,Mesenchymal-Stromal
c_1_8_624,Mesenchymal-Stromal
c_1_8_625,Mesenchymal-Stromal
c_1_8_626,Lymphoid-T
c_1_8_627,Endothelial
c_1_8_628,Mesenchymal-Stromal
c_1_8_629,Lymphoid-T
c_1_8_630,Lymphoid-T
c_1_8_631,Lymphoid-Other
c_1_8_632,Lymphoid-Plasma
c_1_8_633,Mesenchymal-Stromal
c_1_8_634,Endothelial
c_1_8_635,Mesenchymal-Stromal
c_1_8_636,Mesenchymal-Stromal
c_1_8_637,Mesenchymal-Stromal
c_1_8_638,Mesenchymal-Stromal
c_1_8_639,Mesenchymal-Stromal
c_1_8_640,Mesenchymal-Stromal
c_1_8_641,Mesenchymal-Stromal
c_1_8_642,Lymphoid-Other
c_1_8_643,Mesenchymal-Stromal
c_1_8_644,Mesenchymal-Stromal
c_1_8_645,Lymphoid-Other
c_1_8_646,Mesenchymal-Stromal
c_1_8_647,Lymphoid-Other
c_1_8_648,Mesenchymal-Stromal
c_1_8_649,Mesenchymal-Stromal
c_1_8_650,Mesenchymal-Stromal
c_1_8_651,Lymphoid-T
c_1_8_652,Mesenchymal-Stromal
c_1_8_653,Lymphoid-Plasma
c_1_8_654,Mesenchymal-Stromal
c_1_8_655,Lymphoid-Other
c_1_8_656,Mesenchymal-Stromal
c_1_8_657,Mesenchymal-Stromal
c_1_8_658,Endothelial
c_1_8_659,Mesenchymal-Stromal
c_1_8_660,Mesenchymal-Stromal
c_1_8_661,Lymphoid-Other
c_1_8_662,Mesenchymal-Stromal
c_1_8_663,Mesenchymal-Stromal
c_1_8_664,Mesenchymal-Stromal
c_1_8_665,Lymphoid-B
c_1_8_666,Mesenchymal-Stromal
c_1_8_667,Mesenchymal-Stromal
c_1_8_668,Lymphoid-T
c_1_8_669,Mesenchymal-Stromal
c_1_8_670,Mesenchymal-Stromal
c_1_8_671,Mesenchymal-Stromal
c_1_8_672,Mesenchymal-Stromal
c_1_8_673,Mesenchymal-Stromal
c_1_8_674,Mesenchymal-Stromal
c_1_8_675,None
c_1_8_676,Mesenchymal-Stromal
c_1_8_677,Lymphoid-T
c_1_8_678,Mesenchymal-Stromal
c_1_8_679,Mesenchymal-Stromal
c_1_8_680,Mesenchymal-Stromal
c_1_8_681,Mesenchymal-Stromal
c_1_8_682,Mesenchymal-Stromal
c_1_8_683,Mesenchymal-Stromal
c_1_8_684,Endothelial
c_1_8_685,Lymphoid-Other
c_1_8_686,Mesenchymal-Stromal
c_1_8_687,Lymphoid-Other
c_1_8_688,None
c_1_8_689,Lymphoid-B
c_1_8_690,Mesenchymal-Stromal
c_1_8_691,Mesenchymal-Stromal
c_1_8_692,Mesenchymal-Stromal
c_1_8_693,Mesenchymal-Stromal
c_1_8_694,Mesenchymal-Stromal
c_1_8_695,Mesenchymal-Stromal
c_1_8_696,Mesenchymal-Stromal
c_1_8_697,Mesenchymal-Stromal
c_1_8_698,Mesenchymal-Stromal
c_1_8_699,Mesenchymal-Stromal
c_1_8_700,Lymphoid-Other
c_1_8_701,Lymphoid-Other
c_1_8_702,Mesenchymal-Stromal
c_1_8_703,Mesenchymal-Stromal
c_1_8_704,Mesenchymal-Stromal
c_1_8_705,Lymphoid-Other
c_1_8_706,Mesenchymal-Stromal
c_1_8_707,Endothelial
c_1_8_708,Mesenchymal-Stromal
c_1_8_709,Lymphoid-T
c_1_8_710,Lymphoid-Other
c_1_8_711,Lymphoid-T
c_1_8_712,Mesenchymal-Stromal
c_1_8_713,Mesenchymal-Stromal
c_1_8_714,Mesenchymal-Stromal
c_1_8_715,Mesenchymal-Stromal
c_1_8_716,Mesenchymal-Stromal
c_1_8_717,Lymphoid-Other
c_1_8_718,Lymphoid-Other
c_1_8_719,Lymphoid-T
c_1_8_720,Mesenchymal-Stromal
c_1_8_721,Mesenchymal-Stromal
c_1_8_722,Mesenchymal-Stromal
c_1_8_723,Mesenchymal-Stromal
c_1_8_724,Lymphoid-T
c_1_8_725,Endothelial
c_1_8_726,Mesenchymal-Stromal
c_1_8_727,Mesenchymal-Stromal
c_1_8_728,Lymphoid-Other
c_1_8_729,Mesenchymal-Stromal
c_1_8_730,Mesenchymal-Stromal
c_1_8_731,Mesenchymal-Stromal
c_1_8_732,Mesenchymal-Stromal
c_1_8_733,Mesenchymal-Stromal
c_1_8_734,Mesenchymal-Stromal
c_1_8_735,Mesenchymal-Stromal
c_1_8_736,Lymphoid-T
c_1_8_737,Mesenchymal-Stromal
c_1_8_738,Mesenchymal-Stromal
c_1_8_739,Mesenchymal-Stromal
c_1_8_740,Mesenchymal-Stromal
c_1_8_741,Endothelial
c_1_8_742,Mesenchymal-Stromal
c_1_8_743,Mesenchymal-Stromal
c_1_8_744,Lymphoid-Other
c_1_8_745,Lymphoid-T
c_1_8_746,None
c_1_8_747,Mesenchymal-Stromal
c_1_8_748,Mesenchymal-Stromal
c_1_8_749,Endothelial
c_1_8_750,Mesenchymal-Stromal
c_1_8_751,Mesenchymal-Stromal
c_1_8_752,Mesenchymal-Stromal
c_1_8_753,Lymphoid-Other
c_1_8_754,Mesenchymal-Stromal
c_1_8_755,Mesenchymal-Stromal
c_1_8_756,Lymphoid-T
c_1_8_757,Mesenchymal-Stromal
c_1_8_758,Mesenchymal-Stromal
c_1_8_759,Myeloid
c_1_8_760,Mesenchymal-Stromal
c_1_8_761,Epithelial
c_1_8_762,Mesenchymal-Stromal
c_1_8_763,Mesenchymal-Stromal
c_1_8_764,Lymphoid-Plasma
c_1_8_765,Mesenchymal-Stromal
c_1_8_766,Mesenchymal-Stromal
c_1_8_767,Mesenchymal-Stromal
c_1_8_768,Lymphoid-T
c_1_8_769,Mesenchymal-Stromal
c_1_8_770,Mesenchymal-Stromal
c_1_8_771,Mesenchymal-Stromal
c_1_8_772,Mesenchymal-Stromal
c_1_8_773,Mesenchymal-Stromal
c_1_8_774,Lymphoid-Plasma
c_1_8_775,None
c_1_8_776,Mesenchymal-Stromal
c_1_8_777,Lymphoid-Other
c_1_8_778,Lymphoid-T
c_1_8_779,Mesenchymal-Stromal
c_1_8_780,Mesenchymal-Stromal
c_1_8_781,Mesenchymal-Stromal
c_1_8_782,None
c_1_8_783,Mesenchymal-Stromal
c_1_8_784,Mesenchymal-Stromal
c_1_8_785,Mesenchymal-Stromal
c_1_8_786,Lymphoid-T
c_1_8_787,Mesenchymal-Stromal
c_1_8_788,Mesenchymal-Stromal
c_1_8_789,Mesenchymal-Stromal
c_1_8_790,Endothelial
c_1_8_791,Mesenchymal-Stromal
c_1_8_792,Mesenchymal-Stromal
c_1_8_793,Endothelial
c_1_8_794,Mesenchymal-Stromal
c_1_8_795,None
c_1_8_796,Mesenchymal-Stromal
c_1_8_797,Lymphoid-T
c_1_8_798,Mesenchymal-Stromal
c_1_8_799,Mesenchymal-Stromal
c_1_8_800,Mesenchymal-Stromal
c_1_8_801,Lymphoid-B
c_1_8_802,Endothelial
c_1_8_803,Lymphoid-T
c_1_8_804,Endothelial
c_1_8_805,Endothelial
c_1_8_806,Mesenchymal-Stromal
c_1_8_807,Mesenchymal-Stromal
c_1_8_808,Lymphoid-Other
c_1_8_809,Endothelial
c_1_8_810,Mesenchymal-Stromal
c_1_8_811,Endothelial
c_1_8_812,Mesenchymal-Stromal
c_1_8_813,Mesenchymal-Stromal
c_1_8_814,Endothelial
c_1_8_815,Mesenchymal-Stromal
c_1_8_816,Endothelial
c_1_8_817,Mesenchymal-Stromal
c_1_8_818,Mesenchymal-Stromal
c_1_8_819,Lymphoid-Other
c_1_8_820,Lymphoid-T
c_1_8_821,Mesenchymal-Stromal
c_1_8_822,Mesenchymal-Stromal
c_1_8_823,Mesenchymal-Stromal
c_1_8_824,Mesenchymal-Stromal
c_1_8_825,Endothelial
c_1_8_826,Mesenchymal-Stromal
c_1_8_827,Lymphoid-Other
c_1_8_828,Lymphoid-T
c_1_8_829,Endothelial
c_1_8_830,Lymphoid-Other
c_1_8_831,None
c_1_8_832,Mesenchymal-Stromal
c_1_8_833,Mesenchymal-Stromal
c_1_8_834,Mesenchymal-Stromal
c_1_8_835,Lymphoid-Other
c_1_8_836,Mesenchymal-Stromal
c_1_8_837,Mesenchymal-Stromal
c_1_8_838,Mesenchymal-Stromal
c_1_8_839,Lymphoid-T
c_1_8_840,Mesenchymal-Stromal
c_1_8_841,Mesenchymal-Stromal
c_1_8_842,Mesenchymal-Stromal
c_1_8_843,Mesenchymal-Stromal
c_1_8_844,Lymphoid-Other
c_1_8_845,Mesenchymal-Stromal
c_1_8_846,Lymphoid-T
c_1_8_847,Mesenchymal-Stromal
c_1_8_848,Mesenchymal-Stromal
c_1_8_849,Mesenchymal-Stromal
c_1_8_850,Lymphoid-Other
c_1_8_851,Mesenchymal-Stromal
c_1_8_852,Mesenchymal-Stromal
c_1_8_853,None
c_1_8_854,Mesenchymal-Stromal
c_1_8_855,Mesenchymal-Stromal
c_1_8_856,Mesenchymal-Stromal
c_1_8_857,None
c_1_8_858,Mesenchymal-Stromal
c_1_8_859,Mesenchymal-Stromal
c_1_8_860,Mesenchymal-Stromal
c_1_8_861,Lymphoid-Other
c_1_8_862,Mesenchymal-Stromal
c_1_8_863,Mesenchymal-Stromal
c_1_8_864,Mesenchymal-Stromal
c_1_8_865,Lymphoid-Other
c_1_8_866,Mesenchymal-Stromal
c_1_8_867,Endothelial
c_1_8_868,Mesenchymal-Stromal
c_1_8_869,Lymphoid-T
c_1_8_870,Mesenchymal-Stromal
c_1_8_871,Mesenchymal-Stromal
c_1_8_872,Mesenchymal-Stromal
c_1_8_873,Endothelial
c_1_8_874,Mesenchymal-Stromal
c_1_8_875,Lymphoid-Plasma
c_1_8_876,Mesenchymal-Stromal
c_1_8_877,Mesenchymal-Stromal
c_1_8_878,Lymphoid-T
c_1_8_879,Lymphoid-Other
c_1_8_880,Lymphoid-T
c_1_8_881,Mesenchymal-Stromal
c_1_8_882,Mesenchymal-Stromal
c_1_8_883,None
c_1_8_884,Lymphoid-Other
c_1_8_885,Mesenchymal-Stromal
c_1_8_886,Mesenchymal-Stromal
c_1_8_887,Mesenchymal-Stromal
c_1_8_888,Mesenchymal-Stromal
c_1_8_889,Mesenchymal-Stromal
c_1_8_890,Lymphoid-T
c_1_8_891,Mesenchymal-Stromal
c_1_8_892,Lymphoid-Other
c_1_8_893,Lymphoid-Other
c_1_8_894,Lymphoid-B
c_1_8_895,Mesenchymal-Stromal
c_1_8_896,Mesenchymal-Stromal
c_1_8_897,Endothelial
c_1_8_898,Mesenchymal-Stromal
c_1_8_899,Mesenchymal-Stromal
c_1_8_900,Mesenchymal-Stromal
c_1_8_901,Mesenchymal-Stromal
c_1_8_902,None
c_1_8_903,Lymphoid-T
c_1_8_904,None
c_1_8_905,Myeloid
c_1_8_906,Mesenchymal-Stromal
c_1_8_907,Lymphoid-Other
c_1_8_908,Mesenchymal-Stromal
c_1_8_909,Mesenchymal-Stromal
c_1_8_910,None
c_1_8_911,Lymphoid-Other
c_1_8_912,Mesenchymal-Stromal
c_1_8_913,Mesenchymal-Stromal
c_1_8_914,Lymphoid-Plasma
c_1_8_915,Mesenchymal-Stromal
c_1_8_916,Lymphoid-Other
c_1_8_917,Mesenchymal-Stromal
c_1_8_918,Endothelial
c_1_8_919,Lymphoid-Other
c_1_8_920,Mesenchymal-Stromal
c_1_8_921,Lymphoid-Other
c_1_8_922,Lymphoid-Other
c_1_8_923,Mesenchymal-Stromal
c_1_8_924,None
c_1_8_925,Mesenchymal-Stromal
c_1_8_926,Mesenchymal-Stromal
c_1_8_927,Endothelial
c_1_8_928,Mesenchymal-Stromal
c_1_8_929,Mesenchymal-Stromal
c_1_8_930,None
c_1_8_931,Mesenchymal-Stromal
c_1_8_932,Endothelial
c_1_8_933,Mesenchymal-Stromal
c_1_8_934,Mesenchymal-Stromal
c_1_8_935,Lymphoid-B
c_1_8_936,Mesenchymal-Stromal
c_1_8_937,Mesenchymal-Stromal
c_1_8_938,Endothelial
c_1_8_939,Mesenchymal-Stromal
c_1_8_940,Lymphoid-Other
c_1_8_941,Lymphoid-Other
c_1_8_942,Mesenchymal-Stromal
c_1_8_943,Mesenchymal-Stromal
c_1_8_944,None
c_1_8_945,Mesenchymal-Stromal
c_1_8_946,Lymphoid-Other
c_1_8_947,Lymphoid-Other
c_1_8_948,None
c_1_8_949,Mesenchymal-Stromal
c_1_8_950,Mesenchymal-Stromal
c_1_8_951,Mesenchymal-Stromal
c_1_8_952,Mesenchymal-Stromal
c_1_8_953,Mesenchymal-Stromal
c_1_8_954,Lymphoid-Other
c_1_8_955,Mesenchymal-Stromal
c_1_8_956,Mesenchymal-Stromal
c_1_8_957,None
c_1_8_958,Lymphoid-Other
c_1_8_959,Mesenchymal-Stromal
c_1_8_960,Lymphoid-Other
c_1_8_961,Myeloid
c_1_8_962,Mesenchymal-Stromal
c_1_8_963,Lymphoid-Other
c_1_8_964,Mesenchymal-Stromal
c_1_8_965,Mesenchymal-Stromal
c_1_8_966,Mesenchymal-Stromal
c_1_8_967,None
c_1_8_968,Mesenchymal-Stromal
c_1_8_969,Mesenchymal-Stromal
c_1_8_970,Mesenchymal-Stromal
c_1_8_971,Mesenchymal-Stromal
c_1_8_972,Mesenchymal-Stromal
c_1_8_973,Mesenchymal-Stromal
c_1_8_974,Mesenchymal-Stromal
c_1_8_975,Mesenchymal-Stromal
c_1_8_976,Endothelial
c_1_8_977,Mesenchymal-Stromal
c_1_8_978,Endothelial
c_1_8_979,Lymphoid-T
c_1_8_980,Lymphoid-B
c_1_8_981,Mesenchymal-Stromal
c_1_8_982,Mesenchymal-Stromal
c_1_8_983,Mesenchymal-Stromal
c_1_8_984,Lymphoid-T
c_1_8_985,Mesenchymal-Stromal
c_1_8_986,Mesenchymal-Stromal
c_1_8_987,Lymphoid-T
c_1_8_988,Mesenchymal-Stromal
c_1_8_989,Lymphoid-T
c_1_8_990,Mesenchymal-Stromal
c_1_8_991,Lymphoid-Other
c_1_8_992,Mesenchymal-Stromal
c_1_8_993,Mesenchymal-Stromal
c_1_8_994,Lymphoid-Other
c_1_8_995,Mesenchymal-Stromal
c_1_8_996,Mesenchymal-Stromal
c_1_8_997,Lymphoid-Other
c_1_8_998,None
c_1_8_999,Mesenchymal-Stromal
c_1_8_1000,Mesenchymal-Stromal
c_1_8_1001,Mesenchymal-Stromal
c_1_8_1002,Mesenchymal-Stromal
c_1_8_1003,Mesenchymal-Stromal
c_1_8_1004,Mesenchymal-Stromal
c_1_8_1005,Lymphoid-B
c_1_8_1006,Mesenchymal-Stromal
c_1_8_1007,Mesenchymal-Stromal
c_1_8_1008,Lymphoid-T
c_1_8_1009,Mesenchymal-Stromal
c_1_8_1010,Endothelial
c_1_8_1011,Mesenchymal-Stromal
c_1_8_1012,Mesenchymal-Stromal
c_1_8_1013,Mesenchymal-Stromal
c_1_8_1014,Mesenchymal-Stromal
c_1_8_1015,Lymphoid-T
c_1_8_1016,Mesenchymal-Stromal
c_1_8_1017,None
c_1_8_1018,Mesenchymal-Stromal
c_1_8_1019,Mesenchymal-Stromal
c_1_8_1020,Mesenchymal-Stromal
c_1_8_1021,Mesenchymal-Stromal
c_1_8_1022,Lymphoid-T
c_1_8_1023,Lymphoid-Plasma
c_1_8_1024,Mesenchymal-Stromal
c_1_8_1025,Endothelial
c_1_8_1026,Lymphoid-Plasma
c_1_8_1027,Mesenchymal-Stromal
c_1_8_1028,Lymphoid-T
c_1_8_1029,Mesenchymal-Stromal
c_1_8_1030,Mesenchymal-Stromal
c_1_8_1031,Endothelial
c_1_8_1032,Mesenchymal-Stromal
c_1_8_1033,Mesenchymal-Stromal
c_1_8_1034,Epithelial
c_1_8_1035,Lymphoid-Other
c_1_8_1036,Lymphoid-Other
c_1_8_1037,Mesenchymal-Stromal
c_1_8_1038,Endothelial
c_1_8_1039,Mesenchymal-Stromal
c_1_8_1040,Mesenchymal-Stromal
c_1_8_1041,Mesenchymal-Stromal
c_1_8_1042,Mesenchymal-Stromal
c_1_8_1043,Mesenchymal-Stromal
c_1_8_1044,Mesenchymal-Stromal
c_1_8_1045,Mesenchymal-Stromal
c_1_8_1046,Lymphoid-Other
c_1_8_1047,Mesenchymal-Stromal
c_1_8_1048,Lymphoid-Plasma
c_1_8_1049,Lymphoid-T
c_1_8_1050,Mesenchymal-Stromal
c_1_8_1051,Mesenchymal-Stromal
c_1_8_1052,Mesenchymal-Stromal
c_1_8_1053,Mesenchymal-Stromal
c_1_8_1054,Mesenchymal-Stromal
c_1_8_1055,Myeloid
c_1_8_1056,Lymphoid-Other
c_1_8_1057,Mesenchymal-Stromal
c_1_8_1058,Myeloid
c_1_8_1059,None
c_1_8_1060,Mesenchymal-Stromal
c_1_8_1061,Lymphoid-Other
c_1_8_1062,None
c_1_8_1063,Mesenchymal-Stromal
c_1_8_1064,Mesenchymal-Stromal
c_1_8_1065,None
c_1_8_1066,Lymphoid-Other
c_1_8_1067,Endothelial
c_1_8_1068,Mesenchymal-Stromal
c_1_8_1069,Lymphoid-T
c_1_8_1070,Mesenchymal-Stromal
c_1_8_1071,Mesenchymal-Stromal
c_1_8_1072,Myeloid
c_1_8_1073,Mesenchymal-Stromal
c_1_8_1074,Mesenchymal-Stromal
c_1_8_1075,Endothelial
c_1_8_1076,Mesenchymal-Stromal
c_1_8_1077,Mesenchymal-Stromal
c_1_8_1078,Mesenchymal-Stromal
c_1_8_1079,Mesenchymal-Stromal
c_1_8_1080,None
c_1_8_1081,Mesenchymal-Stromal
c_1_8_1082,Lymphoid-Other
c_1_8_1083,Mesenchymal-Stromal
c_1_8_1084,None
c_1_8_1085,Mesenchymal-Stromal
c_1_8_1086,Mesenchymal-Stromal
c_1_8_1087,None
c_1_8_1088,None
c_1_8_1089,Mesenchymal-Stromal
c_1_8_1090,None
c_1_8_1091,None
c_1_8_1092,Mesenchymal-Stromal
c_1_8_1093,Mesenchymal-Stromal
c_1_8_1094,Mesenchymal-Stromal
c_1_8_1095,None
c_1_8_1096,Mesenchymal-Stromal
c_1_8_1097,Mesenchymal-Stromal
c_1_8_1098,None
c_1_8_1099,Endothelial
c_1_8_1100,Mesenchymal-Stromal
c_1_8_1101,Mesenchymal-Stromal
c_1_9_1,Endothelial
c_1_9_2,Mesenchymal-Stromal
c_1_9_3,Endothelial
c_1_9_4,Endothelial
c_1_9_5,Lymphoid-Other
c_1_9_6,Endothelial
c_1_9_7,Lymphoid-Other
c_1_9_8,Lymphoid-T
c_1_9_9,Endothelial
c_1_9_10,Mesenchymal-Stromal
c_1_9_11,Endothelial
c_1_9_12,Lymphoid-Plasma
c_1_9_13,Mesenchymal-Stromal
c_1_9_14,Lymphoid-Plasma
c_1_9_15,Mesenchymal-Stromal
c_1_9_16,Endothelial
c_1_9_17,Endothelial
c_1_9_18,Mesenchymal-Stromal
c_1_9_19,Endothelial
c_1_9_20,Mesenchymal-Stromal
c_1_9_21,Endothelial
c_1_9_22,Endothelial
c_1_9_23,Endothelial
c_1_9_24,Lymphoid-Other
c_1_9_25,Endothelial
c_1_9_26,Lymphoid-T
c_1_9_27,Lymphoid-Other
c_1_9_28,Endothelial
c_1_9_29,Endothelial
c_1_9_30,Mesenchymal-Stromal
c_1_9_31,Endothelial
c_1_9_32,Lymphoid-Plasma
c_1_9_33,Lymphoid-Plasma
c_1_9_34,Mesenchymal-Stromal
c_1_9_35,Mesenchymal-Stromal
c_1_9_36,Lymphoid-Plasma
c_1_9_37,Mesenchymal-Stromal
c_1_9_38,Lymphoid-T
c_1_9_39,Mesenchymal-Stromal
c_1_9_40,Mesenchymal-Stromal
c_1_9_41,Lymphoid-B
c_1_9_42,Endothelial
c_1_9_43,Lymphoid-Other
c_1_9_44,Mesenchymal-Stromal
c_1_9_45,Mesenchymal-Stromal
c_1_9_46,Mesenchymal-Stromal
c_1_9_47,Endothelial
c_1_9_48,Endothelial
c_1_9_49,Lymphoid-T
c_1_9_50,Epithelial
c_1_9_51,Lymphoid-Plasma
c_1_9_52,Lymphoid-B
c_1_9_53,Mesenchymal-Stromal
c_1_9_54,Lymphoid-B
c_1_9_55,Endothelial
c_1_9_56,Lymphoid-Plasma
c_1_9_57,Lymphoid-Plasma
c_1_9_58,Lymphoid-Other
c_1_9_59,Endothelial
c_1_9_60,Mesenchymal-Stromal
c_1_9_61,Mesenchymal-Stromal
c_1_9_62,Endothelial
c_1_9_63,Mesenchymal-Stromal
c_1_9_64,Endothelial
c_1_9_65,Endothelial
c_1_9_66,Mesenchymal-Stromal
c_1_9_67,Mesenchymal-Stromal
c_1_9_68,Myeloid
c_1_9_69,Lymphoid-Other
c_1_9_70,Mesenchymal-Stromal
c_1_9_71,Mesenchymal-Stromal
c_1_9_72,Endothelial
c_1_9_73,Mesenchymal-Stromal
c_1_9_74,Mesenchymal-Stromal
c_1_9_75,Mesenchymal-Stromal
c_1_9_76,Lymphoid-T
c_1_9_77,Mesenchymal-Stromal
c_1_9_78,Mesenchymal-Stromal
c_1_9_79,Endothelial
c_1_9_80,Mesenchymal-Stromal
c_1_9_81,Endothelial
c_1_9_82,Mesenchymal-Stromal
c_1_9_83,Mesenchymal-Stromal
c_1_9_84,Mesenchymal-Stromal
c_1_9_85,Mesenchymal-Stromal
c_1_9_86,Lymphoid-Other
c_1_9_87,Mesenchymal-Stromal
c_1_9_88,Neuronal-Glial
c_1_9_89,Endothelial
c_1_9_90,Mesenchymal-Stromal
c_1_9_91,Lymphoid-Plasma
c_1_9_92,Mesenchymal-Stromal
c_1_9_93,Lymphoid-Other
c_1_9_94,Lymphoid-T
c_1_9_95,Mesenchymal-Stromal
c_1_9_96,Lymphoid-Other
c_1_9_97,Mesenchymal-Stromal
c_1_9_98,Mesenchymal-Stromal
c_1_9_99,Lymphoid-Other
c_1_9_100,Mesenchymal-Stromal
c_1_9_101,Lymphoid-B
c_1_9_102,Lymphoid-Plasma
c_1_9_103,Mesenchymal-Stromal
c_1_9_104,Lymphoid-Plasma
c_1_9_105,Mesenchymal-Stromal
c_1_9_106,Mesenchymal-Stromal
c_1_9_107,Endothelial
c_1_9_108,Mesenchymal-Stromal
c_1_9_109,Lymphoid-Plasma
c_1_9_110,Mesenchymal-Stromal
c_1_9_111,Lymphoid-Plasma
c_1_9_112,Epithelial
c_1_9_113,Mesenchymal-Stromal
c_1_9_114,Lymphoid-Other
c_1_9_115,Mesenchymal-Stromal
c_1_9_116,Lymphoid-Plasma
c_1_9_117,Mesenchymal-Stromal
c_1_9_118,Mesenchymal-Stromal
c_1_9_119,Lymphoid-T
c_1_9_120,Lymphoid-Plasma
c_1_9_121,Mesenchymal-Stromal
c_1_9_122,Lymphoid-Other
c_1_9_123,Lymphoid-Other
c_1_9_124,Endothelial
c_1_9_125,Lymphoid-T
c_1_9_126,Endothelial
c_1_9_127,Endothelial
c_1_9_128,Lymphoid-Plasma
c_1_9_129,Mesenchymal-Stromal
c_1_9_130,Lymphoid-Other
c_1_9_131,Mesenchymal-Stromal
c_1_9_132,Mesenchymal-Stromal
c_1_9_133,Mesenchymal-Stromal
c_1_9_134,Lymphoid-Other
c_1_9_135,Lymphoid-Plasma
c_1_9_136,Endothelial
c_1_9_137,Endothelial
c_1_9_138,Mesenchymal-Stromal
c_1_9_139,Mesenchymal-Stromal
c_1_9_140,Mesenchymal-Stromal
c_1_9_141,Lymphoid-Other
c_1_9_142,Lymphoid-DC
c_1_9_143,Lymphoid-Other
c_1_9_144,Mesenchymal-Stromal
c_1_9_145,Lymphoid-Plasma
c_1_9_146,Lymphoid-B
c_1_9_147,Endothelial
c_1_9_148,Endothelial
c_1_9_149,Lymphoid-Other
c_1_9_150,Lymphoid-Other
c_1_9_151,Mesenchymal-Stromal
c_1_9_152,Lymphoid-Other
c_1_9_153,Lymphoid-Plasma
c_1_9_154,Neuronal-Glial
c_1_9_155,Endothelial
c_1_9_156,Lymphoid-B
c_1_9_157,Lymphoid-Plasma
c_1_9_158,Lymphoid-Other
c_1_9_159,Lymphoid-Other
c_1_9_160,Lymphoid-Other
c_1_9_161,Lymphoid-Other
c_1_9_162,Endothelial
c_1_9_163,Lymphoid-T
c_1_9_164,None
c_1_9_165,Lymphoid-Other
c_1_9_166,Lymphoid-Plasma
c_1_9_167,Lymphoid-Other
c_1_9_168,Lymphoid-Plasma
c_1_9_169,Mesenchymal-Stromal
c_1_9_170,Endothelial
c_1_9_171,Lymphoid-Other
c_1_9_172,Lymphoid-T
c_1_9_173,Lymphoid-Other
c_1_9_174,Lymphoid-T
c_1_9_175,Endothelial
c_1_9_176,Lymphoid-Other
c_1_9_177,Myeloid
c_1_9_178,Lymphoid-Other
c_1_9_179,Mesenchymal-Stromal
c_1_9_180,Lymphoid-Plasma
c_1_9_181,Lymphoid-Other
c_1_9_182,Lymphoid-T
c_1_9_183,Lymphoid-Other
c_1_9_184,Lymphoid-Plasma
c_1_9_185,Lymphoid-T
c_1_9_186,Mesenchymal-Stromal
c_1_9_187,Lymphoid-Other
c_1_9_188,Lymphoid-Other
c_1_9_189,Lymphoid-B
c_1_9_190,Lymphoid-Plasma
c_1_9_191,Mesenchymal-Stromal
c_1_9_192,Lymphoid-Plasma
c_1_9_193,Lymphoid-Other
c_1_9_194,Mesenchymal-Stromal
c_1_9_195,Lymphoid-T
c_1_9_196,Mesenchymal-Stromal
c_1_9_197,Lymphoid-B
c_1_9_198,Lymphoid-T
c_1_9_199,Lymphoid-T
c_1_9_200,Lymphoid-Other
c_1_9_201,None
c_1_9_202,Lymphoid-Other
c_1_9_203,Lymphoid-Other
c_1_9_204,Mesenchymal-Stromal
c_1_9_205,Lymphoid-Plasma
c_1_9_206,Lymphoid-T
c_1_9_207,Lymphoid-Plasma
c_1_9_208,Lymphoid-Other
c_1_9_209,Lymphoid-Other
c_1_9_210,Lymphoid-Other
c_1_9_211,Lymphoid-Other
c_1_9_212,Lymphoid-T
c_1_9_213,Lymphoid-Plasma
c_1_9_214,Lymphoid-B
c_1_9_215,Lymphoid-T
c_1_9_216,Endothelial
c_1_9_217,Endothelial
c_1_9_218,Lymphoid-B
c_1_9_219,Lymphoid-Plasma
c_1_9_220,Endothelial
c_1_9_221,Lymphoid-Plasma
c_1_9_222,Endothelial
c_1_9_223,Mesenchymal-Stromal
c_1_9_224,Mesenchymal-Stromal
c_1_9_225,Lymphoid-T
c_1_9_226,Endothelial
c_1_9_227,Mesenchymal-Stromal
c_1_9_228,Mesenchymal-Stromal
c_1_9_229,Mesenchymal-Stromal
c_1_9_230,Endothelial
c_1_9_231,Lymphoid-DC
c_1_9_232,None
c_1_9_233,Endothelial
c_1_9_234,Mesenchymal-Stromal
c_1_9_235,Lymphoid-Other
c_1_9_236,Mesenchymal-Stromal
c_1_9_237,Lymphoid-Other
c_1_9_238,Lymphoid-Other
c_1_9_239,Mesenchymal-Stromal
c_1_9_240,Mesenchymal-Stromal
c_1_9_241,Lymphoid-Plasma
c_1_9_242,Lymphoid-Other
c_1_9_243,Lymphoid-Other
c_1_9_244,Endothelial
c_1_9_245,Neuronal-Glial
c_1_9_246,Lymphoid-Other
c_1_9_247,Lymphoid-Other
c_1_9_248,Mesenchymal-Stromal
c_1_9_249,Endothelial
c_1_9_250,Endothelial
c_1_9_251,Lymphoid-T
c_1_9_252,Endothelial
c_1_9_253,Lymphoid-T
c_1_9_254,Mesenchymal-Stromal
c_1_9_255,Mesenchymal-Stromal
c_1_9_256,Endothelial
c_1_9_257,Lymphoid-Other
c_1_9_258,Mesenchymal-Stromal
c_1_9_259,Endothelial
c_1_9_260,Endothelial
c_1_9_261,Lymphoid-B
c_1_9_262,Lymphoid-Other
c_1_9_263,Lymphoid-Other
c_1_9_264,Lymphoid-Other
c_1_9_265,Lymphoid-Other
c_1_9_266,Lymphoid-Other
c_1_9_267,Lymphoid-Other
c_1_9_268,Lymphoid-T
c_1_9_269,Lymphoid-Plasma
c_1_9_270,Lymphoid-Other
c_1_9_271,Mesenchymal-Stromal
c_1_9_272,Lymphoid-Other
c_1_9_273,Lymphoid-Plasma
c_1_9_274,Mesenchymal-Stromal
c_1_9_275,Mesenchymal-Stromal
c_1_9_276,Mesenchymal-Stromal
c_1_9_277,Mesenchymal-Stromal
c_1_9_278,Lymphoid-Other
c_1_9_279,Lymphoid-Other
c_1_9_280,Endothelial
c_1_9_281,Mesenchymal-Stromal
c_1_9_282,Mesenchymal-Stromal
c_1_9_283,Lymphoid-Other
c_1_9_284,Mesenchymal-Stromal
c_1_9_285,Lymphoid-T
c_1_9_286,Lymphoid-T
c_1_9_287,Mesenchymal-Stromal
c_1_9_288,Lymphoid-Other
c_1_9_289,Lymphoid-Other
c_1_9_290,Lymphoid-Other
c_1_9_291,Endothelial
c_1_9_292,Mesenchymal-Stromal
c_1_9_293,Lymphoid-Other
c_1_9_294,Mesenchymal-Stromal
c_1_9_295,Mesenchymal-Stromal
c_1_9_296,Lymphoid-Other
c_1_9_297,Mesenchymal-Stromal
c_1_9_298,Endothelial
c_1_9_299,Lymphoid-Plasma
c_1_9_300,Lymphoid-T
c_1_9_301,Endothelial
c_1_9_302,Lymphoid-Other
c_1_9_303,Endothelial
c_1_9_304,None
c_1_9_305,Mesenchymal-Stromal
c_1_9_306,Mesenchymal-Stromal
c_1_9_307,Endothelial
c_1_9_308,Myeloid
c_1_9_309,Lymphoid-Other
c_1_9_310,Mesenchymal-Stromal
c_1_9_311,Myeloid
c_1_9_312,Endothelial
c_1_9_313,Lymphoid-Other
c_1_9_314,Lymphoid-Plasma
c_1_9_315,Mesenchymal-Stromal
c_1_9_316,Lymphoid-Other
c_1_9_317,Endothelial
c_1_9_318,Lymphoid-B
c_1_9_319,Endothelial
c_1_9_320,Lymphoid-Other
c_1_9_321,Lymphoid-Other
c_1_9_322,Mesenchymal-Stromal
c_1_9_323,Lymphoid-Other
c_1_9_324,Mesenchymal-Stromal
c_1_9_325,Lymphoid-T
c_1_9_326,Mesenchymal-Stromal
c_1_9_327,Endothelial
c_1_9_328,Mesenchymal-Stromal
c_1_9_329,Lymphoid-Other
c_1_9_330,Lymphoid-Other
c_1_9_331,Lymphoid-Other
c_1_9_332,Lymphoid-Other
c_1_9_333,Endothelial
c_1_9_334,Lymphoid-Other
c_1_9_335,Lymphoid-T
c_1_9_336,Endothelial
c_1_9_337,Endothelial
c_1_9_338,Mesenchymal-Stromal
c_1_9_339,Lymphoid-Other
c_1_9_340,Mesenchymal-Stromal
c_1_9_341,Endothelial
c_1_9_342,Endothelial
c_1_9_343,Lymphoid-Plasma
c_1_9_344,Epithelial
c_1_9_345,Lymphoid-Other
c_1_9_346,Lymphoid-Plasma
c_1_9_347,Lymphoid-T
c_1_9_348,Lymphoid-Other
c_1_9_349,Mesenchymal-Stromal
c_1_9_350,None
c_1_9_351,Lymphoid-Other
c_1_9_352,Lymphoid-Other
c_1_9_353,Lymphoid-Other
c_1_9_354,Lymphoid-Plasma
c_1_9_355,Endothelial
c_1_9_356,Lymphoid-Other
c_1_9_357,Mesenchymal-Stromal
c_1_9_358,Mesenchymal-Stromal
c_1_9_359,Lymphoid-DC
c_1_9_360,Lymphoid-Other
c_1_9_361,Endothelial
c_1_9_362,Mesenchymal-Stromal
c_1_9_363,Lymphoid-T
c_1_9_364,Lymphoid-Other
c_1_9_365,Mesenchymal-Stromal
c_1_9_366,Lymphoid-Other
c_1_9_367,Lymphoid-Other
c_1_9_368,Mesenchymal-Stromal
c_1_9_369,Lymphoid-T
c_1_9_370,Mesenchymal-Stromal
c_1_9_371,Endothelial
c_1_9_372,None
c_1_9_373,Lymphoid-Plasma
c_1_9_374,Lymphoid-Other
c_1_9_375,Myeloid
c_1_9_376,Lymphoid-Other
c_1_9_377,Mesenchymal-Stromal
c_1_9_378,Endothelial
c_1_9_379,Endothelial
c_1_9_380,Lymphoid-Other
c_1_9_381,Lymphoid-Other
c_1_9_382,Lymphoid-Other
c_1_9_383,Neuronal-Glial
c_1_9_384,Lymphoid-T
c_1_9_385,Lymphoid-Plasma
c_1_9_386,Lymphoid-Plasma
c_1_9_387,Endothelial
c_1_9_388,Lymphoid-Other
c_1_9_389,Lymphoid-Plasma
c_1_9_390,Lymphoid-T
c_1_9_391,Lymphoid-Other
c_1_9_392,Endothelial
c_1_9_393,Myeloid
c_1_9_394,Myeloid
c_1_9_395,Lymphoid-T
c_1_9_396,Lymphoid-T
c_1_9_397,Mesenchymal-Stromal
c_1_9_398,Lymphoid-Plasma
c_1_9_399,Endothelial
c_1_9_400,Mesenchymal-Stromal
c_1_9_401,Lymphoid-Plasma
c_1_9_402,Endothelial
c_1_9_403,Endothelial
c_1_9_404,Endothelial
c_1_9_405,Endothelial
c_1_9_406,Lymphoid-T
c_1_9_407,Myeloid
c_1_9_408,Mesenchymal-Stromal
c_1_9_409,Lymphoid-Other
c_1_9_410,Lymphoid-Other
c_1_9_411,Lymphoid-Other
c_1_9_412,Endothelial
c_1_9_413,Lymphoid-Other
c_1_9_414,Mesenchymal-Stromal
c_1_9_415,Lymphoid-T
c_1_9_416,Myeloid
c_1_9_417,Lymphoid-Other
c_1_9_418,Myeloid
c_1_9_419,Mesenchymal-Stromal
c_1_9_420,Lymphoid-Plasma
c_1_9_421,Lymphoid-DC
c_1_9_422,Mesenchymal-Stromal
c_1_9_423,Lymphoid-Plasma
c_1_9_424,Lymphoid-Plasma
c_1_9_425,Lymphoid-Other
c_1_9_426,Lymphoid-Other
c_1_9_427,Lymphoid-Other
c_1_9_428,Endothelial
c_1_9_429,Lymphoid-Other
c_1_9_430,Lymphoid-Other
c_1_9_431,Endothelial
c_1_9_432,Lymphoid-Other
c_1_9_433,Lymphoid-Plasma
c_1_9_434,Lymphoid-Other
c_1_9_435,Epithelial
c_1_9_436,Lymphoid-Other
c_1_9_437,Mesenchymal-Stromal
c_1_9_438,Lymphoid-T
c_1_9_439,Lymphoid-Plasma
c_1_9_440,Lymphoid-Other
c_1_9_441,Neuronal-Glial
c_1_9_442,Lymphoid-Other
c_1_9_443,Endothelial
c_1_9_444,Lymphoid-Plasma
c_1_9_445,Lymphoid-Other
c_1_9_446,Mesenchymal-Stromal
c_1_9_447,Endothelial
c_1_9_448,Epithelial
c_1_9_449,Lymphoid-Plasma
c_1_9_450,Lymphoid-Other
c_1_9_451,Lymphoid-DC
c_1_9_452,Lymphoid-T
c_1_9_453,Mesenchymal-Stromal
c_1_9_454,Epithelial
c_1_9_455,Mesenchymal-Stromal
c_1_9_456,Lymphoid-B
c_1_9_457,Lymphoid-Other
c_1_9_458,Neuronal-Glial
c_1_9_459,None
c_1_9_460,None
c_1_9_461,Mesenchymal-Stromal
c_1_9_462,Epithelial
c_1_9_463,Endothelial
c_1_9_464,Endothelial
c_1_9_465,Lymphoid-Other
c_1_9_466,Mesenchymal-Stromal
c_1_9_467,Myeloid
c_1_9_468,Lymphoid-T
c_1_9_469,Mesenchymal-Stromal
c_1_9_470,Lymphoid-Other
c_1_9_471,Mesenchymal-Stromal
c_1_9_472,Lymphoid-T
c_1_9_473,Lymphoid-B
c_1_9_474,Mesenchymal-Stromal
c_1_9_475,Lymphoid-T
c_1_9_476,Lymphoid-Plasma
c_1_9_477,Endothelial
c_1_9_478,Lymphoid-Other
c_1_9_479,Mesenchymal-Stromal
c_1_9_480,Lymphoid-T
c_1_9_481,Neuronal-Glial
c_1_9_482,Mesenchymal-Stromal
c_1_9_483,Endothelial
c_1_9_484,Mesenchymal-Stromal
c_1_9_485,Endothelial
c_1_9_486,Endothelial
c_1_9_487,Endothelial
c_1_9_488,Lymphoid-Plasma
c_1_9_489,Mesenchymal-Stromal
c_1_9_490,Mesenchymal-Stromal
c_1_9_491,Lymphoid-T
c_1_9_492,Mesenchymal-Stromal
c_1_9_493,Lymphoid-Other
c_1_9_494,Myeloid
c_1_9_495,Mesenchymal-Stromal
c_1_9_496,Lymphoid-Other
c_1_9_497,Lymphoid-Other
c_1_9_498,Mesenchymal-Stromal
c_1_9_499,Endothelial
c_1_9_500,Mesenchymal-Stromal
c_1_9_501,Mesenchymal-Stromal
c_1_9_502,Endothelial
c_1_9_503,Lymphoid-Plasma
c_1_9_504,Lymphoid-Plasma
c_1_9_505,Lymphoid-Plasma
c_1_9_506,Mesenchymal-Stromal
c_1_9_507,Lymphoid-B
c_1_9_508,Lymphoid-T
c_1_9_509,Endothelial
c_1_9_510,Endothelial
c_1_9_511,Lymphoid-T
c_1_9_512,Endothelial
c_1_9_513,Lymphoid-Other
c_1_9_514,Lymphoid-T
c_1_9_515,Mesenchymal-Stromal
c_1_9_516,Lymphoid-Plasma
c_1_9_517,Lymphoid-T
c_1_9_518,Lymphoid-Other
c_1_9_519,Epithelial
c_1_9_520,Lymphoid-Plasma
c_1_9_521,Lymphoid-Other
c_1_9_522,Endothelial
c_1_9_523,Lymphoid-Other
c_1_9_524,Mesenchymal-Stromal
c_1_9_525,Endothelial
c_1_9_526,Mesenchymal-Stromal
c_1_9_527,Mesenchymal-Stromal
c_1_9_528,Lymphoid-DC
c_1_9_529,Lymphoid-Plasma
c_1_9_530,Lymphoid-DC
c_1_9_531,Endothelial
c_1_9_532,Mesenchymal-Stromal
c_1_9_533,Lymphoid-Other
c_1_9_534,Endothelial
c_1_9_535,Lymphoid-Other
c_1_9_536,Lymphoid-Other
c_1_9_537,Lymphoid-Other
c_1_9_538,Lymphoid-Plasma
c_1_9_539,Lymphoid-Other
c_1_9_540,Lymphoid-T
c_1_9_541,Endothelial
c_1_9_542,Endothelial
c_1_9_543,Lymphoid-DC
c_1_9_544,Myeloid
c_1_9_545,Lymphoid-Plasma
c_1_9_546,Epithelial
c_1_9_547,Myeloid
c_1_9_548,Lymphoid-Other
c_1_9_549,Neuronal-Glial
c_1_9_550,Lymphoid-Other
c_1_9_551,Lymphoid-Plasma
c_1_9_552,Endothelial
c_1_9_553,Endothelial
c_1_9_554,Lymphoid-DC
c_1_9_555,Lymphoid-Other
c_1_9_556,Lymphoid-Other
c_1_9_557,Lymphoid-Other
c_1_9_558,Lymphoid-Other
c_1_9_559,Lymphoid-B
c_1_9_560,Lymphoid-Plasma
c_1_9_561,Endothelial
c_1_9_562,Lymphoid-Other
c_1_9_563,Mesenchymal-Stromal
c_1_9_564,Endothelial
c_1_9_565,Lymphoid-Other
c_1_9_566,Endothelial
c_1_9_567,Lymphoid-Plasma
c_1_9_568,Mesenchymal-Stromal
c_1_9_569,Endothelial
c_1_9_570,Lymphoid-Plasma
c_1_9_571,Endothelial
c_1_9_572,None
c_1_9_573,Lymphoid-Other
c_1_9_574,Mesenchymal-Stromal
c_1_9_575,Lymphoid-Plasma
c_1_9_576,Lymphoid-DC
c_1_9_577,Endothelial
c_1_9_578,Lymphoid-Plasma
c_1_9_579,Lymphoid-Plasma
c_1_9_580,Lymphoid-DC
c_1_9_581,Endothelial
c_1_9_582,Lymphoid-Plasma
c_1_9_583,Lymphoid-Plasma
c_1_9_584,Mesenchymal-Stromal
c_1_9_585,Lymphoid-Other
c_1_9_586,Lymphoid-B
c_1_9_587,Endothelial
c_1_9_588,Lymphoid-Plasma
c_1_9_589,Lymphoid-T
c_1_9_590,Endothelial
c_1_9_591,Lymphoid-Other
c_1_9_592,Endothelial
c_1_9_593,Lymphoid-Other
c_1_9_594,Endothelial
c_1_9_595,Mesenchymal-Stromal
c_1_9_596,Mesenchymal-Stromal
c_1_9_597,Mesenchymal-Stromal
c_1_9_598,Endothelial
c_1_9_599,Endothelial
c_1_9_600,Lymphoid-Other
c_1_9_601,Mesenchymal-Stromal
c_1_9_602,Lymphoid-Plasma
c_1_9_603,Lymphoid-Plasma
c_1_9_604,None
c_1_9_605,Lymphoid-Plasma
c_1_9_606,Endothelial
c_1_9_607,Lymphoid-Other
c_1_9_608,Mesenchymal-Stromal
c_1_9_609,Lymphoid-B
c_1_9_610,Lymphoid-Other
c_1_9_611,Mesenchymal-Stromal
c_1_9_612,Lymphoid-Other
c_1_9_613,Mesenchymal-Stromal
c_1_9_614,Endothelial
c_1_9_615,None
c_1_9_616,Lymphoid-Other
c_1_9_617,Lymphoid-Plasma
c_1_9_618,Lymphoid-Other
c_1_9_619,Lymphoid-Plasma
c_1_9_620,Endothelial
c_1_9_621,Endothelial
c_1_9_622,Mesenchymal-Stromal
c_1_9_623,Lymphoid-T
c_1_9_624,Lymphoid-Other
c_1_9_625,Lymphoid-Other
c_1_9_626,Endothelial
c_1_9_627,Mesenchymal-Stromal
c_1_9_628,Mesenchymal-Stromal
c_1_9_629,Endothelial
c_1_9_630,Mesenchymal-Stromal
c_1_9_631,Mesenchymal-Stromal
c_1_9_632,Endothelial
c_1_9_633,Lymphoid-Other
c_1_9_634,Neuronal-Glial
c_1_9_635,Mesenchymal-Stromal
c_1_9_636,Mesenchymal-Stromal
c_1_9_637,Lymphoid-Other
c_1_9_638,None
c_1_9_639,Endothelial
c_1_9_640,Mesenchymal-Stromal
c_1_9_641,Lymphoid-Plasma
c_1_9_642,Lymphoid-Other
c_1_9_643,Endothelial
c_1_9_644,Lymphoid-Other
c_1_9_645,Lymphoid-Other
c_1_9_646,Endothelial
c_1_9_647,Lymphoid-B
c_1_9_648,Lymphoid-T
c_1_9_649,Endothelial
c_1_9_650,Lymphoid-Other
c_1_10_1,None
c_1_10_2,Lymphoid-DC
c_1_10_3,Lymphoid-DC
c_1_10_4,Myeloid
c_1_10_5,Lymphoid-DC
c_1_10_6,Lymphoid-DC
c_1_10_7,Lymphoid-DC
c_1_10_8,Myeloid
c_1_10_9,Lymphoid-DC
c_1_10_10,Lymphoid-DC
c_1_10_11,None
c_1_10_12,Lymphoid-DC
c_1_10_13,Lymphoid-B
c_1_10_14,Lymphoid-DC
c_1_10_15,Lymphoid-T
c_1_10_16,Lymphoid-DC
c_1_10_17,Myeloid
c_1_10_18,Lymphoid-DC
c_1_10_19,Lymphoid-Other
c_1_10_20,Lymphoid-T
c_1_10_21,Lymphoid-DC
c_1_10_22,Lymphoid-DC
c_1_10_23,None
c_1_10_24,Lymphoid-DC
c_1_10_25,Lymphoid-DC
c_1_10_26,Lymphoid-DC
c_1_10_27,Epithelial
c_1_10_28,None
c_1_10_29,None
c_1_10_30,Lymphoid-T
c_1_10_31,Lymphoid-B
c_1_10_32,Lymphoid-DC
c_1_10_33,Lymphoid-T
c_1_10_34,Myeloid
c_1_10_35,Lymphoid-DC
c_1_10_36,Lymphoid-DC
c_1_10_37,Lymphoid-Other
c_1_10_38,Lymphoid-DC
c_1_10_39,Lymphoid-DC
c_1_10_40,Lymphoid-DC
c_1_10_41,Myeloid
c_1_10_42,Lymphoid-T
c_1_10_43,Lymphoid-DC
c_1_10_44,Lymphoid-DC
c_1_10_45,Lymphoid-DC
c_1_10_46,Lymphoid-DC
c_1_10_47,Lymphoid-DC
c_1_10_48,Lymphoid-DC
c_1_10_49,Lymphoid-Other
c_1_10_50,Lymphoid-DC
c_1_10_51,Lymphoid-DC
c_1_10_52,Myeloid
c_1_10_53,Lymphoid-DC
c_1_10_54,Lymphoid-DC
c_1_10_55,Lymphoid-DC
c_1_10_56,Lymphoid-DC
c_1_10_57,Lymphoid-DC
c_1_10_58,Epithelial
c_1_10_59,Lymphoid-DC
c_1_10_60,Lymphoid-Other
c_1_10_61,Neuronal-Glial
c_1_10_62,Lymphoid-DC
c_1_10_63,Lymphoid-DC
c_1_10_64,Lymphoid-B
c_1_10_65,Lymphoid-DC
c_1_10_66,Lymphoid-DC
c_1_10_67,Lymphoid-DC
c_1_10_68,Lymphoid-DC
c_1_10_69,Lymphoid-DC
c_1_10_70,Lymphoid-DC
c_1_10_71,Lymphoid-DC
c_1_10_72,Epithelial
c_1_10_73,Myeloid
c_1_10_74,Myeloid
c_1_10_75,Lymphoid-DC
c_1_10_76,None
c_1_10_77,Lymphoid-DC
c_1_10_78,Lymphoid-DC
c_1_10_79,Lymphoid-DC
c_1_10_80,Lymphoid-DC
c_1_10_81,Lymphoid-DC
c_1_10_82,Lymphoid-DC
c_1_10_83,Lymphoid-DC
c_1_10_84,Lymphoid-DC
c_1_10_85,Lymphoid-DC
c_1_10_86,Lymphoid-DC
c_1_10_87,Lymphoid-DC
c_1_10_88,Myeloid
c_1_10_89,Lymphoid-T
c_1_10_90,Lymphoid-DC
c_1_10_91,Lymphoid-DC
c_1_10_92,Lymphoid-DC
c_1_10_93,Lymphoid-DC
c_1_10_94,Lymphoid-DC
c_1_10_95,Lymphoid-DC
c_1_10_96,Lymphoid-DC
c_1_10_97,Lymphoid-DC
c_1_10_98,Lymphoid-DC
c_1_10_99,Lymphoid-DC
c_1_10_100,Lymphoid-DC
c_1_10_101,Epithelial
c_1_10_102,Lymphoid-DC
c_1_10_103,Lymphoid-DC
c_1_10_104,Lymphoid-DC
c_1_10_105,Epithelial
c_1_10_106,Lymphoid-DC
c_1_10_107,Lymphoid-DC
c_1_10_108,Lymphoid-B
c_1_10_109,Lymphoid-DC
c_1_10_110,Lymphoid-DC
c_1_10_111,Lymphoid-DC
c_1_10_112,Lymphoid-DC
c_1_10_113,Lymphoid-DC
c_1_10_114,None
c_1_10_115,Lymphoid-DC
c_1_10_116,Lymphoid-DC
c_1_10_117,Lymphoid-Other
c_1_10_118,Lymphoid-T
c_1_10_119,Lymphoid-B
c_1_10_120,Lymphoid-DC
c_1_10_121,Lymphoid-DC
c_1_10_122,Lymphoid-DC
c_1_10_123,Lymphoid-DC
c_1_10_124,Lymphoid-DC
c_1_10_125,Lymphoid-Other
c_1_10_126,Lymphoid-DC
c_1_10_127,Lymphoid-DC
c_1_10_128,Lymphoid-DC
c_1_10_129,Lymphoid-DC
c_1_10_130,Lymphoid-DC
c_1_10_131,Lymphoid-DC
c_1_10_132,Lymphoid-B
c_1_10_133,Endothelial
c_1_10_134,Lymphoid-DC
c_1_10_135,Lymphoid-DC
c_1_10_136,Epithelial
c_1_10_137,Lymphoid-B
c_1_10_138,Lymphoid-B
c_1_10_139,Lymphoid-DC
c_1_10_140,Lymphoid-DC
c_1_10_141,Lymphoid-DC
c_1_10_142,None
c_1_10_143,Lymphoid-DC
c_1_10_144,Lymphoid-DC
c_1_10_145,Lymphoid-DC
c_1_10_146,Lymphoid-DC
c_1_10_147,Lymphoid-B
c_1_10_148,Lymphoid-DC
c_1_10_149,Lymphoid-Plasma
c_1_10_150,Lymphoid-Other
c_1_10_151,Epithelial
c_1_10_152,Lymphoid-T
c_1_10_153,Lymphoid-B
c_1_10_154,Lymphoid-DC
c_1_10_155,Myeloid
c_1_10_156,Lymphoid-B
c_1_10_157,Lymphoid-B
c_1_10_158,Lymphoid-T
c_1_10_159,Lymphoid-DC
c_1_10_160,Lymphoid-T
c_1_10_161,Lymphoid-DC
c_1_10_162,Lymphoid-DC
c_1_10_163,Myeloid
c_1_10_164,Lymphoid-DC
c_1_10_165,Lymphoid-T
c_1_10_166,Lymphoid-T
c_1_10_167,Lymphoid-DC
c_1_10_168,Lymphoid-Other
c_1_10_169,Lymphoid-DC
c_1_10_170,Lymphoid-DC
c_1_10_171,Lymphoid-DC
c_1_10_172,Lymphoid-DC
c_1_10_173,Lymphoid-DC
c_1_10_174,Lymphoid-DC
c_1_10_175,Lymphoid-DC
c_1_10_176,Lymphoid-DC
c_1_10_177,Lymphoid-DC
c_1_10_178,Epithelial
c_1_10_179,Lymphoid-T
c_1_10_180,Lymphoid-DC
c_1_10_181,Lymphoid-DC
c_1_10_182,Lymphoid-DC
c_1_10_183,Lymphoid-DC
c_1_10_184,Lymphoid-DC
c_1_10_185,Lymphoid-DC
c_1_10_186,Lymphoid-DC
c_1_10_187,Lymphoid-DC
c_1_10_188,Lymphoid-DC
c_1_10_189,Lymphoid-DC
c_1_10_190,Lymphoid-DC
c_1_10_191,Lymphoid-DC
c_1_10_192,Lymphoid-DC
c_1_10_193,Lymphoid-T
c_1_10_194,Myeloid
c_1_10_195,Lymphoid-B
c_1_10_196,Myeloid
c_1_10_197,Lymphoid-DC
c_1_10_198,Myeloid
c_1_10_199,Lymphoid-B
c_1_10_200,Lymphoid-DC
c_1_10_201,Lymphoid-B
c_1_10_202,Lymphoid-DC
c_1_10_203,Lymphoid-Other
c_1_10_204,Lymphoid-DC
c_1_10_205,Lymphoid-DC
c_1_10_206,Epithelial
c_1_10_207,Lymphoid-DC
c_1_10_208,Lymphoid-DC
c_1_10_209,Lymphoid-DC
c_1_10_210,Lymphoid-T
c_1_10_211,Lymphoid-DC
c_1_10_212,Lymphoid-DC
c_1_10_213,Lymphoid-DC
c_1_10_214,Lymphoid-DC
c_1_10_215,Lymphoid-DC
c_1_10_216,None
c_1_10_217,Lymphoid-DC
c_1_10_218,Lymphoid-B
c_1_10_219,Lymphoid-DC
c_1_10_220,Lymphoid-B
c_1_10_221,Endothelial
c_1_10_222,Lymphoid-DC
c_1_10_223,Epithelial
c_1_10_224,Lymphoid-DC
c_1_10_225,Lymphoid-DC
c_1_10_226,Lymphoid-DC
c_1_10_227,Lymphoid-T
c_1_10_228,Lymphoid-DC
c_1_10_229,None
c_1_10_230,Stem
c_1_10_231,Lymphoid-B
c_1_10_232,Lymphoid-T
c_1_10_233,Lymphoid-DC
c_1_10_234,Lymphoid-DC
c_1_10_235,None
c_1_10_236,None
c_1_10_237,Lymphoid-DC
c_1_10_238,Lymphoid-DC
c_1_10_239,Lymphoid-DC
c_1_10_240,Lymphoid-DC
c_1_10_241,Lymphoid-DC
c_1_10_242,None
c_1_10_243,Epithelial
c_1_10_244,Myeloid
c_1_10_245,Lymphoid-DC
c_1_10_246,Lymphoid-DC
c_1_10_247,Lymphoid-B
c_1_10_248,Lymphoid-DC
c_1_10_249,Lymphoid-DC
c_1_10_250,Endothelial
c_1_10_251,Lymphoid-DC
c_1_10_252,Lymphoid-DC
c_1_10_253,Myeloid
c_1_10_254,Lymphoid-DC
c_1_10_255,Lymphoid-DC
c_1_10_256,Lymphoid-DC
c_1_10_257,Stem
c_1_10_258,Lymphoid-DC
c_1_10_259,Myeloid
c_1_10_260,Lymphoid-DC
c_1_10_261,Lymphoid-Other
c_1_10_262,Lymphoid-DC
c_1_10_263,Lymphoid-DC
c_1_10_264,Lymphoid-B
c_1_10_265,Myeloid
c_1_10_266,Lymphoid-DC
c_1_10_267,Lymphoid-DC
c_1_10_268,Lymphoid-B
c_1_10_269,Lymphoid-DC
c_1_10_270,Lymphoid-DC
c_1_10_271,Myeloid
c_1_10_272,Lymphoid-B
c_1_10_273,Lymphoid-B
c_1_10_274,Lymphoid-DC
c_1_10_275,Myeloid
c_1_10_276,Epithelial
c_1_10_277,Lymphoid-Other
c_1_10_278,Lymphoid-Other
c_1_10_279,Endothelial
c_1_10_280,Myeloid
c_1_10_281,None
c_1_10_282,Lymphoid-DC
c_1_10_283,Lymphoid-DC
c_1_10_284,Lymphoid-DC
c_1_10_285,Lymphoid-DC
c_1_10_286,Lymphoid-DC
c_1_10_287,Lymphoid-DC
c_1_10_288,Lymphoid-DC
c_1_10_289,Lymphoid-B
c_1_10_290,Lymphoid-B
c_1_10_291,Lymphoid-Other
c_1_10_292,Epithelial
c_1_10_293,Lymphoid-DC
c_1_10_294,Lymphoid-B
c_1_10_295,Lymphoid-Other
c_1_10_296,Endothelial
c_1_10_297,Lymphoid-DC
c_1_10_298,Lymphoid-B
c_1_10_299,Lymphoid-DC
c_1_10_300,Lymphoid-B
c_1_10_301,Lymphoid-DC
c_1_10_302,Lymphoid-B
c_1_10_303,Lymphoid-DC
c_1_10_304,Lymphoid-DC
c_1_10_305,Lymphoid-DC
c_1_10_306,Endothelial
c_1_10_307,Lymphoid-B
c_1_10_308,Lymphoid-B
c_1_10_309,Lymphoid-DC
c_1_10_310,Lymphoid-DC
c_1_10_311,Lymphoid-DC
c_1_10_312,Lymphoid-B
c_1_10_313,Lymphoid-DC
c_1_10_314,Lymphoid-B
c_1_10_315,Epithelial
c_1_10_316,Lymphoid-DC
c_1_10_317,Lymphoid-B
c_1_10_318,Lymphoid-DC
c_1_10_319,Epithelial
c_1_10_320,Lymphoid-DC
c_1_10_321,Lymphoid-DC
c_1_10_322,Lymphoid-DC
c_1_10_323,Lymphoid-B
c_1_10_324,Lymphoid-B
c_1_10_325,Lymphoid-B
c_1_10_326,Lymphoid-T
c_1_10_327,Lymphoid-DC
c_1_10_328,Lymphoid-T
c_1_10_329,Lymphoid-B
c_1_10_330,Myeloid
c_1_10_331,Myeloid
c_1_10_332,Lymphoid-T
c_1_10_333,Lymphoid-DC
c_1_10_334,Lymphoid-B
c_1_10_335,Lymphoid-B
c_1_10_336,Lymphoid-T
c_1_10_337,Lymphoid-B
c_1_10_338,Lymphoid-DC
c_1_10_339,Lymphoid-DC
c_1_10_340,Lymphoid-B
c_1_10_341,Stem
c_1_10_342,Lymphoid-DC
c_1_10_343,Lymphoid-B
c_1_10_344,Lymphoid-B
c_1_10_345,Lymphoid-B
c_1_10_346,Lymphoid-B
c_1_10_347,Lymphoid-B
c_1_10_348,Epithelial
c_1_10_349,Lymphoid-DC
c_1_10_350,Lymphoid-B
c_1_10_351,Lymphoid-DC
c_1_10_352,Lymphoid-DC
c_1_10_353,Lymphoid-T
c_1_10_354,Lymphoid-B
c_1_10_355,Lymphoid-DC
c_1_10_356,Lymphoid-DC
c_1_10_357,Lymphoid-B
c_1_10_358,Lymphoid-DC
c_1_10_359,Lymphoid-DC
c_1_10_360,Lymphoid-B
c_1_10_361,Lymphoid-T
c_1_10_362,Lymphoid-B
c_1_10_363,Lymphoid-DC
c_1_10_364,Endothelial
c_1_10_365,Lymphoid-B
c_1_10_366,Lymphoid-Other
c_1_10_367,Lymphoid-DC
c_1_10_368,Lymphoid-DC
c_1_10_369,Lymphoid-DC
c_1_10_370,Epithelial
c_1_10_371,Lymphoid-DC
c_1_10_372,Lymphoid-DC
c_1_10_373,Lymphoid-DC
c_1_10_374,Lymphoid-DC
c_1_10_375,Lymphoid-B
c_1_10_376,Myeloid
c_1_10_377,Lymphoid-T
c_1_10_378,Myeloid
c_1_10_379,Lymphoid-DC
c_1_10_380,Lymphoid-Other
c_1_10_381,Lymphoid-DC
c_1_10_382,Lymphoid-B
c_1_10_383,Lymphoid-B
c_1_10_384,Lymphoid-T
c_1_10_385,Lymphoid-B
c_1_10_386,Lymphoid-B
c_1_10_387,Myeloid
c_1_10_388,Myeloid
c_1_10_389,Lymphoid-B
c_1_10_390,Lymphoid-DC
c_1_10_391,Lymphoid-DC
c_1_10_392,Lymphoid-B
c_1_10_393,Lymphoid-B
c_1_10_394,Myeloid
c_1_10_395,Myeloid
c_1_10_396,Lymphoid-DC
c_1_10_397,None
c_1_10_398,Lymphoid-B
c_1_10_399,Lymphoid-DC
c_1_10_400,Myeloid
c_1_10_401,Myeloid
c_1_10_402,Myeloid
c_1_10_403,Lymphoid-B
c_1_10_404,Lymphoid-B
c_1_10_405,Lymphoid-DC
c_1_10_406,Lymphoid-B
c_1_10_407,Lymphoid-DC
c_1_10_408,Lymphoid-DC
c_1_10_409,Lymphoid-DC
c_1_10_410,Lymphoid-DC
c_1_10_411,Lymphoid-B
c_1_10_412,Lymphoid-Other
c_1_10_413,Lymphoid-B
c_1_10_414,Myeloid
c_1_10_415,Lymphoid-DC
c_1_10_416,Lymphoid-DC
c_1_10_417,Lymphoid-B
c_1_10_418,Lymphoid-DC
c_1_10_419,Lymphoid-DC
c_1_10_420,Lymphoid-DC
c_1_10_421,Endothelial
c_1_10_422,Lymphoid-DC
c_1_10_423,Lymphoid-DC
c_1_10_424,Lymphoid-DC
c_1_10_425,Myeloid
c_1_10_426,Lymphoid-B
c_1_10_427,Myeloid
c_1_10_428,Lymphoid-DC
c_1_10_429,Lymphoid-DC
c_1_10_430,Epithelial
c_1_10_431,Endothelial
c_1_10_432,Lymphoid-DC
c_1_10_433,Lymphoid-B
c_1_10_434,Lymphoid-T
c_1_10_435,Lymphoid-B
c_1_10_436,Lymphoid-DC
c_1_10_437,Lymphoid-DC
c_1_10_438,Lymphoid-DC
c_1_10_439,Lymphoid-DC
c_1_10_440,Lymphoid-DC
c_1_10_441,Lymphoid-DC
c_1_10_442,Lymphoid-DC
c_1_10_443,Lymphoid-DC
c_1_10_444,Lymphoid-T
c_1_10_445,Lymphoid-DC
c_1_10_446,Lymphoid-T
c_1_10_447,Lymphoid-B
c_1_10_448,Lymphoid-B
c_1_10_449,Lymphoid-DC
c_1_10_450,Lymphoid-DC
c_1_10_451,Lymphoid-DC
c_1_10_452,Lymphoid-DC
c_1_10_453,Myeloid
c_1_10_454,None
c_1_10_455,Lymphoid-T
c_1_10_456,Lymphoid-DC
c_1_10_457,Lymphoid-DC
c_1_10_458,Lymphoid-T
c_1_10_459,Lymphoid-DC
c_1_10_460,Lymphoid-B
c_1_10_461,Lymphoid-DC
c_1_10_462,Lymphoid-DC
c_1_10_463,Lymphoid-DC
c_1_10_464,Myeloid
c_1_10_465,Lymphoid-DC
c_1_10_466,Lymphoid-DC
c_1_10_467,Myeloid
c_1_10_468,Lymphoid-DC
c_1_10_469,Lymphoid-DC
c_1_10_470,Lymphoid-T
c_1_10_471,Lymphoid-DC
c_1_10_472,Lymphoid-Other
c_1_10_473,Lymphoid-T
c_1_10_474,Lymphoid-DC
c_1_10_475,Lymphoid-DC
c_1_10_476,Lymphoid-DC
c_1_10_477,Lymphoid-DC
c_1_10_478,Lymphoid-DC
c_1_10_479,Lymphoid-B
c_1_10_480,Lymphoid-T
c_1_10_481,Endothelial
c_1_10_482,Lymphoid-B
c_1_10_483,Lymphoid-DC
c_1_10_484,Lymphoid-DC
c_1_10_485,Lymphoid-B
c_1_10_486,Myeloid
c_1_10_487,Myeloid
c_1_10_488,Myeloid
c_1_10_489,Lymphoid-Other
c_1_10_490,Lymphoid-B
c_1_10_491,Lymphoid-B
c_1_10_492,Myeloid
c_1_10_493,Myeloid
c_1_10_494,Lymphoid-B
c_1_10_495,Lymphoid-B
c_1_10_496,Lymphoid-DC
c_1_10_497,Lymphoid-DC
c_1_10_498,Myeloid
c_1_10_499,Lymphoid-B
c_1_10_500,Lymphoid-Other
c_1_10_501,Lymphoid-DC
c_1_10_502,Lymphoid-DC
c_1_10_503,Lymphoid-DC
c_1_10_504,Lymphoid-DC
c_1_10_505,Lymphoid-DC
c_1_10_506,Lymphoid-DC
c_1_10_507,None
c_1_10_508,Lymphoid-DC
c_1_10_509,Lymphoid-DC
c_1_10_510,Lymphoid-B
c_1_10_511,Lymphoid-B
c_1_10_512,Myeloid
c_1_10_513,Lymphoid-Plasma
c_1_10_514,Lymphoid-B
c_1_10_515,Lymphoid-B
c_1_10_516,Lymphoid-DC
c_1_10_517,Lymphoid-B
c_1_10_518,Lymphoid-B
c_1_10_519,Lymphoid-DC
c_1_10_520,Lymphoid-DC
c_1_10_521,Lymphoid-T
c_1_10_522,Lymphoid-B
c_1_10_523,Lymphoid-DC
c_1_10_524,Myeloid
c_1_10_525,Lymphoid-DC
c_1_10_526,Lymphoid-DC
c_1_10_527,Lymphoid-Other
c_1_10_528,Lymphoid-DC
c_1_10_529,Lymphoid-DC
c_1_10_530,Lymphoid-T
c_1_10_531,Lymphoid-B
c_1_10_532,Lymphoid-DC
c_1_10_533,Myeloid
c_1_10_534,Lymphoid-DC
c_1_10_535,Lymphoid-DC
c_1_10_536,Lymphoid-B
c_1_10_537,Myeloid
c_1_10_538,Lymphoid-DC
c_1_10_539,Lymphoid-B
c_1_10_540,Lymphoid-Plasma
c_1_10_541,Lymphoid-DC
c_1_10_542,Lymphoid-Other
c_1_10_543,None
c_1_10_544,Lymphoid-DC
c_1_10_545,Lymphoid-DC
c_1_10_546,Lymphoid-Other
c_1_10_547,Lymphoid-DC
c_1_10_548,Endothelial
c_1_10_549,Myeloid
c_1_10_550,Lymphoid-T
c_1_10_551,Lymphoid-DC
c_1_10_552,Lymphoid-DC
c_1_10_553,Lymphoid-DC
c_1_10_554,Lymphoid-B
c_1_10_555,Myeloid
c_1_10_556,Lymphoid-DC
c_1_10_557,Lymphoid-DC
c_1_10_558,Lymphoid-DC
c_1_10_559,Lymphoid-DC
c_1_10_560,Lymphoid-DC
c_1_10_561,Lymphoid-DC
c_1_10_562,Lymphoid-DC
c_1_10_563,Lymphoid-DC
c_1_10_564,Myeloid
c_1_10_565,Lymphoid-B
c_1_10_566,Lymphoid-DC
c_1_10_567,Myeloid
c_1_10_568,Lymphoid-DC
c_1_10_569,Lymphoid-Other
c_1_10_570,Lymphoid-DC
c_1_10_571,Lymphoid-B
c_1_10_572,Endothelial
c_1_10_573,None
c_1_10_574,Lymphoid-DC
c_1_10_575,Lymphoid-DC
c_1_10_576,Lymphoid-DC
c_1_10_577,Endothelial
c_1_10_578,Lymphoid-DC
c_1_10_579,Myeloid
c_1_10_580,Lymphoid-B
c_1_10_581,Myeloid
c_1_10_582,Lymphoid-DC
c_1_10_583,Myeloid
c_1_10_584,Lymphoid-DC
c_1_10_585,Lymphoid-DC
c_1_10_586,Lymphoid-DC
c_1_10_587,Lymphoid-B
c_1_10_588,Lymphoid-DC
c_1_10_589,Lymphoid-DC
c_1_10_590,Endothelial
c_1_10_591,Myeloid
c_1_10_592,Lymphoid-B
c_1_10_593,Lymphoid-B
c_1_10_594,Lymphoid-Other
c_1_10_595,Lymphoid-DC
c_1_10_596,Lymphoid-T
c_1_10_597,Endothelial
c_1_10_598,Lymphoid-DC
c_1_10_599,Lymphoid-B
c_1_10_600,Lymphoid-DC
c_1_10_601,Lymphoid-DC
c_1_10_602,Myeloid
c_1_10_603,Lymphoid-DC
c_1_10_604,Lymphoid-DC
c_1_10_605,Endothelial
c_1_10_606,None
c_1_10_607,Endothelial
c_1_10_608,Lymphoid-Other
c_1_10_609,Endothelial
c_1_10_610,Lymphoid-DC
c_1_10_611,Myeloid
c_1_10_612,Lymphoid-DC
c_1_10_613,Lymphoid-B
c_1_10_614,Lymphoid-DC
c_1_10_615,Lymphoid-DC
c_1_10_616,Lymphoid-DC
c_1_10_617,Lymphoid-DC
c_1_10_618,Lymphoid-DC
c_1_10_619,Lymphoid-DC
c_1_10_620,Lymphoid-DC
c_1_10_621,Myeloid
c_1_10_622,Endothelial
c_1_10_623,Lymphoid-B
c_1_10_624,Lymphoid-DC
c_1_10_625,Lymphoid-DC
c_1_10_626,Lymphoid-DC
c_1_10_627,Lymphoid-B
c_1_10_628,Lymphoid-DC
c_1_10_629,Lymphoid-B
c_1_10_630,Lymphoid-T
c_1_10_631,Lymphoid-DC
c_1_10_632,Lymphoid-DC
c_1_10_633,Lymphoid-B
c_1_10_634,Lymphoid-DC
c_1_10_635,Lymphoid-DC
c_1_10_636,Lymphoid-DC
c_1_10_637,Lymphoid-DC
c_1_10_638,Lymphoid-B
c_1_10_639,Lymphoid-DC
c_1_10_640,Lymphoid-DC
c_1_10_641,Lymphoid-DC
c_1_10_642,Lymphoid-DC
c_1_10_643,Lymphoid-DC
c_1_10_644,Lymphoid-DC
c_1_10_645,Lymphoid-B
c_1_10_646,Myeloid
c_1_10_647,Lymphoid-DC
c_1_10_648,Lymphoid-DC
c_1_10_649,Lymphoid-DC
c_1_10_650,Lymphoid-B
c_1_10_651,Lymphoid-T
c_1_10_652,Lymphoid-DC
c_1_10_653,Endothelial
c_1_10_654,Myeloid
c_1_10_655,Myeloid
c_1_10_656,Endothelial
c_1_10_657,None
c_1_10_658,Lymphoid-B
c_1_10_659,Lymphoid-B
c_1_10_660,Myeloid
c_1_10_661,Lymphoid-B
c_1_10_662,Lymphoid-DC
c_1_10_663,Lymphoid-DC
c_1_10_664,Lymphoid-T
c_1_10_665,Lymphoid-DC
c_1_10_666,Lymphoid-DC
c_1_10_667,Lymphoid-DC
c_1_10_668,Lymphoid-T
c_1_10_669,Lymphoid-DC
c_1_10_670,Lymphoid-DC
c_1_10_671,Lymphoid-DC
c_1_10_672,Lymphoid-DC
c_1_10_673,Lymphoid-Other
c_1_10_674,Lymphoid-B
c_1_10_675,Lymphoid-DC
c_1_10_676,Lymphoid-DC
c_1_10_677,Lymphoid-DC
c_1_10_678,Lymphoid-DC
c_1_10_679,Lymphoid-DC
c_1_10_680,Lymphoid-B
c_1_10_681,Endothelial
c_1_10_682,Lymphoid-DC
c_1_10_683,Lymphoid-DC
c_1_10_684,Lymphoid-Other
c_1_10_685,Lymphoid-DC
c_1_10_686,Lymphoid-DC
c_1_10_687,None
c_1_10_688,Lymphoid-DC
c_1_10_689,Lymphoid-DC
c_1_10_690,Lymphoid-DC
c_1_10_691,Lymphoid-DC
c_1_10_692,Lymphoid-B
c_1_10_693,Lymphoid-DC
c_1_10_694,Lymphoid-DC
c_1_10_695,Lymphoid-B
c_1_10_696,Lymphoid-Other
c_1_10_697,Lymphoid-T
c_1_10_698,Lymphoid-DC
c_1_10_699,Lymphoid-DC
c_1_10_700,Lymphoid-DC
c_1_10_701,Lymphoid-DC
c_1_10_702,Lymphoid-DC
c_1_10_703,Lymphoid-B
c_1_10_704,Lymphoid-DC
c_1_10_705,Lymphoid-B
c_1_10_706,Lymphoid-DC
c_1_10_707,Lymphoid-DC
c_1_10_708,Lymphoid-DC
c_1_10_709,Lymphoid-DC
c_1_10_710,Lymphoid-DC
c_1_10_711,Lymphoid-B
c_1_10_712,Lymphoid-DC
c_1_10_713,Lymphoid-DC
c_1_10_714,Endothelial
c_1_10_715,Lymphoid-B
c_1_10_716,Lymphoid-DC
c_1_10_717,Lymphoid-DC
c_1_10_718,Lymphoid-DC
c_1_10_719,Lymphoid-DC
c_1_10_720,Myeloid
c_1_10_721,Lymphoid-DC
c_1_10_722,Lymphoid-DC
c_1_10_723,Myeloid
c_1_10_724,Lymphoid-DC
c_1_10_725,Lymphoid-DC
c_1_10_726,Lymphoid-DC
c_1_10_727,Endothelial
c_1_10_728,Lymphoid-DC
c_1_10_729,Lymphoid-B
c_1_10_730,Lymphoid-DC
c_1_10_731,Lymphoid-DC
c_1_10_732,Lymphoid-DC
c_1_10_733,Lymphoid-DC
c_1_10_734,Lymphoid-DC
c_1_10_735,Lymphoid-DC
c_1_10_736,Lymphoid-B
c_1_10_737,Lymphoid-DC
c_1_10_738,Lymphoid-DC
c_1_10_739,Lymphoid-DC
c_1_10_740,Lymphoid-DC
c_1_10_741,Lymphoid-B
c_1_10_742,Lymphoid-DC
c_1_10_743,Lymphoid-DC
c_1_10_744,Lymphoid-DC
c_1_10_745,None
c_1_10_746,Lymphoid-B
c_1_10_747,Lymphoid-DC
c_1_10_748,Lymphoid-DC
c_1_10_749,Lymphoid-DC
c_1_10_750,Lymphoid-DC
c_1_10_751,Lymphoid-DC
c_1_10_752,Lymphoid-DC
c_1_10_753,Myeloid
c_1_10_754,Lymphoid-B
c_1_10_755,Lymphoid-DC
c_1_10_756,Myeloid
c_1_10_757,Lymphoid-B
c_1_10_758,Lymphoid-DC
c_1_10_759,Epithelial
c_1_10_760,Lymphoid-DC
c_1_10_761,Lymphoid-DC
c_1_10_762,Lymphoid-DC
c_1_10_763,Lymphoid-DC
c_1_10_764,Lymphoid-Other
c_1_10_765,Lymphoid-B
c_1_10_766,Lymphoid-DC
c_1_10_767,Lymphoid-DC
c_1_10_768,Lymphoid-DC
c_1_10_769,Lymphoid-Other
c_1_10_770,Lymphoid-DC
c_1_10_771,Lymphoid-T
c_1_10_772,Lymphoid-DC
c_1_10_773,Lymphoid-DC
c_1_10_774,Lymphoid-DC
c_1_10_775,Lymphoid-DC
c_1_10_776,Lymphoid-DC
c_1_10_777,Lymphoid-B
c_1_10_778,Lymphoid-DC
c_1_10_779,Lymphoid-DC
c_1_10_780,Lymphoid-Other
c_1_10_781,Lymphoid-DC
c_1_10_782,Lymphoid-T
c_1_10_783,Lymphoid-Other
c_1_10_784,None
c_1_10_785,Lymphoid-DC
c_1_10_786,Lymphoid-DC
c_1_10_787,Lymphoid-DC
c_1_10_788,Myeloid
c_1_10_789,Myeloid
c_1_10_790,Lymphoid-DC
c_1_10_791,Lymphoid-DC
c_1_10_792,Lymphoid-B
c_1_10_793,Lymphoid-DC
c_1_10_794,Lymphoid-B
c_1_10_795,Stem
c_1_10_796,Lymphoid-B
c_1_10_797,Lymphoid-DC
c_1_10_798,Lymphoid-DC
c_1_10_799,Lymphoid-B
c_1_10_800,None
c_1_10_801,Lymphoid-B
c_1_10_802,Lymphoid-DC
c_1_10_803,Lymphoid-DC
c_1_10_804,Lymphoid-T
c_1_10_805,Lymphoid-DC
c_1_10_806,Stem
c_1_10_807,Endothelial
c_1_10_808,Lymphoid-T
c_1_10_809,Lymphoid-Other
c_1_10_810,Lymphoid-DC
c_1_10_811,Lymphoid-DC
c_1_10_812,Lymphoid-DC
c_1_10_813,None
c_1_10_814,Lymphoid-B
c_1_10_815,Lymphoid-DC
c_1_10_816,Lymphoid-DC
c_1_10_817,Lymphoid-B
c_1_10_818,Myeloid
c_1_10_819,Endothelial
c_1_10_820,Lymphoid-B
c_1_10_821,Lymphoid-B
c_1_10_822,Myeloid
c_1_10_823,Lymphoid-DC
c_1_10_824,Lymphoid-DC
c_1_10_825,Lymphoid-B
c_1_10_826,Lymphoid-T
c_1_10_827,Lymphoid-DC
c_1_10_828,Epithelial
c_1_10_829,Lymphoid-B
c_1_10_830,Lymphoid-T
c_1_10_831,Lymphoid-DC
c_1_10_832,Epithelial
c_1_10_833,Lymphoid-DC
c_1_10_834,Lymphoid-T
c_1_10_835,Stem
c_1_10_836,Lymphoid-DC
c_1_10_837,Lymphoid-DC
c_1_10_838,Lymphoid-DC
c_1_10_839,Lymphoid-DC
c_1_10_840,Lymphoid-B
c_1_10_841,Lymphoid-DC
c_1_10_842,Lymphoid-B
c_1_10_843,Lymphoid-DC
c_1_10_844,Lymphoid-B
c_1_10_845,Lymphoid-DC
c_1_10_846,Lymphoid-B
c_1_10_847,Lymphoid-DC
c_1_10_848,Lymphoid-Other
c_1_10_849,Lymphoid-DC
c_1_10_850,Lymphoid-DC
c_1_10_851,Lymphoid-T
c_1_10_852,Lymphoid-DC
c_1_10_853,Lymphoid-B
c_1_10_854,Lymphoid-DC
c_1_10_855,Lymphoid-DC
c_1_10_856,Lymphoid-DC
c_1_10_857,Lymphoid-B
c_1_10_858,Lymphoid-DC
c_1_10_859,Lymphoid-DC
c_1_10_860,Lymphoid-B
c_1_10_861,Lymphoid-B
c_1_10_862,Lymphoid-DC
c_1_10_863,Lymphoid-B
c_1_10_864,Myeloid
c_1_10_865,Lymphoid-Other
c_1_10_866,Lymphoid-B
c_1_10_867,Lymphoid-DC
c_1_10_868,Lymphoid-DC
c_1_10_869,Myeloid
c_1_10_870,Lymphoid-T
c_1_10_871,Lymphoid-Other
c_1_10_872,Lymphoid-B
c_1_10_873,Myeloid
c_1_10_874,Lymphoid-DC
c_1_10_875,Lymphoid-Other
c_1_10_876,Lymphoid-DC
c_1_10_877,Lymphoid-DC
c_1_10_878,Lymphoid-Other
c_1_10_879,Lymphoid-T
c_1_10_880,Lymphoid-B
c_1_10_881,Lymphoid-DC
c_1_10_882,Lymphoid-DC
c_1_10_883,Lymphoid-B
c_1_10_884,Lymphoid-B
c_1_10_885,Myeloid
c_1_10_886,Lymphoid-DC
c_1_10_887,Lymphoid-Other
c_1_10_888,Lymphoid-DC
c_1_10_889,Myeloid
c_1_10_890,Lymphoid-DC
c_1_10_891,Myeloid
c_1_10_892,Lymphoid-T
c_1_10_893,Lymphoid-Plasma
c_1_10_894,Lymphoid-DC
c_1_10_895,Lymphoid-B
c_1_10_896,Lymphoid-DC
c_1_10_897,Lymphoid-B
c_1_10_898,Lymphoid-B
c_1_10_899,Lymphoid-B
c_1_10_900,Lymphoid-DC
c_1_10_901,Lymphoid-DC
c_1_10_902,Myeloid
c_1_10_903,Myeloid
c_1_10_904,Lymphoid-DC
c_1_10_905,Epithelial
c_1_10_906,Lymphoid-Other
c_1_10_907,Lymphoid-B
c_1_10_908,Lymphoid-DC
c_1_10_909,Lymphoid-B
c_1_10_910,Lymphoid-DC
c_1_10_911,Lymphoid-DC
c_1_10_912,Stem
c_1_10_913,Lymphoid-B
c_1_10_914,Lymphoid-DC
c_1_10_915,Lymphoid-B
c_1_10_916,Lymphoid-DC
c_1_10_917,None
c_1_10_918,Lymphoid-DC
c_1_10_919,Lymphoid-DC
c_1_10_920,Lymphoid-B
c_1_10_921,Myeloid
c_1_10_922,Epithelial
c_1_10_923,Lymphoid-DC
c_1_10_924,Lymphoid-DC
c_1_10_925,Myeloid
c_1_10_926,Epithelial
c_1_10_927,Lymphoid-DC
c_1_10_928,Lymphoid-B
c_1_10_929,Lymphoid-B
c_1_10_930,Lymphoid-DC
c_1_10_931,Stem
c_1_10_932,Lymphoid-DC
c_1_10_933,Lymphoid-DC
c_1_10_934,Lymphoid-Other
c_1_10_935,Lymphoid-B
c_1_10_936,Lymphoid-T
c_1_10_937,Lymphoid-DC
c_1_10_938,Lymphoid-DC
c_1_10_939,Lymphoid-DC
c_1_10_940,Lymphoid-B
c_1_10_941,Lymphoid-Other
c_1_10_942,Lymphoid-B
c_1_10_943,Lymphoid-DC
c_1_10_944,Myeloid
c_1_10_945,Epithelial
c_1_10_946,Lymphoid-B
c_1_10_947,Lymphoid-DC
c_1_10_948,Lymphoid-T
c_1_10_949,Myeloid
c_1_10_950,Stem
c_1_10_951,Stem
c_1_10_952,Lymphoid-B
c_1_10_953,Lymphoid-B
c_1_10_954,Endothelial
c_1_10_955,Lymphoid-B
c_1_10_956,Lymphoid-DC
c_1_10_957,Lymphoid-B
c_1_10_958,Lymphoid-B
c_1_10_959,Lymphoid-B
c_1_10_960,Lymphoid-DC
c_1_10_961,Lymphoid-Other
c_1_10_962,Lymphoid-B
c_1_10_963,Lymphoid-B
c_1_10_964,Lymphoid-B
c_1_10_965,Myeloid
c_1_10_966,Lymphoid-DC
c_1_10_967,Lymphoid-B
c_1_10_968,Lymphoid-DC
c_1_10_969,Myeloid
c_1_10_970,Lymphoid-Other
c_1_10_971,Lymphoid-B
c_1_10_972,Lymphoid-DC
c_1_10_973,Lymphoid-T
c_1_10_974,Lymphoid-B
c_1_10_975,Lymphoid-DC
c_1_10_976,Lymphoid-DC
c_1_10_977,Lymphoid-B
c_1_10_978,Lymphoid-DC
c_1_10_979,Lymphoid-DC
c_1_10_980,Lymphoid-DC
c_1_10_981,None
c_1_10_982,Lymphoid-B
c_1_10_983,Lymphoid-DC
c_1_10_984,Lymphoid-DC
c_1_10_985,Lymphoid-B
c_1_10_986,Lymphoid-DC
c_1_10_987,Lymphoid-B
c_1_10_988,Lymphoid-T
c_1_10_989,Epithelial
c_1_10_990,Lymphoid-DC
c_1_10_991,Lymphoid-B
c_1_10_992,Lymphoid-B
c_1_10_993,Lymphoid-B
c_1_10_994,Stem
c_1_10_995,Lymphoid-DC
c_1_10_996,Lymphoid-B
c_1_10_997,Lymphoid-DC
c_1_10_998,Lymphoid-DC
c_1_10_999,Lymphoid-DC
c_1_10_1000,Lymphoid-DC
c_1_10_1001,Lymphoid-B
c_1_10_1002,Lymphoid-B
c_1_10_1003,Lymphoid-DC
c_1_10_1004,Lymphoid-B
c_1_10_1005,Myeloid
c_1_10_1006,Lymphoid-DC
c_1_10_1007,Lymphoid-T
c_1_10_1008,Lymphoid-B
c_1_10_1009,Myeloid
c_1_10_1010,Lymphoid-DC
c_1_10_1011,Lymphoid-DC
c_1_10_1012,Lymphoid-B
c_1_10_1013,Lymphoid-DC
c_1_10_1014,Stem
c_1_10_1015,Lymphoid-B
c_1_10_1016,Lymphoid-B
c_1_10_1017,Lymphoid-DC
c_1_10_1018,Lymphoid-DC
c_1_10_1019,Lymphoid-B
c_1_10_1020,Lymphoid-Other
c_1_10_1021,Epithelial
c_1_10_1022,Stem
c_1_10_1023,Stem
c_1_10_1024,Lymphoid-B
c_1_10_1025,Lymphoid-Plasma
c_1_10_1026,Lymphoid-DC
c_1_10_1027,Lymphoid-DC
c_1_10_1028,Endothelial
c_1_10_1029,Lymphoid-DC
c_1_10_1030,Myeloid
c_1_10_1031,Lymphoid-DC
c_1_10_1032,Lymphoid-B
c_1_10_1033,Lymphoid-DC
c_1_10_1034,Lymphoid-DC
c_1_10_1035,Lymphoid-DC
c_1_10_1036,Lymphoid-B
c_1_10_1037,Lymphoid-DC
c_1_10_1038,Lymphoid-B
c_1_10_1039,Lymphoid-DC
c_1_10_1040,Lymphoid-B
c_1_10_1041,Lymphoid-Other
c_1_10_1042,Endothelial
c_1_10_1043,Myeloid
c_1_10_1044,Lymphoid-B
c_1_10_1045,Lymphoid-B
c_1_10_1046,Lymphoid-DC
c_1_10_1047,Lymphoid-DC
c_1_10_1048,Lymphoid-DC
c_1_10_1049,Lymphoid-DC
c_1_10_1050,Lymphoid-DC
c_1_10_1051,Lymphoid-DC
c_1_10_1052,Lymphoid-DC
c_1_10_1053,Lymphoid-DC
c_1_10_1054,Lymphoid-DC
c_1_10_1055,Lymphoid-B
c_1_10_1056,Lymphoid-B
c_1_10_1057,Lymphoid-DC
c_1_10_1058,Lymphoid-DC
c_1_10_1059,Lymphoid-B
c_1_10_1060,Lymphoid-DC
c_1_10_1061,Lymphoid-DC
c_1_10_1062,Lymphoid-DC
c_1_10_1063,Epithelial
c_1_10_1064,Lymphoid-B
c_1_10_1065,Lymphoid-DC
c_1_10_1066,Lymphoid-DC
c_1_10_1067,Lymphoid-DC
c_1_10_1068,Lymphoid-B
c_1_10_1069,Lymphoid-DC
c_1_10_1070,Lymphoid-DC
c_1_10_1071,Lymphoid-DC
c_1_10_1072,Myeloid
c_1_10_1073,Lymphoid-DC
c_1_10_1074,Lymphoid-B
c_1_10_1075,Lymphoid-B
c_1_10_1076,Myeloid
c_1_10_1077,Lymphoid-DC
c_1_10_1078,Lymphoid-DC
c_1_10_1079,Lymphoid-DC
c_1_10_1080,Lymphoid-B
c_1_10_1081,Lymphoid-DC
c_1_10_1082,Lymphoid-Other
c_1_10_1083,Lymphoid-DC
c_1_10_1084,Lymphoid-B
c_1_10_1085,Lymphoid-B
c_1_10_1086,Lymphoid-DC
c_1_10_1087,Lymphoid-B
c_1_10_1088,Lymphoid-DC
c_1_10_1089,Lymphoid-DC
c_1_10_1090,Lymphoid-B
c_1_10_1091,Myeloid
c_1_10_1092,Lymphoid-DC
c_1_10_1093,Myeloid
c_1_10_1094,Lymphoid-DC
c_1_10_1095,Lymphoid-B
c_1_10_1096,Lymphoid-Other
c_1_10_1097,Lymphoid-DC
c_1_10_1098,Lymphoid-DC
c_1_10_1099,Lymphoid-DC
c_1_10_1100,Lymphoid-B
c_1_10_1101,Lymphoid-T
c_1_10_1102,Lymphoid-B
c_1_10_1103,Lymphoid-DC
c_1_10_1104,Lymphoid-Plasma
c_1_10_1105,Myeloid
c_1_10_1106,Lymphoid-DC
c_1_10_1107,Lymphoid-B
c_1_10_1108,Lymphoid-DC
c_1_10_1109,Lymphoid-DC
c_1_10_1110,Lymphoid-DC
c_1_10_1111,Lymphoid-DC
c_1_10_1112,Lymphoid-DC
c_1_10_1113,Lymphoid-DC
c_1_10_1114,Lymphoid-DC
c_1_10_1115,Lymphoid-B
c_1_10_1116,Myeloid
c_1_10_1117,Lymphoid-DC
c_1_10_1118,Lymphoid-B
c_1_10_1119,Lymphoid-B
c_1_10_1120,Lymphoid-B
c_1_10_1121,Lymphoid-DC
c_1_10_1122,None
c_1_10_1123,Myeloid
c_1_10_1124,Lymphoid-Other
c_1_10_1125,Lymphoid-DC
c_1_10_1126,Lymphoid-DC
c_1_10_1127,Lymphoid-DC
c_1_10_1128,Myeloid
c_1_10_1129,Lymphoid-DC
c_1_10_1130,Lymphoid-B
c_1_10_1131,Lymphoid-B
c_1_10_1132,Lymphoid-B
c_1_10_1133,Lymphoid-DC
c_1_10_1134,Lymphoid-B
c_1_10_1135,Lymphoid-DC
c_1_10_1136,Lymphoid-Other
c_1_10_1137,Epithelial
c_1_10_1138,Lymphoid-DC
c_1_10_1139,Myeloid
c_1_10_1140,Lymphoid-T
c_1_10_1141,Lymphoid-B
c_1_10_1142,Lymphoid-B
c_1_10_1143,Lymphoid-DC
c_1_10_1144,Lymphoid-DC
c_1_10_1145,Lymphoid-B
c_1_10_1146,Lymphoid-DC
c_1_10_1147,Lymphoid-B
c_1_10_1148,Lymphoid-DC
c_1_10_1149,Lymphoid-Other
c_1_10_1150,Lymphoid-DC
c_1_10_1151,Lymphoid-DC
c_1_10_1152,Lymphoid-T
c_1_10_1153,Lymphoid-Other
c_1_10_1154,Myeloid
c_1_10_1155,Lymphoid-DC
c_1_10_1156,Lymphoid-B
c_1_10_1157,Epithelial
c_1_10_1158,Lymphoid-DC
c_1_10_1159,Lymphoid-T
c_1_10_1160,Lymphoid-DC
c_1_10_1161,Lymphoid-DC
c_1_10_1162,Lymphoid-DC
c_1_10_1163,Lymphoid-B
c_1_10_1164,Myeloid
c_1_10_1165,Lymphoid-T
c_1_10_1166,Epithelial
c_1_10_1167,Lymphoid-Plasma
c_1_10_1168,Lymphoid-DC
c_1_10_1169,Myeloid
c_1_10_1170,Lymphoid-DC
c_1_10_1171,Lymphoid-B
c_1_10_1172,Lymphoid-DC
c_1_10_1173,Lymphoid-B
c_1_10_1174,Lymphoid-DC
c_1_10_1175,Lymphoid-T
c_1_10_1176,Lymphoid-DC
c_1_10_1177,Lymphoid-B
c_1_10_1178,Lymphoid-B
c_1_10_1179,Lymphoid-T
c_1_10_1180,Epithelial
c_1_10_1181,Stem
c_1_10_1182,None
c_1_10_1183,Epithelial
c_1_10_1184,Lymphoid-DC
c_1_10_1185,Lymphoid-Other
c_1_10_1186,Stem
c_1_10_1187,Epithelial
c_1_10_1188,Lymphoid-T
c_1_10_1189,Lymphoid-DC
c_1_10_1190,Lymphoid-DC
c_1_10_1191,Endothelial
c_1_10_1192,Myeloid
c_1_10_1193,Lymphoid-B
c_1_10_1194,Lymphoid-T
c_1_10_1195,Epithelial
c_1_10_1196,Lymphoid-DC
c_1_10_1197,Lymphoid-T
c_1_10_1198,Lymphoid-B
c_1_10_1199,Myeloid
c_1_10_1200,Lymphoid-DC
c_1_10_1201,Myeloid
c_1_10_1202,Lymphoid-DC
c_1_10_1203,Lymphoid-B
c_1_10_1204,Lymphoid-B
c_1_10_1205,Lymphoid-B
c_1_10_1206,Endothelial
c_1_10_1207,Lymphoid-DC
c_1_10_1208,Epithelial
c_1_10_1209,Lymphoid-DC
c_1_10_1210,Lymphoid-DC
c_1_10_1211,None
c_1_10_1212,Epithelial
c_1_10_1213,Lymphoid-T
c_1_10_1214,Lymphoid-Other
c_1_10_1215,Lymphoid-B
c_1_10_1216,Lymphoid-DC
c_1_10_1217,Lymphoid-T
c_1_10_1218,Lymphoid-B
c_1_10_1219,Lymphoid-T
c_1_10_1220,Epithelial
c_1_10_1221,Lymphoid-B
c_1_10_1222,Lymphoid-T
c_1_10_1223,None
c_1_10_1224,Lymphoid-Other
c_1_10_1225,Lymphoid-B
c_1_10_1226,Myeloid
c_1_10_1227,Lymphoid-T
c_1_10_1228,Myeloid
c_1_10_1229,Lymphoid-DC
c_1_10_1230,Lymphoid-DC
c_1_10_1231,Lymphoid-B
c_1_10_1232,Lymphoid-DC
c_1_10_1233,Myeloid
c_1_10_1234,Lymphoid-DC
c_1_10_1235,Endothelial
c_1_10_1236,Lymphoid-Other
c_1_10_1237,Endothelial
c_1_10_1238,Myeloid
c_1_10_1239,Myeloid
c_1_10_1240,Lymphoid-DC
c_1_10_1241,Lymphoid-T
c_1_10_1242,Lymphoid-Plasma
c_1_10_1243,Lymphoid-DC
c_1_10_1244,Lymphoid-DC
c_1_10_1245,Lymphoid-DC
c_1_10_1246,Epithelial
c_1_10_1247,Epithelial
c_1_10_1248,Lymphoid-DC
c_1_10_1249,Lymphoid-DC
c_1_10_1250,Lymphoid-T
c_1_10_1251,Lymphoid-T
c_1_10_1252,Lymphoid-Other
c_1_10_1253,Lymphoid-B
c_1_10_1254,Lymphoid-B
c_1_10_1255,Lymphoid-DC
c_1_10_1256,Lymphoid-DC
c_1_10_1257,Lymphoid-DC
c_1_10_1258,Lymphoid-B
c_1_10_1259,Epithelial
c_1_10_1260,Stem
c_1_10_1261,Myeloid
c_1_10_1262,Lymphoid-B
c_1_10_1263,Lymphoid-T
c_1_10_1264,Lymphoid-T
c_1_10_1265,Lymphoid-T
c_1_10_1266,Lymphoid-DC
c_1_10_1267,None
c_1_10_1268,Lymphoid-B
c_1_10_1269,Lymphoid-DC
c_1_10_1270,Lymphoid-DC
c_1_10_1271,Lymphoid-DC
c_1_10_1272,Endothelial
c_1_10_1273,Mesenchymal-Stromal
c_1_10_1274,Myeloid
c_1_10_1275,Lymphoid-DC
c_1_10_1276,Endothelial
c_1_10_1277,Lymphoid-DC
c_1_10_1278,Lymphoid-Other
c_1_10_1279,Lymphoid-B
c_1_10_1280,Lymphoid-DC
c_1_10_1281,Lymphoid-B
c_1_10_1282,Lymphoid-DC
c_1_10_1283,Myeloid
c_1_10_1284,Lymphoid-B
c_1_10_1285,Lymphoid-B
c_1_10_1286,Lymphoid-DC
c_1_10_1287,Lymphoid-B
c_1_10_1288,Endothelial
c_1_10_1289,Lymphoid-DC
c_1_10_1290,Lymphoid-DC
c_1_10_1291,None
c_1_10_1292,Lymphoid-DC
c_1_10_1293,Endothelial
c_1_10_1294,Lymphoid-DC
c_1_10_1295,Stem
c_1_10_1296,Lymphoid-DC
c_1_10_1297,Lymphoid-DC
c_1_10_1298,Lymphoid-T
c_1_10_1299,Lymphoid-DC
c_1_10_1300,Lymphoid-B
c_1_10_1301,Lymphoid-DC
c_1_10_1302,Epithelial
c_1_10_1303,Lymphoid-DC
c_1_10_1304,Lymphoid-DC
c_1_10_1305,Epithelial
c_1_10_1306,Lymphoid-B
c_1_10_1307,Lymphoid-DC
c_1_10_1308,Myeloid
c_1_10_1309,Lymphoid-T
c_1_10_1310,Lymphoid-T
c_1_10_1311,Lymphoid-DC
c_1_10_1312,Lymphoid-DC
c_1_10_1313,Lymphoid-DC
c_1_10_1314,Mesenchymal-Stromal
c_1_10_1315,Lymphoid-B
c_1_10_1316,Lymphoid-B
c_1_10_1317,Lymphoid-DC
c_1_10_1318,Stem
c_1_10_1319,Stem
c_1_10_1320,Lymphoid-DC
c_1_10_1321,Lymphoid-DC
c_1_10_1322,Epithelial
c_1_10_1323,Lymphoid-DC
c_1_10_1324,Lymphoid-T
c_1_10_1325,Lymphoid-B
c_1_10_1326,Lymphoid-B
c_1_10_1327,Lymphoid-DC
c_1_10_1328,Lymphoid-DC
c_1_10_1329,Myeloid
c_1_10_1330,Lymphoid-Other
c_1_10_1331,Lymphoid-DC
c_1_10_1332,Lymphoid-B
c_1_10_1333,Lymphoid-Other
c_1_10_1334,Epithelial
c_1_10_1335,Lymphoid-DC
c_1_10_1336,Lymphoid-DC
c_1_10_1337,Lymphoid-DC
c_1_10_1338,Lymphoid-T
c_1_10_1339,Lymphoid-DC
c_1_10_1340,Lymphoid-B
c_1_10_1341,Lymphoid-DC
c_1_10_1342,Lymphoid-DC
c_1_10_1343,Lymphoid-B
c_1_10_1344,Lymphoid-B
c_1_10_1345,Endothelial
c_1_10_1346,Stem
c_1_10_1347,Lymphoid-B
c_1_10_1348,Lymphoid-DC
c_1_10_1349,Lymphoid-B
c_1_10_1350,Stem
c_1_10_1351,Lymphoid-B
c_1_10_1352,Stem
c_1_10_1353,Lymphoid-DC
c_1_10_1354,Lymphoid-T
c_1_10_1355,Myeloid
c_1_10_1356,Lymphoid-DC
c_1_10_1357,Lymphoid-DC
c_1_10_1358,Lymphoid-DC
c_1_10_1359,Lymphoid-DC
c_1_10_1360,Lymphoid-B
c_1_10_1361,None
c_1_10_1362,Lymphoid-B
c_1_10_1363,Lymphoid-B
c_1_10_1364,Lymphoid-DC
c_1_10_1365,Lymphoid-B
c_1_10_1366,Lymphoid-DC
c_1_10_1367,Lymphoid-DC
c_1_10_1368,Lymphoid-DC
c_1_10_1369,Epithelial
c_1_10_1370,Lymphoid-DC
c_1_10_1371,Lymphoid-DC
c_1_10_1372,Lymphoid-DC
c_1_10_1373,Lymphoid-T
c_1_10_1374,Lymphoid-DC
c_1_10_1375,Lymphoid-B
c_1_10_1376,Lymphoid-DC
c_1_10_1377,Lymphoid-B
c_1_10_1378,Stem
c_1_10_1379,Lymphoid-DC
c_1_10_1380,Lymphoid-DC
c_1_10_1381,Lymphoid-T
c_1_10_1382,Lymphoid-DC
c_1_10_1383,Lymphoid-T
c_1_10_1384,Lymphoid-DC
c_1_10_1385,Lymphoid-T
c_1_10_1386,Myeloid
c_1_10_1387,Lymphoid-B
c_1_10_1388,Myeloid
c_1_10_1389,Lymphoid-B
c_1_10_1390,Lymphoid-T
c_1_10_1391,Lymphoid-DC
c_1_10_1392,Lymphoid-DC
c_1_10_1393,Lymphoid-DC
c_1_10_1394,Lymphoid-DC
c_1_10_1395,Stem
c_1_10_1396,Lymphoid-DC
c_1_10_1397,Epithelial
c_1_10_1398,Epithelial
c_1_10_1399,Lymphoid-DC
c_1_10_1400,Lymphoid-T
c_1_10_1401,Epithelial
c_1_10_1402,Lymphoid-DC
c_1_10_1403,Myeloid
c_1_10_1404,Lymphoid-DC
c_1_10_1405,Endothelial
c_1_10_1406,Lymphoid-DC
c_1_10_1407,Lymphoid-DC
c_1_10_1408,Lymphoid-DC
c_1_10_1409,Lymphoid-DC
c_1_10_1410,Lymphoid-DC
c_1_10_1411,Lymphoid-DC
c_1_10_1412,Lymphoid-DC
c_1_10_1413,Lymphoid-DC
c_1_10_1414,Lymphoid-DC
c_1_10_1415,Lymphoid-DC
c_1_10_1416,Mesenchymal-Stromal
c_1_10_1417,Lymphoid-T
c_1_10_1418,Lymphoid-Other
c_1_10_1419,Lymphoid-DC
c_1_10_1420,Lymphoid-DC
c_1_10_1421,Lymphoid-DC
c_1_10_1422,Lymphoid-DC
c_1_10_1423,Lymphoid-DC
c_1_10_1424,Lymphoid-DC
c_1_10_1425,Lymphoid-DC
c_1_10_1426,Lymphoid-DC
c_1_10_1427,Lymphoid-B
c_1_10_1428,Lymphoid-DC
c_1_10_1429,Epithelial
c_1_10_1430,Epithelial
c_1_10_1431,Lymphoid-T
c_1_10_1432,Lymphoid-T
c_1_10_1433,Endothelial
c_1_10_1434,Lymphoid-B
c_1_10_1435,Lymphoid-DC
c_1_10_1436,Epithelial
c_1_10_1437,Lymphoid-T
c_1_10_1438,Lymphoid-Other
c_1_10_1439,Lymphoid-DC
c_1_10_1440,None
c_1_10_1441,Lymphoid-DC
c_1_10_1442,Epithelial
c_1_10_1443,Lymphoid-Other
c_1_10_1444,Lymphoid-B
c_1_10_1445,Lymphoid-DC
c_1_10_1446,Myeloid
c_1_10_1447,Stem
c_1_10_1448,Epithelial
c_1_10_1449,Lymphoid-DC
c_1_10_1450,Mesenchymal-Stromal
c_1_10_1451,Lymphoid-DC
c_1_10_1452,Lymphoid-DC
c_1_10_1453,Epithelial
c_1_10_1454,Lymphoid-B
c_1_10_1455,Lymphoid-DC
c_1_10_1456,Lymphoid-DC
c_1_10_1457,Lymphoid-DC
c_1_10_1458,Lymphoid-T
c_1_10_1459,Lymphoid-DC
c_1_10_1460,Lymphoid-DC
c_1_10_1461,Lymphoid-T
c_1_10_1462,Lymphoid-Other
c_1_10_1463,Epithelial
c_1_10_1464,Epithelial
c_1_10_1465,Epithelial
c_1_10_1466,Lymphoid-DC
c_1_10_1467,Lymphoid-T
c_1_10_1468,Lymphoid-DC
c_1_10_1469,Endothelial
c_1_10_1470,Lymphoid-DC
c_1_10_1471,Lymphoid-B
c_1_10_1472,Lymphoid-T
c_1_10_1473,Lymphoid-DC
c_1_10_1474,Myeloid
c_1_10_1475,Lymphoid-T
c_1_10_1476,Stem
c_1_10_1477,Lymphoid-DC
c_1_10_1478,Lymphoid-T
c_1_10_1479,None
c_1_10_1480,Lymphoid-T
c_1_10_1481,Endothelial
c_1_10_1482,Lymphoid-T
c_1_10_1483,Lymphoid-DC
c_1_10_1484,Epithelial
c_1_10_1485,Lymphoid-DC
c_1_10_1486,Epithelial
c_1_10_1487,Lymphoid-DC
c_1_10_1488,Epithelial
c_1_10_1489,Epithelial
c_1_10_1490,Lymphoid-DC
c_1_10_1491,Lymphoid-T
c_1_10_1492,Lymphoid-DC
c_1_10_1493,Epithelial
c_1_10_1494,Lymphoid-T
c_1_10_1495,Lymphoid-T
c_1_10_1496,Epithelial
c_1_10_1497,Neuronal-Glial
c_1_10_1498,Endothelial
c_1_10_1499,Stem
c_1_10_1500,Lymphoid-T
c_1_10_1501,Lymphoid-T
c_1_10_1502,Lymphoid-B
c_1_10_1503,Myeloid
c_1_10_1504,Lymphoid-DC
c_1_10_1505,Endothelial
c_1_10_1506,Lymphoid-DC
c_1_10_1507,Lymphoid-DC
c_1_10_1508,Lymphoid-DC
c_1_10_1509,Lymphoid-DC
c_1_10_1510,None
c_1_10_1511,Lymphoid-DC
c_1_10_1512,Endothelial
c_1_10_1513,Lymphoid-T
c_1_10_1514,Lymphoid-Other
c_1_10_1515,Stem
c_1_10_1516,Endothelial
c_1_10_1517,Myeloid
c_1_10_1518,Lymphoid-DC
c_1_10_1519,Stem
c_1_10_1520,Lymphoid-DC
c_1_10_1521,Lymphoid-DC
c_1_10_1522,Endothelial
c_1_10_1523,Lymphoid-DC
c_1_10_1524,Lymphoid-DC
c_1_10_1525,Lymphoid-T
c_1_10_1526,Lymphoid-T
c_1_10_1527,Lymphoid-T
c_1_10_1528,Myeloid
c_1_10_1529,Myeloid
c_1_10_1530,Lymphoid-DC
c_1_10_1531,Lymphoid-B
c_1_10_1532,Endothelial
c_1_10_1533,Endothelial
c_1_10_1534,Myeloid
c_1_10_1535,Epithelial
c_1_10_1536,Lymphoid-DC
c_1_10_1537,Lymphoid-Other
c_1_10_1538,Lymphoid-Plasma
c_1_10_1539,Lymphoid-DC
c_1_10_1540,Lymphoid-T
c_1_10_1541,Lymphoid-T
c_1_10_1542,Lymphoid-DC
c_1_10_1543,Lymphoid-DC
c_1_10_1544,Endothelial
c_1_10_1545,Lymphoid-DC
c_1_10_1546,Lymphoid-T
c_1_10_1547,Lymphoid-T
c_1_10_1548,Endothelial
c_1_10_1549,Myeloid
c_1_10_1550,Lymphoid-DC
c_1_10_1551,Lymphoid-B
c_1_10_1552,Mesenchymal-Stromal
c_1_10_1553,Lymphoid-B
c_1_10_1554,Lymphoid-DC
c_1_10_1555,Lymphoid-Other
c_1_10_1556,Endothelial
c_1_10_1557,Myeloid
c_1_10_1558,Epithelial
c_1_10_1559,Lymphoid-B
c_1_10_1560,Lymphoid-DC
c_1_10_1561,Lymphoid-DC
c_1_10_1562,Lymphoid-DC
c_1_10_1563,Lymphoid-Other
c_1_10_1564,Lymphoid-T
c_1_10_1565,Lymphoid-DC
c_1_10_1566,Lymphoid-T
c_1_10_1567,Lymphoid-DC
c_1_10_1568,Lymphoid-DC
c_1_10_1569,Lymphoid-Other
c_1_10_1570,Epithelial
c_1_10_1571,Lymphoid-DC
c_1_10_1572,Lymphoid-Other
c_1_10_1573,Lymphoid-DC
c_1_10_1574,Endothelial
c_1_10_1575,Lymphoid-T
c_1_10_1576,Myeloid
c_1_10_1577,Lymphoid-B
c_1_10_1578,Lymphoid-DC
c_1_10_1579,Lymphoid-T
c_1_10_1580,Endothelial
c_1_10_1581,Lymphoid-DC
c_1_10_1582,Lymphoid-T
c_1_10_1583,Lymphoid-B
c_1_10_1584,Lymphoid-DC
c_1_10_1585,Lymphoid-DC
c_1_10_1586,Lymphoid-B
c_1_10_1587,Lymphoid-DC
c_1_10_1588,Epithelial
c_1_10_1589,Stem
c_1_10_1590,Lymphoid-DC
c_1_10_1591,Lymphoid-DC
c_1_10_1592,Lymphoid-DC
c_1_10_1593,Lymphoid-B
c_1_10_1594,Lymphoid-DC
c_1_10_1595,Lymphoid-DC
c_1_10_1596,Epithelial
c_1_10_1597,Lymphoid-T
c_1_10_1598,Lymphoid-DC
c_1_10_1599,Lymphoid-DC
c_1_10_1600,Lymphoid-DC
c_1_10_1601,Epithelial
c_1_10_1602,Lymphoid-Other
c_1_10_1603,Lymphoid-DC
c_1_10_1604,Endothelial
c_1_10_1605,Lymphoid-DC
c_1_10_1606,Lymphoid-DC
c_1_10_1607,Epithelial
c_1_10_1608,Lymphoid-DC
c_1_10_1609,Myeloid
c_1_10_1610,Lymphoid-DC
c_1_10_1611,Lymphoid-DC
c_1_10_1612,Lymphoid-T
c_1_10_1613,Lymphoid-DC
c_1_10_1614,Lymphoid-DC
c_1_10_1615,Lymphoid-DC
c_1_10_1616,Lymphoid-Other
c_1_10_1617,Lymphoid-B
c_1_10_1618,Epithelial
c_1_10_1619,Lymphoid-DC
c_1_10_1620,Lymphoid-DC
c_1_10_1621,Lymphoid-Plasma
c_1_10_1622,Lymphoid-DC
c_1_10_1623,Stem
c_1_10_1624,Lymphoid-B
c_1_10_1625,Endothelial
c_1_10_1626,Lymphoid-DC
c_1_10_1627,Lymphoid-DC
c_1_10_1628,Lymphoid-DC
c_1_10_1629,Myeloid
c_1_10_1630,Lymphoid-DC
c_1_10_1631,Epithelial
c_1_10_1632,Lymphoid-T
c_1_10_1633,Lymphoid-DC
c_1_10_1634,Lymphoid-DC
c_1_10_1635,Lymphoid-DC
c_1_10_1636,Myeloid
c_1_10_1637,Epithelial
c_1_10_1638,Myeloid
c_1_10_1639,Lymphoid-T
c_1_10_1640,Lymphoid-DC
c_1_10_1641,Lymphoid-T
c_1_10_1642,Lymphoid-DC
c_1_10_1643,Lymphoid-T
c_1_10_1644,Lymphoid-DC
c_1_10_1645,Endothelial
c_1_10_1646,Myeloid
c_1_10_1647,Lymphoid-B
c_1_10_1648,Lymphoid-B
c_1_10_1649,Lymphoid-DC
c_1_10_1650,Lymphoid-B
c_1_10_1651,Lymphoid-DC
c_1_10_1652,Lymphoid-DC
c_1_10_1653,Lymphoid-DC
c_1_10_1654,Epithelial
c_1_10_1655,Myeloid
c_1_10_1656,Lymphoid-DC
c_1_10_1657,Neuronal-Glial
c_1_10_1658,Lymphoid-T
c_1_10_1659,Lymphoid-DC
c_1_10_1660,Lymphoid-DC
c_1_10_1661,Lymphoid-DC
c_1_10_1662,Lymphoid-DC
c_1_10_1663,None
c_1_10_1664,Lymphoid-DC
c_1_10_1665,Stem
c_1_10_1666,Lymphoid-DC
c_1_10_1667,Lymphoid-T
c_1_10_1668,Lymphoid-DC
c_1_10_1669,Endothelial
c_1_10_1670,None
c_1_10_1671,Lymphoid-DC
c_1_10_1672,Epithelial
c_1_10_1673,Lymphoid-T
c_1_10_1674,Myeloid
c_1_10_1675,Lymphoid-T
c_1_10_1676,Lymphoid-DC
c_1_10_1677,Lymphoid-DC
c_1_10_1678,Lymphoid-DC
c_1_10_1679,Lymphoid-T
c_1_10_1680,Lymphoid-DC
c_1_10_1681,Epithelial
c_1_10_1682,Lymphoid-T
c_1_10_1683,Epithelial
c_1_10_1684,Lymphoid-Other
c_1_10_1685,Lymphoid-DC
c_1_10_1686,Lymphoid-Other
c_1_10_1687,Endothelial
c_1_10_1688,Myeloid
c_1_10_1689,Lymphoid-DC
c_1_10_1690,Lymphoid-DC
c_1_10_1691,Myeloid
c_1_10_1692,Lymphoid-T
c_1_10_1693,Myeloid
c_1_10_1694,Endothelial
c_1_10_1695,Lymphoid-Other
c_1_10_1696,Lymphoid-DC
c_1_10_1697,Lymphoid-T
c_1_10_1698,Lymphoid-DC
c_1_10_1699,Stem
c_1_10_1700,Epithelial
c_1_10_1701,Myeloid
c_1_10_1702,Myeloid
c_1_10_1703,Epithelial
c_1_10_1704,Lymphoid-T
c_1_10_1705,Lymphoid-T
c_1_10_1706,None
c_1_10_1707,Epithelial
c_1_10_1708,Lymphoid-T
c_1_10_1709,Myeloid
c_1_10_1710,Endothelial
c_1_10_1711,Epithelial
c_1_10_1712,Lymphoid-DC
c_1_10_1713,Lymphoid-DC
c_1_10_1714,Lymphoid-T
c_1_10_1715,Lymphoid-T
c_1_10_1716,Lymphoid-T
c_1_10_1717,Lymphoid-DC
c_1_10_1718,Lymphoid-T
c_1_10_1719,Lymphoid-Other
c_1_10_1720,Epithelial
c_1_10_1721,Lymphoid-DC
c_1_10_1722,Epithelial
c_1_10_1723,Lymphoid-DC
c_1_10_1724,Epithelial
c_1_10_1725,Endothelial
c_1_10_1726,None
c_1_10_1727,Lymphoid-T
c_1_10_1728,Lymphoid-DC
c_1_10_1729,Myeloid
c_1_10_1730,Epithelial
c_1_10_1731,Lymphoid-T
c_1_10_1732,Neuronal-Glial
c_1_10_1733,Endothelial
c_1_10_1734,Lymphoid-DC
c_1_10_1735,Myeloid
c_1_10_1736,Lymphoid-DC
c_1_10_1737,Lymphoid-DC
c_1_10_1738,Lymphoid-DC
c_1_10_1739,Epithelial
c_1_10_1740,None
c_1_10_1741,Lymphoid-T
c_1_10_1742,Mesenchymal-Stromal
c_1_10_1743,Epithelial
c_1_10_1744,Lymphoid-Other
c_1_10_1745,Lymphoid-T
c_1_10_1746,Lymphoid-DC
c_1_10_1747,Myeloid
c_1_10_1748,Endothelial
c_1_10_1749,Endothelial
c_1_10_1750,Lymphoid-T
c_1_10_1751,Lymphoid-DC
c_1_10_1752,Myeloid
c_1_10_1753,Lymphoid-Plasma
c_1_10_1754,Lymphoid-DC
c_1_10_1755,Epithelial
c_1_10_1756,None
c_1_10_1757,Lymphoid-DC
c_1_10_1758,Lymphoid-B
c_1_10_1759,Lymphoid-DC
c_1_10_1760,Myeloid
c_1_10_1761,Lymphoid-DC
c_1_10_1762,Lymphoid-DC
c_1_10_1763,None
c_1_10_1764,Lymphoid-B
c_1_10_1765,Lymphoid-DC
c_1_10_1766,Lymphoid-DC
c_1_10_1767,Endothelial
c_1_10_1768,Lymphoid-DC
c_1_10_1769,Lymphoid-DC
c_1_10_1770,Lymphoid-DC
c_1_10_1771,Lymphoid-DC
c_1_10_1772,None
c_1_10_1773,Lymphoid-DC
c_1_10_1774,None
c_1_10_1775,None
c_1_10_1776,Myeloid
c_1_10_1777,Neuronal-Glial
c_1_10_1778,Neuronal-Glial
c_1_10_1779,Lymphoid-DC
c_1_10_1780,None
c_1_10_1781,None
c_1_10_1782,None
c_1_10_1783,None
c_1_10_1784,Lymphoid-DC
c_1_10_1785,Lymphoid-B
c_1_10_1786,Lymphoid-T
c_1_10_1787,Lymphoid-DC
c_1_10_1788,Lymphoid-Other
c_1_10_1789,Lymphoid-DC
c_1_10_1790,None
c_1_10_1791,None
c_1_10_1792,Lymphoid-DC
c_1_10_1793,Lymphoid-DC
c_1_10_1794,Lymphoid-DC
c_1_10_1795,Myeloid
c_1_10_1796,Lymphoid-B
c_1_10_1797,None
c_1_10_1798,Endothelial
c_1_10_1799,None
c_1_10_1800,Lymphoid-DC
c_1_10_1801,Lymphoid-DC
c_1_10_1802,Lymphoid-DC
c_1_10_1803,Myeloid
c_1_10_1804,Lymphoid-Plasma
c_1_10_1805,Lymphoid-DC
c_1_10_1806,Lymphoid-DC
c_1_10_1807,None
c_1_10_1808,Lymphoid-DC
c_1_10_1809,Lymphoid-DC
c_1_10_1810,Lymphoid-DC
c_1_10_1811,Endothelial
c_1_10_1812,Lymphoid-DC
c_1_10_1813,None
c_1_10_1814,Lymphoid-DC
c_1_10_1815,Lymphoid-DC
c_1_10_1816,Endothelial
c_1_10_1817,Endothelial
c_1_10_1818,Lymphoid-DC
c_1_10_1819,Lymphoid-DC
c_1_10_1820,None
c_1_10_1821,Endothelial
c_1_10_1822,None
c_1_10_1823,None
c_1_10_1824,Lymphoid-DC
c_1_10_1825,Lymphoid-DC
c_1_10_1826,Lymphoid-DC
c_1_10_1827,None
c_1_10_1828,Lymphoid-DC
c_1_10_1829,Lymphoid-DC
c_1_10_1830,Endothelial
c_1_10_1831,Endothelial
c_1_10_1832,Myeloid
c_1_10_1833,Lymphoid-DC
c_1_10_1834,Endothelial
c_1_10_1835,Lymphoid-DC
c_1_10_1836,Lymphoid-B
c_1_10_1837,Lymphoid-DC
c_1_10_1838,None
c_1_10_1839,Lymphoid-DC
c_1_10_1840,Endothelial
c_1_10_1841,Lymphoid-Other
c_1_10_1842,Lymphoid-DC
c_1_10_1843,Endothelial
c_1_10_1844,Lymphoid-DC
c_1_10_1845,Lymphoid-T
c_1_10_1846,Lymphoid-DC
c_1_10_1847,Lymphoid-T
c_1_10_1848,None
c_1_10_1849,Lymphoid-T
c_1_10_1850,Lymphoid-Other
c_1_10_1851,Epithelial
c_1_10_1852,Lymphoid-DC
c_1_10_1853,Lymphoid-DC
c_1_10_1854,Epithelial
c_1_10_1855,None
c_1_10_1856,Lymphoid-DC
c_1_10_1857,Lymphoid-T
c_1_10_1858,Lymphoid-DC
c_1_10_1859,Lymphoid-DC
c_1_10_1860,Lymphoid-B
c_1_10_1861,Lymphoid-DC
c_1_10_1862,Myeloid
c_1_10_1863,Lymphoid-DC
c_1_10_1864,Endothelial
c_1_10_1865,Lymphoid-DC
c_1_10_1866,Lymphoid-B
c_1_10_1867,Lymphoid-DC
c_1_10_1868,Lymphoid-B
c_1_10_1869,Lymphoid-DC
c_1_10_1870,Epithelial
c_1_10_1871,Epithelial
c_1_10_1872,Lymphoid-T
c_1_10_1873,None
c_1_10_1874,Myeloid
c_1_10_1875,Lymphoid-DC
c_1_10_1876,Lymphoid-DC
c_1_10_1877,Lymphoid-DC
c_1_10_1878,Lymphoid-T
c_1_10_1879,Epithelial
c_1_10_1880,Lymphoid-DC
c_1_10_1881,Lymphoid-T
c_1_10_1882,Lymphoid-DC
c_1_10_1883,None
c_1_10_1884,Lymphoid-B
c_1_10_1885,Lymphoid-DC
c_1_10_1886,Lymphoid-T
c_1_10_1887,None
c_1_10_1888,Lymphoid-Other
c_1_10_1889,Myeloid
c_1_10_1890,Lymphoid-DC
c_1_10_1891,Lymphoid-DC
c_1_10_1892,Lymphoid-DC
c_1_10_1893,Myeloid
c_1_10_1894,Lymphoid-T
c_1_10_1895,Lymphoid-DC
c_1_10_1896,Lymphoid-B
c_1_10_1897,None
c_1_10_1898,Lymphoid-DC
c_1_10_1899,Lymphoid-T
c_1_10_1900,Lymphoid-DC
c_1_10_1901,Lymphoid-DC
c_1_10_1902,Lymphoid-DC
c_1_10_1903,Lymphoid-B
c_1_10_1904,Lymphoid-Other
c_1_10_1905,Endothelial
c_1_10_1906,Lymphoid-DC
c_1_10_1907,Lymphoid-DC
c_1_10_1908,None
c_1_10_1909,Lymphoid-DC
c_1_10_1910,Lymphoid-DC
c_1_10_1911,Lymphoid-DC
c_1_10_1912,Lymphoid-DC
c_1_10_1913,None
c_1_10_1914,Lymphoid-B
c_1_10_1915,None
c_1_10_1916,Lymphoid-DC
c_1_10_1917,Lymphoid-Other
c_1_10_1918,None
c_1_10_1919,None
c_1_10_1920,Lymphoid-DC
c_1_10_1921,Lymphoid-DC
c_1_10_1922,None
c_1_10_1923,Lymphoid-DC
c_1_10_1924,Myeloid
c_1_10_1925,Lymphoid-DC
c_1_10_1926,None
c_1_10_1927,Lymphoid-T
c_1_10_1928,Lymphoid-B
c_1_10_1929,Lymphoid-DC
c_1_10_1930,Lymphoid-DC
c_1_10_1931,Myeloid
c_1_10_1932,Endothelial
c_1_10_1933,None
c_1_10_1934,None
c_1_10_1935,Lymphoid-DC
c_1_10_1936,Lymphoid-DC
c_1_10_1937,Lymphoid-DC
c_1_10_1938,Lymphoid-B
c_1_10_1939,None
c_1_10_1940,Myeloid
c_1_10_1941,Lymphoid-DC
c_1_10_1942,Lymphoid-DC
c_1_10_1943,Lymphoid-DC
c_1_10_1944,None
c_1_10_1945,Lymphoid-B
c_1_10_1946,None
c_1_10_1947,Lymphoid-B
c_1_10_1948,Lymphoid-DC
c_1_10_1949,Lymphoid-DC
c_1_10_1950,Lymphoid-Other
c_1_10_1951,Lymphoid-DC
c_1_10_1952,Lymphoid-DC
c_1_10_1953,Lymphoid-DC
c_1_10_1954,Myeloid
c_1_10_1955,Lymphoid-DC
c_1_10_1956,Endothelial
c_1_10_1957,Lymphoid-T
c_1_10_1958,Myeloid
c_1_10_1959,Lymphoid-DC
c_1_10_1960,Lymphoid-DC
c_1_10_1961,Myeloid
c_1_10_1962,Lymphoid-Other
c_1_10_1963,Lymphoid-DC
c_1_10_1964,Lymphoid-Other
c_1_10_1965,Lymphoid-DC
c_1_10_1966,Lymphoid-DC
c_1_10_1967,Lymphoid-DC
c_1_10_1968,Lymphoid-Plasma
c_1_10_1969,Lymphoid-DC
c_1_10_1970,Lymphoid-DC
c_1_10_1971,None
c_1_10_1972,Lymphoid-DC
c_1_10_1973,Lymphoid-DC
c_1_10_1974,Lymphoid-DC
c_1_10_1975,Lymphoid-B
c_1_10_1976,None
c_1_10_1977,Lymphoid-DC
c_1_10_1978,Lymphoid-DC
c_1_10_1979,Lymphoid-B
c_1_10_1980,Endothelial
c_1_10_1981,Myeloid
c_1_10_1982,Epithelial
c_1_10_1983,Lymphoid-DC
c_1_10_1984,Lymphoid-DC
c_1_10_1985,Lymphoid-DC
c_1_10_1986,Lymphoid-DC
c_1_10_1987,Lymphoid-DC
c_1_10_1988,Lymphoid-B
c_1_10_1989,Lymphoid-DC
c_1_10_1990,Lymphoid-DC
c_1_10_1991,Lymphoid-B
c_1_10_1992,Lymphoid-DC
c_1_10_1993,Lymphoid-DC
c_1_10_1994,Lymphoid-DC
c_1_10_1995,Lymphoid-DC
c_1_10_1996,Lymphoid-DC
c_1_10_1997,Lymphoid-T
c_1_10_1998,Lymphoid-DC
c_1_10_1999,Myeloid
c_1_10_2000,Lymphoid-DC
c_1_10_2001,Lymphoid-DC
c_1_10_2002,Lymphoid-Other
c_1_10_2003,Myeloid
c_1_10_2004,Lymphoid-DC
c_1_10_2005,Lymphoid-DC
c_1_10_2006,None
c_1_10_2007,Lymphoid-B
c_1_10_2008,Lymphoid-DC
c_1_10_2009,Lymphoid-T
c_1_10_2010,Myeloid
c_1_10_2011,Lymphoid-DC
c_1_10_2012,Epithelial
c_1_10_2013,Lymphoid-DC
c_1_10_2014,Lymphoid-DC
c_1_10_2015,Lymphoid-DC
c_1_10_2016,Lymphoid-DC
c_1_10_2017,Lymphoid-DC
c_1_10_2018,Lymphoid-T
c_1_10_2019,Lymphoid-B
c_1_10_2020,Lymphoid-DC
c_1_10_2021,Lymphoid-DC
c_1_10_2022,Lymphoid-DC
c_1_10_2023,Lymphoid-DC
c_1_10_2024,Endothelial
c_1_10_2025,Myeloid
c_1_10_2026,Lymphoid-DC
c_1_10_2027,Lymphoid-DC
c_1_10_2028,Epithelial
c_1_10_2029,Lymphoid-DC
c_1_10_2030,Lymphoid-DC
c_1_10_2031,Lymphoid-T
c_1_10_2032,Myeloid
c_1_10_2033,Lymphoid-DC
c_1_10_2034,Lymphoid-DC
c_1_10_2035,Lymphoid-DC
c_1_10_2036,Myeloid
c_1_10_2037,Lymphoid-DC
c_1_10_2038,Lymphoid-DC
c_1_10_2039,Lymphoid-DC
c_1_10_2040,Lymphoid-DC
c_1_10_2041,Lymphoid-DC
c_1_10_2042,Stem
c_1_10_2043,Lymphoid-T
c_1_10_2044,None
c_1_10_2045,Lymphoid-DC
c_1_10_2046,Endothelial
c_1_10_2047,Lymphoid-DC
c_1_10_2048,Lymphoid-DC
c_1_10_2049,Lymphoid-DC
c_1_10_2050,Endothelial
c_1_10_2051,Endothelial
c_1_10_2052,Lymphoid-DC
c_1_10_2053,Epithelial
c_1_10_2054,Lymphoid-Other
c_1_10_2055,Lymphoid-DC
c_1_10_2056,Lymphoid-DC
c_1_10_2057,Epithelial
c_1_10_2058,Lymphoid-DC
c_1_10_2059,Lymphoid-T
c_1_10_2060,Myeloid
c_1_10_2061,Stem
c_1_10_2062,Lymphoid-DC
c_1_10_2063,Lymphoid-DC
c_1_10_2064,None
c_1_10_2065,None
c_1_10_2066,Lymphoid-T
c_1_10_2067,Lymphoid-DC
c_1_10_2068,Lymphoid-DC
c_1_10_2069,Lymphoid-DC
c_1_10_2070,Lymphoid-DC
c_1_10_2071,Lymphoid-DC
c_1_10_2072,Lymphoid-DC
c_1_10_2073,Lymphoid-T
c_1_10_2074,Endothelial
c_1_10_2075,Lymphoid-DC
c_1_10_2076,Lymphoid-DC
c_1_10_2077,Lymphoid-T
c_1_10_2078,Lymphoid-DC
c_1_10_2079,Lymphoid-DC
c_1_10_2080,Lymphoid-DC
c_1_10_2081,Lymphoid-B
c_1_10_2082,Lymphoid-DC
c_1_10_2083,Myeloid
c_1_10_2084,Epithelial
c_1_10_2085,Lymphoid-B
c_1_10_2086,Lymphoid-T
c_1_10_2087,Lymphoid-DC
c_1_10_2088,Lymphoid-B
c_1_10_2089,Lymphoid-DC
c_1_10_2090,Lymphoid-DC
c_1_10_2091,Myeloid
c_1_10_2092,Lymphoid-DC
c_1_10_2093,Lymphoid-DC
c_1_10_2094,Lymphoid-DC
c_1_10_2095,Lymphoid-DC
c_1_10_2096,Lymphoid-DC
c_1_10_2097,Lymphoid-B
c_1_10_2098,Lymphoid-B
c_1_10_2099,Lymphoid-DC
c_1_10_2100,Lymphoid-DC
c_1_10_2101,Lymphoid-DC
c_1_10_2102,Epithelial
c_1_10_2103,Myeloid
c_1_10_2104,Lymphoid-DC
c_1_10_2105,Lymphoid-DC
c_1_10_2106,Lymphoid-B
c_1_10_2107,Lymphoid-DC
c_1_10_2108,Myeloid
c_1_10_2109,Lymphoid-DC
c_1_10_2110,Myeloid
c_1_10_2111,Lymphoid-DC
c_1_10_2112,Lymphoid-DC
c_1_10_2113,Lymphoid-B
c_1_10_2114,Lymphoid-DC
c_1_10_2115,None
c_1_10_2116,Endothelial
c_1_10_2117,Lymphoid-DC
c_1_10_2118,Lymphoid-DC
c_1_10_2119,Lymphoid-T
c_1_10_2120,Lymphoid-DC
c_1_10_2121,Lymphoid-DC
c_1_10_2122,Lymphoid-DC
c_1_10_2123,Lymphoid-DC
c_1_10_2124,Lymphoid-DC
c_1_10_2125,Lymphoid-DC
c_1_10_2126,Lymphoid-DC
c_1_10_2127,None
c_1_10_2128,Lymphoid-DC
c_1_10_2129,Neuronal-Glial
c_1_10_2130,None
c_1_10_2131,Mesenchymal-Stromal
c_1_10_2132,Lymphoid-DC
c_1_10_2133,Lymphoid-Other
c_1_10_2134,Lymphoid-DC
c_1_10_2135,Lymphoid-B
c_1_10_2136,Lymphoid-DC
c_1_10_2137,Lymphoid-DC
c_1_10_2138,Lymphoid-DC
c_1_10_2139,Lymphoid-DC
c_1_10_2140,Epithelial
c_1_10_2141,Lymphoid-DC
c_1_10_2142,Epithelial
c_1_10_2143,Lymphoid-Plasma
c_1_10_2144,None
c_1_10_2145,Lymphoid-DC
c_1_10_2146,Lymphoid-DC
c_1_10_2147,Lymphoid-B
c_1_10_2148,Lymphoid-DC
c_1_10_2149,Lymphoid-DC
c_1_10_2150,Lymphoid-DC
c_1_10_2151,Lymphoid-T
c_1_10_2152,Lymphoid-DC
c_1_10_2153,Endothelial
c_1_10_2154,Myeloid
c_1_10_2155,Lymphoid-DC
c_1_10_2156,Lymphoid-B
c_1_10_2157,Lymphoid-DC
c_1_10_2158,Lymphoid-T
c_1_10_2159,Myeloid
c_1_10_2160,Myeloid
c_1_10_2161,Lymphoid-DC
c_1_10_2162,Lymphoid-Other
c_1_10_2163,Lymphoid-B
c_1_10_2164,Lymphoid-DC
c_1_10_2165,Lymphoid-DC
c_1_10_2166,Lymphoid-Other
c_1_10_2167,Lymphoid-B
c_1_10_2168,Lymphoid-B
c_1_10_2169,Lymphoid-DC
c_1_10_2170,Lymphoid-T
c_1_10_2171,Lymphoid-DC
c_1_10_2172,Myeloid
c_1_10_2173,Lymphoid-B
c_1_10_2174,Lymphoid-DC
c_1_10_2175,Lymphoid-DC
c_1_10_2176,Lymphoid-DC
c_1_10_2177,Lymphoid-Other
c_1_10_2178,Lymphoid-DC
c_1_10_2179,Lymphoid-DC
c_1_10_2180,Lymphoid-DC
c_1_10_2181,Lymphoid-DC
c_1_10_2182,Lymphoid-DC
c_1_10_2183,Myeloid
c_1_10_2184,Lymphoid-DC
c_1_10_2185,Lymphoid-DC
c_1_10_2186,Lymphoid-DC
c_1_10_2187,Lymphoid-Other
c_1_10_2188,Lymphoid-Plasma
c_1_10_2189,None
c_1_10_2190,Lymphoid-B
c_1_10_2191,Lymphoid-T
c_1_10_2192,Lymphoid-DC
c_1_10_2193,Lymphoid-DC
c_1_10_2194,None
c_1_10_2195,Lymphoid-DC
c_1_10_2196,Lymphoid-DC
c_1_10_2197,Lymphoid-DC
c_1_10_2198,Lymphoid-DC
c_1_10_2199,Lymphoid-DC
c_1_10_2200,Lymphoid-DC
c_1_10_2201,Lymphoid-B
c_1_10_2202,Lymphoid-DC
c_1_10_2203,Lymphoid-DC
c_1_10_2204,Lymphoid-DC
c_1_10_2205,Myeloid
c_1_10_2206,Lymphoid-DC
c_1_10_2207,Epithelial
c_1_10_2208,Lymphoid-DC
c_1_10_2209,Lymphoid-Other
c_1_10_2210,Lymphoid-DC
c_1_10_2211,Lymphoid-DC
c_1_10_2212,Lymphoid-DC
c_1_10_2213,Lymphoid-DC
c_1_10_2214,Lymphoid-DC
c_1_10_2215,Epithelial
c_1_10_2216,Endothelial
c_1_10_2217,Lymphoid-DC
c_1_10_2218,Lymphoid-T
c_1_10_2219,Lymphoid-DC
c_1_10_2220,Lymphoid-B
c_1_10_2221,Lymphoid-DC
c_1_10_2222,None
c_1_10_2223,Lymphoid-DC
c_1_10_2224,Lymphoid-B
c_1_10_2225,Lymphoid-DC
c_1_10_2226,Lymphoid-DC
c_1_10_2227,Lymphoid-DC
c_1_10_2228,Lymphoid-DC
c_1_10_2229,Lymphoid-DC
c_1_10_2230,Lymphoid-B
c_1_10_2231,Lymphoid-DC
c_1_10_2232,Lymphoid-DC
c_1_10_2233,Myeloid
c_1_10_2234,Lymphoid-DC
c_1_10_2235,Lymphoid-Other
c_1_10_2236,Lymphoid-DC
c_1_10_2237,Mesenchymal-Stromal
c_1_10_2238,Lymphoid-DC
c_1_10_2239,Lymphoid-DC
c_1_10_2240,Lymphoid-DC
c_1_10_2241,Myeloid
c_1_10_2242,Lymphoid-B
c_1_10_2243,Lymphoid-DC
c_1_10_2244,Lymphoid-DC
c_1_10_2245,Lymphoid-Other
c_1_10_2246,Lymphoid-DC
c_1_10_2247,Myeloid
c_1_10_2248,Lymphoid-T
c_1_10_2249,Lymphoid-B
c_1_10_2250,Lymphoid-DC
c_1_10_2251,Lymphoid-DC
c_1_10_2252,Lymphoid-DC
c_1_10_2253,Endothelial
c_1_10_2254,Myeloid
c_1_10_2255,Lymphoid-B
c_1_10_2256,Lymphoid-B
c_1_10_2257,Lymphoid-DC
c_1_10_2258,Lymphoid-DC
c_1_10_2259,None
c_1_10_2260,Lymphoid-DC
c_1_10_2261,Lymphoid-DC
c_1_10_2262,Lymphoid-DC
c_1_10_2263,Lymphoid-DC
c_1_10_2264,Lymphoid-DC
c_1_10_2265,Lymphoid-Other
c_1_10_2266,Myeloid
c_1_10_2267,Lymphoid-DC
c_1_10_2268,Lymphoid-B
c_1_10_2269,Lymphoid-T
c_1_10_2270,Lymphoid-B
c_1_10_2271,Lymphoid-Plasma
c_1_10_2272,Lymphoid-DC
c_1_10_2273,Lymphoid-DC
c_1_10_2274,Lymphoid-B
c_1_10_2275,Lymphoid-DC
c_1_10_2276,Lymphoid-T
c_1_10_2277,Lymphoid-DC
c_1_10_2278,Lymphoid-DC
c_1_10_2279,Lymphoid-DC
c_1_10_2280,Lymphoid-DC
c_1_10_2281,Lymphoid-B
c_1_10_2282,Lymphoid-Other
c_1_10_2283,Lymphoid-B
c_1_10_2284,Lymphoid-B
c_1_10_2285,Myeloid
c_1_10_2286,Myeloid
c_1_10_2287,Lymphoid-T
c_1_10_2288,Lymphoid-DC
c_1_10_2289,Lymphoid-B
c_1_10_2290,Lymphoid-B
c_1_10_2291,Myeloid
c_1_10_2292,Lymphoid-DC
c_1_10_2293,Mesenchymal-Stromal
c_1_10_2294,Lymphoid-DC
c_1_10_2295,Lymphoid-DC
c_1_10_2296,Lymphoid-B
c_1_10_2297,Lymphoid-B
c_1_10_2298,Lymphoid-T
c_1_10_2299,Lymphoid-T
c_1_10_2300,Lymphoid-B
c_1_10_2301,Lymphoid-DC
c_1_10_2302,Lymphoid-T
c_1_10_2303,Myeloid
c_1_10_2304,Lymphoid-B
c_1_10_2305,Lymphoid-DC
c_1_10_2306,Lymphoid-DC
c_1_10_2307,Lymphoid-T
c_1_10_2308,Endothelial
c_1_10_2309,Lymphoid-T
c_1_10_2310,Lymphoid-DC
c_1_10_2311,Lymphoid-DC
c_1_10_2312,Lymphoid-DC
c_1_10_2313,Endothelial
c_1_10_2314,Lymphoid-Other
c_1_10_2315,Lymphoid-Other
c_1_10_2316,Lymphoid-DC
c_1_10_2317,None
c_1_10_2318,Lymphoid-DC
c_1_10_2319,Lymphoid-Other
c_1_10_2320,Lymphoid-DC
c_1_10_2321,Endothelial
c_1_10_2322,Lymphoid-Plasma
c_1_10_2323,Lymphoid-DC
c_1_10_2324,Lymphoid-DC
c_1_10_2325,Lymphoid-B
c_1_10_2326,Lymphoid-DC
c_1_10_2327,Lymphoid-DC
c_1_10_2328,Lymphoid-DC
c_1_10_2329,Lymphoid-DC
c_1_10_2330,Lymphoid-DC
c_1_10_2331,Lymphoid-B
c_1_10_2332,Lymphoid-DC
c_1_10_2333,Lymphoid-DC
c_1_10_2334,None
c_1_10_2335,Stem
c_1_10_2336,Lymphoid-DC
c_1_10_2337,Lymphoid-B
c_1_10_2338,Lymphoid-DC
c_1_10_2339,Lymphoid-DC
c_1_10_2340,None
c_1_10_2341,Lymphoid-DC
c_1_10_2342,Lymphoid-DC
c_1_10_2343,Lymphoid-DC
c_1_10_2344,Lymphoid-B
c_1_10_2345,Lymphoid-DC
c_1_10_2346,Lymphoid-Other
c_1_10_2347,Myeloid
c_1_10_2348,Myeloid
c_1_10_2349,Lymphoid-DC
c_1_10_2350,Lymphoid-Plasma
c_1_10_2351,Lymphoid-B
c_1_10_2352,Lymphoid-T
c_1_10_2353,Lymphoid-B
c_1_10_2354,Lymphoid-B
c_1_10_2355,Lymphoid-B
c_1_10_2356,None
c_1_10_2357,Lymphoid-Other
c_1_10_2358,Endothelial
c_1_10_2359,Lymphoid-DC
c_1_10_2360,Lymphoid-B
c_1_10_2361,Lymphoid-B
c_1_10_2362,Lymphoid-DC
c_1_10_2363,Myeloid
c_1_10_2364,Lymphoid-DC
c_1_10_2365,Myeloid
c_1_10_2366,Lymphoid-DC
c_1_10_2367,Lymphoid-B
c_1_10_2368,Lymphoid-T
c_1_10_2369,Myeloid
c_1_10_2370,Lymphoid-B
c_1_10_2371,Myeloid
c_1_10_2372,Lymphoid-DC
c_1_10_2373,Lymphoid-T
c_1_10_2374,Lymphoid-B
c_1_10_2375,Lymphoid-B
c_1_10_2376,Myeloid
c_1_10_2377,None
c_1_10_2378,Lymphoid-DC
c_1_10_2379,Lymphoid-B
c_1_10_2380,Lymphoid-DC
c_1_10_2381,Lymphoid-B
c_1_10_2382,Lymphoid-B
c_1_10_2383,Lymphoid-T
c_1_10_2384,Lymphoid-DC
c_1_10_2385,Lymphoid-DC
c_1_10_2386,Lymphoid-DC
c_1_10_2387,Myeloid
c_1_10_2388,Lymphoid-DC
c_1_10_2389,Lymphoid-DC
c_1_10_2390,Lymphoid-DC
c_1_10_2391,Lymphoid-DC
c_1_10_2392,Lymphoid-DC
c_1_10_2393,Lymphoid-DC
c_1_10_2394,Lymphoid-DC
c_1_10_2395,Lymphoid-B
c_1_10_2396,Lymphoid-Other
c_1_10_2397,Lymphoid-DC
c_1_10_2398,Lymphoid-DC
c_1_10_2399,Lymphoid-DC
c_1_10_2400,Lymphoid-DC
c_1_10_2401,None
c_1_10_2402,Myeloid
c_1_10_2403,Lymphoid-DC
c_1_10_2404,Lymphoid-DC
c_1_10_2405,Lymphoid-T
c_1_10_2406,Lymphoid-B
c_1_10_2407,Lymphoid-B
c_1_10_2408,Lymphoid-DC
c_1_10_2409,Lymphoid-DC
c_1_10_2410,Lymphoid-DC
c_1_10_2411,Lymphoid-DC
c_1_10_2412,Lymphoid-B
c_1_10_2413,Lymphoid-DC
c_1_10_2414,Lymphoid-DC
c_1_10_2415,Myeloid
c_1_10_2416,Lymphoid-DC
c_1_10_2417,Myeloid
c_1_10_2418,Lymphoid-T
c_1_10_2419,Lymphoid-DC
c_1_10_2420,Lymphoid-Other
c_1_10_2421,Lymphoid-DC
c_1_10_2422,Lymphoid-DC
c_1_10_2423,None
c_1_10_2424,Myeloid
c_1_10_2425,Lymphoid-DC
c_1_10_2426,Lymphoid-T
c_1_10_2427,Lymphoid-DC
c_1_10_2428,Lymphoid-B
c_1_10_2429,Lymphoid-DC
c_1_10_2430,Lymphoid-DC
c_1_10_2431,Lymphoid-DC
c_1_10_2432,Lymphoid-B
c_1_10_2433,Lymphoid-B
c_1_10_2434,Lymphoid-DC
c_1_10_2435,Lymphoid-DC
c_1_10_2436,Lymphoid-DC
c_1_10_2437,Lymphoid-T
c_1_10_2438,Lymphoid-DC
c_1_10_2439,Lymphoid-DC
c_1_10_2440,Lymphoid-DC
c_1_10_2441,Lymphoid-T
c_1_10_2442,Lymphoid-B
c_1_10_2443,Myeloid
c_1_10_2444,Myeloid
c_1_10_2445,Lymphoid-DC
c_1_10_2446,Endothelial
c_1_10_2447,Lymphoid-DC
c_1_10_2448,Myeloid
c_1_10_2449,Lymphoid-DC
c_1_10_2450,None
c_1_10_2451,Myeloid
c_1_10_2452,Endothelial
c_1_10_2453,None
c_1_10_2454,None
c_1_10_2455,Lymphoid-Other
c_1_10_2456,Lymphoid-DC
c_1_10_2457,None
c_1_10_2458,Lymphoid-DC
c_1_10_2459,Lymphoid-Other
c_1_10_2460,Lymphoid-DC
c_1_10_2461,Lymphoid-DC
c_1_10_2462,Lymphoid-DC
c_1_10_2463,Lymphoid-Other
c_1_10_2464,Lymphoid-DC
c_1_10_2465,Myeloid
c_1_10_2466,Lymphoid-DC
c_1_10_2467,Lymphoid-DC
c_1_10_2468,Lymphoid-DC
c_1_10_2469,Lymphoid-DC
c_1_10_2470,Lymphoid-DC
c_1_10_2471,Lymphoid-DC
c_1_10_2472,Lymphoid-DC
c_1_10_2473,Lymphoid-Other
c_1_10_2474,Lymphoid-DC
c_1_10_2475,Lymphoid-DC
c_1_10_2476,Myeloid
c_1_10_2477,Lymphoid-DC
c_1_10_2478,Lymphoid-B
c_1_10_2479,Lymphoid-T
c_1_10_2480,Lymphoid-T
c_1_10_2481,Mesenchymal-Stromal
c_1_10_2482,Lymphoid-B
c_1_10_2483,Lymphoid-DC
c_1_10_2484,Lymphoid-DC
c_1_10_2485,Lymphoid-B
c_1_10_2486,Myeloid
c_1_10_2487,Lymphoid-B
c_1_10_2488,Myeloid
c_1_10_2489,Myeloid
c_1_10_2490,Lymphoid-DC
c_1_10_2491,Myeloid
c_1_10_2492,Lymphoid-DC
c_1_10_2493,Lymphoid-B
c_1_10_2494,Myeloid
c_1_10_2495,Lymphoid-Other
c_1_10_2496,Myeloid
c_1_10_2497,Lymphoid-DC
c_1_10_2498,Lymphoid-B
c_1_10_2499,Lymphoid-Other
c_1_10_2500,Lymphoid-B
c_1_10_2501,Lymphoid-DC
c_1_10_2502,Lymphoid-B
c_1_10_2503,Lymphoid-DC
c_1_10_2504,Myeloid
c_1_10_2505,Lymphoid-DC
c_1_10_2506,Lymphoid-DC
c_1_10_2507,Lymphoid-T
c_1_10_2508,Lymphoid-DC
c_1_10_2509,Lymphoid-DC
c_1_10_2510,Lymphoid-DC
c_1_10_2511,Lymphoid-DC
c_1_10_2512,Lymphoid-DC
c_1_10_2513,Lymphoid-DC
c_1_10_2514,Lymphoid-DC
c_1_10_2515,Lymphoid-DC
c_1_10_2516,Lymphoid-B
c_1_10_2517,Lymphoid-DC
c_1_10_2518,None
c_1_10_2519,Lymphoid-Plasma
c_1_10_2520,Lymphoid-B
c_1_10_2521,Lymphoid-Other
c_1_10_2522,Lymphoid-DC
c_1_10_2523,Lymphoid-Other
c_1_10_2524,Lymphoid-B
c_1_10_2525,Lymphoid-DC
c_1_10_2526,Lymphoid-DC
c_1_10_2527,Lymphoid-B
c_1_10_2528,Lymphoid-DC
c_1_10_2529,None
c_1_10_2530,Lymphoid-DC
c_1_10_2531,Endothelial
c_1_10_2532,Myeloid
c_1_10_2533,Lymphoid-B
c_1_10_2534,Lymphoid-B
c_1_10_2535,Endothelial
c_1_10_2536,Lymphoid-Other
c_1_10_2537,Lymphoid-DC
c_1_10_2538,Lymphoid-DC
c_1_10_2539,Endothelial
c_1_10_2540,Endothelial
c_1_10_2541,Lymphoid-DC
c_1_10_2542,Myeloid
c_1_10_2543,Lymphoid-T
c_1_10_2544,Lymphoid-DC
c_1_10_2545,Lymphoid-DC
c_1_10_2546,Lymphoid-DC
c_1_10_2547,Lymphoid-DC
c_1_10_2548,Lymphoid-DC
c_1_10_2549,Lymphoid-DC
c_1_10_2550,Lymphoid-DC
c_1_10_2551,Lymphoid-DC
c_1_10_2552,Lymphoid-DC
c_1_10_2553,Lymphoid-DC
c_1_10_2554,Myeloid
c_1_10_2555,Lymphoid-DC
c_1_10_2556,Myeloid
c_1_10_2557,Lymphoid-DC
c_1_10_2558,Lymphoid-B
c_1_10_2559,Lymphoid-DC
c_1_10_2560,Lymphoid-DC
c_1_10_2561,Lymphoid-B
c_1_10_2562,Lymphoid-B
c_1_10_2563,Lymphoid-DC
c_1_10_2564,Lymphoid-DC
c_1_10_2565,Lymphoid-B
c_1_10_2566,Lymphoid-B
c_1_10_2567,Lymphoid-DC
c_1_10_2568,Lymphoid-DC
c_1_10_2569,Lymphoid-DC
c_1_10_2570,Lymphoid-DC
c_1_10_2571,Lymphoid-DC
c_1_10_2572,Lymphoid-DC
c_1_10_2573,Lymphoid-Other
c_1_10_2574,Lymphoid-T
c_1_10_2575,Lymphoid-Plasma
c_1_10_2576,Lymphoid-B
c_1_10_2577,Lymphoid-DC
c_1_10_2578,Lymphoid-B
c_1_10_2579,Myeloid
c_1_10_2580,Lymphoid-DC
c_1_10_2581,Endothelial
c_1_10_2582,Lymphoid-DC
c_1_10_2583,Lymphoid-DC
c_1_10_2584,Lymphoid-DC
c_1_10_2585,Lymphoid-DC
c_1_10_2586,Endothelial
c_1_10_2587,Lymphoid-DC
c_1_10_2588,Lymphoid-DC
c_1_10_2589,Lymphoid-T
c_1_10_2590,Lymphoid-B
c_1_10_2591,Lymphoid-B
c_1_10_2592,Lymphoid-T
c_1_10_2593,Lymphoid-DC
c_1_10_2594,Lymphoid-Other
c_1_10_2595,Lymphoid-B
c_1_10_2596,Lymphoid-DC
c_1_10_2597,Lymphoid-Other
c_1_10_2598,Lymphoid-DC
c_1_10_2599,Lymphoid-DC
c_1_10_2600,Lymphoid-DC
c_1_10_2601,Endothelial
c_1_10_2602,Lymphoid-DC
c_1_10_2603,Lymphoid-DC
c_1_10_2604,Lymphoid-B
c_1_10_2605,Lymphoid-DC
c_1_10_2606,Myeloid
c_1_10_2607,Lymphoid-DC
c_1_10_2608,Lymphoid-B
c_1_10_2609,Lymphoid-B
c_1_10_2610,Lymphoid-B
c_1_10_2611,Lymphoid-DC
c_1_10_2612,Myeloid
c_1_10_2613,Lymphoid-B
c_1_10_2614,Lymphoid-Other
c_1_10_2615,Lymphoid-DC
c_1_10_2616,Myeloid
c_1_10_2617,Lymphoid-B
c_1_10_2618,Lymphoid-Plasma
c_1_10_2619,Lymphoid-DC
c_1_10_2620,Myeloid
c_1_10_2621,Lymphoid-B
c_1_10_2622,Lymphoid-DC
c_1_10_2623,Lymphoid-B
c_1_10_2624,Lymphoid-DC
c_1_10_2625,Lymphoid-DC
c_1_10_2626,Myeloid
c_1_10_2627,Lymphoid-DC
c_1_10_2628,Lymphoid-DC
c_1_10_2629,Endothelial
c_1_10_2630,Lymphoid-DC
c_1_10_2631,Endothelial
c_1_10_2632,Myeloid
c_1_10_2633,Lymphoid-Other
c_1_10_2634,Lymphoid-B
c_1_10_2635,Lymphoid-DC
c_1_10_2636,Myeloid
c_1_10_2637,Lymphoid-DC
c_1_10_2638,Lymphoid-DC
c_1_10_2639,Lymphoid-B
c_1_10_2640,Lymphoid-DC
c_1_10_2641,Lymphoid-B
c_1_10_2642,Myeloid
c_1_10_2643,Lymphoid-DC
c_1_10_2644,Lymphoid-B
c_1_10_2645,Lymphoid-B
c_1_10_2646,Lymphoid-DC
c_1_10_2647,Lymphoid-T
c_1_10_2648,Lymphoid-DC
c_1_10_2649,Endothelial
c_1_10_2650,Lymphoid-DC
c_1_10_2651,Lymphoid-B
c_1_10_2652,Lymphoid-DC
c_1_10_2653,Lymphoid-DC
c_1_10_2654,Lymphoid-DC
c_1_10_2655,Lymphoid-DC
c_1_10_2656,Endothelial
c_1_10_2657,Myeloid
c_1_10_2658,Lymphoid-DC
c_1_10_2659,Lymphoid-DC
c_1_10_2660,Lymphoid-T
c_1_10_2661,Lymphoid-DC
c_1_10_2662,Lymphoid-DC
c_1_10_2663,Lymphoid-DC
c_1_10_2664,Lymphoid-DC
c_1_10_2665,Lymphoid-DC
c_1_10_2666,Lymphoid-DC
c_1_10_2667,Lymphoid-DC
c_1_10_2668,Lymphoid-DC
c_1_10_2669,Lymphoid-Other
c_1_10_2670,Lymphoid-B
c_1_10_2671,Lymphoid-DC
c_1_10_2672,Lymphoid-DC
c_1_10_2673,Lymphoid-DC
c_1_10_2674,Lymphoid-DC
c_1_10_2675,Myeloid
c_1_10_2676,Lymphoid-DC
c_1_10_2677,Lymphoid-DC
c_1_10_2678,Myeloid
c_1_10_2679,Lymphoid-T
c_1_10_2680,None
c_1_10_2681,Lymphoid-DC
c_1_10_2682,Lymphoid-Other
c_1_10_2683,Endothelial
c_1_10_2684,Lymphoid-B
c_1_10_2685,Lymphoid-DC
c_1_10_2686,Endothelial
c_1_10_2687,Lymphoid-B
c_1_10_2688,Lymphoid-DC
c_1_10_2689,Lymphoid-DC
c_1_10_2690,Myeloid
c_1_10_2691,Lymphoid-B
c_1_10_2692,Lymphoid-DC
c_1_10_2693,Lymphoid-DC
c_1_10_2694,Lymphoid-DC
c_1_10_2695,Lymphoid-DC
c_1_10_2696,Lymphoid-B
c_1_10_2697,Lymphoid-B
c_1_10_2698,Lymphoid-DC
c_1_10_2699,Lymphoid-DC
c_1_10_2700,Endothelial
c_1_10_2701,Lymphoid-DC
c_1_10_2702,Lymphoid-DC
c_1_10_2703,Lymphoid-B
c_1_10_2704,Endothelial
c_1_10_2705,Lymphoid-DC
c_1_10_2706,Lymphoid-B
c_1_10_2707,Lymphoid-DC
c_1_10_2708,Lymphoid-B
c_1_10_2709,Lymphoid-DC
c_1_10_2710,Myeloid
c_1_10_2711,Lymphoid-T
c_1_10_2712,Lymphoid-DC
c_1_10_2713,Lymphoid-DC
c_1_10_2714,Lymphoid-DC
c_1_10_2715,Lymphoid-DC
c_1_10_2716,Lymphoid-Other
c_1_10_2717,Lymphoid-DC
c_1_10_2718,Myeloid
c_1_10_2719,Myeloid
c_1_10_2720,Lymphoid-DC
c_1_10_2721,Lymphoid-DC
c_1_10_2722,Myeloid
c_1_10_2723,Lymphoid-DC
c_1_10_2724,Lymphoid-T
c_1_10_2725,Lymphoid-DC
c_1_10_2726,Myeloid
c_1_10_2727,Lymphoid-DC
c_1_10_2728,Lymphoid-DC
c_1_10_2729,Lymphoid-T
c_1_10_2730,Lymphoid-DC
c_1_10_2731,Lymphoid-Other
c_1_10_2732,Lymphoid-DC
c_1_10_2733,Lymphoid-B
c_1_10_2734,Lymphoid-DC
c_1_10_2735,Lymphoid-DC
c_1_10_2736,Lymphoid-B
c_1_10_2737,Lymphoid-DC
c_1_10_2738,Lymphoid-DC
c_1_10_2739,Myeloid
c_1_10_2740,Myeloid
c_1_10_2741,Lymphoid-DC
c_1_10_2742,None
c_1_10_2743,Lymphoid-Other
c_1_10_2744,None
c_1_10_2745,Lymphoid-DC
c_1_10_2746,Lymphoid-DC
c_1_10_2747,Lymphoid-DC
c_1_10_2748,None
c_1_10_2749,Lymphoid-DC
c_1_10_2750,Lymphoid-B
c_1_10_2751,Lymphoid-DC
c_1_10_2752,Lymphoid-DC
c_1_10_2753,Myeloid
c_1_10_2754,Lymphoid-DC
c_1_10_2755,Lymphoid-DC
c_1_10_2756,Lymphoid-Other
c_1_10_2757,Lymphoid-DC
c_1_10_2758,Lymphoid-DC
c_1_10_2759,Lymphoid-B
c_1_10_2760,Lymphoid-DC
c_1_10_2761,Lymphoid-B
c_1_10_2762,Lymphoid-DC
c_1_10_2763,None
c_1_10_2764,Lymphoid-Other
c_1_10_2765,Lymphoid-Other
c_1_10_2766,Lymphoid-DC
c_1_10_2767,Lymphoid-B
c_1_10_2768,Lymphoid-DC
c_1_10_2769,Lymphoid-DC
c_1_10_2770,Lymphoid-DC
c_1_10_2771,Lymphoid-DC
c_1_10_2772,Myeloid
c_1_10_2773,Epithelial
c_1_10_2774,Lymphoid-DC
c_1_10_2775,Endothelial
c_1_10_2776,Lymphoid-B
c_1_10_2777,Lymphoid-DC
c_1_10_2778,Lymphoid-DC
c_1_10_2779,Myeloid
c_1_10_2780,Endothelial
c_1_10_2781,Lymphoid-Other
c_1_10_2782,Lymphoid-T
c_1_10_2783,None
c_1_10_2784,Lymphoid-DC
c_1_10_2785,Lymphoid-DC
c_1_10_2786,Lymphoid-B
c_1_10_2787,Lymphoid-B
c_1_10_2788,Lymphoid-DC
c_1_10_2789,Lymphoid-DC
c_1_10_2790,Myeloid
c_1_10_2791,Myeloid
c_1_10_2792,Lymphoid-DC
c_1_10_2793,Lymphoid-Plasma
c_1_10_2794,Lymphoid-DC
c_1_10_2795,Lymphoid-B
c_1_10_2796,Lymphoid-B
c_1_10_2797,Lymphoid-Other
c_1_10_2798,Lymphoid-B
c_1_10_2799,Lymphoid-T
c_1_10_2800,Myeloid
c_1_10_2801,None
c_1_10_2802,Lymphoid-B
c_1_10_2803,Lymphoid-DC
c_1_10_2804,Lymphoid-DC
c_1_10_2805,Lymphoid-DC
c_1_10_2806,Lymphoid-T
c_1_10_2807,Lymphoid-DC
c_1_10_2808,Lymphoid-DC
c_1_10_2809,Lymphoid-DC
c_1_10_2810,Lymphoid-DC
c_1_10_2811,Myeloid
c_1_10_2812,None
c_1_10_2813,Lymphoid-T
c_1_10_2814,Endothelial
c_1_10_2815,Lymphoid-DC
c_1_10_2816,Lymphoid-Other
c_1_10_2817,None
c_1_10_2818,Lymphoid-Other
c_1_10_2819,Lymphoid-DC
c_1_10_2820,Endothelial
c_1_10_2821,Lymphoid-DC
c_1_10_2822,Lymphoid-Other
c_1_10_2823,Lymphoid-DC
c_1_10_2824,Lymphoid-DC
c_1_10_2825,Myeloid
c_1_10_2826,Lymphoid-DC
c_1_10_2827,Lymphoid-B
c_1_10_2828,Myeloid
c_1_10_2829,Lymphoid-DC
c_1_10_2830,Lymphoid-DC
c_1_10_2831,Lymphoid-DC
c_1_10_2832,Lymphoid-DC
c_1_10_2833,Lymphoid-DC
c_1_10_2834,Lymphoid-DC
c_1_10_2835,Epithelial
c_1_10_2836,None
c_1_10_2837,Myeloid
c_1_10_2838,Lymphoid-DC
c_1_10_2839,Lymphoid-DC
c_1_10_2840,Myeloid
c_1_10_2841,Lymphoid-DC
c_1_10_2842,Lymphoid-T
c_1_10_2843,Endothelial
c_1_10_2844,Lymphoid-DC
c_1_10_2845,Myeloid
c_1_10_2846,Lymphoid-DC
c_1_10_2847,Myeloid
c_1_10_2848,Myeloid
c_1_10_2849,Lymphoid-DC
c_1_10_2850,Lymphoid-DC
c_1_10_2851,Lymphoid-DC
c_1_10_2852,Lymphoid-Other
c_1_10_2853,Myeloid
c_1_10_2854,Stem
c_1_10_2855,Lymphoid-DC
c_1_10_2856,Lymphoid-B
c_1_10_2857,Lymphoid-B
c_1_10_2858,Lymphoid-T
c_1_10_2859,Lymphoid-DC
c_1_10_2860,Lymphoid-Other
c_1_10_2861,Lymphoid-T
c_1_10_2862,Myeloid
c_1_10_2863,Lymphoid-DC
c_1_10_2864,Lymphoid-Other
c_1_10_2865,Lymphoid-B
c_1_10_2866,Lymphoid-B
c_1_10_2867,Lymphoid-DC
c_1_10_2868,Lymphoid-DC
c_1_10_2869,Endothelial
c_1_10_2870,Lymphoid-Other
c_1_10_2871,Lymphoid-DC
c_1_10_2872,Lymphoid-DC
c_1_10_2873,Epithelial
c_1_10_2874,Lymphoid-B
c_1_10_2875,Endothelial
c_1_10_2876,Lymphoid-DC
c_1_10_2877,Lymphoid-T
c_1_10_2878,Lymphoid-DC
c_1_10_2879,Lymphoid-T
c_1_10_2880,Lymphoid-DC
c_1_10_2881,Lymphoid-Other
c_1_10_2882,Lymphoid-Other
c_1_10_2883,Lymphoid-B
c_1_10_2884,Lymphoid-B
c_1_10_2885,Lymphoid-DC
c_1_10_2886,Lymphoid-DC
c_1_10_2887,Lymphoid-DC
c_1_10_2888,Myeloid
c_1_10_2889,Lymphoid-DC
c_1_10_2890,Lymphoid-DC
c_1_10_2891,Lymphoid-DC
c_1_10_2892,Lymphoid-DC
c_1_10_2893,Lymphoid-B
c_1_10_2894,Lymphoid-DC
c_1_10_2895,Myeloid
c_1_10_2896,Lymphoid-B
c_1_10_2897,Lymphoid-T
c_1_10_2898,Myeloid
c_1_10_2899,Lymphoid-DC
c_1_10_2900,Lymphoid-B
c_1_10_2901,Lymphoid-B
c_1_10_2902,Lymphoid-B
c_1_10_2903,Lymphoid-DC
c_1_10_2904,None
c_1_10_2905,Lymphoid-DC
c_1_10_2906,Myeloid
c_1_10_2907,Lymphoid-DC
c_1_10_2908,Endothelial
c_1_10_2909,Lymphoid-DC
c_1_10_2910,Lymphoid-DC
c_1_10_2911,None
c_1_10_2912,Lymphoid-DC
c_1_10_2913,Lymphoid-T
c_1_10_2914,Lymphoid-B
c_1_10_2915,Lymphoid-DC
c_1_10_2916,Lymphoid-Other
c_1_10_2917,Epithelial
c_1_10_2918,Stem
c_1_10_2919,Endothelial
c_1_10_2920,Lymphoid-T
c_1_10_2921,Epithelial
c_1_10_2922,Lymphoid-T
c_1_10_2923,Epithelial
c_1_10_2924,Lymphoid-DC
c_1_10_2925,Stem
c_1_10_2926,Lymphoid-B
c_1_10_2927,Lymphoid-B
c_1_10_2928,Endothelial
c_1_10_2929,Lymphoid-T
c_1_10_2930,Myeloid
c_1_10_2931,Lymphoid-B
c_1_10_2932,Lymphoid-DC
c_1_10_2933,Epithelial
c_1_10_2934,Myeloid
c_1_10_2935,Lymphoid-B
c_1_10_2936,Lymphoid-B
c_1_10_2937,Lymphoid-DC
c_1_10_2938,Lymphoid-DC
c_1_10_2939,Stem
c_1_10_2940,Lymphoid-B
c_1_10_2941,Lymphoid-DC
c_1_10_2942,Epithelial
c_1_10_2943,Lymphoid-DC
c_1_10_2944,Lymphoid-B
c_1_10_2945,Lymphoid-B
c_1_10_2946,None
c_1_10_2947,Lymphoid-T
c_1_10_2948,Stem
c_1_10_2949,Lymphoid-T
c_1_10_2950,Lymphoid-DC
c_1_10_2951,Lymphoid-T
c_1_10_2952,Lymphoid-T
c_1_10_2953,Lymphoid-B
c_1_10_2954,Myeloid
c_1_10_2955,Lymphoid-B
c_1_10_2956,Myeloid
c_1_10_2957,Lymphoid-DC
c_1_10_2958,Lymphoid-DC
c_1_10_2959,Lymphoid-B
c_1_10_2960,Myeloid
c_1_10_2961,Lymphoid-T
c_1_10_2962,Lymphoid-DC
c_1_10_2963,Epithelial
c_1_10_2964,Lymphoid-B
c_1_10_2965,None
c_1_10_2966,Lymphoid-DC
c_1_10_2967,Lymphoid-DC
c_1_10_2968,Lymphoid-DC
c_1_10_2969,Lymphoid-DC
c_1_10_2970,Lymphoid-T
c_1_10_2971,Lymphoid-Other
c_1_10_2972,Lymphoid-DC
c_1_10_2973,Lymphoid-DC
c_1_10_2974,Lymphoid-DC
c_1_10_2975,Lymphoid-DC
c_1_10_2976,Lymphoid-B
c_1_10_2977,Lymphoid-DC
c_1_10_2978,Lymphoid-Other
c_1_10_2979,Endothelial
c_1_10_2980,Lymphoid-T
c_1_10_2981,Lymphoid-DC
c_1_10_2982,Lymphoid-DC
c_1_10_2983,Epithelial
c_1_10_2984,Lymphoid-T
c_1_10_2985,Myeloid
c_1_10_2986,Lymphoid-DC
c_1_10_2987,Lymphoid-DC
c_1_10_2988,Endothelial
c_1_10_2989,Lymphoid-DC
c_1_10_2990,Lymphoid-T
c_1_10_2991,Lymphoid-T
c_1_10_2992,Lymphoid-DC
c_1_10_2993,Lymphoid-DC
c_1_10_2994,Myeloid
c_1_10_2995,Lymphoid-DC
c_1_10_2996,Lymphoid-Other
c_1_10_2997,Lymphoid-DC
c_1_10_2998,Lymphoid-DC
c_1_10_2999,Lymphoid-T
c_1_10_3000,Lymphoid-DC
c_1_10_3001,None
c_1_10_3002,Lymphoid-B
c_1_10_3003,Lymphoid-T
c_1_10_3004,Lymphoid-Other
c_1_10_3005,Lymphoid-DC
c_1_10_3006,Lymphoid-DC
c_1_10_3007,Endothelial
c_1_10_3008,Lymphoid-B
c_1_10_3009,Lymphoid-DC
c_1_10_3010,Lymphoid-Other
c_1_10_3011,Myeloid
c_1_10_3012,Lymphoid-DC
c_1_10_3013,Lymphoid-B
c_1_10_3014,Lymphoid-DC
c_1_10_3015,Lymphoid-DC
c_1_10_3016,Lymphoid-DC
c_1_10_3017,Mesenchymal-Stromal
c_1_10_3018,Lymphoid-DC
c_1_10_3019,Lymphoid-T
c_1_10_3020,Lymphoid-Plasma
c_1_10_3021,Myeloid
c_1_10_3022,Lymphoid-DC
c_1_10_3023,Myeloid
c_1_10_3024,Lymphoid-DC
c_1_10_3025,Lymphoid-DC
c_1_10_3026,Lymphoid-DC
c_1_10_3027,Lymphoid-T
c_1_10_3028,Lymphoid-B
c_1_10_3029,Lymphoid-DC
c_1_10_3030,Lymphoid-DC
c_1_10_3031,Lymphoid-DC
c_1_10_3032,Lymphoid-T
c_1_10_3033,Lymphoid-B
c_1_10_3034,Lymphoid-DC
c_1_10_3035,Lymphoid-DC
c_1_10_3036,Lymphoid-T
c_1_10_3037,Lymphoid-DC
c_1_10_3038,Lymphoid-DC
c_1_10_3039,Lymphoid-Other
c_1_10_3040,Lymphoid-B
c_1_10_3041,Lymphoid-T
c_1_10_3042,Lymphoid-Other
c_1_10_3043,Lymphoid-DC
c_1_10_3044,Endothelial
c_1_10_3045,Lymphoid-DC
c_1_10_3046,Lymphoid-DC
c_1_10_3047,Lymphoid-Other
c_1_10_3048,Lymphoid-Other
c_1_10_3049,Myeloid
c_1_10_3050,Lymphoid-T
c_1_10_3051,Lymphoid-DC
c_1_10_3052,Lymphoid-B
c_1_10_3053,Lymphoid-B
c_1_10_3054,Lymphoid-B
c_1_10_3055,None
c_1_10_3056,Lymphoid-DC
c_1_10_3057,Myeloid
c_1_10_3058,Lymphoid-DC
c_1_10_3059,Lymphoid-B
c_1_10_3060,Lymphoid-DC
c_1_10_3061,Lymphoid-T
c_1_10_3062,Lymphoid-DC
c_1_10_3063,Lymphoid-B
c_1_10_3064,Myeloid
c_1_10_3065,Lymphoid-B
c_1_10_3066,Endothelial
c_1_10_3067,Lymphoid-DC
c_1_10_3068,Lymphoid-Other
c_1_10_3069,Lymphoid-DC
c_1_10_3070,Lymphoid-Other
c_1_10_3071,Lymphoid-T
c_1_10_3072,Lymphoid-DC
c_1_10_3073,Lymphoid-Other
c_1_10_3074,Lymphoid-DC
c_1_10_3075,Lymphoid-T
c_1_10_3076,Lymphoid-B
c_1_10_3077,Lymphoid-DC
c_1_10_3078,Myeloid
c_1_10_3079,Lymphoid-Other
c_1_10_3080,Endothelial
c_1_10_3081,Lymphoid-DC
c_1_10_3082,Myeloid
c_1_10_3083,Epithelial
c_1_10_3084,Lymphoid-B
c_1_10_3085,Myeloid
c_1_10_3086,Lymphoid-DC
c_1_10_3087,Endothelial
c_1_10_3088,Lymphoid-B
c_1_10_3089,Lymphoid-T
c_1_10_3090,Lymphoid-B
c_1_10_3091,Lymphoid-DC
c_1_10_3092,Myeloid
c_1_10_3093,Myeloid
c_1_10_3094,Myeloid
c_1_10_3095,Endothelial
c_1_10_3096,Myeloid
c_1_10_3097,Lymphoid-DC
c_1_10_3098,Lymphoid-DC
c_1_10_3099,Myeloid
c_1_10_3100,Lymphoid-Other
c_1_10_3101,Lymphoid-T
c_1_10_3102,Lymphoid-DC
c_1_10_3103,Lymphoid-Other
c_1_10_3104,Lymphoid-Other
c_1_10_3105,None
c_1_10_3106,Stem
c_1_10_3107,Epithelial
c_1_10_3108,Lymphoid-B
c_1_10_3109,Lymphoid-DC
c_1_10_3110,Lymphoid-DC
c_1_10_3111,Endothelial
c_1_10_3112,Endothelial
c_1_10_3113,Lymphoid-DC
c_1_10_3114,Lymphoid-DC
c_1_10_3115,Lymphoid-DC
c_1_10_3116,Lymphoid-B
c_1_10_3117,None
c_1_10_3118,None
c_1_10_3119,Endothelial
c_1_10_3120,Lymphoid-DC
c_1_10_3121,Myeloid
c_1_10_3122,Lymphoid-T
c_1_10_3123,Lymphoid-DC
c_1_10_3124,Lymphoid-B
c_1_10_3125,None
c_1_10_3126,Lymphoid-DC
c_1_10_3127,Lymphoid-DC
c_1_10_3128,Lymphoid-T
c_1_10_3129,Epithelial
c_1_10_3130,Stem
c_1_10_3131,Lymphoid-DC
c_1_10_3132,Lymphoid-DC
c_1_10_3133,Lymphoid-DC
c_1_10_3134,Myeloid
c_1_10_3135,None
c_1_10_3136,Endothelial
c_1_10_3137,Mesenchymal-Stromal
c_1_10_3138,Lymphoid-DC
c_1_10_3139,Lymphoid-DC
c_1_10_3140,Lymphoid-DC
c_1_10_3141,None
c_1_10_3142,Myeloid
c_1_10_3143,None
c_1_10_3144,Lymphoid-DC
c_1_10_3145,Lymphoid-Plasma
c_1_10_3146,Lymphoid-DC
c_1_10_3147,Endothelial
c_1_10_3148,Lymphoid-B
c_1_10_3149,Lymphoid-DC
c_1_10_3150,Endothelial
c_1_10_3151,Lymphoid-DC
c_1_10_3152,Lymphoid-B
c_1_10_3153,Lymphoid-DC
c_1_10_3154,Lymphoid-DC
c_1_10_3155,None
c_1_10_3156,Lymphoid-Other
c_1_10_3157,Lymphoid-DC
c_1_10_3158,Myeloid
c_1_10_3159,Myeloid
c_1_10_3160,Lymphoid-DC
c_1_10_3161,Lymphoid-DC
c_1_10_3162,Endothelial
c_1_10_3163,Epithelial
c_1_10_3164,Lymphoid-Other
c_1_10_3165,Lymphoid-DC
c_1_10_3166,Lymphoid-DC
c_1_10_3167,None
c_1_10_3168,Lymphoid-Other
c_1_10_3169,Myeloid
c_1_10_3170,Lymphoid-DC
c_1_10_3171,Endothelial
c_1_10_3172,Lymphoid-Other
c_1_10_3173,Lymphoid-Other
c_1_10_3174,Lymphoid-DC
c_1_10_3175,Endothelial
c_1_10_3176,Endothelial
c_1_10_3177,Lymphoid-DC
c_1_10_3178,Lymphoid-DC
c_1_10_3179,Lymphoid-DC
c_1_10_3180,Lymphoid-Other
c_1_10_3181,Lymphoid-DC
c_1_10_3182,Lymphoid-DC
c_1_10_3183,Endothelial
c_1_10_3184,Myeloid
c_1_10_3185,Myeloid
c_1_10_3186,Lymphoid-DC
c_1_10_3187,None
c_1_10_3188,Myeloid
c_1_10_3189,Lymphoid-DC
c_1_10_3190,Lymphoid-DC
c_1_10_3191,Lymphoid-DC
c_1_10_3192,Lymphoid-DC
c_1_10_3193,Lymphoid-DC
c_1_10_3194,Lymphoid-T
c_1_10_3195,Lymphoid-Other
c_1_10_3196,Lymphoid-DC
c_1_10_3197,Lymphoid-DC
c_1_10_3198,Myeloid
c_1_10_3199,Lymphoid-DC
c_1_10_3200,Lymphoid-DC
c_1_10_3201,Epithelial
c_1_10_3202,Epithelial
c_1_10_3203,Lymphoid-DC
c_1_10_3204,Endothelial
c_1_10_3205,Myeloid
c_1_10_3206,Myeloid
c_1_10_3207,Lymphoid-DC
c_1_10_3208,Lymphoid-DC
c_1_10_3209,Lymphoid-DC
c_1_10_3210,Lymphoid-Other
c_1_10_3211,Lymphoid-Other
c_1_10_3212,Lymphoid-DC
c_1_10_3213,Lymphoid-B
c_1_10_3214,Lymphoid-Other
c_1_10_3215,Mesenchymal-Stromal
c_1_10_3216,Lymphoid-T
c_1_10_3217,Lymphoid-B
c_1_10_3218,Lymphoid-T
c_1_10_3219,Lymphoid-DC
c_1_10_3220,Myeloid
c_1_10_3221,Lymphoid-Other
c_1_10_3222,Lymphoid-DC
c_1_10_3223,Epithelial
c_1_10_3224,Lymphoid-DC
c_1_10_3225,Endothelial
c_1_10_3226,Myeloid
c_1_10_3227,Lymphoid-T
c_1_10_3228,Lymphoid-DC
c_1_10_3229,Lymphoid-B
c_1_10_3230,Myeloid
c_1_10_3231,Lymphoid-DC
c_1_10_3232,Lymphoid-T
c_1_10_3233,Myeloid
c_1_10_3234,Lymphoid-B
c_1_10_3235,Lymphoid-DC
c_1_10_3236,Endothelial
c_1_10_3237,Endothelial
c_1_10_3238,Lymphoid-DC
c_1_10_3239,Lymphoid-DC
c_1_10_3240,Myeloid
c_1_10_3241,Lymphoid-DC
c_1_10_3242,Endothelial
c_1_10_3243,Lymphoid-DC
c_1_10_3244,Lymphoid-DC
c_1_10_3245,Lymphoid-DC
c_1_10_3246,Lymphoid-Other
c_1_10_3247,Lymphoid-DC
c_1_10_3248,Lymphoid-DC
c_1_10_3249,Lymphoid-DC
c_1_10_3250,Epithelial
c_1_10_3251,Lymphoid-DC
c_1_10_3252,Lymphoid-DC
c_1_10_3253,Lymphoid-DC
c_1_10_3254,Endothelial
c_1_10_3255,Lymphoid-B
c_1_10_3256,Lymphoid-DC
c_1_10_3257,Lymphoid-DC
c_1_10_3258,Lymphoid-DC
c_1_10_3259,Lymphoid-DC
c_1_10_3260,Mesenchymal-Stromal
c_1_10_3261,Lymphoid-Plasma
c_1_10_3262,Myeloid
c_1_10_3263,Lymphoid-Other
c_1_10_3264,Myeloid
c_1_10_3265,Lymphoid-T
c_1_10_3266,Mesenchymal-Stromal
c_1_10_3267,Lymphoid-DC
c_1_10_3268,Endothelial
c_1_10_3269,Lymphoid-DC
c_1_10_3270,Epithelial
c_1_10_3271,Lymphoid-DC
c_1_10_3272,Lymphoid-DC
c_1_10_3273,Lymphoid-DC
c_1_10_3274,Lymphoid-DC
c_1_10_3275,Lymphoid-DC
c_1_10_3276,Lymphoid-Other
c_1_10_3277,None
c_1_10_3278,Lymphoid-DC
c_1_10_3279,Lymphoid-DC
c_1_10_3280,Myeloid
c_1_10_3281,Myeloid
c_1_10_3282,Epithelial
c_1_10_3283,Neuronal-Glial
c_1_10_3284,Lymphoid-DC
c_1_10_3285,Lymphoid-DC
c_1_10_3286,Lymphoid-Plasma
c_1_10_3287,Lymphoid-DC
c_1_10_3288,Myeloid
c_1_10_3289,Lymphoid-B
c_1_10_3290,Myeloid
c_1_10_3291,Myeloid
c_1_10_3292,Myeloid
c_1_10_3293,Lymphoid-DC
c_1_10_3294,Lymphoid-DC
c_1_10_3295,Mesenchymal-Stromal
c_1_10_3296,Lymphoid-Plasma
c_1_10_3297,Lymphoid-DC
c_1_10_3298,Lymphoid-DC
c_1_10_3299,Lymphoid-Other
c_1_10_3300,Lymphoid-DC
c_1_10_3301,None
c_1_10_3302,Lymphoid-DC
c_1_10_3303,Lymphoid-Other
c_1_10_3304,Lymphoid-B
c_1_10_3305,Lymphoid-Other
c_1_10_3306,Lymphoid-B
c_1_10_3307,Lymphoid-DC
c_1_10_3308,None
c_1_10_3309,Lymphoid-T
c_1_10_3310,Lymphoid-DC
c_1_10_3311,None
c_1_10_3312,Myeloid
c_1_10_3313,Lymphoid-Other
c_1_10_3314,Lymphoid-T
c_1_10_3315,Lymphoid-DC
c_1_10_3316,Lymphoid-DC
c_1_10_3317,Lymphoid-Other
c_1_10_3318,Lymphoid-DC
c_1_10_3319,Endothelial
c_1_10_3320,Lymphoid-DC
c_1_10_3321,Lymphoid-DC
c_1_10_3322,Endothelial
c_1_10_3323,Neuronal-Glial
c_1_10_3324,Lymphoid-DC
c_1_10_3325,Lymphoid-DC
c_1_10_3326,Lymphoid-DC
c_1_10_3327,Lymphoid-DC
c_1_10_3328,Lymphoid-DC
c_1_10_3329,Epithelial
c_1_10_3330,Lymphoid-Other
c_1_10_3331,Mesenchymal-Stromal
c_1_10_3332,Lymphoid-DC
c_1_10_3333,Endothelial
c_1_10_3334,Epithelial
c_1_10_3335,Lymphoid-T
c_1_10_3336,Myeloid
c_1_10_3337,Mesenchymal-Stromal
c_1_10_3338,Endothelial
c_1_10_3339,Lymphoid-T
c_1_10_3340,Lymphoid-DC
c_1_10_3341,Lymphoid-DC
c_1_10_3342,Lymphoid-DC
c_1_10_3343,Myeloid
c_1_10_3344,Lymphoid-T
c_1_10_3345,Lymphoid-Other
c_1_10_3346,Lymphoid-DC
c_1_10_3347,Lymphoid-DC
c_1_10_3348,Endothelial
c_1_10_3349,Lymphoid-B
c_1_10_3350,Lymphoid-DC
c_1_10_3351,Neuronal-Glial
c_1_10_3352,Lymphoid-B
c_1_10_3353,Myeloid
c_1_10_3354,Lymphoid-DC
c_1_10_3355,Lymphoid-DC
c_1_10_3356,Lymphoid-Other
c_1_10_3357,Lymphoid-DC
c_1_10_3358,Lymphoid-DC
c_1_10_3359,Lymphoid-DC
c_1_10_3360,Lymphoid-DC
c_1_10_3361,Lymphoid-Other
c_1_10_3362,Lymphoid-DC
c_1_10_3363,Lymphoid-DC
c_1_10_3364,Lymphoid-Other
c_1_10_3365,Lymphoid-Plasma
c_1_10_3366,Lymphoid-Other
c_1_10_3367,Lymphoid-DC
c_1_10_3368,Lymphoid-Other
c_1_10_3369,Lymphoid-DC
c_1_10_3370,None
c_1_10_3371,Myeloid
c_1_10_3372,Lymphoid-Other
c_1_10_3373,Lymphoid-DC
c_1_10_3374,Lymphoid-DC
c_1_10_3375,Lymphoid-Other
c_1_10_3376,Endothelial
c_1_10_3377,Endothelial
c_1_10_3378,None
c_1_10_3379,Lymphoid-T
c_1_10_3380,Endothelial
c_1_10_3381,Lymphoid-DC
c_1_10_3382,Lymphoid-DC
c_1_10_3383,Lymphoid-Plasma
c_1_10_3384,Lymphoid-DC
c_1_10_3385,Lymphoid-DC
c_1_10_3386,Lymphoid-DC
c_1_10_3387,Lymphoid-DC
c_1_10_3388,Lymphoid-Other
c_1_10_3389,Lymphoid-T
c_1_10_3390,Myeloid
c_1_10_3391,Lymphoid-DC
c_1_10_3392,Lymphoid-Other
c_1_10_3393,Lymphoid-B
c_1_10_3394,Lymphoid-T
c_1_10_3395,Stem
c_1_10_3396,Lymphoid-B
c_1_10_3397,Lymphoid-DC
c_1_10_3398,Lymphoid-Other
c_1_10_3399,Endothelial
c_1_10_3400,Lymphoid-T
c_1_10_3401,Lymphoid-DC
c_1_10_3402,Lymphoid-T
c_1_10_3403,Lymphoid-T
c_1_10_3404,Lymphoid-B
c_1_10_3405,Lymphoid-DC
c_1_10_3406,Lymphoid-DC
c_1_10_3407,Lymphoid-Other
c_1_10_3408,Lymphoid-DC
c_1_10_3409,Lymphoid-DC
c_1_10_3410,Lymphoid-Other
c_1_10_3411,Myeloid
c_1_10_3412,Mesenchymal-Stromal
c_1_10_3413,Lymphoid-DC
c_1_10_3414,Lymphoid-DC
c_1_10_3415,Lymphoid-DC
c_1_10_3416,Lymphoid-DC
c_1_10_3417,Lymphoid-DC
c_1_10_3418,Myeloid
c_1_10_3419,Lymphoid-T
c_1_10_3420,Lymphoid-DC
c_1_10_3421,Lymphoid-DC
c_1_10_3422,Lymphoid-DC
c_1_10_3423,Mesenchymal-Stromal
c_1_10_3424,Myeloid
c_1_10_3425,Lymphoid-B
c_1_10_3426,Lymphoid-T
c_1_10_3427,Lymphoid-DC
c_1_10_3428,Endothelial
c_1_10_3429,Lymphoid-T
c_1_10_3430,Lymphoid-DC
c_1_10_3431,Lymphoid-Other
c_1_10_3432,Lymphoid-DC
c_1_10_3433,Lymphoid-DC
c_1_10_3434,Lymphoid-DC
c_1_10_3435,Lymphoid-DC
c_1_10_3436,Lymphoid-DC
c_1_10_3437,Lymphoid-B
c_1_10_3438,Lymphoid-DC
c_1_10_3439,Lymphoid-DC
c_1_10_3440,Lymphoid-Other
c_1_10_3441,Myeloid
c_1_10_3442,Lymphoid-DC
c_1_10_3443,Lymphoid-B
c_1_10_3444,Endothelial
c_1_10_3445,Lymphoid-DC
c_1_10_3446,Lymphoid-DC
c_1_10_3447,Myeloid
c_1_10_3448,Lymphoid-DC
c_1_10_3449,Lymphoid-DC
c_1_10_3450,Lymphoid-T
c_1_10_3451,Lymphoid-Other
c_1_10_3452,Lymphoid-DC
c_1_10_3453,Lymphoid-DC
c_1_10_3454,Lymphoid-DC
c_1_10_3455,Lymphoid-DC
c_1_10_3456,Lymphoid-T
c_1_10_3457,Lymphoid-DC
c_1_10_3458,Lymphoid-T
c_1_10_3459,Lymphoid-DC
c_1_10_3460,Lymphoid-DC
c_1_10_3461,Endothelial
c_1_10_3462,Lymphoid-DC
c_1_10_3463,Myeloid
c_1_10_3464,Lymphoid-B
c_1_10_3465,Lymphoid-DC
c_1_10_3466,Lymphoid-DC
c_1_10_3467,Lymphoid-DC
c_1_10_3468,Lymphoid-DC
c_1_10_3469,Lymphoid-Plasma
c_1_10_3470,Lymphoid-B
c_1_10_3471,Endothelial
c_1_10_3472,Lymphoid-DC
c_1_10_3473,Lymphoid-Other
c_1_10_3474,Lymphoid-DC
c_1_10_3475,Lymphoid-DC
c_1_10_3476,Lymphoid-Other
c_1_10_3477,Lymphoid-T
c_1_10_3478,Lymphoid-DC
c_1_10_3479,Lymphoid-T
c_1_10_3480,Lymphoid-DC
c_1_10_3481,Lymphoid-T
c_1_10_3482,Myeloid
c_1_10_3483,Lymphoid-DC
c_1_10_3484,Lymphoid-DC
c_1_10_3485,None
c_1_10_3486,Lymphoid-DC
c_1_10_3487,Lymphoid-T
c_1_10_3488,Lymphoid-Other
c_1_10_3489,Lymphoid-T
c_1_10_3490,Lymphoid-DC
c_1_10_3491,Mesenchymal-Stromal
c_1_10_3492,Epithelial
c_1_10_3493,Epithelial
c_1_10_3494,Lymphoid-B
c_1_10_3495,Lymphoid-DC
c_1_10_3496,Lymphoid-DC
c_1_10_3497,Lymphoid-DC
c_1_10_3498,Lymphoid-DC
c_1_10_3499,Epithelial
c_1_10_3500,Lymphoid-Plasma
c_1_10_3501,Lymphoid-T
c_1_10_3502,Lymphoid-T
c_1_10_3503,Lymphoid-B
c_1_10_3504,Epithelial
c_1_10_3505,Lymphoid-Other
c_1_10_3506,Lymphoid-DC
c_1_10_3507,Endothelial
c_1_10_3508,Lymphoid-B
c_1_10_3509,Epithelial
c_1_10_3510,Lymphoid-DC
c_1_10_3511,Lymphoid-DC
c_1_10_3512,Lymphoid-DC
c_1_10_3513,Epithelial
c_1_10_3514,Lymphoid-DC
c_1_10_3515,Lymphoid-DC
c_1_10_3516,Lymphoid-DC
c_1_10_3517,Myeloid
c_1_10_3518,Lymphoid-DC
c_1_10_3519,Lymphoid-Other
c_1_10_3520,Lymphoid-Plasma
c_1_10_3521,None
c_1_10_3522,Endothelial
c_1_10_3523,Lymphoid-Other
c_1_10_3524,Lymphoid-DC
c_1_10_3525,Lymphoid-DC
c_1_10_3526,Mesenchymal-Stromal
c_1_10_3527,Lymphoid-Other
c_1_10_3528,Endothelial
c_1_10_3529,Endothelial
c_1_10_3530,Lymphoid-DC
c_1_10_3531,None
c_1_10_3532,Stem
c_1_10_3533,Lymphoid-T
c_1_10_3534,Lymphoid-Other
c_1_10_3535,Lymphoid-T
c_1_10_3536,Lymphoid-DC
c_1_10_3537,Lymphoid-T
c_1_10_3538,Lymphoid-T
c_1_10_3539,Lymphoid-T
c_1_10_3540,Endothelial
c_1_10_3541,Epithelial
c_1_10_3542,Lymphoid-T
c_1_10_3543,Lymphoid-B
c_1_10_3544,Lymphoid-DC
c_1_10_3545,Lymphoid-T
c_1_10_3546,Lymphoid-DC
c_1_10_3547,Endothelial
c_1_10_3548,Lymphoid-DC
c_1_10_3549,Lymphoid-DC
c_1_10_3550,Myeloid
c_1_10_3551,Lymphoid-DC
c_1_10_3552,Epithelial
c_1_10_3553,Lymphoid-Other
c_1_10_3554,Lymphoid-DC
c_1_10_3555,Endothelial
c_1_10_3556,Lymphoid-DC
c_1_10_3557,Lymphoid-DC
c_1_10_3558,Lymphoid-Other
c_1_10_3559,Lymphoid-Other
c_1_10_3560,Epithelial
c_1_10_3561,Epithelial
c_1_10_3562,Epithelial
c_1_10_3563,Epithelial
c_1_10_3564,Lymphoid-DC
c_1_10_3565,Lymphoid-Other
c_1_10_3566,Lymphoid-DC
c_1_10_3567,Lymphoid-Other
c_1_10_3568,Endothelial
c_1_10_3569,Endothelial
c_1_10_3570,None
c_1_10_3571,Lymphoid-T
c_1_10_3572,Lymphoid-T
c_1_10_3573,Lymphoid-Plasma
c_1_10_3574,Endothelial
c_1_10_3575,Lymphoid-T
c_1_10_3576,None
c_1_10_3577,Lymphoid-T
c_1_10_3578,Endothelial
c_1_10_3579,Lymphoid-T
c_1_10_3580,None
c_1_10_3581,Lymphoid-DC
c_1_10_3582,Lymphoid-DC
c_1_10_3583,Lymphoid-Other
c_1_10_3584,None
c_1_10_3585,Epithelial
c_1_10_3586,Lymphoid-T
c_1_10_3587,Endothelial
c_1_10_3588,Myeloid
c_1_10_3589,Epithelial
c_1_10_3590,Endothelial
c_1_10_3591,Lymphoid-B
c_1_10_3592,Lymphoid-T
c_1_10_3593,Epithelial
c_1_10_3594,Lymphoid-Other
c_1_10_3595,Lymphoid-DC
c_1_10_3596,Lymphoid-Other
c_1_10_3597,Lymphoid-Other
c_1_10_3598,Lymphoid-B
c_1_10_3599,Epithelial
c_1_10_3600,Lymphoid-DC
c_1_10_3601,Lymphoid-DC
c_1_10_3602,Lymphoid-T
c_1_10_3603,Mesenchymal-Stromal
c_1_10_3604,Myeloid
c_1_10_3605,Myeloid
c_1_10_3606,Epithelial
c_1_10_3607,Lymphoid-DC
c_1_10_3608,Epithelial
c_1_10_3609,Lymphoid-Other
c_1_10_3610,Lymphoid-B
c_1_10_3611,Lymphoid-T
c_1_10_3612,Mesenchymal-Stromal
c_1_10_3613,Lymphoid-B
c_1_10_3614,Lymphoid-B
c_1_10_3615,Neuronal-Glial
c_1_10_3616,Lymphoid-DC
c_1_10_3617,Lymphoid-T
c_1_10_3618,Lymphoid-DC
c_1_10_3619,Myeloid
c_1_10_3620,Myeloid
c_1_10_3621,Lymphoid-DC
c_1_10_3622,Lymphoid-DC
c_1_10_3623,Lymphoid-Other
c_1_10_3624,Lymphoid-DC
c_1_10_3625,Lymphoid-DC
c_1_10_3626,Lymphoid-T
c_1_10_3627,Lymphoid-DC
c_1_10_3628,Endothelial
c_1_10_3629,Endothelial
c_1_10_3630,Endothelial
c_1_10_3631,Lymphoid-B
c_1_10_3632,Lymphoid-DC
c_1_10_3633,Lymphoid-T
c_1_10_3634,Lymphoid-T
c_1_10_3635,Lymphoid-DC
c_1_10_3636,Myeloid
c_1_10_3637,Endothelial
c_1_10_3638,Lymphoid-Other
c_1_10_3639,Lymphoid-Other
c_1_10_3640,Endothelial
c_1_10_3641,Lymphoid-Other
c_1_10_3642,Lymphoid-DC
c_1_10_3643,Myeloid
c_1_10_3644,Lymphoid-Plasma
c_1_10_3645,Lymphoid-DC
c_1_10_3646,Stem
c_1_10_3647,Lymphoid-DC
c_1_10_3648,Lymphoid-DC
c_1_10_3649,Lymphoid-T
c_1_10_3650,Lymphoid-B
c_1_10_3651,Lymphoid-DC
c_1_10_3652,Lymphoid-T
c_1_10_3653,Endothelial
c_1_10_3654,Endothelial
c_1_10_3655,Lymphoid-B
c_1_10_3656,Lymphoid-T
c_1_10_3657,Epithelial
c_1_10_3658,Lymphoid-DC
c_1_10_3659,Endothelial
c_1_10_3660,Lymphoid-T
c_1_10_3661,Epithelial
c_1_10_3662,Myeloid
c_1_10_3663,None
c_1_10_3664,Lymphoid-DC
c_1_10_3665,Mesenchymal-Stromal
c_1_10_3666,Mesenchymal-Stromal
c_1_10_3667,Myeloid
c_1_10_3668,None
c_1_10_3669,Mesenchymal-Stromal
c_1_10_3670,Endothelial
c_1_10_3671,Lymphoid-DC
c_1_10_3672,Lymphoid-B
c_1_10_3673,Lymphoid-T
c_1_10_3674,None
c_1_10_3675,Endothelial
c_1_10_3676,Lymphoid-Other
c_1_10_3677,Lymphoid-DC
c_1_10_3678,Myeloid
c_1_10_3679,Lymphoid-DC
c_1_10_3680,Myeloid
c_1_10_3681,Endothelial
c_1_10_3682,Lymphoid-DC
c_1_10_3683,Endothelial
c_1_10_3684,Lymphoid-DC
c_1_10_3685,Endothelial
c_1_10_3686,Lymphoid-Other
c_1_10_3687,Lymphoid-DC
c_1_10_3688,Myeloid
c_1_10_3689,Lymphoid-DC
c_1_10_3690,None
c_1_10_3691,Lymphoid-T
c_1_10_3692,Myeloid
c_1_10_3693,Lymphoid-Plasma
c_1_10_3694,Lymphoid-Other
c_1_10_3695,Lymphoid-Other
c_1_10_3696,Lymphoid-T
c_1_10_3697,Endothelial
c_1_10_3698,Myeloid
c_1_10_3699,Lymphoid-T
c_1_10_3700,Lymphoid-DC
c_1_10_3701,Lymphoid-DC
c_1_10_3702,Lymphoid-Other
c_1_10_3703,Lymphoid-DC
c_1_10_3704,Lymphoid-DC
c_1_10_3705,Lymphoid-DC
c_1_10_3706,Lymphoid-T
c_1_10_3707,Myeloid
c_1_10_3708,Endothelial
c_1_10_3709,Lymphoid-Other
c_1_10_3710,Lymphoid-DC
c_1_10_3711,Lymphoid-DC
c_1_10_3712,Lymphoid-T
c_1_10_3713,Lymphoid-Other
c_1_10_3714,Myeloid
c_1_10_3715,Lymphoid-DC
c_1_10_3716,Endothelial
c_1_10_3717,Lymphoid-T
c_1_10_3718,Lymphoid-DC
c_1_10_3719,Myeloid
c_1_10_3720,Lymphoid-DC
c_1_10_3721,Myeloid
c_1_10_3722,Lymphoid-DC
c_1_10_3723,Lymphoid-DC
c_1_10_3724,Lymphoid-DC
c_1_10_3725,Lymphoid-DC
c_1_10_3726,Lymphoid-DC
c_1_10_3727,Lymphoid-DC
c_1_10_3728,Endothelial
c_1_10_3729,Epithelial
c_1_10_3730,Lymphoid-DC
c_1_10_3731,Lymphoid-DC
c_1_10_3732,Mesenchymal-Stromal
c_1_10_3733,None
c_1_10_3734,Lymphoid-T
c_1_10_3735,Lymphoid-DC
c_1_10_3736,Lymphoid-Plasma
c_1_10_3737,Lymphoid-DC
c_1_10_3738,Endothelial
c_1_10_3739,Lymphoid-T
c_1_10_3740,Lymphoid-Other
c_1_10_3741,Lymphoid-DC
c_1_10_3742,Lymphoid-T
c_1_10_3743,Stem
c_1_10_3744,Lymphoid-DC
c_1_10_3745,Lymphoid-DC
c_1_10_3746,Lymphoid-T
c_1_10_3747,Neuronal-Glial
c_1_10_3748,Lymphoid-DC
c_1_10_3749,None
c_1_10_3750,Lymphoid-DC
c_1_10_3751,Lymphoid-DC
c_1_10_3752,Epithelial
c_1_10_3753,Stem
c_1_10_3754,Epithelial
c_1_10_3755,Lymphoid-Plasma
c_1_10_3756,Myeloid
c_1_10_3757,Lymphoid-T
c_1_10_3758,Myeloid
c_1_10_3759,Lymphoid-DC
c_1_10_3760,Lymphoid-Other
c_1_10_3761,Lymphoid-DC
c_1_10_3762,Lymphoid-DC
c_1_10_3763,Lymphoid-DC
c_1_10_3764,Lymphoid-DC
c_1_10_3765,Epithelial
c_1_10_3766,Lymphoid-DC
c_1_10_3767,Lymphoid-DC
c_1_10_3768,Lymphoid-DC
c_1_10_3769,Endothelial
c_1_10_3770,Lymphoid-Other
c_1_10_3771,Endothelial
c_1_10_3772,Lymphoid-DC
c_1_10_3773,Lymphoid-T
c_1_10_3774,Epithelial
c_1_10_3775,Endothelial
c_1_10_3776,Stem
c_1_10_3777,Endothelial
c_1_10_3778,Lymphoid-DC
c_1_10_3779,Epithelial
c_1_10_3780,Lymphoid-DC
c_1_10_3781,Myeloid
c_1_10_3782,Lymphoid-DC
c_1_10_3783,Epithelial
c_1_10_3784,Lymphoid-DC
c_1_10_3785,Endothelial
c_1_10_3786,Lymphoid-DC
c_1_10_3787,Lymphoid-T
c_1_10_3788,Endothelial
c_1_10_3789,Lymphoid-DC
c_1_10_3790,Myeloid
c_1_10_3791,Lymphoid-T
c_1_10_3792,Lymphoid-T
c_1_10_3793,Lymphoid-Other
c_1_10_3794,Epithelial
c_1_10_3795,Myeloid
c_1_10_3796,Lymphoid-DC
c_1_10_3797,Lymphoid-Other
c_1_10_3798,Lymphoid-DC
c_1_10_3799,Neuronal-Glial
c_1_10_3800,Lymphoid-B
c_1_10_3801,Lymphoid-DC
c_1_10_3802,Endothelial
c_1_10_3803,Endothelial
c_1_10_3804,Lymphoid-DC
c_1_10_3805,Myeloid
c_1_10_3806,Myeloid
c_1_10_3807,Lymphoid-DC
c_1_10_3808,Lymphoid-DC
c_1_10_3809,Mesenchymal-Stromal
c_1_10_3810,Endothelial
c_1_10_3811,Epithelial
c_1_10_3812,Epithelial
c_1_10_3813,Lymphoid-DC
c_1_10_3814,Lymphoid-DC
c_1_10_3815,Lymphoid-DC
c_1_10_3816,Endothelial
c_1_10_3817,Lymphoid-DC
c_1_10_3818,Lymphoid-DC
c_1_10_3819,Lymphoid-T
c_1_10_3820,None
c_1_10_3821,Lymphoid-T
c_1_10_3822,Lymphoid-T
c_1_10_3823,Lymphoid-DC
c_1_10_3824,Lymphoid-DC
c_1_10_3825,Lymphoid-T
c_1_10_3826,Myeloid
c_1_10_3827,Epithelial
c_1_10_3828,Lymphoid-DC
c_1_10_3829,Lymphoid-DC
c_1_10_3830,Lymphoid-B
c_1_10_3831,Lymphoid-Other
c_1_10_3832,Lymphoid-T
c_1_10_3833,Lymphoid-DC
c_1_10_3834,Lymphoid-DC
c_1_10_3835,Lymphoid-Other
c_1_10_3836,Endothelial
c_1_10_3837,Lymphoid-DC
c_1_10_3838,Epithelial
c_1_10_3839,Epithelial
c_1_10_3840,Epithelial
c_1_10_3841,Lymphoid-Other
c_1_10_3842,Lymphoid-DC
c_1_10_3843,Lymphoid-T
c_1_10_3844,Lymphoid-DC
c_1_10_3845,Lymphoid-DC
c_1_10_3846,Lymphoid-DC
c_1_10_3847,Lymphoid-DC
c_1_10_3848,Lymphoid-DC
c_1_10_3849,Lymphoid-T
c_1_10_3850,Epithelial
c_1_10_3851,Mesenchymal-Stromal
c_1_10_3852,Endothelial
c_1_10_3853,Myeloid
c_1_10_3854,Epithelial
c_1_10_3855,Lymphoid-Other
c_1_10_3856,Lymphoid-DC
c_1_10_3857,Lymphoid-DC
c_1_10_3858,Myeloid
c_1_10_3859,Epithelial
c_1_10_3860,Lymphoid-T
c_1_10_3861,Endothelial
c_1_10_3862,Lymphoid-T
c_1_10_3863,Lymphoid-T
c_1_10_3864,Lymphoid-T
c_1_10_3865,Myeloid
c_1_10_3866,Lymphoid-DC
c_1_10_3867,Epithelial
c_1_10_3868,Stem
c_1_10_3869,Lymphoid-B
c_1_10_3870,Epithelial
c_1_10_3871,Epithelial
c_1_10_3872,Lymphoid-DC
c_1_10_3873,Epithelial
c_1_10_3874,Mesenchymal-Stromal
c_1_10_3875,Stem
c_1_10_3876,Lymphoid-T
c_1_10_3877,Epithelial
c_1_10_3878,Lymphoid-DC
c_1_10_3879,Lymphoid-DC
c_1_10_3880,Myeloid
c_1_10_3881,Lymphoid-Other
c_1_10_3882,Lymphoid-DC
c_1_10_3883,Lymphoid-T
c_1_10_3884,Lymphoid-T
c_1_10_3885,Epithelial
c_1_10_3886,Lymphoid-DC
c_1_10_3887,Endothelial
c_1_10_3888,Endothelial
c_1_10_3889,Epithelial
c_1_10_3890,Lymphoid-T
c_1_10_3891,Lymphoid-T
c_1_10_3892,Endothelial
c_1_10_3893,Myeloid
c_1_10_3894,Lymphoid-DC
c_1_10_3895,Endothelial
c_1_10_3896,Lymphoid-B
c_1_10_3897,None
c_1_10_3898,Epithelial
c_1_10_3899,Lymphoid-Plasma
c_1_10_3900,Lymphoid-Other
c_1_10_3901,Epithelial
c_1_10_3902,Endothelial
c_1_10_3903,Epithelial
c_1_10_3904,Lymphoid-Other
c_1_10_3905,Lymphoid-T
c_1_10_3906,Lymphoid-DC
c_1_10_3907,Myeloid
c_1_10_3908,Epithelial
c_1_10_3909,Endothelial
c_1_10_3910,Endothelial
c_1_10_3911,Endothelial
c_1_10_3912,Lymphoid-T
c_1_10_3913,Endothelial
c_1_10_3914,Lymphoid-T
c_1_10_3915,Lymphoid-T
c_1_10_3916,Epithelial
c_1_10_3917,Lymphoid-T
c_1_10_3918,Lymphoid-Other
c_1_10_3919,Endothelial
c_1_10_3920,Lymphoid-T
c_1_10_3921,Myeloid
c_1_10_3922,Lymphoid-T
c_1_10_3923,Epithelial
c_1_10_3924,Lymphoid-Plasma
c_1_10_3925,Epithelial
c_1_10_3926,Lymphoid-Other
c_1_10_3927,Epithelial
c_1_10_3928,Myeloid
c_1_10_3929,Myeloid
c_1_10_3930,Endothelial
c_1_10_3931,Myeloid
c_1_10_3932,Myeloid
c_1_10_3933,Epithelial
c_1_10_3934,Lymphoid-DC
c_1_10_3935,Lymphoid-DC
c_1_10_3936,None
c_1_10_3937,Lymphoid-Other
c_1_10_3938,Lymphoid-T
c_1_10_3939,Mesenchymal-Stromal
c_1_10_3940,Endothelial
c_1_11_1,Lymphoid-DC
c_1_11_2,Lymphoid-Other
c_1_11_3,Lymphoid-DC
c_1_11_4,Lymphoid-DC
c_1_11_5,Lymphoid-DC
c_1_11_6,Lymphoid-DC
c_1_11_7,Lymphoid-DC
c_1_11_8,Lymphoid-DC
c_1_11_9,Stem
c_1_11_10,None
c_1_11_11,Lymphoid-DC
c_1_11_12,Epithelial
c_1_11_13,Lymphoid-DC
c_1_11_14,Mesenchymal-Stromal
c_1_11_15,Epithelial
c_1_11_16,Lymphoid-T
c_1_11_17,Lymphoid-DC
c_1_11_18,Endothelial
c_1_11_19,Epithelial
c_1_11_20,Lymphoid-T
c_1_11_21,Epithelial
c_1_11_22,Lymphoid-DC
c_1_11_23,Lymphoid-DC
c_1_11_24,Lymphoid-T
c_1_11_25,Mesenchymal-Stromal
c_1_11_26,Lymphoid-T
c_1_11_27,Epithelial
c_1_11_28,Stem
c_1_11_29,Epithelial
c_1_11_30,Myeloid
c_1_11_31,Lymphoid-DC
c_1_11_32,Epithelial
c_1_11_33,Neuronal-Glial
c_1_11_34,Epithelial
c_1_11_35,Stem
c_1_11_36,Lymphoid-Plasma
c_1_11_37,Lymphoid-Other
c_1_11_38,Lymphoid-Other
c_1_11_39,Lymphoid-T
c_1_11_40,Mesenchymal-Stromal
c_1_11_41,Mesenchymal-Stromal
c_1_11_42,Myeloid
c_1_11_43,Lymphoid-T
c_1_11_44,Epithelial
c_1_11_45,Lymphoid-Other
c_1_11_46,Lymphoid-T
c_1_11_47,Neuronal-Glial
c_1_11_48,Lymphoid-T
c_1_11_49,Lymphoid-Plasma
c_1_11_50,Lymphoid-DC
c_1_11_51,Lymphoid-T
c_1_11_52,Lymphoid-Plasma
c_1_11_53,Lymphoid-T
c_1_11_54,Lymphoid-DC
c_1_11_55,Epithelial
c_1_11_56,Epithelial
c_1_11_57,Lymphoid-Plasma
c_1_11_58,Neuronal-Glial
c_1_11_59,Endothelial
c_1_11_60,Lymphoid-T
c_1_11_61,Lymphoid-T
c_1_11_62,Endothelial
c_1_11_63,Lymphoid-DC
c_1_11_64,Lymphoid-DC
c_1_11_65,Epithelial
c_1_11_66,Lymphoid-DC
c_1_11_67,Epithelial
c_1_11_68,Lymphoid-Plasma
c_1_11_69,Lymphoid-Plasma
c_1_11_70,Epithelial
c_1_11_71,Lymphoid-DC
c_1_11_72,Stem
c_1_11_73,Lymphoid-Plasma
c_1_11_74,Endothelial
c_1_11_75,Lymphoid-T
c_1_11_76,Lymphoid-T
c_1_11_77,Lymphoid-DC
c_1_11_78,Lymphoid-DC
c_1_11_79,Lymphoid-T
c_1_11_80,Myeloid
c_1_11_81,Lymphoid-DC
c_1_11_82,Myeloid
c_1_11_83,Endothelial
c_1_11_84,Mesenchymal-Stromal
c_1_11_85,Lymphoid-DC
c_1_11_86,Myeloid
c_1_11_87,Endothelial
c_1_11_88,Myeloid
c_1_11_89,Myeloid
c_1_11_90,Endothelial
c_1_11_91,None
c_1_11_92,Myeloid
c_1_11_93,Lymphoid-Plasma
c_1_11_94,Lymphoid-DC
c_1_11_95,Lymphoid-T
c_1_11_96,Lymphoid-DC
c_1_11_97,Lymphoid-Plasma
c_1_11_98,Lymphoid-DC
c_1_11_99,Myeloid
c_1_11_100,None
c_1_11_101,Lymphoid-T
c_1_11_102,Lymphoid-T
c_1_11_103,Epithelial
c_1_11_104,Lymphoid-DC
c_1_11_105,None
c_1_11_106,Epithelial
c_1_11_107,Lymphoid-T
c_1_11_108,Myeloid
c_1_11_109,Epithelial
c_1_11_110,Myeloid
c_1_11_111,Lymphoid-DC
c_1_11_112,Epithelial
c_1_11_113,None
c_1_11_114,Lymphoid-T
c_1_11_115,Lymphoid-DC
c_1_11_116,Lymphoid-DC
c_1_11_117,Lymphoid-Plasma
c_1_11_118,Myeloid
c_1_11_119,Lymphoid-DC
c_1_11_120,Lymphoid-DC
c_1_11_121,Lymphoid-Plasma
c_1_11_122,Lymphoid-Plasma
c_1_11_123,Myeloid
c_1_11_124,Lymphoid-Plasma
c_1_11_125,Lymphoid-Other
c_1_11_126,Lymphoid-T
c_1_11_127,Stem
c_1_11_128,Lymphoid-DC
c_1_11_129,Lymphoid-T
c_1_11_130,Lymphoid-Plasma
c_1_11_131,Lymphoid-T
c_1_11_132,Lymphoid-Plasma
c_1_11_133,Lymphoid-Plasma
c_1_11_134,Myeloid
c_1_11_135,Lymphoid-T
c_1_11_136,Epithelial
c_1_11_137,Lymphoid-T
c_1_11_138,Lymphoid-DC
c_1_11_139,Lymphoid-DC
c_1_11_140,Lymphoid-Plasma
c_1_11_141,Lymphoid-Plasma
c_1_11_142,Lymphoid-Plasma
c_1_11_143,Lymphoid-Other
c_1_11_144,Epithelial
c_1_11_145,Lymphoid-DC
c_1_11_146,Lymphoid-Plasma
c_1_11_147,Neuronal-Glial
c_1_11_148,Lymphoid-DC
c_1_11_149,Lymphoid-Plasma
c_1_11_150,Epithelial
c_1_11_151,Epithelial
c_1_11_152,Lymphoid-DC
c_1_11_153,Myeloid
c_1_11_154,Lymphoid-T
c_1_11_155,Lymphoid-Other
c_1_11_156,Lymphoid-DC
c_1_11_157,Epithelial
c_1_11_158,Stem
c_1_11_159,Lymphoid-DC
c_1_11_160,Lymphoid-T
c_1_11_161,Endothelial
c_1_11_162,Lymphoid-Plasma
c_1_11_163,Neuronal-Glial
c_1_11_164,Epithelial
c_1_11_165,Lymphoid-DC
c_1_11_166,Lymphoid-DC
c_1_11_167,Lymphoid-DC
c_1_11_168,None
c_1_11_169,Lymphoid-Plasma
c_1_11_170,Lymphoid-DC
c_1_11_171,Endothelial
c_1_11_172,Lymphoid-DC
c_1_11_173,Lymphoid-Plasma
c_1_11_174,Lymphoid-T
c_1_11_175,Lymphoid-T
c_1_11_176,Endothelial
c_1_11_177,Lymphoid-Plasma
c_1_11_178,Myeloid
c_1_11_179,Lymphoid-Plasma
c_1_11_180,Lymphoid-DC
c_1_11_181,Lymphoid-Other
c_1_11_182,Lymphoid-Plasma
c_1_11_183,Lymphoid-T
c_1_11_184,Lymphoid-Plasma
c_1_11_185,Lymphoid-Plasma
c_1_11_186,Lymphoid-Plasma
c_1_11_187,Epithelial
c_1_11_188,Lymphoid-Plasma
c_1_11_189,Lymphoid-Plasma
c_1_11_190,Lymphoid-Plasma
c_1_11_191,None
c_1_11_192,Lymphoid-T
c_1_11_193,Lymphoid-Plasma
c_1_11_194,Lymphoid-Plasma
c_1_11_195,Lymphoid-Plasma
c_1_11_196,Epithelial
c_1_11_197,Mesenchymal-Stromal
c_1_11_198,Lymphoid-Plasma
c_1_11_199,Lymphoid-Plasma
c_1_11_200,None
c_1_11_201,Lymphoid-DC
c_1_11_202,Lymphoid-DC
c_1_11_203,Lymphoid-DC
c_1_11_204,Lymphoid-Other
c_1_11_205,Lymphoid-Plasma
c_1_11_206,Epithelial
c_1_11_207,Stem
c_1_11_208,Lymphoid-Plasma
c_1_11_209,Lymphoid-Plasma
c_1_11_210,Myeloid
c_1_11_211,Lymphoid-T
c_1_11_212,Lymphoid-DC
c_1_11_213,Lymphoid-Plasma
c_1_11_214,Epithelial
c_1_11_215,Lymphoid-DC
c_1_11_216,Lymphoid-DC
c_1_11_217,None
c_1_11_218,Lymphoid-Plasma
c_1_11_219,Mesenchymal-Stromal
c_1_11_220,Lymphoid-DC
c_1_11_221,Lymphoid-DC
c_1_11_222,Lymphoid-Plasma
c_1_11_223,Endothelial
c_1_11_224,None
c_1_11_225,Myeloid
c_1_11_226,Epithelial
c_1_11_227,Lymphoid-T
c_1_11_228,Lymphoid-DC
c_1_11_229,Lymphoid-DC
c_1_11_230,None
c_1_11_231,None
c_1_11_232,Endothelial
c_1_11_233,Myeloid
c_1_11_234,Myeloid
c_1_11_235,Myeloid
c_1_11_236,Epithelial
c_1_11_237,Lymphoid-T
c_1_11_238,Epithelial
c_1_11_239,Lymphoid-Plasma
c_1_11_240,Lymphoid-DC
c_1_11_241,Endothelial
c_1_11_242,None
c_1_11_243,Epithelial
c_1_11_244,Myeloid
c_1_11_245,Lymphoid-T
c_1_11_246,Myeloid
c_1_11_247,Lymphoid-DC
c_1_11_248,Lymphoid-Plasma
c_1_11_249,Lymphoid-DC
c_1_11_250,Lymphoid-DC
c_1_11_251,Lymphoid-DC
c_1_11_252,Epithelial
c_1_11_253,Myeloid
c_1_11_254,Lymphoid-DC
c_1_11_255,Stem
c_1_11_256,Lymphoid-T
c_1_11_257,Lymphoid-DC
c_1_11_258,Myeloid
c_1_11_259,None
c_1_11_260,Lymphoid-DC
c_1_11_261,None
c_1_11_262,Epithelial
c_1_11_263,Epithelial
c_1_11_264,Epithelial
c_1_11_265,Epithelial
c_1_11_266,Lymphoid-T
c_1_11_267,Myeloid
c_1_11_268,Lymphoid-T
c_1_11_269,None
c_1_11_270,Lymphoid-Plasma
c_1_11_271,Lymphoid-DC
c_1_11_272,Stem
c_1_11_273,Epithelial
c_1_11_274,Lymphoid-Plasma
c_1_11_275,Epithelial
c_1_11_276,Epithelial
c_1_11_277,Lymphoid-DC
c_1_11_278,None
c_1_11_279,Stem
c_1_11_280,Epithelial
c_1_11_281,Lymphoid-T
c_1_11_282,Lymphoid-Plasma
c_1_11_283,Epithelial
c_1_11_284,Lymphoid-Plasma
c_1_11_285,Lymphoid-DC
c_1_11_286,Epithelial
c_1_11_287,None
c_1_11_288,Lymphoid-T
c_1_11_289,Epithelial
c_1_11_290,Lymphoid-DC
c_1_11_291,Epithelial
c_1_11_292,Mesenchymal-Stromal
c_1_11_293,Lymphoid-DC
c_1_11_294,Lymphoid-T
c_1_11_295,Lymphoid-DC
c_1_11_296,Lymphoid-Plasma
c_1_11_297,Epithelial
c_1_11_298,Epithelial
c_1_11_299,Epithelial
c_1_11_300,Lymphoid-DC
c_1_11_301,Epithelial
c_1_11_302,Myeloid
c_1_11_303,Lymphoid-DC
c_1_11_304,Lymphoid-DC
c_1_11_305,Lymphoid-Plasma
c_1_11_306,Lymphoid-T
c_1_11_307,Epithelial
c_1_11_308,Lymphoid-Plasma
c_1_11_309,Myeloid
c_1_11_310,Endothelial
c_1_11_311,Lymphoid-Plasma
c_1_11_312,None
c_1_11_313,Lymphoid-DC
c_1_11_314,Lymphoid-DC
c_1_11_315,Lymphoid-DC
c_1_11_316,Epithelial
c_1_11_317,Lymphoid-DC
c_1_11_318,Lymphoid-T
c_1_11_319,Myeloid
c_1_11_320,Myeloid
c_1_11_321,Lymphoid-T
c_1_11_322,Lymphoid-Plasma
c_1_11_323,Epithelial
c_1_11_324,Lymphoid-DC
c_1_11_325,Epithelial
c_1_11_326,Myeloid
c_1_11_327,Lymphoid-Plasma
c_1_11_328,Endothelial
c_1_11_329,Epithelial
c_1_11_330,None
c_1_11_331,Lymphoid-DC
c_1_11_332,Epithelial
c_1_11_333,Lymphoid-DC
c_1_11_334,Lymphoid-T
c_1_11_335,Lymphoid-DC
c_1_11_336,Endothelial
c_1_11_337,Lymphoid-T
c_1_11_338,Lymphoid-DC
c_1_11_339,Lymphoid-Plasma
c_1_11_340,Lymphoid-DC
c_1_11_341,Lymphoid-DC
c_1_11_342,Lymphoid-DC
c_1_11_343,Lymphoid-T
c_1_11_344,Stem
c_1_11_345,Lymphoid-DC
c_1_11_346,Lymphoid-DC
c_1_11_347,Lymphoid-DC
c_1_11_348,Stem
c_1_11_349,Lymphoid-T
c_1_11_350,Myeloid
c_1_11_351,Epithelial
c_1_11_352,Lymphoid-T
c_1_11_353,Lymphoid-DC
c_1_11_354,Lymphoid-DC
c_1_11_355,Endothelial
c_1_11_356,Lymphoid-DC
c_1_11_357,Epithelial
c_1_11_358,Epithelial
c_1_11_359,Lymphoid-DC
c_1_11_360,Lymphoid-DC
c_1_11_361,Lymphoid-DC
c_1_11_362,Lymphoid-DC
c_1_11_363,Lymphoid-Other
c_1_11_364,Neuronal-Glial
c_1_11_365,Myeloid
c_1_11_366,Lymphoid-DC
c_1_11_367,Lymphoid-DC
c_1_11_368,Lymphoid-DC
c_1_11_369,Lymphoid-DC
c_1_11_370,Lymphoid-Plasma
c_1_11_371,Lymphoid-DC
c_1_11_372,Lymphoid-Plasma
c_1_11_373,Lymphoid-DC
c_1_11_374,Lymphoid-Other
c_1_11_375,Lymphoid-DC
c_1_11_376,Lymphoid-DC
c_1_11_377,Lymphoid-DC
c_1_11_378,Lymphoid-DC
c_1_11_379,Epithelial
c_1_11_380,Lymphoid-T
c_1_11_381,Lymphoid-DC
c_1_11_382,Endothelial
c_1_11_383,Stem
c_1_11_384,Lymphoid-DC
c_1_11_385,Lymphoid-T
c_1_11_386,Lymphoid-DC
c_1_11_387,Endothelial
c_1_11_388,Lymphoid-DC
c_1_11_389,Epithelial
c_1_11_390,Lymphoid-DC
c_1_11_391,Lymphoid-DC
c_1_11_392,Lymphoid-T
c_1_11_393,Endothelial
c_1_11_394,Lymphoid-DC
c_1_11_395,Lymphoid-DC
c_1_11_396,Lymphoid-DC
c_1_11_397,Lymphoid-DC
c_1_11_398,Lymphoid-Plasma
c_1_11_399,Epithelial
c_1_11_400,Endothelial
c_1_11_401,Stem
c_1_11_402,Epithelial
c_1_11_403,Lymphoid-Other
c_1_11_404,Stem
c_1_11_405,Lymphoid-DC
c_1_11_406,Lymphoid-DC
c_1_11_407,None
c_1_11_408,Epithelial
c_1_11_409,None
c_1_11_410,Endothelial
c_1_11_411,Lymphoid-T
c_1_11_412,Epithelial
c_1_11_413,Lymphoid-DC
c_1_11_414,Lymphoid-Plasma
c_1_11_415,Lymphoid-DC
c_1_11_416,Epithelial
c_1_11_417,Endothelial
c_1_11_418,Epithelial
c_1_11_419,Lymphoid-DC
c_1_11_420,Lymphoid-T
c_1_11_421,Lymphoid-Plasma
c_1_11_422,Epithelial
c_1_11_423,Lymphoid-DC
c_1_11_424,Epithelial
c_1_11_425,Lymphoid-T
c_1_11_426,Lymphoid-DC
c_1_11_427,None
c_1_11_428,Lymphoid-DC
c_1_11_429,Lymphoid-T
c_1_11_430,Lymphoid-DC
c_1_11_431,Myeloid
c_1_11_432,Endothelial
c_1_11_433,Lymphoid-DC
c_1_11_434,Lymphoid-DC
c_1_11_435,Lymphoid-DC
c_1_11_436,Lymphoid-Plasma
c_1_11_437,Lymphoid-DC
c_1_11_438,Lymphoid-T
c_1_11_439,Lymphoid-B
c_1_11_440,Lymphoid-DC
c_1_11_441,Lymphoid-DC
c_1_11_442,Lymphoid-DC
c_1_11_443,Epithelial
c_1_11_444,Lymphoid-DC
c_1_11_445,Epithelial
c_1_11_446,Lymphoid-DC
c_1_11_447,Lymphoid-DC
c_1_11_448,Lymphoid-T
c_1_11_449,Epithelial
c_1_11_450,Lymphoid-DC
c_1_11_451,Lymphoid-DC
c_1_11_452,Epithelial
c_1_11_453,Lymphoid-DC
c_1_11_454,Lymphoid-DC
c_1_11_455,Lymphoid-DC
c_1_11_456,Lymphoid-DC
c_1_11_457,Lymphoid-DC
c_1_11_458,Lymphoid-DC
c_1_11_459,Epithelial
c_1_11_460,Lymphoid-DC
c_1_11_461,Lymphoid-DC
c_1_11_462,Epithelial
c_1_11_463,Lymphoid-Other
c_1_11_464,Lymphoid-DC
c_1_11_465,Lymphoid-DC
c_1_11_466,Lymphoid-Plasma
c_1_11_467,Lymphoid-T
c_1_11_468,Epithelial
c_1_11_469,Epithelial
c_1_11_470,Lymphoid-DC
c_1_11_471,Lymphoid-Plasma
c_1_11_472,Epithelial
c_1_11_473,Lymphoid-DC
c_1_11_474,Lymphoid-DC
c_1_11_475,Lymphoid-DC
c_1_11_476,Epithelial
c_1_11_477,Lymphoid-T
c_1_11_478,None
c_1_11_479,Lymphoid-DC
c_1_11_480,Lymphoid-DC
c_1_11_481,Epithelial
c_1_11_482,Epithelial
c_1_11_483,Epithelial
c_1_11_484,Lymphoid-DC
c_1_11_485,Lymphoid-DC
c_1_11_486,Lymphoid-DC
c_1_11_487,Lymphoid-DC
c_1_11_488,Epithelial
c_1_11_489,Lymphoid-DC
c_1_11_490,Lymphoid-DC
c_1_11_491,Epithelial
c_1_11_492,None
c_1_11_493,Epithelial
c_1_11_494,Lymphoid-DC
c_1_11_495,Epithelial
c_1_11_496,Lymphoid-DC
c_1_11_497,Lymphoid-DC
c_1_11_498,Myeloid
c_1_11_499,Epithelial
c_1_11_500,Lymphoid-DC
c_1_11_501,Lymphoid-DC
c_1_11_502,Lymphoid-DC
c_1_11_503,Epithelial
c_1_11_504,Lymphoid-DC
c_1_11_505,Epithelial
c_1_11_506,Lymphoid-DC
c_1_11_507,Endothelial
c_1_11_508,Epithelial
c_1_11_509,Epithelial
c_1_11_510,Lymphoid-DC
c_1_11_511,Lymphoid-DC
c_1_11_512,Endothelial
c_1_11_513,Myeloid
c_1_11_514,Myeloid
c_1_11_515,Lymphoid-DC
c_1_11_516,None
c_1_11_517,Lymphoid-DC
c_1_11_518,Lymphoid-DC
c_1_11_519,Myeloid
c_1_11_520,Epithelial
c_1_11_521,Lymphoid-DC
c_1_11_522,None
c_1_11_523,Lymphoid-DC
c_1_11_524,Myeloid
c_1_11_525,Lymphoid-DC
c_1_11_526,Lymphoid-DC
c_1_11_527,Epithelial
c_1_11_528,Myeloid
c_1_11_529,Myeloid
c_1_11_530,Myeloid
c_1_11_531,Epithelial
c_1_11_532,Lymphoid-DC
c_1_11_533,Lymphoid-DC
c_1_11_534,None
c_1_11_535,Myeloid
c_1_11_536,Lymphoid-DC
c_1_11_537,Lymphoid-DC
c_1_11_538,Myeloid
c_1_11_539,None
c_1_11_540,Lymphoid-DC
c_1_11_541,Lymphoid-DC
c_1_11_542,Lymphoid-DC
c_1_11_543,Lymphoid-B
c_1_11_544,None
c_1_11_545,Lymphoid-DC
c_1_11_546,Lymphoid-DC
c_1_11_547,Myeloid
c_1_11_548,Lymphoid-DC
c_1_11_549,Epithelial
c_1_11_550,Lymphoid-DC
c_1_11_551,Lymphoid-DC
c_1_11_552,Lymphoid-B
c_1_11_553,Myeloid
c_1_11_554,None
c_1_11_555,Lymphoid-DC
c_1_11_556,Lymphoid-DC
c_1_11_557,Epithelial
c_1_11_558,Epithelial
c_1_11_559,Myeloid
c_1_11_560,Myeloid
c_1_11_561,Lymphoid-DC
c_1_11_562,Lymphoid-DC
c_1_11_563,Lymphoid-DC
c_1_11_564,Lymphoid-DC
c_1_11_565,Lymphoid-DC
c_1_11_566,Lymphoid-DC
c_1_11_567,Myeloid
c_1_11_568,Lymphoid-T
c_1_11_569,Lymphoid-DC
c_1_11_570,Myeloid
c_1_11_571,Epithelial
c_1_11_572,Myeloid
c_1_11_573,Epithelial
c_1_11_574,Epithelial
c_1_11_575,Lymphoid-DC
c_1_11_576,Lymphoid-DC
c_1_11_577,Epithelial
c_1_11_578,Epithelial
c_1_11_579,Lymphoid-DC
c_1_11_580,Epithelial
c_1_11_581,Epithelial
c_1_11_582,Lymphoid-DC
c_1_11_583,None
c_1_11_584,Epithelial
c_1_11_585,Myeloid
c_1_11_586,Epithelial
c_1_11_587,Lymphoid-DC
c_1_11_588,Lymphoid-DC
c_1_11_589,Epithelial
c_1_11_590,Epithelial
c_1_11_591,Epithelial
c_1_11_592,Lymphoid-DC
c_1_11_593,Epithelial
c_1_11_594,Epithelial
c_1_11_595,Epithelial
c_1_11_596,Epithelial
c_1_11_597,Lymphoid-DC
c_1_11_598,Epithelial
c_1_11_599,Epithelial
c_1_11_600,Epithelial
c_1_11_601,Lymphoid-DC
c_1_11_602,Myeloid
c_1_11_603,Lymphoid-T
c_1_11_604,Epithelial
c_1_11_605,Epithelial
c_1_11_606,Epithelial
c_1_11_607,None
c_1_11_608,Lymphoid-DC
c_1_11_609,None
c_1_11_610,Epithelial
c_1_11_611,Epithelial
c_1_11_612,Lymphoid-DC
c_1_11_613,Myeloid
c_1_11_614,Epithelial
c_1_11_615,Lymphoid-DC
c_1_11_616,Epithelial
c_1_11_617,Epithelial
c_1_11_618,Epithelial
c_1_11_619,Lymphoid-DC
c_1_11_620,Lymphoid-DC
c_1_11_621,Stem
c_1_11_622,Epithelial
c_1_11_623,Epithelial
c_1_11_624,Epithelial
c_1_11_625,Epithelial
c_1_11_626,Lymphoid-DC
c_1_11_627,Epithelial
c_1_11_628,Epithelial
c_1_11_629,Lymphoid-DC
c_1_11_630,Lymphoid-DC
c_1_11_631,Epithelial
c_1_11_632,Lymphoid-DC
c_1_11_633,Lymphoid-DC
c_1_11_634,Myeloid
c_1_11_635,Epithelial
c_1_11_636,Myeloid
c_1_11_637,None
c_1_11_638,Epithelial
c_1_11_639,Epithelial
c_1_11_640,Epithelial
c_1_11_641,Lymphoid-DC
c_1_11_642,Epithelial
c_1_11_643,Epithelial
c_1_11_644,Lymphoid-DC
c_1_11_645,Epithelial
c_1_11_646,Lymphoid-DC
c_1_11_647,Epithelial
c_1_11_648,Lymphoid-DC
c_1_11_649,None
c_1_11_650,None
c_1_11_651,Epithelial
c_1_11_652,Mesenchymal-Stromal
c_1_11_653,Epithelial
c_1_11_654,Stem
c_1_11_655,Lymphoid-T
c_1_11_656,Lymphoid-T
c_1_11_657,Lymphoid-T
c_1_11_658,Epithelial
c_1_11_659,Epithelial
c_1_11_660,Lymphoid-Plasma
c_1_11_661,Neuronal-Glial
c_1_11_662,Epithelial
c_1_11_663,Epithelial
c_1_11_664,Lymphoid-T
c_1_11_665,Epithelial
c_1_11_666,Epithelial
c_1_11_667,Lymphoid-T
c_1_11_668,Epithelial
c_1_11_669,Epithelial
c_1_11_670,Lymphoid-T
c_1_11_671,Epithelial
c_1_11_672,Lymphoid-T
c_1_11_673,None
c_1_11_674,Endothelial
c_1_11_675,None
c_1_11_676,Endothelial
c_1_11_677,Lymphoid-DC
c_1_11_678,Myeloid
c_1_11_679,Lymphoid-DC
c_1_11_680,Lymphoid-DC
c_1_11_681,Lymphoid-Other
c_1_11_682,Epithelial
c_1_11_683,Endothelial
c_1_11_684,Epithelial
c_1_11_685,Epithelial
c_1_11_686,None
c_1_11_687,Lymphoid-Other
c_1_11_688,Epithelial
c_1_11_689,Epithelial
c_1_11_690,Lymphoid-T
c_1_11_691,Epithelial
c_1_11_692,Lymphoid-T
c_1_11_693,Epithelial
c_1_11_694,Mesenchymal-Stromal
c_1_11_695,Neuronal-Glial
c_1_11_696,Epithelial
c_1_11_697,Epithelial
c_1_11_698,Lymphoid-T
c_1_11_699,Lymphoid-T
c_1_11_700,Mesenchymal-Stromal
c_1_11_701,Lymphoid-Plasma
c_1_11_702,Lymphoid-T
c_1_11_703,Endothelial
c_1_11_704,Lymphoid-T
c_1_11_705,Lymphoid-T
c_1_11_706,Lymphoid-Plasma
c_1_11_707,Epithelial
c_1_11_708,None
c_1_11_709,Epithelial
c_1_11_710,Lymphoid-T
c_1_11_711,Epithelial
c_1_11_712,None
c_1_11_713,Lymphoid-Plasma
c_1_11_714,Lymphoid-T
c_1_11_715,Lymphoid-Other
c_1_11_716,Epithelial
c_1_11_717,Epithelial
c_1_11_718,Lymphoid-Other
c_1_11_719,Epithelial
c_1_11_720,Mesenchymal-Stromal
c_1_11_721,Epithelial
c_1_11_722,Lymphoid-T
c_1_11_723,Lymphoid-T
c_1_11_724,Lymphoid-T
c_1_11_725,Lymphoid-Plasma
c_1_11_726,Epithelial
c_1_11_727,Epithelial
c_1_11_728,Epithelial
c_1_11_729,Lymphoid-Other
c_1_11_730,Epithelial
c_1_11_731,Epithelial
c_1_11_732,Lymphoid-T
c_1_11_733,Epithelial
c_1_11_734,Lymphoid-T
c_1_11_735,Epithelial
c_1_11_736,Lymphoid-Other
c_1_11_737,Lymphoid-Plasma
c_1_11_738,Lymphoid-T
c_1_11_739,Lymphoid-Other
c_1_11_740,Lymphoid-DC
c_1_11_741,Lymphoid-Other
c_1_11_742,Lymphoid-T
c_1_11_743,Lymphoid-T
c_1_11_744,Lymphoid-Plasma
c_1_11_745,Epithelial
c_1_11_746,Lymphoid-T
c_1_11_747,Stem
c_1_11_748,Epithelial
c_1_11_749,Endothelial
c_1_11_750,Lymphoid-T
c_1_11_751,Epithelial
c_1_11_752,Epithelial
c_1_11_753,Epithelial
c_1_11_754,Endothelial
c_1_11_755,Lymphoid-T
c_1_11_756,Epithelial
c_1_11_757,Epithelial
c_1_11_758,Epithelial
c_1_11_759,Epithelial
c_1_11_760,Lymphoid-T
c_1_11_761,Epithelial
c_1_11_762,Epithelial
c_1_11_763,Epithelial
c_1_11_764,Lymphoid-Plasma
c_1_11_765,Lymphoid-Other
c_1_11_766,Lymphoid-Other
c_1_11_767,Epithelial
c_1_11_768,Lymphoid-T
c_1_11_769,Lymphoid-DC
c_1_11_770,Endothelial
c_1_11_771,Epithelial
c_1_11_772,Lymphoid-T
c_1_11_773,Epithelial
c_1_11_774,Lymphoid-T
c_1_11_775,Epithelial
c_1_11_776,Lymphoid-Plasma
c_1_11_777,Lymphoid-DC
c_1_11_778,Lymphoid-T
c_1_11_779,Lymphoid-Other
c_1_11_780,Epithelial
c_1_11_781,Epithelial
c_1_11_782,Epithelial
c_1_11_783,Lymphoid-T
c_1_11_784,Lymphoid-DC
c_1_11_785,Myeloid
c_1_11_786,Lymphoid-Plasma
c_1_11_787,Lymphoid-T
c_1_11_788,Lymphoid-T
c_1_11_789,Epithelial
c_1_11_790,Lymphoid-Other
c_1_11_791,Mesenchymal-Stromal
c_1_11_792,Stem
c_1_11_793,Stem
c_1_11_794,Lymphoid-Plasma
c_1_11_795,Lymphoid-T
c_1_11_796,Stem
c_1_11_797,Epithelial
c_1_11_798,Lymphoid-Other
c_1_11_799,Lymphoid-Plasma
c_1_11_800,Epithelial
c_1_11_801,Lymphoid-T
c_1_11_802,Lymphoid-Plasma
c_1_11_803,Mesenchymal-Stromal
c_1_11_804,Lymphoid-Plasma
c_1_11_805,Epithelial
c_1_11_806,Neuronal-Glial
c_1_11_807,Lymphoid-DC
c_1_11_808,Mesenchymal-Stromal
c_1_11_809,Lymphoid-Other
c_1_11_810,Lymphoid-T
c_1_11_811,Lymphoid-T
c_1_11_812,Epithelial
c_1_11_813,Lymphoid-Other
c_1_11_814,Stem
c_1_11_815,Lymphoid-DC
c_1_11_816,Neuronal-Glial
c_1_11_817,Epithelial
c_1_11_818,Epithelial
c_1_11_819,Lymphoid-T
c_1_11_820,Lymphoid-Other
c_1_11_821,Lymphoid-Plasma
c_1_11_822,Lymphoid-DC
c_1_11_823,Epithelial
c_1_11_824,Lymphoid-T
c_1_11_825,None
c_1_11_826,Lymphoid-DC
c_1_11_827,None
c_1_11_828,Lymphoid-T
c_1_11_829,Mesenchymal-Stromal
c_1_11_830,Lymphoid-T
c_1_11_831,Lymphoid-Other
c_1_11_832,Lymphoid-Other
c_1_11_833,Lymphoid-Plasma
c_1_11_834,Lymphoid-T
c_1_11_835,Lymphoid-DC
c_1_11_836,Lymphoid-Plasma
c_1_11_837,None
c_1_11_838,Lymphoid-Plasma
c_1_11_839,Lymphoid-T
c_1_11_840,Lymphoid-Plasma
c_1_11_841,Lymphoid-T
c_1_11_842,Lymphoid-T
c_1_11_843,Lymphoid-Other
c_1_11_844,Neuronal-Glial
c_1_11_845,Epithelial
c_1_11_846,Epithelial
c_1_11_847,Lymphoid-T
c_1_11_848,Epithelial
c_1_11_849,Neuronal-Glial
c_1_11_850,Epithelial
c_1_11_851,Lymphoid-T
c_1_11_852,Lymphoid-T
c_1_11_853,Myeloid
c_1_11_854,Epithelial
c_1_11_855,Epithelial
c_1_11_856,Lymphoid-T
c_1_11_857,Epithelial
c_1_11_858,Lymphoid-DC
c_1_11_859,Lymphoid-Plasma
c_1_11_860,Lymphoid-Other
c_1_11_861,None
c_1_11_862,Lymphoid-T
c_1_11_863,Lymphoid-T
c_1_11_864,Lymphoid-Plasma
c_1_11_865,Epithelial
c_1_11_866,Lymphoid-Other
c_1_11_867,Lymphoid-Other
c_1_11_868,Epithelial
c_1_11_869,Epithelial
c_1_11_870,Lymphoid-Plasma
c_1_11_871,Stem
c_1_11_872,None
c_1_11_873,Neuronal-Glial
c_1_11_874,None
c_1_11_875,Lymphoid-DC
c_1_11_876,Lymphoid-T
c_1_11_877,Epithelial
c_1_11_878,Epithelial
c_1_11_879,Epithelial
c_1_11_880,Lymphoid-T
c_1_11_881,Stem
c_1_11_882,Lymphoid-T
c_1_11_883,Epithelial
c_1_11_884,Lymphoid-T
c_1_11_885,Lymphoid-T
c_1_11_886,Epithelial
c_1_11_887,Lymphoid-T
c_1_11_888,Endothelial
c_1_11_889,Lymphoid-DC
c_1_11_890,Lymphoid-T
c_1_11_891,Epithelial
c_1_11_892,Lymphoid-Other
c_1_11_893,Lymphoid-Plasma
c_1_11_894,Lymphoid-Plasma
c_1_11_895,Lymphoid-Plasma
c_1_11_896,Epithelial
c_1_11_897,Lymphoid-DC
c_1_11_898,Stem
c_1_11_899,Lymphoid-Plasma
c_1_11_900,None
c_1_11_901,Epithelial
c_1_11_902,Lymphoid-T
c_1_11_903,Lymphoid-DC
c_1_11_904,Lymphoid-Other
c_1_11_905,Lymphoid-DC
c_1_11_906,Lymphoid-T
c_1_11_907,Neuronal-Glial
c_1_11_908,Epithelial
c_1_11_909,Epithelial
c_1_11_910,Lymphoid-T
c_1_11_911,Lymphoid-DC
c_1_11_912,Epithelial
c_1_11_913,Stem
c_1_11_914,Neuronal-Glial
c_1_11_915,Myeloid
c_1_11_916,Lymphoid-T
c_1_11_917,Endothelial
c_1_11_918,Lymphoid-Plasma
c_1_11_919,Lymphoid-T
c_1_11_920,Stem
c_1_11_921,Lymphoid-Plasma
c_1_11_922,Lymphoid-Other
c_1_11_923,Lymphoid-T
c_1_11_924,Lymphoid-Plasma
c_1_11_925,Mesenchymal-Stromal
c_1_11_926,Lymphoid-Other
c_1_11_927,Myeloid
c_1_11_928,Lymphoid-DC
c_1_11_929,Lymphoid-DC
c_1_11_930,Lymphoid-Plasma
c_1_11_931,Lymphoid-T
c_1_11_932,Neuronal-Glial
c_1_11_933,Mesenchymal-Stromal
c_1_11_934,Lymphoid-DC
c_1_11_935,Lymphoid-Plasma
c_1_11_936,Lymphoid-Plasma
c_1_11_937,Lymphoid-T
c_1_11_938,Lymphoid-Other
c_1_11_939,Lymphoid-T
c_1_11_940,Lymphoid-T
c_1_11_941,Epithelial
c_1_11_942,Epithelial
c_1_11_943,Lymphoid-T
c_1_11_944,Lymphoid-Other
c_1_11_945,Lymphoid-Plasma
c_1_11_946,Lymphoid-Other
c_1_11_947,Lymphoid-T
c_1_11_948,Myeloid
c_1_11_949,Lymphoid-T
c_1_11_950,Endothelial
c_1_11_951,Epithelial
c_1_11_952,Endothelial
c_1_11_953,Lymphoid-Plasma
c_1_11_954,Epithelial
c_1_11_955,Lymphoid-T
c_1_11_956,Myeloid
c_1_11_957,Lymphoid-DC
c_1_11_958,Lymphoid-T
c_1_11_959,None
c_1_11_960,Lymphoid-Plasma
c_1_11_961,Lymphoid-T
c_1_11_962,Endothelial
c_1_11_963,Lymphoid-Other
c_1_11_964,Lymphoid-DC
c_1_11_965,Lymphoid-DC
c_1_11_966,Mesenchymal-Stromal
c_1_11_967,Lymphoid-Plasma
c_1_11_968,Lymphoid-T
c_1_11_969,Lymphoid-T
c_1_11_970,Myeloid
c_1_11_971,Lymphoid-Plasma
c_1_11_972,Endothelial
c_1_11_973,Mesenchymal-Stromal
c_1_11_974,Lymphoid-Other
c_1_11_975,Mesenchymal-Stromal
c_1_11_976,Lymphoid-T
c_1_11_977,Epithelial
c_1_11_978,Lymphoid-Plasma
c_1_11_979,Stem
c_1_11_980,Lymphoid-DC
c_1_11_981,Epithelial
c_1_11_982,None
c_1_11_983,Myeloid
c_1_11_984,Lymphoid-T
c_1_11_985,Epithelial
c_1_11_986,Lymphoid-T
c_1_11_987,Lymphoid-T
c_1_11_988,None
c_1_11_989,Endothelial
c_1_11_990,Lymphoid-Plasma
c_1_11_991,None
c_1_11_992,Lymphoid-Plasma
c_1_11_993,Lymphoid-DC
c_1_11_994,Lymphoid-DC
c_1_11_995,Endothelial
c_1_11_996,Lymphoid-T
c_1_11_997,Lymphoid-Plasma
c_1_11_998,Lymphoid-DC
c_1_11_999,None
c_1_11_1000,Lymphoid-DC
c_1_11_1001,Myeloid
c_1_11_1002,Lymphoid-Plasma
c_1_11_1003,Epithelial
c_1_11_1004,Lymphoid-T
c_1_11_1005,Lymphoid-DC
c_1_11_1006,Epithelial
c_1_11_1007,Epithelial
c_1_11_1008,Lymphoid-Plasma
c_1_11_1009,Epithelial
c_1_11_1010,Lymphoid-Plasma
c_1_11_1011,Lymphoid-T
c_1_11_1012,Lymphoid-T
c_1_11_1013,Lymphoid-T
c_1_11_1014,Lymphoid-DC
c_1_11_1015,Lymphoid-T
c_1_11_1016,Lymphoid-DC
c_1_11_1017,Lymphoid-Plasma
c_1_11_1018,Lymphoid-T
c_1_11_1019,None
c_1_11_1020,None
c_1_11_1021,Epithelial
c_1_11_1022,Myeloid
c_1_11_1023,Stem
c_1_11_1024,Epithelial
c_1_11_1025,Lymphoid-DC
c_1_11_1026,Lymphoid-T
c_1_11_1027,Lymphoid-Other
c_1_11_1028,Epithelial
c_1_11_1029,Lymphoid-Plasma
c_1_11_1030,Endothelial
c_1_11_1031,Lymphoid-Other
c_1_11_1032,Epithelial
c_1_11_1033,Lymphoid-DC
c_1_11_1034,Lymphoid-T
c_1_11_1035,Lymphoid-T
c_1_11_1036,Stem
c_1_11_1037,Mesenchymal-Stromal
c_1_11_1038,Lymphoid-DC
c_1_11_1039,Epithelial
c_1_11_1040,Lymphoid-T
c_1_11_1041,Epithelial
c_1_11_1042,Lymphoid-T
c_1_11_1043,Lymphoid-Plasma
c_1_11_1044,Lymphoid-DC
c_1_11_1045,Neuronal-Glial
c_1_11_1046,Lymphoid-DC
c_1_11_1047,Lymphoid-DC
c_1_11_1048,Lymphoid-T
c_1_11_1049,Endothelial
c_1_11_1050,Lymphoid-DC
c_1_11_1051,Lymphoid-T
c_1_11_1052,Lymphoid-Plasma
c_1_11_1053,Lymphoid-T
c_1_11_1054,Lymphoid-DC
c_1_11_1055,Myeloid
c_1_11_1056,Stem
c_1_11_1057,Endothelial
c_1_11_1058,Lymphoid-DC
c_1_11_1059,Myeloid
c_1_11_1060,Stem
c_1_11_1061,Lymphoid-Other
c_1_11_1062,Lymphoid-DC
c_1_11_1063,Lymphoid-DC
c_1_11_1064,Epithelial
c_1_11_1065,Lymphoid-Other
c_1_11_1066,Myeloid
c_1_11_1067,Lymphoid-DC
c_1_11_1068,Lymphoid-T
c_1_11_1069,Myeloid
c_1_11_1070,Lymphoid-T
c_1_11_1071,Myeloid
c_1_11_1072,Lymphoid-T
c_1_11_1073,Lymphoid-DC
c_1_11_1074,Lymphoid-Plasma
c_1_11_1075,Myeloid
c_1_11_1076,Epithelial
c_1_11_1077,Mesenchymal-Stromal
c_1_11_1078,Lymphoid-Plasma
c_1_11_1079,Lymphoid-T
c_1_11_1080,Lymphoid-Plasma
c_1_11_1081,Lymphoid-DC
c_1_11_1082,None
c_1_11_1083,Endothelial
c_1_11_1084,Myeloid
c_1_11_1085,Lymphoid-DC
c_1_11_1086,Lymphoid-Plasma
c_1_11_1087,Epithelial
c_1_11_1088,Stem
c_1_11_1089,None
c_1_11_1090,Lymphoid-DC
c_1_11_1091,Epithelial
c_1_11_1092,Lymphoid-Other
c_1_11_1093,Lymphoid-DC
c_1_11_1094,Lymphoid-DC
c_1_11_1095,Lymphoid-Plasma
c_1_11_1096,Myeloid
c_1_11_1097,Lymphoid-DC
c_1_11_1098,Epithelial
c_1_11_1099,Lymphoid-DC
c_1_11_1100,Lymphoid-Plasma
c_1_11_1101,Stem
c_1_11_1102,Endothelial
c_1_11_1103,Epithelial
c_1_11_1104,Epithelial
c_1_11_1105,Endothelial
c_1_11_1106,Epithelial
c_1_11_1107,Endothelial
c_1_11_1108,Lymphoid-Plasma
c_1_11_1109,Lymphoid-Plasma
c_1_11_1110,Lymphoid-T
c_1_11_1111,Lymphoid-T
c_1_11_1112,Lymphoid-DC
c_1_11_1113,Lymphoid-Plasma
c_1_11_1114,Lymphoid-DC
c_1_11_1115,Endothelial
c_1_11_1116,Lymphoid-Plasma
c_1_11_1117,Lymphoid-T
c_1_11_1118,Lymphoid-DC
c_1_11_1119,Lymphoid-T
c_1_11_1120,Stem
c_1_11_1121,Lymphoid-Other
c_1_11_1122,Epithelial
c_1_11_1123,Mesenchymal-Stromal
c_1_11_1124,Lymphoid-Plasma
c_1_11_1125,None
c_1_11_1126,Lymphoid-T
c_1_11_1127,Lymphoid-Plasma
c_1_11_1128,Endothelial
c_1_11_1129,Mesenchymal-Stromal
c_1_11_1130,Lymphoid-DC
c_1_11_1131,Lymphoid-DC
c_1_11_1132,Lymphoid-T
c_1_11_1133,None
c_1_11_1134,Lymphoid-DC
c_1_11_1135,None
c_1_11_1136,Lymphoid-DC
c_1_11_1137,Stem
c_1_11_1138,Lymphoid-Plasma
c_1_11_1139,None
c_1_11_1140,Endothelial
c_1_11_1141,Neuronal-Glial
c_1_11_1142,None
c_1_11_1143,Endothelial
c_1_11_1144,Lymphoid-T
c_1_11_1145,Lymphoid-DC
c_1_11_1146,None
c_1_11_1147,Myeloid
c_1_11_1148,Endothelial
c_1_11_1149,Lymphoid-Plasma
c_1_11_1150,Lymphoid-T
c_1_11_1151,None
c_1_11_1152,Myeloid
c_1_11_1153,Neuronal-Glial
c_1_11_1154,Epithelial
c_1_11_1155,Lymphoid-DC
c_1_11_1156,Stem
c_1_11_1157,Lymphoid-DC
c_1_11_1158,Lymphoid-T
c_1_11_1159,Lymphoid-Plasma
c_1_11_1160,Epithelial
c_1_11_1161,Lymphoid-Plasma
c_1_11_1162,Lymphoid-DC
c_1_11_1163,Lymphoid-T
c_1_11_1164,Lymphoid-Plasma
c_1_11_1165,Lymphoid-Plasma
c_1_11_1166,Lymphoid-T
c_1_11_1167,Lymphoid-Plasma
c_1_11_1168,Lymphoid-DC
c_1_11_1169,Lymphoid-DC
c_1_11_1170,Lymphoid-T
c_1_11_1171,Lymphoid-Plasma
c_1_11_1172,Lymphoid-T
c_1_11_1173,Epithelial
c_1_11_1174,Mesenchymal-Stromal
c_1_11_1175,Lymphoid-T
c_1_11_1176,Lymphoid-DC
c_1_11_1177,Lymphoid-Plasma
c_1_11_1178,Lymphoid-DC
c_1_11_1179,Epithelial
c_1_11_1180,Lymphoid-DC
c_1_11_1181,Lymphoid-Plasma
c_1_11_1182,Epithelial
c_1_11_1183,Lymphoid-T
c_1_11_1184,Lymphoid-DC
c_1_11_1185,Lymphoid-Plasma
c_1_11_1186,Lymphoid-Plasma
c_1_11_1187,Lymphoid-Other
c_1_11_1188,Endothelial
c_1_11_1189,Lymphoid-T
c_1_11_1190,Lymphoid-DC
c_1_11_1191,Lymphoid-T
c_1_11_1192,Lymphoid-Plasma
c_1_11_1193,Epithelial
c_1_11_1194,Lymphoid-T
c_1_11_1195,Lymphoid-Plasma
c_1_11_1196,Lymphoid-T
c_1_11_1197,Lymphoid-Plasma
c_1_11_1198,Lymphoid-Other
c_1_11_1199,Lymphoid-T
c_1_11_1200,Lymphoid-T
c_1_11_1201,Epithelial
c_1_11_1202,Endothelial
c_1_11_1203,Lymphoid-DC
c_1_11_1204,Lymphoid-DC
c_1_11_1205,Endothelial
c_1_11_1206,Epithelial
c_1_11_1207,None
c_1_11_1208,Lymphoid-DC
c_1_11_1209,None
c_1_11_1210,Myeloid
c_1_11_1211,Lymphoid-DC
c_1_11_1212,Neuronal-Glial
c_1_11_1213,Lymphoid-Other
c_1_11_1214,Lymphoid-T
c_1_11_1215,Epithelial
c_1_11_1216,Lymphoid-DC
c_1_11_1217,Endothelial
c_1_11_1218,Lymphoid-T
c_1_11_1219,Endothelial
c_1_11_1220,Epithelial
c_1_11_1221,Epithelial
c_1_11_1222,Lymphoid-T
c_1_11_1223,Lymphoid-Plasma
c_1_11_1224,Lymphoid-T
c_1_11_1225,None
c_1_11_1226,Lymphoid-T
c_1_11_1227,Stem
c_1_11_1228,Lymphoid-Plasma
c_1_11_1229,Epithelial
c_1_11_1230,Lymphoid-DC
c_1_11_1231,Lymphoid-DC
c_1_11_1232,Lymphoid-T
c_1_11_1233,Epithelial
c_1_11_1234,Lymphoid-DC
c_1_11_1235,Lymphoid-DC
c_1_11_1236,Lymphoid-T
c_1_11_1237,Lymphoid-T
c_1_11_1238,Epithelial
c_1_11_1239,Lymphoid-DC
c_1_11_1240,None
c_1_11_1241,Lymphoid-DC
c_1_11_1242,Epithelial
c_1_11_1243,Endothelial
c_1_11_1244,Lymphoid-T
c_1_11_1245,Lymphoid-DC
c_1_11_1246,Endothelial
c_1_11_1247,Lymphoid-DC
c_1_11_1248,None
c_1_11_1249,Lymphoid-T
c_1_11_1250,Endothelial
c_1_11_1251,Epithelial
c_1_11_1252,Myeloid
c_1_11_1253,Myeloid
c_1_11_1254,Lymphoid-T
c_1_11_1255,Endothelial
c_1_11_1256,Epithelial
c_1_11_1257,None
c_1_11_1258,Lymphoid-T
c_1_11_1259,Lymphoid-T
c_1_11_1260,Lymphoid-T
c_1_11_1261,Lymphoid-T
c_1_11_1262,None
c_1_11_1263,Lymphoid-T
c_1_11_1264,Lymphoid-T
c_1_11_1265,Lymphoid-Plasma
c_1_11_1266,None
c_1_11_1267,None
c_1_11_1268,Lymphoid-DC
c_1_11_1269,Epithelial
c_1_11_1270,Stem
c_1_11_1271,Lymphoid-Plasma
c_1_11_1272,Lymphoid-T
c_1_11_1273,Lymphoid-DC
c_1_11_1274,None
c_1_11_1275,Lymphoid-DC
c_1_11_1276,Lymphoid-T
c_1_11_1277,Lymphoid-T
c_1_11_1278,Epithelial
c_1_11_1279,Lymphoid-Plasma
c_1_11_1280,Lymphoid-DC
c_1_11_1281,None
c_1_11_1282,Lymphoid-DC
c_1_11_1283,Epithelial
c_1_11_1284,Lymphoid-Plasma
c_1_11_1285,Lymphoid-Plasma
c_1_11_1286,Epithelial
c_1_11_1287,Lymphoid-Plasma
c_1_11_1288,Epithelial
c_1_11_1289,Lymphoid-T
c_1_11_1290,Lymphoid-DC
c_1_11_1291,Lymphoid-Plasma
c_1_11_1292,Endothelial
c_1_11_1293,Lymphoid-T
c_1_11_1294,Lymphoid-Other
c_1_11_1295,Stem
c_1_11_1296,Lymphoid-T
c_1_11_1297,None
c_1_11_1298,None
c_1_11_1299,Lymphoid-Plasma
c_1_11_1300,Endothelial
c_1_11_1301,Lymphoid-Plasma
c_1_11_1302,Myeloid
c_1_11_1303,Epithelial
c_1_11_1304,Lymphoid-Plasma
c_1_11_1305,Lymphoid-T
c_1_11_1306,None
c_1_11_1307,Epithelial
c_1_11_1308,Lymphoid-Plasma
c_1_11_1309,Lymphoid-DC
c_1_11_1310,Lymphoid-T
c_1_11_1311,Epithelial
c_1_11_1312,Lymphoid-T
c_1_11_1313,Myeloid
c_1_11_1314,Endothelial
c_1_11_1315,Myeloid
c_1_11_1316,Lymphoid-Plasma
c_1_11_1317,Myeloid
c_1_11_1318,Lymphoid-T
c_1_11_1319,Lymphoid-Other
c_1_11_1320,Epithelial
c_1_11_1321,Epithelial
c_1_11_1322,Endothelial
c_1_11_1323,Epithelial
c_1_11_1324,Endothelial
c_1_11_1325,Lymphoid-Plasma
c_1_11_1326,Stem
c_1_11_1327,Epithelial
c_1_11_1328,Endothelial
c_1_11_1329,None
c_1_11_1330,Epithelial
c_1_11_1331,Lymphoid-T
c_1_11_1332,Lymphoid-T
c_1_11_1333,Lymphoid-Plasma
c_1_11_1334,Lymphoid-DC
c_1_11_1335,Lymphoid-Other
c_1_11_1336,Lymphoid-T
c_1_11_1337,Epithelial
c_1_11_1338,Lymphoid-T
c_1_11_1339,None
c_1_11_1340,Lymphoid-Plasma
c_1_11_1341,Lymphoid-Plasma
c_1_11_1342,Myeloid
c_1_11_1343,Endothelial
c_1_11_1344,Lymphoid-Plasma
c_1_11_1345,Epithelial
c_1_11_1346,Lymphoid-T
c_1_11_1347,Lymphoid-DC
c_1_11_1348,Epithelial
c_1_11_1349,Lymphoid-DC
c_1_11_1350,None
c_1_11_1351,Epithelial
c_1_11_1352,Lymphoid-T
c_1_11_1353,Neuronal-Glial
c_1_11_1354,Epithelial
c_1_11_1355,Endothelial
c_1_11_1356,Lymphoid-Plasma
c_1_11_1357,Lymphoid-DC
c_1_11_1358,Epithelial
c_1_11_1359,Lymphoid-Plasma
c_1_11_1360,Stem
c_1_11_1361,Lymphoid-DC
c_1_11_1362,Lymphoid-T
c_1_11_1363,Lymphoid-Plasma
c_1_11_1364,Myeloid
c_1_11_1365,Epithelial
c_1_11_1366,Myeloid
c_1_11_1367,Stem
c_1_11_1368,Lymphoid-T
c_1_11_1369,Lymphoid-T
c_1_11_1370,Endothelial
c_1_11_1371,Lymphoid-T
c_1_11_1372,Epithelial
c_1_11_1373,Lymphoid-Plasma
c_1_11_1374,Lymphoid-T
c_1_11_1375,Lymphoid-Plasma
c_1_11_1376,Lymphoid-T
c_1_11_1377,Epithelial
c_1_11_1378,Lymphoid-T
c_1_11_1379,Epithelial
c_1_11_1380,Lymphoid-Other
c_1_11_1381,Mesenchymal-Stromal
c_1_11_1382,Stem
c_1_11_1383,Myeloid
c_1_11_1384,Endothelial
c_1_11_1385,Myeloid
c_1_11_1386,Lymphoid-DC
c_1_11_1387,Lymphoid-T
c_1_11_1388,Lymphoid-DC
c_1_11_1389,Lymphoid-Plasma
c_1_11_1390,Endothelial
c_1_11_1391,Lymphoid-DC
c_1_11_1392,Lymphoid-T
c_1_11_1393,Lymphoid-Plasma
c_1_11_1394,Lymphoid-T
c_1_11_1395,Lymphoid-DC
c_1_11_1396,Lymphoid-Plasma
c_1_11_1397,Mesenchymal-Stromal
c_1_11_1398,Lymphoid-Other
c_1_11_1399,Lymphoid-T
c_1_11_1400,Stem
c_1_11_1401,Endothelial
c_1_11_1402,Lymphoid-T
c_1_11_1403,Lymphoid-Plasma
c_1_11_1404,Lymphoid-DC
c_1_11_1405,Lymphoid-Plasma
c_1_11_1406,Epithelial
c_1_11_1407,Lymphoid-DC
c_1_11_1408,Epithelial
c_1_11_1409,Epithelial
c_1_11_1410,Lymphoid-Plasma
c_1_11_1411,Epithelial
c_1_11_1412,Lymphoid-T
c_1_11_1413,Endothelial
c_1_11_1414,Epithelial
c_1_11_1415,Lymphoid-Plasma
c_1_11_1416,Stem
c_1_11_1417,Lymphoid-Plasma
c_1_11_1418,Lymphoid-Plasma
c_1_11_1419,Lymphoid-DC
c_1_11_1420,Lymphoid-T
c_1_11_1421,Lymphoid-T
c_1_11_1422,Lymphoid-Plasma
c_1_11_1423,Lymphoid-T
c_1_11_1424,Lymphoid-Plasma
c_1_11_1425,Epithelial
c_1_11_1426,Lymphoid-T
c_1_11_1427,Lymphoid-Plasma
c_1_11_1428,Myeloid
c_1_11_1429,Lymphoid-DC
c_1_11_1430,Lymphoid-T
c_1_11_1431,Lymphoid-T
c_1_11_1432,Myeloid
c_1_11_1433,Lymphoid-Plasma
c_1_11_1434,Neuronal-Glial
c_1_11_1435,Lymphoid-DC
c_1_11_1436,Lymphoid-T
c_1_11_1437,Lymphoid-Plasma
c_1_11_1438,Lymphoid-T
c_1_11_1439,Epithelial
c_1_11_1440,Lymphoid-Plasma
c_1_11_1441,Epithelial
c_1_11_1442,Epithelial
c_1_11_1443,Endothelial
c_1_11_1444,Lymphoid-T
c_1_11_1445,Epithelial
c_1_11_1446,Epithelial
c_1_11_1447,Lymphoid-T
c_1_11_1448,Stem
c_1_11_1449,Endothelial
c_1_11_1450,Lymphoid-DC
c_1_11_1451,Lymphoid-Plasma
c_1_11_1452,Lymphoid-Plasma
c_1_11_1453,Epithelial
c_1_11_1454,Lymphoid-Plasma
c_1_11_1455,Lymphoid-T
c_1_11_1456,Lymphoid-T
c_1_11_1457,Lymphoid-Plasma
c_1_11_1458,Mesenchymal-Stromal
c_1_11_1459,Epithelial
c_1_11_1460,Lymphoid-DC
c_1_11_1461,Lymphoid-T
c_1_11_1462,Lymphoid-T
c_1_11_1463,Epithelial
c_1_11_1464,Lymphoid-Plasma
c_1_11_1465,Lymphoid-T
c_1_11_1466,None
c_1_11_1467,Endothelial
c_1_11_1468,Endothelial
c_1_11_1469,Lymphoid-DC
c_1_11_1470,Epithelial
c_1_11_1471,Lymphoid-T
c_1_11_1472,Lymphoid-T
c_1_11_1473,Lymphoid-T
c_1_11_1474,Lymphoid-T
c_1_11_1475,Lymphoid-DC
c_1_11_1476,Lymphoid-T
c_1_11_1477,Epithelial
c_1_11_1478,Lymphoid-DC
c_1_11_1479,Lymphoid-Plasma
c_1_11_1480,Lymphoid-Plasma
c_1_11_1481,Epithelial
c_1_11_1482,Myeloid
c_1_11_1483,Epithelial
c_1_11_1484,Lymphoid-Plasma
c_1_11_1485,Lymphoid-T
c_1_11_1486,Lymphoid-T
c_1_11_1487,None
c_1_11_1488,None
c_1_11_1489,Epithelial
c_1_11_1490,Epithelial
c_1_11_1491,Epithelial
c_1_11_1492,Lymphoid-T
c_1_11_1493,Epithelial
c_1_11_1494,Epithelial
c_1_11_1495,Endothelial
c_1_11_1496,Lymphoid-Other
c_1_11_1497,None
c_1_11_1498,Lymphoid-DC
c_1_11_1499,Epithelial
c_1_11_1500,Epithelial
c_1_11_1501,Lymphoid-T
c_1_11_1502,Lymphoid-Plasma
c_1_11_1503,Epithelial
c_1_11_1504,Lymphoid-Plasma
c_1_11_1505,Mesenchymal-Stromal
c_1_11_1506,Lymphoid-T
c_1_11_1507,Lymphoid-Plasma
c_1_11_1508,Lymphoid-Plasma
c_1_11_1509,Epithelial
c_1_11_1510,Lymphoid-Plasma
c_1_11_1511,Lymphoid-Plasma
c_1_11_1512,Lymphoid-DC
c_1_11_1513,Epithelial
c_1_11_1514,Epithelial
c_1_11_1515,Stem
c_1_11_1516,Lymphoid-T
c_1_11_1517,None
c_1_11_1518,Endothelial
c_1_11_1519,Epithelial
c_1_11_1520,Epithelial
c_1_11_1521,Lymphoid-T
c_1_11_1522,Epithelial
c_1_11_1523,Lymphoid-DC
c_1_11_1524,Epithelial
c_1_11_1525,Lymphoid-Plasma
c_1_11_1526,Epithelial
c_1_11_1527,Epithelial
c_1_11_1528,Epithelial
c_1_11_1529,Lymphoid-DC
c_1_11_1530,Epithelial
c_1_11_1531,Lymphoid-T
c_1_11_1532,Lymphoid-Plasma
c_1_11_1533,Stem
c_1_11_1534,Epithelial
c_1_11_1535,Lymphoid-T
c_1_11_1536,Lymphoid-Plasma
c_1_11_1537,Epithelial
c_1_11_1538,Epithelial
c_1_11_1539,Epithelial
c_1_11_1540,Epithelial
c_1_11_1541,Lymphoid-T
c_1_11_1542,Epithelial
c_1_11_1543,Stem
c_1_11_1544,Lymphoid-Plasma
c_1_11_1545,Lymphoid-Other
c_1_11_1546,Epithelial
c_1_11_1547,Epithelial
c_1_11_1548,Epithelial
c_1_11_1549,Epithelial
c_1_11_1550,Epithelial
c_1_11_1551,Lymphoid-T
c_1_11_1552,Stem
c_1_11_1553,Epithelial
c_1_11_1554,Endothelial
c_1_11_1555,Lymphoid-DC
c_1_11_1556,None
c_1_11_1557,Lymphoid-Plasma
c_1_11_1558,Endothelial
c_1_11_1559,Lymphoid-DC
c_1_11_1560,Epithelial
c_1_11_1561,None
c_1_11_1562,Epithelial
c_1_11_1563,Stem
c_1_11_1564,Stem
c_1_11_1565,Myeloid
c_1_11_1566,Lymphoid-DC
c_1_11_1567,Lymphoid-Plasma
c_1_11_1568,Epithelial
c_1_11_1569,Epithelial
c_1_11_1570,Lymphoid-DC
c_1_11_1571,Lymphoid-Plasma
c_1_11_1572,Lymphoid-T
c_1_11_1573,Mesenchymal-Stromal
c_1_11_1574,Lymphoid-Plasma
c_1_11_1575,Lymphoid-Plasma
c_1_11_1576,Lymphoid-Plasma
c_1_11_1577,Lymphoid-T
c_1_11_1578,Epithelial
c_1_11_1579,Epithelial
c_1_11_1580,Lymphoid-T
c_1_11_1581,None
c_1_11_1582,Epithelial
c_1_11_1583,Epithelial
c_1_11_1584,Lymphoid-DC
c_1_11_1585,Lymphoid-DC
c_1_11_1586,None
c_1_11_1587,Lymphoid-Plasma
c_1_11_1588,Stem
c_1_11_1589,Lymphoid-T
c_1_11_1590,Epithelial
c_1_11_1591,Lymphoid-Plasma
c_1_11_1592,Endothelial
c_1_11_1593,Epithelial
c_1_11_1594,Epithelial
c_1_11_1595,Lymphoid-Plasma
c_1_11_1596,Lymphoid-T
c_1_11_1597,Lymphoid-T
c_1_11_1598,Lymphoid-T
c_1_11_1599,Lymphoid-Plasma
c_1_11_1600,Lymphoid-T
c_1_11_1601,Epithelial
c_1_11_1602,Epithelial
c_1_11_1603,Lymphoid-DC
c_1_11_1604,Lymphoid-DC
c_1_11_1605,Epithelial
c_1_11_1606,Epithelial
c_1_11_1607,Lymphoid-DC
c_1_11_1608,Stem
c_1_11_1609,Epithelial
c_1_11_1610,Epithelial
c_1_11_1611,Lymphoid-Plasma
c_1_11_1612,Lymphoid-DC
c_1_11_1613,Lymphoid-DC
c_1_11_1614,Lymphoid-T
c_1_11_1615,Stem
c_1_11_1616,Lymphoid-T
c_1_11_1617,Epithelial
c_1_11_1618,Epithelial
c_1_11_1619,Epithelial
c_1_11_1620,Lymphoid-DC
c_1_11_1621,Lymphoid-T
c_1_11_1622,Epithelial
c_1_11_1623,Stem
c_1_11_1624,Lymphoid-Plasma
c_1_11_1625,None
c_1_11_1626,Epithelial
c_1_11_1627,Myeloid
c_1_11_1628,Stem
c_1_11_1629,Epithelial
c_1_11_1630,Lymphoid-Plasma
c_1_11_1631,Epithelial
c_1_11_1632,Lymphoid-Other
c_1_11_1633,Myeloid
c_1_11_1634,Lymphoid-Other
c_1_11_1635,Lymphoid-DC
c_1_11_1636,Lymphoid-T
c_1_11_1637,Lymphoid-T
c_1_11_1638,Lymphoid-T
c_1_11_1639,Lymphoid-T
c_1_11_1640,Stem
c_1_11_1641,Lymphoid-T
c_1_11_1642,Lymphoid-DC
c_1_11_1643,Epithelial
c_1_11_1644,Lymphoid-Plasma
c_1_11_1645,Lymphoid-DC
c_1_11_1646,Lymphoid-T
c_1_11_1647,Myeloid
c_1_11_1648,Epithelial
c_1_11_1649,None
c_1_11_1650,Lymphoid-T
c_1_11_1651,Lymphoid-DC
c_1_11_1652,Epithelial
c_1_11_1653,Lymphoid-Other
c_1_11_1654,Stem
c_1_11_1655,Lymphoid-Plasma
c_1_11_1656,Stem
c_1_11_1657,Epithelial
c_1_11_1658,Epithelial
c_1_11_1659,Epithelial
c_1_11_1660,Lymphoid-DC
c_1_11_1661,Epithelial
c_1_11_1662,Epithelial
c_1_11_1663,Lymphoid-DC
c_1_11_1664,Epithelial
c_1_11_1665,Lymphoid-DC
c_1_11_1666,Lymphoid-Plasma
c_1_11_1667,Lymphoid-DC
c_1_11_1668,Epithelial
c_1_11_1669,Lymphoid-Other
c_1_11_1670,Lymphoid-DC
c_1_11_1671,None
c_1_11_1672,Endothelial
c_1_11_1673,Stem
c_1_11_1674,Epithelial
c_1_11_1675,Epithelial
c_1_11_1676,Lymphoid-DC
c_1_11_1677,Endothelial
c_1_11_1678,Lymphoid-T
c_1_11_1679,Epithelial
c_1_11_1680,Lymphoid-T
c_1_11_1681,Epithelial
c_1_11_1682,None
c_1_11_1683,Epithelial
c_1_11_1684,None
c_1_11_1685,Epithelial
c_1_11_1686,Lymphoid-DC
c_1_11_1687,Lymphoid-T
c_1_11_1688,Lymphoid-T
c_1_11_1689,Epithelial
c_1_11_1690,Lymphoid-T
c_1_11_1691,Epithelial
c_1_11_1692,Epithelial
c_1_11_1693,Epithelial
c_1_11_1694,Lymphoid-Plasma
c_1_11_1695,Epithelial
c_1_11_1696,Epithelial
c_1_11_1697,Lymphoid-Plasma
c_1_11_1698,Lymphoid-T
c_1_11_1699,Epithelial
c_1_11_1700,Myeloid
c_1_11_1701,None
c_1_11_1702,Lymphoid-DC
c_1_11_1703,Stem
c_1_11_1704,Epithelial
c_1_11_1705,None
c_1_11_1706,Endothelial
c_1_11_1707,None
c_1_11_1708,Lymphoid-T
c_1_11_1709,Lymphoid-Plasma
c_1_11_1710,Epithelial
c_1_11_1711,Epithelial
c_1_11_1712,Lymphoid-DC
c_1_11_1713,Epithelial
c_1_11_1714,Epithelial
c_1_11_1715,Lymphoid-Other
c_1_11_1716,Epithelial
c_1_11_1717,Epithelial
c_1_11_1718,Epithelial
c_1_11_1719,Lymphoid-T
c_1_11_1720,Lymphoid-DC
c_1_11_1721,Lymphoid-T
c_1_11_1722,Mesenchymal-Stromal
c_1_11_1723,Lymphoid-T
c_1_11_1724,Epithelial
c_1_11_1725,Epithelial
c_1_11_1726,Lymphoid-DC
c_1_11_1727,Epithelial
c_1_11_1728,Epithelial
c_1_11_1729,Lymphoid-Plasma
c_1_11_1730,Lymphoid-T
c_1_11_1731,Lymphoid-DC
c_1_11_1732,Lymphoid-T
c_1_11_1733,Lymphoid-Plasma
c_1_11_1734,Lymphoid-T
c_1_11_1735,Stem
c_1_11_1736,None
c_1_11_1737,Lymphoid-Plasma
c_1_11_1738,Lymphoid-Plasma
c_1_11_1739,Lymphoid-DC
c_1_11_1740,Lymphoid-DC
c_1_11_1741,None
c_1_11_1742,Lymphoid-T
c_1_11_1743,Epithelial
c_1_11_1744,Epithelial
c_1_11_1745,Epithelial
c_1_11_1746,Lymphoid-Other
c_1_11_1747,Lymphoid-DC
c_1_11_1748,Lymphoid-Other
c_1_11_1749,Lymphoid-T
c_1_11_1750,Lymphoid-DC
c_1_11_1751,Epithelial
c_1_11_1752,Myeloid
c_1_11_1753,Epithelial
c_1_11_1754,Lymphoid-Plasma
c_1_11_1755,Endothelial
c_1_11_1756,Lymphoid-DC
c_1_11_1757,Epithelial
c_1_11_1758,Lymphoid-Plasma
c_1_11_1759,Lymphoid-DC
c_1_11_1760,Lymphoid-DC
c_1_11_1761,Epithelial
c_1_11_1762,Lymphoid-Plasma
c_1_11_1763,Epithelial
c_1_11_1764,Myeloid
c_1_11_1765,None
c_1_11_1766,Lymphoid-DC
c_1_11_1767,Lymphoid-T
c_1_11_1768,Mesenchymal-Stromal
c_1_11_1769,Lymphoid-T
c_1_11_1770,Lymphoid-T
c_1_11_1771,Lymphoid-Plasma
c_1_11_1772,Lymphoid-T
c_1_11_1773,Epithelial
c_1_11_1774,Lymphoid-T
c_1_11_1775,Lymphoid-DC
c_1_11_1776,Epithelial
c_1_11_1777,Lymphoid-Other
c_1_11_1778,Stem
c_1_11_1779,Epithelial
c_1_11_1780,Lymphoid-T
c_1_11_1781,Lymphoid-B
c_1_11_1782,Lymphoid-DC
c_1_11_1783,Epithelial
c_1_11_1784,Myeloid
c_1_11_1785,Lymphoid-DC
c_1_11_1786,Myeloid
c_1_11_1787,Epithelial
c_1_11_1788,Stem
c_1_11_1789,Lymphoid-T
c_1_11_1790,Epithelial
c_1_11_1791,Lymphoid-T
c_1_11_1792,Epithelial
c_1_11_1793,Lymphoid-Other
c_1_11_1794,Lymphoid-T
c_1_11_1795,Lymphoid-T
c_1_11_1796,Lymphoid-T
c_1_11_1797,Lymphoid-DC
c_1_11_1798,Lymphoid-Plasma
c_1_11_1799,Lymphoid-T
c_1_11_1800,None
c_1_11_1801,Lymphoid-Plasma
c_1_11_1802,Myeloid
c_1_11_1803,Stem
c_1_11_1804,Stem
c_1_11_1805,Lymphoid-T
c_1_11_1806,Epithelial
c_1_11_1807,Lymphoid-T
c_1_11_1808,Lymphoid-DC
c_1_11_1809,Lymphoid-T
c_1_11_1810,Lymphoid-T
c_1_11_1811,Epithelial
c_1_11_1812,Myeloid
c_1_11_1813,Lymphoid-T
c_1_11_1814,Epithelial
c_1_11_1815,Lymphoid-DC
c_1_11_1816,Epithelial
c_1_11_1817,Lymphoid-Other
c_1_11_1818,Stem
c_1_11_1819,Lymphoid-DC
c_1_11_1820,Epithelial
c_1_11_1821,Endothelial
c_1_11_1822,Lymphoid-DC
c_1_11_1823,Endothelial
c_1_11_1824,Myeloid
c_1_11_1825,Epithelial
c_1_11_1826,Stem
c_1_11_1827,Lymphoid-DC
c_1_11_1828,Lymphoid-T
c_1_11_1829,Lymphoid-DC
c_1_11_1830,Epithelial
c_1_11_1831,Lymphoid-DC
c_1_11_1832,Myeloid
c_1_11_1833,Lymphoid-DC
c_1_11_1834,Lymphoid-DC
c_1_11_1835,Lymphoid-DC
c_1_11_1836,Stem
c_1_11_1837,Epithelial
c_1_11_1838,Epithelial
c_1_11_1839,Lymphoid-T
c_1_11_1840,Epithelial
c_1_11_1841,Lymphoid-T
c_1_11_1842,Lymphoid-T
c_1_11_1843,Myeloid
c_1_11_1844,Lymphoid-T
c_1_11_1845,Lymphoid-T
c_1_11_1846,Lymphoid-DC
c_1_11_1847,Lymphoid-T
c_1_11_1848,Epithelial
c_1_11_1849,Lymphoid-DC
c_1_11_1850,Lymphoid-T
c_1_11_1851,Lymphoid-T
c_1_11_1852,None
c_1_11_1853,Stem
c_1_11_1854,Lymphoid-DC
c_1_11_1855,Epithelial
c_1_11_1856,None
c_1_11_1857,Epithelial
c_1_11_1858,Myeloid
c_1_11_1859,Lymphoid-DC
c_1_11_1860,Stem
c_1_11_1861,Endothelial
c_1_11_1862,Lymphoid-T
c_1_11_1863,Lymphoid-DC
c_1_11_1864,Lymphoid-DC
c_1_11_1865,Lymphoid-Plasma
c_1_11_1866,Lymphoid-T
c_1_11_1867,Lymphoid-T
c_1_11_1868,Stem
c_1_11_1869,Lymphoid-DC
c_1_11_1870,Lymphoid-DC
c_1_11_1871,Lymphoid-T
c_1_11_1872,Lymphoid-T
c_1_11_1873,Lymphoid-DC
c_1_11_1874,Lymphoid-DC
c_1_11_1875,Lymphoid-T
c_1_11_1876,Lymphoid-Other
c_1_11_1877,Lymphoid-DC
c_1_11_1878,Epithelial
c_1_11_1879,Lymphoid-T
c_1_11_1880,None
c_1_11_1881,Epithelial
c_1_11_1882,Epithelial
c_1_11_1883,Stem
c_1_11_1884,Lymphoid-DC
c_1_11_1885,Epithelial
c_1_11_1886,Lymphoid-DC
c_1_11_1887,Lymphoid-Plasma
c_1_11_1888,Epithelial
c_1_11_1889,Lymphoid-T
c_1_11_1890,Epithelial
c_1_11_1891,Lymphoid-DC
c_1_11_1892,Lymphoid-T
c_1_11_1893,Lymphoid-DC
c_1_11_1894,Myeloid
c_1_11_1895,Lymphoid-T
c_1_11_1896,Lymphoid-DC
c_1_11_1897,Lymphoid-DC
c_1_11_1898,Lymphoid-T
c_1_11_1899,Lymphoid-DC
c_1_11_1900,Lymphoid-DC
c_1_11_1901,Epithelial
c_1_11_1902,Lymphoid-T
c_1_11_1903,Lymphoid-T
c_1_11_1904,Lymphoid-T
c_1_11_1905,Lymphoid-DC
c_1_11_1906,Lymphoid-T
c_1_11_1907,Myeloid
c_1_11_1908,Endothelial
c_1_11_1909,None
c_1_11_1910,Lymphoid-DC
c_1_11_1911,Epithelial
c_1_11_1912,Lymphoid-DC
c_1_11_1913,Stem
c_1_11_1914,Lymphoid-DC
c_1_11_1915,Lymphoid-T
c_1_11_1916,Epithelial
c_1_11_1917,Myeloid
c_1_11_1918,Epithelial
c_1_11_1919,Lymphoid-DC
c_1_11_1920,Epithelial
c_1_11_1921,Myeloid
c_1_11_1922,Epithelial
c_1_11_1923,Lymphoid-T
c_1_11_1924,Lymphoid-DC
c_1_11_1925,Lymphoid-T
c_1_11_1926,Lymphoid-Other
c_1_11_1927,Lymphoid-DC
c_1_11_1928,Stem
c_1_11_1929,Epithelial
c_1_11_1930,Lymphoid-DC
c_1_11_1931,Lymphoid-DC
c_1_11_1932,Lymphoid-DC
c_1_11_1933,Lymphoid-DC
c_1_11_1934,Lymphoid-DC
c_1_11_1935,Lymphoid-DC
c_1_11_1936,Epithelial
c_1_11_1937,Lymphoid-T
c_1_11_1938,Lymphoid-Plasma
c_1_11_1939,Epithelial
c_1_11_1940,Lymphoid-T
c_1_11_1941,Lymphoid-DC
c_1_11_1942,Lymphoid-DC
c_1_11_1943,Stem
c_1_11_1944,Lymphoid-DC
c_1_11_1945,Epithelial
c_1_11_1946,Epithelial
c_1_11_1947,Lymphoid-DC
c_1_11_1948,Lymphoid-DC
c_1_11_1949,Epithelial
c_1_11_1950,Epithelial
c_1_11_1951,Epithelial
c_1_11_1952,Lymphoid-DC
c_1_11_1953,Epithelial
c_1_11_1954,Lymphoid-DC
c_1_11_1955,Lymphoid-T
c_1_11_1956,Lymphoid-DC
c_1_11_1957,Lymphoid-T
c_1_11_1958,Lymphoid-DC
c_1_11_1959,Epithelial
c_1_11_1960,Lymphoid-DC
c_1_11_1961,Myeloid
c_1_11_1962,Epithelial
c_1_11_1963,Epithelial
c_1_11_1964,Myeloid
c_1_11_1965,Myeloid
c_1_11_1966,Lymphoid-DC
c_1_11_1967,Neuronal-Glial
c_1_11_1968,Lymphoid-DC
c_1_11_1969,Lymphoid-DC
c_1_11_1970,Lymphoid-DC
c_1_11_1971,Epithelial
c_1_11_1972,Lymphoid-DC
c_1_11_1973,Lymphoid-DC
c_1_11_1974,Lymphoid-DC
c_1_11_1975,Lymphoid-DC
c_1_11_1976,Epithelial
c_1_11_1977,Lymphoid-T
c_1_11_1978,Stem
c_1_11_1979,Lymphoid-DC
c_1_11_1980,Lymphoid-Plasma
c_1_11_1981,Lymphoid-DC
c_1_11_1982,Stem
c_1_11_1983,Lymphoid-DC
c_1_11_1984,Stem
c_1_11_1985,Epithelial
c_1_11_1986,Lymphoid-T
c_1_11_1987,Epithelial
c_1_11_1988,Lymphoid-DC
c_1_11_1989,Lymphoid-T
c_1_11_1990,Lymphoid-DC
c_1_11_1991,Epithelial
c_1_11_1992,Lymphoid-DC
c_1_11_1993,Lymphoid-DC
c_1_11_1994,Lymphoid-DC
c_1_11_1995,Lymphoid-DC
c_1_11_1996,Lymphoid-DC
c_1_11_1997,Epithelial
c_1_11_1998,Stem
c_1_11_1999,Lymphoid-T
c_1_11_2000,Lymphoid-T
c_1_11_2001,Lymphoid-DC
c_1_11_2002,Lymphoid-Other
c_1_11_2003,Lymphoid-DC
c_1_11_2004,Lymphoid-DC
c_1_11_2005,Lymphoid-T
c_1_11_2006,Lymphoid-T
c_1_11_2007,Myeloid
c_1_11_2008,Stem
c_1_11_2009,Lymphoid-Plasma
c_1_11_2010,Lymphoid-DC
c_1_11_2011,Lymphoid-DC
c_1_11_2012,Lymphoid-DC
c_1_11_2013,Epithelial
c_1_11_2014,Lymphoid-DC
c_1_11_2015,Lymphoid-DC
c_1_11_2016,Myeloid
c_1_11_2017,Lymphoid-DC
c_1_11_2018,Lymphoid-DC
c_1_11_2019,Lymphoid-Plasma
c_1_11_2020,Endothelial
c_1_11_2021,Epithelial
c_1_11_2022,Lymphoid-DC
c_1_11_2023,Lymphoid-DC
c_1_11_2024,Lymphoid-DC
c_1_11_2025,Lymphoid-DC
c_1_11_2026,Lymphoid-DC
c_1_11_2027,Lymphoid-DC
c_1_11_2028,Lymphoid-T
c_1_11_2029,Lymphoid-DC
c_1_11_2030,Myeloid
c_1_11_2031,Lymphoid-DC
c_1_11_2032,Lymphoid-DC
c_1_11_2033,Myeloid
c_1_11_2034,Epithelial
c_1_11_2035,Lymphoid-DC
c_1_11_2036,Lymphoid-DC
c_1_11_2037,Lymphoid-DC
c_1_11_2038,Lymphoid-DC
c_1_11_2039,Epithelial
c_1_11_2040,Lymphoid-DC
c_1_11_2041,Endothelial
c_1_11_2042,Lymphoid-DC
c_1_11_2043,Lymphoid-T
c_1_11_2044,Lymphoid-DC
c_1_11_2045,Stem
c_1_11_2046,Lymphoid-DC
c_1_11_2047,Lymphoid-Other
c_1_11_2048,Lymphoid-DC
c_1_11_2049,Lymphoid-DC
c_1_11_2050,Lymphoid-DC
c_1_11_2051,Epithelial
c_1_11_2052,Lymphoid-DC
c_1_11_2053,Lymphoid-T
c_1_11_2054,Lymphoid-DC
c_1_11_2055,Epithelial
c_1_11_2056,Lymphoid-DC
c_1_11_2057,Lymphoid-DC
c_1_11_2058,Lymphoid-DC
c_1_11_2059,Lymphoid-DC
c_1_11_2060,Lymphoid-T
c_1_11_2061,Myeloid
c_1_11_2062,Lymphoid-DC
c_1_11_2063,Lymphoid-T
c_1_11_2064,Lymphoid-DC
c_1_11_2065,Myeloid
c_1_11_2066,Lymphoid-DC
c_1_11_2067,Lymphoid-DC
c_1_11_2068,None
c_1_11_2069,Lymphoid-Plasma
c_1_11_2070,Myeloid
c_1_11_2071,Lymphoid-T
c_1_11_2072,Lymphoid-DC
c_1_11_2073,Myeloid
c_1_11_2074,Lymphoid-DC
c_1_11_2075,None
c_1_11_2076,Myeloid
c_1_11_2077,Myeloid
c_1_11_2078,Myeloid
c_1_11_2079,Epithelial
c_1_11_2080,Epithelial
c_1_11_2081,Myeloid
c_1_11_2082,None
c_1_11_2083,Myeloid
c_1_11_2084,Myeloid
c_1_11_2085,Lymphoid-DC
c_1_11_2086,Lymphoid-DC
c_1_11_2087,None
c_1_11_2088,None
c_1_11_2089,Lymphoid-DC
c_1_11_2090,Lymphoid-DC
c_1_11_2091,Lymphoid-DC
c_1_11_2092,Lymphoid-DC
c_1_11_2093,Lymphoid-DC
c_1_11_2094,Myeloid
c_1_11_2095,Lymphoid-DC
c_1_11_2096,Lymphoid-DC
c_1_11_2097,Lymphoid-DC
c_1_11_2098,Lymphoid-DC
c_1_11_2099,Lymphoid-DC
c_1_11_2100,Endothelial
c_1_11_2101,Epithelial
c_1_11_2102,Lymphoid-DC
c_1_11_2103,Myeloid
c_1_11_2104,Myeloid
c_1_11_2105,Lymphoid-DC
c_1_11_2106,Lymphoid-DC
c_1_11_2107,Stem
c_1_11_2108,Endothelial
c_1_11_2109,Myeloid
c_1_11_2110,Epithelial
c_1_11_2111,Endothelial
c_1_11_2112,Lymphoid-DC
c_1_11_2113,Lymphoid-DC
c_1_11_2114,Myeloid
c_1_11_2115,Lymphoid-DC
c_1_11_2116,Epithelial
c_1_11_2117,Lymphoid-DC
c_1_11_2118,Endothelial
c_1_11_2119,Endothelial
c_1_11_2120,Epithelial
c_1_11_2121,Lymphoid-DC
c_1_11_2122,Lymphoid-DC
c_1_11_2123,Lymphoid-DC
c_1_11_2124,Endothelial
c_1_11_2125,Endothelial
c_1_11_2126,Epithelial
c_1_11_2127,Mesenchymal-Stromal
c_1_11_2128,Epithelial
c_1_11_2129,Lymphoid-DC
c_1_11_2130,Lymphoid-DC
c_1_11_2131,None
c_1_11_2132,Lymphoid-DC
c_1_11_2133,None
c_1_11_2134,Epithelial
c_1_11_2135,Lymphoid-DC
c_1_11_2136,Lymphoid-T
c_1_11_2137,Lymphoid-T
c_1_11_2138,Myeloid
c_1_11_2139,Epithelial
c_1_11_2140,Epithelial
c_1_11_2141,Epithelial
c_1_11_2142,Lymphoid-DC
c_1_11_2143,Epithelial
c_1_11_2144,Lymphoid-DC
c_1_11_2145,Epithelial
c_1_11_2146,Lymphoid-T
c_1_11_2147,Lymphoid-DC
c_1_11_2148,Lymphoid-DC
c_1_11_2149,Epithelial
c_1_11_2150,Epithelial
c_1_11_2151,Epithelial
c_1_11_2152,None
c_1_11_2153,Lymphoid-DC
c_1_11_2154,Myeloid
c_1_11_2155,Epithelial
c_1_11_2156,Epithelial
c_1_11_2157,None
c_1_11_2158,Epithelial
c_1_11_2159,Epithelial
c_1_11_2160,Epithelial
c_1_11_2161,Epithelial
c_1_11_2162,Epithelial
c_1_11_2163,Epithelial
c_1_11_2164,Epithelial
c_1_11_2165,Epithelial
c_1_11_2166,Lymphoid-T
c_1_11_2167,Epithelial
c_1_11_2168,Lymphoid-DC
c_1_11_2169,Epithelial
c_1_11_2170,Epithelial
c_1_11_2171,Epithelial
c_1_11_2172,Lymphoid-T
c_1_11_2173,None
c_1_11_2174,Myeloid
c_1_11_2175,Epithelial
c_1_11_2176,Epithelial
c_1_11_2177,Epithelial
c_1_11_2178,Epithelial
c_1_11_2179,Stem
c_1_11_2180,Lymphoid-DC
c_1_11_2181,Epithelial
c_1_11_2182,Epithelial
c_1_11_2183,Lymphoid-DC
c_1_11_2184,Epithelial
c_1_11_2185,Epithelial
c_1_11_2186,Lymphoid-DC
c_1_11_2187,Lymphoid-DC
c_1_11_2188,Lymphoid-DC
c_1_11_2189,Lymphoid-DC
c_1_11_2190,Lymphoid-DC
c_1_11_2191,Lymphoid-DC
c_1_11_2192,Epithelial
c_1_11_2193,Myeloid
c_1_11_2194,Lymphoid-DC
c_1_11_2195,Myeloid
c_1_11_2196,Epithelial
c_1_11_2197,Lymphoid-DC
c_1_11_2198,Epithelial
c_1_11_2199,Epithelial
c_1_11_2200,Epithelial
c_1_11_2201,Lymphoid-B
c_1_11_2202,Epithelial
c_1_11_2203,Epithelial
c_1_11_2204,Epithelial
c_1_11_2205,Lymphoid-DC
c_1_11_2206,Lymphoid-DC
c_1_12_1,None
c_1_12_2,Mesenchymal-Stromal
c_1_12_3,Endothelial
c_1_12_4,Mesenchymal-Stromal
c_1_12_5,Lymphoid-Other
c_1_12_6,Lymphoid-Other
c_1_12_7,Mesenchymal-Stromal
c_1_12_8,Mesenchymal-Stromal
c_1_12_9,Mesenchymal-Stromal
c_1_12_10,Mesenchymal-Stromal
c_1_12_11,Neuronal-Glial
c_1_12_12,Lymphoid-T
c_1_12_13,None
c_1_12_14,Mesenchymal-Stromal
c_1_12_15,Endothelial
c_1_12_16,None
c_1_12_17,None
c_1_12_18,None
c_1_12_19,Myeloid
c_1_12_20,Lymphoid-T
c_1_12_21,None
c_1_12_22,Endothelial
c_1_12_23,Mesenchymal-Stromal
c_1_12_24,None
c_1_12_25,Mesenchymal-Stromal
c_1_12_26,Endothelial
c_1_12_27,Lymphoid-Other
c_1_12_28,Mesenchymal-Stromal
c_1_12_29,Mesenchymal-Stromal
c_1_12_30,Endothelial
c_1_12_31,Lymphoid-Other
c_1_12_32,Mesenchymal-Stromal
c_1_12_33,Mesenchymal-Stromal
c_1_12_34,Lymphoid-Other
c_1_12_35,Mesenchymal-Stromal
c_1_12_36,Endothelial
c_1_12_37,Endothelial
c_1_12_38,Mesenchymal-Stromal
c_1_12_39,Mesenchymal-Stromal
c_1_12_40,Endothelial
c_1_12_41,Lymphoid-Other
c_1_12_42,Mesenchymal-Stromal
c_1_12_43,Lymphoid-Other
c_1_12_44,Endothelial
c_1_12_45,Lymphoid-Other
c_1_12_46,Mesenchymal-Stromal
c_1_12_47,Mesenchymal-Stromal
c_1_12_48,Mesenchymal-Stromal
c_1_12_49,Endothelial
c_1_12_50,None
c_1_12_51,Mesenchymal-Stromal
c_1_12_52,None
c_1_12_53,Myeloid
c_1_12_54,None
c_1_12_55,Lymphoid-Other
c_1_12_56,Lymphoid-T
c_1_12_57,Endothelial
c_1_12_58,Endothelial
c_1_12_59,Endothelial
c_1_12_60,Endothelial
c_1_12_61,Lymphoid-Other
c_1_12_62,Endothelial
c_1_12_63,Mesenchymal-Stromal
c_1_12_64,Myeloid
c_1_12_65,Endothelial
c_1_12_66,Lymphoid-Other
c_1_12_67,Mesenchymal-Stromal
c_1_12_68,None
c_1_12_69,Lymphoid-Other
c_1_12_70,Mesenchymal-Stromal
c_1_12_71,Lymphoid-Other
c_1_12_72,Lymphoid-T
c_1_12_73,None
c_1_12_74,Lymphoid-Other
c_1_12_75,Endothelial
c_1_12_76,Lymphoid-Other
c_1_12_77,Lymphoid-T
c_1_12_78,Lymphoid-T
c_1_12_79,Mesenchymal-Stromal
c_1_12_80,None
c_1_12_81,Endothelial
c_1_12_82,Lymphoid-Other
c_1_12_83,Endothelial
c_1_12_84,Lymphoid-Other
c_1_12_85,Lymphoid-Other
c_1_12_86,Mesenchymal-Stromal
c_1_12_87,Lymphoid-T
c_1_12_88,Mesenchymal-Stromal
c_1_12_89,Mesenchymal-Stromal
c_1_12_90,Mesenchymal-Stromal
c_1_12_91,None
c_1_12_92,Mesenchymal-Stromal
c_1_12_93,Myeloid
c_1_12_94,Endothelial
c_1_12_95,None
c_1_12_96,Mesenchymal-Stromal
c_1_12_97,None
c_1_12_98,Mesenchymal-Stromal
c_1_12_99,Endothelial
c_1_12_100,Endothelial
c_1_12_101,None
c_1_12_102,Mesenchymal-Stromal
c_1_12_103,None
c_1_12_104,Endothelial
c_1_12_105,Mesenchymal-Stromal
c_1_12_106,Mesenchymal-Stromal
c_1_12_107,Mesenchymal-Stromal
c_1_12_108,Mesenchymal-Stromal
c_1_12_109,Endothelial
c_1_12_110,None
c_1_12_111,Mesenchymal-Stromal
c_1_12_112,Mesenchymal-Stromal
c_1_12_113,Endothelial
c_1_12_114,Lymphoid-Plasma
c_1_12_115,Endothelial
c_1_12_116,Endothelial
c_1_12_117,Mesenchymal-Stromal
c_1_12_118,Lymphoid-Plasma
c_1_12_119,Mesenchymal-Stromal
c_1_12_120,Mesenchymal-Stromal
c_1_12_121,Mesenchymal-Stromal
c_1_12_122,Mesenchymal-Stromal
c_1_12_123,Mesenchymal-Stromal
c_1_12_124,Lymphoid-Plasma
c_1_12_125,Mesenchymal-Stromal
c_1_12_126,Endothelial
c_1_12_127,Lymphoid-B
c_1_12_128,Mesenchymal-Stromal
c_1_12_129,Mesenchymal-Stromal
c_1_12_130,Mesenchymal-Stromal
c_1_12_131,Mesenchymal-Stromal
c_1_12_132,Endothelial
c_1_12_133,Mesenchymal-Stromal
c_1_12_134,Lymphoid-Plasma
c_1_12_135,Endothelial
c_1_12_136,Mesenchymal-Stromal
c_1_12_137,Endothelial
c_1_12_138,Endothelial
c_1_12_139,Mesenchymal-Stromal
c_1_12_140,Endothelial
c_1_12_141,Mesenchymal-Stromal
c_1_12_142,Lymphoid-Other
c_1_12_143,Mesenchymal-Stromal
c_1_12_144,Mesenchymal-Stromal
c_1_12_145,None
c_1_12_146,Lymphoid-Plasma
c_1_12_147,Mesenchymal-Stromal
c_1_12_148,Mesenchymal-Stromal
c_1_12_149,Mesenchymal-Stromal
c_1_12_150,Lymphoid-Plasma
c_1_12_151,Lymphoid-T
c_1_12_152,Mesenchymal-Stromal
c_1_12_153,Mesenchymal-Stromal
c_1_12_154,Mesenchymal-Stromal
c_1_12_155,Mesenchymal-Stromal
c_1_12_156,Mesenchymal-Stromal
c_1_12_157,Mesenchymal-Stromal
c_1_12_158,Mesenchymal-Stromal
c_1_12_159,Lymphoid-Other
c_1_12_160,Mesenchymal-Stromal
c_1_12_161,Mesenchymal-Stromal
c_1_12_162,Mesenchymal-Stromal
c_1_12_163,Mesenchymal-Stromal
c_1_12_164,Mesenchymal-Stromal
c_1_12_165,Mesenchymal-Stromal
c_1_12_166,Mesenchymal-Stromal
c_1_12_167,Mesenchymal-Stromal
c_1_12_168,Mesenchymal-Stromal
c_1_12_169,Mesenchymal-Stromal
c_1_12_170,Lymphoid-Other
c_1_12_171,Mesenchymal-Stromal
c_1_12_172,Mesenchymal-Stromal
c_1_12_173,Lymphoid-Plasma
c_1_12_174,Lymphoid-Plasma
c_1_12_175,Mesenchymal-Stromal
c_1_12_176,Mesenchymal-Stromal
c_1_12_177,Mesenchymal-Stromal
c_1_12_178,Mesenchymal-Stromal
c_1_12_179,Mesenchymal-Stromal
c_1_12_180,Endothelial
c_1_12_181,Mesenchymal-Stromal
c_1_12_182,Lymphoid-Other
c_1_12_183,None
c_1_12_184,Mesenchymal-Stromal
c_1_12_185,Lymphoid-T
c_1_12_186,Lymphoid-Other
c_1_12_187,Lymphoid-Other
c_1_12_188,Mesenchymal-Stromal
c_1_12_189,Mesenchymal-Stromal
c_1_12_190,Lymphoid-Other
c_1_12_191,Mesenchymal-Stromal
c_1_12_192,Lymphoid-T
c_1_12_193,Mesenchymal-Stromal
c_1_12_194,Lymphoid-Other
c_1_12_195,Mesenchymal-Stromal
c_1_12_196,Mesenchymal-Stromal
c_1_12_197,Mesenchymal-Stromal
c_1_12_198,Lymphoid-Other
c_1_12_199,Mesenchymal-Stromal
c_1_12_200,Mesenchymal-Stromal
c_1_12_201,Mesenchymal-Stromal
c_1_12_202,Mesenchymal-Stromal
c_1_12_203,Mesenchymal-Stromal
c_1_12_204,Mesenchymal-Stromal
c_1_12_205,Mesenchymal-Stromal
c_1_12_206,Mesenchymal-Stromal
c_1_12_207,Mesenchymal-Stromal
c_1_12_208,None
c_1_12_209,Mesenchymal-Stromal
c_1_12_210,Mesenchymal-Stromal
c_1_12_211,Mesenchymal-Stromal
c_1_12_212,Mesenchymal-Stromal
c_1_12_213,Mesenchymal-Stromal
c_1_12_214,Mesenchymal-Stromal
c_1_12_215,Mesenchymal-Stromal
c_1_12_216,Mesenchymal-Stromal
c_1_12_217,Mesenchymal-Stromal
c_1_12_218,Lymphoid-Plasma
c_1_12_219,Mesenchymal-Stromal
c_1_12_220,Lymphoid-T
c_1_12_221,Mesenchymal-Stromal
c_1_12_222,Lymphoid-T
c_1_12_223,Mesenchymal-Stromal
c_1_12_224,Lymphoid-Other
c_1_12_225,Mesenchymal-Stromal
c_1_12_226,Lymphoid-B
c_1_12_227,Mesenchymal-Stromal
c_1_12_228,Lymphoid-Plasma
c_1_12_229,Mesenchymal-Stromal
c_1_12_230,Myeloid
c_1_12_231,Mesenchymal-Stromal
c_1_12_232,Lymphoid-T
c_1_12_233,Mesenchymal-Stromal
c_1_12_234,Mesenchymal-Stromal
c_1_12_235,Mesenchymal-Stromal
c_1_12_236,Mesenchymal-Stromal
c_1_12_237,Lymphoid-Other
c_1_12_238,Mesenchymal-Stromal
c_1_12_239,Mesenchymal-Stromal
c_1_12_240,Lymphoid-Other
c_1_12_241,Mesenchymal-Stromal
c_1_12_242,Lymphoid-T
c_1_12_243,Lymphoid-Other
c_1_12_244,Mesenchymal-Stromal
c_1_12_245,Mesenchymal-Stromal
c_1_12_246,None
c_1_12_247,Mesenchymal-Stromal
c_1_12_248,Endothelial
c_1_12_249,Mesenchymal-Stromal
c_1_12_250,Mesenchymal-Stromal
c_1_12_251,Mesenchymal-Stromal
c_1_12_252,Lymphoid-Other
c_1_12_253,Mesenchymal-Stromal
c_1_12_254,Mesenchymal-Stromal
c_1_12_255,Mesenchymal-Stromal
c_1_12_256,Mesenchymal-Stromal
c_1_12_257,Mesenchymal-Stromal
c_1_12_258,Endothelial
c_1_12_259,Mesenchymal-Stromal
c_1_12_260,Mesenchymal-Stromal
c_1_12_261,Mesenchymal-Stromal
c_1_12_262,Mesenchymal-Stromal
c_1_12_263,Mesenchymal-Stromal
c_1_12_264,Mesenchymal-Stromal
c_1_12_265,Lymphoid-Other
c_1_12_266,Endothelial
c_1_12_267,Mesenchymal-Stromal
c_1_12_268,Lymphoid-Other
c_1_12_269,Mesenchymal-Stromal
c_1_12_270,Lymphoid-T
c_1_12_271,None
c_1_12_272,Lymphoid-Other
c_1_12_273,Lymphoid-Other
c_1_12_274,Mesenchymal-Stromal
c_1_12_275,Lymphoid-B
c_1_12_276,Mesenchymal-Stromal
c_1_12_277,Mesenchymal-Stromal
c_1_12_278,Mesenchymal-Stromal
c_1_12_279,Endothelial
c_1_12_280,Mesenchymal-Stromal
c_1_12_281,Endothelial
c_1_12_282,Mesenchymal-Stromal
c_1_12_283,Mesenchymal-Stromal
c_1_12_284,Mesenchymal-Stromal
c_1_12_285,Endothelial
c_1_12_286,Mesenchymal-Stromal
c_1_12_287,Mesenchymal-Stromal
c_1_12_288,Mesenchymal-Stromal
c_1_12_289,Mesenchymal-Stromal
c_1_12_290,Endothelial
c_1_12_291,Mesenchymal-Stromal
c_1_12_292,Endothelial
c_1_12_293,Mesenchymal-Stromal
c_1_12_294,Mesenchymal-Stromal
c_1_12_295,Endothelial
c_1_12_296,Mesenchymal-Stromal
c_1_12_297,Mesenchymal-Stromal
c_1_12_298,Mesenchymal-Stromal
c_1_12_299,Mesenchymal-Stromal
c_1_12_300,Mesenchymal-Stromal
c_1_12_301,Mesenchymal-Stromal
c_1_12_302,Mesenchymal-Stromal
c_1_12_303,Endothelial
c_1_12_304,Lymphoid-Other
c_1_12_305,Lymphoid-B
c_1_12_306,Mesenchymal-Stromal
c_1_12_307,Mesenchymal-Stromal
c_1_12_308,Lymphoid-B
c_1_12_309,Mesenchymal-Stromal
c_1_12_310,Endothelial
c_1_12_311,Mesenchymal-Stromal
c_1_12_312,Myeloid
c_1_12_313,Lymphoid-Other
c_1_12_314,Mesenchymal-Stromal
c_1_12_315,Mesenchymal-Stromal
c_1_12_316,Mesenchymal-Stromal
c_1_12_317,Mesenchymal-Stromal
c_1_12_318,Mesenchymal-Stromal
c_1_12_319,Mesenchymal-Stromal
c_1_12_320,Endothelial
c_1_12_321,Mesenchymal-Stromal
c_1_12_322,Endothelial
c_1_12_323,Lymphoid-Other
c_1_12_324,Mesenchymal-Stromal
c_1_12_325,Mesenchymal-Stromal
c_1_12_326,Mesenchymal-Stromal
c_1_12_327,Lymphoid-T
c_1_12_328,Mesenchymal-Stromal
c_1_12_329,Mesenchymal-Stromal
c_1_12_330,Lymphoid-Other
c_1_12_331,Endothelial
c_1_12_332,Lymphoid-Plasma
c_1_12_333,Mesenchymal-Stromal
c_1_12_334,Mesenchymal-Stromal
c_1_12_335,Endothelial
c_1_12_336,Mesenchymal-Stromal
c_1_12_337,Endothelial
c_1_12_338,Mesenchymal-Stromal
c_1_12_339,Mesenchymal-Stromal
c_1_12_340,Myeloid
c_1_12_341,Mesenchymal-Stromal
c_1_12_342,Lymphoid-Plasma
c_1_12_343,Mesenchymal-Stromal
c_1_12_344,Mesenchymal-Stromal
c_1_12_345,Mesenchymal-Stromal
c_1_12_346,Mesenchymal-Stromal
c_1_12_347,None
c_1_12_348,Lymphoid-Other
c_1_12_349,Lymphoid-T
c_1_12_350,Mesenchymal-Stromal
c_1_12_351,Mesenchymal-Stromal
c_1_12_352,Lymphoid-Other
c_1_12_353,Mesenchymal-Stromal
c_1_12_354,None
c_1_12_355,Endothelial
c_1_12_356,Endothelial
c_1_12_357,Endothelial
c_1_12_358,Mesenchymal-Stromal
c_1_12_359,Lymphoid-Other
c_1_12_360,Mesenchymal-Stromal
c_1_12_361,Mesenchymal-Stromal
c_1_12_362,Mesenchymal-Stromal
c_1_12_363,Mesenchymal-Stromal
c_1_12_364,Lymphoid-Plasma
c_1_12_365,Mesenchymal-Stromal
c_1_12_366,Mesenchymal-Stromal
c_1_12_367,Lymphoid-Other
c_1_12_368,Mesenchymal-Stromal
c_1_12_369,Mesenchymal-Stromal
c_1_12_370,Lymphoid-T
c_1_12_371,Mesenchymal-Stromal
c_1_12_372,None
c_1_12_373,Mesenchymal-Stromal
c_1_12_374,Mesenchymal-Stromal
c_1_12_375,Lymphoid-B
c_1_12_376,Lymphoid-Other
c_1_12_377,Mesenchymal-Stromal
c_1_12_378,Lymphoid-B
c_1_12_379,Mesenchymal-Stromal
c_1_12_380,Mesenchymal-Stromal
c_1_12_381,Mesenchymal-Stromal
c_1_12_382,Mesenchymal-Stromal
c_1_12_383,Mesenchymal-Stromal
c_1_12_384,Mesenchymal-Stromal
c_1_12_385,Mesenchymal-Stromal
c_1_12_386,Mesenchymal-Stromal
c_1_12_387,Mesenchymal-Stromal
c_1_12_388,Mesenchymal-Stromal
c_1_12_389,Mesenchymal-Stromal
c_1_12_390,Myeloid
c_1_12_391,Endothelial
c_1_12_392,Mesenchymal-Stromal
c_1_12_393,Endothelial
c_1_12_394,Mesenchymal-Stromal
c_1_12_395,Mesenchymal-Stromal
c_1_12_396,Mesenchymal-Stromal
c_1_12_397,None
c_1_12_398,Mesenchymal-Stromal
c_1_12_399,Lymphoid-Other
c_1_12_400,Mesenchymal-Stromal
c_1_12_401,Mesenchymal-Stromal
c_1_12_402,Mesenchymal-Stromal
c_1_12_403,Mesenchymal-Stromal
c_1_12_404,Mesenchymal-Stromal
c_1_12_405,Endothelial
c_1_12_406,Endothelial
c_1_12_407,Lymphoid-Other
c_1_12_408,Mesenchymal-Stromal
c_1_12_409,Mesenchymal-Stromal
c_1_12_410,Mesenchymal-Stromal
c_1_12_411,Mesenchymal-Stromal
c_1_12_412,Mesenchymal-Stromal
c_1_12_413,Endothelial
c_1_12_414,Mesenchymal-Stromal
c_1_12_415,Mesenchymal-Stromal
c_1_12_416,Lymphoid-T
c_1_12_417,Mesenchymal-Stromal
c_1_12_418,Mesenchymal-Stromal
c_1_12_419,Lymphoid-Other
c_1_12_420,Lymphoid-Other
c_1_12_421,Lymphoid-Other
c_1_12_422,Mesenchymal-Stromal
c_1_12_423,Mesenchymal-Stromal
c_1_12_424,None
c_1_12_425,Mesenchymal-Stromal
c_1_12_426,Lymphoid-T
c_1_12_427,Lymphoid-Other
c_1_12_428,Mesenchymal-Stromal
c_1_12_429,Mesenchymal-Stromal
c_1_12_430,Mesenchymal-Stromal
c_1_12_431,Lymphoid-Plasma
c_1_12_432,Lymphoid-Plasma
c_1_12_433,Mesenchymal-Stromal
c_1_12_434,Endothelial
c_1_12_435,Lymphoid-Other
c_1_12_436,Mesenchymal-Stromal
c_1_12_437,Mesenchymal-Stromal
c_1_12_438,Mesenchymal-Stromal
c_1_12_439,Mesenchymal-Stromal
c_1_12_440,Mesenchymal-Stromal
c_1_12_441,Mesenchymal-Stromal
c_1_12_442,Mesenchymal-Stromal
c_1_12_443,None
c_1_12_444,Mesenchymal-Stromal
c_1_12_445,None
c_1_12_446,Lymphoid-T
c_1_12_447,Mesenchymal-Stromal
c_1_12_448,Endothelial
c_1_12_449,Lymphoid-T
c_1_12_450,Lymphoid-Other
c_1_12_451,Mesenchymal-Stromal
c_1_12_452,Lymphoid-Other
c_1_12_453,None
c_1_12_454,Lymphoid-Other
c_1_12_455,Mesenchymal-Stromal
c_1_12_456,Endothelial
c_1_12_457,None
c_1_12_458,Mesenchymal-Stromal
c_1_12_459,Mesenchymal-Stromal
c_1_12_460,Mesenchymal-Stromal
c_1_12_461,Mesenchymal-Stromal
c_1_12_462,Lymphoid-T
c_1_12_463,Mesenchymal-Stromal
c_1_12_464,Mesenchymal-Stromal
c_1_12_465,Mesenchymal-Stromal
c_1_12_466,Mesenchymal-Stromal
c_1_12_467,Mesenchymal-Stromal
c_1_12_468,None
c_1_12_469,Mesenchymal-Stromal
c_1_12_470,Endothelial
c_1_12_471,Endothelial
c_1_12_472,Lymphoid-Plasma
c_1_12_473,Mesenchymal-Stromal
c_1_12_474,Mesenchymal-Stromal
c_1_12_475,Mesenchymal-Stromal
c_1_12_476,Endothelial
c_1_12_477,None
c_1_12_478,Mesenchymal-Stromal
c_1_12_479,Lymphoid-T
c_1_12_480,Lymphoid-T
c_1_12_481,Lymphoid-B
c_1_12_482,Mesenchymal-Stromal
c_1_12_483,Mesenchymal-Stromal
c_1_12_484,Mesenchymal-Stromal
c_1_12_485,Mesenchymal-Stromal
c_1_12_486,Mesenchymal-Stromal
c_1_12_487,Mesenchymal-Stromal
c_1_12_488,Mesenchymal-Stromal
c_1_12_489,Myeloid
c_1_12_490,Mesenchymal-Stromal
c_1_12_491,Mesenchymal-Stromal
c_1_12_492,Mesenchymal-Stromal
c_1_12_493,Mesenchymal-Stromal
c_1_12_494,Mesenchymal-Stromal
c_1_12_495,Lymphoid-Other
c_1_12_496,Lymphoid-T
c_1_12_497,Mesenchymal-Stromal
c_1_12_498,Endothelial
c_1_12_499,Mesenchymal-Stromal
c_1_12_500,Endothelial
c_1_12_501,Lymphoid-Plasma
c_1_12_502,Mesenchymal-Stromal
c_1_12_503,Lymphoid-Plasma
c_1_12_504,Endothelial
c_1_12_505,Mesenchymal-Stromal
c_1_12_506,Mesenchymal-Stromal
c_1_12_507,Mesenchymal-Stromal
c_1_12_508,Mesenchymal-Stromal
c_1_12_509,Mesenchymal-Stromal
c_1_12_510,Lymphoid-Other
c_1_12_511,Endothelial
c_1_12_512,Lymphoid-T
c_1_12_513,Endothelial
c_1_12_514,Lymphoid-Other
c_1_12_515,Lymphoid-T
c_1_12_516,Mesenchymal-Stromal
c_1_12_517,Mesenchymal-Stromal
c_1_12_518,Mesenchymal-Stromal
c_1_12_519,Mesenchymal-Stromal
c_1_12_520,Mesenchymal-Stromal
c_1_12_521,None
c_1_12_522,Endothelial
c_1_12_523,Endothelial
c_1_12_524,Lymphoid-T
c_1_12_525,Mesenchymal-Stromal
c_1_12_526,Mesenchymal-Stromal
c_1_12_527,Lymphoid-B
c_1_12_528,None
c_1_12_529,Mesenchymal-Stromal
c_1_12_530,Lymphoid-Other
c_1_12_531,Lymphoid-Other
c_1_12_532,Mesenchymal-Stromal
c_1_12_533,Lymphoid-Other
c_1_12_534,Mesenchymal-Stromal
c_1_12_535,Lymphoid-Other
c_1_12_536,Lymphoid-T
c_1_12_537,Mesenchymal-Stromal
c_1_12_538,Endothelial
c_1_12_539,Mesenchymal-Stromal
c_1_12_540,Mesenchymal-Stromal
c_1_12_541,Endothelial
c_1_12_542,Mesenchymal-Stromal
c_1_12_543,Mesenchymal-Stromal
c_1_12_544,Mesenchymal-Stromal
c_1_12_545,Mesenchymal-Stromal
c_1_12_546,Lymphoid-Other
c_1_12_547,Mesenchymal-Stromal
c_1_12_548,Mesenchymal-Stromal
c_1_12_549,Mesenchymal-Stromal
c_1_12_550,None
c_1_12_551,Mesenchymal-Stromal
c_1_12_552,None
c_1_12_553,Lymphoid-T
c_1_12_554,None
c_1_12_555,Lymphoid-B
c_1_12_556,Endothelial
c_1_12_557,Mesenchymal-Stromal
c_1_12_558,Mesenchymal-Stromal
c_1_12_559,Mesenchymal-Stromal
c_1_12_560,None
c_1_12_561,Mesenchymal-Stromal
c_1_12_562,Mesenchymal-Stromal
c_1_12_563,Mesenchymal-Stromal
c_1_12_564,Lymphoid-T
c_1_12_565,Mesenchymal-Stromal
c_1_12_566,Lymphoid-T
c_1_12_567,Mesenchymal-Stromal
c_1_12_568,Lymphoid-Other
c_1_12_569,Mesenchymal-Stromal
c_1_12_570,Lymphoid-Other
c_1_12_571,None
c_1_12_572,None
c_1_12_573,Mesenchymal-Stromal
c_1_12_574,Mesenchymal-Stromal
c_1_12_575,Lymphoid-Other
c_1_12_576,Mesenchymal-Stromal
c_1_12_577,Lymphoid-T
c_1_12_578,Endothelial
c_1_12_579,Mesenchymal-Stromal
c_1_12_580,Mesenchymal-Stromal
c_1_12_581,Mesenchymal-Stromal
c_1_12_582,Mesenchymal-Stromal
c_1_12_583,Endothelial
c_1_12_584,Mesenchymal-Stromal
c_1_12_585,Mesenchymal-Stromal
c_1_12_586,Mesenchymal-Stromal
c_1_12_587,Lymphoid-Other
c_1_12_588,Endothelial
c_1_12_589,Lymphoid-Other
c_1_12_590,Mesenchymal-Stromal
c_1_12_591,Mesenchymal-Stromal
c_1_12_592,Mesenchymal-Stromal
c_1_12_593,Mesenchymal-Stromal
c_1_12_594,Mesenchymal-Stromal
c_1_12_595,None
c_1_12_596,Lymphoid-Other
c_1_12_597,Mesenchymal-Stromal
c_1_12_598,Endothelial
c_1_12_599,Mesenchymal-Stromal
c_1_12_600,None
c_1_12_601,Mesenchymal-Stromal
c_1_12_602,Mesenchymal-Stromal
c_1_12_603,Mesenchymal-Stromal
c_1_12_604,Lymphoid-Other
c_1_12_605,Lymphoid-T
c_1_12_606,Endothelial
c_1_12_607,Mesenchymal-Stromal
c_1_12_608,Lymphoid-Other
c_1_12_609,Lymphoid-Other
c_1_12_610,None
c_1_12_611,Lymphoid-Other
c_1_12_612,Mesenchymal-Stromal
c_1_12_613,Lymphoid-Other
c_1_12_614,Lymphoid-Other
c_1_12_615,Mesenchymal-Stromal
c_1_12_616,Endothelial
c_1_12_617,Mesenchymal-Stromal
c_1_12_618,Mesenchymal-Stromal
c_1_12_619,Mesenchymal-Stromal
c_1_12_620,Mesenchymal-Stromal
c_1_12_621,Mesenchymal-Stromal
c_1_12_622,Neuronal-Glial
c_1_12_623,Mesenchymal-Stromal
c_1_12_624,Mesenchymal-Stromal
c_1_12_625,Lymphoid-Other
c_1_12_626,Endothelial
c_1_12_627,Mesenchymal-Stromal
c_1_12_628,Mesenchymal-Stromal
c_1_12_629,Neuronal-Glial
c_1_12_630,Mesenchymal-Stromal
c_1_12_631,Endothelial
c_1_12_632,Mesenchymal-Stromal
c_1_12_633,Mesenchymal-Stromal
c_1_12_634,Mesenchymal-Stromal
c_1_12_635,Mesenchymal-Stromal
c_1_12_636,Mesenchymal-Stromal
c_1_12_637,Endothelial
c_1_12_638,Endothelial
c_1_12_639,Lymphoid-Other
c_1_12_640,Endothelial
c_1_12_641,Mesenchymal-Stromal
c_1_12_642,None
c_1_12_643,Mesenchymal-Stromal
c_1_12_644,Neuronal-Glial
c_1_12_645,Lymphoid-T
c_1_12_646,Mesenchymal-Stromal
c_1_12_647,Lymphoid-T
c_1_12_648,Endothelial
c_1_12_649,Mesenchymal-Stromal
c_1_12_650,Lymphoid-Other
c_1_12_651,Mesenchymal-Stromal
c_1_12_652,Myeloid
c_1_12_653,Mesenchymal-Stromal
c_1_12_654,Mesenchymal-Stromal
c_1_12_655,Mesenchymal-Stromal
c_1_12_656,Lymphoid-Other
c_1_12_657,Endothelial
c_1_12_658,Mesenchymal-Stromal
c_1_12_659,Lymphoid-Other
c_1_12_660,Lymphoid-Other
c_1_12_661,Endothelial
c_1_12_662,Mesenchymal-Stromal
c_1_12_663,Mesenchymal-Stromal
c_1_12_664,Mesenchymal-Stromal
c_1_12_665,Mesenchymal-Stromal
c_1_12_666,Lymphoid-B
c_1_12_667,Mesenchymal-Stromal
c_1_12_668,None
c_1_12_669,Endothelial
c_1_12_670,Mesenchymal-Stromal
c_1_12_671,Endothelial
c_1_12_672,Lymphoid-Other
c_1_12_673,Mesenchymal-Stromal
c_1_12_674,Endothelial
c_1_12_675,Endothelial
c_1_12_676,Mesenchymal-Stromal
c_1_12_677,Mesenchymal-Stromal
c_1_12_678,None
c_1_12_679,Mesenchymal-Stromal
c_1_12_680,Lymphoid-Plasma
c_1_12_681,Mesenchymal-Stromal
c_1_12_682,Myeloid
c_1_12_683,Mesenchymal-Stromal
c_1_12_684,Mesenchymal-Stromal
c_1_12_685,Lymphoid-Other
c_1_12_686,Mesenchymal-Stromal
c_1_12_687,Mesenchymal-Stromal
c_1_12_688,Mesenchymal-Stromal
c_1_12_689,Lymphoid-Other
c_1_12_690,Mesenchymal-Stromal
c_1_12_691,Mesenchymal-Stromal
c_1_12_692,Endothelial
c_1_12_693,None
c_1_12_694,Lymphoid-Other
c_1_12_695,Mesenchymal-Stromal
c_1_12_696,Mesenchymal-Stromal
c_1_12_697,Mesenchymal-Stromal
c_1_12_698,Mesenchymal-Stromal
c_1_12_699,Mesenchymal-Stromal
c_1_12_700,Mesenchymal-Stromal
c_1_12_701,Mesenchymal-Stromal
c_1_12_702,Mesenchymal-Stromal
c_1_12_703,Mesenchymal-Stromal
c_1_12_704,Endothelial
c_1_12_705,Mesenchymal-Stromal
c_1_12_706,Mesenchymal-Stromal
c_1_12_707,Mesenchymal-Stromal
c_1_12_708,Mesenchymal-Stromal
c_1_12_709,Lymphoid-Other
c_1_12_710,Mesenchymal-Stromal
c_1_12_711,Endothelial
c_1_12_712,None
c_1_12_713,Mesenchymal-Stromal
c_1_12_714,Mesenchymal-Stromal
c_1_12_715,Mesenchymal-Stromal
c_1_12_716,Lymphoid-Other
c_1_12_717,Mesenchymal-Stromal
c_1_12_718,Mesenchymal-Stromal
c_1_12_719,Lymphoid-T
c_1_12_720,Mesenchymal-Stromal
c_1_12_721,None
c_1_12_722,Lymphoid-T
c_1_12_723,Lymphoid-T
c_1_12_724,Endothelial
c_1_12_725,Mesenchymal-Stromal
c_1_12_726,Mesenchymal-Stromal
c_1_12_727,Endothelial
c_1_12_728,Lymphoid-Other
c_1_12_729,Myeloid
c_1_12_730,Mesenchymal-Stromal
c_1_12_731,Mesenchymal-Stromal
c_1_12_732,Mesenchymal-Stromal
c_1_12_733,Mesenchymal-Stromal
c_1_12_734,Mesenchymal-Stromal
c_1_12_735,Endothelial
c_1_12_736,Endothelial
c_1_12_737,Mesenchymal-Stromal
c_1_12_738,Mesenchymal-Stromal
c_1_12_739,Mesenchymal-Stromal
c_1_12_740,None
c_1_12_741,Mesenchymal-Stromal
c_1_12_742,Endothelial
c_1_12_743,Endothelial
c_1_12_744,None
c_1_12_745,Mesenchymal-Stromal
c_1_12_746,Mesenchymal-Stromal
c_1_12_747,None
c_1_12_748,Mesenchymal-Stromal
c_1_12_749,Endothelial
c_1_12_750,Lymphoid-Other
c_1_12_751,None
c_1_12_752,None
c_1_12_753,Mesenchymal-Stromal
c_1_12_754,Mesenchymal-Stromal
c_1_12_755,Mesenchymal-Stromal
c_1_13_1,None
c_1_13_2,Endothelial
c_1_13_3,Lymphoid-Other
c_1_13_4,Endothelial
c_1_13_5,Mesenchymal-Stromal
c_1_13_6,Myeloid
c_1_13_7,Endothelial
c_1_13_8,Neuronal-Glial
c_1_13_9,Lymphoid-Other
c_1_13_10,Endothelial
c_1_13_11,Mesenchymal-Stromal
c_1_13_12,Lymphoid-Plasma
c_1_13_13,Endothelial
c_1_13_14,Neuronal-Glial
c_1_13_15,Lymphoid-T
c_1_13_16,Mesenchymal-Stromal
c_1_13_17,Epithelial
c_1_13_18,Epithelial
c_1_13_19,Lymphoid-Other
c_1_13_20,Endothelial
c_1_13_21,Endothelial
c_1_13_22,Lymphoid-Other
c_1_13_23,Epithelial
c_1_13_24,Lymphoid-Other
c_1_13_25,Lymphoid-T
c_1_13_26,Lymphoid-Other
c_1_13_27,Lymphoid-Plasma
c_1_13_28,Lymphoid-Other
c_1_13_29,Epithelial
c_1_13_30,Mesenchymal-Stromal
c_1_13_31,Mesenchymal-Stromal
c_1_13_32,Lymphoid-Plasma
c_1_13_33,Endothelial
c_1_13_34,Lymphoid-Other
c_1_13_35,Epithelial
c_1_13_36,Lymphoid-Other
c_1_13_37,Endothelial
c_1_13_38,Mesenchymal-Stromal
c_1_13_39,Mesenchymal-Stromal
c_1_13_40,Lymphoid-Plasma
c_1_13_41,Lymphoid-Other
c_1_13_42,Endothelial
c_1_13_43,Mesenchymal-Stromal
c_1_13_44,Endothelial
c_1_13_45,Lymphoid-Other
c_1_13_46,Endothelial
c_1_13_47,Endothelial
c_1_13_48,Epithelial
c_1_13_49,Mesenchymal-Stromal
c_1_13_50,Mesenchymal-Stromal
c_1_13_51,Lymphoid-Other
c_1_13_52,Mesenchymal-Stromal
c_1_13_53,Mesenchymal-Stromal
c_1_13_54,Lymphoid-Plasma
c_1_13_55,Lymphoid-Other
c_1_13_56,Lymphoid-Other
c_1_13_57,Mesenchymal-Stromal
c_1_13_58,Neuronal-Glial
c_1_13_59,Endothelial
c_1_13_60,Endothelial
c_1_13_61,Lymphoid-Plasma
c_1_13_62,Mesenchymal-Stromal
c_1_13_63,Lymphoid-Other
c_1_13_64,Mesenchymal-Stromal
c_1_13_65,Lymphoid-Other
c_1_13_66,Lymphoid-Plasma
c_1_13_67,Myeloid
c_1_13_68,Endothelial
c_1_13_69,Mesenchymal-Stromal
c_1_13_70,Lymphoid-Plasma
c_1_13_71,Mesenchymal-Stromal
c_1_13_72,Lymphoid-Plasma
c_1_13_73,Endothelial
c_1_13_74,Endothelial
c_1_13_75,Mesenchymal-Stromal
c_1_13_76,Lymphoid-Plasma
c_1_13_77,Neuronal-Glial
c_1_13_78,Lymphoid-Plasma
c_1_13_79,Endothelial
c_1_13_80,Mesenchymal-Stromal
c_1_13_81,Mesenchymal-Stromal
c_1_13_82,Lymphoid-Other
c_1_13_83,Lymphoid-Other
c_1_13_84,Endothelial
c_1_13_85,Mesenchymal-Stromal
c_1_13_86,None
c_1_13_87,Mesenchymal-Stromal
c_1_13_88,Lymphoid-T
c_1_13_89,Endothelial
c_1_13_90,Lymphoid-Other
c_1_13_91,Lymphoid-Plasma
c_1_13_92,Endothelial
c_1_13_93,Epithelial
c_1_13_94,Lymphoid-Other
c_1_13_95,Lymphoid-Other
c_1_13_96,Lymphoid-Plasma
c_1_13_97,Mesenchymal-Stromal
c_1_13_98,Neuronal-Glial
c_1_13_99,Epithelial
c_1_13_100,Mesenchymal-Stromal
c_1_13_101,Lymphoid-Other
c_1_13_102,Mesenchymal-Stromal
c_1_13_103,None
c_1_13_104,Endothelial
c_1_13_105,Lymphoid-Other
c_1_13_106,Mesenchymal-Stromal
c_1_13_107,Mesenchymal-Stromal
c_1_13_108,Mesenchymal-Stromal
c_1_13_109,Lymphoid-Other
c_1_13_110,Lymphoid-Plasma
c_1_13_111,Mesenchymal-Stromal
c_1_13_112,Neuronal-Glial
c_1_13_113,Mesenchymal-Stromal
c_1_13_114,Lymphoid-Plasma
c_1_13_115,Endothelial
c_1_13_116,Endothelial
c_1_13_117,Endothelial
c_1_13_118,Lymphoid-Other
c_1_13_119,Mesenchymal-Stromal
c_1_13_120,Lymphoid-T
c_1_13_121,Mesenchymal-Stromal
c_1_13_122,Mesenchymal-Stromal
c_1_13_123,Lymphoid-Plasma
c_1_13_124,Lymphoid-Plasma
c_1_13_125,Endothelial
c_1_13_126,Endothelial
c_1_13_127,Lymphoid-Other
c_1_13_128,None
c_1_13_129,Neuronal-Glial
c_1_13_130,Endothelial
c_1_13_131,Endothelial
c_1_13_132,Endothelial
c_1_13_133,Neuronal-Glial
c_1_13_134,Erythroid
c_1_13_135,Endothelial
c_1_13_136,Lymphoid-Other
c_1_13_137,Lymphoid-T
c_1_13_138,Lymphoid-Plasma
c_1_13_139,Lymphoid-T
c_1_13_140,Lymphoid-T
c_1_13_141,Mesenchymal-Stromal
c_1_13_142,Lymphoid-T
c_1_13_143,Mesenchymal-Stromal
c_1_13_144,Lymphoid-T
c_1_13_145,Endothelial
c_1_13_146,Endothelial
c_1_13_147,Endothelial
c_1_13_148,Endothelial
c_1_13_149,Lymphoid-Other
c_1_13_150,Lymphoid-Other
c_1_13_151,Lymphoid-Plasma
c_1_13_152,Mesenchymal-Stromal
c_1_13_153,Lymphoid-Plasma
c_1_13_154,Lymphoid-Other
c_1_13_155,Lymphoid-Other
c_1_13_156,Endothelial
c_1_13_157,Neuronal-Glial
c_1_13_158,Endothelial
c_1_13_159,Epithelial
c_1_13_160,Lymphoid-Plasma
c_1_13_161,Mesenchymal-Stromal
c_1_13_162,Endothelial
c_1_13_163,Lymphoid-Other
c_1_13_164,Lymphoid-B
c_1_13_165,Lymphoid-Plasma
c_1_13_166,Endothelial
c_1_13_167,Myeloid
c_1_13_168,Neuronal-Glial
c_1_13_169,Endothelial
c_1_13_170,Endothelial
c_1_13_171,Mesenchymal-Stromal
c_1_13_172,Lymphoid-Plasma
c_1_13_173,Lymphoid-Plasma
c_1_13_174,Lymphoid-T
c_1_13_175,Lymphoid-Plasma
c_1_13_176,Mesenchymal-Stromal
c_1_13_177,Lymphoid-B
c_1_13_178,Mesenchymal-Stromal
c_1_13_179,Mesenchymal-Stromal
c_1_13_180,Lymphoid-Other
c_1_13_181,Lymphoid-Other
c_1_13_182,Endothelial
c_1_13_183,Lymphoid-Plasma
c_1_13_184,Mesenchymal-Stromal
c_1_13_185,Endothelial
c_1_13_186,Lymphoid-B
c_1_13_187,Mesenchymal-Stromal
c_1_13_188,Myeloid
c_1_13_189,Lymphoid-T
c_1_13_190,Lymphoid-Other
c_1_13_191,Endothelial
c_1_13_192,Endothelial
c_1_13_193,Lymphoid-B
c_1_13_194,Lymphoid-T
c_1_13_195,Mesenchymal-Stromal
c_1_13_196,Endothelial
c_1_13_197,Endothelial
c_1_13_198,Endothelial
c_1_13_199,Endothelial
c_1_13_200,Lymphoid-Plasma
c_1_13_201,Endothelial
c_1_13_202,Lymphoid-B
c_1_13_203,None
c_1_13_204,Neuronal-Glial
c_1_13_205,Mesenchymal-Stromal
c_1_13_206,Lymphoid-Plasma
c_1_13_207,Lymphoid-Plasma
c_1_13_208,Lymphoid-Other
c_1_13_209,Lymphoid-Other
c_1_13_210,Lymphoid-Other
c_1_13_211,Endothelial
c_1_13_212,Epithelial
c_1_13_213,Lymphoid-B
c_1_13_214,Endothelial
c_1_13_215,Mesenchymal-Stromal
c_1_13_216,Epithelial
c_1_13_217,Lymphoid-Other
c_1_13_218,Mesenchymal-Stromal
c_1_13_219,Mesenchymal-Stromal
c_1_13_220,Mesenchymal-Stromal
c_1_13_221,Mesenchymal-Stromal
c_1_13_222,Lymphoid-Other
c_1_13_223,Endothelial
c_1_13_224,Mesenchymal-Stromal
c_1_13_225,Endothelial
c_1_13_226,Lymphoid-Other
c_1_13_227,Mesenchymal-Stromal
c_1_13_228,Lymphoid-Other
c_1_13_229,Lymphoid-Plasma
c_1_13_230,Endothelial
c_1_13_231,Lymphoid-T
c_1_13_232,Myeloid
c_1_13_233,Lymphoid-Plasma
c_1_13_234,Lymphoid-Other
c_1_13_235,Epithelial
c_1_13_236,Epithelial
c_1_13_237,Lymphoid-Plasma
c_1_13_238,Endothelial
c_1_13_239,Myeloid
c_1_13_240,Mesenchymal-Stromal
c_1_13_241,Endothelial
c_1_13_242,Endothelial
c_1_13_243,Neuronal-Glial
c_1_13_244,Lymphoid-Other
c_1_13_245,Lymphoid-T
c_1_13_246,Mesenchymal-Stromal
c_1_13_247,Mesenchymal-Stromal
c_1_13_248,Endothelial
c_1_13_249,Mesenchymal-Stromal
c_1_13_250,Mesenchymal-Stromal
c_1_13_251,Lymphoid-Other
c_1_13_252,Lymphoid-Other
c_1_13_253,Mesenchymal-Stromal
c_1_13_254,Lymphoid-B
c_1_13_255,Mesenchymal-Stromal
c_1_13_256,Lymphoid-Plasma
c_1_13_257,Mesenchymal-Stromal
c_1_13_258,Lymphoid-Plasma
c_1_13_259,Lymphoid-Plasma
c_1_13_260,Lymphoid-Plasma
c_1_13_261,Mesenchymal-Stromal
c_1_13_262,Myeloid
c_1_13_263,Lymphoid-Other
c_1_13_264,Myeloid
c_1_13_265,Mesenchymal-Stromal
c_1_13_266,Endothelial
c_1_13_267,Lymphoid-Plasma
c_1_13_268,Mesenchymal-Stromal
c_1_13_269,Lymphoid-T
c_1_13_270,Neuronal-Glial
c_1_13_271,Lymphoid-Other
c_1_13_272,Lymphoid-Other
c_1_13_273,Endothelial
c_1_13_274,Endothelial
c_1_13_275,Lymphoid-Plasma
c_1_13_276,Myeloid
c_1_13_277,Epithelial
c_1_13_278,Mesenchymal-Stromal
c_1_13_279,Lymphoid-Other
c_1_13_280,Endothelial
c_1_13_281,Mesenchymal-Stromal
c_1_13_282,Lymphoid-Other
c_1_13_283,Lymphoid-Other
c_1_13_284,Mesenchymal-Stromal
c_1_13_285,Lymphoid-Other
c_1_13_286,Lymphoid-Other
c_1_13_287,Lymphoid-Plasma
c_1_13_288,Mesenchymal-Stromal
c_1_13_289,Mesenchymal-Stromal
c_1_13_290,Myeloid
c_1_13_291,Lymphoid-T
c_1_13_292,Epithelial
c_1_13_293,Lymphoid-T
c_1_13_294,Lymphoid-Plasma
c_1_13_295,Lymphoid-Other
c_1_13_296,Lymphoid-Plasma
c_1_13_297,Mesenchymal-Stromal
c_1_13_298,Lymphoid-Plasma
c_1_13_299,Mesenchymal-Stromal
c_1_13_300,Endothelial
c_1_13_301,Lymphoid-Other
c_1_13_302,Mesenchymal-Stromal
c_1_13_303,Endothelial
c_1_13_304,Lymphoid-Plasma
c_1_13_305,Endothelial
c_1_13_306,Lymphoid-Other
c_1_13_307,Lymphoid-Other
c_1_13_308,Endothelial
c_1_13_309,Epithelial
c_1_13_310,Mesenchymal-Stromal
c_1_13_311,Mesenchymal-Stromal
c_1_13_312,Lymphoid-Other
c_1_13_313,Lymphoid-Other
c_1_13_314,Myeloid
c_1_13_315,Lymphoid-B
c_1_13_316,Lymphoid-Plasma
c_1_13_317,Endothelial
c_1_13_318,Mesenchymal-Stromal
c_1_13_319,Mesenchymal-Stromal
c_1_13_320,Mesenchymal-Stromal
c_1_13_321,Lymphoid-T
c_1_13_322,Lymphoid-T
c_1_13_323,Mesenchymal-Stromal
c_1_13_324,Mesenchymal-Stromal
c_1_13_325,Mesenchymal-Stromal
c_1_13_326,Mesenchymal-Stromal
c_1_13_327,Epithelial
c_1_13_328,Mesenchymal-Stromal
c_1_13_329,Lymphoid-B
c_1_13_330,Lymphoid-Other
c_1_13_331,Lymphoid-Other
c_1_13_332,Mesenchymal-Stromal
c_1_13_333,Mesenchymal-Stromal
c_1_13_334,Lymphoid-T
c_1_13_335,Lymphoid-Other
c_1_13_336,Epithelial
c_1_13_337,Lymphoid-T
c_1_13_338,Endothelial
c_1_13_339,Mesenchymal-Stromal
c_1_13_340,Lymphoid-Plasma
c_1_13_341,Mesenchymal-Stromal
c_1_13_342,Mesenchymal-Stromal
c_1_13_343,Lymphoid-T
c_1_13_344,Lymphoid-Plasma
c_1_13_345,Lymphoid-Plasma
c_1_13_346,Mesenchymal-Stromal
c_1_13_347,Mesenchymal-Stromal
c_1_13_348,Mesenchymal-Stromal
c_1_13_349,Endothelial
c_1_13_350,Mesenchymal-Stromal
c_1_13_351,Lymphoid-Other
c_1_13_352,Lymphoid-Other
c_1_13_353,Lymphoid-T
c_1_13_354,Mesenchymal-Stromal
c_1_13_355,Mesenchymal-Stromal
c_1_13_356,Mesenchymal-Stromal
c_1_13_357,Endothelial
c_1_13_358,Mesenchymal-Stromal
c_1_13_359,Neuronal-Glial
c_1_13_360,Lymphoid-Other
c_1_13_361,Lymphoid-Other
c_1_13_362,Lymphoid-Other
c_1_13_363,Endothelial
c_1_13_364,Lymphoid-Other
c_1_13_365,Lymphoid-Other
c_1_13_366,Lymphoid-Other
c_1_13_367,Mesenchymal-Stromal
c_1_13_368,Endothelial
c_1_13_369,Mesenchymal-Stromal
c_1_13_370,Mesenchymal-Stromal
c_1_13_371,Endothelial
c_1_13_372,Lymphoid-Other
c_1_13_373,Lymphoid-Other
c_1_13_374,Mesenchymal-Stromal
c_1_13_375,Lymphoid-T
c_1_13_376,Lymphoid-Plasma
c_1_13_377,Endothelial
c_1_13_378,Lymphoid-Plasma
c_1_13_379,Lymphoid-Other
c_1_13_380,Lymphoid-Other
c_1_13_381,Lymphoid-Other
c_1_13_382,Lymphoid-Other
c_1_13_383,Mesenchymal-Stromal
c_1_13_384,Myeloid
c_1_13_385,Endothelial
c_1_13_386,Lymphoid-T
c_1_13_387,Mesenchymal-Stromal
c_1_13_388,Lymphoid-Other
c_1_13_389,Mesenchymal-Stromal
c_1_13_390,Lymphoid-Plasma
c_1_13_391,Endothelial
c_1_13_392,Lymphoid-Plasma
c_1_13_393,Lymphoid-Other
c_1_13_394,Lymphoid-Plasma
c_1_13_395,Mesenchymal-Stromal
c_1_13_396,Lymphoid-T
c_1_13_397,Mesenchymal-Stromal
c_1_13_398,Lymphoid-B
c_1_13_399,Endothelial
c_1_13_400,Mesenchymal-Stromal
c_1_13_401,Mesenchymal-Stromal
c_1_13_402,Mesenchymal-Stromal
c_1_13_403,Lymphoid-Other
c_1_13_404,Lymphoid-Other
c_1_13_405,Endothelial
c_1_13_406,Lymphoid-B
c_1_13_407,Mesenchymal-Stromal
c_1_13_408,Endothelial
c_1_13_409,Endothelial
c_1_13_410,Endothelial
c_1_13_411,Mesenchymal-Stromal
c_1_13_412,Endothelial
c_1_13_413,Lymphoid-Other
c_1_13_414,Endothelial
c_1_13_415,Lymphoid-Other
c_1_13_416,Lymphoid-Plasma
c_1_13_417,Endothelial
c_1_13_418,Myeloid
c_1_13_419,Endothelial
c_1_13_420,Endothelial
c_1_13_421,Mesenchymal-Stromal
c_1_13_422,Mesenchymal-Stromal
c_1_13_423,Lymphoid-Other
c_1_13_424,Endothelial
c_1_13_425,Epithelial
c_1_13_426,Mesenchymal-Stromal
c_1_13_427,Lymphoid-Other
c_1_13_428,Endothelial
c_1_13_429,Lymphoid-Plasma
c_1_13_430,Lymphoid-Plasma
c_1_13_431,Mesenchymal-Stromal
c_1_13_432,Mesenchymal-Stromal
c_1_13_433,Lymphoid-Plasma
c_1_13_434,Mesenchymal-Stromal
c_1_13_435,Myeloid
c_1_13_436,Mesenchymal-Stromal
c_1_13_437,Mesenchymal-Stromal
c_1_13_438,Mesenchymal-Stromal
c_1_13_439,Endothelial
c_1_13_440,Lymphoid-Other
c_1_13_441,Endothelial
c_1_13_442,Lymphoid-Plasma
c_1_13_443,Mesenchymal-Stromal
c_1_13_444,Lymphoid-B
c_1_13_445,Endothelial
c_1_13_446,Mesenchymal-Stromal
c_1_13_447,Mesenchymal-Stromal
c_1_13_448,Lymphoid-Other
c_1_13_449,Lymphoid-Other
c_1_13_450,Mesenchymal-Stromal
c_1_13_451,Lymphoid-T
c_1_13_452,Mesenchymal-Stromal
c_1_13_453,Mesenchymal-Stromal
c_1_13_454,Mesenchymal-Stromal
c_1_13_455,Lymphoid-Plasma
c_1_13_456,Lymphoid-T
c_1_13_457,Mesenchymal-Stromal
c_1_13_458,Lymphoid-T
c_1_13_459,None
c_1_13_460,Lymphoid-Plasma
c_1_13_461,Lymphoid-B
c_1_13_462,Myeloid
c_1_13_463,Lymphoid-Plasma
c_1_13_464,Mesenchymal-Stromal
c_1_13_465,Neuronal-Glial
c_1_13_466,Lymphoid-Plasma
c_1_13_467,Mesenchymal-Stromal
c_1_13_468,Mesenchymal-Stromal
c_1_13_469,Lymphoid-Plasma
c_1_13_470,Mesenchymal-Stromal
c_1_13_471,Lymphoid-T
c_1_13_472,Mesenchymal-Stromal
c_1_13_473,Lymphoid-Plasma
c_1_13_474,Mesenchymal-Stromal
c_1_13_475,Endothelial
c_1_13_476,Mesenchymal-Stromal
c_1_13_477,Mesenchymal-Stromal
c_1_13_478,Mesenchymal-Stromal
c_1_13_479,Lymphoid-Other
c_1_13_480,Lymphoid-B
c_1_13_481,Endothelial
c_1_13_482,Mesenchymal-Stromal
c_1_13_483,Mesenchymal-Stromal
c_1_13_484,Lymphoid-B
c_1_13_485,Lymphoid-T
c_1_13_486,Endothelial
c_1_13_487,Lymphoid-B
c_1_13_488,Mesenchymal-Stromal
c_1_13_489,Lymphoid-Other
c_1_13_490,Myeloid
c_1_13_491,Mesenchymal-Stromal
c_1_13_492,Lymphoid-T
c_1_13_493,None
c_1_13_494,Mesenchymal-Stromal
c_1_13_495,Mesenchymal-Stromal
c_1_13_496,Mesenchymal-Stromal
c_1_13_497,Mesenchymal-Stromal
c_1_13_498,Mesenchymal-Stromal
c_1_13_499,Lymphoid-Other
c_1_13_500,Lymphoid-Other
c_1_13_501,Lymphoid-Plasma
c_1_13_502,Endothelial
c_1_13_503,Lymphoid-Other
c_1_13_504,Lymphoid-Other
c_1_13_505,Endothelial
c_1_13_506,Lymphoid-Other
c_1_13_507,Lymphoid-T
c_1_13_508,None
c_1_13_509,Endothelial
c_1_13_510,Mesenchymal-Stromal
c_1_13_511,Lymphoid-Other
c_1_13_512,Lymphoid-Other
c_1_13_513,Lymphoid-Plasma
c_1_13_514,Lymphoid-Plasma
c_1_13_515,Mesenchymal-Stromal
c_1_13_516,Lymphoid-Plasma
c_1_13_517,Lymphoid-Other
c_1_13_518,Mesenchymal-Stromal
c_1_13_519,Mesenchymal-Stromal
c_1_13_520,Mesenchymal-Stromal
c_1_13_521,Lymphoid-Other
c_1_13_522,Lymphoid-Plasma
c_1_13_523,Lymphoid-B
c_1_13_524,Lymphoid-Other
c_1_13_525,None
c_1_13_526,Lymphoid-T
c_1_13_527,Lymphoid-Plasma
c_1_13_528,Lymphoid-T
c_1_13_529,Mesenchymal-Stromal
c_1_13_530,Mesenchymal-Stromal
c_1_13_531,Endothelial
c_1_13_532,Mesenchymal-Stromal
c_1_13_533,Mesenchymal-Stromal
c_1_13_534,Lymphoid-T
c_1_13_535,None
c_1_13_536,Mesenchymal-Stromal
c_1_13_537,Mesenchymal-Stromal
c_1_13_538,Epithelial
c_1_13_539,Lymphoid-Other
c_1_13_540,Mesenchymal-Stromal
c_1_13_541,Lymphoid-Other
c_1_13_542,Lymphoid-Other
c_1_13_543,Lymphoid-Other
c_1_13_544,Endothelial
c_1_13_545,Endothelial
c_1_13_546,Lymphoid-Other
c_1_13_547,Lymphoid-Plasma
c_1_13_548,Lymphoid-B
c_1_13_549,Lymphoid-Plasma
c_1_13_550,Lymphoid-Other
c_1_13_551,Lymphoid-T
c_1_13_552,Lymphoid-Plasma
c_1_13_553,Lymphoid-Plasma
c_1_13_554,Mesenchymal-Stromal
c_1_13_555,Mesenchymal-Stromal
c_1_13_556,Mesenchymal-Stromal
c_1_13_557,Endothelial
c_1_13_558,Mesenchymal-Stromal
c_1_13_559,Lymphoid-Other
c_1_13_560,Lymphoid-T
c_1_13_561,Mesenchymal-Stromal
c_1_13_562,Mesenchymal-Stromal
c_1_13_563,Endothelial
c_1_13_564,Mesenchymal-Stromal
c_1_13_565,Lymphoid-Plasma
c_1_13_566,Mesenchymal-Stromal
c_1_13_567,Mesenchymal-Stromal
c_1_13_568,Mesenchymal-Stromal
c_1_13_569,Mesenchymal-Stromal
c_1_13_570,None
c_1_13_571,Endothelial
c_1_13_572,Mesenchymal-Stromal
c_1_13_573,Epithelial
c_1_13_574,Endothelial
c_1_13_575,None
c_1_13_576,Lymphoid-B
c_1_13_577,Mesenchymal-Stromal
c_1_13_578,Mesenchymal-Stromal
c_1_13_579,Mesenchymal-Stromal
c_1_13_580,Lymphoid-T
c_1_13_581,Lymphoid-Plasma
c_1_13_582,Mesenchymal-Stromal
c_1_13_583,Mesenchymal-Stromal
c_1_13_584,Mesenchymal-Stromal
c_1_13_585,Lymphoid-Other
c_1_13_586,Epithelial
c_1_13_587,Mesenchymal-Stromal
c_1_13_588,Lymphoid-Other
c_1_13_589,Mesenchymal-Stromal
c_1_13_590,Endothelial
c_1_13_591,Mesenchymal-Stromal
c_1_13_592,Lymphoid-Other
c_1_13_593,Endothelial
c_1_13_594,Mesenchymal-Stromal
c_1_13_595,Lymphoid-Plasma
c_1_13_596,Mesenchymal-Stromal
c_1_13_597,None
c_1_13_598,Lymphoid-Other
c_1_13_599,Lymphoid-Other
c_1_13_600,Lymphoid-Other
c_1_13_601,Lymphoid-T
c_1_13_602,Lymphoid-Other
c_1_13_603,Mesenchymal-Stromal
c_1_13_604,Mesenchymal-Stromal
c_1_13_605,Mesenchymal-Stromal
c_1_13_606,Mesenchymal-Stromal
c_1_13_607,Endothelial
c_1_13_608,Endothelial
c_1_13_609,Lymphoid-Other
c_1_13_610,Mesenchymal-Stromal
c_1_13_611,Endothelial
c_1_13_612,None
c_1_13_613,Mesenchymal-Stromal
c_1_13_614,Lymphoid-Other
c_1_13_615,Mesenchymal-Stromal
c_1_13_616,Endothelial
c_1_13_617,Lymphoid-Other
c_1_13_618,Endothelial
c_1_13_619,Lymphoid-Other
c_1_13_620,Lymphoid-T
c_1_13_621,Lymphoid-Other
c_1_13_622,Mesenchymal-Stromal
c_1_13_623,Endothelial
c_1_13_624,Myeloid
c_1_13_625,Endothelial
c_1_13_626,Lymphoid-Other
c_1_13_627,Endothelial
c_1_13_628,Mesenchymal-Stromal
c_1_13_629,Mesenchymal-Stromal
c_1_13_630,Mesenchymal-Stromal
c_1_13_631,Lymphoid-Plasma
c_1_13_632,None
c_1_13_633,None
c_1_13_634,Myeloid
c_1_13_635,Lymphoid-Plasma
c_1_13_636,Myeloid
c_1_13_637,Lymphoid-Plasma
c_1_13_638,None
c_1_13_639,Mesenchymal-Stromal
c_1_13_640,Lymphoid-Plasma
c_1_13_641,Myeloid
c_1_13_642,Mesenchymal-Stromal
c_1_13_643,Endothelial
c_1_13_644,Mesenchymal-Stromal
c_1_13_645,Endothelial
c_1_13_646,Endothelial
c_1_13_647,Mesenchymal-Stromal
c_1_13_648,Endothelial
c_1_13_649,Endothelial
c_1_13_650,Mesenchymal-Stromal
c_1_13_651,Mesenchymal-Stromal
c_1_13_652,Lymphoid-Other
c_1_13_653,Lymphoid-Other
c_1_13_654,Mesenchymal-Stromal
c_1_13_655,Lymphoid-Plasma
c_1_13_656,Lymphoid-B
c_1_13_657,Mesenchymal-Stromal
c_1_13_658,Mesenchymal-Stromal
c_1_13_659,None
c_1_13_660,Lymphoid-Other
c_1_13_661,Lymphoid-Plasma
c_1_13_662,Mesenchymal-Stromal
c_1_13_663,Lymphoid-T
c_1_13_664,Lymphoid-T
c_1_13_665,Endothelial
c_1_13_666,Mesenchymal-Stromal
c_1_13_667,None
c_1_13_668,Mesenchymal-Stromal
c_1_13_669,Lymphoid-Plasma
c_1_13_670,Mesenchymal-Stromal
c_1_13_671,Lymphoid-Other
c_1_13_672,Mesenchymal-Stromal
c_1_13_673,Mesenchymal-Stromal
c_1_13_674,Endothelial
c_1_13_675,Mesenchymal-Stromal
c_1_13_676,Lymphoid-Plasma
c_1_13_677,Mesenchymal-Stromal
c_1_13_678,Mesenchymal-Stromal
c_1_13_679,Lymphoid-T
c_1_13_680,Lymphoid-Other
c_1_13_681,Mesenchymal-Stromal
c_1_13_682,Mesenchymal-Stromal
c_1_13_683,Mesenchymal-Stromal
c_1_13_684,Mesenchymal-Stromal
c_1_13_685,Mesenchymal-Stromal
c_1_13_686,Mesenchymal-Stromal
c_1_13_687,Lymphoid-Plasma
c_1_13_688,Neuronal-Glial
c_1_13_689,Endothelial
c_1_13_690,Mesenchymal-Stromal
c_1_13_691,Myeloid
c_1_13_692,Mesenchymal-Stromal
c_1_13_693,Mesenchymal-Stromal
c_1_13_694,Endothelial
c_1_13_695,None
c_1_13_696,Endothelial
c_1_13_697,Mesenchymal-Stromal
c_1_13_698,Endothelial
c_1_13_699,Endothelial
c_1_13_700,Lymphoid-Other
c_1_13_701,Mesenchymal-Stromal
c_1_13_702,Lymphoid-Other
c_1_13_703,Endothelial
c_1_13_704,Endothelial
c_1_13_705,Lymphoid-Other
c_1_13_706,Mesenchymal-Stromal
c_1_13_707,Endothelial
c_1_13_708,Mesenchymal-Stromal
c_1_13_709,Mesenchymal-Stromal
c_1_13_710,Mesenchymal-Stromal
c_1_13_711,Lymphoid-T
c_1_13_712,Lymphoid-T
c_1_13_713,Endothelial
c_1_13_714,Neuronal-Glial
c_1_13_715,Mesenchymal-Stromal
c_1_13_716,Lymphoid-Other
c_1_13_717,Mesenchymal-Stromal
c_1_13_718,Mesenchymal-Stromal
c_1_13_719,Mesenchymal-Stromal
c_1_13_720,Endothelial
c_1_13_721,Myeloid
c_1_13_722,Endothelial
c_1_13_723,Mesenchymal-Stromal
c_1_13_724,Mesenchymal-Stromal
c_1_13_725,Mesenchymal-Stromal
c_1_13_726,Mesenchymal-Stromal
c_1_13_727,Mesenchymal-Stromal
c_1_13_728,Mesenchymal-Stromal
c_1_13_729,Mesenchymal-Stromal
c_1_13_730,Mesenchymal-Stromal
c_1_13_731,Mesenchymal-Stromal
c_1_13_732,Mesenchymal-Stromal
c_1_13_733,Lymphoid-Other
c_1_13_734,Lymphoid-T
c_1_13_735,Mesenchymal-Stromal
c_1_13_736,Endothelial
c_1_13_737,Lymphoid-B
c_1_13_738,Mesenchymal-Stromal
c_1_13_739,Mesenchymal-Stromal
c_1_13_740,Endothelial
c_1_13_741,Endothelial
c_1_13_742,Mesenchymal-Stromal
c_1_13_743,Lymphoid-T
c_1_13_744,Lymphoid-Plasma
c_1_13_745,Mesenchymal-Stromal
c_1_13_746,Mesenchymal-Stromal
c_1_13_747,Endothelial
c_1_13_748,Mesenchymal-Stromal
c_1_13_749,Mesenchymal-Stromal
c_1_13_750,Mesenchymal-Stromal
c_1_13_751,Lymphoid-T
c_1_13_752,Mesenchymal-Stromal
c_1_13_753,Mesenchymal-Stromal
c_1_13_754,Endothelial
c_1_13_755,Mesenchymal-Stromal
c_1_13_756,Mesenchymal-Stromal
c_1_13_757,Endothelial
c_1_13_758,Lymphoid-Plasma
c_1_13_759,Mesenchymal-Stromal
c_1_13_760,Mesenchymal-Stromal
c_1_13_761,Mesenchymal-Stromal
c_1_13_762,Mesenchymal-Stromal
c_1_14_1,Lymphoid-Plasma
c_1_14_2,Lymphoid-T
c_1_14_3,Lymphoid-DC
c_1_14_4,None
c_1_14_5,Endothelial
c_1_14_6,Epithelial
c_1_14_7,Lymphoid-T
c_1_14_8,Lymphoid-T
c_1_14_9,Stem
c_1_14_10,Stem
c_1_14_11,Epithelial
c_1_14_12,Lymphoid-T
c_1_14_13,None
c_1_14_14,Lymphoid-T
c_1_14_15,Lymphoid-Other
c_1_14_16,Lymphoid-Other
c_1_14_17,Lymphoid-Other
c_1_14_18,Mesenchymal-Stromal
c_1_14_19,Epithelial
c_1_14_20,Lymphoid-Other
c_1_14_21,Lymphoid-T
c_1_14_22,None
c_1_14_23,Epithelial
c_1_14_24,Epithelial
c_1_14_25,Lymphoid-T
c_1_14_26,Lymphoid-T
c_1_14_27,Epithelial
c_1_14_28,Lymphoid-DC
c_1_14_29,Lymphoid-Other
c_1_14_30,Lymphoid-T
c_1_14_31,Lymphoid-T
c_1_14_32,None
c_1_14_33,Lymphoid-T
c_1_14_34,Lymphoid-T
c_1_14_35,Lymphoid-T
c_1_14_36,Epithelial
c_1_14_37,Lymphoid-T
c_1_14_38,Lymphoid-T
c_1_14_39,Lymphoid-Other
c_1_14_40,Lymphoid-DC
c_1_14_41,Epithelial
c_1_14_42,Epithelial
c_1_14_43,Stem
c_1_14_44,Lymphoid-DC
c_1_14_45,Lymphoid-T
c_1_14_46,None
c_1_14_47,Lymphoid-DC
c_1_14_48,Lymphoid-DC
c_1_14_49,Lymphoid-T
c_1_14_50,Lymphoid-Other
c_1_14_51,Lymphoid-Other
c_1_14_52,Lymphoid-T
c_1_14_53,Lymphoid-DC
c_1_14_54,Stem
c_1_14_55,Stem
c_1_14_56,Lymphoid-T
c_1_14_57,Epithelial
c_1_14_58,Lymphoid-T
c_1_14_59,Epithelial
c_1_14_60,Lymphoid-DC
c_1_14_61,None
c_1_14_62,Lymphoid-T
c_1_14_63,Epithelial
c_1_14_64,Epithelial
c_1_14_65,Lymphoid-DC
c_1_14_66,Lymphoid-DC
c_1_14_67,Lymphoid-T
c_1_14_68,Endothelial
c_1_14_69,Stem
c_1_14_70,Lymphoid-DC
c_1_14_71,Lymphoid-T
c_1_14_72,Lymphoid-T
c_1_14_73,Lymphoid-T
c_1_14_74,Endothelial
c_1_14_75,Lymphoid-T
c_1_14_76,Lymphoid-Other
c_1_14_77,Lymphoid-Plasma
c_1_14_78,Neuronal-Glial
c_1_14_79,Epithelial
c_1_14_80,Lymphoid-T
c_1_14_81,Lymphoid-T
c_1_14_82,Lymphoid-Other
c_1_14_83,Stem
c_1_14_84,Lymphoid-DC
c_1_14_85,Lymphoid-T
c_1_14_86,Epithelial
c_1_14_87,Lymphoid-T
c_1_14_88,Epithelial
c_1_14_89,Lymphoid-T
c_1_14_90,Epithelial
c_1_14_91,Epithelial
c_1_14_92,Myeloid
c_1_14_93,Epithelial
c_1_14_94,Epithelial
c_1_14_95,Lymphoid-T
c_1_14_96,Epithelial
c_1_14_97,Epithelial
c_1_14_98,Lymphoid-DC
c_1_14_99,Endothelial
c_1_14_100,Epithelial
c_1_14_101,Epithelial
c_1_14_102,Lymphoid-DC
c_1_14_103,Lymphoid-T
c_1_14_104,Lymphoid-T
c_1_14_105,Lymphoid-Other
c_1_14_106,Stem
c_1_14_107,Myeloid
c_1_14_108,Stem
c_1_14_109,Lymphoid-DC
c_1_14_110,Epithelial
c_1_14_111,Epithelial
c_1_14_112,Epithelial
c_1_14_113,Endothelial
c_1_14_114,Lymphoid-DC
c_1_14_115,Lymphoid-DC
c_1_14_116,Lymphoid-T
c_1_14_117,Endothelial
c_1_14_118,Epithelial
c_1_14_119,Endothelial
c_1_14_120,Myeloid
c_1_14_121,Stem
c_1_14_122,Lymphoid-B
c_1_14_123,Lymphoid-Other
c_1_14_124,Stem
c_1_14_125,Epithelial
c_1_14_126,Lymphoid-T
c_1_14_127,Lymphoid-T
c_1_14_128,Lymphoid-DC
c_1_14_129,Lymphoid-T
c_1_14_130,Lymphoid-T
c_1_14_131,Lymphoid-DC
c_1_14_132,Lymphoid-DC
c_1_14_133,Lymphoid-T
c_1_14_134,Lymphoid-Other
c_1_14_135,Lymphoid-Other
c_1_14_136,Epithelial
c_1_14_137,Lymphoid-T
c_1_14_138,Lymphoid-Other
c_1_14_139,Lymphoid-DC
c_1_14_140,Lymphoid-DC
c_1_14_141,Lymphoid-DC
c_1_14_142,Epithelial
c_1_14_143,Myeloid
c_1_14_144,Lymphoid-DC
c_1_14_145,Epithelial
c_1_14_146,Epithelial
c_1_14_147,Lymphoid-T
c_1_14_148,Lymphoid-T
c_1_14_149,Mesenchymal-Stromal
c_1_14_150,Lymphoid-Other
c_1_14_151,Lymphoid-T
c_1_14_152,Lymphoid-DC
c_1_14_153,Lymphoid-T
c_1_14_154,Lymphoid-T
c_1_14_155,Lymphoid-T
c_1_14_156,Lymphoid-DC
c_1_14_157,Lymphoid-Plasma
c_1_14_158,Lymphoid-DC
c_1_14_159,Neuronal-Glial
c_1_14_160,Lymphoid-T
c_1_14_161,Lymphoid-DC
c_1_14_162,Epithelial
c_1_14_163,Lymphoid-Other
c_1_14_164,Endothelial
c_1_14_165,Lymphoid-T
c_1_14_166,Endothelial
c_1_14_167,Myeloid
c_1_14_168,Lymphoid-DC
c_1_14_169,Lymphoid-DC
c_1_14_170,Lymphoid-DC
c_1_14_171,Endothelial
c_1_14_172,Lymphoid-T
c_1_14_173,Lymphoid-Plasma
c_1_14_174,Lymphoid-DC
c_1_14_175,Lymphoid-T
c_1_14_176,Epithelial
c_1_14_177,Lymphoid-DC
c_1_14_178,Endothelial
c_1_14_179,Lymphoid-T
c_1_14_180,Lymphoid-DC
c_1_14_181,Endothelial
c_1_14_182,Lymphoid-DC
c_1_14_183,None
c_1_14_184,Endothelial
c_1_14_185,Lymphoid-DC
c_1_14_186,Lymphoid-DC
c_1_14_187,Myeloid
c_1_14_188,Lymphoid-B
c_1_14_189,Lymphoid-T
c_1_14_190,Lymphoid-DC
c_1_14_191,Epithelial
c_1_14_192,Lymphoid-DC
c_1_14_193,Lymphoid-DC
c_1_14_194,Lymphoid-T
c_1_14_195,Neuronal-Glial
c_1_14_196,Lymphoid-DC
c_1_14_197,Lymphoid-DC
c_1_14_198,Endothelial
c_1_14_199,Epithelial
c_1_14_200,Lymphoid-Plasma
c_1_14_201,Lymphoid-DC
c_1_14_202,Lymphoid-DC
c_1_14_203,Epithelial
c_1_14_204,Lymphoid-DC
c_1_14_205,Lymphoid-T
c_1_14_206,Lymphoid-T
c_1_14_207,Lymphoid-Plasma
c_1_14_208,Lymphoid-Plasma
c_1_14_209,Lymphoid-T
c_1_14_210,Myeloid
c_1_14_211,Endothelial
c_1_14_212,Endothelial
c_1_14_213,Neuronal-Glial
c_1_14_214,Endothelial
c_1_14_215,Endothelial
c_1_14_216,Neuronal-Glial
c_1_14_217,Epithelial
c_1_14_218,Lymphoid-Other
c_1_14_219,Endothelial
c_1_14_220,Myeloid
c_1_14_221,Endothelial
c_1_14_222,Lymphoid-DC
c_1_14_223,Lymphoid-Plasma
c_1_14_224,Epithelial
c_1_14_225,Lymphoid-DC
c_1_14_226,Epithelial
c_1_14_227,Lymphoid-T
c_1_14_228,Lymphoid-T
c_1_14_229,Lymphoid-DC
c_1_14_230,Endothelial
c_1_14_231,Lymphoid-DC
c_1_14_232,Epithelial
c_1_14_233,Stem
c_1_14_234,Lymphoid-Plasma
c_1_14_235,Lymphoid-DC
c_1_14_236,Lymphoid-T
c_1_14_237,None
c_1_14_238,Lymphoid-DC
c_1_14_239,Lymphoid-DC
c_1_14_240,Lymphoid-DC
c_1_14_241,Lymphoid-T
c_1_14_242,Endothelial
c_1_14_243,Lymphoid-T
c_1_14_244,Lymphoid-T
c_1_14_245,Lymphoid-T
c_1_14_246,Lymphoid-Plasma
c_1_14_247,Mesenchymal-Stromal
c_1_14_248,Lymphoid-DC
c_1_14_249,Lymphoid-DC
c_1_14_250,Lymphoid-DC
c_1_14_251,Lymphoid-DC
c_1_14_252,Lymphoid-T
c_1_14_253,Lymphoid-DC
c_1_14_254,Epithelial
c_1_14_255,Lymphoid-T
c_1_14_256,Myeloid
c_1_14_257,Lymphoid-T
c_1_14_258,Lymphoid-Plasma
c_1_14_259,None
c_1_14_260,Lymphoid-T
c_1_14_261,Lymphoid-DC
c_1_14_262,Lymphoid-DC
c_1_14_263,Stem
c_1_14_264,Lymphoid-DC
c_1_14_265,Epithelial
c_1_14_266,Lymphoid-DC
c_1_14_267,Lymphoid-DC
c_1_14_268,Myeloid
c_1_14_269,Lymphoid-T
c_1_14_270,Lymphoid-T
c_1_14_271,Endothelial
c_1_14_272,Lymphoid-T
c_1_14_273,Stem
c_1_14_274,Epithelial
c_1_14_275,Lymphoid-Plasma
c_1_14_276,Lymphoid-T
c_1_14_277,Lymphoid-Other
c_1_14_278,Lymphoid-T
c_1_14_279,Lymphoid-DC
c_1_14_280,Lymphoid-Plasma
c_1_14_281,Lymphoid-DC
c_1_14_282,Lymphoid-T
c_1_14_283,Epithelial
c_1_14_284,Endothelial
c_1_14_285,Lymphoid-T
c_1_14_286,Lymphoid-DC
c_1_14_287,Epithelial
c_1_14_288,Endothelial
c_1_14_289,Lymphoid-T
c_1_14_290,Lymphoid-Other
c_1_14_291,Lymphoid-T
c_1_14_292,Lymphoid-T
c_1_14_293,Endothelial
c_1_14_294,Lymphoid-T
c_1_14_295,Lymphoid-Plasma
c_1_14_296,Lymphoid-DC
c_1_14_297,Lymphoid-Plasma
c_1_14_298,Endothelial
c_1_14_299,Lymphoid-DC
c_1_14_300,Lymphoid-T
c_1_14_301,Myeloid
c_1_14_302,Lymphoid-DC
c_1_14_303,Lymphoid-Plasma
c_1_14_304,Lymphoid-DC
c_1_14_305,Lymphoid-Other
c_1_14_306,Epithelial
c_1_14_307,Lymphoid-T
c_1_14_308,Lymphoid-DC
c_1_14_309,Lymphoid-Other
c_1_14_310,Epithelial
c_1_14_311,Stem
c_1_14_312,Lymphoid-DC
c_1_14_313,Lymphoid-DC
c_1_14_314,Lymphoid-DC
c_1_14_315,Lymphoid-T
c_1_14_316,Epithelial
c_1_14_317,Epithelial
c_1_14_318,Lymphoid-DC
c_1_14_319,Lymphoid-DC
c_1_14_320,None
c_1_14_321,Lymphoid-DC
c_1_14_322,Lymphoid-T
c_1_14_323,Lymphoid-Other
c_1_14_324,Epithelial
c_1_14_325,Lymphoid-T
c_1_14_326,Lymphoid-T
c_1_14_327,Lymphoid-Plasma
c_1_14_328,Lymphoid-T
c_1_14_329,Lymphoid-DC
c_1_14_330,Lymphoid-Other
c_1_14_331,Lymphoid-Other
c_1_14_332,Lymphoid-T
c_1_14_333,Stem
c_1_14_334,Lymphoid-DC
c_1_14_335,Lymphoid-T
c_1_14_336,Myeloid
c_1_14_337,None
c_1_14_338,Lymphoid-Other
c_1_14_339,Lymphoid-Plasma
c_1_14_340,Lymphoid-DC
c_1_14_341,Lymphoid-DC
c_1_14_342,Lymphoid-T
c_1_14_343,Lymphoid-Other
c_1_14_344,Lymphoid-DC
c_1_14_345,Epithelial
c_1_14_346,Lymphoid-T
c_1_14_347,Mesenchymal-Stromal
c_1_14_348,Lymphoid-DC
c_1_14_349,Endothelial
c_1_14_350,Lymphoid-DC
c_1_14_351,Lymphoid-DC
c_1_14_352,Lymphoid-Other
c_1_14_353,Epithelial
c_1_14_354,Lymphoid-DC
c_1_14_355,Lymphoid-DC
c_1_14_356,Lymphoid-DC
c_1_14_357,Epithelial
c_1_14_358,Lymphoid-T
c_1_14_359,Lymphoid-DC
c_1_14_360,Lymphoid-T
c_1_14_361,Lymphoid-T
c_1_14_362,Myeloid
c_1_14_363,Lymphoid-DC
c_1_14_364,Lymphoid-Plasma
c_1_14_365,Myeloid
c_1_14_366,Stem
c_1_14_367,Lymphoid-T
c_1_14_368,Lymphoid-DC
c_1_14_369,Lymphoid-T
c_1_14_370,Epithelial
c_1_14_371,Lymphoid-DC
c_1_14_372,Lymphoid-T
c_1_14_373,Epithelial
c_1_14_374,Lymphoid-T
c_1_14_375,Lymphoid-DC
c_1_14_376,Myeloid
c_1_14_377,Lymphoid-DC
c_1_14_378,Lymphoid-DC
c_1_14_379,Stem
c_1_14_380,Lymphoid-DC
c_1_14_381,Lymphoid-T
c_1_14_382,Neuronal-Glial
c_1_14_383,Stem
c_1_14_384,Myeloid
c_1_14_385,Myeloid
c_1_14_386,Mesenchymal-Stromal
c_1_14_387,Lymphoid-T
c_1_14_388,Myeloid
c_1_14_389,Endothelial
c_1_14_390,Lymphoid-DC
c_1_14_391,Lymphoid-T
c_1_14_392,Lymphoid-DC
c_1_14_393,Epithelial
c_1_14_394,Stem
c_1_14_395,Lymphoid-T
c_1_14_396,Lymphoid-Plasma
c_1_14_397,Endothelial
c_1_14_398,Lymphoid-Plasma
c_1_14_399,Lymphoid-DC
c_1_14_400,Myeloid
c_1_14_401,Lymphoid-Plasma
c_1_14_402,Lymphoid-Plasma
c_1_14_403,Lymphoid-DC
c_1_14_404,Lymphoid-DC
c_1_14_405,Lymphoid-Other
c_1_14_406,Lymphoid-DC
c_1_14_407,Mesenchymal-Stromal
c_1_14_408,Mesenchymal-Stromal
c_1_14_409,Epithelial
c_1_14_410,Endothelial
c_1_14_411,Epithelial
c_1_14_412,Neuronal-Glial
c_1_14_413,Lymphoid-Other
c_1_14_414,Endothelial
c_1_14_415,Lymphoid-Other
c_1_14_416,Endothelial
c_1_14_417,Myeloid
c_1_14_418,Endothelial
c_1_14_419,Lymphoid-Other
c_1_14_420,Lymphoid-T
c_1_14_421,Neuronal-Glial
c_1_14_422,Lymphoid-Other
c_1_14_423,Lymphoid-Plasma
c_1_14_424,None
c_1_14_425,Epithelial
c_1_14_426,Lymphoid-T
c_1_14_427,Lymphoid-B
c_1_14_428,Lymphoid-Plasma
c_1_14_429,Stem
c_1_14_430,Endothelial
c_1_14_431,Lymphoid-T
c_1_14_432,Lymphoid-T
c_1_14_433,Lymphoid-T
c_1_14_434,Epithelial
c_1_14_435,Lymphoid-T
c_1_14_436,Stem
c_1_14_437,Lymphoid-T
c_1_14_438,Stem
c_1_14_439,Lymphoid-Other
c_1_14_440,Lymphoid-T
c_1_14_441,Lymphoid-T
c_1_14_442,Epithelial
c_1_14_443,Epithelial
c_1_14_444,Lymphoid-T
c_1_14_445,Epithelial
c_1_14_446,Lymphoid-T
c_1_14_447,Stem
c_1_14_448,Lymphoid-T
c_1_14_449,Endothelial
c_1_14_450,Epithelial
c_1_14_451,Epithelial
c_1_14_452,Lymphoid-T
c_1_14_453,Neuronal-Glial
c_1_14_454,Lymphoid-Plasma
c_1_14_455,Lymphoid-T
c_1_14_456,Endothelial
c_1_14_457,Lymphoid-T
c_1_14_458,Endothelial
c_1_14_459,Endothelial
c_1_14_460,Epithelial
c_1_14_461,Endothelial
c_1_14_462,Lymphoid-T
c_1_14_463,Neuronal-Glial
c_1_14_464,Epithelial
c_1_14_465,Lymphoid-T
c_1_14_466,Lymphoid-T
c_1_14_467,Neuronal-Glial
c_1_14_468,Epithelial
c_1_14_469,Lymphoid-DC
c_1_14_470,Lymphoid-Other
c_1_14_471,Lymphoid-T
c_1_14_472,Lymphoid-T
c_1_14_473,Stem
c_1_14_474,Stem
c_1_14_475,Endothelial
c_1_14_476,Lymphoid-T
c_1_14_477,Epithelial
c_1_14_478,Lymphoid-Other
c_1_14_479,Epithelial
c_1_14_480,Epithelial
c_1_14_481,Lymphoid-T
c_1_14_482,Lymphoid-T
c_1_14_483,Stem
c_1_14_484,Lymphoid-T
c_1_14_485,Epithelial
c_1_14_486,Epithelial
c_1_14_487,Lymphoid-T
c_1_14_488,Neuronal-Glial
c_1_14_489,Lymphoid-DC
c_1_14_490,Lymphoid-T
c_1_14_491,Lymphoid-DC
c_1_14_492,Lymphoid-T
c_1_14_493,Lymphoid-T
c_1_14_494,Endothelial
c_1_14_495,Lymphoid-T
c_1_14_496,Lymphoid-DC
c_1_14_497,Lymphoid-DC
c_1_14_498,Lymphoid-T
c_1_14_499,Lymphoid-T
c_1_14_500,Epithelial
c_1_14_501,Lymphoid-Plasma
c_1_14_502,Lymphoid-DC
c_1_14_503,Epithelial
c_1_14_504,Lymphoid-T
c_1_14_505,Lymphoid-DC
c_1_14_506,Lymphoid-Plasma
c_1_14_507,None
c_1_14_508,Lymphoid-DC
c_1_14_509,Lymphoid-DC
c_1_14_510,Lymphoid-DC
c_1_14_511,Lymphoid-Other
c_1_14_512,Endothelial
c_1_14_513,Lymphoid-DC
c_1_14_514,Lymphoid-DC
c_1_14_515,Lymphoid-Plasma
c_1_14_516,Myeloid
c_1_14_517,Endothelial
c_1_14_518,Endothelial
c_1_14_519,Neuronal-Glial
c_1_14_520,Lymphoid-Plasma
c_1_14_521,Myeloid
c_1_14_522,Lymphoid-DC
c_1_14_523,Lymphoid-Plasma
c_1_14_524,Neuronal-Glial
c_1_14_525,Endothelial
c_1_14_526,Lymphoid-DC
c_1_14_527,Neuronal-Glial
c_1_14_528,Lymphoid-DC
c_1_14_529,Lymphoid-Other
c_1_14_530,Lymphoid-DC
c_1_14_531,Endothelial
c_1_14_532,Myeloid
c_1_14_533,Endothelial
c_1_14_534,Endothelial
c_1_14_535,Lymphoid-T
c_1_14_536,Lymphoid-Plasma
c_1_14_537,Mesenchymal-Stromal
c_1_14_538,Endothelial
c_1_14_539,Endothelial
c_1_14_540,Lymphoid-DC
c_1_14_541,Lymphoid-Plasma
c_1_14_542,Lymphoid-DC
c_1_14_543,Lymphoid-Other
c_1_14_544,Stem
c_1_14_545,Lymphoid-DC
c_1_14_546,Lymphoid-Plasma
c_1_14_547,Lymphoid-Other
c_1_14_548,Lymphoid-DC
c_1_14_549,Endothelial
c_1_14_550,Lymphoid-T
c_1_14_551,Lymphoid-T
c_1_14_552,Endothelial
c_1_14_553,Lymphoid-Plasma
c_1_14_554,Lymphoid-T
c_1_14_555,Epithelial
c_1_14_556,None
c_1_14_557,Lymphoid-T
c_1_14_558,Lymphoid-DC
c_1_14_559,Lymphoid-DC
c_1_14_560,Neuronal-Glial
c_1_14_561,Epithelial
c_1_14_562,Lymphoid-T
c_1_14_563,Lymphoid-Plasma
c_1_14_564,Lymphoid-Plasma
c_1_14_565,Endothelial
c_1_14_566,Myeloid
c_1_14_567,None
c_1_14_568,Lymphoid-T
c_1_14_569,Lymphoid-T
c_1_14_570,Lymphoid-T
c_1_14_571,Epithelial
c_1_14_572,Epithelial
c_1_14_573,Epithelial
c_1_14_574,Epithelial
c_1_14_575,Lymphoid-T
c_1_14_576,Epithelial
c_1_14_577,Epithelial
c_1_14_578,Lymphoid-T
c_1_14_579,Epithelial
c_1_14_580,Lymphoid-T
c_1_14_581,Lymphoid-T
c_1_14_582,Endothelial
c_1_14_583,Lymphoid-T
c_1_14_584,Lymphoid-T
c_1_14_585,Lymphoid-T
c_1_14_586,Epithelial
c_1_14_587,Lymphoid-T
c_1_14_588,Epithelial
c_1_14_589,Epithelial
c_1_14_590,Lymphoid-T
c_1_14_591,Epithelial
c_1_14_592,Lymphoid-T
c_1_14_593,Lymphoid-Other
c_1_14_594,Lymphoid-T
c_1_14_595,Lymphoid-Other
c_1_14_596,Endothelial
c_1_14_597,Epithelial
c_1_14_598,Endothelial
c_1_14_599,Lymphoid-T
c_1_14_600,Endothelial
c_1_14_601,Lymphoid-T
c_1_14_602,Lymphoid-T
c_1_14_603,Epithelial
c_1_14_604,Epithelial
c_1_14_605,Lymphoid-T
c_1_14_606,Lymphoid-T
c_1_14_607,Epithelial
c_1_14_608,Epithelial
c_1_14_609,Lymphoid-Other
c_1_14_610,Epithelial
c_1_14_611,Epithelial
c_1_14_612,Epithelial
c_1_14_613,Lymphoid-T
c_1_14_614,Lymphoid-T
c_1_14_615,Lymphoid-T
c_1_14_616,Epithelial
c_1_14_617,Epithelial
c_1_14_618,Lymphoid-Other
c_1_14_619,Epithelial
c_1_14_620,Endothelial
c_1_14_621,Epithelial
c_1_14_622,Endothelial
c_1_14_623,Lymphoid-T
c_1_14_624,Lymphoid-T
c_1_14_625,Lymphoid-T
c_1_14_626,Lymphoid-T
c_1_14_627,Epithelial
c_1_14_628,Lymphoid-T
c_1_14_629,Lymphoid-T
c_1_14_630,Stem
c_1_14_631,Epithelial
c_1_14_632,Lymphoid-T
c_1_14_633,Lymphoid-Other
c_1_14_634,Lymphoid-T
c_1_14_635,Epithelial
c_1_14_636,Epithelial
c_1_14_637,Lymphoid-T
c_1_14_638,Lymphoid-T
c_1_14_639,Lymphoid-T
c_1_14_640,Lymphoid-T
c_1_14_641,Lymphoid-Other
c_1_14_642,Lymphoid-DC
c_1_14_643,Lymphoid-T
c_1_14_644,Lymphoid-T
c_1_14_645,Lymphoid-T
c_1_14_646,Myeloid
c_1_14_647,Lymphoid-Other
c_1_14_648,Lymphoid-DC
c_1_14_649,Lymphoid-Other
c_1_14_650,Endothelial
c_1_14_651,Lymphoid-DC
c_1_14_652,Endothelial
c_1_14_653,Lymphoid-Other
c_1_14_654,Lymphoid-Plasma
c_1_14_655,Lymphoid-T
c_1_14_656,Lymphoid-DC
c_1_14_657,Lymphoid-DC
c_1_14_658,None
c_1_14_659,Epithelial
c_1_14_660,Lymphoid-Other
c_1_14_661,Lymphoid-DC
c_1_14_662,Endothelial
c_1_14_663,Lymphoid-DC
c_1_14_664,None
c_1_14_665,Lymphoid-DC
c_1_14_666,Endothelial
c_1_14_667,Neuronal-Glial
c_1_14_668,Lymphoid-DC
c_1_14_669,None
c_1_14_670,Endothelial
c_1_14_671,Lymphoid-Plasma
c_1_14_672,Endothelial
c_1_14_673,Lymphoid-DC
c_1_14_674,None
c_1_14_675,Epithelial
c_1_14_676,Lymphoid-DC
c_1_14_677,Lymphoid-DC
c_1_14_678,Lymphoid-Other
c_1_14_679,Lymphoid-T
c_1_14_680,Lymphoid-Plasma
c_1_14_681,None
c_1_14_682,Myeloid
c_1_14_683,Lymphoid-Plasma
c_1_14_684,Lymphoid-DC
c_1_14_685,Lymphoid-Plasma
c_1_14_686,Endothelial
c_1_14_687,Lymphoid-T
c_1_14_688,Lymphoid-Plasma
c_1_14_689,Lymphoid-DC
c_1_14_690,Endothelial
c_1_14_691,None
c_1_14_692,Lymphoid-DC
c_1_14_693,Lymphoid-DC
c_1_14_694,None
c_1_14_695,Lymphoid-DC
c_1_14_696,Lymphoid-T
c_1_14_697,Lymphoid-DC
c_1_14_698,Lymphoid-DC
c_1_14_699,Endothelial
c_1_14_700,None
c_1_14_701,None
c_1_14_702,Lymphoid-DC
c_1_14_703,Lymphoid-Plasma
c_1_14_704,Mesenchymal-Stromal
c_1_14_705,Lymphoid-Plasma
c_1_14_706,Lymphoid-DC
c_1_14_707,Lymphoid-T
c_1_14_708,Lymphoid-DC
c_1_14_709,Endothelial
c_1_14_710,Endothelial
c_1_14_711,Lymphoid-DC
c_1_14_712,Lymphoid-DC
c_1_14_713,Lymphoid-Plasma
c_1_14_714,None
c_1_14_715,Lymphoid-DC
c_1_14_716,None
c_1_14_717,Lymphoid-T
c_1_14_718,Endothelial
c_1_14_719,Lymphoid-DC
c_1_14_720,Epithelial
c_1_14_721,Epithelial
c_1_14_722,Myeloid
c_1_14_723,Lymphoid-T
c_1_14_724,Epithelial
c_1_14_725,Lymphoid-Other
c_1_14_726,Lymphoid-DC
c_1_14_727,Epithelial
c_1_14_728,Lymphoid-DC
c_1_14_729,Epithelial
c_1_14_730,Lymphoid-T
c_1_14_731,Endothelial
c_1_14_732,Lymphoid-Plasma
c_1_14_733,Epithelial
c_1_14_734,Lymphoid-DC
c_1_14_735,Endothelial
c_1_14_736,Epithelial
c_1_14_737,Epithelial
c_1_14_738,Epithelial
c_1_14_739,Epithelial
c_1_14_740,Lymphoid-DC
c_1_14_741,Lymphoid-T
c_1_14_742,Lymphoid-Other
c_1_14_743,Lymphoid-T
c_1_14_744,Epithelial
c_1_14_745,Lymphoid-T
c_1_14_746,Lymphoid-DC
c_1_14_747,Lymphoid-Plasma
c_1_14_748,Epithelial
c_1_14_749,Lymphoid-T
c_1_14_750,Lymphoid-Plasma
c_1_14_751,Lymphoid-DC
c_1_14_752,Lymphoid-T
c_1_14_753,Lymphoid-T
c_1_14_754,Lymphoid-DC
c_1_14_755,Epithelial
c_1_14_756,Lymphoid-DC
c_1_14_757,Lymphoid-T
c_1_14_758,Lymphoid-Other
c_1_14_759,Epithelial
c_1_14_760,Lymphoid-DC
c_1_14_761,Lymphoid-DC
c_1_14_762,Epithelial
c_1_14_763,Epithelial
c_1_14_764,Endothelial
c_1_14_765,Myeloid
c_1_14_766,Lymphoid-T
c_1_14_767,Endothelial
c_1_14_768,Epithelial
c_1_14_769,Lymphoid-Other
c_1_14_770,Endothelial
c_1_14_771,Lymphoid-DC
c_1_14_772,Endothelial
c_1_14_773,Lymphoid-DC
c_1_14_774,Lymphoid-DC
c_1_14_775,Lymphoid-Other
c_1_14_776,Lymphoid-T
c_1_14_777,Lymphoid-T
c_1_14_778,Epithelial
c_1_14_779,Lymphoid-T
c_1_14_780,Lymphoid-DC
c_1_14_781,Epithelial
c_1_14_782,Myeloid
c_1_14_783,Epithelial
c_1_14_784,Lymphoid-DC
c_1_14_785,Lymphoid-T
c_1_14_786,Epithelial
c_1_14_787,Epithelial
c_1_14_788,Lymphoid-DC
c_1_14_789,Epithelial
c_1_14_790,Lymphoid-T
c_1_14_791,Neuronal-Glial
c_1_14_792,Epithelial
c_1_14_793,Lymphoid-T
c_1_14_794,Endothelial
c_1_14_795,Lymphoid-DC
c_1_14_796,Lymphoid-DC
c_1_14_797,Endothelial
c_1_14_798,Lymphoid-DC
c_1_14_799,Lymphoid-T
c_1_14_800,Lymphoid-T
c_1_14_801,Lymphoid-T
c_1_14_802,Epithelial
c_1_14_803,Epithelial
c_1_14_804,Epithelial
c_1_14_805,Lymphoid-T
c_1_14_806,Lymphoid-DC
c_1_14_807,Epithelial
c_1_14_808,Myeloid
c_1_14_809,Stem
c_1_14_810,Stem
c_1_14_811,Lymphoid-T
c_1_14_812,Epithelial
c_1_14_813,Myeloid
c_1_14_814,Epithelial
c_1_14_815,Epithelial
c_1_14_816,Epithelial
c_1_14_817,Lymphoid-T
c_1_14_818,Epithelial
c_1_14_819,Epithelial
c_1_14_820,Lymphoid-Other
c_1_14_821,Lymphoid-T
c_1_14_822,Epithelial
c_1_14_823,Myeloid
c_1_14_824,Epithelial
c_1_14_825,Lymphoid-DC
c_1_14_826,Lymphoid-T
c_1_14_827,Epithelial
c_1_14_828,Lymphoid-T
c_1_14_829,Myeloid
c_1_14_830,Epithelial
c_1_14_831,Lymphoid-T
c_1_14_832,Endothelial
c_1_14_833,Endothelial
c_1_14_834,Lymphoid-Plasma
c_1_14_835,Lymphoid-T
c_1_14_836,Lymphoid-DC
c_1_14_837,Epithelial
c_1_14_838,Epithelial
c_1_14_839,Epithelial
c_1_14_840,Lymphoid-T
c_1_14_841,Epithelial
c_1_14_842,Endothelial
c_1_14_843,Lymphoid-Other
c_1_14_844,Lymphoid-T
c_1_14_845,Lymphoid-T
c_1_14_846,Lymphoid-Other
c_1_14_847,None
c_1_14_848,None
c_1_14_849,None
c_1_14_850,Mesenchymal-Stromal
c_1_14_851,Lymphoid-T
c_1_14_852,Lymphoid-T
c_1_14_853,Epithelial
c_1_14_854,Stem
c_1_14_855,Epithelial
c_1_14_856,Epithelial
c_1_14_857,Lymphoid-DC
c_1_14_858,Lymphoid-T
c_1_14_859,Epithelial
c_1_14_860,Stem
c_1_14_861,Lymphoid-T
c_1_14_862,Epithelial
c_1_14_863,Lymphoid-T
c_1_14_864,Lymphoid-T
c_1_14_865,Lymphoid-T
c_1_14_866,Epithelial
c_1_14_867,Lymphoid-DC
c_1_14_868,Lymphoid-DC
c_1_14_869,Lymphoid-DC
c_1_14_870,Lymphoid-DC
c_1_14_871,Myeloid
c_1_14_872,Lymphoid-DC
c_1_14_873,Myeloid
c_1_14_874,Lymphoid-Other
c_1_14_875,Lymphoid-DC
c_1_14_876,Lymphoid-T
c_1_14_877,Lymphoid-T
c_1_14_878,Epithelial
c_1_14_879,Epithelial
c_1_14_880,Lymphoid-DC
c_1_14_881,Lymphoid-T
c_1_14_882,Endothelial
c_1_14_883,Lymphoid-T
c_1_14_884,Lymphoid-T
c_1_14_885,Lymphoid-Other
c_1_14_886,Lymphoid-DC
c_1_14_887,Lymphoid-DC
c_1_14_888,Lymphoid-T
c_1_14_889,Endothelial
c_1_14_890,Stem
c_1_14_891,Lymphoid-DC
c_1_14_892,Lymphoid-B
c_1_14_893,Lymphoid-DC
c_1_14_894,Lymphoid-DC
c_1_14_895,Myeloid
c_1_14_896,Lymphoid-DC
c_1_14_897,Lymphoid-T
c_1_14_898,Lymphoid-T
c_1_14_899,Lymphoid-DC
c_1_14_900,Epithelial
c_1_14_901,Lymphoid-Other
c_1_14_902,Epithelial
c_1_14_903,Lymphoid-T
c_1_14_904,Lymphoid-DC
c_1_14_905,Lymphoid-Plasma
c_1_14_906,Endothelial
c_1_14_907,Lymphoid-T
c_1_14_908,Lymphoid-T
c_1_14_909,Lymphoid-Other
c_1_14_910,Lymphoid-DC
c_1_14_911,Lymphoid-DC
c_1_14_912,None
c_1_14_913,Epithelial
c_1_14_914,Stem
c_1_14_915,Lymphoid-T
c_1_14_916,Lymphoid-DC
c_1_14_917,Lymphoid-DC
c_1_14_918,Lymphoid-Other
c_1_14_919,Lymphoid-DC
c_1_14_920,Myeloid
c_1_14_921,Lymphoid-T
c_1_14_922,Lymphoid-DC
c_1_14_923,Lymphoid-Other
c_1_14_924,Endothelial
c_1_14_925,Lymphoid-T
c_1_14_926,Stem
c_1_14_927,Lymphoid-T
c_1_14_928,Neuronal-Glial
c_1_14_929,Stem
c_1_14_930,Lymphoid-T
c_1_14_931,Lymphoid-Other
c_1_14_932,Epithelial
c_1_14_933,Lymphoid-T
c_1_14_934,Lymphoid-T
c_1_14_935,Lymphoid-T
c_1_14_936,Lymphoid-T
c_1_14_937,Lymphoid-T
c_1_14_938,Lymphoid-Other
c_1_14_939,Lymphoid-Other
c_1_14_940,Epithelial
c_1_14_941,Lymphoid-T
c_1_14_942,Epithelial
c_1_14_943,Lymphoid-T
c_1_14_944,Lymphoid-DC
c_1_14_945,Myeloid
c_1_14_946,Epithelial
c_1_14_947,Endothelial
c_1_14_948,Lymphoid-T
c_1_14_949,Epithelial
c_1_14_950,Endothelial
c_1_14_951,Epithelial
c_1_14_952,Lymphoid-DC
c_1_14_953,None
c_1_14_954,Mesenchymal-Stromal
c_1_14_955,Endothelial
c_1_14_956,Lymphoid-T
c_1_14_957,Lymphoid-T
c_1_14_958,Lymphoid-DC
c_1_14_959,Lymphoid-Other
c_1_14_960,Lymphoid-Plasma
c_1_14_961,Lymphoid-Other
c_1_14_962,Lymphoid-T
c_1_14_963,Lymphoid-DC
c_1_14_964,Lymphoid-T
c_1_14_965,Neuronal-Glial
c_1_14_966,Stem
c_1_14_967,Neuronal-Glial
c_1_14_968,Lymphoid-Other
c_1_14_969,Lymphoid-T
c_1_14_970,Lymphoid-Other
c_1_14_971,Lymphoid-DC
c_1_14_972,Epithelial
c_1_14_973,Epithelial
c_1_14_974,None
c_1_14_975,Epithelial
c_1_14_976,Epithelial
c_1_14_977,None
c_1_14_978,Endothelial
c_1_14_979,Myeloid
c_1_14_980,Endothelial
c_1_14_981,Epithelial
c_1_14_982,Neuronal-Glial
c_1_14_983,Lymphoid-T
c_1_14_984,Endothelial
c_1_14_985,Lymphoid-DC
c_1_14_986,Endothelial
c_1_14_987,Epithelial
c_1_14_988,Endothelial
c_1_14_989,Stem
c_1_14_990,Epithelial
c_1_14_991,Endothelial
c_1_14_992,Myeloid
c_1_14_993,Lymphoid-Plasma
c_1_14_994,Lymphoid-T
c_1_14_995,Lymphoid-DC
c_1_14_996,Lymphoid-T
c_1_14_997,Lymphoid-DC
c_1_14_998,Lymphoid-DC
c_1_14_999,Stem
c_1_14_1000,Lymphoid-Other
c_1_14_1001,Lymphoid-DC
c_1_14_1002,Lymphoid-T
c_1_14_1003,Lymphoid-B
c_1_14_1004,Lymphoid-T
c_1_14_1005,Lymphoid-T
c_1_14_1006,Endothelial
c_1_14_1007,Lymphoid-B
c_1_14_1008,Stem
c_1_14_1009,Lymphoid-Plasma
c_1_14_1010,Endothelial
c_1_14_1011,Stem
c_1_14_1012,Neuronal-Glial
c_1_14_1013,Mesenchymal-Stromal
c_1_14_1014,Stem
c_1_14_1015,Lymphoid-T
c_1_14_1016,Endothelial
c_1_14_1017,Epithelial
c_1_14_1018,Lymphoid-Other
c_1_14_1019,Lymphoid-T
c_1_14_1020,Lymphoid-T
c_1_14_1021,Lymphoid-DC
c_1_14_1022,Epithelial
c_1_14_1023,Epithelial
c_1_14_1024,Lymphoid-DC
c_1_14_1025,Lymphoid-T
c_1_14_1026,Lymphoid-T
c_1_14_1027,Lymphoid-Other
c_1_14_1028,Myeloid
c_1_14_1029,Lymphoid-B
c_1_14_1030,Endothelial
c_1_14_1031,Lymphoid-Other
c_1_14_1032,Lymphoid-T
c_1_14_1033,Lymphoid-T
c_1_14_1034,Lymphoid-T
c_1_14_1035,Neuronal-Glial
c_1_14_1036,Lymphoid-T
c_1_14_1037,Endothelial
c_1_14_1038,Lymphoid-T
c_1_14_1039,Myeloid
c_1_14_1040,Endothelial
c_1_14_1041,Lymphoid-T
c_1_14_1042,None
c_1_14_1043,Stem
c_1_14_1044,Lymphoid-T
c_1_14_1045,Lymphoid-Other
c_1_14_1046,Lymphoid-T
c_1_14_1047,Lymphoid-DC
c_1_14_1048,Epithelial
c_1_14_1049,Lymphoid-T
c_1_14_1050,Endothelial
c_1_14_1051,Neuronal-Glial
c_1_14_1052,Lymphoid-Other
c_1_14_1053,Endothelial
c_1_14_1054,None
c_1_14_1055,Neuronal-Glial
c_1_14_1056,Lymphoid-DC
c_1_14_1057,Lymphoid-DC
c_1_14_1058,Lymphoid-T
c_1_14_1059,Lymphoid-Other
c_1_14_1060,Lymphoid-T
c_1_14_1061,Lymphoid-T
c_1_14_1062,Mesenchymal-Stromal
c_1_14_1063,Lymphoid-T
c_1_14_1064,Stem
c_1_14_1065,Endothelial
c_1_14_1066,Endothelial
c_1_14_1067,Lymphoid-T
c_1_14_1068,Lymphoid-T
c_1_14_1069,Epithelial
c_1_14_1070,Epithelial
c_1_14_1071,Lymphoid-DC
c_1_14_1072,Endothelial
c_1_14_1073,Epithelial
c_1_14_1074,Neuronal-Glial
c_1_14_1075,Lymphoid-T
c_1_14_1076,Neuronal-Glial
c_1_14_1077,Endothelial
c_1_14_1078,Mesenchymal-Stromal
c_1_14_1079,Endothelial
c_1_14_1080,Mesenchymal-Stromal
c_1_14_1081,Endothelial
c_1_14_1082,Lymphoid-Plasma
c_1_14_1083,Neuronal-Glial
c_1_14_1084,Endothelial
c_1_14_1085,Lymphoid-DC
c_1_14_1086,Lymphoid-T
c_1_14_1087,Lymphoid-DC
c_1_14_1088,Endothelial
c_1_14_1089,Endothelial
c_1_14_1090,Lymphoid-DC
c_1_14_1091,Myeloid
c_1_14_1092,Lymphoid-DC
c_1_14_1093,Lymphoid-T
c_1_14_1094,Lymphoid-T
c_1_14_1095,Lymphoid-T
c_1_14_1096,Epithelial
c_1_14_1097,Epithelial
c_1_14_1098,Lymphoid-DC
c_1_14_1099,Mesenchymal-Stromal
c_1_14_1100,Epithelial
c_1_14_1101,Lymphoid-DC
c_1_14_1102,Stem
c_1_14_1103,Neuronal-Glial
c_1_14_1104,Epithelial
c_1_14_1105,Lymphoid-DC
c_1_14_1106,Epithelial
c_1_14_1107,Epithelial
c_1_14_1108,Lymphoid-T
c_1_14_1109,Endothelial
c_1_14_1110,Lymphoid-DC
c_1_14_1111,Endothelial
c_1_14_1112,Endothelial
c_1_14_1113,Lymphoid-Plasma
c_1_14_1114,Lymphoid-Plasma
c_1_14_1115,Lymphoid-T
c_1_14_1116,Lymphoid-T
c_1_14_1117,Endothelial
c_1_14_1118,Lymphoid-DC
c_1_14_1119,Myeloid
c_1_14_1120,Lymphoid-DC
c_1_14_1121,Endothelial
c_1_14_1122,Lymphoid-T
c_1_14_1123,Lymphoid-DC
c_1_14_1124,Neuronal-Glial
c_1_14_1125,Mesenchymal-Stromal
c_1_14_1126,Lymphoid-DC
c_1_14_1127,Lymphoid-T
c_1_14_1128,Lymphoid-DC
c_1_14_1129,Neuronal-Glial
c_1_14_1130,Epithelial
c_1_14_1131,Lymphoid-T
c_1_14_1132,Epithelial
c_1_14_1133,Lymphoid-T
c_1_14_1134,Endothelial
c_1_14_1135,None
c_1_14_1136,Stem
c_1_14_1137,Endothelial
c_1_14_1138,Lymphoid-T
c_1_14_1139,Epithelial
c_1_14_1140,Lymphoid-DC
c_1_14_1141,Lymphoid-T
c_1_14_1142,Neuronal-Glial
c_1_14_1143,Lymphoid-DC
c_1_14_1144,Lymphoid-Other
c_1_14_1145,Lymphoid-Other
c_1_14_1146,Lymphoid-T
c_1_14_1147,Lymphoid-T
c_1_14_1148,None
c_1_14_1149,Endothelial
c_1_14_1150,Lymphoid-DC
c_1_14_1151,Lymphoid-T
c_1_14_1152,Mesenchymal-Stromal
c_1_14_1153,Lymphoid-T
c_1_14_1154,Lymphoid-Plasma
c_1_14_1155,Lymphoid-Plasma
c_1_14_1156,Mesenchymal-Stromal
c_1_14_1157,Lymphoid-Plasma
c_1_14_1158,Lymphoid-DC
c_1_14_1159,Endothelial
c_1_14_1160,Lymphoid-T
c_1_14_1161,Epithelial
c_1_14_1162,Lymphoid-DC
c_1_14_1163,Endothelial
c_1_14_1164,Lymphoid-DC
c_1_14_1165,Lymphoid-DC
c_1_14_1166,Endothelial
c_1_14_1167,Mesenchymal-Stromal
c_1_14_1168,Epithelial
c_1_14_1169,Endothelial
c_1_14_1170,Endothelial
c_1_14_1171,Neuronal-Glial
c_1_14_1172,Lymphoid-DC
c_1_14_1173,Lymphoid-DC
c_1_14_1174,Endothelial
c_1_14_1175,Mesenchymal-Stromal
c_1_14_1176,Lymphoid-Other
c_1_14_1177,Neuronal-Glial
c_1_14_1178,Epithelial
c_1_14_1179,Epithelial
c_1_14_1180,Myeloid
c_1_14_1181,Neuronal-Glial
c_1_14_1182,Myeloid
c_1_14_1183,Lymphoid-DC
c_1_14_1184,Lymphoid-Other
c_1_14_1185,Neuronal-Glial
c_1_14_1186,Epithelial
c_1_14_1187,Lymphoid-Other
c_1_14_1188,Lymphoid-T
c_1_14_1189,Lymphoid-DC
c_1_14_1190,Lymphoid-Plasma
c_1_14_1191,Lymphoid-T
c_1_14_1192,Lymphoid-T
c_1_14_1193,Lymphoid-T
c_1_14_1194,Lymphoid-Plasma
c_1_14_1195,Endothelial
c_1_14_1196,Lymphoid-DC
c_1_14_1197,Neuronal-Glial
c_1_14_1198,Lymphoid-T
c_1_14_1199,Lymphoid-T
c_1_14_1200,Endothelial
c_1_14_1201,Lymphoid-Other
c_1_14_1202,Lymphoid-DC
c_1_14_1203,Epithelial
c_1_14_1204,Endothelial
c_1_14_1205,Endothelial
c_1_14_1206,Lymphoid-T
c_1_14_1207,Epithelial
c_1_14_1208,Epithelial
c_1_14_1209,Endothelial
c_1_14_1210,Lymphoid-Plasma
c_1_14_1211,Endothelial
c_1_14_1212,Lymphoid-DC
c_1_14_1213,Lymphoid-T
c_1_14_1214,Lymphoid-DC
c_1_14_1215,Lymphoid-T
c_1_14_1216,Lymphoid-Other
c_1_14_1217,Stem
c_1_14_1218,Lymphoid-Other
c_1_14_1219,Lymphoid-DC
c_1_14_1220,Endothelial
c_1_14_1221,Myeloid
c_1_14_1222,Epithelial
c_1_14_1223,Epithelial
c_1_14_1224,Epithelial
c_1_14_1225,Neuronal-Glial
c_1_14_1226,Lymphoid-DC
c_1_14_1227,Lymphoid-T
c_1_14_1228,Lymphoid-Plasma
c_1_14_1229,Lymphoid-T
c_1_14_1230,Lymphoid-DC
c_1_14_1231,Myeloid
c_1_14_1232,Lymphoid-DC
c_1_14_1233,Mesenchymal-Stromal
c_1_14_1234,Lymphoid-T
c_1_14_1235,Epithelial
c_1_14_1236,Epithelial
c_1_14_1237,Lymphoid-Plasma
c_1_14_1238,Lymphoid-DC
c_1_14_1239,Stem
c_1_14_1240,Epithelial
c_1_14_1241,Lymphoid-Other
c_1_14_1242,Lymphoid-T
c_1_14_1243,Lymphoid-DC
c_1_14_1244,Epithelial
c_1_14_1245,None
c_1_14_1246,Neuronal-Glial
c_1_14_1247,Lymphoid-Plasma
c_1_14_1248,Epithelial
c_1_14_1249,Lymphoid-T
c_1_14_1250,Epithelial
c_1_14_1251,Lymphoid-DC
c_1_14_1252,Lymphoid-DC
c_1_14_1253,Endothelial
c_1_14_1254,Neuronal-Glial
c_1_14_1255,Epithelial
c_1_14_1256,Lymphoid-T
c_1_14_1257,Lymphoid-Plasma
c_1_14_1258,Lymphoid-Other
c_1_14_1259,Myeloid
c_1_14_1260,Lymphoid-Plasma
c_1_14_1261,Myeloid
c_1_14_1262,None
c_1_14_1263,Neuronal-Glial
c_1_14_1264,Mesenchymal-Stromal
c_1_14_1265,Lymphoid-T
c_1_14_1266,Neuronal-Glial
c_1_14_1267,Epithelial
c_1_14_1268,Lymphoid-Plasma
c_1_14_1269,Myeloid
c_1_14_1270,Endothelial
c_1_14_1271,Myeloid
c_1_14_1272,Lymphoid-T
c_1_14_1273,Lymphoid-Other
c_1_14_1274,Lymphoid-T
c_1_14_1275,Lymphoid-DC
c_1_14_1276,Lymphoid-Plasma
c_1_14_1277,Myeloid
c_1_14_1278,Lymphoid-T
c_1_14_1279,Lymphoid-DC
c_1_14_1280,Endothelial
c_1_14_1281,Endothelial
c_1_14_1282,Stem
c_1_14_1283,Lymphoid-DC
c_1_14_1284,Lymphoid-T
c_1_14_1285,Lymphoid-T
c_1_14_1286,Lymphoid-T
c_1_14_1287,Lymphoid-DC
c_1_14_1288,Epithelial
c_1_14_1289,Endothelial
c_1_14_1290,Lymphoid-DC
c_1_14_1291,Endothelial
c_1_14_1292,Lymphoid-Other
c_1_14_1293,Lymphoid-Other
c_1_14_1294,Myeloid
c_1_14_1295,Lymphoid-DC
c_1_14_1296,Lymphoid-Plasma
c_1_14_1297,Lymphoid-DC
c_1_14_1298,Lymphoid-DC
c_1_14_1299,Lymphoid-Other
c_1_14_1300,Endothelial
c_1_14_1301,Lymphoid-T
c_1_14_1302,Epithelial
c_1_14_1303,Lymphoid-Other
c_1_14_1304,Lymphoid-Other
c_1_14_1305,Endothelial
c_1_14_1306,Neuronal-Glial
c_1_14_1307,Lymphoid-T
c_1_14_1308,Lymphoid-T
c_1_14_1309,Myeloid
c_1_14_1310,Lymphoid-Other
c_1_14_1311,None
c_1_14_1312,Epithelial
c_1_14_1313,Lymphoid-T
c_1_14_1314,Lymphoid-DC
c_1_14_1315,Mesenchymal-Stromal
c_1_14_1316,Lymphoid-DC
c_1_14_1317,Myeloid
c_1_14_1318,Lymphoid-DC
c_1_14_1319,Lymphoid-DC
c_1_14_1320,Lymphoid-DC
c_1_14_1321,Lymphoid-DC
c_1_14_1322,Epithelial
c_1_14_1323,Lymphoid-T
c_1_14_1324,Stem
c_1_14_1325,Lymphoid-DC
c_1_14_1326,Lymphoid-Other
c_1_14_1327,Lymphoid-DC
c_1_14_1328,Lymphoid-T
c_1_14_1329,Lymphoid-Plasma
c_1_14_1330,Lymphoid-DC
c_1_14_1331,Endothelial
c_1_14_1332,Lymphoid-DC
c_1_14_1333,Endothelial
c_1_14_1334,Lymphoid-T
c_1_14_1335,Lymphoid-DC
c_1_14_1336,Lymphoid-DC
c_1_14_1337,Lymphoid-DC
c_1_14_1338,Myeloid
c_1_14_1339,Endothelial
c_1_14_1340,Lymphoid-Other
c_1_14_1341,Lymphoid-DC
c_1_14_1342,Lymphoid-T
c_1_14_1343,Lymphoid-DC
c_1_14_1344,Myeloid
c_1_14_1345,Lymphoid-DC
c_1_14_1346,Lymphoid-DC
c_1_14_1347,Lymphoid-T
c_1_14_1348,Lymphoid-DC
c_1_14_1349,Endothelial
c_1_14_1350,Myeloid
c_1_14_1351,Lymphoid-DC
c_1_14_1352,Lymphoid-DC
c_1_14_1353,Lymphoid-T
c_1_14_1354,Lymphoid-DC
c_1_14_1355,Lymphoid-DC
c_1_14_1356,Lymphoid-DC
c_1_14_1357,Mesenchymal-Stromal
c_1_14_1358,Lymphoid-Plasma
c_1_14_1359,Lymphoid-T
c_1_14_1360,Lymphoid-DC
c_1_14_1361,Myeloid
c_1_14_1362,Lymphoid-DC
c_1_14_1363,Mesenchymal-Stromal
c_1_14_1364,Lymphoid-T
c_1_14_1365,Endothelial
c_1_14_1366,Endothelial
c_1_14_1367,Endothelial
c_1_14_1368,Neuronal-Glial
c_1_14_1369,Lymphoid-DC
c_1_14_1370,None
c_1_14_1371,Endothelial
c_1_14_1372,Lymphoid-Other
c_1_14_1373,Lymphoid-DC
c_1_14_1374,Lymphoid-DC
c_1_14_1375,Lymphoid-DC
c_1_14_1376,Myeloid
c_1_14_1377,Lymphoid-DC
c_1_14_1378,Lymphoid-T
c_1_14_1379,Lymphoid-Plasma
c_1_14_1380,Lymphoid-DC
c_1_14_1381,Lymphoid-Other
c_1_14_1382,Endothelial
c_1_14_1383,Lymphoid-Other
c_1_14_1384,Myeloid
c_1_14_1385,None
c_1_14_1386,Lymphoid-Other
c_1_14_1387,Myeloid
c_1_14_1388,Lymphoid-T
c_1_14_1389,Lymphoid-T
c_1_14_1390,None
c_1_14_1391,Lymphoid-DC
c_1_14_1392,Lymphoid-Plasma
c_1_14_1393,Lymphoid-Plasma
c_1_14_1394,Neuronal-Glial
c_1_14_1395,Lymphoid-DC
c_1_14_1396,Endothelial
c_1_14_1397,Lymphoid-T
c_1_14_1398,Lymphoid-DC
c_1_14_1399,Lymphoid-Other
c_1_14_1400,None
c_1_14_1401,Endothelial
c_1_14_1402,Endothelial
c_1_14_1403,Lymphoid-DC
c_1_14_1404,Lymphoid-Other
c_1_14_1405,Epithelial
c_1_14_1406,Stem
c_1_14_1407,Lymphoid-DC
c_1_14_1408,Epithelial
c_1_14_1409,Lymphoid-DC
c_1_14_1410,Lymphoid-Plasma
c_1_14_1411,Endothelial
c_1_14_1412,Lymphoid-Plasma
c_1_14_1413,Myeloid
c_1_14_1414,Myeloid
c_1_14_1415,Lymphoid-DC
c_1_14_1416,Epithelial
c_1_14_1417,Stem
c_1_14_1418,Lymphoid-T
c_1_14_1419,Endothelial
c_1_14_1420,Endothelial
c_1_14_1421,Endothelial
c_1_14_1422,Lymphoid-Plasma
c_1_14_1423,Lymphoid-Plasma
c_1_14_1424,Lymphoid-T
c_1_14_1425,Lymphoid-Plasma
c_1_14_1426,Lymphoid-DC
c_1_14_1427,Neuronal-Glial
c_1_14_1428,Lymphoid-T
c_1_14_1429,Lymphoid-Plasma
c_1_14_1430,Mesenchymal-Stromal
c_1_14_1431,Lymphoid-Plasma
c_1_14_1432,Endothelial
c_1_14_1433,Lymphoid-DC
c_1_14_1434,Lymphoid-Other
c_1_14_1435,Endothelial
c_1_14_1436,Epithelial
c_1_14_1437,Neuronal-Glial
c_1_14_1438,Lymphoid-T
c_1_14_1439,Lymphoid-DC
c_1_14_1440,Lymphoid-Other
c_1_14_1441,Endothelial
c_1_14_1442,Myeloid
c_1_14_1443,Lymphoid-Plasma
c_1_14_1444,Mesenchymal-Stromal
c_1_14_1445,Lymphoid-DC
c_1_14_1446,Neuronal-Glial
c_1_14_1447,Lymphoid-Plasma
c_1_14_1448,Endothelial
c_1_14_1449,Epithelial
c_1_14_1450,Endothelial
c_1_14_1451,Lymphoid-T
c_1_14_1452,Mesenchymal-Stromal
c_1_14_1453,Lymphoid-Plasma
c_1_14_1454,Lymphoid-DC
c_1_14_1455,Lymphoid-T
c_1_14_1456,Lymphoid-Other
c_1_14_1457,Lymphoid-DC
c_1_14_1458,Lymphoid-Other
c_1_14_1459,Endothelial
c_1_14_1460,Neuronal-Glial
c_1_14_1461,Myeloid
c_1_14_1462,Mesenchymal-Stromal
c_1_14_1463,Mesenchymal-Stromal
c_1_14_1464,Myeloid
c_1_14_1465,Endothelial
c_1_14_1466,Lymphoid-DC
c_1_14_1467,Lymphoid-DC
c_1_14_1468,Lymphoid-Plasma
c_1_14_1469,Lymphoid-Other
c_1_14_1470,Myeloid
c_1_14_1471,Endothelial
c_1_14_1472,Lymphoid-T
c_1_14_1473,None
c_1_14_1474,Lymphoid-DC
c_1_14_1475,Endothelial
c_1_14_1476,Myeloid
c_1_14_1477,Lymphoid-DC
c_1_14_1478,Endothelial
c_1_14_1479,Lymphoid-B
c_1_14_1480,Lymphoid-T
c_1_14_1481,Lymphoid-T
c_1_14_1482,Lymphoid-T
c_1_14_1483,None
c_1_14_1484,Lymphoid-Other
c_1_14_1485,Lymphoid-T
c_1_14_1486,Lymphoid-DC
c_1_14_1487,Lymphoid-DC
c_1_14_1488,Lymphoid-Other
c_1_14_1489,None
c_1_14_1490,None
c_1_14_1491,Endothelial
c_1_14_1492,Lymphoid-T
c_1_14_1493,Lymphoid-T
c_1_14_1494,Lymphoid-DC
c_1_14_1495,Lymphoid-T
c_1_14_1496,None
c_1_14_1497,Lymphoid-DC
c_1_14_1498,Lymphoid-T
c_1_14_1499,Lymphoid-T
c_1_14_1500,Endothelial
c_1_14_1501,Lymphoid-DC
c_1_14_1502,Lymphoid-Plasma
c_1_14_1503,Endothelial
c_1_14_1504,Lymphoid-DC
c_1_14_1505,Lymphoid-DC
c_1_14_1506,Lymphoid-DC
c_1_14_1507,Lymphoid-DC
c_1_14_1508,Lymphoid-Other
c_1_14_1509,Lymphoid-DC
c_1_14_1510,Myeloid
c_1_14_1511,Lymphoid-DC
c_1_14_1512,None
c_1_14_1513,Endothelial
c_1_14_1514,Lymphoid-DC
c_1_14_1515,Lymphoid-DC
c_1_14_1516,None
c_1_14_1517,Lymphoid-Other
c_1_14_1518,Lymphoid-DC
c_1_14_1519,Lymphoid-T
c_1_14_1520,Endothelial
c_1_14_1521,Endothelial
c_1_14_1522,Lymphoid-DC
c_1_14_1523,Lymphoid-Other
c_1_14_1524,Lymphoid-DC
c_1_14_1525,Lymphoid-Plasma
c_1_14_1526,Lymphoid-DC
c_1_14_1527,Lymphoid-DC
c_1_14_1528,None
c_1_14_1529,Lymphoid-DC
c_1_14_1530,Lymphoid-Other
c_1_14_1531,Myeloid
c_1_14_1532,Lymphoid-Other
c_1_14_1533,None
c_1_14_1534,Lymphoid-DC
c_1_14_1535,Endothelial
c_1_14_1536,Lymphoid-Plasma
c_1_14_1537,Lymphoid-Other
c_1_14_1538,Lymphoid-Other
c_1_14_1539,Endothelial
c_1_14_1540,Endothelial
c_1_14_1541,Lymphoid-T
c_1_14_1542,Lymphoid-Plasma
c_1_14_1543,None
c_1_14_1544,Epithelial
c_1_14_1545,Epithelial
c_1_14_1546,Lymphoid-T
c_1_14_1547,Myeloid
c_1_14_1548,None
c_1_14_1549,None
c_1_14_1550,Endothelial
c_1_14_1551,Lymphoid-B
c_1_14_1552,Myeloid
c_1_14_1553,Lymphoid-T
c_1_14_1554,Lymphoid-DC
c_1_14_1555,Lymphoid-T
c_1_14_1556,Neuronal-Glial
c_1_14_1557,Lymphoid-DC
c_1_14_1558,Lymphoid-T
c_1_14_1559,Lymphoid-T
c_1_14_1560,Neuronal-Glial
c_1_14_1561,Endothelial
c_1_14_1562,None
c_1_14_1563,Myeloid
c_1_14_1564,Lymphoid-DC
c_1_14_1565,Lymphoid-Plasma
c_1_14_1566,Lymphoid-DC
c_1_14_1567,Lymphoid-T
c_1_14_1568,Lymphoid-DC
c_1_14_1569,Lymphoid-DC
c_1_14_1570,None
c_1_14_1571,Endothelial
c_1_14_1572,Mesenchymal-Stromal
c_1_14_1573,Endothelial
c_1_14_1574,Mesenchymal-Stromal
c_1_14_1575,Endothelial
c_1_14_1576,Endothelial
c_1_14_1577,Lymphoid-Other
c_1_14_1578,Lymphoid-Other
c_1_14_1579,Lymphoid-Plasma
c_1_14_1580,Endothelial
c_1_14_1581,None
c_1_14_1582,Lymphoid-Other
c_1_14_1583,Lymphoid-DC
c_1_14_1584,Mesenchymal-Stromal
c_1_14_1585,None
c_1_14_1586,Mesenchymal-Stromal
c_1_14_1587,Lymphoid-DC
c_1_14_1588,Endothelial
c_1_14_1589,Lymphoid-T
c_1_14_1590,Lymphoid-T
c_1_14_1591,Myeloid
c_1_14_1592,Myeloid
c_1_14_1593,Neuronal-Glial
c_1_14_1594,Lymphoid-Other
c_1_14_1595,Lymphoid-Plasma
c_1_14_1596,Endothelial
c_1_14_1597,None
c_1_14_1598,Endothelial
c_1_14_1599,Endothelial
c_1_14_1600,Endothelial
c_1_14_1601,Lymphoid-DC
c_1_14_1602,Endothelial
c_1_14_1603,Endothelial
c_1_14_1604,Lymphoid-Plasma
c_1_14_1605,Lymphoid-Plasma
c_1_14_1606,Lymphoid-T
c_1_14_1607,Endothelial
c_1_14_1608,Lymphoid-Plasma
c_1_14_1609,Mesenchymal-Stromal
c_1_14_1610,Endothelial
c_1_14_1611,Neuronal-Glial
c_1_14_1612,Lymphoid-Other
c_1_14_1613,Lymphoid-T
c_1_14_1614,Lymphoid-Other
c_1_14_1615,Endothelial
c_1_14_1616,Lymphoid-T
c_1_14_1617,Myeloid
c_1_14_1618,Epithelial
c_1_14_1619,Endothelial
c_1_14_1620,Endothelial
c_1_14_1621,None
c_1_14_1622,Neuronal-Glial
c_1_14_1623,Lymphoid-Plasma
c_1_14_1624,Lymphoid-DC
c_1_14_1625,Lymphoid-DC
c_1_14_1626,Mesenchymal-Stromal
c_1_14_1627,Lymphoid-T
c_1_14_1628,Lymphoid-T
c_1_14_1629,Lymphoid-Plasma
c_1_14_1630,Neuronal-Glial
c_1_14_1631,Mesenchymal-Stromal
c_1_14_1632,Lymphoid-DC
c_1_14_1633,Lymphoid-DC
c_1_14_1634,Neuronal-Glial
c_1_14_1635,Lymphoid-Plasma
c_1_14_1636,Lymphoid-Plasma
c_1_14_1637,Lymphoid-Plasma
c_1_14_1638,Stem
c_1_14_1639,Lymphoid-DC
c_1_14_1640,Neuronal-Glial
c_1_14_1641,Lymphoid-DC
c_1_14_1642,Lymphoid-Plasma
c_1_14_1643,Endothelial
c_1_14_1644,Lymphoid-DC
c_1_14_1645,Endothelial
c_1_14_1646,Endothelial
c_1_14_1647,Lymphoid-Plasma
c_1_14_1648,Lymphoid-T
c_1_14_1649,Mesenchymal-Stromal
c_1_14_1650,Epithelial
c_1_14_1651,Lymphoid-Other
c_1_14_1652,Lymphoid-Plasma
c_1_14_1653,Lymphoid-DC
c_1_14_1654,Endothelial
c_1_14_1655,None
c_1_14_1656,Endothelial
c_1_14_1657,Lymphoid-DC
c_1_14_1658,Lymphoid-Other
c_1_14_1659,Endothelial
c_1_14_1660,Neuronal-Glial
c_1_14_1661,Mesenchymal-Stromal
c_1_14_1662,Neuronal-Glial
c_1_14_1663,Neuronal-Glial
c_1_14_1664,Lymphoid-T
c_1_14_1665,Lymphoid-DC
c_1_14_1666,Epithelial
c_1_14_1667,None
c_1_14_1668,Mesenchymal-Stromal
c_1_14_1669,Neuronal-Glial
c_1_14_1670,Lymphoid-T
c_1_14_1671,Lymphoid-T
c_1_14_1672,Lymphoid-Other
c_1_14_1673,Lymphoid-Other
c_1_14_1674,Lymphoid-T
c_1_14_1675,Lymphoid-DC
c_1_14_1676,Lymphoid-T
c_1_14_1677,Epithelial
c_1_14_1678,Lymphoid-T
c_1_14_1679,None
c_1_14_1680,Epithelial
c_1_14_1681,Lymphoid-Other
c_1_14_1682,Lymphoid-T
c_1_14_1683,Epithelial
c_1_14_1684,Neuronal-Glial
c_1_14_1685,Endothelial
c_1_14_1686,Stem
c_1_14_1687,Epithelial
c_1_14_1688,Epithelial
c_1_14_1689,Epithelial
c_1_14_1690,Stem
c_1_14_1691,Endothelial
c_1_14_1692,Lymphoid-Plasma
c_1_14_1693,Epithelial
c_1_14_1694,Stem
c_1_14_1695,Lymphoid-T
c_1_14_1696,Lymphoid-Other
c_1_14_1697,Epithelial
c_1_14_1698,Lymphoid-T
c_1_14_1699,Lymphoid-T
c_1_14_1700,Endothelial
c_1_14_1701,None
c_1_14_1702,Lymphoid-B
c_1_14_1703,Lymphoid-T
c_1_14_1704,Epithelial
c_1_14_1705,Lymphoid-T
c_1_14_1706,Lymphoid-T
c_1_14_1707,Lymphoid-T
c_1_14_1708,Lymphoid-T
c_1_14_1709,Lymphoid-T
c_1_14_1710,Epithelial
c_1_14_1711,Endothelial
c_1_14_1712,Lymphoid-T
c_1_14_1713,Mesenchymal-Stromal
c_1_14_1714,Endothelial
c_1_14_1715,Lymphoid-Plasma
c_1_14_1716,Epithelial
c_1_14_1717,Lymphoid-Plasma
c_1_14_1718,Lymphoid-T
c_1_14_1719,Lymphoid-T
c_1_14_1720,Lymphoid-T
c_1_14_1721,Epithelial
c_1_14_1722,Lymphoid-T
c_1_14_1723,Lymphoid-T
c_1_14_1724,Lymphoid-Other
c_1_14_1725,Endothelial
c_1_14_1726,Epithelial
c_1_14_1727,Endothelial
c_1_14_1728,Lymphoid-T
c_1_14_1729,Lymphoid-T
c_1_14_1730,Epithelial
c_1_14_1731,Lymphoid-Other
c_1_14_1732,Endothelial
c_1_14_1733,Lymphoid-Other
c_1_14_1734,Epithelial
c_1_14_1735,Endothelial
c_1_14_1736,Epithelial
c_1_14_1737,Stem
c_1_14_1738,Mesenchymal-Stromal
c_1_14_1739,Neuronal-Glial
c_1_14_1740,Lymphoid-T
c_1_14_1741,Lymphoid-Other
c_1_14_1742,Stem
c_1_14_1743,Endothelial
c_1_14_1744,Endothelial
c_1_14_1745,Epithelial
c_1_14_1746,Lymphoid-B
c_1_14_1747,Epithelial
c_1_14_1748,Lymphoid-DC
c_1_14_1749,Lymphoid-DC
c_1_14_1750,Mesenchymal-Stromal
c_1_14_1751,Lymphoid-T
c_1_14_1752,Endothelial
c_1_14_1753,Lymphoid-T
c_1_14_1754,Lymphoid-Other
c_1_14_1755,Lymphoid-T
c_1_14_1756,Mesenchymal-Stromal
c_1_14_1757,Neuronal-Glial
c_1_14_1758,Neuronal-Glial
c_1_14_1759,Lymphoid-DC
c_1_14_1760,Neuronal-Glial
c_1_14_1761,Lymphoid-Other
c_1_14_1762,None
c_1_14_1763,Epithelial
c_1_14_1764,Epithelial
c_1_14_1765,Stem
c_1_14_1766,Endothelial
c_1_14_1767,Epithelial
c_1_14_1768,Endothelial
c_1_14_1769,Lymphoid-T
c_1_14_1770,Lymphoid-Other
c_1_14_1771,Lymphoid-T
c_1_14_1772,Endothelial
c_1_14_1773,Endothelial
c_1_14_1774,Epithelial
c_1_14_1775,Lymphoid-T
c_1_14_1776,Lymphoid-DC
c_1_14_1777,Endothelial
c_1_14_1778,Mesenchymal-Stromal
c_1_14_1779,Lymphoid-Other
c_1_14_1780,Lymphoid-Other
c_1_14_1781,Lymphoid-T
c_1_14_1782,Endothelial
c_1_14_1783,Mesenchymal-Stromal
c_1_14_1784,Endothelial
c_1_14_1785,Endothelial
c_1_14_1786,Mesenchymal-Stromal
c_1_14_1787,Epithelial
c_1_14_1788,Lymphoid-Other
c_1_14_1789,Lymphoid-Other
c_1_14_1790,Neuronal-Glial
c_1_14_1791,Mesenchymal-Stromal
c_1_14_1792,Lymphoid-Other
c_1_14_1793,Endothelial
c_1_14_1794,Lymphoid-Other
c_1_14_1795,Lymphoid-T
c_1_14_1796,Lymphoid-Other
c_1_14_1797,Epithelial
c_1_14_1798,Epithelial
c_1_14_1799,Mesenchymal-Stromal
c_1_14_1800,Endothelial
c_1_14_1801,Lymphoid-T
c_1_14_1802,Endothelial
c_1_14_1803,Endothelial
c_1_14_1804,Endothelial
c_1_14_1805,Endothelial
c_1_14_1806,Lymphoid-T
c_1_14_1807,Endothelial
c_1_14_1808,Endothelial
c_1_14_1809,Mesenchymal-Stromal
c_1_14_1810,None
c_1_14_1811,Lymphoid-T
c_1_14_1812,Endothelial
c_1_14_1813,Neuronal-Glial
c_1_14_1814,Endothelial
c_1_14_1815,Lymphoid-Other
c_1_14_1816,Endothelial
c_1_14_1817,Lymphoid-Other
c_1_14_1818,Endothelial
c_1_14_1819,Endothelial
c_1_14_1820,Endothelial
c_1_14_1821,Lymphoid-T
c_1_14_1822,Endothelial
c_1_14_1823,Lymphoid-T
c_1_14_1824,Endothelial
c_1_14_1825,Endothelial
c_1_14_1826,Endothelial
c_1_14_1827,Lymphoid-T
c_1_14_1828,Endothelial
c_1_14_1829,Lymphoid-T
c_1_14_1830,Lymphoid-T
c_1_14_1831,Lymphoid-T
c_1_14_1832,Endothelial
c_1_14_1833,Neuronal-Glial
c_1_14_1834,Endothelial
c_1_14_1835,Lymphoid-Other
c_1_14_1836,Endothelial
c_1_14_1837,Lymphoid-Other
c_1_14_1838,Lymphoid-T
c_1_14_1839,Lymphoid-Other
c_1_14_1840,Endothelial
c_1_14_1841,Lymphoid-T
c_1_14_1842,Endothelial
c_1_14_1843,Neuronal-Glial
c_1_14_1844,Endothelial
c_1_14_1845,Mesenchymal-Stromal
c_1_14_1846,Lymphoid-T
c_1_14_1847,Endothelial
c_1_14_1848,Epithelial
c_1_14_1849,Endothelial
c_1_14_1850,Lymphoid-T
c_1_14_1851,Neuronal-Glial
c_1_14_1852,Lymphoid-T
c_1_14_1853,None
c_1_14_1854,Epithelial
c_1_14_1855,Lymphoid-T
c_1_14_1856,Endothelial
c_1_14_1857,Epithelial
c_1_14_1858,Lymphoid-DC
c_1_14_1859,Lymphoid-T
c_1_14_1860,Endothelial
c_1_14_1861,Lymphoid-T
c_1_14_1862,Endothelial
c_1_14_1863,Lymphoid-T
c_1_14_1864,Lymphoid-DC
c_1_14_1865,Lymphoid-T
c_1_14_1866,Epithelial
c_1_14_1867,Lymphoid-Other
c_1_14_1868,Lymphoid-T
c_1_14_1869,Endothelial
c_1_14_1870,Epithelial
c_1_14_1871,Endothelial
c_1_14_1872,Lymphoid-T
c_1_14_1873,Lymphoid-T
c_1_14_1874,Epithelial
c_1_14_1875,Mesenchymal-Stromal
c_1_14_1876,Epithelial
c_1_14_1877,Lymphoid-T
c_1_14_1878,Endothelial
c_1_14_1879,Endothelial
c_1_14_1880,Epithelial
c_1_14_1881,Lymphoid-Other
c_1_14_1882,Lymphoid-T
c_1_14_1883,Lymphoid-T
c_1_14_1884,Epithelial
c_1_14_1885,Endothelial
c_1_14_1886,Lymphoid-DC
c_1_14_1887,Endothelial
c_1_14_1888,Epithelial
c_1_14_1889,Lymphoid-T
c_1_14_1890,Stem
c_1_14_1891,Lymphoid-T
c_1_14_1892,Lymphoid-DC
c_1_14_1893,Lymphoid-T
c_1_14_1894,Endothelial
c_1_14_1895,Epithelial
c_1_14_1896,Lymphoid-T
c_1_14_1897,Epithelial
c_1_14_1898,Lymphoid-T
c_1_14_1899,Lymphoid-T
c_1_14_1900,Lymphoid-T
c_1_14_1901,Lymphoid-T
c_1_14_1902,Lymphoid-DC
c_1_14_1903,Lymphoid-T
c_1_14_1904,Endothelial
c_1_14_1905,Lymphoid-Other
c_1_14_1906,Endothelial
c_1_14_1907,Epithelial
c_1_14_1908,Epithelial
c_1_14_1909,Myeloid
c_1_14_1910,Endothelial
c_1_14_1911,Endothelial
c_1_14_1912,Lymphoid-T
c_1_14_1913,Lymphoid-DC
c_1_14_1914,Epithelial
c_1_14_1915,Epithelial
c_1_14_1916,Lymphoid-DC
c_1_14_1917,Lymphoid-T
c_1_14_1918,Epithelial
c_1_14_1919,Epithelial
c_1_14_1920,Epithelial
c_1_14_1921,Endothelial
c_1_14_1922,Myeloid
c_1_14_1923,Lymphoid-T
c_1_14_1924,Lymphoid-T
c_1_14_1925,Myeloid
c_1_14_1926,Stem
c_1_14_1927,Endothelial
c_1_14_1928,Myeloid
c_1_14_1929,Epithelial
c_1_14_1930,Epithelial
c_1_14_1931,Endothelial
c_1_14_1932,Lymphoid-Other
c_1_14_1933,Lymphoid-Other
c_1_14_1934,Epithelial
c_1_14_1935,Lymphoid-T
c_1_14_1936,Lymphoid-DC
c_1_14_1937,Endothelial
c_1_14_1938,Endothelial
c_1_14_1939,Endothelial
c_1_14_1940,Lymphoid-T
c_1_14_1941,Lymphoid-T
c_1_14_1942,Epithelial
c_1_14_1943,Lymphoid-T
c_1_14_1944,Lymphoid-T
c_1_14_1945,Lymphoid-T
c_1_14_1946,Lymphoid-T
c_1_14_1947,Lymphoid-Other
c_1_14_1948,Stem
c_1_14_1949,Epithelial
c_1_14_1950,Epithelial
c_1_14_1951,Stem
c_1_14_1952,Lymphoid-Other
c_1_14_1953,Neuronal-Glial
c_1_14_1954,Epithelial
c_1_14_1955,Epithelial
c_1_14_1956,Lymphoid-T
c_1_14_1957,Endothelial
c_1_14_1958,None
c_1_14_1959,Lymphoid-T
c_1_14_1960,Stem
c_1_14_1961,Endothelial
c_1_14_1962,Lymphoid-Other
c_1_14_1963,Lymphoid-T
c_1_14_1964,Lymphoid-Plasma
c_1_14_1965,Lymphoid-Plasma
c_1_14_1966,Lymphoid-T
c_1_14_1967,Lymphoid-Plasma
c_1_14_1968,Endothelial
c_1_14_1969,Lymphoid-T
c_1_14_1970,Epithelial
c_1_14_1971,Mesenchymal-Stromal
c_1_14_1972,Lymphoid-DC
c_1_14_1973,Epithelial
c_1_14_1974,Myeloid
c_1_14_1975,Lymphoid-Plasma
c_1_14_1976,Endothelial
c_1_14_1977,Lymphoid-Plasma
c_1_14_1978,Endothelial
c_1_14_1979,Endothelial
c_1_14_1980,Lymphoid-Plasma
c_1_14_1981,Endothelial
c_1_14_1982,Lymphoid-Plasma
c_1_14_1983,Lymphoid-Other
c_1_14_1984,Endothelial
c_1_14_1985,Lymphoid-Plasma
c_1_14_1986,Epithelial
c_1_14_1987,Lymphoid-DC
c_1_14_1988,Endothelial
c_1_14_1989,Endothelial
c_1_14_1990,Endothelial
c_1_14_1991,Lymphoid-DC
c_1_14_1992,Endothelial
c_1_14_1993,Myeloid
c_1_14_1994,Endothelial
c_1_14_1995,Lymphoid-Plasma
c_1_14_1996,Lymphoid-Other
c_1_14_1997,Endothelial
c_1_14_1998,Lymphoid-Plasma
c_1_14_1999,Neuronal-Glial
c_1_14_2000,Endothelial
c_1_14_2001,Lymphoid-DC
c_1_14_2002,Mesenchymal-Stromal
c_1_14_2003,Lymphoid-DC
c_1_14_2004,Endothelial
c_1_14_2005,Lymphoid-DC
c_1_14_2006,Epithelial
c_1_14_2007,Lymphoid-DC
c_1_14_2008,Myeloid
c_1_14_2009,Lymphoid-DC
c_1_14_2010,Endothelial
c_1_14_2011,Mesenchymal-Stromal
c_1_14_2012,Lymphoid-Other
c_1_14_2013,Lymphoid-DC
c_1_14_2014,Neuronal-Glial
c_1_14_2015,Neuronal-Glial
c_1_14_2016,Lymphoid-Plasma
c_1_14_2017,Lymphoid-Plasma
c_1_14_2018,Lymphoid-Plasma
c_1_14_2019,Lymphoid-DC
c_1_14_2020,Lymphoid-Plasma
c_1_14_2021,Lymphoid-T
c_1_14_2022,Lymphoid-Other
c_1_14_2023,None
c_1_14_2024,Lymphoid-DC
c_1_14_2025,Endothelial
c_1_14_2026,Mesenchymal-Stromal
c_1_14_2027,Lymphoid-Plasma
c_1_14_2028,Lymphoid-DC
c_1_14_2029,Neuronal-Glial
c_1_14_2030,Lymphoid-Plasma
c_1_14_2031,Lymphoid-DC
c_1_14_2032,Endothelial
c_1_14_2033,Endothelial
c_1_14_2034,Lymphoid-T
c_1_14_2035,Neuronal-Glial
c_1_14_2036,Neuronal-Glial
c_1_14_2037,Lymphoid-Plasma
c_1_14_2038,Lymphoid-Other
c_1_14_2039,Lymphoid-Plasma
c_1_14_2040,Lymphoid-T
c_1_14_2041,Mesenchymal-Stromal
c_1_14_2042,Mesenchymal-Stromal
c_1_14_2043,Lymphoid-Plasma
c_1_14_2044,Lymphoid-Plasma
c_1_14_2045,Neuronal-Glial
c_1_14_2046,Endothelial
c_1_14_2047,Lymphoid-DC
c_1_14_2048,Neuronal-Glial
c_1_14_2049,Endothelial
c_1_14_2050,Lymphoid-Plasma
c_1_14_2051,Neuronal-Glial
c_1_14_2052,Endothelial
c_1_14_2053,Mesenchymal-Stromal
c_1_14_2054,Lymphoid-T
c_1_14_2055,Myeloid
c_1_14_2056,None
c_1_14_2057,Lymphoid-Plasma
c_1_14_2058,Endothelial
c_1_14_2059,Endothelial
c_1_14_2060,None
c_1_14_2061,Neuronal-Glial
c_1_14_2062,None
c_1_14_2063,Endothelial
c_1_14_2064,Lymphoid-T
c_1_14_2065,None
c_1_14_2066,Lymphoid-DC
c_1_14_2067,Lymphoid-T
c_1_14_2068,Mesenchymal-Stromal
c_1_14_2069,None
c_1_14_2070,Lymphoid-DC
c_1_14_2071,Endothelial
c_1_14_2072,Lymphoid-DC
c_1_14_2073,Lymphoid-Other
c_1_14_2074,Lymphoid-Other
c_1_14_2075,Lymphoid-Plasma
c_1_14_2076,Lymphoid-DC
c_1_14_2077,Epithelial
c_1_14_2078,None
c_1_14_2079,Neuronal-Glial
c_1_14_2080,Stem
c_1_14_2081,Lymphoid-T
c_1_14_2082,Lymphoid-T
c_1_14_2083,Lymphoid-T
c_1_14_2084,Endothelial
c_1_14_2085,Lymphoid-T
c_1_14_2086,Endothelial
c_1_14_2087,Epithelial
c_1_14_2088,Stem
c_1_14_2089,Lymphoid-T
c_1_14_2090,Epithelial
c_1_14_2091,Endothelial
c_1_14_2092,Epithelial
c_1_14_2093,Lymphoid-T
c_1_14_2094,Epithelial
c_1_14_2095,Mesenchymal-Stromal
c_1_14_2096,Lymphoid-T
c_1_14_2097,Endothelial
c_1_14_2098,Lymphoid-Plasma
c_1_14_2099,Mesenchymal-Stromal
c_1_14_2100,Lymphoid-T
c_1_14_2101,Mesenchymal-Stromal
c_1_14_2102,Mesenchymal-Stromal
c_1_14_2103,Lymphoid-Plasma
c_1_14_2104,Stem
c_1_14_2105,None
c_1_14_2106,Neuronal-Glial
c_1_14_2107,Neuronal-Glial
c_1_14_2108,Lymphoid-T
c_1_14_2109,None
c_1_14_2110,Lymphoid-T
c_1_14_2111,Lymphoid-T
c_1_14_2112,Lymphoid-T
c_1_14_2113,Lymphoid-T
c_1_14_2114,Lymphoid-T
c_1_14_2115,Lymphoid-Other
c_1_14_2116,Neuronal-Glial
c_1_14_2117,Lymphoid-Other
c_1_14_2118,Lymphoid-T
c_1_14_2119,Endothelial
c_1_14_2120,Endothelial
c_1_14_2121,Lymphoid-T
c_1_14_2122,Mesenchymal-Stromal
c_1_14_2123,Lymphoid-Other
c_1_14_2124,Lymphoid-T
c_1_14_2125,Lymphoid-T
c_1_14_2126,Neuronal-Glial
c_1_14_2127,Epithelial
c_1_14_2128,Lymphoid-T
c_1_14_2129,Lymphoid-T
c_1_14_2130,Mesenchymal-Stromal
c_1_14_2131,Stem
c_1_14_2132,Epithelial
c_1_14_2133,Neuronal-Glial
c_1_14_2134,Epithelial
c_1_14_2135,Stem
c_1_14_2136,Lymphoid-T
c_1_14_2137,Lymphoid-T
c_1_14_2138,Stem
c_1_14_2139,Epithelial
c_1_14_2140,Epithelial
c_1_14_2141,None
c_1_14_2142,Epithelial
c_1_14_2143,Epithelial
c_1_14_2144,Epithelial
c_1_14_2145,Stem
c_1_14_2146,Lymphoid-T
c_1_14_2147,Lymphoid-T
c_1_14_2148,Lymphoid-T
c_1_14_2149,Lymphoid-T
c_1_14_2150,Endothelial
c_1_14_2151,Stem
c_1_14_2152,Lymphoid-Plasma
c_1_14_2153,None
c_1_14_2154,Lymphoid-Other
c_1_14_2155,Epithelial
c_1_14_2156,Lymphoid-Plasma
c_1_14_2157,Lymphoid-T
c_1_14_2158,Epithelial
c_1_14_2159,Epithelial
c_1_14_2160,Lymphoid-T
c_1_14_2161,Lymphoid-T
c_1_14_2162,Endothelial
c_1_14_2163,Lymphoid-T
c_1_14_2164,Epithelial
c_1_14_2165,Lymphoid-T
c_1_14_2166,Lymphoid-T
c_1_14_2167,Epithelial
c_1_14_2168,Epithelial
c_1_14_2169,Epithelial
c_1_14_2170,Endothelial
c_1_14_2171,Lymphoid-T
c_1_14_2172,Epithelial
c_1_14_2173,Epithelial
c_1_14_2174,Stem
c_1_14_2175,Neuronal-Glial
c_1_14_2176,Epithelial
c_1_14_2177,Epithelial
c_1_14_2178,Myeloid
c_1_14_2179,Lymphoid-DC
c_1_14_2180,Lymphoid-T
c_1_14_2181,Epithelial
c_1_14_2182,Epithelial
c_1_14_2183,Epithelial
c_1_14_2184,Epithelial
c_1_14_2185,Lymphoid-DC
c_1_14_2186,Epithelial
c_1_14_2187,Lymphoid-Other
c_1_14_2188,Lymphoid-T
c_1_14_2189,Endothelial
c_1_14_2190,Endothelial
c_1_14_2191,Epithelial
c_1_14_2192,Endothelial
c_1_14_2193,Neuronal-Glial
c_1_14_2194,Lymphoid-Plasma
c_1_14_2195,Epithelial
c_1_14_2196,Mesenchymal-Stromal
c_1_14_2197,Lymphoid-Other
c_1_14_2198,Lymphoid-T
c_1_14_2199,Endothelial
c_1_14_2200,Epithelial
c_1_14_2201,Endothelial
c_1_14_2202,None
c_1_14_2203,Lymphoid-T
c_1_14_2204,Lymphoid-T
c_1_14_2205,Endothelial
c_1_14_2206,Endothelial
c_1_14_2207,Lymphoid-Other
c_1_14_2208,Endothelial
c_1_14_2209,Mesenchymal-Stromal
c_1_14_2210,Lymphoid-Other
c_1_14_2211,Endothelial
c_1_14_2212,Neuronal-Glial
c_1_14_2213,Lymphoid-Plasma
c_1_14_2214,Lymphoid-Other
c_1_14_2215,Lymphoid-T
c_1_14_2216,Mesenchymal-Stromal
c_1_14_2217,Endothelial
c_1_14_2218,Mesenchymal-Stromal
c_1_14_2219,Neuronal-Glial
c_1_14_2220,Epithelial
c_1_14_2221,Mesenchymal-Stromal
c_1_14_2222,Epithelial
c_1_14_2223,Mesenchymal-Stromal
c_1_14_2224,Endothelial
c_1_14_2225,Epithelial
c_1_14_2226,None
c_1_14_2227,None
c_1_14_2228,Endothelial
c_1_14_2229,Endothelial
c_1_14_2230,Epithelial
c_1_14_2231,Epithelial
c_1_14_2232,Epithelial
c_1_14_2233,Endothelial
c_1_14_2234,Epithelial
c_1_14_2235,Lymphoid-Other
c_1_14_2236,None
c_1_14_2237,Epithelial
c_1_14_2238,Lymphoid-Other
c_1_14_2239,Mesenchymal-Stromal
c_1_14_2240,Mesenchymal-Stromal
c_1_14_2241,Mesenchymal-Stromal
c_1_14_2242,Epithelial
c_1_14_2243,Epithelial
c_1_14_2244,Epithelial
c_1_14_2245,Mesenchymal-Stromal
c_1_14_2246,Epithelial
c_1_14_2247,Neuronal-Glial
c_1_14_2248,Endothelial
c_1_14_2249,Lymphoid-T
c_1_14_2250,Lymphoid-T
c_1_14_2251,Endothelial
c_1_14_2252,Endothelial
c_1_14_2253,Endothelial
c_1_14_2254,Endothelial
c_1_14_2255,Lymphoid-Other
c_1_14_2256,Endothelial
c_1_14_2257,Epithelial
c_1_14_2258,Epithelial
c_1_14_2259,Endothelial
c_1_14_2260,Lymphoid-T
c_1_14_2261,Epithelial
c_1_14_2262,Lymphoid-Other
c_1_14_2263,Lymphoid-T
c_1_14_2264,Lymphoid-Other
c_1_14_2265,Lymphoid-Other
c_1_14_2266,Epithelial
c_1_14_2267,Epithelial
c_1_14_2268,Endothelial
c_1_14_2269,Epithelial
c_1_14_2270,Lymphoid-T
c_1_14_2271,Lymphoid-T
c_1_14_2272,Endothelial
c_1_14_2273,Epithelial
c_1_14_2274,Mesenchymal-Stromal
c_1_14_2275,Endothelial
c_1_14_2276,Lymphoid-T
c_1_14_2277,Lymphoid-Plasma
c_1_14_2278,Lymphoid-Other
c_1_14_2279,Epithelial
c_1_14_2280,Endothelial
c_1_14_2281,Stem
c_1_14_2282,Epithelial
c_1_14_2283,Epithelial
c_1_14_2284,Epithelial
c_1_14_2285,Mesenchymal-Stromal
c_1_14_2286,Epithelial
c_1_14_2287,Endothelial
c_1_14_2288,Endothelial
c_1_14_2289,Endothelial
c_1_14_2290,Stem
c_1_14_2291,None
c_1_14_2292,Endothelial
c_1_14_2293,Lymphoid-T
c_1_14_2294,Epithelial
c_1_14_2295,Lymphoid-Other
c_1_14_2296,Lymphoid-T
c_1_14_2297,Lymphoid-Other
c_1_14_2298,Epithelial
c_1_14_2299,Epithelial
c_1_14_2300,Lymphoid-Other
c_1_14_2301,Endothelial
c_1_14_2302,Endothelial
c_1_14_2303,Endothelial
c_1_14_2304,Endothelial
c_1_14_2305,Endothelial
c_1_14_2306,Lymphoid-T
c_1_14_2307,Lymphoid-T
c_1_14_2308,Epithelial
c_1_14_2309,Neuronal-Glial
c_1_14_2310,Lymphoid-T
c_1_14_2311,Lymphoid-T
c_1_14_2312,Neuronal-Glial
c_1_14_2313,Epithelial
c_1_14_2314,Endothelial
c_1_14_2315,Lymphoid-Other
c_1_14_2316,Lymphoid-DC
c_1_14_2317,Lymphoid-T
c_1_14_2318,Lymphoid-T
c_1_14_2319,Lymphoid-Other
c_1_14_2320,Endothelial
c_1_14_2321,Epithelial
c_1_14_2322,None
c_1_14_2323,Endothelial
c_1_14_2324,Lymphoid-Other
c_1_14_2325,Endothelial
c_1_14_2326,Endothelial
c_1_14_2327,Lymphoid-T
c_1_14_2328,Lymphoid-Other
c_1_14_2329,Lymphoid-DC
c_1_14_2330,Endothelial
c_1_14_2331,Lymphoid-Other
c_1_14_2332,Epithelial
c_1_14_2333,Lymphoid-T
c_1_14_2334,Epithelial
c_1_14_2335,Lymphoid-T
c_1_14_2336,Lymphoid-DC
c_1_14_2337,Lymphoid-Other
c_1_14_2338,Mesenchymal-Stromal
c_1_14_2339,Lymphoid-T
c_1_14_2340,Epithelial
c_1_14_2341,Endothelial
c_1_14_2342,Epithelial
c_1_14_2343,Endothelial
c_1_14_2344,Lymphoid-T
c_1_14_2345,Lymphoid-DC
c_1_14_2346,Lymphoid-Other
c_1_14_2347,Lymphoid-T
c_1_14_2348,Lymphoid-T
c_1_14_2349,Epithelial
c_1_14_2350,Neuronal-Glial
c_1_14_2351,Neuronal-Glial
c_1_14_2352,Lymphoid-T
c_1_14_2353,None
c_1_14_2354,Epithelial
c_1_14_2355,Mesenchymal-Stromal
c_1_14_2356,Lymphoid-T
c_1_14_2357,Lymphoid-DC
c_1_14_2358,Lymphoid-T
c_1_14_2359,Lymphoid-T
c_1_14_2360,Epithelial
c_1_14_2361,Stem
c_1_14_2362,Endothelial
c_1_14_2363,Epithelial
c_1_14_2364,Stem
c_1_14_2365,Lymphoid-Other
c_1_14_2366,Lymphoid-T
c_1_14_2367,Lymphoid-T
c_1_14_2368,Epithelial
c_1_14_2369,Endothelial
c_1_14_2370,None
c_1_14_2371,Epithelial
c_1_14_2372,Endothelial
c_1_14_2373,Lymphoid-T
c_1_14_2374,Epithelial
c_1_14_2375,Lymphoid-Other
c_1_14_2376,Lymphoid-Other
c_1_14_2377,Lymphoid-Plasma
c_1_14_2378,Endothelial
c_1_14_2379,Lymphoid-Other
c_1_14_2380,Endothelial
c_1_14_2381,Lymphoid-Other
c_1_14_2382,Myeloid
c_1_14_2383,Endothelial
c_1_14_2384,Lymphoid-DC
c_1_14_2385,Mesenchymal-Stromal
c_1_14_2386,Lymphoid-Other
c_1_14_2387,Mesenchymal-Stromal
c_1_14_2388,None
c_1_14_2389,Lymphoid-Plasma
c_1_14_2390,Lymphoid-T
c_1_14_2391,Mesenchymal-Stromal
c_1_14_2392,Lymphoid-Other
c_1_14_2393,Lymphoid-Other
c_1_14_2394,Lymphoid-T
c_1_14_2395,Lymphoid-T
c_1_14_2396,Epithelial
c_1_14_2397,Mesenchymal-Stromal
c_1_14_2398,Lymphoid-Other
c_1_14_2399,Lymphoid-Other
c_1_14_2400,Lymphoid-DC
c_1_14_2401,Lymphoid-T
c_1_14_2402,Endothelial
c_1_14_2403,Endothelial
c_1_14_2404,None
c_1_14_2405,None
c_1_14_2406,None
c_1_14_2407,Lymphoid-DC
c_1_14_2408,None
c_1_14_2409,Lymphoid-T
c_1_14_2410,None
c_1_14_2411,Neuronal-Glial
c_1_14_2412,Lymphoid-DC
c_1_14_2413,Lymphoid-Other
c_1_14_2414,Mesenchymal-Stromal
c_1_14_2415,Endothelial
c_1_14_2416,Neuronal-Glial
c_1_14_2417,None
c_1_14_2418,Endothelial
c_1_14_2419,Lymphoid-DC
c_1_14_2420,Lymphoid-DC
c_1_14_2421,None
c_1_14_2422,None
c_1_14_2423,Endothelial
c_1_14_2424,Epithelial
c_1_14_2425,Endothelial
c_1_14_2426,Lymphoid-DC
c_1_14_2427,Endothelial
c_1_14_2428,Lymphoid-T
c_1_14_2429,Endothelial
c_1_14_2430,Lymphoid-T
c_1_14_2431,Endothelial
c_1_14_2432,Endothelial
c_1_14_2433,Mesenchymal-Stromal
c_1_14_2434,Endothelial
c_1_14_2435,Endothelial
c_1_14_2436,Lymphoid-Other
c_1_14_2437,Myeloid
c_1_14_2438,None
c_1_14_2439,Endothelial
c_1_14_2440,Epithelial
c_1_14_2441,Myeloid
c_1_14_2442,Lymphoid-Other
c_1_14_2443,Lymphoid-Other
c_1_14_2444,Lymphoid-T
c_1_14_2445,Epithelial
c_1_14_2446,Endothelial
c_1_14_2447,Lymphoid-Plasma
c_1_14_2448,None
c_1_14_2449,Endothelial
c_1_14_2450,Mesenchymal-Stromal
c_1_14_2451,Mesenchymal-Stromal
c_1_14_2452,Lymphoid-DC
c_1_14_2453,Lymphoid-DC
c_1_14_2454,Lymphoid-Plasma
c_1_14_2455,Endothelial
c_1_14_2456,Lymphoid-Other
c_1_14_2457,Lymphoid-Other
c_1_14_2458,Endothelial
c_1_14_2459,Lymphoid-DC
c_1_14_2460,Endothelial
c_1_14_2461,Lymphoid-Other
c_1_14_2462,Endothelial
c_1_14_2463,Stem
c_1_14_2464,Lymphoid-Plasma
c_1_14_2465,Myeloid
c_1_14_2466,Endothelial
c_1_14_2467,Lymphoid-Other
c_1_14_2468,Lymphoid-Other
c_1_14_2469,Myeloid
c_1_14_2470,Endothelial
c_1_14_2471,Endothelial
c_1_14_2472,Lymphoid-T
c_1_14_2473,Lymphoid-Plasma
c_1_14_2474,Epithelial
c_1_14_2475,Epithelial
c_1_14_2476,Lymphoid-T
c_1_14_2477,Mesenchymal-Stromal
c_1_14_2478,Endothelial
c_1_14_2479,Lymphoid-T
c_1_14_2480,Lymphoid-T
c_1_14_2481,Epithelial
c_1_14_2482,Stem
c_1_14_2483,Lymphoid-DC
c_1_14_2484,Lymphoid-DC
c_1_14_2485,Lymphoid-DC
c_1_14_2486,Lymphoid-T
c_1_14_2487,Endothelial
c_1_14_2488,Lymphoid-DC
c_1_14_2489,Lymphoid-DC
c_1_14_2490,Myeloid
c_1_14_2491,Epithelial
c_1_14_2492,Endothelial
c_1_14_2493,Endothelial
c_1_14_2494,Lymphoid-T
c_1_14_2495,Lymphoid-DC
c_1_14_2496,Lymphoid-T
c_1_14_2497,Epithelial
c_1_14_2498,Lymphoid-DC
c_1_14_2499,Epithelial
c_1_14_2500,Epithelial
c_1_14_2501,Lymphoid-DC
c_1_14_2502,None
c_1_14_2503,Lymphoid-T
c_1_14_2504,Lymphoid-T
c_1_14_2505,Endothelial
c_1_14_2506,Lymphoid-Other
c_1_14_2507,None
c_1_14_2508,None
c_1_14_2509,Epithelial
c_1_14_2510,Myeloid
c_1_14_2511,Mesenchymal-Stromal
c_1_14_2512,Endothelial
c_1_14_2513,Stem
c_1_14_2514,Epithelial
c_1_14_2515,Lymphoid-DC
c_1_14_2516,Epithelial
c_1_14_2517,Lymphoid-T
c_1_14_2518,Lymphoid-Plasma
c_1_14_2519,Lymphoid-T
c_1_14_2520,Lymphoid-T
c_1_14_2521,None
c_1_14_2522,Lymphoid-DC
c_1_14_2523,Lymphoid-T
c_1_14_2524,Epithelial
c_1_14_2525,Lymphoid-T
c_1_14_2526,Lymphoid-B
c_1_14_2527,Endothelial
c_1_14_2528,Lymphoid-Other
c_1_14_2529,Lymphoid-T
c_1_14_2530,Lymphoid-T
c_1_14_2531,Lymphoid-T
c_1_14_2532,Lymphoid-Other
c_1_14_2533,Lymphoid-DC
c_1_14_2534,Mesenchymal-Stromal
c_1_14_2535,Endothelial
c_1_14_2536,Myeloid
c_1_14_2537,Neuronal-Glial
c_1_14_2538,Endothelial
c_1_14_2539,Endothelial
c_1_14_2540,Lymphoid-DC
c_1_14_2541,Neuronal-Glial
c_1_14_2542,Mesenchymal-Stromal
c_1_14_2543,Lymphoid-T
c_1_14_2544,Lymphoid-DC
c_1_14_2545,Lymphoid-T
c_1_14_2546,Lymphoid-DC
c_1_14_2547,Epithelial
c_1_14_2548,Lymphoid-T
c_1_14_2549,Lymphoid-T
c_1_14_2550,Epithelial
c_1_14_2551,Epithelial
c_1_14_2552,Lymphoid-DC
c_1_14_2553,Mesenchymal-Stromal
c_1_14_2554,Lymphoid-T
c_1_14_2555,Mesenchymal-Stromal
c_1_14_2556,Lymphoid-DC
c_1_14_2557,Mesenchymal-Stromal
c_1_14_2558,Epithelial
c_1_14_2559,Myeloid
c_1_14_2560,Neuronal-Glial
c_1_14_2561,Lymphoid-DC
c_1_14_2562,Mesenchymal-Stromal
c_1_14_2563,Lymphoid-DC
c_1_14_2564,Lymphoid-DC
c_1_14_2565,Lymphoid-T
c_1_14_2566,Myeloid
c_1_14_2567,Lymphoid-DC
c_1_14_2568,Endothelial
c_1_14_2569,None
c_1_14_2570,Lymphoid-Plasma
c_1_14_2571,Lymphoid-Other
c_1_14_2572,None
c_1_14_2573,Lymphoid-DC
c_1_14_2574,Lymphoid-Other
c_1_14_2575,Epithelial
c_1_14_2576,None
c_1_14_2577,None
c_1_14_2578,Mesenchymal-Stromal
c_1_14_2579,Stem
c_1_14_2580,None
c_1_14_2581,Epithelial
c_1_14_2582,Epithelial
c_1_14_2583,Endothelial
c_1_14_2584,Lymphoid-DC
c_1_14_2585,Lymphoid-DC
c_1_14_2586,Epithelial
c_1_14_2587,Lymphoid-DC
c_1_14_2588,Endothelial
c_1_14_2589,Lymphoid-T
c_1_14_2590,Lymphoid-T
c_1_14_2591,Mesenchymal-Stromal
c_1_14_2592,Lymphoid-T
c_1_14_2593,Lymphoid-DC
c_1_14_2594,Stem
c_1_14_2595,Epithelial
c_1_14_2596,Myeloid
c_1_14_2597,Lymphoid-Other
c_1_14_2598,Epithelial
c_1_14_2599,Mesenchymal-Stromal
c_1_14_2600,Lymphoid-Plasma
c_1_14_2601,Lymphoid-T
c_1_14_2602,Lymphoid-T
c_1_14_2603,Epithelial
c_1_14_2604,Myeloid
c_1_14_2605,Endothelial
c_1_14_2606,Endothelial
c_1_14_2607,Endothelial
c_1_14_2608,Lymphoid-T
c_1_14_2609,Epithelial
c_1_14_2610,Lymphoid-Other
c_1_14_2611,Lymphoid-DC
c_1_14_2612,Endothelial
c_1_14_2613,Endothelial
c_1_14_2614,Endothelial
c_1_14_2615,Endothelial
c_1_14_2616,Lymphoid-T
c_1_14_2617,Lymphoid-DC
c_1_14_2618,Lymphoid-T
c_1_14_2619,Mesenchymal-Stromal
c_1_14_2620,Endothelial
c_1_14_2621,Stem
c_1_14_2622,Lymphoid-DC
c_1_14_2623,Lymphoid-DC
c_1_14_2624,Epithelial
c_1_14_2625,Epithelial
c_1_14_2626,Endothelial
c_1_14_2627,Epithelial
c_1_14_2628,Lymphoid-DC
c_1_14_2629,Endothelial
c_1_14_2630,Lymphoid-T
c_1_14_2631,Lymphoid-Other
c_1_14_2632,Stem
c_1_14_2633,Endothelial
c_1_14_2634,Mesenchymal-Stromal
c_1_14_2635,Endothelial
c_1_14_2636,Lymphoid-DC
c_1_14_2637,Endothelial
c_1_14_2638,Lymphoid-Other
c_1_14_2639,Lymphoid-T
c_1_14_2640,Lymphoid-T
c_1_14_2641,Lymphoid-T
c_1_14_2642,Endothelial
c_1_14_2643,Epithelial
c_1_14_2644,Epithelial
c_1_14_2645,Lymphoid-T
c_1_14_2646,Lymphoid-Other
c_1_14_2647,Lymphoid-Other
c_1_14_2648,Endothelial
c_1_14_2649,Endothelial
c_1_14_2650,Epithelial
c_1_14_2651,Endothelial
c_1_14_2652,Lymphoid-DC
c_1_14_2653,Lymphoid-DC
c_1_14_2654,Endothelial
c_1_14_2655,Endothelial
c_1_14_2656,Lymphoid-T
c_1_14_2657,Lymphoid-Other
c_1_14_2658,Lymphoid-T
c_1_14_2659,Lymphoid-T
c_1_14_2660,Epithelial
c_1_14_2661,Lymphoid-T
c_1_14_2662,Myeloid
c_1_14_2663,Endothelial
c_1_14_2664,Endothelial
c_1_14_2665,Mesenchymal-Stromal
c_1_14_2666,Epithelial
c_1_14_2667,Endothelial
c_1_14_2668,Endothelial
c_1_14_2669,Stem
c_1_14_2670,Lymphoid-T
c_1_14_2671,Lymphoid-T
c_1_14_2672,Lymphoid-Other
c_1_14_2673,Lymphoid-T
c_1_14_2674,Epithelial
c_1_14_2675,Endothelial
c_1_14_2676,Endothelial
c_1_14_2677,Endothelial
c_1_14_2678,Lymphoid-T
c_1_14_2679,Endothelial
c_1_14_2680,Lymphoid-Other
c_1_14_2681,Lymphoid-DC
c_1_14_2682,Mesenchymal-Stromal
c_1_14_2683,Lymphoid-T
c_1_14_2684,Lymphoid-Other
c_1_14_2685,Lymphoid-Other
c_1_14_2686,Epithelial
c_1_14_2687,Lymphoid-Other
c_1_14_2688,Epithelial
c_1_14_2689,Lymphoid-Other
c_1_14_2690,Lymphoid-T
c_1_14_2691,Endothelial
c_1_14_2692,None
c_1_14_2693,Stem
c_1_14_2694,Lymphoid-T
c_1_14_2695,Epithelial
c_1_14_2696,Endothelial
c_1_14_2697,Endothelial
c_1_14_2698,Endothelial
c_1_14_2699,Epithelial
c_1_14_2700,Endothelial
c_1_14_2701,Lymphoid-DC
c_1_14_2702,Lymphoid-T
c_1_14_2703,Endothelial
c_1_14_2704,Lymphoid-DC
c_1_14_2705,Endothelial
c_1_14_2706,Epithelial
c_1_14_2707,Endothelial
c_1_14_2708,Endothelial
c_1_14_2709,Lymphoid-T
c_1_14_2710,Epithelial
c_1_14_2711,Endothelial
c_1_14_2712,Lymphoid-T
c_1_14_2713,Lymphoid-Other
c_1_14_2714,Epithelial
c_1_14_2715,Lymphoid-DC
c_1_14_2716,Stem
c_1_14_2717,Endothelial
c_1_14_2718,Epithelial
c_1_14_2719,Lymphoid-T
c_1_14_2720,Lymphoid-Other
c_1_14_2721,Epithelial
c_1_14_2722,Lymphoid-DC
c_1_14_2723,Lymphoid-DC
c_1_14_2724,Lymphoid-DC
c_1_14_2725,Lymphoid-T
c_1_14_2726,Epithelial
c_1_14_2727,Endothelial
c_1_14_2728,Lymphoid-DC
c_1_14_2729,Epithelial
c_1_14_2730,Endothelial
c_1_14_2731,Lymphoid-DC
c_1_14_2732,Endothelial
c_1_14_2733,Endothelial
c_1_14_2734,Stem
c_1_14_2735,Lymphoid-T
c_1_14_2736,Lymphoid-DC
c_1_14_2737,Stem
c_1_14_2738,Lymphoid-DC
c_1_14_2739,Endothelial
c_1_14_2740,Lymphoid-Other
c_1_14_2741,Lymphoid-Other
c_1_14_2742,Lymphoid-DC
c_1_14_2743,Lymphoid-DC
c_1_14_2744,Lymphoid-Other
c_1_14_2745,Lymphoid-B
c_1_14_2746,Epithelial
c_1_14_2747,Lymphoid-DC
c_1_14_2748,Lymphoid-T
c_1_14_2749,Lymphoid-T
c_1_14_2750,Lymphoid-DC
c_1_14_2751,Lymphoid-T
c_1_14_2752,Endothelial
c_1_14_2753,Lymphoid-DC
c_1_14_2754,Lymphoid-T
c_1_14_2755,Lymphoid-T
c_1_14_2756,Lymphoid-Other
c_1_14_2757,Myeloid
c_1_14_2758,Lymphoid-T
c_1_14_2759,Mesenchymal-Stromal
c_1_14_2760,Mesenchymal-Stromal
c_1_14_2761,Epithelial
c_1_14_2762,Lymphoid-Other
c_1_14_2763,Endothelial
c_1_14_2764,Myeloid
c_1_14_2765,Stem
c_1_14_2766,Lymphoid-Other
c_1_14_2767,Endothelial
c_1_14_2768,Lymphoid-T
c_1_14_2769,Epithelial
c_1_14_2770,Lymphoid-T
c_1_14_2771,Epithelial
c_1_14_2772,Mesenchymal-Stromal
c_1_14_2773,Endothelial
c_1_14_2774,Lymphoid-T
c_1_14_2775,Lymphoid-T
c_1_14_2776,Lymphoid-T
c_1_14_2777,Endothelial
c_1_14_2778,Lymphoid-DC
c_1_14_2779,Endothelial
c_1_14_2780,Lymphoid-T
c_1_14_2781,Lymphoid-T
c_1_14_2782,Endothelial
c_1_14_2783,Epithelial
c_1_14_2784,Lymphoid-DC
c_1_14_2785,Lymphoid-Other
c_1_14_2786,Mesenchymal-Stromal
c_1_14_2787,Endothelial
c_1_14_2788,Endothelial
c_1_14_2789,Lymphoid-T
c_1_14_2790,Lymphoid-DC
c_1_14_2791,Stem
c_1_14_2792,Lymphoid-T
c_1_14_2793,Lymphoid-DC
c_1_14_2794,Lymphoid-DC
c_1_14_2795,Lymphoid-T
c_1_14_2796,Endothelial
c_1_14_2797,Lymphoid-T
c_1_14_2798,Lymphoid-Plasma
c_1_14_2799,Endothelial
c_1_14_2800,Lymphoid-T
c_1_14_2801,Lymphoid-Other
c_1_14_2802,Lymphoid-Other
c_1_14_2803,Epithelial
c_1_14_2804,Endothelial
c_1_14_2805,Epithelial
c_1_14_2806,Endothelial
c_1_14_2807,Stem
c_1_14_2808,Lymphoid-T
c_1_14_2809,Lymphoid-DC
c_1_14_2810,Stem
c_1_14_2811,Epithelial
c_1_14_2812,Lymphoid-Other
c_1_14_2813,Mesenchymal-Stromal
c_1_14_2814,Lymphoid-T
c_1_14_2815,Lymphoid-Other
c_1_14_2816,Lymphoid-DC
c_1_14_2817,Lymphoid-T
c_1_14_2818,Myeloid
c_1_14_2819,Endothelial
c_1_14_2820,Mesenchymal-Stromal
c_1_14_2821,Lymphoid-T
c_1_14_2822,Epithelial
c_1_14_2823,Lymphoid-Other
c_1_14_2824,Lymphoid-T
c_1_14_2825,Endothelial
c_1_14_2826,Endothelial
c_1_14_2827,Lymphoid-T
c_1_14_2828,Endothelial
c_1_14_2829,Endothelial
c_1_14_2830,Lymphoid-Other
c_1_14_2831,Lymphoid-T
c_1_14_2832,Lymphoid-T
c_1_14_2833,Neuronal-Glial
c_1_14_2834,Lymphoid-T
c_1_14_2835,Epithelial
c_1_14_2836,Epithelial
c_1_14_2837,Lymphoid-Other
c_1_14_2838,Lymphoid-Other
c_1_14_2839,Lymphoid-DC
c_1_14_2840,Endothelial
c_1_14_2841,Lymphoid-T
c_1_14_2842,Neuronal-Glial
c_1_14_2843,Lymphoid-DC
c_1_15_1,Lymphoid-DC
c_1_15_2,Epithelial
c_1_15_3,Epithelial
c_1_15_4,Epithelial
c_1_15_5,Epithelial
c_1_15_6,Epithelial
c_1_15_7,Epithelial
c_1_15_8,Epithelial
c_1_15_9,Lymphoid-DC
c_1_15_10,Epithelial
c_1_15_11,Epithelial
c_1_15_12,Lymphoid-DC
c_1_15_13,Epithelial
c_1_15_14,Epithelial
c_1_15_15,Epithelial
c_1_15_16,Lymphoid-T
c_1_15_17,Epithelial
c_1_15_18,Epithelial
c_1_15_19,Epithelial
c_1_15_20,Epithelial
c_1_15_21,Epithelial
c_1_15_22,Epithelial
c_1_15_23,Epithelial
c_1_15_24,None
c_1_15_25,Epithelial
c_1_15_26,Epithelial
c_1_15_27,Epithelial
c_1_15_28,Lymphoid-DC
c_1_15_29,Epithelial
c_1_15_30,Lymphoid-DC
c_1_15_31,Epithelial
c_1_15_32,Epithelial
c_1_15_33,Epithelial
c_1_15_34,Epithelial
c_1_15_35,Epithelial
c_1_15_36,None
c_1_15_37,Epithelial
c_1_15_38,Epithelial
c_1_15_39,Lymphoid-DC
c_1_15_40,Epithelial
c_1_15_41,Epithelial
c_1_15_42,Lymphoid-DC
c_1_15_43,Lymphoid-T
c_1_15_44,Epithelial
c_1_15_45,Epithelial
c_1_15_46,Epithelial
c_1_15_47,Epithelial
c_1_15_48,Myeloid
c_1_15_49,Epithelial
c_1_15_50,Lymphoid-DC
c_1_15_51,Epithelial
c_1_15_52,Lymphoid-DC
c_1_15_53,Epithelial
c_1_15_54,Epithelial
c_1_15_55,Epithelial
c_1_15_56,Epithelial
c_1_15_57,Lymphoid-DC
c_1_15_58,Epithelial
c_1_15_59,Epithelial
c_1_15_60,Epithelial
c_1_15_61,Epithelial
c_1_15_62,Epithelial
c_1_15_63,Lymphoid-DC
c_1_15_64,None
c_1_15_65,Lymphoid-DC
c_1_15_66,Epithelial
c_1_15_67,Epithelial
c_1_15_68,Epithelial
c_1_15_69,Lymphoid-DC
c_1_15_70,Epithelial
c_1_15_71,Epithelial
c_1_15_72,Epithelial
c_1_15_73,Epithelial
c_1_15_74,Epithelial
c_1_15_75,Epithelial
c_1_15_76,Epithelial
c_1_15_77,Epithelial
c_1_15_78,Epithelial
c_1_15_79,Epithelial
c_1_15_80,Epithelial
c_1_15_81,Lymphoid-DC
c_1_15_82,Lymphoid-DC
c_1_15_83,Epithelial
c_1_15_84,Epithelial
c_1_15_85,Epithelial
c_1_15_86,Epithelial
c_1_15_87,Epithelial
c_1_15_88,Epithelial
c_1_15_89,None
c_1_15_90,Lymphoid-DC
c_1_15_91,Lymphoid-DC
c_1_15_92,Epithelial
c_1_15_93,None
c_1_15_94,Epithelial
c_1_15_95,Epithelial
c_1_15_96,Epithelial
c_1_15_97,None
c_1_15_98,None
c_1_15_99,Myeloid
c_1_15_100,Epithelial
c_1_15_101,Myeloid
c_1_15_102,Epithelial
c_1_15_103,Myeloid
c_1_15_104,Epithelial
c_1_15_105,Epithelial
c_1_15_106,Epithelial
c_1_15_107,Epithelial
c_1_15_108,Epithelial
c_1_15_109,Epithelial
c_1_15_110,Epithelial
c_1_15_111,None
c_1_15_112,Lymphoid-DC
c_1_15_113,Epithelial
c_1_15_114,Epithelial
c_1_15_115,Epithelial
c_1_15_116,Epithelial
c_1_15_117,Lymphoid-DC
c_1_15_118,Lymphoid-DC
c_1_15_119,Epithelial
c_1_15_120,Lymphoid-DC
c_1_15_121,Epithelial
c_1_15_122,Epithelial
c_1_15_123,Epithelial
c_1_15_124,Epithelial
c_1_15_125,Epithelial
c_1_15_126,Epithelial
c_1_15_127,None
c_1_15_128,Epithelial
c_1_15_129,Epithelial
c_1_15_130,Epithelial
c_1_15_131,Lymphoid-T
c_1_15_132,Epithelial
c_1_15_133,Epithelial
c_1_15_134,Epithelial
c_1_15_135,Lymphoid-DC
c_1_15_136,Epithelial
c_1_15_137,Lymphoid-DC
c_1_15_138,Epithelial
c_1_15_139,Lymphoid-DC
c_1_15_140,Epithelial
c_1_15_141,Lymphoid-DC
c_1_15_142,Lymphoid-DC
c_1_15_143,Epithelial
c_1_15_144,Lymphoid-DC
c_1_15_145,Epithelial
c_1_15_146,None
c_1_15_147,Myeloid
c_1_15_148,Lymphoid-DC
c_1_15_149,Epithelial
c_1_15_150,Lymphoid-DC
c_1_15_151,Epithelial
c_1_15_152,Epithelial
c_1_15_153,Epithelial
c_1_15_154,Epithelial
c_1_15_155,Myeloid
c_1_15_156,Lymphoid-DC
c_1_15_157,Epithelial
c_1_15_158,Lymphoid-DC
c_1_15_159,Epithelial
c_1_15_160,Lymphoid-DC
c_1_15_161,Epithelial
c_1_15_162,Epithelial
c_1_15_163,None
c_1_15_164,Epithelial
c_1_15_165,Lymphoid-DC
c_1_15_166,Epithelial
c_1_15_167,Epithelial
c_1_15_168,Epithelial
c_1_15_169,Epithelial
c_1_15_170,Epithelial
c_1_15_171,Lymphoid-T
c_1_15_172,Epithelial
c_1_15_173,Epithelial
c_1_15_174,Epithelial
c_1_15_175,Lymphoid-T
c_1_15_176,Epithelial
c_1_15_177,Epithelial
c_1_15_178,Epithelial
c_1_15_179,Lymphoid-T
c_1_15_180,Epithelial
c_1_15_181,Epithelial
c_1_15_182,Epithelial
c_1_15_183,Lymphoid-Other
c_1_15_184,Epithelial
c_1_15_185,Stem
c_1_15_186,Epithelial
c_1_15_187,Epithelial
c_1_15_188,Epithelial
c_1_15_189,Lymphoid-T
c_1_15_190,Epithelial
c_1_15_191,Lymphoid-T
c_1_15_192,Lymphoid-T
c_1_15_193,Lymphoid-T
c_1_15_194,Epithelial
c_1_15_195,Epithelial
c_1_15_196,Epithelial
c_1_15_197,Epithelial
c_1_15_198,Stem
c_1_15_199,Epithelial
c_1_15_200,Epithelial
c_1_15_201,Lymphoid-T
c_1_15_202,Epithelial
c_1_15_203,Epithelial
c_1_15_204,Epithelial
c_1_15_205,Epithelial
c_1_15_206,Epithelial
c_1_15_207,Epithelial
c_1_15_208,Epithelial
c_1_15_209,Lymphoid-T
c_1_15_210,Epithelial
c_1_15_211,Epithelial
c_1_15_212,Epithelial
c_1_15_213,Epithelial
c_1_15_214,Epithelial
c_1_15_215,Epithelial
c_1_15_216,Epithelial
c_1_15_217,Epithelial
c_1_15_218,Epithelial
c_1_15_219,Epithelial
c_1_15_220,Epithelial
c_1_15_221,Epithelial
c_1_15_222,None
c_1_15_223,Lymphoid-DC
c_1_15_224,Lymphoid-DC
c_1_15_225,Epithelial
c_1_15_226,Epithelial
c_1_15_227,Lymphoid-DC
c_1_15_228,Epithelial
c_1_15_229,Epithelial
c_1_15_230,Epithelial
c_1_15_231,Lymphoid-DC
c_1_15_232,Lymphoid-DC
c_1_15_233,Lymphoid-DC
c_1_15_234,Epithelial
c_1_15_235,Lymphoid-DC
c_1_15_236,Lymphoid-T
c_1_15_237,Lymphoid-DC
c_1_15_238,Epithelial
c_1_15_239,Epithelial
c_1_15_240,Lymphoid-Other
c_1_15_241,Epithelial
c_1_15_242,None
c_1_15_243,Lymphoid-DC
c_1_15_244,Lymphoid-DC
c_1_15_245,Myeloid
c_1_15_246,Epithelial
c_1_15_247,Lymphoid-DC
c_1_15_248,Lymphoid-DC
c_1_15_249,Epithelial
c_1_15_250,Epithelial
c_1_15_251,Epithelial
c_1_15_252,Lymphoid-DC
c_1_15_253,Lymphoid-DC
c_1_15_254,Epithelial
c_1_15_255,Epithelial
c_1_15_256,Lymphoid-DC
c_1_15_257,Lymphoid-DC
c_1_15_258,Epithelial
c_1_15_259,Lymphoid-DC
c_1_15_260,Epithelial
c_1_15_261,Epithelial
c_1_15_262,Myeloid
c_1_15_263,Epithelial
c_1_15_264,Lymphoid-DC
c_1_15_265,Lymphoid-DC
c_1_15_266,Epithelial
c_1_15_267,Epithelial
c_1_15_268,Endothelial
c_1_15_269,Epithelial
c_1_15_270,Lymphoid-DC
c_1_15_271,Lymphoid-DC
c_1_15_272,Epithelial
c_1_15_273,Lymphoid-DC
c_1_15_274,Lymphoid-DC
c_1_15_275,Myeloid
c_1_15_276,Lymphoid-Other
c_1_15_277,Lymphoid-DC
c_1_15_278,Lymphoid-DC
c_1_15_279,Epithelial
c_1_15_280,Lymphoid-DC
c_1_15_281,Lymphoid-DC
c_1_15_282,Lymphoid-DC
c_1_15_283,Lymphoid-DC
c_1_15_284,Lymphoid-DC
c_1_15_285,Lymphoid-DC
c_1_15_286,Lymphoid-DC
c_1_15_287,Lymphoid-DC
c_1_15_288,Lymphoid-DC
c_1_15_289,Lymphoid-DC
c_1_15_290,Lymphoid-DC
c_1_15_291,Lymphoid-DC
c_1_15_292,Lymphoid-DC
c_1_15_293,Lymphoid-DC
c_1_15_294,Lymphoid-DC
c_1_15_295,Lymphoid-DC
c_1_15_296,Myeloid
c_1_15_297,Lymphoid-DC
c_1_15_298,Epithelial
c_1_15_299,Myeloid
c_1_15_300,Epithelial
c_1_15_301,Myeloid
c_1_15_302,Lymphoid-DC
c_1_15_303,Epithelial
c_1_15_304,Epithelial
c_1_15_305,Myeloid
c_1_15_306,Lymphoid-DC
c_1_15_307,Epithelial
c_1_15_308,Lymphoid-DC
c_1_15_309,Lymphoid-DC
c_1_15_310,Lymphoid-DC
c_1_15_311,Lymphoid-DC
c_1_15_312,Lymphoid-DC
c_1_15_313,Lymphoid-DC
c_1_15_314,Myeloid
c_1_15_315,Lymphoid-DC
c_1_15_316,Lymphoid-DC
c_1_15_317,Lymphoid-DC
c_1_15_318,Lymphoid-DC
c_1_15_319,Lymphoid-DC
c_1_15_320,Lymphoid-DC
c_1_15_321,Lymphoid-DC
c_1_15_322,Epithelial
c_1_15_323,Lymphoid-DC
c_1_15_324,Lymphoid-DC
c_1_15_325,Lymphoid-DC
c_1_15_326,Lymphoid-DC
c_1_15_327,Epithelial
c_1_15_328,Lymphoid-DC
c_1_15_329,Myeloid
c_1_15_330,Lymphoid-DC
c_1_15_331,Lymphoid-DC
c_1_15_332,Epithelial
c_1_15_333,Lymphoid-DC
c_1_15_334,Lymphoid-DC
c_1_15_335,Lymphoid-DC
c_1_15_336,Lymphoid-DC
c_1_15_337,Lymphoid-DC
c_1_15_338,Lymphoid-DC
c_1_15_339,Lymphoid-DC
c_1_15_340,Endothelial
c_1_15_341,Lymphoid-DC
c_1_15_342,Lymphoid-DC
c_1_15_343,Lymphoid-DC
c_1_15_344,Lymphoid-DC
c_1_15_345,Lymphoid-Other
c_1_15_346,Lymphoid-DC
c_1_15_347,Myeloid
c_1_15_348,Lymphoid-DC
c_1_15_349,Lymphoid-DC
c_1_15_350,Lymphoid-DC
c_1_15_351,Myeloid
c_1_15_352,Lymphoid-DC
c_1_15_353,Lymphoid-DC
c_1_15_354,Myeloid
c_1_15_355,Lymphoid-DC
c_1_15_356,Lymphoid-DC
c_1_15_357,Lymphoid-DC
c_1_15_358,Lymphoid-DC
c_1_15_359,Myeloid
c_1_15_360,Lymphoid-DC
c_1_15_361,Epithelial
c_1_15_362,Lymphoid-DC
c_1_15_363,Myeloid
c_1_15_364,None
c_1_15_365,Lymphoid-DC
c_1_15_366,Endothelial
c_1_15_367,Lymphoid-DC
c_1_15_368,Lymphoid-DC
c_1_15_369,Lymphoid-DC
c_1_15_370,Lymphoid-DC
c_1_15_371,Lymphoid-DC
c_1_15_372,Myeloid
c_1_15_373,Myeloid
c_1_15_374,Myeloid
c_1_15_375,Lymphoid-DC
c_1_15_376,Lymphoid-DC
c_1_15_377,Lymphoid-DC
c_1_15_378,Lymphoid-DC
c_1_15_379,Lymphoid-DC
c_1_15_380,Lymphoid-DC
c_1_15_381,Lymphoid-DC
c_1_15_382,Lymphoid-DC
c_1_15_383,Lymphoid-T
c_1_15_384,Myeloid
c_1_15_385,Lymphoid-DC
c_1_15_386,Lymphoid-DC
c_1_15_387,Lymphoid-Other
c_1_15_388,Lymphoid-DC
c_1_15_389,Lymphoid-DC
c_1_15_390,Myeloid
c_1_15_391,Lymphoid-DC
c_1_15_392,Myeloid
c_1_15_393,Lymphoid-DC
c_1_15_394,Myeloid
c_1_15_395,Endothelial
c_1_15_396,Epithelial
c_1_15_397,Myeloid
c_1_15_398,Lymphoid-DC
c_1_15_399,Lymphoid-DC
c_1_15_400,Myeloid
c_1_15_401,Lymphoid-DC
c_1_15_402,Lymphoid-Other
c_1_15_403,Epithelial
c_1_15_404,Lymphoid-DC
c_1_15_405,Lymphoid-T
c_1_15_406,Lymphoid-DC
c_1_15_407,Lymphoid-Plasma
c_1_15_408,Lymphoid-DC
c_1_15_409,Lymphoid-DC
c_1_15_410,Lymphoid-DC
c_1_15_411,Epithelial
c_1_15_412,Lymphoid-DC
c_1_15_413,Endothelial
c_1_15_414,Myeloid
c_1_15_415,Lymphoid-DC
c_1_15_416,Lymphoid-DC
c_1_15_417,Endothelial
c_1_15_418,Lymphoid-DC
c_1_15_419,Lymphoid-DC
c_1_15_420,Lymphoid-DC
c_1_15_421,Lymphoid-DC
c_1_15_422,Lymphoid-DC
c_1_15_423,Lymphoid-DC
c_1_15_424,Lymphoid-DC
c_1_15_425,Epithelial
c_1_15_426,Lymphoid-DC
c_1_15_427,Lymphoid-DC
c_1_15_428,Lymphoid-DC
c_1_15_429,Myeloid
c_1_15_430,Myeloid
c_1_15_431,Lymphoid-DC
c_1_15_432,Lymphoid-DC
c_1_15_433,Myeloid
c_1_15_434,Lymphoid-DC
c_1_15_435,Lymphoid-Plasma
c_1_15_436,Lymphoid-DC
c_1_15_437,Epithelial
c_1_15_438,Lymphoid-DC
c_1_15_439,Lymphoid-DC
c_1_15_440,Myeloid
c_1_15_441,Epithelial
c_1_15_442,Lymphoid-DC
c_1_15_443,Myeloid
c_1_15_444,Lymphoid-DC
c_1_15_445,Lymphoid-DC
c_1_15_446,Lymphoid-Plasma
c_1_15_447,Lymphoid-Other
c_1_15_448,Myeloid
c_1_15_449,Lymphoid-T
c_1_15_450,Lymphoid-DC
c_1_15_451,Lymphoid-DC
c_1_15_452,Myeloid
c_1_15_453,Lymphoid-DC
c_1_15_454,Lymphoid-DC
c_1_15_455,Epithelial
c_1_15_456,Endothelial
c_1_15_457,Lymphoid-Other
c_1_15_458,Myeloid
c_1_15_459,Epithelial
c_1_15_460,Lymphoid-DC
c_1_15_461,Endothelial
c_1_15_462,Lymphoid-DC
c_1_15_463,Lymphoid-Plasma
c_1_15_464,Lymphoid-DC
c_1_15_465,Lymphoid-Other
c_1_15_466,Myeloid
c_1_15_467,Endothelial
c_1_15_468,Lymphoid-DC
c_1_15_469,Epithelial
c_1_15_470,Epithelial
c_1_15_471,Lymphoid-DC
c_1_15_472,Lymphoid-DC
c_1_15_473,Lymphoid-DC
c_1_15_474,Lymphoid-Plasma
c_1_15_475,Epithelial
c_1_15_476,Lymphoid-DC
c_1_15_477,Myeloid
c_1_15_478,Epithelial
c_1_15_479,Lymphoid-T
c_1_15_480,Lymphoid-DC
c_1_15_481,Myeloid
c_1_15_482,Myeloid
c_1_15_483,Epithelial
c_1_15_484,None
c_1_15_485,Lymphoid-DC
c_1_15_486,Lymphoid-DC
c_1_15_487,Lymphoid-DC
c_1_15_488,Lymphoid-Plasma
c_1_15_489,Epithelial
c_1_15_490,Lymphoid-Plasma
c_1_15_491,Lymphoid-DC
c_1_15_492,Epithelial
c_1_15_493,Epithelial
c_1_15_494,Epithelial
c_1_15_495,Lymphoid-DC
c_1_15_496,Epithelial
c_1_15_497,Lymphoid-DC
c_1_15_498,Stem
c_1_15_499,Epithelial
c_1_15_500,Lymphoid-Plasma
c_1_15_501,Endothelial
c_1_15_502,Epithelial
c_1_15_503,Lymphoid-T
c_1_15_504,Lymphoid-T
c_1_15_505,Lymphoid-DC
c_1_15_506,Lymphoid-Plasma
c_1_15_507,Lymphoid-DC
c_1_15_508,Myeloid
c_1_15_509,Stem
c_1_15_510,Myeloid
c_1_15_511,Lymphoid-T
c_1_15_512,Epithelial
c_1_15_513,Endothelial
c_1_15_514,Epithelial
c_1_15_515,Epithelial
c_1_15_516,Lymphoid-DC
c_1_15_517,Lymphoid-T
c_1_15_518,Myeloid
c_1_15_519,Lymphoid-Other
c_1_15_520,Lymphoid-DC
c_1_15_521,Lymphoid-DC
c_1_15_522,Lymphoid-DC
c_1_15_523,Lymphoid-DC
c_1_15_524,Epithelial
c_1_15_525,Lymphoid-T
c_1_15_526,Lymphoid-DC
c_1_15_527,Lymphoid-T
c_1_15_528,Epithelial
c_1_15_529,Lymphoid-T
c_1_15_530,Lymphoid-DC
c_1_15_531,Lymphoid-T
c_1_15_532,Epithelial
c_1_15_533,Lymphoid-DC
c_1_15_534,Lymphoid-Plasma
c_1_15_535,Lymphoid-Other
c_1_15_536,Lymphoid-Plasma
c_1_15_537,Lymphoid-Plasma
c_1_15_538,Neuronal-Glial
c_1_15_539,Lymphoid-DC
c_1_15_540,Lymphoid-Other
c_1_15_541,Lymphoid-DC
c_1_15_542,Lymphoid-T
c_1_15_543,Lymphoid-DC
c_1_15_544,Lymphoid-Plasma
c_1_15_545,Endothelial
c_1_15_546,Lymphoid-T
c_1_15_547,Lymphoid-DC
c_1_15_548,Epithelial
c_1_15_549,Lymphoid-DC
c_1_15_550,Lymphoid-DC
c_1_15_551,Stem
c_1_15_552,Stem
c_1_15_553,Lymphoid-DC
c_1_15_554,Lymphoid-DC
c_1_15_555,Epithelial
c_1_15_556,Lymphoid-Plasma
c_1_15_557,Lymphoid-Plasma
c_1_15_558,Lymphoid-DC
c_1_15_559,Lymphoid-Other
c_1_15_560,Myeloid
c_1_15_561,Epithelial
c_1_15_562,Lymphoid-Plasma
c_1_15_563,Endothelial
c_1_15_564,Lymphoid-DC
c_1_15_565,Lymphoid-DC
c_1_15_566,Lymphoid-DC
c_1_15_567,Lymphoid-T
c_1_15_568,Lymphoid-DC
c_1_15_569,Lymphoid-T
c_1_15_570,Myeloid
c_1_15_571,Lymphoid-DC
c_1_15_572,Lymphoid-Plasma
c_1_15_573,Lymphoid-DC
c_1_15_574,Lymphoid-T
c_1_15_575,Lymphoid-T
c_1_15_576,Stem
c_1_15_577,Lymphoid-Other
c_1_15_578,Lymphoid-T
c_1_15_579,Lymphoid-Other
c_1_15_580,Lymphoid-T
c_1_15_581,Lymphoid-DC
c_1_15_582,Endothelial
c_1_15_583,Lymphoid-DC
c_1_15_584,Epithelial
c_1_15_585,Lymphoid-DC
c_1_15_586,Epithelial
c_1_15_587,Epithelial
c_1_15_588,None
c_1_15_589,Myeloid
c_1_15_590,Endothelial
c_1_15_591,Neuronal-Glial
c_1_15_592,Epithelial
c_1_15_593,Lymphoid-T
c_1_15_594,Lymphoid-T
c_1_15_595,Lymphoid-T
c_1_15_596,Lymphoid-T
c_1_15_597,Lymphoid-DC
c_1_15_598,Lymphoid-Other
c_1_15_599,Lymphoid-DC
c_1_15_600,Epithelial
c_1_15_601,Stem
c_1_15_602,Lymphoid-DC
c_1_15_603,Lymphoid-Other
c_1_15_604,Lymphoid-T
c_1_15_605,Epithelial
c_1_15_606,Stem
c_1_15_607,Stem
c_1_15_608,Lymphoid-Plasma
c_1_15_609,Myeloid
c_1_15_610,Myeloid
c_1_15_611,Lymphoid-DC
c_1_15_612,Neuronal-Glial
c_1_15_613,None
c_1_15_614,Lymphoid-T
c_1_15_615,Lymphoid-DC
c_1_15_616,Stem
c_1_15_617,Lymphoid-T
c_1_15_618,Epithelial
c_1_15_619,Lymphoid-T
c_1_15_620,Lymphoid-Plasma
c_1_15_621,Lymphoid-DC
c_1_15_622,Lymphoid-Plasma
c_1_15_623,Lymphoid-DC
c_1_15_624,Lymphoid-DC
c_1_15_625,Epithelial
c_1_15_626,Lymphoid-T
c_1_15_627,Lymphoid-T
c_1_15_628,Lymphoid-DC
c_1_15_629,Lymphoid-Plasma
c_1_15_630,Epithelial
c_1_15_631,Lymphoid-T
c_1_15_632,Lymphoid-DC
c_1_15_633,Epithelial
c_1_15_634,Lymphoid-T
c_1_15_635,Lymphoid-DC
c_1_15_636,Lymphoid-DC
c_1_15_637,Lymphoid-Other
c_1_15_638,Epithelial
c_1_15_639,Epithelial
c_1_15_640,Epithelial
c_1_15_641,Epithelial
c_1_15_642,Epithelial
c_1_15_643,Epithelial
c_1_15_644,Epithelial
c_1_15_645,Epithelial
c_1_15_646,None
c_1_15_647,Lymphoid-DC
c_1_15_648,Epithelial
c_1_15_649,None
c_1_15_650,Lymphoid-DC
c_1_15_651,Epithelial
c_1_15_652,Epithelial
c_1_15_653,Lymphoid-DC
c_1_15_654,Lymphoid-DC
c_1_15_655,Epithelial
c_1_15_656,Epithelial
c_1_15_657,Endothelial
c_1_15_658,Epithelial
c_1_15_659,Myeloid
c_1_15_660,Lymphoid-DC
c_1_15_661,Lymphoid-DC
c_1_15_662,Lymphoid-DC
c_1_15_663,Epithelial
c_1_15_664,None
c_1_15_665,Epithelial
c_1_15_666,Endothelial
c_1_15_667,Epithelial
c_1_15_668,Endothelial
c_1_15_669,Epithelial
c_1_15_670,Epithelial
c_1_15_671,Lymphoid-DC
c_1_15_672,Epithelial
c_1_15_673,Epithelial
c_1_15_674,Epithelial
c_1_15_675,None
c_1_15_676,Epithelial
c_1_15_677,Epithelial
c_1_15_678,Epithelial
c_1_15_679,Lymphoid-DC
c_1_15_680,Epithelial
c_1_15_681,Myeloid
c_1_15_682,Epithelial
c_1_15_683,Epithelial
c_1_15_684,Epithelial
c_1_15_685,Epithelial
c_1_15_686,Epithelial
c_1_15_687,Epithelial
c_1_15_688,Lymphoid-DC
c_1_15_689,Epithelial
c_1_15_690,Epithelial
c_1_15_691,Lymphoid-T
c_1_15_692,Epithelial
c_1_15_693,Epithelial
c_1_15_694,Epithelial
c_1_15_695,Epithelial
c_1_15_696,Epithelial
c_1_15_697,Epithelial
c_1_15_698,Lymphoid-DC
c_1_15_699,Epithelial
c_1_15_700,Epithelial
c_1_15_701,Epithelial
c_1_15_702,Epithelial
c_1_15_703,Epithelial
c_1_15_704,Epithelial
c_1_15_705,Epithelial
c_1_15_706,Epithelial
c_1_15_707,Epithelial
c_1_15_708,Lymphoid-DC
c_1_15_709,Epithelial
c_1_15_710,Myeloid
c_1_15_711,Lymphoid-DC
c_1_15_712,Epithelial
c_1_15_713,Epithelial
c_1_15_714,Epithelial
c_1_15_715,Epithelial
c_1_15_716,Epithelial
c_1_15_717,Lymphoid-DC
c_1_15_718,Lymphoid-DC
c_1_15_719,Lymphoid-DC
c_1_15_720,Epithelial
c_1_15_721,Lymphoid-DC
c_1_15_722,Epithelial
c_1_15_723,Lymphoid-DC
c_1_15_724,Epithelial
c_1_15_725,Epithelial
c_1_15_726,Lymphoid-DC
c_1_15_727,Lymphoid-DC
c_1_15_728,Epithelial
c_1_15_729,None
c_1_15_730,Lymphoid-DC
c_1_15_731,Epithelial
c_1_15_732,Lymphoid-DC
c_1_15_733,None
c_1_15_734,Lymphoid-DC
c_1_15_735,Lymphoid-DC
c_1_15_736,Epithelial
c_1_15_737,Lymphoid-DC
c_1_15_738,Epithelial
c_1_15_739,Epithelial
c_1_15_740,Myeloid
c_1_15_741,Lymphoid-DC
c_1_15_742,Lymphoid-DC
c_1_15_743,Epithelial
c_1_15_744,Lymphoid-DC
c_1_15_745,Lymphoid-DC
c_1_15_746,Lymphoid-DC
c_1_15_747,Epithelial
c_1_15_748,Myeloid
c_1_15_749,Lymphoid-DC
c_1_15_750,Lymphoid-DC
c_1_15_751,Epithelial
c_1_15_752,Lymphoid-DC
c_1_15_753,Myeloid
c_1_15_754,Epithelial
c_1_15_755,Lymphoid-T
c_1_15_756,Epithelial
c_1_15_757,Myeloid
c_1_15_758,Epithelial
c_1_15_759,Myeloid
c_1_15_760,Lymphoid-DC
c_1_15_761,Lymphoid-DC
c_1_15_762,Lymphoid-T
c_1_15_763,Epithelial
c_1_15_764,Myeloid
c_1_15_765,None
c_1_15_766,Epithelial
c_1_15_767,Epithelial
c_1_15_768,Epithelial
c_1_15_769,Lymphoid-DC
c_1_15_770,Lymphoid-T
c_1_15_771,Lymphoid-DC
c_1_15_772,Epithelial
c_1_15_773,Epithelial
c_1_15_774,Epithelial
c_1_15_775,Epithelial
c_1_15_776,Epithelial
c_1_15_777,Epithelial
c_1_15_778,Epithelial
c_1_15_779,Lymphoid-Other
c_1_15_780,Epithelial
c_1_15_781,Lymphoid-DC
c_1_15_782,Lymphoid-DC
c_1_15_783,Epithelial
c_1_15_784,Epithelial
c_1_15_785,Epithelial
c_1_15_786,Epithelial
c_1_15_787,Epithelial
c_1_15_788,Lymphoid-DC
c_1_15_789,Lymphoid-DC
c_1_15_790,Lymphoid-DC
c_1_15_791,Epithelial
c_1_15_792,Epithelial
c_1_15_793,None
c_1_15_794,Epithelial
c_1_15_795,Lymphoid-DC
c_1_15_796,Epithelial
c_1_15_797,Epithelial
c_1_15_798,Epithelial
c_1_15_799,Lymphoid-DC
c_1_15_800,Stem
c_1_15_801,Epithelial
c_1_15_802,Epithelial
c_1_15_803,Epithelial
c_1_15_804,Lymphoid-Plasma
c_1_15_805,Epithelial
c_1_15_806,Epithelial
c_1_15_807,Epithelial
c_1_15_808,Epithelial
c_1_15_809,Lymphoid-DC
c_1_15_810,Epithelial
c_1_15_811,Epithelial
c_1_15_812,Epithelial
c_1_15_813,Epithelial
c_1_15_814,Myeloid
c_1_15_815,Epithelial
c_1_15_816,Epithelial
c_1_15_817,Epithelial
c_1_15_818,Lymphoid-DC
c_1_15_819,Epithelial
c_1_15_820,Epithelial
c_1_15_821,Epithelial
c_1_15_822,Epithelial
c_1_15_823,Lymphoid-DC
c_1_15_824,Epithelial
c_1_15_825,Epithelial
c_1_15_826,Epithelial
c_1_15_827,Epithelial
c_1_15_828,Epithelial
c_1_15_829,None
c_1_15_830,Epithelial
c_1_15_831,Lymphoid-Other
c_1_15_832,Epithelial
c_1_15_833,Epithelial
c_1_15_834,Lymphoid-DC
c_1_15_835,Endothelial
c_1_15_836,Myeloid
c_1_15_837,Epithelial
c_1_15_838,Epithelial
c_1_15_839,Lymphoid-DC
c_1_15_840,Epithelial
c_1_15_841,Epithelial
c_1_15_842,Lymphoid-DC
c_1_15_843,Lymphoid-DC
c_1_15_844,Epithelial
c_1_15_845,Epithelial
c_1_15_846,Epithelial
c_1_15_847,Epithelial
c_1_15_848,Epithelial
c_1_15_849,Epithelial
c_1_15_850,Epithelial
c_1_15_851,Epithelial
c_1_15_852,None
c_1_15_853,Epithelial
c_1_15_854,Epithelial
c_1_15_855,Epithelial
c_1_15_856,Epithelial
c_1_15_857,Epithelial
c_1_15_858,Lymphoid-T
c_1_15_859,Epithelial
c_1_15_860,Epithelial
c_1_15_861,Lymphoid-T
c_1_15_862,Epithelial
c_1_15_863,Epithelial
c_1_15_864,Epithelial
c_1_15_865,Epithelial
c_1_15_866,Epithelial
c_1_15_867,Epithelial
c_1_15_868,Epithelial
c_1_15_869,Epithelial
c_1_15_870,Epithelial
c_1_15_871,Epithelial
c_1_15_872,Epithelial
c_1_15_873,Epithelial
c_1_15_874,Lymphoid-T
c_1_15_875,Stem
c_1_15_876,Epithelial
c_1_15_877,Lymphoid-T
c_1_15_878,Epithelial
c_1_15_879,Epithelial
c_1_15_880,Stem
c_1_15_881,Epithelial
c_1_15_882,Epithelial
c_1_15_883,Epithelial
c_1_15_884,Lymphoid-T
c_1_15_885,Epithelial
c_1_15_886,Lymphoid-T
c_1_15_887,Epithelial
c_1_15_888,Epithelial
c_1_15_889,Epithelial
c_1_15_890,Epithelial
c_1_15_891,Epithelial
c_1_15_892,Epithelial
c_1_15_893,Epithelial
c_1_15_894,Lymphoid-T
c_1_15_895,Epithelial
c_1_15_896,Epithelial
c_1_15_897,Epithelial
c_1_15_898,Epithelial
c_1_15_899,Stem
c_1_15_900,Epithelial
c_1_15_901,Epithelial
c_1_15_902,Lymphoid-T
c_1_15_903,Epithelial
c_1_15_904,Lymphoid-Other
c_1_15_905,Epithelial
c_1_15_906,Epithelial
c_1_15_907,Epithelial
c_1_15_908,Epithelial
c_1_15_909,Epithelial
c_1_15_910,Epithelial
c_1_15_911,Epithelial
c_1_15_912,Epithelial
c_1_15_913,Epithelial
c_1_15_914,Epithelial
c_1_15_915,Epithelial
c_1_15_916,Epithelial
c_1_15_917,Epithelial
c_1_15_918,Epithelial
c_1_15_919,Stem
c_1_15_920,Lymphoid-T
c_1_15_921,Lymphoid-Other
c_1_15_922,Epithelial
c_1_15_923,Lymphoid-T
c_1_15_924,Epithelial
c_1_15_925,Epithelial
c_1_15_926,Epithelial
c_1_15_927,Epithelial
c_1_15_928,Lymphoid-T
c_1_15_929,Epithelial
c_1_15_930,Lymphoid-Plasma
c_1_15_931,Epithelial
c_1_15_932,Epithelial
c_1_15_933,Epithelial
c_1_15_934,Epithelial
c_1_15_935,Lymphoid-Other
c_1_15_936,Epithelial
c_1_15_937,Myeloid
c_1_15_938,Epithelial
c_1_15_939,Epithelial
c_1_15_940,Epithelial
c_1_15_941,Epithelial
c_1_15_942,Lymphoid-DC
c_1_15_943,Lymphoid-DC
c_1_15_944,Lymphoid-DC
c_1_15_945,Epithelial
c_1_15_946,Epithelial
c_1_15_947,Lymphoid-T
c_1_15_948,Lymphoid-DC
c_1_15_949,Epithelial
c_1_15_950,Epithelial
c_1_15_951,Epithelial
c_1_15_952,Epithelial
c_1_15_953,Epithelial
c_1_15_954,Epithelial
c_1_15_955,Epithelial
c_1_15_956,Epithelial
c_1_15_957,None
c_1_15_958,Epithelial
c_1_15_959,Lymphoid-T
c_1_15_960,Epithelial
c_1_15_961,Epithelial
c_1_15_962,Epithelial
c_1_15_963,Lymphoid-Other
c_1_15_964,Lymphoid-DC
c_1_15_965,Neuronal-Glial
c_1_15_966,Epithelial
c_1_15_967,Lymphoid-DC
c_1_15_968,Epithelial
c_1_15_969,Lymphoid-T
c_1_15_970,None
c_1_15_971,Epithelial
c_1_15_972,Epithelial
c_1_15_973,Myeloid
c_1_15_974,Lymphoid-DC
c_1_15_975,Epithelial
c_1_15_976,Lymphoid-T
c_1_15_977,Epithelial
c_1_15_978,Epithelial
c_1_15_979,Epithelial
c_1_15_980,Lymphoid-DC
c_1_15_981,Epithelial
c_1_15_982,Lymphoid-DC
c_1_15_983,Epithelial
c_1_15_984,Epithelial
c_1_15_985,Epithelial
c_1_15_986,None
c_1_15_987,Epithelial
c_1_15_988,Epithelial
c_1_15_989,Epithelial
c_1_15_990,Lymphoid-DC
c_1_15_991,Epithelial
c_1_15_992,Epithelial
c_1_15_993,Lymphoid-DC
c_1_15_994,Lymphoid-DC
c_1_15_995,Epithelial
c_1_15_996,Lymphoid-T
c_1_15_997,Lymphoid-DC
c_1_15_998,Myeloid
c_1_15_999,Lymphoid-T
c_1_15_1000,Lymphoid-DC
c_1_15_1001,Stem
c_1_15_1002,Epithelial
c_1_15_1003,Lymphoid-DC
c_1_15_1004,None
c_1_15_1005,Epithelial
c_1_15_1006,Epithelial
c_1_15_1007,Epithelial
c_1_15_1008,Lymphoid-DC
c_1_15_1009,Epithelial
c_1_15_1010,Myeloid
c_1_15_1011,Lymphoid-DC
c_1_15_1012,Epithelial
c_1_15_1013,Epithelial
c_1_15_1014,Lymphoid-DC
c_1_15_1015,Lymphoid-DC
c_1_15_1016,Lymphoid-DC
c_1_15_1017,Lymphoid-DC
c_1_15_1018,Lymphoid-DC
c_1_15_1019,Lymphoid-DC
c_1_15_1020,Epithelial
c_1_15_1021,Lymphoid-DC
c_1_15_1022,Lymphoid-T
c_1_15_1023,Lymphoid-DC
c_1_15_1024,Stem
c_1_15_1025,Epithelial
c_1_15_1026,Myeloid
c_1_15_1027,Myeloid
c_1_15_1028,Lymphoid-DC
c_1_15_1029,Lymphoid-DC
c_1_15_1030,None
c_1_15_1031,Epithelial
c_1_15_1032,None
c_1_15_1033,Lymphoid-DC
c_1_15_1034,Lymphoid-DC
c_1_15_1035,Lymphoid-DC
c_1_15_1036,Lymphoid-DC
c_1_15_1037,Lymphoid-DC
c_1_15_1038,Epithelial
c_1_15_1039,Lymphoid-DC
c_1_15_1040,Epithelial
c_1_15_1041,Lymphoid-T
c_1_15_1042,Epithelial
c_1_15_1043,Lymphoid-DC
c_1_15_1044,Lymphoid-DC
c_1_15_1045,Lymphoid-DC
c_1_15_1046,Lymphoid-DC
c_1_15_1047,Myeloid
c_1_15_1048,Lymphoid-DC
c_1_15_1049,Lymphoid-DC
c_1_15_1050,None
c_1_15_1051,Epithelial
c_1_15_1052,Lymphoid-DC
c_1_15_1053,Lymphoid-DC
c_1_15_1054,Lymphoid-DC
c_1_15_1055,Lymphoid-DC
c_1_15_1056,Lymphoid-DC
c_1_15_1057,Epithelial
c_1_15_1058,Epithelial
c_1_15_1059,Lymphoid-DC
c_1_15_1060,Lymphoid-DC
c_1_15_1061,Lymphoid-DC
c_1_15_1062,Lymphoid-DC
c_1_15_1063,Endothelial
c_1_15_1064,Epithelial
c_1_15_1065,Lymphoid-DC
c_1_15_1066,Lymphoid-DC
c_1_15_1067,Lymphoid-DC
c_1_15_1068,Epithelial
c_1_15_1069,Myeloid
c_1_15_1070,Lymphoid-DC
c_1_15_1071,Epithelial
c_1_15_1072,Lymphoid-DC
c_1_15_1073,Epithelial
c_1_15_1074,Lymphoid-DC
c_1_15_1075,Lymphoid-DC
c_1_15_1076,Lymphoid-DC
c_1_15_1077,Lymphoid-DC
c_1_15_1078,Epithelial
c_1_15_1079,Myeloid
c_1_15_1080,Lymphoid-DC
c_1_15_1081,Myeloid
c_1_15_1082,Lymphoid-DC
c_1_15_1083,Epithelial
c_1_15_1084,Lymphoid-DC
c_1_15_1085,Lymphoid-DC
c_1_15_1086,Epithelial
c_1_15_1087,Lymphoid-DC
c_1_15_1088,Lymphoid-DC
c_1_15_1089,Lymphoid-DC
c_1_15_1090,Lymphoid-T
c_1_15_1091,Lymphoid-DC
c_1_15_1092,Epithelial
c_1_15_1093,Lymphoid-DC
c_1_15_1094,Epithelial
c_1_15_1095,Lymphoid-T
c_1_15_1096,Lymphoid-DC
c_1_15_1097,Lymphoid-DC
c_1_15_1098,Lymphoid-DC
c_1_15_1099,Lymphoid-DC
c_1_15_1100,Lymphoid-DC
c_1_15_1101,Lymphoid-T
c_1_15_1102,Lymphoid-DC
c_1_15_1103,Lymphoid-DC
c_1_15_1104,Epithelial
c_1_15_1105,Lymphoid-DC
c_1_15_1106,Lymphoid-T
c_1_15_1107,Myeloid
c_1_15_1108,Lymphoid-DC
c_1_15_1109,Lymphoid-DC
c_1_15_1110,Lymphoid-DC
c_1_15_1111,Myeloid
c_1_15_1112,Lymphoid-DC
c_1_15_1113,Myeloid
c_1_15_1114,Epithelial
c_1_15_1115,Lymphoid-DC
c_1_15_1116,Lymphoid-DC
c_1_15_1117,Myeloid
c_1_15_1118,None
c_1_15_1119,Lymphoid-DC
c_1_15_1120,Lymphoid-DC
c_1_15_1121,Lymphoid-DC
c_1_15_1122,Epithelial
c_1_15_1123,None
c_1_15_1124,Myeloid
c_1_15_1125,Lymphoid-DC
c_1_15_1126,Lymphoid-DC
c_1_15_1127,Lymphoid-DC
c_1_15_1128,Lymphoid-DC
c_1_15_1129,Lymphoid-Other
c_1_15_1130,Lymphoid-DC
c_1_15_1131,Epithelial
c_1_15_1132,Lymphoid-DC
c_1_15_1133,Lymphoid-DC
c_1_15_1134,Epithelial
c_1_15_1135,Epithelial
c_1_15_1136,Lymphoid-DC
c_1_15_1137,Lymphoid-DC
c_1_15_1138,Lymphoid-T
c_1_15_1139,Myeloid
c_1_15_1140,Lymphoid-DC
c_1_15_1141,Lymphoid-DC
c_1_15_1142,Myeloid
c_1_15_1143,Lymphoid-DC
c_1_15_1144,Lymphoid-DC
c_1_15_1145,Lymphoid-DC
c_1_15_1146,Lymphoid-DC
c_1_15_1147,Lymphoid-DC
c_1_15_1148,Lymphoid-DC
c_1_15_1149,Epithelial
c_1_15_1150,Lymphoid-DC
c_1_15_1151,Myeloid
c_1_15_1152,Lymphoid-DC
c_1_15_1153,Lymphoid-DC
c_1_15_1154,Lymphoid-DC
c_1_15_1155,Lymphoid-Other
c_1_15_1156,Myeloid
c_1_15_1157,Lymphoid-DC
c_1_15_1158,Myeloid
c_1_15_1159,Lymphoid-DC
c_1_15_1160,Lymphoid-DC
c_1_15_1161,Lymphoid-DC
c_1_15_1162,Lymphoid-DC
c_1_15_1163,Lymphoid-DC
c_1_15_1164,Lymphoid-DC
c_1_15_1165,None
c_1_15_1166,Lymphoid-DC
c_1_15_1167,Epithelial
c_1_15_1168,Epithelial
c_1_15_1169,Lymphoid-DC
c_1_15_1170,Lymphoid-DC
c_1_15_1171,Lymphoid-DC
c_1_15_1172,Epithelial
c_1_15_1173,Lymphoid-DC
c_1_15_1174,Lymphoid-DC
c_1_15_1175,Lymphoid-T
c_1_15_1176,Myeloid
c_1_15_1177,Myeloid
c_1_15_1178,Lymphoid-T
c_1_15_1179,Lymphoid-DC
c_1_15_1180,Endothelial
c_1_15_1181,Lymphoid-T
c_1_15_1182,Myeloid
c_1_15_1183,Lymphoid-DC
c_1_15_1184,Lymphoid-DC
c_1_15_1185,Epithelial
c_1_15_1186,Lymphoid-DC
c_1_15_1187,Lymphoid-DC
c_1_15_1188,Epithelial
c_1_15_1189,Lymphoid-DC
c_1_15_1190,Lymphoid-DC
c_1_15_1191,Epithelial
c_1_15_1192,Epithelial
c_1_15_1193,Stem
c_1_15_1194,Lymphoid-T
c_1_15_1195,Lymphoid-DC
c_1_15_1196,Epithelial
c_1_15_1197,Myeloid
c_1_15_1198,Myeloid
c_1_15_1199,Epithelial
c_1_15_1200,Myeloid
c_1_15_1201,Lymphoid-DC
c_1_15_1202,Lymphoid-DC
c_1_15_1203,Lymphoid-DC
c_1_15_1204,Lymphoid-T
c_1_15_1205,Lymphoid-T
c_1_15_1206,Lymphoid-DC
c_1_15_1207,Epithelial
c_1_15_1208,Lymphoid-DC
c_1_15_1209,Lymphoid-DC
c_1_15_1210,Lymphoid-DC
c_1_15_1211,Lymphoid-DC
c_1_15_1212,Epithelial
c_1_15_1213,Epithelial
c_1_15_1214,Endothelial
c_1_15_1215,Lymphoid-DC
c_1_15_1216,Lymphoid-DC
c_1_15_1217,Lymphoid-DC
c_1_15_1218,Lymphoid-T
c_1_15_1219,Lymphoid-DC
c_1_15_1220,Myeloid
c_1_15_1221,Lymphoid-DC
c_1_15_1222,Myeloid
c_1_15_1223,Lymphoid-DC
c_1_15_1224,Lymphoid-DC
c_1_15_1225,Myeloid
c_1_15_1226,Lymphoid-DC
c_1_15_1227,Lymphoid-DC
c_1_15_1228,Lymphoid-DC
c_1_15_1229,Lymphoid-DC
c_1_15_1230,Myeloid
c_1_15_1231,Lymphoid-DC
c_1_15_1232,Lymphoid-DC
c_1_15_1233,Epithelial
c_1_15_1234,Lymphoid-T
c_1_15_1235,Lymphoid-DC
c_1_15_1236,Lymphoid-DC
c_1_15_1237,Epithelial
c_1_15_1238,Lymphoid-T
c_1_15_1239,Lymphoid-DC
c_1_15_1240,Epithelial
c_1_15_1241,Lymphoid-DC
c_1_15_1242,Epithelial
c_1_15_1243,Myeloid
c_1_15_1244,Myeloid
c_1_15_1245,Lymphoid-T
c_1_15_1246,Lymphoid-DC
c_1_15_1247,Stem
c_1_15_1248,Myeloid
c_1_15_1249,Lymphoid-DC
c_1_15_1250,Lymphoid-DC
c_1_15_1251,Lymphoid-T
c_1_15_1252,Epithelial
c_1_15_1253,Lymphoid-DC
c_1_15_1254,Lymphoid-DC
c_1_15_1255,Lymphoid-DC
c_1_15_1256,Epithelial
c_1_15_1257,Lymphoid-DC
c_1_15_1258,Lymphoid-DC
c_1_15_1259,Epithelial
c_1_15_1260,Epithelial
c_1_15_1261,Epithelial
c_1_15_1262,Lymphoid-DC
c_1_15_1263,Lymphoid-Other
c_1_15_1264,Lymphoid-DC
c_1_15_1265,Lymphoid-DC
c_1_15_1266,Epithelial
c_1_15_1267,Lymphoid-DC
c_1_15_1268,Lymphoid-DC
c_1_15_1269,Myeloid
c_1_15_1270,Lymphoid-DC
c_1_15_1271,Epithelial
c_1_15_1272,Lymphoid-DC
c_1_15_1273,Lymphoid-DC
c_1_15_1274,Lymphoid-DC
c_1_15_1275,Epithelial
c_1_15_1276,Lymphoid-T
c_1_15_1277,Lymphoid-T
c_1_15_1278,Epithelial
c_1_15_1279,Lymphoid-DC
c_1_15_1280,Epithelial
c_1_15_1281,Lymphoid-T
c_1_15_1282,Lymphoid-T
c_1_15_1283,Stem
c_1_15_1284,Lymphoid-T
c_1_15_1285,Epithelial
c_1_15_1286,Lymphoid-DC
c_1_15_1287,Lymphoid-DC
c_1_15_1288,Lymphoid-DC
c_1_15_1289,Epithelial
c_1_15_1290,Lymphoid-T
c_1_15_1291,Lymphoid-DC
c_1_15_1292,Epithelial
c_1_15_1293,Epithelial
c_1_15_1294,Epithelial
c_1_15_1295,Lymphoid-T
c_1_15_1296,Endothelial
c_1_15_1297,Lymphoid-DC
c_1_15_1298,Lymphoid-DC
c_1_15_1299,Lymphoid-DC
c_1_15_1300,Lymphoid-DC
c_1_15_1301,Lymphoid-DC
c_1_15_1302,Lymphoid-T
c_1_15_1303,Epithelial
c_1_15_1304,Endothelial
c_1_15_1305,Epithelial
c_1_15_1306,Epithelial
c_1_15_1307,Lymphoid-DC
c_1_15_1308,Epithelial
c_1_15_1309,Epithelial
c_1_15_1310,Lymphoid-DC
c_1_15_1311,Lymphoid-DC
c_1_15_1312,Lymphoid-T
c_1_15_1313,Epithelial
c_1_15_1314,Lymphoid-T
c_1_15_1315,Lymphoid-T
c_1_15_1316,Lymphoid-T
c_1_15_1317,Lymphoid-DC
c_1_15_1318,Lymphoid-DC
c_1_15_1319,Epithelial
c_1_15_1320,Lymphoid-DC
c_1_15_1321,Epithelial
c_1_15_1322,Lymphoid-DC
c_1_15_1323,Epithelial
c_1_15_1324,Lymphoid-DC
c_1_15_1325,Epithelial
c_1_15_1326,Epithelial
c_1_15_1327,Lymphoid-DC
c_1_15_1328,Lymphoid-DC
c_1_15_1329,Lymphoid-DC
c_1_15_1330,Endothelial
c_1_15_1331,Lymphoid-DC
c_1_15_1332,Lymphoid-DC
c_1_15_1333,Lymphoid-DC
c_1_15_1334,Lymphoid-DC
c_1_15_1335,Lymphoid-DC
c_1_15_1336,Lymphoid-T
c_1_15_1337,Lymphoid-DC
c_1_15_1338,Lymphoid-DC
c_1_15_1339,Epithelial
c_1_15_1340,Lymphoid-T
c_1_15_1341,Lymphoid-Other
c_1_15_1342,Lymphoid-DC
c_1_15_1343,Lymphoid-Other
c_1_15_1344,Epithelial
c_1_15_1345,Lymphoid-T
c_1_15_1346,Epithelial
c_1_15_1347,Lymphoid-Other
c_1_15_1348,Lymphoid-DC
c_1_15_1349,Lymphoid-T
c_1_15_1350,Lymphoid-DC
c_1_15_1351,Lymphoid-DC
c_1_15_1352,Epithelial
c_1_15_1353,Lymphoid-DC
c_1_15_1354,Endothelial
c_1_15_1355,Myeloid
c_1_15_1356,Endothelial
c_1_15_1357,Lymphoid-DC
c_1_15_1358,Lymphoid-Other
c_1_15_1359,Lymphoid-T
c_1_15_1360,Lymphoid-DC
c_1_15_1361,Epithelial
c_1_15_1362,Epithelial
c_1_15_1363,Lymphoid-Other
c_1_15_1364,Endothelial
c_1_15_1365,Lymphoid-T
c_1_15_1366,Lymphoid-DC
c_1_15_1367,Lymphoid-DC
c_1_15_1368,Lymphoid-Other
c_1_15_1369,Lymphoid-Other
c_1_15_1370,Lymphoid-DC
c_1_15_1371,Epithelial
c_1_15_1372,Myeloid
c_1_15_1373,Epithelial
c_1_15_1374,Lymphoid-DC
c_1_15_1375,Lymphoid-T
c_1_15_1376,Epithelial
c_1_15_1377,Epithelial
c_1_15_1378,Lymphoid-DC
c_1_15_1379,Myeloid
c_1_15_1380,Epithelial
c_1_15_1381,Endothelial
c_1_15_1382,Epithelial
c_1_15_1383,Lymphoid-DC
c_1_15_1384,Epithelial
c_1_15_1385,Lymphoid-DC
c_1_15_1386,Lymphoid-DC
c_1_15_1387,Lymphoid-DC
c_1_15_1388,Mesenchymal-Stromal
c_1_15_1389,None
c_1_15_1390,Lymphoid-DC
c_1_15_1391,Myeloid
c_1_15_1392,Epithelial
c_1_15_1393,Lymphoid-DC
c_1_15_1394,Lymphoid-DC
c_1_15_1395,Epithelial
c_1_15_1396,Epithelial
c_1_15_1397,Lymphoid-Other
c_1_15_1398,Epithelial
c_1_15_1399,Lymphoid-DC
c_1_15_1400,Lymphoid-DC
c_1_15_1401,Neuronal-Glial
c_1_15_1402,Epithelial
c_1_15_1403,Endothelial
c_1_15_1404,Lymphoid-T
c_1_15_1405,Epithelial
c_1_15_1406,Epithelial
c_1_15_1407,Lymphoid-DC
c_1_15_1408,Lymphoid-DC
c_1_15_1409,Epithelial
c_1_15_1410,Epithelial
c_1_15_1411,Lymphoid-DC
c_1_15_1412,Lymphoid-DC
c_1_15_1413,Epithelial
c_1_15_1414,Lymphoid-DC
c_1_15_1415,Lymphoid-T
c_1_15_1416,Lymphoid-DC
c_1_15_1417,Lymphoid-DC
c_1_15_1418,Lymphoid-DC
c_1_15_1419,Lymphoid-DC
c_1_15_1420,Lymphoid-T
c_1_15_1421,Lymphoid-DC
c_1_15_1422,Lymphoid-DC
c_1_15_1423,Epithelial
c_1_15_1424,Lymphoid-DC
c_1_15_1425,Lymphoid-DC
c_1_15_1426,Epithelial
c_1_15_1427,Lymphoid-T
c_1_15_1428,Epithelial
c_1_15_1429,Myeloid
c_1_15_1430,Lymphoid-Other
c_1_15_1431,Lymphoid-DC
c_1_15_1432,Myeloid
c_1_15_1433,Lymphoid-DC
c_1_15_1434,Lymphoid-DC
c_1_15_1435,Lymphoid-DC
c_1_15_1436,Epithelial
c_1_15_1437,Lymphoid-DC
c_1_15_1438,Lymphoid-T
c_1_15_1439,Myeloid
c_1_15_1440,Myeloid
c_1_15_1441,Endothelial
c_1_15_1442,Lymphoid-DC
c_1_15_1443,Lymphoid-DC
c_1_15_1444,Myeloid
c_1_15_1445,Lymphoid-DC
c_1_15_1446,Lymphoid-T
c_1_15_1447,Lymphoid-DC
c_1_15_1448,Lymphoid-DC
c_1_15_1449,Lymphoid-DC
c_1_15_1450,Lymphoid-T
c_1_15_1451,Myeloid
c_1_15_1452,Lymphoid-DC
c_1_15_1453,Lymphoid-DC
c_1_15_1454,Lymphoid-DC
c_1_15_1455,Epithelial
c_1_15_1456,Epithelial
c_1_15_1457,Epithelial
c_1_15_1458,Epithelial
c_1_15_1459,Lymphoid-DC
c_1_15_1460,Lymphoid-DC
c_1_15_1461,Lymphoid-DC
c_1_15_1462,Lymphoid-Other
c_1_15_1463,Myeloid
c_1_15_1464,Lymphoid-DC
c_1_15_1465,Lymphoid-DC
c_1_15_1466,Lymphoid-DC
c_1_15_1467,Lymphoid-DC
c_1_15_1468,Lymphoid-DC
c_1_15_1469,Epithelial
c_1_15_1470,Epithelial
c_1_15_1471,Lymphoid-T
c_1_15_1472,Myeloid
c_1_15_1473,Lymphoid-DC
c_1_15_1474,Myeloid
c_1_15_1475,Lymphoid-DC
c_1_15_1476,Lymphoid-DC
c_1_15_1477,Lymphoid-DC
c_1_15_1478,Lymphoid-Other
c_1_15_1479,None
c_1_15_1480,Endothelial
c_1_15_1481,Lymphoid-DC
c_1_15_1482,Epithelial
c_1_15_1483,Lymphoid-T
c_1_15_1484,Epithelial
c_1_15_1485,Lymphoid-T
c_1_15_1486,Lymphoid-DC
c_1_15_1487,Lymphoid-DC
c_1_15_1488,None
c_1_15_1489,Lymphoid-DC
c_1_15_1490,Epithelial
c_1_15_1491,Lymphoid-DC
c_1_15_1492,Lymphoid-DC
c_1_15_1493,Lymphoid-DC
c_1_15_1494,Endothelial
c_1_15_1495,Myeloid
c_1_15_1496,Lymphoid-DC
c_1_15_1497,Lymphoid-DC
c_1_15_1498,Lymphoid-DC
c_1_15_1499,Myeloid
c_1_15_1500,Lymphoid-T
c_1_15_1501,Lymphoid-Other
c_1_15_1502,Lymphoid-Other
c_1_15_1503,Stem
c_1_15_1504,Lymphoid-DC
c_1_15_1505,Lymphoid-DC
c_1_15_1506,Lymphoid-T
c_1_15_1507,Myeloid
c_1_15_1508,None
c_1_15_1509,Lymphoid-DC
c_1_15_1510,Lymphoid-DC
c_1_15_1511,Lymphoid-Other
c_1_15_1512,Lymphoid-DC
c_1_15_1513,Lymphoid-DC
c_1_15_1514,Lymphoid-T
c_1_15_1515,Lymphoid-DC
c_1_15_1516,Stem
c_1_15_1517,Myeloid
c_1_15_1518,Endothelial
c_1_15_1519,Myeloid
c_1_15_1520,Myeloid
c_1_15_1521,Myeloid
c_1_15_1522,Myeloid
c_1_15_1523,Lymphoid-Plasma
c_1_15_1524,Lymphoid-Other
c_1_15_1525,Lymphoid-DC
c_1_15_1526,Lymphoid-DC
c_1_15_1527,Lymphoid-DC
c_1_15_1528,Lymphoid-DC
c_1_15_1529,Lymphoid-T
c_1_15_1530,None
c_1_15_1531,Myeloid
c_1_15_1532,Lymphoid-DC
c_1_15_1533,Lymphoid-DC
c_1_15_1534,Lymphoid-DC
c_1_15_1535,Epithelial
c_1_15_1536,Epithelial
c_1_15_1537,Lymphoid-DC
c_1_15_1538,Lymphoid-T
c_1_15_1539,Endothelial
c_1_15_1540,Epithelial
c_1_15_1541,Lymphoid-DC
c_1_15_1542,Myeloid
c_1_15_1543,Lymphoid-DC
c_1_15_1544,Lymphoid-DC
c_1_15_1545,Lymphoid-Other
c_1_15_1546,Lymphoid-Other
c_1_15_1547,Endothelial
c_1_15_1548,Lymphoid-Plasma
c_1_15_1549,Lymphoid-DC
c_1_15_1550,Lymphoid-T
c_1_15_1551,Lymphoid-DC
c_1_15_1552,Myeloid
c_1_15_1553,Myeloid
c_1_15_1554,None
c_1_15_1555,Lymphoid-DC
c_1_15_1556,Lymphoid-T
c_1_15_1557,Myeloid
c_1_15_1558,Lymphoid-T
c_1_15_1559,Lymphoid-DC
c_1_15_1560,None
c_1_15_1561,Lymphoid-DC
c_1_15_1562,Lymphoid-DC
c_1_15_1563,Epithelial
c_1_15_1564,Myeloid
c_1_15_1565,Lymphoid-Plasma
c_1_15_1566,Endothelial
c_1_15_1567,Lymphoid-DC
c_1_15_1568,Lymphoid-DC
c_1_15_1569,Myeloid
c_1_15_1570,Lymphoid-Plasma
c_1_15_1571,Lymphoid-DC
c_1_15_1572,Lymphoid-DC
c_1_15_1573,Lymphoid-Plasma
c_1_15_1574,Lymphoid-DC
c_1_15_1575,Myeloid
c_1_15_1576,Lymphoid-DC
c_1_15_1577,Myeloid
c_1_15_1578,Epithelial
c_1_15_1579,Lymphoid-DC
c_1_15_1580,Lymphoid-T
c_1_15_1581,Myeloid
c_1_15_1582,Lymphoid-DC
c_1_15_1583,Lymphoid-T
c_1_15_1584,Lymphoid-DC
c_1_15_1585,Lymphoid-Plasma
c_1_15_1586,Lymphoid-DC
c_1_15_1587,Epithelial
c_1_15_1588,Lymphoid-Plasma
c_1_15_1589,Epithelial
c_1_15_1590,Lymphoid-T
c_1_15_1591,Lymphoid-DC
c_1_15_1592,Lymphoid-DC
c_1_15_1593,Myeloid
c_1_15_1594,Lymphoid-T
c_1_15_1595,Lymphoid-T
c_1_15_1596,Myeloid
c_1_15_1597,None
c_1_15_1598,Lymphoid-DC
c_1_15_1599,Myeloid
c_1_15_1600,Lymphoid-Plasma
c_1_15_1601,Mesenchymal-Stromal
c_1_15_1602,Lymphoid-DC
c_1_15_1603,Lymphoid-Other
c_1_15_1604,Endothelial
c_1_15_1605,Lymphoid-T
c_1_15_1606,Lymphoid-DC
c_1_15_1607,Lymphoid-Plasma
c_1_15_1608,Lymphoid-DC
c_1_15_1609,Lymphoid-DC
c_1_15_1610,Epithelial
c_1_15_1611,Lymphoid-DC
c_1_15_1612,Lymphoid-DC
c_1_15_1613,Epithelial
c_1_15_1614,Myeloid
c_1_15_1615,Lymphoid-DC
c_1_15_1616,Lymphoid-T
c_1_15_1617,Myeloid
c_1_15_1618,Lymphoid-T
c_1_15_1619,Lymphoid-Plasma
c_1_15_1620,Lymphoid-T
c_1_15_1621,Myeloid
c_1_15_1622,Lymphoid-Other
c_1_15_1623,Lymphoid-DC
c_1_15_1624,Lymphoid-Other
c_1_15_1625,Endothelial
c_1_15_1626,Lymphoid-Plasma
c_1_15_1627,Myeloid
c_1_15_1628,Epithelial
c_1_15_1629,Lymphoid-DC
c_1_15_1630,Endothelial
c_1_15_1631,Lymphoid-T
c_1_15_1632,Lymphoid-Plasma
c_1_15_1633,Lymphoid-T
c_1_15_1634,Lymphoid-DC
c_1_15_1635,Lymphoid-DC
c_1_15_1636,Lymphoid-Other
c_1_15_1637,Lymphoid-DC
c_1_15_1638,Epithelial
c_1_15_1639,Epithelial
c_1_15_1640,None
c_1_15_1641,Epithelial
c_1_15_1642,Epithelial
c_1_15_1643,Epithelial
c_1_15_1644,Endothelial
c_1_15_1645,Lymphoid-Other
c_1_15_1646,Stem
c_1_15_1647,Lymphoid-DC
c_1_15_1648,Endothelial
c_1_15_1649,Epithelial
c_1_15_1650,Endothelial
c_1_15_1651,Lymphoid-T
c_1_15_1652,Neuronal-Glial
c_1_15_1653,Epithelial
c_1_15_1654,Epithelial
c_1_15_1655,None
c_1_15_1656,Epithelial
c_1_15_1657,Lymphoid-T
c_1_15_1658,Epithelial
c_1_15_1659,Lymphoid-Other
c_1_15_1660,Lymphoid-DC
c_1_15_1661,Lymphoid-DC
c_1_15_1662,None
c_1_15_1663,Lymphoid-DC
c_1_15_1664,Lymphoid-T
c_1_15_1665,Epithelial
c_1_15_1666,Epithelial
c_1_15_1667,Lymphoid-DC
c_1_15_1668,Lymphoid-DC
c_1_15_1669,Lymphoid-DC
c_1_15_1670,Lymphoid-DC
c_1_15_1671,Epithelial
c_1_15_1672,Epithelial
c_1_15_1673,Lymphoid-DC
c_1_15_1674,Endothelial
c_1_15_1675,Lymphoid-T
c_1_15_1676,Lymphoid-DC
c_1_15_1677,Epithelial
c_1_15_1678,Lymphoid-DC
c_1_15_1679,Lymphoid-DC
c_1_15_1680,Lymphoid-T
c_1_15_1681,Lymphoid-Other
c_1_15_1682,Myeloid
c_1_15_1683,Lymphoid-DC
c_1_15_1684,Lymphoid-DC
c_1_15_1685,Lymphoid-Plasma
c_1_15_1686,Lymphoid-DC
c_1_15_1687,Endothelial
c_1_15_1688,Epithelial
c_1_15_1689,Neuronal-Glial
c_1_15_1690,Lymphoid-T
c_1_15_1691,Lymphoid-Plasma
c_1_15_1692,Lymphoid-DC
c_1_15_1693,Lymphoid-DC
c_1_15_1694,Lymphoid-DC
c_1_15_1695,Myeloid
c_1_15_1696,Lymphoid-DC
c_1_15_1697,Myeloid
c_1_15_1698,Lymphoid-DC
c_1_15_1699,Epithelial
c_1_15_1700,Lymphoid-T
c_1_15_1701,Epithelial
c_1_15_1702,Lymphoid-DC
c_1_15_1703,Endothelial
c_1_15_1704,Lymphoid-Plasma
c_1_15_1705,Lymphoid-DC
c_1_15_1706,Lymphoid-DC
c_1_15_1707,Endothelial
c_1_15_1708,Epithelial
c_1_15_1709,Lymphoid-T
c_1_15_1710,Lymphoid-DC
c_1_15_1711,Lymphoid-T
c_1_15_1712,Lymphoid-DC
c_1_15_1713,Endothelial
c_1_15_1714,Lymphoid-DC
c_1_15_1715,Lymphoid-DC
c_1_15_1716,Lymphoid-DC
c_1_15_1717,Lymphoid-DC
c_1_15_1718,Lymphoid-DC
c_1_15_1719,Lymphoid-DC
c_1_15_1720,Epithelial
c_1_15_1721,Lymphoid-T
c_1_15_1722,Lymphoid-DC
c_1_15_1723,Lymphoid-DC
c_1_15_1724,Epithelial
c_1_15_1725,Lymphoid-DC
c_1_15_1726,Myeloid
c_1_15_1727,Lymphoid-T
c_1_15_1728,Lymphoid-DC
c_1_15_1729,Lymphoid-T
c_1_15_1730,Lymphoid-T
c_1_15_1731,Lymphoid-T
c_1_15_1732,Lymphoid-DC
c_1_15_1733,Lymphoid-DC
c_1_15_1734,Myeloid
c_1_15_1735,Lymphoid-DC
c_1_15_1736,None
c_1_15_1737,Endothelial
c_1_15_1738,Endothelial
c_1_15_1739,Lymphoid-DC
c_1_15_1740,Lymphoid-Plasma
c_1_15_1741,Epithelial
c_1_15_1742,Lymphoid-Other
c_1_15_1743,Lymphoid-Other
c_1_15_1744,Lymphoid-DC
c_1_15_1745,Lymphoid-Other
c_1_15_1746,Lymphoid-DC
c_1_15_1747,Lymphoid-T
c_1_15_1748,Endothelial
c_1_15_1749,Epithelial
c_1_15_1750,Myeloid
c_1_15_1751,Lymphoid-DC
c_1_15_1752,Lymphoid-DC
c_1_15_1753,Lymphoid-DC
c_1_15_1754,Lymphoid-Other
c_1_15_1755,Lymphoid-DC
c_1_15_1756,Lymphoid-DC
c_1_15_1757,Stem
c_1_15_1758,Epithelial
c_1_15_1759,Lymphoid-DC
c_1_15_1760,Lymphoid-DC
c_1_15_1761,Lymphoid-DC
c_1_15_1762,Lymphoid-DC
c_1_15_1763,Lymphoid-T
c_1_15_1764,Lymphoid-Plasma
c_1_15_1765,Lymphoid-T
c_1_15_1766,Lymphoid-DC
c_1_15_1767,Endothelial
c_1_15_1768,Lymphoid-Other
c_1_15_1769,None
c_1_15_1770,Lymphoid-T
c_1_15_1771,Epithelial
c_1_15_1772,Myeloid
c_1_15_1773,Endothelial
c_1_15_1774,Epithelial
c_1_15_1775,Epithelial
c_1_15_1776,Epithelial
c_1_15_1777,Lymphoid-DC
c_1_15_1778,Lymphoid-DC
c_1_15_1779,Lymphoid-DC
c_1_15_1780,Lymphoid-DC
c_1_15_1781,Mesenchymal-Stromal
c_1_15_1782,Endothelial
c_1_15_1783,Epithelial
c_1_15_1784,Lymphoid-DC
c_1_15_1785,Epithelial
c_1_15_1786,Lymphoid-Other
c_1_15_1787,Lymphoid-DC
c_1_15_1788,Lymphoid-DC
c_1_15_1789,Lymphoid-Plasma
c_1_15_1790,Lymphoid-DC
c_1_15_1791,Lymphoid-DC
c_1_15_1792,Endothelial
c_1_15_1793,Lymphoid-DC
c_1_15_1794,Lymphoid-DC
c_1_15_1795,Lymphoid-Plasma
c_1_15_1796,Lymphoid-DC
c_1_15_1797,Lymphoid-Other
c_1_15_1798,Lymphoid-DC
c_1_15_1799,None
c_1_15_1800,Lymphoid-DC
c_1_15_1801,Lymphoid-Plasma
c_1_15_1802,Lymphoid-T
c_1_15_1803,Epithelial
c_1_15_1804,Myeloid
c_1_15_1805,Myeloid
c_1_15_1806,Lymphoid-DC
c_1_15_1807,Lymphoid-Other
c_1_15_1808,Lymphoid-Other
c_1_15_1809,None
c_1_15_1810,Lymphoid-DC
c_1_15_1811,Lymphoid-Plasma
c_1_15_1812,Lymphoid-Plasma
c_1_15_1813,Lymphoid-T
c_1_15_1814,Lymphoid-Other
c_1_15_1815,Lymphoid-DC
c_1_15_1816,Lymphoid-DC
c_1_15_1817,Epithelial
c_1_15_1818,Endothelial
c_1_15_1819,Stem
c_1_15_1820,Lymphoid-Plasma
c_1_15_1821,Endothelial
c_1_15_1822,Lymphoid-T
c_1_15_1823,Lymphoid-Other
c_1_15_1824,Lymphoid-DC
c_1_15_1825,None
c_1_15_1826,Lymphoid-T
c_1_15_1827,Epithelial
c_1_15_1828,Endothelial
c_1_15_1829,Lymphoid-Other
c_1_15_1830,Myeloid
c_1_15_1831,Endothelial
c_1_15_1832,Lymphoid-DC
c_1_15_1833,Lymphoid-T
c_1_15_1834,Endothelial
c_1_15_1835,Neuronal-Glial
c_1_15_1836,Epithelial
c_1_15_1837,Lymphoid-Other
c_1_15_1838,Endothelial
c_1_15_1839,Lymphoid-DC
c_1_15_1840,Lymphoid-DC
c_1_15_1841,Lymphoid-Plasma
c_1_15_1842,Epithelial
c_1_15_1843,Lymphoid-DC
c_1_15_1844,Epithelial
c_1_15_1845,Lymphoid-DC
c_1_15_1846,Lymphoid-T
c_1_15_1847,None
c_1_15_1848,Epithelial
c_1_15_1849,Epithelial
c_1_15_1850,Lymphoid-T
c_1_15_1851,Epithelial
c_1_15_1852,Epithelial
c_1_15_1853,Epithelial
c_1_15_1854,Myeloid
c_1_15_1855,Lymphoid-Plasma
c_1_15_1856,None
c_1_15_1857,Lymphoid-Other
c_1_15_1858,Lymphoid-T
c_1_15_1859,Lymphoid-DC
c_1_15_1860,Endothelial
c_1_15_1861,None
c_1_15_1862,Lymphoid-T
c_1_15_1863,Myeloid
c_1_15_1864,Lymphoid-T
c_1_15_1865,Lymphoid-DC
c_1_15_1866,Lymphoid-T
c_1_15_1867,Epithelial
c_1_15_1868,Lymphoid-T
c_1_15_1869,Lymphoid-Plasma
c_1_15_1870,Neuronal-Glial
c_1_15_1871,Endothelial
c_1_15_1872,Lymphoid-Plasma
c_1_15_1873,Lymphoid-DC
c_1_15_1874,Lymphoid-DC
c_1_15_1875,Lymphoid-T
c_1_15_1876,Lymphoid-DC
c_1_15_1877,Lymphoid-DC
c_1_15_1878,Lymphoid-DC
c_1_15_1879,Myeloid
c_1_15_1880,Myeloid
c_1_15_1881,Lymphoid-T
c_1_15_1882,Epithelial
c_1_15_1883,Lymphoid-DC
c_1_15_1884,Lymphoid-DC
c_1_15_1885,Lymphoid-DC
c_1_15_1886,Lymphoid-Other
c_1_15_1887,Lymphoid-DC
c_1_15_1888,Lymphoid-Other
c_1_15_1889,Lymphoid-T
c_1_15_1890,Epithelial
c_1_15_1891,Endothelial
c_1_15_1892,Epithelial
c_1_15_1893,Stem
c_1_15_1894,Lymphoid-DC
c_1_15_1895,Endothelial
c_1_15_1896,Epithelial
c_1_15_1897,Lymphoid-Plasma
c_1_15_1898,Lymphoid-Other
c_1_15_1899,Lymphoid-Other
c_1_15_1900,Lymphoid-Other
c_1_15_1901,Epithelial
c_1_15_1902,Epithelial
c_1_15_1903,Lymphoid-DC
c_1_15_1904,Lymphoid-Other
c_1_15_1905,Lymphoid-T
c_1_15_1906,Endothelial
c_1_15_1907,Lymphoid-Plasma
c_1_15_1908,Epithelial
c_1_15_1909,Lymphoid-DC
c_1_15_1910,Myeloid
c_1_15_1911,Epithelial
c_1_15_1912,Lymphoid-DC
c_1_15_1913,Epithelial
c_1_15_1914,Lymphoid-DC
c_1_15_1915,Lymphoid-DC
c_1_15_1916,Lymphoid-T
c_1_15_1917,Stem
c_1_15_1918,Neuronal-Glial
c_1_15_1919,Lymphoid-DC
c_1_15_1920,Endothelial
c_1_15_1921,Endothelial
c_1_15_1922,None
c_1_15_1923,Endothelial
c_1_15_1924,Epithelial
c_1_15_1925,Lymphoid-DC
c_1_15_1926,Endothelial
c_1_15_1927,Epithelial
c_1_15_1928,Lymphoid-DC
c_1_15_1929,Endothelial
c_1_15_1930,Epithelial
c_1_15_1931,Epithelial
c_1_15_1932,Lymphoid-Other
c_1_15_1933,Lymphoid-DC
c_1_15_1934,Lymphoid-DC
c_1_15_1935,Lymphoid-Other
c_1_15_1936,Lymphoid-Other
c_1_15_1937,Epithelial
c_1_15_1938,Myeloid
c_1_15_1939,Myeloid
c_1_15_1940,Lymphoid-DC
c_1_15_1941,Lymphoid-DC
c_1_15_1942,Lymphoid-T
c_1_15_1943,Stem
c_1_15_1944,Myeloid
c_1_15_1945,Lymphoid-DC
c_1_15_1946,Lymphoid-T
c_1_15_1947,Lymphoid-T
c_1_15_1948,Lymphoid-T
c_1_15_1949,Epithelial
c_1_15_1950,Mesenchymal-Stromal
c_1_15_1951,None
c_1_15_1952,Epithelial
c_1_15_1953,Lymphoid-DC
c_1_15_1954,Endothelial
c_1_15_1955,Lymphoid-T
c_1_15_1956,Stem
c_1_15_1957,Lymphoid-T
c_1_15_1958,Lymphoid-T
c_1_15_1959,Lymphoid-DC
c_1_15_1960,Stem
c_1_15_1961,Endothelial
c_1_15_1962,None
c_1_15_1963,Lymphoid-Plasma
c_1_15_1964,Lymphoid-DC
c_1_15_1965,Endothelial
c_1_15_1966,Stem
c_1_15_1967,Lymphoid-T
c_1_15_1968,Stem
c_1_15_1969,Lymphoid-Plasma
c_1_15_1970,Endothelial
c_1_15_1971,Lymphoid-Other
c_1_15_1972,Endothelial
c_1_15_1973,Lymphoid-T
c_1_15_1974,Lymphoid-Plasma
c_1_15_1975,Lymphoid-DC
c_1_15_1976,Lymphoid-Other
c_1_15_1977,Endothelial
c_1_15_1978,Lymphoid-T
c_1_15_1979,Lymphoid-Other
c_1_15_1980,Lymphoid-DC
c_1_15_1981,Lymphoid-T
c_1_15_1982,Lymphoid-Plasma
c_1_15_1983,Lymphoid-T
c_1_15_1984,Myeloid
c_1_15_1985,Lymphoid-DC
c_1_15_1986,Lymphoid-T
c_1_15_1987,Lymphoid-T
c_1_15_1988,Epithelial
c_1_15_1989,Neuronal-Glial
c_1_15_1990,Endothelial
c_1_15_1991,Lymphoid-DC
c_1_15_1992,Epithelial
c_1_15_1993,Lymphoid-T
c_1_15_1994,Endothelial
c_1_15_1995,Endothelial
c_1_15_1996,Lymphoid-Plasma
c_1_15_1997,Endothelial
c_1_15_1998,Stem
c_1_15_1999,Neuronal-Glial
c_1_15_2000,Lymphoid-T
c_1_15_2001,Endothelial
c_1_15_2002,Lymphoid-Other
c_1_15_2003,Lymphoid-DC
c_1_15_2004,Epithelial
c_1_15_2005,Endothelial
c_1_15_2006,Endothelial
c_1_15_2007,Epithelial
c_1_15_2008,Lymphoid-DC
c_1_15_2009,Endothelial
c_1_15_2010,Lymphoid-T
c_1_15_2011,Endothelial
c_1_15_2012,Lymphoid-T
c_1_15_2013,Myeloid
c_1_15_2014,Endothelial
c_1_15_2015,Epithelial
c_1_15_2016,Epithelial
c_1_15_2017,Epithelial
c_1_15_2018,Stem
c_1_15_2019,Stem
c_1_15_2020,Myeloid
c_1_15_2021,Myeloid
c_1_15_2022,Lymphoid-DC
c_1_15_2023,None
c_1_15_2024,Lymphoid-T
c_1_15_2025,Endothelial
c_1_15_2026,Lymphoid-Plasma
c_1_15_2027,Lymphoid-T
c_1_15_2028,Lymphoid-DC
c_1_15_2029,None
c_1_15_2030,Lymphoid-DC
c_1_15_2031,Endothelial
c_1_15_2032,Lymphoid-DC
c_1_15_2033,Epithelial
c_1_15_2034,Lymphoid-DC
c_1_15_2035,Stem
c_1_15_2036,Lymphoid-DC
c_1_15_2037,Lymphoid-T
c_1_15_2038,Epithelial
c_1_15_2039,Lymphoid-DC
c_1_15_2040,Lymphoid-Plasma
c_1_15_2041,Lymphoid-T
c_1_15_2042,Endothelial
c_1_15_2043,Neuronal-Glial
c_1_15_2044,Endothelial
c_1_15_2045,Endothelial
c_1_15_2046,Lymphoid-T
c_1_15_2047,Lymphoid-DC
c_1_15_2048,Endothelial
c_1_15_2049,Lymphoid-DC
c_1_15_2050,Lymphoid-Other
c_1_15_2051,Lymphoid-DC
c_1_15_2052,Endothelial
c_1_15_2053,Lymphoid-DC
c_1_15_2054,Lymphoid-DC
c_1_15_2055,Lymphoid-DC
c_1_15_2056,None
c_1_15_2057,Lymphoid-DC
c_1_15_2058,Lymphoid-DC
c_1_15_2059,Endothelial
c_1_15_2060,Lymphoid-T
c_1_15_2061,Epithelial
c_1_15_2062,Lymphoid-DC
c_1_15_2063,Lymphoid-T
c_1_15_2064,Myeloid
c_1_15_2065,Epithelial
c_1_15_2066,Lymphoid-T
c_1_15_2067,Lymphoid-Plasma
c_1_15_2068,Stem
c_1_15_2069,Lymphoid-Plasma
c_1_15_2070,Lymphoid-T
c_1_15_2071,None
c_1_15_2072,Lymphoid-Plasma
c_1_15_2073,Lymphoid-T
c_1_15_2074,None
c_1_15_2075,None
c_1_15_2076,Lymphoid-Other
c_1_15_2077,None
c_1_15_2078,Lymphoid-DC
c_1_15_2079,Lymphoid-DC
c_1_15_2080,Lymphoid-T
c_1_15_2081,Lymphoid-T
c_1_15_2082,Epithelial
c_1_15_2083,Epithelial
c_1_15_2084,Endothelial
c_1_15_2085,Lymphoid-DC
c_1_15_2086,Lymphoid-Plasma
c_1_15_2087,Lymphoid-T
c_1_15_2088,Lymphoid-DC
c_1_15_2089,Epithelial
c_1_15_2090,Lymphoid-Other
c_1_15_2091,Lymphoid-DC
c_1_15_2092,Endothelial
c_1_15_2093,Lymphoid-Plasma
c_1_15_2094,Lymphoid-Plasma
c_1_15_2095,Lymphoid-T
c_1_15_2096,None
c_1_15_2097,Endothelial
c_1_15_2098,Lymphoid-DC
c_1_15_2099,Lymphoid-DC
c_1_15_2100,Lymphoid-DC
c_1_15_2101,Endothelial
c_1_15_2102,Lymphoid-DC
c_1_15_2103,Lymphoid-Plasma
c_1_15_2104,Neuronal-Glial
c_1_15_2105,None
c_1_15_2106,Myeloid
c_1_15_2107,Lymphoid-T
c_1_15_2108,Stem
c_1_15_2109,Lymphoid-DC
c_1_15_2110,Neuronal-Glial
c_1_15_2111,None
c_1_15_2112,Lymphoid-T
c_1_15_2113,Lymphoid-Plasma
c_1_15_2114,Lymphoid-Plasma
c_1_15_2115,Endothelial
c_1_15_2116,Lymphoid-Plasma
c_1_15_2117,None
c_1_15_2118,Lymphoid-DC
c_1_15_2119,Lymphoid-T
c_1_15_2120,Lymphoid-DC
c_1_15_2121,Epithelial
c_1_15_2122,Epithelial
c_1_15_2123,None
c_1_15_2124,Lymphoid-T
c_1_15_2125,Epithelial
c_1_15_2126,Neuronal-Glial
c_1_15_2127,Lymphoid-T
c_1_15_2128,Lymphoid-DC
c_1_15_2129,Lymphoid-DC
c_1_15_2130,Lymphoid-Plasma
c_1_15_2131,Lymphoid-DC
c_1_15_2132,Lymphoid-DC
c_1_15_2133,Lymphoid-DC
c_1_15_2134,Lymphoid-B
c_1_15_2135,Epithelial
c_1_15_2136,Lymphoid-Plasma
c_1_15_2137,Lymphoid-DC
c_1_15_2138,Stem
c_1_15_2139,Epithelial
c_1_15_2140,Endothelial
c_1_15_2141,Lymphoid-DC
c_1_15_2142,Lymphoid-Plasma
c_1_15_2143,Epithelial
c_1_15_2144,Epithelial
c_1_15_2145,Lymphoid-Plasma
c_1_15_2146,Epithelial
c_1_15_2147,Lymphoid-Plasma
c_1_15_2148,Neuronal-Glial
c_1_15_2149,Lymphoid-DC
c_1_15_2150,Endothelial
c_1_15_2151,Myeloid
c_1_15_2152,Endothelial
c_1_15_2153,Lymphoid-T
c_1_15_2154,Lymphoid-Other
c_1_15_2155,Lymphoid-DC
c_1_15_2156,Epithelial
c_1_15_2157,Lymphoid-DC
c_1_15_2158,Lymphoid-Plasma
c_1_15_2159,Lymphoid-T
c_1_15_2160,Lymphoid-Plasma
c_1_15_2161,Lymphoid-T
c_1_15_2162,Epithelial
c_1_15_2163,Myeloid
c_1_15_2164,Lymphoid-Plasma
c_1_15_2165,Mesenchymal-Stromal
c_1_15_2166,Epithelial
c_1_15_2167,Epithelial
c_1_15_2168,None
c_1_15_2169,Endothelial
c_1_15_2170,Lymphoid-Other
c_1_15_2171,Lymphoid-Plasma
c_1_15_2172,Lymphoid-DC
c_1_15_2173,Lymphoid-Plasma
c_1_15_2174,Endothelial
c_1_15_2175,Lymphoid-Plasma
c_1_15_2176,Myeloid
c_1_15_2177,Endothelial
c_1_15_2178,Myeloid
c_1_15_2179,Lymphoid-DC
c_1_15_2180,Myeloid
c_1_15_2181,Lymphoid-DC
c_1_15_2182,Endothelial
c_1_15_2183,Lymphoid-DC
c_1_15_2184,Myeloid
c_1_15_2185,Lymphoid-DC
c_1_15_2186,Lymphoid-DC
c_1_15_2187,Endothelial
c_1_15_2188,Lymphoid-T
c_1_15_2189,Lymphoid-DC
c_1_15_2190,Lymphoid-T
c_1_15_2191,Endothelial
c_1_15_2192,Epithelial
c_1_15_2193,Epithelial
c_1_15_2194,Myeloid
c_1_15_2195,Lymphoid-DC
c_1_15_2196,Epithelial
c_1_15_2197,Lymphoid-DC
c_1_15_2198,Neuronal-Glial
c_1_15_2199,Stem
c_1_15_2200,Lymphoid-Plasma
c_1_15_2201,Lymphoid-B
c_1_15_2202,Epithelial
c_1_15_2203,Lymphoid-B
c_1_15_2204,Lymphoid-DC
c_1_15_2205,Endothelial
c_1_15_2206,Epithelial
c_1_15_2207,Lymphoid-DC
c_1_15_2208,Lymphoid-DC
c_1_15_2209,Lymphoid-DC
c_1_15_2210,Lymphoid-Plasma
c_1_15_2211,Stem
c_1_15_2212,Lymphoid-Plasma
c_1_15_2213,Endothelial
c_1_15_2214,Neuronal-Glial
c_1_15_2215,Endothelial
c_1_15_2216,Epithelial
c_1_15_2217,Lymphoid-B
c_1_15_2218,Lymphoid-DC
c_1_15_2219,Lymphoid-DC
c_1_15_2220,Stem
c_1_15_2221,None
c_1_15_2222,Epithelial
c_1_15_2223,Lymphoid-T
c_1_15_2224,Mesenchymal-Stromal
c_1_15_2225,Myeloid
c_1_15_2226,None
c_1_15_2227,Endothelial
